# lemma(1sg.ipfv.pres)	V;1;SG;IPFV;PRS	V;2;SG;IPFV;PRS	V;3;SG;IPFV;PRS	V;1;PL;IPFV;PRS	V;2;PL;IPFV;PRS	V;3;PL;IPFV;PRS	V;1;SG;IPFV;PST	V;2;SG;IPFV;PST	V;3;SG;IPFV;PST	V;1;PL;IPFV;PST	V;2;PL;IPFV;PST	V;3;PL;IPFV;PST	V;1;SG;PFV;PST	V;2;SG;PFV;PST	V;3;SG;PFV;PST	V;1;PL;PFV;PST	V;2;PL;PFV;PST	V;3;PL;PFV;PST	V;2;SG;IMP	V;2;PL;IMP	V;PTCP  ("-" = productive default)
'γγίζω	-	-	-	'γγίζομε	-	-	'γγιζα	'γγιζες	'γγιζε	'γγίζαμε	'γγίζατε	'γγίζαν	'γγιξα	'γγιξες	'γγιξε	'γγίξαμε	'γγίξατε	'γγίξαν	'γγιζε	'γγίζετε	-
άγω	-	-	-	-	-	-	—	—	—	—	—	—	‑ήγαγα	‑ήγαγες	‑ήγαγε	‑αγάγαμε	‑αγάγατε	‑ήγαγαν	—	—	-
έλκω	-	-	-	-	-	-	είλκα	είλκες	είλκε	έλκαμε	έλκατε	έλκαν	είλξα	είλξες	είλξε	έλξαμε	έλξατε	έλξαν	έλκε	έλκετε	-
έρπω	-	-	-	-	-	-	-	-	-	-	-	-	-	-	-	-	-	-	[{έρπε}]	έρπετε	-
έρχομαι	έρχομαι	έρχεσαι	έρχεται	ερχόμαστε	έρχεστε	έρχονται	ερχόμουν	ερχόσουν	ερχόταν	ερχόμασταν	ερχόσασταν	έρχονταν	ήλθα	ήλθες	ήλθε	ήλθαμε	ήλθατε	ήλθαν	έλα	ελάτε	-
έχε	έχω	έχεις	έχει	έχομε	έχετε	έχουν	είχα	είχες	είχε	είχαμε	είχατε	είχαν	-	-	-	-	-	-	έχε	έχετε	έχοντας
έχει	έχω	έχεις	έχει	έχομε	έχετε	έχουν	είχα	είχες	είχε	είχαμε	είχατε	είχαν	-	-	-	-	-	-	έχε	έχετε	έχοντας
έχεις	έχω	έχεις	έχει	έχομε	έχετε	έχουν	είχα	είχες	είχε	είχαμε	είχατε	είχαν	-	-	-	-	-	-	έχε	έχετε	έχοντας
έχετε	έχω	έχεις	έχει	έχομε	έχετε	έχουν	είχα	είχες	είχε	είχαμε	είχατε	είχαν	-	-	-	-	-	-	έχε	έχετε	έχοντας
έχοντας	έχω	έχεις	έχει	έχομε	έχετε	έχουν	είχα	είχες	είχε	είχαμε	είχατε	είχαν	-	-	-	-	-	-	έχε	έχετε	έχοντας
έχουμε	έχω	έχεις	έχει	έχομε	έχετε	έχουν	είχα	είχες	είχε	είχαμε	είχατε	είχαν	-	-	-	-	-	-	έχε	έχετε	έχοντας
έχουν	έχω	έχεις	έχει	έχομε	έχετε	έχουν	είχα	είχες	είχε	είχαμε	είχατε	είχαν	-	-	-	-	-	-	έχε	έχετε	έχοντας
έχουνε	έχω	έχεις	έχει	έχομε	έχετε	έχουν	είχα	είχες	είχε	είχαμε	είχατε	είχαν	-	-	-	-	-	-	έχε	έχετε	έχοντας
έχω	-	-	-	-	-	-	είχα	είχες	είχε	είχαμε	είχατε	είχαν	-	-	-	-	-	-	έχε	έχετε	-
ήμασταν	είμαι	είσαι	είναι	είμαστε1	-	είναι	-	-	-	-	-	-	-	-	-	-	-	-	—	—	όντας
ήμαστε	είμαι	είσαι	είναι	είμαστε1	-	είναι	-	-	-	-	-	-	-	-	-	-	-	-	—	—	όντας
ήμουν	είμαι	είσαι	είναι	είμαστε1	-	είναι	-	-	-	-	-	-	-	-	-	-	-	-	—	—	όντας
ήμουνα	είμαι	είσαι	είναι	είμαστε1	-	είναι	-	-	-	-	-	-	-	-	-	-	-	-	—	—	όντας
ήσασταν	είμαι	είσαι	είναι	είμαστε1	-	είναι	-	-	-	-	-	-	-	-	-	-	-	-	—	—	όντας
ήσαστε	είμαι	είσαι	είναι	είμαστε1	-	είναι	-	-	-	-	-	-	-	-	-	-	-	-	—	—	όντας
ήσουν	είμαι	είσαι	είναι	είμαστε1	-	είναι	-	-	-	-	-	-	-	-	-	-	-	-	—	—	όντας
ήσουνα	είμαι	είσαι	είναι	είμαστε1	-	είναι	-	-	-	-	-	-	-	-	-	-	-	-	—	—	όντας
ήταν	είμαι	είσαι	είναι	είμαστε1	-	είναι	-	-	-	-	-	-	-	-	-	-	-	-	—	—	όντας
ήτανε	είμαι	είσαι	είναι	είμαστε1	-	είναι	-	-	-	-	-	-	-	-	-	-	-	-	—	—	όντας
αίρω	-	-	-	-	-	-	ήρα	ήρες	ήρε	ήραμε	ήρατε	ήραν	ήρα	ήρες	ήρε	άραμε	άρατε	άραν	άρε	άρετε	-
αβαντζάρω	-	-	-	-	-	-	αβαντζάριζα	αβαντζάριζες	αβαντζάριζε	αβαντζάραμε	αβαντζάρατε	αβαντζάραν	αβαντζάρισα	αβαντζάρισες	αβαντζάρισε	αβαντζάραμε	αβαντζάρατε	αβαντζάραν	αβαντζάριζε	αβαντζάρετε	-
αβαντσάρω	-	-	-	-	-	-	αβαντσάριζα	αβαντσάριζες	αβαντσάριζε	αβαντσάραμε	αβαντσάρατε	αβαντσάραν	αβαντσάρισα	αβαντσάρισες	αβαντσάρισε	αβαντσάραμε	αβαντσάρατε	αβαντσάραν	αβαντσάριζε	αβαντσάρετε	-
αβαράρω	-	-	-	-	-	-	αβάραρα	αβάραρες	αβάραρε	αβαράραμε	αβαράρατε	αβάραραν	αβάραρα	αβάραρες	αβάραρε	αβαράραμε	αβαράρατε	αβάραραν	αβάραρε	αβαράρετε	-
αβγατίζομαι	αβγατίζομαι	αβγατίζεσαι	αβγατίζεται	αβγατιζόμαστε	αβγατίζεστε	αβγατίζονται	αβγατιζόμουν	αβγατιζόσουν	αβγατιζόταν	αβγατιζόμασταν	αβγατιζόσασταν	αβγατίζονταν	αβγατίστηκα	αβγατίστηκες	αβγατίστηκε	αβγατιστήκαμε	αβγατιστήκατε	αβγατίστηκαν	αβγατίσου	αβγατιστείτε	-
αβγατίζω	-	-	-	-	-	-	αβγάτιζα	αβγάτιζες	αβγάτιζε	αβγατίζαμε	αβγατίζατε	αβγάτιζαν	αβγάτισα	αβγάτισες	αβγάτισε	αβγατίσαμε	αβγατίσατε	αβγάτισαν	αβγάτιζε	αβγατίζετε	-
αβγοκόβω	-	-	-	-	-	-	αβγόκοβα	αβγόκοβες	αβγόκοβε	αβγοκόβαμε	αβγοκόβατε	αβγοκόβαν	αβγόκοψα	αβγόκοψες	αβγόκοψε	αβγοκόψαμε	αβγοκόψατε	αβγοκόψαν	αβγόκοβε	αβγοκόβετε	-
αβδελλιάζω	-	-	-	-	-	-	αβδέλλιαζα	αβδέλλιαζες	αβδέλλιαζε	αβδελλιάζαμε	αβδελλιάζατε	αβδέλλιαζαν	αβδέλλιασα	αβδέλλιασες	αβδέλλιασε	αβδελλιάσαμε	αβδελλιάσατε	αβδέλλιασαν	αβδέλλιαζε	αβδελλιάζετε	-
αβδελλώνω	-	-	-	-	-	-	αβδέλλωνα	αβδέλλωνες	αβδέλλωνε	αβδελλώναμε	αβδελλώνατε	αβδέλλωναν	αβδέλλωσα	αβδέλλωσες	αβδέλλωσε	αβδελλώσαμε	αβδελλώσατε	αβδέλλωσαν	αβδέλλωνε	αβδελλώνετε	-
αγαθεύω	-	-	-	-	-	-	αγάθευα	αγάθευες	αγάθευε	αγαθεύαμε	αγαθεύατε	αγάθευαν	αγάθεψα	αγάθεψες	αγάθεψε	αγαθέψαμε	αγαθέψατε	αγάθεψαν	αγάθευε	αγαθέψτε	-
αγαλλιάζω	-	-	-	-	-	-	αγαλλίαζα	αγαλλίαζες	αγαλλίαζε	αγαλλιάζαμε	αγαλλιάζατε	αγαλλίαζαν	αγαλλίασα	αγαλλίασες	αγαλλίασε	αγαλλιάσαμε	αγαλλιάσατε	αγαλλίασαν	αγαλλίαζε	αγαλλιάζετε	-
αγανακτώ	αγανακτώ	αγανακτείς	αγανακτεί	αγανακτούμε	αγανακτείτε	αγανακτούν	αγανακτούσα	αγανακτούσες	αγανακτούσε	αγανακτούσαμε	αγανακτούσατε	αγανακτούσαν	αγανάκτησα	αγανάκτησες	αγανάκτησε	αγανακτήσαμε	αγανακτήσατε	αγανάκτησαν	αγανάκτησε	αγανακτήστε	αγανακτώντας
αγαναχτώ	αγαναχτώ	αγαναχτείς	αγαναχτεί	αγαναχτούμε	αγαναχτείτε	αγαναχτούν	αγαναχτούσα	αγαναχτούσες	αγαναχτούσε	αγαναχτούσαμε	αγαναχτούσατε	αγαναχτούσαν	αγανάχτησα	αγανάχτησες	αγανάχτησε	αγαναχτήσαμε	αγαναχτήσατε	αγανάχτησαν	αγανάχτησε	αγαναχτήσετε	αγαναχτώντας
αγαντάρω	-	-	-	-	-	-	αγάνταρα	αγάνταρες	αγάνταρε	αγαντάραμε	αγαντάρατε	αγάνταραν	αγάνταρα	αγάνταρες	αγάνταρε	αγαντάραμε	αγαντάρατε	αγάνταραν	αγάνταρε	αγαντάρετε	-
αγαπάω	-	αγαπάς	αγαπά	αγαπάμε	αγαπάτε	αγαπάν	αγάπαγα	αγάπαγες	αγάπαγε	αγαπάγαμε	αγαπάγατε	αγάπαγαν	αγάπησα	αγάπησες	αγάπησε	αγαπήσαμε	αγαπήσατε	αγάπησαν	αγάπα	αγαπάτε	αγαπώντας
αγαπίζω	-	-	-	-	-	-	αγάπιζα	αγάπιζες	αγάπιζε	αγαπίζαμε	αγαπίζατε	αγάπιζαν	αγάπισα	αγάπισες	αγάπισε	αγαπίσαμε	αγαπίσατε	αγάπισαν	αγάπιζε	αγαπίζετε	-
αγαπιέμαι	αγαπιέμαι	αγαπιέσαι	αγαπιέται	αγαπιόμαστε	αγαπιέστε	αγαπιούνται	αγαπιόμουν	αγαπιόσουν	αγαπιόταν	αγαπιόμασταν	αγαπιόσασταν	αγαπιούνταν	αγαπήθηκα	αγαπήθηκες	αγαπήθηκε	αγαπηθήκαμε	αγαπηθήκατε	αγαπήθηκαν	αγαπήσου	αγαπηθείτε	—
αγαπώ	αγαπάω	αγαπάς	αγαπά	αγαπάμε	αγαπάτε	αγαπάν	αγάπαγα	αγάπαγες	αγάπαγε	αγαπάγαμε	αγαπάγατε	αγάπαγαν	αγάπησα	αγάπησες	αγάπησε	αγαπήσαμε	αγαπήσατε	αγάπησαν	αγάπα	αγαπάτε	αγαπώντας
αγγέλλω	-	-	-	-	-	-	άγγελλα	άγγελλες	άγγελλε	αγγέλλαμε	αγγέλλατε	αγγέλλαν	ήγγειλα	ήγγειλες	ήγγειλε	αγγείλαμε	αγγείλατε	ήγγειλαν	άγγειλε	αγγέλλετε	-
αγγέλω	-	-	-	αγγέλομε	-	-	άγγελα	άγγελες	άγγελε	αγγέλαμε	αγγέλατε	άγγελαν	άγγειλα	άγγειλες	άγγειλε	αγγείλαμε	αγγείλατε	άγγειλαν	άγγειλε	αγγέλετε	-
αγγίζομαι	αγγίζομαι	αγγίζεσαι	αγγίζεται	αγγιζόμαστε	αγγίζεστε	αγγίζονται	αγγιζόμουν	αγγιζόσουν	αγγιζόταν	αγγιζόμασταν	αγγιζόσασταν	αγγίζονταν	αγγίχτηκα	αγγίχτηκες	αγγίχτηκε	αγγιχτήκαμε	αγγιχτήκατε	αγγίχτηκαν	αγγίξου	αγγιχτείτε	-
αγγίζω	-	-	-	-	-	-	άγγιζα	άγγιζες	άγγιζε	αγγίζαμε	αγγίζατε	άγγιζαν	άγγιξα	άγγιξες	άγγιξε	αγγίξαμε	αγγίξατε	άγγιξαν	άγγιζε	αγγίζετε	-
αγγαρεύομαι	αγγαρεύομαι	αγγαρεύεσαι	αγγαρεύεται	αγγαρευόμαστε	αγγαρευόσαστε1	αγγαρεύονται	αγγαρευόμουν	αγγαρευόσουν	αγγαρευόταν	αγγαρευόμασταν	αγγαρευόσασταν	αγγαρευόντανε	αγγαρεύτηκα	αγγαρεύτηκες	αγγαρεύτηκε	αγγαρευτήκαμε	αγγαρευτήκατε	αγγαρευτήκανε	αγγαρέψου	αγγαρευτείτε	-
αγγαρεύω	-	-	-	-	-	-	αγγάρευα	αγγάρευες	αγγάρευε	αγγαρεύαμε	αγγαρεύατε	αγγάρευαν	αγγάρεψα	αγγάρεψες	αγγάρεψε	αγγαρέψαμε	αγγαρέψατε	αγγάρεψαν	αγγάρευε	αγγαρέψτε	-
αγγελοθωρώ	αγγελοθωρώ	αγγελοθωρείς	αγγελοθωρεί	αγγελοθωρούμε	αγγελοθωρείτε	αγγελοθωρούν	αγγελοθωρούσα	αγγελοθωρούσες	αγγελοθωρούσε	αγγελοθωρούσαμε	αγγελοθωρούσατε	αγγελοθωρούσαν	αγγελοθώρησα	αγγελοθώρησες	αγγελοθώρησε	αγγελοθωρήσαμε	αγγελοθωρήσατε	αγγελοθωρήσαν	αγγελοθώρησε	αγγελοθωρήστε	αγγελοθωρώντας
αγγελοκρούω	-	-	-	-	-	-	αγγελόκρουα	αγγελόκρουες	αγγελόκρουε	αγγελοκρούαμε	αγγελοκρούατε	αγγελοκρούαν	αγγελόκρουσα	αγγελόκρουσες	αγγελόκρουσε	αγγελοκρούσαμε	αγγελοκρούσατε	αγγελοκρούσαν	αγγελόκρουε	αγγελοκρούετε	-
αγγλοποιούμαι	αγγλοποιούμαι	αγγλοποιείσαι	αγγλοποιείται	αγγλοποιούμαστε	αγγλοποιείστε	αγγλοποιούνται	αγγλοποιιόμουν	αγγλοποιιόσουν	αγγλοποιιόταν	αγγλοποιιόμασταν	αγγλοποιιόσασταν	αγγλοποιιούνταν	αγγλοποιήθηκα	αγγλοποιήθηκες	αγγλοποιήθηκε	αγγλοποιηθήκαμε	αγγλοποιηθήκατε	αγγλοποιήθηκαν	αγγλοποιήσου	αγγλοποιείστε	—
αγγλοποιώ	αγγλοποιώ	αγγλοποιείς	αγγλοποιεί	αγγλοποιούμε	αγγλοποιείτε	αγγλοποιούν	αγγλοποιούσα	αγγλοποιούσες	αγγλοποιούσε	αγγλοποιούσαμε	αγγλοποιούσατε	αγγλοποιούσαν	αγγλοποίησα	αγγλοποίησες	αγγλοποίησε	αγγλοποιήσαμε	αγγλοποιήσατε	αγγλοποίησαν	αγγλοποίησε	αγγλοποιήστε	αγγλοποιώντας
αγιάζομαι	αγιάζομαι	αγιάζεσαι	αγιάζεται	αγιαζόμαστε	αγιάζεστε	αγιάζονται	αγιαζόμουν	αγιαζόσουν	αγιαζόταν	αγιαζόμασταν	αγιαζόσασταν	αγιάζονταν	αγιάστηκα	αγιάστηκες	αγιάστηκε	αγιαστήκαμε	αγιαστήκατε	αγιάστηκαν	αγιάσου	αγιαστείτε	-
αγιάζω	-	-	-	αγιάζομε	-	-	άγιαζα	άγιαζες	άγιαζε	αγιάζαμε	αγιάζατε	άγιαζαν	άγιασα	άγιασες	άγιασε	αγιάσαμε	αγιάσατε	άγιασαν	άγιαζε	αγιάζετε	-
αγιοποιούμαι	αγιοποιούμαι	αγιοποιείσαι	αγιοποιείται	αγιοποιούμαστε	αγιοποιείστε	αγιοποιούνται	αγιοποιιόμουν	αγιοποιιόσουν	αγιοποιιόταν	αγιοποιιόμασταν	αγιοποιιόσασταν	αγιοποιιούνταν	αγιοποιήθηκα	αγιοποιήθηκες	αγιοποιήθηκε	αγιοποιηθήκαμε	αγιοποιηθήκατε	αγιοποιήθηκαν	αγιοποιήσου	αγιοποιείστε	—
αγιοποιώ	αγιοποιώ	αγιοποιείς	αγιοποιεί	αγιοποιούμε	αγιοποιείτε	αγιοποιούν	αγιοποιούσα	αγιοποιούσες	αγιοποιούσε	αγιοποιούσαμε	αγιοποιούσατε	αγιοποιούσαν	αγιοποίησα	αγιοποίησες	αγιοποίησε	αγιοποιήσαμε	αγιοποιήσατε	αγιοποίησαν	αγιοποίησε	αγιοποιήστε	αγιοποιώντας
αγκαζάρω	-	-	-	-	-	-	αγκαζάριζα	αγκαζάριζες	αγκαζάριζε	αγκαζάραμε	αγκαζάρατε	αγκαζάραν	αγκαζάρισα	αγκαζάρισες	αγκαζάρισε	αγκαζάραμε	αγκαζάρατε	αγκαζάραν	αγκαζάριζε	αγκαζάρετε	-
αγκαλιάζομαι	αγκαλιάζομαι	αγκαλιάζεσαι	αγκαλιάζεται	αγκαλιαζόμαστε	αγκαλιάζεστε	αγκαλιάζονται	αγκαλιαζόμουν	αγκαλιαζόσουν	αγκαλιαζόταν	αγκαλιαζόμασταν	αγκαλιαζόσασταν	αγκαλιάζονταν	αγκαλιάστηκα	αγκαλιάστηκες	αγκαλιάστηκε	αγκαλιαστήκαμε	αγκαλιαστήκατε	αγκαλιάστηκαν	αγκαλιάσου	αγκαλιαστείτε	-
αγκαλιάζω	-	-	-	-	-	-	αγκάλιαζα	αγκάλιαζες	αγκάλιαζε	αγκαλιάζαμε	αγκαλιάζατε	αγκάλιαζαν	αγκάλιασα	αγκάλιασες	αγκάλιασε	αγκαλιάσαμε	αγκαλιάσατε	αγκάλιασαν	αγκάλιαζε	αγκαλιάζετε	-
αγκιστρώνομαι	αγκιστρώνομαι	αγκιστρώνεσαι	αγκιστρώνεται	αγκιστρωνόμαστε	αγκιστρωνόσαστε1	αγκιστρώνονται	αγκιστρωνόμουν	αγκιστρωνόσουν	αγκιστρωνόταν	αγκιστρωνόμασταν	αγκιστρωνόσασταν	αγκιστρωνόντανε	αγκιστρώθηκα	αγκιστρώθηκες	αγκιστρώθηκε	αγκιστρωθήκαμε	αγκιστρωθήκατε	αγκιστρωθήκανε	αγκιστρώσου	αγκιστρωθείτε	-
αγκιστρώνω	-	-	-	-	-	-	αγκίστρωνα	αγκίστρωνες	αγκίστρωνε	αγκιστρώναμε	αγκιστρώνατε	αγκίστρωναν	αγκίστρωσα	αγκίστρωσες	αγκίστρωσε	αγκιστρώσαμε	αγκιστρώσατε	αγκίστρωσαν	αγκίστρωνε	αγκιστρώνετε	-
αγκομαχάω	-	αγκομαχάς	αγκομαχά	αγκομαχάμε	αγκομαχάτε	αγκομαχάν	αγκομάχαγα	αγκομάχαγες	αγκομάχαγε	αγκομαχάγαμε	αγκομαχάγατε	αγκομάχαγαν	αγκομάχησα	αγκομάχησες	αγκομάχησε	αγκομαχήσαμε	αγκομαχήσατε	αγκομάχησαν	αγκομάχησε	αγκομαχάτε	αγκομαχώντας
αγκομαχώ	αγκομαχάω	αγκομαχάς	αγκομαχά	αγκομαχάμε	αγκομαχάτε	αγκομαχάν	αγκομάχαγα	αγκομάχαγες	αγκομάχαγε	αγκομαχάγαμε	αγκομαχάγατε	αγκομάχαγαν	αγκομάχησα	αγκομάχησες	αγκομάχησε	αγκομαχήσαμε	αγκομαχήσατε	αγκομάχησαν	αγκομάχα	αγκομαχάτε	αγκομαχώντας
αγκριώνω	-	-	-	-	-	-	αγκρίωνα	αγκρίωνες	αγκρίωνε	αγκριώναμε	αγκριώνατε	αγκρίωναν	αγκρίωσα	αγκρίωσες	αγκρίωσε	αγκριώσαμε	αγκριώσατε	αγκρίωσαν	αγκρίωνε	αγκριώνετε	-
αγκυλώνομαι	αγκυλώνομαι	αγκυλώνεσαι	αγκυλώνεται	αγκυλωνόμαστε	αγκυλωνόσαστε1	αγκυλώνονται	αγκυλωνόμουν	αγκυλωνόσουν	αγκυλωνόταν	αγκυλωνόμασταν	αγκυλωνόσασταν	αγκυλωνόντανε	αγκυλώθηκα	αγκυλώθηκες	αγκυλώθηκε	αγκυλωθήκαμε	αγκυλωθήκατε	αγκυλωθήκανε	αγκυλώσου	αγκυλωθείτε	-
αγκυλώνω	-	-	-	-	-	-	αγκύλωνα	αγκύλωνες	αγκύλωνε	αγκυλώναμε	αγκυλώνατε	αγκυλώναν	αγκύλωσα	αγκύλωσες	αγκύλωσε	αγκυλώσαμε	αγκυλώσατε	αγκυλώσαν	αγκύλωνε	αγκυλώνετε	-
αγκωνιάζομαι	αγκωνιάζομαι	αγκωνιάζεσαι	αγκωνιάζεται	αγκωνιαζόμαστε	αγκωνιάζεστε	αγκωνιάζονται	αγκωνιαζόμουν	αγκωνιαζόσουν	αγκωνιαζόταν	αγκωνιαζόμασταν	αγκωνιαζόσασταν	αγκωνιάζονταν	αγκωνιάστηκα	αγκωνιάστηκες	αγκωνιάστηκε	αγκωνιαστήκαμε	αγκωνιαστήκατε	αγκωνιάστηκαν	αγκωνιάσου	αγκωνιαστείτε	-
αγκωνιάζω	-	-	-	-	-	-	αγκώνιαζα	αγκώνιαζες	αγκώνιαζε	αγκωνιάζαμε	αγκωνιάζατε	αγκωνιάζαν	αγκώνιασα	αγκώνιασες	αγκώνιασε	αγκωνιάσαμε	αγκωνιάσατε	αγκωνιάσαν	αγκώνιαζε	αγκωνιάζετε	-
αγλαΐζω	-	-	-	-	-	-	αγλάιζα	αγλάιζες	αγλάιζε	αγλαΐζαμε	αγλαΐζατε	αγλάιζαν	αγλάισα	αγλάισες	αγλάισε	αγλαΐσαμε	αγλαΐσατε	αγλάισαν	αγλάιζε	αγλαΐζετε	-
αγναντεύω	-	-	-	-	-	-	αγνάντευα	αγνάντευες	αγνάντευε	αγναντεύαμε	αγναντεύατε	αγνάντευαν	αγνάντεψα	αγνάντεψες	αγνάντεψε	αγναντέψαμε	αγναντέψατε	αγνάντεψαν	αγνάντευε	αγναντέψτε	-
αγνοούμαι	αγνοούμαι	αγνοείσαι	αγνοείται	αγνοούμαστε	αγνοείστε	αγνοούνται	αγνοιόμουν	αγνοιόσουν	αγνοιόταν	αγνοιόμασταν	αγνοιόσασταν	αγνοιούνταν	αγνοήθηκα	αγνοήθηκες	αγνοήθηκε	αγνοηθήκαμε	αγνοηθήκατε	αγνοήθηκαν	αγνοήσου	αγνοείστε	—
αγνοώ	αγνοώ	αγνοείς	αγνοεί	αγνοούμε	αγνοείτε	αγνοούν	αγνοούσα	αγνοούσες	αγνοούσε	αγνοούσαμε	αγνοούσατε	αγνοούσαν	αγνόησα	αγνόησες	αγνόησε	αγνοήσαμε	αγνοήσατε	αγνοήσαν	αγνόησε	αγνοήστε	αγνοώντας
αγοράζομαι	αγοράζομαι	αγοράζεσαι	αγοράζεται	αγοραζόμαστε	αγοράζεστε	αγοράζονται	αγοραζόμουν	αγοραζόσουν	αγοραζόταν	αγοραζόμασταν	αγοραζόσασταν	αγοράζονταν	αγοράστηκα	αγοράστηκες	αγοράστηκε	αγοραστήκαμε	αγοραστήκατε	αγοράστηκαν	αγοράσου	αγοραστείτε	-
αγοράζω	-	-	-	-	-	-	αγόραζα	αγόραζες	αγόραζε	αγοράζαμε	αγοράζατε	αγοράζαν	αγόρασα	αγόρασες	αγόρασε	αγοράσαμε	αγοράσατε	αγοράσαν	αγόραζε	αγοράζετε	-
αγορεύω	-	-	-	-	-	-	αγόρευα	αγόρευες	αγόρευε	αγορεύαμε	αγορεύατε	αγορεύαν	αγόρευσα	αγόρευσες	αγόρευσε	αγορέψαμε	αγορέψατε	αγόρευσαν	αγόρευε	αγορεύετε	-
αγοροφέρνω	-	-	-	-	-	-	αγορόφερνα	αγορόφερνες	αγορόφερνε	αγοροφέρναμε	αγοροφέρνατε	αγοροφέρναν	-	-	-	-	-	-	αγορόφερνε	αγοροφέρνετε	-
αγριεύομαι	αγριεύομαι	αγριεύεσαι	αγριεύεται	αγριευόμαστε	αγριευόσαστε1	αγριεύονται	αγριευόμουν	αγριευόσουν	αγριευόταν	αγριευόμασταν	αγριευόσασταν	αγριευόντανε	αγριεύτηκα	αγριεύτηκες	αγριεύτηκε	αγριευτήκαμε	αγριευτήκατε	αγριευτήκανε	αγριέψου	αγριευτείτε	-
αγριεύω	-	-	-	-	-	-	αγρίευα	αγρίευες	αγρίευε	αγριεύαμε	αγριεύατε	αγρίευαν	αγρίεψα	αγρίεψες	αγρίεψε	αγριέψαμε	αγριέψατε	αγρίεψαν	αγρίευε	αγριέψτε	-
αγριοκοιτάζομαι	αγριοκοιτάζομαι	αγριοκοιτάζεσαι	αγριοκοιτάζεται	αγριοκοιταζόμαστε	αγριοκοιτάζεστε	αγριοκοιτάζονται	αγριοκοιταζόμουν	αγριοκοιταζόσουν	αγριοκοιταζόταν	αγριοκοιταζόμασταν	αγριοκοιταζόσασταν	αγριοκοιτάζονταν	αγριοκοιτάχτηκα	αγριοκοιτάχτηκες	αγριοκοιτάχτηκε	αγριοκοιταχτήκαμε	αγριοκοιταχτήκατε	αγριοκοιτάχτηκαν	αγριοκοιτάξου	αγριοκοιταχτείτε	-
αγρυπνάω	-	αγρυπνάς	αγρυπνά	αγρυπνάμε	αγρυπνάτε	αγρυπνάν	αγρυπνούσα	αγρυπνούσες	αγρυπνούσε	αγρυπνάγαμε	αγρυπνάγατε	αγρυπνάγανε	αγρύπνησα	αγρύπνησες	αγρύπνησε	αγρυπνήσαμε	αγρυπνήσατε	αγρυπνήσαν	αγρύπνα	αγρυπνάτε	αγρυπνώντας
αγρυπνώ	αγρυπνάω	αγρυπνάς	αγρυπνάει	αγρυπνάμε	αγρυπνάτε	αγρυπνάν	αγρυπνούσα	αγρυπνούσες	αγρυπνούσε	αγρυπνάγαμε	αγρυπνάγατε	αγρυπνάγανε	αγρύπνησα	αγρύπνησες	αγρύπνησε	αγρυπνήσαμε	αγρυπνήσατε	αγρυπνήσαν	αγρύπνα	αγρυπνήστε	αγρυπνώντας
αγχώνομαι	αγκώνομαι	αγκώνεσαι	αγκώνεται	αγκωνόμαστε	αγκωνόσαστε1	αγκώνονται	αγκωνόμουν	αγκωνόσουν	αγκωνόταν	αγκωνόμασταν	αγκωνόσασταν	αγκωνόντανε	αγκώθηκα	αγκώθηκες	αγκώθηκε	αγκωθήκαμε	αγκωθήκατε	αγκωθήκανε	αγκώσου	αγκωθείτε	-
αγχώνω	-	-	-	-	-	-	άγχωνα	άγχωνες	άγχωνε	αγχώναμε	αγχώνατε	άγχωναν	άγχωσα	άγχωσες	άγχωσε	αγχώσαμε	αγχώσατε	άγχωσαν	άγχωνε	αγχώνετε	-
αγωνίζομαι	αγωνίζομαι	αγωνίζεσαι	αγωνίζεται	αγωνιζόμαστε	αγωνίζεστε	αγωνίζονται	αγωνιζόμουν	αγωνιζόσουν	αγωνιζόταν	αγωνιζόμασταν	αγωνιζόσασταν	αγωνίζονταν	αγωνίστηκα	αγωνίστηκες	αγωνίστηκε	αγωνιστήκαμε	αγωνιστήκατε	αγωνίστηκαν	αγωνίσου	αγωνιστείτε	-
αγωνιώ	αγωνιώ	αγωνιείς	αγωνιεί	αγωνιούμε	αγωνιείτε	αγωνιούν	αγωνιούσα	αγωνιούσες	αγωνιούσε	αγωνιούσαμε	αγωνιούσατε	αγωνιούσαν	-	-	-	-	-	-	-	αγωνιάτε	-
αδειάζομαι	αδειάζομαι	αδειάζεσαι	αδειάζεται	αδειαζόμαστε	αδειάζεστε	αδειάζονται	αδειαζόμουν	αδειαζόσουν	αδειαζόταν	αδειαζόμασταν	αδειαζόσασταν	αδειάζονταν	αδειάστηκα	αδειάστηκες	αδειάστηκε	αδειαστήκαμε	αδειαστήκατε	αδειάστηκαν	αδειάσου	αδειαστείτε	-
αδειάζω	-	-	-	-	-	-	άδειαζα	άδειαζες	άδειαζε	αδειάζαμε	αδειάζατε	άδειαζαν	άδειασα	άδειασες	άδειασε	αδειάσαμε	αδειάσατε	άδειασαν	άδειαζε	αδειάζετε	-
αδελφώνομαι	αδελφώνομαι	αδελφώνεσαι	αδελφώνεται	αδελφωνόμαστε	αδελφωνόσαστε1	αδελφώνονται	αδελφωνόμουν	αδελφωνόσουν	αδελφωνόταν	αδελφωνόμασταν	αδελφωνόσασταν	αδελφωνόντανε	αδελφώθηκα	αδελφώθηκες	αδελφώθηκε	αδελφωθήκαμε	αδελφωθήκατε	αδελφωθήκανε	αδελφώσου	αδελφωθείτε	-
αδελφώνω	-	-	-	-	-	-	αδέλφωνα	αδέλφωνες	αδέλφωνε	αδελφώναμε	αδελφώνατε	αδέλφωναν	αδέλφωσα	αδέλφωσες	αδέλφωσε	αδελφώσαμε	αδελφώσατε	αδέλφωσαν	αδέλφωνε	αδελφώνετε	-
αδερφώνομαι	αδερφώνομαι	αδερφώνεσαι	αδερφώνεται	αδερφωνόμαστε	αδερφωνόσαστε1	αδερφώνονται	αδερφωνόμουν	αδερφωνόσουν	αδερφωνόταν	αδερφωνόμασταν	αδερφωνόσασταν	αδερφωνόντανε	αδερφώθηκα	αδερφώθηκες	αδερφώθηκε	αδερφωθήκαμε	αδερφωθήκατε	αδερφωθήκανε	αδερφώσου	αδερφωθείτε	-
αδερφώνω	-	-	-	-	-	-	αδέρφωνα	αδέρφωνες	αδέρφωνε	αδερφώναμε	αδερφώνατε	αδέρφωναν	αδέρφωσα	αδέρφωσες	αδέρφωσε	αδερφώσαμε	αδερφώσατε	αδέρφωσαν	αδέρφωνε	αδερφώνετε	-
αδημονώ	αδημονώ	αδημονείς	αδημονεί	αδημονούμε	αδημονείτε	αδημονούν	αδημονούσα	αδημονούσες	αδημονούσε	αδημονούσαμε	αδημονούσατε	αδημονούσαν	-	-	-	-	-	-	-	αδημονείτε	-
αδιαφορώ	αδιαφορώ	αδιαφορείς	αδιαφορεί	αδιαφορούμε	αδιαφορείτε	αδιαφορούν	αδιαφορούσα	αδιαφορούσες	αδιαφορούσε	αδιαφορούσαμε	αδιαφορούσατε	αδιαφορούσαν	αδιαφόρησα	αδιαφόρησες	αδιαφόρησε	αδιαφορήσαμε	αδιαφορήσατε	αδιαφορήσαν	αδιαφόρησε	αδιαφορήστε	αδιαφορώντας
αδικούμαι	αδικούμαι	αδικείσαι	αδικείται	αδικούμαστε	αδικείστε	αδικούνται	αδικιόμουν	αδικιόσουν	αδικιόταν	αδικιόμασταν	αδικιόσασταν	αδικιούνταν	αδικήθηκα	αδικήθηκες	αδικήθηκε	αδικηθήκαμε	αδικηθήκατε	αδικήθηκαν	αδικήσου	αδικείστε	—
αδικώ	αδικώ	αδικείς	αδικεί	αδικούμε	αδικείτε	αδικούν	αδικούσα	αδικούσες	αδικούσε	αδικούσαμε	αδικούσατε	αδικούσαν	αδίκησα	αδίκησες	αδίκησε	αδικήσαμε	αδικήσατε	αδίκησαν	αδίκησε	αδικήστε	αδικώντας
αδρανοποιούμαι	αδρανοποιούμαι	αδρανοποιείσαι	αδρανοποιείται	αδρανοποιούμαστε	αδρανοποιείστε	αδρανοποιούνται	αδρανοποιιόμουν	αδρανοποιιόσουν	αδρανοποιιόταν	αδρανοποιιόμασταν	αδρανοποιιόσασταν	αδρανοποιιούνταν	αδρανοποιήθηκα	αδρανοποιήθηκες	αδρανοποιήθηκε	αδρανοποιηθήκαμε	αδρανοποιηθήκατε	αδρανοποιήθηκαν	αδρανοποιήσου	αδρανοποιείστε	—
αδρανοποιώ	αδρανοποιώ	αδρανοποιείς	αδρανοποιεί	αδρανοποιούμε	αδρανοποιείτε	αδρανοποιούν	αδρανοποιούσα	αδρανοποιούσες	αδρανοποιούσε	αδρανοποιούσαμε	αδρανοποιούσατε	αδρανοποιούσαν	αδρανοποίησα	αδρανοποίησες	αδρανοποίησε	αδρανοποιήσαμε	αδρανοποιήσατε	αδρανοποίησαν	αδρανοποίησε	αδρανοποιήστε	αδρανοποιώντας
αδροπληρώνω	-	-	-	-	-	-	αδροπλήρωνα	αδροπλήρωνες	αδροπλήρωνε	αδροπληρώναμε	αδροπληρώνατε	αδροπλήρωναν	αδροπλήρωσα	αδροπλήρωσες	αδροπλήρωσε	αδροπληρώσαμε	αδροπληρώσατε	αδροπλήρωσαν	αδροπλήρωνε	αδροπληρώνετε	-
αδυνατίζω	-	-	-	-	-	-	αδυνάτιζα	αδυνάτιζες	αδυνάτιζε	αδυνατίζαμε	αδυνατίζατε	αδυνάτιζαν	αδυνάτισα	αδυνάτισες	αδυνάτισε	αδυνατίσαμε	αδυνατίσατε	αδυνάτισαν	αδυνάτιζε	αδυνατίζετε	-
αδυνατώ	αδυνατώ	αδυνατείς	αδυνατεί	αδυνατούμε	αδυνατείτε	αδυνατούν	αδυνατούσα	αδυνατούσες	αδυνατούσε	αδυνατούσαμε	αδυνατούσατε	αδυνατούσαν	-	-	-	-	-	-	-	αδυνατείτε	-
αερίζομαι	αερίζομαι	αερίζεσαι	αερίζεται	αεριζόμαστε	αερίζεστε	αερίζονται	αεριζόμουν	αεριζόσουν	αεριζόταν	αεριζόμασταν	αεριζόσασταν	αερίζονταν	αερίστηκα	αερίστηκες	αερίστηκε	αεριστήκαμε	αεριστήκατε	αερίστηκαν	αερίσου	αεριστείτε	-
αερίζω	-	-	-	-	-	-	αέριζα	αέριζες	αέριζε	αερίζαμε	αερίζατε	αέριζαν	αέρισα	αέρισες	αέρισε	αερίσαμε	αερίσατε	αέρισαν	αέριζε	αερίζετε	-
αεροκοπανίζω	-	-	-	-	-	-	αεροκοπάνιζα	αεροκοπάνιζες	αεροκοπάνιζε	αεροκοπανίζαμε	αεροκοπανίζατε	αεροκοπάνιζαν	αεροκοπάνισα	αεροκοπάνισες	αεροκοπάνισε	αεροκοπανίσαμε	αεροκοπανίσατε	αεροκοπάνισαν	αεροκοπάνιζε	αεροκοπανίζετε	-
αηδιάζομαι	αηδιάζομαι	αηδιάζεσαι	αηδιάζεται	αηδιαζόμαστε	αηδιάζεστε	αηδιάζονται	αηδιαζόμουν	αηδιαζόσουν	αηδιαζόταν	αηδιαζόμασταν	αηδιαζόσασταν	αηδιάζονταν	αηδιάστηκα	αηδιάστηκες	αηδιάστηκε	αηδιαστήκαμε	αηδιαστήκατε	αηδιάστηκαν	αηδιάσου	αηδιαστείτε	-
αηδιάζω	-	-	-	-	-	-	αηδίαζα	αηδίαζες	αηδίαζε	αηδιάζαμε	αηδιάζατε	αηδίαζαν	αηδίασα	αηδίασες	αηδίασε	αηδιάσαμε	αηδιάσατε	αηδίασαν	αηδίαζε	αηδιάζετε	-
αθετούμαι	αθετούμαι	αθετείσαι	αθετείται	αθετούμαστε	αθετείστε	αθετούνται	αθετιόμουν	αθετιόσουν	αθετιόταν	αθετιόμασταν	αθετιόσασταν	αθετιούνταν	αθετήθηκα	αθετήθηκες	αθετήθηκε	αθετηθήκαμε	αθετηθήκατε	αθετήθηκαν	αθετήσου	αθετείστε	—
αθετώ	αθετώ	αθετείς	αθετεί	αθετούμε	αθετείτε	αθετούν	αθετούσα	αθετούσες	αθετούσε	αθετούσαμε	αθετούσατε	αθετούσαν	αθέτησα	αθέτησες	αθέτησε	αθετήσαμε	αθετήσατε	αθέτησαν	αθέτησε	αθετήστε	αθετώντας
αθροίζομαι	αθροίζομαι	αθροίζεσαι	αθροίζεται	αθροιζόμαστε	αθροίζεστε	αθροίζονται	αθροιζόμουν	αθροιζόσουν	αθροιζόταν	αθροιζόμασταν	αθροιζόσασταν	αθροίζονταν	αθροίστηκα	αθροίστηκες	αθροίστηκε	αθροιστήκαμε	αθροιστήκατε	αθροίστηκαν	αθροίσου	αθροιστείτε	-
αθροίζω	-	-	-	-	-	-	άθροιζα	άθροιζες	άθροιζε	αθροίζαμε	αθροίζατε	άθροιζαν	άθροισα	άθροισες	άθροισε	αθροίσαμε	αθροίσατε	άθροισαν	άθροιζε	αθροίζετε	-
αθωώνομαι	αθωώνομαι	αθωώνεσαι	αθωώνεται	αθωωνόμαστε	αθωωνόσαστε1	αθωώνονται	αθωωνόμουν	αθωωνόσουν	αθωωνόταν	αθωωνόμασταν	αθωωνόσασταν	αθωωνόντανε	αθωώθηκα	αθωώθηκες	αθωώθηκε	αθωωθήκαμε	αθωωθήκατε	αθωωθήκανε	αθωώσου	αθωωθείτε	-
αθωώνω	-	-	-	-	-	-	αθώωνα	αθώωνες	αθώωνε	αθωώναμε	αθωώνατε	αθωώναν	αθώωσα	αθώωσες	αθώωσε	αθωώσαμε	αθωώσατε	αθωώσαν	αθώωνε	αθωώνετε	-
αιματοκυλίζω	-	-	-	-	-	-	αιματοκύλιζα	αιματοκύλιζες	αιματοκύλιζε	αιματοκυλίζαμε	αιματοκυλίζατε	αιματοκυλίζαν	αιματοκύλισα	αιματοκύλισες	αιματοκύλισε	αιματοκυλίσαμε	αιματοκυλίσατε	αιματοκυλίσαν	αιματοκύλιζε	αιματοκυλίζετε	-
αιματώνω	-	-	-	-	-	-	αιμάτωνα	αιμάτωνες	αιμάτωνε	αιματώναμε	αιματώνατε	αιμάτωναν	αιμάτωσα	αιμάτωσες	αιμάτωσε	αιματώσαμε	αιματώσατε	αιμάτωσαν	αιμάτωνε	αιματώνετε	-
αιμορραγώ	αιμορραγώ	αιμορραγείς	αιμορραγεί	αιμορραγούμε	αιμορραγείτε	αιμορραγούν	αιμορραγούσα	αιμορραγούσες	αιμορραγούσε	αιμορραγούσαμε	αιμορραγούσατε	αιμορραγούσαν	αιμορράγησα	αιμορράγησες	αιμορράγησε	αιμορραγήσαμε	αιμορραγήσατε	αιμορράγησαν	αιμορράγησε	αιμορραγήστε	αιμορραγώντας
αισιοδοξώ	αισιοδοξώ	αισιοδοξείς	αισιοδοξεί	αισιοδοξούμε	αισιοδοξείτε	αισιοδοξούν	αισιοδοξούσα	αισιοδοξούσες	αισιοδοξούσε	αισιοδοξούσαμε	αισιοδοξούσατε	αισιοδοξούσαν	-	-	-	-	-	-	-	αισιοδοξείτε	-
αιτιολογώ	αιτιολογώ	αιτιολογείς	αιτιολογεί	αιτιολογούμε	αιτιολογείτε	αιτιολογούν	αιτιολογούσα	αιτιολογούσες	αιτιολογούσε	αιτιολογούσαμε	αιτιολογούσατε	αιτιολογούσαν	αιτιολόγησα	αιτιολόγησες	αιτιολόγησε	αιτιολογήσαμε	αιτιολογήσατε	αιτιολογήσαν	αιτιολόγησε	αιτιολογήστε	αιτιολογώντας
αιφνιδιάζομαι	αιφνιδιάζομαι	αιφνιδιάζεσαι	αιφνιδιάζεται	αιφνιδιαζόμαστε	αιφνιδιάζεστε	αιφνιδιάζονται	αιφνιδιαζόμουν	αιφνιδιαζόσουν	αιφνιδιαζόταν	αιφνιδιαζόμασταν	αιφνιδιαζόσασταν	αιφνιδιάζονταν	αιφνιδιάστηκα	αιφνιδιάστηκες	αιφνιδιάστηκε	αιφνιδιαστήκαμε	αιφνιδιαστήκατε	αιφνιδιάστηκαν	αιφνιδιάσου	αιφνιδιαστείτε	-
αιφνιδιάζω	-	-	-	-	-	-	αιφνιδίαζα	αιφνιδίαζες	αιφνιδίαζε	αιφνιδιάζαμε	αιφνιδιάζατε	αιφνιδίαζαν	αιφνιδίασα	αιφνιδίασες	αιφνιδίασε	αιφνιδιάσαμε	αιφνιδιάσατε	αιφνιδίασαν	αιφνιδίαζε	αιφνιδιάζετε	-
αιχμαλωτίζομαι	αιχμαλωτίζομαι	αιχμαλωτίζεσαι	αιχμαλωτίζεται	αιχμαλωτιζόμαστε	αιχμαλωτίζεστε	αιχμαλωτίζονται	αιχμαλωτιζόμουν	αιχμαλωτιζόσουν	αιχμαλωτιζόταν	αιχμαλωτιζόμασταν	αιχμαλωτιζόσασταν	αιχμαλωτίζονταν	αιχμαλωτίστηκα	αιχμαλωτίστηκες	αιχμαλωτίστηκε	αιχμαλωτιστήκαμε	αιχμαλωτιστήκατε	αιχμαλωτίστηκαν	αιχμαλωτίσου	αιχμαλωτιστείτε	-
αιχμαλωτίζω	-	-	-	-	-	-	αιχμαλώτιζα	αιχμαλώτιζες	αιχμαλώτιζε	αιχμαλωτίζαμε	αιχμαλωτίζατε	αιχμαλωτίζαν	αιχμαλώτισα	αιχμαλώτισες	αιχμαλώτισε	αιχμαλωτίσαμε	αιχμαλωτίσατε	αιχμαλωτίσαν	αιχμαλώτιζε	αιχμαλωτίζετε	-
ακινητοποιούμαι	ακινητοποιούμαι	ακινητοποιείσαι	ακινητοποιείται	ακινητοποιούμαστε	ακινητοποιείστε	ακινητοποιούνται	ακινητοποιιόμουν	ακινητοποιιόσουν	ακινητοποιιόταν	ακινητοποιιόμασταν	ακινητοποιιόσασταν	ακινητοποιιούνταν	ακινητοποιήθηκα	ακινητοποιήθηκες	ακινητοποιήθηκε	ακινητοποιηθήκαμε	ακινητοποιηθήκατε	ακινητοποιήθηκαν	ακινητοποιήσου	ακινητοποιείστε	—
ακινητοποιώ	ακινητοποιώ	ακινητοποιείς	ακινητοποιεί	ακινητοποιούμε	ακινητοποιείτε	ακινητοποιούν	ακινητοποιούσα	ακινητοποιούσες	ακινητοποιούσε	ακινητοποιούσαμε	ακινητοποιούσατε	ακινητοποιούσαν	ακινητοποίησα	ακινητοποίησες	ακινητοποίησε	ακινητοποιήσαμε	ακινητοποιήσατε	ακινητοποίησαν	ακινητοποίησε	ακινητοποιήστε	ακινητοποιώντας
ακολουθάω	-	ακολουθάς	ακολουθά	ακολουθάμε	ακολουθάτε	ακολουθάν	ακολουθούσα	ακολουθούσες	ακολουθούσε	ακολουθάγαμε	ακολουθάγατε	ακολουθάγανε	ακολούθησα	ακολούθησες	ακολούθησε	ακολουθήσαμε	ακολουθήσατε	ακολουθήσαν	ακολούθησε	ακολουθήστε	ακολουθώντας
ακολουθούμαι	ακολουθούμαι	ακολουθείσαι	ακολουθείται	ακολουθούμαστε	ακολουθείστε	ακολουθούνται	ακολουθιόμουν	ακολουθιόσουν	ακολουθιόταν	ακολουθιόμασταν	ακολουθιόσασταν	ακολουθιούνταν	ακολουθήθηκα	ακολουθήθηκες	ακολουθήθηκε	ακολουθηθήκαμε	ακολουθηθήκατε	ακολουθήθηκαν	ακολουθήσου	ακολουθείστε	—
ακολουθώ	ακολουθάω	ακολουθάς	ακολουθά	ακολουθάμε	ακολουθάτε	ακολουθάν	ακολουθούσα	ακολουθούσες	ακολουθούσε	ακολουθάγαμε	ακολουθάγατε	ακολουθάγανε	ακολούθησα	ακολούθησες	ακολούθησε	ακολουθήσαμε	ακολουθήσατε	ακολουθήσαν	ακολούθησε	ακολουθήστε	ακολουθώντας
ακομπανιάρω	-	-	-	-	-	-	ακομπανιάριζα	ακομπανιάριζες	ακομπανιάριζε	ακομπανιάραμε	ακομπανιάρατε	ακομπανιάραν	ακομπανιάρισα	ακομπανιάρισες	ακομπανιάρισε	ακομπανιάραμε	ακομπανιάρατε	ακομπανιάραν	ακομπανιάριζε	ακομπανιάρετε	-
ακονίζομαι	ακονίζομαι	ακονίζεσαι	ακονίζεται	ακονιζόμαστε	ακονίζεστε	ακονίζονται	ακονιζόμουν	ακονιζόσουν	ακονιζόταν	ακονιζόμασταν	ακονιζόσασταν	ακονίζονταν	ακονίστηκα	ακονίστηκες	ακονίστηκε	ακονιστήκαμε	ακονιστήκατε	ακονίστηκαν	ακονίσου	ακονιστείτε	-
ακονίζω	-	-	-	-	-	-	ακόνιζα	ακόνιζες	ακόνιζε	ακονίζαμε	ακονίζατε	ακονίζαν	ακόνισα	ακόνισες	ακόνισε	ακονίσαμε	ακονίσατε	ακονίσαν	ακόνιζε	ακονίζετε	-
ακοντίζω	-	-	-	-	-	-	ακόντιζα	ακόντιζες	ακόντιζε	ακοντίζαμε	ακοντίζατε	ακοντίζαν	ακόντισα	ακόντισες	ακόντισε	ακοντίσαμε	ακοντίσατε	ακοντίσαν	ακόντιζε	ακοντίζετε	-
ακουμπάω	-	ακουμπάς	ακουμπά	ακουμπάμε	ακουμπάτε	ακουμπάν	ακουμπούσα	ακουμπούσες	ακουμπούσε	ακουμπάγαμε	ακουμπάγατε	ακουμπούσαν	ακούμπησα	ακούμπησες	ακούμπησε	ακουμπήσαμε	ακουμπήσατε	ακουμπήσαν	ακούμπα	ακουμπάτε	ακουμπώντας
ακούγω	-	-	-	-	-	-	άκουγα	άκουγες	άκουγε	ακούγαμε	ακούγατε	ακούγαν	άκουσα	άκουσες	άκουσε	ακούσαμε	ακούσατε	άκουσαν	άκουγε	ακούστε	-
ακούω	-	ακούς	-	ακούμε	ακούτε	ακούν	άκουγα	άκουγες	άκουγε	ακούγαμε	ακούγατε	άκουγαν	άκουσα	άκουσες	άκουσε	ακούσαμε	ακούσατε	άκουσαν	άκου	ακούστε	ακούγοντας
ακριβοπληρώνω	-	-	-	-	-	-	ακριβοπλήρωνα	ακριβοπλήρωνες	ακριβοπλήρωνε	ακριβοπληρώναμε	ακριβοπληρώνατε	ακριβοπλήρωναν	ακριβοπλήρωσα	ακριβοπλήρωσες	ακριβοπλήρωσε	ακριβοπληρώσαμε	ακριβοπληρώσατε	ακριβοπλήρωσαν	ακριβοπλήρωνε	ακριβοπληρώνετε	-
ακροβατώ	ακροβατώ	ακροβατείς	ακροβατεί	ακροβατούμε	ακροβατείτε	ακροβατούν	ακροβατούσα	ακροβατούσες	ακροβατούσε	ακροβατούσαμε	ακροβατούσατε	ακροβατούσαν	-	-	-	-	-	-	-	ακροβατείτε	-
ακρωτηριάζομαι	ακρωτηριάζομαι	ακρωτηριάζεσαι	ακρωτηριάζεται	ακρωτηριαζόμαστε	ακρωτηριάζεστε	ακρωτηριάζονται	ακρωτηριαζόμουν	ακρωτηριαζόσουν	ακρωτηριαζόταν	ακρωτηριαζόμασταν	ακρωτηριαζόσασταν	ακρωτηριάζονταν	ακρωτηριάστηκα	ακρωτηριάστηκες	ακρωτηριάστηκε	ακρωτηριαστήκαμε	ακρωτηριαστήκατε	ακρωτηριάστηκαν	ακρωτηριάσου	ακρωτηριαστείτε	-
ακρωτηριάζω	-	-	-	-	-	-	ακρωτηρίαζα	ακρωτηρίαζες	ακρωτηρίαζε	ακρωτηριάζαμε	ακρωτηριάζατε	ακρωτηρίαζαν	ακρωτηρίασα	ακρωτηρίασες	ακρωτηρίασε	ακρωτηριάσαμε	ακρωτηριάσατε	ακρωτηρίασαν	ακρωτηρίαζε	ακρωτηριάζετε	-
ακυρώνομαι	ακυρώνομαι	ακυρώνεσαι	ακυρώνεται	ακυρωνόμαστε	ακυρωνόσαστε1	ακυρώνονται	ακυρωνόμουν	ακυρωνόσουν	ακυρωνόταν	ακυρωνόμασταν	ακυρωνόσασταν	ακυρωνόντανε	ακυρώθηκα	ακυρώθηκες	ακυρώθηκε	ακυρωθήκαμε	ακυρωθήκατε	ακυρωθήκανε	ακυρώσου	ακυρωθείτε	-
ακυρώνω	-	-	-	-	-	-	ακύρωνα	ακύρωνες	ακύρωνε	ακυρώναμε	ακυρώνατε	ακυρώναν	ακύρωσα	ακύρωσες	ακύρωσε	ακυρώσαμε	ακυρώσατε	ακυρώσαν	ακύρωνε	ακυρώνετε	-
αλέθω	-	-	-	-	-	-	άλεθα	άλεθες	άλεθε	αλέθαμε	αλέθατε	άλεθαν	άλεσα	άλεσες	άλεσε	αλέσαμε	αλέσατε	άλεσαν	άλεθε	αλέθετε	-
αλαλάζω	-	-	-	-	-	-	αλάλαζα	αλάλαζες	αλάλαζε	αλαλάζαμε	αλαλάζατε	αλάλαζαν	αλάλαξα	αλάλαξες	αλάλαξε	αλαλάξαμε	αλαλάξατε	αλάλαξαν	αλάλαζε	αλαλάζετε	-
αλαλιάζω	-	-	-	-	-	-	αλάλιαζα	αλάλιαζες	αλάλιαζε	αλαλιάζαμε	αλαλιάζατε	αλάλιαζαν	αλάλιασα	αλάλιασες	αλάλιασε	αλαλιάσαμε	αλαλιάσατε	αλάλιασαν	αλάλιαζε	αλαλιάζετε	-
αλατίζομαι	αλατίζομαι	αλατίζεσαι	αλατίζεται	αλατιζόμαστε	αλατίζεστε	αλατίζονται	αλατιζόμουν	αλατιζόσουν	αλατιζόταν	αλατιζόμασταν	αλατιζόσασταν	αλατίζονταν	αλατίστηκα	αλατίστηκες	αλατίστηκε	αλατιστήκαμε	αλατιστήκατε	αλατίστηκαν	αλατίσου	αλατιστείτε	-
αλατίζω	-	-	-	-	-	-	αλάτιζα	αλάτιζες	αλάτιζε	αλατίζαμε	αλατίζατε	αλάτιζαν	αλάτισα	αλάτισες	αλάτισε	αλατίσαμε	αλατίσατε	αλάτισαν	αλάτιζε	αλατίζετε	-
αλείβω	-	-	-	-	-	-	άλειβα	άλειβες	άλειβε	αλείβαμε	αλείβατε	άλειβαν	άλειψα	άλειψες	άλειψε	αλείψαμε	αλείψατε	άλειψαν	άλειβε	αλείβετε	-
αλείφω	-	-	-	-	-	-	άλειφα	άλειφες	άλειφε	αλείφαμε	αλείφατε	άλειφαν	άλειψα	άλειψες	άλειψε	αλείψαμε	αλείψατε	άλειψαν	άλειφε	αλείφετε	-
αλεγράρω	-	-	-	-	-	-	αλεγράριζα	αλεγράριζες	αλεγράριζε	αλεγράραμε	αλεγράρατε	αλεγράραν	αλεγράρισα	αλεγράρισες	αλεγράρισε	αλεγράραμε	αλεγράρατε	αλεγράραν	αλεγράριζε	αλεγράρετε	-
αληθεύω	-	-	-	-	-	-	αλήθευα	αλήθευες	αλήθευε	αληθεύαμε	αληθεύατε	αλήθευαν	αλήθεψα	αλήθεψες	αλήθεψε	αληθέψαμε	αληθέψατε	αλήθεψαν	αλήθευε	αληθέψτε	-
αλητεύω	-	-	-	-	-	-	αλήτευα	αλήτευες	αλήτευε	αλητεύαμε	αλητεύατε	αλήτευαν	αλήτεψα	αλήτεψες	αλήτεψε	αλητέψαμε	αλητέψατε	αλήτεψαν	αλήτευε	αλητέψτε	-
αλιεύω	-	-	-	-	-	-	αλίευα	αλίευες	αλίευε	αλιεύαμε	αλιεύατε	αλίευαν	αλίευσα	αλίευσες	αλίευσε	αλιεύσαμε	αλιεύσατε	αλίευσαν	αλίευε	αλιεύετε	-
αλλάζομαι	αλλάζομαι	αλλάζεσαι	αλλάζεται	αλλαζόμαστε	αλλάζεστε	αλλάζονται	αλλαζόμουν	αλλαζόσουν	αλλαζόταν	αλλαζόμασταν	αλλαζόσασταν	αλλάζονταν	αλλάχτηκα	αλλάχτηκες	αλλάχτηκε	αλλαχτήκαμε	αλλαχτήκατε	αλλάχτηκαν	αλλάξου	αλλαχτείτε	-
αλλάζω	-	-	-	-	-	-	άλλαζα	άλλαζες	άλλαζε	αλλάζαμε	αλλάζατε	άλλαζαν	άλλαξα	άλλαξες	άλλαξε	αλλάξαμε	αλλάξατε	άλλαξαν	άλλαζε	αλλάζετε	-
αλληθωρίζω	-	-	-	-	-	-	αλληθώριζα	αλληθώριζες	αλληθώριζε	αλληθωρίζαμε	αλληθωρίζατε	αλληθωρίζαν	αλληθώρισα	αλληθώρισες	αλληθώρισε	αλληθωρίσαμε	αλληθωρίσατε	αλληθωρίσαν	αλληθώριζε	αλληθωρίζετε	-
αλληλεπιδρώ	αλληλεπιδρώ	αλληλεπιδράς	αλληλεπιδρά	αλληλεπιδρούμε	αλληλεπιδράτε	αλληλεπιδρούν	αλληλεπιδρούσα	αλληλεπιδρούσες	αλληλεπιδρούσε	αλληλεπιδρούσαμε	αλληλεπιδρούσατε	αλληλεπιδρούσαν	αλληλεπέδρασα	αλληλεπέδρασες	αλληλεπέδρασε	αλληλεπιδράσαμε	αλληλεπιδράσατε	αλληλεπέδρασαν	αλληλεπίδρασε	αλληλεπιδράστε	αλληλεπιδρώντας
αλλοιθωρίζω	-	-	-	-	-	-	αλλοιθώριζα	αλλοιθώριζες	αλλοιθώριζε	αλλοιθωρίζαμε	αλλοιθωρίζατε	αλλοιθωρίζαν	αλλοιθώρισα	αλλοιθώρισες	αλλοιθώρισε	αλλοιθωρίσαμε	αλλοιθωρίσατε	αλλοιθωρίσαν	αλλοιθώριζε	αλλοιθωρίζετε	-
αλλοιώνομαι	αλλοιώνομαι	αλλοιώνεσαι	αλλοιώνεται	αλλοιωνόμαστε	αλλοιωνόσαστε1	αλλοιώνονται	αλλοιωνόμουν	αλλοιωνόσουν	αλλοιωνόταν	αλλοιωνόμασταν	αλλοιωνόσασταν	αλλοιωνόντανε	αλλοιώθηκα	αλλοιώθηκες	αλλοιώθηκε	αλλοιωθήκαμε	αλλοιωθήκατε	αλλοιωθήκανε	αλλοιώσου	αλλοιωθείτε	-
αλλοιώνω	-	-	-	-	-	-	αλλοίωνα	αλλοίωνες	αλλοίωνε	αλλοιώναμε	αλλοιώνατε	αλλοίωναν	αλλοίωσα	αλλοίωσες	αλλοίωσε	αλλοιώσαμε	αλλοιώσατε	αλλοίωσαν	αλλοίωνε	αλλοιώνετε	-
αλυσοδένομαι	αλυσοδένομαι	αλυσοδένεσαι	αλυσοδένεται	αλυσοδενόμαστε	αλυσοδένεστε	αλυσοδένονται	αλυσοδενόμουν	αλυσοδενόσουν	αλυσοδενόταν	αλυσοδενόμασταν	αλυσοδενόσασταν	αλυσοδένονταν	αλυσοδέθηκα	αλυσοδέθηκες	αλυσοδέθηκε	αλυσοδεθήκαμε	αλυσοδεθήκατε	αλυσοδέθηκαν	αλυσοδέσου	αλυσοδεθείτε	-
αλυσοδένω	-	-	-	-	-	-	αλυσόδενα	αλυσόδενες	αλυσόδενε	αλυσοδέναμε	αλυσοδένατε	αλυσοδέναν	αλυσόδεσα	αλυσόδεσες	αλυσόδεσε	αλυσοδέσαμε	αλυσοδέσατε	αλυσοδέσαν	αλυσόδενε	αλυσοδένετε	-
αλφαδιάζω	-	-	-	-	-	-	αλφάδιαζα	αλφάδιαζες	αλφάδιαζε	αλφαδιάζαμε	αλφαδιάζατε	αλφάδιαζαν	αλφάδιασα	αλφάδιασες	αλφάδιασε	αλφαδιάσαμε	αλφαδιάσατε	αλφάδιασαν	αλφάδιαζε	αλφαδιάζετε	-
αλώνω	-	-	-	-	-	-	άλωνα	άλωνες	άλωνε	αλώναμε	αλώνατε	άλωναν	άλωσα	άλωσες	άλωσε	αλώσαμε	αλώσατε	άλωσαν	άλωνε	αλώνετε	-
αμαρτάνω	-	-	-	-	-	-	αμάρτανα	αμάρτανες	αμάρτανε	αμαρτάναμε	αμαρτάνατε	αμάρταναν	αμάρτησα	αμάρτησες	αμάρτησε	αμαρτήσαμε	αμαρτήσατε	αμάρτησαν	αμάρτανε	αμαρτάνετε	-
αμαρταίνω	-	-	-	-	-	-	αμάρταινα	αμάρταινες	αμάρταινε	αμαρταίναμε	αμαρταίνατε	αμάρταιναν	αμάρτησα	αμάρτησες	αμάρτησε	αμαρτήσαμε	αμαρτήσατε	αμάρτησαν	αμάρταινε	αμαρτήστε	-
αμείβω	-	-	-	-	-	-	άμειβα	άμειβες	άμειβε	αμείβαμε	αμείβατε	άμειβαν	άμειψα	άμειψες	άμειψε	αμείψαμε	αμείψατε	άμειψαν	άμειβε	αμείβετε	-
αμελώ	αμελώ	αμελείς	αμελεί	αμελούμε	αμελείτε	αμελούν	αμελούσα	αμελούσες	αμελούσε	αμελούσαμε	αμελούσατε	αμελούσαν	αμέλησα	αμέλησες	αμέλησε	αμελήσαμε	αμελήσατε	αμέλησαν	αμέλησε	αμελήστε	αμελώντας
αμεροληπτώ	αμεροληπτώ	αμεροληπτείς	αμεροληπτεί	αμεροληπτούμε	αμεροληπτείτε	αμεροληπτούν	αμεροληπτούσα	αμεροληπτούσες	αμεροληπτούσε	αμεροληπτούσαμε	αμεροληπτούσατε	αμεροληπτούσαν	αμερολήπτησα	αμερολήπτησες	αμερολήπτησε	αμεροληπτήσαμε	αμεροληπτήσατε	αμερολήπτησαν	αμερολήπτησε	αμεροληπτήστε	αμεροληπτώντας
αμνηστεύω	-	-	-	-	-	-	αμνήστευα	αμνήστευες	αμνήστευε	αμνηστεύαμε	αμνηστεύατε	αμνήστευαν	αμνήστευσα	αμνήστευσες	αμνήστευσε	αμνηστεύσαμε	αμνηστεύσατε	αμνήστευσαν	αμνήστευε	αμνηστεύετε	-
αμπαλάρω	-	-	-	-	-	-	αμπαλάριζα	αμπαλάριζες	αμπαλάριζε	αμπαλάραμε	αμπαλάρατε	αμπαλάραν	αμπαλάρισα	αμπαλάρισες	αμπαλάρισε	αμπαλάραμε	αμπαλάρατε	αμπαλάραν	αμπαλάριζε	αμπαλάρετε	-
αμπαρώνομαι	αμπαρώνομαι	αμπαρώνεσαι	αμπαρώνεται	αμπαρωνόμαστε	αμπαρωνόσαστε1	αμπαρώνονται	αμπαρωνόμουν	αμπαρωνόσουν	αμπαρωνόταν	αμπαρωνόμασταν	αμπαρωνόσασταν	αμπαρωνόντανε	αμπαρώθηκα	αμπαρώθηκες	αμπαρώθηκε	αμπαρωθήκαμε	αμπαρωθήκατε	αμπαρωθήκανε	αμπαρώσου	αμπαρωθείτε	-
αμπαρώνω	-	-	-	-	-	-	αμπάρωνα	αμπάρωνες	αμπάρωνε	αμπαρώναμε	αμπαρώνατε	αμπάρωναν	αμπάρωσα	αμπάρωσες	αμπάρωσε	αμπαρώσαμε	αμπαρώσατε	αμπάρωσαν	αμπάρωνε	αμπαρώνετε	-
αμφιβάλλω	-	-	-	-	-	-	αμφέβαλλα	αμφέβαλλες	αμφέβαλλε	αμφιβάλλαμε	αμφιβάλλατε	αμφέβαλλαν	αμφέβαλα	αμφέβαλες	αμφέβαλε	αμφιβάλαμε	αμφιβάλατε	αμφέβαλαν	αμφίβαλε	αμφιβάλετε	-
αμφισβητούμαι	αμφισβητούμαι	αμφισβητείσαι	αμφισβητείται	αμφισβητούμαστε	αμφισβητείστε	αμφισβητούνται	αμφισβητιόμουν	αμφισβητιόσουν	αμφισβητιόταν	αμφισβητιόμασταν	αμφισβητιόσασταν	αμφισβητιούνταν	αμφισβητήθηκα	αμφισβητήθηκες	αμφισβητήθηκε	αμφισβητηθήκαμε	αμφισβητηθήκατε	αμφισβητήθηκαν	αμφισβητήσου	αμφισβητείστε	—
αμφισβητώ	αμφισβητώ	αμφισβητείς	αμφισβητεί	αμφισβητούμε	αμφισβητείτε	αμφισβητούν	αμφισβητούσα	αμφισβητούσες	αμφισβητούσε	αμφισβητούσαμε	αμφισβητούσατε	αμφισβητούσαν	αμφισβήτησα	αμφισβήτησες	αμφισβήτησε	αμφισβητήσαμε	αμφισβητήσατε	αμφισβήτησαν	αμφισβήτησε	αμφισβητήστε	αμφισβητώντας
ανάβω	-	-	-	-	-	-	άναβα	άναβες	άναβε	ανάβαμε	ανάβατε	άναβαν	άναψα	άναψες	άναψε	ανάψαμε	ανάψατε	άναψαν	άναβε	ανάβετε	-
ανέρχομαι	ανέρχομαι	ανέρχεσαι	ανέρχεται	ανερχόμαστε	ανέρχεστε	ανέρχονται	ανερχόμουν	ανερχόσουν	ανερχόταν	ανερχόμαστε1	ανερχόσαστε1	ανέρχονταν	ανήλθα	ανήλθες	ανήλθε	ανήλθαμε	ανήλθατε	ανήλθαν	—	ανέλθετε	-
ανέχομαι	ανέχομαι	ανέχεσαι	ανέχεται	ανεχόμαστε	ανέχεστε	ανέχονται	ανεχόμουν	ανεχόσουν	ανεχόταν	ανεχόμασταν	ανεχόσασταν	ανέχονταν	ανέχθηκα	ανέχθηκες	ανέχθηκε	ανεχθήκαμε	ανεχθήκατε	ανέχθηκαν	ανέξου	ανεχθείτε	-
ανήκω	-	-	-	-	-	-	ανήκα	ανήκες	ανήκε	ανήκαμε	ανήκατε	ανήκαν	-	-	-	-	-	-	άνηκε	ανήκετε	-
αναβάλλω	-	-	-	-	-	-	ανέβαλλα	ανέβαλλες	ανέβαλλε	αναβάλλαμε	αναβάλλατε	ανέβαλλαν	ανέβαλα	ανέβαλες	ανέβαλε	αναβάλαμε	αναβάλατε	ανέβαλαν	ανάβαλε	αναβάλετε	-
αναβαθμίζω	-	-	-	-	-	-	αναβάθμιζα	αναβάθμιζες	αναβάθμιζε	αναβαθμίζαμε	αναβαθμίζατε	αναβάθμιζαν	αναβάθμισα	αναβάθμισες	αναβάθμισε	αναβαθμίσαμε	αναβαθμίσατε	αναβάθμισαν	αναβάθμιζε	αναβαθμίζετε	-
αναβιβάζω	-	-	-	-	-	-	αναβίβαζα	αναβίβαζες	αναβίβαζε	αναβιβάζαμε	αναβιβάζατε	αναβίβαζαν	αναβίβασα	αναβίβασες	αναβίβασε	αναβιβάσαμε	αναβιβάσατε	αναβίβασαν	αναβίβαζε	αναβιβάζετε	-
αναβλέπω	-	-	-	-	-	-	ανάβλεπα	ανάβλεπες	ανάβλεπε	αναβλέπαμε	αναβλέπατε	ανάβλεπαν	ανάβλεψα	ανάβλεψες	ανάβλεψε	αναβλέψαμε	αναβλέψατε	ανάβλεψαν	ανάβλεπε	αναβλέπετε	-
αναβοσβήνω	-	-	-	-	-	-	αναβόσβηνα	αναβόσβηνες	αναβόσβηνε	αναβοσβήναμε	αναβοσβήνατε	αναβοσβήναν	αναβόσβησα	αναβόσβησες	αναβόσβησε	αναβοσβήσαμε	αναβοσβήσατε	αναβοσβήσαν	αναβόσβηνε	αναβοσβήνετε	-
αναβράζω	-	-	-	-	-	-	ανάβραζα	ανάβραζες	ανάβραζε	αναβράζαμε	αναβράζατε	ανάβραζαν	-	ανάβρασες	ανάβρασε	αναβράσαμε	αναβράσατε	ανάβρασαν	ανάβραζε	αναβράζετε	αναβράζον}
αναγαλλιάζω	-	-	-	-	-	-	αναγάλλιαζα	αναγάλλιαζες	αναγάλλιαζε	αναγαλλιάζαμε	αναγαλλιάζατε	αναγάλλιαζαν	αναγάλλιασα	αναγάλλιασες	αναγάλλιασε	αναγαλλιάσαμε	αναγαλλιάσατε	αναγάλλιασαν	αναγάλλιαζε	αναγαλλιάζετε	-
αναγγέλλω	-	-	-	-	-	-	ανάγγελλα	ανάγγελλες	ανάγγελλε	αναγγέλλαμε	αναγγέλλατε	ανάγγελλαν	ανάγγειλα	ανάγγειλες	ανάγγειλε	αναγγείλαμε	αναγγείλατε	ανάγγειλαν	ανάγγειλε	αναγγέλλετε	-
αναγγέλω	αναγγέλλω	αναγγέλλεις	αναγγέλλει	αναγγέλλομε	αναγγέλλετε	αναγγέλλουν	ανάγγελλα	ανάγγελλες	ανάγγελλε	αναγγέλλαμε	αναγγέλλατε	ανάγγελλαν	ανάγγειλα	ανάγγειλες	ανάγγειλε	αναγγείλαμε	αναγγείλατε	ανάγγειλαν	ανάγγειλε	αναγγέλλετε	αναγγέλλοντας
αναγκάζομαι	αναγκάζομαι	αναγκάζεσαι	αναγκάζεται	αναγκαζόμαστε	αναγκάζεστε	αναγκάζονται	αναγκαζόμουν	αναγκαζόσουν	αναγκαζόταν	αναγκαζόμασταν	αναγκαζόσασταν	αναγκάζονταν	αναγκάστηκα	αναγκάστηκες	αναγκάστηκε	αναγκαστήκαμε	αναγκαστήκατε	αναγκάστηκαν	αναγκάσου	αναγκαστείτε	-
αναγκάζω	-	-	-	-	-	-	ανάγκαζα	ανάγκαζες	ανάγκαζε	αναγκάζαμε	αναγκάζατε	ανάγκαζαν	ανάγκασα	ανάγκασες	ανάγκασε	αναγκάσαμε	αναγκάσατε	ανάγκασαν	ανάγκαζε	αναγκάζετε	-
αναγνωρίζομαι	αναγνωρίζομαι	αναγνωρίζεσαι	αναγνωρίζεται	αναγνωριζόμαστε	αναγνωρίζεστε	αναγνωρίζονται	αναγνωριζόμουν	αναγνωριζόσουν	αναγνωριζόταν	αναγνωριζόμασταν	αναγνωριζόσασταν	αναγνωρίζονταν	αναγνωρίστηκα	αναγνωρίστηκες	αναγνωρίστηκε	αναγνωριστήκαμε	αναγνωριστήκατε	αναγνωρίστηκαν	αναγνωρίσου	αναγνωριστείτε	-
αναγνωρίζω	-	-	-	-	-	-	αναγνώριζα	αναγνώριζες	αναγνώριζε	αναγνωρίζαμε	αναγνωρίζατε	αναγνωρίζαν	αναγνώρισα	αναγνώρισες	αναγνώρισε	αναγνωρίσαμε	αναγνωρίσατε	αναγνωρίσαν	αναγνώριζε	αναγνωρίζετε	-
αναγορεύω	αvαγορεύω	αvαγορεύεις	αvαγορεύει	αvαγορεύουμε	αvαγορεύετε	αvαγορεύουν	αvαγόρευα	αvαγόρευες	αvαγόρευε	αvαγορεύαμε	αvαγορεύατε	αvαγορεύαν	αvαγόρευσα	αvαγόρευσες	αvαγόρευσε	αvαγορεύσαμε	αvαγορεύσατε	αvαγορεύσαν	αvαγόρευε	αvαγορεύετε	αvαγορεύοντας
αναγουλιάζω	-	-	-	-	-	-	αναγούλιαζα	αναγούλιαζες	αναγούλιαζε	αναγουλιάζαμε	αναγουλιάζατε	αναγουλιάζαν	αναγούλιασα	αναγούλιασες	αναγούλιασε	αναγουλιάσαμε	αναγουλιάσατε	αναγουλιάσαν	αναγούλιαζε	αναγουλιάζετε	-
αναγράφω	-	-	-	-	-	-	ανέγραφα	ανέγραφες	ανέγραφε	αναγράφαμε	αναγράφατε	ανέγραφαν	ανέγραψα	ανέγραψες	ανέγραψε	αναγράψαμε	αναγράψατε	ανέγραψαν	ανάγραφε	αναγράφετε	-
αναγραμματίζω	-	-	-	-	-	-	αναγραμμάτιζα	αναγραμμάτιζες	αναγραμμάτιζε	αναγραμματίζαμε	αναγραμματίζατε	αναγραμμάτιζαν	αναγραμμάτισα	αναγραμμάτισες	αναγραμμάτισε	αναγραμματίσαμε	αναγραμματίσατε	αναγραμμάτισαν	αναγραμμάτιζε	αναγραμματίζετε	-
αναδείχνω	-	-	-	-	-	-	ανάδειχνα	ανάδειχνες	ανάδειχνε	αναδείχναμε	αναδείχνατε	ανάδειχναν	ανάδειξα	ανάδειξες	ανάδειξε	αναδείξαμε	αναδείξατε	ανάδειξαν	ανάδειξε	αναδείξτε	-
αναδεικνύω	-	-	-	-	-	-	αναδείκνυα	αναδείκνυες	αναδείκνυε	αναδεικνύαμε	αναδεικνύατε	αναδείκνυαν	ανάδειξα	ανάδειξες	ανάδειξε	αναδείξαμε	αναδείξατε	ανάδειξαν	ανάδειξε	αναδείξτε	-
αναδεύω	-	-	-	-	-	-	ανάδευα	ανάδευες	ανάδευε	αναδεύαμε	αναδεύατε	ανάδευαν	ανάδευσα	ανάδευσες	ανάδευσε	αναδέψαμε	αναδέψατε	ανάδευσαν	ανάδευε	αναδέψτε	-
αναδιοργανώνομαι	αναδιοργανώνομαι	αναδιοργανώνεσαι	αναδιοργανώνεται	αναδιοργανωνόμαστε	αναδιοργανωνόσαστε1	αναδιοργανώνονται	αναδιοργανωνόμουν	αναδιοργανωνόσουν	αναδιοργανωνόταν	αναδιοργανωνόμασταν	αναδιοργανωνόσασταν	αναδιοργανωνόντανε	αναδιοργανώθηκα	αναδιοργανώθηκες	αναδιοργανώθηκε	αναδιοργανωθήκαμε	αναδιοργανωθήκατε	αναδιοργανωθήκανε	αναδιοργανώσου	αναδιοργανωθείτε	-
αναδιοργανώνω	-	-	-	-	-	-	αναδιοργάνωνα	αναδιοργάνωνες	αναδιοργάνωνε	αναδιοργανώναμε	αναδιοργανώνατε	αναδιοργάνωναν	αναδιοργάνωσα	αναδιοργάνωσες	αναδιοργάνωσε	αναδιοργανώσαμε	αναδιοργανώσατε	αναδιοργάνωσαν	αναδιοργάνωνε	αναδιοργανώνετε	-
αναζητάω	-	αναζητάς	-	αναζητάμε	αναζητάτε	αναζητάν	αναζήταγα	αναζήταγες	αναζήταγε	αναζητάγαμε	αναζητάγατε	αναζήταγαν	αναζήτησα	αναζήτησες	αναζήτησε	αναζητήσαμε	αναζητήσατε	αναζήτησαν	αναζήτα	αναζητήστε	αναζητώντας
αναζητούμαι	αναζητούμαι	αναζητείσαι	αναζητείται	αναζητούμαστε	αναζητείστε	αναζητούνται	αναζητιόμουν	αναζητιόσουν	αναζητιόταν	αναζητιόμασταν	αναζητιόσασταν	αναζητιούνταν	αναζητήθηκα	αναζητήθηκες	αναζητήθηκε	αναζητηθήκαμε	αναζητηθήκατε	αναζητήθηκαν	αναζητήσου	αναζητείστε	—
αναζητώ	αναζητάω	αναζητάς	αναζητά	αναζητάμε	αναζητάτε	αναζητάν	αναζήταγα	αναζήταγες	αναζήταγε	αναζητάγαμε	αναζητάγατε	αναζήταγαν	αναζήτησα	αναζήτησες	αναζήτησε	αναζητήσαμε	αναζητήσατε	αναζήτησαν	αναζήτα	αναζητάτε	αναζητώντας
αναζωογονούμαι	αναζωογονούμαι	αναζωογονείσαι	αναζωογονείται	αναζωογονούμαστε	αναζωογονείστε	αναζωογονούνται	αναζωογονιόμουν	αναζωογονιόσουν	αναζωογονιόταν	αναζωογονιόμασταν	αναζωογονιόσασταν	αναζωογονιούνταν	αναζωογονήθηκα	αναζωογονήθηκες	αναζωογονήθηκε	αναζωογονηθήκαμε	αναζωογονηθήκατε	αναζωογονήθηκαν	αναζωογονήσου	αναζωογονείστε	—
αναζωογονώ	αναζωογονώ	αναζωογονείς	αναζωογονεί	αναζωογονούμε	αναζωογονείτε	αναζωογονούν	αναζωογονούσα	αναζωογονούσες	αναζωογονούσε	αναζωογονούσαμε	αναζωογονούσατε	αναζωογονούσαν	αναζωογόνησα	αναζωογόνησες	αναζωογόνησε	αναζωογονήσαμε	αναζωογονήσατε	αναζωογονήσαν	αναζωογόνησε	αναζωογονήστε	αναζωογονώντας
αναζωπυρώνω	-	-	-	-	-	-	αναζωπύρωνα	αναζωπύρωνες	αναζωπύρωνε	αναζωπυρώναμε	αναζωπυρώνατε	αναζωπυρώναν	αναζωπύρωσα	αναζωπύρωσες	αναζωπύρωσε	αναζωπυρώσαμε	αναζωπυρώσατε	αναζωπυρώσαν	αναζωπύρωνε	αναζωπυρώνετε	-
αναθάλλω	-	-	-	-	-	-	ανέθαλλα	ανέθαλλες	ανέθαλλε	αναθάλλαμε	αναθάλλατε	ανέθαλλαν	ανέθαλα	ανέθαλες	ανέθαλε	αναθάλαμε	αναθάλατε	ανέθαλαν	ανάθαλε	αναθάλετε	-
αναθεματίζομαι	αναθεματίζομαι	αναθεματίζεσαι	αναθεματίζεται	αναθεματιζόμαστε	αναθεματίζεστε	αναθεματίζονται	αναθεματιζόμουν	αναθεματιζόσουν	αναθεματιζόταν	αναθεματιζόμασταν	αναθεματιζόσασταν	αναθεματίζονταν	αναθεματίστηκα	αναθεματίστηκες	αναθεματίστηκε	αναθεματιστήκαμε	αναθεματιστήκατε	αναθεματίστηκαν	αναθεματίσου	αναθεματιστείτε	-
αναθεματίζω	-	-	-	-	-	-	αναθεμάτιζα	αναθεμάτιζες	αναθεμάτιζε	αναθεματίζαμε	αναθεματίζατε	αναθεμάτιζαν	αναθεμάτισα	αναθεμάτισες	αναθεμάτισε	αναθεματίσαμε	αναθεματίσατε	αναθεμάτισαν	αναθεμάτιζε	αναθεματίζετε	-
αναιρώ	αναιρώ	αναιρείς	αναιρεί	αναιρούμε	αναιρείτε	αναιρούν	αναιρούσα	αναιρούσες	αναιρούσε	αναιρούσαμε	αναιρούσατε	αναιρούσαν	αναίρεσα	αναίρεσες	αναίρεσε	αναιρέσαμε	αναιρέσατε	αναίρεσαν	αναίρεσε	αναιρέστε	αναιρώντας
ανακάμπτω	-	-	-	-	-	-	ανέκαμπτα	ανέκαμπτες	ανέκαμπτε	ανακάμπταμε	ανακάμπτατε	ανέκαμπταν	ανέκαμψα	ανέκαμψες	ανέκαμψε	ανακάμψαμε	ανακάμψατε	ανέκαμψαν	ανάκαμψε	ανακάμπτετε	-
ανακαινίζομαι	ανακαινίζομαι	ανακαινίζεσαι	ανακαινίζεται	ανακαινιζόμαστε	ανακαινίζεστε	ανακαινίζονται	ανακαινιζόμουν	ανακαινιζόσουν	ανακαινιζόταν	ανακαινιζόμασταν	ανακαινιζόσασταν	ανακαινίζονταν	ανακαινίστηκα	ανακαινίστηκες	ανακαινίστηκε	ανακαινιστήκαμε	ανακαινιστήκατε	ανακαινίστηκαν	ανακαινίσου	ανακαινιστείτε	-
ανακαινίζω	-	-	-	-	-	-	ανακαίνιζα	ανακαίνιζες	ανακαίνιζε	ανακαινίζαμε	ανακαινίζατε	ανακαίνιζαν	ανακαίνισα	ανακαίνισες	ανακαίνισε	ανακαινίσαμε	ανακαινίσατε	ανακαίνισαν	ανακαίνιζε	ανακαινίζετε	-
ανακαλύπτω	-	-	-	-	-	-	ανακάλυπτα	ανακάλυπτες	ανακάλυπτε	ανακαλύπταμε	ανακαλύπτατε	ανακάλυπταν	ανακάλυψα	ανακάλυψες	ανακάλυψε	ανακαλύψαμε	ανακαλύψατε	ανακάλυψαν	ανακάλυπτε	ανακαλύπτετε	-
ανακατεύομαι	ανακατεύομαι	ανακατεύεσαι	ανακατεύεται	ανακατευόμαστε	ανακατευόσαστε1	ανακατεύονται	ανακατευόμουν	ανακατευόσουν	ανακατευόταν	ανακατευόμασταν	ανακατευόσασταν	ανακατευόντανε	ανακατεύτηκα	ανακατεύτηκες	ανακατεύτηκε	ανακατευτήκαμε	ανακατευτήκατε	ανακατευτήκανε	ανακατέψου	ανακατευτείτε	-
ανακατεύω	-	-	-	-	-	-	ανακάτευα	ανακάτευες	ανακάτευε	ανακατεύαμε	ανακατεύατε	ανακάτευαν	ανακάτεψα	ανακάτεψες	ανακάτεψε	ανακατέψαμε	ανακατέψατε	ανακάτεψαν	ανακάτευε	ανακατέψτε	-
ανακατώνομαι	ανακατώνομαι	ανακατώνεσαι	ανακατώνεται	ανακατωνόμαστε	ανακατωνόσαστε1	ανακατώνονται	ανακατωνόμουν	ανακατωνόσουν	ανακατωνόταν	ανακατωνόμασταν	ανακατωνόσασταν	ανακατωνόντανε	ανακατώθηκα	ανακατώθηκες	ανακατώθηκε	ανακατωθήκαμε	ανακατωθήκατε	ανακατωθήκανε	ανακατώσου	ανακατωθείτε	-
ανακατώνω	-	-	-	-	-	-	ανακάτωνα	ανακάτωνες	ανακάτωνε	ανακατώναμε	ανακατώνατε	ανακάτωναν	ανακάτωσα	ανακάτωσες	ανακάτωσε	ανακατώσαμε	ανακατώσατε	ανακάτωσαν	ανακάτωνε	ανακατώνετε	-
ανακινούμαι	ανακινούμαι	ανακινείσαι	ανακινείται	ανακινούμαστε	ανακινείστε	ανακινούνται	ανακινιόμουν	ανακινιόσουν	ανακινιόταν	ανακινιόμασταν	ανακινιόσασταν	ανακινιούνταν	ανακινήθηκα	ανακινήθηκες	ανακινήθηκε	ανακινηθήκαμε	ανακινηθήκατε	ανακινήθηκαν	ανακινήσου	ανακινείστε	—
ανακινώ	ανακινώ	ανακινείς	ανακινεί	ανακινούμε	ανακινείτε	ανακινούν	ανακινούσα	ανακινούσες	ανακινούσε	ανακινούσαμε	ανακινούσατε	ανακινούσαν	ανακίνησα	ανακίνησες	ανακίνησε	ανακινήσαμε	ανακινήσατε	ανακίνησαν	ανακίνησε	ανακινήστε	ανακινώντας
ανακλώ	ανακλώ	ανακλάς	ανακλά	ανακλούμε	ανακλάτε	ανακλούν	ανακλούσα	ανακλούσες	ανακλούσε	ανακλούσαμε	ανακλούσατε	ανακλούσαν	ανάκλασα	ανάκλασες	ανάκλασε	ανακλάσαμε	ανακλάσατε	ανάκλασαν	ανάκλασε	ανακλάστε	ανακλώντας
ανακοινώνομαι	ανακοινώνομαι	ανακοινώνεσαι	ανακοινώνεται	ανακοινωνόμαστε	ανακοινωνόσαστε1	ανακοινώνονται	ανακοινωνόμουν	ανακοινωνόσουν	ανακοινωνόταν	ανακοινωνόμασταν	ανακοινωνόσασταν	ανακοινωνόντανε	ανακοινώθηκα	ανακοινώθηκες	ανακοινώθηκε	ανακοινωθήκαμε	ανακοινωθήκατε	ανακοινωθήκανε	ανακοινώσου	ανακοινωθείτε	-
ανακοινώνω	-	-	-	-	-	-	ανακοίνωνα	ανακοίνωνες	ανακοίνωνε	ανακοινώναμε	ανακοινώνατε	ανακοίνωναν	ανακοίνωσα	ανακοίνωσες	ανακοίνωσε	ανακοινώσαμε	ανακοινώσατε	ανακοίνωσαν	ανακοίνωνε	ανακοινώνετε	-
ανακουφίζομαι	ανακουφίζομαι	ανακουφίζεσαι	ανακουφίζεται	ανακουφιζόμαστε	ανακουφίζεστε	ανακουφίζονται	ανακουφιζόμουν	ανακουφιζόσουν	ανακουφιζόταν	ανακουφιζόμασταν	ανακουφιζόσασταν	ανακουφίζονταν	ανακουφίστηκα	ανακουφίστηκες	ανακουφίστηκε	ανακουφιστήκαμε	ανακουφιστήκατε	ανακουφίστηκαν	ανακουφίσου	ανακουφιστείτε	-
ανακουφίζω	-	-	-	-	-	-	ανακούφιζα	ανακούφιζες	ανακούφιζε	ανακουφίζαμε	ανακουφίζατε	ανακουφίζαν	ανακούφισα	ανακούφισες	ανακούφισε	ανακουφίσαμε	ανακουφίσατε	ανακουφίσαν	ανακούφιζε	ανακουφίζετε	-
ανακράζω	-	-	-	-	-	-	ανέκραζα	ανέκραζες	ανέκραζε	ανακράζαμε	ανακράζατε	ανέκραζαν	ανέκραξα	ανέκραξες	ανέκραξε	ανακράξαμε	ανακράξατε	ανέκραξαν	ανέκραζε	ανακράζετε	-
ανακρίνομαι	ανακρίνομαι	ανακρίνεσαι	ανακρίνεται	ανακρινόμαστε	ανακρίνεστε	ανακρίνονται	ανακρινόμουν	ανακρινόσουν	ανακρινόταν	ανακρινόμασταν	ανακρινόσασταν	ανακρίνονταν	ανακρίθηκα	ανακρίθηκες	ανακρίθηκε	ανακριθήκαμε	ανακριθήκατε	ανακρίθηκαν	ανακρίσου	ανακριθείτε	-
ανακρίνω	-	-	-	-	-	-	ανάκρινα	ανάκρινες	ανάκρινε	ανακρίναμε	ανακρίνατε	ανάκριναν	ανάκρινα	ανάκρινες	ανάκρινε	ανακρίναμε	ανακρίνατε	ανάκριναν	ανάκρινε	ανακρίνετε	-
ανακρούω	-	-	-	-	-	-	ανέκρουα	ανέκρουες	ανέκρουε	ανακρούαμε	ανακρούατε	ανέκρουαν	ανέκρουσα	ανέκρουσες	ανέκρουσε	ανακρούσαμε	ανακρούσατε	ανέκρουσαν	ανάκρουε	ανακρούετε	-
ανακτώ	ανακτώ	ανακτάς	ανακτά	ανακτούμε	ανακτάτε	ανακτούν	ανακτούσα	ανακτούσες	ανακτούσε	ανακτούσαμε	ανακτούσατε	ανακτούσαν	ανέκτησα	ανέκτησες	ανέκτησε	ανακτήσαμε	ανακτήσατε	ανέκτησαν	ανάκτησε	ανακτάτε	ανακτώντας
ανακτώμαι	ανακτώμαι	ανακτάσαι	ανακτάται	ανακτόμαστε	ανακτάσθε	ανακτώνται	—	—	—	—	—	—	ανακτήθηκα	ανακτήθηκες	ανακτήθηκε	ανακτηθήκαμε	ανακτηθήκατε	ανακτήθηκαν	ανακτήσου	ανακτάσθε	—
ανακυκλώνομαι	ανακυκλώνομαι	ανακυκλώνεσαι	ανακυκλώνεται	ανακυκλωνόμαστε	ανακυκλωνόσαστε1	ανακυκλώνονται	ανακυκλωνόμουν	ανακυκλωνόσουν	ανακυκλωνόταν	ανακυκλωνόμασταν	ανακυκλωνόσασταν	ανακυκλωνόντανε	ανακυκλώθηκα	ανακυκλώθηκες	ανακυκλώθηκε	ανακυκλωθήκαμε	ανακυκλωθήκατε	ανακυκλωθήκανε	ανακυκλώσου	ανακυκλωθείτε	-
ανακυκλώνω	-	-	-	-	-	-	ανακύκλωνα	ανακύκλωνες	ανακύκλωνε	ανακυκλώναμε	ανακυκλώνατε	ανακυκλώναν	ανακύκλωσα	ανακύκλωσες	ανακύκλωσε	ανακυκλώσαμε	ανακυκλώσατε	ανακυκλώσαν	ανακύκλωνε	ανακυκλώνετε	-
ανακόπτω	-	-	-	-	-	-	ανέκοπτα	ανέκοπτες	ανέκοπτε	ανακόπταμε	ανακόπτατε	ανέκοπταν	ανέκοψα	ανέκοψες	ανέκοψε	ανακόψαμε	ανακόψατε	ανέκοψαν	ανάκοπτε	ανακόπτετε	-
ανακύπτω	-	-	-	-	-	-	ανέκυπτα	ανέκυπτες	ανέκυπτε	ανακύπταμε	ανακύπτατε	ανέκυπταν	ανέκυψα	ανέκυψες	ανέκυψε	ανακύψαμε	ανακύψατε	ανέκυψαν	-	ανακύπτετε	-
αναλογίζομαι	αναλογίζομαι	αναλογίζεσαι	αναλογίζεται	αναλογιζόμαστε	αναλογίζεστε	αναλογίζονται	αναλογιζόμουν	αναλογιζόσουν	αναλογιζόταν	αναλογιζόμασταν	αναλογιζόσασταν	αναλογίζονταν	αναλογίστηκα	αναλογίστηκες	αναλογίστηκε	αναλογιστήκαμε	αναλογιστήκατε	αναλογίστηκαν	αναλογίσου	αναλογιστείτε	-
αναλογώ	αναλογώ	αναλογείς	αναλογεί	αναλογούμε	αναλογείτε	αναλογούν	αναλογούσα	αναλογούσες	αναλογούσε	αναλογούσαμε	αναλογούσατε	αναλογούσαν	-	-	-	-	-	-	-	αναλογείτε	-
αναλύω	-	-	-	-	-	-	ανέλυα	ανέλυες	ανέλυε	αναλύαμε	αναλύατε	ανέλυαν	ανάλυσα	ανάλυσες	ανάλυσε	αναλύσαμε	αναλύσατε	ανάλυσαν	ανάλυε	αναλύετε	-
αναλώ	αναλάω	αναλάς	αναλά	αναλάμε	αναλάτε	αναλάν	αναλούσα	αναλούσες	αναλούσε	αναλούσαμε	αναλούσατε	αναλούσαν	-	-	-	-	-	-	-	αναλάτε	-
αναλώνομαι	αναλώνομαι	αναλώνεσαι	αναλώνεται	αναλωνόμαστε	αναλωνόσαστε1	αναλώνονται	αναλωνόμουν	αναλωνόσουν	αναλωνόταν	αναλωνόμασταν	αναλωνόσασταν	αναλωνόντανε	αναλώθηκα	αναλώθηκες	αναλώθηκε	αναλωθήκαμε	αναλωθήκατε	αναλωθήκανε	αναλώσου	αναλωθείτε	-
αναλώνω	-	-	-	-	-	-	ανάλωνα	ανάλωνες	ανάλωνε	αναλώναμε	αναλώνατε	ανάλωναν	ανάλωσα	ανάλωσες	ανάλωσε	αναλώσαμε	αναλώσατε	ανάλωσαν	ανάλωνε	αναλώνετε	-
αναμειγνύω	-	-	-	-	-	-	αναμείγνυα	αναμείγνυες	αναμείγνυε	αναμειγνύαμε	αναμειγνύατε	αναμείγνυαν	ανάμειξα	ανάμειξες	ανάμειξε	αναμείξαμε	αναμείξατε	ανάμειξαν	ανάμειξε	αναμείξτε	-
αναμορφώνομαι	αναμορφώνομαι	αναμορφώνεσαι	αναμορφώνεται	αναμορφωνόμαστε	αναμορφωνόσαστε1	αναμορφώνονται	αναμορφωνόμουν	αναμορφωνόσουν	αναμορφωνόταν	αναμορφωνόμασταν	αναμορφωνόσασταν	αναμορφωνόντανε	αναμορφώθηκα	αναμορφώθηκες	αναμορφώθηκε	αναμορφωθήκαμε	αναμορφωθήκατε	αναμορφωθήκανε	αναμορφώσου	αναμορφωθείτε	-
αναμορφώνω	-	-	-	-	-	-	αναμόρφωνα	αναμόρφωνες	αναμόρφωνε	αναμορφώναμε	αναμορφώνατε	αναμορφώναν	αναμόρφωσα	αναμόρφωσες	αναμόρφωσε	αναμορφώσαμε	αναμορφώσατε	αναμορφώσαν	αναμόρφωνε	αναμορφώνετε	-
αναμπαίζω	-	-	-	-	-	-	ανάμπαιζα	ανάμπαιζες	ανάμπαιζε	αναμπαίζαμε	αναμπαίζατε	ανάμπαιζαν	ανάμπαιξα	ανάμπαιξες	ανάμπαιξε	αναμπαίξαμε	αναμπαίξατε	ανάμπαιξαν	ανάμπαιζε	αναμπαίζετε	-
ανανήφω	-	-	-	-	-	-	ανένηφα	ανένηφες	ανένηφε	ανανήφαμε	ανανήφατε	ανένηφαν	ανένηψα	ανένηψες	ανένηψε	ανανήψαμε	ανανήψατε	ανένηψαν	ανάνηφε	ανανήφετε	-
ανανεώνομαι	ανανεώνομαι	ανανεώνεσαι	ανανεώνεται	ανανεωνόμαστε	ανανεωνόσαστε1	ανανεώνονται	ανανεωνόμουν	ανανεωνόσουν	ανανεωνόταν	ανανεωνόμασταν	ανανεωνόσασταν	ανανεωνόντανε	ανανεώθηκα	ανανεώθηκες	ανανεώθηκε	ανανεωθήκαμε	ανανεωθήκατε	ανανεωθήκανε	ανανεώσου	ανανεωθείτε	-
ανανεώνω	-	-	-	-	-	-	ανανέωνα	ανανέωνες	ανανέωνε	ανανεώναμε	ανανεώνατε	ανανέωναν	ανανέωσα	ανανέωσες	ανανέωσε	ανανεώσαμε	ανανεώσατε	ανανέωσαν	ανανέωνε	ανανεώνετε	-
αναπάλλω	-	-	-	-	-	-	ανέπαλλα	ανέπαλλες	ανέπαλλε	αναπάλλαμε	αναπάλλατε	ανέπαλλαν	ανέπαλα	ανέπαλες	ανέπαλε	αναπάλαμε	αναπάλατε	ανέπαλαν	-	αναπάλλετε	αναπάλλον}
αναπαλαιώνω	-	-	-	-	-	-	αναπαλαίωνα	αναπαλαίωνες	αναπαλαίωνε	αναπαλαιώναμε	αναπαλαιώνατε	αναπαλαίωναν	αναπαλαίωσα	αναπαλαίωσες	αναπαλαίωσε	αναπαλαιώσαμε	αναπαλαιώσατε	αναπαλαίωσαν	αναπαλαίωνε	αναπαλαιώνετε	-
αναπαύομαι	αναπαύομαι	αναπαύεσαι	αναπαύεται	αναπαυόμαστε	αναπαυόσαστε1	αναπαύονται	αναπαυόμουν	αναπαυόσουν	αναπαυόταν	αναπαυόμασταν	αναπαυόσασταν	αναπαυόντανε	αναπαύθηκα	αναπαύθηκες	αναπαύθηκε	αναπαυθήκαμε	αναπαυθήκατε	αναπαυθήκανε	αναπαύσου	αναπαυθείτε	-
αναπαύω	-	-	-	-	-	-	ανάπαυα	ανάπαυες	ανάπαυε	αναπαύαμε	αναπαύατε	ανάπαυαν	ανάπαυσα	ανάπαυσες	ανάπαυσε	αναπάψαμε	αναπάψατε	ανάπαυσαν	ανάπαυ'	αναπάψτε	-
αναπεταρίζω	-	-	-	-	-	-	αναπετάριζα	αναπετάριζες	αναπετάριζε	αναπεταρίζαμε	αναπεταρίζατε	αναπετάριζαν	αναπετάρισα	αναπετάρισες	αναπετάρισε	αναπεταρίσαμε	αναπεταρίσατε	αναπετάρισαν	αναπετάριζε	αναπεταρίζετε	-
αναπλέω	-	-	-	-	-	-	ανέπλεα	ανέπλεες	ανέπλεε	αναπλέαμε	αναπλέατε	ανέπλεαν	ανέπλευσα	ανέπλευσες	ανέπλευσε	αναπλεύσαμε	αναπλεύσατε	ανέπλευσαν	ανάπλεε	αναπλέετε	-
αναπλειστηριάζω	-	-	-	-	-	-	αναπλειστηρίαζα	αναπλειστηρίαζες	αναπλειστηρίαζε	αναπλειστηριάζαμε	αναπλειστηριάζατε	αναπλειστηρίαζαν	αναπλειστηρίασα	αναπλειστηρίασες	αναπλειστηρίασε	αναπλειστηριάσαμε	αναπλειστηριάσατε	αναπλειστηρίασαν	αναπλειστηρίαζε	αναπλειστηριάζετε	-
αναπληρώνομαι	αναπληρώνομαι	αναπληρώνεσαι	αναπληρώνεται	αναπληρωνόμαστε	αναπληρωνόσαστε1	αναπληρώνονται	αναπληρωνόμουν	αναπληρωνόσουν	αναπληρωνόταν	αναπληρωνόμασταν	αναπληρωνόσασταν	αναπληρωνόντανε	αναπληρώθηκα	αναπληρώθηκες	αναπληρώθηκε	αναπληρωθήκαμε	αναπληρωθήκατε	αναπληρωθήκανε	αναπληρώσου	αναπληρωθείτε	-
αναπληρώνω	-	-	-	-	-	-	αναπλήρωνα	αναπλήρωνες	αναπλήρωνε	αναπληρώναμε	αναπληρώνατε	αναπλήρωναν	αναπλήρωσα	αναπλήρωσες	αναπλήρωσε	αναπληρώσαμε	αναπληρώσατε	αναπλήρωσαν	αναπλήρωνε	αναπληρώνετε	-
αναπνέω	-	-	-	-	-	-	ανάπνεα	ανάπνεες	ανάπνεε	αναπνέαμε	αναπνέατε	ανάπνεαν	ανάπνευσα	ανάπνευσες	ανάπνευσε	αναπνεύσαμε	αναπνεύσατε	ανάπνευσαν	ανάπνεε	αναπνέετε	-
αναποδίζω	-	-	-	-	-	-	αναπόδιζα	αναπόδιζες	αναπόδιζε	αναποδίζαμε	αναποδίζατε	αναποδίζαν	αναπόδισα	αναπόδισες	αναπόδισε	αναποδίσαμε	αναποδίσατε	αναποδίσαν	αναπόδιζε	αναποδίζετε	-
αναποδιάζω	-	-	-	-	-	-	αναπόδιαζα	αναπόδιαζες	αναπόδιαζε	αναποδιάζαμε	αναποδιάζατε	αναποδιάζαν	αναπόδιασα	αναπόδιασες	αναπόδιασε	αναποδιάσαμε	αναποδιάσατε	αναποδιάσαν	αναπόδιαζε	αναποδιάζετε	-
αναποδογυρίζομαι	αναποδογυρίζομαι	αναποδογυρίζεσαι	αναποδογυρίζεται	αναποδογυριζόμαστε	αναποδογυρίζεστε	αναποδογυρίζονται	αναποδογυριζόμουν	αναποδογυριζόσουν	αναποδογυριζόταν	αναποδογυριζόμασταν	αναποδογυριζόσασταν	αναποδογυρίζονταν	αναποδογυρίστηκα	αναποδογυρίστηκες	αναποδογυρίστηκε	αναποδογυριστήκαμε	αναποδογυριστήκατε	αναποδογυρίστηκαν	αναποδογυρίσου	αναποδογυριστείτε	-
αναποδογυρίζω	-	-	-	-	-	-	αναποδογύριζα	αναποδογύριζες	αναποδογύριζε	αναποδογυρίζαμε	αναποδογυρίζατε	αναποδογυρίζαν	αναποδογύρισα	αναποδογύρισες	αναποδογύρισε	αναποδογυρίσαμε	αναποδογυρίσατε	αναποδογυρίσαν	αναποδογύριζε	αναποδογυρίζετε	-
αναπολώ	αναπολώ	αναπολείς	αναπολεί	αναπολούμε	αναπολείτε	αναπολούν	αναπολούσα	αναπολούσες	αναπολούσε	αναπολούσαμε	αναπολούσατε	αναπολούσαν	αναπόλησα	αναπόλησες	αναπόλησε	αναπολήσαμε	αναπολήσατε	αναπολήσαν	αναπόλησε	αναπολήστε	αναπολώντας
αναπτερώνομαι	αναπτερώνομαι	αναπτερώνεσαι	αναπτερώνεται	αναπτερωνόμαστε	αναπτερωνόσαστε1	αναπτερώνονται	αναπτερωνόμουν	αναπτερωνόσουν	αναπτερωνόταν	αναπτερωνόμασταν	αναπτερωνόσασταν	αναπτερωνόντανε	αναπτερώθηκα	αναπτερώθηκες	αναπτερώθηκε	αναπτερωθήκαμε	αναπτερωθήκατε	αναπτερωθήκανε	αναπτερώσου	αναπτερωθείτε	-
αναπτερώνω	-	-	-	-	-	-	αναπτέρωνα	αναπτέρωνες	αναπτέρωνε	αναπτερώναμε	αναπτερώνατε	αναπτέρωναν	αναπτέρωσα	αναπτέρωσες	αναπτέρωσε	αναπτερώσαμε	αναπτερώσατε	αναπτέρωσαν	αναπτέρωνε	αναπτερώνετε	-
αναπτύσσω	-	-	-	-	-	-	ανέπτυσσα	ανέπτυσσες	ανέπτυσσε	αναπτύσσαμε	αναπτύσσατε	ανέπτυσσαν	ανάπτυξα	ανάπτυξες	ανάπτυξε	αναπτύξαμε	αναπτύξατε	ανάπτυξαν	ανάπτυξε	αναπτύξτε	-
αναρρώνω	-	-	-	-	-	-	ανάρρωνα	ανάρρωνες	ανάρρωνε	αναρρώναμε	αναρρώνατε	ανάρρωναν	ανάρρωσα	ανάρρωσες	ανάρρωσε	αναρρώσαμε	αναρρώσατε	ανάρρωσαν	ανάρρωνε	αναρρώνετε	-
αναρτώ	αναρτώ	αναρτάς	αναρτά	αναρτούμε	αναρτάτε	αναρτούν	αναρτούσα	αναρτούσες	αναρτούσε	αναρτούσαμε	αναρτούσατε	αναρτούσαν	ανάρτησα	ανάρτησες	ανάρτησε	αναρτήσαμε	αναρτήσατε	ανάρτησαv	ανάρτησε	αναρτάτε	αναρτώντας
ανασαλεύω	-	-	-	-	-	-	ανασάλευα	ανασάλευες	ανασάλευε	ανασαλεύαμε	ανασαλεύατε	ανασάλευαν	ανασάλεψα	ανασάλεψες	ανασάλεψε	ανασαλέψαμε	ανασαλέψατε	ανασάλεψαν	ανασάλευ'	ανασαλέψτε	-
ανασκάβω	-	-	-	-	-	-	ανέσκαβα	ανέσκαβες	ανέσκαβε	ανασκάβαμε	ανασκάβατε	ανέσκαβαν	ανέσκαψα	ανέσκαψες	ανέσκαψε	ανασκάψαμε	ανασκάψατε	ανέσκαψαν	ανάσκαβε	ανασκάβετε	-
ανασκάφτω	-	-	-	-	-	-	ανέσκαφτα	ανέσκαφτες	ανέσκαφτε	ανασκάφταμε	ανασκάφτατε	ανέσκαφταν	ανέσκαψα	ανέσκαψες	ανέσκαψε	ανασκάψαμε	ανασκάψατε	ανέσκαψαν	ανάσκαφ'	ανασκάφτε	-
ανασκαλεύομαι	ανασκαλεύομαι	ανασκαλεύεσαι	ανασκαλεύεται	ανασκαλευόμαστε	ανασκαλευόσαστε1	ανασκαλεύονται	ανασκαλευόμουν	ανασκαλευόσουν	ανασκαλευόταν	ανασκαλευόμασταν	ανασκαλευόσασταν	ανασκαλευόντανε	ανασκαλεύτηκα	ανασκαλεύτηκες	ανασκαλεύτηκε	ανασκαλευτήκαμε	ανασκαλευτήκατε	ανασκαλευτήκανε	ανασκαλέψου	ανασκαλευτείτε	-
ανασκαλεύω	-	-	-	-	-	-	ανασκάλευα	ανασκάλευες	ανασκάλευε	ανασκαλεύαμε	ανασκαλεύατε	ανασκάλευαν	ανασκάλεψα	ανασκάλεψες	ανασκάλεψε	ανασκαλέψαμε	ανασκαλέψατε	ανασκάλεψαν	ανασκάλευε	ανασκαλέψτε	-
ανασκευάζω	-	-	-	-	-	-	ανασκεύαζα	ανασκεύαζες	ανασκεύαζε	ανασκευάζαμε	ανασκευάζατε	ανασκευάζαν	ανασκεύασα	ανασκεύασες	ανασκεύασε	ανασκευάσαμε	ανασκευάσατε	ανασκευάσαν	ανασκεύαζε	ανασκευάζετε	-
αναστέλλω	αναsτέλλω	αναsτέλλεις	αναsτέλλει	αναsτέλλομε	αναsτέλλετε	αναsτέλλουν	ανάsτελλα	ανάsτελλες	ανάsτελλε	αναsτέλλαμε	αναsτέλλατε	ανάsτελλαν	ανάsτειλα	ανάsτειλες	ανάsτειλε	αναsτείλαμε	αναsτείλατε	ανάsτειλαν	ανάsτειλε	αναsτέλλετε	αναsτέλλοντας
ανασταίνω	-	-	-	-	-	-	ανάσταινα	ανάσταινες	ανάσταινε	ανασταίναμε	ανασταίνατε	ανάσταιναν	ανάστησα	ανάστησες	ανάστησε	αναστήσαμε	αναστήσατε	ανάστησαν	ανάσταινε	αναστήστε	-
αναστατώνομαι	αναστατώνομαι	αναστατώνεσαι	αναστατώνεται	αναστατωνόμαστε	αναστατωνόσαστε1	αναστατώνονται	αναστατωνόμουν	αναστατωνόσουν	αναστατωνόταν	αναστατωνόμασταν	αναστατωνόσασταν	αναστατωνόντανε	αναστατώθηκα	αναστατώθηκες	αναστατώθηκε	αναστατωθήκαμε	αναστατωθήκατε	αναστατωθήκανε	αναστατώσου	αναστατωθείτε	-
αναστατώνω	-	-	-	-	-	-	αναστάτωνα	αναστάτωνες	αναστάτωνε	αναστατώναμε	αναστατώνατε	αναστάτωναν	αναστάτωσα	αναστάτωσες	αναστάτωσε	αναστατώσαμε	αναστατώσατε	αναστάτωσαν	αναστάτωνε	αναστατώνετε	-
αναστενάζω	-	-	-	-	-	-	αναστέναζα	αναστέναζες	αναστέναζε	αναστενάζαμε	αναστενάζατε	αναστέναζαν	αναστέναξα	αναστέναξες	αναστέναξε	αναστενάξαμε	αναστενάξατε	αναστέναξαν	αναστέναζε	αναστενάζετε	-
αναστηλώνομαι	αναστηλώνομαι	αναστηλώνεσαι	αναστηλώνεται	αναστηλωνόμαστε	αναστηλωνόσαστε1	αναστηλώνονται	αναστηλωνόμουν	αναστηλωνόσουν	αναστηλωνόταν	αναστηλωνόμασταν	αναστηλωνόσασταν	αναστηλωνόντανε	αναστηλώθηκα	αναστηλώθηκες	αναστηλώθηκε	αναστηλωθήκαμε	αναστηλωθήκατε	αναστηλωθήκανε	αναστηλώσου	αναστηλωθείτε	-
αναστηλώνω	-	-	-	-	-	-	αναστήλωνα	αναστήλωνες	αναστήλωνε	αναστηλώναμε	αναστηλώνατε	αναστήλωναν	αναστήλωσα	αναστήλωσες	αναστήλωσε	αναστηλώσαμε	αναστηλώσατε	αναστήλωσαν	αναστήλωνε	αναστηλώνετε	-
αναστρέφω	-	-	-	-	-	-	ανέστρεφα	ανέστρεφες	ανέστρεφε	αναστρέφαμε	αναστρέφατε	ανέστρεφαν	ανέστρεψα	ανέστρεψες	ανέστρεψε	αναστρέψαμε	αναστρέψατε	ανέστρεψαν	ανάστρεφε	αναστρέφετε	-
αναστυλώνω	-	-	-	-	-	-	αναστύλωνα	αναστύλωνες	αναστύλωνε	αναστυλώναμε	αναστυλώνατε	αναστυλώναν	αναστύλωσα	αναστύλωσες	αναστύλωσε	αναστυλώσαμε	αναστυλώσατε	αναστυλώσαν	αναστύλωνε	αναστυλώνετε	-
ανασυγκροτώ	ανασυγκροτώ	ανασυγκροτείς	ανασυγκροτεί	ανασυγκροτούμε	ανασυγκροτείτε	ανασυγκροτούν	ανασυγκροτούσα	ανασυγκροτούσες	ανασυγκροτούσε	ανασυγκροτούσαμε	ανασυγκροτούσατε	ανασυγκροτούσαν	ανασυγκρότησα	ανασυγκρότησες	ανασυγκρότησε	ανασυγκροτήσαμε	ανασυγκροτήσατε	ανασυγκροτήσαν	ανασυγκρότησε	ανασυγκροτήστε	ανασυγκροτώντας
ανασυνδέω	-	-	-	-	-	-	ανασυνέδεα	ανασυνέδεες	ανασυνέδεε	ανασυνδέαμε	ανασυνδέατε	ανασυνέδεαν	ανασυνέδεσα	ανασυνέδεσες	ανασυνέδεσε	ανασυνδέσαμε	ανασυνδέσατε	ανασυνέδεσαν	ανασύνδεε	ανασυνδέετε	-
ανατέλλω	-	-	-	-	-	-	ανάτελλα	ανάτελλες	ανάτελλε	ανατέλλαμε	ανατέλλατε	ανατέλλαν	ανάτειλα	ανάτειλες	ανάτειλε	ανατείλαμε	ανατείλατε	ανάτειλαν	ανάτειλε	ανατέλλετε	-
αναταράζομαι	αναταράζομαι	αναταράζεσαι	αναταράζεται	αναταραζόμαστε	αναταράζεστε	αναταράζονται	αναταραζόμουν	αναταραζόσουν	αναταραζόταν	αναταραζόμασταν	αναταραζόσασταν	αναταράζονταν	αναταράχτηκα	αναταράχτηκες	αναταράχτηκε	αναταραχτήκαμε	αναταραχτήκατε	αναταράχτηκαν	αναταράξου	αναταραχτείτε	-
ανατείνω	-	-	-	-	-	-	ανάτεινα	ανάτεινες	ανάτεινε	ανατείναμε	ανατείνατε	ανάτειναν	ανάτεινα	ανάτεινες	ανάτεινε	ανατείναμε	ανατείνατε	ανάτειναν	ανάτεινε	ανατείνετε	-
ανατιμώ	ανατιμώ	ανατιμάς	ανατιμά	ανατιμούμε	ανατιμάτε	ανατιμούν	ανατιμούσα	ανατιμούσες	ανατιμούσε	ανατιμούσαμε	ανατιμούσατε	ανατιμούσαν	ανατίμησα	ανατίμησες	ανατίμησε	ανατιμήσαμε	ανατιμήσατε	ανατίμησαν	ανατίμησε	ανατιμάτε	ανατιμώντας
ανατινάζομαι	ανατινάζομαι	ανατινάζεσαι	ανατινάζεται	ανατιναζόμαστε	ανατινάζεστε	ανατινάζονται	ανατιναζόμουν	ανατιναζόσουν	ανατιναζόταν	ανατιναζόμασταν	ανατιναζόσασταν	ανατινάζονταν	ανατινάχτηκα	ανατινάχτηκες	ανατινάχτηκε	ανατιναχτήκαμε	ανατιναχτήκατε	ανατινάχτηκαν	ανατινάξου	ανατιναχτείτε	-
ανατοποθετώ	ανατοποθετώ	ανατοποθετείς	ανατοποθετεί	ανατοποθετούμε	ανατοποθετείτε	ανατοποθετούν	ανατοποθετούσα	ανατοποθετούσες	ανατοποθετούσε	ανατοποθετούσαμε	ανατοποθετούσατε	ανατοποθετούσαν	ανατοποθέτησα	ανατοποθέτησες	ανατοποθέτησε	ανατοποθετήσαμε	ανατοποθετήσατε	ανατοποθέτησαν	ανατοποθέτησε	ανατοποθετήστε	ανατοποθετώντας
ανατρέπω	-	-	-	-	-	-	ανέτρεπα	ανέτρεπες	ανέτρεπε	ανατρέπαμε	ανατρέπατε	ανέτρεπαν	ανέτρεψα	ανέτρεψες	ανέτρεψε	ανατρέψαμε	ανατρέψατε	ανέτρεψαν	ανάτρεπε	ανατρέπετε	-
αναφέρω	-	-	-	-	-	-	ανάφερα	ανάφερες	ανάφερε	αναφέραμε	αναφέρατε	ανάφεραν	ανάφερα	ανάφερες	ανάφερε	αναφέραμε	αναφέρατε	ανάφεραν	ανέφερε	αναφέρετε	-
αναφυτεύω	-	-	-	-	-	-	αναφύτευα	αναφύτευες	αναφύτευε	αναφυτεύαμε	αναφυτεύατε	αναφυτεύαν	αναφύτευσα	αναφύτευσες	αναφύτευσε	αναφυτεύσαμε	αναφυτεύσατε	αναφυτεύσαν	αναφύτευε	αναφυτεύετε	-
αναφωνώ	αναφωνώ	αναφωνείς	αναφωνεί	αναφωνούμε	αναφωνείτε	αναφωνούν	αναφωνούσα	αναφωνούσες	αναφωνούσε	αναφωνούσαμε	αναφωνούσατε	αναφωνούσαν	αναφώνησα	αναφώνησες	αναφώνησε	αναφωνήσαμε	αναφωνήσατε	αναφωνήσαν	αναφώνησε	αναφωνήστε	αναφωνώντας
αναχαιτίζομαι	αναχαιτίζομαι	αναχαιτίζεσαι	αναχαιτίζεται	αναχαιτιζόμαστε	αναχαιτίζεστε	αναχαιτίζονται	αναχαιτιζόμουν	αναχαιτιζόσουν	αναχαιτιζόταν	αναχαιτιζόμασταν	αναχαιτιζόσασταν	αναχαιτίζονταν	αναχαιτίστηκα	αναχαιτίστηκες	αναχαιτίστηκε	αναχαιτιστήκαμε	αναχαιτιστήκατε	αναχαιτίστηκαν	αναχαιτίσου	αναχαιτιστείτε	-
αναχαιτίζω	-	-	-	-	-	-	αναχαίτιζα	αναχαίτιζες	αναχαίτιζε	αναχαιτίζαμε	αναχαιτίζατε	αναχαίτιζαν	αναχαίτισα	αναχαίτισες	αναχαίτισε	αναχαιτίσαμε	αναχαιτίσατε	αναχαίτισαν	αναχαίτιζε	αναχαιτίζετε	-
αναχωρώ	αναχωρώ	αναχωρείς	αναχωρεί	αναχωρούμε	αναχωρείτε	αναχωρούν	αναχωρούσα	αναχωρούσες	αναχωρούσε	αναχωρούσαμε	αναχωρούσατε	αναχωρούσαν	αναχώρησα	αναχώρησες	αναχώρησε	αναχωρήσαμε	αναχωρήσατε	αναχωρήσαν	αναχώρησε	αναχωρήστε	αναχωρώντας
αναψοκοκκινίζω	-	-	-	-	-	-	αναψοκοκκίνιζα	αναψοκοκκίνιζες	αναψοκοκκίνιζε	αναψοκοκκινίζαμε	αναψοκοκκινίζατε	αναψοκοκκίνιζαν	αναψοκοκκίνισα	αναψοκοκκίνισες	αναψοκοκκίνισε	αναψοκοκκινίσαμε	αναψοκοκκινίσατε	αναψοκοκκίνισαν	αναψοκοκκίνιζε	αναψοκοκκινίζετε	-
αναψυχώνω	-	-	-	-	-	-	αναψύχωνα	αναψύχωνες	αναψύχωνε	αναψυχώναμε	αναψυχώνατε	αναψυχώναν	αναψύχωσα	αναψύχωσες	αναψύχωσε	αναψυχώσαμε	αναψυχώσατε	αναψυχώσαν	αναψύχωνε	αναψυχώνετε	-
ανδραποδίζω	-	-	-	-	-	-	ανδραπόδιζα	ανδραπόδιζες	ανδραπόδιζε	ανδραποδίζαμε	ανδραποδίζατε	ανδραποδίζαν	ανδραπόδισα	ανδραπόδισες	ανδραπόδισε	ανδραποδίσαμε	ανδραποδίσατε	ανδραποδίσαν	ανδραπόδιζε	ανδραποδίζετε	-
ανδρειώνω	-	-	-	-	-	-	ανδρείωνα	ανδρείωνες	ανδρείωνε	ανδρειώναμε	ανδρειώνατε	ανδρείωναν	ανδρείωσα	ανδρείωσες	ανδρείωσε	ανδρειώσαμε	ανδρειώσατε	ανδρείωσαν	ανδρείωνε	ανδρειώνετε	-
ανδρώνω	-	-	-	-	-	-	άνδρωνα	άνδρωνες	άνδρωνε	ανδρώναμε	ανδρώνατε	άνδρωναν	άνδρωσα	άνδρωσες	άνδρωσε	ανδρώσαμε	ανδρώσατε	άνδρωσαν	άνδρωνε	ανδρώνετε	-
ανεβάζω	-	-	-	-	-	-	ανέβαζα	ανέβαζες	ανέβαζε	ανεβάζαμε	ανεβάζατε	ανέβαζαν	ανέβασα	ανέβασες	ανέβασε	ανεβάσαμε	ανεβάσατε	ανέβασαν	ανέβαζε	ανεβάζετε	-
ανεβαίνω	-	-	-	-	-	-	ανέβαινα	ανέβαινες	ανέβαινε	ανεβαίναμε	ανεβαίνατε	ανέβαιναν	ανέβηκα	ανέβηκες	ανέβηκε	ανεβήκαμε	ανεβήκατε	ανέβηκαν	ανέβα	ανεβαίνετε	-
ανεβοκατεβαίνω	-	-	-	-	-	-	ανεβοκατέβαινα	ανεβοκατέβαινες	ανεβοκατέβαινε	ανεβοκατεβαίναμε	ανεβοκατεβαίνατε	ανεβοκατέβαιναν	ανεβοκατέβηκα	ανεβοκατέβηκες	ανεβοκατέβηκε	ανεβοκατεβήκαμε	ανεβοκατεβήκατε	ανεβοκατέβηκαν	ανεβοκατέβα	ανεβοκατεβαίνετε	-
ανελκύω	-	-	-	-	-	-	ανέλκυα	ανέλκυες	ανέλκυε	ανελκύαμε	ανελκύατε	ανέλκυαν	ανέλκυσα	ανέλκυσες	ανέλκυσε	ανελκύσαμε	ανελκύσατε	ανέλκυσαν	ανέλκυε	ανελκύετε	-
ανευρίσκω	-	-	-	-	-	-	ανεύρισκα	ανεύρισκες	ανεύρισκε	ανευρίσκαμε	ανευρίσκατε	ανευρίσκαν	ανηύρα	ανηύρες	ανηύρε	ανηύραμε	ανηύρατε	ανηύραν	ανεύρισκε	ανευρίσκετε	-
ανεφοδιάζω	-	-	-	-	-	-	ανεφοδίαζα	ανεφοδίαζες	ανεφοδίαζε	ανεφοδιάζαμε	ανεφοδιάζατε	ανεφοδίαζαν	ανεφοδίασα	ανεφοδίασες	ανεφοδίασε	ανεφοδιάσαμε	ανεφοδιάσατε	ανεφοδίασαν	ανεφοδίαζε	ανεφοδιάζετε	-
ανησυχώ	ανησυχώ	ανησυχείς	ανησυχεί	ανησυχούμε	ανησυχείτε	ανησυχούν	ανησυχούσα	ανησυχούσες	ανησυχούσε	ανησυχούσαμε	ανησυχούσατε	ανησυχούσαν	ανησύχησα	ανησύχησες	ανησύχησε	ανησυχήσαμε	ανησυχήσατε	ανησυχήσαν	ανησύχησε	ανησυχήστε	ανησυχώντας
ανηφορίζω	-	-	-	-	-	-	ανηφόριζα	ανηφόριζες	ανηφόριζε	ανηφορίζαμε	ανηφορίζατε	ανηφορίζαν	ανηφόρισα	ανηφόρισες	ανηφόρισε	ανηφορίσαμε	ανηφορίσατε	ανηφορίσαν	ανηφόριζε	ανηφορίζετε	-
ανθίζω	-	-	-	-	-	-	άνθιζα	άνθιζες	άνθιζε	ανθίζαμε	ανθίζατε	άνθιζαν	άνθισα	άνθισες	άνθισε	ανθίσαμε	ανθίσατε	άνθισαν	άνθιζε	ανθίζετε	-
ανθρωπεύω	-	-	-	-	-	-	ανθρώπευα	ανθρώπευες	ανθρώπευε	ανθρωπεύαμε	ανθρωπεύατε	ανθρωπεύαν	ανθρώπεψα	ανθρώπεψες	ανθρώπεψε	ανθρωπέψαμε	ανθρωπέψατε	ανθρωπέψαν	ανθρώπευε	ανθρωπέψτε	-
ανθώ	ανθώ	ανθείς	ανθεί	ανθούμε	ανθείτε	ανθούν	ανθούσα	ανθούσες	ανθούσε	ανθούσαμε	ανθούσατε	ανθούσαν	-	άνθησες	άνθησε	ανθήσαμε	ανθήσατε	άνθησαν	άνθησε	ανθήστε	ανθώντας
ανιδρύω	-	-	-	-	-	-	ανίδρυα	ανίδρυες	ανίδρυε	ανιδρύαμε	ανιδρύατε	ανίδρυαν	ανίδρυσα	ανίδρυσες	ανίδρυσε	ανιδρύσαμε	ανιδρύσατε	ανίδρυσαν	ανίδρυε	ανιδρύετε	-
ανιχνεύομαι	ανιχνεύομαι	ανιχνεύεσαι	ανιχνεύεται	ανιχνευόμαστε	ανιχνευόσαστε1	ανιχνεύονται	ανιχνευόμουν	ανιχνευόσουν	ανιχνευόταν	ανιχνευόμασταν	ανιχνευόσασταν	ανιχνευόντανε	ανιχνεύτηκα	ανιχνεύτηκες	ανιχνεύτηκε	ανιχνευτήκαμε	ανιχνευτήκατε	ανιχνευτήκανε	ανιχνέψου	ανιχνευτείτε	-
ανιχνεύω	-	-	-	-	-	-	ανίχνευα	ανίχνευες	ανίχνευε	ανιχνεύαμε	ανιχνεύατε	ανίχνευαν	ανίχνευσα	ανίχνευσες	ανίχνευσε	ανιχνεύσαμε	ανιχνεύσατε	ανίχνευσαν	ανίχνευε	ανιχνεύετε	-
ανοίγομαι	ανοίγομαι	ανοίγεσαι	ανοίγεται	ανοιγόμαστε	ανοίγεστε	ανοίγονται	ανοιγόμουν	ανοιγόσουν	ανοιγόταν	ανοιγόμασταν	ανοιγόσασταν	ανοίγονταν	ανοίχτηκα	ανοίχτηκες	ανοίχτηκε	ανοιχτήκαμε	ανοιχτήκατε	ανοίχτηκαν	ανοίξου	ανοιχτείτε	-
ανοίγω	-	-	-	-	-	-	άνοιγα	άνοιγες	άνοιγε	ανοίγαμε	ανοίγατε	άνοιγαν	άνοιξα	άνοιξες	άνοιξε	ανοίξαμε	ανοίξατε	άνοιξαν	άνοιγε	ανοίγετε	-
ανοιγοκλείνω	-	-	-	-	-	-	ανοιγόκλεινα	ανοιγόκλεινες	ανοιγόκλεινε	ανοιγοκλείναμε	ανοιγοκλείνατε	ανοιγοκλείναν	ανοιγόκλεισα	ανοιγόκλεισες	ανοιγόκλεισε	ανοιγοκλείσαμε	ανοιγοκλείσατε	ανοιγοκλείσαν	ανοιγόκλεινε	ανοιγοκλείνετε	-
ανοικοδομώ	ανοικοδομώ	ανοικοδομείς	ανοικοδομεί	ανοικοδομούμε	ανοικοδομείτε	ανοικοδομούν	ανοικοδομούσα	ανοικοδομούσες	ανοικοδομούσε	ανοικοδομούσαμε	ανοικοδομούσατε	ανοικοδομούσαν	ανοικοδόμησα	ανοικοδόμησες	ανοικοδόμησε	ανοικοδομήσαμε	ανοικοδομήσατε	ανοικοδομήσαν	ανοικοδόμησε	ανοικοδομήστε	ανοικοδομώντας
ανορθογραφώ	ανορθογραφώ	ανορθογραφείς	ανορθογραφεί	ανορθογραφούμε	ανορθογραφείτε	ανορθογραφούν	ανορθογραφούσα	ανορθογραφούσες	ανορθογραφούσε	ανορθογραφούσαμε	ανορθογραφούσατε	ανορθογραφούσαν	ανορθογράφησα	ανορθογράφησες	ανορθογράφησε	ανορθογραφήσαμε	ανορθογραφήσατε	ανορθογράφησαν	ανορθογράφησε	ανορθογραφήστε	ανορθογραφώντας
ανορθώνομαι	ανορθώνομαι	ανορθώνεσαι	ανορθώνεται	ανορθωνόμαστε	ανορθωνόσαστε1	ανορθώνονται	ανορθωνόμουν	ανορθωνόσουν	ανορθωνόταν	ανορθωνόμασταν	ανορθωνόσασταν	ανορθωνόντανε	ανορθώθηκα	ανορθώθηκες	ανορθώθηκε	ανορθωθήκαμε	ανορθωθήκατε	ανορθωθήκανε	ανορθώσου	ανορθωθείτε	-
ανορθώνω	-	-	-	-	-	-	ανόρθωνα	ανόρθωνες	ανόρθωνε	ανορθώναμε	ανορθώνατε	ανορθώναν	ανόρθωσα	ανόρθωσες	ανόρθωσε	ανορθώσαμε	ανορθώσατε	ανορθώσαν	ανόρθωνε	ανορθώνετε	-
αντέχω	-	-	-	-	-	-	άντεχα	άντεχες	άντεχε	αντέχαμε	αντέχατε	άντεχαν	άντεξα	άντεξες	άντεξε	αντέξαμε	αντέξατε	άντεξαν	άντεξε	αντέξτε	-
ανταγωνίζομαι	ανταγωνίζομαι	ανταγωνίζεσαι	ανταγωνίζεται	ανταγωνιζόμαστε	ανταγωνίζεστε	ανταγωνίζονται	ανταγωνιζόμουν	ανταγωνιζόσουν	ανταγωνιζόταν	ανταγωνιζόμασταν	ανταγωνιζόσασταν	ανταγωνίζονταν	ανταγωνίστηκα	ανταγωνίστηκες	ανταγωνίστηκε	ανταγωνιστήκαμε	ανταγωνιστήκατε	ανταγωνίστηκαν	ανταγωνίσου	ανταγωνιστείτε	-
ανταλλάζομαι	ανταλλάζομαι	ανταλλάζεσαι	ανταλλάζεται	ανταλλαζόμαστε	ανταλλάζεστε	ανταλλάζονται	ανταλλαζόμουν	ανταλλαζόσουν	ανταλλαζόταν	ανταλλαζόμασταν	ανταλλαζόσασταν	ανταλλάζονταν	ανταλλάχτηκα	ανταλλάχτηκες	ανταλλάχτηκε	ανταλλαχτήκαμε	ανταλλαχτήκατε	ανταλλάχτηκαν	ανταλλάξου	ανταλλαχτείτε	-
ανταλλάζω	-	-	-	-	-	-	αντάλλαζα	αντάλλαζες	αντάλλαζε	ανταλλάζαμε	ανταλλάζατε	αντάλλαζαν	αντάλλαξα	αντάλλαξες	αντάλλαξε	ανταλλάξαμε	ανταλλάξατε	αντάλλαξαν	αντάλλαζε	ανταλλάζετε	-
ανταλλάσσω	-	-	-	-	-	-	αντάλλασσα	αντάλλασσες	αντάλλασσε	ανταλλάσσαμε	ανταλλάσσατε	αντάλλασσαν	αντάλλαξα	αντάλλαξες	αντάλλαξε	ανταλλάξαμε	ανταλλάξατε	αντάλλαξαν	αντάλλαξε	ανταλλάξτε	-
ανταμείβω	-	-	-	-	-	-	αντάμειβα	αντάμειβες	αντάμειβε	ανταμείβαμε	ανταμείβατε	αντάμειβαν	αντάμειψα	αντάμειψες	αντάμειψε	ανταμείψαμε	ανταμείψατε	αντάμειψαν	αντάμειβε	ανταμείβετε	-
ανταμώνομαι	ανταμώνομαι	ανταμώνεσαι	ανταμώνεται	ανταμωνόμαστε	ανταμωνόσαστε1	ανταμώνονται	ανταμωνόμουν	ανταμωνόσουν	ανταμωνόταν	ανταμωνόμασταν	ανταμωνόσασταν	ανταμωνόντανε	ανταμώθηκα	ανταμώθηκες	ανταμώθηκε	ανταμωθήκαμε	ανταμωθήκατε	ανταμωθήκανε	ανταμώσου	ανταμωθείτε	-
ανταμώνω	-	-	-	-	-	-	αντάμωνα	αντάμωνες	αντάμωνε	ανταμώναμε	ανταμώνατε	αντάμωναν	αντάμωσα	αντάμωσες	αντάμωσε	ανταμώσαμε	ανταμώσατε	αντάμωσαν	αντάμωνε	ανταμώνετε	-
αντανακλώ	αντανακλώ	αντανακλάς	αντανακλά	αντανακλούμε	αντανακλάτε	αντανακλούν	αντανακλούσα	αντανακλούσες	αντανακλούσε	αντανακλούσαμε	αντανακλούσατε	αντανακλούσαν	αντανάκλασα	αντανάκλασες	αντανάκλασε	αντανακλάσαμε	αντανακλάσατε	αντανάκλασαν	αντανάκλασε	αντανακλάστε	αντανακλώντας
ανταποκρίνομαι	ανταποκρίνομαι	ανταποκρίνεσαι	ανταποκρίνεται	ανταποκρινόμαστε	ανταποκρίνεστε	ανταποκρίνονται	ανταποκρινόμουν	ανταποκρινόσουν	ανταποκρινόταν	ανταποκρινόμασταν	ανταποκρινόσασταν	ανταποκρίνονταν	ανταποκρίθηκα	ανταποκρίθηκες	ανταποκρίθηκε	ανταποκριθήκαμε	ανταποκριθήκατε	ανταποκρίθηκαν	ανταποκρίσου	ανταποκριθείτε	-
αντηχώ	αντηχώ	αντηχείς	αντηχεί	αντηχούμε	αντηχείτε	αντηχούν	αντηχούσα	αντηχούσες	αντηχούσε	αντηχούσαμε	αντηχούσατε	αντηχούσαν	αντήχησα	αντήχησες	αντήχησε	αντηχήσαμε	αντηχήσατε	αντήχησαν	αντήχησε	αντηχήστε	αντηχώντας
αντιβαίνω	-	-	-	-	-	-	αντέβαινα	αντέβαινες	αντέβαινε	αντιβαίναμε	αντιβαίνατε	αντέβαιναν	-	-	-	-	-	-	αντίβαινε	αντιβαίνετε	-
αντιβουίζω	-	-	-	-	-	-	αντιβούιζα	αντιβούιζες	αντιβούιζε	αντιβουίζαμε	αντιβουίζατε	αντιβουίζαν	αντιβούιξα	αντιβούιξες	αντιβούιξε	αντιβουίξαμε	αντιβουίξατε	αντιβουίξαν	αντιβούιζε	αντιβουίζετε	-
αντιγράφω	-	-	-	-	-	-	αντέγραφα	αντέγραφες	αντέγραφε	αντιγράφαμε	αντιγράφατε	αντέγραφαν	αντέγραψα	αντέγραψες	αντέγραψε	αντιγράψαμε	αντιγράψατε	αντέγραψαν	αντίγραφε	αντιγράφετε	-
αντιδρώ	αντιδρώ	αντιδράς	αντιδρά	αντιδρούμε	αντιδράτε	αντιδρούν	αντιδρούσα	αντιδρούσες	αντιδρούσε	αντιδρούσαμε	αντιδρούσατε	αντιδρούσαν	αντέδρασα	αντέδρασες	αντέδρασε	αντιδράσαμε	αντιδράσατε	αντέδρασαν	αντέδρασε	αντιδράστε	αντιδρώντας
αντικατοπτρίζω	-	-	-	-	-	-	αντικατόπτριζα	αντικατόπτριζες	αντικατόπτριζε	αντικατοπτρίζαμε	αντικατοπτρίζατε	αντικατοπτρίζαν	αντικατόπτρισα	αντικατόπτρισες	αντικατόπτρισε	αντικατοπτρίσαμε	αντικατοπτρίσατε	αντικατοπτρίσαν	αντικατόπτριζε	αντικατοπτρίζετε	-
αντικρούω	-	-	-	-	-	-	αντέκρουα	αντέκρουες	αντέκρουε	αντικρούαμε	αντικρούατε	αντέκρουαν	αντέκρουσα	αντέκρουσες	αντέκρουσε	αντικρούσαμε	αντικρούσατε	αντέκρουσαν	αντίκρουε	αντικρούετε	-
αντιλέγω	-	-	-	-	-	-	αντέλεγα	αντέλεγες	αντέλεγε	αντιλέγαμε	αντιλέγατε	αντέλεγαν	αντείπα	αντείπες	αντείπε	αντείπαμε	αντείπατε	αντείπαν	άντειπε	αντείπετε	-
αντιμετωπίζομαι	αντιμετωπίζομαι	αντιμετωπίζεσαι	αντιμετωπίζεται	αντιμετωπιζόμαστε	αντιμετωπίζεστε	αντιμετωπίζονται	αντιμετωπιζόμουν	αντιμετωπιζόσουν	αντιμετωπιζόταν	αντιμετωπιζόμασταν	αντιμετωπιζόσασταν	αντιμετωπίζονταν	αντιμετωπίστηκα	αντιμετωπίστηκες	αντιμετωπίστηκε	αντιμετωπιστήκαμε	αντιμετωπιστήκατε	αντιμετωπίστηκαν	αντιμετωπίσου	αντιμετωπιστείτε	-
αντιμετωπίζω	-	-	-	-	-	-	αντιμετώπιζα	αντιμετώπιζες	αντιμετώπιζε	αντιμετωπίζαμε	αντιμετωπίζατε	αντιμετωπίζαν	αντιμετώπισα	αντιμετώπισες	αντιμετώπισε	αντιμετωπίσαμε	αντιμετωπίσατε	αντιμετωπίσαν	αντιμετώπιζε	αντιμετωπίζετε	-
αντιπαθώ	αντιπαθώ	αντιπαθείς	αντιπαθεί	αντιπαθούμε	αντιπαθείτε	αντιπαθούν	αντιπαθούσα	αντιπαθούσες	αντιπαθούσε	αντιπαθούσαμε	αντιπαθούσατε	αντιπαθούσαν	αντιπάθησα	αντιπάθησες	αντιπάθησε	αντιπαθήσαμε	αντιπαθήσατε	αντιπάθησαν	αντιπάθησε	αντιπαθήστε	αντιπαθώντας
αντιπαραβάλλω	-	-	-	-	-	-	αντιπαρέβαλλα	αντιπαρέβαλλες	αντιπαρέβαλλε	αντιπαραβάλλαμε	αντιπαραβάλλατε	αντιπαρέβαλλαν	αντιπαρέβαλα	αντιπαρέβαλες	αντιπαρέβαλε	αντιπαραβάλαμε	αντιπαραβάλατε	αντιπαρέβαλαν	αντιπαράβαλε	αντιπαραβάλετε	-
αντιπροσωπεύω	-	-	-	-	-	-	αντιπροσώπευα	αντιπροσώπευες	αντιπροσώπευε	αντιπροσωπεύαμε	αντιπροσωπεύατε	αντιπροσωπεύαν	αντιπροσώπευσα	αντιπροσώπευσες	αντιπροσώπευσε	αντιπροσωπεύσαμε	αντιπροσωπεύσατε	αντιπροσωπεύσαν	αντιπροσώπευε	αντιπροσωπεύετε	-
αντιπροτείνω	-	-	-	-	-	-	αντιπρότεινα	αντιπρότεινες	αντιπρότεινε	αντιπροτείναμε	αντιπροτείνατε	αντιπροτείναν	αντιπρότεινα	αντιπρότεινες	αντιπρότεινε	αντιπροτείναμε	αντιπροτείνατε	αντιπροτείναν	αντιπρότεινε	αντιπροτείνετε	-
αντιστέκομαι	αντιστέκομαι	αντιστέκεσαι	αντιστέκεται	αντιστεκόμαστε	αντιστέκεστε	αντιστέκονται	αντιστεκόμουν	αντιστεκόσουν	αντιστεκόταν	αντιστεκόμασταν	αντιστεκόσασταν	αντιστέκονταν	αντιστάθηκα	αντιστάθηκες	αντιστάθηκε	αντισταθήκαμε	αντισταθήκατε	αντιστάθηκαν	αντιστάσου	αντισταθείτε	-
αντισταθμίζομαι	αντισταθμίζομαι	αντισταθμίζεσαι	αντισταθμίζεται	αντισταθμιζόμαστε	αντισταθμίζεστε	αντισταθμίζονται	αντισταθμιζόμουν	αντισταθμιζόσουν	αντισταθμιζόταν	αντισταθμιζόμασταν	αντισταθμιζόσασταν	αντισταθμίζονταν	αντισταθμίστηκα	αντισταθμίστηκες	αντισταθμίστηκε	αντισταθμιστήκαμε	αντισταθμιστήκατε	αντισταθμίστηκαν	αντισταθμίσου	αντισταθμιστείτε	-
αντισταθμίζω	-	-	-	-	-	-	αντιστάθμιζα	αντιστάθμιζες	αντιστάθμιζε	αντισταθμίζαμε	αντισταθμίζατε	αντιστάθμιζαν	αντιστάθμισα	αντιστάθμισες	αντιστάθμισε	αντισταθμίσαμε	αντισταθμίσατε	αντιστάθμισαν	αντιστάθμιζε	αντισταθμίζετε	-
αντιστοιχίζω	-	-	-	-	-	-	αντιστοίχιζα	αντιστοίχιζες	αντιστοίχιζε	αντιστοιχίζαμε	αντιστοιχίζατε	αντιστοίχιζαν	αντιστοίχισα	αντιστοίχισες	αντιστοίχισε	αντιστοιχίσαμε	αντιστοιχίσατε	αντιστοίχισαν	αντιστοίχιζε	αντιστοιχίζετε	-
αντιστοιχώ	αντιστοιχώ	αντιστοιχείς	αντιστοιχεί	αντιστοιχούμε	αντιστοιχείτε	αντιστοιχούν	αντιστοιχούσα	αντιστοιχούσες	αντιστοιχούσε	αντιστοιχούσαμε	αντιστοιχούσατε	αντιστοιχούσαν	αντιστοίχησα	αντιστοίχησες	αντιστοίχησε	αντιστοιχήσαμε	αντιστοιχήσατε	αντιστοίχησαν	αντιστοίχησε	αντιστοιχήστε	αντιστοιχώντας
αντιστρέφω	-	-	-	-	-	-	αντέστρεφα	αντέστρεφες	αντέστρεφε	αντιστρέφαμε	αντιστρέφατε	αντέστρεφαν	αντέστρεψα	αντέστρεψες	αντέστρεψε	αντιστρέψαμε	αντιστρέψατε	αντέστρεψαν	αντίστρεφε	αντιστρέφετε	-
αντιφάσκω	-	-	-	-	-	-	αντέφασκα	αντέφασκες	αντέφασκε	αντιφάσκαμε	αντιφάσκατε	αντέφασκαν	-	-	-	-	-	-	-	αντιφάσκετε	-
αντλώ	αντλώ	αντλείς	αντλεί	αντλούμε	αντλείτε	αντλούν	αντλούσα	αντλούσες	αντλούσε	αντλούσαμε	αντλούσατε	αντλούσαν	άντλησα	άντλησες	άντλησε	αντλήσαμε	αντλήσατε	άντλησαν	άντλησε	αντλήστε	αντλώντας
ανυπομονώ	ανυπομονώ	ανυπομονείς	ανυπομονεί	ανυπομονούμε	ανυπομονείτε	ανυπομονούν	ανυπομονούσα	ανυπομονούσες	ανυπομονούσε	ανυπομονούσαμε	ανυπομονούσατε	ανυπομονούσαν	-	-	-	-	-	-	ανυπομόνει	ανυπομονείτε	ανυπομονώντας
ανυψώνω	-	-	-	-	-	-	ανύψωνα	ανύψωνες	ανύψωνε	ανυψώναμε	ανυψώνατε	ανυψώναν	ανύψωσα	ανύψωσες	ανύψωσε	ανυψώσαμε	ανυψώσατε	ανυψώσαν	ανύψωνε	ανυψώνετε	-
αξίζω	-	-	-	-	-	-	άξιζα	άξιζες	άξιζε	αξίζαμε	αξίζατε	άξιζαν	-	-	-	-	-	-	αξίζε	αξίζετε	-
αξιολογώ	αξιολογώ	αξιολογείς	αξιολογεί	αξιολογούμε	αξιολογείτε	αξιολογούν	αξιολογούσα	αξιολογούσες	αξιολογούσε	αξιολογούσαμε	αξιολογούσατε	αξιολογούσαν	αξιολόγησα	αξιολόγησες	αξιολόγησε	αξιολογήσαμε	αξιολογήσατε	αξιολογήσαν	αξιολόγησε	αξιολογήστε	αξιολογώντας
αξιοποιώ	αξιοποιώ	αξιοποιείς	αξιοποιεί	αξιοποιούμε	αξιοποιείτε	αξιοποιούν	αξιοποιούσα	αξιοποιούσες	αξιοποιούσε	αξιοποιούσαμε	αξιοποιούσατε	αξιοποιούσαν	αξιοποίησα	αξιοποίησες	αξιοποίησε	αξιοποιήσαμε	αξιοποιήσατε	αξιοποίησαν	αξιοποίησε	αξιοποιήστε	αξιοποιώντας
αξιώνω	-	-	-	-	-	-	αξίωνα	αξίωνες	αξίωνε	αξιώναμε	αξιώνατε	αξίωναν	αξίωσα	αξίωσες	αξίωσε	αξιώσαμε	αξιώσατε	αξίωσαν	αξίωνε	αξιώνετε	-
απέχω	-	-	-	-	-	-	απείχα	απείχες	απείχε	απέχαμε	απέχατε	απέχαν	[{απέσχον}]	[{απέσχες}]	-	[{απέσχομεν}]	[{απέσχετε}]	[{απέσχον}]	άπεχε	απέχετε	-
απαγορεύομαι	απαγορεύομαι	απαγορεύεσαι	απαγορεύεται	απαγορευόμαστε	απαγορευόσαστε1	απαγορεύονται	απαγορευόμουν	απαγορευόσουν	απαγορευόταν	απαγορευόμασταν	απαγορευόσασταν	απαγορευόντανε	απαγορεύτηκα	απαγορεύτηκες	απαγορεύτηκε	απαγορευτήκαμε	απαγορευτήκατε	απαγορευτήκανε	απαγορέψου	απαγορευτείτε	-
απαγορεύω	-	-	-	-	-	-	απαγόρευα	απαγόρευες	απαγόρευε	απαγορεύαμε	απαγορεύατε	απαγορεύαν	απαγόρευσα	απαγόρευσες	απαγόρευσε	απαγορεύσαμε	απαγορεύσατε	απαγορεύσαν	απαγόρευε	απαγορεύετε	-
απαιτούμαι	απαιτούμαι	απαιτείσαι	απαιτείται	απαιτούμαστε	απαιτείστε	απαιτούνται	απαιτιόμουν	απαιτιόσουν	απαιτιόταν	απαιτιόμασταν	απαιτιόσασταν	απαιτιούνταν	απαιτήθηκα	απαιτήθηκες	απαιτήθηκε	απαιτηθήκαμε	απαιτηθήκατε	απαιτήθηκαν	απαιτήσου	απαιτείστε	—
απαιτώ	απαιτώ	απαιτείς	απαιτεί	απαιτούμε	απαιτείτε	απαιτούν	απαιτούσα	απαιτούσες	απαιτούσε	απαιτούσαμε	απαιτούσατε	απαιτούσαν	απαίτησα	απαίτησες	απαίτησε	απαιτήσαμε	απαιτήσατε	απαίτησαν	απαίτησε	απαιτήστε	απαιτώντας
απαλείφω	-	-	-	-	-	απαλείφουν[ε]	απάλειφα	απάλειφες	απάλειφε	απαλείφαμε	απαλείφατε	απάλειφαν	απάλειψα	απάλειψες	απάλειψε	απαλείψαμε	απαλείψατε	απάλειψαν	απάλειφε	απαλείφετε	-
απαντάω	-	απαντάς	απαντά	απαντάμε	απαντάτε	απαντάν	απάνταγα	απάνταγες	απάνταγε	απαντάγαμε	απαντάγατε	απάνταγαν	απάντησα	απάντησες	απάντησε	απαντήσαμε	απαντήσατε	απάντησαν	απάντα	απαντάτε	απαντώντας
απαντώ	απαντάω	απαντάς	απαντά	απαντάμε	απαντάτε	απαντάν	απάνταγα	απάνταγες	απάνταγε	απαντάγαμε	απαντάγατε	απάνταγαν	απάντησα	απάντησες	απάντησε	απαντήσαμε	απαντήσατε	απάντησαν	απάντα	απαντάτε	απαντώντας
απαξιώνω	-	-	-	-	-	-	απαξίωνα	απαξίωνες	απαξίωνε	απαξιώναμε	απαξιώνατε	απαξίωναν	απαξίωσα	απαξίωσες	απαξίωσε	απαξιώσαμε	απαξιώσατε	απαξίωσαν	απαξίωνε	απαξιώνετε	-
απασχολούμαι	απασχολούμαι	απασχολείσαι	απασχολείται	απασχολούμαστε	απασχολείστε	απασχολούνται	απασχολιόμουν	απασχολιόσουν	απασχολιόταν	απασχολιόμασταν	απασχολιόσασταν	απασχολιούνταν	απασχολήθηκα	απασχολήθηκες	απασχολήθηκε	απασχοληθήκαμε	απασχοληθήκατε	απασχολήθηκαν	απασχολήσου	απασχολείστε	—
απασχολώ	απασχολώ	απασχολείς	απασχολεί	απασχολούμε	απασχολείτε	απασχολούν	απασχολούσα	απασχολούσες	απασχολούσε	απασχολούσαμε	απασχολούσατε	απασχολούσαν	απασχόλησα	απασχόλησες	απασχόλησε	απασχολήσαμε	απασχολήσατε	απασχολήσαν	απασχόλησε	απασχολήστε	απασχολώντας
απατάω	-	απατάς	απατά	απατάμε	απατάτε	απατάν	απάταγα	απάταγες	απάταγε	απατάγαμε	απατάγατε	απάταγαν	απάτησα	απάτησες	απάτησε	απατήσαμε	απατήσατε	απάτησαν	απάτα	απατάτε	απατώντας
απατώ	απατάω	απατάς	απατά	απατάμε	απατάτε	απατάν	απατούσα	απατούσες	απατούσε	απατούσαμε	απατούσατε	απατούσαν	απάτησα	απάτησες	απάτησε	απατήσαμε	απατήσατε	απάτησαν	απάτα	απατάτε	απατώντας
απατώμαι	απατώμαι	απατάσαι	απατάται	απατόμαστε	απατάσθε	απατώνται	—	—	—	—	—	—	απατήθηκα	απατήθηκες	απατήθηκε	απατηθήκαμε	απατηθήκατε	απατήθηκαν	απατήσου	απατάστε	—
απαυτώνω	-	-	-	-	-	-	απαύτωνα	απαύτωνες	απαύτωνε	απαυτώναμε	απαυτώνατε	απαυτώναν	απαύτωσα	απαύτωσες	απαύτωσε	απαυτώσαμε	απαυτώσατε	απαυτώσαν	απαύτωνε	απαυτώνετε	-
απειθαρχώ	απειθαρχώ	απειθαρχείς	απειθαρχεί	απειθαρχούμε	απειθαρχείτε	απειθαρχούν	απειθαρχούσα	απειθαρχούσες	απειθαρχούσε	απειθαρχούσαμε	απειθαρχούσατε	απειθαρχούσαν	απειθάρχησα	απειθάρχησες	απειθάρχησε	απειθαρχήσαμε	απειθαρχήσατε	απειθάρχησαν	απειθάρχησε	απειθαρχήστε	απειθαρχώντας
απειθώ	απειθώ	απειθείς	απειθεί	απειθούμε	απειθείτε	απειθούν	απειθούσα	απειθούσες	απειθούσε	απειθούσαμε	απειθούσατε	απειθούσαν	απείθησα	απείθησες	απείθησε	απειθήσαμε	απειθήσατε	απείθησαν	απείθησε	απειθήστε	απειθώντας
απεικονίζω	-	-	-	-	-	-	απεικόνιζα	απεικόνιζες	απεικόνιζε	απεικονίζαμε	απεικονίζατε	απεικονίζαν	απεικόνισα	απεικόνισες	απεικόνισε	απεικονίσαμε	απεικονίσατε	απεικονίσαν	απεικόνιζε	απεικονίζετε	-
απειλούμαι	απειλούμαι	απειλείσαι	απειλείται	απειλούμαστε	απειλείστε	απειλούνται	απειλιόμουν	απειλιόσουν	απειλιόταν	απειλιόμασταν	απειλιόσασταν	απειλιούνταν	απειλήθηκα	απειλήθηκες	απειλήθηκε	απειληθήκαμε	απειληθήκατε	απειλήθηκαν	απειλήσου	απειλείστε	—
απειλώ	απειλώ	απειλείς	απειλεί	απειλούμε	απειλείτε	απειλούν	απειλούσα	απειλούσες	απειλούσε	απειλούσαμε	απειλούσατε	απειλούσαν	απείλησα	απείλησες	απείλησε	απειλήσαμε	απειλήσατε	απείλησαν	απείλησε	απειλήστε	απειλώντας
απελαύνω	-	-	-	-	-	-	απέλαυνα	απέλαυνες	απέλαυνε	απελαύναμε	απελαύνατε	απέλαυναν	απέλασα	απέλασες	απέλασε	απελάσαμε	απελάσατε	απέλασαν	απέλασε	απελάστε	-
απελευθερώνω	-	-	-	-	-	-	απελευθέρωνα	απελευθέρωνες	απελευθέρωνε	απελευθερώναμε	απελευθερώνατε	απελευθέρωναν	απελευθέρωσα	απελευθέρωσες	απελευθέρωσε	απελευθερώσαμε	απελευθερώσατε	απελευθέρωσαν	απελευθέρωνε	απελευθερώνετε	-
απελπίζομαι	απελπίζομαι	απελπίζεσαι	απελπίζεται	απελπιζόμαστε	απελπίζεστε	απελπίζονται	απελπιζόμουν	απελπιζόσουν	απελπιζόταν	απελπιζόμασταν	απελπιζόσασταν	απελπίζονταν	απελπίστηκα	απελπίστηκες	απελπίστηκε	απελπιστήκαμε	απελπιστήκατε	απελπίστηκαν	απελπίσου	απελπιστείτε	-
απελπίζω	-	-	-	-	-	-	απέλπιζα	απέλπιζες	απέλπιζε	απελπίζαμε	απελπίζατε	απέλπιζαν	απέλπισα	απέλπισες	απέλπισε	απελπίσαμε	απελπίσατε	απέλπισαν	απέλπιζε	απελπίζετε	-
απενεργοποιώ	απενεργοποιώ	απενεργοποιείς	απενεργοποιεί	απενεργοποιούμε	απενεργοποιείτε	απενεργοποιούν	απενεργοποιούσα	απενεργοποιούσες	απενεργοποιούσε	απενεργοποιούσαμε	απενεργοποιούσατε	απενεργοποιούσαν	απενεργοποίησα	απενεργοποίησες	απενεργοποίησε	απενεργοποιήσαμε	απενεργοποιήσατε	απενεργοποίησαν	απενεργοποίησε	απενεργοποιήστε	απενεργοποιώντας
απισχναίνω	-	-	-	-	-	-	απίσχναινα	απίσχναινες	απίσχναινε	απισχναίναμε	απισχναίνατε	απίσχναιναν	απίσχνανα	απίσχνανες	απίσχνανε	απισχνάναμε	απισχνάνατε	απίσχναναν	απίσχναινε	απισχνάνετε	-
απλοποιούμαι	απλοποιούμαι	απλοποιείσαι	απλοποιείται	απλοποιούμαστε	απλοποιείστε	απλοποιούνται	απλοποιιόμουν	απλοποιιόσουν	απλοποιιόταν	απλοποιιόμασταν	απλοποιιόσασταν	απλοποιιούνταν	απλοποιήθηκα	απλοποιήθηκες	απλοποιήθηκε	απλοποιηθήκαμε	απλοποιηθήκατε	απλοποιήθηκαν	απλοποιήσου	απλοποιείστε	—
απλοποιώ	απλοποιώ	απλοποιείς	απλοποιεί	απλοποιούμε	απλοποιείτε	απλοποιούν	απλοποιούσα	απλοποιούσες	απλοποιούσε	απλοποιούσαμε	απλοποιούσατε	απλοποιούσαν	απλοποίησα	απλοποίησες	απλοποίησε	απλοποιήσαμε	απλοποιήσατε	απλοποίησαν	απλοποίησε	απλοποιήστε	απλοποιώντας
απλώνομαι	απλώνομαι	απλώνεσαι	απλώνεται	απλωνόμαστε	απλωνόσαστε1	απλώνονται	απλωνόμουν	απλωνόσουν	απλωνόταν	απλωνόμασταν	απλωνόσασταν	απλωνόντανε	απλώθηκα	απλώθηκες	απλώθηκε	απλωθήκαμε	απλωθήκατε	απλωθήκανε	απλώσου	απλωθείτε	-
απλώνω	-	-	-	-	-	-	άπλωνα	άπλωνες	άπλωνε	απλώναμε	απλώνατε	άπλωναν	άπλωσα	άπλωσες	άπλωσε	απλώσαμε	απλώσατε	άπλωσαν	άπλωνε	απλώνετε	-
αποβάλλω	-	-	-	-	-	-	απέβαλλα	απέβαλλες	απέβαλλε	αποβάλλαμε	αποβάλλατε	απέβαλλαν	απέβαλα	απέβαλες	απέβαλε	αποβάλαμε	αποβάλατε	απέβαλαν	απόβαλε	αποβάλετε	-
αποβιβάζομαι	αποβιβάζομαι	αποβιβάζεσαι	αποβιβάζεται	αποβιβαζόμαστε	αποβιβάζεστε	αποβιβάζονται	αποβιβαζόμουν	αποβιβαζόσουν	αποβιβαζόταν	αποβιβαζόμασταν	αποβιβαζόσασταν	αποβιβάζονταν	αποβιβάστηκα	αποβιβάστηκες	αποβιβάστηκε	αποβιβαστήκαμε	αποβιβαστήκατε	αποβιβάστηκαν	αποβιβάσου	αποβιβαστείτε	-
αποβιβάζω	-	-	-	-	-	-	αποβίβαζα	αποβίβαζες	αποβίβαζε	αποβιβάζαμε	αποβιβάζατε	αποβίβαζαν	αποβίβασα	αποβίβασες	αποβίβασε	αποβιβάσαμε	αποβιβάσατε	αποβίβασαν	αποβίβαζε	αποβιβάζετε	-
αποβλέπω	-	-	-	-	-	-	απέβλεπα	απέβλεπες	απέβλεπε	αποβλέπαμε	αποβλέπατε	απέβλεπαν	απέβλεψα	απέβλεψες	απέβλεψε	αποβλέψαμε	αποβλέψατε	απέβλεψαν	απόβλεπε	αποβλέπετε	-
απογαλακτίζομαι	απογαλακτίζομαι	απογαλακτίζεσαι	απογαλακτίζεται	απογαλακτιζόμαστε	απογαλακτίζεστε	απογαλακτίζονται	απογαλακτιζόμουν	απογαλακτιζόσουν	απογαλακτιζόταν	απογαλακτιζόμασταν	απογαλακτιζόσασταν	απογαλακτίζονταν	απογαλακτίστηκα	απογαλακτίστηκες	απογαλακτίστηκε	απογαλακτιστήκαμε	απογαλακτιστήκατε	απογαλακτίστηκαν	απογαλακτίσου	απογαλακτιστείτε	-
απογαλακτίζω	-	-	-	-	-	-	απογαλάκτιζα	απογαλάκτιζες	απογαλάκτιζε	απογαλακτίζαμε	απογαλακτίζατε	απογαλάκτιζαν	απογαλάκτισα	απογαλάκτισες	απογαλάκτισε	απογαλακτίσαμε	απογαλακτίσατε	απογαλάκτισαν	απογαλάκτιζε	απογαλακτίζετε	-
απογειώνομαι	απογειώνομαι	απογειώνεσαι	απογειώνεται	απογειωνόμαστε	απογειωνόσαστε1	απογειώνονται	απογειωνόμουν	απογειωνόσουν	απογειωνόταν	απογειωνόμασταν	απογειωνόσασταν	απογειωνόντανε	απογειώθηκα	απογειώθηκες	απογειώθηκε	απογειωθήκαμε	απογειωθήκατε	απογειωθήκανε	απογειώσου	απογειωθείτε	-
απογειώνω	-	-	-	-	-	-	απογείωνα	απογείωνες	απογείωνε	απογειώναμε	απογειώνατε	απογείωναν	απογείωσα	απογείωσες	απογείωσε	απογειώσαμε	απογειώσατε	απογείωσαν	απογείωσε	απογειώνετε	-
απογοητεύομαι	απογοητεύομαι	απογοητεύεσαι	απογοητεύεται	απογοητευόμαστε	απογοητευόσαστε1	απογοητεύονται	απογοητευόμουν	απογοητευόσουν	απογοητευόταν	απογοητευόμασταν	απογοητευόσασταν	απογοητευόντανε	απογοητεύτηκα	απογοητεύτηκες	απογοητεύτηκε	απογοητευτήκαμε	απογοητευτήκατε	απογοητευτήκανε	απογοητέψου	απογοητευτείτε	-
απογοητεύω	-	-	-	-	-	-	απογοήτευα	απογοήτευες	απογοήτευε	απογοητεύαμε	απογοητεύατε	απογοήτευαν	απογοήτευσα	απογοήτευσες	απογοήτευσε	απογοητεύσαμε	απογοητεύσατε	απογοήτευσαν	απογοήτευε	απογοητεύετε	-
αποδέχομαι	αποδέχομαι	αποδέχεσαι	αποδέχεται	αποδεχόμαστε	αποδέχεστε	αποδέχονται	αποδεχόμουν	αποδεχόσουν	αποδεχόταν	αποδεχόμασταν	αποδεχόσασταν	αποδέχονταν	αποδέχθηκα	αποδέχθηκες	αποδέχθηκε	αποδεχθήκαμε	αποδεχθήκατε	αποδέχθηκαν	αποδέξου	αποδεχθείτε	-
αποδείχνομαι	αποδείχνομαι	αποδείχνεσαι	αποδείχνεται	αποδειχνόμαστε	αποδείχνεστε	αποδείχνονται	αποδειχνόμουν	αποδειχνόσουν	αποδειχνόταν	αποδειχνόμασταν	αποδειχνόσασταν	αποδείχνονταν	αποδείχτηκα	αποδείχτηκες	αποδείχτηκε	αποδειχτήκαμε	αποδειχτήκατε	αποδείχτηκαν	αποδείξου	αποδειχτείτε	-
αποδείχνω	-	-	-	-	-	-	απόδειχνα	απόδειχνες	απόδειχνε	αποδείχναμε	αποδείχνατε	αποδείχναν	απέδειξα	απέδειξες	απέδειξε	αποδείξαμε	αποδείξατε	απέδειξαν	απόδειξε	αποδείξτε	-
αποδεικνύω	-	-	-	-	-	-	αποδείκνυα	αποδείκνυες	αποδείκνυε	αποδεικνύαμε	αποδεικνύατε	αποδείκνυαν	απέδειξα	απέδειξες	απέδειξε	αποδείξαμε	αποδείξατε	απέδειξαν	αποδείκνυε	αποδείξτε	-
αποδεκατίζομαι	αποδεκατίζομαι	αποδεκατίζεσαι	αποδεκατίζεται	αποδεκατιζόμαστε	αποδεκατίζεστε	αποδεκατίζονται	αποδεκατιζόμουν	αποδεκατιζόσουν	αποδεκατιζόταν	αποδεκατιζόμασταν	αποδεκατιζόσασταν	αποδεκατίζονταν	αποδεκατίστηκα	αποδεκατίστηκες	αποδεκατίστηκε	αποδεκατιστήκαμε	αποδεκατιστήκατε	αποδεκατίστηκαν	αποδεκατίσου	αποδεκατιστείτε	-
αποδεκατίζω	-	-	-	-	-	-	αποδεκάτιζα	αποδεκάτιζες	αποδεκάτιζε	αποδεκατίζαμε	αποδεκατίζατε	αποδεκάτιζαν	αποδεκάτισα	αποδεκάτισες	αποδεκάτισε	αποδεκατίσαμε	αποδεκατίσατε	αποδεκάτισαν	αποδεκάτιζε	αποδεκατίζετε	-
αποδεσμεύω	-	-	-	-	-	-	αποδέσμευα	αποδέσμευες	αποδέσμευε	αποδεσμεύαμε	αποδεσμεύατε	αποδέσμευαν	αποδέσμευσα	αποδέσμευσες	αποδέσμευσε	αποδεσμεύσαμε	αποδεσμεύσατε	αποδέσμευσαν	αποδέσμευε	αποδεσμεύετε	-
αποδοκιμάζομαι	αποδοκιμάζομαι	αποδοκιμάζεσαι	αποδοκιμάζεται	αποδοκιμαζόμαστε	αποδοκιμάζεστε	αποδοκιμάζονται	αποδοκιμαζόμουν	αποδοκιμαζόσουν	αποδοκιμαζόταν	αποδοκιμαζόμασταν	αποδοκιμαζόσασταν	αποδοκιμάζονταν	αποδοκιμάστηκα	αποδοκιμάστηκες	αποδοκιμάστηκε	αποδοκιμαστήκαμε	αποδοκιμαστήκατε	αποδοκιμάστηκαν	αποδοκιμάσου	αποδοκιμαστείτε	-
αποδοκιμάζω	-	-	-	-	-	-	αποδοκίμαζα	αποδοκίμαζες	αποδοκίμαζε	αποδοκιμάζαμε	αποδοκιμάζατε	αποδοκίμαζαν	αποδοκίμασα	αποδοκίμασες	αποδοκίμασε	αποδοκιμάσαμε	αποδοκιμάσατε	αποδοκίμασαν	αποδοκίμαζε	αποδοκιμάζετε	-
αποζημιώνομαι	αποζημιώνομαι	αποζημιώνεσαι	αποζημιώνεται	αποζημιωνόμαστε	αποζημιωνόσαστε1	αποζημιώνονται	αποζημιωνόμουν	αποζημιωνόσουν	αποζημιωνόταν	αποζημιωνόμασταν	αποζημιωνόσασταν	αποζημιωνόντανε	αποζημιώθηκα	αποζημιώθηκες	αποζημιώθηκε	αποζημιωθήκαμε	αποζημιωθήκατε	αποζημιωθήκανε	αποζημιώσου	αποζημιωθείτε	-
αποζημιώνω	-	-	-	-	-	-	αποζημίωνα	αποζημίωνες	αποζημίωνε	αποζημιώναμε	αποζημιώνατε	αποζημίωναν	αποζημίωσα	αποζημίωσες	αποζημίωσε	αποζημιώσαμε	αποζημιώσατε	αποζημίωσαν	αποζημίωνε	αποζημιώνετε	-
αποθαρρύνω	-	-	-	-	-	-	αποθάρρυνα	αποθάρρυνες	αποθάρρυνε	αποθαρρύναμε	αποθαρρύνατε	αποθάρρυναν	αποθάρρυνα	αποθάρρυνες	αποθάρρυνε	αποθαρρύναμε	αποθαρρύνατε	αποθάρρυναν	αποθάρρυνε	αποθαρρύνετε	-
αποθηκεύω	-	-	-	-	-	-	αποθήκευα	αποθήκευες	αποθήκευε	αποθηκεύαμε	αποθηκεύατε	αποθήκευαν	αποθήκευσα	αποθήκευσες	αποθήκευσε	αποθηκεύσαμε	αποθηκεύσατε	αποθήκευσαν	αποθήκευε	αποθηκεύετε	-
αποθησαυρίζω	-	-	-	-	-	-	αποθησαύριζα	αποθησαύριζες	αποθησαύριζε	αποθησαυρίζαμε	αποθησαυρίζατε	αποθησαυρίζαν	αποθησαύρισα	αποθησαύρισες	αποθησαύρισε	αποθησαυρίσαμε	αποθησαυρίσατε	αποθησαυρίσαν	αποθησαύριζε	αποθησαυρίζετε	-
αποικίζω	-	-	-	-	-	-	αποίκιζα	αποίκιζες	αποίκιζε	αποικίζαμε	αποικίζατε	αποίκιζαν	αποίκισα	αποίκισες	αποίκισε	αποικίσαμε	αποικίσατε	αποίκισαν	αποίκιζε	αποικίζετε	-
αποκαθιστώ	αποκαθιστώ	αποκαθιστάς	αποκαθιστά	αποκαθιστούμε	αποκαθιστάτε	αποκαθιστούν[ε]	αποκαθιστούσα	αποκαθιστούσες	αποκαθιστούσε	αποκαθιστούσαμε	αποκαθιστούσατε	αποκαθιστούσαν[ε]	αποκατάστησα	αποκατάστησες	αποκατάστησε	αποκαταστήσαμε	αποκαταστήσατε	αποκατάστησαν	αποκατάστησε	αποκαθιστάτε	αποκαθιστώντας
αποκαλύπτω	-	-	-	-	-	-	αποκάλυπτα	αποκάλυπτες	αποκάλυπτε	αποκαλύπταμε	αποκαλύπτατε	αποκάλυπταν	αποκάλυψα	αποκάλυψες	αποκάλυψε	αποκαλύψαμε	αποκαλύψατε	αποκάλυψαν	αποκάλυπτε	αποκαλύπτετε	-
αποκαλώ	αποκαλώ	αποκαλείς	αποκαλεί	αποκαλούμε	αποκαλείτε	αποκαλούν	αποκαλούσα	αποκαλούσες	αποκαλούσε	αποκαλούσαμε	αποκαλούσατε	αποκαλούσαν	αποκάλεσα	αποκάλεσες	αποκάλεσε	αποκαλέσαμε	αποκαλέσατε	αποκάλεσαν	αποκάλεσε	αποκαλέστε	αποκαλώντας
αποκαρδιώνω	-	-	-	-	-	-	αποκαρδίωνα	αποκαρδίωνες	αποκαρδίωνε	αποκαρδιώναμε	αποκαρδιώνατε	αποκαρδίωναν	αποκαρδίωσα	αποκαρδίωσες	αποκαρδίωσε	αποκαρδιώσαμε	αποκαρδιώσατε	αποκαρδίωσαν	αποκαρδίωνε	αποκαρδιώνετε	-
αποκατασταίνω	-	-	-	-	-	-	αποκατάσταινα	αποκατάσταινες	αποκατάσταινε	αποκατασταίναμε	αποκατασταίνατε	αποκατάσταιναν	αποκατάστησα	αποκατάστησες	αποκατάστησε	αποκαταστήσαμε	αποκαταστήσατε	αποκατάστησαν	αποκατάσταινε	αποκαταστήστε	-
αποκεφαλίζομαι	αποκεφαλίζομαι	αποκεφαλίζεσαι	αποκεφαλίζεται	αποκεφαλιζόμαστε	αποκεφαλίζεστε	αποκεφαλίζονται	αποκεφαλιζόμουν	αποκεφαλιζόσουν	αποκεφαλιζόταν	αποκεφαλιζόμασταν	αποκεφαλιζόσασταν	αποκεφαλίζονταν	αποκεφαλίστηκα	αποκεφαλίστηκες	αποκεφαλίστηκε	αποκεφαλιστήκαμε	αποκεφαλιστήκατε	αποκεφαλίστηκαν	αποκεφαλίσου	αποκεφαλιστείτε	-
αποκεφαλίζω	-	-	-	-	-	-	αποκεφάλιζα	αποκεφάλιζες	αποκεφάλιζε	αποκεφαλίζαμε	αποκεφαλίζατε	αποκεφάλιζαν	αποκεφάλισα	αποκεφάλισες	αποκεφάλισε	αποκεφαλίσαμε	αποκεφαλίσατε	αποκεφάλισαν	αποκεφάλιζε	αποκεφαλίζετε	-
αποκλείω	-	-	-	-	-	-	απέκλεια	απέκλειες	απέκλειε	αποκλείαμε	αποκλείατε	απέκλειαν	απέκλεισα	απέκλεισες	απέκλεισε	αποκλείσαμε	αποκλείσατε	απέκλεισαν	απόκλειε	απoκλείετε	-
αποκοιμάμαι	αποκοιμάμαι	αποκοιμάσαι	αποκοιμάται	αποκοιμούμαστε	αποκοιμάστε	αποκοιμούνται	αποκοιμόμουν	αποκοιμόσουν	αποκοιμόταν	αποκοιμούμαστε	αποκοιμόσασταν	αποκοιμούνταν	αποκοιμήθηκα	αποκοιμήθηκες	αποκοιμήθηκε	αποκοιμηθήκαμε	αποκοιμηθήκατε	αποκοιμήθηκαν	αποκοιμήσου	αποκοιμάστε	—
αποκοιμίζω	-	-	-	-	-	-	αποκοίμιζα	αποκοίμιζες	αποκοίμιζε	αποκοιμίζαμε	αποκοιμίζατε	αποκοίμιζαν	αποκοίμισα	αποκοίμισες	αποκοίμισε	αποκοιμίσαμε	αποκοιμίσατε	αποκοίμισαν	αποκοίμιζε	αποκοιμίζετε	-
αποκομίζω	-	-	-	-	-	-	αποκόμιζα	απεκόμιζες	απεκόμιζε	αποκομίζαμε	αποκομίζατε	απεκόμιζαν	αποκόμισα	απεκόμισες	απεκόμισε	αποκομίσαμε	αποκομίσατε	απεκόμισαν	απεκόμισε	αποκομίζετε	-
αποκρίνομαι	αποκρίνομαι	αποκρίνεσαι	αποκρίνεται	αποκρινόμαστε	αποκρίνεστε	αποκρίνονται	αποκρινόμουν	αποκρινόσουν	αποκρινόταν	αποκρινόμασταν	αποκρινόσασταν	αποκρίνονταν	αποκρίθηκα	αποκρίθηκες	αποκρίθηκε	αποκριθήκαμε	αποκριθήκατε	αποκρίθηκαν	αποκρίσου	αποκριθείτε	-
αποκρίνω	-	-	-	-	-	-	απέκρινα	απέκρινες	απέκρινε	αποκρίναμε	αποκρίνατε	απέκριναν	απέκρινα	απέκρινες	απέκρινε	αποκρίναμε	αποκρίνατε	απέκριναν	απόκρινε	αποκρίνετε	-
αποκρούω	-	-	-	-	-	-	απέκρουα	απέκρουες	απέκρουε	αποκρούαμε	αποκρούατε	απέκρουαν	απέκρουσα	απέκρουσες	απέκρουσε	αποκρούσαμε	αποκρούσατε	απέκρουσαν	απόκρουε	αποκρούετε	-
αποκτάω	-	αποκτάς	αποκτά	αποκτάμε	αποκτάτε	αποκτάν	αποκτούσα	αποκτούσες	αποκτούσε	αποκτούσαμε	αποκτούσατε	αποκτούσαν	απέκτησα	απέκτησες	απέκτησε	αποκτήσαμε	αποκτήσατε	απέκτησαν	απόκτα	αποκτάτε	αποκτώντας
αποκτώ	αποκτάω	αποκτάς	αποκτά	αποκτάμε	αποκτάτε	αποκτάν	αποκτούσα	αποκτούσες	αποκτούσε	αποκτούσαμε	αποκτούσατε	αποκτούσαν	απέκτησα	απέκτησες	απέκτησε	αποκτήσαμε	αποκτήσατε	απέκτησαν	απόκτησε	αποκτάτε	αποκτώντας
αποκόβω	-	-	-	-	-	-	απόκοβα	απόκοβες	απόκοβε	αποκόβαμε	αποκόβατε	αποκόβαν	απόκοψα	απόκοψες	απόκοψε	αποκόψαμε	αποκόψατε	αποκόψαν	απόκοβε	αποκόβετε	-
αποκόπτω	-	-	-	-	-	-	απέκοπτα	απέκοπτες	απέκοπτε	αποκόπταμε	αποκόπτατε	απέκοπταν	απέκοψα	απέκοψες	απέκοψε	αποκόψαμε	αποκόψατε	απέκοψαν	απόκοπτε	αποκόπτετε	-
απολαμβάνω	-	-	-	-	-	-	απολάμβανα	απολάμβανες	απολάμβανε	απολαμβάναμε	απολαμβάνατε	απολάμβαναν	απόλαυσα	απόλαυσες	απόλαυσε	απολαύσαμε	απολαύσατε	απολαύσαν	απολάμβανε	απολαμβάνετε	-
απολογούμαι	απολογούμαι	απολογείσαι	απολογείται	απολογούμαστε	απολογείστε	απολογούνται	απολογιόμουν	απολογιόσουν	απολογιόταν	απολογιόμασταν	απολογιόσασταν	απολογιούνταν	απολογήθηκα	απολογήθηκες	απολογήθηκε	απολογηθήκαμε	απολογηθήκατε	απολογήθηκαν	απολογήσου	απολογείστε	—
απολυμαίνω	-	-	-	-	-	-	απολύμαινα	απολύμαινες	απολύμαινε	απολυμαίναμε	απολυμαίνατε	απολυμαίναν	απολύμανα	απολύμανες	απολύμανε	απολυμάναμε	απολυμάνατε	απολυμάναν	απολύμαινε	απολυμάνετε	-
απολύω	-	-	-	-	-	-	απέλυα	απέλυες	απέλυε	απολύαμε	απολύατε	απέλυαν	απέλυσα	απέλυσες	απέλυσε	απολύσαμε	απολύσατε	απέλυσαν	απόλυε	απολύετε	-
απομένω	-	-	-	-	-	-	απέμενα	απέμενες	απέμενε	απομέναμε	απομένατε	απέμεναν	απέμεινα	απέμεινες	απέμεινε	απομείναμε	απομείνατε	απέμειναν	απέμεινε	απομένετε	-
απομονώνομαι	απομονώνομαι	απομονώνεσαι	απομονώνεται	απομονωνόμαστε	απομονωνόσαστε1	απομονώνονται	απομονωνόμουν	απομονωνόσουν	απομονωνόταν	απομονωνόμασταν	απομονωνόσασταν	απομονωνόντανε	απομονώθηκα	απομονώθηκες	απομονώθηκε	απομονωθήκαμε	απομονωθήκατε	απομονωθήκανε	απομονώσου	απομονωθείτε	-
απομονώνω	-	-	-	-	-	-	απομόνωνα	απομόνωνες	απομόνωνε	απομονώναμε	απομονώνατε	απομονώναν	απομόνωσα	απομόνωσες	απομόνωσε	απομονώσαμε	απομονώσατε	απομονώσαν	απομόνωνε	απομονώνετε	-
αποξενώνομαι	αποξενώνομαι	αποξενώνεσαι	αποξενώνεται	αποξενωνόμαστε	αποξενωνόσαστε1	αποξενώνονται	αποξενωνόμουν	αποξενωνόσουν	αποξενωνόταν	αποξενωνόμασταν	αποξενωνόσασταν	αποξενωνόντανε	αποξενώθηκα	αποξενώθηκες	αποξενώθηκε	αποξενωθήκαμε	αποξενωθήκατε	αποξενωθήκανε	αποξενώσου	αποξενωθείτε	-
αποξενώνω	-	-	-	-	-	-	αποξένωνα	αποξένωνες	αποξένωνε	αποξενώναμε	αποξενώνατε	αποξένωναν	αποξένωσα	αποξένωσες	αποξένωσε	αποξενώσαμε	αποξενώσατε	αποξένωσαν	αποξένωνε	αποξενώνετε	-
αποπέμπω	-	-	-	-	-	-	απέπεμπα	απέπεμπες	απέπεμπε	αποπέμπαμε	αποπέμπατε	απέπεμπαν	απέπεμψα	απέπεμψες	απέπεμψε	αποπέμψαμε	αποπέμψατε	απέπεμψαν	-	αποπέμπετε	-
αποπλέω	-	-	-	-	-	-	απέπλεα	απέπλεες	απέπλεε	αποπλέαμε	αποπλέατε	απέπλεαν	απέπλευσα	απέπλευσες	απέπλευσε	αποπλεύσαμε	αποπλεύσατε	απέπλευσαν	απόπλεε	αποπλέετε	-
αποπληρώνω	-	-	-	-	-	-	αποπλήρωνα	αποπλήρωνες	αποπλήρωνε	αποπληρώναμε	αποπληρώνατε	αποπλήρωναν	αποπλήρωσα	αποπλήρωσες	αποπλήρωσε	αποπληρώσαμε	αποπληρώσατε	αποπλήρωσαν	αποπλήρωνε	αποπληρώνετε	-
αποπνέω	-	-	-	-	-	-	απέπνεα	απέπνεες	απέπνεε	αποπνέαμε	αποπνέατε	απέπνεαν	απέπνευσα	απέπνευσες	απέπνευσε	αποπνεύσαμε	αποπνεύσατε	απέπνευσαν	απόπνεε	αποπνέετε	-
αποποινικοποιώ	αποποινικοποιώ	αποποινικοποιείς	αποποινικοποιεί	αποποινικοποιούμε	αποποινικοποιείτε	αποποινικοποιούν	αποποινικοποιούσα	αποποινικοποιούσες	αποποινικοποιούσε	αποποινικοποιούσαμε	αποποινικοποιούσατε	αποποινικοποιούσαν	αποποινικοποίησα	αποποινικοποίησες	αποποινικοποίησε	αποποινικοποιήσαμε	αποποινικοποιήσατε	αποποινικοποίησαν	αποποινικοποίησε	αποποινικοποιήστε	αποποινικοποιώντας
απορρίπτω	-	-	-	-	-	-	απέρριπτα	απέρριπτες	απέρριπτε	απορρίπταμε	απορρίπτατε	απέρριπταν	απέρριψα	απέρριψες	απέρριψε	απορρίψαμε	απορρίψατε	απέρριψαν	απόρριπτε	απορρίπτετε	-
απορώ	απορώ	απορείς	απορεί	απορούμε	απορείτε	απορούν	απορούσα	απορούσες	απορούσε	απορούσαμε	απορούσατε	απορούσαν	απόρησα	απόρησες	απόρησε	απορήσαμε	απορήσατε	απορήσαν	απόρησε	απορήστε	απορώντας
αποσαθρώνομαι	αποσαθρώνομαι	αποσαθρώνεσαι	αποσαθρώνεται	αποσαθρωνόμαστε	αποσαθρωνόσαστε1	αποσαθρώνονται	αποσαθρωνόμουν	αποσαθρωνόσουν	αποσαθρωνόταν	αποσαθρωνόμασταν	αποσαθρωνόσασταν	αποσαθρωνόντανε	αποσαθρώθηκα	αποσαθρώθηκες	αποσαθρώθηκε	αποσαθρωθήκαμε	αποσαθρωθήκατε	αποσαθρωθήκανε	αποσαθρώσου	αποσαθρωθείτε	-
αποσαθρώνω	-	-	-	-	-	-	αποσάθρωνα	αποσάθρωνες	αποσάθρωνε	αποσαθρώναμε	αποσαθρώνατε	αποσάθρωναν	αποσάθρωσα	αποσάθρωσες	αποσάθρωσε	αποσαθρώσαμε	αποσαθρώσατε	αποσάθρωσαν	αποσάθρωνε	αποσαθρώνετε	-
αποσαφηνίζομαι	αποσαφηνίζομαι	αποσαφηνίζεσαι	αποσαφηνίζεται	αποσαφηνιζόμαστε	αποσαφηνίζεστε	αποσαφηνίζονται	αποσαφηνιζόμουν	αποσαφηνιζόσουν	αποσαφηνιζόταν	αποσαφηνιζόμασταν	αποσαφηνιζόσασταν	αποσαφηνίζονταν	αποσαφηνίστηκα	αποσαφηνίστηκες	αποσαφηνίστηκε	αποσαφηνιστήκαμε	αποσαφηνιστήκατε	αποσαφηνίστηκαν	αποσαφηνίσου	αποσαφηνιστείτε	-
αποσαφηνίζω	-	-	-	-	-	-	αποσαφήνιζα	αποσαφήνιζες	αποσαφήνιζε	αποσαφηνίζαμε	αποσαφηνίζατε	αποσαφήνιζαν	αποσαφήνισα	αποσαφήνισες	αποσαφήνισε	αποσαφηνίσαμε	αποσαφηνίσατε	αποσαφήνισαν	αποσαφήνιζε	αποσαφηνίζετε	-
αποσείω	-	-	-	-	-	-	απέσεια	απέσειες	απέσειε	αποσείαμε	αποσείατε	απέσειαν	απέσεισα	απέσεισες	απέσεισε	αποσείσαμε	αποσείσατε	απέσεισαν	απόσειε	αποσείετε	-
αποσιωπώ	αποσιωπώ	αποσιωπάς	αποσιωπά	αποσιωπούμε	αποσιωπάτε	αποσιωπούν	αποσιωπούσα	αποσιωπούσες	αποσιωπούσε	αποσιωπούσαμε	αποσιωπούσατε	αποσιωπούσαν	αποσιώπησα	αποσιώπησες	αποσιώπησε	αποσιωπήσαμε	αποσιωπήσατε	αποσιωπήσαν	αποσιώπησε	αποσιωπάτε	αποσιωπώντας
αποσπώ	αποσπώ	αποσπάς	αποσπά	αποσπούμε	αποσπάτε	αποσπούν	αποσπούσα	αποσπούσες	αποσπούσε	αποσπούσαμε	αποσπούσατε	αποσπούσαν	απέσπασα	απέσπασες	απέσπασε	αποσπάσαμε	αποσπάσατε	απέσπασαν	απέσπασε	αποσπάστε	αποσπώντας
αποστάζω	-	-	-	-	-	-	απέσταζα	απέσταζες	απέσταζε	αποστάζαμε	αποστάζατε	απέσταζαν	απέσταξα	απέσταξες	απέσταξε	αποστάξαμε	αποστάξατε	απέσταξαν	απόσταζε	αποστάζετε	-
αποστέλλω	-	-	-	-	-	-	απέστελλα	απέστελλες	απέστελλε	αποστέλλαμε	αποστέλλατε	απέστελλαν	απέστειλα	απέστειλες	απέστειλε	αποστείλαμε	αποστείλατε	απέστειλαν	απόστειλε	αποστέλλετε	-
αποσταίνω	-	-	-	-	-	-	απόσταινα	απόσταινες	απόσταινε	αποσταίναμε	αποσταίνατε	αποσταίναν	απόστασα	απόστασες	απόστασε	αποστάσαμε	αποστάσατε	αποστάσαν	απόσταινε	αποστάστε	-
αποσταθεροποιώ	αποσταθεροποιώ	αποσταθεροποιείς	αποσταθεροποιεί	αποσταθεροποιούμε	αποσταθεροποιείτε	αποσταθεροποιούν	αποσταθεροποιούσα	αποσταθεροποιούσες	αποσταθεροποιούσε	αποσταθεροποιούσαμε	αποσταθεροποιούσατε	αποσταθεροποιούσαν	αποσταθεροποίησα	αποσταθεροποίησες	αποσταθεροποίησε	αποσταθεροποιήσαμε	αποσταθεροποιήσατε	αποσταθεροποίησαν	αποσταθεροποίησε	αποσταθεροποιήστε	αποσταθεροποιώντας
αποστειρώνομαι	αποστειρώνομαι	αποστειρώνεσαι	αποστειρώνεται	αποστειρωνόμαστε	αποστειρωνόσαστε1	αποστειρώνονται	αποστειρωνόμουν	αποστειρωνόσουν	αποστειρωνόταν	αποστειρωνόμασταν	αποστειρωνόσασταν	αποστειρωνόντανε	αποστειρώθηκα	αποστειρώθηκες	αποστειρώθηκε	αποστειρωθήκαμε	αποστειρωθήκατε	αποστειρωθήκανε	αποστειρώσου	αποστειρωθείτε	-
αποστειρώνω	-	-	-	-	-	-	αποστείρωνα	αποστείρωνες	αποστείρωνε	αποστειρώναμε	αποστειρώνατε	αποστείρωναν	αποστείρωσα	αποστείρωσες	αποστείρωσε	αποστειρώσαμε	αποστειρώσατε	αποστείρωσαν	αποστείρωνε	αποστειρώνετε	-
αποστερώ	αποστερώ	αποστερείς	αποστερεί	αποστερούμε	αποστερείτε	αποστερούν	αποστερούσα	αποστερούσες	αποστερούσε	αποστερούσαμε	αποστερούσατε	αποστερούσαν	αποστέρησα	αποστέρησες	αποστέρησε	αποστερήσαμε	αποστερήσατε	αποστέρησαν	αποστέρησε	αποστερήστε	αποστερώντας
αποστηθίζω	-	-	-	-	-	-	αποστήθιζα	αποστήθιζες	αποστήθιζε	αποστηθίζαμε	αποστηθίζατε	αποστήθιζαν	αποστήθισα	αποστήθισες	αποστήθισε	αποστηθίσαμε	αποστηθίσατε	αποστήθισαν	αποστήθιζε	αποστηθίζετε	-
αποστρέφω	-	-	-	-	-	-	απέστρεφα	απέστρεφες	απέστρεφε	αποστρέφαμε	αποστρέφατε	απέστρεφαν	απέστρεψα	απέστρεψες	απέστρεψε	αποστρέψαμε	αποστρέψατε	απέστρεψαν	απόστρεφε	αποστρέφετε	-
αποσυνδέω	-	-	-	-	-	-	αποσυνέδεα	αποσυνέδεες	αποσυνέδεε	αποσυνδέαμε	αποσυνδέατε	αποσυνέδεαν	αποσυνέδεσα	αποσυνέδεσες	αποσυνέδεσε	αποσυνδέσαμε	αποσυνδέσατε	αποσυνέδεσαv	αποσυνέδεσε	αποσυνδέετε	-
αποταμιεύομαι	αποταμιεύομαι	αποταμιεύεσαι	αποταμιεύεται	αποταμιευόμαστε	αποταμιευόσαστε1	αποταμιεύονται	αποταμιευόμουν	αποταμιευόσουν	αποταμιευόταν	αποταμιευόμασταν	αποταμιευόσασταν	αποταμιευόντανε	αποταμιεύτηκα	αποταμιεύτηκες	αποταμιεύτηκε	αποταμιευτήκαμε	αποταμιευτήκατε	αποταμιευτήκανε	αποταμιέψου	αποταμιευτείτε	-
αποταμιεύω	-	-	-	-	-	-	αποταμίευα	αποταμίευες	αποταμίευε	αποταμιεύαμε	αποταμιεύατε	αποταμίευαν	αποταμίευσα	αποταμίευσες	αποταμίευσε	αποταμιεύσαμε	αποταμιεύσατε	αποταμίευσαν	αποταμίευε	αποταμιεύετε	-
αποτελώ	αποτελώ	αποτελείς	αποτελεί	αποτελούμε	αποτελείτε	αποτελούν	αποτελούσα	αποτελούσες	αποτελούσε	αποτελούσαμε	αποτελούσατε	αποτελούσαν	αποτέλεσα	αποτέλεσες	αποτέλεσε	αποτελέσαμε	αποτελέσατε	αποτέλεσαν	αποτέλεσε	αποτελέστε	αποτελώντας
αποτρέπω	-	-	-	-	-	-	απέτρεπα	απέτρεπες	απέτρεπε	αποτρέπαμε	αποτρέπατε	απέτρεπαν	απέτρεψα	απέτρεψες	απέτρεψε	αποτρέψαμε	αποτρέψατε	απέτρεψαν	απότρεπε	αποτρέπετε	-
αποτραβώ	αποτραβάω	αποτραβάς	αποτραβά	αποτραβάμε	αποτραβάτε	αποτραβάν	αποτράβαγα	αποτράβαγες	αποτράβαγε	αποτραβάγαμε	αποτραβάγατε	αποτράβαγαν	αποτράβηξα	αποτράβηξες	αποτράβηξε	αποτραβήξαμε	αποτραβήξατε	αποτράβηξαν	αποτράβηξε	αποτραβάτε	αποτραβώντας
αποτυπώνω	-	-	-	-	-	-	αποτύπωνα	αποτύπωνες	αποτύπωνε	αποτυπώναμε	αποτυπώνατε	αποτυπώναν	αποτύπωσα	αποτύπωσες	αποτύπωσε	αποτυπώσαμε	αποτυπώσατε	αποτυπώσαν	αποτύπωνε	αποτυπώνετε	-
αποφασίζομαι	αποφασίζομαι	αποφασίζεσαι	αποφασίζεται	αποφασιζόμαστε	αποφασίζεστε	αποφασίζονται	αποφασιζόμουν	αποφασιζόσουν	αποφασιζόταν	αποφασιζόμασταν	αποφασιζόσασταν	αποφασίζονταν	αποφασίστηκα	αποφασίστηκες	αποφασίστηκε	αποφασιστήκαμε	αποφασιστήκατε	αποφασίστηκαν	αποφασίσου	αποφασιστείτε	-
αποφασίζω	-	-	-	-	-	-	αποφάσιζα	αποφάσιζες	αποφάσιζε	αποφασίζαμε	αποφασίζατε	αποφάσιζαν	αποφάσισα	αποφάσισες	αποφάσισε	αποφασίσαμε	αποφασίσατε	αποφάσισαν	αποφάσιζε	αποφασίζετε	-
αποφεύγω	-	-	-	-	-	-	απέφευγα	απέφευγες	απέφευγε	αποφεύγαμε	αποφεύγατε	απέφευγαν	απέφυγα	απέφυγες	απέφυγε	αποφύγαμε	αποφύγατε	απέφυγαν	απόφευγε	αποφεύγετε	-
αποφοιτώ	αποφοιτώ	αποφοιτάς	αποφοιτά	αποφοιτούμε	αποφοιτάτε	αποφοιτούν	αποφοιτούσα	αποφοιτούσες	αποφοιτούσε	αποφοιτούσαμε	αποφοιτούσατε	αποφοιτούσαν	αποφοίτησα	αποφοίτησες	αποφοίτησε	αποφοιτήσαμε	αποφοιτήσατε	αποφοίτησαν	αποφοίτησε	αποφοιτάτε	αποφοιτώντας
αποφυλακίζω	-	-	-	-	-	-	αποφυλάκιζα	αποφυλάκιζες	αποφυλάκιζε	αποφυλακίζαμε	αποφυλακίζατε	αποφυλάκιζαν	αποφυλάκισα	αποφυλάκισες	αποφυλάκισε	αποφυλακίσαμε	αποφυλακίσατε	αποφυλάκισαν	αποφυλάκιζε	αποφυλακίζετε	-
αποχτώ	αποχτάω	αποχτάς	αποχτά	αποχτάμε	αποχτάτε	αποχτάν	αποχτούσα	αποχτούσες	αποχτούσε	αποχτούσαμε	αποχτούσατε	αποχτούσαν	απέχτησα	απέχτησες	απέχτησε	αποχτήσαμε	αποχτήσατε	απέχτησαν	απόχτα	αποχτάτε	αποχτώντας
αποχωρώ	αποχωρώ	αποχωρείς	αποχωρεί	αποχωρούμε	αποχωρείτε	αποχωρούν	αποχωρούσα	αποχωρούσες	αποχωρούσε	αποχωρούσαμε	αποχωρούσατε	αποχωρούσαν	αποχώρησα	αποχώρησες	αποχώρησε	αποχωρήσαμε	αποχωρήσατε	αποχωρήσαν	αποχώρησε	αποχωρήστε	αποχωρώντας
απωθούμαι	απωθούμαι	απωθείσαι	απωθείται	απωθούμαστε	απωθείστε	απωθούνται	απωθιόμουν	απωθιόσουν	απωθιόταν	απωθιόμασταν	απωθιόσασταν	απωθιούνταν	απωθήθηκα	απωθήθηκες	απωθήθηκε	απωθηθήκαμε	απωθηθήκατε	απωθήθηκαν	απωθήσου	απωθείστε	—
απωθώ	απωθώ	απωθείς	απωθεί	απωθούμε	απωθείτε	απωθούν	απωθούσα	απωθούσες	απωθούσε	απωθούσαμε	απωθούσατε	απωθούσαν	απώθησα	απώθησες	απώθησε	απωθήσαμε	απωθήσατε	απωθήσαν	απώθησε	απωθήστε	απωθώντας
αράζω	-	-	-	-	-	-	άραζα	άραζες	άραζε	αράζαμε	αράζατε	άραζαν	άραξα	άραξες	άραξε	αράξαμε	αράξατε	άραξαν	άραζε	αράζετε	-
αρέσω	-	-	-	-	-	-	άρεσα	άρεσες	άρεσε	αρέσαμε	αρέσατε	άρεσαν	άρεσα	άρεσες	άρεσε	αρέσαμε	αρέσατε	άρεσαν	άρεσε	αρέσετε	—
αραθυμώ	αραθυμώ	αραθυμείς	αραθυμεί	αραθυμούμε	αραθυμείτε	αραθυμούν	αραθυμούσα	αραθυμούσες	αραθυμούσε	αραθυμούσαμε	αραθυμούσατε	αραθυμούσαν	αραθύμησα	αραθύμησες	αραθύμησε	αραθυμήσαμε	αραθυμήσατε	αραθυμήσαν	αραθύμησε	αραθυμήστε	αραθυμώντας
αραχνιάζω	-	-	-	-	-	-	αράχνιαζα	αράχνιαζες	αράχνιαζε	αραχνιάζαμε	αραχνιάζατε	αράχνιαζαν	αράχνιασα	αράχνιασες	αράχνιασε	αραχνιάσαμε	αραχνιάσατε	αράχνιασαν	αράχνιαζε	αραχνιάζετε	-
αργοσαλεύω	-	-	-	-	-	-	αργοσάλευα	αργοσάλευες	αργοσάλευε	αργοσαλεύαμε	αργοσαλεύατε	αργοσάλευαν	αργοσάλεψα	αργοσάλεψες	αργοσάλεψε	αργοσαλέψαμε	αργοσαλέψατε	αργοσάλεψαν	αργοσάλευε	αργοσαλέψτε	-
αργώ	αργώ	αργείς	αργεί	αργούμε	αργείτε	αργούν	αργούσα	αργούσες	αργούσε	αργούσαμε	αργούσατε	αργούσαν	άργησα	άργησες	άργησε	αργήσαμε	αργήσατε	άργησαν	άργησε	αργήστε	αργώντας
αρδεύομαι	αρδεύομαι	αρδεύεσαι	αρδεύεται	αρδευόμαστε	αρδευόσαστε1	αρδεύονται	αρδευόμουν	αρδευόσουν	αρδευόταν	αρδευόμασταν	αρδευόσασταν	αρδευόντανε	αρδεύτηκα	αρδεύτηκες	αρδεύτηκε	αρδευτήκαμε	αρδευτήκατε	αρδευτήκανε	αρδέψου	αρδευτείτε	-
αρδεύω	-	-	-	-	-	-	άρδευα	άρδευες	άρδευε	αρδεύαμε	αρδεύατε	άρδευαν	άρδευσα	άρδευσες	άρδευσε	αρδεύσαμε	αρδεύσατε	άρδευσαν	άρδευε	αρδεύετε	-
αριβάρω	-	-	-	-	-	-	αριβάριζα	αριβάριζες	αριβάριζε	αριβάραμε	αριβάρατε	αριβάραν	αριβάρισα	αριβάρισες	αριβάρισε	αριβάραμε	αριβάρατε	αριβάραν	αριβάριζε	αριβάρετε	-
αρκώ	αρκώ	αρκείς	αρκεί	αρκούμε	αρκείτε	αρκούν	αρκούσα	αρκούσες	αρκούσε	αρκούσαμε	αρκούσατε	αρκούσαν	άρκεσα	άρκεσες	άρκεσε	αρκέσαμε	αρκέσατε	άρκεσαν	άρκεσε	αρκέστε	αρκώντας
αρματώνομαι	αρματώνομαι	αρματώνεσαι	αρματώνεται	αρματωνόμαστε	αρματωνόσαστε1	αρματώνονται	αρματωνόμουν	αρματωνόσουν	αρματωνόταν	αρματωνόμασταν	αρματωνόσασταν	αρματωνόντανε	αρματώθηκα	αρματώθηκες	αρματώθηκε	αρματωθήκαμε	αρματωθήκατε	αρματωθήκανε	αρματώσου	αρματωθείτε	-
αρματώνω	-	-	-	-	-	-	αρμάτωνα	αρμάτωνες	αρμάτωνε	αρματώναμε	αρματώνατε	αρμάτωναν	αρμάτωσα	αρμάτωσες	αρμάτωσε	αρματώσαμε	αρματώσατε	αρμάτωσαν	αρμάτωνε	αρματώνετε	-
αρμενίζω	-	-	-	-	-	-	αρμένιζα	αρμένιζες	αρμένιζε	αρμενίζαμε	αρμενίζατε	αρμένιζαν	αρμένισα	αρμένισες	αρμένισε	αρμενίσαμε	αρμενίσατε	αρμένισαν	αρμένιζε	αρμενίζετε	-
αρπάζομαι	αρπάζομαι	αρπάζεσαι	αρπάζεται	αρπαζόμαστε	αρπάζεστε	αρπάζονται	αρπαζόμουν	αρπαζόσουν	αρπαζόταν	αρπαζόμασταν	αρπαζόσασταν	αρπάζονταν	αρπάχτηκα	αρπάχτηκες	αρπάχτηκε	αρπαχτήκαμε	αρπαχτήκατε	αρπάχτηκαν	αρπάξου	αρπαχτείτε	-
αρπάζω	-	-	-	-	-	-	άρπαζα	άρπαζες	άρπαζε	αρπάζαμε	αρπάζατε	άρπαζαν	άρπαξα	άρπαξες	άρπαξε	αρπάξαμε	αρπάξατε	άρπαξαν	άρπαζε	αρπάζετε	-
αρρωσταίνω	-	-	-	-	-	-	αρρώσταινα	αρρώσταινες	αρρώσταινε	αρρωσταίναμε	αρρωσταίνατε	αρρωσταίναν	αρρώστησα	αρρώστησες	αρρώστησε	αρρωστήσαμε	αρρωστήσατε	αρρωστήσαν	αρρώσταινε	αρρωστήστε	-
αρταίνω	-	-	-	-	-	-	άρταινα	άρταινες	άρταινε	αρταίναμε	αρταίνατε	άρταιναν	άρτυσα	άρτυσες	άρτυσε	αρτύσαμε	αρτύσατε	άρτυσαν	άρταινε	αρταίνετε	-
αρχίζω	-	-	-	-	-	-	άρχιζα	άρχιζες	άρχιζε	αρχίζαμε	αρχίζατε	άρχιζαν	άρχισα	άρχισες	άρχισε	αρχίσαμε	αρχίσατε	άρχισαν	άρχιζε	αρχίζετε	-
αρχινάω	-	αρχινάς	αρχινά	αρχινάμε	αρχινάτε	αρχινάν	αρχίναγα	αρχίναγες	αρχίναγε	αρχινάγαμε	αρχινάγατε	αρχίναγαν	αρχίνησα	αρχίνησες	αρχίνησε	αρχινήσαμε	αρχινήσατε	αρχίνησαν	αρχίνα	αρχινάτε	αρχινώντας
αρχινίζω	-	-	-	-	-	-	αρχίνιζα	αρχίνιζες	αρχίνιζε	αρχινίζαμε	αρχινίζατε	αρχίνιζαν	αρχίνισα	αρχίνισες	αρχίνισε	αρχινίσαμε	αρχινίσατε	αρχίνισαν	αρχίνιζε	αρχινίζετε	-
αρχινώ	αρχινάω	αρχινάς	αρχινά	αρχινάμε	αρχινάτε	αρχινάν	αρχίναγα	αρχίναγες	αρχίναγε	αρχινάγαμε	αρχινάγατε	αρχίναγαν	αρχίνησα	αρχίνησες	αρχίνησε	αρχινήσαμε	αρχινήσατε	αρχίνησαν	αρχίνα	αρχινάτε	αρχινώντας
ασελγώ	ασελγώ	ασελγείς	ασελγεί	ασελγούμε	ασελγείτε	ασελγούν	ασελγούσα	ασελγούσες	ασελγούσε	ασελγούσαμε	ασελγούσατε	ασελγούσαν	ασέλγησα	ασέλγησες	ασέλγησε	ασελγήσαμε	ασελγήσατε	ασέλγησαν	ασέλγησε	ασελγήστε	ασελγώντας
ασθενώ	ασθενώ	ασθενείς	ασθενεί	ασθενούμε	ασθενείτε	ασθενούν	ασθενούσα	ασθενούσες	ασθενούσε	ασθενούσαμε	ασθενούσατε	ασθενούσαν	ασθένησα	ασθένησες	ασθένησε	ασθενήσαμε	ασθενήσατε	ασθένησαν	ασθένησε	ασθενήστε	ασθενώντας
ασθμαίνω	-	-	-	-	-	-	άσθμαινα	άσθμαινες	άσθμαινε	ασθμαίναμε	ασθμαίνατε	άσθμαιναν	-	-	-	-	-	-	άσθμαινε	ασθμαίνετε	-
ασκώ	ασκώ	ασκείς	ασκεί	ασκούμε	ασκείτε	ασκούν	ασκούσα	ασκούσες	ασκούσε	ασκούσαμε	ασκούσατε	ασκούσαν	άσκησα	άσκησες	άσκησε	ασκήσαμε	ασκήσατε	άσκησαν	άσκησε	ασκήστε	ασκώντας
ασπάζομαι	ασπάζομαι	ασπάζεσαι	ασπάζεται	ασπαζόμαστε	ασπάζεστε	ασπάζονται	ασπαζόμουν	ασπαζόσουν	ασπαζόταν	ασπαζόμασταν	ασπαζόσασταν	ασπάζονταν	ασπάστηκα	ασπάστηκες	ασπάστηκε	ασπαστήκαμε	ασπαστήκατε	ασπάστηκαν	ασπάσου	ασπαστείτε	-
ασπρίζω	-	-	-	-	-	-	άσπριζα	άσπριζες	άσπριζε	ασπρίζαμε	ασπρίζατε	άσπριζαν	άσπρισα	άσπρισες	άσπρισε	ασπρίσαμε	ασπρίσατε	άσπρισαν	άσπριζε	ασπρίζετε	-
αστειεύομαι	αστειεύομαι	αστειεύεσαι	αστειεύεται	αστειευόμαστε	αστειευόσαστε1	αστειεύονται	αστειευόμουν	αστειευόσουν	αστειευόταν	αστειευόμασταν	αστειευόσασταν	αστειευόντανε	αστειεύτηκα	αστειεύτηκες	αστειεύτηκε	αστειευτήκαμε	αστειευτήκατε	αστειευτήκανε	αστειέψου	αστειευτείτε	-
αστράφτω	-	-	-	-	-	-	άστραφτα	άστραφτες	άστραφτε	αστράφταμε	αστράφτατε	άστραφταν	άστραψα	άστραψες	άστραψε	αστράψαμε	αστράψατε	άστραψαν	άστραφ'	αστράφτε	-
ασφαλίζω	-	-	-	-	-	-	ασφάλιζα	ασφάλιζες	ασφάλιζε	ασφαλίζαμε	ασφαλίζατε	ασφάλιζαν	ασφάλισα	ασφάλισες	ασφάλισε	ασφαλίσαμε	ασφαλίσατε	ασφάλισαν	ασφάλιζε	ασφαλίζετε	-
ασφυκτιώ	ασφυκτιώ	ασφυκτιάς	ασφυκτιά	ασφυκτιούμε	ασφυκτιάτε	ασφυκτιούν	ασφυκτιούσα	ασφυκτιούσες	ασφυκτιούσε	ασφυκτιούσαμε	ασφυκτιούσατε	ασφυκτιούσαν	-	-	-	-	-	-	-	ασφυκτιάτε	-
ασχολούμαι	ασχολούμαι	ασχολείσαι	ασχολείται	ασχολούμαστε	ασχολείστε	ασχολούνται	ασχολιόμουν	ασχολιόσουν	ασχολιόταν	ασχολιόμασταν	ασχολιόσασταν	ασχολιούνταν	ασχολήθηκα	ασχολήθηκες	ασχολήθηκε	ασχοληθήκαμε	ασχοληθήκατε	ασχολήθηκαν	ασχολήσου	ασχολείστε	—
αυνανίζομαι	αυνανίζομαι	αυνανίζεσαι	αυνανίζεται	αυνανιζόμαστε	αυνανίζεστε	αυνανίζονται	αυνανιζόμουν	αυνανιζόσουν	αυνανιζόταν	αυνανιζόμασταν	αυνανιζόσασταν	αυνανίζονταν	αυνανίστηκα	αυνανίστηκες	αυνανίστηκε	αυνανιστήκαμε	αυνανιστήκατε	αυνανίστηκαν	αυνανίσου	αυνανιστείτε	-
αυξάνω	-	-	-	-	-	-	αύξανα	αύξανες	αύξανε	αυξάναμε	αυξάνατε	αυξάναν	αύξησα	αύξησες	αύξησε	αυξήσαμε	αυξήσατε	αυξήσαν	αύξησε	αυξάνετε	-
αυξομειώνομαι	αυξομειώνομαι	αυξομειώνεσαι	αυξομειώνεται	αυξομειωνόμαστε	αυξομειωνόσαστε1	αυξομειώνονται	αυξομειωνόμουν	αυξομειωνόσουν	αυξομειωνόταν	αυξομειωνόμασταν	αυξομειωνόσασταν	αυξομειωνόντανε	αυξομειώθηκα	αυξομειώθηκες	αυξομειώθηκε	αυξομειωθήκαμε	αυξομειωθήκατε	αυξομειωθήκανε	αυξομειώσου	αυξομειωθείτε	-
αυξομειώνω	-	-	-	-	-	-	αυξομείωνα	αυξομείωνες	αυξομείωνε	αυξομειώναμε	αυξομειώνατε	αυξομείωναν	αυξομείωσα	αυξομείωσες	αυξομείωσε	αυξομειώσαμε	αυξομειώσατε	αυξομείωσαν	αυξομείωνε	αυξομειώνετε	-
αυτοκτονώ	αυτοκτονώ	αυτοκτονείς	αυτοκτονεί	αυτοκτονούμε	αυτοκτονείτε	αυτοκτονούν	αυτοκτονούσα	αυτοκτονούσες	αυτοκτονούσε	αυτοκτονούσαμε	αυτοκτονούσατε	αυτοκτονούσαν	αυτοκτόνησα	αυτοκτόνησες	αυτοκτόνησε	αυτοκτονήσαμε	αυτοκτονήσατε	αυτοκτονήσαν	αυτοκτόνησε	αυτοκτονήστε	αυτοκτονώντας
αυτομολώ	αυτομολάω	αυτομολάς	αυτομολά	αυτομολάμε	αυτομολάτε	αυτομολάν	αυτομολούσα	αυτομολούσες	αυτομολούσε	αυτομολάγαμε	αυτομολάγατε	αυτομολούσαν	αυτομόλησα	αυτομόλησες	αυτομόλησε	αυτομολήσαμε	αυτομολήσατε	αυτομολήσαν	αυτομόλα	αυτομολάτε	αυτομολώντας
αυτώνω	-	-	-	-	-	-	αύτωνα	αύτωνες	αύτωνε	αυτώναμε	αυτώνατε	αυτώναν	αύτωσα	αύτωσες	αύτωσε	αυτώσαμε	αυτώσατε	αυτώσαν	αύτωνε	αυτώνετε	-
αφήνω	-	-	-	-	-	-	άφηνα	άφηνες	άφηνε	αφήναμε	αφήνατε	άφηναν	άφησα	άφησες	άφησε	αφήσαμε	αφήσατε	άφησαν	άσε	άστε	-
αφαιρώ	αφαιρώ	αφαιρείς	αφαιρεί	αφαιρούμε	αφαιρείτε	αφαιρούν	αφαιρούσα	αφαιρούσες	αφαιρούσε	αφαιρούσαμε	αφαιρούσατε	αφαιρούσαν	αφαίρεσα	αφαίρεσες	αφαίρεσε	αφαιρέσαμε	αφαιρέσατε	αφαίρεσαν	αφαίρεσε	αφαιρέστε	αφαιρώντας
αφανίζω	-	-	-	-	-	-	αφάνιζα	αφάνιζες	αφάνιζε	αφανίζαμε	αφανίζατε	αφάνιζαν	αφάνισα	αφάνισες	αφάνισε	αφανίσαμε	αφανίσατε	αφάνισαν	αφάνιζε	αφανίζετε	-
αφθονώ	αφθονώ	αφθονείς	αφθονεί	αφθονούμε	αφθονείτε	αφθονούν	αφθονούσα	αφθονούσες	αφθονούσε	αφθονούσαμε	αφθονούσατε	αφθονούσαν	-	-	-	-	-	-	-	αφθονείτε	-
αφοδεύω	-	-	-	-	-	-	αφόδευα	αφόδευες	αφόδευε	αφοδεύαμε	αφοδεύατε	αφοδεύαν	αφόδευσα	αφόδευσες	αφόδευσε	αφοδεύσαμε	αφοδεύσατε	αφοδεύσαν	αφόδευε	αφοδεύετε	-
αφορίζομαι	αφορίζομαι	αφορίζεσαι	αφορίζεται	αφοριζόμαστε	αφορίζεστε	αφορίζονται	αφοριζόμουν	αφοριζόσουν	αφοριζόταν	αφοριζόμασταν	αφοριζόσασταν	αφορίζονταν	αφορίστηκα	αφορίστηκες	αφορίστηκε	αφοριστήκαμε	αφοριστήκατε	αφορίστηκαν	αφορίσου	αφοριστείτε	-
αφορίζω	-	-	-	-	-	-	αφόριζα	αφόριζες	αφόριζε	αφορίζαμε	αφορίζατε	αφορίζαν	αφόρισα	αφόρισες	αφόρισε	αφορίσαμε	αφορίσατε	αφορίσαν	αφόριζε	αφορίζετε	-
αφυδατώνομαι	αφυδατώνομαι	αφυδατώνεσαι	αφυδατώνεται	αφυδατωνόμαστε	αφυδατωνόσαστε1	αφυδατώνονται	αφυδατωνόμουν	αφυδατωνόσουν	αφυδατωνόταν	αφυδατωνόμασταν	αφυδατωνόσασταν	αφυδατωνόντανε	αφυδατώθηκα	αφυδατώθηκες	αφυδατώθηκε	αφυδατωθήκαμε	αφυδατωθήκατε	αφυδατωθήκανε	αφυδατώσου	αφυδατωθείτε	-
αφυδατώνω	-	-	-	-	-	-	αφυδάτωνα	αφυδάτωνες	αφυδάτωνε	αφυδατώναμε	αφυδατώνατε	αφυδάτωναν	αφυδάτωσα	αφυδάτωσες	αφυδάτωσε	αφυδατώσαμε	αφυδατώσατε	αφυδάτωσαν	αφυδάτωνε	αφυδατώνετε	-
βάζομαι	βάζομαι	βάζεσαι	βάζεται	βαζόμαστε	βάζεστε	βάζονται	βαζόμουν	βαζόσουν	βαζόταν	βαζόμασταν	βαζόσασταν	βάζονταν	βάλθηκα	βάλθηκες	βάλθηκε	βαλθήκαμε	βαλθήκατε	βάλθηκαν	βάλσου	βαλθείτε	-
βάζω	-	-	-	-	-	-	έβαζα	έβαζες	έβαζε	βάζαμε	βάζατε	έβαζαν	έβαλα	έβαλες	έβαλε	βάλαμε	βάλατε	έβαλαν	βάζε	βάζετε	-
βάλλω	-	-	-	-	-	-	έβαλλα	έβαλλες	έβαλλε	βάλλαμε	βάλλατε	έβαλλαν	έβαλα	έβαλες	έβαλε	βάλαμε	βάλατε	έβαλαν	βάλε	βάλετε	-
βάφω	-	-	-	-	-	-	έβαφα	έβαφες	έβαφε	βάφαμε	βάφατε	έβαφαν	έβαψα	έβαψες	έβαψε	βάψαμε	βάψατε	έβαψαν	βάφ'	βάφετε	-
βαίνω	-	-	-	-	-	-	έβαινα	έβαινες	έβαινε	βαίναμε	βαίνατε	έβαιναν	-	-	-	-	-	-	-	βαίνετε	-
βαδίζω	-	-	-	-	-	-	βάδιζα	βάδιζες	βάδιζε	βαδίζαμε	βαδίζατε	βάδιζαν	βάδισα	βάδισες	βάδισε	βαδίσαμε	βαδίσατε	βάδισαν	βάδιζε	βαδίζετε	-
βαλσαμώνομαι	βαλσαμώνομαι	βαλσαμώνεσαι	βαλσαμώνεται	βαλσαμωνόμαστε	βαλσαμωνόσαστε1	βαλσαμώνονται	βαλσαμωνόμουν	βαλσαμωνόσουν	βαλσαμωνόταν	βαλσαμωνόμασταν	βαλσαμωνόσασταν	βαλσαμωνόντανε	βαλσαμώθηκα	βαλσαμώθηκες	βαλσαμώθηκε	βαλσαμωθήκαμε	βαλσαμωθήκατε	βαλσαμωθήκανε	βαλσαμώσου	βαλσαμωθείτε	-
βαλσαμώνω	-	-	-	-	-	-	βαλσάμωνα	βαλσάμωνες	βαλσάμωνε	βαλσαμώναμε	βαλσαμώνατε	βαλσάμωναν	βαλσάμωσα	βαλσάμωσες	βαλσάμωσε	βαλσαμώσαμε	βαλσαμώσατε	βαλσάμωσαν	βαλσάμωνε	βαλσαμώνετε	-
βαπτίζω	-	-	-	-	-	-	βάπτιζα	βάπτιζες	βάπτιζε	βαπτίζαμε	βαπτίζατε	βάπτιζαν	βάπτισα	βάπτισες	βάπτισε	βαπτίσαμε	βαπτίσατε	βάπτισαν	βάπτιζε	βαπτίζετε	-
βαράω	-	βαράς	βαρά	βαράμε	βαράτε	βαράν	βάραγα	βάραγες	βάραγε	βαράγαμε	βαράγατε	βάραγαν	βάρεσα	βάρεσες	βάρεσε	βαρέσαμε	βαρέσατε	βάρεσαν	βάρα	βαράτε	βαρώντας
βαραίνω	-	-	-	-	-	-	βάραινα	βάραινες	βάραινε	βαραίναμε	βαραίνατε	βάραιναν	βάρυνα	βάρυνες	βάρυνε	βαρύναμε	βαρύνατε	βάρυναν	βάραινε	βαραίνετε	-
βαριέμαι	βαριέμαι	βαριέσαι	βαριέται	βαριόμαστε	βαριέστε	βαριούνται	βαριόμουν	βαριόσουν	βαριόταν	βαριόμασταν	βαριόσασταν	βαριούνταν	βαρέθηκα	βαρέθηκες	βαρέθηκε	βαρεθήκαμε	βαρεθήκατε	βαρέθηκαν	βαρέσου	βαρεθείτε	—
βαρώ	βαράω	βαράς	βαρά	βαράμε	βαράτε	βαράν	βάραγα	βάραγες	βάραγε	βαράγαμε	βαράγατε	βάραγαν	βάρεσα	βάρεσες	βάρεσε	βαρέσαμε	βαρέσατε	βάρεσαν	βάρα	βαράτε	βαρώντας
βασίζω	-	-	-	-	-	-	βάσιζα	βάσιζες	βάσιζε	βασίζαμε	βασίζατε	βάσιζαν	βάσισα	βάσισες	βάσισε	βασίσαμε	βασίσατε	βάσισαν	βάσιζε	βασίζετε	-
βασανίζω	-	-	-	-	-	-	βασάνιζα	βασάνιζες	βασάνιζε	βασανίζαμε	βασανίζατε	βασάνιζαν	βασάνισα	βασάνισες	βασάνισε	βασανίσαμε	βασανίσατε	βασάνισαν	βασάνιζε	βασανίζετε	-
βασιλεύω	-	-	-	-	-	-	βασίλευα	βασίλευες	βασίλευε	βασιλεύαμε	βασιλεύατε	βασίλευαν	βασίλεψα	βασίλεψες	βασίλεψε	βασιλέψαμε	βασιλέψατε	βασίλεψαν	βασίλευε	βασιλέψτε	βασιλεύον}
βασκαίνομαι	βασκαίνομαι	βασκαίνεσαι	βασκαίνεται	βασκαινόμαστε	βασκαίνεστε	βασκαίνονται	βασκαινόμουν	βασκαινόσουν	βασκαινόταν	βασκαινόμασταν	βασκαινόσασταν	βασκαίνονταν	βασκάθηκα	βασκάθηκες	βασκάθηκε	βασκαθήκαμε	βασκαθήκατε	βασκάθηκαν	—	βασκαθείτε	-
βασκαίνω	-	-	-	-	-	-	βάσκαινα	βάσκαινες	βάσκαινε	βασκαίναμε	βασκαίνατε	βάσκαιναν	βάσκανα	βάσκανες	βάσκανε	βασκάναμε	βασκάνατε	βάσκαναν	βάσκαινε	βασκάνετε	-
βαστάζομαι	βαστάζομαι	βαστάζεσαι	βαστάζεται	βασταζόμαστε	βαστάζεστε	βαστάζονται	βασταζόμουν	βασταζόσουν	βασταζόταν	βασταζόμασταν	βασταζόσασταν	βαστάζονταν	βαστάχτηκα	βαστάχτηκες	βαστάχτηκε	βασταχτήκαμε	βασταχτήκατε	βαστάχτηκαν	βαστάξου	βασταχτείτε	-
βαστάζω	-	-	-	-	-	-	βάσταζα	βάσταζες	βάσταζε	βαστάζαμε	βαστάζατε	βάσταζαν	βάσταξα	βάσταξες	βάσταξε	βαστάξαμε	βαστάξατε	βάσταξαν	βάσταζε	βαστάζετε	-
βαστάω	-	βαστάς	βαστά	βαστάμε	βαστάτε	βαστάν	βάσταγα	βάσταγες	βάσταγε	βαστάγαμε	βαστάγατε	βάσταγαν	βάσταξα	βάσταξες	βάσταξε	βαστάξαμε	βαστάξατε	βάσταξαν	βάστα	βαστάξτε	βαστώντας
βαστώ	βαστάω	βαστάς	βαστά	βαστάμε	βαστάτε	βαστάν	βάσταγα	βάσταγες	βάσταγε	βαστάγαμε	βαστάγατε	βάσταγαν	βάσταξα	βάσταξες	βάσταξε	βαστάξαμε	βαστάξατε	βάσταξαν	βάστα	βαστάξτε	βαστώντας
βγάζομαι	βγάζομαι	βγάζεσαι	βγάζεται	βγαζόμαστε	βγάζεστε	βγάζονται	βγαζόμουν	βγαζόσουν	βγαζόταν	βγαζόμασταν	βγαζόσασταν	βγάζονταν	βγάλθηκα	βγάλθηκες	βγάλθηκε	βγαλθήκαμε	βγαλθήκατε	βγάλθηκαν	βγάλσου	βγαλθείτε	-
βγάζω	-	-	-	-	-	-	έβγαζα	έβγαζες	έβγαζε	βγάζαμε	βγάζατε	έβγαζαν	έβγαλα	έβγαλες	έβγαλε	βγάλαμε	βγάλατε	έβγαλαν	βγάζε	βγάζετε	-
βγαίνω	-	-	-	-	-	-	έβγαινα	έβγαινες	έβγαινε	βγαίναμε	βγαίνατε	έβγαιναν	βγήκα	βγήκες	βγήκε	βγήκαμε	βγήκατε	βγήκαν	έβγα	βγέστε	-
βδελλιάζω	-	-	-	-	-	-	βδέλλιαζα	βδέλλιαζες	βδέλλιαζε	βδελλιάζαμε	βδελλιάζατε	βδέλλιαζαν	βδέλλιασα	βδέλλιασες	βδέλλιασε	βδελλιάσαμε	βδελλιάσατε	βδέλλιασαν	βδέλλιαζε	βδελλιάζετε	-
βεβαιώνομαι	βεβαιώνομαι	βεβαιώνεσαι	βεβαιώνεται	βεβαιωνόμαστε	βεβαιωνόσαστε1	βεβαιώνονται	βεβαιωνόμουν	βεβαιωνόσουν	βεβαιωνόταν	βεβαιωνόμασταν	βεβαιωνόσασταν	βεβαιωνόντανε	βεβαιώθηκα	βεβαιώθηκες	βεβαιώθηκε	βεβαιωθήκαμε	βεβαιωθήκατε	βεβαιωθήκανε	βεβαιώσου	βεβαιωθείτε	-
βεβαιώνω	-	-	-	-	-	-	βεβαίωνα	βεβαίωνες	βεβαίωνε	βεβαιώναμε	βεβαιώνατε	βεβαίωναν	βεβαίωσα	βεβαίωσες	βεβαίωσε	βεβαιώσαμε	βεβαιώσατε	βεβαίωσαν	βεβαίωνε	βεβαιώνετε	-
βελάζω	-	-	-	-	-	-	βέλαζα	βέλαζες	βέλαζε	βελάζαμε	βελάζατε	βέλαζαν	βέλαξα	βέλαξες	βέλαξε	βελάξαμε	βελάξατε	βέλαξαν	βέλαζε	βελάζετε	-
βελτιστοποιώ	βελτιστοποιώ	βελτιστοποιείς	βελτιστοποιεί	βελτιστοποιούμε	βελτιστοποιείτε	βελτιστοποιούν	βελτιστοποιούσα	βελτιστοποιούσες	βελτιστοποιούσε	βελτιστοποιούσαμε	βελτιστοποιούσατε	βελτιστοποιούσαν	βελτιστοποίησα	βελτιστοποίησες	βελτιστοποίησε	βελτιστοποιήσαμε	βελτιστοποιήσατε	βελτιστοποίησαν	βελτιστοποίησε	βελτιστοποιήστε	βελτιστοποιώντας
βελτιώνομαι	βελτιώνομαι	βελτιώνεσαι	βελτιώνεται	βελτιωνόμαστε	βελτιωνόσαστε1	βελτιώνονται	βελτιωνόμουν	βελτιωνόσουν	βελτιωνόταν	βελτιωνόμασταν	βελτιωνόσασταν	βελτιωνόντανε	βελτιώθηκα	βελτιώθηκες	βελτιώθηκε	βελτιωθήκαμε	βελτιωθήκατε	βελτιωθήκανε	βελτιώσου	βελτιωθείτε	-
βελτιώνω	-	-	-	-	-	-	βελτίωνα	βελτίωνες	βελτίωνε	βελτιώναμε	βελτιώνατε	βελτίωναν	βελτίωσα	βελτίωσες	βελτίωσε	βελτιώσαμε	βελτιώσατε	βελτίωσαν	βελτίωνε	βελτιώνετε	-
βερνικώνομαι	βερνικώνομαι	βερνικώνεσαι	βερνικώνεται	βερνικωνόμαστε	βερνικωνόσαστε1	βερνικώνονται	βερνικωνόμουν	βερνικωνόσουν	βερνικωνόταν	βερνικωνόμασταν	βερνικωνόσασταν	βερνικωνόντανε	βερνικώθηκα	βερνικώθηκες	βερνικώθηκε	βερνικωθήκαμε	βερνικωθήκατε	βερνικωθήκανε	βερνικώσου	βερνικωθείτε	-
βερνικώνω	-	-	-	-	-	-	βερνίκωνα	βερνίκωνες	βερνίκωνε	βερνικώναμε	βερνικώνατε	βερνίκωναν	βερνίκωσα	βερνίκωσες	βερνίκωσε	βερνικώσαμε	βερνικώσατε	βερνίκωσαν	βερνίκωνε	βερνικώνετε	-
βηματίζω	-	-	-	-	-	-	βημάτιζα	βημάτιζες	βημάτιζε	βηματίζαμε	βηματίζατε	βημάτιζαν	βημάτισα	βημάτισες	βημάτισε	βηματίσαμε	βηματίσατε	βημάτισαν	βημάτιζε	βηματίζετε	-
βιάζομαι	βιάζομαι	βιάζεσαι	βιάζεται	βιαζόμαστε	βιάζεστε	βιάζονται	βιαζόμουν	βιαζόσουν	βιαζόταν	βιαζόμασταν	βιαζόσασταν	βιάζονταν	βιάστηκα	βιάστηκες	βιάστηκε	βιαστήκαμε	βιαστήκατε	βιάστηκαν	βιάσου	βιαστείτε	-
βιάζω	-	-	-	-	-	-	έβιαζα	έβιαζες	έβιαζε	βιάζαμε	βιάζατε	έβιαζαν	έβιασα	έβιασες	έβιασε	βιάσαμε	βιάσατε	έβιασαν	βίαζε	βιάζετε	-
βιώνω	-	-	-	-	-	-	βίωνα	βίωνες	βίωνε	βιώναμε	βιώνατε	βίωναν	βίωσα	βίωσες	βίωσε	βιώσαμε	βιώσατε	βίωσαν	βίωνε	βιώνετε	-
βλάπτω	-	-	-	-	-	-	έβλαπτα	έβλαπτες	έβλαπτε	βλάπταμε	βλάπτατε	έβλαπταν	έβλαψα	έβλαψες	έβλαψε	βλάψαμε	βλάψατε	έβλαψαν	βλάπτε	βλάπτετε	-
βλάφτομαι	βλάφτομαι	βλάφτεσαι	βλάφτεται	βλαφτόμαστε	βλάφτεστε	βλάφτονται	βλαφτόμουν	βλαφτόσουν	βλαφτόταν	βλαφτόμασταν	βλαφτόσασταν	βλάφτονταν	βλάφτηκα	βλάφτηκες	βλάφτηκε	βλαφτήκαμε	βλαφτήκατε	βλάφτηκαν	βλάψου	βλαφτείτε	-
βλάφτω	-	-	-	-	-	-	έβλαφτα	έβλαφτες	έβλαφτε	βλάφταμε	βλάφτατε	έβλαφταν	έβλαψα	έβλαψες	έβλαψε	βλάψαμε	βλάψατε	έβλαψαν	βλάφτε	βλάφτετε	-
βλέπομαι	βλέπομαι	βλέπεσαι	βλέπεται	βλεπόμαστε	βλέπεστε	βλέπονται	βλεπόμουν	βλεπόσουν	βλεπόταν	βλεπόμασταν	βλεπόσασταν	βλέπονταν	ειδώθηκα	ειδώθηκες	ειδώθηκε	ιδωθήκαμε	ιδωθήκατε	ειδώθηκαν	—	ιδωθείτε	-
βλέπω	-	-	-	-	-	-	έβλεπα	έβλεπες	έβλεπε	βλέπαμε	βλέπατε	έβλεπαν	είδα	είδες	είδε	είδαμε	είδατε	είδαν	βλέπε	βλέπετε	-
βογγάω	-	βογγάς	βογγά	βογγάμε	βογγάτε	βογγάν	βογγούσα	βογγούσες	βογγούσε	βογγάγαμε	βογγάγατε	βογγάγανε	βόγγηξα	βόγγηξες	βόγγηξε	βογγήξαμε	βογγήξατε	βογγήξαν	βόγγα	βογγάτε	βογγώντας
βογγώ	βογγάω	βογγάς	βογγά	βογγάμε	βογγάτε	βογγάν	βογγούσα	βογγούσες	βογγούσε	βογγάγαμε	βογγάγατε	βογγάγανε	βόγγηξα	βόγγηξες	βόγγηξε	βογγήξαμε	βογγήξατε	βογγήξαν	βόγγα	βογγάτε	βογγώντας
βογκάω	-	βογκάς	βογκά	βογκάμε	βογκάτε	βογκάν	βογκούσα	βογκούσες	βογκούσε	βογκάγαμε	βογκάγατε	βογκούσαν	βόγκηξα	βόγκηξες	βόγκηξε	βογκήξαμε	βογκήξατε	βογκήξαν	βόγκα	βογκάτε	βογκώντας
βογκώ	βογκάω	βογκάς	βογκά	βογκάμε	βογκάτε	βογκάν	βογκούσα	βογκούσες	βογκούσε	βογκάγαμε	βογκάγατε	βογκάγανε	βόγκηξα	βόγκηξες	βόγκηξε	βογκήξαμε	βογκήξατε	βογκήξαν	βόγκα	βογκάτε	βογκώντας
βοηθάω	-	βοηθάς	-	βοηθάμε	βοηθάτε	βοηθάν	βοήθαγα	βοήθαγες	βοήθαγε	βοηθάγαμε	βοηθάγατε	βοήθαγαν	βοήθησα	βοήθησες	βοήθησε	βοηθήσαμε	βοηθήσατε	βοήθησαν	βοήθα	βοηθήστε	βοηθώντας
βοηθώ	βοηθάω	βοηθάς	βοηθά	βοηθάμε	βοηθάτε	βοηθάν	βοήθαγα	βοήθαγες	βοήθαγε	βοηθάγαμε	βοηθάγατε	βοήθαγαν	βοήθησα	βοήθησες	βοήθησε	βοηθήσαμε	βοηθήσατε	βοήθησαν	βοήθα	βοηθάτε	βοηθώντας
βολεύω	-	-	-	-	-	-	βόλευα	βόλευες	βόλευε	βολεύαμε	βολεύατε	βολεύαν	βόλεψα	βόλεψες	βόλεψε	βολέψαμε	βολέψατε	βολέψαν	βόλευε	βολέψτε	-
βολιδοσκοπούμαι	βολιδοσκοπούμαι	βολιδοσκοπείσαι	βολιδοσκοπείται	βολιδοσκοπούμαστε	βολιδοσκοπείστε	βολιδοσκοπούνται	βολιδοσκοπιόμουν	βολιδοσκοπιόσουν	βολιδοσκοπιόταν	βολιδοσκοπιόμασταν	βολιδοσκοπιόσασταν	βολιδοσκοπιούνταν	βολιδοσκοπήθηκα	βολιδοσκοπήθηκες	βολιδοσκοπήθηκε	βολιδοσκοπηθήκαμε	βολιδοσκοπηθήκατε	βολιδοσκοπήθηκαν	βολιδοσκοπήσου	βολιδοσκοπείστε	—
βολιδοσκοπώ	βολιδοσκοπώ	βολιδοσκοπείς	βολιδοσκοπεί	βολιδοσκοπούμε	βολιδοσκοπείτε	βολιδοσκοπούν	βολιδοσκοπούσα	βολιδοσκοπούσες	βολιδοσκοπούσε	βολιδοσκοπούσαμε	βολιδοσκοπούσατε	βολιδοσκοπούσαν	βολιδοσκόπησα	βολιδοσκόπησες	βολιδοσκόπησε	βολιδοσκοπήσαμε	βολιδοσκοπήσατε	βολιδοσκοπήσαν	βολιδοσκόπησε	βολιδοσκοπήστε	βολιδοσκοπώντας
βομβαρδίζω	-	-	-	-	-	-	βομβάρδιζα	βομβάρδιζες	βομβάρδιζε	βομβαρδίζαμε	βομβαρδίζατε	βομβάρδιζαν	βομβάρδισα	βομβάρδισες	βομβάρδισε	βομβαρδίσαμε	βομβαρδίσατε	βομβάρδισαν	βομβάρδιζε	βομβαρδίζετε	-
βοσκάω	-	βοσκάς	βοσκά	βοσκάμε	βοσκάτε	βοσκάν	βοσκούσα	βοσκούσες	βοσκούσε	βοσκάγαμε	βοσκάγατε	βοσκούσαν	βόσκησα	βόσκησες	βόσκησε	βοσκήσαμε	βοσκήσατε	βοσκήσαν	βόσκα	βοσκάτε	βοσκώντας
βουλιάζω	-	-	-	-	-	-	βούλιαζα	βούλιαζες	βούλιαζε	βουλιάζαμε	βουλιάζατε	βουλιάζαν	βούλιαξα	βούλιαξες	βούλιαξε	βουλιάξαμε	βουλιάξατε	βουλιάξαν	βούλιαζε	βουλιάζετε	-
βουλώνω	-	-	-	-	-	-	βούλωνα	βούλωνες	βούλωνε	βουλώναμε	βουλώνατε	βουλώναν	βούλωσα	βούλωσες	βούλωσε	βουλώσαμε	βουλώσατε	βουλώσαν	βούλωνε	βουλώνετε	-
βουρτσίζω	-	-	-	-	-	-	βούρτσιζα	βούρτσιζες	βούρτσιζε	βουρτσίζαμε	βουρτσίζατε	βουρτσίζαν	βούρτσισα	βούρτσισες	βούρτσισε	βουρτσίσαμε	βουρτσίσατε	βουρτσίσαν	βούρτσιζε	βουρτσίζετε	-
βουτάω	-	βουτάς	βουτά	βουτάμε	βουτάτε	βουτάν	βουτούσα	βουτούσες	βουτούσε	βουτάγαμε	βουτάγατε	βουτούσαν	βούτηξα	βούτηξες	βούτηξε	βουτήξαμε	βουτήξατε	βουτήξαν	βούτα	βουτάτε	βουτώντας
βουτυρώνομαι	βουτυρώνομαι	βουτυρώνεσαι	βουτυρώνεται	βουτυρωνόμαστε	βουτυρωνόσαστε1	βουτυρώνονται	βουτυρωνόμουν	βουτυρωνόσουν	βουτυρωνόταν	βουτυρωνόμασταν	βουτυρωνόσασταν	βουτυρωνόντανε	βουτυρώθηκα	βουτυρώθηκες	βουτυρώθηκε	βουτυρωθήκαμε	βουτυρωθήκατε	βουτυρωθήκανε	βουτυρώσου	βουτυρωθείτε	-
βουτυρώνω	-	-	-	-	-	-	βουτύρωνα	βουτύρωνες	βουτύρωνε	βουτυρώναμε	βουτυρώνατε	βουτυρώναν	βουτύρωσα	βουτύρωσες	βουτύρωσε	βουτυρώσαμε	βουτυρώσατε	βουτυρώσαν	βουτύρωνε	βουτυρώνετε	-
βουτώ	βουτάω	βουτάς	βουτά	βουτάμε	βουτάτε	βουτάν	βουτούσα	βουτούσες	βουτούσε	βουτάγαμε	βουτάγατε	βουτάγανε	βούτηξα	βούτηξες	βούτηξε	βουτήξαμε	βουτήξατε	βουτήξαν	βούτα	βουτάτε	βουτώντας
βράζω	-	-	-	-	-	-	έβραζα	έβραζες	έβραζε	βράζαμε	βράζατε	έβραζαν	έβρασα	έβρασες	έβρασε	βράσαμε	βράσατε	έβρασαν	βράζε	βράζετε	-
βρέχομαι	βρέχομαι	βρέχεσαι	βρέχεται	βρεχόμαστε	βρέχεστε	βρέχονται	βρεχόμουν	βρεχόσουν	βρεχόταν	βρεχόμασταν	βρεχόσασταν	βρέχονταν	βράχηκα	βράχηκες	βράχηκε	βραχήκαμε	βραχήκατε	βράχηκαν	βρέξου	βραχείτε	-
βρέχω	-	-	-	-	-	-	έβρεξα	έβρεξες	έβρεξε	βρέχαμε	βρέχατε	βρέχαν	έβρεξα	έβρεξες	έβρεξε	βρέξαμε	βρέξατε	έβρεξαν	βρέξε	βρέξτε	-
βρίζω	-	-	-	-	-	-	έβριζα	έβριζες	έβριζε	βρίζαμε	βρίζατε	έβριζαν	έβρισα	έβρισες	έβρισε	βρίσαμε	βρίσατε	έβρισαν	έβριζε	βρίζετε	-
βρίσκω	-	-	-	-	-	-	έβρισκα	έβρισκες	έβρισκε	βρίσκαμε	βρίσκατε	έβρισκαν	βρήκα	βρήκες	βρήκε	βρήκαμε	βρήκατε	βρήκαν	βρίσκε	βρέστε	-
βραβεύω	-	-	-	-	-	-	βράβευα	βράβευες	βράβευε	βραβεύαμε	βραβεύατε	βράβευαν	βράβευσα	βράβευσες	βράβευσε	βραβεύσαμε	βραβεύσατε	βράβευσαν	βράβευε	βραβεύετε	-
βραχυκυκλώνομαι	βραχυκυκλώνομαι	βραχυκυκλώνεσαι	βραχυκυκλώνεται	βραχυκυκλωνόμαστε	βραχυκυκλωνόσαστε1	βραχυκυκλώνονται	βραχυκυκλωνόμουν	βραχυκυκλωνόσουν	βραχυκυκλωνόταν	βραχυκυκλωνόμασταν	βραχυκυκλωνόσασταν	βραχυκυκλωνόντανε	βραχυκυκλώθηκα	βραχυκυκλώθηκες	βραχυκυκλώθηκε	βραχυκυκλωθήκαμε	βραχυκυκλωθήκατε	βραχυκυκλωθήκανε	βραχυκυκλώσου	βραχυκυκλωθείτε	-
βραχυκυκλώνω	-	-	-	-	-	-	βραχυκύκλωνα	βραχυκύκλωνες	βραχυκύκλωνε	βραχυκυκλώναμε	βραχυκυκλώνατε	βραχυκυκλώναν	βραχυκύκλωσα	βραχυκύκλωσες	βραχυκύκλωσε	βραχυκυκλώσαμε	βραχυκυκλώσατε	βραχυκυκλώσαν	βραχυκύκλωνε	βραχυκυκλώνετε	-
βρομάω	-	βρομάς	βρομά	βρομάμε	βρομάτε	βρομάν	βρομούσα	βρομούσες	βρομούσε	βρομάγαμε	βρομάγατε	βρομούσαν	βρόμησα	βρόμησες	βρόμησε	βρομήσαμε	βρομήσατε	βρομήσαν	βρόμα	βρομάτε	βρομώντας
βροντάω	-	βροντάς	βροντά	βροντάμε	βροντάτε	βροντάν	βροντούσα	βροντούσες	βροντούσε	βροντάγαμε	βροντάγατε	βροντούσαν	βρόντηξα	βρόντηξες	βρόντηξε	βροντήξαμε	βροντήξατε	βροντήξαν	βρόντα	βροντάτε	βροντώντας
βροντοχτυπάω	-	βροντοχτυπάς	βροντοχτυπά	βροντοχτυπάμε	βροντοχτυπάτε	βροντοχτυπάν	βροντοχτυπούσα	βροντοχτυπούσες	βροντοχτυπούσε	βροντοχτυπάγαμε	βροντοχτυπάγατε	βροντοχτυπούσαν	βροντοχτύπησα	βροντοχτύπησες	βροντοχτύπησε	βροντοχτυπήσαμε	βροντοχτυπήσατε	βροντοχτυπήσαν	βροντοχτύπα	βροντοχτυπάτε	βροντοχτυπώντας
βρυχώμαι	βρυχάω	βρυχάς	βρυχά	βρυχάμε	βρυχάτε	βρυχάν	βρυχούσα	βρυχούσες	βρυχούσε	βρυχάγαμε	βρυχάγατε	βρυχούσαν	βρύχησα	βρύχησες	βρύχησε	βρυχήσαμε	βρυχήσατε	βρυχήσαν	βρύχα	βρυχάτε	βρυχώντας
βυζαίνω	-	-	-	-	-	-	βύζαινα	βύζαινες	βύζαινε	βυζαίναμε	βυζαίνατε	βυζαίναν	βύζαξα	βύζαξες	βύζαξε	βυζάξαμε	βυζάξατε	βυζάξαν	βύζαινε	βυζάξτε	-
βυθίζω	-	-	-	-	-	-	βύθιζα	βύθιζες	βύθιζε	βυθίζαμε	βυθίζατε	βυθίζαν	βύθισα	βύθισες	βύθισε	βυθίσαμε	βυθίσατε	βυθίσαν	βύθιζε	βυθίζετε	-
γέρνω	-	-	-	-	-	-	έγερνα	έγερνες	έγερνε	γέρναμε	γέρνατε	έγερναν	έγειρα	έγειρες	έγειρε	γείραμε	γείρατε	έγειραν	γέρνε	γέρνετε	-
γαβγίζω	-	-	-	-	-	-	γάβγιζα	γάβγιζες	γάβγιζε	γαβγίζαμε	γαβγίζατε	γάβγιζαν	γάβγισα	γάβγισες	γάβγισε	γαβγίσαμε	γαβγίσατε	γάβγισαν	γάβγιζε	γαβγίζετε	-
γαλβανίζομαι	γαλβανίζομαι	γαλβανίζεσαι	γαλβανίζεται	γαλβανιζόμαστε	γαλβανίζεστε	γαλβανίζονται	γαλβανιζόμουν	γαλβανιζόσουν	γαλβανιζόταν	γαλβανιζόμασταν	γαλβανιζόσασταν	γαλβανίζονταν	γαλβανίστηκα	γαλβανίστηκες	γαλβανίστηκε	γαλβανιστήκαμε	γαλβανιστήκατε	γαλβανίστηκαν	γαλβανίσου	γαλβανιστείτε	-
γαλβανίζω	-	-	-	-	-	-	γαλβάνιζα	γαλβάνιζες	γαλβάνιζε	γαλβανίζαμε	γαλβανίζατε	γαλβάνιζαν	γαλβάνισα	γαλβάνισες	γαλβάνισε	γαλβανίσαμε	γαλβανίσατε	γαλβάνισαν	γαλβάνιζε	γαλβανίζετε	-
γαμάω	-	γαμάς	γαμά	γαμάμε	γαμάτε	γαμάν	γάμαγα	γάμαγες	γάμαγε	γαμάγαμε	γαμάγατε	γάμαγαν	γάμησα	γάμησες	γάμησε	γαμήσαμε	γαμήσατε	γάμησαν	γάμα	γαμάτε	γαμώντας
γαμιέμαι	γαμιέμαι	γαμιέσαι	γαμιέται	γαμιόμαστε	γαμιέστε	γαμιούνται	γαμιόμουν	γαμιόσουν	γαμιόταν	γαμιόμασταν	γαμιόσασταν	γαμιούνταν	γαμήθηκα	γαμήθηκες	γαμήθηκε	γαμηθήκαμε	γαμηθήκατε	γαμήθηκαν	γαμήσου	γαμηθείτε	—
γαμοσταυρίζω	-	-	-	-	-	-	γαμοσταύριζα	γαμοσταύριζες	γαμοσταύριζε	γαμοσταυρίζαμε	γαμοσταυρίζατε	γαμοσταυρίζαν	γαμοσταύρισα	γαμοσταύρισες	γαμοσταύρισε	γαμοσταυρίσαμε	γαμοσταυρίσατε	γαμοσταυρίσαν	γαμοσταύριζε	γαμοσταυρίζετε	-
γαμώ	γαμάω	γαμάς	γαμά	γαμάμε	γαμάτε	γαμάν	γάμαγα	γάμαγες	γάμαγε	γαμάγαμε	γαμάγατε	γάμαγαν	γάμησα	γάμησες	γάμησε	γαμήσαμε	γαμήσατε	γάμησαν	γάμα	γαμάτε	γαμώντας
γαργαλάω	-	γαργαλάς	γαργαλά	γαργαλάμε	γαργαλάτε	γαργαλάν	γαργάλαγα	γαργάλαγες	γαργάλαγε	γαργαλάγαμε	γαργαλάγατε	γαργάλαγαν	γαργάλησα	γαργάλησες	γαργάλησε	γαργαλήσαμε	γαργαλήσατε	γαργάλησαν	γαργάλα	γαργαλάτε	γαργαλώντας
γαργαλίζομαι	γαργαλίζομαι	γαργαλίζεσαι	γαργαλίζεται	γαργαλιζόμαστε	γαργαλίζεστε	γαργαλίζονται	γαργαλιζόμουν	γαργαλιζόσουν	γαργαλιζόταν	γαργαλιζόμασταν	γαργαλιζόσασταν	γαργαλίζονταν	γαργαλίστηκα	γαργαλίστηκες	γαργαλίστηκε	γαργαλιστήκαμε	γαργαλιστήκατε	γαργαλίστηκαν	γαργαλίσου	γαργαλιστείτε	-
γαργαλίζω	-	-	-	-	-	-	γαργάλιζα	γαργάλιζες	γαργάλιζε	γαργαλίζαμε	γαργαλίζατε	γαργάλιζαν	γαργάλισα	γαργάλισες	γαργάλισε	γαργαλίσαμε	γαργαλίσατε	γαργάλισαν	γαργάλιζε	γαργαλίζετε	-
γαργαλεύομαι	γαργαλεύομαι	γαργαλεύεσαι	γαργαλεύεται	γαργαλευόμαστε	γαργαλευόσαστε1	γαργαλεύονται	γαργαλευόμουν	γαργαλευόσουν	γαργαλευόταν	γαργαλευόμασταν	γαργαλευόσασταν	γαργαλευόντανε	γαργαλεύτηκα	γαργαλεύτηκες	γαργαλεύτηκε	γαργαλευτήκαμε	γαργαλευτήκατε	γαργαλευτήκανε	γαργαλέψου	γαργαλευτείτε	-
γαργαλεύω	-	-	-	-	-	-	γαργάλευα	γαργάλευες	γαργάλευε	γαργαλεύαμε	γαργαλεύατε	γαργάλευαν	γαργάλεψα	γαργάλεψες	γαργάλεψε	γαργαλέψαμε	γαργαλέψατε	γαργάλεψαν	γαργάλευε	γαργαλέψτε	-
γαργαλιέμαι	γαργαλιέμαι	γαργαλιέσαι	γαργαλιέται	γαργαλιόμαστε	γαργαλιέστε	γαργαλιούνται	γαργαλιόμουν	γαργαλιόσουν	γαργαλιόταν	γαργαλιόμασταν	γαργαλιόσασταν	γαργαλιούνταν	γαργαλήθηκα	γαργαλήθηκες	γαργαλήθηκε	γαργαληθήκαμε	γαργαληθήκατε	γαργαλήθηκαν	γαργαλήσου	γαργαληθείτε	—
γαργαλώ	γαργαλάω	γαργαλάς	γαργαλά	γαργαλάμε	γαργαλάτε	γαργαλάν	γαργάλαγα	γαργάλαγες	γαργάλαγε	γαργαλάγαμε	γαργαλάγατε	γαργάλαγαν	γαργάλησα	γαργάλησες	γαργάλησε	γαργαλήσαμε	γαργαλήσατε	γαργάλησαν	γαργάλα	γαργαλάτε	γαργαλώντας
γαρνίρω	-	-	-	-	-	-	γάρνιρα	γάρνιρες	γάρνιρε	γαρνίραμε	γαρνίρατε	γάρνιραν	γαρνίρισα	γαρνίρισες	γαρνίρισε	γαρνίραμε	γαρνίρατε	γαρνίρανε	γάρνιρε	γαρνίρετε	-
γδέρνομαι	γδέρνομαι	γδέρνεσαι	γδέρνεται	γδερνόμαστε	γδέρνεστε	γδέρνονται	γδερνόμουν	γδερνόσουν	γδερνόταν	γδερνόμασταν	γδερνόσασταν	γδέρνονταν	γδάρθηκα	γδάρθηκες	γδάρθηκε	γδαρθήκαμε	γδαρθήκατε	γδάρθηκαν	—	γδαρθείτε	-
γδέρνω	-	-	-	-	-	-	έγδερνα	έγδερνες	έγδερνε	γδέρναμε	γδέρνατε	έγδερναν	έγδαρα	έγδαρες	έγδαρε	γδάραμε	γδάρατε	έγδαραν	γδάρε	γδάρτε	-
γειτονεύω	-	-	-	-	-	-	γειτόνευα	γειτόνευες	γειτόνευε	γειτονεύαμε	γειτονεύατε	γειτονεύαν	γειτόνεψα	γειτόνεψες	γειτόνεψε	γειτονέψαμε	γειτονέψατε	γειτονέψαν	γειτόνευε	γειτονέψτε	-
γελάω	-	γελάς	γελά	γελάμε	γελάτε	γελάν	γέλαγα	γέλαγες	γέλαγε	γελάγαμε	γελάγατε	γέλαγαν	γέλασα	γέλασες	γέλασε	γελάσαμε	γελάσατε	γέλασαν	γέλα	γελάστε	γελώντας
γελιέμαι	γελιέμαι	γελιέσαι	γελιέται	γελιόμαστε	γελιέστε	γελιούνται	γελιόμουν	γελιόσουν	γελιόταν	γελιόμασταν	γελιόσασταν	γελιούνταν	γελάστηκα	γελάστηκες	γελάστηκε	γελαστήκαμε	γελαστήκατε	γελάστηκαν	γελάσου	γελαστείτε	—
γελώ	γελάω	γελάς	γελά	γελάμε	γελάτε	γελάν	γέλαγα	γέλαγες	γέλαγε	γελάγαμε	γελάγατε	γέλαγαν	γέλασα	γέλασες	γέλασε	γελάσαμε	γελάσατε	γέλασαν	γέλα	γελάστε	γελώντας
γεμίζω	-	-	-	-	-	-	γέμιζα	γέμιζες	γέμιζε	γεμίζαμε	γεμίζατε	γέμιζαν	γέμισα	γέμισες	γέμισε	γεμίσαμε	γεμίσατε	γέμισαν	γέμιζε	γεμίζετε	-
γενικεύω	-	-	-	-	-	-	γενίκευα	γενίκευες	γενίκευε	γενικεύαμε	γενικεύατε	γενίκευαν	γενίκευσα	γενίκευσες	γενίκευσε	γενικεύσαμε	γενικεύσατε	γενίκευσαν	γενίκευε	γενικεύετε	-
γεννάω	-	γεννάς	γεννά	γεννάμε	γεννάτε	γεννάν	γένναγα	γένναγες	γένναγε	γεννάγαμε	γεννάγατε	γένναγαν	γέννησα	γέννησες	γέννησε	γεννήσαμε	γεννήσατε	γέννησαν	γέννα	γεννάτε	γεννώντας
γερνάω	-	γερνάς	γερνά	γερνάμε	γερνάτε	γερνάν	γέρναγα	γέρναγες	γέρναγε	γερνάγαμε	γερνάγατε	γέρναγαν	γέρασα	γέρασες	γέρασε	γεράσαμε	γεράσατε	γέρασαν	γέρασε	γεράστε	γερνώντας
γερνώ	γερνάω	γερνάς	γερνά	γερνάμε	γερνάτε	γερνάν	γέρναγα	γέρναγες	γέρναγε	γερνάγαμε	γερνάγατε	γέρναγαν	γέρνασα	γέρνασες	γέρνασε	γερνάσαμε	γερνάσατε	γέρνασαν	γέρνα	γερνάστε	γερνώντας
γητεύω	-	-	-	-	-	-	γήτευα	γήτευες	γήτευε	γητεύαμε	γητεύατε	γήτευαν	γήτεψα	γήτεψες	γήτεψε	γητέψαμε	γητέψατε	γήτεψαν	γήτευ'	γητέψτε	-
γιατρεύω	-	-	-	-	-	-	γιάτρευα	γιάτρευες	γιάτρευε	γιατρεύαμε	γιατρεύατε	γιάτρευαν	γιάτρεψα	γιάτρεψες	γιάτρεψε	γιατρέψαμε	γιατρέψατε	γιάτρεψαν	γιάτρευε	γιατρέψτε	-
γιορτάζομαι	γιορτάζομαι	γιορτάζεσαι	γιορτάζεται	γιορταζόμαστε	γιορτάζεστε	γιορτάζονται	γιορταζόμουν	γιορταζόσουν	γιορταζόταν	γιορταζόμασταν	γιορταζόσασταν	γιορτάζονταν	γιορτάστηκα	γιορτάστηκες	γιορτάστηκε	γιορταστήκαμε	γιορταστήκατε	γιορτάστηκαν	γιορτάσου	γιορταστείτε	-
γιορτάζω	-	-	-	-	-	-	γιόρταζα	γιόρταζες	γιόρταζε	γιορτάζαμε	γιορτάζατε	γιορτάζαν	γιόρτασα	γιόρτασες	γιόρτασε	γιορτάσαμε	γιορτάσατε	γιορτάσαν	γιόρταζε	γιορτάζετε	-
γιουχαΐζω	-	-	-	-	-	-	γιουχάιζα	γιουχάιζες	γιουχάιζε	γιουχαΐζαμε	γιουχαΐζατε	γιουχάιζαν	γιουχάισα	γιουχάισες	γιουχάισε	γιουχαΐσαμε	γιουχαΐσατε	γιουχάισαν	γιουχάιζε	γιουχαΐζετε	-
γκαρίζω	-	-	-	-	-	-	γκάριζα	γκάριζες	γκάριζε	γκαρίζαμε	γκαρίζατε	γκάριζαν	γκάριξα	γκάριξες	γκάριξε	γκαρίξαμε	γκαρίξατε	γκάριξαν	γκάριζε	γκαρίζετε	-
γκαστρώνω	-	-	-	-	-	-	γκάστρωνα	γκάστρωνες	γκάστρωνε	γκαστρώναμε	γκαστρώνατε	γκάστρωναν	γκάστρωσα	γκάστρωσες	γκάστρωσε	γκαστρώσαμε	γκαστρώσατε	γκάστρωσαν	γκάστρωνε	γκαστρώνετε	-
γκουγκλάρω	-	-	-	-	-	-	γκουγκλάριζα	γκουγκλάριζες	γκουγκλάριζε	γκουγκλάραμε	γκουγκλάρατε	γκουγκλάραν	γκουγκλάρισα	γκουγκλάρισες	γκουγκλάρισε	γκουγκλάραμε	γκουγκλάρατε	γκουγκλάραν	γκουγκλάριζε	γκουγκλάρετε	-
γκουγκλίζω	-	-	-	-	-	-	γκούγκλιζα	γκούγκλιζες	γκούγκλιζε	γκουγκλίζαμε	γκουγκλίζατε	γκουγκλίζαν	γκούγκλισα	γκούγκλισες	γκούγκλισε	γκουγκλίσαμε	γκουγκλίσατε	γκουγκλίσαν	γκούγκλιζε	γκουγκλίζετε	-
γκρεμίζω	-	-	-	-	-	-	γκρέμιζα	γκρέμιζες	γκρέμιζε	γκρεμίζαμε	γκρεμίζατε	γκρέμιζαν	γκρέμισα	γκρέμισες	γκρέμισε	γκρεμίσαμε	γκρεμίσατε	γκρέμισαν	γκρέμιζε	γκρεμίζετε	-
γκρινιάζω	-	-	-	-	-	-	γκρίνιαζα	γκρίνιαζες	γκρίνιαζε	γκρινιάζαμε	γκρινιάζατε	γκρίνιαζαν	γκρίνιαξα	γκρίνιαξες	γκρίνιαξε	γκρινιάξαμε	γκρινιάξατε	γκρίνιαξαν	γκρίνιαζε	γκρινιάζετε	-
γλείφω	-	-	-	-	-	-	έγλειφα	έγλειφες	έγλειφε	γλείφαμε	γλείφατε	έγλειφαν	έγλειψα	έγλειψες	έγλειψε	γλείψαμε	γλείψατε	έγλειψαν	γλείφ'	γλείφετε	-
γλεντάω	-	γλεντάς	γλεντά	γλεντάμε	γλεντάτε	γλεντάν	γλένταγα	γλένταγες	γλένταγε	γλεντάγαμε	γλεντάγατε	γλένταγαν	γλέντησα	γλέντησες	γλέντησε	γλεντήσαμε	γλεντήσατε	γλέντησαν	γλέντα	γλεντάτε	γλεντώντας
γλεντώ	γλεντάω	γλεντάς	γλεντά	γλεντάμε	γλεντάτε	γλεντάν	γλένταγα	γλένταγες	γλένταγε	γλεντάγαμε	γλεντάγατε	γλένταγαν	γλέντησα	γλέντησες	γλέντησε	γλεντήσαμε	γλεντήσατε	γλέντησαν	γλέντα	γλεντάτε	γλεντώντας
γλιστράω	-	γλιστράς	γλιστρά	γλιστράμε	γλιστράτε	γλιστράν	γλίστραγα	γλίστραγες	γλίστραγε	γλιστράγαμε	γλιστράγατε	γλίστραγαν	γλίστρησα	γλίστρησες	γλίστρησε	γλιστρήσαμε	γλιστρήσατε	γλίστρησαν	γλίστρα	γλιστράτε	γλιστρώντας
γλιτώνω	γλυτώνω	γλυτώνεις	γλυτώνει	γλυτώνομε	γλυτώνετε	γλυτώνουν	γλύτωνα	γλύτωνες	γλύτωνε	γλυτώναμε	γλυτώνατε	γλυτώναν	γλύτωσα	γλύτωσες	γλύτωσε	γλυτώσαμε	γλυτώσατε	γλυτώσαν	γλύτωνε	γλυτώνετε	γλυτώνοντας
γλυκαίνω	-	-	-	-	-	-	γλύκαινα	γλύκαινες	γλύκαινε	γλυκαίναμε	γλυκαίνατε	γλυκαίναν	γλύκανα	γλύκανες	γλύκανε	γλυκάναμε	γλυκάνατε	γλυκάναν	γλύκαινε	γλυκάνετε	-
γνωρίζομαι	γνωρίζομαι	γνωρίζεσαι	γνωρίζεται	γνωριζόμαστε	γνωρίζεστε	γνωρίζονται	γνωριζόμουν	γνωριζόσουν	γνωριζόταν	γνωριζόμασταν	γνωριζόσασταν	γνωρίζονταν	γνωρίστηκα	γνωρίστηκες	γνωρίστηκε	γνωριστήκαμε	γνωριστήκατε	γνωρίστηκαν	γνωρίσου	γνωριστείτε	-
γνωρίζω	-	-	-	-	-	-	γνώριζα	γνώριζες	γνώριζε	γνωρίζαμε	γνωρίζατε	γνωρίζαν	γνώρισα	γνώρισες	γνώρισε	γνωρίσαμε	γνωρίσατε	γνωρίσαν	γνώριζε	γνωρίζετε	-
γνωστοποιώ	γνωστοποιώ	γνωστοποιείς	γνωστοποιεί	γνωστοποιούμε	γνωστοποιείτε	γνωστοποιούν	γνωστοποιούσα	γνωστοποιούσες	γνωστοποιούσε	γνωστοποιούσαμε	γνωστοποιούσατε	γνωστοποιούσαν	γνωστοποίησα	γνωστοποίησες	γνωστοποίησε	γνωστοποιήσαμε	γνωστοποιήσατε	γνωστοποίησαν	γνωστοποίησε	γνωστοποιήστε	γνωστοποιώντας
γογγύζω	-	-	-	-	-	-	γόγγυζα	γόγγυζες	γόγγυζε	γογγύζαμε	γογγύζατε	γογγύζαν	γόγγυξα	γόγγυξες	γόγγυξε	γογγύξαμε	γογγύξατε	γογγύσαν	γόγγυζε	γογγύζετε	-
γοητεύω	-	-	-	-	-	-	γοήτευα	γοήτευες	γοήτευε	γοητεύαμε	γοητεύατε	γοήτευαν	γοήτευσα	γοήτευσες	γοήτευσε	γοητεύσαμε	γοητεύσατε	γοήτευσαν	γοήτευε	γοητεύετε	-
γουργουρίζω	-	-	-	-	-	-	γουργούριζα	γουργούριζες	γουργούριζε	γουργουρίζαμε	γουργουρίζατε	γουργουρίζαν	γουργούρισα	γουργούρισες	γουργούρισε	γουργουρίσαμε	γουργουρίσατε	γουργουρίσαν	γουργούριζε	γουργουρίζετε	-
γουστάρω	-	-	-	-	-	-	γουστάριζα	γουστάριζες	γουστάριζε	γουστάραμε	γουστάρατε	γουστάραν	γουστάρισα	γουστάρισες	γουστάρισε	γουστάραμε	γουστάρατε	γουστάραν	γουστάριζε	γουστάρετε	-
γράφω	-	-	-	-	-	-	έγραφα	έγραφες	έγραφε	γράφαμε	γράφατε	έγραφαν	έγραψα	έγραψες	έγραψε	γράψαμε	γράψατε	έγραψαν	γράφ'	γράφετε	-
γραδάρω	-	-	-	-	-	-	γράδαρα	γράδαρες	γράδαρε	γραδάραμε	γραδάρατε	γράδαραν	γράδαρα	γράδαρες	γράδαρε	γραδάραμε	γραδάρατε	γράδαραν	γράδαρε	γραδάρετε	-
γρικάω	-	γρικάς	γρικά	γρικάμε	γρικάτε	γρικάν	γρίκαγα	γρίκαγες	γρίκαγε	γρικάγαμε	γρικάγατε	γρίκαγαν	γρίκησα	γρίκησες	γρίκησε	γρικήσαμε	γρικήσατε	γρίκησαν	γρίκα	γρικάτε	γρικώντας
γρινιάζω	-	-	-	-	-	-	γρίνιαζα	γρίνιαζες	γρίνιαζε	γρινιάζαμε	γρινιάζατε	γρίνιαζαν	γρίνιαξα	γρίνιαξες	γρίνιαξε	γρινιάξαμε	γρινιάξατε	γρίνιαξαν	γρίνιαζε	γρινιάζετε	-
γρυλίζω	-	-	-	-	-	-	γρύλιζα	γρύλιζες	γρύλιζε	γρυλίζαμε	γρυλίζατε	γρυλίζαν	γρύλισα	γρύλισες	γρύλισε	γρυλίσαμε	γρυλίσατε	γρυλίσαν	γρύλιζε	γρυλίζετε	-
γυαλίζω	-	-	-	-	-	-	γυάλιζα	γυάλιζες	γυάλιζε	γυαλίζαμε	γυαλίζατε	γυάλιζαν	γυάλισα	γυάλισες	γυάλισε	γυαλίσαμε	γυαλίσατε	γυάλισαν	γυαλίζε	γυαλίζετε	-
γυμνάζω	-	-	-	-	-	-	γύμναζα	γύμναζες	γύμναζε	γυμνάζαμε	γυμνάζατε	γυμνάζαν	γύμνασα	γύμνασες	γύμνασε	γυμνάσαμε	γυμνάσατε	γυμνάσαν	γύμναζε	γυμνάζετε	-
γυρίζομαι	γυρίζομαι	γυρίζεσαι	γυρίζεται	γυριζόμαστε	γυρίζεστε	γυρίζονται	γυριζόμουν	γυριζόσουν	γυριζόταν	γυριζόμασταν	γυριζόσασταν	γυρίζονταν	γυρίστηκα	γυρίστηκες	γυρίστηκε	γυριστήκαμε	γυριστήκατε	γυρίστηκαν	γυρίσου	γυριστείτε	-
γυρεύω	-	-	-	-	-	-	γύρευα	γύρευες	γύρευε	γυρεύαμε	γυρεύατε	γυρεύαν	γύρεψα	γύρεψες	γύρεψε	γυρέψαμε	γυρέψατε	γυρέψαν	γύρευε	γυρέψτε	-
γυρνάω	-	γυρνάς	γυρνά	γυρνάμε	γυρνάτε	γυρνάν	γυρνούσα	γυρνούσες	γυρνούσε	γυρνάγαμε	γυρνάγατε	γυρνούσαν	γύρισα	γύρισες	γύρισε	γυρίσαμε	γυρίσατε	γυρίσαν	γύρισε	γυρίστε	γυρνώντας
γυρνώ	γυρνάω	γυρνάς	γυρνά	γυρνάμε	γυρνάτε	γυρνάν	γυρνούσα	γυρνούσες	γυρνούσε	γυρνάγαμε	γυρνάγατε	γυρνάγανε	γύρισα	γύρισες	γύρισε	γυρίσαμε	γυρίσατε	γυρίσαν	γύρισε	γυρίστε	γυρνώντας
δένομαι	δένομαι	δένεσαι	δένεται	δενόμαστε	δένεστε	δένονται	δενόμουν	δενόσουν	δενόταν	δενόμασταν	δενόσασταν	δένονταν	δέθηκα	δέθηκες	δέθηκε	δεθήκαμε	δεθήκατε	δέθηκαν	δέσου	δεθείτε	-
δένω	-	-	-	-	-	-	έδενα	έδενες	έδενε	δέναμε	δένατε	έδεναν	έδεσα	έδεσες	έδεσε	δέσαμε	δέσατε	έδεσαν	δένε	δένετε	-
δέρνομαι	δέρνομαι	δέρνεσαι	δέρνεται	δερνόμαστε	δέρνεστε	δέρνονται	δερνόμουν	δερνόσουν	δερνόταν	δερνόμασταν	δερνόσασταν	δέρνονταν	δάρθηκα	δάρθηκες	δάρθηκε	δαρθήκαμε	δαρθήκατε	δάρθηκαν	—	δαρθείτε	-
δέρνω	-	-	-	-	-	-	έδερνα	έδερνες	έδερνε	δέρναμε	δέρνατε	έδερναν	έδειρα	έδειρες	έδειρε	δείραμε	δείρατε	έδειραν	δέρνε	δέρνετε	-
δίδω	-	-	-	-	-	-	έδιδα	έδιδες	έδιδε	δίδαμε	δίδατε	έδιδαν	έδωσα	έδωσες	έδωσε	δώσαμε	δώσατε	έδωσαν	δίδε	δίδετε	-
δίνομαι	δίνομαι	δίνεσαι	δίνεται	δινόμαστε	δίνεστε	δίνονται	δινόμουν	δινόσουν	δινόταν	δινόμασταν	δινόσασταν	δίνονταν	δόθηκα	δόθηκες	δόθηκε	δοθήκαμε	δοθήκατε	δοθήκανε	δώσου	δοθείτε	-
δίνω	-	-	-	-	-	-	έδινα	έδινες	έδινε	δίναμε	δίνατε	έδιναν	έδωσα	έδωσες	έδωσε	δώσαμε	δώσατε	έδωσαν	δίνε	δίνετε	-
δαγκώνομαι	δαγκώνομαι	δαγκώνεσαι	δαγκώνεται	δαγκωνόμαστε	δαγκωνόσαστε1	δαγκώνονται	δαγκωνόμουν	δαγκωνόσουν	δαγκωνόταν	δαγκωνόμασταν	δαγκωνόσασταν	δαγκωνόντανε	δαγκώθηκα	δαγκώθηκες	δαγκώθηκε	δαγκωθήκαμε	δαγκωθήκατε	δαγκωθήκανε	δαγκώσου	δαγκωθείτε	-
δαιμονοποιώ	δαιμονοποιώ	δαιμονοποιείς	δαιμονοποιεί	δαιμονοποιούμε	δαιμονοποιείτε	δαιμονοποιούν	δαιμονοποιούσα	δαιμονοποιούσες	δαιμονοποιούσε	δαιμονοποιούσαμε	δαιμονοποιούσατε	δαιμονοποιούσαν	δαιμονοποίησα	δαιμονοποίησες	δαιμονοποίησε	δαιμονοποιήσαμε	δαιμονοποιήσατε	δαιμονοποίησαν	δαιμονοποίησε	δαιμονοποιήστε	δαιμονοποιώντας
δακρύζω	-	-	-	-	-	-	δάκρυζα	δάκρυζες	δάκρυζε	δακρύζαμε	δακρύζατε	δάκρυζαν	δάκρυσα	δάκρυσες	δάκρυσε	δακρύσαμε	δακρύσατε	δάκρυσαν	δάκρυζε	δακρύζετε	-
δακτυλογραφούμαι	δακτυλογραφούμαι	δακτυλογραφείσαι	δακτυλογραφείται	δακτυλογραφούμαστε	δακτυλογραφείστε	δακτυλογραφούνται	δακτυλογραφιόμουν	δακτυλογραφιόσουν	δακτυλογραφιόταν	δακτυλογραφιόμασταν	δακτυλογραφιόσασταν	δακτυλογραφιούνταν	δακτυλογραφήθηκα	δακτυλογραφήθηκες	δακτυλογραφήθηκε	δακτυλογραφηθήκαμε	δακτυλογραφηθήκατε	δακτυλογραφήθηκαν	δακτυλογραφήσου	δακτυλογραφείστε	—
δακτυλογραφώ	δακτυλογραφώ	δακτυλογραφείς	δακτυλογραφεί	δακτυλογραφούμε	δακτυλογραφείτε	δακτυλογραφούν	δακτυλογραφούσα	δακτυλογραφούσες	δακτυλογραφούσε	δακτυλογραφούσαμε	δακτυλογραφούσατε	δακτυλογραφούσαν	δακτυλογράφησα	δακτυλογράφησες	δακτυλογράφησε	δακτυλογραφήσαμε	δακτυλογραφήσατε	δακτυλογράφησαν	δακτυλογράφησε	δακτυλογραφήστε	δακτυλογραφώντας
δαμάζομαι	δαμάζομαι	δαμάζεσαι	δαμάζεται	δαμαζόμαστε	δαμάζεστε	δαμάζονται	δαμαζόμουν	δαμαζόσουν	δαμαζόταν	δαμαζόμασταν	δαμαζόσασταν	δαμάζονταν	δαμάστηκα	δαμάστηκες	δαμάστηκε	δαμαστήκαμε	δαμαστήκατε	δαμάστηκαν	δαμάσου	δαμαστείτε	-
δαμάζω	-	-	-	-	-	-	δάμαζα	δάμαζες	δάμαζε	δαμάζαμε	δαμάζατε	δάμαζαν	δάμασα	δάμασες	δάμασε	δαμάσαμε	δαμάσατε	δάμασαν	δάμαζε	δαμάζετε	-
δανείζομαι	δανείζομαι	δανείζεσαι	δανείζεται	δανειζόμαστε	δανείζεστε	δανείζονται	δανειζόμουν	δανειζόσουν	δανειζόταν	δανειζόμασταν	δανειζόσασταν	δανείζονταν	δανείστηκα	δανείστηκες	δανείστηκε	δανειστήκαμε	δανειστήκατε	δανείστηκαν	δανείσου	δανειστείτε	-
δανείζω	-	-	-	-	-	-	δάνειζα	δάνειζες	δάνειζε	δανείζαμε	δανείζατε	δάνειζαν	δάνεισα	δάνεισες	δάνεισε	δανείσαμε	δανείσατε	δάνεισαν	δάνειζε	δανείζετε	-
δείχνομαι	δείχνομαι	δείχνεσαι	δείχνεται	δειχνόμαστε	δείχνεστε	δείχνονται	δειχνόμουν	δειχνόσουν	δειχνόταν	δειχνόμασταν	δειχνόσασταν	δείχνονταν	δείχτηκα	δείχτηκες	δείχτηκε	δειχτήκαμε	δειχτήκατε	δείχτηκαν	δείξου	δειχτείτε	-
δείχνω	-	-	-	-	-	-	έδειχνα	έδειχνες	έδειχνε	δείχναμε	δείχνατε	έδειχναν	έδειξα	έδειξες	έδειξε	δείξαμε	δείξατε	έδειξαν	δείξε	δείξτε	-
δειγματίζομαι	δειγματίζομαι	δειγματίζεσαι	δειγματίζεται	δειγματιζόμαστε	δειγματίζεστε	δειγματίζονται	δειγματιζόμουν	δειγματιζόσουν	δειγματιζόταν	δειγματιζόμασταν	δειγματιζόσασταν	δειγματίζονταν	δειγματίστηκα	δειγματίστηκες	δειγματίστηκε	δειγματιστήκαμε	δειγματιστήκατε	δειγματίστηκαν	δειγματίσου	δειγματιστείτε	-
δειγματίζω	-	-	-	-	-	-	δειγμάτιζα	δειγμάτιζες	δειγμάτιζε	δειγματίζαμε	δειγματίζατε	δειγμάτιζαν	δειγμάτισα	δειγμάτισες	δειγμάτισε	δειγματίσαμε	δειγματίσατε	δειγμάτισαν	δειγμάτιζε	δειγματίζετε	-
δελεάζω	-	-	-	-	-	-	δελέαζα	δελέαζες	δελέαζε	δελεάζαμε	δελεάζατε	δελέαζαν	δελέασα	δελέασες	δελέασε	δελεάσαμε	δελεάσατε	δελέασαν	δελέαζε	δελεάζετε	-
δεσμεύω	-	-	-	-	-	-	δέσμευα	δέσμευες	δέσμευε	δεσμεύαμε	δεσμεύατε	δέσμευαν	δέσμευσα	δέσμευσες	δέσμευσε	δεσμεύσαμε	δεσμεύσατε	δέσμευσαν	δέσμευε	δεσμεύετε	-
δεσπόζω	-	-	-	-	-	-	δέσποζα	δέσποζες	δέσποζε	δεσπόζαμε	δεσπόζατε	δέσποζαν	δέσποσα	δέσποσες	δέσποσε	δεσπόσαμε	δεσπόσατε	δέσποσαν	δέσποζε	δεσπόζετε	-η
δηλώνομαι	δηλώνομαι	δηλώνεσαι	δηλώνεται	δηλωνόμαστε	δηλωνόσαστε1	δηλώνονται	δηλωνόμουν	δηλωνόσουν	δηλωνόταν	δηλωνόμασταν	δηλωνόσασταν	δηλωνόντανε	δηλώθηκα	δηλώθηκες	δηλώθηκε	δηλωθήκαμε	δηλωθήκατε	δηλωθήκανε	δηλώσου	δηλωθείτε	-
δηλώνω	-	-	-	-	-	-	δήλωνα	δήλωνες	δήλωνε	δηλώναμε	δηλώνατε	δήλωναν	δήλωσα	δήλωσες	δήλωσε	δηλώσαμε	δηλώσατε	δήλωσαν	δήλωνε	δηλώνετε	-
δημεύω	-	-	-	-	-	-	δήμευα	δήμευες	δήμευε	δημεύαμε	δημεύατε	δήμευαν	δήμευσα	δήμευσες	δήμευσε	δημεύσαμε	δημεύσατε	δήμευσαν	δήμευε	δημεύετε	-
δημιουργούμαι	δημιουργούμαι	δημιουργείσαι	δημιουργείται	δημιουργούμαστε	δημιουργείστε	δημιουργούνται	δημιουργιόμουν	δημιουργιόσουν	δημιουργιόταν	δημιουργιόμασταν	δημιουργιόσασταν	δημιουργιούνταν	δημιουργήθηκα	δημιουργήθηκες	δημιουργήθηκε	δημιουργηθήκαμε	δημιουργηθήκατε	δημιουργήθηκαν	δημιουργήσου	δημιουργείστε	—
δημιουργώ	δημιουργώ	δημιουργείς	δημιουργεί	δημιουργούμε	δημιουργείτε	δημιουργούν	δημιουργούσα	δημιουργούσες	δημιουργούσε	δημιουργούσαμε	δημιουργούσατε	δημιουργούσαν	δημιούργησα	δημιούργησες	δημιούργησε	δημιουργήσαμε	δημιουργήσατε	δημιουργήσαν	δημιούργησε	δημιουργήστε	δημιουργώντας
δημοσιεύω	-	-	-	-	-	-	δημοσίευα	δημοσίευες	δημοσίευε	δημοσιεύαμε	δημοσιεύατε	δημοσίευαν	δημοσίευσα	δημοσίευσες	δημοσίευσε	δημοσιεύσαμε	δημοσιεύσατε	δημοσίευσαν	δημοσίευε	δημοσιεύετε	-
διαβάζομαι	διαβάζομαι	διαβάζεσαι	διαβάζεται	διαβαζόμαστε	διαβάζεστε	διαβάζονται	διαβαζόμουν	διαβαζόσουν	διαβαζόταν	διαβαζόμασταν	διαβαζόσασταν	διαβάζονταν	διαβάστηκα	διαβάστηκες	διαβάστηκε	διαβαστήκαμε	διαβαστήκατε	διαβάστηκαν	διαβάσου	διαβαστείτε	-
διαβάζω	-	-	-	-	-	-	διάβαζα	διάβαζες	διάβαζε	διαβάζαμε	διαβάζατε	διάβαζαν	διάβασα	διάβασες	διάβασε	διαβάσαμε	διαβάσατε	διάβασαν	διάβαζε	διαβάζετε	-
διαβαίνω	-	-	-	-	-	-	διάβαινα	διάβαινες	διάβαινε	διαβαίναμε	διαβαίνατε	διάβαιναν	διάβηκα	διάβηκες	διάβηκε	διαβήκαμε	διαβήκατε	διάβηκαν	διάβα	διαβαίνετε	-
διαβεβαιώνομαι	διαβεβαιώνομαι	διαβεβαιώνεσαι	διαβεβαιώνεται	διαβεβαιωνόμαστε	διαβεβαιωνόσαστε1	διαβεβαιώνονται	διαβεβαιωνόμουν	διαβεβαιωνόσουν	διαβεβαιωνόταν	διαβεβαιωνόμασταν	διαβεβαιωνόσασταν	διαβεβαιωνόντανε	διαβεβαιώθηκα	διαβεβαιώθηκες	διαβεβαιώθηκε	διαβεβαιωθήκαμε	διαβεβαιωθήκατε	διαβεβαιωθήκανε	διαβεβαιώσου	διαβεβαιωθείτε	-
διαβεβαιώνω	-	-	-	-	-	-	διαβεβαίωνα	διαβεβαίωνες	διαβεβαίωνε	διαβεβαιώναμε	διαβεβαιώνατε	διαβεβαίωναν	διαβεβαίωσα	διαβεβαίωσες	διαβεβαίωσε	διαβεβαιώσαμε	διαβεβαιώσατε	διαβεβαίωσαν	διαβεβαίωνε	διαβεβαιώνετε	-
διαβλέπω	-	-	-	-	-	-	διέβλεπα	διέβλεπες	διέβλεπε	διαβλέπαμε	διαβλέπατε	διέβλεπαν	διέβλεψα	διέβλεψες	διέβλεψε	διαβλέψαμε	διαβλέψατε	διέβλεψαν	διάβλεπε	διαβλέπετε	-
διαγουμίζω	-	-	-	-	-	-	διαγούμιζα	διαγούμιζες	διαγούμιζε	διαγουμίζαμε	διαγουμίζατε	διαγουμίζαν	διαγούμισα	διαγούμισες	διαγούμισε	διαγουμίσαμε	διαγουμίσατε	διαγουμίσαν	διαγούμιζε	διαγουμίζετε	-
διαδέχομαι	διαδέχομαι	διαδέχεσαι	διαδέχεται	διαδεχόμαστε	διαδέχεστε	διαδέχονται	διαδεχόμουν	διαδεχόσουν	διαδεχόταν	διαδεχόμασταν	διαδεχόσασταν	διαδέχονταν	διαδέχθηκα	διαδέχθηκες	διαδέχθηκε	διαδεχθήκαμε	διαδεχθήκατε	διαδέχθηκαν	διαδέξου	διαδεχθείτε	-
διαδηλώνομαι	διαδηλώνομαι	διαδηλώνεσαι	διαδηλώνεται	διαδηλωνόμαστε	διαδηλωνόσαστε1	διαδηλώνονται	διαδηλωνόμουν	διαδηλωνόσουν	διαδηλωνόταν	διαδηλωνόμασταν	διαδηλωνόσασταν	διαδηλωνόντανε	διαδηλώθηκα	διαδηλώθηκες	διαδηλώθηκε	διαδηλωθήκαμε	διαδηλωθήκατε	διαδηλωθήκανε	διαδηλώσου	διαδηλωθείτε	-
διαδηλώνω	-	-	-	-	-	-	διαδήλωνα	διαδήλωνες	διαδήλωνε	διαδηλώναμε	διαδηλώνατε	διαδήλωναν	διαδήλωσα	διαδήλωσες	διαδήλωσε	διαδηλώσαμε	διαδηλώσατε	διαδήλωσαν	διαδήλωνε	διαδηλώνετε	-
διαδραματίζω	-	-	-	-	-	-	διαδραμάτιζα	διαδραμάτιζες	διαδραμάτιζε	διαδραματίζαμε	διαδραματίζατε	διαδραμάτιζαν	διαδραμάτισα	διαδραμάτισες	διαδραμάτισε	διαδραματίσαμε	διαδραματίσατε	διαδραμάτισαν	διαδραμάτιζε	διαδραματίζετε	-
διαθλώ	διαθλώ	διαθλάς	διαθλά	διαθλούμε	διαθλάτε	διαθλούν	διαθλούσα	διαθλούσες	διαθλούσε	διαθλούσαμε	διαθλούσατε	διαθλούσαν	διέθλασα	διέθλασες	διέθλασε	διαθλάσαμε	διαθλάσατε	διέθλασαν	διέθλασε	διαθλάστε	διαθλώντας
διαιρώ	διαιρώ	διαιρείς	διαιρεί	διαιρούμε	διαιρείτε	διαιρούν	διαιρούσα	διαιρούσες	διαιρούσε	διαιρούσαμε	διαιρούσατε	διαιρούσαν	διαίρεσα	διαίρεσες	διαίρεσε	διαιρέσαμε	διαιρέσατε	διαίρεσαν	διαίρεσε	διαιρέστε	διαιρώντας
διαιτητεύω	-	-	-	-	-	-	διαιτήτευα	διαιτήτευες	διαιτήτευε	διαιτητεύαμε	διαιτητεύατε	διαιτήτευαν	διαιτήτευσα	διαιτήτευσες	διαιτήτευσε	διαιτητεύσαμε	διαιτητεύσατε	διαιτήτευσαν	διαιτήτευε	διαιτητεύετε	-
διακινδυνεύω	-	-	-	-	-	-	διακινδύνευα	διακινδύνευες	διακινδύνευε	διακινδυνεύαμε	διακινδυνεύατε	διακινδυνεύαν	διακινδύνευσα	διακινδύνευσες	διακινδύνευσε	διακινδυνέψαμε	διακινδυνέψατε	διακινδυνεύσαν	διακινδύνευε	διακινδυνέψτε	-
διακινώ	διακινώ	διακινείς	διακινεί	διακινούμε	διακινείτε	διακινούν	διακινούσα	διακινούσες	διακινούσε	διακινούσαμε	διακινούσατε	διακινούσαν	διακίνησα	διακίνησες	διακίνησε	διακινήσαμε	διακινήσατε	διακίνησαν	διακίνησε	διακινήστε	διακινώντας
διακοσμώ	διακοσμώ	διακοσμείς	διακοσμεί	διακοσμούμε	διακοσμείτε	διακοσμούν	διακοσμούσα	διακοσμούσες	διακοσμούσε	διακοσμούσαμε	διακοσμούσατε	διακοσμούσαν	διακόσμησα	διακόσμησες	διακόσμησε	διακοσμήσαμε	διακοσμήσατε	διακοσμήσαν	διακόσμησε	διακοσμήστε	διακοσμώντας
διακόπτω	-	-	-	-	-	-	διέκοπτα	διέκοπτες	διέκοπτε	διακόπταμε	διακόπτατε	διέκοπταν	διέκοψα	διέκοψες	διέκοψε	διακόψαμε	διακόψατε	διέκοψαν	διάκοψε	διακόπτετε	-
διαλέγω	-	-	-	-	-	-	διάλεγα	διάλεγες	διάλεγε	διαλέγαμε	διαλέγατε	διάλεγαν	διάλεξα	διάλεξες	διάλεξε	διαλέξαμε	διαλέξατε	διάλεξαν	διάλεγε	διαλέγετε	-
διαλύω	-	-	-	-	-	-	διέλυα	διέλυες	διέλυε	διαλύαμε	διαλύατε	διέλυαν	διάλυσα	διάλυσες	διάλυσε	διαλύσαμε	διαλύσατε	διάλυσαν	διάλυε	διαλύετε	-
διαμηνύω	-	-	-	-	-	-	διαμήνυα	διαμήνυες	διαμήνυε	διαμηνύαμε	διαμηνύατε	διαμήνυαν	διαμήνυσα	διαμήνυσες	διαμήνυσε	διαμηνύσαμε	διαμηνύσατε	διαμήνυσαν	διαμήνυε	διαμηνύετε	-
διαμοιράζω	-	-	-	-	-	-	διαμοίραζα	διαμοίραζες	διαμοίραζε	διαμοιράζαμε	διαμοιράζατε	διαμοίραζαν	διαμοίρασα	διαμοίρασες	διαμοίρασε	διαμοιράσαμε	διαμοιράσατε	διαμοίρασαν	διαμοίραζε	διαμοιράζετε	-
διαμορφώνομαι	διαμορφώνομαι	διαμορφώνεσαι	διαμορφώνεται	διαμορφωνόμαστε	διαμορφωνόσαστε1	διαμορφώνονται	διαμορφωνόμουν	διαμορφωνόσουν	διαμορφωνόταν	διαμορφωνόμασταν	διαμορφωνόσασταν	διαμορφωνόντανε	διαμορφώθηκα	διαμορφώθηκες	διαμορφώθηκε	διαμορφωθήκαμε	διαμορφωθήκατε	διαμορφωθήκανε	διαμορφώσου	διαμορφωθείτε	-
διαμορφώνω	-	-	-	-	-	-	διαμόρφωνα	διαμόρφωνες	διαμόρφωνε	διαμορφώναμε	διαμορφώνατε	διαμορφώναν	διαμόρφωσα	διαμόρφωσες	διαμόρφωσε	διαμορφώσαμε	διαμορφώσατε	διαμορφώσαν	διαμόρφωνε	διαμορφώνετε	-
διανέμω	-	-	-	-	-	-	διένεμα	διένεμες	διένεμε	διανέμαμε	διανέματε	διένεμαν	διένειμα	διένειμες	διένειμε	διανείμαμε	διανείματε	διένειμαν	διάνειμε	διανέμετε	-
διανθίζομαι	διανθίζομαι	διανθίζεσαι	διανθίζεται	διανθιζόμαστε	διανθίζεστε	διανθίζονται	διανθιζόμουν	διανθιζόσουν	διανθιζόταν	διανθιζόμασταν	διανθιζόσασταν	διανθίζονταν	διανθίστηκα	διανθίστηκες	διανθίστηκε	διανθιστήκαμε	διανθιστήκατε	διανθίστηκαν	διανθίσου	διανθιστείτε	-
διανθίζω	-	-	-	-	-	-	διάνθιζα	διάνθιζες	διάνθιζε	διανθίζαμε	διανθίζατε	διάνθιζαν	διάνθισα	διάνθισες	διάνθισε	διανθίσαμε	διανθίσατε	διάνθισαν	διάνθιζε	διανθίζετε	-
διανυκτερεύω	-	-	-	-	-	-	διανυκτέρευα	διανυκτέρευες	διανυκτέρευε	διανυκτερεύαμε	διανυκτερεύατε	διανυκτέρευαν	διανυκτέρευσα	διανυκτέρευσες	διανυκτέρευσε	διανυκτερεύσαμε	διανυκτερεύσατε	διανυκτέρευσαν	διανυκτέρευε	διανυκτερεύετε	διανυκτερεύον
διανύω	-	-	-	-	-	-	διάνυα	διάνυες	διάνυε	διανύαμε	διανύατε	διάνυαν	διάνυσα	διάνυσες	διάνυσε	διανύσαμε	διανύσατε	διάνυσαν	διάνυε	διανύετε	-
διαπερνάω	-	διαπερνάς	διαπερνά	διαπερνάμε	διαπερνάτε	διαπερνάν	διαπέρναγα	διαπέρναγες	διαπέρναγε	διαπερνάγαμε	διαπερνάγατε	διαπέρναγαν	διαπέρασα	διαπέρασες	διαπέρασε	διαπεράσαμε	διαπεράσατε	διαπέρασαν	διαπέρασε	διαπεράστε	διαπερνώντας
διαπερνώ	διαπερνάω	διαπερνάς	διαπερνά	διαπερνάμε	διαπερνάτε	διαπερνάν	διαπέρναγα	διαπέρναγες	διαπέρναγε	διαπερνάγαμε	διαπερνάγατε	διαπέρναγαν	διαπέρασα	διαπέρασες	διαπέρασε	διαπεράσαμε	διαπεράσατε	διαπέρασαν	διαπέρασε	διαπεράστε	διαπερνώντας
διαπιστώνω	-	-	-	-	-	-	διαπίστωνα	διαπίστωνες	διαπίστωνε	διαπιστώναμε	διαπιστώνατε	διαπίστωναν	διαπίστωσα	διαπίστωσες	διαπίστωσε	διαπιστώσαμε	διαπιστώσατε	διαπίστωσαν	διαπίστωνε	διαπιστώνετε	-
διαπλέω	-	-	-	-	-	-	διέπλεα	διέπλεες	διέπλεε	διαπλέαμε	διαπλέατε	διέπλεαν	διέπλευσα	διέπλευσες	διέπλευσε	διαπλεύσαμε	διαπλεύσατε	διέπλευσαν	διάπλεε	διαπλέετε	-
διαπρέπω	-	-	-	-	-	-	διέπρεπα	διέπρεπες	διέπρεπε	διαπρέπαμε	διαπρέπατε	διέπρεπαν	διέπρεψα	διέπρεψες	διέπρεψε	διαπρέψαμε	διαπρέψατε	διέπρεψαν	διάπρεψε	διαπρέπετε	-
διαρκώ	διαρκώ	διαρκείς	διαρκεί	διαρκούμε	διαρκείτε	διαρκούν	διαρκούσα	διαρκούσες	διαρκούσε	διαρκούσαμε	διαρκούσατε	διαρκούσαν	διάρκεσα	διάρκεσες	διάρκεσε	διαρκέσαμε	διαρκέσατε	διάρκεσαν	διάρκεσε	διαρκέστε	διαρκώντας
διαρρέω	-	-	-	-	-	διαρρέουν[ε]	διέρρεα	διέρρεες	διέρρεε	διαρρέαμε	διαρρέατε	διέρρεαν	διέρρευσα	διέρρευσες	διέρρευσε	διαρρεύσαμε	διαρρεύσατε	διέρρευσαν	διάρρευσε	διαρρέετε	-
διαρρυθμίζω	-	-	-	-	-	-	διαρρύθμιζα	διαρρύθμιζες	διαρρύθμιζε	διαρρυθμίζαμε	διαρρυθμίζατε	διαρρυθμίζαν	διαρρύθμισα	διαρρύθμισες	διαρρύθμισε	διαρρυθμίσαμε	διαρρυθμίσατε	διαρρυθμίσαν	διαρρύθμιζε	διαρρυθμίζετε	-
διασκεδάζομαι	διασκεδάζομαι	διασκεδάζεσαι	διασκεδάζεται	διασκεδαζόμαστε	διασκεδάζεστε	διασκεδάζονται	διασκεδαζόμουν	διασκεδαζόσουν	διασκεδαζόταν	διασκεδαζόμασταν	διασκεδαζόσασταν	διασκεδάζονταν	διασκεδάστηκα	διασκεδάστηκες	διασκεδάστηκε	διασκεδαστήκαμε	διασκεδαστήκατε	διασκεδάστηκαν	διασκεδάσου	διασκεδαστείτε	-
διασκεδάζω	-	-	-	-	-	-	διασκέδαζα	διασκέδαζες	διασκέδαζε	διασκεδάζαμε	διασκεδάζατε	διασκέδαζαν	διασκέδασα	διασκέδασες	διασκέδασε	διασκεδάσαμε	διασκεδάσατε	διασκέδασαν	διασκέδαζε	διασκεδάζετε	-
διασκελίζω	-	-	-	-	-	-	διασκέλιζα	διασκέλιζες	διασκέλιζε	διασκελίζαμε	διασκελίζατε	διασκέλιζαν	διασκέλισα	διασκέλισες	διασκέλισε	διασκελίσαμε	διασκελίσατε	διασκέλισαν	διασκέλιζε	διασκελίζετε	-
διασπάω	-	διασπάς	διασπά	διασπάμε	διασπάτε	διασπάν	διασπούσα	διασπούσες	διασπούσε	διασπούσαμε	διασπούσατε	διασπούσαν	διέσπασα	διέσπασες	διέσπασε	διασπάσαμε	διασπάσατε	διέσπασαν	διέσπασε	διασπάσετε	διασπώντας
διασπώ	διασπώ	διασπάς	διασπά	διασπούμε	διασπάτε	διασπούν	διασπούσα	διασπούσες	διασπούσε	διασπούσαμε	διασπούσατε	διασπούσαν	διέσπασα	διέσπασες	διέσπασε	διασπάσαμε	διασπάσατε	διέσπασαν	διέσπασε	διασπάτε	διασπώντας
διασταυρώνω	-	-	-	-	-	-	διασταυρώσα	διασταυρώσες	διασταυρώσε	διασταυρώναμε	διασταυρώνατε	διασταυρώναν	διασταύρωσα	διασταύρωσες	διασταύρωσε	διασταύρωναμε	διασταύρωνατε	διασταύρωναν	διασταυρώσε	διασταυρώνετε	-
διαστρεβλώνω	-	-	-	-	-	-	διαστρέβλωνα	διαστρέβλωνες	διαστρέβλωνε	διαστρεβλώναμε	διαστρεβλώνατε	διαστρέβλωναν	διαστρέβλωσα	διαστρέβλωσες	διαστρέβλωσε	διαστρεβλώσαμε	διαστρεβλώσατε	διαστρέβλωσαν	διαστρέβλωνε	διαστρεβλώνετε	-
διασφαλίζω	-	-	-	-	-	-	διασφάλιζα	διασφάλιζες	διασφάλιζε	διασφαλίζαμε	διασφαλίζατε	διασφάλιζαν	διασφάλισα	διασφάλισες	διασφάλισε	διασφαλίσαμε	διασφαλίσατε	διασφάλισαν	διασφάλιζε	διασφαλίζετε	-
διασχίζω	-	-	-	-	-	-	διέσχιζα	διέσχιζες	διέσχιζε	διασχίζαμε	διασχίζατε	διέσχιζαν	διέσχισα	διέσχισες	διέσχισε	διασχίσαμε	διασχίσατε	διέσχισαν	διέσχιζε	διασχίζετε	-
διατηρούμαι	διατηρούμαι	διατηρείσαι	διατηρείται	διατηρούμαστε	διατηρείστε	διατηρούνται	διατηριόμουν	διατηριόσουν	διατηριόταν	διατηριόμασταν	διατηριόσασταν	διατηριούνταν	διατηρήθηκα	διατηρήθηκες	διατηρήθηκε	διατηρηθήκαμε	διατηρηθήκατε	διατηρήθηκαν	διατηρήσου	διατηρείστε	—
διατηρώ	διατηρώ	διατηρείς	διατηρεί	διατηρούμε	διατηρείτε	διατηρούν	διατηρούσα	διατηρούσες	διατηρούσε	διατηρούσαμε	διατηρούσατε	διατηρούσαν	διατήρησα	διατήρησες	διατήρησε	διατηρήσαμε	διατηρήσατε	διατήρησαν	διατήρησε	διατηρήστε	διατηρώντας
διατρέφω	-	-	-	-	-	-	διέτρεφα	διέτρεφες	διέτρεφε	διατρέφαμε	διατρέφατε	διέτρεφαν	διέθρεψα	διέθρεψες	διέθρεψε	διαθρέψαμε	διαθρέψατε	διέθρεψαν	διάθρεψε	διαθρέψτε	-
διατυπώνομαι	διατυπώνομαι	διατυπώνεσαι	διατυπώνεται	διατυπωνόμαστε	διατυπωνόσαστε1	διατυπώνονται	διατυπωνόμουν	διατυπωνόσουν	διατυπωνόταν	διατυπωνόμασταν	διατυπωνόσασταν	διατυπωνόντανε	διατυπώθηκα	διατυπώθηκες	διατυπώθηκε	διατυπωθήκαμε	διατυπωθήκατε	διατυπωθήκανε	διατυπώσου	διατυπωθείτε	-
διατυπώνω	-	-	-	-	-	-	διατύπωνα	διατύπωνες	διατύπωνε	διατυπώναμε	διατυπώνατε	διατυπώναν	διατύπωσα	διατύπωσες	διατύπωσε	διατυπώσαμε	διατυπώσατε	διατυπώσαν	διατύπωνε	διατυπώνετε	-
διαφέρω	-	-	-	-	-	-	διέφερα	διέφερες	διέφερε	διαφέραμε	διαφέρατε	διέφεραν	διέφερα	διέφερες	διέφερε	διαφέραμε	διαφέρατε	διέφεραν	διέφερε	διαφέρετε	-
διαφημίζω	-	-	-	-	-	-	διαφήμιζα	διαφήμιζες	διαφήμιζε	διαφημίζαμε	διαφημίζατε	διαφήμιζαν	διαφήμισα	διαφήμισες	διαφήμισε	διαφημίσαμε	διαφημίσατε	διαφήμισαν	διαφήμιζε	διαφημίζετε	-
διαφοροποιώ	διαφοροποιώ	διαφοροποιείς	διαφοροποιεί	διαφοροποιούμε	διαφοροποιείτε	διαφοροποιούν	διαφοροποιούσα	διαφοροποιούσες	διαφοροποιούσε	διαφοροποιούσαμε	διαφοροποιούσατε	διαφοροποιούσαν	διαφοροποίησα	διαφοροποίησες	διαφοροποίησε	διαφοροποιήσαμε	διαφοροποιήσατε	διαφοροποίησαν	διαφοροποίησε	διαφοροποιήστε	διαφοροποιώντας
διαφωνώ	διαφωνώ	διαφωνείς	διαφωνεί	διαφωνούμε	διαφωνείτε	διαφωνούν	διαφωνούσα	διαφωνούσες	διαφωνούσε	διαφωνούσαμε	διαφωνούσατε	διαφωνούσαν	διαφώνησα	διαφώνησες	διαφώνησε	διαφωνήσαμε	διαφωνήσατε	διαφωνήσαν	διαφώνησε	διαφωνήστε	διαφωνώντας
διαφωτίζω	-	-	-	-	-	-	διαφώτιζα	διαφώτιζες	διαφώτιζε	διαφωτίζαμε	διαφωτίζατε	διαφωτίζαν	διαφώτισα	διαφώτισες	διαφώτισε	διαφωτίσαμε	διαφωτίσατε	διαφωτίσαν	διαφώτιζε	διαφωτίζετε	-
διαχέω	-	-	-	-	-	διαχέουν[ε]	διέχεα	διέχεες	διέχεε	διαχέαμε	διαχέατε	διέχεαν	διέχυσα	διέχυσες	διέχυσε	διαχύσαμε	διαχύσατε	διέχυσαν	διάχεε	διαχέετε	-
διαχωρίζω	-	-	-	-	-	-	διαχώριζα	διαχώριζες	διαχώριζε	διαχωρίζαμε	διαχωρίζατε	διαχωρίζαν	διαχώρισα	διαχώρισες	διαχώρισε	διαχωρίσαμε	διαχωρίσατε	διαχωρίσαν	διαχώριζε	διαχωρίζετε	-
διαχύνω	-	-	-	-	-	-	διέχυνα	διέχυνες	διέχυνε	διαχύναμε	διαχύνατε	διέχυναν	διέχυσα	διέχυσες	διέχυσε	διαχύσαμε	διαχύσατε	διέχυσαν	διάχυνε	διαχύνετε	-
διαψεύδω	-	-	-	-	-	-	διέψευδα	διέψευδες	διέψευδε	διαψεύδαμε	διαψεύδατε	διέψευδαν	διέψευσα	διέψευσες	διέψευσε	διαψεύσαμε	διαψεύσατε	διέψευσαν	διάψευσε	διαψεύδετε	-
διδάσκω	-	-	-	-	-	-	δίδασκα	δίδασκες	δίδασκε	διδάσκαμε	διδάσκατε	δίδασκαν	δίδαξα	δίδαξες	δίδαξε	διδάξαμε	διδάξατε	δίδαξαν	δίδαξε	διδάξτε	-
διεγείρω	-	-	-	-	-	-	διέγειρα	διέγειρες	διέγειρε	διεγείραμε	διεγείρατε	διέγειραν	διήγειρα	διήγειρες	διήγειρε	διεγείραμε	διεγείρατε	διήγειραν	διέγειρε	διεγείρετε	-
διεκδικώ	διεκδικώ	διεκδικείς	διεκδικεί	διεκδικούμε	διεκδικείτε	διεκδικούν	διεκδικούσα	διεκδικούσες	διεκδικούσε	διεκδικούσαμε	διεκδικούσατε	διεκδικούσαν	διεκδίκησα	διεκδίκησες	διεκδίκησε	διεκδικήσαμε	διεκδικήσατε	διεκδίκησαν	διεκδίκησε	διεκδικήστε	διεκδικώντας
διενεργώ	διενεργώ	διενεργείς	διενεργεί	διενεργούμε	διενεργείτε	διενεργούν	διενεργούσα	διενεργούσες	διενεργούσε	διενεργούσαμε	διενεργούσατε	διενεργούσαν	διενέργησα	διενέργησες	διενέργησε	διενεργήσαμε	διενεργήσατε	διενέργησαν	διενέργησε	διενεργήστε	διενεργώντας
διεξάγω	-	-	-	-	-	-	διεξήγα	διεξήγες	διεξήγε	διεξήγαμε	διεξήγατε	διεξήγαν	διεξήγαγα	διεξήγαγες	διεξήγαγε	διεξαγάγαμε	διεξαγάγατε	διεξήγαγαν	-	διεξάγετε	-
διευκολύνω	-	-	-	-	-	-	διευκόλυνα	διευκόλυνες	διευκόλυνε	διευκολύναμε	διευκολύνατε	διευκολύναν	διευκόλυνα	διευκόλυνες	διευκόλυνε	διευκολύναμε	διευκολύνατε	διευκολύναν	διευκόλυνε	διευκολύνετε	-
διευκρινίζομαι	διευκρινίζομαι	διευκρινίζεσαι	διευκρινίζεται	διευκρινιζόμαστε	διευκρινίζεστε	διευκρινίζονται	διευκρινιζόμουν	διευκρινιζόσουν	διευκρινιζόταν	διευκρινιζόμασταν	διευκρινιζόσασταν	διευκρινίζονταν	διευκρινίστηκα	διευκρινίστηκες	διευκρινίστηκε	διευκρινιστήκαμε	διευκρινιστήκατε	διευκρινίστηκαν	διευκρινίσου	διευκρινιστείτε	-
διευκρινίζω	-	-	-	-	-	-	διευκρίνιζα	διευκρίνιζες	διευκρίνιζε	διευκρινίζαμε	διευκρινίζατε	διευκρίνιζαν	διευκρίνισα	διευκρίνισες	διευκρίνισε	διευκρινίσαμε	διευκρινίσατε	διευκρίνισαν	διευκρίνιζε	διευκρινίζετε	-
διευρύνω	-	-	-	-	-	-	διεύρυνα	διεύρυνες	διεύρυνε	διευρύναμε	διευρύνατε	διευρύναν	διεύρυνα	διεύρυνες	διεύρυνε	διευρύναμε	διευρύνατε	διευρύναν	διεύρυνε	διευρύνετε	-
διηθώ	διηθώ	διηθείς	διηθεί	διηθούμε	διηθείτε	διηθούν	διηθούσα	διηθούσες	διηθούσε	διηθούσαμε	διηθούσατε	διηθούσαν	διήθησα	διήθησες	διήθησε	διηθήσαμε	διηθήσατε	διήθησαν	διήθησε	διηθήστε	διηθώντας
δικάζω	-	-	-	-	-	-	δίκαζα	δίκαζες	δίκαζε	δικάζαμε	δικάζατε	δίκαζαν	δίκασα	δίκασες	δίκασε	δικάσαμε	δικάσατε	δίκασαν	δίκαζε	δικάζετε	-
δικαιολογώ	δικαιολογώ	δικαιολογείς	δικαιολογεί	δικαιολογούμε	δικαιολογείτε	δικαιολογούν	δικαιολογούσα	δικαιολογούσες	δικαιολογούσε	δικαιολογούσαμε	δικαιολογούσατε	δικαιολογούσαν	δικαιολόγησα	δικαιολόγησες	δικαιολόγησε	δικαιολογήσαμε	δικαιολογήσατε	δικαιολογήσαν	δικαιολόγησε	δικαιολογήστε	δικαιολογώντας
δικαιώνω	-	-	-	-	-	-	δικαίωνα	δικαίωνες	δικαίωνε	δικαιώναμε	δικαιώνατε	δικαίωναν	δικαίωσα	δικαίωσες	δικαίωσε	δικαιώσαμε	δικαιώσατε	δικαίωσαν	δικαίωνε	δικαιώνετε	-
διορίζω	-	-	-	-	-	-	διόριζα	διόριζες	διόριζε	διορίζαμε	διορίζατε	διορίζαν	διόρισα	διόρισες	διόρισε	διορίσαμε	διορίσατε	διορίσαν	διόριζε	διορίζετε	-
διοργανώνομαι	διοργανώνομαι	διοργανώνεσαι	διοργανώνεται	διοργανωνόμαστε	διοργανωνόσαστε1	διοργανώνονται	διοργανωνόμουν	διοργανωνόσουν	διοργανωνόταν	διοργανωνόμασταν	διοργανωνόσασταν	διοργανωνόντανε	διοργανώθηκα	διοργανώθηκες	διοργανώθηκε	διοργανωθήκαμε	διοργανωθήκατε	διοργανωθήκανε	διοργανώσου	διοργανωθείτε	-
διοργανώνω	-	-	-	-	-	-	διοργάνωνα	διοργάνωνες	διοργάνωνε	διοργανώναμε	διοργανώνατε	διοργάνωναν	διοργάνωσα	διοργάνωσες	διοργάνωσε	διοργανώσαμε	διοργανώσατε	διοργάνωσαν	διοργάνωνε	διοργανώνετε	-
διορθώνω	-	-	-	-	-	-	διόρθωνα	διόρθωνες	διόρθωνε	διορθώναμε	διορθώνατε	διορθώναν	διόρθωσα	διόρθωσες	διόρθωσε	διορθώσαμε	διορθώσατε	διορθώσαν	διόρθωνε	διορθώνετε	-
διοχετεύω	-	-	-	-	-	-	διοχέτευα	διοχέτευες	διοχέτευε	διοχετεύαμε	διοχετεύατε	διοχέτευαν	διοχέτευσα	διοχέτευσες	διοχέτευσε	διοχετεύσαμε	διοχετεύσατε	διοχέτευσαν	διοχέτευε	διοχετεύετε	-
διπλασιάζομαι	διπλασιάζομαι	διπλασιάζεσαι	διπλασιάζεται	διπλασιαζόμαστε	διπλασιάζεστε	διπλασιάζονται	διπλασιαζόμουν	διπλασιαζόσουν	διπλασιαζόταν	διπλασιαζόμασταν	διπλασιαζόσασταν	διπλασιάζονταν	διπλασιάστηκα	διπλασιάστηκες	διπλασιάστηκε	διπλασιαστήκαμε	διπλασιαστήκατε	διπλασιάστηκαν	διπλασιάσου	διπλασιαστείτε	-
διπλασιάζω	-	-	-	-	-	-	διπλασίαζα	διπλασίαζες	διπλασίαζε	διπλασιάζαμε	διπλασιάζατε	διπλασίαζαν	διπλασίασα	διπλασίασες	διπλασίασε	διπλασιάσαμε	διπλασιάσατε	διπλασίασαν	διπλασίαζε	διπλασιάζετε	-
διπλώνω	-	-	-	-	-	-	δίπλωνα	δίπλωνες	δίπλωνε	διπλώναμε	διπλώνατε	δίπλωναν	δίπλωσα	δίπλωσες	δίπλωσε	διπλώσαμε	διπλώσατε	δίπλωσαν	δίπλωνε	διπλώνετε	-
διστάζω	-	-	-	-	-	-	δίσταζα	δίσταζες	δίσταζε	διστάζαμε	διστάζατε	δίσταζαν	δίστασα	δίστασες	δίστασε	διστάσαμε	διστάσατε	δίστασαν	δίσταζε	διστάζετε	-
διχοτομώ	διχοτομώ	διχοτομείς	διχοτομεί	διχοτομούμε	διχοτομείτε	διχοτομούν	διχοτομούσα	διχοτομούσες	διχοτομούσε	διχοτομούσαμε	διχοτομούσατε	διχοτομούσαν	διχοτόμησα	διχοτόμησες	διχοτόμησε	διχοτομήσαμε	διχοτομήσατε	διχοτομήσαν	διχοτόμησε	διχοτομήστε	διχοτομώντας
διψάω	-	διψάς	διψά	διψάμε	διψάτε	διψάν	δίψαγα	δίψαγες	δίψαγε	διψάγαμε	διψάγατε	δίψαγαν	δίψασα	δίψασες	δίψασε	διψάσαμε	διψάσατε	δίψασαν	δίψα	διψάστε	διψώντας
διψώ	διψάω	διψάς	διψά	διψάμε	διψάτε	διψάν	δίψαγα	δίψαγες	δίψαγε	διψάγαμε	διψάγατε	δίψαγαν	δίψασα	δίψασες	δίψασε	διψάσαμε	διψάσατε	δίψασαν	δίψα	διψάστε	διψώντας
διώκω	-	-	-	-	-	-	δίωκα	δίωκες	δίωκε	διώκαμε	διώκατε	δίωκαν	δίωξα	δίωξες	δίωξε	διώξαμε	διώξατε	δίωξαν	δίωκε	διώκετε	-
διώχνω	-	-	-	-	-	-	έδιωχνα	έδιωχνες	έδιωχνε	διώχναμε	διώχνατε	έδιωχναν	έδιωξα	έδιωξες	έδιωξε	διώξαμε	διώξατε	έδιωξαν	διώξε	διώξτε	-
δοκιμάζομαι	δοκιμάζομαι	δοκιμάζεσαι	δοκιμάζεται	δοκιμαζόμαστε	δοκιμάζεστε	δοκιμάζονται	δοκιμαζόμουν	δοκιμαζόσουν	δοκιμαζόταν	δοκιμαζόμασταν	δοκιμαζόσασταν	δοκιμάζονταν	δοκιμάστηκα	δοκιμάστηκες	δοκιμάστηκε	δοκιμαστήκαμε	δοκιμαστήκατε	δοκιμάστηκαν	δοκιμάσου	δοκιμαστείτε	-
δοκιμάζω	-	-	-	-	-	-	δοκίμαζα	δοκίμαζες	δοκίμαζε	δοκιμάζαμε	δοκιμάζατε	δοκίμαζαν	δοκίμασα	δοκίμασες	δοκίμασε	δοκιμάσαμε	δοκιμάσατε	δοκίμασαν	δοκίμαζε	δοκιμάζετε	-
δολοφονώ	δολοφονώ	δολοφονείς	δολοφονεί	δολοφονούμε	δολοφονείτε	δολοφονούν	δολοφονούσα	δολοφονούσες	δολοφονούσε	δολοφονούσαμε	δολοφονούσατε	δολοφονούσαν	δολοφόνησα	δολοφόνησες	δολοφόνησε	δολοφονήσαμε	δολοφονήσατε	δολοφονήσαν	δολοφόνησε	δολοφονήστε	δολοφονώντας
δοξάζω	-	-	-	-	-	-	δόξαζα	δόξαζες	δόξαζε	δοξάζαμε	δοξάζατε	δοξάζαν	δόξασα	δόξασες	δόξασε	δοξάσαμε	δοξάσατε	δοξάσαν	δόξαζε	δοξάζετε	-
δουλεύω	-	-	-	-	-	-	δούλευα	δούλευες	δούλευε	δουλεύαμε	δουλεύατε	δουλεύαν	δούλεψα	δούλεψες	δούλεψε	δουλέψαμε	δουλέψατε	δουλέψαν	δούλευε	δουλέψτε	-
δρέπω	-	-	-	-	-	-	έδρεπα	έδρεπες	έδρεπε	δρέπαμε	δρέπατε	έδρεπαν	έδρεψα	έδρεψες	έδρεψε	δρέψαμε	δρέψατε	έδρεψαν	δρέπε	δρέπετε	-
δραπετεύω	-	-	-	-	-	-	δραπέτευα	δραπέτευες	δραπέτευε	δραπετεύαμε	δραπετεύατε	δραπέτευαν	δραπέτευσα	δραπέτευσες	δραπέτευσε	δραπετεύσαμε	δραπετεύσατε	δραπέτευσαν	δραπέτευε	δραπετεύετε	-
δραστηριοποιώ	δραστηριοποιώ	δραστηριοποιείς	δραστηριοποιεί	δραστηριοποιούμε	δραστηριοποιείτε	δραστηριοποιούν	δραστηριοποιούσα	δραστηριοποιούσες	δραστηριοποιούσε	δραστηριοποιούσαμε	δραστηριοποιούσατε	δραστηριοποιούσαν	δραστηριοποίησα	δραστηριοποίησες	δραστηριοποίησε	δραστηριοποιήσαμε	δραστηριοποιήσατε	δραστηριοποίησαν	δραστηριοποίησε	δραστηριοποιήστε	δραστηριοποιώντας
δρομολογώ	δρομολογώ	δρομολογείς	δρομολογεί	δρομολογούμε	δρομολογείτε	δρομολογούν	δρομολογούσα	δρομολογούσες	δρομολογούσε	δρομολογούσαμε	δρομολογούσατε	δρομολογούσαν	δρομολόγησα	δρομολόγησες	δρομολόγησε	δρομολογήσαμε	δρομολογήσατε	δρομολογήσαν	δρομολόγησε	δρομολογήστε	δρομολογώντας
δροσίζομαι	δροσίζομαι	δροσίζεσαι	δροσίζεται	δροσιζόμαστε	δροσίζεστε	δροσίζονται	δροσιζόμουν	δροσιζόσουν	δροσιζόταν	δροσιζόμασταν	δροσιζόσασταν	δροσίζονταν	δροσίστηκα	δροσίστηκες	δροσίστηκε	δροσιστήκαμε	δροσιστήκατε	δροσίστηκαν	δροσίσου	δροσιστείτε	-
δροσίζω	-	-	-	-	-	-	δρόσιζα	δρόσιζες	δρόσιζε	δροσίζαμε	δροσίζατε	δροσίζαν	δρόσισα	δρόσισες	δρόσισε	δροσίσαμε	δροσίσατε	δροσίσαν	δρόσιζε	δροσίζετε	-
δρω	-	δρας	δρα	δρούμε	δράτε	-	δρούσα	δρούσες	δρούσε	δρούσαμε	δρούσατε	δρούσαν	έδρασα	έδρασες	έδρασε	δράσαμε	δράσατε	έδρασαν	έδρησε	δράστε	δρώντας
δυναμιτίζω	-	-	-	-	-	-	δυναμίτιζα	δυναμίτιζες	δυναμίτιζε	δυναμιτίζαμε	δυναμιτίζατε	δυναμίτιζαν	δυναμίτισα	δυναμίτισες	δυναμίτισε	δυναμιτίσαμε	δυναμιτίσατε	δυναμίτισαν	δυναμίτιζε	δυναμιτίζετε	-
δυσανασχετώ	δυσανασχετώ	δυσανασχετείς	δυσανασχετεί	δυσανασχετούμε	δυσανασχετείτε	δυσανασχετούν	δυσανασχετούσα	δυσανασχετούσες	δυσανασχετούσε	δυσανασχετούσαμε	δυσανασχετούσατε	δυσανασχετούσαν	δυσανασχέτησα	δυσανασχέτησες	δυσανασχέτησε	δυσανασχετήσαμε	δυσανασχετήσατε	δυσανασχέτησαν	δυσανασχέτησε	δυσανασχετήστε	δυσανασχετώντας
δυσαρεστώ	δυσαρεστώ	δυσαρεστείς	δυσαρεστεί	δυσαρεστούμε	δυσαρεστείτε	δυσαρεστούν	δυσαρεστούσα	δυσαρεστούσες	δυσαρεστούσε	δυσαρεστούσαμε	δυσαρεστούσατε	δυσαρεστούσαν	δυσαρέστησα	δυσαρέστησες	δυσαρέστησε	δυσαρεστήσαμε	δυσαρεστήσατε	δυσαρέστησαν	δυσαρέστησε	δυσαρεστήστε	δυσαρεστώντας
δυσκολεύω	-	-	-	-	-	-	δυσκόλευα	δυσκόλευες	δυσκόλευε	δυσκολεύαμε	δυσκολεύατε	δυσκολεύαν	δυσκόλεψα	δυσκόλεψες	δυσκόλεψε	δυσκολέψαμε	δυσκολέψατε	δυσκολέψαν	δυσκόλευε	δυσκολέψτε	-
δωρίζομαι	δωρίζομαι	δωρίζεσαι	δωρίζεται	δωριζόμαστε	δωρίζεστε	δωρίζονται	δωριζόμουν	δωριζόσουν	δωριζόταν	δωριζόμασταν	δωριζόσασταν	δωρίζονταν	δωρίστηκα	δωρίστηκες	δωρίστηκε	δωριστήκαμε	δωριστήκατε	δωρίστηκαν	δωρίσου	δωριστείτε	-
δωρίζω	-	-	-	-	-	-	δώριζα	δώριζες	δώριζε	δωρίζαμε	δωρίζατε	δωρίζαν	δώρισα	δώρισες	δώρισε	δωρίσαμε	δωρίσατε	δωρίσαν	δώριζε	δωρίζετε	-
δύω	-	-	-	-	-	-	έδυα	έδυες	έδυε	δύαμε	δύατε	έδυαν	έδυσα	έδυσες	έδυσε	δύσαμε	δύσατε	έδυσαν	δύε	δύετε	-
είμαι	είμαι	είσαι	είναι	είμαστε1	είσαστε	είναι	-	-	-	ήμασταν	ήσασταν	-	-	-	-	-	-	-	—	—	όντας
είμαστε	είμαι	είσαι	είναι	είμαστε1	-	είναι	-	-	-	-	-	-	-	-	-	-	-	-	—	—	όντας
είναι	είμαι	είσαι	είναι	είμαστε1	-	είναι	-	-	-	-	-	-	-	-	-	-	-	-	—	—	όντας
είσαστε	είμαι	είσαι	είναι	είμαστε1	-	είναι	-	-	-	-	-	-	-	-	-	-	-	-	—	—	όντας
είστε	είμαι	είσαι	είναι	είμαστε1	-	είναι	-	-	-	-	-	-	-	-	-	-	-	-	—	—	όντας
είχα	έχω	έχεις	έχει	έχομε	έχετε	έχουν	είχα	είχες	είχε	είχαμε	είχατε	είχαν	-	-	-	-	-	-	έχε	έχετε	έχοντας
είχαμε	έχω	έχεις	έχει	έχομε	έχετε	έχουν	είχα	είχες	είχε	είχαμε	είχατε	είχαν	-	-	-	-	-	-	έχε	έχετε	έχοντας
είχαν	έχω	έχεις	έχει	έχομε	έχετε	έχουν	είχα	είχες	είχε	είχαμε	είχατε	είχαν	-	-	-	-	-	-	έχε	έχετε	έχοντας
είχανε	έχω	έχεις	έχει	έχομε	έχετε	έχουν	είχα	είχες	είχε	είχαμε	είχατε	είχαν	-	-	-	-	-	-	έχε	έχετε	έχοντας
είχατε	έχω	έχεις	έχει	έχομε	έχετε	έχουν	είχα	είχες	είχε	είχαμε	είχατε	είχαν	-	-	-	-	-	-	έχε	έχετε	έχοντας
είχε	έχω	έχεις	έχει	έχομε	έχετε	έχουν	είχα	είχες	είχε	είχαμε	είχατε	είχαν	-	-	-	-	-	-	έχε	έχετε	έχοντας
είχες	έχω	έχεις	έχει	έχομε	έχετε	έχουν	είχα	είχες	είχε	είχαμε	είχατε	είχαν	-	-	-	-	-	-	έχε	έχετε	έχοντας
εγγίζω	-	-	-	εγγίζομε	-	-	έγγιζα	έγγιζες	έγγιζε	εγγίζαμε	εγγίζατε	έγγιζαν	έγγιξα	έγγιξες	έγγιξε	εγγίξαμε	εγγίξατε	έγγιξαν	έγγιζε	εγγίζετε	-
εγγράφω	-	-	-	-	-	-	ενέγραφα	ενέγραφες	ενέγραφε	εγγράφαμε	εγγράφατε	εγγράφαν	ενέγραψα	ενέγραψες	ενέγραψε	εγγράψαμε	εγγράψατε	εγγράψαν	-	εγγράφετε	-
εγείρω	-	-	-	-	-	-	ήγειρα	ήγειρες	ήγειρε	εγείραμε	εγείρατε	ήγειραν	ήγειρα	ήγειρες	ήγειρε	εγείραμε	εγείρατε	ήγειραν	–έγειρε	εγείρετε	-
εγκαθιδρύω	-	-	-	-	-	-	εγκαθίδρυα	εγκαθίδρυες	εγκαθίδρυε	εγκαθιδρύαμε	εγκαθιδρύατε	εγκαθίδρυαν	εγκαθίδρυσα	εγκαθίδρυσες	εγκαθίδρυσε	εγκαθιδρύσαμε	εγκαθιδρύσατε	εγκαθίδρυσαν	εγκαθίδρυε	εγκαθιδρύετε	-
εγκαθιστώ	εγκαθιστώ	εγκαθιστάς	εγκαθιστά	εγκαθιστούμε	εγκαθιστάτε	εγκαθιστούν	εγκαθιστούσα	εγκαθιστούσες	εγκαθιστούσε	εγκαθιστούσαμε	εγκαθιστούσατε	εγκαθιστούσαν	εγκατέστησα	εγκατέστησες	εγκατέστησε	εγκαταστήσαμε	εγκαταστήσατε	εγκατέστησαν	—	εγκαθιστάτε	εγκαθιστώντας
εγκαινιάζω	-	-	-	-	-	-	εγκαινίαζα	εγκαινίαζες	εγκαινίαζε	εγκαινιάζαμε	εγκαινιάζατε	εγκαινίαζαν	εγκαινίασα	εγκαινίασες	εγκαινίασε	εγκαινιάσαμε	εγκαινιάσατε	εγκαινίασαν	εγκαινίαζε	εγκαινιάζετε	-
εγκαταλείπω	-	-	-	-	-	-	εγκατέλειπα	εγκατέλειπες	εγκατέλειπε	εγκαταλείπαμε	εγκαταλείπατε	εγκατέλειπαν	εγκατέλειψα	εγκατέλειψες	εγκατέλειψε	εγκαταλείψαμε	εγκαταλείψατε	εγκατέλειψαν	-	εγκαταλείπετε	-
εγκλείω	-	-	-	-	-	-	ενέκλεια	ενέκλειες	ενέκλειε	εγκλείαμε	εγκλείατε	εγκλείαν	ενέκλεισα	ενέκλεισες	ενέκλεισε	εγκλείσαμε	εγκλείσατε	εγκλείσαν	-	εγκλείετε	-
εγκλωβίζω	-	-	-	-	-	-	εγκλώβιζα	εγκλώβιζες	εγκλώβιζε	εγκλωβίζαμε	εγκλωβίζατε	εγκλωβίζαν	εγκλώβισα	εγκλώβισες	εγκλώβισε	εγκλωβίσαμε	εγκλωβίσατε	εγκλωβίσαν	εγκλώβιζε	εγκλωβίζετε	-
εγκολπώνομαι	εγκολπώνομαι	εγκολπώνεσαι	εγκολπώνεται	εγκολπωνόμαστε	εγκολπωνόσαστε1	εγκολπώνονται	εγκολπωνόμουν	εγκολπωνόσουν	εγκολπωνόταν	εγκολπωνόμασταν	εγκολπωνόσασταν	εγκολπωνόντανε	εγκολπώθηκα	εγκολπώθηκες	εγκολπώθηκε	εγκολπωθήκαμε	εγκολπωθήκατε	εγκολπωθήκανε	εγκολπώσου	εγκολπωθείτε	-
εγκρίνω	-	-	-	-	-	-	ενέκρινα	ενέκρινες	ενέκρινε	εγκρίναμε	εγκρίνατε	εγκρίναν	ενέκρινα	ενέκρινες	ενέκρινε	εγκρίναμε	εγκρίνατε	εγκρίναν	-	εγκρίνετε	-
εγκυμονώ	εγκυμονώ	εγκυμονείς	εγκυμονεί	εγκυμονούμε	εγκυμονείτε	εγκυμονούν	εγκυμονούσα	εγκυμονούσες	εγκυμονούσε	εγκυμονούσαμε	εγκυμονούσατε	εγκυμονούσαν	εγκυμόνησα	εγκυμόνησες	εγκυμόνησε	εγκυμονήσαμε	εγκυμονήσατε	εγκυμονήσαν	εγκυμόνησε	εγκυμονήστε	εγκυμονώντας
εγκύπτω	-	-	-	-	-	-	ενέκυπτα	ενέκυπτες	ενέκυπτε	εγκύπταμε	εγκύπτατε	εγκύπταν	ενέκυψα	ενέκυψες	ενέκυψε	εγκύψαμε	εγκύψατε	εγκύψαν	-	εγκύπτετε	-
εγχέω	-	-	-	-	-	εγχέουν[ε]	ενέχεα	ενέχεες	ενέχεε	εγχέαμε	εγχέατε	ενέχεαν	ενέχυσα	ενέχυσες	ενέχυσε	εγχύσαμε	εγχύσατε	ενέχυσαν	έγχεε	εγχέετε	-
εγχύνω	-	-	-	-	-	-	έγχυνα	έγχυνες	έγχυνε	εγχύναμε	εγχύνατε	έγχυναν	έγχυσα	έγχυσες	έγχυσε	εγχύσαμε	εγχύσατε	έγχυσαν	έγχυνε	εγχύνετε	-
εθίζω	-	-	-	-	-	-	έθιζα	έθιζες	έθιζε	εθίζαμε	εθίζατε	έθιζαν	έθισα	έθισες	έθισε	εθίσαμε	εθίσατε	έθισαν	έθιζε	εθίζετε	-
ειδικεύω	-	-	-	-	-	-	ειδίκευα	ειδίκευες	ειδίκευε	ειδικεύαμε	ειδικεύατε	ειδίκευαν	ειδίκευσα	ειδίκευσες	ειδίκευσε	ειδικεύσαμε	ειδικεύσατε	ειδίκευσαν	ειδίκευε	ειδικεύετε	-
ειδοποιούμαι	ειδοποιούμαι	ειδοποιείσαι	ειδοποιείται	ειδοποιούμαστε	ειδοποιείστε	ειδοποιούνται	ειδοποιιόμουν	ειδοποιιόσουν	ειδοποιιόταν	ειδοποιιόμασταν	ειδοποιιόσασταν	ειδοποιιούνταν	ειδοποιήθηκα	ειδοποιήθηκες	ειδοποιήθηκε	ειδοποιηθήκαμε	ειδοποιηθήκατε	ειδοποιήθηκαν	ειδοποιήσου	ειδοποιείστε	—
ειδοποιώ	ειδοποιώ	ειδοποιείς	ειδοποιεί	ειδοποιούμε	ειδοποιείτε	ειδοποιούν	ειδοποιούσα	ειδοποιούσες	ειδοποιούσε	ειδοποιούσαμε	ειδοποιούσατε	ειδοποιούσαν	ειδοποίησα	ειδοποίησες	ειδοποίησε	ειδοποιήσαμε	ειδοποιήσατε	ειδοποίησαν	ειδοποίησε	ειδοποιήστε	ειδοποιώντας
εικάζω	-	-	-	-	-	-	είκαζα	είκαζες	είκαζε	εικάζαμε	εικάζατε	είκαζαν	είκασα	είκασες	είκασε	εικάσαμε	εικάσατε	είκασαν	είκαζε	εικάζετε	-
εισάγω	-	-	-	-	-	-	εισήγα	εισήγες	εισήγε	εισήγαμε	εισήγατε	εισήγαν	εισήγαγα	εισήγαγες	εισήγαγε	εισαγάγαμε	εισαγάγατε	εισήγαγαν	—	εισάγετε	-
εισακούω	-	-	-	-	-	-	εισάκουα	εισάκουες	εισάκουε	εισακούαμε	εισακούατε	εισάκουαν	εισάκουσα	εισάκουσες	εισάκουσε	εισακούσαμε	εισακούσατε	εισάκουσαν	εισάκουε	εισακούετε	-
εισβάλλω	-	-	-	-	-	-	εισέβαλλα	εισέβαλλες	εισέβαλλε	εισβάλλαμε	εισβάλλατε	εισέβαλλαν	εισέβαλα	εισέβαλες	εισέβαλε	εισβάλαμε	εισβάλατε	εισέβαλαν	-	εισβάλετε	-
εισπλέω	-	-	-	-	-	εισπλέουν[ε]	εισέπλεα	εισέπλεες	εισέπλεε	εισπλέαμε	εισπλέατε	εισέπλεαν	εισέπλευσα	εισέπλευσες	εισέπλευσε	εισπλεύσαμε	εισπλεύσατε	εισέπλευσαν	είσπλευσε	εισπλέετε	-
εισπνέω	-	-	-	-	-	-	εισέπνεα	εισέπνεες	εισέπνεε	εισπνέαμε	εισπνέατε	εισέπνεαν	εισέπνευσα	εισέπνευσες	εισέπνευσε	εισπνεύσαμε	εισπνεύσατε	εισέπνευσαν	είσπνευσε	εισπνέετε	-
εισρέω	-	-	-	-	-	-	εισέρρεα	εισέρρεες	εισέρρεε	εισρέαμε	εισρέατε	εισέρρεαν	εισέρρευσα	εισέρρευσες	εισέρρευσε	εισρεύσαμε	εισρεύσατε	εισέρρευσαν	είσρευσε	εισρέετε	-
εκδίδω	-	-	-	-	-	-	έκδιδα	έκδιδες	έκδιδε	εκδίδαμε	εκδίδατε	εκδίδαν	εξέδωσα	εξέδωσες	εξέδωσε	εξεδώσαμε	εξεδώσατε	εξέδωσαν	έκδιδε	εκδίδετε	-
εκδηλώνω	-	-	-	-	-	-	εκδήλωνα	εκδήλωνες	εκδήλωνε	εκδηλώναμε	εκδηλώνατε	εκδήλωναν	εκδήλωσα	εκδήλωσες	εκδήλωσε	εκδηλώσαμε	εκδηλώσατε	εκδήλωσαν	εκδήλωνε	εκδηλώνετε	-
εκθέτω	-	-	-	-	-	-	εξέθετα	εξέθετες	εξέθετε	εκθέταμε	εκθέτατε	εκθέταν	εξέθεσα	εξέθεσες	εξέθεσε	εκθέσαμε	εκθέσατε	εκθέσαν	έκθεσε	εκθέστε	-
εκκενώνομαι	εκκενώνομαι	εκκενώνεσαι	εκκενώνεται	εκκενωνόμαστε	εκκενωνόσαστε1	εκκενώνονται	εκκενωνόμουν	εκκενωνόσουν	εκκενωνόταν	εκκενωνόμασταν	εκκενωνόσασταν	εκκενωνόντανε	εκκενώθηκα	εκκενώθηκες	εκκενώθηκε	εκκενωθήκαμε	εκκενωθήκατε	εκκενωθήκανε	εκκενώσου	εκκενωθείτε	-
εκκενώνω	-	-	-	-	-	-	εκκένωνα	εκκένωνες	εκκένωνε	εκκενώναμε	εκκενώνατε	εκκένωναν	εκκένωσα	εκκένωσες	εκκένωσε	εκκενώσαμε	εκκενώσατε	εκκένωσαν	εκκένωνε	εκκενώνετε	-
εκκολάπτω	-	-	-	-	-	εκκολάπτουν[ε]	εκκόλαπτα	εκκόλαπτες	εκκόλαπτε	εκκολάπταμε	εκκολάπτατε	εκκόλαπταν	εκκόλαψα	εκκόλαψες	εκκόλαψε	εκκολάψαμε	εκκολάψατε	εκκόλαψαν	εκκόλαπτε	εκκολάπτετε	-
εκκρούω	-	-	-	-	-	-	εξέκρουα	εξέκρουες	εξέκρουε	εκκρούαμε	εκκρούατε	εκκρούαν	εξέκρουσα	εξέκρουσες	εξέκρουσε	εκκρούσαμε	εκκρούσατε	εκκρούσαν	έκκρουσε	εκκρούετε	-
εκλέγω	-	-	-	-	-	-	εξέλεγα	εξέλεγες	εξέλεγε	εκλέγαμε	εκλέγατε	εκλέγαν	εξέλεξα	εξέλεξες	εξέλεξε	εκλέξαμε	εκλέξατε	εκλέξαν	έκλεγε	εκλέγετε	-
εκλείπω	-	-	-	-	-	-	εξέλειπα	εξέλειπες	εξέλειπε	εκλείπαμε	εκλείπατε	εκλείπαν	εξέλειψα	εξέλειψες	εξέλειψε	εκλείψαμε	εκλείψατε	εκλείψαν	έκλειψε	εκλείπετε	-
εκλύω	-	-	-	-	-	-	εξέλυα	εξέλυες	εξέλυε	εκλύαμε	εκλύατε	εκλύαν	εξέλυσα	εξέλυσες	εξέλυσε	εκλύσαμε	εκλύσατε	εκλύσαν	έκλυε	εκλύετε	-
εκνευρίζω	-	-	-	-	-	-	εκνεύριζα	εκνεύριζες	εκνεύριζε	εκνευρίζαμε	εκνευρίζατε	εκνευρίζαν	εκνεύρισα	εκνεύρισες	εκνεύρισε	εκνευρίσαμε	εκνευρίσατε	εκνευρίσαν	εκνεύριζε	εκνευρίζετε	-
εκπέμπω	-	-	-	-	-	-	εξέπεμπα	εξέπεμπες	εξέπεμπε	εκπέμπαμε	εκπέμπατε	εκπέμπαν	εξέπεμψα	εξέπεμψες	εξέπεμψε	εκπέμπψαμε	εκπέμπψατε	εκπέμπψαν	-	εκπέμπετε	-
εκπίπτω	-	-	-	-	-	-	εξέπιπτα	εξέπιπτες	εξέπιπτε	εκπίπταμε	εκπίπτατε	εκπίπταν	εξέπεσα	εξέπεσες	εξέπεσε	εκπέσαμε	εκπέσατε	εκπέσαν	εκπέσετε	εκπίπτετε	-
εκπαιδεύω	-	-	-	-	-	-	εκπαίδευα	εκπαίδευες	εκπαίδευε	εκπαιδεύαμε	εκπαιδεύατε	εκπαίδευαν	εκπαίδευσα	εκπαίδευσες	εκπαίδευσε	εκπαιδεύσαμε	εκπαιδεύσατε	εκπαίδευσαν	εκπαίδευε	εκπαιδεύετε	-
εκπλέω	-	-	-	-	-	εκπλέουν[ε]	εξέπλεα	εξέπλεες	εξέπλεε	εκπλέαμε	εκπλέατε	εξέπλεαν	εξέπλευσα	εξέπλευσες	εξέπλευσε	εκπλεύσαμε	εκπλεύσατε	εξέπλευσαν	έκπλευσε	εκπλέετε	-
εκπληρώνω	-	-	-	-	-	-	εκπλήρωνα	εκπλήρωνες	εκπλήρωνε	εκπληρώναμε	εκπληρώνατε	εκπλήρωναν	εκπλήρωσα	εκπλήρωσες	εκπλήρωσε	εκπληρώσαμε	εκπληρώσατε	εκπλήρωσαν	εκπλήρωνε	εκπληρώνετε	-
εκπνέω	-	-	-	-	-	-	εξέπνεα	εξέπνεες	εξέπνεε	εκπνέαμε	εκπνέατε	εκπνέαν	εξέπνευσα	εξέπνευσες	εξέπνευσε	εκπνεύσαμε	εκπνεύσατε	εκπνεύσαν	έκπνευσε	εκπνέετε	-
εκπροσωπώ	εκπροσωπώ	εκπροσωπείς	εκπροσωπεί	εκπροσωπούμε	εκπροσωπείτε	εκπροσωπούν	εκπροσωπούσα	εκπροσωπούσες	εκπροσωπούσε	εκπροσωπούσαμε	εκπροσωπούσατε	εκπροσωπούσαν	εκπροσώπησα	εκπροσώπησες	εκπροσώπησε	εκπροσωπήσαμε	εκπροσωπήσατε	εκπροσωπήσαν	εκπροσώπησε	εκπροσωπήστε	εκπροσωπώντας
εκρέω	-	-	-	-	-	-	εξέρρεα	εξέρρεες	εξέρρεε	εκρέαμε	εκρέατε	εκρέαν	εξέρρευσα	εξέρρευσες	εξέρρευσε	εκρεύσαμε	εκρεύσατε	εκρεύσαν	έκρευσε	εκρέετε	-
εκσπερματίζω	-	-	-	-	-	-	εκσπερμάτιζα	εκσπερμάτιζες	εκσπερμάτιζε	εκσπερματίζαμε	εκσπερματίζατε	εκσπερμάτιζαν	εκσπερμάτισα	εκσπερμάτισες	εκσπερμάτισε	εκσπερματίσαμε	εκσπερματίσατε	εκσπερμάτισαν	εκσπερμάτιζε	εκσπερματίζετε	-
εκστρατεύω	-	-	-	-	-	-	εκστράτευα	εκστράτευες	εκστράτευε	εκστρατεύαμε	εκστρατεύατε	εκστράτευαν	εκστράτευσα	εκστράτευσες	εκστράτευσε	εκστρατεύσαμε	εκστρατεύσατε	εκστράτευσαν	εκστρατεύε	εκστρατεύετε	-
εκταμιεύω	-	-	-	-	-	-	εκταμίευα	εκταμίευες	εκταμίευε	εκταμιεύαμε	εκταμιεύατε	εκταμίευαν	εκταμίευσα	εκταμίευσες	εκταμίευσε	εκταμιεύσαμε	εκταμιεύσατε	εκταμίευσαν	εκταμίευε	εκταμιεύετε	-
εκτελώ	εκτελώ	εκτελείς	εκτελεί	εκτελούμε	εκτελείτε	εκτελούν	εκτελούσα	εκτελούσες	εκτελούσε	εκτελούσαμε	εκτελούσατε	εκτελούσαν	εκτέλεσα	εκτέλεσες	εκτέλεσε	εκτελέσαμε	εκτελέσατε	εκτέλεσαν	εκτέλεσε	εκτελέστε	εκτελώντας
εκτιμάω	-	εκτιμάς	εκτιμά	εκτιμάμε	εκτιμάτε	εκτιμάν	εκτίμαγα	εκτίμαγες	εκτίμαγε	εκτιμάγαμε	εκτιμάγατε	εκτίμαγαν	εκτίμησα	εκτίμησες	εκτίμησε	εκτιμήσαμε	εκτιμήσατε	εκτίμησαν	εκτίμα	εκτιμάτε	εκτιμώντας
εκτιμώ	εκτιμάω	εκτιμάς	εκτιμά	εκτιμάμε	εκτιμάτε	εκτιμάν	εκτιμούσα	εκτιμούσες	εκτιμούσε	εκτιμούσαμε	εκτιμούσατε	εκτιμούσαν	εκτίμησα	εκτίμησες	εκτίμησε	εκτιμήσαμε	εκτιμήσατε	εκτίμησαν	εκτίμα	εκτιμάτε	εκτιμώντας
εκτινάσσω	-	-	-	-	-	-	εκτίνασσα	εκτίνασσες	εκτίνασσε	εκτινάσσαμε	εκτινάσσατε	εκτίνασσαν	εκτίναξα	εκτίναξες	εκτίναξε	εκτινάξαμε	εκτινάξατε	εκτίναξαν	εκτίναξε	εκτινάξτε	-
εκτοξεύω	-	-	-	-	-	-	εκτόξευα	εκτόξευες	εκτόξευε	εκτοξεύαμε	εκτοξεύατε	εκτοξεύαν	εκτόξευσα	εκτόξευσες	εκτόξευσε	εκτοξεύσαμε	εκτοξεύσατε	εκτοξεύσαν	εκτόξευε	εκτοξεύετε	-
εκτρέπω	-	-	-	-	-	-	εξέτρεπα	εξέτρεπες	εξέτρεπε	εκτρέπαμε	εκτρέπατε	εκτρέπαν	εξέτρεψα	εξέτρεψες	εξέτρεψε	εκτρέψαμε	εκτρέψατε	εκτρέψαν	έκτρεψε	εκτρέπετε	-
εκφράζω	-	-	-	-	-	-	έκφραζα	έκφραζες	έκφραζε	εκφράζαμε	εκφράζατε	έκφραζαν	έκφρασα	έκφρασες	έκφρασε	εκφράσαμε	εκφράσατε	έκφρασαν	έκφραζε	εκφράζετε	-
εκχέω	-	-	-	-	-	εκχέουν[ε]	εξέχεα	εξέχεες	εξέχεε	εκχέαμε	εκχέατε	εξέχεαν	εξέχυσα	εξέχυσες	εξέχυσε	εκχύσαμε	εκχύσατε	εξέχυσαν	έκχεε	εκχέετε	-
εκχωρούμαι	εκχωρούμαι	εκχωρείσαι	εκχωρείται	εκχωρούμαστε	εκχωρείστε	εκχωρούνται	εκχωριόμουν	εκχωριόσουν	εκχωριόταν	εκχωριόμασταν	εκχωριόσασταν	εκχωριούνταν	εκχωρήθηκα	εκχωρήθηκες	εκχωρήθηκε	εκχωρηθήκαμε	εκχωρηθήκατε	εκχωρήθηκαν	εκχωρήσου	εκχωρείστε	—
εκχωρώ	εκχωρώ	εκχωρείς	εκχωρεί	εκχωρούμε	εκχωρείτε	εκχωρούν	εκχωρούσα	εκχωρούσες	εκχωρούσε	εκχωρούσαμε	εκχωρούσατε	εκχωρούσαν	εκχώρησα	εκχώρησες	εκχώρησε	εκχωρήσαμε	εκχωρήσατε	εκχωρήσαν	εκχώρησε	εκχωρήστε	εκχωρώντας
εκχύνω	-	-	-	-	-	-	έκχυνα	έκχυνες	έκχυνε	εκχύναμε	εκχύνατε	έκχυναν	έκχυσα	έκχυσες	έκχυσε	εκχύσαμε	εκχύσατε	έκχυσαν	έκχυνε	εκχύνετε	-
ελέγχομαι	ελέγχομαι	ελέγχεσαι	ελέγχεται	ελεγχόμαστε	ελέγχεστε	ελέγχονται	ελεγχόμουν	ελεγχόσουν	ελεγχόταν	ελεγχόμασταν	ελεγχόσασταν	ελέγχονταν	ελέγχθηκα	ελέγχθηκες	ελέγχθηκε	ελεγχθήκαμε	ελεγχθήκατε	ελέγχθηκαν	ελέγξου	ελεγχθείτε	-
ελέγχω	-	-	-	-	-	-	έλεγχα	έλεγχες	έλεγχε	ελέγχαμε	ελέγχατε	έλεγχαν	έλεγξα	έλεγξες	έλεγξε	ελέγξαμε	ελέγξατε	έλεγξαν	έλεγξε	ελέγξτε	-
ελαφραίνω	-	-	-	-	-	-	ελάφρυνα	ελάφρυνες	ελάφρυνε	ελαφραίναμε	ελαφραίνατε	ελάφρυναν	ελάφρυνα	ελάφρυνες	ελάφρυνε	ελαφρύναμε	ελαφρύνατε	ελάφρυναν	ελάφρυνε	ελαφραίνετε	-
ελευθερώνω	-	-	-	-	-	-	ελευθέρωνα	ελευθέρωνες	ελευθέρωνε	ελευθερώναμε	ελευθερώνατε	ελευθέρωναν	ελευθέρωσα	ελευθέρωσες	ελευθέρωσε	ελευθερώσαμε	ελευθερώσατε	ελευθέρωσαν	ελευθέρωνε	ελευθερώνετε	-
ελκύω	-	-	-	-	-	-	είλκυα	είλκυες	είλκυε	ελκύαμε	ελκύατε	είλκυαν	είλκυσα	είλκυσες	είλκυσε	ελκύσαμε	ελκύσατε	είλκυσαν	έλκυε	ελκύετε	-
ελπίζω	-	-	-	-	-	-	έλπιζα	έλπιζες	έλπιζε	ελπίζαμε	ελπίζατε	έλπιζαν	έλπισα	έλπισες	έλπισε	ελπίσαμε	ελπίσατε	έλπισαν	έλπιζε	ελπίζετε	-
εμβολίζω	-	-	-	-	-	-	εμβόλιζα	εμβόλιζες	εμβόλιζε	εμβολίζαμε	εμβολίζατε	εμβολίζαν	εμβόλισα	εμβόλισες	εμβόλισε	εμβολίσαμε	εμβολίσατε	εμβολίσαν	εμβόλιζε	εμβολίζετε	-
εμβολιάζω	-	-	-	-	-	-	εμβολίαζα	εμβολίαζες	εμβολίαζε	εμβολιάζαμε	εμβολιάζατε	εμβολίαζαν	εμβολίασα	εμβολίασες	εμβολίασε	εμβολιάσαμε	εμβολιάσατε	εμβολίασαν	εμβολίαζε	εμβολιάζετε	-
εμπαίζω	-	-	-	-	-	-	ενέπαιζα	ενέπαιζες	ενέπαιζε	εμπαίζαμε	εμπαίζατε	εμπαίζαν	ενέπαιξα	ενέπαιξες	ενέπαιξε	εμπαίξαμε	εμπαίξατε	εμπαίξαν	-	εμπαίζετε	-
εμπερικλείω	-	-	-	-	-	-	εμπεριέκλεια	εμπεριέκλειες	εμπεριέκλειε	εμπερικλείαμε	εμπερικλείατε	εμπεριέκλειαν	εμπεριέκλεισα	εμπεριέκλεισες	εμπεριέκλεισε	εμπερικλείσαμε	εμπερικλείσατε	εμπεριέκλεισαν	-	εμπερικλείετε	-
εμπιστεύομαι	εμπιστεύομαι	εμπιστεύεσαι	εμπιστεύεται	εμπιστευόμαστε	εμπιστευόσαστε1	εμπιστεύονται	εμπιστευόμουν	εμπιστευόσουν	εμπιστευόταν	εμπιστευόμασταν	εμπιστευόσασταν	εμπιστευόντανε	εμπιστεύθηκα	εμπιστεύθηκες	εμπιστεύθηκε	εμπιστευθήκαμε	εμπιστευθήκατε	εμπιστευθήκανε	εμπιστεύσου	εμπιστευθείτε	-
εμπλέκω	-	-	-	-	-	-	ενέπλεκα	ενέπλεκες	ενέπλεκε	εμπλέκαμε	εμπλέκατε	εμπλέκαν	ενέπλεξα	ενέπλεξες	ενέπλεξε	εμπλέξαμε	εμπλέξατε	εμπλέξαν	εμπλέκε	εμπλέκετε	-
εμπλουτίζω	-	-	-	-	-	-	εμπλούτιζα	εμπλούτιζες	εμπλούτιζε	εμπλουτίζαμε	εμπλουτίζατε	εμπλουτίζαν	εμπλούτισα	εμπλούτισες	εμπλούτισε	εμπλουτίσαμε	εμπλουτίσατε	εμπλουτίσαν	εμπλούτιζε	εμπλουτίζετε	-
εμπνέω	-	-	-	-	-	-	ενέπνεα	ενέπνεες	ενέπνεε	εμπνέαμε	εμπνέατε	εμπνέαν	ενέπνευσα	ενέπνευσες	ενέπνευσε	εμπνεύσαμε	εμπνεύσατε	εμπνεύσαν	έμπνευσε	εμπνέετε	-
εμποδίζομαι	εμποδίζομαι	εμποδίζεσαι	εμποδίζεται	εμποδιζόμαστε	εμποδίζεστε	εμποδίζονται	εμποδιζόμουν	εμποδιζόσουν	εμποδιζόταν	εμποδιζόμασταν	εμποδιζόσασταν	εμποδίζονταν	εμποδίστηκα	εμποδίστηκες	εμποδίστηκε	εμποδιστήκαμε	εμποδιστήκατε	εμποδίστηκαν	εμποδίσου	εμποδιστείτε	-
εμποδίζω	-	-	-	-	-	-	εμπόδιζα	εμπόδιζες	εμπόδιζε	εμποδίζαμε	εμποδίζατε	εμποδίζαν	εμπόδισα	εμπόδισες	εμπόδισε	εμποδίσαμε	εμποδίσατε	εμποδίσαν	εμπόδιζε	εμποδίζετε	-
εμφανίζω	-	-	-	-	-	-	εμφάνιζα	εμφάνιζες	εμφάνιζε	εμφανίζαμε	εμφανίζατε	εμφάνιζαν	εμφάνισα	εμφάνισες	εμφάνισε	εμφανίσαμε	εμφανίσατε	εμφάνισαν	εμφάνιζε	εμφανίζετε	-
ενδιατρίβω	-	-	-	-	-	-	ενδιέτριβα	ενδιέτριβες	ενδιέτριβε	ενδιατρίβαμε	ενδιατρίβατε	ενδιέτριβαν	ενδιέτριψα	ενδιέτριψες	ενδιέτριψε	ενδιατρίψαμε	ενδιατρίψατε	ενδιέτριψαν	-	ενδιατρίβετε	-
ενδιαφέρω	-	-	-	-	-	-	ενδιάφερα	ενδιάφερες	ενδιάφερε	ενδιαφέραμε	ενδιαφέρατε	ενδιαφέραν	ενδιέφερα	ενδιέφερες	ενδιέφερε	ενδιαφέραμε	ενδιαφέρατε	ενδιέφεραν	ενδιαφέρε	ενδιαφέρετε	-
ενδυναμώνω	-	-	-	-	-	-	ενδυνάμωνα	ενδυνάμωνες	ενδυνάμωνε	ενδυναμώναμε	ενδυναμώνατε	ενδυνάμωναν	ενδυνάμωσα	ενδυνάμωσες	ενδυνάμωσε	ενδυναμώσαμε	ενδυναμώσατε	ενδυνάμωσαν	ενδυνάμωνε	ενδυναμώνετε	-
ενεδρεύω	-	-	-	-	-	-	ενέδρευα	ενέδρευες	ενέδρευε	ενεδρεύαμε	ενεδρεύατε	ενέδρευαν	ενέδρευσα	ενέδρευσες	ενέδρευσε	ενεδρεύσαμε	ενεδρεύσατε	ενέδρευσαν	ενέδρευε	ενεδρεύετε	-
ενεργοποιώ	ενεργοποιώ	ενεργοποιείς	ενεργοποιεί	ενεργοποιούμε	ενεργοποιείτε	ενεργοποιούν	ενεργοποιούσα	ενεργοποιούσες	ενεργοποιούσε	ενεργοποιούσαμε	ενεργοποιούσατε	ενεργοποιούσαν	ενεργοποίησα	ενεργοποίησες	ενεργοποίησε	ενεργοποιήσαμε	ενεργοποιήσατε	ενεργοποίησαν	ενεργοποίησε	ενεργοποιήστε	ενεργοποιώντας
ενεργώ	ενεργώ	ενεργείς	ενεργεί	ενεργούμε	ενεργείτε	ενεργούν	ενεργούσα	ενεργούσες	ενεργούσε	ενεργούσαμε	ενεργούσατε	ενεργούσαν	ενέργησα	ενέργησες	ενέργησε	ενεργήσαμε	ενεργήσατε	ενέργησαν	ενέργησε	ενεργήστε	ενεργώντας
ενηλικιώνομαι	ενηλικιώνομαι	ενηλικιώνεσαι	ενηλικιώνεται	ενηλικιωνόμαστε	ενηλικιωνόσαστε1	ενηλικιώνονται	ενηλικιωνόμουν	ενηλικιωνόσουν	ενηλικιωνόταν	ενηλικιωνόμασταν	ενηλικιωνόσασταν	ενηλικιωνόντανε	ενηλικιώθηκα	ενηλικιώθηκες	ενηλικιώθηκε	ενηλικιωθήκαμε	ενηλικιωθήκατε	ενηλικιωθήκανε	ενηλικιώσου	ενηλικιωθείτε	-
ενημερώνω	-	-	-	-	-	-	ενημέρωνα	ενημέρωνες	ενημέρωνε	ενημερώναμε	ενημερώνατε	ενημέρωναν	ενημέρωσα	ενημέρωσες	ενημέρωσε	ενημερώσαμε	ενημερώσατε	ενημέρωσαν	ενημέρωνε	ενημερώνετε	-
ενισχύω	-	-	-	-	-	-	ενίσχυα	ενίσχυες	ενίσχυε	ενισχύαμε	ενισχύατε	ενίσχυαν	ενίσχυσα	ενίσχυσες	ενίσχυσε	ενισχύσαμε	ενισχύσατε	ενίσχυσαν	ενίσχυε	ενισχύετε	-
εννοούμαι	εννοούμαι	εννοείσαι	εννοείται	εννοούμαστε	εννοείστε	εννοούνται	εννοιόμουν	εννοιόσουν	εννοιόταν	εννοιόμασταν	εννοιόσασταν	εννοιούνταν	εννοήθηκα	εννοήθηκες	εννοήθηκε	εννοηθήκαμε	εννοηθήκατε	εννοήθηκαν	εννοήσου	εννοείστε	—
εννοώ	εννοώ	εννοείς	εννοεί	εννοούμε	εννοείτε	εννοούν	εννοούσα	εννοούσες	εννοούσε	εννοούσαμε	εννοούσατε	εννοούσαν	εννόησα	εννόησες	εννόησε	εννοήσαμε	εννοήσατε	εννοήσαν	εννόησε	εννοήστε	εννοώντας
ενοικιάζω	-	-	-	-	-	-	ενοικίαζα	ενοικίαζες	ενοικίαζε	ενοικιάζαμε	ενοικιάζατε	ενοικίαζαν	ενοικίασα	ενοικίασες	ενοικίασε	ενοικιάσαμε	ενοικιάσατε	ενοικίασαν	ενοικίαζε	ενοικιάζετε	-
ενοποιώ	ενοποιώ	ενοποιείς	ενοποιεί	ενοποιούμε	ενοποιείτε	ενοποιούν	ενοποιούσα	ενοποιούσες	ενοποιούσε	ενοποιούσαμε	ενοποιούσατε	ενοποιούσαν	ενοποίησα	ενοποίησες	ενοποίησε	ενοποιήσαμε	ενοποιήσατε	ενοποίησαν	ενοποίησε	ενοποιήστε	ενοποιώντας
ενορχηστρώνω	-	-	-	-	-	-	ενορχήστρωνα	ενορχήστρωνες	ενορχήστρωνε	ενορχηστρώναμε	ενορχηστρώνατε	ενορχήστρωναν	ενορχήστρωσα	ενορχήστρωσες	ενορχήστρωσε	ενορχηστρώσαμε	ενορχηστρώσατε	ενορχήστρωσαν	ενορχήστρωνε	ενορχηστρώνετε	-
ενοχλούμαι	ενοχλούμαι	ενοχλείσαι	ενοχλείται	ενοχλούμαστε	ενοχλείστε	ενοχλούνται	ενοχλιόμουν	ενοχλιόσουν	ενοχλιόταν	ενοχλιόμασταν	ενοχλιόσασταν	ενοχλιούνταν	ενοχλήθηκα	ενοχλήθηκες	ενοχλήθηκε	ενοχληθήκαμε	ενοχληθήκατε	ενοχλήθηκαν	ενοχλήσου	ενοχλείστε	—
ενοχλώ	ενοχλώ	ενοχλείς	ενοχλεί	ενοχλούμε	ενοχλείτε	ενοχλούν	ενοχλούσα	ενοχλούσες	ενοχλούσε	ενοχλούσαμε	ενοχλούσατε	ενοχλούσαν	ενόχλησα	ενόχλησες	ενόχλησε	ενοχλήσαμε	ενοχλήσατε	ενοχλήσαν	ενόχλησε	ενοχλήστε	ενοχλώντας
ενσκήπτω	-	-	-	-	-	-	ενέσκηπτα	ενέσκηπτες	ενέσκηπτε	ενσκήπταμε	ενσκήπτατε	ενέσκηπταν	ενέσκηψα	ενέσκηψες	ενέσκηψε	ενσκήψαμε	ενσκήψατε	ενέσκηψαν	-	ενσκήπτετε	-
ενσταλάζω	-	-	-	-	-	-	ενστάλαζα	ενστάλαζες	ενστάλαζε	ενσταλάζαμε	ενσταλάζατε	ενστάλαζαν	ενστάλαξα	ενστάλαξες	ενστάλαξε	ενσταλάξαμε	ενσταλάξατε	ενστάλαξαν	ενστάλαζε	ενσταλάζετε	-
ενστερνίζομαι	ενστερνίζομαι	ενστερνίζεσαι	ενστερνίζεται	ενστερνιζόμαστε	ενστερνίζεστε	ενστερνίζονται	ενστερνιζόμουν	ενστερνιζόσουν	ενστερνιζόταν	ενστερνιζόμασταν	ενστερνιζόσασταν	ενστερνίζονταν	ενστερνίστηκα	ενστερνίστηκες	ενστερνίστηκε	ενστερνιστήκαμε	ενστερνιστήκατε	ενστερνίστηκαν	ενστερνίσου	ενστερνιστείτε	-
ενσωματώνω	-	-	-	-	-	-	ενσωμάτωνα	ενσωμάτωνες	ενσωμάτωνε	ενσωματώναμε	ενσωματώνατε	ενσωμάτωναν	ενσωμάτωσα	ενσωμάτωσες	ενσωμάτωσε	ενσωματώσαμε	ενσωματώσατε	ενσωμάτωσαν	ενσωμάτωνε	ενσωματώνετε	-
εντοπίζω	-	-	-	-	-	-	εντόπιζα	εντόπιζες	εντόπιζε	εντοπίζαμε	εντοπίζατε	εντοπίζαν	εντόπισα	εντόπισες	εντόπισε	εντοπίσαμε	εντοπίσατε	εντοπίσαν	εντόπιζε	εντοπίζετε	-
ενυδατώνω	-	-	-	-	-	-	ενυδάτωνα	ενυδάτωνες	ενυδάτωνε	ενυδατώναμε	ενυδατώνατε	ενυδάτωναν	ενυδάτωσα	ενυδάτωσες	ενυδάτωσε	ενυδατώσαμε	ενυδατώσατε	ενυδάτωσαν	ενυδάτωνε	ενυδατώνετε	-
ενώνομαι	ενώνομαι	ενώνεσαι	ενώνεται	ενωνόμαστε	ενωνόσαστε1	ενώνονται	ενωνόμουν	ενωνόσουν	ενωνόταν	ενωνόμασταν	ενωνόσασταν	ενωνόντανε	ενώθηκα	ενώθηκες	ενώθηκε	ενωθήκαμε	ενωθήκατε	ενωθήκανε	ενώσου	ενωθείτε	-
ενώνω	-	-	-	-	-	-	ένωνα	ένωνες	ένωνε	ενώναμε	ενώνατε	ένωναν	ένωσα	ένωσες	ένωσε	ενώσαμε	ενώσατε	ένωσαν	ένωνε	ενώνετε	-
εξαίρω	-	-	-	-	-	εξαίρουν[ε]	εξήρα	εξήρες	εξήρε	εξήραμε	εξήρατε	εξήραν	εξήρα	εξήρες	εξήρε	εξήραμε	εξήρατε	εξήραν	-	εξάρετε	-
εξαγνίζω	-	-	-	-	-	-	εξάγνιζα	εξάγνιζες	εξάγνιζε	εξαγνίζαμε	εξαγνίζατε	εξάγνιζαν	εξάγνισα	εξάγνισες	εξάγνισε	εξαγνίσαμε	εξαγνίσατε	εξάγνισαν	εξάγνιζε	εξαγνίζετε	-
εξακολουθώ	εξακολουθώ	εξακολουθείς	εξακολουθεί	εξακολουθούμε	εξακολουθείτε	εξακολουθούν	εξακολουθούσα	εξακολουθούσες	εξακολουθούσε	εξακολουθούσαμε	εξακολουθούσατε	εξακολουθούσαν	εξακολούθησα	εξακολούθησες	εξακολούθησε	εξακολουθήσαμε	εξακολουθήσατε	εξακολουθήσαν	εξακολούθησε	εξακολουθήστε	εξακολουθώντας
εξαλείφω	-	-	-	-	-	εξαλείφουν[ε]	εξάλειφα	εξάλειφες	εξάλειφε	εξαλείφαμε	εξαλείφατε	εξάλειφαν	εξάλειψα	εξάλειψες	εξάλειψε	εξαλείψαμε	εξαλείψατε	εξάλειψαν	εξάλειφε	εξαλείφετε	-
εξαναγκάζω	-	-	-	-	-	-	εξανάγκαζα	εξανάγκαζες	εξανάγκαζε	εξαναγκάζαμε	εξαναγκάζατε	εξανάγκαζαν	εξανάγκασα	εξανάγκασες	εξανάγκασε	εξαναγκάσαμε	εξαναγκάσατε	εξανάγκασαν	εξανάγκαζε	εξαναγκάζετε	-
εξαντλώ	εξαντλώ	εξαντλείς	εξαντλεί	εξαντλούμε	εξαντλείτε	εξαντλούν	εξαντλούσα	εξαντλούσες	εξαντλούσε	εξαντλούσαμε	εξαντλούσατε	εξαντλούσαν	εξάντλησα	εξάντλησες	εξάντλησε	εξαντλήσαμε	εξαντλήσατε	εξάντλησαν	εξάντλησε	εξαντλήστε	εξαντλώντας
εξαπολύω	-	-	-	-	-	-	εξαπέλυα	εξαπέλυες	εξαπέλυε	εξαπολύαμε	εξαπολύατε	εξαπέλυαν	εξαπέλυσα	εξαπέλυσες	εξαπέλυσε	εξαπολύσαμε	εξαπολύσατε	εξαπέλυσαν	εξαπόλυε	εξαπολύετε	-
εξαργυρώνω	-	-	-	-	-	-	εξαργύρωνα	εξαργύρωνες	εξαργύρωνε	εξαργυρώναμε	εξαργυρώνατε	εξαργυρώναν	εξαργύρωσα	εξαργύρωσες	εξαργύρωσε	εξαργυρώσαμε	εξαργυρώσατε	εξαργυρώσαν	εξαργύρωνε	εξαργυρώνετε	-
εξαρτώ	εξαρτώ	εξαρτάς	εξαρτά	εξαρτούμε	εξαρτάτε	εξαρτούν	εξαρτούσα	εξαρτούσες	εξαρτούσε	εξαρτούσαμε	εξαρτούσατε	εξαρτούσαν	εξάρτησα	εξάρτησες	εξάρτησε	εξαρτήσαμε	εξαρτήσατε	εξάρτησαν	εξάρτησε	εξαρτάτε	εξαρτώντας
εξασκώ	εξασκώ	εξασκείς	εξασκεί	εξασκούμε	εξασκείτε	εξασκούν	εξασκούσα	εξασκούσες	εξασκούσε	εξασκούσαμε	εξασκούσατε	εξασκούσαν	εξάσκησα	εξάσκησες	εξάσκησε	εξασκήσαμε	εξασκήσατε	εξάσκησαν	εξάσκησε	εξασκήστε	εξασκώντας
εξασφαλίζομαι	εξασφαλίζομαι	εξασφαλίζεσαι	εξασφαλίζεται	εξασφαλιζόμαστε	εξασφαλίζεστε	εξασφαλίζονται	εξασφαλιζόμουν	εξασφαλιζόσουν	εξασφαλιζόταν	εξασφαλιζόμασταν	εξασφαλιζόσασταν	εξασφαλίζονταν	εξασφαλίστηκα	εξασφαλίστηκες	εξασφαλίστηκε	εξασφαλιστήκαμε	εξασφαλιστήκατε	εξασφαλίστηκαν	εξασφαλίσου	εξασφαλιστείτε	-
εξασφαλίζω	-	-	-	-	-	-	εξασφάλιζα	εξασφάλιζες	εξασφάλιζε	εξασφαλίζαμε	εξασφαλίζατε	εξασφάλιζαν	εξασφάλισα	εξασφάλισες	εξασφάλισε	εξασφαλίσαμε	εξασφαλίσατε	εξασφάλισαν	εξασφάλιζε	εξασφαλίζετε	-
εξατμίζω	-	-	-	-	-	-	εξάτμιζα	εξάτμιζες	εξάτμιζε	εξατμίζαμε	εξατμίζατε	εξάτμιζαν	εξάτμισα	εξάτμισες	εξάτμισε	εξατμίσαμε	εξατμίσατε	εξάτμισαν	εξάτμιζε	εξατμίζετε	-
εξατομικεύω	-	-	-	-	-	-	εξατομίκευα	εξατομίκευες	εξατομίκευε	εξατομικεύαμε	εξατομικεύατε	εξατομίκευαν	εξατομίκευσα	εξατομίκευσες	εξατομίκευσε	εξατομικεύσαμε	εξατομικεύσατε	εξατομίκευσαν	εξατομίκευε	εξατομικεύετε	-
εξαφανίζομαι	εξαφανίζομαι	εξαφανίζεσαι	εξαφανίζεται	εξαφανιζόμαστε	εξαφανίζεστε	εξαφανίζονται	εξαφανιζόμουν	εξαφανιζόσουν	εξαφανιζόταν	εξαφανιζόμασταν	εξαφανιζόσασταν	εξαφανίζονταν	εξαφανίστηκα	εξαφανίστηκες	εξαφανίστηκε	εξαφανιστήκαμε	εξαφανιστήκατε	εξαφανίστηκαν	εξαφανίσου	εξαφανιστείτε	-
εξαφανίζω	-	-	-	-	-	-	εξαφάνιζα	εξαφάνιζες	εξαφάνιζε	εξαφανίζαμε	εξαφανίζατε	εξαφάνιζαν	εξαφάνισα	εξαφάνισες	εξαφάνισε	εξαφανίσαμε	εξαφανίσατε	εξαφάνισαν	εξαφάνιζε	εξαφανίζετε	-
εξεγείρω	-	-	-	-	-	-	εξέγειρα	εξέγειρες	εξέγειρε	εξεγείραμε	εξεγείρατε	εξέγειραν	εξέγειρα	εξέγειρες	εξέγειρε	εξεγείραμε	εξεγείρατε	εξέγειραν	εξέγειρ	εξεγείρετε	-
εξειδικεύω	-	-	-	-	-	-	εξειδίκευα	εξειδίκευες	εξειδίκευε	εξειδικεύαμε	εξειδικεύατε	εξειδίκευαν	εξειδίκευσα	εξειδίκευσες	εξειδίκευσε	εξειδικεύσαμε	εξειδικεύσατε	εξειδίκευσαν	εξειδίκευε	εξειδικεύετε	-
εξελληνίζω	-	-	-	-	-	-	εξελλήνιζα	εξελλήνιζες	εξελλήνιζε	εξελληνίζαμε	εξελληνίζατε	εξελλήνιζαν	εξελλήνισα	εξελλήνισες	εξελλήνισε	εξελληνίσαμε	εξελληνίσατε	εξελλήνισαν	εξελλήνιζε	εξελληνίζετε	-
εξερευνώ	εξερευνάω	εξερευνάς	εξερευνά	εξερευνάμε	εξερευνάτε	εξερευνάν	εξερευνούσα	εξερευνούσες	εξερευνούσε	εξερευνούσαμε	εξερευνούσατε	εξερευνούσαν	εξερεύνησα	εξερεύνησες	εξερεύνησε	εξερευνήσαμε	εξερευνήσατε	εξερευνήσαν	εξερεύνα	εξερευνάτε	εξερευνώντας
εξετάζομαι	εξετάζομαι	εξετάζεσαι	εξετάζεται	εξεταζόμαστε	εξετάζεστε	εξετάζονται	εξεταζόμουν	εξεταζόσουν	εξεταζόταν	εξεταζόμασταν	εξεταζόσασταν	εξετάζονταν	εξετάστηκα	εξετάστηκες	εξετάστηκε	εξεταστήκαμε	εξεταστήκατε	εξετάστηκαν	εξετάσου	εξεταστείτε	-
εξετάζω	-	-	-	-	-	-	εξέταζα	εξέταζες	εξέταζε	εξετάζαμε	εξετάζατε	εξέταζαν	εξέτασα	εξέτασες	εξέτασε	εξετάσαμε	εξετάσατε	εξέτασαν	εξέταζε	εξετάζετε	-
εξευγενίζω	-	-	-	-	-	-	εξευγένιζα	εξευγένιζες	εξευγένιζε	εξευγενίζαμε	εξευγενίζατε	εξευγένιζαν	εξευγένισα	εξευγένισες	εξευγένισε	εξευγενίσαμε	εξευγενίσατε	εξευγένισαν	εξευγένιζε	εξευγενίζετε	-
εξευτελίζω	-	-	-	-	-	-	εξευτέλιζα	εξευτέλιζες	εξευτέλιζε	εξευτελίζαμε	εξευτελίζατε	εξευτέλιζαν	εξευτέλισα	εξευτέλισες	εξευτέλισε	εξευτελίσαμε	εξευτελίσατε	εξευτέλισαν	εξευτέλιζε	εξευτελίζετε	-
εξηγώ	εξηγώ	εξηγείς	εξηγεί	εξηγούμε	εξηγείτε	εξηγούν	εξηγούσα	εξηγούσες	εξηγούσε	εξηγούσαμε	εξηγούσατε	εξηγούσαν	εξήγησα	εξήγησες	εξήγησε	εξηγήσαμε	εξηγήσατε	εξήγησαν	εξήγησε	εξηγήστε	εξηγώντας
εξημερώνομαι	εξημερώνομαι	εξημερώνεσαι	εξημερώνεται	εξημερωνόμαστε	εξημερωνόσαστε1	εξημερώνονται	εξημερωνόμουν	εξημερωνόσουν	εξημερωνόταν	εξημερωνόμασταν	εξημερωνόσασταν	εξημερωνόντανε	εξημερώθηκα	εξημερώθηκες	εξημερώθηκε	εξημερωθήκαμε	εξημερωθήκατε	εξημερωθήκανε	εξημερώσου	εξημερωθείτε	-
εξημερώνω	-	-	-	-	-	-	εξημέρωνα	εξημέρωνες	εξημέρωνε	εξημερώναμε	εξημερώνατε	εξημέρωναν	εξημέρωσα	εξημέρωσες	εξημέρωσε	εξημερώσαμε	εξημερώσατε	εξημέρωσαν	εξημέρωνε	εξημερώνετε	-
εξισορροπώ	εξισορροπώ	εξισορροπείς	εξισορροπεί	εξισορροπούμε	εξισορροπείτε	εξισορροπούν	εξισορροπούσα	εξισορροπούσες	εξισορροπούσε	εξισορροπούσαμε	εξισορροπούσατε	εξισορροπούσαν	εξισορρόπησα	εξισορρόπησες	εξισορρόπησε	εξισορροπήσαμε	εξισορροπήσατε	εξισορροπήσαν	εξισορρόπησε	εξισορροπήστε	εξισορροπώντας
εξιστορώ	εξιστορώ	εξιστορείς	εξιστορεί	εξιστορούμε	εξιστορείτε	εξιστορούν	εξιστορούσα	εξιστορούσες	εξιστορούσε	εξιστορούσαμε	εξιστορούσατε	εξιστορούσαν	εξιστόρησα	εξιστόρησες	εξιστόρησε	εξιστορήσαμε	εξιστορήσατε	εξιστορήσαν	εξιστόρησε	εξιστορήστε	εξιστορώντας
εξισώνω	-	-	-	-	-	-	εξίσωνα	εξίσωνες	εξίσωνε	εξισώναμε	εξισώνατε	εξίσωναν	εξίσωσα	εξίσωσες	εξίσωσε	εξισώσαμε	εξισώσατε	εξίσωσαν	εξίσωνε	εξισώνετε	-
εξοικειώνω	-	-	-	-	-	-	εξοικείωνα	εξοικείωνες	εξοικείωνε	εξοικειώναμε	εξοικειώνατε	εξοικείωναν	εξοικείωσα	εξοικείωσες	εξοικείωσε	εξοικειώσαμε	εξοικειώσατε	εξοικείωσαν	εξοικείωνε	εξοικειώνετε	-
εξολοθρεύω	-	-	-	-	-	-	εξολόθρευα	εξολόθρευες	εξολόθρευε	εξολοθρεύαμε	εξολοθρεύατε	εξολοθρεύαν	εξολόθρευσα	εξολόθρευσες	εξολόθρευσε	εξολοθρεύσαμε	εξολοθρεύσατε	εξολοθρεύσαν	εξολόθρευε	εξολοθρεύετε	-
εξομοιώνω	-	-	-	-	-	-	εξομοίωνα	εξομοίωνες	εξομοίωνε	εξομοιώναμε	εξομοιώνατε	εξομοίωναν	εξομοίωσα	εξομοίωσες	εξομοίωσε	εξομοιώσαμε	εξομοιώσατε	εξομοίωσαν	εξομοίωνε	εξομοιώνετε	-
εξοπλίζομαι	εξοπλίζομαι	εξοπλίζεσαι	εξοπλίζεται	εξοπλιζόμαστε	εξοπλίζεστε	εξοπλίζονται	εξοπλιζόμουν	εξοπλιζόσουν	εξοπλιζόταν	εξοπλιζόμασταν	εξοπλιζόσασταν	εξοπλίζονταν	εξοπλίστηκα	εξοπλίστηκες	εξοπλίστηκε	εξοπλιστήκαμε	εξοπλιστήκατε	εξοπλίστηκαν	εξοπλίσου	εξοπλιστείτε	-
εξοπλίζω	-	-	-	-	-	-	εξόπλιζα	εξόπλιζες	εξόπλιζε	εξοπλίζαμε	εξοπλίζατε	εξοπλίζαν	εξόπλισα	εξόπλισες	εξόπλισε	εξοπλίσαμε	εξοπλίσατε	εξοπλίσαν	εξόπλιζε	εξοπλίζετε	-
εξορίζω	-	-	-	-	-	-	εξόριζα	εξόριζες	εξόριζε	εξορίζαμε	εξορίζατε	εξορίζαν	εξόρισα	εξόρισες	εξόρισε	εξορίσαμε	εξορίσατε	εξορίσαν	εξόριζε	εξορίζετε	-
εξουδετερώνω	-	-	-	-	-	-	εξουδετέρωνα	εξουδετέρωνες	εξουδετέρωνε	εξουδετερώναμε	εξουδετερώνατε	εξουδετέρωναν	εξουδετέρωσαα	εξουδετέρωσαες	εξουδετέρωσαε	εξουδετερώσαμε	εξουδετερώσατε	εξουδετέρωσααν	εξουδετέρωνε	εξουδετερώνετε	-
εξουθενώνω	-	-	-	-	-	-	εξουθένωνα	εξουθένωνες	εξουθένωνε	εξουθενώναμε	εξουθενώνατε	εξουθένωναν	εξουθένωσα	εξουθένωσες	εξουθένωσε	εξουθενώσαμε	εξουθενώσατε	εξουθένωσαν	εξουθένωνε	εξουθενώνετε	-
εξουσιάζω	-	-	-	-	-	-	εξουσίαζα	εξουσίαζες	εξουσίαζε	εξουσιάζαμε	εξουσιάζατε	εξουσίαζαν	εξουσίασα	εξουσίασες	εξουσίασε	εξουσιάσαμε	εξουσιάσατε	εξουσίασαν	εξουσίαζε	εξουσιάζετε	-
εξουσιοδοτώ	εξουσιοδοτώ	εξουσιοδοτείς	εξουσιοδοτεί	εξουσιοδοτούμε	εξουσιοδοτείτε	εξουσιοδοτούν	εξουσιοδοτούσα	εξουσιοδοτούσες	εξουσιοδοτούσε	εξουσιοδοτούσαμε	εξουσιοδοτούσατε	εξουσιοδοτούσαν	εξουσιοδότησα	εξουσιοδότησες	εξουσιοδότησε	εξουσιοδοτήσαμε	εξουσιοδοτήσατε	εξουσιοδοτήσαν	εξουσιοδότησε	εξουσιοδοτήστε	εξουσιοδοτώντας
εξοφλώ	εξοφλώ	εξοφλείς	εξοφλεί	εξοφλούμε	εξοφλείτε	εξοφλούν	εξοφλούσα	εξοφλούσες	εξοφλούσε	εξοφλούσαμε	εξοφλούσατε	εξοφλούσαν	εξόφλησα	εξόφλησες	εξόφλησε	εξοφλήσαμε	εξοφλήσατε	εξοφλήσαν	εξόφλησε	εξοφλήστε	εξοφλώντας
εξυπηρετώ	εξυπηρετώ	εξυπηρετείς	εξυπηρετεί	εξυπηρετούμε	εξυπηρετείτε	εξυπηρετούν	εξυπηρετούσα	εξυπηρετούσες	εξυπηρετούσε	εξυπηρετούσαμε	εξυπηρετούσατε	εξυπηρετούσαν	εξυπηρέτησα	εξυπηρέτησες	εξυπηρέτησε	εξυπηρετήσαμε	εξυπηρετήσατε	εξυπηρέτησαν	εξυπηρέτησε	εξυπηρετήστε	εξυπηρετώντας
εξυψώνω	-	-	-	-	-	-	εξύψωνα	εξύψωνες	εξύψωνε	εξυψώναμε	εξυψώνατε	εξυψώναν	εξύψωσα	εξύψωσες	εξύψωσε	εξυψώσαμε	εξυψώσατε	εξυψώσαν	εξύψωνε	εξυψώνετε	-
εορτάζω	-	-	-	-	-	-	εόρταζα	εόρταζες	εόρταζε	εορτάζαμε	εορτάζατε	εορτάζαν	εόρτασα	εόρτασες	εόρτασε	εορτάσαμε	εορτάσατε	εορτάσαν	εόρταζε	εορτάζετε	εορτάζον
επαινώ	επαινώ	επαινείς	επαινεί	επαινούμε	επαινείτε	επαινούν	επαινούσα	επαινούσες	επαινούσε	επαινούσαμε	επαινούσατε	επαινούσαν	επαίνεσα	επαίνεσες	επαίνεσε	επαινέσαμε	επαινέσατε	επαίνεσαν	επαίνεσε	επαινέστε	επαινώντας
επακολουθώ	επακολουθώ	επακολουθείς	επακολουθεί	επακολουθούμε	επακολουθείτε	επακολουθούν	επακολουθούσα	επακολουθούσες	επακολουθούσε	επακολουθούσαμε	επακολουθούσατε	επακολουθούσαν	επακολούθησα	επακολούθησες	επακολούθησε	επακολουθήσαμε	επακολουθήσατε	επακολουθήσαν	επακολούθησε	επακολουθήστε	επακολουθώντας
επαλείφω	-	-	-	-	-	επαλείφουν[ε]	επάλειφα	επάλειφες	επάλειφε	επαλείφαμε	επαλείφατε	επάλειφαν	επάλειψα	επάλειψες	επάλειψε	επαλείψαμε	επαλείψατε	επάλειψαν	επάλειφε	επαλείφετε	-
επαμφοτερίζω	-	-	-	-	-	-	επαμφοτέριζα	επαμφοτέριζες	επαμφοτέριζε	επαμφοτερίζαμε	επαμφοτερίζατε	επαμφοτέριζαν	-	-	-	-	-	-	επαμφοτέριζε	επαμφοτερίζετε	-
επανακάμπτω	-	-	-	-	-	-	επανέκαμπτα	επανέκαμπτες	επανέκαμπτε	επανακάμπταμε	επανακάμπτατε	επανέκαμπταν	επανέκαμψα	επανέκαμψες	επανέκαμψε	επανακάμψαμε	επανακάμψατε	επανέκαμψαν	επανάκαμψε	επανακάμπτετε	-
επαναλαμβάνω	-	-	-	-	-	-	επαναλάμβανα	επαναλάμβανες	επαναλάμβανε	επαναλαμβάναμε	επαναλαμβάνατε	επαναλάμβαναν	επανέλαβα	επανέλαβες	επανέλαβε	επαναλάβαμε	επαναλάβατε	επανέλαβαν	επανάλαβε	επαναλάβετε	-
επαναπροσδιορίζω	-	-	-	-	-	-	επαναπροσδιόριζα	επαναπροσδιόριζες	επαναπροσδιόριζε	επαναπροσδιορίζαμε	επαναπροσδιορίζατε	επαναπροσδιορίζαν	επαναπροσδιόρισα	επαναπροσδιόρισες	επαναπροσδιόρισε	επαναπροσδιορίσαμε	επαναπροσδιορίσατε	επαναπροσδιορίσαν	επαναπροσδιόριζε	επαναπροσδιορίζετε	-
επαναπροωθώ	επαναπροωθωώ	επαναπροωθωείς	επαναπροωθωεί	επαναπροωθωούμε	επαναπροωθωείτε	επαναπροωθωούν	επαναπροωθωούσα	επαναπροωθωούσες	επαναπροωθωούσε	επαναπροωθωούσαμε	επαναπροωθωούσατε	επαναπροωθωούσαν	επαναπροώθησα	επαναπροώθησες	επαναπροώθησε	επαναπροωθωήσαμε	επαναπροωθωήσατε	επαναπροωθωήσαν	επαναπροώθησε	επαναπροωθωήστε	επαναπροωθωώντας
επαναστατώ	επαναστατώ	επαναστατείς	επαναστατεί	επαναστατούμε	επαναστατείτε	επαναστατούν	επαναστατούσα	επαναστατούσες	επαναστατούσε	επαναστατούσαμε	επαναστατούσατε	επαναστατούσαν	επαναστάτησα	επαναστάτησες	επαναστάτησε	επαναστατήσαμε	επαναστατήσατε	επαναστάτησαν	επαναστάτησε	επαναστατήστε	επαναστατώντας
επαναφέρω	-	-	-	-	-	-	επανάφερα	επανάφερες	επανάφερε	επαναφέραμε	επαναφέρατε	επανάφεραν	επανάφερα	επανάφερες	επανάφερε	επαναφέραμε	επαναφέρατε	επανάφεραν	επανάφερε	επαναφέρετε	-
επανδρώνω	-	-	-	-	-	-	επάνδρωνα	επάνδρωνες	επάνδρωνε	επανδρώναμε	επανδρώνατε	επάνδρωναν	επάνδρωσα	επάνδρωσες	επάνδρωσε	επανδρώσαμε	επανδρώσατε	επάνδρωσαν	επάνδρωνε	επανδρώνετε	-
επανιδρύω	-	-	-	-	-	-	επανίδρυα	επανίδρυες	επανίδρυε	επανιδρύαμε	επανιδρύατε	επανίδρυαν	επανίδρυσα	επανίδρυσες	επανίδρυσε	επανιδρύσαμε	επανιδρύσατε	επανίδρυσαν	επανίδρυε	επανιδρύετε	-
επεμβαίνω	-	-	-	-	-	-	επενέβαινα	επενέβαινες	επενέβαινε	επεμβαίναμε	επεμβαίνατε	επεμβαίναν	επέμβηκα	επέμβηκες	επέμβηκε	επεμβήκαμε	επεμβήκατε	επεμβήκαν	επέμβαινε	επεμβαίνετε	-
επευφημώ	επευφημώ	επευφημείς	επευφημεί	επευφημούμε	επευφημείτε	επευφημούν	επευφημούσα	επευφημούσες	επευφημούσε	επευφημούσαμε	επευφημούσατε	επευφημούσαν	επευφήμησα	επευφήμησες	επευφήμησε	επευφημήσαμε	επευφημήσατε	επευφήμησαν	επευφήμησε	επευφημήστε	επευφημώντας
επηρεάζομαι	επηρεάζομαι	επηρεάζεσαι	επηρεάζεται	επηρεαζόμαστε	επηρεάζεστε	επηρεάζονται	επηρεαζόμουν	επηρεαζόσουν	επηρεαζόταν	επηρεαζόμασταν	επηρεαζόσασταν	επηρεάζονταν	επηρεάστηκα	επηρεάστηκες	επηρεάστηκε	επηρεαστήκαμε	επηρεαστήκατε	επηρεάστηκαν	επηρεάσου	επηρεαστείτε	-
επηρεάζω	-	-	-	-	-	-	επηρέαζα	επηρέαζες	επηρέαζε	επηρεάζαμε	επηρεάζατε	επηρέαζαν	επηρέασα	επηρέασες	επηρέασε	επηρεάσαμε	επηρεάσατε	επηρέασαν	επηρέαζε	επηρεάζετε	-
επιβάλλομαι	επιβάλλομαι	επιβάλλεσαι	επιβάλλεται	επιβαλλόμαστε	επιβάλλεστε	επιβάλλονται	επιβαλλόμουν	επιβαλλόσουν	επιβαλλόταν	επιβαλλόμασταν	επιβαλλόσασταν	επιβάλλονταν	επιβλήθηκα	επιβλήθηκες	επιβλήθηκε	επιβληθήκαμε	επιβληθήκατε	επιβλήθηκαν	—	επιβληθείτε	-
επιβάλλω	-	-	-	-	-	-	επέβαλλα	επέβαλλες	επέβαλλε	επιβάλλαμε	επιβάλλατε	επέβαλλαν	επέβαλα	επέβαλες	επέβαλε	επιβάλαμε	επιβάλατε	επέβαλαν	επίβαλε	επιβάλετε	-
επιβαρύνω	-	-	-	-	-	-	επιβάρυνα	επιβάρυνες	επιβάρυνε	επιβαρύναμε	επιβαρύνατε	επιβάρυναν	επιβάρυνα	επιβάρυνες	επιβάρυνε	επιβαρύναμε	επιβαρύνατε	επιβάρυναν	επιβάρυνε	επιβαρύνετε	-
επιβεβαιώνω	-	-	-	-	-	-	επιβεβαίωνα	επιβεβαίωνες	επιβεβαίωνε	επιβεβαιώναμε	επιβεβαιώνατε	επιβεβαίωναν	επιβεβαίωσα	επιβεβαίωσες	επιβεβαίωσε	επιβεβαιώσαμε	επιβεβαιώσατε	επιβεβαίωσαν	επιβεβαίωνε	επιβεβαιώνετε	-
επιβιβάζομαι	επιβιβάζομαι	επιβιβάζεσαι	επιβιβάζεται	επιβιβαζόμαστε	επιβιβάζεστε	επιβιβάζονται	επιβιβαζόμουν	επιβιβαζόσουν	επιβιβαζόταν	επιβιβαζόμασταν	επιβιβαζόσασταν	επιβιβάζονταν	επιβιβάστηκα	επιβιβάστηκες	επιβιβάστηκε	επιβιβαστήκαμε	επιβιβαστήκατε	επιβιβάστηκαν	επιβιβάσου	επιβιβαστείτε	-
επιβιβάζω	-	-	-	-	-	-	επιβίβαζα	επιβίβαζες	επιβίβαζε	επιβιβάζαμε	επιβιβάζατε	επιβίβαζαν	επιβίβασα	επιβίβασες	επιβίβασε	επιβιβάσαμε	επιβιβάσατε	επιβίβασαν	επιβίβαζε	επιβιβάζετε	-
επιβλέπω	-	-	-	-	-	-	επέβλεπα	επέβλεπες	επέβλεπε	επιβλέπαμε	επιβλέπατε	επέβλεπαν	επέβλεψα	επέβλεψες	επέβλεψε	επιβλέψαμε	επιβλέψατε	επέβλεψαν	επίβλεπε	επιβλέπετε	επιβλέπον
επιβραβεύω	-	-	-	-	-	-	επιβράβευα	επιβράβευες	επιβράβευε	επιβραβεύαμε	επιβραβεύατε	επιβράβευαν	επιβράβευσα	επιβράβευσες	επιβράβευσε	επιβραβεύσαμε	επιβραβεύσατε	επιβράβευσαν	επιβράβευε	επιβραβεύετε	-
επιβραδύνω	-	-	-	-	-	-	επιβράδυνα	επιβράδυνες	επιβράδυνε	επιβραδύναμε	επιβραδύνατε	επιβράδυναν	επιβράδυνα	επιβράδυνες	επιβράδυνε	επιβραδύναμε	επιβραδύνατε	επιβράδυναν	επιβράδυνε	επιβραδύνετε	-
επιγράφω	-	-	-	-	-	-	επέγραφα	επέγραφες	επέγραφε	επιγράφαμε	επιγράφατε	επέγραφαν	επέγραψα	επέγραψες	επέγραψε	επιγράψαμε	επιγράψατε	επέγραψαν	επίγραφε	επιγράφετε	-
επιδεινώνω	-	-	-	-	-	-	επιδείνωνα	επιδείνωνες	επιδείνωνε	επιδεινώναμε	επιδεινώνατε	επιδείνωναν	επιδείνωσα	επιδείνωσες	επιδείνωσε	επιδεινώσαμε	επιδεινώσατε	επιδείνωσαν	επιδείνωνε	επιδεινώνετε	-
επιδιορθώνω	-	-	-	-	-	-	επιδιόρθωνα	επιδιόρθωνες	επιδιόρθωνε	επιδιορθώναμε	επιδιορθώνατε	επιδιορθώναν	επιδιόρθωσα	επιδιόρθωσες	επιδιόρθωσε	επιδιορθώσαμε	επιδιορθώσατε	επιδιορθώσαν	επιδιόρθωνε	επιδιορθώνετε	-
επιδοκιμάζομαι	επιδοκιμάζομαι	επιδοκιμάζεσαι	επιδοκιμάζεται	επιδοκιμαζόμαστε	επιδοκιμάζεστε	επιδοκιμάζονται	επιδοκιμαζόμουν	επιδοκιμαζόσουν	επιδοκιμαζόταν	επιδοκιμαζόμασταν	επιδοκιμαζόσασταν	επιδοκιμάζονταν	επιδοκιμάστηκα	επιδοκιμάστηκες	επιδοκιμάστηκε	επιδοκιμαστήκαμε	επιδοκιμαστήκατε	επιδοκιμάστηκαν	επιδοκιμάσου	επιδοκιμαστείτε	-
επιδοκιμάζω	-	-	-	-	-	-	επιδοκίμαζα	επιδοκίμαζες	επιδοκίμαζε	επιδοκιμάζαμε	επιδοκιμάζατε	επιδοκίμαζαν	επιδοκίμασα	επιδοκίμασες	επιδοκίμασε	επιδοκιμάσαμε	επιδοκιμάσατε	επιδοκίμασαν	επιδοκίμαζε	επιδοκιμάζετε	-
επιδρώ	επιδρώ	επιδράς	επιδρά	επιδρούμε	επιδράτε	επιδρούν	επιδρούσα	επιδρούσες	επιδρούσε	επιδρούσαμε	επιδρούσατε	επιδρούσαν	επέδρασα	επέδρασες	επέδρασε	επιδράσαμε	επιδράσατε	επέδρασαν	επέδρασε	επιδράστε	επιδρώντας
επιζώ	επιζώ	επιζείς	επιζεί	επιζούμε	επιζείτε	επιζούν	επιζούσα	επιζούσες	επιζούσε	επιζούσαμε	επιζούσατε	επιζούσαν	επέζησα	επέζησες	επέζησε	επιζήσαμε	επιζήσατε	επέζησαν	επέζησε	επιζήστε	επιζώντας
επιθεωρώ	επιθεωρώ	επιθεωρείς	επιθεωρεί	επιθεωρούμε	επιθεωρείτε	επιθεωρούν	επιθεωρούσα	επιθεωρούσες	επιθεωρούσε	επιθεωρούσαμε	επιθεωρούσατε	επιθεωρούσαν	επιθεώρησα	επιθεώρησες	επιθεώρησε	επιθεωρήσαμε	επιθεωρήσατε	επιθεωρήσαν	επιθεώρησε	επιθεωρήστε	επιθεωρώντας
επιθυμώ	επιθυμώ	επιθυμείς	επιθυμεί	επιθυμούμε	επιθυμείτε	επιθυμούν	επιθυμούσα	επιθυμούσες	επιθυμούσε	επιθυμούσαμε	επιθυμούσατε	επιθυμούσαν	επιθύμησα	επιθύμησες	επιθύμησε	επιθυμήσαμε	επιθυμήσατε	επιθυμήσαν	επιθύμησε	επιθυμήστε	επιθυμώντας
επικαλύπτω	-	-	-	-	-	-	επικάλυπτα	επικάλυπτες	επικάλυπτε	επικαλύπταμε	επικαλύπτατε	επικάλυπταν	επικάλυψα	επικάλυψες	επικάλυψε	επικαλύψαμε	επικαλύψατε	επικάλυψαν	επικάλυπτε	επικαλύπτετε	-
επικεντρώνω	-	-	-	-	-	-	επικέντρωνα	επικέντρωνες	επικέντρωνε	επικεντρώναμε	επικεντρώνατε	επικέντρωναν	επικέντρωσα	επικέντρωσες	επικέντρωσε	επικεντρώσαμε	επικεντρώσατε	επικέντρωσαν	επικέντρωνε	επικεντρώνετε	-
επικοινωνώ	επικοινωνώ	επικοινωνείς	επικοινωνεί	επικοινωνούμε	επικοινωνείτε	επικοινωνούν	επικοινωνούσα	επικοινωνούσες	επικοινωνούσε	επικοινωνούσαμε	επικοινωνούσατε	επικοινωνούσαν	επικοινώνησα	επικοινώνησες	επικοινώνησε	επικοινωνήσαμε	επικοινωνήσατε	επικοινωνήσαν	επικοινώνησε	επικοινωνήστε	επικοινωνώντας
επικρατώ	επικρατώ	επικρατείς	επικρατεί	επικρατούμε	επικρατείτε	επικρατούν	επικρατούσα	επικρατούσες	επικρατούσε	επικρατούσαμε	επικρατούσατε	επικρατούσαν	επικράτησα	επικράτησες	επικράτησε	επικρατήσαμε	επικρατήσατε	επικράτησαν	επικράτησε	επικρατήστε	επικρατώντας
επικυρώνω	-	-	-	-	-	-	επικύρωνα	επικύρωνες	επικύρωνε	επικυρώναμε	επικυρώνατε	επικυρώναν	επικύρωσα	επικύρωσες	επικύρωσε	επικυρώσαμε	επικυρώσατε	επικυρώσαν	επικύρωνε	επικυρώνετε	-
επιλέγω	-	-	-	-	-	-	επέλεγα	επέλεγες	επέλεγε	επιλέγαμε	επιλέγατε	επέλεγαν	επέλεξα	επέλεξες	επέλεξε	επιλέξαμε	επιλέξατε	επέλεξαν	επίλεξε	επιλέγετε	-
επιμένω	-	-	-	-	-	-	επέμενα	επέμενες	επέμενε	επιμέναμε	επιμένατε	επέμεναν	επέμεινα	επέμεινες	επέμεινε	επιμείναμε	επιμείνατε	επέμειναν	επίμεινε	επιμένετε	-
επινοώ	επινοώ	επινοείς	επινοεί	επινοούμε	επινοείτε	επινοούν	επινοούσα	επινοούσες	επινοούσε	επινοούσαμε	επινοούσατε	επινοούσαν	επινόησα	επινόησες	επινόησε	επινοήσαμε	επινοήσατε	επινοήσαν	επινόησε	επινοήστε	επινοώντας
επιπλέω	-	-	-	-	-	-	επέπλεα	επέπλεες	επέπλεε	επιπλέαμε	επιπλέατε	επέπλεαν	επέπλευσα	επέπλευσες	επέπλευσε	επιπλεύσαμε	επιπλεύσατε	επέπλευσαν	επίπλεε	επιπλέετε	-
επισείω	-	-	-	-	-	-	επέσεια	επέσειες	επέσειε	επισείαμε	επισείατε	επέσειαν	επέσεισα	επέσεισες	επέσεισε	επισείσαμε	επισείσατε	επέσεισαν	επίσειε	επισείετε	-
επισημαίνω	-	-	-	-	-	-	επισήμαινα	επισήμαινες	επισήμαινε	επισημαίναμε	επισημαίνατε	επισήμαιναν	επισήμανα	επισήμανες	επισήμανε	επισημάναμε	επισημάνατε	επισήμαναν	επισήμαινε	επισημάνετε	-
επιστρέφω	-	-	-	-	-	-	επέστρεφα	επέστρεφες	επέστρεφε	επιστρέφαμε	επιστρέφατε	επέστρεφαν	επέστρεψα	επέστρεψες	επέστρεψε	επιστρέψαμε	επιστρέψατε	επέστρεψαν	επίστρεφε	επιστρέφετε	-
επισυνάπτω	-	-	-	επισυνάπτομε	-	επισυνάπτουν[ε]	επισυνήπτα	επισυνήπτες	επισυνήπτε	επισυνάπταμε	επισυνάπτατε	(επισυνάπταν[ε])	επισυνήψα	επισυνήψες	επισυνήψε	επισυνάψαμε	επισυνάψατε	(επισυνάψαν[ε])	επισύναπτε	επισυνάπτετε	-
επιταχύνω	-	-	-	-	-	-	επιτάχυνα	επιτάχυνες	επιτάχυνε	επιταχύναμε	επιταχύνατε	επιτάχυναν	επιτάχυνα	επιτάχυνες	επιτάχυνε	επιταχύναμε	επιταχύνατε	επιτάχυναν	επιτάχυνε	επιταχύνετε	-
επιτρέπω	-	-	-	-	-	-	επέτρεπα	επέτρεπες	επέτρεπε	επιτρέπαμε	επιτρέπατε	επέτρεπαν	επέτρεψα	επέτρεψες	επέτρεψε	επιτρέψαμε	επιτρέψατε	επέτρεψαν	επίτρεπε	επιτρέπετε	-
επιτυγχάνω	-	-	-	-	-	-	επιτύγχανα	επιτύγχανες	επιτύγχανε	επιτυγχάναμε	επιτυγχάνατε	επιτυγχάναν	επέτυχα	επέτυχες	επέτυχε	επιτύχαμε	επιτύχατε	επέτυχαν	επιτύγχανε	επιτυγχάνετε	-
επιχαίρω	-	-	-	-	-	-	επέχαιρα	επέχαιρες	επέχαιρε	επιχαίραμε	επιχαίρατε	επέχαιραν	-	-	-	-	-	-	-	επιχαίρετε	-
επιχειρούμαι	επιχειρούμαι	επιχειρείσαι	επιχειρείται	επιχειρούμαστε	επιχειρείστε	επιχειρούνται	επιχειριόμουν	επιχειριόσουν	επιχειριόταν	επιχειριόμασταν	επιχειριόσασταν	επιχειριούνταν	επιχειρήθηκα	επιχειρήθηκες	επιχειρήθηκε	επιχειρηθήκαμε	επιχειρηθήκατε	επιχειρήθηκαν	επιχειρήσου	επιχειρείστε	—
επιχειρώ	επιχειρώ	επιχειρείς	επιχειρεί	επιχειρούμε	επιχειρείτε	επιχειρούν	επιχειρούσα	επιχειρούσες	επιχειρούσε	επιχειρούσαμε	επιχειρούσατε	επιχειρούσαν	επεχείρησα	επεχείρησες	επεχείρησε	επιχειρήσαμε	επιχειρήσατε	επεχείρησαν	επιχείρησε	επιχειρήστε	επιχειρώντας
επιχορηγώ	επιχορηγώ	επιχορηγείς	επιχορηγεί	επιχορηγούμε	επιχορηγείτε	επιχορηγούν	επιχορηγούσα	επιχορηγούσες	επιχορηγούσε	επιχορηγούσαμε	επιχορηγούσατε	επιχορηγούσαν	επιχορήγησα	επιχορήγησες	επιχορήγησε	επιχορηγήσαμε	επιχορηγήσατε	επιχορήγησαν	επιχορήγησε	επιχορηγήστε	επιχορηγώντας
επουλώνω	-	-	-	-	-	-	επούλωνα	επούλωνες	επούλωνε	επουλώναμε	επουλώνατε	επουλώναν	επούλωσα	επούλωσες	επούλωσε	επουλώσαμε	επουλώσατε	επουλώσαν	επούλωνε	επουλώνετε	-
εργάζομαι	εργάζομαι	εργάζεσαι	εργάζεται	εργαζόμαστε	εργάζεστε	εργάζονται	εργαζόμουν	εργαζόσουν	εργαζόταν	εργαζόμασταν	εργαζόσασταν	εργάζονταν	εργάστηκα	εργάστηκες	εργάστηκε	εργαστήκαμε	εργαστήκατε	εργάστηκαν	εργάσου	εργαστείτε	-
ερεθίζω	-	-	-	-	-	-	ερέθιζα	ερέθιζες	ερέθιζε	ερεθίζαμε	ερεθίζατε	ερέθιζαν	ερέθισα	ερέθισες	ερέθισε	ερεθίσαμε	ερεθίσατε	ερέθισαν	ερέθιζε	ερεθίζετε	-
ερευνάω	-	ερευνάς	ερευνά	ερευνάμε	ερευνάτε	ερευνάν	ερευνούσα	ερευνούσες	ερευνούσε	ερευνούσαμε	ερευνούσατε	ερευνούσαν	ερεύνησα	ερεύνησες	ερεύνησε	ερευνήσαμε	ερευνήσατε	ερευνήσαν	ερεύνα	ερευνάτε	ερευνώντας
ερημώνω	-	-	-	-	-	-	ερήμωνα	ερήμωνες	ερήμωνε	ερημώναμε	ερημώνατε	ερήμωναν	ερήμωσα	ερήμωσες	ερήμωσε	ερημώσαμε	ερημώσατε	ερήμωσαν	ερήμωνε	ερημώνετε	-
ερμηνεύω	-	-	-	-	-	-	ερμήνευα	ερμήνευες	ερμήνευε	ερμηνεύαμε	ερμηνεύατε	ερμήνευαν	ερμήνευσα	ερμήνευσες	ερμήνευσε	ερμηνεύσαμε	ερμηνεύσατε	ερμήνευσαν	ερμήνευε	ερμηνεύετε	-
ερωτώ	ερωτώ	ερωτάς	ερωτά	ερωτούμε	ερωτάτε	ερωτούν	ερωτούσα	ερωτούσες	ερωτούσε	ερωτούσαμε	ερωτούσατε	ερωτούσαν	ερώτησα	ερώτησες	ερώτησε	ερωτήσαμε	ερωτήσατε	ερωτήσαν	ερώτησε	ερωτάτε	ερωτώντας
εστιάζω	-	-	-	-	-	-	εστίαζα	εστίαζες	εστίαζε	εστιάζαμε	εστιάζατε	εστίαζαν	εστίασα	εστίασες	εστίασε	εστιάσαμε	εστιάσατε	εστίασαν	εστίαζε	εστιάζετε	-
εσωκλείω	-	-	-	-	-	-	εσώκλεια	εσώκλειες	εσώκλειε	εσωκλείαμε	εσωκλείατε	εσωκλείαν	εσώκλεισα	εσώκλεισες	εσώκλεισε	εσωκλείσαμε	εσωκλείσατε	εσωκλείσαν	εσώκλειε	εσωκλείετε	-
ετοιμάζομαι	ετοιμάζομαι	ετοιμάζεσαι	ετοιμάζεται	ετοιμαζόμαστε	ετοιμάζεστε	ετοιμάζονται	ετοιμαζόμουν	ετοιμαζόσουν	ετοιμαζόταν	ετοιμαζόμασταν	ετοιμαζόσασταν	ετοιμάζονταν	ετοιμάστηκα	ετοιμάστηκες	ετοιμάστηκε	ετοιμαστήκαμε	ετοιμαστήκατε	ετοιμάστηκαν	ετοιμάσου	ετοιμαστείτε	-
ετοιμάζω	-	-	-	-	-	-	ετοίμαζα	ετοίμαζες	ετοίμαζε	ετοιμάζαμε	ετοιμάζατε	ετοίμαζαν	ετοίμασα	ετοίμασες	ετοίμασε	ετοιμάσαμε	ετοιμάσατε	ετοίμασαν	ετοίμαζε	ετοιμάζετε	-
ευεργετώ	ευεργετώ	ευεργετείς	ευεργετεί	ευεργετούμε	ευεργετείτε	ευεργετούν	ευεργετούσα	ευεργετούσες	ευεργετούσε	ευεργετούσαμε	ευεργετούσατε	ευεργετούσαν	ευεργέτησα	ευεργέτησες	ευεργέτησε	ευεργετήσαμε	ευεργετήσατε	ευεργέτησαν	ευεργέτησε	ευεργετήστε	ευεργετώντας
ευημερώ	ευημερώ	ευημερείς	ευημερεί	ευημερούμε	ευημερείτε	ευημερούν	ευημερούσα	ευημερούσες	ευημερούσε	ευημερούσαμε	ευημερούσατε	ευημερούσαν	-	-	-	-	-	-	-	ευημερείτε	-
ευθυγραμμίζω	-	-	-	-	-	-	ευθυγράμμιζα	ευθυγράμμιζες	ευθυγράμμιζε	ευθυγραμμίζαμε	ευθυγραμμίζατε	ευθυγράμμιζαν	ευθυγράμμισα	ευθυγράμμισες	ευθυγράμμισε	ευθυγραμμίσαμε	ευθυγραμμίσατε	ευθυγράμμισαν	ευθυγράμμιζε	ευθυγραμμίζετε	-
ευστοχώ	ευστοχώ	ευστοχείς	ευστοχεί	ευστοχούμε	ευστοχείτε	ευστοχούν	ευστοχούσα	ευστοχούσες	ευστοχούσε	ευστοχούσαμε	ευστοχούσατε	ευστοχούσαν	ευστόχησα	ευστόχησες	ευστόχησε	ευστοχήσαμε	ευστοχήσατε	ευστοχήσαν	ευστόχησε	ευστοχήστε	ευστοχώντας
ευχαριστώ	ευχαριστώ	ευχαριστείς	ευχαριστεί	ευχαριστούμε	ευχαριστείτε	ευχαριστούν	ευχαριστούσα	ευχαριστούσες	ευχαριστούσε	ευχαριστούσαμε	ευχαριστούσατε	ευχαριστούσαν	ευχαρίστησα	ευχαρίστησες	ευχαρίστησε	ευχαριστήσαμε	ευχαριστήσατε	ευχαρίστησαν	ευχαρίστησε	ευχαριστήστε	ευχαριστώντας
εφαρμόζω	-	-	-	-	-	-	εφάρμοζα	εφάρμοζες	εφάρμοζε	εφαρμόζαμε	εφαρμόζατε	εφάρμοζαν	εφάρμοσα	εφάρμοσες	εφάρμοσε	εφαρμόσαμε	εφαρμόσατε	εφάρμοσαν	εφάρμοζε	εφαρμόζετε	-
εφευρίσκω	-	-	-	-	-	-	εφεύρισκα	εφεύρισκες	εφεύρισκε	εφευρίσκαμε	εφευρίσκατε	εφευρίσκαν	εφεύρα	εφεύρες	εφεύρε	εφεύραμε	εφεύρατε	εφεύραν	εφεύρε	εφευρίσκετε	-
εφοδιάζω	-	-	-	-	-	-	εφοδίαζα	εφοδίαζες	εφοδίαζε	εφοδιάζαμε	εφοδιάζατε	εφοδίαζαν	εφοδίασα	εφοδίασες	εφοδίασε	εφοδιάσαμε	εφοδιάσατε	εφοδίασαν	εφοδίαζε	εφοδιάζετε	-
ζαλίζομαι	ζαλίζομαι	ζαλίζεσαι	ζαλίζεται	ζαλιζόμαστε	ζαλίζεστε	ζαλίζονται	ζαλιζόμουν	ζαλιζόσουν	ζαλιζόταν	ζαλιζόμασταν	ζαλιζόσασταν	ζαλίζονταν	ζαλίστηκα	ζαλίστηκες	ζαλίστηκε	ζαλιστήκαμε	ζαλιστήκατε	ζαλίστηκαν	ζαλίσου	ζαλιστείτε	-
ζαλίζω	-	-	-	-	-	-	ζάλιζα	ζάλιζες	ζάλιζε	ζαλίζαμε	ζαλίζατε	ζάλιζαν	ζάλισα	ζάλισες	ζάλισε	ζαλίσαμε	ζαλίσατε	ζάλισαν	ζάλιζε	ζαλίζετε	-
ζαχαρώνομαι	ζαχαρώνομαι	ζαχαρώνεσαι	ζαχαρώνεται	ζαχαρωνόμαστε	ζαχαρωνόσαστε1	ζαχαρώνονται	ζαχαρωνόμουν	ζαχαρωνόσουν	ζαχαρωνόταν	ζαχαρωνόμασταν	ζαχαρωνόσασταν	ζαχαρωνόντανε	ζαχαρώθηκα	ζαχαρώθηκες	ζαχαρώθηκε	ζαχαρωθήκαμε	ζαχαρωθήκατε	ζαχαρωθήκανε	ζαχαρώσου	ζαχαρωθείτε	-
ζαχαρώνω	-	-	-	-	-	-	ζαχάρωνα	ζαχάρωνες	ζαχάρωνε	ζαχαρώναμε	ζαχαρώνατε	ζαχάρωναν	ζαχάρωσα	ζαχάρωσες	ζαχάρωσε	ζαχαρώσααμε	ζαχαρώσαατε	ζαχάρωσαν	ζαχάρωνε	ζαχαρώνετε	-
ζεσταίνομαι	ζεσταίνομαι	ζεσταίνεσαι	ζεσταίνεται	ζεσταινόμαστε	ζεσταίνεστε	ζεσταίνονται	ζεσταινόμουν	ζεσταινόσουν	ζεσταινόταν	ζεσταινόμασταν	ζεσταινόσασταν	ζεσταίνονταν	ζεστάθηκα	ζεστάθηκες	ζεστάθηκε	ζεσταθήκαμε	ζεσταθήκατε	ζεστάθηκαν	—	ζεσταθείτε	-
ζεσταίνω	-	-	-	-	-	-	ζέσταινα	ζέσταινες	ζέσταινε	ζεσταίναμε	ζεσταίνατε	ζέσταιναν	ζέστανα	ζέστανες	ζέστανε	ζεστάναμε	ζεστάνατε	ζέσταναν	ζέσταινε	ζεσταίνετε	-
ζηλεύω	-	-	-	-	-	-	ζήλευα	ζήλευες	ζήλευε	ζηλεύαμε	ζηλεύατε	ζήλευαν	ζήλεψα	ζήλεψες	ζήλεψε	ζηλέψαμε	ζηλέψατε	ζήλεψαν	ζήλευε	ζηλέψτε	-
ζημιώνω	-	-	-	-	-	-	ζημίωνα	ζημίωνες	ζημίωνε	ζημιώναμε	ζημιώνατε	ζημίωναν	ζημίωσα	ζημίωσες	ζημίωσε	ζημιώσαμε	ζημιώσατε	ζημίωσαν	ζημίωνε	ζημιώνετε	-
ζητάω	-	ζητάς	-	ζητάμε	ζητάτε	ζητάν	ζήταγα	ζήταγες	ζήταγε	ζητάγαμε	ζητάγατε	ζήταγαν	ζήτησα	ζήτησες	ζήτησε	ζητήσαμε	ζητήσατε	ζήτησαν	ζήτα	ζητήστε	ζητώντας
ζητιανεύω	-	-	-	-	-	-	ζητιάνευα	ζητιάνευες	ζητιάνευε	ζητιανεύαμε	ζητιανεύατε	ζητιάνευαν	ζητιάνεψα	ζητιάνεψες	ζητιάνεψε	ζητιανέψαμε	ζητιανέψατε	ζητιάνεψαν	ζητιάνευε	ζητιανέψτε	-
ζητωκραυγάζω	-	-	-	-	-	-	ζητωκραύγαζα	ζητωκραύγαζες	ζητωκραύγαζε	ζητωκραυγάζαμε	ζητωκραυγάζατε	ζητωκραυγάζαν	ζητωκραύγασα	ζητωκραύγασες	ζητωκραύγασε	ζητωκραυγάσαμε	ζητωκραυγάσατε	ζητωκραυγάσαν	ζητωκραύγαζε	ζητωκραυγάζετε	-
ζητώ	ζητάω	ζητάς	ζητά	ζητάμε	ζητάτε	ζητάν	ζήταγα	ζήταγες	ζήταγε	ζητάγαμε	ζητάγατε	ζήταγαν	ζήτησα	ζήτησες	ζήτησε	ζητήσαμε	ζητήσατε	ζήτησαν	ζήτα	ζητάτε	ζητώντας
ζυγίζομαι	ζυγίζομαι	ζυγίζεσαι	ζυγίζεται	ζυγιζόμαστε	ζυγίζεστε	ζυγίζονται	ζυγιζόμουν	ζυγιζόσουν	ζυγιζόταν	ζυγιζόμασταν	ζυγιζόσασταν	ζυγίζονταν	ζυγίστηκα	ζυγίστηκες	ζυγίστηκε	ζυγιστήκαμε	ζυγιστήκατε	ζυγίστηκαν	ζυγίσου	ζυγιστείτε	-
ζυγίζω	-	-	-	-	-	-	ζύγιζα	ζύγιζες	ζύγιζε	ζυγίζαμε	ζυγίζατε	ζυγίζαν	ζύγισα	ζύγισες	ζύγισε	ζυγίσαμε	ζυγίσατε	ζυγίσαν	ζύγιζε	ζυγίζετε	-
ζυγιάζω	-	-	-	-	-	-	ζύγιαζα	ζύγιαζες	ζύγιαζε	ζυγιάζαμε	ζυγιάζατε	ζυγιάζαν	ζύγιασα	ζύγιασες	ζύγιασε	ζυγιάσαμε	ζυγιάσατε	ζυγιάσαν	ζύγιαζε	ζυγιάζετε	-
ζω	-	-	-	ζούμε	ζείτε	ζούνε	ζούσα	ζούσες	ζούσε	ζούσαμε	ζούσατε	ζούσαν	έζησα	έζησες	έζησε	ζήσαμε	ζήσατε	ζήσαν	ζήσε	ζήστε	ζώντας
ζωγραφίζω	-	-	-	-	-	-	ζωγράφιζα	ζωγράφιζες	ζωγράφιζε	ζωγραφίζαμε	ζωγραφίζατε	ζωγράφιζαν	ζωγράφισα	ζωγράφισες	ζωγράφισε	ζωγραφίσαμε	ζωγραφίσατε	ζωγράφισαν	ζωγράφιζε	ζωγραφίζετε	-
ζωντανεύω	-	-	-	-	-	-	ζωντάνευα	ζωντάνευες	ζωντάνευε	ζωντανεύαμε	ζωντανεύατε	ζωντάνευαν	ζωντάνεψα	ζωντάνεψες	ζωντάνεψε	ζωντανέψαμε	ζωντανέψατε	ζωντάνεψαν	ζωντάνευε	ζωντανέψτε	-
ζώνω	-	-	-	-	-	-	έζωνα	έζωνες	έζωνε	ζώναμε	ζώνατε	έζωναν	έζωσα	έζωσες	έζωσε	ζώσαμε	ζώσατε	έζωσαν	ζώνε	ζώνετε	-
ηλεκτροδοτώ	ηλεκτροδοτώ	ηλεκτροδοτείς	ηλεκτροδοτεί	ηλεκτροδοτούμε	ηλεκτροδοτείτε	ηλεκτροδοτούν	ηλεκτροδοτούσα	ηλεκτροδοτούσες	ηλεκτροδοτούσε	ηλεκτροδοτούσαμε	ηλεκτροδοτούσατε	ηλεκτροδοτούσαν	ηλεκτροδότησα	ηλεκτροδότησες	ηλεκτροδότησε	ηλεκτροδοτήσαμε	ηλεκτροδοτήσατε	ηλεκτροδοτήσαν	ηλεκτροδότησε	ηλεκτροδοτήστε	ηλεκτροδοτώντας
ηλιάζω	-	-	-	-	-	-	έλιαζα	έλιαζες	έλιαζε	ηλιάζαμε	ηλιάζατε	έλιαζαν	έλιασα	έλιασες	έλιασε	ηλιάσαμε	ηλιάσατε	έλιασαν	ηλιάζε	ηλιάζετε	-
ημερεύω	-	-	-	-	-	-	ημέρευα	ημέρευες	ημέρευε	ημερεύαμε	ημερεύατε	ημέρευαν	ημέρεψα	ημέρεψες	ημέρεψε	ημερέψαμε	ημερέψατε	ημέρεψαν	ημέρευε	ημερέψτε	-
ηρεμώ	ηρεμώ	ηρεμείς	ηρεμεί	ηρεμούμε	ηρεμείτε	ηρεμούν	ηρεμούσα	ηρεμούσες	ηρεμούσε	ηρεμούσαμε	ηρεμούσατε	ηρεμούσαν	ηρέμησα	ηρέμησες	ηρέμησε	ηρεμήσαμε	ηρεμήσατε	ηρέμησαν	ηρέμησε	ηρεμήστε	ηρεμώντας
ησυχάζω	-	-	-	-	-	-	ησύχαζα	ησύχαζες	ησύχαζε	ησυχάζαμε	ησυχάζατε	ησυχάζαν	ησύχασα	ησύχασες	ησύχασε	ησυχάσαμε	ησυχάσατε	ησυχάσαν	ησύχαζε	ησυχάζετε	-
ηχώ	ηχώ	ηχείς	ηχεί	ηχούμε	ηχείτε	ηχούν	ηχούσα	ηχούσες	ηχούσε	ηχούσαμε	ηχούσατε	ηχούσαν	ήχησα	ήχησες	ήχησε	ηχήσαμε	ηχήσατε	ήχησαν	ήχησε	ηχήστε	ηχώντας
θάβω	-	-	-	-	-	-	έθαβα	έθαβες	έθαβε	θάβαμε	θάβατε	έθαβαν	έθαψα	έθαψες	έθαψε	θάψαμε	θάψατε	έθαψαν	θάβε	θάβετε	-
θάλλω	-	-	-	-	-	-	έθαλλα	έθαλλες	έθαλλε	θάλλαμε	θάλλατε	έθαλλαν	έθαλα	έθαλες	έθαλε	θάλαμε	θάλατε	έθαλαν	-	θάλετε	-
θάλπω	-	-	-	-	-	-	έθαλπα	έθαλπες	έθαλπε	θάλπαμε	θάλπατε	έθαλπα	έθαλψα	έθαλψες	έθαλψε	θάλψαμε	θάλψατε	έθαλψαν	θάλπε	θάλπετε	-
θέλω	-	-	-	-	-	-	ήθελα	ήθελες	ήθελε	θέλαμε	θέλατε	ήθελαν	θέλησα	θέλησες	θέλησε	θελήσαμε	θελήσατε	θέλησαν	θέλε	θέλετε	-
θέτω	-	-	-	-	-	-	έθετα	έθετες	έθετε	θέταμε	θέτατε	έθεταν	έθεσα	έθεσες	έθεσε	θέσαμε	θέσατε	έθεσαν	θεσε	θέστε	-
θίγω	-	-	-	-	-	-	έθιγα	έθιγες	έθιγε	θίγαμε	θίγατε	έθιγαν	έθιξα	έθιξες	έθιξε	θίξαμε	θίξατε	έθιξαν	θίγε	θίγετε	-
θαυμάζω	-	-	-	-	-	-	θαύμαζα	θαύμαζες	θαύμαζε	θαυμάζαμε	θαυμάζατε	θαυμάζαν	θαύμασα	θαύμασες	θαύμασε	θαυμάσαμε	θαυμάσατε	θαυμάσαν	θαύμαζε	θαυμάζετε	-
θεοποιώ	θεοποιώ	θεοποιείς	θεοποιεί	θεοποιούμε	θεοποιείτε	θεοποιούν	θεοποιούσα	θεοποιούσες	θεοποιούσε	θεοποιούσαμε	θεοποιούσατε	θεοποιούσαν	θεοποίησα	θεοποίησες	θεοποίησε	θεοποιήσαμε	θεοποιήσατε	θεοποίησαν	θεοποίησε	θεοποιήστε	θεοποιώντας
θερίζω	-	-	-	-	-	-	θέριζα	θέριζες	θέριζε	θερίζαμε	θερίζατε	θέριζαν	θέρισα	θέρισες	θέρισε	θερίσαμε	θερίσατε	θέρισαν	θέριζε	θερίζετε	-
θεραπεύω	-	-	-	-	-	-	θεράπευα	θεράπευες	θεράπευε	θεραπεύαμε	θεραπεύατε	θεράπευαν	θεράπευσα	θεράπευσες	θεράπευσε	θεραπεύσαμε	θεραπεύσατε	θεράπευσαν	θεράπευε	θεραπεύετε	-
θερμαίνω	-	-	-	-	-	-	θέρμαινα	θέρμαινες	θέρμαινε	θερμαίναμε	θερμαίνατε	θέρμαιναν	θέρμανα	θέρμανες	θέρμανε	θερμάναμε	θερμάνατε	θέρμαναν	θέρμαινε	θερμάνετε	-
θεωρούμαι	θεωρούμαι	θεωρείσαι	θεωρείται	θεωρούμαστε	θεωρείστε	θεωρούνται	—	—	εθεωρείτο	—	—	εθεωρούντο	θεωρήθηκα	θεωρήθηκες	θεωρήθηκε	θεωρηθήκαμε	θεωρηθήκατε	θεωρήθηκαν	θεωρήσου	θεωρείστε	—
θεωρώ	θεωρώ	θεωρείς	θεωρεί	θεωρούμε	θεωρείτε	θεωρούν	θεωρούσα	θεωρούσες	θεωρούσε	θεωρούσαμε	θεωρούσατε	θεωρούσαν	θεώρησα	θεώρησες	θεώρησε	θεωρήσαμε	θεωρήσατε	θεωρήσαν	θεώρησε	θεωρήστε	θεωρώντας
θηλάζω	-	-	-	-	-	-	θήλαζα	θήλαζες	θήλαζε	θηλάζαμε	θηλάζατε	θήλαζαν	θήλασα	θήλασες	θήλασε	θηλάσαμε	θηλάσατε	θήλασαν	θήλαζε	θηλάζετε	-
θλίβω	-	-	-	-	-	-	έθλιβα	έθλιβες	έθλιβε	θλίβαμε	θλίβατε	έθλιβαν	έθλιψα	έθλιψες	έθλιψε	θλίψαμε	θλίψατε	έθλιψαν	θλίβε	θλίβετε	-
θρηνούμαι	θρηνούμαι	θρηνείσαι	θρηνείται	θρηνούμαστε	θρηνείστε	θρηνούνται	θρηνιόμουν	θρηνιόσουν	θρηνιόταν	θρηνιόμασταν	θρηνιόσασταν	θρηνιούνταν	θρηνήθηκα	θρηνήθηκες	θρηνήθηκε	θρηνηθήκαμε	θρηνηθήκατε	θρηνήθηκαν	θρηνήσου	θρηνείστε	—
θρηνώ	θρηνώ	θρηνείς	θρηνεί	θρηνούμε	θρηνείτε	θρηνούν	θρηνούσα	θρηνούσες	θρηνούσε	θρηνούσαμε	θρηνούσατε	θρηνούσαν	θρήνησα	θρήνησες	θρήνησε	θρηνήσαμε	θρηνήσατε	θρήνησαν	θρήνησε	θρηνήστε	θρηνώντας
θριαμβεύω	-	-	-	-	-	-	θριάμβευα	θριάμβευες	θριάμβευε	θριαμβεύαμε	θριαμβεύατε	θριάμβευαν	θριάμβευσα	θριάμβευσες	θριάμβευσε	θριαμβεύσαμε	θριαμβεύσατε	θριάμβευσαν	θριάμβευε	θριαμβεύετε	-
θρυμματίζω	-	-	-	-	-	-	θρυμμάτιζα	θρυμμάτιζες	θρυμμάτιζε	θρυμματίζαμε	θρυμματίζατε	θρυμμάτιζαν	θρυμμάτισα	θρυμμάτισες	θρυμμάτισε	θρυμματίσαμε	θρυμματίσατε	θρυμμάτισαν	θρυμμάτιζε	θρυμματίζετε	-
θυμίζω	-	-	-	θυμίζομε	-	-	θύμιζα	θύμιζες	θύμιζε	θυμίζαμε	θυμίζατε	θύμιζαν	θύμισα	θύμισες	θύμισε	θυμίσαμε	θυμίσατε	θυμίσαν	θύμιζε	θυμίστε	-
θυμιατίζομαι	θυμιατίζομαι	θυμιατίζεσαι	θυμιατίζεται	θυμιατιζόμαστε	θυμιατίζεστε	θυμιατίζονται	θυμιατιζόμουν	θυμιατιζόσουν	θυμιατιζόταν	θυμιατιζόμασταν	θυμιατιζόσασταν	θυμιατίζονταν	θυμιατίστηκα	θυμιατίστηκες	θυμιατίστηκε	θυμιατιστήκαμε	θυμιατιστήκατε	θυμιατίστηκαν	θυμιατίσου	θυμιατιστείτε	-
θυμιατίζω	-	-	-	-	-	-	θυμιάτιζα	θυμιάτιζες	θυμιάτιζε	θυμιατίζαμε	θυμιατίζατε	θυμιάτιζαν	θυμιάτισα	θυμιάτισες	θυμιάτισε	θυμιατίσαμε	θυμιατίσατε	θυμιάτισαν	θυμιάτιζε	θυμιατίζετε	-
θυμώνω	-	-	-	-	-	-	θύμωνα	θύμωνες	θύμωνε	θυμώναμε	θυμώνατε	θυμώναν	θύμωσα	θύμωσες	θύμωσε	θυμώσαμε	θυμώσατε	θυμώσαν	θύμωνε	θυμώνετε	-
θυσιάζω	-	-	-	-	-	-	θυσίαζα	θυσίαζες	θυσίαζε	θυσιάζαμε	θυσιάζατε	θυσίαζαν	θυσίασα	θυσίασες	θυσίασε	θυσιάσαμε	θυσιάσατε	θυσίασαν	θυσίαζε	θυσιάζετε	-
θωρώ	θωρώ	θωρείς	θωρεί	θωρούμε	θωρείτε	θωρούν	θωρούσα	θωρούσες	θωρούσε	θωρούσαμε	θωρούσατε	θωρούσαν	-	-	-	-	-	-	-	θωρείτε	-
ιατρεύω	-	-	-	-	-	-	ιάτρευα	ιάτρευες	ιάτρευε	ιατρεύαμε	ιατρεύατε	ιάτρευαν	ιάτρεψα	ιάτρεψες	ιάτρεψε	ιατρέψαμε	ιατρέψατε	ιάτρεψαν	ιάτρευε	ιατρεύετε	-
ιδρύω	-	-	-	-	-	-	ίδρυα	ίδρυες	ίδρυε	ιδρύαμε	ιδρύατε	ίδρυαν	ίδρυσα	ίδρυσες	ίδρυσε	ιδρύσαμε	ιδρύσατε	ίδρυσαν	ίδρυε	ιδρύετε	-
ιδρώνω	-	-	-	-	-	-	ίδρωνα	ίδρωνες	ίδρωνε	ιδρώναμε	ιδρώνατε	ίδρωναν	ίδρωσα	ίδρωσες	ίδρωσε	ιδρώσαμε	ιδρώσατε	ίδρωσαν	ίδρωνε	ιδρώνετε	-
ικανοποιούμαι	ικανοποιούμαι	ικανοποιείσαι	ικανοποιείται	ικανοποιούμαστε	ικανοποιείστε	ικανοποιούνται	ικανοποιιόμουν	ικανοποιιόσουν	ικανοποιιόταν	ικανοποιιόμασταν	ικανοποιιόσασταν	ικανοποιιούνταν	ικανοποιήθηκα	ικανοποιήθηκες	ικανοποιήθηκε	ικανοποιηθήκαμε	ικανοποιηθήκατε	ικανοποιήθηκαν	ικανοποιήσου	ικανοποιείστε	—
ικανοποιώ	ικανοποιώ	ικανοποιείς	ικανοποιεί	ικανοποιούμε	ικανοποιείτε	ικανοποιούν	ικανοποιούσα	ικανοποιούσες	ικανοποιούσε	ικανοποιούσαμε	ικανοποιούσατε	ικανοποιούσαν	ικανοποίησα	ικανοποίησες	ικανοποίησε	ικανοποιήσαμε	ικανοποιήσατε	ικανοποίησαν	ικανοποίησε	ικανοποιήστε	ικανοποιώντας
ικετεύω	-	-	-	-	-	-	ικέτευα	ικέτευες	ικέτευε	ικετεύαμε	ικετεύατε	ικέτευαν	ικέτευσα	ικέτευσες	ικέτευσε	ικετέψαμε	ικετέψατε	ικέτευσαν	ικέτευ'	ικετέψτε	-
ιππεύω	-	-	-	-	-	-	ίππευα	ίππευες	ίππευε	ιππεύαμε	ιππεύατε	ίππευαν	ίππευσα	ίππευσες	ίππευσε	ιππεύσαμε	ιππεύσατε	ίππευσαν	ίππευε	ιππεύετε	-
ιριδίζω	-	-	-	-	-	-	ιρίδιζα	ιρίδιζες	ιρίδιζε	ιριδίζαμε	ιριδίζατε	ιρίδιζαν	ιρίδισα	ιρίδισες	ιρίδισε	ιριδίσαμε	ιριδίσατε	ιρίδισαν	ιρίδιζε	ιριδίζετε	-
ισιώνω	-	-	-	-	-	-	ίσιωνα	ίσιωνες	ίσιωνε	ισιώναμε	ισιώνατε	ίσιωναν	ίσιωσα	ίσιωσες	ίσιωσε	ισιώσαμε	ισιώσατε	ίσιωσαν	ίσιωνε	ισιώνετε	-
ισοδυναμώ	ισοδυναμώ	ισοδυναμείς	ισοδυναμεί	ισοδυναμούμε	ισοδυναμείτε	ισοδυναμούν	ισοδυναμούσα	ισοδυναμούσες	ισοδυναμούσε	ισοδυναμούσαμε	ισοδυναμούσατε	ισοδυναμούσαν	-	-	-	-	-	-	-	ισοδυναμείτε	-
ισοπεδώνω	-	-	-	-	-	-	ισοπέδωνα	ισοπέδωνες	ισοπέδωνε	ισοπεδώναμε	ισοπεδώνατε	ισοπέδωναν	ισοπέδωσα	ισοπέδωσες	ισοπέδωσε	ισοπεδώσαμε	ισοπεδώσατε	ισοπέδωσαν	ισοπέδωνε	ισοπεδώνετε	-
ισορροπώ	ισορροπώ	ισορροπείς	ισορροπεί	ισορροπούμε	ισορροπείτε	ισορροπούν	ισορροπούσα	ισορροπούσες	ισορροπούσε	ισορροπούσαμε	ισορροπούσατε	ισορροπούσαν	ισορρόπησα	ισορρόπησες	ισορρόπησε	ισορροπήσαμε	ισορροπήσατε	ισορροπήσαν	ισορρόπησε	ισορροπήστε	ισορροπώντας
ισοσκελίζω	-	-	-	-	-	-	ισοσκέλιζα	ισοσκέλιζες	ισοσκέλιζε	ισοσκελίζαμε	ισοσκελίζατε	ισοσκέλιζαν	ισοσκέλισα	ισοσκέλισες	ισοσκέλισε	ισοσκελίσαμε	ισοσκελίσατε	ισοσκέλισαν	ισοσκέλιζε	ισοσκελίζετε	-
ισοφαρίζω	-	-	-	-	-	-	ισοφάριζα	ισοφάριζες	ισοφάριζε	ισοφαρίζαμε	ισοφαρίζατε	ισοφάριζαν	ισοφάρισα	ισοφάρισες	ισοφάρισε	ισοφαρίσαμε	ισοφαρίσατε	ισοφάρισαν	ισοφάριζε	ισοφαρίζετε	-
ιστορώ	ιστορώ	ιστορείς	ιστορεί	ιστορούμε	ιστορείτε	ιστορούν	ιστορούσα	ιστορούσες	ιστορούσε	ιστορούσαμε	ιστορούσατε	ιστορούσαν	ιστόρησα	ιστόρησες	ιστόρησε	ιστορήσαμε	ιστορήσατε	ιστορήσαν	ιστόρησε	ιστορήστε	ιστορώντας
ισχυρίζομαι	ισχυρίζομαι	ισχυρίζεσαι	ισχυρίζεται	ισχυριζόμαστε	ισχυρίζεστε	ισχυρίζονται	ισχυριζόμουν	ισχυριζόσουν	ισχυριζόταν	ισχυριζόμασταν	ισχυριζόσασταν	ισχυρίζονταν	ισχυρίστηκα	ισχυρίστηκες	ισχυρίστηκε	ισχυριστήκαμε	ισχυριστήκατε	ισχυρίστηκαν	ισχυρίσου	ισχυριστείτε	-
ισχύω	-	-	-	-	-	-	ίσχυα	ίσχυες	ίσχυε	ισχύαμε	ισχύατε	ίσχυαν	ίσχυσα	ίσχυσες	ίσχυσε	ισχύσαμε	ισχύσατε	ίσχυσαν	ίσχυε	ισχύετε	ισχύον}➤
κάμνω	-	-	-	-	-	-	έκαμνα	έκαμνες	έκαμνε	κάμναμε	κάμνατε	έκαμναν	έκαμα	έκαμες	έκαμε	κάμαμε	κάματε	έκαμαν	κάμε	κάμνετε	-
κάμπτω	-	-	-	-	-	-	έκαμπτα	έκαμπτες	έκαμπτε	κάμπταμε	κάμπτατε	έκαμπταν	έκαμψα	έκαμψες	έκαμψε	κάμψαμε	κάμψατε	έκαμψαν	κάμπτε	κάμπτετε	-
κάνω	-	-	-	-	-	-	έκανα	έκανες	έκανε	κάναμε	κάνατε	έκαναν	έκαμα	έκαμες	έκαμε	κάμαμε	κάματε	έκαμαν	κάμε	κάνετε	-
καίγομαι	καίγομαι	καίγεσαι	καίγεται	καιγόμαστε	καίγεστε	καίγονται	καιγόμουν	καιγόσουν	καιγόταν	καιγόμασταν	καιγόσασταν	καίγονταν	κάηκα	κάηκες	κάηκε	καήκαμε	καήκατε	κάηκαν	κάψου	καείτε	-
καίγω	-	-	-	καίγομε	-	-	έκαιγα	έκαιγες	έκαιγε	καίγαμε	καίγατε	καίγαν	έκαψα	έκαψες	έκαψε	κάψαμε	κάψατε	έκαψαν	έκαψε	κάψτε	-
καίω	-	καις	-	καίγουμε	καίγετε	καίνε	έκαιγα	έκαιγες	έκαιγε	καίγαμε	καίγατε	έκαιγαν	έκαψα	έκαψες	έκαψε	κάψαμε	κάψατε	έκαψαν	κάψε	κάψτε	καίγοντας
καβαλάω	-	καβαλάς	καβαλά	καβαλάμε	καβαλάτε	καβαλάν	καβάλαγα	καβάλαγες	καβάλαγε	καβαλάγαμε	καβαλάγατε	καβάλαγαν	καβάλησα	καβάλησες	καβάλησε	καβαλήσαμε	καβαλήσατε	καβάλησαν	καβάλα	καβαλάτε	καβαλώντας
καβαλώ	καβαλάω	καβαλάς	καβαλά	καβαλάμε	καβαλάτε	καβαλάν	καβάλαγα	καβάλαγες	καβάλαγε	καβαλάγαμε	καβαλάγατε	καβάλαγαν	καβάλησα	καβάλησες	καβάλησε	καβαλήσαμε	καβαλήσατε	καβάλησαν	καβάλα	καβαλάτε	καβαλώντας
καβγαδίζω	-	-	-	-	-	-	καβγάδιζα	καβγάδιζες	καβγάδιζε	καβγαδίζαμε	καβγαδίζατε	καβγάδιζαν	καβγάδισα	καβγάδισες	καβγάδισε	καβγαδίσαμε	καβγαδίσατε	καβγάδισαν	καβγάδιζε	καβγαδίζετε	-
καβουρδίζομαι	καβουρδίζομαι	καβουρδίζεσαι	καβουρδίζεται	καβουρδιζόμαστε	καβουρδίζεστε	καβουρδίζονται	καβουρδιζόμουν	καβουρδιζόσουν	καβουρδιζόταν	καβουρδιζόμασταν	καβουρδιζόσασταν	καβουρδίζονταν	καβουρδίστηκα	καβουρδίστηκες	καβουρδίστηκε	καβουρδιστήκαμε	καβουρδιστήκατε	καβουρδίστηκαν	καβουρδίσου	καβουρδιστείτε	-
καβουρδίζω	-	-	-	-	-	-	καβούρδιζα	καβούρδιζες	καβούρδιζε	καβουρδίζαμε	καβουρδίζατε	καβουρδίζαν	καβούρδισα	καβούρδισες	καβούρδισε	καβουρδίσαμε	καβουρδίσατε	καβουρδίσαν	καβούρδιζε	καβουρδίζετε	-
καβουρντίζομαι	καβουρντίζομαι	καβουρντίζεσαι	καβουρντίζεται	καβουρντιζόμαστε	καβουρντίζεστε	καβουρντίζονται	καβουρντιζόμουν	καβουρντιζόσουν	καβουρντιζόταν	καβουρντιζόμασταν	καβουρντιζόσασταν	καβουρντίζονταν	καβουρντίστηκα	καβουρντίστηκες	καβουρντίστηκε	καβουρντιστήκαμε	καβουρντιστήκατε	καβουρντίστηκαν	καβουρντίσου	καβουρντιστείτε	-
καβουρντίζω	-	-	-	-	-	-	καβούρντιζα	καβούρντιζες	καβούρντιζε	καβουρντίζαμε	καβουρντίζατε	καβουρντίζαν	καβούρντισα	καβούρντισες	καβούρντισε	καβουρντίσαμε	καβουρντίσατε	καβουρντίσαν	καβούρντιζε	καβουρντίζετε	-
καδράρω	-	-	-	-	-	-	καδράριζα	καδράριζες	καδράριζε	καδράραμε	καδράρατε	καδράραν	καδράρισα	καδράρισες	καδράρισε	καδράραμε	καδράρατε	καδράραν	καδράριζε	καδράρετε	-
καθαρίζομαι	καθαρίζομαι	καθαρίζεσαι	καθαρίζεται	καθαριζόμαστε	καθαρίζεστε	καθαρίζονται	καθαριζόμουν	καθαριζόσουν	καθαριζόταν	καθαριζόμασταν	καθαριζόσασταν	καθαρίζονταν	καθαρίστηκα	καθαρίστηκες	καθαρίστηκε	καθαριστήκαμε	καθαριστήκατε	καθαρίστηκαν	καθαρίσου	καθαριστείτε	-
καθαρίζω	-	-	-	-	-	-	καθάριζα	καθάριζες	καθάριζε	καθαρίζαμε	καθαρίζατε	καθάριζαν	καθάρισα	καθάρισες	καθάρισε	καθαρίσαμε	καθαρίσατε	καθάρισαν	καθάριζε	καθαρίζετε	-
καθαρεύω	-	-	-	-	-	-	καθάρευα	καθάρευες	καθάρευε	καθαρεύαμε	καθαρεύατε	καθάρευαν	καθάρεψα	καθάρεψες	καθάρεψε	καθαρέψαμε	καθαρέψατε	καθάρεψαν	καθάρευε	καθαρέψτε	-
καθελκύω	-	-	-	-	-	-	καθέλκυα	καθέλκυες	καθέλκυε	καθελκύαμε	καθελκύατε	καθέλκυαν	καθέλκυσα	καθέλκυσες	καθέλκυσε	καθελκύσαμε	καθελκύσατε	καθέλκυσαν	καθέλκυε	καθελκύετε	-
καθησυχάζω	-	-	-	-	-	-	καθησύχαζα	καθησύχαζες	καθησύχαζε	καθησυχάζαμε	καθησυχάζατε	καθησυχάζαν	καθησύχασα	καθησύχασες	καθησύχασε	καθησυχάσαμε	καθησυχάσατε	καθησυχάσαν	καθησύχαζε	καθησυχάζετε	-
καθιδρύω	-	-	-	-	-	-	καθίδρυα	καθίδρυες	καθίδρυε	καθιδρύαμε	καθιδρύατε	καθίδρυαν	καθίδρυσα	καθίδρυσες	καθίδρυσε	καθιδρύσαμε	καθιδρύσατε	καθίδρυσαν	καθίδρυε	καθιδρύετε	-
καθιερώνομαι	καθιερώνομαι	καθιερώνεσαι	καθιερώνεται	καθιερωνόμαστε	καθιερωνόσαστε1	καθιερώνονται	καθιερωνόμουν	καθιερωνόσουν	καθιερωνόταν	καθιερωνόμασταν	καθιερωνόσασταν	καθιερωνόντανε	καθιερώθηκα	καθιερώθηκες	καθιερώθηκε	καθιερωθήκαμε	καθιερωθήκατε	καθιερωθήκανε	καθιερώσου	καθιερωθείτε	-
καθιερώνω	-	-	-	-	-	-	καθιέρωνα	καθιέρωνες	καθιέρωνε	καθιερώναμε	καθιερώνατε	καθιέρωναν	καθιέρωσα	καθιέρωσες	καθιέρωσε	καθιερώσαμε	καθιερώσατε	καθιέρωσαν	καθιέρωνε	καθιερώνετε	-
καθιστώ	καθιστώ	καθιστάς	καθιστά	καθιστούμε	καθιστάτε	καθιστούν	καθιστούσα	καθιστούσες	καθιστούσε	καθιστούσαμε	καθιστούσατε	καθιστούσαν	κατέστησα	κατέστησες	κατέστησε	καταστήσαμε	καταστήσατε	κατέστησαν	—	καθιστάτε	καθιστώντας
καθοδηγώ	καθοδηγώ	καθοδηγείς	καθοδηγεί	καθοδηγούμε	καθοδηγείτε	καθοδηγούν	καθοδηγούσα	καθοδηγούσες	καθοδηγούσε	καθοδηγούσαμε	καθοδηγούσατε	καθοδηγούσαν	καθοδήγησα	καθοδήγησες	καθοδήγησε	καθοδηγήσαμε	καθοδηγήσατε	καθοδήγησαν	καθοδήγησε	καθοδηγήστε	καθοδηγώντας
καθορίζω	-	-	-	-	-	-	καθόριζα	καθόριζες	καθόριζε	καθορίζαμε	καθορίζατε	καθορίζαν	καθόρισα	καθόρισες	καθόρισε	καθορίσαμε	καθορίσατε	καθορίσαν	καθόριζε	καθορίζετε	-
καθρεφτίζω	-	-	-	-	-	-	καθρέφτιζα	καθρέφτιζες	καθρέφτιζε	καθρεφτίζαμε	καθρεφτίζατε	καθρέφτιζαν	καθρέφτισα	καθρέφτισες	καθρέφτισε	καθρεφτίσαμε	καθρεφτίσατε	καθρέφτισαν	καθρέφτιζε	καθρεφτίζετε	-
καθυστερώ	καθυστερώ	καθυστερείς	καθυστερεί	καθυστερούμε	καθυστερείτε	καθυστερούν	καθυστερούσα	καθυστερούσες	καθυστερούσε	καθυστερούσαμε	καθυστερούσατε	καθυστερούσαν	καθυστέρησα	καθυστέρησες	καθυστέρησε	καθυστερήσαμε	καθυστερήσατε	καθυστέρησαν	καθυστέρησε	καθυστερήστε	καθυστερώντας
κακοποιώ	κακοποιώ	κακοποιείς	κακοποιεί	κακοποιούμε	κακοποιείτε	κακοποιούν	κακοποιούσα	κακοποιούσες	κακοποιούσε	κακοποιούσαμε	κακοποιούσατε	κακοποιούσαν	κακοποίησα	κακοποίησες	κακοποίησε	κακοποιήσαμε	κακοποιήσατε	κακοποίησαν	κακοποίησε	κακοποιήστε	κακοποιώντας
καλάρω	-	-	-	-	-	-	κάλαρα	κάλαρες	κάλαρε	καλάραμε	καλάρατε	κάλαραν	κάλαρα	κάλαρες	κάλαρε	καλάραμε	καλάρατε	κάλαραν	κάλαρε	καλάρετε	-
καλλιεργώ	καλλιεργώ	καλλιεργείς	καλλιεργεί	καλλιεργούμε	καλλιεργείτε	καλλιεργούν	καλλιεργούσα	καλλιεργούσες	καλλιεργούσε	καλλιεργούσαμε	καλλιεργούσατε	καλλιεργούσαν	καλλιέργησα	καλλιέργησες	καλλιέργησε	καλλιεργήσαμε	καλλιεργήσατε	καλλιέργησαν	καλλιέργησε	καλλιεργήστε	καλλιεργώντας
καλλωπίζω	-	-	-	-	-	-	καλλώπιζα	καλλώπιζες	καλλώπιζε	καλλωπίζαμε	καλλωπίζατε	καλλωπίζαν	καλλώπισα	καλλώπισες	καλλώπισε	καλλωπίσαμε	καλλωπίσατε	καλλωπίσαν	καλλώπιζε	καλλωπίζετε	-
καλμάρω	-	-	-	-	-	-	κάλμαρα	κάλμαρες	κάλμαρε	καλμάραμε	καλμάρατε	κάλμαραν	κάλμαρα	κάλμαρες	κάλμαρε	καλμάραμε	καλμάρατε	κάλμαραν	κάλμαρε	καλμάρετε	-
καλυτερεύω	-	-	-	-	-	-	καλυτέρευα	καλυτέρευες	καλυτέρευε	καλυτερεύαμε	καλυτερεύατε	καλυτέρευαν	καλυτέρευσα	καλυτέρευσες	καλυτέρευσε	καλυτερέψαμε	καλυτερέψατε	καλυτέρευσαν	καλυτέρευε	καλυτερέψτε	-
καλωσορίζω	-	-	-	-	-	-	καλωσόριζα	καλωσόριζες	καλωσόριζε	καλωσορίζαμε	καλωσορίζατε	καλωσορίζαν	καλωσόρισα	καλωσόρισες	καλωσόρισε	καλωσορίσαμε	καλωσορίσατε	καλωσορίσαν	καλωσόριζε	καλωσορίζετε	-
καλύπτω	-	-	-	-	-	-	κάλυπτα	κάλυπτες	κάλυπτε	καλύπταμε	καλύπτατε	κάλυπταν	κάλυψα	κάλυψες	κάλυψε	καλύψαμε	καλύψατε	κάλυψαν	κάλυπτε	καλύπτετε	-
καλώ	καλώ	καλείς	καλεί	καλούμε	καλείτε	καλούν	καλούσα	καλούσες	καλούσε	καλούσαμε	καλούσατε	καλούσαν	κάλεσα	κάλεσες	κάλεσε	καλέσαμε	καλέσατε	κάλεσαν	κάλεσε	καλέστε	καλώντας
καμουφλάρω	-	-	-	-	-	-	καμουφλάριζα	καμουφλάριζες	καμουφλάριζε	καμουφλάραμε	καμουφλάρατε	καμουφλάραν	καμουφλάρισα	καμουφλάρισες	καμουφλάρισε	καμουφλάραμε	καμουφλάρατε	καμουφλάραν	καμουφλάριζε	καμουφλάρετε	-
κανακεύω	-	-	-	-	-	-	κανάκευα	κανάκευες	κανάκευε	κανακεύαμε	κανακεύατε	κανάκευαν	κανάκεψα	κανάκεψες	κανάκεψε	κανακέψαμε	κανακέψατε	κανάκεψαν	κανάκευε	κανακέψτε	-
κανιβαλίζω	-	-	-	-	-	-	κανιβάλιζα	κανιβάλιζες	κανιβάλιζε	κανιβαλίζαμε	κανιβαλίζατε	κανιβάλιζαν	κανιβάλισα	κανιβάλισες	κανιβάλισε	κανιβαλίσαμε	κανιβαλίσατε	κανιβάλισαν	κανιβάλιζε	κανιβαλίζετε	-
κανονίζω	-	-	-	-	-	-	κανόνιζα	κανόνιζες	κανόνιζε	κανονίζαμε	κανονίζατε	κανονίζαν	κανόνισα	κανόνισες	κανόνισε	κανονίσαμε	κανονίσατε	κανονίσαν	κανόνιζε	κανονίζετε	-
καπνίζω	-	-	-	-	-	-	κάπνιζα	κάπνιζες	κάπνιζε	καπνίζαμε	καπνίζατε	κάπνιζαν	κάπνισα	κάπνισες	κάπνισε	καπνίσαμε	καπνίσατε	κάπνισαν	κάπνιζε	καπνίζετε	-
καρατομούμαι	καρατομούμαι	καρατομείσαι	καρατομείται	καρατομούμαστε	καρατομείστε	καρατομούνται	καρατομιόμουν	καρατομιόσουν	καρατομιόταν	καρατομιόμασταν	καρατομιόσασταν	καρατομιούνταν	καρατομήθηκα	καρατομήθηκες	καρατομήθηκε	καρατομηθήκαμε	καρατομηθήκατε	καρατομήθηκαν	καρατομήσου	καρατομείστε	—
καρατομώ	καρατομώ	καρατομείς	καρατομεί	καρατομούμε	καρατομείτε	καρατομούν	καρατομούσα	καρατομούσες	καρατομούσε	καρατομούσαμε	καρατομούσατε	καρατομούσαν	καρατόμησα	καρατόμησες	καρατόμησε	καρατομήσαμε	καρατομήσατε	καρατομήσαν	καρατόμησε	καρατομήστε	καρατομώντας
καρατσεκάρω	-	-	-	-	-	-	καρατσέκαρα	καρατσέκαρες	καρατσέκαρε	καρατσεκάραμε	καρατσεκάρατε	καρατσέκαραν	καρατσέκαρα	καρατσέκαρες	καρατσέκαρε	καρατσεκάραμε	καρατσεκάρατε	καρατσέκαραν	καρατσέκαρε	καρατσεκάρετε	-
καρπίζω	-	-	-	-	-	-	κάρπιζα	κάρπιζες	κάρπιζε	καρπίζαμε	καρπίζατε	κάρπιζαν	κάρπισα	κάρπισες	κάρπισε	καρπίσαμε	καρπίσατε	κάρπισαν	κάρπιζε	καρπίζετε	-
καρποφορώ	καρποφορώ	καρποφορείς	καρποφορεί	καρποφορούμε	καρποφορείτε	καρποφορούν	καρποφορούσα	καρποφορούσες	καρποφορούσε	καρποφορούσαμε	καρποφορούσατε	καρποφορούσαν	καρποφόρησα	καρποφόρησες	καρποφόρησε	καρποφορήσαμε	καρποφορήσατε	καρποφορήσαν	καρποφόρησε	καρποφορήστε	καρποφορώντας
καρτεράω	-	καρτεράς	καρτερά	καρτεράμε	καρτεράτε	καρτεράν	καρτέραγα	καρτέραγες	καρτέραγε	καρτεράγαμε	καρτεράγατε	καρτέραγαν	καρτέρεσα	καρτέρεσες	καρτέρεσε	καρτερέσαμε	καρτερέσατε	καρτέρεσαν	καρτέρα	καρτεράτε	καρτερώντας
καρυκεύω	-	-	-	-	-	-	καρύκευα	καρύκευες	καρύκευε	καρυκεύαμε	καρυκεύατε	καρυκεύαν	καρύκεψα	καρύκεψες	καρύκεψε	καρυκέψαμε	καρυκέψατε	καρυκέψαν	καρύκευε	καρυκέψτε	-
καρφώνομαι	καρφώνομαι	καρφώνεσαι	καρφώνεται	καρφωνόμαστε	καρφωνόσαστε1	καρφώνονται	καρφωνόμουν	καρφωνόσουν	καρφωνόταν	καρφωνόμασταν	καρφωνόσασταν	καρφωνόντανε	καρφώθηκα	καρφώθηκες	καρφώθηκε	καρφωθήκαμε	καρφωθήκατε	καρφωθήκανε	καρφώσου	καρφωθείτε	-
καρφώνω	-	-	-	-	-	-	κάρφωνα	κάρφωνες	κάρφωνε	καρφώναμε	καρφώνατε	κάρφωναν	κάρφωσα	κάρφωσες	κάρφωσε	καρφώσαμε	καρφώσατε	κάρφωσαν	κάρφωνε	καρφώνετε	-
κατάσχω	-	-	-	-	-	-	καταείσχα	καταείσχες	καταείσχε	κατάσχαμε	κατάσχατε	κατάσχαν	κατάσχεσα	κατάσχεσες	κατάσχεσε	κατασχέσαμε	κατασχέσατε	κατάσχεσαν	κατάσχεσε	κατάσχετε	-
καταβάλλω	-	-	-	-	-	-	κατέβαλλα	κατέβαλλες	κατέβαλλε	καταβάλλαμε	καταβάλλατε	κατέβαλλαν	κατέβαλα	κατέβαλες	κατέβαλε	καταβάλαμε	καταβάλατε	κατέβαλαν	κατάβαλε	καταβάλετε	-
καταβροχθίζω	-	-	-	-	-	-	καταβρόχθιζα	καταβρόχθιζες	καταβρόχθιζε	καταβροχθίζαμε	καταβροχθίζατε	καταβροχθίζαν	καταβρόχθισα	καταβρόχθισες	καταβρόχθισε	καταβροχθίσαμε	καταβροχθίσατε	καταβροχθίσαν	καταβρόχθιζε	καταβροχθίζετε	-
καταγράφω	-	-	-	-	-	-	κατέγραφα	κατέγραφες	κατέγραφε	καταγράφαμε	καταγράφατε	κατέγραφαν	κατέγραψα	κατέγραψες	κατέγραψε	καταγράψαμε	καταγράψατε	κατέγραψαν	κατάγραφε	καταγράφετε	-
καταδίνομαι	καταδίνομαι	καταδίνεσαι	καταδίνεται	καταδινόμαστε	καταδίνεστε	καταδίνονται	καταδινόμουν	καταδινόσουν	καταδινόταν	καταδινόμασταν	καταδινόσασταν	καταδίνονταν	καταδόθηκα	καταδόθηκες	καταδόθηκε	καταδοθήκαμε	καταδοθήκατε	καταδοθήκανε	καταδώσου	καταδοθείτε	-
καταδικάζω	-	-	-	-	-	-	καταδίκαζα	καταδίκαζες	καταδίκαζε	καταδικάζαμε	καταδικάζατε	καταδίκαζαν	καταδίκασα	καταδίκασες	καταδίκασε	καταδικάσαμε	καταδικάσατε	καταδίκασαν	καταδίκαζε	καταδικάζετε	-
καταδιώκω	-	-	-	-	-	-	καταδίωκα	καταδίωκες	καταδίωκε	καταδιώκαμε	καταδιώκατε	καταδίωκαν	καταδίωξα	καταδίωξες	καταδίωξε	καταδιώξαμε	καταδιώξατε	καταδίωξαν	καταδίωκε	καταδιώκετε	-
καταθέτω	-	-	-	-	-	-	κατέθετα	κατέθετες	κατέθετε	καταθέταμε	καταθέτατε	κατέθεταν	κατέθεσα	κατέθεσες	κατέθεσε	καταθέσαμε	καταθέσατε	κατέθεσαν	κατάθεσε	καταθέστε	-
καταθλίβω	-	-	-	-	-	-	κατέθλιβα	κατέθλιβες	κατέθλιβε	καταθλίβαμε	καταθλίβατε	κατέθλιβαν	κατέθλιψα	κατέθλιψες	κατέθλιψε	καταθλίψαμε	καταθλίψατε	κατέθλιψαν	κατάθλιβε	καταθλίβετε	-
κατακρατώ	κατακρατώ	κατακρατείς	κατακρατεί	κατακρατούμε	κατακρατείτε	κατακρατούν	κατακρατούσα	κατακρατούσες	κατακρατούσε	κατακρατούσαμε	κατακρατούσατε	κατακρατούσαν	κατακράτησα	κατακράτησες	κατακράτησε	κατακρατήσαμε	κατακρατήσατε	κατακράτησαν	κατακράτησε	κατακρατήστε	κατακρατώντας
καταλήγω	-	-	-	-	-	-	κατέληγα	κατέληγες	κατέληγε	καταλήγαμε	καταλήγατε	κατέληγαν	κατέληξα	κατέληξες	κατέληξε	καταλήξαμε	καταλήξατε	κατέληξαν	κατάληγε	καταλήγετε	-
καταλαβαίνω	-	-	-	-	-	-	καταλάβαινα	καταλάβαινες	καταλάβαινε	καταλαβαίναμε	καταλαβαίνατε	καταλάβαιναν	κατάλαβα	κατάλαβες	κατάλαβε	καταλάβαμε	καταλάβατε	κατάλαβαν	κατάλαβε	καταλάβετε	-
καταλαμβάνω	-	-	-	-	-	-	καταλάμβανα	καταλάμβανες	καταλάμβανε	καταλαμβάναμε	καταλαμβάνατε	καταλάμβαναν	κατέλαβα	κατέλαβες	κατέλαβε	καταλάβαμε	καταλάβατε	κατέλαβαν	κατάλαβε	καταλάβετε	-
καταλύω	-	-	-	-	-	-	κατέλυα	κατέλυες	κατέλυε	καταλύαμε	καταλύατε	κατέλυαν	κατέλυσα	κατέλυσες	κατέλυσε	καταλύσαμε	καταλύσατε	κατέλυσαν	κατάλυε	καταλύετε	-
καταναγκάζω	-	-	-	-	-	-	κατανάγκαζα	κατανάγκαζες	κατανάγκαζε	καταναγκάζαμε	καταναγκάζατε	κατανάγκαζαν	κατανάγκασα	κατανάγκασες	κατανάγκασε	καταναγκάσαμε	καταναγκάσατε	κατανάγκασαν	κατανάγκαζε	καταναγκάζετε	-
καταναλώνω	-	-	-	-	-	-	κατανάλωνα	κατανάλωνες	κατανάλωνε	καταναλώναμε	καταναλώνατε	κατανάλωναν	κατανάλωσα	κατανάλωσες	κατανάλωσε	καταναλώσαμε	καταναλώσατε	κατανάλωσαν	κατανάλωνε	καταναλώνετε	-
καταντάω	-	καταντάς	καταντά	καταντάμε	καταντάτε	καταντάν	κατάνταγα	κατάνταγες	κατάνταγε	καταντάγαμε	καταντάγατε	κατάνταγαν	κατάντησα	κατάντησες	κατάντησε	καταντήσαμε	καταντήσατε	κατάντησαν	κατάντα	καταντάτε	καταντώντας
καταντώ	καταντώ	καταντάς	καταντά	καταντούμε	καταντάτε	καταντούν	καταντούσα	καταντούσες	καταντούσε	καταντούσαμε	καταντούσατε	καταντούσαν	κατάντησα	κατάντησες	κατάντησε	καταντήσαμε	καταντήσατε	κατάντησαν	—	καταντάτε	καταντώντας
καταξοδεύω	-	-	-	-	-	-	καταξόδευα	καταξόδευες	καταξόδευε	καταξοδεύαμε	καταξοδεύατε	καταξοδεύαν	καταξόδεψα	καταξόδεψες	καταξόδεψε	καταξοδέψαμε	καταξοδέψατε	καταξοδέψαν	καταξόδευ'	καταξοδέψτε	-
καταξοδιάζω	-	-	-	-	-	-	καταξόδιαζα	καταξόδιαζες	καταξόδιαζε	καταξοδιάζαμε	καταξοδιάζατε	καταξοδιάζαν	καταξόδιασα	καταξόδιασες	καταξόδιασε	καταξοδιάσαμε	καταξοδιάσατε	καταξοδιάσαν	καταξόδιαζε	καταξοδιάζετε	-
καταπίνω	-	-	-	-	-	-	κατάπινα	κατάπινες	κατάπινε	καταπίναμε	καταπίνατε	κατάπιναν	κατάπια	κατάπιες	κατάπιε	κατάπιαμε	κατάπιατε	κατάπιαν	κατάπιε	καταπίνετε	-
καταπλέω	-	-	-	-	-	-	κατέπλεα	κατέπλεες	κατέπλεε	καταπλέαμε	καταπλέατε	κατέπλεαν	κατέπλευσα	κατέπλευσες	κατέπλευσε	καταπλεύσαμε	καταπλεύσατε	κατέπλευσαν	κατάπλεε	καταπλέετε	-
καταπολεμούμαι	καταπολεμούμαι	καταπολεμείσαι	καταπολεμείται	καταπολεμούμαστε	καταπολεμείστε	καταπολεμούνται	καταπολεμιόμουν	καταπολεμιόσουν	καταπολεμιόταν	καταπολεμιόμασταν	καταπολεμιόσασταν	καταπολεμιούνταν	καταπολεμήθηκα	καταπολεμήθηκες	καταπολεμήθηκε	καταπολεμηθήκαμε	καταπολεμηθήκατε	καταπολεμήθηκαν	καταπολεμήσου	καταπολεμείστε	—
καταργώ	καταργώ	καταργείς	καταργεί	καταργούμε	καταργείτε	καταργούν	καταργούσα	καταργούσες	καταργούσε	καταργούσαμε	καταργούσατε	καταργούσαν	κατάργησα	κατάργησες	κατάργησε	καταργήσαμε	καταργήσατε	κατάργησαν	κατάργησε	καταργήστε	καταργώντας
καταρρέω	-	-	-	-	-	-	κατέρρεα	κατέρρεες	κατέρρεε	καταρρέαμε	καταρρέατε	κατέρρεαν	κατέρρευσα	κατέρρευσες	κατέρρευσε	καταρρεύσαμε	καταρρεύσατε	κατέρρευσαν	κατάρρεε	καταρρέετε	καταρρέον}
κατασκευάζω	-	-	-	-	-	-	κατασκεύαζα	κατασκεύαζες	κατασκεύαζε	κατασκευάζαμε	κατασκευάζατε	κατασκευάζαν	κατασκεύασα	κατασκεύασες	κατασκεύασε	κατασκευάσαμε	κατασκευάσατε	κατασκευάσαν	κατασκεύαζε	κατασκευάζετε	-
κατασκηνώνω	-	-	-	-	-	-	κατασκήνωνα	κατασκήνωνες	κατασκήνωνε	κατασκηνώναμε	κατασκηνώνατε	κατασκήνωναν	κατασκήνωσα	κατασκήνωσες	κατασκήνωσε	κατασκηνώσαμε	κατασκηνώσατε	κατασκήνωσαν	κατασκήνωνε	κατασκηνώνετε	-
κατασκοπεύω	-	-	-	-	-	-	κατασκόπευα	κατασκόπευες	κατασκόπευε	κατασκοπεύαμε	κατασκοπεύατε	κατασκοπεύαν	κατασκόπευσα	κατασκόπευσες	κατασκόπευσε	κατασκοπεύσαμε	κατασκοπεύσατε	κατασκοπεύσαν	κατασκόπευε	κατασκοπεύετε	-
καταστρέφω	-	-	-	-	-	-	κατάστρεφα	κατάστρεφες	κατάστρεφε	καταστρέφαμε	καταστρέφατε	κατάστρεφαν	κατάστρεψα	κατάστρεψες	κατάστρεψε	καταστρέψαμε	καταστρέψατε	κατάστρεψαν	κατάστρεφε	καταστρέφετε	-
καταφέρνω	-	-	-	-	-	-	κατέφερα	κατέφερες	κατέφερε	καταφέρναμε	καταφέρνατε	καταφέρναν	κατάφερα	κατάφερες	κατάφερε	καταφέραμε	καταφέρατε	κατάφεραν	κατάφερε	καταφέρνετε	-
καταφέρω	-	-	-	-	-	-	κατέφερα	κατέφερες	κατέφερε	καταφέραμε	καταφέρατε	κατέφεραν	κατέφερα	κατέφερες	κατέφερε	καταφέραμε	καταφέρατε	κατέφεραν	κατάφερε	καταφέρετε	-
καταφεύγω	-	-	-	-	-	-	κατέφευγα	κατέφευγες	κατέφευγε	καταφεύγαμε	καταφεύγατε	κατέφευγαν	κατέφυγα	κατέφυγες	κατέφυγε	καταφύγαμε	καταφύγατε	κατέφυγαν	κατέφευγε	καταφεύγετε	-
καταφθάνω	-	-	-	-	-	-	κατέφθανα	κατέφθανες	κατέφθανε	καταφθάναμε	καταφθάνατε	κατέφθαναν	κατέφθασα	κατέφθασες	κατέφθασε	καταφθάσαμε	καταφθάσατε	κατέφθασαν	-	καταφθάνετε	-
καταφρονούμαι	καταφρονούμαι	καταφρονείσαι	καταφρονείται	καταφρονούμαστε	καταφρονείστε	καταφρονούνται	καταφρονιόμουν	καταφρονιόσουν	καταφρονιόταν	καταφρονιόμασταν	καταφρονιόσασταν	καταφρονιούνταν	καταφρονήθηκα	καταφρονήθηκες	καταφρονήθηκε	καταφρονηθήκαμε	καταφρονηθήκατε	καταφρονήθηκαν	καταφρονήσου	καταφρονείστε	—
καταφρονώ	καταφρονώ	καταφρονείς	καταφρονεί	καταφρονούμε	καταφρονείτε	καταφρονούν	καταφρονούσα	καταφρονούσες	καταφρονούσε	καταφρονούσαμε	καταφρονούσατε	καταφρονούσαν	καταφρόνησα	καταφρόνησες	καταφρόνησε	καταφρονήσαμε	καταφρονήσατε	καταφρόνησαν	καταφρόνησε	καταφρονείτε	καταφρονώντας
καταφτάνω	-	-	-	-	-	-	κατέφτανα	κατέφτανες	κατέφτανε	καταφτάναμε	καταφτάνατε	κατέφταναν	κατέφτασα	κατέφτασες	κατέφτασε	καταφτάσαμε	καταφτάσατε	κατέφτασαν	-	καταφτάνετε	-
κατεβάζω	-	-	-	-	-	-	κατέβαζα	κατέβαζες	κατέβαζε	κατεβάζαμε	κατεβάζατε	κατέβαζαν	κατέβασα	κατέβασες	κατέβασε	κατεβάσαμε	κατεβάσατε	κατέβασαν	κατέβαζε	κατεβάζετε	-
κατεβαίνω	-	-	-	-	-	-	κατέβαινα	κατέβαινες	κατέβαινε	κατεβαίναμε	κατεβαίνατε	κατέβαιναν	κατέβηκα	κατέβηκες	κατέβηκε	κατεβήκαμε	κατεβήκατε	κατέβηκαν	κατέβα	κατεβαίνετε	-
κατεδαφίζω	-	-	-	-	-	-	κατεδάφιζα	κατεδάφιζες	κατεδάφιζε	κατεδαφίζαμε	κατεδαφίζατε	κατεδάφιζαν	κατεδάφισα	κατεδάφισες	κατεδάφισε	κατεδαφίσαμε	κατεδαφίσατε	κατεδάφισαν	κατεδάφιζε	κατεδαφίζετε	-
κατευνάζομαι	κατευνάζομαι	κατευνάζεσαι	κατευνάζεται	κατευναζόμαστε	κατευνάζεστε	κατευνάζονται	κατευναζόμουν	κατευναζόσουν	κατευναζόταν	κατευναζόμασταν	κατευναζόσασταν	κατευνάζονταν	κατευνάστηκα	κατευνάστηκες	κατευνάστηκε	κατευναστήκαμε	κατευναστήκατε	κατευνάστηκαν	κατευνάσου	κατευναστείτε	-
κατευνάζω	-	-	-	-	-	-	κατεύναζα	κατεύναζες	κατεύναζε	κατευνάζαμε	κατευνάζατε	κατευνάζαν	κατεύνασα	κατεύνασες	κατεύνασε	κατευνάσαμε	κατευνάσατε	κατευνάσαν	κατεύναζε	κατευνάζετε	-
κατηγορούμαι	κατηγορούμαι	κατηγορείσαι	κατηγορείται	κατηγορούμαστε	κατηγορείστε	κατηγορούνται	κατηγοριόμουν	κατηγοριόσουν	κατηγοριόταν	κατηγοριόμασταν	κατηγοριόσασταν	κατηγοριούνταν	κατηγορήθηκα	κατηγορήθηκες	κατηγορήθηκε	κατηγορηθήκαμε	κατηγορηθήκατε	κατηγορήθηκαν	κατηγορήσου	κατηγορείστε	—
κατηγορώ	κατηγορώ	κατηγορείς	κατηγορεί	κατηγορούμε	κατηγορείτε	κατηγορούν	κατηγορούσα	κατηγορούσες	κατηγορούσε	κατηγορούσαμε	κατηγορούσατε	κατηγορούσαν	κατηγόρησα	κατηγόρησες	κατηγόρησε	κατηγορήσαμε	κατηγορήσατε	κατηγορήσαν	κατηγόρησε	κατηγορήστε	κατηγορώντας
κατισχύω	-	-	-	-	-	-	κατίσχυα	κατίσχυες	κατίσχυε	κατισχύαμε	κατισχύατε	κατίσχυαν	κατίσχυσα	κατίσχυσες	κατίσχυσε	κατισχύσαμε	κατισχύσατε	κατίσχυσαν	κατίσχυε	κατισχύετε	-
κατοικώ	κατοικώ	κατοικείς	κατοικεί	κατοικούμε	κατοικείτε	κατοικούν	κατοικούσα	κατοικούσες	κατοικούσε	κατοικούσαμε	κατοικούσατε	κατοικούσαν	κατοίκησα	κατοίκησες	κατοίκησε	κατοικήσαμε	κατοικήσατε	κατοίκησαν	κατοίκησε	κατοικήστε	κατοικώντας
κατουράω	-	κατουράς	κατουρά	κατουράμε	κατουράτε	κατουράν	κατουρούσα	κατουρούσες	κατουρούσε	κατουράγαμε	κατουράγατε	κατουρούσαν	κατούρησα	κατούρησες	κατούρησε	κατουρήσαμε	κατουρήσατε	κατουρήσαν	κατούρα	κατουράτε	κατουρώντας
κατουριέμαι	κατουριέμαι	κατουριέσαι	κατουριέται	κατουριόμαστε	κατουριέστε	κατουριούνται	κατουριόμουν	κατουριόσουν	κατουριόταν	κατουριόμασταν	κατουριόσασταν	κατουριούνταν	κατουρήθηκα	κατουρήθηκες	κατουρήθηκε	κατουρηθήκαμε	κατουρηθήκατε	κατουρήθηκαν	κατουρήσου	κατουρηθείτε	—
κατουρώ	κατουράω	κατουράς	κατουρά	κατουράμε	κατουράτε	κατουράν	κατουρούσα	κατουρούσες	κατουρούσε	κατουράγαμε	κατουράγατε	κατουράγανε	κατούρησα	κατούρησες	κατούρησε	κατουρήσαμε	κατουρήσατε	κατουρήσαν	κατούρα	κατουράτε	κατουρώντας
κατσαδιάζω	-	-	-	-	-	-	κατσάδιαζα	κατσάδιαζες	κατσάδιαζε	κατσαδιάζαμε	κατσαδιάζατε	κατσάδιαζαν	κατσάδιασα	κατσάδιασες	κατσάδιασε	κατσαδιάσαμε	κατσαδιάσατε	κατσάδιασαν	κατσάδιαζε	κατσαδιάζετε	-
καυλώνω	-	-	-	-	-	-	καύλωνα	καύλωνες	καύλωνε	καυλώναμε	καυλώνατε	καυλώναν	καύλωσα	καύλωσες	καύλωσε	καυλώσαμε	καυλώσατε	καυλώσαν	καύλωνε	καυλώνετε	-
καυτηριάζω	-	-	-	-	-	-	καυτηρίαζα	καυτηρίαζες	καυτηρίαζε	καυτηριάζαμε	καυτηριάζατε	καυτηρίαζαν	καυτηρίασαα	καυτηρίασαες	καυτηρίασαε	καυτηριάσαμε	καυτηριάσατε	καυτηρίασααν	καυτηρίαζε	καυτηριάζετε	-
καψαλίζω	-	-	-	-	-	-	καψάλιζα	καψάλιζες	καψάλιζε	καψαλίζαμε	καψαλίζατε	καψάλιζαν	καψάλισα	καψάλισες	καψάλισε	καψαλίσαμε	καψαλίσατε	καψάλισαν	καψάλιζε	καψαλίζετε	-
κελαηδάω	-	κελαηδάς	κελαηδά	κελαηδάμε	κελαηδάτε	κελαηδάν	κελάηδαγα	κελάηδαγες	κελάηδαγε	κελαηδάγαμε	κελαηδάγατε	κελάηδαγαν	κελάηδησα	κελάηδησες	κελάηδησε	κελαηδήσαμε	κελαηδήσατε	κελάηδησαν	κελάηδα	κελαηδάτε	κελαηδώντας
κελαηδώ	κελαηδάω	κελαηδάς	κελαηδά	κελαηδάμε	κελαηδάτε	κελαηδάν	κελάηδαγα	κελάηδαγες	κελάηδαγε	κελαηδάγαμε	κελαηδάγατε	κελάηδαγαν	κελάηδησα	κελάηδησες	κελάηδησε	κελαηδήσαμε	κελαηδήσατε	κελάηδησαν	κελάηδα	κελαηδάτε	κελαηδώντας
κελαϊδάω	-	κελαϊδάς	κελαϊδά	κελαϊδάμε	κελαϊδάτε	κελαϊδάν	κελάιδαγα	κελάιδαγες	κελάιδαγε	κελαϊδάγαμε	κελαϊδάγατε	κελάιδαγαν	κελάιδησα	κελάιδησες	κελάιδησε	κελαϊδήσαμε	κελαϊδήσατε	κελάιδησαν	κελάιδα	κελαϊδάτε	κελαϊδώντας
κελαϊδώ	κελαϊδάω	κελαϊδάς	κελαϊδά	κελαϊδάμε	κελαϊδάτε	κελαϊδάν	κελάιδαγα	κελάιδαγες	κελάιδαγε	κελαϊδάγαμε	κελαϊδάγατε	κελάιδαγαν	κελάιδησα	κελάιδησες	κελάιδησε	κελαϊδήσαμε	κελαϊδήσατε	κελάιδησαν	κελάιδα	κελαϊδάτε	κελαϊδώντας
κεντάω	-	κεντάς	κεντά	κεντάμε	κεντάτε	κεντάν	κένταγα	κένταγες	κένταγε	κεντάγαμε	κεντάγατε	κένταγαν	κέντησα	κέντησες	κέντησε	κεντήσαμε	κεντήσατε	κέντησαν	κέντα	κεντάτε	κεντώντας
κεντρίζομαι	κεντρίζομαι	κεντρίζεσαι	κεντρίζεται	κεντριζόμαστε	κεντρίζεστε	κεντρίζονται	κεντριζόμουν	κεντριζόσουν	κεντριζόταν	κεντριζόμασταν	κεντριζόσασταν	κεντρίζονταν	κεντρίστηκα	κεντρίστηκες	κεντρίστηκε	κεντριστήκαμε	κεντριστήκατε	κεντρίστηκαν	κεντρίσου	κεντριστείτε	-
κεντρίζω	-	-	-	-	-	-	κέντριζα	κέντριζες	κέντριζε	κεντρίζαμε	κεντρίζατε	κέντριζαν	κέντρισα	κέντρισες	κέντρισε	κεντρίσαμε	κεντρίσατε	κέντρισαν	κέντριζε	κεντρίζετε	-
κεντώ	κεντάω	κεντάς	κεντά	κεντάμε	κεντάτε	κεντάν	κένταγα	κένταγες	κένταγε	κεντάγαμε	κεντάγατε	κένταγαν	κέντησα	κέντησες	κέντησε	κεντήσαμε	κεντήσατε	κέντησαν	κέντα	κεντάτε	κεντώντας
κερατώνομαι	κερατώνομαι	κερατώνεσαι	κερατώνεται	κερατωνόμαστε	κερατωνόσαστε1	κερατώνονται	κερατωνόμουν	κερατωνόσουν	κερατωνόταν	κερατωνόμασταν	κερατωνόσασταν	κερατωνόντανε	κερατώθηκα	κερατώθηκες	κερατώθηκε	κερατωθήκαμε	κερατωθήκατε	κερατωθήκανε	κερατώσου	κερατωθείτε	-
κερατώνω	-	-	-	-	-	-	κεράτωνα	κεράτωνες	κεράτωνε	κερατώναμε	κερατώνατε	κεράτωναν	κεράτωσα	κεράτωσες	κεράτωσε	κερατώσαμε	κερατώσατε	κεράτωσαν	κερατώνε	κερατώνετε	-
κερδίζομαι	κερδίζομαι	κερδίζεσαι	κερδίζεται	κερδιζόμαστε	κερδίζεστε	κερδίζονται	κερδιζόμουν	κερδιζόσουν	κερδιζόταν	κερδιζόμασταν	κερδιζόσασταν	κερδίζονταν	κερδίστηκα	κερδίστηκες	κερδίστηκε	κερδιστήκαμε	κερδιστήκατε	κερδίστηκαν	κερδίσου	κερδιστείτε	-
κερδίζω	-	-	-	-	-	-	κέρδιζα	κέρδιζες	κέρδιζε	κερδίζαμε	κερδίζατε	κέρδιζαν	κέρδισα	κέρδισες	κέρδισε	κερδίσαμε	κερδίσατε	κέρδισαν	κέρδιζε	κερδίζετε	-
κερνάω	-	κερνάς	κερνά	κερνάμε	κερνάτε	κερνάν	κέρναγα	κέρναγες	κέρναγε	κερνάγαμε	κερνάγατε	κέρναγαν	κέρασα	κέρασες	κέρασε	κεράσαμε	κεράσατε	κέρασαν	κέρασε	κεράστε	κερνώντας
κηλιδώνομαι	κηλιδώνομαι	κηλιδώνεσαι	κηλιδώνεται	κηλιδωνόμαστε	κηλιδωνόσαστε1	κηλιδώνονται	κηλιδωνόμουν	κηλιδωνόσουν	κηλιδωνόταν	κηλιδωνόμασταν	κηλιδωνόσασταν	κηλιδωνόντανε	κηλιδώθηκα	κηλιδώθηκες	κηλιδώθηκε	κηλιδωθήκαμε	κηλιδωθήκατε	κηλιδωθήκανε	κηλιδώσου	κηλιδωθείτε	-
κηλιδώνω	-	-	-	-	-	-	κηλίδωνα	κηλίδωνες	κηλίδωνε	κηλιδώναμε	κηλιδώνατε	κηλίδωναν	κηλίδωσα	κηλίδωσες	κηλίδωσε	κηλιδώσαμε	κηλιδώσατε	κηλίδωσαν	κηλίδωνε	κηλιδώνετε	-
κηρύττω	-	-	-	-	-	-	κήρυττα	κήρυττες	κήρυττε	κηρύτταμε	κηρύττατε	κήρυτταν	κήρυξα	κήρυξες	κήρυξε	κηρύξαμε	κηρύξατε	κήρυξαν	κήρυξε	κηρύξτε	-
κινάω	-	κινάς	κινά	κινάμε	κινάτε	κινάν	κίναγα	κίναγες	κίναγε	κινάγαμε	κινάγατε	κίναγαν	κίνησα	κίνησες	κίνησε	κινήσαμε	κινήσατε	κίνησαν	κίνα	κινάτε	κινώντας
κινδυνεύω	-	-	-	-	-	-	κινδύνευα	κινδύνευες	κινδύνευε	κινδυνεύαμε	κινδυνεύατε	κινδυνεύαν	κινδύνευσα	κινδύνευσες	κινδύνευσε	κινδυνέψαμε	κινδυνέψατε	κινδυνέψαν	κινδύνευε	κινδυνέψτε	-
κινητοποιώ	κινητοποιώ	κινητοποιείς	κινητοποιεί	κινητοποιούμε	κινητοποιείτε	κινητοποιούν	κινητοποιούσα	κινητοποιούσες	κινητοποιούσε	κινητοποιούσαμε	κινητοποιούσατε	κινητοποιούσαν	κινητοποίησα	κινητοποίησες	κινητοποίησε	κινητοποιήσαμε	κινητοποιήσατε	κινητοποίησαν	κινητοποίησε	κινητοποιήστε	κινητοποιώντας
κινώ	κινώ	κινείς	κινεί	κινούμε	κινείτε	κινούν	κινούσα	κινούσες	κινούσε	κινούσαμε	κινούσατε	κινούσαν	κίνησα	κίνησες	κίνησε	κινήσαμε	κινήσατε	κίνησαν	κίνησε	κινήστε	κινώντας
κλάνω	-	-	-	-	-	-	έκλανα	έκλανες	έκλανε	κλάναμε	κλάνατε	έκλαναν	έκλασα	έκλασες	έκλασε	κλάσαμε	κλάσατε	έκλασαν	κλάνε	κλάνετε	-
κλέβω	-	-	-	-	-	-	έκλεβα	έκλεβες	έκλεβε	κλέβαμε	κλέβατε	έκλεβαν	έκλεψα	έκλεψες	έκλεψε	κλέψαμε	κλέψατε	έκλεψαν	κλέβε	κλέβετε	-
κλίνομαι	κλίνομαι	κλίνεσαι	κλίνεται	κλινόμαστε	κλίνεστε	κλίνονται	κλινόμουν	κλινόσουν	κλινόταν	κλινόμασταν	κλινόσασταν	κλίνονταν	κλίθηκα	κλίθηκες	κλίθηκε	κλιθήκαμε	κλιθήκατε	κλίθηκαν	κλίσου	κλιθείτε	-
κλίνω	-	-	-	-	-	-	έκλινα	έκλινες	έκλινε	κλίναμε	κλίνατε	έκλιναν	έκλινα	έκλινες	έκλινε	κλίναμε	κλίνατε	έκλιναν	κλίνε	κλίνετε	-
κλαίγω	-	-	-	κλαίγομε	-	-	έκλαιγα	έκλαιγες	έκλαιγε	κλαίγαμε	κλαίγατε	έκλαιγαν	έκλαψα	έκλαψες	έκλαψε	κλάψαμε	κλάψατε	έκλαψαν	κλάψε	κλάψτε	-
κλαίω	-	[{κλαίεις}]	-	[{κλαίομε}]	κλαίτε	[{κλαίουν}]	[{έκλαια}]	[{έκλαιες}]	[{έκλαιε}]	[{κλαίαμε}]	[{κλαίατε}]	[{έκλαιαν}]	[{έκλαυσα}]	[{έκλαυσες}]	[{έκλαυσε}]	[{εκλαύσαμεν}]	[{εκλαύσατε}]	[{έκλαυσαν}]	[{κλαίε}]	[{κλαύσετε}]	[{κλαίοντας}]
κλαδεύω	-	-	-	-	-	-	κλάδευα	κλάδευες	κλάδευε	κλαδεύαμε	κλαδεύατε	κλάδευαν	κλάδεψα	κλάδεψες	κλάδεψε	κλαδέψαμε	κλαδέψατε	κλάδεψαν	κλάδευε	κλαδέψτε	-
κλείνομαι	κλείνομαι	κλείνεσαι	κλείνεται	κλεινόμαστε	κλείνεστε	κλείνονται	κλεινόμουν	κλεινόσουν	κλεινόταν	κλεινόμασταν	κλεινόσασταν	κλείνονταν	κλείστηκα	κλείστηκες	κλείστηκε	κλειστήκαμε	κλειστήκατε	κλείστηκαν	κλείσου	κλειστείτε	-
κλειδώνομαι	κλειδώνομαι	κλειδώνεσαι	κλειδώνεται	κλειδωνόμαστε	κλειδωνόσαστε1	κλειδώνονται	κλειδωνόμουν	κλειδωνόσουν	κλειδωνόταν	κλειδωνόμασταν	κλειδωνόσασταν	κλειδωνόντανε	κλειδώθηκα	κλειδώθηκες	κλειδώθηκε	κλειδωθήκαμε	κλειδωθήκατε	κλειδωθήκανε	κλειδώσου	κλειδωθείτε	-
κλειδώνω	-	-	-	-	-	-	κλείδωνα	κλείδωνες	κλείδωνε	κλειδώναμε	κλειδώνατε	κλείδωναν	κλείδωσα	κλείδωσες	κλείδωσε	κλειδώσαμε	κλειδώσατε	κλείδωσαν	κλείδωνε	κλειδώνετε	-
κλικάρω	-	-	-	-	-	-	κλίκαρα	κλίκαρες	κλίκαρε	κλικάραμε	κλικάρατε	κλίκαραν	κλίκαρα	κλίκαρες	κλίκαρε	κλικάραμε	κλικάρατε	κλίκαραν	κλίκαρε	κλικάρετε	-
κλιμακώνομαι	κλιμακώνομαι	κλιμακώνεσαι	κλιμακώνεται	κλιμακωνόμαστε	κλιμακωνόσαστε1	κλιμακώνονται	κλιμακωνόμουν	κλιμακωνόσουν	κλιμακωνόταν	κλιμακωνόμασταν	κλιμακωνόσασταν	κλιμακωνόντανε	κλιμακώθηκα	κλιμακώθηκες	κλιμακώθηκε	κλιμακωθήκαμε	κλιμακωθήκατε	κλιμακωθήκανε	κλιμακώσου	κλιμακωθείτε	-
κλιμακώνω	-	-	-	-	-	-	κλιμάκωνα	κλιμάκωνες	κλιμάκωνε	κλιμακώναμε	κλιμακώνατε	κλιμάκωναν	κλιμάκωσα	κλιμάκωσες	κλιμάκωσε	κλιμακώσαμε	κλιμακώσατε	κλιμάκωσαν	κλιμάκωνε	κλιμακώνετε	-
κοιμάμαι	κοιμάμαι	κοιμάσαι	κοιμάται	κοιμούμαστε	κοιμάστε	κοιμούνται	κοιμόμουν	κοιμόσουν	κοιμόταν	κοιμούμαστε	κοιμόσασταν	κοιμούνταν	κοιμήθηκα	κοιμήθηκες	κοιμήθηκε	κοιμηθήκαμε	κοιμηθήκατε	κοιμήθηκαν	κοιμήσου	κοιμάστε	—
κοιμίζω	-	-	-	-	-	-	κοίμιζα	κοίμιζες	κοίμιζε	κοιμίζαμε	κοιμίζατε	κοίμιζαν	κοίμισα	κοίμισες	κοίμισε	κοιμίσαμε	κοιμίσατε	κοίμισαν	κοίμιζε	κοιμίζετε	-
κοινοποιώ	κοινοποιώ	κοινοποιείς	κοινοποιεί	κοινοποιούμε	κοινοποιείτε	κοινοποιούν	κοινοποιούσα	κοινοποιούσες	κοινοποιούσε	κοινοποιούσαμε	κοινοποιούσατε	κοινοποιούσαν	κοινοποίησα	κοινοποίησες	κοινοποίησε	κοινοποιήσαμε	κοινοποιήσατε	κοινοποίησαν	κοινοποίησε	κοινοποιήστε	κοινοποιώντας
κοινωνάω	-	κοινωνάς	κοινωνά	κοινωνάμε	κοινωνάτε	κοινωνάν	κοινωνούσα	κοινωνούσες	κοινωνούσε	κοινωνάγαμε	κοινωνάγατε	κοινωνάγανε	κοινώνησα	κοινώνησες	κοινώνησε	κοινωνήσαμε	κοινωνήσατε	κοινωνήσαν	κοινώνα	κοινωνάτε	κοινωνώντας
κοινωνώ	κοινωνάω	κοινωνάς	κοινωνάει	κοινωνάμε	κοινωνάτε	κοινωνάν	κοινωνούσα	κοινωνούσες	κοινωνούσε	κοινωνάγαμε	κοινωνάγατε	κοινωνάγανε	κοινώνησα	κοινώνησες	κοινώνησε	κοινωνήσαμε	κοινωνήσατε	κοινωνήσαν	κοινώνα	κοινωνήστε	κοινωνώντας
κοιτάζομαι	κοιτάζομαι	κοιτάζεσαι	κοιτάζεται	κοιταζόμαστε	κοιτάζεστε	κοιτάζονται	κοιταζόμουν	κοιταζόσουν	κοιταζόταν	κοιταζόμασταν	κοιταζόσασταν	κοιτάζονταν	κοιτάχτηκα	κοιτάχτηκες	κοιτάχτηκε	κοιταχτήκαμε	κοιταχτήκατε	κοιτάχτηκαν	κοιτάξου	κοιταχτείτε	-
κοιτάζω	-	-	-	-	-	-	κοίταζα	κοίταζες	κοίταζε	κοιτάζαμε	κοιτάζατε	κοίταζαν	κοίταξα	κοίταξες	κοίταξε	κοιτάξαμε	κοιτάξατε	κοίταξαν	κοίταζε	κοιτάζετε	-
κοιτάω	-	κοιτάς	κοιτά	κοιτάμε	κοιτάτε	κοιτάν	κοίταγα	κοίταγες	κοίταγε	κοιτάγαμε	κοιτάγατε	κοίταγαν	κοίταξα	κοίταξες	κοίταξε	κοιτάξαμε	κοιτάξατε	κοίταξαν	κοίτα	κοιτάξτε	κοιτώντας
κοιτιέμαι	κοιτιέμαι	κοιτιέσαι	κοιτιέται	κοιτιόμαστε	κοιτιέστε	κοιτιούνται	κοιτιόμουν	κοιτιόσουν	κοιτιόταν	κοιτιόμασταν	κοιτιόσασταν	κοιτιούνταν	κοιτάχτηκα	κοιτάχτηκες	κοιτάχτηκε	κοιταχτήκαμε	κοιταχτήκατε	κοιτάχτηκαν	κοιτάξου	κοιταχτείτε	—
κοιτώ	κοιτάω	κοιτάς	κοιτά	κοιτάμε	κοιτάτε	κοιτάν	κοίταγα	κοίταγες	κοίταγε	κοιτάγαμε	κοιτάγατε	κοίταγαν	κοίταξα	κοίταξες	κοίταξε	κοιτάξαμε	κοιτάξατε	κοίταξαν	κοίτα	κοιτάξτε	κοιτώντας
κοκαλώνω	-	-	-	-	-	-	κοκάλωνα	κοκάλωνες	κοκάλωνε	κοκαλώναμε	κοκαλώνατε	κοκάλωναν	κοκάλωσα	κοκάλωσες	κοκάλωσε	κοκαλώσαμε	κοκαλώσατε	κοκάλωσαν	κοκάλωνε	κοκαλώνετε	-
κοκκινίζω	-	-	-	-	-	-	κοκκίνιζα	κοκκίνιζες	κοκκίνιζε	κοκκινίζαμε	κοκκινίζατε	κοκκίνιζαν	κοκκίνισα	κοκκίνισες	κοκκίνισε	κοκκινίσαμε	κοκκινίσατε	κοκκίνισαν	κοκκίνιζε	κοκκινίζετε	-
κολλάω	-	κολλάς	κολλά	κολλάμε	κολλάτε	κολλάν	κολλούσα	κολλούσες	κολλούσε	κολλάγαμε	κολλάγατε	κολλούσαν	κόλλησα	κόλλησες	κόλλησε	κολλήσαμε	κολλήσατε	κολλήσαν	κόλλα	κολλάτε	κολλώντας
κολλώ	κολλάω	κολλάς	κολλά	κολλάμε	κολλάτε	κολλάν	κολλούσα	κολλούσες	κολλούσε	κολλάγαμε	κολλάγατε	κολλάγανε	κόλλησα	κόλλησες	κόλλησε	κολλήσαμε	κολλήσατε	κολλήσαν	κόλλα	κολλάτε	κολλώντας
κολυμπάω	-	κολυμπάς	κολυμπά	κολυμπάμε	κολυμπάτε	κολυμπάν	κολυμπούσα	κολυμπούσες	κολυμπούσε	κολυμπάγαμε	κολυμπάγατε	κολυμπούσαν	κολύμπησα	κολύμπησες	κολύμπησε	κολυμπήσαμε	κολυμπήσατε	κολυμπήσαν	κολύμπα	κολυμπάτε	κολυμπώντας
κονταίνω	-	-	-	-	-	-	κόνταινα	κόνταινες	κόνταινε	κονταίναμε	κονταίνατε	κονταίναν	κόντυνα	κόντυνες	κόντυνε	κοντύναμε	κοντύνατε	κοντύναν	κόνταινε	κονταίνετε	-
κοντρολάρω	-	-	-	-	-	-	κοντρολάριζα	κοντρολάριζες	κοντρολάριζε	κοντρολάραμε	κοντρολάρατε	κοντρολάραν	κοντρολάρισα	κοντρολάρισες	κοντρολάρισε	κοντρολάραμε	κοντρολάρατε	κοντρολάραν	κοντρολάριζε	κοντρολάρετε	-
κοπανίζω	-	-	-	-	-	-	κοπάνιζα	κοπάνιζες	κοπάνιζε	κοπανίζαμε	κοπανίζατε	κοπάνιζαν	κοπάνισα	κοπάνισες	κοπάνισε	κοπανίσαμε	κοπανίσατε	κοπάνισαν	κοπάνιζε	κοπανίζετε	-
κοπιάζω	-	-	-	-	-	-	κοπίαζα	κοπίαζες	κοπίαζε	κοπιάζαμε	κοπιάζατε	κοπίαζαν	κοπίασα	κοπίασες	κοπίασε	κοπιάσαμε	κοπιάσατε	κοπίασαν	κοπίαζε	κοπιάζετε	-
κορνάρω	-	-	-	-	-	-	κορνάριζα	κορνάριζες	κορνάριζε	κορνάραμε	κορνάρατε	κορνάραν	κορνάρισα	κορνάρισες	κορνάρισε	κορνάραμε	κορνάρατε	κορνάραν	κορνάριζε	κορνάρετε	-
κοροϊδεύω	-	-	-	-	-	-	κορόιδευα	κορόιδευες	κορόιδευε	κοροϊδεύαμε	κοροϊδεύατε	κοροϊδεύαν	κορόιδεψα	κορόιδεψες	κορόιδεψε	κοροϊδέψαμε	κοροϊδέψατε	κοροϊδέψαν	κορόιδευε	κοροϊδέψτε	-
κορυφώνω	-	-	-	-	-	-	κορύφωνα	κορύφωνες	κορύφωνε	κορυφώναμε	κορυφώνατε	κορυφώναν	κορύφωσα	κορύφωσες	κορύφωσε	κορυφώσαμε	κορυφώσατε	κορυφώσαν	κορύφωνε	κορυφώνετε	-
κοστίζω	-	-	-	-	-	-	κόστιζα	κόστιζες	κόστιζε	κοστίζαμε	κοστίζατε	κοστίζαν	κόστισα	κόστισες	κόστισε	κοστίσαμε	κοστίσατε	κοστίσαν	κόστιζε	κοστίζετε	-
κοτσάρω	-	-	-	-	-	-	κοτσάριζα	κοτσάριζες	κοτσάριζε	κοτσάραμε	κοτσάρατε	κοτσάραν	κοτσάρισα	κοτσάρισες	κοτσάρισε	κοτσάραμε	κοτσάρατε	κοτσάρανε	κοτσάριζε	κοτσάρετε	-
κουβαλάω	-	κουβαλάς	κουβαλά	κουβαλάμε	κουβαλάτε	κουβαλάν	κουβάλαγα	κουβάλαγες	κουβάλαγε	κουβαλάγαμε	κουβαλάγατε	κουβάλαγαν	κουβάλησα	κουβάλησες	κουβάλησε	κουβαλήσαμε	κουβαλήσατε	κουβάλησαν	κουβάλα	κουβαλάτε	κουβαλώντας
κουβαλώ	κουβαλάω	κουβαλάς	κουβαλά	κουβαλάμε	κουβαλάτε	κουβαλάν	κουβάλαγα	κουβάλαγες	κουβάλαγε	κουβαλάγαμε	κουβαλάγατε	κουβάλαγαν	κουβάλησα	κουβάλησες	κουβάλησε	κουβαλήσαμε	κουβαλήσατε	κουβάλησαν	κουβάλα	κουβάλα	κουβαλώντας
κουβεντιάζω	-	-	-	-	-	-	κουβέντιαζα	κουβέντιαζες	κουβέντιαζε	κουβεντιάζαμε	κουβεντιάζατε	κουβέντιαζαν	κουβέντιασα	κουβέντιασες	κουβέντιασε	κουβεντιάσαμε	κουβεντιάσατε	κουβέντιασαν	κουβέντιαζε	κουβεντιάζετε	-
κουδουνίζω	-	-	-	-	-	-	κουδούνιζα	κουδούνιζες	κουδούνιζε	κουδουνίζαμε	κουδουνίζατε	κουδουνίζαν	κουδούνισα	κουδούνισες	κουδούνισε	κουδουνίσαμε	κουδουνίσατε	κουδουνίσαν	κουδούνιζε	κουδουνίζετε	-
κουλουριάζομαι	κουλουριάζομαι	κουλουριάζεσαι	κουλουριάζεται	κουλουριαζόμαστε	κουλουριάζεστε	κουλουριάζονται	κουλουριαζόμουν	κουλουριαζόσουν	κουλουριαζόταν	κουλουριαζόμασταν	κουλουριαζόσασταν	κουλουριάζονταν	κουλουριάστηκα	κουλουριάστηκες	κουλουριάστηκε	κουλουριαστήκαμε	κουλουριαστήκατε	κουλουριάστηκαν	κουλουριάσου	κουλουριαστείτε	-
κουλουριάζω	-	-	-	-	-	-	κουλούριαζα	κουλούριαζες	κουλούριαζε	κουλουριάζαμε	κουλουριάζατε	κουλουριάζαν	κουλούριασα	κουλούριασες	κουλούριασε	κουλουριάσαμε	κουλουριάσατε	κουλουριάσαν	κουλούριαζε	κουλουριάζετε	-
κουμπώνομαι	κουμπώνομαι	κουμπώνεσαι	κουμπώνεται	κουμπωνόμαστε	κουμπωνόσαστε1	κουμπώνονται	κουμπωνόμουν	κουμπωνόσουν	κουμπωνόταν	κουμπωνόμασταν	κουμπωνόσασταν	κουμπωνόντανε	κουμπώθηκα	κουμπώθηκες	κουμπώθηκε	κουμπωθήκαμε	κουμπωθήκατε	κουμπωθήκανε	κουμπώσου	κουμπωθείτε	-
κουμπώνω	-	-	-	-	-	-	κούμπωνα	κούμπωνες	κούμπωνε	κουμπώναμε	κουμπώνατε	κουμπώναν	κούμπωσα	κούμπωσες	κούμπωσε	κουμπώσαμε	κουμπώσατε	κουμπώσαν	κούμπωνε	κουμπώνετε	-
κουνώ	κουνάω	κουνάς	κουνά	κουνάμε	κουνάτε	κουνάν	κουνούσα	κουνούσες	κουνούσε	κουνάγαμε	κουνάγατε	κουνούσαν	κούνησα	κούνησες	κούνησε	κουνήσαμε	κουνήσατε	κουνήσαν	κούνα	κουνάτε	κουνώντας
κουράζομαι	κουράζομαι	κουράζεσαι	κουράζεται	κουραζόμαστε	κουράζεστε	κουράζονται	κουραζόμουν	κουραζόσουν	κουραζόταν	κουραζόμασταν	κουραζόσασταν	κουράζονταν	κουράστηκα	κουράστηκες	κουράστηκε	κουραστήκαμε	κουραστήκατε	κουράστηκαν	κουράσου	κουραστείτε	-
κουράζω	-	-	-	-	-	-	κούραζα	κούραζες	κούραζε	κουράζαμε	κουράζατε	κουράζαν	κούρασα	κούρασες	κούρασε	κουράσαμε	κουράσατε	κουράσαν	κούραζε	κουράζετε	-
κουρελιάζομαι	κουρελιάζομαι	κουρελιάζεσαι	κουρελιάζεται	κουρελιαζόμαστε	κουρελιάζεστε	κουρελιάζονται	κουρελιαζόμουν	κουρελιαζόσουν	κουρελιαζόταν	κουρελιαζόμασταν	κουρελιαζόσασταν	κουρελιάζονταν	κουρελιάστηκα	κουρελιάστηκες	κουρελιάστηκε	κουρελιαστήκαμε	κουρελιαστήκατε	κουρελιάστηκαν	κουρελιάσου	κουρελιαστείτε	-
κουρελιάζω	-	-	-	-	-	-	κουρέλιαζα	κουρέλιαζες	κουρέλιαζε	κουρελιάζαμε	κουρελιάζατε	κουρέλιαζαν	κουρέλιασα	κουρέλιασες	κουρέλιασε	κουρελιάσαμε	κουρελιάσατε	κουρέλιασαν	κουρέλιαζε	κουρελιάζετε	-
κουρεύω	-	-	-	-	-	-	κούρευα	κούρευες	κούρευε	κουρεύαμε	κουρεύατε	κουρεύαν	κούρεψα	κούρεψες	κούρεψε	κουρέψαμε	κουρέψατε	κουρέψαν	κούρευε	κουρέψτε	-
κουτσαίνω	-	-	-	-	-	-	κούτσαινα	κούτσαινες	κούτσαινε	κουτσαίναμε	κουτσαίνατε	κουτσαίναν	κούτσανα	κούτσανες	κούτσανε	κουτσάναμε	κουτσάνατε	κουτσάναν	κούτσαινε	κουτσάνετε	-
κουτσομπολεύω	-	-	-	-	-	-	κουτσομπόλευα	κουτσομπόλευες	κουτσομπόλευε	κουτσομπολεύαμε	κουτσομπολεύατε	κουτσομπολεύαν	κουτσομπόλεψα	κουτσομπόλεψες	κουτσομπόλεψε	κουτσομπολέψαμε	κουτσομπολέψατε	κουτσομπολέψαν	κουτσομπόλευε	κουτσομπολέψτε	-
κουτσουλάω	-	κουτσουλάς	κουτσουλά	κουτσουλάμε	κουτσουλάτε	κουτσουλάν	κουτσουλούσα	κουτσουλούσες	κουτσουλούσε	κουτσουλάγαμε	κουτσουλάγατε	κουτσουλούσαν	κουτσούλησα	κουτσούλησες	κουτσούλησε	κουτσουλήσαμε	κουτσουλήσατε	κουτσουλήσαν	κουτσούλα	κουτσουλάτε	κουτσουλώντας
κουτσουλίζω	-	-	-	-	-	-	κουτσούλιζα	κουτσούλιζες	κουτσούλιζε	κουτσουλίζαμε	κουτσουλίζατε	κουτσουλίζαν	κουτσούλισα	κουτσούλισες	κουτσούλισε	κουτσουλίσαμε	κουτσουλίσατε	κουτσουλίσαν	κουτσούλιζε	κουτσουλίζετε	-
κουφαίνω	-	-	-	-	-	-	κούφαινα	κούφαινες	κούφαινε	κουφαίναμε	κουφαίνατε	κουφαίναν	κούφανα	κούφανες	κούφανε	κουφάναμε	κουφάνατε	κουφάναν	κούφαινε	κουφάνετε	-
κράζω	-	-	-	-	-	-	έκραζα	έκραζες	έκραζε	κράζαμε	κράζατε	έκραζαν	έκραξα	έκραξες	έκραξε	κράξαμε	κράξατε	έκραξαν	κράζε	κράζετε	-
κρίνω	-	-	-	-	-	-	έκρινα	έκρινες	έκρινε	κρίναμε	κρίνατε	έκριναν	έκρινα	έκρινες	έκρινε	κρίναμε	κρίνατε	έκριναν	κρίνε	κρίνετε	-
κρασάρω	-	-	-	-	-	-	κρασάρα	κρασάρες	κρασάρε	κρασάραμε	κρασάρατε	κρασάραν	κρασάρα	κρασάρες	κρασάρε	κρασάραμε	κρασάρατε	κρασάραν	κράσαρε	κρασάρετε	-
κρατάω	-	κρατάς	-	κρατάμε	κρατάτε	κρατάν	κράταγα	κράταγες	κράταγε	κρατάγαμε	κρατάγατε	κράταγαν	κράτησα	κράτησες	κράτησε	κρατήσαμε	κρατήσατε	κράτησαν	κράτα	κρατήστε	κρατώντας
κρατικοποιούμαι	κρατικοποιούμαι	κρατικοποιείσαι	κρατικοποιείται	κρατικοποιούμαστε	κρατικοποιείστε	κρατικοποιούνται	κρατικοποιιόμουν	κρατικοποιιόσουν	κρατικοποιιόταν	κρατικοποιιόμασταν	κρατικοποιιόσασταν	κρατικοποιιούνταν	κρατικοποιήθηκα	κρατικοποιήθηκες	κρατικοποιήθηκε	κρατικοποιηθήκαμε	κρατικοποιηθήκατε	κρατικοποιήθηκαν	κρατικοποιήσου	κρατικοποιείστε	—
κρατικοποιώ	κρατικοποιώ	κρατικοποιείς	κρατικοποιεί	κρατικοποιούμε	κρατικοποιείτε	κρατικοποιούν	κρατικοποιούσα	κρατικοποιούσες	κρατικοποιούσε	κρατικοποιούσαμε	κρατικοποιούσατε	κρατικοποιούσαν	κρατικοποίησα	κρατικοποίησες	κρατικοποίησε	κρατικοποιήσαμε	κρατικοποιήσατε	κρατικοποίησαν	κρατικοποίησε	κρατικοποιήστε	κρατικοποιώντας
κρατώ	κρατάω	κρατάς	κρατά	κρατάμε	κρατάτε	κρατάν	κράταγα	κράταγες	κράταγε	κρατάγαμε	κρατάγατε	κράταγαν	κράτησα	κράτησες	κράτησε	κρατήσαμε	κρατήσατε	κράτησαν	κράτα	κρατάτε	κρατώντας
κραυγάζω	-	-	-	-	-	-	κραύγαζα	κραύγαζες	κραύγαζε	κραυγάζαμε	κραυγάζατε	κραυγάζαν	κραύγασα	κραύγασες	κραύγασε	κραυγάσαμε	κραυγάσατε	κραυγάσαν	κραύγαζε	κραυγάζετε	-
κρεμάω	-	κρεμάς	κρεμά	κρεμάμε	κρεμάτε	κρεμάν	κρέμαγα	κρέμαγες	κρέμαγε	κρεμάγαμε	κρεμάγατε	κρέμαγαν	κρέμασα	κρέμασες	κρέμασε	κρεμάσαμε	κρεμάσατε	κρέμασαν	κρέμα	κρεμάστε	κρεμώντας
κρεμώ	κρεμάω	κρεμάς	κρεμά	κρεμάμε	κρεμάτε	κρεμάν	κρέμαγα	κρέμαγες	κρέμαγε	κρεμάγαμε	κρεμάγατε	κρέμαγαν	κρέμασα	κρέμασες	κρέμασε	κρεμάσαμε	κρεμάσατε	κρέμασαν	κρέμα	κρεμάστε	κρεμώντας
κροτώ	κροτώ	κροτείς	κροτεί	κροτούμε	κροτείτε	κροτούν	κροτούσα	κροτούσες	κροτούσε	κροτούσαμε	κροτούσατε	κροτούσαν	κρότησα	κρότησες	κρότησε	κροτήσαμε	κροτήσατε	κροτήσαν	κρότησε	κροτήστε	κροτώντας
κρούω	-	-	-	-	-	-	έκρουα	έκρουες	έκρουε	κρούαμε	κρούατε	έκρουαν	έκρουσα	έκρουσες	έκρουσε	κρούσαμε	κρούσατε	έκρουσαν	κρούε	κρούετε	-
κρυώνω	-	-	-	-	-	-	κρύωνα	κρύωνες	κρύωνε	κρυώναμε	κρυώνατε	κρυώναν	κρύωσα	κρύωσες	κρύωσε	κρυώσαμε	κρυώσατε	κρυώσαν	κρύωνε	κρυώνετε	-
κρύβω	-	-	-	-	-	-	έκρυβα	έκρυβες	έκρυβε	κρύβαμε	κρύβατε	έκρυβαν	έκρυψα	έκρυψες	έκρυψε	κρύψαμε	κρύψατε	έκρυψαν	κρύβε	κρύβετε	-
κρώζω	-	-	-	-	-	-	έκρωζα	έκρωζες	έκρωζε	κρώζαμε	κρώζατε	έκρωζαν	έκρωξα	έκρωξες	έκρωξε	κρώξαμε	κρώξατε	έκρωξαν	κρώζε	κρώζετε	-
κτίζομαι	κτίζομαι	κτίζεσαι	κτίζεται	κτιζόμαστε	κτίζεστε	κτίζονται	κτιζόμουν	κτιζόσουν	κτιζόταν	κτιζόμασταν	κτιζόσασταν	κτίζονταν	κτίστηκα	κτίστηκες	κτίστηκε	κτιστήκαμε	κτιστήκατε	κτίστηκαν	κτίσου	κτιστείτε	-
κτίζω	-	-	-	-	-	-	έκτιζα	έκτιζες	έκτιζε	κτίζαμε	κτίζατε	έκτιζαν	έκτισα	έκτισες	έκτισε	κτίσαμε	κτίσατε	έκτισαν	κτίζε	κτίζετε	-
κυβερνώ	κυβερνάω	κυβερνάς	κυβερνά	κυβερνάμε	κυβερνάτε	κυβερνάν	κυβερνούσα	κυβερνούσες	κυβερνούσε	κυβερνούσαμε	κυβερνούσατε	κυβερνούσαν	κυβέρνησα	κυβέρνησες	κυβέρνησε	κυβερνήσαμε	κυβερνήσατε	κυβέρνησαν	κυβέρνα	κυβερνάτε	κυβερνώντας
κυκλοφορούμαι	κυκλοφορούμαι	κυκλοφορείσαι	κυκλοφορείται	κυκλοφορούμαστε	κυκλοφορείστε	κυκλοφορούνται	κυκλοφοριόμουν	κυκλοφοριόσουν	κυκλοφοριόταν	κυκλοφοριόμασταν	κυκλοφοριόσασταν	κυκλοφοριούνταν	κυκλοφορήθηκα	κυκλοφορήθηκες	κυκλοφορήθηκε	κυκλοφορηθήκαμε	κυκλοφορηθήκατε	κυκλοφορήθηκαν	κυκλοφορήσου	κυκλοφορείστε	—
κυκλοφορώ	κυκλοφορώ	κυκλοφορείς	κυκλοφορεί	κυκλοφορούμε	κυκλοφορείτε	κυκλοφορούν	κυκλοφορούσα	κυκλοφορούσες	κυκλοφορούσε	κυκλοφορούσαμε	κυκλοφορούσατε	κυκλοφορούσαν	κυκλοφόρησα	κυκλοφόρησες	κυκλοφόρησε	κυκλοφορήσαμε	κυκλοφορήσατε	κυκλοφορήσαν	κυκλοφόρησε	κυκλοφορήστε	κυκλοφορώντας
κυκλώνω	-	-	-	-	-	-	κύκλωνα	κύκλωνες	κύκλωνε	κυκλώναμε	κυκλώνατε	κυκλώναν	κύκλωσα	κύκλωσες	κύκλωσε	κυκλώσαμε	κυκλώσατε	κυκλώσαν	κύκλωνε	κυκλώνετε	-
κυματίζω	-	-	-	-	-	-	κυμάτιζα	κυμάτιζες	κυμάτιζε	κυματίζαμε	κυματίζατε	κυμάτιζαν	κυμάτισα	κυμάτισες	κυμάτισε	κυματίσαμε	κυματίσατε	κυμάτισαν	κυμάτιζε	κυματίζετε	-
κυνηγάω	-	κυνηγάς	κυνηγά	κυνηγάμε	κυνηγάτε	κυνηγάν	κυνήγαγα	κυνήγαγες	κυνήγαγε	κυνηγάγαμε	κυνηγάγατε	κυνήγαγαν	κυνήγησα	κυνήγησες	κυνήγησε	κυνηγήσαμε	κυνηγήσατε	κυνήγησαν	κυνήγα	κυνηγάτε	κυνηγώντας
κυοφορούμαι	κυοφορούμαι	κυοφορείσαι	κυοφορείται	κυοφορούμαστε	κυοφορείστε	κυοφορούνται	κυοφοριόμουν	κυοφοριόσουν	κυοφοριόταν	κυοφοριόμασταν	κυοφοριόσασταν	κυοφοριούνταν	κυοφορήθηκα	κυοφορήθηκες	κυοφορήθηκε	κυοφορηθήκαμε	κυοφορηθήκατε	κυοφορήθηκαν	κυοφορήσου	κυοφορείστε	—
κυοφορώ	κυοφορώ	κυοφορείς	κυοφορεί	κυοφορούμε	κυοφορείτε	κυοφορούν	κυοφορούσα	κυοφορούσες	κυοφορούσε	κυοφορούσαμε	κυοφορούσατε	κυοφορούσαν	κυοφόρησα	κυοφόρησες	κυοφόρησε	κυοφορήσαμε	κυοφορήσατε	κυοφορήσαν	κυοφόρησε	κυοφορήστε	κυοφορώντας
κυριαρχώ	κυριαρχώ	κυριαρχείς	κυριαρχεί	κυριαρχούμε	κυριαρχείτε	κυριαρχούν	κυριαρχούσα	κυριαρχούσες	κυριαρχούσε	κυριαρχούσαμε	κυριαρχούσατε	κυριαρχούσαν	κυριάρχησα	κυριάρχησες	κυριάρχησε	κυριαρχήσαμε	κυριαρχήσατε	κυριάρχησαν	κυριάρχησε	κυριαρχήστε	κυριαρχώντας
κυριεύω	-	-	-	-	-	-	κυρίευα	κυρίευες	κυρίευε	κυριεύαμε	κυριεύατε	κυρίευαν	κυρίευσα	κυρίευσες	κυρίευσε	κυριέψαμε	κυριέψατε	κυρίευσαν	κυρίευε	κυριέψτε	-
κυρώνω	-	-	-	-	-	-	κύρωνα	κύρωνες	κύρωνε	κυρώναμε	κυρώνατε	κυρώναν	κύρωσα	κύρωσες	κύρωσε	κυρώσαμε	κυρώσατε	κυρώσαν	κύρωνε	κυρώνετε	-
κωλύω	-	-	-	-	-	κωλύουν[ε]	κώλυα	κώλυες	κώλυε	κωλύαμε	κωλύατε	κώλυαν	κώλυσα	κώλυσες	κώλυσε	κωλύσαμε	κωλύσατε	κώλυσαν	κώλυε	κωλύετε	-
κόβω	-	-	-	-	-	-	έκοβα	έκοβες	έκοβε	κόβαμε	κόβατε	έκοβαν	έκοψα	έκοψες	έκοψε	κόψαμε	κόψατε	έκοψαν	κόβε	κόβετε	-
λάμπω	-	-	-	-	-	-	έλαμπα	έλαμπες	έλαμπε	λάμπαμε	λάμπατε	έλαμπαν	έλαμψα	έλαμψες	έλαμψε	λάμψαμε	λάμψατε	έλαμψαν	λάμπε	λάμπετε	-
λέω	-	λες	-	λέμε	λέτε	λένε	έλεγα	έλεγες	έλεγε	λέγαμε	λέγατε	έλεγαν	είπα	είπες	είπε	είπαμε	είπατε	είπαν	λέγε	λέγετε	λέγοντας
λήγω	-	-	-	-	-	-	έληγα	έληγες	έληγε	λήγαμε	λήγατε	έληγαν	έληξα	έληξες	έληξε	λήξαμε	λήξατε	έληξαν	λήγε	λήγετε	λήγον
λαβαίνω	-	-	-	-	-	-	λάβαινα	λάβαινες	λάβαινε	λαβαίναμε	λαβαίνατε	λάβαιναν	έλαβα	έλαβες	έλαβε	λάβαμε	λάβατε	έλαβαν	λάβαινε	λαβαίνετε	-
λαλάω	-	λαλάς	λαλά	λαλάμε	λαλάτε	λαλάν	λάλαγα	λάλαγες	λάλαγε	λαλάγαμε	λαλάγατε	λάλαγαν	λάλησα	λάλησες	λάλησε	λαλήσαμε	λαλήσατε	λάλησαν	λάλα	λαλάτε	λαλώντας
λαλώ	λαλάω	λαλάς	λαλά	λαλάμε	λαλάτε	λαλάν	λάλαγα	λάλαγες	λάλαγε	λαλάγαμε	λαλάγατε	λαλάγανε	λάλησα	λάλησες	λάλησε	λαλήσαμε	λαλήσατε	λάλησαν	λάλα	λαλήστε	λαλώντας
λαμβάνω	-	-	-	-	-	-	λάμβανα	λάμβανες	λάμβανε	λαμβάναμε	λαμβάνατε	λάμβαναν	έλαβα	έλαβες	έλαβε	λάβαμε	λάβατε	έλαβαν	λάβε	λάβετε	-
λατρεύω	-	-	-	-	-	-	λάτρευα	λάτρευες	λάτρευε	λατρεύαμε	λατρεύατε	λάτρευαν	λάτρεψα	λάτρεψες	λάτρεψε	λατρέψαμε	λατρέψατε	λάτρεψαν	λάτρευ'	λατρέψτε	-
λαχανιάζω	-	-	-	-	-	-	λαχάνιαζα	λαχάνιαζες	λαχάνιαζε	λαχανιάζαμε	λαχανιάζατε	λαχάνιαζαν	λαχάνιασα	λαχάνιασες	λαχάνιασε	λαχανιάσαμε	λαχανιάσατε	λαχάνιασαν	λαχάνιαζε	λαχανιάζετε	-
λείπω	-	-	-	-	-	-	έλειπα	έλειπες	έλειπε	λείπαμε	λείπατε	έλειπαν	έλειψα	έλειψες	έλειψε	λείψαμε	λείψατε	έλειψαν	λείπε	λείπετε	-
λειώνω	-	-	-	-	-	-	έλειωνα	έλειωνες	έλειωνε	λειώναμε	λειώνατε	έλειωναν	έλειωσα	έλειωσες	έλειωσε	λειώσαμε	λειώσατε	έλειωσαν	λειώνε	λειώνετε	-
λεκιάζω	-	-	-	-	-	-	λέκιαζα	λέκιαζες	λέκιαζε	λεκιάζαμε	λεκιάζατε	λέκιαζαν	λέκιασα	λέκιασες	λέκιασε	λεκιάσαμε	λεκιάσατε	λέκιασαν	λεκιάζε	λεκιάζετε	-
λερώνομαι	λερώνομαι	λερώνεσαι	λερώνεται	λερωνόμαστε	λερωνόσαστε1	λερώνονται	λερωνόμουν	λερωνόσουν	λερωνόταν	λερωνόμασταν	λερωνόσασταν	λερωνόντανε	λερώθηκα	λερώθηκες	λερώθηκε	λερωθήκαμε	λερωθήκατε	λερωθήκανε	λερώσου	λερωθείτε	-
λερώνω	-	-	-	-	-	-	λέρωνα	λέρωνες	λέρωνε	λερώναμε	λερώνατε	λέρωναν	λέρωσα	λέρωσες	λέρωσε	λερώσαμε	λερώσατε	λέρωσαν	λέρωνε	λερώνετε	-
λεσβιάζω	-	-	-	-	-	-	λεσβίαζα	λεσβίαζες	λεσβίαζε	λεσβιάζαμε	λεσβιάζατε	λεσβίαζαν	λεσβίασα	λεσβίασες	λεσβίασε	λεσβιάσαμε	λεσβιάσατε	λεσβίασαν	λεσβίαζε	λεσβιάζετε	-
λευτερώνω	-	-	-	-	-	-	λευτερωνα	λευτερωνες	λευτερωνε	λευτερώναμε	λευτερώνατε	λευτερωναν	λευτερωσα	λευτερωσες	λευτερωσε	λευτερώσαμε	λευτερώσατε	λευτερωσαν	λευτερωνε	λευτερώνετε	-
λησμονώ	λησμονώ	λησμονείς	λησμονεί	λησμονούμε	λησμονείτε	λησμονούν	λησμονούσα	λησμονούσες	λησμονούσε	λησμονούσαμε	λησμονούσατε	λησμονούσαν	λησμόνησα	λησμόνησες	λησμόνησε	λησμονήσαμε	λησμονήσατε	λησμονήσαν	λησμόνησε	λησμονήστε	λησμονώντας
ληστεύω	-	-	-	-	-	-	λήστευα	λήστευες	λήστευε	ληστεύαμε	ληστεύατε	λήστευαν	λήστεψα	λήστεψες	λήστεψε	ληστέψαμε	ληστέψατε	λήστεψαν	λήστευ'	ληστέψτε	-
λιάζω	-	-	-	-	-	-	έλιαζα	έλιαζες	έλιαζε	λιάζαμε	λιάζατε	έλιαζαν	έλιασα	έλιασες	έλιασε	λιάσαμε	λιάσατε	έλιασαν	λιάζε	λιάζετε	-
λιγοστεύω	-	-	-	-	-	-	λιγόστευα	λιγόστευες	λιγόστευε	λιγοστεύαμε	λιγοστεύατε	λιγοστεύαν	λιγόστεψα	λιγόστεψες	λιγόστεψε	λιγοστέψαμε	λιγοστέψατε	λιγοστέψαν	λιγόστευε	λιγοστέψτε	-
λιποθυμάω	-	λιποθυμάς	λιποθυμά	λιποθυμάμε	λιποθυμάτε	λιποθυμάν	λιποθυμούσα	λιποθυμούσες	λιποθυμούσε	λιποθυμάγαμε	λιποθυμάγατε	λιποθυμούσαν	λιποθύμησα	λιποθύμησες	λιποθύμησε	λιποθυμήσαμε	λιποθυμήσατε	λιποθυμήσαν	λιποθύμα	λιποθυμάτε	λιποθυμώντας
λιποθυμώ	λιποθυμάω	λιποθυμάς	λιποθυμά	λιποθυμάμε	λιποθυμάτε	λιποθυμάν	λιποθυμούσα	λιποθυμούσες	λιποθυμούσε	λιποθυμάγαμε	λιποθυμάγατε	λιποθυμάγανε	λιποθύμησα	λιποθύμησες	λιποθύμησε	λιποθυμήσαμε	λιποθυμήσατε	λιποθυμήσαν	λιποθύμα	λιποθυμάτε	λιποθυμώντας
λιώνομαι	λιώνομαι	λιώνεσαι	λιώνεται	λιωνόμαστε	λιωνόσαστε1	λιώνονται	λιωνόμουν	λιωνόσουν	λιωνόταν	λιωνόμασταν	λιωνόσασταν	λιωνόντανε	λιώθηκα	λιώθηκες	λιώθηκε	λιωθήκαμε	λιωθήκατε	λιωθήκανε	λιώσου	λιωθείτε	-
λιώνω	-	-	-	-	-	-	έλιωνα	έλιωνες	έλιωνε	λιώναμε	λιώνατε	έλιωναν	έλιωσα	έλιωσες	έλιωσε	λιώσαμε	λιώσατε	έλιωσαν	λιώνε	λιώνετε	-
λογαριάζω	-	-	-	-	-	-	λογάριαζα	λογάριαζες	λογάριαζε	λογαριάζαμε	λογαριάζατε	λογάριαζαν	λογάριασα	λογάριασες	λογάριασε	λογαριάσαμε	λογαριάσατε	λογάριασαν	λογάριαζε	λογαριάζετε	-
λογοκρίνομαι	λογοκρίνομαι	λογοκρίνεσαι	λογοκρίνεται	λογοκρινόμαστε	λογοκρίνεστε	λογοκρίνονται	λογοκρινόμουν	λογοκρινόσουν	λογοκρινόταν	λογοκρινόμασταν	λογοκρινόσασταν	λογοκρίνονταν	λογοκρίθηκα	λογοκρίθηκες	λογοκρίθηκε	λογοκριθήκαμε	λογοκριθήκατε	λογοκρίθηκαν	λογοκρίσου	λογοκριθείτε	-
λογοκρίνω	-	-	-	-	-	-	λογόκρινα	λογόκρινες	λογόκρινε	λογοκρίναμε	λογοκρίνατε	λογοκρίναν	λογόκρινα	λογόκρινες	λογόκρινε	λογοκρίναμε	λογοκρίνατε	λογοκρίναν	λογόκρινε	λογοκρίνετε	-
λογχίζω	-	-	-	-	-	-	λόγχιζα	λόγχιζες	λόγχιζε	λογχίζαμε	λογχίζατε	λογχίζαν	λόγχισα	λόγχισες	λόγχισε	λογχίσαμε	λογχίσατε	λογχίσαν	λόγχιζε	λογχίζετε	-
λουφάρω	-	-	-	-	-	-	λουφάριζα	λουφάριζες	λουφάριζε	λουφάραμε	λουφάρατε	λουφάραν	λουφάρισα	λουφάρισες	λουφάρισε	λουφάραμε	λουφάρατε	λουφάρανε	λουφάριζε	λουφάρετε	-
λούζω	-	-	-	-	-	-	έλουζα	έλουζες	έλουζε	λούζαμε	λούζατε	έλουζαν	έλουσα	έλουσες	έλουσε	λούσαμε	λούσατε	έλουσαν	λούζε	λούζετε	-
λυπάμαι	λυπάμαι	λυπάσαι	λυπάται	λυπούμαστε	λυπάστε	λυπούνται	λυπόμουν	λυπόσουν	λυπόταν	λυπούμαστε	λυπόσασταν	λυπούνταν	λυπήθηκα	λυπήθηκες	λυπήθηκε	λυπηθήκαμε	λυπηθήκατε	λυπήθηκαν	λυπήσου	λυπάστε	—
λυπούμαι	λυπούμαι	λυπείσαι	λυπείται	λυπούμαστε	λυπείστε	λυπούνται	λυπιόμουν	λυπιόσουν	λυπιόταν	λυπιόμασταν	λυπιόσασταν	λυπιούνταν	λυπήθηκα	λυπήθηκες	λυπήθηκε	λυπηθήκαμε	λυπηθήκατε	λυπήθηκαν	λυπήσου	λυπείστε	—
λυπώ	λυπώ	λυπείς	λυπεί	λυπούμε	λυπείτε	λυπούν	λυπούσα	λυπούσες	λυπούσε	λυπούσαμε	λυπούσατε	λυπούσαν	λύπησα	λύπησες	λύπησε	λυπήσαμε	λυπήσατε	λυπήσαν	λύπησε	λυπήστε	λυπώντας
λυσσώ	λυσσάω	λυσσάς	λυσσά	λυσσάμε	λυσσάτε	λυσσάν	λυσσούσα	λυσσούσες	λυσσούσε	λυσσάγαμε	λυσσάγατε	λυσσάγανε	λύσσαξα	λύσσαξες	λύσσαξε	λυσσάξαμε	λυσσάξατε	λυσσάξαν	λύσσα	λυσσάξτε	λυσσώντας
λύνομαι	λύνομαι	λύνεσαι	λύνεται	λυνόμαστε	λυνόσαστε1	λύνονται	λυνόμουν	λυνόσουν	λυνόταν	λυνόμασταν	λυνόσασταν	λυνόντανε	λύθηκα	λύθηκες	λύθηκε	λυθήκαμε	λυθήκατε	λυθήκανε	λύσου	λυθείτε	-
λύνω	-	-	-	-	-	-	έλυνα	έλυνες	έλυνε	λύναμε	λύνατε	έλυναν	έλυσα	έλυσες	έλυσε	λύσαμε	λύσατε	έλυσαν	λύνε	λύνετε	-
μένω	-	-	-	-	-	-	έμενα	έμενες	έμενε	μέναμε	μένατε	έμεναν	έμεινα	έμεινες	έμεινε	μείναμε	μείνατε	έμειναν	μένε	μένετε	-
μαγειρεύω	-	-	-	-	-	-	μαγείρευα	μαγείρευες	μαγείρευε	μαγειρεύαμε	μαγειρεύατε	μαγείρευαν	μαγείρεψα	μαγείρεψες	μαγείρεψε	μαγειρέψαμε	μαγειρέψατε	μαγείρεψαν	μαγείρευε	μαγειρέψτε	-
μαγεύω	-	-	-	-	-	-	μάγευα	μάγευες	μάγευε	μαγεύαμε	μαγεύατε	μάγευαν	μάγεψα	μάγεψες	μάγεψε	μαγέψαμε	μαγέψατε	μάγεψαν	μάγευε	μαγέψτε	-
μαζεύομαι	μαζεύομαι	μαζεύεσαι	μαζεύεται	μαζευόμαστε	μαζευόσαστε1	μαζεύονται	μαζευόμουν	μαζευόσουν	μαζευόταν	μαζευόμασταν	μαζευόσασταν	μαζευόντανε	μαζεύτηκα	μαζεύτηκες	μαζεύτηκε	μαζευτήκαμε	μαζευτήκατε	μαζευτήκανε	μαζέψου	μαζευτείτε	-
μαζεύω	-	-	-	-	-	-	μάζευα	μάζευες	μάζευε	μαζεύαμε	μαζεύατε	μάζευαν	μάζεψα	μάζεψες	μάζεψε	μαζέψαμε	μαζέψατε	μάζεψαν	μάζευε	μαζέψτε	-
μαθαίνω	-	-	-	-	-	-	μάθαινα	μάθαινες	μάθαινε	μαθαίναμε	μαθαίνατε	μάθαιναν	έμαθα	έμαθες	έμαθε	μάθαμε	μάθατε	έμαθαν	μάθαινε	μάθετε	-
μακραίνω	-	-	-	-	-	-	μάκραινα	μάκραινες	μάκραινε	μακραίναμε	μακραίνατε	μάκραιναν	μάκρυνα	μάκρυνες	μάκρυνε	μακρύναμε	μακρύνατε	μάκρυναν	μάκραινε	μακραίνετε	-
μαλακίζομαι	μαλακίζομαι	μαλακίζεσαι	μαλακίζεται	μαλακιζόμαστε	μαλακίζεστε	μαλακίζονται	μαλακιζόμουν	μαλακιζόσουν	μαλακιζόταν	μαλακιζόμασταν	μαλακιζόσασταν	μαλακίζονταν	μαλακίστηκα	μαλακίστηκες	μαλακίστηκε	μαλακιστήκαμε	μαλακιστήκατε	μαλακίστηκαν	μαλακίσου	μαλακιστείτε	-
μαλακώνω	-	-	-	-	-	-	μαλάκωνα	μαλάκωνες	μαλάκωνε	μαλακώναμε	μαλακώνατε	μαλάκωναν	μαλάκωσα	μαλάκωσες	μαλάκωσε	μαλακώσαμε	μαλακώσατε	μαλάκωσαν	μαλάκωνε	μαλακώνετε	-
μαλώνω	-	-	-	-	-	-	μάλωνα	μάλωνες	μάλωνε	μαλώναμε	μαλώνατε	μάλωναν	μάλωσα	μάλωσες	μάλωσε	μαλώσαμε	μαλώσατε	μάλωσαν	μάλωνε	μαλώνετε	-
μαντεύω	-	-	-	-	-	-	μάντευα	μάντευες	μάντευε	μαντεύαμε	μαντεύατε	μάντευαν	μάντεψα	μάντεψες	μάντεψε	μαντέψαμε	μαντέψατε	μάντεψαν	μάντευε	μαντέψτε	-
μαραίνομαι	μαραίνομαι	μαραίνεσαι	μαραίνεται	μαραινόμαστε	μαραίνεστε	μαραίνονται	μαραινόμουν	μαραινόσουν	μαραινόταν	μαραινόμασταν	μαραινόσασταν	μαραίνονταν	μαράθηκα	μαράθηκες	μαράθηκε	μαραθήκαμε	μαραθήκατε	μαράθηκαν	—	μαραθείτε	-
μαραίνω	-	-	-	-	-	-	μάραινα	μάραινες	μάραινε	μαραίναμε	μαραίνατε	μάραιναν	μάρανα	μάρανες	μάρανε	μαράναμε	μαράνατε	μάραναν	μάραινε	μαράνετε	-
μαρκάρω	-	-	-	-	-	-	μάρκαρα	μάρκαρες	μάρκαρε	μαρκάραμε	μαρκάρατε	μάρκαραν	μάρκαρα	μάρκαρες	μάρκαρε	μαρκάραμε	μαρκάρατε	μάρκαραν	μάρκαρε	μαρκάρετε	-
μαρσάρω	-	-	-	-	-	-	μαρσάριζα	μαρσάριζες	μαρσάριζε	μαρσάραμε	μαρσάρατε	μαρσάραν	μαρσάρισα	μαρσάρισες	μαρσάρισε	μαρσάραμε	μαρσάρατε	μαρσάραν	μαρσάριζε	μαρσάρετε	-
μαρτυράω	-	μαρτυράς	μαρτυρά	μαρτυράμε	μαρτυράτε	μαρτυράν	μαρτυρούσα	μαρτυρούσες	μαρτυρούσε	μαρτυράγαμε	μαρτυράγατε	μαρτυράγανε	μαρτύρησα	μαρτύρησες	μαρτύρησε	μαρτυρήσαμε	μαρτυρήσατε	μαρτυρήσαν	μαρτύρα	μαρτυράτε	μαρτυρώντας
μαρτυρώ	μαρτυράω	μαρτυράς	μαρτυρά	μαρτυράμε	μαρτυράτε	μαρτυράν	μαρτυρούσα	μαρτυρούσες	μαρτυρούσε	μαρτυράγαμε	μαρτυράγατε	μαρτυράγανε	μαρτύρησα	μαρτύρησες	μαρτύρησε	μαρτυρήσαμε	μαρτυρήσατε	μαρτυρήσαν	μαρτύρα	μαρτυρήστε	μαρτυρώντας
μασάω	-	μασάς	μασά	μασάμε	μασάτε	μασάν	μάσαγα	μάσαγες	μάσαγε	μασάγαμε	μασάγατε	μάσαγαν	μάσησα	μάσησες	μάσησε	μασήσαμε	μασήσατε	μάσησαν	μάσα	μασάτε	μασώντας
μαστιγώνω	-	-	-	-	-	-	μαστίγωνα	μαστίγωνες	μαστίγωνε	μαστιγώναμε	μαστιγώνατε	μαστίγωναν	μαστίγωσα	μαστίγωσες	μαστίγωσε	μαστιγώσαμε	μαστιγώσατε	μαστίγωσαν	μαστίγωνε	μαστιγώνετε	-
ματαιώνω	-	-	-	-	-	-	ματαίωνα	ματαίωνες	ματαίωνε	ματαιώναμε	ματαιώνατε	ματαίωναν	ματαίωσα	ματαίωσες	ματαίωσε	ματαιώσαμε	ματαιώσατε	ματαίωσαν	ματαίωνε	ματαιώνετε	-
ματιάζω	-	-	-	-	-	-	μάτιαζα	μάτιαζες	μάτιαζε	ματιάζαμε	ματιάζατε	μάτιαζαν	μάτιασα	μάτιασες	μάτιασε	ματιάσαμε	ματιάσατε	μάτιασαν	μάτιαζε	ματιάζετε	-
ματοκυλίζω	-	-	-	-	-	-	ματοκύλιζα	ματοκύλιζες	ματοκύλιζε	ματοκυλίζαμε	ματοκυλίζατε	ματοκυλίζαν	ματοκύλισα	ματοκύλισες	ματοκύλισε	ματοκυλίσαμε	ματοκυλίσατε	ματοκυλίσαν	ματοκύλιζε	ματοκυλίζετε	-
ματώνω	-	-	-	-	-	-	μάτωνα	μάτωνες	μάτωνε	ματώναμε	ματώνατε	μάτωναν	μάτωσα	μάτωσες	μάτωσε	ματώσαμε	ματώσατε	μάτωσαν	μάτωνε	ματώνετε	-
μαυρίζω	-	-	-	-	-	-	μαύριζα	μαύριζες	μαύριζε	μαυρίζαμε	μαυρίζατε	μαυρίζαν	μαύρισα	μαύρισες	μαύρισε	μαυρίσαμε	μαυρίσατε	μαυρίσαν	μαύριζε	μαυρίζετε	-
μεγαλοποιώ	μεγαλοποιώ	μεγαλοποιείς	μεγαλοποιεί	μεγαλοποιούμε	μεγαλοποιείτε	μεγαλοποιούν	μεγαλοποιούσα	μεγαλοποιούσες	μεγαλοποιούσε	μεγαλοποιούσαμε	μεγαλοποιούσατε	μεγαλοποιούσαν	μεγαλοποίησα	μεγαλοποίησες	μεγαλοποίησε	μεγαλοποιήσαμε	μεγαλοποιήσατε	μεγαλοποίησαν	μεγαλοποίησε	μεγαλοποιήστε	μεγαλοποιώντας
μειώνομαι	μειώνομαι	μειώνεσαι	μειώνεται	μειωνόμαστε	μειωνόσαστε1	μειώνονται	μειωνόμουν	μειωνόσουν	μειωνόταν	μειωνόμασταν	μειωνόσασταν	μειωνόντανε	μειώθηκα	μειώθηκες	μειώθηκε	μειωθήκαμε	μειωθήκατε	μειωθήκανε	μειώσου	μειωθείτε	-
μειώνω	-	-	-	-	-	-	μείωνα	μείωνες	μείωνε	μειώναμε	μειώνατε	μείωναν	μείωσα	μείωσες	μείωσε	μειώσαμε	μειώσατε	μείωσαν	μείωνε	μειώνετε	-
μελαγχολώ	μελαγχολώ	μελαγχολείς	μελαγχολεί	μελαγχολούμε	μελαγχολείτε	μελαγχολούν	μελαγχολούσα	μελαγχολούσες	μελαγχολούσε	μελαγχολούσαμε	μελαγχολούσατε	μελαγχολούσαν	μελαγχόλησα	μελαγχόλησες	μελαγχόλησε	μελαγχολήσαμε	μελαγχολήσατε	μελαγχολήσαν	μελαγχόλησε	μελαγχολήστε	μελαγχολώντας
μελετάω	-	μελετάς	μελετά	μελετάμε	μελετάτε	μελετάν	μελέταγα	μελέταγες	μελέταγε	μελετάγαμε	μελετάγατε	μελέταγαν	μελέτησα	μελέτησες	μελέτησε	μελετήσαμε	μελετήσατε	μελέτησαν	μελέτα	μελετάτε	μελετώντας
μελετιέμαι	μελετιέμαι	μελετιέσαι	μελετιέται	μελετιόμαστε	μελετιέστε	μελετιούνται	μελετιόμουν	μελετιόσουν	μελετιόταν	μελετιόμασταν	μελετιόσασταν	μελετιούνταν	μελετήθηκα	μελετήθηκες	μελετήθηκε	μελετηθήκαμε	μελετηθήκατε	μελετήθηκαν	μελετήσου	μελετηθείτε	—
μελετώ	μελετάω	μελετάς	μελετά	μελετάμε	μελετάτε	μελετάν	μελέταγα	μελέταγες	μελέταγε	μελετάγαμε	μελετάγατε	μελέταγαν	μελέτησα	μελέτησες	μελέτησε	μελετήσαμε	μελετήσατε	μελέτησαν	μελέτα	μελετάτε	μελετώντας
μελετώμαι	μελετώμαι	μελετάσαι	μελετάται	μελετόμαστε	μελετάσθε	μελετώνται	—	—	—	—	—	—	μελετήθηκα	μελετήθηκες	μελετήθηκε	μελετηθήκαμε	μελετηθήκατε	μελετήθηκαν	μελετήσου	μελετάσθε	—
μελοποιώ	μελοποιώ	μελοποιείς	μελοποιεί	μελοποιούμε	μελοποιείτε	μελοποιούν	μελοποιούσα	μελοποιούσες	μελοποιούσε	μελοποιούσαμε	μελοποιούσατε	μελοποιούσαν	μελοποίησα	μελοποίησες	μελοποίησε	μελοποιήσαμε	μελοποιήσατε	μελοποίησαν	μελοποίησε	μελοποιήστε	μελοποιώντας
μερεύω	-	-	-	-	-	-	μέρευα	μέρευες	μέρευε	μερεύαμε	μερεύατε	μέρευαν	μέρεψα	μέρεψες	μέρεψε	μερέψαμε	μερέψατε	μέρεψαν	μέρευε	μερέψτε	-
μεροληπτώ	μεροληπτώ	μεροληπτείς	μεροληπτεί	μεροληπτούμε	μεροληπτείτε	μεροληπτούν	μεροληπτούσα	μεροληπτούσες	μεροληπτούσε	μεροληπτούσαμε	μεροληπτούσατε	μεροληπτούσαν	μερολήπτησα	μερολήπτησες	μερολήπτησε	μεροληπτήσαμε	μεροληπτήσατε	μερολήπτησαν	μερολήπτησε	μεροληπτήστε	μεροληπτώντας
μεσολαβώ	μεσολαβώ	μεσολαβείς	μεσολαβεί	μεσολαβούμε	μεσολαβείτε	μεσολαβούν	μεσολαβούσα	μεσολαβούσες	μεσολαβούσε	μεσολαβούσαμε	μεσολαβούσατε	μεσολαβούσαν	μεσολάβησα	μεσολάβησες	μεσολάβησε	μεσολαβήσαμε	μεσολαβήσατε	μεσολάβησαν	μεσολάβησε	μεσολαβήστε	μεσολαβώντας
μετέχω	-	-	-	-	-	-	μετείχα	μετείχες	μετείχε	μετέχαμε	μετέχατε	μετείχαν[ε]	μετείχα	[{μετέσχες}]	μετείχε	[{μετέσχομεν}]	[{μετέσχεμεν}]	μετείχαν	-	μετάσχτε	-
μεταγλωττίζω	-	-	-	-	-	-	μεταγλώττιζα	μεταγλώττιζες	μεταγλώττιζε	μεταγλωττίζαμε	μεταγλωττίζατε	μεταγλωττίζαν	μεταγλώττισα	μεταγλώττισες	μεταγλώττισε	μεταγλωττίσαμε	μεταγλωττίσατε	μεταγλωττίσαν	μεταγλώττιζε	μεταγλωττίζετε	-
μετακινώ	μετακινώ	μετακινείς	μετακινεί	μετακινούμε	μετακινείτε	μετακινούν	μετακινούσα	μετακινούσες	μετακινούσε	μετακινούσαμε	μετακινούσατε	μετακινούσαν	μετακίνησα	μετακίνησες	μετακίνησε	μετακινήσαμε	μετακινήσατε	μετακίνησαν	μετακίνησε	μετακινήστε	μετακινώντας
μετακομίζω	-	-	-	-	-	-	μετακόμίζα	μετακόμίζες	μετακόμίζε	μετακομίζαμε	μετακομίζατε	μετακομίζαν	μετακόμισα	μετακόμισες	μετακόμισε	μετακομίσαμε	μετακομίσατε	μετακομίσαν	μετακόμισε	μετακομίζετε	-
μεταμορφώνω	-	-	-	-	-	-	μεταμόρφωνα	μεταμόρφωνες	μεταμόρφωνε	μεταμορφώναμε	μεταμορφώνατε	μεταμορφώναν	μεταμόρφωσα	μεταμόρφωσες	μεταμόρφωσε	μεταμορφώσαμε	μεταμορφώσατε	μεταμορφώσαν	μεταμόρφωνε	μεταμορφώνετε	-
μεταρρυθμίζομαι	μεταρρυθμίζομαι	μεταρρυθμίζεσαι	μεταρρυθμίζεται	μεταρρυθμιζόμαστε	μεταρρυθμίζεστε	μεταρρυθμίζονται	μεταρρυθμιζόμουν	μεταρρυθμιζόσουν	μεταρρυθμιζόταν	μεταρρυθμιζόμασταν	μεταρρυθμιζόσασταν	μεταρρυθμίζονταν	μεταρρυθμίστηκα	μεταρρυθμίστηκες	μεταρρυθμίστηκε	μεταρρυθμιστήκαμε	μεταρρυθμιστήκατε	μεταρρυθμίστηκαν	μεταρρυθμίσου	μεταρρυθμιστείτε	-
μεταρρυθμίζω	-	-	-	-	-	-	μεταρρύθμιζα	μεταρρύθμιζες	μεταρρύθμιζε	μεταρρυθμίζαμε	μεταρρυθμίζατε	μεταρρυθμίζαν	μεταρρύθμισα	μεταρρύθμισες	μεταρρύθμισε	μεταρρυθμίσαμε	μεταρρυθμίσατε	μεταρρυθμίσαν	μεταρρύθμιζε	μεταρρυθμίζετε	-
μετατοπίζω	-	-	-	-	-	-	μετατόπιζα	μετατόπιζες	μετατόπιζε	μετατοπίζαμε	μετατοπίζατε	μετατοπίζαν	μετατόπισα	μετατόπισες	μετατόπισε	μετατοπίσαμε	μετατοπίσατε	μετατοπίσαν	μετατόπιζε	μετατοπίζετε	-
μετατρέπω	-	-	-	-	-	-	μετέτρεπα	μετέτρεπες	μετέτρεπε	μετατρέπαμε	μετατρέπατε	μετέτρεπαν	μετέτρεψα	μετέτρεψες	μετέτρεψε	μετατρέψαμε	μετατρέψατε	μετέτρεψαν	μετάτρεπε	μετατρέπετε	-
μεταφέρω	-	-	-	-	-	-	μετέφερα	μετέφερες	μετέφερε	μεταφέραμε	μεταφέρατε	μετέφεραν	μετέφερα	μετέφερες	μετέφερε	μεταφέραμε	μεταφέρατε	μετέφεραν	μετάφερε	μεταφέρετε	-
μεταφράζομαι	μεταφράζομαι	μεταφράζεσαι	μεταφράζεται	μεταφραζόμαστε	μεταφράζεστε	μεταφράζονται	μεταφραζόμουν	μεταφραζόσουν	μεταφραζόταν	μεταφραζόμασταν	μεταφραζόσασταν	μεταφράζονταν	μεταφράστηκα	μεταφράστηκες	μεταφράστηκε	μεταφραστήκαμε	μεταφραστήκατε	μεταφράστηκαν	μεταφράσου	μεταφραστείτε	-
μεταφράζω	-	-	-	-	-	-	μετάφραζα	μετάφραζες	μετάφραζε	μεταφράζαμε	μεταφράζατε	μετάφραζαν	μετάφρασα	μετάφρασες	μετάφρασε	μεταφράσαμε	μεταφράσατε	μετάφρασαν	μετάφραζε	μεταφράζετε	-
μεταφυτεύω	-	-	-	-	-	-	μεταφύτευα	μεταφύτευες	μεταφύτευε	μεταφυτεύαμε	μεταφυτεύατε	μεταφυτεύαν	μεταφύτεψα	μεταφύτεψες	μεταφύτεψε	μεταφυτέψαμε	μεταφυτέψατε	μεταφυτέψαν	μεταφύτευε	μεταφυτέψτε	-
μετονομάζω	-	-	-	-	-	-	μετονόμαζα	μετονόμαζες	μετονόμαζε	μετονομάζαμε	μετονομάζατε	μετονομάζαν	μετονόμασα	μετονόμασες	μετονόμασε	μετονομάσαμε	μετονομάσατε	μετονομάσαν	μετονόμαζε	μετονομάζετε	-
μετράω	-	μετράς	μετρά	μετράμε	μετράτε	μετράν	μέτραγα	μέτραγες	μέτραγε	μετράγαμε	μετράγατε	μέτραγαν	μέτρησα	μέτρησες	μέτρησε	μετρήσαμε	μετρήσατε	μέτρησαν	μέτρα	μετρήστε	μετρώντας
μετρώ	μετράω	μετράς	μετρά	μετράμε	μετράτε	μετράν	μέτραγα	μέτραγες	μέτραγε	μετράγαμε	μετράγατε	μέτραγαν	μέτρησα	μέτρησες	μέτρησε	μετρήσαμε	μετρήσατε	μέτρησαν	μέτρα	μετράτε	μετρώντας
μηνύω	-	-	-	-	-	-	μήνυα	μήνυες	μήνυε	μηνύαμε	μηνύατε	μήνυαν	μήνυσα	μήνυσες	μήνυσε	μηνύσαμε	μηνύσατε	μήνυσαν	μήνυε	μηνύετε	-
μικραίνω	-	-	-	-	-	-	μίκραινα	μίκραινες	μίκραινε	μικραίναμε	μικραίνατε	μίκραιναν	μίκρυνα	μίκρυνες	μίκρυνε	μικρύναμε	μικρύνατε	μίκρυναν	μίκραινε	μικραίνετε	-
μιλάω	-	μιλάς	-	μιλάμε	μιλάτε	μιλάν	μίλαγα	μίλαγες	μίλαγε	μιλάγαμε	μιλάγατε	μίλαγαν	μίλησα	μίλησες	μίλησε	μιλήσαμε	μιλήσατε	μίλησαν	μίλα	μιλάτε	μιλώντας
μιλιέμαι	μιλιέμαι	μιλιέσαι	μιλιέται	μιλιόμαστε	μιλιέστε	μιλιούνται	μιλιόμουν	μιλιόσουν	μιλιόταν	μιλιόμασταν	μιλιόσασταν	μιλιούνταν	μιλήθηκα	μιλήθηκες	μιλήθηκε	μιληθήκαμε	μιληθήκατε	μιλήθηκαν	μιλήσου	μιληθείτε	—
μιλώ	μιλάω	μιλάς	μιλά	μιλάμε	μιλάτε	μιλάν	μίλαγα	μίλαγες	μίλαγε	μιλάγαμε	μιλάγατε	μίλαγαν	μίλησα	μίλησες	μίλησε	μιλήσαμε	μιλήσατε	μίλησαν	μίλα	μιλάτε	μιλώντας
μισθώνομαι	μισθώνομαι	μισθώνεσαι	μισθώνεται	μισθωνόμαστε	μισθωνόσαστε1	μισθώνονται	μισθωνόμουν	μισθωνόσουν	μισθωνόταν	μισθωνόμασταν	μισθωνόσασταν	μισθωνόντανε	μισθώθηκα	μισθώθηκες	μισθώθηκε	μισθωθήκαμε	μισθωθήκατε	μισθωθήκανε	μισθώσου	μισθωθείτε	-
μισθώνω	-	-	-	-	-	-	μίσθωνα	μίσθωνες	μίσθωνε	μισθώναμε	μισθώνατε	μίσθωναν	μίσθωσα	μίσθωσες	μίσθωσε	μισθώσαμε	μισθώσατε	μίσθωσαν	μίσθωνε	μισθώνετε	-
μισούμαι	μισούμαι	μισείσαι	μισείται	μισούμαστε	μισείστε	μισούνται	μισιόμουν	μισιόσουν	μισιόταν	μισιόμασταν	μισιόσασταν	μισιούνταν	μισήθηκα	μισήθηκες	μισήθηκε	μισηθήκαμε	μισηθήκατε	μισήθηκαν	μισήσου	μισείστε	—
μισώ	μισώ	μισείς	μισεί	μισούμε	μισείτε	μισούν	μισούσα	μισούσες	μισούσε	μισούσαμε	μισούσατε	μισούσαν	μίσησα	μίσησες	μίσησε	μισήσαμε	μισήσατε	μίσησαν	μίσησε	μισήστε	μισώντας
μοιάζω	-	-	-	-	-	-	έμοιαζα	έμοιαζες	έμοιαζε	μοιάζαμε	μοιάζατε	έμοιαζαν	έμοιασα	έμοιασες	έμοιασε	μοιάσαμε	μοιάσατε	έμοιασαν	μοίαζε	μοιάζετε	-
μοιράζομαι	μοιράζομαι	μοιράζεσαι	μοιράζεται	μοιραζόμαστε	μοιράζεστε	μοιράζονται	μοιραζόμουν	μοιραζόσουν	μοιραζόταν	μοιραζόμασταν	μοιραζόσασταν	μοιράζονταν	μοιράστηκα	μοιράστηκες	μοιράστηκε	μοιραστήκαμε	μοιραστήκατε	μοιράστηκαν	μοιράσου	μοιραστείτε	-
μοιράζω	-	-	-	-	-	-	μοίραζα	μοίραζες	μοίραζε	μοιράζαμε	μοιράζατε	μοίραζαν	μοίρασα	μοίρασες	μοίρασε	μοιράσαμε	μοιράσατε	μοίρασαν	μοίραζε	μοιράζετε	-
μολογάω	-	μολογάς	μολογά	μολογάμε	μολογάτε	μολογάν	μολογούσα	μολογούσες	μολογούσε	μολογάγαμε	μολογάγατε	μολογούσαν	μολόγησα	μολόγησες	μολόγησε	μολογήσαμε	μολογήσατε	μολογήσαν	μολόγα	μολογάτε	μολογώντας
μολογώ	μολογάω	μολογάς	μολογά	μολογάμε	μολογάτε	μολογάν	μολογούσα	μολογούσες	μολογούσε	μολογάγαμε	μολογάγατε	μολογάγανε	μολόγησα	μολόγησες	μολόγησε	μολογήσαμε	μολογήσατε	μολογήσαν	μολόγα	μολογάτε	μολογώντας
μουγκρίζω	-	-	-	-	-	-	μούγκριζα	μούγκριζες	μούγκριζε	μουγκρίζαμε	μουγκρίζατε	μουγκρίζαν	μούγκρισα	μούγκρισες	μούγκρισε	μουγκρίσαμε	μουγκρίσατε	μουγκρίσαν	μούγκριζε	μουγκρίζετε	-
μουλιάζω	-	-	-	-	-	-	μούλιαζα	μούλιαζες	μούλιαζε	μουλιάζαμε	μουλιάζατε	μουλιάζαν	μούλιασα	μούλιασες	μούλιασε	μουλιάσαμε	μουλιάσατε	μουλιάσαν	μούλιαζε	μουλιάζετε	-
μουρμουρίζω	-	-	-	-	-	-	μουρμούριζα	μουρμούριζες	μουρμούριζε	μουρμουρίζαμε	μουρμουρίζατε	μουρμουρίζαν	μουρμούρισα	μουρμούρισες	μουρμούρισε	μουρμουρίσαμε	μουρμουρίσατε	μουρμουρίσαν	μουρμούριζε	μουρμουρίζετε	-
μουσκεύω	-	-	-	-	-	-	μούσκευα	μούσκευες	μούσκευε	μουσκεύαμε	μουσκεύατε	μουσκεύαν	μούσκεψα	μούσκεψες	μούσκεψε	μουσκέψαμε	μουσκέψατε	μουσκέψαν	μούσκευε	μουσκέψτε	-
μουχλιάζω	-	-	-	-	-	-	μούχλιαζα	μούχλιαζες	μούχλιαζε	μουχλιάζαμε	μουχλιάζατε	μουχλιάζαν	μούχλιασα	μούχλιασες	μούχλιασε	μουχλιάσαμε	μουχλιάσατε	μουχλιάσαν	μούχλιαζε	μουχλιάζετε	-
μοχθώ	μοχθώ	μοχθείς	μοχθεί	μοχθούμε	μοχθείτε	μοχθούν	μοχθούσα	μοχθούσες	μοχθούσε	μοχθούσαμε	μοχθούσατε	μοχθούσαν	μόχθησα	μόχθησες	μόχθησε	μοχθήσαμε	μοχθήσατε	μοχθήσαν	μόχθησε	μοχθήστε	μοχθώντας
μπαίνω	-	-	-	-	-	-	έμπαινα	έμπαινες	έμπαινε	μπαίναμε	μπαίνατε	έμπαιναν	μπήκα	μπήκες	μπήκε	μπήκαμε	μπήκατε	μπήκαν	έμπα	μπέστε	-
μπαλώνω	-	-	-	-	-	-	μπάλωνα	μπάλωνες	μπάλωνε	μπαλώναμε	μπαλώνατε	μπάλωναν	μπάλωσα	μπάλωσες	μπάλωσε	μπαλώσαμε	μπαλώσατε	μπάλωσαν	μπάλωνε	μπαλώνετε	-
μπαρκάρω	-	-	-	-	-	-	μπάρκαρα	μπάρκαρες	μπάρκαρε	μπαρκάραμε	μπαρκάρατε	μπάρκαραν	μπάρκαρα	μπάρκαρες	μπάρκαρε	μπαρκάραμε	μπαρκάρατε	μπάρκαραν	μπάρκαρε	μπαρκάρετε	-
μπερδεύω	-	-	-	-	-	-	μπέρδευα	μπέρδευες	μπέρδευε	μπερδεύαμε	μπερδεύατε	μπέρδευαν	μπέρδεψα	μπέρδεψες	μπέρδεψε	μπερδέψαμε	μπερδέψατε	μπέρδεψαν	μπέρδευε	μπερδέψτε	-
μπιζάρω	-	-	-	-	-	-	μπιζάριζα	μπιζάριζες	μπιζάριζε	μπιζάραμε	μπιζάρατε	μπιζάραν	μπιζάρισα	μπιζάρισες	μπιζάρισε	μπιζάραμε	μπιζάρατε	μπιζάραν	μπιζάριζε	μπιζάρετε	-
μπλέκω	-	-	-	-	-	-	έμπλεκα	έμπλεκες	έμπλεκε	μπλέκαμε	μπλέκατε	έμπλεκαν	έμπλεξα	έμπλεξες	έμπλεξε	μπλέξαμε	μπλέξατε	έμπλεξαν	μπλέκε	μπλέκετε	-
μπλοκάρω	-	-	-	-	-	-	μπλοκάριζα	μπλοκάριζες	μπλοκάριζε	μπλοκάραμε	μπλοκάρατε	μπλοκάραν	μπλοκάρισα	μπλοκάρισες	μπλοκάρισε	μπλοκάραμε	μπλοκάρατε	μπλοκάραν	μπλοκάριζε	μπλοκάρετε	-
μποδίζω	-	-	-	-	-	-	μπόδιζα	μπόδιζες	μπόδιζε	μποδίζαμε	μποδίζατε	μποδίζαν	μπόδισα	μπόδισες	μπόδισε	μποδίσαμε	μποδίσατε	μποδίσαν	μπόδιζε	μποδίζετε	-
μπορώ	μπορώ	μπορείς	μπορεί	μπορούμε	μπορείτε	μπορούν	μπορούσα	μπορούσες	μπορούσε	μπορούσαμε	μπορούσατε	μπορούσαν	μπόρεσα	μπόρεσες	μπόρεσε	μπορέσαμε	μπορέσατε	μπορέσαν	μπόρεσε	μπορέστε	μπορώντας
μπουμπουνίζω	-	-	-	-	-	-	μπουμπούνιζα	μπουμπούνιζες	μπουμπούνιζε	μπουμπουνίζαμε	μπουμπουνίζατε	μπουμπουνίζαν	μπουμπούνισα	μπουμπούνισες	μπουμπούνισε	μπουμπουνίσαμε	μπουμπουνίσατε	μπουμπουνίσαν	μπουμπούνιζε	μπουμπουνίζετε	-
μποϊκοτάρω	-	-	-	-	-	-	μποϊκοτάριζα	μποϊκοτάριζες	μποϊκοτάριζε	μποϊκοτάραμε	μποϊκοτάρατε	μποϊκοτάραν	μποϊκοτάρισα	μποϊκοτάρισες	μποϊκοτάρισε	μποϊκοτάραμε	μποϊκοτάρατε	μποϊκοτάραν	μποϊκοτάριζε	μποϊκοτάρετε	-
μυρίζομαι	μυρίζομαι	μυρίζεσαι	μυρίζεται	μυριζόμαστε	μυρίζεστε	μυρίζονται	μυριζόμουν	μυριζόσουν	μυριζόταν	μυριζόμασταν	μυριζόσασταν	μυρίζονταν	μυρίστηκα	μυρίστηκες	μυρίστηκε	μυριστήκαμε	μυριστήκατε	μυρίστηκαν	μυρίσου	μυριστείτε	-
μυρίζω	-	-	-	-	-	-	μύριζα	μύριζες	μύριζε	μυρίζαμε	μυρίζατε	μυρίζαν	μύρισα	μύρισες	μύρισε	μυρίσαμε	μυρίσατε	μυρίσαν	μύριζε	μυρίζετε	-
νευριάζω	-	-	-	-	-	-	νευρίαζα	νευρίαζες	νευρίαζε	νευριάζαμε	νευριάζατε	νευρίαζαν	νευρίασα	νευρίασες	νευρίασε	νευριάσαμε	νευριάσατε	νευρίασαν	νευρίαζε	νευριάζετε	-
νηστεύω	-	-	-	-	-	-	νήστευα	νήστευες	νήστευε	νηστεύαμε	νηστεύατε	νήστευαν	νήστευσα	νήστευσες	νήστευσε	νηστεύσαμε	νηστεύσατε	νήστευσαν	νήστευε	νηστεύετε	-
νιαουρίζω	-	-	-	-	-	-	νιαούριζα	νιαούριζες	νιαούριζε	νιαουρίζαμε	νιαουρίζατε	νιαουρίζαν	νιαούρισα	νιαούρισες	νιαούρισε	νιαουρίσαμε	νιαουρίσατε	νιαουρίσαν	νιαούριζε	νιαουρίζετε	-
νικάω	-	νικάς	νικά	νικάμε	νικάτε	νικάν	νίκαγα	νίκαγες	νίκαγε	νικάγαμε	νικάγατε	νίκαγαν	νίκησα	νίκησες	νίκησε	νικήσαμε	νικήσατε	νίκησαν	νίκα	νικάτε	νικώντας
νικώ	νικάω	νικάς	νικά	νικάμε	νικάτε	νικάν	νίκαγα	νίκαγες	νίκαγε	νικάγαμε	νικάγατε	νίκαγαν	νίκησα	νίκησες	νίκησε	νικήσαμε	νικήσατε	νίκησαν	νίκα	νικάτε	νικώντας
νιώθω	-	-	-	-	-	-	ένιωθα	ένιωθες	ένιωθε	νιώθαμε	νιώθατε	ένιωθαν	ένιωσα	ένιωσες	ένιωσε	νιώσαμε	νιώσατε	ένιωσαν	ένιωθε	νιώθετε	-
νοιάζομαι	νοιάζομαι	νοιάζεσαι	νοιάζεται	νοιαζόμαστε	νοιάζεστε	νοιάζονται	νοιαζόμουν	νοιαζόσουν	νοιαζόταν	νοιαζόμασταν	νοιαζόσασταν	νοιάζονταν	νοιάστηκα	νοιάστηκες	νοιάστηκε	νοιαστήκαμε	νοιαστήκατε	νοιάστηκαν	νοιάσου	νοιαστείτε	-
νοικιάζομαι	νοικιάζομαι	νοικιάζεσαι	νοικιάζεται	νοικιαζόμαστε	νοικιάζεστε	νοικιάζονται	νοικιαζόμουν	νοικιαζόσουν	νοικιαζόταν	νοικιαζόμασταν	νοικιαζόσασταν	νοικιάζονταν	νοικιάστηκα	νοικιάστηκες	νοικιάστηκε	νοικιαστήκαμε	νοικιαστήκατε	νοικιάστηκαν	νοικιάσου	νοικιαστείτε	-
νοικιάζω	-	-	-	-	-	-	νοίκιαζα	νοίκιαζες	νοίκιαζε	νοικιάζαμε	νοικιάζατε	νοίκιαζαν	νοίκιασα	νοίκιασες	νοίκιασε	νοικιάσαμε	νοικιάσατε	νοίκιασαν	νοίκιαζε	νοικιάζετε	-
νοιώθω	-	-	-	νοιώθομε	-	-	ένοιωθα	ένοιωθες	ένοιωθε	νοιώθαμε	νοιώθατε	ένοιωθαν	ένοιωσα	ένοιωσες	ένοιωσε	νοιώσαμε	νοιώσατε	ένοιωσαν	ένοιωθε	νοιώθετε	-
νομίζω	-	-	-	-	-	-	νόμιζα	νόμιζες	νόμιζε	νομίζαμε	νομίζατε	νομίζαν	νόμισα	νόμισες	νόμισε	νομίσαμε	νομίσατε	νομίσαν	νόμιζε	νομίζετε	-
νοσηλεύω	-	-	-	-	-	-	νοσήλευα	νοσήλευες	νοσήλευε	νοσηλεύαμε	νοσηλεύατε	νοσήλευαν	νοσήλευσα	νοσήλευσες	νοσήλευσε	νοσηλεύσαμε	νοσηλεύσατε	νοσήλευσαν	νοσήλευε	νοσηλεύετε	-
νοσταλγώ	νοσταλγώ	νοσταλγείς	νοσταλγεί	νοσταλγούμε	νοσταλγείτε	νοσταλγούν	νοσταλγούσα	νοσταλγούσες	νοσταλγούσε	νοσταλγούσαμε	νοσταλγούσατε	νοσταλγούσαν	νοστάλγησα	νοστάλγησες	νοστάλγησε	νοσταλγήσαμε	νοσταλγήσατε	νοστάλγησαν	νοστάλγησε	νοσταλγήστε	νοσταλγώντας
νοστιμίζω	-	-	-	-	-	-	νοστίμιζα	νοστίμιζες	νοστίμιζε	νοστιμίζαμε	νοστιμίζατε	νοστίμιζαν	νοστίμισα	νοστίμισες	νοστίμισε	νοστιμίσαμε	νοστιμίσατε	νοστίμισαν	νοστίμιζε	νοστιμίζετε	-
νοστιμεύω	-	-	-	-	-	-	νοστίμευα	νοστίμευες	νοστίμευε	νοστιμεύαμε	νοστιμεύατε	νοστίμευαν	νοστίμεψα	νοστίμεψες	νοστίμεψε	νοστιμέψαμε	νοστιμέψατε	νοστίμεψαν	νοστίμευ'	νοστιμέψτε	-
νοσώ	νοσώ	νοσείς	νοσεί	νοσούμε	νοσείτε	νοσούν	νοσούσα	νοσούσες	νοσούσε	νοσούσαμε	νοσούσατε	νοσούσαν	νόσησα	νόσησες	νόσησε	νοσήσαμε	νοσήσατε	νοσήσαν	νόσησε	νοσήστε	νοσώντας
ντουμπλάρω	-	-	-	-	-	-	ντουμπλάριζα	ντουμπλάριζες	ντουμπλάριζε	ντουμπλάραμε	ντουμπλάρατε	ντουμπλάραν	ντουμπλάρισα	ντουμπλάρισες	ντουμπλάρισε	ντουμπλάραμε	ντουμπλάρατε	ντουμπλάραν	ντουμπλάριζε	ντουμπλάρετε	-
ντροπιάζω	-	-	-	-	-	-	ντρόπιαζα	ντρόπιαζες	ντρόπιαζε	ντροπιάζαμε	ντροπιάζατε	ντροπιάζαν	ντρόπιασα	ντρόπιασες	ντρόπιασε	ντροπιάσαμε	ντροπιάσατε	ντροπιάσαν	ντρόπιαζε	ντροπιάζετε	-
ντύνω	-	-	-	-	-	-	έντυνα	έντυνες	έντυνε	ντύναμε	ντύνατε	έντυναν	έντυσα	έντυσες	έντυσε	ντύσαμε	ντύσατε	έντυσαν	ντύνε	ντύνετε	-
νυστάζω	-	-	-	-	-	-	νύσταζα	νύσταζες	νύσταζε	νυστάζαμε	νυστάζατε	νυστάζαν	νύσταξα	νύσταξες	νύσταξε	νυστάξαμε	νυστάξατε	νυστάξαν	νύσταζε	νυστάζετε	-
ξέρω	-	-	-	-	-	-	ήξερα	ήξερες	ήξερε	ξέραμε	ξέρατε	ήξεραν	-	-	-	-	-	-	ξέρε	ξέρετε	-
ξαίνω	-	-	-	-	-	-	έξαινα	έξαινες	έξαινε	ξαίναμε	ξαίνατε	έξαιναν	έξανα	έξανες	έξανε	ξάναμε	ξάνατε	έξαναν	ξάνε	ξάνετε	-
ξαγναντεύω	-	-	-	-	-	-	ξαγνάντευα	ξαγνάντευες	ξαγνάντευε	ξαγναντεύαμε	ξαγναντεύατε	ξαγνάντευαν	ξαγνάντεψα	ξαγνάντεψες	ξαγνάντεψε	ξαγναντέψαμε	ξαγναντέψατε	ξαγνάντεψαν	ξαγνάντευε	ξαγναντέψτε	-
ξαλεγράρω	-	-	-	-	-	-	ξαλεγράριζα	ξαλεγράριζες	ξαλεγράριζε	ξαλεγράραμε	ξαλεγράρατε	ξαλεγράραν	ξαλεγράρισα	ξαλεγράρισες	ξαλεγράρισε	ξαλεγράραμε	ξαλεγράρατε	ξαλεγράραν	ξαλεγράριζε	ξαλεγράρετε	-
ξαλμυρίζω	-	-	-	-	-	-	ξαλμύριζα	ξαλμύριζες	ξαλμύριζε	ξαλμυρίζαμε	ξαλμυρίζατε	ξαλμυρίζαν	ξαλμύρισα	ξαλμύρισες	ξαλμύρισε	ξαλμυρίσαμε	ξαλμυρίσατε	ξαλμυρίσαν	ξαλμύριζε	ξαλμυρίζετε	-
ξαναγράφω	-	-	-	-	-	-	ξανάγραφα	ξανάγραφες	ξανάγραφε	ξαναγράφαμε	ξαναγράφατε	ξανάγραφαν	ξανάγραψα	ξανάγραψες	ξανάγραψε	ξαναγράψαμε	ξαναγράψατε	ξανάγραψαν	ξαναγράφ'	ξαναγράφετε	-
ξαναμοιράζω	-	-	-	-	-	-	ξαναμοίραζα	ξαναμοίραζες	ξαναμοίραζε	ξαναμοιράζαμε	ξαναμοιράζατε	ξαναμοίραζαν	ξαναμοίρασα	ξαναμοίρασες	ξαναμοίρασε	ξαναμοιράσαμε	ξαναμοιράσατε	ξαναμοίρασαν	ξαναμοίραζε	ξαναμοιράζετε	-
ξαναπαίρνω	-	-	-	-	-	-	ξανάπαιρνα	ξανάπαιρνες	ξανάπαιρνε	ξαναπαίρναμε	ξαναπαίρνατε	ξανάπαιρναν	ξαναπήρα	ξαναπήρες	ξαναπήρε	ξαναπήραμε	ξαναπήρατε	ξαναπήραν	ξαναπάρε	ξαναπάρτε	-
ξαπλώνω	-	-	-	-	-	-	ξάπλωνα	ξάπλωνες	ξάπλωνε	ξαπλώναμε	ξαπλώνατε	ξάπλωναν	ξάπλωσα	ξάπλωσες	ξάπλωσε	ξαπλώσαμε	ξαπλώσατε	ξάπλωσαν	ξάπλωνε	ξαπλώνετε	-
ξαποσταίνω	-	-	-	-	-	-	ξαπόσταινα	ξαπόσταινες	ξαπόσταινε	ξαποσταίναμε	ξαποσταίνατε	ξαποσταίναν	ξαπόστασα	ξαπόστασες	ξαπόστασε	ξαποστάσαμε	ξαποστάσατε	ξαποστάσαν	ξαπόσταινε	ξαποστάστε	-
ξαραχνιάζω	-	-	-	-	-	-	ξαράχνιαζα	ξαράχνιαζες	ξαράχνιαζε	ξαραχνιάζαμε	ξαραχνιάζατε	ξαράχνιαζαν	ξαράχνιασα	ξαράχνιασες	ξαράχνιασε	ξαραχνιάσαμε	ξαραχνιάσατε	ξαράχνιασαν	ξαράχνιαζε	ξαραχνιάζετε	-
ξαρμυρίζω	-	-	-	-	-	-	ξαρμύριζα	ξαρμύριζες	ξαρμύριζε	ξαρμυρίζαμε	ξαρμυρίζατε	ξαρμυρίζαν	ξαρμύρισα	ξαρμύρισες	ξαρμύρισε	ξαρμυρίσαμε	ξαρμυρίσατε	ξαρμυρίσαν	ξαρμύριζε	ξαρμυρίζετε	-
ξασπρίζω	-	-	-	-	-	-	ξάσπριζα	ξάσπριζες	ξάσπριζε	ξασπρίζαμε	ξασπρίζατε	ξάσπριζαν	ξάσπρισα	ξάσπρισες	ξάσπρισε	ξασπρίσαμε	ξασπρίσατε	ξάσπρισαν	ξάσπριζε	ξασπρίζετε	-
ξαφνιάζω	-	-	-	-	-	-	ξάφνιαζα	ξάφνιαζες	ξάφνιαζε	ξαφνιάζαμε	ξαφνιάζατε	ξάφνιαζαν	ξάφνιασα	ξάφνιασες	ξάφνιασε	ξαφνιάσαμε	ξαφνιάσατε	ξάφνιασαν	ξάφνιαζε	ξαφνιάζετε	-
ξεγελάω	-	ξεγελάς	ξεγελά	ξεγελάμε	ξεγελάτε	ξεγελάν	ξεγέλαγα	ξεγέλαγες	ξεγέλαγε	ξεγελάγαμε	ξεγελάγατε	ξεγέλαγαν	ξεγέλασα	ξεγέλασες	ξεγέλασε	ξεγελάσαμε	ξεγελάσατε	ξεγέλασαν	ξεγέλα	ξεγελάστε	ξεγελώντας
ξεγράφω	-	-	-	-	-	-	ξέγραφα	ξέγραφες	ξέγραφε	ξεγράφαμε	ξεγράφατε	ξέγραφαν	ξέγραψα	ξέγραψες	ξέγραψε	ξεγράψαμε	ξεγράψατε	ξέγραψαν	ξέγραφ'	ξεγράφετε	-
ξεκαθαρίζω	-	-	-	-	-	-	ξεκαθάριζα	ξεκαθάριζες	ξεκαθάριζε	ξεκαθαρίζαμε	ξεκαθαρίζατε	ξεκαθάριζαν	ξεκαθάρισα	ξεκαθάρισες	ξεκαθάρισε	ξεκαθαρίσαμε	ξεκαθαρίσατε	ξεκαθάρισαν	ξεκαθάριζε	ξεκαθαρίζετε	-
ξεκαλοκαιριάζω	-	-	-	-	-	-	ξεκαλοκαίριαζα	ξεκαλοκαίριαζες	ξεκαλοκαίριαζε	ξεκαλοκαιριάζαμε	ξεκαλοκαιριάζατε	ξεκαλοκαίριαζαν	ξεκαλοκαίριασα	ξεκαλοκαίριασες	ξεκαλοκαίριασε	ξεκαλοκαιριάσαμε	ξεκαλοκαιριάσατε	ξεκαλοκαίριασαν	ξεκαλοκαίριαζε	ξεκαλοκαιριάζετε	-
ξεκινάω	-	ξεκινάς	ξεκινά	ξεκινάμε	ξεκινάτε	ξεκινάν	ξεκίναγα	ξεκίναγες	ξεκίναγε	ξεκινάγαμε	ξεκινάγατε	ξεκίναγαν	ξεκίνησα	ξεκίνησες	ξεκίνησε	ξεκινήσαμε	ξεκινήσατε	ξεκίνησαν	ξεκίνα	ξεκινάτε	ξεκινώντας
ξεκινώ	ξεκινάω	ξεκινάς	ξεκινά	ξεκινάμε	ξεκινάτε	ξεκινάν	ξεκίναγα	ξεκίναγες	ξεκίναγε	ξεκινάγαμε	ξεκινάγατε	ξεκίναγαν	ξεκίνησα	ξεκίνησες	ξεκίνησε	ξεκινήσαμε	ξεκινήσατε	ξεκίνησαν	ξεκίνα	ξεκινάτε	ξεκινώντας
ξεκλειδώνω	-	-	-	-	-	-	ξεκλείδωνα	ξεκλείδωνες	ξεκλείδωνε	ξεκλειδώναμε	ξεκλειδώνατε	ξεκλείδωναν	ξεκλείδωσα	ξεκλείδωσες	ξεκλείδωσε	ξεκλειδώσαμε	ξεκλειδώσατε	ξεκλείδωσαν	ξεκλείδωνε	ξεκλειδώνετε	-
ξεκουράζομαι	ξεκουράζομαι	ξεκουράζεσαι	ξεκουράζεται	ξεκουραζόμαστε	ξεκουράζεστε	ξεκουράζονται	ξεκουραζόμουν	ξεκουραζόσουν	ξεκουραζόταν	ξεκουραζόμασταν	ξεκουραζόσασταν	ξεκουράζονταν	ξεκουράστηκα	ξεκουράστηκες	ξεκουράστηκε	ξεκουραστήκαμε	ξεκουραστήκατε	ξεκουράστηκαν	ξεκουράσου	ξεκουραστείτε	-
ξεκουράζω	-	-	-	-	-	-	ξεκούραζα	ξεκούραζες	ξεκούραζε	ξεκουράζαμε	ξεκουράζατε	ξεκουράζαν	ξεκούρασα	ξεκούρασες	ξεκούρασε	ξεκουράσαμε	ξεκουράσατε	ξεκουράσαν	ξεκούραζε	ξεκουράζετε	-
ξεκωλιάζομαι	ξεκωλιάζομαι	ξεκωλιάζεσαι	ξεκωλιάζεται	ξεκωλιαζόμαστε	ξεκωλιάζεστε	ξεκωλιάζονται	ξεκωλιαζόμουν	ξεκωλιαζόσουν	ξεκωλιαζόταν	ξεκωλιαζόμασταν	ξεκωλιαζόσασταν	ξεκωλιάζονταν	ξεκωλιάστηκα	ξεκωλιάστηκες	ξεκωλιάστηκε	ξεκωλιαστήκαμε	ξεκωλιαστήκατε	ξεκωλιάστηκαν	ξεκωλιάσου	ξεκωλιαστείτε	-
ξεκωλιάζω	-	-	-	-	-	-	ξεκώλιαζα	ξεκώλιαζες	ξεκώλιαζε	ξεκωλιάζαμε	ξεκωλιάζατε	ξεκωλιάζαν	ξεκώλιασα	ξεκώλιασες	ξεκώλιασε	ξεκωλιάσαμε	ξεκωλιάσατε	ξεκωλιάσαν	ξεκώλιαζε	ξεκωλιάζετε	-
ξεκωλώνομαι	ξεκωλώνομαι	ξεκωλώνεσαι	ξεκωλώνεται	ξεκωλωνόμαστε	ξεκωλωνόσαστε1	ξεκωλώνονται	ξεκωλωνόμουν	ξεκωλωνόσουν	ξεκωλωνόταν	ξεκωλωνόμασταν	ξεκωλωνόσασταν	ξεκωλωνόντανε	ξεκωλώθηκα	ξεκωλώθηκες	ξεκωλώθηκε	ξεκωλωθήκαμε	ξεκωλωθήκατε	ξεκωλωθήκανε	ξεκωλώσου	ξεκωλωθείτε	-
ξεκωλώνω	-	-	-	-	-	-	ξεκώλωνα	ξεκώλωνες	ξεκώλωνε	ξεκωλώναμε	ξεκωλώνατε	ξεκωλώναν	ξεκώλωσα	ξεκώλωσες	ξεκώλωσε	ξεκωλώσαμε	ξεκωλώσατε	ξεκωλώσαν	ξεκώλωνε	ξεκωλώνετε	-
ξελογιάζω	-	-	-	-	-	-	ξελόγιαζα	ξελόγιαζες	ξελόγιαζε	ξελογιάζαμε	ξελογιάζατε	ξελογιάζαν	ξελόγιασα	ξελόγιασες	ξελόγιασε	ξελογιάσαμε	ξελογιάσατε	ξελογιάσαν	ξελόγιαζε	ξελογιάζετε	-
ξελύνω	-	-	-	-	-	-	ξέλυνα	ξέλυνες	ξέλυνε	ξελύναμε	ξελύνατε	ξέλυναν	ξέλυσα	ξέλυσες	ξέλυσε	ξελύσαμε	ξελύσατε	ξέλυσαν	ξέλυνε	ξελύνετε	-
ξεματιάζω	-	-	-	-	-	-	ξεμάτιαζα	ξεμάτιαζες	ξεμάτιαζε	ξεματιάζαμε	ξεματιάζατε	ξεμάτιαζαν	ξεμάτιασα	ξεμάτιασες	ξεμάτιασε	ξεματιάσαμε	ξεματιάσατε	ξεμάτιασαν	ξεμάτιαζε	ξεματιάζετε	-
ξεμπερδεύω	-	-	-	-	-	-	ξεμπέρδευα	ξεμπέρδευες	ξεμπέρδευε	ξεμπερδεύαμε	ξεμπερδεύατε	ξεμπέρδευαν	ξεμπέρδεψα	ξεμπέρδεψες	ξεμπέρδεψε	ξεμπερδέψαμε	ξεμπερδέψατε	ξεμπέρδεψαν	ξεμπέρδευ'	ξεμπερδέψτε	-
ξεμπλέκω	-	-	-	-	-	-	ξέμπλεκα	ξέμπλεκες	ξέμπλεκε	ξεμπλέκαμε	ξεμπλέκατε	ξέμπλεκαν	ξέμπλεξα	ξέμπλεξες	ξέμπλεξε	ξεμπλέξαμε	ξεμπλέξατε	ξέμπλεξαν	ξέμπλεξε	ξεμπλέκετε	-
ξεναγώ	ξεναγώ	ξεναγείς	ξεναγεί	ξεναγούμε	ξεναγείτε	ξεναγούν	ξεναγούσα	ξεναγούσες	ξεναγούσε	ξεναγούσαμε	ξεναγούσατε	ξεναγούσαν	ξενάγησα	ξενάγησες	ξενάγησε	ξεναγήσαμε	ξεναγήσατε	ξενάγησαν	ξενάγησε	ξεναγήστε	ξεναγώντας
ξεντύνω	-	-	-	-	-	-	ξέντυνα	ξέντυνες	ξέντυνε	ξεντύναμε	ξεντύνατε	ξέντυναν	ξέντυσα	ξέντυσες	ξέντυσε	ξεντύσαμε	ξεντύσατε	ξέντυσαν	ξέντυνε	ξεντύνετε	-
ξενυχτάω	-	ξενυχτάς	ξενυχτά	ξενυχτάμε	ξενυχτάτε	ξενυχτάν	ξενυχτούσα	ξενυχτούσες	ξενυχτούσε	ξενυχτάγαμε	ξενυχτάγατε	ξενυχτούσαν	ξενύχτησα	ξενύχτησες	ξενύχτησε	ξενυχτήσαμε	ξενυχτήσατε	ξενυχτήσαν	ξενύχταγε	ξενυχτάτε	ξενυχτώντας
ξενυχτίζω	-	-	-	-	-	-	ξενύχτιζα	ξενύχτιζες	ξενύχτιζε	ξενυχτίζαμε	ξενυχτίζατε	ξενυχτίζαν	ξενύχτισα	ξενύχτισες	ξενύχτισε	ξενυχτίσαμε	ξενυχτίσατε	ξενυχτίσαν	ξενύχτιζε	ξενυχτίζετε	-
ξενυχτώ	ξενυχτάω	ξενυχτάς	ξενυχτά	ξενυχτάμε	ξενυχτάτε	ξενυχτάν	ξενυχτούσα	ξενυχτούσες	ξενυχτούσε	ξενυχτάγαμε	ξενυχτάγατε	ξενυχτάγανε	ξενύχτησα	ξενύχτησες	ξενύχτησε	ξενυχτήσαμε	ξενυχτήσατε	ξενυχτήσαν	ξενύχτα	ξενυχτάτε	ξενυχτώντας
ξεπληρώνω	-	-	-	-	-	-	ξεπλήρωνα	ξεπλήρωνες	ξεπλήρωνε	ξεπληρώναμε	ξεπληρώνατε	ξεπλήρωναν	ξεπλήρωσα	ξεπλήρωσες	ξεπλήρωσε	ξεπληρώσαμε	ξεπληρώσατε	ξεπλήρωσαν	ξεπλήρωνε	ξεπληρώνετε	-
ξεποδαριάζω	-	-	-	-	-	-	ξεποδάριαζα	ξεποδάριαζες	ξεποδάριαζε	ξεποδαριάζαμε	ξεποδαριάζατε	ξεποδάριαζαν	ξεποδάριασα	ξεποδάριασες	ξεποδάριασε	ξεποδαριάσαμε	ξεποδαριάσατε	ξεποδάριασαν	ξεποδάριαζε	ξεποδαριάζετε	-
ξεπροβάλλω	-	-	-	-	-	-	ξεπρόβαλλα	ξεπρόβαλλες	ξεπρόβαλλε	ξεπροβάλλαμε	ξεπροβάλλατε	ξεπροβάλλαν	ξεπρόβαλα	ξεπρόβαλες	ξεπρόβαλε	ξεπροβάλαμε	ξεπροβάλατε	ξεπροβάλαν	ξεπρόβαλε	ξεπροβάλετε	-
ξεραίνομαι	ξεραίνομαι	ξεραίνεσαι	ξεραίνεται	ξεραινόμαστε	ξεραίνεστε	ξεραίνονται	ξεραινόμουν	ξεραινόσουν	ξεραινόταν	ξεραινόμασταν	ξεραινόσασταν	ξεραίνονταν	ξεράθηκα	ξεράθηκες	ξεράθηκε	ξεραθήκαμε	ξεραθήκατε	ξεράθηκαν	—	ξεραθείτε	-
ξεραίνω	-	-	-	-	-	-	ξέραινα	ξέραινες	ξέραινε	ξεραίναμε	ξεραίνατε	ξέραιναν	ξέρανα	ξέρανες	ξέρανε	ξεράναμε	ξεράνατε	ξέραναν	ξέραινε	ξεράνετε	-
ξεριζώνομαι	ξεριζώνομαι	ξεριζώνεσαι	ξεριζώνεται	ξεριζωνόμαστε	ξεριζωνόσαστε1	ξεριζώνονται	ξεριζωνόμουν	ξεριζωνόσουν	ξεριζωνόταν	ξεριζωνόμασταν	ξεριζωνόσασταν	ξεριζωνόντανε	ξεριζώθηκα	ξεριζώθηκες	ξεριζώθηκε	ξεριζωθήκαμε	ξεριζωθήκατε	ξεριζωθήκανε	ξεριζώσου	ξεριζωθείτε	-
ξεριζώνω	-	-	-	-	-	-	ξερίζωνα	ξερίζωνες	ξερίζωνε	ξεριζώναμε	ξεριζώνατε	ξερίζωναν	ξερίζωσα	ξερίζωσες	ξερίζωσε	ξεριζώσαμε	ξεριζώσατε	ξερίζωσαν	ξερίζωνε	ξεριζώνετε	-
ξερνάω	-	ξερνάς	ξερνά	ξερνάμε	ξερνάτε	ξερνάν	ξέρναγα	ξέρναγες	ξέρναγε	ξερνάγαμε	ξερνάγατε	ξέρναγαν	ξέρασα	ξέρασες	ξέρασε	ξεράσαμε	ξεράσατε	ξέρασαν	ξέρασε	ξεράστε	ξερνώντας
ξερνώ	ξερνάω	ξερνάς	ξερνά	ξερνάμε	ξερνάτε	ξερνάν	ξέραγα	ξέραγες	ξέραγε	ξερνάγαμε	ξερνάγατε	ξέραγαν	ξέρασα	ξέρασες	ξέρασε	ξερνάσαμε	ξερνάσατε	ξέρασαν	ξέρα	ξερνάστε	ξερνώντας
ξεσκίζομαι	ξεσκίζομαι	ξεσκίζεσαι	ξεσκίζεται	ξεσκιζόμαστε	ξεσκίζεστε	ξεσκίζονται	ξεσκιζόμουν	ξεσκιζόσουν	ξεσκιζόταν	ξεσκιζόμασταν	ξεσκιζόσασταν	ξεσκίζονταν	ξεσκίστηκα	ξεσκίστηκες	ξεσκίστηκε	ξεσκιστήκαμε	ξεσκιστήκατε	ξεσκίστηκαν	ξεσκίσου	ξεσκιστείτε	-
ξεσκίζω	-	-	-	-	-	-	ξέσκιζα	ξέσκιζες	ξέσκιζε	ξεσκίζαμε	ξεσκίζατε	ξέσκιζαν	ξέσκισα	ξέσκισες	ξέσκισε	ξεσκίσαμε	ξεσκίσατε	ξέσκισαν	ξέσκιζε	ξεσκίζετε	-
ξεσκατίζομαι	ξεσκατίζομαι	ξεσκατίζεσαι	ξεσκατίζεται	ξεσκατιζόμαστε	ξεσκατίζεστε	ξεσκατίζονται	ξεσκατιζόμουν	ξεσκατιζόσουν	ξεσκατιζόταν	ξεσκατιζόμασταν	ξεσκατιζόσασταν	ξεσκατίζονταν	ξεσκατίστηκα	ξεσκατίστηκες	ξεσκατίστηκε	ξεσκατιστήκαμε	ξεσκατιστήκατε	ξεσκατίστηκαν	ξεσκατίσου	ξεσκατιστείτε	-
ξεσκατίζω	-	-	-	-	-	-	ξεσκάτιζα	ξεσκάτιζες	ξεσκάτιζε	ξεσκατίζαμε	ξεσκατίζατε	ξεσκάτιζαν	ξεσκάτισα	ξεσκάτισες	ξεσκάτισε	ξεσκατίσαμε	ξεσκατίσατε	ξεσκάτισαν	ξεσκάτιζε	ξεσκατίζετε	-
ξεσκατώνομαι	ξεσκατώνομαι	ξεσκατώνεσαι	ξεσκατώνεται	ξεσκατωνόμαστε	ξεσκατωνόσαστε1	ξεσκατώνονται	ξεσκατωνόμουν	ξεσκατωνόσουν	ξεσκατωνόταν	ξεσκατωνόμασταν	ξεσκατωνόσασταν	ξεσκατωνόντανε	ξεσκατώθηκα	ξεσκατώθηκες	ξεσκατώθηκε	ξεσκατωθήκαμε	ξεσκατωθήκατε	ξεσκατωθήκανε	ξεσκατώσου	ξεσκατωθείτε	-
ξεσκατώνω	-	-	-	-	-	-	ξεσκάτωνα	ξεσκάτωνες	ξεσκάτωνε	ξεσκατώναμε	ξεσκατώνατε	ξεσκάτωναν	ξεσκάτωσα	ξεσκάτωσες	ξεσκάτωσε	ξεσκατώσαμε	ξεσκατώσατε	ξεσκάτωσαν	ξεσκάτωνε	ξεσκατώνετε	-
ξεσκονίζω	-	-	-	-	-	-	ξεσκόνιζα	ξεσκόνιζες	ξεσκόνιζε	ξεσκονίζαμε	ξεσκονίζατε	ξεσκονίζαν	ξεσκόνισα	ξεσκόνισες	ξεσκόνισε	ξεσκονίσαμε	ξεσκονίσατε	ξεσκονίσαν	ξεσκόνιζε	ξεσκονίζετε	-
ξεσπάω	-	ξεσπάς	ξεσπά	ξεσπάμε	ξεσπάτε	ξεσπάν	ξέσπαγα	ξέσπαγες	ξέσπαγε	ξεσπάγαμε	ξεσπάγατε	ξέσπαγαν	ξέσπασα	ξέσπασες	ξέσπασε	ξεσπάσαμε	ξεσπάσατε	ξέσπασαν	ξέσπα	ξεσπάστε	ξεσπώντας
ξεσπιτώνω	-	-	-	-	-	-	ξεσπίτωνα	ξεσπίτωνες	ξεσπίτωνε	ξεσπιτώναμε	ξεσπιτώνατε	ξεσπίτωναν	ξεσπίτωσα	ξεσπίτωσες	ξεσπίτωσε	ξεσπιτώσαμε	ξεσπιτώσατε	ξεσπίτωσαν	ξεσπίτωνε	ξεσπιτώνετε	-
ξεσχίζομαι	ξεσχίζομαι	ξεσχίζεσαι	ξεσχίζεται	ξεσχιζόμαστε	ξεσχίζεστε	ξεσχίζονται	ξεσχιζόμουν	ξεσχιζόσουν	ξεσχιζόταν	ξεσχιζόμασταν	ξεσχιζόσασταν	ξεσχίζονταν	ξεσχίστηκα	ξεσχίστηκες	ξεσχίστηκε	ξεσχιστήκαμε	ξεσχιστήκατε	ξεσχίστηκαν	ξεσχίσου	ξεσχιστείτε	-
ξεσχίζω	-	-	-	-	-	-	ξέσχιζα	ξέσχιζες	ξέσχιζε	ξεσχίζαμε	ξεσχίζατε	ξεσχίζαν	ξέσχισα	ξέσχισες	ξέσχισε	ξεσχίσαμε	ξεσχίσατε	ξέσχισαν	ξέσχισε	ξεσχίζετε	-
ξεφαντώνω	-	-	-	-	-	-	ξεφάντωνα	ξεφάντωνες	ξεφάντωνε	ξεφαντώναμε	ξεφαντώνατε	ξεφάντωναν	ξεφάντωσα	ξεφάντωσες	ξεφάντωσε	ξεφαντώσαμε	ξεφαντώσατε	ξεφάντωσαν	ξεφάντωνε	ξεφαντώνετε	-
ξεφλουδίζω	-	-	-	-	-	-	ξεφλούδιζα	ξεφλούδιζες	ξεφλούδιζε	ξεφλουδίζαμε	ξεφλουδίζατε	ξεφλουδίζαν	ξεφλούδισα	ξεφλούδισες	ξεφλούδισε	ξεφλουδίσαμε	ξεφλουδίσατε	ξεφλουδίσαν	ξεφλούδιζε	ξεφλουδίζετε	-
ξεφορτώνω	-	-	-	-	-	-	ξεφόρτωνα	ξεφόρτωνες	ξεφόρτωνε	ξεφορτώναμε	ξεφορτώνατε	ξεφορτώναν	ξεφόρτωσα	ξεφόρτωσες	ξεφόρτωσε	ξεφορτώσαμε	ξεφορτώσατε	ξεφορτώσαν	ξεφόρτωνε	ξεφορτώνετε	-
ξεφτίζω	-	-	-	-	-	-	ξέφτιζα	ξέφτιζες	ξέφτιζε	ξεφτίζαμε	ξεφτίζατε	ξέφτιζαν	ξέφτισα	ξέφτισες	ξέφτισε	ξεφτίσαμε	ξεφτίσατε	ξέφτισαν	ξέφτιζε	ξεφτίζετε	-
ξεχέζω	-	-	-	-	-	-	ξέχεζα	ξέχεζες	ξέχεζε	ξεχέζαμε	ξεχέζατε	ξέχεζαν	ξέχεσα	ξέχεσες	ξέχεσε	ξεχέσαμε	ξεχέσατε	ξέχεσαν	ξεχέζε	ξεχέζετε	-
ξεχειλίζω	-	-	-	-	-	-	ξεχείλιζα	ξεχείλιζες	ξεχείλιζε	ξεχειλίζαμε	ξεχειλίζατε	ξεχείλιζαν	ξεχείλισα	ξεχείλισες	ξεχείλισε	ξεχειλίσαμε	ξεχειλίσατε	ξεχείλισαν	ξεχείλιζε	ξεχειλίζετε	-
ξεχειμωνιάζω	-	-	-	-	-	-	ξεχειμώνιαζα	ξεχειμώνιαζες	ξεχειμώνιαζε	ξεχειμωνιάζαμε	ξεχειμωνιάζατε	ξεχειμωνιάζαν	ξεχειμώνιασα	ξεχειμώνιασες	ξεχειμώνιασε	ξεχειμωνιάσαμε	ξεχειμωνιάσατε	ξεχειμωνιάσαν	ξεχειμώνιαζε	ξεχειμωνιάζετε	-
ξεχνάω	-	ξεχνάς	ξεχνά	ξεχνάμε	ξεχνάτε	ξεχνάν	ξέχναγα	ξέχναγες	ξέχναγε	ξεχνάγαμε	ξεχνάγατε	ξέχναγαν	ξέχασα	ξέχασες	ξέχασε	ξεχάσαμε	ξεχάσατε	ξέχασαν	ξέχασε	ξεχάστε	ξεχνώντας
ξεχνιέμαι	ξεχνιέμαι	ξεχνιέσαι	ξεχνιέται	ξεχνιόμαστε	ξεχνιέστε	ξεχνιούνται	ξεχνιόμουν	ξεχνιόσουν	ξεχνιόταν	ξεχνιόμασταν	ξεχνιόσασταν	ξεχνιούνταν	ξεχάστηκα	ξεχάστηκες	ξεχάστηκε	ξεχαστήκαμε	ξεχαστήκατε	ξεχάστηκαν	ξεχάσου	ξεχαστείτε	—
ξεχνώ	ξεχνάω	ξεχνάς	ξεχνά	ξεχνάμε	ξεχνάτε	ξεχνάν	ξέχναγα	ξέχναγες	ξέχναγε	ξεχνάγαμε	ξεχνάγατε	ξέχναγαν	ξέχασα	ξέχασες	ξέχασε	ξεχάσαμε	ξεχάσατε	ξέχασαν	ξέχασε	ξεχάστε	ξεχνώντας
ξεχωρίζω	-	-	-	-	-	-	ξεχώριζα	ξεχώριζες	ξεχώριζε	ξεχωρίζαμε	ξεχωρίζατε	ξεχωρίζαν	ξεχώρισα	ξεχώρισες	ξεχώρισε	ξεχωρίσαμε	ξεχωρίσατε	ξεχωρίσαν	ξεχώριζε	ξεχωρίζετε	-
ξεψυχάω	-	ξεψυχάς	ξεψυχά	ξεψυχάμε	ξεψυχάτε	ξεψυχάν	ξεψυχούσα	ξεψυχούσες	ξεψυχούσε	ξεψυχάγαμε	ξεψυχάγατε	ξεψυχούσαν	ξεψύχησα	ξεψύχησες	ξεψύχησε	ξεψυχήσαμε	ξεψυχήσατε	ξεψυχήσαν	ξεψύχαγε	ξεψυχάτε	ξεψυχώντας
ξεψυχώ	ξεψυχάω	ξεψυχάς	ξεψυχά	ξεψυχάμε	ξεψυχάτε	ξεψυχάν	ξεψυχούσα	ξεψυχούσες	ξεψυχούσε	ξεψυχάγαμε	ξεψυχάγατε	ξεψυχάγανε	ξεψύχησα	ξεψύχησες	ξεψύχησε	ξεψυχήσαμε	ξεψυχήσατε	ξεψυχήσαν	ξεψύχα	ξεψυχάτε	ξεψυχώντας
ξημερώνω	-	-	-	-	-	-	ξημέρωνα	ξημέρωνες	ξημέρωνε	ξημερώναμε	ξημερώνατε	ξημέρωναν	ξημέρωσα	ξημέρωσες	ξημέρωσε	ξημερώσαμε	ξημερώσατε	ξημέρωσαν	ξημέρωνε	ξημερώνετε	-
ξοδεύω	-	-	-	-	-	-	ξόδευα	ξόδευες	ξόδευε	ξοδεύαμε	ξοδεύατε	ξοδεύαν	ξόδεψα	ξόδεψες	ξόδεψε	ξοδέψαμε	ξοδέψατε	ξοδέψαν	ξόδευε	ξοδέψτε	-
ξοδιάζω	-	-	-	-	-	-	ξόδιαζα	ξόδιαζες	ξόδιαζε	ξοδιάζαμε	ξοδιάζατε	ξοδιάζαν	ξόδιασα	ξόδιασες	ξόδιασε	ξοδιάσαμε	ξοδιάσατε	ξοδιάσαν	ξόδιαζε	ξοδιάζετε	-
ξυπνάω	-	ξυπνάς	ξυπνά	ξυπνάμε	ξυπνάτε	ξυπνάν	ξυπνούσα	ξυπνούσες	ξυπνούσε	ξυπνάγαμε	ξυπνάγατε	ξυπνούσαν	ξύπνησα	ξύπνησες	ξύπνησε	ξυπνήσαμε	ξυπνήσατε	ξυπνήσαν	ξύπνα	ξυπνάτε	ξυπνώντας
ξυπνώ	ξυπνάω	ξυπνάς	ξυπνά	ξυπνάμε	ξυπνάτε	ξυπνάν	ξυπνούσα	ξυπνούσες	ξυπνούσε	ξυπνάγαμε	ξυπνάγατε	ξυπνάγανε	ξύπνησα	ξύπνησες	ξύπνησε	ξυπνήσαμε	ξυπνήσατε	ξυπνήσαν	ξύπνα	ξυπνάτε	ξυπνώντας
ξυρίζομαι	ξυρίζομαι	ξυρίζεσαι	ξυρίζεται	ξυριζόμαστε	ξυρίζεστε	ξυρίζονται	ξυριζόμουν	ξυριζόσουν	ξυριζόταν	ξυριζόμασταν	ξυριζόσασταν	ξυρίζονταν	ξυρίστηκα	ξυρίστηκες	ξυρίστηκε	ξυριστήκαμε	ξυριστήκατε	ξυρίστηκαν	ξυρίσου	ξυριστείτε	-
ξυρίζω	-	-	-	-	-	-	ξύριζα	ξύριζες	ξύριζε	ξυρίζαμε	ξυρίζατε	ξυρίζαν	ξύρισα	ξύρισες	ξύρισε	ξυρίσαμε	ξυρίσατε	ξυρίσαν	ξύριζε	ξυρίζετε	-
ξύνω	-	-	-	-	-	-	έξυνα	έξυνες	έξυνε	ξύναμε	ξύνατε	έξυναν	έξυσα	έξυσες	έξυσε	ξύσαμε	ξύσατε	έξυσαν	ξύνε	ξύνετε	-
οδηγάω	-	οδηγάς	οδηγά	οδηγάμε	οδηγάτε	οδηγάν	οδήγαγα	οδήγαγες	οδήγαγε	οδηγάγαμε	οδηγάγατε	οδήγαγαν	οδήγησα	οδήγησες	οδήγησε	οδηγήσαμε	οδηγήσατε	οδήγησαν	οδήγα	οδηγάτε	οδηγώντας
οδηγούμαι	οδηγούμαι	οδηγείσαι	οδηγείται	οδηγούμαστε	οδηγείστε	οδηγούνται	οδηγιόμουν	οδηγιόσουν	οδηγιόταν	οδηγιόμασταν	οδηγιόσασταν	οδηγιούνταν	οδηγήθηκα	οδηγήθηκες	οδηγήθηκε	οδηγηθήκαμε	οδηγηθήκατε	οδηγήθηκαν	οδηγήσου	οδηγείστε	—
οδηγώ	οδηγώ	οδηγείς	οδηγεί	οδηγούμε	οδηγείτε	οδηγούν	οδηγούσα	οδηγούσες	οδηγούσε	οδηγούσαμε	οδηγούσατε	οδηγούσαν	οδήγησα	οδήγησες	οδήγησε	οδηγήσαμε	οδηγήσατε	οδήγησαν	οδήγησε	οδηγήστε	οδηγώντας
οικοδομούμαι	οικοδομούμαι	οικοδομείσαι	οικοδομείται	οικοδομούμαστε	οικοδομείστε	οικοδομούνται	οικοδομιόμουν	οικοδομιόσουν	οικοδομιόταν	οικοδομιόμασταν	οικοδομιόσασταν	οικοδομιούνταν	οικοδομήθηκα	οικοδομήθηκες	οικοδομήθηκε	οικοδομηθήκαμε	οικοδομηθήκατε	οικοδομήθηκαν	οικοδομήσου	οικοδομείστε	—
οικοδομώ	οικοδομώ	οικοδομείς	οικοδομεί	οικοδομούμε	οικοδομείτε	οικοδομούν	οικοδομούσα	οικοδομούσες	οικοδομούσε	οικοδομούσαμε	οικοδομούσατε	οικοδομούσαν	οικοδόμησα	οικοδόμησες	οικοδόμησε	οικοδομήσαμε	οικοδομήσατε	οικοδομήσαν	οικοδόμησε	οικοδομήστε	οικοδομώντας
οικονομάω	-	οικονομάς	-	οικονομάμε	οικονομάτε	οικονομάν	οικονομούσα	οικονομούσες	οικονομούσε	οικονομάγαμε	οικονομάγατε	οικονομούσαν	οικονόμησα	οικονόμησες	οικονόμησε	οικονομήσαμε	οικονομήσατε	οικονομήσαν	οικονόμα	οικονομάτε	οικονομώντας
οικονομώ	οικονομώ	οικονομάς	οικονομά	οικονομούμε	οικονομάτε	οικονομούν	οικονομούσα	οικονομούσες	οικονομούσε	οικονομούσαμε	οικονομούσατε	οικονομούσαν	οικονόμησα	οικονόμησες	οικονόμησε	οικονομήσαμε	οικονομήσατε	οικονομήσαν	οικονόμησε	οικονομήστε	οικονομώντας
ολισθαίνω	-	-	-	-	-	-	ολίσθαινα	ολίσθαινες	ολίσθαινε	ολισθαίναμε	ολισθαίνατε	ολίσθαιναν	ολίσθησα	ολίσθησες	ολίσθησε	ολισθήσαμε	ολισθήσατε	ολίσθησαν	ολίσθαινε	ολισθήστε	-
ολοκληρώνω	-	-	-	-	-	-	ολοκλήρωνα	ολοκλήρωνες	ολοκλήρωνε	ολοκληρώναμε	ολοκληρώνατε	ολοκλήρωναν	ολοκλήρωσα	ολοκλήρωσες	ολοκλήρωσε	ολοκληρώσαμε	ολοκληρώσατε	ολοκλήρωσαν	ολοκλήρωνε	ολοκληρώνετε	-
ομαδοποιώ	ομαδοποιώ	ομαδοποιείς	ομαδοποιεί	ομαδοποιούμε	ομαδοποιείτε	ομαδοποιούν	ομαδοποιούσα	ομαδοποιούσες	ομαδοποιούσε	ομαδοποιούσαμε	ομαδοποιούσατε	ομαδοποιούσαν	ομαδοποίησα	ομαδοποίησες	ομαδοποίησε	ομαδοποιήσαμε	ομαδοποιήσατε	ομαδοποίησαν	ομαδοποίησε	ομαδοποιήστε	ομαδοποιώντας
ομολογούμαι	ομολογούμαι	ομολογείσαι	ομολογείται	ομολογούμαστε	ομολογείστε	ομολογούνται	ομολογιόμουν	ομολογιόσουν	ομολογιόταν	ομολογιόμασταν	ομολογιόσασταν	ομολογιούνταν	ομολογήθηκα	ομολογήθηκες	ομολογήθηκε	ομολογηθήκαμε	ομολογηθήκατε	ομολογήθηκαν	ομολογήσου	ομολογείστε	—
ομολογώ	ομολογώ	ομολογείς	ομολογεί	ομολογούμε	ομολογείτε	ομολογούν	ομολογούσα	ομολογούσες	ομολογούσε	ομολογούσαμε	ομολογούσατε	ομολογούσαν	ομολόγησα	ομολόγησες	ομολόγησε	ομολογήσαμε	ομολογήσατε	ομολογήσαν	ομολόγησε	ομολογήστε	ομολογώντας
ομορφαίνω	-	-	-	-	-	-	ομόρφαινα	ομόρφαινες	ομόρφαινε	ομορφαίναμε	ομορφαίνατε	ομορφαίναν	ομόρφυνα	ομόρφυνες	ομόρφυνε	ομορφύναμε	ομορφύνατε	ομορφύναν	ομόρφαινε	ομορφαίνετε	-
ονειροπολώ	ονειροπολώ	ονειροπολείς	ονειροπολεί	ονειροπολούμε	ονειροπολείτε	ονειροπολούν	ονειροπολούσα	ονειροπολούσες	ονειροπολούσε	ονειροπολούσαμε	ονειροπολούσατε	ονειροπολούσαν	ονειροπόλησα	ονειροπόλησες	ονειροπόλησε	ονειροπολήσαμε	ονειροπολήσατε	ονειροπολήσαν	ονειροπόλησε	ονειροπολήστε	ονειροπολώντας
ονομάζομαι	ονομάζομαι	ονομάζεσαι	ονομάζεται	ονομαζόμαστε	ονομάζεστε	ονομάζονται	ονομαζόμουν	ονομαζόσουν	ονομαζόταν	ονομαζόμασταν	ονομαζόσασταν	ονομάζονταν	ονομάστηκα	ονομάστηκες	ονομάστηκε	ονομαστήκαμε	ονομαστήκατε	ονομάστηκαν	ονομάσου	ονομαστείτε	-
ονομάζω	-	-	-	-	-	-	ονόμαζα	ονόμαζες	ονόμαζε	ονομάζαμε	ονομάζατε	ονομάζαν	ονόμασα	ονόμασες	ονόμασε	ονομάσαμε	ονομάσατε	ονομάσαν	ονόμαζε	ονομάζετε	-
οπλίζομαι	οπλίζομαι	οπλίζεσαι	οπλίζεται	οπλιζόμαστε	οπλίζεστε	οπλίζονται	οπλιζόμουν	οπλιζόσουν	οπλιζόταν	οπλιζόμασταν	οπλιζόσασταν	οπλίζονταν	οπλίστηκα	οπλίστηκες	οπλίστηκε	οπλιστήκαμε	οπλιστήκατε	οπλίστηκαν	οπλίσου	οπλιστείτε	-
οπλίζω	-	-	-	-	-	-	όπλιζα	όπλιζες	όπλιζε	οπλίζαμε	οπλίζατε	οπλίζαν	όπλισα	όπλισες	όπλισε	οπλίσαμε	οπλίσατε	οπλίσαν	όπλιζε	οπλίζετε	-
ορίζομαι	ορίζομαι	ορίζεσαι	ορίζεται	οριζόμαστε	ορίζεστε	ορίζονται	οριζόμουν	οριζόσουν	οριζόταν	οριζόμασταν	οριζόσασταν	ορίζονταν	ορίστηκα	ορίστηκες	ορίστηκε	οριστήκαμε	οριστήκατε	ορίστηκαν	ορίσου	οριστείτε	-
ορίζω	-	-	-	-	-	-	όριζα	όριζες	όριζε	ορίζαμε	ορίζατε	ορίζαν	όρισα	όρισες	όρισε	ορίσαμε	ορίσατε	ορίσαν	όριζε	ορίζετε	-
οργίζω	-	-	-	-	-	-	όργιζα	όργιζες	όργιζε	οργίζαμε	οργίζατε	οργίζαν	όργισα	όργισες	όργισε	οργίσαμε	οργίσατε	οργίσαν	όργιζε	οργίζετε	-
οργανώνω	-	-	-	-	-	-	οργάνωνα	οργάνωνες	οργάνωνε	οργανώναμε	οργανώνατε	οργάνωναν	οργάνωσα	οργάνωσες	οργάνωσε	οργανώσαμε	οργανώσατε	οργάνωσαν	οργάνωνε	οργανώνετε	-
ορθώνω	-	-	-	-	-	-	όρθωνα	όρθωνες	όρθωνε	ορθώναμε	ορθώνατε	ορθώναν	όρθωσα	όρθωσες	όρθωσε	ορθώσαμε	ορθώσατε	ορθώσαν	όρθωνε	ορθώνετε	-
ορκίζομαι	ορκίζομαι	ορκίζεσαι	ορκίζεται	ορκιζόμαστε	ορκίζεστε	ορκίζονται	ορκιζόμουν	ορκιζόσουν	ορκιζόταν	ορκιζόμασταν	ορκιζόσασταν	ορκίζονταν	ορκίστηκα	ορκίστηκες	ορκίστηκε	ορκιστήκαμε	ορκιστήκατε	ορκίστηκαν	ορκίσου	ορκιστείτε	-
ορκίζω	-	-	-	-	-	-	όρκιζα	όρκιζες	όρκιζε	ορκίζαμε	ορκίζατε	ορκίζαν	όρκισα	όρκισες	όρκισε	ορκίσαμε	ορκίσατε	ορκίσαν	όρκιζε	ορκίζετε	-
ουρώ	ουρώ	ουρείς	ουρεί	ουρούμε	ουρείτε	ουρούν	ουρούσα	ουρούσες	ουρούσε	ουρούσαμε	ουρούσατε	ουρούσαν	ούρησα	ούρησες	ούρησε	ουρήσαμε	ουρήσατε	ουρήσαν	ούρησε	ουρήστε	ουρώντας
ουσιαστικοποιώ	ουσιαστικοποιώ	ουσιαστικοποιείς	ουσιαστικοποιεί	ουσιαστικοποιούμε	ουσιαστικοποιείτε	ουσιαστικοποιούν	ουσιαστικοποιούσα	ουσιαστικοποιούσες	ουσιαστικοποιούσε	ουσιαστικοποιούσαμε	ουσιαστικοποιούσατε	ουσιαστικοποιούσαν	ουσιαστικοποίησα	ουσιαστικοποίησες	ουσιαστικοποίησε	ουσιαστικοποιήσαμε	ουσιαστικοποιήσατε	ουσιαστικοποίησαν	ουσιαστικοποίησε	ουσιαστικοποιήστε	ουσιαστικοποιώντας
οφείλω	-	-	-	οφείλομε	-	-	όφειλα	όφειλες	όφειλε	οφείλαμε	οφείλατε	οφείλαν	-	-	-	-	-	-	όφειλε	οφείλετε	-
πάω	-	πας	-	πάμε	πάτε	πάνε	πήγαινα	πήγαινες	πήγαινε	πηγαίναμε	πηγαίνατε	πήγαιναν	πήγα	πήγες	πήγε	πήγαμε	πήγατε	πήγαν	πάνε	πάτε	πηγαίνοντας
πέμπω	-	-	-	-	-	-	έπεμπα	έπεμπες	έπεμπε	πέμπαμε	πέμπατε	έπεμπαν	έπεμψα	έπεμψες	έπεμψε	πέμψαμε	πέμψατε	έπεμψαν	πέμπε	πέμπετε	-
πέφτω	-	-	-	-	-	-	έπεφτα	έπεφτες	έπεφτε	πέφταμε	πέφτατε	έπεφταν	έπεσα	έπεσες	έπεσε	πέσαμε	πέσατε	έπεσαν	πέσε	πέστε	-
πίνω	-	-	-	-	-	-	έπινα	έπινες	έπινε	πίναμε	πίνατε	έπιναν	ήπια	ήπιες	ήπιε	ήπιαμε	ήπιατε	ήπιαν	πίνε	πίνετε	-
παίζω	-	-	-	-	-	-	έπαιζα	έπαιζες	έπαιζε	παίζαμε	παίζατε	έπαιζαν	έπαιξα	έπαιξες	έπαιξε	παίξαμε	παίξατε	έπαιξαν	παίζε	παίζετε	-
παίρνω	-	-	-	-	-	-	έπαιρνα	έπαιρνες	έπαιρνε	παίρναμε	παίρνατε	έπαιρναν	πήρα	πήρες	πήρε	πήραμε	πήρατε	πήραν	πάρε	πάρτε	-
παγιδεύω	-	-	-	-	-	-	παγίδευα	παγίδευες	παγίδευε	παγιδεύαμε	παγιδεύατε	παγίδευαν	παγίδευσα	παγίδευσες	παγίδευσε	παγιδέψαμε	παγιδέψατε	παγίδευσαν	παγιδεύε	παγιδεύετε	-
παγιώνω	-	-	-	-	-	-	παγίωνα	παγίωνες	παγίωνε	παγιώναμε	παγιώνατε	παγίωναν	παγίωσα	παγίωσες	παγίωσε	παγιώσαμε	παγιώσατε	παγίωσαν	παγίωνε	παγιώνετε	-
παγώνω	-	-	-	-	-	-	πάγωνα	πάγωνες	πάγωνε	παγώναμε	παγώνατε	πάγωναν	πάγωσα	πάγωσες	πάγωσε	παγώσαμε	παγώσατε	πάγωσαν	πάγωνε	παγώνετε	-
παζαρεύω	-	-	-	-	-	-	παζάρευα	παζάρευες	παζάρευε	παζαρεύαμε	παζαρεύατε	παζάρευαν	παζάρεψα	παζάρεψες	παζάρεψε	παζαρέψαμε	παζαρέψατε	παζάρεψαν	παζάρευε	παζαρέψτε	-
παθαίνω	-	-	-	-	-	-	πάθαινα	πάθαινες	πάθαινε	παθαίναμε	παθαίνατε	πάθαιναν	έπαθα	έπαθες	έπαθε	πάθαμε	πάθατε	έπαθαν	πάθαινε	παθαίνετε	-
παιδεύω	-	-	-	-	-	-	παίδευα	παίδευες	παίδευε	παιδεύαμε	παιδεύατε	παίδευαν	παίδεψα	παίδεψες	παίδεψε	παιδέψαμε	παιδέψατε	παίδεψαν	παίδευ'	παιδέψτε	-
πακετάρω	-	-	-	-	-	-	πακέταρα	πακέταρες	πακέταρε	πακετάραμε	πακετάρατε	πακέταραν	πακέταρα	πακέταρες	πακέταρε	πακετάραμε	πακετάρατε	πακέταραν	πακέταρε	πακετάρετε	-
παλεύω	-	-	-	-	-	-	πάλευα	πάλευες	πάλευε	παλεύαμε	παλεύατε	πάλευαν	πάλεψα	πάλεψες	πάλεψε	παλέψαμε	παλέψατε	πάλεψαν	πάλευε	παλέψτε	-
πανηγυρίζω	-	-	-	-	-	-	πανηγύριζα	πανηγύριζες	πανηγύριζε	πανηγυρίζαμε	πανηγυρίζατε	πανηγυρίζαν	πανηγύρισα	πανηγύρισες	πανηγύρισε	πανηγυρίσαμε	πανηγυρίσατε	πανηγυρίσαν	πανηγύριζε	πανηγυρίζετε	-
πανικοβάλλομαι	πανικοβάλλομαι	πανικοβάλλεσαι	πανικοβάλλεται	πανικοβαλλόμαστε	πανικοβάλλεστε	πανικοβάλλονται	πανικοβαλλόμουν	πανικοβαλλόσουν	πανικοβαλλόταν	πανικοβαλλόμασταν	πανικοβαλλόσασταν	πανικοβάλλονταν	πανικοβλήθηκα	πανικοβλήθηκες	πανικοβλήθηκε	πανικοβληθήκαμε	πανικοβληθήκατε	πανικοβλήθηκαν	—	πανικοβληθείτε	-
πανικοβάλλω	-	-	-	-	-	-	πανικόβαλλα	πανικόβαλλες	πανικόβαλλε	πανικοβάλλαμε	πανικοβάλλατε	πανικοβάλλαν	πανικόβαλα	πανικόβαλες	πανικόβαλε	πανικοβάλαμε	πανικοβάλατε	πανικοβάλαν	πανικόβαλε	πανικοβάλετε	-
παντρεύομαι	παντρεύομαι	παντρεύεσαι	παντρεύεται	παντρευόμαστε	παντρευόσαστε1	παντρεύονται	παντρευόμουν	παντρευόσουν	παντρευόταν	παντρευόμασταν	παντρευόσασταν	παντρευόντανε	παντρεύτηκα	παντρεύτηκες	παντρεύτηκε	παντρευτήκαμε	παντρευτήκατε	παντρευτήκανε	παντρέψου	παντρευτείτε	-
παντρεύω	-	-	-	-	-	-	πάντρευα	πάντρευες	πάντρευε	παντρεύαμε	παντρεύατε	πάντρευαν	πάντρεψα	πάντρεψες	πάντρεψε	παντρέψαμε	παντρέψατε	πάντρεψαν	πάντρευε	παντρέψτε	-
παπαγαλίζω	-	-	-	-	-	-	παπαγάλιζα	παπαγάλιζες	παπαγάλιζε	παπαγαλίζαμε	παπαγαλίζατε	παπαγάλιζαν	παπαγάλισα	παπαγάλισες	παπαγάλισε	παπαγαλίσαμε	παπαγαλίσατε	παπαγάλισαν	παπαγάλιζε	παπαγαλίζετε	-
παράγω	-	-	-	-	-	-	παρήγα	παρήγες	παρήγε	παράγαμε	παράγατε	παράγαν	παρήγαγα	παρήγαγες	παρήγαγε	παραγάγαμε	παραγάγατε	παρήγαγαν	παρήγαγε	παράγετε	-
παρέχω	-	-	-	-	-	-	παρείχα	παρείχες	παρείχε	παρέχαμε	παρέχατε	παρέχαν	παρείχα	[{παρέσχες}]	παρείχε	[{παρέσχομεν}]	[{παρέσχετε}]	[{παρέσχον}]	-	παράσχετε	-
παραβάλλω	-	-	-	-	-	-	παρέβαλλα	παρέβαλλες	παρέβαλλε	παραβάλλαμε	παραβάλλατε	παρέβαλλαν	παρέβαλα	παρέβαλες	παρέβαλε	παραβάλαμε	παραβάλατε	παρέβαλαν	παράβαλε	παραβάλετε	-
παραβλέπω	-	-	-	-	-	-	παράβλεπα	παράβλεπες	παράβλεπε	παραβλέπαμε	παραβλέπατε	παράβλεπαν	παρέβλεψα	παρέβλεψες	παρέβλεψε	παραβλέψαμε	παραβλέψατε	παρέβλεψαν	παράβλεπε	παραβλέπετε	-
παραγγέλλω	-	-	-	-	-	-	παράγγελλα	παράγγελλες	παράγγελλε	παραγγέλλαμε	παραγγέλλατε	παράγγελλαν	παράγγειλα	παράγγειλες	παράγγειλε	παραγγείλαμε	παραγγείλατε	παράγγειλαν	παράγγειλε	παραγγέλλετε	-
παραγκωνίζω	-	-	-	-	-	-	παραγκώνιζα	παραγκώνιζες	παραγκώνιζε	παραγκωνίζαμε	παραγκωνίζατε	παραγκωνίζαν	παραγκώνισα	παραγκώνισες	παραγκώνισε	παραγκωνίσαμε	παραγκωνίσατε	παραγκωνίσαν	παραγκώνιζε	παραγκωνίζετε	-
παραγράφω	-	-	-	-	-	-	παράγραφα	παράγραφες	παράγραφε	παραγράφαμε	παραγράφατε	παράγραφαν	παράγραψα	παράγραψες	παράγραψε	παραγράψαμε	παραγράψατε	παράγραψαν	παράγραφε	παραγράφετε	-
παραδέχομαι	παραδέχομαι	παραδέχεσαι	παραδέχεται	παραδεχόμαστε	παραδέχεστε	παραδέχονται	παραδεχόμουν	παραδεχόσουν	παραδεχόταν	παραδεχόμασταν	παραδεχόσασταν	παραδέχονταν	παραδέχθηκα	παραδέχθηκες	παραδέχθηκε	παραδεχθήκαμε	παραδεχθήκατε	παραδέχθηκαν	παραδέξου	παραδεχθείτε	-
παραδίδω	-	-	-	-	-	-	παρέδιδα	παρέδιδες	παρέδιδε	παραδίδαμε	παραδίδατε	παρέδιδαν	παράδωσα	παράδωσες	παράδωσε	παραδώσαμε	παραδώσατε	παράδωσαν	παράδιδε	παραδίδετε	-
παραδίνομαι	παραδίνομαι	παραδίνεσαι	παραδίνεται	παραδινόμαστε	παραδίνεστε	παραδίνονται	παραδινόμουν	παραδινόσουν	παραδινόταν	παραδινόμασταν	παραδινόσασταν	παραδίνονταν	παραδόθηκα	παραδόθηκες	παραδόθηκε	παραδοθήκαμε	παραδοθήκατε	παραδοθήκανε	παραδώσου	παραδοθείτε	-
παραδίνω	-	-	-	-	-	-	παρέδινα	παρέδινες	παρέδινε	παραδίναμε	παραδίνατε	παρέδιναν	παράδωσα	παράδωσες	παράδωσε	παραδώσαμε	παραδώσατε	παράδωσαν	παρέδινε	παραδίνετε	-
παρακάμπτω	-	-	-	-	-	-	παρέκαμπτα	παρέκαμπτες	παρέκαμπτε	παρακάμπταμε	παρακάμπτατε	παρέκαμπταν	παρέκαμψα	παρέκαμψες	παρέκαμψε	παρακάμψαμε	παρακάμψατε	παρέκαμψαν	παράκαμπτε	παρακάμπτετε	-
παρακαλάω	-	παρακαλάς	παρακαλά	παρακαλάμε	παρακαλάτε	παρακαλάν	παρακάλαγα	παρακάλαγες	παρακάλαγε	παρακαλάγαμε	παρακαλάγατε	παρακάλαγαν	παρακάλεσα	παρακάλεσες	παρακάλεσε	παρακαλέσαμε	παρακαλέσατε	παρακάλεσαν	παρακάλα	παρακαλάτε	παρακαλώντας
παρακαλώ	παρακαλώ	παρακαλείς	παρακαλεί	παρακαλούμε	παρακαλείτε	παρακαλούν	παρακαλούσα	παρακαλούσες	παρακαλούσε	παρακαλούσαμε	παρακαλούσατε	παρακαλούσαν	παρακάλεσα	παρακάλεσες	παρακάλεσε	παρακαλέσαμε	παρακαλέσατε	παρακάλεσαν	παρακάλεσε	παρακαλέστε	παρακαλώντας
παρακοιμάμαι	παρακοιμάμαι	παρακοιμάσαι	παρακοιμάται	παρακοιμούμαστε	παρακοιμάστε	παρακοιμούνται	παρακοιμόμουν	παρακοιμόσουν	παρακοιμόταν	παρακοιμούμαστε	παρακοιμόσασταν	παρακοιμούνταν	παρακοιμήθηκα	παρακοιμήθηκες	παρακοιμήθηκε	παρακοιμηθήκαμε	παρακοιμηθήκατε	παρακοιμήθηκαν	παρακοιμήσου	παρακοιμάστε	—
παρακολουθούμαι	παρακολουθούμαι	παρακολουθείσαι	παρακολουθείται	παρακολουθούμαστε	παρακολουθείστε	παρακολουθούνται	παρακολουθιόμουν	παρακολουθιόσουν	παρακολουθιόταν	παρακολουθιόμασταν	παρακολουθιόσασταν	παρακολουθιούνταν	παρακολουθήθηκα	παρακολουθήθηκες	παρακολουθήθηκε	παρακολουθηθήκαμε	παρακολουθηθήκατε	παρακολουθήθηκαν	παρακολουθήσου	παρακολουθείστε	—
παρακολουθώ	παρακολουθώ	παρακολουθείς	παρακολουθεί	παρακολουθούμε	παρακολουθείτε	παρακολουθούν	παρακολουθούσα	παρακολουθούσες	παρακολουθούσε	παρακολουθούσαμε	παρακολουθούσατε	παρακολουθούσαν	παρακολούθησα	παρακολούθησες	παρακολούθησε	παρακολουθήσαμε	παρακολουθήσατε	παρακολουθήσαν	παρακολούθησε	παρακολουθήστε	παρακολουθώντας
παρακωλύω	-	-	-	-	-	-	παρακώλυα	παρακώλυες	παρακώλυε	παρακωλύαμε	παρακωλύατε	παρακωλύαν	παρακώλυσα	παρακώλυσες	παρακώλυσε	παρακωλύσαμε	παρακωλύσατε	παρακωλύσαν	παρακώλυε	παρακωλύετε	-
παραλαβαίνω	-	-	-	-	-	-	παραλάβαινα	παραλάβαινες	παραλάβαινε	παραλαβαίναμε	παραλαβαίνατε	παραλάβαιναν	παρέλαβα	παρέλαβες	παρέλαβε	παραλάβαμε	παραλάβατε	παραλάβαν	παραλάβαινε	παραλάβετε	-
παραλαμβάνω	-	-	-	-	-	-	παραλάμβανα	παραλάμβανες	παραλάμβανε	παραλαμβάναμε	παραλαμβάνατε	παραλάμβαναν	παρέλαβα	παρέλαβες	παρέλαβε	παραλάβαμε	παραλάβατε	παρέλαβαν	παράλαβε	παραλάβετε	-
παραλείπω	-	-	-	-	-	-	παρέλειπα	παρέλειπες	παρέλειπε	παραλείπαμε	παραλείπατε	παρέλειπαν	παρέλειψα	παρέλειψες	παρέλειψε	παραλείψαμε	παραλείψατε	παρέλειψαν	παράλειπε	παραλείπετε	-
παραλύω	-	-	-	-	-	-	παρέλυα	παρέλυες	παρέλυε	παραλύαμε	παραλύατε	παρέλυαν	παρέλυσα	παρέλυσες	παρέλυσε	παραλύσαμε	παραλύσατε	παρέλυσαν	παράλυε	παραλύετε	-
παραμένω	-	-	-	-	-	-	παρέμενα	παρέμενες	παρέμενε	παραμέναμε	παραμένατε	παρέμεναν	παρέμεινα	παρέμεινες	παρέμεινε	παραμείναμε	παραμείνατε	παρέμειναν	παράμεινε	παραμένετε	-
παραμερίζομαι	παραμερίζομαι	παραμερίζεσαι	παραμερίζεται	παραμεριζόμαστε	παραμερίζεστε	παραμερίζονται	παραμεριζόμουν	παραμεριζόσουν	παραμεριζόταν	παραμεριζόμασταν	παραμεριζόσασταν	παραμερίζονταν	παραμερίστηκα	παραμερίστηκες	παραμερίστηκε	παραμεριστήκαμε	παραμεριστήκατε	παραμερίστηκαν	παραμερίσου	παραμεριστείτε	-
παραμερίζω	-	-	-	-	-	-	παραμέριζα	παραμέριζες	παραμέριζε	παραμερίζαμε	παραμερίζατε	παραμέριζαν	παραμέρισα	παραμέρισες	παραμέρισε	παραμερίσαμε	παραμερίσατε	παραμέρισαν	παραμέριζε	παραμερίζετε	-
παρανοώ	παρανοώ	παρανοείς	παρανοεί	παρανοούμε	παρανοείτε	παρανοούν	παρανοούσα	παρανοούσες	παρανοούσε	παρανοούσαμε	παρανοούσατε	παρανοούσαν	παρανόησα	παρανόησες	παρανόησε	παρανοήσαμε	παρανοήσατε	παρανοήσαν	παρανόησε	παρανοήστε	παρανοώντας
παραξενεύω	-	-	-	-	-	-	παραξένευα	παραξένευες	παραξένευε	παραξενεύαμε	παραξενεύατε	παραξένευαν	παραξένεψα	παραξένεψες	παραξένεψε	παραξενέψαμε	παραξενέψατε	παραξένεψαν	παραξένευε	παραξενέψτε	-
παραπέμπω	-	-	-	-	-	-	παρέπεμπα	παρέπεμπες	παρέπεμπε	παραπέμπαμε	παραπέμπατε	παρέπεμπαν	παρέπεμψα	παρέπεμψες	παρέπεμψε	παραπέμψαμε	παραπέμψατε	παρέπεμψαν	παράπεμπε	παραπέμπετε	-
παραπαίω	-	-	-	-	-	παραπαίουν[ε]	παράπαια	παρέπαιες	παρέπαιε	παραπαίαμε	παραπαίατε	παρέπαιν	-	-	-	-	-	-	παράπαιε	παραπαίετε	-
παραπλέω	-	-	-	-	-	-	παρέπλεα	παρέπλεες	παρέπλεε	παραπλέαμε	παραπλέατε	παρέπλεαν	παρέπλευσα	παρέπλευσες	παρέπλευσε	παραπλεύσαμε	παραπλεύσατε	παρέπλευσαν	παράπλεε	παραπλέετε	παραπλέον}
παρασημοφορώ	παρασημοφορώ	παρασημοφορείς	παρασημοφορεί	παρασημοφορούμε	παρασημοφορείτε	παρασημοφορούν	παρασημοφορούσα	παρασημοφορούσες	παρασημοφορούσε	παρασημοφορούσαμε	παρασημοφορούσατε	παρασημοφορούσαν	παρασημοφόρησα	παρασημοφόρησες	παρασημοφόρησε	παρασημοφορήσαμε	παρασημοφορήσατε	παρασημοφορήσαν	παρασημοφόρησε	παρασημοφορήστε	παρασημοφορώντας
παρασκευάζομαι	παρασκευάζομαι	παρασκευάζεσαι	παρασκευάζεται	παρασκευαζόμαστε	παρασκευάζεστε	παρασκευάζονται	παρασκευαζόμουν	παρασκευαζόσουν	παρασκευαζόταν	παρασκευαζόμασταν	παρασκευαζόσασταν	παρασκευάζονταν	παρασκευάστηκα	παρασκευάστηκες	παρασκευάστηκε	παρασκευαστήκαμε	παρασκευαστήκατε	παρασκευάστηκαν	παρασκευάσου	παρασκευαστείτε	-
παρασκευάζω	-	-	-	-	-	-	παρασκεύαζα	παρασκεύαζες	παρασκεύαζε	παρασκευάζαμε	παρασκευάζατε	παρασκευάζαν	παρασκεύασα	παρασκεύασες	παρασκεύασε	παρασκευάσαμε	παρασκευάσατε	παρασκευάσαν	παρασκεύαζε	παρασκευάζετε	-
παρατάω	-	παρατάς	παρατά	παρατάμε	παρατάτε	παρατάν	παράταγα	παράταγες	παράταγε	παρατάγαμε	παρατάγατε	παράταγαν	παράτησα	παράτησες	παράτησε	παρατήσαμε	παρατήσατε	παράτησαν	παράτα	παρατάτε	παρατώντας
παρατείνω	-	-	-	-	-	-	παρέτεινα	παρέτεινες	παρέτεινε	παρατείναμε	παρατείνατε	παρέτειναν	παρέτεινα	παρέτεινες	παρέτεινε	παρατείναμε	παρατείνατε	παρέτειναν	παρέτεινε	παρατείνετε	-
παρατηρώ	παρατηρώ	παρατηρείς	παρατηρεί	παρατηρούμε	παρατηρείτε	παρατηρούν	παρατηρούσα	παρατηρούσες	παρατηρούσε	παρατηρούσαμε	παρατηρούσατε	παρατηρούσαν	παρατήρησα	παρατήρησες	παρατήρησε	παρατηρήσαμε	παρατηρήσατε	παρατήρησαν	παρατήρησε	παρατηρήστε	παρατηρώντας
παραχαϊδεύω	-	-	-	-	-	-	παραχάιδευα	παραχάιδευες	παραχάιδευε	παραχαϊδεύαμε	παραχαϊδεύατε	παραχάιδευαν	παραχάιδεψα	παραχάιδεψες	παραχάιδεψε	παραχαϊδέψαμε	παραχαϊδέψατε	παραχάιδεψαν	παραχάιδευε	παραχαϊδέψτε	-
παραχωρώ	παραχωρώ	παραχωρείς	παραχωρεί	παραχωρούμε	παραχωρείτε	παραχωρούν	παραχωρούσα	παραχωρούσες	παραχωρούσε	παραχωρούσαμε	παραχωρούσατε	παραχωρούσαν	παραχώρησα	παραχώρησες	παραχώρησε	παραχωρήσαμε	παραχωρήσατε	παραχωρήσαν	παραχώρησε	παραχωρήστε	παραχωρώντας
παρεισφρέω	-	-	-	παρεισφρέομε	-	-	παρεισέφρεα	παρεισέφρεες	παρεισέφρεε	παρεισφρέαμε	παρεισφρέατε	παρεισέφρεαν	παρεισέφρησα	παρεισέφρησες	παρεισέφρησε	παρεισφρήσαμε	παρεισφρήσατε	παρεισέφρησαν	παρεισέφρεε	παρεισφρέετε	-
παρεκτρέπω	-	-	-	-	-	-	παρεξέτρεπα	παρεξέτρεπες	παρεξέτρεπε	παρεκτρέπαμε	παρεκτρέπατε	παρεκτρέπαν	παρεξέτρεψα	παρεξέτρεψες	παρεξέτρεψε	παρεκτρέψαμε	παρεκτρέψατε	παρεκτρέψαν	παρέκτρεψε	παρεκτρέπετε	-
παρεμποδίζω	-	-	-	-	-	-	παρεμπόδιζα	παρεμπόδιζες	παρεμπόδιζε	παρεμποδίζαμε	παρεμποδίζατε	παρεμποδίζαν	παρεμπόδισα	παρεμπόδισες	παρεμπόδισε	παρεμποδίσαμε	παρεμποδίσατε	παρεμποδίσαν	παρεμπόδιζε	παρεμποδίζετε	-
παρεξηγώ	παρεξηγώ	παρεξηγείς	παρεξηγεί	παρεξηγούμε	παρεξηγείτε	παρεξηγούν	παρεξηγούσα	παρεξηγούσες	παρεξηγούσε	παρεξηγούσαμε	παρεξηγούσατε	παρεξηγούσαν	παρεξήγησα	παρεξήγησες	παρεξήγησε	παρεξηγήσαμε	παρεξηγήσατε	παρεξήγησαν	παρεξήγησε	παρεξηγήστε	παρεξηγώντας
παρερμηνεύω	-	-	-	-	-	-	παρερμήνευα	παρερμήνευες	παρερμήνευε	παρερμηνεύαμε	παρερμηνεύατε	παρερμήνευαν	παρερμήνευσα	παρερμήνευσες	παρερμήνευσε	παρερμηνεύσαμε	παρερμηνεύσατε	παρερμήνευσαν	παρερμήνευε	παρερμηνεύετε	-
παρηγοράω	-	παρηγοράς	παρηγορά	παρηγοράμε	παρηγοράτε	παρηγοράν	παρηγορούσα	παρηγορούσες	παρηγορούσε	παρηγοράγαμε	παρηγοράγατε	παρηγοράγανε	παρηγόρησα	παρηγόρησες	παρηγόρησε	παρηγορήσαμε	παρηγορήσατε	παρηγορήσαν	παρηγόρα	παρηγοράτε	παρηγορώντας
παρηγορώ	παρηγοράω	παρηγοράς	παρηγορά	παρηγοράμε	παρηγοράτε	παρηγοράν	παρηγορούσα	παρηγορούσες	παρηγορούσε	παρηγοράγαμε	παρηγοράγατε	παρηγοράγανε	παρηγόρησα	παρηγόρησες	παρηγόρησε	παρηγορήσαμε	παρηγορήσατε	παρηγορήσαν	παρηγόρα	παρηγορήστε	παρηγορώντας
παρκάρω	-	-	-	-	-	-	πάρκαρα	πάρκαρες	πάρκαρε	παρκάραμε	παρκάρατε	πάρκαραν	πάρκαρα	πάρκαρες	πάρκαρε	παρκάραμε	παρκάρατε	πάρκαραν	πάρκαρε	παρκάρετε	-
παρομοιάζω	-	-	-	-	-	-	παρομοίαζα	παρομοίαζες	παρομοίαζε	παρομοιάζαμε	παρομοιάζατε	παρομοίαζαν	παρομοίασα	παρομοίασες	παρομοίασε	παρομοιάσαμε	παρομοιάσατε	παρομοίασαν	παρομοίαζε	παρομοιάζετε	-
παροτρύνω	-	-	-	-	-	-	παρότρυνα	παρότρυνες	παρότρυνε	παροτρύναμε	παροτρύνατε	παροτρύναν	παρότρυνα	παρότρυνες	παρότρυνε	παροτρύναμε	παροτρύνατε	παροτρύναν	παρότρυνε	παροτρύνετε	-
παρουσιάζομαι	παρουσιάζομαι	παρουσιάζεσαι	παρουσιάζεται	παρουσιαζόμαστε	παρουσιάζεστε	παρουσιάζονται	παρουσιαζόμουν	παρουσιαζόσουν	παρουσιαζόταν	παρουσιαζόμασταν	παρουσιαζόσασταν	παρουσιάζονταν	παρουσιάστηκα	παρουσιάστηκες	παρουσιάστηκε	παρουσιαστήκαμε	παρουσιαστήκατε	παρουσιάστηκαν	παρουσιάσου	παρουσιαστείτε	-
παρουσιάζω	-	-	-	-	-	-	παρουσίαζα	παρουσίαζες	παρουσίαζε	παρουσιάζαμε	παρουσιάζατε	παρουσίαζαν	παρουσίασα	παρουσίασες	παρουσίασε	παρουσιάσαμε	παρουσιάσατε	παρουσίασαν	παρουσίαζε	παρουσιάζετε	-
πασπαλίζομαι	πασπαλίζομαι	πασπαλίζεσαι	πασπαλίζεται	πασπαλιζόμαστε	πασπαλίζεστε	πασπαλίζονται	πασπαλιζόμουν	πασπαλιζόσουν	πασπαλιζόταν	πασπαλιζόμασταν	πασπαλιζόσασταν	πασπαλίζονταν	πασπαλίστηκα	πασπαλίστηκες	πασπαλίστηκε	πασπαλιστήκαμε	πασπαλιστήκατε	πασπαλίστηκαν	πασπαλίσου	πασπαλιστείτε	-
πασπαλίζω	-	-	-	-	-	-	πασπάλιζα	πασπάλιζες	πασπάλιζε	πασπαλίζαμε	πασπαλίζατε	πασπάλιζαν	πασπάλισα	πασπάλισες	πασπάλισε	πασπαλίσαμε	πασπαλίσατε	πασπάλισαν	πασπάλιζε	πασπαλίζετε	-
πασπατεύω	-	-	-	-	-	-	πασπάτευα	πασπάτευες	πασπάτευε	πασπατεύαμε	πασπατεύατε	πασπάτευαν	πασπάτεψα	πασπάτεψες	πασπάτεψε	πασπατέψαμε	πασπατέψατε	πασπάτεψαν	πασπάτευ'	πασπατέψτε	-
πατάω	-	πατάς	-	πατάμε	πατάτε	πατάν	πάταγα	πάταγες	πάταγε	πατάγαμε	πατάγατε	πάταγαν	πάτησα	πάτησες	πάτησε	πατήσαμε	πατήσατε	πάτησαν	πάτα	πατάτε	πατώντας
πατινάρω	-	-	-	-	-	-	πατινάριζα	πατινάριζες	πατινάριζε	πατινάραμε	πατινάρατε	πατινάραν	πατινάρισα	πατινάρισες	πατινάρισε	πατινάραμε	πατινάρατε	πατινάραν	πατινάριζε	πατινάρετε	-
πατώ	πατάω	πατάς	πατά	πατάμε	πατάτε	πατάν	πάταγα	πάταγες	πάταγε	πατάγαμε	πατάγατε	πάταγαν	πάτησα	πάτησες	πάτησε	πατήσαμε	πατήσατε	πάτησαν	πάτα	πατάτε	πατώντας
πατώνω	-	-	-	-	-	-	πάτωνα	πάτωνες	πάτωνε	πατώναμε	πατώνατε	πάτωναν	πάτωσα	πάτωσες	πάτωσε	πατώσαμε	πατώσατε	πάτωσαν	πάτωνε	πατώνετε	-
παύω	-	-	-	-	-	-	έπαυα	έπαυες	έπαυε	παύαμε	παύατε	έπαυαν	έπαυσα	έπαυσες	έπαυσε	πάψαμε	πάψατε	έπαυσαν	πάψε	πάψτε	-
πείθω	-	-	-	-	-	-	έπειθα	έπειθες	έπειθε	πείθαμε	πείθατε	έπειθαν	έπεισα	έπεισες	έπεισε	πείσαμε	πείσατε	έπεισαν	πείθε	πείθετε	-
πεθαίνω	-	-	-	-	-	-	πέθαινα	πέθαινες	πέθαινε	πεθαίναμε	πεθαίνατε	πέθαιναν	πέθανα	πέθανες	πέθανε	πεθάναμε	πεθάνατε	πέθαναν	πέθαινε	πεθάνετε	-
πειθαναγκάζω	-	-	-	-	-	-	πειθανάγκαζα	πειθανάγκαζες	πειθανάγκαζε	πειθαναγκάζαμε	πειθαναγκάζατε	πειθανάγκαζαν	πειθανάγκασα	πειθανάγκασες	πειθανάγκασε	πειθαναγκάσαμε	πειθαναγκάσατε	πειθανάγκασαν	πειθανάγκαζε	πειθαναγκάζετε	-
πεινάω	-	πεινάς	πεινά	πεινάμε	πεινάτε	πεινάν	πείναγα	πείναγες	πείναγε	πεινάγαμε	πεινάγατε	πείναγαν	πείνασα	πείνασες	πείνασε	πεινάσαμε	πεινάσατε	πείνασαν	πείνα	πεινάστε	πεινώντας
πεινώ	πεινάω	πεινάς	πεινά	πεινάμε	πεινάτε	πεινάν	πείναγα	πείναγες	πείναγε	πεινάγαμε	πεινάγατε	πείναγαν	πείνασα	πείνασες	πείνασε	πεινάσαμε	πεινάσατε	πείνασαν	πείνα	πεινάστε	πεινώντας
πειράζομαι	πειράζομαι	πειράζεσαι	πειράζεται	πειραζόμαστε	πειράζεστε	πειράζονται	πειραζόμουν	πειραζόσουν	πειραζόταν	πειραζόμασταν	πειραζόσασταν	πειράζονταν	πειράχτηκα	πειράχτηκες	πειράχτηκε	πειραχτήκαμε	πειραχτήκατε	πειράχτηκαν	πειράξου	πειραχτείτε	-
πειράζω	-	-	-	-	-	-	πείραζα	πείραζες	πείραζε	πειράζαμε	πειράζατε	πείραζαν	πείραξα	πείραξες	πείραξε	πειράξαμε	πειράξατε	πείραξαν	πείραζε	πειράζετε	-
πεισμώνω	-	-	-	-	-	-	πείσμωνα	πείσμωνες	πείσμωνε	πεισμώναμε	πεισμώνατε	πείσμωναν	πείσμωσα	πείσμωσες	πείσμωσε	πεισμώσαμε	πεισμώσατε	πείσμωσαν	πείσμωνε	πεισμώνετε	-
πελεκώ	πελεκάω	πελεκάς	πελεκά	πελεκάμε	πελεκάτε	πελεκάν	πελέκαγα	πελέκαγες	πελέκαγε	πελεκάγαμε	πελεκάγατε	πελέκαγαν	πελέκησα	πελέκησες	πελέκησε	πελεκήσαμε	πελεκήσατε	πελέκησαν	πελέκα	πελεκάτε	πελεκώντας
περιαυτολογώ	περιαυτολογώ	περιαυτολογείς	περιαυτολογεί	περιαυτολογούμε	περιαυτολογείτε	περιαυτολογούν	περιαυτολογούσα	περιαυτολογούσες	περιαυτολογούσε	περιαυτολογούσαμε	περιαυτολογούσατε	περιαυτολογούσαν	περιαυτολόγησα	περιαυτολόγησες	περιαυτολόγησε	περιαυτολογήσαμε	περιαυτολογήσατε	περιαυτολογήσαν	περιαυτολόγησε	περιαυτολογήστε	περιαυτολογώντας
περιγράφω	-	-	-	-	-	-	περιέγραφα	περιέγραφες	περιέγραφε	περιγράφαμε	περιγράφατε	περιέγραφαν	περιέγραψα	περιέγραψες	περιέγραψε	περιγράψαμε	περιγράψατε	περιέγραψαν	περιέγραφε	περιγράφετε	-
περιελίσσω	-	-	-	-	-	-	περιέλισσα	περιέλισσες	περιέλισσε	περιελίσσαμε	περιελίσσατε	περιέλισσαν	περιέλιξα	περιέλιξες	περιέλιξε	περιελίξαμε	περιελίξατε	περιέλιξαν	περιέλιξε	περιελίξτε	-
περιθάλπω	-	-	-	-	-	περιθάλπουν[ε]	περιέθαλπα	περιέθαλπες	περιέθαλπε	περιθάλπαμε	περιθάλπατε	περιέθαλπαν	περιέθαλψα	περιέθαλψες	περιέθαλψε	περιθάλψαμε	περιθάλψατε	περιέθαλψαν	περίθαλψε	περιθάλπετε	-
περικυκλώνω	-	-	-	-	-	-	περικύκλωνα	περικύκλωνες	περικύκλωνε	περικυκλώναμε	περικυκλώνατε	περικυκλώναν	περικύκλωσα	περικύκλωσες	περικύκλωσε	περικυκλώσαμε	περικυκλώσατε	περικυκλώσαν	περικύκλωνε	περικυκλώνετε	-
περικόπτω	-	-	-	-	-	-	περιέκοπτα	περιέκοπτες	περιέκοπτε	περικόπταμε	περικόπτατε	περιέκοπταν	περιέκοψα	περιέκοψες	περιέκοψε	περικόψαμε	περικόψατε	περιέκοψαν	περίκοπτε	περικόπτετε	-
περιλαμβάνω	-	-	-	-	-	-	περιλάμβανα	περιλάμβανες	περιλάμβανε	περιλαμβάναμε	περιλαμβάνατε	περιλάμβαναν	περιέλαβα	περιέλαβες	περιέλαβε	περιλάβαμε	περιλάβατε	περιέλαβαν	περίλαβε	περιλάβετε	-
περιμένω	-	-	-	-	-	-	περίμενα	περίμενες	περίμενε	περιμέναμε	περιμένατε	περίμεναν	-	-	-	-	-	-	περίμενε	περιμένετε	-
περιορίζομαι	περιορίζομαι	περιορίζεσαι	περιορίζεται	περιοριζόμαστε	περιορίζεστε	περιορίζονται	περιοριζόμουν	περιοριζόσουν	περιοριζόταν	περιοριζόμασταν	περιοριζόσασταν	περιορίζονταν	περιορίστηκα	περιορίστηκες	περιορίστηκε	περιοριστήκαμε	περιοριστήκατε	περιορίστηκαν	περιορίσου	περιοριστείτε	-
περιορίζω	-	-	-	-	-	-	περιόριζα	περιόριζες	περιόριζε	περιορίζαμε	περιορίζατε	περιορίζαν	περιόρισα	περιόρισες	περιόρισε	περιορίσαμε	περιορίσατε	περιορίσαν	περιόριζε	περιορίζετε	-
περιπλέκω	-	-	-	-	-	-	περιέπλεκα	περιέπλεκες	περιέπλεκε	περιπλέκαμε	περιπλέκατε	περιέπλεκαν	περιέπλεξα	περιέπλεξες	περιέπλεξε	περιπλέξαμε	περιπλέξατε	περιέπλεξαν	περίπλεκε	περιπλέκετε	-
περιπλέω	-	-	-	-	-	-	περιέπλεα	περιέπλεες	περιέπλεε	περιπλέαμε	περιπλέατε	περιέπλεαν	περιέπλευσα	περιέπλευσες	περιέπλευσε	περιπλεύσαμε	περιπλεύσατε	περιέπλευσαν	περίπλεε	περιπλέετε	-
περιποιούμαι	περιποιούμαι	περιποιείσαι	περιποιείται	περιποιούμαστε	περιποιείστε	περιποιούνται	περιποιιόμουν	περιποιιόσουν	περιποιιόταν	περιποιιόμασταν	περιποιιόσασταν	περιποιιούνταν	περιποιήθηκα	περιποιήθηκες	περιποιήθηκε	περιποιηθήκαμε	περιποιηθήκατε	περιποιήθηκαν	περιποιήσου	περιποιείστε	—
περιπολώ	περιπολώ	περιπολείς	περιπολεί	περιπολούμε	περιπολείτε	περιπολούν	περιπολούσα	περιπολούσες	περιπολούσε	περιπολούσαμε	περιπολούσατε	περιπολούσαν	-	-	-	-	-	-	-	περιπολείτε	-
περισσεύω	-	-	-	-	-	-	περίσσευα	περίσσευες	περίσσευε	περισσεύαμε	περισσεύατε	περίσσευαν	περίσσεψα	περίσσεψες	περίσσεψε	περισσέψαμε	περισσέψατε	περίσσεψαν	περίσσευε	περισσέψτε	-
περιστρέφω	-	-	-	-	-	-	περιέστρεφα	περιέστρεφες	περιέστρεφε	περιστρέφαμε	περιστρέφατε	περιέστρεφαν	περιέστρεψα	περιέστρεψες	περιέστρεψε	περιστρέψαμε	περιστρέψατε	περιέστρεψαν	περίστρεφε	περιστρέφετε	-
περιτριγυρίζω	-	-	-	-	-	-	περιτριγύριζα	περιτριγύριζες	περιτριγύριζε	περιτριγυρίζαμε	περιτριγυρίζατε	περιτριγυρίζαν	περιτριγύρισα	περιτριγύρισες	περιτριγύρισε	περιτριγυρίσαμε	περιτριγυρίσατε	περιτριγυρίσαν	περιτριγύριζε	περιτριγυρίζετε	-
περνάω	-	περνάς	περνά	περνάμε	περνάτε	περνάν	πέρναγα	πέρναγες	πέρναγε	περνάγαμε	περνάγατε	πέρναγαν	πέρασα	πέρασες	πέρασε	περάσαμε	περάσατε	πέρασαν	πέρασε	περάστε	περνώντας
περνιέμαι	περνιέμαι	περνιέσαι	περνιέται	περνιόμαστε	περνιέστε	περνιούνται	περνιόμουν	περνιόσουν	περνιόταν	περνιόμασταν	περνιόσασταν	περνιούνταν	περάστηκα	περάστηκες	περάστηκε	περαστήκαμε	περαστήκατε	περάστηκαν	περάσου	περαστείτε	—
περνώ	περνάω	περνάς	περνά	περνάμε	περνάτε	περνάν	πέρναγα	πέρναγες	πέρναγε	περνάγαμε	περνάγατε	πέρναγαν	πέρασα	πέρασες	πέρασε	περάσαμε	περάσατε	πέρασαν	πέρασε	περάστε	περνώντας
περπατάω	-	περπατάς	περπατά	περπατάμε	περπατάτε	περπατάν	περπάταγα	περπάταγες	περπάταγε	περπατάγαμε	περπατάγατε	περπάταγαν	περπάτησα	περπάτησες	περπάτησε	περπατήσαμε	περπατήσατε	περπάτησαν	περπάτα	περπατάτε	περπατώντας
περπατώ	περπατάω	περπατάς	περπατά	περπατάμε	περπατάτε	περπατάν	περπάταγα	περπάταγες	περπάταγε	περπατάγαμε	περπατάγατε	περπάταγαν	περπάτησα	περπάτησες	περπάτησε	περπατήσαμε	περπατήσατε	περπάτησαν	περπάτα	περπατάτε	περπατώντας
πετάω	-	πετάς	πετά	πετάμε	πετάτε	πετάν	πέταγα	πέταγες	πέταγε	πετάγαμε	πετάγατε	πέταγαν	πέταξα	πέταξες	πέταξε	πετάξαμε	πετάξατε	πέταξαν	πέτα	πετάξτε	πετώντας
πετυχαίνω	-	-	-	-	-	-	πετύχαινα	πετύχαινες	πετύχαινε	πετυχαίναμε	πετυχαίνατε	πετυχαίναν	πέτυχα	πέτυχες	πέτυχε	πετύχαμε	πετύχατε	πέτυχαν	πέτυχε	πετυχαίνετε	-
πετώ	πετάω	πετάς	πετά	πετάμε	πετάτε	πετάν	πέταγα	πέταγες	πέταγε	πετάγαμε	πετάγατε	πέταγαν	πέταξα	πέταξες	πέταξε	πετάξαμε	πετάξατε	πέταξαν	πέτα	πετάξτε	πετώντας
πηγαίνω	πάω	πας	πάει	πάμε	πάτε	πάνε	πήγαινα	πήγαινες	πήγαινε	πηγαίναμε	πηγαίνατε	πήγαιναν	πήγα	πήγες	πήγε	πήγαμε	πήγατε	πήγαν	πήγαινε	πάτε	-
πηδάω	-	πηδάς	πηδά	πηδάμε	πηδάτε	πηδάν	πήδαγα	πήδαγες	πήδαγε	πηδάγαμε	πηδάγατε	πήδαγαν	πήδηξα	πήδηξες	πήδηξε	πηδήξαμε	πηδήξατε	πήδηξαν	πήδα	πηδάτε	πηδώντας
πηδώ	πηδάω	πηδάς	πηδά	πηδάμε	πηδάτε	πηδάν	πήδαγα	πήδαγες	πήδαγε	πηδάγαμε	πηδάγατε	πήδαγαν	πήδηξα	πήδηξες	πήδηξε	πηδήξαμε	πηδήξατε	πήδηξαν	πήδα	πηδάτε	πηδώντας
πιάνομαι	πιάνομαι	πιάνεσαι	πιάνεται	πιανόμαστε	πιάνεστε	πιάνονται	πιανόμουν	πιανόσουν	πιανόταν	πιανόμασταν	πιανόσασταν	πιάνονταν	πιάστηκα	πιάστηκες	πιάστηκε	πιαστήκαμε	πιαστήκατε	πιάστηκαν	πιάσου	πιαστείτε	-
πιάνω	-	-	-	-	-	-	έπιανα	έπιανες	έπιανε	πιάναμε	πιάνατε	έπιαναν	έπιασα	έπιασες	έπιασε	πιάσαμε	πιάσατε	έπιασαν	πιάνε	πιάνετε	-
πιέζομαι	πιέζομαι	πιέζεσαι	πιέζεται	πιεζόμαστε	πιέζεστε	πιέζονται	πιεζόμουν	πιεζόσουν	πιεζόταν	πιεζόμασταν	πιεζόσασταν	πιέζονταν	πιέστηκα	πιέστηκες	πιέστηκε	πιεστήκαμε	πιεστήκατε	πιέστηκαν	πιέσου	πιεστείτε	-
πιέζω	-	-	-	-	-	-	πίεζα	πίεζες	πίεζε	πιέζαμε	πιέζατε	πίεζαν	πίεσα	πίεσες	πίεσε	πιέσαμε	πιέσατε	πίεσαν	πίεζε	πιέζετε	-
πιθανολογώ	πιθανολογώ	πιθανολογείς	πιθανολογεί	πιθανολογούμε	πιθανολογείτε	πιθανολογούν	πιθανολογούσα	πιθανολογούσες	πιθανολογούσε	πιθανολογούσαμε	πιθανολογούσατε	πιθανολογούσαν	πιθανολόγησα	πιθανολόγησες	πιθανολόγησε	πιθανολογήσαμε	πιθανολογήσατε	πιθανολογήσαν	πιθανολόγησε	πιθανολογήστε	πιθανολογώντας
πικραίνω	-	-	-	-	-	-	πίκραινα	πίκραινες	πίκραινε	πικραίναμε	πικραίνατε	πίκραιναν	πίκρανα	πίκρανες	πίκρανε	πικράναμε	πικράνατε	πίκραναν	πίκραινε	πικράνετε	-
πιλοτάρω	-	-	-	-	-	-	πιλοτάριζα	πιλοτάριζες	πιλοτάριζε	πιλοτάραμε	πιλοτάρατε	πιλοτάραν	πιλοτάρισα	πιλοτάρισες	πιλοτάρισε	πιλοτάραμε	πιλοτάρατε	πιλοτάραν	πιλοτάριζε	πιλοτάρετε	-
πιπώνομαι	πιπώνομαι	πιπώνεσαι	πιπώνεται	πιπωνόμαστε	πιπωνόσαστε1	πιπώνονται	πιπωνόμουν	πιπωνόσουν	πιπωνόταν	πιπωνόμασταν	πιπωνόσασταν	πιπωνόντανε	πιπώθηκα	πιπώθηκες	πιπώθηκε	πιπωθήκαμε	πιπωθήκατε	πιπωθήκανε	πιπώσου	πιπωθείτε	-
πιπώνω	-	-	-	-	-	-	πίπωνα	πίπωνες	πίπωνε	πιπώναμε	πιπώνατε	πίπωναν	πίπωσα	πίπωσες	πίπωσε	πιπώσαμε	πιπώσατε	πίπωσαν	πίπωνε	πιπώνετε	-
πιστεύω	-	-	-	-	-	-	πίστευα	πίστευες	πίστευε	πιστεύαμε	πιστεύατε	πίστευαν	πίστεψα	πίστεψες	πίστεψε	πιστέψαμε	πιστέψατε	πίστεψαν	πίστευε	πιστέψτε	-
πλάθω	-	-	-	-	-	-	έπλαθα	έπλαθες	έπλαθε	πλάθαμε	πλάθατε	έπλαθαν	έπλασα	έπλασες	έπλασε	πλάσαμε	πλάσατε	έπλασαν	πλάθε	πλάθετε	-
πλέκω	-	-	-	-	-	-	έπλεκα	έπλεκες	έπλεκε	πλέκαμε	πλέκατε	έπλεκαν	έπλεξα	έπλεξες	έπλεξε	πλέξαμε	πλέξατε	έπλεξαν	πλέκε	πλέκετε	-
πλένω	-	-	-	-	-	-	έπλενα	έπλενες	έπλενε	πλέναμε	πλένατε	έπλεναν	έπλυνα	έπλυνες	έπλυνε	πλύναμε	πλύνατε	έπλυναν	πλένε	πλένετε	-
πλέω	-	-	-	-	-	-	έπλεα	έπλεες	έπλεε	πλέαμε	πλέατε	έπλεαν	έπλευσα	έπλευσες	έπλευσε	πλεύσαμε	πλεύσατε	έπλευσαν	πλέε	πλέετε	-
πλήττω	-	-	-	-	-	-	έπληττα	έπληττες	έπληττε	πλήτταμε	πλήττατε	έπλητταν	έπληξα	έπληξες	έπληξε	πλήξαμε	πλήξατε	έπληξαν	πλήξε	πλήξτε	-
πλαγιάζω	-	-	-	-	-	-	πλάγιαζα	πλάγιαζες	πλάγιαζε	πλαγιάζαμε	πλαγιάζατε	πλάγιαζαν	πλάγιασα	πλάγιασες	πλάγιασε	πλαγιάσαμε	πλαγιάσατε	πλάγιασαν	πλάγιαζε	πλαγιάζετε	-
πλακώνομαι	πλακώνομαι	πλακώνεσαι	πλακώνεται	πλακωνόμαστε	πλακωνόσαστε1	πλακώνονται	πλακωνόμουν	πλακωνόσουν	πλακωνόταν	πλακωνόμασταν	πλακωνόσασταν	πλακωνόντανε	πλακώθηκα	πλακώθηκες	πλακώθηκε	πλακωθήκαμε	πλακωθήκατε	πλακωθήκανε	πλακώσου	πλακωθείτε	-
πλακώνω	-	-	-	-	-	-	πλάκωνα	πλάκωνες	πλάκωνε	πλακώναμε	πλακώνατε	πλάκωναν	πλάκωσα	πλάκωσες	πλάκωσε	πλακώσαμε	πλακώσατε	πλάκωσαν	πλάκωνε	πλακώνετε	-
πλειστηριάζω	-	-	-	-	-	-	πλειστηρίαζα	πλειστηρίαζες	πλειστηρίαζε	πλειστηριάζαμε	πλειστηριάζατε	πλειστηρίαζαν	πλειστηρίασα	πλειστηρίασες	πλειστηρίασε	πλειστηριάσαμε	πλειστηριάσατε	πλειστηρίασαν	πλειστηρίαζε	πλειστηριάζετε	-
πληγώνω	-	-	-	-	-	-	πλήγωνα	πλήγωνες	πλήγωνε	πληγώναμε	πληγώνατε	πλήγωναν	πλήγωσα	πλήγωσες	πλήγωσε	πληγώσαμε	πληγώσατε	πλήγωσαν	πλήγωνε	πληγώνετε	-
πληκτρολογώ	πληκτρολογώ	πληκτρολογείς	πληκτρολογεί	πληκτρολογούμε	πληκτρολογείτε	πληκτρολογούν	πληκτρολογούσα	πληκτρολογούσες	πληκτρολογούσε	πληκτρολογούσαμε	πληκτρολογούσατε	πληκτρολογούσαν	πληκτρολόγησα	πληκτρολόγησες	πληκτρολόγησε	πληκτρολογήσαμε	πληκτρολογήσατε	πληκτρολογήσαν	πληκτρολόγησε	πληκτρολογήστε	πληκτρολογώντας
πλημμυρίζω	-	-	-	-	-	-	πλημμύριζα	πλημμύριζες	πλημμύριζε	πλημμυρίζαμε	πλημμυρίζατε	πλημμυρίζαν	πλημμύρισα	πλημμύρισες	πλημμύρισε	πλημμυρίσαμε	πλημμυρίσατε	πλημμυρίσαν	πλημμύριζε	πλημμυρίζετε	-
πληροφορώ	πληροφορώ	πληροφορείς	πληροφορεί	πληροφορούμε	πληροφορείτε	πληροφορούν	πληροφορούσα	πληροφορούσες	πληροφορούσε	πληροφορούσαμε	πληροφορούσατε	πληροφορούσαν	πληροφόρησα	πληροφόρησες	πληροφόρησε	πληροφορήσαμε	πληροφορήσατε	πληροφορήσαν	πληροφόρησε	πληροφορήστε	πληροφορώντας
πληρώνομαι	πληρώνομαι	πληρώνεσαι	πληρώνεται	πληρωνόμαστε	πληρωνόσαστε1	πληρώνονται	πληρωνόμουν	πληρωνόσουν	πληρωνόταν	πληρωνόμασταν	πληρωνόσασταν	πληρωνόντανε	πληρώθηκα	πληρώθηκες	πληρώθηκε	πληρωθήκαμε	πληρωθήκατε	πληρωθήκανε	πληρώσου	πληρωθείτε	-
πληρώνω	-	-	-	-	-	-	πλήρωνα	πλήρωνες	πλήρωνε	πληρώναμε	πληρώνατε	πλήρωναν	πλήρωσα	πλήρωσες	πλήρωσε	πληρώσαμε	πληρώσατε	πλήρωσαν	πλήρωνε	πληρώνετε	-
πλησιάζω	-	-	-	-	-	-	πλησίαζα	πλησίαζες	πλησίαζε	πλησιάζαμε	πλησιάζατε	πλησίαζαν	πλησίασα	πλησίασες	πλησίασε	πλησιάσαμε	πλησιάσατε	πλησίασαν	πλησίαζε	πλησιάζετε	-
πλιατσικολογώ	πλιατσικολογώ	πλιατσικολογείς	πλιατσικολογεί	πλιατσικολογούμε	πλιατσικολογείτε	πλιατσικολογούν	πλιατσικολογούσα	πλιατσικολογούσες	πλιατσικολογούσε	πλιατσικολογούσαμε	πλιατσικολογούσατε	πλιατσικολογούσαν	πλιατσικολόγησα	πλιατσικολόγησες	πλιατσικολόγησε	πλιατσικολογήσαμε	πλιατσικολογήσατε	πλιατσικολογήσαν	πλιατσικολόγησε	πλιατσικολογήστε	πλιατσικολογώντας
πνέω	-	-	-	-	-	-	έπνεα	έπνεες	έπνεε	πνέαμε	πνέατε	έπνεαν	έπνευσα	έπνευσες	έπνευσε	πνεύσαμε	πνεύσατε	έπνευσαν	πνέε	πνέετε	-
πνίγω	-	-	-	-	-	-	έπνιγα	έπνιγες	έπνιγε	πνίγαμε	πνίγατε	έπνιγαν	έπνιξα	έπνιξες	έπνιξε	πνίξαμε	πνίξατε	έπνιξαν	πνίγε	πνίγετε	-
ποθώ	ποθώ	ποθείς	ποθεί	ποθούμε	ποθείτε	ποθούν	ποθούσα	ποθούσες	ποθούσε	ποθούσαμε	ποθούσατε	ποθούσαν	πόθησα	πόθησες	πόθησε	ποθήσαμε	ποθήσατε	ποθήσαν	πόθησε	ποθήστε	ποθώντας
ποιώ	ποιώ	ποιείς	ποιεί	ποιούμε	ποιείτε	ποιούν	ποιούσα	ποιούσες	ποιούσε	ποιούσαμε	ποιούσατε	ποιούσαν	ποίησα	ποίησες	ποίησε	ποιήσαμε	ποιήσατε	ποίησαν	ποίησε	ποιήστε	ποιώντας
πολεμάω	-	πολεμάς	-	πολεμάμε	πολεμάτε	πολεμάν	πολέμαγα	πολέμαγες	πολέμαγε	πολεμάγαμε	πολεμάγατε	πολέμαγαν	πολέμησα	πολέμησες	πολέμησε	πολεμήσαμε	πολεμήσατε	πολέμησαν	πολέμα	πολεμήστε	πολεμώντας
πολεμώ	πολεμάω	πολεμάς	πολεμά	πολεμάμε	πολεμάτε	πολεμάν	πολέμαγα	πολέμαγες	πολέμαγε	πολεμάγαμε	πολεμάγατε	πολέμαγαν	πολέμησα	πολέμησες	πολέμησε	πολεμήσαμε	πολεμήσατε	πολέμησαν	πολέμα	πολεμάτε	πολεμώντας
πολιτογραφώ	πολιτογραφώ	πολιτογραφείς	πολιτογραφεί	πολιτογραφούμε	πολιτογραφείτε	πολιτογραφούν	πολιτογραφούσα	πολιτογραφούσες	πολιτογραφούσε	πολιτογραφούσαμε	πολιτογραφούσατε	πολιτογραφούσαν	πολιτογράφησα	πολιτογράφησες	πολιτογράφησε	πολιτογραφήσαμε	πολιτογραφήσατε	πολιτογράφησαν	πολιτογράφησε	πολιτογραφήστε	πολιτογραφώντας
πονάω	-	πονάς	πονά	πονάμε	πονάτε	πονάν	πονούσα	πονούσες	πονούσε	πονάγαμε	πονάγατε	πονούσαν	πόνεσα	πόνεσες	πόνεσε	πονέσαμε	πονέσατε	πονέσαν	πόνα	πονάτε	πονώντας
ποντάρω	-	-	-	-	-	-	ποντάριζα	ποντάριζες	ποντάριζε	ποντάραμε	ποντάρατε	ποντάραν	ποντάρισα	ποντάρισες	ποντάρισε	ποντάραμε	ποντάρατε	ποντάραν	ποντάριζε	ποντάρετε	-
πορδίζω	-	-	-	-	-	-	πόρδιζα	πόρδιζες	πόρδιζε	πορδίζαμε	πορδίζατε	πορδίζαν	πόρδισα	πόρδισες	πόρδισε	πορδίσαμε	πορδίσατε	πορδίσαν	πόρδιζε	πορδίζετε	-
ποτίζομαι	ποτίζομαι	ποτίζεσαι	ποτίζεται	ποτιζόμαστε	ποτίζεστε	ποτίζονται	ποτιζόμουν	ποτιζόσουν	ποτιζόταν	ποτιζόμασταν	ποτιζόσασταν	ποτίζονταν	ποτίστηκα	ποτίστηκες	ποτίστηκε	ποτιστήκαμε	ποτιστήκατε	ποτίστηκαν	ποτίσου	ποτιστείτε	-
ποτίζω	-	-	-	-	-	-	πότιζα	πότιζες	πότιζε	ποτίζαμε	ποτίζατε	ποτίζαν	πότισα	πότισες	πότισε	ποτίσαμε	ποτίσατε	ποτίσαν	πότιζε	ποτίζετε	-
πουδράρω	-	-	-	-	-	-	πουδράριζα	πουδράριζες	πουδράριζε	πουδράραμε	πουδράρατε	πουδράραν	πουδράρισα	πουδράρισες	πουδράρισε	πουδράραμε	πουδράρατε	πουδράραν	πουδράριζε	πουδράρετε	-
πουλάω	-	πουλάς	πουλά	πουλάμε	πουλάτε	πουλάν	πουλούσα	πουλούσες	πουλούσε	πουλάγαμε	πουλάγατε	πουλούσαν	πούλησα	πούλησες	πούλησε	πουλήσαμε	πουλήσατε	πουλήσαν	πούλα	πουλάτε	πουλώντας
πουλώ	πουλάω	πουλάς	πουλά	πουλάμε	πουλάτε	πουλάν	πουλούσα	πουλούσες	πουλούσε	πουλάγαμε	πουλάγατε	πουλάγανε	πούλησα	πούλησες	πούλησε	πουλήσαμε	πουλήσατε	πουλήσαν	πούλα	πουλάτε	πουλώντας
πουστεύω	-	-	-	-	-	-	πούστευα	πούστευες	πούστευε	πουστεύαμε	πουστεύατε	πουστεύαν	πούστεψα	πούστεψες	πούστεψε	πουστέψαμε	πουστέψατε	πουστέψαν	πούστευε	πουστέψτε	-
πουστοφέρνω	-	-	-	-	-	-	πουστόφερνα	πουστόφερνες	πουστόφερνε	πουστοφέρναμε	πουστοφέρνατε	πουστοφέρναν	-	-	-	-	-	-	—	πουστοφέρνετε	—
πρήζω	-	-	-	-	-	-	έπρηζα	έπρηζες	έπρηζε	πρήζαμε	πρήζατε	έπρηζαν	έπρηξα	έπρηξες	έπρηξε	πρήξαμε	πρήξατε	έπρηξαν	πρήζε	πρήζετε	-
πραγματοποιώ	πραγματοποιώ	πραγματοποιείς	πραγματοποιεί	πραγματοποιούμε	πραγματοποιείτε	πραγματοποιούν	πραγματοποιούσα	πραγματοποιούσες	πραγματοποιούσε	πραγματοποιούσαμε	πραγματοποιούσατε	πραγματοποιούσαν	πραγματοποίησα	πραγματοποίησες	πραγματοποίησε	πραγματοποιήσαμε	πραγματοποιήσατε	πραγματοποίησαν	πραγματοποίησε	πραγματοποιήστε	πραγματοποιώντας
πρασινίζω	-	-	-	-	-	-	πρασίνιζα	πρασίνιζες	πρασίνιζε	πρασινίζαμε	πρασινίζατε	πρασίνιζαν	πρασίνισα	πρασίνισες	πρασίνισε	πρασινίσαμε	πρασινίσατε	πρασίνισαν	πρασίνιζε	πρασινίζετε	-
πρεζάρω	-	-	-	-	-	-	πρέζαρα	πρέζαρες	πρέζαρε	πρεζάραμε	πρεζάρατε	πρέζαραν	πρέζαρα	πρέζαρες	πρέζαρε	πρεζάραμε	πρεζάρατε	πρέζαραν	πρέζαρε	πρεζάρετε	-
πρεσάρω	-	-	-	-	-	-	πρεσάριζα	πρεσάριζες	πρεσάριζε	πρεσάραμε	πρεσάρατε	πρεσάραν	πρεσάρισα	πρεσάρισες	πρεσάρισε	πρεσάραμε	πρεσάρατε	πρεσάραν	πρεσάριζε	πρεσάρετε	-
πριονίζω	-	-	-	-	-	-	πριόνιζα	πριόνιζες	πριόνιζε	πριονίζαμε	πριονίζατε	πριονίζαν	πριόνισα	πριόνισες	πριόνισε	πριονίσαμε	πριονίσατε	πριονίσαν	πριόνιζε	πριονίζετε	-
προέρχομαι	προέρχομαι	προέρχεσαι	προέρχεται	προερχόμαστε	προέρχεστε	προέρχονται	προερχόμουν	προερχόσουν	προερχόταν	προερχόμαστε1	προερχόσαστε1	προέρχονταν	προήλθα	προήλθες	προήλθε	προήλθαμε	προήλθατε	προήλθαν	—	προέλθετε	-
προαλείφω	-	-	-	-	-	προαλείφουν[ε]	προάλειφα	προάλειφες	προάλειφε	προαλείφαμε	προαλείφατε	προάλειφαν	προάλειψα	προάλειψες	προάλειψε	προαλείψαμε	προαλείψατε	προάλειψαν	προάλειφε	προαλείφετε	-
προαναφέρω	-	-	-	-	-	-	προανάφερα	προανάφερες	προανάφερε	προαναφέραμε	προαναφέρατε	προανάφεραν	προανάφερα	προανάφερες	προανάφερε	προαναφέραμε	προαναφέρατε	προανάφεραν	προανάφερε	προαναφέρετε	-
προβάλλω	-	-	-	-	-	-	πρέβαλλα	πρέβαλλες	πρέβαλλε	προβάλλαμε	προβάλλατε	πρέβαλλαν	πρέβαλα	πρέβαλες	πρέβαλε	προβάλαμε	προβάλατε	πρέβαλαν	πρέβαλε	προβάλλετε	-
προβλέπω	-	-	-	-	-	-	προέβλεπα	προέβλεπες	προέβλεπε	προβλέπαμε	προβλέπατε	προέβλεπαν	προέβλεψα	προέβλεψες	προέβλεψε	προβλέψαμε	προβλέψατε	προέβλεψαν	πρόβλεπε	προβλέπετε	-
προβληματίζω	-	-	-	-	-	-	προβλημάτιζα	προβλημάτιζες	προβλημάτιζε	προβληματίζαμε	προβληματίζατε	προβλημάτιζαν	προβλημάτισα	προβλημάτισες	προβλημάτισε	προβληματίσαμε	προβληματίσατε	προβλημάτισαν	προβλημάτιζε	προβληματίζετε	-
προγευματίζω	-	-	-	-	-	-	προγευμάτιζα	προγευμάτιζες	προγευμάτιζε	προγευματίζαμε	προγευματίζατε	προγευμάτιζαν	προγευμάτισα	προγευμάτισες	προγευμάτισε	προγευματίσαμε	προγευματίσατε	προγευμάτισαν	προγευμάτιζε	προγευματίζετε	-
προγραμματίζομαι	προγραμματίζομαι	προγραμματίζεσαι	προγραμματίζεται	προγραμματιζόμαστε	προγραμματίζεστε	προγραμματίζονται	προγραμματιζόμουν	προγραμματιζόσουν	προγραμματιζόταν	προγραμματιζόμασταν	προγραμματιζόσασταν	προγραμματίζονταν	προγραμματίστηκα	προγραμματίστηκες	προγραμματίστηκε	προγραμματιστήκαμε	προγραμματιστήκατε	προγραμματίστηκαν	προγραμματίσου	προγραμματιστείτε	-
προγραμματίζω	-	-	-	-	-	-	προγραμμάτιζα	προγραμμάτιζες	προγραμμάτιζε	προγραμματίζαμε	προγραμματίζατε	προγραμμάτιζαν	προγραμμάτισα	προγραμμάτισες	προγραμμάτισε	προγραμματίσαμε	προγραμματίσατε	προγραμμάτισαν	προγραμμάτιζε	προγραμματίζετε	-
προειδοποιώ	προειδοποιώ	προειδοποιείς	προειδοποιεί	προειδοποιούμε	προειδοποιείτε	προειδοποιούν	προειδοποιούσα	προειδοποιούσες	προειδοποιούσε	προειδοποιούσαμε	προειδοποιούσατε	προειδοποιούσαν	προειδοποίησα	προειδοποίησες	προειδοποίησε	προειδοποιήσαμε	προειδοποιήσατε	προειδοποίησαν	προειδοποίησε	προειδοποιήστε	προειδοποιώντας
προετοιμάζομαι	προετοιμάζομαι	προετοιμάζεσαι	προετοιμάζεται	προετοιμαζόμαστε	προετοιμάζεστε	προετοιμάζονται	προετοιμαζόμουν	προετοιμαζόσουν	προετοιμαζόταν	προετοιμαζόμασταν	προετοιμαζόσασταν	προετοιμάζονταν	προετοιμάστηκα	προετοιμάστηκες	προετοιμάστηκε	προετοιμαστήκαμε	προετοιμαστήκατε	προετοιμάστηκαν	προετοιμάσου	προετοιμαστείτε	-
προετοιμάζω	-	-	-	-	-	-	προετοίμαζα	προετοίμαζες	προετοίμαζε	προετοιμάζαμε	προετοιμάζατε	προετοίμαζαν	προετοίμασα	προετοίμασες	προετοίμασε	προετοιμάσαμε	προετοιμάσατε	προετοίμασαν	προετοίμαζε	προετοιμάζετε	-
προκαλώ	προκαλώ	προκαλείς	προκαλεί	προκαλούμε	προκαλείτε	προκαλούν	προκαλούσα	προκαλούσες	προκαλούσε	προκαλούσαμε	προκαλούσατε	προκαλούσαν	προκάλεσα	προκάλεσες	προκάλεσε	προκαλέσαμε	προκαλέσατε	προκάλεσαν	προκάλεσε	προκαλέστε	προκαλώντας
προκαταβάλλω	-	-	-	-	-	-	προκατέβαλλα	προκατέβαλλες	προκατέβαλλε	προκαταβάλλαμε	προκαταβάλλατε	προκατέβαλλαν	προκατέβαλα	προκατέβαλες	προκατέβαλε	προκαταβάλαμε	προκαταβάλατε	προκατέβαλαν	προκατάβαλε	προκαταβάλετε	-
προκόβω	-	-	-	-	-	-	πρόκοβα	πρόκοβες	πρόκοβε	προκόβαμε	προκόβατε	προκόβαν	πρόκοψα	πρόκοψες	πρόκοψε	προκόψαμε	προκόψατε	προκόψαν	πρόκοβε	προκόβετε	-
προλαβαίνω	-	-	-	-	-	-	προλάβαινα	προλάβαινες	προλάβαινε	προλαβαίναμε	προλαβαίνατε	προλάβαιναν	πόλαβα	πόλαβες	πόλαβε	προλάβαμε	προλάβατε	προλάβαν	προλάβαινε	προλάβετε	-
προλαμβάνω	-	-	-	-	-	-	προλάμβανα	προλάμβανες	προλάμβανε	προλαμβάναμε	προλαμβάνατε	προλάμβαναν	πρόλαβα	πρόλαβες	πρόλαβε	προλάβαμε	προλάβατε	προλάβαν	προλάμβανε	προλάβετε	-
προμηθεύω	-	-	-	-	-	-	προμήθευα	προμήθευες	προμήθευε	προμηθεύαμε	προμηθεύατε	προμήθευαν	προμήθευσα	προμήθευσες	προμήθευσε	προμηθέψαμε	προμηθέψατε	προμήθευσαν	προμήθευ'	προμηθέψτε	-
προμηνύω	-	-	-	-	-	-	προμήνυα	προμήνυες	προμήνυε	προμηνύαμε	προμηνύατε	προμήνυαν	προμήνυσα	προμήνυσες	προμήνυσε	προμηνύσαμε	προμηνύσατε	προμήνυσαν	προμήνυε	προμηνύετε	-
προξενώ	προξενώ	προξενείς	προξενεί	προξενούμε	προξενείτε	προξενούν	προξενούσα	προξενούσες	προξενούσε	προξενούσαμε	προξενούσατε	προξενούσαν	προξένησα	προξένησες	προξένησε	προξενήσαμε	προξενήσατε	προξένησαν	προξένησε	προξενήστε	προξενώντας
προοδεύω	-	-	-	-	-	-	προόδευα	προόδευες	προόδευε	προοδεύαμε	προοδεύατε	προοδεύαν	προόδευσα	προόδευσες	προόδευσε	προοδεύσαμε	προοδεύσατε	προοδεύσαν	προόδευε	προοδεύετε	-
προσέχω	-	-	-	-	-	-	πρόσεχα	πρόσεχες	πρόσεχε	προσέχαμε	προσέχατε	προσέχαν	πρόσεξα	πρόσεξες	πρόσεξε	προσέξαμε	προσέξατε	προσέξαν	πρόσεξε	προσέξτε	-
προσαρμόζομαι	προσαρμόζομαι	προσαρμόζεσαι	προσαρμόζεται	προσαρμοζόμαστε	προσαρμοζόσαστε1	προσαρμόζονται	προσαρμοζόμουν	προσαρμοζόσουν	προσαρμοζόταν	προσαρμοζόμασταν	προσαρμοζόσασταν	προσαρμοζόντανε	προσαρμόστηκα	προσαρμόστηκες	προσαρμόστηκε	προσαρμοστήκαμε	προσαρμοστήκατε	προσαρμοστήκανε	προσαρμόσου	προσαρμοστείτε	-
προσαρμόζω	-	-	-	-	-	-	προσάρμοζα	προσάρμοζες	προσάρμοζε	προσαρμόζαμε	προσαρμόζατε	προσάρμοζαν	προσάρμοσα	προσάρμοσες	προσάρμοσε	προσαρμόσαμε	προσαρμόσατε	προσάρμοσαν	προσάρμοζε	προσαρμόζετε	-
προσαρτώ	προσαρτώ	προσαρτάς	προσαρτά	προσαρτούμε	προσαρτάτε	προσαρτούν	προσαρτούσα	προσαρτούσες	προσαρτούσε	προσαρτούσαμε	προσαρτούσατε	προσαρτούσαν	προσάρτησα	προσάρτησες	προσάρτησε	προσαρτήσαμε	προσαρτήσατε	προσάρτησαν	—	προσαρτάτε	προσαρτώντας
προσβλέπω	-	-	-	-	-	-	προσέβλεπα	προσέβλεπες	προσέβλεπε	προσβλέπαμε	προσβλέπατε	προσέβλεπαν	προσέβλεψα	προσέβλεψες	προσέβλεψε	προσβλέψαμε	προσβλέψατε	προσέβλεψαν	πρόσβλεπε	προσβλέπετε	-
προσγειώνομαι	προσγειώνομαι	προσγειώνεσαι	προσγειώνεται	προσγειωνόμαστε	προσγειωνόσαστε1	προσγειώνονται	προσγειωνόμουν	προσγειωνόσουν	προσγειωνόταν	προσγειωνόμασταν	προσγειωνόσασταν	προσγειωνόντανε	προσγειώθηκα	προσγειώθηκες	προσγειώθηκε	προσγειωθήκαμε	προσγειωθήκατε	προσγειωθήκανε	προσγειώσου	προσγειωθείτε	-
προσγειώνω	-	-	-	-	-	-	προσγείωνα	προσγείωνες	προσγείωνε	προσγειώναμε	προσγειώνατε	προσγείωναν	προσγείωσα	προσγείωσες	προσγείωσε	προσγειώσαμε	προσγειώσατε	προσγείωσαν	προσγείωσε	προσγειώνετε	-
προσγράφω	-	-	-	-	-	-	προσέγραφα	προσέγραφες	προσέγραφε	προσγράφαμε	προσγράφατε	προσέγραφαν	προσέγραψα	προσέγραψες	προσέγραψε	προσγράψαμε	προσγράψατε	προσέγραψαν	-	προσγράφετε	-
προσδιορίζω	-	-	-	-	-	-	προσδιόριζα	προσδιόριζες	προσδιόριζε	προσδιορίζαμε	προσδιορίζατε	προσδιορίζαν	προσδιόρισα	προσδιόρισες	προσδιόρισε	προσδιορίσαμε	προσδιορίσατε	προσδιορίσαν	προσδιόριζε	προσδιορίζετε	-
προσδοκώ	προσδοκώ	προσδοκάς	προσδοκά	προσδοκούμε	προσδοκάτε	προσδοκούν	προσδοκούσα	προσδοκούσες	προσδοκούσε	προσδοκούσαμε	προσδοκούσατε	προσδοκούσαν	-	-	-	-	-	-	προσδόκα	προσδοκάτε	προσδοκώντας
προσεγγίζω	-	-	-	-	-	-	προσέγγιζα	προσέγγιζες	προσέγγιζε	προσεγγίζαμε	προσεγγίζατε	προσέγγιζαν	προσέγγισα	προσέγγισες	προσέγγισε	προσεγγίσαμε	προσεγγίσατε	προσέγγισαν	προσέγγιζε	προσεγγίζετε	-
προσελκύω	-	-	-	-	-	-	προσέλκυα	προσέλκυες	προσέλκυε	προσελκύαμε	προσελκύατε	προσέλκυαν	προσέλκυσα	προσέλκυσες	προσέλκυσε	προσελκύσαμε	προσελκύσατε	προσέλκυσαν	προσέλκυε	προσελκύετε	-
προσθέτω	-	-	-	-	-	-	πρόσθετα	πρόσθετες	πρόσθετε	προσθέταμε	προσθέτατε	προσθέταν	πρόσθεσα	πρόσθεσες	πρόσθεσε	προσθέσαμε	προσθέσατε	προσθέσαν	πρόσθεσε	προσθέστε	-
προσκαλώ	προσκαλώ	προσκαλείς	προσκαλεί	προσκαλούμε	προσκαλείτε	προσκαλούν	προσκαλούσα	προσκαλούσες	προσκαλούσε	προσκαλούσαμε	προσκαλούσατε	προσκαλούσαν	προσκάλεσα	προσκάλεσες	προσκάλεσε	προσκαλέσαμε	προσκαλέσατε	προσκάλεσαν	προσκάλεσε	προσκαλέστε	προσκαλώντας
προσκρούω	-	-	-	-	-	προσκρούουν[ε]	προσέκρουα	προσέκρουες	προσέκρουε	προσκρούαμε	προσκρούατε	προσέκρουαν	προσέκρουσα	προσέκρουσες	προσέκρουσε	προσκρούσαμε	προσκρούσατε	προσέκρουσαν	πρόσκρουε	προσκρούετε	-
προσκόπτω	-	-	-	-	-	προσκόπτουν[ε]	προσέκοπτα	προσέκοπτες	προσέκοπτε	προσκόπταμε	προσκόπτατε	προσέκοπταν	προσέκοψα	προσέκοψες	προσέκοψε	προσκόψαμε	προσκόψατε	προσέκοψαν	πρόσκοπτε	προσκόπτετε	-
προσπαθώ	προσπαθώ	προσπαθείς	προσπαθεί	προσπαθούμε	προσπαθείτε	προσπαθούν	προσπαθούσα	προσπαθούσες	προσπαθούσε	προσπαθούσαμε	προσπαθούσατε	προσπαθούσαν	προσπάθησα	προσπάθησες	προσπάθησε	προσπαθήσαμε	προσπαθήσατε	προσπάθησαν	προσπάθησε	προσπαθήστε	προσπαθώντας
προστάζω	-	-	-	-	-	-	πρόσταζα	πρόσταζες	πρόσταζε	προστάζαμε	προστάζατε	προστάζαν	πρόσταξα	πρόσταξες	πρόσταξε	προστάξαμε	προστάξατε	προστάξαν	πρόσταζε	προστάζετε	-
προστατεύω	-	-	-	-	-	-	προστάτευα	προστάτευες	προστάτευε	προστατεύαμε	προστατεύατε	προστάτευαν	προστάτεψα	προστάτεψες	προστάτεψε	προστατέψαμε	προστατέψατε	προστάτεψαν	προστάτευε	προστατεύετε	-
προσφέρω	-	-	-	-	-	-	προσέφερα	προσέφερες	προσέφερε	προσφέραμε	προσφέρατε	προσέφεραν	προσέφερα	προσέφερες	προσέφερε	προσφέραμε	προσφέρατε	προσέφεραν	πρόσφερε	προσφέρετε	-
προτείνω	-	-	-	-	-	-	πρότεινα	πρότεινες	πρότεινε	προτείναμε	προτείνατε	προτείναν	πρότεινα	πρότεινες	πρότεινε	προτείναμε	προτείνατε	προτείναν	πρότεινε	προτείνετε	-
προτιμάω	-	προτιμάς	προτιμά	προτιμάμε	προτιμάτε	προτιμάν	προτίμαγα	προτίμαγες	προτίμαγε	προτιμάγαμε	προτιμάγατε	προτίμαγαν	προτίμησα	προτίμησες	προτίμησε	προτιμήσαμε	προτιμήσατε	προτίμησαν	προτίμα	προτιμάτε	προτιμώντας
προτιμώ	προτιμάω	προτιμάς	προτιμά	προτιμάμε	προτιμάτε	προτιμάν	προτίμαγα	προτίμαγες	προτίμαγε	προτιμάγαμε	προτιμάγατε	προτίμαγαν	προτίμησα	προτίμησες	προτίμησε	προτιμήσαμε	προτιμήσατε	προτίμησαν	προτίμα	προτιμάτε	προτιμώντας
προτρέπω	-	-	-	-	-	-	προέτρεπα	προέτρεπες	προέτρεπε	προτρέπαμε	προτρέπατε	προέτρεπαν	προέτρεψα	προέτρεψες	προέτρεψε	προτρέψαμε	προτρέψατε	προέτρεψαν	απότρεπε	προτρέπετε	-
προφασίζομαι	προφασίζομαι	προφασίζεσαι	προφασίζεται	προφασιζόμαστε	προφασίζεστε	προφασίζονται	προφασιζόμουν	προφασιζόσουν	προφασιζόταν	προφασιζόμασταν	προφασιζόσασταν	προφασίζονταν	προφασίστηκα	προφασίστηκες	προφασίστηκε	προφασιστήκαμε	προφασιστήκατε	προφασίστηκαν	προφασίσου	προφασιστείτε	-
προφητεύω	-	-	-	-	-	-	προφήτευα	προφήτευες	προφήτευε	προφητεύαμε	προφητεύατε	προφήτευαν	προφήτευσα	προφήτευσες	προφήτευσε	προφητέψαμε	προφητέψατε	προφήτευσαν	προφήτευ'	προφητέψτε	-
προφθάνω	-	-	-	-	-	-	πρόφθανα	πρόφθανες	πρόφθανε	προφθάναμε	προφθάνατε	προφθάναν	πρόφθασα	πρόφθασες	πρόφθασε	προφθάσαμε	προφθάσατε	προφθάσαν	πρόφθανε	προφθάνετε	-
προφτάνω	-	-	-	-	-	-	πρόφτανα	πρόφτανες	πρόφτανε	προφτάναμε	προφτάνατε	προφτάναν	πρόφτασα	πρόφτασες	πρόφτασε	προφτάσαμε	προφτάσατε	προφτάσαν	πρόφτανε	προφτάνετε	-
προφταίνω	-	-	-	-	-	-	πρόφταινα	πρόφταινες	πρόφταινε	προφταίναμε	προφταίνατε	προφταίναν	πρόφτασα	πρόφτασες	πρόφτασε	προφτάσαμε	προφτάσατε	προφτάσαν	πρόφταινε	προφτάστε	-
προχωράω	-	προχωράς	-	προχωράμε	προχωράτε	προχωράν	προχωρούσα	προχωρούσες	προχωρούσε	προχωράγαμε	προχωράγατε	προχωράγανε	προχώρησα	προχώρησες	προχώρησε	προχωρήσαμε	προχωρήσατε	προχωρήσαν	προχώρα	προχωρήστε	προχωρώντας
προχωρώ	προχωράω	προχωράς	προχωρά	προχωράμε	προχωράτε	προχωράν	προχωρούσα	προχωρούσες	προχωρούσε	προχωράγαμε	προχωράγατε	προχωράγανε	προχώρησα	προχώρησες	προχώρησε	προχωρήσαμε	προχωρήσατε	προχωρήσαν	προχώρα	προχωράτε	προχωρώντας
προωθώ	προωθώ	προωθείς	προωθεί	προωθούμε	προωθείτε	προωθούν	προωθούσα	προωθούσες	προωθούσε	προωθούσαμε	προωθούσατε	προωθούσαν	προώθησα	προώθησες	προώθησε	προωθήσαμε	προωθήσατε	προωθήσαν	προώθησε	προωθήστε	προωθώντας
πρωταγωνιστώ	πρωταγωνιστώ	πρωταγωνιστείς	πρωταγωνιστεί	πρωταγωνιστούμε	πρωταγωνιστείτε	πρωταγωνιστούν	πρωταγωνιστούσα	πρωταγωνιστούσες	πρωταγωνιστούσε	πρωταγωνιστούσαμε	πρωταγωνιστούσατε	πρωταγωνιστούσαν	πρωταγωνίστησα	πρωταγωνίστησες	πρωταγωνίστησε	πρωταγωνιστήσαμε	πρωταγωνιστήσατε	πρωταγωνίστησαν	πρωταγωνίστησε	πρωταγωνιστήστε	πρωταγωνιστώντας
πρωτοανακαλύπτω	-	-	-	-	-	-	πρωτοανακάλυπτα	πρωτοανακάλυπτες	πρωτοανακάλυπτε	πρωτοανακαλύπταμε	πρωτοανακαλύπτατε	πρωτοανακάλυπταν	πρωτοανακάλυψα	πρωτοανακάλυψες	πρωτοανακάλυψε	πρωτοανακαλύψαμε	πρωτοανακαλύψατε	πρωτοανακάλυψαν	πρωτοανακάλυπτε	πρωτοανακαλύπτετε	-
πρωτοκολλώ	πρωτοκολλώ	πρωτοκολλάς	πρωτοκολλά	πρωτοκολλούμε	πρωτοκολλάτε	πρωτοκολλούν	πρωτοκολλούσα	πρωτοκολλούσες	πρωτοκολλούσε	πρωτοκολλούσαμε	πρωτοκολλούσατε	πρωτοκολλούσαν	πρωτοκόλλησα	πρωτοκόλλησες	πρωτοκόλλησε	πρωτοκολλήσαμε	πρωτοκολλήσατε	πρωτοκολλήσαν	πρωτοκόλλησε	πρωτοκολλάτε	πρωτοκολλώντας
πυροδοτώ	πυροδοτώ	πυροδοτείς	πυροδοτεί	πυροδοτούμε	πυροδοτείτε	πυροδοτούν	πυροδοτούσα	πυροδοτούσες	πυροδοτούσε	πυροδοτούσαμε	πυροδοτούσατε	πυροδοτούσαν	πυροδότησα	πυροδότησες	πυροδότησε	πυροδοτήσαμε	πυροδοτήσατε	πυροδοτήσαν	πυροδότησε	πυροδοτήστε	πυροδοτώντας
πωλώ	πωλώ	πωλείς	πωλεί	πωλούμε	πωλείτε	πωλούν	πωλούσα	πωλούσες	πωλούσε	πωλούσαμε	πωλούσατε	πωλούσαν	πώλησα	πώλησες	πώλησε	πωλήσαμε	πωλήσατε	πωλήσαν	πώλησε	πωλήστε	πωλώντας
ράβω	-	-	-	-	-	-	έραβα	έραβες	έραβε	ράβαμε	ράβατε	έραβαν	έραψα	έραψες	έραψε	ράψαμε	ράψατε	έραψαν	ράβε	ράβετε	-
ρέπω	-	-	-	-	-	-	έρρεπα	έρρεπες	έρρεπε	ρέπαμε	ρέπατε	έρρεπαν	-	-	-	-	-	-	-	ρέπετε	-
ρέω	-	-	-	-	-	-	έρρεα	έρρεες	έρρεε	ρέαμε	ρέατε	έρρεαν	έρρευσα	έρρευσες	έρρευσε	ρεύσαμε	ρεύσατε	έρρευσαν	ρέε	ρέετε	ρέον}
ρίχνω	-	-	-	-	-	-	έριχνα	έριχνες	έριχνε	ρίχναμε	ρίχνατε	έριχναν	έριξα	έριξες	έριξε	ρίξαμε	ρίξατε	έριξαν	ρίξε	ρίξτε	-
ρεζιλεύω	-	-	-	-	-	-	ρεζίλευα	ρεζίλευες	ρεζίλευε	ρεζιλεύαμε	ρεζιλεύατε	ρεζίλευαν	ρεζίλεψα	ρεζίλεψες	ρεζίλεψε	ρεζιλέψαμε	ρεζιλέψατε	ρεζίλεψαν	ρεζίλευε	ρεζιλέψτε	-
ρισκάρω	-	-	-	-	-	-	ρισκάριζα	ρισκάριζες	ρισκάριζε	ρισκάραμε	ρισκάρατε	ρισκάραν	ρισκάρισα	ρισκάρισες	ρισκάρισε	ρισκάραμε	ρισκάρατε	ρισκάραν	ρισκάριζε	ρισκάρετε	-
ριψοκινδυνεύω	-	-	-	-	-	-	ριψοκινδύνευα	ριψοκινδύνευες	ριψοκινδύνευε	ριψοκινδυνεύαμε	ριψοκινδυνεύατε	ριψοκινδυνεύαν	ριψοκινδύνευσα	ριψοκινδύνευσες	ριψοκινδύνευσε	ριψοκινδυνέψαμε	ριψοκινδυνέψατε	ριψοκινδυνέψαν	ριψοκινδύνευε	ριψοκινδυνέψτε	-
ρουφάω	-	ρουφάς	ρουφά	ρουφάμε	ρουφάτε	ρουφάν	ρουφούσα	ρουφούσες	ρουφούσε	ρουφάγαμε	ρουφάγατε	ρουφούσαν	ρούφηξα	ρούφηξες	ρούφηξε	ρουφήξαμε	ρουφήξατε	ρουφήξαν	ρούφα	ρουφάτε	ρουφώντας
ρουφώ	ρουφάω	ρουφάς	ρουφά	ρουφάμε	ρουφάτε	ρουφάν	ρουφούσα	ρουφούσες	ρουφούσε	ρουφάγαμε	ρουφάγατε	ρουφάγανε	ρούφηξα	ρούφηξες	ρούφηξε	ρουφήξαμε	ρουφήξατε	ρουφήξαν	ρούφα	ρουφάτε	ρουφώντας
ροχαλίζω	-	-	-	-	-	-	ροχάλιζα	ροχάλιζες	ροχάλιζε	ροχαλίζαμε	ροχαλίζατε	ροχάλιζαν	ροχάλισα	ροχάλισες	ροχάλισε	ροχαλίσαμε	ροχαλίσατε	ροχάλισαν	ροχάλιζε	ροχαλίζετε	-
ρυθμίζω	-	-	-	-	-	-	ρύθμιζα	ρύθμιζες	ρύθμιζε	ρυθμίζαμε	ρυθμίζατε	ρυθμίζαν	ρύθμισα	ρύθμισες	ρύθμισε	ρυθμίσαμε	ρυθμίσατε	ρυθμίσαν	ρύθμιζε	ρυθμίζετε	-
ρωτάω	-	ρωτάς	ρωτά	ρωτάμε	ρωτάτε	ρωτάν	ρωτούσα	ρωτούσες	ρωτούσε	ρωτάγαμε	ρωτάγατε	ρωτούσαν	ρώτησα	ρώτησες	ρώτησε	ρωτήσαμε	ρωτήσατε	ρωτήσαν	ρώτα	ρωτάτε	ρωτώντας
ρωτώ	ρωτάω	ρωτάς	ρωτά	ρωτάμε	ρωτάτε	ρωτάν	ρωτούσα	ρωτούσες	ρωτούσε	ρωτάγαμε	ρωτάγατε	ρωτάγανε	ρώτησα	ρώτησες	ρώτησε	ρωτήσαμε	ρωτήσατε	ρωτήσαν	ρώτα	ρωτάτε	ρωτώντας
σέρνω	-	-	-	-	-	-	έσερνα	έσερνες	έσερνε	σέρναμε	σέρνατε	έσερναν	έσυρα	έσυρες	έσυρε	σύραμε	σύρατε	έσυραν	σέρνε	σέρνετε	-
σαγηνεύω	-	-	-	-	-	-	σαγήνευα	σαγήνευες	σαγήνευε	σαγηνεύαμε	σαγηνεύατε	σαγήνευαν	σαγήνευσα	σαγήνευσες	σαγήνευσε	σαγηνεύσαμε	σαγηνεύσατε	σαγήνευσαν	σαγηνεύε	σαγηνεύετε	-
σαλεύω	-	-	-	-	-	-	σάλευα	σάλευες	σάλευε	σαλεύαμε	σαλεύατε	σάλευαν	σάλεψα	σάλεψες	σάλεψε	σαλέψαμε	σαλέψατε	σάλεψαν	σάλευε	σαλέψτε	-
σαλπάρω	-	-	-	-	-	-	σάλπαρα	σάλπαρες	σάλπαρε	σαλπάραμε	σαλπάρατε	σάλπαραν	σάλπαρα	σάλπαρες	σάλπαρε	σαλπάραμε	σαλπάρατε	σάλπαραν	σάλπαρε	σαλπάρετε	-
σαλτάρω	-	-	-	-	-	-	σάλταρα	σάλταρες	σάλταρε	σαλτάραμε	σαλτάρατε	σάλταραν	σάλταρα	σάλταρες	σάλταρε	σαλτάραμε	σαλτάρατε	σάλταραν	σάλταρε	σαλτάρετε	-
σαπίζω	-	-	-	-	-	-	σάπιζα	σάπιζες	σάπιζε	σαπίζαμε	σαπίζατε	σάπιζαν	σάπισα	σάπισες	σάπισε	σαπίσαμε	σαπίσατε	σάπισαν	σάπιζε	σαπίζετε	-
σαπουνίζω	-	-	-	-	-	-	σαπούνιζα	σαπούνιζες	σαπούνιζε	σαπουνίζαμε	σαπουνίζατε	σαπουνίζαν	σαπούνισα	σαπούνισες	σαπούνισε	σαπουνίσαμε	σαπουνίσατε	σαπουνίσαν	σαπούνιζε	σαπουνίζετε	-
σαρώνομαι	σαρώνομαι	σαρώνεσαι	σαρώνεται	σαρωνόμαστε	σαρωνόσαστε1	σαρώνονται	σαρωνόμουν	σαρωνόσουν	σαρωνόταν	σαρωνόμασταν	σαρωνόσασταν	σαρωνόντανε	σαρώθηκα	σαρώθηκες	σαρώθηκε	σαρωθήκαμε	σαρωθήκατε	σαρωθήκανε	σαρώσου	σαρωθείτε	-
σαρώνω	-	-	-	-	-	-	σάρωνα	σάρωνες	σάρωνε	σαρώναμε	σαρώνατε	σάρωναν	σάρωσα	σάρωσες	σάρωσε	σαρώσαμε	σαρώσατε	σάρωσαν	σάρωνε	σαρώνετε	-
σατιρίζω	-	-	-	-	-	-	σατίριζα	σατίριζες	σατίριζε	σατιρίζαμε	σατιρίζατε	σατίριζαν	σατίρισα	σατίρισες	σατίρισε	σατιρίσαμε	σατιρίσατε	σατίρισαν	σατίριζε	σατιρίζετε	-
σβήνομαι	σβήνομαι	σβήνεσαι	σβήνεται	σβηνόμαστε	σβήνεστε	σβήνονται	σβηνόμουν	σβηνόσουν	σβηνόταν	σβηνόμασταν	σβηνόσασταν	σβήνονταν	σβήστηκα	σβήστηκες	σβήστηκε	σβηστήκαμε	σβηστήκατε	σβήστηκαν	σβήσου	σβηστείτε	-
σβήνω	-	-	-	-	-	-	έσβηνα	έσβηνες	έσβηνε	σβήναμε	σβήνατε	έσβηναν	έσβησα	έσβησες	έσβησε	σβήσαμε	σβήσατε	έσβησαν	σβήνε	σβήνετε	-
σείω	-	-	-	-	-	-	έσεια	έσειες	έσειε	σείαμε	σείατε	έσειαν	έσεισα	έσεισες	έσεισε	σείσαμε	σείσατε	έσεισαν	σείε	σείετε	-
σερβίρω	-	-	-	-	-	-	σέρβιρα	σέρβιρες	σέρβιρε	σερβίραμε	σερβίρατε	σέρβιραν	σέρβιρα	σέρβιρες	σέρβιρε	σερβίραμε	σερβίρατε	σέρβιραν	σέρβιρε	σερβίρετε	-
σηκώνομαι	σηκώνομαι	σηκώνεσαι	σηκώνεται	σηκωνόμαστε	σηκωνόσαστε1	σηκώνονται	σηκωνόμουν	σηκωνόσουν	σηκωνόταν	σηκωνόμασταν	σηκωνόσασταν	σηκωνόντανε	σηκώθηκα	σηκώθηκες	σηκώθηκε	σηκωθήκαμε	σηκωθήκατε	σηκωθήκανε	σηκώσου	σηκωθείτε	-
σηκώνω	-	-	-	-	-	-	σήκωνα	σήκωνες	σήκωνε	σηκώναμε	σηκώνατε	σήκωναν	σήκωσα	σήκωσες	σήκωσε	σηκώσαμε	σηκώσατε	σήκωσαν	σήκωνε	σηκώνετε	-
σημαίνω	-	-	-	-	-	-	σήμαινα	σήμαινες	σήμαινε	σημαίναμε	σημαίνατε	σήμαιναν	σήμανα	σήμανες	σήμανε	σημάναμε	σημάνατε	σήμαναν	σήμαινε	σημάνετε	-
σημαδεύω	-	-	-	-	-	-	σημάδευα	σημάδευες	σημάδευε	σημαδεύαμε	σημαδεύατε	σημάδευαν	σημάδεψα	σημάδεψες	σημάδεψε	σημαδέψαμε	σημαδέψατε	σημάδεψαν	σημάδευε	σημαδέψτε	-
σηματοδοτώ	σηματοδοτώ	σηματοδοτείς	σηματοδοτεί	σηματοδοτούμε	σηματοδοτείτε	σηματοδοτούν	σηματοδοτούσα	σηματοδοτούσες	σηματοδοτούσε	σηματοδοτούσαμε	σηματοδοτούσατε	σηματοδοτούσαν	σηματοδότησα	σηματοδότησες	σηματοδότησε	σηματοδοτήσαμε	σηματοδοτήσατε	σηματοδοτήσαν	σηματοδότησε	σηματοδοτήστε	σηματοδοτώντας
σημειώνω	-	-	-	-	-	-	σημείωνα	σημείωνες	σημείωνε	σημειώναμε	σημειώνατε	σημείωναν	σημείωσα	σημείωσες	σημείωσε	σημειώσαμε	σημειώσατε	σημείωσαν	σημείωνε	σημειώνετε	-
σιγουρεύω	-	-	-	-	-	-	σιγούρευα	σιγούρευες	σιγούρευε	σιγουρεύαμε	σιγουρεύατε	σιγουρεύαν	σιγούρεψα	σιγούρεψες	σιγούρεψε	σιγουρέψαμε	σιγουρέψατε	σιγουρέψαν	σιγούρευε	σιγουρέψτε	-
σιχαίνομαι	σιχαίνομαι	σιχαίνεσαι	σιχαίνεται	σιχαινόμαστε	σιχαίνεστε	σιχαίνονται	σιχαινόμουν	σιχαινόσουν	σιχαινόταν	σιχαινόμασταν	σιχαινόσασταν	σιχαίνονταν	σιχάθηκα	σιχάθηκες	σιχάθηκε	σιχαθήκαμε	σιχαθήκατε	σιχάθηκαν	—	σιχαθείτε	-
σκάβω	-	-	-	-	-	-	έσκαβα	έσκαβες	έσκαβε	σκάβαμε	σκάβατε	έσκαβαν	έσκαψα	έσκαψες	έσκαψε	σκάψαμε	σκάψατε	έσκαψαν	σκάβε	σκάβετε	-
σκάζω	-	-	-	-	-	-	έσκαζα	έσκαζες	έσκαζε	σκάζαμε	σκάζατε	έσκαζαν	έσκασα	έσκασες	έσκασε	σκάσαμε	σκάσατε	έσκασαν	σκάζε	σκάζετε	-
σκέφτομαι	σκέφτομαι	σκέφτεσαι	σκέφτεται	σκεφτόμαστε	σκέφτεστε	σκέφτονται	σκεφτόμουν	σκεφτόσουν	σκεφτόταν	σκεφτόμασταν	σκεφτόσασταν	σκέφτονταν	σκέφτηκα	σκέφτηκες	σκέφτηκε	σκεφτήκαμε	σκεφτήκατε	σκέφτηκαν	σκέψου	σκεφτείτε	-
σκίζομαι	σκίζομαι	σκίζεσαι	σκίζεται	σκιζόμαστε	σκίζεστε	σκίζονται	σκιζόμουν	σκιζόσουν	σκιζόταν	σκιζόμασταν	σκιζόσασταν	σκίζονταν	σκίστηκα	σκίστηκες	σκίστηκε	σκιστήκαμε	σκιστήκατε	σκίστηκαν	σκίσου	σκιστείτε	-
σκίζω	-	-	-	-	-	-	έσκιζα	έσκιζες	έσκιζε	σκίζαμε	σκίζατε	έσκιζαν	έσκισα	έσκισες	έσκισε	σκίσαμε	σκίσατε	έσκισαν	σκίζε	σκίζετε	-
σκαλίζω	-	-	-	-	-	-	σκάλιζα	σκάλιζες	σκάλιζε	σκαλίζαμε	σκαλίζατε	σκάλιζαν	σκάλισα	σκάλισες	σκάλισε	σκαλίσαμε	σκαλίσατε	σκάλισαν	σκάλιζε	σκαλίζετε	-
σκαρφαλώνω	-	-	-	-	-	-	σκαρφάλωνα	σκαρφάλωνες	σκαρφάλωνε	σκαρφαλώναμε	σκαρφαλώνατε	σκαρφάλωναν	σκαρφάλωσα	σκαρφάλωσες	σκαρφάλωσε	σκαρφαλώσαμε	σκαρφαλώσατε	σκαρφάλωσαν	σκαρφάλωνε	σκαρφαλώνετε	-
σκεπάζω	-	-	-	-	-	-	σκέπαζα	σκέπαζες	σκέπαζε	σκεπάζαμε	σκεπάζατε	σκέπαζαν	σκέπασα	σκέπασες	σκέπασε	σκεπάσαμε	σκεπάσατε	σκέπασαν	σκέπαζε	σκεπάζετε	-
σκοπεύω	-	-	-	-	-	-	σκόπευα	σκόπευες	σκόπευε	σκοπεύαμε	σκοπεύατε	σκοπεύαν	σκόπευσα	σκόπευσες	σκόπευσε	σκοπεύσαμε	σκοπεύσατε	σκοπεύσαν	σκόπευε	σκοπεύετε	-
σκοράρω	-	-	-	-	-	-	σκοράριζα	σκοράριζες	σκοράριζε	σκοράραμε	σκοράρατε	σκοράραν	σκοράρισα	σκοράρισες	σκοράρισε	σκοράραμε	σκοράρατε	σκοράραν	σκοράριζε	σκοράρετε	-
σκοτώνω	-	-	-	-	-	-	σκότωνα	σκότωνες	σκότωνε	σκοτώναμε	σκοτώνατε	σκοτώναν	σκότωσα	σκότωσες	σκότωσε	σκοτώσαμε	σκοτώσατε	σκοτώσαν	σκότωνε	σκοτώνετε	-
σκουντάω	-	σκουντάς	σκουντά	σκουντάμε	σκουντάτε	σκουντάν	σκουντούσα	σκουντούσες	σκουντούσε	σκουντάγαμε	σκουντάγατε	σκουντούσαν	σκούντηξα	σκούντηξες	σκούντηξε	σκουντήξαμε	σκουντήξατε	σκουντήξαν	σκούντα	σκουντάτε	σκουντώντας
σκουντώ	σκουντάω	σκουντάς	σκουντά	σκουντάμε	σκουντάτε	σκουντάν	σκουντούσα	σκουντούσες	σκουντούσε	σκουντάγαμε	σκουντάγατε	σκουντάγανε	σκούντηξα	σκούντηξες	σκούντηξε	σκουντήξαμε	σκουντήξατε	σκουντήξαν	σκούντα	σκουντάτε	σκουντώντας
σκουπίζω	-	-	-	-	-	-	σκούπιζα	σκούπιζες	σκούπιζε	σκουπίζαμε	σκουπίζατε	σκουπίζαν	σκούπισα	σκούπισες	σκούπισε	σκουπίσαμε	σκουπίσατε	σκουπίσαν	σκούπιζε	σκουπίζετε	-
σκυλοβρίζω	-	-	-	-	-	-	σκυλόβριζα	σκυλόβριζες	σκυλόβριζε	σκυλοβρίζαμε	σκυλοβρίζατε	σκυλοβρίζαν	σκυλόβρισα	σκυλόβρισες	σκυλόβρισε	σκυλοβρίσαμε	σκυλοβρίσατε	σκυλοβρίσαν	σκυλόβριζε	σκυλοβρίζετε	-
σκύβω	-	-	-	-	-	-	έσκυβα	έσκυβες	έσκυβε	σκύβαμε	σκύβατε	έσκυβαν	έσκυψα	έσκυψες	έσκυψε	σκύψαμε	σκύψατε	έσκυψαν	σκύβε	σκύβετε	-
σοβαρολογώ	σοβαρολογώ	σοβαρολογείς	σοβαρολογεί	σοβαρολογούμε	σοβαρολογείτε	σοβαρολογούν	σοβαρολογούσα	σοβαρολογούσες	σοβαρολογούσε	σοβαρολογούσαμε	σοβαρολογούσατε	σοβαρολογούσαν	σοβαρολόγησα	σοβαρολόγησες	σοβαρολόγησε	σοβαρολογήσαμε	σοβαρολογήσατε	σοβαρολογήσαν	σοβαρολόγησε	σοβαρολογείτε	σοβαρολογώντας
σουβλίζω	-	-	-	-	-	-	σούβλιζα	σούβλιζες	σούβλιζε	σουβλίζαμε	σουβλίζατε	σουβλίζαν	σούβλισα	σούβλισες	σούβλισε	σουβλίσαμε	σουβλίσατε	σουβλίσαν	σούβλιζε	σουβλίζετε	-
σουτάρω	-	-	-	-	-	-	σουτάριζα	σουτάριζες	σουτάριζε	σουτάραμε	σουτάρατε	σουτάραν	σουτάρισα	σουτάρισες	σουτάρισε	σουτάραμε	σουτάρατε	σουτάραν	σουτάριζε	σουτάρετε	-
σούρνω	-	-	-	-	-	-	έσουρνα	έσουρνες	έσουρνε	σούρναμε	σούρνατε	έσουρναν	έσουρα	έσουρες	έσουρε	σούραμε	σούρατε	έσουραν	σούρε	σούρνετε	-
σπάζομαι	σπάζομαι	σπάζεσαι	σπάζεται	σπαζόμαστε	σπάζεστε	σπάζονται	σπαζόμουν	σπαζόσουν	σπαζόταν	σπαζόμασταν	σπαζόσασταν	σπάζονταν	σπάστηκα	σπάστηκες	σπάστηκε	σπαστήκαμε	σπαστήκατε	σπάστηκαν	σπάσου	σπαστείτε	-
σπάζω	-	-	-	-	-	-	έσπαζα	έσπαζες	έσπαζε	σπάζαμε	σπάζατε	έσπαζαν	έσπασα	έσπασες	έσπασε	σπάσαμε	σπάσατε	έσπασαν	σπάζε	σπάζετε	-
σπάω	-	σπας	-	σπάμε	σπάτε	σπάνε	έσπαγα	έσπαγες	έσπαγε	σπάγαμε	σπάγατε	έσπαγαν	έσπασα	έσπασες	έσπασε	σπάσαμε	σπάσατε	έσπασαν	σπάσε	σπάστε	-
σπέρνομαι	σπέρνομαι	σπέρνεσαι	σπέρνεται	σπερνόμαστε	σπέρνεστε	σπέρνονται	σπερνόμουν	σπερνόσουν	σπερνόταν	σπερνόμασταν	σπερνόσασταν	σπέρνονταν	σπάρθηκα	σπάρθηκες	σπάρθηκε	σπαρθήκαμε	σπαρθήκατε	σπάρθηκαν	—	σπαρθείτε	-
σπέρνω	-	-	-	-	-	-	έσπερνα	έσπερνες	έσπερνε	σπέρναμε	σπέρνατε	έσπερναν	έσπειρα	έσπειρες	έσπειρε	σπείραμε	σπείρατε	έσπειραν	σπέρνε	σπέρνετε	-
σπανίζω	-	-	-	-	-	-	σπάνιζα	σπάνιζες	σπάνιζε	σπανίζαμε	σπανίζατε	σπάνιζαν	σπάνισα	σπάνισες	σπάνισε	σπανίσαμε	σπανίσατε	σπάνισαν	σπάνιζε	σπανίζετε	-
σπαράζω	-	-	-	-	-	-	σπάραζα	σπάραζες	σπάραζε	σπαράζαμε	σπαράζατε	σπάραζαν	σπάραξα	σπάραξες	σπάραξε	σπαράξαμε	σπαράξατε	σπάραξαν	σπάραζε	σπαράζετε	-
σπεύδω	-	-	-	-	-	-	έσπευδα	έσπευδες	έσπευδε	σπεύδαμε	σπεύδατε	έσπευδαν	έσπευσα	έσπευσες	έσπευσε	σπεύσαμε	σπεύσατε	έσπευσαν	έσπευδε	σπεύδετε	-
σπιθίζω	-	-	-	-	-	-	σπίθιζα	σπίθιζες	σπίθιζε	σπιθίζαμε	σπιθίζατε	σπίθιζαν	σπίθισα	σπίθισες	σπίθισε	σπιθίσαμε	σπιθίσατε	σπίθισαν	σπίθιζε	σπιθίζετε	-
σπιλώνομαι	σπιλώνομαι	σπιλώνεσαι	σπιλώνεται	σπιλωνόμαστε	σπιλωνόσαστε1	σπιλώνονται	σπιλωνόμουν	σπιλωνόσουν	σπιλωνόταν	σπιλωνόμασταν	σπιλωνόσασταν	σπιλωνόντανε	σπιλώθηκα	σπιλώθηκες	σπιλώθηκε	σπιλωθήκαμε	σπιλωθήκατε	σπιλωθήκανε	σπιλώσου	σπιλωθείτε	-
σπιλώνω	-	-	-	-	-	-	σπίλωνα	σπίλωνες	σπίλωνε	σπιλώναμε	σπιλώνατε	σπίλωναν	σπίλωσα	σπίλωσες	σπίλωσε	σπιλώσαμε	σπιλώσατε	σπίλωσαν	σπίλωνε	σπιλώνετε	-
σπιτώνω	-	-	-	-	-	-	σπίτωνα	σπίτωνες	σπίτωνε	σπιτώναμε	σπιτώνατε	σπίτωναν	σπίτωσα	σπίτωσες	σπίτωσε	σπιτώσαμε	σπιτώσατε	σπίτωσαν	σπίτωνε	σπιτώνετε	-
σπουδάζω	-	-	-	-	-	-	σπούδαζα	σπούδαζες	σπούδαζε	σπουδάζαμε	σπουδάζατε	σπουδάζαν	σπούδασα	σπούδασες	σπούδασε	σπουδάσαμε	σπουδάσατε	σπουδάσαν	σπούδαζε	σπουδάζετε	-
σπρώχνω	-	-	-	-	-	-	έσπρωχνα	έσπρωχνες	έσπρωχνε	σπρώχναμε	σπρώχνατε	έσπρωχναν	έσπρωξα	έσπρωξες	έσπρωξε	σπρώξαμε	σπρώξατε	έσπρωξαν	σπρώξε	σπρώξτε	-
σπω	σπάω	σπας	σπάει	σπάμε	σπάτε	σπάνε	έσπαγα	έσπαγες	έσπαγε	σπάγαμε	σπάγατε	έσπαγαν	έσπασα	έσπασες	έσπασε	σπάσαμε	σπάσατε	έσπασαν	σπάσε	σπάστε	-
στάζω	-	-	-	-	-	-	έσταζα	έσταζες	έσταζε	στάζαμε	στάζατε	έσταζαν	έσταξα	έσταξες	έσταξε	στάξαμε	στάξατε	έσταξαν	στάζε	στάζετε	-
στέκομαι	στέκομαι	στέκεσαι	στέκεται	στεκόμαστε	στέκεστε	στέκονται	στεκόμουν	στεκόσουν	στεκόταν	στεκόμασταν	στεκόσασταν	στέκονταν	στάθηκα	στάθηκες	στάθηκε	σταθήκαμε	σταθήκατε	στάθηκαν	στάσου	σταθείτε	-
στέκω	-	-	-	-	-	-	έστεκα	έστεκες	έστεκε	στέκαμε	στέκατε	έστεκαν	-	-	-	-	-	-	—	στέκετε	—
στέλνω	-	-	-	-	-	-	έστελνα	έστελνες	έστελνε	στέλναμε	στέλνατε	έστελναν	έστειλα	έστειλες	έστειλε	στείλαμε	στείλατε	έστειλαν	στέλνε	στέλνετε	-
στέφω	-	-	-	-	-	στέφουν[ε]	έστεφα	έστεφες	έστεφε	στέφαμε	στέφατε	έστεφαν	έστεψα	έστεψες	έστεψε	στέψαμε	στέψατε	έστεψαν	στέφε	στέφετε	-
στίβω	-	-	-	-	-	-	έστιβα	έστιβες	έστιβε	στίβαμε	στίβατε	έστιβαν	έστιψα	έστιψες	έστιψε	στίψαμε	στίψατε	έστιψαν	στίβε	στίβετε	-
σταθεροποιώ	σταθεροποιώ	σταθεροποιείς	σταθεροποιεί	σταθεροποιούμε	σταθεροποιείτε	σταθεροποιούν	σταθεροποιούσα	σταθεροποιούσες	σταθεροποιούσε	σταθεροποιούσαμε	σταθεροποιούσατε	σταθεροποιούσαν	σταθεροποίησα	σταθεροποίησες	σταθεροποίησε	σταθεροποιήσαμε	σταθεροποιήσατε	σταθεροποίησαν	σταθεροποίησε	σταθεροποιήστε	σταθεροποιώντας
σταθμεύω	-	-	-	-	-	-	στάθμευα	στάθμευες	στάθμευε	σταθμεύαμε	σταθμεύατε	στάθμευαν	στάθμευσα	στάθμευσες	στάθμευσε	σταθμεύσαμε	σταθμεύσατε	στάθμευσαν	στάθμευε	σταθμεύετε	-
σταλάζω	-	-	-	-	-	-	στάλαζα	στάλαζες	στάλαζε	σταλάζαμε	σταλάζατε	στάλαζαν	στάλαξα	στάλαξες	στάλαξε	σταλάξαμε	σταλάξατε	στάλαξαν	στάλαζε	σταλάζετε	-
σταματάω	-	σταματάς	σταματά	σταματάμε	σταματάτε	σταματάν	σταμάταγα	σταμάταγες	σταμάταγε	σταματάγαμε	σταματάγατε	σταμάταγαν	σταμάτησα	σταμάτησες	σταμάτησε	σταματήσαμε	σταματήσατε	σταμάτησαν	σταμάτα	σταματάτε	σταματώντας
σταματώ	σταματάω	σταματάς	σταματά	σταματάμε	σταματάτε	σταματάν	σταμάταγα	σταμάταγες	σταμάταγε	σταματάγαμε	σταματάγατε	σταμάταγαν	σταμάτησα	σταμάτησες	σταμάτησε	σταματήσαμε	σταματήσατε	σταμάτησαν	σταμάτα	σταματάτε	σταματώντας
σταυρώνω	-	-	-	-	-	-	σταύρωνα	σταύρωνες	σταύρωνε	σταυρώναμε	σταυρώνατε	σταυρώναν	σταύρωσα	σταύρωσες	σταύρωσε	σταυρώσαμε	σταυρώσατε	σταυρώσαν	σταύρωνε	σταυρώνετε	-
στείβω	-	-	-	-	-	-	έστειβα	έστειβες	έστειβε	στείβαμε	στείβατε	έστειβαν	έστειψα	έστειψες	έστειψε	στείψαμε	στείψατε	έστειψαν	στείβε	στείβετε	-
στεγάζω	-	-	-	-	-	-	στέγαζα	στέγαζες	στέγαζε	στεγάζαμε	στεγάζατε	στέγαζαν	στέγασα	στέγασες	στέγασε	στεγάσαμε	στεγάσατε	στέγασαν	στέγαζε	στεγάζετε	-
στεγνώνω	-	-	-	-	-	-	στέγνωνα	στέγνωνες	στέγνωνε	στεγνώναμε	στεγνώνατε	στέγνωναν	στέγνωσα	στέγνωσες	στέγνωσε	στεγνώσαμε	στεγνώσατε	στέγνωσαν	στέγνωνε	στεγνώνετε	-
στειρώνω	-	-	-	-	-	-	στείρωνα	στείρωνες	στείρωνε	στειρώναμε	στειρώνατε	στείρωναν	στείρωσα	στείρωσες	στείρωσε	στειρώσαμε	στειρώσατε	στείρωσαν	στείρωνε	στειρώνετε	-
στερεύω	-	-	-	-	-	-	στέρευα	στέρευες	στέρευε	στερεύαμε	στερεύατε	στέρευαν	στέρεψα	στέρεψες	στέρεψε	στερέψαμε	στερέψατε	στέρεψαν	στέρευε	στερέψτε	-
στεριώνω	-	-	-	-	-	-	στέριωνα	στέριωνες	στέριωνε	στεριώναμε	στεριώνατε	στέριωναν	στέριωσα	στέριωσες	στέριωσε	στεριώσαμε	στεριώσατε	στέριωσαν	στέριωνε	στεριώνετε	-
στερώ	στερώ	στερείς	στερεί	στερούμε	στερείτε	στερούν	στερούσα	στερούσες	στερούσε	στερούσαμε	στερούσατε	στερούσαν	στέρησα	στέρησες	στέρησε	στερήσαμε	στερήσατε	στέρησαν	στέρησε	στερήστε	στερώντας
στεφανώνω	-	-	-	-	-	-	στεφάνωνα	στεφάνωνες	στεφάνωνε	στεφανώναμε	στεφανώνατε	στεφάνωναν	στεφάνωσα	στεφάνωσες	στεφάνωσε	στεφανώσαμε	στεφανώσατε	στεφάνωσαν	στεφάνωνε	στεφανώνετε	-
στηρίζω	-	-	-	-	-	-	στήριζα	στήριζες	στήριζε	στηρίζαμε	στηρίζατε	στήριζαν	στήριξα	στήριξες	στήριξε	στηρίξαμε	στηρίξατε	στήριξαν	στήριζε	στηρίζετε	-
στιγματίζομαι	στιγματίζομαι	στιγματίζεσαι	στιγματίζεται	στιγματιζόμαστε	στιγματίζεστε	στιγματίζονται	στιγματιζόμουν	στιγματιζόσουν	στιγματιζόταν	στιγματιζόμασταν	στιγματιζόσασταν	στιγματίζονταν	στιγματίστηκα	στιγματίστηκες	στιγματίστηκε	στιγματιστήκαμε	στιγματιστήκατε	στιγματίστηκαν	στιγματίσου	στιγματιστείτε	-
στιγματίζω	-	-	-	-	-	-	στιγμάτιζα	στιγμάτιζες	στιγμάτιζε	στιγματίζαμε	στιγματίζατε	στιγμάτιζαν	στιγμάτισα	στιγμάτισες	στιγμάτισε	στιγματίσαμε	στιγματίσατε	στιγμάτισαν	στιγμάτιζε	στιγματίζετε	-
στοιβάζομαι	στοιβάζομαι	στοιβάζεσαι	στοιβάζεται	στοιβαζόμαστε	στοιβάζεστε	στοιβάζονται	στοιβαζόμουν	στοιβαζόσουν	στοιβαζόταν	στοιβαζόμασταν	στοιβαζόσασταν	στοιβάζονταν	στοιβάχτηκα	στοιβάχτηκες	στοιβάχτηκε	στοιβαχτήκαμε	στοιβαχτήκατε	στοιβάχτηκαν	στοιβάξου	στοιβαχτείτε	-
στοιβάζω	-	-	-	-	-	-	στοίβαζα	στοίβαζες	στοίβαζε	στοιβάζαμε	στοιβάζατε	στοίβαζαν	στοίβαξα	στοίβαξες	στοίβαξε	στοιβάξαμε	στοιβάξατε	στοίβαξαν	στοίβαζε	στοιβάζετε	-
στοιχίζω	-	-	-	-	-	-	στοίχιζα	στοίχιζες	στοίχιζε	στοιχίζαμε	στοιχίζατε	στοίχιζαν	στοίχισα	στοίχισες	στοίχισε	στοιχίσαμε	στοιχίσατε	στοίχισαν	στοίχιζε	στοιχίζετε	-
στοιχηματίζω	-	-	-	-	-	-	στοιχημάτιζα	στοιχημάτιζες	στοιχημάτιζε	στοιχηματίζαμε	στοιχηματίζατε	στοιχημάτιζαν	στοιχημάτισα	στοιχημάτισες	στοιχημάτισε	στοιχηματίσαμε	στοιχηματίσατε	στοιχημάτισαν	στοιχημάτιζε	στοιχηματίζετε	-
στολίζομαι	στολίζομαι	στολίζεσαι	στολίζεται	στολιζόμαστε	στολίζεστε	στολίζονται	στολιζόμουν	στολιζόσουν	στολιζόταν	στολιζόμασταν	στολιζόσασταν	στολίζονταν	στολίστηκα	στολίστηκες	στολίστηκε	στολιστήκαμε	στολιστήκατε	στολίστηκαν	στολίσου	στολιστείτε	-
στολίζω	-	-	-	-	-	-	στόλιζα	στόλιζες	στόλιζε	στολίζαμε	στολίζατε	στολίζαν	στόλισα	στόλισες	στόλισε	στολίσαμε	στολίσατε	στολίσαν	στόλιζε	στολίζετε	-
στοχεύω	-	-	-	-	-	-	στόχευα	στόχευες	στόχευε	στοχεύαμε	στοχεύατε	στοχεύαν	στόχευσα	στόχευσες	στόχευσε	στοχεύσαμε	στοχεύσατε	στοχεύσαν	στόχευε	στοχεύετε	-
στρέφω	-	-	-	-	-	-	έστρεφα	έστρεφες	έστρεφε	στρέφαμε	στρέφατε	έστρεφαν	έστρεψα	έστρεψες	έστρεψε	στρέψαμε	στρέψατε	έστρεψαν	στρέφε	στρέφετε	-
στρίβω	-	-	-	-	-	-	έστριβα	έστριβες	έστριβε	στρίβαμε	στρίβατε	έστριβαν	έστριψα	έστριψες	έστριψε	στρίψαμε	στρίψατε	έστριψαν	στρίβε	στρίβετε	-
στραβώνομαι	στραβώνομαι	στραβώνεσαι	στραβώνεται	στραβωνόμαστε	στραβωνόσαστε1	στραβώνονται	στραβωνόμουν	στραβωνόσουν	στραβωνόταν	στραβωνόμασταν	στραβωνόσασταν	στραβωνόντανε	στραβώθηκα	στραβώθηκες	στραβώθηκε	στραβωθήκαμε	στραβωθήκατε	στραβωθήκανε	στραβώσου	στραβωθείτε	-
στραβώνω	-	-	-	-	-	-	στράβωνα	στράβωνες	στράβωνε	στραβώναμε	στραβώνατε	στράβωναν	στράβωσα	στράβωσες	στράβωσε	στραβώσαμε	στραβώσατε	στράβωσαν	στράβωνε	στραβώνετε	-
στραγγίζω	-	-	-	-	-	-	στράγγιζα	στράγγιζες	στράγγιζε	στραγγίζαμε	στραγγίζατε	στράγγιζαν	στράγγιξα	στράγγιξες	στράγγιξε	στραγγίξαμε	στραγγίξατε	στράγγιξαν	στράγγιζε	στραγγίζετε	-
στρατοπεδεύω	-	-	-	-	-	-	στρατοπέδευα	στρατοπέδευες	στρατοπέδευε	στρατοπεδεύαμε	στρατοπεδεύατε	στρατοπέδευαν	στρατοπέδευσα	στρατοπέδευσες	στρατοπέδευσε	στρατοπεδεύσαμε	στρατοπεδεύσατε	στρατοπέδευσαν	στρατοπέδευε	στρατοπεδεύετε	-
στριφογυρίζω	-	-	-	-	-	-	στριφογύριζα	στριφογύριζες	στριφογύριζε	στριφογυρίζαμε	στριφογυρίζατε	στριφογυρίζαν	στριφογύρισα	στριφογύρισες	στριφογύρισε	στριφογυρίσαμε	στριφογυρίσατε	στριφογυρίσαν	στριφογύριζε	στριφογυρίζετε	-
στρώνω	-	-	-	-	-	-	εστρώνα	εστρώνες	εστρώνε	στρώναμε	στρώνατε	στρώναν	έστρωσα	έστρωσες	έστρωσε	στρώσαμε	στρώσατε	έστρωσαν	στρώνε	στρώνετε	-
στύβω	-	-	-	-	-	-	έστυβα	έστυβες	έστυβε	στύβαμε	στύβατε	έστυβαν	έστυψα	έστυψες	έστυψε	στύψαμε	στύψατε	έστυψαν	στύβε	στύβετε	-
συγγράφω	-	-	-	-	-	-	συνέγραφα	συνέγραφες	συνέγραφε	συγγράφαμε	συγγράφατε	συγγράφαν	συνέγραψα	συνέγραψες	συνέγραψε	συγγράψαμε	συγγράψατε	συγγράψαν	-	συγγράφετε	-
συγκαλώ	συγκαλώ	συγκαλείς	συγκαλεί	συγκαλούμε	συγκαλείτε	συγκαλούν	συγκαλούσα	συγκαλούσες	συγκαλούσε	συγκαλούσαμε	συγκαλούσατε	συγκαλούσαν	συγκάλεσα	συγκάλεσες	συγκάλεσε	συγκαλέσαμε	συγκαλέσατε	συγκάλεσαν	συγκάλεσε	συγκαλέστε	συγκαλώντας
συγκεντρώνομαι	συγκεντρώνομαι	συγκεντρώνεσαι	συγκεντρώνεται	συγκεντρωνόμαστε	συγκεντρωνόσαστε1	συγκεντρώνονται	συγκεντρωνόμουν	συγκεντρωνόσουν	συγκεντρωνόταν	συγκεντρωνόμασταν	συγκεντρωνόσασταν	συγκεντρωνόντανε	συγκεντρώθηκα	συγκεντρώθηκες	συγκεντρώθηκε	συγκεντρωθήκαμε	συγκεντρωθήκατε	συγκεντρωθήκανε	συγκεντρώσου	συγκεντρωθείτε	-
συγκεντρώνω	-	-	-	-	-	-	συγκέντρωνα	συγκέντρωνες	συγκέντρωνε	συγκεντρώναμε	συγκεντρώνατε	συγκέντρωναν	συγκέντρωσα	συγκέντρωσες	συγκέντρωσε	συγκεντρώσαμε	συγκεντρώσατε	συγκέντρωσαν	συγκέντρωνε	συγκεντρώνετε	-
συγκινώ	συγκινώ	συγκινείς	συγκινεί	συγκινούμε	συγκινείτε	συγκινούν	συγκινούσα	συγκινούσες	συγκινούσε	συγκινούσαμε	συγκινούσατε	συγκινούσαν	-	συγκίνησες	συγκίνησε	συγκινήσαμε	συγκινήσατε	συγκίνησαν	συγκίνησε	συγκινήστε	συγκινώντας
συγκροτώ	συγκροτώ	συγκροτείς	συγκροτεί	συγκροτούμε	συγκροτείτε	συγκροτούν	συγκροτούσα	συγκροτούσες	συγκροτούσε	συγκροτούσαμε	συγκροτούσατε	συγκροτούσαν	συγκρότησα	συγκρότησες	συγκρότησε	συγκροτήσαμε	συγκροτήσατε	συγκροτήσαν	συγκρότησε	συγκροτήστε	συγκροτώντας
συγκόπτω	-	-	-	-	-	συγκόπτουν[ε]	-	συνέκοπτες	συνέκοπτε	συγκόπταμε	συγκόπτατε	συγκόπταν	-	συνέκοψες	συνέκοψε	συγκόψαμε	συγκόψατε	συγκόψαν	-	συγκόπτετε	-
συγχαίρω	-	-	-	-	-	-	συνέχαιρα	συνέχαιρες	συνέχαιρε	συγχαίραμε	συγχαίρατε	συγχαίραν	συγχάρηκα	συγχάρηκες	συγχάρηκε	συγχαρήκαμε	συγχαρήκατε	συγχάρηκαν	—	συγχαίρετε	—
συγχρονίζω	-	-	-	-	-	-	συγχρόνιζα	συγχρόνιζες	συγχρόνιζε	συγχρονίζαμε	συγχρονίζατε	συγχρονίζαν	συγχρόνισα	συγχρόνισες	συγχρόνισε	συγχρονίσαμε	συγχρονίσατε	συγχρονίσαν	συγχρόνιζε	συγχρονίζετε	-
συγχωνεύω	-	-	-	-	-	-	συγχώνευα	συγχώνευες	συγχώνευε	συγχωνεύαμε	συγχωνεύατε	συγχωνεύαν	συγχώνευσα	συγχώνευσες	συγχώνευσε	συγχωνεύσαμε	συγχωνεύσατε	συγχωνεύσαν	συγχώνευε	συγχωνεύετε	-
συγχωράω	-	συγχωράς	συγχωρά	συγχωράμε	συγχωράτε	συγχωράν	συγχωρούσα	συγχωρούσες	συγχωρούσε	συγχωράγαμε	συγχωράγατε	συγχωρούσαν	συγχώρησα	συγχώρησες	συγχώρησε	συγχωρήσαμε	συγχωρήσατε	συγχωρήσαν	συγχώρα	συγχωράτε	συγχωρώντας
συγχωρώ	συγχωρώ	συγχωρείς	συγχωρεί	συγχωρούμε	συγχωρείτε	συγχωρούν	συγχωρούσα	συγχωρούσες	συγχωρούσε	συγχωρούσαμε	συγχωρούσατε	συγχωρούσαν	συγχώρησα	συγχώρησες	συγχώρησε	συγχωρήσαμε	συγχωρήσατε	συγχωρήσαν	συγχώρησε	συγχωρήστε	συγχωρώντας
συγχύζω	-	-	-	-	-	-	σύγχυζα	σύγχυζες	σύγχυζε	συγχύζαμε	συγχύζατε	συγχύζαν	σύγχυσα	σύγχυσες	σύγχυσε	συγχύσαμε	συγχύσατε	συγχύσαν	σύγχυζε	συγχύζετε	-
συζητάω	-	συζητάς	-	συζητάμε	συζητάτε	συζητάν	συζήταγα	συζήταγες	συζήταγε	συζητάγαμε	συζητάγατε	συζήταγαν	συζήτησα	συζήτησες	συζήτησε	συζητήσαμε	συζητήσατε	συζήτησαν	συζήτα	συζητήστε	συζητώντας
συζητώ	συζητάω	συζητάς	συζητά	συζητάμε	συζητάτε	συζητάν	συζήταγα	συζήταγες	συζήταγε	συζητάγαμε	συζητάγατε	συζήταγαν	συζήτησα	συζήτησες	συζήτησε	συζητήσαμε	συζητήσατε	συζήτησαν	συζήτα	συζητάτε	συζητώντας
συκοφαντώ	συκοφαντώ	συκοφαντείς	συκοφαντεί	συκοφαντούμε	συκοφαντείτε	συκοφαντούν	συκοφαντούσα	συκοφαντούσες	συκοφαντούσε	συκοφαντούσαμε	συκοφαντούσατε	συκοφαντούσαν	συκοφάντησα	συκοφάντησες	συκοφάντησε	συκοφαντήσαμε	συκοφαντήσατε	συκοφάντησαν	συκοφάντησε	συκοφαντήστε	συκοφαντώντας
συλλέγω	-	-	-	-	-	-	συνέλεγα	συνέλεγες	συνέλεγε	συλλέγαμε	συλλέγατε	συλλέγαν	συνέλεξα	συνέλεξες	συνέλεξε	συλλέξαμε	συλλέξατε	συλλέξαν	-	συλλέγετε	-
συμβολίζω	-	-	-	-	-	-	συμβόλιζα	συμβόλιζες	συμβόλιζε	συμβολίζαμε	συμβολίζατε	συμβολίζαν	συμβόλισα	συμβόλισες	συμβόλισε	συμβολίσαμε	συμβολίσατε	συμβολίσαν	συμβόλιζε	συμβολίζετε	-
συμβουλεύω	-	-	-	-	-	-	συμβούλευα	συμβούλευες	συμβούλευε	συμβουλεύαμε	συμβουλεύατε	συμβουλεύαν	συμβούλευσα	συμβούλευσες	συμβούλευσε	συμβουλέψαμε	συμβουλέψατε	συμβούλευσαν	συμβούλευ'	συμβουλέψτε	-
συμμετέχω	-	-	-	-	-	-	συμμετείχα	συμμετείχες	συμμετείχε	συμμετέχαμε	συμμετέχατε	συμμετείχαν[ε]	συμμετείχα	συμμετείχες	[{συμμετέσχε}]	συμμετάσχαμε	συμμετάσχατε	[{συμμετέσχον}]	-	συμμετάσχτε	συμμετέχον
συμμορφώνω	-	-	-	-	-	-	συμμόρφωνα	συμμόρφωνες	συμμόρφωνε	συμμορφώναμε	συμμορφώνατε	συμμορφώναν	συμμόρφωσα	συμμόρφωσες	συμμόρφωσε	συμμορφώσαμε	συμμορφώσατε	συμμορφώσαν	συμμόρφωνε	συμμορφώνετε	-
συμπαθώ	συμπαθώ	συμπαθείς	συμπαθεί	συμπαθούμε	συμπαθείτε	συμπαθούν	συμπαθούσα	συμπαθούσες	συμπαθούσε	συμπαθούσαμε	συμπαθούσατε	συμπαθούσαν	συμπάθησα	συμπάθησες	συμπάθησε	συμπαθήσαμε	συμπαθήσατε	συμπάθησαν	συμπάθησε	συμπαθήστε	συμπαθώντας
συμπεθερεύω	-	-	-	-	-	-	συμπεθέρευα	συμπεθέρευες	συμπεθέρευε	συμπεθερεύαμε	συμπεθερεύατε	συμπεθέρευαν	συμπεθέρεψα	συμπεθέρεψες	συμπεθέρεψε	συμπεθερέψαμε	συμπεθερέψατε	συμπεθέρεψαν	συμπεθέρευε	συμπεθερέψτε	-
συμπεριλαμβάνω	-	-	-	-	-	-	συμπεριλάμβανα	συμπεριλάμβανες	συμπεριλάμβανε	συμπεριλαμβάναμε	συμπεριλαμβάνατε	συμπεριλάμβαναν	συμπεριέλαβα	συμπεριέλαβες	συμπεριέλαβε	συμπεριλάβαμε	συμπεριλάβατε	συμπεριέλαβαν	συμπερίλαβε	συμπεριλάβετε	-
συμπλέω	-	-	-	-	-	-	συνέπλεα	συνέπλεες	συνέπλεε	συμπλέαμε	συμπλέατε	συμπλέαν	συνέπλευσα	συνέπλευσες	συνέπλευσε	συμπλεύσαμε	συμπλεύσατε	συμπλεύσαν	σύμπλεε	συμπλέετε	-
συμπληρώνομαι	συμπληρώνομαι	συμπληρώνεσαι	συμπληρώνεται	συμπληρωνόμαστε	συμπληρωνόσαστε1	συμπληρώνονται	συμπληρωνόμουν	συμπληρωνόσουν	συμπληρωνόταν	συμπληρωνόμασταν	συμπληρωνόσασταν	συμπληρωνόντανε	συμπληρώθηκα	συμπληρώθηκες	συμπληρώθηκε	συμπληρωθήκαμε	συμπληρωθήκατε	συμπληρωθήκανε	συμπληρώσου	συμπληρωθείτε	-
συμπληρώνω	-	-	-	-	-	-	συμπλήρωνα	συμπλήρωνες	συμπλήρωνε	συμπληρώναμε	συμπληρώνατε	συμπλήρωναν	συμπλήρωσα	συμπλήρωσες	συμπλήρωσε	συμπληρώσαμε	συμπληρώσατε	συμπλήρωσαν	συμπλήρωνε	συμπληρώνετε	-
συμφωνώ	συμφωνώ	συμφωνείς	συμφωνεί	συμφωνούμε	συμφωνείτε	συμφωνούν	συμφωνούσα	συμφωνούσες	συμφωνούσε	συμφωνούσαμε	συμφωνούσατε	συμφωνούσαν	συμφώνησα	συμφώνησες	συμφώνησε	συμφωνήσαμε	συμφωνήσατε	συμφωνήσαν	συμφώνησε	συμφωνήστε	συμφωνώντας
συμψηφίζω	-	-	-	-	-	-	συμψήφιζα	συμψήφιζες	συμψήφιζε	συμψηφίζαμε	συμψηφίζατε	συμψήφιζαν	συμψήφισα	συμψήφισες	συμψήφισε	συμψηφίσαμε	συμψηφίσατε	συμψήφισαν	συμψήφιζε	συμψηφίζετε	-
συνάπτω	-	-	-	συνάπτομε	-	συνάπτουν[ε]	συνήπτα	συνήπτες	συνήπτε	συνάπταμε	συνάπτατε	(συνάπταν[ε])	συνήψα	συνήψες	συνήψε	συνάψαμε	συνάψατε	(συνάψαν[ε])	σύναπτε	συνάπτετε	-
συνέρχομαι	συνέρχομαι	συνέρχεσαι	συνέρχεται	συνερχόμαστε	συνέρχεστε	συνέρχονται	συνερχόμουν	συνερχόσουν	συνερχόταν	συνερχόμαστε1	συνερχόσαστε1	συνέρχονταν	συνήλθα	συνήλθες	συνήλθε	συνήλθαμε	συνήλθατε	συνήλθαν	σύνελθε	συνέλθετε	-
συναντάω	-	συναντάς	συναντά	συναντάμε	συναντάτε	συναντάν	συνάνταγα	συνάνταγες	συνάνταγε	συναντάγαμε	συναντάγατε	συνάνταγαν	συνάντησα	συνάντησες	συνάντησε	συναντήσαμε	συναντήσατε	συνάντησαν	συνάνταγε	συναντάτε	συναντώντας
συναντώ	συναντάω	συναντάς	συναντά	συναντάμε	συναντάτε	συναντάν	συνάνταγα	συνάνταγες	συνάνταγε	συναντάγαμε	συναντάγατε	συνάνταγαν	συνάντησα	συνάντησες	συνάντησε	συναντήσαμε	συναντήσατε	συνάντησαν	συνάντα	συναντάτε	συναντώντας
συναρπάζω	-	-	-	-	-	-	συνάρπαζα	συνάρπαζες	συνάρπαζε	συναρπάζαμε	συναρπάζατε	συνάρπαζαν	συνάρπασα	συνάρπασες	συνάρπασε	συναρπάσαμε	συναρπάσατε	συνάρπασαν	συνάρπαζε	συναρπάζετε	-
συνδέω	-	-	-	-	-	-	συνέδεα	συνέδεες	συνέδεε	συνδέαμε	συνδέατε	συνέδεαν	συνέδεσα	συνέδεσες	συνέδεσε	συνδέσαμε	συνδέσατε	συνέδεσαν	σύνδεε	συνδέετε	-
συνδυάζομαι	συνδυάζομαι	συνδυάζεσαι	συνδυάζεται	συνδυαζόμαστε	συνδυάζεστε	συνδυάζονται	συνδυαζόμουν	συνδυαζόσουν	συνδυαζόταν	συνδυαζόμασταν	συνδυαζόσασταν	συνδυάζονταν	συνδυάστηκα	συνδυάστηκες	συνδυάστηκε	συνδυαστήκαμε	συνδυαστήκατε	συνδυάστηκαν	συνδυάσου	συνδυαστείτε	-
συνδυάζω	-	-	-	-	-	-	συνδύαζα	συνδύαζες	συνδύαζε	συνδυάζαμε	συνδυάζατε	συνδυάζαν	συνδύασα	συνδύασες	συνδύασε	συνδυάσαμε	συνδυάσατε	συνδυάσαν	συνδύαζε	συνδυάζετε	-
συνειδητοποιώ	συνειδητοποιώ	συνειδητοποιείς	συνειδητοποιεί	συνειδητοποιούμε	συνειδητοποιείτε	συνειδητοποιούν	συνειδητοποιούσα	συνειδητοποιούσες	συνειδητοποιούσε	συνειδητοποιούσαμε	συνειδητοποιούσατε	συνειδητοποιούσαν	συνειδητοποίησα	συνειδητοποίησες	συνειδητοποίησε	συνειδητοποιήσαμε	συνειδητοποιήσατε	συνειδητοποίησαν	συνειδητοποίησε	συνειδητοποιήστε	συνειδητοποιώντας
συνεχίζομαι	συνεχίζομαι	συνεχίζεσαι	συνεχίζεται	συνεχιζόμαστε	συνεχίζεστε	συνεχίζονται	συνεχιζόμουν	συνεχιζόσουν	συνεχιζόταν	συνεχιζόμασταν	συνεχιζόσασταν	συνεχίζονταν	συνεχίστηκα	συνεχίστηκες	συνεχίστηκε	συνεχιστήκαμε	συνεχιστήκατε	συνεχίστηκαν	συνεχίσου	συνεχιστείτε	-
συνεχίζω	-	-	-	-	-	-	συνέχιζα	συνέχιζες	συνέχιζε	συνεχίζαμε	συνεχίζατε	συνέχιζαν	συνέχισα	συνέχισες	συνέχισε	συνεχίσαμε	συνεχίσατε	συνέχισαν	συνέχιζε	συνεχίζετε	-
συνηθίζω	-	-	-	-	-	-	συνήθιζα	συνήθιζες	συνήθιζε	συνηθίζαμε	συνηθίζατε	συνήθιζαν	συνήθισα	συνήθισες	συνήθισε	συνηθίσαμε	συνηθίσατε	συνήθισαν	συνήθιζε	συνηθίζετε	-
συνθέτω	-	-	-	-	-	-	συνέθετα	συνέθετες	συνέθετε	συνθέταμε	συνθέτατε	συνέθεταν	συνέθεσα	συνέθεσες	συνέθεσε	συνθέσαμε	συνθέσατε	συνέθεσαν	συνθέσε	συνθέστε	-
συνθλίβω	-	-	-	-	-	-	συνέθλιβα	συνέθλιβες	συνέθλιβε	συνθλίβαμε	συνθλίβατε	συνέθλιβαν	συνέθλιψα	συνέθλιψες	συνέθλιψε	συνθλίψαμε	συνθλίψατε	συνέθλιψαν	σύνθλιβε	συνθλίβετε	-
συνοδεύω	-	-	-	-	-	-	συνόδευα	συνόδευες	συνόδευε	συνοδεύαμε	συνοδεύατε	συνοδεύαν	συνόδεψα	συνόδεψες	συνόδεψε	συνοδέψαμε	συνοδέψατε	συνόδεψαν	συνόδευε	συνοδέψτε	-
συνομιλώ	συνομιλώ	συνομιλείς	συνομιλεί	συνομιλούμε	συνομιλείτε	συνομιλούν	συνομιλούσα	συνομιλούσες	συνομιλούσε	συνομιλούσαμε	συνομιλούσατε	συνομιλούσαν	συνομίλησα	συνομίλησες	συνομίλησε	συνομιλήσαμε	συνομιλήσατε	συνομίλησαν	συνομίλησε	συνομιλήστε	συνομιλώντας
συνορεύω	-	-	-	-	-	-	συνόρευα	συνόρευες	συνόρευε	συνορεύαμε	συνορεύατε	συνορεύαν	-	-	-	-	-	-	συνόρευε	συνορεύετε	-
συντάσσω	-	-	-	-	-	-	συνέτασσα	συνέτασσες	συνέτασσε	συντάσσαμε	συντάσσατε	συνέτασσαν	συνέταξα	συνέταξες	συνέταξε	συντάξαμε	συντάξατε	συνέταξαν	συνέταξε	συντάξτε	-
συντηρώ	συντηρώ	συντηρείς	συντηρεί	συντηρούμε	συντηρείτε	συντηρούν	συντηρούσα	συντηρούσες	συντηρούσε	συντηρούσαμε	συντηρούσατε	συντηρούσαν	συντήρησα	συντήρησες	συντήρησε	συντηρήσαμε	συντηρήσατε	συντήρησαν	συντήρησε	συντηρήστε	συντηρώντας
συντομεύω	-	-	-	-	-	-	συντόμευα	συντόμευες	συντόμευε	συντομεύαμε	συντομεύατε	συντομεύαν	συντόμευσα	συντόμευσες	συντόμευσε	συντομεύσαμε	συντομεύσατε	συντόμευσαν	συντόμευε	συντομεύετε	-
συντονίζω	-	-	-	-	-	-	συντόνιζα	συντόνιζες	συντόνιζε	συντονίζαμε	συντονίζατε	συντονίζαν	συντόνισα	συντόνισες	συντόνισε	συντονίσαμε	συντονίσατε	συντονίσαν	συντόνιζε	συντονίζετε	-
συντρέχω	-	-	-	-	-	-	συνέτρεχα	συνέτρεχες	συνέτρεχε	συντρέχαμε	συντρέχατε	συνέτρεχαν	συνέδραμα	συνέδραμες	συνέδραμε	συνδράμαμε	συνδράματε	συνέδραμαν	σύνδραμε	συντρέξτε	-
συντρίβω	-	-	-	-	-	-	συνέτριβα	συνέτριβες	συνέτριβε	συντρίβαμε	συντρίβατε	συνέτριβαν	συνέτριψα	συνέτριψες	συνέτριψε	συντρίψαμε	συντρίψατε	συνέτριψαν	σύντριβε	συντρίβετε	-
συνυπολογίζω	-	-	-	-	-	-	συνυπολόγιζα	συνυπολόγιζες	συνυπολόγιζε	συνυπολογίζαμε	συνυπολογίζατε	συνυπολογίζαν	συνυπολόγισα	συνυπολόγισες	συνυπολόγισε	συνυπολογίσαμε	συνυπολογίσατε	συνυπολογίσαν	συνυπολόγιζε	συνυπολογίζετε	-
συνωμοτώ	συνωμοτώ	συνωμοτείς	συνωμοτεί	συνωμοτούμε	συνωμοτείτε	συνωμοτούν	συνωμοτούσα	συνωμοτούσες	συνωμοτούσε	συνωμοτούσαμε	συνωμοτούσατε	συνωμοτούσαν	συνωμότησα	συνωμότησες	συνωμότησε	συνωμοτήσαμε	συνωμοτήσατε	συνωμοτήσαν	συνωμότησε	συνωμοτήστε	συνωμοτώντας
συρράπτω	-	-	-	-	-	-	συνέρραπτα	συνέρραπτες	συνέρραπτε	συρράπταμε	συρράπτατε	συνέρραπταν	συνέρραψα	συνέρραψες	συνέρραψε	συρράψαμε	συρράψατε	συνέρραψαν	σύρραπτε	συρράπτετε	-
συρρέω	-	-	-	-	-	-	συνέρρεα	συνέρρεες	συνέρρεε	συρρέαμε	συρρέατε	συνέρρεαν	συνέρρευσα	συνέρρευσες	συνέρρευσε	συρρεύσαμε	συρρεύσατε	συνέρρευσαν	σύρρευσε	συρρέετε	-
συσσωρεύω	-	-	-	-	-	-	συσσώρευα	συσσώρευες	συσσώρευε	συσσωρεύαμε	συσσωρεύατε	συσσωρεύαν	συσσώρευσα	συσσώρευσες	συσσώρευσε	συσσωρεύσαμε	συσσωρεύσατε	συσσωρεύσαν	συσσώρευε	συσσωρεύετε	-
συστήνω	-	-	-	-	-	-	σύστηνα	σύστηνες	σύστηνε	συστήναμε	συστήνατε	συστήναν	σύστησα	σύστησες	σύστησε	συστήσαμε	συστήσατε	συστήσαν	σύστηνε	συστήνετε	-
συσχετίζω	-	-	-	-	-	-	συσχέτιζα	συσχέτιζες	συσχέτιζε	συσχετίζαμε	συσχετίζατε	συσχέτιζαν	συσχέτισα	συσχέτισες	συσχέτισε	συσχετίσαμε	συσχετίσατε	συσχέτισαν	συσχέτιζε	συσχετίζετε	-
σφαδάζω	-	-	-	-	-	-	σφάδαζα	σφάδαζες	σφάδαζε	σφαδάζαμε	σφαδάζατε	σφάδαζαν	σφάδασα	σφάδασες	σφάδασε	σφαδάσαμε	σφαδάσατε	σφάδασαν	σφάδαζε	σφαδάζετε	-
σφαλιαρίζω	-	-	-	-	-	-	σφαλιάριζα	σφαλιάριζες	σφαλιάριζε	σφαλιαρίζαμε	σφαλιαρίζατε	σφαλιάριζαν	σφαλιάρισα	σφαλιάρισες	σφαλιάρισε	σφαλιαρίσαμε	σφαλιαρίσατε	σφαλιάρισαν	σφαλιάριζε	σφαλιαρίζετε	-
σφιχταγκαλιάζω	-	-	-	-	-	-	σφιχταγκάλιαζα	σφιχταγκάλιαζες	σφιχταγκάλιαζε	σφιχταγκαλιάζαμε	σφιχταγκαλιάζατε	σφιχταγκάλιαζαν	σφιχταγκάλιασα	σφιχταγκάλιασες	σφιχταγκάλιασε	σφιχταγκαλιάσαμε	σφιχταγκαλιάσατε	σφιχταγκάλιασαν	σφιχταγκάλιαζε	σφιχταγκαλιάζετε	-
σφραγίζω	-	-	-	-	-	-	σφράγιζα	σφράγιζες	σφράγιζε	σφραγίζαμε	σφραγίζατε	σφράγιζαν	σφράγισα	σφράγισες	σφράγισε	σφραγίσαμε	σφραγίσατε	σφράγισαν	σφράγιζε	σφραγίζετε	-
σφυρίζω	-	-	-	-	-	-	σφύριζα	σφύριζες	σφύριζε	σφυρίζαμε	σφυρίζατε	σφυρίζαν	σφύριξα	σφύριξες	σφύριξε	σφυρίξαμε	σφυρίξατε	σφυρίξαν	σφύριζε	σφυρίζετε	-
σφύζω	-	-	-	-	-	-	έσφυζα	έσφυζες	έσφυζε	σφύζαμε	σφύζατε	έσφυζαν	-	-	-	-	-	-	σφύζε	σφύζετε	-
σχίζω	-	-	-	-	-	-	έσχιζα	έσχιζες	έσχιζε	σχίζαμε	σχίζατε	έσχιζαν	έσχισα	έσχισες	έσχισε	σχίσαμε	σχίσατε	έσχισαν	σχίζε	σχίζετε	-
σχεδιάζω	-	-	-	-	-	-	σχεδίαζα	σχεδίαζες	σχεδίαζε	σχεδιάζαμε	σχεδιάζατε	σχεδίαζαν	σχεδίασα	σχεδίασες	σχεδίασε	σχεδιάσαμε	σχεδιάσατε	σχεδίασαν	σχεδίαζε	σχεδιάζετε	-
σχετίζω	-	-	-	-	-	-	σχέτιζα	σχέτιζες	σχέτιζε	σχετίζαμε	σχετίζατε	σχέτιζαν	σχέτισα	σχέτισες	σχέτισε	σχετίσαμε	σχετίσατε	σχέτισαν	σχέτιζε	σχετίζετε	-
σχηματίζομαι	σχηματίζομαι	σχηματίζεσαι	σχηματίζεται	σχηματιζόμαστε	σχηματίζεστε	σχηματίζονται	σχηματιζόμουν	σχηματιζόσουν	σχηματιζόταν	σχηματιζόμασταν	σχηματιζόσασταν	σχηματίζονταν	σχηματίστηκα	σχηματίστηκες	σχηματίστηκε	σχηματιστήκαμε	σχηματιστήκατε	σχηματίστηκαν	σχηματίσου	σχηματιστείτε	-
σχηματίζω	-	-	-	-	-	-	σχημάτιζα	σχημάτιζες	σχημάτιζε	σχηματίζαμε	σχηματίζατε	σχημάτιζαν	σχημάτισα	σχημάτισες	σχημάτισε	σχηματίσαμε	σχηματίσατε	σχημάτισαν	σχημάτιζε	σχηματίζετε	-
σχολιάζω	-	-	-	-	-	-	σχολίαζα	σχολίαζες	σχολίαζε	σχολιάζαμε	σχολιάζατε	σχολίαζαν	σχολίασα	σχολίασες	σχολίασε	σχολιάσαμε	σχολιάσατε	σχολίασαν	σχολίαζε	σχολιάζετε	-
σωπαίνω	-	-	-	-	-	-	σώπαινα	σώπαινες	σώπαινε	σωπαίναμε	σωπαίνατε	σωπαίναν	σώπασα	σώπασες	σώπασε	σωπάσαμε	σωπάσατε	σωπάσαν	σώπα	σωπάστε	-
σύρω	-	-	-	-	-	-	έσυρα	έσυρες	έσυρε	σύραμε	σύρατε	έσυραν	έσυρα	έσυρες	έσυρε	σύραμε	σύρατε	έσυραν	σύρε	σύρετε	-
σώζω	-	-	-	-	-	-	έσωζα	έσωζες	έσωζε	σώζαμε	σώζατε	έσωζαν	έσωσα	έσωσες	έσωσε	σώσαμε	σώσατε	έσωσαν	σώζε	σώζετε	-
τέρπω	-	-	-	-	-	τέρπουν[ε]	έτερπα	έτερπες	έτερπε	τέρπαμε	τέρπατε	έτερπαν	έτερψα	έτερψες	έτερψε	τέρψαμε	τέρψατε	έτερψαν	τέρπε	τέρπετε	-
ταΐζω	-	-	-	-	-	-	τάιζα	τάιζες	τάιζε	ταΐζαμε	ταΐζατε	τάιζαν	τάισα	τάισες	τάισε	ταΐσαμε	ταΐσατε	τάισαν	τάιζε	ταΐζετε	-
ταιριάζω	-	-	-	-	-	-	ταίριαζα	ταίριαζες	ταίριαζε	ταιριάζαμε	ταιριάζατε	ταίριαζαν	ταίριαξα	ταίριαξες	ταίριαξε	ταιριάξαμε	ταιριάξατε	ταίριαξαν	ταίριαζε	ταιριάζετε	-
τακτοποιώ	τακτοποιώ	τακτοποιείς	τακτοποιεί	τακτοποιούμε	τακτοποιείτε	τακτοποιούν	τακτοποιούσα	τακτοποιούσες	τακτοποιούσε	τακτοποιούσαμε	τακτοποιούσατε	τακτοποιούσαν	τακτοποίησα	τακτοποίησες	τακτοποίησε	τακτοποιήσαμε	τακτοποιήσατε	τακτοποίησαν	τακτοποίησε	τακτοποιήστε	τακτοποιώντας
ταλαιπωρώ	ταλαιπωρώ	ταλαιπωρείς	ταλαιπωρεί	ταλαιπωρούμε	ταλαιπωρείτε	ταλαιπωρούν	ταλαιπωρούσα	ταλαιπωρούσες	ταλαιπωρούσε	ταλαιπωρούσαμε	ταλαιπωρούσατε	ταλαιπωρούσαν	ταλαιπώρησα	ταλαιπώρησες	ταλαιπώρησε	ταλαιπωρήσαμε	ταλαιπωρήσατε	ταλαιπωρήσαν	ταλαιπώρησε	ταλαιπωρήστε	ταλαιπωρώντας
ταξιδεύω	-	-	-	-	-	-	ταξίδευα	ταξίδευες	ταξίδευε	ταξιδεύαμε	ταξιδεύατε	ταξίδευαν	ταξίδεψα	ταξίδεψες	ταξίδεψε	ταξιδέψαμε	ταξιδέψατε	ταξίδεψαν	ταξίδευε	ταξιδέψτε	-
ταπεινώνομαι	ταπεινώνομαι	ταπεινώνεσαι	ταπεινώνεται	ταπεινωνόμαστε	ταπεινωνόσαστε1	ταπεινώνονται	ταπεινωνόμουν	ταπεινωνόσουν	ταπεινωνόταν	ταπεινωνόμασταν	ταπεινωνόσασταν	ταπεινωνόντανε	ταπεινώθηκα	ταπεινώθηκες	ταπεινώθηκε	ταπεινωθήκαμε	ταπεινωθήκατε	ταπεινωθήκανε	ταπεινώσου	ταπεινωθείτε	-
ταπεινώνω	-	-	-	-	-	-	ταπείνωνα	ταπείνωνες	ταπείνωνε	ταπεινώναμε	ταπεινώνατε	ταπείνωναν	ταπείνωσα	ταπείνωσες	ταπείνωσε	ταπεινώσαμε	ταπεινώσατε	ταπείνωσαν	ταπείνωνε	ταπεινώνετε	-
ταριχεύω	-	-	-	-	-	-	ταρίχευα	ταρίχευες	ταρίχευε	ταριχεύαμε	ταριχεύατε	ταρίχευαν	ταρίχευσα	ταρίχευσες	ταρίχευσε	ταριχεύσαμε	ταριχεύσατε	ταρίχευσαν	ταριχεύε	ταριχεύετε	-
ταχτοποιώ	ταχτοποιώ	ταχτοποιείς	ταχτοποιεί	ταχτοποιούμε	ταχτοποιείτε	ταχτοποιούν	ταχτοποιούσα	ταχτοποιούσες	ταχτοποιούσε	ταχτοποιούσαμε	ταχτοποιούσατε	ταχτοποιούσαν	ταχτοποίησα	ταχτοποίησες	ταχτοποίησε	ταχτοποιήσαμε	ταχτοποιήσατε	ταχτοποίησαν	ταχτοποίησε	ταχτοποιήστε	ταχτοποιώντας
ταχυδρομώ	ταχυδρομώ	ταχυδρομείς	ταχυδρομεί	ταχυδρομούμε	ταχυδρομείτε	ταχυδρομούν	ταχυδρομούσα	ταχυδρομούσες	ταχυδρομούσε	ταχυδρομούσαμε	ταχυδρομούσατε	ταχυδρομούσαν	ταχυδρόμησα	ταχυδρόμησες	ταχυδρόμησε	ταχυδρομήσαμε	ταχυδρομήσατε	ταχυδρομήσαν	ταχυδρόμησε	ταχυδρομήστε	ταχυδρομώντας
τείνω	-	-	-	-	-	-	έτεινα	έτεινες	έτεινε	τείναμε	τείνατε	έτειναν	έτεινα	έτεινες	έτεινε	τείναμε	τείνατε	έτειναν	τείνε	τείνετε	-
τελειοποιώ	τελειοποιώ	τελειοποιείς	τελειοποιεί	τελειοποιούμε	τελειοποιείτε	τελειοποιούν	τελειοποιούσα	τελειοποιούσες	τελειοποιούσε	τελειοποιούσαμε	τελειοποιούσατε	τελειοποιούσαν	τελειοποίησα	τελειοποίησες	τελειοποίησε	τελειοποιήσαμε	τελειοποιήσατε	τελειοποίησαν	τελειοποίησε	τελειοποιήστε	τελειοποιώντας
τελειώνω	-	-	-	-	-	-	τέλειωνα	τέλειωνες	τέλειωνε	τελειώναμε	τελειώνατε	τέλειωναν	τέλειωσα	τέλειωσες	τέλειωσε	τελειώσαμε	τελειώσατε	τέλειωσαν	τελείωνε	τελειώνετε	-
τελούμαι	τελούμαι	τελείσαι	τελείται	τελούμαστε	τελείστε	τελούνται	τελούμουν	—	ετελείτο	τελούμαστε	—	ετελούντο	τελέστηκα	τελέστηκες	τελέστηκε	τελεστήκαμε	τελεστήκατε	τελέστηκαν	τελέσου	τελείστε	—
τελώ	τελώ	τελείς	τελεί	τελούμε	τελείτε	τελούν	τελούσα	τελούσες	τελούσε	τελούσαμε	τελούσατε	τελούσαν	τέλεσα	τέλεσες	τέλεσε	τελέσαμε	τελέσατε	τέλεσαν	τέλεσε	τελέστε	τελώντας
τεμαχίζω	-	-	-	-	-	-	τεμάχιζα	τεμάχιζες	τεμάχιζε	τεμαχίζαμε	τεμαχίζατε	τεμάχιζαν	τεμάχισα	τεμάχισες	τεμάχισε	τεμαχίσαμε	τεμαχίσατε	τεμάχισαν	τεμάχιζε	τεμαχίζετε	-
τεμπελιάζω	-	-	-	-	-	-	τεμπέλιαζα	τεμπέλιαζες	τεμπέλιαζε	τεμπελιάζαμε	τεμπελιάζατε	τεμπέλιαζαν	τεμπάλιασα	τεμπάλιασες	τεμπάλιασε	τεμπαλιάσαμε	τεμπαλιάσατε	τεμπάλιασαν	τεμπάλιασε	τεμπαλιάστε	-
τερματίζομαι	τερματίζομαι	τερματίζεσαι	τερματίζεται	τερματιζόμαστε	τερματίζεστε	τερματίζονται	τερματιζόμουν	τερματιζόσουν	τερματιζόταν	τερματιζόμασταν	τερματιζόσασταν	τερματίζονταν	τερματίστηκα	τερματίστηκες	τερματίστηκε	τερματιστήκαμε	τερματιστήκατε	τερματίστηκαν	τερματίσου	τερματιστείτε	-
τερματίζω	-	-	-	-	-	-	τερμάτιζα	τερμάτιζες	τερμάτιζε	τερματίζαμε	τερματίζατε	τερμάτιζαν	τερμάτισα	τερμάτισες	τερμάτισε	τερματίσαμε	τερματίσατε	τερμάτισαν	τερμάτιζε	τερματίζετε	-
τετραγωνίζω	-	-	-	-	-	-	τετραγώνιζα	τετραγώνιζες	τετραγώνιζε	τετραγωνίζαμε	τετραγωνίζατε	τετραγωνίζαν	τετραγώνισα	τετραγώνισες	τετραγώνισε	τετραγωνίσαμε	τετραγωνίσατε	τετραγωνίσαν	τετραγώνιζε	τετραγωνίζετε	-
τηγανίζομαι	τηγανίζομαι	τηγανίζεσαι	τηγανίζεται	τηγανιζόμαστε	τηγανίζεστε	τηγανίζονται	τηγανιζόμουν	τηγανιζόσουν	τηγανιζόταν	τηγανιζόμασταν	τηγανιζόσασταν	τηγανίζονταν	τηγανίστηκα	τηγανίστηκες	τηγανίστηκε	τηγανιστήκαμε	τηγανιστήκατε	τηγανίστηκαν	τηγανίσου	τηγανιστείτε	-
τηγανίζω	-	-	-	-	-	-	τηγάνιζα	τηγάνιζες	τηγάνιζε	τηγανίζαμε	τηγανίζατε	τηγάνιζαν	τηγάνισα	τηγάνισες	τηγάνισε	τηγανίσαμε	τηγανίσατε	τηγάνισαν	τηγάνιζε	τηγανίζετε	-
τηλεφωνάω	-	τηλεφωνάς	τηλεφωνά	τηλεφωνάμε	τηλεφωνάτε	τηλεφωνάν	τηλεφωνούσα	τηλεφωνούσες	τηλεφωνούσε	τηλεφωνάγαμε	τηλεφωνάγατε	τηλεφωνάγανε	τηλεφώνησα	τηλεφώνησες	τηλεφώνησε	τηλεφωνήσαμε	τηλεφωνήσατε	τηλεφωνήσαν	τηλεφώνησε	τηλεφωνήσετε	τηλεφωνώντας
τηλεφωνώ	τηλεφωνάω	τηλεφωνάς	τηλεφωνά	τηλεφωνάμε	τηλεφωνάτε	τηλεφωνάν	τηλεφωνούσα	τηλεφωνούσες	τηλεφωνούσε	τηλεφωνάγαμε	τηλεφωνάγατε	τηλεφωνάγανε	τηλεφώνησα	τηλεφώνησες	τηλεφώνησε	τηλεφωνήσαμε	τηλεφωνήσατε	τηλεφωνήσαν	τηλεφώνησε	τηλεφωνήστε	τηλεφωνώντας
τηρώ	τηρώ	τηρείς	τηρεί	τηρούμε	τηρείτε	τηρούν	τηρούσα	τηρούσες	τηρούσε	τηρούσαμε	τηρούσατε	τηρούσαν	τήρησα	τήρησες	τήρησε	τηρήσαμε	τηρήσατε	τήρησαν	τήρησε	τηρήστε	τηρώντας
τιμάω	-	τιμάς	τιμά	τιμάμε	τιμάτε	τιμάν	τιμούσα	τιμούσες	τιμούσε	τιμούσαμε	τιμούσατε	τιμούσαν	τίμησα	τίμησες	τίμησε	τιμήσαμε	τιμήσατε	τίμησαν	τίμα	τιμάτε	τιμώντας
τιμωρώ	τιμωρώ	τιμωρείς	τιμωρεί	τιμωρούμε	τιμωρείτε	τιμωρούν	τιμωρούσα	τιμωρούσες	τιμωρούσε	τιμωρούσαμε	τιμωρούσατε	τιμωρούσαν	τιμώρησα	τιμώρησες	τιμώρησε	τιμωρήσαμε	τιμωρήσατε	τιμωρήσαν	τιμώρησε	τιμωρήστε	τιμωρώντας
τιμώ	τιμάω	τιμάς	τιμά	τιμάμε	τιμάτε	τιμάν	τίμαγα	τίμαγες	τίμαγε	τιμάγαμε	τιμάγατε	τίμαγαν	τίμησα	τίμησες	τίμησε	τιμήσαμε	τιμήσατε	τίμησαν	τίμα	τιμάτε	τιμώντας
τιμώμαι	τιμώμαι	τιμάσαι	τιμάται	τιμόμαστε	τιμάσθε	τιμώνται	—	—	—	—	—	—	τιμήθηκα	τιμήθηκες	τιμήθηκε	τιμηθήκαμε	τιμηθήκατε	τιμήθηκαν	τιμήσου	τιμάσθε	—
τιτιβίζω	-	-	-	-	-	-	τιτίβιζα	τιτίβιζες	τιτίβιζε	τιτιβίζαμε	τιτιβίζατε	τιτίβιζαν	τιτίβισα	τιτίβισες	τιτίβισε	τιτιβίσαμε	τιτιβίσατε	τιτίβισαν	τιτίβιζε	τιτιβίζετε	-
τολμάω	-	τολμάς	τολμά	τολμάμε	τολμάτε	τολμάν	τολμούσα	τολμούσες	τολμούσε	τολμούσαμε	τολμούσατε	τολμούσαν	τόλμησα	τόλμησες	τόλμησε	τολμήσαμε	τολμήσατε	τολμήσαν	τόλμα	τολμάτε	τολμώντας
τολμώ	τολμάω	τολμάς	τολμά	τολμάμε	τολμάτε	τολμάν	τολμούσα	τολμούσες	τολμούσε	τολμάγαμε	τολμάγατε	τολμάγανε	τόλμησα	τόλμησες	τόλμησε	τολμήσαμε	τολμήσατε	τολμήσαν	τόλμα	τολμάτε	τολμώντας
τονίζω	-	-	-	-	-	-	τόνιζα	τόνιζες	τόνιζε	τονίζαμε	τονίζατε	τονίζαν	τόνισα	τόνισες	τόνισε	τονίσαμε	τονίσατε	τονίσαν	τόνιζε	τονίζετε	-
τοποθετώ	τοποθετώ	τοποθετείς	τοποθετεί	τοποθετούμε	τοποθετείτε	τοποθετούν	τοποθετούσα	τοποθετούσες	τοποθετούσε	τοποθετούσαμε	τοποθετούσατε	τοποθετούσαν	τοποθέτησα	τοποθέτησες	τοποθέτησε	τοποθετήσαμε	τοποθετήσατε	τοποθέτησαν	τοποθέτησε	τοποθετήστε	τοποθετώντας
τρέμω	-	-	-	-	-	-	έτρεμα	έτρεμες	έτρεμε	τρέμαμε	τρέματε	έτρεμαν	-	-	-	-	-	-	-	τρέμετε	-
τρέπω	-	-	-	-	-	-	έτρεπα	έτρεπες	έτρεπε	τρέπαμε	τρέπατε	έτρεπαν	έτρεψα	έτρεψες	έτρεψε	τρέψαμε	τρέψατε	έτρεψαν	τρέπε	τρέπετε	-
τρέχω	-	-	-	-	-	-	έτρεχα	έτρεχες	έτρεχε	τρέχαμε	τρέχατε	έτρεχαν	έτρεξα	έτρεξες	έτρεξε	τρέξαμε	τρέξατε	έτρεξαν	τρέξε	τρέξτε	-
τρίβω	-	-	-	-	-	-	έτριβα	έτριβες	έτριβε	τρίβαμε	τρίβατε	έτριβαν	έτριψα	έτριψες	έτριψε	τρίψαμε	τρίψατε	έτριψαν	τρίβε	τρίβετε	-
τρίζω	-	-	-	-	-	-	έτριζα	έτριζες	έτριζε	τρίζαμε	τρίζατε	έτριζαν	έτριξα	έτριξες	έτριξε	τρίξαμε	τρίξατε	έτριξαν	τρίζε	τρίζετε	-
τραβάω	-	τραβάς	τραβά	τραβάμε	τραβάτε	τραβάν	τράβαγα	τράβαγες	τράβαγε	τραβάγαμε	τραβάγατε	τράβαγαν	τράβηξα	τράβηξες	τράβηξε	τραβήξαμε	τραβήξατε	τράβηξαν	τράβα	τραβάτε	τραβώντας
τραβιέμαι	τραβιέμαι	τραβιέσαι	τραβιέται	τραβιόμαστε	τραβιέστε	τραβιούνται	τραβιόμουν	τραβιόσουν	τραβιόταν	τραβιόμασταν	τραβιόσασταν	τραβιούνταν	τραβήχτηκα	τραβήχτηκες	τραβήχτηκε	τραβηχτήκαμε	τραβηχτήκατε	τραβήχτηκαν	τραβήξου	τραβηχτείτε	—
τραβώ	τραβάω	τραβάς	τραβά	τραβάμε	τραβάτε	τραβάν	τράβαγα	τράβαγες	τράβαγε	τραβάγαμε	τραβάγατε	τράβαγαν	τράβηξα	τράβηξες	τράβηξε	τραβήξαμε	τραβήξατε	τράβηξαν	τράβα	τραβάτε	τραβώντας
τραγουδάω	-	τραγουδάς	τραγουδά	τραγουδάμε	τραγουδάτε	τραγουδάν	τραγουδούσα	τραγουδούσες	τραγουδούσε	τραγουδάγαμε	τραγουδάγατε	τραγουδούσαν	τραγούδησα	τραγούδησες	τραγούδησε	τραγουδήσαμε	τραγουδήσατε	τραγουδήσαν	τραγούδα	τραγουδάτε	τραγουδώντας
τραγουδώ	τραγουδάω	τραγουδάς	τραγουδά	τραγουδάμε	τραγουδάτε	τραγουδάν	τραγουδούσα	τραγουδούσες	τραγουδούσε	τραγουδάγαμε	τραγουδάγατε	τραγουδάγανε	τραγούδησα	τραγούδησες	τραγούδησε	τραγουδήσαμε	τραγουδήσατε	τραγουδήσαν	τραγούδα	τραγουδάτε	τραγουδώντας
τρακάρω	-	-	-	-	-	-	τράκαρα	τράκαρες	τράκαρε	τρακάραμε	τρακάρατε	τράκαραν	τράκαρα	τράκαρες	τράκαρε	τρακάραμε	τρακάρατε	τράκαραν	τράκαρε	τρακάρετε	-
τραυματίζω	-	-	-	-	-	-	τραυμάτιζα	τραυμάτιζες	τραυμάτιζε	τραυματίζαμε	τραυματίζατε	τραυμάτιζαν	τραυμάτισα	τραυμάτισες	τραυμάτισε	τραυματίσαμε	τραυματίσατε	τραυμάτισαν	τραυμάτιζε	τραυματίζετε	-
τρελαίνω	-	-	-	-	-	-	τρέλαινα	τρέλαινες	τρέλαινε	τρελαίναμε	τρελαίνατε	τρέλαιναν	τρέλανα	τρέλανες	τρέλανε	τρελάναμε	τρελάνατε	τρέλαναν	τρέλαινε	τρελάνετε	-
τριγυρνώ	τριγυρνάω	τριγυρνάς	τριγυρνά	τριγυρνάμε	τριγυρνάτε	τριγυρνάν	τριγυρνούσα	τριγυρνούσες	τριγυρνούσε	τριγυρνάγαμε	τριγυρνάγατε	τριγυρνούσαν	τριγύρνησα	τριγύρνησες	τριγύρνησε	τριγυρνήσαμε	τριγυρνήσατε	τριγυρνήσαν	τριγύρνα	τριγυρνάτε	τριγυρνώντας
τρομάζω	-	-	-	-	-	-	τρόμαζα	τρόμαζες	τρόμαζε	τρομάζαμε	τρομάζατε	τρομάζαν	τρόμαξα	τρόμαξες	τρόμαξε	τρομάξαμε	τρομάξατε	τρομάξαν	τρόμαζε	τρομάζετε	-
τρομοκρατώ	τρομοκρατώ	τρομοκρατείς	τρομοκρατεί	τρομοκρατούμε	τρομοκρατείτε	τρομοκρατούν	τρομοκρατούσα	τρομοκρατούσες	τρομοκρατούσε	τρομοκρατούσαμε	τρομοκρατούσατε	τρομοκρατούσαν	τρομοκράτησα	τρομοκράτησες	τρομοκράτησε	τρομοκρατήσαμε	τρομοκρατήσατε	τρομοκράτησαν	τρομοκράτησε	τρομοκρατήστε	τρομοκρατώντας
τροφοδοτώ	τροφοδοτώ	τροφοδοτείς	τροφοδοτεί	τροφοδοτούμε	τροφοδοτείτε	τροφοδοτούν	τροφοδοτούσα	τροφοδοτούσες	τροφοδοτούσε	τροφοδοτούσαμε	τροφοδοτούσατε	τροφοδοτούσαν	τροφοδότησα	τροφοδότησες	τροφοδότησε	τροφοδοτήσαμε	τροφοδοτήσατε	τροφοδοτήσαν	τροφοδότησε	τροφοδοτήστε	τροφοδοτώντας
τρυπάω	-	τρυπάς	τρυπά	τρυπάμε	τρυπάτε	τρυπάν	τρυπούσα	τρυπούσες	τρυπούσε	τρυπάγαμε	τρυπάγατε	τρυπούσαν	τρύπησα	τρύπησες	τρύπησε	τρυπήσαμε	τρυπήσατε	τρυπήσαν	τρύπα	τρυπάτε	τρυπώντας
τρυπώ	τρυπάω	τρυπάς	τρυπά	τρυπάμε	τρυπάτε	τρυπάν	τρυπούσα	τρυπούσες	τρυπούσε	τρυπάγαμε	τρυπάγατε	τρυπάγανε	τρύπησα	τρύπησες	τρύπησε	τρυπήσαμε	τρυπήσατε	τρυπήσαν	τρύπα	τρυπάτε	τρυπώντας
τρώγω	τρώω	τρως	τρώει	τρώμε	τρώτε	τρων	έτρωγα	έτρωγες	έτρωγε	τρώγαμε	τρώγατε	έτρωγαν	έφαγα	έφαγες	έφαγε	φάγαμε	φάγατε	έφαγαν	τρώγε	τρώγετε	-
τρώω	-	τρως	-	τρώμε	τρώτε	τρων	έτρωγα	έτρωγες	έτρωγε	τρώγαμε	τρώγατε	έτρωγαν	έφαγα	έφαγες	έφαγε	φάγαμε	φάγατε	έφαγαν	τρώγε	τρώγετε	τρώγοντας
τσακίζω	-	-	-	-	-	-	τσάκιζα	τσάκιζες	τσάκιζε	τσακίζαμε	τσακίζατε	τσάκιζαν	τσάκισα	τσάκισες	τσάκισε	τσακίσαμε	τσακίσατε	τσάκισαν	τσάκιζε	τσακίζετε	-
τσακώνω	-	-	-	-	-	-	τσάκωνα	τσάκωνες	τσάκωνε	τσακώναμε	τσακώνατε	τσάκωναν	τσάκωσα	τσάκωσες	τσάκωσε	τσακώσαμε	τσακώσατε	τσάκωσαν	τσάκωνε	τσακώνετε	-
τσαμπουνάω	-	τσαμπουνάς	-	τσαμπουνάμε	τσαμπουνάτε	τσαμπουνάν	τσαμπουνούσα	τσαμπουνούσες	τσαμπουνούσε	τσαμπουνάγαμε	τσαμπουνάγατε	τσαμπουνούσαν	τσαμπούνησα	τσαμπούνησες	τσαμπούνησε	τσαμπουνήσαμε	τσαμπουνήσατε	τσαμπουνήσαν	τσαμπούνα	τσαμπουνάτε	τσαμπουνώντας
τσαμπουνώ	τσαμπουνάω	τσαμπουνάς	τσαμπουνά	τσαμπουνάμε	τσαμπουνάτε	τσαμπουνάν	τσαμπουνούσα	τσαμπουνούσες	τσαμπουνούσε	τσαμπουνάγαμε	τσαμπουνάγατε	τσαμπουνάγανε	τσαμπούνησα	τσαμπούνησες	τσαμπούνησε	τσαμπουνήσαμε	τσαμπουνήσατε	τσαμπουνήσαν	τσαμπούνα	τσαμπουνάτε	τσαμπουνώντας
τσεκάρω	-	-	-	-	-	-	τσέκαρα	τσέκαρες	τσέκαρε	τσεκάραμε	τσεκάρατε	τσέκαραν	τσέκαρα	τσέκαρες	τσέκαρε	τσεκάραμε	τσεκάρατε	τσέκαραν	τσέκαρε	τσεκάρετε	-
τσιμπάω	-	τσιμπάς	τσιμπά	τσιμπάμε	τσιμπάτε	τσιμπάν	τσίμπαγα	τσίμπαγες	τσίμπαγε	τσιμπάγαμε	τσιμπάγατε	τσίμπαγαν	τσίμπησα	τσίμπησες	τσίμπησε	τσιμπήσαμε	τσιμπήσατε	τσίμπησαν	τσίμπα	τσιμπάτε	τσιμπώντας
τσιμπουκώνομαι	τσιμπουκώνομαι	τσιμπουκώνεσαι	τσιμπουκώνεται	τσιμπουκωνόμαστε	τσιμπουκωνόσαστε1	τσιμπουκώνονται	τσιμπουκωνόμουν	τσιμπουκωνόσουν	τσιμπουκωνόταν	τσιμπουκωνόμασταν	τσιμπουκωνόσασταν	τσιμπουκωνόντανε	τσιμπουκώθηκα	τσιμπουκώθηκες	τσιμπουκώθηκε	τσιμπουκωθήκαμε	τσιμπουκωθήκατε	τσιμπουκωθήκανε	τσιμπουκώσου	τσιμπουκωθείτε	-
τσιμπουκώνω	-	-	-	-	-	-	τσιμπούκωνα	τσιμπούκωνες	τσιμπούκωνε	τσιμπουκώναμε	τσιμπουκώνατε	τσιμπουκώναν	τσιμπούκωσα	τσιμπούκωσες	τσιμπούκωσε	τσιμπουκώσαμε	τσιμπουκώσατε	τσιμπουκώσαν	τσιμπούκωνε	τσιμπουκώνετε	-
τσιμπώ	τσιμπάω	τσιμπάς	τσιμπά	τσιμπάμε	τσιμπάτε	τσιμπάν	τσίμπαγα	τσίμπαγες	τσίμπαγε	τσιμπάγαμε	τσιμπάγατε	τσίμπαγαν	τσίμπησα	τσίμπησες	τσίμπησε	τσιμπήσαμε	τσιμπήσατε	τσίμπησαν	τσίμπα	τσιμπάτε	τσιμπώντας
τσουγκρίζω	-	-	-	-	-	-	τσούγκριζα	τσούγκριζες	τσούγκριζε	τσουγκρίζαμε	τσουγκρίζατε	τσουγκρίζαν	τσούγκρισα	τσούγκρισες	τσούγκρισε	τσουγκρίσαμε	τσουγκρίσατε	τσουγκρίσαν	τσούγκριζε	τσουγκρίζετε	-
τσουγκρανίζω	-	-	-	-	-	-	τσουγκράνιζα	τσουγκράνιζες	τσουγκράνιζε	τσουγκρανίζαμε	τσουγκρανίζατε	τσουγκράνιζαν	τσουγκράνισα	τσουγκράνισες	τσουγκράνισε	τσουγκρανίσαμε	τσουγκρανίσατε	τσουγκράνισαν	τσουγκράνιζε	τσουγκρανίζετε	-
τσούζω	-	-	-	-	-	-	έτσουζα	έτσουζες	έτσουζε	τσούζαμε	τσούζατε	έτσουζαν	έτσουξα	έτσουξες	έτσουξε	τσούξαμε	τσούξατε	έτσουξαν	έτσουζε	τσούζετε	-
τυλίγομαι	τυλίγομαι	τυλίγεσαι	τυλίγεται	τυλιγόμαστε	τυλίγεστε	τυλίγονται	τυλιγόμουν	τυλιγόσουν	τυλιγόταν	τυλιγόμασταν	τυλιγόσασταν	τυλίγονταν	τυλίχτηκα	τυλίχτηκες	τυλίχτηκε	τυλιχτήκαμε	τυλιχτήκατε	τυλίχτηκαν	τυλίξου	τυλιχτείτε	-
τυλίγω	-	-	-	-	-	-	τύλιγα	τύλιγες	τύλιγε	τυλίγαμε	τυλίγατε	τυλίγαν	τύλιξα	τύλιξες	τύλιξε	τυλίξαμε	τυλίξατε	τυλίξαν	τύλιγε	τυλίγετε	-
τυραννάω	-	τυραννάς	-	τυραννάμε	τυραννάτε	τυραννάν	τυράνναγα	τυράνναγες	τυράνναγε	τυραννάγαμε	τυραννάγατε	τυράνναγαν	τυράννησα	τυράννησες	τυράννησε	τυραννήσαμε	τυραννήσατε	τυράννησαν	τυράννησε	τυραννήστε	τυραννώντας
τυραννώ	τυραννάω	τυραννάς	τυραννά	τυραννάμε	τυραννάτε	τυραννάν	τυράνναγα	τυράνναγες	τυράνναγε	τυραννάγαμε	τυραννάγατε	τυράνναγαν	τυράννησα	τυράννησες	τυράννησε	τυραννήσαμε	τυραννήσατε	τυράννησαν	τυράννα	τυραννάτε	τυραννώντας
τυφλώνω	-	-	-	-	-	-	τύφλωνα	τύφλωνες	τύφλωνε	τυφλώναμε	τυφλώνατε	τυφλώναν	τύφλωσα	τύφλωσες	τύφλωσε	τυφλώσαμε	τυφλώσατε	τυφλώσαν	τύφλωνε	τυφλώνετε	-
υγροποιώ	υγροποιώ	υγροποιείς	υγροποιεί	υγροποιούμε	υγροποιείτε	υγροποιούν	υγροποιούσα	υγροποιούσες	υγροποιούσε	υγροποιούσαμε	υγροποιούσατε	υγροποιούσαν	υγροποίησα	υγροποίησες	υγροποίησε	υγροποιήσαμε	υγροποιήσατε	υγροποίησαν	υγροποίησε	υγροποιήστε	υγροποιώντας
υιοθετώ	υιοθετώ	υιοθετείς	υιοθετεί	υιοθετούμε	υιοθετείτε	υιοθετούν	υιοθετούσα	υιοθετούσες	υιοθετούσε	υιοθετούσαμε	υιοθετούσατε	υιοθετούσαν	υιοθέτησα	υιοθέτησες	υιοθέτησε	υιοθετήσαμε	υιοθετήσατε	υιοθέτησαν	υιοθέτησε	υιοθετήστε	υιοθετώντας
υμνώ	υμνώ	υμνείς	υμνεί	υμνούμε	υμνείτε	υμνούν	υμνούσα	υμνούσες	υμνούσε	υμνούσαμε	υμνούσατε	υμνούσαν	ύμνησα	ύμνησες	ύμνησε	υμνήσαμε	υμνήσατε	υμνήσαν	ύμνησε	υμνήστε	υμνώντας
υπάρχω	-	-	-	-	-	-	υπήρχα	υπήρχες	υπήρχε	υπήρχαμε	υπήρχατε	υπήρχαν	υπήρξα	υπήρξες	υπήρξε	υπήρξαμε	υπήρξατε	υπήρξαν	υπάρξε	υπάρξτε	-
υπαγορεύω	-	-	-	-	-	-	υπαγόρευα	υπαγόρευες	υπαγόρευε	υπαγορεύαμε	υπαγορεύατε	υπαγορεύαν	υπαγόρευσα	υπαγόρευσες	υπαγόρευσε	υπαγορεύσαμε	υπαγορεύσατε	υπαγορεύσαν	υπαγόρευε	υπαγορεύετε	-
υπακούω	-	υπακούς	-	υπακούμε	υπακούτε	υπακούν	υπάκουγα	υπάκουγες	υπάκουγε	υπακούγαμε	υπακούγατε	υπάκουγαν	υπάκουσα	υπάκουσες	υπάκουσε	υπακούσαμε	υπακούσατε	υπάκουσαν	υπάκουγε	υπακούστε	υπακούγοντας
υπενθυμίζω	-	-	-	-	-	-	υπενθύμιζα	υπενθύμιζες	υπενθύμιζε	υπενθυμίζαμε	υπενθυμίζατε	υπενθυμίζαν	υπενθύμισα	υπενθύμισες	υπενθύμισε	υπενθυμίσαμε	υπενθυμίσατε	υπενθυμίσαν	υπενθύμιζε	υπενθυμίζετε	-
υπερασπίζομαι	υπερασπίζομαι	υπερασπίζεσαι	υπερασπίζεται	υπερασπιζόμαστε	υπερασπίζεστε	υπερασπίζονται	υπερασπιζόμουν	υπερασπιζόσουν	υπερασπιζόταν	υπερασπιζόμασταν	υπερασπιζόσασταν	υπερασπίζονταν	υπερασπίστηκα	υπερασπίστηκες	υπερασπίστηκε	υπερασπιστήκαμε	υπερασπιστήκατε	υπερασπίστηκαν	υπερασπίσου	υπερασπιστείτε	-
υπερασπίζω	-	-	-	-	-	-	υπεράσπιζα	υπεράσπιζες	υπεράσπιζε	υπερασπίζαμε	υπερασπίζατε	υπεράσπιζαν	υπεράσπισα	υπεράσπισες	υπεράσπισε	υπερασπίσαμε	υπερασπίσατε	υπεράσπισαν	υπεράσπιζε	υπερασπίζετε	-
υπερβάλλω	-	-	-	-	-	-	υπερέβαλλα	υπερέβαλλες	υπερέβαλλε	υπερβάλλαμε	υπερβάλλατε	υπερέβαλλαν	υπερέβαλα	υπερέβαλες	υπερέβαλε	υπερβάλαμε	υπερβάλατε	υπερέβαλαν	-	υπερβάλετε	-
υπερβαίνω	-	-	-	-	-	-	υπερέβαινα	υπερέβαινες	υπερέβαινε	υπερβαίναμε	υπερβαίνατε	υπερέβαιναν	υπερέβην	υπερέβης	υπερέβη	υπερέβημεν	υπερέβητε	υπερέβησαν	υπερέβαινε	υπερβαίνετε	-
υπερισχύω	-	-	-	-	-	-	υπερίσχυα	υπερίσχυες	υπερίσχυε	υπερισχύαμε	υπερισχύατε	υπερίσχυαν	υπερίσχυσα	υπερίσχυσες	υπερίσχυσε	υπερισχύσαμε	υπερισχύσατε	υπερίσχυσαν	υπερίσχυε	υπερισχύετε	-
υπερυψώνω	-	-	-	-	-	-	υπερύψωνα	υπερύψωνες	υπερύψωνε	υπερυψώναμε	υπερυψώνατε	υπερυψώναν	υπερύψωσα	υπερύψωσες	υπερύψωσε	υπερυψώσαμε	υπερυψώσατε	υπερυψώσαν	υπερύψωνε	υπερυψώνετε	-
υπερφορτώνομαι	υπερφορτώνομαι	υπερφορτώνεσαι	υπερφορτώνεται	υπερφορτωνόμαστε	υπερφορτωνόσαστε1	υπερφορτώνονται	υπερφορτωνόμουν	υπερφορτωνόσουν	υπερφορτωνόταν	υπερφορτωνόμασταν	υπερφορτωνόσασταν	υπερφορτωνόντανε	υπερφορτώθηκα	υπερφορτώθηκες	υπερφορτώθηκε	υπερφορτωθήκαμε	υπερφορτωθήκατε	υπερφορτωθήκανε	υπερφορτώσου	υπερφορτωθείτε	-
υπερφορτώνω	-	-	-	-	-	-	υπερφόρτωνα	υπερφόρτωνες	υπερφόρτωνε	υπερφορτώναμε	υπερφορτώνατε	υπερφορτώναν	υπερφόρτωσα	υπερφόρτωσες	υπερφόρτωσε	υπερφορτώσαμε	υπερφορτώσατε	υπερφορτώσαν	υπερφόρτωνε	υπερφορτώνετε	-
υπερχειλίζω	-	-	-	-	-	-	υπερχείλιζα	υπερχείλιζες	υπερχείλιζε	υπερχειλίζαμε	υπερχειλίζατε	υπερχείλιζαν	υπερχείλισα	υπερχείλισες	υπερχείλισε	υπερχειλίσαμε	υπερχειλίσατε	υπερχείλισαν	υπερχείλιζε	υπερχειλίζετε	-
υποβαθμίζω	-	-	-	-	-	-	υποβάθμιζα	υποβάθμιζες	υποβάθμιζε	υποβαθμίζαμε	υποβαθμίζατε	υποβάθμιζαν	υποβάθμισα	υποβάθμισες	υποβάθμισε	υποβαθμίσαμε	υποβαθμίσατε	υποβάθμισαν	υποβάθμιζε	υποβαθμίζετε	-
υποβλέπω	-	-	-	-	-	-	υπέβλεπα	υπέβλεπες	υπέβλεπε	υποβλέπαμε	υποβλέπατε	υπέβλεπαν	-	-	-	-	-	-	-	υποβλέπετε	-
υπογράφω	-	-	-	-	-	-	υπέγραφα	υπέγραφες	υπέγραφε	υπογράφαμε	υπογράφατε	υπέγραφαν	υπέγραψα	υπέγραψες	υπέγραψε	υπογράψαμε	υπογράψατε	υπέγραψαν	υπόγραφε	υπογράφετε	-
υπογραμμίζω	-	-	-	-	-	-	υπογράμμιζα	υπογράμμιζες	υπογράμμιζε	υπογραμμίζαμε	υπογραμμίζατε	υπογράμμιζαν	υπογράμμισα	υπογράμμισες	υπογράμμισε	υπογραμμίσαμε	υπογραμμίσατε	υπογράμμισαν	υπογράμμιζε	υπογραμμίζετε	-
υποδέχομαι	υποδέχομαι	υποδέχεσαι	υποδέχεται	υποδεχόμαστε	υποδέχεστε	υποδέχονται	υποδεχόμουν	υποδεχόσουν	υποδεχόταν	υποδεχόμασταν	υποδεχόσασταν	υποδέχονταν	υποδέχθηκα	υποδέχθηκες	υποδέχθηκε	υποδεχθήκαμε	υποδεχθήκατε	υποδέχθηκαν	υποδέξου	υποδεχθείτε	-
υποδαυλίζω	-	-	-	-	-	-	υποδαύλιζα	υποδαύλιζες	υποδαύλιζε	υποδαυλίζαμε	υποδαυλίζατε	υποδαυλίζαν	υποδαύλισα	υποδαύλισες	υποδαύλισε	υποδαυλίσαμε	υποδαυλίσατε	υποδαυλίσαν	υποδαύλιζε	υποδαυλίζετε	-
υποδουλώνω	-	-	-	-	-	-	υποδούλωνα	υποδούλωνες	υποδούλωνε	υποδουλώναμε	υποδουλώνατε	υποδουλώναν	υποδούλωσα	υποδούλωσες	υποδούλωσε	υποδουλώσαμε	υποδουλώσατε	υποδουλώσαν	υποδούλωνε	υποδουλώνετε	-
υποθάλπω	-	-	-	-	-	υποθάλπουν[ε]	υπέθαλπα	υπέθαλπες	υπέθαλπε	υποθάλπαμε	υποθάλπατε	υπέθαλπαν	υπέθαλψα	υπέθαλψες	υπέθαλψε	υποθάλψαμε	υποθάλψατε	υπέθαλψαν	υπόθαλψε	υποθάλπετε	-
υποθηκεύω	-	-	-	-	-	-	υποθήκευα	υποθήκευες	υποθήκευε	υποθηκεύαμε	υποθηκεύατε	υποθήκευαν	υποθήκευσα	υποθήκευσες	υποθήκευσε	υποθηκεύσαμε	υποθηκεύσατε	υποθήκευσαν	υποθήκευε	υποθηκεύετε	-
υποκλέπτω	-	-	-	-	-	-	υπέκλεπτα	υπέκλεπτες	υπέκλεπτε	υποκλέπταμε	υποκλέπτατε	υπέκλεπταν	υπέκλεψα	υπέκλεψες	υπέκλεψε	υποκλέψαμε	υποκλέψατε	υπέκλεψαν	υπόκλεπτε	υποκλέπτετε	-
υποκρύπτω	-	-	-	-	-	υποκρύπτουν[ε]	υπέκρυπτα	υπέκρυπτες	υπέκρυπτε	υποκρύπταμε	υποκρύπτατε	υπέκρυπταν	υπέκρυψα	υπέκρυψες	υπέκρυψε	υποκρύψαμε	υποκρύψατε	υπέκρυψαν	υπόκρυψε	υποκρύπτετε	-
υποκύπτω	-	-	-	-	-	-	υπέκυπτα	υπέκυπτες	υπέκυπτε	υποκύπταμε	υποκύπτατε	υπέκυπταν	υπέκυψα	υπέκυψες	υπέκυψε	υποκύψαμε	υποκύψατε	υπέκυψαν	υπόκυψε	υποκύπτετε	-
υπολογίζω	-	-	-	-	-	-	υπολόγιζα	υπολόγιζες	υπολόγιζε	υπολογίζαμε	υπολογίζατε	υπολογίζαν	υπολόγισα	υπολόγισες	υπολόγισε	υπολογίσαμε	υπολογίσατε	υπολογίσαν	υπολόγιζε	υπολογίζετε	-
υποπτεύομαι	υποπτεύομαι	υποπτεύεσαι	υποπτεύεται	υποπτευόμαστε	υποπτευόσαστε1	υποπτεύονται	υποπτευόμουν	υποπτευόσουν	υποπτευόταν	υποπτευόμασταν	υποπτευόσασταν	υποπτευόντανε	υποπτεύθηκα	υποπτεύθηκες	υποπτεύθηκε	υποπτευθήκαμε	υποπτευθήκατε	υποπτευθήκανε	υποπτεύσου	υποπτευθείτε	-
υποσκάπτω	-	-	-	-	-	-	υπέσκαπτα	υπέσκαπτες	υπέσκαπτε	υποσκάπταμε	υποσκάπτατε	υπέσκαπταν	υπέσκαψα	υπέσκαψες	υπέσκαψε	υποσκάψαμε	υποσκάψατε	υπέσκαψαν	υπόσκαπτε	υποσκάπτετε	-
υποστηρίζω	-	-	-	-	-	-	υποστήριζα	υποστήριζες	υποστήριζε	υποστηρίζαμε	υποστηρίζατε	υποστήριζαν	υποστήριξα	υποστήριξες	υποστήριξε	υποστηρίξαμε	υποστηρίξατε	υποστήριξαν	υποστήριζε	υποστηρίζετε	-
υποφέρω	-	-	-	-	-	-	υπέφερα	υπέφερες	υπέφερε	υποφέραμε	υποφέρατε	υπέφεραν	υπέφερα	υπέφερες	υπέφερε	υποφέραμε	υποφέρατε	υπέφεραν	υπέφερε	υποφέρετε	-
υποχρεώνω	-	-	-	-	-	-	υποχρέωνα	υποχρέωνες	υποχρέωνε	υποχρεώναμε	υποχρεώνατε	υποχρέωναν	υποχρέωσα	υποχρέωσες	υποχρέωσε	υποχρεώσαμε	υποχρεώσατε	υποχρέωσαν	υποχρέωνε	υποχρεώνετε	-
υποχωρώ	υποχωρώ	υποχωρείς	υποχωρεί	υποχωρούμε	υποχωρείτε	υποχωρούν	υποχωρούσα	υποχωρούσες	υποχωρούσε	υποχωρούσαμε	υποχωρούσατε	υποχωρούσαν	υποχώρησα	υποχώρησες	υποχώρησε	υποχωρήσαμε	υποχωρήσατε	υποχωρήσαν	υποχώρησε	υποχωρήστε	υποχωρώντας
υποψιάζομαι	υποψιάζομαι	υποψιάζεσαι	υποψιάζεται	υποψιαζόμαστε	υποψιάζεστε	υποψιάζονται	υποψιαζόμουν	υποψιαζόσουν	υποψιαζόταν	υποψιαζόμασταν	υποψιαζόσασταν	υποψιάζονταν	υποψιάστηκα	υποψιάστηκες	υποψιάστηκε	υποψιαστήκαμε	υποψιαστήκατε	υποψιάστηκαν	υποψιάσου	υποψιαστείτε	υποψιάζοντας
υστερώ	υστερώ	υστερείς	υστερεί	υστερούμε	υστερείτε	υστερούν	υστερούσα	υστερούσες	υστερούσε	υστερούσαμε	υστερούσατε	υστερούσαν	υστέρησα	υστέρησες	υστέρησε	υστερήσαμε	υστερήσατε	υστέρησαν	υστέρησε	υστερήστε	υστερώντας
υψώνω	-	-	-	-	-	-	ύψωνα	ύψωνες	ύψωνε	υψώναμε	υψώνατε	υψώναν	ύψωσα	ύψωσες	ύψωσε	υψώσαμε	υψώσατε	υψώσαν	ύψωνε	υψώνετε	-
φέγγω	-	-	-	-	-	-	έφεγγα	έφεγγες	έφεγγε	φέγγαμε	φέγγατε	έφεγγαν	έφεξα	έφεξες	έφεξε	φέξαμε	φέξατε	έφεξαν	φέγγε	φέγγετε	-
φέρνω	-	-	-	-	-	-	έφερνα	έφερνες	έφερνε	φέρναμε	φέρνατε	έφερναν	έφερα	έφερες	έφερε	φέραμε	φέρατε	έφεραν	φέρε	φέρνετε	-
φέρω	-	-	-	-	-	-	έφερα	έφερες	έφερε	φέραμε	φέρατε	έφεραν	έφερα	έφερες	έφερε	φέραμε	φέρατε	έφεραν	φέρε	φέρετε	-
φαγουρίζω	-	-	-	-	-	-	φαγούριζα	φαγούριζες	φαγούριζε	φαγουρίζαμε	φαγουρίζατε	φαγουρίζαν	φαγούρισα	φαγούρισες	φαγούρισε	φαγουρίσαμε	φαγουρίσατε	φαγουρίσαν	φαγούριζε	φαγουρίζετε	-
φανερώνω	-	-	-	-	-	-	φανέρωνα	φανέρωνες	φανέρωνε	φανερώναμε	φανερώνατε	φανέρωναν	φανέρωσα	φανέρωσες	φανέρωσε	φανερώσαμε	φανερώσατε	φανέρωσαν	φανέρωνε	φανερώνετε	-
φαντάζω	-	-	-	-	-	-	φάνταζα	φάνταζες	φάνταζε	φαντάζαμε	φαντάζατε	φάνταζαν	φάνταξα	φάνταξες	φάνταξε	φαντάξαμε	φαντάξατε	φάνταξαν	φάνταζε	φαντάζετε	-
φαρδαίνω	-	-	-	-	-	-	φάρδαινα	φάρδαινες	φάρδαινε	φαρδαίναμε	φαρδαίνατε	φάρδαιναν	φάρδυνα	φάρδυνες	φάρδυνε	φαρδύναμε	φαρδύνατε	φάρδυναν	φάρδαινε	φαρδαίνετε	-
φαρμακώνομαι	φαρμακώνομαι	φαρμακώνεσαι	φαρμακώνεται	φαρμακωνόμαστε	φαρμακωνόσαστε1	φαρμακώνονται	φαρμακωνόμουν	φαρμακωνόσουν	φαρμακωνόταν	φαρμακωνόμασταν	φαρμακωνόσασταν	φαρμακωνόντανε	φαρμακώθηκα	φαρμακώθηκες	φαρμακώθηκε	φαρμακωθήκαμε	φαρμακωθήκατε	φαρμακωθήκανε	φαρμακώσου	φαρμακωθείτε	-
φαρμακώνω	-	-	-	-	-	-	φαρμάκωνα	φαρμάκωνες	φαρμάκωνε	φαρμακώναμε	φαρμακώνατε	φαρμάκωναν	φαρμάκωσα	φαρμάκωσες	φαρμάκωσε	φαρμακώσαμε	φαρμακώσατε	φαρμάκωσαν	φαρμάκωνε	φαρμακώνετε	-
φασκιώνομαι	φασκιώνομαι	φασκιώνεσαι	φασκιώνεται	φασκιωνόμαστε	φασκιωνόσαστε1	φασκιώνονται	φασκιωνόμουν	φασκιωνόσουν	φασκιωνόταν	φασκιωνόμασταν	φασκιωνόσασταν	φασκιωνόντανε	φασκιώθηκα	φασκιώθηκες	φασκιώθηκε	φασκιωθήκαμε	φασκιωθήκατε	φασκιωθήκανε	φασκιώσου	φασκιωθείτε	-
φασκιώνω	-	-	-	-	-	-	φάσκιωνα	φάσκιωνες	φάσκιωνε	φασκιώναμε	φασκιώνατε	φάσκιωναν	φάσκιωσα	φάσκιωσες	φάσκιωσε	φασκιώσαμε	φασκιώσατε	φάσκιωσαν	φάσκιωνε	φασκιώνετε	-
φεύγω	-	-	-	-	-	-	έφευγα	έφευγες	έφευγε	φεύγαμε	φεύγατε	έφευγαν	έφυγα	έφυγες	έφυγε	φύγαμε	φύγατε	έφυγαν	φεύγα	φευγάτε	-
φθάνω	-	-	-	-	-	-	έφθανα	έφθανες	έφθανε	φθάναμε	φθάνατε	έφθαναν	έφθασα	έφθασες	έφθασε	φθάσαμε	φθάσατε	έφθασαν	φθάνε	φθάνετε	-
φιλάω	-	φιλάς	φιλά	φιλάμε	φιλάτε	φιλάν	φίλαγα	φίλαγες	φίλαγε	φιλάγαμε	φιλάγατε	φίλαγαν	φίλησα	φίλησες	φίλησε	φιλήσαμε	φιλήσατε	φίλησαν	φίλα	φιλάτε	φιλώντας
φιλοδοξώ	φιλοδοξώ	φιλοδοξείς	φιλοδοξεί	φιλοδοξούμε	φιλοδοξείτε	φιλοδοξούν	φιλοδοξούσα	φιλοδοξούσες	φιλοδοξούσε	φιλοδοξούσαμε	φιλοδοξούσατε	φιλοδοξούσαν	φιλοδόξησα	φιλοδόξησες	φιλοδόξησε	φιλοδοξήσαμε	φιλοδοξήσατε	φιλοδοξήσαν	φιλοδόξησε	φιλοδοξήστε	φιλοδοξώντας
φιλοξενώ	φιλοξενώ	φιλοξενείς	φιλοξενεί	φιλοξενούμε	φιλοξενείτε	φιλοξενούν	φιλοξενούσα	φιλοξενούσες	φιλοξενούσε	φιλοξενούσαμε	φιλοξενούσατε	φιλοξενούσαν	φιλοξένησα	φιλοξένησες	φιλοξένησε	φιλοξενήσαμε	φιλοξενήσατε	φιλοξένησαν	φιλοξένησε	φιλοξενήστε	φιλοξενώντας
φιλοσοφώ	φιλοσοφώ	φιλοσοφείς	φιλοσοφεί	φιλοσοφούμε	φιλοσοφείτε	φιλοσοφούν	φιλοσοφούσα	φιλοσοφούσες	φιλοσοφούσε	φιλοσοφούσαμε	φιλοσοφούσατε	φιλοσοφούσαν	φιλοσόφησα	φιλοσόφησες	φιλοσόφησε	φιλοσοφήσαμε	φιλοσοφήσατε	φιλοσοφήσαν	φιλοσόφησε	φιλοσοφήστε	φιλοσοφώντας
φιλώ	φιλάω	φιλάς	φιλά	φιλάμε	φιλάτε	φιλάν	φίλαγα	φίλαγες	φίλαγε	φιλάγαμε	φιλάγατε	φίλαγαν	φίλησα	φίλησες	φίλησε	φιλήσαμε	φιλήσατε	φίλησαν	φίλα	φιλάτε	φιλώντας
φιξάρω	-	-	-	-	-	-	φιξάριζα	φιξάριζες	φιξάριζε	φιξάραμε	φιξάρατε	φιξάραν	φιξάρισα	φιξάρισες	φιξάρισε	φιξάραμε	φιξάρατε	φιξάραν	φιξάριζε	φιξάρετε	-
φλερτάρω	-	-	-	-	-	-	φλέρταρα	φλέρταρες	φλέρταρε	φλερτάραμε	φλερτάρατε	φλέρταραν	φλέρταρα	φλέρταρες	φλέρταρε	φλερτάραμε	φλερτάρατε	φλέρταραν	φλέρταρε	φλερτάρετε	-
φλιπάρω	-	-	-	-	-	-	φλίπαρα	φλίπαρες	φλίπαρε	φλιπάραμε	φλιπάρατε	φλίπαραν	φλίπαρα	φλίπαρες	φλίπαρε	φλιπάραμε	φλιπάρατε	φλίπαραν	φλίπαρε	φλιπάρετε	-
φοβάμαι	φοβάμαι	φοβάσαι	φοβάται	φοβούμαστε	φοβάστε	φοβούνται	φοβόμουν	φοβόσουν	φοβόταν	φοβούμαστε	φοβόσασταν	φοβούνταν	φοβήθηκα	φοβήθηκες	φοβήθηκε	φοβηθήκαμε	φοβηθήκατε	φοβήθηκαν	φοβήσου	φοβάστε	—
φοβίζω	-	-	-	-	-	-	φόβιζα	φόβιζες	φόβιζε	φοβίζαμε	φοβίζατε	φοβίζαν	φόβισα	φόβισες	φόβισε	φοβίσαμε	φοβίσατε	φοβίσαν	φόβιζε	φοβίζετε	-
φονεύω	-	-	-	-	-	-	φόνευα	φόνευες	φόνευε	φονεύαμε	φονεύατε	φονεύαν	φόνευσα	φόνευσες	φόνευσε	φονεύσαμε	φονεύσατε	φονεύσαν	φόνευε	φονεύετε	-
φοράω	-	φοράς	-	φοράμε	φοράτε	φοράν	φορούσα	φορούσες	φορούσε	φοράγαμε	φοράγατε	φοράγανε	φόρεσα	φόρεσες	φόρεσε	φορέσαμε	φορέσατε	φορέσαν	φόρα	φορέστε	φορώντας
φοριέμαι	φοριέμαι	φοριέσαι	φοριέται	φοριόμαστε	φοριέστε	φοριούνται	φοριόμουν	φοριόσουν	φοριόταν	φοριόμασταν	φοριόσασταν	φοριούνταν	φορέθηκα	φορέθηκες	φορέθηκε	φορεθήκαμε	φορεθήκατε	φορέθηκαν	φορέσου	φορεθείτε	—
φοροκλέπτω	-	-	-	-	-	-	φοροέκλεπτα	φοροέκλεπτες	φοροέκλεπτε	φοροκλέπταμε	φοροκλέπτατε	φοροέκλεπταν	φοροέκλεψα	φοροέκλεψες	φοροέκλεψε	φοροκλέψαμε	φοροκλέψατε	φοροέκλεψαν	-	φοροκλέπτετε	-
φορολογώ	φορολογώ	φορολογείς	φορολογεί	φορολογούμε	φορολογείτε	φορολογούν	φορολογούσα	φορολογούσες	φορολογούσε	φορολογούσαμε	φορολογούσατε	φορολογούσαν	φορολόγησα	φορολόγησες	φορολόγησε	φορολογήσαμε	φορολογήσατε	φορολογήσαν	φορολόγησε	φορολογήστε	φορολογώντας
φορτώνω	-	-	-	-	-	-	φόρτωνα	φόρτωνες	φόρτωνε	φορτώναμε	φορτώνατε	φορτώναν	φόρτωσα	φόρτωσες	φόρτωσε	φορτώσαμε	φορτώσατε	φορτώσαν	φόρτωνε	φορτώνετε	-
φορώ	φοράω	φοράς	φορά	φοράμε	φοράτε	φοράν	φορούσα	φορούσες	φορούσε	φοράγαμε	φοράγατε	φοράγανε	φόρεσα	φόρεσες	φόρεσε	φορέσαμε	φορέσατε	φορέσαν	φόρα	φοράτε	φορώντας
φουμάρω	-	-	-	-	-	-	φουμάριζα	φουμάριζες	φουμάριζε	φουμάραμε	φουμάρατε	φουμάραν	φουμάρισα	φουμάρισες	φουμάρισε	φουμάραμε	φουμάρατε	φουμάραν	φουμάριζε	φουμάρετε	-
φράζω	-	-	-	-	-	-	έφραζα	έφραζες	έφραζε	φράζαμε	φράζατε	έφραζαν	έφραξα	έφραξες	έφραξε	φράξαμε	φράξατε	έφραξαν	φράζε	φράζετε	-
φρενάρω	-	-	-	-	-	-	φρέναρα	φρέναρες	φρέναρε	φρενάραμε	φρενάρατε	φρέναραν	φρενάρα	φρενάρες	φρενάρε	φρενάραμε	φρενάρατε	φρενάραν	φρέναρε	φρενάρετε	-
φρεσκάρω	-	-	-	-	-	-	φρέσκαρα	φρέσκαρες	φρέσκαρε	φρεσκάραμε	φρεσκάρατε	φρέσκαραν	φρέσκαρα	φρέσκαρες	φρέσκαρε	φρεσκάραμε	φρεσκάρατε	φρέσκαραν	φρέσκαρε	φρεσκάρετε	-
φροντίζω	-	-	-	-	-	-	φρόντιζα	φρόντιζες	φρόντιζε	φροντίζαμε	φροντίζατε	φροντίζαν	φρόντισα	φρόντισες	φρόντισε	φροντίσαμε	φροντίσατε	φροντίσαν	φρόντιζε	φροντίζετε	-
φρυγανίζω	-	-	-	-	-	-	φρυγάνιζα	φρυγάνιζες	φρυγάνιζε	φρυγανίζαμε	φρυγανίζατε	φρυγάνιζαν	φρυγάνισα	φρυγάνισες	φρυγάνισε	φρυγανίσαμε	φρυγανίσατε	φρυγάνισαν	φρυγάνιζε	φρυγανίζετε	-
φτάνω	-	-	-	-	-	-	έφτανα	έφτανες	έφτανε	φτάναμε	φτάνατε	έφταναν	έφτασα	έφτασες	έφτασε	φτάσαμε	φτάσατε	έφτασαν	φτάσε	φτάνετε	-
φταίω	-	φταις	-	φταίμε	φταίτε	φταίνε	έφταιγα	έφταιγες	έφταιγε	φταίγαμε	φταίγατε	έφταιγαν	έφταιξα	έφταιξες	έφταιξε	φταίξαμε	φταίξατε	έφταιξαν	φταίξε	φταίξτε	φταίγοντας
φτερουγίζω	-	-	-	-	-	-	φτερούγιζα	φτερούγιζες	φτερούγιζε	φτερουγίζαμε	φτερουγίζατε	φτερουγίζαν	φτερούγισα	φτερούγισες	φτερούγισε	φτερουγίσαμε	φτερουγίσατε	φτερουγίσαν	φτερούγιζε	φτερουγίζετε	-
φτιάχνομαι	φτιάχνομαι	φτιάχνεσαι	φτιάχνεται	φτιαχνόμαστε	φτιάχνεστε	φτιάχνονται	φτιαχνόμουν	φτιαχνόσουν	φτιαχνόταν	φτιαχνόμασταν	φτιαχνόσασταν	φτιάχνονταν	φτιάχτηκα	φτιάχτηκες	φτιάχτηκε	φτιαχτήκαμε	φτιαχτήκατε	φτιάχτηκαν	φτιάξου	φτιαχτείτε	-
φτιάχνω	-	-	-	-	-	-	έφτιαχνα	έφτιαχνες	έφτιαχνε	φτιάχναμε	φτιάχνατε	έφτιαχναν	έφτιαξα	έφτιαξες	έφτιαξε	φτιάξαμε	φτιάξατε	έφτιαξαν	φτιάξε	φτιάξτε	-
φτύνω	-	-	-	-	-	-	έφτυνα	έφτυνες	έφτυνε	φτύναμε	φτύνατε	έφτυναν	έφτυσα	έφτυσες	έφτυσε	φτύσαμε	φτύσατε	έφτυσαν	φτύνε	φτύνετε	-
φυγαδεύω	-	-	-	-	-	-	φυγαδευα	φυγαδευες	φυγαδευε	φυγαδεύαμε	φυγαδεύατε	φυγαδευαν	φυγάδευσα	φυγάδευσες	φυγάδευσε	φυγαδέψαμε	φυγαδέψατε	φυγάδευσαν	φυγάδευσε	φυγαδέψτε	-
φυγομαχώ	φυγομαχώ	φυγομαχείς	φυγομαχεί	φυγομαχούμε	φυγομαχείτε	φυγομαχούν	φυγομαχούσα	φυγομαχούσες	φυγομαχούσε	φυγομαχούσαμε	φυγομαχούσατε	φυγομαχούσαν	φυγομάχησα	φυγομάχησες	φυγομάχησε	φυγομαχήσαμε	φυγομαχήσατε	φυγομάχησαν	φυγομάχησε	φυγομαχήστε	φυγομαχώντας
φυγοπονώ	φυγοπονώ	φυγοπονείς	φυγοπονεί	φυγοπονούμε	φυγοπονείτε	φυγοπονούν	φυγοπονούσα	φυγοπονούσες	φυγοπονούσε	φυγοπονούσαμε	φυγοπονούσατε	φυγοπονούσαν	φυγοπόνησα	φυγοπόνησες	φυγοπόνησε	φυγοπονήσαμε	φυγοπονήσατε	φυγοπονήσαν	φυγοπόνησε	φυγοπονήστε	φυγοπονώντας
φυλάσσω	-	-	-	-	-	-	φύλασσα	φύλασσες	φύλασσε	φυλάσσαμε	φυλάσσατε	φυλάσσαν	φύλαξα	φύλαξες	φύλαξε	φυλάξαμε	φυλάξατε	φυλάξαν	φύλαξε	φυλάξτε	-
φυλάω	-	φυλάς	φυλά	φυλάμε	φυλάτε	φυλάν	φυλούσα	φυλούσες	φυλούσε	φυλάγαμε	φυλάγατε	φυλούσαν	φύλαξα	φύλαξες	φύλαξε	φυλάξαμε	φυλάξατε	φυλάξαν	φύλα	φυλάξτε	φυλώντας
φυλακίζω	-	-	-	-	-	-	φυλάκιζα	φυλάκιζες	φυλάκιζε	φυλακίζαμε	φυλακίζατε	φυλάκιζαν	φυλάκισα	φυλάκισες	φυλάκισε	φυλακίσαμε	φυλακίσατε	φυλάκισαν	φυλάκιζε	φυλακίζετε	-
φυλλομετράω	-	φυλλομετράς	φυλλομετρά	φυλλομετράμε	φυλλομετράτε	φυλλομετράν	φυλλομέτραγα	φυλλομέτραγες	φυλλομέτραγε	φυλλομετράγαμε	φυλλομετράγατε	φυλλομέτραγαν	φυλλομέτρησα	φυλλομέτρησες	φυλλομέτρησε	φυλλομετρήσαμε	φυλλομετρήσατε	φυλλομέτρησαν	φυλλομέτρα	φυλλομετράτε	φυλλομετρώντας
φυλλομετρώ	φυλλομετράω	φυλλομετράς	φυλλομετρά	φυλλομετράμε	φυλλομετράτε	φυλλομετράν	φυλλομέτραγα	φυλλομέτραγες	φυλλομέτραγε	φυλλομετράγαμε	φυλλομετράγατε	φυλλομετράγανε	φυλλομέτρησα	φυλλομέτρησες	φυλλομέτρησε	φυλλομετρήσαμε	φυλλομετρήσατε	φυλλομέτρησαν	φυλλομέτρα	φυλλομετρήστε	φυλλομετρώντας
φυσάω	-	φυσάς	φυσά	φυσάμε	φυσάτε	φυσάν	φυσούσα	φυσούσες	φυσούσε	φυσάγαμε	φυσάγατε	φυσούσαν	φύσηξα	φύσηξες	φύσηξε	φυσήξαμε	φυσήξατε	φυσήξαν	φύσα	φυσάτε	φυσώντας
φυσώ	φυσάω	φυσάς	φυσά	φυσάμε	φυσάτε	φυσάν	φυσούσα	φυσούσες	φυσούσε	φυσάγαμε	φυσάγατε	φυσάγανε	φύσηξα	φύσηξες	φύσηξε	φυσήξαμε	φυσήξατε	φυσήξαν	φύσα	φυσάτε	φυσώντας
φυτεύω	-	-	-	-	-	-	φύτευα	φύτευες	φύτευε	φυτεύαμε	φυτεύατε	φυτεύαν	φύτεψα	φύτεψες	φύτεψε	φυτέψαμε	φυτέψατε	φυτέψαν	φύτευε	φυτέψτε	-
φυτρώνω	-	-	-	-	-	-	φύτρωνα	φύτρωνες	φύτρωνε	φυτρώναμε	φυτρώνατε	φυτρώναν	φύτρωσα	φύτρωσες	φύτρωσε	φυτρώσαμε	φυτρώσατε	φυτρώσαν	φύτρωνε	φυτρώνετε	-
φωνάζω	-	-	-	-	-	-	φώναζα	φώναζες	φώναζε	φωνάζαμε	φωνάζατε	φωνάζαν	φώναξα	φώναξες	φώναξε	φωνάξαμε	φωνάξατε	φωνάξαν	φώναζε	φωνάζετε	-
φωσφορίζω	-	-	-	-	-	-	φωσφόριζα	φωσφόριζες	φωσφόριζε	φωσφορίζαμε	φωσφορίζατε	φωσφορίζαν	φωσφόρισα	φωσφόρισες	φωσφόρισε	φωσφορίσαμε	φωσφορίσατε	φωσφορίσαν	φωσφόριζε	φωσφορίζετε	-
φωτίζω	-	-	-	-	-	-	φώτιζα	φώτιζες	φώτιζε	φωτίζαμε	φωτίζατε	φωτίζαν	φώτισα	φώτισες	φώτισε	φωτίσαμε	φωτίσατε	φωτίσαν	φώτιζε	φωτίζετε	-
φωτογραφίζω	-	-	-	-	-	-	φωτογράφιζα	φωτογράφιζες	φωτογράφιζε	φωτογραφίζαμε	φωτογραφίζατε	φωτογράφιζαν	φωτογράφισα	φωτογράφισες	φωτογράφισε	φωτογραφίσαμε	φωτογραφίσατε	φωτογράφισαν	φωτογράφιζε	φωτογραφίζετε	-
χάνομαι	χάνομαι	χάνεσαι	χάνεται	χανόμαστε	χάνεστε	χάνονται	χανόμουν	χανόσουν	χανόταν	χανόμασταν	χανόσασταν	χάνονταν	χάθηκα	χάθηκες	χάθηκε	χαθήκαμε	χαθήκατε	χάθηκαν	χάσου	χαθείτε	-
χάνω	-	-	-	-	-	-	έχανα	έχανες	έχανε	χάναμε	χάνατε	έχαναν	έχασα	έχασες	έχασε	χάσαμε	χάσατε	έχασαν	χάνε	χάνετε	-
χέζομαι	χέζομαι	χέζεσαι	χέζεται	χεζόμαστε	χέζεστε	χέζονται	χεζόμουν	χεζόσουν	χεζόταν	χεζόμασταν	χεζόσασταν	χέζονταν	χέστηκα	χέστηκες	χέστηκε	χεστήκαμε	χεστήκατε	χέστηκαν	χέσου	χεστείτε	-
χέζω	-	-	-	-	-	-	έχεζα	έχεζες	έχεζε	χέζαμε	χέζατε	έχεζαν	έχεσα	έχεσες	έχεσε	χέσαμε	χέσατε	έχεσαν	χέζε	χέζετε	-
χαζεύω	-	-	-	-	-	-	χάζευα	χάζευες	χάζευε	χαζεύαμε	χαζεύατε	χάζευαν	χάζεψα	χάζεψες	χάζεψε	χαζέψαμε	χαζέψατε	χάζεψαν	χάζευε	χαζέψτε	-
χαιρετάω	-	χαιρετάς	χαιρετά	χαιρετάμε	χαιρετάτε	χαιρετάν	χαιρέταγα	χαιρέταγες	χαιρέταγε	χαιρετάγαμε	χαιρετάγατε	χαιρέταγαν	χαιρέτησα	χαιρέτησες	χαιρέτησε	χαιρετήσαμε	χαιρετήσατε	χαιρέτησαν	χαιρέτα	χαιρετάτε	χαιρετώντας
χαιρετώ	χαιρετάω	χαιρετάς	χαιρετά	χαιρετάμε	χαιρετάτε	χαιρετάν	χαιρέταγα	χαιρέταγες	χαιρέταγε	χαιρετάγαμε	χαιρετάγατε	χαιρέταγαν	χαιρέτησα	χαιρέτησες	χαιρέτησε	χαιρετήσαμε	χαιρετήσατε	χαιρέτησαν	χαιρέτα	χαιρετάτε	χαιρετώντας
χαλάω	-	χαλάς	χαλά	χαλάμε	χαλάτε	χαλάν	χάλαγα	χάλαγες	χάλαγε	χαλάγαμε	χαλάγατε	χάλαγαν	χάλασα	χάλασες	χάλασε	χαλάσαμε	χαλάσατε	χάλασαν	χάλα	χαλάστε	χαλώντας
χαλαρώνω	-	-	-	-	-	-	χαλάρωνα	χαλάρωνες	χαλάρωνε	χαλαρώναμε	χαλαρώνατε	χαλάρωναν	χαλάρωσα	χαλάρωσες	χαλάρωσε	χαλαρώσαμε	χαλαρώσατε	χαλάρωσαν	χαλάρωνε	χαλαρώνετε	-
χαλνώ	χαλνάω	χαλνάς	χαλνά	χαλνάμε	χαλνάτε	χαλνάν	χάλναγα	χάλναγες	χάλναγε	χαλνάγαμε	χαλνάγατε	χάλναγαν	χάλασα	χάλασες	χάλασε	χαλάσαμε	χαλάσατε	χάλασαν	χάλασε	χαλάστε	χαλνώντας
χαλώ	χαλάω	χαλάς	χαλά	χαλάμε	χαλάτε	χαλάν	χάλαγα	χάλαγες	χάλαγε	χαλάγαμε	χαλάγατε	χάλαγαν	χάλασα	χάλασες	χάλασε	χαλάσαμε	χαλάσατε	χάλασαν	χάλα	χαλάστε	χαλώντας
χαμηλώνω	-	-	-	-	-	-	χαμήλωνα	χαμήλωνες	χαμήλωνε	χαμηλώναμε	χαμηλώνατε	χαμήλωναν	χαμήλωσα	χαμήλωσες	χαμήλωσε	χαμηλώσαμε	χαμηλώσατε	χαμήλωσαν	χαμήλωνε	χαμηλώνετε	-
χαμογελάω	-	χαμογελάς	χαμογελά	χαμογελάμε	χαμογελάτε	χαμογελάν	χαμογέλαγα	χαμογέλαγες	χαμογέλαγε	χαμογελάγαμε	χαμογελάγατε	χαμογέλαγαν	χαμογέλασα	χαμογέλασες	χαμογέλασε	χαμογελάσαμε	χαμογελάσατε	χαμογέλασαν	χαμογέλα	χαμογελάστε	χαμογελώντας
χαράζομαι	χαράζομαι	χαράζεσαι	χαράζεται	χαραζόμαστε	χαράζεστε	χαράζονται	χαραζόμουν	χαραζόσουν	χαραζόταν	χαραζόμασταν	χαραζόσασταν	χαράζονταν	χαράχτηκα	χαράχτηκες	χαράχτηκε	χαραχτήκαμε	χαραχτήκατε	χαράχτηκαν	χαράξου	χαραχτείτε	-
χαράζω	-	-	-	-	-	-	χάραζα	χάραζες	χάραζε	χαράζαμε	χαράζατε	χάραζαν	χάραξα	χάραξες	χάραξε	χαράξαμε	χαράξατε	χάραξαν	χάραζε	χαράζετε	-
χαρίζω	-	-	-	-	-	-	χάριζα	χάριζες	χάριζε	χαρίζαμε	χαρίζατε	χάριζαν	χάρισα	χάρισες	χάρισε	χαρίσαμε	χαρίσατε	χάρισαν	χάριζε	χαρίζετε	-
χαρακτηρίζω	-	-	-	-	-	-	χαρακτήριζα	χαρακτήριζες	χαρακτήριζε	χαρακτηρίζαμε	χαρακτηρίζατε	χαρακτήριζαν	χαρακτήρισα	χαρακτήρισες	χαρακτήρισε	χαρακτηρίσαμε	χαρακτηρίσατε	χαρακτήρισαν	χαρακτήριζε	χαρακτηρίζετε	-
χαρακώνω	-	-	-	-	-	-	χαράκωνα	χαράκωνες	χαράκωνε	χαρακώναμε	χαρακώνατε	χαράκωναν	χαράκωσα	χαράκωσες	χαράκωσε	χαρακώσαμε	χαρακώσατε	χαράκωσαν	χαράκωνε	χαρακώνετε	-
χαραμίζομαι	χαραμίζομαι	χαραμίζεσαι	χαραμίζεται	χαραμιζόμαστε	χαραμίζεστε	χαραμίζονται	χαραμιζόμουν	χαραμιζόσουν	χαραμιζόταν	χαραμιζόμασταν	χαραμιζόσασταν	χαραμίζονταν	χαραμίστηκα	χαραμίστηκες	χαραμίστηκε	χαραμιστήκαμε	χαραμιστήκατε	χαραμίστηκαν	χαραμίσου	χαραμιστείτε	-
χαραμίζω	-	-	-	-	-	-	χαράμιζα	χαράμιζες	χαράμιζε	χαραμίζαμε	χαραμίζατε	χαράμιζαν	χαράμισα	χαράμισες	χαράμισε	χαραμίσαμε	χαραμίσατε	χαράμισαν	χαραμίζε	χαραμίζετε	-
χαροποιώ	χαροποιώ	χαροποιείς	χαροποιεί	χαροποιούμε	χαροποιείτε	χαροποιούν	χαροποιούσα	χαροποιούσες	χαροποιούσε	χαροποιούσαμε	χαροποιούσατε	χαροποιούσαν	χαροποίησα	χαροποίησες	χαροποίησε	χαροποιήσαμε	χαροποιήσατε	χαροποίησαν	χαροποίησε	χαροποιήστε	χαροποιώντας
χαρχαλεύω	-	-	-	-	-	-	χαρχάλευα	χαρχάλευες	χαρχάλευε	χαρχαλεύαμε	χαρχαλεύατε	χαρχάλευαν	χαρχάλεψα	χαρχάλεψες	χαρχάλεψε	χαρχαλέψαμε	χαρχαλέψατε	χαρχάλεψαν	χαρχάλευ'	χαρχαλέψτε	-
χασομερώ	χασομεράω	χασομεράς	χασομερά	χασομεράμε	χασομεράτε	χασομεράν	χασομέραγα	χασομέραγες	χασομέραγε	χασομεράγαμε	χασομεράγατε	χασομέραγαν	χασομέρησα	χασομέρησες	χασομέρησε	χασομερήσαμε	χασομερήσατε	χασομέρησαν	χασομέραγε	χασομεράτε	χασομερώντας
χαστουκίζω	-	-	-	-	-	-	χαστούκιζα	χαστούκιζες	χαστούκιζε	χαστουκίζαμε	χαστουκίζατε	χαστουκίζαν	χαστούκισα	χαστούκισες	χαστούκισε	χαστουκίσαμε	χαστουκίσατε	χαστουκίσαν	χαστούκιζε	χαστουκίζετε	-
χαχανίζω	-	-	-	-	-	-	χαχάνιζα	χαχάνιζες	χαχάνιζε	χαχανίζαμε	χαχανίζατε	χαχάνιζαν	χαχάνισα	χαχάνισες	χαχάνισε	χαχανίσαμε	χαχανίσατε	χαχάνισαν	χαχάνιζε	χαχανίζετε	-
χαϊδεύω	-	-	-	-	-	-	χάιδευα	χάιδευες	χάιδευε	χαϊδεύαμε	χαϊδεύατε	χάιδευαν	χάιδεψα	χάιδεψες	χάιδεψε	χαϊδέψαμε	χαϊδέψατε	χάιδεψαν	χάιδευε	χαϊδέψτε	-
χειρονομώ	χειρονομώ	χειρονομείς	χειρονομεί	χειρονομούμε	χειρονομείτε	χειρονομούν	χειρονομούσα	χειρονομούσες	χειρονομούσε	χειρονομούσαμε	χειρονομούσατε	χειρονομούσαν	-	-	-	-	-	-	-	χειρονομείτε	-
χειροτερεύω	-	-	-	-	-	-	χειροτέρευα	χειροτέρευες	χειροτέρευε	χειροτερεύαμε	χειροτερεύατε	χειροτέρευαν	χειροτέρευσα	χειροτέρευσες	χειροτέρευσε	χειροτερέψαμε	χειροτερέψατε	χειροτέρευσαν	χειροτέρευε	χειροτερέψτε	-
χιονίζω	-	-	-	χιονίζομε	-	-	χιόνιζα	χιόνιζες	χιόνιζε	χιονίζαμε	χιονίζατε	χιονίζαν	χιόνισα	χιόνισες	χιόνισε	χιονίσαμε	χιονίσατε	χιονίσαν	χιόνιζε	χιονίζετε	-
χλιμιντρίζω	-	-	-	-	-	-	χλιμίντριζα	χλιμίντριζες	χλιμίντριζε	χλιμιντρίζαμε	χλιμιντρίζατε	χλιμίντριζαν	χλιμίντρισα	χλιμίντρισες	χλιμίντρισε	χλιμιντρίσαμε	χλιμιντρίσατε	χλιμίντρισαν	χλιμίντριζε	χλιμιντρίζετε	-
χοντραίνω	-	-	-	-	-	-	χόντραινα	χόντραινες	χόντραινε	χοντραίναμε	χοντραίνατε	χοντραίναν	χόντρυνα	χόντρυνες	χόντρυνε	χοντρύναμε	χοντρύνατε	χοντρύναν	χόντραινε	χοντραίνετε	-
χορεύω	-	-	-	-	-	-	χόρευα	χόρευες	χόρευε	χορεύαμε	χορεύατε	χορεύαν	χόρεψα	χόρεψες	χόρεψε	χορέψαμε	χορέψατε	χορέψαν	χόρευ'	χορέψτε	-
χορηγώ	χορηγώ	χορηγείς	χορηγεί	χορηγούμε	χορηγείτε	χορηγούν	χορηγούσα	χορηγούσες	χορηγούσε	χορηγούσαμε	χορηγούσατε	χορηγούσαν	χορήγησα	χορήγησες	χορήγησε	χορηγήσαμε	χορηγήσατε	χορήγησαν	χορήγησε	χορηγήστε	χορηγώντας
χορταίνω	-	-	-	-	-	-	χόρταινα	χόρταινες	χόρταινε	χορταίναμε	χορταίνατε	χορταίναν	χόρτασα	χόρτασες	χόρτασε	χορτάσαμε	χορτάσατε	χορτάσαν	χόρταινε	χορτάστε	-
χρειάζομαι	χρειάζομαι	χρειάζεσαι	χρειάζεται	χρειαζόμαστε	χρειάζεστε	χρειάζονται	χρειαζόμουν	χρειαζόσουν	χρειαζόταν	χρειαζόμασταν	χρειαζόσασταν	χρειάζονταν	χρειάστηκα	χρειάστηκες	χρειάστηκε	χρειαστήκαμε	χρειαστήκατε	χρειάστηκαν	χρειάσου	χρειαστείτε	-
χρεώνομαι	χρεώνομαι	χρεώνεσαι	χρεώνεται	χρεωνόμαστε	χρεωνόσαστε1	χρεώνονται	χρεωνόμουν	χρεωνόσουν	χρεωνόταν	χρεωνόμασταν	χρεωνόσασταν	χρεωνόντανε	χρεώθηκα	χρεώθηκες	χρεώθηκε	χρεωθήκαμε	χρεωθήκατε	χρεωθήκανε	χρεώσου	χρεωθείτε	-
χρεώνω	-	-	-	-	-	-	χρέωνα	χρέωνες	χρέωνε	χρεώναμε	χρεώνατε	χρέωναν	χρέωσα	χρέωσες	χρέωσε	χρεώσαμε	χρεώσατε	χρέωσαν	χρέωνε	χρεώνετε	-
χρηματίζομαι	χρηματίζομαι	χρηματίζεσαι	χρηματίζεται	χρηματιζόμαστε	χρηματίζεστε	χρηματίζονται	χρηματιζόμουν	χρηματιζόσουν	χρηματιζόταν	χρηματιζόμασταν	χρηματιζόσασταν	χρηματίζονταν	χρηματίστηκα	χρηματίστηκες	χρηματίστηκε	χρηματιστήκαμε	χρηματιστήκατε	χρηματίστηκαν	χρηματίσου	χρηματιστείτε	-
χρηματίζω	-	-	-	-	-	-	χρημάτιζα	χρημάτιζες	χρημάτιζε	χρηματίζαμε	χρηματίζατε	χρημάτιζαν	χρημάτισα	χρημάτισες	χρημάτισε	χρηματίσαμε	χρηματίσατε	χρημάτισαν	χρημάτιζε	χρηματίζετε	-
χρηματοδοτώ	χρηματοδοτώ	χρηματοδοτείς	χρηματοδοτεί	χρηματοδοτούμε	χρηματοδοτείτε	χρηματοδοτούν	χρηματοδοτούσα	χρηματοδοτούσες	χρηματοδοτούσε	χρηματοδοτούσαμε	χρηματοδοτούσατε	χρηματοδοτούσαν	χρηματοδότησα	χρηματοδότησες	χρηματοδότησε	χρηματοδοτήσαμε	χρηματοδοτήσατε	χρηματοδοτήσαν	χρηματοδότησε	χρηματοδοτήστε	χρηματοδοτώντας
χρησιμεύω	-	-	-	-	-	-	χρησίμευα	χρησίμευες	χρησίμευε	χρησιμεύαμε	χρησιμεύατε	χρησίμευαν	χρησίμευσα	χρησίμευσες	χρησίμευσε	χρησιμέψαμε	χρησιμέψατε	χρησίμευσαν	χρησίμευε	χρησιμέψτε	-
χρησιμοποιώ	χρησιμοποιώ	χρησιμοποιείς	χρησιμοποιεί	χρησιμοποιούμε	χρησιμοποιείτε	χρησιμοποιούν	χρησιμοποιούσα	χρησιμοποιούσες	χρησιμοποιούσε	χρησιμοποιούσαμε	χρησιμοποιούσατε	χρησιμοποιούσαν	χρησιμοποίησα	χρησιμοποίησες	χρησιμοποίησε	χρησιμοποιήσαμε	χρησιμοποιήσατε	χρησιμοποίησαν	χρησιμοποίησε	χρησιμοποιήστε	χρησιμοποιώντας
χρονολογώ	χρονολογώ	χρονολογείς	χρονολογεί	χρονολογούμε	χρονολογείτε	χρονολογούν	χρονολογούσα	χρονολογούσες	χρονολογούσε	χρονολογούσαμε	χρονολογούσατε	χρονολογούσαν	χρονολόγησα	χρονολόγησες	χρονολόγησε	χρονολογήσαμε	χρονολογήσατε	χρονολογήσαν	χρονολόγησε	χρονολογήστε	χρονολογώντας
χρονοτριβώ	χρονοτριβώ	χρονοτριβείς	χρονοτριβεί	χρονοτριβούμε	χρονοτριβείτε	χρονοτριβούν	χρονοτριβούσα	χρονοτριβούσες	χρονοτριβούσε	χρονοτριβούσαμε	χρονοτριβούσατε	χρονοτριβούσαν	χρονοτρίβησα	χρονοτρίβησες	χρονοτρίβησε	χρονοτριβήσαμε	χρονοτριβήσατε	χρονοτρίβησαν	χρονοτρίβησε	χρονοτριβήστε	χρονοτριβώντας
χρωστάω	-	χρωστάς	χρωστά	χρωστάμε	χρωστάτε	χρωστάν	χρωστούσα	χρωστούσες	χρωστούσε	χρωστάγαμε	χρωστάγατε	χρωστούσαν	-	-	-	-	-	-	χρώστα	χρωστάτε	χρωστώντας
χρωστώ	χρωστάω	χρωστάς	χρωστά	χρωστάμε	χρωστάτε	χρωστάν	χρωστούσα	χρωστούσες	χρωστούσε	χρωστάγαμε	χρωστάγατε	χρωστάγανε	-	-	-	-	-	-	χρώστα	χρωστάτε	χρωστώντας
χτίζομαι	χτίζομαι	χτίζεσαι	χτίζεται	χτιζόμαστε	χτίζεστε	χτίζονται	χτιζόμουν	χτιζόσουν	χτιζόταν	χτιζόμασταν	χτιζόσασταν	χτίζονταν	χτίστηκα	χτίστηκες	χτίστηκε	χτιστήκαμε	χτιστήκατε	χτίστηκαν	χτίσου	χτιστείτε	-
χτίζω	-	-	-	-	-	-	έχτιζα	έχτιζες	έχτιζε	χτίζαμε	χτίζατε	έχτιζαν	έχτισα	έχτισες	έχτισε	χτίσαμε	χτίσατε	έχτισαν	χτίζε	χτίζετε	-
χτενίζω	-	-	-	-	-	-	χτένιζα	χτένιζες	χτένιζε	χτενίζαμε	χτενίζατε	χτένιζαν	χτένισα	χτένισες	χτένισε	χτενίσαμε	χτενίσατε	χτένισαν	χτενίζε	χτενίζετε	-
χτικιάζομαι	χτικιάζομαι	χτικιάζεσαι	χτικιάζεται	χτικιαζόμαστε	χτικιάζεστε	χτικιάζονται	χτικιαζόμουν	χτικιαζόσουν	χτικιαζόταν	χτικιαζόμασταν	χτικιαζόσασταν	χτικιάζονταν	χτικιάστηκα	χτικιάστηκες	χτικιάστηκε	χτικιαστήκαμε	χτικιαστήκατε	χτικιάστηκαν	χτικιάσου	χτικιαστείτε	-
χτικιάζω	-	-	-	-	-	-	χτίκιαζα	χτίκιαζες	χτίκιαζε	χτικιάζαμε	χτικιάζατε	χτίκιαζαν	χτίκιασα	χτίκιασες	χτίκιασε	χτικιάσαμε	χτικιάσατε	χτίκιασαν	χτίκιαζε	χτικιάζετε	-
χτυπάω	-	χτυπάς	χτυπά	χτυπάμε	χτυπάτε	χτυπάν	χτυπούσα	χτυπούσες	χτυπούσε	χτυπάγαμε	χτυπάγατε	χτυπούσαν	χτύπησα	χτύπησες	χτύπησε	χτυπήσαμε	χτυπήσατε	χτυπήσαν	χτύπα	χτυπάτε	χτυπώντας
χτυπώ	χτυπάω	χτυπάς	χτυπά	χτυπάμε	χτυπάτε	χτυπάν	χτυπούσα	χτυπούσες	χτυπούσε	χτυπάγαμε	χτυπάγατε	χτυπάγανε	χτύπησα	χτύπησες	χτύπησε	χτυπήσαμε	χτυπήσατε	χτυπήσαν	χτύπα	χτυπάτε	χτυπώντας
χωλαίνω	-	-	-	-	-	-	χώλαινα	χώλαινες	χώλαινε	χωλαίναμε	χωλαίνατε	χωλαίναν	-	-	-	-	-	-	χώλαινε	χωλαίνετε	-
χωνεύω	-	-	-	-	-	-	χώνευα	χώνευες	χώνευε	χωνεύαμε	χωνεύατε	χωνεύαν	χώνεψα	χώνεψες	χώνεψε	χωνέψαμε	χωνέψατε	χωνέψαν	χώνευ'	χωνέψτε	-
χωράω	-	χωράς	χωρά	χωράμε	χωράτε	χωράν	χωρούσα	χωρούσες	χωρούσε	χωράγαμε	χωράγατε	χωρούσαν	χώρεσα	χώρεσες	χώρεσε	χωρέσαμε	χωρέσατε	χωρέσαν	χώρα	χωράτε	χωρώντας
χωρίζω	-	-	-	-	-	-	χώριζα	χώριζες	χώριζε	χωρίζαμε	χωρίζατε	χωρίζαν	χώρισα	χώρισες	χώρισε	χωρίσαμε	χωρίσατε	χωρίσαν	χώριζε	χωρίζετε	-
χωρώ	χωράω	χωράς	χωρά	χωράμε	χωράτε	χωράν	χωρούσα	χωρούσες	χωρούσε	χωράγαμε	χωράγατε	χωράγανε	χώρεσα	χώρεσες	χώρεσε	χωρέσαμε	χωρέσατε	χωρέσαν	χώρα	χωράτε	χωρώντας
χύνω	-	-	-	-	-	-	έχυνα	έχυνες	έχυνε	χύναμε	χύνατε	έχυναν	έχυσα	έχυσες	έχυσε	χύσαμε	χύσατε	έχυσαν	χύνε	χύνετε	-
ψάλλω	-	-	-	-	-	-	έψαλλα	έψαλλες	έψαλλε	ψάλλαμε	ψάλλατε	έψαλλαν	έψαλα	έψαλες	έψαλε	ψάλαμε	ψάλατε	έψαλαν	ψάλε	ψάλλετε	-
ψάχνω	-	-	-	-	-	-	έψαχνα	έψαχνες	έψαχνε	ψάχναμε	ψάχνατε	έψαχναν	έψαξα	έψαξες	έψαξε	ψάξαμε	ψάξατε	έψαξαν	ψάξε	ψάξτε	-
ψέγω	-	-	-	-	-	-	έψεγα	έψεγες	έψεγε	ψέγαμε	ψέγατε	έψεγαν	έψεξα	έψεξες	έψεξε	ψέξαμε	ψέξατε	έψεξαν	ψέγε	ψέγετε	-
ψέλνω	-	-	-	-	-	-	έψελνα	έψελνες	έψελνε	ψέλναμε	ψέλνατε	έψελναν	έψαλα	έψαλες	έψαλε	ψάλαμε	ψάλατε	έψαλαν	ψάλε	ψάλτε	-
ψήνω	-	-	-	-	-	-	έψηνα	έψηνες	έψηνε	ψήναμε	ψήνατε	έψηναν	έψησα	έψησες	έψησε	ψήσαμε	ψήσατε	έψησαν	ψήνε	ψήνετε	-
ψαρεύω	-	-	-	-	-	-	ψάρευα	ψάρευες	ψάρευε	ψαρεύαμε	ψαρεύατε	ψάρευαν	ψάρεψα	ψάρεψες	ψάρεψε	ψαρέψαμε	ψαρέψατε	ψάρεψαν	ψάρευε	ψαρέψτε	-
ψευδίζω	-	-	-	-	-	-	ψεύδιζα	ψεύδιζες	ψεύδιζε	ψευδίζαμε	ψευδίζατε	ψευδίζαν	ψεύδισα	ψεύδισες	ψεύδισε	ψευδίσαμε	ψευδίσατε	ψευδίσαν	ψεύδιζε	ψευδίζετε	-
ψηφίζω	-	-	-	-	-	-	ψήφιζα	ψήφιζες	ψήφιζε	ψηφίζαμε	ψηφίζατε	ψήφιζαν	ψήφισα	ψήφισες	ψήφισε	ψηφίσαμε	ψηφίσατε	ψήφισαν	ψήφιζε	ψηφίζετε	-
ψιθυρίζω	-	-	-	-	-	-	ψιθύριζα	ψιθύριζες	ψιθύριζε	ψιθυρίζαμε	ψιθυρίζατε	ψιθυρίζαν	ψιθύρισα	ψιθύρισες	ψιθύρισε	ψιθυρίσαμε	ψιθυρίσατε	ψιθυρίσαν	ψιθύριζε	ψιθυρίζετε	-
ψιλοκόβω	-	-	-	-	-	-	ψιλόκοβα	ψιλόκοβες	ψιλόκοβε	ψιλοκόβαμε	ψιλοκόβατε	ψιλοκόβαν	ψιλόκοψα	ψιλόκοψες	ψιλόκοψε	ψιλοκόψαμε	ψιλοκόψατε	ψιλοκόψαν	ψιλόκοβε	ψιλοκόβετε	-
ψοφάω	-	ψοφάς	ψοφά	ψοφάμε	ψοφάτε	ψοφάν	ψοφούσα	ψοφούσες	ψοφούσε	ψοφάγαμε	ψοφάγατε	ψοφούσαν	ψόφησα	ψόφησες	ψόφησε	ψοφήσαμε	ψοφήσατε	ψοφήσαν	ψόφα	ψοφάτε	ψοφώντας
ψοφώ	ψοφάω	ψοφάς	ψοφά	ψοφάμε	ψοφάτε	ψοφάν	ψοφούσα	ψοφούσες	ψοφούσε	ψοφάγαμε	ψοφάγατε	ψοφάγανε	ψόφησα	ψόφησες	ψόφησε	ψοφήσαμε	ψοφήσατε	ψοφήσαν	ψόφα	ψοφάτε	ψοφώντας
ψυχαγωγώ	ψυχαγωγώ	ψυχαγωγείς	ψυχαγωγεί	ψυχαγωγούμε	ψυχαγωγείτε	ψυχαγωγούν	ψυχαγωγούσα	ψυχαγωγούσες	ψυχαγωγούσε	ψυχαγωγούσαμε	ψυχαγωγούσατε	ψυχαγωγούσαν	ψυχαγώγησα	ψυχαγώγησες	ψυχαγώγησε	ψυχαγωγήσαμε	ψυχαγωγήσατε	ψυχαγωγήσαν	ψυχαγώγησε	ψυχαγωγήστε	ψυχαγωγώντας
ψυχαναλύω	-	-	-	-	-	-	ψυχανάλυα	ψυχανάλυες	ψυχανάλυε	ψυχαναλύαμε	ψυχαναλύατε	ψυχανάλυαν	ψυχανάλυσα	ψυχανάλυσες	ψυχανάλυσε	ψυχαναλύσαμε	ψυχαναλύσατε	ψυχανάλυσαν	ψυχανάλυε	ψυχαναλύετε	-
ψυχοπλακώνω	-	-	-	-	-	-	ψυχοπλάκωνα	ψυχοπλάκωνες	ψυχοπλάκωνε	ψυχοπλακώναμε	ψυχοπλακώνατε	ψυχοπλάκωναν	ψυχοπλάκωσα	ψυχοπλάκωσες	ψυχοπλάκωσε	ψυχοπλακώσαμε	ψυχοπλακώσατε	ψυχοπλάκωσαν	ψυχοπλάκωνε	ψυχοπλακώνετε	-
ψωνίζω	-	-	-	-	-	-	ψώνιζα	ψώνιζες	ψώνιζε	ψωνίζαμε	ψωνίζατε	ψωνίζαν	ψώνισα	ψώνισες	ψώνισε	ψωνίσαμε	ψωνίσατε	ψωνίσαν	ψώνιζε	ψωνίζετε	-
ψύχω	-	-	-	-	-	-	έψυχα	έψυχες	έψυχε	ψύχαμε	ψύχατε	έψυχαν	έψυξα	έψυξες	έψυξε	ψύξαμε	ψύξατε	έψυξαν	ψύξε	ψύξτε	-
ωθώ	ωθώ	ωθείς	ωθεί	ωθούμε	ωθείτε	ωθούν	ωθούσα	ωθούσες	ωθούσε	ωθούσαμε	ωθούσατε	ωθούσαν	ώθησα	ώθησες	ώθησε	ωθήσαμε	ωθήσατε	ωθήσαν	ώθησε	ωθήστε	ωθώντας
ωριμάζω	-	-	-	-	-	-	ωρίμαζα	ωρίμαζες	ωρίμαζε	ωριμάζαμε	ωριμάζατε	ωρίμαζαν	ωρίμασα	ωρίμασες	ωρίμασε	ωριμάσαμε	ωριμάσατε	ωρίμασαν	ωρίμαζε	ωριμάζετε	-
ωφελώ	ωφελώ	ωφελείς	ωφελεί	ωφελούμε	ωφελείτε	ωφελούν	ωφελούσα	ωφελούσες	ωφελούσε	ωφελούσαμε	ωφελούσατε	ωφελούσαν	ωφέλησα	ωφέλησες	ωφέλησε	ωφελήσαμε	ωφελήσατε	ωφέλησαν	ωφέλησε	ωφελήστε	ωφελώντας
ωχριώ	ωχριώ	ωχριάς	ωχριά	ωχριούμε	ωχριάτε	ωχριούν	ωχριούσα	ωχριούσες	ωχριούσε	ωχριούσαμε	ωχριούσατε	ωχριούσαν	ωχρίασα	ωχρίασες	ωχρίασε	ωχριάσαμε	ωχριάσατε	ωχρίασαν	ωχρίασε	ωχριάστε	ωχριώντας
