# lemma	present	past	past-participle	present-participle	imperative  ("-" = productive default)
SMS	-	-	ge-SMS	-	-
Suid-Afrikaniseer	-	-	ge-Suid-Afrikaniseer	-	-
U-draai	-	-	ge-U-draai	-	-
aanbak	-	-	aangebak	-	-
aanbel	-	-	aangebel	-	-
aanbeland	-	-	aanbeland	-	-
aanbelang	-	-	aanbelang	-	-
aanbestee	-	-	aanbestee	aanbesteeënde	-
aanbetref	-	-	aanbetref	aanbetreffende	-
aanbeur	-	-	aangebeur	-	-
aanbeveel	-	-	aanbeveel	-	-
aanbeweeg	-	-	aanbeweeg	-	-
aanbid	-	-	aanbid	aanbiddende	-
aanbie	-	-	aangebie	-	-
aanbied	-	-	aangebied	-	-
aanbieë	-	-	aangebieë	-	-
aanbind	-	-	aangebind	-	-
aanblaas	-	-	aangeblaas	-	-
aanblik	-	-	aangeblik	-	-
aanbly	-	-	aangebly	-	-
aanboor	-	-	aangeboor	-	-
aanbou	-	-	aangebou	-	-
aanbrand	-	-	aangebrand	-	-
aanbreek	-	-	aangebreek	-	-
aanbrei	-	-	aangebrei	-	-
aanbring	-	-	aangebring	-	-
aandien	-	-	aangedien	-	-
aandig	-	-	aangedig	-	-
aandik	-	-	aangedik	-	-
aandoen	-	-	aangedoen	-	-
aandra	-	-	aangedra	-	-
aandraag	-	-	aangedraag	-	-
aandraai	-	-	aangedraai	-	-
aandrae	-	-	aangedrae	-	-
aandraf	-	-	aangedraf	-	-
aandrawwe	-	-	aangedrawwe	-	-
aandrentel	-	-	aangedrentel	-	-
aandring	-	-	aangedring	-	-
aandruk	-	-	aangedruk	-	-
aandryf	-	-	aangedryf	-	-
aandrywe	-	-	aangedrywe	-	-
aandui	-	-	aangedui	-	-
aanduie	-	-	aangeduie	-	-
aandurf	-	-	aangedurf	-	-
aandurwe	-	-	aangedurwe	-	-
aaneenbrei	-	-	aaneengebrei	-	-
aaneenflans	-	-	aaneengeflans	-	-
aaneengroei	-	-	aaneengegroei	-	-
aaneenheg	-	-	aaneengeheg	-	-
aaneenknoop	-	-	aaneengeknoop	-	-
aaneenkoppel	-	-	aaneengekoppel	-	-
aaneenlas	-	-	aaneengelas	-	-
aaneenlym	-	-	aaneengelym	-	-
aaneenryg	-	-	aaneengeryg	-	-
aaneenskakel	-	-	aaneengeskakel	-	-
aaneenskryf	-	-	aaneengeskryf	-	-
aaneenskrywe	-	-	aaneengeskrywe	-	-
aaneensluit	-	-	aaneengesluit	-	-
aaneensmee	-	-	aaneengesmee	-	-
aaneensweis	-	-	aaneengesweis	-	-
aaneenvleg	-	-	aaneengevleg	-	-
aanerd	-	-	aangeërd	-	-
aanfladder	-	-	aangefladder	-	-
aanfok	-	-	aangefok	-	-
aangaan	-	-	aangegaan	aangaande	-
aangaap	-	-	aangegaap	-	-
aangee	-	-	aangegee	-	-
aangespe	-	-	aangegespe	-	-
aangesper	-	-	aangegesper	-	-
aangluur	-	-	aangegluur	-	-
aangord	-	-	aangegord	-	-
aangroei	-	-	aangegroei	-	-
aangryns	-	-	aangegryns	-	-
aangryp	-	-	aangegryp	-	-
aanhaak	-	-	aangehaak	-	-
aanhaal	-	-	aangehaal	-	-
aanhang	-	-	aangehang	-	-
aanhardloop	-	-	aangehardloop	-	-
aanhef	-	-	aangehef	-	-
aanheg	-	-	aangeheg	-	-
aanhelp	-	-	aangehelp	-	-
aanhink	-	-	aangehink	-	-
aanhits	-	-	aangehits	-	-
aanhol	-	-	aangehol	-	-
aanhoor	-	-	aangehoor	-	-
aanhou	-	-	aangehou	-	-
aanhuppel	-	-	aangehuppel	-	-
aanhê	-	-	aangehad	aanhebbende	-
aanja	-	-	aangeja	-	-
aanjaag	-	-	aangejaag	-	-
aanjae	-	-	aangejae	-	-
aanjanter	-	-	aangejanter	-	-
aankap	-	-	aangekap	-	-
aankarring	-	-	aangekarring	-	-
aankeer	-	-	aangekeer	-	-
aankla	-	-	aangekla	-	-
aanklaag	-	-	aangeklaag	-	-
aanklae	-	-	aangeklae	-	-
aanklam	-	-	aangeklam	-	-
aanklamp	-	-	aangeklamp	-	-
aanklee	-	-	aangeklee	-	-
aankleed	-	-	aangekleed	-	-
aankleef	-	-	aangekleef	-	-
aanklewe	-	-	aangeklewe	-	-
aankleë	-	-	aangekleë	-	-
aanklink	-	-	aangeklink	-	-
aanklop	-	-	aangeklop	-	-
aanknoop	-	-	aangeknoop	-	-
aankom	-	-	aangekom	-	-
aankondig	-	-	aangekondig	-	-
aankool	-	-	aangekool	-	-
aankoop	-	-	aangekoop	-	-
aankoppel	-	-	aangekoppel	-	-
aankors	-	-	aangekors	-	-
aankrui	-	-	aangekrui	-	-
aankruie	-	-	aangekruie	-	-
aankruip	-	-	aangekruip	-	-
aankry	-	-	aangekry	-	-
aankuier	-	-	aangekuier	-	-
aankweek	-	-	aangekweek	-	-
aankyk	-	-	aangekyk	-	-
aanlaat	-	-	aangelaat	-	-
aanlag	-	-	aangelag	-	-
aanland	-	-	aangeland	-	-
aanlap	-	-	aangelap	-	-
aanlas	-	-	aangelas	-	-
aanleer	-	-	aangeleer	-	-
aanlei	-	-	aangelei	-	-
aanleun	-	-	aangeleun	-	-
aanlok	-	-	aangelok	-	-
aanlonk	-	-	aangelonk	-	-
aanloop	-	-	aangeloop	-	-
aanluister	-	-	aangeluister	-	-
aanlym	-	-	aangelym	-	-
aanlê	-	-	aangelê	-	-
aanmaak	-	-	aangemaak	-	-
aanmaan	-	-	aangemaan	-	-
aanmatig	-	-	aangematig	-	-
aanmeet	-	-	aangemeet	-	-
aanmekaarbind	-	-	aanmekaargebind	-	-
aanmekaarbou	-	-	aanmekaargebou	-	-
aanmekaarflans	-	-	aanmekaargeflans	-	-
aanmekaargroei	-	-	aanmekaargegroei	-	-
aanmekaarheg	-	-	aanmekaargeheg	-	-
aanmekaarkleef	-	-	aanmekaargekleef	-	-
aanmekaarklink	-	-	aanmekaargeklink	-	-
aanmekaarkoek	-	-	aanmekaargekoek	-	-
aanmekaarlap	-	-	aanmekaargelap	-	-
aanmekaarlas	-	-	aanmekaargelas	-	-
aanmekaarlym	-	-	aanmekaargelym	-	-
aanmekaarplak	-	-	aanmekaargeplak	-	-
aanmekaarryg	-	-	aanmekaargeryg	-	-
aanmekaarsit	-	-	aanmekaargesit	-	-
aanmekaarskakel	-	-	aanmekaargeskakel	-	-
aanmekaarskryf	-	-	aanmekaargeskryf	-	-
aanmekaarskrywe	-	-	aanmekaargeskrywe	-	-
aanmekaarslaan	-	-	aanmekaargeslaan	-	-
aanmekaarsluit	-	-	aanmekaargesluit	-	-
aanmekaarsmee	-	-	aanmekaargesmee	-	-
aanmekaarsmelt	-	-	aanmekaargesmelt	-	-
aanmekaarspring	-	-	aanmekaargespring	-	-
aanmekaarsweis	-	-	aanmekaargesweis	-	-
aanmekaartimmer	-	-	aanmekaargetimmer	-	-
aanmekaarvleg	-	-	aanmekaargevleg	-	-
aanmekaarvoeg	-	-	aanmekaargevoeg	-	-
aanmekaarvries	-	-	aanmekaargevries	-	-
aanmekaarwerk	-	-	aanmekaargewerk	-	-
aanmeld	-	-	aangemeld	-	-
aanmeng	-	-	aangemeng	-	-
aanmerk	-	-	aangemerk	-	-
aanmoedig	-	-	aangemoedig	-	-
aanmonster	-	-	aangemonster	-	-
aanmunt	-	-	aangemunt	-	-
aannaai	-	-	aangenaai	-	-
aanneem	-	-	aangeneem	-	-
aanpak	-	-	aangepak	-	-
aanpap	-	-	aangepap	-	-
aanpas	-	-	aangepas	-	-
aanpeil	-	-	aangepeil	-	-
aanpiekel	-	-	aangepiekel	-	-
aanplak	-	-	aangeplak	-	-
aanplant	-	-	aangeplant	-	-
aanpleister	-	-	aangepleister	-	-
aanpoer	-	-	aangepoer	-	-
aanpoer-poer	-	-	aangepoer-poer	-	-
aanpor	-	-	aangepor	-	-
aanpraat	-	-	aangepraat	-	-
aanprys	-	-	aangeprys	-	-
aanraai	-	-	aangeraai	-	-
aanraak	-	-	aangeraak	-	-
aanrand	-	-	aangerand	-	-
aanreik	-	-	aangereik	-	-
aanreken	-	-	aangereken	-	-
aanrig	-	-	aangerig	-	-
aanroei	-	-	aangeroei	-	-
aanroep	-	-	aangeroep	-	-
aanroer	-	-	aangeroer	-	-
aanrol	-	-	aangerol	-	-
aanruk	-	-	aangeruk	-	-
aanry	-	-	aangery	-	-
aanryg	-	-	aangeryg	-	-
aanseil	-	-	aangeseil	-	-
aansien	-	-	aangesien	-	-
aansit	-	-	aangesit	-	-
aanskaf	-	-	aangeskaf	-	-
aanskakel	-	-	aangeskakel	-	-
aanskiet	-	-	aangeskiet	-	-
aanskou	-	-	aanskou	-	-
aanskroef	-	-	aangeskroef	-	-
aanskroewe	-	-	aangeskroewe	-	-
aanskryf	-	-	aangeskryf	-	-
aanskrywe	-	-	aangeskrywe	-	-
aanskuif	-	-	aangeskuif	-	-
aanskuiwe	-	-	aangeskuiwe	-	-
aanslaan	-	-	aangeslaan	-	-
aansleep	-	-	aangesleep	-	-
aanslenter	-	-	aangeslenter	-	-
aanslib	-	-	aangeslib	-	-
aanslik	-	-	aangeslik	-	-
aanslinger	-	-	aangeslinger	-	-
aanslof	-	-	aangeslof	-	-
aansluip	-	-	aangesluip	-	-
aansluit	-	-	aangesluit	-	-
aansmeer	-	-	aangesmeer	-	-
aansnel	-	-	aangesnel	-	-
aansny	-	-	aangesny	-	-
aansoek	-	-	aangesoek	-	-
aanspeel	-	-	aangespeel	-	-
aanspeld	-	-	aangespeld	-	-
aanspelde	-	-	aangespelde	-	-
aanspoel	-	-	aangespoel	-	-
aanspoor	-	-	aangespoor	-	-
aanspreek	-	-	aangespreek	-	-
aanstaan	-	-	aangestaan	-	-
aanstaar	-	-	aangestaar	-	-
aanstap	-	-	aangestap	-	-
aansteek	-	-	aangesteek	aanstekende	-
aanstel	-	-	aangestel	-	-
aansterk	-	-	aangesterk	-	-
aanstig	-	-	aangestig	-	-
aanstip	-	-	aangestip	-	-
aanstook	-	-	aangestook	-	-
aanstoom	-	-	aangestoom	-	-
aanstoot	-	-	aangestoot	-	-
aanstorm	-	-	aangestorm	-	-
aanstreep	-	-	aangestreep	-	-
aanstrik	-	-	aangestrik	-	-
aanstroom	-	-	aangestroom	-	-
aanstruikel	-	-	aangestruikel	-	-
aanstryk	-	-	aangestryk	-	-
aanstuur	-	-	aangestuur	-	-
aansuiwer	-	-	aangesuiwer	-	-
aansukkel	-	-	aangesukkel	-	-
aansuur	-	-	aangesuur	-	-
aansweef	-	-	aangesweef	-	-
aanswel	-	-	aangeswel	-	-
aanswem	-	-	aangeswem	-	-
aanswerm	-	-	aangeswerm	-	-
aanswewe	-	-	aangeswewe	-	-
aansê	-	-	aangesê	-	-
aantas	-	-	aangetas	-	-
aanteel	-	-	aangeteel	-	-
aanteken	-	-	aangeteken	-	-
aantik	-	-	aangetik	-	-
aantoon	-	-	aangetoon	-	-
aantou	-	-	aangetou	-	-
aantree	-	-	aangetree	-	-
aantref	-	-	aangetref	-	-
aantrek	-	-	aangetrek	-	-
aantrippel	-	-	aangetrippel	-	-
aantrou	-	-	aangetrou	-	-
aantyg	aangetyg	-	-	-	-
aanvaar	-	-	aangevaar	aanvaardende	-
aanval	-	-	aangeval	-	-
aanvang	-	-	aangevang	-	-
aanvat	-	-	aangevat	-	-
aanveg	-	-	aangeveg	aanvegtende	-
aanvlie	-	-	aangevlie	-	-
aanvlieg	-	-	aangevlieg	-	-
aanvloei	-	-	aangevloei	-	-
aanvly	-	-	aangevly	-	-
aanvoel	-	-	aangevoel	-	-
aanvoer	-	-	aangevoer	-	-
aanvoor	-	-	aangevoor	-	-
aanvra	-	-	aangevra	-	-
aanvraag	-	-	aangevraag	aanvraende	-
aanvreet	-	-	aangevreet	-	-
aanvryf	-	-	aangevryf	-	-
aanvrywe	-	-	aangevrywe	-	-
aanvul	-	-	aangevul	-	-
aanvuur	-	-	aangevuur	-	-
aanwaai	-	-	aangewaai	-	-
aanwaggel	-	-	aangewaggel	-	-
aanwakker	-	-	aangewakker	-	-
aanwandel	-	-	aangewandel	-	-
aanwas	-	-	aangewas	-	-
aanwen	-	-	aangewen	-	-
aanwend	-	-	aangewend	-	-
aanwerf	-	-	aangewerf	-	-
aanwerk	-	-	aangewerk	-	-
aanwerwe	-	-	aangewerwe	-	-
aanwikkel	-	-	aangewikkel	-	-
aanwip	-	-	aangewip	-	-
aanwys	-	-	aangewys	-	-
aarlaat	-	-	aargelaat	-	-
achternasit	agternasit	-	agternagesit	-	-
afbaken	-	-	afgebaken	-	-
afbars	-	-	afgebars	-	-
afbedel	-	-	afgebedel	-	-
afbeeld	-	-	afgebeeld	-	-
afbeitel	-	-	afgebeitel	-	-
afbel	-	-	afgebel	-	-
afbestel	-	-	afbestel	-	-
afbetaal	-	-	afbetaal	-	-
afbeul	-	-	afgebeul	-	-
afbeweeg	-	-	afbeweeg	-	-
afbid	-	-	afgebid	-	-
afbind	-	-	afgebind	-	-
afblaar	-	-	afgeblaar	-	-
afblaas	-	-	afgeblaas	-	-
afbly	-	-	afgebly	-	-
afboek	-	-	afgeboek	-	-
afboender	-	-	afgeboender	-	-
afboener	-	-	afgeboener	-	-
afborsel	-	-	afgeborsel	-	-
afbou	-	-	afgebou	-	-
afbrand	-	-	afgebrand	-	-
afbreek	-	-	afgebreek	-	-
afbrei	-	-	afgebrei	-	-
afbring	-	-	afgebring	-	-
afbrokkel	-	-	afgebrokkel	-	-
afbuie	-	-	afgebuie	-	-
afbuig	-	-	afgebuig	-	-
afbuk	-	-	afgebuk	-	-
afbyt	-	-	afgebyt	-	-
afdaal	-	-	afgedaal	-	-
afdam	-	-	afgedam	-	-
afdamp	-	-	afgedamp	-	-
afdank	-	-	afgedank	-	-
afdeel	-	-	afgedeel	-	-
afdek	-	-	afgedek	-	-
afdemp	-	-	afgedemp	-	-
afdig	-	-	afgedig	-	-
afding	-	-	afgeding	-	-
afdoen	-	-	afgedoen	-	-
afdonder	-	-	afgedonder	-	-
afdonner	-	-	afgedonner	-	-
afdop	-	-	afgedop	-	-
afdra	-	-	afgedra	-	-
afdraad	-	-	afgedraad	-	-
afdraai	-	-	afgedraai	-	-
afdraf	-	-	afgedraf	-	-
afdrawwe	-	-	afgedrawwe	-	-
afdreig	-	-	afgedreig	-	-
afdreun	-	-	afgedreun	-	-
afdro	-	-	afgedro	-	-
afdroog	-	-	afgedroog	-	-
afdroë	-	-	afgedroë	-	-
afdruip	-	-	afgedruip	-	-
afdruk	-	-	afgedruk	-	-
afdrup	-	-	afgedrup	-	-
afdruppel	-	-	afgedruppel	-	-
afdryf	-	-	afgedryf	-	-
afdrywe	-	-	afgedrywe	-	-
afduiwel	-	-	afgeduiwel	-	-
afdwaal	-	-	afgedwaal	-	-
afdwing	-	-	afgedwing	-	-
afeet	-	-	afgeëet	-	-
afent	-	-	afgeënt	-	-
afets	-	-	afgeëts	-	-
affeil	-	-	afgefeil	-	-
affiets	-	-	afgefiets	-	-
affoeter	-	-	afgefoeter	-	-
afgaan	-	-	afgegaan	afgaande	-
afgee	-	-	afgegee	-	-
afgelas	-	-	afgelas	-	-
afgiet	-	-	afgegiet	-	-
afglip	-	-	afgeglip	-	-
afgly	-	-	afgegly	-	-
afgooi	-	-	afgegooi	-	-
afgord	-	-	afgegord	-	-
afgraaf	-	-	afgegraaf	-	-
afgraas	-	-	afgegraas	-	-
afgradeer	-	-	afgegradeer	-	-
afgrawe	-	-	afgegrawe	-	-
afgrendel	-	-	afgegrendel	-	-
afgrens	-	-	afgegrens	-	-
afgrou	-	-	afgegrou	-	-
afhaak	-	-	afgehaak	-	-
afhaal	-	-	afgehaal	-	-
afhaar	-	-	afgehaar	-	-
afhak	-	-	afgehak	-	-
afhandel	-	-	afgehandel	-	-
afhang	-	-	afgehang	-	-
afhardloop	-	-	afgehardloop	-	-
afhark	-	-	afgehark	-	-
afheg	-	-	afgeheg	-	-
afhel	-	-	afgehel	-	-
afhelp	-	-	afgehelp	-	-
afhok	-	-	afgehok	-	-
afhol	-	-	afgehol	-	-
afhou	-	-	afgehou	-	-
afhys	-	-	afgehys	-	-
afhê	-	-	afgehad	-	-
afja	-	-	afgeja	-	-
afjaag	-	-	afgejaag	-	-
afjae	-	-	afgejae	-	-
afjak	-	-	afgejak	-	-
afjakker	-	-	afgejakker	-	-
afkaats	-	-	afgekaats	-	-
afkak	-	-	afgekak	-	-
afkalk	-	-	afgekalk	-	-
afkalwe	-	-	afgekalwe	-	-
afkalwer	-	-	afgekalwer	-	-
afkam	-	-	afgekam	-	-
afkamp	-	-	afgekamp	-	-
afkant	-	-	afgekant	-	-
afkap	-	-	afgekap	-	-
afkarring	-	-	afgekarring	-	-
afkeer	-	-	afgekeer	-	-
afkets	-	-	afgekets	-	-
afkeur	-	-	afgekeur	-	-
afklap	-	-	afgeklap	-	-
afklim	-	-	afgeklim	-	-
afklop	-	-	afgeklop	-	-
afklouter	-	-	afgeklouter	-	-
afkluif	-	-	afgekluif	-	-
afkluiwe	-	-	afgekluiwe	-	-
afknaag	-	-	afgeknaag	-	-
afknabbel	-	-	afgeknabbel	-	-
afknae	-	-	afgeknae	-	-
afknak	-	-	afgeknak	-	-
afknibbel	-	-	afgeknibbel	-	-
afknik	-	-	afgeknik	-	-
afknip	-	-	afgeknip	-	-
afknoop	-	-	afgeknoop	-	-
afknot	-	-	afgeknot	-	-
afknou	-	-	afgeknou	-	-
afknyp	-	-	afgeknyp	-	-
afkoel	-	-	afgekoel	-	-
afkom	-	-	afgekom	-	-
afkondig	-	-	afgekondig	-	-
afkook	-	-	afgekook	-	-
afkoppel	-	-	afgekoppel	-	-
afkort	-	-	afgekort	-	-
afkou	-	-	afgekou	-	-
afkraak	-	-	afgekraak	-	-
afkrap	-	-	afgekrap	-	-
afkruip	-	-	afgekruip	-	-
afkrummel	-	-	afgekrummel	-	-
afkry	-	-	afgekry	-	-
afkuif	-	-	afgekuif	-	-
afkyk	-	-	afgekyk	-	-
aflaai	-	-	afgelaai	-	-
aflaat	-	-	afgelaat	-	-
afleer	-	-	afgeleer	-	-
aflees	-	-	afgelees	-	-
aflei	-	-	afgelei	-	-
aflek	-	-	afgelek	-	-
aflewer	-	-	afgelewer	-	-
aflig	-	-	afgelig	-	-
afloer	-	-	afgeloer	-	-
afloop	-	-	afgeloop	-	-
aflos	-	-	afgelos	-	-
aflui	-	-	afgelui	-	-
afluister	-	-	afgeluister	-	-
aflê	-	-	afgelê	-	-
afmaai	-	-	afgemaai	-	-
afmaak	-	-	afgemaak	-	-
afmat	-	-	afgemat	-	-
afmeet	-	-	afgemeet	-	-
afmerk	-	-	afgemerk	-	-
afmonster	-	-	afgemonster	-	-
afneem	-	-	afgeneem	-	-
afnerf	-	-	afgenerf	-	-
afnerwe	-	-	afgenerwe	-	-
afnommer	-	-	afgenommer	-	-
afoes	-	-	afgeoes	-	-
afpaal	-	-	afgepaal	-	-
afpaar	-	-	afgepaar	-	-
afpak	-	-	afgepak	-	-
afpeil	-	-	afgepeil	-	-
afpel	-	-	afgepel	-	-
afpen	-	-	afgepen	-	-
afperk	-	-	afgeperk	-	-
afpers	-	-	afgepers	-	-
afpiekel	-	-	afgepiekel	-	-
afpiets	-	-	afgepiets	-	-
afpik	-	-	afgepik	-	-
afplat	-	-	afgeplat	-	-
afpleister	-	-	afgepleister	-	-
afploeg	-	-	afgeploeg	-	-
afploeë	-	-	afgeploeë	-	-
afpluis	-	-	afgepluis	-	-
afpluk	-	-	afgepluk	-	-
afpoets	-	-	afgepoets	-	-
afpraat	-	-	afgepraat	-	-
afpyl	-	-	afgepyl	-	-
afraai	-	-	afgeraai	-	-
afraak	-	-	afgeraak	-	-
afrafel	-	-	afgerafel	-	-
aframmel	-	-	afgerammel	-	-
afrand	-	-	afgerand	-	-
afransel	-	-	afgeransel	-	-
afratel	-	-	afgeratel	-	-
afreageer	-	-	afgereageer	-	-
afreis	-	-	afgereis	-	-
afreken	-	-	afgereken	-	-
afrem	-	-	afgerem	-	-
afreën	-	-	afgereën	-	-
afrig	-	-	afgerig	-	-
afrits	-	-	afgerits	-	-
afroep	-	-	afgeroep	-	-
afroes	-	-	afgeroes	-	-
afrokkel	-	-	afgerokkel	-	-
afrol	-	-	afgerol	-	-
afrond	-	-	afgerond	-	-
afroom	-	-	afgeroom	-	-
afruk	-	-	afgeruk	-	-
afry	-	-	afgery	-	-
afsaag	-	-	afgesaag	afsagende	-
afsaal	-	-	afgesaal	-	-
afsak	-	-	afgesak	-	-
afseil	-	-	afgeseil	-	-
afsend	-	-	afgesend	-	-
afset	-	-	afgeset	-	-
afshow	-	-	afgeshow	-	-
afsien	-	-	afgesien	-	-
afsit	-	-	afgesit	-	-
afskaaf	-	-	afgeskaaf	-	-
afskaal	-	-	afgeskaal	-	-
afskadu	-	-	afgeskadu	-	-
afskaf	-	-	afgeskaf	afskaffende	-
afskakel	-	-	afgeskakel	-	-
afskawe	-	-	afgeskawe	-	-
afskeep	-	-	afgeskeep	-	-
afskeer	-	-	afgeskeer	-	-
afskei	-	-	afgeskei	-	-
afskeie	-	-	afgeskeie	-	-
afskep	-	-	afgeskep	-	-
afskerm	-	-	afgeskerm	-	-
afskerp	-	-	afgeskerp	-	-
afskets	-	-	afgeskets	-	-
afskeur	-	-	afgeskeur	-	-
afskiet	-	-	afgeskiet	-	-
afskil	-	-	afgeskil	-	-
afskilder	-	-	afgeskilder	-	-
afskilfer	-	-	afgeskilfer	-	-
afskilwer	-	-	afgeskilwer	-	-
afskop	-	-	afgeskop	-	-
afskort	-	-	afgeskort	-	-
afskraap	-	-	afgeskraap	-	-
afskram	-	-	afgeskram	-	-
afskrik	-	-	afgeskrik	-	-
afskroef	-	-	afgeskroef	-	-
afskroei	-	-	afgeskroei	-	-
afskroewe	-	-	afgeskroewe	-	-
afskrop	-	-	afgeskrop	-	-
afskryf	-	-	afgeskryf	-	-
afskrywe	-	-	afgeskrywe	-	-
afskud	-	-	afgeskud	-	-
afskuif	-	-	afgeskuif	-	-
afskuim	-	-	afgeskuim	-	-
afskuins	-	-	afgeskuins	-	-
afskuiwe	-	-	afgeskuiwe	-	-
afskut	-	-	afgeskut	-	-
afskuur	-	-	afgeskuur	-	-
afslaan	-	-	afgeslaan	-	-
afslaap	-	-	afgeslaap	-	-
afslag	-	-	afgeslag	-	-
afsleep	-	-	afgesleep	-	-
afslinger	-	-	afgeslinger	-	-
afslons	-	-	afgeslons	-	-
afsloof	-	-	afgesloof	-	-
afslowe	-	-	afgeslowe	-	-
afsluip	-	-	afgesluip	-	-
afsluit	-	-	afgesluit	-	-
afsluk	-	-	afgesluk	-	-
afslyp	-	-	afgeslyp	-	-
afslyt	-	-	afgeslyt	-	-
afsmeek	-	-	afgesmeek	-	-
afsmeer	-	-	afgesmeer	-	-
afsmelt	-	-	afgesmelt	-	-
afsmyt	-	-	afgesmyt	-	-
afsnel	-	-	afgesnel	-	-
afsnoei	-	-	afgesnoei	-	-
afsnoer	-	-	afgesnoer	-	-
afsnou	-	-	afgesnou	-	-
afsny	-	-	afgesny	-	-
afsoek	-	-	afgesoek	-	-
afsoen	-	-	afgesoen	-	-
afsonder	-	-	afgesonder	-	-
afsoom	-	-	afgesoom	-	-
afspat	-	-	afgespat	-	-
afspeel	-	-	afgespeel	-	-
afspeld	-	-	afgespeld	-	-
afsper	-	-	afgesper	-	-
afspieël	-	-	afgespieël	-	-
afspit	-	-	afgespit	-	-
afsplinter	-	-	afgesplinter	-	-
afsplits	-	-	afgesplits	-	-
afsplyt	-	-	afgesplyt	-	-
afspoel	-	-	afgespoel	-	-
afspons	-	-	afgespons	-	-
afspreek	-	-	afgespreek	-	-
afspring	-	-	afgespring	-	-
afspuit	-	-	afgespuit	-	-
afstaan	-	-	afgestaan	-	-
afstam	-	-	afgestam	-	-
afstamp	-	-	afgestamp	-	-
afstap	-	-	afgestap	-	-
afsteek	-	-	afgesteek	-	-
afstel	-	-	afgestel	-	-
afstem	-	-	afgestem	-	-
afstempel	-	-	afgestempel	-	-
afsterf	-	-	afgesterf	-	-
afsterwe	-	-	afgesterwe	-	-
afstig	-	-	afgestig	-	-
afstoei	-	-	afgestoei	-	-
afstof	-	-	afgestof	-	-
afstomp	-	-	afgestomp	-	-
afstoot	-	-	afgestoot	-	-
afstorm	-	-	afgestorm	-	-
afstort	-	-	afgestort	-	-
afstraal	-	-	afgestraal	-	-
afstroom	-	-	afgestroom	-	-
afstroop	-	-	afgestroop	-	-
afstry	-	-	afgestry	-	-
afstryk	-	-	afgestryk	-	-
afstudeer	-	-	afgestudeer	-	-
afstuif	-	-	afgestuif	-	-
afstuit	-	-	afgestuit	-	-
afstuiwe	-	-	afgestuiwe	-	-
afstuur	-	-	afgestuur	-	-
afstyg	-	-	afgestyg	-	-
afsuie	-	-	afgesuie	-	-
afsuig	-	-	afgesuig	-	-
afsukkel	-	-	afgesukkel	-	-
afswaai	-	-	afgeswaai	-	-
afsweer	-	-	afgesweer	-	-
afswem	-	-	afgeswem	-	-
afswenk	-	-	afgeswenk	-	-
afswoeg	-	-	afgeswoeg	-	-
afswoeë	-	-	afgeswoeë	-	-
afsypel	-	-	afgesypel	-	-
afsê	-	-	afgesê	-	-
aftak	-	-	afgetak	-	-
aftakel	-	-	afgetakel	-	-
aftap	-	-	afgetap	-	-
aftas	-	-	afgetas	-	-
afteken	-	-	afgeteken	-	-
aftel	-	-	afgetel	-	-
aftik	-	-	afgetik	-	-
aftjop	-	-	afgetjop	-	-
aftob	-	-	afgetob	-	-
aftoom	-	-	afgetoom	-	-
aftop	-	-	afgetop	-	-
aftrap	-	-	afgetrap	-	-
aftree	-	-	afgetree	aftreeënde	-
aftrek	-	-	afgetrek	-	-
aftreë	-	-	afgetreë	-	-
aftuig	-	-	afgetuig	-	-
aftuimel	-	-	afgetuimel	-	-
afvaar	-	-	afgevaar	afvarende	-
afvaardig	-	-	afgevaardig	-	-
afval	-	-	afgeval	-	-
afvang	-	-	afgevang	-	-
afvat	-	-	afgevat	-	-
afvee	-	-	afgevee	-	-
afveeg	-	-	afgeveeg	-	-
afverhuur	-	-	afverhuur	-	-
afvlak	-	-	afgevlak	-	-
afvlie	-	-	afgevlie	-	-
afvlieg	-	-	afgevlieg	-	-
afvloei	-	-	afgevloei	-	-
afvoer	-	-	afgevoer	-	-
afvorder	-	-	afgevorder	-	-
afvra	-	-	afgevra	-	-
afvreet	-	-	afgevreet	-	-
afvrot	-	-	afgevrot	-	-
afvry	-	-	afgevry	-	-
afvryf	-	-	afgevryf	-	-
afvrywe	-	-	afgevrywe	-	-
afvuur	-	-	afgevuur	-	-
afvyl	-	-	afgevyl	-	-
afwaai	-	-	afgewaai	-	-
afwag	-	-	afgewag	-	-
afwas	-	-	afgewas	-	-
afwater	-	-	afgewater	-	-
afwee	-	-	afgewee	-	-
afweeg	-	-	afgeweeg	-	-
afweek	-	-	afgeweek	-	-
afweer	-	-	afgeweer	-	-
afwei	-	-	afgewei	-	-
afwen	-	-	afgewen	-	-
afwend	-	-	afgewend	-	-
afwentel	-	-	afgewentel	-	-
afwerk	-	-	afgewerk	-	-
afwerp	-	-	afgewerp	-	-
afweë	-	-	afgeweë	-	-
afwikkel	-	-	afgewikkel	-	-
afwip	-	-	afgewip	-	-
afwis	-	-	afgewis	-	-
afwissel	-	-	afgewissel	-	-
afwit	-	-	afgewit	-	-
afwoel	-	-	afgewoel	-	-
afwring	-	-	afgewring	-	-
afwurg	-	-	afgewurg	-	-
afwyk	-	-	afgewyk	-	-
afwys	-	-	afgewys	-	-
ag	-	-	-	agtende	-
ageer	-	-	ageer	-	-
agterbly	-	-	agtergebly	-	-
agterhaal	-	-	agterhaal	-	-
agterhou	-	-	agtergehou	-	-
agterkom	-	-	agtergekom	-	-
agterlaat	-	-	agtergelaat	-	-
agternadoen	-	-	agternagedoen	-	-
agternadraf	-	-	agternagedraf	-	-
agternadrawwe	-	-	agternagedrawwe	-	-
agternagooi	-	-	agternagegooi	-	-
agternakom	-	-	agternagekom	-	-
agternakruip	-	-	agternagekruip	-	-
agternakyk	-	-	agternagekyk	-	-
agternaloop	-	-	agternageloop	-	-
agternapraat	-	-	agternagepraat	-	-
agternasnel	-	-	agternagesnel	-	-
agternaspring	-	-	agternagespring	-	-
agternastuur	-	-	agternagestuur	-	-
agternasê	-	-	agternagesê	-	-
agteroorbuie	-	-	agteroorgebuie	-	-
agteroorbuig	-	-	agteroorgebuig	-	-
agteroorgooi	-	-	agteroorgegooi	-	-
agteroorkantel	-	-	agteroorgekantel	-	-
agteroorleun	-	-	agteroorgeleun	-	-
agteroorlê	-	-	agteroorgelê	-	-
agteroorsit	-	-	agteroorgesit	-	-
agteroorslaan	-	-	agteroorgeslaan	-	-
agteroorsteier	-	-	agteroorgesteier	-	-
agteroorstort	-	-	agteroorgestort	-	-
agteroorval	-	-	agteroorgeval	-	-
agteropskop	-	-	agteropgeskop	-	-
agterraak	-	-	agtergeraak	-	-
agterstaan	-	-	agtergestaan	-	-
agterstel	-	-	agtergestel	-	-
agteruitbeweeg	-	-	agteruitbeweeg	-	-
agteruitboer	-	-	agteruitgeboer	-	-
agteruitdeins	-	-	agteruitgedeins	-	-
agteruitgaan	-	-	agteruitgegaan	-	-
agteruitgooi	agteruitgegooi	-	-	-	-
agteruitkruip	-	-	agteruitgekruip	-	-
agteruitry	-	-	agteruitgery	-	-
agteruitsit	-	-	agteruitgesit	-	-
agteruitspring	-	-	agteruitgespring	-	-
agteruitstaan	-	-	agteruitgestaan	-	-
agteruitsteier	-	-	agteruitgesteier	-	-
agteruitstel	-	-	agteruitgestel	-	-
agteruittrap	-	-	agteruitgetrap	-	-
agteruitwyk	-	-	agteruitgewyk	-	-
agtervolg	-	-	agtervolg	-	-
arriveer	-	-	-	arriverende	-
arseer	-	-	arseer	-	-
asemhaal	-	-	asemgehaal	asemhalende	-
asemskep	-	-	asemgeskep	-	-
baar	-	-	-	barende	-
baasraak	-	-	baasgeraak	-	-
baasspeel	-	-	baasgespeel	-	-
babasit	-	-	babagesit	-	-
bak	-	-	-	bakkende	-
baklei	-	-	baklei	-	-
bakstaan	-	-	bakgestaan	-	-
baktrek	-	-	bakgetrek	-	-
baljaar	-	-	baljaar	-	-
bandvat	-	-	bandgevat	-	-
bangmaak	-	-	banggemaak	-	-
bangpraat	-	-	banggepraat	-	-
baseer	-	-	-	baserende	-
beaam	-	-	beaam	-	-
beangs	-	-	beangs	-	-
beangstig	-	-	beangstig	-	-
beantwoord	-	-	beantwoord	-	-
bearbei	-	-	bearbei	-	-
beargumenteer	-	-	beargumenteer	-	-
bebliksem	-	-	bebliksem	-	-
beboet	-	-	beboet	-	-
bebogger	-	-	bebogger	-	-
bebos	-	-	bebos	-	-
bebou	-	-	bebou	-	-
bebrou	-	-	bebrou	-	-
bedaar	-	-	bedaar	-	-
bedank	-	-	bedank	-	-
bedeel	-	-	bedeel	-	-
bedek	-	-	bedek	-	-
bedelf	-	-	bedelf	-	-
bedelwe	-	-	bedelwe	-	-
bederf	-	-	bederf	-	-
bederwe	-	-	bederwe	-	-
bedien	-	-	bedien	-	-
bedil	-	-	bedil	-	-
beding	-	-	beding	-	-
bedink	-	-	bedink	-	-
bedissel	-	-	bedissel	-	-
bednatmaak	-	-	bednatgemaak	-	-
bedoel	-	-	bedoel	-	-
bedonder	-	-	bedonder	-	-
bedonner	-	-	bedonner	-	-
bedoos	-	-	bedoos	-	-
bedot	-	-	bedot	-	-
bedou	-	-	bedou	-	-
bedra	-	-	bedra	-	-
bedraad	-	-	bedraad	-	-
bedraag	-	-	bedraag	-	-
bedrae	-	-	bedrae	-	-
bedreig	-	-	bedreig	-	-
bedrieg	-	-	bedrieg	-	-
bedrieë	-	-	bedrieë	-	-
bedrink	-	-	bedrink	-	-
bedroef	-	-	bedroef	-	-
bedroewe	-	-	bedroewe	-	-
bedruip	-	-	bedruip	-	-
bedruk	-	-	bedruk	-	-
bedrup	-	-	bedrup	-	-
bedryf	-	-	bedryf	bedrywende	-
bedrywe	-	-	bedrywe	-	-
bedui	-	-	bedui	-	-
beduie	-	-	beduie	-	-
beduimel	-	-	beduimel	-	-
beduiwel	-	-	beduiwel	-	-
beduwel	-	-	beduwel	-	-
bedwelm	-	-	bedwelm	-	-
bedwing	-	-	bedwing	-	-
bedêm	-	-	bedêm	-	-
beef	-	-	-	bewende	-
beetgryp	-	-	beetgegryp	-	-
beethê	-	-	beetgehad	-	-
beetkry	-	-	beetgekry	-	-
beetneem	-	-	beetgeneem	-	-
beetpak	-	-	beetgepak	-	-
beetvat	-	-	beetgevat	-	-
befloers	-	-	befloers	-	-
befoeter	-	-	befoeter	-	-
befomfaai	-	-	befomfaai	-	-
befonds	-	-	befonds	-	-
befonkfaai	-	-	befonkfaai	-	-
begaan	-	-	begaan	-	-
begeef	-	-	begeef	-	-
begeer	-	-	begeer	-	-
begeester	-	-	begeester	-	-
begelei	-	-	begelei	-	-
begenadig	-	-	begenadig	-	-
begewe	-	-	begewe	-	-
begiet	-	-	begiet	-	-
begiftig	-	-	begiftig	-	-
begin	-	-	begin	-	-
begin-begin	-	-	begin-begin	-	-
beginne	-	-	beginne	-	-
begint	-	-	begint	-	-
begluur	-	-	begluur	-	-
begogel	-	-	begogel	-	-
begoël	-	-	begoël	-	-
begraaf	-	-	begraaf	-	-
begras	-	-	begras	-	-
begrawe	-	-	begrawe	begrawende	-
begrens	-	-	begrens	-	-
begroei	-	-	begroei	-	-
begroet	-	-	begroet	-	-
begroot	-	-	begroot	-	-
begruis	-	-	begruis	-	-
begryp	-	-	begryp	-	-
behaag	-	-	behaag	-	-
behaal	-	-	behaal	-	-
behae	-	-	behae	-	-
behandel	-	-	behandel	-	-
behang	-	-	behang	-	-
behartig	-	-	behartig	-	-
beheer	-	-	beheer	-	-
beheers	-	-	beheers	-	-
beheks	-	-	beheks	-	-
behelp	-	-	behelp	-	-
behels	-	-	behels	-	-
behoed	-	-	behoed	-	-
behoede	-	-	behoede	-	-
behoef	-	-	behoef	-	-
behoewe	-	-	behoewe	-	-
behoor	-	-	behoor	-	-
behoort	-	-	behoort	-	-
behou	-	-	behou	-	-
behouer	-	-	behouer	-	-
behuis	-	-	behuis	-	-
bejammer	-	-	bejammer	-	-
bejeën	-	-	bejeën	-	-
bekamp	-	-	bekamp	-	-
bekap	-	-	bekap	-	-
bekeer	-	-	bekeer	-	-
beken	-	-	beken	-	-
bekendmaak	-	-	bekendgemaak	-	-
bekendstel	-	-	bekendgestel	-	-
bekis	-	-	bekis	-	-
bekla	-	-	bekla	-	-
beklaag	-	-	beklaag	-	-
beklad	-	-	beklad	-	-
beklae	-	-	beklae	-	-
beklee	-	-	beklee	-	-
bekleed	-	-	bekleed	-	-
beklem	-	-	beklem	-	-
beklemtoon	-	-	beklemtoon	-	-
beklim	-	-	beklim	-	-
beklink	-	-	beklink	-	-
beklop	-	-	beklop	-	-
beklou	-	-	beklou	-	-
beklouter	-	-	beklouter	-	-
beknel	-	-	beknel	-	-
beknor	-	-	beknor	-	-
bekom	-	-	bekom	-	-
bekommer	-	-	bekommer	-	-
bekonkel	-	-	bekonkel	-	-
bekook	-	-	bekook	-	-
bekoop	-	-	bekoop	-	-
bekoor	-	-	bekoor	-	-
bekors	-	-	bekors	-	-
bekostig	-	-	bekostig	-	-
bekrabbel	-	-	bekrabbel	-	-
bekragtig	-	-	bekragtig	-	-
bekrans	-	-	bekrans	-	-
bekrap	-	-	bekrap	-	-
bekras	-	-	bekras	-	-
bekreun	-	-	bekreun	-	-
bekrimp	-	-	bekrimp	-	-
bekroon	-	-	bekroon	bekronende	-
bekruip	-	-	bekruip	-	-
bekwaam	-	-	bekwaam	-	-
bekyk	-	-	bekyk	-	-
belaag	-	-	belaag	-	-
belaai	-	-	belaai	-	-
belae	-	-	belae	-	-
beland	-	-	beland	-	-
belangstel	-	-	belanggestel	-	-
belas	-	-	belas	-	-
belaster	-	-	belaster	-	-
beledig	-	-	beledig	-	-
beleef	-	-	beleef	-	-
beleg	-	-	beleg	-	-
belemmer	-	-	belemmer	-	-
belet	-	-	belet	-	-
belewe	-	-	belewe	-	-
beleër	-	-	beleër	-	-
belieg	-	-	belieg	-	-
beliewe	-	-	beliewe	-	-
belig	-	-	belig	-	-
beliggaam	-	-	beliggaam	-	-
beloer	-	-	beloer	-	-
beloof	-	-	beloof	-	-
beloon	-	-	beloon	-	-
beloop	-	-	beloop	-	-
belowe	-	-	belowe	belowende	-
beluister	-	-	beluister	-	-
bely	-	-	bely	-	-
belyn	-	-	belyn	-	-
belê	-	-	belê	-	-
bemaak	-	-	bemaak	-	-
bemagtig	-	-	bemagtig	-	-
beman	-	-	beman	-	-
bemantel	-	-	bemantel	-	-
bemark	-	-	bemark	-	-
bemeester	-	-	bemeester	-	-
bemerk	-	-	bemerk	-	-
bemes	-	-	bemes	-	-
bemiddel	-	-	bemiddel	-	-
bemin	-	-	bemin	-	-
bemis	-	-	bemis	-	-
bemoeder	-	-	bemoeder	-	-
bemoedig	-	-	bemoedig	-	-
bemoei	-	-	bemoei	-	-
bemoeilik	-	-	bemoeilik	-	-
bemoer	-	-	bemoer	-	-
bemors	-	-	bemors	-	-
benadeel	-	-	benadeel	-	-
benader	-	-	benader	-	-
benadruk	-	-	benadruk	-	-
benat	-	-	benat	-	-
beneem	-	-	beneem	-	-
beneuk	-	-	beneuk	-	-
benewel	-	-	benewel	-	-
benieu	-	-	benieu	-	-
benodig	-	-	benodig	-	-
benoem	-	-	benoem	-	-
benou	-	-	benou	-	-
benut	-	-	benut	-	-
benuttig	-	-	benuttig	-	-
benuwe	-	-	benuwe	-	-
beny	-	-	beny	-	-
beoefen	-	-	beoefen	-	-
beoog	-	-	beoog	-	-
beoordeel	-	-	beoordeel	-	-
beopdrag	-	-	beopdrag	-	-
bepaal	-	-	bepaal	-	-
bepak	-	-	bepak	-	-
bepantser	-	-	bepantser	-	-
bepeins	-	-	bepeins	-	-
beperk	-	-	beperk	-	-
bepis	-	-	bepis	-	-
beplak	-	-	beplak	-	-
beplan	-	-	beplan	-	-
beplant	-	-	beplant	-	-
bepleister	-	-	bepleister	-	-
bepleit	-	-	bepleit	-	-
beploeg	-	-	beploeg	-	-
beploeë	-	-	beploeë	-	-
bepoeier	-	-	bepoeier	-	-
bepraat	-	-	bepraat	-	-
beproef	-	-	beproef	-	-
beproewe	-	-	beproewe	-	-
bepunt	-	-	bepunt	-	-
bepêrel	-	-	bepêrel	-	-
beraadslaag	-	-	beraadslaag	-	-
beraam	-	-	beraam	-	-
berank	-	-	berank	-	-
beredder	-	-	beredder	-	-
beredeneer	-	-	beredeneer	-	-
bereg	-	-	bereg	-	-
berei	-	-	berei	-	-
bereik	-	-	bereik	-	-
bereis	-	-	bereis	-	-
bereken	-	-	bereken	-	-
bergklim	-	-	berggeklim	-	-
berig	-	-	berig	berigtende	-
bering	-	-	bering	-	-
berispe	-	-	berispe	-	-
beroem	-	-	beroem	-	-
beroep	-	-	beroep	-	-
beroer	-	-	beroer	-	-
berokken	-	-	berokken	-	-
beroof	-	-	beroof	berowende	-
berook	-	-	berook	-	-
berou	-	-	berou	-	-
berowe	-	-	berowe	-	-
beruik	-	-	beruik	-	-
berus	-	-	berus	-	-
berym	-	-	berym	-	-
besaad	-	-	besaad	-	-
beseer	-	-	beseer	beserende	-
besef	-	-	besef	beseffende	-
beseil	-	-	beseil	-	-
beset	-	-	beset	besettende	-
beseël	-	-	beseël	-	-
besiel	-	-	besiel	-	-
besien	-	-	besien	-	-
besighou	-	-	besiggehou	-	-
besigtig	-	-	besigtig	-	-
besin	-	-	besin	-	-
besing	-	-	besing	-	-
besink	-	-	besink	-	-
besit	-	-	besit	-	-
beskaaf	-	-	beskaaf	-	-
beskaam	-	-	beskaam	-	-
beskadig	-	-	beskadig	-	-
beskawe	-	-	beskawe	-	-
beskender	-	-	beskender	-	-
beskerm	-	-	beskerm	-	-
beskiet	-	-	beskiet	-	-
beskik	-	-	beskik	-	-
beskikbaarstel	-	-	beskikbaargestel	-	-
beskilder	-	-	beskilder	-	-
beskimp	-	-	beskimp	-	-
beskinder	-	-	beskinder	-	-
beskou	-	-	beskou	-	-
beskryf	-	-	beskryf	beskrywende	-
beskrywe	-	-	beskrywe	-	-
beskuldig	-	-	beskuldig	-	-
beskut	-	-	beskut	-	-
beskyn	-	-	beskyn	-	-
beskyt	-	-	beskyt	-	-
beslaan	-	-	beslaan	-	-
besleg	-	-	besleg	-	-
beslis	-	-	beslis	-	-
besluit	-	-	besluit	-	-
besmeer	-	-	besmeer	-	-
besmet	-	-	besmet	-	-
besnaar	-	-	besnaar	-	-
besnoei	-	-	besnoei	-	-
besnuffel	-	-	besnuffel	-	-
besny	-	-	besny	-	-
besoedel	-	-	besoedel	-	-
besoek	-	-	besoek	-	-
besoldig	-	-	besoldig	-	-
besondig	-	-	besondig	-	-
besorg	-	-	besorg	-	-
besorge	-	-	besorge	-	-
bespaar	-	-	bespaar	-	-
bespan	-	-	bespan	-	-
bespat	-	-	bespat	-	-
bespeel	-	-	bespeel	-	-
bespeur	-	-	bespeur	-	-
bespied	-	-	bespied	bespied	-
bespiede	-	-	bespiede	-	-
bespiegel	-	-	bespiegel	-	-
bespieël	-	-	bespieël	-	-
bespikkel	-	-	bespikkel	-	-
bespoedig	-	-	bespoedig	-	-
bespoel	-	-	bespoel	-	-
bespot	-	-	bespot	-	-
bespreek	-	-	bespreek	-	-
bespring	-	-	bespring	-	-
besprinkel	-	-	besprinkel	-	-
besproei	-	-	besproei	-	-
bespuit	-	-	bespuit	-	-
bespyker	-	-	bespyker	-	-
bessemer	-	-	bessemer	-	-
bessemerstaal	-	-	bessemerstaal	-	-
bestaan	-	-	bestaan	bestaande	-
bestee	-	-	bestee	-	-
besteel	-	-	besteel	-	-
bestel	-	-	bestel	-	-
bestem	-	-	bestem	-	-
bestempel	-	-	bestempel	-	-
bestendig	-	-	bestendig	-	-
besterf	-	-	besterf	-	-
besterwe	-	-	besterwe	-	-
besteë	-	-	besteë	-	-
bestier	-	-	bestier	-	-
bestook	-	-	bestook	-	-
bestorm	-	-	bestorm	-	-
bestraal	-	-	bestraal	-	-
bestraat	-	-	bestraat	-	-
bestraf	-	-	bestraf	-	-
bestrawwe	-	-	bestrawwe	-	-
bestrooi	-	-	bestrooi	-	-
bestry	-	-	bestry	-	-
bestryk	-	-	bestryk	-	-
bestudeer	-	-	bestudeer	-	-
bestuif	-	-	bestuif	-	-
bestuiwe	-	-	bestuiwe	-	-
bestuur	-	-	bestuur	-	-
bestyg	-	-	bestyg	-	-
besuinig	-	-	besuinig	-	-
besuip	-	-	besuip	-	-
besuur	-	-	besuur	-	-
beswaar	-	-	beswaar	-	-
beswadder	-	-	beswadder	-	-
besweer	-	-	besweer	-	-
beswyk	-	-	beswyk	-	-
beswym	-	-	beswym	-	-
besôre	-	-	besôre	-	-
betaal	-	-	betaal	betalende	-
betaam	-	-	betaam	-	-
betakel	-	-	betakel	-	-
betas	-	-	betas	-	-
beteken	-	-	beteken	-	-
betekent	-	-	betekent	-	-
beteuel	-	-	beteuel	-	-
beteël	-	-	beteël	-	-
betig	-	-	betig	-	-
betitel	-	-	betitel	-	-
betittel	-	-	betittel	-	-
betoog	-	-	betoog	-	-
betoon	-	-	betoon	-	-
betoor	-	-	betoor	-	-
betower	-	-	betower	-	-
betrag	-	-	betrag	-	-
betrap	-	-	betrap	-	-
betree	-	-	betree	-	-
betref	-	-	betref	-	-
betrek	-	-	betrek	-	-
betreur	-	-	betreur	-	-
betrou	-	-	betrou	-	-
betuie	-	-	betuie	-	-
betuig	-	-	betuig	-	-
betwis	-	-	betwis	-	-
betwyfel	-	-	betwyfel	-	-
bevaar	-	-	bevaar	-	-
beval	-	-	beval	-	-
bevark	-	-	bevark	-	-
bevat	-	-	bevat	-	-
beveel	-	-	beveel	-	-
beveg	-	-	beveg	bevegtende	-
beveilig	-	-	beveilig	-	-
bevestig	-	-	bevestig	-	-
bevind	-	-	bevind	-	-
bevlek	-	-	bevlek	-	-
bevlie	-	-	bevlie	-	-
bevlieg	-	-	bevlieg	-	-
bevlieë	-	-	bevlieë	-	-
bevloer	-	-	bevloer	-	-
bevlytig	-	-	bevlytig	-	-
bevoel	-	-	bevoel	-	-
bevog	-	-	bevog	-	-
bevogtig	-	-	bevogtig	-	-
bevolk	-	-	bevolk	-	-
bevoog	-	-	bevoog	-	-
bevoogde	-	-	bevoogdes	-	-
bevoordeel	-	-	bevoordeel	-	-
bevoorraad	-	-	bevoorraad	-	-
bevoorreg	-	-	bevoorreg	-	-
bevorder	-	-	bevorder	-	-
bevraagteken	-	-	bevraagteken	-	-
bevrag	-	-	bevrag	-	-
bevredig	-	-	bevredig	-	-
bevreet	-	-	bevreet	-	-
bevriend	-	-	bevriend	-	-
bevries	-	-	bevries	-	-
bevrind	-	-	bevrind	-	-
bevrug	-	-	bevrug	-	-
bevry	-	-	bevry	-	-
bevuil	-	-	bevuil	-	-
bewaak	-	-	bewaak	-	-
bewaar	-	-	bewaar	-	-
bewaarheid	-	-	bewaarheid	-	-
bewandel	-	-	bewandel	-	-
bewapen	-	-	bewapen	-	-
bewe	-	-	-	bewende	-
beweeg	-	-	beweeg	bewegende	-
beween	-	-	beween	-	-
beweer	-	-	beweer	-	-
bewei	-	-	bewei	-	-
bewerk	-	-	bewerk	-	-
bewerkstellig	-	-	bewerkstellig	-	-
beweë	-	-	beweë	-	-
bewierook	-	-	bewierook	-	-
bewillig	-	-	bewillig	-	-
bewimpel	-	-	bewimpel	-	-
bewolk	-	-	bewolk	-	-
bewonder	-	-	bewonder	-	-
bewoon	-	-	bewoon	-	-
bewoord	-	-	bewoord	-	-
bewys	-	-	bewys	-	-
beywer	-	-	beywer	-	-
beëdig	-	-	beëdig	-	-
beëindig	-	-	beëindig	-	-
beërf	-	-	beërf	-	-
beërwe	-	-	beërwe	-	-
beïndruk	-	-	beïndruk	-	-
beïnvloed	-	-	beïnvloed	-	-
bid	-	-	-	biddende	-
biedêm	-	-	biedêm	-	-
binnebring	-	-	binnegebring	-	-
binnedring	-	-	binnegedring	-	-
binnegaan	-	-	binnegegaan	-	-
binnehaal	-	-	binnegehaal	-	-
binnehou	-	-	binnegehou	-	-
binnekom	-	-	binnegekom	-	-
binnekry	-	-	binnegekry	-	-
binnelaat	-	-	binnegelaat	-	-
binnelei	-	-	binnegelei	-	-
binneloods	-	-	binnegeloods	-	-
binneloop	-	-	binnegeloop	-	-
binnenooi	-	-	binnegenooi	-	-
binneroep	-	-	binnegeroep	-	-
binneruk	-	-	binnegeruk	-	-
binnery	-	-	binnegery	-	-
binneseil	-	-	binnegeseil	-	-
binnesmokkel	-	-	binnegesmokkel	-	-
binnestap	-	-	binnegestap	-	-
binnestorm	-	-	binnegestorm	-	-
binnestrompel	-	-	binnegestrompel	-	-
binnestroom	-	-	binnegestroom	-	-
binnesypel	-	-	binnegesypel	-	-
binnetree	-	-	binnegetree	-	-
binnetrek	-	-	binnegetrek	-	-
binnevaar	-	-	binnegevaar	-	-
binneval	-	-	binnegeval	-	-
binnevlieg	-	-	binnegevlieg	-	-
binnevloei	-	-	binnegevloei	-	-
binnevra	-	-	binnegevra	-	-
binnewaai	-	-	binnegewaai	-	-
binnewerk	-	-	binnegewerk	-	-
blaas	-	-	-	plasende	-
bladsteek	-	-	bladgesteek	-	-
blansjeer	-	-	blansjeer	-	-
blindstaar	-	-	blindgestaar	-	-
blinkvryf	-	-	blinkgevryf	-	-
bloedlaat	-	-	bloedgelaat	-	-
blokkeer	-	-	blokkeer	-	-
blootgee	-	-	blootgegee	-	-
blootlê	-	-	blootgelê	-	-
blootstaan	-	-	blootgestaan	-	-
blootstel	-	-	blootgestel	-	-
bloupoets	-	-	blougepoets	-	-
bly	-	-	-	blywende	-
bobly	-	-	bogebly	-	-
boegseer	-	-	boegseer	-	-
boekevat	-	-	boekegevat	-	-
boekhou	-	-	boekgehou	-	-
boetseer	-	-	boetseer	-	-
bohou	-	-	bogehou	-	-
bokappel	-	-	bogekappel	-	-
bokom	-	-	bogekom	-	-
bokspring	-	-	bokgespring	-	-
bontpraat	-	-	bontgepraat	-	-
bontspring	-	-	bontgespring	-	-
bontstaan	-	-	bontgestaan	-	-
bontval	-	-	bontgeval	-	-
bontvat	-	-	bontgevat	-	-
boomklim	-	-	boomgeklim	-	-
boor	-	-	-	borende	-
borgstaan	-	-	borggestaan	-	-
bosseer	-	-	bosseer	-	-
bot	-	-	-	bot	-
botvier	-	-	botgevier	-	-
braak	-	-	-	brakende	-
branderplankry	-	-	branderplankgery	-	-
branderroei	-	-	brandergeroei	-	-
branderry	-	-	brandergery	-	-
brandslaan	-	-	brandgeslaan	-	-
brandstig	-	-	brandgestig	-	-
braveer	-	-	braveer	-	-
breek	-	-	-	brekende	-
brosjeer	-	-	brosjeer	-	-
bruineer	-	-	bruineer	-	-
buitelaat	-	-	buitegelaat	-	-
buiteloods	-	-	buitegeloods	-	-
buitesluit	-	-	buitegesluit	-	-
buitestaan	-	-	buitegestaan	-	-
buitewerp	-	-	buitegewerp	-	-
buitmaak	-	-	buitgemaak	-	-
buk	-	-	-	bukkende	-
busry	-	-	busgery	-	-
bybestel	-	-	bybestel	-	-
bybetaal	-	-	bybetaal	-	-
bybly	-	-	bygebly	-	-
byboek	-	-	bygeboek	-	-
bybou	-	-	bygebou	-	-
bybring	-	-	bygebring	-	-
bydam	-	-	bygedam	-	-
bydra	-	-	bygedra	-	-
byeenbring	-	-	byeengebring	-	-
byeenkom	-	-	byeengekom	-	-
byeenroep	-	-	byeengeroep	-	-
byeentel	-	-	byeengetel	-	-
byeentrek	-	-	byeengetrek	-	-
byeenvoeg	-	-	byeengevoeg	-	-
bygee	-	-	bygegee	-	-
bygooi	-	-	bygegooi	-	-
byhaal	-	-	bygehaal	-	-
byhou	-	-	bygehou	-	-
byhuur	-	-	bygehuur	-	-
bykom	-	-	bygekom	-	-
bykry	-	-	bygekry	-	-
bylas	-	-	bygelas	-	-
byleer	-	-	bygeleer	-	-
byloop	-	-	bygeloop	-	-
bylê	-	-	bygelê	-	-
bymekaarbly	-	-	bymekaargebly	-	-
bymekaarbring	-	-	bymekaargebring	-	-
bymekaardryf	-	-	bymekaargedryf	-	-
bymekaardrywe	-	-	bymekaargedrywe	-	-
bymekaargooi	-	-	bymekaargegooi	-	-
bymekaarhark	-	-	bymekaargehark	-	-
bymekaarhou	-	-	bymekaargehou	-	-
bymekaarja	-	-	bymekaargeja	-	-
bymekaarjaag	-	-	bymekaargejaag	-	-
bymekaarjae	-	-	bymekaargejae	-	-
bymekaarkeer	-	-	bymekaargekeer	-	-
bymekaarkom	-	-	bymekaargekom	-	-
bymekaarkrap	-	-	bymekaargekrap	-	-
bymekaarkry	-	-	bymekaargekry	-	-
bymekaarmaak	-	-	bymekaargemaak	-	-
bymekaarpas	-	-	bymekaargepas	-	-
bymekaarplant	-	-	bymekaargeplant	-	-
bymekaarreken	-	-	bymekaargereken	-	-
bymekaarroep	-	-	bymekaargeroep	-	-
bymekaarsit	-	-	bymekaargesit	-	-
bymekaarskraap	-	-	bymekaargeskraap	-	-
bymekaarslaan	-	-	bymekaargeslaan	-	-
bymekaarstaan	-	-	bymekaargestaan	-	-
bymekaartel	-	-	bymekaargetel	-	-
bymekaartrek	-	-	bymekaargetrek	-	-
bymekaarvoeg	-	-	bymekaargevoeg	-	-
bymeng	-	-	bygemeng	-	-
bypas	-	-	bygepas	-	-
byplant	-	-	bygeplant	-	-
byreken	-	-	bygereken	-	-
bysaai	-	-	bygesaai	-	-
bysit	-	-	bygesit	-	-
byskilder	-	-	bygeskilder	-	-
byskink	-	-	bygeskink	-	-
byskryf	-	-	bygeskryf	-	-
byskrywe	-	-	bygeskrywe	-	-
byskuif	-	-	bygeskuif	-	-
bysleep	-	-	bygesleep	-	-
bysmyt	-	-	bygesmyt	-	-
byspring	-	-	bygespring	-	-
bystaan	-	-	bygestaan	-	-
bystort	-	-	bygestort	-	-
bysê	-	-	bygesê	-	-
bytel	-	-	bygetel	-	-
bytrek	-	-	bygetrek	-	-
byval	-	-	bygeval	-	-
byverdien	-	-	byverdien	-	-
byvoeg	-	-	bygevoeg	-	-
byvul	-	-	bygevul	-	-
bywerk	-	-	bygewerk	-	-
bywoon	-	-	bygewoon	-	-
chauffeer	-	-	chauffeer	-	-
chloreer	-	-	chloreer	-	-
chromeer	-	-	chromeer	-	-
coiffeer	-	-	coiffeer	-	-
daarstel	-	-	daargestel	-	-
dagsê	-	-	daggesê	-	-
damgooi	-	-	damgegooi	-	-
danksê	-	-	dankgesê	-	-
dans	-	-	-	dans	-
dateer	-	-	dateer	-	-
debuteer	-	-	-	debuterende	-
deelneem	-	-	deelgeneem	-	-
deshonereer	deshonoreer	-	gedeshonoreer	-	-
deurbabbel	-	-	deurgebabbel	-	-
deurbak	-	-	deurgebak	-	-
deurbars	-	-	deurgebars	-	-
deurblaai	-	-	deurgeblaai	-	-
deurblaas	-	-	deurgeblaas	-	-
deurboor	-	-	deurboor	-	-
deurborduur	-	-	deurgeborduur	-	-
deurbrand	-	-	deurgebrand	-	-
deurbreek	-	-	deurbreek	-	-
deurbring	-	-	deurgebring	-	-
deurbuie	-	-	deurgebuie	-	-
deurbuig	-	-	deurgebuig	-	-
deurbyt	-	-	deurgebyt	-	-
deurdans	-	-	deurgedans	-	-
deurdink	-	-	deurdink	-	-
deurdra	-	-	deurgedra	-	-
deurdraai	-	-	deurgedraai	-	-
deurdraf	-	-	deurgedraf	-	-
deurdrenk	-	-	deurdrenk	-	-
deurdring	-	-	deurdring	-	-
deurdruk	-	-	deurgedruk	-	-
deurdryf	-	-	deurgedryf	-	-
deurdrywe	-	-	deurgedrywe	-	-
deureengroei	-	-	deureengegroei	-	-
deureenhaspel	-	-	deureengehaspel	-	-
deureenmeng	-	-	deureengemeng	-	-
deureenweef	-	-	deureengeweef	-	-
deurgaan	-	-	deurgegaan	-	-
deurgee	-	-	deurgegee	-	-
deurgiet	-	-	deurgegiet	-	-
deurglip	-	-	deurgeglip	-	-
deurgloei	-	-	deurgegloei	-	-
deurgly	-	-	deurgegly	-	-
deurgooi	-	-	deurgegooi	-	-
deurgraaf	-	-	deurgegraaf	-	-
deurgrawe	-	-	deurgegrawe	-	-
deurgroei	-	-	deurgegroei	-	-
deurgrond	-	-	deurgrond	-	-
deurhaak	-	-	deurgehaak	-	-
deurhaal	-	-	deurgehaal	-	-
deurhak	-	-	deurgehak	-	-
deurhang	-	-	deurgehang	-	-
deurhelp	-	-	deurgehelp	-	-
deurhol	-	-	deurgehol	-	-
deurhuiwer	-	-	deurhuiwer	-	-
deurja	-	-	deurgeja	-	-
deurjaag	-	-	deurgejaag	-	-
deurjae	-	-	deurgejae	-	-
deurkam	-	-	deurgekam	-	-
deurkap	-	-	deurgekap	-	-
deurklief	-	-	deurgeklief	-	-
deurklim	-	-	deurgeklim	-	-
deurklink	-	-	deurgeklink	-	-
deurknaap	-	-	deurgeknaag	-	-
deurknee	-	-	deurgeknee	-	-
deurknie	-	-	deurgeknie	-	-
deurknik	-	-	deurgeknik	-	-
deurkom	-	-	deurgekom	-	-
deurkomponeer	-	-	deurgekomponeer	-	-
deurkook	-	-	deurgekook	-	-
deurkronkel	-	-	deurkronkel	-	-
deurkruip	-	-	deurgekruip	-	-
deurkruis	-	-	deurgekruis	-	-
deurkry	-	-	deurgekry	-	-
deurkyk	-	-	deurgekyk	-	-
deurlaat	-	-	deurgelaat	-	-
deurleef	-	-	deurleef	-	-
deurlees	-	-	deurgelees	-	-
deurlek	-	-	deurgelek	-	-
deurlewe	-	-	deurlewe	-	-
deurlig	-	-	deurgelig	-	-
deurloods	-	-	deurgeloods	-	-
deurloop	-	-	deurgeloop	-	-
deurlug	-	-	deurlug	-	-
deurlê	-	-	deurgelê	-	-
deurmaak	-	-	deurgemaak	-	-
deurmekaargooi	-	-	deurmekaargegooi	-	-
deurmekaarklits	-	-	deurmekaargeklits	-	-
deurmekaarloop	-	-	deurmekaargeloop	-	-
deurmekaarmaak	-	-	deurmekaargemaak	-	-
deurmekaarraak	-	-	deurmekaargeraak	-	-
deurmekaarskud	-	-	deurmekaargeskud	-	-
deurmekaarvleg	-	-	deurmekaargevleg	-	-
deurmekaarwoel	-	-	deurmekaargewoel	-	-
deurmeng	-	-	deurgemeng	-	-
deurneem	-	-	deurgeneem	-	-
deurpeil	-	-	deurpeil	-	-
deurploeg	-	-	deurgeploeg	-	-
deurpraat	-	-	deurgepraat	-	-
deurpriem	-	-	deurpriem	-	-
deurreis	-	-	deurgereis	-	-
deurroer	-	-	deurgeroer	-	-
deurroes	-	-	deurgeroes	-	-
deurry	-	-	deurgery	-	-
deurryg	-	-	deurgeryg	-	-
deursaag	-	-	deurgesaag	-	-
deursak	-	-	deurgesak	-	-
deurseil	-	-	deurgeseil	-	-
deursein	-	-	deurgesein	-	-
deursend	-	-	deurgesend	-	-
deursien	-	-	deurgesien	-	-
deursif	-	-	deurgesif	-	-
deursit	-	-	deurgesit	-	-
deurskaaf	-	-	deurgeskaaf	-	-
deurskakel	-	-	deurgeskakel	-	-
deurskawe	-	-	deurgeskawe	-	-
deurskemer	-	-	deurgeskemer	-	-
deurskeur	-	-	deurgeskeur	-	-
deurskiet	-	-	deurskiet	-	-
deurskou	-	-	deurskou	-	-
deurskraap	-	-	deurgeskraap	-	-
deurskryf	-	-	deurgeskryf	-	-
deurskuif	-	-	deurgeskuif	-	-
deurskuld	-	-	deurgeskuld	-	-
deurskuur	-	-	deurgeskuur	-	-
deurskyn	-	-	deurgeskyn	-	-
deurslaan	-	-	deurgeslaan	-	-
deurslaap	-	-	deurgeslaap	-	-
deursleep	-	-	deurgesleep	-	-
deursluip	-	-	deurgesluip	-	-
deurslyt	-	-	deurgeslyt	-	-
deursmelt	-	-	deurgesmelt	-	-
deursmokkel	-	-	deurgesmokkel	-	-
deursnuffel	-	-	deurgesnuffel	-	-
deursny	-	-	deurgesny	-	-
deursoek	-	-	deurgesoek	-	-
deurspartel	-	-	deurgespartel	-	-
deurspek	-	-	deurspek	-	-
deurspoel	-	-	deurgespoel	-	-
deurspring	-	-	deurgespring	-	-
deurstaan	-	-	deurgestaan	-	-
deurstamp	-	-	deurgestamp	-	-
deurstap	-	-	deurgestap	-	-
deursteek	-	-	deurgesteek	-	-
deurstoomroller	-	-	deurgestoomroller	-	-
deurstoot	-	-	deurgestoot	-	-
deurstraal	-	-	deurgestraal	-	-
deurstreep	-	-	deurgestreep	-	-
deurstrengel	-	-	deurstrengel	-	-
deurstroom	-	-	deurgestroom	-	-
deurstudeer	-	-	deurgestudeer	-	-
deurstuur	-	-	deurgestuur	-	-
deursukkel	-	-	deurgesukkel	-	-
deursuur	-	-	deursuur	-	-
deurswaai	-	-	deurgeswaai	-	-
deursweet	-	-	deurgesweet	-	-
deurswem	-	-	deurgeswem	-	-
deursyfer	-	-	deurgesyfer	-	-
deursyg	-	-	deurgesyg	-	-
deursypel	-	-	deurgesypel	-	-
deurtintel	-	-	deurtintel	-	-
deurtrap	-	-	deurgetrap	-	-
deurtrek	-	-	deurtrek	-	-
deurvaar	-	-	deurgevaar	-	-
deurval	-	-	deurgeval	-	-
deurvat	-	-	deurgevat	-	-
deurveg	-	-	deurgeveg	-	-
deurvleg	-	-	deurgevleg	-	-
deurvlieg	-	-	deurgevlieg	-	-
deurvlug	-	-	deurgevlug	-	-
deurvoel	-	-	deurgevoel	-	-
deurvoer	-	-	deurgevoer	-	-
deurvors	-	-	deurvors	-	-
deurvreet	-	-	deurgevreet	-	-
deurvroetel	-	-	deurgevroetel	-	-
deurvrot	-	-	deurgevrot	-	-
deurvryf	-	-	deurgevryf	-	-
deurvrywe	-	-	deurgevrywe	-	-
deurvyl	-	-	deurgevyl	-	-
deurwaad	-	-	deurwaad	-	-
deurwaai	-	-	deurgewaai	-	-
deurwaak	-	-	deurgewaak	-	-
deurwandel	-	-	deurgewandel	-	-
deurweek	-	-	deurweek	-	-
deurwerk	-	-	deurgewerk	-	-
deurworstel	-	-	deurgeworstel	-	-
deurwurg	-	-	deurgewurg	-	-
diepbraai	-	-	diepgebraai	-	-
dig	-	-	-	digtende	-
diggroei	-	-	diggegroei	-	-
dighou	-	-	diggehou	-	-
digmaak	-	-	diggemaak	-	-
dikteer	-	-	dikteer	-	-
dineer	-	-	dineer	-	-
dink	-	dog	gedag	denkende	-
dishonereer	dishonoreer	-	gedishonoreer	-	-
doebleer	-	-	doebleer	-	-
doet	-	-	-	doende	-
dok	-	-	-	dokkende	-
doldraai	-	-	dolgedraai	-	-
doleer	-	-	doleer	-	-
dood	-	-	-	dodende	-
doodbind	-	-	doodgebind	-	-
doodblaas	-	-	doodgeblaas	-	-
doodbloei	-	-	doodgebloei	-	-
doodbrand	-	-	doodgebrand	-	-
doodbyt	-	-	doodgebyt	-	-
dooddrink	-	-	doodgedrink	-	-
dooddruk	-	-	doodgedruk	-	-
doodeet	-	-	doodgeëet	-	-
doodgaan	-	-	doodgegaan	doodgaande	-
doodgooi	-	-	doodgegooi	-	-
doodkap	-	-	doodgekap	-	-
doodklap	-	-	doodgeklap	-	-
doodknies	-	-	doodgeknies	-	-
doodkook	-	-	doodgekook	-	-
doodkry	-	-	doodgekry	-	-
doodlag	-	-	doodgelag	-	-
doodloop	-	-	doodgeloop	-	-
doodlê	-	-	doodgelê	-	-
doodmaak	-	-	doodgemaak	doodmakende	-
doodmartel	-	-	doodgemartel	-	-
doodpraat	-	-	doodgepraat	-	-
doodreent	-	-	doodgereent	-	-
doodreën	-	-	doodgereën	-	-
doodry	-	-	doodgery	-	-
doodryp	-	-	doodgeryp	-	-
doodsit	-	-	doodgesit	-	-
doodskaam	-	-	doodgeskaam	-	-
doodskiet	-	-	doodgeskiet	-	-
doodskok	-	-	doodgeskok	-	-
doodskop	-	-	doodgeskop	-	-
doodskree	-	-	doodgeskree	-	-
doodskreeu	-	-	doodgeskreeu	-	-
doodskrik	-	-	doodgeskrik	-	-
doodslaan	-	-	doodgeslaan	-	-
doodslaap	-	-	doodgeslaap	-	-
doodsmoor	-	-	doodgesmoor	-	-
doodspuit	-	-	doodgespuit	-	-
doodsteek	-	-	doodgesteek	-	-
doodswoeg	-	-	doodgeswoeg	-	-
doodswoeë	-	-	doodgeswoeë	-	-
doodswye	-	-	doodgeswye	-	-
doodswyg	-	-	doodgeswyg	-	-
doodtrap	-	-	doodgetrap	-	-
doodtrek	-	-	doodgetrek	-	-
doodtreur	-	-	doodgetreur	-	-
doodval	-	-	doodgeval	-	-
doodvat	-	-	doodgevat	-	-
doodverf	-	-	doodgeverf	-	-
doodvreet	-	-	doodgevreet	-	-
doodwaai	-	-	doodgewaai	-	-
doodwerk	-	-	doodgewerk	-	-
doodwurg	-	-	doodgewurg	-	-
dophou	-	-	dopgehou	dophoudende	-
doseer	-	-	doseer	-	-
draadtrek	-	-	draadgetrek	draadtrekkende	-
drapeer	-	-	drapeer	-	-
dreineer	-	-	dreineer	-	-
dresseer	-	-	dresseer	-	-
dronkbestuur	-	-	dronkbestuur	-	-
dronkslaan	-	-	dronkgeslaan	-	-
droog	-	-	-	drogende	-
droogbak	-	-	drooggebak	-	-
droogblaas	-	-	drooggeblaas	-	-
droogkook	-	-	drooggekook	-	-
droogloop	-	-	drooggeloop	-	-
drooglê	-	-	drooggelê	-	-
droogmaak	-	-	drooggemaak	-	-
droogpomp	-	-	drooggepomp	-	-
droogsit	-	-	drooggesit	-	-
droogskoonmaak	-	-	droogskoongemaak	-	-
droogvryf	-	-	drooggevryf	-	-
droogvrywe	-	-	drooggevrywe	-	-
droom	-	-	-	dromende	-
druk	-	-	-	drukkende	-
drup	-	-	-	druppende	-
dryf	-	-	-	drywende	-
duimgooi	-	-	duimgegooi	-	-
duimry	-	-	duimgery	-	-
dwaal	-	-	-	dwalende	-
dwarsdraai	-	-	dwarsgedraai	-	-
dwarslê	-	-	dwarsgelê	-	-
dwarstrek	-	-	dwarsgetrek	-	-
e-pos	-	-	ge-e-pos	-	-
eet	-	-	-	etend	-
eg	-	-	-	eggende	-
eggo	-	-	-	eggoënde	-
endkry	-	-	endgekry	-	-
erbarm	-	-	erbarm	-	-
erken	-	-	erken	erkennende	-
erlang	-	-	erlang	-	-
ervaar	-	-	ervaar	-	-
faseer	-	-	faseer	-	-
fassineer	-	-	-	fassinerende	-
fees	-	-	-	feestende	-
feesvier	-	-	feesgevier	-	-
fietsry	-	-	fietsgery	-	-
fikseer	-	-	fikseer	-	-
fileer	-	-	fileer	-	-
filtreer	-	-	filtreer	-	-
fineer	-	-	fineer	-	-
finesse	-	-	finesse	-	-
fingeer	-	-	fingeer	-	-
flaneer	-	-	flaneer	-	-
flankeer	-	-	flankeer	-	-
flekteer	-	-	flekteer	-	-
flirteer	-	-	flirteer	-	-
floreer	-	-	floreer	-	-
floteer	-	-	floteer	-	-
flotteer	-	-	flotteer	-	-
formeer	-	-	formeer	-	-
forseer	-	-	-	forserende	-
fouteer	-	-	fouteer	fouterende	-
foutvind	-	-	foutgevind	-	-
frankeer	-	-	frankeer	-	-
fraseer	-	-	fraseer	-	-
friseer	-	-	friseer	-	-
fronteer	-	-	fronteer	-	-
frustreer	-	-	frustreer	-	-
fundeer	-	-	fundeer	-	-
fungeer	-	-	fungeer	-	-
fyndruk	-	-	fyngedruk	-	-
fynkam	-	-	fyngekam	-	-
fynkap	-	-	fyngekap	-	-
fynkook	-	-	fyngekook	-	-
fynkou	-	-	fyngekou	-	-
fynmaak	-	-	fyngemaak	-	-
fynmaal	-	-	fyngemaal	-	-
fynskuur	-	-	fyngeskuur	-	-
fynslaan	-	-	fyngeslaan	-	-
fynslyp	-	-	fyngeslyp	-	-
fynstamp	-	-	fyngestamp	-	-
fynstop	-	-	fyngestop	-	-
fyntrap	-	-	fyngetrap	-	-
fynvryf	-	-	fyngevryf	-	-
fêteer	-	-	fêteer	-	-
gaan	-	-	-	gaande	-
gaarbak	-	-	gaargebak	-	-
gaarmaak	-	-	gaargemaak	-	-
gaat	-	-	-	gaande	-
gadeslaan	-	-	gadegeslaan	-	-
galop	-	-	galop	galoppende	-
galoppeer	-	-	galoppeer	-	-
galpeer	-	-	galpeer	-	-
garneer	-	-	garneer	-	-
gatkruip	-	-	gatgekruip	-	-
gatlek	-	-	gatgelek	-	-
gatomgooi	-	-	gatomgegooi	-	-
gatomswaai	-	-	gatomgeswaai	-	-
gatskeer	-	-	gatgeskeer	-	-
gatskoonmaak	-	-	gatskoongemaak	-	-
gatskop	-	-	gatgeskop	-	-
gatswaai	-	-	gatgeswaai	-	-
gebaar	-	-	gebaar	gebarende	-
gebeur	-	-	gebeur	-	-
gebied	-	-	gebied	-	-
gebruik	-	-	gebruik	-	-
gebruikmaak	-	-	gebruikgemaak	-	-
gedenk	-	-	gedenk	-	-
gedoog	-	-	gedoog	-	-
gedoë	-	-	gedoë	-	-
gedra	-	-	gedra	-	-
gedy	-	-	gedy	-	-
gee	-	-	-	gewende	-
gehoorsaam	-	-	gehoorsaam	-	-
gelas	-	-	gelas	-	-
gelei	-	-	gelei	-	-
geloof	-	-	geloof	-	-
geluk	-	-	geluk	-	-
gelukwens	-	-	gelukgewens	-	-
gelykknip	-	-	gelykgeknip	-	-
gelykmaak	-	-	gelykgemaak	-	-
gelykrig	-	-	gelykgerig	-	-
gelyksit	-	-	gelykgesit	-	-
gelykspeel	-	-	gelykgespeel	-	-
gelykstaan	-	-	gelykgestaan	-	-
gelykstel	-	-	gelykgestel	-	-
gelykstoot	-	-	gelykgestoot	-	-
genaak	-	-	genaak	-	-
geneer	-	-	geneer	-	-
genees	-	-	genees	-	-
geniet	-	-	geniet	-	-
geopen	-	-	geopen	-	-
gepaardgaan	-	-	gepaardgegaan	-	-
geraak	-	-	geraak	-	-
gereedmaak	-	-	gereedgemaak	-	-
geringag	-	-	geringgeag	-	-
geringskat	-	-	geringgeskat	-	-
gerusstel	-	-	gerusgestel	-	-
gesels	-	-	gesels	-	-
geskied	-	-	geskied	-	-
gestikuleer	-	-	gestikuleer	-	-
gesê	-	-	gesê	-	-
getroos	-	-	getroos	-	-
getuie	-	-	getuie	-	-
getuig	-	-	getuig	-	-
geval	-	-	geval	-	-
gevoel	-	-	gevoel	-	-
gewaag	-	-	gewaag	-	-
gewaar	-	-	gewaar	-	-
gewaarword	-	-	gewaargeword	-	-
gewen	-	-	gewen	-	-
gewigstoot	-	-	gewiggestoot	-	-
gewillig	-	-	gewillig	-	-
gladmaak	-	-	gladgemaak	-	-
gladskaaf	-	-	gladgeskaaf	-	-
gladskawe	-	-	gladgeskawe	-	-
gladskuur	-	-	gladgeskuur	-	-
gladslyt	-	-	gladgeslyt	-	-
gladstryk	-	-	gladgestryk	-	-
gladvyl	gladgevyl	-	-	-	-
glimlag	-	-	-	glimlaggende	-
glo	-	-	-	gloënde	-
goeddink	-	-	goedgedink	-	-
goeddoen	-	-	goedgedoen	-	-
goedhou	-	-	goedgehou	-	-
goedkeur	-	-	goedgekeur	-	-
goedmaak	-	-	goedgemaak	-	-
goedpraat	-	-	goedgepraat	-	-
goedskryf	-	-	goedgeskryf	-	-
goedstaan	-	-	goedgestaan	-	-
goedvind	-	-	goedgevind	-	-
golfry	-	-	golfgery	-	-
grawe	-	-	-	grawende	-
grewe	groewe	-	gegroewe	-	-
groenpoets	-	-	groengepoets	-	-
grofspat	-	-	grofgespat	-	-
grondvat	-	-	grondgevat	-	-
grootbring	-	-	grootgebring	-	-
groothou	-	-	grootgehou	-	-
grootmaak	-	-	grootgemaak	-	-
grootpraat	-	-	grootgepraat	-	-
grootword	-	-	grootgeword	-	-
haat	-	-	-	hatende	-
handeldryf	-	-	handelgedryf	-	-
handgee	-	-	handgegee	-	-
handhaaf	-	-	-	handhawende	-
handjiesklap	-	-	handjiesgeklap	-	-
handkyk	-	-	handgekyk	-	-
handlees	-	-	handgelees	-	-
hardloop	-	-	-	hardlopende	-
heelmaak	-	-	heelgemaak	-	-
heendring	-	-	heengedring	-	-
heengaan	-	-	heengegaan	-	-
heenglip	-	-	heengeglip	-	-
heengly	-	-	heengegly	-	-
heenhelp	-	-	heengehelp	-	-
heenreis	-	-	heengereis	-	-
heenskeer	-	-	heengeskeer	-	-
heensluip	-	-	heengesluip	-	-
heensnel	-	-	heengesnel	-	-
heenstap	-	-	heengestap	-	-
heenvaar	-	-	heengevaar	-	-
heenwys	-	-	heengewys	-	-
hekkiesloop	-	-	hekkiesgeloop	-	-
helgee	-	-	helgegee	-	-
heraanbied	-	-	heraangebied	-	-
heraankondig	-	-	heraangekondig	-	-
heraanpas	-	-	heraangepas	-	-
heraanskakel	-	-	heraangeskakel	-	-
heraanwend	-	-	heraanwend	-	-
heradem	-	-	heradem	-	-
herbedink	-	-	herbedink	-	-
herbedraad	-	-	herbedraad	-	-
herbegin	-	-	herbegin	-	-
herbegraaf	-	-	herbegraaf	-	-
herbegrawe	-	-	herbegrawe	-	-
herbekendstel	-	-	herbekendgestel	-	-
herbeklemtoon	-	-	herbeklemtoon	-	-
herbekragtig	-	-	herbekragtig	-	-
herbelê	-	-	herbelê	-	-
herbenoem	-	-	herbenoem	-	-
herbeplan	-	-	herbeplan	-	-
herbesin	-	-	herbesin	-	-
herbesmet	-	-	herbesmet	-	-
herbesnaar	-	-	herbesnaar	-	-
herbevestig	-	-	herbevestig	-	-
herbewapen	-	-	herbewapen	-	-
herbewerk	-	-	herbewerk	-	-
herbind	-	-	herbind	-	-
herboor	-	-	herboor	-	-
herbou	-	-	herbou	-	-
herbus	-	-	herbus	-	-
herdenk	-	-	herdenk	-	-
herdomestiseer	-	-	herdomestiseer	-	-
herdoop	-	-	herdoop	-	-
herdruk	-	-	herdruk	-	-
herenig	-	-	herenig	-	-
herfokus	-	-	herfokus	-	-
hergiet	-	-	hergiet	-	-
hergroei	-	-	hergroei	-	-
herhaal	-	-	herhaal	-	-
herinasem	-	-	heringeasem	-	-
herindeel	-	-	heringedeel	-	-
herinner	-	-	herinner	-	-
herinskryf	-	-	heringeskryf	-	-
herinstel	-	-	heringestel	-	-
herinterpreteer	-	-	herinterpreteer	-	-
herken	-	-	herken	herkennende	-
herkies	-	-	herkies	-	-
herkry	-	-	herkry	-	-
herlaai	-	-	herlaai	-	-
herleef	-	-	herleef	-	-
herlees	-	-	herlees	-	-
herlei	-	-	herlei	-	-
herlewe	-	-	herlewe	-	-
herlê	-	-	herlê	-	-
herneem	-	-	herneem	-	-
hernieu	-	-	hernieu	-	-
hernoem	-	-	hernoem	-	-
hernu	-	-	hernu	-	-
hernuwe	-	-	hernuwe	-	-
herondersoek	-	-	herondersoek	-	-
herontdek	-	-	herontdek	-	-
herontwerp	-	-	herontwerp	-	-
herontwikkel	-	-	herontwikkel	-	-
heroorweeg	-	-	heroorweeg	-	-
heropbou	-	-	heropgebou	-	-
heropen	-	-	heropen	-	-
heropstel	-	-	heropgestel	-	-
herower	-	-	herower	-	-
herplaas	-	-	herplaas	-	-
herplant	-	-	herplant	-	-
herregistreer	-	-	herregistreer	-	-
herreël	-	-	herreël	-	-
herroep	-	-	herroep	-	-
hersaamstel	-	-	hersaamgestel	-	-
herset	-	-	herset	-	-
herseël	-	-	herseël	-	-
hersien	-	-	hersien	-	-
herskat	-	-	herskat	-	-
herskep	-	-	herskep	-	-
herskik	-	-	herskik	-	-
herskou	-	-	herskou	-	-
herskryf	-	-	herskryf	-	-
herskrywe	-	-	herskrywe	-	-
herslyp	-	-	herslyp	-	-
herspeel	-	-	herspeel	-	-
herstel	-	-	herstel	-	-
herstem	-	-	herstem	-	-
herstempel	-	-	herstempel	-	-
herstig	-	-	herstig	-	-
hertel	-	-	hertel	-	-
hertoelaat	-	-	hertoegelaat	-	-
hertoets	-	-	hertoets	-	-
hertrou	-	-	hertrou	-	-
hertwiet	-	-	hertwiet	-	-
heruitreik	-	-	heruitgereik	-	-
heruitsaai	-	-	heruitgesaai	-	-
heruitsend	-	-	heruitgesend	-	-
hervat	-	-	hervat	-	-
herverbeel	-	-	herverbeel	-	-
herverdeel	-	-	herverdeel	-	-
herverdubbel	-	-	herverdubbel	-	-
herverhit	-	-	herverhit	-	-
herverhoor	-	-	herverhoor	-	-
herverhuur	-	-	herverhuur	-	-
herverkies	-	-	herverkies	-	-
herverkoop	-	-	herverkoop	-	-
herverseker	-	-	herverseker	-	-
herverskyn	-	-	herverskyn	-	-
hervertaal	-	-	hervertaal	-	-
hervestig	-	-	hervestig	-	-
hervind	-	-	hervind	-	-
hervorm	-	-	hervorm	-	-
hervries	-	-	hervries	-	-
hervrystel	-	-	hervrygestel	-	-
hervul	-	-	hervul	-	-
herwapen	-	-	herwapen	-	-
herwin	-	-	herwin	-	-
herwy	-	-	herwy	-	-
heryk	-	-	heryk	-	-
het	-	had	-	-	-
hoijaag	-	-	hoigejaag	-	-
hoistaan	-	-	hoigestaan	-	-
hokja	-	-	hokgeja	-	-
hokjaag	-	-	hokgejaag	-	-
hokjae	-	-	hokgejae	-	-
hokslaan	-	-	hokgeslaan	-	-
holhang	-	-	holgehang	-	-
hoogag	-	-	hooggeag	-	-
hooghou	-	-	hooggehou	-	-
hoogskat	-	-	hooggeskat	-	-
hoogspring	-	-	hooggespring	-	-
hoop	-	-	-	hopende	-
hoor	-	-	-	horende	-
huishou	-	-	huisgehou	-	-
huisves	-	-	-	huisfestende	-
hê	het	had	gehad	hebbende	-
idealiseer	-	-	geïdealiseer	-	-
identifiseer	-	-	geïdentifiseer	-	-
iftaar	-	-	geïftaar	-	-
ignoreer	-	-	geïgnoreer	-	-
illumineer	-	-	geïllumineer	-	-
illustreer	-	-	geïllustreer	-	-
imbibeer	-	-	geïmbibeer	-	-
imineer	-	-	geïmineer	-	-
imiteer	-	-	geïmiteer	-	-
immatrikuleer	-	-	geïmmatrikuleer	-	-
immigreer	-	-	geïmmigreer	-	-
immobiliseer	-	-	geïmmobiliseer	-	-
immoleer	-	-	geïmmoleer	-	-
immuniseer	-	-	geïmmuniseer	-	-
impasteer	-	-	geïmpasteer	-	-
impedieer	-	-	geïmpedieer	-	-
implementeer	-	-	geïmplementeer	-	-
impliseer	-	-	geïmpliseer	-	-
implodeer	-	-	geïmplodeer	-	-
imponeer	-	-	geïmponeer	-	-
importeer	-	-	geïmporteer	-	-
importuneer	-	-	geïmportuneer	-	-
impregneer	-	-	geïmpregneer	-	-
improviseer	-	-	geïmproviseer	-	-
imputeer	-	-	geïmputeer	-	-
in	-	-	geïn	-	-
inadem	-	-	ingeadem	-	-
inaktiveer	-	-	geïnaktiveer	-	-
inasem	-	-	ingeasem	-	-
inbak	-	-	ingebak	-	-
inbaker	-	-	ingebaker	-	-
inbalsem	-	-	ingebalsem	-	-
inbars	-	-	ingebars	-	-
inbed	-	-	ingebed	-	-
inbeeld	-	-	ingebeeld	-	-
inbeitel	-	-	ingebeitel	-	-
inbel	-	-	ingebel	-	-
inbespreek	-	-	inbespreek	-	-
inbetaal	-	-	inbetaal	-	-
inbeur	-	-	ingebeur	-	-
inbeweeg	-	-	inbeweeg	-	-
inbind	-	-	ingebind	-	-
inblaas	-	-	ingeblaas	-	-
inblik	-	-	ingeblik	-	-
inbly	-	-	ingebly	-	-
inboek	-	-	ingeboek	-	-
inboender	-	-	ingeboender	-	-
inboesem	-	-	ingeboesem	-	-
inboet	-	-	ingeboet	-	-
inbondel	-	-	ingebondel	-	-
inbottel	-	-	ingebottel	-	-
inbou	-	-	ingebou	-	-
inbraak	-	-	ingebraak	-	-
inbrand	-	-	ingebrand	-	-
inbreek	-	-	ingebreek	-	-
inbring	-	-	ingebring	-	-
inbrokkel	-	-	ingebrokkel	-	-
inbrou	-	-	ingebrou	-	-
inbuie	-	-	ingebuie	-	-
inbuig	-	-	ingebuig	-	-
inbuk	-	-	ingebuk	-	-
inburger	-	-	ingeburger	-	-
inbyt	-	-	ingebyt	-	-
incheck	-	-	ingecheck	-	-
indaba	-	-	geïndaba	-	-
indam	-	-	ingedam	-	-
indamp	-	-	ingedamp	-	-
indeel	-	-	ingedeel	-	-
indekseer	-	-	geïndekseer	-	-
indemniseer	-	-	geïndemniseer	-	-
indeuk	-	-	ingedeuk	-	-
indien	-	-	ingedien	-	-
indik	-	-	ingedik	-	-
indink	-	-	ingedink	-	-
indiwidualiseer	-	-	geïndiwidualiseer	-	-
indoesel	-	-	ingedoesel	-	-
indoktrineer	-	-	geïndoktrineer	-	-
indommel	-	-	ingedommel	-	-
indompel	-	-	ingedompel	-	-
indons	-	-	ingedons	-	-
indoof	-	-	ingedoof	-	-
indoop	-	-	ingedoop	-	-
indra	-	-	ingedra	-	-
indraad	-	-	ingedraad	-	-
indraag	-	-	ingedraag	-	-
indraai	-	-	ingedraai	-	-
indrae	-	-	ingedrae	-	-
indraf	-	-	ingedraf	-	-
indril	-	-	ingedril	-	-
indring	-	-	ingedring	-	-
indrink	-	-	ingedrink	-	-
indroog	-	-	ingedroog	-	-
indroë	-	-	ingedroë	-	-
indruis	-	-	ingedruis	-	-
indruk	-	-	ingedruk	-	-
indrup	-	-	ingedrup	-	-
indruppel	-	-	ingedruppel	-	-
indryf	-	-	ingedryf	-	-
indrywe	-	-	ingedrywe	-	-
induik	-	-	ingeduik	-	-
induiwel	-	-	ingeduiwel	-	-
induseer	-	-	geïnduseer	-	-
industrialiseer	-	-	geïndustrialiseer	-	-
indut	-	-	ingedut	-	-
indwarrel	-	-	ingedwarrel	-	-
indwing	-	-	ingedwing	-	-
indyk	-	-	ingedyk	-	-
ineendraai	-	-	ineengedraai	-	-
ineendring	-	-	ineengedring	-	-
ineengroei	-	-	ineengegroei	-	-
ineenkrimp	-	-	ineengekrimp	-	-
ineenloop	-	-	ineengeloop	-	-
ineenplof	-	-	ineengeplof	-	-
ineenrol	-	-	ineengerol	-	-
ineensak	-	-	ineengesak	-	-
ineensink	-	-	ineengesink	-	-
ineenskakel	-	-	ineengeskakel	-	-
ineensluit	-	-	ineengesluit	-	-
ineensmelt	-	-	ineengesmelt	-	-
ineenstort	-	-	ineengestort	-	-
ineenstrengel	-	-	ineengestrengel	-	-
ineentuimel	-	-	ineengetuimel	-	-
ineenvleg	-	-	ineengevleg	-	-
ineenvloei	-	-	ineengevloei	-	-
ineg	-	-	ingeëg	-	-
inent	-	-	ingeënt	-	-
inets	-	-	ingeëts	-	-
infantiliseer	-	-	geïnfantiliseer	-	-
infaseer	-	-	geïnfaseer	-	-
infekteer	-	-	geïnfekteer	-	-
infesteer	-	-	geïnfesteer	-	-
infiltreer	-	-	geïnfiltreer	-	-
inflammeer	-	-	geïnflammeer	-	-
inflans	-	-	ingeflans	-	-
inflasioneer	-	-	geïnflasioneer	-	-
inflekteer	-	-	geïnflekteer	-	-
influenseer	-	-	geïnfluenseer	-	-
influister	-	-	ingefluister	-	-
infoeter	-	-	ingefoeter	-	-
informeer	-	-	geïnformeer	-	-
ingaan	-	-	ingegaan	ingaande	-
ingaar	-	-	ingegaar	-	-
ingee	-	-	ingegee	-	-
ingehelp	-	-	ingehelpte	-	-
ingespe	-	-	ingegespe	-	-
inghrop	-	-	ingeghrop	-	-
ingiet	-	-	ingegiet	-	-
inglip	-	-	ingeglip	-	-
ingly	-	-	ingegly	-	-
ingooi	-	-	ingegooi	-	-
ingord	-	-	ingegord	-	-
ingraaf	-	-	ingegraaf	-	-
ingraveer	-	-	ingegraveer	-	-
ingrawe	-	-	ingegrawe	-	-
ingrif	-	-	ingegrif	-	-
ingroei	-	-	ingegroei	-	-
ingryp	-	-	ingegryp	-	-
inhaak	-	-	ingehaak	-	-
inhaal	-	-	ingehaal	-	-
inhaleer	-	-	geïnhaleer	-	-
inhamer	-	-	ingehamer	-	-
inhandig	-	-	ingehandig	-	-
inhardloop	-	-	ingehardloop	-	-
inhei	-	-	ingehei	-	-
inhelp	-	-	ingehelp	-	-
inhibeer	-	-	geïnhibeer	-	-
inhok	-	-	ingehok	-	-
inhol	-	-	ingehol	-	-
inhou	-	-	ingehou	-	-
inhul	-	-	ingehul	-	-
inhuldig	-	-	ingehuldig	-	-
inhuppel	-	-	ingehuppel	-	-
inhuur	-	-	ingehuur	-	-
inhê	-	-	ingehad	-	-
inisieer	-	-	geïnisieer	-	-
inja	-	-	ingeja	-	-
injaag	-	-	ingejaag	-	-
injae	-	-	ingejae	-	-
injekteer	-	-	geïnjekteer	-	-
ink	-	-	geïnk	-	-
inkalf	-	-	ingekalf	-	-
inkalwe	-	-	ingekalwe	-	-
inkalwer	-	-	ingekalwer	-	-
inkam	-	-	ingekam	-	-
inkamp	-	-	ingekamp	-	-
inkanker	-	-	ingekanker	-	-
inkanteer	-	-	geïnkanteer	-	-
inkap	-	-	ingekap	-	-
inkapsel	-	-	ingekapsel	-	-
inkarneer	-	-	geïnkarneer	-	-
inkas	-	-	ingekas	-	-
inkasseer	-	-	geïnkasseer	-	-
inkatrol	-	-	ingekatrol	-	-
inkeep	-	-	ingekeep	-	-
inkeil	-	-	ingekeil	-	-
inkerf	-	-	ingekerf	-	-
inkerker	-	-	ingekerker	-	-
inkerwe	-	-	ingekerwe	-	-
inklaar	-	-	ingeklaar	-	-
inklam	-	-	ingeklam	-	-
inklank	-	-	ingeklank	-	-
inklee	-	-	ingeklee	-	-
inkleed	-	-	ingekleed	-	-
inklem	-	-	ingeklem	-	-
inkleur	-	-	ingekleur	-	-
inklim	-	-	ingeklim	-	-
inklineer	-	-	geïnklineer	-	-
inklink	-	-	ingeklink	-	-
inklits	-	-	ingeklits	-	-
inklok	-	-	ingeklok	-	-
inklop	-	-	ingeklop	-	-
inklouter	-	-	ingeklouter	-	-
inkluister	-	-	ingekluister	-	-
inknee	-	-	ingeknee	-	-
inknip	-	-	ingeknip	-	-
inknyp	-	-	ingeknyp	-	-
inkom	-	-	ingekom	-	-
inkonk	-	-	ingekonk	-	-
inkook	-	-	ingekook	-	-
inkoop	-	-	ingekoop	-	-
inkoppel	-	-	ingekoppel	-	-
inkorporeer	-	-	geïnkorporeer	inkorporerende	-
inkort	-	-	ingekort	-	-
inkraal	-	-	ingekraal	-	-
inkrap	-	-	ingekrap	-	-
inkras	-	-	ingekras	-	-
inkrimineer	-	-	geïnkrimineer	-	-
inkrimp	-	-	ingekrimp	-	-
inkrom	-	-	ingekrom	-	-
inkruip	-	-	ingekruip	-	-
inkruiwa	-	-	ingekruiwa	-	-
inkrusteer	-	-	geïnkrusteer	-	-
inkry	-	-	ingekry	-	-
inkubeer	-	-	geïnkubeer	-	-
inkuil	-	-	ingekuil	-	-
inkulpeer	-	-	geïnkulpeer	-	-
inkwartier	-	-	ingekwartier	-	-
inkyk	-	-	ingekyk	-	-
inlaai	-	-	ingelaai	-	-
inlaat	-	-	ingelaat	-	-
inlas	-	-	ingelas	-	-
inleef	-	-	ingeleef	-	-
inlei	-	-	ingelei	inleidende	-
inlek	-	-	ingelek	-	-
inlepel	-	-	ingelepel	-	-
inlewe	-	-	ingelewe	-	-
inlewer	-	-	ingelewer	-	-
inlig	-	-	ingelig	-	-
inloer	-	-	ingeloer	-	-
inlok	-	-	ingelok	-	-
inloods	-	-	ingeloods	-	-
inloog	-	-	ingeloog	-	-
inloop	-	-	ingeloop	-	-
inlos	-	-	ingelos	-	-
inlui	-	-	ingelui	-	-
inluier	-	-	ingeluier	-	-
inluister	-	-	ingeluister	-	-
inlyf	-	-	ingelyf	-	-
inlys	-	-	ingelys	-	-
inlywe	-	-	ingelywe	-	-
inlê	-	-	ingelê	-	-
inmaak	-	-	ingemaak	-	-
inmekaardraai	-	-	inmekaargedraai	-	-
inmekaardring	-	-	inmekaargedring	-	-
inmekaardruk	-	-	inmekaargedruk	-	-
inmekaarflans	-	-	inmekaargeflans	-	-
inmekaarfrommel	-	-	inmekaargefrommel	-	-
inmekaargooi	-	-	inmekaargegooi	-	-
inmekaargroei	-	-	inmekaargegroei	-	-
inmekaargryp	-	-	inmekaargegryp	-	-
inmekaarhaak	-	-	inmekaargehaak	-	-
inmekaarkrimp	-	-	inmekaargekrimp	-	-
inmekaarkronkel	-	-	inmekaargekronkel	-	-
inmekaarlas	-	-	inmekaargelas	-	-
inmekaarloop	-	-	inmekaargeloop	-	-
inmekaarpas	-	-	inmekaargepas	-	-
inmekaarpers	-	-	inmekaargepers	-	-
inmekaarrol	-	-	inmekaargerol	-	-
inmekaarsak	-	-	inmekaargesak	-	-
inmekaarsink	-	-	inmekaargesink	-	-
inmekaarsit	-	-	inmekaargesit	-	-
inmekaarskakel	-	-	inmekaargeskakel	-	-
inmekaarskuif	-	-	inmekaargeskuif	-	-
inmekaarskuiwe	-	-	inmekaargeskuiwe	-	-
inmekaarslaan	-	-	inmekaargeslaan	-	-
inmekaarsluit	-	-	inmekaargesluit	-	-
inmekaarsmelt	-	-	inmekaargesmelt	-	-
inmekaarstop	-	-	inmekaargestop	-	-
inmekaarstort	-	-	inmekaargestort	-	-
inmekaarstrengel	-	-	inmekaargestrengel	-	-
inmekaartrap	-	-	inmekaargetrap	-	-
inmekaartrek	-	-	inmekaargetrek	-	-
inmekaartrommel	-	-	inmekaargetrommel	-	-
inmekaartuimel	-	-	inmekaargetuimel	-	-
inmekaarval	-	-	inmekaargeval	-	-
inmekaarvleg	-	-	inmekaargevleg	-	-
inmekaarvloei	-	-	inmekaargevloei	-	-
inmekaarvoeg	-	-	inmekaargevoeg	-	-
inmekaarvou	-	-	inmekaargevou	-	-
inmekaarweef	-	-	inmekaargeweef	-	-
inmekaarwewe	-	-	inmekaargewewe	-	-
inmeng	-	-	ingemeng	-	-
inmessel	-	-	ingemessel	-	-
inmoker	-	-	ingemoker	-	-
inmond	-	-	ingemond	-	-
innaai	-	-	ingenaai	-	-
inneem	-	-	ingeneem	-	-
innerveer	-	-	geïnnerveer	-	-
innooi	-	-	ingenooi	-	-
innoveer	-	-	geïnnoveer	-	-
inoefen	-	-	ingeoefen	-	-
inoes	-	-	ingeoes	-	-
inokuleer	-	-	geïnokuleer	-	-
inougureer	-	-	geïnougureer	-	-
inpak	-	-	ingepak	-	-
inpalm	-	-	ingepalm	-	-
inpas	-	-	ingepas	-	-
inpeil	-	-	ingepeil	-	-
inpekel	-	-	ingepekel	-	-
inpen	-	-	ingepen	-	-
inpeper	-	-	ingepeper	-	-
inperk	-	-	ingeperk	-	-
inpers	-	-	ingepers	-	-
inpik	-	-	ingepik	-	-
inplaas	-	-	ingeplaas	-	-
inplak	-	-	ingeplak	-	-
inplant	-	-	ingeplant	-	-
inploeg	-	-	ingeploeg	-	-
inploeë	-	-	ingeploeë	-	-
inplof	-	-	ingeplof	-	-
inplons	-	-	ingeplons	-	-
inplooi	-	-	ingeplooi	-	-
inpolder	-	-	ingepolder	-	-
inpomp	-	-	ingepomp	-	-
inpons	-	-	ingepons	-	-
inpot	-	-	ingepot	-	-
inpraat	-	-	ingepraat	-	-
inprent	-	-	ingeprent	-	-
inprop	-	-	ingeprop	-	-
inpunt	-	-	ingepunt	-	-
inpyl	-	-	ingepyl	-	-
inraam	-	-	ingeraam	-	-
inreef	-	-	ingereef	-	-
inreent	-	-	ingereent	-	-
inreken	-	-	ingereken	-	-
inrewe	-	-	ingerewe	-	-
inreën	-	-	ingereën	-	-
inrig	-	-	ingerig	-	-
inrits	-	-	ingerits	-	-
inroei	-	-	ingeroei	-	-
inroep	-	-	ingeroep	-	-
inroer	-	-	ingeroer	-	-
inroes	-	-	ingeroes	-	-
inrol	-	-	ingerol	-	-
inruil	-	-	ingeruil	-	-
inruim	-	-	ingeruim	-	-
inruk	-	-	ingeruk	-	-
inry	-	-	ingery	-	-
inrye	-	-	ingerye	-	-
inryg	-	-	ingeryg	-	-
insak	-	-	ingesak	-	-
insamel	-	-	ingesamel	-	-
inseep	-	-	ingeseep	-	-
inseil	-	-	ingeseil	-	-
insemineer	-	-	geïnsemineer	-	-
insend	-	-	ingesend	-	-
insereer	-	-	geïnsereer	-	-
inseën	-	-	ingeseën	-	-
insien	-	-	ingesien	-	-
insink	-	-	ingesink	-	-
insinueer	-	-	geïnsinueer	-	-
insisteer	-	-	geïnsisteer	-	-
insit	-	-	ingesit	-	-
inskakel	-	-	ingeskakel	-	-
inskeep	-	-	ingeskeep	-	-
inskeer	-	-	ingeskeer	-	-
inskenk	-	-	ingeskenk	-	-
inskep	-	-	ingeskep	-	-
inskerp	-	-	ingeskerp	-	-
inskets	-	-	ingeskets	-	-
inskeur	-	-	ingeskeur	-	-
inskiet	-	-	ingeskiet	-	-
inskilder	-	-	ingeskilder	-	-
inskink	-	-	ingeskink	-	-
inskop	-	-	ingeskop	-	-
inskroef	-	-	ingeskroef	-	-
inskroewe	-	-	ingeskroewe	-	-
inskryf	-	-	ingeskryf	-	-
inskrywe	-	-	ingeskrywe	-	-
inskuif	-	-	ingeskuif	-	-
inskuiwe	-	-	ingeskuiwe	-	-
inskulp	-	-	ingeskulp	-	-
inskyn	-	-	ingeskyn	-	-
inslaan	-	-	ingeslaan	-	-
inslaap	-	-	ingeslaap	-	-
insleep	-	-	ingesleep	-	-
inslenter	-	-	ingeslenter	-	-
insleutel	-	-	ingesleutel	-	-
inslinger	-	-	ingeslinger	-	-
insluimer	-	-	ingesluimer	-	-
insluip	-	-	ingesluip	-	-
insluit	-	-	ingesluit	-	-
insluk	-	-	ingesluk	-	-
inslurp	-	-	ingeslurp	-	-
inslyp	-	-	ingeslyp	-	-
insmeer	-	-	ingesmeer	-	-
insmelt	-	-	ingesmelt	-	-
insmokkel	-	-	ingesmokkel	-	-
insmyt	-	-	ingesmyt	-	-
insneeu	-	-	ingesneeu	-	-
insnoer	-	-	ingesnoer	-	-
insnuif	-	-	ingesnuif	-	-
insnuiwe	-	-	ingesnuiwe	-	-
insny	-	-	ingesny	-	-
insoleer	-	-	geïnsoleer	-	-
insout	-	-	ingesout	-	-
inspan	-	-	ingespan	-	-
inspat	-	-	ingespat	-	-
inspeel	-	-	ingespeel	-	-
inspekteer	-	-	geïnspekteer	-	-
inspeld	-	-	ingespeld	-	-
inspin	-	-	ingespin	-	-
inspireer	-	-	geïnspireer	-	-
inspit	-	-	ingespit	-	-
inspoel	-	-	ingespoel	-	-
inspreek	-	-	ingespreek	-	-
inspring	-	-	ingespring	-	-
insprinkel	-	-	ingesprinkel	-	-
inspuit	-	-	ingespuit	-	-
inspyker	-	-	ingespyker	-	-
instaan	-	-	ingestaan	-	-
instaar	-	-	ingestaar	-	-
installeer	-	-	geïnstalleer	-	-
instamp	-	-	ingestamp	-	-
instap	-	-	ingestap	-	-
insteek	-	-	ingesteek	-	-
instel	-	-	ingestel	-	-
instem	-	-	ingestem	-	-
instigeer	-	-	geïnstigeer	-	-
institueer	-	-	geïnstitueer	-	-
institusionaliseer	-	-	geïnstitusionaliseer	-	-
instoom	-	-	ingestoom	-	-
instoot	-	-	ingestoot	-	-
instop	-	-	ingestop	-	-
instorm	-	-	ingestorm	-	-
instort	-	-	ingestort	-	-
instrompel	-	-	ingestrompel	-	-
instroom	-	-	ingestroom	-	-
instrueer	-	-	geïnstrueer	-	-
instruikel	-	-	ingestruikel	-	-
instrumenteer	-	-	geïnstrumenteer	-	-
instryk	-	-	ingestryk	-	-
instudeer	-	-	ingestudeer	-	-
instuif	-	-	ingestuif	-	-
instuiwe	-	-	ingestuiwe	-	-
instulp	-	-	ingestulp	-	-
instuur	-	-	ingestuur	-	-
insuie	-	-	ingesuie	-	-
insuig	-	-	ingesuig	-	-
insukkel	-	-	ingesukkel	-	-
insuur	-	-	ingesuur	-	-
inswaai	-	-	ingeswaai	-	-
insweer	-	-	ingesweer	-	-
inswelg	-	-	ingeswelg	-	-
inswem	-	-	ingeswem	-	-
inswenk	ingeswenk	-	-	-	-
insyfer	-	-	ingesyfer	-	-
insyg	-	-	ingesyg	-	-
insypel	-	-	ingesypel	-	-
insê	-	-	ingesê	-	-
intand	-	-	ingetand	-	-
intap	-	-	ingetap	-	-
inteel	-	-	ingeteel	-	-
integreer	-	-	geïntegreer	-	-
inteken	-	-	ingeteken	-	-
intel	-	-	ingetel	-	-
intellektualiseer	-	-	geïntellektualiseer	-	-
intendeer	-	-	geïntendeer	-	-
intensifiseer	-	-	geïntensifiseer	-	-
intensiveer	-	-	geïntensiveer	-	-
interesseer	-	-	geïnteresseer	-	-
interfereer	-	-	geïnterfereer	-	-
interfolieer	-	-	geïnterfolieer	-	-
interkaleer	-	-	geïnterkaleer	-	-
interlinieer	-	-	geïnterlinieer	-	-
intermitteer	-	-	geïntermitteer	-	-
internaliseer	-	-	geïnternaliseer	-	-
internasionaliseer	-	-	geïnternasionaliseer	-	-
interneer	-	-	geïnterneer	-	-
interpagineer	-	-	geïnterpagineer	-	-
interpelleer	-	-	geïnterpelleer	-	-
interpoleer	-	-	geïnterpoleer	-	-
interponeer	-	-	geïnterponeer	-	-
interpreteer	-	-	geïnterpreteer	-	-
interpungeer	-	-	geïnterpungeer	-	-
interrogeer	-	-	geïnterrogeer	-	-
interrompeer	-	-	geïnterrompeer	-	-
interrumpeer	-	-	geïnterrumpeer	-	-
intersedeer	-	-	geïntersedeer	-	-
intersepteer	-	-	geïntersepteer	-	-
intervenieer	-	-	geïntervenieer	-	-
inteuel	-	-	ingeteuel	-	-
intik	-	-	ingetik	-	-
intimideer	-	-	geïntimideer	-	-
intoneer	-	-	geïntoneer	-	-
intoom	-	-	ingetoom	-	-
intoring	-	-	ingetoring	-	-
intou	-	-	ingetou	-	-
intralie	-	-	ingetralie	-	-
intrap	-	-	ingetrap	-	-
intree	-	-	ingetree	-	-
intrek	-	-	ingetrek	-	-
intrigeer	-	-	geïntrigeer	-	-
introduseer	-	-	geïntroduseer	-	-
introu	-	-	ingetrou	-	-
introverteer	-	-	geïntroverteer	-	-
intrudeer	-	-	geïntrudeer	-	-
intubeer	-	-	geïntubeer	-	-
intuimel	-	-	ingetuimel	-	-
intussussepteer	-	-	geïntussussepteer	-	-
intuur	-	-	ingetuur	-	-
inundeer	-	-	geïnundeer	-	-
invaar	-	-	ingevaar	-	-
invagineer	-	-	geïnvagineer	-	-
inval	-	-	ingeval	-	-
invalideer	-	-	geïnvalideer	-	-
invat	-	-	ingevat	-	-
invee	-	-	ingevee	-	-
inventariseer	-	-	geïnventariseer	-	-
inverteer	-	-	geïnverteer	-	-
investeer	-	-	geïnvesteer	-	-
invet	-	-	ingevet	-	-
invleg	-	-	ingevleg	-	-
invlie	-	-	ingevlie	-	-
invlieg	-	-	ingevlieg	-	-
invloei	-	-	ingevloei	-	-
invlug	-	-	ingevlug	-	-
invoeg	-	-	ingevoeg	-	-
invoel	-	-	ingevoel	-	-
invoer	-	-	ingevoer	-	-
invorder	-	-	ingevorder	-	-
invou	-	-	ingevou	-	-
invra	-	-	ingevra	-	-
invreet	-	-	ingevreet	-	-
invries	-	-	ingevries	-	-
invryf	-	-	ingevryf	-	-
invrywe	-	-	ingevrywe	-	-
invul	-	-	ingevul	-	-
invurk	-	-	ingevurk	-	-
invyl	-	-	ingevyl	-	-
inwaai	-	-	ingewaai	-	-
inwag	-	-	ingewag	-	-
inwaggel	-	-	ingewaggel	-	-
inwals	-	-	ingewals	-	-
inwarrel	-	-	ingewarrel	-	-
inwas	-	-	ingewas	-	-
inweef	-	-	ingeweef	-	-
inweeg	-	-	ingeweeg	-	-
inweek	-	-	ingeweek	-	-
inwerk	-	-	ingewerk	-	-
inwerp	-	-	ingewerp	-	-
inwerskaf	-	-	ingewerskaf	-	-
inwewe	-	-	ingewewe	-	-
inweë	-	-	ingeweë	-	-
inwikkel	-	-	ingewikkel	-	-
inwillig	-	-	ingewillig	-	-
inwin	-	-	ingewin	-	-
inwind	-	-	ingewind	-	-
inwip	-	-	ingewip	-	-
inwissel	-	-	ingewissel	-	-
inwoeker	-	-	ingewoeker	-	-
inwoel	-	-	ingewoel	-	-
inwoon	-	-	ingewoon	-	-
inworstel	-	-	ingeworstel	-	-
inwortel	-	-	ingewortel	-	-
inwring	-	-	ingewring	-	-
inwurg	-	-	ingewurg	-	-
inwurm	-	-	ingewurm	-	-
inwy	-	-	ingewy	-	-
inzoem	-	-	ingezoem	-	-
ioniseer	-	-	geïoniseer	-	-
iriseer	-	-	geïriseer	-	-
ironiseer	-	-	geïroniseer	-	-
irradieer	-	-	geïrradieer	-	-
irrigeer	-	-	geïrrigeer	-	-
irriteer	-	-	geïrriteer	-	-
islamiseer	-	-	geïslamiseer	-	-
isoleer	-	-	geïsoleer	-	-
isomeriseer	-	-	geïsomeriseer	-	-
italianiseer	-	-	geïtalianiseer	-	-
itereer	-	-	geïtereer	-	-
jaag	-	-	-	jagende	-
jag	-	-	-	jagtende	-
jil	-	-	-	jillende	-
jok	-	-	-	jokkende	-
kaalstroop	-	-	kaalgestroop	-	-
kaartlees	-	-	kaartgelees	-	-
kaartspeel	-	-	kaartgespeel	-	-
kafdrak	kafdraf	-	kafgedraf	-	-
kafloop	-	-	kafgeloop	-	-
kak	-	-	-	kakkende	-
kakskiet	-	-	kakgeskiet	-	-
kalf	-	-	-	kalwende	-
kamerverlaat	-	-	kamerverlaat	-	-
kan	-	kon	-	-	-
kappityt	-	-	kappityt	-	-
kathalstrek	-	-	kathalsgetrek	-	-
keelskoonmaak	-	-	keelskoongemaak	-	-
ken	-	-	-	kennende	-
kennismaak	-	-	kennisgemaak	-	-
kielplankry	-	-	kielplankgery	-	-
kierieslaan	-	-	kieriegeslaan	-	-
klaarkom	-	-	klaargekom	-	-
klaarkry	-	-	klaargekry	-	-
klaarmaak	-	-	klaargemaak	-	-
klaarpraat	-	-	klaargepraat	-	-
klaarraak	-	-	klaargeraak	-	-
klaarspeel	-	-	klaargespeel	-	-
klaarstaan	-	-	klaargestaan	-	-
klad	-	-	-	kladdende	-
klaploop	-	-	klapgeloop	-	-
klasdraf	-	-	klasgedraf	-	-
klasgee	-	-	klasgegee	-	-
klavierspeel	-	-	klaviergespeel	-	-
kleilatgooi	-	-	kleilatgegooi	-	-
kleinag	-	-	kleingeag	-	-
kleinkry	-	-	kleingekry	-	-
kleinmaak	-	-	kleingemaak	-	-
kleitrap	-	-	kleigetrap	-	-
klem	-	-	-	klemmende	-
klim	-	-	-	klimmende	-
klipgooi	-	-	klipgegooi	-	-
klipspeel	-	-	klipgespeel	-	-
kloof	-	-	-	klowende	-
knaag	-	-	-	knaende	-
knae	-	-	-	knaende	-
knip	-	-	-	knippende	-
knipmeslê	-	-	knipmesgelê	-	-
knipmesry	-	-	knipmesgery	-	-
koekbak	-	-	koekgebak	-	-
koershou	-	-	koersgehou	-	-
koerskry	-	-	koersgekry	-	-
koersvat	-	-	koersgevat	-	-
kolf	-	-	-	kolwende	-
kolgooi	-	-	kolgegooi	-	-
kommunikeer	-	-	-	kommunikerende	-
koop	-	-	-	kopende	-
kopgee	-	-	kopgegee	-	-
kophou	-	-	kopgehou	-	-
kopskud	-	-	kopgeskud	-	-
kopslaan	-	-	kopgeslaan	-	-
korrelhou	-	-	korrelgehou	-	-
korrelvat	-	-	korrelgevat	-	-
korthou	-	-	kortgehou	-	-
kortknip	-	-	kortgeknip	-	-
kortkom	-	-	kortgekom	-	-
kortomspring	-	-	kortomgespring	-	-
kortskiet	-	-	kortgeskiet	-	-
kortvat	-	-	kortgevat	-	-
kosmaak	-	-	kosgemaak	-	-
koudlaat	-	-	koudgelaat	-	-
koudlei	-	-	koudgelei	-	-
koudsit	-	-	koudgesit	-	-
koudwals	-	-	koudgewals	-	-
krap	-	-	-	krappende	-
kringsit	-	-	kringgesit	-	-
krompraat	-	-	kromgepraat	-	-
kromtrek	-	-	kromgetrek	-	-
kroon	-	-	-	kronende	-
kropvat	-	-	kropgevat	-	-
kruistoets	-	-	kruisgetoets	-	-
kry	-	-	-	krygende	-
kuitskiet	-	-	kuitgeskiet	-	-
kus	-	-	-	kussende	-
kwaadpraat	-	-	kwaadgepraat	-	-
kwaadspreek	-	-	kwaadgespreek	-	-
kwaadstook	-	-	kwaadgestook	-	-
kwytraak	-	-	kwytgeraak	-	-
kwytskel	-	-	kwytgeskel	-	-
kwytskeld	-	-	kwytgeskeld	-	-
laaglê	-	-	laaggelê	-	-
laagvat	-	-	laaggevat	-	-
laat	-	-	-	latende	-
lag	-	-	-	laggende	-
lamlê	-	-	lamgelê	-	-
lamslaan	-	-	lamgeslaan	-	-
landmeet	-	-	landgemeet	-	-
leef	-	-	-	lewende	-
leegbloei	-	-	leeggebloei	-	-
leegdrink	-	-	leeggedrink	-	-
leeggooi	-	-	leeggegooi	-	-
leegloop	-	-	leeggeloop	-	-
leeglê	-	-	leeggelê	-	-
leegmaak	-	-	leeggemaak	-	-
leegpomp	-	-	leeggepomp	-	-
leegskep	-	-	leeggeskep	-	-
leegspuit	-	-	leeggespuit	-	-
leegstaan	-	-	leeggestaan	-	-
leegsteel	-	-	leeggesteel	-	-
leegstroop	-	-	leeggestroop	-	-
leegtap	-	-	leeggetap	-	-
leer	-	-	-	lerende	-
lees	-	-	-	lesende	-
lei	-	-	-	leidende	-
lepellê	-	-	lepelgelê	-	-
lewe	-	-	-	lewende	-
liefhê	-	-	liefgehad	liefhebbende	-
liefkoos	-	-	liefgekoos	-	-
liefkry	-	-	liefgekry	-	-
liemaak	-	-	liegemaak	-	-
lig	-	-	-	ligtende	-
ligloop	-	-	liggeloop	-	-
lok	-	-	-	lokkende	-
loodswaai	-	-	loodgeswaai	-	-
loop	-	-	-	lopende	-
losbars	-	-	losgebars	losbarstende	-
losbind	-	-	losgebind	-	-
losbrand	-	-	losgebrand	-	-
losbreek	-	-	losgebreek	-	-
losbulder	-	-	losgebulder	-	-
losdraai	-	-	losgedraai	-	-
losgaan	-	-	losgegaan	losgaande	-
losgespe	-	-	losgegespe	-	-
loshaak	-	-	losgehaak	-	-
loshang	-	-	losgehang	-	-
losknip	-	-	losgeknip	-	-
losknoop	-	-	losgeknoop	-	-
loskom	-	-	losgekom	-	-
loskoop	-	-	losgekoop	-	-
loskoppel	-	-	losgekoppel	-	-
loskry	-	-	losgekry	-	-
loslaat	-	-	losgelaat	-	-
loslieg	-	-	losgelieg	-	-
losloop	-	-	losgeloop	-	-
losmaak	-	-	losgemaak	-	-
lospraat	-	-	losgepraat	-	-
losraak	-	-	losgeraak	-	-
losrafel	-	-	losgerafel	-	-
losruk	-	-	losgeruk	-	-
losryg	-	-	losgeryg	-	-
losskeur	-	-	losgeskeur	-	-
losskroef	-	-	losgeskroef	-	-
losskryf	-	-	losgeskryf	-	-
losskud	-	-	losgeskud	-	-
losslaan	-	-	losgeslaan	-	-
lossny	-	-	losgesny	-	-
losspeel	-	-	losgespeel	-	-
losspeld	-	-	losgespeld	-	-
losspring	-	-	losgespring	-	-
losstaan	-	-	losgestaan	-	-
lossteek	-	-	losgesteek	-	-
losstorm	-	-	losgestorm	-	-
lostorring	-	-	losgetorring	-	-
lostrek	-	-	losgetrek	-	-
loswerk	-	-	losgewerk	-	-
loswikkel	-	-	losgewikkel	-	-
loswoel	-	-	losgewoel	-	-
loswring	-	-	losgewring	-	-
loswurm	-	-	losgewurm	-	-
ly	-	-	-	lydende	-
lyfplankry	-	-	lyfplankgery	-	-
lyngooi	-	-	lyngegooi	-	-
lynslaan	-	-	lyngeslaan	-	-
lynstaan	-	-	lyngestaan	-	-
lê	-	-	-	liggende	-
maak	-	-	-	makende	-
mag	-	mog	-	-	-
makeer	-	-	-	makerende	-
medebepaal	-	-	medebepaal	-	-
medeonderteken	-	-	medeonderteken	-	-
meebring	-	-	meegebring	-	-
meedeel	-	-	meegedeel	-	-
meeding	-	-	meegeding	-	-
meedoen	-	-	meedoende	-	-
meegaan	-	-	meegegaan	-	-
meegee	-	-	meegegee	-	-
meehelp	-	-	meegehelp	-	-
meeklink	-	-	meegeklink	-	-
meekom	-	-	meegekom	-	-
meeleef	-	-	meegeleef	-	-
meelewe	-	-	meegelewe	-	-
meeluister	-	-	meegeluister	-	-
meemaak	-	-	meegemaak	-	-
meeneem	-	-	meegeneem	-	-
meepraat	-	-	meegepraat	-	-
meereis	-	-	meegereis	-	-
meereken	-	-	meegereken	-	-
meesleep	-	-	meegesleep	-	-
meesleur	-	-	meegesleur	-	-
meesmuil	-	-	meegesmuil	-	-
meestry	-	-	meegestry	-	-
meetel	-	-	meegetel	-	-
meetril	-	-	meegetril	-	-
meetroon	-	-	meegetroon	-	-
meeval	-	-	meegeval	-	-
meevoel	-	-	meegevoel	-	-
meevoer	-	-	meegevoer	-	-
meewerk	-	-	meegewerk	-	-
mik	-	-	-	mikkende	-
mikroverfilm	-	-	mikroverfilm	-	-
mis	-	-	-	missende	-
misbruik	-	-	misbruik	-	-
misdoen	-	-	misdoen	-	-
misdra	-	-	misdra	-	-
misdryf	-	-	misdryf	-	-
misdrywe	-	-	misdrywe	-	-
misdui	-	-	misdui	-	-
misgaan	-	-	misgaan	-	-
misgender	-	-	misgender	-	-
misgis	-	-	misgis	misgissend	-
misgooi	-	-	misgegooi	-	-
misgryp	-	-	misgegryp	-	-
misgun	-	-	misgun	-	-
mishaag	-	-	mishaag	-	-
mishae	-	-	mishae	-	-
mishandel	-	-	mishandel	-	-
misinterpreteer	-	-	misinterpreteer	-	-
misken	-	-	misken	miskennende	-
miskoop	-	-	misgekoop	-	-
miskyk	misgekyk	-	-	-	-
mislees	-	-	misgelees	-	-
mislei	-	-	mislei	-	-
misloop	-	-	misgeloop	-	-
misluk	-	-	misluk	-	-
mismaak	-	-	mismaak	-	-
misplaas	-	-	misplaas	-	-
misprys	-	-	misprys	-	-
misreken	-	-	misgereken	-	-
misry	-	-	misgery	-	-
missit	-	-	misgesit	-	-
misskiet	-	-	misgeskiet	-	-
misslaan	-	-	misgeslaan	-	-
mistas	-	-	misgetas	-	-
mistel	-	-	misgetel	-	-
mistrap	-	-	misgetrap	-	-
misvang	-	-	misgevang	-	-
misverstaan	-	-	misverstaan	-	-
misvorm	-	-	misvorm	-	-
moes	-	moes	-	-	-
moet	-	moes	-	-	-
mooimaak	-	-	mooigemaak	-	-
mooipraat	-	-	mooigepraat	-	-
moor	-	-	-	moordende	-
na-aap	-	-	nageaap	-	-
naaldsteek	-	-	naaldgesteek	-	-
naandsê	-	-	naandgesê	-	-
nababbel	-	-	nagebabbel	-	-
nabestel	-	-	nabestel	-	-
nablaf	-	-	nageblaf	-	-
nably	-	-	nagebly	-	-
naboots	-	-	nageboots	-	-
nabrom	-	-	nagebrom	-	-
nabykom	-	-	nabygekom	-	-
nadateer	-	-	nagedateer	-	-
naderhark	-	-	nadergehark	-	-
naderkruip	-	-	nadergekruip	-	-
naderstaan	-	-	nadergestaan	-	-
nadink	-	-	nagedink	-	-
nadoen	-	-	nagedoen	-	-
nadra	-	-	nagedra	-	-
nadraf	-	-	nagedraf	-	-
nadrentel	-	-	nagedrentel	-	-
nadruk	-	-	nagedruk	-	-
naduik	-	-	nageduik	-	-
nafluit	-	-	nagefluit	-	-
nagaan	-	-	nagegaan	-	-
nagalm	-	-	nagegalm	-	-
nagee	-	-	nagegee	-	-
nagloei	-	-	nagegloei	-	-
nagsê	-	-	naggesê	-	-
nahardloop	-	-	nagehardloop	-	-
nahol	-	-	nagehol	-	-
nahou	-	-	nagehou	-	-
naja	-	-	nageja	-	-
najaag	-	-	nagejaag	-	-
najae	-	-	nagejae	-	-
najou	-	-	nagejou	-	-
naklink	-	-	nageklink	-	-
nakom	-	-	nagekom	-	-
nakruip	-	-	nagekruip	-	-
nakyk	-	-	nagekyk	-	-
nalaat	-	-	nagelaat	-	-
naleef	-	-	nageleef	-	-
nalees	-	-	nagelees	-	-
nalewe	-	-	nagelewe	-	-
naloer	-	-	nageloer	-	-
naloop	-	-	nageloop	-	-
namaak	-	-	nagemaak	-	-
nameet	-	-	nagemeet	-	-
naoog	-	-	nageoog	-	-
napeins	-	-	nagepeins	-	-
napluis	-	-	nagepluis	-	-
napraat	-	-	nagepraat	-	-
nareken	-	-	nagereken	-	-
naroep	-	-	nageroep	-	-
naruk	-	-	nageruk	-	-
naseil	-	-	nageseil	-	-
nasend	-	-	nagesend	-	-
nasien	-	-	nagesien	-	-
nasing	-	-	nagesing	-	-
nasit	-	-	nagesit	-	-
naskets	-	-	nageskets	-	-
naskilder	-	-	nageskilder	-	-
naskreeu	-	-	nageskreeu	-	-
naskryf	-	-	nageskryf	-	-
naskrywe	-	-	nageskrywe	-	-
naslaan	-	-	nageslaan	-	-
naslenter	-	-	nageslenter	-	-
naspeel	-	-	nagespeel	-	-
naspeur	-	-	nagespeur	-	-
naspoor	-	-	nagespoor	-	-
nastaar	-	-	nagestaar	-	-
nastamel	-	-	nagestamel	-	-
nastreef	-	-	nagestreef	-	-
nastrewe	-	-	nagestrewe	-	-
nastuur	-	-	nagestuur	-	-
nasukkel	-	-	nagesukkel	-	-
nasyfer	-	-	nagesyfer	-	-
nasê	-	-	nagesê	-	-
nateken	-	-	nageteken	-	-
natgooi	-	-	natgegooi	-	-
natlei	-	-	natgelei	-	-
natmaak	-	-	natgemaak	-	-
natou	-	-	nagetou	-	-
natreent	-	-	natgereent	-	-
natrek	-	-	natgerek	-	-
natreën	-	-	natgereën	-	-
natspat	-	-	natgespat	-	-
natspuit	-	-	natgespuit	-	-
navertel	-	-	navertel	-	-
navolg	-	-	nagevolg	-	-
navors	-	-	nagevors	-	-
navra	-	-	nagevra	-	-
nawerk	-	-	nagewerk	-	-
nawys	-	-	nagewys	-	-
nayk	-	-	nageyk	-	-
nayl	-	-	nageyl	-	-
neerbuie	-	-	neergebuie	-	-
neerbuig	-	-	neergebuig	-	-
neerbuk	-	-	neergebuk	-	-
neerdaal	-	-	neergedaal	neerdalende	-
neerdonder	-	-	neergedonder	-	-
neerdruk	-	-	neergedruk	-	-
neergooi	-	-	neergegooi	-	-
neerhaal	-	-	neergehaal	-	-
neerhang	-	-	neergehang	-	-
neerhurk	-	-	neergehurk	-	-
neerkap	-	-	neergekap	-	-
neerkniel	-	-	neergekniel	-	-
neerkom	-	-	neergekom	-	-
neerkyk	-	-	neergekyk	-	-
neerlaat	-	-	neergelaat	-	-
neerlê	-	-	neergelê	-	-
neerpen	-	-	neergepen	-	-
neerplaas	-	-	neergeplaas	-	-
neerplak	neergeplak	-	-	-	-
neerplof	-	-	neergeplof	-	-
neerreën	-	-	neergereën	-	-
neersak	-	-	neergesak	-	-
neersien	-	-	neergesien	-	-
neersink	-	-	neergesink	-	-
neersit	-	-	neergesit	-	-
neerskiet	-	-	neergeskiet	-	-
neerskryf	-	-	neergeskryf	-	-
neerskrywe	-	-	neergeskrywe	-	-
neerslaan	-	-	neergeslaan	-	-
neerslet	-	-	neergeslet	-	-
neersmyt	-	-	neergesmyt	-	-
neerstoot	-	-	neergestoot	-	-
neerstort	-	-	neergestort	-	-
neerstraal	-	-	neergestraal	-	-
neerstryk	-	-	neergestryk	-	-
neerswiep	-	-	neergeswiep	-	-
neersyg	-	-	neergesyg	-	-
neertrek	-	-	neergetrek	-	-
neertuimel	-	-	neergetuimel	-	-
neerval	-	-	neergeval	-	-
neervel	-	-	neergevel	-	-
neervly	-	-	neergevly	-	-
neerwerp	-	-	neergewerp	-	-
nes	-	-	-	nestende	-
nesmaak	-	-	nesgemaak	-	-
nesskop	-	-	nesgeskop	-	-
omarm	-	-	omarm	-	-
ombabbel	-	-	omgebabbel	-	-
ombind	-	-	omgebind	-	-
omblaai	-	-	omgeblaai	-	-
omblaas	-	-	omgeblaas	-	-
omboor	-	-	omgeboor	-	-
ombou	-	-	omgebou	-	-
ombring	-	-	omgebring	-	-
ombuie	-	-	omgebuie	-	-
ombuig	-	-	omgebuig	-	-
omdans	-	-	omgedans	-	-
omdoen	-	-	omgedoen	-	-
omdolwe	-	-	omgedolwe	-	-
omdop	-	-	omgedop	-	-
omdra	-	-	omgedra	-	-
omdraai	-	-	omgedraai	-	-
omdrentel	-	-	omgedrentel	-	-
omfloers	-	-	omfloers	-	-
omgaan	-	-	omgegaan	-	-
omgedol	-	-	omgedol	-	-
omgedolf	-	-	omgedolf	-	-
omgee	-	-	omgegee	-	-
omgeef	-	-	omgeef	-	-
omgewe	-	-	omgewe	-	-
omgooi	-	-	omgegooi	-	-
omgord	-	-	omgord	-	-
omgrens	-	-	omgrens	-	-
omhaal	-	-	omgehaal	-	-
omhang	-	-	omgehang	-	-
omhein	-	-	omhein	-	-
omhels	-	-	omhels	-	-
omhou	-	-	omgehou	-	-
omhul	-	-	omhul	-	-
omkantel	-	-	omgekantel	-	-
omkap	-	-	omgekap	-	-
omkeer	-	-	omgekeer	-	-
omklee	-	-	omgeklee	-	-
omkleed	-	-	omgekleed	-	-
omklem	-	-	omklem	-	-
omklink	-	-	omgeklink	-	-
omknel	-	-	omgeknel	-	-
omkom	-	-	omgekom	-	-
omkonkel	-	-	omgekonkel	-	-
omkoop	-	-	omgekoop	-	-
omkors	-	-	omkors	-	-
omkraal	-	-	omkraal	-	-
omkrans	-	-	omkrans	-	-
omkrap	-	-	omgekrap	-	-
omkring	-	-	omkring	-	-
omkristalliseer	-	-	omgekristalliseer	-	-
omkruip	-	-	omgekruip	-	-
omkrul	-	-	omgekrul	-	-
omkry	-	-	omgekry	-	-
omkuier	-	-	omgekuier	-	-
omkyk	-	-	omgekyk	-	-
omlei	-	-	omgelei	-	-
omloop	-	-	omgeloop	-	-
omlyn	-	-	omlyn	-	-
omlys	-	-	omlys	-	-
omlê	-	-	omgelê	-	-
ommuur	-	-	ommuur	-	-
omploeg	-	-	omgeploeg	-	-
omploeë	-	-	omgeploeë	-	-
ompraat	-	-	omgepraat	-	-
omraam	-	-	omraam	-	-
omrand	-	-	omrand	-	-
omraster	-	-	omraster	-	-
omreken	-	-	omgereken	-	-
omring	-	-	omring	-	-
omroer	-	-	omgeroer	-	-
omrol	-	-	omgerol	-	-
omruil	-	-	omgeruil	-	-
omruk	-	-	omgeruk	-	-
omry	-	-	omgery	-	-
omseil	-	-	omgeseil	-	-
omset	-	-	omgeset	-	-
omsien	-	-	omgesien	-	-
omsingel	-	-	omsingel	-	-
omsit	-	-	omgesit	-	-
omskakel	-	-	omgeskakel	-	-
omskans	-	-	omskans	-	-
omskep	-	-	omgeskep	-	-
omskiet	-	-	omgeskiet	-	-
omskik	-	-	omgeskik	-	-
omskommel	-	-	omgeskommel	-	-
omskop	-	-	omgeskop	-	-
omskryf	-	-	omskryf	-	-
omskrywe	-	-	omskrywe	-	-
omskuif	-	-	omgeskuif	-	-
omsleep	-	-	omgesleep	-	-
omslinger	-	-	omgeslinger	-	-
omsluier	-	-	omsluier	-	-
omsluit	-	-	omsluit	-	-
omsmyt	-	-	omgesmyt	-	-
omsnel	-	-	omgesnel	-	-
omsoom	-	-	omgesoom	-	-
omspan	-	-	omgespan	-	-
omspit	-	-	omgespit	-	-
omspoel	-	-	omgespoel	-	-
omspring	-	-	omgespring	-	-
omstaan	-	-	omgestaan	-	-
omstamp	-	-	omgestamp	-	-
omstel	-	-	omgestel	-	-
omstik	-	-	omgestik	-	-
omstoot	-	-	omgestoot	-	-
omstraal	-	-	omstraal	-	-
omstrengel	-	-	omstrengel	-	-
omstuur	-	-	omgestuur	-	-
omsukkel	-	-	omgesukkel	-	-
omswaai	-	-	omgeswaai	-	-
omswagtel	-	-	omswagtel	-	-
omswerf	-	-	omgeswerf	-	-
omswerwe	-	-	omgeswerwe	-	-
omswoeg	-	-	omgeswoeg	-	-
omtower	-	-	omgetower	-	-
omtrap	-	-	omgetrap	-	-
omtrek	-	-	omgetrek	-	-
omtuimel	-	-	omgetuimel	-	-
omvaar	-	-	omgevaar	-	-
omval	-	-	omgeval	-	-
omvang	-	-	omvang	-	-
omvat	-	-	omgevat	-	-
omvergooi	-	-	omvergegooi	-	-
omverhaal	-	-	omvergehaal	-	-
omverloop	-	-	omvergeloop	-	-
omverry	-	-	omvergery	-	-
omverstoot	-	-	omvergestoot	-	-
omverwerp	-	-	omvergewerp	-	-
omvleg	-	-	omgevleg	-	-
omvleuel	-	-	omvleuel	-	-
omvlie	-	-	omgevlie	-	-
omvlieg	-	-	omgevlieg	-	-
omvorm	-	-	omgevorm	-	-
omvou	-	-	omgevou	-	-
omvroetel	-	-	omgevroetel	-	-
omvêrgooi	-	-	omvêrgegooi	-	-
omvêrhaal	-	-	omvêrgehaal	-	-
omvêrloop	-	-	omvêrgeloop	-	-
omvêrry	-	-	omvêrgery	-	-
omvêrstoot	-	-	omvêrgestoot	-	-
omvêrwerp	-	-	omvêrgewerp	-	-
omwaai	-	-	omgewaai	-	-
omwal	-	-	omwal	-	-
omwandel	-	-	omgewandel	-	-
omwend	-	-	omgewend	-	-
omwentel	-	-	omgewentel	-	-
omwerk	-	-	omgewerk	-	-
omwikkel	-	-	omgewikkel	-	-
omwimpel	-	-	omwimpel	-	-
omwind	-	-	omgewind	-	-
omwip	-	-	omgewip	-	-
omwissel	-	-	omgewissel	-	-
omwoel	-	-	omgewoel	-	-
onderbefonds	-	-	onderbefonds	-	-
onderbeklemtoon	-	-	onderbeklemtoon	-	-
onderbelig	-	-	onderbelig	-	-
onderbetaal	-	-	onderbetaal	-	-
onderbie	-	-	onderbie	-	-
onderbied	-	-	onderbied	-	-
onderbieë	-	-	onderbieë	-	-
onderbreek	-	-	onderbreek	-	-
onderbring	-	-	ondergebring	-	-
onderdeurloop	-	-	onderdeurgeloop	-	-
onderdeurspring	-	-	onderdeurgespring	-	-
onderdoen	-	-	ondergedoen	-	-
onderdompel	-	-	ondergedompel	-	-
onderdruk	-	-	onderdruk	onderdrukkende	-
onderduik	-	-	ondergeduik	-	-
ondergaan	-	-	ondergaan	ondergaande	-
ondergooi	-	-	ondergegooi	-	-
ondergraaf	-	-	ondergraaf	-	-
ondergrawe	-	-	ondergrawe	-	-
onderhandel	-	-	onderhandel	-	-
onderhou	-	-	ondergehou	-	-
onderhuur	-	-	ondergehuur	-	-
onderken	-	-	onderken	-	-
onderkruip	-	-	onderkruip	-	-
onderkry	-	-	ondergekry	-	-
onderloop	-	-	ondergeloop	-	-
onderlyn	-	-	onderlyn	-	-
onderlê	-	-	onderlê	-	-
ondermyn	-	-	ondermyn	-	-
onderneem	-	-	onderneem	-	-
onderploe	-	-	ondergeploe	-	-
onderploeg	-	-	ondergeploeg	-	-
onderploeë	-	-	ondergeploeë	-	-
onderpresteer	-	-	onderpresteer	-	-
onderrig	-	-	onderrig	-	-
ondersit	-	-	ondergesit	-	-
onderskat	-	-	onderskat	-	-
onderskei	-	-	onderskei	-	-
onderskep	-	-	onderskep	-	-
onderskraag	-	-	onderskraag	-	-
onderskryf	-	-	onderskryf	-	-
onderskrywe	-	-	onderskrywe	-	-
onderskuif	-	-	onderskuif	-	-
onderskuiwe	-	-	onderskuiwe	-	-
ondersoek	-	-	ondersoek	-	-
onderspan	-	-	onderspan	-	-
onderspeel	-	-	onderspeel	-	-
onderspit	-	-	ondergespit	-	-
onderstebotrek	-	-	onderstebogetrek	-	-
onderstel	-	-	onderstel	-	-
ondersteun	-	-	ondersteun	-	-
onderstreep	-	-	onderstreep	-	-
onderstut	-	-	onderstut	-	-
onderteken	-	-	onderteken	-	-
ondertrou	-	-	ondertrou	-	-
ondervang	-	-	ondervang	-	-
onderverdeel	-	-	onderverdeel	-	-
onderverhuur	-	-	onderverhuur	-	-
onderverseker	-	-	onderverseker	-	-
ondervind	-	-	ondervind	-	-
ondervoed	-	-	ondervoed	-	-
ondervra	-	-	ondervra	-	-
onderwaardeer	-	-	ondergewaardeer	-	-
onderwerp	-	-	onderwerp	-	-
onderwys	-	-	onderwys	-	-
ontaard	-	-	ontaard	-	-
ontban	-	-	ontban	-	-
ontbas	-	-	ontbas	-	-
ontbeen	-	-	ontbeen	-	-
ontbeer	-	-	ontbeer	-	-
ontbied	-	-	ontbied	-	-
ontbind	-	-	ontbind	-	-
ontblaar	-	-	ontblaar	-	-
ontbloot	-	-	ontbloot	-	-
ontboesem	-	-	ontboesem	-	-
ontbondel	-	-	ontbondel	-	-
ontbos	-	-	ontbos	-	-
ontbrand	-	-	ontbrand	-	-
ontbreek	-	-	ontbreek	-	-
ontbyt	-	-	ontbyt	-	-
ontchristelik	-	-	ontchristelik	-	-
ontdek	-	-	ontdek	-	-
ontdoen	-	-	ontdoen	-	-
ontdok	-	-	ontdok	-	-
ontdooi	-	-	ontdooi	-	-
ontdraad	-	-	ontdraad	-	-
ontduik	-	-	ontduik	-	-
onteer	-	-	onteer	-	-
onteien	-	-	onteien	-	-
onterf	-	-	onterf	-	-
onterwe	-	-	onterwe	-	-
ontferm	-	-	ontferm	-	-
ontfout	-	-	ontfout	-	-
ontfutsel	-	-	ontfutsel	-	-
ontgaan	-	-	ontgaan	-	-
ontgas	-	-	ontgas	-	-
ontgeld	-	-	ontgeld	-	-
ontgin	-	-	ontgin	-	-
ontglaas	-	-	ontglaas	-	-
ontglip	-	-	ontglip	-	-
ontgloei	-	-	ontgloei	-	-
ontgoddelik	-	-	ontgoddelik	-	-
ontgogel	-	-	ontgogel	-	-
ontgoël	-	-	ontgoëlde	-	-
ontgraat	-	-	ontgraat	-	-
ontgrendel	-	-	ontgrendel	-	-
ontgroei	-	-	ontgroei	-	-
ontgroen	-	-	ontgroen	-	-
onthaal	-	-	onthaal	-	-
onthaar	-	-	onthaar	-	-
onthals	-	-	onthals	-	-
onthef	-	-	onthef	-	-
ontheilig	-	-	ontheilig	-	-
onthoof	-	-	onthoof	-	-
onthoring	-	-	onthoring	-	-
onthou	-	-	onthou	onthoudende	-
onthul	-	-	onthul	-	-
onthuts	-	-	onthuts	-	-
ontkalk	-	-	ontkalk	-	-
ontken	-	-	ontken	-	-
ontkern	-	-	ontkern	-	-
ontkersten	-	-	ontkersten	-	-
ontketen	-	-	ontketen	-	-
ontkiem	-	-	ontkiem	-	-
ontkieser	-	-	ontkieser	-	-
ontklee	-	-	ontklee	-	-
ontkleed	-	-	ontkleed	-	-
ontkleur	-	-	ontkleur	-	-
ontknoop	-	-	ontknoop	-	-
ontkom	-	-	ontkom	-	-
ontkool	-	-	ontkool	-	-
ontkoppel	-	-	ontkoppel	-	-
ontkors	-	-	ontkors	-	-
ontkroon	-	-	ontkroon	-	-
ontkurk	-	-	ontkurk	-	-
ontlaai	-	-	ontlaai	-	-
ontlaer	-	-	ontlaer	-	-
ontlas	-	-	ontlas	-	-
ontleed	-	-	ontleed	-	-
ontleen	-	-	ontleen	-	-
ontliggaam	-	-	ontliggaam	-	-
ontlok	-	-	ontlok	-	-
ontlont	-	-	ontlont	-	-
ontloop	-	-	ontloop	-	-
ontluik	-	-	ontluik	-	-
ontluis	-	-	ontluis	-	-
ontluister	-	-	ontluister	-	-
ontmaag	-	-	ontmaag	-	-
ontmaagd	-	-	ontmaagd	-	-
ontmagnetiseer	-	-	ontmagnetiseer	-	-
ontman	-	-	ontman	-	-
ontmantel	-	-	ontmantel	-	-
ontmasker	-	-	ontmasker	-	-
ontmeng	-	-	ontmeng	-	-
ontmens	-	-	ontmens	-	-
ontmenslik	-	-	ontmenslik	-	-
ontmoedig	-	-	ontmoedig	-	-
ontmoet	-	-	ontmoet	-	-
ontmunt	-	-	ontmunt	-	-
ontneem	-	-	ontneem	-	-
ontnugter	-	-	ontnugter	-	-
ontpers	-	-	ontpers	-	-
ontpit	-	-	ontpit	-	-
ontplof	-	-	ontplof	-	-
ontplooi	-	-	ontplooi	-	-
ontpluim	-	-	ontpluim	-	-
ontpop	-	-	ontpop	-	-
ontraai	-	-	ontraai	-	-
ontrafel	-	-	ontrafel	-	-
ontreinig	-	-	ontreinig	-	-
ontrief	-	-	ontrief	-	-
ontriewe	-	-	ontriewe	-	-
ontrimpel	-	-	ontrimpel	-	-
ontroer	-	-	ontroer	-	-
ontrol	-	-	ontrol	-	-
ontrond	-	-	ontrond	-	-
ontroof	-	-	ontroof	-	-
ontruim	-	-	ontruim	-	-
ontruk	-	-	ontruk	-	-
ontsenu	-	-	ontsenu	-	-
ontset	-	-	ontset	-	-
ontsetel	-	-	ontsetel	-	-
ontsien	-	-	ontsien	-	-
ontsier	-	-	ontsier	-	-
ontsilwer	-	-	ontsilwer	-	-
ontsink	-	-	ontsink	-	-
ontskeep	-	-	ontskeep	-	-
ontskiet	-	-	ontskiet	-	-
ontslaan	-	-	ontslaan	-	-
ontslaap	-	-	ontslaap	-	-
ontsluier	-	-	ontsluier	-	-
ontsluit	-	-	ontsluit	-	-
ontsmet	-	-	ontsmet	-	-
ontsnap	-	-	ontsnap	-	-
ontsout	-	-	ontsout	-	-
ontspan	-	-	ontspan	-	-
ontspoor	-	-	ontspoor	-	-
ontspring	-	-	ontspring	-	-
ontspruit	-	-	ontspruit	-	-
ontstaan	-	-	ontstaan	-	-
ontstam	-	-	ontstam	-	-
ontstank	-	-	ontstank	-	-
ontsteek	-	-	ontsteek	-	-
ontstel	-	-	ontstel	-	-
ontstem	-	-	ontstem	-	-
ontstig	-	-	ontstig	-	-
ontsuur	-	-	ontsuur	-	-
ontswael	-	-	ontswael	-	-
ontswawel	-	-	ontswawel	-	-
ontsyfer	-	-	ontsyfer	-	-
ontsê	-	-	ontsê	-	-
onttakel	-	-	onttakel	-	-
onttrek	-	-	onttrek	-	-
onttroon	-	-	onttroon	-	-
ontval	-	-	ontval	-	-
ontvang	-	-	ontvang	-	-
ontveer	-	-	ontveer	-	-
ontveins	-	-	ontveins	-	-
ontvel	-	-	ontvel	-	-
ontvesel	-	-	ontvesel	-	-
ontvet	-	-	ontvet	-	-
ontvlam	-	-	ontvlam	-	-
ontvlees	-	-	ontvlees	-	-
ontvlek	-	-	ontvlek	-	-
ontvlug	-	-	ontvlug	-	-
ontvoer	-	-	ontvoer	-	-
ontvogtig	-	-	ontvogtig	-	-
ontvolg	-	-	ontvolg	-	-
ontvolk	-	-	ontvolk	-	-
ontvonk	-	-	ontvonk	-	-
ontvoog	-	-	ontvoog	-	-
ontvorm	-	-	ontvorm	-	-
ontvou	-	-	ontvou	-	-
ontvreem	-	-	ontvreem	-	-
ontvreemd	-	-	ontvreemd	-	-
ontvriend	-	-	ontvriend	-	-
ontvries	-	-	ontvries	-	-
ontwaak	-	-	ontwaak	-	-
ontwaar	-	-	ontwaar	-	-
ontwapen	-	-	ontwapen	-	-
ontwar	-	-	ontwar	-	-
ontwasem	-	-	ontwasem	-	-
ontwater	-	-	ontwater	-	-
ontwei	-	-	ontwei	-	-
ontwen	-	-	ontwen	-	-
ontwerp	-	-	ontwerp	-	-
ontwikkel	-	-	ontwikkel	-	-
ontwoeker	-	-	ontwoeker	-	-
ontworstel	-	-	ontworstel	-	-
ontwortel	-	-	ontwortel	-	-
ontwrig	-	-	ontwrig	-	-
ontwy	-	-	ontwy	-	-
ontwyk	-	-	ontwyk	-	-
ontys	-	-	ontys	-	-
oondbak	-	-	oondgebak	-	-
oondbraai	-	-	oondgebraai	-	-
oopbars	-	-	oopgebars	-	-
oopblaas	-	-	oopgeblaas	-	-
oopbreek	-	-	oopgebreek	-	-
oopdraai	-	-	oopgedraai	-	-
oopdruk	-	-	oopgedruk	-	-
oopforseer	-	-	oopgeforseer	-	-
oopgaan	-	-	oopgegaan	oopgaande	-
oopgooi	-	-	oopgegooi	-	-
oopgrawe	-	-	oopgegrawe	-	-
oophang	-	-	oopgehang	-	-
oophou	-	-	oopgehou	-	-
oopkap	-	-	oopgekap	-	-
oopkloof	-	-	oopgekloof	-	-
oopknoop	-	-	oopgeknoop	-	-
oopkrap	-	-	oopgekrap	-	-
oopkry	-	-	oopgekry	-	-
ooplaat	-	-	oopgelaat	-	-
ooplê	-	-	oopgelê	-	-
oopmaak	-	-	oopgemaak	-	-
ooprek	-	-	oopgerek	-	-
ooprol	-	-	oopgerol	-	-
oopruk	-	-	oopgeruk	-	-
oopsit	-	-	oopgesit	-	-
oopskarnier	-	-	oopgeskarnier	-	-
oopskeur	-	-	oopgeskeur	-	-
oopskryf	-	-	oopgeskryf	-	-
oopskrywe	-	-	oopgeskrywe	-	-
oopskuif	-	-	oopgeskuif	-	-
oopslaan	-	-	oopgeslaan	-	-
oopsluit	-	-	oopgesluit	-	-
oopsny	-	-	oopgesny	-	-
oopspalk	-	-	oopgespalk	-	-
oopspan	-	-	oopgespan	-	-
oopsper	-	-	oopgesper	-	-
oopsplits	-	-	oopgesplits	-	-
oopsprei	-	-	oopgesprei	-	-
oopspring	-	-	oopgespring	-	-
oopstaan	-	-	oopgestaan	-	-
oopstamp	-	-	oopgestamp	-	-
oopsteek	-	-	oopgesteek	-	-
oopstel	-	-	oopgestel	-	-
oopswaai	-	-	oopgeswaai	-	-
ooptrap	-	-	oopgetrap	-	-
ooptrek	-	-	oopgetrek	-	-
oopval	-	-	oopgeval	-	-
oopveg	-	-	oopgeveg	-	-
oopvlek	-	-	oopgevlek	-	-
oopvou	-	-	oopgevou	-	-
oopwerk	-	-	oopgewerk	-	-
oorbak	-	-	oorgebak	-	-
oorbeklemtoon	-	-	oorbeklemtoon	-	-
oorbetaal	-	-	oorbetaal	-	-
oorbewei	-	-	oorbewei	-	-
oorblaas	-	-	oorgeblaas	-	-
oorbluf	-	-	oorbluf	-	-
oorbly	-	-	oorgebly	oorblywende	-
oorborrel	-	-	oorgeborrel	-	-
oorbou	-	-	oorgebou	-	-
oorbrief	-	-	oorgebrief	-	-
oorbring	-	-	oorgebring	-	-
oorbrug	-	-	oorbrug	-	-
oordek	-	-	oordek	-	-
oordink	-	-	oordink	-	-
oordoen	-	-	oordoen	-	-
oordonder	-	-	oordonder	-	-
oordra	-	-	oorgedra	-	-
oordruk	-	-	oorgedruk	-	-
oordryf	-	-	oordryf	-	-
oordrywe	-	-	oordrywe	-	-
ooreenbring	-	-	ooreengebring	-	-
ooreenkom	-	-	ooreengekom	-	-
ooreenslaan	-	-	ooreengeslaan	-	-
ooreenstem	-	-	ooreengestem	-	-
ooreenval	-	-	ooreengeval	-	-
ooreet	-	-	ooreet	-	-
ooreis	-	-	ooreis	-	-
oorerf	-	-	oorgeërf	-	-
oorerwe	-	-	oorgeërwe	-	-
oorgaan	-	-	oorgegaan	-	-
oorgee	-	-	oorgegee	-	-
oorgeprikkel	-	-	oorgeprikkel	-	-
oorgiet	-	-	oorgegiet	-	-
oorgooi	-	-	oorgegooi	-	-
oorgroei	-	-	oorgegroei	-	-
oorhaal	-	-	oorgehaal	-	-
oorhaas	-	-	oorhaas	-	-
oorhandig	-	-	oorhandig	-	-
oorhang	-	-	oorgehang	-	-
oorhardloop	-	-	oorgehardloop	-	-
oorheers	-	-	oorheers	-	-
oorhel	-	-	oorgehel	-	-
oorhelp	-	-	oorgehelp	-	-
oorhewel	-	-	oorgehewel	-	-
oorhou	-	-	oorgehou	-	-
oorhê	oorhet	-	oorgehad	-	-
oorja	-	-	oorgeja	-	-
oorjaag	-	-	oorgejaag	-	-
oorjae	-	-	oorgejae	-	-
oorkapitaliseer	-	-	oorgekapitaliseer	-	-
oorklank	-	-	oorgeklank	-	-
oorklim	-	-	oorgeklim	-	-
oorkoepel	-	-	oorkoepel	-	-
oorkom	-	-	oorgekom	-	-
oorkook	-	-	oorgekook	-	-
oorkors	-	-	oorkors	-	-
oorkruip	-	-	oorgekruip	-	-
oorkry	-	-	oorgekry	-	-
oorkyk	-	-	oorgekyk	-	-
oorlaai	-	-	oorgelaai	-	-
oorlaat	-	-	oorgelaat	-	-
oorlap	-	-	oorgelap	-	-
oorleef	-	-	oorleef	oorlewende	-
oorleer	-	-	oorgeleer	-	-
oorlees	-	-	oorgelees	-	-
oorleun	-	-	oorgeleun	-	-
oorlewe	-	-	oorgelewe	-	-
oorlewer	-	-	oorgelewer	-	-
oorloop	-	-	oorgeloop	-	-
oorly	-	-	oorly	oorlydende	-
oorlê	-	-	oorgelê	-	-
oormaak	-	-	oorgemaak	-	-
oorman	-	-	oorman	-	-
oormeester	-	-	oormeester	-	-
oormeet	-	-	oorgemeet	-	-
oormekaarlas	-	-	oormekaargelas	-	-
oormekaarslaan	-	-	oormekaargeslaan	-	-
oormekaarval	-	-	oormekaargeval	-	-
oornaai	-	-	oorgenaai	-	-
oornag	-	-	oornag	-	-
oorneem	-	-	oorgeneem	-	-
oornommer	-	-	oorgenommer	-	-
oornooi	-	-	oorgenooi	-	-
oorontgin	-	-	oorontgin	-	-
oorpak	-	-	oorgepak	-	-
oorpeins	-	-	oorpeins	-	-
oorplaas	-	-	oorgeplaas	-	-
oorplak	-	-	oorgeplak	-	-
oorplant	-	-	oorgeplant	-	-
oorploeg	-	-	oorgeploeg	-	-
oorploeë	-	-	oorgeploeë	-	-
oorpomp	-	-	oorgepomp	-	-
oorpresteer	-	-	oorpresteer	-	-
oorproduseer	-	-	oorproduseer	-	-
oorreageer	-	-	oorgereageer	-	-
oorreed	-	-	oorreed	-	-
oorreik	-	-	oorreik	-	-
oorroei	-	-	oorgeroei	-	-
oorrompel	-	-	oorrompel	-	-
oorry	-	-	oorgery	-	-
oorseil	-	-	oorgeseil	-	-
oorsein	-	-	oorgesein	-	-
oorsend	-	-	oorgesend	-	-
oorsien	-	-	oorgesien	-	-
oorsit	-	-	oorgesit	-	-
oorskadu	-	-	oorskadu	-	-
oorskakel	-	-	oorgeskakel	-	-
oorskat	-	-	oorskat	-	-
oorskeep	-	-	oorgeskeep	-	-
oorskep	-	-	oorgeskep	-	-
oorskiet	-	-	oorgeskiet	-	-
oorskilder	-	-	oorgeskilder	-	-
oorskink	-	-	oorgeskink	-	-
oorskop	-	-	oorgeskop	-	-
oorskreeu	-	-	oorskreeu	-	-
oorskry	-	-	oorskry	-	-
oorskryf	-	-	oorgeskryf	-	-
oorskrywe	-	-	oorgeskrywe	-	-
oorskuif	-	-	oorgeskuif	-	-
oorslaan	-	-	oorgeslaan	oorslaande	-
oorslaap	-	-	oorgeslaap	-	-
oorsleep	-	-	oorgesleep	-	-
oorsmeer	-	-	oorgesmeer	-	-
oorsmelt	-	-	oorgesmelt	-	-
oorsmyt	-	-	oorgesmyt	-	-
oorsomer	-	-	oorsomer	-	-
oorspan	-	-	oorgespan	-	-
oorspeel	-	-	oorgespeel	-	-
oorspoel	-	-	oorgespoel	-	-
oorspring	-	-	oorgespring	-	-
oorspuit	-	-	oorgespuit	-	-
oorstaan	-	-	oorgestaan	-	-
oorstap	-	-	oorgestap	-	-
oorsteek	-	-	oorgesteek	-	-
oorstelp	-	-	oorstelp	-	-
oorstem	-	-	oorgestem	-	-
oorstimuleer	-	-	oorgestimuleer	-	-
oorstoot	-	-	oorgestoot	-	-
oorstroom	-	-	oorgestroom	-	-
oorstuur	-	-	oorgestuur	-	-
oorsuiker	-	-	oorgesuiker	-	-
oorswem	-	-	oorgeswem	-	-
oorsê	-	-	oorgesê	-	-
oortap	-	-	oorgetap	-	-
oorteken	-	-	oorgeteken	-	-
oortel	-	-	oorgetel	-	-
oortree	-	-	oortree	-	-
oortref	-	-	oortref	-	-
oortrek	-	-	oorgetrek	-	-
oortroef	-	-	oortroef	-	-
oortroewe	-	-	oortroewe	-	-
oortuie	-	-	oortuie	-	-
oortuig	-	-	oortuig	-	-
oorvaar	-	-	oorgevaar	-	-
oorval	-	-	oorval	-	-
oorverf	-	-	oorgeverf	-	-
oorverhit	-	-	oorverhit	-	-
oorvertel	-	-	oorvertel	-	-
oorverwe	-	-	oorgeverwe	-	-
oorvleuel	-	-	oorvleuel	-	-
oorvlieg	-	-	oorgevlieg	-	-
oorvloei	-	-	oorgevloei	-	-
oorvoed	-	-	oorvoed	-	-
oorvoer	-	-	oorvoer	-	-
oorvolteken	-	-	oorvolteken	-	-
oorvra	-	-	oorgevra	-	-
oorwaai	-	-	oorgewaai	-	-
oorwas	-	-	oorgewas	-	-
oorweeg	-	-	oorgeweeg	-	-
oorweldig	-	-	oorweldig	-	-
oorwelf	-	-	oorwelf	-	-
oorwelwe	-	-	oorwelwe	-	-
oorwen	-	-	oorwen	-	-
oorwerk	-	-	oorwerk	-	-
oorwin	-	-	oorwin	-	-
oorwinter	-	-	oorwinter	-	-
oorwip	-	-	oorgewip	-	-
oorwoeker	-	-	oorwoeker	-	-
oorwuif	-	-	oorgewuif	-	-
ooryk	-	-	oorgeyk	-	-
ooryl	-	-	ooryl	-	-
opbel	-	-	opgebel	-	-
opberg	-	-	opgeberg	-	-
opbetaal	-	-	opbetaal	-	-
opbeur	-	-	opgebeur	-	-
opbeweeg	-	-	opbeweeg	-	-
opblaas	-	-	opgeblaas	-	-
opbliksem	-	-	opgebliksem	-	-
opbloei	-	-	opgebloei	-	-
opbogger	-	-	opgebogger	-	-
opbondel	-	-	opgebondel	-	-
opborrel	-	-	opgeborrel	-	-
opbou	-	-	opgebou	-	-
opbreek	-	-	opgebreek	-	-
opbring	-	-	opgebring	-	-
opbruis	-	-	opgebruis	-	-
opbêre	-	-	opgebêre	-	-
opdaag	-	-	opgedaag	opdaende	-
opdam	-	-	opgedam	-	-
opdateer	-	-	opgedateer	-	-
opdelf	-	-	opgedelf	-	-
opdelwe	-	-	opgedelwe	-	-
opdien	-	-	opgedien	-	-
opdiep	-	-	opgediep	-	-
opdis	-	-	opgedis	-	-
opdoem	-	-	opgedoem	-	-
opdoen	-	-	opgedoen	-	-
opdok	-	-	opgedok	-	-
opdollie	-	-	opgedollie	-	-
opdomkrag	-	-	opgedomkrag	-	-
opdonder	-	-	opgedonder	-	-
opdons	-	-	opgedons	-	-
opdra	-	-	opgedra	-	-
opdraai	-	-	opgedraai	-	-
opdreun	-	-	opgedreun	-	-
opdring	-	-	opgedring	-	-
opdroog	-	-	opgedroog	-	-
opdroë	-	-	opgedroë	-	-
opdruk	-	-	opgedruk	-	-
opdryf	-	-	opgedryf	-	-
opdrywe	-	-	opgedrywe	-	-
opduik	-	-	opgeduik	-	-
opdweil	-	-	opgedweil	-	-
opdwing	-	-	opgedwing	-	-
opeendring	-	-	opeengedring	-	-
opeendryf	-	-	opeengedryf	-	-
opeendrywe	-	-	opeengedrywe	-	-
opeenhoop	-	-	opeengehoop	-	-
opeenja	-	-	opeengeja	-	-
opeenjaag	-	-	opeengejaag	-	-
opeenjae	-	-	opeengejae	-	-
opeenpak	-	-	opeengepak	-	-
opeenplak	-	-	opeengeplak	-	-
opeenskuif	-	-	opeengeskuif	-	-
opeenskuiwe	-	-	opeengeskuiwe	-	-
opeenvolg	-	-	opeengevolg	-	-
opeet	-	-	opgeëet	opetende	-
operd	-	-	opgeërd	-	-
opfeil	-	-	opgefeil	-	-
opfleur	-	-	opgefleur	-	-
opflikker	-	-	opgeflikker	-	-
opfoes	-	-	opgefoes	-	-
opfoeter	-	-	opgefoeter	-	-
opfok	-	-	opgefok	-	-
opfris	-	-	opgefris	-	-
opfrommel	-	-	opgefrommel	-	-
opgaan	-	-	opgegaan	opgaande	-
opgaar	-	-	opgegaar	-	-
opgebruik	-	-	opgebruik	-	-
opgee	-	-	opgegee	-	-
opgekweek	-	-	opgekweekte	-	-
opgestel	-	-	opgestelde	-	-
opgetuie	-	-	optuie	-	-
opgooi	-	-	opgegooi	-	-
opgraaf	-	-	opgegraaf	-	-
opgradeer	-	-	opgegradeer	-	-
opgrawe	-	-	opgegrawe	-	-
opgroei	-	-	opgegroei	-	-
ophaal	-	-	opgehaal	-	-
ophang	-	-	opgehang	-	-
ophef	-	-	opgehef	-	-
ophel	-	-	opgehel	-	-
ophelder	-	-	opgehelder	-	-
ophemel	-	-	opgehemel	-	-
ophits	-	-	opgehits	-	-
ophoepel	-	-	opgehoepel	-	-
ophoes	-	-	opgehoes	-	-
ophoop	-	-	opgehoop	-	-
ophou	-	-	opgehou	-	-
ophys	-	-	opgehys	-	-
opja	-	-	opgeja	-	-
opjaag	-	-	opgejaag	-	-
opjae	-	-	opgejae	-	-
opkap	-	-	opgekap	-	-
opkeil	-	-	opgekeil	-	-
opkikker	-	-	opgekikker	-	-
opklaar	-	-	opgeklaar	-	-
opklap	-	-	opgeklap	-	-
opklim	-	-	opgeklim	-	-
opklink	-	-	opgeklink	-	-
opklop	-	-	opgeklop	-	-
opklouter	-	-	opgeklouter	-	-
opknap	-	-	opgeknap	-	-
opkoffie	-	-	opgekoffie	-	-
opkom	-	-	opgekom	-	-
opkommandeer	-	-	opgekommandeer	-	-
opkook	-	-	opgekook	-	-
opkoop	-	-	opgekoop	-	-
opkrik	-	-	opgekrik	-	-
opkrimp	-	-	opgekrimp	-	-
opkrop	-	-	opgekrop	-	-
opkruip	-	-	opgekruip	-	-
opkrul	-	-	opgekrul	-	-
opkry	-	-	opgekry	-	-
opkweek	-	-	opgekweek	-	-
opkyk	-	-	opgekyk	-	-
oplaai	-	-	opgelaai	-	-
opleef	-	-	opgeleef	-	-
oplei	-	-	opgelei	-	-
oplek	-	-	opgelek	-	-
oplet	-	-	opgelet	-	-
oplewe	-	-	opgelewe	-	-
oplewer	-	-	opgelewer	-	-
oplig	-	-	opgelig	-	-
oploop	-	-	opgeloop	-	-
oplos	-	-	opgelos	oplossende	-
oplui	-	-	opgelui	-	-
opluister	-	-	opgeluister	-	-
oplê	-	-	opgelê	-	-
opmaak	-	-	opgemaak	-	-
opmarsjeer	-	-	opgemarsjeer	-	-
opmeet	-	-	opgemeet	-	-
opmekaarstapel	-	-	opmekaargestapel	-	-
opmerk	-	-	opgemerk	-	-
opmoer	-	-	opgemoer	-	-
opmonter	-	-	opgemonter	-	-
opmors	-	-	opgemors	-	-
opneem	-	-	opgeneem	-	-
opneuk	-	-	opgeneuk	-	-
opnoem	-	-	opgenoem	-	-
opoffer	-	-	opgeoffer	-	-
oppak	-	-	opgepak	-	-
oppas	-	-	opgepas	-	-
oppers	-	-	opgepers	-	-
oppeusel	-	-	opgepeusel	-	-
oppiep	-	-	opgepiep	-	-
oppik	-	-	opgepik	-	-
opplak	-	-	opgeplak	-	-
oppoets	-	-	opgepoets	-	-
oppof	-	-	opgepof	-	-
oppomp	-	-	opgepomp	-	-
oppook	-	-	opgepook	-	-
oppot	-	-	opgepot	-	-
opprik	-	-	opgeprik	-	-
opprop	-	-	opgeprop	-	-
opraak	-	-	opgeraak	-	-
opraap	-	-	opgeraap	-	-
oprakel	-	-	opgerakel	-	-
oprank	-	-	opgerank	-	-
oprig	-	-	opgerig	-	-
oprisp	-	-	opgerisp	-	-
oproep	-	-	opgeroep	-	-
oprol	-	-	opgerol	-	-
oprond	-	-	opgerond	-	-
oprui	-	-	opgerui	-	-
opruim	-	-	opgeruim	-	-
opruk	-	-	opgeruk	-	-
opry	-	-	opgery	-	-
opryg	-	-	opgeryg	-	-
oprys	-	-	opgerys	-	-
opsaal	-	-	opgesaal	-	-
opsamel	-	-	opgesamel	-	-
opsien	-	-	opgesien	-	-
opsier	-	-	opgesier	-	-
opsit	-	-	opgesit	-	-
opskakel	-	-	opgeskakel	-	-
opskarrel	-	-	opgeskarrel	-	-
opskeep	-	-	opgeskeep	-	-
opskep	-	-	opgeskep	-	-
opskeploer	-	-	opskepgeloer	-	-
opskerp	-	-	opgeskerp	-	-
opskeur	-	-	opgeskeur	-	-
opskiet	-	-	opgeskiet	-	-
opskik	-	-	opgeskik	-	-
opskop	-	-	opgeskop	-	-
opskort	-	-	opgeskort	-	-
opskraap	-	-	opgeskraap	-	-
opskrik	-	-	opgeskrik	-	-
opskroef	-	-	opgeskroef	-	-
opskroewe	-	-	opgeskroewe	-	-
opskryf	-	-	opgeskryf	opskrywende	-
opskrywe	-	-	opgeskrywe	-	-
opskud	-	-	opgeskud	-	-
opskuif	-	-	opgeskuif	-	-
opskuiwe	-	-	opgeskuiwe	-	-
opslaan	-	-	opgeslaan	-	-
opsleep	-	-	opgesleep	-	-
opslinger	-	-	opgeslinger	-	-
opslip	-	-	opgeslip	-	-
opslobber	-	-	opgeslobber	-	-
opsluit	opgesluit	-	-	-	-
opsluk	-	-	opgesluk	-	-
opslurp	-	-	opgeslurp	-	-
opsmeer	-	-	opgesmeer	-	-
opsmuk	-	-	opgesmuk	-	-
opsmêsj	-	-	opgesmêsj	-	-
opsnap	-	-	opgesnap	-	-
opsnipper	-	-	opgesnipper	-	-
opsnork	-	-	opgesnork	-	-
opsnuif	-	-	opgesnuif	-	-
opsnuiwe	-	-	opgesnuiwe	-	-
opsny	-	-	opgesny	-	-
opsoek	-	-	opgesoek	-	-
opsom	-	-	opgesom	-	-
opspaar	-	-	opgespaar	-	-
opspeld	-	-	opgespeld	-	-
opsplyt	-	-	opgesplyt	-	-
opspoor	-	-	opgespoor	-	-
opspring	-	-	opgespring	-	-
opspuit	-	-	opgespuit	-	-
opstaan	-	-	opgestaan	-	-
opstapel	-	-	opgestapel	-	-
opstawel	-	-	opgestawel	-	-
opsteek	-	-	opgesteek	-	-
opstel	-	-	opgestel	-	-
opstook	-	-	opgestook	-	-
opstoot	-	-	opgestoot	-	-
opstop	-	-	opgestop	-	-
opstry	-	-	opgestry	-	-
opstryk	-	-	opgestryk	-	-
opstuif	-	-	opgestuif	-	-
opstuiwe	-	-	opgestuiwe	-	-
opstuur	-	-	opgestuur	-	-
opstyg	-	-	opgestyg	-	-
opsuie	-	-	opgesuie	-	-
opsuig	-	-	opgesuig	-	-
opsuip	-	-	opgesuip	-	-
opsweep	-	-	opgesweep	-	-
opswel	-	-	opgeswel	-	-
opsê	-	-	opgesê	-	-
optakel	-	-	opgetakel	-	-
opteken	-	-	opgeteken	-	-
optel	-	-	opgetel	-	-
optooi	-	-	opgetooi	-	-
optoom	-	-	opgetoom	-	-
optorring	-	-	opgetorring	-	-
optree	-	-	opgetree	-	-
optrek	-	-	opgetrek	-	-
optuig	-	-	opgetuig	-	-
opvaar	-	-	opgevaar	-	-
opval	-	-	opgeval	-	-
opvang	-	-	opgevang	-	-
opvat	-	-	opgevat	-	-
opvee	-	-	opgevee	-	-
opveil	-	-	opgeveil	-	-
opvis	-	-	opgevis	-	-
opvlam	-	-	opgevlam	-	-
opvlie	-	-	opgevlie	-	-
opvlieg	-	-	opgevlieg	-	-
opvoed	-	-	opgevoed	-	-
opvoer	-	-	opgevoer	-	-
opvolg	-	-	opgevolg	-	-
opvorder	-	-	opgevorder	-	-
opvou	-	-	opgevou	-	-
opvra	-	-	opgevra	-	-
opvreet	-	-	opgevreet	-	-
opvrolik	-	-	opgevrolik	-	-
opvryf	-	-	opgevryf	-	-
opvrywe	-	-	opgevrywe	-	-
opvul	-	-	opgevul	-	-
opvysel	-	-	opgevysel	-	-
opwag	-	-	opgewag	-	-
opwarm	-	-	opgewarm	-	-
opwas	-	-	opgewas	-	-
opweeg	-	-	opgeweeg	-	-
opwek	-	-	opgewek	-	-
opwel	-	-	opgewel	-	-
opwen	-	-	opgewen	-	-
opwerk	-	-	opgewerk	-	-
opwerp	-	-	opgewerp	-	-
opwin	-	-	opgewin	-	-
opwind	-	-	opgewind	-	-
opwip	-	-	opgewip	-	-
paalspring	-	-	paalgespring	-	-
paar	-	-	-	parende	-
padgee	-	-	padgegee	-	-
papdruk	-	-	papgedruk	-	-
papslaan	-	-	papgeslaan	-	-
parodieer	-	-	parodieer	-	-
partytrek	-	-	partygetrek	-	-
pasmaak	-	-	pasgemaak	-	-
perbeer	-	-	-	perberende	-
perdry	-	-	perdgery	-	-
plaas	-	-	-	plasende	-
plaashê	plaashet	-	plaasgehad	-	-
plaasneem	-	-	plaasgeneem	-	-
plaasvind	-	-	plaasgevind	-	-
platdruk	-	-	platgedruk	-	-
platgooi	-	-	platgegooi	-	-
platloop	-	-	platlope	-	-
platlê	-	-	platgelê	-	-
platmaak	platgemaak	-	platmaak	-	-
platpers	-	-	platgepers	-	-
platry	-	-	platgery	-	-
platskiet	-	-	platgeskiet	-	-
platskop	-	-	platgeskop	-	-
platslaan	-	-	platgeslaan	-	-
platstoot	-	-	platgestoot	-	-
platstryk	-	-	platgestryk	-	-
plattrap	-	-	platgetrap	-	-
plattrek	-	-	platgetrek	-	-
platval	-	-	platgeval	-	-
platvee	-	-	platgevee	-	-
pluk	-	-	-	plukkende	-
popspeel	-	-	popgespeel	-	-
posvat	-	-	posgevat	-	-
praat	-	-	-	pratende	-
preek	-	-	-	prekende	-
probeer	-	-	-	proberende	-
prysgee	-	-	prysgegee	-	-
prysmaak	-	-	prysgemaak	-	-
psalmsing	-	-	psalmgesing	-	-
publiseer	-	-	-	publiserende	-
raadpleeg	-	-	-	raadplegende	-
raakboul	-	-	raakgeboul	-	-
raaklees	-	-	raakgelees	-	-
raakloop	-	-	raakgeloop	-	-
raakry	-	-	raakgery	-	-
raaksien	-	-	raakgesien	-	-
raakslaan	-	-	raakgeslaan	-	-
raaksny	-	-	raakgesny	-	-
raaktrap	-	-	raakgetrap	-	-
raakval	-	-	raakgeval	-	-
raakvang	-	-	raakgevang	-	-
raakvat	-	-	raakgevat	-	-
regeer	-	-	-	regerende	-
reghelp	-	-	reggehelp	-	-
reghou	-	-	reggehou	-	-
regkom	-	-	reggekom	-	-
regkry	-	-	reggekry	-	-
regmaak	-	-	reggemaak	-	-
regpak	-	-	reggepak	-	-
regruk	-	-	reggeruk	-	-
regsit	-	-	reggesit	-	-
regspreek	-	-	reggespreek	-	-
regstaan	-	-	reggestaan	-	-
regstel	-	-	reggestel	-	-
reisiesjaag	-	-	reisiesgejaag	-	-
resiesjaag	-	-	resiesgejaag	-	-
riemspring	-	-	riemgespring	-	-
ringgooi	-	-	ringgegooi	-	-
rol	-	-	-	rollende	-
rondbaljaar	-	-	rondgebaljaar	-	-
rondbasuin	-	-	rondgebasuin	-	-
rondbeweeg	-	-	rondbeweeg	-	-
rondbrief	-	-	rondgebrief	-	-
rondbring	-	-	rondgebring	-	-
ronddans	-	-	rondgedans	-	-
ronddeel	-	-	rondgedeel	-	-
ronddein	-	-	rondgedein	-	-
ronddobber	-	-	rondgedobber	-	-
ronddra	-	-	rondgedra	-	-
ronddraai	-	-	rondgedraai	-	-
ronddraf	-	-	rondgedraf	-	-
ronddrentel	-	-	rondgedrentel	-	-
ronddryf	-	-	rondgedryf	-	-
ronddwaal	-	-	rondgedwaal	-	-
ronddwarrel	-	-	rondgedwarrel	-	-
rondfladder	-	-	rondgefladder	-	-
rondflenter	-	-	rondgeflenter	-	-
rondgaan	-	-	rondgegaan	rondgaande	-
rondgee	-	-	rondgegee	-	-
rondglip	-	-	rondgeglip	-	-
rondgooi	-	-	rondgegooi	-	-
rondhardloop	-	-	rondgehardloop	-	-
rondhol	-	-	rondgehol	-	-
rondhuppel	-	-	rondgehuppel	-	-
rondjaag	-	-	rondgejaag	-	-
rondjakker	-	-	rondgejakker	-	-
rondjol	-	-	rondgejol	-	-
rondkerjakker	-	-	rondgekerjakker	-	-
rondkom	-	-	rondgekom	-	-
rondkommandeer	-	-	rondgekommandeer	-	-
rondkruip	-	-	rondgekruip	-	-
rondkuier	-	-	rondgekuier	-	-
rondkyk	-	-	rondgekyk	-	-
rondlei	-	-	rondgelei	-	-
rondleuter	-	-	rondgeleuter	-	-
rondloer	-	-	rondgeloer	-	-
rondloop	-	-	rondgeloop	-	-
rondlê	-	-	rondgelê	-	-
rondmaak	-	-	rondgemaak	-	-
rondmaal	-	-	rondgemaal	-	-
rondmoker	-	-	rondgemoker	-	-
rondpluk	-	-	rondgepluk	-	-
rondreis	-	-	rondgereis	-	-
rondrits	-	-	rondgerits	-	-
rondrol	-	-	rondgerol	-	-
rondry	-	-	rondgery	-	-
rondskarrel	-	-	rondgeskarrel	-	-
rondskommel	-	-	rondgeskommel	-	-
rondskryf	-	-	rondgeskryf	-	-
rondskrywe	-	-	rondgeskrywe	-	-
rondskuif	-	-	rondgeskuif	-	-
rondskuiwe	-	-	rondgeskuiwe	-	-
rondsleep	-	-	rondgesleep	-	-
rondslenter	-	-	rondgeslenter	-	-
rondslinger	-	-	rondgeslinger	-	-
rondsluip	-	-	rondgesluip	-	-
rondsmous	-	-	rondgesmous	-	-
rondsmyt	-	-	rondgesmyt	-	-
rondsnuffel	-	-	rondgesnuffel	-	-
rondsoek	-	-	rondgesoek	-	-
rondspook	-	-	rondgespook	-	-
rondspring	-	-	rondgespring	-	-
rondstaan	-	-	rondgestaan	-	-
rondstap	-	-	rondgestap	-	-
rondstoot	-	-	rondgestoot	-	-
rondstrooi	-	-	rondgestrooi	-	-
rondswalk	-	-	rondgeswalk	-	-
rondswerf	-	-	rondgeswerf	-	-
rondswerwe	-	-	rondgeswerwe	-	-
rondtas	-	-	rondgetas	-	-
rondtol	-	-	rondgetol	-	-
rondtrap	-	-	rondgetrap	-	-
rondtrek	-	-	rondgetrek	-	-
rondtrippel	-	-	rondgetrippel	-	-
rondvaar	-	-	rondgevaar	-	-
rondval	-	-	rondgeval	-	-
rondvat	-	-	rondgevat	-	-
rondvent	-	-	rondgevent	-	-
rondvertel	-	-	rondvertel	-	-
rondvlieg	-	-	rondgevlieg	-	-
rondvra	-	-	rondgevra	-	-
rondvroetel	-	-	rondgevroetel	-	-
rondwaai	-	-	rondgewaai	-	-
rondwandel	-	-	rondgewandel	-	-
rondwikkel	-	-	rondgewikkel	-	-
rondwoel	-	-	rondgewoel	-	-
rook	-	-	-	rokende	-
rus	-	-	-	rustende	-
rusie	-	-	-	rusiënde	-
rypmaak	-	-	rypgemaak	-	-
rypword	-	-	rypgeword	-	-
rys	-	-	gerese	-	-
saadskiet	-	-	saadgeskiet	-	-
saambind	-	-	saamgebind	-	-
saamblaf	-	-	saamgeblaf	-	-
saambloos	-	-	saamgebloos	-	-
saambly	-	-	saamgebly	-	-
saambondel	-	-	saamgebondel	-	-
saambou	-	-	saamgebou	-	-
saambring	-	-	saamgebring	-	-
saambundel	-	-	saamgebundel	-	-
saamdoen	-	-	saamgedoen	-	-
saamdra	-	-	saamgedra	-	-
saamdring	-	-	saamgedring	-	-
saamdrink	-	-	saamgedrink	-	-
saamdrom	-	-	saamgedrom	-	-
saamdruk	-	-	saamgedruk	-	-
saamdryf	-	-	saamgedryf	-	-
saamdrywe	-	-	saamgedrywe	-	-
saameet	-	-	saamgeëet	-	-
saamflans	-	-	saamgeflans	-	-
saamfrommel	-	-	saamgefrommel	-	-
saamgaan	-	-	saamgegaan	saamgaande	-
saamgooi	-	-	saamgegooi	-	-
saamgroei	-	-	saamgegroei	-	-
saamgroepeer	-	-	saamgegroepeer	-	-
saamhang	-	-	saamgehang	-	-
saamheg	-	-	saamgeheg	-	-
saamhok	-	-	saamgehok	-	-
saamhoop	-	-	saamgehoop	-	-
saamhoort	-	-	saamgehoort	-	-
saamhou	-	-	saamgehou	-	-
saamkleef	-	-	saamgekleef	-	-
saamklewe	-	-	saamgeklewe	-	-
saamkliek	-	-	saamgekliek	-	-
saamklink	-	-	saamgeklink	-	-
saamklonter	-	-	saamgeklonter	-	-
saamklouter	-	-	saamgeklouter	-	-
saamknoop	-	-	saamgeknoop	-	-
saamkoek	-	-	saamgekoek	-	-
saamkom	-	-	saamgekom	-	-
saamkonkel	-	-	saamgekonkel	-	-
saamkook	-	-	saamgekook	-	-
saamkoppel	-	-	saamgekoppel	-	-
saamkuier	-	-	saamgekuier	-	-
saamlag	-	-	saamgelag	-	-
saamleef	-	-	saamgeleef	-	-
saamlees	-	-	saamgelees	-	-
saamlewe	-	-	saamgelewe	-	-
saamlok	-	-	saamgelok	-	-
saamloop	-	-	saamgeloop	-	-
saamlym	-	-	saamgelym	-	-
saammaak	-	-	saamgemaak	-	-
saammeng	-	-	saamgemeng	-	-
saamneem	-	-	saamgeneem	-	-
saamnooi	-	-	saamgenooi	-	-
saampak	-	-	saamgepak	-	-
saampas	-	-	saamgepas	-	-
saampers	-	-	saamgepers	-	-
saamplak	-	-	saamgeplak	-	-
saampraat	-	-	saamgepraat	-	-
saamraap	-	-	saamgeraap	-	-
saamreis	-	-	saamgereis	-	-
saamroep	-	-	saamgeroep	-	-
saamrol	-	-	saamgerol	-	-
saamrot	-	-	saamgerot	-	-
saamsing	-	-	saamgesing	-	-
saamskool	-	-	saamgeskool	-	-
saamskraap	-	-	saamgeskraap	-	-
saamskryf	-	-	saamgeskryf	-	-
saamslaan	-	-	saamgeslaan	-	-
saamsleep	-	-	saamgesleep	-	-
saamsluit	-	-	saamgesluit	-	-
saamsmee	-	-	saamgesmee	-	-
saamsmelt	-	-	saamgesmelt	-	-
saamsnoer	-	-	saamgesnoer	-	-
saamspan	-	-	saamgespan	-	-
saamspeel	-	-	saamgespeel	-	-
saamstaan	-	-	saamgestaan	-	-
saamstel	-	-	saamgestel	saamstellende	-
saamstem	-	-	saamgestem	-	-
saamstroom	-	-	saamgestroom	-	-
saamsukkel	-	-	saamgesukkel	-	-
saamsweer	-	-	saamgesweer	-	-
saamteken	-	-	saamgeteken	-	-
saamtel	-	-	saamgetel	-	-
saamtref	-	-	saamgetref	-	-
saamtrek	-	-	saamgetrek	-	-
saamtrop	-	-	saamgetrop	-	-
saamval	-	-	saamgeval	-	-
saamvat	-	-	saamgevat	-	-
saamvleg	-	-	saamgevleg	-	-
saamvloei	-	-	saamgevloei	-	-
saamvoeg	-	-	saamgevoeg	-	-
saamvoer	-	-	saamgevoer	-	-
saamvolk	-	-	saamgevolk	-	-
saamvou	-	-	saamgevou	-	-
saamwerk	-	-	saamgewerk	-	-
saamwoon	-	-	saamgewoon	-	-
sagkook	-	-	saggekook	-	-
sagmaak	-	-	saggemaak	-	-
sagpers	-	-	saggepers	-	-
sagvryf	-	-	saggevryf	-	-
sal	-	sou	-	-	-
samehang	-	-	samegehang	-	-
samesluit	-	-	samegesluit	-	-
seerkry	-	-	seergekry	-	-
seermaak	-	-	seergemaak	-	-
seg	-	-	-	seggende	-
seh	-	-	-	seggende	-
sien	-	-	-	siende	-
siet	-	-	-	siende	-
sit	-	-	-	sittende	-
skeefloop	-	-	skeefgeloop	-	-
skeeftrap	-	-	skeefgetrap	-	-
skeepgaan	-	-	skeepgegaan	-	-
skei	-	-	-	skeidende	-
skel	-	-	-	skellende	-
skep	-	-	geskape	skeppende	-
skerpmaak	-	-	skerpgemaak	-	-
skildpadtrek	-	-	skildpadgetrek	-	-
skoolgaan	-	-	skoolgegaan	-	-
skoolhou	-	-	skoolgehou	-	-
skoolsit	-	-	skoolgesit	-	-
skoonboul	-	-	skoongeboul	-	-
skoonbrand	-	-	skoongebrand	-	-
skoonbyt	-	-	skoongebyt	-	-
skoonhark	-	-	skoongehark	-	-
skoonkam	-	-	skoongekam	-	-
skoonlek	-	-	skoongelek	-	-
skoonmaak	-	-	skoongemaak	-	-
skoonpraat	-	-	skoongepraat	-	-
skoonskraap	-	-	skoongeskraap	-	-
skoonskrop	-	-	skoongeskrop	-	-
skoonvee	-	-	skoongevee	-	-
skoonvryf	-	-	skoongevryf	-	-
skoorsoek	-	-	skoorgesoek	-	-
skrap	-	-	-	skrappende	-
skree	-	-	-	skreeënde	-
skrikmaak	-	-	skrikgemaak	-	-
skroom	-	-	-	skromende	-
skryf	-	-	-	skrywende	-
skuilgaan	-	-	skuilgegaan	-	-
skuilhou	-	-	skuilgehou	-	-
skyfskiet	-	-	skyfgeskiet	-	-
slaan	-	-	-	slaande	-
slaap	-	-	-	slapende	-
slaat	-	-	-	slatende	-
slegmaak	-	-	sleggemaak	-	-
slegpraat	-	-	sleggepraat	-	-
slegsê	-	-	sleggesê	-	-
snik	-	-	-	snikkende	-
soebat	-	-	-	soebattende	-
sool	-	-	-	solend	-
soutraap	-	-	soutgeraap	-	-
speel	-	-	-	spelende	-
spekskiet	-	-	spekgeskiet	-	-
spel	-	-	-	spellende	-
spiesgooi	-	-	spiesgegooi	-	-
spioen	-	-	-	spioen	-
spog	-	-	-	spoggende	-
spoorhou	-	-	spoorgehou	-	-
spoorsny	-	-	spoorgesny	-	-
sprak	-	sprak	-	-	-
spreek	-	-	-	sprekende	-
staan	-	-	-	staande	-
staanmaak	-	-	staangemaak	-	-
staat	-	-	-	staande	-
staatmaak	-	-	staatgemaak	-	-
standhou	-	-	standgehou	-	-
steekhou	-	-	steekgehou	-	-
steel	-	-	-	stelende	-
stem	-	-	-	stemmende	-
sterf	-	-	-	sterwende	-
sterrekyk	-	-	sterregekyk	-	-
stilbly	-	-	stilgebly	-	-
stilhou	-	-	stilgehou	-	-
stillê	-	-	stilgelê	-	-
stilmaak	-	-	stilgemaak	-	-
stilskreeu	-	-	stilgeskreeu	-	-
stilstaan	-	-	stilgestaan	-	-
stokkiesdraai	-	-	stokkiesgedraai	-	-
stol	-	-	-	stollende	-
stomslaan	-	-	stomgeslaan	-	-
stopsit	-	-	stopgesit	-	-
stormja	stormgeja	-	-	-	-
stormjaag	stormgejaag	-	-	-	-
stormjae	stormgejae	-	-	-	-
stormloop	-	-	stormgeloop	-	-
strek	-	-	-	strek	-
strik	-	-	-	strikkende	-
studeer	-	-	-	studerende	-
styfloop	-	-	styfgeloop	-	-
styftrek	-	-	styfgetrek	-	-
sug	-	-	-	sugtende	-
swaarkry	-	-	swaargekry	-	-
swartsmeer	-	-	swartgesmeer	-	-
sweef	-	-	-	swewende	-
sweer	-	-	-	swerende	-
sweet	-	-	-	swetende	-
swel	-	-	-	swellende	-
swem	-	-	-	swemmende	-
sê	-	-	-	seggende	-
teel	-	-	-	telende	-
teengaan	-	-	teengegaan	-	-
teenhou	-	-	teengehou	-	-
teenkom	-	-	teengekom	-	-
teenlag	-	-	teengelag	-	-
teenloop	-	-	teengeloop	-	-
teenpraat	-	-	teengepraat	-	-
teensit	-	-	teengesit	-	-
teenspartel	-	-	teengespartel	-	-
teenspreek	-	-	teengespreek	-	-
teenstaan	-	-	teengestaan	-	-
teenstel	-	-	teengestel	-	-
teenstem	-	-	teengestem	-	-
teenstribbel	-	-	teengestribbel	-	-
teenval	-	-	teengeval	-	-
teenwerk	-	-	teengewerk	-	-
teenwerp	-	-	teengewerp	-	-
tegemoetgaan	-	-	tegemoetgegaan	-	-
tegemoetkom	-	-	tegemoetgekom	-	-
tegemoetloop	-	-	tegemoetgeloop	-	-
teikenskiet	-	-	teikengeskiet	-	-
tekeregaan	-	-	tekeregegaan	-	-
tekortdoen	-	-	tekortgedoen	-	-
tekortskiet	-	-	tekortgeskiet	-	-
telefoneer	-	-	-	telefonerende	-
teleurstel	-	-	teleurgestel	-	-
teloorgaan	-	-	teloorgegaan	-	-
tenietdoen	-	-	tenietgedoen	-	-
tenietgaan	-	-	tenietgegaan	-	-
tentoonstel	-	-	tentoongestel	-	-
teregbring	-	-	tereggebring	-	-
tereghelp	-	-	tereggehelp	-	-
teregkom	-	-	tereggekom	-	-
teregstaan	-	-	tereggestaan	-	-
teregstel	-	-	tereggestel	-	-
teregwys	-	-	tereggewys	-	-
terneerdruk	-	-	terneergedruk	-	-
terugbaklei	-	-	teruggebaklei	-	-
terugbesorg	-	-	terugbesorg	-	-
terugbetaal	-	-	terugbetaal	-	-
terugbind	-	-	teruggebind	-	-
terugblik	-	-	teruggeblik	-	-
terugbring	-	-	teruggebring	-	-
terugbuig	-	-	teruggebuig	-	-
terugdateer	-	-	teruggedateer	-	-
terugdeins	-	-	teruggedeins	-	-
terugdink	-	-	teruggedink	-	-
terugdraai	-	-	teruggedraai	-	-
terugdring	-	-	teruggedring	-	-
terugdryf	-	-	teruggedryf	-	-
terugdrywe	-	-	teruggedrywe	-	-
terugdwing	-	-	teruggedwing	-	-
terugeis	-	-	teruggeëis	-	-
teruggaan	-	-	teruggegaan	-	-
teruggee	-	-	teruggegee	-	-
teruggly	-	-	teruggegly	-	-
teruggooi	-	-	teruggegooi	-	-
teruggryp	-	-	teruggegryp	-	-
terughardloop	-	-	teruggehardloop	-	-
terughou	-	-	teruggehou	-	-
terugja	-	-	teruggeja	-	-
terugjaag	-	-	teruggejaag	-	-
terugjae	-	-	teruggejae	-	-
terugkaats	-	-	teruggekaats	-	-
terugkap	-	-	teruggekap	-	-
terugkeer	-	-	teruggekeer	-	-
terugkom	-	-	teruggekom	-	-
terugkoop	-	-	teruggekoop	-	-
terugkrabbel	-	-	teruggekrabbel	-	-
terugkrimp	-	-	teruggekrimp	-	-
terugkrom	-	-	teruggekrom	-	-
terugkruip	-	-	teruggekruip	-	-
terugkrul	-	-	teruggekrul	-	-
terugkry	-	-	teruggekry	-	-
terugkyk	-	-	teruggekyk	-	-
teruglaai	-	-	teruggelaai	-	-
teruglees	-	-	teruggelees	-	-
teruglei	-	-	teruggelei	-	-
terugloop	-	-	teruggeloop	-	-
teruglê	-	-	teruggelê	-	-
terugneem	-	-	teruggeneem	-	-
terugontvang	-	-	terugontvang	-	-
terugplaas	-	-	teruggeplaas	-	-
terugploeg	-	-	teruggeploeg	-	-
terugploeë	-	-	teruggeploeë	-	-
terugplons	-	-	teruggeplons	-	-
terugreis	-	-	teruggereis	-	-
terugroei	-	-	teruggeroei	-	-
terugroep	-	-	teruggeroep	-	-
terugrol	-	-	teruggerol	-	-
terugry	-	-	teruggery	-	-
terugsak	-	-	teruggesak	-	-
terugseil	-	-	teruggeseil	-	-
terugsien	-	-	teruggesien	-	-
terugsit	-	-	teruggesit	-	-
terugskakel	-	-	teruggeskakel	-	-
terugskiet	-	-	teruggeskiet	-	-
terugskou	-	-	teruggeskou	-	-
terugskrik	-	-	teruggeskrik	-	-
terugskryf	-	-	teruggeskryf	-	-
terugskrywe	-	-	teruggeskrywe	-	-
terugskuif	-	-	teruggeskuif	-	-
terugskuiwe	-	-	teruggeskuiwe	-	-
terugslaan	-	-	teruggeslaan	-	-
terugsny	-	-	teruggesny	-	-
terugspeel	-	-	teruggespeel	-	-
terugspoel	-	-	teruggespoel	-	-
terugspoor	-	-	teruggespoor	-	-
terugspring	-	-	teruggespring	-	-
terugstaan	-	-	teruggestaan	-	-
terugstamp	-	-	teruggestamp	-	-
terugsteek	-	-	teruggesteek	-	-
terugstoot	-	-	teruggestoot	-	-
terugstort	-	-	teruggestort	-	-
terugstrompel	-	-	teruggestrompel	-	-
terugstroom	-	-	teruggestroom	-	-
terugstuit	-	-	teruggestuit	-	-
terugstuur	-	-	teruggestuur	-	-
terugswaai	-	-	teruggeswaai	-	-
terugswem	-	-	teruggeswem	-	-
terugsê	-	-	teruggesê	-	-
terugtrap	-	-	teruggetrap	-	-
terugtree	-	-	teruggetree	-	-
terugtrek	-	-	teruggetrek	-	-
terugval	-	-	teruggeval	-	-
terugveg	-	-	teruggeveg	-	-
terugverlang	-	-	terugverlang	-	-
terugvertaal	-	-	terugvertaal	-	-
terugvervoer	-	-	terugvervoer	-	-
terugverwys	-	-	terugverwys	-	-
terugvind	-	-	teruggevind	-	-
terugvlieg	-	-	teruggevlieg	-	-
terugvloei	-	-	teruggevloei	-	-
terugvoer	-	-	teruggevoer	-	-
terugvorder	-	-	teruggevorder	-	-
terugvou	-	-	teruggevou	-	-
terugvra	-	-	teruggevra	-	-
terugwaai	-	-	teruggewaai	-	-
terugwen	-	-	teruggewen	-	-
terugwerk	-	-	teruggewerk	-	-
terugwerp	-	-	teruggewerp	-	-
terugwip	-	-	teruggewip	-	-
terugwyk	-	-	teruggewyk	-	-
terugwys	-	-	teruggewys	-	-
teweegbring	-	-	teweeggebring	-	-
teë-eet	-	-	teëgeëet	-	-
teëgaan	-	-	teëgegaan	-	-
teëhou	-	-	teëgehou	-	-
teëkap	-	-	teëgekap	-	-
teëkom	-	-	teëgekom	-	-
teëlag	-	-	teëgelag	-	-
teëloop	-	-	teëgeloop	-	-
teëmaak	-	-	teëgemaak	-	-
teëpraat	-	-	teëgepraat	-	-
teësit	-	-	teëgesit	-	-
teëspartel	-	-	teëgespartel	-	-
teëspreek	-	-	teëgespreek	-	-
teëstaan	-	-	teëgestaan	-	-
teëstem	-	-	teëgestem	-	-
teëstribbel	-	-	teëgestribbel	-	-
teëval	-	-	teëgeval	-	-
teëwerk	-	-	teëgewerk	-	-
teëwerp	-	-	teëgewerp	-	-
tik	-	-	-	tikkende	-
toebedeel	-	-	toebedeel	-	-
toebehoort	-	-	toebehoort	-	-
toeberei	-	-	toeberei	-	-
toebetrou	-	-	toebetrou	-	-
toebid	-	-	toegebid	-	-
toebind	-	-	toegebind	-	-
toeblaf	-	-	toegeblaf	-	-
toeblok	-	-	toegeblok	-	-
toebou	-	-	toegebou	-	-
toebring	-	-	toegebring	-	-
toebrul	-	-	toegebrul	-	-
toebuig	-	-	toegebuig	-	-
toebyt	-	-	toegebyt	-	-
toedam	-	-	toegedam	-	-
toedeel	-	-	toegedeel	-	-
toedek	-	-	toegedek	-	-
toedien	-	-	toegedien	-	-
toedig	-	-	toegedig	-	-
toedoen	-	-	toegedoen	-	-
toedra	-	-	toegedra	-	-
toedraad	-	-	toegedraad	-	-
toedraai	-	-	toegedraai	-	-
toedrink	-	-	toegedrink	-	-
toedruk	-	-	toegedruk	-	-
toefluit	-	-	toegefluit	-	-
toegaan	-	-	toegegaan	-	-
toegee	-	-	toegegee	-	-
toegespe	-	-	toegegespe	-	-
toegooi	-	-	toegegooi	-	-
toegrendel	-	-	toegegrendel	-	-
toegroei	-	-	toegegroei	-	-
toegryns	-	-	toegegryns	-	-
toehaak	-	-	toegehaak	-	-
toehoor	-	-	toegehoor	-	-
toehou	-	-	toegehou	-	-
toejuig	-	-	toegejuig	-	-
toekamp	-	-	toegekamp	-	-
toekap	-	-	toegekap	-	-
toekeer	-	-	toegekeer	-	-
toeken	-	-	toegeken	-	-
toeklap	-	-	toegeklap	-	-
toeknik	-	-	toegeknik	-	-
toeknip	-	-	toegeknip	-	-
toeknoop	-	-	toegeknoop	-	-
toeknyp	-	-	toegeknyp	-	-
toekom	-	-	toegekom	-	-
toekry	-	-	toegekry	-	-
toekurk	-	-	toegekurk	-	-
toekyk	-	-	toegekyk	-	-
toelaat	-	-	toegelaat	-	-
toelag	-	-	toegelag	-	-
toelak	-	-	toegelak	-	-
toelig	-	-	toegelig	-	-
toelonk	-	-	toegelonk	-	-
toeloop	-	-	toegeloop	-	-
toeluister	-	-	toegeluister	-	-
toelê	-	-	toegelê	-	-
toemaak	-	-	toegemaak	-	-
toemeet	-	-	toegemeet	-	-
toemessel	-	-	toegemessel	-	-
toenaai	-	-	toegenaai	-	-
toeneem	-	-	toegeneem	-	-
toepak	-	-	toegepak	-	-
toepas	-	-	toegepas	-	-
toeplak	-	-	toegeplak	-	-
toepleister	-	-	toegepleister	-	-
toeploeg	-	-	toegeploeg	-	-
toeprop	-	-	toegeprop	-	-
toereik	-	-	toegereik	-	-
toereken	-	-	toegereken	-	-
toeroep	-	-	toegeroep	-	-
toeroes	-	-	toegeroes	-	-
toerol	-	-	toegerol	-	-
toerus	-	-	toegerus	-	-
toeryg	-	-	toegeryg	-	-
toesak	-	-	toegesak	-	-
toesend	-	-	toegesend	-	-
toesien	-	-	toegesien	-	-
toesing	-	-	toegesing	-	-
toesit	-	-	toegesit	-	-
toeskiet	-	-	toegeskiet	-	-
toeskree	-	-	toegeskree	-	-
toeskreeu	-	-	toegeskreeu	-	-
toeskroef	-	-	toegeskroef	-	-
toeskroei	-	-	toegeskroei	-	-
toeskroewe	-	-	toegeskroewe	-	-
toeskryf	-	-	toegeskryf	-	-
toeskrywe	-	-	toegeskrywe	-	-
toeskuif	-	-	toegeskuif	-	-
toeskuiwe	-	-	toegeskuiwe	-	-
toeskyn	-	-	toegeskyn	-	-
toeslaan	-	-	toegeslaan	-	-
toeslik	-	-	toegeslik	-	-
toesluit	-	-	toegesluit	-	-
toesmeer	-	-	toegesmeer	-	-
toesnel	-	-	toegesnel	-	-
toesnoer	-	-	toegesnoer	-	-
toesnou	-	-	toegesnou	-	-
toespan	-	-	toegespan	-	-
toespeld	-	-	toegespeld	-	-
toespits	-	-	toegespits	-	-
toespreek	-	-	toegespreek	-	-
toespyker	-	-	toegespyker	-	-
toestaan	-	-	toegestaan	-	-
toesteek	-	-	toegesteek	-	-
toestem	-	-	toegestem	-	-
toestop	-	-	toegestop	-	-
toestorm	-	-	toegestorm	-	-
toestroom	-	-	toegestroom	-	-
toestuur	-	-	toegestuur	-	-
toeswaai	-	-	toegeswaai	-	-
toeswel	-	-	toegeswel	-	-
toesê	-	-	toegesê	-	-
toetakel	-	-	toegetakel	-	-
toetas	-	-	toegetas	-	-
toetrap	-	-	toegetrap	-	-
toetree	-	-	toegetree	-	-
toetrek	-	-	toegetrek	-	-
toetsbestuur	-	-	toetsbestuur	-	-
toeval	-	-	toegeval	-	-
toevertrou	-	-	toevertrou	-	-
toevoeg	-	-	toegevoeg	-	-
toevoer	-	-	toegevoer	-	-
toevou	-	-	toegevou	-	-
toevries	-	-	toegevries	-	-
toewaai	-	-	toegewaai	-	-
toewend	-	-	toegewend	-	-
toewens	-	-	toegewens	-	-
toewerk	-	-	toegewerk	-	-
toewerp	-	-	toegewerp	-	-
toewikkel	-	-	toegewikkel	-	-
toewink	-	-	toegewink	-	-
toewuif	-	-	toegewuif	-	-
toewy	-	-	toegewy	-	-
toewys	-	-	toegewys	-	-
toeys	-	-	toegeys	-	-
toeëien	-	-	toegeëien	-	-
toneelspeel	-	-	toneelgespeel	-	-
toon	-	-	-	tonende	-
toulei	-	-	tougelei	-	-
touspring	-	-	tougespring	-	-
toustaan	-	-	tougestaan	-	-
toutrek	-	-	tougetrek	-	-
trek	-	-	-	trekkende	-
trustaan	-	-	trugestaan	-	-
tuinmaak	-	-	tuingemaak	-	-
tuisbly	-	-	tuisgebly	-	-
tuisbring	-	-	tuisgebring	-	-
tuisgaan	-	-	tuisgegaan	-	-
tuishoort	-	-	tuisgehoort	-	-
tuiskom	-	-	tuisgekom	-	-
tuismaak	-	-	tuisgemaak	-	-
tussenplaas	-	-	tussengeplaas	-	-
tussenvoeg	-	-	tussengevoeg	-	-
uitasem	-	-	uitgeasem	-	-
uitbagger	-	-	uitgebagger	-	-
uitbak	-	-	uitgebak	-	-
uitbaklei	-	-	uitbaklei	-	-
uitbalanseer	-	-	uitgebalanseer	-	-
uitban	-	-	uitgeban	-	-
uitbars	-	-	uitgebars	-	-
uitbasuin	-	-	uitbasuin	-	-
uitbeeld	-	-	uitgebeeld	-	-
uitbeitel	-	-	uitgebeitel	-	-
uitbestee	-	-	uitbestee	-	-
uitbetaal	-	-	uitbetaal	-	-
uitbeweeg	-	-	uitbeweeg	-	-
uitblaas	-	-	uitgeblaas	-	-
uitblaker	-	-	uitgeblaker	-	-
uitbleik	-	-	uitgebleik	-	-
uitbliksem	-	-	uitgebliksem	-	-
uitblink	-	-	uitgeblink	-	-
uitbloei	-	-	uitgebloei	-	-
uitblom	-	-	uitgeblom	-	-
uitblus	-	-	uitgeblus	-	-
uitbly	-	-	uitgebly	-	-
uitblêr	-	-	uitgeblêr	-	-
uitboender	-	-	uitgeboender	-	-
uitboer	-	-	uitgeboer	-	-
uitbol	-	-	uitgebol	-	-
uitboor	-	-	uitgeboor	-	-
uitborrel	-	-	uitgeborrel	-	-
uitborsel	-	-	uitgeborsel	-	-
uitbot	-	-	uitgebot	-	-
uitbou	-	-	uitgebou	-	-
uitboul	-	-	uitgeboul	-	-
uitbraai	-	-	uitgebraai	-	-
uitbraak	-	-	uitgebraak	-	-
uitbrand	-	-	uitgebrand	-	-
uitbreek	-	-	uitgebreek	-	-
uitbrei	-	-	uitgebrei	-	-
uitbring	-	-	uitgebring	-	-
uitbroei	-	-	uitgebroei	-	-
uitbrul	-	-	uitgebrul	-	-
uitbuig	-	-	uitgebuig	-	-
uitbuit	-	-	uitgebuit	-	-
uitbulder	-	-	uitgebulder	-	-
uitbult	-	-	uitgebult	-	-
uitbyt	-	-	uitgebyt	-	-
uitcheck	-	-	uitgecheck	-	-
uitdaag	-	-	uitgedaag	-	-
uitdeel	-	-	uitgedeel	-	-
uitdelg	-	-	uitgedelg	-	-
uitdien	-	-	uitgedien	-	-
uitdiep	-	-	uitgediep	-	-
uitdink	-	-	uitgedink	-	-
uitdolf	-	-	uitgedolf	-	-
uitdolwe	-	-	uitgedolwe	-	-
uitdonder	-	-	uitgedonder	-	-
uitdoof	-	-	uitgedoof	-	-
uitdop	-	-	uitgedop	-	-
uitdor	-	-	uitgedor	-	-
uitdors	-	-	uitgedors	-	-
uitdos	-	-	uitgedos	-	-
uitdra	-	-	uitgedra	-	-
uitdraai	-	-	uitgedraai	-	-
uitdraf	-	-	uitgedraf	-	-
uitdring	-	-	uitgedring	-	-
uitdrink	-	-	uitgedrink	-	-
uitdroog	-	-	uitgedroog	-	-
uitdroë	-	-	uitgedroë	-	-
uitdruk	-	-	uitgedruk	-	-
uitdryf	-	-	uitgedryf	-	-
uitdrywe	-	-	uitgedrywe	-	-
uitduik	-	-	uitgeduik	-	-
uitdun	-	-	uitgedun	-	-
uitdwing	-	-	uitgedwing	-	-
uitdy	-	-	uitgedy	-	-
uiteenbars	-	-	uiteengebars	-	-
uiteenbuig	-	-	uiteengebuig	-	-
uiteendryf	-	-	uiteengedryf	-	-
uiteendrywe	-	-	uiteengedrywe	-	-
uiteengaan	-	-	uiteengegaan	-	-
uiteenhaal	-	-	uiteengehaal	-	-
uiteenhou	-	-	uiteengehou	-	-
uiteenja	-	-	uiteengeja	-	-
uiteenjaag	-	-	uiteengejaag	-	-
uiteenjae	-	-	uiteengejae	-	-
uiteenloop	-	-	uiteengeloop	-	-
uiteensit	-	-	uiteengesit	-	-
uiteenskeur	-	-	uiteengeskeur	-	-
uiteenspat	-	-	uiteengespat	-	-
uiteenstuif	-	-	uiteengestuif	-	-
uiteenstuiwe	-	-	uiteengestuiwe	-	-
uiteenval	-	-	uiteengeval	-	-
uiteenvlieg	-	-	uiteengevlieg	-	-
uiteenvloei	-	-	uiteengevloei	-	-
uiteet	-	-	uitgeëet	-	-
uitetter	-	-	uitgeëtter	-	-
uitfaseer	-	-	uitfaseer	-	-
uitflap	-	-	uitgeflap	-	-
uitfoeter	-	-	uitgefoeter	-	-
uitfreak	-	-	uitgefreak	-	-
uitgaan	-	-	uitgegaan	uitgaande	-
uitgalm	-	-	uitgegalm	-	-
uitgee	-	-	uitgegee	-	-
uitgesels	-	-	uitgesels	-	-
uitgier	-	-	uitgegier	-	-
uitgiet	-	-	uitgegiet	-	-
uitgil	-	-	uitgegil	-	-
uitglip	-	-	uitgeglip	-	-
uitgloei	-	-	uitgegloei	-	-
uitgly	-	-	uitgegly	-	-
uitgooi	-	-	uitgegooi	-	-
uitgraaf	-	-	uitgegraaf	-	-
uitgrawe	-	-	uitgegrawe	-	-
uitgroef	-	-	uitgegroef	-	-
uithaak	-	-	uitgehaak	-	-
uithaal	-	-	uitgehaal	-	-
uithak	-	-	uitgehak	-	-
uithamer	-	-	uitgehamer	-	-
uithang	-	-	uitgehang	-	-
uithap	-	-	uitgehap	-	-
uithardloop	-	-	uitgehardloop	-	-
uithark	-	-	uitgehark	-	-
uithel	-	-	uitgehel	-	-
uithelp	-	-	uitgehelp	-	-
uithoes	-	-	uitgehoes	-	-
uithol	-	-	uitgehol	uithollende	-
uithonger	-	-	uitgehonger	-	-
uithoor	-	-	uitgehoor	-	-
uithou	-	-	uitgehou	-	-
uithuil	-	-	uitgehuil	-	-
uithuwelik	-	-	uitgehuwelik	-	-
uithys	-	-	uitgehys	-	-
uitja	-	-	uitgeja	-	-
uitjaag	-	-	uitgejaag	-	-
uitjae	-	-	uitgejae	-	-
uitjou	-	-	uitgejou	-	-
uitkaf	-	-	uitgekaf	-	-
uitkaffer	-	-	uitgekaffer	-	-
uitkak	-	-	uitgekak	-	-
uitkalf	-	-	uitgekalf	-	-
uitkalwe	-	-	uitgekalwe	-	-
uitkalwer	-	-	uitgekalwer	-	-
uitkam	-	-	uitgekam	-	-
uitkamp	-	-	uitgekamp	-	-
uitkanselleer	-	-	uitgekanselleer	-	-
uitkap	-	-	uitgekap	-	-
uitkeep	-	-	uitgekeep	-	-
uitkeer	-	-	uitgekeer	-	-
uitken	-	-	uitgeken	-	-
uitkerf	-	-	uitgekerf	-	-
uitkerwe	-	-	uitgekerwe	-	-
uitkies	-	-	uitgekies	-	-
uitkla	-	-	uitgekla	-	-
uitklaar	-	-	uitgeklaar	-	-
uitklee	-	-	uitgeklee	-	-
uitklim	-	-	uitgeklim	-	-
uitklok	-	-	uitgeklok	-	-
uitklop	-	-	uitgeklop	-	-
uitklouter	-	-	uitgeklouter	-	-
uitknikker	-	-	uitgeknikker	-	-
uitknip	-	-	uitgeknip	-	-
uitknop	-	-	uitgeknop	-	-
uitkoggel	-	-	uitgekoggel	-	-
uitkom	-	-	uitgekom	-	-
uitkontrakteer	-	-	uitgekontrakteer	-	-
uitkook	-	-	uitgekook	-	-
uitkoop	-	-	uitgekoop	-	-
uitkraai	-	-	uitgekraai	-	-
uitkraam	-	-	uitgekraam	-	-
uitkrap	-	-	uitgekrap	-	-
uitkring	-	-	uitgekring	-	-
uitkristalliseer	-	-	uitgekristalliseer	-	-
uitkruip	-	-	uitgekruip	-	-
uitkry	-	-	uitgekry	-	-
uitkryt	-	-	uitgekryt	-	-
uitkwint	-	-	uitgekwint	-	-
uitkyk	-	-	uitgekyk	-	-
uitlaai	-	-	uitgelaai	-	-
uitlaat	-	-	uitgelaat	-	-
uitlag	-	-	uitgelag	-	-
uitlap	-	-	uitgelap	-	-
uitleef	-	-	uitgeleef	-	-
uitleen	-	-	uitgeleen	-	-
uitlees	-	-	uitgelees	-	-
uitlei	-	-	uitgelei	-	-
uitlek	-	-	uitgelek	-	-
uitlewe	-	-	uitgelewe	-	-
uitlewer	-	-	uitgelewer	-	-
uitlig	-	-	uitgelig	-	-
uitlok	-	-	uitgelok	-	-
uitloods	-	-	uitgeloods	-	-
uitloof	-	-	uitgeloof	-	-
uitloog	-	-	uitgeloog	-	-
uitlooi	-	-	uitgelooi	-	-
uitloop	-	-	uitgeloop	-	-
uitloot	-	-	uitgeloot	-	-
uitlos	-	-	uitgelos	-	-
uitlowe	-	-	uitgelowe	-	-
uitlug	-	-	uitgelug	-	-
uitlui	-	-	uitgelui	-	-
uitlê	-	-	uitgelê	-	-
uitmaak	-	-	uitgemaak	-	-
uitmaal	-	-	uitgemaal	-	-
uitmarsjeer	-	-	uitgemarsjeer	-	-
uitmeet	-	-	uitgemeet	-	-
uitmekaarbars	-	-	uitmekaargebars	-	-
uitmekaardryf	-	-	uitmekaargedryf	-	-
uitmekaardrywe	-	-	uitmekaargedrywe	-	-
uitmekaargaan	-	-	uitmekaargegaan	-	-
uitmekaarhaal	-	-	uitmekaargehaal	-	-
uitmekaarhou	-	-	uitmekaargehou	-	-
uitmekaarja	-	-	uitmekaargeja	-	-
uitmekaarjaag	-	-	uitmekaargejaag	-	-
uitmekaarjae	-	-	uitmekaargejae	-	-
uitmekaarkeer	-	-	uitmekaargekeer	-	-
uitmekaarmaak	-	-	uitmekaargemaak	-	-
uitmekaarruk	-	-	uitmekaargeruk	-	-
uitmekaarskeur	-	-	uitgemekaarskeur	-	-
uitmekaarspat	-	-	uitmekaargespat	-	-
uitmekaarspring	-	-	uitmekaargespring	-	-
uitmekaartrek	-	-	uitmekaargetrek	-	-
uitmekaarval	-	-	uitmekaargeval	-	-
uitmelk	-	-	uitgemelk	-	-
uitmergel	-	-	uitgemergel	-	-
uitmerk	-	-	uitgemerk	-	-
uitmis	-	-	uitgemis	-	-
uitmoer	-	-	uitgemoer	-	-
uitmond	-	-	uitgemond	-	-
uitmoor	-	-	uitgemoor	-	-
uitmunt	-	-	uitgemunt	-	-
uitneem	-	-	uitgeneem	-	-
uitneuk	-	-	uitgeneuk	-	-
uitnooi	-	-	uitgenooi	-	-
uitoefen	-	-	uitgeoefen	-	-
uitoorlê	-	-	uitoorlê	-	-
uitpak	-	-	uitgepak	-	-
uitpasseer	-	-	uitgepasseer	-	-
uitpen	-	-	uitgepen	-	-
uitpers	-	-	uitgepers	-	-
uitpeul	-	-	uitgepeul	-	-
uitpieker	-	-	uitgepieker	-	-
uitpik	-	-	uitgepik	-	-
uitplaas	-	-	uitgeplaas	-	-
uitplak	-	-	uitgeplak	-	-
uitplant	-	-	uitgeplant	-	-
uitploeg	-	-	uitgeploeg	-	-
uitpluis	-	-	uitgepluis	-	-
uitpluk	-	-	uitgepluk	-	-
uitplunder	-	-	uitgeplunder	-	-
uitpomp	-	-	uitgepomp	-	-
uitpraat	-	-	uitgepraat	-	-
uitproes	-	-	uitgeproes	-	-
uitpuil	-	-	uitgepuil	-	-
uitput	-	-	uitgeput	-	-
uitpêrel	-	-	uitgepêrel	-	-
uitraak	-	-	uitgeraak	-	-
uitraas	-	-	uitgeraas	-	-
uitrafel	-	-	uitgerafel	-	-
uitrangeer	-	-	uitgerangeer	-	-
uitred	-	-	uitgered	-	-
uitredeneer	-	-	uitgeredeneer	-	-
uitreik	-	-	uitgereik	-	-
uitreis	-	-	uitgereis	-	-
uitrek	-	-	uitgerek	-	-
uitreken	-	-	uitgereken	-	-
uitreën	-	-	uitgereën	-	-
uitrig	-	-	uitgerig	-	-
uitroei	-	-	uitgeroei	-	-
uitroep	-	-	uitgeroep	-	-
uitrol	-	-	uitgerol	-	-
uitrook	-	-	uitgerook	-	-
uitruil	-	-	uitgeruil	-	-
uitruk	-	-	uitgeruk	-	-
uitrus	-	-	uitgerus	-	-
uitry	-	-	uitgery	-	-
uitrys	-	-	uitgerys	-	-
uitsaag	-	-	uitgesaag	-	-
uitsaai	-	-	uitgesaai	-	-
uitsak	-	-	uitgesak	-	-
uitseil	-	-	uitgeseil	-	-
uitsend	-	-	uitgesend	-	-
uitsiek	-	-	uitgesiek	-	-
uitsien	-	-	uitgesien	-	-
uitsif	-	-	uitgesif	-	-
uitsing	-	-	uitgesing	-	-
uitsit	-	-	uitgesit	-	-
uitskakel	-	-	uitgeskakel	-	-
uitskarrel	-	-	uitgeskarrel	-	-
uitskater	-	-	uitgeskater	-	-
uitskeer	-	-	uitgeskeer	-	-
uitskei	-	-	uitgeskei	-	-
uitskeie	-	-	uitgeskeie	-	-
uitskel	-	-	uitgeskel	uitskellende	-
uitskep	-	-	uitgeskep	-	-
uitskets	-	-	uitgeskets	-	-
uitskeur	-	-	uitgeskeur	-	-
uitskiet	-	-	uitgeskiet	-	-
uitskink	-	-	uitgeskink	-	-
uitskoffel	-	-	uitgeskoffel	-	-
uitskop	-	-	uitgeskop	-	-
uitskraap	-	-	uitgeskraap	-	-
uitskree	-	-	uitgeskree	-	-
uitskreeu	-	-	uitgeskreeu	-	-
uitskrop	-	-	uitgeskrop	-	-
uitskryf	-	-	uitgeskryf	-	-
uitskrywe	-	-	uitgeskrywe	-	-
uitskud	-	-	uitgeskud	-	-
uitskuif	-	-	uitgeskuif	-	-
uitskuiwe	-	-	uitgeskuiwe	-	-
uitskulp	-	-	uitgeskulp	-	-
uitskuur	-	-	uitgeskuur	-	-
uitslaan	-	-	uitgeslaan	-	-
uitslaap	-	-	uitgeslaap	-	-
uitslag	-	-	uitgeslag	-	-
uitsleep	-	-	uitgesleep	-	-
uitsloof	-	-	uitgesloof	-	-
uitsluip	-	-	uitgesluip	-	-
uitsluit	-	-	uitgesluit	-	-
uitslyt	-	-	uitgeslyt	-	-
uitsmee	-	-	uitgesmee	-	-
uitsmeer	-	-	uitgesmeer	-	-
uitsmokkel	-	-	uitgesmokkel	-	-
uitsmyt	-	-	uitgesmyt	-	-
uitsnik	-	-	uitgesnik	-	-
uitsnuffel	-	-	uitgesnuffel	-	-
uitsnuit	-	-	uitgesnuit	-	-
uitsny	-	-	uitgesny	-	-
uitsoek	-	-	uitgesoek	-	-
uitsonder	-	-	uitgesonder	-	-
uitsorteer	-	-	uitgesorteer	-	-
uitspaar	-	-	uitgespaar	-	-
uitspalk	-	-	uitgespalk	-	-
uitspan	-	-	uitgespan	-	-
uitspat	-	-	uitgespat	-	-
uitspeel	-	-	uitgespeel	-	-
uitspel	-	-	uitgespel	-	-
uitspeld	-	-	uitgespeld	-	-
uitspin	-	-	uitgespin	-	-
uitspit	-	-	uitgespit	-	-
uitspoe	-	-	uitgespoe	-	-
uitspoeg	-	-	uitgespoeg	-	-
uitspoel	-	-	uitgespoel	-	-
uitspook	-	-	uitgespook	-	-
uitspreek	-	-	uitgespreek	-	-
uitsprei	-	-	uitgesprei	-	-
uitspring	-	-	uitgespring	-	-
uitspruit	-	-	uitgespruit	-	-
uitspu	-	-	uitgespu	-	-
uitspuit	-	-	uitgespuit	-	-
uitspuug	-	-	uitgespuug	-	-
uitstaan	-	-	uitgestaan	-	-
uitstal	-	-	uitgestal	-	-
uitstamel	-	-	uitgestamel	-	-
uitstamp	-	-	uitgestamp	-	-
uitstap	-	-	uitgestap	-	-
uitsteek	-	-	uitgesteek	-	-
uitstel	-	-	uitgestel	uitstellende	-
uitstem	-	-	uitgestem	-	-
uitsterf	-	-	uitgesterf	uitsterwende	-
uitsterwe	-	-	uitgesterwe	-	-
uitstippel	-	-	uitgestippel	-	-
uitstoel	-	-	uitgestoel	-	-
uitstof	-	-	uitgestof	-	-
uitstoom	-	-	uitgestoom	-	-
uitstoot	-	-	uitgestoot	-	-
uitstorm	-	-	uitgestorm	-	-
uitstort	-	-	uitgestort	-	-
uitstotter	-	-	uitgestotter	-	-
uitstraal	-	-	uitgestraal	-	-
uitstraat	-	-	uitgestraat	-	-
uitstreep	-	-	uitgestreep	-	-
uitstrek	-	-	uitgestrek	-	-
uitstrooi	-	-	uitgestrooi	-	-
uitstroom	-	-	uitgestroom	-	-
uitstry	-	-	uitgestry	-	-
uitstryk	-	-	uitgestryk	-	-
uitstulp	-	-	uitgestulp	-	-
uitstuur	-	-	uitgestuur	-	-
uitstyg	-	-	uitgestyg	-	-
uitsuie	-	-	uitgesuie	-	-
uitsuig	-	-	uitgesuig	-	-
uitsuip	-	-	uitgesuip	-	-
uitswaai	-	-	uitgeswaai	-	-
uitswael	-	-	uitgeswael	-	-
uitswawel	-	-	uitgeswawel	-	-
uitsweer	-	-	uitgesweer	-	-
uitsweet	-	-	uitgesweet	-	-
uitswel	-	-	uitgeswel	-	-
uitswem	-	-	uitgeswem	-	-
uitswenk	-	-	uitgeswenk	-	-
uitswerm	-	-	uitgeswerm	-	-
uitsyfer	-	-	uitgesyfer	-	-
uitsypel	-	-	uitgesypel	-	-
uittand	-	-	uitgetand	-	-
uittap	-	-	uitgetap	-	-
uittart	-	-	uitgetart	-	-
uitteer	-	-	uitgeteer	-	-
uitteken	-	-	uitgeteken	-	-
uittel	-	-	uitgetel	-	-
uittippex	-	-	uitgetippex	-	-
uittoring	-	-	uitgetoring	-	-
uittorring	-	-	uitgetorring	-	-
uittrap	-	-	uitgetrap	-	-
uittree	-	-	uitgetree	-	-
uittrek	-	-	uitgetrek	-	-
uittrompet	-	-	uitgetrompet	-	-
uittrompetter	-	-	uitgetrompetter	-	-
uittroon	-	-	uitgetroon	-	-
uitvaar	-	-	uitgevaar	-	-
uitvaardig	-	-	uitgevaardig	-	-
uitval	-	-	uitgeval	-	-
uitvang	-	-	uitgevang	-	-
uitvars	-	-	uitgevars	-	-
uitvat	-	-	uitgevat	-	-
uitvee	-	-	uitgevee	-	-
uitveg	-	-	uitgeveg	-	-
uitveil	-	-	uitgeveil	-	-
uitverkies	-	-	uitverkies	-	-
uitverkoop	-	-	uitverkoop	-	-
uitvind	-	-	uitgevind	-	-
uitvis	-	-	uitgevis	-	-
uitvlieg	-	-	uitgevlieg	-	-
uitvloei	-	-	uitgevloei	-	-
uitvloek	-	-	uitgevloek	-	-
uitvlok	-	-	uitgevlok	-	-
uitvlug	-	-	uitgevlug	-	-
uitvoer	-	-	uitgevoer	uitvoerend	-
uitvors	-	-	uitgevors	-	-
uitvou	-	-	uitgevou	-	-
uitvra	-	-	uitgevra	-	-
uitvreet	-	-	uitgevreet	-	-
uitvroetel	-	-	uitgevroetel	-	-
uitvryf	-	-	uitgevryf	-	-
uitvrywe	-	-	uitgevrywe	-	-
uitwaai	-	-	uitgewaai	-	-
uitwaaier	-	-	uitgewaaier	-	-
uitwan	-	-	uitgewan	-	-
uitwas	-	-	uitgewas	-	-
uitwasem	-	-	uitgewasem	-	-
uitween	-	-	uitgeween	-	-
uitwei	-	-	uitgewei	-	-
uitweie	-	-	uitgeweie	-	-
uitwerk	-	-	uitgewerk	-	-
uitwerp	-	-	uitgewerp	-	-
uitwig	-	-	uitgewig	-	-
uitwikkel	-	-	uitgewikkel	-	-
uitwiks	-	-	uitgewiks	-	-
uitwin	-	-	uitgewin	-	-
uitwip	-	-	uitgewip	-	-
uitwis	-	-	uitgewis	-	-
uitwissel	-	-	uitgewissel	-	-
uitwoed	-	-	uitgewoed	-	-
uitwoel	-	-	uitgewoel	-	-
uitwoon	-	-	uitgewoon	-	-
uitwring	-	-	uitgewring	-	-
uitwyk	-	-	uitgewyk	-	-
uitwys	-	-	uitgewys	-	-
uitzoem	-	-	uitgezoem	-	-
ululeer	-	-	geüluleer	-	-
unduleer	-	-	geünduleer	-	-
unieer	-	-	geünieer	-	-
unifieer	-	-	geünifieer	-	-
unifiseer	-	-	geünifiseer	-	-
urineer	-	-	geürineer	urinerende	-
usurpeer	-	-	geüsurpeer	-	-
utiliseer	-	-	geütiliseer	-	-
vaar	-	-	-	varende	-
val	-	-	-	vallende	-
vaneenruk	-	-	vaneengeruk	-	-
vaneenskeur	-	-	vaneengeskeur	-	-
vaneentrek	-	-	vaneengetrek	-	-
vasanker	-	-	vasgeanker	-	-
vasbind	-	-	vasgebind	-	-
vasboei	-	-	vasgeboei	-	-
vasbout	-	-	vasgebout	-	-
vasbrand	-	-	vasgebrand	-	-
vasbyt	-	-	vasgebyt	-	-
vasdraai	-	-	vasgedraai	-	-
vasdruk	-	-	vasgedruk	-	-
vasdryf	-	-	vasgedryf	-	-
vasdrywe	-	-	vasgedrywe	-	-
vasent	-	-	vasgeënt	-	-
vasgespe	-	-	vasgegespe	-	-
vasgord	-	-	vasgegord	-	-
vasgordel	-	-	vasgegordel	-	-
vasgroei	-	-	vasgegroei	-	-
vasgryp	-	-	vasgegryp	-	-
vashaak	-	-	vasgehaak	-	-
vashardloop	-	-	vasgehardloop	-	-
vasheg	-	-	vasgeheg	-	-
vashou	-	-	vasgehou	-	-
vasja	-	-	vasgeja	-	-
vasjaag	-	-	vasgejaag	-	-
vasjae	-	-	vasgejae	-	-
vaskeer	-	-	vasgekeer	-	-
vasketting	-	-	vasgeketting	-	-
vasklamp	-	-	vasgeklamp	-	-
vaskleef	-	-	vasgekleef	-	-
vasklem	-	-	vasgeklem	-	-
vasklewe	-	-	vasgeklewe	-	-
vasklink	-	-	vasgeklink	-	-
vasklop	-	-	vasgeklop	-	-
vasklou	-	-	vasgeklou	-	-
vaskluister	-	-	vasgekluister	-	-
vasknel	-	-	vasgeknel	-	-
vasknoop	-	-	vasgeknoop	-	-
vasknyp	-	-	vasgeknyp	-	-
vaskoek	-	-	vasgekoek	-	-
vaskom	-	-	vasgekom	-	-
vaskoop	-	-	vasgekoop	-	-
vaskoppel	-	-	vasgekoppel	-	-
vaslak	-	-	vasgelak	-	-
vaslieg	-	-	vasgelieg	-	-
vasloop	-	-	vasgeloop	-	-
vaslym	-	-	vasgelym	-	-
vaslê	-	-	vasgelê	-	-
vasmaak	-	-	vasgemaak	-	-
vasmeer	-	-	vasgemeer	-	-
vasmessel	-	-	vasgemessel	-	-
vasnaai	-	-	vasgenaai	-	-
vasnael	-	-	vasgenael	-	-
vaspak	-	-	vasgepak	-	-
vaspen	-	-	vasgepen	-	-
vasplak	-	-	vasgeplak	-	-
vaspraat	-	-	vasgepraat	-	-
vasraak	-	-	vasgeraak	-	-
vasreën	-	-	vasgereën	-	-
vasroes	-	-	vasgeroes	-	-
vasry	-	-	vasgery	-	-
vasryg	-	-	vasgeryg	-	-
vassit	-	-	vasgesit	-	-
vasskop	-	-	vasgeskop	-	-
vasskroef	-	-	vasgeskroef	-	-
vasskroewe	-	-	vasgeskroewe	-	-
vasskryf	-	-	vasgeskryf	-	-
vasskuif	-	-	vasgeskuif	-	-
vasskuiwe	-	-	vasgeskuiwe	-	-
vasslaan	-	-	vasgeslaan	-	-
vasslinger	-	-	vasgeslinger	-	-
vassneeu	-	-	vasgesneeu	-	-
vassoldeer	-	-	vasgesoldeer	-	-
vasspeld	-	-	vasgespeld	-	-
vasspelde	-	-	vasgespelde	-	-
vasspyker	-	-	vasgespyker	-	-
vasstaan	-	-	vasgestaan	-	-
vasstamp	-	-	vasgestamp	-	-
vassteek	-	-	vasgesteek	-	-
vasstel	-	-	vasgestel	-	-
vasstrik	-	-	vasgestrik	-	-
vassuie	-	-	vasgesuie	-	-
vassuig	-	-	vasgesuig	-	-
vastrap	-	-	vasgetrap	-	-
vastrek	-	-	vasgetrek	-	-
vasval	-	-	vasgeval	-	-
vasvang	-	-	vasgevang	-	-
vasvat	-	-	vasgevat	-	-
vasvleg	-	-	vasgevleg	-	-
vasvlieg	-	-	vasgevlieg	-	-
vasvra	-	-	vasgevra	-	-
vasvries	-	-	vasgevries	-	-
vaswerk	-	-	vasgewerk	-	-
vaswoel	-	-	vasgewoel	-	-
vaswortel	-	-	vasgewortel	-	-
vasys	-	-	vasgeys	-	-
vat	-	-	-	vattende	-
veg	-	-	-	vegtende	-
vel	-	-	-	vellende	-
ver-Suid-Afrikaans	-	-	ver-Suid-Afrikaans	-	-
veraangenaam	-	-	veraangenaam	-	-
veraanskoulik	-	-	veraanskoulik	-	-
verabsoluteer	-	-	verabsoluteer	-	-
verabsoluut	-	-	verabsoluut	-	-
verafgod	-	-	verafgod	-	-
verafgood	-	-	verafgood	-	-
verafrikaans	-	-	verafrikaans	-	-
verafsku	-	-	verafsku	-	-
verag	-	-	verag	-	-
veragter	-	-	veragter	-	-
veragtvoudig	-	-	veragtvoudig	-	-
veragvoudig	-	-	veragvoudig	-	-
veralgemeen	-	-	veralgemeen	-	-
veramerikaans	-	-	veramerikaans	-	-
verander	-	-	verander	-	-
veranker	-	-	veranker	-	-
verantwoord	-	-	verantwoord	-	-
verarm	-	-	verarm	-	-
veras	-	-	veras	verassende	-
verassureer	-	-	verassureer	-	-
verbaas	-	-	verbaas	-	-
verbabbel	-	-	verbabbel	-	-
verban	-	-	verban	-	-
verbaster	-	-	verbaster	-	-
verbeel	-	-	verbeel	-	-
verbeeld	-	-	verbeeld	-	-
verbeen	-	-	verbeen	-	-
verberg	-	-	verberg	-	-
verbeter	-	-	verbeter	-	-
verbeur	-	-	verbeur	-	-
verbeusel	-	-	verbeusel	-	-
verbied	-	-	verbied	-	-
verbind	-	-	verbind	-	-
verbitter	-	-	verbitter	-	-
verbleek	-	-	verbleek	-	-
verbleik	-	-	verbleik	-	-
verblind	-	-	verblind	-	-
verbloem	-	-	verbloem	-	-
verbluf	-	-	verbluf	-	-
verbly	-	-	verbly	-	-
verblyf	-	-	verblyf	-	-
verboemel	-	-	verboemel	-	-
verbou	-	-	verbou	-	-
verbrak	-	-	verbrak	-	-
verbrand	-	-	verbrand	-	-
verbras	-	-	verbras	-	-
verbreed	-	-	verbreed	-	-
verbreek	-	-	verbreek	-	-
verbrei	-	-	verbrei	-	-
verbroddel	-	-	verbroddel	-	-
verbroeder	-	-	verbroeder	-	-
verbrokkel	-	-	verbrokkel	-	-
verbrons	-	-	verbrons	-	-
verbrou	-	-	verbrou	-	-
verbrui	-	-	verbrui	-	-
verbruik	-	-	verbruik	-	-
verbrysel	-	-	verbrysel	-	-
verbuie	-	-	verbuie	verbuiende	-
verbuig	-	-	verbuig	-	-
verbybeweeg	-	-	verbybeweeg	-	-
verbydryf	-	-	verbygedryf	-	-
verbydrywe	-	-	verbygedrywe	-	-
verbyflits	-	-	verbygeflits	-	-
verbygaan	-	-	verbygegaan	verbygaande	-
verbyglip	-	-	verbygeglip	-	-
verbygons	-	-	verbygegons	-	-
verbygroei	-	-	verbygegroei	-	-
verbyhardloop	-	-	verbygehardloop	-	-
verbykom	-	-	verbygekom	-	-
verbykruip	-	-	verbygekruip	-	-
verbylaat	-	-	verbygelaat	-	-
verbyloop	-	-	verbygeloop	-	-
verbymarsjeer	-	-	verbygemarsjeer	-	-
verbypraat	-	-	verbygepraat	-	-
verbyrol	-	-	verbygerol	-	-
verbysien	-	-	verbygesien	-	-
verbyskiet	-	-	verbygeskiet	-	-
verbyskuif	-	-	verbygeskuif	-	-
verbyskuiwe	-	-	verbygeskuiwe	-	-
verbyskuur	-	-	verbygeskuur	-	-
verbystap	-	-	verbygestap	-	-
verbysteek	-	-	verbygesteek	-	-
verbyster	-	-	verbyster	-	-
verbystreef	-	-	verbygestreef	-	-
verbystrewe	-	-	verbygestrewe	-	-
verbystroom	-	-	verbygestroom	-	-
verbytrek	-	-	verbygetrek	-	-
verbyvaar	-	-	verbygevaar	-	-
verbyvlieg	-	-	verbygevlieg	-	-
verbyvloei	-	-	verbygevloei	-	-
verchristelik	-	-	verchristelik	-	-
verchroom	-	-	verchroom	-	-
verdaag	-	-	verdaag	-	-
verdamp	-	-	verdamp	-	-
verdedig	-	-	verdedig	-	-
verdeel	-	-	verdeel	-	-
verdelg	-	-	verdelg	-	-
verderf	-	-	verderf	-	-
verderwe	-	-	verderwe	-	-
verdien	-	-	verdien	-	-
verdiep	-	-	verdiep	-	-
verdierlik	-	-	verdierlik	-	-
verdiets	-	-	verdiets	-	-
verdig	-	-	verdig	-	-
verdik	-	-	verdik	-	-
verdink	-	-	verdink	-	-
verdiskonteer	-	-	verdiskonteer	-	-
verdobbel	-	-	verdobbel	-	-
verdoel	-	-	verdoel	-	-
verdoem	-	-	verdoem	-	-
verdoesel	-	-	verdoesel	-	-
verdof	-	-	verdof	verdoffende	-
verdom	-	-	verdom	-	-
verdonker	-	-	verdonker	-	-
verdonkermaan	-	-	verdonkermaan	-	-
verdoof	-	-	verdoof	-	-
verdoop	-	-	verdoop	-	-
verdop	-	-	verdop	-	-
verdor	-	-	verdor	-	-
verdorwe	-	-	verdorwe	-	-
verdowe	-	-	verdowe	-	-
verdra	-	-	verdra	-	-
verdraai	-	-	verdraai	-	-
verdriedubbel	-	-	verdriedubbel	-	-
verdrievoudig	-	-	verdrievoudig	-	-
verdring	-	-	verdring	-	-
verdrink	-	-	verdrink	-	-
verdroog	-	-	verdroog	-	-
verdroom	-	-	verdroom	-	-
verdroë	-	-	verdroë	-	-
verdruk	-	-	verdruk	-	-
verdryf	-	-	verdryf	-	-
verdrywe	-	-	verdrywe	-	-
verdubbel	-	-	verdubbel	-	-
verduidelik	-	-	verduidelik	-	-
verduister	-	-	verduister	-	-
verduits	-	-	verduits	-	-
verdun	-	-	verdun	-	-
verduur	-	-	verduur	-	-
verduursaam	-	-	verduursaam	-	-
verdwaal	-	-	verdwaal	-	-
verdwaas	-	-	verdwaas	-	-
verdwerg	-	-	verdwerg	-	-
verdwyn	-	-	verdwyn	-	-
veredel	-	-	veredel	-	-
vereelt	-	-	vereelt	-	-
vereensaam	-	-	vereensaam	-	-
vereenselwig	-	-	vereenselwig	-	-
vereenvoudig	-	-	vereenvoudig	-	-
vereer	-	-	vereer	-	-
vereffen	-	-	vereffen	-	-
vereis	-	-	vereis	-	-
vereng	-	-	vereng	-	-
verengels	-	-	verengels	-	-
verenig	-	-	verenig	-	-
vererd	-	-	vererd	-	-
vererf	-	-	vererf	-	-
vererg	-	-	vererg	-	-
vererger	-	-	vererger	-	-
vererts	-	-	vererts	-	-
vererwe	-	-	vererwe	-	-
veretter	-	-	veretter	-	-
vereuropees	-	-	vereuropees	-	-
verewig	-	-	verewig	-	-
verf	-	-	-	verwende	-
verfilm	-	-	verfilm	-	-
verflens	-	-	verflens	-	-
verflenter	-	-	verflenter	-	-
verflou	-	-	verflou	-	-
verfoei	-	-	verfoei	-	-
verfoelie	-	-	verfoelie	-	-
verfoes	-	-	verfoes	-	-
verfomfaai	-	-	verfomfaai	-	-
verfonkfaai	-	-	verfonkfaai	-	-
verfraai	-	-	verfraai	-	-
verfrans	-	-	verfrans	-	-
verfris	-	-	verfris	-	-
verfrommel	-	-	verfrommel	-	-
verfyn	-	-	verfyn	-	-
vergaan	-	-	vergaan	-	-
vergaap	-	-	vergaap	-	-
vergaar	-	-	vergaar	-	-
vergader	-	-	vergader	-	-
vergal	-	-	vergal	-	-
vergaloppeer	-	-	vergaloppeer	-	-
vergalpeer	-	-	vergalpeer	-	-
vergas	-	-	vergas	-	-
vergeef	-	-	vergeef	vergewende	-
vergeel	-	-	vergeel	-	-
vergeestelik	-	-	vergeestelik	-	-
vergeet	-	-	vergeet	vergetende	-
vergeld	-	-	vergeld	-	-
vergelde	-	-	vergelde	-	-
vergelyk	-	-	vergelyk	-	-
vergemaklik	-	-	vergemaklik	-	-
vergesel	-	-	vergesel	-	-
vergespring	-	-	verspring	-	-
vergestalt	-	-	vergestalt	-	-
vergewe	-	-	vergewe	vergewende	-
vergewis	-	-	vergewis	-	-
vergiet	-	-	vergiet	-	-
vergiftig	-	-	vergiftig	-	-
vergis	-	-	vergis	-	-
verglaas	-	-	verglaas	-	-
verglans	-	-	verglans	-	-
vergletser	-	-	vergletser	-	-
verglim	-	-	verglim	-	-
vergly	-	-	vergly	-	-
vergoddelik	-	-	vergoddelik	-	-
vergoed	-	-	vergoed	-	-
vergoedelik	-	-	vergoedelik	-	-
vergoeilik	-	-	vergoeilik	-	-
vergoelik	-	-	vergoelik	-	-
vergood	-	-	vergood	-	-
vergooi	-	-	vergooi	-	-
vergrieks	-	-	vergrieks	-	-
vergroei	-	-	vergroei	-	-
vergroen	-	-	vergroen	-	-
vergroente	-	-	vergroente	-	-
vergrof	-	-	vergrof	-	-
vergroot	-	-	vergroot	-	-
vergruis	-	-	vergruis	-	-
vergryp	-	-	vergryp	-	-
vergrys	-	-	vergrys	-	-
verguis	-	-	verguis	-	-
verguld	-	-	verguld	-	-
vergun	-	-	vergun	-	-
verhaal	-	-	verhaal	-	-
verhaar	-	-	verhaar	-	-
verhaas	-	-	verhaas	-	-
verhandel	-	-	verhandel	-	-
verhang	-	-	verhang	-	-
verhard	-	-	verhard	-	-
verhaspel	-	-	verhaspel	-	-
verheel	-	-	verheel	-	-
verheerlik	-	-	verheerlik	-	-
verhef	-	-	verhef	-	-
verheiden	-	-	verheiden	-	-
verheidens	-	-	verheidens	-	-
verheimlik	-	-	verheimlik	-	-
verhelder	-	-	verhelder	-	-
verhelp	-	-	verhelp	-	-
verheug	-	-	verheug	-	-
verhewig	-	-	verhewig	-	-
verhinder	-	-	verhinder	-	-
verhipotekeer	-	-	verhipotekeer	-	-
verhit	-	-	verhit	-	-
verhoed	-	-	verhoed	-	-
verhoede	-	-	verhoede	-	-
verhollands	-	-	verhollands	-	-
verhonderdvoudig	-	-	verhonderdvoudig	-	-
verhonger	-	-	verhonger	-	-
verhoog	-	-	verhoog	-	-
verhoor	-	-	verhoor	-	-
verhoorn	-	-	verhoorn	-	-
verhoring	-	-	verhoring	-	-
verhout	-	-	verhout	-	-
verhovaardig	-	-	verhovaardig	-	-
verhuis	-	-	verhuis	-	-
verhul	-	-	verhul	-	-
verhuur	-	-	verhuur	-	-
verinnerlik	-	-	verinnerlik	-	-
verinnig	-	-	verinnig	-	-
verja	-	-	verja	-	-
verjaag	-	-	verjaag	-	-
verjaar	-	-	verjaar	-	-
verjae	-	-	verjae	-	-
verjel	-	-	verjel	-	-
verjong	-	-	verjong	-	-
verjoods	-	-	verjoods	-	-
verkalk	-	-	verkalk	-	-
verkanker	-	-	verkanker	-	-
verkap	-	-	verkap	-	-
verkas	-	-	verkas	-	-
verken	-	-	verken	-	-
verkerf	-	-	verkerf	-	-
verketter	-	-	verketter	-	-
verkies	-	-	verkies	-	-
verkil	-	-	verkil	-	-
verkinderlik	-	-	verkinderlik	-	-
verkiwi	-	-	verkiwi	-	-
verkla	-	-	verkla	-	-
verklaag	-	-	verklaag	-	-
verklaar	-	-	verklaar	verklarende	-
verklae	-	-	verklae	-	-
verklank	-	-	verklank	-	-
verklap	-	-	verklap	-	-
verklee	-	-	verklee	-	-
verkleed	-	-	verkleed	-	-
verkleef	-	-	verkleef	-	-
verklein	-	-	verklein	-	-
verkleineer	-	-	verkleineer	-	-
verkleur	-	-	verkleur	-	-
verklewe	-	-	verklewe	-	-
verklik	-	-	verklik	-	-
verkluim	-	-	verkluim	-	-
verkneg	-	-	verkneg	-	-
verkneukel	-	-	verkneukel	-	-
verkneuter	-	-	verkneuter	-	-
verknies	-	-	verknies	-	-
verknip	-	-	verknip	-	-
verknoei	-	-	verknoei	-	-
verknoop	-	-	verknoopte	-	-
verkoel	-	-	verkoel	-	-
verkommer	-	-	verkommer	-	-
verkondig	-	-	verkondig	-	-
verkonkel	-	-	verkonkel	-	-
verkook	-	-	verkook	-	-
verkooks	-	-	verkooks	-	-
verkool	-	-	verkool	-	-
verkoop	-	-	verkoop	-	-
verkoper	-	-	verkoper	-	-
verkorrel	-	-	verkorrel	-	-
verkors	-	-	verkors	-	-
verkort	-	-	verkort	-	-
verkrag	-	-	verkrag	-	-
verkreukel	-	-	verkreukel	-	-
verkrimp	-	-	verkrimp	-	-
verkrom	-	-	verkrom	-	-
verkrop	-	-	verkrop	-	-
verkrummel	-	-	verkrummel	-	-
verkry	-	-	verkry	-	-
verkul	-	-	verkul	-	-
verkwalik	-	-	verkwalik	-	-
verkwansel	-	-	verkwansel	-	-
verkwik	-	-	verkwik	-	-
verkwis	-	-	verkwis	-	-
verkwyn	-	-	verkwyn	-	-
verkyk	-	-	verkyk	-	-
verlaag	-	-	verlaag	-	-
verlaat	-	-	verlaat	-	-
verlak	-	-	verlak	-	-
verlam	-	-	verlam	-	-
verlang	-	-	verlang	-	-
verlangsaam	-	-	verlangsaam	-	-
verlatyns	-	-	verlatyns	-	-
verleen	-	-	verleen	-	-
verleer	-	-	verleer	-	-
verlei	-	-	verlei	-	-
verlekker	-	-	verlekker	-	-
verleng	-	-	verleng	-	-
verlep	-	-	verlep	-	-
verlewendig	-	-	verlewendig	-	-
verliederlik	-	-	verliederlik	-	-
verlig	-	-	verlig	-	-
verliggaamlik	-	-	verliggaamlik	-	-
verlok	-	-	verlok	-	-
verlood	-	-	verlood	-	-
verloof	-	-	verloof	-	-
verloop	-	-	verloop	-	-
verloor	-	-	verloor	-	-
verloot	-	-	verloot	-	-
verlos	-	-	verlos	-	-
verlowe	-	-	verlowe	-	-
verloën	-	-	verloën	-	-
verlug	-	-	verlug	-	-
verluier	-	-	verluier	-	-
verlustig	-	-	verlustig	-	-
verly	-	-	verly	-	-
verlê	-	-	verlê	-	-
vermaagskap	-	-	vermaagskap	-	-
vermaak	-	-	vermaak	vermakende	-
vermaan	-	-	vermaan	-	-
vermaer	-	-	vermaer	-	-
vermag	-	-	vermag	-	-
verman	-	-	verman	-	-
vermeer	-	-	vermeer	-	-
vermeerder	-	-	vermeerder	-	-
vermeester	-	-	vermeester	-	-
vermeet	-	-	vermeet	-	-
vermei	-	-	vermei	-	-
vermeld	-	-	vermeld	-	-
vermeng	-	-	vermeng	-	-
vermenigvuldig	-	-	vermenigvuldig	-	-
vermenslik	-	-	vermenslik	-	-
vermikrofilm	-	-	vermikrofilm	-	-
verminder	-	-	verminder	-	-
vermink	-	-	vermink	-	-
vermis	-	-	vermis	-	-
vermoed	-	-	vermoed	-	-
vermoei	-	-	vermoei	-	-
vermolm	-	-	vermolm	-	-
vermom	-	-	vermom	-	-
vermooi	-	-	vermooi	-	-
vermoor	-	-	vermoor	-	-
vermors	-	-	vermors	-	-
vermorsel	-	-	vermorsel	-	-
vermuf	-	-	vermuf	-	-
vermurf	-	-	vermurf	-	-
vermurwe	-	-	vermurwe	-	-
vermy	-	-	vermy	-	-
vernael	-	-	vernael	-	-
vernag	-	-	vernag	-	-
verneder	-	-	verneder	-	-
vernederlands	-	-	vernederlands	-	-
verneem	-	-	verneem	-	-
verneuk	-	-	verneuk	-	-
vernewel	-	-	vernewel	-	-
verniel	-	-	verniel	-	-
vernietig	-	-	vernietig	-	-
vernieu	-	-	vernieu	-	-
vernikkel	-	-	vernikkel	-	-
vernis	-	-	vernis	-	-
vernoem	-	-	vernoem	-	-
vernou	-	-	vernou	-	-
vernu	-	-	vernu	-	-
vernuwe	-	-	vernuwe	-	-
veronaangenaam	-	-	veronaangenaam	-	-
veronagsaam	-	-	veronagsaam	-	-
veronderstel	-	-	veronderstel	-	-
verongeluk	-	-	verongeluk	-	-
verongelyk	-	-	verongelyk	-	-
veronreg	-	-	veronreg	-	-
verontagsaam	-	-	verontagsaam	-	-
verontheilig	-	-	verontheilig	-	-
verontmenslik	-	-	verontmenslik	-	-
verontreg	-	-	verontreg	-	-
verontreinig	-	-	verontreinig	-	-
verontrief	-	-	verontrief	-	-
verontrus	-	-	verontrus	-	-
verontskuldig	-	-	verontskuldig	-	-
veroordeel	-	-	veroordeel	-	-
veroorloof	-	-	veroorloof	-	-
veroorlowe	-	-	veroorlowe	-	-
veroorsaak	-	-	veroorsaak	-	-
verootmoedig	-	-	verootmoedig	-	-
verorber	-	-	verorber	-	-
verorden	-	-	verorden	-	-
verordineer	-	-	verordineer	-	-
verouder	-	-	verouder	-	-
verower	-	-	verower	-	-
verpag	-	-	verpag	-	-
verpak	-	-	verpak	-	-
verpand	-	-	verpand	-	-
verpas	-	-	verpas	verpassende	-
verpersoonlik	-	-	verpersoonlik	-	-
verpes	-	-	verpes	-	-
verpiep	-	-	verpiep	-	-
verplaas	-	-	verplaas	-	-
verplant	-	-	verplant	-	-
verpleeg	-	-	verpleeg	-	-
verpleet	-	-	verpleet	-	-
verpletter	-	-	verpletter	-	-
verpleë	-	-	verpleë	-	-
verplig	-	-	verplig	-	-
verpoeier	-	-	verpoeier	-	-
verpolitiek	-	-	verpolitiek	-	-
verpolitiseer	-	-	verpolitiseer	-	-
verpoos	-	-	verpoos	-	-
verpop	-	-	verpop	-	-
verpot	-	-	verpot	-	-
verpraat	-	-	verpraat	-	-
verpulp	-	-	verpulp	-	-
verpulwer	-	-	verpulwer	-	-
verraai	-	-	verraai	-	-
verras	-	-	verras	verrassende	-
verredelik	-	-	verredelik	-	-
verreent	-	-	verreent	-	-
verrek	-	-	verrek	-	-
verreken	-	-	verreken	-	-
verreën	-	-	verreën	-	-
verrig	-	-	verrig	-	-
verrimpel	-	-	verrimpel	-	-
verrinneweer	-	-	verrinneweer	-	-
verroer	-	-	verroer	-	-
verroes	-	-	verroes	-	-
verromaans	-	-	verromaans	-	-
verroom	-	-	verroom	-	-
verrooms	-	-	verrooms	-	-
verrot	-	-	verrot	verrottende	-
verruil	-	-	verruil	-	-
verruim	-	-	verruim	-	-
verruk	-	-	verruk	-	-
verryk	-	-	verryk	-	-
verrys	-	-	verrys	-	-
versaag	-	-	versaag	-	-
versaak	-	-	versaak	versakende	-
versadig	-	-	versadig	-	-
versag	-	-	versag	-	-
versamel	-	-	versamel	-	-
versand	-	-	versand	-	-
versap	-	-	versap	-	-
verseep	-	-	verseep	-	-
verseg	-	-	verseg	-	-
verseil	-	-	verseil	-	-
verseker	-	-	verseker	-	-
versend	-	-	versend	-	-
verseng	-	-	verseng	-	-
versesvoudig	-	-	versesvoudig	-	-
verset	-	-	verset	-	-
versewevoudig	-	-	versewevoudig	-	-
verseël	-	-	verseël	-	-
versiek	-	-	versiek	-	-
versien	-	-	versien	-	-
versier	-	-	versier	-	-
versilwer	-	-	versilwer	-	-
versin	-	-	versin	versinnende	-
versink	-	-	versink	-	-
versinlik	-	-	versinlik	-	-
versinnebeeld	-	-	versinnebeeld	-	-
versit	-	-	versit	-	-
verskaal	-	-	verskaal	-	-
verskaf	-	-	verskaf	-	-
verskans	-	-	verskans	-	-
verskeep	-	-	verskeep	verskepende	-
verskerf	-	-	verskerf	-	-
verskerp	-	-	verskerp	-	-
verskerwe	-	-	verskerwe	-	-
verskeur	-	-	verskeur	-	-
verskiet	-	-	verskiet	-	-
verskik	-	-	verskik	-	-
verskil	-	-	verskil	-	-
verskilfer	-	-	verskilfer	-	-
verskimmel	-	-	verskimmel	-	-
verskoon	-	-	verskoon	-	-
verskop	-	-	verskop	-	-
verskraal	-	-	verskraal	-	-
verskree	-	-	verskree	-	-
verskreeu	-	-	verskreeu	-	-
verskriftelik	-	-	verskriftelik	-	-
verskrik	-	-	verskrik	-	-
verskroei	-	-	verskroei	-	-
verskrompel	-	-	verskrompel	-	-
verskryf	-	-	verskryf	-	-
verskrywe	-	-	verskrywe	-	-
verskuif	-	-	verskuif	-	-
verskuil	-	-	verskuil	-	-
verskuiwe	-	-	verskuiwe	-	-
verskuldig	-	-	verskuldig	-	-
verskyn	-	-	verskyn	-	-
verslaaf	-	-	verslaaf	-	-
verslaan	-	-	verslaan	verslaande	-
verslaap	-	-	verslaap	-	-
verslag	verslap	-	verslap	-	-
verslank	-	-	verslank	-	-
verslawe	-	-	verslawe	-	-
versleg	-	-	versleg	verslegtende	-
verslenter	-	-	verslenter	-	-
versleutel	-	-	versleutel	-	-
verslib	-	-	verslib	-	-
verslind	-	-	verslind	-	-
verslinger	-	-	verslinger	-	-
verslons	-	-	verslons	-	-
versluier	-	-	versluier	-	-
versluk	-	-	versluk	-	-
verslyk	-	-	verslyk	-	-
verslyt	-	-	verslyt	-	-
versmaad	-	-	versmaad	-	-
versmaai	-	-	versmaai	-	-
versmag	-	-	versmag	-	-
versmal	-	-	versmal	-	-
versmelt	-	-	versmelt	-	-
versmoor	-	-	versmoor	-	-
versnel	-	-	versnel	-	-
versnipper	-	-	versnipper	-	-
versny	-	-	versny	-	-
versober	-	-	versober	-	-
versoek	-	-	versoek	-	-
versoen	-	-	versoen	-	-
versoet	-	-	versoet	-	-
versomber	-	-	versomber	-	-
versondig	-	-	versondig	-	-
versool	-	-	versool	-	-
versorg	-	-	versorg	-	-
versout	-	-	versout	-	-
verspaander	-	-	verspaander	-	-
verspaans	-	-	verspaans	-	-
verspeel	-	-	verspeel	-	-
versper	-	-	versper	-	-
verspied	-	-	verspied	-	-
verspil	-	-	verspil	verspillende	-
versplinter	-	-	versplinter	-	-
verspoel	-	-	verspoel	-	-
verspoor	-	-	verspoor	-	-
verspreek	-	-	verspreek	-	-
versprei	-	-	versprei	-	-
verspring	-	-	verspring	-	-
verstaal	-	-	verstaal	-	-
verstaan	-	-	verstaan	verstaande	-
verstar	-	-	verstar	-	-
verstedelik	-	-	verstedelik	-	-
versteek	-	-	versteek	-	-
versteen	-	-	versteen	-	-
verstel	-	-	verstel	-	-
versterf	-	-	versterf	-	-
versterk	-	-	versterk	-	-
versterwe	-	-	versterwe	-	-
versteur	-	-	versteur	-	-
verstewig	-	-	verstewig	-	-
verstik	-	-	verstik	-	-
verstil	-	-	verstil	-	-
verstof	-	-	verstof	-	-
verstoflik	-	-	verstoflik	-	-
verstom	-	-	verstom	-	-
verstomp	-	-	verstomp	-	-
verstook	-	-	verstook	-	-
verstoor	-	-	verstoor	-	-
verstoot	-	-	verstoot	-	-
verstop	-	-	verstop	-	-
verstout	-	-	verstout	-	-
verstrak	-	-	verstrak	-	-
verstram	-	-	verstram	-	-
verstrek	-	-	verstrek	-	-
verstrengel	-	-	verstrengel	-	-
verstrik	-	-	verstrik	-	-
verstrooi	-	-	verstrooi	-	-
verstryk	-	-	verstryk	-	-
verstuif	-	-	verstuif	-	-
verstuit	-	-	verstuit	-	-
verstuiwe	-	-	verstuiwe	-	-
verstyf	-	-	verstyf	-	-
verstywe	-	-	verstywe	-	-
versuf	-	-	versuf	-	-
versuiker	-	-	versuiker	-	-
versuim	-	-	versuim	-	-
versuip	-	-	versuip	-	-
versukkel	-	-	versukkel	-	-
versuur	-	-	versuur	-	-
verswaar	-	-	verswaar	-	-
verswaer	-	-	verswaer	-	-
verswak	-	-	verswak	-	-
versweer	-	-	versweer	-	-
verswelg	-	-	verswelg	-	-
verswendel	-	-	verswendel	-	-
verswik	-	-	verswik	-	-
verswind	-	-	verswind	-	-
verswye	-	-	verswye	-	-
verswyg	-	-	verswyg	-	-
versôre	-	-	versôre	-	-
vertaal	-	-	vertaal	vertalende	-
vertak	-	-	vertak	-	-
verteder	-	-	verteder	-	-
verteenwoordig	-	-	verteenwoordig	-	-
verteer	-	-	verteer	-	-
verteken	-	-	verteken	-	-
vertel	-	-	vertel	vertellende	-
vertiendubbel	-	-	vertiendubbel	-	-
vertienvoudig	-	-	vertienvoudig	-	-
vertik	-	-	vertik	-	-
vertimmer	-	-	vertimmer	-	-
vertin	-	-	vertin	-	-
vertoef	-	-	vertoef	-	-
vertoewe	-	-	vertoewe	-	-
vertolk	-	-	vertolk	-	-
vertoon	-	-	vertoon	-	-
vertoorn	-	-	vertoorn	-	-
vertoring	-	-	vertoring	-	-
vertorring	-	-	vertorring	-	-
vertraag	-	-	vertraag	-	-
vertrap	-	-	vertrap	-	-
vertree	-	-	vertree	-	-
vertrek	-	-	vertrek	vertrekkende	-
vertreusel	-	-	vertreusel	-	-
vertroebel	-	-	vertroebel	-	-
vertroetel	-	-	vertroetel	-	-
vertroewel	-	-	vertroewel	-	-
vertroos	-	-	vertroos	-	-
vertrou	-	-	vertrou	-	-
vertwyfel	-	-	vertwyfel	-	-
veruiterlik	-	-	veruiterlik	-	-
veruitwendig	-	-	veruitwendig	-	-
vervaag	-	-	vervaag	-	-
vervaardig	-	-	vervaardig	-	-
verval	-	-	verval	-	-
vervals	-	-	vervals	-	-
vervang	-	-	vervang	-	-
vervars	-	-	vervars	-	-
vervat	-	-	vervat	-	-
verveel	-	-	verveel	-	-
verveelvoudig	-	-	verveelvoudig	-	-
verveer	-	-	verveer	-	-
vervel	-	-	vervel	-	-
ververs	-	-	ververs	-	-
vervet	-	-	vervet	-	-
vervierdubbel	-	-	vervierdubbel	-	-
verviervoudig	-	-	verviervoudig	-	-
vervies	-	-	vervies	-	-
vervilt	-	-	vervilt	-	-
vervlaams	-	-	vervlaams	-	-
vervleg	-	-	vervleg	-	-
vervlieg	-	-	vervlieg	-	-
vervloei	-	-	vervloei	-	-
vervloek	-	-	vervloek	-	-
vervlugtig	-	-	vervlugtig	-	-
vervoeg	-	-	vervoeg	-	-
vervoer	-	-	vervoer	-	-
vervolg	-	-	vervolg	-	-
vervolledig	-	-	vervolledig	-	-
vervolmaak	-	-	vervolmaak	-	-
vervorm	-	-	vervorm	-	-
vervreem	-	-	vervreem	-	-
vervroeg	-	-	vervroeg	-	-
vervrolik	-	-	vervrolik	-	-
vervroulik	-	-	vervroulik	-	-
vervuil	-	-	vervuil	-	-
vervul	-	-	vervul	-	-
vervyf	-	-	vervyf	-	-
vervyfvoudig	-	-	vervyfvoudig	-	-
verwaai	-	-	verwaai	-	-
verwaardig	-	-	verwaardig	-	-
verwaarloos	-	-	verwaarloos	verwaarlosende	-
verwag	-	-	verwag	-	-
verwar	-	-	verwar	-	-
verwarm	-	-	verwarm	-	-
verwater	-	-	verwater	-	-
verwed	-	-	verwed	-	-
verweef	-	-	verweef	-	-
verweek	-	-	verweek	-	-
verweer	-	-	verweer	-	-
verwees	-	-	verwees	-	-
verwek	-	-	verwek	-	-
verwelf	-	-	verwelf	-	-
verwelk	-	-	verwelk	-	-
verwelkom	-	-	verwelkom	-	-
verwelwe	-	-	verwelwe	-	-
verwen	-	-	verwen	-	-
verwens	-	-	verwens	-	-
verwerdig	-	-	verwerdig	-	-
verwerf	-	-	verwerf	-	-
verwerk	-	-	verwerk	-	-
verwerklik	-	-	verwerklik	-	-
verwerp	-	-	verwerp	-	-
verwerwe	-	-	verwerwe	-	-
verwesenlik	-	-	verwesenlik	-	-
verwesentlik	-	-	verwesentlik	-	-
verwesters	-	-	verwesters	-	-
verwewe	-	-	verwewe	-	-
verwikkel	-	-	verwikkel	-	-
verwilder	-	-	verwilder	-	-
verwissel	-	-	verwissel	-	-
verwittig	-	-	verwittig	-	-
verwoes	-	-	verwoes	verwoestende	-
verwond	-	-	verwond	-	-
verwonder	-	-	verwonder	-	-
verwoord	-	-	verwoord	-	-
verword	-	-	verword	-	-
verwring	-	-	verwring	-	-
verwurg	-	-	verwurg	-	-
verwyd	-	-	verwyd	-	-
verwyder	-	-	verwyder	-	-
verwyf	-	-	verwyf	-	-
verwyl	-	-	verwyl	-	-
verwys	-	-	verwys	-	-
verwyt	-	-	verwyt	-	-
verwêreldlik	-	-	verwêreldlik	-	-
verydel	-	-	verydel	-	-
verys	-	-	verys	-	-
vetmes	-	-	vetgemes	-	-
vetsmeer	-	-	vetgesmeer	-	-
vetvoer	-	-	vetgevoer	-	-
vingertrek	-	-	vingergetrek	-	-
visvang	-	-	visgevang	-	-
vlamvat	-	-	vlamgevat	-	-
vleg	-	-	-	vlegtende	-
vlerksleep	-	-	vlerkgesleep	-	-
vlieg	-	-	-	vlieënde	-
vlug	-	-	-	vlugtende	-
voetslaan	-	-	voetgeslaan	-	-
volbring	-	-	volbring	-	-
voldoen	-	-	voldoen	-	-
voleindig	-	-	voleindig	-	-
volhard	-	-	volhard	-	-
volhou	-	-	volgehou	-	-
vollaai	-	-	volgelaai	-	-
volmaak	-	-	volgemaak	-	-
volprop	-	-	volgeprop	-	-
volskink	-	-	volgeskink	-	-
volstaan	-	-	volstaan	-	-
volstop	-	-	volgestop	-	-
volstort	-	-	volgestort	-	-
voltooi	-	-	voltooi	-	-
voltrek	-	-	voltrek	-	-
volvoer	-	-	volvoer	-	-
voorafgaan	-	-	voorafgegaan	-	-
voorafmeng	-	-	voorafgemeng	-	-
voorafvervaardig	-	-	voorafvervaardig	-	-
voorbeding	-	-	voorbeding	-	-
voorbehou	-	-	voorbehou	-	-
voorberei	-	-	voorberei	-	-
voorbeskik	-	-	voorbeskik	-	-
voorbestem	-	-	voorbestem	-	-
voorbid	-	-	voorgebid	-	-
voorbly	-	-	voorgebly	-	-
voorbrand	-	-	voorgebrand	-	-
voorbring	-	-	voorgebring	-	-
voordans	-	-	voorgedans	-	-
voordateer	-	-	voorgedateer	-	-
voordien	-	-	voorgedien	-	-
voordoen	-	-	voorgedoen	-	-
voordra	-	-	voorgedra	-	-
voorgaan	-	-	voorgegaan	voorgaande	-
voorgee	-	-	voorgegee	-	-
voorhaak	-	-	voorgehaak	-	-
voorhang	-	-	voorgehang	-	-
voorhou	-	-	voorgehou	-	-
voorhê	-	-	voorgehad	-	-
voorkeer	-	-	voorgekeer	-	-
voorkom	-	-	voorgekom	-	-
voorkou	-	-	voorgekou	-	-
voorkrimp	-	-	voorgekrimp	-	-
voorkry	-	-	voorgekry	-	-
voorlees	-	-	voorgelees	-	-
voorlig	-	-	voorgelig	-	-
voorloop	-	-	voorgeloop	-	-
voorlê	-	-	voorgelê	-	-
voorneem	-	-	voorgeneem	-	-
vooronderstel	-	-	vooronderstel	-	-
vooroorbuie	-	-	vooroorgebuie	-	-
vooroorbuig	-	-	vooroorgebuig	-	-
vooroorleun	-	-	vooroorgeleun	-	-
vooroorly	-	-	vooroorly	-	-
vooropgaan	-	-	vooropgegaan	-	-
vooropplaas	vooropgeplaas	-	vooropplaas	-	-
vooropstel	-	-	vooropgestel	-	-
voorpraat	-	-	voorgepraat	-	-
voorreken	-	-	voorgereken	-	-
voorry	-	-	voorgery	-	-
voorsien	-	-	voorsien	-	-
voorsing	-	-	voorgesing	-	-
voorsit	-	-	voorgesit	-	-
voorskiet	-	-	voorgeskiet	-	-
voorskryf	-	-	voorgeskryf	-	-
voorskrywe	-	-	voorgeskrywe	-	-
voorskuif	-	-	voorgeskuif	-	-
voorskuiwe	-	-	voorgeskuiwe	-	-
voorsny	-	-	voorgesny	-	-
voorspan	-	-	voorgespan	-	-
voorspeel	-	-	voorgespeel	-	-
voorspel	-	-	voorgespel	-	-
voorspieël	-	-	voorgespieël	-	-
voorspring	-	-	voorgespring	-	-
voorstaan	-	-	voorgestaan	-	-
voorstel	-	-	voorgestel	-	-
voorstoot	-	-	voorgestoot	-	-
voorsê	-	-	voorgesê	-	-
voortbestaan	-	-	voortbestaan	-	-
voortbeweeg	-	-	voortbeweeg	-	-
voortborduur	-	-	voortborduur	-	-
voortbou	-	-	voortgebou	-	-
voortbrand	-	-	voortgebrand	-	-
voortbring	-	-	voortgebring	-	-
voortdra	-	-	voortgedra	-	-
voortdring	-	-	voortgedring	-	-
voortdryf	-	-	voortgedryf	-	-
voortdrywe	-	-	voortgedrywe	-	-
voortduur	-	-	voortgeduur	-	-
voorteken	-	-	voorgeteken	-	-
voortgaan	-	-	voortgegaan	-	-
voorthelp	-	-	voortgehelp	-	-
voorthol	-	-	voortgehol	-	-
voorthuppel	-	-	voortgehuppel	-	-
voortja	-	-	voortgeja	-	-
voortjaag	-	-	voortgejaag	-	-
voortjae	-	-	voortgejae	-	-
voortkanker	-	-	voortgekanker	-	-
voortkom	-	-	voortgekom	-	-
voortkruip	-	-	voortgekruip	-	-
voortleef	-	-	voortgeleef	-	-
voortlewe	-	-	voortgelewe	-	-
voortmaak	-	-	voortgemaak	-	-
voortmarsjeer	-	-	voortgemarsjeer	-	-
voortplant	-	-	voortgeplant	-	-
voortploeter	-	-	voortgeploeter	-	-
voortrek	-	-	voorgetrek	-	-
voortrol	-	-	voortgerol	-	-
voortruk	-	-	voortgeruk	-	-
voortsit	-	-	voortgesit	-	-
voortskry	-	-	voortgeskry	-	-
voortskuif	-	-	voortgeskuif	-	-
voortskuiwe	-	-	voortgeskuiwe	-	-
voortslaap	-	-	voortgeslaap	-	-
voortsleep	-	-	voortgesleep	-	-
voortslenter	-	-	voortgeslenter	-	-
voortsleur	-	-	voortgesleur	-	-
voortsloer	-	-	voortgesloer	-	-
voortsluip	-	-	voortgesluip	-	-
voortsnel	-	-	voortgesnel	-	-
voortspeel	-	-	voortgespeel	-	-
voortspoed	-	-	voortgespoed	-	-
voortspruit	-	-	voortgespruit	-	-
voortstamp	-	-	voortgestamp	-	-
voortstap	-	-	voortgestap	-	-
voortstoot	-	-	voortgestoot	-	-
voortstorm	-	-	voortgestorm	-	-
voortstrompel	-	-	voortgestrompel	-	-
voortstu	-	-	voortgestu	-	-
voortsukkel	-	-	voortgesukkel	-	-
voortswoeg	-	-	voortgeswoeg	-	-
voortsê	-	-	voortgesê	-	-
voortteel	-	-	voortgeteel	-	-
voorttrek	-	-	voortgetrek	-	-
voortvaar	-	-	voortgevaar	-	-
voortvloei	-	-	voortgevloei	-	-
voortwerk	-	-	voortgewerk	-	-
voortwoed	-	-	voortgewoed	-	-
voortwoeker	-	-	voortgewoeker	-	-
voortworstel	-	-	voortgeworstel	-	-
voortyl	-	-	voortgeyl	-	-
vooruitbepaal	-	-	vooruitbepaal	-	-
vooruitbeplan	-	-	vooruitbeplan	-	-
vooruitbespreek	-	-	vooruitbespreek	-	-
vooruitbestel	-	-	vooruitbestel	-	-
vooruitbetaal	-	-	vooruitbetaal	-	-
vooruitbeur	-	-	vooruitgebeur	-	-
vooruitboer	-	-	vooruitgeboer	-	-
vooruitdateer	-	-	vooruitgedateer	-	-
vooruitdink	-	-	vooruitgedink	-	-
vooruithelp	-	-	vooruitgehelp	-	-
vooruitkom	-	-	vooruitgekom	-	-
vooruitloop	-	-	vooruitgeloop	-	-
vooruitreken	-	-	vooruitgereken	-	-
vooruitsien	-	-	vooruitsien	-	-
vooruitskiet	-	-	vooruitgeskiet	-	-
vooruitskuif	-	-	vooruitgeskuif	-	-
vooruitskuiwe	-	-	vooruitgeskuiwe	-	-
vooruitsnel	-	-	vooruitgesnel	-	-
vooruitspring	-	-	vooruitgespring	-	-
vooruitsteek	-	-	vooruitgesteek	-	-
vooruitstreef	-	-	vooruitgestreef	-	-
vooruitstrewe	-	-	vooruitgestrewe	-	-
vooruitweet	-	-	vooruitgeweet	-	-
voorval	-	-	voorgeval	-	-
voorverhit	-	-	voorverhit	-	-
voorverkoel	-	-	voorverkoel	-	-
voorverkoop	-	-	voorverkoop	-	-
voorveronderstel	-	-	voorveronderstel	-	-
voorvoeg	-	-	voorgevoeg	-	-
voorwend	-	-	voorgewend	-	-
voorwerk	-	-	voorgewerk	-	-
vortgaan	-	-	vortgegaan	-	-
vortmaak	-	-	vortgemaak	-	-
vrek	-	-	-	vrekkende	-
vrekmaak	-	-	vrekgemaak	-	-
vrekskiet	-	-	vrekgeskiet	-	-
vrekslaan	-	-	vrekgeslaan	-	-
vrot	-	-	-	vrottende	-
vrydraai	-	-	vrygedraai	-	-
vryf	-	-	-	vrywende	-
vrygee	-	-	vrygegee	-	-
vryhou	-	-	vrygehou	-	-
vrykom	-	-	vrygekom	-	-
vrykoop	-	-	vrygekoop	-	-
vrykry	-	-	vrygekry	-	-
vrylaat	-	-	vrygelaat	-	-
vryloop	-	-	vrygeloop	-	-
vrymaak	-	-	vrygemaak	-	-
vrypleit	-	-	vrygepleit	-	-
vryry	-	-	vrygery	-	-
vryskel	-	-	vrygeskel	-	-
vryskeld	-	-	vrygeskeld	-	-
vryspreek	-	-	vrygespreek	-	-
vryspring	-	-	vrygespring	-	-
vrystaan	-	-	vrygestaan	-	-
vrystel	-	-	vrygestel	-	-
vryveg	-	-	vrygeveg	-	-
vryverklaar	-	-	vryverklaar	-	-
vuilmaak	-	-	vuilgemaak	-	-
vuisslaan	-	-	vuisgeslaan	-	-
vuurmaak	-	-	-	vuurmakende	-
vuurslaan	-	-	vuurgeslaan	-	-
vêrgespring	-	-	vêrspring	-	-
waardeer	-	-	-	waarderende	-
waarmaak	-	-	waargemaak	-	-
waarneem	-	-	waargeneem	-	-
waarsê	-	-	waargesê	-	-
wag	-	-	-	wagtende	-
waghou	-	-	waggehou	-	-
walgooi	-	-	walgegooi	-	-
wanbestuur	-	-	wanbestuur	-	-
waninterpreteer	-	-	waninterpreteer	-	-
wanvertolk	-	-	wanvertolk	-	-
was	-	-	-	wassende	-
waterlei	-	-	watergelei	-	-
waterponiery	-	-	waterponiegery	-	-
waterponieski	-	-	waterponiegeski	-	-
watertrap	-	-	watergetrap	-	-
watertrek	-	-	watergetrek	-	-
wedervaar	-	-	wedervaar	-	-
weergalm	-	-	weergalm	-	-
weergee	-	-	weergegee	-	-
weerhou	-	-	weerhou	-	-
weerkaats	-	-	weerkaats	-	-
weerklink	-	-	weerklink	-	-
weerlê	-	-	weerlê	-	-
weerspieël	-	-	weerspieël	-	-
weerspreek	-	-	weerspreek	-	-
weerstreef	-	-	weerstreef	-	-
weerstrewe	-	-	weerstrewe	-	-
wees	is	was	-	synde	-
weet	-	wis	-	wetende	-
wegbars	-	-	weggebars	-	-
wegbeweeg	-	-	wegbeweeg	-	-
wegblaas	-	-	weggeblaas	-	-
wegbly	-	-	weggebly	-	-
wegbrand	-	-	weggebrand	-	-
wegbreek	-	-	weggebreek	-	-
wegbring	-	-	weggebring	-	-
wegbrokkel	-	-	weggebrokkel	-	-
wegbuie	-	-	weggebuie	-	-
wegbuig	-	-	weggebuig	-	-
wegbêre	-	-	weggebêre	-	-
wegdink	-	-	weggedink	-	-
wegdobbel	-	-	weggedobbel	-	-
wegdoen	-	-	weggedoen	-	-
wegdoesel	-	-	weggedoesel	-	-
wegdof	-	-	weggedof	-	-
wegdommel	-	-	weggedommel	-	-
wegdra	-	-	weggedra	-	-
wegdraai	-	-	weggedraai	-	-
wegdraf	-	-	weggedraf	-	-
wegdros	-	-	weggedros	-	-
wegdruk	-	-	weggedruk	-	-
wegdryf	-	-	weggedryf	-	-
wegdrywe	-	-	weggedrywe	-	-
wegduik	-	-	weggeduik	-	-
wegdwaal	-	-	weggedwaal	-	-
wegfladder	-	-	weggefladder	-	-
weggaan	-	-	weggegaan	weggaande	-
weggee	-	-	weggegee	-	-
wegglip	-	-	weggeglip	-	-
weggooi	-	-	weggegooi	-	-
weghardloop	-	-	weggehardloop	-	-
weghark	-	-	weggehark	-	-
weghelp	-	-	weggehelp	-	-
weghol	-	-	weggehol	-	-
weghou	-	-	weggehou	-	-
weghuppel	-	-	weggehuppel	-	-
wegja	-	-	weggeja	-	-
wegjaag	-	-	weggejaag	-	-
wegjae	-	-	weggejae	-	-
wegkalwe	-	-	weggekalwe	-	-
wegkeer	-	-	weggekeer	-	-
wegklap	-	-	weggeklap	-	-
wegknaag	-	-	weggeknaag	-	-
wegkom	-	-	weggekom	-	-
wegkoop	-	-	weggekoop	-	-
wegkrap	-	-	weggekrap	-	-
wegkrimp	-	-	weggekrimp	-	-
wegkruip	-	-	weggekruip	-	-
wegkry	-	-	weggekry	-	-
wegkwyn	-	-	weggekwyn	-	-
wegkyk	-	-	weggekyk	-	-
weglaat	-	-	weggelaat	-	-
weglag	-	-	weggelag	-	-
weglei	-	-	weggelei	-	-
weglok	-	-	weggelok	-	-
wegloop	-	-	weggeloop	-	-
weglê	-	-	weggelê	-	-
wegmaai	-	-	weggemaai	-	-
wegmaak	-	-	weggemaak	-	-
wegmarsjeer	-	-	weggemarsjeer	-	-
wegmoffel	-	-	weggemoffel	-	-
wegneem	-	-	weggeneem	-	-
wegpak	-	-	weggepak	-	-
wegpink	-	-	weggepink	-	-
wegpluk	-	-	weggepluk	-	-
wegpraat	-	-	weggepraat	-	-
wegraak	-	-	weggeraak	-	-
wegraap	-	-	weggeraap	-	-
wegredeneer	-	-	weggeredeneer	-	-
wegroep	-	-	weggeroep	-	-
wegrol	-	-	weggerol	-	-
wegruim	-	-	weggeruim	-	-
wegruk	-	-	weggeruk	-	-
wegry	-	-	weggery	-	-
wegsak	-	-	weggesak	-	-
wegseil	-	-	weggeseil	-	-
wegsink	-	-	weggesink	-	-
wegsit	-	-	weggesit	-	-
wegskeer	-	-	weggeskeer	-	-
wegskeur	-	-	weggeskeur	-	-
wegskop	-	-	weggeskop	-	-
wegskram	weggeskram	-	-	-	-
wegskuif	-	-	weggeskuif	-	-
wegskuur	-	-	weggeskuur	-	-
wegslaan	-	-	weggeslaan	-	-
wegsleep	-	-	weggesleep	-	-
wegsleur	-	-	weggesleur	-	-
wegslinger	-	-	weggeslinger	-	-
wegsluip	-	-	weggesluip	-	-
wegsluit	-	-	weggesluit	-	-
wegsluk	-	-	weggesluk	-	-
wegslyt	-	-	weggeslyt	-	-
wegsmelt	-	-	weggesmelt	-	-
wegspoel	-	-	weggespoel	-	-
wegspring	-	-	weggespring	-	-
wegstap	-	-	weggestap	-	-
wegsteek	-	-	weggesteek	-	-
wegsteel	-	-	weggesteel	-	-
wegsterf	-	-	weggesterf	-	-
wegsterwe	-	-	weggesterwe	-	-
wegstoot	-	-	weggestoot	-	-
wegstop	-	-	weggestop	-	-
wegstroom	-	-	weggestroom	-	-
wegstryk	-	-	weggestryk	-	-
wegstuif	-	-	weggestuif	-	-
wegstuiwe	-	-	weggestuiwe	-	-
wegstuur	-	-	weggestuur	-	-
wegsuip	-	-	weggesuip	-	-
wegswaai	-	-	weggeswaai	-	-
wegsweef	-	-	weggesweef	-	-
wegswenk	-	-	weggeswenk	-	-
wegswewe	-	-	weggeswewe	-	-
wegsyfer	-	-	weggesyfer	-	-
wegtoor	-	-	weggetoor	-	-
wegtrap	-	-	weggetrap	-	-
wegtrek	-	-	weggetrek	-	-
wegvaag	-	-	weggevaag	-	-
wegval	-	-	weggeval	-	-
wegvee	-	-	weggevee	-	-
wegverweer	-	-	wegverweer	-	-
wegvlieg	-	-	weggevlieg	-	-
wegvloei	-	-	weggevloei	-	-
wegvlug	-	-	weggevlug	-	-
wegvoer	-	-	weggevoer	-	-
wegvou	-	-	weggevou	-	-
wegvreet	-	-	weggevreet	-	-
wegvryf	-	-	weggevryf	-	-
wegvrywe	-	-	weggevrywe	-	-
wegwaai	-	-	weggewaai	-	-
wegwend	-	-	weggewend	-	-
wegwerk	-	-	weggewerk	-	-
wegwys	-	-	weggewys	-	-
wegyl	-	-	weggeyl	-	-
weldoen	-	-	welgedoen	-	-
wen	-	-	-	wennende	-
wil	-	wou	-	-	-
wil-wil	-	wou-wou	-	-	-
worde	word	werd	-	wordende	-
wortelskiet	-	-	wortelgeskiet	-	-
worteltrek	-	-	wortelgetrek	-	-
wysmaak	-	-	wysgemaak	-	-
x-straal	-	-	ge-x-straal	-	-
ysklim	-	-	ysgeklim	-	-
êe	-	-	-	êende	-
