# lemma	PA	IA	PP	IP
آب	آبَ	يَؤُوبُ	إِيبَ	يُؤَابُ
آتى	آتَى	يُؤْتِي	أُوتِيَ	يُؤْتَى
آثر	آثَرَ	يُؤْثِرُ	أُوثِرَ	يُؤْثَرُ
آجر	آجَرَ	يُؤْجِرُ	أُوجِرَ	يُؤْجَرُ
آخذ	آخَذَ	يُؤَاخِذُ	أُوخِذَ	يُؤَاخَذُ
آخى	آخَى	يُؤَاخِي	أُوخِيَ	يُؤَاخَى
آد	آدَ	يَؤُودُ	إِيدَ	يُؤَادُ
آذن	آذَنَ	يُؤْذِنُ	أُوذِنَ	يُؤْذَنُ
آذى	آذَى	يُؤْذِي	أُوذِيَ	يُؤْذَى
آر	آرَ	يَئِيرُ	إِيرَ	يُؤَارُ
آرق	آرَقَ	يُؤْرِقُ	أُورِقَ	يُؤْرَقُ
آزر	آزَرَ	يُؤَازِرُ	أُوزِرَ	يُؤَازَرُ
آسف	آسَفَ	يُؤْسِفُ	أُوسِفَ	يُؤْسَفُ
آض	آضَ	يَئِيضُ	إِيضَ	يُؤَاضُ
آكل	آكَلَ	يُؤْكِلُ	أُوكِلَ	يُؤْكَلُ
آل	آلَ	يَؤُولُ	إِيلَ	يُؤَالُ
آلم	آلَمَ	يُؤْلِمُ	أُولِمَ	يُؤْلَمُ
آلى	آلَى	يُؤْلِي	أُولِيَ	يُؤْلَى
آم	آمَ	يَؤُومُ	إِيمَ	يُؤَامُ
آمر	آمَرَ	يُؤَامِرُ	أُومِرَ	يُؤَامَرُ
آمن	آمَنَ	يُؤْمِنُ	أُومِنَ	يُؤْمَنُ
آن	آنَ	يَؤُونُ	إِينَ	يُؤَانُ
آنث	آنَثَ	يُؤْنِثُ	-	-
آنس	آنَسَ	يُؤْنِسُ	أُونِسَ	يُؤْنَسُ
آنى	آنَى	يُؤْنِي	أُونِيَ	يُؤْنَى
آه	آهَ	يَؤُوهُ	-	-
آوى	آوَى	يُؤْوِي	أُووِيَ	يُؤْوَى
آيس	آيَسَ	يُؤْيِسُ	أُويِسَ	يُؤْيَسُ
أب	أَبَّ	يَؤُبُّ	أُبَّ	يُؤَبُّ
أبا	أَبَا	يَأْبُو	أُبِيَ	يُؤْبَى
أباح	أَبَاحَ	يُبِيحُ	أُبِيحَ	يُبَاحُ
أباد	أَبَادَ	يُبِيدُ	أُبِيدَ	يُبَادُ
أباض	أَبَاضَ	يُبِيضُ	أُبِيضَ	يُبَاضُ
أباع	أَبَاعَ	يُبِيعُ	أُبِيعَ	يُبَاعُ
أبان	أَبَانَ	يُبِينُ	أُبِينَ	يُبَانُ
أبب	أَبَّبَ	يُؤَبِّبُ	أُبِّبَ	يُؤَبَّبُ
أبث	أَبَثَ	يَأْبِثُ	أُبِثَ	يُؤْبَثُ
أبحر	أَبْحَرَ	يُبْحِرُ	أُبْحِرَ	يُبْحَرُ
أبد	أَبَّدَ	يُؤَبِّدُ	أُبِّدَ	يُؤَبَّدُ
أبدع	أَبْدَعَ	يُبْدِعُ	أُبْدِعَ	يُبْدَعُ
أبدل	أَبْدَلَ	يُبْدِلُ	أُبْدِلَ	يُبْدَلُ
أبدى	أَبْدَى	يُبْدِي	أُبْدِيَ	يُبْدَى
أبر	أَبَرَّ	يُبِرُّ	أُبِرَّ	يُبَرُّ
أبرز	أَبْرَزَ	يُبْرِزُ	أُبْرِزَ	يُبْرَزُ
أبرق	أَبْرَقَ	يُبْرِقُ	أُبْرِقَ	يُبْرَقُ
أبرم	أَبْرَمَ	يُبْرِمُ	أُبْرِمَ	يُبْرَمُ
أبش	أَبَّشَ	يُؤَبِّشُ	أُبِّشَ	يُؤَبَّشُ
أبشر	أَبْشَرَ	يُبْشِرُ	أُبْشِرَ	يُبْشَرُ
أبصر	أَبْصَرَ	يُبْصِرُ	أُبْصِرَ	يُبْصَرُ
أبطأ	أَبْطَأَ	يُبْطِئُ	أُبْطِئَ	يُبْطَأُ
أبطل	أَبْطَلَ	يُبْطِلُ	أُبْطِلَ	يُبْطَلُ
أبعد	أَبْعَدَ	يُبْعِدُ	أُبْعِدَ	يُبْعَدُ
أبغض	أَبْغَضَ	يُبْغِضُ	أُبْغِضَ	يُبْغَضُ
أبق	أَبَقَ	يَأْبِقُ	أُبِقَ	يُؤْبَقُ
أبقى	أَبْقَى	يُبْقِي	أُبْقِيَ	يُبْقَى
أبكى	أَبْكَى	يُبْكِي	أُبْكِيَ	يُبْكَى
أبلس	أَبْلَسَ	يُبْلِسُ	أُبْلِسَ	يُبْلَسُ
أبلع	أَبْلَعَ	يُبْلِعُ	أُبْلِعَ	يُبْلَعُ
أبلغ	أَبْلَغَ	يُبْلِغُ	أُبْلِغَ	يُبْلَغُ
أبن	أَبَنَّ	يُبِنُّ	أُبِّنَ	يُؤَبَّنُ
أبه	أَبِهَ	يَأْبَهُ	أُبِهَ	يُؤْبَهُ
أبهج	أَبْهَجَ	يُبْهِجُ	أُبْهِجَ	يُبْهَجُ
أبهر	أَبْهَرَ	يُبْهِرُ	أُبْهِرَ	يُبْهَرُ
أبهل	أَبْهَلَ	يُبْهِلُ	أُبْهِلَ	يُبْهَلُ
أبهم	أَبْهَمَ	يُبْهِمُ	أُبْهِمَ	يُبْهَمُ
أبى	أَبَى	يَأْبَى	أُبِيَ	يُؤْبَى
أتاح	أَتَاحَ	يُتِيحُ	أُتِيحَ	يُتَاحُ
أتبع	أَتْبَعَ	يُتْبِعُ	أُتْبِعَ	يُتْبَعُ
أتخم	أَتْخَمَ	يُتْخِمُ	أُتْخِمَ	يُتْخَمُ
أترب	أَتْرَبَ	يُتْرِبُ	أُتْرِبَ	يُتْرَبُ
أترك	أَتْرَكَ	يُؤَتْرِكُ	أُتْرِكَ	يُؤَتْرَكُ
أتعب	أَتْعَبَ	يُتْعِبُ	أُتْعِبَ	يُتْعَبُ
أتقن	أَتْقَنَ	يُتْقِنُ	أُتْقِنَ	يُتْقَنُ
أتلع	أَتْلَعَ	يُتْلِعُ	-	-
أتلف	أَتْلَفَ	يُتْلِفُ	أُتْلِفَ	يُتْلَفُ
أتم	أَتَمَّ	يُتِمُّ	أُتِمَّ	يُتَمُّ
أتمت	أَتْمَتَ	يُؤَتْمِتُ	أُتْمِتَ	يُؤَتْمَتُ
أتمر	أَتْمَرَ	يُتْمِرُ	-	-
أتى	أَتَى	يَأْتِي	أُتِيَ	يُؤْتَى
أثاب	أَثَابَ	يُثِيبُ	أُثِيبَ	يُثَابُ
أثار	أَثَارَ	يُثِيرُ	أُثِيرَ	يُثَارُ
أثبت	أَثْبَتَ	يُثْبِتُ	أُثْبِتَ	يُثْبَتُ
أثث	أَثَّثَ	يُؤَثِّثُ	أُثِّثَ	يُؤَثَّثُ
أثر	أَثَّرَ	يُؤَثِّرُ	أُثِّرَ	يُؤَثَّرُ
أثرى	أَثْرَى	يُثْرِي	أُثْرِيَ	يُثْرَى
أثقل	أَثْقَلَ	يُثْقِلُ	أُثْقِلَ	يُثْقَلُ
أثلج	أَثْلَجَ	يُثْلِجُ	أُثْلِجَ	يُثْلَجُ
أثم	أَثِمَ	يَأْثَمُ	-	-
أثمر	أَثْمَرَ	يُثْمِرُ	أُثْمِرَ	يُثْمَرُ
أثنى	أَثْنَى	يُثْنِي	أُثْنِيَ	يُثْنَى
أجاب	أَجَابَ	يُجِيبُ	أُجِيبَ	يُجَابُ
أجاد	أَجَادَ	يُجِيدُ	أُجِيدَ	يُجَادُ
أجار	أَجَارَ	يُجِيرُ	أُجِيرَ	يُجَارُ
أجاز	أَجَازَ	يُجِيزُ	أُجِيزَ	يُجَازُ
أجاع	أَجَاعَ	يُجِيعُ	أُجِيعَ	يُجَاعُ
أجاف	أَجَافَ	يُجِيفُ	أُجِيفَ	يُجَافُ
أجبر	أَجْبَرَ	يُجْبِرُ	أُجْبِرَ	يُجْبَرُ
أجبل	أَجْبَلَ	يُجْبِلُ	أُجْبِلَ	يُجْبَلُ
أجج	أَجَّجَ	يُؤَجِّجُ	أُجِّجَ	يُؤَجَّجُ
أجدب	أَجْدَبَ	يُجْدِبُ	أُجْدِبَ	يُجْدَبُ
أجدى	أَجْدَى	يُجْدِي	أُجْدِيَ	يُجْدَى
أجر	أَجَرَّ	يُجِرُّ	أُجِرَّ	يُجَرُّ
أجرم	أَجْرَمَ	يُجْرِمُ	أُجْرِمَ	يُجْرَمُ
أجرى	أَجْرَى	يُجْرِي	أُجْرِيَ	يُجْرَى
أجز	أَجَزَّ	يُجِزُّ	أُجِزَّ	يُجَزُّ
أجشم	أَجْشَمَ	يُجْشِمُ	أُجْشِمَ	يُجْشَمُ
أجل	أَجَلَّ	يُجِلُّ	أُجِلَّ	يُجَلُّ
أجلد	أَجْلَدَ	يُجْلِدُ	أُجْلِدَ	يُجْلَدُ
أجلس	أَجْلَسَ	يُجْلِسُ	أُجْلِسَ	يُجْلَسُ
أجلى	أَجْلَى	يُجْلِي	أُجْلِيَ	يُجْلَى
أجمع	أَجْمَعَ	يُجْمِعُ	أُجْمِعَ	يُجْمَعُ
أجمل	أَجْمَلَ	يُجْمِلُ	أُجْمِلَ	يُجْمَلُ
أجن	أَجَنَ	يَأْجِنُ	أُجِنَ	يُؤْجَنُ
أجهد	أَجْهَدَ	يُجْهِدُ	أُجْهِدَ	يُجْهَدُ
أجهش	أَجْهَشَ	يُجْهِشُ	أُجْهِشَ	يُجْهَشُ
أجهض	أَجْهَضَ	يُجْهِضُ	أُجْهِضَ	يُجْهَضُ
أحاط	أَحَاطَ	يُحِيطُ	أُحِيطَ	يُحَاطُ
أحال	أَحَالَ	يُحِيلُ	أُحِيلَ	يُحَالُ
أحب	أَحَبَّ	يُحِبُّ	أُحِبَّ	يُحَبُّ
أحبط	أَحْبَطَ	يُحْبِطُ	أُحْبِطَ	يُحْبَطُ
أحبل	أَحْبَلَ	يُحْبِلُ	أُحْبِلَ	يُحْبَلُ
أحجم	أَحْجَمَ	يُحْجِمُ	-	-
أحد	أَحَدَّ	يُحِدُّ	أُحِدَّ	يُحَدُّ
أحدث	أَحْدَثَ	يُحْدِثُ	أُحْدِثَ	يُحْدَثُ
أحرج	أَحْرَجَ	يُحْرِجُ	أُحْرِجَ	يُحْرَجُ
أحرز	أَحْرَزَ	يُحْرِزُ	أُحْرِزَ	يُحْرَزُ
أحرق	أَحْرَقَ	يُحْرِقُ	أُحْرِقَ	يُحْرَقُ
أحرم	أَحْرَمَ	يُحْرِمُ	أُحْرِمَ	يُحْرَمُ
أحرى	أَحْرَى	يُحْرِي	أُحْرِيَ	يُحْرَى
أحزن	أَحْزَنَ	يُحْزِنُ	أُحْزِنَ	يُحْزَنُ
أحس	أَحَسَّ	يُحِسُّ	أُحِسَّ	يُحَسُّ
أحسن	أَحْسَنَ	يُحْسِنُ	أُحْسِنَ	يُحْسَنُ
أحصن	أَحْصَنَ	يُحْصِنُ	أُحْصِنَ	يُحْصَنُ
أحصى	أَحْصَى	يُحْصِي	أُحْصِيَ	يُحْصَى
أحضر	أَحْضَرَ	يُحْضِرُ	أُحْضِرَ	يُحْضَرُ
أحفظ	أَحْفَظَ	يُحْفِظُ	أُحْفِظَ	يُحْفَظُ
أحق	أَحَقَّ	يُحِقُّ	أُحِقَّ	يُحَقُّ
أحقد	أَحْقَدَ	يُحْقِدُ	أُحْقِدَ	يُحْقَدُ
أحك	أَحَكَّ	يُحِكُّ	أُحِكَّ	يُحَكُّ
أحكم	أَحْكَمَ	يُحْكِمُ	أُحْكِمَ	يُحْكَمُ
أحل	أَحَلَّ	يُحِلُّ	أُحِلَّ	يُحَلُّ
أحمد	أَحْمَدَ	يُحْمِدُ	أُحْمِدَ	يُحْمَدُ
أحمل	أَحْمَلَ	يُحْمِلُ	أُحْمِلَ	يُحْمَلُ
أحن	أَحِنَ	يَأْحَنُ	أُحِنَ	يُؤْحَنُ
أحنك	أَحْنَكَ	يُحْنِكُ	أُحْنِكَ	يُحْنَكُ
أحنى	أَحْنَى	يُحْنِي	أُحْنِيَ	يُحْنَى
أحوج	أَحْوَجَ	يُحْوِجُ	أُحْوِجَ	يُحْوَجُ
أحيا	أَحْيَا	يُحْيِي	أُحْيِيَ	يُحْيَا
أخاف	أَخَافَ	يُخِيفُ	أُخِيفَ	يُخَافُ
أخبث	أَخْبَثَ	يُخْبِثُ	أُخْبِثَ	يُخْبَثُ
أخبر	أَخْبَرَ	يُخْبِرُ	أُخْبِرَ	يُخْبَرُ
أخجل	أَخْجَلَ	يُخْجِلُ	أُخْجِلَ	يُخْجَلُ
أخدر	أَخْدَرَ	يُخْدِرُ	أُخْدِرَ	يُخْدَرُ
أخذ	أَخَّذَ	يُؤَخِّذُ	أُخِّذَ	يُؤَخَّذُ
أخر	أَخَّرَ	يُؤَخِّرُ	أُخِّرَ	يُؤَخَّرُ
أخرج	أَخْرَجَ	يُخْرِجُ	أُخْرِجَ	يُخْرَجُ
أخرس	أَخْرَسَ	يُخْرِسُ	أُخْرِسَ	يُخْرَسُ
أخسر	أَخْسَرَ	يُخْسِرُ	أُخْسِرَ	يُخْسَرُ
أخصى	أَخْصَى	يُخْصِي	أُخْصِيَ	يُخْصَى
أخضع	أَخْضَعَ	يُخْضِعُ	أُخْضِعَ	يُخْضَعُ
أخضل	أَخْضَلَ	يُخْضِلُ	أُخْضِلَ	يُخْضَلُ
أخطأ	أَخْطَأَ	يُخْطِئُ	أُخْطِئَ	يُخْطَأُ
أخطر	أَخْطَرَ	يُخْطِرُ	أُخْطِرَ	يُخْطَرُ
أخطف	أَخْطَفَ	يُخْطِفُ	أُخْطِفَ	يُخْطَفُ
أخفق	أَخْفَقَ	يُخْفِقُ	أُخْفِقَ	يُخْفَقُ
أخفى	أَخْفَى	يُخْفِي	أُخْفِيَ	يُخْفَى
أخل	أَخَلَّ	يُخِلُّ	أُخِلَّ	يُخَلُّ
أخلد	أَخْلَدَ	يُخْلِدُ	أُخْلِدَ	يُخْلَدُ
أخلص	أَخْلَصَ	يُخْلِصُ	أُخْلِصَ	يُخْلَصُ
أخلف	أَخْلَفَ	يُخْلِفُ	أُخْلِفَ	يُخْلَفُ
أخلق	أَخْلَقَ	يُخْلِقُ	أُخْلِقَ	يُخْلَقُ
أخلى	أَخْلَى	يُخْلِي	أُخْلِيَ	يُخْلَى
أخمد	أَخْمَدَ	يُخْمِدُ	أُخْمِدَ	يُخْمَدُ
أخمر	أَخْمَرَ	يُخْمِرُ	أُخْمِرَ	يُخْمَرُ
أخنس	أَخْنَسَ	يُخْنِسُ	أُخْنِسَ	يُخْنَسُ
أخون	أَخْوَنَ	يُؤَخْوِنُ	أُخْوِنَ	يُؤَخْوَنُ
أداء	أَدَاءَ	يُدِيءُ	أُدِيءَ	يُدَاءُ
أدار	أَدَارَ	يُدِيرُ	أُدِيرَ	يُدَارُ
أداف	أَدَافَ	يُدِيفُ	أُدِيفَ	يُدَافُ
أدام	أَدَامَ	يُدِيمُ	أُدِيمَ	يُدَامُ
أدان	أَدَانَ	يُدِينُ	أُدِينَ	يُدَانُ
أدب	أَدَّبَ	يُؤَدِّبُ	أُدِّبَ	يُؤَدَّبُ
أدبر	أَدْبَرَ	يُدْبِرُ	أُدْبِرَ	يُدْبَرُ
أدجى	أَدْجَى	يُدْجِي	أُدْجِيَ	يُدْجَى
أدحض	أَدْحَضَ	يُدْحِضُ	أُدْحِضَ	يُدْحَضُ
أدخل	أَدْخَلَ	يُدْخِلُ	أُدْخِلَ	يُدْخَلُ
أدر	أَدَرَّ	يُدِرُّ	أُدِرَّ	يُدَرُّ
أدرج	أَدْرَجَ	يُدْرِجُ	أُدْرِجَ	يُدْرَجُ
أدرك	أَدْرَكَ	يُدْرِكُ	أُدْرِكَ	يُدْرَكُ
أدرى	أَدْرَى	يُدْرِي	أُدْرِيَ	يُدْرَى
أدسم	أَدْسَمَ	يُدْسِمُ	أُدْسِمَ	يُدْسَمُ
أدلج	أَدْلَجَ	يُؤَدْلِجُ	أُدْلِجَ	يُؤَدْلَجُ
أدم	أَدَمَ	يَأْدِمُ	أُدِمَ	يُؤْدَمُ
أدمن	أَدْمَنَ	يُدْمِنُ	أُدْمِنَ	يُدْمَنُ
أدمى	أَدْمَى	يُدْمِي	أُدْمِيَ	يُدْمَى
أدهش	أَدْهَشَ	يُدْهِشُ	أُدْهِشَ	يُدْهَشُ
أدوأ	أَدْوَأَ	يُدْوِئُ	أُدْوِئَ	يُدْوَأُ
أدى	أَدَّى	يُؤَدِّي	أُدِّيَ	يُؤَدَّى
أذاع	أَذَاعَ	يُذِيعُ	أُذِيعَ	يُذَاعُ
أذال	أَذَالَ	يُذِيلُ	أُذِيلَ	يُذَالُ
أذعن	أَذْعَنَ	يُذْعِنُ	أُذْعِنَ	يُذْعَنُ
أذكر	أَذْكَرَ	يُذْكِرُ	أُذْكِرَ	يُذْكَرُ
أذل	أَذَلَّ	يُذِلُّ	أُذِلَّ	يُذَلُّ
أذلق	أَذْلَقَ	يُذْلِقُ	أُذْلِقَ	يُذْلَقُ
أذن	أَذَّنَ	يُؤَذِّنُ	أُذِّنَ	يُؤَذَّنُ
أذنب	أَذْنَبَ	يُذْنِبُ	أُذْنِبَ	يُذْنَبُ
أذهب	أَذْهَبَ	يُذْهِبُ	أُذْهِبَ	يُذْهَبُ
أذوى	أَذْوَى	يُذْوِي	أُذْوِيَ	يُذْوَى
أراح	أَرَاحَ	يُرِيحُ	أُرِيحَ	يُرَاحُ
أراد	أَرَادَ	يُرِيدُ	أُرِيدَ	يُرَادُ
أراع	أَرَاعَ	يُرِيعُ	أُرِيعَ	يُرَاعُ
أراق	أَرَاقَ	يُرِيقُ	أُرِيقَ	يُرَاقُ
أربح	أَرْبَحَ	يُرْبِحُ	أُرْبِحَ	يُرْبَحُ
أربد	أَرْبَدَ	يُرْبِدُ	أُرْبِدَ	يُرْبَدُ
أربك	أَرْبَكَ	يُرْبِكُ	أُرْبِكَ	يُرْبَكُ
أرتب	أَرْتَبَ	يُرْتِبُ	أُرْتِبَ	يُرْتَبُ
أرجأ	أَرْجَأَ	يُرْجِئُ	أُرْجِئَ	يُرْجَأُ
أرجف	أَرْجَفَ	يُرْجِفُ	أُرْجِفَ	يُرْجَفُ
أرجى	أَرْجَى	يُرْجِي	أُرْجِيَ	يُرْجَى
أرخ	أَرَّخَ	يُؤَرِّخُ	أُرِّخَ	يُؤَرَّخُ
أرخى	أَرْخَى	يُرْخِي	أُرْخِيَ	يُرْخَى
أردف	أَرْدَفَ	يُرْدِفُ	أُرْدِفَ	يُرْدَفُ
أردن	أَرْدَنَ	يُؤَرْدِنُ	أُرْدِنَ	يُؤَرْدَنُ
أردى	أَرْدَى	يُرْدِي	أُرْدِيَ	يُرْدَى
أرذل	أَرْذَلَ	يُرْذِلُ	أُرْذِلَ	يُرْذَلُ
أرز	أَرَزَّ	يُرِزُّ	أُرِزَّ	يُرَزُّ
أرسب	أَرْسَبَ	يُرْسِبُ	أُرْسِبَ	يُرْسَبُ
أرسخ	أَرْسَخَ	يُرْسِخُ	أُرْسِخَ	يُرْسَخُ
أرسل	أَرْسَلَ	يُرْسِلُ	أُرْسِلَ	يُرْسَلُ
أرسى	أَرْسَى	يُرْسِي	أُرْسِيَ	يُرْسَى
أرشد	أَرْشَدَ	يُرْشِدُ	أُرْشِدَ	يُرْشَدُ
أرشف	أَرْشَفَ	يُؤَرْشِفُ	أُرْشِفَ	يُؤَرْشَفُ
أرض	أَرَّضَ	يُؤَرِّضُ	أُرِّضَ	يُؤَرَّضُ
أرضع	أَرْضَعَ	يُرْضِعُ	أُرْضِعَ	يُرْضَعُ
أرضى	أَرْضَى	يُرْضِي	أُرْضِيَ	يُرْضَى
أرعب	أَرْعَبَ	يُرْعِبُ	أُرْعِبَ	يُرْعَبُ
أرعد	أَرْعَدَ	يُرْعِدُ	أُرْعِدَ	يُرْعَدُ
أرغم	أَرْغَمَ	يُرْغِمُ	أُرْغِمَ	يُرْغَمُ
أرغن	أَرْغَنَ	يُرْغِنُ	أُرْغِنَ	يُرْغَنُ
أرفض	أَرْفَضَ	يُرْفِضُ	أُرْفِضَ	يُرْفَضُ
أرفق	أَرْفَقَ	يُرْفِقُ	أُرْفِقَ	يُرْفَقُ
أرق	أَرَّقَ	يُؤَرِّقُ	أُرِّقَ	يُؤَرَّقُ
أرقد	أَرْقَدَ	يُرْقِدُ	أُرْقِدَ	يُرْقَدُ
أركس	أَرْكَسَ	يُرْكِسُ	أُرْكِسَ	يُرْكَسُ
أركض	أَرْكَضَ	يُرْكِضُ	-	-
أرمل	أَرْمَلَ	يُرْمِلُ	-	-
أرهب	أَرْهَبَ	يُرْهِبُ	أُرْهِبَ	يُرْهَبُ
أرهف	أَرْهَفَ	يُرْهِفُ	أُرْهِفَ	يُرْهَفُ
أرهق	أَرْهَقَ	يُرْهِقُ	أُرْهِقَ	يُرْهَقُ
أروح	أَرْوَحَ	يُرْوِحُ	-	-
أرى	أَرَى	يُرِي	أُرِيَ	يُرَى
أري	أَرِيَ	يَأْرَى	-	-
أزأم	أَزْأَمَ	يُزْئِمُ	أُزْئِمَ	يُزْأَمُ
أزاح	أَزَاحَ	يُزِيحُ	أُزِيحَ	يُزَاحُ
أزال	أَزَالَ	يُزِيلُ	أُزِيلَ	يُزَالُ
أزر	أَزَّرَ	يُؤَزِّرُ	أُزِّرَ	يُؤَزَّرُ
أزرع	أَزْرَعَ	يُزْرِعُ	أُزْرِعَ	يُزْرَعُ
أزرى	أَزْرَى	يُزْرِي	أُزْرِيَ	يُزْرَى
أزعج	أَزْعَجَ	يُزْعِجُ	أُزْعِجَ	يُزْعَجُ
أزعل	أَزْعَلَ	يُزْعِلُ	أُزْعِلَ	يُزْعَلُ
أزلف	أَزْلَفَ	يُزْلِفُ	أُزْلِفَ	يُزْلَفُ
أزهر	أَزْهَرَ	يُزْهِرُ	-	-
أزهق	أَزْهَقَ	يُزْهِقُ	أُزْهِقَ	يُزْهَقُ
أسأم	أَسْأَمَ	يُسْئِمُ	أُسْئِمَ	يُسْأَمُ
أساء	أَسَاءَ	يُسِيءُ	أُسِيءَ	يُسَاءُ
أسبغ	أَسْبَغَ	يُسْبِغُ	أُسْبِغَ	يُسْبَغُ
أسبن	أَسْبَنَ	يُؤَسْبِنُ	أُسْبِنَ	يُؤَسْبَنُ
أسحق	أَسْحَقَ	يُسْحِقُ	أُسْحِقَ	يُسْحَقُ
أسخط	أَسْخَطَ	يُسْخِطُ	أُسْخِطَ	يُسْخَطُ
أسد	أَسَدَّ	يُسِدُّ	أُسِدَّ	يُسَدُّ
أسدل	أَسْدَلَ	يُسْدِلُ	أُسْدِلَ	يُسْدَلُ
أسدى	أَسْدَى	يُسْدِي	أُسْدِيَ	يُسْدَى
أسر	أَسَرَّ	يُسِرُّ	أُسِرَّ	يُسَرُّ
أسرج	أَسْرَجَ	يُسْرِجُ	أُسْرِجَ	يُسْرَجُ
أسرع	أَسْرَعَ	يُسْرِعُ	أُسْرِعَ	يُسْرَعُ
أسرف	أَسْرَفَ	يُسْرِفُ	أُسْرِفَ	يُسْرَفُ
أسرل	أَسْرَلَ	يُؤَسْرِلُ	أُسْرِلَ	يُؤَسْرَلُ
أسرى	أَسْرَى	يُسْرِي	أُسْرِيَ	يُسْرَى
أسس	أَسَّسَ	يُؤَسِّسُ	أُسِّسَ	يُؤَسَّسُ
أسعد	أَسْعَدَ	يُسْعِدُ	أُسْعِدَ	يُسْعَدُ
أسعف	أَسْعَفَ	يُسْعِفُ	أُسْعِفَ	يُسْعَفُ
أسف	أَسَفَّ	يُسِفُّ	أُسِفَّ	يُسَفُّ
أسفر	أَسْفَرَ	يُسْفِرُ	أُسْفِرَ	يُسْفَرُ
أسقط	أَسْقَطَ	يُسْقِطُ	أُسْقِطَ	يُسْقَطُ
أسقى	أَسْقَى	يُسْقِي	أُسْقِيَ	يُسْقَى
أسكر	أَسْكَرَ	يُسْكِرُ	أُسْكِرَ	يُسْكَرُ
أسكن	أَسْكَنَ	يُسْكِنُ	أُسْكِنَ	يُسْكَنُ
أسل	أَسَلَّ	يُسِلُّ	أُسِلَّ	يُسَلُّ
أسلك	أَسْلَكَ	يُسْلِكُ	أُسْلِكَ	يُسْلَكُ
أسلم	أَسْلَمَ	يُؤَسْلِمُ	أُسْلِمَ	يُؤَسْلَمُ
أسمع	أَسْمَعَ	يُسْمِعُ	أُسْمِعَ	يُسْمَعُ
أسمن	أَسْمَنَ	يُسْمِنُ	أُسْمِنَ	يُسْمَنُ
أسمى	أَسْمَى	يُسْمِي	أُسْمِيَ	يُسْمَى
أسن	أَسَنَّ	يُسِنُّ	أُسِنَّ	يُسَنُّ
أسند	أَسْنَدَ	يُسْنِدُ	أُسْنِدَ	يُسْنَدُ
أسنى	أَسْنَى	يُسْنِي	أُسْنِيَ	يُسْنَى
أسهب	أَسْهَبَ	يُسْهِبُ	أُسْهِبَ	يُسْهَبُ
أسهر	أَسْهَرَ	يُسْهِرُ	أُسْهِرَ	يُسْهَرُ
أسهم	أَسْهَمَ	يُسْهِمُ	أُسْهِمَ	يُسْهَمُ
أسي	أَسِيَ	يَأْسَى	أُسِيَ	يُؤْسَى
أشاب	أَشَابَ	يُشِيبُ	أُشِيبَ	يُشَابُ
أشاح	أَشَاحَ	يُشِيحُ	أُشِيحَ	يُشَاحُ
أشاد	أَشَادَ	يُشِيدُ	أُشِيدَ	يُشَادُ
أشار	أَشَارَ	يُشِيرُ	أُشِيرَ	يُشَارُ
أشاط	أَشَاطَ	يُشِيطُ	أُشِيطَ	يُشَاطُ
أشاع	أَشَاعَ	يُشِيعُ	أُشِيعَ	يُشَاعُ
أشال	أَشَالَ	يُشِيلُ	أُشِيلَ	يُشَالُ
أشب	أَشَبَّ	يُشِبُّ	أُشِبَّ	يُشَبُّ
أشبع	أَشْبَعَ	يُشْبِعُ	أُشْبِعَ	يُشْبَعُ
أشخص	أَشْخَصَ	يُشْخِصُ	أُشْخِصَ	يُشْخَصُ
أشرب	أَشْرَبَ	يُشْرِبُ	أُشْرِبَ	يُشْرَبُ
أشرف	أَشْرَفَ	يُشْرِفُ	أُشْرِفَ	يُشْرَفُ
أشرك	أَشْرَكَ	يُشْرِكُ	أُشْرِكَ	يُشْرَكُ
أشع	أَشَعَّ	يُشِعُّ	أُشِعَّ	يُشَعُّ
أشعر	أَشْعَرَ	يُشْعِرُ	أُشْعِرَ	يُشْعَرُ
أشعل	أَشْعَلَ	يُشْعِلُ	أُشْعِلَ	يُشْعَلُ
أشغل	أَشْغَلَ	يُشْغِلُ	أُشْغِلَ	يُشْغَلُ
أشفق	أَشْفَقَ	يُشْفِقُ	أُشْفِقَ	يُشْفَقُ
أشقى	أَشْقَى	يُشْقِي	أُشْقِيَ	يُشْقَى
أشكل	أَشْكَلَ	يُشْكِلُ	أُشْكِلَ	يُشْكَلُ
أشكى	أَشْكَى	يُشْكِي	أُشْكِيَ	يُشْكَى
أشل	أَشَلَّ	يُشِلُّ	أُشِلَّ	يُشَلُّ
أشلى	أَشْلَى	يُشْلِي	أُشْلِيَ	يُشْلَى
أشم	أَشَمَّ	يُشِمُّ	أُشِمَّ	يُشَمُّ
أشمت	أَشْمَتَ	يُشْمِتُ	أُشْمِتَ	يُشْمَتُ
أشمس	أَشْمَسَ	يُشْمِسُ	-	-
أشهد	أَشْهَدَ	يُشْهِدُ	أُشْهِدَ	يُشْهَدُ
أشهر	أَشْهَرَ	يُشْهِرُ	أُشْهِرَ	يُشْهَرُ
أصأب	أَصْأَبَ	يُصْئِبُ	أُصْئِبَ	يُصْأَبُ
أصاب	أَصَابَ	يُصِيبُ	أُصِيبَ	يُصَابُ
أصاخ	أَصَاخَ	يُصِيخُ	-	-
أصبح	أَصْبَحَ	يُصْبِحُ	-	-
أصبر	أَصْبَرَ	يُصْبِرُ	أُصْبِرَ	يُصْبَرُ
أصحب	أَصْحَبَ	يُصْحِبُ	أُصْحِبَ	يُصْحَبُ
أصحر	أَصْحَرَ	يُصْحِرُ	-	-
أصحف	أَصْحَفَ	يُصْحِفُ	أُصْحِفَ	يُصْحَفُ
أصحى	أَصْحَى	يُصْحِي	أُصْحِيَ	يُصْحَى
أصخد	أَصْخَدَ	يُصْخِدُ	أُصْخِدَ	يُصْخَدُ
أصخر	أَصْخَرَ	يُصْخِرُ	-	-
أصدر	أَصْدَرَ	يُصْدِرُ	أُصْدِرَ	يُصْدَرُ
أصدق	أَصْدَقَ	يُصْدِقُ	أُصْدِقَ	يُصْدَقُ
أصر	أَصَرَّ	يُصِرُّ	أُصِرَّ	يُصَرُّ
أصرخ	أَصْرَخَ	يُصْرِخُ	أُصْرِخَ	يُصْرَخُ
أصغر	أَصْغَرَ	يُصْغِرُ	أُصْغِرَ	يُصْغَرُ
أصغى	أَصْغَى	يُصْغِي	أُصْغِيَ	يُصْغَى
أصفر	أَصْفَرَ	يُصْفِرُ	أُصْفِرَ	يُصْفَرُ
أصفق	أَصْفَقَ	يُصْفِقُ	أُصْفِقَ	يُصْفَقُ
أصقع	أَصْقَعَ	يُصْقِعُ	أُصْقِعَ	يُصْقَعُ
أصل	أَصَّلَ	يُؤَصِّلُ	أُصِّلَ	يُؤَصَّلُ
أصلح	أَصْلَحَ	يُصْلِحُ	أُصْلِحَ	يُصْلَحُ
أصلى	أَصْلَى	يُصْلِي	أُصْلِيَ	يُصْلَى
أصم	أَصَمَّ	يُصِمُّ	أُصِمَّ	يُصَمُّ
أصمت	أَصْمَتَ	يُصْمِتُ	أُصْمِتَ	يُصْمَتُ
أصن	أَصَنَّ	يُصِنُّ	-	-
أصهب	أَصْهَبَ	يُصْهِبُ	-	-
أضاء	أَضَاءَ	يُضِيءُ	أُضِيءَ	يُضَاءُ
أضاع	أَضَاعَ	يُضِيعُ	أُضِيعَ	يُضَاعُ
أضاف	أَضَافَ	يُضِيفُ	أُضِيفَ	يُضَافُ
أضب	أَضَبَّ	يُضِبُّ	أُضِبَّ	يُضَبُّ
أضبط	أَضْبَطَ	يُضْبِطُ	أُضْبِطَ	يُضْبَطُ
أضج	أَضَجَّ	يُضِجُّ	أُضِجَّ	يُضَجُّ
أضحك	أَضْحَكَ	يُضْحِكُ	أُضْحِكَ	يُضْحَكُ
أضحى	أَضْحَى	يُضْحِي	أُضْحِيَ	يُضْحَى
أضر	أَضَرَّ	يُضِرُّ	أُضِرَّ	يُضَرُّ
أضرب	أَضْرَبَ	يُضْرِبُ	أُضْرِبَ	يُضْرَبُ
أضرم	أَضْرَمَ	يُضْرِمُ	أُضْرِمَ	يُضْرَمُ
أضعف	أَضْعَفَ	يُضْعِفُ	أُضْعِفَ	يُضْعَفُ
أضفى	أَضْفَى	يُضْفِي	أُضْفِيَ	يُضْفَى
أضل	أَضَلَّ	يُضِلُّ	أُضِلَّ	يُضَلُّ
أضمر	أَضْمَرَ	يُضْمِرُ	أُضْمِرَ	يُضْمَرُ
أطاح	أَطَاحَ	يُطِيحُ	أُطِيحَ	يُطَاحُ
أطاع	أَطَاعَ	يُطِيعُ	أُطِيعَ	يُطَاعُ
أطاف	أَطَافَ	يُطِيفُ	أُطِيفَ	يُطَافُ
أطاق	أَطَاقَ	يُطِيقُ	أُطِيقَ	يُطَاقُ
أطال	أَطَالَ	يُطِيلُ	أُطِيلَ	يُطَالُ
أطبق	أَطْبَقَ	يُطْبِقُ	أُطْبِقَ	يُطْبَقُ
أطر	أَطَّرَ	يُؤَطِّرُ	أُطِّرَ	يُؤَطَّرُ
أطرب	أَطْرَبَ	يُطْرِبُ	أُطْرِبَ	يُطْرَبُ
أطرى	أَطْرَى	يُطْرِي	أُطْرِيَ	يُطْرَى
أطعم	أَطْعَمَ	يُطْعِمُ	أُطْعِمَ	يُطْعَمُ
أطفأ	أَطْفَأَ	يُطْفِئُ	أُطْفِئَ	يُطْفَأُ
أطفح	أَطْفَحَ	يُطْفِحُ	أُطْفِحَ	يُطْفَحُ
أطل	أَطَلَّ	يُطِلُّ	أُطِلَّ	يُطَلُّ
أطلب	أَطْلَبَ	يُطْلِبُ	أُطْلِبَ	يُطْلَبُ
أطلع	أَطْلَعَ	يُطْلِعُ	أُطْلِعَ	يُطْلَعُ
أطلق	أَطْلَقَ	يُطْلِقُ	أُطْلِقَ	يُطْلَقُ
أطنب	أَطْنَبَ	يُطْنِبُ	أُطْنِبَ	يُطْنَبُ
أطوى	أَطْوَى	يُطْوِي	أُطْوِيَ	يُطْوَى
أظلم	أَظْلَمَ	يُظْلِمُ	-	-
أظمأ	أَظْمَأَ	يُظْمِئُ	أُظْمِئَ	يُظْمَأُ
أظهر	أَظْهَرَ	يُظْهِرُ	أُظْهِرَ	يُظْهَرُ
أعاد	أَعَادَ	يُعِيدُ	أُعِيدَ	يُعَادُ
أعار	أَعَارَ	يُعِيرُ	أُعِيرَ	يُعَارُ
أعاض	أَعَاضَ	يُعِيضُ	أُعِيضَ	يُعَاضُ
أعاق	أَعَاقَ	يُعِيقُ	أُعِيقَ	يُعَاقُ
أعال	أَعَالَ	يُعِيلُ	أُعِيلَ	يُعَالُ
أعان	أَعَانَ	يُعِينُ	أُعِينَ	يُعَانُ
أعبل	أَعْبَلَ	يُعْبِلُ	-	-
أعتد	أَعْتَدَ	يُعْتِدُ	أُعْتِدَ	يُعْتَدُ
أعتق	أَعْتَقَ	يُعْتِقُ	أُعْتِقَ	يُعْتَقُ
أعتم	أَعْتَمَ	يُعْتِمُ	أُعْتِمَ	يُعْتَمُ
أعتن	أَعْتَنَ	يُعْتِنُ	أُعْتِنَ	يُعْتَنُ
أعجب	أَعْجَبَ	يُعْجِبُ	أُعْجِبَ	يُعْجَبُ
أعجز	أَعْجَزَ	يُعْجِزُ	أُعْجِزَ	يُعْجَزُ
أعجم	أَعْجَمَ	يُعْجِمُ	أُعْجِمَ	يُعْجَمُ
أعد	أَعَدَّ	يُعِدُّ	أُعِدَّ	يُعَدُّ
أعدل	أَعْدَلَ	يُعْدِلُ	أُعْدِلَ	يُعْدَلُ
أعدم	أَعْدَمَ	يُعْدِمُ	أُعْدِمَ	يُعْدَمُ
أعدى	أَعْدَى	يُعْدِي	أُعْدِيَ	يُعْدَى
أعذب	أَعْذَبَ	يُعْذِبُ	أُعْذِبَ	يُعْذَبُ
أعذر	أَعْذَرَ	يُعْذِرُ	أُعْذِرَ	يُعْذَرُ
أعرب	أَعْرَبَ	يُعْرِبُ	أُعْرِبَ	يُعْرَبُ
أعرس	أَعْرَسَ	يُعْرِسُ	أُعْرِسَ	يُعْرَسُ
أعرق	أَعْرَقَ	يُعْرِقُ	-	-
أعرن	أَعْرَنَ	يُعْرِنُ	أُعْرِنَ	يُعْرَنُ
أعز	أَعَزَّ	يُعِزُّ	أُعِزَّ	يُعَزُّ
أعش	أَعَشَّ	يُعِشُّ	أُعِشَّ	يُعَشُّ
أعصر	أَعْصَرَ	يُعْصِرُ	-	-
أعض	أَعَضَّ	يُعِضُّ	أُعِضَّ	يُعَضُّ
أعطب	أَعْطَبَ	يُعْطِبُ	أُعْطِبَ	يُعْطَبُ
أعطى	أَعْطَى	يُعْطِي	أُعْطِيَ	يُعْطَى
أعظ	أَعَظَّ	يُعِظُّ	أُعِظَّ	يُعَظُّ
أعف	أَعَفَّ	يُعِفُّ	أُعِفَّ	يُعَفُّ
أعفى	أَعْفَى	يُعْفِي	أُعْفِيَ	يُعْفَى
أعقب	أَعْقَبَ	يُعْقِبُ	أُعْقِبَ	يُعْقَبُ
أعكر	أَعْكَرَ	يُعْكِرُ	أُعْكِرَ	يُعْكَرُ
أعل	أَعَلَّ	يُعِلُّ	أُعِلَّ	يُعَلُّ
أعلم	أَعْلَمَ	يُعْلِمُ	أُعْلِمَ	يُعْلَمُ
أعلن	أَعْلَنَ	يُعْلِنُ	أُعْلِنَ	يُعْلَنُ
أعلى	أَعْلَى	يُعْلِي	أُعْلِيَ	يُعْلَى
أعم	أَعَمَّ	يُعِمُّ	أُعِمَّ	يُعَمُّ
أعمد	أَعْمَدَ	يُعْمِدُ	أُعْمِدَ	يُعْمَدُ
أعمر	أَعْمَرَ	يُعْمِرُ	أُعْمِرَ	يُعْمَرُ
أعمل	أَعْمَلَ	يُعْمِلُ	أُعْمِلَ	يُعْمَلُ
أعمى	أَعْمَى	يُعْمِي	أُعْمِيَ	يُعْمَى
أعول	أَعْوَلَ	يُعْوِلُ	أُعْوِلَ	يُعْوَلُ
أعوم	أَعْوَمَ	يُعْوِمُ	-	-
أعيا	أَعْيَا	يُعْيِي	أُعْيِيَ	يُعْيَا
أغاث	أَغَاثَ	يُغِيثُ	أُغِيثَ	يُغَاثُ
أغار	أَغَارَ	يُغِيرُ	أُغِيرَ	يُغَارُ
أغاظ	أَغَاظَ	يُغِيظُ	أُغِيظَ	يُغَاظُ
أغب	أَغَبَّ	يُغِبُّ	أُغِبَّ	يُغَبُّ
أغتم	أَغْتَمَ	يُغْتِمُ	أُغْتِمَ	يُغْتَمُ
أغدق	أَغْدَقَ	يُغْدِقُ	أُغْدِقَ	يُغْدَقُ
أغرق	أَغْرَقَ	يُغْرِقُ	أُغْرِقَ	يُغْرَقُ
أغرم	أَغْرَمَ	يُغْرِمُ	أُغْرِمَ	يُغْرَمُ
أغرى	أَغْرَى	يُغْرِي	أُغْرِيَ	يُغْرَى
أغزل	أَغْزَلَ	يُغْزِلُ	أُغْزِلَ	يُغْزَلُ
أغضب	أَغْضَبَ	يُغْضِبُ	أُغْضِبَ	يُغْضَبُ
أغضى	أَغْضَى	يُغْضِي	أُغْضِيَ	يُغْضَى
أغفل	أَغْفَلَ	يُغْفِلُ	أُغْفِلَ	يُغْفَلُ
أغلق	أَغْلَقَ	يُغْلِقُ	أُغْلِقَ	يُغْلَقُ
أغلى	أَغْلَى	يُغْلِي	أُغْلِيَ	يُغْلَى
أغمض	أَغْمَضَ	يُغْمِضُ	أُغْمِضَ	يُغْمَضُ
أغنى	أَغْنَى	يُغْنِي	أُغْنِيَ	يُغْنَى
أغوى	أَغْوَى	يُغْوِي	أُغْوِيَ	يُغْوَى
أغيا	أَغْيَا	يُغْيِي	أُغْيِيَ	يُغْيَا
أغيم	أَغْيَمَ	يُغْيِمُ	-	-
أفأد	أَفْأَدَ	يُفْئِدُ	أُفْئِدَ	يُفْأَدُ
أفاء	أَفَاءَ	يُفِيءُ	أُفِيءَ	يُفَاءُ
أفاد	أَفَادَ	يُفِيدُ	أُفِيدَ	يُفَادُ
أفاض	أَفَاضَ	يُفِيضُ	أُفِيضَ	يُفَاضُ
أفاق	أَفَاقَ	يُفِيقُ	أُفِيقَ	يُفَاقُ
أفتى	أَفْتَى	يُفْتِي	أُفْتِيَ	يُفْتَى
أفجر	أَفْجَرَ	يُفْجِرُ	-	-
أفحم	أَفْحَمَ	يُفْحِمُ	أُفْحِمَ	يُفْحَمُ
أفرج	أَفْرَجَ	يُفْرِجُ	أُفْرِجَ	يُفْرَجُ
أفرح	أَفْرَحَ	يُفْرِحُ	أُفْرِحَ	يُفْرَحُ
أفرد	أَفْرَدَ	يُفْرِدُ	أُفْرِدَ	يُفْرَدُ
أفرز	أَفْرَزَ	يُفْرِزُ	أُفْرِزَ	يُفْرَزُ
أفرط	أَفْرَطَ	يُفْرِطُ	أُفْرِطَ	يُفْرَطُ
أفرغ	أَفْرَغَ	يُفْرِغُ	أُفْرِغَ	يُفْرَغُ
أفرق	أَفْرَقَ	يُؤَفْرِقُ	أُفْرِقَ	يُؤَفْرَقُ
أفسح	أَفْسَحَ	يُفْسِحُ	أُفْسِحَ	يُفْسَحُ
أفسد	أَفْسَدَ	يُفْسِدُ	أُفْسِدَ	يُفْسَدُ
أفسل	أَفْسَلَ	يُفْسِلُ	أُفْسِلَ	يُفْسَلُ
أفشل	أَفْشَلَ	يُفْشِلُ	أُفْشِلَ	يُفْشَلُ
أفشى	أَفْشَى	يُفْشِي	أُفْشِيَ	يُفْشَى
أفصح	أَفْصَحَ	يُفْصِحُ	أُفْصِحَ	يُفْصَحُ
أفضل	أَفْضَلَ	يُفْضِلُ	أُفْضِلَ	يُفْضَلُ
أفضى	أَفْضَى	يُفْضِي	أُفْضِيَ	يُفْضَى
أفطر	أَفْطَرَ	يُفْطِرُ	-	-
أفق	أَفَقَ	يَأْفِقُ	أُفِقَ	يُؤْفَقُ
أفقد	أَفْقَدَ	يُفْقِدُ	أُفْقِدَ	يُفْقَدُ
أفقر	أَفْقَرَ	يُفْقِرُ	أُفْقِرَ	يُفْقَرُ
أفك	أَفِكَ	يَأْفَكُ	أُفِكَ	يُؤْفَكُ
أفل	أَفَلَ	يَأْفُلُ	أُفِلَ	يُؤْفَلُ
أفلت	أَفْلَتَ	يُفْلِتُ	أُفْلِتَ	يُفْلَتُ
أفلح	أَفْلَحَ	يُفْلِحُ	أُفْلِحَ	يُفْلَحُ
أفلس	أَفْلَسَ	يُفْلِسُ	-	-
أفلى	أَفْلَى	يُفْلِي	أُفْلِيَ	يُفْلَى
أفنى	أَفْنَى	يُفْنِي	أُفْنِيَ	يُفْنَى
أفهم	أَفْهَمَ	يُفْهِمُ	أُفْهِمَ	يُفْهَمُ
أقاد	أَقَادَ	يُقِيدُ	أُقِيدَ	يُقَادُ
أقال	أَقَالَ	يُقِيلُ	أُقِيلَ	يُقَالُ
أقام	أَقَامَ	يُقِيمُ	أُقِيمَ	يُقَامُ
أقبر	أَقْبَرَ	يُقْبِرُ	أُقْبِرَ	يُقْبَرُ
أقبض	أَقْبَضَ	يُقْبِضُ	أُقْبِضَ	يُقْبَضُ
أقبل	أَقْبَلَ	يُقْبِلُ	أُقْبِلَ	يُقْبَلُ
أقتل	أَقْتَلَ	يُقْتِلُ	أُقْتِلَ	يُقْتَلُ
أقحم	أَقْحَمَ	يُقْحِمُ	أُقْحِمَ	يُقْحَمُ
أقدر	أَقْدَرَ	يُقْدِرُ	أُقْدِرَ	يُقْدَرُ
أقدم	أَقْدَمَ	يُقْدِمُ	أُقْدِمَ	يُقْدَمُ
أقر	أَقَرَّ	يُقِرُّ	أُقِرَّ	يُقَرُّ
أقرأ	أَقْرَأَ	يُقْرِئُ	أُقْرِئَ	يُقْرَأُ
أقرب	أَقْرَبَ	يُقْرِبُ	أُقْرِبَ	يُقْرَبُ
أقرض	أَقْرَضَ	يُقْرِضُ	أُقْرِضَ	يُقْرَضُ
أقرن	أَقْرَنَ	يُقْرِنُ	أُقْرِنَ	يُقْرَنُ
أقسم	أَقْسَمَ	يُقْسِمُ	أُقْسِمَ	يُقْسَمُ
أقسى	أَقْسَى	يُقْسِي	أُقْسِيَ	يُقْسَى
أقصر	أَقْصَرَ	يُقْصِرُ	أُقْصِرَ	يُقْصَرُ
أقصى	أَقْصَى	يُقْصِي	أُقْصِيَ	يُقْصَى
أقض	أَقَضَّ	يُقِضُّ	أُقِضَّ	يُقَضُّ
أقضب	أَقْضَبَ	يُقْضِبُ	أُقْضِبَ	يُقْضَبُ
أقضى	أَقْضَى	يُقْضِي	أُقْضِيَ	يُقْضَى
أقط	أَقَطَ	يَأْقِطُ	أُقِطَ	يُؤْقَطُ
أقطف	أَقْطَفَ	يُقْطِفُ	-	-
أقف	أَقَفَّ	يُقِفُّ	-	-
أقفل	أَقْفَلَ	يُقْفِلُ	أُقْفِلَ	يُقْفَلُ
أقل	أَقَلَّ	يُقِلُّ	أُقِلَّ	يُقَلُّ
أقلع	أَقْلَعَ	يُقْلِعُ	أُقْلِعَ	يُقْلَعُ
أقلق	أَقْلَقَ	يُقْلِقُ	أُقْلِقَ	يُقْلَقُ
أقمر	أَقْمَرَ	يُقْمِرُ	-	-
أقنع	أَقْنَعَ	يُقْنِعُ	أُقْنِعَ	يُقْنَعُ
أقوى	أَقْوَى	يُقْوِي	-	-
أكب	أَكَبَّ	يُكِبُّ	أُكِبَّ	يُكَبُّ
أكبر	أَكْبَرَ	يُكْبِرُ	أُكْبِرَ	يُكْبَرُ
أكتب	أَكْتَبَ	يُكْتِبُ	أُكْتِبَ	يُكْتَبُ
أكثر	أَكْثَرَ	يُكْثِرُ	أُكْثِرَ	يُكْثَرُ
أكد	أَكَّدَ	يُؤَكِّدُ	أُكِّدَ	يُؤَكَّدُ
أكدى	أَكْدَى	يُكْدِي	أُكْدِيَ	يُكْدَى
أكذب	أَكْذَبَ	يُكْذِبُ	أُكْذِبَ	يُكْذَبُ
أكرب	أَكْرَبَ	يُكْرِبُ	-	-
أكرم	أَكْرَمَ	يُكْرِمُ	أُكْرِمَ	يُكْرَمُ
أكرن	أَكْرَنَ	يُؤَكْرِنُ	أُكْرِنَ	يُؤَكْرَنُ
أكره	أَكْرَهَ	يُكْرِهُ	أُكْرِهَ	يُكْرَهُ
أكرى	أَكْرَى	يُكْرِي	أُكْرِيَ	يُكْرَى
أكسد	أَكْسَدَ	يُؤَكْسِدُ	أُكْسِدَ	يُؤَكْسَدُ
أكسف	أَكْسَفَ	يُكْسِفُ	أُكْسِفَ	يُكْسَفُ
أكشف	أَكْشَفَ	يُكْشِفُ	أُكْشِفَ	يُكْشَفُ
أكفر	أَكْفَرَ	يُكْفِرُ	أُكْفِرَ	يُكْفَرُ
أكل	أَكَلَّ	يُكِلُّ	أُكِلَّ	يُكَلُّ
أكلف	أَكْلَفَ	يُكْلِفُ	أُكْلِفَ	يُكْلَفُ
أكمل	أَكْمَلَ	يُكْمِلُ	أُكْمِلَ	يُكْمَلُ
أكيس	أَكْيَسَ	يُكْيِسُ	-	-
أل	أَلَّ	يَأَلُّ	أُلَّ	يُؤَلُّ
ألا	أَلَا	يَأْلُو	أُلِيَ	يُؤْلَى
ألبس	أَلْبَسَ	يُلْبِسُ	أُلْبِسَ	يُلْبَسُ
ألبن	أَلْبَنَ	يُؤَلْبِنُ	أُلْبِنَ	يُؤَلْبَنُ
ألجم	أَلْجَمَ	يُلْجِمُ	أُلْجِمَ	يُلْجَمُ
ألح	أَلَحَّ	يُلِحُّ	أُلِحَّ	يُلَحُّ
ألحد	أَلْحَدَ	يُلْحِدُ	-	-
ألحس	أَلْحَسَ	يُلْحِسُ	أُلْحِسَ	يُلْحَسُ
ألحق	أَلْحَقَ	يُلْحِقُ	أُلْحِقَ	يُلْحَقُ
ألزق	أَلْزَقَ	يُلْزِقُ	أُلْزِقَ	يُلْزَقُ
ألزم	أَلْزَمَ	يُلْزِمُ	أُلْزِمَ	يُلْزَمُ
ألصق	أَلْصَقَ	يُلْصِقُ	أُلْصِقَ	يُلْصَقُ
ألعب	أَلْعَبَ	يُلْعِبُ	أُلْعِبَ	يُلْعَبُ
ألغم	أَلْغَمَ	يُلْغِمُ	أُلْغِمَ	يُلْغَمُ
ألغى	أَلْغَى	يُلْغِي	أُلْغِيَ	يُلْغَى
ألف	أَلَّفَ	يُؤَلِّفُ	أُلِّفَ	يُؤَلَّفُ
ألفى	أَلْفَى	يُلْفِي	أُلْفِيَ	يُلْفَى
ألق	أَلَقَ	يَأْلِقُ	-	-
ألقى	أَلْقَى	يُلْقِي	أُلْقِيَ	يُلْقَى
ألم	أَلِمَ	يَأْلَمُ	أُلِمَ	يُؤْلَمُ
ألمح	أَلْمَحَ	يُلْمِحُ	أُلْمِحَ	يُلْمَحُ
ألمن	أَلْمَنَ	يُؤَلْمِنُ	أُلْمِنَ	يُؤَلْمَنُ
أله	أَلَّهَ	يُؤَلِّهُ	أُلِّهَ	يُؤَلَّهُ
ألهم	أَلْهَمَ	يُلْهِمُ	أُلْهِمَ	يُلْهَمُ
ألهى	أَلْهَى	يُلْهِي	أُلْهِيَ	يُلْهَى
أم	أَمَّ	يَؤُمُّ	أُمَّ	يُؤَمُّ
أما	أَمَا	يَأْمُو	-	-
أمات	أَمَاتَ	يُمِيتُ	أُمِيتَ	يُمَاتُ
أماط	أَمَاطَ	يُمِيطُ	أُمِيطَ	يُمَاطُ
أماع	أَمَاعَ	يُمِيعُ	أُمِيعَ	يُمَاعُ
أمال	أَمَالَ	يُمِيلُ	أُمِيلَ	يُمَالُ
أمد	أَمَّدَ	يُؤَمِّدُ	أُمِّدَ	يُؤَمَّدُ
أمر	أَمَّرَ	يُؤَمِّرُ	أُمِّرَ	يُؤَمَّرُ
أمرض	أَمْرَضَ	يُمْرِضُ	أُمْرِضَ	يُمْرَضُ
أمرك	أَمْرَكَ	يُؤَمْرِكُ	أُمْرِكَ	يُؤَمْرَكُ
أمسك	أَمْسَكَ	يُمْسِكُ	أُمْسِكَ	يُمْسَكُ
أمسى	أَمْسَى	يُمْسِي	أُمْسِيَ	يُمْسَى
أمشى	أَمْشَى	يُمْشِي	أُمْشِيَ	يُمْشَى
أمضى	أَمْضَى	يُمْضِي	أُمْضِيَ	يُمْضَى
أمطر	أَمْطَرَ	يُمْطِرُ	أُمْطِرَ	يُمْطَرُ
أمعن	أَمْعَنَ	يُمْعِنُ	أُمْعِنَ	يُمْعَنُ
أمغر	أَمْغَرَ	يُمْغِرُ	أُمْغِرَ	يُمْغَرُ
أمكن	أَمْكَنَ	يُمْكِنُ	أُمْكِنَ	يُمْكَنُ
أمل	أَمَلَّ	يُمِلُّ	أُمِلَّ	يُمَلُّ
أملأ	أَمْلَأَ	يُمْلِئُ	أُمْلِئَ	يُمْلَأُ
أملى	أَمْلَى	يُمْلِي	أُمْلِيَ	يُمْلَى
أمم	أَمَّمَ	يُؤَمِّمُ	أُمِّمَ	يُؤَمَّمُ
أمن	أَمَّنَ	يُؤَمِّنُ	أُمِّنَ	يُؤَمَّنُ
أمنى	أَمْنَى	يُمْنِي	-	-
أمهل	أَمْهَلَ	يُمْهِلُ	أُمْهِلَ	يُمْهَلُ
أمو	أَمُوَ	يَأْمُو	-	-
أمى	أَمَّى	يُؤَمِّي	أُمِّيَ	يُؤَمَّى
أمي	أَمِيَ	يَأْمَى	-	-
أن	أَنَّ	يَئِنُّ	أُنَّ	يُؤَنُّ
أنأى	أَنْأَى	يُنْئِي	أُنْئِيَ	يُنْأَى
أناء	أَنَاءَ	يُنِيءُ	أُنِيءَ	يُنَاءُ
أناب	أَنَابَ	يُنِيبُ	أُنِيبَ	يُنَابُ
أناخ	أَنَاخَ	يُنِيخُ	أُنِيخَ	يُنَاخُ
أنار	أَنَارَ	يُنِيرُ	أُنِيرَ	يُنَارُ
أناط	أَنَاطَ	يُنِيطُ	أُنِيطَ	يُنَاطُ
أناف	أَنَافَ	يُنِيفُ	أُنِيفَ	يُنَافُ
أنام	أَنَامَ	يُنِيمُ	أُنِيمَ	يُنَامُ
أنب	أَنَّبَ	يُؤَنِّبُ	أُنِّبَ	يُؤَنَّبُ
أنبأ	أَنْبَأَ	يُنْبِئُ	أُنْبِئَ	يُنْبَأُ
أنبذ	أَنْبَذَ	يُنْبِذُ	أُنْبِذَ	يُنْبَذُ
أنتج	أَنْتَجَ	يُنْتِجُ	أُنْتِجَ	يُنْتَجُ
أنجب	أَنْجَبَ	يُنْجِبُ	أُنْجِبَ	يُنْجَبُ
أنجح	أَنْجَحَ	يُنْجِحُ	أُنْجِحَ	يُنْجَحُ
أنجد	أَنْجَدَ	يُنْجِدُ	أُنْجِدَ	يُنْجَدُ
أنجز	أَنْجَزَ	يُنْجِزُ	أُنْجِزَ	يُنْجَزُ
أنجس	أَنْجَسَ	يُنْجِسُ	أُنْجِسَ	يُنْجَسُ
أنجم	أَنْجَمَ	يُنْجِمُ	أُنْجِمَ	يُنْجَمُ
أنجى	أَنْجَى	يُنْجِي	أُنْجِيَ	يُنْجَى
أنحل	أَنْحَلَ	يُنْحِلُ	أُنْحِلَ	يُنْحَلُ
أندر	أَنْدَرَ	يُنْدِرُ	أُنْدِرَ	يُنْدَرُ
أنذر	أَنْذَرَ	يُنْذِرُ	أُنْذِرَ	يُنْذَرُ
أنزع	أَنْزَعَ	يُنْزِعُ	أُنْزِعَ	يُنْزَعُ
أنزل	أَنْزَلَ	يُنْزِلُ	أُنْزِلَ	يُنْزَلُ
أنس	أَنَّسَ	يُؤَنِّسُ	أُنِّسَ	يُؤَنَّسُ
أنسى	أَنْسَى	يُنْسِي	أُنْسِيَ	يُنْسَى
أنشأ	أَنْشَأَ	يُنْشِئُ	أُنْشِئَ	يُنْشَأُ
أنشد	أَنْشَدَ	يُنْشِدُ	أُنْشِدَ	يُنْشَدُ
أنشر	أَنْشَرَ	يُنْشِرُ	أُنْشِرَ	يُنْشَرُ
أنصب	أَنْصَبَ	يُنْصِبُ	أُنْصِبَ	يُنْصَبُ
أنصت	أَنْصَتَ	يُنْصِتُ	أُنْصِتَ	يُنْصَتُ
أنصح	أَنْصَحَ	يُنْصِحُ	أُنْصِحَ	يُنْصَحُ
أنصف	أَنْصَفَ	يُنْصِفُ	أُنْصِفَ	يُنْصَفُ
أنضب	أَنْضَبَ	يُنْضِبُ	أُنْضِبَ	يُنْضَبُ
أنضج	أَنْضَجَ	يُنْضِجُ	أُنْضِجَ	يُنْضَجُ
أنطى	أَنْطَى	يُنْطِي	أُنْطِيَ	يُنْطَى
أنعت	أَنْعَتَ	يُنْعِتُ	-	-
أنعش	أَنْعَشَ	يُنْعِشُ	أُنْعِشَ	يُنْعَشُ
أنعظ	أَنْعَظَ	يُنْعِظُ	-	-
أنعم	أَنْعَمَ	يُنْعِمُ	أُنْعِمَ	يُنْعَمُ
أنغص	أَنْغَصَ	يُنْغِصُ	أُنْغِصَ	يُنْغَصُ
أنغض	أَنْغَضَ	يُنْغِضُ	أُنْغِضَ	يُنْغَضُ
أنفق	أَنْفَقَ	يُنْفِقُ	أُنْفِقَ	يُنْفَقُ
أنقذ	أَنْقَذَ	يُنْقِذُ	أُنْقِذَ	يُنْقَذُ
أنقض	أَنْقَضَ	يُنْقِضُ	أُنْقِضَ	يُنْقَضُ
أنقع	أَنْقَعَ	يُنْقِعُ	أُنْقِعَ	يُنْقَعُ
أنقى	أَنْقَى	يُنْقِي	أُنْقِيَ	يُنْقَى
أنكح	أَنْكَحَ	يُنْكِحُ	أُنْكِحَ	يُنْكَحُ
أنكر	أَنْكَرَ	يُنْكِرُ	أُنْكِرَ	يُنْكَرُ
أنمص	أَنْمَصَ	يُنْمِصُ	-	-
أنمى	أَنْمَى	يُنْمِي	أُنْمِيَ	يُنْمَى
أنهض	أَنْهَضَ	يُنْهِضُ	أُنْهِضَ	يُنْهَضُ
أنهك	أَنْهَكَ	يُنْهِكُ	أُنْهِكَ	يُنْهَكُ
أنهى	أَنْهَى	يُنْهِي	أُنْهِيَ	يُنْهَى
أنى	أَنَّى	يُؤَنِّي	أُنِّيَ	يُؤَنَّى
أني	أَنِيَ	يَأْنَى	-	-
أهاج	أَهَاجَ	يُهِيجُ	أُهِيجَ	يُهَاجُ
أهان	أَهَانَ	يُهِينُ	أُهِينَ	يُهَانُ
أهجر	أَهْجَرَ	يُهْجِرُ	أُهْجِرَ	يُهْجَرُ
أهدب	أَهْدَبَ	يُهْدِبُ	-	-
أهدر	أَهْدَرَ	يُهْدِرُ	أُهْدِرَ	يُهْدَرُ
أهدف	أَهْدَفَ	يُهْدِفُ	أُهْدِفَ	يُهْدَفُ
أهدى	أَهْدَى	يُهْدِي	أُهْدِيَ	يُهْدَى
أهر	أَهَرَّ	يُهِرُّ	أُهِرَّ	يُهَرُّ
أهرق	أَهْرَقَ	يُهْرِقُ	أُهْرِقَ	يُهْرَقُ
أهل	أَهَلَّ	يُهِلُّ	أُهِلَّ	يُهَلُّ
أهلك	أَهْلَكَ	يُهْلِكُ	أُهْلِكَ	يُهْلَكُ
أهم	أَهَمَّ	يُهِمُّ	أُهِمَّ	يُهَمُّ
أهمل	أَهْمَلَ	يُهْمِلُ	أُهْمِلَ	يُهْمَلُ
أهوى	أَهْوَى	يُهْوِي	أُهْوِيَ	يُهْوَى
أوأب	أَوْءَبَ	يُوئِبُ	أُوئِبَ	يُوءَبُ
أوب	أَوَّبَ	يُؤَوِّبُ	أُوِّبَ	يُؤَوَّبُ
أوتر	أَوْتَرَ	يُوتِرُ	أُوتِرَ	يُوتَرُ
أوجب	أَوْجَبَ	يُوجِبُ	أُوجِبَ	يُوجَبُ
أوجد	أَوْجَدَ	يُوجِدُ	أُوجِدَ	يُوجَدُ
أوجز	أَوْجَزَ	يُوجِزُ	أُوجِزَ	يُوجَزُ
أوجس	أَوْجَسَ	يُوجِسُ	أُوجِسَ	يُوجَسُ
أوجع	أَوْجَعَ	يُوجِعُ	أُوجِعَ	يُوجَعُ
أوحل	أَوْحَلَ	يُوحِلُ	أُوحِلَ	يُوحَلُ
أوحى	أَوْحَى	يُوحِي	أُوحِيَ	يُوحَى
أود	أَوِدَ	يَأْوَدُ	أُوِدَ	يُؤْوَدُ
أودع	أَوْدَعَ	يُودِعُ	أُودِعَ	يُودَعُ
أودى	أَوْدَى	يُودِي	أُودِيَ	يُودَى
أورب	أَوْرَبَ	يُؤَوْرِبُ	أُورِبَ	يُؤَوْرَبُ
أورث	أَوْرَثَ	يُورِثُ	أُورِثَ	يُورَثُ
أورد	أَوْرَدَ	يُورِدُ	أُورِدَ	يُورَدُ
أورط	أَوْرَطَ	يُورِطُ	أُورِطَ	يُورَطُ
أورى	أَوْرَى	يُورِي	أُورِيَ	يُورَى
أوزع	أَوْزَعَ	يُوزِعُ	أُوزِعَ	يُوزَعُ
أوسخ	أَوْسَخَ	يُوسِخُ	أُوسِخَ	يُوسَخُ
أوسع	أَوْسَعَ	يُوسِعُ	أُوسِعَ	يُوسَعُ
أوشك	أَوْشَكَ	يُوشِكُ	أُوشِكَ	يُوشَكُ
أوصد	أَوْصَدَ	يُوصِدُ	أُوصِدَ	يُوصَدُ
أوصل	أَوْصَلَ	يُوصِلُ	أُوصِلَ	يُوصَلُ
أوصى	أَوْصَى	يُوصِي	أُوصِيَ	يُوصَى
أوضح	أَوْضَحَ	يُوضِحُ	أُوضِحَ	يُوضَحُ
أوعد	أَوْعَدَ	يُوعِدُ	أُوعِدَ	يُوعَدُ
أوعز	أَوْعَزَ	يُوعِزُ	أُوعِزَ	يُوعَزُ
أوفض	أَوْفَضَ	يُوفِضُ	أُوفِضَ	يُوفَضُ
أوفى	أَوْفَى	يُوفِي	أُوفِيَ	يُوفَى
أوقد	أَوْقَدَ	يُوقِدُ	أُوقِدَ	يُوقَدُ
أوقع	أَوْقَعَ	يُوقِعُ	أُوقِعَ	يُوقَعُ
أوقف	أَوْقَفَ	يُوقِفُ	أُوقِفَ	يُوقَفُ
أوكل	أَوْكَلَ	يُوكِلُ	أُوكِلَ	يُوكَلُ
أول	أَوَّلَ	يُؤَوِّلُ	أُوِّلَ	يُؤَوَّلُ
أولد	أَوْلَدَ	يُولِدُ	أُولِدَ	يُولَدُ
أولع	أَوْلَعَ	يُولِعُ	أُولِعَ	يُولَعُ
أولى	أَوْلَى	يُولِي	أُولِيَ	يُولَى
أومأ	أَوْمَأَ	يُومِئُ	أُومِئَ	يُومَأُ
أوه	أَوَّهَ	يُؤَوِّهُ	أُوِّهَ	يُؤَوَّهُ
أوهب	أَوْهَبَ	يُوهِبُ	أُوهِبَ	يُوهَبُ
أوهق	أَوْهَقَ	يُوهِقُ	أُوهِقَ	يُوهَقُ
أوهم	أَوْهَمَ	يُوهِمُ	أُوهِمَ	يُوهَمُ
أوى	أَوَى	يَأْوِي	أُوِيَ	يُؤْوَى
أيأس	أَيْئَسَ	يُوئِسُ	أُوئِسَ	يُوءَسُ
أيا	أَيَّا	يُؤَيِّي	أُيِّيَ	يُؤَيَّا
أيتم	أَيْتَمَ	يُوتِمُ	أُوتِمَ	يُوتَمُ
أيد	أَيَّدَ	يُؤَيِّدُ	أُيِّدَ	يُؤَيَّدُ
أيدى	أَيْدَى	يُودِي	أُودِيَ	يُودَى
أيرن	أَيْرَنَ	يُؤَيْرِنُ	أُورِنَ	يُؤَيْرَنُ
أيس	أَيَّسَ	يُؤَيِّسُ	أُيِّسَ	يُؤَيَّسُ
أيسر	أَيْسَرَ	يُوسِرُ	أُوسِرَ	يُوسَرُ
أيض	أَيَّضَ	يُؤَيِّضُ	أُيِّضَ	يُؤَيَّضُ
أيقظ	أَيْقَظَ	يُوقِظُ	أُوقِظَ	يُوقَظُ
أيقن	أَيْقَنَ	يُوقِنُ	أُوقِنَ	يُوقَنُ
أيمن	أَيْمَنَ	يُومِنُ	-	-
أين	أَيَّنَ	يُؤَيِّنُ	أُيِّنَ	يُؤَيَّنُ
ائتال	اِئْتَالَ	يَأْتَالُ	اُؤْتِيلَ	يُؤْتَالُ
ائتب	اِئْتَبَّ	يَأْتَبُّ	اُؤْتُبَّ	يُؤْتَبُّ
ائتج	اِئْتَجَّ	يَأْتَجُّ	-	-
ائتكل	اِئْتَكَلَ	يَأْتَكِلُ	اُؤْتُكِلَ	يُؤْتَكَلُ
ائتلف	اِئْتَلَفَ	يَأْتَلِفُ	اُؤْتُلِفَ	يُؤْتَلَفُ
ائتلق	اِئْتَلَقَ	يَأْتَلِقُ	اُؤْتُلِقَ	يُؤْتَلَقُ
ائتم	اِئْتَمَّ	يَأْتَمُّ	اُؤْتُمَّ	يُؤْتَمُّ
ائتمر	اِئْتَمَرَ	يَأْتَمِرُ	اُؤْتُمِرَ	يُؤْتَمَرُ
ائتمن	اِئْتَمَنَ	يَأْتَمِنُ	اُؤْتُمِنَ	يُؤْتَمَنُ
ائتنس	اِئْتَنَسَ	يَأْتَنِسُ	اُؤْتُنِسَ	يُؤْتَنَسُ
ائتوى	اِئْتَوَى	يَأْتَوِي	اُؤْتُوِيَ	يُؤْتَوَى
ابتأس	اِبْتَأَسَ	يَبْتَئِسُ	-	-
ابتاع	اِبْتَاعَ	يَبْتَاعُ	اُبْتِيعَ	يُبْتَاعُ
ابتدأ	اِبْتَدَأَ	يَبْتَدِئُ	اُبْتُدِئَ	يُبْتَدَأُ
ابتدر	اِبْتَدَرَ	يَبْتَدِرُ	اُبْتُدِرَ	يُبْتَدَرُ
ابتدع	اِبْتَدَعَ	يَبْتَدِعُ	اُبْتُدِعَ	يُبْتَدَعُ
ابتذل	اِبْتَذَلَ	يَبْتَذِلُ	اُبْتُذِلَ	يُبْتَذَلُ
ابتز	اِبْتَزَّ	يَبْتَزُّ	اُبْتُزَّ	يُبْتَزُّ
ابتسر	اِبْتَسَرَ	يَبْتَسِرُ	اُبْتُسِرَ	يُبْتَسَرُ
ابتسم	اِبْتَسَمَ	يَبْتَسِمُ	اُبْتُسِمَ	يُبْتَسَمُ
ابتض	اِبْتَضَّ	يَبْتَضُّ	اُبْتُضَّ	يُبْتَضُّ
ابتعث	اِبْتَعَثَ	يَبْتَعِثُ	اُبْتُعِثَ	يُبْتَعَثُ
ابتعد	اِبْتَعَدَ	يَبْتَعِدُ	اُبْتُعِدَ	يُبْتَعَدُ
ابتغى	اِبْتَغَى	يَبْتَغِي	اُبْتُغِيَ	يُبْتَغَى
ابتكر	اِبْتَكَرَ	يَبْتَكِرُ	اُبْتُكِرَ	يُبْتَكَرُ
ابتل	اِبْتَلَّ	يَبْتَلُّ	اُبْتُلَّ	يُبْتَلُّ
ابتلع	اِبْتَلَعَ	يَبْتَلِعُ	اُبْتُلِعَ	يُبْتَلَعُ
ابتلى	اِبْتَلَى	يَبْتَلِي	اُبْتُلِيَ	يُبْتَلَى
ابتنى	اِبْتَنَى	يَبْتَنِي	اُبْتُنِيَ	يُبْتَنَى
ابتهج	اِبْتَهَجَ	يَبْتَهِجُ	اُبْتُهِجَ	يُبْتَهَجُ
ابتهل	اِبْتَهَلَ	يَبْتَهِلُ	اُبْتُهِلَ	يُبْتَهَلُ
ابرغش	اِبْرَغَشَّ	يَبْرَغِشُّ	اُبْرُغِشَّ	يُبْرَغَشُّ
ابلاج	اِبْلَاجَّ	يَبْلَاجُّ	-	-
ابياض	اِبْيَاضَّ	يَبْيَاضُّ	-	-
ابيض	اِبْيَضَّ	يَبْيَضُّ	-	-
اتأب	اِتَّأَبَ	يَتَّئِبُ	اُتُّئِبَ	يُتَّأَبُ
اتأد	اِتَّأَدَ	يَتَّئِدُ	اُتُّئِدَ	يُتَّأَدُ
اتأس	اِتَّأَسَ	يَتَّئِسُ	اُتُّئِسَ	يُتَّأَسُ
اتأى	اِتَّأَى	يَتَّئِي	-	-
اتام	اِتَّامَ	يَتَّامُ	-	-
اتبس	اِتَّبَسَ	يَتَّبِسُ	-	-
اتبع	اِتَّبَعَ	يَتَّبِعُ	اُتُّبِعَ	يُتَّبَعُ
اتجر	اِتَّجَرَ	يَتَّجِرُ	اُتُّجِرَ	يُتَّجَرُ
اتجه	اِتَّجَهَ	يَتَّجِهُ	-	-
اتحد	اِتَّحَدَ	يَتَّحِدُ	اُتُّحِدَ	يُتَّحَدُ
اتخذ	اِتَّخَذَ	يَتَّخِذُ	اُتُّخِذَ	يُتَّخَذُ
اتخم	اِتَّخَمَ	يَتَّخِمُ	-	-
اتزن	اِتَّزَنَ	يَتَّزِنُ	-	-
اتسخ	اِتَّسَخَ	يَتَّسِخُ	-	-
اتسر	اِتَّسَرَ	يَتَّسِرُ	اُتُّسِرَ	يُتَّسَرُ
اتسع	اِتَّسَعَ	يَتَّسِعُ	اُتُّسِعَ	يُتَّسَعُ
اتسق	اِتَّسَقَ	يَتَّسِقُ	-	-
اتسم	اِتَّسَمَ	يَتَّسِمُ	-	-
اتصف	اِتَّصَفَ	يَتَّصِفُ	اُتُّصِفَ	يُتَّصَفُ
اتصل	اِتَّصَلَ	يَتَّصِلُ	اُتُّصِلَ	يُتَّصَلُ
اتضح	اِتَّضَحَ	يَتَّضِحُ	-	-
اتعد	اِتَّعَدَ	يَتَّعِدُ	اُتُّعِدَ	يُتَّعَدُ
اتعظ	اِتَّعَظَ	يَتَّعِظُ	اُتُّعِظَ	يُتَّعَظُ
اتفق	اِتَّفَقَ	يَتَّفِقُ	اُتُّفِقَ	يُتَّفَقُ
اتقد	اِتَّقَدَ	يَتَّقِدُ	-	-
اتقى	اِتَّقَى	يَتَّقِي	اُتُّقِيَ	يُتَّقَى
اتكأ	اِتَّكَأَ	يَتَّكِئُ	اُتُّكِئَ	يُتَّكَأُ
اتكل	اِتَّكَلَ	يَتَّكِلُ	اُتُّكِلَ	يُتَّكَلُ
اتمأر	اِتْمَأَرَّ	يَتْمَئِرُّ	-	-
اتهم	اِتَّهَمَ	يَتَّهِمُ	اُتُّهِمَ	يُتَّهَمُ
اثخن	اِثَّخَنَ	يَثَّخِنُ	-	-
اثنونى	اِثْنَوْنَى	يَثْنَوْنِي	-	-
اثنى	اِثَّنَى	يَثَّنِي	اُثُّنِيَ	يُثَّنَى
اجأل	اِجْأَلَّ	يَجْأَلُّ	-	-
اجتاح	اِجْتَاحَ	يَجْتَاحُ	اُجْتِيحَ	يُجْتَاحُ
اجتاز	اِجْتَازَ	يَجْتَازُ	اُجْتِيزَ	يُجْتَازُ
اجتبى	اِجْتَبَى	يَجْتَبِي	اُجْتُبِيَ	يُجْتَبَى
اجتذب	اِجْتَذَبَ	يَجْتَذِبُ	اُجْتُذِبَ	يُجْتَذَبُ
اجتر	اِجْتَرَّ	يَجْتَرُّ	اُجْتُرَّ	يُجْتَرُّ
اجترم	اِجْتَرَمَ	يَجْتَرِمُ	اُجْتُرِمَ	يُجْتَرَمُ
اجتز	اِجْتَزَّ	يَجْتَزُّ	اُجْتُزَّ	يُجْتَزُّ
اجتص	اِجْتَصَّ	يَجْتَصُّ	اُجْتُصَّ	يُجْتَصُّ
اجتلى	اِجْتَلَى	يَجْتَلِي	اُجْتُلِيَ	يُجْتَلَى
اجتمر	اِجْتَمَرَ	يَجْتَمِرُ	اُجْتُمِرَ	يُجْتَمَرُ
اجتمع	اِجْتَمَعَ	يَجْتَمِعُ	اُجْتُمِعَ	يُجْتَمَعُ
اجتنب	اِجْتَنَبَ	يَجْتَنِبُ	اُجْتُنِبَ	يُجْتَنَبُ
اجتنى	اِجْتَنَى	يَجْتَنِي	اُجْتُنِيَ	يُجْتَنَى
اجتهد	اِجْتَهَدَ	يَجْتَهِدُ	اُجْتُهِدَ	يُجْتَهَدُ
اجتور	اِجْتَوَرَ	يَجْتَوِرُ	اُجْتُوِرَ	يُجْتَوَرُ
اجرمز	اِجْرَمَزَّ	يَجْرَمِزُّ	-	-
اجرنثم	اِجْرَنْثَمَ	يَجْرَنْثِمُ	اُجْرُنْثِمَ	يُجْرَنْثَمُ
اجلعب	اِجْلَعَبَّ	يَجْلَعِبُّ	اُجْلُعِبَّ	يُجْلَعَبُّ
اجلعد	اِجْلَعَدَّ	يَجْلَعِدُّ	-	-
اجلنفع	اِجْلَنْفَعَ	يَجْلَنْفِعُ	-	-
اجلوذ	اِجْلَوَّذَ	يَجْلَوِّذُ	-	-
احتاج	اِحْتَاجَ	يَحْتَاجُ	اُحْتِيجَ	يُحْتَاجُ
احتار	اِحْتَارَ	يَحْتَارُ	اُحْتِيرَ	يُحْتَارُ
احتاز	اِحْتَازَ	يَحْتَازُ	اُحْتِيزَ	يُحْتَازُ
احتاط	اِحْتَاطَ	يَحْتَاطُ	اُحْتِيطَ	يُحْتَاطُ
احتبس	اِحْتَبَسَ	يَحْتَبِسُ	اُحْتُبِسَ	يُحْتَبَسُ
احتبى	اِحْتَبَى	يَحْتَبِي	اُحْتُبِيَ	يُحْتَبَى
احتج	اِحْتَجَّ	يَحْتَجُّ	اُحْتُجَّ	يُحْتَجُّ
احتجب	اِحْتَجَبَ	يَحْتَجِبُ	اُحْتُجِبَ	يُحْتَجَبُ
احتجز	اِحْتَجَزَ	يَحْتَجِزُ	اُحْتُجِزَ	يُحْتَجَزُ
احتجم	اِحْتَجَمَ	يَحْتَجِمُ	اُحْتُجِمَ	يُحْتَجَمُ
احتد	اِحْتَدَّ	يَحْتَدُّ	اُحْتُدَّ	يُحْتَدُّ
احتر	اِحْتَرَّ	يَحْتَرُّ	-	-
احترب	اِحْتَرَبَ	يَحْتَرِبُ	اُحْتُرِبَ	يُحْتَرَبُ
احترز	اِحْتَرَزَ	يَحْتَرِزُ	اُحْتُرِزَ	يُحْتَرَزُ
احترس	اِحْتَرَسَ	يَحْتَرِسُ	اُحْتُرِسَ	يُحْتَرَسُ
احترف	اِحْتَرَفَ	يَحْتَرِفُ	اُحْتُرِفَ	يُحْتَرَفُ
احترق	اِحْتَرَقَ	يَحْتَرِقُ	-	-
احترم	اِحْتَرَمَ	يَحْتَرِمُ	اُحْتُرِمَ	يُحْتَرَمُ
احتسب	اِحْتَسَبَ	يَحْتَسِبُ	اُحْتُسِبَ	يُحْتَسَبُ
احتسى	اِحْتَسَى	يَحْتَسِي	اُحْتُسِيَ	يُحْتَسَى
احتشد	اِحْتَشَدَ	يَحْتَشِدُ	اُحْتُشِدَ	يُحْتَشَدُ
احتشم	اِحْتَشَمَ	يَحْتَشِمُ	-	-
احتشى	اِحْتَشَى	يَحْتَشِي	اُحْتُشِيَ	يُحْتَشَى
احتضر	اِحْتَضَرَ	يَحْتَضِرُ	اُحْتُضِرَ	يُحْتَضَرُ
احتضن	اِحْتَضَنَ	يَحْتَضِنُ	اُحْتُضِنَ	يُحْتَضَنُ
احتظر	اِحْتَظَرَ	يَحْتَظِرُ	اُحْتُظِرَ	يُحْتَظَرُ
احتفر	اِحْتَفَرَ	يَحْتَفِرُ	اُحْتُفِرَ	يُحْتَفَرُ
احتفظ	اِحْتَفَظَ	يَحْتَفِظُ	اُحْتُفِظَ	يُحْتَفَظُ
احتفل	اِحْتَفَلَ	يَحْتَفِلُ	اُحْتُفِلَ	يُحْتَفَلُ
احتفى	اِحْتَفَى	يَحْتَفِي	اُحْتُفِيَ	يُحْتَفَى
احتقب	اِحْتَقَبَ	يَحْتَقِبُ	اُحْتُقِبَ	يُحْتَقَبُ
احتقر	اِحْتَقَرَ	يَحْتَقِرُ	اُحْتُقِرَ	يُحْتَقَرُ
احتقن	اِحْتَقَنَ	يَحْتَقِنُ	اُحْتُقِنَ	يُحْتَقَنُ
احتك	اِحْتَكَّ	يَحْتَكُّ	اُحْتُكَّ	يُحْتَكُّ
احتكر	اِحْتَكَرَ	يَحْتَكِرُ	اُحْتُكِرَ	يُحْتَكَرُ
احتكم	اِحْتَكَمَ	يَحْتَكِمُ	اُحْتُكِمَ	يُحْتَكَمُ
احتل	اِحْتَلَّ	يَحْتَلُّ	اُحْتُلَّ	يُحْتَلُّ
احتلم	اِحْتَلَمَ	يَحْتَلِمُ	-	-
احتمل	اِحْتَمَلَ	يَحْتَمِلُ	اُحْتُمِلَ	يُحْتَمَلُ
احتمى	اِحْتَمَى	يَحْتَمِي	اُحْتُمِيَ	يُحْتَمَى
احتوش	اِحْتَوَشَ	يَحْتَوِشُ	اُحْتُوِشَ	يُحْتَوَشُ
احتوى	اِحْتَوَى	يَحْتَوِي	اُحْتُوِيَ	يُحْتَوَى
احدودب	اِحْدَوْدَبَ	يَحْدَوْدِبُ	-	-
احدودق	اِحْدَوْدَقَ	يَحْدَوْدِقُ	اُحْدُودِقَ	يُحْدَوْدَقُ
احرنجم	اِحْرَنْجَمَ	يَحْرَنْجِمُ	اُحْرُنْجِمَ	يُحْرَنْجَمُ
احرنشف	اِحْرَنْشَفَ	يَحْرَنْشِفُ	اُحْرُنْشِفَ	يُحْرَنْشَفُ
احرنفز	اِحْرَنْفَزَ	يَحْرَنْفِزُ	اُحْرُنْفِزَ	يُحْرَنْفَزُ
احقوقف	اِحْقَوْقَفَ	يَحْقَوْقِفُ	اُحْقُوقِفَ	يُحْقَوْقَفُ
احلولى	اِحْلَوْلَى	يَحْلَوْلِي	-	-
احمار	اِحْمَارَّ	يَحْمَارُّ	-	-
احمر	اِحْمَرَّ	يَحْمَرُّ	-	-
احور	اِحْوَرَّ	يَحْوَرُّ	-	-
احول	اِحْوَلَّ	يَحْوَلُّ	-	-
احونصل	اِحْوَنْصَلَ	يَحْوَنْصِلُ	-	-
اختار	اِخْتَارَ	يَخْتَارُ	اُخْتِيرَ	يُخْتَارُ
اختبأ	اِخْتَبَأَ	يَخْتَبِئُ	اُخْتُبِئَ	يُخْتَبَأُ
اختبر	اِخْتَبَرَ	يَخْتَبِرُ	اُخْتُبِرَ	يُخْتَبَرُ
اختبز	اِخْتَبَزَ	يَخْتَبِزُ	اُخْتُبِزَ	يُخْتَبَزُ
اختتم	اِخْتَتَمَ	يَخْتَتِمُ	اُخْتُتِمَ	يُخْتَتَمُ
اختتن	اِخْتَتَنَ	يَخْتَتِنُ	اُخْتُتِنَ	يُخْتَتَنُ
اخترط	اِخْتَرَطَ	يَخْتَرِطُ	اُخْتُرِطَ	يُخْتَرَطُ
اخترع	اِخْتَرَعَ	يَخْتَرِعُ	اُخْتُرِعَ	يُخْتَرَعُ
اخترق	اِخْتَرَقَ	يَخْتَرِقُ	اُخْتُرِقَ	يُخْتَرَقُ
اختزل	اِخْتَزَلَ	يَخْتَزِلُ	اُخْتُزِلَ	يُخْتَزَلُ
اختص	اِخْتَصَّ	يَخْتَصُّ	اُخْتُصَّ	يُخْتَصُّ
اختصر	اِخْتَصَرَ	يَخْتَصِرُ	اُخْتُصِرَ	يُخْتَصَرُ
اختصم	اِخْتَصَمَ	يَخْتَصِمُ	اُخْتُصِمَ	يُخْتَصَمُ
اختط	اِخْتَطَّ	يَخْتَطُّ	اُخْتُطَّ	يُخْتَطُّ
اختطف	اِخْتَطَفَ	يَخْتَطِفُ	اُخْتُطِفَ	يُخْتَطَفُ
اختطى	اِخْتَطَى	يَخْتَطِي	اُخْتُطِيَ	يُخْتَطَى
اختفى	اِخْتَفَى	يَخْتَفِي	اُخْتُفِيَ	يُخْتَفَى
اختل	اِخْتَلَّ	يَخْتَلُّ	اُخْتُلَّ	يُخْتَلُّ
اختلب	اِخْتَلَبَ	يَخْتَلِبُ	اُخْتُلِبَ	يُخْتَلَبُ
اختلج	اِخْتَلَجَ	يَخْتَلِجُ	-	-
اختلس	اِخْتَلَسَ	يَخْتَلِسُ	اُخْتُلِسَ	يُخْتَلَسُ
اختلط	اِخْتَلَطَ	يَخْتَلِطُ	-	-
اختلف	اِخْتَلَفَ	يَخْتَلِفُ	اُخْتُلِفَ	يُخْتَلَفُ
اختلق	اِخْتَلَقَ	يَخْتَلِقُ	اُخْتُلِقَ	يُخْتَلَقُ
اختمر	اِخْتَمَرَ	يَخْتَمِرُ	اُخْتُمِرَ	يُخْتَمَرُ
اختنق	اِخْتَنَقَ	يَخْتَنِقُ	-	-
اخرمص	اِخْرَمَصَّ	يَخْرَمِصُّ	-	-
اخرنطم	اِخْرَنْطَمَ	يَخْرَنْطِمُ	اُخْرُنْطِمَ	يُخْرَنْطَمُ
اخرنمس	اِخْرَنْمَسَ	يَخْرَنْمِسُ	اُخْرُنْمِسَ	يُخْرَنْمَسُ
اخروط	اِخْرَوَّطَ	يَخْرَوِّطُ	اُخْرُوِّطَ	يُخْرَوَّطُ
اخشوشب	اِخْشَوْشَبَ	يَخْشَوْشِبُ	-	-
اخشوشن	اِخْشَوْشَنَ	يَخْشَوْشِنُ	-	-
اخضار	اِخْضَارَّ	يَخْضَارُّ	-	-
اخضر	اِخْضَرَّ	يَخْضَرُّ	-	-
اخضل	اِخْضَلَّ	يَخْضَلُّ	اُخْضُلَّ	يُخْضَلُّ
اخضوضب	اِخْضَوْضَبَ	يَخْضَوْضِبُ	-	-
اخضوضر	اِخْضَوْضَرَ	يَخْضَوْضِرُ	-	-
اخضوضع	اِخْضَوْضَعَ	يَخْضَوْضِعُ	-	-
ادارأ	اِدَّارَأَ	يَدَّارَأُ	اُدُّورِئَ	يُدَّارَأُ
ادبر	اِدَّبَّرَ	يَدَّبَّرُ	اُدُّبِّرَ	يُدَّبَّرُ
ادثر	اِدَّثَّرَ	يَدَّثَّرُ	اُدُّثِّرَ	يُدَّثَّرُ
ادخر	اِدَّخَرَ	يَدَّخِرُ	اُدُّخِرَ	يُدَّخَرُ
ادرأ	اِدَّرَأَ	يَدَّرِئُ	اُدُّرِئَ	يُدَّرَأُ
ادرع	اِدَّرَعَ	يَدَّرِعُ	اُدُّرِعَ	يُدَّرَعُ
ادعم	اِدَّعَمَ	يَدَّعِمُ	اُدُّعِمَ	يُدَّعَمُ
ادعى	اِدَّعَى	يَدَّعِي	اُدُّعِيَ	يُدَّعَى
ادغم	اِدَّغَمَ	يَدَّغِمُ	اُدُّغِمَ	يُدَّغَمُ
ادكر	اِدَّكَرَ	يَدَّكِرُ	اُدُّكِرَ	يُدَّكَرُ
ادهم	اِدْهَمَّ	يَدْهَمُّ	-	-
اذخر	اِذَّخَرَ	يَذَّخِرُ	اُذُّخِرَ	يُذَّخَرُ
اذدكر	اِذْدَكَرَ	يَذْدَكِرُ	اُذْدُكِرَ	يُذْدَكَرُ
اذكر	اِذَّكَّرَ	يَذَّكَّرُ	اُذُّكِّرَ	يُذَّكَّرُ
اذلعب	اِذْلَعَبَّ	يَذْلَعِبُّ	اُذْلُعِبَّ	يُذْلَعَبُّ
اذلولى	اِذْلَوْلَى	يَذْلَوْلِي	اُذْلُولِيَ	يُذْلَوْلَى
ارباث	اِرْبَاثَّ	يَرْبَاثُّ	-	-
ارباد	اِرْبَادَّ	يَرْبَادُّ	-	-
اربث	اِرْبَثَّ	يَرْبَثُّ	-	-
اربد	اِرْبَدَّ	يَرْبَدُّ	-	-
ارتأس	اِرْتَأَسَ	يَرْتَئِسُ	اُرْتُئِسَ	يُرْتَأَسُ
ارتأى	اِرْتَأَى	يَرْتَئِي	اُرْتُئِيَ	يُرْتَأَى
ارتاب	اِرْتَابَ	يَرْتَابُ	اُرْتِيبَ	يُرْتَابُ
ارتاح	اِرْتَاحَ	يَرْتَاحُ	اُرْتِيحَ	يُرْتَاحُ
ارتاد	اِرْتَادَ	يَرْتَادُ	اُرْتِيدَ	يُرْتَادُ
ارتاع	اِرْتَاعَ	يَرْتَاعُ	-	-
ارتبط	اِرْتَبَطَ	يَرْتَبِطُ	اُرْتُبِطَ	يُرْتَبَطُ
ارتبك	اِرْتَبَكَ	يَرْتَبِكُ	-	-
ارتج	اِرْتَجَّ	يَرْتَجُّ	اُرْتُجَّ	يُرْتَجُّ
ارتجع	اِرْتَجَعَ	يَرْتَجِعُ	اُرْتُجِعَ	يُرْتَجَعُ
ارتجف	اِرْتَجَفَ	يَرْتَجِفُ	-	-
ارتجل	اِرْتَجَلَ	يَرْتَجِلُ	اُرْتُجِلَ	يُرْتَجَلُ
ارتجى	اِرْتَجَى	يَرْتَجِي	اُرْتُجِيَ	يُرْتَجَى
ارتخى	اِرْتَخَى	يَرْتَخِي	-	-
ارتد	اِرْتَدَّ	يَرْتَدُّ	اُرْتُدَّ	يُرْتَدُّ
ارتدع	اِرْتَدَعَ	يَرْتَدِعُ	-	-
ارتدى	اِرْتَدَى	يَرْتَدِي	اُرْتُدِيَ	يُرْتَدَى
ارتزق	اِرْتَزَقَ	يَرْتَزِقُ	اُرْتُزِقَ	يُرْتَزَقُ
ارتسم	اِرْتَسَمَ	يَرْتَسِمُ	-	-
ارتشف	اِرْتَشَفَ	يَرْتَشِفُ	اُرْتُشِفَ	يُرْتَشَفُ
ارتشى	اِرْتَشَى	يَرْتَشِي	اُرْتُشِيَ	يُرْتَشَى
ارتضخ	اِرْتَضَخَ	يَرْتَضِخُ	اُرْتُضِخَ	يُرْتَضَخُ
ارتضى	اِرْتَضَى	يَرْتَضِي	اُرْتُضِيَ	يُرْتَضَى
ارتطم	اِرْتَطَمَ	يَرْتَطِمُ	اُرْتُطِمَ	يُرْتَطَمُ
ارتعب	اِرْتَعَبَ	يَرْتَعِبُ	اُرْتُعِبَ	يُرْتَعَبُ
ارتعد	اِرْتَعَدَ	يَرْتَعِدُ	اُرْتُعِدَ	يُرْتَعَدُ
ارتعش	اِرْتَعَشَ	يَرْتَعِشُ	-	-
ارتعف	اِرْتَعَفَ	يَرْتَعِفُ	اُرْتُعِفَ	يُرْتَعَفُ
ارتعى	اِرْتَعَى	يَرْتَعِي	-	-
ارتفع	اِرْتَفَعَ	يَرْتَفِعُ	اُرْتُفِعَ	يُرْتَفَعُ
ارتقب	اِرْتَقَبَ	يَرْتَقِبُ	اُرْتُقِبَ	يُرْتَقَبُ
ارتقى	اِرْتَقَى	يَرْتَقِي	اُرْتُقِيَ	يُرْتَقَى
ارتكب	اِرْتَكَبَ	يَرْتَكِبُ	اُرْتُكِبَ	يُرْتَكَبُ
ارتكز	اِرْتَكَزَ	يَرْتَكِزُ	اُرْتُكِزَ	يُرْتَكَزُ
ارتكس	اِرْتَكَسَ	يَرْتَكِسُ	اُرْتُكِسَ	يُرْتَكَسُ
ارتكم	اِرْتَكَمَ	يَرْتَكِمُ	اُرْتُكِمَ	يُرْتَكَمُ
ارتكن	اِرْتَكَنَ	يَرْتَكِنُ	اُرْتُكِنَ	يُرْتَكَنُ
ارتمى	اِرْتَمَى	يَرْتَمِي	اُرْتُمِيَ	يُرْتَمَى
ارتهط	اِرْتَهَطَ	يَرْتَهِطُ	اُرْتُهِطَ	يُرْتَهَطُ
ارتهن	اِرْتَهَنَ	يَرْتَهِنُ	اُرْتُهِنَ	يُرْتَهَنُ
ارتوى	اِرْتَوَى	يَرْتَوِي	اُرْتُوِيَ	يُرْتَوَى
ارثعن	اِرْثَعَنَّ	يَرْثَعِنُّ	-	-
ارجحن	اِرْجَحَنَّ	يَرْجَحِنُّ	اُرْجُحِنَّ	يُرْجَحَنُّ
ارعوى	اِرْعَوَى	يَرْعَوِي	اُرْعُوِيَ	يُرْعَوَى
ارفض	اِرْفَضَّ	يَرْفَضُّ	-	-
ازداد	اِزْدَادَ	يَزْدَادُ	اُزْدِيدَ	يُزْدَادُ
ازدان	اِزْدَانَ	يَزْدَانُ	-	-
ازدجر	اِزْدَجَرَ	يَزْدَجِرُ	اُزْدُجِرَ	يُزْدَجَرُ
ازدحم	اِزْدَحَمَ	يَزْدَحِمُ	اُزْدُحِمَ	يُزْدَحَمُ
ازدرد	اِزْدَرَدَ	يَزْدَرِدُ	اُزْدُرِدَ	يُزْدَرَدُ
ازدرع	اِزْدَرَعَ	يَزْدَرِعُ	اُزْدُرِعَ	يُزْدَرَعُ
ازدرى	اِزْدَرَى	يَزْدَرِي	اُزْدُرِيَ	يُزْدَرَى
ازدقم	اِزْدَقَمَ	يَزْدَقِمُ	اُزْدُقِمَ	يُزْدَقَمُ
ازدلف	اِزْدَلَفَ	يَزْدَلِفُ	اُزْدُلِفَ	يُزْدَلَفُ
ازدهر	اِزْدَهَرَ	يَزْدَهِرُ	اُزْدُهِرَ	يُزْدَهَرُ
ازدهف	اِزْدَهَفَ	يَزْدَهِفُ	اُزْدُهِفَ	يُزْدَهَفُ
ازدوج	اِزْدَوَجَ	يَزْدَوِجُ	-	-
ازرق	اِزْرَقَّ	يَزْرَقُّ	-	-
ازين	اِزَّيَّنَ	يَزَّيَّنُ	-	-
اسبغل	اِسْبَغَلَّ	يَسْبَغِلُّ	-	-
اسبكر	اِسْبَكَرَّ	يَسْبَكِرُّ	اُسْبُكِرَّ	يُسْبَكَرُّ
استآس	اِسْتَآسَ	يَسْتَئِيسُ	اُسْتُئِيسَ	يُسْتَآسُ
استآل	اِسْتَآلَ	يَسْتَئِيلُ	اُسْتُئِيلَ	يُسْتَآلُ
استأب	اِسْتَأَبَّ	يَسْتَئِبُّ	اُسْتُئِبَّ	يُسْتَأَبُّ
استأتى	اِسْتَأْتَى	يَسْتَأْتِي	اُسْتُؤْتِيَ	يُسْتَأْتَى
استأثر	اِسْتَأْثَرَ	يَسْتَأْثِرُ	اُسْتُؤْثِرَ	يُسْتَأْثَرُ
استأجر	اِسْتَأْجَرَ	يَسْتَأْجِرُ	اُسْتُؤْجِرَ	يُسْتَأْجَرُ
استأذن	اِسْتَأْذَنَ	يَسْتَأْذِنُ	اُسْتُؤْذِنَ	يُسْتَأْذَنُ
استأصل	اِسْتَأْصَلَ	يَسْتَأْصِلُ	اُسْتُؤْصِلَ	يُسْتَأْصَلُ
استألف	اِسْتَأْلَفَ	يَسْتَأْلِفُ	-	-
استأم	اِسْتَأَمَّ	يَسْتَئِمُّ	اُسْتُئِمَّ	يُسْتَأَمُّ
استأمر	اِسْتَأْمَرَ	يَسْتَأْمِرُ	اُسْتُؤْمِرَ	يُسْتَأْمَرُ
استأمن	اِسْتَأْمَنَ	يَسْتَأْمِنُ	اُسْتُؤْمِنَ	يُسْتَأْمَنُ
استأمى	اِسْتَأْمَى	يَسْتَأْمِي	اُسْتُؤْمِيَ	يُسْتَأْمَى
استأنس	اِسْتَأْنَسَ	يَسْتَأْنِسُ	اُسْتُؤْنِسَ	يُسْتَأْنَسُ
استأنف	اِسْتَأْنَفَ	يَسْتَأْنِفُ	اُسْتُؤْنِفَ	يُسْتَأْنَفُ
استأنى	اِسْتَأْنَى	يَسْتَأْنِي	اُسْتُؤْنِيَ	يُسْتَأْنَى
استأهل	اِسْتَأْهَلَ	يَسْتَأْهِلُ	اُسْتُؤْهِلَ	يُسْتَأْهَلُ
استأوى	اِسْتَأْوَى	يَسْتَأْوِي	اُسْتُؤْوِيَ	يُسْتَأْوَى
استأيك	اِسْتَأْيَكَ	يَسْتَأْيِكُ	-	-
استاء	اِسْتَاءَ	يَسْتَاءُ	اُسْتِيءَ	يُسْتَاءُ
استاع	اِسْتَاعَ	يَسْتِيعُ	اُسْتِيعَ	يُسْتَاعُ
استاك	اِسْتَاكَ	يَسْتَاكُ	اُسْتِيكَ	يُسْتَاكُ
استام	اِسْتَامَ	يَسْتَامُ	اُسْتِيمَ	يُسْتَامُ
استباح	اِسْتَبَاحَ	يَسْتَبِيحُ	اُسْتُبِيحَ	يُسْتَبَاحُ
استبان	اِسْتَبَانَ	يَسْتَبِينُ	اُسْتُبِينَ	يُسْتَبَانُ
استبحر	اِسْتَبْحَرَ	يَسْتَبْحِرُ	اُسْتُبْحِرَ	يُسْتَبْحَرُ
استبد	اِسْتَبَدَّ	يَسْتَبِدُّ	اُسْتُبِدَّ	يُسْتَبَدُّ
استبدع	اِسْتَبْدَعَ	يَسْتَبْدِعُ	اُسْتُبْدِعَ	يُسْتَبْدَعُ
استبدل	اِسْتَبْدَلَ	يَسْتَبْدِلُ	اُسْتُبْدِلَ	يُسْتَبْدَلُ
استبرأ	اِسْتَبْرَأَ	يَسْتَبْرِئُ	اُسْتُبْرِئَ	يُسْتَبْرَأُ
استبشر	اِسْتَبْشَرَ	يَسْتَبْشِرُ	اُسْتُبْشِرَ	يُسْتَبْشَرُ
استبصر	اِسْتَبْصَرَ	يَسْتَبْصِرُ	اُسْتُبْصِرَ	يُسْتَبْصَرُ
استبطن	اِسْتَبْطَنَ	يَسْتَبْطِنُ	اُسْتُبْطِنَ	يُسْتَبْطَنُ
استبعد	اِسْتَبْعَدَ	يَسْتَبْعِدُ	اُسْتُبْعِدَ	يُسْتَبْعَدُ
استبق	اِسْتَبَقَ	يَسْتَبِقُ	اُسْتُبِقَ	يُسْتَبَقُ
استبقى	اِسْتَبْقَى	يَسْتَبْقِي	اُسْتُبْقِيَ	يُسْتَبْقَى
استبى	اِسْتَبَى	يَسْتَبِي	اُسْتُبِيَ	يُسْتَبَى
استتاب	اِسْتَتَابَ	يَسْتَتِيبُ	اُسْتُتِيبَ	يُسْتَتَابُ
استتبع	اِسْتَتْبَعَ	يَسْتَتْبِعُ	اُسْتُتْبِعَ	يُسْتَتْبَعُ
استتر	اِسْتَتَرَ	يَسْتَتِرُ	اُسْتُتِرَ	يُسْتَتَرُ
استتفه	اِسْتَتْفَهَ	يَسْتَتْفِهُ	اُسْتُتْفِهَ	يُسْتَتْفَهُ
استثمر	اِسْتَثْمَرَ	يَسْتَثْمِرُ	اُسْتُثْمِرَ	يُسْتَثْمَرُ
استثنى	اِسْتَثْنَى	يَسْتَثْنِي	اُسْتُثْنِيَ	يُسْتَثْنَى
استجاب	اِسْتَجَابَ	يَسْتَجِيبُ	اُسْتُجِيبَ	يُسْتَجَابُ
استجار	اِسْتَجَارَ	يَسْتَجِيرُ	اُسْتُجِيرَ	يُسْتَجَارُ
استجاز	اِسْتَجَازَ	يَسْتَجِيزُ	اُسْتُجِيزَ	يُسْتَجَازُ
استجد	اِسْتَجَدَّ	يَسْتَجِدُّ	اُسْتُجِدَّ	يُسْتَجَدُّ
استجدى	اِسْتَجْدَى	يَسْتَجْدِي	اُسْتُجْدِيَ	يُسْتَجْدَى
استجز	اِسْتَجَزَّ	يَسْتَجِزُّ	-	-
استجلى	اِسْتَجْلَى	يَسْتَجْلِي	اُسْتُجْلِيَ	يُسْتَجْلَى
استجم	اِسْتَجَمَّ	يَسْتَجِمُّ	-	-
استجمع	اِسْتَجْمَعَ	يَسْتَجْمِعُ	اُسْتُجْمِعَ	يُسْتَجْمَعُ
استجن	اِسْتَجَنَّ	يَسْتَجِنُّ	اُسْتُجِنَّ	يُسْتَجَنُّ
استجنس	اِسْتَجْنَسَ	يَسْتَجْنِسُ	اُسْتُجْنِسَ	يُسْتَجْنَسُ
استجهل	اِسْتَجْهَلَ	يَسْتَجْهِلُ	اُسْتُجْهِلَ	يُسْتَجْهَلُ
استجوب	اِسْتَجْوَبَ	يَسْتَجْوِبُ	اُسْتُجْوِبَ	يُسْتَجْوَبُ
استحاث	اِسْتَحَاثَ	يَسْتَحِيثُ	اُسْتُحِيثَ	يُسْتَحَاثُ
استحاض	اِسْتَحَاضَ	يَسْتَحِيضُ	اُسْتُحِيضَ	يُسْتَحَاضُ
استحال	اِسْتَحَالَ	يَسْتَحِيلُ	اُسْتُحِيلَ	يُسْتَحَالُ
استحب	اِسْتَحَبَّ	يَسْتَحِبُّ	اُسْتُحِبَّ	يُسْتَحَبُّ
استحث	اِسْتَحَثَّ	يَسْتَحِثُّ	اُسْتُحِثَّ	يُسْتَحَثُّ
استحجب	اِسْتَحْجَبَ	يَسْتَحْجِبُ	اُسْتُحْجِبَ	يُسْتَحْجَبُ
استحرم	اِسْتَحْرَمَ	يَسْتَحْرِمُ	اُسْتُحْرِمَ	يُسْتَحْرَمُ
استحسن	اِسْتَحْسَنَ	يَسْتَحْسِنُ	اُسْتُحْسِنَ	يُسْتَحْسَنُ
استحصد	اِسْتَحْصَدَ	يَسْتَحْصِدُ	-	-
استحصل	اِسْتَحْصَلَ	يَسْتَحْصِلُ	اُسْتُحْصِلَ	يُسْتَحْصَلُ
استحضر	اِسْتَحْضَرَ	يَسْتَحْضِرُ	اُسْتُحْضِرَ	يُسْتَحْضَرُ
استحفظ	اِسْتَحْفَظَ	يَسْتَحْفِظُ	اُسْتُحْفِظَ	يُسْتَحْفَظُ
استحق	اِسْتَحَقَّ	يَسْتَحِقُّ	اُسْتُحِقَّ	يُسْتَحَقُّ
استحقر	اِسْتَحْقَرَ	يَسْتَحْقِرُ	اُسْتُحْقِرَ	يُسْتَحْقَرُ
استحل	اِسْتَحَلَّ	يَسْتَحِلُّ	اُسْتُحِلَّ	يُسْتَحَلُّ
استحلف	اِسْتَحْلَفَ	يَسْتَحْلِفُ	اُسْتُحْلِفَ	يُسْتَحْلَفُ
استحم	اِسْتَحَمَّ	يَسْتَحِمُّ	اُسْتُحِمَّ	يُسْتَحَمُّ
استحمر	اِسْتَحْمَرَ	يَسْتَحْمِرُ	اُسْتُحْمِرَ	يُسْتَحْمَرُ
استحمل	اِسْتَحْمَلَ	يَسْتَحْمِلُ	اُسْتُحْمِلَ	يُسْتَحْمَلُ
استحوذ	اِسْتَحْوَذَ	يَسْتَحْوِذُ	اُسْتُحْوِذَ	يُسْتَحْوَذُ
استحوش	اِسْتَحْوَشَ	يَسْتَحْوِشُ	اُسْتُحْوِشَ	يُسْتَحْوَشُ
استحى	اِسْتَحَى	يَسْتَحِي	اُسْتُحِيَ	يُسْتَحَى
استحيا	اِسْتَحْيَا	يَسْتَحْيِي	اُسْتُحْيِيَ	يُسْتَحْيَا
استخار	اِسْتَخَارَ	يَسْتَخِيرُ	اُسْتُخِيرَ	يُسْتَخَارُ
استخبر	اِسْتَخْبَرَ	يَسْتَخْبِرُ	اُسْتُخْبِرَ	يُسْتَخْبَرُ
استخدم	اِسْتَخْدَمَ	يَسْتَخْدِمُ	اُسْتُخْدِمَ	يُسْتَخْدَمُ
استخرج	اِسْتَخْرَجَ	يَسْتَخْرِجُ	اُسْتُخْرِجَ	يُسْتَخْرَجُ
استخف	اِسْتَخَفَّ	يَسْتَخِفُّ	اُسْتُخِفَّ	يُسْتَخَفُّ
استخفى	اِسْتَخْفَى	يَسْتَخْفِي	اُسْتُخْفِيَ	يُسْتَخْفَى
استخلب	اِسْتَخْلَبَ	يَسْتَخْلِبُ	اُسْتُخْلِبَ	يُسْتَخْلَبُ
استخلص	اِسْتَخْلَصَ	يَسْتَخْلِصُ	اُسْتُخْلِصَ	يُسْتَخْلَصُ
استخلف	اِسْتَخْلَفَ	يَسْتَخْلِفُ	اُسْتُخْلِفَ	يُسْتَخْلَفُ
استدار	اِسْتَدَارَ	يَسْتَدِيرُ	اُسْتُدِيرَ	يُسْتَدَارُ
استدام	اِسْتَدَامَ	يَسْتَدِيمُ	اُسْتُدِيمَ	يُسْتَدَامُ
استدان	اِسْتَدَانَ	يَسْتَدِينُ	اُسْتُدِينَ	يُسْتَدَانُ
استدر	اِسْتَدَرَّ	يَسْتَدِرُّ	اُسْتُدِرَّ	يُسْتَدَرُّ
استدرج	اِسْتَدْرَجَ	يَسْتَدْرِجُ	اُسْتُدْرِجَ	يُسْتَدْرَجُ
استدرك	اِسْتَدْرَكَ	يَسْتَدْرِكُ	اُسْتُدْرِكَ	يُسْتَدْرَكُ
استدعى	اِسْتَدْعَى	يَسْتَدْعِي	اُسْتُدْعِيَ	يُسْتَدْعَى
استدفأ	اِسْتَدْفَأَ	يَسْتَدْفِئُ	-	-
استدل	اِسْتَدَلَّ	يَسْتَدِلُّ	اُسْتُدِلَّ	يُسْتَدَلُّ
استذكر	اِسْتَذْكَرَ	يَسْتَذْكِرُ	اُسْتُذْكِرَ	يُسْتَذْكَرُ
استذم	اِسْتَذَمَّ	يَسْتَذِمُّ	اُسْتُذِمَّ	يُسْتَذَمُّ
استذمى	اِسْتَذْمَى	يَسْتَذْمِي	اُسْتُذْمِيَ	يُسْتَذْمَى
استذنب	اِسْتَذْنَبَ	يَسْتَذْنِبُ	اُسْتُذْنِبَ	يُسْتَذْنَبُ
استذهن	اِسْتَذْهَنَ	يَسْتَذْهِنُ	اُسْتُذْهِنَ	يُسْتَذْهَنُ
استرأف	اِسْتَرْأَفَ	يَسْتَرْئِفُ	اُسْتُرْئِفَ	يُسْتَرْأَفُ
استرأل	اِسْتَرْأَلَ	يَسْتَرْئِلُ	-	-
استرأى	اِسْتَرْأَى	يَسْتَرْئِي	اُسْتُرْئِيَ	يُسْتَرْأَى
استراب	اِسْتَرَابَ	يَسْتَرِيبُ	اُسْتُرِيبَ	يُسْتَرَابُ
استراث	اِسْتَرَاثَ	يَسْتَرِيثُ	اُسْتُرِيثَ	يُسْتَرَاثُ
استراح	اِسْتَرَاحَ	يَسْتَرِيحُ	اُسْتُرِيحَ	يُسْتَرَاحُ
استرجع	اِسْتَرْجَعَ	يَسْتَرْجِعُ	اُسْتُرْجِعَ	يُسْتَرْجَعُ
استرجل	اِسْتَرْجَلَ	يَسْتَرْجِلُ	اُسْتُرْجِلَ	يُسْتَرْجَلُ
استرجم	اِسْتَرْجَمَ	يَسْتَرْجِمُ	اُسْتُرْجِمَ	يُسْتَرْجَمُ
استرحم	اِسْتَرْحَمَ	يَسْتَرْحِمُ	اُسْتُرْحِمَ	يُسْتَرْحَمُ
استرخص	اِسْتَرْخَصَ	يَسْتَرْخِصُ	اُسْتُرْخِصَ	يُسْتَرْخَصُ
استرخى	اِسْتَرْخَى	يَسْتَرْخِي	اُسْتُرْخِيَ	يُسْتَرْخَى
استرد	اِسْتَرَدَّ	يَسْتَرِدُّ	اُسْتُرِدَّ	يُسْتَرَدُّ
استرزق	اِسْتَرْزَقَ	يَسْتَرْزِقُ	اُسْتُرْزِقَ	يُسْتَرْزَقُ
استرسل	اِسْتَرْسَلَ	يَسْتَرْسِلُ	اُسْتُرْسِلَ	يُسْتَرْسَلُ
استرضى	اِسْتَرْضَى	يَسْتَرْضِي	اُسْتُرْضِيَ	يُسْتَرْضَى
استرعف	اِسْتَرْعَفَ	يَسْتَرْعِفُ	اُسْتُرْعِفَ	يُسْتَرْعَفُ
استرعى	اِسْتَرْعَى	يَسْتَرْعِي	اُسْتُرْعِيَ	يُسْتَرْعَى
استرفد	اِسْتَرْفَدَ	يَسْتَرْفِدُ	اُسْتُرْفِدَ	يُسْتَرْفَدُ
استرق	اِسْتَرَقَ	يَسْتَرِقُ	اُسْتُرِقَ	يُسْتَرَقُ
استزار	اِسْتَزَارَ	يَسْتَزِيرُ	اُسْتُزِيرَ	يُسْتَزَارُ
استزمر	اِسْتَزْمَرَ	يَسْتَزْمِرُ	-	-
استسأل	اِسْتَسْأَلَ	يَسْتَسْئِلُ	اُسْتُسْئِلَ	يُسْتَسْأَلُ
استساغ	اِسْتَسَاغَ	يَسْتَسِيغُ	اُسْتُسِيغَ	يُسْتَسَاغُ
استسر	اِسْتَسَرَّ	يَسْتَسِرُّ	اُسْتُسِرَّ	يُسْتَسَرُّ
استسقى	اِسْتَسْقَى	يَسْتَسْقِي	اُسْتُسْقِيَ	يُسْتَسْقَى
استسلم	اِسْتَسْلَمَ	يَسْتَسْلِمُ	اُسْتُسْلِمَ	يُسْتَسْلَمُ
استسمح	اِسْتَسْمَحَ	يَسْتَسْمِحُ	اُسْتُسْمِحَ	يُسْتَسْمَحُ
استسهل	اِسْتَسْهَلَ	يَسْتَسْهِلُ	اُسْتُسْهِلَ	يُسْتَسْهَلُ
استشار	اِسْتَشَارَ	يَسْتَشِيرُ	اُسْتُشِيرَ	يُسْتَشَارُ
استشاط	اِسْتَشَاطَ	يَسْتَشِيطُ	اُسْتُشِيطَ	يُسْتَشَاطُ
استشاظ	اِسْتَشَاظَ	يَسْتَشِيظُ	اُسْتُشِيظَ	يُسْتَشَاظُ
استشب	اِسْتَشَبَّ	يَسْتَشِبُّ	اُسْتُشِبَّ	يُسْتَشَبُّ
استشرف	اِسْتَشْرَفَ	يَسْتَشْرِفُ	اُسْتُشْرِفَ	يُسْتَشْرَفُ
استشرق	اِسْتَشْرَقَ	يَسْتَشْرِقُ	-	-
استشعر	اِسْتَشْعَرَ	يَسْتَشْعِرُ	اُسْتُشْعِرَ	يُسْتَشْعَرُ
استشف	اِسْتَشَفَّ	يَسْتَشِفُّ	اُسْتُشِفَّ	يُسْتَشَفُّ
استشفى	اِسْتَشْفَى	يَسْتَشْفِي	اُسْتُشْفِيَ	يُسْتَشْفَى
استشكل	اِسْتَشْكَلَ	يَسْتَشْكِلُ	اُسْتُشْكِلَ	يُسْتَشْكَلُ
استشم	اِسْتَشَمَّ	يَسْتَشِمُّ	اُسْتُشِمَّ	يُسْتَشَمُّ
استشهد	اِسْتَشْهَدَ	يَسْتَشْهِدُ	اُسْتُشْهِدَ	يُسْتَشْهَدُ
استصبح	اِسْتَصْبَحَ	يَسْتَصْبِحُ	اُسْتُصْبِحَ	يُسْتَصْبَحُ
استصبر	اِسْتَصْبَرَ	يَسْتَصْبِرُ	اُسْتُصْبِرَ	يُسْتَصْبَرُ
استصح	اِسْتَصَحَّ	يَسْتَصِحُّ	اُسْتُصِحَّ	يُسْتَصَحُّ
استصحب	اِسْتَصْحَبَ	يَسْتَصْحِبُ	اُسْتُصْحِبَ	يُسْتَصْحَبُ
استصدر	اِسْتَصْدَرَ	يَسْتَصْدِرُ	اُسْتُصْدِرَ	يُسْتَصْدَرُ
استصرخ	اِسْتَصْرَخَ	يَسْتَصْرِخُ	اُسْتُصْرِخَ	يُسْتَصْرَخُ
استضاء	اِسْتَضَاءَ	يَسْتَضِيءُ	اُسْتُضِيءَ	يُسْتَضَاءُ
استضاف	اِسْتَضَافَ	يَسْتَضِيفُ	اُسْتُضِيفَ	يُسْتَضَافُ
استضعف	اِسْتَضْعَفَ	يَسْتَضْعِفُ	اُسْتُضْعِفَ	يُسْتَضْعَفُ
استطاب	اِسْتَطَابَ	يَسْتَطِيبُ	اُسْتُطِيبَ	يُسْتَطَابُ
استطار	اِسْتَطَارَ	يَسْتَطِيرُ	اُسْتُطِيرَ	يُسْتَطَارُ
استطاع	اِسْتَطَاعَ	يَسْتَطِيعُ	اُسْتُطِيعَ	يُسْتَطَاعُ
استطال	اِسْتَطَالَ	يَسْتَطِيلُ	اُسْتُطِيلَ	يُسْتَطَالُ
استطبق	اِسْتَطْبَقَ	يَسْتَطْبِقُ	اُسْتُطْبِقَ	يُسْتَطْبَقُ
استطرد	اِسْتَطْرَدَ	يَسْتَطْرِدُ	اُسْتُطْرِدَ	يُسْتَطْرَدُ
استطلع	اِسْتَطْلَعَ	يَسْتَطْلِعُ	اُسْتُطْلِعَ	يُسْتَطْلَعُ
استطيب	اِسْتَطْيَبَ	يَسْتَطْيِبُ	اُسْتُطْيِبَ	يُسْتَطْيَبُ
استظرف	اِسْتَظْرَفَ	يَسْتَظْرِفُ	اُسْتُظْرِفَ	يُسْتَظْرَفُ
استظهر	اِسْتَظْهَرَ	يَسْتَظْهِرُ	اُسْتُظْهِرَ	يُسْتَظْهَرُ
استعاد	اِسْتَعَادَ	يَسْتَعِيدُ	اُسْتُعِيدَ	يُسْتَعَادُ
استعاذ	اِسْتَعَاذَ	يَسْتَعِيذُ	اُسْتُعِيذَ	يُسْتَعَاذُ
استعار	اِسْتَعَارَ	يَسْتَعِيرُ	اُسْتُعِيرَ	يُسْتَعَارُ
استعاض	اِسْتَعَاضَ	يَسْتَعِيضُ	اُسْتُعِيضَ	يُسْتَعَاضُ
استعان	اِسْتَعَانَ	يَسْتَعِينُ	اُسْتُعِينَ	يُسْتَعَانُ
استعبد	اِسْتَعْبَدَ	يَسْتَعْبِدُ	اُسْتُعْبِدَ	يُسْتَعْبَدُ
استعجل	اِسْتَعْجَلَ	يَسْتَعْجِلُ	اُسْتُعْجِلَ	يُسْتَعْجَلُ
استعد	اِسْتَعَدَّ	يَسْتَعِدُّ	اُسْتُعِدَّ	يُسْتَعَدُّ
استعدى	اِسْتَعْدَى	يَسْتَعْدِي	اُسْتُعْدِيَ	يُسْتَعْدَى
استعذى	اِسْتَعْذَى	يَسْتَعْذِي	اُسْتُعْذِيَ	يُسْتَعْذَى
استعر	اِسْتَعَرَ	يَسْتَعِرُ	اُسْتُعِرَ	يُسْتَعَرُ
استعرب	اِسْتَعْرَبَ	يَسْتَعْرِبُ	اُسْتُعْرِبَ	يُسْتَعْرَبُ
استعرض	اِسْتَعْرَضَ	يَسْتَعْرِضُ	اُسْتُعْرِضَ	يُسْتَعْرَضُ
استعرف	اِسْتَعْرَفَ	يَسْتَعْرِفُ	اُسْتُعْرِفَ	يُسْتَعْرَفُ
استعصم	اِسْتَعْصَمَ	يَسْتَعْصِمُ	اُسْتُعْصِمَ	يُسْتَعْصَمُ
استعصى	اِسْتَعْصَى	يَسْتَعْصِي	اُسْتُعْصِيَ	يُسْتَعْصَى
استعط	اِسْتَعَطَ	يَسْتَعِطُ	اُسْتُعِطَ	يُسْتَعَطُ
استعطر	اِسْتَعْطَرَ	يَسْتَعْطِرُ	-	-
استعطف	اِسْتَعْطَفَ	يَسْتَعْطِفُ	اُسْتُعْطِفَ	يُسْتَعْطَفُ
استعطى	اِسْتَعْطَى	يَسْتَعْطِي	اُسْتُعْطِيَ	يُسْتَعْطَى
استعظم	اِسْتَعْظَمَ	يَسْتَعْظِمُ	اُسْتُعْظِمَ	يُسْتَعْظَمُ
استعفى	اِسْتَعْفَى	يَسْتَعْفِي	اُسْتُعْفِيَ	يُسْتَعْفَى
استعلم	اِسْتَعْلَمَ	يَسْتَعْلِمُ	اُسْتُعْلِمَ	يُسْتَعْلَمُ
استعلى	اِسْتَعْلَى	يَسْتَعْلِي	اُسْتُعْلِيَ	يُسْتَعْلَى
استعمر	اِسْتَعْمَرَ	يَسْتَعْمِرُ	اُسْتُعْمِرَ	يُسْتَعْمَرُ
استعمل	اِسْتَعْمَلَ	يَسْتَعْمِلُ	اُسْتُعْمِلَ	يُسْتَعْمَلُ
استعيا	اِسْتَعْيَا	يَسْتَعْيِي	اُسْتُعْيِيَ	يُسْتَعْيَا
استغاث	اِسْتَغَاثَ	يَسْتَغِيثُ	اُسْتُغِيثَ	يُسْتَغَاثُ
استغبى	اِسْتَغْبَى	يَسْتَغْبِي	اُسْتُغْبِيَ	يُسْتَغْبَى
استغرب	اِسْتَغْرَبَ	يَسْتَغْرِبُ	اُسْتُغْرِبَ	يُسْتَغْرَبُ
استغرق	اِسْتَغْرَقَ	يَسْتَغْرِقُ	اُسْتُغْرِقَ	يُسْتَغْرَقُ
استغشى	اِسْتَغْشَى	يَسْتَغْشِي	اُسْتُغْشِيَ	يُسْتَغْشَى
استغفر	اِسْتَغْفَرَ	يَسْتَغْفِرُ	اُسْتُغْفِرَ	يُسْتَغْفَرُ
استغفل	اِسْتَغْفَلَ	يَسْتَغْفِلُ	اُسْتُغْفِلَ	يُسْتَغْفَلُ
استغل	اِسْتَغَلَّ	يَسْتَغِلُّ	اُسْتُغِلَّ	يُسْتَغَلُّ
استغنى	اِسْتَغْنَى	يَسْتَغْنِي	اُسْتُغْنِيَ	يُسْتَغْنَى
استفاد	اِسْتَفَادَ	يَسْتَفِيدُ	اُسْتُفِيدَ	يُسْتَفَادُ
استفاض	اِسْتَفَاضَ	يَسْتَفِيضُ	اُسْتُفِيضَ	يُسْتَفَاضُ
استفاق	اِسْتَفَاقَ	يَسْتَفِيقُ	اُسْتُفِيقَ	يُسْتَفَاقُ
استفتى	اِسْتَفْتَى	يَسْتَفْتِي	اُسْتُفْتِيَ	يُسْتَفْتَى
استفحل	اِسْتَفْحَلَ	يَسْتَفْحِلُ	-	-
استفرد	اِسْتَفْرَدَ	يَسْتَفْرِدُ	اُسْتُفْرِدَ	يُسْتَفْرَدُ
استفرش	اِسْتَفْرَشَ	يَسْتَفْرِشُ	اُسْتُفْرِشَ	يُسْتَفْرَشُ
استفرغ	اِسْتَفْرَغَ	يَسْتَفْرِغُ	اُسْتُفْرِغَ	يُسْتَفْرَغُ
استفز	اِسْتَفَزَّ	يَسْتَفِزُّ	اُسْتُفِزَّ	يُسْتَفَزُّ
استفسر	اِسْتَفْسَرَ	يَسْتَفْسِرُ	اُسْتُفْسِرَ	يُسْتَفْسَرُ
استفل	اِسْتَفَلَّ	يَسْتَفِلُّ	اُسْتُفِلَّ	يُسْتَفَلُّ
استفهم	اِسْتَفْهَمَ	يَسْتَفْهِمُ	اُسْتُفْهِمَ	يُسْتَفْهَمُ
استقاء	اِسْتَقَاءَ	يَسْتَقِيءُ	اُسْتُقِيءَ	يُسْتَقَاءُ
استقال	اِسْتَقَالَ	يَسْتَقِيلُ	اُسْتُقِيلَ	يُسْتَقَالُ
استقام	اِسْتَقَامَ	يَسْتَقِيمُ	اُسْتُقِيمَ	يُسْتَقَامُ
استقبح	اِسْتَقْبَحَ	يَسْتَقْبِحُ	اُسْتُقْبِحَ	يُسْتَقْبَحُ
استقبل	اِسْتَقْبَلَ	يَسْتَقْبِلُ	اُسْتُقْبِلَ	يُسْتَقْبَلُ
استقتل	اِسْتَقْتَلَ	يَسْتَقْتِلُ	اُسْتُقْتِلَ	يُسْتَقْتَلُ
استقدر	اِسْتَقْدَرَ	يَسْتَقْدِرُ	اُسْتُقْدِرَ	يُسْتَقْدَرُ
استقدس	اِسْتَقْدَسَ	يَسْتَقْدِسُ	اُسْتُقْدِسَ	يُسْتَقْدَسُ
استقدم	اِسْتَقْدَمَ	يَسْتَقْدِمُ	اُسْتُقْدِمَ	يُسْتَقْدَمُ
استقذر	اِسْتَقْذَرَ	يَسْتَقْذِرُ	اُسْتُقْذِرَ	يُسْتَقْذَرُ
استقر	اِسْتَقَرَّ	يَسْتَقِرُّ	اُسْتُقِرَّ	يُسْتَقَرُّ
استقرأ	اِسْتَقْرَأَ	يَسْتَقْرِئُ	اُسْتُقْرِئَ	يُسْتَقْرَأُ
استقرب	اِسْتَقْرَبَ	يَسْتَقْرِبُ	اُسْتُقْرِبَ	يُسْتَقْرَبُ
استقرض	اِسْتَقْرَضَ	يَسْتَقْرِضُ	اُسْتُقْرِضَ	يُسْتَقْرَضُ
استقص	اِسْتَقَصَّ	يَسْتَقِصُّ	اُسْتُقِصَّ	يُسْتَقَصُّ
استقصى	اِسْتَقْصَى	يَسْتَقْصِي	اُسْتُقْصِيَ	يُسْتَقْصَى
استقضى	اِسْتَقْضَى	يَسْتَقْضِي	اُسْتُقْضِيَ	يُسْتَقْضَى
استقطب	اِسْتَقْطَبَ	يَسْتَقْطِبُ	اُسْتُقْطِبَ	يُسْتَقْطَبُ
استقطر	اِسْتَقْطَرَ	يَسْتَقْطِرُ	اُسْتُقْطِرَ	يُسْتَقْطَرُ
استقطع	اِسْتَقْطَعَ	يَسْتَقْطِعُ	اُسْتُقْطِعَ	يُسْتَقْطَعُ
استقل	اِسْتَقَلَّ	يَسْتَقِلُّ	اُسْتُقِلَّ	يُسْتَقَلُّ
استقوى	اِسْتَقْوَى	يَسْتَقْوِي	اُسْتُقْوِيَ	يُسْتَقْوَى
استقى	اِسْتَقَى	يَسْتَقِي	اُسْتُقِيَ	يُسْتَقَى
استقيأ	اِسْتَقْيَأَ	يَسْتَقْيِئُ	اُسْتُقْيِئَ	يُسْتَقْيَأُ
استكان	اِسْتَكَانَ	يَسْتَكِينُ	اُسْتُكِينَ	يُسْتَكَانُ
استكبر	اِسْتَكْبَرَ	يَسْتَكْبِرُ	اُسْتُكْبِرَ	يُسْتَكْبَرُ
استكتب	اِسْتَكْتَبَ	يَسْتَكْتِبُ	اُسْتُكْتِبَ	يُسْتَكْتَبُ
استكثر	اِسْتَكْثَرَ	يَسْتَكْثِرُ	اُسْتُكْثِرَ	يُسْتَكْثَرُ
استكره	اِسْتَكْرَهَ	يَسْتَكْرِهُ	اُسْتُكْرِهَ	يُسْتَكْرَهُ
استكرى	اِسْتَكْرَى	يَسْتَكْرِي	اُسْتُكْرِيَ	يُسْتَكْرَى
استكشف	اِسْتَكْشَفَ	يَسْتَكْشِفُ	اُسْتُكْشِفَ	يُسْتَكْشَفُ
استكف	اِسْتَكَفَّ	يَسْتَكِفُّ	اُسْتُكِفَّ	يُسْتَكَفُّ
استكلب	اِسْتَكْلَبَ	يَسْتَكْلِبُ	-	-
استكمل	اِسْتَكْمَلَ	يَسْتَكْمِلُ	اُسْتُكْمِلَ	يُسْتَكْمَلُ
استكمن	اِسْتَكْمَنَ	يَسْتَكْمِنُ	-	-
استل	اِسْتَلَّ	يَسْتَلُّ	اُسْتُلَّ	يُسْتَلُّ
استلب	اِسْتَلَبَ	يَسْتَلِبُ	اُسْتُلِبَ	يُسْتَلَبُ
استلذ	اِسْتَلَذَّ	يَسْتَلِذُّ	اُسْتُلِذَّ	يُسْتَلَذُّ
استلزم	اِسْتَلْزَمَ	يَسْتَلْزِمُ	اُسْتُلْزِمَ	يُسْتَلْزَمُ
استلف	اِسْتَلَفَ	يَسْتَلِفُ	اُسْتُلِفَ	يُسْتَلَفُ
استلفت	اِسْتَلْفَتَ	يَسْتَلْفِتُ	اُسْتُلْفِتَ	يُسْتَلْفَتُ
استلقى	اِسْتَلْقَى	يَسْتَلْقِي	اُسْتُلْقِيَ	يُسْتَلْقَى
استلم	اِسْتَلَمَ	يَسْتَلِمُ	اُسْتُلِمَ	يُسْتَلَمُ
استلهم	اِسْتَلْهَمَ	يَسْتَلْهِمُ	اُسْتُلْهِمَ	يُسْتَلْهَمُ
استمات	اِسْتَمَاتَ	يَسْتَمِيتُ	اُسْتُمِيتَ	يُسْتَمَاتُ
استمتع	اِسْتَمْتَعَ	يَسْتَمْتِعُ	اُسْتُمْتِعَ	يُسْتَمْتَعُ
استمجد	اِسْتَمْجَدَ	يَسْتَمْجِدُ	اُسْتُمْجِدَ	يُسْتَمْجَدُ
استمد	اِسْتَمَدَّ	يَسْتَمِدُّ	اُسْتُمِدَّ	يُسْتَمَدُّ
استمر	اِسْتَمَرَّ	يَسْتَمِرُّ	اُسْتُمِرَّ	يُسْتَمَرُّ
استمرأ	اِسْتَمْرَأَ	يَسْتَمْرِئُ	اُسْتُمْرِئَ	يُسْتَمْرَأُ
استمسك	اِسْتَمْسَكَ	يَسْتَمْسِكُ	اُسْتُمْسِكَ	يُسْتَمْسَكُ
استمطر	اِسْتَمْطَرَ	يَسْتَمْطِرُ	اُسْتُمْطِرَ	يُسْتَمْطَرُ
استمع	اِسْتَمَعَ	يَسْتَمِعُ	اُسْتُمِعَ	يُسْتَمَعُ
استمنى	اِسْتَمْنَى	يَسْتَمْنِي	-	-
استن	اِسْتَنَّ	يَسْتَنُّ	اُسْتُنَّ	يُسْتَنُّ
استناء	اِسْتَنَاءَ	يَسْتَنِيءُ	اُسْتُنِيءَ	يُسْتَنَاءُ
استنار	اِسْتَنَارَ	يَسْتَنِيرُ	اُسْتُنِيرَ	يُسْتَنَارُ
استنبأ	اِسْتَنْبَأَ	يَسْتَنْبِئُ	اُسْتُنْبِئَ	يُسْتَنْبَأُ
استنبط	اِسْتَنْبَطَ	يَسْتَنْبِطُ	اُسْتُنْبِطَ	يُسْتَنْبَطُ
استنتج	اِسْتَنْتَجَ	يَسْتَنْتِجُ	اُسْتُنْتِجَ	يُسْتَنْتَجُ
استنجب	اِسْتَنْجَبَ	يَسْتَنْجِبُ	اُسْتُنْجِبَ	يُسْتَنْجَبُ
استنجد	اِسْتَنْجَدَ	يَسْتَنْجِدُ	اُسْتُنْجِدَ	يُسْتَنْجَدُ
استنجى	اِسْتَنْجَى	يَسْتَنْجِي	اُسْتُنْجِيَ	يُسْتَنْجَى
استند	اِسْتَنَدَ	يَسْتَنِدُ	اُسْتُنِدَ	يُسْتَنَدُ
استنسب	اِسْتَنْسَبَ	يَسْتَنْسِبُ	اُسْتُنْسِبَ	يُسْتَنْسَبُ
استنسخ	اِسْتَنْسَخَ	يَسْتَنْسِخُ	اُسْتُنْسِخَ	يُسْتَنْسَخُ
استنسر	اِسْتَنْسَرَ	يَسْتَنْسِرُ	اُسْتُنْسِرَ	يُسْتَنْسَرُ
استنشق	اِسْتَنْشَقَ	يَسْتَنْشِقُ	اُسْتُنْشِقَ	يُسْتَنْشَقُ
استنطق	اِسْتَنْطَقَ	يَسْتَنْطِقُ	اُسْتُنْطِقَ	يُسْتَنْطَقُ
استنظر	اِسْتَنْظَرَ	يَسْتَنْظِرُ	اُسْتُنْظِرَ	يُسْتَنْظَرُ
استنفد	اِسْتَنْفَدَ	يَسْتَنْفِدُ	اُسْتُنْفِدَ	يُسْتَنْفَدُ
استنفر	اِسْتَنْفَرَ	يَسْتَنْفِرُ	اُسْتُنْفِرَ	يُسْتَنْفَرُ
استنفى	اِسْتَنْفَى	يَسْتَنْفِي	اُسْتُنْفِيَ	يُسْتَنْفَى
استنقذ	اِسْتَنْقَذَ	يَسْتَنْقِذُ	اُسْتُنْقِذَ	يُسْتَنْقَذُ
استنقص	اِسْتَنْقَصَ	يَسْتَنْقِصُ	اُسْتُنْقِصَ	يُسْتَنْقَصُ
استنقع	اِسْتَنْقَعَ	يَسْتَنْقِعُ	اُسْتُنْقِعَ	يُسْتَنْقَعُ
استنكح	اِسْتَنْكَحَ	يَسْتَنْكِحُ	اُسْتُنْكِحَ	يُسْتَنْكَحُ
استنكر	اِسْتَنْكَرَ	يَسْتَنْكِرُ	اُسْتُنْكِرَ	يُسْتَنْكَرُ
استنهض	اِسْتَنْهَضَ	يَسْتَنْهِضُ	اُسْتُنْهِضَ	يُسْتَنْهَضُ
استهان	اِسْتَهَانَ	يَسْتَهِينُ	اُسْتُهِينَ	يُسْتَهَانُ
استهبل	اِسْتَهْبَلَ	يَسْتَهْبِلُ	-	-
استهتر	اِسْتَهْتَرَ	يَسْتَهْتِرُ	اُسْتُهْتِرَ	يُسْتَهْتَرُ
استهجن	اِسْتَهْجَنَ	يَسْتَهْجِنُ	اُسْتُهْجِنَ	يُسْتَهْجَنُ
استهدف	اِسْتَهْدَفَ	يَسْتَهْدِفُ	اُسْتُهْدِفَ	يُسْتَهْدَفُ
استهدم	اِسْتَهْدَمَ	يَسْتَهْدِمُ	-	-
استهدى	اِسْتَهْدَى	يَسْتَهْدِي	اُسْتُهْدِيَ	يُسْتَهْدَى
استهزأ	اِسْتَهْزَأَ	يَسْتَهْزِئُ	اُسْتُهْزِئَ	يُسْتَهْزَأُ
استهل	اِسْتَهَلَّ	يَسْتَهِلُّ	اُسْتُهِلَّ	يُسْتَهَلُّ
استهلك	اِسْتَهْلَكَ	يَسْتَهْلِكُ	اُسْتُهْلِكَ	يُسْتَهْلَكُ
استهوى	اِسْتَهْوَى	يَسْتَهْوِي	اُسْتُهْوِيَ	يُسْتَهْوَى
استوأر	اِسْتَوْءَرَ	يَسْتَوْئِرُ	اُسْتُوئِرَ	يُسْتَوْءَرُ
استوأى	اِسْتَوْءَى	يَسْتَوْئِي	اُسْتُوئِيَ	يُسْتَوْءَى
استوحش	اِسْتَوْحَشَ	يَسْتَوْحِشُ	اُسْتُوحِشَ	يُسْتَوْحَشُ
استوحى	اِسْتَوْحَى	يَسْتَوْحِي	اُسْتُوحِيَ	يُسْتَوْحَى
استودع	اِسْتَوْدَعَ	يَسْتَوْدِعُ	اُسْتُودِعَ	يُسْتَوْدَعُ
استورد	اِسْتَوْرَدَ	يَسْتَوْرِدُ	اُسْتُورِدَ	يُسْتَوْرَدُ
استورط	اِسْتَوْرَطَ	يَسْتَوْرِطُ	اُسْتُورِطَ	يُسْتَوْرَطُ
استوزر	اِسْتَوْزَرَ	يَسْتَوْزِرُ	اُسْتُوزِرَ	يُسْتَوْزَرُ
استوضح	اِسْتَوْضَحَ	يَسْتَوْضِحُ	اُسْتُوضِحَ	يُسْتَوْضَحُ
استوطأ	اِسْتَوْطَأَ	يَسْتَوْطِئُ	اُسْتُوطِئَ	يُسْتَوْطَأُ
استوطن	اِسْتَوْطَنَ	يَسْتَوْطِنُ	اُسْتُوطِنَ	يُسْتَوْطَنُ
استوعب	اِسْتَوْعَبَ	يَسْتَوْعِبُ	اُسْتُوعِبَ	يُسْتَوْعَبُ
استوفى	اِسْتَوْفَى	يَسْتَوْفِي	اُسْتُوفِيَ	يُسْتَوْفَى
استوقح	اِسْتَوْقَحَ	يَسْتَوْقِحُ	-	-
استوقف	اِسْتَوْقَفَ	يَسْتَوْقِفُ	اُسْتُوقِفَ	يُسْتَوْقَفُ
استوقى	اِسْتَوْقَى	يَسْتَوْقِي	اُسْتُوقِيَ	يُسْتَوْقَى
استولى	اِسْتَوْلَى	يَسْتَوْلِي	اُسْتُولِيَ	يُسْتَوْلَى
استوى	اِسْتَوَى	يَسْتَوِي	اُسْتُوِيَ	يُسْتَوَى
استيأس	اِسْتَيْئَسَ	يَسْتَيْئِسُ	اُسْتُوئِسَ	يُسْتَيْئَسُ
استيئس	اِسْتَيْئَسَ	يَسْتَيْئِسُ	اُسْتُوئِسَ	يُسْتَيْئَسُ
استيقظ	اِسْتَيْقَظَ	يَسْتَيْقِظُ	اُسْتُوقِظَ	يُسْتَيْقَظُ
استيمن	اِسْتَيْمَنَ	يَسْتَيْمِنُ	اُسْتُومِنَ	يُسْتَيْمَنُ
اسحنكك	اِسْحَنْكَكَ	يَسْحَنْكِكُ	-	-
اسرندى	اِسْرَنْدَى	يَسْرَنْدِي	-	-
اسطاع	اِسْطَاعَ	يَسْطِيعُ	اُسْطِيعَ	يُسْطَاعُ
اسلنطح	اِسْلَنْطَحَ	يَسْلَنْطِحُ	اُسْلُنْطِحَ	يُسْلَنْطَحُ
اسلنطع	اِسْلَنْطَعَ	يَسْلَنْطِعُ	اُسْلُنْطِعَ	يُسْلَنْطَعُ
اسلنقى	اِسْلَنْقَى	يَسْلَنْقِي	-	-
اسمر	اِسْمَرَّ	يَسْمَرُّ	-	-
اسمع	اِسَّمَّعَ	يَسَّمَّعُ	اُسُّمِّعَ	يُسَّمَّعُ
اسود	اِسْوَدَّ	يَسْوَدُّ	-	-
اشتأى	اِشْتَأَى	يَشْتَئِي	اُشْتُئِيَ	يُشْتَأَى
اشتاق	اِشْتَاقَ	يَشْتَاقُ	اُشْتِيقَ	يُشْتَاقُ
اشتبك	اِشْتَبَكَ	يَشْتَبِكُ	اُشْتُبِكَ	يُشْتَبَكُ
اشتجر	اِشْتَجَرَ	يَشْتَجِرُ	اُشْتُجِرَ	يُشْتَجَرُ
اشتد	اِشْتَدَّ	يَشْتَدُّ	-	-
اشترط	اِشْتَرَطَ	يَشْتَرِطُ	اُشْتُرِطَ	يُشْتَرَطُ
اشترع	اِشْتَرَعَ	يَشْتَرِعُ	اُشْتُرِعَ	يُشْتَرَعُ
اشترف	اِشْتَرَفَ	يَشْتَرِفُ	اُشْتُرِفَ	يُشْتَرَفُ
اشترك	اِشْتَرَكَ	يَشْتَرِكُ	اُشْتُرِكَ	يُشْتَرَكُ
اشترى	اِشْتَرَى	يَشْتَرِي	اُشْتُرِيَ	يُشْتَرَى
اشتط	اِشْتَطَّ	يَشْتَطُّ	اُشْتُطَّ	يُشْتَطُّ
اشتعل	اِشْتَعَلَ	يَشْتَعِلُ	اُشْتُعِلَ	يُشْتَعَلُ
اشتغل	اِشْتَغَلَ	يَشْتَغِلُ	اُشْتُغِلَ	يُشْتَغَلُ
اشتق	اِشْتَقَّ	يَشْتَقُّ	اُشْتُقَّ	يُشْتَقُّ
اشتكى	اِشْتَكَى	يَشْتَكِي	اُشْتُكِيَ	يُشْتَكَى
اشتم	اِشْتَمَّ	يَشْتَمُّ	اُشْتُمَّ	يُشْتَمُّ
اشتمل	اِشْتَمَلَ	يَشْتَمِلُ	اُشْتُمِلَ	يُشْتَمَلُ
اشتهر	اِشْتَهَرَ	يَشْتَهِرُ	اُشْتُهِرَ	يُشْتَهَرُ
اشتهى	اِشْتَهَى	يَشْتَهِي	اُشْتُهِيَ	يُشْتَهَى
اشتوى	اِشْتَوَى	يَشْتَوِي	اُشْتُوِيَ	يُشْتَوَى
اشرأب	اِشْرَأَبَّ	يَشْرَئِبُّ	-	-
اشمأز	اِشْمَأَزَّ	يَشْمَئِزُّ	اُشْمُئِزَّ	يُشْمَأَزُّ
اشهاب	اِشْهَابَّ	يَشْهَابُّ	-	-
اشهل	اِشْهَلَّ	يَشْهَلُّ	-	-
اصالح	اِصَّالَحَ	يَصَّالَحُ	اُصُّولِحَ	يُصَّالَحُ
اصباح	اِصْبَاحَّ	يَصْبَاحُّ	-	-
اصحام	اِصْحَامَّ	يَصْحَامُّ	-	-
اصدق	اِصَّدَّقَ	يَصَّدَّقُ	اُصُّدِّقَ	يُصَّدَّقُ
اصطاد	اِصْطَادَ	يَصْطَادُ	اُصْطِيدَ	يُصْطَادُ
اصطاف	اِصْطَافَ	يَصْطَافُ	اُصْطِيفَ	يُصْطَافُ
اصطام	اِصْطَامَ	يَصْطَامُ	-	-
اصطب	اِصْطَبَّ	يَصْطَبُّ	اُصْطُبَّ	يُصْطَبُّ
اصطبح	اِصْطَبَحَ	يَصْطَبِحُ	اُصْطُبِحَ	يُصْطَبَحُ
اصطبر	اِصْطَبَرَ	يَصْطَبِرُ	-	-
اصطبغ	اِصْطَبَغَ	يَصْطَبِغُ	-	-
اصطبن	اِصْطَبَنَ	يَصْطَبِنُ	اُصْطُبِنَ	يُصْطَبَنُ
اصطحب	اِصْطَحَبَ	يَصْطَحِبُ	اُصْطُحِبَ	يُصْطَحَبُ
اصطخب	اِصْطَخَبَ	يَصْطَخِبُ	اُصْطُخِبَ	يُصْطَخَبُ
اصطخد	اِصْطَخَدَ	يَصْطَخِدُ	اُصْطُخِدَ	يُصْطَخَدُ
اصطخم	اِصْطَخَمَ	يَصْطَخِمُ	-	-
اصطدم	اِصْطَدَمَ	يَصْطَدِمُ	اُصْطُدِمَ	يُصْطَدَمُ
اصطف	اِصْطَفَّ	يَصْطَفُّ	اُصْطُفَّ	يُصْطَفُّ
اصطفق	اِصْطَفَقَ	يَصْطَفِقُ	اُصْطُفِقَ	يُصْطَفَقُ
اصطفى	اِصْطَفَى	يَصْطَفِي	اُصْطُفِيَ	يُصْطَفَى
اصطك	اِصْطَكَّ	يَصْطَكُّ	-	-
اصطلح	اِصْطَلَحَ	يَصْطَلِحُ	اُصْطُلِحَ	يُصْطَلَحُ
اصطلق	اِصْطَلَقَ	يَصْطَلِقُ	اُصْطُلِقَ	يُصْطَلَقُ
اصطلى	اِصْطَلَى	يَصْطَلِي	اُصْطُلِيَ	يُصْطَلَى
اصطنع	اِصْطَنَعَ	يَصْطَنِعُ	اُصْطُنِعَ	يُصْطَنَعُ
اصعد	اِصَّعَّدَ	يَصَّعَّدُ	-	-
اصفر	اِصْفَرَّ	يَصْفَرُّ	-	-
اصهاب	اِصْهَابَّ	يَصْهَابُّ	-	-
اصهب	اِصْهَبَّ	يَصْهَبُّ	-	-
اضرغط	اِضْرَغَطَّ	يَضْرَغِطُّ	اُضْرُغِطَّ	يُضْرَغَطُّ
اضطبن	اِضْطَبَنَ	يَضْطَبِنُ	اُضْطُبِنَ	يُضْطَبَنُ
اضطجع	اِضْطَجَعَ	يَضْطَجِعُ	اُضْطُجِعَ	يُضْطَجَعُ
اضطر	اِضْطَرَّ	يَضْطَرُّ	اُضْطُرَّ	يُضْطَرُّ
اضطرب	اِضْطَرَبَ	يَضْطَرِبُ	-	-
اضطرع	اِضْطَرَعَ	يَضْطَرِعُ	اُضْطُرِعَ	يُضْطَرَعُ
اضطرم	اِضْطَرَمَ	يَضْطَرِمُ	-	-
اضطغن	اِضْطَغَنَ	يَضْطَغِنُ	اُضْطُغِنَ	يُضْطَغَنُ
اضطلع	اِضْطَلَعَ	يَضْطَلِعُ	اُضْطُلِعَ	يُضْطَلَعُ
اضطهد	اِضْطَهَدَ	يَضْطَهِدُ	اُضْطُهِدَ	يُضْطَهَدُ
اضمحل	اِضْمَحَلَّ	يَضْمَحِلُّ	اُضْمُحِلَّ	يُضْمَحَلُّ
اطرح	اِطَّرَحَ	يَطَّرِحُ	اُطُّرِحَ	يُطَّرَحُ
اطرد	اِطَّرَدَ	يَطَّرِدُ	-	-
اطلب	اِطَّلَبَ	يَطَّلِبُ	اُطُّلِبَ	يُطَّلَبُ
اطلع	اِطَّلَعَ	يَطَّلِعُ	اُطُّلِعَ	يُطَّلَعُ
اطلم	اِطَّلَمَ	يَطَّلِمُ	-	-
اطمأن	اِطْمَأَنَّ	يَطْمَئِنُّ	اُطْمُئِنَّ	يُطْمَأَنُّ
اطهر	اِطَّهَّرَ	يَطَّهَّرُ	-	-
اطوع	اِطَّوَّعَ	يَطَّوَّعُ	اُطُّوِّعَ	يُطَّوَّعُ
اطير	اِطَّيَّرَ	يَطَّيَّرُ	اُطُّيِّرَ	يُطَّيَّرُ
اظطلم	اِظْطَلَمَ	يَظْطَلِمُ	-	-
اظلم	اِظَّلَمَ	يَظَّلِمُ	-	-
اعتاد	اِعْتَادَ	يَعْتَادُ	اُعْتِيدَ	يُعْتَادُ
اعتاض	اِعْتَاضَ	يَعْتَاضُ	اُعْتِيضَ	يُعْتَاضُ
اعتبر	اِعْتَبَرَ	يَعْتَبِرُ	اُعْتُبِرَ	يُعْتَبَرُ
اعتدل	اِعْتَدَلَ	يَعْتَدِلُ	-	-
اعتدى	اِعْتَدَى	يَعْتَدِي	اُعْتُدِيَ	يُعْتَدَى
اعتذر	اِعْتَذَرَ	يَعْتَذِرُ	اُعْتُذِرَ	يُعْتَذَرُ
اعترض	اِعْتَرَضَ	يَعْتَرِضُ	اُعْتُرِضَ	يُعْتَرَضُ
اعترف	اِعْتَرَفَ	يَعْتَرِفُ	اُعْتُرِفَ	يُعْتَرَفُ
اعتز	اِعْتَزَّ	يَعْتَزُّ	اُعْتُزَّ	يُعْتَزُّ
اعتزل	اِعْتَزَلَ	يَعْتَزِلُ	اُعْتُزِلَ	يُعْتَزَلُ
اعتزم	اِعْتَزَمَ	يَعْتَزِمُ	اُعْتُزِمَ	يُعْتَزَمُ
اعتصب	اِعْتَصَبَ	يَعْتَصِبُ	اُعْتُصِبَ	يُعْتَصَبُ
اعتصر	اِعْتَصَرَ	يَعْتَصِرُ	اُعْتُصِرَ	يُعْتَصَرُ
اعتصم	اِعْتَصَمَ	يَعْتَصِمُ	اُعْتُصِمَ	يُعْتَصَمُ
اعتطف	اِعْتَطَفَ	يَعْتَطِفُ	اُعْتُطِفَ	يُعْتَطَفُ
اعتقد	اِعْتَقَدَ	يَعْتَقِدُ	اُعْتُقِدَ	يُعْتَقَدُ
اعتقل	اِعْتَقَلَ	يَعْتَقِلُ	اُعْتُقِلَ	يُعْتَقَلُ
اعتكد	اِعْتَكَدَ	يَعْتَكِدُ	اُعْتُكِدَ	يُعْتَكَدُ
اعتكف	اِعْتَكَفَ	يَعْتَكِفُ	-	-
اعتل	اِعْتَلَّ	يَعْتَلُّ	-	-
اعتلى	اِعْتَلَى	يَعْتَلِي	اُعْتُلِيَ	يُعْتَلَى
اعتمد	اِعْتَمَدَ	يَعْتَمِدُ	اُعْتُمِدَ	يُعْتَمَدُ
اعتمر	اِعْتَمَرَ	يَعْتَمِرُ	اُعْتُمِرَ	يُعْتَمَرُ
اعتمل	اِعْتَمَلَ	يَعْتَمِلُ	اُعْتُمِلَ	يُعْتَمَلُ
اعتنق	اِعْتَنَقَ	يَعْتَنِقُ	اُعْتُنِقَ	يُعْتَنَقُ
اعتنى	اِعْتَنَى	يَعْتَنِي	اُعْتُنِيَ	يُعْتَنَى
اعتور	اِعْتَوَرَ	يَعْتَوِرُ	اُعْتُوِرَ	يُعْتَوَرُ
اعرنكس	اِعْرَنْكَسَ	يَعْرَنْكِسُ	اُعْرُنْكِسَ	يُعْرَنْكَسُ
اعصوصب	اِعْصَوْصَبَ	يَعْصَوْصِبُ	-	-
اعلوط	اِعْلَوَّطَ	يَعْلَوِّطُ	-	-
اعلولى	اِعْلَوْلَى	يَعْلَوْلِي	اُعْلُولِيَ	يُعْلَوْلَى
اعوج	اِعْوَجَّ	يَعْوَجُّ	-	-
اعور	اِعْوَرَّ	يَعْوَرُّ	-	-
اغبر	اِغْبَرَّ	يَغْبَرُّ	-	-
اغتاب	اِغْتَابَ	يَغْتَابُ	اُغْتِيبَ	يُغْتَابُ
اغتاظ	اِغْتَاظَ	يَغْتَاظُ	اُغْتِيظَ	يُغْتَاظُ
اغتال	اِغْتَالَ	يَغْتَالُ	اُغْتِيلَ	يُغْتَالُ
اغتدى	اِغْتَدَى	يَغْتَدِي	اُغْتُدِيَ	يُغْتَدَى
اغتر	اِغْتَرَّ	يَغْتَرُّ	اُغْتُرَّ	يُغْتَرُّ
اغترب	اِغْتَرَبَ	يَغْتَرِبُ	اُغْتُرِبَ	يُغْتَرَبُ
اغترف	اِغْتَرَفَ	يَغْتَرِفُ	اُغْتُرِفَ	يُغْتَرَفُ
اغتسل	اِغْتَسَلَ	يَغْتَسِلُ	اُغْتُسِلَ	يُغْتَسَلُ
اغتصب	اِغْتَصَبَ	يَغْتَصِبُ	اُغْتُصِبَ	يُغْتَصَبُ
اغتفر	اِغْتَفَرَ	يَغْتَفِرُ	اُغْتُفِرَ	يُغْتَفَرُ
اغتلم	اِغْتَلَمَ	يَغْتَلِمُ	-	-
اغتم	اِغْتَمَّ	يَغْتَمُّ	-	-
اغتنم	اِغْتَنَمَ	يَغْتَنِمُ	اُغْتُنِمَ	يُغْتَنَمُ
اغتنى	اِغْتَنَى	يَغْتَنِي	-	-
اغدودن	اِغْدَوْدَنَ	يَغْدَوْدِنُ	-	-
اغرندى	اِغْرَنْدَى	يَغْرَنْدِي	اُغْرُنْدِيَ	يُغْرَنْدَى
اغرورق	اِغْرَوْرَقَ	يَغْرَوْرِقُ	-	-
اغلنثى	اِغْلَنْثَى	يَغْلَنْثِي	-	-
اغلولب	اِغْلَوْلَبَ	يَغْلَوْلِبُ	-	-
افتتح	اِفْتَتَحَ	يَفْتَتِحُ	اُفْتُتِحَ	يُفْتَتَحُ
افتحل	اِفْتَحَلَ	يَفْتَحِلُ	اُفْتُحِلَ	يُفْتَحَلُ
افتخر	اِفْتَخَرَ	يَفْتَخِرُ	-	-
افتدى	اِفْتَدَى	يَفْتَدِي	اُفْتُدِيَ	يُفْتَدَى
افتر	اِفْتَرَّ	يَفْتَرُّ	اُفْتُرَّ	يُفْتَرُّ
افترس	اِفْتَرَسَ	يَفْتَرِسُ	اُفْتُرِسَ	يُفْتَرَسُ
افترش	اِفْتَرَشَ	يَفْتَرِشُ	اُفْتُرِشَ	يُفْتَرَشُ
افترض	اِفْتَرَضَ	يَفْتَرِضُ	اُفْتُرِضَ	يُفْتَرَضُ
افترق	اِفْتَرَقَ	يَفْتَرِقُ	اُفْتُرِقَ	يُفْتَرَقُ
افترى	اِفْتَرَى	يَفْتَرِي	اُفْتُرِيَ	يُفْتَرَى
افتص	اِفْتَصَّ	يَفْتَصُّ	اُفْتُصَّ	يُفْتَصُّ
افتضح	اِفْتَضَحَ	يَفْتَضِحُ	-	-
افتضخ	اِفْتَضَخَ	يَفْتَضِخُ	اُفْتُضِخَ	يُفْتَضَخُ
افتعل	اِفْتَعَلَ	يَفْتَعِلُ	اُفْتُعِلَ	يُفْتَعَلُ
افتقد	اِفْتَقَدَ	يَفْتَقِدُ	اُفْتُقِدَ	يُفْتَقَدُ
افتقر	اِفْتَقَرَ	يَفْتَقِرُ	اُفْتُقِرَ	يُفْتَقَرُ
افتكر	اِفْتَكَرَ	يَفْتَكِرُ	اُفْتُكِرَ	يُفْتَكَرُ
افتلى	اِفْتَلَى	يَفْتَلِي	اُفْتُلِيَ	يُفْتَلَى
اقتات	اِقْتَاتَ	يَقْتَاتُ	اُقْتِيتَ	يُقْتَاتُ
اقتاد	اِقْتَادَ	يَقْتَادُ	اُقْتِيدَ	يُقْتَادُ
اقتبس	اِقْتَبَسَ	يَقْتَبِسُ	اُقْتُبِسَ	يُقْتَبَسُ
اقتبل	اِقْتَبَلَ	يَقْتَبِلُ	اُقْتُبِلَ	يُقْتَبَلُ
اقتتل	اِقْتَتَلَ	يَقْتَتِلُ	اُقْتُتِلَ	يُقْتَتَلُ
اقتحم	اِقْتَحَمَ	يَقْتَحِمُ	اُقْتُحِمَ	يُقْتَحَمُ
اقتدر	اِقْتَدَرَ	يَقْتَدِرُ	اُقْتُدِرَ	يُقْتَدَرُ
اقتدى	اِقْتَدَى	يَقْتَدِي	اُقْتُدِيَ	يُقْتَدَى
اقترأ	اِقْتَرَأَ	يَقْتَرِئُ	اُقْتُرِئَ	يُقْتَرَأُ
اقترب	اِقْتَرَبَ	يَقْتَرِبُ	اُقْتُرِبَ	يُقْتَرَبُ
اقترح	اِقْتَرَحَ	يَقْتَرِحُ	اُقْتُرِحَ	يُقْتَرَحُ
اقترض	اِقْتَرَضَ	يَقْتَرِضُ	اُقْتُرِضَ	يُقْتَرَضُ
اقترع	اِقْتَرَعَ	يَقْتَرِعُ	اُقْتُرِعَ	يُقْتَرَعُ
اقترف	اِقْتَرَفَ	يَقْتَرِفُ	اُقْتُرِفَ	يُقْتَرَفُ
اقترن	اِقْتَرَنَ	يَقْتَرِنُ	اُقْتُرِنَ	يُقْتَرَنُ
اقتسم	اِقْتَسَمَ	يَقْتَسِمُ	اُقْتُسِمَ	يُقْتَسَمُ
اقتص	اِقْتَصَّ	يَقْتَصُّ	اُقْتُصَّ	يُقْتَصُّ
اقتصد	اِقْتَصَدَ	يَقْتَصِدُ	اُقْتُصِدَ	يُقْتَصَدُ
اقتصر	اِقْتَصَرَ	يَقْتَصِرُ	اُقْتُصِرَ	يُقْتَصَرُ
اقتضب	اِقْتَضَبَ	يَقْتَضِبُ	اُقْتُضِبَ	يُقْتَضَبُ
اقتضى	اِقْتَضَى	يَقْتَضِي	اُقْتُضِيَ	يُقْتَضَى
اقتط	اِقْتَطَّ	يَقْتَطُّ	اُقْتُطَّ	يُقْتَطُّ
اقتطع	اِقْتَطَعَ	يَقْتَطِعُ	اُقْتُطِعَ	يُقْتَطَعُ
اقتطف	اِقْتَطَفَ	يَقْتَطِفُ	اُقْتُطِفَ	يُقْتَطَفُ
اقتعد	اِقْتَعَدَ	يَقْتَعِدُ	اُقْتُعِدَ	يُقْتَعَدُ
اقتفى	اِقْتَفَى	يَقْتَفِي	اُقْتُفِيَ	يُقْتَفَى
اقتلع	اِقْتَلَعَ	يَقْتَلِعُ	اُقْتُلِعَ	يُقْتَلَعُ
اقتم	اِقْتَمَّ	يَقْتَمُّ	-	-
اقتنع	اِقْتَنَعَ	يَقْتَنِعُ	اُقْتُنِعَ	يُقْتَنَعُ
اقتنى	اِقْتَنَى	يَقْتَنِي	اُقْتُنِيَ	يُقْتَنَى
اقتوى	اِقْتَوَى	يَقْتَوِي	اُقْتُوِيَ	يُقْتَوَى
اقشعر	اِقْشَعَرَّ	يَقْشَعِرُّ	اُقْشُعِرَّ	يُقْشَعَرُّ
اقطوطى	اِقْطَوْطَى	يَقْطَوْطِي	اُقْطُوطِيَ	يُقْطَوْطَى
اقعنسس	اِقْعَنْسَسَ	يَقْعَنْسِسُ	-	-
اقلعف	اِقْلَعَفَّ	يَقْلَعِفُّ	اُقْلُعِفَّ	يُقْلَعَفُّ
اكتأب	اِكْتَأَبَ	يَكْتَئِبُ	اُكْتُئِبَ	يُكْتَأَبُ
اكتتب	اِكْتَتَبَ	يَكْتَتِبُ	اُكْتُتِبَ	يُكْتَتَبُ
اكتحل	اِكْتَحَلَ	يَكْتَحِلُ	اُكْتُحِلَ	يُكْتَحَلُ
اكتدح	اِكْتَدَحَ	يَكْتَدِحُ	اُكْتُدِحَ	يُكْتَدَحُ
اكترب	اِكْتَرَبَ	يَكْتَرِبُ	-	-
اكترث	اِكْتَرَثَ	يَكْتَرِثُ	اُكْتُرِثَ	يُكْتَرَثُ
اكترى	اِكْتَرَى	يَكْتَرِي	اُكْتُرِيَ	يُكْتَرَى
اكتسب	اِكْتَسَبَ	يَكْتَسِبُ	اُكْتُسِبَ	يُكْتَسَبُ
اكتسح	اِكْتَسَحَ	يَكْتَسِحُ	اُكْتُسِحَ	يُكْتَسَحُ
اكتسى	اِكْتَسَى	يَكْتَسِي	-	-
اكتشف	اِكْتَشَفَ	يَكْتَشِفُ	اُكْتُشِفَ	يُكْتَشَفُ
اكتظ	اِكْتَظَّ	يَكْتَظُّ	-	-
اكتفى	اِكْتَفَى	يَكْتَفِي	اُكْتُفِيَ	يُكْتَفَى
اكتمل	اِكْتَمَلَ	يَكْتَمِلُ	اُكْتُمِلَ	يُكْتَمَلُ
اكتمن	اِكْتَمَنَ	يَكْتَمِنُ	اُكْتُمِنَ	يُكْتَمَنُ
اكتنف	اِكْتَنَفَ	يَكْتَنِفُ	اُكْتُنِفَ	يُكْتَنَفُ
اكتوى	اِكْتَوَى	يَكْتَوِي	-	-
اكفهر	اِكْفَهَرَّ	يَكْفَهِرُّ	-	-
اكمد	اِكْمَدَّ	يَكْمَدُّ	-	-
التاث	اِلْتَاثَ	يَلْتَاثُ	-	-
التبس	اِلْتَبَسَ	يَلْتَبِسُ	اُلْتُبِسَ	يُلْتَبَسُ
التبن	اِلْتَبَنَ	يَلْتَبِنُ	اُلْتُبِنَ	يُلْتَبَنُ
التحق	اِلْتَحَقَ	يَلْتَحِقُ	اُلْتُحِقَ	يُلْتَحَقُ
التحم	اِلْتَحَمَ	يَلْتَحِمُ	اُلْتُحِمَ	يُلْتَحَمُ
التذ	اِلْتَذَّ	يَلْتَذُّ	اُلْتُذَّ	يُلْتَذُّ
التزم	اِلْتَزَمَ	يَلْتَزِمُ	اُلْتُزِمَ	يُلْتَزَمُ
التصق	اِلْتَصَقَ	يَلْتَصِقُ	-	-
التظى	اِلْتَظَى	يَلْتَظِي	-	-
التف	اِلْتَفَّ	يَلْتَفُّ	اُلْتُفَّ	يُلْتَفُّ
التفت	اِلْتَفَتَ	يَلْتَفِتُ	اُلْتُفِتَ	يُلْتَفَتُ
التقط	اِلْتَقَطَ	يَلْتَقِطُ	اُلْتُقِطَ	يُلْتَقَطُ
التقى	اِلْتَقَى	يَلْتَقِي	اُلْتُقِيَ	يُلْتَقَى
التمس	اِلْتَمَسَ	يَلْتَمِسُ	اُلْتُمِسَ	يُلْتَمَسُ
التهب	اِلْتَهَبَ	يَلْتَهِبُ	اُلْتُهِبَ	يُلْتَهَبُ
التهم	اِلْتَهَمَ	يَلْتَهِمُ	اُلْتُهِمَ	يُلْتَهَمُ
التوى	اِلْتَوَى	يَلْتَوِي	اُلْتُوِيَ	يُلْتَوَى
الهاج	اِلْهَاجَّ	يَلْهَاجُّ	-	-
امتاز	اِمْتَازَ	يَمْتَازُ	اُمْتِيزَ	يُمْتَازُ
امتثل	اِمْتَثَلَ	يَمْتَثِلُ	اُمْتُثِلَ	يُمْتَثَلُ
امتحن	اِمْتَحَنَ	يَمْتَحِنُ	اُمْتُحِنَ	يُمْتَحَنُ
امتد	اِمْتَدَّ	يَمْتَدُّ	اُمْتُدَّ	يُمْتَدُّ
امتدح	اِمْتَدَحَ	يَمْتَدِحُ	اُمْتُدِحَ	يُمْتَدَحُ
امترى	اِمْتَرَى	يَمْتَرِي	اُمْتُرِيَ	يُمْتَرَى
امتزج	اِمْتَزَجَ	يَمْتَزِجُ	اُمْتُزِجَ	يُمْتَزَجُ
امتص	اِمْتَصَّ	يَمْتَصُّ	اُمْتُصَّ	يُمْتَصُّ
امتطى	اِمْتَطَى	يَمْتَطِي	اُمْتُطِيَ	يُمْتَطَى
امتعض	اِمْتَعَضَ	يَمْتَعِضُ	اُمْتُعِضَ	يُمْتَعَضُ
امتلك	اِمْتَلَكَ	يَمْتَلِكُ	اُمْتُلِكَ	يُمْتَلَكُ
امتن	اِمْتَنَّ	يَمْتَنُّ	اُمْتُنَّ	يُمْتَنُّ
امتنع	اِمْتَنَعَ	يَمْتَنِعُ	اُمْتُنِعَ	يُمْتَنَعُ
امتهن	اِمْتَهَنَ	يَمْتَهِنُ	اُمْتُهِنَ	يُمْتَهَنُ
امحق	اِمَّحَقَ	يَمَّحِقُ	-	-
امحى	اِمَّحَى	يَمَّحِي	-	-
املس	اِمَّلَسَ	يَمَّلِسُ	-	-
انآد	اِنْآدَ	يَنْآدُ	-	-
انأطر	اِنْأَطَرَ	يَنْأَطِرُ	-	-
انباع	اِنْبَاعَ	يَنْبَاعُ	-	-
انبث	اِنْبَثَّ	يَنْبَثُّ	-	-
انبثق	اِنْبَثَقَ	يَنْبَثِقُ	اُنْبُثِقَ	يُنْبَثَقُ
انبرى	اِنْبَرَى	يَنْبَرِي	اُنْبُرِيَ	يُنْبَرَى
انبسط	اِنْبَسَطَ	يَنْبَسِطُ	اُنْبُسِطَ	يُنْبَسَطُ
انبطح	اِنْبَطَحَ	يَنْبَطِحُ	-	-
انبعث	اِنْبَعَثَ	يَنْبَعِثُ	اُنْبُعِثَ	يُنْبَعَثُ
انبغى	اِنْبَغَى	يَنْبَغِي	-	-
انبل	اِنْبَلَّ	يَنْبَلُّ	-	-
انبلع	اِنْبَلَعَ	يَنْبَلِعُ	-	-
انبهر	اِنْبَهَرَ	يَنْبَهِرُ	-	-
انتأى	اِنْتَأَى	يَنْتَئِي	اُنْتُئِيَ	يُنْتَأَى
انتاب	اِنْتَابَ	يَنْتَابُ	اُنْتِيبَ	يُنْتَابُ
انتار	اِنْتَارَ	يَنْتَارُ	-	-
انتبه	اِنْتَبَهَ	يَنْتَبِهُ	اُنْتُبِهَ	يُنْتَبَهُ
انتثر	اِنْتَثَرَ	يَنْتَثِرُ	-	-
انتجب	اِنْتَجَبَ	يَنْتَجِبُ	اُنْتُجِبَ	يُنْتَجَبُ
انتجع	اِنْتَجَعَ	يَنْتَجِعُ	اُنْتُجِعَ	يُنْتَجَعُ
انتحب	اِنْتَحَبَ	يَنْتَحِبُ	-	-
انتحر	اِنْتَحَرَ	يَنْتَحِرُ	اُنْتُحِرَ	يُنْتَحَرُ
انتحل	اِنْتَحَلَ	يَنْتَحِلُ	اُنْتُحِلَ	يُنْتَحَلُ
انتخب	اِنْتَخَبَ	يَنْتَخِبُ	اُنْتُخِبَ	يُنْتَخَبُ
انتدب	اِنْتَدَبَ	يَنْتَدِبُ	اُنْتُدِبَ	يُنْتَدَبُ
انتدى	اِنْتَدَى	يَنْتَدِي	اُنْتُدِيَ	يُنْتَدَى
انتزع	اِنْتَزَعَ	يَنْتَزِعُ	اُنْتُزِعَ	يُنْتَزَعُ
انتسب	اِنْتَسَبَ	يَنْتَسِبُ	اُنْتُسِبَ	يُنْتَسَبُ
انتشر	اِنْتَشَرَ	يَنْتَشِرُ	-	-
انتشق	اِنْتَشَقَ	يَنْتَشِقُ	اُنْتُشِقَ	يُنْتَشَقُ
انتشل	اِنْتَشَلَ	يَنْتَشِلُ	اُنْتُشِلَ	يُنْتَشَلُ
انتصب	اِنْتَصَبَ	يَنْتَصِبُ	اُنْتُصِبَ	يُنْتَصَبُ
انتصر	اِنْتَصَرَ	يَنْتَصِرُ	اُنْتُصِرَ	يُنْتَصَرُ
انتصف	اِنْتَصَفَ	يَنْتَصِفُ	اُنْتُصِفَ	يُنْتَصَفُ
انتظر	اِنْتَظَرَ	يَنْتَظِرُ	اُنْتُظِرَ	يُنْتَظَرُ
انتظم	اِنْتَظَمَ	يَنْتَظِمُ	اُنْتُظِمَ	يُنْتَظَمُ
انتعش	اِنْتَعَشَ	يَنْتَعِشُ	-	-
انتفخ	اِنْتَفَخَ	يَنْتَفِخُ	اُنْتُفِخَ	يُنْتَفَخُ
انتفض	اِنْتَفَضَ	يَنْتَفِضُ	اُنْتُفِضَ	يُنْتَفَضُ
انتفع	اِنْتَفَعَ	يَنْتَفِعُ	اُنْتُفِعَ	يُنْتَفَعُ
انتفى	اِنْتَفَى	يَنْتَفِي	اُنْتُفِيَ	يُنْتَفَى
انتقد	اِنْتَقَدَ	يَنْتَقِدُ	اُنْتُقِدَ	يُنْتَقَدُ
انتقش	اِنْتَقَشَ	يَنْتَقِشُ	اُنْتُقِشَ	يُنْتَقَشُ
انتقض	اِنْتَقَضَ	يَنْتَقِضُ	-	-
انتقع	اِنْتَقَعَ	يَنْتَقِعُ	اُنْتُقِعَ	يُنْتَقَعُ
انتقل	اِنْتَقَلَ	يَنْتَقِلُ	اُنْتُقِلَ	يُنْتَقَلُ
انتقم	اِنْتَقَمَ	يَنْتَقِمُ	اُنْتُقِمَ	يُنْتَقَمُ
انتقى	اِنْتَقَى	يَنْتَقِي	اُنْتُقِيَ	يُنْتَقَى
انتكس	اِنْتَكَسَ	يَنْتَكِسُ	-	-
انتمى	اِنْتَمَى	يَنْتَمِي	اُنْتُمِيَ	يُنْتَمَى
انتهب	اِنْتَهَبَ	يَنْتَهِبُ	اُنْتُهِبَ	يُنْتَهَبُ
انتهج	اِنْتَهَجَ	يَنْتَهِجُ	اُنْتُهِجَ	يُنْتَهَجُ
انتهز	اِنْتَهَزَ	يَنْتَهِزُ	اُنْتُهِزَ	يُنْتَهَزُ
انتهك	اِنْتَهَكَ	يَنْتَهِكُ	اُنْتُهِكَ	يُنْتَهَكُ
انتهى	اِنْتَهَى	يَنْتَهِي	اُنْتُهِيَ	يُنْتَهَى
انتور	اِنْتَوَرَ	يَنْتَوِرُ	-	-
انتوى	اِنْتَوَى	يَنْتَوِي	اُنْتُوِيَ	يُنْتَوَى
انثقب	اِنْثَقَبَ	يَنْثَقِبُ	اُنْثُقِبَ	يُنْثَقَبُ
انثنى	اِنْثَنَى	يَنْثَنِي	اُنْثُنِيَ	يُنْثَنَى
انجبر	اِنْجَبَرَ	يَنْجَبِرُ	-	-
انجذب	اِنْجَذَبَ	يَنْجَذِبُ	اُنْجُذِبَ	يُنْجَذَبُ
انجرف	اِنْجَرَفَ	يَنْجَرِفُ	-	-
انجلى	اِنْجَلَى	يَنْجَلِي	اُنْجُلِيَ	يُنْجَلَى
انحاز	اِنْحَازَ	يَنْحَازُ	اُنْحِيزَ	يُنْحَازُ
انحبس	اِنْحَبَسَ	يَنْحَبِسُ	اُنْحُبِسَ	يُنْحَبَسُ
انحجب	اِنْحَجَبَ	يَنْحَجِبُ	-	-
انحدر	اِنْحَدَرَ	يَنْحَدِرُ	-	-
انحذف	اِنْحَذَفَ	يَنْحَذِفُ	اُنْحُذِفَ	يُنْحَذَفُ
انحرف	اِنْحَرَفَ	يَنْحَرِفُ	اُنْحُرِفَ	يُنْحَرَفُ
انحرق	اِنْحَرَقَ	يَنْحَرِقُ	-	-
انحسر	اِنْحَسَرَ	يَنْحَسِرُ	اُنْحُسِرَ	يُنْحَسَرُ
انحسم	اِنْحَسَمَ	يَنْحَسِمُ	-	-
انحصر	اِنْحَصَرَ	يَنْحَصِرُ	-	-
انحط	اِنْحَطَّ	يَنْحَطُّ	-	-
انحل	اِنْحَلَّ	يَنْحَلُّ	-	-
انحلب	اِنْحَلَبَ	يَنْحَلِبُ	-	-
انحمل	اِنْحَمَلَ	يَنْحَمِلُ	-	-
انحنى	اِنْحَنَى	يَنْحَنِي	-	-
انخدع	اِنْخَدَعَ	يَنْخَدِعُ	اُنْخُدِعَ	يُنْخَدَعُ
انخرط	اِنْخَرَطَ	يَنْخَرِطُ	-	-
انخرق	اِنْخَرَقَ	يَنْخَرِقُ	-	-
انخرم	اِنْخَرَمَ	يَنْخَرِمُ	-	-
انخض	اِنْخَضَّ	يَنْخَضُّ	اُنْخُضَّ	يُنْخَضُّ
انخفض	اِنْخَفَضَ	يَنْخَفِضُ	-	-
انخلع	اِنْخَلَعَ	يَنْخَلِعُ	-	-
اندثر	اِنْدَثَرَ	يَنْدَثِرُ	-	-
اندرج	اِنْدَرَجَ	يَنْدَرِجُ	اُنْدُرِجَ	يُنْدَرَجُ
اندس	اِنْدَسَّ	يَنْدَسُّ	-	-
اندعس	اِنْدَعَسَ	يَنْدَعِسُ	-	-
اندفع	اِنْدَفَعَ	يَنْدَفِعُ	اُنْدُفِعَ	يُنْدَفَعُ
اندفق	اِنْدَفَقَ	يَنْدَفِقُ	اُنْدُفِقَ	يُنْدَفَقُ
اندلع	اِنْدَلَعَ	يَنْدَلِعُ	-	-
اندلق	اِنْدَلَقَ	يَنْدَلِقُ	-	-
اندمج	اِنْدَمَجَ	يَنْدَمِجُ	اُنْدُمِجَ	يُنْدَمَجُ
اندمر	اِنْدَمَرَ	يَنْدَمِرُ	اُنْدُمِرَ	يُنْدَمَرُ
اندمل	اِنْدَمَلَ	يَنْدَمِلُ	-	-
اندهش	اِنْدَهَشَ	يَنْدَهِشُ	-	-
انذأف	اِنْذَأَفَ	يَنْذَئِفُ	-	-
انزاح	اِنْزَاحَ	يَنْزَاحُ	-	-
انزعج	اِنْزَعَجَ	يَنْزَعِجُ	اُنْزُعِجَ	يُنْزَعَجُ
انزلق	اِنْزَلَقَ	يَنْزَلِقُ	اُنْزُلِقَ	يُنْزَلَقُ
انزوى	اِنْزَوَى	يَنْزَوِي	-	-
انساب	اِنْسَابَ	يَنْسَابُ	-	-
انساق	اِنْسَاقَ	يَنْسَاقُ	اُنْسِيقَ	يُنْسَاقُ
انسجم	اِنْسَجَمَ	يَنْسَجِمُ	اُنْسُجِمَ	يُنْسَجَمُ
انسجن	اِنْسَجَنَ	يَنْسَجِنُ	اُنْسُجِنَ	يُنْسَجَنُ
انسحب	اِنْسَحَبَ	يَنْسَحِبُ	اُنْسُحِبَ	يُنْسَحَبُ
انسحق	اِنْسَحَقَ	يَنْسَحِقُ	-	-
انسد	اِنْسَدَّ	يَنْسَدُّ	-	-
انسطل	اِنْسَطَلَ	يَنْسَطِلُ	-	-
انسكب	اِنْسَكَبَ	يَنْسَكِبُ	-	-
انسل	اِنْسَلَّ	يَنْسَلُّ	-	-
انسلب	اِنْسَلَبَ	يَنْسَلِبُ	-	-
انسلخ	اِنْسَلَخَ	يَنْسَلِخُ	-	-
انشرح	اِنْشَرَحَ	يَنْشَرِحُ	اُنْشُرِحَ	يُنْشَرَحُ
انشغف	اِنْشَغَفَ	يَنْشَغِفُ	اُنْشُغِفَ	يُنْشَغَفُ
انشغل	اِنْشَغَلَ	يَنْشَغِلُ	اُنْشُغِلَ	يُنْشَغَلُ
انشق	اِنْشَقَّ	يَنْشَقُّ	-	-
انشوى	اِنْشَوَى	يَنْشَوِي	-	-
انصاع	اِنْصَاعَ	يَنْصَاعُ	اُنْصِيعَ	يُنْصَاعُ
انصب	اِنْصَبَّ	يَنْصَبُّ	-	-
انصبن	اِنْصَبَنَ	يَنْصَبِنُ	-	-
انصرف	اِنْصَرَفَ	يَنْصَرِفُ	اُنْصُرِفَ	يُنْصَرَفُ
انصرم	اِنْصَرَمَ	يَنْصَرِمُ	-	-
انصهر	اِنْصَهَرَ	يَنْصَهِرُ	-	-
انضبط	اِنْضَبَطَ	يَنْضَبِطُ	-	-
انضجع	اِنْضَجَعَ	يَنْضَجِعُ	-	-
انضرب	اِنْضَرَبَ	يَنْضَرِبُ	-	-
انضم	اِنْضَمَّ	يَنْضَمُّ	اُنْضُمَّ	يُنْضَمُّ
انضوى	اِنْضَوَى	يَنْضَوِي	اُنْضُوِيَ	يُنْضَوَى
انطبع	اِنْطَبَعَ	يَنْطَبِعُ	اُنْطُبِعَ	يُنْطَبَعُ
انطبق	اِنْطَبَقَ	يَنْطَبِقُ	اُنْطُبِقَ	يُنْطَبَقُ
انطرح	اِنْطَرَحَ	يَنْطَرِحُ	اُنْطُرِحَ	يُنْطَرَحُ
انطرق	اِنْطَرَقَ	يَنْطَرِقُ	-	-
انطفأ	اِنْطَفَأَ	يَنْطَفِئُ	-	-
انطلب	اِنْطَلَبَ	يَنْطَلِبُ	-	-
انطلق	اِنْطَلَقَ	يَنْطَلِقُ	-	-
انطلى	اِنْطَلَى	يَنْطَلِي	اُنْطُلِيَ	يُنْطَلَى
انطوى	اِنْطَوَى	يَنْطَوِي	اُنْطُوِيَ	يُنْطَوَى
انعتق	اِنْعَتَقَ	يَنْعَتِقُ	اُنْعُتِقَ	يُنْعَتَقُ
انعتل	اِنْعَتَلَ	يَنْعَتِلُ	اُنْعُتِلَ	يُنْعَتَلُ
انعدم	اِنْعَدَمَ	يَنْعَدِمُ	-	-
انعدى	اِنْعَدَى	يَنْعَدِي	-	-
انعزل	اِنْعَزَلَ	يَنْعَزِلُ	-	-
انعصر	اِنْعَصَرَ	يَنْعَصِرُ	اُنْعُصِرَ	يُنْعَصَرُ
انعطف	اِنْعَطَفَ	يَنْعَطِفُ	اُنْعُطِفَ	يُنْعَطَفُ
انعقد	اِنْعَقَدَ	يَنْعَقِدُ	اُنْعُقِدَ	يُنْعَقَدُ
انعكس	اِنْعَكَسَ	يَنْعَكِسُ	اُنْعُكِسَ	يُنْعَكَسُ
انعمل	اِنْعَمَلَ	يَنْعَمِلُ	-	-
انغرز	اِنْغَرَزَ	يَنْغَرِزُ	اُنْغُرِزَ	يُنْغَرَزُ
انغسل	اِنْغَسَلَ	يَنْغَسِلُ	اُنْغُسِلَ	يُنْغَسَلُ
انغلق	اِنْغَلَقَ	يَنْغَلِقُ	-	-
انغم	اِنْغَمَّ	يَنْغَمُّ	-	-
انغمس	اِنْغَمَسَ	يَنْغَمِسُ	اُنْغُمِسَ	يُنْغَمَسُ
انفأى	اِنْفَأَى	يَنْفَئِي	-	-
انفتح	اِنْفَتَحَ	يَنْفَتِحُ	-	-
انفجر	اِنْفَجَرَ	يَنْفَجِرُ	اُنْفُجِرَ	يُنْفَجَرُ
انفرث	اِنْفَرَثَ	يَنْفَرِثُ	-	-
انفرد	اِنْفَرَدَ	يَنْفَرِدُ	-	-
انفرط	اِنْفَرَطَ	يَنْفَرِطُ	-	-
انفصل	اِنْفَصَلَ	يَنْفَصِلُ	اُنْفُصِلَ	يُنْفَصَلُ
انفصم	اِنْفَصَمَ	يَنْفَصِمُ	-	-
انفض	اِنْفَضَّ	يَنْفَضُّ	-	-
انفضح	اِنْفَضَحَ	يَنْفَضِحُ	-	-
انفطر	اِنْفَطَرَ	يَنْفَطِرُ	-	-
انفعل	اِنْفَعَلَ	يَنْفَعِلُ	-	-
انفقأ	اِنْفَقَأَ	يَنْفَقِئُ	-	-
انفقع	اِنْفَقَعَ	يَنْفَقِعُ	-	-
انفك	اِنْفَكَّ	يَنْفَكُّ	-	-
انفلت	اِنْفَلَتَ	يَنْفَلِتُ	-	-
انفلق	اِنْفَلَقَ	يَنْفَلِقُ	-	-
انفهق	اِنْفَهَقَ	يَنْفَهِقُ	-	-
انقاد	اِنْقَادَ	يَنْقَادُ	اُنْقِيدَ	يُنْقَادُ
انقبض	اِنْقَبَضَ	يَنْقَبِضُ	-	-
انقد	اِنْقَدَّ	يَنْقَدُّ	-	-
انقرأ	اِنْقَرَأَ	يَنْقَرِئُ	-	-
انقرض	اِنْقَرَضَ	يَنْقَرِضُ	اُنْقُرِضَ	يُنْقَرَضُ
انقسم	اِنْقَسَمَ	يَنْقَسِمُ	-	-
انقشع	اِنْقَشَعَ	يَنْقَشِعُ	-	-
انقص	اِنْقَصَّ	يَنْقَصُّ	-	-
انقض	اِنْقَضَّ	يَنْقَضُّ	-	-
انقضى	اِنْقَضَى	يَنْقَضِي	-	-
انقطع	اِنْقَطَعَ	يَنْقَطِعُ	-	-
انقلب	اِنْقَلَبَ	يَنْقَلِبُ	اُنْقُلِبَ	يُنْقَلَبُ
انقلع	اِنْقَلَعَ	يَنْقَلِعُ	اُنْقُلِعَ	يُنْقَلَعُ
انكب	اِنْكَبَّ	يَنْكَبُّ	-	-
انكتب	اِنْكَتَبَ	يَنْكَتِبُ	اُنْكُتِبَ	يُنْكَتَبُ
انكرب	اِنْكَرَبَ	يَنْكَرِبُ	-	-
انكسر	اِنْكَسَرَ	يَنْكَسِرُ	اُنْكُسِرَ	يُنْكَسَرُ
انكسف	اِنْكَسَفَ	يَنْكَسِفُ	-	-
انكشف	اِنْكَشَفَ	يَنْكَشِفُ	-	-
انكف	اِنْكَفَّ	يَنْكَفُّ	اُنْكُفَّ	يُنْكَفُّ
انكفأ	اِنْكَفَأَ	يَنْكَفِئُ	اُنْكُفِئَ	يُنْكَفَأُ
انكمش	اِنْكَمَشَ	يَنْكَمِشُ	-	-
انماع	اِنْمَاعَ	يَنْمَاعُ	-	-
انمحص	اِنْمَحَصَ	يَنْمَحِصُ	-	-
انمحق	اِنْمَحَقَ	يَنْمَحِقُ	-	-
انمحى	اِنْمَحَى	يَنْمَحِي	-	-
انملخ	اِنْمَلَخَ	يَنْمَلِخُ	-	-
انملس	اِنْمَلَسَ	يَنْمَلِسُ	-	-
انهار	اِنْهَارَ	يَنْهَارُ	-	-
انهاس	اِنْهَاسَ	يَنْهَاسُ	-	-
انهاض	اِنْهَاضَ	يَنْهَاضُ	اُنْهِيضَ	يُنْهَاضُ
انهال	اِنْهَالَ	يَنْهَالُ	-	-
انهرس	اِنْهَرَسَ	يَنْهَرِسُ	-	-
انهزل	اِنْهَزَلَ	يَنْهَزِلُ	-	-
انهزم	اِنْهَزَمَ	يَنْهَزِمُ	-	-
انهلك	اِنْهَلَكَ	يَنْهَلِكُ	اُنْهُلِكَ	يُنْهَلَكُ
انهمر	اِنْهَمَرَ	يَنْهَمِرُ	-	-
انهمك	اِنْهَمَكَ	يَنْهَمِكُ	-	-
انهوى	اِنْهَوَى	يَنْهَوِي	-	-
اهتاج	اِهْتَاجَ	يَهْتَاجُ	-	-
اهتجر	اِهْتَجَرَ	يَهْتَجِرُ	-	-
اهتدى	اِهْتَدَى	يَهْتَدِي	اُهْتُدِيَ	يُهْتَدَى
اهتز	اِهْتَزَّ	يَهْتَزُّ	-	-
اهتلك	اِهْتَلَكَ	يَهْتَلِكُ	اُهْتُلِكَ	يُهْتَلَكُ
اهتم	اِهْتَمَّ	يَهْتَمُّ	اُهْتُمَّ	يُهْتَمُّ
اهرورق	اِهْرَوْرَقَ	يَهْرَوْرِقُ	-	-
ايراق	اِيرَاقَّ	يَيْرَاقُّ	-	-
بؤس	بَؤُسَ	يَبْؤُسُ	-	-
بئس	بَئِسَ	يَبْأَسُ	-	-
باء	بَاءَ	يَبُوءُ	بِيءَ	يُبَاءُ
بات	بَاتَ	يَبِيتُ	بِيتَ	يُبَاتُ
باح	بَاحَ	يَبُوحُ	بِيحَ	يُبَاحُ
باحث	بَاحَثَ	يُبَاحِثُ	بُوحِثَ	يُبَاحَثُ
باد	بَادَ	يَبِيدُ	-	-
بادر	بَادَرَ	يُبَادِرُ	بُودِرَ	يُبَادَرُ
بادل	بَادَلَ	يُبَادِلُ	بُودِلَ	يُبَادَلُ
بار	بَارَ	يَبُورُ	بِيرَ	يُبَارُ
بارح	بَارَحَ	يُبَارِحُ	بُورِحَ	يُبَارَحُ
بارز	بَارَزَ	يُبَارِزُ	بُورِزَ	يُبَارَزُ
بارك	بَارَكَ	يُبَارِكُ	بُورِكَ	يُبَارَكُ
بارى	بَارَى	يُبَارِي	بُورِيَ	يُبَارَى
باس	بَاسَ	يَبُوسُ	بِيسَ	يُبَاسُ
باشر	بَاشَرَ	يُبَاشِرُ	بُوشِرَ	يُبَاشَرُ
باض	بَاضَ	يَبِيضُ	بِيضَ	يُبَاضُ
باضع	بَاضَعَ	يُبَاضِعُ	بُوضِعَ	يُبَاضَعُ
باظ	بَاظَ	يَبُوظُ	-	-
باع	بَاعَ	يَبِيعُ	بِيعَ	يُبَاعُ
باغت	بَاغَتَ	يُبَاغِتُ	بُوغِتَ	يُبَاغَتُ
باغض	بَاغَضَ	يُبَاغِضُ	بُوغِضَ	يُبَاغَضُ
بال	بَالَ	يَبُولُ	بِيلَ	يُبَالُ
بالغ	بَالَغَ	يُبَالِغُ	بُولِغَ	يُبَالَغُ
بالى	بَالَى	يُبَالِي	بُولِيَ	يُبَالَى
بان	بَانَ	يَبِينُ	بِينَ	يُبَانُ
باه	بَاهَ	يَبُوهُ	بِيهَ	يُبَاهُ
باهل	بَاهَلَ	يُبَاهِلُ	بُوهِلَ	يُبَاهَلُ
بايع	بَايَعَ	يُبَايِعُ	بُويِعَ	يُبَايَعُ
بت	بَتَّ	يَبِتُّ	بُتَّ	يُبَتُّ
بتر	بَتَرَ	يَبْتُرُ	بُتِرَ	يُبْتَرُ
بتع	بَتِعَ	يَبْتَعُ	-	-
بث	بَثَّ	يَبُثُّ	بُثَّ	يُبَثُّ
بجح	بَجِحَ	يَبْجَحُ	بُجِحَ	يُبْجَحُ
بجل	بَجَّلَ	يُبَجِّلُ	بُجِّلَ	يُبَجَّلُ
بح	بَحَّ	يَبَحُّ	بُحَّ	يُبَحُّ
بحبح	بَحْبَحَ	يُبَحْبِحُ	بُحْبِحَ	يُبَحْبَحُ
بحث	بَحَثَ	يَبْحَثُ	بُحِثَ	يُبْحَثُ
بحثر	بَحْثَرَ	يُبَحْثِرُ	بُحْثِرَ	يُبَحْثَرُ
بحر	بَحَرَ	يَبْحَرُ	بُحِرَ	يُبْحَرُ
بخر	بَخَّرَ	يُبَخِّرُ	بُخِّرَ	يُبَخَّرُ
بخس	بَخَّسَ	يُبَخِّسُ	بُخِّسَ	يُبَخَّسُ
بخص	بَخَصَ	يَبْخَصُ	بُخِصَ	يُبْخَصُ
بخع	بَخِعَ	يَبْخَعُ	بُخِعَ	يُبْخَعُ
بخل	بَخُلَ	يَبْخُلُ	بُخِلَ	يُبْخَلُ
بد	بَدَّ	يَبُدُّ	بُدَّ	يُبَدُّ
بدأ	بَدَأَ	يَبْدَأُ	بُدِئَ	يُبْدَأُ
بدا	بَدَا	يَبْدُو	بُدِيَ	يُبْدَى
بدد	بَدَّدَ	يُبَدِّدُ	بُدِّدَ	يُبَدَّدُ
بدع	بَدَّعَ	يُبَدِّعُ	بُدِّعَ	يُبَدَّعُ
بدل	بَدِلَ	يَبْدَلُ	بُدِّلَ	يُبَدَّلُ
بدن	بَدَّنَ	يُبَدِّنُ	بُدِّنَ	يُبَدَّنُ
بذ	بَذَّ	يَبُذُّ	بُذَّ	يُبَذُّ
بذر	بَذَّرَ	يُبَذِّرُ	بُذِّرَ	يُبَذَّرُ
بذل	بَذَلَ	يَبْذُلُ	بُذِلَ	يُبْذَلُ
بر	بَرَّ	يَبَرُّ	بُرَّ	يُبَرُّ
برأ	بَرَّأَ	يُبَرِّئُ	بُرِّئَ	يُبَرَّأُ
برئ	بَرِئَ	يَبْرَأُ	بُرِئَ	يُبْرَأُ
بربر	بَرْبَرَ	يُبَرْبِرُ	بُرْبِرَ	يُبَرْبَرُ
برج	بَرِجَ	يَبْرَجُ	-	-
برح	بَرَّحَ	يُبَرِّحُ	بُرِّحَ	يُبَرَّحُ
برد	بَرَدَ	يَبْرُدُ	بُرِدَ	يُبْرَدُ
برر	بَرَّرَ	يُبَرِّرُ	بُرِّرَ	يُبَرَّرُ
برز	بَرَزَ	يَبْرُزُ	بُرِزَ	يُبْرَزُ
برشم	بَرْشَمَ	يُبَرْشِمُ	بُرْشِمَ	يُبَرْشَمُ
برطل	بَرْطَلَ	يُبَرْطِلُ	بُرْطِلَ	يُبَرْطَلُ
برعم	بَرْعَمَ	يُبَرْعِمُ	-	-
برق	بَرَقَ	يَبْرُقُ	بُرِقَ	يُبْرَقُ
برقع	بَرْقَعَ	يُبَرْقِعُ	بُرْقِعَ	يُبَرْقَعُ
برك	بَرَّكَ	يُبَرِّكُ	بُرِّكَ	يُبَرَّكُ
بركن	بَرْكَنَ	يُبَرْكِنُ	بُرْكِنَ	يُبَرْكَنُ
برم	بَرَمَ	يَبْرُمُ	بُرِمَ	يُبْرَمُ
برمج	بَرْمَجَ	يُبَرْمِجُ	بُرْمِجَ	يُبَرْمَجُ
برنس	بَرْنَسَ	يُبَرْنِسُ	بُرْنِسَ	يُبَرْنَسُ
برهن	بَرْهَنَ	يُبَرْهِنُ	بُرْهِنَ	يُبَرْهَنُ
بروز	بَرْوَزَ	يُبَرْوِزُ	بُرْوِزَ	يُبَرْوَزُ
بز	بَزَّ	يَبُزُّ	بُزَّ	يُبَزُّ
بزبز	بَزْبَزَ	يُبَزْبِزُ	بُزْبِزَ	يُبَزْبَزُ
بزع	بَزُعَ	يَبْزُعُ	-	-
بزغ	بَزَغَ	يَبْزُغُ	بُزِغَ	يُبْزَغُ
بزق	بَزَقَ	يَبْزُقُ	بُزِقَ	يُبْزَقُ
بزل	بَزَلَ	يَبْزُلُ	بُزِلَ	يُبْزَلُ
بزم	بَزَمَ	يَبْزُمُ	بُزِمَ	يُبْزَمُ
بس	بَسَّ	يَبُسُّ	بُسَّ	يُبَسُّ
بسر	بَسَرَ	يَبْسُرُ	بُسِرَ	يُبْسَرُ
بسط	بَسَطَ	يَبْسُطُ	بُسِطَ	يُبْسَطُ
بسم	بَسَمَ	يَبْسِمُ	-	-
بسمل	بَسْمَلَ	يُبَسْمِلُ	بُسْمِلَ	يُبَسْمَلُ
بش	بَشَّ	يَبَشُّ	بُشَّ	يُبَشُّ
بشر	بَشَّرَ	يُبَشِّرُ	بُشِّرَ	يُبَشَّرُ
بشع	بَشِعَ	يَبْشَعُ	-	-
بصر	بَصَّرَ	يُبَصِّرُ	بُصِّرَ	يُبَصَّرُ
بصق	بَصَقَ	يَبْصُقُ	بُصِقَ	يُبْصَقُ
بصم	بَصَمَ	يَبْصُمُ	بُصِمَ	يُبْصَمُ
بط	بَطَّ	يَبُطُّ	بُطَّ	يُبَطُّ
بطأ	بَطَّأَ	يُبَطِّئُ	بُطِّئَ	يُبَطَّأُ
بطؤ	بَطُؤَ	يَبْطُؤُ	-	-
بطش	بَطَشَ	يَبْطُشُ	بُطِشَ	يُبْطَشُ
بطل	بَطَّلَ	يُبَطِّلُ	بُطِّلَ	يُبَطَّلُ
بطن	بَطَّنَ	يُبَطِّنُ	بُطِّنَ	يُبَطَّنُ
بعث	بَعَثَ	يَبْعَثُ	بُعِثَ	يُبْعَثُ
بعثر	بَعْثَرَ	يُبَعْثِرُ	بُعْثِرَ	يُبَعْثَرُ
بعد	بَعِدَ	يَبْعَدُ	بُعِدَ	يُبْعَدُ
بعر	بَعَرَ	يَبْعَرُ	بُعِرَ	يُبْعَرُ
بعض	بَعَّضَ	يُبَعِّضُ	بُعِّضَ	يُبَعَّضُ
بغش	بَغَشَ	يَبْغَشُ	بُغِشَ	يُبْغَشُ
بغض	بَغَّضَ	يُبَغِّضُ	بُغِّضَ	يُبَغَّضُ
بغى	بَغَى	يَبْغِي	بُغِيَ	يُبْغَى
بق	بَقَّ	يَبُقُّ	بُقَّ	يُبَقُّ
بقبق	بَقْبَقَ	يُبَقْبِقُ	بُقْبِقَ	يُبَقْبَقُ
بقر	بَقَّرَ	يُبَقِّرُ	بُقِّرَ	يُبَقَّرُ
بقى	بَقَّى	يُبَقِّي	بُقِّيَ	يُبَقَّى
بقي	بَقِيَ	يَبْقَى	بُقِيَ	يُبْقَى
بكر	بَكَّرَ	يُبَكِّرُ	بُكِّرَ	يُبَكَّرُ
بكسل	بَكْسَلَ	يُبَكْسِلُ	بُكْسِلَ	يُبَكْسَلُ
بكى	بَكَى	يَبْكِي	بُكِيَ	يُبْكَى
بل	بَلَّ	يَبُلُّ	بُلَّ	يُبَلُّ
بلا	بَلَا	يَبْلُو	بُلِيَ	يُبْلَى
بلد	بَلُدَ	يَبْلُدُ	بُلِّدَ	يُبَلَّدُ
بلرس	بَلْرَسَ	يُبَلْرِسُ	بُلْرِسَ	يُبَلْرَسُ
بلع	بَلَّعَ	يُبَلِّعُ	بُلِّعَ	يُبَلَّعُ
بلغ	بَلَّغَ	يُبَلِّغُ	بُلِّغَ	يُبَلَّغُ
بلقن	بَلْقَنَ	يُبَلْقِنُ	بُلْقِنَ	يُبَلْقَنُ
بلل	بَلَّلَ	يُبَلِّلُ	بُلِّلَ	يُبَلَّلُ
بلور	بَلْوَرَ	يُبَلْوِرُ	بُلْوِرَ	يُبَلْوَرُ
بلي	بَلِيَ	يَبْلَى	-	-
بن	بَنَّ	يَبِنُّ	بُنَّ	يُبَنُّ
بنج	بَنَّجَ	يُبَنِّجُ	بُنِّجَ	يُبَنَّجُ
بنى	بَنَى	يَبْنِي	بُنِيَ	يُبْنَى
بهج	بَهُجَ	يَبْهُجُ	بُهِجَ	يُبْهَجُ
بهر	بَهَّرَ	يُبَهِّرُ	بُهِّرَ	يُبَهَّرُ
بهرج	بَهْرَجَ	يُبَهْرِجُ	بُهْرِجَ	يُبَهْرَجُ
بهظ	بَهَظَ	يَبْهَظُ	بُهِظَ	يُبْهَظُ
بهل	بَهِلَ	يَبْهَلُ	بُهِلَ	يُبْهَلُ
بوب	بَوَّبَ	يُبَوِّبُ	بُوِّبَ	يُبَوَّبُ
بور	بَوَّرَ	يُبَوِّرُ	بُوِّرَ	يُبَوَّرُ
بوز	بَوَّزَ	يُبَوِّزُ	بُوِّزَ	يُبَوَّزُ
بول	بَوَّلَ	يُبَوِّلُ	بُوِّلَ	يُبَوَّلُ
بيت	بَيَّتَ	يُبَيِّتُ	بُيِّتَ	يُبَيَّتُ
بيض	بَيَّضَ	يُبَيِّضُ	بُيِّضَ	يُبَيَّضُ
بين	بَيَّنَ	يُبَيِّنُ	بُيِّنَ	يُبَيَّنُ
تآج	تَآجَّ	يَتَآجُّ	تُؤُوجَّ	يُتَآجُّ
تآخى	تَآخَى	يَتَآخَى	-	-
تآكل	تَآكَلَ	يَتَآكَلُ	-	-
تآلف	تَآلَفَ	يَتَآلَفُ	تُؤُولِفَ	يُتَآلَفُ
تآمر	تَآمَرَ	يَتَآمَرُ	تُؤُومِرَ	يُتَآمَرُ
تآوى	تَآوَى	يَتَآوَى	تُؤُووِيَ	يُتَآوَى
تآيا	تَآيَا	يَتَآيَا	تُؤُويِيَ	يُتَآيَا
تأبب	تَأَبَّبَ	يَتَأَبَّبُ	تُؤُبِّبَ	يُتَأَبَّبُ
تأبد	تَأَبَّدَ	يَتَأَبَّدُ	-	-
تأبض	تَأَبَّضَ	يَتَأَبَّضُ	تُؤُبِّضَ	يُتَأَبَّضُ
تأبط	تَأَبَّطَ	يَتَأَبَّطُ	تُؤُبِّطَ	يُتَأَبَّطُ
تأبق	تَأَبَّقَ	يَتَأَبَّقُ	تُؤُبِّقَ	يُتَأَبَّقُ
تأبن	تَأَبَّنَ	يَتَأَبَّنُ	تُؤُبِّنَ	يُتَأَبَّنُ
تأبى	تَأَبَّى	يَتَأَبَّى	تُؤُبِّيَ	يُتَأَبَّى
تأتى	تَأَتَّى	يَتَأَتَّى	تُؤُتِّيَ	يُتَأَتَّى
تأثر	تَأَثَّرَ	يَتَأَثَّرُ	تُؤُثِّرَ	يُتَأَثَّرُ
تأجج	تَأَجَّجَ	يَتَأَجَّجُ	-	-
تأخر	تَأَخَّرَ	يَتَأَخَّرُ	تُؤُخِّرَ	يُتَأَخَّرُ
تأخى	تَأَخَّى	يَتَأَخَّى	تُؤُخِّيَ	يُتَأَخَّى
تأذى	تَأَذَّى	يَتَأَذَّى	تُؤُذِّيَ	يُتَأَذَّى
تأرجح	تَأَرْجَحَ	يَتَأَرْجَحُ	تُؤُرْجِحَ	يُتَأَرْجَحُ
تأزم	تَأَزَّمَ	يَتَأَزَّمُ	-	-
تأسف	تَأَسَّفَ	يَتَأَسَّفُ	تُؤُسِّفَ	يُتَأَسَّفُ
تأسلم	تَأَسْلَمَ	يَتَأَسْلَمُ	تُؤُسْلِمَ	يُتَأَسْلَمُ
تأسى	تَأَسَّى	يَتَأَسَّى	تُؤُسِّيَ	يُتَأَسَّى
تأصل	تَأَصَّلَ	يَتَأَصَّلُ	تُؤُصِّلَ	يُتَأَصَّلُ
تأفن	تَأَفَّنَ	يَتَأَفَّنُ	تُؤُفِّنَ	يُتَأَفَّنُ
تأقلم	تَأَقْلَمَ	يَتَأَقْلَمُ	-	-
تأكد	تَأَكَّدَ	يَتَأَكَّدُ	تُؤُكِّدَ	يُتَأَكَّدُ
تأكل	تَأَكَّلَ	يَتَأَكَّلُ	-	-
تألب	تَأَلَّبَ	يَتَأَلَّبُ	-	-
تألف	تَأَلَّفَ	يَتَأَلَّفُ	-	-
تألق	تَأَلَّقَ	يَتَأَلَّقُ	-	-
تألمن	تَأَلْمَنَ	يَتَأَلْمَنُ	تُؤُلْمِنَ	يُتَأَلْمَنُ
تأمر	تَأَمَّرَ	يَتَأَمَّرُ	تُؤُمِّرَ	يُتَأَمَّرُ
تأمرك	تَأَمْرَكَ	يَتَأَمْرَكُ	تُؤُمْرِكَ	يُتَأَمْرَكُ
تأمل	تَأَمَّلَ	يَتَأَمَّلُ	تُؤُمِّلَ	يُتَأَمَّلُ
تأمم	تَأَمَّمَ	يَتَأَمَّمُ	تُؤُمِّمَ	يُتَأَمَّمُ
تأمى	تَأَمَّى	يَتَأَمَّى	تُؤُمِّيَ	يُتَأَمَّى
تأنث	تَأَنَّثَ	يَتَأَنَّثُ	تُؤُنِّثَ	يُتَأَنَّثُ
تأنجل	تَأَنْجَلَ	يَتَأَنْجَلُ	-	-
تأنق	تَأَنَّقَ	يَتَأَنَّقُ	-	-
تأنى	تَأَنَّى	يَتَأَنَّى	-	-
تأهب	تَأَهَّبَ	يَتَأَهَّبُ	تُؤُهِّبَ	يُتَأَهَّبُ
تأهل	تَأَهَّلَ	يَتَأَهَّلُ	-	-
تأول	تَأَوَّلَ	يَتَأَوَّلُ	تُؤُوِّلَ	يُتَأَوَّلُ
تأوه	تَأَوَّهَ	يَتَأَوَّهُ	تُؤُوِّهَ	يُتَأَوَّهُ
تأوى	تَأَوَّى	يَتَأَوَّى	تُؤُوِّيَ	يُتَأَوَّى
تأيا	تَأَيَّا	يَتَأَيَّا	تُؤُيِّيَ	يُتَأَيَّا
تأيرن	تَأَيْرَنَ	يَتَأَيْرَنُ	-	-
تأيس	تَأَيَّسَ	يَتَأَيَّسُ	تُؤُيِّسَ	يُتَأَيَّسُ
تأيم	تَأَيَّمَ	يَتَأَيَّمُ	تُؤُيِّمَ	يُتَأَيَّمُ
تأين	تَأَيَّنَ	يَتَأَيَّنُ	-	-
تاب	تَابَ	يَتُوبُ	تِيبَ	يُتَابُ
تابع	تَابَعَ	يُتَابِعُ	تُوبِعَ	يُتَابَعُ
تاجر	تَاجَرَ	يُتَاجِرُ	تُوجِرَ	يُتَاجَرُ
تاخم	تَاخَمَ	يُتَاخِمُ	تُوخِمَ	يُتَاخَمُ
تارب	تَارَبَ	يُتَارِبُ	تُورِبَ	يُتَارَبُ
تاق	تَاقَ	يَتُوقُ	تِيقَ	يُتَاقُ
تاه	تَاهَ	يَتُوهُ	تِيهَ	يُتَاهُ
تب	تَبَّ	يَتِبُّ	تُبَّ	يُتَبُّ
تباءس	تَبَاءَسَ	يَتَبَاءَسُ	تُبُوئِسَ	يُتَبَاءَسُ
تباحث	تَبَاحَثَ	يَتَبَاحَثُ	تُبُوحِثَ	يُتَبَاحَثُ
تبادر	تَبَادَرَ	يَتَبَادَرُ	تُبُودِرَ	يُتَبَادَرُ
تبادل	تَبَادَلَ	يَتَبَادَلُ	تُبُودِلَ	يُتَبَادَلُ
تبارك	تَبَارَكَ	يَتَبَارَكُ	-	-
تبارى	تَبَارَى	يَتَبَارَى	تُبُورِيَ	يُتَبَارَى
تباطأ	تَبَاطَأَ	يَتَبَاطَأُ	-	-
تباعد	تَبَاعَدَ	يَتَبَاعَدُ	تُبُوعِدَ	يُتَبَاعَدُ
تباغض	تَبَاغَضَ	يَتَبَاغَضُ	-	-
تباكى	تَبَاكَى	يَتَبَاكَى	-	-
تبالد	تَبَالَدَ	يَتَبَالَدُ	تُبُولِدَ	يُتَبَالَدُ
تباهى	تَبَاهَى	يَتَبَاهَى	تُبُوهِيَ	يُتَبَاهَى
تبايع	تَبَايَعَ	يَتَبَايَعُ	تُبُويِعَ	يُتَبَايَعُ
تباين	تَبَايَنَ	يَتَبَايَنُ	تُبُويِنَ	يُتَبَايَنُ
تبب	تَبَّبَ	يُتَبِّبُ	تُبِّبَ	يُتَبَّبُ
تبثر	تَبَثَّرَ	يَتَبَثَّرُ	تُبُثِّرَ	يُتَبَثَّرُ
تبجح	تَبَجَّحَ	يَتَبَجَّحُ	تُبُجِّحَ	يُتَبَجَّحُ
تبحبح	تَبَحْبَحَ	يَتَبَحْبَحُ	تُبُحْبِحَ	يُتَبَحْبَحُ
تبحثر	تَبَحْثَرَ	يَتَبَحْثَرُ	تُبُحْثِرَ	يُتَبَحْثَرُ
تبحر	تَبَحَّرَ	يَتَبَحَّرُ	-	-
تبختر	تَبَخْتَرَ	يَتَبَخْتَرُ	تُبُخْتِرَ	يُتَبَخْتَرُ
تبخر	تَبَخَّرَ	يَتَبَخَّرُ	تُبُخِّرَ	يُتَبَخَّرُ
تبدع	تَبَدَّعَ	يَتَبَدَّعُ	تُبُدِّعَ	يُتَبَدَّعُ
تبدل	تَبَدَّلَ	يَتَبَدَّلُ	تُبُدِّلَ	يُتَبَدَّلُ
تبدى	تَبَدَّى	يَتَبَدَّى	تُبُدِّيَ	يُتَبَدَّى
تبر	تَبَّرَ	يُتَبِّرُ	تُبِّرَ	يُتَبَّرُ
تبرأ	تَبَرَّأَ	يَتَبَرَّأُ	تُبُرِّئَ	يُتَبَرَّأُ
تبرج	تَبَرَّجَ	يَتَبَرَّجُ	تُبُرِّجَ	يُتَبَرَّجُ
تبرز	تَبَرَّزَ	يَتَبَرَّزُ	تُبُرِّزَ	يُتَبَرَّزُ
تبرع	تَبَرَّعَ	يَتَبَرَّعُ	تُبُرِّعَ	يُتَبَرَّعُ
تبرك	تَبَرَّكَ	يَتَبَرَّكُ	-	-
تبرم	تَبَرَّمَ	يَتَبَرَّمُ	-	-
تبرنس	تَبَرْنَسَ	يَتَبَرْنَسُ	تُبُرْنِسَ	يُتَبَرْنَسُ
تبرى	تَبَرَّى	يَتَبَرَّى	تُبُرِّيَ	يُتَبَرَّى
تبسم	تَبَسَّمَ	يَتَبَسَّمُ	تُبُسِّمَ	يُتَبَسَّمُ
تبصبص	تَبَصْبَصَ	يَتَبَصْبَصُ	-	-
تبطل	تَبَطَّلَ	يَتَبَطَّلُ	تُبُطِّلَ	يُتَبَطَّلُ
تبع	تَبِعَ	يَتْبَعُ	تُبِعَ	يُتْبَعُ
تبعثر	تَبَعْثَرَ	يَتَبَعْثَرُ	تُبُعْثِرَ	يُتَبَعْثَرُ
تبقى	تَبَقَّى	يَتَبَقَّى	تُبُقِّيَ	يُتَبَقَّى
تبلد	تَبَلَّدَ	يَتَبَلَّدُ	-	-
تبلور	تَبَلْوَرَ	يَتَبَلْوَرُ	تُبُلْوِرَ	يُتَبَلْوَرُ
تبن	تَبِنَ	يَتْبَنُ	تُبِّنَ	يُتَبَّنُ
تبنى	تَبَنَّى	يَتَبَنَّى	تُبُنِّيَ	يُتَبَنَّى
تبوأ	تَبَوَّأَ	يَتَبَوَّأُ	تُبُوِّئَ	يُتَبَوَّأُ
تبول	تَبَوَّلَ	يَتَبَوَّلُ	تُبُوِّلَ	يُتَبَوَّلُ
تبين	تَبَيَّنَ	يَتَبَيَّنُ	تُبُيِّنَ	يُتَبَيَّنُ
تتابع	تَتَابَعَ	يَتَتَابَعُ	تُتُوبِعَ	يُتَتَابَعُ
تتالى	تَتَالَى	يَتَتَالَى	تُتُولِيَ	يُتَتَالَى
تتبع	تَتَبَّعَ	يَتَتَبَّعُ	تُتُبِّعَ	يُتَتَبَّعُ
تترب	تَتَرَّبَ	يَتَتَرَّبُ	-	-
تترس	تَتَرَّسَ	يَتَتَرَّسُ	-	-
تترك	تَتَرَّكَ	يَتَتَرَّكُ	تُتُرِّكَ	يُتَتَرَّكُ
تثاءب	تَثَاءَبَ	يَتَثَاءَبُ	تُثُوئِبَ	يُتَثَاءَبُ
تثبت	تَثَبَّتَ	يَتَثَبَّتُ	تُثُبِّتَ	يُتَثَبَّتُ
تثقف	تَثَقَّفَ	يَتَثَقَّفُ	تُثُقِّفَ	يُتَثَقَّفُ
تثنى	تَثَنَّى	يَتَثَنَّى	تُثُنِّيَ	يُتَثَنَّى
تجادل	تَجَادَلَ	يَتَجَادَلُ	تُجُودِلَ	يُتَجَادَلُ
تجار	تَجَارَّ	يَتَجَارُّ	-	-
تجارر	تَجَارَرَ	يَتَجَارَرُ	-	-
تجافى	تَجَافَى	يَتَجَافَى	تُجُوفِيَ	يُتَجَافَى
تجامل	تَجَامَلَ	يَتَجَامَلُ	-	-
تجانس	تَجَانَسَ	يَتَجَانَسُ	-	-
تجاهل	تَجَاهَلَ	يَتَجَاهَلُ	تُجُوهِلَ	يُتَجَاهَلُ
تجاوب	تَجَاوَبَ	يَتَجَاوَبُ	تُجُووِبَ	يُتَجَاوَبُ
تجاور	تَجَاوَرَ	يَتَجَاوَرُ	تُجُووِرَ	يُتَجَاوَرُ
تجاوز	تَجَاوَزَ	يَتَجَاوَزُ	تُجُووِزَ	يُتَجَاوَزُ
تجبر	تَجَبَّرَ	يَتَجَبَّرُ	تُجُبِّرَ	يُتَجَبَّرُ
تجبن	تَجَبَّنَ	يَتَجَبَّنُ	-	-
تجدد	تَجَدَّدَ	يَتَجَدَّدُ	-	-
تجذر	تَجَذَّرَ	يَتَجَذَّرُ	تُجُذِّرَ	يُتَجَذَّرُ
تجر	تَجَرَ	يَتْجُرُ	تُجِرَ	يُتْجَرُ
تجرب	تَجَرَّبَ	يَتَجَرَّبُ	تُجُرِّبَ	يُتَجَرَّبُ
تجرد	تَجَرَّدَ	يَتَجَرَّدُ	تُجُرِّدَ	يُتَجَرَّدُ
تجرع	تَجَرَّعَ	يَتَجَرَّعُ	تُجُرِّعَ	يُتَجَرَّعُ
تجزأ	تَجَزَّأَ	يَتَجَزَّأُ	-	-
تجسس	تَجَسَّسَ	يَتَجَسَّسُ	تُجُسِّسَ	يُتَجَسَّسُ
تجشأ	تَجَشَّأَ	يَتَجَشَّأُ	-	-
تجعد	تَجَعَّدَ	يَتَجَعَّدُ	-	-
تجلبب	تَجَلْبَبَ	يَتَجَلْبَبُ	تُجُلْبِبَ	يُتَجَلْبَبُ
تجلد	تَجَلَّدَ	يَتَجَلَّدُ	تُجُلِّدَ	يُتَجَلَّدُ
تجلى	تَجَلَّى	يَتَجَلَّى	تُجُلِّيَ	يُتَجَلَّى
تجمد	تَجَمَّدَ	يَتَجَمَّدُ	-	-
تجمع	تَجَمَّعَ	يَتَجَمَّعُ	تُجُمِّعَ	يُتَجَمَّعُ
تجمل	تَجَمَّلَ	يَتَجَمَّلُ	تُجُمِّلَ	يُتَجَمَّلُ
تجنب	تَجَنَّبَ	يَتَجَنَّبُ	تُجُنِّبَ	يُتَجَنَّبُ
تجند	تَجَنَّدَ	يَتَجَنَّدُ	تُجُنِّدَ	يُتَجَنَّدُ
تجنس	تَجَنَّسَ	يَتَجَنَّسُ	تُجُنِّسَ	يُتَجَنَّسُ
تجنن	تَجَنَّنَ	يَتَجَنَّنُ	تُجُنِّنَ	يُتَجَنَّنُ
تجنى	تَجَنَّى	يَتَجَنَّى	تُجُنِّيَ	يُتَجَنَّى
تجهز	تَجَهَّزَ	يَتَجَهَّزُ	تُجُهِّزَ	يُتَجَهَّزُ
تجهم	تَجَهَّمَ	يَتَجَهَّمُ	تُجُهِّمَ	يُتَجَهَّمُ
تجوف	تَجَوَّفَ	يَتَجَوَّفُ	-	-
تجول	تَجَوَّلَ	يَتَجَوَّلُ	تُجُوِّلَ	يُتَجَوَّلُ
تحاب	تَحَابَّ	يَتَحَابُّ	-	-
تحابب	تَحَابَبَ	يَتَحَابَبُ	-	-
تحاج	تَحَاجَّ	يَتَحَاجُّ	تُحُوجَّ	يُتَحَاجُّ
تحادث	تَحَادَثَ	يَتَحَادَثُ	تُحُودِثَ	يُتَحَادَثُ
تحارب	تَحَارَبَ	يَتَحَارَبُ	تُحُورِبَ	يُتَحَارَبُ
تحاسب	تَحَاسَبَ	يَتَحَاسَبُ	تُحُوسِبَ	يُتَحَاسَبُ
تحاشى	تَحَاشَى	يَتَحَاشَى	تُحُوشِيَ	يُتَحَاشَى
تحاضن	تَحَاضَنَ	يَتَحَاضَنُ	تُحُوضِنَ	يُتَحَاضَنُ
تحالف	تَحَالَفَ	يَتَحَالَفُ	تُحُولِفَ	يُتَحَالَفُ
تحامل	تَحَامَلَ	يَتَحَامَلُ	تُحُومِلَ	يُتَحَامَلُ
تحاور	تَحَاوَرَ	يَتَحَاوَرُ	-	-
تحاول	تَحَاوَلَ	يَتَحَاوَلُ	تُحُووِلَ	يُتَحَاوَلُ
تحايل	تَحَايَلَ	يَتَحَايَلُ	تُحُويِلَ	يُتَحَايَلُ
تحبب	تَحَبَّبَ	يَتَحَبَّبُ	تُحُبِّبَ	يُتَحَبَّبُ
تحتم	تَحَتَّمَ	يَتَحَتَّمُ	تُحُتِّمَ	يُتَحَتَّمُ
تحجب	تَحَجَّبَ	يَتَحَجَّبُ	-	-
تحدث	تَحَدَّثَ	يَتَحَدَّثُ	تُحُدِّثَ	يُتَحَدَّثُ
تحدى	تَحَدَّى	يَتَحَدَّى	تُحُدِّيَ	يُتَحَدَّى
تحذلق	تَحَذْلَقَ	يَتَحَذْلَقُ	تُحُذْلِقَ	يُتَحَذْلَقُ
تحرش	تَحَرَّشَ	يَتَحَرَّشُ	تُحُرِّشَ	يُتَحَرَّشُ
تحرف	تَحَرَّفَ	يَتَحَرَّفُ	تُحُرِّفَ	يُتَحَرَّفُ
تحرك	تَحَرَّكَ	يَتَحَرَّكُ	تُحُرِّكَ	يُتَحَرَّكُ
تحرم	تَحَرَّمَ	يَتَحَرَّمُ	-	-
تحرى	تَحَرَّى	يَتَحَرَّى	تُحُرِّيَ	يُتَحَرَّى
تحسب	تَحَسَّبَ	يَتَحَسَّبُ	تُحُسِّبَ	يُتَحَسَّبُ
تحسس	تَحَسَّسَ	يَتَحَسَّسُ	تُحُسِّسَ	يُتَحَسَّسُ
تحسن	تَحَسَّنَ	يَتَحَسَّنُ	-	-
تحشد	تَحَشَّدَ	يَتَحَشَّدُ	تُحُشِّدَ	يُتَحَشَّدُ
تحشرج	تَحَشْرَجَ	يَتَحَشْرَجُ	تُحُشْرِجَ	يُتَحَشْرَجُ
تحصن	تَحَصَّنَ	يَتَحَصَّنُ	تُحُصِّنَ	يُتَحَصَّنُ
تحضر	تَحَضَّرَ	يَتَحَضَّرُ	تُحُضِّرَ	يُتَحَضَّرُ
تحطم	تَحَطَّمَ	يَتَحَطَّمُ	تُحُطِّمَ	يُتَحَطَّمُ
تحفز	تَحَفَّزَ	يَتَحَفَّزُ	-	-
تحفظ	تَحَفَّظَ	يَتَحَفَّظُ	تُحُفِّظَ	يُتَحَفَّظُ
تحفل	تَحَفَّلَ	يَتَحَفَّلُ	تُحُفِّلَ	يُتَحَفَّلُ
تحقق	تَحَقَّقَ	يَتَحَقَّقُ	تُحُقِّقَ	يُتَحَقَّقُ
تحكك	تَحَكَّكَ	يَتَحَكَّكُ	تُحُكِّكَ	يُتَحَكَّكُ
تحكم	تَحَكَّمَ	يَتَحَكَّمُ	تُحُكِّمَ	يُتَحَكَّمُ
تحلل	تَحَلَّلَ	يَتَحَلَّلُ	تُحُلِّلَ	يُتَحَلَّلُ
تحمس	تَحَمَّسَ	يَتَحَمَّسُ	-	-
تحمل	تَحَمَّلَ	يَتَحَمَّلُ	تُحُمِّلَ	يُتَحَمَّلُ
تحمم	تَحَمَّمَ	يَتَحَمَّمُ	-	-
تحوز	تَحَوَّزَ	يَتَحَوَّزُ	تُحُوِّزَ	يُتَحَوَّزُ
تحوط	تَحَوَّطَ	يَتَحَوَّطُ	تُحُوِّطَ	يُتَحَوَّطُ
تحول	تَحَوَّلَ	يَتَحَوَّلُ	تُحُوِّلَ	يُتَحَوَّلُ
تحوى	تَحَوَّى	يَتَحَوَّى	تُحُوِّيَ	يُتَحَوَّى
تحيز	تَحَيَّزَ	يَتَحَيَّزُ	تُحُيِّزَ	يُتَحَيَّزُ
تحين	تَحَيَّنَ	يَتَحَيَّنُ	تُحُيِّنَ	يُتَحَيَّنُ
تخابث	تَخَابَثَ	يَتَخَابَثُ	تُخُوبِثَ	يُتَخَابَثُ
تخابر	تَخَابَرَ	يَتَخَابَرُ	تُخُوبِرَ	يُتَخَابَرُ
تخادم	تَخَادَمَ	يَتَخَادَمُ	تُخُودِمَ	يُتَخَادَمُ
تخاذل	تَخَاذَلَ	يَتَخَاذَلُ	تُخُوذِلَ	يُتَخَاذَلُ
تخاصم	تَخَاصَمَ	يَتَخَاصَمُ	تُخُوصِمَ	يُتَخَاصَمُ
تخاطب	تَخَاطَبَ	يَتَخَاطَبُ	-	-
تخالف	تَخَالَفَ	يَتَخَالَفُ	تُخُولِفَ	يُتَخَالَفُ
تخامر	تَخَامَرَ	يَتَخَامَرُ	تُخُومِرَ	يُتَخَامَرُ
تخانق	تَخَانَقَ	يَتَخَانَقُ	تُخُونِقَ	يُتَخَانَقُ
تخايل	تَخَايَلَ	يَتَخَايَلُ	تُخُويِلَ	يُتَخَايَلُ
تخبأ	تَخَبَّأَ	يَتَخَبَّأُ	تُخُبِّئَ	يُتَخَبَّأُ
تخبر	تَخَبَّرَ	يَتَخَبَّرُ	تُخُبِّرَ	يُتَخَبَّرُ
تخبط	تَخَبَّطَ	يَتَخَبَّطُ	-	-
تختم	تَخَتَّمَ	يَتَخَتَّمُ	-	-
تخثر	تَخَثَّرَ	يَتَخَثَّرُ	-	-
تخدر	تَخَدَّرَ	يَتَخَدَّرُ	-	-
تخرج	تَخَرَّجَ	يَتَخَرَّجُ	تُخُرِّجَ	يُتَخَرَّجُ
تخشب	تَخَشَّبَ	يَتَخَشَّبُ	تُخُشِّبَ	يُتَخَشَّبُ
تخصص	تَخَصَّصَ	يَتَخَصَّصُ	تُخُصِّصَ	يُتَخَصَّصُ
تخضخض	تَخَضْخَضَ	يَتَخَضْخَضُ	تُخُضْخِضَ	يُتَخَضْخَضُ
تخطر	تَخَطَّرَ	يَتَخَطَّرُ	-	-
تخطف	تَخَطَّفَ	يَتَخَطَّفُ	تُخُطِّفَ	يُتَخَطَّفُ
تخطى	تَخَطَّى	يَتَخَطَّى	تُخُطِّيَ	يُتَخَطَّى
تخفى	تَخَفَّى	يَتَخَفَّى	تُخُفِّيَ	يُتَخَفَّى
تخلخل	تَخَلْخَلَ	يَتَخَلْخَلُ	تُخُلْخِلَ	يُتَخَلْخَلُ
تخلص	تَخَلَّصَ	يَتَخَلَّصُ	تُخُلِّصَ	يُتَخَلَّصُ
تخلف	تَخَلَّفَ	يَتَخَلَّفُ	تُخُلِّفَ	يُتَخَلَّفُ
تخلل	تَخَلَّلَ	يَتَخَلَّلُ	تُخُلِّلَ	يُتَخَلَّلُ
تخلى	تَخَلَّى	يَتَخَلَّى	تُخُلِّيَ	يُتَخَلَّى
تخم	تَخَمَ	يَتْخِمُ	تُخِمَ	يُتْخَمُ
تخمر	تَخَمَّرَ	يَتَخَمَّرُ	تُخُمِّرَ	يُتَخَمَّرُ
تخنث	تَخَنَّثَ	يَتَخَنَّثُ	تُخُنِّثَ	يُتَخَنَّثُ
تخندق	تَخَنْدَقَ	يَتَخَنْدَقُ	تُخُنْدِقَ	يُتَخَنْدَقُ
تخوف	تَخَوَّفَ	يَتَخَوَّفُ	تُخُوِّفَ	يُتَخَوَّفُ
تخيل	تَخَيَّلَ	يَتَخَيَّلُ	تُخُيِّلَ	يُتَخَيَّلُ
تداخل	تَدَاخَلَ	يَتَدَاخَلُ	تُدُوخِلَ	يُتَدَاخَلُ
تدارأ	تَدَارَأَ	يَتَدَارَأُ	تُدُورِئَ	يُتَدَارَأُ
تدارك	تَدَارَكَ	يَتَدَارَكُ	تُدُورِكَ	يُتَدَارَكُ
تداعى	تَدَاعَى	يَتَدَاعَى	تُدُوعِيَ	يُتَدَاعَى
تدافع	تَدَافَعَ	يَتَدَافَعُ	تُدُوفِعَ	يُتَدَافَعُ
تدافق	تَدَافَقَ	يَتَدَافَقُ	-	-
تداول	تَدَاوَلَ	يَتَدَاوَلُ	تُدُووِلَ	يُتَدَاوَلُ
تداوى	تَدَاوَى	يَتَدَاوَى	تُدُووِيَ	يُتَدَاوَى
تدبر	تَدَبَّرَ	يَتَدَبَّرُ	تُدُبِّرَ	يُتَدَبَّرُ
تدثر	تَدَثَّرَ	يَتَدَثَّرُ	تُدُثِّرَ	يُتَدَثَّرُ
تدحرج	تَدَحْرَجَ	يَتَدَحْرَجُ	تُدُحْرِجَ	يُتَدَحْرَجُ
تدخل	تَدَخَّلَ	يَتَدَخَّلُ	تُدُخِّلَ	يُتَدَخَّلُ
تدربس	تَدَرْبَسَ	يَتَدَرْبَسُ	تُدُرْبِسَ	يُتَدَرْبَسُ
تدرج	تَدَرَّجَ	يَتَدَرَّجُ	تُدُرِّجَ	يُتَدَرَّجُ
تدسس	تَدَسَّسَ	يَتَدَسَّسُ	-	-
تدعش	تَدَعَّشَ	يَتَدَعَّشُ	تُدُعِّشَ	يُتَدَعَّشُ
تدفق	تَدَفَّقَ	يَتَدَفَّقُ	-	-
تدلدل	تَدَلْدَلَ	يَتَدَلْدَلُ	تُدُلْدِلَ	يُتَدَلْدَلُ
تدلى	تَدَلَّى	يَتَدَلَّى	-	-
تدمر	تَدَمَّرَ	يَتَدَمَّرُ	-	-
تدمن	تَدَمَّنَ	يَتَدَمَّنُ	-	-
تدهور	تَدَهْوَرَ	يَتَدَهْوَرُ	-	-
تدور	تَدَوَّرَ	يَتَدَوَّرُ	تُدُوِّرَ	يُتَدَوَّرُ
تدير	تَدَيَّرَ	يَتَدَيَّرُ	تُدُيِّرَ	يُتَدَيَّرُ
تدين	تَدَيَّنَ	يَتَدَيَّنُ	تُدُيِّنَ	يُتَدَيَّنُ
تذابح	تَذَابَحَ	يَتَذَابَحُ	تُذُوبِحَ	يُتَذَابَحُ
تذاكر	تَذَاكَرَ	يَتَذَاكَرُ	تُذُوكِرَ	يُتَذَاكَرُ
تذاكى	تَذَاكَى	يَتَذَاكَى	تُذُوكِيَ	يُتَذَاكَى
تذام	تَذَامَّ	يَتَذَامُّ	-	-
تذبذب	تَذَبْذَبَ	يَتَذَبْذَبُ	تُذُبْذِبَ	يُتَذَبْذَبُ
تذرع	تَذَرَّعَ	يَتَذَرَّعُ	تُذُرِّعَ	يُتَذَرَّعُ
تذكر	تَذَكَّرَ	يَتَذَكَّرُ	تُذُكِّرَ	يُتَذَكَّرُ
تذمر	تَذَمَّرَ	يَتَذَمَّرُ	تُذُمِّرَ	يُتَذَمَّرُ
تذوق	تَذَوَّقَ	يَتَذَوَّقُ	تُذُوِّقَ	يُتَذَوَّقُ
تر	تَرَّ	يَتِرُّ	-	-
ترأس	تَرَأَّسَ	يَتَرَأَّسُ	تُرُئِّسَ	يُتَرَأَّسُ
ترأف	تَرَأَّفَ	يَتَرَأَّفُ	تُرُئِّفَ	يُتَرَأَّفُ
ترأى	تَرَأَّى	يَتَرَأَّى	تُرُئِّيَ	يُتَرَأَّى
تراءى	تَرَاءَى	يَتَرَاءَى	تُرُوئِيَ	يُتَرَاءَى
ترابط	تَرَابَطَ	يَتَرَابَطُ	تُرُوبِطَ	يُتَرَابَطُ
تراجع	تَرَاجَعَ	يَتَرَاجَعُ	تُرُوجِعَ	يُتَرَاجَعُ
تراجم	تَرَاجَمَ	يَتَرَاجَمُ	تُرُوجِمَ	يُتَرَاجَمُ
تراحم	تَرَاحَمَ	يَتَرَاحَمُ	تُرُوحِمَ	يُتَرَاحَمُ
تراخى	تَرَاخَى	يَتَرَاخَى	تُرُوخِيَ	يُتَرَاخَى
تراد	تَرَادَّ	يَتَرَادُّ	تُرُودَّ	يُتَرَادُّ
ترادد	تَرَادَدَ	يَتَرَادَدُ	تُرُودِدَ	يُتَرَادَدُ
تراشق	تَرَاشَقَ	يَتَرَاشَقُ	تُرُوشِقَ	يُتَرَاشَقُ
تراص	تَرَاصَّ	يَتَرَاصُّ	تُرُوصَّ	يُتَرَاصُّ
تراضى	تَرَاضَى	يَتَرَاضَى	تُرُوضِيَ	يُتَرَاضَى
ترافع	تَرَافَعَ	يَتَرَافَعُ	تُرُوفِعَ	يُتَرَافَعُ
تراقى	تَرَاقَى	يَتَرَاقَى	تُرُوقِيَ	يُتَرَاقَى
تراكض	تَرَاكَضَ	يَتَرَاكَضُ	تُرُوكِضَ	يُتَرَاكَضُ
تراكم	تَرَاكَمَ	يَتَرَاكَمُ	تُرُوكِمَ	يُتَرَاكَمُ
تراوح	تَرَاوَحَ	يَتَرَاوَحُ	تُرُووِحَ	يُتَرَاوَحُ
تراوق	تَرَاوَقَ	يَتَرَاوَقُ	تُرُووِقَ	يُتَرَاوَقُ
ترايق	تَرَايَقَ	يَتَرَايَقُ	تُرُويِقَ	يُتَرَايَقُ
ترب	تَرَّبَ	يُتَرِّبُ	تُرِّبَ	يُتَرَّبُ
تربد	تَرَبَّدَ	يَتَرَبَّدُ	-	-
تربص	تَرَبَّصَ	يَتَرَبَّصُ	تُرُبِّصَ	يُتَرَبَّصُ
تربع	تَرَبَّعَ	يَتَرَبَّعُ	تُرُبِّعَ	يُتَرَبَّعُ
تربى	تَرَبَّى	يَتَرَبَّى	-	-
ترتب	تَرَتَّبَ	يَتَرَتَّبُ	تُرُتِّبَ	يُتَرَتَّبُ
ترجل	تَرَجَّلَ	يَتَرَجَّلُ	-	-
ترجم	تَرْجَمَ	يُتَرْجِمُ	تُرْجِمَ	يُتَرْجَمُ
ترجى	تَرَجَّى	يَتَرَجَّى	تُرُجِّيَ	يُتَرَجَّى
ترحم	تَرَحَّمَ	يَتَرَحَّمُ	تُرُحِّمَ	يُتَرَحَّمُ
تردد	تَرَدَّدَ	يَتَرَدَّدُ	تُرُدِّدَ	يُتَرَدَّدُ
تردى	تَرَدَّى	يَتَرَدَّى	-	-
ترس	تَرَّسَ	يُتَرِّسُ	تُرِّسَ	يُتَرَّسُ
ترسب	تَرَسَّبَ	يَتَرَسَّبُ	-	-
ترسخ	تَرَسَّخَ	يَتَرَسَّخُ	-	-
ترشح	تَرَشَّحَ	يَتَرَشَّحُ	-	-
ترصد	تَرَصَّدَ	يَتَرَصَّدُ	تُرُصِّدَ	يُتَرَصَّدُ
ترصص	تَرَصَّصَ	يَتَرَصَّصُ	-	-
ترضى	تَرَضَّى	يَتَرَضَّى	تُرُضِّيَ	يُتَرَضَّى
ترعرع	تَرَعْرَعَ	يَتَرَعْرَعُ	-	-
ترف	تَرَّفَ	يُتَرِّفُ	تُرِّفَ	يُتَرَّفُ
ترفض	تَرَفَّضَ	يَتَرَفَّضُ	تُرُفِّضَ	يُتَرَفَّضُ
ترفع	تَرَفَّعَ	يَتَرَفَّعُ	تُرُفِّعَ	يُتَرَفَّعُ
ترقب	تَرَقَّبَ	يَتَرَقَّبُ	تُرُقِّبَ	يُتَرَقَّبُ
ترقرق	تَرَقْرَقَ	يَتَرَقْرَقُ	-	-
ترقى	تَرَقَّى	يَتَرَقَّى	-	-
ترك	تَرَّكَ	يُتَرِّكُ	تُرِّكَ	يُتَرَّكُ
ترنح	تَرَنَّحَ	يَتَرَنَّحُ	-	-
ترنم	تَرَنَّمَ	يَتَرَنَّمُ	تُرُنِّمَ	يُتَرَنَّمُ
ترهل	تَرَهَّلَ	يَتَرَهَّلُ	-	-
تروق	تَرَوَّقَ	يَتَرَوَّقُ	تُرُوِّقَ	يُتَرَوَّقُ
تريث	تَرَيَّثَ	يَتَرَيَّثُ	-	-
تزاحم	تَزَاحَمَ	يَتَزَاحَمُ	تُزُوحِمَ	يُتَزَاحَمُ
تزامن	تَزَامَنَ	يَتَزَامَنُ	-	-
تزحزح	تَزَحْزَحَ	يَتَزَحْزَحُ	تُزُحْزِحَ	يُتَزَحْزَحُ
تزحلق	تَزَحْلَقَ	يَتَزَحْلَقُ	تُزُحْلِقَ	يُتَزَحْلَقُ
تزخرف	تَزَخْرَفَ	يَتَزَخْرَفُ	تُزُخْرِفَ	يُتَزَخْرَفُ
تزعزع	تَزَعْزَعَ	يَتَزَعْزَعُ	تُزُعْزِعَ	يُتَزَعْزَعُ
تزعم	تَزَعَّمَ	يَتَزَعَّمُ	تُزُعِّمَ	يُتَزَعَّمُ
تزكى	تَزَكَّى	يَتَزَكَّى	تُزُكِّيَ	يُتَزَكَّى
تزلج	تَزَلَّجَ	يَتَزَلَّجُ	تُزُلِّجَ	يُتَزَلَّجُ
تزلزل	تَزَلْزَلَ	يَتَزَلْزَلُ	تُزُلْزِلَ	يُتَزَلْزَلُ
تزمت	تَزَمَّتَ	يَتَزَمَّتُ	-	-
تزندق	تَزَنْدَقَ	يَتَزَنْدَقُ	تُزُنْدِقَ	يُتَزَنْدَقُ
تزنر	تَزَنَّرَ	يَتَزَنَّرُ	-	-
تزوج	تَزَوَّجَ	يَتَزَوَّجُ	تُزُوِّجَ	يُتَزَوَّجُ
تزوى	تَزَوَّى	يَتَزَوَّى	تُزُوِّيَ	يُتَزَوَّى
تزيا	تَزَيَّا	يَتَزَيَّا	تُزُيِّيَ	يُتَزَيَّا
تزين	تَزَيَّنَ	يَتَزَيَّنُ	تُزُيِّنَ	يُتَزَيَّنُ
تساءل	تَسَاءَلَ	يَتَسَاءَلُ	تُسُوئِلَ	يُتَسَاءَلُ
تسابق	تَسَابَقَ	يَتَسَابَقُ	-	-
تسابى	تَسَابَى	يَتَسَابَى	-	-
تساقط	تَسَاقَطَ	يَتَسَاقَطُ	تُسُوقِطَ	يُتَسَاقَطُ
تساكن	تَسَاكَنَ	يَتَسَاكَنُ	تُسُوكِنَ	يُتَسَاكَنُ
تسامح	تَسَامَحَ	يَتَسَامَحُ	-	-
تسامر	تَسَامَرَ	يَتَسَامَرُ	-	-
تسامع	تَسَامَعَ	يَتَسَامَعُ	-	-
تسامى	تَسَامَى	يَتَسَامَى	تُسُومِيَ	يُتَسَامَى
تساند	تَسَانَدَ	يَتَسَانَدُ	تُسُونِدَ	يُتَسَانَدُ
تساهل	تَسَاهَلَ	يَتَسَاهَلُ	تُسُوهِلَ	يُتَسَاهَلُ
تساهم	تَسَاهَمَ	يَتَسَاهَمُ	-	-
تساوق	تَسَاوَقَ	يَتَسَاوَقُ	تُسُووِقَ	يُتَسَاوَقُ
تساوم	تَسَاوَمَ	يَتَسَاوَمُ	تُسُووِمَ	يُتَسَاوَمُ
تساوى	تَسَاوَى	يَتَسَاوَى	-	-
تسايف	تَسَايَفَ	يَتَسَايَفُ	تُسُويِفَ	يُتَسَايَفُ
تسبب	تَسَبَّبَ	يَتَسَبَّبُ	-	-
تسبسب	تَسَبْسَبَ	يَتَسَبْسَبُ	-	-
تستر	تَسَتَّرَ	يَتَسَتَّرُ	تُسُتِّرَ	يُتَسَتَّرُ
تسحر	تَسَحَّرَ	يَتَسَحَّرُ	-	-
تسرب	تَسَرَّبَ	يَتَسَرَّبُ	تُسُرِّبَ	يُتَسَرَّبُ
تسرى	تَسَرَّى	يَتَسَرَّى	تُسُرِّيَ	يُتَسَرَّى
تسكع	تَسَكَّعَ	يَتَسَكَّعُ	-	-
تسكن	تَسَكَّنَ	يَتَسَكَّنُ	-	-
تسلب	تَسَلَّبَ	يَتَسَلَّبُ	-	-
تسلح	تَسَلَّحَ	يَتَسَلَّحُ	تُسُلِّحَ	يُتَسَلَّحُ
تسلط	تَسَلَّطَ	يَتَسَلَّطُ	تُسُلِّطَ	يُتَسَلَّطُ
تسلف	تَسَلَّفَ	يَتَسَلَّفُ	تُسُلِّفَ	يُتَسَلَّفُ
تسلق	تَسَلَّقَ	يَتَسَلَّقُ	تُسُلِّقَ	يُتَسَلَّقُ
تسلل	تَسَلَّلَ	يَتَسَلَّلُ	تُسُلِّلَ	يُتَسَلَّلُ
تسلم	تَسَلَّمَ	يَتَسَلَّمُ	تُسُلِّمَ	يُتَسَلَّمُ
تسلى	تَسَلَّى	يَتَسَلَّى	-	-
تسمع	تَسَمَّعَ	يَتَسَمَّعُ	تُسُمِّعَ	يُتَسَمَّعُ
تسمم	تَسَمَّمَ	يَتَسَمَّمُ	-	-
تسمى	تَسَمَّى	يَتَسَمَّى	تُسُمِّيَ	يُتَسَمَّى
تسنم	تَسَنَّمَ	يَتَسَنَّمُ	تُسُنِّمَ	يُتَسَنَّمُ
تسنن	تَسَنَّنَ	يَتَسَنَّنُ	تُسُنِّنَ	يُتَسَنَّنُ
تسنى	تَسَنَّى	يَتَسَنَّى	-	-
تسوس	تَسَوَّسَ	يَتَسَوَّسُ	-	-
تسوق	تَسَوَّقَ	يَتَسَوَّقُ	تُسُوِّقَ	يُتَسَوَّقُ
تسوك	تَسَوَّكَ	يَتَسَوَّكُ	-	-
تسول	تَسَوَّلَ	يَتَسَوَّلُ	تُسُوِّلَ	يُتَسَوَّلُ
تسيس	تَسَيَّسَ	يَتَسَيَّسُ	-	-
تشاءم	تَشَاءَمَ	يَتَشَاءَمُ	تُشُوئِمَ	يُتَشَاءَمُ
تشاءى	تَشَاءَى	يَتَشَاءَى	-	-
تشابك	تَشَابَكَ	يَتَشَابَكُ	تُشُوبِكَ	يُتَشَابَكُ
تشابه	تَشَابَهَ	يَتَشَابَهُ	تُشُوبِهَ	يُتَشَابَهُ
تشاتم	تَشَاتَمَ	يَتَشَاتَمُ	-	-
تشاجر	تَشَاجَرَ	يَتَشَاجَرُ	تُشُوجِرَ	يُتَشَاجَرُ
تشاد	تَشَادَّ	يَتَشَادُّ	-	-
تشارك	تَشَارَكَ	يَتَشَارَكُ	تُشُورِكَ	يُتَشَارَكُ
تشاطر	تَشَاطَرَ	يَتَشَاطَرُ	-	-
تشاعر	تَشَاعَرَ	يَتَشَاعَرُ	-	-
تشاغل	تَشَاغَلَ	يَتَشَاغَلُ	تُشُوغِلَ	يُتَشَاغَلُ
تشامخ	تَشَامَخَ	يَتَشَامَخُ	تُشُومِخَ	يُتَشَامَخُ
تشانأ	تَشَانَأَ	يَتَشَانَأُ	-	-
تشاوش	تَشَاوَشَ	يَتَشَاوَشُ	-	-
تشاوظ	تَشَاوَظَ	يَتَشَاوَظُ	تُشُووِظَ	يُتَشَاوَظُ
تشايظ	تَشَايَظَ	يَتَشَايَظُ	تُشُويِظَ	يُتَشَايَظُ
تشبب	تَشَبَّبَ	يَتَشَبَّبُ	-	-
تشبث	تَشَبَّثَ	يَتَشَبَّثُ	تُشُبِّثَ	يُتَشَبَّثُ
تشبع	تَشَبَّعَ	يَتَشَبَّعُ	تُشُبِّعَ	يُتَشَبَّعُ
تشجر	تَشَجَّرَ	يَتَشَجَّرُ	تُشُجِّرَ	يُتَشَجَّرُ
تشجع	تَشَجَّعَ	يَتَشَجَّعُ	-	-
تشخبط	تَشَخْبَطَ	يَتَشَخْبَطُ	تُشُخْبِطَ	يُتَشَخْبَطُ
تشخص	تَشَخَّصَ	يَتَشَخَّصُ	تُشُخِّصَ	يُتَشَخَّصُ
تشدد	تَشَدَّدَ	يَتَشَدَّدُ	تُشُدِّدَ	يُتَشَدَّدُ
تشدق	تَشَدَّقَ	يَتَشَدَّقُ	-	-
تشرد	تَشَرَّدَ	يَتَشَرَّدُ	تُشُرِّدَ	يُتَشَرَّدُ
تشرذم	تَشَرْذَمَ	يَتَشَرْذَمُ	تُشُرْذِمَ	يُتَشَرْذَمُ
تشرف	تَشَرَّفَ	يَتَشَرَّفُ	-	-
تشعب	تَشَعَّبَ	يَتَشَعَّبُ	تُشُعِّبَ	يُتَشَعَّبُ
تشكر	تَشَكَّرَ	يَتَشَكَّرُ	تُشُكِّرَ	يُتَشَكَّرُ
تشمت	تَشَمَّتَ	يَتَشَمَّتُ	تُشُمِّتَ	يُتَشَمَّتُ
تشمم	تَشَمَّمَ	يَتَشَمَّمُ	تُشُمِّمَ	يُتَشَمَّمُ
تشنج	تَشَنَّجَ	يَتَشَنَّجُ	-	-
تشهد	تَشَهَّدَ	يَتَشَهَّدُ	تُشُهِّدَ	يُتَشَهَّدُ
تشهل	تَشَهَّلَ	يَتَشَهَّلُ	-	-
تشوش	تَشَوَّشَ	يَتَشَوَّشُ	تُشُوِّشَ	يُتَشَوَّشُ
تشوق	تَشَوَّقَ	يَتَشَوَّقُ	تُشُوِّقَ	يُتَشَوَّقُ
تشوه	تَشَوَّهَ	يَتَشَوَّهُ	تُشُوِّهَ	يُتَشَوَّهُ
تشيأ	تَشَيَّأَ	يَتَشَيَّأُ	تُشُيِّئَ	يُتَشَيَّأُ
تشيطن	تَشَيْطَنَ	يَتَشَيْطَنُ	تُشُوطِنَ	يُتَشَيْطَنُ
تشيع	تَشَيَّعَ	يَتَشَيَّعُ	تُشُيِّعَ	يُتَشَيَّعُ
تصاءى	تَصَاءَى	يَتَصَاءَى	تُصُوئِيَ	يُتَصَاءَى
تصاب	تَصَابَّ	يَتَصَابُّ	تُصُوبَّ	يُتَصَابُّ
تصابر	تَصَابَرَ	يَتَصَابَرُ	تُصُوبِرَ	يُتَصَابَرُ
تصادر	تَصَادَرَ	يَتَصَادَرُ	تُصُودِرَ	يُتَصَادَرُ
تصادف	تَصَادَفَ	يَتَصَادَفُ	-	-
تصادق	تَصَادَقَ	يَتَصَادَقُ	تُصُودِقَ	يُتَصَادَقُ
تصادم	تَصَادَمَ	يَتَصَادَمُ	تُصُودِمَ	يُتَصَادَمُ
تصارع	تَصَارَعَ	يَتَصَارَعُ	تُصُورِعَ	يُتَصَارَعُ
تصاعب	تَصَاعَبَ	يَتَصَاعَبُ	تُصُوعِبَ	يُتَصَاعَبُ
تصاعد	تَصَاعَدَ	يَتَصَاعَدُ	تُصُوعِدَ	يُتَصَاعَدُ
تصافح	تَصَافَحَ	يَتَصَافَحُ	تُصُوفِحَ	يُتَصَافَحُ
تصالح	تَصَالَحَ	يَتَصَالَحُ	تُصُولِحَ	يُتَصَالَحُ
تصبب	تَصَبَّبَ	يَتَصَبَّبُ	تُصُبِّبَ	يُتَصَبَّبُ
تصبح	تَصَبَّحَ	يَتَصَبَّحُ	تُصُبِّحَ	يُتَصَبَّحُ
تصبر	تَصَبَّرَ	يَتَصَبَّرُ	تُصُبِّرَ	يُتَصَبَّرُ
تصبصب	تَصَبْصَبَ	يَتَصَبْصَبُ	تُصُبْصِبَ	يُتَصَبْصَبُ
تصتم	تَصَتَّمَ	يَتَصَتَّمُ	تُصُتِّمَ	يُتَصَتَّمُ
تصحر	تَصَحَّرَ	يَتَصَحَّرُ	-	-
تصحف	تَصَحَّفَ	يَتَصَحَّفُ	تُصُحِّفَ	يُتَصَحَّفُ
تصدر	تَصَدَّرَ	يَتَصَدَّرُ	تُصُدِّرَ	يُتَصَدَّرُ
تصدق	تَصَدَّقَ	يَتَصَدَّقُ	تُصُدِّقَ	يُتَصَدَّقُ
تصدى	تَصَدَّى	يَتَصَدَّى	تُصُدِّيَ	يُتَصَدَّى
تصرف	تَصَرَّفَ	يَتَصَرَّفُ	-	-
تصعد	تَصَعَّدَ	يَتَصَعَّدُ	-	-
تصفح	تَصَفَّحَ	يَتَصَفَّحُ	تُصُفِّحَ	يُتَصَفَّحُ
تصفق	تَصَفَّقَ	يَتَصَفَّقُ	تُصُفِّقَ	يُتَصَفَّقُ
تصلب	تَصَلَّبَ	يَتَصَلَّبُ	-	-
تصلى	تَصَلَّى	يَتَصَلَّى	تُصُلِّيَ	يُتَصَلَّى
تصنع	تَصَنَّعَ	يَتَصَنَّعُ	تُصُنِّعَ	يُتَصَنَّعُ
تصهين	تَصَهْيَنَ	يَتَصَهْيَنُ	تُصُهْيِنَ	يُتَصَهْيَنُ
تصور	تَصَوَّرَ	يَتَصَوَّرُ	تُصُوِّرَ	يُتَصَوَّرُ
تصوف	تَصَوَّفَ	يَتَصَوَّفُ	تُصُوِّفَ	يُتَصَوَّفُ
تضاءل	تَضَاءَلَ	يَتَضَاءَلُ	تُضُوئِلَ	يُتَضَاءَلُ
تضاد	تَضَادَّ	يَتَضَادُّ	-	-
تضادد	تَضَادَدَ	يَتَضَادَدُ	-	-
تضارب	تَضَارَبَ	يَتَضَارَبُ	-	-
تضاعف	تَضَاعَفَ	يَتَضَاعَفُ	تُضُوعِفَ	يُتَضَاعَفُ
تضام	تَضَامَّ	يَتَضَامُّ	تُضُومَّ	يُتَضَامُّ
تضامن	تَضَامَنَ	يَتَضَامَنُ	تُضُومِنَ	يُتَضَامَنُ
تضايق	تَضَايَقَ	يَتَضَايَقُ	-	-
تضجع	تَضَجَّعَ	يَتَضَجَّعُ	تُضُجِّعَ	يُتَضَجَّعُ
تضخم	تَضَخَّمَ	يَتَضَخَّمُ	-	-
تضرر	تَضَرَّرَ	يَتَضَرَّرُ	-	-
تضرم	تَضَرَّمَ	يَتَضَرَّمُ	-	-
تضمد	تَضَمَّدَ	يَتَضَمَّدُ	-	-
تضمن	تَضَمَّنَ	يَتَضَمَّنُ	تُضُمِّنَ	يُتَضَمَّنُ
تضوأ	تَضَوَّأَ	يَتَضَوَّأُ	تُضُوِّئَ	يُتَضَوَّأُ
تضيق	تَضَيَّقَ	يَتَضَيَّقُ	-	-
تطأمن	تَطَأْمَنَ	يَتَطَأْمَنُ	تُطُؤْمِنَ	يُتَطَأْمَنُ
تطارح	تَطَارَحَ	يَتَطَارَحُ	تُطُورِحَ	يُتَطَارَحُ
تطارد	تَطَارَدَ	يَتَطَارَدُ	تُطُورِدَ	يُتَطَارَدُ
تطاعم	تَطَاعَمَ	يَتَطَاعَمُ	-	-
تطاول	تَطَاوَلَ	يَتَطَاوَلُ	تُطُووِلَ	يُتَطَاوَلُ
تطاير	تَطَايَرَ	يَتَطَايَرُ	-	-
تطبب	تَطَبَّبَ	يَتَطَبَّبُ	-	-
تطرح	تَطَرَّحَ	يَتَطَرَّحُ	تُطُرِّحَ	يُتَطَرَّحُ
تطرف	تَطَرَّفَ	يَتَطَرَّفُ	-	-
تطرق	تَطَرَّقَ	يَتَطَرَّقُ	تُطُرِّقَ	يُتَطَرَّقُ
تطفل	تَطَفَّلَ	يَتَطَفَّلُ	تُطُفِّلَ	يُتَطَفَّلُ
تطلب	تَطَلَّبَ	يَتَطَلَّبُ	تُطُلِّبَ	يُتَطَلَّبُ
تطلع	تَطَلَّعَ	يَتَطَلَّعُ	تُطُلِّعَ	يُتَطَلَّعُ
تطهر	تَطَهَّرَ	يَتَطَهَّرُ	تُطُهِّرَ	يُتَطَهَّرُ
تطور	تَطَوَّرَ	يَتَطَوَّرُ	-	-
تطوع	تَطَوَّعَ	يَتَطَوَّعُ	تُطُوِّعَ	يُتَطَوَّعُ
تطول	تَطَوَّلَ	يَتَطَوَّلُ	تُطُوِّلَ	يُتَطَوَّلُ
تطوى	تَطَوَّى	يَتَطَوَّى	-	-
تطير	تَطَيَّرَ	يَتَطَيَّرُ	-	-
تظاهر	تَظَاهَرَ	يَتَظَاهَرُ	تُظُوهِرَ	يُتَظَاهَرُ
تظلم	تَظَلَّمَ	يَتَظَلَّمُ	تُظُلِّمَ	يُتَظَلَّمُ
تعادل	تَعَادَلَ	يَتَعَادَلُ	-	-
تعادى	تَعَادَى	يَتَعَادَى	تُعُودِيَ	يُتَعَادَى
تعارض	تَعَارَضَ	يَتَعَارَضُ	تُعُورِضَ	يُتَعَارَضُ
تعارف	تَعَارَفَ	يَتَعَارَفُ	تُعُورِفَ	يُتَعَارَفُ
تعارك	تَعَارَكَ	يَتَعَارَكُ	تُعُورِكَ	يُتَعَارَكُ
تعازى	تَعَازَى	يَتَعَازَى	-	-
تعاصر	تَعَاصَرَ	يَتَعَاصَرُ	-	-
تعاضد	تَعَاضَدَ	يَتَعَاضَدُ	تُعُوضِدَ	يُتَعَاضَدُ
تعاطف	تَعَاطَفَ	يَتَعَاطَفُ	-	-
تعاطى	تَعَاطَى	يَتَعَاطَى	تُعُوطِيَ	يُتَعَاطَى
تعاظم	تَعَاظَمَ	يَتَعَاظَمُ	تُعُوظِمَ	يُتَعَاظَمُ
تعافى	تَعَافَى	يَتَعَافَى	تُعُوفِيَ	يُتَعَافَى
تعاقب	تَعَاقَبَ	يَتَعَاقَبُ	تُعُوقِبَ	يُتَعَاقَبُ
تعاقد	تَعَاقَدَ	يَتَعَاقَدُ	تُعُوقِدَ	يُتَعَاقَدُ
تعاقل	تَعَاقَلَ	يَتَعَاقَلُ	-	-
تعاكس	تَعَاكَسَ	يَتَعَاكَسُ	-	-
تعال	تَعَالَّ	يَتَعَالُّ	تُعُولَّ	يُتَعَالُّ
تعالج	تَعَالَجَ	يَتَعَالَجُ	تُعُولِجَ	يُتَعَالَجُ
تعالق	تَعَالَقَ	يَتَعَالَقُ	-	-
تعالم	تَعَالَمَ	يَتَعَالَمُ	تُعُولِمَ	يُتَعَالَمُ
تعالى	تَعَالَى	يَتَعَالَى	تُعُولِيَ	يُتَعَالَى
تعامل	تَعَامَلَ	يَتَعَامَلُ	تُعُومِلَ	يُتَعَامَلُ
تعامى	تَعَامَى	يَتَعَامَى	تُعُومِيَ	يُتَعَامَى
تعانق	تَعَانَقَ	يَتَعَانَقُ	-	-
تعاهد	تَعَاهَدَ	يَتَعَاهَدُ	تُعُوهِدَ	يُتَعَاهَدُ
تعاوض	تَعَاوَضَ	يَتَعَاوَضُ	تُعُووِضَ	يُتَعَاوَضُ
تعاون	تَعَاوَنَ	يَتَعَاوَنُ	تُعُووِنَ	يُتَعَاوَنُ
تعايا	تَعَايَا	يَتَعَايَا	تُعُويِيَ	يُتَعَايَا
تعاير	تَعَايَرَ	يَتَعَايَرُ	تُعُويِرَ	يُتَعَايَرُ
تعايش	تَعَايَشَ	يَتَعَايَشُ	تُعُويِشَ	يُتَعَايَشُ
تعب	تَعِبَ	يَتْعَبُ	تُعِبَ	يُتْعَبُ
تعبد	تَعَبَّدَ	يَتَعَبَّدُ	تُعُبِّدَ	يُتَعَبَّدُ
تعتع	تَعْتَعَ	يُتَعْتِعُ	تُعْتِعَ	يُتَعْتَعُ
تعثر	تَعَثَّرَ	يَتَعَثَّرُ	تُعُثِّرَ	يُتَعَثَّرُ
تعجب	تَعَجَّبَ	يَتَعَجَّبُ	تُعُجِّبَ	يُتَعَجَّبُ
تعجر	تَعَجَّرَ	يَتَعَجَّرُ	-	-
تعجرف	تَعَجْرَفَ	يَتَعَجْرَفُ	تُعُجْرِفَ	يُتَعَجْرَفُ
تعجل	تَعَجَّلَ	يَتَعَجَّلُ	تُعُجِّلَ	يُتَعَجَّلُ
تعدد	تَعَدَّدَ	يَتَعَدَّدُ	-	-
تعدل	تَعَدَّلَ	يَتَعَدَّلُ	تُعُدِّلَ	يُتَعَدَّلُ
تعدن	تَعَدَّنَ	يَتَعَدَّنُ	-	-
تعدى	تَعَدَّى	يَتَعَدَّى	تُعُدِّيَ	يُتَعَدَّى
تعذب	تَعَذَّبَ	يَتَعَذَّبُ	تُعُذِّبَ	يُتَعَذَّبُ
تعذر	تَعَذَّرَ	يَتَعَذَّرُ	-	-
تعرب	تَعَرَّبَ	يَتَعَرَّبُ	تُعُرِّبَ	يُتَعَرَّبُ
تعرج	تَعَرَّجَ	يَتَعَرَّجُ	تُعُرِّجَ	يُتَعَرَّجُ
تعرض	تَعَرَّضَ	يَتَعَرَّضُ	تُعُرِّضَ	يُتَعَرَّضُ
تعرف	تَعَرَّفَ	يَتَعَرَّفُ	تُعُرِّفَ	يُتَعَرَّفُ
تعرق	تَعَرَّقَ	يَتَعَرَّقُ	-	-
تعرقب	تَعَرْقَبَ	يَتَعَرْقَبُ	تُعُرْقِبَ	يُتَعَرْقَبُ
تعرى	تَعَرَّى	يَتَعَرَّى	-	-
تعزب	تَعَزَّبَ	يَتَعَزَّبُ	تُعُزِّبَ	يُتَعَزَّبُ
تعزل	تَعَزَّلَ	يَتَعَزَّلُ	تُعُزِّلَ	يُتَعَزَّلُ
تعزم	تَعَزَّمَ	يَتَعَزَّمُ	تُعُزِّمَ	يُتَعَزَّمُ
تعس	تَعَسَ	يَتْعَسُ	تُعِسَ	يُتْعَسُ
تعسف	تَعَسَّفَ	يَتَعَسَّفُ	تُعُسِّفَ	يُتَعَسَّفُ
تعشق	تَعَشَّقَ	يَتَعَشَّقُ	تُعُشِّقَ	يُتَعَشَّقُ
تعشم	تَعَشَّمَ	يَتَعَشَّمُ	-	-
تعشن	تَعَشَّنَ	يَتَعَشَّنُ	تُعُشِّنَ	يُتَعَشَّنُ
تعشى	تَعَشَّى	يَتَعَشَّى	تُعُشِّيَ	يُتَعَشَّى
تعصب	تَعَصَّبَ	يَتَعَصَّبُ	-	-
تعصر	تَعَصَّرَ	يَتَعَصَّرُ	تُعُصِّرَ	يُتَعَصَّرُ
تعطر	تَعَطَّرَ	يَتَعَطَّرُ	-	-
تعطش	تَعَطَّشَ	يَتَعَطَّشُ	تُعُطِّشَ	يُتَعَطَّشُ
تعطل	تَعَطَّلَ	يَتَعَطَّلُ	تُعُطِّلَ	يُتَعَطَّلُ
تعطى	تَعَطَّى	يَتَعَطَّى	تُعُطِّيَ	يُتَعَطَّى
تعفج	تَعَفَّجَ	يَتَعَفَّجُ	تُعُفِّجَ	يُتَعَفَّجُ
تعفن	تَعَفَّنَ	يَتَعَفَّنُ	-	-
تعقب	تَعَقَّبَ	يَتَعَقَّبُ	تُعُقِّبَ	يُتَعَقَّبُ
تعقد	تَعَقَّدَ	يَتَعَقَّدُ	-	-
تعلق	تَعَلَّقَ	يَتَعَلَّقُ	تُعُلِّقَ	يُتَعَلَّقُ
تعلل	تَعَلَّلَ	يَتَعَلَّلُ	-	-
تعلم	تَعَلَّمَ	يَتَعَلَّمُ	تُعُلِّمَ	يُتَعَلَّمُ
تعمد	تَعَمَّدَ	يَتَعَمَّدُ	تُعُمِّدَ	يُتَعَمَّدُ
تعمر	تَعَمَّرَ	يَتَعَمَّرُ	تُعُمِّرَ	يُتَعَمَّرُ
تعمق	تَعَمَّقَ	يَتَعَمَّقُ	تُعُمِّقَ	يُتَعَمَّقُ
تعمل	تَعَمَّلَ	يَتَعَمَّلُ	تُعُمِّلَ	يُتَعَمَّلُ
تعمى	تَعَمَّى	يَتَعَمَّى	تُعُمِّيَ	يُتَعَمَّى
تعنت	تَعَنَّتَ	يَتَعَنَّتُ	-	-
تعهد	تَعَهَّدَ	يَتَعَهَّدُ	تُعُهِّدَ	يُتَعَهَّدُ
تعوض	تَعَوَّضَ	يَتَعَوَّضُ	تُعُوِّضَ	يُتَعَوَّضُ
تعوق	تَعَوَّقَ	يَتَعَوَّقُ	-	-
تعيا	تَعَيَّا	يَتَعَيَّا	تُعُيِّيَ	يُتَعَيَّا
تعين	تَعَيَّنَ	يَتَعَيَّنُ	تُعُيِّنَ	يُتَعَيَّنُ
تغابن	تَغَابَنَ	يَتَغَابَنُ	تُغُوبِنَ	يُتَغَابَنُ
تغابى	تَغَابَى	يَتَغَابَى	تُغُوبِيَ	يُتَغَابَى
تغاضى	تَغَاضَى	يَتَغَاضَى	تُغُوضِيَ	يُتَغَاضَى
تغافل	تَغَافَلَ	يَتَغَافَلُ	تُغُوفِلَ	يُتَغَافَلُ
تغايا	تَغَايَا	يَتَغَايَا	تُغُويِيَ	يُتَغَايَا
تغدى	تَغَدَّى	يَتَغَدَّى	تُغُدِّيَ	يُتَغَدَّى
تغرغر	تَغَرْغَرَ	يَتَغَرْغَرُ	-	-
تغزل	تَغَزَّلَ	يَتَغَزَّلُ	تُغُزِّلَ	يُتَغَزَّلُ
تغطرس	تَغَطْرَسَ	يَتَغَطْرَسُ	تُغُطْرِسَ	يُتَغَطْرَسُ
تغطى	تَغَطَّى	يَتَغَطَّى	تُغُطِّيَ	يُتَغَطَّى
تغلب	تَغَلَّبَ	يَتَغَلَّبُ	تُغُلِّبَ	يُتَغَلَّبُ
تغلغل	تَغَلْغَلَ	يَتَغَلْغَلُ	تُغُلْغِلَ	يُتَغَلْغَلُ
تغمم	تَغَمَّمَ	يَتَغَمَّمُ	-	-
تغنى	تَغَنَّى	يَتَغَنَّى	تُغُنِّيَ	يُتَغَنَّى
تغوط	تَغَوَّطَ	يَتَغَوَّطُ	-	-
تغيب	تَغَيَّبَ	يَتَغَيَّبُ	تُغُيِّبَ	يُتَغَيَّبُ
تغير	تَغَيَّرَ	يَتَغَيَّرُ	تُغُيِّرَ	يُتَغَيَّرُ
تفاءل	تَفَاءَلَ	يَتَفَاءَلُ	تُفُوئِلَ	يُتَفَاءَلُ
تفاجأ	تَفَاجَأَ	يَتَفَاجَأُ	تُفُوجِئَ	يُتَفَاجَأُ
تفاخر	تَفَاخَرَ	يَتَفَاخَرُ	تُفُوخِرَ	يُتَفَاخَرُ
تفادى	تَفَادَى	يَتَفَادَى	تُفُودِيَ	يُتَفَادَى
تفارق	تَفَارَقَ	يَتَفَارَقُ	تُفُورِقَ	يُتَفَارَقُ
تفاضل	تَفَاضَلَ	يَتَفَاضَلُ	تُفُوضِلَ	يُتَفَاضَلُ
تفاعل	تَفَاعَلَ	يَتَفَاعَلُ	تُفُوعِلَ	يُتَفَاعَلُ
تفاقم	تَفَاقَمَ	يَتَفَاقَمُ	-	-
تفانى	تَفَانَى	يَتَفَانَى	تُفُونِيَ	يُتَفَانَى
تفاهم	تَفَاهَمَ	يَتَفَاهَمُ	تُفُوهِمَ	يُتَفَاهَمُ
تفاوت	تَفَاوَتَ	يَتَفَاوَتُ	تُفُووِتَ	يُتَفَاوَتُ
تفاوض	تَفَاوَضَ	يَتَفَاوَضُ	تُفُووِضَ	يُتَفَاوَضُ
تفتت	تَفَتَّتَ	يَتَفَتَّتُ	-	-
تفتح	تَفَتَّحَ	يَتَفَتَّحُ	-	-
تفجر	تَفَجَّرَ	يَتَفَجَّرُ	-	-
تفحص	تَفَحَّصَ	يَتَفَحَّصُ	تُفُحِّصَ	يُتَفَحَّصُ
تفحم	تَفَحَّمَ	يَتَفَحَّمُ	تُفُحِّمَ	يُتَفَحَّمُ
تفرج	تَفَرَّجَ	يَتَفَرَّجُ	-	-
تفرد	تَفَرَّدَ	يَتَفَرَّدُ	تُفُرِّدَ	يُتَفَرَّدُ
تفرس	تَفَرَّسَ	يَتَفَرَّسُ	تُفُرِّسَ	يُتَفَرَّسُ
تفرع	تَفَرَّعَ	يَتَفَرَّعُ	-	-
تفرعن	تَفَرْعَنَ	يَتَفَرْعَنُ	-	-
تفرغ	تَفَرَّغَ	يَتَفَرَّغُ	تُفُرِّغَ	يُتَفَرَّغُ
تفرق	تَفَرَّقَ	يَتَفَرَّقُ	-	-
تفرنس	تَفَرْنَسَ	يَتَفَرْنَسُ	تُفُرْنِسَ	يُتَفَرْنَسُ
تفسخ	تَفَسَّخَ	يَتَفَسَّخُ	-	-
تفشى	تَفَشَّى	يَتَفَشَّى	تُفُشِّيَ	يُتَفَشَّى
تفصح	تَفَصَّحَ	يَتَفَصَّحُ	تُفُصِّحَ	يُتَفَصَّحُ
تفضل	تَفَضَّلَ	يَتَفَضَّلُ	تُفُضِّلَ	يُتَفَضَّلُ
تفطر	تَفَطَّرَ	يَتَفَطَّرُ	-	-
تفقأ	تَفَقَّأَ	يَتَفَقَّأُ	تُفُقِّئَ	يُتَفَقَّأُ
تفقد	تَفَقَّدَ	يَتَفَقَّدُ	تُفُقِّدَ	يُتَفَقَّدُ
تفكر	تَفَكَّرَ	يَتَفَكَّرُ	تُفُكِّرَ	يُتَفَكَّرُ
تفكك	تَفَكَّكَ	يَتَفَكَّكُ	-	-
تفلت	تَفَلَّتَ	يَتَفَلَّتُ	تُفُلِّتَ	يُتَفَلَّتُ
تفلسف	تَفَلْسَفَ	يَتَفَلْسَفُ	-	-
تفلق	تَفَلَّقَ	يَتَفَلَّقُ	-	-
تفلور	تَفَلْوَرَ	يَتَفَلْوَرُ	تُفُلْوِرَ	يُتَفَلْوَرُ
تفنن	تَفَنَّنَ	يَتَفَنَّنُ	تُفُنِّنَ	يُتَفَنَّنُ
تفهم	تَفَهَّمَ	يَتَفَهَّمُ	تُفُهِّمَ	يُتَفَهَّمُ
تفوق	تَفَوَّقَ	يَتَفَوَّقُ	تُفُوِّقَ	يُتَفَوَّقُ
تفيهق	تَفَيْهَقَ	يَتَفَيْهَقُ	تُفُوهِقَ	يُتَفَيْهَقُ
تقابل	تَقَابَلَ	يَتَقَابَلُ	تُقُوبِلَ	يُتَقَابَلُ
تقاتل	تَقَاتَلَ	يَتَقَاتَلُ	تُقُوتِلَ	يُتَقَاتَلُ
تقادم	تَقَادَمَ	يَتَقَادَمُ	-	-
تقارب	تَقَارَبَ	يَتَقَارَبُ	تُقُورِبَ	يُتَقَارَبُ
تقارص	تَقَارَصَ	يَتَقَارَصُ	-	-
تقارض	تَقَارَضَ	يَتَقَارَضُ	تُقُورِضَ	يُتَقَارَضُ
تقارن	تَقَارَنَ	يَتَقَارَنُ	تُقُورِنَ	يُتَقَارَنُ
تقاسم	تَقَاسَمَ	يَتَقَاسَمُ	تُقُوسِمَ	يُتَقَاسَمُ
تقاص	تَقَاصَّ	يَتَقَاصُّ	-	-
تقاضى	تَقَاضَى	يَتَقَاضَى	تُقُوضِيَ	يُتَقَاضَى
تقاطر	تَقَاطَرَ	يَتَقَاطَرُ	تُقُوطِرَ	يُتَقَاطَرُ
تقاطع	تَقَاطَعَ	يَتَقَاطَعُ	تُقُوطِعَ	يُتَقَاطَعُ
تقاعد	تَقَاعَدَ	يَتَقَاعَدُ	تُقُوعِدَ	يُتَقَاعَدُ
تقاعس	تَقَاعَسَ	يَتَقَاعَسُ	تُقُوعِسَ	يُتَقَاعَسُ
تقامر	تَقَامَرَ	يَتَقَامَرُ	تُقُومِرَ	يُتَقَامَرُ
تقاوى	تَقَاوَى	يَتَقَاوَى	تُقُووِيَ	يُتَقَاوَى
تقايض	تَقَايَضَ	يَتَقَايَضُ	تُقُويِضَ	يُتَقَايَضُ
تقبض	تَقَبَّضَ	يَتَقَبَّضُ	تُقُبِّضَ	يُتَقَبَّضُ
تقبل	تَقَبَّلَ	يَتَقَبَّلُ	تُقُبِّلَ	يُتَقَبَّلُ
تقتل	تَقَتَّلَ	يَتَقَتَّلُ	تُقُتِّلَ	يُتَقَتَّلُ
تقدد	تَقَدَّدَ	يَتَقَدَّدُ	تُقُدِّدَ	يُتَقَدَّدُ
تقدر	تَقَدَّرَ	يَتَقَدَّرُ	تُقُدِّرَ	يُتَقَدَّرُ
تقدس	تَقَدَّسَ	يَتَقَدَّسُ	تُقُدِّسَ	يُتَقَدَّسُ
تقدم	تَقَدَّمَ	يَتَقَدَّمُ	تُقُدِّمَ	يُتَقَدَّمُ
تقرأ	تَقَرَّأَ	يَتَقَرَّأُ	تُقُرِّئَ	يُتَقَرَّأُ
تقرح	تَقَرَّحَ	يَتَقَرَّحُ	تُقُرِّحَ	يُتَقَرَّحُ
تقرر	تَقَرَّرَ	يَتَقَرَّرُ	تُقُرِّرَ	يُتَقَرَّرُ
تقزز	تَقَزَّزَ	يَتَقَزَّزُ	تُقُزِّزَ	يُتَقَزَّزُ
تقشر	تَقَشَّرَ	يَتَقَشَّرُ	-	-
تقشف	تَقَشَّفَ	يَتَقَشَّفُ	تُقُشِّفَ	يُتَقَشَّفُ
تقصى	تَقَصَّى	يَتَقَصَّى	تُقُصِّيَ	يُتَقَصَّى
تقضب	تَقَضَّبَ	يَتَقَضَّبُ	تُقُضِّبَ	يُتَقَضَّبُ
تقضى	تَقَضَّى	يَتَقَضَّى	تُقُضِّيَ	يُتَقَضَّى
تقطب	تَقَطَّبَ	يَتَقَطَّبُ	-	-
تقطر	تَقَطَّرَ	يَتَقَطَّرُ	تُقُطِّرَ	يُتَقَطَّرُ
تقلب	تَقَلَّبَ	يَتَقَلَّبُ	تُقُلِّبَ	يُتَقَلَّبُ
تقمص	تَقَمَّصَ	يَتَقَمَّصُ	تُقُمِّصَ	يُتَقَمَّصُ
تقنى	تَقَنَّى	يَتَقَنَّى	تُقُنِّيَ	يُتَقَنَّى
تقهقر	تَقَهْقَرَ	يَتَقَهْقَرُ	-	-
تقوض	تَقَوَّضَ	يَتَقَوَّضُ	تُقُوِّضَ	يُتَقَوَّضُ
تقول	تَقَوَّلَ	يَتَقَوَّلُ	تُقُوِّلَ	يُتَقَوَّلُ
تقوى	تَقَوَّى	يَتَقَوَّى	-	-
تقيأ	تَقَيَّأَ	يَتَقَيَّأُ	تُقُيِّئَ	يُتَقَيَّأُ
تقيح	تَقَيَّحَ	يَتَقَيَّحُ	تُقُيِّحَ	يُتَقَيَّحُ
تك	تَكَّ	يَتُكُّ	-	-
تكأكأ	تَكَأْكَأَ	يَتَكَأْكَأُ	تُكُؤْكِئَ	يُتَكَأْكَأُ
تكاتب	تَكَاتَبَ	يَتَكَاتَبُ	تُكُوتِبَ	يُتَكَاتَبُ
تكاتف	تَكَاتَفَ	يَتَكَاتَفُ	تُكُوتِفَ	يُتَكَاتَفُ
تكاثر	تَكَاثَرَ	يَتَكَاثَرُ	تُكُوثِرَ	يُتَكَاثَرُ
تكاسل	تَكَاسَلَ	يَتَكَاسَلُ	تُكُوسِلَ	يُتَكَاسَلُ
تكاشف	تَكَاشَفَ	يَتَكَاشَفُ	تُكُوشِفَ	يُتَكَاشَفُ
تكافأ	تَكَافَأَ	يَتَكَافَأُ	-	-
تكافر	تَكَافَرَ	يَتَكَافَرُ	تُكُوفِرَ	يُتَكَافَرُ
تكافل	تَكَافَلَ	يَتَكَافَلُ	تُكُوفِلَ	يُتَكَافَلُ
تكالب	تَكَالَبَ	يَتَكَالَبُ	تُكُولِبَ	يُتَكَالَبُ
تكالم	تَكَالَمَ	يَتَكَالَمُ	تُكُولِمَ	يُتَكَالَمُ
تكامل	تَكَامَلَ	يَتَكَامَلُ	-	-
تكبد	تَكَبَّدَ	يَتَكَبَّدُ	تُكُبِّدَ	يُتَكَبَّدُ
تكبر	تَكَبَّرَ	يَتَكَبَّرُ	تُكُبِّرَ	يُتَكَبَّرُ
تكتل	تَكَتَّلَ	يَتَكَتَّلُ	-	-
تكحل	تَكَحَّلَ	يَتَكَحَّلُ	تُكُحِّلَ	يُتَكَحَّلُ
تكدر	تَكَدَّرَ	يَتَكَدَّرُ	-	-
تكدس	تَكَدَّسَ	يَتَكَدَّسُ	-	-
تكذب	تَكَذَّبَ	يَتَكَذَّبُ	-	-
تكربن	تَكَرْبَنَ	يَتَكَرْبَنُ	تُكُرْبِنَ	يُتَكَرْبَنُ
تكرر	تَكَرَّرَ	يَتَكَرَّرُ	-	-
تكره	تَكَرَّهَ	يَتَكَرَّهُ	تُكُرِّهَ	يُتَكَرَّهُ
تكسب	تَكَسَّبَ	يَتَكَسَّبُ	تُكُسِّبَ	يُتَكَسَّبُ
تكسر	تَكَسَّرَ	يَتَكَسَّرُ	تُكُسِّرَ	يُتَكَسَّرُ
تكشف	تَكَشَّفَ	يَتَكَشَّفُ	تُكُشِّفَ	يُتَكَشَّفُ
تكفل	تَكَفَّلَ	يَتَكَفَّلُ	تُكُفِّلَ	يُتَكَفَّلُ
تكلف	تَكَلَّفَ	يَتَكَلَّفُ	تُكُلِّفَ	يُتَكَلَّفُ
تكلم	تَكَلَّمَ	يَتَكَلَّمُ	تُكُلِّمَ	يُتَكَلَّمُ
تكهرب	تَكَهْرَبَ	يَتَكَهْرَبُ	-	-
تكهن	تَكَهَّنَ	يَتَكَهَّنُ	تُكُهِّنَ	يُتَكَهَّنُ
تكورن	تَكَوْرَنَ	يَتَكَوْرَنُ	-	-
تكوسج	تَكَوْسَجَ	يَتَكَوْسَجُ	تُكُوسِجَ	يُتَكَوْسَجُ
تكوفد	تَكَوْفَدَ	يَتَكَوْفَدُ	-	-
تكون	تَكَوَّنَ	يَتَكَوَّنُ	-	-
تكيف	تَكَيَّفَ	يَتَكَيَّفُ	تُكُيِّفَ	يُتَكَيَّفُ
تل	تَلَّ	يَتِلُّ	تُلَّ	يُتَلُّ
تلا	تَلَا	يَتْلُو	تُلِيَ	يُتْلَى
تلاحم	تَلَاحَمَ	يَتَلَاحَمُ	تُلُوحِمَ	يُتَلَاحَمُ
تلازم	تَلَازَمَ	يَتَلَازَمُ	-	-
تلاشى	تَلَاشَى	يَتَلَاشَى	-	-
تلاصق	تَلَاصَقَ	يَتَلَاصَقُ	-	-
تلاعب	تَلَاعَبَ	يَتَلَاعَبُ	تُلُوعِبَ	يُتَلَاعَبُ
تلاقى	تَلَاقَى	يَتَلَاقَى	تُلُوقِيَ	يُتَلَاقَى
تلامس	تَلَامَسَ	يَتَلَامَسُ	تُلُومِسَ	يُتَلَامَسُ
تلاوم	تَلَاوَمَ	يَتَلَاوَمُ	-	-
تلبرل	تَلَبْرَلَ	يَتَلَبْرَلُ	تُلُبْرِلَ	يُتَلَبْرَلُ
تلثم	تَلَثَّمَ	يَتَلَثَّمُ	-	-
تلخص	تَلَخَّصَ	يَتَلَخَّصُ	تُلُخِّصَ	يُتَلَخَّصُ
تلدد	تَلَدَّدَ	يَتَلَدَّدُ	-	-
تلذذ	تَلَذَّذَ	يَتَلَذَّذُ	تُلُذِّذَ	يُتَلَذَّذُ
تلصص	تَلَصَّصَ	يَتَلَصَّصُ	تُلُصِّصَ	يُتَلَصَّصُ
تلطخ	تَلَطَّخَ	يَتَلَطَّخُ	-	-
تلظى	تَلَظَّى	يَتَلَظَّى	-	-
تلع	تَلِعَ	يَتْلَعُ	تُلِعَ	يُتْلَعُ
تلعب	تَلَعَّبَ	يَتَلَعَّبُ	تُلُعِّبَ	يُتَلَعَّبُ
تلعثم	تَلَعْثَمَ	يَتَلَعْثَمُ	-	-
تلف	تَلَّفَ	يُتَلِّفُ	تُلِّفَ	يُتَلَّفُ
تلفت	تَلَفَّتَ	يَتَلَفَّتُ	تُلُفِّتَ	يُتَلَفَّتُ
تلفز	تَلْفَزَ	يُتَلْفِزُ	تُلْفِزَ	يُتَلْفَزُ
تلفظ	تَلَفَّظَ	يَتَلَفَّظُ	-	-
تلفف	تَلَفَّفَ	يَتَلَفَّفُ	-	-
تلفن	تَلْفَنَ	يُتَلْفِنُ	تُلْفِنَ	يُتَلْفَنُ
تلقف	تَلَقَّفَ	يَتَلَقَّفُ	تُلُقِّفَ	يُتَلَقَّفُ
تلقى	تَلَقَّى	يَتَلَقَّى	تُلُقِّيَ	يُتَلَقَّى
تلهف	تَلَهَّفَ	يَتَلَهَّفُ	تُلُهِّفَ	يُتَلَهَّفُ
تلهم	تَلَهَّمَ	يَتَلَهَّمُ	تُلُهِّمَ	يُتَلَهَّمُ
تلهى	تَلَهَّى	يَتَلَهَّى	تُلُهِّيَ	يُتَلَهَّى
تلوث	تَلَوَّثَ	يَتَلَوَّثُ	-	-
تلون	تَلَوَّنَ	يَتَلَوَّنُ	-	-
تلوى	تَلَوَّى	يَتَلَوَّى	تُلُوِّيَ	يُتَلَوَّى
تلى	تَلَّى	يُتَلِّي	تُلِّيَ	يُتَلَّى
تم	تَمَّ	يَتِمُّ	تُمَّ	يُتَمُّ
تمأى	تَمَأَّى	يَتَمَأَّى	تُمُئِّيَ	يُتَمَأَّى
تماثل	تَمَاثَلَ	يَتَمَاثَلُ	تُمُوثِلَ	يُتَمَاثَلُ
تمادى	تَمَادَى	يَتَمَادَى	تُمُودِيَ	يُتَمَادَى
تمارض	تَمَارَضَ	يَتَمَارَضُ	-	-
تمازج	تَمَازَجَ	يَتَمَازَجُ	-	-
تماس	تَمَاسَّ	يَتَمَاسُّ	-	-
تماسس	تَمَاسَسَ	يَتَمَاسَسُ	-	-
تماسك	تَمَاسَكَ	يَتَمَاسَكُ	تُمُوسِكَ	يُتَمَاسَكُ
تماشى	تَمَاشَى	يَتَمَاشَى	-	-
تمالك	تَمَالَكَ	يَتَمَالَكُ	تُمُولِكَ	يُتَمَالَكُ
تماهى	تَمَاهَى	يَتَمَاهَى	-	-
تماوت	تَمَاوَتَ	يَتَمَاوَتُ	-	-
تمايز	تَمَايَزَ	يَتَمَايَزُ	-	-
تمايل	تَمَايَلَ	يَتَمَايَلُ	تُمُويِلَ	يُتَمَايَلُ
تمتع	تَمَتَّعَ	يَتَمَتَّعُ	تُمُتِّعَ	يُتَمَتَّعُ
تمتم	تَمْتَمَ	يُتَمْتِمُ	تُمْتِمَ	يُتَمْتَمُ
تمثل	تَمَثَّلَ	يَتَمَثَّلُ	تُمُثِّلَ	يُتَمَثَّلُ
تمجس	تَمَجَّسَ	يَتَمَجَّسُ	تُمُجِّسَ	يُتَمَجَّسُ
تمحك	تَمَحَّكَ	يَتَمَحَّكُ	-	-
تمحور	تَمَحْوَرَ	يَتَمَحْوَرُ	تُمُحْوِرَ	يُتَمَحْوَرُ
تمخض	تَمَخَّضَ	يَتَمَخَّضُ	تُمُخِّضَ	يُتَمَخَّضُ
تمخلب	تَمَخْلَبَ	يَتَمَخْلَبُ	تُمُخْلِبَ	يُتَمَخْلَبُ
تمدد	تَمَدَّدَ	يَتَمَدَّدُ	-	-
تمدن	تَمَدَّنَ	يَتَمَدَّنُ	-	-
تمذهب	تَمَذْهَبَ	يَتَمَذْهَبُ	تُمُذْهِبَ	يُتَمَذْهَبُ
تمرجل	تَمَرْجَلَ	يَتَمَرْجَلُ	تُمُرْجِلَ	يُتَمَرْجَلُ
تمرد	تَمَرَّدَ	يَتَمَرَّدُ	تُمُرِّدَ	يُتَمَرَّدُ
تمرقع	تَمَرْقَعَ	يَتَمَرْقَعُ	تُمُرْقِعَ	يُتَمَرْقَعُ
تمركز	تَمَرْكَزَ	يَتَمَرْكَزُ	تُمُرْكِزَ	يُتَمَرْكَزُ
تمرمغ	تَمَرْمَغَ	يَتَمَرْمَغُ	تُمُرْمِغَ	يُتَمَرْمَغُ
تمزق	تَمَزَّقَ	يَتَمَزَّقُ	-	-
تمسخر	تَمَسْخَرَ	يَتَمَسْخَرُ	-	-
تمسك	تَمَسَّكَ	يَتَمَسَّكُ	تُمُسِّكَ	يُتَمَسَّكُ
تمسكن	تَمَسْكَنَ	يَتَمَسْكَنُ	تُمُسْكِنَ	يُتَمَسْكَنُ
تمشدق	تَمَشْدَقَ	يَتَمَشْدَقُ	تُمُشْدِقَ	يُتَمَشْدَقُ
تمشى	تَمَشَّى	يَتَمَشَّى	تُمُشِّيَ	يُتَمَشَّى
تمصر	تَمَصَّرَ	يَتَمَصَّرُ	تُمُصِّرَ	يُتَمَصَّرُ
تمضمض	تَمَضْمَضَ	يَتَمَضْمَضُ	تُمُضْمِضَ	يُتَمَضْمَضُ
تمطط	تَمَطَّطَ	يَتَمَطَّطُ	تُمُطِّطَ	يُتَمَطَّطُ
تمطى	تَمَطَّى	يَتَمَطَّى	-	-
تمعن	تَمَعَّنَ	يَتَمَعَّنُ	تُمُعِّنَ	يُتَمَعَّنُ
تمكن	تَمَكَّنَ	يَتَمَكَّنُ	تُمُكِّنَ	يُتَمَكَّنُ
تملأ	تَمَلَّأَ	يَتَمَلَّأُ	تُمُلِّئَ	يُتَمَلَّأُ
تملص	تَمَلَّصَ	يَتَمَلَّصُ	تُمُلِّصَ	يُتَمَلَّصُ
تملغم	تَمَلْغَمَ	يَتَمَلْغَمُ	تُمُلْغِمَ	يُتَمَلْغَمُ
تملق	تَمَلَّقَ	يَتَمَلَّقُ	تُمُلِّقَ	يُتَمَلَّقُ
تململ	تَمَلْمَلَ	يَتَمَلْمَلُ	تُمُلْمِلَ	يُتَمَلْمَلُ
تمم	تَمَّمَ	يُتَمِّمُ	تُمِّمَ	يُتَمَّمُ
تمنطق	تَمَنْطَقَ	يَتَمَنْطَقُ	تُمُنْطِقَ	يُتَمَنْطَقُ
تمنع	تَمَنَّعَ	يَتَمَنَّعُ	تُمُنِّعَ	يُتَمَنَّعُ
تمنى	تَمَنَّى	يَتَمَنَّى	تُمُنِّيَ	يُتَمَنَّى
تمهل	تَمَهَّلَ	يَتَمَهَّلُ	-	-
تموج	تَمَوَّجَ	يَتَمَوَّجُ	تُمُوِّجَ	يُتَمَوَّجُ
تمور	تَمَوَّرَ	يَتَمَوَّرُ	-	-
تموضع	تَمَوْضَعَ	يَتَمَوْضَعُ	تُمُوضِعَ	يُتَمَوْضَعُ
تميز	تَمَيَّزَ	يَتَمَيَّزُ	-	-
تميس	تَمَيَّسَ	يَتَمَيَّسُ	-	-
تميع	تَمَيَّعَ	يَتَمَيَّعُ	-	-
تناءى	تَنَاءَى	يَتَنَاءَى	تُنُوئِيَ	يُتَنَاءَى
تناثر	تَنَاثَرَ	يَتَنَاثَرُ	-	-
تناحر	تَنَاحَرَ	يَتَنَاحَرُ	-	-
تنازع	تَنَازَعَ	يَتَنَازَعُ	تُنُوزِعَ	يُتَنَازَعُ
تنازل	تَنَازَلَ	يَتَنَازَلُ	تُنُوزِلَ	يُتَنَازَلُ
تناسب	تَنَاسَبَ	يَتَنَاسَبُ	تُنُوسِبَ	يُتَنَاسَبُ
تناسخ	تَنَاسَخَ	يَتَنَاسَخُ	تُنُوسِخَ	يُتَنَاسَخُ
تناسق	تَنَاسَقَ	يَتَنَاسَقُ	-	-
تناسل	تَنَاسَلَ	يَتَنَاسَلُ	تُنُوسِلَ	يُتَنَاسَلُ
تناسى	تَنَاسَى	يَتَنَاسَى	تُنُوسِيَ	يُتَنَاسَى
تناص	تَنَاصَّ	يَتَنَاصُّ	تُنُوصَّ	يُتَنَاصُّ
تناصر	تَنَاصَرَ	يَتَنَاصَرُ	-	-
تناضح	تَنَاضَحَ	يَتَنَاضَحُ	-	-
تناظر	تَنَاظَرَ	يَتَنَاظَرُ	تُنُوظِرَ	يُتَنَاظَرُ
تناعس	تَنَاعَسَ	يَتَنَاعَسُ	-	-
تناغم	تَنَاغَمَ	يَتَنَاغَمُ	-	-
تنافر	تَنَافَرَ	يَتَنَافَرُ	تُنُوفِرَ	يُتَنَافَرُ
تنافس	تَنَافَسَ	يَتَنَافَسُ	تُنُوفِسَ	يُتَنَافَسُ
تنافع	تَنَافَعَ	يَتَنَافَعُ	تُنُوفِعَ	يُتَنَافَعُ
تنافى	تَنَافَى	يَتَنَافَى	تُنُوفِيَ	يُتَنَافَى
تناقس	تَنَاقَسَ	يَتَنَاقَسُ	تُنُوقِسَ	يُتَنَاقَسُ
تناقش	تَنَاقَشَ	يَتَنَاقَشُ	تُنُوقِشَ	يُتَنَاقَشُ
تناقص	تَنَاقَصَ	يَتَنَاقَصُ	تُنُوقِصَ	يُتَنَاقَصُ
تناقض	تَنَاقَضَ	يَتَنَاقَضُ	تُنُوقِضَ	يُتَنَاقَضُ
تناكح	تَنَاكَحَ	يَتَنَاكَحُ	تُنُوكِحَ	يُتَنَاكَحُ
تنامى	تَنَامَى	يَتَنَامَى	-	-
تناهى	تَنَاهَى	يَتَنَاهَى	تُنُوهِيَ	يُتَنَاهَى
تناوأ	تَنَاوَأَ	يَتَنَاوَأُ	-	-
تناوب	تَنَاوَبَ	يَتَنَاوَبُ	-	-
تناوش	تَنَاوَشَ	يَتَنَاوَشُ	تُنُووِشَ	يُتَنَاوَشُ
تناول	تَنَاوَلَ	يَتَنَاوَلُ	تُنُووِلَ	يُتَنَاوَلُ
تناوم	تَنَاوَمَ	يَتَنَاوَمُ	-	-
تنبأ	تَنَبَّأَ	يَتَنَبَّأُ	تُنُبِّئَ	يُتَنَبَّأُ
تنبل	تَنَبَّلَ	يَتَنَبَّلُ	تُنْبِلَ	يُتَنْبَلُ
تنبه	تَنَبَّهَ	يَتَنَبَّهُ	تُنُبِّهَ	يُتَنَبَّهُ
تنجح	تَنَجَّحَ	يَتَنَجَّحُ	تُنُجِّحَ	يُتَنَجَّحُ
تنجم	تَنَجَّمَ	يَتَنَجَّمُ	تُنُجِّمَ	يُتَنَجَّمُ
تنحل	تَنَحَّلَ	يَتَنَحَّلُ	تُنُحِّلَ	يُتَنَحَّلُ
تنحنح	تَنَحْنَحَ	يَتَنَحْنَحُ	تُنُحْنِحَ	يُتَنَحْنَحُ
تنحى	تَنَحَّى	يَتَنَحَّى	تُنُحِّيَ	يُتَنَحَّى
تنخ	تَنَّخَ	يُتَنِّخُ	تُنِخَ	يُتْنَخُ
تندر	تَنَدَّرَ	يَتَنَدَّرُ	تُنُدِّرَ	يُتَنَدَّرُ
تنرفز	تَنَرْفَزَ	يَتَنَرْفَزُ	تُنُرْفِزَ	يُتَنَرْفَزُ
تنزل	تَنَزَّلَ	يَتَنَزَّلُ	تُنُزِّلَ	يُتَنَزَّلُ
تنزه	تَنَزَّهَ	يَتَنَزَّهُ	-	-
تنسر	تَنَسَّرَ	يَتَنَسَّرُ	تُنُسِّرَ	يُتَنَسَّرُ
تنسم	تَنَسَّمَ	يَتَنَسَّمُ	-	-
تنشأ	تَنَشَّأَ	يَتَنَشَّأُ	تُنُشِّئَ	يُتَنَشَّأُ
تنشر	تَنَشَّرَ	يَتَنَشَّرُ	تُنُشِّرَ	يُتَنَشَّرُ
تنشط	تَنَشَّطَ	يَتَنَشَّطُ	تُنُشِّطَ	يُتَنَشَّطُ
تنصب	تَنَصَّبَ	يَتَنَصَّبُ	تُنُصِّبَ	يُتَنَصَّبُ
تنصت	تَنَصَّتَ	يَتَنَصَّتُ	تُنُصِّتَ	يُتَنَصَّتُ
تنصر	تَنَصَّرَ	يَتَنَصَّرُ	-	-
تنصل	تَنَصَّلَ	يَتَنَصَّلُ	تُنُصِّلَ	يُتَنَصَّلُ
تنضر	تَنَضَّرَ	يَتَنَضَّرُ	-	-
تنطع	تَنَطَّعَ	يَتَنَطَّعُ	تُنُطِّعَ	يُتَنَطَّعُ
تنظف	تَنَظَّفَ	يَتَنَظَّفُ	-	-
تنعم	تَنَعَّمَ	يَتَنَعَّمُ	-	-
تنغص	تَنَغَّصَ	يَتَنَغَّصُ	-	-
تنفذ	تَنَفَّذَ	يَتَنَفَّذُ	-	-
تنفس	تَنَفَّسَ	يَتَنَفَّسُ	تُنُفِّسَ	يُتَنَفَّسُ
تنفط	تَنَفَّطَ	يَتَنَفَّطُ	تُنُفِّطَ	يُتَنَفَّطُ
تنقب	تَنَقَّبَ	يَتَنَقَّبُ	تُنُقِّبَ	يُتَنَقَّبُ
تنقض	تَنَقَّضَ	يَتَنَقَّضُ	-	-
تنقل	تَنَقَّلَ	يَتَنَقَّلُ	-	-
تنكر	تَنَكَّرَ	يَتَنَكَّرُ	-	-
تنمر	تَنَمَّرَ	يَتَنَمَّرُ	تُنُمِّرَ	يُتَنَمَّرُ
تنمص	تَنَمَّصَ	يَتَنَمَّصُ	-	-
تنهد	تَنَهَّدَ	يَتَنَهَّدُ	-	-
تنور	تَنَوَّرَ	يَتَنَوَّرُ	-	-
تنوع	تَنَوَّعَ	يَتَنَوَّعُ	تُنُوِّعَ	يُتَنَوَّعُ
تنوى	تَنَوَّى	يَتَنَوَّى	تُنُوِّيَ	يُتَنَوَّى
تهاجر	تَهَاجَرَ	يَتَهَاجَرُ	تُهُوجِرَ	يُتَهَاجَرُ
تهادر	تَهَادَرَ	يَتَهَادَرُ	-	-
تهادى	تَهَادَى	يَتَهَادَى	تُهُودِيَ	يُتَهَادَى
تهافت	تَهَافَتَ	يَتَهَافَتُ	تُهُوفِتَ	يُتَهَافَتُ
تهالك	تَهَالَكَ	يَتَهَالَكُ	تُهُولِكَ	يُتَهَالَكُ
تهامس	تَهَامَسَ	يَتَهَامَسُ	-	-
تهاون	تَهَاوَنَ	يَتَهَاوَنُ	تُهُووِنَ	يُتَهَاوَنُ
تهاوى	تَهَاوَى	يَتَهَاوَى	-	-
تهايأ	تَهَايَأَ	يَتَهَايَأُ	تُهُويِئَ	يُتَهَايَأُ
تهتلر	تَهَتْلَرَ	يَتَهَتْلَرُ	-	-
تهته	تَهْتَهَ	يُتَهْتِهُ	-	-
تهجد	تَهَجَّدَ	يَتَهَجَّدُ	-	-
تهجر	تَهَجَّرَ	يَتَهَجَّرُ	-	-
تهجى	تَهَجَّى	يَتَهَجَّى	تُهُجِّيَ	يُتَهَجَّى
تهدج	تَهَدَّجَ	يَتَهَدَّجُ	تُهُدِّجَ	يُتَهَدَّجُ
تهدد	تَهَدَّدَ	يَتَهَدَّدُ	تُهُدِّدَ	يُتَهَدَّدُ
تهدف	تَهَدَّفَ	يَتَهَدَّفُ	تُهُدِّفَ	يُتَهَدَّفُ
تهدل	تَهَدَّلَ	يَتَهَدَّلُ	-	-
تهرب	تَهَرَّبَ	يَتَهَرَّبُ	تُهُرِّبَ	يُتَهَرَّبُ
تهرس	تَهَرَّسَ	يَتَهَرَّسُ	-	-
تهكم	تَهَكَّمَ	يَتَهَكَّمُ	تُهُكِّمَ	يُتَهَكَّمُ
تهلل	تَهَلَّلَ	يَتَهَلَّلُ	-	-
تهود	تَهَوَّدَ	يَتَهَوَّدُ	-	-
تهور	تَهَوَّرَ	يَتَهَوَّرُ	تُهُوِّرَ	يُتَهَوَّرُ
تهوس	تَهَوَّسَ	يَتَهَوَّسُ	-	-
تهيأ	تَهَيَّأَ	يَتَهَيَّأُ	-	-
تهيج	تَهَيَّجَ	يَتَهَيَّجُ	-	-
توأد	تَوَأَّدَ	يَتَوَأَّدُ	-	-
تواءم	تَوَاءَمَ	يَتَوَاءَمُ	-	-
تواءى	تَوَاءَى	يَتَوَاءَى	تُوُوئِيَ	يُتَوَاءَى
تواتر	تَوَاتَرَ	يَتَوَاتَرُ	تُوُوتِرَ	يُتَوَاتَرُ
تواثب	تَوَاثَبَ	يَتَوَاثَبُ	تُوُوثِبَ	يُتَوَاثَبُ
تواجد	تَوَاجَدَ	يَتَوَاجَدُ	تُوُوجِدَ	يُتَوَاجَدُ
تواد	تَوَادَّ	يَتَوَادُّ	-	-
توادع	تَوَادَعَ	يَتَوَادَعُ	تُوُودِعَ	يُتَوَادَعُ
توارث	تَوَارَثَ	يَتَوَارَثُ	تُوُورِثَ	يُتَوَارَثُ
توارى	تَوَارَى	يَتَوَارَى	-	-
توازن	تَوَازَنَ	يَتَوَازَنُ	-	-
توازى	تَوَازَى	يَتَوَازَى	تُوُوزِيَ	يُتَوَازَى
تواصل	تَوَاصَلَ	يَتَوَاصَلُ	تُوُوصِلَ	يُتَوَاصَلُ
تواصى	تَوَاصَى	يَتَوَاصَى	تُوُوصِيَ	يُتَوَاصَى
تواضع	تَوَاضَعَ	يَتَوَاضَعُ	تُوُوضِعَ	يُتَوَاضَعُ
تواطأ	تَوَاطَأَ	يَتَوَاطَأُ	تُوُوطِئَ	يُتَوَاطَأُ
تواعد	تَوَاعَدَ	يَتَوَاعَدُ	تُوُوعِدَ	يُتَوَاعَدُ
توافد	تَوَافَدَ	يَتَوَافَدُ	تُوُوفِدَ	يُتَوَافَدُ
توافر	تَوَافَرَ	يَتَوَافَرُ	تُوُوفِرَ	يُتَوَافَرُ
توافق	تَوَافَقَ	يَتَوَافَقُ	تُوُوفِقَ	يُتَوَافَقُ
تواقف	تَوَاقَفَ	يَتَوَاقَفُ	تُوُوقِفَ	يُتَوَاقَفُ
تواكل	تَوَاكَلَ	يَتَوَاكَلُ	تُوُوكِلَ	يُتَوَاكَلُ
توالى	تَوَالَى	يَتَوَالَى	تُوُولِيَ	يُتَوَالَى
توانى	تَوَانَى	يَتَوَانَى	تُوُونِيَ	يُتَوَانَى
توايل	تَوَايَلَ	يَتَوَايَلُ	تُوُويِلَ	يُتَوَايَلُ
توتر	تَوَتَّرَ	يَتَوَتَّرُ	-	-
توج	تَوَّجَ	يُتَوِّجُ	تُوِّجَ	يُتَوَّجُ
توجد	تَوَجَّدَ	يَتَوَجَّدُ	تُوُجِّدَ	يُتَوَجَّدُ
توجس	تَوَجَّسَ	يَتَوَجَّسُ	تُوُجِّسَ	يُتَوَجَّسُ
توجه	تَوَجَّهَ	يَتَوَجَّهُ	-	-
توحد	تَوَحَّدَ	يَتَوَحَّدُ	تُوُحِّدَ	يُتَوَحَّدُ
توحش	تَوَحَّشَ	يَتَوَحَّشُ	تُوُحِّشَ	يُتَوَحَّشُ
تودد	تَوَدَّدَ	يَتَوَدَّدُ	تُوُدِّدَ	يُتَوَدَّدُ
تورط	تَوَرَّطَ	يَتَوَرَّطُ	تُوُرِّطَ	يُتَوَرَّطُ
تورع	تَوَرَّعَ	يَتَوَرَّعُ	تُوُرِّعَ	يُتَوَرَّعُ
تورم	تَوَرَّمَ	يَتَوَرَّمُ	-	-
توزع	تَوَزَّعَ	يَتَوَزَّعُ	تُوُزِّعَ	يُتَوَزَّعُ
توسط	تَوَسَّطَ	يَتَوَسَّطُ	تُوُسِّطَ	يُتَوَسَّطُ
توسع	تَوَسَّعَ	يَتَوَسَّعُ	-	-
توسل	تَوَسَّلَ	يَتَوَسَّلُ	تُوُسِّلَ	يُتَوَسَّلُ
توشح	تَوَشَّحَ	يَتَوَشَّحُ	تُوُشِّحَ	يُتَوَشَّحُ
توصل	تَوَصَّلَ	يَتَوَصَّلُ	تُوُصِّلَ	يُتَوَصَّلُ
توضأ	تَوَضَّأَ	يَتَوَضَّأُ	-	-
توضح	تَوَضَّحَ	يَتَوَضَّحُ	-	-
توطن	تَوَطَّنَ	يَتَوَطَّنُ	تُوُطِّنَ	يُتَوَطَّنُ
توطوط	تَوَطْوَطَ	يَتَوَطْوَطُ	تُوُطْوِطَ	يُتَوَطْوَطُ
توظف	تَوَظَّفَ	يَتَوَظَّفُ	تُوُظِّفَ	يُتَوَظَّفُ
توعد	تَوَعَّدَ	يَتَوَعَّدُ	تُوُعِّدَ	يُتَوَعَّدُ
توعك	تَوَعَّكَ	يَتَوَعَّكُ	تُوُعِّكَ	يُتَوَعَّكُ
توغل	تَوَغَّلَ	يَتَوَغَّلُ	تُوُغِّلَ	يُتَوَغَّلُ
توفر	تَوَفَّرَ	يَتَوَفَّرُ	تُوُفِّرَ	يُتَوَفَّرُ
توفى	تَوَفَّى	يَتَوَفَّى	تُوُفِّيَ	يُتَوَفَّى
توقص	تَوَقَّصَ	يَتَوَقَّصُ	تُوُقِّصَ	يُتَوَقَّصُ
توقع	تَوَقَّعَ	يَتَوَقَّعُ	تُوُقِّعَ	يُتَوَقَّعُ
توقف	تَوَقَّفَ	يَتَوَقَّفُ	تُوُقِّفَ	يُتَوَقَّفُ
توقى	تَوَقَّى	يَتَوَقَّى	تُوُقِّيَ	يُتَوَقَّى
توكأ	تَوَكَّأَ	يَتَوَكَّأُ	تُوُكِّئَ	يُتَوَكَّأُ
توكد	تَوَكَّدَ	يَتَوَكَّدُ	تُوُكِّدَ	يُتَوَكَّدُ
توكل	تَوَكَّلَ	يَتَوَكَّلُ	تُوُكِّلَ	يُتَوَكَّلُ
تولد	تَوَلَّدَ	يَتَوَلَّدُ	-	-
تولع	تَوَلَّعَ	يَتَوَلَّعُ	-	-
تولول	تَوَلْوَلَ	يَتَوَلْوَلُ	تُوُلْوِلَ	يُتَوَلْوَلُ
تولى	تَوَلَّى	يَتَوَلَّى	تُوُلِّيَ	يُتَوَلَّى
توهج	تَوَهَّجَ	يَتَوَهَّجُ	-	-
توهق	تَوَهَّقَ	يَتَوَهَّقُ	تُوُهِّقَ	يُتَوَهَّقُ
توهم	تَوَهَّمَ	يَتَوَهَّمُ	تُوُهِّمَ	يُتَوَهَّمُ
تويل	تَوَيَّلَ	يَتَوَيَّلُ	تُوُيِّلَ	يُتَوَيَّلُ
تياسر	تَيَاسَرَ	يَتَيَاسَرُ	تُيُوسِرَ	يُتَيَاسَرُ
تيامن	تَيَامَنَ	يَتَيَامَنُ	تُيُومِنَ	يُتَيَامَنُ
تيبس	تَيَبَّسَ	يَتَيَبَّسُ	-	-
تيسر	تَيَسَّرَ	يَتَيَسَّرُ	-	-
تيقظ	تَيَقَّظَ	يَتَيَقَّظُ	تُيُقِّظَ	يُتَيَقَّظُ
تيمم	تَيَمَّمَ	يَتَيَمَّمُ	-	-
ثأر	ثَأَرَ	يَثْأَرُ	ثُئِرَ	يُثْأَرُ
ثاب	ثَابَ	يَثُوبُ	ثِيبَ	يُثَابُ
ثابر	ثَابَرَ	يُثَابِرُ	ثُوبِرَ	يُثَابَرُ
ثار	ثَارَ	يَثُورُ	ثِيرَ	يُثَارُ
ثبت	ثَبَتَ	يَثْبُتُ	ثُبِتَ	يُثْبَتُ
ثبر	ثَبَرَ	يَثْبُرُ	ثُبِرَ	يُثْبَرُ
ثبط	ثَبَّطَ	يُثَبِّطُ	ثُبِّطَ	يُثَبَّطُ
ثخن	ثَخُنَ	يَثْخُنُ	-	-
ثدي	ثَدِيَ	يَثْدَى	-	-
ثرب	ثَرَّبَ	يُثَرِّبُ	ثُرِّبَ	يُثَرَّبُ
ثرثر	ثَرْثَرَ	يُثَرْثِرُ	ثُرْثِرَ	يُثَرْثَرُ
ثرم	ثَرِمَ	يَثْرَمُ	ثُرِمَ	يُثْرَمُ
ثغر	ثَغَرَ	يَثْغَرُ	ثُغِرَ	يُثْغَرُ
ثفر	ثَفَّرَ	يُثَفِّرُ	ثُفِّرَ	يُثَفَّرُ
ثقب	ثَقَّبَ	يُثَقِّبُ	ثُقِّبَ	يُثَقَّبُ
ثقف	ثَقَّفَ	يُثَقِّفُ	ثُقِّفَ	يُثَقَّفُ
ثقل	ثَقَّلَ	يُثَقِّلُ	ثُقِّلَ	يُثَقَّلُ
ثكل	ثَكِلَ	يَثْكَلُ	ثُكِلَ	يُثْكَلُ
ثلث	ثَلَّثَ	يُثَلِّثُ	ثُلِّثَ	يُثَلَّثُ
ثلج	ثَلَّجَ	يُثَلِّجُ	ثُلِّجَ	يُثَلَّجُ
ثلم	ثَلِمَ	يَثْلَمُ	ثُلِمَ	يُثْلَمُ
ثم	ثَمَّ	يَثُمُّ	ثُمَّ	يُثَمُّ
ثمل	ثَمَّلَ	يُثَمِّلُ	ثُمِّلَ	يُثَمَّلُ
ثمن	ثَمَّنَ	يُثَمِّنُ	ثُمِّنَ	يُثَمَّنُ
ثنى	ثَنَّى	يُثَنِّي	ثُنِّيَ	يُثَنَّى
ثور	ثَوَّرَ	يُثَوِّرُ	ثُوِّرَ	يُثَوَّرُ
جاء	جَاءَ	يَجِيءُ	جِيءَ	يُجَاءُ
جاب	جَابَ	يَجُوبُ	جِيبَ	يُجَابُ
جابر	جَابَرَ	يُجَابِرُ	جُوبِرَ	يُجَابَرُ
جابه	جَابَهَ	يُجَابِهُ	جُوبِهَ	يُجَابَهُ
جاد	جَادَ	يَجُودُ	-	-
جادل	جَادَلَ	يُجَادِلُ	جُودِلَ	يُجَادَلُ
جار	جَارَّ	يُجَارُّ	جُورَّ	يُجَارُّ
جارر	جَارَرَ	يُجَارِرُ	جُورِرَ	يُجَارَرُ
جارى	جَارَى	يُجَارِي	جُورِيَ	يُجَارَى
جاز	جَازَ	يَجُوزُ	جِيزَ	يُجَازُ
جازف	جَازَفَ	يُجَازِفُ	جُوزِفَ	يُجَازَفُ
جازى	جَازَى	يُجَازِي	جُوزِيَ	يُجَازَى
جاع	جَاعَ	يَجُوعُ	جِيعَ	يُجَاعُ
جاف	جَافَ	يَجُوفُ	جِيفَ	يُجَافُ
جال	جَالَ	يَجُولُ	جِيلَ	يُجَالُ
جالس	جَالَسَ	يُجَالِسُ	جُولِسَ	يُجَالَسُ
جامع	جَامَعَ	يُجَامِعُ	جُومِعَ	يُجَامَعُ
جامل	جَامَلَ	يُجَامِلُ	جُومِلَ	يُجَامَلُ
جانس	جَانَسَ	يُجَانِسُ	جُونِسَ	يُجَانَسُ
جاهد	جَاهَدَ	يُجَاهِدُ	جُوهِدَ	يُجَاهَدُ
جاهر	جَاهَرَ	يُجَاهِرُ	جُوهِرَ	يُجَاهَرُ
جاوب	جَاوَبَ	يُجَاوِبُ	جُووِبَ	يُجَاوَبُ
جاور	جَاوَرَ	يُجَاوِرُ	جُووِرَ	يُجَاوَرُ
جاوز	جَاوَزَ	يُجَاوِزُ	جُووِزَ	يُجَاوَزُ
جاول	جَاوَلَ	يُجَاوِلُ	جُووِلَ	يُجَاوَلُ
جب	جَبَّ	يَجُبُّ	جُبَّ	يُجَبُّ
جبر	جَبَّرَ	يُجَبِّرُ	جُبِّرَ	يُجَبَّرُ
جبس	جَبَّسَ	يُجَبِّسُ	جُبِّسَ	يُجَبَّسُ
جبل	جَبَلَ	يَجْبِلُ	جُبِلَ	يُجْبَلُ
جبن	جَبُنَ	يَجْبُنُ	-	-
جبه	جَبَهَ	يَجْبَهُ	جُبِهَ	يُجْبَهُ
جبى	جَبَى	يَجْبِي	جُبِيَ	يُجْبَى
جثا	جَثَا	يَجْثُو	-	-
جثم	جَثَّمَ	يُجَثِّمُ	جُثِّمَ	يُجَثَّمُ
جحظ	جَحَظَ	يَجْحَظُ	جُحِظَ	يُجْحَظُ
جحف	جَحَفَ	يَجْحَفُ	جُحِفَ	يُجْحَفُ
جحفل	جَحْفَلَ	يُجَحْفِلُ	جُحْفِلَ	يُجَحْفَلُ
جحل	جَحَلَ	يَجْحَلُ	جُحِلَ	يُجْحَلُ
جحم	جَحَّمَ	يُجَحِّمُ	جُحِّمَ	يُجَحَّمُ
جخى	جَخَّى	يُجَخِّي	-	-
جد	جَدَّ	يَجِدُّ	-	-
جدد	جَدَّدَ	يُجَدِّدُ	جُدِّدَ	يُجَدَّدُ
جدر	جَدَّرَ	يُجَدِّرُ	جُدِّرَ	يُجَدَّرُ
جدع	جَدَعَ	يَجْدَعُ	جُدِعَ	يُجْدَعُ
جدف	جَدَّفَ	يُجَدِّفُ	جُدِّفَ	يُجَدَّفُ
جدل	جَدَّلَ	يُجَدِّلُ	جُدِّلَ	يُجَدَّلُ
جدول	جَدْوَلَ	يُجَدْوِلُ	جُدْوِلَ	يُجَدْوَلُ
جذب	جَذَبَ	يَجْذِبُ	جُذِبَ	يُجْذَبُ
جذر	جَذَّرَ	يُجَذِّرُ	جُذِّرَ	يُجَذَّرُ
جذع	جَذَّعَ	يُجَذِّعُ	جُذِّعَ	يُجَذَّعُ
جر	جَرَّ	يَجُرُّ	جُرَّ	يُجَرُّ
جرؤ	جَرُؤَ	يَجْرُؤُ	جُرِئَ	يُجْرَأُ
جرب	جَرَّبَ	يُجَرِّبُ	جُرِّبَ	يُجَرَّبُ
جرجر	جَرْجَرَ	يُجَرْجِرُ	جُرْجِرَ	يُجَرْجَرُ
جرح	جَرَّحَ	يُجَرِّحُ	جُرِّحَ	يُجَرَّحُ
جرد	جَرَّدَ	يُجَرِّدُ	جُرِّدَ	يُجَرَّدُ
جرس	جَرَسَ	يَجْرِسُ	جُرِسَ	يُجْرَسُ
جرع	جَرَّعَ	يُجَرِّعُ	جُرِّعَ	يُجَرَّعُ
جرف	جَرَّفَ	يُجَرِّفُ	جُرِّفَ	يُجَرَّفُ
جرم	جَرَّمَ	يُجَرِّمُ	جُرِّمَ	يُجَرَّمُ
جرن	جَرَنَ	يَجْرُنُ	جُرِنَ	يُجْرَنُ
جرى	جَرَى	يَجْرِي	جُرِيَ	يُجْرَى
جز	جَزَّ	يَجُزُّ	جُزَّ	يُجَزُّ
جزح	جَزَحَ	يَجْزَحُ	-	-
جزر	جَزَرَ	يَجْزُرُ	جُزِرَ	يُجْزَرُ
جزع	جَزِعَ	يَجْزَعُ	جُزِعَ	يُجْزَعُ
جزل	جَزِلَ	يَجْزَلُ	جُزِلَ	يُجْزَلُ
جزم	جَزَمَ	يَجْزِمُ	جُزِمَ	يُجْزَمُ
جزى	جَزَى	يَجْزِي	جُزِيَ	يُجْزَى
جس	جَسَّ	يَجُسُّ	جُسَّ	يُجَسُّ
جسأ	جَسَأَ	يَجْسَأُ	-	-
جسد	جَسَّدَ	يُجَسِّدُ	جُسِّدَ	يُجَسَّدُ
جسر	جَسَرَ	يَجْسُرُ	جُسِرَ	يُجْسَرُ
جسم	جَسَّمَ	يُجَسِّمُ	جُسِّمَ	يُجَسَّمُ
جص	جَصَّ	يَجُصُّ	جُصَّ	يُجَصُّ
جعجع	جَعْجَعَ	يُجَعْجِعُ	جُعْجِعَ	يُجَعْجَعُ
جعد	جَعَّدَ	يُجَعِّدُ	جُعِّدَ	يُجَعَّدُ
جعر	جَعَرَ	يَجْعَرُ	-	-
جعل	جَعَلَ	يَجْعَلُ	جُعِلَ	يُجْعَلُ
جف	جَفَّ	يَجِفُّ	-	-
جفأ	جَفَأَ	يَجْفَأُ	جُفِئَ	يُجْفَأُ
جفا	جَفَا	يَجْفُو	جُفِيَ	يُجْفَى
جفف	جَفَّفَ	يُجَفِّفُ	جُفِّفَ	يُجَفَّفُ
جل	جَلَّ	يَجِلُّ	-	-
جلب	جَلَّبَ	يُجَلِّبُ	جُلِّبَ	يُجَلَّبُ
جلبب	جَلْبَبَ	يُجَلْبِبُ	جُلْبِبَ	يُجَلْبَبُ
جلجل	جَلْجَلَ	يُجَلْجِلُ	-	-
جلخ	جَلَّخَ	يُجَلِّخُ	جُلِّخَ	يُجَلَّخُ
جلد	جَلَّدَ	يُجَلِّدُ	جُلِّدَ	يُجَلَّدُ
جلس	جَلَسَ	يَجْلِسُ	جُلِسَ	يُجْلَسُ
جلف	جَلَفَ	يَجْلُفُ	جُلِفَ	يُجْلَفُ
جلل	جَلَّلَ	يُجَلِّلُ	جُلِّلَ	يُجَلَّلُ
جلى	جَلَّى	يُجَلِّي	جُلِّيَ	يُجَلَّى
جمد	جَمَّدَ	يُجَمِّدُ	جُمِّدَ	يُجَمَّدُ
جمر	جَمَّرَ	يُجَمِّرُ	جُمِّرَ	يُجَمَّرُ
جمز	جَمَزَ	يَجْمِزُ	جُمِزَ	يُجْمَزُ
جمع	جَمَّعَ	يُجَمِّعُ	جُمِّعَ	يُجَمَّعُ
جمل	جَمَّلَ	يُجَمِّلُ	جُمِّلَ	يُجَمَّلُ
جمهر	جَمْهَرَ	يُجَمْهِرُ	جُمْهِرَ	يُجَمْهَرُ
جن	جَنَّ	يَجُنُّ	جُنَّ	يُجَنُّ
جنب	جَنَّبَ	يُجَنِّبُ	جُنِّبَ	يُجَنَّبُ
جندر	جَنْدَرَ	يُجَنْدِرُ	جُنْدِرَ	يُجَنْدَرُ
جنس	جَنَّسَ	يُجَنِّسُ	جُنِّسَ	يُجَنَّسُ
جنسن	جَنْسَنَ	يُجَنْسِنُ	جُنْسِنَ	يُجَنْسَنُ
جنن	جَنَّنَ	يُجَنِّنُ	جُنِّنَ	يُجَنَّنُ
جنى	جَنَى	يَجْنِي	جُنِيَ	يُجْنَى
جهد	جَهَدَ	يَجْهَدُ	جُهِدَ	يُجْهَدُ
جهر	جَهَرَ	يَجْهَرُ	جُهِرَ	يُجْهَرُ
جهز	جَهَّزَ	يُجَهِّزُ	جُهِّزَ	يُجَهَّزُ
جهل	جَهَّلَ	يُجَهِّلُ	جُهِّلَ	يُجَهَّلُ
جوز	جَوَّزَ	يُجَوِّزُ	جُوِّزَ	يُجَوَّزُ
جوع	جَوَّعَ	يُجَوِّعُ	جُوِّعَ	يُجَوَّعُ
جوف	جَوِفَ	يَجْوَفُ	جُوِّفَ	يُجَوَّفُ
جوق	جَوَّقَ	يُجَوِّقُ	جُوِّقَ	يُجَوَّقُ
جيب	جَيَّبَ	يُجَيِّبُ	جُيِّبَ	يُجَيَّبُ
جير	جَيَّرَ	يُجَيِّرُ	جُيِّرَ	يُجَيَّرُ
جيش	جَيَّشَ	يُجَيِّشُ	جُيِّشَ	يُجَيَّشُ
حابى	حَابَى	يُحَابِي	حُوبِيَ	يُحَابَى
حاج	حَاجَّ	يُحَاجُّ	حُوجَّ	يُحَاجُّ
حاجج	حَاجَجَ	يُحَاجِجُ	حُوجِجَ	يُحَاجَجُ
حاجز	حَاجَزَ	يُحَاجِزُ	حُوجِزَ	يُحَاجَزُ
حاد	حَادَ	يَحِيدُ	حِيدَ	يُحَادُ
حادث	حَادَثَ	يُحَادِثُ	حُودِثَ	يُحَادَثُ
حاذ	حَاذَ	يَحُوذُ	حِيذَ	يُحَاذُ
حاذى	حَاذَى	يُحَاذِي	حُوذِيَ	يُحَاذَى
حار	حَارَ	يَحُورُ	حِيرَ	يُحَارُ
حارب	حَارَبَ	يُحَارِبُ	حُورِبَ	يُحَارَبُ
حاز	حَازَ	يَحُوزُ	حِيزَ	يُحَازُ
حاسب	حَاسَبَ	يُحَاسِبُ	حُوسِبَ	يُحَاسَبُ
حاص	حَاصَّ	يُحَاصُّ	حُوصَّ	يُحَاصُّ
حاصر	حَاصَرَ	يُحَاصِرُ	حُوصِرَ	يُحَاصَرُ
حاض	حَاضَّ	يُحَاضُّ	حُوضَّ	يُحَاضُّ
حاضر	حَاضَرَ	يُحَاضِرُ	حُوضِرَ	يُحَاضَرُ
حاط	حَاطَ	يَحُوطُ	حِيطَ	يُحَاطُ
حاف	حَافَ	يَحِيفُ	حِيفَ	يُحَافُ
حافظ	حَافَظَ	يُحَافِظُ	حُوفِظَ	يُحَافَظُ
حاق	حَاقَّ	يُحَاقُّ	حُوقِقَ	يُحَاقُّ
حاقق	حَاقَقَ	يُحَاقِقُ	حُوقِقَ	يُحَاقَقُ
حاك	حَاكَ	يَحُوكُ	حِيكَ	يُحَاكُ
حاكى	حَاكَى	يُحَاكِي	حُوكِيَ	يُحَاكَى
حال	حَالَ	يَحُولُ	حِيلَ	يُحَالُ
حام	حَامَ	يَحُومُ	حِيمَ	يُحَامُ
حامى	حَامَى	يُحَامِي	حُومِيَ	يُحَامَى
حان	حَانَ	يَحِينُ	حِينَ	يُحَانُ
حاور	حَاوَرَ	يُحَاوِرُ	حُووِرَ	يُحَاوَرُ
حاوط	حَاوَطَ	يُحَاوِطُ	حُووِطَ	يُحَاوَطُ
حاول	حَاوَلَ	يُحَاوِلُ	حُووِلَ	يُحَاوَلُ
حايث	حَايَثَ	يُحَايِثُ	حُويِثَ	يُحَايَثُ
حايد	حَايَدَ	يُحَايِدُ	حُويِدَ	يُحَايَدُ
حاين	حَايَنَ	يُحَايِنُ	حُويِنَ	يُحَايَنُ
حب	حَبَّ	يَحَبُّ	حُبَّ	يُحَبُّ
حبا	حَبَا	يَحْبُو	حُبِيَ	يُحْبَى
حبب	حَبَّبَ	يُحَبِّبُ	حُبِّبَ	يُحَبَّبُ
حبذ	حَبَّذَ	يُحَبِّذُ	حُبِّذَ	يُحَبَّذُ
حبر	حَبَّرَ	يُحَبِّرُ	حُبِّرَ	يُحَبَّرُ
حبس	حَبَّسَ	يُحَبِّسُ	حُبِّسَ	يُحَبَّسُ
حبش	حَبَّشَ	يُحَبِّشُ	حُبِّشَ	يُحَبَّشُ
حبط	حَبِطَ	يَحْبَطُ	حُبِطَ	يُحْبَطُ
حبق	حَبَقَ	يَحْبِقُ	حُبِقَ	يُحْبَقُ
حبل	حَبَّلَ	يُحَبِّلُ	حُبِّلَ	يُحَبَّلُ
حبن	حَبِنَ	يَحْبَنُ	حُبِنَ	يُحْبَنُ
حث	حَثَّ	يَحُثُّ	حُثَّ	يُحَثُّ
حج	حَجَّ	يَحُجُّ	حُجَّ	يُحَجُّ
حجب	حَجَّبَ	يُحَجِّبُ	حُجِّبَ	يُحَجَّبُ
حجر	حَجَّرَ	يُحَجِّرُ	حُجِّرَ	يُحَجَّرُ
حجز	حَجَزَ	يَحْجِزُ	حُجِزَ	يُحْجَزُ
حجل	حَجَّلَ	يُحَجِّلُ	حُجِّلَ	يُحَجَّلُ
حجم	حَجَمَ	يَحْجُمُ	حُجِمَ	يُحْجَمُ
حجن	حَجَنَ	يَحْجِنُ	حُجِنَ	يُحْجَنُ
حد	حَدَّ	يَحِدُّ	حُدَّ	يُحَدُّ
حدا	حَدَا	يَحْدُو	حُدِيَ	يُحْدَى
حدث	حَدَّثَ	يُحَدِّثُ	حُدِّثَ	يُحَدَّثُ
حدج	حَدَّجَ	يُحَدِّجُ	حُدِّجَ	يُحَدَّجُ
حدد	حَدَّدَ	يُحَدِّدُ	حُدِّدَ	يُحَدَّدُ
حدس	حَدَسَ	يَحْدُسُ	حُدِسَ	يُحْدَسُ
حدق	حَدَّقَ	يُحَدِّقُ	حُدِّقَ	يُحَدَّقُ
حذر	حَذَّرَ	يُحَذِّرُ	حُذِّرَ	يُحَذَّرُ
حذف	حَذَّفَ	يُحَذِّفُ	حُذِّفَ	يُحَذَّفُ
حذفر	حَذْفَرَ	يُحَذْفِرُ	حُذْفِرَ	يُحَذْفَرُ
حذلق	حَذْلَقَ	يُحَذْلِقُ	حُذْلِقَ	يُحَذْلَقُ
حرب	حَرِبَ	يَحْرَبُ	-	-
حرث	حَرَثَ	يَحْرُثُ	حُرِثَ	يُحْرَثُ
حرج	حَرَّجَ	يُحَرِّجُ	حُرِّجَ	يُحَرَّجُ
حرجل	حَرْجَلَ	يُحَرْجِلُ	حُرْجِلَ	يُحَرْجَلُ
حرر	حَرَّرَ	يُحَرِّرُ	حُرِّرَ	يُحَرَّرُ
حرز	حَرَزَ	يَحْرُزُ	حُرِزَ	يُحْرَزُ
حرس	حَرِسَ	يَحْرَسُ	حُرِسَ	يُحْرَسُ
حرش	حَرَّشَ	يُحَرِّشُ	حُرِّشَ	يُحَرَّشُ
حرص	حَرِصَ	يَحْرَصُ	حُرِصَ	يُحْرَصُ
حرض	حَرَّضَ	يُحَرِّضُ	حُرِّضَ	يُحَرَّضُ
حرف	حَرَّفَ	يُحَرِّفُ	حُرِّفَ	يُحَرَّفُ
حرق	حَرَّقَ	يُحَرِّقُ	حُرِّقَ	يُحَرَّقُ
حرك	حَرَّكَ	يُحَرِّكُ	حُرِّكَ	يُحَرَّكُ
حرم	حَرَّمَ	يُحَرِّمُ	حُرِّمَ	يُحَرَّمُ
حرى	حَرَى	يَحْرِي	حُرِيَ	يُحْرَى
حز	حَزَّ	يَحُزُّ	حُزَّ	يُحَزُّ
حزب	حَزَبَ	يَحْزُبُ	حُزِبَ	يُحْزَبُ
حزر	حَزَّرَ	يُحَزِّرُ	حُزِّرَ	يُحَزَّرُ
حزم	حَزَّمَ	يُحَزِّمُ	حُزِّمَ	يُحَزَّمُ
حزن	حَزُنَ	يَحْزُنُ	حُزِنَ	يُحْزَنُ
حس	حَسَّ	يَحَسُّ	حُسَّ	يُحَسُّ
حسب	حَسُبَ	يَحْسُبُ	حُسِبَ	يُحْسَبُ
حسد	حَسَدَ	يَحْسُدُ	حُسِدَ	يُحْسَدُ
حسر	حَسَرَ	يَحْسُرُ	حُسِرَ	يُحْسَرُ
حسم	حَسَمَ	يَحْسِمُ	حُسِمَ	يُحْسَمُ
حسن	حَسَّنَ	يُحَسِّنُ	حُسِّنَ	يُحَسَّنُ
حش	حَشَّ	يَحُشُّ	حُشَّ	يُحَشُّ
حشد	حَشَّدَ	يُحَشِّدُ	حُشِّدَ	يُحَشَّدُ
حشر	حَشَرَ	يَحْشِرُ	حُشِرَ	يُحْشَرُ
حشش	حَشَّشَ	يُحَشِّشُ	-	-
حشف	حَشَّفَ	يُحَشِّفُ	حُشِّفَ	يُحَشَّفُ
حشم	حَشَّمَ	يُحَشِّمُ	حُشِّمَ	يُحَشَّمُ
حصب	حَصَّبَ	يُحَصِّبُ	حُصِّبَ	يُحَصَّبُ
حصحص	حَصْحَصَ	يُحَصْحِصُ	-	-
حصد	حَصَدَ	يَحْصُدُ	حُصِدَ	يُحْصَدُ
حصر	حَصِرَ	يَحْصَرُ	حُصِرَ	يُحْصَرُ
حصرم	حَصْرَمَ	يُحَصْرِمُ	حُصْرِمَ	يُحَصْرَمُ
حصل	حَصَلَ	يَحْصُلُ	حُصِلَ	يُحْصَلُ
حصن	حَصَّنَ	يُحَصِّنُ	حُصِّنَ	يُحَصَّنُ
حض	حَضَّ	يَحُضُّ	حُضَّ	يُحَضُّ
حضر	حَضَّرَ	يُحَضِّرُ	حُضِّرَ	يُحَضَّرُ
حضض	حَضَّضَ	يُحَضِّضُ	حُضِّضَ	يُحَضَّضُ
حضن	حَضَنَ	يَحْضُنُ	حُضِنَ	يُحْضَنُ
حط	حَطَّ	يَحُطُّ	حُطَّ	يُحَطُّ
حطم	حَطَّمَ	يُحَطِّمُ	حُطِّمَ	يُحَطَّمُ
حظ	حَظَّ	يَحَظُّ	حُظَّ	يُحَظُّ
حظر	حَظَّرَ	يُحَظِّرُ	حُظِّرَ	يُحَظَّرُ
حظل	حَظِلَ	يَحْظَلُ	حُظِلَ	يُحْظَلُ
حظي	حَظِيَ	يَحْظَى	حُظِيَ	يُحْظَى
حف	حَفَّ	يَحِفُّ	حُفَّ	يُحَفُّ
حفر	حَفَرَ	يَحْفِرُ	حُفِرَ	يُحْفَرُ
حفز	حَفَّزَ	يُحَفِّزُ	حُفِّزَ	يُحَفَّزُ
حفش	حَفِشَ	يَحْفَشُ	حُفِشَ	يُحْفَشُ
حفظ	حَفَّظَ	يُحَفِّظُ	حُفِّظَ	يُحَفَّظُ
حفل	حَفَّلَ	يُحَفِّلُ	حُفِّلَ	يُحَفَّلُ
حفي	حَفِيَ	يَحْفَى	حُفِيَ	يُحْفَى
حق	حَقَّ	يَحُقُّ	حُقَّ	يُحَقُّ
حقب	حَقَبَ	يَحْقَبُ	حُقِبَ	يُحْقَبُ
حقد	حَقَدَ	يَحْقِدُ	حُقِدَ	يُحْقَدُ
حقر	حَقَّرَ	يُحَقِّرُ	حُقِّرَ	يُحَقَّرُ
حقق	حَقَّقَ	يُحَقِّقُ	حُقِّقَ	يُحَقَّقُ
حقل	حَقِلَ	يَحْقَلُ	حُقِلَ	يُحْقَلُ
حقن	حَقَنَ	يَحْقِنُ	حُقِنَ	يُحْقَنُ
حك	حَكَّ	يَحُكُّ	حُكَّ	يُحَكُّ
حكا	حَكَا	يَحْكُو	حُكِيَ	يُحْكَى
حكم	حَكَّمَ	يُحَكِّمُ	حُكِّمَ	يُحَكَّمُ
حكى	حَكَى	يَحْكِي	حُكِيَ	يُحْكَى
حل	حَلَّ	يَحِلُّ	حُلَّ	يُحَلُّ
حلا	حَلَا	يَحْلُو	حُلِيَ	يُحْلَى
حلب	حَلِبَ	يَحْلَبُ	حُلِبَ	يُحْلَبُ
حلس	حَلَسَ	يَحْلِسُ	حُلِسَ	يُحْلَسُ
حلف	حَلَّفَ	يُحَلِّفُ	حُلِّفَ	يُحَلَّفُ
حلق	حَلَّقَ	يُحَلِّقُ	حُلِّقَ	يُحَلَّقُ
حلل	حَلَّلَ	يُحَلِّلُ	حُلِّلَ	يُحَلَّلُ
حلم	حَلُمَ	يَحْلُمُ	حُلِمَ	يُحْلَمُ
حلى	حَلَى	يَحْلِي	-	-
حلي	حَلِيَ	يَحْلَى	حُلِيَ	يُحْلَى
حم	حَمَّ	يَحُمُّ	حُمَّ	يُحَمُّ
حمحم	حَمْحَمَ	يُحَمْحِمُ	-	-
حمد	حَمِدَ	يَحْمَدُ	حُمِدَ	يُحْمَدُ
حمدل	حَمْدَلَ	يُحَمْدِلُ	حُمْدِلَ	يُحَمْدَلُ
حمر	حَمَّرَ	يُحَمِّرُ	حُمِّرَ	يُحَمَّرُ
حمص	حَمَّصَ	يُحَمِّصُ	حُمِّصَ	يُحَمَّصُ
حمض	حَمَّضَ	يُحَمِّضُ	حُمِّضَ	يُحَمَّضُ
حمق	حَمَّقَ	يُحَمِّقُ	حُمِّقَ	يُحَمَّقُ
حمل	حَمَّلَ	يُحَمِّلُ	حُمِّلَ	يُحَمَّلُ
حملق	حَمْلَقَ	يُحَمْلِقُ	حُمْلِقَ	يُحَمْلَقُ
حمى	حَمَى	يَحْمِي	حُمِيَ	يُحْمَى
حمي	حَمِيَ	يَحْمَى	حُمِيَ	يُحْمَى
حن	حَنَّ	يَحِنُّ	حُنَّ	يُحَنُّ
حنأ	حَنَّأَ	يُحَنِّئُ	حُنِّئَ	يُحَنَّأُ
حنا	حَنَا	يَحْنُو	حُنِيَ	يُحْنَى
حنش	حَنَشَ	يَحْنِشُ	حُنِشَ	يُحْنَشُ
حنط	حَنَّطَ	يُحَنِّطُ	حُنِّطَ	يُحَنَّطُ
حنف	حَنِفَ	يَحْنَفُ	حُنِفَ	يُحْنَفُ
حنق	حَنِقَ	يَحْنَقُ	حُنِقَ	يُحْنَقُ
حنك	حَنَّكَ	يُحَنِّكُ	حُنِّكَ	يُحَنَّكُ
حنى	حَنَى	يَحْنُو	حُنِيَ	يُحْنَى
حور	حَوَّرَ	يُحَوِّرُ	حُوِّرَ	يُحَوَّرُ
حوط	حَوَّطَ	يُحَوِّطُ	حُوِّطَ	يُحَوَّطُ
حوقل	حَوْقَلَ	يُحَوْقِلُ	حُوقِلَ	يُحَوْقَلُ
حول	حَوِلَ	يَحْوَلُ	حُوِّلَ	يُحَوَّلُ
حولق	حَوْلَقَ	يُحَوْلِقُ	-	-
حوى	حَوَى	يَحْوِي	حُوِيَ	يُحْوَى
حوي	حَوِيَ	يَحْوَى	-	-
حي	حَيَّ	يَحْيَا	حُيَّ	يُحْيَا
حيا	حَيَّا	يُحَيِّي	حُيِّيَ	يُحَيَّا
حيد	حَيَّدَ	يُحَيِّدُ	حُيِّدَ	يُحَيَّدُ
حير	حَيَّرَ	يُحَيِّرُ	حُيِّرَ	يُحَيَّرُ
حيعل	حَيْعَلَ	يُحَيْعِلُ	-	-
حين	حَيَّنَ	يُحَيِّنُ	حُيِّنَ	يُحَيَّنُ
حيي	حَيِيَ	يَحْيَا	حُيِيَ	يُحْيَا
خاب	خَابَ	يَخُوبُ	خِيبَ	يُخَابُ
خابر	خَابَرَ	يُخَابِرُ	خُوبِرَ	يُخَابَرُ
خادع	خَادَعَ	يُخَادِعُ	خُودِعَ	يُخَادَعُ
خار	خَارَ	يَخِيرُ	خِيرَ	يُخَارُ
خاصم	خَاصَمَ	يُخَاصِمُ	خُوصِمَ	يُخَاصَمُ
خاض	خَاضَ	يَخُوضُ	خِيضَ	يُخَاضُ
خاطب	خَاطَبَ	يُخَاطِبُ	خُوطِبَ	يُخَاطَبُ
خاطر	خَاطَرَ	يُخَاطِرُ	خُوطِرَ	يُخَاطَرُ
خاف	خَافَ	يَخَافُ	خِيفَ	يُخَافُ
خافت	خَافَتَ	يُخَافِتُ	خُوفِتَ	يُخَافَتُ
خال	خَالَّ	يُخَالُّ	خُولَّ	يُخَالُّ
خالط	خَالَطَ	يُخَالِطُ	خُولِطَ	يُخَالَطُ
خالف	خَالَفَ	يُخَالِفُ	خُولِفَ	يُخَالَفُ
خالل	خَالَلَ	يُخَالِلُ	خُولِلَ	يُخَالَلُ
خامر	خَامَرَ	يُخَامِرُ	خُومِرَ	يُخَامَرُ
خان	خَانَ	يَخُونُ	خِينَ	يُخَانُ
خانق	خَانَقَ	يُخَانِقُ	خُونِقَ	يُخَانَقُ
خب	خَبَّ	يَخُبُّ	-	-
خبأ	خَبَّأَ	يُخَبِّئُ	خُبِّئَ	يُخَبَّأُ
خبا	خَبَا	يَخْبُو	-	-
خبب	خَبَّبَ	يُخَبِّبُ	خُبِّبَ	يُخَبَّبُ
خبث	خَبُثَ	يَخْبُثُ	خُبِثَ	يُخْبَثُ
خبر	خَبَّرَ	يُخَبِّرُ	خُبِّرَ	يُخَبَّرُ
خبز	خَبَزَ	يَخْبِزُ	خُبِزَ	يُخْبَزُ
خبص	خَبَّصَ	يُخَبِّصُ	خُبِّصَ	يُخَبَّصُ
خبط	خَبَّطَ	يُخَبِّطُ	خُبِّطَ	يُخَبَّطُ
ختم	خَتَّمَ	يُخَتِّمُ	خُتِّمَ	يُخَتَّمُ
ختن	خَتَنَ	يَخْتِنُ	خُتِنَ	يُخْتَنُ
خثر	خَثَّرَ	يُخَثِّرُ	خُثِّرَ	يُخَثَّرُ
خجل	خَجَّلَ	يُخَجِّلُ	خُجِّلَ	يُخَجَّلُ
خدر	خَدَّرَ	يُخَدِّرُ	خُدِّرَ	يُخَدَّرُ
خدش	خَدَّشَ	يُخَدِّشُ	خُدِّشَ	يُخَدَّشُ
خدع	خَدَعَ	يَخْدَعُ	خُدِعَ	يُخْدَعُ
خدم	خَدَمَ	يَخْدِمُ	خُدِمَ	يُخْدَمُ
خذل	خَذَلَ	يَخْذُلُ	خُذِلَ	يُخْذَلُ
خر	خَرَّ	يَخُرُّ	خُرَّ	يُخَرُّ
خرئ	خَرِئَ	يَخْرَأُ	خُرِئَ	يُخْرَأُ
خرب	خَرَّبَ	يُخَرِّبُ	خُرِّبَ	يُخَرَّبُ
خربش	خَرْبَشَ	يُخَرْبِشُ	خُرْبِشَ	يُخَرْبَشُ
خربق	خَرْبَقَ	يُخَرْبِقُ	خُرْبِقَ	يُخَرْبَقُ
خرت	خَرَتَ	يَخْرُتُ	خُرِتَ	يُخْرَتُ
خرج	خَرَّجَ	يُخَرِّجُ	خُرِّجَ	يُخَرَّجُ
خرز	خَرَزَ	يَخْرِزُ	خُرِزَ	يُخْرَزُ
خرس	خَرَسَ	يَخْرُسُ	خُرِسَ	يُخْرَسُ
خرص	خَرَصَ	يَخْرُصُ	خُرِصَ	يُخْرَصُ
خرط	خَرَّطَ	يُخَرِّطُ	خُرِّطَ	يُخَرَّطُ
خرطم	خَرْطَمَ	يُخَرْطِمُ	خُرْطِمَ	يُخَرْطَمُ
خرف	خَرَّفَ	يُخَرِّفُ	خُرِّفَ	يُخَرَّفُ
خرق	خَرَقَ	يَخْرِقُ	خُرِقَ	يُخْرَقُ
خرم	خَرَمَ	يَخْرِمُ	خُرِمَ	يُخْرَمُ
خز	خَزَّ	يَخُزُّ	خُزَّ	يُخَزُّ
خزل	خَزِلَ	يَخْزَلُ	خُزِلَ	يُخْزَلُ
خزن	خَزَّنَ	يُخَزِّنُ	خُزِّنَ	يُخَزَّنُ
خزي	خَزِيَ	يَخْزَى	-	-
خس	خَسَّ	يَخُسُّ	-	-
خسأ	خَسَأَ	يَخْسَأُ	خُسِئَ	يُخْسَأُ
خسئ	خَسِئَ	يَخْسَأُ	-	-
خسر	خَسَّرَ	يُخَسِّرُ	خُسِّرَ	يُخَسَّرُ
خسف	خَسَفَ	يَخْسِفُ	خُسِفَ	يُخْسَفُ
خشب	خَشَّبَ	يُخَشِّبُ	خُشِّبَ	يُخَشَّبُ
خشع	خَشَعَ	يَخْشَعُ	خُشِعَ	يُخْشَعُ
خشن	خَشَّنَ	يُخَشِّنُ	خُشِّنَ	يُخَشَّنُ
خشي	خَشِيَ	يَخْشَى	خُشِيَ	يُخْشَى
خص	خَصَّ	يَخُصُّ	خُصَّ	يُخَصُّ
خصب	خَصَّبَ	يُخَصِّبُ	خُصِّبَ	يُخَصَّبُ
خصخص	خَصْخَصَ	يُخَصْخِصُ	خُصْخِصَ	يُخَصْخَصُ
خصص	خَصَّصَ	يُخَصِّصُ	خُصِّصَ	يُخَصَّصُ
خصف	خَصَفَ	يَخْصِفُ	خُصِفَ	يُخْصَفُ
خصم	خَصَمَ	يَخْصِمُ	خُصِمَ	يُخْصَمُ
خصى	خَصَى	يَخْصِي	خُصِيَ	يُخْصَى
خضب	خَضَّبَ	يُخَضِّبُ	خُضِّبَ	يُخَضَّبُ
خضخض	خَضْخَضَ	يُخَضْخِضُ	خُضْخِضَ	يُخَضْخَضُ
خضد	خَضَدَ	يَخْضِدُ	خُضِدَ	يُخْضَدُ
خضع	خَضَعَ	يَخْضَعُ	خُضِعَ	يُخْضَعُ
خضل	خَضَّلَ	يُخَضِّلُ	خُضِّلَ	يُخَضَّلُ
خط	خَطَّ	يَخُطُّ	خُطَّ	يُخَطُّ
خطأ	خَطَّأَ	يُخَطِّئُ	خُطِّئَ	يُخَطَّأُ
خطئ	خَطِئَ	يَخْطَأُ	خُطِئَ	يُخْطَأُ
خطا	خَطَا	يَخْطُو	-	-
خطب	خَطُبَ	يَخْطُبُ	خُطِبَ	يُخْطَبُ
خطر	خَطَرَ	يَخْطُرُ	خُطِرَ	يُخْطَرُ
خطط	خَطَّطَ	يُخَطِّطُ	خُطِّطَ	يُخَطَّطُ
خطف	خَطَفَ	يَخْطِفُ	خُطِفَ	يُخْطَفُ
خطم	خَطَّمَ	يُخَطِّمُ	خُطِّمَ	يُخَطَّمُ
خف	خَفَّ	يَخِفُّ	خُفَّ	يُخَفُّ
خفت	خَفَتَ	يَخْفِتُ	خُفِتَ	يُخْفَتُ
خفر	خَفِرَ	يَخْفَرُ	خُفِرَ	يُخْفَرُ
خفض	خَفَّضَ	يُخَفِّضُ	خُفِّضَ	يُخَفَّضُ
خفف	خَفَّفَ	يُخَفِّفُ	خُفِّفَ	يُخَفَّفُ
خفق	خَفَقَ	يَخْفِقُ	خُفِقَ	يُخْفَقُ
خفى	خَفَى	يَخْفِي	خُفِيَ	يُخْفَى
خفي	خَفِيَ	يَخْفَى	خُفِيَ	يُخْفَى
خل	خَلَّ	يَخُلُّ	خُلَّ	يُخَلُّ
خلا	خَلَا	يَخْلُو	خُلِيَ	يُخْلَى
خلب	خَلَّبَ	يُخَلِّبُ	خُلِّبَ	يُخَلَّبُ
خلخل	خَلْخَلَ	يُخَلْخِلُ	خُلْخِلَ	يُخَلْخَلُ
خلد	خَلَّدَ	يُخَلِّدُ	خُلِّدَ	يُخَلَّدُ
خلس	خَلَسَ	يَخْلِسُ	خُلِسَ	يُخْلَسُ
خلص	خَلَّصَ	يُخَلِّصُ	خُلِّصَ	يُخَلَّصُ
خلط	خَلَّطَ	يُخَلِّطُ	خُلِّطَ	يُخَلَّطُ
خلع	خَلَّعَ	يُخَلِّعُ	خُلِّعَ	يُخَلَّعُ
خلف	خَلَّفَ	يُخَلِّفُ	خُلِّفَ	يُخَلَّفُ
خلق	خَلَقَ	يَخْلُقُ	خُلِّقَ	يُخَلَّقُ
خلل	خَلَّلَ	يُخَلِّلُ	خُلِّلَ	يُخَلَّلُ
خلى	خَلَّى	يُخَلِّي	خُلِّيَ	يُخَلَّى
خم	خَمَّ	يَخُمُّ	خُمَّ	يُخَمُّ
خمد	خَمَدَ	يَخْمُدُ	-	-
خمر	خَمَّرَ	يُخَمِّرُ	خُمِّرَ	يُخَمَّرُ
خمش	خَمَّشَ	يُخَمِّشُ	خُمِّشَ	يُخَمَّشُ
خمط	خَمَطَ	يَخْمِطُ	خُمِطَ	يُخْمَطُ
خمع	خَمَعَ	يَخْمَعُ	-	-
خمل	خَمَلَ	يَخْمُلُ	خُمِلَ	يُخْمَلُ
خمن	خَمَّنَ	يُخَمِّنُ	خُمِّنَ	يُخَمَّنُ
خن	خَنَّ	يَخِنُّ	خُنَّ	يُخَنُّ
خنب	خَنِبَ	يَخْنَبُ	خُنِبَ	يُخْنَبُ
خندق	خَنْدَقَ	يُخَنْدِقُ	خُنْدِقَ	يُخَنْدَقُ
خنس	خَنَسَ	يَخْنُسُ	-	-
خنع	خَنَعَ	يَخْنَعُ	خُنِعَ	يُخْنَعُ
خنفر	خَنْفَرَ	يُخَنْفِرُ	-	-
خنق	خَنَقَ	يَخْنُقُ	خُنِقَ	يُخْنَقُ
خور	خَوَّرَ	يُخَوِّرُ	خُوِّرَ	يُخَوَّرُ
خوش	خَوَّشَ	يُخَوِّشُ	خُوِّشَ	يُخَوَّشُ
خوص	خَوِصَ	يَخْوَصُ	-	-
خوف	خَوَّفَ	يُخَوِّفُ	خُوِّفَ	يُخَوَّفُ
خول	خَوَّلَ	يُخَوِّلُ	خُوِّلَ	يُخَوَّلُ
خون	خَوَّنَ	يُخَوِّنُ	خُوِّنَ	يُخَوَّنُ
خوى	خَوَى	يَخْوِي	خُوِيَ	يُخْوَى
خوي	خَوِيَ	يَخْوَى	خُوِيَ	يُخْوَى
خيب	خَيَّبَ	يُخَيِّبُ	خُيِّبَ	يُخَيَّبُ
خير	خَيَّرَ	يُخَيِّرُ	خُيِّرَ	يُخَيَّرُ
خيط	خَيَّطَ	يُخَيِّطُ	خُيِّطَ	يُخَيَّطُ
خيل	خَيَّلَ	يُخَيِّلُ	خُيِّلَ	يُخَيَّلُ
خيم	خَيَّمَ	يُخَيِّمُ	خُيِّمَ	يُخَيَّمُ
دأب	دَأَبَ	يَدْؤُبُ	دُئِبَ	يُدْأَبُ
داب	دَابَ	يَدُوبُ	-	-
داث	دَاثَ	يَدِيثُ	-	-
داخ	دَاخَ	يَدُوخُ	-	-
داخل	دَاخَلَ	يُدَاخِلُ	دُوخِلَ	يُدَاخَلُ
دار	دَارَ	يَدُورُ	دِيرَ	يُدَارُ
دارس	دَارَسَ	يُدَارِسُ	دُورِسَ	يُدَارَسُ
داس	دَاسَ	يَدُوسُ	دِيسَ	يُدَاسُ
داعب	دَاعَبَ	يُدَاعِبُ	دُوعِبَ	يُدَاعَبُ
دافع	دَافَعَ	يُدَافِعُ	دُوفِعَ	يُدَافَعُ
دام	دَامَ	يَدُومُ	دِيمَ	يُدَامُ
دامل	دَامَلَ	يُدَامِلُ	دُومِلَ	يُدَامَلُ
دان	دَانَ	يَدِينُ	دِينَ	يُدَانُ
داهم	دَاهَمَ	يُدَاهِمُ	دُوهِمَ	يُدَاهَمُ
داهن	دَاهَنَ	يُدَاهِنُ	دُوهِنَ	يُدَاهَنُ
داور	دَاوَرَ	يُدَاوِرُ	دُووِرَ	يُدَاوَرُ
داول	دَاوَلَ	يُدَاوِلُ	دُووِلَ	يُدَاوَلُ
داوى	دَاوَى	يُدَاوِي	دُووِيَ	يُدَاوَى
دب	دَبَّ	يَدِبُّ	دُبَّ	يُدَبُّ
دبب	دَبَّبَ	يُدَبِّبُ	دُبِّبَ	يُدَبَّبُ
دبج	دَبَّجَ	يُدَبِّجُ	دُبِّجَ	يُدَبَّجُ
دبر	دَبَّرَ	يُدَبِّرُ	دُبِّرَ	يُدَبَّرُ
دبش	دَبَشَ	يَدْبُشُ	دُبِشَ	يُدْبَشُ
دبغ	دَبَغَ	يَدْبِغُ	دُبِغَ	يُدْبَغُ
دبق	دَبَّقَ	يُدَبِّقُ	دُبِّقَ	يُدَبَّقُ
دبل	دَبَّلَ	يُدَبِّلُ	دُبِّلَ	يُدَبَّلُ
دبلج	دَبْلَجَ	يُدَبْلِجُ	دُبْلِجَ	يُدَبْلَجُ
دجا	دَجَا	يَدْجُو	دُجِيَ	يُدْجَى
دجج	دَجَّجَ	يُدَجِّجُ	دُجِّجَ	يُدَجَّجُ
دجر	دَجِرَ	يَدْجَرُ	-	-
دجن	دَجَّنَ	يُدَجِّنُ	دُجِّنَ	يُدَجَّنُ
دحا	دَحَا	يَدْحُو	دُحِيَ	يُدْحَى
دحر	دَحَرَ	يَدْحَرُ	دُحِرَ	يُدْحَرُ
دحرج	دَحْرَجَ	يُدَحْرِجُ	دُحْرِجَ	يُدَحْرَجُ
دحس	دَحَسَ	يَدْحَسُ	دُحِسَ	يُدْحَسُ
دحض	دَحَضَ	يَدْحَضُ	دُحِضَ	يُدْحَضُ
دخل	دَخَّلَ	يُدَخِّلُ	دُخِّلَ	يُدَخَّلُ
دخن	دَخَّنَ	يُدَخِّنُ	دُخِّنَ	يُدَخَّنُ
در	دَرَّ	يَدُرُّ	دُرَّ	يُدَرُّ
درأ	دَرَأَ	يَدْرَأُ	دُرِئَ	يُدْرَأُ
درب	دَرَّبَ	يُدَرِّبُ	دُرِّبَ	يُدَرَّبُ
دربس	دَرْبَسَ	يُدَرْبِسُ	دُرْبِسَ	يُدَرْبَسُ
درج	دَرَّجَ	يُدَرِّجُ	دُرِّجَ	يُدَرَّجُ
دردش	دَرْدَشَ	يُدَرْدِشُ	دُرْدِشَ	يُدَرْدَشُ
درز	دَرَزَ	يَدْرُزُ	دُرِزَ	يُدْرَزُ
درس	دَرَّسَ	يُدَرِّسُ	دُرِّسَ	يُدَرَّسُ
درع	دَرَّعَ	يُدَرِّعُ	دُرِّعَ	يُدَرَّعُ
درك	دَرَّكَ	يُدَرِّكُ	-	-
درى	دَرَى	يَدْرِي	دُرِيَ	يُدْرَى
دس	دَسَّ	يَدُسُّ	دُسَّ	يُدَسُّ
دسس	دَسَّسَ	يُدَسِّسُ	دُسِّسَ	يُدَسَّسُ
دسم	دَسَّمَ	يُدَسِّمُ	دُسِّمَ	يُدَسَّمُ
دشن	دَشَّنَ	يُدَشِّنُ	دُشِّنَ	يُدَشَّنُ
دع	دَعَّ	يَدُعُّ	دُعَّ	يُدَعُّ
دعا	دَعَا	يَدْعُو	دُعِيَ	يُدْعَى
دعس	دَعَسَ	يَدْعَسُ	دُعِسَ	يُدْعَسُ
دعش	دَعَّشَ	يُدَعِّشُ	دُعِّشَ	يُدَعَّشُ
دعك	دَعَّكَ	يُدَعِّكُ	دُعِّكَ	يُدَعَّكُ
دعم	دَعَمَ	يَدْعَمُ	دُعِمَ	يُدْعَمُ
دغدغ	دَغْدَغَ	يُدَغْدِغُ	دُغْدِغَ	يُدَغْدَغُ
دف	دَفَّ	يَدِفُّ	-	-
دفأ	دَفَّأَ	يُدَفِّئُ	دُفِّئَ	يُدَفَّأُ
دفر	دَفِرَ	يَدْفَرُ	-	-
دفع	دَفَعَ	يَدْفَعُ	دُفِعَ	يُدْفَعُ
دفف	دَفَّفَ	يُدَفِّفُ	دُفِّفَ	يُدَفَّفُ
دفق	دَفَّقَ	يُدَفِّقُ	دُفِّقَ	يُدَفَّقُ
دفن	دَفَّنَ	يُدَفِّنُ	دُفِّنَ	يُدَفَّنُ
دق	دَقَّ	يَدِقُّ	دُقَّ	يُدَقُّ
دقرط	دَقْرَطَ	يُدَقْرِطُ	دُقْرِطَ	يُدَقْرَطُ
دقع	دَقِعَ	يَدْقَعُ	-	-
دقق	دَقَّقَ	يُدَقِّقُ	دُقِّقَ	يُدَقَّقُ
دك	دَكَّ	يَدُكُّ	دُكَّ	يُدَكُّ
دل	دَلَّ	يَدُلُّ	دُلَّ	يُدَلُّ
دلدل	دَلْدَلَ	يُدَلْدِلُ	-	-
دلع	دَلَّعَ	يُدَلِّعُ	دُلِّعَ	يُدَلَّعُ
دلف	دَلَفَ	يَدْلِفُ	-	-
دلق	دَلَقَ	يَدْلُقُ	دُلِقَ	يُدْلَقُ
دلك	دَلَّكَ	يُدَلِّكُ	دُلِّكَ	يُدَلَّكُ
دلل	دَلَّلَ	يُدَلِّلُ	دُلِّلَ	يُدَلَّلُ
دلى	دَلَّى	يُدَلِّي	دُلِّيَ	يُدَلَّى
دم	دَمَّ	يَدُمُّ	دُمَّ	يُدَمُّ
دمج	دَمَجَ	يَدْمُجُ	دُمِجَ	يُدْمَجُ
دمدم	دَمْدَمَ	يُدَمْدِمُ	دُمْدِمَ	يُدَمْدَمُ
دمر	دَمَّرَ	يُدَمِّرُ	دُمِّرَ	يُدَمَّرُ
دمس	دَمَسَ	يَدْمُسُ	دُمِسَ	يُدْمَسُ
دمع	دَمَعَ	يَدْمَعُ	دُمِعَ	يُدْمَعُ
دمغ	دَمَغَ	يَدْمُغُ	دُمِغَ	يُدْمَغُ
دمل	دَمَلَ	يَدْمُلُ	دُمِلَ	يُدْمَلُ
دمم	دَمَّمَ	يُدَمِّمُ	دُمِّمَ	يُدَمَّمُ
دمن	دَمِنَ	يَدْمَنُ	دُمِّنَ	يُدَمَّنُ
دمى	دَمَّى	يُدَمِّي	دُمِّيَ	يُدَمَّى
دمي	دَمِيَ	يَدْمَى	-	-
دنا	دَنَا	يَدْنُو	دُنِيَ	يُدْنَى
دندن	دَنْدَنَ	يُدَنْدِنُ	دُنْدِنَ	يُدَنْدَنُ
دنر	دَنَّرَ	يُدَنِّرُ	دُنِّرَ	يُدَنَّرُ
دنس	دَنَّسَ	يُدَنِّسُ	دُنِّسَ	يُدَنَّسُ
دهر	دَهَرَ	يَدْهَرُ	دُهِرَ	يُدْهَرُ
دهس	دَهَسَ	يَدْهَسُ	دُهِسَ	يُدْهَسُ
دهش	دَهَّشَ	يُدَهِّشُ	دُهِّشَ	يُدَهَّشُ
دهم	دَهَّمَ	يُدَهِّمُ	دُهِّمَ	يُدَهَّمُ
دهن	دَهَّنَ	يُدَهِّنُ	دُهِّنَ	يُدَهَّنُ
دهي	دَهِيَ	يَدْهَى	-	-
دور	دَوَّرَ	يُدَوِّرُ	دُوِّرَ	يُدَوَّرُ
دوزن	دَوْزَنَ	يُدَوْزِنُ	دُوزِنَ	يُدَوْزَنُ
دول	دَوَّلَ	يُدَوِّلُ	دُوِّلَ	يُدَوَّلُ
دوم	دَوَّمَ	يُدَوِّمُ	دُوِّمَ	يُدَوَّمُ
دون	دَوَّنَ	يُدَوِّنُ	دُوِّنَ	يُدَوَّنُ
دوى	دَوَّى	يُدَوِّي	دُوِّيَ	يُدَوَّى
دوي	دَوِيَ	يَدْوَى	-	-
ديث	دَيَّثَ	يُدَيِّثُ	دُيِّثَ	يُدَيَّثُ
دين	دَيَّنَ	يُدَيِّنُ	دُيِّنَ	يُدَيَّنُ
ذاب	ذَابَ	يَذُوبُ	-	-
ذاد	ذَادَ	يَذُودُ	ذِيدَ	يُذَادُ
ذاع	ذَاعَ	يَذِيعُ	ذِيعَ	يُذَاعُ
ذاق	ذَاقَ	يَذُوقُ	ذِيقَ	يُذَاقُ
ذاكر	ذَاكَرَ	يُذَاكِرُ	ذُوكِرَ	يُذَاكَرُ
ذال	ذَالَ	يَذِيلُ	ذِيلَ	يُذَالُ
ذبح	ذَبَّحَ	يُذَبِّحُ	ذُبِّحَ	يُذَبَّحُ
ذبذب	ذَبْذَبَ	يُذَبْذِبُ	ذُبْذِبَ	يُذَبْذَبُ
ذخر	ذَخَّرَ	يُذَخِّرُ	ذُخِّرَ	يُذَخَّرُ
ذر	ذَرَّ	يَذَرُّ	ذُرَّ	يُذَرُّ
ذرأ	ذَرَأَ	يَذْرَأُ	ذُرِئَ	يُذْرَأُ
ذرا	ذَرَا	يَذْرُو	ذُرِيَ	يُذْرَى
ذرف	ذَرَفَ	يَذْرِفُ	ذُرِفَ	يُذْرَفُ
ذرق	ذَرَقَ	يَذْرِقُ	-	-
ذرى	ذَرَى	يَذْرِي	ذُرِيَ	يُذْرَى
ذعن	ذَعِنَ	يَذْعَنُ	ذُعِنَ	يُذْعَنُ
ذكر	ذَكَّرَ	يُذَكِّرُ	ذُكِّرَ	يُذَكَّرُ
ذكى	ذَكَّى	يُذَكِّي	ذُكِّيَ	يُذَكَّى
ذكي	ذَكِيَ	يَذْكَى	-	-
ذل	ذَلَّ	يَذِلُّ	ذُلَّ	يُذَلُّ
ذلل	ذَلَّلَ	يُذَلِّلُ	ذُلِّلَ	يُذَلَّلُ
ذم	ذَمَّ	يَذُمُّ	ذُمَّ	يُذَمُّ
ذنب	ذَنَّبَ	يُذَنِّبُ	ذُنِّبَ	يُذَنَّبُ
ذهب	ذَهَّبَ	يُذَهِّبُ	ذُهِّبَ	يُذَهَّبُ
ذهل	ذَهِلَ	يَذْهَلُ	ذُهِلَ	يُذْهَلُ
ذوب	ذَوَّبَ	يُذَوِّبُ	ذُوِّبَ	يُذَوَّبُ
ذيل	ذَيَّلَ	يُذَيِّلُ	ذُيِّلَ	يُذَيَّلُ
رأس	رَأَّسَ	يُرَئِّسُ	رُئِّسَ	يُرَأَّسُ
رأف	رَأَفَ	يَرْأَفُ	رُئِفَ	يُرْأَفُ
رأى	رَأَى	يَرَى	رُئِيَ	يُرَى
راءى	رَاءَى	يُرَائِي	رُوئِيَ	يُرَاءَى
راب	رَابَ	يَرِيبُ	رِيبَ	يُرَابُ
رابط	رَابَطَ	يُرَابِطُ	رُوبِطَ	يُرَابَطُ
راث	رَاثَ	يَرِيثُ	رِيثَ	يُرَاثُ
راج	رَاجَ	يَرُوجُ	-	-
راجع	رَاجَعَ	يُرَاجِعُ	رُوجِعَ	يُرَاجَعُ
راح	رَاحَ	يَرُوحُ	رِيحَ	يُرَاحُ
راد	رَادَّ	يُرَادُّ	رُودِدَ	يُرَادُّ
رادد	رَادَدَ	يُرَادِدُ	رُودِدَ	يُرَادَدُ
رادف	رَادَفَ	يُرَادِفُ	رُودِفَ	يُرَادَفُ
راضى	رَاضَى	يُرَاضِي	رُوضِيَ	يُرَاضَى
راع	رَاعَ	يَرُوعُ	رِيعَ	يُرَاعُ
راعى	رَاعَى	يُرَاعِي	رُوعِيَ	يُرَاعَى
راغ	رَاغَ	يَرُوغُ	رِيغَ	يُرَاغُ
رافع	رَافَعَ	يُرَافِعُ	رُوفِعَ	يُرَافَعُ
رافق	رَافَقَ	يُرَافِقُ	رُوفِقَ	يُرَافَقُ
راق	رَاقَ	يَرُوقُ	رِيقَ	يُرَاقُ
راقب	رَاقَبَ	يُرَاقِبُ	رُوقِبَ	يُرَاقَبُ
راقص	رَاقَصَ	يُرَاقِصُ	رُوقِصَ	يُرَاقَصُ
رام	رَامَ	يَرِيمُ	رِيمَ	يُرَامُ
ران	رَانَ	يَرِينُ	رِينَ	يُرَانُ
راهق	رَاهَقَ	يُرَاهِقُ	-	-
راهن	رَاهَنَ	يُرَاهِنُ	رُوهِنَ	يُرَاهَنُ
راود	رَاوَدَ	يُرَاوِدُ	رُووِدَ	يُرَاوَدُ
رب	رَبَّ	يَرُبُّ	رُبَّ	يُرَبُّ
ربا	رَبَا	يَرْبُو	رُبِيَ	يُرْبَى
ربب	رَبَّبَ	يُرَبِّبُ	رُبِّبَ	يُرَبَّبُ
ربت	رَبَّتَ	يُرَبِّتُ	رُبِّتَ	يُرَبَّتُ
ربح	رَبِحَ	يَرْبَحُ	رُبِحَ	يُرْبَحُ
ربد	رَبَّدَ	يُرَبِّدُ	رُبِدَ	يُرْبَدُ
ربش	رَبِشَ	يَرْبَشُ	رُبِشَ	يُرْبَشُ
ربض	رَبَّضَ	يُرَبِّضُ	رُبِّضَ	يُرَبَّضُ
ربط	رَبَطَ	يَرْبُطُ	رُبِطَ	يُرْبَطُ
ربك	رَبِكَ	يَرْبَكُ	رُبِكَ	يُرْبَكُ
ربى	رَبَّى	يُرَبِّي	رُبِّيَ	يُرَبَّى
رتب	رَتَّبَ	يُرَتِّبُ	رُتِّبَ	يُرَتَّبُ
رتع	رَتَعَ	يَرْتَعُ	رُتِعَ	يُرْتَعُ
رتل	رَتَّلَ	يُرَتِّلُ	رُتِّلَ	يُرَتَّلُ
رتم	رَتَمَ	يَرْتِمُ	رُتِمَ	يُرْتَمُ
رثى	رَثَى	يَرْثِي	رُثِيَ	يُرْثَى
رج	رَجَّ	يَرُجُّ	رُجَّ	يُرَجُّ
رجا	رَجَا	يَرْجُو	رُجِيَ	يُرْجَى
رجح	رَجَّحَ	يُرَجِّحُ	رُجِّحَ	يُرَجَّحُ
رجرج	رَجْرَجَ	يُرَجْرِجُ	رُجْرِجَ	يُرَجْرَجُ
رجس	رَجَّسَ	يُرَجِّسُ	رُجِّسَ	يُرَجَّسُ
رجع	رَجَّعَ	يُرَجِّعُ	رُجِّعَ	يُرَجَّعُ
رجف	رَجَفَ	يَرْجُفُ	رُجِفَ	يُرْجَفُ
رجل	رَجَّلَ	يُرَجِّلُ	رُجِّلَ	يُرَجَّلُ
رجم	رَجَمَ	يَرْجُمُ	رُجِمَ	يُرْجَمُ
رحا	رَحَا	يَرْحُو	رُحِيَ	يُرْحَى
رحب	رَحَّبَ	يُرَحِّبُ	رُحِّبَ	يُرَحَّبُ
رحض	رَحَضَ	يَرْحَضُ	رُحِضَ	يُرْحَضُ
رحل	رَحَّلَ	يُرَحِّلُ	رُحِّلَ	يُرَحَّلُ
رحم	رَحَّمَ	يُرَحِّمُ	رُحِّمَ	يُرَحَّمُ
رحى	رَحَى	يَرْحِي	رُحِيَ	يُرْحَى
رخ	رَخَّ	يَرُخُّ	رُخَّ	يُرَخُّ
رخم	رَخَّمَ	يُرَخِّمُ	رُخِّمَ	يُرَخَّمُ
رخو	رَخُوَ	يَرْخُو	-	-
رد	رَدَّ	يَرُدُّ	رُدَّ	يُرَدُّ
ردد	رَدَّدَ	يُرَدِّدُ	رُدِّدَ	يُرَدَّدُ
ردع	رَدَعَ	يَرْدَعُ	رُدِعَ	يُرْدَعُ
ردف	رَدِفَ	يَرْدَفُ	رُدِفَ	يُرْدَفُ
ردم	رَدَمَ	يَرْدِمُ	رُدِمَ	يُرْدَمُ
ردن	رَدَنَ	يَرْدِنُ	رُدِّنَ	يُرَدَّنُ
ردى	رَدَّى	يُرَدِّي	رُدِّيَ	يُرَدَّى
ردي	رَدِيَ	يَرْدَى	رُدِيَ	يُرْدَى
رذ	رَذَّ	يَرُذُّ	-	-
رذل	رَذُلَ	يَرْذُلُ	رُذِلَ	يُرْذَلُ
رز	رَزَّ	يَرُزُّ	رُزَّ	يُرَزُّ
رزز	رَزَّزَ	يُرَزِّزُ	رُزِّزَ	يُرَزَّزُ
رزق	رَزَقَ	يَرْزُقُ	رُزِقَ	يُرْزَقُ
رسا	رَسَا	يَرْسُو	رُسِيَ	يُرْسَى
رسب	رَسَّبَ	يُرَسِّبُ	رُسِّبَ	يُرَسَّبُ
رسخ	رَسَّخَ	يُرَسِّخُ	رُسِّخَ	يُرَسَّخُ
رسغ	رَسَّغَ	يُرَسِّغُ	رُسِّغَ	يُرَسَّغُ
رسم	رَسَّمَ	يُرَسِّمُ	رُسِّمَ	يُرَسَّمُ
رسمل	رَسْمَلَ	يُرَسْمِلُ	رُسْمِلَ	يُرَسْمَلُ
رسن	رَسَنَ	يَرْسِنُ	رُسِنَ	يُرْسَنُ
رش	رَشَّ	يَرُشُّ	رُشَّ	يُرَشُّ
رشا	رَشَا	يَرْشُو	رُشِيَ	يُرْشَى
رشح	رَشَّحَ	يُرَشِّحُ	رُشِّحَ	يُرَشَّحُ
رشد	رَشَّدَ	يُرَشِّدُ	رُشِّدَ	يُرَشَّدُ
رشف	رَشَفَ	يَرْشِفُ	رُشِفَ	يُرْشَفُ
رشق	رَشُقَ	يَرْشُقُ	رُشِقَ	يُرْشَقُ
رص	رَصَّ	يَرُصُّ	رُصَّ	يُرَصُّ
رصد	رَصَدَ	يَرْصُدُ	رُصِدَ	يُرْصَدُ
رصص	رَصَّصَ	يُرَصِّصُ	رُصِّصَ	يُرَصَّصُ
رصع	رَصَّعَ	يُرَصِّعُ	رُصِّعَ	يُرَصَّعُ
رصف	رَصَّفَ	يُرَصِّفُ	رُصِّفَ	يُرَصَّفُ
رض	رَضَّ	يَرُضُّ	رُضَّ	يُرَضُّ
رضخ	رَضَّخَ	يُرَضِّخُ	رُضِّخَ	يُرَضَّخُ
رضع	رَضَّعَ	يُرَضِّعُ	رُضِّعَ	يُرَضَّعُ
رضي	رَضِيَ	يَرْضَى	رُضِيَ	يُرْضَى
رعا	رَعَا	يَرْعُو	رُعِيَ	يُرْعَى
رعب	رَعَبَ	يَرْعَبُ	رُعِبَ	يُرْعَبُ
رعد	رَعَدَ	يَرْعُدُ	رُعِدَ	يُرْعَدُ
رعرع	رَعْرَعَ	يُرَعْرِعُ	-	-
رعن	رَعِنَ	يَرْعَنُ	-	-
رعى	رَعَى	يَرْعَى	رُعِيَ	يُرْعَى
رغب	رَغِبَ	يَرْغَبُ	رُغِبَ	يُرْغَبُ
رغم	رَغَّمَ	يُرَغِّمُ	رُغِّمَ	يُرَغَّمُ
رف	رَفَّ	يَرِفُّ	رُفَّ	يُرَفُّ
رفأ	رَفَأَ	يَرْفَأُ	رُفِئَ	يُرْفَأُ
رفرف	رَفْرَفَ	يُرَفْرِفُ	رُفْرِفَ	يُرَفْرَفُ
رفس	رَفَسَ	يَرْفِسُ	رُفِسَ	يُرْفَسُ
رفض	رَفَضَ	يَرْفِضُ	رُفِضَ	يُرْفَضُ
رفع	رَفَّعَ	يُرَفِّعُ	رُفِّعَ	يُرَفَّعُ
رفق	رَفِقَ	يَرْفَقُ	رُفِقَ	يُرْفَقُ
رفه	رَفَّهَ	يُرَفِّهُ	رُفِّهَ	يُرَفَّهُ
رق	رَقَّ	يَرِقُّ	رُقَّ	يُرَقُّ
رقب	رَقِبَ	يَرْقَبُ	رُقِبَ	يُرْقَبُ
رقد	رَقَّدَ	يُرَقِّدُ	رُقِّدَ	يُرَقَّدُ
رقص	رَقَّصَ	يُرَقِّصُ	رُقِّصَ	يُرَقَّصُ
رقع	رَقُعَ	يَرْقُعُ	رُقِّعَ	يُرَقَّعُ
رقق	رَقَّقَ	يُرَقِّقُ	رُقِّقَ	يُرَقَّقُ
رقم	رَقَّمَ	يُرَقِّمُ	رُقِّمَ	يُرَقَّمُ
رقى	رَقَّى	يُرَقِّي	رُقِّيَ	يُرَقَّى
رقي	رَقِيَ	يَرْقَى	رُقِيَ	يُرْقَى
رك	رَكَّ	يَرِكُّ	-	-
ركب	رَكَبَ	يَرْكُبُ	رُكِبَ	يُرْكَبُ
ركد	رَكَدَ	يَرْكُدُ	-	-
ركز	رَكَّزَ	يُرَكِّزُ	رُكِّزَ	يُرَكَّزُ
ركض	رَكَضَ	يَرْكُضُ	رُكِضَ	يُرْكَضُ
ركع	رَكَعَ	يَرْكَعُ	رُكِعَ	يُرْكَعُ
ركل	رَكَلَ	يَرْكُلُ	رُكِلَ	يُرْكَلُ
ركمج	رَكْمَجَ	يُرَكْمِجُ	رُكْمِجَ	يُرَكْمَجُ
ركن	رَكُنَ	يَرْكُنُ	رُكِنَ	يُرْكَنُ
رم	رَمَّ	يَرُمُّ	رُمَّ	يُرَمُّ
رمث	رَمِثَ	يَرْمَثُ	رُمِثَ	يُرْمَثُ
رمح	رَمَحَ	يَرْمَحُ	رُمِحَ	يُرْمَحُ
رمد	رَمَّدَ	يُرَمِّدُ	رُمِّدَ	يُرَمَّدُ
رمرم	رَمْرَمَ	يُرَمْرِمُ	-	-
رمز	رَمَّزَ	يُرَمِّزُ	رُمِّزَ	يُرَمَّزُ
رمس	رَمَسَ	يَرْمُسُ	رُمِسَ	يُرْمَسُ
رمش	رَمَشَ	يَرْمِشُ	رُمِشَ	يُرْمَشُ
رمص	رَمِصَ	يَرْمَصُ	رُمِصَ	يُرْمَصُ
رمق	رَمَقَ	يَرْمُقُ	رُمِقَ	يُرْمَقُ
رمل	رَمَّلَ	يُرَمِّلُ	رُمِّلَ	يُرَمَّلُ
رمم	رَمَّمَ	يُرَمِّمُ	رُمِّمَ	يُرَمَّمُ
رمى	رَمَى	يَرْمِي	رُمِيَ	يُرْمَى
رن	رَنَّ	يَرِنُّ	رُنَّ	يُرَنُّ
رنا	رَنَا	يَرْنُو	رُنِيَ	يُرْنَى
رهب	رَهَّبَ	يُرَهِّبُ	رُهِّبَ	يُرَهَّبُ
رهط	رَهَطَ	يَرْهَطُ	رُهِطَ	يُرْهَطُ
رهق	رَهِقَ	يَرْهَقُ	رُهِقَ	يُرْهَقُ
رهل	رَهَّلَ	يُرَهِّلُ	رُهِّلَ	يُرَهَّلُ
رهن	رَهَنَ	يَرْهَنُ	رُهِنَ	يُرْهَنُ
روج	رَوَّجَ	يُرَوِّجُ	رُوِّجَ	يُرَوَّجُ
روس	رَوَّسَ	يُرَوِّسُ	رُوِّسَ	يُرَوَّسُ
روض	رَوَّضَ	يُرَوِّضُ	رُوِّضَ	يُرَوَّضُ
روع	رَوَّعَ	يُرَوِّعُ	رُوِّعَ	يُرَوَّعُ
روق	رَوَّقَ	يُرَوِّقُ	رُوِّقَ	يُرَوَّقُ
روى	رَوَى	يَرْوِي	رُوِيَ	يُرْوَى
روي	رَوِيَ	يَرْوَى	رُوِيَ	يُرْوَى
ريح	رَيَّحَ	يُرَيِّحُ	رُيِّحَ	يُرَيَّحُ
ريش	رَيَّشَ	يُرَيِّشُ	رُيِّشَ	يُرَيَّشُ
ريف	رَيَّفَ	يُرَيِّفُ	رُيِّفَ	يُرَيَّفُ
ريم	رَيَّمَ	يُرَيِّمُ	رُيِّمَ	يُرَيَّمُ
زأر	زَأَرَ	يَزْئِرُ	-	-
زأم	زَأَمَ	يَزْأَمُ	زُئِمَ	يُزْأَمُ
زئر	زَئِرَ	يَزْأَرُ	-	-
زئم	زَئِمَ	يَزْأَمُ	زُئِمَ	يُزْأَمُ
زاح	زَاحَ	يَزِيحُ	زِيحَ	يُزَاحُ
زاحم	زَاحَمَ	يُزَاحِمُ	زُوحِمَ	يُزَاحَمُ
زاد	زَادَ	يَزِيدُ	زِيدَ	يُزَادُ
زار	زَارَ	يَزُورُ	زِيرَ	يُزَارُ
زارع	زَارَعَ	يُزَارِعُ	زُورِعَ	يُزَارَعُ
زاغ	زَاغَ	يَزِيغُ	زِيغَ	يُزَاغُ
زاف	زَافَ	يَزِيفُ	-	-
زال	زَالَ	يَزِيلُ	زِيلَ	يُزَالُ
زان	زَانَ	يَزِينُ	زِينَ	يُزَانُ
زاول	زَاوَلَ	يُزَاوِلُ	زُووِلَ	يُزَاوَلُ
زايد	زَايَدَ	يُزَايِدُ	زُويِدَ	يُزَايَدُ
زب	زَبَّ	يَزَبُّ	-	-
زبب	زَبَّبَ	يُزَبِّبُ	زُبِّبَ	يُزَبَّبُ
زبد	زَبَّدَ	يُزَبِّدُ	زُبِّدَ	يُزَبَّدُ
زبر	زَبَّرَ	يُزَبِّرُ	زُبِّرَ	يُزَبَّرُ
زبط	زَبَطَ	يَزْبِطُ	زُبِطَ	يُزْبَطُ
زبل	زَبَّلَ	يُزَبِّلُ	زُبِّلَ	يُزَبَّلُ
زج	زَجَّ	يَزُجُّ	زُجَّ	يُزَجُّ
زجر	زَجَرَ	يَزْجُرُ	زُجِرَ	يُزْجَرُ
زحر	زَحَرَ	يَزْحِرُ	زُحِرَ	يُزْحَرُ
زحزح	زَحْزَحَ	يُزَحْزِحُ	زُحْزِحَ	يُزَحْزَحُ
زحف	زَحَفَ	يَزْحَفُ	زُحِفَ	يُزْحَفُ
زحل	زَحَّلَ	يُزَحِّلُ	زُحِّلَ	يُزَحَّلُ
زحلق	زَحْلَقَ	يُزَحْلِقُ	زُحْلِقَ	يُزَحْلَقُ
زحم	زَحَمَ	يَزْحَمُ	زُحِمَ	يُزْحَمُ
زخ	زَخَّ	يَزُخُّ	-	-
زخرف	زَخْرَفَ	يُزَخْرِفُ	زُخْرِفَ	يُزَخْرَفُ
زر	زَرَّ	يَزُرُّ	زُرَّ	يُزَرُّ
زرد	زَرَدَ	يَزْرُدُ	زُرِدَ	يُزْرَدُ
زرع	زَرَعَ	يَزْرَعُ	زُرِعَ	يُزْرَعُ
زرق	زَرَقَ	يَزْرِقُ	زُرِقَ	يُزْرَقُ
زركش	زَرْكَشَ	يُزَرْكِشُ	زُرْكِشَ	يُزَرْكَشُ
زعزع	زَعْزَعَ	يُزَعْزِعُ	زُعْزِعَ	يُزَعْزَعُ
زعط	زَعَطَ	يَزْعَطُ	زُعِطَ	يُزْعَطُ
زعق	زَعَّقَ	يُزَعِّقُ	زُعِّقَ	يُزَعَّقُ
زعل	زَعَّلَ	يُزَعِّلُ	زُعِّلَ	يُزَعَّلُ
زعم	زَعَمَ	يَزْعُمُ	زُعِمَ	يُزْعَمُ
زغرد	زَغْرَدَ	يُزَغْرِدُ	-	-
زف	زَفَّ	يَزُفُّ	زُفَّ	يُزَفُّ
زفت	زَفَّتَ	يُزَفِّتُ	زُفِّتَ	يُزَفَّتُ
زفر	زَفَرَ	يَزْفِرُ	-	-
زفن	زَفَنَ	يَزْفِنُ	زُفِنَ	يُزْفَنُ
زق	زَقَّ	يَزُقُّ	زُقَّ	يُزَقُّ
زقزق	زَقْزَقَ	يُزَقْزِقُ	-	-
زكا	زَكَا	يَزْكُو	زُكِيَ	يُزْكَى
زكى	زَكَّى	يُزَكِّي	زُكِّيَ	يُزَكَّى
زكي	زَكِيَ	يَزْكَى	زُكِيَ	يُزْكَى
زل	زَلَّ	يَزِلُّ	زُلَّ	يُزَلُّ
زلزل	زَلْزَلَ	يُزَلْزِلُ	زُلْزِلَ	يُزَلْزَلُ
زلط	زَلَّطَ	يُزَلِّطُ	زُلِّطَ	يُزَلَّطُ
زلف	زَلَّفَ	يُزَلِّفُ	زُلِّفَ	يُزَلَّفُ
زلق	زَلَّقَ	يُزَلِّقُ	زُلِّقَ	يُزَلَّقُ
زلم	زَلَّمَ	يُزَلِّمُ	زُلِّمَ	يُزَلَّمُ
زم	زَمَّ	يَزُمُّ	زُمَّ	يُزَمُّ
زمجر	زَمْجَرَ	يُزَمْجِرُ	زُمْجِرَ	يُزَمْجَرُ
زمر	زَمَّرَ	يُزَمِّرُ	زُمِّرَ	يُزَمَّرُ
زمزم	زَمْزَمَ	يُزَمْزِمُ	زُمْزِمَ	يُزَمْزَمُ
زمل	زَمَّلَ	يُزَمِّلُ	زُمِّلَ	يُزَمَّلُ
زنخ	زَنِخَ	يَزْنَخُ	زُنِخَ	يُزْنَخُ
زنر	زَنَّرَ	يُزَنِّرُ	-	-
زنى	زَنَّى	يُزَنِّي	زُنِّيَ	يُزَنَّى
زها	زَهَا	يَزْهُو	زُهِيَ	يُزْهَى
زهد	زَهَدَ	يَزْهَدُ	زُهِدَ	يُزْهَدُ
زهر	زَهَرَ	يَزْهَرُ	-	-
زهق	زَهَقَ	يَزْهَقُ	زُهِقَ	يُزْهَقُ
زوج	زَوَّجَ	يُزَوِّجُ	زُوِّجَ	يُزَوَّجُ
زود	زَوَّدَ	يُزَوِّدُ	زُوِّدَ	يُزَوَّدُ
زور	زَوَّرَ	يُزَوِّرُ	زُوِّرَ	يُزَوَّرُ
زوق	زَوَّقَ	يُزَوِّقُ	زُوِّقَ	يُزَوَّقُ
زوى	زَوَّى	يُزَوِّي	زُوِّيَ	يُزَوَّى
زيا	زَيَّا	يُزَيِّي	زُيِّيَ	يُزَيَّا
زيت	زَيَّتَ	يُزَيِّتُ	زُيِّتَ	يُزَيَّتُ
زيد	زَيَّدَ	يُزَيِّدُ	زُيِّدَ	يُزَيَّدُ
زيف	زَيَّفَ	يُزَيِّفُ	زُيِّفَ	يُزَيَّفُ
زيل	زَيَّلَ	يُزَيِّلُ	زُيِّلَ	يُزَيَّلُ
زين	زَيَّنَ	يُزَيِّنُ	زُيِّنَ	يُزَيَّنُ
سأف	سَأَفَ	يَسْأَفُ	-	-
سأل	سَأَلَ	يَسْأَلُ	سُئِلَ	يُسْأَلُ
سئم	سَئِمَ	يَسْأَمُ	سُئِمَ	يُسْأَمُ
ساء	سَاءَ	يَسُوءُ	سِيءَ	يُسَاءُ
ساءل	سَاءَلَ	يُسَائِلُ	سُوئِلَ	يُسَاءَلُ
ساب	سَابَّ	يُسَابُّ	سُوبَّ	يُسَابُّ
سابق	سَابَقَ	يُسَابِقُ	سُوبِقَ	يُسَابَقُ
ساح	سَاحَ	يَسُوحُ	سِيحَ	يُسَاحُ
ساحل	سَاحَلَ	يُسَاحِلُ	سُوحِلَ	يُسَاحَلُ
ساخ	سَاخَ	يَسُوخُ	سِيخَ	يُسَاخُ
ساد	سَادَ	يَسُودُ	سِيدَ	يُسَادُ
سار	سَارَّ	يُسَارُّ	سُورَّ	يُسَارُّ
سارر	سَارَرَ	يُسَارِرُ	سُورِرَ	يُسَارَرُ
سارق	سَارَقَ	يُسَارِقُ	سُورِقَ	يُسَارَقُ
ساس	سَاسَ	يَسُوسُ	سِيسَ	يُسَاسُ
ساط	سَاطَ	يَسُوطُ	سِيطَ	يُسَاطُ
ساعد	سَاعَدَ	يُسَاعِدُ	سُوعِدَ	يُسَاعَدُ
ساف	سَافَ	يَسُوفُ	سِيفَ	يُسَافُ
سافر	سَافَرَ	يُسَافِرُ	سُوفِرَ	يُسَافَرُ
ساق	سَاقَ	يَسُوقُ	سِيقَ	يُسَاقُ
ساك	سَاكَ	يَسُوكُ	سِيكَ	يُسَاكُ
ساكن	سَاكَنَ	يُسَاكِنُ	سُوكِنَ	يُسَاكَنُ
سال	سَالَ	يَسِيلُ	سِيلَ	يُسَالُ
سالم	سَالَمَ	يُسَالِمُ	سُولِمَ	يُسَالَمُ
سام	سَامَ	يَسُومُ	سِيمَ	يُسَامُ
سامح	سَامَحَ	يُسَامِحُ	سُومِحَ	يُسَامَحُ
سامر	سَامَرَ	يُسَامِرُ	سُومِرَ	يُسَامَرُ
سامى	سَامَى	يُسَامِي	سُومِيَ	يُسَامَى
ساند	سَانَدَ	يُسَانِدُ	سُونِدَ	يُسَانَدُ
ساهر	سَاهَرَ	يُسَاهِرُ	سُوهِرَ	يُسَاهَرُ
ساهم	سَاهَمَ	يُسَاهِمُ	سُوهِمَ	يُسَاهَمُ
ساور	سَاوَرَ	يُسَاوِرُ	سُووِرَ	يُسَاوَرُ
ساوق	سَاوَقَ	يُسَاوِقُ	سُووِقَ	يُسَاوَقُ
ساوم	سَاوَمَ	يُسَاوِمُ	سُووِمَ	يُسَاوَمُ
ساوى	سَاوَى	يُسَاوِي	سُووِيَ	يُسَاوَى
ساير	سَايَرَ	يُسَايِرُ	سُويِرَ	يُسَايَرُ
سايف	سَايَفَ	يُسَايِفُ	سُويِفَ	يُسَايَفُ
سب	سَبَّ	يَسُبُّ	سُبَّ	يُسَبُّ
سبب	سَبَّبَ	يُسَبِّبُ	سُبِّبَ	يُسَبَّبُ
سبح	سَبَّحَ	يُسَبِّحُ	سُبِّحَ	يُسَبَّحُ
سبر	سَبَرَ	يَسْبِرُ	سُبِرَ	يُسْبَرُ
سبسب	سَبْسَبَ	يُسَبْسِبُ	سُبْسِبَ	يُسَبْسَبُ
سبط	سَبَّطَ	يُسَبِّطُ	سُبِطَ	يُسْبَطُ
سبق	سَبَقَ	يَسْبُقُ	سُبِقَ	يُسْبَقُ
سبى	سَبَى	يَسْبِي	سُبِيَ	يُسْبَى
ستر	سَتَّرَ	يُسَتِّرُ	سُتِّرَ	يُسَتَّرُ
سجا	سَجَا	يَسْجُو	سُجِيَ	يُسْجَى
سجد	سَجَدَ	يَسْجُدُ	سُجِدَ	يُسْجَدُ
سجع	سَجَعَ	يَسْجَعُ	سُجِعَ	يُسْجَعُ
سجل	سَجَّلَ	يُسَجِّلُ	سُجِّلَ	يُسَجَّلُ
سجن	سَجَنَ	يَسْجُنُ	سُجِنَ	يُسْجَنُ
سح	سَحَّ	يَسِحُّ	سُحَّ	يُسَحُّ
سحب	سَحَبَ	يَسْحَبُ	سُحِبَ	يُسْحَبُ
سحج	سَحَجَ	يَسْحَجُ	سُحِجَ	يُسْحَجُ
سحر	سَحَّرَ	يُسَحِّرُ	سُحِّرَ	يُسَحَّرُ
سحق	سَحَّقَ	يُسَحِّقُ	سُحِّقَ	يُسَحَّقُ
سحم	سَحَّمَ	يُسَحِّمُ	سُحِّمَ	يُسَحَّمُ
سخر	سَخَّرَ	يُسَخِّرُ	سُخِّرَ	يُسَخَّرُ
سخط	سَخِطَ	يَسْخَطُ	سُخِطَ	يُسْخَطُ
سخف	سَخَّفَ	يُسَخِّفُ	سُخِّفَ	يُسَخَّفُ
سخل	سَخَلَ	يَسْخَلُ	سُخِلَ	يُسْخَلُ
سخن	سَخَّنَ	يُسَخِّنُ	سُخِّنَ	يُسَخَّنُ
سد	سَدَّ	يَسِدُّ	سُدَّ	يُسَدُّ
سدد	سَدَّدَ	يُسَدِّدُ	سُدِّدَ	يُسَدَّدُ
سدر	سَدِرَ	يَسْدَرُ	سُدِرَ	يُسْدَرُ
سدس	سَدَّسَ	يُسَدِّسُ	سُدِّسَ	يُسَدَّسُ
سدل	سَدَلَ	يَسْدِلُ	سُدِلَ	يُسْدَلُ
سذج	سَذِجَ	يَسْذَجُ	-	-
سر	سَرَّ	يَسَرُّ	سُرَّ	يُسَرُّ
سرب	سَرَّبَ	يُسَرِّبُ	سُرِّبَ	يُسَرَّبُ
سرج	سَرَّجَ	يُسَرِّجُ	سُرِّجَ	يُسَرَّجُ
سرح	سَرَحَ	يَسْرَحُ	-	-
سرد	سَرَدَ	يَسْرُدُ	سُرِدَ	يُسْرَدُ
سرر	سَرَّرَ	يُسَرِّرُ	سُرِّرَ	يُسَرَّرُ
سرط	سَرَطَ	يَسْرُطُ	سُرِطَ	يُسْرَطُ
سرطن	سَرْطَنَ	يُسَرْطِنُ	سُرْطِنَ	يُسَرْطَنُ
سرع	سَرَّعَ	يُسَرِّعُ	سُرِّعَ	يُسَرَّعُ
سرق	سَرَقَ	يَسْرِقُ	سُرِقَ	يُسْرَقُ
سرى	سَرَى	يَسْرِي	سُرِيَ	يُسْرَى
سطا	سَطَا	يَسْطُو	سُطِيَ	يُسْطَى
سطح	سَطَّحَ	يُسَطِّحُ	سُطِّحَ	يُسَطَّحُ
سطر	سَطَّرَ	يُسَطِّرُ	سُطِّرَ	يُسَطَّرُ
سطع	سَطَعَ	يَسْطَعُ	سُطِعَ	يُسْطَعُ
سطل	سَطَلَ	يَسْطُلُ	سُطِلَ	يُسْطَلُ
سطم	سَطَمَ	يَسْطُمُ	سُطِمَ	يُسْطَمُ
سعد	سَعِدَ	يَسْعَدُ	سُعِدَ	يُسْعَدُ
سعر	سَعَّرَ	يُسَعِّرُ	سُعِّرَ	يُسَعَّرُ
سعف	سَعَّفَ	يُسَعِّفُ	سُعِّفَ	يُسَعَّفُ
سعل	سَعَلَ	يَسْعُلُ	سُعِلَ	يُسْعَلُ
سعود	سَعْوَدَ	يُسَعْوِدُ	سُعْوِدَ	يُسَعْوَدُ
سعى	سَعَى	يَسْعَى	سُعِيَ	يُسْعَى
سفح	سَفَحَ	يَسْفَحُ	سُفِحَ	يُسْفَحُ
سفر	سَفَرَ	يَسْفِرُ	سُفِرَ	يُسْفَرُ
سفط	سَفَطَ	يَسْفُطُ	سُفِطَ	يُسْفَطُ
سفع	سَفَعَ	يَسْفَعُ	سُفِعَ	يُسْفَعُ
سفك	سَفَّكَ	يُسَفِّكُ	سُفِّكَ	يُسَفَّكُ
سفن	سَفَنَ	يَسْفِنُ	سُفِنَ	يُسْفَنُ
سفي	سَفِيَ	يَسْفَى	-	-
سقط	سَقَطَ	يَسْقُطُ	سُقِطَ	يُسْقَطُ
سقف	سَقَّفَ	يُسَقِّفُ	سُقِّفَ	يُسَقَّفُ
سقى	سَقَى	يَسْقِي	سُقِيَ	يُسْقَى
سك	سَكَّ	يَسَكُّ	سُكَّ	يُسَكُّ
سكب	سَكَبَ	يَسْكُبُ	سُكِبَ	يُسْكَبُ
سكت	سَكَّتَ	يُسَكِّتُ	سُكِّتَ	يُسَكَّتُ
سكر	سَكِرَ	يَسْكَرُ	سُكِرَ	يُسْكَرُ
سكن	سَكَّنَ	يُسَكِّنُ	سُكِّنَ	يُسَكَّنُ
سل	سَلَّ	يَسُلُّ	سُلَّ	يُسَلُّ
سلا	سَلَا	يَسْلُو	سُلِيَ	يُسْلَى
سلب	سَلَّبَ	يُسَلِّبُ	سُلِّبَ	يُسَلَّبُ
سلح	سَلَّحَ	يُسَلِّحُ	سُلِّحَ	يُسَلَّحُ
سلخ	سَلَخَ	يَسْلَخُ	سُلِخَ	يُسْلَخُ
سلسل	سَلْسَلَ	يُسَلْسِلُ	سُلْسِلَ	يُسَلْسَلُ
سلط	سَلَّطَ	يُسَلِّطُ	سُلِّطَ	يُسَلَّطُ
سلع	سَلَّعَ	يُسَلِّعُ	سُلِّعَ	يُسَلَّعُ
سلف	سَلَّفَ	يُسَلِّفُ	سُلِّفَ	يُسَلَّفُ
سلق	سَلَقَ	يَسْلُقُ	سُلِقَ	يُسْلَقُ
سلك	سَلَّكَ	يُسَلِّكُ	سُلِّكَ	يُسَلَّكُ
سلم	سَلَّمَ	يُسَلِّمُ	سُلِّمَ	يُسَلَّمُ
سلى	سَلَّى	يُسَلِّي	سُلِّيَ	يُسَلَّى
سم	سَمَّ	يَسُمُّ	سُمَّ	يُسَمُّ
سما	سَمَا	يَسْمُو	سُمِيَ	يُسْمَى
سمج	سَمَّجَ	يُسَمِّجُ	سُمِّجَ	يُسَمَّجُ
سمح	سَمَّحَ	يُسَمِّحُ	سُمِّحَ	يُسَمَّحُ
سمد	سَمَّدَ	يُسَمِّدُ	سُمِّدَ	يُسَمَّدُ
سمر	سَمَّرَ	يُسَمِّرُ	سُمِّرَ	يُسَمَّرُ
سمط	سَمَطَ	يَسْمُطُ	سُمِطَ	يُسْمَطُ
سمع	سَمَّعَ	يُسَمِّعُ	سُمِّعَ	يُسَمَّعُ
سمك	سَمَّكَ	يُسَمِّكُ	سُمِّكَ	يُسَمَّكُ
سمم	سَمَّمَ	يُسَمِّمُ	سُمِّمَ	يُسَمَّمُ
سمن	سَمَّنَ	يُسَمِّنُ	سُمِّنَ	يُسَمَّنُ
سمنت	سَمْنَتَ	يُسَمْنِتُ	سُمْنِتَ	يُسَمْنَتُ
سمى	سَمَّى	يُسَمِّي	سُمِّيَ	يُسَمَّى
سن	سَنَّ	يَسُنُّ	سُنَّ	يُسَنُّ
سنا	سَنَا	يَسْنُو	سُنِيَ	يُسْنَى
سنح	سَنَحَ	يَسْنَحُ	سُنِحَ	يُسْنَحُ
سند	سَنَّدَ	يُسَنِّدُ	سُنِّدَ	يُسَنَّدُ
سنن	سَنَّنَ	يُسَنِّنُ	سُنِّنَ	يُسَنَّنُ
سنى	سَنَّى	يُسَنِّي	سُنِّيَ	يُسَنَّى
سها	سَهَا	يَسْهُو	سُهِيَ	يُسْهَى
سهر	سَهِرَ	يَسْهَرُ	سُهِرَ	يُسْهَرُ
سهل	سَهَّلَ	يُسَهِّلُ	سُهِّلَ	يُسَهَّلُ
سهم	سَهَمَ	يَسْهُمُ	-	-
سهى	سَهَّى	يُسَهِّي	سُهِّيَ	يُسَهَّى
سود	سَوَّدَ	يُسَوِّدُ	سُوِّدَ	يُسَوَّدُ
سور	سَوَّرَ	يُسَوِّرُ	سُوِّرَ	يُسَوَّرُ
سوس	سَوَّسَ	يُسَوِّسُ	سُوِّسَ	يُسَوَّسُ
سوط	سَوَّطَ	يُسَوِّطُ	سُوِّطَ	يُسَوَّطُ
سوف	سَوَّفَ	يُسَوِّفُ	سُوِّفَ	يُسَوَّفُ
سوق	سَوَّقَ	يُسَوِّقُ	سُوِّقَ	يُسَوَّقُ
سول	سَوَّلَ	يُسَوِّلُ	سُوِّلَ	يُسَوَّلُ
سوم	سَوَّمَ	يُسَوِّمُ	سُوِّمَ	يُسَوَّمُ
سوى	سَوَّى	يُسَوِّي	سُوِّيَ	يُسَوَّى
سوي	سَوِيَ	يَسْوَى	سُوِيَ	يُسْوَى
سيب	سَيَّبَ	يُسَيِّبُ	سُيِّبَ	يُسَيَّبُ
سير	سَيَّرَ	يُسَيِّرُ	سُيِّرَ	يُسَيَّرُ
سيس	سَيَّسَ	يُسَيِّسُ	سُيِّسَ	يُسَيَّسُ
سيطر	سَيْطَرَ	يُسَيْطِرُ	سُوطِرَ	يُسَيْطَرُ
شآ	شَآ	يَشْؤُو	شُئِيَ	يُشْأَى
شأى	شَأَى	يَشْؤُو	شُئِيَ	يُشْأَى
شاء	شَاءَ	يَشَاءُ	شِيءَ	يُشَاءُ
شاب	شَابَ	يَشُوبُ	شِيبَ	يُشَابُ
شابه	شَابَهَ	يُشَابِهُ	شُوبِهَ	يُشَابَهُ
شاتم	شَاتَمَ	يُشَاتِمُ	شُوتِمَ	يُشَاتَمُ
شاجر	شَاجَرَ	يُشَاجِرُ	شُوجِرَ	يُشَاجَرُ
شاخ	شَاخَ	يَشِيخُ	شِيخَ	يُشَاخُ
شاد	شَادَّ	يُشَادُّ	شُودَّ	يُشَادُّ
شارف	شَارَفَ	يُشَارِفُ	شُورِفَ	يُشَارَفُ
شارك	شَارَكَ	يُشَارِكُ	شُورِكَ	يُشَارَكُ
شاص	شَاصَ	يَشُوصُ	شِيصَ	يُشَاصُ
شاط	شَاطَ	يَشُوطُ	شِيطَ	يُشَاطُ
شاظ	شَاظَ	يَشِيظُ	شِيظَ	يُشَاظُ
شاع	شَاعَ	يَشِيعُ	شِيعَ	يُشَاعُ
شاعر	شَاعَرَ	يُشَاعِرُ	شُوعِرَ	يُشَاعَرُ
شاغب	شَاغَبَ	يُشَاغِبُ	شُوغِبَ	يُشَاغَبُ
شاغل	شَاغَلَ	يُشَاغِلُ	شُوغِلَ	يُشَاغَلُ
شاف	شَافَ	يَشُوفُ	شِيفَ	يُشَافُ
شاق	شَاقَ	يَشُوقُ	شِيقَ	يُشَاقُ
شال	شَالَ	يَشُولُ	شِيلَ	يُشَالُ
شام	شَامَّ	يُشَامُّ	شِيمَ	يُشَامُ
شاه	شَاهَ	يَشُوهُ	-	-
شاهد	شَاهَدَ	يُشَاهِدُ	شُوهِدَ	يُشَاهَدُ
شاهر	شَاهَرَ	يُشَاهِرُ	شُوهِرَ	يُشَاهَرُ
شاهل	شَاهَلَ	يُشَاهِلُ	شُوهِلَ	يُشَاهَلُ
شاور	شَاوَرَ	يُشَاوِرُ	شُووِرَ	يُشَاوَرُ
شب	شَبَّ	يَشُبُّ	شُبَّ	يُشَبُّ
شبب	شَبَّبَ	يُشَبِّبُ	شُبِّبَ	يُشَبَّبُ
شبح	شَبَحَ	يَشْبَحُ	شُبِحَ	يُشْبَحُ
شبر	شَبَّرَ	يُشَبِّرُ	شُبِّرَ	يُشَبَّرُ
شبط	شَبَّطَ	يُشَبِّطُ	شُبِّطَ	يُشَبَّطُ
شبع	شَبِعَ	يَشْبَعُ	-	-
شبه	شَبَّهَ	يُشَبِّهُ	شُبِّهَ	يُشَبَّهُ
شتا	شَتَا	يَشْتُو	شُتِيَ	يُشْتَى
شتل	شَتَّلَ	يُشَتِّلُ	شُتِّلَ	يُشَتَّلُ
شتم	شَتَمَ	يَشْتِمُ	شُتِمَ	يُشْتَمُ
شتى	شَتَّى	يُشَتِّي	شُتِّيَ	يُشَتَّى
شج	شَجَّ	يَشِجُّ	شُجَّ	يُشَجُّ
شجا	شَجَا	يَشْجُو	شُجِيَ	يُشْجَى
شجب	شَجَبَ	يَشْجُبُ	شُجِبَ	يُشْجَبُ
شجر	شَجَّرَ	يُشَجِّرُ	شُجِّرَ	يُشَجَّرُ
شجع	شَجَّعَ	يُشَجِّعُ	شُجِّعَ	يُشَجَّعُ
شحذ	شَحَّذَ	يُشَحِّذُ	شُحِّذَ	يُشَحَّذُ
شحر	شَحَّرَ	يُشَحِّرُ	شُحِّرَ	يُشَحَّرُ
شحط	شَحَّطَ	يُشَحِّطُ	شُحِّطَ	يُشَحَّطُ
شحم	شَحَّمَ	يُشَحِّمُ	شُحِّمَ	يُشَحَّمُ
شحن	شَحَنَ	يَشْحَنُ	شُحِنَ	يُشْحَنُ
شحور	شَحْوَرَ	يُشَحْوِرُ	شُحْوِرَ	يُشَحْوَرُ
شخبط	شَخْبَطَ	يُشَخْبِطُ	شُخْبِطَ	يُشَخْبَطُ
شخر	شَخَّرَ	يُشَخِّرُ	شُخِّرَ	يُشَخَّرُ
شخشخ	شَخْشَخَ	يُشَخْشِخُ	-	-
شخص	شَخَّصَ	يُشَخِّصُ	شُخِّصَ	يُشَخَّصُ
شخصن	شَخْصَنَ	يُشَخْصِنُ	شُخْصِنَ	يُشَخْصَنُ
شد	شَدَّ	يَشِدُّ	شُدَّ	يُشَدُّ
شدا	شَدَا	يَشْدُو	شُدِيَ	يُشْدَى
شدد	شَدَّدَ	يُشَدِّدُ	شُدِّدَ	يُشَدَّدُ
شدق	شَدِقَ	يَشْدَقُ	-	-
شذا	شَذَا	يَشْذُو	-	-
شذب	شَذَّبَ	يُشَذِّبُ	شُذِّبَ	يُشَذَّبُ
شذر	شَذَّرَ	يُشَذِّرُ	شُذِّرَ	يُشَذَّرُ
شر	شَرَّ	يَشُرُّ	شُرَّ	يُشَرُّ
شرب	شَرَّبَ	يُشَرِّبُ	شُرِّبَ	يُشَرَّبُ
شرج	شَرَّجَ	يُشَرِّجُ	شُرِّجَ	يُشَرَّجُ
شرح	شَرَّحَ	يُشَرِّحُ	شُرِّحَ	يُشَرَّحُ
شرخ	شَرَخَ	يَشْرُخُ	شُرِخَ	يُشْرَخُ
شرد	شَرَدَ	يَشْرُدُ	شُرِدَ	يُشْرَدُ
شرس	شَرُسَ	يَشْرُسُ	-	-
شرش	شَرَّشَ	يُشَرِّشُ	شُرِّشَ	يُشَرَّشُ
شرشر	شَرْشَرَ	يُشَرْشِرُ	شُرْشِرَ	يُشَرْشَرُ
شرط	شَرَّطَ	يُشَرِّطُ	شُرِّطَ	يُشَرَّطُ
شرع	شَرَّعَ	يُشَرِّعُ	شُرِّعَ	يُشَرَّعُ
شرعن	شَرْعَنَ	يُشَرْعِنُ	شُرْعِنَ	يُشَرْعَنُ
شرف	شَرَّفَ	يُشَرِّفُ	شُرِّفَ	يُشَرَّفُ
شرق	شَرِقَ	يَشْرَقُ	شُرِقَ	يُشْرَقُ
شرك	شَرِكَ	يَشْرَكُ	شُرِكَ	يُشْرَكُ
شرم	شَرَّمَ	يُشَرِّمُ	شُرِّمَ	يُشَرَّمُ
شره	شَرِهَ	يَشْرَهُ	شُرِهَ	يُشْرَهُ
شرى	شَرَى	يَشْرِي	شُرِيَ	يُشْرَى
شزر	شَزَرَ	يَشْزِرُ	شُزِرَ	يُشْزَرُ
شط	شَطَّ	يَشُطُّ	شُطَّ	يُشَطُّ
شطب	شَطَّبَ	يُشَطِّبُ	شُطِّبَ	يُشَطَّبُ
شطر	شَطَرَ	يَشْطُرُ	شُطِرَ	يُشْطَرُ
شطف	شَطَّفَ	يُشَطِّفُ	شُطِّفَ	يُشَطَّفُ
شع	شَعَّ	يَشِعُّ	شُعَّ	يُشَعُّ
شعب	شَعَّبَ	يُشَعِّبُ	شُعِّبَ	يُشَعَّبُ
شعر	شَعِرَ	يَشْعَرُ	شُعِرَ	يُشْعَرُ
شعشع	شَعْشَعَ	يُشَعْشِعُ	شُعْشِعَ	يُشَعْشَعُ
شعل	شَعَّلَ	يُشَعِّلُ	شُعِّلَ	يُشَعَّلُ
شعوذ	شَعْوَذَ	يُشَعْوِذُ	شُعْوِذَ	يُشَعْوَذُ
شغب	شَغَبَ	يَشْغَبُ	شُغِبَ	يُشْغَبُ
شغر	شَغَرَ	يَشْغَرُ	شُغِرَ	يُشْغَرُ
شغف	شَغَفَ	يَشْغَفُ	شُغِفَ	يُشْغَفُ
شغل	شَغَّلَ	يُشَغِّلُ	شُغِّلَ	يُشَغَّلُ
شف	شَفَّ	يَشِفُّ	شُفَّ	يُشَفُّ
شفا	شَفَا	يَشْفُو	-	-
شفر	شَفَّرَ	يُشَفِّرُ	شُفِّرَ	يُشَفَّرُ
شفط	شَفَطَ	يَشْفُطُ	شُفِطَ	يُشْفَطُ
شفع	شَفَعَ	يَشْفَعُ	شُفِعَ	يُشْفَعُ
شفق	شَفَّقَ	يُشَفِّقُ	شُفِّقَ	يُشَفَّقُ
شفى	شَفَى	يَشْفِي	شُفِيَ	يُشْفَى
شفي	شَفِيَ	يَشْفَى	شُفِيَ	يُشْفَى
شق	شَقَّ	يَشُقُّ	شُقَّ	يُشَقُّ
شقا	شَقَا	يَشْقُو	شُقِيَ	يُشْقَى
شقق	شَقَّقَ	يُشَقِّقُ	شُقِّقَ	يُشَقَّقُ
شقي	شَقِيَ	يَشْقَى	شُقِيَ	يُشْقَى
شك	شَكَّ	يَشُكُّ	شُكَّ	يُشَكُّ
شكا	شَكَا	يَشْكُو	شُكِيَ	يُشْكَى
شكر	شَكَرَ	يَشْكُرُ	شُكِرَ	يُشْكَرُ
شكس	شَكِسَ	يَشْكَسُ	شُكِسَ	يُشْكَسُ
شكل	شَكَّلَ	يُشَكِّلُ	شُكِّلَ	يُشَكَّلُ
شكم	شَكَمَ	يَشْكُمُ	شُكِمَ	يُشْكَمُ
شل	شَلَّ	يَشُلُّ	شُلَّ	يُشَلُّ
شلح	شَلَّحَ	يُشَلِّحُ	شُلِّحَ	يُشَلَّحُ
شم	شَمَّ	يَشَمُّ	شُمَّ	يُشَمُّ
شمت	شَمَّتَ	يُشَمِّتُ	شُمِّتَ	يُشَمَّتُ
شمر	شَمَّرَ	يُشَمِّرُ	شُمِّرَ	يُشَمَّرُ
شمس	شَمَّسَ	يُشَمِّسُ	شُمِّسَ	يُشَمَّسُ
شمشم	شَمْشَمَ	يُشَمْشِمُ	شُمْشِمَ	يُشَمْشَمُ
شمع	شَمَعَ	يَشْمَعُ	شُمِّعَ	يُشَمَّعُ
شمعل	شَمْعَلَ	يُشَمْعِلُ	شُمْعِلَ	يُشَمْعَلُ
شمل	شَمَّلَ	يُشَمِّلُ	شُمِّلَ	يُشَمَّلُ
شن	شَنَّ	يَشُنُّ	شُنَّ	يُشَنُّ
شنأ	شَنَأَ	يَشْنَأُ	شُنِئَ	يُشْنَأُ
شنئ	شَنِئَ	يَشْنَأُ	شُنِئَ	يُشْنَأُ
شنع	شَنَّعَ	يُشَنِّعُ	شُنِّعَ	يُشَنَّعُ
شنق	شَنِقَ	يَشْنَقُ	شُنِقَ	يُشْنَقُ
شنكل	شَنْكَلَ	يُشَنْكِلُ	شُنْكِلَ	يُشَنْكَلُ
شهد	شَهِدَ	يَشْهَدُ	شُهِدَ	يُشْهَدُ
شهر	شَهَّرَ	يُشَهِّرُ	شُهِّرَ	يُشَهَّرُ
شهق	شَهَقَ	يَشْهَقُ	-	-
شهل	شَهَّلَ	يُشَهِّلُ	شُهِّلَ	يُشَهَّلُ
شهم	شَهَمَ	يَشْهَمُ	شُهِمَ	يُشْهَمُ
شوب	شَوَّبَ	يُشَوِّبُ	شُوِّبَ	يُشَوَّبُ
شوش	شَوَّشَ	يُشَوِّشُ	شُوِّشَ	يُشَوَّشُ
شوق	شَوَّقَ	يُشَوِّقُ	شُوِّقَ	يُشَوَّقُ
شوه	شَوَّهَ	يُشَوِّهُ	شُوِّهَ	يُشَوَّهُ
شوى	شَوَّى	يُشَوِّي	شُوِّيَ	يُشَوَّى
شيأ	شَيَّأَ	يُشَيِّئُ	شُيِّئَ	يُشَيَّأُ
شيد	شَيَّدَ	يُشَيِّدُ	شُيِّدَ	يُشَيَّدُ
شيط	شَيَّطَ	يُشَيِّطُ	شُيِّطَ	يُشَيَّطُ
شيطن	شَيْطَنَ	يُشَيْطِنُ	شُوطِنَ	يُشَيْطَنُ
شيع	شَيَّعَ	يُشَيِّعُ	شُيِّعَ	يُشَيَّعُ
شيم	شَيَّمَ	يُشَيِّمُ	شُيِّمَ	يُشَيَّمُ
صأصأ	صَأْصَأَ	يُصَأْصِئُ	-	-
صأل	صَأَلَ	يَصْئِلُ	-	-
صأم	صَأَمَ	يَصْأَمُ	صُئِمَ	يُصْأَمُ
صأى	صَأَى	يَصْأَى	-	-
صؤل	صَؤُلَ	يَصْؤُلُ	-	-
صئب	صَئِبَ	يَصْأَبُ	-	-
صئك	صَئِكَ	يَصْأَكُ	-	-
صئم	صَئِمَ	يَصْأَمُ	-	-
صاءك	صَاءَكَ	يُصَائِكُ	صُوئِكَ	يُصَاءَكُ
صاب	صَابَ	يَصُوبُ	صِيبَ	يُصَابُ
صابح	صَابَحَ	يُصَابِحُ	صُوبِحَ	يُصَابَحُ
صابر	صَابَرَ	يُصَابِرُ	صُوبِرَ	يُصَابَرُ
صات	صَاتَّ	يُصَاتُّ	صُوتَّ	يُصَاتُّ
صاتت	صَاتَتَ	يُصَاتِتُ	صُوتِتَ	يُصَاتَتُ
صاح	صَاحَ	يَصِيحُ	صِيحَ	يُصَاحُ
صاحب	صَاحَبَ	يُصَاحِبُ	صُوحِبَ	يُصَاحَبُ
صاد	صَادَ	يَصِيدُ	صِيدَ	يُصَادُ
صادر	صَادَرَ	يُصَادِرُ	صُودِرَ	يُصَادَرُ
صادف	صَادَفَ	يُصَادِفُ	صُودِفَ	يُصَادَفُ
صادق	صَادَقَ	يُصَادِقُ	صُودِقَ	يُصَادَقُ
صار	صَارَ	يَصِيرُ	صِيرَ	يُصَارُ
صارح	صَارَحَ	يُصَارِحُ	صُورِحَ	يُصَارَحُ
صارع	صَارَعَ	يُصَارِعُ	صُورِعَ	يُصَارَعُ
صاغ	صَاغَ	يَصُوغُ	صِيغَ	يُصَاغُ
صاف	صَافَ	يَصِيفُ	صِيفَ	يُصَافُ
صافح	صَافَحَ	يُصَافِحُ	صُوفِحَ	يُصَافَحُ
صال	صَالَ	يَصُولُ	صِيلَ	يُصَالُ
صام	صَامَ	يَصُومُ	صِيمَ	يُصَامُ
صان	صَانَ	يَصُونُ	صِينَ	يُصَانُ
صاهر	صَاهَرَ	يُصَاهِرُ	صُوهِرَ	يُصَاهَرُ
صب	صَبَّ	يَصَبُّ	صُبَّ	يُصَبُّ
صبا	صَبَا	يَصْبُو	صُبِيَ	يُصْبَى
صبث	صَبَثَ	يَصْبُثُ	-	-
صبح	صَبِحَ	يَصْبَحُ	صُبِحَ	يُصْبَحُ
صبر	صَبَّرَ	يُصَبِّرُ	صُبِّرَ	يُصَبَّرُ
صبصب	صَبْصَبَ	يُصَبْصِبُ	صُبْصِبَ	يُصَبْصَبُ
صبع	صَبَّعَ	يُصَبِّعُ	صُبِّعَ	يُصَبَّعُ
صبغ	صَبَغَ	يَصْبَغُ	صُبِغَ	يُصْبَغُ
صبن	صَبَنَ	يَصْبَنُ	صُبِنَ	يُصْبَنُ
صبى	صَبَّى	يُصَبِّي	صُبِّيَ	يُصَبَّى
صبي	صَبِيَ	يَصْبَى	-	-
صت	صَتَّ	يَصُتُّ	صُتَّ	يُصَتُّ
صتأ	صَتَأَ	يَصْتَأُ	صُتِئَ	يُصْتَأُ
صتع	صَتَعَ	يَصْتَعُ	صُتِعَ	يُصْتَعُ
صتم	صَتَّمَ	يُصَتِّمُ	صُتِّمَ	يُصَتَّمُ
صج	صَجَّ	يَصَجُّ	-	-
صح	صَحَّ	يَصِحُّ	صُحَّ	يُصَحُّ
صحا	صَحَا	يَصْحُو	صُحِيَ	يُصْحَى
صحب	صَحِبَ	يَصْحَبُ	صُحِبَ	يُصْحَبُ
صحح	صَحَّحَ	يُصَحِّحُ	صُحِّحَ	يُصَحَّحُ
صحر	صَحَرَ	يَصْحَرُ	-	-
صحصح	صَحْصَحَ	يُصَحْصِحُ	صُحْصِحَ	يُصَحْصَحُ
صحف	صَحَّفَ	يُصَحِّفُ	صُحِّفَ	يُصَحَّفُ
صحل	صَحِلَ	يَصْحَلُ	-	-
صحن	صَحَنَ	يَصْحَنُ	صُحِنَ	يُصْحَنُ
صحى	صَحَّى	يُصَحِّي	صُحِّيَ	يُصَحَّى
صحي	صَحِيَ	يَصْحَى	-	-
صخ	صَخَّ	يَصُخُّ	صُخَّ	يُصَخُّ
صخب	صَخِبَ	يَصْخَبُ	صُخِبَ	يُصْخَبُ
صخد	صَخِدَ	يَصْخَدُ	صُخِدَ	يُصْخَدُ
صخف	صَخَفَ	يَصْخَفُ	صُخِفَ	يُصْخَفُ
صد	صَدَّ	يَصِدُّ	صُدَّ	يُصَدُّ
صدأ	صَدَّأَ	يُصَدِّئُ	صُدِّئَ	يُصَدَّأُ
صدؤ	صَدُؤَ	يَصْدُؤُ	-	-
صدئ	صَدِئَ	يَصْدَأُ	-	-
صدح	صَدَحَ	يَصْدَحُ	صُدِحَ	يُصْدَحُ
صدر	صَدَرَ	يَصْدُرُ	صُدِرَ	يُصْدَرُ
صدع	صَدَعَ	يَصْدَعُ	صُدِعَ	يُصْدَعُ
صدف	صَدَفَ	يَصْدِفُ	صُدِفَ	يُصْدَفُ
صدق	صَدَّقَ	يُصَدِّقُ	صُدِّقَ	يُصَدَّقُ
صدم	صَدَمَ	يَصْدِمُ	صُدِمَ	يُصْدَمُ
صدي	صَدِيَ	يَصْدَى	-	-
صر	صَرَّ	يَصِرُّ	صُرَّ	يُصَرُّ
صرب	صَرَبَ	يَصْرِبُ	صُرِبَ	يُصْرَبُ
صرج	صَرَّجَ	يُصَرِّجُ	صُرِّجَ	يُصَرَّجُ
صرح	صَرَّحَ	يُصَرِّحُ	صُرِّحَ	يُصَرَّحُ
صرخ	صَرَخَ	يَصْرُخُ	صُرِخَ	يُصْرَخُ
صرصر	صَرْصَرَ	يُصَرْصِرُ	-	-
صرع	صَرَعَ	يَصْرَعُ	صُرِعَ	يُصْرَعُ
صرف	صَرَفَ	يَصْرِفُ	صُرِفَ	يُصْرَفُ
صرم	صَرَمَ	يَصْرِمُ	صُرِمَ	يُصْرَمُ
صعب	صَعَّبَ	يُصَعِّبُ	صُعِّبَ	يُصَعَّبُ
صعد	صَعَّدَ	يُصَعِّدُ	صُعِّدَ	يُصَعَّدُ
صعصع	صَعْصَعَ	يُصَعْصِعُ	صُعْصِعَ	يُصَعْصَعُ
صعق	صَعِقَ	يَصْعَقُ	صُعِقَ	يُصْعَقُ
صعلك	صَعْلَكَ	يُصَعْلِكُ	صُعْلِكَ	يُصَعْلَكُ
صغا	صَغَا	يَصْغُو	صُغِيَ	يُصْغَى
صغر	صَغَّرَ	يُصَغِّرُ	صُغِّرَ	يُصَغَّرُ
صف	صَفَّ	يَصُفُّ	صُفَّ	يُصَفُّ
صفا	صَفَا	يَصْفُو	صُفِيَ	يُصْفَى
صفح	صَفَّحَ	يُصَفِّحُ	صُفِّحَ	يُصَفَّحُ
صفد	صَفَّدَ	يُصَفِّدُ	صُفِّدَ	يُصَفَّدُ
صفر	صَفَّرَ	يُصَفِّرُ	صُفِّرَ	يُصَفَّرُ
صفع	صَفَعَ	يَصْفَعُ	صُفِعَ	يُصْفَعُ
صفق	صَفَّقَ	يُصَفِّقُ	صُفِّقَ	يُصَفَّقُ
صفى	صَفَّى	يُصَفِّي	صُفِّيَ	يُصَفَّى
صقع	صَقَّعَ	يُصَقِّعُ	صُقِّعَ	يُصَقَّعُ
صقل	صَقَّلَ	يُصَقِّلُ	صُقِّلَ	يُصَقَّلُ
صك	صَكَّ	يَصُكُّ	صُكَّ	يُصَكُّ
صل	صَلَّ	يَصِلُّ	صُلَّ	يُصَلُّ
صلب	صَلَّبَ	يُصَلِّبُ	صُلِّبَ	يُصَلَّبُ
صلح	صَلَّحَ	يُصَلِّحُ	صُلِّحَ	يُصَلَّحُ
صلى	صَلَّى	يُصَلِّي	صُلِّيَ	يُصَلَّى
صلي	صَلِيَ	يَصْلَى	صُلِيَ	يُصْلَى
صمت	صَمَّتَ	يُصَمِّتُ	صُمِّتَ	يُصَمَّتُ
صمد	صَمَّدَ	يُصَمِّدُ	صُمِّدَ	يُصَمَّدُ
صمل	صَمَلَ	يَصْمُلُ	-	-
صمم	صَمَّمَ	يُصَمِّمُ	صُمِّمَ	يُصَمَّمُ
صن	صَنَّ	يَصِنُّ	-	-
صنع	صَنَّعَ	يُصَنِّعُ	صُنِّعَ	يُصَنَّعُ
صنف	صَنَّفَ	يُصَنِّفُ	صُنِّفَ	يُصَنَّفُ
صنم	صَنِمَ	يَصْنَمُ	صُنِّمَ	يُصَنَّمُ
صها	صَهَا	يَصْهَى	-	-
صهب	صَهَّبَ	يُصَهِّبُ	صُهِّبَ	يُصَهَّبُ
صهد	صَهَدَ	يَصْهَدُ	صُهِدَ	يُصْهَدُ
صهر	صَهَرَ	يَصْهَرُ	صُهِرَ	يُصْهَرُ
صهل	صَهَّلَ	يُصَهِّلُ	صُهِّلَ	يُصَهَّلُ
صهين	صَهْيَنَ	يُصَهْيِنُ	صُهْيِنَ	يُصَهْيَنُ
صوب	صَوَّبَ	يُصَوِّبُ	صُوِّبَ	يُصَوَّبُ
صوت	صَوَّتَ	يُصَوِّتُ	صُوِّتَ	يُصَوَّتُ
صور	صَوَّرَ	يُصَوِّرُ	صُوِّرَ	يُصَوَّرُ
صوف	صَوَّفَ	يُصَوِّفُ	صُوِّفَ	يُصَوَّفُ
صول	صَوَّلَ	يُصَوِّلُ	صُوِّلَ	يُصَوَّلُ
صوم	صَوَّمَ	يُصَوِّمُ	صُوِّمَ	يُصَوَّمُ
صير	صَيَّرَ	يُصَيِّرُ	صُيِّرَ	يُصَيَّرُ
صين	صَيَّنَ	يُصَيِّنُ	صُيِّنَ	يُصَيَّنُ
ضؤل	ضَؤُلَ	يَضْؤُلُ	-	-
ضاء	ضَاءَ	يَضُوءُ	ضِيءَ	يُضَاءُ
ضاجع	ضَاجَعَ	يُضَاجِعُ	ضُوجِعَ	يُضَاجَعُ
ضاد	ضَادَّ	يُضَادُّ	ضُودَّ	يُضَادُّ
ضادد	ضَادَدَ	يُضَادِدُ	ضُودِدَ	يُضَادَدُ
ضار	ضَارَ	يَضِيرُ	ضِيرَ	يُضَارُ
ضارب	ضَارَبَ	يُضَارِبُ	ضُورِبَ	يُضَارَبُ
ضارع	ضَارَعَ	يُضَارِعُ	ضُورِعَ	يُضَارَعُ
ضاع	ضَاعَ	يَضِيعُ	ضِيعَ	يُضَاعُ
ضاعف	ضَاعَفَ	يُضَاعِفُ	ضُوعِفَ	يُضَاعَفُ
ضاف	ضَافَ	يَضِيفُ	ضِيفَ	يُضَافُ
ضاق	ضَاقَ	يَضِيقُ	ضِيقَ	يُضَاقُ
ضاهى	ضَاهَى	يُضَاهِي	ضُوهِيَ	يُضَاهَى
ضايق	ضَايَقَ	يُضَايِقُ	ضُويِقَ	يُضَايَقُ
ضب	ضَبَّ	يَضُبُّ	ضُبَّ	يُضَبُّ
ضبب	ضَبَّبَ	يُضَبِّبُ	ضُبِّبَ	يُضَبَّبُ
ضبط	ضَبَطَ	يَضْبِطُ	ضُبِطَ	يُضْبَطُ
ضج	ضَجَّ	يَضِجُّ	ضُجَّ	يُضَجُّ
ضجع	ضَجَعَ	يَضْجَعُ	-	-
ضحك	ضَحَّكَ	يُضَحِّكُ	ضُحِّكَ	يُضَحَّكُ
ضحى	ضَحَّى	يُضَحِّي	ضُحِّيَ	يُضَحَّى
ضخ	ضَخَّ	يَضُخُّ	ضُخَّ	يُضَخُّ
ضخم	ضَخَّمَ	يُضَخِّمُ	ضُخِّمَ	يُضَخَّمُ
ضر	ضَرَّ	يَضُرُّ	ضُرَّ	يُضَرُّ
ضرا	ضَرَا	يَضْرُو	-	-
ضرب	ضَرَّبَ	يُضَرِّبُ	ضُرِّبَ	يُضَرَّبُ
ضرس	ضَرَّسَ	يُضَرِّسُ	ضُرِّسَ	يُضَرَّسُ
ضرط	ضَرَطَ	يَضْرِطُ	-	-
ضرع	ضَرِعَ	يَضْرَعُ	ضُرِعَ	يُضْرَعُ
ضرم	ضَرَّمَ	يُضَرِّمُ	ضُرِّمَ	يُضَرَّمُ
ضرى	ضَرَّى	يُضَرِّي	ضُرِّيَ	يُضَرَّى
ضري	ضَرِيَ	يَضْرَى	ضُرِيَ	يُضْرَى
ضعف	ضَعَّفَ	يُضَعِّفُ	ضُعِّفَ	يُضَعَّفُ
ضغط	ضَغَطَ	يَضْغَطُ	ضُغِطَ	يُضْغَطُ
ضفدع	ضَفْدَعَ	يُضَفْدِعُ	-	-
ضل	ضَلَّ	يَضِلُّ	ضُلَّ	يُضَلُّ
ضلع	ضَلَّعَ	يُضَلِّعُ	ضُلِّعَ	يُضَلَّعُ
ضلل	ضَلَّلَ	يُضَلِّلُ	ضُلِّلَ	يُضَلَّلُ
ضم	ضَمَّ	يَضُمُّ	ضُمَّ	يُضَمُّ
ضمخ	ضَمَّخَ	يُضَمِّخُ	ضُمِّخَ	يُضَمَّخُ
ضمد	ضَمَّدَ	يُضَمِّدُ	ضُمِّدَ	يُضَمَّدُ
ضمر	ضَمَّرَ	يُضَمِّرُ	ضُمِّرَ	يُضَمَّرُ
ضمن	ضَمَّنَ	يُضَمِّنُ	ضُمِّنَ	يُضَمَّنُ
ضنك	ضَنُكَ	يَضْنُكُ	-	-
ضوأ	ضَوَّأَ	يُضَوِّئُ	ضُوِّئَ	يُضَوَّأُ
ضوى	ضَوَى	يَضْوِي	ضُوِيَ	يُضْوَى
ضيع	ضَيَّعَ	يُضَيِّعُ	ضُيِّعَ	يُضَيَّعُ
ضيق	ضَيَّقَ	يُضَيِّقُ	ضُيِّقَ	يُضَيَّقُ
طأطأ	طَأْطَأَ	يُطَأْطِئُ	طُؤْطِئَ	يُطَأْطَأُ
طاب	طَابَ	يَطِيبُ	طِيبَ	يُطَابُ
طابق	طَابَقَ	يُطَابِقُ	طُوبِقَ	يُطَابَقُ
طاح	طَاحَ	يَطِيحُ	طِيحَ	يُطَاحُ
طار	طَارَ	يَطِيرُ	طِيرَ	يُطَارُ
طارح	طَارَحَ	يُطَارِحُ	طُورِحَ	يُطَارَحُ
طارد	طَارَدَ	يُطَارِدُ	طُورِدَ	يُطَارَدُ
طاش	طَاشَ	يَطِيشُ	-	-
طاع	طَاعَ	يَطُوعُ	طِيعَ	يُطَاعُ
طاعم	طَاعَمَ	يُطَاعِمُ	طُوعِمَ	يُطَاعَمُ
طاعن	طَاعَنَ	يُطَاعِنُ	طُوعِنَ	يُطَاعَنُ
طاف	طَافَ	يَطُوفُ	طِيفَ	يُطَافُ
طاق	طَاقَ	يَطُوقُ	طِيقَ	يُطَاقُ
طال	طَالَ	يَطُولُ	طِيلَ	يُطَالُ
طالب	طَالَبَ	يُطَالِبُ	طُولِبَ	يُطَالَبُ
طالع	طَالَعَ	يُطَالِعُ	طُولِعَ	يُطَالَعُ
طاوع	طَاوَعَ	يُطَاوِعُ	طُووِعَ	يُطَاوَعُ
طاول	طَاوَلَ	يُطَاوِلُ	طُووِلَ	يُطَاوَلُ
طب	طَبَّ	يَطِبُّ	طُبَّ	يُطَبُّ
طبخ	طَبَّخَ	يُطَبِّخُ	طُبِّخَ	يُطَبَّخُ
طبطب	طَبْطَبَ	يُطَبْطِبُ	-	-
طبع	طَبَّعَ	يُطَبِّعُ	طُبِّعَ	يُطَبَّعُ
طبق	طَبَّقَ	يُطَبِّقُ	طُبِّقَ	يُطَبَّقُ
طبل	طَبَّلَ	يُطَبِّلُ	طُبِّلَ	يُطَبَّلُ
طحلب	طَحْلَبَ	يُطَحْلِبُ	طُحْلِبَ	يُطَحْلَبُ
طحن	طَحَنَ	يَطْحَنُ	طُحِنَ	يُطْحَنُ
طرأ	طَرَأَ	يَطْرَأُ	طُرِئَ	يُطْرَأُ
طرب	طَرَّبَ	يُطَرِّبُ	طُرِّبَ	يُطَرَّبُ
طرح	طَرَّحَ	يُطَرِّحُ	طُرِّحَ	يُطَرَّحُ
طرد	طَرَّدَ	يُطَرِّدُ	طُرِّدَ	يُطَرَّدُ
طرز	طَرَّزَ	يُطَرِّزُ	طُرِّزَ	يُطَرَّزُ
طرف	طَرَفَ	يَطْرِفُ	طُرِفَ	يُطْرَفُ
طرق	طَرَّقَ	يُطَرِّقُ	طُرِّقَ	يُطَرَّقُ
طرو	طَرُوَ	يَطْرُو	-	-
طري	طَرِيَ	يَطْرَى	-	-
طعم	طَعَّمَ	يُطَعِّمُ	طُعِّمَ	يُطَعَّمُ
طعن	طَعَنَ	يَطْعَنُ	طُعِنَ	يُطْعَنُ
طغى	طَغَى	يَطْغَى	طُغِيَ	يُطْغَى
طفأ	طَفِئَ	يَطْفَأُ	طُفِئَ	يُطْفَأُ
طفئ	طَفِئَ	يَطْفَأُ	طُفِئَ	يُطْفَأُ
طفا	طَفَا	يَطْفُو	طُفِيَ	يُطْفَى
طفح	طَفَّحَ	يُطَفِّحُ	طُفِّحَ	يُطَفَّحُ
طفق	طَفَقَ	يَطْفِقُ	طُفِقَ	يُطْفَقُ
طقطق	طَقْطَقَ	يُطَقْطِقُ	طُقْطِقَ	يُطَقْطَقُ
طل	طَلَّ	يَطِلُّ	طُلَّ	يُطَلُّ
طلب	طَلَبَ	يَطْلُبُ	طُلِبَ	يُطْلَبُ
طلس	طَلِسَ	يَطْلَسُ	طُلِّسَ	يُطَلَّسُ
طلع	طَلَعَ	يَطْلَعُ	طُلِعَ	يُطْلَعُ
طلق	طَلَّقَ	يُطَلِّقُ	طُلِّقَ	يُطَلَّقُ
طلى	طَلَى	يَطْلِي	طُلِيَ	يُطْلَى
طمأن	طَمْأَنَ	يُطَمْئِنُ	طُمْئِنَ	يُطَمْأَنُ
طما	طَمَا	يَطْمُو	طُمِيَ	يُطْمَى
طمح	طَمَحَ	يَطْمِحُ	طُمِحَ	يُطْمَحُ
طمر	طَمَّرَ	يُطَمِّرُ	طُمِّرَ	يُطَمَّرُ
طمس	طَمَّسَ	يُطَمِّسُ	طُمِّسَ	يُطَمَّسُ
طمع	طَمُعَ	يَطْمُعُ	طُمِعَ	يُطْمَعُ
طمن	طَمَّنَ	يُطَمِّنُ	طُمِّنَ	يُطَمَّنُ
طمى	طَمَى	يَطْمِي	طُمِيَ	يُطْمَى
طن	طَنَّ	يَطِنُّ	طُنَّ	يُطَنُّ
طنب	طَنَّبَ	يُطَنِّبُ	طُنِّبَ	يُطَنَّبُ
طنز	طَنَّزَ	يُطَنِّزُ	طُنِزَ	يُطْنَزُ
طنف	طَنَّفَ	يُطَنِّفُ	طُنِّفَ	يُطَنَّفُ
طها	طَهَا	يَطْهُو	طُهِيَ	يُطْهَى
طهر	طَهَّرَ	يُطَهِّرُ	طُهِّرَ	يُطَهَّرُ
طهى	طَهَى	يَطْهَى	طُهِيَ	يُطْهَى
طوب	طَوَّبَ	يُطَوِّبُ	طُوِّبَ	يُطَوَّبُ
طور	طَوَّرَ	يُطَوِّرُ	طُوِّرَ	يُطَوَّرُ
طوع	طَوَّعَ	يُطَوِّعُ	طُوِّعَ	يُطَوَّعُ
طوف	طَوَّفَ	يُطَوِّفُ	طُوِّفَ	يُطَوَّفُ
طوق	طَوَّقَ	يُطَوِّقُ	طُوِّقَ	يُطَوَّقُ
طول	طَوَّلَ	يُطَوِّلُ	طُوِّلَ	يُطَوَّلُ
طوى	طَوَى	يَطْوِي	طُوِيَ	يُطْوَى
طوي	طَوِيَ	يَطْوَى	-	-
طيب	طَيَّبَ	يُطَيِّبُ	طُيِّبَ	يُطَيَّبُ
طير	طَيَّرَ	يُطَيِّرُ	طُيِّرَ	يُطَيَّرُ
ظأر	ظَأَرَ	يَظْأَرُ	ظُئِرَ	يُظْأَرُ
ظاهر	ظَاهَرَ	يُظَاهِرُ	ظُوهِرَ	يُظَاهَرُ
ظعن	ظَعَنَ	يَظْعَنُ	ظُعِنَ	يُظْعَنُ
ظفر	ظَفَّرَ	يُظَفِّرُ	ظُفِّرَ	يُظَفَّرُ
ظل	ظَلَّ	يَظَلُّ	ظُلَّ	يُظَلُّ
ظلل	ظَلَّلَ	يُظَلِّلُ	ظُلِّلَ	يُظَلَّلُ
ظلم	ظَلَّمَ	يُظَلِّمُ	ظُلِّمَ	يُظَلَّمُ
ظمأ	ظَمَّأَ	يُظَمِّئُ	ظُمِّئَ	يُظَمَّأُ
ظمئ	ظَمِئَ	يَظْمَأُ	-	-
ظن	ظَنَّ	يَظُنُّ	ظُنَّ	يُظَنُّ
ظهر	ظَهَّرَ	يُظَهِّرُ	ظُهِّرَ	يُظَهَّرُ
عاب	عَابَ	يَعِيبُ	عِيبَ	يُعَابُ
عاتب	عَاتَبَ	يُعَاتِبُ	عُوتِبَ	يُعَاتَبُ
عاث	عَاثَ	يَعِيثُ	عِيثَ	يُعَاثُ
عاد	عَادَ	يَعُودُ	عِيدَ	يُعَادُ
عادل	عَادَلَ	يُعَادِلُ	عُودِلَ	يُعَادَلُ
عادى	عَادَى	يُعَادِي	عُودِيَ	يُعَادَى
عاذ	عَاذَ	يَعُوذُ	عِيذَ	يُعَاذُ
عار	عَارَ	يَعِيرُ	-	-
عارك	عَارَكَ	يُعَارِكُ	عُورِكَ	يُعَارَكُ
عاش	عَاشَ	يَعِيشُ	عِيشَ	يُعَاشُ
عاشر	عَاشَرَ	يُعَاشِرُ	عُوشِرَ	يُعَاشَرُ
عاصر	عَاصَرَ	يُعَاصِرُ	عُوصِرَ	يُعَاصَرُ
عاض	عَاضَ	يَعُوضُ	عِيضَ	يُعَاضُ
عاضد	عَاضَدَ	يُعَاضِدُ	عُوضِدَ	يُعَاضَدُ
عاطى	عَاطَى	يُعَاطِي	عُوطِيَ	يُعَاطَى
عاظل	عَاظَلَ	يُعَاظِلُ	عُوظِلَ	يُعَاظَلُ
عافى	عَافَى	يُعَافِي	عُوفِيَ	يُعَافَى
عاق	عَاقَ	يَعُوقُ	عِيقَ	يُعَاقُ
عاقب	عَاقَبَ	يُعَاقِبُ	عُوقِبَ	يُعَاقَبُ
عاكس	عَاكَسَ	يُعَاكِسُ	عُوكِسَ	يُعَاكَسُ
عال	عَالَّ	يُعَالُّ	عُولَّ	يُعَالُّ
عالج	عَالَجَ	يُعَالِجُ	عُولِجَ	يُعَالَجُ
عام	عَامَ	يَعُومُ	-	-
عامل	عَامَلَ	يُعَامِلُ	عُومِلَ	يُعَامَلُ
عانق	عَانَقَ	يُعَانِقُ	عُونِقَ	يُعَانَقُ
عانى	عَانَى	يُعَانِي	عُونِيَ	يُعَانَى
عاه	عَاهَ	يَعُوهُ	عِيهَ	يُعَاهُ
عاود	عَاوَدَ	يُعَاوِدُ	عُووِدَ	يُعَاوَدُ
عاوض	عَاوَضَ	يُعَاوِضُ	عُووِضَ	يُعَاوَضُ
عاوق	عَاوَقَ	يُعَاوِقُ	عُووِقَ	يُعَاوَقُ
عاون	عَاوَنَ	يُعَاوِنُ	عُووِنَ	يُعَاوَنُ
عاوى	عَاوَى	يُعَاوِي	عُووِيَ	يُعَاوَى
عايد	عَايَدَ	يُعَايِدُ	عُويِدَ	يُعَايَدُ
عاير	عَايَرَ	يُعَايِرُ	عُويِرَ	يُعَايَرُ
عايش	عَايَشَ	يُعَايِشُ	عُويِشَ	يُعَايَشُ
عاين	عَايَنَ	يُعَايِنُ	عُويِنَ	يُعَايَنُ
عب	عَبَّ	يَعُبُّ	عُبَّ	يُعَبُّ
عبأ	عَبَّأَ	يُعَبِّئُ	عُبِّئَ	يُعَبَّأُ
عبا	عَبَا	يَعْبُو	عُبِيَ	يُعْبَى
عبث	عَبِثَ	يَعْبَثُ	-	-
عبد	عَبَّدَ	يُعَبِّدُ	عُبِّدَ	يُعَبَّدُ
عبر	عَبَّرَ	يُعَبِّرُ	عُبِّرَ	يُعَبَّرُ
عبس	عَبَسَ	يَعْبِسُ	عُبِسَ	يُعْبَسُ
عبعب	عَبْعَبَ	يُعَبْعِبُ	عُبْعِبَ	يُعَبْعَبُ
عبق	عَبَّقَ	يُعَبِّقُ	عُبِّقَ	يُعَبَّقُ
عبل	عَبَّلَ	يُعَبِّلُ	عُبِّلَ	يُعَبَّلُ
عتب	عَتَبَ	يَعْتِبُ	عُتِبَ	يُعْتَبُ
عتر	عَتَرَ	يَعْتِرُ	عُتِرَ	يُعْتَرُ
عتل	عَتَلَ	يَعْتُلُ	عُتِلَ	يُعْتَلُ
عتم	عَتَّمَ	يُعَتِّمُ	عُتِّمَ	يُعَتَّمُ
عته	عَتِهَ	يَعْتَهُ	-	-
عثا	عَثَا	يَعْثُو	عُثِيَ	يُعْثَى
عثر	عَثَّرَ	يُعَثِّرُ	عُثِّرَ	يُعَثَّرُ
عثنن	عَثْنَنَ	يُعَثْنِنُ	عُثْنِنَ	يُعَثْنَنُ
عثي	عَثِيَ	يَعْثَى	-	-
عج	عَجَّ	يَعِجُّ	عُجَّ	يُعَجُّ
عجب	عَجَّبَ	يُعَجِّبُ	عُجِّبَ	يُعَجَّبُ
عجج	عَجَّجَ	يُعَجِّجُ	عُجِّجَ	يُعَجَّجُ
عجز	عَجَّزَ	يُعَجِّزُ	عُجِّزَ	يُعَجَّزُ
عجل	عَجَّلَ	يُعَجِّلُ	عُجِّلَ	يُعَجَّلُ
عجم	عَجَّمَ	يُعَجِّمُ	عُجِّمَ	يُعَجَّمُ
عجن	عَجِنَ	يَعْجَنُ	عُجِنَ	يُعْجَنُ
عد	عَدَّ	يَعُدُّ	عُدَّ	يُعَدُّ
عدا	عَدَا	يَعْدُو	عُدِيَ	يُعْدَى
عدد	عَدَّدَ	يُعَدِّدُ	عُدِّدَ	يُعَدَّدُ
عدل	عَدَّلَ	يُعَدِّلُ	عُدِّلَ	يُعَدَّلُ
عدم	عَدِمَ	يَعْدَمُ	عُدِمَ	يُعْدَمُ
عدن	عَدَّنَ	يُعَدِّنُ	عُدِّنَ	يُعَدَّنُ
عدى	عَدَّى	يُعَدِّي	عُدِّيَ	يُعَدَّى
عذب	عَذَّبَ	يُعَذِّبُ	عُذِّبَ	يُعَذَّبُ
عذر	عَذَرَ	يَعْذُرُ	عُذِرَ	يُعْذَرُ
عذق	عَذَّقَ	يُعَذِّقُ	عُذِّقَ	يُعَذَّقُ
عرب	عَرَّبَ	يُعَرِّبُ	عُرِّبَ	يُعَرَّبُ
عربد	عَرْبَدَ	يُعَرْبِدُ	-	-
عربن	عَرْبَنَ	يُعَرْبِنُ	عُرْبِنَ	يُعَرْبَنُ
عرج	عَرَّجَ	يُعَرِّجُ	عُرِّجَ	يُعَرَّجُ
عرش	عَرَشَ	يَعْرُشُ	عُرِشَ	يُعْرَشُ
عرض	عَرَّضَ	يُعَرِّضُ	عُرِّضَ	يُعَرَّضُ
عرف	عَرَّفَ	يُعَرِّفُ	عُرِّفَ	يُعَرَّفُ
عرق	عَرَّقَ	يُعَرِّقُ	عُرِّقَ	يُعَرَّقُ
عرقل	عَرْقَلَ	يُعَرْقِلُ	عُرْقِلَ	يُعَرْقَلُ
عرك	عَرَكَ	يَعْرُكُ	عُرِكَ	يُعْرَكُ
عرمس	عَرْمَسَ	يُعَرْمِسُ	-	-
عرمض	عَرْمَضَ	يُعَرْمِضُ	-	-
عرن	عَرَّنَ	يُعَرِّنُ	عُرِّنَ	يُعَرَّنُ
عري	عَرِيَ	يَعْرَى	-	-
عز	عَزَّ	يَعِزُّ	عُزَّ	يُعَزُّ
عزا	عَزَا	يَعْزُو	عُزِيَ	يُعْزَى
عزب	عَزَبَ	يَعْزُبُ	عُزِبَ	يُعْزَبُ
عزر	عَزَّرَ	يُعَزِّرُ	عُزِّرَ	يُعَزَّرُ
عزز	عَزَّزَ	يُعَزِّزُ	عُزِّزَ	يُعَزَّزُ
عزف	عَزَفَ	يَعْزُفُ	عُزِفَ	يُعْزَفُ
عزق	عَزَقَ	يَعْزِقُ	عُزِقَ	يُعْزَقُ
عزل	عَزَلَ	يَعْزِلُ	عُزِلَ	يُعْزَلُ
عزم	عَزَمَ	يَعْزِمُ	عُزِمَ	يُعْزَمُ
عزى	عَزَّى	يُعَزِّي	عُزِّيَ	يُعَزَّى
عسعس	عَسْعَسَ	يُعَسْعِسُ	-	-
عسكر	عَسْكَرَ	يُعَسْكِرُ	عُسْكِرَ	يُعَسْكَرُ
عسل	عَسَّلَ	يُعَسِّلُ	عُسِّلَ	يُعَسَّلُ
عش	عَشَّ	يَعُشُّ	عُشَّ	يُعَشُّ
عشا	عَشَا	يَعْشَى	عُشِيَ	يُعْشَى
عشش	عَشَّشَ	يُعَشِّشُ	عُشِّشَ	يُعَشَّشُ
عشق	عَشَّقَ	يُعَشِّقُ	عُشِّقَ	يُعَشَّقُ
عشن	عَشَّنَ	يُعَشِّنُ	عُشِّنَ	يُعَشَّنُ
عصا	عَصَا	يَعْصُو	عُصِيَ	يُعْصَى
عصب	عَصَّبَ	يُعَصِّبُ	عُصِّبَ	يُعَصَّبُ
عصر	عَصَّرَ	يُعَصِّرُ	عُصِّرَ	يُعَصَّرُ
عصرن	عَصْرَنَ	يُعَصْرِنُ	عُصْرِنَ	يُعَصْرَنُ
عصف	عَصَفَ	يَعْصِفُ	عُصِفَ	يُعْصَفُ
عصفر	عَصْفَرَ	يُعَصْفِرُ	عُصْفِرَ	يُعَصْفَرُ
عصم	عَصَمَ	يَعْصِمُ	عُصِمَ	يُعْصَمُ
عصى	عَصَى	يَعْصِي	عُصِيَ	يُعْصَى
عض	عَضَّ	يَعَضُّ	عُضَّ	يُعَضُّ
عضد	عَضَّدَ	يُعَضِّدُ	عُضِّدَ	يُعَضَّدُ
عط	عَطَّ	يَعُطُّ	عُطَّ	يُعَطُّ
عطب	عَطَّبَ	يُعَطِّبُ	عُطِّبَ	يُعَطَّبُ
عطر	عَطَّرَ	يُعَطِّرُ	عُطِّرَ	يُعَطَّرُ
عطس	عَطَسَ	يَعْطُسُ	عُطِسَ	يُعْطَسُ
عطش	عَطَّشَ	يُعَطِّشُ	عُطِّشَ	يُعَطَّشُ
عطف	عَطَفَ	يَعْطِفُ	عُطِفَ	يُعْطَفُ
عطل	عَطَّلَ	يُعَطِّلُ	عُطِّلَ	يُعَطَّلُ
عطن	عَطَّنَ	يُعَطِّنُ	عُطِّنَ	يُعَطَّنُ
عظ	عَظَّ	يَعُظُّ	عُظَّ	يُعَظُّ
عظم	عَظَّمَ	يُعَظِّمُ	عُظِّمَ	يُعَظَّمُ
عفا	عَفَا	يَعْفُو	عُفِيَ	يُعْفَى
عفت	عَفَتَ	يَعْفِتُ	عُفِتَ	يُعْفَتُ
عفج	عَفَجَ	يَعْفِجُ	عُفِجَ	يُعْفَجُ
عفر	عَفَّرَ	يُعَفِّرُ	عُفِّرَ	يُعَفَّرُ
عفص	عَفَّصَ	يُعَفِّصُ	عُفِّصَ	يُعَفَّصُ
عق	عَقَّ	يَعُقُّ	عُقَّ	يُعَقُّ
عقب	عَقَّبَ	يُعَقِّبُ	عُقِّبَ	يُعَقَّبُ
عقد	عَقَّدَ	يُعَقِّدُ	عُقِّدَ	يُعَقَّدُ
عقر	عَقُرَ	يَعْقُرُ	عُقِرَ	يُعْقَرُ
عقل	عَقَلَ	يَعْقِلُ	عُقِلَ	يُعْقَلُ
عقلن	عَقْلَنَ	يُعَقْلِنُ	عُقْلِنَ	يُعَقْلَنُ
عقم	عَقَّمَ	يُعَقِّمُ	عُقِّمَ	يُعَقَّمُ
عكر	عَكَرَ	يَعْكِرُ	عُكِرَ	يُعْكَرُ
عكرش	عَكْرَشَ	يُعَكْرِشُ	عُكْرِشَ	يُعَكْرَشُ
عكس	عَكَسَ	يَعْكِسُ	عُكِسَ	يُعْكَسُ
عكنن	عَكْنَنَ	يُعَكْنِنُ	عُكْنِنَ	يُعَكْنَنُ
عل	عَلَّ	يَعِلُّ	عُلَّ	يُعَلُّ
علا	عَلَا	يَعْلُو	عُلِيَ	يُعْلَى
علف	عَلَّفَ	يُعَلِّفُ	عُلِّفَ	يُعَلَّفُ
علق	عَلَّقَ	يُعَلِّقُ	عُلِّقَ	يُعَلَّقُ
علك	عَلَّكَ	يُعَلِّكُ	عُلِّكَ	يُعَلَّكُ
علل	عَلَّلَ	يُعَلِّلُ	عُلِّلَ	يُعَلَّلُ
علم	عَلَّمَ	يُعَلِّمُ	عُلِّمَ	يُعَلَّمُ
علمن	عَلْمَنَ	يُعَلْمِنُ	عُلْمِنَ	يُعَلْمَنُ
علن	عَلَنَ	يَعْلُنُ	عُلِنَ	يُعْلَنُ
علون	عَلْوَنَ	يُعَلْوِنُ	عُلْوِنَ	يُعَلْوَنُ
على	عَلَّى	يُعَلِّي	عُلِّيَ	يُعَلَّى
علي	عَلِيَ	يَعْلَى	-	-
عم	عَمَّ	يَعُمُّ	عُمَّ	يُعَمُّ
عمد	عَمَّدَ	يُعَمِّدُ	عُمِّدَ	يُعَمَّدُ
عمر	عَمَّرَ	يُعَمِّرُ	عُمِّرَ	يُعَمَّرُ
عمق	عَمَّقَ	يُعَمِّقُ	عُمِّقَ	يُعَمَّقُ
عمل	عَمَّلَ	يُعَمِّلُ	عُمِّلَ	يُعَمَّلُ
عمم	عَمَّمَ	يُعَمِّمُ	عُمِّمَ	يُعَمَّمُ
عمه	عَمِهَ	يَعْمَهُ	عُمِهَ	يُعْمَهُ
عمى	عَمَّى	يُعَمِّي	عُمِّيَ	يُعَمَّى
عمي	عَمِيَ	يَعْمَى	-	-
عن	عَنَّ	يَعُنُّ	عُنَّ	يُعَنُّ
عنتر	عَنْتَرَ	يُعَنْتِرُ	عُنْتِرَ	يُعَنْتَرُ
عند	عَنِدَ	يَعْنَدُ	-	-
عنعن	عَنْعَنَ	يُعَنْعِنُ	عُنْعِنَ	يُعَنْعَنُ
عنق	عَنَّقَ	يُعَنِّقُ	عُنِّقَ	يُعَنَّقُ
عنى	عَنَى	يَعْنِي	عُنِيَ	يُعْنَى
عني	عَنِيَ	يَعْنَى	عُنِيَ	يُعْنَى
عهد	عَهِدَ	يَعْهَدُ	عُهِدَ	يُعْهَدُ
عهر	عَهِرَ	يَعْهَرُ	-	-
عهن	عَهَنَ	يَعْهُنُ	عُهِنَ	يُعْهَنُ
عوج	عَوَّجَ	يُعَوِّجُ	عُوِّجَ	يُعَوَّجُ
عور	عَوَّرَ	يُعَوِّرُ	عُوِّرَ	يُعَوَّرُ
عوض	عَوَّضَ	يُعَوِّضُ	عُوِّضَ	يُعَوَّضُ
عوق	عَوَّقَ	يُعَوِّقُ	عُوِّقَ	يُعَوَّقُ
عولم	عَوْلَمَ	يُعَوْلِمُ	عُولِمَ	يُعَوْلَمُ
عوى	عَوَى	يَعْوِي	عُوِيَ	يُعْوَى
عيب	عَيَّبَ	يُعَيِّبُ	عُيِّبَ	يُعَيَّبُ
عيد	عَيَّدَ	يُعَيِّدُ	عُيِّدَ	يُعَيَّدُ
عير	عَيَّرَ	يُعَيِّرُ	عُيِّرَ	يُعَيَّرُ
عيش	عَيَّشَ	يُعَيِّشُ	عُيِّشَ	يُعَيَّشُ
عيط	عَيَّطَ	يُعَيِّطُ	عُيِّطَ	يُعَيَّطُ
عين	عَيَّنَ	يُعَيِّنُ	عُيِّنَ	يُعَيَّنُ
غاب	غَابَ	يَغِيبُ	غِيبَ	يُغَابُ
غاث	غَاثَ	يَغُوثُ	غِيثَ	يُغَاثُ
غادر	غَادَرَ	يُغَادِرُ	غُودِرَ	يُغَادَرُ
غار	غَارَ	يَغَارُ	غِيرَ	يُغَارُ
غاص	غَاصَ	يَغُوصُ	-	-
غاظ	غَاظَ	يَغِيظُ	غِيظَ	يُغَاظُ
غاف	غَافَ	يَغِيفُ	-	-
غافل	غَافَلَ	يُغَافِلُ	غُوفِلَ	يُغَافَلُ
غالب	غَالَبَ	يُغَالِبُ	غُولِبَ	يُغَالَبُ
غالط	غَالَطَ	يُغَالِطُ	غُولِطَ	يُغَالَطُ
غام	غَامَ	يَغِيمُ	-	-
غامر	غَامَرَ	يُغَامِرُ	غُومِرَ	يُغَامَرُ
غايا	غَايَا	يُغَايِي	غُويِيَ	يُغَايَا
غاير	غَايَرَ	يُغَايِرُ	غُويِرَ	يُغَايَرُ
غب	غَبَّ	يَغُبُّ	غُبَّ	يُغَبُّ
غبب	غَبَّبَ	يُغَبِّبُ	غُبِّبَ	يُغَبَّبُ
غبط	غَبِطَ	يَغْبَطُ	غُبِطَ	يُغْبَطُ
غبن	غَبَنَ	يَغْبِنُ	غُبِنَ	يُغْبَنُ
غبي	غَبِيَ	يَغْبَى	غُبِيَ	يُغْبَى
غدا	غَدَا	يَغْدُو	غُدِيَ	يُغْدَى
غدر	غَدَرَ	يَغْدُرُ	غُدِرَ	يُغْدَرُ
غدق	غَدِقَ	يَغْدَقُ	-	-
غذا	غَذَا	يَغْذُو	غُذِيَ	يُغْذَى
غذى	غَذَّى	يُغَذِّي	غُذِّيَ	يُغَذَّى
غر	غَرَّ	يَغُرُّ	غُرَّ	يُغَرُّ
غرا	غَرَا	يَغْرُو	غُرِيَ	يُغْرَى
غرب	غَرَّبَ	يُغَرِّبُ	غُرِّبَ	يُغَرَّبُ
غربل	غَرْبَلَ	يُغَرْبِلُ	غُرْبِلَ	يُغَرْبَلُ
غرد	غَرَّدَ	يُغَرِّدُ	غُرِّدَ	يُغَرَّدُ
غرز	غَرَزَ	يَغْرِزُ	غُرِزَ	يُغْرَزُ
غرس	غَرَسَ	يَغْرِسُ	غُرِسَ	يُغْرَسُ
غرض	غَرَّضَ	يُغَرِّضُ	غُرِّضَ	يُغَرَّضُ
غرغر	غَرْغَرَ	يُغَرْغِرُ	غُرْغِرَ	يُغَرْغَرُ
غرف	غَرَفَ	يَغْرُفُ	غُرِفَ	يُغْرَفُ
غرق	غَرَّقَ	يُغَرِّقُ	غُرِّقَ	يُغَرَّقُ
غرقل	غَرْقَلَ	يُغَرْقِلُ	-	-
غرم	غَرَّمَ	يُغَرِّمُ	غُرِّمَ	يُغَرَّمُ
غرى	غَرَّى	يُغَرِّي	غُرِّيَ	يُغَرَّى
غري	غَرِيَ	يَغْرَى	غُرِيَ	يُغْرَى
غزا	غَزَا	يَغْزُو	غُزِيَ	يُغْزَى
غزل	غَزَّلَ	يُغَزِّلُ	غُزِلَ	يُغْزَلُ
غسق	غَسَقَ	يَغْسِقُ	غُسِقَ	يُغْسَقُ
غسل	غَسَّلَ	يُغَسِّلُ	غُسِّلَ	يُغَسَّلُ
غش	غَشَّ	يَغُشُّ	غُشَّ	يُغَشُّ
غشى	غَشَّى	يُغَشِّي	غُشِّيَ	يُغَشَّى
غشي	غَشِيَ	يَغْشَى	غُشِيَ	يُغْشَى
غص	غَصَّ	يَغُصُّ	غُصَّ	يُغَصُّ
غصب	غَصَبَ	يَغْصِبُ	غُصِبَ	يُغْصَبُ
غض	غَضَّ	يَغَضُّ	غُضَّ	يُغَضُّ
غضا	غَضَا	يَغْضُو	-	-
غضب	غَضِبَ	يَغْضَبُ	غُضِبَ	يُغْضَبُ
غط	غَطَّ	يَغُطُّ	-	-
غطا	غَطَا	يَغْطُو	غُطِيَ	يُغْطَى
غطرس	غَطْرَسَ	يُغَطْرِسُ	غُطْرِسَ	يُغَطْرَسُ
غطس	غَطَّسَ	يُغَطِّسُ	غُطِّسَ	يُغَطَّسُ
غطى	غَطَّى	يُغَطِّي	غُطِّيَ	يُغَطَّى
غفا	غَفَا	يَغْفُو	غُفِيَ	يُغْفَى
غفر	غَفَّرَ	يُغَفِّرُ	غُفِّرَ	يُغَفَّرُ
غفل	غَفَّلَ	يُغَفِّلُ	غُفِّلَ	يُغَفَّلُ
غل	غَلَّ	يَغِلُّ	غُلَّ	يُغَلُّ
غلا	غَلَا	يَغْلُو	غُلِيَ	يُغْلَى
غلب	غَلِبَ	يَغْلَبُ	غُلِّبَ	يُغَلَّبُ
غلس	غَلَّسَ	يُغَلِّسُ	غُلِّسَ	يُغَلَّسُ
غلط	غَلِطَ	يَغْلَطُ	غُلِطَ	يُغْلَطُ
غلف	غَلَّفَ	يُغَلِّفُ	غُلِّفَ	يُغَلَّفُ
غلق	غَلَّقَ	يُغَلِّقُ	غُلِّقَ	يُغَلَّقُ
غلم	غَلِمَ	يَغْلَمُ	-	-
غلى	غَلَى	يَغْلِي	غُلِيَ	يُغْلَى
غم	غَمَّ	يَغُمُّ	غُمَّ	يُغَمُّ
غمد	غَمَدَ	يَغْمِدُ	غُمِدَ	يُغْمَدُ
غمر	غَمُرَ	يَغْمُرُ	غُمِرَ	يُغْمَرُ
غمز	غَمَزَ	يَغْمِزُ	غُمِزَ	يُغْمَزُ
غمس	غَمَسَ	يَغْمِسُ	غُمِسَ	يُغْمَسُ
غمش	غَمِشَ	يَغْمَشُ	-	-
غمض	غَمَّضَ	يُغَمِّضُ	غُمِّضَ	يُغَمَّضُ
غمغم	غَمْغَمَ	يُغَمْغِمُ	غُمْغِمَ	يُغَمْغَمُ
غمم	غَمَّمَ	يُغَمِّمُ	غُمِّمَ	يُغَمَّمُ
غمى	غَمَّى	يُغَمِّي	غُمِّيَ	يُغَمَّى
غن	غَنَّ	يَغَنُّ	-	-
غنج	غَنَّجَ	يُغَنِّجُ	غُنِّجَ	يُغَنَّجُ
غنم	غَنَّمَ	يُغَنِّمُ	غُنِّمَ	يُغَنَّمُ
غنى	غَنَّى	يُغَنِّي	غُنِّيَ	يُغَنَّى
غني	غَنِيَ	يَغْنَى	غُنِيَ	يُغْنَى
غوث	غَوَّثَ	يُغَوِّثُ	غُوِّثَ	يُغَوَّثُ
غور	غَوَّرَ	يُغَوِّرُ	غُوِّرَ	يُغَوَّرُ
غيا	غَيَّا	يُغَيِّي	غُيِّيَ	يُغَيَّا
غيد	غَيِدَ	يَغْيَدُ	-	-
غير	غَيَّرَ	يُغَيِّرُ	غُيِّرَ	يُغَيَّرُ
غيم	غَيَّمَ	يُغَيِّمُ	-	-
غيهب	غَيْهَبَ	يُغَيْهِبُ	غُوهِبَ	يُغَيْهَبُ
فاء	فَاءَ	يَفِيءُ	فِيءَ	يُفَاءُ
فات	فَاتَ	يَفُوتُ	فِيتَ	يُفَاتُ
فاتح	فَاتَحَ	يُفَاتِحُ	فُوتِحَ	يُفَاتَحُ
فاجأ	فَاجَأَ	يُفَاجِئُ	فُوجِئَ	يُفَاجَأُ
فاح	فَاحَ	يَفِيحُ	-	-
فاحش	فَاحَشَ	يُفَاحِشُ	فُوحِشَ	يُفَاحَشُ
فاخ	فَاخَ	يَفِيخُ	-	-
فاخذ	فَاخَذَ	يُفَاخِذُ	فُوخِذَ	يُفَاخَذُ
فار	فَارَ	يَفُورُ	فِيرَ	يُفَارُ
فارق	فَارَقَ	يُفَارِقُ	فُورِقَ	يُفَارَقُ
فاز	فَازَ	يَفُوزُ	فِيزَ	يُفَازُ
فاص	فَاصَ	يَفِيصُ	-	-
فاصل	فَاصَلَ	يُفَاصِلُ	فُوصِلَ	يُفَاصَلُ
فاض	فَاضَ	يَفِيضُ	فِيضَ	يُفَاضُ
فاق	فَاقَ	يَفُوقُ	فِيقَ	يُفَاقُ
فاقم	فَاقَمَ	يُفَاقِمُ	فُوقِمَ	يُفَاقَمُ
فاوض	فَاوَضَ	يُفَاوِضُ	فُووِضَ	يُفَاوَضُ
فبرك	فَبْرَكَ	يُفَبْرِكُ	فُبْرِكَ	يُفَبْرَكُ
فت	فَتَّ	يَفُتُّ	فُتَّ	يُفَتُّ
فتأ	فَتَأَ	يَفْتَأُ	فُتِئَ	يُفْتَأُ
فتئ	فَتِئَ	يَفْتَأُ	فُتِئَ	يُفْتَأُ
فتت	فَتَّتَ	يُفَتِّتُ	فُتِّتَ	يُفَتَّتُ
فتح	فَتَّحَ	يُفَتِّحُ	فُتِّحَ	يُفَتَّحُ
فتش	فَتَّشَ	يُفَتِّشُ	فُتِّشَ	يُفَتَّشُ
فتك	فَتَكَ	يَفْتِكُ	فُتِكَ	يُفْتَكُ
فتل	فَتَّلَ	يُفَتِّلُ	فُتِّلَ	يُفَتَّلُ
فتن	فَتَنَ	يَفْتِنُ	فُتِنَ	يُفْتَنُ
فجر	فَجَّرَ	يُفَجِّرُ	فُجِّرَ	يُفَجَّرُ
فجع	فَجَّعَ	يُفَجِّعُ	فُجِّعَ	يُفَجَّعُ
فجل	فَجَّلَ	يُفَجِّلُ	فُجِّلَ	يُفَجَّلُ
فحش	فَحُشَ	يَفْحُشُ	فُحِشَ	يُفْحَشُ
فحص	فَحَصَ	يَفْحَصُ	فُحِصَ	يُفْحَصُ
فحل	فَحَلَ	يَفْحَلُ	فُحِلَ	يُفْحَلُ
فخ	فَخَّ	يَفَخُّ	-	-
فخخ	فَخَّخَ	يُفَخِّخُ	فُخِّخَ	يُفَخَّخُ
فخذ	فَخَّذَ	يُفَخِّذُ	فُخِّذَ	يُفَخَّذُ
فخر	فَخِرَ	يَفْخَرُ	فُخِرَ	يُفْخَرُ
فخم	فَخَّمَ	يُفَخِّمُ	فُخِّمَ	يُفَخَّمُ
فدح	فَدَحَ	يَفْدَحُ	فُدِحَ	يُفْدَحُ
فدم	فَدُمَ	يَفْدُمُ	فُدِّمَ	يُفَدَّمُ
فدى	فَدَى	يَفْدِي	فُدِيَ	يُفْدَى
فذ	فَذَّ	يَفُذُّ	فُذَّ	يُفَذُّ
فذلك	فَذْلَكَ	يُفَذْلِكُ	فُذْلِكَ	يُفَذْلَكُ
فر	فَرَّ	يَفِرُّ	فُرَّ	يُفَرُّ
فرث	فَرِثَ	يَفْرَثُ	فُرِثَ	يُفْرَثُ
فرج	فَرَّجَ	يُفَرِّجُ	فُرِّجَ	يُفَرَّجُ
فرح	فَرَّحَ	يُفَرِّحُ	فُرِّحَ	يُفَرَّحُ
فرخ	فَرَّخَ	يُفَرِّخُ	فُرِّخَ	يُفَرَّخُ
فرد	فَرَّدَ	يُفَرِّدُ	فُرِّدَ	يُفَرَّدُ
فرس	فَرَّسَ	يُفَرِّسُ	فُرِّسَ	يُفَرَّسُ
فرش	فَرَّشَ	يُفَرِّشُ	فُرِّشَ	يُفَرَّشُ
فرص	فَرَّصَ	يُفَرِّصُ	فُرِّصَ	يُفَرَّصُ
فرض	فَرَّضَ	يُفَرِّضُ	فُرِّضَ	يُفَرَّضُ
فرط	فَرَّطَ	يُفَرِّطُ	فُرِّطَ	يُفَرَّطُ
فرع	فَرَّعَ	يُفَرِّعُ	فُرِّعَ	يُفَرَّعُ
فرغ	فَرَّغَ	يُفَرِّغُ	فُرِّغَ	يُفَرَّغُ
فرفر	فَرْفَرَ	يُفَرْفِرُ	فُرْفِرَ	يُفَرْفَرُ
فرق	فَرِقَ	يَفْرَقُ	فُرِقَ	يُفْرَقُ
فرك	فَرَكَ	يَفْرُكُ	فُرِكَ	يُفْرَكُ
فرم	فَرَمَ	يَفْرُمُ	فُرِمَ	يُفْرَمُ
فرمل	فَرْمَلَ	يُفَرْمِلُ	فُرْمِلَ	يُفَرْمَلُ
فرنس	فَرْنَسَ	يُفَرْنِسُ	فُرْنِسَ	يُفَرْنَسُ
فز	فَزَّ	يَفَزُّ	فُزَّ	يُفَزُّ
فزع	فَزَعَ	يَفْزَعُ	فُزِعَ	يُفْزَعُ
فسا	فَسَا	يَفْسُو	فُسِيَ	يُفْسَى
فسح	فَسَّحَ	يُفَسِّحُ	فُسِّحَ	يُفَسَّحُ
فسخ	فَسَّخَ	يُفَسِّخُ	فُسِّخَ	يُفَسَّخُ
فسر	فَسَّرَ	يُفَسِّرُ	فُسِّرَ	يُفَسَّرُ
فسفس	فَسْفَسَ	يُفَسْفِسُ	-	-
فسق	فَسُقَ	يَفْسُقُ	فُسِقَ	يُفْسَقُ
فسل	فَسَّلَ	يُفَسِّلُ	فُسِّلَ	يُفَسَّلُ
فشا	فَشَا	يَفْشُو	-	-
فشغ	فَشَّغَ	يُفَشِّغُ	فُشِّغَ	يُفَشَّغُ
فشل	فَشَّلَ	يُفَشِّلُ	فُشِّلَ	يُفَشَّلُ
فصح	فَصُحَ	يَفْصُحُ	-	-
فصد	فَصَدَ	يَفْصِدُ	فُصِدَ	يُفْصَدُ
فصل	فَصَّلَ	يُفَصِّلُ	فُصِّلَ	يُفَصَّلُ
فصم	فَصَّمَ	يُفَصِّمُ	فُصِّمَ	يُفَصَّمُ
فض	فَضَّ	يَفُضُّ	فُضَّ	يُفَضُّ
فضح	فَضَحَ	يَفْضَحُ	فُضِحَ	يُفْضَحُ
فضفض	فَضْفَضَ	يُفَضْفِضُ	-	-
فضل	فَضَّلَ	يُفَضِّلُ	فُضِّلَ	يُفَضَّلُ
فطر	فَطَرَ	يَفْطُرُ	فُطِرَ	يُفْطَرُ
فطس	فَطِسَ	يَفْطَسُ	فُطِّسَ	يُفَطَّسُ
فطم	فَطَمَ	يَفْطِمُ	فُطِمَ	يُفْطَمُ
فطن	فَطَّنَ	يُفَطِّنُ	فُطِّنَ	يُفَطَّنُ
فظ	فَظَّ	يَفَظُّ	فُظَّ	يُفَظُّ
فظع	فَظِعَ	يَفْظَعُ	فُظِعَ	يُفْظَعُ
فعل	فَعَّلَ	يُفَعِّلُ	فُعِّلَ	يُفَعَّلُ
فغر	فَغَرَ	يَفْغُرُ	فُغِرَ	يُفْغَرُ
فقد	فَقَدَ	يَفْقِدُ	فُقِدَ	يُفْقَدُ
فقر	فَقِرَ	يَفْقَرُ	فُقِرَ	يُفْقَرُ
فقس	فَقَسَ	يَفْقِسُ	فُقِسَ	يُفْقَسُ
فقط	فَقَّطَ	يُفَقِّطُ	فُقِّطَ	يُفَقَّطُ
فقع	فَقَّعَ	يُفَقِّعُ	فُقِّعَ	يُفَقَّعُ
فقم	فَقُمَ	يَفْقُمُ	-	-
فقه	فَقَّهَ	يُفَقِّهُ	فُقِّهَ	يُفَقَّهُ
فك	فَكَّ	يَفُكُّ	فُكَّ	يُفَكُّ
فكر	فَكَّرَ	يُفَكِّرُ	فُكِّرَ	يُفَكَّرُ
فكك	فَكَّكَ	يُفَكِّكُ	فُكِّكَ	يُفَكَّكُ
فل	فَلَّ	يَفَلُّ	فُلَّ	يُفَلُّ
فلا	فَلَا	يَفْلُو	فُلِيَ	يُفْلَى
فلت	فَلَّتَ	يُفَلِّتُ	فُلِّتَ	يُفَلَّتُ
فلتر	فَلْتَرَ	يُفَلْتِرُ	فُلْتِرَ	يُفَلْتَرُ
فلح	فَلَحَ	يَفْلَحُ	فُلِحَ	يُفْلَحُ
فلس	فَلَّسَ	يُفَلِّسُ	فُلِّسَ	يُفَلَّسُ
فلسف	فَلْسَفَ	يُفَلْسِفُ	فُلْسِفَ	يُفَلْسَفُ
فلع	فَلَعَ	يَفْلَعُ	فُلِعَ	يُفْلَعُ
فلفل	فَلْفَلَ	يُفَلْفِلُ	فُلْفِلَ	يُفَلْفَلُ
فلق	فَلَّقَ	يُفَلِّقُ	فُلِّقَ	يُفَلَّقُ
فلل	فَلَّلَ	يُفَلِّلُ	فُلِّلَ	يُفَلَّلُ
فن	فَنَّ	يَفُنُّ	فُنَّ	يُفَنُّ
فنك	فَنَّكَ	يُفَنِّكُ	فُنِّكَ	يُفَنَّكُ
فني	فَنِيَ	يَفْنَى	فُنِيَ	يُفْنَى
فهرس	فَهْرَسَ	يُفَهْرِسُ	فُهْرِسَ	يُفَهْرَسُ
فهم	فَهَّمَ	يُفَهِّمُ	فُهِّمَ	يُفَهَّمُ
فوت	فَوَّتَ	يُفَوِّتُ	فُوِّتَ	يُفَوَّتُ
فوض	فَوَّضَ	يُفَوِّضُ	فُوِّضَ	يُفَوَّضُ
فيأ	فَيَّأَ	يُفَيِّئُ	فُيِّئَ	يُفَيَّأُ
قاء	قَاءَ	يَقِيءُ	قِيءَ	يُقَاءُ
قاب	قَابَ	يَقُوبُ	قِيبَ	يُقَابُ
قابل	قَابَلَ	يُقَابِلُ	قُوبِلَ	يُقَابَلُ
قاتل	قَاتَلَ	يُقَاتِلُ	قُوتِلَ	يُقَاتَلُ
قاد	قَادَ	يَقُودُ	قِيدَ	يُقَادُ
قارب	قَارَبَ	يُقَارِبُ	قُورِبَ	يُقَارَبُ
قارض	قَارَضَ	يُقَارِضُ	قُورِضَ	يُقَارَضُ
قارن	قَارَنَ	يُقَارِنُ	قُورِنَ	يُقَارَنُ
قاس	قَاسَ	يَقِيسُ	قِيسَ	يُقَاسُ
قاص	قَاصَّ	يُقَاصُّ	قُوصَّ	يُقَاصُّ
قاض	قَاضَ	يَقُوضُ	قِيضَ	يُقَاضُ
قاضى	قَاضَى	يُقَاضِي	قُوضِيَ	يُقَاضَى
قاطع	قَاطَعَ	يُقَاطِعُ	قُوطِعَ	يُقَاطَعُ
قاعد	قَاعَدَ	يُقَاعِدُ	قُوعِدَ	يُقَاعَدُ
قاف	قَافَ	يَقُوفُ	قِيفَ	يُقَافُ
قال	قَالَ	يَقُولُ	قِيلَ	يُقَالُ
قام	قَامَ	يَقُومُ	قِيمَ	يُقَامُ
قامر	قَامَرَ	يُقَامِرُ	قُومِرَ	يُقَامَرُ
قان	قَانَ	يَقِينُ	قِينَ	يُقَانُ
قاهر	قَاهَرَ	يُقَاهِرُ	قُوهِرَ	يُقَاهَرُ
قاوح	قَاوَحَ	يُقَاوِحُ	قُووِحَ	يُقَاوَحُ
قاول	قَاوَلَ	يُقَاوِلُ	قُووِلَ	يُقَاوَلُ
قاوم	قَاوَمَ	يُقَاوِمُ	قُووِمَ	يُقَاوَمُ
قايس	قَايَسَ	يُقَايِسُ	قُويِسَ	يُقَايَسُ
قايض	قَايَضَ	يُقَايِضُ	قُويِضَ	يُقَايَضُ
قب	قَبَّ	يَقُبُّ	قُبَّ	يُقَبُّ
قبا	قَبَا	يَقْبُو	قُبِيَ	يُقْبَى
قبح	قَبَّحَ	يُقَبِّحُ	قُبِّحَ	يُقَبَّحُ
قبر	قَبَرَ	يَقْبُرُ	قُبِرَ	يُقْبَرُ
قبس	قَبَسَ	يَقْبِسُ	قُبِسَ	يُقْبَسُ
قبض	قَبَّضَ	يُقَبِّضُ	قُبِّضَ	يُقَبَّضُ
قبع	قَبَعَ	يَقْبَعُ	قُبِعَ	يُقْبَعُ
قبل	قَبَّلَ	يُقَبِّلُ	قُبِّلَ	يُقَبَّلُ
قبى	قَبَّى	يُقَبِّي	قُبِّيَ	يُقَبَّى
قت	قَتَّ	يَقُتُّ	قُتَّ	يُقَتُّ
قتل	قَتَّلَ	يُقَتِّلُ	قُتِّلَ	يُقَتَّلُ
قحط	قَحَّطَ	يُقَحِّطُ	قُحِّطَ	يُقَحَّطُ
قحف	قَحَفَ	يَقْحَفُ	قُحِفَ	يُقْحَفُ
قحل	قَحِلَ	يَقْحَلُ	-	-
قد	قَدَّ	يَقُدُّ	قُدَّ	يُقَدُّ
قدا	قَدَا	يَقْدُو	-	-
قدح	قَدَّحَ	يُقَدِّحُ	قُدِّحَ	يُقَدَّحُ
قدر	قَدَّرَ	يُقَدِّرُ	قُدِّرَ	يُقَدَّرُ
قدس	قَدَّسَ	يُقَدِّسُ	قُدِّسَ	يُقَدَّسُ
قدم	قَدَّمَ	يُقَدِّمُ	قُدِّمَ	يُقَدَّمُ
قدي	قَدِيَ	يَقْدَى	-	-
قذر	قَذَّرَ	يُقَذِّرُ	قُذِّرَ	يُقَذَّرُ
قذف	قَذَفَ	يَقْذِفُ	قُذِفَ	يُقْذَفُ
قذى	قَذَّى	يُقَذِّي	قُذِّيَ	يُقَذَّى
قر	قَرَّ	يَقَرُّ	-	-
قرأ	قَرَأَ	يَقْرَأُ	قُرِئَ	يُقْرَأُ
قرا	قَرَا	يَقْرُو	قُرِيَ	يُقْرَى
قرب	قَرَّبَ	يُقَرِّبُ	قُرِّبَ	يُقَرَّبُ
قرت	قَرِتَ	يَقْرَتُ	قُرِتَ	يُقْرَتُ
قرث	قَرِثَ	يَقْرَثُ	قُرِثَ	يُقْرَثُ
قرح	قَرَّحَ	يُقَرِّحُ	قُرِّحَ	يُقَرَّحُ
قرد	قَرَّدَ	يُقَرِّدُ	قُرِّدَ	يُقَرَّدُ
قرر	قَرَّرَ	يُقَرِّرُ	قُرِّرَ	يُقَرَّرُ
قرش	قَرَشَ	يَقْرُشُ	قُرِشَ	يُقْرَشُ
قرص	قَرَصَ	يَقْرُصُ	قُرِصَ	يُقْرَصُ
قرصن	قَرْصَنَ	يُقَرْصِنُ	قُرْصِنَ	يُقَرْصَنُ
قرض	قَرَّضَ	يُقَرِّضُ	قُرِّضَ	يُقَرَّضُ
قرط	قَرَّطَ	يُقَرِّطُ	قُرِّطَ	يُقَرَّطُ
قرظ	قَرَّظَ	يُقَرِّظُ	قُرِّظَ	يُقَرَّظُ
قرع	قَرَّعَ	يُقَرِّعُ	قُرِّعَ	يُقَرَّعُ
قرف	قَرَّفَ	يُقَرِّفُ	قُرِّفَ	يُقَرَّفُ
قرفص	قَرْفَصَ	يُقَرْفِصُ	قُرْفِصَ	يُقَرْفَصُ
قرقر	قَرْقَرَ	يُقَرْقِرُ	-	-
قرقع	قَرْقَعَ	يُقَرْقِعُ	قُرْقِعَ	يُقَرْقَعُ
قرقف	قَرْقَفَ	يُقَرْقِفُ	قُرْقِفَ	يُقَرْقَفُ
قرم	قَرَمَ	يَقْرِمُ	قُرِمَ	يُقْرَمُ
قرمط	قَرْمَطَ	يُقَرْمِطُ	قُرْمِطَ	يُقَرْمَطُ
قرن	قَرَّنَ	يُقَرِّنُ	قُرِّنَ	يُقَرَّنُ
قرى	قَرَى	يَقْرِي	قُرِيَ	يُقْرَى
قز	قَزَّ	يَقُزُّ	قُزَّ	يُقَزُّ
قزح	قَزَّحَ	يُقَزِّحُ	قُزِّحَ	يُقَزَّحُ
قزز	قَزَّزَ	يُقَزِّزُ	قُزِّزَ	يُقَزَّزُ
قزع	قَزَّعَ	يُقَزِّعُ	قُزِّعَ	يُقَزَّعُ
قس	قَسَّ	يَقُسُّ	قُسَّ	يُقَسُّ
قسا	قَسَا	يَقْسُو	قُسِيَ	يُقْسَى
قسب	قَسُبَ	يَقْسُبُ	-	-
قسر	قَسَرَ	يَقْسِرُ	قُسِرَ	يُقْسَرُ
قسط	قَسَّطَ	يُقَسِّطُ	قُسِّطَ	يُقَسَّطُ
قسطر	قَسْطَرَ	يُقَسْطِرُ	قُسْطِرَ	يُقَسْطَرُ
قسم	قَسَّمَ	يُقَسِّمُ	قُسِّمَ	يُقَسَّمُ
قش	قَشَّ	يَقِشُّ	قُشَّ	يُقَشُّ
قشد	قَشَدَ	يَقْشُدُ	قُشِدَ	يُقْشَدُ
قشر	قَشَّرَ	يُقَشِّرُ	قُشِّرَ	يُقَشَّرُ
قشط	قَشَّطَ	يُقَشِّطُ	قُشِّطَ	يُقَشَّطُ
قشع	قَشَعَ	يَقْشَعُ	قُشِعَ	يُقْشَعُ
قشف	قَشَّفَ	يُقَشِّفُ	قُشِّفَ	يُقَشَّفُ
قص	قَصَّ	يَقُصُّ	قُصَّ	يُقَصُّ
قصب	قَصَّبَ	يُقَصِّبُ	قُصِّبَ	يُقَصَّبُ
قصد	قَصُدَ	يَقْصُدُ	قُصِدَ	يُقْصَدُ
قصر	قَصَّرَ	يُقَصِّرُ	قُصِّرَ	يُقَصَّرُ
قصف	قَصَفَ	يَقْصُفُ	قُصِفَ	يُقْصَفُ
قصل	قَصَّلَ	يُقَصِّلُ	قُصِّلَ	يُقَصَّلُ
قضب	قَضَّبَ	يُقَضِّبُ	قُضِّبَ	يُقَضَّبُ
قضم	قَضَمَ	يَقْضِمُ	قُضِمَ	يُقْضَمُ
قضى	قَضَّى	يُقَضِّي	قُضِّيَ	يُقَضَّى
قط	قَطَّ	يَقُطُّ	قُطَّ	يُقَطُّ
قطب	قَطَّبَ	يُقَطِّبُ	قُطِّبَ	يُقَطَّبُ
قطر	قَطَّرَ	يُقَطِّرُ	قُطِّرَ	يُقَطَّرُ
قطع	قَطَّعَ	يُقَطِّعُ	قُطِّعَ	يُقَطَّعُ
قطف	قَطَّفَ	يُقَطِّفُ	قُطِّفَ	يُقَطَّفُ
قطل	قَطَلَ	يَقْطِلُ	قُطِلَ	يُقْطَلُ
قطم	قَطَمَ	يَقْطِمُ	قُطِمَ	يُقْطَمُ
قطن	قَطَنَ	يَقْطُنُ	قُطِنَ	يُقْطَنُ
قعب	قَعَّبَ	يُقَعِّبُ	قُعِّبَ	يُقَعَّبُ
قعد	قَعَدَ	يَقْعُدُ	قُعِدَ	يُقْعَدُ
قعر	قَعَّرَ	يُقَعِّرُ	قُعِّرَ	يُقَعَّرُ
قعقع	قَعْقَعَ	يُقَعْقِعُ	قُعْقِعَ	يُقَعْقَعُ
قف	قَفَّ	يَقُفُّ	-	-
قفا	قَفَا	يَقْفُو	قُفِيَ	يُقْفَى
قفر	قَفُرَ	يَقْفُرُ	قُفِرَ	يُقْفَرُ
قفز	قَفَزَ	يَقْفِزُ	قُفِزَ	يُقْفَزُ
قفط	قَفَطَ	يَقْفُطُ	قُفِطَ	يُقْفَطُ
قفع	قَفَّعَ	يُقَفِّعُ	قُفِّعَ	يُقَفَّعُ
قفقف	قَفْقَفَ	يُقَفْقِفُ	قُفْقِفَ	يُقَفْقَفُ
قفل	قَفَّلَ	يُقَفِّلُ	قُفِّلَ	يُقَفَّلُ
قل	قَلَّ	يَقِلُّ	قُلَّ	يُقَلُّ
قلا	قَلَا	يَقْلُو	قُلِيَ	يُقْلَى
قلب	قَلَّبَ	يُقَلِّبُ	قُلِّبَ	يُقَلَّبُ
قلد	قَلَّدَ	يُقَلِّدُ	قُلِّدَ	يُقَلَّدُ
قلس	قَلَسَ	يَقْلِسُ	قُلِسَ	يُقْلَسُ
قلص	قَلَّصَ	يُقَلِّصُ	قُلِّصَ	يُقَلَّصُ
قلع	قَلَّعَ	يُقَلِّعُ	قُلِّعَ	يُقَلَّعُ
قلق	قَلِقَ	يَقْلَقُ	قُلِقَ	يُقْلَقُ
قلقل	قَلْقَلَ	يُقَلْقِلُ	قُلْقِلَ	يُقَلْقَلُ
قلل	قَلَّلَ	يُقَلِّلُ	قُلِّلَ	يُقَلَّلُ
قلم	قَلَّمَ	يُقَلِّمُ	قُلِّمَ	يُقَلَّمُ
قلى	قَلَى	يَقْلِي	قُلِيَ	يُقْلَى
قلي	قَلِيَ	يَقْلَى	قُلِيَ	يُقْلَى
قم	قَمَّ	يَقُمُّ	قُمَّ	يُقَمُّ
قمر	قَمَّرَ	يُقَمِّرُ	قُمِّرَ	يُقَمَّرُ
قمط	قَمَّطَ	يُقَمِّطُ	قُمِّطَ	يُقَمَّطُ
قمطر	قَمْطَرَ	يُقَمْطِرُ	قُمْطِرَ	يُقَمْطَرُ
قمع	قَمَعَ	يَقْمَعُ	قُمِعَ	يُقْمَعُ
قمقم	قَمْقَمَ	يُقَمْقِمُ	قُمْقِمَ	يُقَمْقَمُ
قنأ	قَنَأَ	يَقْنَأُ	-	-
قنب	قَنَّبَ	يُقَنِّبُ	قُنِّبَ	يُقَنَّبُ
قنت	قَنُتَ	يَقْنُتُ	قُنِّتَ	يُقَنَّتُ
قنص	قَنَصَ	يَقْنِصُ	قُنِصَ	يُقْنَصُ
قنطر	قَنْطَرَ	يُقَنْطِرُ	قُنْطِرَ	يُقَنْطَرُ
قنع	قَنَّعَ	يُقَنِّعُ	قُنِّعَ	يُقَنَّعُ
قنن	قَنَّنَ	يُقَنِّنُ	قُنِّنَ	يُقَنَّنُ
قنى	قَنَّى	يُقَنِّي	قُنِّيَ	يُقَنَّى
قهر	قَهَرَ	يَقْهَرُ	قُهِرَ	يُقْهَرُ
قهقر	قَهْقَرَ	يُقَهْقِرُ	قُهْقِرَ	يُقَهْقَرُ
قهقه	قَهْقَهَ	يُقَهْقِهُ	-	-
قوس	قَوَّسَ	يُقَوِّسُ	قُوِّسَ	يُقَوَّسُ
قوض	قَوَّضَ	يُقَوِّضُ	قُوِّضَ	يُقَوَّضُ
قول	قَوَّلَ	يُقَوِّلُ	قُوِّلَ	يُقَوَّلُ
قولب	قَوْلَبَ	يُقَوْلِبُ	قُولِبَ	يُقَوْلَبُ
قوم	قَوَّمَ	يُقَوِّمُ	قُوِّمَ	يُقَوَّمُ
قوى	قَوَّى	يُقَوِّي	قُوِّيَ	يُقَوَّى
قوي	قَوِيَ	يَقْوَى	قُوِيَ	يُقْوَى
قيد	قَيَّدَ	يُقَيِّدُ	قُيِّدَ	يُقَيَّدُ
قير	قَيَّرَ	يُقَيِّرُ	قُيِّرَ	يُقَيَّرُ
قيم	قَيَّمَ	يُقَيِّمُ	قُيِّمَ	يُقَيَّمُ
كئب	كَئِبَ	يَكْأَبُ	كُئِبَ	يُكْأَبُ
كابد	كَابَدَ	يُكَابِدُ	كُوبِدَ	يُكَابَدُ
كاتب	كَاتَبَ	يُكَاتِبُ	كُوتِبَ	يُكَاتَبُ
كاثر	كَاثَرَ	يُكَاثِرُ	كُوثِرَ	يُكَاثَرُ
كاد	كَادَ	يَكَادُ	كِيدَ	يُكَادُ
كارم	كَارَمَ	يُكَارِمُ	كُورِمَ	يُكَارَمُ
كارى	كَارَى	يُكَارِي	كُورِيَ	يُكَارَى
كاس	كَاسَ	يَكُوسُ	كِيسَ	يُكَاسُ
كاشف	كَاشَفَ	يُكَاشِفُ	كُوشِفَ	يُكَاشَفُ
كافأ	كَافَأَ	يُكَافِئُ	كُوفِئَ	يُكَافَأُ
كافح	كَافَحَ	يُكَافِحُ	كُوفِحَ	يُكَافَحُ
كال	كَالَ	يَكِيلُ	كِيلَ	يُكَالُ
كالم	كَالَمَ	يُكَالِمُ	كُولِمَ	يُكَالَمُ
كان	كَانَ	يَكُونُ	-	-
كب	كَبَّ	يَكُبُّ	كُبَّ	يُكَبُّ
كبب	كَبَّبَ	يُكَبِّبُ	كُبِّبَ	يُكَبَّبُ
كبت	كَبَتَ	يَكْبِتُ	كُبِتَ	يُكْبَتُ
كبح	كَبَحَ	يَكْبَحُ	كُبِحَ	يُكْبَحُ
كبد	كَبَّدَ	يُكَبِّدُ	كُبِّدَ	يُكَبَّدُ
كبر	كَبَّرَ	يُكَبِّرُ	كُبِّرَ	يُكَبَّرُ
كبرت	كَبْرَتَ	يُكَبْرِتُ	كُبْرِتَ	يُكَبْرَتُ
كبس	كَبَّسَ	يُكَبِّسُ	كُبِّسَ	يُكَبَّسُ
كبكب	كَبْكَبَ	يُكَبْكِبُ	كُبْكِبَ	يُكَبْكَبُ
كبل	كَبَّلَ	يُكَبِّلُ	كُبِّلَ	يُكَبَّلُ
كتب	كَتَّبَ	يُكَتِّبُ	كُتِّبَ	يُكَتَّبُ
كتل	كَتَّلَ	يُكَتِّلُ	كُتِّلَ	يُكَتَّلُ
كتم	كَتَّمَ	يُكَتِّمُ	كُتِّمَ	يُكَتَّمُ
كثر	كَثَّرَ	يُكَثِّرُ	كُثِّرَ	يُكَثَّرُ
كثف	كَثَّفَ	يُكَثِّفُ	كُثِّفَ	يُكَثَّفُ
كح	كَحَّ	يَكُحُّ	كُحَّ	يُكَحُّ
كحل	كَحَّلَ	يُكَحِّلُ	كُحِّلَ	يُكَحَّلُ
كد	كَدَّ	يَكُدُّ	كُدَّ	يُكَدُّ
كدر	كَدَرَ	يَكْدُرُ	كُدِرَ	يُكْدَرُ
كدس	كَدَّسَ	يُكَدِّسُ	كُدِّسَ	يُكَدَّسُ
كدم	كَدَمَ	يَكْدِمُ	كُدِمَ	يُكْدَمُ
كذب	كَذَّبَ	يُكَذِّبُ	كُذِّبَ	يُكَذَّبُ
كر	كَرَّ	يَكُرُّ	كُرَّ	يُكَرُّ
كرا	كَرَا	يَكْرُو	كُرِيَ	يُكْرَى
كرب	كَرَبَ	يَكْرُبُ	كُرِبَ	يُكْرَبُ
كربن	كَرْبَنَ	يُكَرْبِنُ	كُرْبِنَ	يُكَرْبَنُ
كرج	كَرَّجَ	يُكَرِّجُ	كُرِجَ	يُكْرَجُ
كرد	كَرَّدَ	يُكَرِّدُ	كُرِّدَ	يُكَرَّدُ
كرر	كَرَّرَ	يُكَرِّرُ	كُرِّرَ	يُكَرَّرُ
كرز	كَرَزَ	يَكْرِزُ	كُرِّزَ	يُكَرَّزُ
كرس	كَرَّسَ	يُكَرِّسُ	كُرِّسَ	يُكَرَّسُ
كرش	كَرَّشَ	يُكَرِّشُ	كُرِّشَ	يُكَرَّشُ
كركر	كَرْكَرَ	يُكَرْكِرُ	كُرْكِرَ	يُكَرْكَرُ
كرم	كَرَّمَ	يُكَرِّمُ	كُرِّمَ	يُكَرَّمُ
كره	كَرَّهَ	يُكَرِّهُ	كُرِّهَ	يُكَرَّهُ
كرى	كَرَى	يَكْرِي	كُرِيَ	يُكْرَى
كسا	كَسَا	يَكْسُو	كُسِيَ	يُكْسَى
كسب	كَسَّبَ	يُكَسِّبُ	كُسِّبَ	يُكَسَّبُ
كسح	كَسَحَ	يَكْسَحُ	كُسِحَ	يُكْسَحُ
كسد	كَسُدَ	يَكْسُدُ	-	-
كسر	كَسَّرَ	يُكَسِّرُ	كُسِّرَ	يُكَسَّرُ
كشط	كَشَّطَ	يُكَشِّطُ	كُشِّطَ	يُكَشَّطُ
كشف	كَشَفَ	يَكْشِفُ	كُشِفَ	يُكْشَفُ
كعب	كَعَّبَ	يُكَعِّبُ	كُعِّبَ	يُكَعَّبُ
كعبل	كَعْبَلَ	يُكَعْبِلُ	كُعْبِلَ	يُكَعْبَلُ
كف	كَفَّ	يَكُفُّ	كُفَّ	يُكَفُّ
كفت	كَفَّتَ	يُكَفِّتُ	كُفِّتَ	يُكَفَّتُ
كفر	كَفَّرَ	يُكَفِّرُ	كُفِّرَ	يُكَفَّرُ
كفف	كَفَّفَ	يُكَفِّفُ	كُفِّفَ	يُكَفَّفُ
كفكف	كَفْكَفَ	يُكَفْكِفُ	كُفْكِفَ	يُكَفْكَفُ
كفل	كَفَّلَ	يُكَفِّلُ	كُفِّلَ	يُكَفَّلُ
كفن	كَفَّنَ	يُكَفِّنُ	كُفِّنَ	يُكَفَّنُ
كفى	كَفَى	يَكْفِي	كُفِيَ	يُكْفَى
كلأ	كَلَأَ	يَكْلَأُ	كُلِئَ	يُكْلَأُ
كلب	كَلِبَ	يَكْلَبُ	كُلِبَ	يُكْلَبُ
كلح	كَلَحَ	يَكْلَحُ	-	-
كلس	كَلَّسَ	يُكَلِّسُ	كُلِّسَ	يُكَلَّسُ
كلف	كَلَّفَ	يُكَلِّفُ	كُلِّفَ	يُكَلَّفُ
كلل	كَلَّلَ	يُكَلِّلُ	كُلِّلَ	يُكَلَّلُ
كلم	كَلَّمَ	يُكَلِّمُ	كُلِّمَ	يُكَلَّمُ
كلور	كَلْوَرَ	يُكَلْوِرُ	كُلْوِرَ	يُكَلْوَرُ
كم	كَمَّ	يَكُمُّ	كُمَّ	يُكَمُّ
كمت	كَمَّتَ	يُكَمِّتُ	كُمِّتَ	يُكَمَّتُ
كمح	كَمَحَ	يَكْمَحُ	كُمِحَ	يُكْمَحُ
كمش	كَمَشَ	يَكْمُشُ	كُمِشَ	يُكْمَشُ
كمل	كَمَّلَ	يُكَمِّلُ	كُمِّلَ	يُكَمَّلُ
كمم	كَمَّمَ	يُكَمِّمُ	كُمِّمَ	يُكَمَّمُ
كمن	كَمَّنَ	يُكَمِّنُ	كُمِّنَ	يُكَمَّنُ
كن	كَنَّ	يَكُنُّ	كُنَّ	يُكَنُّ
كنز	كَنَزَ	يَكْنِزُ	كُنِزَ	يُكْنَزُ
كنس	كَنَسَ	يَكْنِسُ	كُنِسَ	يُكْنَسُ
كنش	كَنَشَ	يَكْنُشُ	كُنِشَ	يُكْنَشُ
كنف	كَنَفَ	يَكْنُفُ	كُنِفَ	يُكْنَفُ
كنه	كَنَهَ	يَكْنُهُ	كُنِهَ	يُكْنَهُ
كنى	كَنَّى	يُكَنِّي	كُنِّيَ	يُكَنَّى
كهرب	كَهْرَبَ	يُكَهْرِبُ	كُهْرِبَ	يُكَهْرَبُ
كهن	كَهَنَ	يَكْهُنُ	كُهِنَ	يُكْهَنُ
كور	كَوَّرَ	يُكَوِّرُ	كُوِّرَ	يُكَوَّرُ
كورن	كَوْرَنَ	يُكَوْرِنُ	كُورِنَ	يُكَوْرَنُ
كوس	كَوَّسَ	يُكَوِّسُ	كُوِّسَ	يُكَوَّسُ
كوش	كَوَّشَ	يُكَوِّشُ	كُوِّشَ	يُكَوَّشُ
كوفد	كَوْفَدَ	يُكَوْفِدُ	كُوفِدَ	يُكَوْفَدُ
كوم	كَوَّمَ	يُكَوِّمُ	كُوِّمَ	يُكَوَّمُ
كون	كَوَّنَ	يُكَوِّنُ	كُوِّنَ	يُكَوَّنُ
كوى	كَوَى	يَكْوِي	كُوِيَ	يُكْوَى
كيس	كَيَّسَ	يُكَيِّسُ	كُيِّسَ	يُكَيَّسُ
كيف	كَيَّفَ	يُكَيِّفُ	كُيِّفَ	يُكَيَّفُ
كيل	كَيَّلَ	يُكَيِّلُ	كُيِّلَ	يُكَيَّلُ
لأك	لَأَكَ	يَلْئِكُ	لُئِكَ	يُلْأَكُ
لألأ	لَأْلَأَ	يُلَأْلِئُ	-	-
لأى	لَأَى	يَلْأَى	-	-
لاءم	لَاءَمَ	يُلَائِمُ	لُوئِمَ	يُلَاءَمُ
لاث	لَاثَ	يَلُوثُ	لِيثَ	يُلَاثُ
لاج	لَاجَ	يَلُوجُ	لِيجَ	يُلَاجُ
لاح	لَاحَ	يَلُوحُ	لِيحَ	يُلَاحُ
لاحظ	لَاحَظَ	يُلَاحِظُ	لُوحِظَ	يُلَاحَظُ
لاحق	لَاحَقَ	يُلَاحِقُ	لُوحِقَ	يُلَاحَقُ
لاحم	لَاحَمَ	يُلَاحِمُ	لُوحِمَ	يُلَاحَمُ
لاذ	لَاذَ	يَلُوذُ	لِيذَ	يُلَاذُ
لاشى	لَاشَى	يُلَاشِي	لُوشِيَ	يُلَاشَى
لاصق	لَاصَقَ	يُلَاصِقُ	لُوصِقَ	يُلَاصَقُ
لاط	لَاطَ	يَلُوطُ	لِيطَ	يُلَاطُ
لاطف	لَاطَفَ	يُلَاطِفُ	لُوطِفَ	يُلَاطَفُ
لاعب	لَاعَبَ	يُلَاعِبُ	لُوعِبَ	يُلَاعَبُ
لاق	لَاقَ	يَلِيقُ	-	-
لاقى	لَاقَى	يُلَاقِي	لُوقِيَ	يُلَاقَى
لاك	لَاكَ	يَلُوكُ	لِيكَ	يُلَاكُ
لاكم	لَاكَمَ	يُلَاكِمُ	لُوكِمَ	يُلَاكَمُ
لام	لَامَ	يَلُومُ	لِيمَ	يُلَامُ
لامس	لَامَسَ	يُلَامِسُ	لُومِسَ	يُلَامَسُ
لان	لَانَ	يَلِينُ	لِينَ	يُلَانُ
لاوى	لَاوَى	يُلَاوِي	لُووِيَ	يُلَاوَى
لايل	لَايَلَ	يُلَايِلُ	لُويِلَ	يُلَايَلُ
لب	لَبَّ	يَلُبُّ	لُبَّ	يُلَبُّ
لبب	لَبَّبَ	يُلَبِّبُ	لُبِّبَ	يُلَبَّبُ
لبث	لَبِثَ	يَلْبَثُ	-	-
لبخ	لَبَخَ	يَلْبَخُ	لُبِخَ	يُلْبَخُ
لبد	لَبَّدَ	يُلَبِّدُ	لُبِّدَ	يُلَبَّدُ
لبس	لَبَّسَ	يُلَبِّسُ	لُبِّسَ	يُلَبَّسُ
لبن	لَبَّنَ	يُلَبِّنُ	لُبِّنَ	يُلَبَّنُ
لبنن	لَبْنَنَ	يُلَبْنِنُ	لُبْنِنَ	يُلَبْنَنُ
لبى	لَبَّى	يُلَبِّي	لُبِّيَ	يُلَبَّى
لثم	لَثَّمَ	يُلَثِّمُ	لُثِّمَ	يُلَثَّمُ
لج	لَجَّ	يَلِجُّ	لُجَّ	يُلَجُّ
لجأ	لَجَّأَ	يُلَجِّئُ	لُجِّئَ	يُلَجَّأُ
لجئ	لَجِئَ	يَلْجَأُ	لُجِئَ	يُلْجَأُ
لجلج	لَجْلَجَ	يُلَجْلِجُ	لُجْلِجَ	يُلَجْلَجُ
لجم	لَجَّمَ	يُلَجِّمُ	لُجِّمَ	يُلَجَّمُ
لحج	لَحَّجَ	يُلَحِّجُ	لُحِّجَ	يُلَحَّجُ
لحس	لَحِسَ	يَلْحَسُ	لُحِسَ	يُلْحَسُ
لحظ	لَحَظَ	يَلْحَظُ	لُحِظَ	يُلْحَظُ
لحق	لَحِقَ	يَلْحَقُ	لُحِقَ	يُلْحَقُ
لحم	لَحَّمَ	يُلَحِّمُ	لُحِّمَ	يُلَحَّمُ
لحن	لَحَّنَ	يُلَحِّنُ	لُحِّنَ	يُلَحَّنُ
لحوج	لَحْوَجَ	يُلَحْوِجُ	لُحْوِجَ	يُلَحْوَجُ
لحى	لَحَى	يَلْحَى	لُحِيَ	يُلْحَى
لخص	لَخَّصَ	يُلَخِّصُ	لُخِّصَ	يُلَخَّصُ
لدغ	لَدَغَ	يَلْدَغُ	لُدِغَ	يُلْدَغُ
لذ	لَذَّ	يَلَذُّ	لُذَّ	يُلَذُّ
لزج	لَزِجَ	يَلْزَجُ	لُزِجَ	يُلْزَجُ
لزق	لَزَّقَ	يُلَزِّقُ	لُزِّقَ	يُلَزَّقُ
لزم	لَزِمَ	يَلْزَمُ	لُزِمَ	يُلْزَمُ
لسع	لَسَعَ	يَلْسَعُ	لُسِعَ	يُلْسَعُ
لص	لَصَّ	يَلَصُّ	لُصَّ	يُلَصُّ
لصق	لَصَّقَ	يُلَصِّقُ	لُصِّقَ	يُلَصَّقُ
لطخ	لَطَّخَ	يُلَطِّخُ	لُطِّخَ	يُلَطَّخُ
لطس	لَطَسَ	يَلْطُسُ	لُطِسَ	يُلْطَسُ
لطش	لَطَّشَ	يُلَطِّشُ	لُطِّشَ	يُلَطَّشُ
لطف	لَطَّفَ	يُلَطِّفُ	لُطِّفَ	يُلَطَّفُ
لطم	لَطَمَ	يَلْطِمُ	لُطِمَ	يُلْطَمُ
لظى	لَظَّى	يُلَظِّي	لُظِّيَ	يُلَظَّى
لظي	لَظِيَ	يَلْظَى	-	-
لعب	لَعِبَ	يَلْعَبُ	لُعِبَ	يُلْعَبُ
لعق	لَعِقَ	يَلْعَقُ	لُعِقَ	يُلْعَقُ
لعن	لَعَنَ	يَلْعَنُ	لُعِنَ	يُلْعَنُ
لغز	لَغَّزَ	يُلَغِّزُ	لُغِّزَ	يُلَغَّزُ
لغط	لَغَطَ	يَلْغَطُ	-	-
لغم	لَغَّمَ	يُلَغِّمُ	لُغِّمَ	يُلَغَّمُ
لف	لَفَّ	يَلُفُّ	لُفَّ	يُلَفُّ
لفت	لَفَتَ	يَلْفِتُ	لُفِتَ	يُلْفَتُ
لفح	لَفَحَ	يَلْفَحُ	لُفِحَ	يُلْفَحُ
لفظ	لَفَظَ	يَلْفِظُ	لُفِظَ	يُلْفَظُ
لفف	لَفَّفَ	يُلَفِّفُ	لُفِّفَ	يُلَفَّفُ
لفق	لَفَّقَ	يُلَفِّقُ	لُفِّقَ	يُلَفَّقُ
لقب	لَقَّبَ	يُلَقِّبُ	لُقِّبَ	يُلَقَّبُ
لقح	لَقَّحَ	يُلَقِّحُ	لُقِّحَ	يُلَقَّحُ
لقن	لَقَّنَ	يُلَقِّنُ	لُقِّنَ	يُلَقَّنُ
لقي	لَقِيَ	يَلْقَى	لُقِيَ	يُلْقَى
لكد	لَكِدَ	يَلْكَدُ	لُكِدَ	يُلْكَدُ
لكز	لَكَزَ	يَلْكُزُ	لُكِزَ	يُلْكَزُ
لكم	لَكَمَ	يَلْكُمُ	لُكِمَ	يُلْكَمُ
لم	لَمَّ	يَلُمُّ	لُمَّ	يُلَمُّ
لمح	لَمَّحَ	يُلَمِّحُ	لُمِّحَ	يُلَمَّحُ
لمز	لَمَزَ	يَلْمِزُ	لُمِزَ	يُلْمَزُ
لمس	لَمَسَ	يَلْمِسُ	لُمِسَ	يُلْمَسُ
لمع	لَمَّعَ	يُلَمِّعُ	لُمِّعَ	يُلَمَّعُ
لملم	لَمْلَمَ	يُلَمْلِمُ	لُمْلِمَ	يُلَمْلَمُ
لها	لَهَا	يَلْهُو	لُهِيَ	يُلْهَى
لهب	لَهَّبَ	يُلَهِّبُ	لُهِّبَ	يُلَهَّبُ
لهث	لَهِثَ	يَلْهَثُ	-	-
لهق	لَهَقَ	يَلْهَقُ	لُهِقَ	يُلْهَقُ
لهى	لَهَّى	يُلَهِّي	لُهِّيَ	يُلَهَّى
لهي	لَهِيَ	يَلْهَى	لُهِيَ	يُلْهَى
لوث	لَوَّثَ	يُلَوِّثُ	لُوِّثَ	يُلَوَّثُ
لوح	لَوَّحَ	يُلَوِّحُ	لُوِّحَ	يُلَوَّحُ
لون	لَوَّنَ	يُلَوِّنُ	لُوِّنَ	يُلَوَّنُ
لوى	لَوَى	يَلْوِي	لُوِيَ	يُلْوَى
ليس	لَيِسَ	يَلْيَسُ	-	-
ليف	لَيَّفَ	يُلَيِّفُ	لُيِّفَ	يُلَيَّفُ
لين	لَيَّنَ	يُلَيِّنُ	لُيِّنَ	يُلَيَّنُ
مأى	مَأَى	يَمْؤُو	مُئِيَ	يُمْأَى
مئق	مَئِقَ	يَمْأَقُ	مُئِقَ	يُمْأَقُ
ماء	مَاءَ	يَمُوءُ	-	-
مات	مَاتَ	يَمُوتُ	-	-
ماتع	مَاتَعَ	يُمَاتِعُ	-	-
ماثل	مَاثَلَ	يُمَاثِلُ	مُوثِلَ	يُمَاثَلُ
مار	مَارَ	يَمُورُ	-	-
مارس	مَارَسَ	يُمَارِسُ	مُورِسَ	يُمَارَسُ
ماز	مَازَ	يَمِيزُ	مِيزَ	يُمَازُ
مازح	مَازَحَ	يُمَازِحُ	مُوزِحَ	يُمَازَحُ
ماس	مَاسَّ	يُمَاسُّ	مُوسَّ	يُمَاسُّ
ماسس	مَاسَسَ	يُمَاسِسُ	مُوسِسَ	يُمَاسَسُ
ماشى	مَاشَى	يُمَاشِي	مُوشِيَ	يُمَاشَى
ماطل	مَاطَلَ	يُمَاطِلُ	مُوطِلَ	يُمَاطَلُ
ماع	مَاعَ	يَمِيعُ	-	-
مال	مَالَ	يَمِيلُ	مِيلَ	يُمَالُ
مالأ	مَالَأَ	يُمَالِئُ	مُولِئَ	يُمَالَأُ
مان	مَانَ	يَمِينُ	-	-
مانع	مَانَعَ	يُمَانِعُ	مُونِعَ	يُمَانَعُ
ماه	مَاهَ	يَمُوهُ	مِيهَ	يُمَاهُ
مت	مَتَّ	يَمُتُّ	مُتَّ	يُمَتُّ
متر	مَتَرَ	يَمْتُرُ	مُتِرَ	يُمْتَرُ
متن	مَتَّنَ	يُمَتِّنُ	مُتِّنَ	يُمَتَّنُ
مثل	مَثَّلَ	يُمَثِّلُ	مُثِّلَ	يُمَثَّلُ
مثن	مَثِنَ	يَمْثَنُ	-	-
مج	مَجَّ	يَمُجُّ	مُجَّ	يُمَجُّ
مجد	مَجَّدَ	يُمَجِّدُ	مُجِّدَ	يُمَجَّدُ
مجر	مَجِرَ	يَمْجَرُ	-	-
مجس	مَجَّسَ	يُمَجِّسُ	مُجِّسَ	يُمَجَّسُ
مجل	مَجِلَ	يَمْجَلُ	-	-
محا	مَحَا	يَمْحُو	مُحِيَ	يُمْحَى
محص	مَحَّصَ	يُمَحِّصُ	مُحِّصَ	يُمَحَّصُ
محض	مَحُضَ	يَمْحُضُ	مُحِضَ	يُمْحَضُ
محق	مَحَّقَ	يُمَحِّقُ	مُحِّقَ	يُمَحَّقُ
محل	مَحُلَ	يَمْحُلُ	مُحِلَ	يُمْحَلُ
محن	مَحَنَ	يَمْحَنُ	مُحِنَ	يُمْحَنُ
محى	مَحَى	يَمْحِي	مُحِيَ	يُمْحَى
مخض	مَخَضَ	يَمْخُضُ	مُخِضَ	يُمْخَضُ
مد	مَدَّ	يَمُدُّ	مُدَّ	يُمَدُّ
مدح	مَدَّحَ	يُمَدِّحُ	مُدِّحَ	يُمَدَّحُ
مدد	مَدَّدَ	يُمَدِّدُ	مُدِّدَ	يُمَدَّدُ
مدى	مَدَى	يَمْدِي	مُدِيَ	يُمْدَى
مذهب	مَذْهَبَ	يُمَذْهِبُ	مُذْهِبَ	يُمَذْهَبُ
مر	مَرَّ	يَمَرُّ	مُرَّ	يُمَرُّ
مرج	مَرِجَ	يَمْرَجُ	مُرِجَ	يُمْرَجُ
مرجح	مَرْجَحَ	يُمَرْجِحُ	مُرْجِحَ	يُمَرْجَحُ
مرجل	مَرْجَلَ	يُمَرْجِلُ	مُرْجِلَ	يُمَرْجَلُ
مرح	مَرَّحَ	يُمَرِّحُ	مُرِّحَ	يُمَرَّحُ
مرخ	مَرَّخَ	يُمَرِّخُ	مُرِّخَ	يُمَرَّخُ
مرد	مَرِدَ	يَمْرَدُ	مُرِّدَ	يُمَرَّدُ
مرس	مَرَسَ	يَمْرُسُ	مُرِسَ	يُمْرَسُ
مرش	مَرَشَ	يَمْرِشُ	مُرِشَ	يُمْرَشُ
مرض	مَرَّضَ	يُمَرِّضُ	مُرِّضَ	يُمَرَّضُ
مرق	مَرَّقَ	يُمَرِّقُ	مُرِقَ	يُمْرَقُ
مرمر	مَرْمَرَ	يُمَرْمِرُ	مُرْمِرَ	يُمَرْمَرُ
مرن	مَرَّنَ	يُمَرِّنُ	مُرِّنَ	يُمَرَّنُ
مز	مَزَّ	يَمُزُّ	مُزَّ	يُمَزُّ
مزج	مَزَجَ	يَمْزُجُ	مُزِجَ	يُمْزَجُ
مزح	مَزَحَ	يَمْزَحُ	مُزِحَ	يُمْزَحُ
مزق	مَزَّقَ	يُمَزِّقُ	مُزِّقَ	يُمَزَّقُ
مس	مَسَّ	يَمَسُّ	مُسَّ	يُمَسُّ
مسح	مَسَّحَ	يُمَسِّحُ	مُسِّحَ	يُمَسَّحُ
مسخ	مَسَخَ	يَمْسَخُ	مُسِخَ	يُمْسَخُ
مسد	مَسَّدَ	يُمَسِّدُ	مُسِّدَ	يُمَسَّدُ
مسك	مَسَّكَ	يُمَسِّكُ	مُسِّكَ	يُمَسَّكُ
مسمر	مَسْمَرَ	يُمَسْمِرُ	مُسْمِرَ	يُمَسْمَرُ
مسى	مَسَى	يَمْسِي	مُسِيَ	يُمْسَى
مش	مَشَّ	يَمُشُّ	مُشَّ	يُمَشُّ
مشط	مَشَّطَ	يُمَشِّطُ	مُشِّطَ	يُمَشَّطُ
مشق	مَشَقَ	يَمْشُقُ	مُشِقَ	يُمْشَقُ
مشى	مَشَى	يَمْشِي	مُشِيَ	يُمْشَى
مص	مَصَّ	يَمُصُّ	مُصَّ	يُمَصُّ
مصر	مَصَّرَ	يُمَصِّرُ	مُصِّرَ	يُمَصَّرُ
مضغ	مَضَغَ	يَمْضُغُ	مُضِغَ	يُمْضَغُ
مضمض	مَضْمَضَ	يُمَضْمِضُ	مُضْمِضَ	يُمَضْمَضُ
مضى	مَضَى	يَمْضِي	مُضِيَ	يُمْضَى
مط	مَطَّ	يَمُطُّ	مُطَّ	يُمَطُّ
مطر	مَطَرَ	يَمْطُرُ	مُطِرَ	يُمْطَرُ
معير	مَعْيَرَ	يُمَعْيِرُ	مُعْيِرَ	يُمَعْيَرُ
مغد	مَغَدَ	يَمْغَدُ	مُغِدَ	يُمْغَدُ
مغر	مَغَّرَ	يُمَغِّرُ	مُغِّرَ	يُمَغَّرُ
مغرب	مَغْرَبَ	يُمَغْرِبُ	مُغْرِبَ	يُمَغْرَبُ
مغنط	مَغْنَطَ	يُمَغْنِطُ	مُغْنِطَ	يُمَغْنَطُ
مقت	مَقُتَ	يَمْقُتُ	مُقِتَ	يُمْقَتُ
مقر	مَقِرَ	يَمْقَرُ	مُقِرَ	يُمْقَرُ
مقرط	مَقْرَطَ	يُمَقْرِطُ	مُقْرِطَ	يُمَقْرَطُ
مقل	مَقَلَ	يَمْقُلُ	مُقِلَ	يُمْقَلُ
مكث	مَكَثَ	يَمْكُثُ	مُكِثَ	يُمْكَثُ
مكر	مَكَرَ	يَمْكُرُ	مُكِرَ	يُمْكَرُ
مكس	مَكَّسَ	يُمَكِّسُ	مُكِّسَ	يُمَكَّسُ
مكن	مَكِنَ	يَمْكَنُ	مُكِّنَ	يُمَكَّنُ
مكنن	مَكْنَنَ	يُمَكْنِنُ	مُكْنِنَ	يُمَكْنَنُ
مل	مَلَّ	يَمَلُّ	مُلَّ	يُمَلُّ
ملأ	مَلَأَ	يَمْلَأُ	مُلِئَ	يُمْلَأُ
ملح	مَلَّحَ	يُمَلِّحُ	مُلِّحَ	يُمَلَّحُ
ملك	مَلَّكَ	يُمَلِّكُ	مُلِّكَ	يُمَلَّكُ
ملل	مَلَّلَ	يُمَلِّلُ	مُلِّلَ	يُمَلَّلُ
ملى	مَلَّى	يُمَلِّي	مُلِّيَ	يُمَلَّى
من	مَنَّ	يَمُنُّ	مُنَّ	يُمَنُّ
منح	مَنَحَ	يَمْنَحُ	مُنِحَ	يُمْنَحُ
منطق	مَنْطَقَ	يُمَنْطِقُ	مُنْطِقَ	يُمَنْطَقُ
منع	مَنَعَ	يَمْنَعُ	مُنِعَ	يُمْنَعُ
منهج	مَنْهَجَ	يُمَنْهِجُ	مُنْهِجَ	يُمَنْهَجُ
منى	مَنَّى	يُمَنِّي	مُنِّيَ	يُمَنَّى
مهد	مَهَّدَ	يُمَهِّدُ	مُهِّدَ	يُمَهَّدُ
مهر	مَهَرَ	يَمْهَرُ	مُهِرَ	يُمْهَرُ
مهل	مَهَّلَ	يُمَهِّلُ	مُهِّلَ	يُمَهَّلُ
موت	مَوَّتَ	يُمَوِّتُ	مُوِّتَ	يُمَوَّتُ
موج	مَوَّجَ	يُمَوِّجُ	مُوِّجَ	يُمَوَّجُ
مول	مَوَّلَ	يُمَوِّلُ	مُوِّلَ	يُمَوَّلُ
مون	مَوَّنَ	يُمَوِّنُ	مُوِّنَ	يُمَوَّنُ
ميز	مَيَّزَ	يُمَيِّزُ	مُيِّزَ	يُمَيَّزُ
ميع	مَيَّعَ	يُمَيِّعُ	مُيِّعَ	يُمَيَّعُ
ميل	مَيَّلَ	يُمَيِّلُ	مُيِّلَ	يُمَيَّلُ
نأى	نَأَى	يَنْأَى	نُئِيَ	يُنْأَى
ناء	نَاءَ	يَنُوءُ	نِيءَ	يُنَاءُ
ناب	نَابَ	يَنُوبُ	نِيبَ	يُنَابُ
نابذ	نَابَذَ	يُنَابِذُ	نُوبِذَ	يُنَابَذُ
ناجد	نَاجَدَ	يُنَاجِدُ	نُوجِدَ	يُنَاجَدُ
ناجى	نَاجَى	يُنَاجِي	نُوجِيَ	يُنَاجَى
ناح	نَاحَ	يَنُوحُ	نِيحَ	يُنَاحُ
نادى	نَادَى	يُنَادِي	نُودِيَ	يُنَادَى
نازع	نَازَعَ	يُنَازِعُ	نُوزِعَ	يُنَازَعُ
نازل	نَازَلَ	يُنَازِلُ	نُوزِلَ	يُنَازَلُ
ناس	نَاسَ	يَنُوسُ	نِيسَ	يُنَاسُ
ناسب	نَاسَبَ	يُنَاسِبُ	نُوسِبَ	يُنَاسَبُ
ناشد	نَاشَدَ	يُنَاشِدُ	نُوشِدَ	يُنَاشَدُ
ناص	نَاصَ	يَنُوصُ	نِيصَ	يُنَاصُ
ناصب	نَاصَبَ	يُنَاصِبُ	نُوصِبَ	يُنَاصَبُ
ناضل	نَاضَلَ	يُنَاضِلُ	نُوضِلَ	يُنَاضَلُ
ناط	نَاطَ	يَنُوطُ	نِيطَ	يُنَاطُ
ناطق	نَاطَقَ	يُنَاطِقُ	نُوطِقَ	يُنَاطَقُ
ناظر	نَاظَرَ	يُنَاظِرُ	نُوظِرَ	يُنَاظَرُ
ناغش	نَاغَشَ	يُنَاغِشُ	نُوغِشَ	يُنَاغَشُ
ناف	نَافَ	يَنُوفُ	نِيفَ	يُنَافُ
نافح	نَافَحَ	يُنَافِحُ	نُوفِحَ	يُنَافَحُ
نافر	نَافَرَ	يُنَافِرُ	نُوفِرَ	يُنَافَرُ
نافس	نَافَسَ	يُنَافِسُ	نُوفِسَ	يُنَافَسُ
نافق	نَافَقَ	يُنَافِقُ	-	-
نافى	نَافَى	يُنَافِي	نُوفِيَ	يُنَافَى
ناقس	نَاقَسَ	يُنَاقِسُ	نُوقِسَ	يُنَاقَسُ
ناقش	نَاقَشَ	يُنَاقِشُ	نُوقِشَ	يُنَاقَشُ
ناقض	نَاقَضَ	يُنَاقِضُ	نُوقِضَ	يُنَاقَضُ
ناقل	نَاقَلَ	يُنَاقِلُ	نُوقِلَ	يُنَاقَلُ
ناك	نَاكَ	يَنِيكُ	نِيكَ	يُنَاكُ
ناكح	نَاكَحَ	يُنَاكِحُ	نُوكِحَ	يُنَاكَحُ
ناكف	نَاكَفَ	يُنَاكِفُ	نُوكِفَ	يُنَاكَفُ
نال	نَالَ	يَنَالُ	نِيلَ	يُنَالُ
نام	نَامَ	يَنَامُ	نِيمَ	يُنَامُ
ناهز	نَاهَزَ	يُنَاهِزُ	نُوهِزَ	يُنَاهَزُ
ناهض	نَاهَضَ	يُنَاهِضُ	نُوهِضَ	يُنَاهَضُ
ناوأ	نَاوَأَ	يُنَاوِئُ	نُووِئَ	يُنَاوَأُ
ناور	نَاوَرَ	يُنَاوِرُ	نُووِرَ	يُنَاوَرُ
ناول	نَاوَلَ	يُنَاوِلُ	نُووِلَ	يُنَاوَلُ
ناوى	نَاوَى	يُنَاوِي	نُووِيَ	يُنَاوَى
نبأ	نَبَّأَ	يُنَبِّئُ	نُبِّئَ	يُنَبَّأُ
نبب	نَبَّبَ	يُنَبِّبُ	نُبِّبَ	يُنَبَّبُ
نبت	نَبَتَ	يَنْبُتُ	نُبِتَ	يُنْبَتُ
نبح	نَبَحَ	يَنْبَحُ	نُبِحَ	يُنْبَحُ
نبخ	نَبَخَ	يَنْبُخُ	نُبِخَ	يُنْبَخُ
نبذ	نَبَذَ	يَنْبِذُ	نُبِذَ	يُنْبَذُ
نبر	نَبَرَ	يَنْبِرُ	نُبِرَ	يُنْبَرُ
نبز	نَبَّزَ	يُنَبِّزُ	نُبِّزَ	يُنَبَّزُ
نبس	نَبَسَ	يَنْبِسُ	-	-
نبش	نَبَّشَ	يُنَبِّشُ	نُبِّشَ	يُنَبَّشُ
نبض	نَبَّضَ	يُنَبِّضُ	نُبِّضَ	يُنَبَّضُ
نبع	نَبَعَ	يَنْبَعُ	نُبِعَ	يُنْبَعُ
نبغ	نَبَغَ	يَنْبُغُ	-	-
نبل	نَبَّلَ	يُنَبِّلُ	نُبِّلَ	يُنَبَّلُ
نبه	نَبَّهَ	يُنَبِّهُ	نُبِّهَ	يُنَبَّهُ
نتأ	نَتَأَ	يَنْتَأُ	-	-
نتج	نَتَجَ	يَنْتِجُ	نُتِجَ	يُنْتَجُ
نتف	نَتَّفَ	يُنَتِّفُ	نُتِّفَ	يُنَتَّفُ
نتن	نَتَّنَ	يُنَتِّنُ	نُتِّنَ	يُنَتَّنُ
نثر	نَثَّرَ	يُنَثِّرُ	نُثِّرَ	يُنَثَّرُ
نجا	نَجَا	يَنْجُو	نُجِيَ	يُنْجَى
نجب	نَجَّبَ	يُنَجِّبُ	نُجِّبَ	يُنَجَّبُ
نجح	نَجَحَ	يَنْجَحُ	نُجِحَ	يُنْجَحُ
نجد	نَجُدَ	يَنْجُدُ	نُجِدَ	يُنْجَدُ
نجذ	نَجَذَ	يَنْجِذُ	نُجِذَ	يُنْجَذُ
نجر	نَجَّرَ	يُنَجِّرُ	نُجِّرَ	يُنَجَّرُ
نجس	نَجَّسَ	يُنَجِّسُ	نُجِّسَ	يُنَجَّسُ
نجع	نَجَعَ	يَنْجَعُ	نُجِعَ	يُنْجَعُ
نجف	نَجَّفَ	يُنَجِّفُ	نُجِّفَ	يُنَجَّفُ
نجل	نَجِلَ	يَنْجَلُ	نُجِلَ	يُنْجَلُ
نجم	نَجَّمَ	يُنَجِّمُ	نُجِّمَ	يُنَجَّمُ
نجى	نَجَّى	يُنَجِّي	نُجِّيَ	يُنَجَّى
نحب	نَحَبَ	يَنْحِبُ	نُحِبَ	يُنْحَبُ
نحت	نَحَتَ	يَنْحُتُ	نُحِتَ	يُنْحَتُ
نحر	نَحَرَ	يَنْحَرُ	نُحِرَ	يُنْحَرُ
نحس	نَحَسَ	يَنْحَسُ	نُحِسَ	يُنْحَسُ
نحف	نَحُفَ	يَنْحُفُ	-	-
نحل	نَحَلَ	يَنْحَلُ	نُحِلَ	يُنْحَلُ
نحى	نَحَّى	يُنَحِّي	نُحِّيَ	يُنَحَّى
نخب	نَخَبَ	يَنْخُبُ	نُخِبَ	يُنْخَبُ
نخر	نَخِرَ	يَنْخَرُ	نُخِرَ	يُنْخَرُ
نخرب	نَخْرَبَ	يُنَخْرِبُ	نُخْرِبَ	يُنَخْرَبُ
نخز	نَخَزَ	يَنْخَزُ	نُخِزَ	يُنْخَزُ
نخس	نَخَسَ	يَنْخُسُ	نُخِسَ	يُنْخَسُ
نخع	نَخَعَ	يَنْخَعُ	نُخِعَ	يُنْخَعُ
نخل	نَخَّلَ	يُنَخِّلُ	نُخِّلَ	يُنَخَّلُ
نخم	نَخِمَ	يَنْخَمُ	نُخِمَ	يُنْخَمُ
ندا	نَدَا	يَنْدُو	نُدِيَ	يُنْدَى
ندب	نَدِبَ	يَنْدَبُ	نُدِبَ	يُنْدَبُ
ندد	نَدَّدَ	يُنَدِّدُ	نُدِّدَ	يُنَدَّدُ
ندغ	نَدَغَ	يَنْدَغُ	نُدِغَ	يُنْدَغُ
ندم	نَدَّمَ	يُنَدِّمُ	نُدِّمَ	يُنَدَّمُ
ندي	نَدِيَ	يَنْدَى	-	-
نذر	نَذَّرَ	يُنَذِّرُ	نُذِّرَ	يُنَذَّرُ
نرفز	نَرْفَزَ	يُنَرْفِزُ	نُرْفِزَ	يُنَرْفَزُ
نزح	نَزَحَ	يَنْزَحُ	نُزِحَ	يُنْزَحُ
نزر	نَزَّرَ	يُنَزِّرُ	نُزِّرَ	يُنَزَّرُ
نزع	نَزَّعَ	يُنَزِّعُ	نُزِّعَ	يُنَزَّعُ
نزف	نَزَفَ	يَنْزِفُ	نُزِفَ	يُنْزَفُ
نزل	نَزَّلَ	يُنَزِّلُ	نُزِّلَ	يُنَزَّلُ
نزه	نَزَّهَ	يُنَزِّهُ	نُزِّهَ	يُنَزَّهُ
نسأ	نَسَأَ	يَنْسَأُ	نُسِئَ	يُنْسَأُ
نسب	نَسَبَ	يَنْسِبُ	نُسِبَ	يُنْسَبُ
نسج	نَسَجَ	يَنْسِجُ	نُسِجَ	يُنْسَجُ
نسخ	نَسَخَ	يَنْسَخُ	نُسِخَ	يُنْسَخُ
نسر	نَسَّرَ	يُنَسِّرُ	نُسِّرَ	يُنَسَّرُ
نسغ	نَسَّغَ	يُنَسِّغُ	نُسِغَ	يُنْسَغُ
نسف	نَسَفَ	يَنْسِفُ	نُسِفَ	يُنْسَفُ
نسق	نَسَّقَ	يُنَسِّقُ	نُسِّقَ	يُنَسَّقُ
نسل	نَسَلَ	يَنْسُلُ	نُسِلَ	يُنْسَلُ
نسى	نَسَّى	يُنَسِّي	نُسِّيَ	يُنَسَّى
نسي	نَسِيَ	يَنْسَى	نُسِيَ	يُنْسَى
نش	نَشَّ	يَنِشُّ	-	-
نشأ	نَشَّأَ	يُنَشِّئُ	نُشِّئَ	يُنَشَّأُ
نشب	نَشَبَ	يَنْشِبُ	نُشِبَ	يُنْشَبُ
نشد	نَشَدَ	يَنْشُدُ	نُشِدَ	يُنْشَدُ
نشر	نَشَرَ	يَنْشِرُ	نُشِرَ	يُنْشَرُ
نشط	نَشَطَ	يَنْشِطُ	نُشِطَ	يُنْشَطُ
نشق	نَشَّقَ	يُنَشِّقُ	نُشِّقَ	يُنَشَّقُ
نشل	نَشَلَ	يَنْشِلُ	نُشِلَ	يُنْشَلُ
نص	نَصَّ	يَنُصُّ	نُصَّ	يُنَصُّ
نصب	نَصَّبَ	يُنَصِّبُ	نُصِّبَ	يُنَصَّبُ
نصت	نَصَتَ	يَنْصِتُ	نُصِتَ	يُنْصَتُ
نصح	نَصَحَ	يَنْصَحُ	نُصِحَ	يُنْصَحُ
نصر	نَصَّرَ	يُنَصِّرُ	نُصِّرَ	يُنَصَّرُ
نصع	نَصَعَ	يَنْصَعُ	نُصِعَ	يُنْصَعُ
نصل	نَصَّلَ	يُنَصِّلُ	نُصِّلَ	يُنَصَّلُ
نض	نَضَّ	يَنِضُّ	نُضَّ	يُنَضُّ
نضب	نَضَبَ	يَنْضُبُ	-	-
نضج	نَضَّجَ	يُنَضِّجُ	نُضِّجَ	يُنَضَّجُ
نضح	نَضَحَ	يَنْضِحُ	نُضِحَ	يُنْضَحُ
نضخ	نَضَخَ	يَنْضَخُ	نُضِخَ	يُنْضَخُ
نضد	نَضَّدَ	يُنَضِّدُ	نُضِّدَ	يُنَضَّدُ
نضر	نَضَّرَ	يُنَضِّرُ	نُضِّرَ	يُنَضَّرُ
نضض	نَضَّضَ	يُنَضِّضُ	نُضِّضَ	يُنَضَّضُ
نط	نَطَّ	يَنِطُّ	نُطَّ	يُنَطُّ
نطف	نَطَّفَ	يُنَطِّفُ	نُطِّفَ	يُنَطَّفُ
نطق	نَطَّقَ	يُنَطِّقُ	نُطِّقَ	يُنَطَّقُ
نطل	نَطَلَ	يَنْطُلُ	نُطِلَ	يُنْطَلُ
نظر	نَظَّرَ	يُنَظِّرُ	نُظِّرَ	يُنَظَّرُ
نظف	نَظَّفَ	يُنَظِّفُ	نُظِّفَ	يُنَظَّفُ
نظم	نَظَّمَ	يُنَظِّمُ	نُظِّمَ	يُنَظَّمُ
نعت	نَعَتَ	يَنْعَتُ	نُعِتَ	يُنْعَتُ
نعر	نَعَرَ	يَنْعِرُ	-	-
نعس	نَعَّسَ	يُنَعِّسُ	نُعِّسَ	يُنَعَّسُ
نعش	نَعَّشَ	يُنَعِّشُ	نُعِّشَ	يُنَعَّشُ
نعظ	نَعَظَ	يَنْعَظُ	-	-
نعق	نَعَقَ	يَنْعِقُ	-	-
نعل	نَعَّلَ	يُنَعِّلُ	نُعِّلَ	يُنَعَّلُ
نعم	نَعَّمَ	يُنَعِّمُ	نُعِّمَ	يُنَعَّمُ
نعنع	نَعْنَعَ	يُنَعْنِعُ	-	-
نعى	نَعَى	يَنْعَى	نُعِيَ	يُنْعَى
نغر	نَغِرَ	يَنْغَرُ	نُغِرَ	يُنْغَرُ
نغص	نَغَّصَ	يُنَغِّصُ	نُغِّصَ	يُنَغَّصُ
نغض	نَغَضَ	يَنْغِضُ	نُغِضَ	يُنْغَضُ
نغم	نَغَّمَ	يُنَغِّمُ	نُغِّمَ	يُنَغَّمُ
نف	نَفَّ	يَنِفُّ	نُفَّ	يُنَفُّ
نفا	نَفَا	يَنْفُو	نُفِيَ	يُنْفَى
نفث	نَفَثَ	يَنْفِثُ	نُفِثَ	يُنْفَثُ
نفج	نَفَجَ	يَنْفَجُ	نُفِجَ	يُنْفَجُ
نفح	نَفَحَ	يَنْفَحُ	نُفِحَ	يُنْفَحُ
نفخ	نَفَخَ	يَنْفُخُ	نُفِخَ	يُنْفَخُ
نفد	نَفِدَ	يَنْفَدُ	نُفِدَ	يُنْفَدُ
نفذ	نَفَّذَ	يُنَفِّذُ	نُفِّذَ	يُنَفَّذُ
نفر	نَفَّرَ	يُنَفِّرُ	نُفِّرَ	يُنَفَّرُ
نفس	نَفَّسَ	يُنَفِّسُ	نُفِّسَ	يُنَفَّسُ
نفش	نَفَّشَ	يُنَفِّشُ	نُفِّشَ	يُنَفَّشُ
نفض	نَفَّضَ	يُنَفِّضُ	نُفِّضَ	يُنَفَّضُ
نفع	نَفَّعَ	يُنَفِّعُ	نُفِّعَ	يُنَفَّعُ
نفق	نَفَّقَ	يُنَفِّقُ	نُفِّقَ	يُنَفَّقُ
نفل	نَفَّلَ	يُنَفِّلُ	نُفِّلَ	يُنَفَّلُ
نفى	نَفَى	يَنْفِي	نُفِيَ	يُنْفَى
نق	نَقَّ	يَنِقُّ	-	-
نقب	نَقُبَ	يَنْقُبُ	نُقِبَ	يُنْقَبُ
نقح	نَقَّحَ	يُنَقِّحُ	نُقِّحَ	يُنَقَّحُ
نقحر	نَقْحَرَ	يُنَقْحِرُ	نُقْحِرَ	يُنَقْحَرُ
نقد	نَقِدَ	يَنْقَدُ	نُقِدَ	يُنْقَدُ
نقر	نَقَّرَ	يُنَقِّرُ	نُقِّرَ	يُنَقَّرُ
نقز	نَقَّزَ	يُنَقِّزُ	نُقِّزَ	يُنَقَّزُ
نقش	نَقَّشَ	يُنَقِّشُ	نُقِّشَ	يُنَقَّشُ
نقص	نَقَصَ	يَنْقُصُ	نُقِصَ	يُنْقَصُ
نقض	نَقَّضَ	يُنَقِّضُ	نُقِّضَ	يُنَقَّضُ
نقط	نَقَّطَ	يُنَقِّطُ	نُقِّطَ	يُنَقَّطُ
نقع	نَقَّعَ	يُنَقِّعُ	نُقِّعَ	يُنَقَّعُ
نقل	نَقَّلَ	يُنَقِّلُ	نُقِّلَ	يُنَقَّلُ
نقم	نَقِمَ	يَنْقَمُ	نُقِمَ	يُنْقَمُ
نقى	نَقَّى	يُنَقِّي	نُقِّيَ	يُنَقَّى
نقي	نَقِيَ	يَنْقَى	نُقِيَ	يُنْقَى
نكأ	نَكَأَ	يَنْكَأُ	نُكِئَ	يُنْكَأُ
نكح	نَكَحَ	يَنْكُحُ	نُكِحَ	يُنْكَحُ
نكد	نَكَّدَ	يُنَكِّدُ	نُكِّدَ	يُنَكَّدُ
نكر	نَكَّرَ	يُنَكِّرُ	نُكِّرَ	يُنَكَّرُ
نكس	نَكَسَ	يَنْكُسُ	نُكِسَ	يُنْكَسُ
نكص	نَكَصَ	يَنْكُصُ	نُكِصَ	يُنْكَصُ
نكف	نَكِفَ	يَنْكَفُ	نُكِفَ	يُنْكَفُ
نكل	نَكَّلَ	يُنَكِّلُ	نُكِّلَ	يُنَكَّلُ
نكه	نَكَّهَ	يُنَكِّهُ	نُكِّهَ	يُنَكَّهُ
نم	نَمَّ	يَنُمُّ	نُمَّ	يُنَمُّ
نما	نَمَا	يَنْمُو	نُمِيَ	يُنْمَى
نمش	نَمِشَ	يَنْمَشُ	-	-
نمص	نَمَّصَ	يُنَمِّصُ	نُمِّصَ	يُنَمَّصُ
نمط	نَمَّطَ	يُنَمِّطُ	نُمِّطَ	يُنَمَّطُ
نمق	نَمَّقَ	يُنَمِّقُ	نُمِّقَ	يُنَمَّقُ
نمل	نَمِلَ	يَنْمَلُ	نُمِلَ	يُنْمَلُ
نمى	نَمَّى	يُنَمِّي	نُمِّيَ	يُنَمَّى
نهب	نَهَبَ	يَنْهُبُ	نُهِبَ	يُنْهَبُ
نهج	نَهَجَ	يَنْهَجُ	نُهِجَ	يُنْهَجُ
نهد	نَهَدَ	يَنْهُدُ	نُهِدَ	يُنْهَدُ
نهر	نَهَرَ	يَنْهَرُ	نُهِرَ	يُنْهَرُ
نهز	نَهَزَ	يَنْهَزُ	نُهِزَ	يُنْهَزُ
نهش	نَهَشَ	يَنْهِشُ	نُهِشَ	يُنْهَشُ
نهض	نَهَضَ	يَنْهَضُ	-	-
نهق	نَهَقَ	يَنْهِقُ	نُهِقَ	يُنْهَقُ
نهك	نَهَكَ	يَنْهَكُ	نُهِكَ	يُنْهَكُ
نهى	نَهَى	يَنْهَى	نُهِيَ	يُنْهَى
نور	نَوَّرَ	يُنَوِّرُ	نُوِّرَ	يُنَوَّرُ
نوط	نَوَّطَ	يُنَوِّطُ	نُوِّطَ	يُنَوَّطُ
نوع	نَوَّعَ	يُنَوِّعُ	نُوِّعَ	يُنَوَّعُ
نول	نَوَّلَ	يُنَوِّلُ	نُوِّلَ	يُنَوَّلُ
نوم	نَوَّمَ	يُنَوِّمُ	نُوِّمَ	يُنَوَّمُ
نون	نَوَّنَ	يُنَوِّنُ	نُوِّنَ	يُنَوَّنُ
نوه	نَوَّهَ	يُنَوِّهُ	نُوِّهَ	يُنَوَّهُ
نوى	نَوَى	يَنْوِي	نُوِيَ	يُنْوَى
نيف	نَيَّفَ	يُنَيِّفُ	نُيِّفَ	يُنَيَّفُ
نيل	نَيَّلَ	يُنَيِّلُ	نُيِّلَ	يُنَيَّلُ
هاء	هَاءَ	يَهَاءُ	هِيءَ	يُهَاءُ
هاب	هَابَ	يَهَابُ	هِيبَ	يُهَابُ
هاتر	هَاتَرَ	يُهَاتِرُ	هُوتِرَ	يُهَاتَرُ
هاتف	هَاتَفَ	يُهَاتِفُ	هُوتِفَ	يُهَاتَفُ
هاج	هَاجَ	يَهِيجُ	-	-
هاجر	هَاجَرَ	يُهَاجِرُ	هُوجِرَ	يُهَاجَرُ
هاجم	هَاجَمَ	يُهَاجِمُ	هُوجِمَ	يُهَاجَمُ
هاد	هَادَ	يَهُودُ	هِيدَ	يُهَادُ
هادن	هَادَنَ	يُهَادِنُ	هُودِنَ	يُهَادَنُ
هار	هَارَ	يَهُورُ	هِيرَ	يُهَارُ
هارش	هَارَشَ	يُهَارِشُ	هُورِشَ	يُهَارَشُ
هاس	هَاسَ	يَهُوسُ	-	-
هاض	هَاضَ	يَهِيضُ	هِيضَ	يُهَاضُ
هال	هَالَ	يَهِيلُ	هِيلَ	يُهَالُ
هام	هَامَ	يَهِيمُ	-	-
هان	هَانَ	يَهُونُ	هِينَ	يُهَانُ
هاون	هَاوَنَ	يُهَاوِنُ	هُووِنَ	يُهَاوَنُ
هاوى	هَاوَى	يُهَاوِي	هُووِيَ	يُهَاوَى
هايأ	هَايَأَ	يُهَايِئُ	هُويِئَ	يُهَايَأُ
هب	هَبَّ	يَهُبُّ	هُبَّ	يُهَبُّ
هبد	هَبَدَ	يَهْبِدُ	هُبِدَ	يُهْبَدُ
هبر	هَبَرَ	يَهْبُرُ	هُبِرَ	يُهْبَرُ
هبط	هَبَطَ	يَهْبُطُ	هُبِطَ	يُهْبَطُ
هتف	هَتَفَ	يَهْتِفُ	هُتِفَ	يُهْتَفُ
هتك	هَتَكَ	يَهْتِكُ	هُتِكَ	يُهْتَكُ
هجا	هَجَا	يَهْجُو	هُجِيَ	يُهْجَى
هجد	هَجَّدَ	يُهَجِّدُ	هُجِّدَ	يُهَجَّدُ
هجر	هَجَّرَ	يُهَجِّرُ	هُجِّرَ	يُهَجَّرُ
هجم	هَجَمَ	يَهْجُمُ	هُجِمَ	يُهْجَمُ
هجن	هَجَّنَ	يُهَجِّنُ	هُجِّنَ	يُهَجَّنُ
هجى	هَجَّى	يُهَجِّي	هُجِّيَ	يُهَجَّى
هد	هَدَّ	يَهُدُّ	هُدَّ	يُهَدُّ
هدأ	هَدَّأَ	يُهَدِّئُ	هُدِّئَ	يُهَدَّأُ
هدب	هَدِبَ	يَهْدَبُ	هُدِبَ	يُهْدَبُ
هدد	هَدَّدَ	يُهَدِّدُ	هُدِّدَ	يُهَدَّدُ
هدر	هَدَّرَ	يُهَدِّرُ	هُدِرَ	يُهْدَرُ
هدرج	هَدْرَجَ	يُهَدْرِجُ	هُدْرِجَ	يُهَدْرَجُ
هدف	هَدَّفَ	يُهَدِّفُ	هُدِفَ	يُهْدَفُ
هدم	هَدَّمَ	يُهَدِّمُ	هُدِّمَ	يُهَدَّمُ
هدهد	هَدْهَدَ	يُهَدْهِدُ	هُدْهِدَ	يُهَدْهَدُ
هدى	هَدَى	يَهْدِي	هُدِيَ	يُهْدَى
هذب	هَذَّبَ	يُهَذِّبُ	هُذِّبَ	يُهَذَّبُ
هذر	هَذِرَ	يَهْذَرُ	هُذِرَ	يُهْذَرُ
هذى	هَذَى	يَهْذِي	هُذِيَ	يُهْذَى
هر	هَرَّ	يَهِرُّ	هُرَّ	يُهَرُّ
هرب	هَرَّبَ	يُهَرِّبُ	هُرِّبَ	يُهَرَّبُ
هرج	هَرَّجَ	يُهَرِّجُ	هُرِّجَ	يُهَرَّجُ
هرد	هَرَّدَ	يُهَرِّدُ	هُرِّدَ	يُهَرَّدُ
هرس	هَرَّسَ	يُهَرِّسُ	هُرِّسَ	يُهَرَّسُ
هرش	هَرَّشَ	يُهَرِّشُ	هُرِّشَ	يُهَرَّشُ
هرطق	هَرْطَقَ	يُهَرْطِقُ	-	-
هرق	هَرَّقَ	يُهَرِّقُ	هُرِّقَ	يُهَرَّقُ
هرم	هَرَّمَ	يُهَرِّمُ	هُرِّمَ	يُهَرَّمُ
هرهر	هَرْهَرَ	يُهَرْهِرُ	هُرْهِرَ	يُهَرْهَرُ
هرول	هَرْوَلَ	يُهَرْوِلُ	هُرْوِلَ	يُهَرْوَلُ
هز	هَزَّ	يَهُزُّ	هُزَّ	يُهَزُّ
هزأ	هَزَأَ	يَهْزَأُ	هُزِئَ	يُهْزَأُ
هزئ	هَزِئَ	يَهْزَأُ	هُزِئَ	يُهْزَأُ
هزبر	هَزْبَرَ	يُهَزْبِرُ	هُزْبِرَ	يُهَزْبَرُ
هزج	هَزِجَ	يَهْزَجُ	هُزِجَ	يُهْزَجُ
هزر	هَزَرَ	يَهْزِرُ	هُزِرَ	يُهْزَرُ
هزز	هَزَّزَ	يُهَزِّزُ	هُزِّزَ	يُهَزَّزُ
هزل	هَزَلَ	يَهْزُلُ	-	-
هزم	هَزَمَ	يَهْزِمُ	هُزِمَ	يُهْزَمُ
هس	هَسَّ	يَهُسُّ	هُسَّ	يُهَسُّ
هش	هَشَّ	يَهِشُّ	هُشَّ	يُهَشُّ
هشم	هَشَّمَ	يُهَشِّمُ	هُشِّمَ	يُهَشَّمُ
هصر	هَصَّرَ	يُهَصِّرُ	هُصِّرَ	يُهَصَّرُ
هضب	هَضَبَ	يَهْضِبُ	هُضِبَ	يُهْضَبُ
هضم	هَضَمَ	يَهْضِمُ	هُضِمَ	يُهْضَمُ
هطع	هَطَعَ	يَهْطَعُ	هُطِعَ	يُهْطَعُ
هطل	هَطَلَ	يَهْطِلُ	هُطِلَ	يُهْطَلُ
هفا	هَفَا	يَهْفُو	هُفِيَ	يُهْفَى
هلع	هَلَعَ	يَهْلَعُ	هُلِعَ	يُهْلَعُ
هلك	هَلِكَ	يَهْلَكُ	هُلِكَ	يُهْلَكُ
هلل	هَلَّلَ	يُهَلِّلُ	هُلِّلَ	يُهَلَّلُ
هلهل	هَلْهَلَ	يُهَلْهِلُ	هُلْهِلَ	يُهَلْهَلُ
هلوس	هَلْوَسَ	يُهَلْوِسُ	-	-
هم	هَمَّ	يَهُمُّ	هُمَّ	يُهَمُّ
همد	هَمَدَ	يَهْمُدُ	-	-
همس	هَمَسَ	يَهْمِسُ	هُمِسَ	يُهْمَسُ
همش	هَمَّشَ	يُهَمِّشُ	هُمِّشَ	يُهَمَّشُ
هن	هَنَّ	يَهِنُّ	هُنَّ	يُهَنُّ
هنأ	هَنَّأَ	يُهَنِّئُ	هُنِّئَ	يُهَنَّأُ
هنئ	هَنِئَ	يَهْنَأُ	-	-
هندس	هَنْدَسَ	يُهَنْدِسُ	هُنْدِسَ	يُهَنْدَسُ
هندم	هَنْدَمَ	يُهَنْدِمُ	هُنْدِمَ	يُهَنْدَمُ
هود	هَوَّدَ	يُهَوِّدُ	هُوِّدَ	يُهَوَّدُ
هوس	هَوَّسَ	يُهَوِّسُ	هُوِّسَ	يُهَوَّسُ
هول	هَوَّلَ	يُهَوِّلُ	هُوِّلَ	يُهَوَّلُ
هون	هَوَّنَ	يُهَوِّنُ	هُوِّنَ	يُهَوَّنُ
هوى	هَوَّى	يُهَوِّي	هُوِّيَ	يُهَوَّى
هوي	هَوِيَ	يَهْوَى	هُوِيَ	يُهْوَى
هيأ	هَيَّأَ	يُهَيِّئُ	هُيِّئَ	يُهَيَّأُ
هيؤ	هَيُؤَ	يَهْيُؤُ	-	-
هيج	هَيَّجَ	يُهَيِّجُ	هُيِّجَ	يُهَيَّجُ
هيض	هَيَّضَ	يُهَيِّضُ	هُيِّضَ	يُهَيَّضُ
هيف	هَيِفَ	يَهْيَفُ	-	-
هيل	هَيَّلَ	يُهَيِّلُ	هُيِّلَ	يُهَيَّلُ
هيم	هَيَّمَ	يُهَيِّمُ	هُيِّمَ	يُهَيَّمُ
وأب	وَأَبَ	يَئِبُ	وُئِبَ	يُوءَبُ
وأد	وَأَدَ	يَئِدُ	وُئِدَ	يُوءَدُ
وأى	وَأَى	يَئِي	وُئِيَ	يُوءَى
وئب	وَئِبَ	يَوْءَبُ	وُئِبَ	يُوءَبُ
واءم	وَاءَمَ	يُوَائِمُ	وُوئِمَ	يُوَاءَمُ
واتر	وَاتَرَ	يُوَاتِرُ	وُوتِرَ	يُوَاتَرُ
واثق	وَاثَقَ	يُوَاثِقُ	وُوثِقَ	يُوَاثَقُ
واجه	وَاجَهَ	يُوَاجِهُ	وُوجِهَ	يُوَاجَهُ
واد	وَادَّ	يُوَادُّ	وُودَّ	يُوَادُّ
وازن	وَازَنَ	يُوَازِنُ	وُوزِنَ	يُوَازَنُ
وازى	وَازَى	يُوَازِي	وُوزِيَ	يُوَازَى
واسى	وَاسَى	يُوَاسِي	وُوسِيَ	يُوَاسَى
واصل	وَاصَلَ	يُوَاصِلُ	وُوصِلَ	يُوَاصَلُ
واطأ	وَاطَأَ	يُوَاطِئُ	وُوطِئَ	يُوَاطَأُ
واطن	وَاطَنَ	يُوَاطِنُ	وُوطِنَ	يُوَاطَنُ
واظب	وَاظَبَ	يُوَاظِبُ	وُوظِبَ	يُوَاظَبُ
واعد	وَاعَدَ	يُوَاعِدُ	وُوعِدَ	يُوَاعَدُ
وافق	وَافَقَ	يُوَافِقُ	وُوفِقَ	يُوَافَقُ
وافى	وَافَى	يُوَافِي	وُوفِيَ	يُوَافَى
واقع	وَاقَعَ	يُوَاقِعُ	وُوقِعَ	يُوَاقَعُ
واقف	وَاقَفَ	يُوَاقِفُ	وُوقِفَ	يُوَاقَفُ
واكب	وَاكَبَ	يُوَاكِبُ	وُوكِبَ	يُوَاكَبُ
واكظ	وَاكَظَ	يُوَاكِظُ	وُوكِظَ	يُوَاكَظُ
والى	وَالَى	يُوَالِي	وُولِيَ	يُوَالَى
وب	وَبَّ	يَوُبُّ	وُبَّ	يُوَبُّ
وبخ	وَبَّخَ	يُوَبِّخُ	وُبِّخَ	يُوَبَّخُ
وبر	وَبِرَ	يَوْبَرُ	-	-
وبل	وَبُلَ	يَوْبُلُ	وُبِلَ	يُوبَلُ
وتد	وَتَّدَ	يُوَتِّدُ	وُتِّدَ	يُوَتَّدُ
وتر	وَتَّرَ	يُوَتِّرُ	وُتِّرَ	يُوَتَّرُ
وثأ	وَثَأَ	يَثَأُ	وُثِئَ	يُوثَأُ
وثب	وَثَبَ	يَثِبُ	وُثِبَ	يُوثَبُ
وثر	وَثَّرَ	يُوَثِّرُ	وُثِّرَ	يُوَثَّرُ
وثق	وَثَّقَ	يُوَثِّقُ	وُثِّقَ	يُوَثَّقُ
وجب	وَجَّبَ	يُوَجِّبُ	وُجِّبَ	يُوَجَّبُ
وجد	وَجَدَ	يَجِدُ	وُجِدَ	يُوجَدُ
وجر	وَجَرَ	يَجِرُ	وُجِرَ	يُوجَرُ
وجز	وَجُزَ	يَوْجُزُ	وُجِزَ	يُوجَزُ
وجس	وَجَسَ	يَجِسُ	-	-
وجع	وَجِعَ	يَوْجَعُ	وُجِعَ	يُوجَعُ
وجف	وَجَفَ	يَجِفُ	وُجِفَ	يُوجَفُ
وجل	وَجِلَ	يَوْجَلُ	-	-
وجم	وَجَمَ	يَجِمُ	وُجِمَ	يُوجَمُ
وجن	وَجَنَ	يَجِنُ	وُجِنَ	يُوجَنُ
وجه	وَجَّهَ	يُوَجِّهُ	وُجِّهَ	يُوَجَّهُ
وحد	وَحَّدَ	يُوَحِّدُ	وُحِّدَ	يُوَحَّدُ
وحش	وَحَشَ	يَحِشُ	وُحِشَ	يُوحَشُ
وحل	وَحِلَ	يَوْحَلُ	-	-
وحن	وَحِنَ	يَوْحَنُ	وُحِنَ	يُوحَنُ
وحى	وَحَّى	يُوَحِّي	وُحِّيَ	يُوَحَّى
وخم	وَخُمَ	يَوْخُمُ	-	-
ود	وَدَّ	يَوَدُّ	وُدَّ	يُوَدُّ
ودج	وَدَّجَ	يُوَدِّجُ	وُدِّجَ	يُوَدَّجُ
ودع	وَدَّعَ	يُوَدِّعُ	وُدِّعَ	يُوَدَّعُ
ودى	وَدَى	يَدِي	وُدِيَ	يُودَى
ورث	وَرَّثَ	يُوَرِّثُ	وُرِّثَ	يُوَرَّثُ
ورد	وَرَّدَ	يُوَرِّدُ	وُرِّدَ	يُوَرَّدُ
ورس	وَرَّسَ	يُوَرِّسُ	وُرِّسَ	يُوَرَّسُ
ورط	وَرَّطَ	يُوَرِّطُ	وُرِّطَ	يُوَرَّطُ
ورع	وَرُعَ	يَوْرُعُ	وُرِعَ	يُورَعُ
ورك	وَرَّكَ	يُوَرِّكُ	وُرِّكَ	يُوَرَّكُ
ورم	وَرَّمَ	يُوَرِّمُ	وُرِّمَ	يُوَرَّمُ
ورنش	وَرْنَشَ	يُوَرْنِشُ	وُرْنِشَ	يُوَرْنَشُ
ورى	وَرَّى	يُوَرِّي	وُرِّيَ	يُوَرَّى
وزع	وَزَّعَ	يُوَزِّعُ	وُزِّعَ	يُوَزَّعُ
وزن	وَزَّنَ	يُوَزِّنُ	وُزِّنَ	يُوَزَّنُ
وسخ	وَسَّخَ	يُوَسِّخُ	وُسِّخَ	يُوَسَّخُ
وسد	وَسَّدَ	يُوَسِّدُ	وُسِّدَ	يُوَسَّدُ
وسط	وَسَّطَ	يُوَسِّطُ	وُسِّطَ	يُوَسَّطُ
وسع	وَسَّعَ	يُوَسِّعُ	وُسِّعَ	يُوَسَّعُ
وسق	وَسَقَ	يَسِقُ	وُسِقَ	يُوسَقُ
وسم	وَسَّمَ	يُوَسِّمُ	وُسِّمَ	يُوَسَّمُ
وسن	وَسِنَ	يَوْسَنُ	-	-
وسوس	وَسْوَسَ	يُوَسْوِسُ	وُسْوِسَ	يُوَسْوَسُ
وشق	وَشِقَ	يَوْشَقُ	وُشِقَ	يُوشَقُ
وشك	وَشَّكَ	يُوَشِّكُ	-	-
وشم	وَشَّمَ	يُوَشِّمُ	وُشِّمَ	يُوَشَّمُ
وشى	وَشَّى	يُوَشِّي	وُشِّيَ	يُوَشَّى
وصب	وَصَبَ	يَصِبُ	وُصِبَ	يُوصَبُ
وصد	وَصَّدَ	يُوَصِّدُ	وُصِّدَ	يُوَصَّدُ
وصف	وَصَّفَ	يُوَصِّفُ	وُصِّفَ	يُوَصَّفُ
وصل	وَصَّلَ	يُوَصِّلُ	وُصِّلَ	يُوَصَّلُ
وصم	وَصَمَ	يَصِمُ	وُصِمَ	يُوصَمُ
وصى	وَصَّى	يُوَصِّي	وُصِّيَ	يُوَصَّى
وضأ	وَضَّأَ	يُوَضِّئُ	وُضِّئَ	يُوَضَّأُ
وضؤ	وَضُؤَ	يَوْضُؤُ	-	-
وضب	وَضَّبَ	يُوَضِّبُ	وُضِّبَ	يُوَضَّبُ
وضح	وَضَّحَ	يُوَضِّحُ	وُضِّحَ	يُوَضَّحُ
وضع	وَضَعَ	يَضَعُ	وُضِعَ	يُوضَعُ
وطأ	وَطَّأَ	يُوَطِّئُ	وُطِّئَ	يُوَطَّأُ
وطئ	وَطِئَ	يَطَأُ	وُطِئَ	يُوطَأُ
وطن	وَطَّنَ	يُوَطِّنُ	وُطِّنَ	يُوَطَّنُ
وظف	وَظَّفَ	يُوَظِّفُ	وُظِّفَ	يُوَظَّفُ
وعد	وَعَدَ	يَعِدُ	وُعِدَ	يُوعَدُ
وعظ	وَعَظَ	يَعِظُ	وُعِظَ	يُوعَظُ
وعل	وَعَلَ	يَعِلُ	وُعِلَ	يُوعَلُ
وعى	وَعَّى	يُوَعِّي	وُعِّيَ	يُوَعَّى
وغد	وَغُدَ	يَوْغُدُ	-	-
وغر	وَغَرَ	يَغِرُ	وُغِرَ	يُوغَرُ
وغل	وَغَلَ	يَغِلُ	وُغِلَ	يُوغَلُ
وفد	وَفَّدَ	يُوَفِّدُ	وُفِّدَ	يُوَفَّدُ
وفر	وَفَّرَ	يُوَفِّرُ	وُفِّرَ	يُوَفَّرُ
وفق	وَفَّقَ	يُوَفِّقُ	وُفِّقَ	يُوَفَّقُ
وفى	وَفَّى	يُوَفِّي	وُفِّيَ	يُوَفَّى
وقب	وَقَبَ	يَقِبُ	وُقِبَ	يُوقَبُ
وقت	وَقَّتَ	يُوَقِّتُ	وُقِّتَ	يُوَقَّتُ
وقد	وَقَدَ	يَقِدُ	وُقِدَ	يُوقَدُ
وقر	وَقَّرَ	يُوَقِّرُ	وُقِّرَ	يُوَقَّرُ
وقص	وَقَصَ	يَقِصُ	وُقِصَ	يُوقَصُ
وقع	وَقَّعَ	يُوَقِّعُ	وُقِّعَ	يُوَقَّعُ
وقف	وَقَّفَ	يُوَقِّفُ	وُقِّفَ	يُوَقَّفُ
وقى	وَقَى	يَقِي	وُقِيَ	يُوقَى
وكد	وَكَّدَ	يُوَكِّدُ	وُكِّدَ	يُوَكَّدُ
وكر	وَكَّرَ	يُوَكِّرُ	وُكِّرَ	يُوَكَّرُ
وكز	وَكَزَ	يَكِزُ	وُكِزَ	يُوكَزُ
وكل	وَكَّلَ	يُوَكِّلُ	وُكِّلَ	يُوَكَّلُ
ولد	وَلَّدَ	يُوَلِّدُ	وُلِّدَ	يُوَلَّدُ
ولع	وَلَّعَ	يُوَلِّعُ	وُلِّعَ	يُوَلَّعُ
ولى	وَلَّى	يُوَلِّي	وُلِّيَ	يُوَلَّى
ولي	وَلِيَ	يَلِي	وُلِيَ	يُولَى
ومض	وَمَضَ	يَمِضُ	وُمِضَ	يُومَضُ
ونى	وَنَى	يَنِي	وُنِيَ	يُونَى
وهب	وَهَبَ	يَهَبُ	وُهِبَ	يُوهَبُ
وهج	وَهَجَ	يَهِجُ	-	-
وهل	وَهِلَ	يَوْهَلُ	-	-
وهم	وَهَّمَ	يُوَهِّمُ	وُهِّمَ	يُوَهَّمُ
وهن	وَهَّنَ	يُوَهِّنُ	وُهِّنَ	يُوَهَّنُ
وهى	وَهَى	يَهِي	-	-
وهي	وَهِيَ	يَهِي	-	-
ويل	وَيَّلَ	يُوَيِّلُ	وُيِّلَ	يُوَيَّلُ
يئس	يَئِسَ	يَيْئِسُ	يُئِسَ	يُوءَسُ
يادى	يَادَى	يُيَادِي	يُودِيَ	يُيَادَى
ياسر	يَاسَرَ	يُيَاسِرُ	يُوسِرَ	يُيَاسَرُ
ياوم	يَاوَمَ	يُيَاوِمُ	يُووِمَ	يُيَاوَمُ
يبس	يَبَّسَ	يُيَبِّسُ	يُبِّسَ	يُيَبَّسُ
يتم	يَتَّمَ	يُيَتِّمُ	يُتِّمَ	يُيَتَّمُ
يدى	يَدَى	يَيْدِي	يُدِيَ	يُودَى
يدي	يَدِيَ	يَيْدَى	يُدِيَ	يُودَى
يرع	يَرَعَ	يَرِعُ	-	-
يسر	يَسَّرَ	يُيَسِّرُ	يُسِّرَ	يُيَسَّرُ
يعر	يَعِرَ	يَيْعَرُ	-	-
يقظ	يَقَّظَ	يُيَقِّظُ	يُقِّظَ	يُيَقَّظُ
يل	يَلَّ	يَيَلُّ	-	-
يمم	يَمَّمَ	يُيَمِّمُ	يُمِّمَ	يُيَمَّمُ
ينع	يَنَعَ	يَيْنَعُ	-	-
يود	يَوَّدَ	يُيَوِّدُ	يُوِّدَ	يُيَوَّدُ
