# lemma(1sg.pres)	V;IND;PRS;1;SG	V;IND;PRS;2;SG	V;IND;PRS;3;SG	V;IND;PRS;1;PL	V;IND;PRS;2;PL	V;IND;PRS;3;PL	V;IND;PST;1;SG	V;IND;PST;2;SG	V;IND;PST;3;SG	V;IND;PST;1;PL	V;IND;PST;2;PL	V;IND;PST;3;PL	V;IND;PROG;PST;1;SG	V;IND;PROG;PST;2;SG	V;IND;PROG;PST;3;SG	V;IND;PROG;PST;1;PL	V;IND;PROG;PST;2;PL	V;IND;PROG;PST;3;PL	V;IMP;2;SG	V;IMP;2;PL	V.CVB	V.PTCP;ACT;PST;MASC;SG;INDF	V.PTCP;ACT;PST;FEM;SG;INDF	V.PTCP;ACT;PST;NEUT;SG;INDF	V.PTCP;ACT;PST;PL;INDF	V.PTCP;ACT;PST;NFH;MASC;SG;INDF	V.PTCP;ACT;PST;NFH;FEM;SG;INDF	V.PTCP;ACT;PST;NFH;NEUT;SG;INDF	V.PTCP;ACT;PST;NFH;PL;INDF	V.PTCP;ACT;PRS;MASC;SG;INDF	V.PTCP;ACT;PRS;FEM;SG;INDF	V.PTCP;ACT;PRS;NEUT;SG;INDF	V.PTCP;ACT;PRS;PL;INDF	V.PTCP;PASS;PST;MASC;SG;INDF	V.PTCP;PASS;PST;FEM;SG;INDF	V.PTCP;PASS;PST;NEUT;SG;INDF	V.PTCP;PASS;PST;PL;INDF	V.MSDR;NEUT;SG;INDF	V.MSDR;PL;INDF  ("-" = productive default)
-ирам	-	-	-	-	-	-	-ирах	-ира	-ира	-ирахме	-ирахте	-ираха	-ирах	-ираше	-ираше	-ирахме	-ирахте	-ираха	-ираи	-ираите	-ираики	-ирал	-ирала	-ирало	-ирали	-ирал	-ирала	-ирало	-ирали	-иращ	-ираща	-иращо	-иращи	-иран	-ирана	-ирано	-ирани	-иране	-иранета
абдикирам	-	-	-	-	-	-	абдикирах	абдикира	абдикира	абдикирахме	абдикирахте	абдикираха	абдикирах	абдикираше	абдикираше	абдикирахме	абдикирахте	абдикираха	абдикирай	абдикирайте	абдикирайки	абдикирал	абдикирала	абдикирало	абдикирали	абдикирал	абдикирала	абдикирало	абдикирали	абдикиращ	абдикираща	абдикиращо	абдикиращи	-	-	-	-	абдикиране	абдикирания-нета
абонирам	-	-	-	-	-	-	абонирах	абонира	абонира	абонирахме	абонирахте	абонираха	абонирах	абонираше	абонираше	абонирахме	абонирахте	абонираха	абонираи	абонираите	абонираики	абонирал	абонирала	абонирало	абонирали	абонирал	абонирала	абонирало	абонирали	абониращ	абонираща	абониращо	абониращи	абониран	абонирана	абонирано	абонирани	абониране	абониранета
абордирам	-	-	-	-	-	-	абордирах	абордира	абордира	абордирахме	абордирахте	абордираха	абордирах	абордираше	абордираше	абордирахме	абордирахте	абордираха	абордираи	абордираите	абордираики	абордирал	абордирала	абордирало	абордирали	абордирал	абордирала	абордирало	абордирали	абордиращ	абордираща	абордиращо	абордиращи	-	-	-	-	абордиране	абордиранета
абортирам	-	-	-	-	-	-	абортирах	абортира	абортира	абортирахме	абортирахте	абортираха	абортирах	абортираше	абортираше	абортирахме	абортирахте	абортираха	абортираи	абортираите	абортираики	абортирал	абортирала	абортирало	абортирали	абортирал	абортирала	абортирало	абортирали	абортиращ	абортираща	абортиращо	абортиращи	абортиран	абортирана	абортирано	абортирани	абортиране	абортиранета
абсолвирам	-	-	-	-	-	-	абсолвирах	абсолвира	абсолвира	абсолвирахме	абсолвирахте	абсолвираха	абсолвирах	абсолвираше	абсолвираше	абсолвирахме	абсолвирахте	абсолвираха	абсолвираи	абсолвираите	абсолвираики	абсолвирал	абсолвирала	абсолвирало	абсолвирали	абсолвирал	абсолвирала	абсолвирало	абсолвирали	абсолвиращ	абсолвираща	абсолвиращо	абсолвиращи	абсолвиран	абсолвирана	абсолвирано	абсолвирани	абсолвиране	абсолвиранета
абсолютизирам	-	-	-	-	-	-	абсолютизирах	абсолютизира	абсолютизира	абсолютизирахме	абсолютизирахте	абсолютизираха	абсолютизирах	абсолютизираше	абсолютизираше	абсолютизирахме	абсолютизирахте	абсолютизираха	абсолютизираи	абсолютизираите	абсолютизираики	абсолютизирал	абсолютизирала	абсолютизирало	абсолютизирали	абсолютизирал	абсолютизирала	абсолютизирало	абсолютизирали	абсолютизиращ	абсолютизираща	абсолютизиращо	абсолютизиращи	абсолютизиран	абсолютизирана	абсолютизирано	абсолютизирани	абсолютизиране	абсолютизиранета
абсорбирам	-	-	-	-	-	-	абсорбирах	абсорбира	абсорбира	абсорбирахме	абсорбирахте	абсорбираха	абсорбирах	абсорбираше	абсорбираше	абсорбирахме	абсорбирахте	абсорбираха	абсорбирай	абсорбирайте	абсорбирайки	абсорбирал	абсорбирала	абсорбирало	абсорбирали	абсорбирал	абсорбирала	абсорбирало	абсорбирали	абсорбиращ	абсорбираща	абсорбиращо	абсорбиращи	абсорбиран	абсорбирана	абсорбирано	абсорбирани	абсорбиране	абсорбирания-нета
абстрахирам	-	-	-	-	-	-	абстрахирах	абстрахира	абстрахира	абстрахирахме	абстрахирахте	абстрахираха	абстрахирах	абстрахираше	абстрахираше	абстрахирахме	абстрахирахте	абстрахираха	абстрахираи	абстрахираите	абстрахираики	абстрахирал	абстрахирала	абстрахирало	абстрахирали	абстрахирал	абстрахирала	абстрахирало	абстрахирали	абстрахиращ	абстрахираща	абстрахиращо	абстрахиращи	абстрахиран	абстрахирана	абстрахирано	абстрахирани	абстрахиране	абстрахиранета
авансирам	-	-	-	-	-	-	авансирах	авансира	авансира	авансирахме	авансирахте	авансираха	авансирах	авансираше	авансираше	авансирахме	авансирахте	авансираха	авансирай	авансирайте	авансирайки	авансирал	авансирала	авансирало	авансирали	авансирал	авансирала	авансирало	авансирали	авансиращ	авансираща	авансиращо	авансиращи	авансиран	авансирана	авансирано	авансирани	авансиране	авансирания-нета
авансувам	-	-	-	-	-	-	авансувах	авансува	авансува	авансувахме	авансувахте	авансуваха	авансувах	авансуваше	авансуваше	авансувахме	авансувахте	авансуваха	авансуваи	авансуваите	авансуваики	авансувал	авансувала	авансувало	авансували	авансувал	авансувала	авансувало	авансували	авансуващ	авансуваща	авансуващо	авансуващи	авансуван	авансувана	авансувано	авансувани	авансуване	авансуванета
аварирам	-	-	-	-	-	-	аварирах	аварира	аварира	аварирахме	аварирахте	аварираха	аварирах	аварираше	аварираше	аварирахме	аварирахте	аварираха	аварираи	аварираите	аварираики	аварирал	аварирала	аварирало	аварирали	аварирал	аварирала	аварирало	аварирали	авариращ	аварираща	авариращо	авариращи	-	-	-	-	авариране	авариранета
авизирам	-	-	-	-	-	-	авизирах	авизира	авизира	авизирахме	авизирахте	авизираха	авизирах	авизираше	авизираше	авизирахме	авизирахте	авизираха	авизираи	авизираите	авизираики	авизирал	авизирала	авизирало	авизирали	авизирал	авизирала	авизирало	авизирали	авизиращ	авизираща	авизиращо	авизиращи	авизиран	авизирана	авизирано	авизирани	авизиране	авизиранета
автоматизирам	-	-	-	-	-	-	автоматизирах	автоматизира	автоматизира	автоматизирахме	автоматизирахте	автоматизираха	автоматизирах	автоматизираше	автоматизираше	автоматизирахме	автоматизирахте	автоматизираха	автоматизираи	автоматизираите	автоматизираики	автоматизирал	автоматизирала	автоматизирало	автоматизирали	автоматизирал	автоматизирала	автоматизирало	автоматизирали	автоматизиращ	автоматизираща	автоматизиращо	автоматизиращи	автоматизиран	автоматизирана	автоматизирано	автоматизирани	автоматизиране	автоматизиранета
авторизирам	-	-	-	-	-	-	авторизирах	авторизира	авторизира	авторизирахме	авторизирахте	авторизираха	авторизирах	авторизираше	авторизираше	авторизирахме	авторизирахте	авторизираха	авторизираи	авторизираите	авторизираики	авторизирал	авторизирала	авторизирало	авторизирали	авторизирал	авторизирала	авторизирало	авторизирали	авторизиращ	авторизираща	авторизиращо	авторизиращи	авторизиран	авторизирана	авторизирано	авторизирани	авторизиране	авторизиранета
агитирам	-	-	-	-	-	-	агитирах	агитира	агитира	агитирахме	агитирахте	агитираха	агитирах	агитираше	агитираше	агитирахме	агитирахте	агитираха	агитираи	агитираите	агитираики	агитирал	агитирала	агитирало	агитирали	агитирал	агитирала	агитирало	агитирали	агитиращ	агитираща	агитиращо	агитиращи	агитиран	агитирана	агитирано	агитирани	агитиране	агитиранета
агня	агня	агниш	агни	агним	агните	агнят	агних	агни	агни	агнихме	агнихте	агниха	агнех	агнеше	агнеше	агнехме	агнехте	агнеха	агни	агнете	агнеики	агнил	агнила	агнило	агнили	агнел	агнела	агнело	агнели	агнещ	агнеща	агнещо	агнещи	-	-	-	-	агнене	агненета
агонизирам	-	-	-	-	-	-	агонизирах	агонизира	агонизира	агонизирахме	агонизирахте	агонизираха	агонизирах	агонизираше	агонизираше	агонизирахме	агонизирахте	агонизираха	агонизираи	агонизираите	агонизираики	агонизирал	агонизирала	агонизирало	агонизирали	агонизирал	агонизирала	агонизирало	агонизирали	агонизиращ	агонизираща	агонизиращо	агонизиращи	-	-	-	-	агонизиране	агонизиранета
адаптирам	-	-	-	-	-	-	адаптирах	адаптира	адаптира	адаптирахме	адаптирахте	адаптираха	адаптирах	адаптираше	адаптираше	адаптирахме	адаптирахте	адаптираха	адаптираи	адаптираите	адаптираики	адаптирал	адаптирала	адаптирало	адаптирали	адаптирал	адаптирала	адаптирало	адаптирали	адаптиращ	адаптираща	адаптиращо	адаптиращи	адаптиран	адаптирана	адаптирано	адаптирани	адаптиране	адаптиранета
адвокатствам	-	-	-	-	-	-	адвокатствах	адвокатства	адвокатства	адвокатствахме	адвокатствахте	адвокатстваха	адвокатствах	адвокатстваше	адвокатстваше	адвокатствахме	адвокатствахте	адвокатстваха	адвокатстваи	адвокатстваите	адвокатстваики	адвокатствал	адвокатствала	адвокатствало	адвокатствали	адвокатствал	адвокатствала	адвокатствало	адвокатствали	адвокатстващ	адвокатстваща	адвокатстващо	адвокатстващи	-	-	-	-	адвокатстване	адвокатстванета
адвокатствувам	-	-	-	-	-	-	адвокатствувах	адвокатствува	адвокатствува	адвокатствувахме	адвокатствувахте	адвокатствуваха	адвокатствувах	адвокатствуваше	адвокатствуваше	адвокатствувахме	адвокатствувахте	адвокатствуваха	адвокатствуваи	адвокатствуваите	адвокатствуваики	адвокатствувал	адвокатствувала	адвокатствувало	адвокатствували	адвокатствувал	адвокатствувала	адвокатствувало	адвокатствували	адвокатствуващ	адвокатствуваща	адвокатствуващо	адвокатствуващи	-	-	-	-	адвокатствуване	адвокатствуванета
администрирам	-	-	-	-	-	-	администрирах	администрира	администрира	администрирахме	администрирахте	администрираха	администрирах	администрираше	администрираше	администрирахме	администрирахте	администрираха	администрираи	администрираите	администрираики	администрирал	администрирала	администрирало	администрирали	администрирал	администрирала	администрирало	администрирали	администриращ	администрираща	администриращо	администриращи	администриран	администрирана	администрирано	администрирани	администриране	администриранета
адмирирам	-	-	-	-	-	-	адмирирах	адмирира	адмирира	адмирирахме	адмирирахте	адмирираха	адмирирах	адмирираше	адмирираше	адмирирахме	адмирирахте	адмирираха	адмирираи	адмирираите	адмирираики	адмирирал	адмирирала	адмирирало	адмирирали	адмирирал	адмирирала	адмирирало	адмирирали	адмириращ	адмирираща	адмириращо	адмириращи	адмириран	адмирирана	адмирирано	адмирирани	адмириране	адмириранета
адресирам	-	-	-	-	-	-	адресирах	адресира	адресира	адресирахме	адресирахте	адресираха	адресирах	адресираше	адресираше	адресирахме	адресирахте	адресираха	адресирай	адресирайте	адресирайки	адресирал	адресирала	адресирало	адресирали	адресирал	адресирала	адресирало	адресирали	адресиращ	адресираща	адресиращо	адресиращи	адресиран	адресирана	адресирано	адресирани	адресиране	адресирания-нета
адресувам	-	-	-	-	-	-	адресувах	адресува	адресува	адресувахме	адресувахте	адресуваха	адресувах	адресуваше	адресуваше	адресувахме	адресувахте	адресуваха	адресуваи	адресуваите	адресуваики	адресувал	адресувала	адресувало	адресували	адресувал	адресувала	адресувало	адресували	адресуващ	адресуваща	адресуващо	адресуващи	адресуван	адресувана	адресувано	адресувани	адресуване	адресуванета
адсорбирам	-	-	-	-	-	-	адсорбирах	адсорбира	адсорбира	адсорбирахме	адсорбирахте	адсорбираха	адсорбирах	адсорбираше	адсорбираше	адсорбирахме	адсорбирахте	адсорбираха	адсорбираи	адсорбираите	адсорбираики	адсорбирал	адсорбирала	адсорбирало	адсорбирали	адсорбирал	адсорбирала	адсорбирало	адсорбирали	адсорбиращ	адсорбираща	адсорбиращо	адсорбиращи	адсорбиран	адсорбирана	адсорбирано	адсорбирани	адсорбиране	адсорбиранета
акам	-	-	-	-	-	-	аках	ака	ака	акахме	акахте	акаха	аках	акаше	акаше	акахме	акахте	акаха	акаи	акаите	акаики	акал	акала	акало	акали	акал	акала	акало	акали	акащ	акаща	акащо	акащи	-	-	-	-	акане	аканета
акламирам	-	-	-	-	-	-	акламирах	акламира	акламира	акламирахме	акламирахте	акламираха	акламирах	акламираше	акламираше	акламирахме	акламирахте	акламираха	акламираи	акламираите	акламираики	акламирал	акламирала	акламирало	акламирали	акламирал	акламирала	акламирало	акламирали	акламиращ	акламираща	акламиращо	акламиращи	акламиран	акламирана	акламирано	акламирани	акламиране	акламиранета
аклиматизирам	-	-	-	-	-	-	аклиматизирах	аклиматизира	аклиматизира	аклиматизирахме	аклиматизирахте	аклиматизираха	аклиматизирах	аклиматизираше	аклиматизираше	аклиматизирахме	аклиматизирахте	аклиматизираха	аклиматизираи	аклиматизираите	аклиматизираики	аклиматизирал	аклиматизирала	аклиматизирало	аклиматизирали	аклиматизирал	аклиматизирала	аклиматизирало	аклиматизирали	аклиматизиращ	аклиматизираща	аклиматизиращо	аклиматизиращи	аклиматизиран	аклиматизирана	аклиматизирано	аклиматизирани	аклиматизиране	аклиматизиранета
акомодирам	-	-	-	-	-	-	акомодирах	акомодира	акомодира	акомодирахме	акомодирахте	акомодираха	акомодирах	акомодираше	акомодираше	акомодирахме	акомодирахте	акомодираха	акомодираи	акомодираите	акомодираики	акомодирал	акомодирала	акомодирало	акомодирали	акомодирал	акомодирала	акомодирало	акомодирали	акомодиращ	акомодираща	акомодиращо	акомодиращи	акомодиран	акомодирана	акомодирано	акомодирани	акомодиране	акомодиранета
акомпанирам	-	-	-	-	-	-	акомпанирах	акомпанира	акомпанира	акомпанирахме	акомпанирахте	акомпанираха	акомпанирах	акомпанираше	акомпанираше	акомпанирахме	акомпанирахте	акомпанираха	акомпанираи	акомпанираите	акомпанираики	акомпанирал	акомпанирала	акомпанирало	акомпанирали	акомпанирал	акомпанирала	акомпанирало	акомпанирали	акомпаниращ	акомпанираща	акомпаниращо	акомпаниращи	-	-	-	-	акомпаниране	акомпаниранета
акордирам	-	-	-	-	-	-	акордирах	акордира	акордира	акордирахме	акордирахте	акордираха	акордирах	акордираше	акордираше	акордирахме	акордирахте	акордираха	акордираи	акордираите	акордираики	акордирал	акордирала	акордирало	акордирали	акордирал	акордирала	акордирало	акордирали	акордиращ	акордираща	акордиращо	акордиращи	акордиран	акордирана	акордирано	акордирани	акордиране	акордиранета
акостирам	акорстирам	акорстираш	акорстира	акорстираме	акорстирате	акорстират	акорстирах	акорстира	акорстира	акорстирахме	акорстирахте	акорстираха	акорстирах	акорстираше	акорстираше	акорстирахме	акорстирахте	акорстираха	акорстираи	акорстираите	акорстираики	акорстирал	акорстирала	акорстирало	акорстирали	акорстирал	акорстирала	акорстирало	акорстирали	акорстиращ	акорстираща	акорстиращо	акорстиращи	-	-	-	-	акорстиране	акорстиранета
акредитирам	-	-	-	-	-	-	акредитирах	акредитира	акредитира	акредитирахме	акредитирахте	акредитираха	акредитирах	акредитираше	акредитираше	акредитирахме	акредитирахте	акредитираха	акредитираи	акредитираите	акредитираики	акредитирал	акредитирала	акредитирало	акредитирали	акредитирал	акредитирала	акредитирало	акредитирали	акредитиращ	акредитираща	акредитиращо	акредитиращи	-	-	-	-	акредитиране	акредитиранета
акробатствам	-	-	-	-	-	-	акробатствах	акробатства	акробатства	акробатствахме	акробатствахте	акробатстваха	акробатствах	акробатстваше	акробатстваше	акробатствахме	акробатствахте	акробатстваха	акробатстваи	акробатстваите	акробатстваики	акробатствал	акробатствала	акробатствало	акробатствали	акробатствал	акробатствала	акробатствало	акробатствали	акробатстващ	акробатстваща	акробатстващо	акробатстващи	-	-	-	-	акробатстване	акробатстванета
акробатствувам	-	-	-	-	-	-	акробатствувах	акробатствува	акробатствува	акробатствувахме	акробатствувахте	акробатствуваха	акробатствувах	акробатствуваше	акробатствуваше	акробатствувахме	акробатствувахте	акробатствуваха	акробатствуваи	акробатствуваите	акробатствуваики	акробатствувал	акробатствувала	акробатствувало	акробатствували	акробатствувал	акробатствувала	акробатствувало	акробатствували	акробатствуващ	акробатствуваща	акробатствуващо	акробатствуващи	-	-	-	-	акробатствуване	акробатствуванета
активизирам	-	-	-	-	-	-	активизирах	активизира	активизира	активизирахме	активизирахте	активизираха	активизирах	активизираше	активизираше	активизирахме	активизирахте	активизираха	активизираи	активизираите	активизираики	активизирал	активизирала	активизирало	активизирали	активизирал	активизирала	активизирало	активизирали	активизиращ	активизираща	активизиращо	активизиращи	активизиран	активизирана	активизирано	активизирани	активизиране	активизиранета
активирам	-	-	-	-	-	-	активирах	активира	активира	активирахме	активирахте	активираха	активирах	активираше	активираше	активирахме	активирахте	активираха	активираи	активираите	активираики	активирал	активирала	активирало	активирали	активирал	активирала	активирало	активирали	активиращ	активираща	активиращо	активиращи	активиран	активирана	активирано	активирани	активиране	активиранета
актуализирам	-	-	-	-	-	-	актуализирах	актуализира	актуализира	актуализирахме	актуализирахте	актуализираха	актуализирах	актуализираше	актуализираше	актуализирахме	актуализирахте	актуализираха	актуализираи	актуализираите	актуализираики	актуализирал	актуализирала	актуализирало	актуализирали	актуализирал	актуализирала	актуализирало	актуализирали	актуализиращ	актуализираща	актуализиращо	актуализиращи	актуализиран	актуализирана	актуализирано	актуализирани	актуализиране	актуализиранета
актьорствам	-	-	-	-	-	-	актьорствах	актьорства	актьорства	актьорствахме	актьорствахте	актьорстваха	актьорствах	актьорстваше	актьорстваше	актьорствахме	актьорствахте	актьорстваха	актьорстваи	актьорстваите	актьорстваики	актьорствал	актьорствала	актьорствало	актьорствали	актьорствал	актьорствала	актьорствало	актьорствали	актьорстващ	актьорстваща	актьорстващо	актьорстващи	-	-	-	-	актьорстване	актьорстванета
актьорствувам	-	-	-	-	-	-	актьорствувах	актьорствува	актьорствува	актьорствувахме	актьорствувахте	актьорствуваха	актьорствувах	актьорствуваше	актьорствуваше	актьорствувахме	актьорствувахте	актьорствуваха	актьорствуваи	актьорствуваите	актьорствуваики	актьорствувал	актьорствувала	актьорствувало	актьорствували	актьорствувал	актьорствувала	актьорствувало	актьорствували	актьорствуващ	актьорствуваща	актьорствуващо	актьорствуващи	-	-	-	-	актьорствуване	актьорствуванета
акумулирам	-	-	-	-	-	-	акумулирах	акумулира	акумулира	акумулирахме	акумулирахте	акумулираха	акумулирах	акумулираше	акумулираше	акумулирахме	акумулирахте	акумулираха	акумулираи	акумулираите	акумулираики	акумулирал	акумулирала	акумулирало	акумулирали	акумулирал	акумулирала	акумулирало	акумулирали	акумулиращ	акумулираща	акумулиращо	акумулиращи	акумулиран	акумулирана	акумулирано	акумулирани	акумулиране	акумулиранета
акушерствам	-	-	-	-	-	-	акушерствах	акушерства	акушерства	акушерствахме	акушерствахте	акушерстваха	акушерствах	акушерстваше	акушерстваше	акушерствахме	акушерствахте	акушерстваха	акушерстваи	акушерстваите	акушерстваики	акушерствал	акушерствала	акушерствало	акушерствали	акушерствал	акушерствала	акушерствало	акушерствали	акушерстващ	акушерстваща	акушерстващо	акушерстващи	-	-	-	-	акушерстване	акушерстванета
акушерствувам	-	-	-	-	-	-	акушерствувах	акушерствува	акушерствува	акушерствувахме	акушерствувахте	акушерствуваха	акушерствувах	акушерствуваше	акушерствуваше	акушерствувахме	акушерствувахте	акушерствуваха	акушерствуваи	акушерствуваите	акушерствуваики	акушерствувал	акушерствувала	акушерствувало	акушерствували	акушерствувал	акушерствувала	акушерствувало	акушерствували	акушерствуващ	акушерствуваща	акушерствуващо	акушерствуващи	-	-	-	-	акушерствуване	акушерствуванета
акуширам	-	-	-	-	-	-	акуширах	акушира	акушира	акуширахме	акуширахте	акушираха	акуширах	акушираше	акушираше	акуширахме	акуширахте	акушираха	акушираи	акушираите	акушираики	акуширал	акуширала	акуширало	акуширали	акуширал	акуширала	акуширало	акуширали	акуширащ	акушираща	акуширащо	акуширащи	акуширан	акуширана	акуширано	акуширани	акуширане	акуширанета
акцентирам	-	-	-	-	-	-	акцентирах	акцентира	акцентира	акцентирахме	акцентирахте	акцентираха	акцентирах	акцентираше	акцентираше	акцентирахме	акцентирахте	акцентираха	акцентираи	акцентираите	акцентираики	акцентирал	акцентирала	акцентирало	акцентирали	акцентирал	акцентирала	акцентирало	акцентирали	акцентиращ	акцентираща	акцентиращо	акцентиращи	акцентиран	акцентирана	акцентирано	акцентирани	акцентиране	акцентиранета
акцентувам	-	-	-	-	-	-	акцентувах	акцентува	акцентува	акцентувахме	акцентувахте	акцентуваха	акцентувах	акцентуваше	акцентуваше	акцентувахме	акцентувахте	акцентуваха	акцентуваи	акцентуваите	акцентуваики	акцентувал	акцентувала	акцентувало	акцентували	акцентувал	акцентувала	акцентувало	акцентували	акцентуващ	акцентуваща	акцентуващо	акцентуващи	акцентуван	акцентувана	акцентувано	акцентувани	акцентуване	акцентуванета
алармирам	-	-	-	-	-	-	алармирах	алармира	алармира	алармирахме	алармирахте	алармираха	алармирах	алармираше	алармираше	алармирахме	алармирахте	алармираха	алармираи	алармираите	алармираики	алармирал	алармирала	алармирало	алармирали	алармирал	алармирала	алармирало	алармирали	алармиращ	алармираща	алармиращо	алармиращи	алармиран	алармирана	алармирано	алармирани	алармиране	алармиранета
алащисвам	-	-	-	-	-	-	алащисвах	алащисва	алащисва	алащисвахме	алащисвахте	алащисваха	алащисвах	алащисваше	алащисваше	алащисвахме	алащисвахте	алащисваха	алащисваи	алащисваите	алащисваики	алащисвал	алащисвала	алащисвало	алащисвали	алащисвал	алащисвала	алащисвало	алащисвали	алащисващ	алащисваща	алащисващо	алащисващи	-	-	-	-	алащисване	алащисванета
алея	алея	алееш	алее	алеем	алеете	алеят	алеях	алея	алея	алеяхме	алеяхте	алеяха	алеех	алееше	алееше	алеехме	алеехте	алееха	алеи	алеите	алееики	алеял	алеяла	алеяло	алеяли	алеел	алеела	алеело	алеели	алеещ	алееща	алеещо	алеещи	алеян	алеяна	алеяно	алеяни	алеене	алеенета
амалгамирам	-	-	-	-	-	-	амалгамирах	амалгамира	амалгамира	амалгамирахме	амалгамирахте	амалгамираха	амалгамирах	амалгамираше	амалгамираше	амалгамирахме	амалгамирахте	амалгамираха	амалгамираи	амалгамираите	амалгамираики	амалгамирал	амалгамирала	амалгамирало	амалгамирали	амалгамирал	амалгамирала	амалгамирало	амалгамирали	амалгамиращ	амалгамираща	амалгамиращо	амалгамиращи	амалгамиран	амалгамирана	амалгамирано	амалгамирани	амалгамиране	амалгамиранета
амортизирам	-	-	-	-	-	-	амортизирах	амортизира	амортизира	амортизирахме	амортизирахте	амортизираха	амортизирах	амортизираше	амортизираше	амортизирахме	амортизирахте	амортизираха	амортизираи	амортизираите	амортизираики	амортизирал	амортизирала	амортизирало	амортизирали	амортизирал	амортизирала	амортизирало	амортизирали	амортизиращ	амортизираща	амортизиращо	амортизиращи	амортизиран	амортизирана	амортизирано	амортизирани	амортизиране	амортизиранета
анализирам	-	-	-	-	-	-	анализирах	анализира	анализира	анализирахме	анализирахте	анализираха	анализирах	анализираше	анализираше	анализирахме	анализирахте	анализираха	анализираи	анализираите	анализираики	анализирал	анализирала	анализирало	анализирали	анализирал	анализирала	анализирало	анализирали	анализиращ	анализираща	анализиращо	анализиращи	анализиран	анализирана	анализирано	анализирани	анализиране	анализиранета
анатемосам	-	-	-	-	-	-	анатемосах	анатемоса	анатемоса	анатемосахме	анатемосахте	анатемосаха	анатемосах	анатемосаше	анатемосаше	анатемосахме	анатемосахте	анатемосаха	анатемосай	анатемосайте	-	анатемосал	анатемосала	анатемосало	анатемосали	анатемосал	анатемосала	анатемосало	анатемосали	-	-	-	-	анатемосан	анатемосана	анатемосано	анатемосани	-	-
анатемосвам	-	-	-	-	-	-	анатемосвах	анатемосва	анатемосва	анатемосвахме	анатемосвахте	анатемосваха	анатемосвах	анатемосваше	анатемосваше	анатемосвахме	анатемосвахте	анатемосваха	анатемосвай	анатемосвайте	анатемосвайки	анатемосвал	анатемосвала	анатемосвало	анатемосвали	анатемосвал	анатемосвала	анатемосвало	анатемосвали	анатемосващ	анатемосваща	анатемосващо	анатемосващи	анатемосван	анатемосвана	анатемосвано	анатемосвани	анатемосване	анатемосвания-нета
ангажирам	-	-	-	-	-	-	ангажирах	ангажира	ангажира	ангажирахме	ангажирахте	ангажираха	ангажирах	ангажираше	ангажираше	ангажирахме	ангажирахте	ангажираха	ангажираи	ангажираите	ангажираики	ангажирал	ангажирала	ангажирало	ангажирали	ангажирал	ангажирала	ангажирало	ангажирали	ангажиращ	ангажираща	ангажиращо	ангажиращи	ангажиран	ангажирана	ангажирано	ангажирани	ангажиране	ангажиранета
анулирам	-	-	-	-	-	-	анулирах	анулира	анулира	анулирахме	анулирахте	анулираха	анулирах	анулираше	анулираше	анулирахме	анулирахте	анулираха	анулирай	анулирайте	анулирайки	анулирал	анулирала	анулирало	анулирали	анулирал	анулирала	анулирало	анулирали	анулиращ	анулираща	анулиращо	анулиращи	анулиран	анулирана	анулирано	анулирани	анулиране	анулирания-нета
аплодирам	-	-	-	-	-	-	аплодирах	аплодира	аплодира	аплодирахме	аплодирахте	аплодираха	аплодирах	аплодираше	аплодираше	аплодирахме	аплодирахте	аплодираха	аплодирай	аплодирайте	аплодирайки	аплодирал	аплодирала	аплодирало	аплодирали	аплодирал	аплодирала	аплодирало	аплодирали	аплодиращ	аплодираща	аплодиращо	аплодиращи	аплодиран	аплодирана	аплодирано	аплодирани	аплодиране	аплодирания-нета
арестувам	-	-	-	-	-	-	арестувах	арестува	арестува	арестувахме	арестувахте	арестуваха	арестувах	арестуваше	арестуваше	арестувахме	арестувахте	арестуваха	арестувай	арестувайте	арестувайки	арестувал	арестувала	арестувало	арестували	арестувал	арестувала	арестувало	арестували	арестуващ	арестуваща	арестуващо	арестуващи	арестуван	арестувана	арестувано	арестувани	арестуване	арестувания-нета
атакувам	-	-	-	-	-	-	атакувах	атакува	атакува	атакувахме	атакувахте	атакуваха	атакувах	атакуваше	атакуваше	атакувахме	атакувахте	атакуваха	атакуваи	атакуваите	атакуваики	атакувал	атакувала	атакувало	атакували	атакувал	атакувала	атакувало	атакували	атакуващ	атакуваща	атакуващо	атакуващи	атакуван	атакувана	атакувано	атакувани	атакуване	атакуванета
ахам	-	-	-	-	-	-	ахах	аха	аха	ахахме	ахахте	ахаха	ахах	ахаше	ахаше	ахахме	ахахте	ахаха	ахаи	ахаите	ахаики	ахал	ахала	ахало	ахали	ахал	ахала	ахало	ахали	ахащ	ахаща	ахащо	ахащи	-	-	-	-	ахане	аханета
ахвам	-	-	-	-	-	-	ахвах	ахва	ахва	ахвахме	ахвахте	ахваха	ахвах	ахваше	ахваше	ахвахме	ахвахте	ахваха	ахваи	ахваите	ахваики	ахвал	ахвала	ахвало	ахвали	ахвал	ахвала	ахвало	ахвали	ахващ	ахваща	ахващо	ахващи	ахван	ахвана	ахвано	ахвани	ахване	ахванета
ахкам	-	-	-	-	-	-	ахках	ахка	ахка	ахкахме	ахкахте	ахкаха	ахках	ахкаше	ахкаше	ахкахме	ахкахте	ахкаха	ахкаи	ахкаите	ахкаики	ахкал	ахкала	ахкало	ахкали	ахкал	ахкала	ахкало	ахкали	ахкащ	ахкаща	ахкащо	ахкащи	-	-	-	-	ахкане	ахканета
ахна	ахна	ахнеш	ахне	ахнем	ахнете	ахнат	ахнах	ахна	ахна	ахнахме	ахнахте	ахнаха	ахнех	ахнеше	ахнеше	ахнехме	ахнехте	ахнеха	ахни	ахнете	-	ахнал	ахнала	ахнало	ахнали	ахнел	ахнела	ахнело	ахнели	-	-	-	-	ахнат	ахната	ахнато	ахнати	-	-
бавя	бавя	бавиш	бави	бавим	бавите	бавят	бавих	бави	бави	бавихме	бавихте	бавиха	бавех	бавеше	бавеше	бавехме	бавехте	бавеха	бави	бавете	бавеики	бавил	бавила	бавило	бавили	бавел	бавела	бавело	бавели	бавещ	бавеща	бавещо	бавещи	бавен	бавена	бавено	бавени	бавене	бавенета
багня	багня	багниш	багни	багним	багните	багнят	багних	багни	багни	багнихме	багнихте	багниха	багнех	багнеше	багнеше	багнехме	багнехте	багнеха	багни	багнете	багнеики	багнил	багнила	багнило	багнили	багнел	багнела	багнело	багнели	багнещ	багнеща	багнещо	багнещи	-	-	-	-	багнене	багненета
бадакам	-	-	-	-	-	-	бадаках	бадака	бадака	бадакахме	бадакахте	бадакаха	бадаках	бадакаше	бадакаше	бадакахме	бадакахте	бадакаха	бадакаи	бадакаите	бадакаики	бадакал	бадакала	бадакало	бадакали	бадакал	бадакала	бадакало	бадакали	бадакащ	бадакаща	бадакащо	бадакащи	бадакан	бадакана	бадакано	бадакани	бадакане	бадаканета
баданосвам	-	-	-	-	-	-	баданосвах	баданосва	баданосва	баданосвахме	баданосвахте	баданосваха	баданосвах	баданосваше	баданосваше	баданосвахме	баданосвахте	баданосваха	баданосваи	баданосваите	баданосваики	баданосвал	баданосвала	баданосвало	баданосвали	баданосвал	баданосвала	баданосвало	баданосвали	баданосващ	баданосваща	баданосващо	баданосващи	баданосван	баданосвана	баданосвано	баданосвани	баданосване	баданосванета
барабаня	барабаня	барабаниш	барабани	барабаним	барабаните	барабанят	барабанях	барабаня	барабаня	барабаняхме	барабаняхте	барабаняха	барабанях	барабанеше	барабанеше	барабаняхме	барабаняхте	барабаняха	барабани	барабанете	барабанеики	барабанял	барабаняла	барабаняло	барабанели	барабанял	барабаняла	барабаняло	барабанели	барабанящ	барабаняща	барабанящо	барабанящи	-	-	-	-	барабанене	барабаненета
барам	-	-	-	-	-	-	барах	бара	бара	барахме	барахте	бараха	барах	бараше	бараше	барахме	барахте	бараха	бараи	бараите	бараики	барал	барала	барало	барали	барал	барала	барало	барали	баращ	бараща	баращо	баращи	баран	барана	барано	барани	баране	баранета
барвам	-	-	-	-	-	-	барвах	барва	барва	барвахме	барвахте	барваха	барвах	барваше	барваше	барвахме	барвахте	барваха	барваи	барваите	барваики	барвал	барвала	барвало	барвали	барвал	барвала	барвало	барвали	барващ	барваща	барващо	барващи	барван	барвана	барвано	барвани	барване	барванета
барна	барна	барнеш	барне	барнем	барнете	барнат	барнах	барна	барна	барнахме	барнахте	барнаха	барнех	барнеше	барнеше	барнехме	барнехте	барнеха	барни	барнете	-	барнал	барнала	барнало	барнали	барнел	барнела	барнело	барнели	-	-	-	-	барнат	барната	барнато	барнати	-	-
бацам	-	-	-	-	-	-	бацах	баца	баца	бацахме	бацахте	бацаха	бацах	бацаше	бацаше	бацахме	бацахте	бацаха	бацаи	бацаите	бацаики	бацал	бацала	бацало	бацали	бацал	бацала	бацало	бацали	бацащ	бацаща	бацащо	бацащи	бацан	бацана	бацано	бацани	бацане	бацанета
бачкам	-	-	-	-	-	-	бачках	бачка	бачка	бачкахме	бачкахте	бачкаха	бачках	бачкаше	бачкаше	бачкахме	бачкахте	бачкаха	бачкаи	бачкаите	бачкаики	бачкал	бачкала	бачкало	бачкали	бачкал	бачкала	бачкало	бачкали	бачкащ	бачкаща	бачкащо	бачкащи	-	-	-	-	бачкане	бачканета
бая	бая	баеш	бае	баем	баете	баят	баях	бая	бая	баяхме	баяхте	баяха	баех	баеше	баеше	баехме	баехте	баеха	баи	баите	баеики	баял	баяла	баяло	баяли	баел	баела	баело	баели	баещ	баеща	баещо	баещи	-	-	-	-	баене	баенета
бдя	бдя	бдиш	бди	бдим	бдите	бдят	бдях	бдя	бдя	бдяхме	бдяхте	бдяха	бдях	бдеше	бдеше	бдяхме	бдяхте	бдяха	бди	бдете	бдеики	бдял	бдяла	бдяло	бдели	бдял	бдяла	бдяло	бдели	бдящ	бдяща	бдящо	бдящи	-	-	-	-	бдене	бденета
бедя	бедя	бедиш	беди	бедим	бедите	бедят	бедих	беди	беди	бедихме	бедихте	бедиха	бедях	бедеше	бедеше	бедяхме	бедяхте	бедяха	беди	бедете	бедеики	бедил	бедила	бедило	бедили	бедял	бедяла	бедяло	бедели	бедящ	бедяща	бедящо	бедящи	беден	бедена	бедено	бедени	бедене	беденета
бедявам	-	-	-	-	-	-	бедявах	бедява	бедява	бедявахме	бедявахте	бедяваха	бедявах	бедяваше	бедяваше	бедявахме	бедявахте	бедяваха	бедяваи	бедяваите	бедяваики	бедявал	бедявала	бедявало	бедявали	бедявал	бедявала	бедявало	бедявали	бедяващ	бедяваща	бедяващо	бедяващи	бедяван	бедявана	бедявано	бедявани	бедяване	бедяванета
безделнича	безделнича	безделничиш	безделничи	безделничим	безделничите	безделничат	безделничих	безделничи	безделничи	безделничихме	безделничихте	безделничиха	безделничех	безделничеше	безделничеше	безделничехме	безделничехте	безделничеха	безделничи	безделничете	безделничейки	безделничил	безделничила	безделничило	безделничили	безделничел	безделничела	безделничело	безделничели	безделничещ	безделничеща	безделничещо	безделничещи	-	-	-	-	безделничене	безделничения-нета
безпокоя	безпокоя	безпокоиш	безпокои	безпокоим	безпокоите	безпокоят	безпокоих	безпокои	безпокои	безпокоихме	безпокоихте	безпокоиха	безпокоях	безпокоеше	безпокоеше	безпокояхме	безпокояхте	безпокояха	безпокои	безпокоите	безпокоеики	безпокоил	безпокоила	безпокоило	безпокоили	безпокоял	безпокояла	безпокояло	безпокоели	безпокоящ	безпокояща	безпокоящо	безпокоящи	безпокоен	безпокоена	безпокоено	безпокоени	безпокоене	безпокоенета
безчестя	безчестя	безчестиш	безчести	безчестим	безчестите	безчестят	безчестих	безчести	безчести	безчестихме	безчестихте	безчестиха	безчестях	безчестеше	безчестеше	безчестяхме	безчестяхте	безчестяха	безчести	безчестете	безчестеики	безчестил	безчестила	безчестило	безчестили	безчестял	безчестяла	безчестяло	безчестели	безчестящ	безчестяща	безчестящо	безчестящи	безчестен	безчестена	безчестено	безчестени	безчестене	безчестенета
бележа	бележа	бележиш	бележи	бележим	бележите	бележат	белязах	беляза	беляза	белязахме	белязахте	белязаха	бележех	бележеше	бележеше	бележехме	бележехте	бележеха	бележи	бележете	бележеики	белязал	белязала	белязало	белязали	бележел	бележела	бележело	бележели	бележещ	бележеща	бележещо	бележещи	белязан	белязана	белязано	белязани	бележене	бележенета
белея	белея	белееш	белее	белеем	белеете	белеят	белях	беля	беля	беляхме	беляхте	беляха	белеех	белееше	белееше	белеехме	белеехте	белееха	белеи	белеите	белееики	белял	беляла	беляло	белели	белеел	белеела	белеело	белеели	белеещ	белееща	белеещо	белеещи	-	-	-	-	белеене	белеенета
белосвам	-	-	-	-	-	-	белосвах	белосва	белосва	белосвахме	белосвахте	белосваха	белосвах	белосваше	белосваше	белосвахме	белосвахте	белосваха	белосваи	белосваите	белосваики	белосвал	белосвала	белосвало	белосвали	белосвал	белосвала	белосвало	белосвали	белосващ	белосваща	белосващо	белосващи	белосван	белосвана	белосвано	белосвани	белосване	белосванета
бера	бера	береш	бере	берем	берете	берат	брах	бра	бра	брахме	брахте	браха	берях	береше	береше	беряхме	беряхте	беряха	бери	берете	берейки	брал	брала	брало	брали	берял	беряла	беряло	берели	берящ	беряща	берящо	берящи	бран	брана	брано	брани	бране	брания-нета
беседвам	-	-	-	-	-	-	беседвах	беседва	беседва	беседвахме	беседвахте	беседваха	беседвах	беседваше	беседваше	беседвахме	беседвахте	беседваха	беседваи	беседваите	беседваики	беседвал	беседвала	беседвало	беседвали	беседвал	беседвала	беседвало	беседвали	беседващ	беседваща	беседващо	беседващи	беседван	беседвана	беседвано	беседвани	беседване	беседванета
беся	беся	бесиш	беси	бесим	бесите	бесят	бесих	беси	беси	бесихме	бесихте	бесиха	бесех	бесеше	бесеше	бесехме	бесехте	бесеха	беси	бесете	бесейки	бесил	бесила	бесило	бесили	бесел	бесела	бесело	бесели	бесещ	бесеща	бесещо	бесещи	бесен	бесена	бесено	бесени	бесене	бесения-нета
бибикам	-	-	-	-	-	-	бибиках	бибика	бибика	бибикахме	бибикахте	бибикаха	бибиках	бибикаше	бибикаше	бибикахме	бибикахте	бибикаха	бибикаи	бибикаите	бибикаики	бибикал	бибикала	бибикало	бибикали	бибикал	бибикала	бибикало	бибикали	бибикащ	бибикаща	бибикащо	бибикащи	-	-	-	-	бибикане	бибиканета
бибипам	-	-	-	-	-	-	бибипах	бибипа	бибипа	бибипахме	бибипахте	бибипаха	бибипах	бибипаше	бибипаше	бибипахме	бибипахте	бибипаха	бибипаи	бибипаите	бибипаики	бибипал	бибипала	бибипало	бибипали	бибипал	бибипала	бибипало	бибипали	бибипащ	бибипаща	бибипащо	бибипащи	-	-	-	-	бибипане	бибипанета
бивам	-	-	-	-	-	-	бивах	бива	бива	бивахме	бивахте	биваха	бивах	биваше	биваше	бивахме	бивахте	биваха	биваи	биваите	биваики	бивал	бивала	бивало	бивали	бивал	бивала	бивало	бивали	биващ	биваща	биващо	биващи	-	-	-	-	биване	биванета
бида	бида	бидеш	биде	бидем	бидете	бидат	бидох	биде	биде	бидохме	бидохте	бидоха	бидех	бидеше	бидеше	бидехме	бидехте	бидеха	биди	бидете	-	бил	била	било	били	бидел	бидела	бидело	бидели	-	-	-	-	-	-	-	-	-	-
бинтовам	-	-	-	-	-	-	бинтовах	бинтова	бинтова	бинтовахме	бинтовахте	бинтоваха	бинтовах	бинтоваше	бинтоваше	бинтовахме	бинтовахте	бинтоваха	бинтоваи	бинтоваите	бинтоваики	бинтовал	бинтовала	бинтовало	бинтовали	бинтовал	бинтовала	бинтовало	бинтовали	бинтоващ	бинтоваща	бинтоващо	бинтоващи	бинтован	бинтована	бинтовано	бинтовани	бинтоване	бинтованета
бицам	-	-	-	-	-	-	бицах	бица	бица	бицахме	бицахте	бицаха	бицах	бицаше	бицаше	бицахме	бицахте	бицаха	бицаи	бицаите	бицаики	бицал	бицала	бицало	бицали	бицал	бицала	бицало	бицали	бицащ	бицаща	бицащо	бицащи	-	-	-	-	бицане	бицанета
бича	бича	бичиш	бичи	бичим	бичите	бичат	бичих	бичи	бичи	бичихме	бичихте	бичиха	бичех	бичеше	бичеше	бичехме	бичехте	бичеха	бичи	бичете	бичеики	бичил	бичила	бичило	бичили	бичел	бичела	бичело	бичели	бичещ	бичеща	бичещо	бичещи	бичен	бичена	бичено	бичени	бичене	биченета
бичувам	-	-	-	-	-	-	бичувах	бичува	бичува	бичувахме	бичувахте	бичуваха	бичувах	бичуваше	бичуваше	бичувахме	бичувахте	бичуваха	бичуваи	бичуваите	бичуваики	бичувал	бичувала	бичувало	бичували	бичувал	бичувала	бичувало	бичували	бичуващ	бичуваща	бичуващо	бичуващи	бичуван	бичувана	бичувано	бичувани	бичуване	бичуванета
бия	бия	биеш	бие	бием	биете	бият	бих	би	би	бихме	бихте	биха	биех	биеше	биеше	биехме	биехте	биеха	бий	бийте	биейки	бил	била	било	били	биел	биела	биело	биели	биещ	биеща	биещо	биещи	бит	бита	бито	бити	биене	биения-нета
благодаря	благодаря	благодариш	благодари	благодарим	благодарите	благодарят	благодарих	благодари	благодари	благодарихме	благодарихте	благодариха	благодарях	благодареше	благодареше	благодаряхме	благодаряхте	благодаряха	благодари	благодарете	благодарейки	благодарил	благодарила	благодарило	благодарили	благодарял	благодаряла	благодаряло	благодарели	благодарящ	благодаряща	благодарящо	благодарящи	благодарен	благодарена	благодарено	благодарени	благодарене	благодарения-нета
благославям	-	-	-	-	-	-	благославях	благославя	благославя	благославяхме	благославяхте	благославяха	благославях	благославяше	благославяше	благославяхме	благославяхте	благославяха	благославяй	благославяйте	благославяйки	благославял	благославяла	благославяло	благославяли	благославял	благославяла	благославяло	благославяли	благославящ	благославяща	благославящо	благославящи	благославян	благославяна	благославяно	благославяни	благославяне	благославяния-нета
благословя	благословя	благословиш	благослови	благословим	благословите	благословят	благослових	благослови	благослови	благословихме	благословихте	благословиха	благословях	благословеше	благословеше	благословяхме	благословяхте	благословяха	благослови	благословете	-	благословил	благословила	благословило	благословили	благословял	благословяла	благословяло	благословели	-	-	-	-	благословен	благословена	благословено	благословени	-	-
блазня	блазня	блазниш	блазни	блазним	блазните	блазнят	блазних	блазни	блазни	блазнихме	блазнихте	блазниха	блазнех	блазнеше	блазнеше	блазнехме	блазнехте	блазнеха	блазни	блазнете	блазнеики	блазнил	блазнила	блазнило	блазнили	блазнел	блазнела	блазнело	блазнели	блазнещ	блазнеща	блазнещо	блазнещи	блазнен	блазнена	блазнено	блазнени	блазнене	блазненета
бленувам	-	-	-	-	-	-	бленувах	бленува	бленува	бленувахме	бленувахте	бленуваха	бленувах	бленуваше	бленуваше	бленувахме	бленувахте	бленуваха	бленуваи	бленуваите	бленуваики	бленувал	бленувала	бленувало	бленували	бленувал	бленувала	бленувало	бленували	бленуващ	бленуваща	бленуващо	бленуващи	бленуван	бленувана	бленувано	бленувани	бленуване	бленуванета
блесна	блесна	блеснеш	блесне	блеснем	блеснете	блеснат	блеснах	блесна	блесна	блеснахме	блеснахте	блеснаха	блеснех	блеснеше	блеснеше	блеснехме	блеснехте	блеснеха	блесни	блеснете	-	блеснал	блеснала	блеснало	блеснали	блеснел	блеснела	блеснело	блеснели	-	-	-	-	-	-	-	-	-	-
блестя	блестя	блестиш	блести	блестим	блестите	блестят	блестях	блестя	блестя	блестяхме	блестяхте	блестяха	блестях	блестеше	блестеше	блестяхме	блестяхте	блестяха	блести	блестете	блестеики	блестял	блестяла	блестяло	блестели	блестял	блестяла	блестяло	блестели	блестящ	блестяща	блестящо	блестящи	-	-	-	-	блестене	блестенета
блещукам	-	-	-	-	-	-	блещуках	блещука	блещука	блещукахме	блещукахте	блещукаха	блещуках	блещукаше	блещукаше	блещукахме	блещукахте	блещукаха	блещукаи	блещукаите	блещукаики	блещукал	блещукала	блещукало	блещукали	блещукал	блещукала	блещукало	блещукали	блещукащ	блещукаща	блещукащо	блещукащи	-	-	-	-	блещукане	блещуканета
блещя	блещя	блещиш	блещи	блещим	блещите	блещят	блещих	блещи	блещи	блещихме	блещихте	блещиха	блещех	блещеше	блещеше	блещехме	блещехте	блещеха	блещи	блещете	блещеики	блещил	блещила	блещило	блещели	блещел	блещела	блещело	блещели	блещещ	блещеща	блещещо	блещещи	блещен	блещена	блещено	блещени	блещене	блещенета
блея	блея	блееш	блее	блеем	блеете	блеят	блеях	блея	блея	блеяхме	блеяхте	блеяха	блеех	блееше	блееше	блеехме	блеехте	блееха	блеи	блеите	блееики	блеял	блеяла	блеяло	блеяли	блеел	блеела	блеело	блеели	блеещ	блееща	блеещо	блеещи	-	-	-	-	блеене	блеенета
ближа	ближа	ближеш	ближе	ближем	ближете	ближат	близах	близа	близа	близахме	близахте	близаха	ближех	ближеше	ближеше	ближехме	ближехте	ближеха	ближи	ближете	ближейки	близал	близала	близало	близали	ближел	ближела	ближело	ближели	ближещ	ближеща	ближещо	ближещи	близан	близана	близано	близани	близане	близания-нета
бликна	бликна	бликнеш	бликне	бликнем	бликнете	бликнат	бликнах	бликна	бликна	бликнахме	бликнахте	бликнаха	бликнех	бликнеше	бликнеше	бликнехме	бликнехте	бликнеха	бликни	бликнете	-	бликнал	бликнала	бликнало	бликнали	бликнел	бликнела	бликнело	бликнели	-	-	-	-	-	-	-	-	-	-
блия	блия	блиеш	блие	блием	блиете	блият	блих	бли	бли	блихме	блихте	блиха	блиех	блиеше	блиеше	блиехме	блиехте	блиеха	блии	блиите	блиеики	блил	блила	блило	блили	блиел	блиела	блиело	блиели	блиещ	блиеща	блиещо	блиещи	блит	блита	блито	блити	блиене	блиенета
блокирам	-	-	-	-	-	-	блокирах	блокира	блокира	блокирахме	блокирахте	блокираха	блокирах	блокираше	блокираше	блокирахме	блокирахте	блокираха	блокираи	блокираите	блокираики	блокирал	блокирала	блокирало	блокирали	блокирал	блокирала	блокирало	блокирали	блокиращ	блокираща	блокиращо	блокиращи	блокиран	блокирана	блокирано	блокирани	блокиране	блокиранета
блуждая	блуждая	блуждаеш	блуждае	блуждаем	блуждаете	блуждаят	блуждах	блужда	блужда	блуждахме	блуждахте	блуждаха	блуждаех	блуждаеше	блуждаеше	блуждаехме	блуждаехте	блуждаеха	блуждаи	блуждаите	блуждаеики	блуждал	блуждала	блуждало	блуждали	блуждаел	блуждаела	блуждаело	блуждаели	блуждаещ	блуждаеща	блуждаещо	блуждаещи	блуждан	блуждана	блуждано	блуждани	блуждане	блужданета
блъскам	-	-	-	-	-	-	блъсках	блъска	блъска	блъскахме	блъскахте	блъскаха	блъсках	блъскаше	блъскаше	блъскахме	блъскахте	блъскаха	блъскаи	блъскаите	блъскаики	блъскал	блъскала	блъскало	блъскали	блъскал	блъскала	блъскало	блъскали	блъскащ	блъскаща	блъскащо	блъскащи	блъскан	блъскана	блъскано	блъскани	блъскане	блъсканета
блъсна	блъсна	блъснеш	блъсне	блъснем	блъснете	блъснат	блъснах	блъсна	блъсна	блъснахме	блъснахте	блъснаха	блъснех	блъснеше	блъснеше	блъснехме	блъснехте	блъснеха	блъсни	блъснете	-	блъснал	блъснала	блъснало	блъснали	блъснел	блъснела	блъснело	блъснели	-	-	-	-	блъснат	блъсната	блъснато	блъснати	-	-
блътам	-	-	-	-	-	-	блътах	блъта	блъта	блътахме	блътахте	блътаха	блътах	блъташе	блъташе	блътахме	блътахте	блътаха	блътаи	блътаите	блътаики	блътал	блътала	блътало	блътали	блътал	блътала	блътало	блътали	блътащ	блътаща	блътащо	блътащи	-	-	-	-	блътане	блътанета
блюкна	блюкна	блюкнеш	блюкне	блюкнем	блюкнете	блюкнат	блюкнах	блюкна	блюкна	блюкнахме	блюкнахте	блюкнаха	блюкнех	блюкнеше	блюкнеше	блюкнехме	блюкнехте	блюкнеха	блюкни	блюкнете	-	блюкнал	блюкнала	блюкнало	блюкнали	блюкнел	блюкнела	блюкнело	блюкнели	-	-	-	-	-	-	-	-	-	-
блюя	блюя	блюеш	блюе	блюем	блюете	блюят	блюх	блю	блю	блюхме	блюхте	блюха	блюех	блюеше	блюеше	блюехме	блюехте	блюеха	блюи	блюите	блюеики	блюл	блюла	блюло	блюли	блюел	блюела	блюело	блюели	блюещ	блюеща	блюещо	блюещи	-	-	-	-	блюене	блюенета
бляскам	-	-	-	-	-	-	блясках	бляска	бляска	бляскахме	бляскахте	бляскаха	блясках	бляскаше	бляскаше	бляскахме	бляскахте	бляскаха	бляскаи	бляскаите	бляскаики	бляскал	бляскала	бляскало	бляскали	бляскал	бляскала	бляскало	бляскали	бляскащ	бляскаща	бляскащо	бляскащи	-	-	-	-	бляскане	блясканета
боготворя	боготворя	боготвориш	боготвори	боготворим	боготворите	боготворят	боготворих	боготвори	боготвори	боготворихме	боготворихте	боготвориха	боготворях	боготвореше	боготвореше	боготворяхме	боготворяхте	боготворяха	боготвори	боготворете	боготвореики	боготворил	боготворила	боготворило	боготворили	боготворял	боготворяла	боготворяло	боготворели	боготворящ	боготворяща	боготворящо	боготворящи	боготворен	боготворена	боготворено	боготворени	боготворене	боготворенета
бода	бода	бодеш	боде	бодем	бодете	бодат	бодох	боде	боде	бодохме	бодохте	бодоха	бодях	бодеше	бодеше	бодяхме	бодяхте	бодяха	боди	бодете	бодеики	бол	бола	боло	боли	бодял	бодяла	бодяло	бодели	бодящ	бодяща	бодящо	бодящи	боден	бодена	бодено	бодени	бодене	боденета
бозая	бозая	бозаеш	бозае	бозаем	бозаете	бозаят	бозах	боза	боза	бозахме	бозахте	бозаха	бозаех	бозаеше	бозаеше	бозаехме	бозаехте	бозаеха	бозаи	бозаите	бозаеики	бозал	бозала	бозало	бозали	бозаел	бозаела	бозаело	бозаели	бозаещ	бозаеща	бозаещо	бозаещи	бозан	бозана	бозано	бозани	бозане	бозанета
болея	болея	болееш	более	болеем	болеете	болеят	болях	боля	боля	боляхме	боляхте	боляха	болеех	болееше	болееше	болеехме	болеехте	болееха	болеи	болеите	болееики	болял	боляла	боляло	болели	болеел	болеела	болеело	болеели	болеещ	болееща	болеещо	болеещи	-	-	-	-	болеене	болеенета
боля	боля	болиш	боли	болим	болите	болят	болях	боля	боля	боляхме	боляхте	боляха	болях	болеше	болеше	боляхме	боляхте	боляха	боли	болете	болеики	болял	боляла	боляло	болели	болял	боляла	боляло	болели	болящ	боляща	болящо	болящи	болян	боляна	боляно	болени	болене	боленета
бомбардирам	-	-	-	-	-	-	бомбардирах	бомбардира	бомбардира	бомбардирахме	бомбардирахте	бомбардираха	бомбардирах	бомбардираше	бомбардираше	бомбардирахме	бомбардирахте	бомбардираха	бомбардирай	бомбардирайте	бомбардирайки	бомбардирал	бомбардирала	бомбардирало	бомбардирали	бомбардирал	бомбардирала	бомбардирало	бомбардирали	бомбардиращ	бомбардираща	бомбардиращо	бомбардиращи	бомбардиран	бомбардирана	бомбардирано	бомбардирани	бомбардиране	бомбардирания-нета
боравя	боравя	боравиш	борави	боравим	боравите	боравят	боравих	борави	борави	боравихме	боравихте	боравиха	боравех	боравеше	боравеше	боравехме	боравехте	боравеха	борави	боравете	боравеики	боравил	боравила	боравило	боравили	боравел	боравела	боравело	боравели	боравещ	боравеща	боравещо	боравещи	-	-	-	-	боравене	боравенета
боричкам	-	-	-	-	-	-	боричках	боричка	боричка	боричкахме	боричкахте	боричкаха	боричках	боричкаше	боричкаше	боричкахме	боричкахте	боричкаха	боричкаи	боричкаите	боричкаики	боричкал	боричкала	боричкало	боричкали	боричкал	боричкала	боричкало	боричкали	боричкащ	боричкаща	боричкащо	боричкащи	боричкан	боричкана	боричкано	боричкани	боричкане	боричканета
боря	боря	бориш	бори	борим	борите	борят	борих	бори	бори	борихме	борихте	бориха	борех	бореше	бореше	борехме	борехте	бореха	бори	борете	бореики	борил	борила	борило	борили	борел	борела	борело	борели	борещ	бореща	борещо	борещи	борен	борена	борено	борени	борене	боренета
боядисам	-	-	-	-	-	-	боядисах	боядиса	боядиса	боядисахме	боядисахте	боядисаха	боядисах	боядисаше	боядисаше	боядисахме	боядисахте	боядисаха	боядисай	боядисайте	-	боядисал	боядисала	боядисало	боядисали	боядисал	боядисала	боядисало	боядисали	-	-	-	-	боядисан	боядисана	боядисано	боядисани	-	-
боядисвам	-	-	-	-	-	-	боядисвах	боядисва	боядисва	боядисвахме	боядисвахте	боядисваха	боядисвах	боядисваше	боядисваше	боядисвахме	боядисвахте	боядисваха	боядисвай	боядисвайте	боядисвайки	боядисвал	боядисвала	боядисвало	боядисвали	боядисвал	боядисвала	боядисвало	боядисвали	боядисващ	боядисваща	боядисващо	боядисващи	боядисван	боядисвана	боядисвано	боядисвани	боядисване	боядисвания-нета
браздя	браздя	браздиш	бразди	браздим	браздите	браздят	браздих	бразди	бразди	браздихме	браздихте	браздиха	браздях	браздеше	браздеше	браздяхме	браздяхте	браздяха	бразди	браздете	браздеики	браздил	браздила	браздило	браздили	браздял	браздяла	браздяло	браздели	браздящ	браздяща	браздящо	браздящи	бразден	браздена	браздено	браздени	браздене	бразденета
бракувам	-	-	-	-	-	-	бракувах	бракува	бракува	бракувахме	бракувахте	бракуваха	бракувах	бракуваше	бракуваше	бракувахме	бракувахте	бракуваха	бракуваи	бракуваите	бракуваики	бракувал	бракувала	бракувало	бракували	бракувал	бракувала	бракувало	бракували	бракуващ	бракуваща	бракуващо	бракуващи	бракуван	бракувана	бракувано	бракувани	бракуване	бракуванета
браня	браня	браниш	брани	браним	браните	бранят	браних	брани	брани	бранихме	бранихте	браниха	бранех	бранеше	бранеше	бранехме	бранехте	бранеха	брани	бранете	бранеики	бранил	бранила	бранило	бранили	бранел	бранела	бранело	бранели	бранещ	бранеща	бранещо	бранещи	бранен	бранена	бранено	бранени	бранене	браненета
бреда	бреда	бредеш	бреде	бредем	бредете	бредат	бредох	бреде	бреде	бредохме	бредохте	бредоха	бредех	бредеше	бредеше	бредехме	бредехте	бредеха	бреди	бредете	бредеики	брел	брела	брело	брели	бредел	бредела	бредело	бредели	бредещ	бредеща	бредещо	бредещи	-	-	-	-	бредене	бреденета
брехам	-	-	-	-	-	-	брехах	бреха	бреха	брехахме	брехахте	брехаха	брехах	брехаше	брехаше	брехахме	брехахте	брехаха	брехаи	брехаите	брехаики	брехал	брехала	брехало	брехали	брехал	брехала	брехало	брехали	брехащ	брехаща	брехащо	брехащи	-	-	-	-	брехане	бреханета
брецам	-	-	-	-	-	-	брецах	бреца	бреца	брецахме	брецахте	брецаха	брецах	брецаше	брецаше	брецахме	брецахте	брецаха	брецаи	брецаите	брецаики	брецал	брецала	брецало	брецали	брецал	брецала	брецало	брецали	брецащ	брецаща	брецащо	брецащи	брецан	брецана	брецано	брецани	брецане	брецанета
брихам	-	-	-	-	-	-	брихах	бриха	бриха	брихахме	брихахте	брихаха	брихах	брихаше	брихаше	брихахме	брихахте	брихаха	брихаи	брихаите	брихаики	брихал	брихала	брихало	брихали	брихал	брихала	брихало	брихали	брихащ	брихаща	брихащо	брихащи	-	-	-	-	брихане	бриханета
брия	брия	бриеш	брие	брием	бриете	брият	брих	бри	бри	брихме	брихте	бриха	бриех	бриеше	бриеше	бриехме	бриехте	бриеха	брии	бриите	бриеики	брил	брила	брило	брили	бриел	бриела	бриело	бриели	бриещ	бриеща	бриещо	бриещи	брит	брита	брито	брити	бриене	бриенета
бродирам	-	-	-	-	-	-	бродирах	бродира	бродира	бродирахме	бродирахте	бродираха	бродирах	бродираше	бродираше	бродирахме	бродирахте	бродираха	бродираи	бродираите	бродираики	бродирал	бродирала	бродирало	бродирали	бродирал	бродирала	бродирало	бродирали	бродиращ	бродираща	бродиращо	бродиращи	бродиран	бродирана	бродирано	бродирани	бродиране	бродиранета
бродя	бродя	бродиш	броди	бродим	бродите	бродят	бродих	броди	броди	бродихме	бродихте	бродиха	бродех	бродеше	бродеше	бродехме	бродехте	бродеха	броди	бродете	бродеики	бродил	бродила	бродило	бродили	бродел	бродела	бродело	бродели	бродещ	бродеща	бродещо	бродещи	-	-	-	-	бродене	броденета
броя	броя	броиш	брои	броим	броите	броят	броих	брои	брои	броихме	броихте	броиха	броях	броеше	броеше	брояхме	брояхте	брояха	брои	броите	броеики	броил	броила	броило	броили	броял	брояла	брояло	броели	броящ	брояща	броящо	броящи	броен	броена	броено	броени	броене	броенета
брувтя	брувтя	брувтиш	брувти	брувтим	брувтите	брувтят	брувтих	брувти	брувти	брувтихме	брувтихте	брувтиха	брувтях	брувтеше	брувтеше	брувтяхме	брувтяхте	брувтяха	брувти	брувтете	брувтеики	брувтил	брувтила	брувтило	брувтили	брувтял	брувтяла	брувтяло	брувтели	брувтящ	брувтяща	брувтящо	брувтящи	-	-	-	-	брувтене	брувтенета
бруся	бруся	брусиш	бруси	брусим	брусите	брусят	брусих	бруси	бруси	брусихме	брусихте	брусиха	брусех	брусеше	брусеше	брусехме	брусехте	брусеха	бруси	брусете	брусеики	брусил	брусила	брусило	брусили	брусел	брусела	брусело	брусели	брусещ	брусеща	брусещо	брусещи	брусен	брусена	брусено	брусени	брусене	брусенета
бруя	бруя	бруиш	бруи	бруим	бруите	бруят	бруих	бруи	бруи	бруихме	бруихте	бруиха	бруех	бруеше	бруеше	бруехме	бруехте	бруеха	бруи	бруите	бруеики	бруил	бруила	бруило	бруили	бруел	бруела	бруело	бруели	бруещ	бруеща	бруещо	бруещи	-	-	-	-	бруене	бруенета
бръждя	бръждя	бръждиш	бръжди	бръждим	бръждите	бръждят	бръждях	бръждя	бръждя	бръждяхме	бръждяхте	бръждяха	бръждях	бръждеше	бръждеше	бръждяхме	бръждяхте	бръждяха	бръжди	бръждете	бръждеики	бръждял	бръждяла	бръждяло	бръждели	бръждял	бръждяла	бръждяло	бръждели	бръждящ	бръждяща	бръждящо	бръждящи	-	-	-	-	бръждене	бръжденета
бръзгам	-	-	-	-	-	-	бръзгах	бръзга	бръзга	бръзгахме	бръзгахте	бръзгаха	бръзгах	бръзгаше	бръзгаше	бръзгахме	бръзгахте	бръзгаха	бръзгаи	бръзгаите	бръзгаики	бръзгал	бръзгала	бръзгало	бръзгали	бръзгал	бръзгала	бръзгало	бръзгали	бръзгащ	бръзгаща	бръзгащо	бръзгащи	-	-	-	-	бръзгане	бръзганета
бръкна	бръкна	бръкнеш	бръкне	бръкнем	бръкнете	бръкнат	бръкнах	бръкна	бръкна	бръкнахме	бръкнахте	бръкнаха	бръкнех	бръкнеше	бръкнеше	бръкнехме	бръкнехте	бръкнеха	бръкни	бръкнете	-	бръкнал	бръкнала	бръкнало	бръкнали	бръкнел	бръкнела	бръкнело	бръкнели	-	-	-	-	бръкнат	бръкната	бръкнато	бръкнати	-	-
бръмча	бръмча	бръмчиш	бръмчи	бръмчим	бръмчите	бръмчат	бръмчах	бръмча	бръмча	бръмчахме	бръмчахте	бръмчаха	бръмчах	бръмчеше	бръмчеше	бръмчахме	бръмчахте	бръмчаха	бръмчи	бръмчете	бръмчеики	бръмчал	бръмчала	бръмчало	бръмчали	бръмчал	бръмчала	бръмчало	бръмчали	бръмчащ	бръмчаща	бръмчащо	бръмчащи	бръмчан	бръмчана	бръмчано	бръмчани	бръмчене	бръмченета
бръскам	-	-	-	-	-	-	бръсках	бръска	бръска	бръскахме	бръскахте	бръскаха	бръсках	бръскаше	бръскаше	бръскахме	бръскахте	бръскаха	бръскаи	бръскаите	бръскаики	бръскал	бръскала	бръскало	бръскали	бръскал	бръскала	бръскало	бръскали	бръскащ	бръскаща	бръскащо	бръскащи	бръскан	бръскана	бръскано	бръскани	бръскане	бръсканета
бръсна	бръсна	бръснеш	бръсне	бръснем	бръснете	бръснат	бръснах	бръсна	бръсна	бръснахме	бръснахте	бръснаха	бръснех	бръснеше	бръснеше	бръснехме	бръснехте	бръснеха	бръсни	бръснете	бръснеики	бръснал	бръснала	бръснало	бръснали	бръснел	бръснела	бръснело	бръснели	бръснещ	бръснеща	бръснещо	бръснещи	-	-	-	-	бръснене	бръсненета
брътвя	брътвя	брътвиш	брътви	брътвим	брътвите	брътвят	брътвих	брътви	брътви	брътвихме	брътвихте	брътвиха	брътвех	брътвеше	брътвеше	брътвехме	брътвехте	брътвеха	брътви	брътвете	брътвеики	брътвил	брътвила	брътвило	брътвили	брътвел	брътвела	брътвело	брътвели	брътвещ	брътвеща	брътвещо	брътвещи	брътвен	брътвена	брътвено	брътвени	брътвене	брътвенета
бръщолевя	бръщолевя	бръщолевиш	бръщолеви	бръщолевим	бръщолевите	бръщолевят	бръщолевих	бръщолеви	бръщолеви	бръщолевихме	бръщолевихте	бръщолевиха	бръщолевех	бръщолевеше	бръщолевеше	бръщолевехме	бръщолевехте	бръщолевеха	бръщолеви	бръщолевете	бръщолевеики	бръщолевил	бръщолевила	бръщолевило	бръщолевили	бръщолевел	бръщолевела	бръщолевело	бръщолевели	бръщолевещ	бръщолевеща	бръщолевещо	бръщолевещи	бръщолевен	бръщолевена	бръщолевено	бръщолевени	бръщолевене	бръщолевенета
будотя	будотя	будотиш	будоти	будотим	будотите	будотят	будотих	будоти	будоти	будотихме	будотихте	будотиха	будотех	будотеше	будотеше	будотехме	будотехте	будотеха	будоти	будотете	будотеики	будотил	будотила	будотило	будотили	будотел	будотела	будотело	будотели	будотещ	будотеща	будотещо	будотещи	-	-	-	-	будотене	будотенета
будувам	-	-	-	-	-	-	будувах	будува	будува	будувахме	будувахте	будуваха	будувах	будуваше	будуваше	будувахме	будувахте	будуваха	будуваи	будуваите	будуваики	будувал	будувала	будувало	будували	будувал	будувала	будувало	будували	будуващ	будуваща	будуващо	будуващи	-	-	-	-	будуване	будуванета
будуя	будуя	будуеш	будуе	будуем	будуете	будуят	будух	буду	буду	будухме	будухте	будуха	будуех	будуеше	будуеше	будуехме	будуехте	будуеха	будуи	будуите	-	будул	будула	будуло	будули	будуел	будуела	будуело	будуели	-	-	-	-	-	-	-	-	-	-
будя	будя	будиш	буди	будим	будите	будят	будих	буди	буди	будихме	будихте	будиха	будех	будеше	будеше	будехме	будехте	будеха	буди	будете	будейки	будил	будила	будило	будили	будел	будела	будело	будели	будещ	будеща	будещо	будещи	буден	будена	будено	будени	будене	будения-нета
бумтя	бумтя	бумтиш	бумти	бумтим	бумтите	бумтят	бумтях	бумтя	бумтя	бумтяхме	бумтяхте	бумтяха	бумтях	бумтеше	бумтеше	бумтяхме	бумтяхте	бумтяха	бумти	бумтете	бумтеики	бумтял	бумтяла	бумтяло	бумтели	бумтял	бумтяла	бумтяло	бумтели	бумтящ	бумтяща	бумтящо	бумтящи	-	-	-	-	бумтене	бумтенета
буня	буня	буниш	буни	буним	буните	бунят	буних	буни	буни	бунихме	бунихте	буниха	бунех	бунеше	бунеше	бунехме	бунехте	бунеха	буни	бунете	бунеики	бунил	бунила	бунило	бунили	бунел	бунела	бунело	бунели	бунещ	бунеща	бунещо	бунещи	-	-	-	-	бунене	буненета
бутам	-	-	-	-	-	-	бутах	бута	бута	бутахме	бутахте	бутаха	бутах	буташе	буташе	бутахме	бутахте	бутаха	бутаи	бутаите	бутаики	бутал	бутала	бутало	бутали	бутал	бутала	бутало	бутали	бутащ	бутаща	бутащо	бутащи	бутан	бутана	бутано	бутани	бутане	бутанета
бутея	бутея	бутееш	бутее	бутеем	бутеете	бутеят	бутях	бутя	бутя	бутяхме	бутяхте	бутяха	бутеех	бутееше	бутееше	бутеехме	бутеехте	бутееха	бутеи	бутеите	бутееики	бутял	бутяла	бутяло	бутели	бутеел	бутеела	бутеело	бутеели	бутеещ	бутееща	бутеещо	бутеещи	-	-	-	-	бутеене	бутеенета
бутилирам	-	-	-	-	-	-	бутилирах	бутилира	бутилира	бутилирахме	бутилирахте	бутилираха	бутилирах	бутилираше	бутилираше	бутилирахме	бутилирахте	бутилираха	бутилираи	бутилираите	бутилираики	бутилирал	бутилирала	бутилирало	бутилирали	бутилирал	бутилирала	бутилирало	бутилирали	бутилиращ	бутилираща	бутилиращо	бутилиращи	бутилиран	бутилирана	бутилирано	бутилирани	бутилиране	бутилиранета
бухам	-	-	-	-	-	-	бухах	буха	буха	бухахме	бухахте	бухаха	бухах	бухаше	бухаше	бухахме	бухахте	бухаха	бухаи	бухаите	бухаики	бухал	бухала	бухало	бухали	бухал	бухала	бухало	бухали	бухащ	бухаща	бухащо	бухащи	бухан	бухана	бухано	бухани	бухане	буханета
бухтя	бухтя	бухтиш	бухти	бухтим	бухтите	бухтят	бухтях	бухтя	бухтя	бухтяхме	бухтяхте	бухтяха	бухтях	бухтеше	бухтеше	бухтяхме	бухтяхте	бухтяха	бухти	бухтете	бухтеики	бухтял	бухтяла	бухтяло	бухтели	бухтял	бухтяла	бухтяло	бухтели	бухтящ	бухтяща	бухтящо	бухтящи	-	-	-	-	бухтене	бухтенета
бухукам	-	-	-	-	-	-	бухуках	бухука	бухука	бухукахме	бухукахте	бухукаха	бухуках	бухукаше	бухукаше	бухукахме	бухукахте	бухукаха	бухукаи	бухукаите	бухукаики	бухукал	бухукала	бухукало	бухукали	бухукал	бухукала	бухукало	бухукали	бухукащ	бухукаща	бухукащо	бухукащи	-	-	-	-	бухукане	бухуканета
буцам	-	-	-	-	-	-	буцах	буца	буца	буцахме	буцахте	буцаха	буцах	буцаше	буцаше	буцахме	буцахте	буцаха	буцаи	буцаите	буцаики	буцал	буцала	буцало	буцали	буцал	буцала	буцало	буцали	буцащ	буцаща	буцащо	буцащи	буцан	буцана	буцано	буцани	буцане	буцанета
буча	буча	бучиш	бучи	бучим	бучите	бучат	бучах	буча	буча	бучахме	бучахте	бучаха	бучах	бучеше	бучеше	бучахме	бучахте	бучаха	бучи	бучете	бучеики	бучал	бучала	бучало	бучали	бучал	бучала	бучало	бучали	бучащ	бучаща	бучащо	бучащи	бучен	бучена	бучено	бучени	бучане	бучанета
бушувам	-	-	-	-	-	-	бушувах	бушува	бушува	бушувахме	бушувахте	бушуваха	бушувах	бушуваше	бушуваше	бушувахме	бушувахте	бушуваха	бушувай	бушувайте	бушувайки	бушувал	бушувала	бушувало	бушували	бушувал	бушувала	бушувало	бушували	бушуващ	бушуваща	бушуващо	бушуващи	-	-	-	-	бушуване	бушувания-нета
буя	буя	буиш	буи	буим	буите	буят	буих	буи	буи	буихме	буихте	буиха	буях	буеше	буеше	буяхме	буяхте	буяха	буи	буите	буеики	буил	буила	буило	буили	буял	буяла	буяло	буели	буящ	буяща	буящо	буящи	-	-	-	-	буене	буенета
буяя	буяя	буяеш	буяе	буяем	буяете	буяят	буях	буя	буя	буяхме	буяхте	буяха	буяех	буяеше	буяеше	буяехме	буяехте	буяеха	буяи	буяите	буяеики	буял	буяла	буяло	буяли	буяел	буяела	буяело	буяели	буяещ	буяеща	буяещо	буяещи	-	-	-	-	буяене	буяенета
бъда	бъда	бъдеш	бъде	бъдем	бъдете	бъдат	бидох	би	би	бидохме	бидохте	бидоха	бъдех	беше	беше	бъдехме	бъдехте	бъдеха	бъди	бъдете	бидеики	бил	била	било	били	бъдел	бъдела	бъдело	бъдели	бъдещ	бъдеща	бъдещо	бъдещи	-	-	-	-	-	-
бъкам	-	-	-	-	-	-	бъках	бъка	бъка	бъкахме	бъкахте	бъкаха	бъках	бъкаше	бъкаше	бъкахме	бъкахте	бъкаха	бъкаи	бъкаите	бъкаики	бъкал	бъкала	бъкало	бъкали	бъкал	бъкала	бъкало	бъкали	бъкащ	бъкаща	бъкащо	бъкащи	бъкан	бъкана	бъкано	бъкани	бъкане	бъканета
бълвам	-	-	-	-	-	-	бълвах	бълва	бълва	бълвахме	бълвахте	бълваха	бълвах	бълваше	бълваше	бълвахме	бълвахте	бълваха	бълваи	бълваите	бълваики	бълвал	бълвала	бълвало	бълвали	бълвал	бълвала	бълвало	бълвали	бълващ	бълваща	бълващо	бълващи	бълван	бълвана	бълвано	бълвани	бълване	бълванета
бълдам	-	-	-	-	-	-	бълдах	бълда	бълда	бълдахме	бълдахте	бълдаха	бълдах	бълдаше	бълдаше	бълдахме	бълдахте	бълдаха	бълдаи	бълдаите	бълдаики	бълдал	бълдала	бълдало	бълдали	бълдал	бълдала	бълдало	бълдали	бълдащ	бълдаща	бълдащо	бълдащи	-	-	-	-	бълдане	бълданета
бълникам	-	-	-	-	-	-	бълниках	бълника	бълника	бълникахме	бълникахте	бълникаха	бълниках	бълникаше	бълникаше	бълникахме	бълникахте	бълникаха	бълникаи	бълникаите	бълникаики	бълникал	бълникала	бълникало	бълникали	бълникал	бълникала	бълникало	бълникали	бълникащ	бълникаща	бълникащо	бълникащи	бълникан	бълникана	бълникано	бълникани	бълникане	бълниканета
бълнувам	-	-	-	-	-	-	бълнувах	бълнува	бълнува	бълнувахме	бълнувахте	бълнуваха	бълнувах	бълнуваше	бълнуваше	бълнувахме	бълнувахте	бълнуваха	бълнуваи	бълнуваите	бълнуваики	бълнувал	бълнувала	бълнувало	бълнували	бълнувал	бълнувала	бълнувало	бълнували	бълнуващ	бълнуваща	бълнуващо	бълнуващи	-	-	-	-	бълнуване	бълнуванета
бърборя	бърборя	бърбориш	бърбори	бърборим	бърборите	бърборят	бърборих	бърбори	бърбори	бърборихме	бърборихте	бърбориха	бърборех	бърбореше	бърбореше	бърборехме	бърборехте	бърбореха	бърбори	бърборете	бърбореики	бърборил	бърборила	бърборило	бърборили	бърборел	бърборела	бърборело	бърборели	бърборещ	бърбореща	бърборещо	бърборещи	-	-	-	-	бърборене	бърборенета
бързам	-	-	-	-	-	-	бързах	бърза	бърза	бързахме	бързахте	бързаха	бързах	бързаше	бързаше	бързахме	бързахте	бързаха	бързаи	бързаите	бързаики	бързал	бързала	бързало	бързали	бързал	бързала	бързало	бързали	бързащ	бързаща	бързащо	бързащи	бързан	бързана	бързано	бързани	бързане	бързанета
бъркам	-	-	-	-	-	-	бърках	бърка	бърка	бъркахме	бъркахте	бъркаха	бърках	бъркаше	бъркаше	бъркахме	бъркахте	бъркаха	бъркаи	бъркаите	бъркаики	бъркал	бъркала	бъркало	бъркали	бъркал	бъркала	бъркало	бъркали	бъркащ	бъркаща	бъркащо	бъркащи	бъркан	бъркана	бъркано	бъркани	бъркане	бърканета
бърникам	-	-	-	-	-	-	бърниках	бърника	бърника	бърникахме	бърникахте	бърникаха	бърниках	бърникаше	бърникаше	бърникахме	бърникахте	бърникаха	бърникаи	бърникаите	бърникаики	бърникал	бърникала	бърникало	бърникали	бърникал	бърникала	бърникало	бърникали	бърникащ	бърникаща	бърникащо	бърникащи	бърникан	бърникана	бърникано	бърникани	бърникане	бърниканета
бърча	бърча	бърчиш	бърчи	бърчим	бърчите	бърчат	бърчих	бърчи	бърчи	бърчихме	бърчихте	бърчиха	бърчех	бърчеше	бърчеше	бърчехме	бърчехте	бърчеха	бърчи	бърчете	бърчеики	бърчил	бърчила	бърчило	бърчили	бърчел	бърчела	бърчело	бърчели	бърчещ	бърчеща	бърчещо	бърчещи	бърчен	бърчена	бърчено	бърчени	бърчене	бърченета
бърша	бърша	бършеш	бърше	бършем	бършете	бършат	бърсах	бърса	бърса	бърсахме	бърсахте	бърсаха	бършех	бършеше	бършеше	бършехме	бършехте	бършеха	бърши	бършете	бършеики	бърсал	бърсала	бърсало	бърсали	бършел	бършела	бършело	бършели	бършещ	бършеща	бършещо	бършещи	бърсан	бърсана	бърсано	бърсани	бърсане	бърсанета
бъхтя	бъхтя	бъхтиш	бъхти	бъхтим	бъхтите	бъхтят	бъхтих	бъхти	бъхти	бъхтихме	бъхтихте	бъхтиха	бъхтех	бъхтеше	бъхтеше	бъхтехме	бъхтехте	бъхтеха	бъхти	бъхтете	бъхтеики	бъхтил	бъхтила	бъхтило	бъхтили	бъхтел	бъхтела	бъхтело	бъхтели	бъхтещ	бъхтеща	бъхтещо	бъхтещи	бъхтен	бъхтена	бъхтено	бъхтени	бъхтене	бъхтенета
бювам	-	-	-	-	-	-	бювах	бюва	бюва	бювахме	бювахте	бюваха	бювах	бюваше	бюваше	бювахме	бювахте	бюваха	бюваи	бюваите	бюваики	бювал	бювала	бювало	бювали	бювал	бювала	бювало	бювали	бюващ	бюваща	бюващо	бюващи	бюван	бювана	бювано	бювани	бюване	бюванета
бягам	-	-	-	-	-	-	бягах	бяга	бяга	бягахме	бягахте	бягаха	бягах	бягаше	бягаше	бягахме	бягахте	бягаха	бягай	бягайте	бягайки	бягал	бягала	бягало	бягали	бягал	бягала	бягало	бягали	бягащ	бягаща	бягащо	бягащи	-	-	-	-	бягане	бягания-нета
вабя	вабя	вабиш	ваби	вабим	вабите	вабят	вабих	ваби	ваби	вабихме	вабихте	вабиха	вабех	вабеше	вабеше	вабехме	вабехте	вабеха	ваби	вабете	вабеики	вабил	вабила	вабило	вабили	вабел	вабела	вабело	вабели	вабещ	вабеща	вабещо	вабещи	вабен	вабена	вабено	вабени	вабене	вабенета
вадя	вадя	вадиш	вади	вадим	вадите	вадят	вадих	вади	вади	вадихме	вадихте	вадиха	вадех	вадеше	вадеше	вадехме	вадехте	вадеха	вади	вадете	вадеики	вадил	вадила	вадило	вадили	вадел	вадела	вадело	вадели	вадещ	вадеща	вадещо	вадещи	ваден	вадена	вадено	вадени	вадене	ваденета
ваксинирам	-	-	-	-	-	-	ваксинирах	ваксинира	ваксинира	ваксинирахме	ваксинирахте	ваксинираха	ваксинирах	ваксинираше	ваксинираше	ваксинирахме	ваксинирахте	ваксинираха	ваксинираи	ваксинираите	ваксинираики	ваксинирал	ваксинирала	ваксинирало	ваксинирали	ваксинирал	ваксинирала	ваксинирало	ваксинирали	ваксиниращ	ваксинираща	ваксиниращо	ваксиниращи	ваксиниран	ваксинирана	ваксинирано	ваксинирани	ваксиниране	ваксиниранета
валя	валя	валиш	вали	валим	валите	валят	валих	вали	вали	валихме	валихте	валиха	валях	валеше	валеше	валяхме	валяхте	валяха	вали	валете	валеики	валил	валила	валило	валели	валял	валяла	валяло	валели	валящ	валяща	валящо	валящи	вален	валена	валено	валени	валене	валенета
валям	-	-	-	-	-	-	валях	валя	валя	валяхме	валяхте	валяха	валях	валяше	валяше	валяхме	валяхте	валяха	валяи	валяите	валяики	валял	валяла	валяло	валяли	валял	валяла	валяло	валяли	валящ	валяща	валящо	валящи	валян	валяна	валяно	валяни	валяне	валянета
вапцам	-	-	-	-	-	-	вапцах	вапца	вапца	вапцахме	вапцахте	вапцаха	вапцах	вапцаше	вапцаше	вапцахме	вапцахте	вапцаха	вапцаи	вапцаите	-	вапцал	вапцала	вапцало	вапцали	вапцал	вапцала	вапцало	вапцали	-	-	-	-	вапцан	вапцана	вапцано	вапцани	-	-
варам	-	-	-	-	-	-	варах	вара	вара	варахме	варахте	вараха	варах	вараше	вараше	варахме	варахте	вараха	вараи	вараите	вараики	варал	варала	варало	варали	варал	варала	варало	варали	варащ	вараща	варащо	варащи	варан	варана	варано	варани	варане	варанета
вардя	вардя	вардиш	варди	вардим	вардите	вардят	вардих	варди	варди	вардихме	вардихте	вардиха	вардех	вардеше	вардеше	вардехме	вардехте	вардеха	варди	вардете	вардеики	вардил	вардила	вардило	вардили	вардел	вардела	вардело	вардели	вардещ	вардеща	вардещо	вардещи	варден	вардена	вардено	вардени	вардене	варденета
варя	варя	вариш	вари	варим	варите	варят	варих	вари	вари	варихме	варихте	вариха	варех	вареше	вареше	варехме	варехте	вареха	вари	варете	вареики	варил	варила	варило	варили	варел	варела	варело	варели	варещ	вареща	варещо	варещи	варен	варена	варено	варени	варене	варенета
вая	вая	ваеш	вае	ваем	ваете	ваят	ваях	вая	вая	ваяхме	ваяхте	ваяха	ваех	ваеше	ваеше	ваехме	ваехте	ваеха	ваи	ваите	ваеики	ваял	ваяла	ваяло	ваяли	ваел	ваела	ваело	ваели	ваещ	ваеща	ваещо	ваещи	ваян	ваяна	ваяно	ваяни	ваене	ваенета
вбесявам	-	-	-	-	-	-	вбесявах	вбесява	вбесява	вбесявахме	вбесявахте	вбесяваха	вбесявах	вбесяваше	вбесяваше	вбесявахме	вбесявахте	вбесяваха	вбесяваи	вбесяваите	вбесяваики	вбесявал	вбесявала	вбесявало	вбесявали	вбесявал	вбесявала	вбесявало	вбесявали	вбесяващ	вбесяваща	вбесяващо	вбесяващи	вбесяван	вбесявана	вбесявано	вбесявани	вбесяване	вбесяванета
вградя	вградя	вградиш	вгради	вградим	вградите	вградят	вградих	вгради	вгради	вградихме	вградихте	вградиха	вградях	вградеше	вградеше	вградяхме	вградяхте	вградяха	вгради	вградете	-	вградил	вградила	вградило	вградили	вградял	вградяла	вградяло	вградели	-	-	-	-	вграден	вградена	вградено	вградени	-	-
вдетиня	вдетиня	вдетиниш	вдетини	вдетиним	вдетините	вдетинят	вдетиних	вдетини	вдетини	вдетинихме	вдетинихте	вдетиниха	вдетинях	вдетинеше	вдетинеше	вдетиняхме	вдетиняхте	вдетиняха	вдетини	вдетинете	-	вдетинил	вдетинила	вдетинило	вдетинили	вдетинял	вдетиняла	вдетиняло	вдетинели	-	-	-	-	вдетинен	вдетинена	вдетинено	вдетинени	-	-
вдетинявам	-	-	-	-	-	-	вдетинявах	вдетинява	вдетинява	вдетинявахме	вдетинявахте	вдетиняваха	вдетинявах	вдетиняваше	вдетиняваше	вдетинявахме	вдетинявахте	вдетиняваха	вдетиняваи	вдетиняваите	вдетиняваики	вдетинявал	вдетинявала	вдетинявало	вдетинявали	вдетинявал	вдетинявала	вдетинявало	вдетинявали	вдетиняващ	вдетиняваща	вдетиняващо	вдетиняващи	вдетиняван	вдетинявана	вдетинявано	вдетинявани	вдетиняване	вдетиняванета
вдигам	-	-	-	-	-	-	вдигах	вдига	вдига	вдигахме	вдигахте	вдигаха	вдигах	вдигаше	вдигаше	вдигахме	вдигахте	вдигаха	вдигаи	вдигаите	вдигаики	вдигал	вдигала	вдигало	вдигали	вдигал	вдигала	вдигало	вдигали	вдигащ	вдигаща	вдигащо	вдигащи	вдиган	вдигана	вдигано	вдигани	вдигане	вдиганета
вдигна	вдигна	вдигнеш	вдигне	вдигнем	вдигнете	вдигнат	вдигнах	вдигна	вдигна	вдигнахме	вдигнахте	вдигнаха	вдигнех	вдигнеше	вдигнеше	вдигнехме	вдигнехте	вдигнеха	вдигни	вдигнете	-	вдигнал	вдигнала	вдигнало	вдигнали	вдигнел	вдигнела	вдигнело	вдигнели	-	-	-	-	вдигнат	вдигната	вдигнато	вдигнати	-	-
вдишам	-	-	-	-	-	-	вдишах	вдиша	вдиша	вдишахме	вдишахте	вдишаха	вдишах	вдишаше	вдишаше	вдишахме	вдишахте	вдишаха	вдишай	вдишайте	-	вдишал	вдишала	вдишало	вдишали	вдишал	вдишала	вдишало	вдишали	-	-	-	-	вдишан	вдишана	вдишано	вдишани	-	-
вдишвам	-	-	-	-	-	-	вдишвах	вдишва	вдишва	вдишвахме	вдишвахте	вдишваха	вдишвах	вдишваше	вдишваше	вдишвахме	вдишвахте	вдишваха	вдишвай	вдишвайте	вдишвайки	вдишвал	вдишвала	вдишвало	вдишвали	вдишвал	вдишвала	вдишвало	вдишвали	вдишващ	вдишваща	вдишващо	вдишващи	вдишван	вдишвана	вдишвано	вдишвани	вдишване	вдишвания-нета
вдлъбвам	-	-	-	-	-	-	вдлъбвах	вдлъбва	вдлъбва	вдлъбвахме	вдлъбвахте	вдлъбваха	вдлъбвах	вдлъбваше	вдлъбваше	вдлъбвахме	вдлъбвахте	вдлъбваха	вдлъбваи	вдлъбваите	-	вдлъбвал	вдлъбвала	вдлъбвало	вдлъбвали	вдлъбвал	вдлъбвала	вдлъбвало	вдлъбвали	-	-	-	-	вдлъбван	вдлъбвана	вдлъбвано	вдлъбвани	-	-
вдлъбна	вдлъбна	вдлъбнеш	вдлъбне	вдлъбнем	вдлъбнете	вдлъбнат	вдлъбнах	вдлъбна	вдлъбна	вдлъбнахме	вдлъбнахте	вдлъбнаха	вдлъбнех	вдлъбнеше	вдлъбнеше	вдлъбнехме	вдлъбнехте	вдлъбнеха	вдлъбни	вдлъбнете	-	вдлъбнал	вдлъбнала	вдлъбнало	вдлъбнали	вдлъбнел	вдлъбнела	вдлъбнело	вдлъбнели	-	-	-	-	вдлъбнат	вдлъбната	вдлъбнато	вдлъбнати	-	-
веда	веда	ведеш	веде	ведем	ведете	ведат	ведох	веде	веде	ведохме	ведохте	ведоха	ведях	ведеше	ведеше	ведяхме	ведяхте	ведяха	веди	ведете	-	вел	вела	вело	вели	ведял	ведяла	ведяло	ведели	-	-	-	-	веден	ведена	ведено	ведени	-	-
ведувам	-	-	-	-	-	-	ведувах	ведува	ведува	ведувахме	ведувахте	ведуваха	ведувах	ведуваше	ведуваше	ведувахме	ведувахте	ведуваха	ведуваи	ведуваите	ведуваики	ведувал	ведувала	ведувало	ведували	ведувал	ведувала	ведувало	ведували	ведуващ	ведуваща	ведуващо	ведуващи	-	-	-	-	ведуване	ведуванета
вежа	вежа	вежеш	веже	вежем	вежете	вежат	везах	веза	веза	везахме	везахте	везаха	вежех	вежеше	вежеше	вежехме	вежехте	вежеха	вежи	вежете	вежеики	везал	везала	везало	везали	вежел	вежела	вежело	вежели	вежещ	вежеща	вежещо	вежещи	везан	везана	везано	везани	везане	везанета
веза	веза	везеш	везе	везем	везете	везат	везах	веза	веза	везахме	везахте	везаха	везех	везеше	везеше	везехме	везехте	везеха	вези	везете	везеики	везал	везала	везало	везали	везел	везела	везело	везели	везещ	везеща	везещо	везещи	везан	везана	везано	везани	везане	везанета
веля	веля	велиш	вели	велим	велите	велят	велих	вели	вели	велихме	велихте	велиха	велех	велеше	велеше	велехме	велехте	велеха	вели	велете	велеики	велил	велила	велило	велели	велел	велела	велело	велели	велещ	велеща	велещо	велещи	велен	велена	велено	велени	велене	веленета
венчавам	-	-	-	-	-	-	венчавах	венчава	венчава	венчавахме	венчавахте	венчаваха	венчавах	венчаваше	венчаваше	венчавахме	венчавахте	венчаваха	венчаваи	венчаваите	венчаваики	венчавал	венчавала	венчавало	венчавали	венчавал	венчавала	венчавало	венчавали	венчаващ	венчаваща	венчаващо	венчаващи	венчаван	венчавана	венчавано	венчавани	венчаване	венчаванета
венчая	венчая	венчаеш	венчае	венчаем	венчаете	венчаят	венчах	венча	венча	венчахме	венчахте	венчаха	венчаех	венчаеше	венчаеше	венчаехме	венчаехте	венчаеха	венчаи	венчаите	-	венчал	венчала	венчало	венчали	венчаел	венчаела	венчаело	венчаели	-	-	-	-	венчан	венчана	венчано	венчани	-	-
веся	веся	весиш	веси	весим	весите	весят	весих	веси	веси	весихме	весихте	весиха	весех	весеше	весеше	весехме	весехте	весеха	веси	весете	весеики	весил	весила	весило	весили	весел	весела	весело	весели	весещ	весеща	весещо	весещи	-	-	-	-	весене	весенета
вехна	вехна	вехнеш	вехне	вехнем	вехнете	вехнат	вехнах	вехна	вехна	вехнахме	вехнахте	вехнаха	вехнех	вехнеше	вехнеше	вехнехме	вехнехте	вехнеха	вехни	вехнете	вехнеики	вехнал	вехнала	вехнало	вехнали	вехнел	вехнела	вехнело	вехнели	вехнещ	вехнеща	вехнещо	вехнещи	-	-	-	-	вехнене	вехненета
вехтея	вехтея	вехтееш	вехтее	вехтеем	вехтеете	вехтеят	вехтях	вехтя	вехтя	вехтяхме	вехтяхте	вехтяха	вехтеех	вехтееше	вехтееше	вехтеехме	вехтеехте	вехтееха	вехтеи	вехтеите	вехтееики	вехтял	вехтяла	вехтяло	вехтели	вехтеел	вехтеела	вехтеело	вехтеели	вехтеещ	вехтееща	вехтеещо	вехтеещи	-	-	-	-	вехтеене	вехтеенета
вечерям	-	-	-	-	-	-	вечерях	вечеря	вечеря	вечеряхме	вечеряхте	вечеряха	вечерях	вечеряше	вечеряше	вечеряхме	вечеряхте	вечеряха	вечеряй	вечеряйте	вечеряйки	вечерял	вечеряла	вечеряло	вечеряли	вечерял	вечеряла	вечеряло	вечеряли	вечерящ	вечеряща	вечерящо	вечерящи	вечерян	вечеряна	вечеряно	вечеряни	вечеряне	вечеряния-нета
вещая	вещая	вещаеш	вещае	вещаем	вещаете	вещаят	вещах	веща	веща	вещахме	вещахте	вещаха	вещаех	вещаеше	вещаеше	вещаехме	вещаехте	вещаеха	вещаи	вещаите	вещаеики	вещал	вещала	вещало	вещали	вещаел	вещаела	вещаело	вещаели	вещаещ	вещаеща	вещаещо	вещаещи	вещан	вещана	вещано	вещани	вещаене	вещаенета
вея	вея	вееш	вее	веем	веете	веят	веях	вея	вея	веяхме	веяхте	веяха	веех	вееше	вееше	веехме	веехте	вееха	веи	веите	вееики	веял	веяла	веяло	веяли	веел	веела	веело	веели	веещ	вееща	веещо	веещи	веян	веяна	веяно	веяни	веене	веенета
взема	взема	вземеш	вземе	вземем	вземете	вземат	взех	взе	взе	взехме	взехте	взеха	вземех	вземеше	вземеше	вземехме	вземехте	вземеха	вземи	вземете	-	взел	взела	взело	взели	вземел	вземела	вземело	вземели	-	-	-	-	взет	взета	взето	взети	-	-
вземам	-	-	-	-	-	-	вземах	взема	взема	вземахме	вземахте	вземаха	вземах	вземаше	вземаше	вземахме	вземахте	вземаха	вземай	вземайте	вземайки	вземал	вземала	вземало	вземали	вземал	вземала	вземало	вземали	вземащ	вземаща	вземащо	вземащи	вземан	вземана	вземано	вземани	вземане	вземания-нета
взимам	-	-	-	-	-	-	взимах	взима	взима	взимахме	взимахте	взимаха	взимах	взимаше	взимаше	взимахме	взимахте	взимаха	взимай	взимайте	взимайки	взимал	взимала	взимало	взимали	взимал	взимала	взимало	взимали	взимащ	взимаща	взимащо	взимащи	взиман	взимана	взимано	взимани	взимане	взимания-нета
видая	видая	видаеш	видае	видаем	видаете	видаят	видах	вида	вида	видахме	видахте	видаха	видаех	видаеше	видаеше	видаехме	видаехте	видаеха	видаи	видаите	видаеики	видал	видала	видало	видали	видаел	видаела	видаело	видаели	видаещ	видаеща	видаещо	видаещи	видан	видана	видано	видани	видаене	видаенета
видя	видя	видиш	види	видим	видите	видят	видях	видя	видя	видяхме	видяхте	видяха	видех	видеше	видеше	видехме	видехте	видеха	виж	вижте	-	видял	видяла	видяло	видели	видел	видела	видело	видели	-	-	-	-	видян	видяна	видяно	видени	-	-
виждам	-	-	-	-	-	-	виждах	вижда	вижда	виждахме	виждахте	виждаха	виждах	виждаше	виждаше	виждахме	виждахте	виждаха	виждай	виждайте	виждайки	виждал	виждала	виждало	виждали	виждал	виждала	виждало	виждали	виждащ	виждаща	виждащо	виждащи	виждан	виждана	виждано	виждани	виждане	виждания-нета
визуализирам	-	-	-	-	-	-	визуализирах	визуализира	визуализира	визуализирахме	визуализирахте	визуализираха	визуализирах	визуализираше	визуализираше	визуализирахме	визуализирахте	визуализираха	визуализираи	визуализираите	визуализираики	визуализирал	визуализирала	визуализирало	визуализирали	визуализирал	визуализирала	визуализирало	визуализирали	визуализиращ	визуализираща	визуализиращо	визуализиращи	визуализиран	визуализирана	визуализирано	визуализирани	визуализиране	визуализиранета
викам	-	-	-	-	-	-	виках	вика	вика	викахме	викахте	викаха	виках	викаше	викаше	викахме	викахте	викаха	викаи	викаите	викаики	викал	викала	викало	викали	викал	викала	викало	викали	викащ	викаща	викащо	викащи	викан	викана	викано	викани	викане	виканета
викна	викна	викнеш	викне	викнем	викнете	викнат	викнах	викна	викна	викнахме	викнахте	викнаха	викнех	викнеше	викнеше	викнехме	викнехте	викнеха	викни	викнете	-	викнал	викнала	викнало	викнали	викнел	викнела	викнело	викнели	-	-	-	-	викнат	викната	викнато	викнати	-	-
виня	виня	виниш	вини	виним	вините	винят	виних	вини	вини	винихме	винихте	виниха	винях	винеше	винеше	виняхме	виняхте	виняха	вини	винете	винейки	винил	винила	винило	винили	винял	виняла	виняло	винели	винящ	виняща	винящо	винящи	винен	винена	винено	винени	винене	винения-нета
виря	виря	вириш	вири	вирим	вирите	вирят	вирих	вири	вири	вирихме	вирихте	вириха	вирех	виреше	виреше	вирехме	вирехте	виреха	вири	вирете	виреики	вирил	вирила	вирило	вирили	вирел	вирела	вирело	вирели	вирещ	виреща	вирещо	вирещи	вирен	вирена	вирено	вирени	вирене	виренета
вискам	-	-	-	-	-	-	висках	виска	виска	вискахме	вискахте	вискаха	висках	вискаше	вискаше	вискахме	вискахте	вискаха	вискаи	вискаите	вискаики	вискал	вискала	вискало	вискали	вискал	вискала	вискало	вискали	вискащ	вискаща	вискащо	вискащи	-	-	-	-	вискане	висканета
висна	висна	виснеш	висне	виснем	виснете	виснат	виснах	висна	висна	виснахме	виснахте	виснаха	виснех	виснеше	виснеше	виснехме	виснехте	виснеха	висни	виснете	виснеики	виснал	виснала	виснало	виснали	виснел	виснела	виснело	виснели	виснещ	виснеща	виснещо	виснещи	-	-	-	-	виснене	висненета
вися	вися	висиш	виси	висим	висите	висят	висях	вися	вися	висяхме	висяхте	висяха	висях	висеше	висеше	висяхме	висяхте	висяха	виси	висете	висеики	висял	висяла	висяло	висели	висял	висяла	висяло	висели	висящ	висяща	висящо	висящи	-	-	-	-	висене	висенета
витая	витая	витаеш	витае	витаем	витаете	витаят	витах	вита	вита	витахме	витахте	витаха	витаех	витаеше	витаеше	витаехме	витаехте	витаеха	витаи	витаите	витаеики	витал	витала	витало	витали	витаел	витаела	витаело	витаели	витаещ	витаеща	витаещо	витаещи	витан	витана	витано	витани	витаене	витаенета
вия	вия	виеш	вие	вием	виете	вият	вих	ви	ви	вихме	вихте	виха	виех	виеше	виеше	виехме	виехте	виеха	вии	виите	виеики	вил	вила	вило	вили	виел	виела	виело	виели	виещ	виеща	виещо	виещи	вит	вита	вито	вити	виене	виенета
включвам	-	-	-	-	-	-	включвах	включва	включва	включвахме	включвахте	включваха	включвах	включваше	включваше	включвахме	включвахте	включваха	включваи	включваите	включваики	включвал	включвала	включвало	включвали	включвал	включвала	включвало	включвали	включващ	включваща	включващо	включващи	включван	включвана	включвано	включвани	включване	включванета
вкова	вкова	вковеш	вкове	вковем	вковете	вковат	вковах	вкова	вкова	вковахме	вковахте	вковаха	вковях	вковеше	вковеше	вковяхме	вковяхте	вковяха	вкови	вковете	-	вковал	вковала	вковало	вковали	вковял	вковяла	вковяло	вковели	-	-	-	-	вкован	вкована	вковано	вковани	-	-
вковавам	-	-	-	-	-	-	вковавах	вковава	вковава	вковавахме	вковавахте	вковаваха	вковавах	вковаваше	вковаваше	вковавахме	вковавахте	вковаваха	вковавай	вковавайте	вковавайки	вковавал	вковавала	вковавало	вковавали	вковавал	вковавала	вковавало	вковавали	вковаващ	вковаваща	вковаващо	вковаващи	вковаван	вковавана	вковавано	вковавани	вковаване	вковавания-нета
владея	владея	владееш	владее	владеем	владеете	владеят	владях	владя	владя	владяхме	владяхте	владяха	владеех	владееше	владееше	владеехме	владеехте	владееха	владеи	владеите	владееики	владял	владяла	владяло	владели	владеел	владеела	владеело	владеели	владеещ	владееща	владеещо	владеещи	владян	владяна	владяно	владени	владеене	владеенета
влажнея	влажнея	влажнееш	влажнее	влажнеем	влажнеете	влажнеят	влажнях	влажня	влажня	влажняхме	влажняхте	влажняха	влажнеех	влажнееше	влажнееше	влажнеехме	влажнеехте	влажнееха	влажнеи	влажнеите	влажнееики	влажнял	влажняла	влажняло	влажнели	влажнеел	влажнеела	влажнеело	влажнеели	влажнеещ	влажнееща	влажнеещо	влажнеещи	-	-	-	-	влажнеене	влажнеенета
влача	влача	влачиш	влачи	влачим	влачите	влачат	влачих	влачи	влачи	влачихме	влачихте	влачиха	влачех	влачеше	влачеше	влачехме	влачехте	влачеха	влачи	влачете	влачеики	влачил	влачила	влачило	влачили	влачел	влачела	влачело	влачели	влачещ	влачеща	влачещо	влачещи	влачен	влачена	влачено	влачени	влачене	влаченета
влека	влека	влечеш	влече	влечем	влечете	влекат	влякох	влече	влече	влякохме	влякохте	влякоха	влечах	влечеше	влечеше	влечахме	влечахте	влечаха	влечи	влечете	влечеики	влякъл	влякла	влякло	влекли	влечал	влечала	влечало	влечали	влечащ	влечаща	влечащо	влечащи	влечен	влечена	влечено	влечени	влечене	влеченета
влетя	влетя	влетиш	влети	влетим	влетите	влетят	влетях	влетя	влетя	влетяхме	влетяхте	влетяха	влетях	влетеше	влетеше	влетяхме	влетяхте	влетяха	влети	влетете	-	влетял	влетяла	влетяло	влетели	влетял	влетяла	влетяло	влетели	-	-	-	-	-	-	-	-	-	-
влизам	-	-	-	-	-	-	влизах	влиза	влиза	влизахме	влизахте	влизаха	влизах	влизаше	влизаше	влизахме	влизахте	влизаха	влизай	влизайте	влизайки	влизал	влизала	влизало	влизали	влизал	влизала	влизало	влизали	влизащ	влизаща	влизащо	влизащи	-	-	-	-	влизане	влизания-нета
влияя	влияя	влияеш	влияе	влияем	влияете	влияят	влиях	влия	влия	влияхме	влияхте	влияха	влияех	влияеше	влияеше	влияехме	влияехте	влияеха	влияи	влияите	влияеики	влиял	влияла	влияло	влияли	влияел	влияела	влияело	влияели	влияещ	влияеща	влияещо	влияещи	-	-	-	-	влияене	влияенета
вложа	вложа	вложиш	вложи	вложим	вложите	вложат	вложих	вложи	вложи	вложихме	вложихте	вложиха	вложех	вложеше	вложеше	вложехме	вложехте	вложеха	вложи	вложете	-	вложил	вложила	вложило	вложили	вложел	вложела	вложело	вложели	-	-	-	-	вложен	вложена	вложено	вложени	-	-
вляза	вляза	влезеш	влезе	влезем	влезете	влязат	влязох	влезе	влезе	влязохме	влязохте	влязоха	влезех	влезеше	влезеше	влезехме	влезехте	влезеха	влез	влезте	-	влязъл	влязла	влязло	влезли	влезел	влезела	влезело	влезели	-	-	-	-	-	-	-	-	-	-
внасям	-	-	-	-	-	-	внасях	внася	внася	внасяхме	внасяхте	внасяха	внасях	внасяше	внасяше	внасяхме	внасяхте	внасяха	внасяи	внасяите	внасяики	внасял	внасяла	внасяло	внасяли	внасял	внасяла	внасяло	внасяли	внасящ	внасяща	внасящо	внасящи	внасян	внасяна	внасяно	внасяни	внасяне	внасянета
внедря	внедря	внедриш	внедри	внедрим	внедрите	внедрят	внедрих	внедри	внедри	внедрихме	внедрихте	внедриха	внедрях	внедреше	внедреше	внедряхме	внедряхте	внедряха	внедри	внедрете	-	внедрил	внедрила	внедрило	внедрили	внедрял	внедряла	внедряло	внедрели	-	-	-	-	внедрен	внедрена	внедрено	внедрени	-	-
внедрявам	-	-	-	-	-	-	внедрявах	внедрява	внедрява	внедрявахме	внедрявахте	внедряваха	внедрявах	внедряваше	внедряваше	внедрявахме	внедрявахте	внедряваха	внедряваи	внедряваите	внедряваики	внедрявал	внедрявала	внедрявало	внедрявали	внедрявал	внедрявала	внедрявало	внедрявали	внедряващ	внедряваща	внедряващо	внедряващи	внедряван	внедрявана	внедрявано	внедрявани	внедряване	внедряванета
внеса	внеса	внесеш	внесе	внесем	внесете	внесат	внесох	внесе	внесе	внесохме	внесохте	внесоха	внесях	внесеше	внесеше	внесяхме	внесяхте	внесяха	внеси	внесете	-	внесъл	внесла	внесло	внесли	внесял	внесяла	внесяло	внесели	-	-	-	-	внесен	внесена	внесено	внесени	-	-
внуша	внуша	внушиш	внуши	внушим	внушите	внушат	внуших	внуши	внуши	внушихме	внушихте	внушиха	внушах	внушеше	внушеше	внушахме	внушахте	внушаха	внуши	внушете	-	внушил	внушила	внушило	внушили	внушал	внушала	внушало	внушали	-	-	-	-	внушен	внушена	внушено	внушени	-	-
водя	водя	водиш	води	водим	водите	водят	водих	води	води	водихме	водихте	водиха	водех	водеше	водеше	водехме	водехте	водеха	води	водете	водеики	водил	водила	водило	водили	водел	водела	водело	водели	водещ	водеща	водещо	водещи	воден	водена	водено	водени	водене	воденета
возя	возя	возиш	вози	возим	возите	возят	возих	вози	вози	возихме	возихте	возиха	возех	возеше	возеше	возехме	возехте	возеха	вози	возете	возеики	возил	возила	возило	возили	возел	возела	возело	возели	возещ	возеща	возещо	возещи	возен	возена	возено	возени	возене	возенета
воля	воля	волиш	воли	волим	волите	волят	волих	воли	воли	волихме	волихте	волиха	волех	волеше	волеше	волехме	волехте	волеха	воли	волете	волеики	волил	волила	волило	волили	волел	волела	волело	волели	волещ	волеща	волещо	волещи	волен	волена	волено	волени	волене	воленета
воня	воня	вониш	вони	воним	воните	вонят	воних	вони	вони	вонихме	вонихте	вониха	вонях	вонеше	вонеше	воняхме	воняхте	воняха	вони	вонете	вонеики	вонил	вонила	вонило	вонели	вонял	воняла	воняло	вонели	вонящ	воняща	вонящо	вонящи	-	-	-	-	вонене	воненета
воняя	воняя	воняеш	воняе	воняем	воняете	воняят	вонях	воня	воня	воняхме	воняхте	воняха	воняех	воняеше	воняеше	воняехме	воняехте	воняеха	воняи	воняите	воняеики	вонял	воняла	воняло	воняли	воняел	воняела	воняело	воняели	воняещ	воняеща	воняещо	воняещи	-	-	-	-	воняене	воняенета
воря	воря	вориш	вори	ворим	ворите	ворят	ворих	вори	вори	ворихме	ворихте	вориха	ворех	вореше	вореше	ворехме	ворехте	вореха	вори	ворете	вореики	ворил	ворила	ворило	ворили	ворел	ворела	ворело	ворели	ворещ	вореща	ворещо	ворещи	-	-	-	-	ворене	воренета
воювам	-	-	-	-	-	-	воювах	воюва	воюва	воювахме	воювахте	воюваха	воювах	воюваше	воюваше	воювахме	воювахте	воюваха	воюваи	воюваите	воюваики	воювал	воювала	воювало	воювали	воювал	воювала	воювало	воювали	воюващ	воюваща	воюващо	воюващи	-	-	-	-	воюване	воюванета
вплета	вплета	вплетеш	вплете	вплетем	вплетете	вплетат	вплетох	вплете	вплете	вплетохме	вплетохте	вплетоха	вплетях	вплетеше	вплетеше	вплетяхме	вплетяхте	вплетяха	вплети	вплетете	-	вплел	вплела	вплело	вплели	вплетял	вплетяла	вплетяло	вплетели	-	-	-	-	вплетен	вплетена	вплетено	вплетени	-	-
вплитам	-	-	-	-	-	-	вплитах	вплита	вплита	вплитахме	вплитахте	вплитаха	вплитах	вплиташе	вплиташе	вплитахме	вплитахте	вплитаха	вплитаи	вплитаите	вплитаики	вплитал	вплитала	вплитало	вплитали	вплитал	вплитала	вплитало	вплитали	вплитащ	вплитаща	вплитащо	вплитащи	вплитан	вплитана	вплитано	вплитани	вплитане	вплитанета
впрягам	-	-	-	-	-	-	впрягах	впряга	впряга	впрягахме	впрягахте	впрягаха	впрягах	впрягаше	впрягаше	впрягахме	впрягахте	впрягаха	впрягаи	впрягаите	впрягаики	впрягал	впрягала	впрягало	впрягали	впрягал	впрягала	впрягало	впрягали	впрягащ	впрягаща	впрягащо	впрягащи	впряган	впрягана	впрягано	впрягани	впрягане	впряганета
вра	вра	вреш	вре	врем	врете	врат	врях	вря	вря	вряхме	вряхте	вряха	врях	вреше	вреше	вряхме	вряхте	вряха	ври	врете	врейки	врял	вряла	вряло	врели	врял	вряла	вряло	врели	врящ	вряща	врящо	врящи	врян	вряна	вряно	врени	врене	врения-нета
вража	вража	вражиш	вражи	вражим	вражите	вражат	вражах	вража	вража	вражахме	вражахте	вражаха	вражах	вражеше	вражеше	вражахме	вражахте	вражаха	вражи	вражете	вражеики	вражал	вражала	вражало	вражали	вражал	вражала	вражало	вражали	вражащ	вражаща	вражащо	вражащи	вражан	вражана	вражано	вражани	вражане	вражанета
вратя	вратя	вратиш	врати	вратим	вратите	вратят	вратих	врати	врати	вратихме	вратихте	вратиха	вратех	вратеше	вратеше	вратехме	вратехте	вратеха	врати	вратете	-	вратил	вратила	вратило	вратили	врател	вратела	вратело	вратели	-	-	-	-	вратен	вратена	вратено	вратени	-	-
вредя	вредя	вредиш	вреди	вредим	вредите	вредят	вредих	вреди	вреди	вредихме	вредихте	вредиха	вредях	вредеше	вредеше	вредяхме	вредяхте	вредяха	вреди	вредете	вредеики	вредил	вредила	вредило	вредили	вредял	вредяла	вредяло	вредели	вредящ	вредяща	вредящо	вредящи	вреден	вредена	вредено	вредени	вредене	вреденета
врещя	врещя	врещиш	врещи	врещим	врещите	врещят	врещях	врещя	врещя	врещяхме	врещяхте	врещяха	врещях	врещеше	врещеше	врещяхме	врещяхте	врещяха	врещи	врещете	врещеики	врещял	врещяла	врещяло	врещели	врещял	врещяла	врещяло	врещели	врещящ	врещяща	врещящо	врещящи	-	-	-	-	врещене	врещенета
врия	врия	вриеш	врие	врием	вриете	врият	врих	ври	ври	врихме	врихте	вриха	вриех	вриеше	вриеше	вриехме	вриехте	вриеха	врии	вриите	вриеики	врил	врила	врило	врили	вриел	вриела	вриело	вриели	вриещ	вриеща	вриещо	вриещи	-	-	-	-	вриене	вриенета
връзвам	-	-	-	-	-	-	връзвах	връзва	връзва	връзвахме	връзвахте	връзваха	връзвах	връзваше	връзваше	връзвахме	връзвахте	връзваха	връзваи	връзваите	връзваики	връзвал	връзвала	връзвало	връзвали	връзвал	връзвала	връзвало	връзвали	връзващ	връзваща	връзващо	връзващи	връзван	връзвана	връзвано	връзвани	връзване	връзванета
връхлетя	връхлетя	връхлетиш	връхлети	връхлетим	връхлетите	връхлетят	връхлетях	връхлетя	връхлетя	връхлетяхме	връхлетяхте	връхлетяха	връхлетях	връхлетеше	връхлетеше	връхлетяхме	връхлетяхте	връхлетяха	връхлети	връхлетете	-	връхлетял	връхлетяла	връхлетяло	връхлетели	връхлетял	връхлетяла	връхлетяло	връхлетели	-	-	-	-	връхлетян	връхлетяна	връхлетяно	връхлетени	-	-
връщам	-	-	-	-	-	-	връщах	връща	връща	връщахме	връщахте	връщаха	връщах	връщаше	връщаше	връщахме	връщахте	връщаха	връщаи	връщаите	връщаики	връщал	връщала	връщало	връщали	връщал	връщала	връщало	връщали	връщащ	връщаща	връщащо	връщащи	връщан	връщана	връщано	връщани	връщане	връщанета
вря	вря	вриш	ври	врим	врите	врят	врях	вря	вря	вряхме	вряхте	вряха	врях	вреше	вреше	вряхме	вряхте	вряха	ври	врете	вреики	врял	вряла	вряло	врели	врял	вряла	вряло	врели	врящ	вряща	врящо	врящи	-	-	-	-	врене	вренета
всадя	всадя	всадиш	всади	всадим	всадите	всадят	всадих	всади	всади	всадихме	всадихте	всадиха	всадях	всадеше	всадеше	всадяхме	всадяхте	всадяха	всади	всадете	-	всадил	всадила	всадило	всадили	всадял	всадяла	всадяло	всадели	-	-	-	-	всаден	всадена	всадено	всадени	-	-
всея	всея	всееш	всее	всеем	всеете	всеят	всях	вся	вся	всяхме	всяхте	всяха	всеех	всееше	всееше	всеехме	всеехте	всееха	всеи	всеите	-	всял	всяла	всяло	всели	всеел	всеела	всеело	всеели	-	-	-	-	всян	всяна	всяно	всени	-	-
встъпя	встъпя	встъпиш	встъпи	встъпим	встъпите	встъпят	встъпих	встъпи	встъпи	встъпихме	встъпихте	встъпиха	встъпех	встъпеше	встъпеше	встъпехме	встъпехте	встъпеха	встъпи	встъпете	-	встъпил	встъпила	встъпило	встъпили	встъпел	встъпела	встъпело	встъпели	-	-	-	-	-	-	-	-	-	-
втечня	втечня	втечниш	втечни	втечним	втечните	втечнят	втечних	втечни	втечни	втечнихме	втечнихте	втечниха	втечнях	втечнеше	втечнеше	втечняхме	втечняхте	втечняха	втечни	втечнете	-	втечнил	втечнила	втечнило	втечнили	втечнял	втечняла	втечняло	втечнели	-	-	-	-	втечнен	втечнена	втечнено	втечнени	-	-
втечнявам	-	-	-	-	-	-	втечнявах	втечнява	втечнява	втечнявахме	втечнявахте	втечняваха	втечнявах	втечняваше	втечняваше	втечнявахме	втечнявахте	втечняваха	втечнявай	втечнявайте	втечнявайки	втечнявал	втечнявала	втечнявало	втечнявали	втечнявал	втечнявала	втечнявало	втечнявали	втечняващ	втечняваща	втечняващо	втечняващи	втечняван	втечнявана	втечнявано	втечнявани	втечняване	втечнявания-нета
въведа	въведа	въведеш	въведе	въведем	въведете	въведат	въведох	въведе	въведе	въведохме	въведохте	въведоха	въведях	въведеше	въведеше	въведяхме	въведяхте	въведяха	въведи	въведете	-	въвел	въвела	въвело	въвели	въведял	въведяла	въведяло	въведели	-	-	-	-	въведен	въведена	въведено	въведени	-	-
въвеждам	-	-	-	-	-	-	въвеждах	въвежда	въвежда	въвеждахме	въвеждахте	въвеждаха	въвеждах	въвеждаше	въвеждаше	въвеждахме	въвеждахте	въвеждаха	въвеждаи	въвеждаите	въвеждаики	въвеждал	въвеждала	въвеждало	въвеждали	въвеждал	въвеждала	въвеждало	въвеждали	въвеждащ	въвеждаща	въвеждащо	въвеждащи	въвеждан	въвеждана	въвеждано	въвеждани	въвеждане	въвежданета
въвирам	-	-	-	-	-	-	въвирах	въвира	въвира	въвирахме	въвирахте	въвираха	въвирах	въвираше	въвираше	въвирахме	въвирахте	въвираха	въвирай	въвирайте	въвирайки	въвирал	въвирала	въвирало	въвирали	въвирал	въвирала	въвирало	въвирали	въвиращ	въвираща	въвиращо	въвиращи	въвиран	въвирана	въвирано	въвирани	въвиране	въвирания-нета
въвлека	въвлека	въвлечеш	въвлече	въвлечем	въвлечете	въвлекат	въвлякох	въвлече	въвлече	въвлякохме	въвлякохте	въвлякоха	въвлечах	въвлечеше	въвлечеше	въвлечахме	въвлечахте	въвлечаха	въвлечи	въвлечете	-	въвлякъл	въвлякла	въвлякло	въвлекли	въвлечал	въвлечала	въвлечало	въвлечели	-	-	-	-	въвлечен	въвлечена	въвлечено	въвлечени	-	-
въвличам	-	-	-	-	-	-	въвличах	въвлича	въвлича	въвличахме	въвличахте	въвличаха	въвличах	въвличаше	въвличаше	въвличахме	въвличахте	въвличаха	въвличай	въвличайте	въвличайки	въвличал	въвличала	въвличало	въвличали	въвличал	въвличала	въвличало	въвличали	въвличащ	въвличаща	въвличащо	въвличащи	въвличан	въвличана	въвличано	въвличани	въвличане	въвличания-нета
въвра	въвра	въвреш	въвре	въврем	въврете	въврат	въврях	въвря	въвря	въвряхме	въвряхте	въвряха	въврях	въвреше	въвреше	въвряхме	въвряхте	въвряха	въври	въврете	-	въврял	въвряла	въвряло	въврели	въврял	въвряла	въвряло	въврели	-	-	-	-	въврян	въвряна	въвряно	въврени	-	-
въдворя	въдворя	въдвориш	въдвори	въдворим	въдворите	въдворят	въдворих	въдвори	въдвори	въдворихме	въдворихте	въдвориха	въдворях	въдвореше	въдвореше	въдворяхме	въдворяхте	въдворяха	въдвори	въдворете	-	въдворил	въдворила	въдворило	въдворили	въдворял	въдворяла	въдворяло	въдворели	-	-	-	-	въдворен	въдворена	въдворено	въдворени	-	-
въдя	въдя	въдиш	въди	въдим	въдите	въдят	въдих	въди	въди	въдихме	въдихте	въдиха	въдех	въдеше	въдеше	въдехме	въдехте	въдеха	въди	въдете	въдеики	въдил	въдила	въдило	въдили	въдел	въдела	въдело	въдели	въдещ	въдеща	въдещо	въдещи	-	-	-	-	въдене	въденета
възбудя	възбудя	възбудиш	възбуди	възбудим	възбудите	възбудят	възбудих	възбуди	възбуди	възбудихме	възбудихте	възбудиха	възбудех	възбудеше	възбудеше	възбудехме	възбудехте	възбудеха	възбуди	възбудете	-	възбудил	възбудила	възбудило	възбудили	възбудел	възбудела	възбудело	възбудели	-	-	-	-	възбуден	възбудена	възбудено	възбудени	-	-
възбуждам	-	-	-	-	-	-	възбуждах	възбужда	възбужда	възбуждахме	възбуждахте	възбуждаха	възбуждах	възбуждаше	възбуждаше	възбуждахме	възбуждахте	възбуждаха	възбуждаи	възбуждаите	възбуждаики	възбуждал	възбуждала	възбуждало	възбуждали	възбуждал	възбуждала	възбуждало	възбуждали	възбуждащ	възбуждаща	възбуждащо	възбуждащи	възбуждан	възбуждана	възбуждано	възбуждани	възбуждане	възбужданета
възвря	възвря	възвриш	възври	възврим	възврите	възврят	възврях	възвря	възвря	възвряхме	възвряхте	възвряха	възврях	възвреше	възвреше	възвряхме	възвряхте	възвряха	възври	възврете	-	възврял	възвряла	възвряло	възврели	възврял	възвряла	възвряло	възврели	-	-	-	-	-	-	-	-	-	-
въздъхвам	-	-	-	-	-	-	въздъхвах	въздъхва	въздъхва	въздъхвахме	въздъхвахте	въздъхваха	въздъхвах	въздъхваше	въздъхваше	въздъхвахме	въздъхвахте	въздъхваха	въздъхваи	въздъхваите	въздъхваики	въздъхвал	въздъхвала	въздъхвало	въздъхвали	въздъхвал	въздъхвала	въздъхвало	въздъхвали	въздъхващ	въздъхваща	въздъхващо	въздъхващи	-	-	-	-	въздъхване	въздъхванета
въздъхна	въздъхна	въздъхнеш	въздъхне	въздъхнем	въздъхнете	въздъхнат	въздъхнах	въздъхна	въздъхна	въздъхнахме	въздъхнахте	въздъхнаха	въздъхнех	въздъхнеше	въздъхнеше	въздъхнехме	въздъхнехте	въздъхнеха	въздъхни	въздъхнете	-	въздъхнал	въздъхнала	въздъхнало	въздъхнали	въздъхнел	въздъхнела	въздъхнело	въздъхнели	-	-	-	-	-	-	-	-	-	-
възкликна	възкликна	възкликнеш	възкликне	възкликнем	възкликнете	възкликнат	възкликнах	възкликна	възкликна	възкликнахме	възкликнахте	възкликнаха	възкликнех	възкликнеше	възкликнеше	възкликнехме	възкликнехте	възкликнеха	възкликни	възкликнете	-	възкликнал	възкликнала	възкликнало	възкликнали	възкликнел	възкликнела	възкликнело	възкликнели	-	-	-	-	-	-	-	-	-	-
възкреся	възкреся	възкресиш	възкреси	възкресим	възкресите	възкресят	възкресих	възкреси	възкреси	възкресихме	възкресихте	възкресиха	възкресях	възкресеше	възкресеше	възкресяхме	възкресяхте	възкресяха	възкреси	възкресете	-	възкресил	възкресила	възкресило	възкресили	възкресял	възкресяла	възкресяло	възкресели	-	-	-	-	възкресен	възкресена	възкресено	възкресени	-	-
възкресявам	-	-	-	-	-	-	възкресявах	възкресява	възкресява	възкресявахме	възкресявахте	възкресяваха	възкресявах	възкресяваше	възкресяваше	възкресявахме	възкресявахте	възкресяваха	възкресяваи	възкресяваите	възкресяваики	възкресявал	възкресявала	възкресявало	възкресявали	възкресявал	възкресявала	възкресявало	възкресявали	възкресяващ	възкресяваща	възкресяващо	възкресяващи	възкресяван	възкресявана	възкресявано	възкресявани	възкресяване	възкресяванета
възкръсвам	-	-	-	-	-	-	възкръсвах	възкръсва	възкръсва	възкръсвахме	възкръсвахте	възкръсваха	възкръсвах	възкръсваше	възкръсваше	възкръсвахме	възкръсвахте	възкръсваха	възкръсваи	възкръсваите	възкръсваики	възкръсвал	възкръсвала	възкръсвало	възкръсвали	възкръсвал	възкръсвала	възкръсвало	възкръсвали	възкръсващ	възкръсваща	възкръсващо	възкръсващи	-	-	-	-	възкръсване	възкръсванета
възкръсна	възкръсна	възкръснеш	възкръсне	възкръснем	възкръснете	възкръснат	възкръснах	възкръсна	възкръсна	възкръснахме	възкръснахте	възкръснаха	възкръснех	възкръснеше	възкръснеше	възкръснехме	възкръснехте	възкръснеха	възкръсни	възкръснете	-	възкръснал	възкръснала	възкръснало	възкръснали	възкръснел	възкръснела	възкръснело	възкръснели	-	-	-	-	-	-	-	-	-	-
възлагам	-	-	-	-	-	-	възлагах	възлага	възлага	възлагахме	възлагахте	възлагаха	възлагах	възлагаше	възлагаше	възлагахме	възлагахте	възлагаха	възлагаи	възлагаите	възлагаики	възлагал	възлагала	възлагало	възлагали	възлагал	възлагала	възлагало	възлагали	възлагащ	възлагаща	възлагащо	възлагащи	възлаган	възлагана	възлагано	възлагани	възлагане	възлаганета
възлизам	-	-	-	-	-	-	възлизах	възлиза	възлиза	възлизахме	възлизахте	възлизаха	възлизах	възлизаше	възлизаше	възлизахме	възлизахте	възлизаха	възлизай	възлизайте	възлизайки	възлизал	възлизала	възлизало	възлизали	възлизал	възлизала	възлизало	възлизали	възлизащ	възлизаща	възлизащо	възлизащи	-	-	-	-	възлизане	възлизания-нета
възлюбвам	-	-	-	-	-	-	възлюбвах	възлюбва	възлюбва	възлюбвахме	възлюбвахте	възлюбваха	възлюбвах	възлюбваше	възлюбваше	възлюбвахме	възлюбвахте	възлюбваха	възлюбваи	възлюбваите	възлюбваики	възлюбвал	възлюбвала	възлюбвало	възлюбвали	възлюбвал	възлюбвала	възлюбвало	възлюбвали	възлюбващ	възлюбваща	възлюбващо	възлюбващи	възлюбван	възлюбвана	възлюбвано	възлюбвани	възлюбване	възлюбванета
възлюбя	възлюбя	възлюбиш	възлюби	възлюбим	възлюбите	възлюбят	възлюбих	възлюби	възлюби	възлюбихме	възлюбихте	възлюбиха	възлюбех	възлюбеше	възлюбеше	възлюбехме	възлюбехте	възлюбеха	възлюби	възлюбете	-	възлюбил	възлюбила	възлюбило	възлюбили	възлюбел	възлюбела	възлюбело	възлюбели	-	-	-	-	възлюбен	възлюбена	възлюбено	възлюбени	-	-
възляза	възляза	възлезеш	възлезе	възлезем	възлезете	възлязат	възлязох	възлезе	възлезе	възлязохме	възлязохте	възлязоха	възлезех	възлезеше	възлезеше	възлезехме	възлезехте	възлезеха	възлез	възлезте	-	възлязъл	възлязла	възлязло	възлезли	възлезел	възлезела	възлезело	възлезели	-	-	-	-	-	-	-	-	-	-
възнасям	-	-	-	-	-	-	възнасях	възнася	възнася	възнасяхме	възнасяхте	възнасяха	възнасях	възнасяше	възнасяше	възнасяхме	възнасяхте	възнасяха	възнасяи	възнасяите	възнасяики	възнасял	възнасяла	възнасяло	възнасяли	възнасял	възнасяла	възнасяло	възнасяли	възнасящ	възнасяща	възнасящо	възнасящи	възнасян	възнасяна	възнасяно	възнасяни	възнасяне	възнасянета
възнеса	възнеса	възнесеш	възнесе	възнесем	възнесете	възнесат	възнесох	възнесе	възнесе	възнесохме	възнесохте	възнесоха	възнесях	възнесеше	възнесеше	възнесяхме	възнесяхте	възнесяха	възнеси	възнесете	-	възнесъл	възнесла	възнесло	възнесли	възнесял	възнесяла	възнесяло	възнесели	-	-	-	-	възнесен	възнесена	възнесено	възнесени	-	-
възникна	възникна	възникнеш	възникне	възникнем	възникнете	възникнат	възникнах	възникна	възникна	възникнахме	възникнахте	възникнаха	възникнех	възникнеше	възникнеше	възникнехме	възникнехте	възникнеха	възникни	възникнете	-	възникнал	възникнала	възникнало	възникнали	възникнел	възникнела	възникнело	възникнели	-	-	-	-	-	-	-	-	-	-
възпирам	-	-	-	-	-	-	възпирах	възпира	възпира	възпирахме	възпирахте	възпираха	възпирах	възпираше	възпираше	възпирахме	възпирахте	възпираха	възпирай	възпирайте	възпирайки	възпирал	възпирала	възпирало	възпирали	възпирал	възпирала	възпирало	възпирали	възпиращ	възпираща	възпиращо	възпиращи	възпиран	възпирана	възпирано	възпирани	възпиране	възпирания-нета
възпламеня	възпламеня	възпламениш	възпламени	възпламеним	възпламените	възпламенят	възпламених	възпламени	възпламени	възпламенихме	възпламенихте	възпламениха	възпламенях	възпламенеше	възпламенеше	възпламеняхме	възпламеняхте	възпламеняха	възпламени	възпламенете	-	възпламенил	възпламенила	възпламенило	възпламенили	възпламенял	възпламеняла	възпламеняло	възпламенели	-	-	-	-	възпламенен	възпламенена	възпламенено	възпламенени	-	-
възпламенявам	-	-	-	-	-	-	възпламенявах	възпламенява	възпламенява	възпламенявахме	възпламенявахте	възпламеняваха	възпламенявах	възпламеняваше	възпламеняваше	възпламенявахме	възпламенявахте	възпламеняваха	възпламеняваи	възпламеняваите	възпламеняваики	възпламенявал	възпламенявала	възпламенявало	възпламенявали	възпламенявал	възпламенявала	възпламенявало	възпламенявали	възпламеняващ	възпламеняваща	възпламеняващо	възпламеняващи	възпламеняван	възпламенявана	възпламенявано	възпламенявани	възпламеняване	възпламеняванета
възпра	възпра	възпреш	възпре	възпрем	възпрете	възпрат	възпрях	възпря	възпря	възпряхме	възпряхте	възпряха	възпрях	възпреше	възпреше	възпряхме	възпряхте	възпряха	възпри	възпрете	-	възпрял	възпряла	възпряло	възпрели	възпрял	възпряла	възпряло	възпрели	-	-	-	-	възпрян	възпряна	възпряно	възпрени	-	-
възпроизведа	възпроизведа	възпроизведеш	възпроизведе	възпроизведем	възпроизведете	възпроизведат	възпроизведох	възпроизведе	възпроизведе	възпроизведохме	възпроизведохте	възпроизведоха	възпроизведях	възпроизведеше	възпроизведеше	възпроизведяхме	възпроизведяхте	възпроизведяха	възпроизведи	възпроизведете	-	възпроизвел	възпроизвела	възпроизвело	възпроизвели	възпроизведял	възпроизведяла	възпроизведяло	възпроизведели	-	-	-	-	възпроизведен	възпроизведена	възпроизведено	възпроизведени	-	-
възпроизвеждам	-	-	-	-	-	-	възпроизвеждах	възпроизвежда	възпроизвежда	възпроизвеждахме	възпроизвеждахте	възпроизвеждаха	възпроизвеждах	възпроизвеждаше	възпроизвеждаше	възпроизвеждахме	възпроизвеждахте	възпроизвеждаха	възпроизвеждаи	възпроизвеждаите	възпроизвеждаики	възпроизвеждал	възпроизвеждала	възпроизвеждало	възпроизвеждали	възпроизвеждал	възпроизвеждала	възпроизвеждало	възпроизвеждали	възпроизвеждащ	възпроизвеждаща	възпроизвеждащо	възпроизвеждащи	възпроизвеждан	възпроизвеждана	възпроизвеждано	възпроизвеждани	възпроизвеждане	възпроизвежданета
възразя	възразя	възразиш	възрази	възразим	възразите	възразят	възразих	възрази	възрази	възразихме	възразихте	възразиха	възразях	възразеше	възразеше	възразяхме	възразяхте	възразяха	възрази	възразете	-	възразил	възразила	възразило	възразили	възразял	възразяла	възразяло	възразели	-	-	-	-	-	-	-	-	-	-
възсъздам	-	възсъздадеш	възсъздаде	възсъздадем	възсъздадете	възсъздадат	възсъздадох	възсъздаде	възсъздаде	възсъздадохме	възсъздадохте	възсъздадоха	възсъздадях	възсъздадеше	възсъздадеше	възсъздадяхме	възсъздадяхте	възсъздадяха	възсъздаи	възсъздадете	-	възсъздал	възсъздала	възсъздало	възсъздали	възсъздадял	възсъздадяла	възсъздадяло	възсъздадели	-	-	-	-	възсъздаден	възсъздадена	възсъздадено	възсъздадени	-	-
възхитя	възхитя	възхитиш	възхити	възхитим	възхитите	възхитят	възхитих	възхити	възхити	възхитихме	възхитихте	възхитиха	възхитях	възхитеше	възхитеше	възхитяхме	възхитяхте	възхитяха	възхити	възхитете	-	възхитил	възхитила	възхитило	възхитили	възхитял	възхитяла	възхитяло	възхители	-	-	-	-	възхитен	възхитена	възхитено	възхитени	-	-
въоръжа	въоръжа	въоръжиш	въоръжи	въоръжим	въоръжите	въоръжат	въоръжих	въоръжи	въоръжи	въоръжихме	въоръжихте	въоръжиха	въоръжах	въоръжеше	въоръжеше	въоръжахме	въоръжахте	въоръжаха	въоръжи	въоръжете	-	въоръжил	въоръжила	въоръжило	въоръжили	въоръжал	въоръжала	въоръжало	въоръжели	-	-	-	-	въоръжен	въоръжена	въоръжено	въоръжени	-	-
въоръжавам	-	-	-	-	-	-	въоръжавах	въоръжава	въоръжава	въоръжавахме	въоръжавахте	въоръжаваха	въоръжавах	въоръжаваше	въоръжаваше	въоръжавахме	въоръжавахте	въоръжаваха	въоръжавай	въоръжавайте	въоръжавайки	въоръжавал	въоръжавала	въоръжавало	въоръжавали	въоръжавал	въоръжавала	въоръжавало	въоръжавали	въоръжаващ	въоръжаваща	въоръжаващо	въоръжаващи	въоръжаван	въоръжавана	въоръжавано	въоръжавани	въоръжаване	въоръжавания-нета
въпия	въпия	въпиеш	въпие	въпием	въпиете	въпият	въпих	въпи	въпи	въпихме	въпихте	въпиха	въпиех	въпиеше	въпиеше	въпиехме	въпиехте	въпиеха	въпии	въпиите	въпиеики	въпил	въпила	въпило	въпили	въпиел	въпиела	въпиело	въпиели	въпиещ	въпиеща	въпиещо	въпиещи	въпит	въпита	въпито	въпити	въпиене	въпиенета
въплътя	въплътя	въплътиш	въплъти	въплътим	въплътите	въплътят	въплътих	въплъти	въплъти	въплътихме	въплътихте	въплътиха	въплътях	въплътеше	въплътеше	въплътяхме	въплътяхте	въплътяха	въплъти	въплътете	-	въплътил	въплътила	въплътило	въплътили	въплътял	въплътяла	въплътяло	въплътели	-	-	-	-	въплътен	въплътена	въплътено	въплътени	-	-
въплътявам	-	-	-	-	-	-	въплътявах	въплътява	въплътява	въплътявахме	въплътявахте	въплътяваха	въплътявах	въплътяваше	въплътяваше	въплътявахме	въплътявахте	въплътяваха	въплътяваи	въплътяваите	въплътяваики	въплътявал	въплътявала	въплътявало	въплътявали	въплътявал	въплътявала	въплътявало	въплътявали	въплътяващ	въплътяваща	въплътяващо	въплътяващи	въплътяван	въплътявана	въплътявано	въплътявани	въплътяване	въплътяванета
вървя	вървя	вървиш	върви	вървим	вървите	вървят	вървях	вървя	вървя	вървяхме	вървяхте	вървяха	вървях	вървеше	вървеше	вървяхме	вървяхте	вървяха	върви	вървете	вървеики	вървял	вървяла	вървяло	вървели	вървял	вървяла	вървяло	вървели	вървящ	вървяща	вървящо	вървящи	-	-	-	-	вървене	вървенета
въргалям	-	-	-	-	-	-	въргалях	въргаля	въргаля	въргаляхме	въргаляхте	въргаляха	въргалях	въргаляше	въргаляше	въргаляхме	въргаляхте	въргаляха	въргаляи	въргаляите	въргаляики	въргалял	въргаляла	въргаляло	въргаляли	въргалял	въргаляла	въргаляло	въргаляли	въргалящ	въргаляща	въргалящо	въргалящи	въргалян	въргаляна	въргаляно	въргаляни	въргаляне	въргалянета
въргам	-	-	-	-	-	-	въргах	върга	върга	въргахме	въргахте	въргаха	въргах	въргаше	въргаше	въргахме	въргахте	въргаха	въргаи	въргаите	въргаики	въргал	въргала	въргало	въргали	въргал	въргала	въргало	въргали	въргащ	въргаща	въргащо	въргащи	върган	въргана	въргано	въргани	въргане	върганета
вържа	вържа	вържеш	върже	вържем	вържете	вържат	вързах	върза	върза	вързахме	вързахте	вързаха	вържех	вържеше	вържеше	вържехме	вържехте	вържеха	вържи	вържете	-	вързал	вързала	вързало	вързали	вържел	вържела	вържело	вържели	-	-	-	-	вързан	вързана	вързано	вързани	-	-
въркам	въргам	въргаш	върга	въргаме	въргате	въргат	въргах	върга	върга	въргахме	въргахте	въргаха	въргах	въргаше	въргаше	въргахме	въргахте	въргаха	въргаи	въргаите	въргаики	въргал	въргала	въргало	въргали	въргал	въргала	въргало	въргали	въргащ	въргаща	въргащо	въргащи	върган	въргана	въргано	въргани	въргане	върганета
върна	върна	върнеш	върне	върнем	върнете	върнат	върнах	върна	върна	върнахме	върнахте	върнаха	върнех	върнеше	върнеше	върнехме	върнехте	върнеха	върни	върнете	-	върнал	върнала	върнало	върнали	върнел	върнела	върнело	върнели	-	-	-	-	-	-	-	-	-	-
въртя	въртя	въртиш	върти	въртим	въртите	въртят	въртях	въртя	въртя	въртяхме	въртяхте	въртяха	въртях	въртеше	въртеше	въртяхме	въртяхте	въртяха	върти	въртете	въртеики	въртял	въртяла	въртяло	въртели	въртял	въртяла	въртяло	въртели	въртящ	въртяща	въртящо	въртящи	въртян	въртяна	въртяно	въртени	въртене	въртенета
върча	върча	върчиш	върчи	върчим	върчите	върчат	върчах	върча	върча	върчахме	върчахте	върчаха	върчах	върчеше	върчеше	върчахме	върчахте	върчаха	върчи	върчете	върчеики	върчал	върчала	върчало	върчали	върчал	върчала	върчало	върчали	върчащ	върчаща	върчащо	върчащи	-	-	-	-	върчане	върчанета
върша	върша	вършиш	върши	вършим	вършите	вършат	върших	върши	върши	вършихме	вършихте	вършиха	вършех	вършеше	вършеше	вършехме	вършехте	вършеха	върши	вършете	вършеики	вършил	вършила	вършило	вършили	вършел	вършела	вършело	вършели	вършещ	вършеща	вършещо	вършещи	вършен	вършена	вършено	вършени	вършене	вършенета
вършея	вършея	вършееш	вършее	вършеем	вършеете	вършеят	вършах	върша	върша	вършахме	вършахте	вършаха	вършеех	вършееше	вършееше	вършеехме	вършеехте	вършееха	вършей	вършейте	вършеейки	вършал	вършала	вършало	вършали	вършеел	вършеела	вършеело	вършеели	вършеещ	вършееща	вършеещо	вършеещи	вършан	вършана	вършано	вършани	вършеене	вършеения-нета
вям	-	вядеш	вяде	вядем	вядете	вядат	вядох	вяде	вяде	вядохме	вядохте	вядоха	вядях	вядеше	вядеше	вядяхме	вядяхте	вядяха	вяж	вяжте	вядеики	вял	вяла	вяло	вяли	вядял	вядяла	вядяло	вядели	вядящ	вядяща	вядящо	вядящи	-	-	-	-	вядене	вяденета
вярвам	-	-	-	-	-	-	вярвах	вярва	вярва	вярвахме	вярвахте	вярваха	вярвах	вярваше	вярваше	вярвахме	вярвахте	вярваха	вярвай	вярвайте	вярвайки	вярвал	вярвала	вярвало	вярвали	вярвал	вярвала	вярвало	вярвали	вярващ	вярваща	вярващо	вярващи	-	-	-	-	вярване	вярвания-нета
гавкам	-	-	-	-	-	-	гавках	гавка	гавка	гавкахме	гавкахте	гавкаха	гавках	гавкаше	гавкаше	гавкахме	гавкахте	гавкаха	гавкаи	гавкаите	гавкаики	гавкал	гавкала	гавкало	гавкали	гавкал	гавкала	гавкало	гавкали	гавкащ	гавкаща	гавкащо	гавкащи	-	-	-	-	гавкане	гавканета
гаврътвам	-	-	-	-	-	-	гаврътвах	гаврътва	гаврътва	гаврътвахме	гаврътвахте	гаврътваха	гаврътвах	гаврътваше	гаврътваше	гаврътвахме	гаврътвахте	гаврътваха	гаврътваи	гаврътваите	гаврътваики	гаврътвал	гаврътвала	гаврътвало	гаврътвали	гаврътвал	гаврътвала	гаврътвало	гаврътвали	гаврътващ	гаврътваща	гаврътващо	гаврътващи	-	-	-	-	гаврътване	гаврътванета
гадая	гадая	гадаеш	гадае	гадаем	гадаете	гадаят	гадах	гада	гада	гадахме	гадахте	гадаха	гадаех	гадаеше	гадаеше	гадаехме	гадаехте	гадаеха	гадаи	гадаите	гадаеики	гадал	гадала	гадало	гадали	гадаел	гадаела	гадаело	гадаели	гадаещ	гадаеща	гадаещо	гадаещи	гадан	гадана	гадано	гадани	гадане	гаданета
гадя	гадя	гадиш	гади	гадим	гадите	гадят	гадих	гади	гади	гадихме	гадихте	гадиха	гадех	гадеше	гадеше	гадехме	гадехте	гадеха	гади	гадете	гадеики	гадил	гадила	гадило	гадили	гадел	гадела	гадело	гадели	гадещ	гадеща	гадещо	гадещи	-	-	-	-	гадене	гаденета
газя	газя	газиш	гази	газим	газите	газят	газих	гази	гази	газихме	газихте	газиха	газех	газеше	газеше	газехме	газехте	газеха	гази	газете	газеики	газил	газила	газило	газили	газел	газела	газело	газели	газещ	газеща	газещо	газещи	-	-	-	-	газене	газенета
гакам	-	-	-	-	-	-	гаках	гака	гака	гакахме	гакахте	гакаха	гаках	гакаше	гакаше	гакахме	гакахте	гакаха	гакаи	гакаите	гакаики	гакал	гакала	гакало	гакали	гакал	гакала	гакало	гакали	гакащ	гакаща	гакащо	гакащи	-	-	-	-	гакане	гаканета
галя	галя	галиш	гали	галим	галите	галят	галих	гали	гали	галихме	галихте	галиха	галех	галеше	галеше	галехме	галехте	галеха	гали	галете	галеики	галил	галила	галило	галили	галел	галела	галело	галели	галещ	галеща	галещо	галещи	гален	галена	галено	галени	галене	галенета
гасна	гасна	гаснеш	гасне	гаснем	гаснете	гаснат	гаснах	гасна	гасна	гаснахме	гаснахте	гаснаха	гаснех	гаснеше	гаснеше	гаснехме	гаснехте	гаснеха	гасни	гаснете	гаснеики	гаснал	гаснала	гаснало	гаснали	гаснел	гаснела	гаснело	гаснели	гаснещ	гаснеща	гаснещо	гаснещи	-	-	-	-	гаснене	гасненета
гася	гася	гасиш	гаси	гасим	гасите	гасят	гасих	гаси	гаси	гасихме	гасихте	гасиха	гасях	гасеше	гасеше	гасяхме	гасяхте	гасяха	гаси	гасете	гасеики	гасил	гасила	гасило	гасили	гасял	гасяла	гасяло	гасели	гасящ	гасяща	гасящо	гасящи	гасен	гасена	гасено	гасени	гасене	гасенета
гепя	гепя	гепиш	гепи	гепим	гепите	гепят	гепих	гепи	гепи	гепихме	гепихте	гепиха	гепех	гепеше	гепеше	гепехме	гепехте	гепеха	гепи	гепете	-	гепил	гепила	гепило	гепили	гепел	гепела	гепело	гепели	-	-	-	-	гепен	гепена	гепено	гепени	-	-
гибам	-	-	-	-	-	-	гибах	гиба	гиба	гибахме	гибахте	гибаха	гибах	гибаше	гибаше	гибахме	гибахте	гибаха	гибаи	гибаите	гибаики	гибал	гибала	гибало	гибали	гибал	гибала	гибало	гибали	гибащ	гибаща	гибащо	гибащи	гибан	гибана	гибано	гибани	гибане	гибанета
гиздя	гиздя	гиздиш	гизди	гиздим	гиздите	гиздят	гиздих	гизди	гизди	гиздихме	гиздихте	гиздиха	гиздех	гиздеше	гиздеше	гиздехме	гиздехте	гиздеха	гизди	гиздете	гиздеики	гиздил	гиздила	гиздило	гиздили	гиздел	гиздела	гиздело	гиздели	гиздещ	гиздеща	гиздещо	гиздещи	гизден	гиздена	гиздено	гиздени	гиздене	гизденета
гина	гина	гинеш	гине	гинем	гинете	гинат	гинах	гина	гина	гинахме	гинахте	гинаха	гинех	гинеше	гинеше	гинехме	гинехте	гинеха	гини	гинете	гинеики	гинал	гинала	гинало	гинали	гинел	гинела	гинело	гинели	гинещ	гинеща	гинещо	гинещи	-	-	-	-	гинене	гиненета
глабам	-	-	-	-	-	-	глабах	глаба	глаба	глабахме	глабахте	глабаха	глабах	глабаше	глабаше	глабахме	глабахте	глабаха	глабаи	глабаите	глабаики	глабал	глабала	глабало	глабали	глабал	глабала	глабало	глабали	глабащ	глабаща	глабащо	глабащи	глабан	глабана	глабано	глабани	глабане	глабанета
главоболя	главоболя	главоболиш	главоболи	главоболим	главоболите	главоболят	главоболях	главоболя	главоболя	главоболяхме	главоболяхте	главоболяха	главоболях	главоболеше	главоболеше	главоболяхме	главоболяхте	главоболяха	главоболи	главоболете	главоболеики	главоболял	главоболяла	главоболяло	главоболели	главоболял	главоболяла	главоболяло	главоболели	главоболящ	главоболяща	главоболящо	главоболящи	главоболян	главоболяна	главоболяно	главоболени	главоболене	главоболенета
глаголствам	-	-	-	-	-	-	глаголствах	глаголства	глаголства	глаголствахме	глаголствахте	глаголстваха	глаголствах	глаголстваше	глаголстваше	глаголствахме	глаголствахте	глаголстваха	глаголстваи	глаголстваите	глаголстваики	глаголствал	глаголствала	глаголствало	глаголствали	глаголствал	глаголствала	глаголствало	глаголствали	глаголстващ	глаголстваща	глаголстващо	глаголстващи	глаголстван	глаголствана	глаголствано	глаголствани	глаголстване	глаголстванета
гладя	гладя	гладиш	глади	гладим	гладите	гладят	гладих	глади	глади	гладихме	гладихте	гладиха	гладех	гладеше	гладеше	гладехме	гладехте	гладеха	глади	гладете	гладеики	гладил	гладила	гладило	гладили	гладел	гладела	гладело	гладели	гладещ	гладеща	гладещо	гладещи	гладен	гладена	гладено	гладени	гладене	гладенета
гласувам	-	-	-	-	-	-	гласувах	гласува	гласува	гласувахме	гласувахте	гласуваха	гласувах	гласуваше	гласуваше	гласувахме	гласувахте	гласуваха	гласувай	гласувайте	гласувайки	гласувал	гласувала	гласувало	гласували	гласувал	гласувала	гласувало	гласували	гласуващ	гласуваща	гласуващо	гласуващи	гласуван	гласувана	гласувано	гласувани	гласуване	гласувания-нета
глася	глася	гласиш	гласи	гласим	гласите	гласят	гласих	гласи	гласи	гласихме	гласихте	гласиха	гласях	гласеше	гласеше	гласяхме	гласяхте	гласяха	гласи	гласете	гласеики	гласил	гласила	гласило	гласили	гласял	гласяла	гласяло	гласели	гласящ	гласяща	гласящо	гласящи	гласен	гласена	гласено	гласени	гласене	гласенета
гледам	-	-	-	-	-	-	гледах	гледа	гледа	гледахме	гледахте	гледаха	гледах	гледаше	гледаше	гледахме	гледахте	гледаха	гледаи	гледаите	гледаики	гледал	гледала	гледало	гледали	гледал	гледала	гледало	гледали	гледащ	гледаща	гледащо	гледащи	гледан	гледана	гледано	гледани	гледане	гледанета
глезя	глезя	глезиш	глези	глезим	глезите	глезят	глезих	глези	глези	глезихме	глезихте	глезиха	глезех	глезеше	глезеше	глезехме	глезехте	глезеха	глези	глезете	глезеики	глезил	глезила	глезило	глезили	глезел	глезела	глезело	глезели	глезещ	глезеща	глезещо	глезещи	глезен	глезена	глезено	глезени	глезене	глезенета
глифам	-	-	-	-	-	-	глифах	глифа	глифа	глифахме	глифахте	глифаха	глифах	глифаше	глифаше	глифахме	глифахте	глифаха	глифаи	глифаите	глифаики	глифал	глифала	глифало	глифали	глифал	глифала	глифало	глифали	глифащ	глифаща	глифащо	глифащи	-	-	-	-	глифане	глифанета
глобя	глобя	глобиш	глоби	глобим	глобите	глобят	глобих	глоби	глоби	глобихме	глобихте	глобиха	глобях	глобеше	глобеше	глобяхме	глобяхте	глобяха	глоби	глобете	-	глобил	глобила	глобило	глобили	глобял	глобяла	глобяло	глобели	-	-	-	-	глобен	глобена	глобено	глобени	-	-
глобявам	-	-	-	-	-	-	глобявах	глобява	глобява	глобявахме	глобявахте	глобяваха	глобявах	глобяваше	глобяваше	глобявахме	глобявахте	глобяваха	глобявай	глобявайте	глобявайки	глобявал	глобявала	глобявало	глобявали	глобявал	глобявала	глобявало	глобявали	глобяващ	глобяваща	глобяващо	глобяващи	глобяван	глобявана	глобявано	глобявани	глобяване	глобявания-нета
глождя	глождя	глождеш	гложде	глождем	глождете	глождят	глождах	гложда	гложда	глождахме	глождахте	глождаха	глождех	глождеше	глождеше	глождехме	глождехте	глождеха	гложди	глождете	глождеики	глождал	глождала	глождало	глождали	глождел	глождела	глождело	глождели	глождещ	глождеща	глождещо	глождещи	глождан	глождана	глождано	глождани	глождане	гложданета
глозгам	-	-	-	-	-	-	глозгах	глозга	глозга	глозгахме	глозгахте	глозгаха	глозгах	глозгаше	глозгаше	глозгахме	глозгахте	глозгаха	глозгаи	глозгаите	глозгаики	глозгал	глозгала	глозгало	глозгали	глозгал	глозгала	глозгало	глозгали	глозгащ	глозгаща	глозгащо	глозгащи	глозган	глозгана	глозгано	глозгани	глозгане	глозганета
глушея	глушея	глушееш	глушее	глушеем	глушеете	глушеят	глушах	глуша	глуша	глушахме	глушахте	глушаха	глушеех	глушееше	глушееше	глушеехме	глушеехте	глушееха	глушеи	глушеите	глушееики	глушал	глушала	глушало	глушали	глушеел	глушеела	глушеело	глушеели	глушеещ	глушееща	глушеещо	глушеещи	-	-	-	-	глушеене	глушеенета
глъхна	глъхна	глъхнеш	глъхне	глъхнем	глъхнете	глъхнат	глъхнах	глъхна	глъхна	глъхнахме	глъхнахте	глъхнаха	глъхнех	глъхнеше	глъхнеше	глъхнехме	глъхнехте	глъхнеха	глъхни	глъхнете	глъхнеики	глъхнал	глъхнала	глъхнало	глъхнали	глъхнел	глъхнела	глъхнело	глъхнели	глъхнещ	глъхнеща	глъхнещо	глъхнещи	-	-	-	-	глъхнене	глъхненета
гмеча	гмеча	гмечиш	гмечи	гмечим	гмечите	гмечат	гмечих	гмечи	гмечи	гмечихме	гмечихте	гмечиха	гмечех	гмечеше	гмечеше	гмечехме	гмечехте	гмечеха	гмечи	гмечете	гмечеики	гмечил	гмечила	гмечило	гмечили	гмечел	гмечела	гмечело	гмечели	гмечещ	гмечеща	гмечещо	гмечещи	гмечен	гмечена	гмечено	гмечени	гмечене	гмеченета
гмуркам	-	-	-	-	-	-	гмурках	гмурка	гмурка	гмуркахме	гмуркахте	гмуркаха	гмурках	гмуркаше	гмуркаше	гмуркахме	гмуркахте	гмуркаха	гмуркаи	гмуркаите	гмуркаики	гмуркал	гмуркала	гмуркало	гмуркали	гмуркал	гмуркала	гмуркало	гмуркали	гмуркащ	гмуркаща	гмуркащо	гмуркащи	гмуркан	гмуркана	гмуркано	гмуркани	гмуркане	гмурканета
гмуря	гмуря	гмуриш	гмури	гмурим	гмурите	гмурят	гмурих	гмури	гмури	гмурихме	гмурихте	гмуриха	гмурех	гмуреше	гмуреше	гмурехме	гмурехте	гмуреха	гмури	гмурете	гмуреики	гмурил	гмурила	гмурило	гмурили	гмурел	гмурела	гмурело	гмурели	гмурещ	гмуреща	гмурещо	гмурещи	гмурен	гмурена	гмурено	гмурени	гмурене	гмуренета
гнетя	гнетя	гнетиш	гнети	гнетим	гнетите	гнетят	гнетих	гнети	гнети	гнетихме	гнетихте	гнетиха	гнетях	гнетеше	гнетеше	гнетяхме	гнетяхте	гнетяха	гнети	гнетете	гнетеики	гнетил	гнетила	гнетило	гнетили	гнетял	гнетяла	гнетяло	гнетели	гнетящ	гнетяща	гнетящо	гнетящи	гнетен	гнетена	гнетено	гнетени	гнетене	гнетенета
гния	гния	гниеш	гние	гнием	гниете	гният	гних	гни	гни	гнихме	гнихте	гниха	гниех	гниеше	гниеше	гниехме	гниехте	гниеха	гнии	гниите	гниеики	гнил	гнила	гнило	гнили	гниел	гниела	гниело	гниели	гниещ	гниеща	гниещо	гниещи	-	-	-	-	гниене	гниенета
гнуся	гнуся	гнусиш	гнуси	гнусим	гнусите	гнусят	гнусих	гнуси	гнуси	гнусихме	гнусихте	гнусиха	гнусях	гнусеше	гнусеше	гнусяхме	гнусяхте	гнусяха	гнуси	гнусете	гнусеики	гнусил	гнусила	гнусило	гнусили	гнусял	гнусяла	гнусяло	гнусели	гнусящ	гнусяща	гнусящо	гнусящи	гнусен	гнусена	гнусено	гнусени	гнусене	гнусенета
говея	говея	говееш	говее	говеем	говеете	говеят	говях	говя	говя	говяхме	говяхте	говяха	говеех	говееше	говееше	говеехме	говеехте	говееха	говеи	говеите	говееики	говял	говяла	говяло	говели	говеел	говеела	говеело	говеели	говеещ	говееща	говеещо	говеещи	-	-	-	-	говеене	говеенета
говоря	говоря	говориш	говори	говорим	говорите	говорят	говорих	говори	говори	говорихме	говорихте	говориха	говорех	говореше	говореше	говорехме	говорехте	говореха	говори	говорете	говорейки	говорил	говорила	говорило	говорили	говорел	говорела	говорело	говорели	говорещ	говореща	говорещо	говорещи	говорен	говорена	говорено	говорени	говорене	говорения-нета
годинясвам	-	-	-	-	-	-	годинясвах	годинясва	годинясва	годинясвахме	годинясвахте	годинясваха	годинясвах	годинясваше	годинясваше	годинясвахме	годинясвахте	годинясваха	годинясваи	годинясваите	годинясваики	годинясвал	годинясвала	годинясвало	годинясвали	годинясвал	годинясвала	годинясвало	годинясвали	годинясващ	годинясваща	годинясващо	годинясващи	-	-	-	-	годинясване	годинясванета
годя	годя	годиш	годи	годим	годите	годят	годих	годи	годи	годихме	годихте	годиха	годях	годеше	годеше	годяхме	годяхте	годяха	годи	годете	годеики	годил	годила	годило	годили	годял	годяла	годяло	годели	годящ	годяща	годящо	годящи	годен	годена	годено	годени	годене	годенета
гоня	гоня	гониш	гони	гоним	гоните	гонят	гоних	гони	гони	гонихме	гонихте	гониха	гонех	гонеше	гонеше	гонехме	гонехте	гонеха	гони	гонете	гонеики	гонил	гонила	гонило	гонили	гонел	гонела	гонело	гонели	гонещ	гонеща	гонещо	гонещи	гонен	гонена	гонено	гонени	гонене	гоненета
горещя	горещя	горещиш	горещи	горещим	горещите	горещят	горещих	горещи	горещи	горещихме	горещихте	горещиха	горещях	горещеше	горещеше	горещяхме	горещяхте	горещяха	горещи	горещете	горещеики	горещил	горещила	горещило	горещили	горещял	горещяла	горещяло	горещели	горещящ	горещяща	горещящо	горещящи	горещен	горещена	горещено	горещени	горещене	горещенета
горча	горча	горчеш	горче	горчем	горчете	горчат	горчах	горча	горча	горчахме	горчахте	горчаха	горчах	горчеше	горчеше	горчахме	горчахте	горчаха	горчи	горчете	горчеики	горчал	горчала	горчало	горчали	горчал	горчала	горчало	горчали	горчащ	горчаща	горчащо	горчащи	-	-	-	-	горчене	горченета
горя	горя	гориш	гори	горим	горите	горят	горих	гори	гори	горихме	горихте	гориха	горях	гореше	гореше	горяхме	горяхте	горяха	гори	горете	горейки	горил	горила	горило	горили	горял	горяла	горяло	горели	горящ	горяща	горящо	горящи	горен	горена	горено	горени	горене	горения-нета
господарствам	-	-	-	-	-	-	господарствах	господарства	господарства	господарствахме	господарствахте	господарстваха	господарствах	господарстваше	господарстваше	господарствахме	господарствахте	господарстваха	господарствай	господарствайте	господарствайки	господарствал	господарствала	господарствало	господарствали	господарствал	господарствала	господарствало	господарствали	господарстващ	господарстваща	господарстващо	господарстващи	-	-	-	-	господарстване	господарствания-нета
господарствувам	-	-	-	-	-	-	господарствувах	господарствува	господарствува	господарствувахме	господарствувахте	господарствуваха	господарствувах	господарствуваше	господарствуваше	господарствувахме	господарствувахте	господарствуваха	господарствувай	господарствувайте	господарствувайки	господарствувал	господарствувала	господарствувало	господарствували	господарствувал	господарствувала	господарствувало	господарствували	господарствуващ	господарствуваща	господарствуващо	господарствуващи	-	-	-	-	господарствуване	господарствувания-нета
господарувам	-	-	-	-	-	-	господарувах	господарува	господарува	господарувахме	господарувахте	господаруваха	господарувах	господаруваше	господаруваше	господарувахме	господарувахте	господаруваха	господарувай	господарувайте	господарувайки	господарувал	господарувала	господарувало	господарували	господарувал	господарувала	господарувало	господарували	господаруващ	господаруваща	господаруващо	господаруващи	-	-	-	-	господаруване	господарувания-нета
готвя	готвя	готвиш	готви	готвим	готвите	готвят	готвих	готви	готви	готвихме	готвихте	готвиха	готвех	готвеше	готвеше	готвехме	готвехте	готвеха	готви	гответе	готвеики	готвил	готвила	готвило	готвили	готвел	готвела	готвело	готвели	готвещ	готвеща	готвещо	готвещи	готвен	готвена	готвено	готвени	готвене	готвенета
гоя	гоя	гоиш	гои	гоим	гоите	гоят	гоих	гои	гои	гоихме	гоихте	гоиха	гоях	гоеше	гоеше	гояхме	гояхте	гояха	гои	гоите	гоеики	гоил	гоила	гоило	гоили	гоял	гояла	гояло	гоели	гоящ	гояща	гоящо	гоящи	гоен	гоена	гоено	гоени	гоене	гоенета
грабя	грабя	грабиш	граби	грабим	грабите	грабят	грабих	граби	граби	грабихме	грабихте	грабиха	грабех	грабеше	грабеше	грабехме	грабехте	грабеха	граби	грабете	грабейки	грабил	грабила	грабило	грабили	грабел	грабела	грабело	грабели	грабещ	грабеща	грабещо	грабещи	грабен	грабена	грабено	грабени	грабене	грабения-нета
градя	градя	градиш	гради	градим	градите	градят	градих	гради	гради	градихме	градихте	градиха	градях	градеше	градеше	градяхме	градяхте	градяха	гради	градете	градеики	градил	градила	градило	градили	градял	градяла	градяло	градели	градящ	градяща	градящо	градящи	граден	градена	градено	градени	градене	граденета
гракам	-	-	-	-	-	-	граках	грака	грака	гракахме	гракахте	гракаха	граках	гракаше	гракаше	гракахме	гракахте	гракаха	гракаи	гракаите	гракаики	гракал	гракала	гракало	гракали	гракал	гракала	гракало	гракали	гракащ	гракаща	гракащо	гракащи	-	-	-	-	гракане	граканета
гранича	гранича	граничиш	граничи	граничим	граничите	граничат	граничих	граничи	граничи	граничихме	граничихте	граничиха	граничех	граничеше	граничеше	граничехме	граничехте	граничеха	граничи	граничете	граничейки	граничил	граничила	граничило	граничили	граничел	граничела	граничело	граничели	граничещ	граничеща	граничещо	граничещи	-	-	-	-	граничене	граничения-нета
грача	грача	грачиш	грачи	грачим	грачите	грачат	грачих	грачи	грачи	грачихме	грачихте	грачиха	грачех	грачеше	грачеше	грачехме	грачехте	грачеха	грачи	грачете	грачеики	грачил	грачила	грачило	грачили	грачел	грачела	грачело	грачели	грачещ	грачеща	грачещо	грачещи	-	-	-	-	грачене	граченета
греба	греба	гребеш	гребе	гребем	гребете	гребат	гребах	греба	греба	гребахме	гребахте	гребаха	гребях	гребеше	гребеше	гребяхме	гребяхте	гребяха	греби	гребете	гребеики	гребал	гребала	гребало	гребали	гребял	гребяла	гребяло	гребели	гребящ	гребяща	гребящо	гребящи	гребан	гребана	гребано	гребани	гребане	гребанета
гредам	-	-	-	-	-	-	гредах	греда	греда	гредахме	гредахте	гредаха	гредах	гредаше	гредаше	гредахме	гредахте	гредаха	гредаи	гредаите	гредаики	гредал	гредала	гредало	гредали	гредал	гредала	гредало	гредали	гредащ	гредаща	гредащо	гредащи	-	-	-	-	гредане	греданета
грендзам	гренздам	гренздаш	грензда	гренздаме	гренздате	гренздат	гренздах	грензда	грензда	гренздахме	гренздахте	гренздаха	гренздах	гренздаше	гренздаше	гренздахме	гренздахте	гренздаха	гренздаи	гренздаите	гренздаики	гренздал	гренздала	гренздало	гренздали	гренздал	гренздала	гренздало	гренздали	гренздащ	гренздаща	гренздащо	гренздащи	-	-	-	-	гренздане	грензданета
грехна	грехна	грехнеш	грехне	грехнем	грехнете	грехнат	грехнах	грехна	грехна	грехнахме	грехнахте	грехнаха	грехнех	грехнеше	грехнеше	грехнехме	грехнехте	грехнеха	грехни	грехнете	грехнеики	грехнал	грехнала	грехнало	грехнали	грехнел	грехнела	грехнело	грехнели	грехнещ	грехнеща	грехнещо	грехнещи	-	-	-	-	грехнене	грехненета
греша	греша	грешиш	греши	грешим	грешите	грешат	греших	греши	греши	грешихме	грешихте	грешиха	грешах	грешеше	грешеше	грешахме	грешахте	грешаха	греши	грешете	грешейки	грешил	грешила	грешило	грешили	грешал	грешала	грешало	грешели	грешащ	грешаща	грешащо	грешащи	грешен	грешена	грешено	грешени	грешене	грешения-нета
грея	грея	грееш	грее	греем	греете	греят	грях	гря	гря	гряхме	гряхте	гряха	греех	грееше	грееше	греехме	греехте	грееха	греи	греите	грееики	грял	гряла	гряло	грели	греел	греела	греело	греели	греещ	грееща	греещо	греещи	грян	гряна	гряно	грени	греене	греенета
гриза	гриза	гризеш	гризе	гризем	гризете	гризат	гризах	гриза	гриза	гризахме	гризахте	гризаха	гризях	гризеше	гризеше	гризяхме	гризяхте	гризяха	гризи	гризете	гризеики	гризал	гризала	гризало	гризали	гризял	гризяла	гризяло	гризели	гризящ	гризяща	гризящо	гризящи	гризан	гризана	гризано	гризани	гризане	гризанета
грозя	грозя	грозиш	грози	грозим	грозите	грозят	грозих	грози	грози	грозихме	грозихте	грозиха	грозях	грозеше	грозеше	грозяхме	грозяхте	грозяха	грози	грозете	грозеики	грозил	грозила	грозило	грозили	грозял	грозяла	грозяло	грозели	грозящ	грозяща	грозящо	грозящи	грозен	грозена	грозено	грозени	грозене	грозенета
громя	громя	громиш	громи	громим	громите	громят	громих	громи	громи	громихме	громихте	громиха	громях	громеше	громеше	громяхме	громяхте	громяха	громи	громете	громеики	громил	громила	громило	громили	громял	громяла	громяло	громели	громящ	громяща	громящо	громящи	громен	громена	громено	громени	громене	громенета
грохам	-	-	-	-	-	-	грохах	гроха	гроха	грохахме	грохахте	грохаха	грохах	грохаше	грохаше	грохахме	грохахте	грохаха	грохаи	грохаите	грохаики	грохал	грохала	грохало	грохали	грохал	грохала	грохало	грохали	грохащ	грохаща	грохащо	грохащи	грохан	грохана	грохано	грохани	грохане	гроханета
грохвам	-	-	-	-	-	-	грохвах	грохва	грохва	грохвахме	грохвахте	грохваха	грохвах	грохваше	грохваше	грохвахме	грохвахте	грохваха	грохваи	грохваите	грохваики	грохвал	грохвала	грохвало	грохвали	грохвал	грохвала	грохвало	грохвали	грохващ	грохваща	грохващо	грохващи	грохван	грохвана	грохвано	грохвани	грохване	грохванета
грохна	грохна	грохнеш	грохне	грохнем	грохнете	грохнат	грохнах	грохна	грохна	грохнахме	грохнахте	грохнаха	грохнех	грохнеше	грохнеше	грохнехме	грохнехте	грохнеха	грохни	грохнете	-	грохнал	грохнала	грохнало	грохнали	грохнел	грохнела	грохнело	грохнели	-	-	-	-	грохнат	грохната	грохнато	грохнати	-	-
грухам	-	-	-	-	-	-	грухах	груха	груха	грухахме	грухахте	грухаха	грухах	грухаше	грухаше	грухахме	грухахте	грухаха	грухаи	грухаите	грухаики	грухал	грухала	грухало	грухали	грухал	грухала	грухало	грухали	грухащ	грухаща	грухащо	грухащи	грухан	грухана	грухано	грухани	грухане	груханета
грухтя	грухтя	грухтиш	грухти	грухтим	грухтите	грухтят	грухтях	грухтя	грухтя	грухтяхме	грухтяхте	грухтяха	грухтях	грухтеше	грухтеше	грухтяхме	грухтяхте	грухтяха	грухти	грухтете	грухтеики	грухтял	грухтяла	грухтяло	грухтели	грухтял	грухтяла	грухтяло	грухтели	грухтящ	грухтяща	грухтящо	грухтящи	-	-	-	-	грухтене	грухтенета
гръщам	-	-	-	-	-	-	гръщах	гръща	гръща	гръщахме	гръщахте	гръщаха	гръщах	гръщаше	гръщаше	гръщахме	гръщахте	гръщаха	гръщаи	гръщаите	гръщаики	гръщал	гръщала	гръщало	гръщали	гръщал	гръщала	гръщало	гръщали	гръщащ	гръщаща	гръщащо	гръщащи	гръщан	гръщана	гръщано	гръщани	гръщане	гръщанета
губя	губя	губиш	губи	губим	губите	губят	губих	губи	губи	губихме	губихте	губиха	губех	губеше	губеше	губехме	губехте	губеха	губи	губете	губейки	губил	губила	губило	губили	губел	губела	губело	губели	губещ	губеща	губещо	губещи	губен	губена	губено	губени	губене	губения-нета
гугълвам	-	-	-	-	-	-	гугълвах	гугълва	гугълва	гугълвахме	гугълвахте	гугълваха	гугълвах	гугълваше	гугълваше	гугълвахме	гугълвахте	гугълваха	гугълваи	гугълваите	гугълваики	гугълвал	гугълвала	гугълвало	гугълвали	гугълвал	гугълвала	гугълвало	гугълвали	гугълващ	гугълваща	гугълващо	гугълващи	гугълван	гугълвана	гугълвано	гугълвани	гугълване	гугълванета
гудя	гудя	гудиш	гуди	гудим	гудите	гудят	гудих	гуди	гуди	гудихме	гудихте	гудиха	гудех	гудеше	гудеше	гудехме	гудехте	гудеха	гуди	гудете	гудеики	гудил	гудила	гудило	гудели	гудел	гудела	гудело	гудели	гудящ	гудяща	гудящо	гудящи	гуден	гудена	гудено	гудени	гудене	гуденета
гуждам	-	-	-	-	-	-	гуждах	гужда	гужда	гуждахме	гуждахте	гуждаха	гуждах	гуждаше	гуждаше	гуждахме	гуждахте	гуждаха	гуждаи	гуждаите	гуждаики	гуждал	гуждала	гуждало	гуждали	гуждал	гуждала	гуждало	гуждали	гуждащ	гуждаща	гуждащо	гуждащи	гуждан	гуждана	гуждано	гуждани	гуждане	гужданета
гуляя	гуляя	гуляеш	гуляе	гуляем	гуляете	гуляят	гулях	гуля	гуля	гуляхме	гуляхте	гуляха	гуляех	гуляеше	гуляеше	гуляехме	гуляехте	гуляеха	гуляи	гуляите	гуляеики	гулял	гуляла	гуляло	гуляли	гуляел	гуляела	гуляело	гуляели	гуляещ	гуляеща	гуляещо	гуляещи	-	-	-	-	гулене	гуленета
гурам	-	-	-	-	-	-	гурах	гура	гура	гурахме	гурахте	гураха	гурах	гураше	гураше	гурахме	гурахте	гураха	гураи	гураите	гураики	гурал	гурала	гурало	гурали	гурал	гурала	гурало	гурали	гуращ	гураща	гуращо	гуращи	гуран	гурана	гурано	гурани	гуране	гуранета
гуркам	-	-	-	-	-	-	гурках	гурка	гурка	гуркахме	гуркахте	гуркаха	гурках	гуркаше	гуркаше	гуркахме	гуркахте	гуркаха	гуркаи	гуркаите	гуркаики	гуркал	гуркала	гуркало	гуркали	гуркал	гуркала	гуркало	гуркали	гуркащ	гуркаща	гуркащо	гуркащи	-	-	-	-	гуркане	гурканета
гъделичкам	ровичкам	ровичкаш	ровичка	ровичкаме	ровичкате	ровичкат	ровичках	ровичка	ровичка	ровичкахме	ровичкахте	ровичкаха	ровичках	ровичкаше	ровичкаше	ровичкахме	ровичкахте	ровичкаха	ровичкаи	ровичкаите	ровичкаики	ровичкал	ровичкала	ровичкало	ровичкали	ровичкал	ровичкала	ровичкало	ровичкали	ровичкащ	ровичкаща	ровичкащо	ровичкащи	ровичкан	ровичкана	ровичкано	ровичкани	ровичкане	ровичканета
гъдувам	-	-	-	-	-	-	гъдувах	гъдува	гъдува	гъдувахме	гъдувахте	гъдуваха	гъдувах	гъдуваше	гъдуваше	гъдувахме	гъдувахте	гъдуваха	гъдуваи	гъдуваите	гъдуваики	гъдувал	гъдувала	гъдувало	гъдували	гъдувал	гъдувала	гъдувало	гъдували	гъдуващ	гъдуваща	гъдуващо	гъдуващи	-	-	-	-	гъдуване	гъдуванета
гъдя	гъдя	гъдиш	гъди	гъдим	гъдите	гъдят	гъдих	гъди	гъди	гъдихме	гъдихте	гъдиха	гъдех	гъдеше	гъдеше	гъдехме	гъдехте	гъдеха	гъди	гъдете	-	гъдил	гъдила	гъдило	гъдили	гъдел	гъдела	гъдело	гъдели	-	-	-	-	гъден	гъдена	гъдено	гъдени	-	-
гълтам	-	-	-	-	-	-	гълтах	гълта	гълта	гълтахме	гълтахте	гълтаха	гълтах	гълташе	гълташе	гълтахме	гълтахте	гълтаха	гълтаи	гълтаите	гълтаики	гълтал	гълтала	гълтало	гълтали	гълтал	гълтала	гълтало	гълтали	гълтащ	гълтаща	гълтащо	гълтащи	гълтан	гълтана	гълтано	гълтани	гълтане	гълтанета
гълча	гълча	гълчиш	гълчи	гълчим	гълчите	гълчат	гълчих	гълчи	гълчи	гълчихме	гълчихте	гълчиха	гълчах	гълчеше	гълчеше	гълчахме	гълчахте	гълчаха	гълчи	гълчете	гълчеики	гълчил	гълчила	гълчило	гълчили	гълчал	гълчала	гълчало	гълчали	гълчащ	гълчаща	гълчащо	гълчащи	гълчен	гълчена	гълчено	гълчени	гълчене	гълченета
гъмжа	гъмжа	гъмжиш	гъмжи	гъмжим	гъмжите	гъмжат	гъмжих	гъмжи	гъмжи	гъмжихме	гъмжихте	гъмжиха	гъмжах	гъмжеше	гъмжеше	гъмжахме	гъмжахте	гъмжаха	гъмжи	гъмжете	гъмжеики	гъмжил	гъмжила	гъмжило	гъмжили	гъмжал	гъмжала	гъмжало	гъмжали	гъмжащ	гъмжаща	гъмжащо	гъмжащи	гъмжен	гъмжена	гъмжено	гъмжени	гъмжене	гъмженета
гъна	гъна	гънеш	гъне	гънем	гънете	гънат	гънах	гъна	гъна	гънахме	гънахте	гънаха	гънех	гънеше	гънеше	гънехме	гънехте	гънеха	гъни	гънете	гънеики	гънал	гънала	гънало	гънали	гънел	гънела	гънело	гънели	гънещ	гънеща	гънещо	гънещи	-	-	-	-	гънене	гъненета
гънчам	-	-	-	-	-	-	гънчах	гънча	гънча	гънчахме	гънчахте	гънчаха	гънчах	гънчаше	гънчаше	гънчахме	гънчахте	гънчаха	гънчаи	гънчаите	гънчаики	гънчал	гънчала	гънчало	гънчали	гънчал	гънчала	гънчало	гънчали	гънчащ	гънчаща	гънчащо	гънчащи	гънчан	гънчана	гънчано	гънчани	гънчане	гънчанета
гърмя	гърмя	гърмиш	гърми	гърмим	гърмите	гърмят	гърмях	гърмя	гърмя	гърмяхме	гърмяхте	гърмяха	гърмях	гърмеше	гърмеше	гърмяхме	гърмяхте	гърмяха	гърми	гърмете	гърмеики	гърмял	гърмяла	гърмяло	гърмели	гърмял	гърмяла	гърмяло	гърмели	гърмящ	гърмяща	гърмящо	гърмящи	гърмян	гърмяна	гърмяно	гърмени	гърмене	гърменета
гъстея	гъстея	гъстееш	гъстее	гъстеем	гъстеете	гъстеят	гъстях	гъстя	гъстя	гъстяхме	гъстяхте	гъстяха	гъстеех	гъстееше	гъстееше	гъстеехме	гъстеехте	гъстееха	гъстеи	гъстеите	гъстееики	гъстял	гъстяла	гъстяло	гъстели	гъстеел	гъстеела	гъстеело	гъстеели	гъстеещ	гъстееща	гъстеещо	гъстеещи	-	-	-	-	гъстеене	гъстеенета
гътам	-	-	-	-	-	-	гътах	гъта	гъта	гътахме	гътахте	гътаха	гътах	гъташе	гъташе	гътахме	гътахте	гътаха	гътаи	гътаите	гътаики	гътал	гътала	гътало	гътали	гътал	гътала	гътало	гътали	гътащ	гътаща	гътащо	гътащи	гътан	гътана	гътано	гътани	гътане	гътанета
гътна	гътна	гътнеш	гътне	гътнем	гътнете	гътнат	гътнах	гътна	гътна	гътнахме	гътнахте	гътнаха	гътнех	гътнеше	гътнеше	гътнехме	гътнехте	гътнеха	гътни	гътнете	-	гътнал	гътнала	гътнало	гътнали	гътнел	гътнела	гътнело	гътнели	-	-	-	-	гътнат	гътната	гътнато	гътнати	-	-
давам	-	-	-	-	-	-	давах	дава	дава	давахме	давахте	даваха	давах	даваше	даваше	давахме	давахте	даваха	давай	давайте	давайки	давал	давала	давало	давали	давал	давала	давало	давали	даващ	даваща	даващо	даващи	даван	давана	давано	давани	даване	давания-нета
давя	давя	давиш	дави	давим	давите	давят	давих	дави	дави	давихме	давихте	давиха	давех	давеше	давеше	давехме	давехте	давеха	дави	давете	давеики	давил	давила	давило	давили	давел	давела	давело	давели	давещ	давеща	давещо	давещи	давен	давена	давено	давени	давене	давенета
дам	-	дадеш	даде	дадем	дадете	дадат	дадох	даде	даде	дадохме	дадохте	дадоха	дадях	дадеше	дадеше	дадяхме	дадяхте	дадяха	дай	дайте	-	дал	дала	дало	дали	дадял	дадяла	дадяло	дадели	-	-	-	-	даден	дадена	дадено	дадени	-	-
дарувам	-	-	-	-	-	-	дарувах	дарува	дарува	дарувахме	дарувахте	даруваха	дарувах	даруваше	даруваше	дарувахме	дарувахте	даруваха	даруваи	даруваите	даруваики	дарувал	дарувала	дарувало	дарували	дарувал	дарувала	дарувало	дарували	даруващ	даруваща	даруващо	даруващи	даруван	дарувана	дарувано	дарувани	даруване	даруванета
даря	даря	дариш	дари	дарим	дарите	дарят	дарих	дари	дари	дарихме	дарихте	дариха	дарях	дареше	дареше	даряхме	даряхте	даряха	дари	дарете	-	дарил	дарила	дарило	дарили	дарял	даряла	даряло	дарели	-	-	-	-	дарен	дарена	дарено	дарени	-	-
дарявам	-	-	-	-	-	-	дарявах	дарява	дарява	дарявахме	дарявахте	даряваха	дарявах	даряваше	даряваше	дарявахме	дарявахте	даряваха	даряваи	даряваите	даряваики	дарявал	дарявала	дарявало	дарявали	дарявал	дарявала	дарявало	дарявали	даряващ	даряваща	даряващо	даряващи	даряван	дарявана	дарявано	дарявани	даряване	даряванета
движа	движа	движиш	движи	движим	движите	движат	движих	движи	движи	движихме	движихте	движиха	движех	движеше	движеше	движехме	движехте	движеха	движи	движете	движеики	движил	движила	движило	движили	движел	движела	движело	движели	движещ	движеща	движещо	движещи	движен	движена	движено	движени	движене	движенета
деактивирам	-	-	-	-	-	-	деактивирах	деактивира	деактивира	деактивирахме	деактивирахте	деактивираха	деактивирах	деактивираше	деактивираше	деактивирахме	деактивирахте	деактивираха	деактивираи	деактивираите	деактивираики	деактивирал	деактивирала	деактивирало	деактивирали	деактивирал	деактивирала	деактивирало	деактивирали	деактивиращ	деактивираща	деактивиращо	деактивиращи	деактивиран	деактивирана	деактивирано	деактивирани	деактивиране	деактивиранета
дебелея	дебелея	дебелееш	дебелее	дебелеем	дебелеете	дебелеят	дебелях	дебеля	дебеля	дебеляхме	дебеляхте	дебеляха	дебелеех	дебелееше	дебелееше	дебелеехме	дебелеехте	дебелееха	дебелей	дебелейте	дебелеейки	дебелял	дебеляла	дебеляло	дебелели	дебелеел	дебелеела	дебелеело	дебелеели	дебелеещ	дебелееща	дебелеещо	дебелеещи	-	-	-	-	дебелеене	дебелеения-нета
дебна	дебна	дебнеш	дебне	дебнем	дебнете	дебнат	дебнах	дебна	дебна	дебнахме	дебнахте	дебнаха	дебнех	дебнеше	дебнеше	дебнехме	дебнехте	дебнеха	дебни	дебнете	дебнеики	дебнал	дебнала	дебнало	дебнали	дебнел	дебнела	дебнело	дебнели	дебнещ	дебнеща	дебнещо	дебнещи	-	-	-	-	дебнене	дебненета
дебя	дебя	дебиш	деби	дебим	дебите	дебят	дебих	деби	деби	дебихме	дебихте	дебиха	дебех	дебеше	дебеше	дебехме	дебехте	дебеха	деби	дебете	дебеики	дебил	дебила	дебило	дебили	дебел	дебела	дебело	дебели	дебещ	дебеща	дебещо	дебещи	дебен	дебена	дебено	дебени	дебене	дебенета
дезертирам	-	-	-	-	-	-	дезертирах	дезертира	дезертира	дезертирахме	дезертирахте	дезертираха	дезертирах	дезертираше	дезертираше	дезертирахме	дезертирахте	дезертираха	дезертираи	дезертираите	дезертираики	дезертирал	дезертирала	дезертирало	дезертирали	дезертирал	дезертирала	дезертирало	дезертирали	дезертиращ	дезертираща	дезертиращо	дезертиращи	дезертиран	дезертирана	дезертирано	дезертирани	дезертиране	дезертиранета
делея	делея	делееш	делее	делеем	делеете	делеят	делях	деля	деля	деляхме	деляхте	деляха	делеех	делееше	делееше	делеехме	делеехте	делееха	делеи	делеите	делееики	делял	деляла	деляло	делели	делеел	делеела	делеело	делеели	делеещ	делееща	делеещо	делеещи	делян	деляна	деляно	делени	делеене	делеенета
деля	деля	делиш	дели	делим	делите	делят	делих	дели	дели	делихме	делихте	делиха	делях	делеше	делеше	деляхме	деляхте	деляха	дели	делете	делейки	делил	делила	делило	делили	делял	деляла	деляло	делели	делящ	деляща	делящо	делящи	делен	делена	делено	делени	делене	деления-нета
депвам	-	-	-	-	-	-	депвах	депва	депва	депвахме	депвахте	депваха	депвах	депваше	депваше	депвахме	депвахте	депваха	депваи	депваите	депваики	депвал	депвала	депвало	депвали	депвал	депвала	депвало	депвали	депващ	депваща	депващо	депващи	депван	депвана	депвано	депвани	депване	депванета
дера	дера	дереш	дере	дерем	дерете	дерат	дерях	деря	деря	деряхме	деряхте	деряха	дерях	дереше	дереше	деряхме	деряхте	деряха	дери	дерете	дереики	дерял	деряла	деряло	дерели	дерял	деряла	деряло	дерели	дерящ	деряща	дерящо	дерящи	дерян	деряна	деряно	дерени	дерене	деренета
дерзая	дерзая	дерзаеш	дерзае	дерзаем	дерзаете	дерзаят	дерзах	дерза	дерза	дерзахме	дерзахте	дерзаха	дерзаех	дерзаеше	дерзаеше	дерзаехме	дерзаехте	дерзаеха	дерзаи	дерзаите	дерзаеики	дерзал	дерзала	дерзало	дерзали	дерзаел	дерзаела	дерзаело	дерзаели	дерзаещ	дерзаеща	дерзаещо	дерзаещи	-	-	-	-	дерзане	дерзанета
дея	дея	дееш	дее	деем	деете	деят	деях	дея	дея	деяхме	деяхте	деяха	деех	дееше	дееше	деехме	деехте	дееха	деи	деите	дееики	деял	деяла	деяло	деяли	деел	деела	деело	деели	деещ	дееща	деещо	деещи	-	-	-	-	-	-
джавкам	-	-	-	-	-	-	джавках	джавка	джавка	джавкахме	джавкахте	джавкаха	джавках	джавкаше	джавкаше	джавкахме	джавкахте	джавкаха	джавкаи	джавкаите	джавкаики	джавкал	джавкала	джавкало	джавкали	джавкал	джавкала	джавкало	джавкали	джавкащ	джавкаща	джавкащо	джавкащи	-	-	-	-	джавкане	джавканета
джапам	-	-	-	-	-	-	джапах	джапа	джапа	джапахме	джапахте	джапаха	джапах	джапаше	джапаше	джапахме	джапахте	джапаха	джапаи	джапаите	джапаики	джапал	джапала	джапало	джапали	джапал	джапала	джапало	джапали	джапащ	джапаща	джапащо	джапащи	-	-	-	-	джапане	джапанета
дивя	дивя	дивиш	диви	дивим	дивите	дивят	дивих	диви	диви	дивихме	дивихте	дивиха	дивях	дивеше	дивеше	дивяхме	дивяхте	дивяха	диви	дивете	дивеики	дивил	дивила	дивило	дивили	дивял	дивяла	дивяло	дивели	дивящ	дивяща	дивящо	дивящи	дивен	дивена	дивено	дивени	дивене	дивенета
дигам	-	-	-	-	-	-	дигах	дига	дига	дигахме	дигахте	дигаха	дигах	дигаше	дигаше	дигахме	дигахте	дигаха	дигаи	дигаите	дигаики	дигал	дигала	дигало	дигали	дигал	дигала	дигало	дигали	дигащ	дигаща	дигащо	дигащи	диган	дигана	дигано	дигани	дигане	диганета
дигна	дигна	дигнеш	дигне	дигнем	дигнете	дигнат	дигнах	дигна	дигна	дигнахме	дигнахте	дигнаха	дигнех	дигнеше	дигнеше	дигнехме	дигнехте	дигнеха	дигни	дигнете	-	дигнал	дигнала	дигнало	дигнали	дигнел	дигнела	дигнело	дигнели	-	-	-	-	дигнат	дигната	дигнато	дигнати	-	-
дизя	дизя	дизиш	дизи	дизим	дизите	дизят	дизих	дизи	дизи	дизихме	дизихте	дизиха	дизех	дизеше	дизеше	дизехме	дизехте	дизеха	дизи	дизете	дизеики	дизил	дизила	дизило	дизили	дизел	дизела	дизело	дизели	дизещ	дизеща	дизещо	дизещи	дизен	дизена	дизено	дизени	дизене	дизенета
димя	димя	димиш	дими	димим	димите	димят	димих	дими	дими	димихме	димихте	димиха	димях	димеше	димеше	димяхме	димяхте	димяха	дими	димете	димеики	димил	димила	димило	димили	димял	димяла	димяло	димели	димящ	димяща	димящо	димящи	-	-	-	-	димене	дименета
диря	диря	дириш	дири	дирим	дирите	дирят	дирих	дири	дири	дирихме	дирихте	дириха	дирех	диреше	диреше	дирехме	дирехте	диреха	дири	дирете	диреики	дирил	дирила	дирило	дирили	дирел	дирела	дирело	дирели	дирещ	диреща	дирещо	дирещи	дирен	дирена	дирено	дирени	дирене	диренета
дихам	-	-	-	-	-	-	дихах	диха	диха	дихахме	дихахте	дихаха	дихах	дихаше	дихаше	дихахме	дихахте	дихаха	дихаи	дихаите	дихаики	дихал	дихала	дихало	дихали	дихал	дихала	дихало	дихали	дихащ	дихаща	дихащо	дихащи	дихан	дихана	дихано	дихани	дихане	диханета
дишам	-	-	-	-	-	-	дишах	диша	диша	дишахме	дишахте	дишаха	дишах	дишаше	дишаше	дишахме	дишахте	дишаха	дишаи	дишаите	дишаики	дишал	дишала	дишало	дишали	дишал	дишала	дишало	дишали	дишащ	дишаща	дишащо	дишащи	дишан	дишана	дишано	дишани	дишане	дишанета
добавя	добавя	добавиш	добави	добавим	добавите	добавят	добавих	добави	добави	добавихме	добавихте	добавиха	добавех	добавеше	добавеше	добавехме	добавехте	добавеха	добави	добавете	-	добавил	добавила	добавило	добавили	добавел	добавела	добавело	добавели	-	-	-	-	добавен	добавена	добавено	добавени	-	-
добавям	-	-	-	-	-	-	добавях	добавя	добавя	добавяхме	добавяхте	добавяха	добавях	добавяше	добавяше	добавяхме	добавяхте	добавяха	добавяи	добавяите	добавяики	добавял	добавяла	добавяло	добавяли	добавял	добавяла	добавяло	добавяли	добавящ	добавяща	добавящо	добавящи	добавян	добавяна	добавяно	добавяни	добавяне	добавянета
добия	добия	добиеш	добие	добием	добиете	добият	добих	доби	доби	добихме	добихте	добиха	добиех	добиеше	добиеше	добиехме	добиехте	добиеха	добии	добиите	-	добил	добила	добило	добили	добиел	добиела	добиело	добиели	-	-	-	-	добит	добита	добито	добити	-	-
доведа	доведа	доведеш	доведе	доведем	доведете	доведат	доведох	доведе	доведе	доведохме	доведохте	доведоха	доведях	доведеше	доведеше	доведяхме	доведяхте	доведяха	доведи	доведете	-	довел	довела	довело	довели	доведял	доведяла	доведяло	доведели	-	-	-	-	доведен	доведена	доведено	доведени	-	-
довеждам	-	-	-	-	-	-	довеждах	довежда	довежда	довеждахме	довеждахте	довеждаха	довеждах	довеждаше	довеждаше	довеждахме	довеждахте	довеждаха	довеждай	довеждайте	довеждайки	довеждал	довеждала	довеждало	довеждали	довеждал	довеждала	довеждало	довеждали	довеждащ	довеждаща	довеждащо	довеждащи	довеждан	довеждана	довеждано	довеждани	довеждане	довеждания-нета
доверя	доверя	довериш	довери	доверим	доверите	доверят	доверих	довери	довери	доверихме	доверихте	довериха	доверях	довереше	довереше	доверяхме	доверяхте	доверяха	довери	доверете	-	доверил	доверила	доверило	доверили	доверял	доверяла	доверяло	доверели	-	-	-	-	доверен	доверена	доверено	доверени	-	-
довлека	довлека	довлечеш	довлече	довлечем	довлечете	довлекат	довлякох	довлече	довлече	довлякохме	довлякохте	довлякоха	довлечах	довлечеше	довлечеше	довлечахме	довлечахте	довлечаха	довлечи	довлечете	-	довлякъл	довлякла	довлякло	довлекли	довлечал	довлечала	довлечало	довлечели	-	-	-	-	довлечен	довлечена	довлечено	довлечени	-	-
довлея	довлея	довлееш	довлее	довлеем	довлеете	довлеят	довлях	довля	довля	довляхме	довляхте	довляха	довлеех	довлееше	довлееше	довлеехме	довлеехте	довлееха	довлеи	довлеите	довлееики	довлял	довляла	довляло	довлели	довлеел	довлеела	довлеело	довлеели	довлеещ	довлееща	довлеещо	довлеещи	-	-	-	-	довлеене	довлеенета
довличам	-	-	-	-	-	-	довличах	довлича	довлича	довличахме	довличахте	довличаха	довличах	довличаше	довличаше	довличахме	довличахте	довличаха	довличай	довличайте	довличайки	довличал	довличала	довличало	довличали	довличал	довличала	довличало	довличали	довличащ	довличаща	довличащо	довличащи	довличан	довличана	довличано	довличани	довличане	довличания-нета
доида	доида	доидеш	доиде	доидем	доидете	доидат	доидох	доиде	доиде	доидохме	доидохте	доидоха	доидех	доидеше	доидеше	доидехме	доидехте	доидеха	ела	елате	-	дошъл	дошла	дошло	дошли	доидел	доидела	доидело	доидели	-	-	-	-	-	-	-	-	-	-
докажа	докажа	докажеш	докаже	докажем	докажете	докажат	доказах	доказа	доказа	доказахме	доказахте	доказаха	докажех	докажеше	докажеше	докажехме	докажехте	докажеха	докажи	докажете	-	доказал	доказала	доказало	доказали	докажел	докажела	докажело	докажели	-	-	-	-	доказан	доказана	доказано	доказани	-	-
доказвам	-	-	-	-	-	-	доказвах	доказва	доказва	доказвахме	доказвахте	доказваха	доказвах	доказваше	доказваше	доказвахме	доказвахте	доказваха	доказвай	доказвайте	доказвайки	доказвал	доказвала	доказвало	доказвали	доказвал	доказвала	доказвало	доказвали	доказващ	доказваща	доказващо	доказващи	доказван	доказвана	доказвано	доказвани	доказване	доказвания-нета
докосна	докосна	докоснеш	докосне	докоснем	докоснете	докоснат	докоснах	докосна	докосна	докоснахме	докоснахте	докоснаха	докоснех	докоснеше	докоснеше	докоснехме	докоснехте	докоснеха	докосни	докоснете	-	докоснал	докоснала	докоснало	докоснали	докоснел	докоснела	докоснело	докоснели	-	-	-	-	докоснат	докосната	докоснато	докоснати	-	-
долетя	долетя	долетиш	долети	долетим	долетите	долетят	долетях	долетя	долетя	долетяхме	долетяхте	долетяха	долетях	долетеше	долетеше	долетяхме	долетяхте	долетяха	долети	долетете	-	долетял	долетяла	долетяло	долетели	долетял	долетяла	долетяло	долетели	-	-	-	-	-	-	-	-	-	-
домета	домета	дометеш	домете	дометем	дометете	дометат	дометох	домете	домете	дометохме	дометохте	дометоха	дометях	дометеше	дометеше	дометяхме	дометяхте	дометяха	домети	дометете	-	домел	домела	домело	домели	дометял	дометяла	дометяло	дометели	-	-	-	-	дометен	дометена	дометено	дометени	-	-
домитам	-	-	-	-	-	-	домитах	домита	домита	домитахме	домитахте	домитаха	домитах	домиташе	домиташе	домитахме	домитахте	домитаха	домитай	домитайте	домитайки	домитал	домитала	домитало	домитали	домитал	домитала	домитало	домитали	домитащ	домитаща	домитащо	домитащи	домитан	домитана	домитано	домитани	домитане	домитания-нета
домия	домия	домиеш	домие	домием	домиете	домият	домих	доми	доми	домихме	домихте	домиха	домиех	домиеше	домиеше	домиехме	домиехте	домиеха	домии	домиите	-	домил	домила	домило	домили	домиел	домиела	домиело	домиели	-	-	-	-	домит	домита	домито	домити	-	-
донасям	-	-	-	-	-	-	донасях	донася	донася	донасяхме	донасяхте	донасяха	донасях	донасяше	донасяше	донасяхме	донасяхте	донасяха	донасяй	донасяйте	донасяйки	донасял	донасяла	донасяло	донасяли	донасял	донасяла	донасяло	донасяли	донасящ	донасяща	донасящо	донасящи	донасян	донасяна	донасяно	донасяни	донасяне	донасяния-нета
донеса	донеса	донесеш	донесе	донесем	донесете	донесат	донесох	донесе	донесе	донесохме	донесохте	донесоха	донесях	донесеше	донесеше	донесяхме	донесяхте	донесяха	донеси	донесете	-	донесъл	донесла	донесло	донесли	донесял	донесяла	донесяло	донесели	-	-	-	-	донесен	донесена	донесено	донесени	-	-
допадам	-	-	-	-	-	-	допадах	допада	допада	допадахме	допадахте	допадаха	допадах	допадаше	допадаше	допадахме	допадахте	допадаха	допадаи	допадаите	допадаики	допадал	допадала	допадало	допадали	допадал	допадала	допадало	допадали	допадащ	допадаща	допадащо	допадащи	-	-	-	-	допадане	допаданета
допека	допека	допечеш	допече	допечем	допечете	допекат	допекох	допече	допече	допекохме	допекохте	допекоха	допечах	допечеше	допечеше	допечахме	допечахте	допечаха	допечи	допечете	-	допекъл	допекла	допекло	допекли	допечал	допечала	допечало	допечели	-	-	-	-	допечен	допечена	допечено	допечени	-	-
допирам	-	-	-	-	-	-	допирах	допира	допира	допирахме	допирахте	допираха	допирах	допираше	допираше	допирахме	допирахте	допираха	допирай	допирайте	допирайки	допирал	допирала	допирало	допирали	допирал	допирала	допирало	допирали	допиращ	допираща	допиращо	допиращи	допиран	допирана	допирано	допирани	допиране	допирания-нета
допичам	-	-	-	-	-	-	допичах	допича	допича	допичахме	допичахте	допичаха	допичах	допичаше	допичаше	допичахме	допичахте	допичаха	допичай	допичайте	допичайки	допичал	допичала	допичало	допичали	допичал	допичала	допичало	допичали	допичащ	допичаща	допичащо	допичащи	допичан	допичана	допичано	допичани	допичане	допичания-нета
доплета	доплета	доплетеш	доплете	доплетем	доплетете	доплетат	доплетох	доплете	доплете	доплетохме	доплетохте	доплетоха	доплетях	доплетеше	доплетеше	доплетяхме	доплетяхте	доплетяха	доплети	доплетете	-	доплел	доплела	доплело	доплели	доплетял	доплетяла	доплетяло	доплетели	-	-	-	-	доплетен	доплетена	доплетено	доплетени	-	-
доплитам	-	-	-	-	-	-	доплитах	доплита	доплита	доплитахме	доплитахте	доплитаха	доплитах	доплиташе	доплиташе	доплитахме	доплитахте	доплитаха	доплитай	доплитайте	доплитайки	доплитал	доплитала	доплитало	доплитали	доплитал	доплитала	доплитало	доплитали	доплитащ	доплитаща	доплитащо	доплитащи	доплитан	доплитана	доплитано	доплитани	доплитане	доплитания-нета
допра	допра	допреш	допре	допрем	допрете	допрат	допрях	допря	допря	допряхме	допряхте	допряха	допрях	допреше	допреше	допряхме	допряхте	допряха	допри	допрете	-	допрял	допряла	допряло	допрели	допрял	допряла	допряло	допрели	-	-	-	-	допрян	допряна	допряно	допрени	-	-
допринасям	-	-	-	-	-	-	допринасях	допринася	допринася	допринасяхме	допринасяхте	допринасяха	допринасях	допринасяше	допринасяше	допринасяхме	допринасяхте	допринасяха	допринасяй	допринасяйте	допринасяйки	допринасял	допринасяла	допринасяло	допринасяли	допринасял	допринасяла	допринасяло	допринасяли	допринасящ	допринасяща	допринасящо	допринасящи	-	-	-	-	допринасяне	допринасяния-нета
допринеса	допринеса	допринесеш	допринесе	допринесем	допринесете	допринесат	допринесох	допринесе	допринесе	допринесохме	допринесохте	допринесоха	допринесях	допринесеше	допринесеше	допринесяхме	допринесяхте	допринесяха	допринеси	допринесете	-	допринесъл	допринесла	допринесло	допринесли	допринесял	допринесяла	допринесяло	допринесели	-	-	-	-	-	-	-	-	-	-
допрочета	допрочета	допрочетеш	допрочете	допрочетем	допрочетете	допрочетат	допрочетох	допрочете	допрочете	допрочетохме	допрочетохте	допрочетоха	допрочетях	допрочетеше	допрочетеше	допрочетяхме	допрочетяхте	допрочетяха	допрочети	допрочетете	-	допрочел	допрочела	допрочело	допрочели	допрочетял	допрочетяла	допрочетяло	допрочетели	-	-	-	-	допрочетен	допрочетена	допрочетено	допрочетени	-	-
допрочитам	-	-	-	-	-	-	допрочитах	допрочита	допрочита	допрочитахме	допрочитахте	допрочитаха	допрочитах	допрочиташе	допрочиташе	допрочитахме	допрочитахте	допрочитаха	допрочитай	допрочитайте	допрочитайки	допрочитал	допрочитала	допрочитало	допрочитали	допрочитал	допрочитала	допрочитало	допрочитали	допрочитащ	допрочитаща	допрочитащо	допрочитащи	допрочитан	допрочитана	допрочитано	допрочитани	допрочитане	допрочитания-нета
дорежа	дорежа	дорежеш	дореже	дорежем	дорежете	дорежат	дорязах	доряза	доряза	дорязахме	дорязахте	дорязаха	дорежех	дорежеше	дорежеше	дорежехме	дорежехте	дорежеха	дорежи	дорежете	-	дорязал	дорязала	дорязало	дорязали	дорежел	дорежела	дорежело	дорежели	-	-	-	-	дорязан	дорязана	дорязано	дорязани	-	-
досадя	досадя	досадиш	досади	досадим	досадите	досадят	досадих	досади	досади	досадихме	досадихте	досадиха	досадях	досадеше	досадеше	досадяхме	досадяхте	досадяха	досади	досадете	-	досадил	досадила	досадило	досадили	досадял	досадяла	досадяло	досадели	-	-	-	-	-	-	-	-	-	-
досаждам	-	-	-	-	-	-	досаждах	досажда	досажда	досаждахме	досаждахте	досаждаха	досаждах	досаждаше	досаждаше	досаждахме	досаждахте	досаждаха	досаждаи	досаждаите	досаждаики	досаждал	досаждала	досаждало	досаждали	досаждал	досаждала	досаждало	досаждали	досаждащ	досаждаща	досаждащо	досаждащи	досаждан	досаждана	досаждано	досаждани	досаждане	досажданета
досея	досея	досееш	досее	досеем	досеете	досеят	досях	дося	дося	досяхме	досяхте	досяха	досеех	досееше	досееше	досеехме	досеехте	досееха	досеи	досеите	-	досял	досяла	досяло	досели	досеел	досеела	досеело	досеели	-	-	-	-	досян	досяна	досяно	досени	-	-
доспя	доспя	доспиш	доспи	доспим	доспите	доспят	доспах	доспа	доспа	доспахме	доспахте	доспаха	доспях	доспеше	доспеше	доспяхме	доспяхте	доспяха	доспи	доспете	-	доспал	доспала	доспало	доспали	доспял	доспяла	доспяло	доспели	-	-	-	-	-	-	-	-	-	-
доставя	доставя	доставиш	достави	доставим	доставите	доставят	доставих	достави	достави	доставихме	доставихте	доставиха	доставех	доставеше	доставеше	доставехме	доставехте	доставеха	достави	доставете	-	доставил	доставила	доставило	доставили	доставел	доставела	доставело	доставели	-	-	-	-	доставен	доставена	доставено	доставени	-	-
доставям	-	-	-	-	-	-	доставях	доставя	доставя	доставяхме	доставяхте	доставяха	доставях	доставяше	доставяше	доставяхме	доставяхте	доставяха	доставяи	доставяите	доставяики	доставял	доставяла	доставяло	доставяли	доставял	доставяла	доставяло	доставяли	доставящ	доставяща	доставящо	доставящи	доставян	доставяна	доставяно	доставяни	доставяне	доставянета
достигам	-	-	-	-	-	-	достигах	достига	достига	достигахме	достигахте	достигаха	достигах	достигаше	достигаше	достигахме	достигахте	достигаха	достигаи	достигаите	достигаики	достигал	достигала	достигало	достигали	достигал	достигала	достигало	достигали	достигащ	достигаща	достигащо	достигащи	достиган	достигана	достигано	достигани	достигане	достиганета
достигна	достигна	достигнеш	достигне	достигнем	достигнете	достигнат	достигнах	достигна	достигна	достигнахме	достигнахте	достигнаха	достигнех	достигнеше	достигнеше	достигнехме	достигнехте	достигнеха	достигни	достигнете	-	достигнал	достигнала	достигнало	достигнали	достигнел	достигнела	достигнело	достигнели	-	-	-	-	достигнат	достигната	достигнато	достигнати	-	-
досъбера	досъбера	досъбереш	досъбере	досъберем	досъберете	досъберат	досъбрах	досъбра	досъбра	досъбрахме	досъбрахте	досъбраха	досъберях	досъбереше	досъбереше	досъберяхме	досъберяхте	досъберяха	досъбери	досъберете	-	досъбрал	досъбрала	досъбрало	досъбрали	досъберял	досъберяла	досъберяло	досъберели	-	-	-	-	досъбран	досъбрана	досъбрано	досъбрани	-	-
досягам	-	-	-	-	-	-	досягах	досяга	досяга	досягахме	досягахте	досягаха	досягах	досягаше	досягаше	досягахме	досягахте	досягаха	досягаи	досягаите	досягаики	досягал	досягала	досягало	досягали	досягал	досягала	досягало	досягали	досягащ	досягаща	досягащо	досягащи	-	-	-	-	досягане	досяганета
дотека	дотека	дотечеш	дотече	дотечем	дотечете	дотекат	дотекох	дотече	дотече	дотекохме	дотекохте	дотекоха	дотечах	дотечеше	дотечеше	дотечахме	дотечахте	дотечаха	дотечи	дотечете	-	дотекъл	дотекла	дотекло	дотекли	дотечал	дотечала	дотечало	дотечели	-	-	-	-	-	-	-	-	-	-
дотичам	-	-	-	-	-	-	дотичах	дотича	дотича	дотичахме	дотичахте	дотичаха	дотичах	дотичаше	дотичаше	дотичахме	дотичахте	дотичаха	дотичай	дотичайте	дотичайки	дотичал	дотичала	дотичало	дотичали	дотичал	дотичала	дотичало	дотичали	дотичащ	дотичаща	дотичащо	дотичащи	-	-	-	-	дотичане	дотичания-нета
доя	доя	доиш	дои	доим	доите	доят	доих	дои	дои	доихме	доихте	доиха	доях	доеше	доеше	дояхме	дояхте	дояха	дой	дойте	доейки	доил	доила	доило	доили	доял	дояла	дояло	доели	доящ	дояща	доящо	доящи	доен	доена	доено	доени	доене	доения-нета
дразня	дразня	дразниш	дразни	дразним	дразните	дразнят	дразних	дразни	дразни	дразнихме	дразнихте	дразниха	дразнех	дразнеше	дразнеше	дразнехме	дразнехте	дразнеха	дразни	дразнете	дразнеики	дразнил	дразнила	дразнило	дразнили	дразнел	дразнела	дразнело	дразнели	дразнещ	дразнеща	дразнещо	дразнещи	дразнен	дразнена	дразнено	дразнени	дразнене	дразненета
драпам	-	-	-	-	-	-	драпах	драпа	драпа	драпахме	драпахте	драпаха	драпах	драпаше	драпаше	драпахме	драпахте	драпаха	драпаи	драпаите	драпаики	драпал	драпала	драпало	драпали	драпал	драпала	драпало	драпали	драпащ	драпаща	драпащо	драпащи	драпан	драпана	драпано	драпани	драпане	драпанета
драскам	-	-	-	-	-	-	драсках	драска	драска	драскахме	драскахте	драскаха	драсках	драскаше	драскаше	драскахме	драскахте	драскаха	драскаи	драскаите	драскаики	драскал	драскала	драскало	драскали	драскал	драскала	драскало	драскали	драскащ	драскаща	драскащо	драскащи	драскан	драскана	драскано	драскани	драскане	драсканета
дращя	дращя	дращиш	дращи	дращим	дращите	дращят	дращих	дращи	дращи	дращихме	дращихте	дращиха	дращех	дращеше	дращеше	дращехме	дращехте	дращеха	дращи	дращете	дращеики	дращил	дращила	дращило	дращили	дращел	дращела	дращело	дращели	дращещ	дращеща	дращещо	дращещи	дращен	дращена	дращено	дращени	дращене	дращенета
дремуцам	-	-	-	-	-	-	дремуцах	дремуца	дремуца	дремуцахме	дремуцахте	дремуцаха	дремуцах	дремуцаше	дремуцаше	дремуцахме	дремуцахте	дремуцаха	дремуцаи	дремуцаите	дремуцаики	дремуцал	дремуцала	дремуцало	дремуцали	дремуцал	дремуцала	дремуцало	дремуцали	дремуцащ	дремуцаща	дремуцащо	дремуцащи	-	-	-	-	дремуцане	дремуцанета
дремя	дремя	дремеш	дреме	дремем	дремете	дремят	дремах	дрема	дрема	дремахме	дремахте	дремаха	дремех	дремеше	дремеше	дремехме	дремехте	дремеха	дреми	дремете	дремеики	дремал	дремала	дремало	дремали	дремел	дремела	дремело	дремели	дремещ	дремеща	дремещо	дремещи	-	-	-	-	дремене	дременета
дретам	-	-	-	-	-	-	дретах	дрета	дрета	дретахме	дретахте	дретаха	дретах	дреташе	дреташе	дретахме	дретахте	дретаха	дретаи	дретаите	дретаики	дретал	дретала	дретало	дретали	дретал	дретала	дретало	дретали	дретащ	дретаща	дретащо	дретащи	дретан	дретана	дретано	дретани	дретане	дретанета
дрискам	-	-	-	-	-	-	дрисках	дриска	дриска	дрискахме	дрискахте	дрискаха	дрисках	дрискаше	дрискаше	дрискахме	дрискахте	дрискаха	дрискаи	дрискаите	дрискаики	дрискал	дрискала	дрискало	дрискали	дрискал	дрискала	дрискало	дрискали	дрискащ	дрискаща	дрискащо	дрискащи	-	-	-	-	дрискане	дрисканета
дробя	дробя	дробиш	дроби	дробим	дробите	дробят	дробих	дроби	дроби	дробихме	дробихте	дробиха	дробях	дробеше	дробеше	дробяхме	дробяхте	дробяха	дроби	дробете	дробеики	дробил	дробила	дробило	дробили	дробял	дробяла	дробяло	дробели	дробящ	дробяща	дробящо	дробящи	дробен	дробена	дробено	дробени	дробене	дробенета
дроча	дроча	дрочиш	дрочи	дрочим	дрочите	дрочат	дрочих	дрочи	дрочи	дрочихме	дрочихте	дрочиха	дрочех	дрочеше	дрочеше	дрочехме	дрочехте	дрочеха	дрочи	дрочете	дрочеики	дрочил	дрочила	дрочило	дрочили	дрочел	дрочела	дрочело	дрочели	дрочещ	дрочеща	дрочещо	дрочещи	-	-	-	-	дрочене	дроченета
другарувам	-	-	-	-	-	-	другарувах	другарува	другарува	другарувахме	другарувахте	другаруваха	другарувах	другаруваше	другаруваше	другарувахме	другарувахте	другаруваха	другаруваи	другаруваите	другаруваики	другарувал	другарувала	другарувало	другарували	другарувал	другарувала	другарувало	другарували	другаруващ	другаруваща	другаруващо	другаруващи	-	-	-	-	другаруване	другаруванета
дружа	дружа	дружиш	дружи	дружим	дружите	дружат	дружих	дружи	дружи	дружихме	дружихте	дружиха	дружах	дружеше	дружеше	дружахме	дружахте	дружаха	дружи	дружете	дружеики	дружил	дружила	дружило	дружили	дружал	дружала	дружало	дружали	дружащ	дружаща	дружащо	дружащи	-	-	-	-	дружене	друженета
друсам	-	-	-	-	-	-	друсах	друса	друса	друсахме	друсахте	друсаха	друсах	друсаше	друсаше	друсахме	друсахте	друсаха	друсаи	друсаите	друсаики	друсал	друсала	друсало	друсали	друсал	друсала	друсало	друсали	друсащ	друсаща	друсащо	друсащи	друсан	друсана	друсано	друсани	друсане	друсанета
дръгна	дръгна	дръгнеш	дръгне	дръгнем	дръгнете	дръгнат	дръгнах	дръгна	дръгна	дръгнахме	дръгнахте	дръгнаха	дръгнех	дръгнеше	дръгнеше	дръгнехме	дръгнехте	дръгнеха	дръгни	дръгнете	-	дръгнал	дръгнала	дръгнало	дръгнали	дръгнел	дръгнела	дръгнело	дръгнели	-	-	-	-	дръгнат	дръгната	дръгнато	дръгнати	-	-
дръзвам	-	-	-	-	-	-	дръзвах	дръзва	дръзва	дръзвахме	дръзвахте	дръзваха	дръзвах	дръзваше	дръзваше	дръзвахме	дръзвахте	дръзваха	дръзваи	дръзваите	дръзваики	дръзвал	дръзвала	дръзвало	дръзвали	дръзвал	дръзвала	дръзвало	дръзвали	дръзващ	дръзваща	дръзващо	дръзващи	-	-	-	-	дръзване	дръзванета
дръзна	дръзна	дръзнеш	дръзне	дръзнем	дръзнете	дръзнат	дръзнах	дръзна	дръзна	дръзнахме	дръзнахте	дръзнаха	дръзнех	дръзнеше	дръзнеше	дръзнехме	дръзнехте	дръзнеха	дръзни	дръзнете	-	дръзнал	дръзнала	дръзнало	дръзнали	дръзнел	дръзнела	дръзнело	дръзнели	-	-	-	-	дръзнат	дръзната	дръзнато	дръзнати	-	-
дрънкам	-	-	-	-	-	-	дрънках	дрънка	дрънка	дрънкахме	дрънкахте	дрънкаха	дрънках	дрънкаше	дрънкаше	дрънкахме	дрънкахте	дрънкаха	дрънкаи	дрънкаите	дрънкаики	дрънкал	дрънкала	дрънкало	дрънкали	дрънкал	дрънкала	дрънкало	дрънкали	дрънкащ	дрънкаща	дрънкащо	дрънкащи	-	-	-	-	дрънкане	дрънканета
дрънча	дрънча	дрънчиш	дрънчи	дрънчим	дрънчите	дрънчат	дрънчах	дрънча	дрънча	дрънчахме	дрънчахте	дрънчаха	дрънчах	дрънчеше	дрънчеше	дрънчахме	дрънчахте	дрънчаха	дрънчи	дрънчете	дрънчеики	дрънчал	дрънчала	дрънчало	дрънчали	дрънчал	дрънчала	дрънчало	дрънчали	дрънчащ	дрънчаща	дрънчащо	дрънчащи	-	-	-	-	дрънчане	дрънчанета
дръпвам	-	-	-	-	-	-	дръпвах	дръпва	дръпва	дръпвахме	дръпвахте	дръпваха	дръпвах	дръпваше	дръпваше	дръпвахме	дръпвахте	дръпваха	дръпваи	дръпваите	дръпваики	дръпвал	дръпвала	дръпвало	дръпвали	дръпвал	дръпвала	дръпвало	дръпвали	дръпващ	дръпваща	дръпващо	дръпващи	дръпван	дръпвана	дръпвано	дръпвани	дръпване	дръпванета
дръпна	дръпна	дръпнеш	дръпне	дръпнем	дръпнете	дръпнат	дръпнах	дръпна	дръпна	дръпнахме	дръпнахте	дръпнаха	дръпнех	дръпнеше	дръпнеше	дръпнехме	дръпнехте	дръпнеха	дръпни	дръпнете	-	дръпнал	дръпнала	дръпнало	дръпнали	дръпнел	дръпнела	дръпнело	дръпнели	-	-	-	-	дръпнат	дръпната	дръпнато	дръпнати	-	-
думам	-	-	-	-	-	-	думах	дума	дума	думахме	думахте	думаха	думах	думаше	думаше	думахме	думахте	думаха	думаи	думаите	думаики	думал	думала	думало	думали	думал	думала	думало	думали	думащ	думаща	думащо	думащи	думан	думана	думано	думани	думане	думанета
дупча	дупча	дупчиш	дупчи	дупчим	дупчите	дупчат	дупчих	дупчи	дупчи	дупчихме	дупчихте	дупчиха	дупчех	дупчеше	дупчеше	дупчехме	дупчехте	дупчеха	дупчи	дупчете	дупчеики	дупчил	дупчила	дупчило	дупчили	дупчел	дупчела	дупчело	дупчели	дупчещ	дупчеща	дупчещо	дупчещи	дупчен	дупчена	дупчено	дупчени	дупчене	дупченета
духам	-	-	-	-	-	-	духах	духа	духа	духахме	духахте	духаха	духах	духаше	духаше	духахме	духахте	духаха	духаи	духаите	духаики	духал	духала	духало	духали	духал	духала	духало	духали	духащ	духаща	духащо	духащи	духан	духана	духано	духани	духане	духанета
духна	духна	духнеш	духне	духнем	духнете	духнат	духнах	духна	духна	духнахме	духнахте	духнаха	духнех	духнеше	духнеше	духнехме	духнехте	духнеха	духни	духнете	-	духнал	духнала	духнало	духнали	духнел	духнела	духнело	духнели	-	-	-	-	духнат	духната	духнато	духнати	-	-
душа	душа	душиш	души	душим	душите	душат	душих	души	души	душихме	душихте	душиха	душах	душеше	душеше	душахме	душахте	душаха	души	душете	душеики	душил	душила	душило	душили	душал	душала	душало	душали	душащ	душаща	душащо	душащи	душен	душена	душено	душени	душене	душенета
дуя	дуя	дуеш	дуе	дуем	дуете	дуят	дух	ду	ду	духме	духте	духа	дуех	дуеше	дуеше	дуехме	дуехте	дуеха	дуи	дуите	дуеики	дул	дула	дуло	дули	дуел	дуела	дуело	дуели	дуещ	дуеща	дуещо	дуещи	дут	дута	дуто	дути	дуене	дуенета
дъвча	дъвча	дъвчеш	дъвче	дъвчем	дъвчете	дъвчат	дъвках	дъвка	дъвка	дъвкахме	дъвкахте	дъвкаха	дъвчех	дъвчеше	дъвчеше	дъвчехме	дъвчехте	дъвчеха	дъвчи	дъвчете	дъвчейки	дъвкал	дъвкала	дъвкало	дъвкали	дъвчел	дъвчела	дъвчело	дъвчели	дъвчещ	дъвчеща	дъвчещо	дъвчещи	дъвкан	дъвкана	дъвкано	дъвкани	дъвкане	дъвкания-нета
дълбая	дълбая	дълбаеш	дълбае	дълбаем	дълбаете	дълбаят	дълбах	дълба	дълба	дълбахме	дълбахте	дълбаха	дълбаех	дълбаеше	дълбаеше	дълбаехме	дълбаехте	дълбаеха	дълбаи	дълбаите	дълбаеики	дълбал	дълбала	дълбало	дълбали	дълбаел	дълбаела	дълбаело	дълбаели	дълбаещ	дълбаеща	дълбаещо	дълбаещи	дълбан	дълбана	дълбано	дълбани	дълбаене	дълбаенета
дължа	дължа	дължиш	дължи	дължим	дължите	дължат	дължах	дължа	дължа	дължахме	дължахте	дължаха	дължах	дължеше	дължеше	дължахме	дължахте	дължаха	дължи	дължете	дължеики	дължал	дължала	дължало	дължали	дължал	дължала	дължало	дължали	дължащ	дължаща	дължащо	дължащи	дължан	дължана	дължано	дължани	дължене	дълженета
дъргам	-	-	-	-	-	-	дъргах	дърга	дърга	дъргахме	дъргахте	дъргаха	дъргах	дъргаше	дъргаше	дъргахме	дъргахте	дъргаха	дъргаи	дъргаите	дъргаики	дъргал	дъргала	дъргало	дъргали	дъргал	дъргала	дъргало	дъргали	дъргащ	дъргаща	дъргащо	дъргащи	дърган	дъргана	дъргано	дъргани	дъргане	дърганета
дърдоря	дърдоря	дърдориш	дърдори	дърдорим	дърдорите	дърдорят	дърдорих	дърдори	дърдори	дърдорихме	дърдорихте	дърдориха	дърдорех	дърдореше	дърдореше	дърдорехме	дърдорехте	дърдореха	дърдори	дърдорете	дърдореики	дърдорил	дърдорила	дърдорило	дърдорили	дърдорел	дърдорела	дърдорело	дърдорели	дърдорещ	дърдореща	дърдорещо	дърдорещи	-	-	-	-	дърдорене	дърдоренета
държа	държа	държиш	държи	държим	държите	държат	държах	държа	държа	държахме	държахте	държаха	държах	държеше	държеше	държахме	държахте	държаха	дръж	дръжте	държеики	държал	държала	държало	държали	държал	държала	държало	държали	държащ	държаща	държащо	държащи	държан	държана	държано	държани	държане	държанета
дързам	-	-	-	-	-	-	дързах	дърза	дърза	дързахме	дързахте	дързаха	дързах	дързаше	дързаше	дързахме	дързахте	дързаха	дързаи	дързаите	дързаики	дързал	дързала	дързало	дързали	дързал	дързала	дързало	дързали	дързащ	дързаща	дързащо	дързащи	дързан	дързана	дързано	дързани	дързане	дързанета
дърпам	-	-	-	-	-	-	дърпах	дърпа	дърпа	дърпахме	дърпахте	дърпаха	дърпах	дърпаше	дърпаше	дърпахме	дърпахте	дърпаха	дърпаи	дърпаите	дърпаики	дърпал	дърпала	дърпало	дърпали	дърпал	дърпала	дърпало	дърпали	дърпащ	дърпаща	дърпащо	дърпащи	дърпан	дърпана	дърпано	дърпани	дърпане	дърпанета
дъртея	дъртея	дъртееш	дъртее	дъртеем	дъртеете	дъртеят	дъртях	дъртя	дъртя	дъртяхме	дъртяхте	дъртяха	дъртеех	дъртееше	дъртееше	дъртеехме	дъртеехте	дъртееха	дъртеи	дъртеите	дъртееики	дъртял	дъртяла	дъртяло	дъртели	дъртеел	дъртеела	дъртеело	дъртеели	дъртеещ	дъртееща	дъртеещо	дъртеещи	-	-	-	-	дъртеене	дъртеенета
дърцам	-	-	-	-	-	-	дърцах	дърца	дърца	дърцахме	дърцахте	дърцаха	дърцах	дърцаше	дърцаше	дърцахме	дърцахте	дърцаха	дърцаи	дърцаите	дърцаики	дърцал	дърцала	дърцало	дърцали	дърцал	дърцала	дърцало	дърцали	дърцащ	дърцаща	дърцащо	дърцащи	дърцан	дърцана	дърцано	дърцани	дърцане	дърцанета
дъхам	-	-	-	-	-	-	дъхах	дъха	дъха	дъхахме	дъхахте	дъхаха	дъхах	дъхаше	дъхаше	дъхахме	дъхахте	дъхаха	дъхаи	дъхаите	дъхаики	дъхал	дъхала	дъхало	дъхали	дъхал	дъхала	дъхало	дъхали	дъхащ	дъхаща	дъхащо	дъхащи	-	-	-	-	дъхане	дъханета
дъхвам	-	-	-	-	-	-	дъхвах	дъхва	дъхва	дъхвахме	дъхвахте	дъхваха	дъхвах	дъхваше	дъхваше	дъхвахме	дъхвахте	дъхваха	дъхваи	дъхваите	дъхваики	дъхвал	дъхвала	дъхвало	дъхвали	дъхвал	дъхвала	дъхвало	дъхвали	дъхващ	дъхваща	дъхващо	дъхващи	дъхван	дъхвана	дъхвано	дъхвани	дъхване	дъхванета
дъхна	дъхна	дъхнеш	дъхне	дъхнем	дъхнете	дъхнат	дъхнах	дъхна	дъхна	дъхнахме	дъхнахте	дъхнаха	дъхнех	дъхнеше	дъхнеше	дъхнехме	дъхнехте	дъхнеха	дъхни	дъхнете	-	дъхнал	дъхнала	дъхнало	дъхнали	дъхнел	дъхнела	дъхнело	дъхнели	-	-	-	-	дъхнат	дъхната	дъхнато	дъхнати	-	-
дябам	-	-	-	-	-	-	дябах	дяба	дяба	дябахме	дябахте	дябаха	дябах	дябаше	дябаше	дябахме	дябахте	дябаха	дябаи	дябаите	дябаики	дябал	дябала	дябало	дябали	дябал	дябала	дябало	дябали	дябащ	дябаща	дябащо	дябащи	-	-	-	-	дябане	дябанета
дявам	-	-	-	-	-	-	дявах	дява	дява	дявахме	дявахте	дяваха	дявах	дяваше	дяваше	дявахме	дявахте	дяваха	дяваи	дяваите	дяваики	дявал	дявала	дявало	дявали	дявал	дявала	дявало	дявали	дяващ	дяваща	дяващо	дяващи	дяван	дявана	дявано	дявани	дяване	дяванета
дялам	-	-	-	-	-	-	дялах	дяла	дяла	дялахме	дялахте	дялаха	дялах	дялаше	дялаше	дялахме	дялахте	дялаха	дялаи	дялаите	дялаики	дялал	дялала	дялало	дялали	дялал	дялала	дялало	дялали	дялащ	дялаща	дялащо	дялащи	дялан	дялана	дялано	дялани	дялане	дяланета
дялкам	-	-	-	-	-	-	дялках	дялка	дялка	дялкахме	дялкахте	дялкаха	дялках	дялкаше	дялкаше	дялкахме	дялкахте	дялкаха	дялкаи	дялкаите	дялкаики	дялкал	дялкала	дялкало	дялкали	дялкал	дялкала	дялкало	дялкали	дялкащ	дялкаща	дялкащо	дялкащи	дялкан	дялкана	дялкано	дялкани	дялкане	дялканета
дяна	дяна	денеш	дене	денем	денете	дянат	денах	дена	дена	денахме	денахте	денаха	денех	денеше	денеше	денехме	денехте	денеха	дени	денете	дянеики	денал	денала	денало	денали	денел	денела	денело	денели	денещ	денеща	денещо	денещи	дянат	дяната	дянато	дянати	денене	дененета
еба	еба	ебеш	ебе	ебем	ебете	ебат	ебах	еба	еба	ебахме	ебахте	ебаха	ебях	ебеше	ебеше	ебяхме	ебяхте	ебяха	еби	ебете	ебеики	ебал	ебала	ебало	ебали	ебял	ебяла	ебяло	ебели	ебящ	ебяща	ебящо	ебящи	ебан	ебана	ебано	ебани	ебане	ебанета
еволюирам	-	-	-	-	-	-	еволюирах	еволюира	еволюира	еволюирахме	еволюирахте	еволюираха	еволюирах	еволюираше	еволюираше	еволюирахме	еволюирахте	еволюираха	еволюираи	еволюираите	еволюираики	еволюирал	еволюирала	еволюирало	еволюирали	еволюирал	еволюирала	еволюирало	еволюирали	еволюиращ	еволюираща	еволюиращо	еволюиращи	-	-	-	-	еволюиране	еволюиранета
експериментирам	-	-	-	-	-	-	експериментирах	експериментира	експериментира	експериментирахме	експериментирахте	експериментираха	експериментирах	експериментираше	експериментираше	експериментирахме	експериментирахте	експериментираха	експериментираи	експериментираите	експериментираики	експериментирал	експериментирала	експериментирало	експериментирали	експериментирал	експериментирала	експериментирало	експериментирали	експериментиращ	експериментираща	експериментиращо	експериментиращи	експериментиран	експериментирана	експериментирано	експериментирани	експериментиране	експериментиранета
емвам	-	-	-	-	-	-	емвах	емва	емва	емвахме	емвахте	емваха	емвах	емваше	емваше	емвахме	емвахте	емваха	емваи	емваите	емваики	емвал	емвала	емвало	емвали	емвал	емвала	емвало	емвали	емващ	емваща	емващо	емващи	емван	емвана	емвано	емвани	емване	емванета
емна	емна	емнеш	емне	емнем	емнете	емнат	емнах	емна	емна	емнахме	емнахте	емнаха	емнех	емнеше	емнеше	емнехме	емнехте	емнеха	емни	емнете	-	емнал	емнала	емнало	емнали	емнел	емнела	емнело	емнели	-	-	-	-	емнат	емната	емнато	емнати	-	-
етикетирам	-	-	-	-	-	-	етикетирах	етикетира	етикетира	етикетирахме	етикетирахте	етикетираха	етикетирах	етикетираше	етикетираше	етикетирахме	етикетирахте	етикетираха	етикетираи	етикетираите	етикетираики	етикетирал	етикетирала	етикетирало	етикетирали	етикетирал	етикетирала	етикетирало	етикетирали	етикетиращ	етикетираща	етикетиращо	етикетиращи	етикетиран	етикетирана	етикетирано	етикетирани	етикетиране	етикетиранета
ехтя	ехтя	ехтиш	ехти	ехтим	ехтите	ехтят	ехтях	ехтя	ехтя	ехтяхме	ехтяхте	ехтяха	ехтях	ехтеше	ехтеше	ехтяхме	ехтяхте	ехтяха	ехти	ехтете	ехтеики	ехтял	ехтяла	ехтяло	ехтели	ехтял	ехтяла	ехтяло	ехтели	ехтящ	ехтяща	ехтящо	ехтящи	-	-	-	-	ехтене	ехтенета
еча	еча	ечиш	ечи	ечим	ечите	ечат	ечах	еча	еча	ечахме	ечахте	ечаха	ечах	ечеше	ечеше	ечахме	ечахте	ечаха	ечи	ечете	ечеики	ечал	ечала	ечало	ечали	ечал	ечала	ечало	ечали	ечащ	ечаща	ечащо	ечащи	-	-	-	-	ечане	ечанета
жабуркам	-	-	-	-	-	-	жабурках	жабурка	жабурка	жабуркахме	жабуркахте	жабуркаха	жабурках	жабуркаше	жабуркаше	жабуркахме	жабуркахте	жабуркаха	жабуркаи	жабуркаите	жабуркаики	жабуркал	жабуркала	жабуркало	жабуркали	жабуркал	жабуркала	жабуркало	жабуркали	жабуркащ	жабуркаща	жабуркащо	жабуркащи	жабуркан	жабуркана	жабуркано	жабуркани	жабуркане	жабурканета
жабуря	жабуря	жабуриш	жабури	жабурим	жабурите	жабурят	жабурих	жабури	жабури	жабурихме	жабурихте	жабуриха	жабурех	жабуреше	жабуреше	жабурехме	жабурехте	жабуреха	жабури	жабурете	жабуреики	жабурил	жабурила	жабурило	жабурили	жабурел	жабурела	жабурело	жабурели	жабурещ	жабуреща	жабурещо	жабурещи	-	-	-	-	жабурене	жабуренета
жабя	жабя	жабиш	жаби	жабим	жабите	жабят	жабих	жаби	жаби	жабихме	жабихте	жабиха	жабех	жабеше	жабеше	жабехме	жабехте	жабеха	жаби	жабете	жабеики	жабил	жабила	жабило	жабили	жабел	жабела	жабело	жабели	жабещ	жабеща	жабещо	жабещи	жабен	жабена	жабено	жабени	жабене	жабенета
жаднея	жаднея	жаднееш	жаднее	жаднеем	жаднеете	жаднеят	жаднях	жадня	жадня	жадняхме	жадняхте	жадняха	жаднеех	жаднееше	жаднееше	жаднеехме	жаднеехте	жаднееха	жаднеи	жаднеите	жаднееики	жаднял	жадняла	жадняло	жаднели	жаднеел	жаднеела	жаднеело	жаднеели	жаднеещ	жаднееща	жаднеещо	жаднеещи	-	-	-	-	жаднеене	жаднеенета
жаждя	жаждя	жаждиш	жажди	жаждим	жаждите	жаждят	жаждих	жажди	жажди	жаждихме	жаждихте	жаждиха	жаждех	жаждеше	жаждеше	жаждехме	жаждехте	жаждеха	жажди	жаждете	жаждеики	жаждил	жаждила	жаждило	жаждели	жаждел	жаждела	жаждело	жаждели	жаждещ	жаждеща	жаждещо	жаждещи	-	-	-	-	жаждене	жажденета
жалея	жалея	жалееш	жалее	жалеем	жалеете	жалеят	жалеях	жалея	жалея	жалеяхме	жалеяхте	жалеяха	жалеех	жалееше	жалееше	жалеехме	жалеехте	жалееха	жалеи	жалеите	жалееики	жалеял	жалеяла	жалеяло	жалеяли	жалеел	жалеела	жалеело	жалеели	жалеещ	жалееща	жалеещо	жалеещи	-	-	-	-	жалеене	жалеенета
жаля	жаля	жалиш	жали	жалим	жалите	жалят	жалих	жали	жали	жалихме	жалихте	жалиха	жалех	жалеше	жалеше	жалехме	жалехте	жалеха	жали	жалете	жалеики	жалил	жалила	жалило	жалили	жалел	жалела	жалело	жалели	жалещ	жалеща	жалещо	жалещи	-	-	-	-	жалене	жаленета
жарвам	-	-	-	-	-	-	жарвах	жарва	жарва	жарвахме	жарвахте	жарваха	жарвах	жарваше	жарваше	жарвахме	жарвахте	жарваха	жарваи	жарваите	жарваики	жарвал	жарвала	жарвало	жарвали	жарвал	жарвала	жарвало	жарвали	жарващ	жарваща	жарващо	жарващи	жарван	жарвана	жарвано	жарвани	жарване	жарванета
жаря	жаря	жариш	жари	жарим	жарите	жарят	жарих	жари	жари	жарихме	жарихте	жариха	жарех	жареше	жареше	жарехме	жарехте	жареха	жари	жарете	жареики	жарил	жарила	жарило	жарили	жарел	жарела	жарело	жарели	жарещ	жареща	жарещо	жарещи	жарен	жарена	жарено	жарени	жарене	жаренета
жвакам	-	-	-	-	-	-	жваках	жвака	жвака	жвакахме	жвакахте	жвакаха	жваках	жвакаше	жвакаше	жвакахме	жвакахте	жвакаха	жвакаи	жвакаите	жвакаики	жвакал	жвакала	жвакало	жвакали	жвакал	жвакала	жвакало	жвакали	жвакащ	жвакаща	жвакащо	жвакащи	жвакан	жвакана	жвакано	жвакани	жвакане	жваканета
жвача	жвача	жвачеш	жваче	жвачем	жвачете	жвачат	жваках	жвака	жвака	жвакахме	жвакахте	жвакаха	жвачех	жвачеше	жвачеше	жвачехме	жвачехте	жвачеха	жвачи	жвачете	жвачеики	жвакал	жвакала	жвакало	жвакали	жвачел	жвачела	жвачело	жвачели	жвачещ	жвачеща	жвачещо	жвачещи	-	-	-	-	жвакане	жваканета
жда	жда	ждеш	жде	ждем	ждете	ждат	ждах	жда	жда	ждахме	ждахте	ждаха	ждях	ждеше	ждеше	ждяхме	ждяхте	ждяха	жди	ждете	ждеики	ждал	ждала	ждало	ждали	ждял	ждяла	ждяло	ждели	ждящ	ждяща	ждящо	ждящи	ждан	ждана	ждано	ждани	ждене	жденета
жегвам	-	-	-	-	-	-	жегвах	жегва	жегва	жегвахме	жегвахте	жегваха	жегвах	жегваше	жегваше	жегвахме	жегвахте	жегваха	жегваи	жегваите	жегваики	жегвал	жегвала	жегвало	жегвали	жегвал	жегвала	жегвало	жегвали	жегващ	жегваща	жегващо	жегващи	жегван	жегвана	жегвано	жегвани	жегване	жегванета
жегна	жегна	жегнеш	жегне	жегнем	жегнете	жегнат	жегнах	жегна	жегна	жегнахме	жегнахте	жегнаха	жегнех	жегнеше	жегнеше	жегнехме	жегнехте	жегнеха	жегни	жегнете	-	жегнал	жегнала	жегнало	жегнали	жегнел	жегнела	жегнело	жегнели	-	-	-	-	жегнат	жегната	жегнато	жегнати	-	-
желая	желая	желаеш	желае	желаем	желаете	желаят	желах	жела	жела	желахме	желахте	желаха	желаех	желаеше	желаеше	желаехме	желаехте	желаеха	желай	желайте	желаейки	желал	желала	желало	желали	желаел	желаела	желаело	желаели	желаещ	желаеща	желаещо	желаещи	желан	желана	желано	желани	желане	желания-нета
жена	жена	женеш	жене	женем	женете	женат	женах	жена	жена	женахме	женахте	женаха	женех	женеше	женеше	женехме	женехте	женеха	жени	женете	женеики	женал	женала	женало	женали	женел	женела	женело	женели	женещ	женеща	женещо	женещи	женат	жената	женато	женати	женене	жененета
живея	живея	живееш	живее	живеем	живеете	живеят	живях	живя	живя	живяхме	живяхте	живяха	живеех	живееше	живееше	живеехме	живеехте	живееха	живей	живейте	живеейки	живял	живяла	живяло	живели	живеел	живеела	живеело	живеели	живеещ	живееща	живеещо	живеещи	живян	живяна	живяно	живени	живеене	живеения-нета
жигосам	-	-	-	-	-	-	жигосах	жигоса	жигоса	жигосахме	жигосахте	жигосаха	жигосах	жигосаше	жигосаше	жигосахме	жигосахте	жигосаха	жигосаи	жигосаите	-	жигосал	жигосала	жигосало	жигосали	жигосал	жигосала	жигосало	жигосали	-	-	-	-	жигосан	жигосана	жигосано	жигосани	-	-
жигосвам	-	-	-	-	-	-	жигосвах	жигосва	жигосва	жигосвахме	жигосвахте	жигосваха	жигосвах	жигосваше	жигосваше	жигосвахме	жигосвахте	жигосваха	жигосваи	жигосваите	жигосваики	жигосвал	жигосвала	жигосвало	жигосвали	жигосвал	жигосвала	жигосвало	жигосвали	жигосващ	жигосваща	жигосващо	жигосващи	жигосван	жигосвана	жигосвано	жигосвани	жигосване	жигосванета
жикам	-	-	-	-	-	-	жиках	жика	жика	жикахме	жикахте	жикаха	жиках	жикаше	жикаше	жикахме	жикахте	жикаха	жикаи	жикаите	жикаики	жикал	жикала	жикало	жикали	жикал	жикала	жикало	жикали	жикащ	жикаща	жикащо	жикащи	жикан	жикана	жикано	жикани	жикане	жиканета
жиля	жиля	жилиш	жили	жилим	жилите	жилят	жилих	жили	жили	жилихме	жилихте	жилиха	жилех	жилеше	жилеше	жилехме	жилехте	жилеха	жили	жилете	жилеики	жилил	жилила	жилило	жилили	жилел	жилела	жилело	жилели	жилещ	жилеща	жилещо	жилещи	жилен	жилена	жилено	жилени	жилене	жиленета
жмия	жмия	жмиеш	жмие	жмием	жмиете	жмият	жмих	жми	жми	жмихме	жмихте	жмиха	жмиех	жмиеше	жмиеше	жмиехме	жмиехте	жмиеха	жмии	жмиите	жмиеики	жмил	жмила	жмило	жмили	жмиел	жмиела	жмиело	жмиели	жмиещ	жмиеща	жмиещо	жмиещи	жмит	жмита	жмито	жмити	жмиене	жмиенета
жния	жния	жниеш	жние	жнием	жниете	жният	жних	жни	жни	жнихме	жнихте	жниха	жниех	жниеше	жниеше	жниехме	жниехте	жниеха	жнии	жниите	жниеики	жнил	жнила	жнило	жнили	жниел	жниела	жниело	жниели	жниещ	жниеща	жниещо	жниещи	жнит	жнита	жнито	жнити	жниене	жниенета
жрея	жрея	жрееш	жрее	жреем	жреете	жреят	жрях	жря	жря	жряхме	жряхте	жряха	жреех	жрееше	жрееше	жреехме	жреехте	жрееха	жреи	жреите	жрееики	жрял	жряла	жряло	жрели	жреел	жреела	жреело	жреели	жреещ	жрееща	жреещо	жреещи	-	-	-	-	жреене	жреенета
жугам	-	-	-	-	-	-	жугах	жуга	жуга	жугахме	жугахте	жугаха	жугах	жугаше	жугаше	жугахме	жугахте	жугаха	жугаи	жугаите	жугаики	жугал	жугала	жугало	жугали	жугал	жугала	жугало	жугали	жугащ	жугаща	жугащо	жугащи	жуган	жугана	жугано	жугани	жугане	жуганета
жудя	жудя	жудиш	жуди	жудим	жудите	жудят	жудих	жуди	жуди	жудихме	жудихте	жудиха	жудех	жудеше	жудеше	жудехме	жудехте	жудеха	жуди	жудете	жудеики	жудил	жудила	жудило	жудили	жудел	жудела	жудело	жудели	жудещ	жудеща	жудещо	жудещи	-	-	-	-	жудене	жуденета
жужа	жужа	жужиш	жужи	жужим	жужите	жужат	жужах	жужа	жужа	жужахме	жужахте	жужаха	жужах	жужеше	жужеше	жужахме	жужахте	жужаха	жужи	жужете	жужеики	жужал	жужала	жужало	жужали	жужал	жужала	жужало	жужали	жужащ	жужаща	жужащо	жужащи	-	-	-	-	жужане	жужанета
жужукам	-	-	-	-	-	-	жужуках	жужука	жужука	жужукахме	жужукахте	жужукаха	жужуках	жужукаше	жужукаше	жужукахме	жужукахте	жужукаха	жужукаи	жужукаите	жужукаики	жужукал	жужукала	жужукало	жужукали	жужукал	жужукала	жужукало	жужукали	жужукащ	жужукаща	жужукащо	жужукащи	-	-	-	-	жужукане	жужуканета
жуля	жуля	жулиш	жули	жулим	жулите	жулят	жулих	жули	жули	жулихме	жулихте	жулиха	жулех	жулеше	жулеше	жулехме	жулехте	жулеха	жули	жулете	жулеики	жулил	жулила	жулило	жулили	жулел	жулела	жулело	жулели	жулещ	жулеща	жулещо	жулещи	-	-	-	-	жулене	жуленета
жумя	жумя	жумиш	жуми	жумим	жумите	жумят	жумях	жумя	жумя	жумяхме	жумяхте	жумяха	жумях	жумеше	жумеше	жумяхме	жумяхте	жумяха	жуми	жумете	жумеики	жумял	жумяла	жумяло	жумели	жумял	жумяла	жумяло	жумели	жумящ	жумяща	жумящо	жумящи	-	-	-	-	жумене	жуменета
жупя	жупя	жупиш	жупи	жупим	жупите	жупят	жупих	жупи	жупи	жупихме	жупихте	жупиха	жупех	жупеше	жупеше	жупехме	жупехте	жупеха	жупи	жупете	жупеики	жупил	жупила	жупило	жупили	жупел	жупела	жупело	жупели	жупещ	жупеща	жупещо	жупещи	-	-	-	-	жупене	жупенета
журя	журя	журиш	жури	журим	журите	журят	журих	жури	жури	журихме	журихте	журиха	журех	журеше	журеше	журехме	журехте	журеха	жури	журете	журеики	журил	журила	журило	журили	журел	журела	журело	журели	журещ	журеща	журещо	журещи	журен	журена	журено	журени	журене	журенета
жъна	жъна	жънеш	жъне	жънем	жънете	жънат	жънах	жъна	жъна	жънахме	жънахте	жънаха	жънех	жънеше	жънеше	жънехме	жънехте	жънеха	жъни	жънете	жънеики	жънал	жънала	жънало	жънали	жънел	жънела	жънело	жънели	жънещ	жънеща	жънещо	жънещи	жънат	жъната	жънато	жънати	жънене	жъненета
забавя	забавя	забавиш	забави	забавим	забавите	забавят	забавих	забави	забави	забавихме	забавихте	забавиха	забавех	забавеше	забавеше	забавехме	забавехте	забавеха	забави	забавете	-	забавил	забавила	забавило	забавили	забавел	забавела	забавело	забавели	-	-	-	-	забавен	забавена	забавено	забавени	-	-
забележа	забележа	забележиш	забележи	забележим	забележите	забележат	забелязах	забеляза	забеляза	забелязахме	забелязахте	забелязаха	забележех	забележеше	забележеше	забележехме	забележехте	забележеха	забележи	забележете	-	забелязал	забелязала	забелязало	забелязали	забележел	забележела	забележело	забележели	-	-	-	-	забелязан	забелязана	забелязано	забелязани	-	-
забелязвам	-	-	-	-	-	-	забелязвах	забелязва	забелязва	забелязвахме	забелязвахте	забелязваха	забелязвах	забелязваше	забелязваше	забелязвахме	забелязвахте	забелязваха	забелязваи	забелязваите	забелязваики	забелязвал	забелязвала	забелязвало	забелязвали	забелязвал	забелязвала	забелязвало	забелязвали	забелязващ	забелязваща	забелязващо	забелязващи	забелязван	забелязвана	забелязвано	забелязвани	забелязване	забелязванета
забера	забера	забереш	забере	заберем	заберете	заберат	забрах	забра	забра	забрахме	забрахте	забраха	заберях	забереше	забереше	заберяхме	заберяхте	заберяха	забери	заберете	-	забрал	забрала	забрало	забрали	заберял	заберяла	заберяло	заберели	-	-	-	-	-	-	-	-	-	-
забивам	-	-	-	-	-	-	забивах	забива	забива	забивахме	забивахте	забиваха	забивах	забиваше	забиваше	забивахме	забивахте	забиваха	забиваи	забиваите	забиваики	забивал	забивала	забивало	забивали	забивал	забивала	забивало	забивали	забиващ	забиваща	забиващо	забиващи	забиван	забивана	забивано	забивани	забиване	забиванета
забода	забода	забодеш	забоде	забодем	забодете	забодат	забодох	забоде	забоде	забодохме	забодохте	забодоха	забодях	забодеше	забодеше	забодяхме	забодяхте	забодяха	забоди	забодете	-	забол	забола	заболо	заболи	забодял	забодяла	забодяло	забодели	-	-	-	-	забоден	забодена	забодено	забодени	-	-
забождам	-	-	-	-	-	-	забождах	забожда	забожда	забождахме	забождахте	забождаха	забождах	забождаше	забождаше	забождахме	забождахте	забождаха	забождай	забождайте	забождайки	забождал	забождала	забождало	забождали	забождал	забождала	забождало	забождали	забождащ	забождаща	забождащо	забождащи	забождан	забождана	забождано	забождани	забождане	забождания-нета
забравя	забравя	забравиш	забрави	забравим	забравите	забравят	забравих	забрави	забрави	забравихме	забравихте	забравиха	забравех	забравеше	забравеше	забравехме	забравехте	забравеха	забрави	забравете	-	забравил	забравила	забравило	забравили	забравел	забравела	забравело	забравели	-	-	-	-	забравен	забравена	забравено	забравени	-	-
забравям	-	-	-	-	-	-	забравях	забравя	забравя	забравяхме	забравяхте	забравяха	забравях	забравяше	забравяше	забравяхме	забравяхте	забравяха	забравяй	забравяйте	забравяйки	забравял	забравяла	забравяло	забравяли	забравял	забравяла	забравяло	забравяли	забравящ	забравяща	забравящо	забравящи	забравян	забравяна	забравяно	забравяни	забравяне	забравяния-нета
забраня	забраня	забраниш	забрани	забраним	забраните	забранят	забраних	забрани	забрани	забранихме	забранихте	забраниха	забранях	забранеше	забранеше	забраняхме	забраняхте	забраняха	забрани	забранете	-	забранил	забранила	забранило	забранили	забранял	забраняла	забраняло	забранели	-	-	-	-	забранен	забранена	забранено	забранени	-	-
забранявам	-	-	-	-	-	-	забранявах	забранява	забранява	забранявахме	забранявахте	забраняваха	забранявах	забраняваше	забраняваше	забранявахме	забранявахте	забраняваха	забранявай	забранявайте	забранявайки	забранявал	забранявала	забранявало	забранявали	забранявал	забранявала	забранявало	забранявали	забраняващ	забраняваща	забраняващо	забраняващи	забраняван	забранявана	забранявано	забранявани	забраняване	забранявания-нета
забременея	забременея	забременееш	забременее	забременеем	забременеете	забременеят	забременях	забременя	забременя	забременяхме	забременяхте	забременяха	забременеех	забременееше	забременееше	забременеехме	забременеехте	забременееха	забременей	забременейте	-	забременял	забременяла	забременяло	забременели	забременеел	забременеела	забременеело	забременеели	-	-	-	-	-	-	-	-	-	-
забременявам	-	-	-	-	-	-	забременявах	забременява	забременява	забременявахме	забременявахте	забременяваха	забременявах	забременяваше	забременяваше	забременявахме	забременявахте	забременяваха	забременявай	забременявайте	забременявайки	забременявал	забременявала	забременявало	забременявали	забременявал	забременявала	забременявало	забременявали	забременяващ	забременяваща	забременяващо	забременяващи	-	-	-	-	забременяване	забременявания-нета
забъркам	-	-	-	-	-	-	забърках	забърка	забърка	забъркахме	забъркахте	забъркаха	забърках	забъркаше	забъркаше	забъркахме	забъркахте	забъркаха	забъркаи	забъркаите	-	забъркал	забъркала	забъркало	забъркали	забъркал	забъркала	забъркало	забъркали	-	-	-	-	забъркан	забъркана	забъркано	забъркани	-	-
заваря	заваря	завариш	завари	заварим	заварите	заварят	заварих	завари	завари	заварихме	заварихте	завариха	заварях	завареше	завареше	заваряхме	заваряхте	заваряха	завари	заварете	-	заварил	заварила	заварило	заварили	заварял	заваряла	заваряло	заварели	-	-	-	-	заварен	заварена	заварено	заварени	-	-
заведа	заведа	заведеш	заведе	заведем	заведете	заведат	заведох	заведе	заведе	заведохме	заведохте	заведоха	заведях	заведеше	заведеше	заведяхме	заведяхте	заведяха	заведи	заведете	-	завел	завела	завело	завели	заведял	заведяла	заведяло	заведели	-	-	-	-	заведен	заведена	заведено	заведени	-	-
завеждам	-	-	-	-	-	-	завеждах	завежда	завежда	завеждахме	завеждахте	завеждаха	завеждах	завеждаше	завеждаше	завеждахме	завеждахте	завеждаха	завеждай	завеждайте	завеждайки	завеждал	завеждала	завеждало	завеждали	завеждал	завеждала	завеждало	завеждали	завеждащ	завеждаща	завеждащо	завеждащи	завеждан	завеждана	завеждано	завеждани	завеждане	завеждания-нета
заверя	заверя	завериш	завери	заверим	заверите	заверят	заверих	завери	завери	заверихме	заверихте	завериха	заверях	завереше	завереше	заверяхме	заверяхте	заверяха	завери	заверете	-	заверил	заверила	заверило	заверили	заверял	заверяла	заверяло	заверели	-	-	-	-	заверен	заверена	заверено	заверени	-	-
заверявам	-	-	-	-	-	-	заверявах	заверява	заверява	заверявахме	заверявахте	заверяваха	заверявах	заверяваше	заверяваше	заверявахме	заверявахте	заверяваха	заверяваи	заверяваите	заверяваики	заверявал	заверявала	заверявало	заверявали	заверявал	заверявала	заверявало	заверявали	заверяващ	заверяваща	заверяващо	заверяващи	заверяван	заверявана	заверявано	заверявани	заверяване	заверяванета
завехна	завехна	завехнеш	завехне	завехнем	завехнете	завехнат	завехнах	завехна	завехна	завехнахме	завехнахте	завехнаха	завехнех	завехнеше	завехнеше	завехнехме	завехнехте	завехнеха	завехни	завехнете	-	завехнал	завехнала	завехнало	завехнали	завехнел	завехнела	завехнело	завехнели	-	-	-	-	-	-	-	-	-	-
завивам	-	-	-	-	-	-	завивах	завива	завива	завивахме	завивахте	завиваха	завивах	завиваше	завиваше	завивахме	завивахте	завиваха	завиваи	завиваите	завиваики	завивал	завивала	завивало	завивали	завивал	завивала	завивало	завивали	завиващ	завиваща	завиващо	завиващи	завиван	завивана	завивано	завивани	завиване	завиванета
завирам	-	-	-	-	-	-	завирах	завира	завира	завирахме	завирахте	завираха	завирах	завираше	завираше	завирахме	завирахте	завираха	завираи	завираите	завираики	завирал	завирала	завирало	завирали	завирал	завирала	завирало	завирали	завиращ	завираща	завиращо	завиращи	завиран	завирана	завирано	завирани	завиране	завиранета
завия	завия	завиеш	завие	завием	завиете	завият	завих	зави	зави	завихме	завихте	завиха	завиех	завиеше	завиеше	завиехме	завиехте	завиеха	завии	завиите	-	завил	завила	завило	завили	завиел	завиела	завиело	завиели	-	-	-	-	завит	завита	завито	завити	-	-
завлека	завлека	завлечеш	завлече	завлечем	завлечете	завлекат	завлякох	завлече	завлече	завлякохме	завлякохте	завлякоха	завлечах	завлечеше	завлечеше	завлечахме	завлечахте	завлечаха	завлечи	завлечете	-	завлякъл	завлякла	завлякло	завлекли	завлечал	завлечала	завлечало	завлечели	-	-	-	-	завлечен	завлечена	завлечено	завлечени	-	-
завличам	-	-	-	-	-	-	завличах	завлича	завлича	завличахме	завличахте	завличаха	завличах	завличаше	завличаше	завличахме	завличахте	завличаха	завличай	завличайте	завличайки	завличал	завличала	завличало	завличали	завличал	завличала	завличало	завличали	завличащ	завличаща	завличащо	завличащи	завличан	завличана	завличано	завличани	завличане	завличания-нета
завра	завра	завреш	завре	заврем	заврете	заврат	заврях	завря	завря	завряхме	завряхте	завряха	заврях	завреше	завреше	завряхме	завряхте	завряха	заври	заврете	-	заврял	завряла	завряло	заврели	заврял	завряла	завряло	заврели	-	-	-	-	заврян	завряна	завряно	заврени	-	-
завърша	завърша	завършиш	завърши	завършим	завършите	завършат	завърших	завърши	завърши	завършихме	завършихте	завършиха	завършех	завършеше	завършеше	завършехме	завършехте	завършеха	завърши	завършете	-	завършил	завършила	завършило	завършили	завършел	завършела	завършело	завършели	-	-	-	-	завършен	завършена	завършено	завършени	-	-
завършвам	-	-	-	-	-	-	завършвах	завършва	завършва	завършвахме	завършвахте	завършваха	завършвах	завършваше	завършваше	завършвахме	завършвахте	завършваха	завършваи	завършваите	завършваики	завършвал	завършвала	завършвало	завършвали	завършвал	завършвала	завършвало	завършвали	завършващ	завършваща	завършващо	завършващи	завършван	завършвана	завършвано	завършвани	завършване	завършванета
загася	загася	загасиш	загаси	загасим	загасите	загасят	загасих	загаси	загаси	загасихме	загасихте	загасиха	загасях	загасеше	загасеше	загасяхме	загасяхте	загасяха	загаси	загасете	-	загасил	загасила	загасило	загасили	загасял	загасяла	загасяло	загасели	-	-	-	-	загасен	загасена	загасено	загасени	-	-
загивам	-	-	-	-	-	-	загивах	загива	загива	загивахме	загивахте	загиваха	загивах	загиваше	загиваше	загивахме	загивахте	загиваха	загивай	загивайте	загивайки	загивал	загивала	загивало	загивали	загивал	загивала	загивало	загивали	загиващ	загиваща	загиващо	загиващи	-	-	-	-	загиване	загивания-нета
загина	загина	загинеш	загине	загинем	загинете	загинат	загинах	загина	загина	загинахме	загинахте	загинаха	загинех	загинеше	загинеше	загинехме	загинехте	загинеха	загини	загинете	-	загинал	загинала	загинало	загинали	загинел	загинела	загинело	загинели	-	-	-	-	-	-	-	-	-	-
заглъхна	заглъхна	заглъхнеш	заглъхне	заглъхнем	заглъхнете	заглъхнат	заглъхнах	заглъхна	заглъхна	заглъхнахме	заглъхнахте	заглъхнаха	заглъхнех	заглъхнеше	заглъхнеше	заглъхнехме	заглъхнехте	заглъхнеха	заглъхни	заглъхнете	-	заглъхнал	заглъхнала	заглъхнало	заглъхнали	заглъхнел	заглъхнела	заглъхнело	заглъхнели	-	-	-	-	-	-	-	-	-	-
заграбя	заграбя	заграбиш	заграби	заграбим	заграбите	заграбят	заграбих	заграби	заграби	заграбихме	заграбихте	заграбиха	заграбех	заграбеше	заграбеше	заграбехме	заграбехте	заграбеха	заграби	заграбете	-	заграбил	заграбила	заграбило	заграбили	заграбел	заграбела	заграбело	заграбели	-	-	-	-	заграбен	заграбена	заграбено	заграбени	-	-
заградя	заградя	заградиш	загради	заградим	заградите	заградят	заградих	загради	загради	заградихме	заградихте	заградиха	заградях	заградеше	заградеше	заградяхме	заградяхте	заградяха	загради	заградете	-	заградил	заградила	заградило	заградили	заградял	заградяла	заградяло	заградели	-	-	-	-	заграден	заградена	заградено	заградени	-	-
загреба	загреба	загребеш	загребе	загребем	загребете	загребат	загребах	загреба	загреба	загребахме	загребахте	загребаха	загребях	загребеше	загребеше	загребяхме	загребяхте	загребяха	загреби	загребете	-	загребал	загребала	загребало	загребали	загребял	загребяла	загребяло	загребели	-	-	-	-	загребан	загребана	загребано	загребани	-	-
загребвам	-	-	-	-	-	-	загребвах	загребва	загребва	загребвахме	загребвахте	загребваха	загребвах	загребваше	загребваше	загребвахме	загребвахте	загребваха	загребвай	загребвайте	загребвайки	загребвал	загребвала	загребвало	загребвали	загребвал	загребвала	загребвало	загребвали	загребващ	загребваща	загребващо	загребващи	загребван	загребвана	загребвано	загребвани	загребване	загребвания-нета
загубвам	-	-	-	-	-	-	загубвах	загубва	загубва	загубвахме	загубвахте	загубваха	загубвах	загубваше	загубваше	загубвахме	загубвахте	загубваха	загубвай	загубвайте	загубвайки	загубвал	загубвала	загубвало	загубвали	загубвал	загубвала	загубвало	загубвали	загубващ	загубваща	загубващо	загубващи	загубван	загубвана	загубвано	загубвани	загубване	загубвания-нета
загубя	загубя	загубиш	загуби	загубим	загубите	загубят	загубих	загуби	загуби	загубихме	загубихте	загубиха	загубех	загубеше	загубеше	загубехме	загубехте	загубеха	загуби	загубете	-	загубил	загубила	загубило	загубили	загубел	загубела	загубело	загубели	-	-	-	-	загубен	загубена	загубено	загубени	-	-
задавя	задавя	задавиш	задави	задавим	задавите	задавят	задавих	задави	задави	задавихме	задавихте	задавиха	задавех	задавеше	задавеше	задавехме	задавехте	задавеха	задави	задавете	-	задавил	задавила	задавило	задавили	задавел	задавела	задавело	задавели	-	-	-	-	задавен	задавена	задавено	задавени	-	-
задържа	задържа	задържиш	задържи	задържим	задържите	задържат	задържах	задържа	задържа	задържахме	задържахте	задържаха	задържах	задържеше	задържеше	задържахме	задържахте	задържаха	задръж	задръжте	задържеики	задържал	задържала	задържало	задържали	задържал	задържала	задържало	задържали	задържащ	задържаща	задържащо	задържащи	задържан	задържана	задържано	задържани	задържене	задърженета
задържам	-	-	-	-	-	-	задържах	задържа	задържа	задържахме	задържахте	задържаха	задържах	задържаше	задържаше	задържахме	задържахте	задържаха	задържаи	задържаите	задържаики	задържал	задържала	задържало	задържали	задържал	задържала	задържало	задържали	задържащ	задържаща	задържащо	задържащи	задържан	задържана	задържано	задържани	задържане	задържанета
заема	заема	заемеш	заеме	заемем	заемете	заемат	заех	зае	зае	заехме	заехте	заеха	заемех	заемеше	заемеше	заемехме	заемехте	заемеха	заеми	заемете	-	заел	заела	заело	заели	заемел	заемела	заемело	заемели	-	-	-	-	зает	заета	заето	заети	-	-
заемам	-	-	-	-	-	-	заемах	заема	заема	заемахме	заемахте	заемаха	заемах	заемаше	заемаше	заемахме	заемахте	заемаха	заемаи	заемаите	заемаики	заемал	заемала	заемало	заемали	заемал	заемала	заемало	заемали	заемащ	заемаща	заемащо	заемащи	заеман	заемана	заемано	заемани	заемане	заеманета
заида	заида	заидеш	заиде	заидем	заидете	заидат	заидох	заиде	заиде	заидохме	заидохте	заидоха	заидех	заидеше	заидеше	заидехме	заидехте	заидеха	заиди	заидете	-	зашъл	зашла	зашло	зашли	заидел	заидела	заидело	заидели	-	-	-	-	-	-	-	-	-	-
закаля	закаля	закалиш	закали	закалим	закалите	закалят	закалих	закали	закали	закалихме	закалихте	закалиха	закалях	закалеше	закалеше	закаляхме	закаляхте	закаляха	закали	закалете	-	закалил	закалила	закалило	закалили	закалял	закаляла	закаляло	закалели	-	-	-	-	закален	закалена	закалено	закалени	-	-
закача	закача	закачиш	закачи	закачим	закачите	закачат	закачих	закачи	закачи	закачихме	закачихте	закачиха	закачах	закачеше	закачеше	закачахме	закачахте	закачаха	закачи	закачете	-	закачил	закачила	закачило	закачили	закачал	закачала	закачало	закачали	-	-	-	-	закачен	закачена	закачено	закачени	-	-
закачам	-	-	-	-	-	-	закачах	закача	закача	закачахме	закачахте	закачаха	закачах	закачаше	закачаше	закачахме	закачахте	закачаха	закачаи	закачаите	закачаики	закачал	закачала	закачало	закачали	закачал	закачала	закачало	закачали	закачащ	закачаща	закачащо	закачащи	закачан	закачана	закачано	закачани	закачане	закачанета
закова	закова	заковеш	закове	заковем	заковете	заковат	заковах	закова	закова	заковахме	заковахте	заковаха	заковях	заковеше	заковеше	заковяхме	заковяхте	заковяха	закови	заковете	-	заковал	заковала	заковало	заковали	заковял	заковяла	заковяло	заковели	-	-	-	-	закован	закована	заковано	заковани	-	-
заковавам	-	-	-	-	-	-	заковавах	заковава	заковава	заковавахме	заковавахте	заковаваха	заковавах	заковаваше	заковаваше	заковавахме	заковавахте	заковаваха	заковавай	заковавайте	заковавайки	заковавал	заковавала	заковавало	заковавали	заковавал	заковавала	заковавало	заковавали	заковаващ	заковаваща	заковаващо	заковаващи	заковаван	заковавана	заковавано	заковавани	заковаване	заковавания-нета
закупувам	-	-	-	-	-	-	закупувах	закупува	закупува	закупувахме	закупувахте	закупуваха	закупувах	закупуваше	закупуваше	закупувахме	закупувахте	закупуваха	закупувай	закупувайте	закупувайки	закупувал	закупувала	закупувало	закупували	закупувал	закупувала	закупувало	закупували	закупуващ	закупуваща	закупуващо	закупуващи	закупуван	закупувана	закупувано	закупувани	закупуване	закупувания-нета
закупя	закупя	закупиш	закупи	закупим	закупите	закупят	закупих	закупи	закупи	закупихме	закупихте	закупиха	закупех	закупеше	закупеше	закупехме	закупехте	закупеха	закупи	закупете	-	закупил	закупила	закупило	закупили	закупел	закупела	закупело	закупели	-	-	-	-	закупен	закупена	закупено	закупени	-	-
закусвам	-	-	-	-	-	-	закусвах	закусва	закусва	закусвахме	закусвахте	закусваха	закусвах	закусваше	закусваше	закусвахме	закусвахте	закусваха	закусвай	закусвайте	закусвайки	закусвал	закусвала	закусвало	закусвали	закусвал	закусвала	закусвало	закусвали	закусващ	закусваща	закусващо	закусващи	-	-	-	-	закусване	закусвания-нета
закуся	закуся	закусиш	закуси	закусим	закусите	закусят	закусих	закуси	закуси	закусихме	закусихте	закусиха	закусех	закусеше	закусеше	закусехме	закусехте	закусеха	закуси	закусете	-	закусил	закусила	закусило	закусили	закусел	закусела	закусело	закусели	-	-	-	-	-	-	-	-	-	-
залетя	залетя	залетиш	залети	залетим	залетите	залетят	залетях	залетя	залетя	залетяхме	залетяхте	залетяха	залетях	залетеше	залетеше	залетяхме	залетяхте	залетяха	залети	залетете	-	залетял	залетяла	залетяло	залетели	залетял	залетяла	залетяло	залетели	-	-	-	-	-	-	-	-	-	-
заложа	заложа	заложиш	заложи	заложим	заложите	заложат	заложих	заложи	заложи	заложихме	заложихте	заложиха	заложех	заложеше	заложеше	заложехме	заложехте	заложеха	заложи	заложете	-	заложил	заложила	заложило	заложили	заложел	заложела	заложело	заложели	-	-	-	-	заложен	заложена	заложено	заложени	-	-
заляза	заляза	залезеш	залезе	залезем	залезете	залязат	залязох	залезе	залезе	залязохме	залязохте	залязоха	залезех	залезеше	залезеше	залезехме	залезехте	залезеха	залез	залезте	-	залязъл	залязла	залязло	залезли	залезел	залезела	залезело	залезели	-	-	-	-	-	-	-	-	-	-
залязвам	-	-	-	-	-	-	залязвах	залязва	залязва	залязвахме	залязвахте	залязваха	залязвах	залязваше	залязваше	залязвахме	залязвахте	залязваха	залязвай	залязвайте	залязвайки	залязвал	залязвала	залязвало	залязвали	залязвал	залязвала	залязвало	залязвали	залязващ	залязваща	залязващо	залязващи	-	-	-	-	залязване	залязвания-нета
замажа	замажа	замажеш	замаже	замажем	замажете	замажат	замазах	замаза	замаза	замазахме	замазахте	замазаха	замажех	замажеше	замажеше	замажехме	замажехте	замажеха	замажи	замажете	-	замазал	замазала	замазало	замазали	замажел	замажела	замажело	замажели	-	-	-	-	замазан	замазана	замазано	замазани	-	-
замета	замета	заметеш	замете	заметем	заметете	заметат	заметох	замете	замете	заметохме	заметохте	заметоха	заметях	заметеше	заметеше	заметяхме	заметяхте	заметяха	замети	заметете	-	замел	замела	замело	замели	заметял	заметяла	заметяло	заметели	-	-	-	-	заметен	заметена	заметено	заметени	-	-
заминавам	-	-	-	-	-	-	заминавах	заминава	заминава	заминавахме	заминавахте	заминаваха	заминавах	заминаваше	заминаваше	заминавахме	заминавахте	заминаваха	заминаваи	заминаваите	заминаваики	заминавал	заминавала	заминавало	заминавали	заминавал	заминавала	заминавало	заминавали	заминаващ	заминаваща	заминаващо	заминаващи	-	-	-	-	заминаване	заминаванета
замирам	-	-	-	-	-	-	замирах	замира	замира	замирахме	замирахте	замираха	замирах	замираше	замираше	замирахме	замирахте	замираха	замирай	замирайте	замирайки	замирал	замирала	замирало	замирали	замирал	замирала	замирало	замирали	замиращ	замираща	замиращо	замиращи	-	-	-	-	замиране	замирания-нета
замисля	замисля	замислиш	замисли	замислим	замислите	замислят	замислих	замисли	замисли	замислихме	замислихте	замислиха	замислех	замислеше	замислеше	замислехме	замислехте	замислеха	замисли	замислете	-	замислил	замислила	замислило	замислили	замислел	замислела	замислело	замислели	-	-	-	-	замислен	замислена	замислено	замислени	-	-
замитам	-	-	-	-	-	-	замитах	замита	замита	замитахме	замитахте	замитаха	замитах	замиташе	замиташе	замитахме	замитахте	замитаха	замитай	замитайте	замитайки	замитал	замитала	замитало	замитали	замитал	замитала	замитало	замитали	замитащ	замитаща	замитащо	замитащи	замитан	замитана	замитано	замитани	замитане	замитания-нета
замия	замия	замиеш	замие	замием	замиете	замият	замих	зами	зами	замихме	замихте	замиха	замиех	замиеше	замиеше	замиехме	замиехте	замиеха	замии	замиите	-	замил	замила	замило	замили	замиел	замиела	замиело	замиели	-	-	-	-	замит	замита	замито	замити	-	-
замогвам	-	-	-	-	-	-	замогвах	замогва	замогва	замогвахме	замогвахте	замогваха	замогвах	замогваше	замогваше	замогвахме	замогвахте	замогваха	замогваи	замогваите	замогваики	замогвал	замогвала	замогвало	замогвали	замогвал	замогвала	замогвало	замогвали	замогващ	замогваща	замогващо	замогващи	-	-	-	-	замогване	замогванета
замогна	замогна	замогниш	замогни	замогним	замогните	замогнат	замогних	замогни	замогни	замогнихме	замогнихте	замогниха	замогнех	замогнеше	замогнеше	замогнехме	замогнехте	замогнеха	замогни	замогнете	-	замогнил	замогнила	замогнило	замогнили	замогнел	замогнела	замогнело	замогнели	-	-	-	-	замогнен	замогнена	замогнено	замогнени	-	-
заморя	заморя	замориш	замори	заморим	заморите	заморят	заморих	замори	замори	заморихме	заморихте	замориха	заморях	замореше	замореше	заморяхме	заморяхте	заморяха	замори	заморете	-	заморил	заморила	заморило	заморили	заморял	заморяла	заморяло	заморели	-	-	-	-	заморен	заморена	заморено	заморени	-	-
замра	замра	замреш	замре	замрем	замрете	замрат	замрях	замря	замря	замряхме	замряхте	замряха	замрях	замреше	замреше	замряхме	замряхте	замряха	замри	замрете	-	замрял	замряла	замряло	замрели	замрял	замряла	замряло	замрели	-	-	-	-	-	-	-	-	-	-
занасям	-	-	-	-	-	-	занасях	занася	занася	занасяхме	занасяхте	занасяха	занасях	занасяше	занасяше	занасяхме	занасяхте	занасяха	занасяй	занасяйте	занасяйки	занасял	занасяла	занасяло	занасяли	занасял	занасяла	занасяло	занасяли	занасящ	занасяща	занасящо	занасящи	занасян	занасяна	занасяно	занасяни	занасяне	занасяния-нета
занеса	занеса	занесеш	занесе	занесем	занесете	занесат	занесох	занесе	занесе	занесохме	занесохте	занесоха	занесях	занесеше	занесеше	занесяхме	занесяхте	занесяха	занеси	занесете	-	занесъл	занесла	занесло	занесли	занесял	занесяла	занесяло	занесели	-	-	-	-	занесен	занесена	занесено	занесени	-	-
занимавам	-	-	-	-	-	-	занимавах	занимава	занимава	занимавахме	занимавахте	занимаваха	занимавах	занимаваше	занимаваше	занимавахме	занимавахте	занимаваха	занимаваи	занимаваите	занимаваики	занимавал	занимавала	занимавало	занимавали	занимавал	занимавала	занимавало	занимавали	занимаващ	занимаваща	занимаващо	занимаващи	занимаван	занимавана	занимавано	занимавани	занимаване	занимаванета
занимая	занимая	занимаеш	занимае	занимаем	занимаете	занимаят	занимах	занима	занима	занимахме	занимахте	занимаха	занимаех	занимаеше	занимаеше	занимаехме	занимаехте	занимаеха	занимаи	занимаите	-	занимал	занимала	занимало	занимали	занимаел	занимаела	занимаело	занимаели	-	-	-	-	заниман	занимана	занимано	занимани	-	-
заора	заора	заореш	заоре	заорем	заорете	заорат	заорах	заора	заора	заорахме	заорахте	заораха	заорях	заореше	заореше	заоряхме	заоряхте	заоряха	заори	заорете	-	заорал	заорала	заорало	заорали	заорял	заоряла	заоряло	заорели	-	-	-	-	заоран	заорана	заорано	заорани	-	-
заоравам	-	-	-	-	-	-	заоравах	заорава	заорава	заоравахме	заоравахте	заораваха	заоравах	заораваше	заораваше	заоравахме	заоравахте	заораваха	заоравай	заоравайте	заоравайки	заоравал	заоравала	заоравало	заоравали	заоравал	заоравала	заоравало	заоравали	заораващ	заораваща	заораващо	заораващи	заораван	заоравана	заоравано	заоравани	заораване	заоравания-нета
западам	-	-	-	-	-	-	западах	запада	запада	западахме	западахте	западаха	западах	западаше	западаше	западахме	западахте	западаха	западаи	западаите	западаики	западал	западала	западало	западали	западал	западала	западало	западали	западащ	западаща	западащо	западащи	-	-	-	-	западане	западанета
запазя	запазя	запазиш	запази	запазим	запазите	запазят	запазих	запази	запази	запазихме	запазихте	запазиха	запазех	запазеше	запазеше	запазехме	запазехте	запазеха	запази	запазете	-	запазил	запазила	запазило	запазили	запазел	запазела	запазело	запазели	-	-	-	-	запазен	запазена	запазено	запазени	-	-
запалвам	-	-	-	-	-	-	запалвах	запалва	запалва	запалвахме	запалвахте	запалваха	запалвах	запалваше	запалваше	запалвахме	запалвахте	запалваха	запалвай	запалвайте	запалвайки	запалвал	запалвала	запалвало	запалвали	запалвал	запалвала	запалвало	запалвали	запалващ	запалваща	запалващо	запалващи	запалван	запалвана	запалвано	запалвани	запалване	запалвания-нета
запаля	запаля	запалиш	запали	запалим	запалите	запалят	запалих	запали	запали	запалихме	запалихте	запалиха	запалех	запалеше	запалеше	запалехме	запалехте	запалеха	запали	запалете	-	запалил	запалила	запалило	запалили	запалел	запалела	запалело	запалели	-	-	-	-	запален	запалена	запалено	запалени	-	-
запека	запека	запечеш	запече	запечем	запечете	запекат	запекох	запече	запече	запекохме	запекохте	запекоха	запечах	запечеше	запечеше	запечахме	запечахте	запечаха	запечи	запечете	-	запекъл	запекла	запекло	запекли	запечал	запечала	запечало	запечели	-	-	-	-	запечен	запечена	запечено	запечени	-	-
запирам	-	-	-	-	-	-	запирах	запира	запира	запирахме	запирахте	запираха	запирах	запираше	запираше	запирахме	запирахте	запираха	запирай	запирайте	запирайки	запирал	запирала	запирало	запирали	запирал	запирала	запирало	запирали	запиращ	запираща	запиращо	запиращи	запиран	запирана	запирано	запирани	запиране	запирания-нета
записвам	-	-	-	-	-	-	записвах	записва	записва	записвахме	записвахте	записваха	записвах	записваше	записваше	записвахме	записвахте	записваха	записваи	записваите	записваики	записвал	записвала	записвало	записвали	записвал	записвала	записвало	записвали	записващ	записваща	записващо	записващи	записван	записвана	записвано	записвани	записване	записванета
запитам	-	-	-	-	-	-	запитах	запита	запита	запитахме	запитахте	запитаха	запитах	запиташе	запиташе	запитахме	запитахте	запитаха	запитаи	запитаите	-	запитал	запитала	запитало	запитали	запитал	запитала	запитало	запитали	-	-	-	-	запитан	запитана	запитано	запитани	-	-
запитвам	-	-	-	-	-	-	запитвах	запитва	запитва	запитвахме	запитвахте	запитваха	запитвах	запитваше	запитваше	запитвахме	запитвахте	запитваха	запитваи	запитваите	запитваики	запитвал	запитвала	запитвало	запитвали	запитвал	запитвала	запитвало	запитвали	запитващ	запитваща	запитващо	запитващи	запитван	запитвана	запитвано	запитвани	запитване	запитванета
запичам	-	-	-	-	-	-	запичах	запича	запича	запичахме	запичахте	запичаха	запичах	запичаше	запичаше	запичахме	запичахте	запичаха	запичай	запичайте	запичайки	запичал	запичала	запичало	запичали	запичал	запичала	запичало	запичали	запичащ	запичаща	запичащо	запичащи	запичан	запичана	запичано	запичани	запичане	запичания-нета
запиша	запиша	запишеш	запише	запишем	запишете	запишат	записах	записа	записа	записахме	записахте	записаха	запишех	запишеше	запишеше	запишехме	запишехте	запишеха	запиши	запишете	-	записал	записала	записало	записали	запишел	запишела	запишело	запишели	-	-	-	-	записан	записана	записано	записани	-	-
заплаша	заплаша	заплашиш	заплаши	заплашим	заплашите	заплашат	заплаших	заплаши	заплаши	заплашихме	заплашихте	заплашиха	заплашех	заплашеше	заплашеше	заплашехме	заплашехте	заплашеха	заплаши	заплашете	-	заплашил	заплашила	заплашило	заплашили	заплашел	заплашела	заплашело	заплашели	-	-	-	-	заплашен	заплашена	заплашено	заплашени	-	-
заплашвам	-	-	-	-	-	-	заплашвах	заплашва	заплашва	заплашвахме	заплашвахте	заплашваха	заплашвах	заплашваше	заплашваше	заплашвахме	заплашвахте	заплашваха	заплашвай	заплашвайте	заплашвайки	заплашвал	заплашвала	заплашвало	заплашвали	заплашвал	заплашвала	заплашвало	заплашвали	заплашващ	заплашваща	заплашващо	заплашващи	заплашван	заплашвана	заплашвано	заплашвани	заплашване	заплашвания-нета
заплета	заплета	заплетеш	заплете	заплетем	заплетете	заплетат	заплетох	заплете	заплете	заплетохме	заплетохте	заплетоха	заплетях	заплетеше	заплетеше	заплетяхме	заплетяхте	заплетяха	заплети	заплетете	-	заплел	заплела	заплело	заплели	заплетял	заплетяла	заплетяло	заплетели	-	-	-	-	заплетен	заплетена	заплетено	заплетени	-	-
заплитам	-	-	-	-	-	-	заплитах	заплита	заплита	заплитахме	заплитахте	заплитаха	заплитах	заплиташе	заплиташе	заплитахме	заплитахте	заплитаха	заплитай	заплитайте	заплитайки	заплитал	заплитала	заплитало	заплитали	заплитал	заплитала	заплитало	заплитали	заплитащ	заплитаща	заплитащо	заплитащи	заплитан	заплитана	заплитано	заплитани	заплитане	заплитания-нета
заповядам	-	-	-	-	-	-	заповядах	заповяда	заповяда	заповядахме	заповядахте	заповядаха	заповядах	заповядаше	заповядаше	заповядахме	заповядахте	заповядаха	заповядай	заповядайте	-	заповядал	заповядала	заповядало	заповядали	заповядал	заповядала	заповядало	заповядали	-	-	-	-	заповядан	заповядана	заповядано	заповядани	-	-
заповядвам	-	-	-	-	-	-	заповядвах	заповядва	заповядва	заповядвахме	заповядвахте	заповядваха	заповядвах	заповядваше	заповядваше	заповядвахме	заповядвахте	заповядваха	заповядвай	заповядвайте	заповядвайки	заповядвал	заповядвала	заповядвало	заповядвали	заповядвал	заповядвала	заповядвало	заповядвали	заповядващ	заповядваща	заповядващо	заповядващи	заповядван	заповядвана	заповядвано	заповядвани	заповядване	заповядвания-нета
заподозирам	-	-	-	-	-	-	заподозирах	заподозира	заподозира	заподозирахме	заподозирахте	заподозираха	заподозирах	заподозираше	заподозираше	заподозирахме	заподозирахте	заподозираха	заподозирай	заподозирайте	заподозирайки	заподозирал	заподозирала	заподозирало	заподозирали	заподозирал	заподозирала	заподозирало	заподозирали	заподозиращ	заподозираща	заподозиращо	заподозиращи	заподозиран	заподозирана	заподозирано	заподозирани	заподозиране	заподозирания-нета
заподозра	заподозра	заподозреш	заподозре	заподозрем	заподозрете	заподозрат	заподозрях	заподозря	заподозря	заподозряхме	заподозряхте	заподозряха	заподозрях	заподозреше	заподозреше	заподозряхме	заподозряхте	заподозряха	заподозри	заподозрете	-	заподозрял	заподозряла	заподозряло	заподозрели	заподозрял	заподозряла	заподозряло	заподозрели	-	-	-	-	заподозрян	заподозряна	заподозряно	заподозрени	-	-
започвам	-	-	-	-	-	-	започвах	започва	започва	започвахме	започвахте	започваха	започвах	започваше	започваше	започвахме	започвахте	започваха	започвай	започвайте	започвайки	започвал	започвала	започвало	започвали	започвал	започвала	започвало	започвали	започващ	започваща	започващо	започващи	започван	започвана	започвано	започвани	започване	започвания-нета
започна	започна	започнеш	започне	започнем	започнете	започнат	започнах	започна	започна	започнахме	започнахте	започнаха	започнех	започнеше	започнеше	започнехме	започнехте	започнеха	започни	започнете	-	започнал	започнала	започнало	започнали	започнел	започнела	започнело	започнели	-	-	-	-	започнат	започната	започнато	започнати	-	-
запра	запра	запреш	запре	запрем	запрете	запрат	запрях	запря	запря	запряхме	запряхте	запряха	запрях	запреше	запреше	запряхме	запряхте	запряха	запри	запрете	-	запрял	запряла	запряло	запрели	запрял	запряла	запряло	запрели	-	-	-	-	запрян	запряна	запряно	запрени	-	-
запреда	запреда	запредеш	запреде	запредем	запредете	запредат	запредох	запреде	запреде	запредохме	запредохте	запредоха	запредях	запредеше	запредеше	запредяхме	запредяхте	запредяха	запреди	запредете	-	запрел	запрела	запрело	запрели	запредял	запредяла	запредяло	запредели	-	-	-	-	-	-	-	-	-	-
запретя	запретя	запретиш	запрети	запретим	запретите	запретят	запретих	запрети	запрети	запретихме	запретихте	запретиха	запретях	запретеше	запретеше	запретяхме	запретяхте	запретяха	запрети	запретете	-	запретил	запретила	запретило	запретили	запретял	запретяла	запретяло	запретели	-	-	-	-	запретен	запретена	запретено	запретени	-	-
запреча	запреча	запречиш	запречи	запречим	запречите	запречат	запречих	запречи	запречи	запречихме	запречихте	запречиха	запречех	запречеше	запречеше	запречехме	запречехте	запречеха	запречи	запречете	-	запречил	запречила	запречило	запречили	запречел	запречела	запречело	запречели	-	-	-	-	запречен	запречена	запречено	запречени	-	-
заприбера	заприбера	заприбереш	заприбере	заприберем	заприберете	заприберат	заприбрах	заприбра	заприбра	заприбрахме	заприбрахте	заприбраха	заприберях	заприбереше	заприбереше	заприберяхме	заприберяхте	заприберяха	заприбери	заприберете	-	заприбрал	заприбрала	заприбрало	заприбрали	заприберял	заприберяла	заприберяло	заприберели	-	-	-	-	заприбран	заприбрана	заприбрано	заприбрани	-	-
запридам	-	-	-	-	-	-	запридах	заприда	заприда	запридахме	запридахте	запридаха	запридах	запридаше	запридаше	запридахме	запридахте	запридаха	запридай	запридайте	запридайки	запридал	запридала	запридало	запридали	запридал	запридала	запридало	запридали	запридащ	запридаща	запридащо	запридащи	-	-	-	-	запридане	запридания-нета
запрягам	-	-	-	-	-	-	запрягах	запряга	запряга	запрягахме	запрягахте	запрягаха	запрягах	запрягаше	запрягаше	запрягахме	запрягахте	запрягаха	запрягаи	запрягаите	запрягаики	запрягал	запрягала	запрягало	запрягали	запрягал	запрягала	запрягало	запрягали	запрягащ	запрягаща	запрягащо	запрягащи	запряган	запрягана	запрягано	запрягани	запрягане	запряганета
заразя	заразя	заразиш	зарази	заразим	заразите	заразят	заразих	зарази	зарази	заразихме	заразихте	заразиха	заразях	заразеше	заразеше	заразяхме	заразяхте	заразяха	зарази	заразете	-	заразил	заразила	заразило	заразили	заразял	заразяла	заразяло	заразели	-	-	-	-	заразен	заразена	заразено	заразени	-	-
заразявам	-	-	-	-	-	-	заразявах	заразява	заразява	заразявахме	заразявахте	заразяваха	заразявах	заразяваше	заразяваше	заразявахме	заразявахте	заразяваха	заразяваи	заразяваите	заразяваики	заразявал	заразявала	заразявало	заразявали	заразявал	заразявала	заразявало	заразявали	заразяващ	заразяваща	заразяващо	заразяващи	заразяван	заразявана	заразявано	заразявани	заразяване	заразяванета
зарева	зарева	заревеш	зареве	заревем	заревете	зареват	заревах	зарева	зарева	заревахме	заревахте	зареваха	заревях	заревеше	заревеше	заревяхме	заревяхте	заревяха	зареви	заревете	-	заревал	заревала	заревало	заревали	заревял	заревяла	заревяло	заревели	-	-	-	-	-	-	-	-	-	-
заревавам	-	-	-	-	-	-	заревавах	заревава	заревава	заревавахме	заревавахте	зареваваха	заревавах	зареваваше	зареваваше	заревавахме	заревавахте	зареваваха	заревавай	заревавайте	заревавайки	заревавал	заревавала	заревавало	заревавали	заревавал	заревавала	заревавало	заревавали	зареваващ	зареваваща	зареваващо	зареваващи	-	-	-	-	зареваване	заревавания-нета
заредя	заредя	заредиш	зареди	заредим	заредите	заредят	заредих	зареди	зареди	заредихме	заредихте	заредиха	заредях	заредеше	заредеше	заредяхме	заредяхте	заредяха	зареди	заредете	-	заредил	заредила	заредило	заредили	заредял	заредяла	заредяло	заредели	-	-	-	-	зареден	заредена	заредено	заредени	-	-
зарежа	зарежа	зарежеш	зареже	зарежем	зарежете	зарежат	зарязах	заряза	заряза	зарязахме	зарязахте	зарязаха	зарежех	зарежеше	зарежеше	зарежехме	зарежехте	зарежеха	зарежи	зарежете	-	зарязал	зарязала	зарязало	зарязали	зарежел	зарежела	зарежело	зарежели	-	-	-	-	зарязан	зарязана	зарязано	зарязани	-	-
зареждам	-	-	-	-	-	-	зареждах	зарежда	зарежда	зареждахме	зареждахте	зареждаха	зареждах	зареждаше	зареждаше	зареждахме	зареждахте	зареждаха	зареждай	зареждайте	зареждайки	зареждал	зареждала	зареждало	зареждали	зареждал	зареждала	зареждало	зареждали	зареждащ	зареждаща	зареждащо	зареждащи	зареждан	зареждана	зареждано	зареждани	зареждане	зареждания-нета
зарека	зарека	заречеш	зарече	заречем	заречете	зарекат	зарекох	зарече	зарече	зарекохме	зарекохте	зарекоха	заречах	заречеше	заречеше	заречахме	заречахте	заречаха	заречи	заречете	-	зарекъл	зарекла	зарекло	зарекли	заречал	заречала	заречало	заречели	-	-	-	-	заречен	заречена	заречено	заречени	-	-
заричам	-	-	-	-	-	-	заричах	зарича	зарича	заричахме	заричахте	заричаха	заричах	заричаше	заричаше	заричахме	заричахте	заричаха	заричай	заричайте	заричайки	заричал	заричала	заричало	заричали	заричал	заричала	заричало	заричали	заричащ	заричаща	заричащо	заричащи	заричан	заричана	заричано	заричани	заричане	заричания-нета
засадя	засадя	засадиш	засади	засадим	засадите	засадят	засадих	засади	засади	засадихме	засадихте	засадиха	засадях	засадеше	засадеше	засадяхме	засадяхте	засадяха	засади	засадете	-	засадил	засадила	засадило	засадили	засадял	засадяла	засадяло	засадели	-	-	-	-	засаден	засадена	засадено	засадени	-	-
засека	засека	засечеш	засече	засечем	засечете	засекат	засякох	засече	засече	засякохме	засякохте	засякоха	засечах	засечеше	засечеше	засечахме	засечахте	засечаха	засечи	засечете	-	засякъл	засякла	засякло	засекли	засечал	засечала	засечало	засечели	-	-	-	-	засечен	засечена	засечено	засечени	-	-
засея	засея	засееш	засее	засеем	засеете	засеят	засях	зася	зася	засяхме	засяхте	засяха	засеех	засееше	засееше	засеехме	засеехте	засееха	засеи	засеите	-	засял	засяла	засяло	засели	засеел	засеела	засеело	засеели	-	-	-	-	засян	засяна	засяно	засени	-	-
засилвам	-	-	-	-	-	-	засилвах	засилва	засилва	засилвахме	засилвахте	засилваха	засилвах	засилваше	засилваше	засилвахме	засилвахте	засилваха	засилваи	засилваите	засилваики	засилвал	засилвала	засилвало	засилвали	засилвал	засилвала	засилвало	засилвали	засилващ	засилваща	засилващо	засилващи	засилван	засилвана	засилвано	засилвани	засилване	засилванета
засиля	засиля	засилиш	засили	засилим	засилите	засилят	засилих	засили	засили	засилихме	засилихте	засилиха	засилех	засилеше	засилеше	засилехме	засилехте	засилеха	засили	засилете	-	засилил	засилила	засилило	засилили	засилел	засилела	засилело	засилели	-	-	-	-	засилен	засилена	засилено	засилени	-	-
засичам	-	-	-	-	-	-	засичах	засича	засича	засичахме	засичахте	засичаха	засичах	засичаше	засичаше	засичахме	засичахте	засичаха	засичай	засичайте	засичайки	засичал	засичала	засичало	засичали	засичал	засичала	засичало	засичали	засичащ	засичаща	засичащо	засичащи	засичан	засичана	засичано	засичани	засичане	засичания-нета
заслоня	заслоня	заслониш	заслони	заслоним	заслоните	заслонят	заслоних	заслони	заслони	заслонихме	заслонихте	заслониха	заслонях	заслонеше	заслонеше	заслоняхме	заслоняхте	заслоняха	заслони	заслонете	-	заслонил	заслонила	заслонило	заслонили	заслонял	заслоняла	заслоняло	заслонели	-	-	-	-	заслонен	заслонена	заслонено	заслонени	-	-
заслонявам	-	-	-	-	-	-	заслонявах	заслонява	заслонява	заслонявахме	заслонявахте	заслоняваха	заслонявах	заслоняваше	заслоняваше	заслонявахме	заслонявахте	заслоняваха	заслоняваи	заслоняваите	заслоняваики	заслонявал	заслонявала	заслонявало	заслонявали	заслонявал	заслонявала	заслонявало	заслонявали	заслоняващ	заслоняваща	заслоняващо	заслоняващи	заслоняван	заслонявана	заслонявано	заслонявани	заслоняване	заслоняванета
заслужа	заслужа	заслужиш	заслужи	заслужим	заслужите	заслужат	заслужих	заслужи	заслужи	заслужихме	заслужихте	заслужиха	заслужех	заслужеше	заслужеше	заслужехме	заслужехте	заслужеха	заслужи	заслужете	-	заслужил	заслужила	заслужило	заслужили	заслужел	заслужела	заслужело	заслужели	-	-	-	-	заслужен	заслужена	заслужено	заслужени	-	-
заслужавам	-	-	-	-	-	-	заслужавах	заслужава	заслужава	заслужавахме	заслужавахте	заслужаваха	заслужавах	заслужаваше	заслужаваше	заслужавахме	заслужавахте	заслужаваха	заслужавай	заслужавайте	заслужавайки	заслужавал	заслужавала	заслужавало	заслужавали	заслужавал	заслужавала	заслужавало	заслужавали	заслужаващ	заслужаваща	заслужаващо	заслужаващи	заслужаван	заслужавана	заслужавано	заслужавани	заслужаване	заслужавания-нета
заспивам	-	-	-	-	-	-	заспивах	заспива	заспива	заспивахме	заспивахте	заспиваха	заспивах	заспиваше	заспиваше	заспивахме	заспивахте	заспиваха	заспивай	заспивайте	заспивайки	заспивал	заспивала	заспивало	заспивали	заспивал	заспивала	заспивало	заспивали	заспиващ	заспиваща	заспиващо	заспиващи	-	-	-	-	заспиване	заспивания-нета
заспя	заспя	заспиш	заспи	заспим	заспите	заспят	заспах	заспа	заспа	заспахме	заспахте	заспаха	заспях	заспеше	заспеше	заспяхме	заспяхте	заспяха	заспи	заспете	-	заспал	заспала	заспало	заспали	заспял	заспяла	заспяло	заспели	-	-	-	-	-	-	-	-	-	-
заставам	-	-	-	-	-	-	заставах	застава	застава	заставахме	заставахте	заставаха	заставах	заставаше	заставаше	заставахме	заставахте	заставаха	заставаи	заставаите	заставаики	заставал	заставала	заставало	заставали	заставал	заставала	заставало	заставали	заставащ	заставаща	заставащо	заставащи	-	-	-	-	заставане	заставанета
заставя	заставя	заставиш	застави	заставим	заставите	заставят	заставих	застави	застави	заставихме	заставихте	заставиха	заставех	заставеше	заставеше	заставехме	заставехте	заставеха	застави	заставете	-	заставил	заставила	заставило	заставили	заставел	заставела	заставело	заставели	-	-	-	-	заставен	заставена	заставено	заставени	-	-
застана	застана	застанеш	застане	застанем	застанете	застанат	застанах	застана	застана	застанахме	застанахте	застанаха	застанех	застанеше	застанеше	застанехме	застанехте	застанеха	застани	застанете	-	застанал	застанала	застанало	застанали	застанел	застанела	застанело	застанели	-	-	-	-	-	-	-	-	-	-
застеля	застеля	застелеш	застеле	застелем	застелете	застелят	застлах	застла	застла	застлахме	застлахте	застлаха	застелех	застелеше	застелеше	застелехме	застелехте	застелеха	застели	застелете	застелеики	застлал	застлала	застлало	застлали	застелел	застелела	застелело	застелели	застелещ	застелеща	застелещо	застелещи	застлан	застлана	застлано	застлани	застелене	застеленета
застина	застина	застинеш	застине	застинем	застинете	застинат	застинах	застина	застина	застинахме	застинахте	застинаха	застинех	застинеше	застинеше	застинехме	застинехте	застинеха	застини	застинете	-	застинал	застинала	застинало	застинали	застинел	застинела	застинело	застинели	-	-	-	-	-	-	-	-	-	-
застраховам	-	-	-	-	-	-	застраховах	застрахова	застрахова	застраховахме	застраховахте	застраховаха	застраховах	застраховаше	застраховаше	застраховахме	застраховахте	застраховаха	застраховаи	застраховаите	застраховаики	застраховал	застраховала	застраховало	застраховали	застраховал	застраховала	застраховало	застраховали	застраховащ	застраховаща	застраховащо	застраховащи	застрахован	застрахована	застраховано	застраховани	застраховане	застрахованета
застъпя	застъпя	застъпиш	застъпи	застъпим	застъпите	застъпят	застъпих	застъпи	застъпи	застъпихме	застъпихте	застъпиха	застъпех	застъпеше	застъпеше	застъпехме	застъпехте	застъпеха	застъпи	застъпете	-	застъпил	застъпила	застъпило	застъпили	застъпел	застъпела	застъпело	застъпели	-	-	-	-	застъпен	застъпена	застъпено	застъпени	-	-
засъбера	засъбера	засъбереш	засъбере	засъберем	засъберете	засъберат	засъбрах	засъбра	засъбра	засъбрахме	засъбрахте	засъбраха	засъберях	засъбереше	засъбереше	засъберяхме	засъберяхте	засъберяха	засъбери	засъберете	-	засъбрал	засъбрала	засъбрало	засъбрали	засъберял	засъберяла	засъберяло	засъберели	-	-	-	-	засъбран	засъбрана	засъбрано	засъбрани	-	-
засъхна	засъхна	засъхнеш	засъхне	засъхнем	засъхнете	засъхнат	засъхнах	засъхна	засъхна	засъхнахме	засъхнахте	засъхнаха	засъхнех	засъхнеше	засъхнеше	засъхнехме	засъхнехте	засъхнеха	засъхни	засъхнете	-	засъхнал	засъхнала	засъхнало	засъхнали	засъхнел	засъхнела	засъхнело	засъхнели	-	-	-	-	-	-	-	-	-	-
затварям	-	-	-	-	-	-	затварях	затваря	затваря	затваряхме	затваряхте	затваряха	затварях	затваряше	затваряше	затваряхме	затваряхте	затваряха	затваряи	затваряите	затваряики	затварял	затваряла	затваряло	затваряли	затварял	затваряла	затваряло	затваряли	затварящ	затваряща	затварящо	затварящи	затварян	затваряна	затваряно	затваряни	затваряне	затварянета
затворя	затворя	затвориш	затвори	затворим	затворите	затворят	затворих	затвори	затвори	затворихме	затворихте	затвориха	затворех	затвореше	затвореше	затворехме	затворехте	затвореха	затвори	затворете	-	затворил	затворила	затворило	затворили	затворел	затворела	затворело	затворели	-	-	-	-	затворен	затворена	затворено	затворени	-	-
затека	затека	затечеш	затече	затечем	затечете	затекат	затекох	затече	затече	затекохме	затекохте	затекоха	затечах	затечеше	затечеше	затечахме	затечахте	затечаха	затечи	затечете	-	затекъл	затекла	затекло	затекли	затечал	затечала	затечало	затечели	-	-	-	-	-	-	-	-	-	-
затискам	-	-	-	-	-	-	затисках	затиска	затиска	затискахме	затискахте	затискаха	затисках	затискаше	затискаше	затискахме	затискахте	затискаха	затискаи	затискаите	затискаики	затискал	затискала	затискало	затискали	затискал	затискала	затискало	затискали	затискащ	затискаща	затискащо	затискащи	затискан	затискана	затискано	затискани	затискане	затисканета
затичам	-	-	-	-	-	-	затичах	затича	затича	затичахме	затичахте	затичаха	затичах	затичаше	затичаше	затичахме	затичахте	затичаха	затичай	затичайте	затичайки	затичал	затичала	затичало	затичали	затичал	затичала	затичало	затичали	затичащ	затичаща	затичащо	затичащи	-	-	-	-	затичане	затичания-нета
затна	затна	затнеш	затне	затнем	затнете	затнат	затнах	затна	затна	затнахме	затнахте	затнаха	затнех	затнеше	затнеше	затнехме	затнехте	затнеха	затни	затнете	-	затнал	затнала	затнало	затнали	затнел	затнела	затнело	затнели	-	-	-	-	затнат	затната	затнато	затнати	-	-
затреса	затреса	затресеш	затресе	затресем	затресете	затресат	затресох	затресе	затресе	затресохме	затресохте	затресоха	затресях	затресеше	затресеше	затресяхме	затресяхте	затресяха	затреси	затресете	-	затресъл	затресла	затресло	затресли	затресял	затресяла	затресяло	затресели	-	-	-	-	-	-	-	-	-	-
затрисам	-	-	-	-	-	-	затрисах	затриса	затриса	затрисахме	затрисахте	затрисаха	затрисах	затрисаше	затрисаше	затрисахме	затрисахте	затрисаха	затрисай	затрисайте	затрисайки	затрисал	затрисала	затрисало	затрисали	затрисал	затрисала	затрисало	затрисали	затрисащ	затрисаща	затрисащо	затрисащи	-	-	-	-	затрисане	затрисания-нета
захапвам	-	-	-	-	-	-	захапвах	захапва	захапва	захапвахме	захапвахте	захапваха	захапвах	захапваше	захапваше	захапвахме	захапвахте	захапваха	захапвай	захапвайте	захапвайки	захапвал	захапвала	захапвало	захапвали	захапвал	захапвала	захапвало	захапвали	захапващ	захапваща	захапващо	захапващи	захапван	захапвана	захапвано	захапвани	захапване	захапвания-нета
захапя	захапя	захапеш	захапе	захапем	захапете	захапят	захапах	захапа	захапа	захапахме	захапахте	захапаха	захапех	захапеше	захапеше	захапехме	захапехте	захапеха	захапи	захапете	-	захапал	захапала	захапало	захапали	захапел	захапела	захапело	захапели	-	-	-	-	захапан	захапана	захапано	захапани	-	-
зачевам	-	-	-	-	-	-	зачевах	зачева	зачева	зачевахме	зачевахте	зачеваха	зачевах	зачеваше	зачеваше	зачевахме	зачевахте	зачеваха	зачевай	зачевайте	зачевайки	зачевал	зачевала	зачевало	зачевали	зачевал	зачевала	зачевало	зачевали	зачеващ	зачеваща	зачеващо	зачеващи	зачеван	зачевана	зачевано	зачевани	зачеване	зачевания-нета
зачена	зачена	заченеш	зачене	заченем	заченете	заченат	заченах	зачена	зачена	заченахме	заченахте	заченаха	заченех	заченеше	заченеше	заченехме	заченехте	заченеха	зачени	заченете	-	заченал	заченала	заченало	заченали	заченел	заченела	заченело	заченели	-	-	-	-	заченат	зачената	заченато	заченати	-	-
зачета	зачета	зачетеш	зачете	зачетем	зачетете	зачетат	зачетох	зачете	зачете	зачетохме	зачетохте	зачетоха	зачетях	зачетеше	зачетеше	зачетяхме	зачетяхте	зачетяха	зачети	зачетете	-	зачел	зачела	зачело	зачели	зачетял	зачетяла	зачетяло	зачетели	-	-	-	-	зачетен	зачетена	зачетено	зачетени	-	-
зачитам	-	-	-	-	-	-	зачитах	зачита	зачита	зачитахме	зачитахте	зачитаха	зачитах	зачиташе	зачиташе	зачитахме	зачитахте	зачитаха	зачитай	зачитайте	зачитайки	зачитал	зачитала	зачитало	зачитали	зачитал	зачитала	зачитало	зачитали	зачитащ	зачитаща	зачитащо	зачитащи	зачитан	зачитана	зачитано	зачитани	зачитане	зачитания-нета
зашивам	-	-	-	-	-	-	зашивах	зашива	зашива	зашивахме	зашивахте	зашиваха	зашивах	зашиваше	зашиваше	зашивахме	зашивахте	зашиваха	зашивай	зашивайте	зашивайки	зашивал	зашивала	зашивало	зашивали	зашивал	зашивала	зашивало	зашивали	зашиващ	зашиваща	зашиващо	зашиващи	зашиван	зашивана	зашивано	зашивани	зашиване	зашивания-нета
зашия	зашия	зашиеш	зашие	зашием	зашиете	зашият	заших	заши	заши	зашихме	зашихте	зашиха	зашиех	зашиеше	зашиеше	зашиехме	зашиехте	зашиеха	заший	зашийте	-	зашил	зашила	зашило	зашили	зашиел	зашиела	зашиело	зашиели	-	-	-	-	зашит	зашита	зашито	зашити	-	-
защитавам	-	-	-	-	-	-	защитавах	защитава	защитава	защитавахме	защитавахте	защитаваха	защитавах	защитаваше	защитаваше	защитавахме	защитавахте	защитаваха	защитаваи	защитаваите	защитаваики	защитавал	защитавала	защитавало	защитавали	защитавал	защитавала	защитавало	защитавали	защитаващ	защитаваща	защитаващо	защитаващи	защитаван	защитавана	защитавано	защитавани	защитаване	защитаванета
защитя	защитя	защитиш	защити	защитим	защитите	защитят	защитих	защити	защити	защитихме	защитихте	защитиха	защитях	защитеше	защитеше	защитяхме	защитяхте	защитяха	защити	защитете	-	защитил	защитила	защитило	защитили	защитял	защитяла	защитяло	защители	-	-	-	-	защитен	защитена	защитено	защитени	-	-
заявя	заявя	заявиш	заяви	заявим	заявите	заявят	заявих	заяви	заяви	заявихме	заявихте	заявиха	заявях	заявеше	заявеше	заявяхме	заявяхте	заявяха	заяви	заявете	-	заявил	заявила	заявило	заявили	заявял	заявяла	заявяло	заявели	-	-	-	-	заявен	заявена	заявено	заявени	-	-
заявявам	-	-	-	-	-	-	заявявах	заявява	заявява	заявявахме	заявявахте	заявяваха	заявявах	заявяваше	заявяваше	заявявахме	заявявахте	заявяваха	заявяваи	заявяваите	заявяваики	заявявал	заявявала	заявявало	заявявали	заявявал	заявявала	заявявало	заявявали	заявяващ	заявяваща	заявяващо	заявяващи	заявяван	заявявана	заявявано	заявявани	заявяване	заявяванета
заякчавам	-	-	-	-	-	-	заякчавах	заякчава	заякчава	заякчавахме	заякчавахте	заякчаваха	заякчавах	заякчаваше	заякчаваше	заякчавахме	заякчавахте	заякчаваха	заякчаваи	заякчаваите	заякчаваики	заякчавал	заякчавала	заякчавало	заякчавали	заякчавал	заякчавала	заякчавало	заякчавали	заякчаващ	заякчаваща	заякчаващо	заякчаващи	заякчаван	заякчавана	заякчавано	заякчавани	заякчаване	заякчаванета
звъня	звъня	звъниш	звъни	звъним	звъните	звънят	звъних	звъни	звъни	звънихме	звънихте	звъниха	звънях	звънеше	звънеше	звъняхме	звъняхте	звъняха	звъни	звънете	звънеики	звънил	звънила	звънило	звънили	звънял	звъняла	звъняло	звънели	звънящ	звъняща	звънящо	звънящи	-	-	-	-	звънене	звъненета
зея	зея	зееш	зее	зеем	зеете	зеят	зеях	зея	зея	зеяхме	зеяхте	зеяха	зеех	зееше	зееше	зеехме	зеехте	зееха	зеи	зеите	зееики	зеял	зеяла	зеяло	зеяли	зеел	зеела	зеело	зеели	зеещ	зееща	зеещо	зеещи	-	-	-	-	зеене	зеенета
зидам	-	-	-	-	-	-	зидах	зида	зида	зидахме	зидахте	зидаха	зидах	зидаше	зидаше	зидахме	зидахте	зидаха	зидаи	зидаите	зидаики	зидал	зидала	зидало	зидали	зидал	зидала	зидало	зидали	зидащ	зидаща	зидащо	зидащи	зидан	зидана	зидано	зидани	зидане	зиданета
зина	зина	зинеш	зине	зинем	зинете	зинат	зинах	зина	зина	зинахме	зинахте	зинаха	зинех	зинеше	зинеше	зинехме	зинехте	зинеха	зини	зинете	зинеики	зинал	зинала	зинало	зинали	зинел	зинела	зинело	зинели	зинещ	зинеща	зинещо	зинещи	зинат	зината	зинато	зинати	зинене	зиненета
злоупотребя	злоупотребя	злоупотребиш	злоупотреби	злоупотребим	злоупотребите	злоупотребят	злоупотребих	злоупотреби	злоупотреби	злоупотребихме	злоупотребихте	злоупотребиха	злоупотребях	злоупотребеше	злоупотребеше	злоупотребяхме	злоупотребяхте	злоупотребяха	злоупотреби	злоупотребете	-	злоупотребил	злоупотребила	злоупотребило	злоупотребили	злоупотребял	злоупотребяла	злоупотребяло	злоупотребели	-	-	-	-	-	-	-	-	-	-
злоупотребявам	-	-	-	-	-	-	злоупотребявах	злоупотребява	злоупотребява	злоупотребявахме	злоупотребявахте	злоупотребяваха	злоупотребявах	злоупотребяваше	злоупотребяваше	злоупотребявахме	злоупотребявахте	злоупотребяваха	злоупотребявай	злоупотребявайте	злоупотребявайки	злоупотребявал	злоупотребявала	злоупотребявало	злоупотребявали	злоупотребявал	злоупотребявала	злоупотребявало	злоупотребявали	злоупотребяващ	злоупотребяваща	злоупотребяващо	злоупотребяващи	-	-	-	-	злоупотребяване	злоупотребявания-нета
знам	-	знаеш	знае	знаем	знаете	знаят	знаях	зная	зная	знаяхме	знаяхте	знаяха	знаех	знаеше	знаеше	знаехме	знаехте	знаеха	знаи	знаите	знаеики	знаял	знаяла	знаяло	знаяли	знаел	знаела	знаело	знаели	знаещ	знаеща	знаещо	знаещи	знаен	знаена	знаено	знаени	знаене	знаенета
знача	знача	значиш	значи	значим	значите	значат	значих	значи	значи	значихме	значихте	значиха	значех	значеше	значеше	значехме	значехте	значеха	значи	значете	значеики	значил	значила	значило	значили	значел	значела	значело	значели	значещ	значеща	значещо	значещи	значен	значена	значено	значени	значене	значенета
зная	зная	знаеш	знае	знаем	знаете	знаят	знаях	зная	зная	знаяхме	знаяхте	знаяха	знаех	знаеше	знаеше	знаехме	знаехте	знаеха	знаи	знаите	знаеики	знаял	знаяла	знаяло	знаяли	знаел	знаела	знаело	знаели	знаещ	знаеща	знаещо	знаещи	знаен	знаена	знаено	знаени	знаене	знаенета
зобам	-	-	-	-	-	-	зобах	зоба	зоба	зобахме	зобахте	зобаха	зобах	зобаше	зобаше	зобахме	зобахте	зобаха	зобаи	зобаите	зобаики	зобал	зобала	зобало	зобали	зобал	зобала	зобало	зобали	зобащ	зобаща	зобащо	зобащи	зобан	зобана	зобано	зобани	зобане	зобанета
зобя	зобя	зобиш	зоби	зобим	зобите	зобят	зобих	зоби	зоби	зобихме	зобихте	зобиха	зобех	зобеше	зобеше	зобехме	зобехте	зобеха	зоби	зобете	зобеики	зобил	зобила	зобило	зобили	зобел	зобела	зобело	зобели	зобещ	зобеща	зобещо	зобещи	зобен	зобена	зобено	зобени	зобене	зобенета
зова	зова	зовеш	зове	зовем	зовете	зоват	зовах	зова	зова	зовахме	зовахте	зоваха	зовях	зовеше	зовеше	зовяхме	зовяхте	зовяха	зови	зовете	зовеики	зовал	зовала	зовало	зовали	зовял	зовяла	зовяло	зовели	зовящ	зовяща	зовящо	зовящи	зован	зована	зовано	зовани	зоване	зованета
зографисам	-	-	-	-	-	-	зографисах	зографиса	зографиса	зографисахме	зографисахте	зографисаха	зографисах	зографисаше	зографисаше	зографисахме	зографисахте	зографисаха	зографисаи	зографисаите	-	зографисал	зографисала	зографисало	зографисали	зографисал	зографисала	зографисало	зографисали	-	-	-	-	зографисан	зографисана	зографисано	зографисани	-	-
зографисвам	-	-	-	-	-	-	зографисвах	зографисва	зографисва	зографисвахме	зографисвахте	зографисваха	зографисвах	зографисваше	зографисваше	зографисвахме	зографисвахте	зографисваха	зографисваи	зографисваите	зографисваики	зографисвал	зографисвала	зографисвало	зографисвали	зографисвал	зографисвала	зографисвало	зографисвали	зографисващ	зографисваща	зографисващо	зографисващи	-	-	-	-	зографисване	зографисванета
зодя	зодя	зодиш	зоди	зодим	зодите	зодят	зодих	зоди	зоди	зодихме	зодихте	зодиха	зодех	зодеше	зодеше	зодехме	зодехте	зодеха	зоди	зодете	-	зодил	зодила	зодило	зодили	зодел	зодела	зодело	зодели	-	-	-	-	зоден	зодена	зодено	зодени	-	-
зоря	зоря	зориш	зори	зорим	зорите	зорят	зорих	зори	зори	зорихме	зорихте	зориха	зорех	зореше	зореше	зорехме	зорехте	зореха	зори	зорете	зореики	зорил	зорила	зорило	зорили	зорел	зорела	зорело	зорели	зорещ	зореща	зорещо	зорещи	зорен	зорена	зорено	зорени	зорене	зоренета
зра	зра	зреш	зре	зрем	зрете	зрат	зрях	зря	зря	зряхме	зряхте	зряха	зрях	зреше	зреше	зряхме	зряхте	зряха	зри	зрете	зрейки	зрял	зряла	зряло	зрели	зрял	зряла	зряло	зрели	зрящ	зряща	зрящо	зрящи	зрян	зряна	зряно	зрени	зрене	зрения-нета
зрея	зрея	зрееш	зрее	зреем	зреете	зреят	зрях	зря	зря	зряхме	зряхте	зряха	зреех	зрееше	зрееше	зреехме	зреехте	зрееха	зреи	зреите	зрееики	зрял	зряла	зряло	зрели	зреел	зреела	зреело	зреели	зреещ	зрееща	зреещо	зреещи	-	-	-	-	зреене	зреенета
зървам	-	-	-	-	-	-	зървах	зърва	зърва	зървахме	зървахте	зърваха	зървах	зърваше	зърваше	зървахме	зървахте	зърваха	зърваи	зърваите	зърваики	зървал	зървала	зървало	зървали	зървал	зървала	зървало	зървали	зърващ	зърваща	зърващо	зърващи	зърван	зървана	зървано	зървани	зърване	зърванета
зърна	зърна	зърнеш	зърне	зърнем	зърнете	зърнат	зърнах	зърна	зърна	зърнахме	зърнахте	зърнаха	зърнех	зърнеше	зърнеше	зърнехме	зърнехте	зърнеха	зърни	зърнете	-	зърнал	зърнала	зърнало	зърнали	зърнел	зърнела	зърнело	зърнели	-	-	-	-	зърнат	зърната	зърнато	зърнати	-	-
зяпам	-	-	-	-	-	-	зяпах	зяпа	зяпа	зяпахме	зяпахте	зяпаха	зяпах	зяпаше	зяпаше	зяпахме	зяпахте	зяпаха	зяпаи	зяпаите	зяпаики	зяпал	зяпала	зяпало	зяпали	зяпал	зяпала	зяпало	зяпали	зяпащ	зяпаща	зяпащо	зяпащи	зяпан	зяпана	зяпано	зяпани	зяпане	зяпанета
зярвам	-	-	-	-	-	-	зярвах	зярва	зярва	зярвахме	зярвахте	зярваха	зярвах	зярваше	зярваше	зярвахме	зярвахте	зярваха	зярваи	зярваите	зярваики	зярвал	зярвала	зярвало	зярвали	зярвал	зярвала	зярвало	зярвали	зярващ	зярваща	зярващо	зярващи	зярван	зярвана	зярвано	зярвани	зярване	зярванета
зярна	зярна	зернеш	зерне	зернем	зернете	зярнат	зернах	зерна	зерна	зернахме	зернахте	зернаха	зернех	зернеше	зернеше	зернехме	зернехте	зернеха	зерни	зернете	-	зернал	зернала	зернало	зернали	зернел	зернела	зернело	зернели	-	-	-	-	зярнат	зярната	зярнато	зярнати	-	-
играя	играя	играеш	играе	играем	играете	играят	играх	игра	игра	играхме	играхте	играха	играех	играеше	играеше	играехме	играехте	играеха	играй	играйте	играейки	играл	играла	играло	играли	играел	играела	играело	играели	играещ	играеща	играещо	играещи	игран	играна	играно	играни	игране	играния-нета
ида	ида	идеш	иде	идем	идете	идат	идох	иде	иде	идохме	идохте	идоха	идех	идеше	идеше	идехме	идехте	идеха	иди	идете	идеики	ил	ила	ило	или	идел	идела	идело	идели	идещ	идеща	идещо	идещи	-	-	-	-	-	-
идвам	-	-	-	-	-	-	идвах	идва	идва	идвахме	идвахте	идваха	идвах	идваше	идваше	идвахме	идвахте	идваха	идваи	идваите	идваики	идвал	идвала	идвало	идвали	идвал	идвала	идвало	идвали	идващ	идваща	идващо	идващи	-	-	-	-	идване	идванета
идентифицирам	-	-	-	-	-	-	идентифицирах	идентифицира	идентифицира	идентифицирахме	идентифицирахте	идентифицираха	идентифицирах	идентифицираше	идентифицираше	идентифицирахме	идентифицирахте	идентифицираха	идентифицираи	идентифицираите	идентифицираики	идентифицирал	идентифицирала	идентифицирало	идентифицирали	идентифицирал	идентифицирала	идентифицирало	идентифицирали	идентифициращ	идентифицираща	идентифициращо	идентифициращи	идентифициран	идентифицирана	идентифицирано	идентифицирани	идентифициране	идентифициранета
избавя	избавя	избавиш	избави	избавим	избавите	избавят	избавих	избави	избави	избавихме	избавихте	избавиха	избавех	избавеше	избавеше	избавехме	избавехте	избавеха	избави	избавете	-	избавил	избавила	избавило	избавили	избавел	избавела	избавело	избавели	-	-	-	-	избавен	избавена	избавено	избавени	-	-
избера	избера	избереш	избере	изберем	изберете	изберат	избрах	избра	избра	избрахме	избрахте	избраха	изберях	избереше	избереше	изберяхме	изберяхте	изберяха	избери	изберете	-	избрал	избрала	избрало	избрали	изберял	изберяла	изберяло	изберели	-	-	-	-	избран	избрана	избрано	избрани	-	-
избирам	-	-	-	-	-	-	избирах	избира	избира	избирахме	избирахте	избираха	избирах	избираше	избираше	избирахме	избирахте	избираха	избирай	избирайте	избирайки	избирал	избирала	избирало	избирали	избирал	избирала	избирало	избирали	избиращ	избираща	избиращо	избиращи	избиран	избирана	избирано	избирани	избиране	избирания-нета
избия	избия	избиеш	избие	избием	избиете	избият	избих	изби	изби	избихме	избихте	избиха	избиех	избиеше	избиеше	избиехме	избиехте	избиеха	избии	избиите	-	избил	избила	избило	избили	избиел	избиела	избиело	избиели	-	-	-	-	избит	избита	избито	избити	-	-
избода	избода	избодеш	избоде	избодем	избодете	избодат	избодох	избоде	избоде	избодохме	избодохте	избодоха	избодях	избодеше	избодеше	избодяхме	избодяхте	избодяха	избоди	избодете	-	избол	избола	изболо	изболи	избодял	избодяла	избодяло	избодели	-	-	-	-	избоден	избодена	избодено	избодени	-	-
избождам	-	-	-	-	-	-	избождах	избожда	избожда	избождахме	избождахте	избождаха	избождах	избождаше	избождаше	избождахме	избождахте	избождаха	избождай	избождайте	избождайки	избождал	избождала	избождало	избождали	избождал	избождала	избождало	избождали	избождащ	избождаща	избождащо	избождащи	избождан	избождана	избождано	избождани	избождане	избождания-нета
изброя	изброя	изброиш	изброи	изброим	изброите	изброят	изброих	изброи	изброи	изброихме	изброихте	изброиха	изброях	изброеше	изброеше	изброяхме	изброяхте	изброяха	изброи	изброите	изброеики	изброил	изброила	изброило	изброили	изброял	изброяла	изброяло	изброели	изброящ	изброяща	изброящо	изброящи	изброен	изброена	изброено	изброени	изброене	изброенета
изброявам	-	-	-	-	-	-	изброявах	изброява	изброява	изброявахме	изброявахте	изброяваха	изброявах	изброяваше	изброяваше	изброявахме	изброявахте	изброяваха	изброяваи	изброяваите	изброяваики	изброявал	изброявала	изброявало	изброявали	изброявал	изброявала	изброявало	изброявали	изброяващ	изброяваща	изброяващо	изброяващи	изброяван	изброявана	изброявано	изброявани	изброяване	изброяванета
избъдвам	-	-	-	-	-	-	избъдвах	избъдва	избъдва	избъдвахме	избъдвахте	избъдваха	избъдвах	избъдваше	избъдваше	избъдвахме	избъдвахте	избъдваха	избъдваи	избъдваите	избъдваики	избъдвал	избъдвала	избъдвало	избъдвали	избъдвал	избъдвала	избъдвало	избъдвали	избъдващ	избъдваща	избъдващо	избъдващи	-	-	-	-	избъдване	избъдванета
избягам	-	-	-	-	-	-	избягах	избяга	избяга	избягахме	избягахте	избягаха	избягах	избягаше	избягаше	избягахме	избягахте	избягаха	избягаи	избягаите	-	избягал	избягала	избягало	избягали	избягал	избягала	избягало	избягали	-	-	-	-	-	-	-	-	-	-
избягвам	-	-	-	-	-	-	избягвах	избягва	избягва	избягвахме	избягвахте	избягваха	избягвах	избягваше	избягваше	избягвахме	избягвахте	избягваха	избягваи	избягваите	избягваики	избягвал	избягвала	избягвало	избягвали	избягвал	избягвала	избягвало	избягвали	избягващ	избягваща	избягващо	избягващи	-	-	-	-	избягване	избягванета
извадя	извадя	извадиш	извади	извадим	извадите	извадят	извадих	извади	извади	извадихме	извадихте	извадиха	извадех	извадеше	извадеше	извадехме	извадехте	извадеха	извади	извадете	-	извадил	извадила	извадило	извадили	извадел	извадела	извадело	извадели	-	-	-	-	изваден	извадена	извадено	извадени	-	-
изваждам	-	-	-	-	-	-	изваждах	изважда	изважда	изваждахме	изваждахте	изваждаха	изваждах	изваждаше	изваждаше	изваждахме	изваждахте	изваждаха	изваждаи	изваждаите	изваждаики	изваждал	изваждала	изваждало	изваждали	изваждал	изваждала	изваждало	изваждали	изваждащ	изваждаща	изваждащо	изваждащи	изваждан	изваждана	изваждано	изваждани	изваждане	изважданета
изведа	изведа	изведеш	изведе	изведем	изведете	изведат	изведох	изведе	изведе	изведохме	изведохте	изведоха	изведях	изведеше	изведеше	изведяхме	изведяхте	изведяха	изведи	изведете	-	извел	извела	извело	извели	изведял	изведяла	изведяло	изведели	-	-	-	-	изведен	изведена	изведено	изведени	-	-
извеждам	-	-	-	-	-	-	извеждах	извежда	извежда	извеждахме	извеждахте	извеждаха	извеждах	извеждаше	извеждаше	извеждахме	извеждахте	извеждаха	извеждай	извеждайте	извеждайки	извеждал	извеждала	извеждало	извеждали	извеждал	извеждала	извеждало	извеждали	извеждащ	извеждаща	извеждащо	извеждащи	извеждан	извеждана	извеждано	извеждани	извеждане	извеждания-нета
извехна	извехна	извехнеш	извехне	извехнем	извехнете	извехнат	извехнах	извехна	извехна	извехнахме	извехнахте	извехнаха	извехнех	извехнеше	извехнеше	извехнехме	извехнехте	извехнеха	извехни	извехнете	-	извехнал	извехнала	извехнало	извехнали	извехнел	извехнела	извехнело	извехнели	-	-	-	-	-	-	-	-	-	-
извехтя	извехтя	извехтиш	извехти	извехтим	извехтите	извехтят	извехтях	извехтя	извехтя	извехтяхме	извехтяхте	извехтяха	извехтях	извехтеше	извехтеше	извехтяхме	извехтяхте	извехтяха	извехти	извехтете	-	извехтял	извехтяла	извехтяло	извехтели	извехтял	извехтяла	извехтяло	извехтели	-	-	-	-	-	-	-	-	-	-
извикам	-	-	-	-	-	-	извиках	извика	извика	извикахме	извикахте	извикаха	извиках	извикаше	извикаше	извикахме	извикахте	извикаха	извикаи	извикаите	-	извикал	извикала	извикало	извикали	извикал	извикала	извикало	извикали	-	-	-	-	извикан	извикана	извикано	извикани	-	-
извиквам	-	-	-	-	-	-	извиквах	извиква	извиква	извиквахме	извиквахте	извикваха	извиквах	извикваше	извикваше	извиквахме	извиквахте	извикваха	извикваи	извикваите	извикваики	извиквал	извиквала	извиквало	извиквали	извиквал	извиквала	извиквало	извиквали	извикващ	извикваща	извикващо	извикващи	извикван	извиквана	извиквано	извиквани	извикване	извикванета
извиня	извиня	извиниш	извини	извиним	извините	извинят	извиних	извини	извини	извинихме	извинихте	извиниха	извинях	извинеше	извинеше	извиняхме	извиняхте	извиняха	извини	извинете	-	извинил	извинила	извинило	извинили	извинял	извиняла	извиняло	извинели	-	-	-	-	извинен	извинена	извинено	извинени	-	-
извинявам	-	-	-	-	-	-	извинявах	извинява	извинява	извинявахме	извинявахте	извиняваха	извинявах	извиняваше	извиняваше	извинявахме	извинявахте	извиняваха	извиняваи	извиняваите	извиняваики	извинявал	извинявала	извинявало	извинявали	извинявал	извинявала	извинявало	извинявали	извиняващ	извиняваща	извиняващо	извиняващи	извиняван	извинявана	извинявано	извинявани	извиняване	извиняванета
извлека	извлека	извлечеш	извлече	извлечем	извлечете	извлекат	извлякох	извлече	извлече	извлякохме	извлякохте	извлякоха	извлечах	извлечеше	извлечеше	извлечахме	извлечахте	извлечаха	извлечи	извлечете	-	извлякъл	извлякла	извлякло	извлекли	извлечал	извлечала	извлечало	извлечели	-	-	-	-	извлечен	извлечена	извлечено	извлечени	-	-
извличам	-	-	-	-	-	-	извличах	извлича	извлича	извличахме	извличахте	извличаха	извличах	извличаше	извличаше	извличахме	извличахте	извличаха	извличай	извличайте	извличайки	извличал	извличала	извличало	извличали	извличал	извличала	извличало	извличали	извличащ	извличаща	извличащо	извличащи	извличан	извличана	извличано	извличани	извличане	извличания-нета
извърша	извърша	извършиш	извърши	извършим	извършите	извършат	извърших	извърши	извърши	извършихме	извършихте	извършиха	извършех	извършеше	извършеше	извършехме	извършехте	извършеха	извърши	извършете	-	извършил	извършила	извършило	извършили	извършел	извършела	извършело	извършели	-	-	-	-	извършен	извършена	извършено	извършени	-	-
изгася	изгася	изгасиш	изгаси	изгасим	изгасите	изгасят	изгасих	изгаси	изгаси	изгасихме	изгасихте	изгасиха	изгасях	изгасеше	изгасеше	изгасяхме	изгасяхте	изгасяха	изгаси	изгасете	-	изгасил	изгасила	изгасило	изгасили	изгасял	изгасяла	изгасяло	изгасели	-	-	-	-	изгасен	изгасена	изгасено	изгасени	-	-
изгина	изгина	изгинеш	изгине	изгинем	изгинете	изгинат	изгинах	изгина	изгина	изгинахме	изгинахте	изгинаха	изгинех	изгинеше	изгинеше	изгинехме	изгинехте	изгинеха	изгини	изгинете	-	изгинал	изгинала	изгинало	изгинали	изгинел	изгинела	изгинело	изгинели	-	-	-	-	-	-	-	-	-	-
изгледам	-	-	-	-	-	-	изгледах	изгледа	изгледа	изгледахме	изгледахте	изгледаха	изгледах	изгледаше	изгледаше	изгледахме	изгледахте	изгледаха	изгледаи	изгледаите	-	изгледал	изгледала	изгледало	изгледали	изгледал	изгледала	изгледало	изгледали	-	-	-	-	изгледан	изгледана	изгледано	изгледани	-	-
изглеждам	-	-	-	-	-	-	изглеждах	изглежда	изглежда	изглеждахме	изглеждахте	изглеждаха	изглеждах	изглеждаше	изглеждаше	изглеждахме	изглеждахте	изглеждаха	изглеждаи	изглеждаите	изглеждаики	изглеждал	изглеждала	изглеждало	изглеждали	изглеждал	изглеждала	изглеждало	изглеждали	изглеждащ	изглеждаща	изглеждащо	изглеждащи	изглеждан	изглеждана	изглеждано	изглеждани	изглеждане	изглежданета
изговарям	-	-	-	-	-	-	изговарях	изговаря	изговаря	изговаряхме	изговаряхте	изговаряха	изговарях	изговаряше	изговаряше	изговаряхме	изговаряхте	изговаряха	изговаряй	изговаряйте	изговаряйки	изговарял	изговаряла	изговаряло	изговаряли	изговарял	изговаряла	изговаряло	изговаряли	изговарящ	изговаряща	изговарящо	изговарящи	изговарян	изговаряна	изговаряно	изговаряни	изговаряне	изговаряния-нета
изговоря	изговоря	изговориш	изговори	изговорим	изговорите	изговорят	изговорих	изговори	изговори	изговорихме	изговорихте	изговориха	изговорех	изговореше	изговореше	изговорехме	изговорехте	изговореха	изговори	изговорете	-	изговорил	изговорила	изговорило	изговорили	изговорел	изговорела	изговорело	изговорели	-	-	-	-	изговорен	изговорена	изговорено	изговорени	-	-
изградя	изградя	изградиш	изгради	изградим	изградите	изградят	изградих	изгради	изгради	изградихме	изградихте	изградиха	изградях	изградеше	изградеше	изградяхме	изградяхте	изградяха	изгради	изградете	-	изградил	изградила	изградило	изградили	изградял	изградяла	изградяло	изградели	-	-	-	-	изграден	изградена	изградено	изградени	-	-
изграждам	-	-	-	-	-	-	изграждах	изгражда	изгражда	изграждахме	изграждахте	изграждаха	изграждах	изграждаше	изграждаше	изграждахме	изграждахте	изграждаха	изграждаи	изграждаите	изграждаики	изграждал	изграждала	изграждало	изграждали	изграждал	изграждала	изграждало	изграждали	изграждащ	изграждаща	изграждащо	изграждащи	изграждан	изграждана	изграждано	изграждани	изграждане	изгражданета
изгреба	изгреба	изгребеш	изгребе	изгребем	изгребете	изгребат	изгребах	изгреба	изгреба	изгребахме	изгребахте	изгребаха	изгребях	изгребеше	изгребеше	изгребяхме	изгребяхте	изгребяха	изгреби	изгребете	-	изгребал	изгребала	изгребало	изгребали	изгребял	изгребяла	изгребяло	изгребели	-	-	-	-	изгребан	изгребана	изгребано	изгребани	-	-
изгребвам	-	-	-	-	-	-	изгребвах	изгребва	изгребва	изгребвахме	изгребвахте	изгребваха	изгребвах	изгребваше	изгребваше	изгребвахме	изгребвахте	изгребваха	изгребвай	изгребвайте	изгребвайки	изгребвал	изгребвала	изгребвало	изгребвали	изгребвал	изгребвала	изгребвало	изгребвали	изгребващ	изгребваща	изгребващо	изгребващи	изгребван	изгребвана	изгребвано	изгребвани	изгребване	изгребвания-нета
изгриза	изгриза	изгризеш	изгризе	изгризем	изгризете	изгризат	изгризах	изгриза	изгриза	изгризахме	изгризахте	изгризаха	изгризях	изгризеше	изгризеше	изгризяхме	изгризяхте	изгризяха	изгризи	изгризете	-	изгризал	изгризала	изгризало	изгризали	изгризял	изгризяла	изгризяло	изгризели	-	-	-	-	изгризан	изгризана	изгризано	изгризани	-	-
изгризвам	-	-	-	-	-	-	изгризвах	изгризва	изгризва	изгризвахме	изгризвахте	изгризваха	изгризвах	изгризваше	изгризваше	изгризвахме	изгризвахте	изгризваха	изгризвай	изгризвайте	изгризвайки	изгризвал	изгризвала	изгризвало	изгризвали	изгризвал	изгризвала	изгризвало	изгризвали	изгризващ	изгризваща	изгризващо	изгризващи	изгризван	изгризвана	изгризвано	изгризвани	изгризване	изгризвания-нета
изгубвам	-	-	-	-	-	-	изгубвах	изгубва	изгубва	изгубвахме	изгубвахте	изгубваха	изгубвах	изгубваше	изгубваше	изгубвахме	изгубвахте	изгубваха	изгубвай	изгубвайте	изгубвайки	изгубвал	изгубвала	изгубвало	изгубвали	изгубвал	изгубвала	изгубвало	изгубвали	изгубващ	изгубваща	изгубващо	изгубващи	изгубван	изгубвана	изгубвано	изгубвани	изгубване	изгубвания-нета
изгубя	изгубя	изгубиш	изгуби	изгубим	изгубите	изгубят	изгубих	изгуби	изгуби	изгубихме	изгубихте	изгубиха	изгубех	изгубеше	изгубеше	изгубехме	изгубехте	изгубеха	изгуби	изгубете	-	изгубил	изгубила	изгубило	изгубили	изгубел	изгубела	изгубело	изгубели	-	-	-	-	изгубен	изгубена	изгубено	изгубени	-	-
издавя	издавя	издавиш	издави	издавим	издавите	издавят	издавих	издави	издави	издавихме	издавихте	издавиха	издавех	издавеше	издавеше	издавехме	издавехте	издавеха	издави	издавете	-	издавил	издавила	издавило	издавили	издавел	издавела	издавело	издавели	-	-	-	-	издавен	издавена	издавено	издавени	-	-
издигам	-	-	-	-	-	-	издигах	издига	издига	издигахме	издигахте	издигаха	издигах	издигаше	издигаше	издигахме	издигахте	издигаха	издигаи	издигаите	издигаики	издигал	издигала	издигало	издигали	издигал	издигала	издигало	издигали	издигащ	издигаща	издигащо	издигащи	издиган	издигана	издигано	издигани	издигане	издиганета
изжъна	изжъна	изжънеш	изжъне	изжънем	изжънете	изжънат	изжънах	изжъна	изжъна	изжънахме	изжънахте	изжънаха	изжънех	изжънеше	изжънеше	изжънехме	изжънехте	изжънеха	изжъни	изжънете	-	изжънал	изжънала	изжънало	изжънали	изжънел	изжънела	изжънело	изжънели	-	-	-	-	изжънат	изжъната	изжънато	изжънати	-	-
изключвам	-	-	-	-	-	-	изключвах	изключва	изключва	изключвахме	изключвахте	изключваха	изключвах	изключваше	изключваше	изключвахме	изключвахте	изключваха	изключваи	изключваите	изключваики	изключвал	изключвала	изключвало	изключвали	изключвал	изключвала	изключвало	изключвали	изключващ	изключваща	изключващо	изключващи	изключван	изключвана	изключвано	изключвани	изключване	изключванета
изкова	изкова	изковеш	изкове	изковем	изковете	изковат	изковах	изкова	изкова	изковахме	изковахте	изковаха	изковях	изковеше	изковеше	изковяхме	изковяхте	изковяха	изкови	изковете	-	изковал	изковала	изковало	изковали	изковял	изковяла	изковяло	изковели	-	-	-	-	изкован	изкована	изковано	изковани	-	-
изковавам	-	-	-	-	-	-	изковавах	изковава	изковава	изковавахме	изковавахте	изковаваха	изковавах	изковаваше	изковаваше	изковавахме	изковавахте	изковаваха	изковавай	изковавайте	изковавайки	изковавал	изковавала	изковавало	изковавали	изковавал	изковавала	изковавало	изковавали	изковаващ	изковаваща	изковаващо	изковаващи	изковаван	изковавана	изковавано	изковавани	изковаване	изковавания-нета
изкупувам	-	-	-	-	-	-	изкупувах	изкупува	изкупува	изкупувахме	изкупувахте	изкупуваха	изкупувах	изкупуваше	изкупуваше	изкупувахме	изкупувахте	изкупуваха	изкупувай	изкупувайте	изкупувайки	изкупувал	изкупувала	изкупувало	изкупували	изкупувал	изкупувала	изкупувало	изкупували	изкупуващ	изкупуваща	изкупуващо	изкупуващи	изкупуван	изкупувана	изкупувано	изкупувани	изкупуване	изкупувания-нета
изкупя	изкупя	изкупиш	изкупи	изкупим	изкупите	изкупят	изкупих	изкупи	изкупи	изкупихме	изкупихте	изкупиха	изкупех	изкупеше	изкупеше	изкупехме	изкупехте	изкупеха	изкупи	изкупете	-	изкупил	изкупила	изкупило	изкупили	изкупел	изкупела	изкупело	изкупели	-	-	-	-	изкупен	изкупена	изкупено	изкупени	-	-
излетя	излетя	излетиш	излети	излетим	излетите	излетят	излетях	излетя	излетя	излетяхме	излетяхте	излетяха	излетях	излетеше	излетеше	излетяхме	излетяхте	излетяха	излети	излетете	-	излетял	излетяла	излетяло	излетели	излетял	излетяла	излетяло	излетели	-	-	-	-	-	-	-	-	-	-
излизам	-	-	-	-	-	-	излизах	излиза	излиза	излизахме	излизахте	излизаха	излизах	излизаше	излизаше	излизахме	излизахте	излизаха	излизай	излизайте	излизайки	излизал	излизала	излизало	излизали	излизал	излизала	излизало	излизали	излизащ	излизаща	излизащо	излизащи	-	-	-	-	излизане	излизания-нета
излича	излича	изличиш	изличи	изличим	изличите	изличат	изличих	изличи	изличи	изличихме	изличихте	изличиха	изличах	изличеше	изличеше	изличахме	изличахте	изличаха	изличи	изличете	-	изличил	изличила	изличило	изличили	изличал	изличала	изличало	изличали	-	-	-	-	-	-	-	-	-	-
изложа	изложа	изложиш	изложи	изложим	изложите	изложат	изложих	изложи	изложи	изложихме	изложихте	изложиха	изложех	изложеше	изложеше	изложехме	изложехте	изложеха	изложи	изложете	-	изложил	изложила	изложило	изложили	изложел	изложела	изложело	изложели	-	-	-	-	изложен	изложена	изложено	изложени	-	-
изляза	изляза	излезеш	излезе	излезем	излезете	излязат	излязох	излезе	излезе	излязохме	излязохте	излязоха	излезех	излезеше	излезеше	излезехме	излезехте	излезеха	излез	излезте	-	излязъл	излязла	излязло	излезли	излезел	излезела	излезело	излезели	-	-	-	-	-	-	-	-	-	-
измажа	измажа	измажеш	измаже	измажем	измажете	измажат	измазах	измаза	измаза	измазахме	измазахте	измазаха	измажех	измажеше	измажеше	измажехме	измажехте	измажеха	измажи	измажете	-	измазал	измазала	измазало	измазали	измажел	измажела	измажело	измажели	-	-	-	-	измазан	измазана	измазано	измазани	-	-
измамвам	-	-	-	-	-	-	измамвах	измамва	измамва	измамвахме	измамвахте	измамваха	измамвах	измамваше	измамваше	измамвахме	измамвахте	измамваха	измамваи	измамваите	измамваики	измамвал	измамвала	измамвало	измамвали	измамвал	измамвала	измамвало	измамвали	измамващ	измамваща	измамващо	измамващи	измамван	измамвана	измамвано	измамвани	измамване	измамванета
измамя	измамя	измамиш	измами	измамим	измамите	измамят	измамих	измами	измами	измамихме	измамихте	измамиха	измамех	измамеше	измамеше	измамехме	измамехте	измамеха	измами	измамете	-	измамил	измамила	измамило	измамили	измамел	измамела	измамело	измамели	-	-	-	-	измамен	измамена	измамено	измамени	-	-
измета	измета	изметеш	измете	изметем	изметете	изметат	изметох	измете	измете	изметохме	изметохте	изметоха	изметях	изметеше	изметеше	изметяхме	изметяхте	изметяха	измети	изметете	-	измел	измела	измело	измели	изметял	изметяла	изметяло	изметели	-	-	-	-	изметен	изметена	изметено	изметени	-	-
измина	измина	изминеш	измине	изминем	изминете	изминат	изминах	измина	измина	изминахме	изминахте	изминаха	изминех	изминеше	изминеше	изминехме	изминехте	изминеха	измини	изминете	-	изминал	изминала	изминало	изминали	изминел	изминела	изминело	изминели	-	-	-	-	изминат	измината	изминато	изминати	-	-
изминавам	-	-	-	-	-	-	изминавах	изминава	изминава	изминавахме	изминавахте	изминаваха	изминавах	изминаваше	изминаваше	изминавахме	изминавахте	изминаваха	изминавай	изминавайте	изминавайки	изминавал	изминавала	изминавало	изминавали	изминавал	изминавала	изминавало	изминавали	изминаващ	изминаваща	изминаващо	изминаващи	изминаван	изминавана	изминавано	изминавани	изминаване	изминавания-нета
измирам	-	-	-	-	-	-	измирах	измира	измира	измирахме	измирахте	измираха	измирах	измираше	измираше	измирахме	измирахте	измираха	измирай	измирайте	измирайки	измирал	измирала	измирало	измирали	измирал	измирала	измирало	измирали	измиращ	измираща	измиращо	измиращи	-	-	-	-	измиране	измирания-нета
измисля	измисля	измислиш	измисли	измислим	измислите	измислят	измислих	измисли	измисли	измислихме	измислихте	измислиха	измислех	измислеше	измислеше	измислехме	измислехте	измислеха	измисли	измислете	-	измислил	измислила	измислило	измислили	измислел	измислела	измислело	измислели	-	-	-	-	измислен	измислена	измислено	измислени	-	-
измислям	-	-	-	-	-	-	измислях	измисля	измисля	измисляхме	измисляхте	измисляха	измислях	измисляше	измисляше	измисляхме	измисляхте	измисляха	измисляи	измисляите	измисляики	измислял	измисляла	измисляло	измисляли	измислял	измисляла	измисляло	измисляли	измислящ	измисляща	измислящо	измислящи	измислян	измисляна	измисляно	измисляни	измисляне	измислянета
измитам	-	-	-	-	-	-	измитах	измита	измита	измитахме	измитахте	измитаха	измитах	измиташе	измиташе	измитахме	измитахте	измитаха	измитай	измитайте	измитайки	измитал	измитала	измитало	измитали	измитал	измитала	измитало	измитали	измитащ	измитаща	измитащо	измитащи	измитан	измитана	измитано	измитани	измитане	измитания-нета
измия	измия	измиеш	измие	измием	измиете	измият	измих	изми	изми	измихме	измихте	измиха	измиех	измиеше	измиеше	измиехме	измиехте	измиеха	измии	измиите	-	измил	измила	измило	измили	измиел	измиела	измиело	измиели	-	-	-	-	измит	измита	измито	измити	-	-
изморя	изморя	измориш	измори	изморим	изморите	изморят	изморих	измори	измори	изморихме	изморихте	измориха	изморях	измореше	измореше	изморяхме	изморяхте	изморяха	измори	изморете	-	изморил	изморила	изморило	изморили	изморял	изморяла	изморяло	изморели	-	-	-	-	изморен	изморена	изморено	изморени	-	-
измра	измра	измреш	измре	измрем	измрете	измрат	измрях	измря	измря	измряхме	измряхте	измряха	измрях	измреше	измреше	измряхме	измряхте	измряха	измри	измрете	-	измрял	измряла	измряло	измрели	измрял	измряла	измряло	измрели	-	-	-	-	-	-	-	-	-	-
измъквам	-	-	-	-	-	-	измъквах	измъква	измъква	измъквахме	измъквахте	измъкваха	измъквах	измъкваше	измъкваше	измъквахме	измъквахте	измъкваха	измъкваи	измъкваите	измъкваики	измъквал	измъквала	измъквало	измъквали	измъквал	измъквала	измъквало	измъквали	измъкващ	измъкваща	измъкващо	измъкващи	измъкван	измъквана	измъквано	измъквани	измъкване	измъкванета
измъкна	измъкна	измъкнеш	измъкне	измъкнем	измъкнете	измъкнат	измъкнах	измъкна	измъкна	измъкнахме	измъкнахте	измъкнаха	измъкнех	измъкнеше	измъкнеше	измъкнехме	измъкнехте	измъкнеха	измъкни	измъкнете	-	измъкнал	измъкнала	измъкнало	измъкнали	измъкнел	измъкнела	измъкнело	измъкнели	-	-	-	-	измъкнат	измъкната	измъкнато	измъкнати	-	-
измъча	измъча	измъчиш	измъчи	измъчим	измъчите	измъчат	измъчих	измъчи	измъчи	измъчихме	измъчихте	измъчиха	измъчех	измъчеше	измъчеше	измъчехме	измъчехте	измъчеха	измъчи	измъчете	-	измъчил	измъчила	измъчило	измъчили	измъчел	измъчела	измъчело	измъчели	-	-	-	-	измъчен	измъчена	измъчено	измъчени	-	-
измъчвам	-	-	-	-	-	-	измъчвах	измъчва	измъчва	измъчвахме	измъчвахте	измъчваха	измъчвах	измъчваше	измъчваше	измъчвахме	измъчвахте	измъчваха	измъчваи	измъчваите	измъчваики	измъчвал	измъчвала	измъчвало	измъчвали	измъчвал	измъчвала	измъчвало	измъчвали	измъчващ	измъчваща	измъчващо	измъчващи	измъчван	измъчвана	измъчвано	измъчвани	измъчване	измъчванета
изнасям	-	-	-	-	-	-	изнасях	изнася	изнася	изнасяхме	изнасяхте	изнасяха	изнасях	изнасяше	изнасяше	изнасяхме	изнасяхте	изнасяха	изнасяй	изнасяйте	изнасяйки	изнасял	изнасяла	изнасяло	изнасяли	изнасял	изнасяла	изнасяло	изнасяли	изнасящ	изнасяща	изнасящо	изнасящи	изнасян	изнасяна	изнасяно	изнасяни	изнасяне	изнасяния-нета
изнеса	изнеса	изнесеш	изнесе	изнесем	изнесете	изнесат	изнесох	изнесе	изнесе	изнесохме	изнесохте	изнесоха	изнесях	изнесеше	изнесеше	изнесяхме	изнесяхте	изнесяха	изнеси	изнесете	-	изнесъл	изнесла	изнесло	изнесли	изнесял	изнесяла	изнесяло	изнесели	-	-	-	-	изнесен	изнесена	изнесено	изнесени	-	-
изникна	изникна	изникнеш	изникне	изникнем	изникнете	изникнат	изникнах	изникна	изникна	изникнахме	изникнахте	изникнаха	изникнех	изникнеше	изникнеше	изникнехме	изникнехте	изникнеха	изникни	изникнете	-	изникнал	изникнала	изникнало	изникнали	изникнел	изникнела	изникнело	изникнели	-	-	-	-	-	-	-	-	-	-
изнудвам	-	-	-	-	-	-	изнудвах	изнудва	изнудва	изнудвахме	изнудвахте	изнудваха	изнудвах	изнудваше	изнудваше	изнудвахме	изнудвахте	изнудваха	изнудвай	изнудвайте	изнудвайки	изнудвал	изнудвала	изнудвало	изнудвали	изнудвал	изнудвала	изнудвало	изнудвали	изнудващ	изнудваща	изнудващо	изнудващи	изнудван	изнудвана	изнудвано	изнудвани	изнудване	изнудвания-нета
изнудя	изнудя	изнудиш	изнуди	изнудим	изнудите	изнудят	изнудих	изнуди	изнуди	изнудихме	изнудихте	изнудиха	изнудех	изнудеше	изнудеше	изнудехме	изнудехте	изнудеха	изнуди	изнудете	-	изнудил	изнудила	изнудило	изнудили	изнудел	изнудела	изнудело	изнудели	-	-	-	-	изнуден	изнудена	изнудено	изнудени	-	-
изнуря	изнуря	изнуриш	изнури	изнурим	изнурите	изнурят	изнурих	изнури	изнури	изнурихме	изнурихте	изнуриха	изнурях	изнуреше	изнуреше	изнуряхме	изнуряхте	изнуряха	изнури	изнурете	-	изнурил	изнурила	изнурило	изнурили	изнурял	изнуряла	изнуряло	изнурели	-	-	-	-	изнурен	изнурена	изнурено	изнурени	-	-
изобразя	изобразя	изобразиш	изобрази	изобразим	изобразите	изобразят	изобразих	изобрази	изобрази	изобразихме	изобразихте	изобразиха	изобразях	изобразеше	изобразеше	изобразяхме	изобразяхте	изобразяха	изобрази	изобразете	-	изобразил	изобразила	изобразило	изобразили	изобразял	изобразяла	изобразяло	изобразели	-	-	-	-	изобразен	изобразена	изобразено	изобразени	-	-
изобразявам	-	-	-	-	-	-	изобразявах	изобразява	изобразява	изобразявахме	изобразявахте	изобразяваха	изобразявах	изобразяваше	изобразяваше	изобразявахме	изобразявахте	изобразяваха	изобразяваи	изобразяваите	изобразяваики	изобразявал	изобразявала	изобразявало	изобразявали	изобразявал	изобразявала	изобразявало	изобразявали	изобразяващ	изобразяваща	изобразяващо	изобразяващи	изобразяван	изобразявана	изобразявано	изобразявани	изобразяване	изобразяванета
изобретя	изобретя	изобретиш	изобрети	изобретим	изобретите	изобретят	изобретих	изобрети	изобрети	изобретихме	изобретихте	изобретиха	изобретях	изобретеше	изобретеше	изобретяхме	изобретяхте	изобретяха	изобрети	изобретете	-	изобретил	изобретила	изобретило	изобретили	изобретял	изобретяла	изобретяло	изобретели	-	-	-	-	изобретен	изобретена	изобретено	изобретени	-	-
изора	изора	изореш	изоре	изорем	изорете	изорат	изорах	изора	изора	изорахме	изорахте	изораха	изорях	изореше	изореше	изоряхме	изоряхте	изоряха	изори	изорете	-	изорал	изорала	изорало	изорали	изорял	изоряла	изоряло	изорели	-	-	-	-	изоран	изорана	изорано	изорани	-	-
изоравам	-	-	-	-	-	-	изоравах	изорава	изорава	изоравахме	изоравахте	изораваха	изоравах	изораваше	изораваше	изоравахме	изоравахте	изораваха	изоравай	изоравайте	изоравайки	изоравал	изоравала	изоравало	изоравали	изоравал	изоравала	изоравало	изоравали	изораващ	изораваща	изораващо	изораващи	изораван	изоравана	изоравано	изоравани	изораване	изоравания-нета
изпадам	-	-	-	-	-	-	изпадах	изпада	изпада	изпадахме	изпадахте	изпадаха	изпадах	изпадаше	изпадаше	изпадахме	изпадахте	изпадаха	изпадаи	изпадаите	изпадаики	изпадал	изпадала	изпадало	изпадали	изпадал	изпадала	изпадало	изпадали	изпадащ	изпадаща	изпадащо	изпадащи	-	-	-	-	изпадане	изпаданета
изпаря	изпаря	изпариш	изпари	изпарим	изпарите	изпарят	изпарих	изпари	изпари	изпарихме	изпарихте	изпариха	изпарях	изпареше	изпареше	изпаряхме	изпаряхте	изпаряха	изпари	изпарете	-	изпарил	изпарила	изпарило	изпарили	изпарял	изпаряла	изпаряло	изпарели	-	-	-	-	изпарен	изпарена	изпарено	изпарени	-	-
изпаса	изпаса	изпасеш	изпасе	изпасем	изпасете	изпасат	изпасох	изпасе	изпасе	изпасохме	изпасохте	изпасоха	изпасях	изпасеше	изпасеше	изпасяхме	изпасяхте	изпасяха	изпаси	изпасете	-	изпасъл	изпасла	изпасло	изпасли	изпасял	изпасяла	изпасяло	изпасели	-	-	-	-	изпасен	изпасена	изпасено	изпасени	-	-
изпасвам	-	-	-	-	-	-	изпасвах	изпасва	изпасва	изпасвахме	изпасвахте	изпасваха	изпасвах	изпасваше	изпасваше	изпасвахме	изпасвахте	изпасваха	изпасвай	изпасвайте	изпасвайки	изпасвал	изпасвала	изпасвало	изпасвали	изпасвал	изпасвала	изпасвало	изпасвали	изпасващ	изпасваща	изпасващо	изпасващи	изпасван	изпасвана	изпасвано	изпасвани	изпасване	изпасвания-нета
изпека	изпека	изпечеш	изпече	изпечем	изпечете	изпекат	изпекох	изпече	изпече	изпекохме	изпекохте	изпекоха	изпечах	изпечеше	изпечеше	изпечахме	изпечахте	изпечаха	изпечи	изпечете	-	изпекъл	изпекла	изпекло	изпекли	изпечал	изпечала	изпечало	изпечели	-	-	-	-	изпечен	изпечена	изпечено	изпечени	-	-
изпея	изпея	изпееш	изпее	изпеем	изпеете	изпеят	изпях	изпя	изпя	изпяхме	изпяхте	изпяха	изпеех	изпееше	изпееше	изпеехме	изпеехте	изпееха	изпей	изпейте	-	изпял	изпяла	изпяло	изпели	изпеел	изпеела	изпеело	изпеели	-	-	-	-	изпят	изпята	изпято	изпети	-	-
изпивам	-	-	-	-	-	-	изпивах	изпива	изпива	изпивахме	изпивахте	изпиваха	изпивах	изпиваше	изпиваше	изпивахме	изпивахте	изпиваха	изпивай	изпивайте	изпивайки	изпивал	изпивала	изпивало	изпивали	изпивал	изпивала	изпивало	изпивали	изпиващ	изпиваща	изпиващо	изпиващи	изпиван	изпивана	изпивано	изпивани	изпиване	изпивания-нета
изпитам	-	-	-	-	-	-	изпитах	изпита	изпита	изпитахме	изпитахте	изпитаха	изпитах	изпиташе	изпиташе	изпитахме	изпитахте	изпитаха	изпитай	изпитайте	изпитайки	изпитал	изпитала	изпитало	изпитали	изпитал	изпитала	изпитало	изпитали	изпитащ	изпитаща	изпитащо	изпитащи	изпитан	изпитана	изпитано	изпитани	изпитане	изпитания-нета
изпитвам	-	-	-	-	-	-	изпитвах	изпитва	изпитва	изпитвахме	изпитвахте	изпитваха	изпитвах	изпитваше	изпитваше	изпитвахме	изпитвахте	изпитваха	изпитвай	изпитвайте	изпитвайки	изпитвал	изпитвала	изпитвало	изпитвали	изпитвал	изпитвала	изпитвало	изпитвали	изпитващ	изпитваща	изпитващо	изпитващи	изпитван	изпитвана	изпитвано	изпитвани	изпитване	изпитвания-нета
изпичам	-	-	-	-	-	-	изпичах	изпича	изпича	изпичахме	изпичахте	изпичаха	изпичах	изпичаше	изпичаше	изпичахме	изпичахте	изпичаха	изпичай	изпичайте	изпичайки	изпичал	изпичала	изпичало	изпичали	изпичал	изпичала	изпичало	изпичали	изпичащ	изпичаща	изпичащо	изпичащи	изпичан	изпичана	изпичано	изпичани	изпичане	изпичания-нета
изпия	изпия	изпиеш	изпие	изпием	изпиете	изпият	изпих	изпи	изпи	изпихме	изпихте	изпиха	изпиех	изпиеше	изпиеше	изпиехме	изпиехте	изпиеха	изпий	изпийте	-	изпил	изпила	изпило	изпили	изпиел	изпиела	изпиело	изпиели	-	-	-	-	изпит	изпита	изпито	изпити	-	-
изплаша	изплаша	изплашиш	изплаши	изплашим	изплашите	изплашат	изплаших	изплаши	изплаши	изплашихме	изплашихте	изплашиха	изплашех	изплашеше	изплашеше	изплашехме	изплашехте	изплашеха	изплаши	изплашете	-	изплашил	изплашила	изплашило	изплашили	изплашел	изплашела	изплашело	изплашели	-	-	-	-	изплашен	изплашена	изплашено	изплашени	-	-
изплашвам	-	-	-	-	-	-	изплашвах	изплашва	изплашва	изплашвахме	изплашвахте	изплашваха	изплашвах	изплашваше	изплашваше	изплашвахме	изплашвахте	изплашваха	изплашвай	изплашвайте	изплашвайки	изплашвал	изплашвала	изплашвало	изплашвали	изплашвал	изплашвала	изплашвало	изплашвали	изплашващ	изплашваща	изплашващо	изплашващи	изплашван	изплашвана	изплашвано	изплашвани	изплашване	изплашвания-нета
изплета	изплета	изплетеш	изплете	изплетем	изплетете	изплетат	изплетох	изплете	изплете	изплетохме	изплетохте	изплетоха	изплетях	изплетеше	изплетеше	изплетяхме	изплетяхте	изплетяха	изплети	изплетете	-	изплел	изплела	изплело	изплели	изплетял	изплетяла	изплетяло	изплетели	-	-	-	-	изплетен	изплетена	изплетено	изплетени	-	-
изплитам	-	-	-	-	-	-	изплитах	изплита	изплита	изплитахме	изплитахте	изплитаха	изплитах	изплиташе	изплиташе	изплитахме	изплитахте	изплитаха	изплитай	изплитайте	изплитайки	изплитал	изплитала	изплитало	изплитали	изплитал	изплитала	изплитало	изплитали	изплитащ	изплитаща	изплитащо	изплитащи	изплитан	изплитана	изплитано	изплитани	изплитане	изплитания-нета
използвам	-	-	-	-	-	-	използвах	използва	използва	използвахме	използвахте	използваха	използвах	използваше	използваше	използвахме	използвахте	използваха	използвай	използвайте	използвайки	използвал	използвала	използвало	използвали	използвал	използвала	използвало	използвали	използващ	използваща	използващо	използващи	използван	използвана	използвано	използвани	използване	използвания-нета
изправя	изправя	изправиш	изправи	изправим	изправите	изправят	изправих	изправи	изправи	изправихме	изправихте	изправиха	изправех	изправеше	изправеше	изправехме	изправехте	изправеха	изправи	изправете	-	изправил	изправила	изправило	изправили	изправел	изправела	изправело	изправели	-	-	-	-	изправен	изправена	изправено	изправени	-	-
изправям	-	-	-	-	-	-	изправях	изправя	изправя	изправяхме	изправяхте	изправяха	изправях	изправяше	изправяше	изправяхме	изправяхте	изправяха	изправяи	изправяите	изправяики	изправял	изправяла	изправяло	изправяли	изправял	изправяла	изправяло	изправяли	изправящ	изправяща	изправящо	изправящи	изправян	изправяна	изправяно	изправяни	изправяне	изправянета
изпратя	изпратя	изпратиш	изпрати	изпратим	изпратите	изпратят	изпратих	изпрати	изпрати	изпратихме	изпратихте	изпратиха	изпратех	изпратеше	изпратеше	изпратехме	изпратехте	изпратеха	изпрати	изпратете	-	изпратил	изпратила	изпратило	изпратили	изпрател	изпратела	изпратело	изпратели	-	-	-	-	изпратен	изпратена	изпратено	изпратени	-	-
изпращам	-	-	-	-	-	-	изпращах	изпраща	изпраща	изпращахме	изпращахте	изпращаха	изпращах	изпращаше	изпращаше	изпращахме	изпращахте	изпращаха	изпращаи	изпращаите	изпращаики	изпращал	изпращала	изпращало	изпращали	изпращал	изпращала	изпращало	изпращали	изпращащ	изпращаща	изпращащо	изпращащи	изпращан	изпращана	изпращано	изпращани	изпращане	изпращанета
изпреваря	изпреваря	изпревариш	изпревари	изпреварим	изпреварите	изпреварят	изпреварих	изпревари	изпревари	изпреварихме	изпреварихте	изпревариха	изпреварех	изпревареше	изпревареше	изпреварехме	изпреварехте	изпревареха	изпревари	изпреварете	-	изпреварил	изпреварила	изпреварило	изпреварили	изпреварел	изпреварела	изпреварело	изпреварели	-	-	-	-	изпреварен	изпреварена	изпреварено	изпреварени	-	-
изпреда	изпреда	изпредеш	изпреде	изпредем	изпредете	изпредат	изпредох	изпреде	изпреде	изпредохме	изпредохте	изпредоха	изпредях	изпредеше	изпредеше	изпредяхме	изпредяхте	изпредяха	изпреди	изпредете	-	изпрел	изпрела	изпрело	изпрели	изпредял	изпредяла	изпредяло	изпредели	-	-	-	-	изпреден	изпредена	изпредено	изпредени	-	-
изпреча	изпреча	изпречиш	изпречи	изпречим	изпречите	изпречат	изпречих	изпречи	изпречи	изпречихме	изпречихте	изпречиха	изпречех	изпречеше	изпречеше	изпречехме	изпречехте	изпречеха	изпречи	изпречете	-	изпречил	изпречила	изпречило	изпречили	изпречел	изпречела	изпречело	изпречели	-	-	-	-	изпречен	изпречена	изпречено	изпречени	-	-
изпридам	-	-	-	-	-	-	изпридах	изприда	изприда	изпридахме	изпридахте	изпридаха	изпридах	изпридаше	изпридаше	изпридахме	изпридахте	изпридаха	изпридай	изпридайте	изпридайки	изпридал	изпридала	изпридало	изпридали	изпридал	изпридала	изпридало	изпридали	изпридащ	изпридаща	изпридащо	изпридащи	изпридан	изпридана	изпридано	изпридани	изпридане	изпридания-нета
изпълвам	-	-	-	-	-	-	изпълвах	изпълва	изпълва	изпълвахме	изпълвахте	изпълваха	изпълвах	изпълваше	изпълваше	изпълвахме	изпълвахте	изпълваха	изпълваи	изпълваите	изпълваики	изпълвал	изпълвала	изпълвало	изпълвали	изпълвал	изпълвала	изпълвало	изпълвали	изпълващ	изпълваща	изпълващо	изпълващи	изпълван	изпълвана	изпълвано	изпълвани	изпълване	изпълванета
изпълня	изпълня	изпълниш	изпълни	изпълним	изпълните	изпълнят	изпълних	изпълни	изпълни	изпълнихме	изпълнихте	изпълниха	изпълнех	изпълнеше	изпълнеше	изпълнехме	изпълнехте	изпълнеха	изпълни	изпълнете	-	изпълнил	изпълнила	изпълнило	изпълнили	изпълнел	изпълнела	изпълнело	изпълнели	-	-	-	-	изпълнен	изпълнена	изпълнено	изпълнени	-	-
изпълнявам	-	-	-	-	-	-	изпълнявах	изпълнява	изпълнява	изпълнявахме	изпълнявахте	изпълняваха	изпълнявах	изпълняваше	изпълняваше	изпълнявахме	изпълнявахте	изпълняваха	изпълняваи	изпълняваите	изпълняваики	изпълнявал	изпълнявала	изпълнявало	изпълнявали	изпълнявал	изпълнявала	изпълнявало	изпълнявали	изпълняващ	изпълняваща	изпълняващо	изпълняващи	изпълняван	изпълнявана	изпълнявано	изпълнявани	изпълняване	изпълняванета
изпявам	-	-	-	-	-	-	изпявах	изпява	изпява	изпявахме	изпявахте	изпяваха	изпявах	изпяваше	изпяваше	изпявахме	изпявахте	изпяваха	изпявай	изпявайте	изпявайки	изпявал	изпявала	изпявало	изпявали	изпявал	изпявала	изпявало	изпявали	изпяващ	изпяваща	изпяващо	изпяващи	изпяван	изпявана	изпявано	изпявани	изпяване	изпявания-нета
изразя	изразя	изразиш	изрази	изразим	изразите	изразят	изразих	изрази	изрази	изразихме	изразихте	изразиха	изразях	изразеше	изразеше	изразяхме	изразяхте	изразяха	изрази	изразете	-	изразил	изразила	изразило	изразили	изразял	изразяла	изразяло	изразели	-	-	-	-	изразен	изразена	изразено	изразени	-	-
изразявам	-	-	-	-	-	-	изразявах	изразява	изразява	изразявахме	изразявахте	изразяваха	изразявах	изразяваше	изразяваше	изразявахме	изразявахте	изразяваха	изразяваи	изразяваите	изразяваики	изразявал	изразявала	изразявало	изразявали	изразявал	изразявала	изразявало	изразявали	изразяващ	изразяваща	изразяващо	изразяващи	изразяван	изразявана	изразявано	изразявани	изразяване	изразяванета
изрева	изрева	изревеш	изреве	изревем	изревете	изреват	изревах	изрева	изрева	изревахме	изревахте	изреваха	изревях	изревеше	изревеше	изревяхме	изревяхте	изревяха	изреви	изревете	-	изревал	изревала	изревало	изревали	изревял	изревяла	изревяло	изревели	-	-	-	-	-	-	-	-	-	-
изревавам	-	-	-	-	-	-	изревавах	изревава	изревава	изревавахме	изревавахте	изреваваха	изревавах	изреваваше	изреваваше	изревавахме	изревавахте	изреваваха	изревавай	изревавайте	изревавайки	изревавал	изревавала	изревавало	изревавали	изревавал	изревавала	изревавало	изревавали	изреваващ	изреваваща	изреваващо	изреваващи	-	-	-	-	изреваване	изревавания-нета
изрежа	изрежа	изрежеш	изреже	изрежем	изрежете	изрежат	изрязах	изряза	изряза	изрязахме	изрязахте	изрязаха	изрежех	изрежеше	изрежеше	изрежехме	изрежехте	изрежеха	изрежи	изрежете	-	изрязал	изрязала	изрязало	изрязали	изрежел	изрежела	изрежело	изрежели	-	-	-	-	изрязан	изрязана	изрязано	изрязани	-	-
изрека	изрека	изречеш	изрече	изречем	изречете	изрекат	изрекох	изрече	изрече	изрекохме	изрекохте	изрекоха	изречах	изречеше	изречеше	изречахме	изречахте	изречаха	изречи	изречете	-	изрекъл	изрекла	изрекло	изрекли	изречал	изречала	изречало	изречели	-	-	-	-	изречен	изречена	изречено	изречени	-	-
изрисувам	-	-	-	-	-	-	изрисувах	изрисува	изрисува	изрисувахме	изрисувахте	изрисуваха	изрисувах	изрисуваше	изрисуваше	изрисувахме	изрисувахте	изрисуваха	изрисуваи	изрисуваите	изрисуваики	изрисувал	изрисувала	изрисувало	изрисували	изрисувал	изрисувала	изрисувало	изрисували	изрисуващ	изрисуваща	изрисуващо	изрисуващи	изрисуван	изрисувана	изрисувано	изрисувани	изрисуване	изрисуванета
изричам	-	-	-	-	-	-	изричах	изрича	изрича	изричахме	изричахте	изричаха	изричах	изричаше	изричаше	изричахме	изричахте	изричаха	изричай	изричайте	изричайки	изричал	изричала	изричало	изричали	изричал	изричала	изричало	изричали	изричащ	изричаща	изричащо	изричащи	изричан	изричана	изричано	изричани	изричане	изричания-нета
изсека	изсека	изсечеш	изсече	изсечем	изсечете	изсекат	изсякох	изсече	изсече	изсякохме	изсякохте	изсякоха	изсечах	изсечеше	изсечеше	изсечахме	изсечахте	изсечаха	изсечи	изсечете	-	изсякъл	изсякла	изсякло	изсекли	изсечал	изсечала	изсечало	изсечели	-	-	-	-	изсечен	изсечена	изсечено	изсечени	-	-
изсипя	изсипя	изсипеш	изсипе	изсипем	изсипете	изсипят	изсипах	изсипа	изсипа	изсипахме	изсипахте	изсипаха	изсипех	изсипеше	изсипеше	изсипехме	изсипехте	изсипеха	изсипи	изсипете	-	изсипал	изсипала	изсипало	изсипали	изсипел	изсипела	изсипело	изсипели	-	-	-	-	изсипан	изсипана	изсипано	изсипани	-	-
изсичам	-	-	-	-	-	-	изсичах	изсича	изсича	изсичахме	изсичахте	изсичаха	изсичах	изсичаше	изсичаше	изсичахме	изсичахте	изсичаха	изсичай	изсичайте	изсичайки	изсичал	изсичала	изсичало	изсичали	изсичал	изсичала	изсичало	изсичали	изсичащ	изсичаща	изсичащо	изсичащи	изсичан	изсичана	изсичано	изсичани	изсичане	изсичания-нета
изследвам	-	-	-	-	-	-	изследвах	изследва	изследва	изследвахме	изследвахте	изследваха	изследвах	изследваше	изследваше	изследвахме	изследвахте	изследваха	изследваи	изследваите	изследваики	изследвал	изследвала	изследвало	изследвали	изследвал	изследвала	изследвало	изследвали	изследващ	изследваща	изследващо	изследващи	изследван	изследвана	изследвано	изследвани	изследване	изследванета
изслушам	-	-	-	-	-	-	изслушах	изслуша	изслуша	изслушахме	изслушахте	изслушаха	изслушах	изслушаше	изслушаше	изслушахме	изслушахте	изслушаха	изслушай	изслушайте	-	изслушал	изслушала	изслушало	изслушали	изслушал	изслушала	изслушало	изслушали	-	-	-	-	изслушан	изслушана	изслушано	изслушани	-	-
изслушвам	-	-	-	-	-	-	изслушвах	изслушва	изслушва	изслушвахме	изслушвахте	изслушваха	изслушвах	изслушваше	изслушваше	изслушвахме	изслушвахте	изслушваха	изслушвай	изслушвайте	изслушвайки	изслушвал	изслушвала	изслушвало	изслушвали	изслушвал	изслушвала	изслушвало	изслушвали	изслушващ	изслушваща	изслушващо	изслушващи	изслушван	изслушвана	изслушвано	изслушвани	изслушване	изслушвания-нета
изстина	изстина	изстинеш	изстине	изстинем	изстинете	изстинат	изстинах	изстина	изстина	изстинахме	изстинахте	изстинаха	изстинех	изстинеше	изстинеше	изстинехме	изстинехте	изстинеха	изстини	изстинете	-	изстинал	изстинала	изстинало	изстинали	изстинел	изстинела	изстинело	изстинели	-	-	-	-	-	-	-	-	-	-
изсуша	изсуша	изсушиш	изсуши	изсушим	изсушите	изсушат	изсуших	изсуши	изсуши	изсушихме	изсушихте	изсушиха	изсушах	изсушеше	изсушеше	изсушахме	изсушахте	изсушаха	изсуши	изсушете	-	изсушил	изсушила	изсушило	изсушили	изсушал	изсушала	изсушало	изсушали	-	-	-	-	изсушен	изсушена	изсушено	изсушени	-	-
изсъхна	изсъхна	изсъхнеш	изсъхне	изсъхнем	изсъхнете	изсъхнат	изсъхнах	изсъхна	изсъхна	изсъхнахме	изсъхнахте	изсъхнаха	изсъхнех	изсъхнеше	изсъхнеше	изсъхнехме	изсъхнехте	изсъхнеха	изсъхни	изсъхнете	-	изсъхнал	изсъхнала	изсъхнало	изсъхнали	изсъхнел	изсъхнела	изсъхнело	изсъхнели	-	-	-	-	-	-	-	-	-	-
изтека	изтека	изтечеш	изтече	изтечем	изтечете	изтекат	изтекох	изтече	изтече	изтекохме	изтекохте	изтекоха	изтечах	изтечеше	изтечеше	изтечахме	изтечахте	изтечаха	изтечи	изтечете	-	изтекъл	изтекла	изтекло	изтекли	изтечал	изтечала	изтечало	изтечели	-	-	-	-	-	-	-	-	-	-
изтичам	-	-	-	-	-	-	изтичах	изтича	изтича	изтичахме	изтичахте	изтичаха	изтичах	изтичаше	изтичаше	изтичахме	изтичахте	изтичаха	изтичай	изтичайте	изтичайки	изтичал	изтичала	изтичало	изтичали	изтичал	изтичала	изтичало	изтичали	изтичащ	изтичаща	изтичащо	изтичащи	-	-	-	-	изтичане	изтичания-нета
изтлея	изтлея	изтлееш	изтлее	изтлеем	изтлеете	изтлеят	изтлях	изтля	изтля	изтляхме	изтляхте	изтляха	изтлеех	изтлееше	изтлееше	изтлеехме	изтлеехте	изтлееха	изтлеи	изтлеите	-	изтлял	изтляла	изтляло	изтлели	изтлеел	изтлеела	изтлеело	изтлеели	-	-	-	-	-	-	-	-	-	-
изтощя	изтощя	изтощиш	изтощи	изтощим	изтощите	изтощят	изтощих	изтощи	изтощи	изтощихме	изтощихте	изтощиха	изтощях	изтощеше	изтощеше	изтощяхме	изтощяхте	изтощяха	изтощи	изтощете	-	изтощил	изтощила	изтощило	изтощили	изтощял	изтощяла	изтощяло	изтощели	-	-	-	-	изтощен	изтощена	изтощено	изтощени	-	-
изтребвам	-	-	-	-	-	-	изтребвах	изтребва	изтребва	изтребвахме	изтребвахте	изтребваха	изтребвах	изтребваше	изтребваше	изтребвахме	изтребвахте	изтребваха	изтребваи	изтребваите	изтребваики	изтребвал	изтребвала	изтребвало	изтребвали	изтребвал	изтребвала	изтребвало	изтребвали	изтребващ	изтребваща	изтребващо	изтребващи	изтребван	изтребвана	изтребвано	изтребвани	изтребване	изтребванета
изтребя	изтребя	изтребиш	изтреби	изтребим	изтребите	изтребят	изтребих	изтреби	изтреби	изтребихме	изтребихте	изтребиха	изтребех	изтребеше	изтребеше	изтребехме	изтребехте	изтребеха	изтреби	изтребете	-	изтребил	изтребила	изтребило	изтребили	изтребел	изтребела	изтребело	изтребели	-	-	-	-	изтребен	изтребена	изтребено	изтребени	-	-
изтривам	-	-	-	-	-	-	изтривах	изтрива	изтрива	изтривахме	изтривахте	изтриваха	изтривах	изтриваше	изтриваше	изтривахме	изтривахте	изтриваха	изтриваи	изтриваите	изтриваики	изтривал	изтривала	изтривало	изтривали	изтривал	изтривала	изтривало	изтривали	изтриващ	изтриваща	изтриващо	изтриващи	изтриван	изтривана	изтривано	изтривани	изтриване	изтриванета
изтърва	изтърва	изтървеш	изтърве	изтървем	изтървете	изтърват	изтървах	изтърва	изтърва	изтървахме	изтървахте	изтърваха	изтървях	изтървеше	изтървеше	изтървяхме	изтървяхте	изтървяха	изтърви	изтървете	-	изтървал	изтървала	изтървало	изтървали	изтървял	изтървяла	изтървяло	изтървели	-	-	-	-	изтърван	изтървана	изтървано	изтървани	-	-
изтървавам	-	-	-	-	-	-	изтървавах	изтървава	изтървава	изтървавахме	изтървавахте	изтърваваха	изтървавах	изтърваваше	изтърваваше	изтървавахме	изтървавахте	изтърваваха	изтървавай	изтървавайте	изтървавайки	изтървавал	изтървавала	изтървавало	изтървавали	изтървавал	изтървавала	изтървавало	изтървавали	изтърваващ	изтърваваща	изтърваващо	изтърваващи	изтърваван	изтървавана	изтървавано	изтървавани	изтърваване	изтървавания-нета
изувам	-	-	-	-	-	-	изувах	изува	изува	изувахме	изувахте	изуваха	изувах	изуваше	изуваше	изувахме	изувахте	изуваха	изуваи	изуваите	изуваики	изувал	изувала	изувало	изували	изувал	изувала	изувало	изували	изуващ	изуваща	изуващо	изуващи	изуван	изувана	изувано	изувани	изуване	изуванета
изуя	изуя	изуеш	изуе	изуем	изуете	изуят	изух	изу	изу	изухме	изухте	изуха	изуех	изуеше	изуеше	изуехме	изуехте	изуеха	изуи	изуите	-	изул	изула	изуло	изули	изуел	изуела	изуело	изуели	-	-	-	-	изут	изута	изуто	изути	-	-
изчезвам	-	-	-	-	-	-	изчезвах	изчезва	изчезва	изчезвахме	изчезвахте	изчезваха	изчезвах	изчезваше	изчезваше	изчезвахме	изчезвахте	изчезваха	изчезвай	изчезвайте	изчезвайки	изчезвал	изчезвала	изчезвало	изчезвали	изчезвал	изчезвала	изчезвало	изчезвали	изчезващ	изчезваща	изчезващо	изчезващи	-	-	-	-	изчезване	изчезвания-нета
изчезна	изчезна	изчезнеш	изчезне	изчезнем	изчезнете	изчезнат	изчезнах	изчезна	изчезна	изчезнахме	изчезнахте	изчезнаха	изчезнех	изчезнеше	изчезнеше	изчезнехме	изчезнехте	изчезнеха	изчезни	изчезнете	-	изчезнал	изчезнала	изчезнало	изчезнали	изчезнел	изчезнела	изчезнело	изчезнели	-	-	-	-	-	-	-	-	-	-
изчета	изчета	изчетеш	изчете	изчетем	изчетете	изчетат	изчетох	изчете	изчете	изчетохме	изчетохте	изчетоха	изчетях	изчетеше	изчетеше	изчетяхме	изчетяхте	изчетяха	изчети	изчетете	-	изчел	изчела	изчело	изчели	изчетял	изчетяла	изчетяло	изчетели	-	-	-	-	изчетен	изчетена	изчетено	изчетени	-	-
изчиствам	-	-	-	-	-	-	изчиствах	изчиства	изчиства	изчиствахме	изчиствахте	изчистваха	изчиствах	изчистваше	изчистваше	изчиствахме	изчиствахте	изчистваха	изчистваи	изчистваите	изчистваики	изчиствал	изчиствала	изчиствало	изчиствали	изчиствал	изчиствала	изчиствало	изчиствали	изчистващ	изчистваща	изчистващо	изчистващи	изчистван	изчиствана	изчиствано	изчиствани	изчистване	изчистванета
изчистя	изчистя	изчистиш	изчисти	изчистим	изчистите	изчистят	изчистих	изчисти	изчисти	изчистихме	изчистихте	изчистиха	изчистех	изчистеше	изчистеше	изчистехме	изчистехте	изчистеха	изчисти	изчистете	-	изчистил	изчистила	изчистило	изчистили	изчистел	изчистела	изчистело	изчистели	-	-	-	-	изчистен	изчистена	изчистено	изчистени	-	-
изчитам	-	-	-	-	-	-	изчитах	изчита	изчита	изчитахме	изчитахте	изчитаха	изчитах	изчиташе	изчиташе	изчитахме	изчитахте	изчитаха	изчитай	изчитайте	изчитайки	изчитал	изчитала	изчитало	изчитали	изчитал	изчитала	изчитало	изчитали	изчитащ	изчитаща	изчитащо	изчитащи	изчитан	изчитана	изчитано	изчитани	изчитане	изчитания-нета
изясня	изясня	изясниш	изясни	изясним	изясните	изяснят	изясних	изясни	изясни	изяснихме	изяснихте	изясниха	изяснях	изяснеше	изяснеше	изясняхме	изясняхте	изясняха	изясни	изяснете	-	изяснил	изяснила	изяснило	изяснили	изяснял	изясняла	изясняло	изяснели	-	-	-	-	изяснен	изяснена	изяснено	изяснени	-	-
изяснявам	-	-	-	-	-	-	изяснявах	изяснява	изяснява	изяснявахме	изяснявахте	изясняваха	изяснявах	изясняваше	изясняваше	изяснявахме	изяснявахте	изясняваха	изясняваи	изясняваите	изясняваики	изяснявал	изяснявала	изяснявало	изяснявали	изяснявал	изяснявала	изяснявало	изяснявали	изясняващ	изясняваща	изясняващо	изясняващи	изясняван	изяснявана	изяснявано	изяснявани	изясняване	изясняванета
икам	-	-	-	-	-	-	иках	ика	ика	икахме	икахте	икаха	иках	икаше	икаше	икахме	икахте	икаха	икаи	икаите	икаики	икал	икала	икало	икали	икал	икала	икало	икали	икащ	икаща	икащо	икащи	икан	икана	икано	икани	икане	иканета
имам	-	-	-	-	-	-	имах	има	има	имахме	имахте	имаха	имах	имаше	имаше	имахме	имахте	имаха	имаи	имаите	имаики	имал	имала	имало	имали	имал	имала	имало	имали	имащ	имаща	имащо	имащи	иман	имана	имано	имани	имане	иманета
именувам	-	-	-	-	-	-	именувах	именува	именува	именувахме	именувахте	именуваха	именувах	именуваше	именуваше	именувахме	именувахте	именуваха	именуваи	именуваите	именуваики	именувал	именувала	именувало	именували	именувал	именувала	именувало	именували	именуващ	именуваща	именуващо	именуващи	именуван	именувана	именувано	именувани	именуване	именуванета
имплементирам	-	-	-	-	-	-	имплементирах	имплементира	имплементира	имплементирахме	имплементирахте	имплементираха	имплементирах	имплементираше	имплементираше	имплементирахме	имплементирахте	имплементираха	имплементираи	имплементираите	имплементираики	имплементирал	имплементирала	имплементирало	имплементирали	имплементирал	имплементирала	имплементирало	имплементирали	имплементиращ	имплементираща	имплементиращо	имплементиращи	имплементиран	имплементирана	имплементирано	имплементирани	имплементиране	имплементиранета
инвестирам	-	-	-	-	-	-	инвестирах	инвестира	инвестира	инвестирахме	инвестирахте	инвестираха	инвестирах	инвестираше	инвестираше	инвестирахме	инвестирахте	инвестираха	инвестирай	инвестирайте	инвестирайки	инвестирал	инвестирала	инвестирало	инвестирали	инвестирал	инвестирала	инвестирало	инвестирали	инвестиращ	инвестираща	инвестиращо	инвестиращи	инвестиран	инвестирана	инвестирано	инвестирани	инвестиране	инвестирания-нета
интересувам	-	-	-	-	-	-	интересувах	интересува	интересува	интересувахме	интересувахте	интересуваха	интересувах	интересуваше	интересуваше	интересувахме	интересувахте	интересуваха	интересувай	интересувайте	интересувайки	интересувал	интересувала	интересувало	интересували	интересувал	интересувала	интересувало	интересували	интересуващ	интересуваща	интересуващо	интересуващи	интересуван	интересувана	интересувано	интересувани	интересуване	интересувания-нета
интерпретирам	-	-	-	-	-	-	интерпретирах	интерпретира	интерпретира	интерпретирахме	интерпретирахте	интерпретираха	интерпретирах	интерпретираше	интерпретираше	интерпретирахме	интерпретирахте	интерпретираха	интерпретираи	интерпретираите	интерпретираики	интерпретирал	интерпретирала	интерпретирало	интерпретирали	интерпретирал	интерпретирала	интерпретирало	интерпретирали	интерпретиращ	интерпретираща	интерпретиращо	интерпретиращи	интерпретиран	интерпретирана	интерпретирано	интерпретирани	интерпретиране	интерпретиранета
иотирам	-	-	-	-	-	-	иотирах	иотира	иотира	иотирахме	иотирахте	иотираха	иотирах	иотираше	иотираше	иотирахме	иотирахте	иотираха	иотираи	иотираите	иотираики	иотирал	иотирала	иотирало	иотирали	иотирал	иотирала	иотирало	иотирали	иотиращ	иотираща	иотиращо	иотиращи	иотиран	иотирана	иотирано	иотирани	иотиране	иотиранета
иотувам	-	-	-	-	-	-	иотувах	иотува	иотува	иотувахме	иотувахте	иотуваха	иотувах	иотуваше	иотуваше	иотувахме	иотувахте	иотуваха	иотуваи	иотуваите	иотуваики	иотувал	иотувала	иотувало	иотували	иотувал	иотувала	иотувало	иотували	иотуващ	иотуваща	иотуващо	иотуващи	иотуван	иотувана	иотувано	иотувани	иотуване	иотуванета
искам	-	-	-	-	-	-	исках	иска	иска	искахме	искахте	искаха	исках	искаше	искаше	искахме	искахте	искаха	искай	искайте	искайки	искал	искала	искало	искали	искал	искала	искало	искали	искащ	искаща	искащо	искащи	искан	искана	искано	искани	искане	искания-нета
искря	искря	искриш	искри	искрим	искрите	искрят	искрих	искри	искри	искрихме	искрихте	искриха	искрях	искреше	искреше	искряхме	искряхте	искряха	искри	искрете	искреики	искрил	искрила	искрило	искрели	искрял	искряла	искряло	искрели	искрящ	искряща	искрящо	искрящи	искрян	искряна	искряно	искрени	искрене	искренета
итерирам	-	-	-	-	-	-	итерирах	итерира	итерира	итерирахме	итерирахте	итерираха	итерирах	итерираше	итерираше	итерирахме	итерирахте	итерираха	итерираи	итерираите	итерираики	итерирал	итерирала	итерирало	итерирали	итерирал	итерирала	итерирало	итерирали	итериращ	итерираща	итериращо	итериращи	итериран	итерирана	итерирано	итерирани	итериране	итериранета
ища	ища	ищеш	ище	ищем	ищете	ищат	ищах	ища	ища	ищахме	ищахте	ищаха	ищех	ищеше	ищеше	ищехме	ищехте	ищеха	ищи	ищете	ищеики	ищал	ищала	ищало	ищали	ищел	ищела	ищело	ищели	ищещ	ищеща	ищещо	ищещи	ищан	ищана	ищано	ищани	ищене	ищенета
ищя	ищя	ищиш	ищи	ищим	ищите	ищят	ищях	ищя	ищя	ищяхме	ищяхте	ищяха	ищях	ищеше	ищеше	ищяхме	ищяхте	ищяха	ищи	ищете	ищеики	ищял	ищяла	ищяло	ищели	ищял	ищяла	ищяло	ищели	ищящ	ищяща	ищящо	ищящи	ищян	ищяна	ищяно	ищени	ищене	ищенета
кадя	кадя	кадиш	кади	кадим	кадите	кадят	кадих	кади	кади	кадихме	кадихте	кадиха	кадях	кадеше	кадеше	кадяхме	кадяхте	кадяха	кади	кадете	кадеики	кадил	кадила	кадило	кадили	кадял	кадяла	кадяло	кадели	кадящ	кадяща	кадящо	кадящи	каден	кадена	кадено	кадени	кадене	каденета
кажа	кажа	кажеш	каже	кажем	кажете	кажат	казах	каза	каза	казахме	казахте	казаха	кажех	кажеше	кажеше	кажехме	кажехте	кажеха	кажи	кажете	-	казал	казала	казало	казали	кажел	кажела	кажело	кажели	-	-	-	-	казан	казана	казано	казани	-	-
казвам	-	-	-	-	-	-	казвах	казва	казва	казвахме	казвахте	казваха	казвах	казваше	казваше	казвахме	казвахте	казваха	казвай	казвайте	казвайки	казвал	казвала	казвало	казвали	казвал	казвала	казвало	казвали	казващ	казваща	казващо	казващи	казван	казвана	казвано	казвани	казване	казвания-нета
какам	-	-	-	-	-	-	каках	кака	кака	какахме	какахте	какаха	каках	какаше	какаше	какахме	какахте	какаха	какаи	какаите	какаики	какал	какала	какало	какали	какал	какала	какало	какали	какащ	какаща	какащо	какащи	-	-	-	-	какане	каканета
калкирам	-	-	-	-	-	-	калкирах	калкира	калкира	калкирахме	калкирахте	калкираха	калкирах	калкираше	калкираше	калкирахме	калкирахте	калкираха	калкираи	калкираите	калкираики	калкирал	калкирала	калкирало	калкирали	калкирал	калкирала	калкирало	калкирали	калкиращ	калкираща	калкиращо	калкиращи	калкиран	калкирана	калкирано	калкирани	калкиране	калкиранета
каля	каля	калиш	кали	калим	калите	калят	калих	кали	кали	калихме	калихте	калиха	калях	калеше	калеше	каляхме	каляхте	каляха	кали	калете	-	калил	калила	калило	калили	калял	каляла	каляло	калели	-	-	-	-	кален	калена	калено	калени	-	-
калявам	-	-	-	-	-	-	калявах	калява	калява	калявахме	калявахте	каляваха	калявах	каляваше	каляваше	калявахме	калявахте	каляваха	каляваи	каляваите	каляваики	калявал	калявала	калявало	калявали	калявал	калявала	калявало	калявали	каляващ	каляваща	каляващо	каляващи	каляван	калявана	калявано	калявани	каляване	каляванета
калям	-	-	-	-	-	-	калях	каля	каля	каляхме	каляхте	каляха	калях	каляше	каляше	каляхме	каляхте	каляха	каляи	каляите	каляики	калял	каляла	каляло	каляли	калял	каляла	каляло	каляли	калящ	каляща	калящо	калящи	калян	каляна	каляно	каляни	каляне	калянета
кандидатствам	-	-	-	-	-	-	кандидатствах	кандидатства	кандидатства	кандидатствахме	кандидатствахте	кандидатстваха	кандидатствах	кандидатстваше	кандидатстваше	кандидатствахме	кандидатствахте	кандидатстваха	кандидатстваи	кандидатстваите	кандидатстваики	кандидатствал	кандидатствала	кандидатствало	кандидатствали	кандидатствал	кандидатствала	кандидатствало	кандидатствали	кандидатстващ	кандидатстваща	кандидатстващо	кандидатстващи	-	-	-	-	кандидатстване	кандидатстванета
кандидатствувам	-	-	-	-	-	-	кандидатствувах	кандидатствува	кандидатствува	кандидатствувахме	кандидатствувахте	кандидатствуваха	кандидатствувах	кандидатствуваше	кандидатствуваше	кандидатствувахме	кандидатствувахте	кандидатствуваха	кандидатствуваи	кандидатствуваите	кандидатствуваики	кандидатствувал	кандидатствувала	кандидатствувало	кандидатствували	кандидатствувал	кандидатствувала	кандидатствувало	кандидатствували	кандидатствуващ	кандидатствуваща	кандидатствуващо	кандидатствуващи	-	-	-	-	кандидатствуване	кандидатствуванета
каня	каня	каниш	кани	каним	каните	канят	каних	кани	кани	канихме	канихте	каниха	канех	канеше	канеше	канехме	канехте	канеха	кани	канете	канеики	канил	канила	канило	канили	канел	канела	канело	канели	канещ	канеща	канещо	канещи	канен	канена	канено	канени	канене	каненета
капна	капна	капнеш	капне	капнем	капнете	капнат	капнах	капна	капна	капнахме	капнахте	капнаха	капнех	капнеше	капнеше	капнехме	капнехте	капнеха	капни	капнете	-	капнал	капнала	капнало	капнали	капнел	капнела	капнело	капнели	-	-	-	-	-	-	-	-	-	-
капя	капя	капеш	капе	капем	капете	капят	капах	капа	капа	капахме	капахте	капаха	капех	капеше	капеше	капехме	капехте	капеха	капи	капете	капейки	капал	капала	капало	капали	капел	капела	капело	капели	капещ	капеща	капещо	капещи	-	-	-	-	капане	капания-нета
карам	-	-	-	-	-	-	карах	кара	кара	карахме	карахте	караха	карах	караше	караше	карахме	карахте	караха	караи	караите	караики	карал	карала	карало	карали	карал	карала	карало	карали	каращ	караща	каращо	каращи	каран	карана	карано	карани	каране	каранета
касая	касая	касаеш	касае	касаем	касаете	касаят	касах	каса	каса	касахме	касахте	касаха	касаех	касаеше	касаеше	касаехме	касаехте	касаеха	касаи	касаите	касаеики	касал	касала	касало	касали	касаел	касаела	касаело	касаели	касаещ	касаеща	касаещо	касаещи	касан	касана	касано	касани	касаене	касаенета
катая	катая	катаеш	катае	катаем	катаете	катаят	катах	ката	ката	катахме	катахте	катаха	катаех	катаеше	катаеше	катаехме	катаехте	катаеха	катаи	катаите	катаеики	катал	катала	катало	катали	катаел	катаела	катаело	катаели	катаещ	катаеща	катаещо	катаещи	катан	катана	катано	катани	катаене	катаенета
катря	катря	катриш	катри	катрим	катрите	катрят	катрих	катри	катри	катрихме	катрихте	катриха	катрех	катреше	катреше	катрехме	катрехте	катреха	катри	катрете	катреики	катрил	катрила	катрило	катрили	катрел	катрела	катрело	катрели	катрещ	катреща	катрещо	катрещи	-	-	-	-	катрене	катренета
кацам	-	-	-	-	-	-	кацах	каца	каца	кацахме	кацахте	кацаха	кацах	кацаше	кацаше	кацахме	кацахте	кацаха	кацаи	кацаите	кацаики	кацал	кацала	кацало	кацали	кацал	кацала	кацало	кацали	кацащ	кацаща	кацащо	кацащи	-	-	-	-	кацане	кацанета
кача	кача	качиш	качи	качим	качите	качат	качих	качи	качи	качихме	качихте	качиха	качах	качеше	качеше	качахме	качахте	качаха	качи	качете	-	качил	качила	качило	качили	качал	качала	качало	качали	-	-	-	-	качен	качена	качено	качени	-	-
качвам	-	-	-	-	-	-	качвах	качва	качва	качвахме	качвахте	качваха	качвах	качваше	качваше	качвахме	качвахте	качваха	качваи	качваите	качваики	качвал	качвала	качвало	качвали	качвал	качвала	качвало	качвали	качващ	качваща	качващо	качващи	качван	качвана	качвано	качвани	качване	качванета
кашлям	-	-	-	-	-	-	кашлях	кашля	кашля	кашляхме	кашляхте	кашляха	кашлях	кашляше	кашляше	кашляхме	кашляхте	кашляха	кашляи	кашляите	кашляики	кашлял	кашляла	кашляло	кашляли	кашлял	кашляла	кашляло	кашляли	кашлящ	кашляща	кашлящо	кашлящи	кашлян	кашляна	кашляно	кашляни	кашляне	кашлянета
квакам	-	-	-	-	-	-	кваках	квака	квака	квакахме	квакахте	квакаха	кваках	квакаше	квакаше	квакахме	квакахте	квакаха	квакаи	квакаите	квакаики	квакал	квакала	квакало	квакали	квакал	квакала	квакало	квакали	квакащ	квакаща	квакащо	квакащи	-	-	-	-	квакане	кваканета
квася	квася	квасиш	кваси	квасим	квасите	квасят	квасих	кваси	кваси	квасихме	квасихте	квасиха	квасех	квасеше	квасеше	квасехме	квасехте	квасеха	кваси	квасете	квасеики	квасил	квасила	квасило	квасили	квасел	квасела	квасело	квасели	квасещ	квасеща	квасещо	квасещи	квасен	квасена	квасено	квасени	квасене	квасенета
кеширам	-	-	-	-	-	-	кеширах	кешира	кешира	кеширахме	кеширахте	кешираха	кеширах	кешираше	кешираше	кеширахме	кеширахте	кешираха	кешираи	кешираите	кешираики	кеширал	кеширала	кеширало	кеширали	кеширал	кеширала	кеширало	кеширали	кеширащ	кешираща	кеширащо	кеширащи	кеширан	кеширана	кеширано	кеширани	кеширане	кеширанета
кимвам	-	-	-	-	-	-	кимвах	кимва	кимва	кимвахме	кимвахте	кимваха	кимвах	кимваше	кимваше	кимвахме	кимвахте	кимваха	кимваи	кимваите	кимваики	кимвал	кимвала	кимвало	кимвали	кимвал	кимвала	кимвало	кимвали	кимващ	кимваща	кимващо	кимващи	-	-	-	-	кимване	кимванета
кимна	кимна	кимнеш	кимне	кимнем	кимнете	кимнат	кимнах	кимна	кимна	кимнахме	кимнахте	кимнаха	кимнех	кимнеше	кимнеше	кимнехме	кимнехте	кимнеха	кимни	кимнете	-	кимнал	кимнала	кимнало	кимнали	кимнел	кимнела	кимнело	кимнели	-	-	-	-	-	-	-	-	-	-
кипя	кипя	кипиш	кипи	кипим	кипите	кипят	кипях	кипя	кипя	кипяхме	кипяхте	кипяха	кипях	кипеше	кипеше	кипяхме	кипяхте	кипяха	кипи	кипете	кипеики	кипял	кипяла	кипяло	кипели	кипял	кипяла	кипяло	кипели	кипящ	кипяща	кипящо	кипящи	-	-	-	-	кипене	кипенета
кисна	кисна	киснеш	кисне	киснем	киснете	киснат	киснах	кисна	кисна	киснахме	киснахте	киснаха	киснех	киснеше	киснеше	киснехме	киснехте	киснеха	кисни	киснете	киснеики	киснал	киснала	киснало	киснали	киснел	киснела	киснело	киснели	киснещ	киснеща	киснещо	киснещи	киснат	кисната	киснато	киснати	киснене	кисненета
китя	китя	китиш	кити	китим	китите	китят	китих	кити	кити	китихме	китихте	китиха	китех	китеше	китеше	китехме	китехте	китеха	кити	китете	китеики	китил	китила	китило	китили	кител	китела	китело	кители	китещ	китеща	китещо	китещи	китен	китена	китено	китени	китене	китенета
кихам	-	-	-	-	-	-	кихах	киха	киха	кихахме	кихахте	кихаха	кихах	кихаше	кихаше	кихахме	кихахте	кихаха	кихаи	кихаите	кихаики	кихал	кихала	кихало	кихали	кихал	кихала	кихало	кихали	кихащ	кихаща	кихащо	кихащи	-	-	-	-	кихане	киханета
кича	кича	кичиш	кичи	кичим	кичите	кичат	кичих	кичи	кичи	кичихме	кичихте	кичиха	кичех	кичеше	кичеше	кичехме	кичехте	кичеха	кичи	кичете	кичеики	кичил	кичила	кичило	кичили	кичел	кичела	кичело	кичели	кичещ	кичеща	кичещо	кичещи	кичен	кичена	кичено	кичени	кичене	киченета
клада	клада	кладеш	кладе	кладем	кладете	кладат	кладох	кладе	кладе	кладохме	кладохте	кладоха	кладях	кладеше	кладеше	кладяхме	кладяхте	кладяха	клади	кладете	кладейки	клал	клала	клало	клали	кладял	кладяла	кладяло	кладели	кладящ	кладяща	кладящо	кладящи	кладен	кладена	кладено	кладени	кладене	кладения-нета
клатя	клатя	клатиш	клати	клатим	клатите	клатят	клатих	клати	клати	клатихме	клатихте	клатиха	клатех	клатеше	клатеше	клатехме	клатехте	клатеха	клати	клатете	клатеики	клатил	клатила	клатило	клатили	клател	клатела	клатело	клатели	клатещ	клатеща	клатещо	клатещи	клатен	клатена	клатено	клатени	клатене	клатенета
клеветя	клеветя	клеветиш	клевети	клеветим	клеветите	клеветят	клеветих	клевети	клевети	клеветихме	клеветихте	клеветиха	клеветях	клеветеше	клеветеше	клеветяхме	клеветяхте	клеветяха	клевети	клеветете	клеветеики	клеветил	клеветила	клеветило	клеветили	клеветял	клеветяла	клеветяло	клеветели	клеветящ	клеветяща	клеветящо	клеветящи	клеветен	клеветена	клеветено	клеветени	клеветене	клеветенета
клепам	-	-	-	-	-	-	клепах	клепа	клепа	клепахме	клепахте	клепаха	клепах	клепаше	клепаше	клепахме	клепахте	клепаха	клепаи	клепаите	клепаики	клепал	клепала	клепало	клепали	клепал	клепала	клепало	клепали	клепащ	клепаща	клепащо	клепащи	клепан	клепана	клепано	клепани	клепане	клепанета
клефам	-	-	-	-	-	-	клефах	клефа	клефа	клефахме	клефахте	клефаха	клефах	клефаше	клефаше	клефахме	клефахте	клефаха	клефаи	клефаите	клефаики	клефал	клефала	клефало	клефали	клефал	клефала	клефало	клефали	клефащ	клефаща	клефащо	клефащи	-	-	-	-	клефане	клефанета
клецам	-	-	-	-	-	-	клецах	клеца	клеца	клецахме	клецахте	клецаха	клецах	клецаше	клецаше	клецахме	клецахте	клецаха	клецаи	клецаите	клецаики	клецал	клецала	клецало	клецали	клецал	клецала	клецало	клецали	клецащ	клецаща	клецащо	клецащи	клецан	клецана	клецано	клецани	клецане	клецанета
клеча	клеча	клечиш	клечи	клечим	клечите	клечат	клечах	клеча	клеча	клечахме	клечахте	клечаха	клечах	клечеше	клечеше	клечахме	клечахте	клечаха	клечи	клечете	клечеики	клечал	клечала	клечало	клечали	клечал	клечала	клечало	клечали	клечащ	клечаща	клечащо	клечащи	-	-	-	-	клечене	клеченета
кликам	-	-	-	-	-	-	кликах	клика	клика	кликахме	кликахте	кликаха	кликах	кликаше	кликаше	кликахме	кликахте	кликаха	кликаи	кликаите	кликаики	кликал	кликала	кликало	кликали	кликал	кликала	кликало	кликали	кликащ	кликаща	кликащо	кликащи	кликан	кликана	кликано	кликани	кликане	кликанета
клинча	клинча	клинчиш	клинчи	клинчим	клинчите	клинчат	клинчих	клинчи	клинчи	клинчихме	клинчихте	клинчиха	клинчех	клинчеше	клинчеше	клинчехме	клинчехте	клинчеха	клинчи	клинчете	клинчеики	клинчил	клинчила	клинчило	клинчили	клинчел	клинчела	клинчело	клинчели	клинчещ	клинчеща	клинчещо	клинчещи	-	-	-	-	клинчене	клинченета
клокоча	клокоча	клокочиш	клокочи	клокочим	клокочите	клокочат	клокочих	клокочи	клокочи	клокочихме	клокочихте	клокочиха	клокочех	клокочеше	клокочеше	клокочехме	клокочехте	клокочеха	клокочи	клокочете	клокочеики	клокочил	клокочила	клокочило	клокочили	клокочел	клокочела	клокочело	клокочели	клокочещ	клокочеща	клокочещо	клокочещи	клокочен	клокочена	клокочено	клокочени	клокочене	клокоченета
клоня	клоня	клониш	клони	клоним	клоните	клонят	клоних	клони	клони	клонихме	клонихте	клониха	клонях	клонеше	клонеше	клоняхме	клоняхте	клоняха	клони	клонете	клонеики	клонил	клонила	клонило	клонили	клонял	клоняла	клоняло	клонели	клонящ	клоняща	клонящо	клонящи	-	-	-	-	клонене	клоненета
клюмвам	-	-	-	-	-	-	клюмвах	клюмва	клюмва	клюмвахме	клюмвахте	клюмваха	клюмвах	клюмваше	клюмваше	клюмвахме	клюмвахте	клюмваха	клюмваи	клюмваите	клюмваики	клюмвал	клюмвала	клюмвало	клюмвали	клюмвал	клюмвала	клюмвало	клюмвали	клюмващ	клюмваща	клюмващо	клюмващи	-	-	-	-	клюмване	клюмванета
клякам	-	-	-	-	-	-	кляках	кляка	кляка	клякахме	клякахте	клякаха	кляках	клякаше	клякаше	клякахме	клякахте	клякаха	клякаи	клякаите	клякаики	клякал	клякала	клякало	клякали	клякал	клякала	клякало	клякали	клякащ	клякаща	клякащо	клякащи	-	-	-	-	клякане	кляканета
кляпам	-	-	-	-	-	-	кляпах	кляпа	кляпа	кляпахме	кляпахте	кляпаха	кляпах	кляпаше	кляпаше	кляпахме	кляпахте	кляпаха	кляпаи	кляпаите	кляпаики	кляпал	кляпала	кляпало	кляпали	кляпал	кляпала	кляпало	кляпали	кляпащ	кляпаща	кляпащо	кляпащи	-	-	-	-	кляпане	кляпанета
кова	кова	ковеш	кове	ковем	ковете	коват	ковах	кова	кова	ковахме	ковахте	коваха	ковях	ковеше	ковеше	ковяхме	ковяхте	ковяха	кови	ковете	ковеики	ковал	ковала	ковало	ковали	ковял	ковяла	ковяло	ковели	ковящ	ковяща	ковящо	ковящи	кован	кована	ковано	ковани	коване	кованета
коля	коля	колиш	коли	колим	колите	колят	клах	кла	кла	клахме	клахте	клаха	колех	колеше	колеше	колехме	колехте	колеха	коли	колете	колеики	клал	клала	клало	клали	колел	колела	колело	колели	колещ	колеща	колещо	колещи	клан	клана	клано	клани	клане	кланета
комбинирам	-	-	-	-	-	-	комбинирах	комбинира	комбинира	комбинирахме	комбинирахте	комбинираха	комбинирах	комбинираше	комбинираше	комбинирахме	комбинирахте	комбинираха	комбинирай	комбинирайте	комбинирайки	комбинирал	комбинирала	комбинирало	комбинирали	комбинирал	комбинирала	комбинирало	комбинирали	комбиниращ	комбинираща	комбиниращо	комбиниращи	комбиниран	комбинирана	комбинирано	комбинирани	комбиниране	комбинирания-нета
компилирам	-	-	-	-	-	-	компилирах	компилира	компилира	компилирахме	компилирахте	компилираха	компилирах	компилираше	компилираше	компилирахме	компилирахте	компилираха	компилираи	компилираите	компилираики	компилирал	компилирала	компилирало	компилирали	компилирал	компилирала	компилирало	компилирали	компилиращ	компилираща	компилиращо	компилиращи	компилиран	компилирана	компилирано	компилирани	компилиране	компилиранета
конструирам	-	-	-	-	-	-	конструирах	конструира	конструира	конструирахме	конструирахте	конструираха	конструирах	конструираше	конструираше	конструирахме	конструирахте	конструираха	конструираи	конструираите	конструираики	конструирал	конструирала	конструирало	конструирали	конструирал	конструирала	конструирало	конструирали	конструиращ	конструираща	конструиращо	конструиращи	конструиран	конструирана	конструирано	конструирани	конструиране	конструиранета
контактувам	-	-	-	-	-	-	контактувах	контактува	контактува	контактувахме	контактувахте	контактуваха	контактувах	контактуваше	контактуваше	контактувахме	контактувахте	контактуваха	контактуваи	контактуваите	контактуваики	контактувал	контактувала	контактувало	контактували	контактувал	контактувала	контактувало	контактували	контактуващ	контактуваща	контактуващо	контактуващи	контактуван	контактувана	контактувано	контактувани	контактуване	контактуванета
копам	-	-	-	-	-	-	копах	копа	копа	копахме	копахте	копаха	копах	копаше	копаше	копахме	копахте	копаха	копаи	копаите	копаики	копал	копала	копало	копали	копал	копала	копало	копали	копащ	копаща	копащо	копащи	копан	копана	копано	копани	копане	копанета
копая	копая	копаеш	копае	копаем	копаете	копаят	копах	копа	копа	копахме	копахте	копаха	копаех	копаеше	копаеше	копаехме	копаехте	копаеха	копаи	копаите	копаеики	копал	копала	копало	копали	копаел	копаела	копаело	копаели	копаещ	копаеща	копаещо	копаещи	копан	копана	копано	копани	копаене	копаенета
копнея	копнея	копнееш	копнее	копнеем	копнеете	копнеят	копнях	копня	копня	копняхме	копняхте	копняха	копнеех	копнееше	копнееше	копнеехме	копнеехте	копнееха	копнеи	копнеите	копнееики	копнял	копняла	копняло	копнели	копнеел	копнеела	копнеело	копнеели	копнеещ	копнееща	копнеещо	копнеещи	-	-	-	-	копнеене	копнеенета
копя	копя	копиш	копи	копим	копите	копят	копих	копи	копи	копихме	копихте	копиха	копях	копеше	копеше	копяхме	копяхте	копяха	копи	копете	копеики	копил	копила	копило	копили	копял	копяла	копяло	копели	копящ	копяща	копящо	копящи	копен	копена	копено	копени	копене	копенета
коронясам	-	-	-	-	-	-	коронясах	короняса	короняса	коронясахме	коронясахте	коронясаха	коронясах	коронясаше	коронясаше	коронясахме	коронясахте	коронясаха	коронясай	коронясайте	-	коронясал	коронясала	коронясало	коронясали	коронясал	коронясала	коронясало	коронясали	-	-	-	-	коронясан	коронясана	коронясано	коронясани	-	-
коронясвам	-	-	-	-	-	-	коронясвах	коронясва	коронясва	коронясвахме	коронясвахте	коронясваха	коронясвах	коронясваше	коронясваше	коронясвахме	коронясвахте	коронясваха	коронясвай	коронясвайте	коронясвайки	коронясвал	коронясвала	коронясвало	коронясвали	коронясвал	коронясвала	коронясвало	коронясвали	коронясващ	коронясваща	коронясващо	коронясващи	коронясван	коронясвана	коронясвано	коронясвани	коронясване	коронясвания-нета
коря	коря	кориш	кори	корим	корите	корят	корих	кори	кори	корихме	корихте	кориха	корях	кореше	кореше	коряхме	коряхте	коряха	кори	корете	корейки	корил	корила	корило	корили	корял	коряла	коряло	корели	корящ	коряща	корящо	корящи	корен	корена	корено	корени	корене	корения-нета
кося	кося	косиш	коси	косим	косите	косят	косих	коси	коси	косихме	косихте	косиха	косях	косеше	косеше	косяхме	косяхте	косяха	коси	косете	косеики	косил	косила	косило	косили	косял	косяла	косяло	косели	косящ	косяща	косящо	косящи	косен	косена	косено	косени	косене	косенета
коткам	-	-	-	-	-	-	котках	котка	котка	коткахме	коткахте	коткаха	котках	коткаше	коткаше	коткахме	коткахте	коткаха	коткаи	коткаите	коткаики	коткал	коткала	коткало	коткали	коткал	коткала	коткало	коткали	коткащ	коткаща	коткащо	коткащи	-	-	-	-	коткане	котканета
котя	котя	котиш	коти	котим	котите	котят	котих	коти	коти	котихме	котихте	котиха	котех	котеше	котеше	котехме	котехте	котеха	коти	котете	котеики	котил	котила	котило	котили	котел	котела	котело	котели	котещ	котеща	котещо	котещи	котен	котена	котено	котени	котене	котенета
коя	коя	коиш	кои	коим	коите	коят	коих	кои	кои	коихме	коихте	коиха	коех	коеше	коеше	коехме	коехте	коеха	кои	коите	коеики	коил	коила	коило	коили	коел	коела	коело	коели	коещ	коеща	коещо	коещи	коен	коена	коено	коени	коене	коенета
крада	крада	крадеш	краде	крадем	крадете	крадат	крадох	краде	краде	крадохме	крадохте	крадоха	крадях	крадеше	крадеше	крадяхме	крадяхте	крадяха	кради	крадете	крадейки	крал	крала	крало	крали	крадял	крадяла	крадяло	крадели	крадящ	крадяща	крадящо	крадящи	краден	крадена	крадено	крадени	крадене	крадения-нета
крася	крася	красиш	краси	красим	красите	красят	красих	краси	краси	красихме	красихте	красиха	красях	красеше	красеше	красяхме	красяхте	красяха	краси	красете	красеики	красил	красила	красило	красили	красял	красяла	красяло	красели	красящ	красяща	красящо	красящи	красен	красена	красено	красени	красене	красенета
крена	крена	кренеш	крене	кренем	кренете	кренат	кренах	крена	крена	кренахме	кренахте	кренаха	кренех	кренеше	кренеше	кренехме	кренехте	кренеха	крени	кренете	-	кренал	кренала	кренало	кренали	кренел	кренела	кренело	кренели	-	-	-	-	кренат	крената	кренато	кренати	-	-
крепна	крепна	крепнеш	крепне	крепнем	крепнете	крепнат	крепнах	крепна	крепна	крепнахме	крепнахте	крепнаха	крепнех	крепнеше	крепнеше	крепнехме	крепнехте	крепнеха	крепни	крепнете	-	крепнал	крепнала	крепнало	крепнали	крепнел	крепнела	крепнело	крепнели	-	-	-	-	крепнат	крепната	крепнато	крепнати	-	-
крепя	крепя	крепиш	крепи	крепим	крепите	крепят	крепих	крепи	крепи	крепихме	крепихте	крепиха	крепях	крепеше	крепеше	крепяхме	крепяхте	крепяха	крепи	крепете	крепеики	крепил	крепила	крепило	крепили	крепял	крепяла	крепяло	крепели	крепящ	крепяща	крепящо	крепящи	крепен	крепена	крепено	крепени	крепене	крепенета
кретам	-	-	-	-	-	-	кретах	крета	крета	кретахме	кретахте	кретаха	кретах	креташе	креташе	кретахме	кретахте	кретаха	кретаи	кретаите	кретаики	кретал	кретала	кретало	кретали	кретал	кретала	кретало	кретали	кретащ	кретаща	кретащо	кретащи	-	-	-	-	кретане	кретанета
крещя	крещя	крещиш	крещи	крещим	крещите	крещят	крещях	крещя	крещя	крещяхме	крещяхте	крещяха	крещях	крещеше	крещеше	крещяхме	крещяхте	крещяха	крещи	крещете	крещеики	крещял	крещяла	крещяло	крещели	крещял	крещяла	крещяло	крещели	крещящ	крещяща	крещящо	крещящи	-	-	-	-	крещене	крещенета
крея	крея	крееш	крее	креем	креете	креят	креях	крея	крея	креяхме	креяхте	креяха	креех	крееше	крееше	креехме	креехте	крееха	креи	креите	крееики	креял	креяла	креяло	крели	креел	креела	креело	креели	креещ	крееща	креещо	креещи	-	-	-	-	креене	креенета
кривуцам	-	-	-	-	-	-	кривуцах	кривуца	кривуца	кривуцахме	кривуцахте	кривуцаха	кривуцах	кривуцаше	кривуцаше	кривуцахме	кривуцахте	кривуцаха	кривуцаи	кривуцаите	кривуцаики	кривуцал	кривуцала	кривуцало	кривуцали	кривуцал	кривуцала	кривуцало	кривуцали	кривуцащ	кривуцаща	кривуцащо	кривуцащи	-	-	-	-	кривуцане	кривуцанета
кринджвам	-	-	-	-	-	-	кринджвах	кринджва	кринджва	кринджвахме	кринджвахте	кринджваха	кринджвах	кринджваше	кринджваше	кринджвахме	кринджвахте	кринджваха	кринджваи	кринджваите	кринджваики	кринджвал	кринджвала	кринджвало	кринджвали	кринджвал	кринджвала	кринджвало	кринджвали	кринджващ	кринджваща	кринджващо	кринджващи	-	-	-	-	кринджване	кринджванета
крия	крия	криеш	крие	крием	криете	крият	крих	кри	кри	крихме	крихте	криха	криех	криеше	криеше	криехме	криехте	криеха	крии	криите	криеики	крил	крила	крило	крили	криел	криела	криело	криели	криещ	криеща	криещо	криещи	крит	крита	крито	крити	криене	криенета
крокам	-	-	-	-	-	-	кроках	крока	крока	крокахме	крокахте	крокаха	кроках	крокаше	крокаше	крокахме	крокахте	крокаха	крокаи	крокаите	крокаики	крокал	крокала	крокало	крокали	крокал	крокала	крокало	крокали	крокащ	крокаща	крокащо	крокащи	-	-	-	-	крокане	кроканета
кроя	кроя	кроиш	крои	кроим	кроите	кроят	кроих	крои	крои	кроихме	кроихте	кроиха	кроях	кроеше	кроеше	крояхме	крояхте	крояха	крои	кроите	кроеики	кроил	кроила	кроило	кроили	кроял	крояла	крояло	кроели	кроящ	крояща	кроящо	кроящи	кроен	кроена	кроено	кроени	кроене	кроенета
круша	круша	крушиш	круши	крушим	крушите	крушат	круших	круши	круши	крушихме	крушихте	крушиха	крушах	крушеше	крушеше	крушахме	крушахте	крушаха	круши	крушете	крушеики	крушил	крушила	крушило	крушили	крушал	крушала	крушало	крушали	крушащ	крушаща	крушащо	крушащи	крушен	крушена	крушено	крушени	крушене	крушенета
кръжа	кръжа	кръжиш	кръжи	кръжим	кръжите	кръжат	кръжих	кръжи	кръжи	кръжихме	кръжихте	кръжиха	кръжах	кръжеше	кръжеше	кръжахме	кръжахте	кръжаха	кръжи	кръжете	кръжеики	кръжил	кръжила	кръжило	кръжили	кръжал	кръжала	кръжало	кръжали	кръжащ	кръжаща	кръжащо	кръжащи	кръжен	кръжена	кръжено	кръжени	кръжене	кръженета
кръстя	кръстя	кръстиш	кръсти	кръстим	кръстите	кръстят	кръстих	кръсти	кръсти	кръстихме	кръстихте	кръстиха	кръстех	кръстеше	кръстеше	кръстехме	кръстехте	кръстеха	кръсти	кръстете	-	кръстил	кръстила	кръстило	кръстили	кръстел	кръстела	кръстело	кръстели	-	-	-	-	кръстен	кръстена	кръстено	кръстени	-	-
кръхукам	-	-	-	-	-	-	кръхуках	кръхука	кръхука	кръхукахме	кръхукахте	кръхукаха	кръхуках	кръхукаше	кръхукаше	кръхукахме	кръхукахте	кръхукаха	кръхукаи	кръхукаите	кръхукаики	кръхукал	кръхукала	кръхукало	кръхукали	кръхукал	кръхукала	кръхукало	кръхукали	кръхукащ	кръхукаща	кръхукащо	кръхукащи	-	-	-	-	кръхукане	кръхуканета
кръщавам	-	-	-	-	-	-	кръщавах	кръщава	кръщава	кръщавахме	кръщавахте	кръщаваха	кръщавах	кръщаваше	кръщаваше	кръщавахме	кръщавахте	кръщаваха	кръщаваи	кръщаваите	-	кръщавал	кръщавала	кръщавало	кръщавали	кръщавал	кръщавала	кръщавало	кръщавали	-	-	-	-	кръщаван	кръщавана	кръщавано	кръщавани	-	-
крякам	-	-	-	-	-	-	кряках	кряка	кряка	крякахме	крякахте	крякаха	кряках	крякаше	крякаше	крякахме	крякахте	крякаха	крякаи	крякаите	крякаики	крякал	крякала	крякало	крякали	крякал	крякала	крякало	крякали	крякащ	крякаща	крякащо	крякащи	-	-	-	-	крякане	кряканета
кубирам	-	-	-	-	-	-	кубирах	кубира	кубира	кубирахме	кубирахте	кубираха	кубирах	кубираше	кубираше	кубирахме	кубирахте	кубираха	кубираи	кубираите	кубираики	кубирал	кубирала	кубирало	кубирали	кубирал	кубирала	кубирало	кубирали	кубиращ	кубираща	кубиращо	кубиращи	кубиран	кубирана	кубирано	кубирани	кубиране	кубиранета
куда	куда	кудеш	куде	кудем	кудете	кудат	кудох	куде	куде	кудохме	кудохте	кудоха	кудех	кудеше	кудеше	кудехме	кудехте	кудеха	куди	кудете	кудеики	кул	кула	куло	кули	кудел	кудела	кудело	кудели	кудещ	кудеща	кудещо	кудещи	куден	кудена	кудено	кудени	кудене	куденета
кудя	кудя	кудиш	куди	кудим	кудите	кудят	кудих	куди	куди	кудихме	кудихте	кудиха	кудех	кудеше	кудеше	кудехме	кудехте	кудеха	куди	кудете	кудеики	кудил	кудила	кудило	кудили	кудел	кудела	кудело	кудели	кудещ	кудеща	кудещо	кудещи	куден	кудена	кудено	кудени	кудене	куденета
кукам	-	-	-	-	-	-	куках	кука	кука	кукахме	кукахте	кукаха	куках	кукаше	кукаше	кукахме	кукахте	кукаха	кукаи	кукаите	кукаики	кукал	кукала	кукало	кукали	кукал	кукала	кукало	кукали	кукащ	кукаща	кукащо	кукащи	-	-	-	-	кукане	куканета
кукуригам	-	-	-	-	-	-	кукуригах	кукурига	кукурига	кукуригахме	кукуригахте	кукуригаха	кукуригах	кукуригаше	кукуригаше	кукуригахме	кукуригахте	кукуригаха	кукуригаи	кукуригаите	кукуригаики	кукуригал	кукуригала	кукуригало	кукуригали	кукуригал	кукуригала	кукуригало	кукуригали	кукуригащ	кукуригаща	кукуригащо	кукуригащи	-	-	-	-	кукуригане	кукуриганета
купувам	-	-	-	-	-	-	купувах	купува	купува	купувахме	купувахте	купуваха	купувах	купуваше	купуваше	купувахме	купувахте	купуваха	купувай	купувайте	купувайки	купувал	купувала	купувало	купували	купувал	купувала	купувало	купували	купуващ	купуваща	купуващо	купуващи	купуван	купувана	купувано	купувани	купуване	купувания-нета
купя	купя	купиш	купи	купим	купите	купят	купих	купи	купи	купихме	купихте	купиха	купех	купеше	купеше	купехме	купехте	купеха	купи	купете	купеики	купил	купила	купило	купили	купел	купела	купело	купели	купящ	купяща	купящо	купящи	купен	купена	купено	купени	купене	купенета
кустря	кустря	кустриш	кустри	кустрим	кустрите	кустрят	кустрих	кустри	кустри	кустрихме	кустрихте	кустриха	кустрех	кустреше	кустреше	кустрехме	кустрехте	кустреха	кустри	кустрете	кустреики	кустрил	кустрила	кустрило	кустрили	кустрел	кустрела	кустрело	кустрели	кустрещ	кустреща	кустрещо	кустрещи	кустрен	кустрена	кустрено	кустрени	кустрене	кустренета
кутя	кутя	кутиш	кути	кутим	кутите	кутят	кутих	кути	кути	кутихме	кутихте	кутиха	кутех	кутеше	кутеше	кутехме	кутехте	кутеха	кути	кутете	кутеики	кутил	кутила	кутило	кутили	кутел	кутела	кутело	кутели	кутещ	кутеща	кутещо	кутещи	кутен	кутена	кутено	кутени	кутене	кутенета
куцам	-	-	-	-	-	-	куцах	куца	куца	куцахме	куцахте	куцаха	куцах	куцаше	куцаше	куцахме	куцахте	куцаха	куцаи	куцаите	куцаики	куцал	куцала	куцало	куцали	куцал	куцала	куцало	куцали	куцащ	куцаща	куцащо	куцащи	-	-	-	-	куцане	куцанета
куцукам	-	-	-	-	-	-	куцуках	куцука	куцука	куцукахме	куцукахте	куцукаха	куцуках	куцукаше	куцукаше	куцукахме	куцукахте	куцукаха	куцукаи	куцукаите	куцукаики	куцукал	куцукала	куцукало	куцукали	куцукал	куцукала	куцукало	куцукали	куцукащ	куцукаща	куцукащо	куцукащи	-	-	-	-	куцукане	куцуканета
кучя	кучя	кучиш	кучи	кучим	кучите	кучят	кучих	кучи	кучи	кучихме	кучихте	кучиха	кучех	кучеше	кучеше	кучехме	кучехте	кучеха	кучи	кучете	кучеики	кучил	кучила	кучило	кучили	кучел	кучела	кучело	кучели	кучещ	кучеща	кучещо	кучещи	кучен	кучена	кучено	кучени	кучене	кученета
куя	куя	куеш	куе	куем	куете	куят	кух	ку	ку	кухме	кухте	куха	куех	куеше	куеше	куехме	куехте	куеха	куи	куите	куеики	кул	кула	куло	кули	куел	куела	куело	куели	куещ	куеща	куещо	куещи	кут	кута	куто	кути	куене	куенета
къбля	къбля	къблиш	къбли	къблим	къблите	къблят	къблих	къбли	къбли	къблихме	къблихте	къблиха	къблях	къблеше	къблеше	къбляхме	къбляхте	къбляха	къбли	къблете	къблеики	къблил	къблила	къблило	къблили	къблял	къбляла	къбляло	къблели	къблящ	къбляща	къблящо	къблящи	къблен	къблена	къблено	къблени	къблене	къбленета
къдря	къдря	къдриш	къдри	къдрим	къдрите	къдрят	къдрих	къдри	къдри	къдрихме	къдрихте	къдриха	къдрех	къдреше	къдреше	къдрехме	къдрехте	къдреха	къдри	къдрете	къдреики	къдрил	къдрила	къдрило	къдрили	къдрел	къдрела	къдрело	къдрели	къдрещ	къдреща	къдрещо	къдрещи	къдрен	къдрена	къдрено	къдрени	къдрене	къдренета
къкря	къкря	къкриш	къкри	къкрим	къкрите	къкрят	къкрих	къкри	къкри	къкрихме	къкрихте	къкриха	къкрех	къкреше	къкреше	къкрехме	къкрехте	къкреха	къкри	къкрете	къкреики	къкрил	къкрила	къкрило	къкрили	къкрел	къкрела	къкрело	къкрели	къкрещ	къкреща	къкрещо	къкрещи	-	-	-	-	къкрене	къкренета
кълва	кълва	кълвеш	кълве	кълвем	кълвете	кълват	кълвах	кълва	кълва	кълвахме	кълвахте	кълваха	кълвях	кълвеше	кълвеше	кълвяхме	кълвяхте	кълвяха	кълви	кълвете	кълвеики	кълвал	кълвала	кълвало	кълвали	кълвял	кълвяла	кълвяло	кълвели	кълвящ	кълвяща	кълвящо	кълвящи	кълван	кълвана	кълвано	кълвани	кълване	кълванета
кълна	кълна	кълнеш	кълне	кълнем	кълнете	кълнат	клех	кле	кле	клехме	клехте	клеха	кълнях	кълнеше	кълнеше	кълняхме	кълняхте	кълняха	кълни	кълнете	кълнеики	клел	клела	клело	клели	кълнял	кълняла	кълняло	кълнели	кълнящ	кълняща	кълнящо	кълнящи	клет	клета	клето	клети	кълнене	кълненета
къна	къна	кънеш	къне	кънем	кънете	кънат	кънах	къна	къна	кънахме	кънахте	кънаха	кънех	кънеше	кънеше	кънехме	кънехте	кънеха	къни	кънете	кънеики	кънал	кънала	кънало	кънали	кънел	кънела	кънело	кънели	кънещ	кънеща	кънещо	кънещи	кънат	къната	кънато	кънати	кънене	къненета
кънтя	кънтя	кънтиш	кънти	кънтим	кънтите	кънтят	кънтях	кънтя	кънтя	кънтяхме	кънтяхте	кънтяха	кънтях	кънтеше	кънтеше	кънтяхме	кънтяхте	кънтяха	кънти	кънтете	кънтеики	кънтял	кънтяла	кънтяло	кънтели	кънтял	кънтяла	кънтяло	кънтели	кънтящ	кънтяща	кънтящо	кънтящи	-	-	-	-	кънтене	кънтенета
къпя	къпя	къпеш	къпе	къпем	къпете	къпят	къпах	къпа	къпа	къпахме	къпахте	къпаха	къпех	къпеше	къпеше	къпехме	къпехте	къпеха	къпи	къпете	къпеики	къпал	къпала	къпало	къпали	къпел	къпела	къпело	къпели	къпещ	къпеща	къпещо	къпещи	къпан	къпана	къпано	къпани	къпане	къпанета
кървя	кървя	кървиш	кърви	кървим	кървите	кървят	кървих	кърви	кърви	кървихме	кървихте	кървиха	кървях	кървеше	кървеше	кървяхме	кървяхте	кървяха	кърви	кървете	кървейки	кървил	кървила	кървило	кървили	кървял	кървяла	кървяло	кървели	кървящ	кървяща	кървящо	кървящи	-	-	-	-	кървене	кървения-нета
къркам	-	-	-	-	-	-	кърках	кърка	кърка	къркахме	къркахте	къркаха	кърках	къркаше	къркаше	къркахме	къркахте	къркаха	къркаи	къркаите	къркаики	къркал	къркала	къркало	къркали	къркал	къркала	къркало	къркали	къркащ	къркаща	къркащо	къркащи	къркан	къркана	къркано	къркани	къркане	кърканета
къркоря	къркоря	къркориш	къркори	къркорим	къркорите	къркорят	къркорих	къркори	къркори	къркорихме	къркорихте	къркориха	къркорех	къркореше	къркореше	къркорехме	къркорехте	къркореха	къркори	къркорете	къркореики	къркорил	къркорила	къркорило	къркорили	къркорел	къркорела	къркорело	къркорели	къркорещ	къркореща	къркорещо	къркорещи	-	-	-	-	къркорене	къркоренета
кърмя	кърмя	кърмиш	кърми	кърмим	кърмите	кърмят	кърмих	кърми	кърми	кърмихме	кърмихте	кърмиха	кърмех	кърмеше	кърмеше	кърмехме	кърмехте	кърмеха	кърми	кърмете	кърмеики	кърмил	кърмила	кърмило	кърмили	кърмел	кърмела	кърмело	кърмели	кърмещ	кърмеща	кърмещо	кърмещи	кърмен	кърмена	кърмено	кърмени	кърмене	кърменета
кърня	кърня	кърниш	кърни	кърним	кърните	кърнят	кърних	кърни	кърни	кърнихме	кърнихте	кърниха	кърнях	кърнеше	кърнеше	кърняхме	кърняхте	кърняха	кърни	кърнете	-	кърнил	кърнила	кърнило	кърнили	кърнял	кърняла	кърняло	кърнели	-	-	-	-	кърнен	кърнена	кърнено	кърнени	-	-
къртя	къртя	къртиш	кърти	къртим	къртите	къртят	къртих	кърти	кърти	къртихме	къртихте	къртиха	къртех	къртеше	къртеше	къртехме	къртехте	къртеха	кърти	къртете	къртеики	къртил	къртила	къртило	къртили	къртел	къртела	къртело	къртели	къртещ	къртеща	къртещо	къртещи	къртен	къртена	къртено	къртени	къртене	къртенета
кърша	кърша	кършиш	кърши	кършим	кършите	кършат	кърших	кърши	кърши	кършихме	кършихте	кършиха	кършех	кършеше	кършеше	кършехме	кършехте	кършеха	кърши	кършете	кършеики	кършил	кършила	кършило	кършили	кършел	кършела	кършело	кършели	кършещ	кършеща	кършещо	кършещи	кършен	кършена	кършено	кършени	кършене	кършенета
късам	-	-	-	-	-	-	късах	къса	къса	късахме	късахте	късаха	късах	късаше	късаше	късахме	късахте	късаха	късаи	късаите	късаики	късал	късала	късало	късали	късал	късала	късало	късали	късащ	късаща	късащо	късащи	късан	късана	късано	късани	късане	късанета
кътам	-	-	-	-	-	-	кътах	къта	къта	кътахме	кътахте	кътаха	кътах	къташе	къташе	кътахме	кътахте	кътаха	кътаи	кътаите	кътаики	кътал	кътала	кътало	кътали	кътал	кътала	кътало	кътали	кътащ	кътаща	кътащо	кътащи	кътан	кътана	кътано	кътани	кътане	кътанета
кътна	кътна	кътнеш	кътне	кътнем	кътнете	кътнат	кътнах	кътна	кътна	кътнахме	кътнахте	кътнаха	кътнех	кътнеше	кътнеше	кътнехме	кътнехте	кътнеха	кътни	кътнете	кътнеики	кътнал	кътнала	кътнало	кътнали	кътнел	кътнела	кътнело	кътнели	кътнещ	кътнеща	кътнещо	кътнещи	кътнат	кътната	кътнато	кътнати	кътнене	кътненета
къцам	-	-	-	-	-	-	къцах	къца	къца	къцахме	къцахте	къцаха	къцах	къцаше	къцаше	къцахме	къцахте	къцаха	къцаи	къцаите	къцаики	къцал	къцала	къцало	къцали	къцал	къцала	къцало	къцали	къцащ	къцаща	къцащо	къцащи	къцан	къцана	къцано	къцани	къцане	къцанета
кютам	-	-	-	-	-	-	кютах	кюта	кюта	кютахме	кютахте	кютаха	кютах	кюташе	кюташе	кютахме	кютахте	кютаха	кютаи	кютаите	кютаики	кютал	кютала	кютало	кютали	кютал	кютала	кютало	кютали	кютащ	кютаща	кютащо	кютащи	кютан	кютана	кютано	кютани	кютане	кютанета
лазя	лазя	лазиш	лази	лазим	лазите	лазят	лазих	лази	лази	лазихме	лазихте	лазиха	лазех	лазеше	лазеше	лазехме	лазехте	лазеха	лази	лазете	лазеики	лазил	лазила	лазило	лазили	лазел	лазела	лазело	лазели	лазещ	лазеща	лазещо	лазещи	-	-	-	-	лазене	лазенета
лаиквам	-	-	-	-	-	-	лаиквах	лаиква	лаиква	лаиквахме	лаиквахте	лаикваха	лаиквах	лаикваше	лаикваше	лаиквахме	лаиквахте	лаикваха	лаикваи	лаикваите	лаикваики	лаиквал	лаиквала	лаиквало	лаиквали	лаиквал	лаиквала	лаиквало	лаиквали	лаикващ	лаикваща	лаикващо	лаикващи	лаикван	лаиквана	лаиквано	лаиквани	лаикване	лаикванета
лакътя	лакътя	лакътиш	лакъти	лакътим	лакътите	лакътят	лакътих	лакъти	лакъти	лакътихме	лакътихте	лакътиха	лакътях	лакътеше	лакътеше	лакътяхме	лакътяхте	лакътяха	лакъти	лакътете	лакътеики	лакътил	лакътила	лакътило	лакътили	лакътял	лакътяла	лакътяло	лакътели	лакътящ	лакътяща	лакътящо	лакътящи	-	-	-	-	лакътене	лакътенета
ламам	-	-	-	-	-	-	ламах	лама	лама	ламахме	ламахте	ламаха	ламах	ламаше	ламаше	ламахме	ламахте	ламаха	ламаи	ламаите	ламаики	ламал	ламала	ламало	ламали	ламал	ламала	ламало	ламали	ламащ	ламаща	ламащо	ламащи	ламан	ламана	ламано	ламани	ламане	ламанета
ламкам	-	-	-	-	-	-	ламках	ламка	ламка	ламкахме	ламкахте	ламкаха	ламках	ламкаше	ламкаше	ламкахме	ламкахте	ламкаха	ламкаи	ламкаите	ламкаики	ламкал	ламкала	ламкало	ламкали	ламкал	ламкала	ламкало	ламкали	ламкащ	ламкаща	ламкащо	ламкащи	ламкан	ламкана	ламкано	ламкани	ламкане	ламканета
лапам	-	-	-	-	-	-	лапах	лапа	лапа	лапахме	лапахте	лапаха	лапах	лапаше	лапаше	лапахме	лапахте	лапаха	лапаи	лапаите	лапаики	лапал	лапала	лапало	лапали	лапал	лапала	лапало	лапали	лапащ	лапаща	лапащо	лапащи	лапан	лапана	лапано	лапани	лапане	лапанета
лаская	лаская	ласкаеш	ласкае	ласкаем	ласкаете	ласкаят	ласках	ласка	ласка	ласкахме	ласкахте	ласкаха	ласкаех	ласкаеше	ласкаеше	ласкаехме	ласкаехте	ласкаеха	ласкаи	ласкаите	ласкаеики	ласкал	ласкала	ласкало	ласкали	ласкаел	ласкаела	ласкаело	ласкаели	ласкаещ	ласкаеща	ласкаещо	ласкаещи	ласкан	ласкана	ласкано	ласкани	ласкане	ласканета
лашкам	-	-	-	-	-	-	лашках	лашка	лашка	лашкахме	лашкахте	лашкаха	лашках	лашкаше	лашкаше	лашкахме	лашкахте	лашкаха	лашкаи	лашкаите	лашкаики	лашкал	лашкала	лашкало	лашкали	лашкал	лашкала	лашкало	лашкали	лашкащ	лашкаща	лашкащо	лашкащи	лашкан	лашкана	лашкано	лашкани	лашкане	лашканета
лая	лая	лаеш	лае	лаем	лаете	лаят	лаях	лая	лая	лаяхме	лаяхте	лаяха	лаех	лаеше	лаеше	лаехме	лаехте	лаеха	лаи	лаите	лаеики	лаял	лаяла	лаяло	лаяли	лаел	лаела	лаело	лаели	лаещ	лаеща	лаещо	лаещи	-	-	-	-	лаене	лаенета
легализирам	-	-	-	-	-	-	легализирах	легализира	легализира	легализирахме	легализирахте	легализираха	легализирах	легализираше	легализираше	легализирахме	легализирахте	легализираха	легализирай	легализирайте	легализирайки	легализирал	легализирала	легализирало	легализирали	легализирал	легализирала	легализирало	легализирали	легализиращ	легализираща	легализиращо	легализиращи	легализиран	легализирана	легализирано	легализирани	легализиране	легализирания-нета
легна	легна	легнеш	легне	легнем	легнете	легнат	легнах	легна	легна	легнахме	легнахте	легнаха	легнех	легнеше	легнеше	легнехме	легнехте	легнеха	легни	легнете	-	легнал	легнала	легнало	легнали	легнел	легнела	легнело	легнели	-	-	-	-	-	-	-	-	-	-
лежа	лежа	лежиш	лежи	лежим	лежите	лежат	лежах	лежа	лежа	лежахме	лежахте	лежаха	лежах	лежеше	лежеше	лежахме	лежахте	лежаха	лежи	лежете	лежеики	лежал	лежала	лежало	лежали	лежал	лежала	лежало	лежали	лежащ	лежаща	лежащо	лежащи	-	-	-	-	лежане	лежанета
лекувам	-	-	-	-	-	-	лекувах	лекува	лекува	лекувахме	лекувахте	лекуваха	лекувах	лекуваше	лекуваше	лекувахме	лекувахте	лекуваха	лекуваи	лекуваите	лекуваики	лекувал	лекувала	лекувало	лекували	лекувал	лекувала	лекувало	лекували	лекуващ	лекуваща	лекуващо	лекуващи	лекуван	лекувана	лекувано	лекувани	лекуване	лекуванета
лелея	лелея	лелееш	лелее	лелеем	лелеете	лелеят	лелеях	лелея	лелея	лелеяхме	лелеяхте	лелеяха	лелеех	лелееше	лелееше	лелеехме	лелеехте	лелееха	лелеи	лелеите	лелееики	лелеял	лелеяла	лелеяло	лелеяли	лелеел	лелеела	лелеело	лелеели	лелеещ	лелееща	лелеещо	лелеещи	лелеян	лелеяна	лелеяно	лелеяни	лелеене	лелеенета
лепя	лепя	лепиш	лепи	лепим	лепите	лепят	лепих	лепи	лепи	лепихме	лепихте	лепиха	лепях	лепеше	лепеше	лепяхме	лепяхте	лепяха	лепи	лепете	лепеики	лепил	лепила	лепило	лепили	лепял	лепяла	лепяло	лепели	лепящ	лепяща	лепящо	лепящи	лепен	лепена	лепено	лепени	лепене	лепенета
летя	летя	летиш	лети	летим	летите	летят	летях	летя	летя	летяхме	летяхте	летяха	летях	летеше	летеше	летяхме	летяхте	летяха	лети	летете	летеики	летял	летяла	летяло	летели	летял	летяла	летяло	летели	летящ	летяща	летящо	летящи	-	-	-	-	летене	летенета
лея	лея	лееш	лее	леем	леете	леят	леях	лея	лея	леяхме	леяхте	леяха	леех	лееше	лееше	леехме	леехте	лееха	леи	леите	лееики	леял	леяла	леяло	лели	леел	леела	леело	леели	леещ	лееща	леещо	леещи	леян	леяна	леяно	лени	леене	леенета
лидам	-	-	-	-	-	-	лидах	лида	лида	лидахме	лидахте	лидаха	лидах	лидаше	лидаше	лидахме	лидахте	лидаха	лидаи	лидаите	лидаики	лидал	лидала	лидало	лидали	лидал	лидала	лидало	лидали	лидащ	лидаща	лидащо	лидащи	лидан	лидана	лидано	лидани	лидане	лиданета
лижа	лижа	лижеш	лиже	лижем	лижете	лижат	лизах	лиза	лиза	лизахме	лизахте	лизаха	лижех	лижеше	лижеше	лижехме	лижехте	лижеха	лижи	лижете	лижейки	лизал	лизала	лизало	лизали	лижел	лижела	лижело	лижели	лижещ	лижеща	лижещо	лижещи	лизан	лизана	лизано	лизани	лизане	лизания-нета
ликвидирам	-	-	-	-	-	-	ликвидирах	ликвидира	ликвидира	ликвидирахме	ликвидирахте	ликвидираха	ликвидирах	ликвидираше	ликвидираше	ликвидирахме	ликвидирахте	ликвидираха	ликвидираи	ликвидираите	ликвидираики	ликвидирал	ликвидирала	ликвидирало	ликвидирали	ликвидирал	ликвидирала	ликвидирало	ликвидирали	ликвидиращ	ликвидираща	ликвидиращо	ликвидиращи	ликвидиран	ликвидирана	ликвидирано	ликвидирани	ликвидиране	ликвидиранета
ликувам	-	-	-	-	-	-	ликувах	ликува	ликува	ликувахме	ликувахте	ликуваха	ликувах	ликуваше	ликуваше	ликувахме	ликувахте	ликуваха	ликуваи	ликуваите	ликуваики	ликувал	ликувала	ликувало	ликували	ликувал	ликувала	ликувало	ликували	ликуващ	ликуваща	ликуващо	ликуващи	-	-	-	-	ликуване	ликуванета
линея	линея	линееш	линее	линеем	линеете	линеят	линях	линя	линя	линяхме	линяхте	линяха	линеех	линееше	линееше	линеехме	линеехте	линееха	линеи	линеите	линееики	линял	линяла	линяло	линели	линеел	линеела	линеело	линеели	линеещ	линееща	линеещо	линеещи	-	-	-	-	линеене	линеенета
липсвам	-	-	-	-	-	-	липсвах	липсва	липсва	липсвахме	липсвахте	липсваха	липсвах	липсваше	липсваше	липсвахме	липсвахте	липсваха	липсваи	липсваите	липсваики	липсвал	липсвала	липсвало	липсвали	липсвал	липсвала	липсвало	липсвали	липсващ	липсваща	липсващо	липсващи	-	-	-	-	липсване	липсванета
литам	лидам	лидаш	лида	лидаме	лидате	лидат	лидах	лида	лида	лидахме	лидахте	лидаха	лидах	лидаше	лидаше	лидахме	лидахте	лидаха	лидаи	лидаите	лидаики	лидал	лидала	лидало	лидали	лидал	лидала	лидало	лидали	лидащ	лидаща	лидащо	лидащи	лидан	лидана	лидано	лидани	лидане	лиданета
лича	лича	личиш	личи	личим	личите	личат	личих	личи	личи	личихме	личихте	личиха	личах	личеше	личеше	личахме	личахте	личаха	личи	личете	личеики	личил	личила	личило	личили	личал	личала	личало	личали	личащ	личаща	личащо	личащи	личен	личена	личено	личени	личене	личенета
лиша	лиша	лишиш	лиши	лишим	лишите	лишат	лиших	лиши	лиши	лишихме	лишихте	лишиха	лишах	лишеше	лишеше	лишахме	лишахте	лишаха	лиши	лишете	лишеики	лишил	лишила	лишило	лишили	лишал	лишала	лишало	лишали	лишащ	лишаща	лишащо	лишащи	лишен	лишена	лишено	лишени	лишене	лишенета
лия	лия	лиеш	лие	лием	лиете	лият	лих	ли	ли	лихме	лихте	лиха	лиех	лиеше	лиеше	лиехме	лиехте	лиеха	лии	лиите	лиеики	лил	лила	лило	лили	лиел	лиела	лиело	лиели	лиещ	лиеща	лиещо	лиещи	лит	лита	лито	лити	лиене	лиенета
ловувам	-	-	-	-	-	-	ловувах	ловува	ловува	ловувахме	ловувахте	ловуваха	ловувах	ловуваше	ловуваше	ловувахме	ловувахте	ловуваха	ловуваи	ловуваите	ловуваики	ловувал	ловувала	ловувало	ловували	ловувал	ловувала	ловувало	ловували	ловуващ	ловуваща	ловуващо	ловуващи	ловуван	ловувана	ловувано	ловувани	ловуване	ловуванета
ловя	ловя	ловиш	лови	ловим	ловите	ловят	лових	лови	лови	ловихме	ловихте	ловиха	ловях	ловеше	ловеше	ловяхме	ловяхте	ловяха	лови	ловете	ловеики	ловил	ловила	ловило	ловили	ловял	ловяла	ловяло	ловели	ловящ	ловяща	ловящо	ловящи	ловен	ловена	ловено	ловени	ловене	ловенета
ломотя	ломотя	ломотиш	ломоти	ломотим	ломотите	ломотят	ломотих	ломоти	ломоти	ломотихме	ломотихте	ломотиха	ломотех	ломотеше	ломотеше	ломотехме	ломотехте	ломотеха	ломоти	ломотете	ломотеики	ломотил	ломотила	ломотило	ломотили	ломотел	ломотела	ломотело	ломотели	ломотещ	ломотеща	ломотещо	ломотещи	-	-	-	-	ломотене	ломотенета
ломя	ломя	ломиш	ломи	ломим	ломите	ломят	ломих	ломи	ломи	ломихме	ломихте	ломиха	ломях	ломеше	ломеше	ломяхме	ломяхте	ломяха	ломи	ломете	ломеики	ломил	ломила	ломило	ломили	ломял	ломяла	ломяло	ломели	ломящ	ломяща	ломящо	ломящи	ломен	ломена	ломено	ломени	ломене	ломенета
лоча	лоча	лочеш	лоче	лочем	лочете	лочат	локах	лока	лока	локахме	локахте	локаха	лочех	лочеше	лочеше	лочехме	лочехте	лочеха	лочи	лочете	лочеики	локал	локала	локало	локали	лочел	лочела	лочело	лочели	лочещ	лочеща	лочещо	лочещи	локан	локана	локано	локани	локане	локанета
лузгам	-	-	-	-	-	-	лузгах	лузга	лузга	лузгахме	лузгахте	лузгаха	лузгах	лузгаше	лузгаше	лузгахме	лузгахте	лузгаха	лузгаи	лузгаите	лузгаики	лузгал	лузгала	лузгало	лузгали	лузгал	лузгала	лузгало	лузгали	лузгащ	лузгаща	лузгащо	лузгащи	лузган	лузгана	лузгано	лузгани	лузгане	лузганета
лупам	-	-	-	-	-	-	лупах	лупа	лупа	лупахме	лупахте	лупаха	лупах	лупаше	лупаше	лупахме	лупахте	лупаха	лупаи	лупаите	лупаики	лупал	лупала	лупало	лупали	лупал	лупала	лупало	лупали	лупащ	лупаща	лупащо	лупащи	лупан	лупана	лупано	лупани	лупане	лупанета
луча	луча	лучиш	лучи	лучим	лучите	лучат	лучих	лучи	лучи	лучихме	лучихте	лучиха	лучех	лучеше	лучеше	лучехме	лучехте	лучеха	лучи	лучете	лучеики	лучил	лучила	лучило	лучили	лучел	лучела	лучело	лучели	лучещ	лучеща	лучещо	лучещи	лучен	лучена	лучено	лучени	лучене	лученета
лъжа	лъжа	лъжеш	лъже	лъжем	лъжете	лъжат	лъгах	лъга	лъга	лъгахме	лъгахте	лъгаха	лъжех	лъжеше	лъжеше	лъжехме	лъжехте	лъжеха	лъжи	лъжете	лъжеики	лъгал	лъгала	лъгало	лъгали	лъжел	лъжела	лъжело	лъжели	лъжещ	лъжеща	лъжещо	лъжещи	лъган	лъгана	лъгано	лъгани	лъгане	лъганета
лъкатуша	лъкатуша	лъкатушиш	лъкатуши	лъкатушим	лъкатушите	лъкатушат	лъкатуших	лъкатуши	лъкатуши	лъкатушихме	лъкатушихте	лъкатушиха	лъкатушех	лъкатушеше	лъкатушеше	лъкатушехме	лъкатушехте	лъкатушеха	лъкатуши	лъкатушете	лъкатушеики	лъкатушил	лъкатушила	лъкатушило	лъкатушили	лъкатушел	лъкатушела	лъкатушело	лъкатушели	лъкатушещ	лъкатушеща	лъкатушещо	лъкатушещи	-	-	-	-	лъкатушене	лъкатушенета
лъскам	-	-	-	-	-	-	лъсках	лъска	лъска	лъскахме	лъскахте	лъскаха	лъсках	лъскаше	лъскаше	лъскахме	лъскахте	лъскаха	лъскаи	лъскаите	лъскаики	лъскал	лъскала	лъскало	лъскали	лъскал	лъскала	лъскало	лъскали	лъскащ	лъскаща	лъскащо	лъскащи	лъскан	лъскана	лъскано	лъскани	лъскане	лъсканета
лъстя	лъстя	лъстиш	лъсти	лъстим	лъстите	лъстят	лъстих	лъсти	лъсти	лъстихме	лъстихте	лъстиха	лъстях	лъстеше	лъстеше	лъстяхме	лъстяхте	лъстяха	лъсти	лъстете	лъстеики	лъстил	лъстила	лъстило	лъстили	лъстял	лъстяла	лъстяло	лъстели	лъстящ	лъстяща	лъстящо	лъстящи	лъстен	лъстена	лъстено	лъстени	лъстене	лъстенета
лъхам	-	-	-	-	-	-	лъхах	лъха	лъха	лъхахме	лъхахте	лъхаха	лъхах	лъхаше	лъхаше	лъхахме	лъхахте	лъхаха	лъхаи	лъхаите	лъхаики	лъхал	лъхала	лъхало	лъхали	лъхал	лъхала	лъхало	лъхали	лъхащ	лъхаща	лъхащо	лъхащи	-	-	-	-	лъхане	лъханета
лъча	лъча	лъчиш	лъчи	лъчим	лъчите	лъчат	лъчих	лъчи	лъчи	лъчихме	лъчихте	лъчиха	лъчех	лъчеше	лъчеше	лъчехме	лъчехте	лъчеха	лъчи	лъчете	лъчеики	лъчил	лъчила	лъчило	лъчили	лъчел	лъчела	лъчело	лъчели	лъчещ	лъчеща	лъчещо	лъчещи	лъчен	лъчена	лъчено	лъчени	лъчене	лъченета
любя	любя	любиш	люби	любим	любите	любят	любих	люби	люби	любихме	любихте	любиха	любех	любеше	любеше	любехме	любехте	любеха	люби	любете	любеики	любил	любила	любило	любили	любел	любела	любело	любели	любещ	любеща	любещо	любещи	любен	любена	любено	любени	любене	любенета
люлея	люлея	люлееш	люлее	люлеем	люлеете	люлеят	люлях	люля	люля	люляхме	люляхте	люляха	люлеех	люлееше	люлееше	люлеехме	люлеехте	люлееха	люлеи	люлеите	люлееики	люлял	люляла	люляло	люлели	люлеел	люлеела	люлеело	люлеели	люлеещ	люлееща	люлеещо	люлеещи	люлян	люляна	люляно	люлени	люлеене	люлеенета
люпя	люпя	люпиш	люпи	люпим	люпите	люпят	люпих	люпи	люпи	люпихме	люпихте	люпиха	люпех	люпеше	люпеше	люпехме	люпехте	люпеха	люпи	люпете	люпеики	люпил	люпила	люпило	люпили	люпел	люпела	люпело	люпели	люпещ	люпеща	люпещо	люпещи	люпен	люпена	люпено	люпени	люпене	люпенета
люскам	-	-	-	-	-	-	люсках	люска	люска	люскахме	люскахте	люскаха	люсках	люскаше	люскаше	люскахме	люскахте	люскаха	люскаи	люскаите	люскаики	люскал	люскала	люскало	люскали	люскал	люскала	люскало	люскали	люскащ	люскаща	люскащо	люскащи	люскан	люскана	люскано	люскани	люскане	люсканета
люшкам	-	-	-	-	-	-	люшках	люшка	люшка	люшкахме	люшкахте	люшкаха	люшках	люшкаше	люшкаше	люшкахме	люшкахте	люшкаха	люшкаи	люшкаите	люшкаики	люшкал	люшкала	люшкало	люшкали	люшкал	люшкала	люшкало	люшкали	люшкащ	люшкаща	люшкащо	люшкащи	люшкан	люшкана	люшкано	люшкани	люшкане	люшканета
люшна	люшна	люшнеш	люшне	люшнем	люшнете	люшнат	люшнах	люшна	люшна	люшнахме	люшнахте	люшнаха	люшнех	люшнеше	люшнеше	люшнехме	люшнехте	люшнеха	люшни	люшнете	-	люшнал	люшнала	люшнало	люшнали	люшнел	люшнела	люшнело	люшнели	-	-	-	-	люшнат	люшната	люшнато	люшнати	-	-
лющя	лющя	лющиш	лющи	лющим	лющите	лющят	лющих	лющи	лющи	лющихме	лющихте	лющиха	лющех	лющеше	лющеше	лющехме	лющехте	лющеха	лющи	лющете	лющеики	лющил	лющила	лющило	лющили	лющел	лющела	лющело	лющели	лющещ	лющеща	лющещо	лющещи	лющен	лющена	лющено	лющени	лющене	лющенета
лягам	-	-	-	-	-	-	лягах	ляга	ляга	лягахме	лягахте	лягаха	лягах	лягаше	лягаше	лягахме	лягахте	лягаха	лягай	лягайте	лягайки	лягал	лягала	лягало	лягали	лягал	лягала	лягало	лягали	лягащ	лягаща	лягащо	лягащи	-	-	-	-	лягане	лягания-нета
ляза	ляза	лезеш	лезе	лезем	лезете	лязат	лязох	лезе	лезе	лязохме	лязохте	лязоха	лезех	лезеше	лезеше	лезехме	лезехте	лезеха	лез	лезте	лязеики	лязъл	лязла	лязло	лезли	лезел	лезела	лезело	лезели	лезещ	лезеща	лезещо	лезещи	-	-	-	-	лезене	лезенета
мажа	мажа	мажеш	маже	мажем	мажете	мажат	мазах	маза	маза	мазахме	мазахте	мазаха	мажех	мажеше	мажеше	мажехме	мажехте	мажеха	мажи	мажете	мажейки	мазал	мазала	мазало	мазали	мажел	мажела	мажело	мажели	мажещ	мажеща	мажещо	мажещи	мазан	мазана	мазано	мазани	мазане	мазания-нета
мазна	мазна	мазнеш	мазне	мазнем	мазнете	мазнат	мазнах	мазна	мазна	мазнахме	мазнахте	мазнаха	мазнех	мазнеше	мазнеше	мазнехме	мазнехте	мазнеха	мазни	мазнете	-	мазнал	мазнала	мазнало	мазнали	мазнел	мазнела	мазнело	мазнели	-	-	-	-	мазнат	мазната	мазнато	мазнати	-	-
макам	-	-	-	-	-	-	маках	мака	мака	макахме	макахте	макаха	маках	макаше	макаше	макахме	макахте	макаха	макаи	макаите	макаики	макал	макала	макало	макали	макал	макала	макало	макали	макащ	макаща	макащо	макащи	макан	макана	макано	макани	макане	маканета
малея	малея	малееш	малее	малеем	малеете	малеят	малях	маля	маля	маляхме	маляхте	маляха	малеех	малееше	малееше	малеехме	малеехте	малееха	малеи	малеите	малееики	малял	маляла	маляло	малели	малеел	малеела	малеело	малеели	малеещ	малееща	малеещо	малеещи	-	-	-	-	малеене	малеенета
мамя	мамя	мамиш	мами	мамим	мамите	мамят	мамих	мами	мами	мамихме	мамихте	мамиха	мамех	мамеше	мамеше	мамехме	мамехте	мамеха	мами	мамете	мамеики	мамил	мамила	мамило	мамили	мамел	мамела	мамело	мамели	мамещ	мамеща	мамещо	мамещи	мамен	мамена	мамено	мамени	мамене	маменета
маря	маря	мариш	мари	марим	марите	марят	марих	мари	мари	марихме	марихте	мариха	марех	мареше	мареше	марехме	марехте	мареха	мари	марете	мареики	марил	марила	марило	марили	марел	марела	марело	марели	марещ	мареща	марещо	марещи	-	-	-	-	марене	маренета
масажирам	-	-	-	-	-	-	масажирах	масажира	масажира	масажирахме	масажирахте	масажираха	масажирах	масажираше	масажираше	масажирахме	масажирахте	масажираха	масажираи	масажираите	масажираики	масажирал	масажирала	масажирало	масажирали	масажирал	масажирала	масажирало	масажирали	масажиращ	масажираща	масажиращо	масажиращи	масажиран	масажирана	масажирано	масажирани	масажиране	масажиранета
махам	-	-	-	-	-	-	махах	маха	маха	махахме	махахте	махаха	махах	махаше	махаше	махахме	махахте	махаха	махаи	махаите	махаики	махал	махала	махало	махали	махал	махала	махало	махали	махащ	махаща	махащо	махащи	махан	махана	махано	махани	махане	маханета
махна	махна	махнеш	махне	махнем	махнете	махнат	махнах	махна	махна	махнахме	махнахте	махнаха	махнех	махнеше	махнеше	махнехме	махнехте	махнеха	махни	махнете	-	махнал	махнала	махнало	махнали	махнел	махнела	махнело	махнели	-	-	-	-	махнат	махната	махнато	махнати	-	-
мацам	цапам	цапаш	цапа	цапаме	цапате	цапат	цапах	цапа	цапа	цапахме	цапахте	цапаха	цапах	цапаше	цапаше	цапахме	цапахте	цапаха	цапаи	цапаите	цапаики	цапал	цапала	цапало	цапали	цапал	цапала	цапало	цапали	цапащ	цапаща	цапащо	цапащи	цапан	цапана	цапано	цапани	цапане	цапанета
мачкам	-	-	-	-	-	-	мачках	мачка	мачка	мачкахме	мачкахте	мачкаха	мачках	мачкаше	мачкаше	мачкахме	мачкахте	мачкаха	мачкаи	мачкаите	мачкаики	мачкал	мачкала	мачкало	мачкали	мачкал	мачкала	мачкало	мачкали	мачкащ	мачкаща	мачкащо	мачкащи	мачкан	мачкана	мачкано	мачкани	мачкане	мачканета
мая	мая	маеш	мае	маем	маете	маят	маях	мая	мая	маяхме	маяхте	маяха	маех	маеше	маеше	маехме	маехте	маеха	маи	маите	маеики	маял	маяла	маяло	маяли	маел	маела	маело	маели	маещ	маеща	маещо	маещи	маян	маяна	маяно	маяни	маене	маенета
мекам	-	-	-	-	-	-	меках	мека	мека	мекахме	мекахте	мекаха	меках	мекаше	мекаше	мекахме	мекахте	мекаха	мекаи	мекаите	мекаики	мекал	мекала	мекало	мекали	мекал	мекала	мекало	мекали	мекащ	мекаща	мекащо	мекащи	-	-	-	-	мекане	меканета
меля	меля	мелеш	меле	мелем	мелете	мелят	млях	мля	мля	мляхме	мляхте	мляха	мелех	мелеше	мелеше	мелехме	мелехте	мелеха	мели	мелете	мелеики	млял	мляла	мляло	млели	мелел	мелела	мелело	мелели	мелещ	мелеща	мелещо	мелещи	млян	мляна	мляно	млени	мелене	меленета
меня	меня	мениш	мени	меним	мените	менят	мених	мени	мени	менихме	менихте	мениха	менях	менеше	менеше	меняхме	меняхте	меняха	мени	менете	менеики	менил	менила	менило	менили	менял	меняла	меняло	менели	менящ	меняща	менящо	менящи	менен	менена	менено	менени	менене	мененета
меря	меря	мериш	мери	мерим	мерите	мерят	мерих	мери	мери	мерихме	мерихте	мериха	мерех	мереше	мереше	мерехме	мерехте	мереха	мери	мерете	мереики	мерил	мерила	мерило	мерили	мерел	мерела	мерело	мерели	мерещ	мереща	мерещо	мерещи	мерен	мерена	мерено	мерени	мерене	меренета
местя	местя	местиш	мести	местим	местите	местят	местих	мести	мести	местихме	местихте	местиха	местех	местеше	местеше	местехме	местехте	местеха	мести	местете	местеики	местил	местила	местило	местили	местел	местела	местело	местели	местещ	местеща	местещо	местещи	местен	местена	местено	местени	местене	местенета
меся	меся	месиш	меси	месим	месите	месят	месих	меси	меси	месихме	месихте	месиха	месех	месеше	месеше	месехме	месехте	месеха	меси	месете	месеики	месил	месила	месило	месили	месел	месела	месело	месели	месещ	месеща	месещо	месещи	месен	месена	месено	месени	месене	месенета
мета	мета	метеш	мете	метем	метете	метат	метох	мете	мете	метохме	метохте	метоха	метях	метеше	метеше	метяхме	метяхте	метяха	мети	метете	метейки	мел	мела	мело	мели	метял	метяла	метяло	метели	метящ	метяща	метящо	метящи	метен	метена	метено	метени	метене	метения-нета
метна	метна	метнеш	метне	метнем	метнете	метнат	метнах	метна	метна	метнахме	метнахте	метнаха	метнех	метнеше	метнеше	метнехме	метнехте	метнеха	метни	метнете	-	метнал	метнала	метнало	метнали	метнел	метнела	метнело	метнели	-	-	-	-	метнат	метната	метнато	метнати	-	-
меча	меча	мечеш	мече	мечем	мечете	мечат	меках	мека	мека	мекахме	мекахте	мекаха	мечех	мечеше	мечеше	мечехме	мечехте	мечеха	мечи	мечете	мечеики	мекал	мекала	мекало	мекали	мечел	мечела	мечело	мечели	мечещ	мечеща	мечещо	мечещи	мечан	мечана	мечано	мечани	мекане	меканета
мечтателствам	-	-	-	-	-	-	мечтателствах	мечтателства	мечтателства	мечтателствахме	мечтателствахте	мечтателстваха	мечтателствах	мечтателстваше	мечтателстваше	мечтателствахме	мечтателствахте	мечтателстваха	мечтателстваи	мечтателстваите	мечтателстваики	мечтателствал	мечтателствала	мечтателствало	мечтателствали	мечтателствал	мечтателствала	мечтателствало	мечтателствали	мечтателстващ	мечтателстваща	мечтателстващо	мечтателстващи	-	-	-	-	мечтателстване	мечтателстванета
мечтая	мечтая	мечтаеш	мечтае	мечтаем	мечтаете	мечтаят	мечтах	мечта	мечта	мечтахме	мечтахте	мечтаха	мечтаех	мечтаеше	мечтаеше	мечтаехме	мечтаехте	мечтаеха	мечтай	мечтайте	мечтаейки	мечтал	мечтала	мечтало	мечтали	мечтаел	мечтаела	мечтаело	мечтаели	мечтаещ	мечтаеща	мечтаещо	мечтаещи	мечтан	мечтана	мечтано	мечтани	мечтане	мечтания-нета
мешам	-	-	-	-	-	-	мешах	меша	меша	мешахме	мешахте	мешаха	мешах	мешаше	мешаше	мешахме	мешахте	мешаха	мешаи	мешаите	мешаики	мешал	мешала	мешало	мешали	мешал	мешала	мешало	мешали	мешащ	мешаща	мешащо	мешащи	мешан	мешана	мешано	мешани	мешане	мешанета
мигам	-	-	-	-	-	-	мигах	мига	мига	мигахме	мигахте	мигаха	мигах	мигаше	мигаше	мигахме	мигахте	мигаха	мигаи	мигаите	мигаики	мигал	мигала	мигало	мигали	мигал	мигала	мигало	мигали	мигащ	мигаща	мигащо	мигащи	-	-	-	-	мигане	миганета
мигвам	-	-	-	-	-	-	мигвах	мигва	мигва	мигвахме	мигвахте	мигваха	мигвах	мигваше	мигваше	мигвахме	мигвахте	мигваха	мигваи	мигваите	мигваики	мигвал	мигвала	мигвало	мигвали	мигвал	мигвала	мигвало	мигвали	мигващ	мигваща	мигващо	мигващи	мигван	мигвана	мигвано	мигвани	мигване	мигванета
мигна	мигна	мигнеш	мигне	мигнем	мигнете	мигнат	мигнах	мигна	мигна	мигнахме	мигнахте	мигнаха	мигнех	мигнеше	мигнеше	мигнехме	мигнехте	мигнеха	мигни	мигнете	-	мигнал	мигнала	мигнало	мигнали	мигнел	мигнела	мигнело	мигнели	-	-	-	-	мигнат	мигната	мигнато	мигнати	-	-
мижа	мижа	мижиш	мижи	мижим	мижите	мижат	мижах	мижа	мижа	мижахме	мижахте	мижаха	мижах	мижеше	мижеше	мижахме	мижахте	мижаха	мижи	мижете	мижеики	мижал	мижала	мижало	мижали	мижал	мижала	мижало	мижали	мижащ	мижаща	мижащо	мижащи	-	-	-	-	мижане	мижанета
милвам	-	-	-	-	-	-	милвах	милва	милва	милвахме	милвахте	милваха	милвах	милваше	милваше	милвахме	милвахте	милваха	милваи	милваите	милваики	милвал	милвала	милвало	милвали	милвал	милвала	милвало	милвали	милващ	милваща	милващо	милващи	милван	милвана	милвано	милвани	милване	милванета
милея	милея	милееш	милее	милеем	милеете	милеят	милях	миля	миля	миляхме	миляхте	миляха	милеех	милееше	милееше	милеехме	милеехте	милееха	милеи	милеите	милееики	милял	миляла	миляло	милели	милеел	милеела	милеело	милеели	милеещ	милееща	милеещо	милеещи	-	-	-	-	милеене	милеенета
мина	мина	минеш	мине	минем	минете	минат	минах	мина	мина	минахме	минахте	минаха	минех	минеше	минеше	минехме	минехте	минеха	мини	минете	-	минал	минала	минало	минали	минел	минела	минело	минели	-	-	-	-	минат	мината	минато	минати	-	-
минавам	-	-	-	-	-	-	минавах	минава	минава	минавахме	минавахте	минаваха	минавах	минаваше	минаваше	минавахме	минавахте	минаваха	минаваи	минаваите	минаваики	минавал	минавала	минавало	минавали	минавал	минавала	минавало	минавали	минаващ	минаваща	минаващо	минаващи	минаван	минавана	минавано	минавани	минаване	минаванета
мириша	мириша	миришеш	мирише	миришем	миришете	миришат	мирисах	мириса	мириса	мирисахме	мирисахте	мирисаха	миришех	миришеше	миришеше	миришехме	миришехте	миришеха	мириши	миришете	миришеики	мирисал	мирисала	мирисало	мирисали	миришел	миришела	миришело	миришели	миришещ	миришеща	миришещо	миришещи	мирисан	мирисана	мирисано	мирисани	мирисане	мирисанета
мирувам	-	-	-	-	-	-	мирувах	мирува	мирува	мирувахме	мирувахте	мируваха	мирувах	мируваше	мируваше	мирувахме	мирувахте	мируваха	мируваи	мируваите	мируваики	мирувал	мирувала	мирувало	мирували	мирувал	мирувала	мирувало	мирували	мируващ	мируваща	мируващо	мируващи	-	-	-	-	мируване	мируванета
миря	миря	мириш	мири	мирим	мирите	мирят	мирих	мири	мири	мирихме	мирихте	мириха	мирях	миреше	миреше	миряхме	миряхте	миряха	мири	мирете	миреики	мирил	мирила	мирило	мирили	мирял	миряла	миряло	мирели	мирящ	миряща	мирящо	мирящи	мирен	мирена	мирено	мирени	мирене	миренета
мирясам	-	-	-	-	-	-	мирясах	миряса	миряса	мирясахме	мирясахте	мирясаха	мирясах	мирясаше	мирясаше	мирясахме	мирясахте	мирясаха	мирясаи	мирясаите	-	мирясал	мирясала	мирясало	мирясали	мирясал	мирясала	мирясало	мирясали	-	-	-	-	-	-	-	-	-	-
мисля	мисля	мислиш	мисли	мислим	мислите	мислят	мислих	мисли	мисли	мислихме	мислихте	мислиха	мислех	мислеше	мислеше	мислехме	мислехте	мислеха	мисли	мислете	мислеики	мислил	мислила	мислило	мислили	мислел	мислела	мислело	мислели	мислещ	мислеща	мислещо	мислещи	-	-	-	-	мислене	мисленета
миткам	-	-	-	-	-	-	митках	митка	митка	миткахме	миткахте	миткаха	митках	миткаше	миткаше	миткахме	миткахте	миткаха	миткаи	миткаите	миткаики	миткал	миткала	миткало	миткали	миткал	миткала	миткало	миткали	миткащ	миткаща	миткащо	миткащи	-	-	-	-	миткане	митканета
мичам	млъскам	млъскаш	млъска	млъскаме	млъскате	млъскат	млъсках	млъска	млъска	млъскахме	млъскахте	млъскаха	млъсках	млъскаше	млъскаше	млъскахме	млъскахте	млъскаха	млъскаи	млъскаите	млъскаики	млъскал	млъскала	млъскало	млъскали	млъскал	млъскала	млъскало	млъскали	млъскащ	млъскаща	млъскащо	млъскащи	млъскан	млъскана	млъскано	млъскани	млъскане	млъсканета
мия	мия	миеш	мие	мием	миете	мият	мих	ми	ми	михме	михте	миха	миех	миеше	миеше	миехме	миехте	миеха	мии	миите	миеики	мил	мила	мило	мили	миел	миела	миело	миели	миещ	миеща	миещо	миещи	мит	мита	мито	мити	миене	миенета
младея	младея	младееш	младее	младеем	младеете	младеят	младях	младя	младя	младяхме	младяхте	младяха	младеех	младееше	младееше	младеехме	младеехте	младееха	младеи	младеите	младееики	младял	младяла	младяло	младели	младеел	младеела	младеело	младеели	младеещ	младееща	младеещо	младеещи	-	-	-	-	младеене	младеенета
млатя	млатя	млатиш	млати	млатим	млатите	млатят	млатих	млати	млати	млатихме	млатихте	млатиха	млатех	млатеше	млатеше	млатехме	млатехте	млатеха	млати	млатете	млатеики	млатил	млатила	млатило	млатили	млател	млатела	млатело	млатели	млатещ	млатеща	млатещо	млатещи	млатен	млатена	млатено	млатени	млатене	млатенета
млащя	млащя	млащиш	млащи	млащим	млащите	млащят	млащих	млащи	млащи	млащихме	млащихте	млащиха	млащех	млащеше	млащеше	млащехме	млащехте	млащеха	млащи	млащете	млащеики	млащил	млащила	млащило	млащили	млащел	млащела	млащело	млащели	млащещ	млащеща	млащещо	млащещи	-	-	-	-	млащене	млащенета
млузгам	-	-	-	-	-	-	млузгах	млузга	млузга	млузгахме	млузгахте	млузгаха	млузгах	млузгаше	млузгаше	млузгахме	млузгахте	млузгаха	млузгаи	млузгаите	млузгаики	млузгал	млузгала	млузгало	млузгали	млузгал	млузгала	млузгало	млузгали	млузгащ	млузгаща	млузгащо	млузгащи	млузган	млузгана	млузгано	млузгани	млузгане	млузганета
млъквам	-	-	-	-	-	-	млъквах	млъква	млъква	млъквахме	млъквахте	млъкваха	млъквах	млъкваше	млъкваше	млъквахме	млъквахте	млъкваха	млъквай	млъквайте	млъквайки	млъквал	млъквала	млъквало	млъквали	млъквал	млъквала	млъквало	млъквали	млъкващ	млъкваща	млъкващо	млъкващи	-	-	-	-	млъкване	млъквания-нета
млъкна	млъкна	млъкнеш	млъкне	млъкнем	млъкнете	млъкнат	млъкнах	млъкна	млъкна	млъкнахме	млъкнахте	млъкнаха	млъкнех	млъкнеше	млъкнеше	млъкнехме	млъкнехте	млъкнеха	млъкни	млъкнете	-	млъкнал	млъкнала	млъкнало	млъкнали	млъкнел	млъкнела	млъкнело	млъкнели	-	-	-	-	-	-	-	-	-	-
млъскам	-	-	-	-	-	-	млъсках	млъска	млъска	млъскахме	млъскахте	млъскаха	млъсках	млъскаше	млъскаше	млъскахме	млъскахте	млъскаха	млъскаи	млъскаите	млъскаики	млъскал	млъскала	млъскало	млъскали	млъскал	млъскала	млъскало	млъскали	млъскащ	млъскаща	млъскащо	млъскащи	млъскан	млъскана	млъскано	млъскани	млъскане	млъсканета
мляскам	-	-	-	-	-	-	млясках	мляска	мляска	мляскахме	мляскахте	мляскаха	млясках	мляскаше	мляскаше	мляскахме	мляскахте	мляскаха	мляскаи	мляскаите	мляскаики	мляскал	мляскала	мляскало	мляскали	мляскал	мляскала	мляскало	мляскали	мляскащ	мляскаща	мляскащо	мляскащи	мляскан	мляскана	мляскано	мляскани	мляскане	млясканета
множа	множа	множиш	множи	множим	множите	множат	множих	множи	множи	множихме	множихте	множиха	множах	множеше	множеше	множахме	множахте	множаха	множи	множете	множеики	множил	множила	множило	множили	множал	множала	множало	множали	множащ	множаща	множащо	множащи	множен	множена	множено	множени	множене	множенета
мня	мня	мниш	мни	мним	мните	мнят	мних	мни	мни	мнихме	мнихте	мниха	мнях	мнеше	мнеше	мняхме	мняхте	мняха	мни	мнете	мнеики	мнил	мнила	мнило	мнели	мнял	мняла	мняло	мнели	мнящ	мняща	мнящо	мнящи	-	-	-	-	мнене	мненета
мога	мога	можеш	може	можем	можете	могат	можах	можа	можа	можахме	можахте	можаха	можех	можеше	можеше	можехме	можехте	можеха	-	-	можейки	могъл	могла	могло	могли	можел	можела	можело	можели	можещ	можеща	можещо	можещи	-	-	-	-	можене	можения-нета
мокрея	мокрея	мокрееш	мокрее	мокреем	мокреете	мокреят	мокрях	мокря	мокря	мокряхме	мокряхте	мокряха	мокреех	мокрееше	мокрееше	мокреехме	мокреехте	мокрееха	мокреи	мокреите	мокрееики	мокрял	мокряла	мокряло	мокрели	мокреел	мокреела	мокреело	мокреели	мокреещ	мокрееща	мокреещо	мокреещи	-	-	-	-	мокреене	мокреенета
мокря	мокря	мокриш	мокри	мокрим	мокрите	мокрят	мокрих	мокри	мокри	мокрихме	мокрихте	мокриха	мокрех	мокреше	мокреше	мокрехме	мокрехте	мокреха	мокри	мокрете	мокреики	мокрил	мокрила	мокрило	мокрили	мокрел	мокрела	мокрело	мокрели	мокрещ	мокреща	мокрещо	мокрещи	мокрен	мокрена	мокрено	мокрени	мокрене	мокренета
моля	моля	молиш	моли	молим	молите	молят	молих	моли	моли	молихме	молихте	молиха	молех	молеше	молеше	молехме	молехте	молеха	моли	молете	молейки	молил	молила	молило	молили	молел	молела	молело	молели	молещ	молеща	молещо	молещи	молен	молена	молено	молени	молене	моления-нета
монтирам	-	-	-	-	-	-	монтирах	монтира	монтира	монтирахме	монтирахте	монтираха	монтирах	монтираше	монтираше	монтирахме	монтирахте	монтираха	монтираи	монтираите	монтираики	монтирал	монтирала	монтирало	монтирали	монтирал	монтирала	монтирало	монтирали	монтиращ	монтираща	монтиращо	монтиращи	монтиран	монтирана	монтирано	монтирани	монтиране	монтиранета
моря	моря	мориш	мори	морим	морите	морят	морих	мори	мори	морихме	морихте	мориха	морях	мореше	мореше	моряхме	моряхте	моряха	мори	морете	мореики	морил	морила	морило	морили	морял	моряла	моряло	морели	морящ	моряща	морящо	морящи	морен	морена	морено	морени	морене	моренета
мотам	-	-	-	-	-	-	мотах	мота	мота	мотахме	мотахте	мотаха	мотах	моташе	моташе	мотахме	мотахте	мотаха	мотаи	мотаите	мотаики	мотал	мотала	мотало	мотали	мотал	мотала	мотало	мотали	мотащ	мотаща	мотащо	мотащи	-	-	-	-	мотане	мотанета
мотая	мотая	мотаеш	мотае	мотаем	мотаете	мотаят	мотах	мота	мота	мотахме	мотахте	мотаха	мотаех	мотаеше	мотаеше	мотаехме	мотаехте	мотаеха	мотаи	мотаите	мотаеики	мотал	мотала	мотало	мотали	мотаел	мотаела	мотаело	мотаели	мотаещ	мотаеща	мотаещо	мотаещи	мотан	мотана	мотано	мотани	мотаене	мотаенета
мотолевя	шумолевя	шумолевиш	шумолеви	шумолевим	шумолевите	шумолевят	шумолевих	шумолеви	шумолеви	шумолевихме	шумолевихте	шумолевиха	шумолевех	шумолевеше	шумолевеше	шумолевехме	шумолевехте	шумолевеха	шумолеви	шумолевете	шумолевеики	шумолевил	шумолевила	шумолевило	шумолевили	шумолевел	шумолевела	шумолевело	шумолевели	шумолевещ	шумолевеща	шумолевещо	шумолевещи	-	-	-	-	шумолевене	шумолевенета
моча	моча	мочиш	мочи	мочим	мочите	мочат	мочих	мочи	мочи	мочихме	мочихте	мочиха	мочех	мочеше	мочеше	мочехме	мочехте	мочеха	мочи	мочете	мочеики	мочил	мочила	мочило	мочили	мочел	мочела	мочело	мочели	мочещ	мочеща	мочещо	мочещи	мочен	мочена	мочено	мочени	мочене	моченета
мра	мра	мреш	мре	мрем	мрете	мрат	мрях	мря	мря	мряхме	мряхте	мряха	мрях	мреше	мреше	мряхме	мряхте	мряха	мри	мрете	мрейки	мрял	мряла	мряло	мрели	мрял	мряла	мряло	мрели	мрящ	мряща	мрящо	мрящи	-	-	-	-	мрене	мрения-нета
мразя	мразя	мразиш	мрази	мразим	мразите	мразят	мразих	мрази	мрази	мразихме	мразихте	мразиха	мразех	мразеше	мразеше	мразехме	мразехте	мразеха	мрази	мразете	мразейки	мразил	мразила	мразило	мразили	мразел	мразела	мразело	мразели	мразещ	мразеща	мразещо	мразещи	мразен	мразена	мразено	мразени	мразене	мразения-нета
мрача	мрача	мрачиш	мрачи	мрачим	мрачите	мрачат	мрачих	мрачи	мрачи	мрачихме	мрачихте	мрачиха	мрачах	мрачеше	мрачеше	мрачахме	мрачахте	мрачаха	мрачи	мрачете	мрачеики	мрачил	мрачила	мрачило	мрачили	мрачал	мрачала	мрачало	мрачали	мрачащ	мрачаща	мрачащо	мрачащи	мрачен	мрачена	мрачено	мрачени	мрачене	мраченета
мрия	мрия	мриеш	мрие	мрием	мриете	мрият	мрих	мри	мри	мрихме	мрихте	мриха	мриех	мриеше	мриеше	мриехме	мриехте	мриеха	мрии	мриите	мриеики	мрил	мрила	мрило	мрили	мриел	мриела	мриело	мриели	мриещ	мриеща	мриещо	мриещи	мрит	мрита	мрито	мрити	мриене	мриенета
мръждя	мръждя	мръждиш	мръжди	мръждим	мръждите	мръждят	мръждих	мръжди	мръжди	мръждихме	мръждихте	мръждиха	мръждех	мръждеше	мръждеше	мръждехме	мръждехте	мръждеха	мръжди	мръждете	мръждеики	мръждил	мръждила	мръждило	мръждили	мръждел	мръждела	мръждело	мръждели	мръждещ	мръждеща	мръждещо	мръждещи	-	-	-	-	мръждене	мръжденета
мръзна	мръзна	мръзнеш	мръзне	мръзнем	мръзнете	мръзнат	мръзнах	мръзна	мръзна	мръзнахме	мръзнахте	мръзнаха	мръзнех	мръзнеше	мръзнеше	мръзнехме	мръзнехте	мръзнеха	мръзни	мръзнете	мръзнеики	мръзнал	мръзнала	мръзнало	мръзнали	мръзнел	мръзнела	мръзнело	мръзнели	мръзнещ	мръзнеща	мръзнещо	мръзнещи	-	-	-	-	мръзнене	мръзненета
мръквам	-	-	-	-	-	-	мръквах	мръква	мръква	мръквахме	мръквахте	мръкваха	мръквах	мръкваше	мръкваше	мръквахме	мръквахте	мръкваха	мръкваи	мръкваите	мръкваики	мръквал	мръквала	мръквало	мръквали	мръквал	мръквала	мръквало	мръквали	мръкващ	мръкваща	мръкващо	мръкващи	мръкван	мръквана	мръквано	мръквани	мръкване	мръкванета
мръкна	мръкна	мръкнеш	мръкне	мръкнем	мръкнете	мръкнат	мръкнах	мръкна	мръкна	мръкнахме	мръкнахте	мръкнаха	мръкнех	мръкнеше	мръкнеше	мръкнехме	мръкнехте	мръкнеха	мръкни	мръкнете	-	мръкнал	мръкнала	мръкнало	мръкнали	мръкнел	мръкнела	мръкнело	мръкнели	-	-	-	-	мръкнат	мръкната	мръкнато	мръкнати	-	-
мрънкам	-	-	-	-	-	-	мрънках	мрънка	мрънка	мрънкахме	мрънкахте	мрънкаха	мрънках	мрънкаше	мрънкаше	мрънкахме	мрънкахте	мрънкаха	мрънкаи	мрънкаите	мрънкаики	мрънкал	мрънкала	мрънкало	мрънкали	мрънкал	мрънкала	мрънкало	мрънкали	мрънкащ	мрънкаща	мрънкащо	мрънкащи	-	-	-	-	мрънкане	мрънканета
мръщя	мръщя	мръщиш	мръщи	мръщим	мръщите	мръщят	мръщих	мръщи	мръщи	мръщихме	мръщихте	мръщиха	мръщех	мръщеше	мръщеше	мръщехме	мръщехте	мръщеха	мръщи	мръщете	мръщеики	мръщил	мръщила	мръщило	мръщили	мръщел	мръщела	мръщело	мръщели	мръщещ	мръщеща	мръщещо	мръщещи	мръщен	мръщена	мръщено	мръщени	мръщене	мръщенета
мулавя	мулавя	мулавиш	мулави	мулавим	мулавите	мулавят	мулавих	мулави	мулави	мулавихме	мулавихте	мулавиха	мулавех	мулавеше	мулавеше	мулавехме	мулавехте	мулавеха	мулави	мулавете	мулавеики	мулавил	мулавила	мулавило	мулавили	мулавел	мулавела	мулавело	мулавели	мулавещ	мулавеща	мулавещо	мулавещи	-	-	-	-	мулавене	мулавенета
мухам	-	-	-	-	-	-	мухах	муха	муха	мухахме	мухахте	мухаха	мухах	мухаше	мухаше	мухахме	мухахте	мухаха	мухаи	мухаите	мухаики	мухал	мухала	мухало	мухали	мухал	мухала	мухало	мухали	мухащ	мухаща	мухащо	мухащи	мухан	мухана	мухано	мухани	мухане	муханета
муцам	-	-	-	-	-	-	муцах	муца	муца	муцахме	муцахте	муцаха	муцах	муцаше	муцаше	муцахме	муцахте	муцаха	муцаи	муцаите	муцаики	муцал	муцала	муцало	муцали	муцал	муцала	муцало	муцали	муцащ	муцаща	муцащо	муцащи	муцан	муцана	муцано	муцани	муцане	муцанета
муча	муча	мучиш	мучи	мучим	мучите	мучат	мучах	муча	муча	мучахме	мучахте	мучаха	мучах	мучеше	мучеше	мучахме	мучахте	мучаха	мучи	мучете	мучеики	мучал	мучала	мучало	мучали	мучал	мучала	мучало	мучали	мучащ	мучаща	мучащо	мучащи	-	-	-	-	мучане	мучанета
муша	муша	мушиш	муши	мушим	мушите	мушат	муших	муши	муши	мушихме	мушихте	мушиха	мушех	мушеше	мушеше	мушехме	мушехте	мушеха	муши	мушете	мушеики	мушил	мушила	мушило	мушили	мушел	мушела	мушело	мушели	мушещ	мушеща	мушещо	мушещи	мушен	мушена	мушено	мушени	мушене	мушенета
мушкам	-	-	-	-	-	-	мушках	мушка	мушка	мушкахме	мушкахте	мушкаха	мушках	мушкаше	мушкаше	мушкахме	мушкахте	мушкаха	мушкаи	мушкаите	мушкаики	мушкал	мушкала	мушкало	мушкали	мушкал	мушкала	мушкало	мушкали	мушкащ	мушкаща	мушкащо	мушкащи	мушкан	мушкана	мушкано	мушкани	мушкане	мушканета
мъгна	мъгна	мъгнеш	мъгне	мъгнем	мъгнете	мъгнат	мъгнах	мъгна	мъгна	мъгнахме	мъгнахте	мъгнаха	мъгнех	мъгнеше	мъгнеше	мъгнехме	мъгнехте	мъгнеха	мъгни	мъгнете	-	мъгнал	мъгнала	мъгнало	мъгнали	мъгнел	мъгнела	мъгнело	мъгнели	-	-	-	-	-	-	-	-	-	-
мъжделея	мъжделея	мъжделееш	мъжделее	мъжделеем	мъжделеете	мъжделеят	мъжделеях	мъжделея	мъжделея	мъжделеяхме	мъжделеяхте	мъжделеяха	мъжделеех	мъжделееше	мъжделееше	мъжделеехме	мъжделеехте	мъжделееха	мъжделеи	мъжделеите	мъжделееики	мъжделеял	мъжделеяла	мъжделеяло	мъжделеяли	мъжделеел	мъжделеела	мъжделеело	мъжделеели	мъжделеещ	мъжделееща	мъжделеещо	мъжделеещи	-	-	-	-	мъжделеене	мъжделеенета
мъждея	мъждея	мъждееш	мъждее	мъждеем	мъждеете	мъждеят	мъждеях	мъждея	мъждея	мъждеяхме	мъждеяхте	мъждеяха	мъждеех	мъждееше	мъждееше	мъждеехме	мъждеехте	мъждееха	мъждеи	мъждеите	мъждееики	мъждеял	мъждеяла	мъждеяло	мъждеяли	мъждеел	мъждеела	мъждеело	мъждеели	мъждеещ	мъждееща	мъждеещо	мъждеещи	мъждеян	мъждеяна	мъждеяно	мъждеяни	мъждеене	мъждеенета
мъждукам	-	-	-	-	-	-	мъждуках	мъждука	мъждука	мъждукахме	мъждукахте	мъждукаха	мъждуках	мъждукаше	мъждукаше	мъждукахме	мъждукахте	мъждукаха	мъждукаи	мъждукаите	мъждукаики	мъждукал	мъждукала	мъждукало	мъждукали	мъждукал	мъждукала	мъждукало	мъждукали	мъждукащ	мъждукаща	мъждукащо	мъждукащи	-	-	-	-	мъждукане	мъждуканета
мъждя	мъждя	мъждиш	мъжди	мъждим	мъждите	мъждят	мъждях	мъждя	мъждя	мъждяхме	мъждяхте	мъждяха	мъждях	мъждеше	мъждеше	мъждяхме	мъждяхте	мъждяха	мъжди	мъждете	мъждеики	мъждял	мъждяла	мъждяло	мъждели	мъждял	мъждяла	мъждяло	мъждели	мъждящ	мъждяща	мъждящо	мъждящи	-	-	-	-	мъждене	мъжденета
мъкна	мъкна	мъкнеш	мъкне	мъкнем	мъкнете	мъкнат	мъкнах	мъкна	мъкна	мъкнахме	мъкнахте	мъкнаха	мъкнех	мъкнеше	мъкнеше	мъкнехме	мъкнехте	мъкнеха	мъкни	мъкнете	мъкнеики	мъкнал	мъкнала	мъкнало	мъкнали	мъкнел	мъкнела	мъкнело	мъкнели	мъкнещ	мъкнеща	мъкнещо	мъкнещи	мъкнат	мъкната	мъкнато	мъкнати	мъкнене	мъкненета
мълвя	мълвя	мълвиш	мълви	мълвим	мълвите	мълвят	мълвях	мълвя	мълвя	мълвяхме	мълвяхте	мълвяха	мълвях	мълвеше	мълвеше	мълвяхме	мълвяхте	мълвяха	мълви	мълвете	мълвеики	мълвял	мълвяла	мълвяло	мълвели	мълвял	мълвяла	мълвяло	мълвели	мълвящ	мълвяща	мълвящо	мълвящи	мълвян	мълвяна	мълвяно	мълвени	мълвене	мълвенета
мълзя	мълзя	мълзиш	мълзи	мълзим	мълзите	мълзят	мълзих	мълзи	мълзи	мълзихме	мълзихте	мълзиха	мълзях	мълзеше	мълзеше	мълзяхме	мълзяхте	мълзяха	мълзи	мълзете	мълзеики	мълзил	мълзила	мълзило	мълзили	мълзял	мълзяла	мълзяло	мълзели	мълзящ	мълзяща	мълзящо	мълзящи	мълзен	мълзена	мълзено	мълзени	мълзене	мълзенета
мълча	мълча	мълчиш	мълчи	мълчим	мълчите	мълчат	мълчах	мълча	мълча	мълчахме	мълчахте	мълчаха	мълчах	мълчеше	мълчеше	мълчахме	мълчахте	мълчаха	мълчи	мълчете	мълчеики	мълчал	мълчала	мълчало	мълчали	мълчал	мълчала	мълчало	мълчали	мълчащ	мълчаща	мълчащо	мълчащи	-	-	-	-	мълчане	мълчанета
мъмля	мъмля	мъмлиш	мъмли	мъмлим	мъмлите	мъмлят	мъмлих	мъмли	мъмли	мъмлихме	мъмлихте	мъмлиха	мъмлех	мъмлеше	мъмлеше	мъмлехме	мъмлехте	мъмлеха	мъмли	мъмлете	мъмлеики	мъмлил	мъмлила	мъмлило	мъмлили	мъмлел	мъмлела	мъмлело	мъмлели	мъмлещ	мъмлеща	мъмлещо	мъмлещи	-	-	-	-	мъмлене	мъмленета
мъмря	мъмря	мъмриш	мъмри	мъмрим	мъмрите	мъмрят	мъмрих	мъмри	мъмри	мъмрихме	мъмрихте	мъмриха	мъмрех	мъмреше	мъмреше	мъмрехме	мъмрехте	мъмреха	мъмри	мъмрете	мъмреики	мъмрил	мъмрила	мъмрило	мъмрили	мъмрел	мъмрела	мъмрело	мъмрели	мъмрещ	мъмреща	мъмрещо	мъмрещи	-	-	-	-	мъмрене	мъмренета
мъна	мъна	мънеш	мъне	мънем	мънете	мънат	мънах	мъна	мъна	мънахме	мънахте	мънаха	мънех	мънеше	мънеше	мънехме	мънехте	мънеха	мъни	мънете	мънеики	мънал	мънала	мънало	мънали	мънел	мънела	мънело	мънели	мънещ	мънеща	мънещо	мънещи	мънат	мъната	мънато	мънати	мънене	мъненета
мънкам	-	-	-	-	-	-	мънках	мънка	мънка	мънкахме	мънкахте	мънкаха	мънках	мънкаше	мънкаше	мънкахме	мънкахте	мънкаха	мънкаи	мънкаите	мънкаики	мънкал	мънкала	мънкало	мънкали	мънкал	мънкала	мънкало	мънкали	мънкащ	мънкаща	мънкащо	мънкащи	-	-	-	-	мънкане	мънканета
мърдам	-	-	-	-	-	-	мърдах	мърда	мърда	мърдахме	мърдахте	мърдаха	мърдах	мърдаше	мърдаше	мърдахме	мърдахте	мърдаха	мърдаи	мърдаите	мърдаики	мърдал	мърдала	мърдало	мърдали	мърдал	мърдала	мърдало	мърдали	мърдащ	мърдаща	мърдащо	мърдащи	мърдан	мърдана	мърдано	мърдани	мърдане	мърданета
мързя	мързя	мързиш	мързи	мързим	мързите	мързят	мързих	мързи	мързи	мързихме	мързихте	мързиха	мързях	мързеше	мързеше	мързяхме	мързяхте	мързяха	мързи	мързете	мързеики	мързил	мързила	мързило	мързели	мързял	мързяла	мързяло	мързели	мързящ	мързяща	мързящо	мързящи	мързен	мързена	мързено	мързени	мързене	мързенета
мъркам	-	-	-	-	-	-	мърках	мърка	мърка	мъркахме	мъркахте	мъркаха	мърках	мъркаше	мъркаше	мъркахме	мъркахте	мъркаха	мъркаи	мъркаите	мъркаики	мъркал	мъркала	мъркало	мъркали	мъркал	мъркала	мъркало	мъркали	мъркащ	мъркаща	мъркащо	мъркащи	-	-	-	-	мъркане	мърканета
мърля	мърля	мърлиш	мърли	мърлим	мърлите	мърлят	мърлих	мърли	мърли	мърлихме	мърлихте	мърлиха	мърлех	мърлеше	мърлеше	мърлехме	мърлехте	мърлеха	мърли	мърлете	мърлеики	мърлил	мърлила	мърлило	мърлили	мърлел	мърлела	мърлело	мърлели	мърлещ	мърлеща	мърлещо	мърлещи	-	-	-	-	мърлене	мърленета
мърморя	мърморя	мърмориш	мърмори	мърморим	мърморите	мърморят	мърморих	мърмори	мърмори	мърморихме	мърморихте	мърмориха	мърморех	мърмореше	мърмореше	мърморехме	мърморехте	мърмореха	мърмори	мърморете	мърмореики	мърморил	мърморила	мърморило	мърморили	мърморел	мърморела	мърморело	мърморели	мърморещ	мърмореща	мърморещо	мърморещи	-	-	-	-	мърморене	мърморенета
мърся	мърся	мърсиш	мърси	мърсим	мърсите	мърсят	мърсих	мърси	мърси	мърсихме	мърсихте	мърсиха	мърсях	мърсеше	мърсеше	мърсяхме	мърсяхте	мърсяха	мърси	мърсете	мърсеики	мърсил	мърсила	мърсило	мърсили	мърсял	мърсяла	мърсяло	мърсели	мърсящ	мърсяща	мърсящо	мърсящи	-	-	-	-	мърсене	мърсенета
мърцам	-	-	-	-	-	-	мърцах	мърца	мърца	мърцахме	мърцахте	мърцаха	мърцах	мърцаше	мърцаше	мърцахме	мърцахте	мърцаха	мърцаи	мърцаите	мърцаики	мърцал	мърцала	мърцало	мърцали	мърцал	мърцала	мърцало	мърцали	мърцащ	мърцаща	мърцащо	мърцащи	мърцан	мърцана	мърцано	мърцани	мърцане	мърцанета
мърча	мърча	мърчиш	мърчи	мърчим	мърчите	мърчат	мърчих	мърчи	мърчи	мърчихме	мърчихте	мърчиха	мърчах	мърчеше	мърчеше	мърчахме	мърчахте	мърчаха	мърчи	мърчете	мърчеики	мърчил	мърчила	мърчило	мърчили	мърчал	мърчала	мърчало	мърчали	мърчащ	мърчаща	мърчащо	мърчащи	-	-	-	-	мърчене	мърченета
мъстя	мъстя	мъстиш	мъсти	мъстим	мъстите	мъстят	мъстих	мъсти	мъсти	мъстихме	мъстихте	мъстиха	мъстях	мъстеше	мъстеше	мъстяхме	мъстяхте	мъстяха	мъсти	мъстете	мъстеики	мъстил	мъстила	мъстило	мъстили	мъстял	мъстяла	мъстяло	мъстели	мъстящ	мъстяща	мъстящо	мъстящи	-	-	-	-	мъстене	мъстенета
мътя	мътя	мътиш	мъти	мътим	мътите	мътят	мътих	мъти	мъти	мътихме	мътихте	мътиха	мътех	мътеше	мътеше	мътехме	мътехте	мътеха	мъти	мътете	мътеики	мътил	мътила	мътило	мътили	мътел	мътела	мътело	мътели	мътещ	мътеща	мътещо	мътещи	мътен	мътена	мътено	мътени	мътене	мътенета
мъча	мъча	мъчиш	мъчи	мъчим	мъчите	мъчат	мъчих	мъчи	мъчи	мъчихме	мъчихте	мъчиха	мъчех	мъчеше	мъчеше	мъчехме	мъчехте	мъчеха	мъчи	мъчете	мъчеики	мъчил	мъчила	мъчило	мъчили	мъчел	мъчела	мъчело	мъчели	мъчещ	мъчеща	мъчещо	мъчещи	мъчен	мъчена	мъчено	мъчени	мъчене	мъченета
мяркам	-	-	-	-	-	-	мярках	мярка	мярка	мяркахме	мяркахте	мяркаха	мярках	мяркаше	мяркаше	мяркахме	мяркахте	мяркаха	мяркаи	мяркаите	мяркаики	мяркал	мяркала	мяркало	мяркали	мяркал	мяркала	мяркало	мяркали	мяркащ	мяркаща	мяркащо	мяркащи	мяркан	мяркана	мяркано	мяркани	мяркане	мярканета
мятам	-	-	-	-	-	-	мятах	мята	мята	мятахме	мятахте	мятаха	мятах	мяташе	мяташе	мятахме	мятахте	мятаха	мятаи	мятаите	мятаики	мятал	мятала	мятало	мятали	мятал	мятала	мятало	мятали	мятащ	мятаща	мятащо	мятащи	мятан	мятана	мятано	мятани	мятане	мятанета
мяукам	-	-	-	-	-	-	мяуках	мяука	мяука	мяукахме	мяукахте	мяукаха	мяуках	мяукаше	мяукаше	мяукахме	мяукахте	мяукаха	мяукаи	мяукаите	мяукаики	мяукал	мяукала	мяукало	мяукали	мяукал	мяукала	мяукало	мяукали	мяукащ	мяукаща	мяукащо	мяукащи	-	-	-	-	мяукане	мяуканета
набавя	набавя	набавиш	набави	набавим	набавите	набавят	набавих	набави	набави	набавихме	набавихте	набавиха	набавех	набавеше	набавеше	набавехме	набавехте	набавеха	набави	набавете	-	набавил	набавила	набавило	набавили	набавел	набавела	набавело	набавели	-	-	-	-	набавен	набавена	набавено	набавени	-	-
набеждавам	-	-	-	-	-	-	набеждавах	набеждава	набеждава	набеждавахме	набеждавахте	набеждаваха	набеждавах	набеждаваше	набеждаваше	набеждавахме	набеждавахте	набеждаваха	набеждаваи	набеждаваите	набеждаваики	набеждавал	набеждавала	набеждавало	набеждавали	набеждавал	набеждавала	набеждавало	набеждавали	набеждаващ	набеждаваща	набеждаващо	набеждаващи	набеждаван	набеждавана	набеждавано	набеждавани	набеждаване	набеждаванета
набера	набера	набереш	набере	наберем	наберете	наберат	набрах	набра	набра	набрахме	набрахте	набраха	наберях	набереше	набереше	наберяхме	наберяхте	наберяха	набери	наберете	-	набрал	набрала	набрало	набрали	наберял	наберяла	наберяло	наберели	-	-	-	-	набран	набрана	набрано	набрани	-	-
набирам	-	-	-	-	-	-	набирах	набира	набира	набирахме	набирахте	набираха	набирах	набираше	набираше	набирахме	набирахте	набираха	набираи	набираите	набираики	набирал	набирала	набирало	набирали	набирал	набирала	набирало	набирали	набиращ	набираща	набиращо	набиращи	набиран	набирана	набирано	набирани	набиране	набиранета
набия	набия	набиеш	набие	набием	набиете	набият	набих	наби	наби	набихме	набихте	набиха	набиех	набиеше	набиеше	набиехме	набиехте	набиеха	набии	набиите	-	набил	набила	набило	набили	набиел	набиела	набиело	набиели	-	-	-	-	набит	набита	набито	набити	-	-
наблюдавам	-	-	-	-	-	-	наблюдавах	наблюдава	наблюдава	наблюдавахме	наблюдавахте	наблюдаваха	наблюдавах	наблюдаваше	наблюдаваше	наблюдавахме	наблюдавахте	наблюдаваха	наблюдаваи	наблюдаваите	наблюдаваики	наблюдавал	наблюдавала	наблюдавало	наблюдавали	наблюдавал	наблюдавала	наблюдавало	наблюдавали	наблюдаващ	наблюдаваща	наблюдаващо	наблюдаващи	наблюдаван	наблюдавана	наблюдавано	наблюдавани	наблюдаване	наблюдаванета
набода	набода	набодеш	набоде	набодем	набодете	набодат	набодох	набоде	набоде	набодохме	набодохте	набодоха	набодях	набодеше	набодеше	набодяхме	набодяхте	набодяха	набоди	набодете	-	набол	набола	наболо	наболи	набодял	набодяла	набодяло	набодели	-	-	-	-	набоден	набодена	набодено	набодени	-	-
набождам	-	-	-	-	-	-	набождах	набожда	набожда	набождахме	набождахте	набождаха	набождах	набождаше	набождаше	набождахме	набождахте	набождаха	набождай	набождайте	набождайки	набождал	набождала	набождало	набождали	набождал	набождала	набождало	набождали	набождащ	набождаща	набождащо	набождащи	набождан	набождана	набождано	набождани	набождане	набождания-нета
набутвам	-	-	-	-	-	-	набутвах	набутва	набутва	набутвахме	набутвахте	набутваха	набутвах	набутваше	набутваше	набутвахме	набутвахте	набутваха	набутваи	набутваите	набутваики	набутвал	набутвала	набутвало	набутвали	набутвал	набутвала	набутвало	набутвали	набутващ	набутваща	набутващо	набутващи	набутван	набутвана	набутвано	набутвани	набутване	набутванета
набучвам	-	-	-	-	-	-	набучвах	набучва	набучва	набучвахме	набучвахте	набучваха	набучвах	набучваше	набучваше	набучвахме	набучвахте	набучваха	набучваи	набучваите	набучваики	набучвал	набучвала	набучвало	набучвали	набучвал	набучвала	набучвало	набучвали	набучващ	набучваща	набучващо	набучващи	набучван	набучвана	набучвано	набучвани	набучване	набучванета
набъркам	-	-	-	-	-	-	набърках	набърка	набърка	набъркахме	набъркахте	набъркаха	набърках	набъркаше	набъркаше	набъркахме	набъркахте	набъркаха	набъркаи	набъркаите	-	набъркал	набъркала	набъркало	набъркали	набъркал	набъркала	набъркало	набъркали	-	-	-	-	набъркан	набъркана	набъркано	набъркани	-	-
наведа	наведа	наведеш	наведе	наведем	наведете	наведат	наведох	наведе	наведе	наведохме	наведохте	наведоха	наведях	наведеше	наведеше	наведяхме	наведяхте	наведяха	наведи	наведете	-	навел	навела	навело	навели	наведял	наведяла	наведяло	наведели	-	-	-	-	наведен	наведена	наведено	наведени	-	-
навеждам	-	-	-	-	-	-	навеждах	навежда	навежда	навеждахме	навеждахте	навеждаха	навеждах	навеждаше	навеждаше	навеждахме	навеждахте	навеждаха	навеждай	навеждайте	навеждайки	навеждал	навеждала	навеждало	навеждали	навеждал	навеждала	навеждало	навеждали	навеждащ	навеждаща	навеждащо	навеждащи	навеждан	навеждана	навеждано	навеждани	навеждане	навеждания-нета
навестя	навестя	навестиш	навести	навестим	навестите	навестят	навестих	навести	навести	навестихме	навестихте	навестиха	навестях	навестеше	навестеше	навестяхме	навестяхте	навестяха	навести	навестете	-	навестил	навестила	навестило	навестили	навестял	навестяла	навестяло	навестели	-	-	-	-	навестен	навестена	навестено	навестени	-	-
навестявам	-	-	-	-	-	-	навестявах	навестява	навестява	навестявахме	навестявахте	навестяваха	навестявах	навестяваше	навестяваше	навестявахме	навестявахте	навестяваха	навестявай	навестявайте	навестявайки	навестявал	навестявала	навестявало	навестявали	навестявал	навестявала	навестявало	навестявали	навестяващ	навестяваща	навестяващо	навестяващи	навестяван	навестявана	навестявано	навестявани	навестяване	навестявания-нета
навехна	навехна	навехнеш	навехне	навехнем	навехнете	навехнат	навехнах	навехна	навехна	навехнахме	навехнахте	навехнаха	навехнех	навехнеше	навехнеше	навехнехме	навехнехте	навехнеха	навехни	навехнете	-	навехнал	навехнала	навехнало	навехнали	навехнел	навехнела	навехнело	навехнели	-	-	-	-	навехнат	навехната	навехнато	навехнати	-	-
навикна	навикна	навикнеш	навикне	навикнем	навикнете	навикнат	навикнах	навикна	навикна	навикнахме	навикнахте	навикнаха	навикнех	навикнеше	навикнеше	навикнехме	навикнехте	навикнеха	навикни	навикнете	-	навикнал	навикнала	навикнало	навикнали	навикнел	навикнела	навикнело	навикнели	-	-	-	-	-	-	-	-	-	-
навирам	-	-	-	-	-	-	навирах	навира	навира	навирахме	навирахте	навираха	навирах	навираше	навираше	навирахме	навирахте	навираха	навирай	навирайте	навирайки	навирал	навирала	навирало	навирали	навирал	навирала	навирало	навирали	навиращ	навираща	навиращо	навиращи	навиран	навирана	навирано	навирани	навиране	навирания-нета
навлека	навлека	навлечеш	навлече	навлечем	навлечете	навлекат	навлякох	навлече	навлече	навлякохме	навлякохте	навлякоха	навлечах	навлечеше	навлечеше	навлечахме	навлечахте	навлечаха	навлечи	навлечете	-	навлякъл	навлякла	навлякло	навлекли	навлечал	навлечала	навлечало	навлечели	-	-	-	-	навлечен	навлечена	навлечено	навлечени	-	-
навлизам	-	-	-	-	-	-	навлизах	навлиза	навлиза	навлизахме	навлизахте	навлизаха	навлизах	навлизаше	навлизаше	навлизахме	навлизахте	навлизаха	навлизай	навлизайте	навлизайки	навлизал	навлизала	навлизало	навлизали	навлизал	навлизала	навлизало	навлизали	навлизащ	навлизаща	навлизащо	навлизащи	-	-	-	-	навлизане	навлизания-нета
навличам	-	-	-	-	-	-	навличах	навлича	навлича	навличахме	навличахте	навличаха	навличах	навличаше	навличаше	навличахме	навличахте	навличаха	навличай	навличайте	навличайки	навличал	навличала	навличало	навличали	навличал	навличала	навличало	навличали	навличащ	навличаща	навличащо	навличащи	навличан	навличана	навличано	навличани	навличане	навличания-нета
навляза	навляза	навлезеш	навлезе	навлезем	навлезете	навлязат	навлязох	навлезе	навлезе	навлязохме	навлязохте	навлязоха	навлезех	навлезеше	навлезеше	навлезехме	навлезехте	навлезеха	навлез	навлезте	-	навлязъл	навлязла	навлязло	навлезли	навлезел	навлезела	навлезело	навлезели	-	-	-	-	-	-	-	-	-	-
наводня	наводня	наводниш	наводни	наводним	наводните	наводнят	наводних	наводни	наводни	наводнихме	наводнихте	наводниха	наводнях	наводнеше	наводнеше	наводняхме	наводняхте	наводняха	наводни	наводнете	-	наводнил	наводнила	наводнило	наводнили	наводнял	наводняла	наводняло	наводнели	-	-	-	-	наводнен	наводнена	наводнено	наводнени	-	-
наводнявам	-	-	-	-	-	-	наводнявах	наводнява	наводнява	наводнявахме	наводнявахте	наводняваха	наводнявах	наводняваше	наводняваше	наводнявахме	наводнявахте	наводняваха	наводнявай	наводнявайте	наводнявайки	наводнявал	наводнявала	наводнявало	наводнявали	наводнявал	наводнявала	наводнявало	наводнявали	наводняващ	наводняваща	наводняващо	наводняващи	наводняван	наводнявана	наводнявано	наводнявани	наводняване	наводнявания-нета
навра	навра	навреш	навре	наврем	наврете	наврат	наврях	навря	навря	навряхме	навряхте	навряха	наврях	навреше	навреше	навряхме	навряхте	навряха	наври	наврете	-	наврял	навряла	навряло	наврели	наврял	навряла	навряло	наврели	-	-	-	-	наврян	навряна	навряно	наврени	-	-
навясам	-	-	-	-	-	-	навясах	навяса	навяса	навясахме	навясахте	навясаха	навясах	навясаше	навясаше	навясахме	навясахте	навясаха	навясаи	навясаите	-	навясал	навясала	навясало	навясали	навясал	навясала	навясало	навясали	-	-	-	-	-	-	-	-	-	-
навясвам	-	-	-	-	-	-	навясвах	навясва	навясва	навясвахме	навясвахте	навясваха	навясвах	навясваше	навясваше	навясвахме	навясвахте	навясваха	навясваи	навясваите	навясваики	навясвал	навясвала	навясвало	навясвали	навясвал	навясвала	навясвало	навясвали	навясващ	навясваща	навясващо	навясващи	-	-	-	-	навясване	навясванета
навяхвам	-	-	-	-	-	-	навяхвах	навяхва	навяхва	навяхвахме	навяхвахте	навяхваха	навяхвах	навяхваше	навяхваше	навяхвахме	навяхвахте	навяхваха	навяхваи	навяхваите	навяхваики	навяхвал	навяхвала	навяхвало	навяхвали	навяхвал	навяхвала	навяхвало	навяхвали	навяхващ	навяхваща	навяхващо	навяхващи	навяхван	навяхвана	навяхвано	навяхвани	навяхване	навяхванета
нагарчам	гънчам	гънчаш	гънча	гънчаме	гънчате	гънчат	гънчах	гънча	гънча	гънчахме	гънчахте	гънчаха	гънчах	гънчаше	гънчаше	гънчахме	гънчахте	гънчаха	гънчаи	гънчаите	гънчаики	гънчал	гънчала	гънчало	гънчали	гънчал	гънчала	гънчало	гънчали	гънчащ	гънчаща	гънчащо	гънчащи	-	-	-	-	гънчане	гънчанета
награбя	награбя	награбиш	награби	награбим	награбите	награбят	награбих	награби	награби	награбихме	награбихте	награбиха	награбех	награбеше	награбеше	награбехме	награбехте	награбеха	награби	награбете	-	награбил	награбила	награбило	награбили	награбел	награбела	награбело	награбели	-	-	-	-	награбен	награбена	награбено	награбени	-	-
нагреба	нагреба	нагребеш	нагребе	нагребем	нагребете	нагребат	нагребах	нагреба	нагреба	нагребахме	нагребахте	нагребаха	нагребях	нагребеше	нагребеше	нагребяхме	нагребяхте	нагребяха	нагреби	нагребете	-	нагребал	нагребала	нагребало	нагребали	нагребял	нагребяла	нагребяло	нагребели	-	-	-	-	нагребан	нагребана	нагребано	нагребани	-	-
нагребвам	-	-	-	-	-	-	нагребвах	нагребва	нагребва	нагребвахме	нагребвахте	нагребваха	нагребвах	нагребваше	нагребваше	нагребвахме	нагребвахте	нагребваха	нагребвай	нагребвайте	нагребвайки	нагребвал	нагребвала	нагребвало	нагребвали	нагребвал	нагребвала	нагребвало	нагребвали	нагребващ	нагребваща	нагребващо	нагребващи	нагребван	нагребвана	нагребвано	нагребвани	нагребване	нагребвания-нета
нагриза	нагриза	нагризеш	нагризе	нагризем	нагризете	нагризат	нагризах	нагриза	нагриза	нагризахме	нагризахте	нагризаха	нагризях	нагризеше	нагризеше	нагризяхме	нагризяхте	нагризяха	нагризи	нагризете	-	нагризал	нагризала	нагризало	нагризали	нагризял	нагризяла	нагризяло	нагризели	-	-	-	-	нагризан	нагризана	нагризано	нагризани	-	-
нагризвам	-	-	-	-	-	-	нагризвах	нагризва	нагризва	нагризвахме	нагризвахте	нагризваха	нагризвах	нагризваше	нагризваше	нагризвахме	нагризвахте	нагризваха	нагризвай	нагризвайте	нагризвайки	нагризвал	нагризвала	нагризвало	нагризвали	нагризвал	нагризвала	нагризвало	нагризвали	нагризващ	нагризваща	нагризващо	нагризващи	нагризван	нагризвана	нагризвано	нагризвани	нагризване	нагризвания-нета
надвнасям	-	-	-	-	-	-	надвнасях	надвнася	надвнася	надвнасяхме	надвнасяхте	надвнасяха	надвнасях	надвнасяше	надвнасяше	надвнасяхме	надвнасяхте	надвнасяха	надвнасяй	надвнасяйте	надвнасяйки	надвнасял	надвнасяла	надвнасяло	надвнасяли	надвнасял	надвнасяла	надвнасяло	надвнасяли	надвнасящ	надвнасяща	надвнасящо	надвнасящи	надвнасян	надвнасяна	надвнасяно	надвнасяни	надвнасяне	надвнасяния-нета
надвнеса	надвнеса	надвнесеш	надвнесе	надвнесем	надвнесете	надвнесат	надвнесох	надвнесе	надвнесе	надвнесохме	надвнесохте	надвнесоха	надвнесях	надвнесеше	надвнесеше	надвнесяхме	надвнесяхте	надвнесяха	надвнеси	надвнесете	-	надвнесъл	надвнесла	надвнесло	надвнесли	надвнесял	надвнесяла	надвнесяло	надвнесели	-	-	-	-	надвнесен	надвнесена	надвнесено	надвнесени	-	-
надградя	надградя	надградиш	надгради	надградим	надградите	надградят	надградих	надгради	надгради	надградихме	надградихте	надградиха	надградях	надградеше	надградеше	надградяхме	надградяхте	надградяха	надгради	надградете	-	надградил	надградила	надградило	надградили	надградял	надградяла	надградяло	надградели	-	-	-	-	надграден	надградена	надградено	надградени	-	-
надделея	надделея	надделееш	надделее	надделеем	надделеете	надделеят	надделях	надделя	надделя	надделяхме	надделяхте	надделяха	надделеех	надделееше	надделееше	надделеехме	надделеехте	надделееха	надделеи	надделеите	-	надделял	надделяла	надделяло	надделели	надделеел	надделеела	надделеело	надделеели	-	-	-	-	-	-	-	-	-	-
надебелея	надебелея	надебелееш	надебелее	надебелеем	надебелеете	надебелеят	надебелях	надебеля	надебеля	надебеляхме	надебеляхте	надебеляха	надебелеех	надебелееше	надебелееше	надебелеехме	надебелеехте	надебелееха	надебелей	надебелейте	-	надебелял	надебеляла	надебеляло	надебелели	надебелеел	надебелеела	надебелеело	надебелеели	-	-	-	-	-	-	-	-	-	-
надебелявам	-	-	-	-	-	-	надебелявах	надебелява	надебелява	надебелявахме	надебелявахте	надебеляваха	надебелявах	надебеляваше	надебеляваше	надебелявахме	надебелявахте	надебеляваха	надебелявай	надебелявайте	надебелявайки	надебелявал	надебелявала	надебелявало	надебелявали	надебелявал	надебелявала	надебелявало	надебелявали	надебеляващ	надебеляваща	надебеляващо	надебеляващи	-	-	-	-	надебеляване	надебелявания-нета
надея	надея	надееш	надее	надеем	надеете	надеят	надеях	надея	надея	надеяхме	надеяхте	надеяха	надеех	надееше	надееше	надеехме	надеехте	надееха	надеи	надеите	надееики	надеял	надеяла	надеяло	надеяли	надеел	надеела	надеело	надеели	надеещ	надееща	надеещо	надеещи	надеян	надеяна	надеяно	надеяни	надеене	надеенета
надживея	надживея	надживееш	надживее	надживеем	надживеете	надживеят	надживях	надживя	надживя	надживяхме	надживяхте	надживяха	надживеех	надживееше	надживееше	надживеехме	надживеехте	надживееха	надживеи	надживеите	-	надживял	надживяла	надживяло	надживели	надживеел	надживеела	надживеело	надживеели	-	-	-	-	надживян	надживяна	надживяно	надживени	-	-
надживявам	-	-	-	-	-	-	надживявах	надживява	надживява	надживявахме	надживявахте	надживяваха	надживявах	надживяваше	надживяваше	надживявахме	надживявахте	надживяваха	надживяваи	надживяваите	надживяваики	надживявал	надживявала	надживявало	надживявали	надживявал	надживявала	надживявало	надживявали	надживяващ	надживяваща	надживяващо	надживяващи	надживяван	надживявана	надживявано	надживявани	надживяване	надживяванета
надонасям	-	-	-	-	-	-	надонасях	надонася	надонася	надонасяхме	надонасяхте	надонасяха	надонасях	надонасяше	надонасяше	надонасяхме	надонасяхте	надонасяха	надонасяй	надонасяйте	надонасяйки	надонасял	надонасяла	надонасяло	надонасяли	надонасял	надонасяла	надонасяло	надонасяли	надонасящ	надонасяща	надонасящо	надонасящи	надонасян	надонасяна	надонасяно	надонасяни	надонасяне	надонасяния-нета
надонеса	надонеса	надонесеш	надонесе	надонесем	надонесете	надонесат	надонесох	надонесе	надонесе	надонесохме	надонесохте	надонесоха	надонесях	надонесеше	надонесеше	надонесяхме	надонесяхте	надонесяха	надонеси	надонесете	-	надонесъл	надонесла	надонесло	надонесли	надонесял	надонесяла	надонесяло	надонесели	-	-	-	-	надонесен	надонесена	надонесено	надонесени	-	-
надпреваря	надпреваря	надпревариш	надпревари	надпреварим	надпреварите	надпреварят	надпреварих	надпревари	надпревари	надпреварихме	надпреварихте	надпревариха	надпреварех	надпревареше	надпревареше	надпреварехме	надпреварехте	надпревареха	надпревари	надпреварете	-	надпреварил	надпреварила	надпреварило	надпреварили	надпреварел	надпреварела	надпреварело	надпреварели	-	-	-	-	надпреварен	надпреварена	надпреварено	надпреварени	-	-
надявам	-	-	-	-	-	-	надявах	надява	надява	надявахме	надявахте	надяваха	надявах	надяваше	надяваше	надявахме	надявахте	надяваха	надяваи	надяваите	надяваики	надявал	надявала	надявало	надявали	надявал	надявала	надявало	надявали	надяващ	надяваща	надяващо	надяващи	надяван	надявана	надявано	надявани	надяване	надяванета
надяна	надяна	наденеш	надене	наденем	наденете	надянат	надянах	надяна	надяна	надянахме	надянахте	надянаха	наденех	наденеше	наденеше	наденехме	наденехте	наденеха	надени	наденете	-	надянал	надянала	надянало	надянали	наденел	наденела	наденело	наденели	-	-	-	-	надянат	надяната	надянато	надянати	-	-
наема	наема	наемеш	наеме	наемем	наемете	наемат	наех	нае	нае	наехме	наехте	наеха	наемех	наемеше	наемеше	наемехме	наемехте	наемеха	наеми	наемете	-	наел	наела	наело	наели	наемел	наемела	наемело	наемели	-	-	-	-	нает	наета	наето	наети	-	-
наемам	-	-	-	-	-	-	наемах	наема	наема	наемахме	наемахте	наемаха	наемах	наемаше	наемаше	наемахме	наемахте	наемаха	наемай	наемайте	наемайки	наемал	наемала	наемало	наемали	наемал	наемала	наемало	наемали	наемащ	наемаща	наемащо	наемащи	наеман	наемана	наемано	наемани	наемане	наемания-нета
назова	назова	назовеш	назове	назовем	назовете	назоват	назовах	назова	назова	назовахме	назовахте	назоваха	назовях	назовеше	назовеше	назовяхме	назовяхте	назовяха	назови	назовете	-	назовал	назовала	назовало	назовали	назовял	назовяла	назовяло	назовели	-	-	-	-	назован	назована	назовано	назовани	-	-
назовавам	-	-	-	-	-	-	назовавах	назовава	назовава	назовавахме	назовавахте	назоваваха	назовавах	назоваваше	назоваваше	назовавахме	назовавахте	назоваваха	назовавай	назовавайте	назовавайки	назовавал	назовавала	назовавало	назовавали	назовавал	назовавала	назовавало	назовавали	назоваващ	назоваваща	назоваващо	назоваващи	назоваван	назовавана	назовавано	назовавани	назоваване	назовавания-нета
наида	наида	наидеш	наиде	наидем	наидете	наидат	наидох	наиде	наиде	наидохме	наидохте	наидоха	наидех	наидеше	наидеше	наидехме	наидехте	наидеха	наиди	наидете	-	наил	наила	наило	наили	наидел	наидела	наидело	наидели	-	-	-	-	-	-	-	-	-	-
наизлизам	-	-	-	-	-	-	наизлизах	наизлиза	наизлиза	наизлизахме	наизлизахте	наизлизаха	наизлизах	наизлизаше	наизлизаше	наизлизахме	наизлизахте	наизлизаха	наизлизай	наизлизайте	наизлизайки	наизлизал	наизлизала	наизлизало	наизлизали	наизлизал	наизлизала	наизлизало	наизлизали	наизлизащ	наизлизаща	наизлизащо	наизлизащи	-	-	-	-	наизлизане	наизлизания-нета
наизляза	наизляза	наизлезеш	наизлезе	наизлезем	наизлезете	наизлязат	наизлязох	наизлезе	наизлезе	наизлязохме	наизлязохте	наизлязоха	наизлезех	наизлезеше	наизлезеше	наизлезехме	наизлезехте	наизлезеха	наизлез	наизлезте	-	наизлязъл	наизлязла	наизлязло	наизлезли	наизлезел	наизлезела	наизлезело	наизлезели	-	-	-	-	-	-	-	-	-	-
накажа	накажа	накажеш	накаже	накажем	накажете	накажат	наказах	наказа	наказа	наказахме	наказахте	наказаха	накажех	накажеше	накажеше	накажехме	накажехте	накажеха	накажи	накажете	-	наказал	наказала	наказало	наказали	накажел	накажела	накажело	накажели	-	-	-	-	наказан	наказана	наказано	наказани	-	-
наказвам	-	-	-	-	-	-	наказвах	наказва	наказва	наказвахме	наказвахте	наказваха	наказвах	наказваше	наказваше	наказвахме	наказвахте	наказваха	наказвай	наказвайте	наказвайки	наказвал	наказвала	наказвало	наказвали	наказвал	наказвала	наказвало	наказвали	наказващ	наказваща	наказващо	наказващи	наказван	наказвана	наказвано	наказвани	наказване	наказвания-нета
накаля	накаля	накалиш	накали	накалим	накалите	накалят	накалих	накали	накали	накалихме	накалихте	накалиха	накалях	накалеше	накалеше	накаляхме	накаляхте	накаляха	накали	накалете	-	накалил	накалила	накалило	накалили	накалял	накаляла	накаляло	накалели	-	-	-	-	накален	накалена	накалено	накалени	-	-
накарам	-	-	-	-	-	-	накарах	накара	накара	накарахме	накарахте	накараха	накарах	накараше	накараше	накарахме	накарахте	накараха	накараи	накараите	-	накарал	накарала	накарало	накарали	накарал	накарала	накарало	накарали	-	-	-	-	накаран	накарана	накарано	накарани	-	-
накарвам	-	-	-	-	-	-	накарвах	накарва	накарва	накарвахме	накарвахте	накарваха	накарвах	накарваше	накарваше	накарвахме	накарвахте	накарваха	накарваи	накарваите	накарваики	накарвал	накарвала	накарвало	накарвали	накарвал	накарвала	накарвало	накарвали	накарващ	накарваща	накарващо	накарващи	накарван	накарвана	накарвано	накарвани	накарване	накарванета
наклада	наклада	накладеш	накладе	накладем	накладете	накладат	накладох	накладе	накладе	накладохме	накладохте	накладоха	накладях	накладеше	накладеше	накладяхме	накладяхте	накладяха	наклади	накладете	-	наклал	наклала	наклало	наклали	накладял	накладяла	накладяло	накладели	-	-	-	-	накладен	накладена	накладено	накладени	-	-
наклаждам	-	-	-	-	-	-	наклаждах	наклажда	наклажда	наклаждахме	наклаждахте	наклаждаха	наклаждах	наклаждаше	наклаждаше	наклаждахме	наклаждахте	наклаждаха	наклаждай	наклаждайте	наклаждайки	наклаждал	наклаждала	наклаждало	наклаждали	наклаждал	наклаждала	наклаждало	наклаждали	наклаждащ	наклаждаща	наклаждащо	наклаждащи	наклаждан	наклаждана	наклаждано	наклаждани	наклаждане	наклаждания-нета
наклоня	наклоня	наклониш	наклони	наклоним	наклоните	наклонят	наклоних	наклони	наклони	наклонихме	наклонихте	наклониха	наклонях	наклонеше	наклонеше	наклоняхме	наклоняхте	наклоняха	наклони	наклонете	-	наклонил	наклонила	наклонило	наклонили	наклонял	наклоняла	наклоняло	наклонели	-	-	-	-	наклонен	наклонена	наклонено	наклонени	-	-
накова	накова	наковеш	накове	наковем	наковете	наковат	наковах	накова	накова	наковахме	наковахте	наковаха	наковях	наковеше	наковеше	наковяхме	наковяхте	наковяха	накови	наковете	-	наковал	наковала	наковало	наковали	наковял	наковяла	наковяло	наковели	-	-	-	-	накован	накована	наковано	наковани	-	-
наковавам	-	-	-	-	-	-	наковавах	наковава	наковава	наковавахме	наковавахте	наковаваха	наковавах	наковаваше	наковаваше	наковавахме	наковавахте	наковаваха	наковавай	наковавайте	наковавайки	наковавал	наковавала	наковавало	наковавали	наковавал	наковавала	наковавало	наковавали	наковаващ	наковаваща	наковаващо	наковаващи	наковаван	наковавана	наковавано	наковавани	наковаване	наковавания-нета
накруля	накруля	накрулиш	накрули	накрулим	накрулите	накрулят	накрулих	накрули	накрули	накрулихме	накрулихте	накрулиха	накрулех	накрулеше	накрулеше	накрулехме	накрулехте	накрулеха	накрули	накрулете	-	накрулил	накрулила	накрулило	накрулили	накрулел	накрулела	накрулело	накрулели	-	-	-	-	накрулен	накрулена	накрулено	накрулени	-	-
накълва	накълва	накълвеш	накълве	накълвем	накълвете	накълват	накълвах	накълва	накълва	накълвахме	накълвахте	накълваха	накълвях	накълвеше	накълвеше	накълвяхме	накълвяхте	накълвяха	накълви	накълвете	-	накълвал	накълвала	накълвало	накълвали	накълвял	накълвяла	накълвяло	накълвели	-	-	-	-	накълван	накълвана	накълвано	накълвани	-	-
накълвавам	-	-	-	-	-	-	накълвавах	накълвава	накълвава	накълвавахме	накълвавахте	накълваваха	накълвавах	накълваваше	накълваваше	накълвавахме	накълвавахте	накълваваха	накълвавай	накълвавайте	накълвавайки	накълвавал	накълвавала	накълвавало	накълвавали	накълвавал	накълвавала	накълвавало	накълвавали	накълваващ	накълваваща	накълваващо	накълваващи	накълваван	накълвавана	накълвавано	накълвавани	накълваване	накълвавания-нета
накърня	накърня	накърниш	накърни	накърним	накърните	накърнят	накърних	накърни	накърни	накърнихме	накърнихте	накърниха	накърнях	накърнеше	накърнеше	накърняхме	накърняхте	накърняха	накърни	накърнете	-	накърнил	накърнила	накърнило	накърнили	накърнял	накърняла	накърняло	накърнели	-	-	-	-	накърнен	накърнена	накърнено	накърнени	-	-
накърнявам	-	-	-	-	-	-	накърнявах	накърнява	накърнява	накърнявахме	накърнявахте	накърняваха	накърнявах	накърняваше	накърняваше	накърнявахме	накърнявахте	накърняваха	накърняваи	накърняваите	накърняваики	накърнявал	накърнявала	накърнявало	накърнявали	накърнявал	накърнявала	накърнявало	накърнявали	накърняващ	накърняваща	накърняващо	накърняващи	накърняван	накърнявана	накърнявано	накърнявани	накърняване	накърняванета
налагам	-	-	-	-	-	-	налагах	налага	налага	налагахме	налагахте	налагаха	налагах	налагаше	налагаше	налагахме	налагахте	налагаха	налагаи	налагаите	-	налагал	налагала	налагало	налагали	налагал	налагала	налагало	налагали	-	-	-	-	налаган	налагана	налагано	налагани	-	-
налетя	налетя	налетиш	налети	налетим	налетите	налетят	налетях	налетя	налетя	налетяхме	налетяхте	налетяха	налетях	налетеше	налетеше	налетяхме	налетяхте	налетяха	налети	налетете	-	налетял	налетяла	налетяло	налетели	налетял	налетяла	налетяло	налетели	-	-	-	-	-	-	-	-	-	-
наложа	наложа	наложиш	наложи	наложим	наложите	наложат	наложих	наложи	наложи	наложихме	наложихте	наложиха	наложех	наложеше	наложеше	наложехме	наложехте	наложеха	наложи	наложете	-	наложил	наложила	наложило	наложили	наложел	наложела	наложело	наложели	-	-	-	-	наложен	наложена	наложено	наложени	-	-
намажа	намажа	намажеш	намаже	намажем	намажете	намажат	намазах	намаза	намаза	намазахме	намазахте	намазаха	намажех	намажеше	намажеше	намажехме	намажехте	намажеха	намажи	намажете	-	намазал	намазала	намазало	намазали	намажел	намажела	намажело	намажели	-	-	-	-	намазан	намазана	намазано	намазани	-	-
намеквам	-	-	-	-	-	-	намеквах	намеква	намеква	намеквахме	намеквахте	намекваха	намеквах	намекваше	намекваше	намеквахме	намеквахте	намекваха	намеквай	намеквайте	намеквайки	намеквал	намеквала	намеквало	намеквали	намеквал	намеквала	намеквало	намеквали	намекващ	намекваща	намекващо	намекващи	-	-	-	-	намекване	намеквания-нета
намекна	намекна	намекнеш	намекне	намекнем	намекнете	намекнат	намекнах	намекна	намекна	намекнахме	намекнахте	намекнаха	намекнех	намекнеше	намекнеше	намекнехме	намекнехте	намекнеха	намекни	намекнете	-	намекнал	намекнала	намекнало	намекнали	намекнел	намекнела	намекнело	намекнели	-	-	-	-	-	-	-	-	-	-
намеря	намеря	намериш	намери	намерим	намерите	намерят	намерих	намери	намери	намерихме	намерихте	намериха	намерех	намереше	намереше	намерехме	намерехте	намереха	намери	намерете	-	намерил	намерила	намерило	намерили	намерел	намерела	намерело	намерели	-	-	-	-	намерен	намерена	намерено	намерени	-	-
намирам	-	-	-	-	-	-	намирах	намира	намира	намирахме	намирахте	намираха	намирах	намираше	намираше	намирахме	намирахте	намираха	намираи	намираите	намираики	намирал	намирала	намирало	намирали	намирал	намирала	намирало	намирали	намиращ	намираща	намиращо	намиращи	намиран	намирана	намирано	намирани	намиране	намиранета
намичам	-	-	-	-	-	-	намичах	намича	намича	намичахме	намичахте	намичаха	намичах	намичаше	намичаше	намичахме	намичахте	намичаха	намичаи	намичаите	-	намичал	намичала	намичало	намичали	намичал	намичала	намичало	намичали	-	-	-	-	намичан	намичана	намичано	намичани	-	-
нанасям	-	-	-	-	-	-	нанасях	нанася	нанася	нанасяхме	нанасяхте	нанасяха	нанасях	нанасяше	нанасяше	нанасяхме	нанасяхте	нанасяха	нанасяй	нанасяйте	нанасяйки	нанасял	нанасяла	нанасяло	нанасяли	нанасял	нанасяла	нанасяло	нанасяли	нанасящ	нанасяща	нанасящо	нанасящи	нанасян	нанасяна	нанасяно	нанасяни	нанасяне	нанасяния-нета
нанеса	нанеса	нанесеш	нанесе	нанесем	нанесете	нанесат	нанесох	нанесе	нанесе	нанесохме	нанесохте	нанесоха	нанесях	нанесеше	нанесеше	нанесяхме	нанесяхте	нанесяха	нанеси	нанесете	-	нанесъл	нанесла	нанесло	нанесли	нанесял	нанесяла	нанесяло	нанесели	-	-	-	-	нанесен	нанесена	нанесено	нанесени	-	-
нанкам	-	-	-	-	-	-	нанках	нанка	нанка	нанкахме	нанкахте	нанкаха	нанках	нанкаше	нанкаше	нанкахме	нанкахте	нанкаха	нанкаи	нанкаите	нанкаики	нанкал	нанкала	нанкало	нанкали	нанкал	нанкала	нанкало	нанкали	нанкащ	нанкаща	нанкащо	нанкащи	-	-	-	-	нанкане	нанканета
наоблека	наоблека	наоблечеш	наоблече	наоблечем	наоблечете	наоблекат	наоблякох	наоблече	наоблече	наоблякохме	наоблякохте	наоблякоха	наоблечах	наоблечеше	наоблечеше	наоблечахме	наоблечахте	наоблечаха	наоблечи	наоблечете	-	наоблякъл	наоблякла	наоблякло	наоблекли	наоблечал	наоблечала	наоблечало	наоблечели	-	-	-	-	наоблечен	наоблечена	наоблечено	наоблечени	-	-
наобличам	-	-	-	-	-	-	наобличах	наоблича	наоблича	наобличахме	наобличахте	наобличаха	наобличах	наобличаше	наобличаше	наобличахме	наобличахте	наобличаха	наобличай	наобличайте	наобличайки	наобличал	наобличала	наобличало	наобличали	наобличал	наобличала	наобличало	наобличали	наобличащ	наобличаща	наобличащо	наобличащи	наобличан	наобличана	наобличано	наобличани	наобличане	наобличания-нета
нападам	-	-	-	-	-	-	нападах	напада	напада	нападахме	нападахте	нападаха	нападах	нападаше	нападаше	нападахме	нападахте	нападаха	нападаи	нападаите	нападаики	нападал	нападала	нападало	нападали	нападал	нападала	нападало	нападали	нападащ	нападаща	нападащо	нападащи	-	-	-	-	нападане	нападанета
напаля	напаля	напалиш	напали	напалим	напалите	напалят	напалих	напали	напали	напалихме	напалихте	напалиха	напалех	напалеше	напалеше	напалехме	напалехте	напалеха	напали	напалете	-	напалил	напалила	напалило	напалили	напалел	напалела	напалело	напалели	-	-	-	-	напален	напалена	напалено	напалени	-	-
напаря	напаря	напариш	напари	напарим	напарите	напарят	напарих	напари	напари	напарихме	напарихте	напариха	напарех	напареше	напареше	напарехме	напарехте	напареха	напари	напарете	-	напарил	напарила	напарило	напарили	напарел	напарела	напарело	напарели	-	-	-	-	напарен	напарена	напарено	напарени	-	-
напека	напека	напечеш	напече	напечем	напечете	напекат	напекох	напече	напече	напекохме	напекохте	напекоха	напечах	напечеше	напечеше	напечахме	напечахте	напечаха	напечи	напечете	-	напекъл	напекла	напекло	напекли	напечал	напечала	напечало	напечели	-	-	-	-	напечен	напечена	напечено	напечени	-	-
напирам	-	-	-	-	-	-	напирах	напира	напира	напирахме	напирахте	напираха	напирах	напираше	напираше	напирахме	напирахте	напираха	напираи	напираите	напираики	напирал	напирала	напирало	напирали	напирал	напирала	напирало	напирали	напиращ	напираща	напиращо	напиращи	-	-	-	-	напиране	напиранета
написвам	-	-	-	-	-	-	написвах	написва	написва	написвахме	написвахте	написваха	написвах	написваше	написваше	написвахме	написвахте	написваха	написвай	написвайте	написвайки	написвал	написвала	написвало	написвали	написвал	написвала	написвало	написвали	написващ	написваща	написващо	написващи	написван	написвана	написвано	написвани	написване	написвания-нета
напичам	-	-	-	-	-	-	напичах	напича	напича	напичахме	напичахте	напичаха	напичах	напичаше	напичаше	напичахме	напичахте	напичаха	напичай	напичайте	напичайки	напичал	напичала	напичало	напичали	напичал	напичала	напичало	напичали	напичащ	напичаща	напичащо	напичащи	напичан	напичана	напичано	напичани	напичане	напичания-нета
напиша	напиша	напишеш	напише	напишем	напишете	напишат	написах	написа	написа	написахме	написахте	написаха	напишех	напишеше	напишеше	напишехме	напишехте	напишеха	напиши	напишете	-	написал	написала	написало	написали	напишел	напишела	напишело	напишели	-	-	-	-	написан	написана	написано	написани	-	-
наплащам	-	-	-	-	-	-	наплащах	наплаща	наплаща	наплащахме	наплащахте	наплащаха	наплащах	наплащаше	наплащаше	наплащахме	наплащахте	наплащаха	наплащаи	наплащаите	наплащаики	наплащал	наплащала	наплащало	наплащали	наплащал	наплащала	наплащало	наплащали	наплащащ	наплащаща	наплащащо	наплащащи	наплащан	наплащана	наплащано	наплащани	наплащане	наплащанета
наплета	наплета	наплетеш	наплете	наплетем	наплетете	наплетат	наплетох	наплете	наплете	наплетохме	наплетохте	наплетоха	наплетях	наплетеше	наплетеше	наплетяхме	наплетяхте	наплетяха	наплети	наплетете	-	наплел	наплела	наплело	наплели	наплетял	наплетяла	наплетяло	наплетели	-	-	-	-	наплетен	наплетена	наплетено	наплетени	-	-
наплитам	-	-	-	-	-	-	наплитах	наплита	наплита	наплитахме	наплитахте	наплитаха	наплитах	наплиташе	наплиташе	наплитахме	наплитахте	наплитаха	наплитай	наплитайте	наплитайки	наплитал	наплитала	наплитало	наплитали	наплитал	наплитала	наплитало	наплитали	наплитащ	наплитаща	наплитащо	наплитащи	наплитан	наплитана	наплитано	наплитани	наплитане	наплитания-нета
напомня	напомня	напомниш	напомни	напомним	напомните	напомнят	напомних	напомни	напомни	напомнихме	напомнихте	напомниха	напомнех	напомнеше	напомнеше	напомнехме	напомнехте	напомнеха	напомни	напомнете	-	напомнил	напомнила	напомнило	напомнили	напомнел	напомнела	напомнело	напомнели	-	-	-	-	напомнен	напомнена	напомнено	напомнени	-	-
напра	напра	напреш	напре	напрем	напрете	напрат	напрях	напря	напря	напряхме	напряхте	напряха	напрях	напреше	напреше	напряхме	напряхте	напряха	напри	напрете	-	напрял	напряла	напряло	напрели	напрял	напряла	напряло	напрели	-	-	-	-	-	-	-	-	-	-
направя	направя	направиш	направи	направим	направите	направят	направих	направи	направи	направихме	направихте	направиха	направех	направеше	направеше	направехме	направехте	направеха	направи	направете	-	направил	направила	направило	направили	направел	направела	направело	направели	-	-	-	-	направен	направена	направено	направени	-	-
направям	-	-	-	-	-	-	направях	направя	направя	направяхме	направяхте	направяха	направях	направяше	направяше	направяхме	направяхте	направяха	направяи	направяите	направяики	направял	направяла	направяло	направяли	направял	направяла	направяло	направяли	направящ	направяща	направящо	направящи	направян	направяна	направяно	направяни	направяне	направянета
напредвам	-	-	-	-	-	-	напредвах	напредва	напредва	напредвахме	напредвахте	напредваха	напредвах	напредваше	напредваше	напредвахме	напредвахте	напредваха	напредвай	напредвайте	напредвайки	напредвал	напредвала	напредвало	напредвали	напредвал	напредвала	напредвало	напредвали	напредващ	напредваща	напредващо	напредващи	-	-	-	-	напредване	напредвания-нета
напредна	напредна	напреднеш	напредне	напреднем	напреднете	напреднат	напреднах	напредна	напредна	напреднахме	напреднахте	напреднаха	напреднех	напреднеше	напреднеше	напреднехме	напреднехте	напреднеха	напредни	напреднете	-	напреднал	напреднала	напреднало	напреднали	напреднел	напреднела	напреднело	напреднели	-	-	-	-	-	-	-	-	-	-
напреча	напреча	напречиш	напречи	напречим	напречите	напречат	напречих	напречи	напречи	напречихме	напречихте	напречиха	напречех	напречеше	напречеше	напречехме	напречехте	напречеха	напречи	напречете	-	напречил	напречила	напречило	напречили	напречел	напречела	напречело	напречели	-	-	-	-	напречен	напречена	напречено	напречени	-	-
напрягам	-	-	-	-	-	-	напрягах	напряга	напряга	напрягахме	напрягахте	напрягаха	напрягах	напрягаше	напрягаше	напрягахме	напрягахте	напрягаха	напрягаи	напрягаите	напрягаики	напрягал	напрягала	напрягало	напрягали	напрягал	напрягала	напрягало	напрягали	напрягащ	напрягаща	напрягащо	напрягащи	напряган	напрягана	напрягано	напрягани	напрягане	напряганета
напускам	-	-	-	-	-	-	напусках	напуска	напуска	напускахме	напускахте	напускаха	напусках	напускаше	напускаше	напускахме	напускахте	напускаха	напускаи	напускаите	напускаики	напускал	напускала	напускало	напускали	напускал	напускала	напускало	напускали	напускащ	напускаща	напускащо	напускащи	напускан	напускана	напускано	напускани	напускане	напусканета
напусна	напусна	напуснеш	напусне	напуснем	напуснете	напуснат	напуснах	напусна	напусна	напуснахме	напуснахте	напуснаха	напуснех	напуснеше	напуснеше	напуснехме	напуснехте	напуснеха	напусни	напуснете	-	напуснал	напуснала	напуснало	напуснали	напуснел	напуснела	напуснело	напуснели	-	-	-	-	напуснат	напусната	напуснато	напуснати	-	-
нараня	нараня	нараниш	нарани	нараним	нараните	наранят	нараних	нарани	нарани	наранихме	наранихте	нараниха	наранях	наранеше	наранеше	нараняхме	нараняхте	нараняха	нарани	наранете	-	наранил	наранила	наранило	наранили	наранял	нараняла	нараняло	наранели	-	-	-	-	наранен	наранена	наранено	наранени	-	-
наранявам	-	-	-	-	-	-	наранявах	наранява	наранява	наранявахме	наранявахте	нараняваха	наранявах	нараняваше	нараняваше	наранявахме	наранявахте	нараняваха	наранявай	наранявайте	наранявайки	наранявал	наранявала	наранявало	наранявали	наранявал	наранявала	наранявало	наранявали	нараняващ	нараняваща	нараняващо	нараняващи	нараняван	наранявана	наранявано	наранявани	нараняване	наранявания-нета
наредя	наредя	наредиш	нареди	наредим	наредите	наредят	наредих	нареди	нареди	наредихме	наредихте	наредиха	наредях	наредеше	наредеше	наредяхме	наредяхте	наредяха	нареди	наредете	-	наредил	наредила	наредило	наредили	наредял	наредяла	наредяло	наредели	-	-	-	-	нареден	наредена	наредено	наредени	-	-
нарежа	нарежа	нарежеш	нареже	нарежем	нарежете	нарежат	нарязах	наряза	наряза	нарязахме	нарязахте	нарязаха	нарежех	нарежеше	нарежеше	нарежехме	нарежехте	нарежеха	нарежи	нарежете	-	нарязал	нарязала	нарязало	нарязали	нарежел	нарежела	нарежело	нарежели	-	-	-	-	нарязан	нарязана	нарязано	нарязани	-	-
нареждам	-	-	-	-	-	-	нареждах	нарежда	нарежда	нареждахме	нареждахте	нареждаха	нареждах	нареждаше	нареждаше	нареждахме	нареждахте	нареждаха	нареждаи	нареждаите	нареждаики	нареждал	нареждала	нареждало	нареждали	нареждал	нареждала	нареждало	нареждали	нареждащ	нареждаща	нареждащо	нареждащи	нареждан	нареждана	нареждано	нареждани	нареждане	нарежданета
нарека	нарека	наречеш	нарече	наречем	наречете	нарекат	нарекох	нарече	нарече	нарекохме	нарекохте	нарекоха	наречах	наречеше	наречеше	наречахме	наречахте	наречаха	наречи	наречете	-	нарекъл	нарекла	нарекло	нарекли	наречал	наречала	наречало	наречели	-	-	-	-	наречен	наречена	наречено	наречени	-	-
нарисувам	-	-	-	-	-	-	нарисувах	нарисува	нарисува	нарисувахме	нарисувахте	нарисуваха	нарисувах	нарисуваше	нарисуваше	нарисувахме	нарисувахте	нарисуваха	нарисуваи	нарисуваите	-	нарисувал	нарисувала	нарисувало	нарисували	нарисувал	нарисувала	нарисувало	нарисували	-	-	-	-	нарисуван	нарисувана	нарисувано	нарисувани	-	-
наричам	-	-	-	-	-	-	наричах	нарича	нарича	наричахме	наричахте	наричаха	наричах	наричаше	наричаше	наричахме	наричахте	наричаха	наричай	наричайте	наричайки	наричал	наричала	наричало	наричали	наричал	наричала	наричало	наричали	наричащ	наричаща	наричащо	наричащи	наричан	наричана	наричано	наричани	наричане	наричания-нета
наръгвам	-	-	-	-	-	-	наръгвах	наръгва	наръгва	наръгвахме	наръгвахте	наръгваха	наръгвах	наръгваше	наръгваше	наръгвахме	наръгвахте	наръгваха	наръгваи	наръгваите	наръгваики	наръгвал	наръгвала	наръгвало	наръгвали	наръгвал	наръгвала	наръгвало	наръгвали	наръгващ	наръгваща	наръгващо	наръгващи	наръгван	наръгвана	наръгвано	наръгвани	наръгване	наръгванета
нарязвам	-	-	-	-	-	-	нарязвах	нарязва	нарязва	нарязвахме	нарязвахте	нарязваха	нарязвах	нарязваше	нарязваше	нарязвахме	нарязвахте	нарязваха	нарязваи	нарязваите	нарязваики	нарязвал	нарязвала	нарязвало	нарязвали	нарязвал	нарязвала	нарязвало	нарязвали	нарязващ	нарязваща	нарязващо	нарязващи	нарязван	нарязвана	нарязвано	нарязвани	нарязване	нарязванета
насадя	насадя	насадиш	насади	насадим	насадите	насадят	насадих	насади	насади	насадихме	насадихте	насадиха	насадях	насадеше	насадеше	насадяхме	насадяхте	насадяха	насади	насадете	-	насадил	насадила	насадило	насадили	насадял	насадяла	насадяло	насадели	-	-	-	-	насаден	насадена	насадено	насадени	-	-
насека	насека	насечеш	насече	насечем	насечете	насекат	насякох	насече	насече	насякохме	насякохте	насякоха	насечах	насечеше	насечеше	насечахме	насечахте	насечаха	насечи	насечете	-	насякъл	насякла	насякло	насекли	насечал	насечала	насечало	насечели	-	-	-	-	насечен	насечена	насечено	насечени	-	-
насея	насея	насееш	насее	насеем	насеете	насеят	насях	нася	нася	насяхме	насяхте	насяха	насеех	насееше	насееше	насеехме	насеехте	насееха	насеи	насеите	-	насял	насяла	насяло	насели	насеел	насеела	насеело	насеели	-	-	-	-	насян	насяна	насяно	насени	-	-
насилвам	-	-	-	-	-	-	насилвах	насилва	насилва	насилвахме	насилвахте	насилваха	насилвах	насилваше	насилваше	насилвахме	насилвахте	насилваха	насилваи	насилваите	насилваики	насилвал	насилвала	насилвало	насилвали	насилвал	насилвала	насилвало	насилвали	насилващ	насилваща	насилващо	насилващи	насилван	насилвана	насилвано	насилвани	насилване	насилванета
насичам	-	-	-	-	-	-	насичах	насича	насича	насичахме	насичахте	насичаха	насичах	насичаше	насичаше	насичахме	насичахте	насичаха	насичай	насичайте	насичайки	насичал	насичала	насичало	насичали	насичал	насичала	насичало	насичали	насичащ	насичаща	насичащо	насичащи	насичан	насичана	насичано	насичани	насичане	насичания-нета
наскачам	-	-	-	-	-	-	наскачах	наскача	наскача	наскачахме	наскачахте	наскачаха	наскачах	наскачаше	наскачаше	наскачахме	наскачахте	наскачаха	наскачаи	наскачаите	-	наскачал	наскачала	наскачало	наскачали	наскачал	наскачала	наскачало	наскачали	-	-	-	-	-	-	-	-	-	-
наследя	наследя	наследиш	наследи	наследим	наследите	наследят	наследих	наследи	наследи	наследихме	наследихте	наследиха	наследях	наследеше	наследеше	наследяхме	наследяхте	наследяха	наследи	наследете	-	наследил	наследила	наследило	наследили	наследял	наследяла	наследяло	наследели	-	-	-	-	наследен	наследена	наследено	наследени	-	-
наследявам	-	-	-	-	-	-	наследявах	наследява	наследява	наследявахме	наследявахте	наследяваха	наследявах	наследяваше	наследяваше	наследявахме	наследявахте	наследяваха	наследявай	наследявайте	наследявайки	наследявал	наследявала	наследявало	наследявали	наследявал	наследявала	наследявало	наследявали	наследяващ	наследяваща	наследяващо	наследяващи	наследяван	наследявана	наследявано	наследявани	наследяване	наследявания-нета
насмета	насмета	насметеш	насмете	насметем	насметете	насметат	насметох	насмете	насмете	насметохме	насметохте	насметоха	насметях	насметеше	насметеше	насметяхме	насметяхте	насметяха	насмети	насметете	-	насмел	насмела	насмело	насмели	насметял	насметяла	насметяло	насметели	-	-	-	-	насметен	насметена	насметено	насметени	-	-
насмитам	-	-	-	-	-	-	насмитах	насмита	насмита	насмитахме	насмитахте	насмитаха	насмитах	насмиташе	насмиташе	насмитахме	насмитахте	насмитаха	насмитай	насмитайте	насмитайки	насмитал	насмитала	насмитало	насмитали	насмитал	насмитала	насмитало	насмитали	насмитащ	насмитаща	насмитащо	насмитащи	насмитан	насмитана	насмитано	насмитани	насмитане	насмитания-нета
насоча	насоча	насочиш	насочи	насочим	насочите	насочат	насочих	насочи	насочи	насочихме	насочихте	насочиха	насочех	насочеше	насочеше	насочехме	насочехте	насочеха	насочи	насочете	-	насочил	насочила	насочило	насочили	насочел	насочела	насочело	насочели	-	-	-	-	насочен	насочена	насочено	насочени	-	-
насочвам	-	-	-	-	-	-	насочвах	насочва	насочва	насочвахме	насочвахте	насочваха	насочвах	насочваше	насочваше	насочвахме	насочвахте	насочваха	насочваи	насочваите	насочваики	насочвал	насочвала	насочвало	насочвали	насочвал	насочвала	насочвало	насочвали	насочващ	насочваща	насочващо	насочващи	насочван	насочвана	насочвано	насочвани	насочване	насочванета
наставя	наставя	наставиш	настави	наставим	наставите	наставят	наставих	настави	настави	наставихме	наставихте	наставиха	наставех	наставеше	наставеше	наставехме	наставехте	наставеха	настави	наставете	-	наставил	наставила	наставило	наставили	наставел	наставела	наставело	наставели	-	-	-	-	наставен	наставена	наставено	наставени	-	-
наставям	-	-	-	-	-	-	наставях	наставя	наставя	наставяхме	наставяхте	наставяха	наставях	наставяше	наставяше	наставяхме	наставяхте	наставяха	наставяи	наставяите	наставяики	наставял	наставяла	наставяло	наставяли	наставял	наставяла	наставяло	наставяли	наставящ	наставяща	наставящо	наставящи	наставян	наставяна	наставяно	наставяни	наставяне	наставянета
настанявам	-	-	-	-	-	-	настанявах	настанява	настанява	настанявахме	настанявахте	настаняваха	настанявах	настаняваше	настаняваше	настанявахме	настанявахте	настаняваха	настаняваи	настаняваите	настаняваики	настанявал	настанявала	настанявало	настанявали	настанявал	настанявала	настанявало	настанявали	настаняващ	настаняваща	настаняващо	настаняващи	настаняван	настанявана	настанявано	настанявани	настаняване	настаняванета
настеля	настеля	настелеш	настеле	настелем	настелете	настелят	настлах	настла	настла	настлахме	настлахте	настлаха	настелех	настелеше	настелеше	настелехме	настелехте	настелеха	настели	настелете	настелеики	настлал	настлала	настлало	настлали	настелел	настелела	настелело	настелели	настелещ	настелеща	настелещо	настелещи	настлан	настлана	настлано	настлани	настелене	настеленета
настилам	-	-	-	-	-	-	настилах	настила	настила	настилахме	настилахте	настилаха	настилах	настилаше	настилаше	настилахме	настилахте	настилаха	настилаи	настилаите	настилаики	настилал	настилала	настилало	настилали	настилал	настилала	настилало	настилали	настилащ	настилаща	настилащо	настилащи	настилан	настилана	настилано	настилани	настилане	настиланета
настина	настина	настинеш	настине	настинем	настинете	настинат	настинах	настина	настина	настинахме	настинахте	настинаха	настинех	настинеше	настинеше	настинехме	настинехте	настинеха	настини	настинете	-	настинал	настинала	настинало	настинали	настинел	настинела	настинело	настинели	-	-	-	-	-	-	-	-	-	-
настоя	настоя	настоиш	настои	настоим	настоите	настоят	настоях	настоя	настоя	настояхме	настояхте	настояха	настоях	настоеше	настоеше	настояхме	настояхте	настояха	настои	настоите	-	настоял	настояла	настояло	настояли	настоял	настояла	настояло	настояли	-	-	-	-	настоян	настояна	настояно	настояни	-	-
настоявам	-	-	-	-	-	-	настоявах	настоява	настоява	настоявахме	настоявахте	настояваха	настоявах	настояваше	настояваше	настоявахме	настоявахте	настояваха	настояваи	настояваите	настояваики	настоявал	настоявала	настоявало	настоявали	настоявал	настоявала	настоявало	настоявали	настояващ	настояваща	настояващо	настояващи	настояван	настоявана	настоявано	настоявани	настояване	настояванета
настъпя	настъпя	настъпиш	настъпи	настъпим	настъпите	настъпят	настъпих	настъпи	настъпи	настъпихме	настъпихте	настъпиха	настъпех	настъпеше	настъпеше	настъпехме	настъпехте	настъпеха	настъпи	настъпете	-	настъпил	настъпила	настъпило	настъпили	настъпел	настъпела	настъпело	настъпели	-	-	-	-	настъпен	настъпена	настъпено	настъпени	-	-
настървя	настървя	настървиш	настърви	настървим	настървите	настървят	настървих	настърви	настърви	настървихме	настървихте	настървиха	настървях	настървеше	настървеше	настървяхме	настървяхте	настървяха	настърви	настървете	-	настървил	настървила	настървило	настървили	настървял	настървяла	настървяло	настървели	-	-	-	-	настървен	настървена	настървено	настървени	-	-
натворя	натворя	натвориш	натвори	натворим	натворите	натворят	натворих	натвори	натвори	натворихме	натворихте	натвориха	натворях	натвореше	натвореше	натворяхме	натворяхте	натворяха	натвори	натворете	-	натворил	натворила	натворило	натворили	натворял	натворяла	натворяло	натворели	-	-	-	-	натворен	натворена	натворено	натворени	-	-
натегна	натегна	натегнеш	натегне	натегнем	натегнете	натегнат	натегнах	натегна	натегна	натегнахме	натегнахте	натегнаха	натегнех	натегнеше	натегнеше	натегнехме	натегнехте	натегнеха	натегни	натегнете	-	натегнал	натегнала	натегнало	натегнали	натегнел	натегнела	натегнело	натегнели	-	-	-	-	натегнат	натегната	натегнато	натегнати	-	-
натикам	-	-	-	-	-	-	натиках	натика	натика	натикахме	натикахте	натикаха	натиках	натикаше	натикаше	натикахме	натикахте	натикаха	натикаи	натикаите	-	натикал	натикала	натикало	натикали	натикал	натикала	натикало	натикали	-	-	-	-	натикан	натикана	натикано	натикани	-	-
натиря	натиря	натириш	натири	натирим	натирите	натирят	натирих	натири	натири	натирихме	натирихте	натириха	натирех	натиреше	натиреше	натирехме	натирехте	натиреха	натири	натирете	-	натирил	натирила	натирило	натирили	натирел	натирела	натирело	натирели	-	-	-	-	натирен	натирена	натирено	натирени	-	-
натискам	-	-	-	-	-	-	натисках	натиска	натиска	натискахме	натискахте	натискаха	натисках	натискаше	натискаше	натискахме	натискахте	натискаха	натискаи	натискаите	натискаики	натискал	натискала	натискало	натискали	натискал	натискала	натискало	натискали	натискащ	натискаща	натискащо	натискащи	натискан	натискана	натискано	натискани	натискане	натисканета
натна	натна	натнеш	натне	натнем	натнете	натнат	натнах	натна	натна	натнахме	натнахте	натнаха	натнех	натнеше	натнеше	натнехме	натнехте	натнеха	натни	натнете	-	натнал	натнала	натнало	натнали	натнел	натнела	натнело	натнели	-	-	-	-	натнат	натната	натнато	натнати	-	-
натрапя	натрапя	натрапиш	натрапи	натрапим	натрапите	натрапят	натрапих	натрапи	натрапи	натрапихме	натрапихте	натрапиха	натрапех	натрапеше	натрапеше	натрапехме	натрапехте	натрапеха	натрапи	натрапете	натрапеики	натрапил	натрапила	натрапило	натрапили	натрапел	натрапела	натрапело	натрапели	натрапещ	натрапеща	натрапещо	натрапещи	натрапен	натрапена	натрапено	натрапени	натрапене	натрапенета
натягам	-	-	-	-	-	-	натягах	натяга	натяга	натягахме	натягахте	натягаха	натягах	натягаше	натягаше	натягахме	натягахте	натягаха	натягаи	натягаите	натягаики	натягал	натягала	натягало	натягали	натягал	натягала	натягало	натягали	натягащ	натягаща	натягащо	натягащи	натяган	натягана	натягано	натягани	натягане	натяганета
наустя	наустя	наустиш	наусти	наустим	наустите	наустят	наустих	наусти	наусти	наустихме	наустихте	наустиха	наустех	наустеше	наустеше	наустехме	наустехте	наустеха	наусти	наустете	-	наустил	наустила	наустило	наустили	наустел	наустела	наустело	наустели	-	-	-	-	наустен	наустена	наустено	наустени	-	-
науча	науча	научиш	научи	научим	научите	научат	научих	научи	научи	научихме	научихте	научиха	научех	научеше	научеше	научехме	научехте	научеха	научи	научете	-	научил	научила	научило	научили	научел	научела	научело	научели	-	-	-	-	научен	научена	научено	научени	-	-
научавам	-	-	-	-	-	-	научавах	научава	научава	научавахме	научавахте	научаваха	научавах	научаваше	научаваше	научавахме	научавахте	научаваха	научаваи	научаваите	научаваики	научавал	научавала	научавало	научавали	научавал	научавала	научавало	научавали	научаващ	научаваща	научаващо	научаващи	научаван	научавана	научавано	научавани	научаване	научаванета
нахапвам	-	-	-	-	-	-	нахапвах	нахапва	нахапва	нахапвахме	нахапвахте	нахапваха	нахапвах	нахапваше	нахапваше	нахапвахме	нахапвахте	нахапваха	нахапвай	нахапвайте	нахапвайки	нахапвал	нахапвала	нахапвало	нахапвали	нахапвал	нахапвала	нахапвало	нахапвали	нахапващ	нахапваща	нахапващо	нахапващи	нахапван	нахапвана	нахапвано	нахапвани	нахапване	нахапвания-нета
нахапя	нахапя	нахапеш	нахапе	нахапем	нахапете	нахапят	нахапах	нахапа	нахапа	нахапахме	нахапахте	нахапаха	нахапех	нахапеше	нахапеше	нахапехме	нахапехте	нахапеха	нахапи	нахапете	-	нахапал	нахапала	нахапало	нахапали	нахапел	нахапела	нахапело	нахапели	-	-	-	-	нахапан	нахапана	нахапано	нахапани	-	-
находя	находя	находиш	находи	находим	находите	находят	находих	находи	находи	находихме	находихте	находиха	находех	находеше	находеше	находехме	находехте	находеха	находи	находете	-	находил	находила	находило	находили	находел	находела	находело	находели	-	-	-	-	находен	находена	находено	находени	-	-
нахождам	-	-	-	-	-	-	нахождах	нахожда	нахожда	нахождахме	нахождахте	нахождаха	нахождах	нахождаше	нахождаше	нахождахме	нахождахте	нахождаха	нахождаи	нахождаите	нахождаики	нахождал	нахождала	нахождало	нахождали	нахождал	нахождала	нахождало	нахождали	нахождащ	нахождаща	нахождащо	нахождащи	нахождан	нахождана	нахождано	нахождани	нахождане	нахожданета
начена	начена	наченеш	начене	наченем	наченете	наченат	наченах	начена	начена	наченахме	наченахте	наченаха	наченех	наченеше	наченеше	наченехме	наченехте	наченеха	начени	наченете	-	наченал	наченала	наченало	наченали	наченел	наченела	наченело	наченели	-	-	-	-	наченат	начената	наченато	наченати	-	-
начета	начета	начетеш	начете	начетем	начетете	начетат	начетох	начете	начете	начетохме	начетохте	начетоха	начетях	начетеше	начетеше	начетяхме	начетяхте	начетяха	начети	начетете	-	начел	начела	начело	начели	начетял	начетяла	начетяло	начетели	-	-	-	-	начетен	начетена	начетено	начетени	-	-
начинам	-	-	-	-	-	-	начинах	начина	начина	начинахме	начинахте	начинаха	начинах	начинаше	начинаше	начинахме	начинахте	начинаха	начинаи	начинаите	начинаики	начинал	начинала	начинало	начинали	начинал	начинала	начинало	начинали	начинащ	начинаща	начинащо	начинащи	начинан	начинана	начинано	начинани	начинане	начинанета
начитам	-	-	-	-	-	-	начитах	начита	начита	начитахме	начитахте	начитаха	начитах	начиташе	начиташе	начитахме	начитахте	начитаха	начитай	начитайте	начитайки	начитал	начитала	начитало	начитали	начитал	начитала	начитало	начитали	начитащ	начитаща	начитащо	начитащи	начитан	начитана	начитано	начитани	начитане	начитания-нета
негодувам	-	-	-	-	-	-	негодувах	негодува	негодува	негодувахме	негодувахте	негодуваха	негодувах	негодуваше	негодуваше	негодувахме	негодувахте	негодуваха	негодуваи	негодуваите	негодуваики	негодувал	негодувала	негодувало	негодували	негодувал	негодувала	негодувало	негодували	негодуващ	негодуваща	негодуващо	негодуващи	негодуван	негодувана	негодувано	негодувани	негодуване	негодуванета
нежа	нежа	нежиш	нежи	нежим	нежите	нежат	нежих	нежи	нежи	нежихме	нежихте	нежиха	нежех	нежеше	нежеше	нежехме	нежехте	нежеха	нежи	нежете	нежеики	нежил	нежила	нежило	нежили	нежел	нежела	нежело	нежели	нежещ	нежеща	нежещо	нежещи	нежен	нежена	нежено	нежени	нежене	неженета
немам	-	-	-	-	-	-	немах	нема	нема	немахме	немахте	немаха	немах	немаше	немаше	немахме	немахте	немаха	немаи	немаите	немаики	немал	немала	немало	немали	немал	немала	немало	немали	немащ	немаща	немащо	немащи	неман	немана	немано	немани	немане	неманета
немея	немея	немееш	немее	немеем	немеете	немеят	немях	немя	немя	немяхме	немяхте	немяха	немеех	немееше	немееше	немеехме	немеехте	немееха	немеи	немеите	немееики	немял	немяла	немяло	немели	немеел	немеела	немеело	немеели	немеещ	немееща	немеещо	немеещи	-	-	-	-	немеене	немеенета
ненавиждам	-	-	-	-	-	-	ненавиждах	ненавижда	ненавижда	ненавиждахме	ненавиждахте	ненавиждаха	ненавиждах	ненавиждаше	ненавиждаше	ненавиждахме	ненавиждахте	ненавиждаха	ненавиждаи	ненавиждаите	ненавиждаики	ненавиждал	ненавиждала	ненавиждало	ненавиждали	ненавиждал	ненавиждала	ненавиждало	ненавиждали	ненавиждащ	ненавиждаща	ненавиждащо	ненавиждащи	ненавиждан	ненавиждана	ненавиждано	ненавиждани	ненавиждане	ненавижданета
непротивоконституциоснователствувам	-	-	-	-	-	-	непротивоконституциоснователствувах	непротивоконституциоснователствува	непротивоконституциоснователствува	непротивоконституциоснователствувахме	непротивоконституциоснователствувахте	непротивоконституциоснователствуваха	непротивоконституциоснователствувах	непротивоконституциоснователствуваше	непротивоконституциоснователствуваше	непротивоконституциоснователствувахме	непротивоконституциоснователствувахте	непротивоконституциоснователствуваха	непротивоконституциоснователствуваи	непротивоконституциоснователствуваите	непротивоконституциоснователствуваики	непротивоконституциоснователствувал	непротивоконституциоснователствувала	непротивоконституциоснователствувало	непротивоконституциоснователствували	непротивоконституциоснователствувал	непротивоконституциоснователствувала	непротивоконституциоснователствувало	непротивоконституциоснователствували	непротивоконституциоснователствуващ	непротивоконституциоснователствуваща	непротивоконституциоснователствуващо	непротивоконституциоснователствуващи	-	-	-	-	непротивоконституциоснователствуване	непротивоконституциоснователствуванета
неса	неса	несеш	несе	несем	несете	несат	несох	несе	несе	несохме	несохте	несоха	несях	несеше	несеше	несяхме	несяхте	несяха	неси	несете	несеики	несъл	несла	несло	несли	несял	несяла	несяло	несели	несящ	несяща	несящо	несящи	несен	несена	несено	несени	несене	несенета
нехая	нехая	нехаеш	нехае	нехаем	нехаете	нехаят	нехаях	нехая	нехая	нехаяхме	нехаяхте	нехаяха	нехаех	нехаеше	нехаеше	нехаехме	нехаехте	нехаеха	нехаи	нехаите	нехаеики	нехаял	нехаяла	нехаяло	нехаяли	нехаел	нехаела	нехаело	нехаели	нехаещ	нехаеща	нехаещо	нехаещи	-	-	-	-	нехаене	нехаенета
нижа	нижа	нижеш	ниже	нижем	нижете	нижат	низах	низа	низа	низахме	низахте	низаха	нижех	нижеше	нижеше	нижехме	нижехте	нижеха	нижи	нижете	нижеики	низал	низала	низало	низали	нижел	нижела	нижело	нижели	нижещ	нижеща	нижещо	нижещи	низан	низана	низано	низани	низане	низанета
низвергна	низвергна	низвергнеш	низвергне	низвергнем	низвергнете	низвергнат	низвергнах	низвергна	низвергна	низвергнахме	низвергнахте	низвергнаха	низвергнех	низвергнеше	низвергнеше	низвергнехме	низвергнехте	низвергнеха	низвергни	низвергнете	-	низвергнал	низвергнала	низвергнало	низвергнали	низвергнел	низвергнела	низвергнело	низвергнели	-	-	-	-	низвергнат	низвергната	низвергнато	низвергнати	-	-
никна	никна	никнеш	никне	никнем	никнете	никнат	никнох	никне	никне	никнохме	никнохте	никноха	никнех	никнеше	никнеше	никнехме	никнехте	никнеха	никни	никнете	никнеики	никнъл	никнла	никнло	никнли	никнел	никнела	никнело	никнели	никнещ	никнеща	никнещо	никнещи	-	-	-	-	никнене	никненета
нищя	нищя	нищиш	нищи	нищим	нищите	нищят	нищих	нищи	нищи	нищихме	нищихте	нищиха	нищех	нищеше	нищеше	нищехме	нищехте	нищеха	нищи	нищете	нищеики	нищил	нищила	нищило	нищили	нищел	нищела	нищело	нищели	нищещ	нищеща	нищещо	нищещи	нищен	нищена	нищено	нищени	нищене	нищенета
нося	нося	носиш	носи	носим	носите	носят	носих	носи	носи	носихме	носихте	носиха	носех	носеше	носеше	носехме	носехте	носеха	носи	носете	носеики	носил	носила	носило	носили	носел	носела	носело	носели	носещ	носеща	носещо	носещи	носен	носена	носено	носени	носене	носенета
нуря	нуря	нуреш	нуре	нурем	нурете	нурят	нурах	нура	нура	нурахме	нурахте	нураха	нурех	нуреше	нуреше	нурехме	нурехте	нуреха	нури	нурете	нуреики	нурал	нурала	нурало	нурали	нурел	нурела	нурело	нурели	нурещ	нуреща	нурещо	нурещи	нуран	нурана	нурано	нурани	нурене	нуренета
нямам	-	-	-	-	-	-	нямах	няма	няма	нямахме	нямахте	нямаха	нямах	нямаше	нямаше	нямахме	нямахте	нямаха	нямаи	нямаите	нямаики	нямал	нямала	нямало	нямали	нямал	нямала	нямало	нямали	нямащ	нямаща	нямащо	нямащи	няман	нямана	нямано	нямани	нямане	няманета
обадя	обадя	обадиш	обади	обадим	обадите	обадят	обадих	обади	обади	обадихме	обадихте	обадиха	обадех	обадеше	обадеше	обадехме	обадехте	обадеха	обади	обадете	-	обадил	обадила	обадило	обадили	обадел	обадела	обадело	обадели	-	-	-	-	обаден	обадена	обадено	обадени	-	-
обаждам	-	-	-	-	-	-	обаждах	обажда	обажда	обаждахме	обаждахте	обаждаха	обаждах	обаждаше	обаждаше	обаждахме	обаждахте	обаждаха	обаждаи	обаждаите	обаждаики	обаждал	обаждала	обаждало	обаждали	обаждал	обаждала	обаждало	обаждали	обаждащ	обаждаща	обаждащо	обаждащи	обаждан	обаждана	обаждано	обаждани	обаждане	обажданета
обвиня	обвиня	обвиниш	обвини	обвиним	обвините	обвинят	обвиних	обвини	обвини	обвинихме	обвинихте	обвиниха	обвинях	обвинеше	обвинеше	обвиняхме	обвиняхте	обвиняха	обвини	обвинете	-	обвинил	обвинила	обвинило	обвинили	обвинял	обвиняла	обвиняло	обвинели	-	-	-	-	обвинен	обвинена	обвинено	обвинени	-	-
обвинявам	-	-	-	-	-	-	обвинявах	обвинява	обвинява	обвинявахме	обвинявахте	обвиняваха	обвинявах	обвиняваше	обвиняваше	обвинявахме	обвинявахте	обвиняваха	обвинявай	обвинявайте	обвинявайки	обвинявал	обвинявала	обвинявало	обвинявали	обвинявал	обвинявала	обвинявало	обвинявали	обвиняващ	обвиняваща	обвиняващо	обвиняващи	обвиняван	обвинявана	обвинявано	обвинявани	обвиняване	обвинявания-нета
обградя	обградя	обградиш	обгради	обградим	обградите	обградят	обградих	обгради	обгради	обградихме	обградихте	обградиха	обградях	обградеше	обградеше	обградяхме	обградяхте	обградяха	обгради	обградете	-	обградил	обградила	обградило	обградили	обградял	обградяла	обградяло	обградели	-	-	-	-	обграден	обградена	обградено	обградени	-	-
обединявам	-	-	-	-	-	-	обединявах	обединява	обединява	обединявахме	обединявахте	обединяваха	обединявах	обединяваше	обединяваше	обединявахме	обединявахте	обединяваха	обединяваи	обединяваите	обединяваики	обединявал	обединявала	обединявало	обединявали	обединявал	обединявала	обединявало	обединявали	обединяващ	обединяваща	обединяващо	обединяващи	обединяван	обединявана	обединявано	обединявани	обединяване	обединяванета
обезглавя	обезглавя	обезглавиш	обезглави	обезглавим	обезглавите	обезглавят	обезглавих	обезглави	обезглави	обезглавихме	обезглавихте	обезглавиха	обезглавях	обезглавеше	обезглавеше	обезглавяхме	обезглавяхте	обезглавяха	обезглави	обезглавете	-	обезглавил	обезглавила	обезглавило	обезглавили	обезглавял	обезглавяла	обезглавяло	обезглавели	-	-	-	-	обезглавен	обезглавена	обезглавено	обезглавени	-	-
обезглавявам	-	-	-	-	-	-	обезглавявах	обезглавява	обезглавява	обезглавявахме	обезглавявахте	обезглавяваха	обезглавявах	обезглавяваше	обезглавяваше	обезглавявахме	обезглавявахте	обезглавяваха	обезглавявай	обезглавявайте	обезглавявайки	обезглавявал	обезглавявала	обезглавявало	обезглавявали	обезглавявал	обезглавявала	обезглавявало	обезглавявали	обезглавяващ	обезглавяваща	обезглавяващо	обезглавяващи	обезглавяван	обезглавявана	обезглавявано	обезглавявани	обезглавяване	обезглавявания-нета
обезпеча	обезпеча	обезпечиш	обезпечи	обезпечим	обезпечите	обезпечат	обезпечих	обезпечи	обезпечи	обезпечихме	обезпечихте	обезпечиха	обезпечах	обезпечеше	обезпечеше	обезпечахме	обезпечахте	обезпечаха	обезпечи	обезпечете	-	обезпечил	обезпечила	обезпечило	обезпечили	обезпечал	обезпечала	обезпечало	обезпечали	-	-	-	-	обезпечен	обезпечена	обезпечено	обезпечени	-	-
обезсмъртя	обезсмъртя	обезсмъртиш	обезсмърти	обезсмъртим	обезсмъртите	обезсмъртят	обезсмъртих	обезсмърти	обезсмърти	обезсмъртихме	обезсмъртихте	обезсмъртиха	обезсмъртях	обезсмъртеше	обезсмъртеше	обезсмъртяхме	обезсмъртяхте	обезсмъртяха	обезсмърти	обезсмъртете	-	обезсмъртил	обезсмъртила	обезсмъртило	обезсмъртили	обезсмъртял	обезсмъртяла	обезсмъртяло	обезсмъртели	-	-	-	-	обезсмъртен	обезсмъртена	обезсмъртено	обезсмъртени	-	-
обезсмъртявам	-	-	-	-	-	-	обезсмъртявах	обезсмъртява	обезсмъртява	обезсмъртявахме	обезсмъртявахте	обезсмъртяваха	обезсмъртявах	обезсмъртяваше	обезсмъртяваше	обезсмъртявахме	обезсмъртявахте	обезсмъртяваха	обезсмъртявай	обезсмъртявайте	обезсмъртявайки	обезсмъртявал	обезсмъртявала	обезсмъртявало	обезсмъртявали	обезсмъртявал	обезсмъртявала	обезсмъртявало	обезсмъртявали	обезсмъртяващ	обезсмъртяваща	обезсмъртяващо	обезсмъртяващи	обезсмъртяван	обезсмъртявана	обезсмъртявано	обезсмъртявани	обезсмъртяване	обезсмъртявания-нета
обера	обера	обереш	обере	оберем	оберете	оберат	обрах	обра	обра	обрахме	обрахте	обраха	оберях	обереше	обереше	оберяхме	оберяхте	оберяха	обери	оберете	-	обрал	обрала	обрало	обрали	оберял	оберяла	оберяло	оберели	-	-	-	-	обран	обрана	обрано	обрани	-	-
обесвам	-	-	-	-	-	-	обесвах	обесва	обесва	обесвахме	обесвахте	обесваха	обесвах	обесваше	обесваше	обесвахме	обесвахте	обесваха	обесвай	обесвайте	обесвайки	обесвал	обесвала	обесвало	обесвали	обесвал	обесвала	обесвало	обесвали	обесващ	обесваща	обесващо	обесващи	обесван	обесвана	обесвано	обесвани	обесване	обесвания-нета
обеся	обеся	обесиш	обеси	обесим	обесите	обесят	обесих	обеси	обеси	обесихме	обесихте	обесиха	обесех	обесеше	обесеше	обесехме	обесехте	обесеха	обеси	обесете	-	обесил	обесила	обесило	обесили	обесел	обесела	обесело	обесели	-	-	-	-	обесен	обесена	обесено	обесени	-	-
обещавам	-	-	-	-	-	-	обещавах	обещава	обещава	обещавахме	обещавахте	обещаваха	обещавах	обещаваше	обещаваше	обещавахме	обещавахте	обещаваха	обещавай	обещавайте	обещавайки	обещавал	обещавала	обещавало	обещавали	обещавал	обещавала	обещавало	обещавали	обещаващ	обещаваща	обещаващо	обещаващи	обещаван	обещавана	обещавано	обещавани	обещаване	обещавания-нета
обещая	обещая	обещаеш	обещае	обещаем	обещаете	обещаят	обещах	обеща	обеща	обещахме	обещахте	обещаха	обещаех	обещаеше	обещаеше	обещаехме	обещаехте	обещаеха	обещай	обещайте	-	обещал	обещала	обещало	обещали	обещаел	обещаела	обещаело	обещаели	-	-	-	-	обещан	обещана	обещано	обещани	-	-
обзаведа	обзаведа	обзаведеш	обзаведе	обзаведем	обзаведете	обзаведат	обзаведох	обзаведе	обзаведе	обзаведохме	обзаведохте	обзаведоха	обзаведях	обзаведеше	обзаведеше	обзаведяхме	обзаведяхте	обзаведяха	обзаведи	обзаведете	-	обзавел	обзавела	обзавело	обзавели	обзаведял	обзаведяла	обзаведяло	обзаведели	-	-	-	-	обзаведен	обзаведена	обзаведено	обзаведени	-	-
обзавеждам	-	-	-	-	-	-	обзавеждах	обзавежда	обзавежда	обзавеждахме	обзавеждахте	обзавеждаха	обзавеждах	обзавеждаше	обзавеждаше	обзавеждахме	обзавеждахте	обзавеждаха	обзавеждай	обзавеждайте	обзавеждайки	обзавеждал	обзавеждала	обзавеждало	обзавеждали	обзавеждал	обзавеждала	обзавеждало	обзавеждали	обзавеждащ	обзавеждаща	обзавеждащо	обзавеждащи	обзавеждан	обзавеждана	обзавеждано	обзавеждани	обзавеждане	обзавеждания-нета
обида	обида	обидеш	обиде	обидем	обидете	обидат	обидох	обиде	обиде	обидохме	обидохте	обидоха	обидех	обидеше	обидеше	обидехме	обидехте	обидеха	обиди	обидете	-	обишел	обишла	обишло	обишли	обидел	обидела	обидело	обидели	-	-	-	-	-	-	-	-	-	-
обихващам	-	-	-	-	-	-	обихващах	обихваща	обихваща	обихващахме	обихващахте	обихващаха	обихващах	обихващаше	обихващаше	обихващахме	обихващахте	обихващаха	обихващаи	обихващаите	обихващаики	обихващал	обихващала	обихващало	обихващали	обихващал	обихващала	обихващало	обихващали	обихващащ	обихващаща	обихващащо	обихващащи	-	-	-	-	обихващане	обихващанета
обихождам	-	-	-	-	-	-	обихождах	обихожда	обихожда	обихождахме	обихождахте	обихождаха	обихождах	обихождаше	обихождаше	обихождахме	обихождахте	обихождаха	обихождаи	обихождаите	обихождаики	обихождал	обихождала	обихождало	обихождали	обихождал	обихождала	обихождало	обихождали	обихождащ	обихождаща	обихождащо	обихождащи	-	-	-	-	обихождане	обихожданета
обичам	-	-	-	-	-	-	обичах	обича	обича	обичахме	обичахте	обичаха	обичах	обичаше	обичаше	обичахме	обичахте	обичаха	обичай	обичайте	обичайки	обичал	обичала	обичало	обичали	обичал	обичала	обичало	обичали	обичащ	обичаща	обичащо	обичащи	обичан	обичана	обичано	обичани	обичане	обичания-нета
обкова	обкова	обковеш	обкове	обковем	обковете	обковат	обковах	обкова	обкова	обковахме	обковахте	обковаха	обковях	обковеше	обковеше	обковяхме	обковяхте	обковяха	обкови	обковете	-	обковал	обковала	обковало	обковали	обковял	обковяла	обковяло	обковели	-	-	-	-	обкован	обкована	обковано	обковани	-	-
обковавам	-	-	-	-	-	-	обковавах	обковава	обковава	обковавахме	обковавахте	обковаваха	обковавах	обковаваше	обковаваше	обковавахме	обковавахте	обковаваха	обковавай	обковавайте	обковавайки	обковавал	обковавала	обковавало	обковавали	обковавал	обковавала	обковавало	обковавали	обковаващ	обковаваща	обковаващо	обковаващи	обковаван	обковавана	обковавано	обковавани	обковаване	обковавания-нета
облека	облека	облечеш	облече	облечем	облечете	облекат	облякох	облече	облече	облякохме	облякохте	облякоха	облечах	облечеше	облечеше	облечахме	облечахте	облечаха	облечи	облечете	-	облякъл	облякла	облякло	облекли	облечал	облечала	облечало	облечели	-	-	-	-	облечен	облечена	облечено	облечени	-	-
облекча	облекча	облекчиш	облекчи	облекчим	облекчите	облекчат	облекчих	облекчи	облекчи	облекчихме	облекчихте	облекчиха	облекчах	облекчеше	облекчеше	облекчахме	облекчахте	облекчаха	облекчи	облекчете	-	облекчил	облекчила	облекчило	облекчили	облекчал	облекчала	облекчало	облекчали	-	-	-	-	облекчен	облекчена	облекчено	облекчени	-	-
облекчавам	-	-	-	-	-	-	облекчавах	облекчава	облекчава	облекчавахме	облекчавахте	облекчаваха	облекчавах	облекчаваше	облекчаваше	облекчавахме	облекчавахте	облекчаваха	облекчаваи	облекчаваите	облекчаваики	облекчавал	облекчавала	облекчавало	облекчавали	облекчавал	облекчавала	облекчавало	облекчавали	облекчаващ	облекчаваща	облекчаващо	облекчаващи	облекчаван	облекчавана	облекчавано	облекчавани	облекчаване	облекчаванета
облетя	облетя	облетиш	облети	облетим	облетите	облетят	облетях	облетя	облетя	облетяхме	облетяхте	облетяха	облетях	облетеше	облетеше	облетяхме	облетяхте	облетяха	облети	облетете	-	облетял	облетяла	облетяло	облетели	облетял	облетяла	облетяло	облетели	-	-	-	-	облетян	облетяна	облетяно	облетени	-	-
обличам	-	-	-	-	-	-	обличах	облича	облича	обличахме	обличахте	обличаха	обличах	обличаше	обличаше	обличахме	обличахте	обличаха	обличай	обличайте	обличайки	обличал	обличала	обличало	обличали	обличал	обличала	обличало	обличали	обличащ	обличаща	обличащо	обличащи	обличан	обличана	обличано	обличани	обличане	обличания-нета
обобщавам	-	-	-	-	-	-	обобщавах	обобщава	обобщава	обобщавахме	обобщавахте	обобщаваха	обобщавах	обобщаваше	обобщаваше	обобщавахме	обобщавахте	обобщаваха	обобщаваи	обобщаваите	обобщаваики	обобщавал	обобщавала	обобщавало	обобщавали	обобщавал	обобщавала	обобщавало	обобщавали	обобщаващ	обобщаваща	обобщаващо	обобщаващи	обобщаван	обобщавана	обобщавано	обобщавани	обобщаване	обобщаванета
обобщя	обобщя	обобщиш	обобщи	обобщим	обобщите	обобщят	обобщих	обобщи	обобщи	обобщихме	обобщихте	обобщиха	обобщях	обобщеше	обобщеше	обобщяхме	обобщяхте	обобщяха	обобщи	обобщете	-	обобщил	обобщила	обобщило	обобщили	обобщял	обобщяла	обобщяло	обобщели	-	-	-	-	обобщен	обобщена	обобщено	обобщени	-	-
ободря	ободря	ободриш	ободри	ободрим	ободрите	ободрят	ободрих	ободри	ободри	ободрихме	ободрихте	ободриха	ободрях	ободреше	ободреше	ободряхме	ободряхте	ободряха	ободри	ободрете	-	ободрил	ободрила	ободрило	ободрили	ободрял	ободряла	ободряло	ободрели	-	-	-	-	ободрен	ободрена	ободрено	ободрени	-	-
обожавам	-	-	-	-	-	-	обожавах	обожава	обожава	обожавахме	обожавахте	обожаваха	обожавах	обожаваше	обожаваше	обожавахме	обожавахте	обожаваха	обожаваи	обожаваите	обожаваики	обожавал	обожавала	обожавало	обожавали	обожавал	обожавала	обожавало	обожавали	обожаващ	обожаваща	обожаващо	обожаващи	обожаван	обожавана	обожавано	обожавани	обожаване	обожаванета
обоснова	обоснова	обосновеш	обоснове	обосновем	обосновете	обосноват	обосновах	обоснова	обоснова	обосновахме	обосновахте	обосноваха	обосновях	обосновеше	обосновеше	обосновяхме	обосновяхте	обосновяха	обоснови	обосновете	-	обосновал	обосновала	обосновало	обосновали	обосновял	обосновяла	обосновяло	обосновели	-	-	-	-	обоснован	обоснована	обосновано	обосновани	-	-
обосновавам	-	-	-	-	-	-	обосновавах	обосновава	обосновава	обосновавахме	обосновавахте	обосноваваха	обосновавах	обосноваваше	обосноваваше	обосновавахме	обосновавахте	обосноваваха	обосновавай	обосновавайте	обосновавайки	обосновавал	обосновавала	обосновавало	обосновавали	обосновавал	обосновавала	обосновавало	обосновавали	обосноваващ	обосноваваща	обосноваващо	обосноваващи	обосноваван	обосновавана	обосновавано	обосновавани	обосноваване	обосновавания-нета
обрежа	обрежа	обрежеш	обреже	обрежем	обрежете	обрежат	обрязах	обряза	обряза	обрязахме	обрязахте	обрязаха	обрежех	обрежеше	обрежеше	обрежехме	обрежехте	обрежеха	обрежи	обрежете	-	обрязал	обрязала	обрязало	обрязали	обрежел	обрежела	обрежело	обрежели	-	-	-	-	обрязан	обрязана	обрязано	обрязани	-	-
обрека	обрека	обречеш	обрече	обречем	обречете	обрекат	обрекох	обрече	обрече	обрекохме	обрекохте	обрекоха	обречах	обречеше	обречеше	обречахме	обречахте	обречаха	обречи	обречете	-	обрекъл	обрекла	обрекло	обрекли	обречал	обречала	обречало	обречели	-	-	-	-	обречен	обречена	обречено	обречени	-	-
обретя	обретя	обретиш	обрети	обретим	обретите	обретят	обретих	обрети	обрети	обретихме	обретихте	обретиха	обретех	обретеше	обретеше	обретехме	обретехте	обретеха	обрети	обретете	-	обретил	обретила	обретило	обретили	обретел	обретела	обретело	обретели	-	-	-	-	обретен	обретена	обретено	обретени	-	-
обричам	-	-	-	-	-	-	обричах	обрича	обрича	обричахме	обричахте	обричаха	обричах	обричаше	обричаше	обричахме	обричахте	обричаха	обричай	обричайте	обричайки	обричал	обричала	обричало	обричали	обричал	обричала	обричало	обричали	обричащ	обричаща	обричащо	обричащи	обричан	обричана	обричано	обричани	обричане	обричания-нета
обръгвам	-	-	-	-	-	-	обръгвах	обръгва	обръгва	обръгвахме	обръгвахте	обръгваха	обръгвах	обръгваше	обръгваше	обръгвахме	обръгвахте	обръгваха	обръгваи	обръгваите	обръгваики	обръгвал	обръгвала	обръгвало	обръгвали	обръгвал	обръгвала	обръгвало	обръгвали	обръгващ	обръгваща	обръгващо	обръгващи	-	-	-	-	обръгване	обръгванета
обръгна	обръгна	обръгнеш	обръгне	обръгнем	обръгнете	обръгнат	обръгнах	обръгна	обръгна	обръгнахме	обръгнахте	обръгнаха	обръгнех	обръгнеше	обръгнеше	обръгнехме	обръгнехте	обръгнеха	обръгни	обръгнете	-	обръгнал	обръгнала	обръгнало	обръгнали	обръгнел	обръгнела	обръгнело	обръгнели	-	-	-	-	обръгнат	обръгната	обръгнато	обръгнати	-	-
обръщам	-	-	-	-	-	-	обръщах	обръща	обръща	обръщахме	обръщахте	обръщаха	обръщах	обръщаше	обръщаше	обръщахме	обръщахте	обръщаха	обръщаи	обръщаите	обръщаики	обръщал	обръщала	обръщало	обръщали	обръщал	обръщала	обръщало	обръщали	обръщащ	обръщаща	обръщащо	обръщащи	обръщан	обръщана	обръщано	обръщани	обръщане	обръщанета
обсъдя	обсъдя	обсъдиш	обсъди	обсъдим	обсъдите	обсъдят	обсъдих	обсъди	обсъди	обсъдихме	обсъдихте	обсъдиха	обсъдех	обсъдеше	обсъдеше	обсъдехме	обсъдехте	обсъдеха	обсъди	обсъдете	-	обсъдил	обсъдила	обсъдило	обсъдили	обсъдел	обсъдела	обсъдело	обсъдели	-	-	-	-	обсъден	обсъдена	обсъдено	обсъдени	-	-
обсъждам	-	-	-	-	-	-	обсъждах	обсъжда	обсъжда	обсъждахме	обсъждахте	обсъждаха	обсъждах	обсъждаше	обсъждаше	обсъждахме	обсъждахте	обсъждаха	обсъждай	обсъждайте	обсъждайки	обсъждал	обсъждала	обсъждало	обсъждали	обсъждал	обсъждала	обсъждало	обсъждали	обсъждащ	обсъждаща	обсъждащо	обсъждащи	обсъждан	обсъждана	обсъждано	обсъждани	обсъждане	обсъждания-нета
обувам	-	-	-	-	-	-	обувах	обува	обува	обувахме	обувахте	обуваха	обувах	обуваше	обуваше	обувахме	обувахте	обуваха	обуваи	обуваите	обуваики	обувал	обувала	обувало	обували	обувал	обувала	обувало	обували	обуващ	обуваща	обуващо	обуващи	обуван	обувана	обувано	обувани	обуване	обуванета
обуча	обуча	обучиш	обучи	обучим	обучите	обучат	обучих	обучи	обучи	обучихме	обучихте	обучиха	обучех	обучеше	обучеше	обучехме	обучехте	обучеха	обучи	обучете	-	обучил	обучила	обучило	обучили	обучел	обучела	обучело	обучели	-	-	-	-	обучен	обучена	обучено	обучени	-	-
обучавам	-	-	-	-	-	-	обучавах	обучава	обучава	обучавахме	обучавахте	обучаваха	обучавах	обучаваше	обучаваше	обучавахме	обучавахте	обучаваха	обучавай	обучавайте	обучавайки	обучавал	обучавала	обучавало	обучавали	обучавал	обучавала	обучавало	обучавали	обучаващ	обучаваща	обучаващо	обучаващи	обучаван	обучавана	обучавано	обучавани	обучаване	обучавания-нета
обуя	обуя	обуеш	обуе	обуем	обуете	обуят	обух	обу	обу	обухме	обухте	обуха	обуех	обуеше	обуеше	обуехме	обуехте	обуеха	обуи	обуите	-	обул	обула	обуло	обули	обуел	обуела	обуело	обуели	-	-	-	-	обут	обута	обуто	обути	-	-
обходя	обходя	обходиш	обходи	обходим	обходите	обходят	обходих	обходи	обходи	обходихме	обходихте	обходиха	обходех	обходеше	обходеше	обходехме	обходехте	обходеха	обходи	обходете	-	обходил	обходила	обходило	обходили	обходел	обходела	обходело	обходели	-	-	-	-	обходен	обходена	обходено	обходени	-	-
обхождам	-	-	-	-	-	-	обхождах	обхожда	обхожда	обхождахме	обхождахте	обхождаха	обхождах	обхождаше	обхождаше	обхождахме	обхождахте	обхождаха	обхождаи	обхождаите	обхождаики	обхождал	обхождала	обхождало	обхождали	обхождал	обхождала	обхождало	обхождали	обхождащ	обхождаща	обхождащо	обхождащи	обхождан	обхождана	обхождано	обхождани	обхождане	обхожданета
объркам	-	-	-	-	-	-	обърках	обърка	обърка	объркахме	объркахте	объркаха	обърках	объркаше	объркаше	объркахме	объркахте	объркаха	объркаи	объркаите	-	объркал	объркала	объркало	объркали	объркал	объркала	объркало	объркали	-	-	-	-	объркан	объркана	объркано	объркани	-	-
обърна	обърна	обърнеш	обърне	обърнем	обърнете	обърнат	обърнах	обърна	обърна	обърнахме	обърнахте	обърнаха	обърнех	обърнеше	обърнеше	обърнехме	обърнехте	обърнеха	обърни	обърнете	-	обърнал	обърнала	обърнало	обърнали	обърнел	обърнела	обърнело	обърнели	-	-	-	-	обърнат	обърната	обърнато	обърнати	-	-
обядвам	-	-	-	-	-	-	обядвах	обядва	обядва	обядвахме	обядвахте	обядваха	обядвах	обядваше	обядваше	обядвахме	обядвахте	обядваха	обядваи	обядваите	обядваики	обядвал	обядвала	обядвало	обядвали	обядвал	обядвала	обядвало	обядвали	обядващ	обядваща	обядващо	обядващи	обядван	обядвана	обядвано	обядвани	обядване	обядванета
обясня	обясня	обясниш	обясни	обясним	обясните	обяснят	обясних	обясни	обясни	обяснихме	обяснихте	обясниха	обяснях	обяснеше	обяснеше	обясняхме	обясняхте	обясняха	обясни	обяснете	-	обяснил	обяснила	обяснило	обяснили	обяснял	обясняла	обясняло	обяснели	-	-	-	-	обяснен	обяснена	обяснено	обяснени	-	-
обяснявам	-	-	-	-	-	-	обяснявах	обяснява	обяснява	обяснявахме	обяснявахте	обясняваха	обяснявах	обясняваше	обясняваше	обяснявахме	обяснявахте	обясняваха	обяснявай	обяснявайте	обяснявайки	обяснявал	обяснявала	обяснявало	обяснявали	обяснявал	обяснявала	обяснявало	обяснявали	обясняващ	обясняваща	обясняващо	обясняващи	обясняван	обяснявана	обяснявано	обяснявани	обясняване	обяснявания-нета
овехтя	овехтя	овехтиш	овехти	овехтим	овехтите	овехтят	овехтях	овехтя	овехтя	овехтяхме	овехтяхте	овехтяха	овехтях	овехтеше	овехтеше	овехтяхме	овехтяхте	овехтяха	овехти	овехтете	-	овехтял	овехтяла	овехтяло	овехтели	овехтял	овехтяла	овехтяло	овехтели	-	-	-	-	-	-	-	-	-	-
овеществя	овеществя	овеществиш	овеществи	овеществим	овеществите	овеществят	овеществих	овеществи	овеществи	овеществихме	овеществихте	овеществиха	овеществях	овеществеше	овеществеше	овеществяхме	овеществяхте	овеществяха	овеществи	овеществете	-	овеществил	овеществила	овеществило	овеществили	овеществял	овеществяла	овеществяло	овеществели	-	-	-	-	овеществен	овеществена	овеществено	овеществени	-	-
овластя	овластя	овластиш	овласти	овластим	овластите	овластят	овластих	овласти	овласти	овластихме	овластихте	овластиха	овластях	овластеше	овластеше	овластяхме	овластяхте	овластяха	овласти	овластете	-	овластил	овластила	овластило	овластили	овластял	овластяла	овластяло	овластели	-	-	-	-	овластен	овластена	овластено	овластени	-	-
овластявам	-	-	-	-	-	-	овластявах	овластява	овластява	овластявахме	овластявахте	овластяваха	овластявах	овластяваше	овластяваше	овластявахме	овластявахте	овластяваха	овластяваи	овластяваите	овластяваики	овластявал	овластявала	овластявало	овластявали	овластявал	овластявала	овластявало	овластявали	овластяващ	овластяваща	овластяващо	овластяващи	овластяван	овластявана	овластявано	овластявани	овластяване	овластяванета
огледам	-	-	-	-	-	-	огледах	огледа	огледа	огледахме	огледахте	огледаха	огледах	огледаше	огледаше	огледахме	огледахте	огледаха	огледаи	огледаите	-	огледал	огледала	огледало	огледали	огледал	огледала	огледало	огледали	-	-	-	-	огледан	огледана	огледано	огледани	-	-
оглеждам	-	-	-	-	-	-	оглеждах	оглежда	оглежда	оглеждахме	оглеждахте	оглеждаха	оглеждах	оглеждаше	оглеждаше	оглеждахме	оглеждахте	оглеждаха	оглеждаи	оглеждаите	оглеждаики	оглеждал	оглеждала	оглеждало	оглеждали	оглеждал	оглеждала	оглеждало	оглеждали	оглеждащ	оглеждаща	оглеждащо	оглеждащи	оглеждан	оглеждана	оглеждано	оглеждани	оглеждане	оглежданета
огорча	огорча	огорчиш	огорчи	огорчим	огорчите	огорчат	огорчих	огорчи	огорчи	огорчихме	огорчихте	огорчиха	огорчах	огорчеше	огорчеше	огорчахме	огорчахте	огорчаха	огорчи	огорчете	-	огорчил	огорчила	огорчило	огорчили	огорчал	огорчала	огорчало	огорчали	-	-	-	-	огорчен	огорчена	огорчено	огорчени	-	-
ограбя	ограбя	ограбиш	ограби	ограбим	ограбите	ограбят	ограбих	ограби	ограби	ограбихме	ограбихте	ограбиха	ограбех	ограбеше	ограбеше	ограбехме	ограбехте	ограбеха	ограби	ограбете	-	ограбил	ограбила	ограбило	ограбили	ограбел	ограбела	ограбело	ограбели	-	-	-	-	ограбен	ограбена	ограбено	ограбени	-	-
огранича	огранича	ограничиш	ограничи	ограничим	ограничите	ограничат	ограничих	ограничи	ограничи	ограничихме	ограничихте	ограничиха	ограничах	ограничеше	ограничеше	ограничахме	ограничахте	ограничаха	ограничи	ограничете	-	ограничил	ограничила	ограничило	ограничили	ограничал	ограничала	ограничало	ограничели	-	-	-	-	ограничен	ограничена	ограничено	ограничени	-	-
ограничавам	-	-	-	-	-	-	ограничавах	ограничава	ограничава	ограничавахме	ограничавахте	ограничаваха	ограничавах	ограничаваше	ограничаваше	ограничавахме	ограничавахте	ограничаваха	ограничавай	ограничавайте	ограничавайки	ограничавал	ограничавала	ограничавало	ограничавали	ограничавал	ограничавала	ограничавало	ограничавали	ограничаващ	ограничаваща	ограничаващо	ограничаващи	ограничаван	ограничавана	ограничавано	ограничавани	ограничаване	ограничавания-нета
одобря	одобря	одобриш	одобри	одобрим	одобрите	одобрят	одобрих	одобри	одобри	одобрихме	одобрихте	одобриха	одобрях	одобреше	одобреше	одобряхме	одобряхте	одобряха	одобри	одобрете	-	одобрил	одобрила	одобрило	одобрили	одобрял	одобряла	одобряло	одобрели	-	-	-	-	одобрен	одобрена	одобрено	одобрени	-	-
одобрявам	-	-	-	-	-	-	одобрявах	одобрява	одобрява	одобрявахме	одобрявахте	одобряваха	одобрявах	одобряваше	одобряваше	одобрявахме	одобрявахте	одобряваха	одобрявай	одобрявайте	одобрявайки	одобрявал	одобрявала	одобрявало	одобрявали	одобрявал	одобрявала	одобрявало	одобрявали	одобряващ	одобряваща	одобряващо	одобряващи	одобряван	одобрявана	одобрявано	одобрявани	одобряване	одобрявания-нета
одолея	одолея	одолееш	одолее	одолеем	одолеете	одолеят	одолях	одоля	одоля	одоляхме	одоляхте	одоляха	одолеех	одолееше	одолееше	одолеехме	одолеехте	одолееха	одолеи	одолеите	-	одолял	одоляла	одоляло	одолели	одолеел	одолеела	одолеело	одолеели	-	-	-	-	одолян	одоляна	одоляно	одолени	-	-
оженвам	-	-	-	-	-	-	оженвах	оженва	оженва	оженвахме	оженвахте	оженваха	оженвах	оженваше	оженваше	оженвахме	оженвахте	оженваха	оженваи	оженваите	оженваики	оженвал	оженвала	оженвало	оженвали	оженвал	оженвала	оженвало	оженвали	оженващ	оженваща	оженващо	оженващи	оженван	оженвана	оженвано	оженвани	оженване	оженванета
оженя	оженя	ожениш	ожени	оженим	ожените	оженят	ожених	ожени	ожени	оженихме	оженихте	ожениха	оженех	оженеше	оженеше	оженехме	оженехте	оженеха	ожени	оженете	-	оженил	оженила	оженило	оженили	оженел	оженела	оженело	оженели	-	-	-	-	оженен	оженена	оженено	оженени	-	-
оживотворя	оживотворя	оживотвориш	оживотвори	оживотворим	оживотворите	оживотворят	оживотворих	оживотвори	оживотвори	оживотворихме	оживотворихте	оживотвориха	оживотворях	оживотвореше	оживотвореше	оживотворяхме	оживотворяхте	оживотворяха	оживотвори	оживотворете	-	оживотворил	оживотворила	оживотворило	оживотворили	оживотворял	оживотворяла	оживотворяло	оживотворели	-	-	-	-	оживотворен	оживотворена	оживотворено	оживотворени	-	-
ожъна	ожъна	ожънеш	ожъне	ожънем	ожънете	ожънат	ожънах	ожъна	ожъна	ожънахме	ожънахте	ожънаха	ожънех	ожънеше	ожънеше	ожънехме	ожънехте	ожънеха	ожъни	ожънете	-	ожънал	ожънала	ожънало	ожънали	ожънел	ожънела	ожънело	ожънели	-	-	-	-	ожънат	ожъната	ожънато	ожънати	-	-
озаглавя	озаглавя	озаглавиш	озаглави	озаглавим	озаглавите	озаглавят	озаглавих	озаглави	озаглави	озаглавихме	озаглавихте	озаглавиха	озаглавях	озаглавеше	озаглавеше	озаглавяхме	озаглавяхте	озаглавяха	озаглави	озаглавете	-	озаглавил	озаглавила	озаглавило	озаглавили	озаглавял	озаглавяла	озаглавяло	озаглавели	-	-	-	-	озаглавен	озаглавена	озаглавено	озаглавени	-	-
озаглавявам	-	-	-	-	-	-	озаглавявах	озаглавява	озаглавява	озаглавявахме	озаглавявахте	озаглавяваха	озаглавявах	озаглавяваше	озаглавяваше	озаглавявахме	озаглавявахте	озаглавяваха	озаглавявай	озаглавявайте	озаглавявайки	озаглавявал	озаглавявала	озаглавявало	озаглавявали	озаглавявал	озаглавявала	озаглавявало	озаглавявали	озаглавяващ	озаглавяваща	озаглавяващо	озаглавяващи	озаглавяван	озаглавявана	озаглавявано	озаглавявани	озаглавяване	озаглавявания-нета
озадача	озадача	озадачиш	озадачи	озадачим	озадачите	озадачат	озадачих	озадачи	озадачи	озадачихме	озадачихте	озадачиха	озадачах	озадачеше	озадачеше	озадачахме	озадачахте	озадачаха	озадачи	озадачете	-	озадачил	озадачила	озадачило	озадачили	озадачал	озадачала	озадачало	озадачели	-	-	-	-	озадачен	озадачена	озадачено	озадачени	-	-
озадачавам	-	-	-	-	-	-	озадачавах	озадачава	озадачава	озадачавахме	озадачавахте	озадачаваха	озадачавах	озадачаваше	озадачаваше	озадачавахме	озадачавахте	озадачаваха	озадачавай	озадачавайте	озадачавайки	озадачавал	озадачавала	озадачавало	озадачавали	озадачавал	озадачавала	озадачавало	озадачавали	озадачаващ	озадачаваща	озадачаващо	озадачаващи	озадачаван	озадачавана	озадачавано	озадачавани	озадачаване	озадачавания-нета
озаря	озаря	озариш	озари	озарим	озарите	озарят	озарих	озари	озари	озарихме	озарихте	озариха	озарях	озареше	озареше	озаряхме	озаряхте	озаряха	озари	озарете	-	озарил	озарила	озарило	озарили	озарял	озаряла	озаряло	озарели	-	-	-	-	озарен	озарена	озарено	озарени	-	-
означа	означа	означиш	означи	означим	означите	означат	означих	означи	означи	означихме	означихте	означиха	означах	означеше	означеше	означахме	означахте	означаха	означи	означете	-	означил	означила	означило	означили	означал	означала	означало	означали	-	-	-	-	означен	означена	означено	означени	-	-
означавам	-	-	-	-	-	-	означавах	означава	означава	означавахме	означавахте	означаваха	означавах	означаваше	означаваше	означавахме	означавахте	означаваха	означаваи	означаваите	означаваики	означавал	означавала	означавало	означавали	означавал	означавала	означавало	означавали	означаващ	означаваща	означаващо	означаващи	означаван	означавана	означавано	означавани	означаване	означаванета
окажа	окажа	окажеш	окаже	окажем	окажете	окажат	оказах	оказа	оказа	оказахме	оказахте	оказаха	окажех	окажеше	окажеше	окажехме	окажехте	окажеха	окажи	окажете	-	оказал	оказала	оказало	оказали	окажел	окажела	окажело	окажели	-	-	-	-	оказан	оказана	оказано	оказани	-	-
оказвам	-	-	-	-	-	-	оказвах	оказва	оказва	оказвахме	оказвахте	оказваха	оказвах	оказваше	оказваше	оказвахме	оказвахте	оказваха	оказваи	оказваите	оказваики	оказвал	оказвала	оказвало	оказвали	оказвал	оказвала	оказвало	оказвали	оказващ	оказваща	оказващо	оказващи	оказван	оказвана	оказвано	оказвани	оказване	оказванета
окам	-	-	-	-	-	-	оках	ока	ока	окахме	окахте	окаха	оках	окаше	окаше	окахме	окахте	окаха	окаи	окаите	окаики	окал	окала	окало	окали	окал	окала	окало	окали	окащ	окаща	окащо	окащи	-	-	-	-	окане	оканета
окрада	окрада	окрадеш	окраде	окрадем	окрадете	окрадат	окрадох	окраде	окраде	окрадохме	окрадохте	окрадоха	окрадях	окрадеше	окрадеше	окрадяхме	окрадяхте	окрадяха	окради	окрадете	-	окрал	окрала	окрало	окрали	окрадял	окрадяла	окрадяло	окрадели	-	-	-	-	окраден	окрадена	окрадено	окрадени	-	-
окрадвам	-	-	-	-	-	-	окрадвах	окрадва	окрадва	окрадвахме	окрадвахте	окрадваха	окрадвах	окрадваше	окрадваше	окрадвахме	окрадвахте	окрадваха	окрадвай	окрадвайте	окрадвайки	окрадвал	окрадвала	окрадвало	окрадвали	окрадвал	окрадвала	окрадвало	окрадвали	окрадващ	окрадваща	окрадващо	окрадващи	окрадван	окрадвана	окрадвано	окрадвани	окрадване	окрадвания-нета
окриля	окриля	окрилиш	окрили	окрилим	окрилите	окрилят	окрилих	окрили	окрили	окрилихме	окрилихте	окрилиха	окрилях	окрилеше	окрилеше	окриляхме	окриляхте	окриляха	окрили	окрилете	-	окрилил	окрилила	окрилило	окрилили	окрилял	окриляла	окриляло	окрилели	-	-	-	-	окрилен	окрилена	окрилено	окрилени	-	-
олисея	олисея	олисееш	олисее	олисеем	олисеете	олисеят	олисях	олися	олися	олисяхме	олисяхте	олисяха	олисеех	олисееше	олисееше	олисеехме	олисеехте	олисееха	олисеи	олисеите	-	олисял	олисяла	олисяло	олисели	олисеел	олисеела	олисеело	олисеели	-	-	-	-	-	-	-	-	-	-
омагьосам	-	-	-	-	-	-	омагьосах	омагьоса	омагьоса	омагьосахме	омагьосахте	омагьосаха	омагьосах	омагьосаше	омагьосаше	омагьосахме	омагьосахте	омагьосаха	омагьосаи	омагьосаите	-	омагьосал	омагьосала	омагьосало	омагьосали	омагьосал	омагьосала	омагьосало	омагьосали	-	-	-	-	омагьосан	омагьосана	омагьосано	омагьосани	-	-
омажа	омажа	омажеш	омаже	омажем	омажете	омажат	омазах	омаза	омаза	омазахме	омазахте	омазаха	омажех	омажеше	омажеше	омажехме	омажехте	омажеха	омажи	омажете	-	омазал	омазала	омазало	омазали	омажел	омажела	омажело	омажели	-	-	-	-	омазан	омазана	омазано	омазани	-	-
омазвам	-	-	-	-	-	-	омазвах	омазва	омазва	омазвахме	омазвахте	омазваха	омазвах	омазваше	омазваше	омазвахме	омазвахте	омазваха	омазваи	омазваите	омазваики	омазвал	омазвала	омазвало	омазвали	омазвал	омазвала	омазвало	омазвали	омазващ	омазваща	омазващо	омазващи	омазван	омазвана	омазвано	омазвани	омазване	омазванета
омета	омета	ометеш	омете	ометем	ометете	ометат	ометох	омете	омете	ометохме	ометохте	ометоха	ометях	ометеше	ометеше	ометяхме	ометяхте	ометяха	омети	ометете	-	омел	омела	омело	омели	ометял	ометяла	ометяло	ометели	-	-	-	-	ометен	ометена	ометено	ометени	-	-
омитам	-	-	-	-	-	-	омитах	омита	омита	омитахме	омитахте	омитаха	омитах	омиташе	омиташе	омитахме	омитахте	омитаха	омитай	омитайте	омитайки	омитал	омитала	омитало	омитали	омитал	омитала	омитало	омитали	омитащ	омитаща	омитащо	омитащи	омитан	омитана	омитано	омитани	омитане	омитания-нета
онодя	онодя	онодиш	оноди	онодим	онодите	онодят	онодих	оноди	оноди	онодихме	онодихте	онодиха	онодех	онодеше	онодеше	онодехме	онодехте	онодеха	оноди	онодете	-	онодил	онодила	онодило	онодили	онодел	онодела	онодело	онодели	-	-	-	-	оноден	онодена	онодено	онодени	-	-
опадам	-	-	-	-	-	-	опадах	опада	опада	опадахме	опадахте	опадаха	опадах	опадаше	опадаше	опадахме	опадахте	опадаха	опадаи	опадаите	опадаики	опадал	опадала	опадало	опадали	опадал	опадала	опадало	опадали	опадащ	опадаща	опадащо	опадащи	-	-	-	-	опадане	опаданета
опаля	опаля	опалиш	опали	опалим	опалите	опалят	опалих	опали	опали	опалихме	опалихте	опалиха	опалех	опалеше	опалеше	опалехме	опалехте	опалеха	опали	опалете	-	опалил	опалила	опалило	опалили	опалел	опалела	опалело	опалели	-	-	-	-	опален	опалена	опалено	опалени	-	-
опаря	опаря	опариш	опари	опарим	опарите	опарят	опарих	опари	опари	опарихме	опарихте	опариха	опарех	опареше	опареше	опарехме	опарехте	опареха	опари	опарете	-	опарил	опарила	опарило	опарили	опарел	опарела	опарело	опарели	-	-	-	-	опарен	опарена	опарено	опарени	-	-
опаса	опаса	опасеш	опасе	опасем	опасете	опасат	опасох	опасе	опасе	опасохме	опасохте	опасоха	опасях	опасеше	опасеше	опасяхме	опасяхте	опасяха	опаси	опасете	-	опасъл	опасла	опасло	опасли	опасял	опасяла	опасяло	опасели	-	-	-	-	опасен	опасена	опасено	опасени	-	-
опасвам	-	-	-	-	-	-	опасвах	опасва	опасва	опасвахме	опасвахте	опасваха	опасвах	опасваше	опасваше	опасвахме	опасвахте	опасваха	опасвай	опасвайте	опасвайки	опасвал	опасвала	опасвало	опасвали	опасвал	опасвала	опасвало	опасвали	опасващ	опасваща	опасващо	опасващи	опасван	опасвана	опасвано	опасвани	опасване	опасвания-нета
опека	опека	опечеш	опече	опечем	опечете	опекат	опекох	опече	опече	опекохме	опекохте	опекоха	опечах	опечеше	опечеше	опечахме	опечахте	опечаха	опечи	опечете	-	опекъл	опекла	опекло	опекли	опечал	опечала	опечало	опечели	-	-	-	-	опечен	опечена	опечено	опечени	-	-
опирам	-	-	-	-	-	-	опирах	опира	опира	опирахме	опирахте	опираха	опирах	опираше	опираше	опирахме	опирахте	опираха	опирай	опирайте	опирайки	опирал	опирала	опирало	опирали	опирал	опирала	опирало	опирали	опиращ	опираща	опиращо	опиращи	опиран	опирана	опирано	опирани	опиране	опирания-нета
описвам	-	-	-	-	-	-	описвах	описва	описва	описвахме	описвахте	описваха	описвах	описваше	описваше	описвахме	описвахте	описваха	описваи	описваите	описваики	описвал	описвала	описвало	описвали	описвал	описвала	описвало	описвали	описващ	описваща	описващо	описващи	описван	описвана	описвано	описвани	описване	описванета
опитам	-	-	-	-	-	-	опитах	опита	опита	опитахме	опитахте	опитаха	опитах	опиташе	опиташе	опитахме	опитахте	опитаха	опитаи	опитаите	-	опитал	опитала	опитало	опитали	опитал	опитала	опитало	опитали	-	-	-	-	опитан	опитана	опитано	опитани	-	-
опитвам	-	-	-	-	-	-	опитвах	опитва	опитва	опитвахме	опитвахте	опитваха	опитвах	опитваше	опитваше	опитвахме	опитвахте	опитваха	опитваи	опитваите	опитваики	опитвал	опитвала	опитвало	опитвали	опитвал	опитвала	опитвало	опитвали	опитващ	опитваща	опитващо	опитващи	опитван	опитвана	опитвано	опитвани	опитване	опитванета
опичам	-	-	-	-	-	-	опичах	опича	опича	опичахме	опичахте	опичаха	опичах	опичаше	опичаше	опичахме	опичахте	опичаха	опичай	опичайте	опичайки	опичал	опичала	опичало	опичали	опичал	опичала	опичало	опичали	опичащ	опичаща	опичащо	опичащи	опичан	опичана	опичано	опичани	опичане	опичания-нета
опиша	опиша	опишеш	опише	опишем	опишете	опишат	описах	описа	описа	описахме	описахте	описаха	опишех	опишеше	опишеше	опишехме	опишехте	опишеха	опиши	опишете	-	описал	описала	описало	описали	опишел	опишела	опишело	опишели	-	-	-	-	описан	описана	описано	описани	-	-
опра	опра	опреш	опре	опрем	опрете	опрат	опрях	опря	опря	опряхме	опряхте	опряха	опрях	опреше	опреше	опряхме	опряхте	опряха	опри	опрете	-	опрял	опряла	опряло	опрели	опрял	опряла	опряло	опрели	-	-	-	-	опрян	опряна	опряно	опрени	-	-
оправдавам	-	-	-	-	-	-	оправдавах	оправдава	оправдава	оправдавахме	оправдавахте	оправдаваха	оправдавах	оправдаваше	оправдаваше	оправдавахме	оправдавахте	оправдаваха	оправдаваи	оправдаваите	оправдаваики	оправдавал	оправдавала	оправдавало	оправдавали	оправдавал	оправдавала	оправдавало	оправдавали	оправдаващ	оправдаваща	оправдаващо	оправдаващи	оправдаван	оправдавана	оправдавано	оправдавани	оправдаване	оправдаванета
оправя	оправя	оправиш	оправи	оправим	оправите	оправят	оправих	оправи	оправи	оправихме	оправихте	оправиха	оправех	оправеше	оправеше	оправехме	оправехте	оправеха	оправи	оправете	-	оправил	оправила	оправило	оправили	оправел	оправела	оправело	оправели	-	-	-	-	оправен	оправена	оправено	оправени	-	-
оправям	-	-	-	-	-	-	оправях	оправя	оправя	оправяхме	оправяхте	оправяха	оправях	оправяше	оправяше	оправяхме	оправяхте	оправяха	оправяи	оправяите	оправяики	оправял	оправяла	оправяло	оправяли	оправял	оправяла	оправяло	оправяли	оправящ	оправяща	оправящо	оправящи	оправян	оправяна	оправяно	оправяни	оправяне	оправянета
опреда	опреда	опредеш	опреде	опредем	опредете	опредат	опредох	опреде	опреде	опредохме	опредохте	опредоха	опредях	опредеше	опредеше	опредяхме	опредяхте	опредяха	опреди	опредете	-	опрел	опрела	опрело	опрели	опредял	опредяла	опредяло	определи	-	-	-	-	опреден	опредена	опредено	опредени	-	-
опредметя	опредметя	опредметиш	опредмети	опредметим	опредметите	опредметят	опредметих	опредмети	опредмети	опредметихме	опредметихте	опредметиха	опредметях	опредметеше	опредметеше	опредметяхме	опредметяхте	опредметяха	опредмети	опредметете	-	опредметил	опредметила	опредметило	опредметили	опредметял	опредметяла	опредметяло	опредметели	-	-	-	-	опредметен	опредметена	опредметено	опредметени	-	-
опридам	-	-	-	-	-	-	опридах	оприда	оприда	опридахме	опридахте	опридаха	опридах	опридаше	опридаше	опридахме	опридахте	опридаха	опридай	опридайте	опридайки	опридал	опридала	опридало	опридали	опридал	опридала	опридало	опридали	опридащ	опридаща	опридащо	опридащи	опридан	опридана	опридано	опридани	опридане	опридания-нета
опустошавам	-	-	-	-	-	-	опустошавах	опустошава	опустошава	опустошавахме	опустошавахте	опустошаваха	опустошавах	опустошаваше	опустошаваше	опустошавахме	опустошавахте	опустошаваха	опустошаваи	опустошаваите	опустошаваики	опустошавал	опустошавала	опустошавало	опустошавали	опустошавал	опустошавала	опустошавало	опустошавали	опустошаващ	опустошаваща	опустошаващо	опустошаващи	опустошаван	опустошавана	опустошавано	опустошавани	опустошаване	опустошаванета
ора	ора	ореш	оре	орем	орете	орат	орах	ора	ора	орахме	орахте	ораха	орях	ореше	ореше	оряхме	оряхте	оряха	ори	орете	ореики	орал	орала	орало	орали	орял	оряла	оряло	орели	орящ	оряща	орящо	орящи	оран	орана	орано	орани	оране	оранета
оря	оря	ориш	ори	орим	орите	орят	орих	ори	ори	орихме	орихте	ориха	орех	ореше	ореше	орехме	орехте	ореха	ори	орете	ореики	орил	орила	орило	орили	орел	орела	орело	орели	орещ	ореща	орещо	орещи	орен	орена	орено	орени	орене	оренета
осведомя	осведомя	осведомиш	осведоми	осведомим	осведомите	осведомят	осведомих	осведоми	осведоми	осведомихме	осведомихте	осведомиха	осведомях	осведомеше	осведомеше	осведомяхме	осведомяхте	осведомяха	осведоми	осведомете	-	осведомил	осведомила	осведомило	осведомили	осведомял	осведомяла	осведомяло	осведомели	-	-	-	-	осведомен	осведомена	осведомено	осведомени	-	-
осведомявам	-	-	-	-	-	-	осведомявах	осведомява	осведомява	осведомявахме	осведомявахте	осведомяваха	осведомявах	осведомяваше	осведомяваше	осведомявахме	осведомявахте	осведомяваха	осведомяваи	осведомяваите	осведомяваики	осведомявал	осведомявала	осведомявало	осведомявали	осведомявал	осведомявала	осведомявало	осведомявали	осведомяващ	осведомяваща	осведомяващо	осведомяващи	осведомяван	осведомявана	осведомявано	осведомявани	осведомяване	осведомяванета
освободя	освободя	освободиш	освободи	освободим	освободите	освободят	освободих	освободи	освободи	освободихме	освободихте	освободиха	освободях	освободеше	освободеше	освободяхме	освободяхте	освободяха	освободи	освободете	-	освободил	освободила	освободило	освободили	освободял	освободяла	освободяло	освободели	-	-	-	-	освободен	освободена	освободено	освободени	-	-
освобождавам	-	-	-	-	-	-	освобождавах	освобождава	освобождава	освобождавахме	освобождавахте	освобождаваха	освобождавах	освобождаваше	освобождаваше	освобождавахме	освобождавахте	освобождаваха	освобождаваи	освобождаваите	-	освобождавал	освобождавала	освобождавало	освобождавали	освобождавал	освобождавала	освобождавало	освобождавали	-	-	-	-	освобождаван	освобождавана	освобождавано	освобождавани	-	-
осеня	осеня	осениш	осени	осеним	осените	осенят	осених	осени	осени	осенихме	осенихте	осениха	осенях	осенеше	осенеше	осеняхме	осеняхте	осеняха	осени	осенете	-	осенил	осенила	осенило	осенили	осенял	осеняла	осеняло	осенели	-	-	-	-	осенен	осенена	осенено	осенени	-	-
осиновя	осиновя	осиновиш	осинови	осиновим	осиновите	осиновят	осинових	осинови	осинови	осиновихме	осиновихте	осиновиха	осиновях	осиновеше	осиновеше	осиновяхме	осиновяхте	осиновяха	осинови	осиновете	-	осиновил	осиновила	осиновило	осиновили	осиновял	осиновяла	осиновяло	осиновели	-	-	-	-	осиновен	осиновена	осиновено	осиновени	-	-
осиновявам	-	-	-	-	-	-	осиновявах	осиновява	осиновява	осиновявахме	осиновявахте	осиновяваха	осиновявах	осиновяваше	осиновяваше	осиновявахме	осиновявахте	осиновяваха	осиновявай	осиновявайте	осиновявайки	осиновявал	осиновявала	осиновявало	осиновявали	осиновявал	осиновявала	осиновявало	осиновявали	осиновяващ	осиновяваща	осиновяващо	осиновяващи	осиновяван	осиновявана	осиновявано	осиновявани	осиновяване	осиновявания-нета
оскърбя	оскърбя	оскърбиш	оскърби	оскърбим	оскърбите	оскърбят	оскърбих	оскърби	оскърби	оскърбихме	оскърбихте	оскърбиха	оскърбях	оскърбеше	оскърбеше	оскърбяхме	оскърбяхте	оскърбяха	оскърби	оскърбете	-	оскърбил	оскърбила	оскърбило	оскърбили	оскърбял	оскърбяла	оскърбяло	оскърбели	-	-	-	-	оскърбен	оскърбена	оскърбено	оскърбени	-	-
осмивам	-	-	-	-	-	-	осмивах	осмива	осмива	осмивахме	осмивахте	осмиваха	осмивах	осмиваше	осмиваше	осмивахме	осмивахте	осмиваха	осмиваи	осмиваите	осмиваики	осмивал	осмивала	осмивало	осмивали	осмивал	осмивала	осмивало	осмивали	осмиващ	осмиваща	осмиващо	осмиващи	осмиван	осмивана	осмивано	осмивани	осмиване	осмиванета
основа	основа	основеш	основе	основем	основете	основат	основах	основа	основа	основахме	основахте	основаха	основях	основеше	основеше	основяхме	основяхте	основяха	основи	основете	-	основал	основала	основало	основали	основял	основяла	основяло	основели	-	-	-	-	основан	основана	основано	основани	-	-
основавам	-	-	-	-	-	-	основавах	основава	основава	основавахме	основавахте	основаваха	основавах	основаваше	основаваше	основавахме	основавахте	основаваха	основаваи	основаваите	основаваики	основавал	основавала	основавало	основавали	основавал	основавала	основавало	основавали	основаващ	основаваща	основаващо	основаващи	основаван	основавана	основавано	основавани	основаване	основаванета
оставам	-	-	-	-	-	-	оставах	остава	остава	оставахме	оставахте	оставаха	оставах	оставаше	оставаше	оставахме	оставахте	оставаха	оставаи	оставаите	оставаики	оставал	оставала	оставало	оставали	оставал	оставала	оставало	оставали	оставащ	оставаща	оставащо	оставащи	-	-	-	-	оставане	оставанета
оставя	оставя	оставиш	остави	оставим	оставите	оставят	оставих	остави	остави	оставихме	оставихте	оставиха	оставех	оставеше	оставеше	оставехме	оставехте	оставеха	остави	оставете	-	оставил	оставила	оставило	оставили	оставел	оставела	оставело	оставели	-	-	-	-	оставен	оставена	оставено	оставени	-	-
оставям	-	-	-	-	-	-	оставях	оставя	оставя	оставяхме	оставяхте	оставяха	оставях	оставяше	оставяше	оставяхме	оставяхте	оставяха	оставяи	оставяите	оставяики	оставял	оставяла	оставяло	оставяли	оставял	оставяла	оставяло	оставяли	оставящ	оставяща	оставящо	оставящи	оставян	оставяна	оставяно	оставяни	оставяне	оставянета
остана	остана	останеш	остане	останем	останете	останат	останах	остана	остана	останахме	останахте	останаха	останех	останеше	останеше	останехме	останехте	останеха	остани	останете	-	останал	останала	останало	останали	останел	останела	останело	останели	-	-	-	-	-	-	-	-	-	-
отбера	отбера	отбереш	отбере	отберем	отберете	отберат	отбрах	отбра	отбра	отбрахме	отбрахте	отбраха	отберях	отбереше	отбереше	отберяхме	отберяхте	отберяха	отбери	отберете	-	отбрал	отбрала	отбрало	отбрали	отберял	отберяла	отберяло	отберели	-	-	-	-	отбран	отбрана	отбрано	отбрани	-	-
отбия	отбия	отбиеш	отбие	отбием	отбиете	отбият	отбих	отби	отби	отбихме	отбихте	отбиха	отбиех	отбиеше	отбиеше	отбиехме	отбиехте	отбиеха	отбии	отбиите	-	отбил	отбила	отбило	отбили	отбиел	отбиела	отбиело	отбиели	-	-	-	-	отбит	отбита	отбито	отбити	-	-
отбода	отбода	отбодеш	отбоде	отбодем	отбодете	отбодат	отбодох	отбоде	отбоде	отбодохме	отбодохте	отбодоха	отбодях	отбодеше	отбодеше	отбодяхме	отбодяхте	отбодяха	отбоди	отбодете	-	отбол	отбола	отболо	отболи	отбодял	отбодяла	отбодяло	отбодели	-	-	-	-	отбоден	отбодена	отбодено	отбодени	-	-
отбождам	-	-	-	-	-	-	отбождах	отбожда	отбожда	отбождахме	отбождахте	отбождаха	отбождах	отбождаше	отбождаше	отбождахме	отбождахте	отбождаха	отбождай	отбождайте	отбождайки	отбождал	отбождала	отбождало	отбождали	отбождал	отбождала	отбождало	отбождали	отбождащ	отбождаща	отбождащо	отбождащи	отбождан	отбождана	отбождано	отбождани	отбождане	отбождания-нета
отварям	-	-	-	-	-	-	отварях	отваря	отваря	отваряхме	отваряхте	отваряха	отварях	отваряше	отваряше	отваряхме	отваряхте	отваряха	отваряй	отваряйте	отваряйки	отварял	отваряла	отваряло	отваряли	отварял	отваряла	отваряло	отваряли	отварящ	отваряща	отварящо	отварящи	отварян	отваряна	отваряно	отваряни	отваряне	отваряния-нета
отведа	отведа	отведеш	отведе	отведем	отведете	отведат	отведох	отведе	отведе	отведохме	отведохте	отведоха	отведях	отведеше	отведеше	отведяхме	отведяхте	отведяха	отведи	отведете	-	отвел	отвела	отвело	отвели	отведял	отведяла	отведяло	отведели	-	-	-	-	отведен	отведена	отведено	отведени	-	-
отвеждам	-	-	-	-	-	-	отвеждах	отвежда	отвежда	отвеждахме	отвеждахте	отвеждаха	отвеждах	отвеждаше	отвеждаше	отвеждахме	отвеждахте	отвеждаха	отвеждай	отвеждайте	отвеждайки	отвеждал	отвеждала	отвеждало	отвеждали	отвеждал	отвеждала	отвеждало	отвеждали	отвеждащ	отвеждаща	отвеждащо	отвеждащи	отвеждан	отвеждана	отвеждано	отвеждани	отвеждане	отвеждания-нета
отвикна	отвикна	отвикнеш	отвикне	отвикнем	отвикнете	отвикнат	отвикнах	отвикна	отвикна	отвикнахме	отвикнахте	отвикнаха	отвикнех	отвикнеше	отвикнеше	отвикнехме	отвикнехте	отвикнеха	отвикни	отвикнете	-	отвикнал	отвикнала	отвикнало	отвикнали	отвикнел	отвикнела	отвикнело	отвикнели	-	-	-	-	-	-	-	-	-	-
отвлека	отвлека	отвлечеш	отвлече	отвлечем	отвлечете	отвлекат	отвлякох	отвлече	отвлече	отвлякохме	отвлякохте	отвлякоха	отвлечах	отвлечеше	отвлечеше	отвлечахме	отвлечахте	отвлечаха	отвлечи	отвлечете	-	отвлякъл	отвлякла	отвлякло	отвлекли	отвлечал	отвлечала	отвлечало	отвлечели	-	-	-	-	отвлечен	отвлечена	отвлечено	отвлечени	-	-
отвличам	-	-	-	-	-	-	отвличах	отвлича	отвлича	отвличахме	отвличахте	отвличаха	отвличах	отвличаше	отвличаше	отвличахме	отвличахте	отвличаха	отвличай	отвличайте	отвличайки	отвличал	отвличала	отвличало	отвличали	отвличал	отвличала	отвличало	отвличали	отвличащ	отвличаща	отвличащо	отвличащи	отвличан	отвличана	отвличано	отвличани	отвличане	отвличания-нета
отворя	отворя	отвориш	отвори	отворим	отворите	отворят	отворих	отвори	отвори	отворихме	отворихте	отвориха	отворех	отвореше	отвореше	отворехме	отворехте	отвореха	отвори	отворете	-	отворил	отворила	отворило	отворили	отворел	отворела	отворело	отворели	-	-	-	-	отворен	отворена	отворено	отворени	-	-
отвръщам	-	-	-	-	-	-	отвръщах	отвръща	отвръща	отвръщахме	отвръщахте	отвръщаха	отвръщах	отвръщаше	отвръщаше	отвръщахме	отвръщахте	отвръщаха	отвръщаи	отвръщаите	отвръщаики	отвръщал	отвръщала	отвръщало	отвръщали	отвръщал	отвръщала	отвръщало	отвръщали	отвръщащ	отвръщаща	отвръщащо	отвръщащи	отвръщан	отвръщана	отвръщано	отвръщани	отвръщане	отвръщанета
отвърна	отвърна	отвърнеш	отвърне	отвърнем	отвърнете	отвърнат	отвърнах	отвърна	отвърна	отвърнахме	отвърнахте	отвърнаха	отвърнех	отвърнеше	отвърнеше	отвърнехме	отвърнехте	отвърнеха	отвърни	отвърнете	-	отвърнал	отвърнала	отвърнало	отвърнали	отвърнел	отвърнела	отвърнело	отвърнели	-	-	-	-	отвърнат	отвърната	отвърнато	отвърнати	-	-
отглеждам	-	-	-	-	-	-	отглеждах	отглежда	отглежда	отглеждахме	отглеждахте	отглеждаха	отглеждах	отглеждаше	отглеждаше	отглеждахме	отглеждахте	отглеждаха	отглеждаи	отглеждаите	отглеждаики	отглеждал	отглеждала	отглеждало	отглеждали	отглеждал	отглеждала	отглеждало	отглеждали	отглеждащ	отглеждаща	отглеждащо	отглеждащи	отглеждан	отглеждана	отглеждано	отглеждани	отглеждане	отглежданета
отговарям	-	-	-	-	-	-	отговарях	отговаря	отговаря	отговаряхме	отговаряхте	отговаряха	отговарях	отговаряше	отговаряше	отговаряхме	отговаряхте	отговаряха	отговаряи	отговаряите	отговаряики	отговарял	отговаряла	отговаряло	отговаряли	отговарял	отговаряла	отговаряло	отговаряли	отговарящ	отговаряща	отговарящо	отговарящи	отговарян	отговаряна	отговаряно	отговаряни	отговаряне	отговарянета
отговоря	отговоря	отговориш	отговори	отговорим	отговорите	отговорят	отговорих	отговори	отговори	отговорихме	отговорихте	отговориха	отговорех	отговореше	отговореше	отговорехме	отговорехте	отговореха	отговори	отговорете	-	отговорил	отговорила	отговорило	отговорили	отговорел	отговорела	отговорело	отговорели	-	-	-	-	отговорен	отговорена	отговорено	отговорени	-	-
отегча	отегча	отегчиш	отегчи	отегчим	отегчите	отегчат	отегчих	отегчи	отегчи	отегчихме	отегчихте	отегчиха	отегчах	отегчеше	отегчеше	отегчахме	отегчахте	отегчаха	отегчи	отегчете	-	отегчил	отегчила	отегчило	отегчили	отегчал	отегчала	отегчало	отегчали	-	-	-	-	отегчен	отегчена	отегчено	отегчени	-	-
отегчавам	-	-	-	-	-	-	отегчавах	отегчава	отегчава	отегчавахме	отегчавахте	отегчаваха	отегчавах	отегчаваше	отегчаваше	отегчавахме	отегчавахте	отегчаваха	отегчаваи	отегчаваите	отегчаваики	отегчавал	отегчавала	отегчавало	отегчавали	отегчавал	отегчавала	отегчавало	отегчавали	отегчаващ	отегчаваща	отегчаващо	отегчаващи	отегчаван	отегчавана	отегчавано	отегчавани	отегчаване	отегчаванета
отека	отека	отечеш	отече	отечем	отечете	отекат	отекох	отече	отече	отекохме	отекохте	отекоха	отечах	отечеше	отечеше	отечахме	отечахте	отечаха	отечи	отечете	-	отекъл	отекла	отекло	отекли	отечал	отечала	отечало	отечели	-	-	-	-	-	-	-	-	-	-
отивам	-	-	-	-	-	-	отивах	отива	отива	отивахме	отивахте	отиваха	отивах	отиваше	отиваше	отивахме	отивахте	отиваха	отиваи	отиваите	отиваики	отивал	отивала	отивало	отивали	отивал	отивала	отивало	отивали	отиващ	отиваща	отиващо	отиващи	-	-	-	-	отиване	отиванета
отида	отида	отидеш	отиде	отидем	отидете	отидат	отидох	отиде	отиде	отидохме	отидохте	отидоха	отидех	отидеше	отидеше	отидехме	отидехте	отидеха	отиди	отидете	-	отишел	отишла	отишло	отишли	отидел	отидела	отидело	отидели	-	-	-	-	-	-	-	-	-	-
отичам	-	-	-	-	-	-	отичах	отича	отича	отичахме	отичахте	отичаха	отичах	отичаше	отичаше	отичахме	отичахте	отичаха	отичай	отичайте	отичайки	отичал	отичала	отичало	отичали	отичал	отичала	отичало	отичали	отичащ	отичаща	отичащо	отичащи	-	-	-	-	отичане	отичания-нета
откажа	откажа	откажеш	откаже	откажем	откажете	откажат	отказах	отказа	отказа	отказахме	отказахте	отказаха	откажех	откажеше	откажеше	откажехме	откажехте	откажеха	откажи	откажете	-	отказал	отказала	отказало	отказали	откажел	откажела	откажело	откажели	-	-	-	-	отказан	отказана	отказано	отказани	-	-
отказвам	-	-	-	-	-	-	отказвах	отказва	отказва	отказвахме	отказвахте	отказваха	отказвах	отказваше	отказваше	отказвахме	отказвахте	отказваха	отказваи	отказваите	отказваики	отказвал	отказвала	отказвало	отказвали	отказвал	отказвала	отказвало	отказвали	отказващ	отказваща	отказващо	отказващи	отказван	отказвана	отказвано	отказвани	отказване	отказванета
отклоня	отклоня	отклониш	отклони	отклоним	отклоните	отклонят	отклоних	отклони	отклони	отклонихме	отклонихте	отклониха	отклонях	отклонеше	отклонеше	отклоняхме	отклоняхте	отклоняха	отклони	отклонете	-	отклонил	отклонила	отклонило	отклонили	отклонял	отклоняла	отклоняло	отклонели	-	-	-	-	отклонен	отклонена	отклонено	отклонени	-	-
отключа	отключа	отключиш	отключи	отключим	отключите	отключат	отключих	отключи	отключи	отключихме	отключихте	отключиха	отключех	отключеше	отключеше	отключехме	отключехте	отключеха	отключи	отключете	-	отключил	отключила	отключило	отключили	отключел	отключела	отключело	отключели	-	-	-	-	отключен	отключена	отключено	отключени	-	-
отключвам	-	-	-	-	-	-	отключвах	отключва	отключва	отключвахме	отключвахте	отключваха	отключвах	отключваше	отключваше	отключвахме	отключвахте	отключваха	отключвай	отключвайте	отключвайки	отключвал	отключвала	отключвало	отключвали	отключвал	отключвала	отключвало	отключвали	отключващ	отключваща	отключващо	отключващи	отключван	отключвана	отключвано	отключвани	отключване	отключвания-нета
откривам	-	-	-	-	-	-	откривах	открива	открива	откривахме	откривахте	откриваха	откривах	откриваше	откриваше	откривахме	откривахте	откриваха	откриваи	откриваите	откриваики	откривал	откривала	откривало	откривали	откривал	откривала	откривало	откривали	откриващ	откриваща	откриващо	откриващи	откриван	откривана	откривано	откривани	откриване	откриванета
открия	открия	откриеш	открие	открием	откриете	открият	открих	откри	откри	открихме	открихте	откриха	откриех	откриеше	откриеше	откриехме	откриехте	откриеха	открии	откриите	-	открил	открила	открило	открили	откриел	откриела	откриело	откриели	-	-	-	-	открит	открита	открито	открити	-	-
отлетя	отлетя	отлетиш	отлети	отлетим	отлетите	отлетят	отлетях	отлетя	отлетя	отлетяхме	отлетяхте	отлетяха	отлетях	отлетеше	отлетеше	отлетяхме	отлетяхте	отлетяха	отлети	отлетете	-	отлетял	отлетяла	отлетяло	отлетели	отлетял	отлетяла	отлетяло	отлетели	-	-	-	-	-	-	-	-	-	-
отложа	отложа	отложиш	отложи	отложим	отложите	отложат	отложих	отложи	отложи	отложихме	отложихте	отложиха	отложех	отложеше	отложеше	отложехме	отложехте	отложеха	отложи	отложете	-	отложил	отложила	отложило	отложили	отложел	отложела	отложело	отложели	-	-	-	-	отложен	отложена	отложено	отложени	-	-
отломя	отломя	отломиш	отломи	отломим	отломите	отломят	отломих	отломи	отломи	отломихме	отломихте	отломиха	отломях	отломеше	отломеше	отломяхме	отломяхте	отломяха	отломи	отломете	-	отломил	отломила	отломило	отломили	отломял	отломяла	отломяло	отломели	-	-	-	-	отломен	отломена	отломено	отломени	-	-
отмирам	-	-	-	-	-	-	отмирах	отмира	отмира	отмирахме	отмирахте	отмираха	отмирах	отмираше	отмираше	отмирахме	отмирахте	отмираха	отмирай	отмирайте	отмирайки	отмирал	отмирала	отмирало	отмирали	отмирал	отмирала	отмирало	отмирали	отмиращ	отмираща	отмиращо	отмиращи	-	-	-	-	отмиране	отмирания-нета
отмия	отмия	отмиеш	отмие	отмием	отмиете	отмият	отмих	отми	отми	отмихме	отмихте	отмиха	отмиех	отмиеше	отмиеше	отмиехме	отмиехте	отмиеха	отмии	отмиите	-	отмил	отмила	отмило	отмили	отмиел	отмиела	отмиело	отмиели	-	-	-	-	отмит	отмита	отмито	отмити	-	-
отморя	отморя	отмориш	отмори	отморим	отморите	отморят	отморих	отмори	отмори	отморихме	отморихте	отмориха	отморях	отмореше	отмореше	отморяхме	отморяхте	отморяха	отмори	отморете	-	отморил	отморила	отморило	отморили	отморял	отморяла	отморяло	отморели	-	-	-	-	отморен	отморена	отморено	отморени	-	-
отмра	отмра	отмреш	отмре	отмрем	отмрете	отмрат	отмрях	отмря	отмря	отмряхме	отмряхте	отмряха	отмрях	отмреше	отмреше	отмряхме	отмряхте	отмряха	отмри	отмрете	-	отмрял	отмряла	отмряло	отмрели	отмрял	отмряла	отмряло	отмрели	-	-	-	-	-	-	-	-	-	-
отнасям	-	-	-	-	-	-	отнасях	отнася	отнася	отнасяхме	отнасяхте	отнасяха	отнасях	отнасяше	отнасяше	отнасяхме	отнасяхте	отнасяха	отнасяй	отнасяйте	отнасяйки	отнасял	отнасяла	отнасяло	отнасяли	отнасял	отнасяла	отнасяло	отнасяли	отнасящ	отнасяща	отнасящо	отнасящи	отнасян	отнасяна	отнасяно	отнасяни	отнасяне	отнасяния-нета
отнеса	отнеса	отнесеш	отнесе	отнесем	отнесете	отнесат	отнесох	отнесе	отнесе	отнесохме	отнесохте	отнесоха	отнесях	отнесеше	отнесеше	отнесяхме	отнесяхте	отнесяха	отнеси	отнесете	-	отнесъл	отнесла	отнесло	отнесли	отнесял	отнесяла	отнесяло	отнесели	-	-	-	-	отнесен	отнесена	отнесено	отнесени	-	-
отпадам	-	-	-	-	-	-	отпадах	отпада	отпада	отпадахме	отпадахте	отпадаха	отпадах	отпадаше	отпадаше	отпадахме	отпадахте	отпадаха	отпадаи	отпадаите	отпадаики	отпадал	отпадала	отпадало	отпадали	отпадал	отпадала	отпадало	отпадали	отпадащ	отпадаща	отпадащо	отпадащи	-	-	-	-	отпадане	отпаданета
отпочивам	-	-	-	-	-	-	отпочивах	отпочива	отпочива	отпочивахме	отпочивахте	отпочиваха	отпочивах	отпочиваше	отпочиваше	отпочивахме	отпочивахте	отпочиваха	отпочиваи	отпочиваите	отпочиваики	отпочивал	отпочивала	отпочивало	отпочивали	отпочивал	отпочивала	отпочивало	отпочивали	отпочиващ	отпочиваща	отпочиващо	отпочиващи	-	-	-	-	отпочиване	отпочиванета
отпускам	-	-	-	-	-	-	отпусках	отпуска	отпуска	отпускахме	отпускахте	отпускаха	отпусках	отпускаше	отпускаше	отпускахме	отпускахте	отпускаха	отпускаи	отпускаите	отпускаики	отпускал	отпускала	отпускало	отпускали	отпускал	отпускала	отпускало	отпускали	отпускащ	отпускаща	отпускащо	отпускащи	отпускан	отпускана	отпускано	отпускани	отпускане	отпусканета
отпусна	отпусна	отпуснеш	отпусне	отпуснем	отпуснете	отпуснат	отпуснах	отпусна	отпусна	отпуснахме	отпуснахте	отпуснаха	отпуснех	отпуснеше	отпуснеше	отпуснехме	отпуснехте	отпуснеха	отпусни	отпуснете	-	отпуснал	отпуснала	отпуснало	отпуснали	отпуснел	отпуснела	отпуснело	отпуснели	-	-	-	-	отпуснат	отпусната	отпуснато	отпуснати	-	-
отпущам	-	-	-	-	-	-	отпущах	отпуща	отпуща	отпущахме	отпущахте	отпущаха	отпущах	отпущаше	отпущаше	отпущахме	отпущахте	отпущаха	отпущаи	отпущаите	отпущаики	отпущал	отпущала	отпущало	отпущали	отпущал	отпущала	отпущало	отпущали	отпущащ	отпущаща	отпущащо	отпущащи	отпущан	отпущана	отпущано	отпущани	отпущане	отпущанета
отравям	-	-	-	-	-	-	отравях	отравя	отравя	отравяхме	отравяхте	отравяха	отравях	отравяше	отравяше	отравяхме	отравяхте	отравяха	отравяи	отравяите	отравяики	отравял	отравяла	отравяло	отравяли	отравял	отравяла	отравяло	отравяли	отравящ	отравяща	отравящо	отравящи	отравян	отравяна	отравяно	отравяни	отравяне	отравянета
отразя	отразя	отразиш	отрази	отразим	отразите	отразят	отразих	отрази	отрази	отразихме	отразихте	отразиха	отразях	отразеше	отразеше	отразяхме	отразяхте	отразяха	отрази	отразете	-	отразил	отразила	отразило	отразили	отразял	отразяла	отразяло	отразели	-	-	-	-	отразен	отразена	отразено	отразени	-	-
отрежа	отрежа	отрежеш	отреже	отрежем	отрежете	отрежат	отрязах	отряза	отряза	отрязахме	отрязахте	отрязаха	отрежех	отрежеше	отрежеше	отрежехме	отрежехте	отрежеха	отрежи	отрежете	-	отрязал	отрязала	отрязало	отрязали	отрежел	отрежела	отрежело	отрежели	-	-	-	-	отрязан	отрязана	отрязано	отрязани	-	-
отрека	отрека	отречеш	отрече	отречем	отречете	отрекат	отрекох	отрече	отрече	отрекохме	отрекохте	отрекоха	отречах	отречеше	отречеше	отречахме	отречахте	отречаха	отречи	отречете	-	отрекъл	отрекла	отрекло	отрекли	отречал	отречала	отречало	отречели	-	-	-	-	отречен	отречена	отречено	отречени	-	-
отричам	-	-	-	-	-	-	отричах	отрича	отрича	отричахме	отричахте	отричаха	отричах	отричаше	отричаше	отричахме	отричахте	отричаха	отричай	отричайте	отричайки	отричал	отричала	отричало	отричали	отричал	отричала	отричало	отричали	отричащ	отричаща	отричащо	отричащи	отричан	отричана	отричано	отричани	отричане	отричания-нета
отровя	отровя	отровиш	отрови	отровим	отровите	отровят	отрових	отрови	отрови	отровихме	отровихте	отровиха	отровех	отровеше	отровеше	отровехме	отровехте	отровеха	отрови	отровете	-	отровил	отровила	отровило	отровили	отровел	отровела	отровело	отровели	-	-	-	-	отровен	отровена	отровено	отровени	-	-
отсека	отсека	отсечеш	отсече	отсечем	отсечете	отсекат	отсякох	отсече	отсече	отсякохме	отсякохте	отсякоха	отсечах	отсечеше	отсечеше	отсечахме	отсечахте	отсечаха	отсечи	отсечете	-	отсякъл	отсякла	отсякло	отсекли	отсечал	отсечала	отсечало	отсечели	-	-	-	-	отсечен	отсечена	отсечено	отсечени	-	-
отсичам	-	-	-	-	-	-	отсичах	отсича	отсича	отсичахме	отсичахте	отсичаха	отсичах	отсичаше	отсичаше	отсичахме	отсичахте	отсичаха	отсичай	отсичайте	отсичайки	отсичал	отсичала	отсичало	отсичали	отсичал	отсичала	отсичало	отсичали	отсичащ	отсичаща	отсичащо	отсичащи	отсичан	отсичана	отсичано	отсичани	отсичане	отсичания-нета
отскачам	-	-	-	-	-	-	отскачах	отскача	отскача	отскачахме	отскачахте	отскачаха	отскачах	отскачаше	отскачаше	отскачахме	отскачахте	отскачаха	отскачаи	отскачаите	отскачаики	отскачал	отскачала	отскачало	отскачали	отскачал	отскачала	отскачало	отскачали	отскачащ	отскачаща	отскачащо	отскачащи	-	-	-	-	отскачане	отскачанета
отспя	отспя	отспиш	отспи	отспим	отспите	отспят	отспах	отспа	отспа	отспахме	отспахте	отспаха	отспях	отспеше	отспеше	отспяхме	отспяхте	отспяха	отспи	отспете	-	отспал	отспала	отспало	отспали	отспял	отспяла	отспяло	отспели	-	-	-	-	-	-	-	-	-	-
отстина	отстина	отстинеш	отстине	отстинем	отстинете	отстинат	отстинах	отстина	отстина	отстинахме	отстинахте	отстинаха	отстинех	отстинеше	отстинеше	отстинехме	отстинехте	отстинеха	отстини	отстинете	-	отстинал	отстинала	отстинало	отстинали	отстинел	отстинела	отстинело	отстинели	-	-	-	-	-	-	-	-	-	-
отстоявам	-	-	-	-	-	-	отстоявах	отстоява	отстоява	отстоявахме	отстоявахте	отстояваха	отстоявах	отстояваше	отстояваше	отстоявахме	отстоявахте	отстояваха	отстояваи	отстояваите	отстояваики	отстоявал	отстоявала	отстоявало	отстоявали	отстоявал	отстоявала	отстоявало	отстоявали	отстояващ	отстояваща	отстояващо	отстояващи	отстояван	отстоявана	отстоявано	отстоявани	отстояване	отстояванета
отстъпя	отстъпя	отстъпиш	отстъпи	отстъпим	отстъпите	отстъпят	отстъпих	отстъпи	отстъпи	отстъпихме	отстъпихте	отстъпиха	отстъпех	отстъпеше	отстъпеше	отстъпехме	отстъпехте	отстъпеха	отстъпи	отстъпете	-	отстъпил	отстъпила	отстъпило	отстъпили	отстъпел	отстъпела	отстъпело	отстъпели	-	-	-	-	отстъпен	отстъпена	отстъпено	отстъпени	-	-
отсъствам	-	-	-	-	-	-	отсъствах	отсъства	отсъства	отсъствахме	отсъствахте	отсъстваха	отсъствах	отсъстваше	отсъстваше	отсъствахме	отсъствахте	отсъстваха	отсъствай	отсъствайте	отсъствайки	отсъствал	отсъствала	отсъствало	отсъствали	отсъствал	отсъствала	отсъствало	отсъствали	отсъстващ	отсъстваща	отсъстващо	отсъстващи	-	-	-	-	отсъстване	отсъствания-нета
отхапвам	-	-	-	-	-	-	отхапвах	отхапва	отхапва	отхапвахме	отхапвахте	отхапваха	отхапвах	отхапваше	отхапваше	отхапвахме	отхапвахте	отхапваха	отхапвай	отхапвайте	отхапвайки	отхапвал	отхапвала	отхапвало	отхапвали	отхапвал	отхапвала	отхапвало	отхапвали	отхапващ	отхапваща	отхапващо	отхапващи	отхапван	отхапвана	отхапвано	отхапвани	отхапване	отхапвания-нета
отхапя	отхапя	отхапеш	отхапе	отхапем	отхапете	отхапят	отхапах	отхапа	отхапа	отхапахме	отхапахте	отхапаха	отхапех	отхапеше	отхапеше	отхапехме	отхапехте	отхапеха	отхапи	отхапете	-	отхапал	отхапала	отхапало	отхапали	отхапел	отхапела	отхапело	отхапели	-	-	-	-	отхапан	отхапана	отхапано	отхапани	-	-
отчета	отчета	отчетеш	отчете	отчетем	отчетете	отчетат	отчетох	отчете	отчете	отчетохме	отчетохте	отчетоха	отчетях	отчетеше	отчетеше	отчетяхме	отчетяхте	отчетяха	отчети	отчетете	-	отчел	отчела	отчело	отчели	отчетял	отчетяла	отчетяло	отчетели	-	-	-	-	отчетен	отчетена	отчетено	отчетени	-	-
отчитам	-	-	-	-	-	-	отчитах	отчита	отчита	отчитахме	отчитахте	отчитаха	отчитах	отчиташе	отчиташе	отчитахме	отчитахте	отчитаха	отчитай	отчитайте	отчитайки	отчитал	отчитала	отчитало	отчитали	отчитал	отчитала	отчитало	отчитали	отчитащ	отчитаща	отчитащо	отчитащи	отчитан	отчитана	отчитано	отчитани	отчитане	отчитания-нета
охкам	-	-	-	-	-	-	охках	охка	охка	охкахме	охкахте	охкаха	охках	охкаше	охкаше	охкахме	охкахте	охкаха	охкаи	охкаите	охкаики	охкал	охкала	охкало	охкали	охкал	охкала	охкало	охкали	охкащ	охкаща	охкащо	охкащи	-	-	-	-	охкане	охканета
охранявам	-	-	-	-	-	-	охранявах	охранява	охранява	охранявахме	охранявахте	охраняваха	охранявах	охраняваше	охраняваше	охранявахме	охранявахте	охраняваха	охранявай	охранявайте	охранявайки	охранявал	охранявала	охранявало	охранявали	охранявал	охранявала	охранявало	охранявали	охраняващ	охраняваща	охраняващо	охраняващи	охраняван	охранявана	охранявано	охранявани	охраняване	охранявания-нета
оцветя	оцветя	оцветиш	оцвети	оцветим	оцветите	оцветят	оцветих	оцвети	оцвети	оцветихме	оцветихте	оцветиха	оцветях	оцветеше	оцветеше	оцветяхме	оцветяхте	оцветяха	оцвети	оцветете	-	оцветил	оцветила	оцветило	оцветили	оцветял	оцветяла	оцветяло	оцветели	-	-	-	-	оцветен	оцветена	оцветено	оцветени	-	-
оцветявам	-	-	-	-	-	-	оцветявах	оцветява	оцветява	оцветявахме	оцветявахте	оцветяваха	оцветявах	оцветяваше	оцветяваше	оцветявахме	оцветявахте	оцветяваха	оцветявай	оцветявайте	оцветявайки	оцветявал	оцветявала	оцветявало	оцветявали	оцветявал	оцветявала	оцветявало	оцветявали	оцветяващ	оцветяваща	оцветяващо	оцветяващи	оцветяван	оцветявана	оцветявано	оцветявани	оцветяване	оцветявания-нета
оцелея	оцелея	оцелееш	оцелее	оцелеем	оцелеете	оцелеят	оцелях	оцеля	оцеля	оцеляхме	оцеляхте	оцеляха	оцелеех	оцелееше	оцелееше	оцелеехме	оцелеехте	оцелееха	оцелей	оцелейте	-	оцелял	оцеляла	оцеляло	оцелели	оцелеел	оцелеела	оцелеело	оцелеели	-	-	-	-	-	-	-	-	-	-
оцелявам	-	-	-	-	-	-	оцелявах	оцелява	оцелява	оцелявахме	оцелявахте	оцеляваха	оцелявах	оцеляваше	оцеляваше	оцелявахме	оцелявахте	оцеляваха	оцелявай	оцелявайте	оцелявайки	оцелявал	оцелявала	оцелявало	оцелявали	оцелявал	оцелявала	оцелявало	оцелявали	оцеляващ	оцеляваща	оцеляващо	оцеляващи	-	-	-	-	оцеляване	оцелявания-нета
оценя	оценя	оцениш	оцени	оценим	оцените	оценят	оцених	оцени	оцени	оценихме	оценихте	оцениха	оценях	оценеше	оценеше	оценяхме	оценяхте	оценяха	оцени	оценете	-	оценил	оценила	оценило	оценили	оценял	оценяла	оценяло	оценели	-	-	-	-	оценен	оценена	оценено	оценени	-	-
оценявам	-	-	-	-	-	-	оценявах	оценява	оценява	оценявахме	оценявахте	оценяваха	оценявах	оценяваше	оценяваше	оценявахме	оценявахте	оценяваха	оценяваи	оценяваите	оценяваики	оценявал	оценявала	оценявало	оценявали	оценявал	оценявала	оценявало	оценявали	оценяващ	оценяваща	оценяващо	оценяващи	оценяван	оценявана	оценявано	оценявани	оценяване	оценяванета
очаквам	-	-	-	-	-	-	очаквах	очаква	очаква	очаквахме	очаквахте	очакваха	очаквах	очакваше	очакваше	очаквахме	очаквахте	очакваха	очаквай	очаквайте	очаквайки	очаквал	очаквала	очаквало	очаквали	очаквал	очаквала	очаквало	очаквали	очакващ	очакваща	очакващо	очакващи	очакван	очаквана	очаквано	очаквани	очакване	очаквания-нета
очаровам	-	-	-	-	-	-	очаровах	очарова	очарова	очаровахме	очаровахте	очароваха	очаровах	очароваше	очароваше	очаровахме	очаровахте	очароваха	очароваи	очароваите	очароваики	очаровал	очаровала	очаровало	очаровали	очаровал	очаровала	очаровало	очаровали	очароващ	очароваща	очароващо	очароващи	очарован	очарована	очаровано	очаровани	очароване	очарованета
ощетя	ощетя	ощетиш	ощети	ощетим	ощетите	ощетят	ощетих	ощети	ощети	ощетихме	ощетихте	ощетиха	ощетях	ощетеше	ощетеше	ощетяхме	ощетяхте	ощетяха	ощети	ощетете	-	ощетил	ощетила	ощетило	ощетили	ощетял	ощетяла	ощетяло	ощетели	-	-	-	-	ощетен	ощетена	ощетено	ощетени	-	-
падам	-	-	-	-	-	-	падах	пада	пада	падахме	падахте	падаха	падах	падаше	падаше	падахме	падахте	падаха	падай	падайте	падайки	падал	падала	падало	падали	падал	падала	падало	падали	падащ	падаща	падащо	падащи	-	-	-	-	падане	падания-нета
падна	падна	паднеш	падне	паднем	паднете	паднат	паднах	падна	падна	паднахме	паднахте	паднаха	паднех	паднеше	паднеше	паднехме	паднехте	паднеха	падни	паднете	-	паднал	паднала	паднало	паднали	паднел	паднела	паднело	паднели	-	-	-	-	-	-	-	-	-	-
паждам	-	-	-	-	-	-	паждах	пажда	пажда	паждахме	паждахте	паждаха	паждах	паждаше	паждаше	паждахме	паждахте	паждаха	паждаи	паждаите	паждаики	паждал	паждала	паждало	паждали	паждал	паждала	паждало	паждали	паждащ	паждаща	паждащо	паждащи	-	-	-	-	паждане	пажданета
пазя	пазя	пазиш	пази	пазим	пазите	пазят	пазих	пази	пази	пазихме	пазихте	пазиха	пазех	пазеше	пазеше	пазехме	пазехте	пазеха	пази	пазете	пазеики	пазил	пазила	пазило	пазили	пазел	пазела	пазело	пазели	пазещ	пазеща	пазещо	пазещи	пазен	пазена	пазено	пазени	пазене	пазенета
паля	паля	палиш	пали	палим	палите	палят	палих	пали	пали	палихме	палихте	палиха	палех	палеше	палеше	палехме	палехте	палеха	пали	палете	палеики	палил	палила	палило	палили	палел	палела	палело	палели	палещ	палеща	палещо	палещи	пален	палена	палено	палени	палене	паленета
паря	паря	париш	пари	парим	парите	парят	парих	пари	пари	парихме	парихте	париха	парех	пареше	пареше	парехме	парехте	пареха	пари	парете	пареики	парил	парила	парило	парили	парел	парела	парело	парели	парещ	пареща	парещо	парещи	-	-	-	-	парене	паренета
паса	паса	пасеш	пасе	пасем	пасете	пасат	пасох	пасе	пасе	пасохме	пасохте	пасоха	пасях	пасеше	пасеше	пасяхме	пасяхте	пасяха	паси	пасете	пасейки	пасъл	пасла	пасло	пасли	пасял	пасяла	пасяло	пасели	пасящ	пасяща	пасящо	пасящи	пасен	пасена	пасено	пасени	пасене	пасения-нета
пастря	пастря	пастриш	пастри	пастрим	пастрите	пастрят	пастрих	пастри	пастри	пастрихме	пастрихте	пастриха	пастрех	пастреше	пастреше	пастрехме	пастрехте	пастреха	пастри	пастрете	пастреики	пастрил	пастрила	пастрило	пастрили	пастрел	пастрела	пастрело	пастрели	пастрещ	пастреща	пастрещо	пастрещи	пастрен	пастрена	пастрено	пастрени	пастрене	пастренета
патя	патя	патиш	пати	патим	патите	патят	патих	пати	пати	патихме	патихте	патиха	патех	патеше	патеше	патехме	патехте	патеха	пати	патете	патеики	патил	патила	патило	патили	пател	патела	патело	патели	патещ	патеща	патещо	патещи	-	-	-	-	патене	патенета
пафкам	павкам	павкаш	павка	павкаме	павкате	павкат	павках	павка	павка	павкахме	павкахте	павкаха	павках	павкаше	павкаше	павкахме	павкахте	павкаха	павкаи	павкаите	павкаики	павкал	павкала	павкало	павкали	павкал	павкала	павкало	павкали	павкащ	павкаща	павкащо	павкащи	павкан	павкана	павкано	павкани	павкане	павканета
пека	пека	печеш	пече	печем	печете	пекат	пекох	пече	пече	пекохме	пекохте	пекоха	печах	печеше	печеше	печахме	печахте	печаха	печи	печете	печеики	пекъл	пекла	пекло	пекли	печал	печала	печало	печали	печащ	печаща	печащо	печащи	печен	печена	печено	печени	печене	печенета
пера	пера	переш	пере	перем	перете	перат	прах	пра	пра	прахме	прахте	праха	перях	переше	переше	перяхме	перяхте	перяха	пери	перете	переики	прал	прала	прало	прали	перял	перяла	перяло	перели	перящ	перяща	перящо	перящи	пран	прана	прано	прани	пране	пранета
перя	перя	периш	пери	перим	перите	перят	перих	пери	пери	перихме	перихте	периха	перех	переше	переше	перехме	перехте	переха	пери	перете	переики	перил	перила	перило	перили	перел	перела	перело	перели	перещ	переща	перещо	перещи	перен	перена	перено	перени	перене	перенета
пестя	пестя	пестиш	пести	пестим	пестите	пестят	пестих	пести	пести	пестихме	пестихте	пестиха	пестях	пестеше	пестеше	пестяхме	пестяхте	пестяха	пести	пестете	пестейки	пестил	пестила	пестило	пестили	пестял	пестяла	пестяло	пестели	пестящ	пестяща	пестящо	пестящи	пестен	пестена	пестено	пестени	пестене	пестения-нета
пецам	-	-	-	-	-	-	пецах	пеца	пеца	пецахме	пецахте	пецаха	пецах	пецаше	пецаше	пецахме	пецахте	пецаха	пецаи	пецаите	пецаики	пецал	пецала	пецало	пецали	пецал	пецала	пецало	пецали	пецащ	пецаща	пецащо	пецащи	-	-	-	-	пецане	пецанета
печеля	печеля	печелиш	печели	печелим	печелите	печелят	печелих	печели	печели	печелихме	печелихте	печелиха	печелех	печелеше	печелеше	печелехме	печелехте	печелеха	печели	печелете	печелеики	печелил	печелила	печелило	печелили	печелел	печелела	печелело	печелели	печелещ	печелеща	печелещо	печелещи	печелен	печелена	печелено	печелени	печелене	печеленета
пея	пея	пееш	пее	пеем	пеете	пеят	пях	пя	пя	пяхме	пяхте	пяха	пеех	пееше	пееше	пеехме	пеехте	пееха	пей	пейте	пеейки	пял	пяла	пяло	пели	пеел	пеела	пеело	пеели	пеещ	пееща	пеещо	пеещи	пят	пята	пято	пети	пеене	пеения-нета
пиина	пиина	пиинеш	пиине	пиинем	пиинете	пиинат	пиинах	пиина	пиина	пиинахме	пиинахте	пиинаха	пиинех	пиинеше	пиинеше	пиинехме	пиинехте	пиинеха	пиини	пиинете	-	пиинал	пиинала	пиинало	пиинали	пиинел	пиинела	пиинело	пиинели	-	-	-	-	пиинат	пиината	пиинато	пиинати	-	-
пикам	-	-	-	-	-	-	пиках	пика	пика	пикахме	пикахте	пикаха	пиках	пикаше	пикаше	пикахме	пикахте	пикаха	пикаи	пикаите	пикаики	пикал	пикала	пикало	пикали	пикал	пикала	пикало	пикали	пикащ	пикаща	пикащо	пикащи	-	-	-	-	пикане	пиканета
пикая	пикая	пикаеш	пикае	пикаем	пикаете	пикаят	пиках	пика	пика	пикахме	пикахте	пикаха	пикаех	пикаеше	пикаеше	пикаехме	пикаехте	пикаеха	пикай	пикайте	пикаейки	пикал	пикала	пикало	пикали	пикаел	пикаела	пикаело	пикаели	пикаещ	пикаеща	пикаещо	пикаещи	пикан	пикана	пикано	пикани	пикане	пикания-нета
пилея	пилея	пилееш	пилее	пилеем	пилеете	пилеят	пилях	пиля	пиля	пиляхме	пиляхте	пиляха	пилеех	пилееше	пилееше	пилеехме	пилеехте	пилееха	пилеи	пилеите	пилееики	пилял	пиляла	пиляло	пилели	пилеел	пилеела	пилеело	пилеели	пилеещ	пилееща	пилеещо	пилеещи	пилян	пиляна	пиляно	пилени	пилеене	пилеенета
пипам	-	-	-	-	-	-	пипах	пипа	пипа	пипахме	пипахте	пипаха	пипах	пипаше	пипаше	пипахме	пипахте	пипаха	пипаи	пипаите	пипаики	пипал	пипала	пипало	пипали	пипал	пипала	пипало	пипали	пипащ	пипаща	пипащо	пипащи	пипан	пипана	пипано	пипани	пипане	пипанета
пирам	-	-	-	-	-	-	пирах	пира	пира	пирахме	пирахте	пираха	пирах	пираше	пираше	пирахме	пирахте	пираха	пираи	пираите	пираики	пирал	пирала	пирало	пирали	пирал	пирала	пирало	пирали	пиращ	пираща	пиращо	пиращи	пиран	пирана	пирано	пирани	пиране	пиранета
писателствам	-	-	-	-	-	-	писателствах	писателства	писателства	писателствахме	писателствахте	писателстваха	писателствах	писателстваше	писателстваше	писателствахме	писателствахте	писателстваха	писателствай	писателствайте	писателствайки	писателствал	писателствала	писателствало	писателствали	писателствал	писателствала	писателствало	писателствали	писателстващ	писателстваща	писателстващо	писателстващи	-	-	-	-	писателстване	писателствания-нета
пискам	-	-	-	-	-	-	писках	писка	писка	пискахме	пискахте	пискаха	писках	пискаше	пискаше	пискахме	пискахте	пискаха	пискаи	пискаите	пискаики	пискал	пискала	пискало	пискали	пискал	пискала	пискало	пискали	пискащ	пискаща	пискащо	пискащи	-	-	-	-	пискане	писканета
писукам	-	-	-	-	-	-	писуках	писука	писука	писукахме	писукахте	писукаха	писуках	писукаше	писукаше	писукахме	писукахте	писукаха	писукаи	писукаите	писукаики	писукал	писукала	писукало	писукали	писукал	писукала	писукало	писукали	писукащ	писукаща	писукащо	писукащи	-	-	-	-	писукане	писуканета
питам	-	-	-	-	-	-	питах	пита	пита	питахме	питахте	питаха	питах	питаше	питаше	питахме	питахте	питаха	питай	питайте	питайки	питал	питала	питало	питали	питал	питала	питало	питали	питащ	питаща	питащо	питащи	питан	питана	питано	питани	питане	питания-нета
питая	питая	питаеш	питае	питаем	питаете	питаят	питах	пита	пита	питахме	питахте	питаха	питаех	питаеше	питаеше	питаехме	питаехте	питаеха	питаи	питаите	питаеики	питал	питала	питало	питали	питаел	питаела	питаело	питаели	питаещ	питаеща	питаещо	питаещи	питан	питана	питано	питани	питаене	питаенета
пиша	пиша	пишеш	пише	пишем	пишете	пишат	писах	писа	писа	писахме	писахте	писаха	пишех	пишеше	пишеше	пишехме	пишехте	пишеха	пиши	пишете	пишейки	писал	писала	писало	писали	пишел	пишела	пишело	пишели	пишещ	пишеща	пишещо	пишещи	писан	писана	писано	писани	писане	писания-нета
пишам	-	-	-	-	-	-	пишах	пиша	пиша	пишахме	пишахте	пишаха	пишах	пишаше	пишаше	пишахме	пишахте	пишаха	пишаи	пишаите	пишаики	пишал	пишала	пишало	пишали	пишал	пишала	пишало	пишали	пишащ	пишаща	пишащо	пишащи	-	-	-	-	пишане	пишанета
пищя	пищя	пищиш	пищи	пищим	пищите	пищят	пищях	пищя	пищя	пищяхме	пищяхте	пищяха	пищях	пищеше	пищеше	пищяхме	пищяхте	пищяха	пищи	пищете	пищеики	пищял	пищяла	пищяло	пищели	пищял	пищяла	пищяло	пищели	пищящ	пищяща	пищящо	пищящи	-	-	-	-	пищене	пищенета
пия	пия	пиеш	пие	пием	пиете	пият	пих	пи	пи	пихме	пихте	пиха	пиех	пиеше	пиеше	пиехме	пиехте	пиеха	пий	пийте	пиейки	пил	пила	пило	пили	пиел	пиела	пиело	пиели	пиещ	пиеща	пиещо	пиещи	пит	пита	пито	пити	пиене	пиения-нета
плавам	-	-	-	-	-	-	плавах	плава	плава	плавахме	плавахте	плаваха	плавах	плаваше	плаваше	плавахме	плавахте	плаваха	плаваи	плаваите	плаваики	плавал	плавала	плавало	плавали	плавал	плавала	плавало	плавали	плаващ	плаваща	плаващо	плаващи	-	-	-	-	плаване	плаванета
плакна	плакна	плакнеш	плакне	плакнем	плакнете	плакнат	плакнах	плакна	плакна	плакнахме	плакнахте	плакнаха	плакнех	плакнеше	плакнеше	плакнехме	плакнехте	плакнеха	плакни	плакнете	плакнеики	плакнал	плакнала	плакнало	плакнали	плакнел	плакнела	плакнело	плакнели	плакнещ	плакнеща	плакнещо	плакнещи	плакнат	плакната	плакнато	плакнати	плакнене	плакненета
пламвам	-	-	-	-	-	-	пламвах	пламва	пламва	пламвахме	пламвахте	пламваха	пламвах	пламваше	пламваше	пламвахме	пламвахте	пламваха	пламваи	пламваите	пламваики	пламвал	пламвала	пламвало	пламвали	пламвал	пламвала	пламвало	пламвали	пламващ	пламваща	пламващо	пламващи	-	-	-	-	пламване	пламванета
пламенея	пламенея	пламенееш	пламенее	пламенеем	пламенеете	пламенеят	пламенях	пламеня	пламеня	пламеняхме	пламеняхте	пламеняха	пламенеех	пламенееше	пламенееше	пламенеехме	пламенеехте	пламенееха	пламенеи	пламенеите	пламенееики	пламенял	пламеняла	пламеняло	пламенели	пламенеел	пламенеела	пламенеело	пламенеели	пламенеещ	пламенееща	пламенеещо	пламенеещи	-	-	-	-	пламенеене	пламенеенета
пламна	пламна	пламнеш	пламне	пламнем	пламнете	пламнат	пламнах	пламна	пламна	пламнахме	пламнахте	пламнаха	пламнех	пламнеше	пламнеше	пламнехме	пламнехте	пламнеха	пламни	пламнете	-	пламнал	пламнала	пламнало	пламнали	пламнел	пламнела	пламнело	пламнели	-	-	-	-	-	-	-	-	-	-
пламтя	пламтя	пламтиш	пламти	пламтим	пламтите	пламтят	пламтях	пламтя	пламтя	пламтяхме	пламтяхте	пламтяха	пламтях	пламтеше	пламтеше	пламтяхме	пламтяхте	пламтяха	пламти	пламтете	пламтеики	пламтял	пламтяла	пламтяло	пламтели	пламтял	пламтяла	пламтяло	пламтели	пламтящ	пламтяща	пламтящо	пламтящи	-	-	-	-	пламтене	пламтенета
платя	платя	платиш	плати	платим	платите	платят	платих	плати	плати	платихме	платихте	платиха	платях	платеше	платеше	платяхме	платяхте	платяха	плати	платете	-	платил	платила	платило	платили	платял	платяла	платяло	платели	-	-	-	-	платен	платена	платено	платени	-	-
плацикам	-	-	-	-	-	-	плациках	плацика	плацика	плацикахме	плацикахте	плацикаха	плациках	плацикаше	плацикаше	плацикахме	плацикахте	плацикаха	плацикаи	плацикаите	плацикаики	плацикал	плацикала	плацикало	плацикали	плацикал	плацикала	плацикало	плацикали	плацикащ	плацикаща	плацикащо	плацикащи	-	-	-	-	плацикане	плациканета
плача	плача	плачеш	плаче	плачем	плачете	плачат	плаках	плака	плака	плакахме	плакахте	плакаха	плачех	плачеше	плачеше	плачехме	плачехте	плачеха	плачи	плачете	плачейки	плакал	плакала	плакало	плакали	плачел	плачела	плачело	плачели	плачещ	плачеща	плачещо	плачещи	-	-	-	-	плакане	плакания-нета
плаша	плаша	плашиш	плаши	плашим	плашите	плашат	плаших	плаши	плаши	плашихме	плашихте	плашиха	плашех	плашеше	плашеше	плашехме	плашехте	плашеха	плаши	плашете	плашейки	плашил	плашила	плашило	плашили	плашел	плашела	плашело	плашели	плашещ	плашеща	плашещо	плашещи	плашен	плашена	плашено	плашени	плашене	плашения-нета
плащам	-	-	-	-	-	-	плащах	плаща	плаща	плащахме	плащахте	плащаха	плащах	плащаше	плащаше	плащахме	плащахте	плащаха	плащай	плащайте	плащайки	плащал	плащала	плащало	плащали	плащал	плащала	плащало	плащали	плащащ	плащаща	плащащо	плащащи	плащан	плащана	плащано	плащани	плащане	плащания-нета
плевя	плевя	плевиш	плеви	плевим	плевите	плевят	плевих	плеви	плеви	плевихме	плевихте	плевиха	плевях	плевеше	плевеше	плевяхме	плевяхте	плевяха	плеви	плевете	плевеики	плевил	плевила	плевило	плевили	плевял	плевяла	плевяло	плевели	плевящ	плевяща	плевящо	плевящи	плевен	плевена	плевено	плевени	плевене	плевенета
плесна	плесна	плеснеш	плесне	плеснем	плеснете	плеснат	плеснах	плесна	плесна	плеснахме	плеснахте	плеснаха	плеснех	плеснеше	плеснеше	плеснехме	плеснехте	плеснеха	плесни	плеснете	-	плеснал	плеснала	плеснало	плеснали	плеснел	плеснела	плеснело	плеснели	-	-	-	-	плеснат	плесната	плеснато	плеснати	-	-
плета	плета	плетеш	плете	плетем	плетете	плетат	плетох	плете	плете	плетохме	плетохте	плетоха	плетях	плетеше	плетеше	плетяхме	плетяхте	плетяха	плети	плетете	плетейки	плел	плела	плело	плели	плетял	плетяла	плетяло	плетели	плетящ	плетяща	плетящо	плетящи	плетен	плетена	плетено	плетени	плетене	плетения-нета
плещя	плеща	плещеш	плеще	плещем	плещете	плещат	плетах	плета	плета	плетахме	плетахте	плетаха	плещех	плещеше	плещеше	плещехме	плещехте	плещеха	плещи	плещете	плещеики	плетал	плетала	плетало	плетали	плещел	плещела	плещело	плещели	плещещ	плещеща	плещещо	плещещи	плетан	плетана	плетано	плетани	плещене	плещенета
плискам	-	-	-	-	-	-	плисках	плиска	плиска	плискахме	плискахте	плискаха	плисках	плискаше	плискаше	плискахме	плискахте	плискаха	плискаи	плискаите	плискаики	плискал	плискала	плискало	плискали	плискал	плискала	плискало	плискали	плискащ	плискаща	плискащо	плискащи	плискан	плискана	плискано	плискани	плискане	плисканета
плисна	плисна	плиснеш	плисне	плиснем	плиснете	плиснат	плиснах	плисна	плисна	плиснахме	плиснахте	плиснаха	плиснех	плиснеше	плиснеше	плиснехме	плиснехте	плиснеха	плисни	плиснете	-	плиснал	плиснала	плиснало	плиснали	плиснел	плиснела	плиснело	плиснели	-	-	-	-	плиснат	плисната	плиснато	плиснати	-	-
плувам	-	-	-	-	-	-	плувах	плува	плува	плувахме	плувахте	плуваха	плувах	плуваше	плуваше	плувахме	плувахте	плуваха	плуваи	плуваите	плуваики	плувал	плувала	плувало	плували	плувал	плувала	плувало	плували	плуващ	плуваща	плуващо	плуващи	-	-	-	-	плуване	плуванета
плуя	плуя	плуеш	плуе	плуем	плуете	плуят	плух	плу	плу	плухме	плухте	плуха	плуех	плуеше	плуеше	плуехме	плуехте	плуеха	плуи	плуите	плуеики	плул	плула	плуло	плули	плуел	плуела	плуело	плуели	плуещ	плуеща	плуещо	плуещи	-	-	-	-	плуене	плуенета
плъзвам	-	-	-	-	-	-	плъзвах	плъзва	плъзва	плъзвахме	плъзвахте	плъзваха	плъзвах	плъзваше	плъзваше	плъзвахме	плъзвахте	плъзваха	плъзваи	плъзваите	плъзваики	плъзвал	плъзвала	плъзвало	плъзвали	плъзвал	плъзвала	плъзвало	плъзвали	плъзващ	плъзваща	плъзващо	плъзващи	плъзван	плъзвана	плъзвано	плъзвани	плъзване	плъзванета
плюна	плюна	плюнеш	плюне	плюнем	плюнете	плюнат	плюнах	плюна	плюна	плюнахме	плюнахте	плюнаха	плюнех	плюнеше	плюнеше	плюнехме	плюнехте	плюнеха	плюни	плюнете	-	плюнал	плюнала	плюнало	плюнали	плюнел	плюнела	плюнело	плюнели	-	-	-	-	плюнат	плюната	плюнато	плюнати	-	-
плюскам	-	-	-	-	-	-	плюсках	плюска	плюска	плюскахме	плюскахте	плюскаха	плюсках	плюскаше	плюскаше	плюскахме	плюскахте	плюскаха	плюскаи	плюскаите	плюскаики	плюскал	плюскала	плюскало	плюскали	плюскал	плюскала	плюскало	плюскали	плюскащ	плюскаща	плюскащо	плюскащи	плюскан	плюскана	плюскано	плюскани	плюскане	плюсканета
плющя	плющя	плющиш	плющи	плющим	плющите	плющят	плющих	плющи	плющи	плющихме	плющихте	плющиха	плющех	плющеше	плющеше	плющехме	плющехте	плющеха	плющи	плющете	плющеики	плющил	плющила	плющило	плющели	плющел	плющела	плющело	плющели	плющещ	плющеща	плющещо	плющещи	плющен	плющена	плющено	плющени	плющене	плющенета
плюя	плюя	плюеш	плюе	плюем	плюете	плюят	плюх	плю	плю	плюхме	плюхте	плюха	плюех	плюеше	плюеше	плюехме	плюехте	плюеха	плюи	плюите	плюеики	плюл	плюла	плюло	плюли	плюел	плюела	плюело	плюели	плюещ	плюеща	плюещо	плюещи	плют	плюта	плюто	плюти	плюене	плюенета
плямпам	-	-	-	-	-	-	плямпах	плямпа	плямпа	плямпахме	плямпахте	плямпаха	плямпах	плямпаше	плямпаше	плямпахме	плямпахте	плямпаха	плямпаи	плямпаите	плямпаики	плямпал	плямпала	плямпало	плямпали	плямпал	плямпала	плямпало	плямпали	плямпащ	плямпаща	плямпащо	плямпащи	-	-	-	-	плямпане	плямпанета
пляскам	-	-	-	-	-	-	плясках	пляска	пляска	пляскахме	пляскахте	пляскаха	плясках	пляскаше	пляскаше	пляскахме	пляскахте	пляскаха	пляскаи	пляскаите	пляскаики	пляскал	пляскала	пляскало	пляскали	пляскал	пляскала	пляскало	пляскали	пляскащ	пляскаща	пляскащо	пляскащи	пляскан	пляскана	пляскано	пляскани	пляскане	плясканета
поамериканча	поамериканча	поамериканчиш	поамериканчи	поамериканчим	поамериканчите	поамериканчат	поамериканчих	поамериканчи	поамериканчи	поамериканчихме	поамериканчихте	поамериканчиха	поамериканчех	поамериканчеше	поамериканчеше	поамериканчехме	поамериканчехте	поамериканчеха	поамериканчи	поамериканчете	-	поамериканчил	поамериканчила	поамериканчило	поамериканчили	поамериканчел	поамериканчела	поамериканчело	поамериканчели	-	-	-	-	поамериканчен	поамериканчена	поамериканчено	поамериканчени	-	-
победя	победя	победиш	победи	победим	победите	победят	победих	победи	победи	победихме	победихте	победиха	победях	победеше	победеше	победяхме	победяхте	победяха	победи	победете	-	победил	победила	победило	победили	победял	победяла	победяло	победели	-	-	-	-	победен	победена	победено	победени	-	-
побеждавам	-	-	-	-	-	-	побеждавах	побеждава	побеждава	побеждавахме	побеждавахте	побеждаваха	побеждавах	побеждаваше	побеждаваше	побеждавахме	побеждавахте	побеждаваха	побеждавай	побеждавайте	побеждавайки	побеждавал	побеждавала	побеждавало	побеждавали	побеждавал	побеждавала	побеждавало	побеждавали	побеждаващ	побеждаваща	побеждаващо	побеждаващи	побеждаван	побеждавана	побеждавано	побеждавани	побеждаване	побеждавания-нета
побера	побера	побереш	побере	поберем	поберете	поберат	побрах	побра	побра	побрахме	побрахте	побраха	поберях	побереше	побереше	поберяхме	поберяхте	поберяха	побери	поберете	-	побрал	побрала	побрало	побрали	поберял	поберяла	поберяло	поберели	-	-	-	-	побран	побрана	побрано	побрани	-	-
побъркам	-	-	-	-	-	-	побърках	побърка	побърка	побъркахме	побъркахте	побъркаха	побърках	побъркаше	побъркаше	побъркахме	побъркахте	побъркаха	побъркаи	побъркаите	-	побъркал	побъркала	побъркало	побъркали	побъркал	побъркала	побъркало	побъркали	-	-	-	-	побъркан	побъркана	побъркано	побъркани	-	-
поваля	поваля	повалиш	повали	повалим	повалите	повалят	повалих	повали	повали	повалихме	повалихте	повалиха	повалях	повалеше	повалеше	поваляхме	поваляхте	поваляха	повали	повалете	-	повалил	повалила	повалило	повалили	повалял	поваляла	поваляло	повалели	-	-	-	-	повален	повалена	повалено	повалени	-	-
поведа	поведа	поведеш	поведе	поведем	поведете	поведат	поведох	поведе	поведе	поведохме	поведохте	поведоха	поведях	поведеше	поведеше	поведяхме	поведяхте	поведяха	поведи	поведете	-	повел	повела	повело	повели	поведял	поведяла	поведяло	поведели	-	-	-	-	поведен	поведена	поведено	поведени	-	-
повеждам	-	-	-	-	-	-	повеждах	повежда	повежда	повеждахме	повеждахте	повеждаха	повеждах	повеждаше	повеждаше	повеждахме	повеждахте	повеждаха	повеждай	повеждайте	повеждайки	повеждал	повеждала	повеждало	повеждали	повеждал	повеждала	повеждало	повеждали	повеждащ	повеждаща	повеждащо	повеждащи	повеждан	повеждана	повеждано	повеждани	повеждане	повеждания-нета
повелявам	-	-	-	-	-	-	повелявах	повелява	повелява	повелявахме	повелявахте	повеляваха	повелявах	повеляваше	повеляваше	повелявахме	повелявахте	повеляваха	повеляваи	повеляваите	повеляваики	повелявал	повелявала	повелявало	повелявали	повелявал	повелявала	повелявало	повелявали	повеляващ	повеляваща	повеляващо	повеляващи	-	-	-	-	повеляване	повеляванета
поверя	поверя	повериш	повери	поверим	поверите	поверят	поверих	повери	повери	поверихме	поверихте	повериха	поверях	повереше	повереше	поверяхме	поверяхте	поверяха	повери	поверете	-	поверил	поверила	поверило	поверили	поверял	поверяла	поверяло	поверели	-	-	-	-	поверен	поверена	поверено	поверени	-	-
повехна	повехна	повехнеш	повехне	повехнем	повехнете	повехнат	повехнах	повехна	повехна	повехнахме	повехнахте	повехнаха	повехнех	повехнеше	повехнеше	повехнехме	повехнехте	повехнеха	повехни	повехнете	-	повехнал	повехнала	повехнало	повехнали	повехнел	повехнела	повехнело	повехнели	-	-	-	-	-	-	-	-	-	-
повиквам	-	-	-	-	-	-	повиквах	повиква	повиква	повиквахме	повиквахте	повикваха	повиквах	повикваше	повикваше	повиквахме	повиквахте	повикваха	повикваи	повикваите	повикваики	повиквал	повиквала	повиквало	повиквали	повиквал	повиквала	повиквало	повиквали	повикващ	повикваща	повикващо	повикващи	повикван	повиквана	повиквано	повиквани	повикване	повикванета
повлека	повлека	повлечеш	повлече	повлечем	повлечете	повлекат	повлякох	повлече	повлече	повлякохме	повлякохте	повлякоха	повлечах	повлечеше	повлечеше	повлечахме	повлечахте	повлечаха	повлечи	повлечете	-	повлякъл	повлякла	повлякло	повлекли	повлечал	повлечала	повлечало	повлечели	-	-	-	-	повлечен	повлечена	повлечено	повлечени	-	-
повличам	-	-	-	-	-	-	повличах	повлича	повлича	повличахме	повличахте	повличаха	повличах	повличаше	повличаше	повличахме	повличахте	повличаха	повличай	повличайте	повличайки	повличал	повличала	повличало	повличали	повличал	повличала	повличало	повличали	повличащ	повличаща	повличащо	повличащи	повличан	повличана	повличано	повличани	повличане	повличания-нета
повръщам	-	-	-	-	-	-	повръщах	повръща	повръща	повръщахме	повръщахте	повръщаха	повръщах	повръщаше	повръщаше	повръщахме	повръщахте	повръщаха	повръщаи	повръщаите	повръщаики	повръщал	повръщала	повръщало	повръщали	повръщал	повръщала	повръщало	повръщали	повръщащ	повръщаща	повръщащо	повръщащи	повръщан	повръщана	повръщано	повръщани	повръщане	повръщанета
повтарям	-	-	-	-	-	-	повтарях	повтаря	повтаря	повтаряхме	повтаряхте	повтаряха	повтарях	повтаряше	повтаряше	повтаряхме	повтаряхте	повтаряха	повтаряй	повтаряйте	повтаряйки	повтарял	повтаряла	повтаряло	повтаряли	повтарял	повтаряла	повтаряло	повтаряли	повтарящ	повтаряща	повтарящо	повтарящи	повтарян	повтаряна	повтаряно	повтаряни	повтаряне	повтаряния-нета
повторя	повторя	повториш	повтори	повторим	повторите	повторят	повторих	повтори	повтори	повторихме	повторихте	повториха	повторех	повтореше	повтореше	повторехме	повторехте	повтореха	повтори	повторете	-	повторил	повторила	повторило	повторили	повторел	повторела	повторело	повторели	-	-	-	-	повторен	повторена	повторено	повторени	-	-
повядам	-	-	-	-	-	-	повядах	повяда	повяда	повядахме	повядахте	повядаха	повядах	повядаше	повядаше	повядахме	повядахте	повядаха	повядаи	повядаите	-	повядал	повядала	повядало	повядали	повядал	повядала	повядало	повядали	-	-	-	-	-	-	-	-	-	-
повярвам	-	-	-	-	-	-	повярвах	повярва	повярва	повярвахме	повярвахте	повярваха	повярвах	повярваше	повярваше	повярвахме	повярвахте	повярваха	повярвай	повярвайте	-	повярвал	повярвала	повярвало	повярвали	повярвал	повярвала	повярвало	повярвали	-	-	-	-	-	-	-	-	-	-
погася	погася	погасиш	погаси	погасим	погасите	погасят	погасих	погаси	погаси	погасихме	погасихте	погасиха	погасях	погасеше	погасеше	погасяхме	погасяхте	погасяха	погаси	погасете	-	погасил	погасила	погасило	погасили	погасял	погасяла	погасяло	погасели	-	-	-	-	погасен	погасена	погасено	погасени	-	-
погина	погина	погинеш	погине	погинем	погинете	погинат	погинах	погина	погина	погинахме	погинахте	погинаха	погинех	погинеше	погинеше	погинехме	погинехте	погинеха	погини	погинете	-	погинал	погинала	погинало	погинали	погинел	погинела	погинело	погинели	-	-	-	-	-	-	-	-	-	-
погледна	погледна	погледнеш	погледне	погледнем	погледнете	погледнат	погледнах	погледна	погледна	погледнахме	погледнахте	погледнаха	погледнех	погледнеше	погледнеше	погледнехме	погледнехте	погледнеха	погледни	погледнете	-	погледнал	погледнала	погледнало	погледнали	погледнел	погледнела	погледнело	погледнели	-	-	-	-	погледнат	погледната	погледнато	погледнати	-	-
поглеждам	-	-	-	-	-	-	поглеждах	поглежда	поглежда	поглеждахме	поглеждахте	поглеждаха	поглеждах	поглеждаше	поглеждаше	поглеждахме	поглеждахте	поглеждаха	поглеждай	поглеждайте	поглеждайки	поглеждал	поглеждала	поглеждало	поглеждали	поглеждал	поглеждала	поглеждало	поглеждали	поглеждащ	поглеждаща	поглеждащо	поглеждащи	поглеждан	поглеждана	поглеждано	поглеждани	поглеждане	поглеждания-нета
погреба	погреба	погребеш	погребе	погребем	погребете	погребат	погребах	погреба	погреба	погребахме	погребахте	погребаха	погребях	погребеше	погребеше	погребяхме	погребяхте	погребяха	погреби	погребете	-	погребал	погребала	погребало	погребали	погребял	погребяла	погребяло	погребели	-	-	-	-	погребан	погребана	погребано	погребани	-	-
погребвам	-	-	-	-	-	-	погребвах	погребва	погребва	погребвахме	погребвахте	погребваха	погребвах	погребваше	погребваше	погребвахме	погребвахте	погребваха	погребвай	погребвайте	погребвайки	погребвал	погребвала	погребвало	погребвали	погребвал	погребвала	погребвало	погребвали	погребващ	погребваща	погребващо	погребващи	погребван	погребвана	погребвано	погребвани	погребване	погребвания-нета
погърча	погърча	погърчиш	погърчи	погърчим	погърчите	погърчат	погърчих	погърчи	погърчи	погърчихме	погърчихте	погърчиха	погърчех	погърчеше	погърчеше	погърчехме	погърчехте	погърчеха	погърчи	погърчете	-	погърчил	погърчила	погърчило	погърчили	погърчел	погърчела	погърчело	погърчели	-	-	-	-	погърчен	погърчена	погърчено	погърчени	-	-
подавам	-	-	-	-	-	-	подавах	подава	подава	подавахме	подавахте	подаваха	подавах	подаваше	подаваше	подавахме	подавахте	подаваха	подаваи	подаваите	подаваики	подавал	подавала	подавало	подавали	подавал	подавала	подавало	подавали	подаващ	подаваща	подаващо	подаващи	подаван	подавана	подавано	подавани	подаване	подаванета
подавя	подавя	подавиш	подави	подавим	подавите	подавят	подавих	подави	подави	подавихме	подавихте	подавиха	подавех	подавеше	подавеше	подавехме	подавехте	подавеха	подави	подавете	-	подавил	подавила	подавило	подавили	подавел	подавела	подавело	подавели	-	-	-	-	подавен	подавена	подавено	подавени	-	-
подам	-	подадеш	подаде	подадем	подадете	подадат	подадох	подаде	подаде	подадохме	подадохте	подадоха	подадях	подадеше	подадеше	подадяхме	подадяхте	подадяха	подаи	подадете	-	подал	подала	подало	подали	подадял	подадяла	подадяло	подадели	-	-	-	-	подаден	подадена	подадено	подадени	-	-
подбера	подбера	подбереш	подбере	подберем	подберете	подберат	подбрах	подбра	подбра	подбрахме	подбрахте	подбраха	подберях	подбереше	подбереше	подберяхме	подберяхте	подберяха	подбери	подберете	-	подбрал	подбрала	подбрало	подбрали	подберял	подберяла	подберяло	подберели	-	-	-	-	подбран	подбрана	подбрано	подбрани	-	-
подбия	подбия	подбиеш	подбие	подбием	подбиете	подбият	подбих	подби	подби	подбихме	подбихте	подбиха	подбиех	подбиеше	подбиеше	подбиехме	подбиехте	подбиеха	подбии	подбиите	-	подбил	подбила	подбило	подбили	подбиел	подбиела	подбиело	подбиели	-	-	-	-	подбит	подбита	подбито	подбити	-	-
подбудя	подбудя	подбудиш	подбуди	подбудим	подбудите	подбудят	подбудих	подбуди	подбуди	подбудихме	подбудихте	подбудиха	подбудех	подбудеше	подбудеше	подбудехме	подбудехте	подбудеха	подбуди	подбудете	-	подбудил	подбудила	подбудило	подбудили	подбудел	подбудела	подбудело	подбудели	-	-	-	-	подбуден	подбудена	подбудено	подбудени	-	-
подведа	подведа	подведеш	подведе	подведем	подведете	подведат	подведох	подведе	подведе	подведохме	подведохте	подведоха	подведях	подведеше	подведеше	подведяхме	подведяхте	подведяха	подведи	подведете	-	подвел	подвела	подвело	подвели	подведял	подведяла	подведяло	подведели	-	-	-	-	подведен	подведена	подведено	подведени	-	-
подвеждам	-	-	-	-	-	-	подвеждах	подвежда	подвежда	подвеждахме	подвеждахте	подвеждаха	подвеждах	подвеждаше	подвеждаше	подвеждахме	подвеждахте	подвеждаха	подвеждай	подвеждайте	подвеждайки	подвеждал	подвеждала	подвеждало	подвеждали	подвеждал	подвеждала	подвеждало	подвеждали	подвеждащ	подвеждаща	подвеждащо	подвеждащи	подвеждан	подвеждана	подвеждано	подвеждани	подвеждане	подвеждания-нета
поделям	-	-	-	-	-	-	поделях	поделя	поделя	поделяхме	поделяхте	поделяха	поделях	поделяше	поделяше	поделяхме	поделяхте	поделяха	поделяи	поделяите	поделяики	поделял	поделяла	поделяло	поделяли	поделял	поделяла	поделяло	поделяли	поделящ	поделяща	поделящо	поделящи	поделян	поделяна	поделяно	поделяни	поделяне	поделянета
подканя	подканя	подканиш	подкани	подканим	подканите	подканят	подканих	подкани	подкани	подканихме	подканихте	подканиха	подканех	подканеше	подканеше	подканехме	подканехте	подканеха	подкани	подканете	-	подканил	подканила	подканило	подканили	подканел	подканела	подканело	подканели	-	-	-	-	подканен	подканена	подканено	подканени	-	-
подклада	подклада	подкладеш	подкладе	подкладем	подкладете	подкладат	подкладох	подкладе	подкладе	подкладохме	подкладохте	подкладоха	подкладях	подкладеше	подкладеше	подкладяхме	подкладяхте	подкладяха	подклади	подкладете	-	подклал	подклала	подклало	подклали	подкладял	подкладяла	подкладяло	подкладели	-	-	-	-	подкладен	подкладена	подкладено	подкладени	-	-
подклаждам	-	-	-	-	-	-	подклаждах	подклажда	подклажда	подклаждахме	подклаждахте	подклаждаха	подклаждах	подклаждаше	подклаждаше	подклаждахме	подклаждахте	подклаждаха	подклаждай	подклаждайте	подклаждайки	подклаждал	подклаждала	подклаждало	подклаждали	подклаждал	подклаждала	подклаждало	подклаждали	подклаждащ	подклаждаща	подклаждащо	подклаждащи	подклаждан	подклаждана	подклаждано	подклаждани	подклаждане	подклаждания-нета
подкупвам	-	-	-	-	-	-	подкупвах	подкупва	подкупва	подкупвахме	подкупвахте	подкупваха	подкупвах	подкупваше	подкупваше	подкупвахме	подкупвахте	подкупваха	подкупвай	подкупвайте	подкупвайки	подкупвал	подкупвала	подкупвало	подкупвали	подкупвал	подкупвала	подкупвало	подкупвали	подкупващ	подкупваща	подкупващо	подкупващи	подкупван	подкупвана	подкупвано	подкупвани	подкупване	подкупвания-нета
подкупя	подкупя	подкупиш	подкупи	подкупим	подкупите	подкупят	подкупих	подкупи	подкупи	подкупихме	подкупихте	подкупиха	подкупех	подкупеше	подкупеше	подкупехме	подкупехте	подкупеха	подкупи	подкупете	-	подкупил	подкупила	подкупило	подкупили	подкупел	подкупела	подкупело	подкупели	-	-	-	-	подкупен	подкупена	подкупено	подкупени	-	-
подложа	подложа	подложиш	подложи	подложим	подложите	подложат	подложих	подложи	подложи	подложихме	подложихте	подложиха	подложех	подложеше	подложеше	подложехме	подложехте	подложеха	подложи	подложете	-	подложил	подложила	подложило	подложили	подложел	подложела	подложело	подложели	-	-	-	-	подложен	подложена	подложено	подложени	-	-
подмажа	подмажа	подмажеш	подмаже	подмажем	подмажете	подмажат	подмазах	подмаза	подмаза	подмазахме	подмазахте	подмазаха	подмажех	подмажеше	подмажеше	подмажехме	подмажехте	подмажеха	подмажи	подмажете	-	подмазал	подмазала	подмазало	подмазали	подмажел	подмажела	подмажело	подмажели	-	-	-	-	подмазан	подмазана	подмазано	подмазани	-	-
подмета	подмета	подметеш	подмете	подметем	подметете	подметат	подметох	подмете	подмете	подметохме	подметохте	подметоха	подметях	подметеше	подметеше	подметяхме	подметяхте	подметяха	подмети	подметете	-	подмел	подмела	подмело	подмели	подметял	подметяла	подметяло	подметели	-	-	-	-	подметен	подметена	подметено	подметени	-	-
подмитам	-	-	-	-	-	-	подмитах	подмита	подмита	подмитахме	подмитахте	подмитаха	подмитах	подмиташе	подмиташе	подмитахме	подмитахте	подмитаха	подмитай	подмитайте	подмитайки	подмитал	подмитала	подмитало	подмитали	подмитал	подмитала	подмитало	подмитали	подмитащ	подмитаща	подмитащо	подмитащи	подмитан	подмитана	подмитано	подмитани	подмитане	подмитания-нета
подмия	подмия	подмиеш	подмие	подмием	подмиете	подмият	подмих	подми	подми	подмихме	подмихте	подмиха	подмиех	подмиеше	подмиеше	подмиехме	подмиехте	подмиеха	подмии	подмиите	-	подмил	подмила	подмило	подмили	подмиел	подмиела	подмиело	подмиели	-	-	-	-	подмит	подмита	подмито	подмити	-	-
поднеса	поднеса	поднесеш	поднесе	поднесем	поднесете	поднесат	поднесох	поднесе	поднесе	поднесохме	поднесохте	поднесоха	поднесях	поднесеше	поднесеше	поднесяхме	поднесяхте	поднесяха	поднеси	поднесете	-	поднесъл	поднесла	поднесло	поднесли	поднесял	поднесяла	поднесяло	поднесели	-	-	-	-	поднесен	поднесена	поднесено	поднесени	-	-
подобавам	-	-	-	-	-	-	подобавах	подобава	подобава	подобавахме	подобавахте	подобаваха	подобавах	подобаваше	подобаваше	подобавахме	подобавахте	подобаваха	подобаваи	подобаваите	подобаваики	подобавал	подобавала	подобавало	подобавали	подобавал	подобавала	подобавало	подобавали	подобаващ	подобаваща	подобаващо	подобаващи	-	-	-	-	подобаване	подобаванета
подобря	подобря	подобриш	подобри	подобрим	подобрите	подобрят	подобрих	подобри	подобри	подобрихме	подобрихте	подобриха	подобрях	подобреше	подобреше	подобряхме	подобряхте	подобряха	подобри	подобрете	-	подобрил	подобрила	подобрило	подобрили	подобрял	подобряла	подобряло	подобрели	-	-	-	-	подобрен	подобрена	подобрено	подобрени	-	-
подобрявам	-	-	-	-	-	-	подобрявах	подобрява	подобрява	подобрявахме	подобрявахте	подобряваха	подобрявах	подобряваше	подобряваше	подобрявахме	подобрявахте	подобряваха	подобрявай	подобрявайте	подобрявайки	подобрявал	подобрявала	подобрявало	подобрявали	подобрявал	подобрявала	подобрявало	подобрявали	подобряващ	подобряваща	подобряващо	подобряващи	подобряван	подобрявана	подобрявано	подобрявани	подобряване	подобрявания-нета
подозирам	-	-	-	-	-	-	подозирах	подозира	подозира	подозирахме	подозирахте	подозираха	подозирах	подозираше	подозираше	подозирахме	подозирахте	подозираха	подозираи	подозираите	подозираики	подозирал	подозирала	подозирало	подозирали	подозирал	подозирала	подозирало	подозирали	подозиращ	подозираща	подозиращо	подозиращи	подозиран	подозирана	подозирано	подозирани	подозиране	подозиранета
подозра	подозра	подозриш	подозри	подозрим	подозрите	подозрат	подозрих	подозри	подозри	подозрихме	подозрихте	подозриха	подозрях	подозреше	подозреше	подозряхме	подозряхте	подозряха	подозри	подозрете	подозреики	подозрил	подозрила	подозрило	подозрили	подозрял	подозряла	подозряло	подозрели	подозрящ	подозряща	подозрящо	подозрящи	подозрен	подозрена	подозрено	подозрени	подозрене	подозренета
подпаля	подпаля	подпалиш	подпали	подпалим	подпалите	подпалят	подпалих	подпали	подпали	подпалихме	подпалихте	подпалиха	подпалех	подпалеше	подпалеше	подпалехме	подпалехте	подпалеха	подпали	подпалете	-	подпалил	подпалила	подпалило	подпалили	подпалел	подпалела	подпалело	подпалели	-	-	-	-	подпален	подпалена	подпалено	подпалени	-	-
подпирам	-	-	-	-	-	-	подпирах	подпира	подпира	подпирахме	подпирахте	подпираха	подпирах	подпираше	подпираше	подпирахме	подпирахте	подпираха	подпирай	подпирайте	подпирайки	подпирал	подпирала	подпирало	подпирали	подпирал	подпирала	подпирало	подпирали	подпиращ	подпираща	подпиращо	подпиращи	подпиран	подпирана	подпирано	подпирани	подпиране	подпирания-нета
подписвам	-	-	-	-	-	-	подписвах	подписва	подписва	подписвахме	подписвахте	подписваха	подписвах	подписваше	подписваше	подписвахме	подписвахте	подписваха	подписвай	подписвайте	подписвайки	подписвал	подписвала	подписвало	подписвали	подписвал	подписвала	подписвало	подписвали	подписващ	подписваща	подписващо	подписващи	подписван	подписвана	подписвано	подписвани	подписване	подписвания-нета
подпитвам	подпитам	подпиташ	подпита	подпитаме	подпитате	подпитат	подпитах	подпита	подпита	подпитахме	подпитахте	подпитаха	подпитах	подпиташе	подпиташе	подпитахме	подпитахте	подпитаха	подпитаи	подпитаите	-	подпитал	подпитала	подпитало	подпитали	подпитал	подпитала	подпитало	подпитали	-	-	-	-	подпитан	подпитана	подпитано	подпитани	-	-
подпиша	подпиша	подпишеш	подпише	подпишем	подпишете	подпишат	подписах	подписа	подписа	подписахме	подписахте	подписаха	подпишех	подпишеше	подпишеше	подпишехме	подпишехте	подпишеха	подпиши	подпишете	-	подписал	подписала	подписало	подписали	подпишел	подпишела	подпишело	подпишели	-	-	-	-	подписан	подписана	подписано	подписани	-	-
подпра	подпра	подпреш	подпре	подпрем	подпрете	подпрат	подпрях	подпря	подпря	подпряхме	подпряхте	подпряха	подпрях	подпреше	подпреше	подпряхме	подпряхте	подпряха	подпри	подпрете	-	подпрял	подпряла	подпряло	подпрели	подпрял	подпряла	подпряло	подпрели	-	-	-	-	подпрян	подпряна	подпряно	подпрени	-	-
подразбера	подразбера	подразбереш	подразбере	подразберем	подразберете	подразберат	подразбрах	подразбра	подразбра	подразбрахме	подразбрахте	подразбраха	подразберях	подразбереше	подразбереше	подразберяхме	подразберяхте	подразберяха	подразбери	подразберете	-	подразбрал	подразбрала	подразбрало	подразбрали	подразберял	подразберяла	подразберяло	подразберели	-	-	-	-	подразбран	подразбрана	подразбрано	подразбрани	-	-
подрежа	подрежа	подрежеш	подреже	подрежем	подрежете	подрежат	подрязах	подряза	подряза	подрязахме	подрязахте	подрязаха	подрежех	подрежеше	подрежеше	подрежехме	подрежехте	подрежеха	подрежи	подрежете	-	подрязал	подрязала	подрязало	подрязали	подрежел	подрежела	подрежело	подрежели	-	-	-	-	подрязан	подрязана	подрязано	подрязани	-	-
подривам	-	-	-	-	-	-	подривах	подрива	подрива	подривахме	подривахте	подриваха	подривах	подриваше	подриваше	подривахме	подривахте	подриваха	подриваи	подриваите	подриваики	подривал	подривала	подривало	подривали	подривал	подривала	подривало	подривали	подриващ	подриваща	подриващо	подриващи	подриван	подривана	подривано	подривани	подриване	подриванета
подрина	подрина	подринеш	подрине	подринем	подринете	подринат	подринах	подрина	подрина	подринахме	подринахте	подринаха	подринех	подринеше	подринеше	подринехме	подринехте	подринеха	подрини	подринете	-	подринал	подринала	подринало	подринали	подринел	подринела	подринело	подринели	-	-	-	-	подринат	подрината	подринато	подринати	-	-
подслушам	-	-	-	-	-	-	подслушах	подслуша	подслуша	подслушахме	подслушахте	подслушаха	подслушах	подслушаше	подслушаше	подслушахме	подслушахте	подслушаха	подслушай	подслушайте	-	подслушал	подслушала	подслушало	подслушали	подслушал	подслушала	подслушало	подслушали	-	-	-	-	подслушан	подслушана	подслушано	подслушани	-	-
подслушвам	-	-	-	-	-	-	подслушвах	подслушва	подслушва	подслушвахме	подслушвахте	подслушваха	подслушвах	подслушваше	подслушваше	подслушвахме	подслушвахте	подслушваха	подслушвай	подслушвайте	подслушвайки	подслушвал	подслушвала	подслушвало	подслушвали	подслушвал	подслушвала	подслушвало	подслушвали	подслушващ	подслушваща	подслушващо	подслушващи	подслушван	подслушвана	подслушвано	подслушвани	подслушване	подслушвания-нета
подставя	подставя	подставиш	подстави	подставим	подставите	подставят	подставих	подстави	подстави	подставихме	подставихте	подставиха	подставех	подставеше	подставеше	подставехме	подставехте	подставеха	подстави	подставете	-	подставил	подставила	подставило	подставили	подставел	подставела	подставело	подставели	-	-	-	-	подставен	подставена	подставено	подставени	-	-
подстрекавам	-	-	-	-	-	-	подстрекавах	подстрекава	подстрекава	подстрекавахме	подстрекавахте	подстрекаваха	подстрекавах	подстрекаваше	подстрекаваше	подстрекавахме	подстрекавахте	подстрекаваха	подстрекаваи	подстрекаваите	подстрекаваики	подстрекавал	подстрекавала	подстрекавало	подстрекавали	подстрекавал	подстрекавала	подстрекавало	подстрекавали	подстрекаващ	подстрекаваща	подстрекаващо	подстрекаващи	подстрекаван	подстрекавана	подстрекавано	подстрекавани	подстрекаване	подстрекаванета
подсуша	подсуша	подсушиш	подсуши	подсушим	подсушите	подсушат	подсуших	подсуши	подсуши	подсушихме	подсушихте	подсушиха	подсушах	подсушеше	подсушеше	подсушахме	подсушахте	подсушаха	подсуши	подсушете	-	подсушил	подсушила	подсушило	подсушили	подсушал	подсушала	подсушало	подсушали	-	-	-	-	подсушен	подсушена	подсушено	подсушени	-	-
подчертавам	-	-	-	-	-	-	подчертавах	подчертава	подчертава	подчертавахме	подчертавахте	подчертаваха	подчертавах	подчертаваше	подчертаваше	подчертавахме	подчертавахте	подчертаваха	подчертавай	подчертавайте	подчертавайки	подчертавал	подчертавала	подчертавало	подчертавали	подчертавал	подчертавала	подчертавало	подчертавали	подчертаващ	подчертаваща	подчертаващо	подчертаващи	подчертаван	подчертавана	подчертавано	подчертавани	подчертаване	подчертавания-нета
подчертая	подчертая	подчертаеш	подчертае	подчертаем	подчертаете	подчертаят	подчертах	подчерта	подчерта	подчертахме	подчертахте	подчертаха	подчертаех	подчертаеше	подчертаеше	подчертаехме	подчертаехте	подчертаеха	подчертай	подчертайте	-	подчертал	подчертала	подчертало	подчертали	подчертаел	подчертаела	подчертаело	подчертаели	-	-	-	-	подчертан	подчертана	подчертано	подчертани	-	-
поема	поема	поемеш	поеме	поемем	поемете	поемат	поех	пое	пое	поехме	поехте	поеха	поемех	поемеше	поемеше	поемехме	поемехте	поемеха	поеми	поемете	-	поел	поела	поело	поели	поемел	поемела	поемело	поемели	-	-	-	-	поет	поета	поето	поети	-	-
поемам	-	-	-	-	-	-	поемах	поема	поема	поемахме	поемахте	поемаха	поемах	поемаше	поемаше	поемахме	поемахте	поемаха	поемаи	поемаите	поемаики	поемал	поемала	поемало	поемали	поемал	поемала	поемало	поемали	поемащ	поемаща	поемащо	поемащи	поеман	поемана	поемано	поемани	поемане	поеманета
пожелая	желая	желаеш	желае	желаем	желаете	желаят	желах	жела	жела	желахме	желахте	желаха	желаех	желаеше	желаеше	желаехме	желаехте	желаеха	желаи	желаите	желаеики	желал	желала	желало	желали	желаел	желаела	желаело	желаели	желаещ	желаеща	желаещо	желаещи	желан	желана	желано	желани	желане	желанета
пожъна	пожъна	пожънеш	пожъне	пожънем	пожънете	пожънат	пожънах	пожъна	пожъна	пожънахме	пожънахте	пожънаха	пожънех	пожънеше	пожънеше	пожънехме	пожънехте	пожънеха	пожъни	пожънете	-	пожънал	пожънала	пожънало	пожънали	пожънел	пожънела	пожънело	пожънели	-	-	-	-	пожънат	пожъната	пожънато	пожънати	-	-
позволя	позволя	позволиш	позволи	позволим	позволите	позволят	позволих	позволи	позволи	позволихме	позволихте	позволиха	позволях	позволеше	позволеше	позволяхме	позволяхте	позволяха	позволи	позволете	-	позволил	позволила	позволило	позволили	позволял	позволяла	позволяло	позволели	-	-	-	-	позволен	позволена	позволено	позволени	-	-
позволявам	-	-	-	-	-	-	позволявах	позволява	позволява	позволявахме	позволявахте	позволяваха	позволявах	позволяваше	позволяваше	позволявахме	позволявахте	позволяваха	позволяваи	позволяваите	позволяваики	позволявал	позволявала	позволявало	позволявали	позволявал	позволявала	позволявало	позволявали	позволяващ	позволяваща	позволяващо	позволяващи	позволяван	позволявана	позволявано	позволявани	позволяване	позволяванета
познавам	-	-	-	-	-	-	познавах	познава	познава	познавахме	познавахте	познаваха	познавах	познаваше	познаваше	познавахме	познавахте	познаваха	познаваи	познаваите	познаваики	познавал	познавала	познавало	познавали	познавал	познавала	познавало	познавали	познаващ	познаваща	познаващо	познаващи	познаван	познавана	познавано	познавани	познаване	познаванета
поизмета	поизмета	поизметеш	поизмете	поизметем	поизметете	поизметат	поизметох	поизмете	поизмете	поизметохме	поизметохте	поизметоха	поизметях	поизметеше	поизметеше	поизметяхме	поизметяхте	поизметяха	поизмети	поизметете	-	поизмел	поизмела	поизмело	поизмели	поизметял	поизметяла	поизметяло	поизметели	-	-	-	-	поизметен	поизметена	поизметено	поизметени	-	-
поизмитам	-	-	-	-	-	-	поизмитах	поизмита	поизмита	поизмитахме	поизмитахте	поизмитаха	поизмитах	поизмиташе	поизмиташе	поизмитахме	поизмитахте	поизмитаха	поизмитай	поизмитайте	поизмитайки	поизмитал	поизмитала	поизмитало	поизмитали	поизмитал	поизмитала	поизмитало	поизмитали	поизмитащ	поизмитаща	поизмитащо	поизмитащи	поизмитан	поизмитана	поизмитано	поизмитани	поизмитане	поизмитания-нета
поизрежа	поизрежа	поизрежеш	поизреже	поизрежем	поизрежете	поизрежат	поизрязах	поизряза	поизряза	поизрязахме	поизрязахте	поизрязаха	поизрежех	поизрежеше	поизрежеше	поизрежехме	поизрежехте	поизрежеха	поизрежи	поизрежете	-	поизрязал	поизрязала	поизрязало	поизрязали	поизрежел	поизрежела	поизрежело	поизрежели	-	-	-	-	поизрязан	поизрязана	поизрязано	поизрязани	-	-
поискам	-	-	-	-	-	-	поисках	поиска	поиска	поискахме	поискахте	поискаха	поисках	поискаше	поискаше	поискахме	поискахте	поискаха	поискаи	поискаите	-	поискал	поискала	поискало	поискали	поискал	поискала	поискало	поискали	-	-	-	-	поискан	поискана	поискано	поискани	-	-
поисквам	-	-	-	-	-	-	поисквах	поисква	поисква	поисквахме	поисквахте	поискваха	поисквах	поискваше	поискваше	поисквахме	поисквахте	поискваха	поискваи	поискваите	поискваики	поисквал	поисквала	поисквало	поисквали	поисквал	поисквала	поисквало	поисквали	поискващ	поискваща	поискващо	поискващи	поискван	поисквана	поисквано	поисквани	поискване	поискванета
покажа	покажа	покажеш	покаже	покажем	покажете	покажат	показах	показа	показа	показахме	показахте	показаха	покажех	покажеше	покажеше	покажехме	покажехте	покажеха	покажи	покажете	-	показал	показала	показало	показали	покажел	покажела	покажело	покажели	-	-	-	-	показан	показана	показано	показани	-	-
показвам	-	-	-	-	-	-	показвах	показва	показва	показвахме	показвахте	показваха	показвах	показваше	показваше	показвахме	показвахте	показваха	показваи	показваите	показваики	показвал	показвала	показвало	показвали	показвал	показвала	показвало	показвали	показващ	показваща	показващо	показващи	показван	показвана	показвано	показвани	показване	показванета
поканя	поканя	поканиш	покани	поканим	поканите	поканят	поканих	покани	покани	поканихме	поканихте	поканиха	поканех	поканеше	поканеше	поканехме	поканехте	поканеха	покани	поканете	-	поканил	поканила	поканило	поканили	поканел	поканела	поканело	поканели	-	-	-	-	поканен	поканена	поканено	поканени	-	-
покваря	покваря	поквариш	поквари	покварим	покварите	покварят	покварих	поквари	поквари	покварихме	покварихте	поквариха	покварях	поквареше	поквареше	покваряхме	покваряхте	покваряха	поквари	покварете	-	покварил	покварила	покварило	покварили	покварял	покваряла	покваряло	покварели	-	-	-	-	покварен	покварена	покварено	покварени	-	-
поклатя	поклатя	поклатиш	поклати	поклатим	поклатите	поклатят	поклатих	поклати	поклати	поклатихме	поклатихте	поклатиха	поклатех	поклатеше	поклатеше	поклатехме	поклатехте	поклатеха	поклати	поклатете	-	поклатил	поклатила	поклатило	поклатили	поклател	поклатела	поклатело	поклатели	-	-	-	-	поклатен	поклатена	поклатено	поклатени	-	-
поклоня	поклоня	поклониш	поклони	поклоним	поклоните	поклонят	поклоних	поклони	поклони	поклонихме	поклонихте	поклониха	поклонях	поклонеше	поклонеше	поклоняхме	поклоняхте	поклоняха	поклони	поклонете	-	поклонил	поклонила	поклонило	поклонили	поклонял	поклоняла	поклоняло	поклонели	-	-	-	-	поклонен	поклонена	поклонено	поклонени	-	-
покоря	покоря	покориш	покори	покорим	покорите	покорят	покорих	покори	покори	покорихме	покорихте	покориха	покорях	покореше	покореше	покоряхме	покоряхте	покоряха	покори	покорете	-	покорил	покорила	покорило	покорили	покорял	покоряла	покоряло	покорели	-	-	-	-	покорен	покорена	покорено	покорени	-	-
покривам	-	-	-	-	-	-	покривах	покрива	покрива	покривахме	покривахте	покриваха	покривах	покриваше	покриваше	покривахме	покривахте	покриваха	покриваи	покриваите	покриваики	покривал	покривала	покривало	покривали	покривал	покривала	покривало	покривали	покриващ	покриваща	покриващо	покриващи	покриван	покривана	покривано	покривани	покриване	покриванета
покрия	покрия	покриеш	покрие	покрием	покриете	покрият	покрих	покри	покри	покрихме	покрихте	покриха	покриех	покриеше	покриеше	покриехме	покриехте	покриеха	покрии	покриите	-	покрил	покрила	покрило	покрили	покриел	покриела	покриело	покриели	-	-	-	-	покрит	покрита	покрито	покрити	-	-
полетя	полетя	полетиш	полети	полетим	полетите	полетят	полетях	полетя	полетя	полетяхме	полетяхте	полетяха	полетях	полетеше	полетеше	полетяхме	полетяхте	полетяха	полети	полетете	-	полетял	полетяла	полетяло	полетели	полетял	полетяла	полетяло	полетели	-	-	-	-	-	-	-	-	-	-
ползвам	-	-	-	-	-	-	ползвах	ползва	ползва	ползвахме	ползвахте	ползваха	ползвах	ползваше	ползваше	ползвахме	ползвахте	ползваха	ползвай	ползвайте	ползвайки	ползвал	ползвала	ползвало	ползвали	ползвал	ползвала	ползвало	ползвали	ползващ	ползваща	ползващо	ползващи	ползван	ползвана	ползвано	ползвани	ползване	ползвания-нета
поливам	-	-	-	-	-	-	поливах	полива	полива	поливахме	поливахте	поливаха	поливах	поливаше	поливаше	поливахме	поливахте	поливаха	поливаи	поливаите	поливаики	поливал	поливала	поливало	поливали	поливал	поливала	поливало	поливали	поливащ	поливаща	поливащо	поливащи	поливан	поливана	поливано	поливани	поливане	поливанета
положа	положа	положиш	положи	положим	положите	положат	положих	положи	положи	положихме	положихте	положиха	положех	положеше	положеше	положехме	положехте	положеха	положи	положете	-	положил	положила	положило	положили	положел	положела	положело	положели	-	-	-	-	положен	положена	положено	положени	-	-
полудея	полудея	полудееш	полудее	полудеем	полудеете	полудеят	полудях	полудя	полудя	полудяхме	полудяхте	полудяха	полудеех	полудееше	полудееше	полудеехме	полудеехте	полудееха	полудей	полудейте	-	полудял	полудяла	полудяло	полудели	полудеел	полудеела	полудеело	полудеели	-	-	-	-	-	-	-	-	-	-
полудявам	-	-	-	-	-	-	полудявах	полудява	полудява	полудявахме	полудявахте	полудяваха	полудявах	полудяваше	полудяваше	полудявахме	полудявахте	полудяваха	полудявай	полудявайте	полудявайки	полудявал	полудявала	полудявало	полудявали	полудявал	полудявала	полудявало	полудявали	полудяващ	полудяваща	полудяващо	полудяващи	-	-	-	-	полудяване	полудявания-нета
получа	получа	получиш	получи	получим	получите	получат	получих	получи	получи	получихме	получихте	получиха	получех	получеше	получеше	получехме	получехте	получеха	получи	получете	-	получил	получила	получило	получили	получел	получела	получело	получели	-	-	-	-	получен	получена	получено	получени	-	-
получавам	-	-	-	-	-	-	получавах	получава	получава	получавахме	получавахте	получаваха	получавах	получаваше	получаваше	получавахме	получавахте	получаваха	получавай	получавайте	получавайки	получавал	получавала	получавало	получавали	получавал	получавала	получавало	получавали	получаващ	получаваща	получаващо	получаващи	получаван	получавана	получавано	получавани	получаване	получавания-нета
помагам	-	-	-	-	-	-	помагах	помага	помага	помагахме	помагахте	помагаха	помагах	помагаше	помагаше	помагахме	помагахте	помагаха	помагай	помагайте	помагайки	помагал	помагала	помагало	помагали	помагал	помагала	помагало	помагали	помагащ	помагаща	помагащо	помагащи	-	-	-	-	помагане	помагания-нета
помета	помета	пометеш	помете	пометем	пометете	пометат	пометох	помете	помете	пометохме	пометохте	пометоха	пометях	пометеше	пометеше	пометяхме	пометяхте	пометяха	помети	пометете	-	помел	помела	помело	помели	пометял	пометяла	пометяло	пометели	-	-	-	-	пометен	пометена	пометено	пометени	-	-
помисля	помисля	помислиш	помисли	помислим	помислите	помислят	помислих	помисли	помисли	помислихме	помислихте	помислиха	помислех	помислеше	помислеше	помислехме	помислехте	помислеха	помисли	помислете	-	помислил	помислила	помислило	помислили	помислел	помислела	помислело	помислели	-	-	-	-	помислен	помислена	помислено	помислени	-	-
помислям	-	-	-	-	-	-	помислях	помисля	помисля	помисляхме	помисляхте	помисляха	помислях	помисляше	помисляше	помисляхме	помисляхте	помисляха	помисляи	помисляите	помисляики	помислял	помисляла	помисляло	помисляли	помислял	помисляла	помисляло	помисляли	помислящ	помисляща	помислящо	помислящи	помислян	помисляна	помисляно	помисляни	помисляне	помислянета
помитам	-	-	-	-	-	-	помитах	помита	помита	помитахме	помитахте	помитаха	помитах	помиташе	помиташе	помитахме	помитахте	помитаха	помитай	помитайте	помитайки	помитал	помитала	помитало	помитали	помитал	помитала	помитало	помитали	помитащ	помитаща	помитащо	помитащи	помитан	помитана	помитано	помитани	помитане	помитания-нета
помня	помня	помниш	помни	помним	помните	помнят	помних	помни	помни	помнихме	помнихте	помниха	помнех	помнеше	помнеше	помнехме	помнехте	помнеха	помни	помнете	помнеики	помнил	помнила	помнило	помнили	помнел	помнела	помнело	помнели	помнещ	помнеща	помнещо	помнещи	помнен	помнена	помнено	помнени	помнене	помненета
помогна	помогна	помогнеш	помогне	помогнем	помогнете	помогнат	помогнах	помогна	помогна	помогнахме	помогнахте	помогнаха	помогнех	помогнеше	помогнеше	помогнехме	помогнехте	помогнеха	помогни	помогнете	-	помогнал	помогнала	помогнало	помогнали	помогнел	помогнела	помогнело	помогнели	-	-	-	-	-	-	-	-	-	-
помолвам	-	-	-	-	-	-	помолвах	помолва	помолва	помолвахме	помолвахте	помолваха	помолвах	помолваше	помолваше	помолвахме	помолвахте	помолваха	помолваи	помолваите	помолваики	помолвал	помолвала	помолвало	помолвали	помолвал	помолвала	помолвало	помолвали	помолващ	помолваща	помолващо	помолващи	помолван	помолвана	помолвано	помолвани	помолване	помолванета
помоля	помоля	помолиш	помоли	помолим	помолите	помолят	помолих	помоли	помоли	помолихме	помолихте	помолиха	помолех	помолеше	помолеше	помолехме	помолехте	помолеха	помоли	помолете	-	помолил	помолила	помолило	помолили	помолел	помолела	помолело	помолели	-	-	-	-	помолен	помолена	помолено	помолени	-	-
понавлизам	-	-	-	-	-	-	понавлизах	понавлиза	понавлиза	понавлизахме	понавлизахте	понавлизаха	понавлизах	понавлизаше	понавлизаше	понавлизахме	понавлизахте	понавлизаха	понавлизай	понавлизайте	понавлизайки	понавлизал	понавлизала	понавлизало	понавлизали	понавлизал	понавлизала	понавлизало	понавлизали	понавлизащ	понавлизаща	понавлизащо	понавлизащи	-	-	-	-	понавлизане	понавлизания-нета
понавляза	понавляза	понавлезеш	понавлезе	понавлезем	понавлезете	понавлязат	понавлязох	понавлезе	понавлезе	понавлязохме	понавлязохте	понавлязоха	понавлезех	понавлезеше	понавлезеше	понавлезехме	понавлезехте	понавлезеха	понавлез	понавлезте	-	понавлязъл	понавлязла	понавлязло	понавлезли	понавлезел	понавлезела	понавлезело	понавлезели	-	-	-	-	-	-	-	-	-	-
понапека	понапека	понапечеш	понапече	понапечем	понапечете	понапекат	понапекох	понапече	понапече	понапекохме	понапекохте	понапекоха	понапечах	понапечеше	понапечеше	понапечахме	понапечахте	понапечаха	понапечи	понапечете	-	понапекъл	понапекла	понапекло	понапекли	понапечал	понапечала	понапечало	понапечели	-	-	-	-	понапечен	понапечена	понапечено	понапечени	-	-
понапичам	-	-	-	-	-	-	понапичах	понапича	понапича	понапичахме	понапичахте	понапичаха	понапичах	понапичаше	понапичаше	понапичахме	понапичахте	понапичаха	понапичай	понапичайте	понапичайки	понапичал	понапичала	понапичало	понапичали	понапичал	понапичала	понапичало	понапичали	понапичащ	понапичаща	понапичащо	понапичащи	понапичан	понапичана	понапичано	понапичани	понапичане	понапичания-нета
понеса	понеса	понесеш	понесе	понесем	понесете	понесат	понесох	понесе	понесе	понесохме	понесохте	понесоха	понесях	понесеше	понесеше	понесяхме	понесяхте	понесяха	понеси	понесете	-	понесъл	понесла	понесло	понесли	понесял	понесяла	понесяло	понесели	-	-	-	-	понесен	понесена	понесено	понесени	-	-
поникна	поникна	поникнеш	поникне	поникнем	поникнете	поникнат	поникнах	поникна	поникна	поникнахме	поникнахте	поникнаха	поникнех	поникнеше	поникнеше	поникнехме	поникнехте	поникнеха	поникни	поникнете	-	поникнал	поникнала	поникнало	поникнали	поникнел	поникнела	поникнело	поникнели	-	-	-	-	-	-	-	-	-	-
поопека	поопека	поопечеш	поопече	поопечем	поопечете	поопекат	поопекох	поопече	поопече	поопекохме	поопекохте	поопекоха	поопечах	поопечеше	поопечеше	поопечахме	поопечахте	поопечаха	поопечи	поопечете	-	поопекъл	поопекла	поопекло	поопекли	поопечал	поопечала	поопечало	поопечели	-	-	-	-	поопечен	поопечена	поопечено	поопечени	-	-
поопичам	-	-	-	-	-	-	поопичах	поопича	поопича	поопичахме	поопичахте	поопичаха	поопичах	поопичаше	поопичаше	поопичахме	поопичахте	поопичаха	поопичай	поопичайте	поопичайки	поопичал	поопичала	поопичало	поопичали	поопичал	поопичала	поопичало	поопичали	поопичащ	поопичаща	поопичащо	поопичащи	поопичан	поопичана	поопичано	поопичани	поопичане	поопичания-нета
поотека	поотека	поотечеш	поотече	поотечем	поотечете	поотекат	поотекох	поотече	поотече	поотекохме	поотекохте	поотекоха	поотечах	поотечеше	поотечеше	поотечахме	поотечахте	поотечаха	поотечи	поотечете	-	поотекъл	поотекла	поотекло	поотекли	поотечал	поотечала	поотечало	поотечели	-	-	-	-	-	-	-	-	-	-
поотичам	-	-	-	-	-	-	поотичах	поотича	поотича	поотичахме	поотичахте	поотичаха	поотичах	поотичаше	поотичаше	поотичахме	поотичахте	поотичаха	поотичай	поотичайте	поотичайки	поотичал	поотичала	поотичало	поотичали	поотичал	поотичала	поотичало	поотичали	поотичащ	поотичаща	поотичащо	поотичащи	-	-	-	-	поотичане	поотичания-нета
попадам	-	-	-	-	-	-	попадах	попада	попада	попадахме	попадахте	попадаха	попадах	попадаше	попадаше	попадахме	попадахте	попадаха	попадаи	попадаите	попадаики	попадал	попадала	попадало	попадали	попадал	попадала	попадало	попадали	попадащ	попадаща	попадащо	попадащи	-	-	-	-	попадане	попаданета
попаря	попаря	попариш	попари	попарим	попарите	попарят	попарих	попари	попари	попарихме	попарихте	попариха	попарех	попареше	попареше	попарехме	попарехте	попареха	попари	попарете	-	попарил	попарила	попарило	попарили	попарел	попарела	попарело	попарели	-	-	-	-	попарен	попарена	попарено	попарени	-	-
попека	попека	попечеш	попече	попечем	попечете	попекат	попекох	попече	попече	попекохме	попекохте	попекоха	попечах	попечеше	попечеше	попечахме	попечахте	попечаха	попечи	попечете	-	попекъл	попекла	попекло	попекли	попечал	попечала	попечало	попечели	-	-	-	-	попечен	попечена	попечено	попечени	-	-
попитам	-	-	-	-	-	-	попитах	попита	попита	попитахме	попитахте	попитаха	попитах	попиташе	попиташе	попитахме	попитахте	попитаха	попитай	попитайте	-	попитал	попитала	попитало	попитали	попитал	попитала	попитало	попитали	-	-	-	-	попитан	попитана	попитано	попитани	-	-
попитвам	-	-	-	-	-	-	попитвах	попитва	попитва	попитвахме	попитвахте	попитваха	попитвах	попитваше	попитваше	попитвахме	попитвахте	попитваха	попитвай	попитвайте	попитвайки	попитвал	попитвала	попитвало	попитвали	попитвал	попитвала	попитвало	попитвали	попитващ	попитваща	попитващо	попитващи	попитван	попитвана	попитвано	попитвани	попитване	попитвания-нета
попичам	-	-	-	-	-	-	попичах	попича	попича	попичахме	попичахте	попичаха	попичах	попичаше	попичаше	попичахме	попичахте	попичаха	попичай	попичайте	попичайки	попичал	попичала	попичало	попичали	попичал	попичала	попичало	попичали	попичащ	попичаща	попичащо	попичащи	попичан	попичана	попичано	попичани	попичане	попичания-нета
поправя	поправя	поправиш	поправи	поправим	поправите	поправят	поправих	поправи	поправи	поправихме	поправихте	поправиха	поправех	поправеше	поправеше	поправехме	поправехте	поправеха	поправи	поправете	-	поправил	поправила	поправило	поправили	поправел	поправела	поправело	поправели	-	-	-	-	поправен	поправена	поправено	поправени	-	-
поправям	-	-	-	-	-	-	поправях	поправя	поправя	поправяхме	поправяхте	поправяха	поправях	поправяше	поправяше	поправяхме	поправяхте	поправяха	поправяи	поправяите	поправяики	поправял	поправяла	поправяло	поправяли	поправял	поправяла	поправяло	поправяли	поправящ	поправяща	поправящо	поправящи	поправян	поправяна	поправяно	поправяни	поправяне	поправянета
попреча	попреча	попречиш	попречи	попречим	попречите	попречат	попречих	попречи	попречи	попречихме	попречихте	попречиха	попречех	попречеше	попречеше	попречехме	попречехте	попречеха	попречи	попречете	-	попречил	попречила	попречило	попречили	попречел	попречела	попречело	попречели	-	-	-	-	попречен	попречена	попречено	попречени	-	-
поразя	поразя	поразиш	порази	поразим	поразите	поразят	поразих	порази	порази	поразихме	поразихте	поразиха	поразях	поразеше	поразеше	поразяхме	поразяхте	поразяха	порази	поразете	-	поразил	поразила	поразило	поразили	поразял	поразяла	поразяло	поразели	-	-	-	-	поразен	поразена	поразено	поразени	-	-
поразявам	-	-	-	-	-	-	поразявах	поразява	поразява	поразявахме	поразявахте	поразяваха	поразявах	поразяваше	поразяваше	поразявахме	поразявахте	поразяваха	поразяваи	поразяваите	поразяваики	поразявал	поразявала	поразявало	поразявали	поразявал	поразявала	поразявало	поразявали	поразяващ	поразяваща	поразяващо	поразяващи	поразяван	поразявана	поразявано	поразявани	поразяване	поразяванета
порежа	порежа	порежеш	пореже	порежем	порежете	порежат	порезах	пореза	пореза	порезахме	порезахте	порезаха	порежех	порежеше	порежеше	порежехме	порежехте	порежеха	порежи	порежете	порежеики	порезал	порезала	порезало	порезали	порежел	порежела	порежело	порежели	порежещ	порежеща	порежещо	порежещи	порязан	порязана	порязано	порязани	порязане	порязанета
порицавам	-	-	-	-	-	-	порицавах	порицава	порицава	порицавахме	порицавахте	порицаваха	порицавах	порицаваше	порицаваше	порицавахме	порицавахте	порицаваха	порицаваи	порицаваите	порицаваики	порицавал	порицавала	порицавало	порицавали	порицавал	порицавала	порицавало	порицавали	порицаващ	порицаваща	порицаващо	порицаващи	порицаван	порицавана	порицавано	порицавани	порицаване	порицаванета
порицая	порицая	порицаеш	порицае	порицаем	порицаете	порицаят	порицах	порица	порица	порицахме	порицахте	порицаха	порицаех	порицаеше	порицаеше	порицаехме	порицаехте	порицаеха	порицаи	порицаите	-	порицал	порицала	порицало	порицали	порицаел	порицаела	порицаело	порицаели	-	-	-	-	порицан	порицана	порицано	порицани	-	-
породя	породя	породиш	породи	породим	породите	породят	породих	породи	породи	породихме	породихте	породиха	породях	породеше	породеше	породяхме	породяхте	породяха	породи	породете	-	породил	породила	породило	породили	породял	породяла	породяло	породели	-	-	-	-	породен	породена	породено	породени	-	-
портя	портя	портиш	порти	портим	портите	портят	портих	порти	порти	портихме	портихте	портиха	портех	портеше	портеше	портехме	портехте	портеха	порти	портете	портеики	портил	портила	портило	портили	портел	портела	портело	портели	портещ	портеща	портещо	портещи	портен	портена	портено	портени	портене	портенета
порусча	порусча	порусчиш	порусчи	порусчим	порусчите	порусчат	порусчих	порусчи	порусчи	порусчихме	порусчихте	порусчиха	порусчех	порусчеше	порусчеше	порусчехме	порусчехте	порусчеха	порусчи	порусчете	-	порусчил	порусчила	порусчило	порусчили	порусчел	порусчела	порусчело	порусчели	-	-	-	-	порусчен	порусчена	порусчено	порусчени	-	-
поръчам	-	-	-	-	-	-	поръчах	поръча	поръча	поръчахме	поръчахте	поръчаха	поръчах	поръчаше	поръчаше	поръчахме	поръчахте	поръчаха	поръчаи	поръчаите	-	поръчал	поръчала	поръчало	поръчали	поръчал	поръчала	поръчало	поръчали	-	-	-	-	поръчан	поръчана	поръчано	поръчани	-	-
поръчвам	-	-	-	-	-	-	поръчвах	поръчва	поръчва	поръчвахме	поръчвахте	поръчваха	поръчвах	поръчваше	поръчваше	поръчвахме	поръчвахте	поръчваха	поръчваи	поръчваите	поръчваики	поръчвал	поръчвала	поръчвало	поръчвали	поръчвал	поръчвала	поръчвало	поръчвали	поръчващ	поръчваща	поръчващо	поръчващи	поръчван	поръчвана	поръчвано	поръчвани	поръчване	поръчванета
поря	поря	пориш	пори	порим	порите	порят	порих	пори	пори	порихме	порихте	пориха	порех	пореше	пореше	порехме	порехте	пореха	пори	порете	пореики	порил	порила	порило	порили	порел	порела	порело	порели	порещ	пореща	порещо	порещи	порен	порена	порено	порени	порене	поренета
посадя	посадя	посадиш	посади	посадим	посадите	посадят	посадих	посади	посади	посадихме	посадихте	посадиха	посадях	посадеше	посадеше	посадяхме	посадяхте	посадяха	посади	посадете	-	посадил	посадила	посадило	посадили	посадял	посадяла	посадяло	посадели	-	-	-	-	посаден	посадена	посадено	посадени	-	-
посетя	посетя	посетиш	посети	посетим	посетите	посетят	посетих	посети	посети	посетихме	посетихте	посетиха	посетях	посетеше	посетеше	посетяхме	посетяхте	посетяха	посети	посетете	-	посетил	посетила	посетило	посетили	посетял	посетяла	посетяло	посетели	-	-	-	-	посетен	посетена	посетено	посетени	-	-
посещавам	-	-	-	-	-	-	посещавах	посещава	посещава	посещавахме	посещавахте	посещаваха	посещавах	посещаваше	посещаваше	посещавахме	посещавахте	посещаваха	посещавай	посещавайте	посещавайки	посещавал	посещавала	посещавало	посещавали	посещавал	посещавала	посещавало	посещавали	посещаващ	посещаваща	посещаващо	посещаващи	посещаван	посещавана	посещавано	посещавани	посещаване	посещавания-нета
посея	посея	посееш	посее	посеем	посеете	посеят	посях	пося	пося	посяхме	посяхте	посяха	посеех	посееше	посееше	посеехме	посеехте	посееха	посеи	посеите	-	посял	посяла	посяло	посели	посеел	посеела	посеело	посеели	-	-	-	-	посян	посяна	посяно	посени	-	-
посилам	-	-	-	-	-	-	посилах	посила	посила	посилахме	посилахте	посилаха	посилах	посилаше	посилаше	посилахме	посилахте	посилаха	посилаи	посилаите	посилаики	посилал	посилала	посилало	посилали	посилал	посилала	посилало	посилали	посилащ	посилаща	посилащо	посилащи	посилан	посилана	посилано	посилани	посилане	посиланета
последвам	-	-	-	-	-	-	последвах	последва	последва	последвахме	последвахте	последваха	последвах	последваше	последваше	последвахме	последвахте	последваха	последваи	последваите	-	последвал	последвала	последвало	последвали	последвал	последвала	последвало	последвали	-	-	-	-	последван	последвана	последвано	последвани	-	-
посоча	посоча	посочиш	посочи	посочим	посочите	посочат	посочих	посочи	посочи	посочихме	посочихте	посочиха	посочех	посочеше	посочеше	посочехме	посочехте	посочеха	посочи	посочете	-	посочил	посочила	посочило	посочили	посочел	посочела	посочело	посочели	-	-	-	-	посочен	посочена	посочено	посочени	-	-
посочвам	-	-	-	-	-	-	посочвах	посочва	посочва	посочвахме	посочвахте	посочваха	посочвах	посочваше	посочваше	посочвахме	посочвахте	посочваха	посочваи	посочваите	посочваики	посочвал	посочвала	посочвало	посочвали	посочвал	посочвала	посочвало	посочвали	посочващ	посочваща	посочващо	посочващи	посочван	посочвана	посочвано	посочвани	посочване	посочванета
поспирам	-	-	-	-	-	-	поспирах	поспира	поспира	поспирахме	поспирахте	поспираха	поспирах	поспираше	поспираше	поспирахме	поспирахте	поспираха	поспирай	поспирайте	поспирайки	поспирал	поспирала	поспирало	поспирали	поспирал	поспирала	поспирало	поспирали	поспиращ	поспираща	поспиращо	поспиращи	поспиран	поспирана	поспирано	поспирани	поспиране	поспирания-нета
поспра	поспра	поспреш	поспре	поспрем	поспрете	поспрат	поспрях	поспря	поспря	поспряхме	поспряхте	поспряха	поспрях	поспреше	поспреше	поспряхме	поспряхте	поспряха	поспри	поспрете	-	поспрял	поспряла	поспряло	поспрели	поспрял	поспряла	поспряло	поспрели	-	-	-	-	поспрян	поспряна	поспряно	поспрени	-	-
поспя	поспя	поспиш	поспи	поспим	поспите	поспят	поспах	поспа	поспа	поспахме	поспахте	поспаха	поспях	поспеше	поспеше	поспяхме	поспяхте	поспяха	поспи	поспете	-	поспал	поспала	поспало	поспали	поспял	поспяла	поспяло	поспели	-	-	-	-	-	-	-	-	-	-
поставя	поставя	поставиш	постави	поставим	поставите	поставят	поставих	постави	постави	поставихме	поставихте	поставиха	поставех	поставеше	поставеше	поставехме	поставехте	поставеха	постави	поставете	-	поставил	поставила	поставило	поставили	поставел	поставела	поставело	поставели	-	-	-	-	поставен	поставена	поставено	поставени	-	-
поставям	-	-	-	-	-	-	поставях	поставя	поставя	поставяхме	поставяхте	поставяха	поставях	поставяше	поставяше	поставяхме	поставяхте	поставяха	поставяи	поставяите	поставяики	поставял	поставяла	поставяло	поставяли	поставял	поставяла	поставяло	поставяли	поставящ	поставяща	поставящо	поставящи	поставян	поставяна	поставяно	поставяни	поставяне	поставянета
постеля	постеля	постелеш	постеле	постелем	постелете	постелят	постлах	постла	постла	постлахме	постлахте	постлаха	постелех	постелеше	постелеше	постелехме	постелехте	постелеха	постели	постелете	-	постлал	постлала	постлало	постлали	постелел	постелела	постелело	постелели	-	-	-	-	постлан	постлана	постлано	постлани	-	-
постигам	-	-	-	-	-	-	постигах	постига	постига	постигахме	постигахте	постигаха	постигах	постигаше	постигаше	постигахме	постигахте	постигаха	постигаи	постигаите	постигаики	постигал	постигала	постигало	постигали	постигал	постигала	постигало	постигали	постигащ	постигаща	постигащо	постигащи	постиган	постигана	постигано	постигани	постигане	постиганета
постигна	постигна	постигнеш	постигне	постигнем	постигнете	постигнат	постигнах	постигна	постигна	постигнахме	постигнахте	постигнаха	постигнех	постигнеше	постигнеше	постигнехме	постигнехте	постигнеха	постигни	постигнете	-	постигнал	постигнала	постигнало	постигнали	постигнел	постигнела	постигнело	постигнели	-	-	-	-	постигнат	постигната	постигнато	постигнати	-	-
постилам	-	-	-	-	-	-	постилах	постила	постила	постилахме	постилахте	постилаха	постилах	постилаше	постилаше	постилахме	постилахте	постилаха	постилаи	постилаите	постилаики	постилал	постилала	постилало	постилали	постилал	постилала	постилало	постилали	постилащ	постилаща	постилащо	постилащи	постилан	постилана	постилано	постилани	постилане	постиланета
построя	построя	построиш	построи	построим	построите	построят	построих	построи	построи	построихме	построихте	построиха	построях	построеше	построеше	построяхме	построяхте	построяха	построй	постройте	-	построил	построила	построило	построили	построял	построяла	построяло	построели	-	-	-	-	построен	построена	построено	построени	-	-
построявам	-	-	-	-	-	-	построявах	построява	построява	построявахме	построявахте	построяваха	построявах	построяваше	построяваше	построявахме	построявахте	построяваха	построявай	построявайте	построявайки	построявал	построявала	построявало	построявали	построявал	построявала	построявало	построявали	построяващ	построяваща	построяващо	построяващи	построяван	построявана	построявано	построявани	построяване	построявания-нета
постъпя	постъпя	постъпиш	постъпи	постъпим	постъпите	постъпят	постъпих	постъпи	постъпи	постъпихме	постъпихте	постъпиха	постъпех	постъпеше	постъпеше	постъпехме	постъпехте	постъпеха	постъпи	постъпете	-	постъпил	постъпила	постъпило	постъпили	постъпел	постъпела	постъпело	постъпели	-	-	-	-	-	-	-	-	-	-
посъветвам	-	-	-	-	-	-	посъветвах	посъветва	посъветва	посъветвахме	посъветвахте	посъветваха	посъветвах	посъветваше	посъветваше	посъветвахме	посъветвахте	посъветваха	посъветвай	посъветвайте	-	посъветвал	посъветвала	посъветвало	посъветвали	посъветвал	посъветвала	посъветвало	посъветвали	-	-	-	-	посъветван	посъветвана	посъветвано	посъветвани	-	-
посърна	посърна	посърнеш	посърне	посърнем	посърнете	посърнат	посърнах	посърна	посърна	посърнахме	посърнахте	посърнаха	посърнех	посърнеше	посърнеше	посърнехме	посърнехте	посърнеха	посърни	посърнете	-	посърнал	посърнала	посърнало	посърнали	посърнел	посърнела	посърнело	посърнели	-	-	-	-	-	-	-	-	-	-
посягам	-	-	-	-	-	-	посягах	посяга	посяга	посягахме	посягахте	посягаха	посягах	посягаше	посягаше	посягахме	посягахте	посягаха	посягаи	посягаите	посягаики	посягал	посягала	посягало	посягали	посягал	посягала	посягало	посягали	посягащ	посягаща	посягащо	посягащи	-	-	-	-	посягане	посяганета
потвърдя	потвърдя	потвърдиш	потвърди	потвърдим	потвърдите	потвърдят	потвърдих	потвърди	потвърди	потвърдихме	потвърдихте	потвърдиха	потвърдях	потвърдеше	потвърдеше	потвърдяхме	потвърдяхте	потвърдяха	потвърди	потвърдете	-	потвърдил	потвърдила	потвърдило	потвърдили	потвърдял	потвърдяла	потвърдяло	потвърдели	-	-	-	-	потвърден	потвърдена	потвърдено	потвърдени	-	-
потвърждавам	-	-	-	-	-	-	потвърждавах	потвърждава	потвърждава	потвърждавахме	потвърждавахте	потвърждаваха	потвърждавах	потвърждаваше	потвърждаваше	потвърждавахме	потвърждавахте	потвърждаваха	потвърждаваи	потвърждаваите	потвърждаваики	потвърждавал	потвърждавала	потвърждавало	потвърждавали	потвърждавал	потвърждавала	потвърждавало	потвърждавали	потвърждаващ	потвърждаваща	потвърждаващо	потвърждаващи	потвърждаван	потвърждавана	потвърждавано	потвърждавани	потвърждаване	потвърждаванета
потека	потека	потечеш	потече	потечем	потечете	потекат	потекох	потече	потече	потекохме	потекохте	потекоха	потечах	потечеше	потечеше	потечахме	потечахте	потечаха	потечи	потечете	-	потекъл	потекла	потекло	потекли	потечал	потечала	потечало	потечели	-	-	-	-	-	-	-	-	-	-
потискам	-	-	-	-	-	-	потисках	потиска	потиска	потискахме	потискахте	потискаха	потисках	потискаше	потискаше	потискахме	потискахте	потискаха	потискаи	потискаите	потискаики	потискал	потискала	потискало	потискали	потискал	потискала	потискало	потискали	потискащ	потискаща	потискащо	потискащи	потискан	потискана	потискано	потискани	потискане	потисканета
потичам	-	-	-	-	-	-	потичах	потича	потича	потичахме	потичахте	потичаха	потичах	потичаше	потичаше	потичахме	потичахте	потичаха	потичай	потичайте	потичайки	потичал	потичала	потичало	потичали	потичал	потичала	потичало	потичали	потичащ	потичаща	потичащо	потичащи	-	-	-	-	потичане	потичания-нета
потреса	потреса	потресеш	потресе	потресем	потресете	потресат	потресох	потресе	потресе	потресохме	потресохте	потресоха	потресях	потресеше	потресеше	потресяхме	потресяхте	потресяха	потреси	потресете	-	потресъл	потресла	потресло	потресли	потресял	потресяла	потресяло	потресели	-	-	-	-	потресен	потресена	потресено	потресени	-	-
потрябвам	-	-	-	-	-	-	потрябвах	потрябва	потрябва	потрябвахме	потрябвахте	потрябваха	потрябвах	потрябваше	потрябваше	потрябвахме	потрябвахте	потрябваха	потрябваи	потрябваите	-	потрябвал	потрябвала	потрябвало	потрябвали	потрябвал	потрябвала	потрябвало	потрябвали	-	-	-	-	-	-	-	-	-	-
потурча	потурча	потурчиш	потурчи	потурчим	потурчите	потурчат	потурчих	потурчи	потурчи	потурчихме	потурчихте	потурчиха	потурчех	потурчеше	потурчеше	потурчехме	потурчехте	потурчеха	потурчи	потурчете	-	потурчил	потурчила	потурчило	потурчили	потурчел	потурчела	потурчело	потурчели	-	-	-	-	потурчен	потурчена	потурчено	потурчени	-	-
потуша	потуша	потушиш	потуши	потушим	потушите	потушат	потуших	потуши	потуши	потушихме	потушихте	потушиха	потушах	потушеше	потушеше	потушахме	потушахте	потушаха	потуши	потушете	-	потушил	потушила	потушило	потушили	потушал	потушала	потушало	потушели	-	-	-	-	потушен	потушена	потушено	потушени	-	-
потушавам	-	-	-	-	-	-	потушавах	потушава	потушава	потушавахме	потушавахте	потушаваха	потушавах	потушаваше	потушаваше	потушавахме	потушавахте	потушаваха	потушавай	потушавайте	потушавайки	потушавал	потушавала	потушавало	потушавали	потушавал	потушавала	потушавало	потушавали	потушаващ	потушаваща	потушаващо	потушаващи	потушаван	потушавана	потушавано	потушавани	потушаване	потушавания-нета
потъвам	-	-	-	-	-	-	потъвах	потъва	потъва	потъвахме	потъвахте	потъваха	потъвах	потъваше	потъваше	потъвахме	потъвахте	потъваха	потъвай	потъвайте	потъвайки	потъвал	потъвала	потъвало	потъвали	потъвал	потъвала	потъвало	потъвали	потъващ	потъваща	потъващо	потъващи	-	-	-	-	потъване	потъвания-нета
потъна	потъна	потънеш	потъне	потънем	потънете	потънат	потънах	потъна	потъна	потънахме	потънахте	потънаха	потънех	потънеше	потънеше	потънехме	потънехте	потънеха	потъни	потънете	-	потънал	потънала	потънало	потънали	потънел	потънела	потънело	потънели	-	-	-	-	-	-	-	-	-	-
похитя	похитя	похитиш	похити	похитим	похитите	похитят	похитих	похити	похити	похитихме	похитихте	похитиха	похитях	похитеше	похитеше	похитяхме	похитяхте	похитяха	похити	похитете	-	похитил	похитила	похитило	похитили	похитял	похитяла	похитяло	похители	-	-	-	-	похитен	похитена	похитено	похитени	-	-
почвам	-	-	-	-	-	-	почвах	почва	почва	почвахме	почвахте	почваха	почвах	почваше	почваше	почвахме	почвахте	почваха	почвай	почвайте	почвайки	почвал	почвала	почвало	почвали	почвал	почвала	почвало	почвали	почващ	почваща	почващо	почващи	почван	почвана	почвано	почвани	почване	почвания-нета
почета	почета	почетеш	почете	почетем	почетете	почетат	почетох	почете	почете	почетохме	почетохте	почетоха	почетях	почетеше	почетеше	почетяхме	почетяхте	почетяха	почети	почетете	-	почел	почела	почело	почели	почетял	почетяла	почетяло	почетели	-	-	-	-	почетен	почетена	почетено	почетени	-	-
почивам	-	-	-	-	-	-	почивах	почива	почива	почивахме	почивахте	почиваха	почивах	почиваше	почиваше	почивахме	почивахте	почиваха	почиваи	почиваите	почиваики	почивал	почивала	почивало	почивали	почивал	почивала	почивало	почивали	почиващ	почиваща	почиващо	почиващи	-	-	-	-	почиване	почиванета
почитам	-	-	-	-	-	-	почитах	почита	почита	почитахме	почитахте	почитаха	почитах	почиташе	почиташе	почитахме	почитахте	почитаха	почитай	почитайте	почитайки	почитал	почитала	почитало	почитали	почитал	почитала	почитало	почитали	почитащ	почитаща	почитащо	почитащи	почитан	почитана	почитано	почитани	почитане	почитания-нета
почна	почна	почнеш	почне	почнем	почнете	почнат	почнах	почна	почна	почнахме	почнахте	почнаха	почнех	почнеше	почнеше	почнехме	почнехте	почнеха	почни	почнете	-	почнал	почнала	почнало	почнали	почнел	почнела	почнело	почнели	-	-	-	-	почнат	почната	почнато	почнати	-	-
почувствам	-	-	-	-	-	-	почувствах	почувства	почувства	почувствахме	почувствахте	почувстваха	почувствах	почувстваше	почувстваше	почувствахме	почувствахте	почувстваха	почувстваи	почувстваите	-	почувствал	почувствала	почувствало	почувствали	почувствал	почувствала	почувствало	почувствали	-	-	-	-	почувстван	почувствана	почувствано	почувствани	-	-
пощадя	пощадя	пощадиш	пощади	пощадим	пощадите	пощадят	пощадих	пощади	пощади	пощадихме	пощадихте	пощадиха	пощадях	пощадеше	пощадеше	пощадяхме	пощадяхте	пощадяха	пощади	пощадете	-	пощадил	пощадила	пощадило	пощадили	пощадял	пощадяла	пощадяло	пощадели	-	-	-	-	пощаден	пощадена	пощадено	пощадени	-	-
поя	поя	поиш	пои	поим	поите	поят	поих	пои	пои	поихме	поихте	поиха	поях	поеше	поеше	пояхме	пояхте	пояха	пои	поите	поеики	поил	поила	поило	поили	поял	пояла	пояло	поели	поящ	пояща	поящо	поящи	поен	поена	поено	поени	поене	поенета
правя	правя	правиш	прави	правим	правите	правят	правих	прави	прави	правихме	правихте	правиха	правех	правеше	правеше	правехме	правехте	правеха	прави	правете	правейки	правил	правила	правило	правили	правел	правела	правело	правели	правещ	правеща	правещо	правещи	правен	правена	правено	правени	правене	правения-нета
пража	пража	пражиш	пражи	пражим	пражите	пражат	пражих	пражи	пражи	пражихме	пражихте	пражиха	пражех	пражеше	пражеше	пражехме	пражехте	пражеха	пражи	пражете	пражеики	пражил	пражила	пражило	пражили	пражел	пражела	пражело	пражели	пражещ	пражеща	пражещо	пражещи	пражен	пражена	пражено	пражени	пражене	праженета
праскам	-	-	-	-	-	-	прасках	праска	праска	праскахме	праскахте	праскаха	прасках	праскаше	праскаше	праскахме	праскахте	праскаха	праскаи	праскаите	праскаики	праскал	праскала	праскало	праскали	праскал	праскала	праскало	праскали	праскащ	праскаща	праскащо	праскащи	-	-	-	-	праскане	прасканета
пратя	пратя	пратиш	прати	пратим	пратите	пратят	пратих	прати	прати	пратихме	пратихте	пратиха	пратех	пратеше	пратеше	пратехме	пратехте	пратеха	прати	пратете	-	пратил	пратила	пратило	пратили	прател	пратела	пратело	пратели	-	-	-	-	пратен	пратена	пратено	пратени	-	-
праша	праша	прашиш	праши	прашим	прашите	прашат	праших	праши	праши	прашихме	прашихте	прашиха	прашех	прашеше	прашеше	прашехме	прашехте	прашеха	праши	прашете	прашеики	прашил	прашила	прашило	прашили	прашел	прашела	прашело	прашели	прашещ	прашеща	прашещо	прашещи	прашен	прашена	прашено	прашени	прашене	прашенета
пращам	-	-	-	-	-	-	пращах	праща	праща	пращахме	пращахте	пращаха	пращах	пращаше	пращаше	пращахме	пращахте	пращаха	пращай	пращайте	пращайки	пращал	пращала	пращало	пращали	пращал	пращала	пращало	пращали	пращащ	пращаща	пращащо	пращащи	пращан	пращана	пращано	пращани	пращане	пращания-нета
пращя	пращя	пращиш	пращи	пращим	пращите	пращят	пращях	пращя	пращя	пращяхме	пращяхте	пращяха	пращях	пращеше	пращеше	пращяхме	пращяхте	пращяха	пращи	пращете	пращеики	пращял	пращяла	пращяло	пращели	пращял	пращяла	пращяло	пращели	пращящ	пращяща	пращящо	пращящи	-	-	-	-	пращене	пращенета
пребия	пребия	пребиеш	пребие	пребием	пребиете	пребият	пребих	преби	преби	пребихме	пребихте	пребиха	пребиех	пребиеше	пребиеше	пребиехме	пребиехте	пребиеха	пребии	пребиите	-	пребил	пребила	пребило	пребили	пребиел	пребиела	пребиело	пребиели	-	-	-	-	пребит	пребита	пребито	пребити	-	-
преборя	преборя	пребориш	пребори	преборим	преборите	преборят	преборих	пребори	пребори	преборихме	преборихте	пребориха	преборех	пребореше	пребореше	преборехме	преборехте	пребореха	пребори	преборете	-	преборил	преборила	преборило	преборили	преборел	преборела	преборело	преборели	-	-	-	-	преборен	преборена	преборено	преборени	-	-
преваля	преваля	превалиш	превали	превалим	превалите	превалят	превалих	превали	превали	превалихме	превалихте	превалиха	превалях	превалеше	превалеше	преваляхме	преваляхте	преваляха	превали	превалете	-	превалил	превалила	превалило	превалили	превалял	преваляла	преваляло	превалели	-	-	-	-	-	-	-	-	-	-
преведа	преведа	преведеш	преведе	преведем	преведете	преведат	преведох	преведе	преведе	преведохме	преведохте	преведоха	преведях	преведеше	преведеше	преведяхме	преведяхте	преведяха	преведи	преведете	-	превел	превела	превело	превели	преведял	преведяла	преведяло	преведели	-	-	-	-	преведен	преведена	преведено	преведени	-	-
превеждам	-	-	-	-	-	-	превеждах	превежда	превежда	превеждахме	превеждахте	превеждаха	превеждах	превеждаше	превеждаше	превеждахме	превеждахте	превеждаха	превеждай	превеждайте	превеждайки	превеждал	превеждала	превеждало	превеждали	превеждал	превеждала	превеждало	превеждали	превеждащ	превеждаща	превеждащо	превеждащи	превеждан	превеждана	превеждано	превеждани	превеждане	превеждания-нета
превзема	превзема	превземеш	превземе	превземем	превземете	превземат	превзех	превзе	превзе	превзехме	превзехте	превзеха	превземех	превземеше	превземеше	превземехме	превземехте	превземеха	превземи	превземете	-	превзел	превзела	превзело	превзели	превземел	превземела	превземело	превземели	-	-	-	-	превзет	превзета	превзето	превзети	-	-
превръщам	-	-	-	-	-	-	превръщах	превръща	превръща	превръщахме	превръщахте	превръщаха	превръщах	превръщаше	превръщаше	превръщахме	превръщахте	превръщаха	превръщаи	превръщаите	превръщаики	превръщал	превръщала	превръщало	превръщали	превръщал	превръщала	превръщало	превръщали	превръщащ	превръщаща	превръщащо	превръщащи	превръщан	превръщана	превръщано	превръщани	превръщане	превръщанета
превъзнеса	превъзнеса	превъзнесеш	превъзнесе	превъзнесем	превъзнесете	превъзнесат	превъзнесох	превъзнесе	превъзнесе	превъзнесохме	превъзнесохте	превъзнесоха	превъзнесях	превъзнесеше	превъзнесеше	превъзнесяхме	превъзнесяхте	превъзнесяха	превъзнеси	превъзнесете	-	превъзнесъл	превъзнесла	превъзнесло	превъзнесли	превъзнесял	превъзнесяла	превъзнесяло	превъзнесели	-	-	-	-	превъзнесен	превъзнесена	превъзнесено	превъзнесени	-	-
превъзхождам	-	-	-	-	-	-	превъзхождах	превъзхожда	превъзхожда	превъзхождахме	превъзхождахте	превъзхождаха	превъзхождах	превъзхождаше	превъзхождаше	превъзхождахме	превъзхождахте	превъзхождаха	превъзхождаи	превъзхождаите	превъзхождаики	превъзхождал	превъзхождала	превъзхождало	превъзхождали	превъзхождал	превъзхождала	превъзхождало	превъзхождали	превъзхождащ	превъзхождаща	превъзхождащо	превъзхождащи	превъзхождан	превъзхождана	превъзхождано	превъзхождани	превъзхождане	превъзхожданета
превърна	превърна	превърнеш	превърне	превърнем	превърнете	превърнат	превърнах	превърна	превърна	превърнахме	превърнахте	превърнаха	превърнех	превърнеше	превърнеше	превърнехме	превърнехте	превърнеха	превърни	превърнете	-	превърнал	превърнала	превърнало	превърнали	превърнел	превърнела	превърнело	превърнели	-	-	-	-	превърнат	превърната	превърнато	превърнати	-	-
преградя	преградя	преградиш	прегради	преградим	преградите	преградят	преградих	прегради	прегради	преградихме	преградихте	преградиха	преградях	преградеше	преградеше	преградяхме	преградяхте	преградяха	прегради	преградете	-	преградил	преградила	преградило	преградили	преградял	преградяла	преградяло	преградели	-	-	-	-	преграден	преградена	преградено	преградени	-	-
прегрупирам	-	-	-	-	-	-	прегрупирах	прегрупира	прегрупира	прегрупирахме	прегрупирахте	прегрупираха	прегрупирах	прегрупираше	прегрупираше	прегрупирахме	прегрупирахте	прегрупираха	прегрупираи	прегрупираите	прегрупираики	прегрупирал	прегрупирала	прегрупирало	прегрупирали	прегрупирал	прегрупирала	прегрупирало	прегрупирали	прегрупиращ	прегрупираща	прегрупиращо	прегрупиращи	прегрупиран	прегрупирана	прегрупирано	прегрупирани	прегрупиране	прегрупиранета
прегръщам	-	-	-	-	-	-	прегръщах	прегръща	прегръща	прегръщахме	прегръщахте	прегръщаха	прегръщах	прегръщаше	прегръщаше	прегръщахме	прегръщахте	прегръщаха	прегръщай	прегръщайте	прегръщайки	прегръщал	прегръщала	прегръщало	прегръщали	прегръщал	прегръщала	прегръщало	прегръщали	прегръщащ	прегръщаща	прегръщащо	прегръщащи	прегръщан	прегръщана	прегръщано	прегръщани	прегръщане	прегръщания-нета
прегърна	прегърна	прегърнеш	прегърне	прегърнем	прегърнете	прегърнат	прегърнах	прегърна	прегърна	прегърнахме	прегърнахте	прегърнаха	прегърнех	прегърнеше	прегърнеше	прегърнехме	прегърнехте	прегърнеха	прегърни	прегърнете	-	прегърнал	прегърнала	прегърнало	прегърнали	прегърнел	прегърнела	прегърнело	прегърнели	-	-	-	-	прегърнат	прегърната	прегърнато	прегърнати	-	-
преда	преда	предеш	преде	предем	предете	предат	предох	преде	преде	предохме	предохте	предоха	предях	предеше	предеше	предяхме	предяхте	предяха	преди	предете	предейки	прел	прела	прело	прели	предял	предяла	предяло	предели	предящ	предяща	предящо	предящи	преден	предена	предено	предени	предене	предения-нета
предавам	-	-	-	-	-	-	предавах	предава	предава	предавахме	предавахте	предаваха	предавах	предаваше	предаваше	предавахме	предавахте	предаваха	предаваи	предаваите	предаваики	предавал	предавала	предавало	предавали	предавал	предавала	предавало	предавали	предаващ	предаваща	предаващо	предаващи	предаван	предавана	предавано	предавани	предаване	предаванета
предам	-	предадеш	предаде	предадем	предадете	предадат	предадох	предаде	предаде	предадохме	предадохте	предадоха	предадях	предадеше	предадеше	предадяхме	предадяхте	предадяха	предаи	предадете	-	предал	предала	предало	предали	предадял	предадяла	предадяло	предадели	-	-	-	-	предаден	предадена	предадено	предадени	-	-
предваря	предваря	предвариш	предвари	предварим	предварите	предварят	предварих	предвари	предвари	предварихме	предварихте	предвариха	предварех	предвареше	предвареше	предварехме	предварехте	предвареха	предвари	предварете	-	предварил	предварила	предварило	предварили	предварел	предварела	предварело	предварели	-	-	-	-	предварен	предварена	предварено	предварени	-	-
предвидя	предвидя	предвидиш	предвиди	предвидим	предвидите	предвидят	предвидих	предвиди	предвиди	предвидихме	предвидихте	предвидиха	предвидех	предвидеше	предвидеше	предвидехме	предвидехте	предвидеха	предвиди	предвидете	-	предвидил	предвидила	предвидило	предвидили	предвидел	предвидела	предвидело	предвидели	-	-	-	-	предвиден	предвидена	предвидено	предвидени	-	-
предвиждам	-	-	-	-	-	-	предвиждах	предвижда	предвижда	предвиждахме	предвиждахте	предвиждаха	предвиждах	предвиждаше	предвиждаше	предвиждахме	предвиждахте	предвиждаха	предвиждаи	предвиждаите	предвиждаики	предвиждал	предвиждала	предвиждало	предвиждали	предвиждал	предвиждала	предвиждало	предвиждали	предвиждащ	предвиждаща	предвиждащо	предвиждащи	предвиждан	предвиждана	предвиждано	предвиждани	предвиждане	предвижданета
предизвикам	-	-	-	-	-	-	предизвиках	предизвика	предизвика	предизвикахме	предизвикахте	предизвикаха	предизвиках	предизвикаше	предизвикаше	предизвикахме	предизвикахте	предизвикаха	предизвикаи	предизвикаите	-	предизвикал	предизвикала	предизвикало	предизвикали	предизвикал	предизвикала	предизвикало	предизвикали	-	-	-	-	предизвикан	предизвикана	предизвикано	предизвикани	-	-
предизвиквам	-	-	-	-	-	-	предизвиквах	предизвиква	предизвиква	предизвиквахме	предизвиквахте	предизвикваха	предизвиквах	предизвикваше	предизвикваше	предизвиквахме	предизвиквахте	предизвикваха	предизвикваи	предизвикваите	предизвикваики	предизвиквал	предизвиквала	предизвиквало	предизвиквали	предизвиквал	предизвиквала	предизвиквало	предизвиквали	предизвикващ	предизвикваща	предизвикващо	предизвикващи	предизвикван	предизвиквана	предизвиквано	предизвиквани	предизвикване	предизвикванета
предложа	предложа	предложиш	предложи	предложим	предложите	предложат	предложих	предложи	предложи	предложихме	предложихте	предложиха	предложех	предложеше	предложеше	предложехме	предложехте	предложеха	предложи	предложете	-	предложил	предложила	предложило	предложили	предложел	предложела	предложело	предложели	-	-	-	-	предложен	предложена	предложено	предложени	-	-
предопределя	предопределя	предопределиш	предопредели	предопределим	предопределите	предопределят	предопределих	предопредели	предопредели	предопределихме	предопределихте	предопределиха	предопределях	предопределеше	предопределеше	предопределяхме	предопределяхте	предопределяха	предопредели	предопределете	-	предопределил	предопределила	предопределило	предопределили	предопределял	предопределяла	предопределяло	предопределели	-	-	-	-	предопределен	предопределена	предопределено	предопределени	-	-
предопределям	-	-	-	-	-	-	предопределях	предопределя	предопределя	предопределяхме	предопределяхте	предопределяха	предопределях	предопределяше	предопределяше	предопределяхме	предопределяхте	предопределяха	предопределяи	предопределяите	предопределяики	предопределял	предопределяла	предопределяло	предопределяли	предопределял	предопределяла	предопределяло	предопределяли	предопределящ	предопределяща	предопределящо	предопределящи	предопределян	предопределяна	предопределяно	предопределяни	предопределяне	предопределянета
предписвам	-	-	-	-	-	-	предписвах	предписва	предписва	предписвахме	предписвахте	предписваха	предписвах	предписваше	предписваше	предписвахме	предписвахте	предписваха	предписваи	предписваите	предписваики	предписвал	предписвала	предписвало	предписвали	предписвал	предписвала	предписвало	предписвали	предписващ	предписваща	предписващо	предписващи	предписван	предписвана	предписвано	предписвани	предписване	предписванета
предпиша	предпиша	предпишеш	предпише	предпишем	предпишете	предпишат	предписах	предписа	предписа	предписахме	предписахте	предписаха	предпишех	предпишеше	предпишеше	предпишехме	предпишехте	предпишеха	предпиши	предпишете	-	предписал	предписала	предписало	предписали	предпишел	предпишела	предпишело	предпишели	-	-	-	-	предписан	предписана	предписано	предписани	-	-
предплатя	предплатя	предплатиш	предплати	предплатим	предплатите	предплатят	предплатих	предплати	предплати	предплатихме	предплатихте	предплатиха	предплатях	предплатеше	предплатеше	предплатяхме	предплатяхте	предплатяха	предплати	предплатете	-	предплатил	предплатила	предплатило	предплатили	предплатял	предплатяла	предплатяло	предплатели	-	-	-	-	предплатен	предплатена	предплатено	предплатени	-	-
предплащам	-	-	-	-	-	-	предплащах	предплаща	предплаща	предплащахме	предплащахте	предплащаха	предплащах	предплащаше	предплащаше	предплащахме	предплащахте	предплащаха	предплащай	предплащайте	предплащайки	предплащал	предплащала	предплащало	предплащали	предплащал	предплащала	предплащало	предплащали	предплащащ	предплащаща	предплащащо	предплащащи	предплащан	предплащана	предплащано	предплащани	предплащане	предплащания-нета
предполагам	-	-	-	-	-	-	предполагах	предполага	предполага	предполагахме	предполагахте	предполагаха	предполагах	предполагаше	предполагаше	предполагахме	предполагахте	предполагаха	предполагаи	предполагаите	предполагаики	предполагал	предполагала	предполагало	предполагали	предполагал	предполагала	предполагало	предполагали	предполагащ	предполагаща	предполагащо	предполагащи	предполаган	предполагана	предполагано	предполагани	предполагане	предполаганета
предположа	предположа	предположиш	предположи	предположим	предположите	предположат	предположих	предположи	предположи	предположихме	предположихте	предположиха	предположех	предположеше	предположеше	предположехме	предположехте	предположеха	предположи	предположете	-	предположил	предположила	предположило	предположили	предположел	предположела	предположело	предположели	-	-	-	-	предположен	предположена	предположено	предположени	-	-
предпочитам	-	-	-	-	-	-	предпочитах	предпочита	предпочита	предпочитахме	предпочитахте	предпочитаха	предпочитах	предпочиташе	предпочиташе	предпочитахме	предпочитахте	предпочитаха	предпочитаи	предпочитаите	предпочитаики	предпочитал	предпочитала	предпочитало	предпочитали	предпочитал	предпочитала	предпочитало	предпочитали	предпочитащ	предпочитаща	предпочитащо	предпочитащи	предпочитан	предпочитана	предпочитано	предпочитани	предпочитане	предпочитанета
предрека	предрека	предречеш	предрече	предречем	предречете	предрекат	предрекох	предрече	предрече	предрекохме	предрекохте	предрекоха	предречах	предречеше	предречеше	предречахме	предречахте	предречаха	предречи	предречете	-	предрекъл	предрекла	предрекло	предрекли	предречал	предречала	предречало	предречели	-	-	-	-	предречен	предречена	предречено	предречени	-	-
предреша	предреша	предрешиш	предреши	предрешим	предрешите	предрешат	предреших	предреши	предреши	предрешихме	предрешихте	предрешиха	предрешах	предрешеше	предрешеше	предрешахме	предрешахте	предрешаха	предреши	предрешете	-	предрешил	предрешила	предрешило	предрешили	предрешал	предрешала	предрешало	предрешали	-	-	-	-	предрешен	предрешена	предрешено	предрешени	-	-
предрешавам	-	-	-	-	-	-	предрешавах	предрешава	предрешава	предрешавахме	предрешавахте	предрешаваха	предрешавах	предрешаваше	предрешаваше	предрешавахме	предрешавахте	предрешаваха	предрешаваи	предрешаваите	предрешаваики	предрешавал	предрешавала	предрешавало	предрешавали	предрешавал	предрешавала	предрешавало	предрешавали	предрешаващ	предрешаваща	предрешаващо	предрешаващи	предрешаван	предрешавана	предрешавано	предрешавани	предрешаване	предрешаванета
предричам	-	-	-	-	-	-	предричах	предрича	предрича	предричахме	предричахте	предричаха	предричах	предричаше	предричаше	предричахме	предричахте	предричаха	предричай	предричайте	предричайки	предричал	предричала	предричало	предричали	предричал	предричала	предричало	предричали	предричащ	предричаща	предричащо	предричащи	предричан	предричана	предричано	предричани	предричане	предричания-нета
предскажа	предскажа	предскажеш	предскаже	предскажем	предскажете	предскажат	предсказах	предсказа	предсказа	предсказахме	предсказахте	предсказаха	предскажех	предскажеше	предскажеше	предскажехме	предскажехте	предскажеха	предскажи	предскажете	-	предсказал	предсказала	предсказало	предсказали	предскажел	предскажела	предскажело	предскажели	-	-	-	-	предсказан	предсказана	предсказано	предсказани	-	-
предсказвам	-	-	-	-	-	-	предсказвах	предсказва	предсказва	предсказвахме	предсказвахте	предсказваха	предсказвах	предсказваше	предсказваше	предсказвахме	предсказвахте	предсказваха	предсказвай	предсказвайте	предсказвайки	предсказвал	предсказвала	предсказвало	предсказвали	предсказвал	предсказвала	предсказвало	предсказвали	предсказващ	предсказваща	предсказващо	предсказващи	предсказван	предсказвана	предсказвано	предсказвани	предсказване	предсказвания-нета
представлявам	-	-	-	-	-	-	представлявах	представлява	представлява	представлявахме	представлявахте	представляваха	представлявах	представляваше	представляваше	представлявахме	представлявахте	представляваха	представляваи	представляваите	представляваики	представлявал	представлявала	представлявало	представлявали	представлявал	представлявала	представлявало	представлявали	представляващ	представляваща	представляващо	представляващи	представляван	представлявана	представлявано	представлявани	представляване	представляванета
представя	представя	представиш	представи	представим	представите	представят	представих	представи	представи	представихме	представихте	представиха	представех	представеше	представеше	представехме	представехте	представеха	представи	представете	-	представил	представила	представило	представили	представел	представела	представело	представели	-	-	-	-	представен	представена	представено	представени	-	-
представям	-	-	-	-	-	-	представях	представя	представя	представяхме	представяхте	представяха	представях	представяше	представяше	представяхме	представяхте	представяха	представяи	представяите	представяики	представял	представяла	представяло	представяли	представял	представяла	представяло	представяли	представящ	представяща	представящо	представящи	представян	представяна	представяно	представяни	представяне	представянета
предупредя	предупредя	предупредиш	предупреди	предупредим	предупредите	предупредят	предупредих	предупреди	предупреди	предупредихме	предупредихте	предупредиха	предупредях	предупредеше	предупредеше	предупредяхме	предупредяхте	предупредяха	предупреди	предупредете	-	предупредил	предупредила	предупредило	предупредили	предупредял	предупредяла	предупредяло	предупредели	-	-	-	-	предупреден	предупредена	предупредено	предупредени	-	-
предупреждавам	-	-	-	-	-	-	предупреждавах	предупреждава	предупреждава	предупреждавахме	предупреждавахте	предупреждаваха	предупреждавах	предупреждаваше	предупреждаваше	предупреждавахме	предупреждавахте	предупреждаваха	предупреждавай	предупреждавайте	предупреждавайки	предупреждавал	предупреждавала	предупреждавало	предупреждавали	предупреждавал	предупреждавала	предупреждавало	предупреждавали	предупреждаващ	предупреждаваща	предупреждаващо	предупреждаващи	предупреждаван	предупреждавана	предупреждавано	предупреждавани	предупреждаване	предупреждавания-нета
преживея	преживея	преживееш	преживее	преживеем	преживеете	преживеят	преживях	преживя	преживя	преживяхме	преживяхте	преживяха	преживеех	преживееше	преживееше	преживеехме	преживеехте	преживееха	преживей	преживейте	-	преживял	преживяла	преживяло	преживели	преживеел	преживеела	преживеело	преживеели	-	-	-	-	преживян	преживяна	преживяно	преживени	-	-
преживявам	-	-	-	-	-	-	преживявах	преживява	преживява	преживявахме	преживявахте	преживяваха	преживявах	преживяваше	преживяваше	преживявахме	преживявахте	преживяваха	преживявай	преживявайте	преживявайки	преживявал	преживявала	преживявало	преживявали	преживявал	преживявала	преживявало	преживявали	преживяващ	преживяваща	преживяващо	преживяващи	преживяван	преживявана	преживявано	преживявани	преживяване	преживявания-нета
преживям	-	-	-	-	-	-	преживях	преживя	преживя	преживяхме	преживяхте	преживяха	преживях	преживяше	преживяше	преживяхме	преживяхте	преживяха	преживяи	преживяите	преживяики	преживял	преживяла	преживяло	преживяли	преживял	преживяла	преживяло	преживяли	преживящ	преживяща	преживящо	преживящи	преживян	преживяна	преживяно	преживяни	преживяне	преживянета
презирам	-	-	-	-	-	-	презирах	презира	презира	презирахме	презирахте	презираха	презирах	презираше	презираше	презирахме	презирахте	презираха	презирай	презирайте	презирайки	презирал	презирала	презирало	презирали	презирал	презирала	презирало	презирали	презиращ	презираща	презиращо	презиращи	презиран	презирана	презирано	презирани	презиране	презирания-нета
презполовя	презполовя	презполовиш	презполови	презполовим	презполовите	презполовят	презполових	презполови	презполови	презполовихме	презполовихте	презполовиха	презполовях	презполовеше	презполовеше	презполовяхме	презполовяхте	презполовяха	презполови	презполовете	-	презполовил	презполовила	презполовило	презполовили	презполовял	презполовяла	презполовяло	презполовели	-	-	-	-	презполовен	презполовена	презполовено	презполовени	-	-
презполовявам	-	-	-	-	-	-	презполовявах	презполовява	презполовява	презполовявахме	презполовявахте	презполовяваха	презполовявах	презполовяваше	презполовяваше	презполовявахме	презполовявахте	презполовяваха	презполовяваи	презполовяваите	презполовяваики	презполовявал	презполовявала	презполовявало	презполовявали	презполовявал	презполовявала	презполовявало	презполовявали	презполовяващ	презполовяваща	презполовяващо	презполовяващи	презполовяван	презполовявана	презполовявано	презполовявани	презполовяване	презполовяванета
презра	презра	презреш	презре	презрем	презрете	презрат	презрях	презря	презря	презряхме	презряхте	презряха	презрях	презреше	презреше	презряхме	презряхте	презряха	презри	презрете	-	презрял	презряла	презряло	презрели	презрял	презряла	презряло	презрели	-	-	-	-	презрян	презряна	презряно	презрени	-	-
преизбера	преизбера	преизбереш	преизбере	преизберем	преизберете	преизберат	преизбрах	преизбра	преизбра	преизбрахме	преизбрахте	преизбраха	преизберях	преизбереше	преизбереше	преизберяхме	преизберяхте	преизберяха	преизбери	преизберете	-	преизбрал	преизбрала	преизбрало	преизбрали	преизберял	преизберяла	преизберяло	преизберели	-	-	-	-	преизбран	преизбрана	преизбрано	преизбрани	-	-
прекаля	прекаля	прекалиш	прекали	прекалим	прекалите	прекалят	прекалих	прекали	прекали	прекалихме	прекалихте	прекалиха	прекалях	прекалеше	прекалеше	прекаляхме	прекаляхте	прекаляха	прекали	прекалете	-	прекалил	прекалила	прекалило	прекалили	прекалял	прекаляла	прекаляло	прекалели	-	-	-	-	-	-	-	-	-	-
прекалявам	-	-	-	-	-	-	прекалявах	прекалява	прекалява	прекалявахме	прекалявахте	прекаляваха	прекалявах	прекаляваше	прекаляваше	прекалявахме	прекалявахте	прекаляваха	прекаляваи	прекаляваите	прекаляваики	прекалявал	прекалявала	прекалявало	прекалявали	прекалявал	прекалявала	прекалявало	прекалявали	прекаляващ	прекаляваща	прекаляващо	прекаляващи	-	-	-	-	прекаляване	прекаляванета
прекарам	-	-	-	-	-	-	прекарах	прекара	прекара	прекарахме	прекарахте	прекараха	прекарах	прекараше	прекараше	прекарахме	прекарахте	прекараха	прекараи	прекараите	-	прекарал	прекарала	прекарало	прекарали	прекарал	прекарала	прекарало	прекарали	-	-	-	-	прекаран	прекарана	прекарано	прекарани	-	-
прекарвам	-	-	-	-	-	-	прекарвах	прекарва	прекарва	прекарвахме	прекарвахте	прекарваха	прекарвах	прекарваше	прекарваше	прекарвахме	прекарвахте	прекарваха	прекарваи	прекарваите	прекарваики	прекарвал	прекарвала	прекарвало	прекарвали	прекарвал	прекарвала	прекарвало	прекарвали	прекарващ	прекарваща	прекарващо	прекарващи	прекарван	прекарвана	прекарвано	прекарвани	прекарване	прекарванета
прекъсвам	-	-	-	-	-	-	прекъсвах	прекъсва	прекъсва	прекъсвахме	прекъсвахте	прекъсваха	прекъсвах	прекъсваше	прекъсваше	прекъсвахме	прекъсвахте	прекъсваха	прекъсваи	прекъсваите	-	прекъсвал	прекъсвала	прекъсвало	прекъсвали	прекъсвал	прекъсвала	прекъсвало	прекъсвали	-	-	-	-	прекъсван	прекъсвана	прекъсвано	прекъсвани	-	-
прекъсна	прекъсна	прекъснеш	прекъсне	прекъснем	прекъснете	прекъснат	прекъснах	прекъсна	прекъсна	прекъснахме	прекъснахте	прекъснаха	прекъснех	прекъснеше	прекъснеше	прекъснехме	прекъснехте	прекъснеха	прекъсни	прекъснете	-	прекъснал	прекъснала	прекъснало	прекъснали	прекъснел	прекъснела	прекъснело	прекъснели	-	-	-	-	прекъснат	прекъсната	прекъснато	прекъснати	-	-
прелетя	прелетя	прелетиш	прелети	прелетим	прелетите	прелетят	прелетях	прелетя	прелетя	прелетяхме	прелетяхте	прелетяха	прелетях	прелетеше	прелетеше	прелетяхме	прелетяхте	прелетяха	прелети	прелетете	-	прелетял	прелетяла	прелетяло	прелетели	прелетял	прелетяла	прелетяло	прелетели	-	-	-	-	-	-	-	-	-	-
преломя	преломя	преломиш	преломи	преломим	преломите	преломят	преломих	преломи	преломи	преломихме	преломихте	преломиха	преломях	преломеше	преломеше	преломяхме	преломяхте	преломяха	преломи	преломете	-	преломил	преломила	преломило	преломили	преломял	преломяла	преломяло	преломели	-	-	-	-	преломен	преломена	преломено	преломени	-	-
прелъстя	прелъстя	прелъстиш	прелъсти	прелъстим	прелъстите	прелъстят	прелъстих	прелъсти	прелъсти	прелъстихме	прелъстихте	прелъстиха	прелъстях	прелъстеше	прелъстеше	прелъстяхме	прелъстяхте	прелъстяха	прелъсти	прелъстете	-	прелъстил	прелъстила	прелъстило	прелъстили	прелъстял	прелъстяла	прелъстяло	прелъстели	-	-	-	-	прелъстен	прелъстена	прелъстено	прелъстени	-	-
прелъстявам	-	-	-	-	-	-	прелъстявах	прелъстява	прелъстява	прелъстявахме	прелъстявахте	прелъстяваха	прелъстявах	прелъстяваше	прелъстяваше	прелъстявахме	прелъстявахте	прелъстяваха	прелъстявай	прелъстявайте	прелъстявайки	прелъстявал	прелъстявала	прелъстявало	прелъстявали	прелъстявал	прелъстявала	прелъстявало	прелъстявали	прелъстяващ	прелъстяваща	прелъстяващо	прелъстяващи	прелъстяван	прелъстявана	прелъстявано	прелъстявани	прелъстяване	прелъстявания-нета
преместя	преместя	преместиш	премести	преместим	преместите	преместят	преместих	премести	премести	преместихме	преместихте	преместиха	преместех	преместеше	преместеше	преместехме	преместехте	преместеха	премести	преместете	-	преместил	преместила	преместило	преместили	преместел	преместела	преместело	преместели	-	-	-	-	преместен	преместена	преместено	преместени	-	-
премина	премина	преминеш	премине	преминем	преминете	преминат	преминах	премина	премина	преминахме	преминахте	преминаха	преминех	преминеше	преминеше	преминехме	преминехте	преминеха	премини	преминете	-	преминал	преминала	преминало	преминали	преминел	преминела	преминело	преминели	-	-	-	-	преминат	премината	преминато	преминати	-	-
премирам	-	-	-	-	-	-	премирах	премира	премира	премирахме	премирахте	премираха	премирах	премираше	премираше	премирахме	премирахте	премираха	премирай	премирайте	премирайки	премирал	премирала	премирало	премирали	премирал	премирала	премирало	премирали	премиращ	премираща	премиращо	премиращи	-	-	-	-	премиране	премирания-нета
преморя	преморя	премориш	премори	преморим	преморите	преморят	преморих	премори	премори	преморихме	преморихте	премориха	преморях	премореше	премореше	преморяхме	преморяхте	преморяха	премори	преморете	-	преморил	преморила	преморило	преморили	преморял	преморяла	преморяло	преморели	-	-	-	-	преморен	преморена	преморено	преморени	-	-
премра	премра	премреш	премре	премрем	премрете	премрат	премрях	премря	премря	премряхме	премряхте	премряха	премрях	премреше	премреше	премряхме	премряхте	премряха	премри	премрете	-	премрял	премряла	премряло	премрели	премрял	премряла	премряло	премрели	-	-	-	-	-	-	-	-	-	-
пренапрягам	-	-	-	-	-	-	пренапрягах	пренапряга	пренапряга	пренапрягахме	пренапрягахте	пренапрягаха	пренапрягах	пренапрягаше	пренапрягаше	пренапрягахме	пренапрягахте	пренапрягаха	пренапрягаи	пренапрягаите	пренапрягаики	пренапрягал	пренапрягала	пренапрягало	пренапрягали	пренапрягал	пренапрягала	пренапрягало	пренапрягали	пренапрягащ	пренапрягаща	пренапрягащо	пренапрягащи	пренапряган	пренапрягана	пренапрягано	пренапрягани	пренапрягане	пренапряганета
пренасям	-	-	-	-	-	-	пренасях	пренася	пренася	пренасяхме	пренасяхте	пренасяха	пренасях	пренасяше	пренасяше	пренасяхме	пренасяхте	пренасяха	пренасяй	пренасяйте	пренасяйки	пренасял	пренасяла	пренасяло	пренасяли	пренасял	пренасяла	пренасяло	пренасяли	пренасящ	пренасяща	пренасящо	пренасящи	пренасян	пренасяна	пренасяно	пренасяни	пренасяне	пренасяния-нета
пренеса	пренеса	пренесеш	пренесе	пренесем	пренесете	пренесат	пренесох	пренесе	пренесе	пренесохме	пренесохте	пренесоха	пренесях	пренесеше	пренесеше	пренесяхме	пренесяхте	пренесяха	пренеси	пренесете	-	пренесъл	пренесла	пренесло	пренесли	пренесял	пренесяла	пренесяло	пренесели	-	-	-	-	пренесен	пренесена	пренесено	пренесени	-	-
преобличам	-	-	-	-	-	-	преобличах	преоблича	преоблича	преобличахме	преобличахте	преобличаха	преобличах	преобличаше	преобличаше	преобличахме	преобличахте	преобличаха	преобличаи	преобличаите	преобличаики	преобличал	преобличала	преобличало	преобличали	преобличал	преобличала	преобличало	преобличали	преобличащ	преобличаща	преобличащо	преобличащи	преобличан	преобличана	преобличано	преобличани	преобличане	преобличанета
преобразявам	-	-	-	-	-	-	преобразявах	преобразява	преобразява	преобразявахме	преобразявахте	преобразяваха	преобразявах	преобразяваше	преобразяваше	преобразявахме	преобразявахте	преобразяваха	преобразяваи	преобразяваите	преобразяваики	преобразявал	преобразявала	преобразявало	преобразявали	преобразявал	преобразявала	преобразявало	преобразявали	преобразяващ	преобразяваща	преобразяващо	преобразяващи	преобразяван	преобразявана	преобразявано	преобразявани	преобразяване	преобразяванета
преодолея	преодолея	преодолееш	преодолее	преодолеем	преодолеете	преодолеят	преодолях	преодоля	преодоля	преодоляхме	преодоляхте	преодоляха	преодолеех	преодолееше	преодолееше	преодолеехме	преодолеехте	преодолееха	преодолеи	преодолеите	-	преодолял	преодоляла	преодоляло	преодолели	преодолеел	преодолеела	преодолеело	преодолеели	-	-	-	-	преодолян	преодоляна	преодоляно	преодолени	-	-
преодолявам	-	-	-	-	-	-	преодолявах	преодолява	преодолява	преодолявахме	преодолявахте	преодоляваха	преодолявах	преодоляваше	преодоляваше	преодолявахме	преодолявахте	преодоляваха	преодоляваи	преодоляваите	преодоляваики	преодолявал	преодолявала	преодолявало	преодолявали	преодолявал	преодолявала	преодолявало	преодолявали	преодоляващ	преодоляваща	преодоляващо	преодоляващи	преодоляван	преодолявана	преодолявано	преодолявани	преодоляване	преодоляванета
преора	преора	преореш	преоре	преорем	преорете	преорат	преорах	преора	преора	преорахме	преорахте	преораха	преорях	преореше	преореше	преоряхме	преоряхте	преоряха	преори	преорете	-	преорал	преорала	преорало	преорали	преорял	преоряла	преоряло	преорели	-	-	-	-	преоран	преорана	преорано	преорани	-	-
препека	препека	препечеш	препече	препечем	препечете	препекат	препекох	препече	препече	препекохме	препекохте	препекоха	препечах	препечеше	препечеше	препечахме	препечахте	препечаха	препечи	препечете	-	препекъл	препекла	препекло	препекли	препечал	препечала	препечало	препечели	-	-	-	-	препечен	препечена	препечено	препечени	-	-
препитам	-	-	-	-	-	-	препитах	препита	препита	препитахме	препитахте	препитаха	препитах	препиташе	препиташе	препитахме	препитахте	препитаха	препитаи	препитаите	-	препитал	препитала	препитало	препитали	препитал	препитала	препитало	препитали	-	-	-	-	препитан	препитана	препитано	препитани	-	-
препичам	-	-	-	-	-	-	препичах	препича	препича	препичахме	препичахте	препичаха	препичах	препичаше	препичаше	препичахме	препичахте	препичаха	препичай	препичайте	препичайки	препичал	препичала	препичало	препичали	препичал	препичала	препичало	препичали	препичащ	препичаща	препичащо	препичащи	препичан	препичана	препичано	препичани	препичане	препичания-нета
препоръчам	-	-	-	-	-	-	препоръчах	препоръча	препоръча	препоръчахме	препоръчахте	препоръчаха	препоръчах	препоръчаше	препоръчаше	препоръчахме	препоръчахте	препоръчаха	препоръчай	препоръчайте	-	препоръчал	препоръчала	препоръчало	препоръчали	препоръчал	препоръчала	препоръчало	препоръчали	-	-	-	-	препоръчан	препоръчана	препоръчано	препоръчани	-	-
препоръчвам	-	-	-	-	-	-	препоръчвах	препоръчва	препоръчва	препоръчвахме	препоръчвахте	препоръчваха	препоръчвах	препоръчваше	препоръчваше	препоръчвахме	препоръчвахте	препоръчваха	препоръчвай	препоръчвайте	препоръчвайки	препоръчвал	препоръчвала	препоръчвало	препоръчвали	препоръчвал	препоръчвала	препоръчвало	препоръчвали	препоръчващ	препоръчваща	препоръчващо	препоръчващи	препоръчван	препоръчвана	препоръчвано	препоръчвани	препоръчване	препоръчвания-нета
препреча	препреча	препречиш	препречи	препречим	препречите	препречат	препречих	препречи	препречи	препречихме	препречихте	препречиха	препречех	препречеше	препречеше	препречехме	препречехте	препречеха	препречи	препречете	-	препречил	препречила	препречило	препречили	препречел	препречела	препречело	препречели	-	-	-	-	препречен	препречена	препречено	препречени	-	-
препрочета	препрочета	препрочетеш	препрочете	препрочетем	препрочетете	препрочетат	препрочетох	препрочете	препрочете	препрочетохме	препрочетохте	препрочетоха	препрочетях	препрочетеше	препрочетеше	препрочетяхме	препрочетяхте	препрочетяха	препрочети	препрочетете	-	препрочел	препрочела	препрочело	препрочели	препрочетял	препрочетяла	препрочетяло	препрочетели	-	-	-	-	препрочетен	препрочетена	препрочетено	препрочетени	-	-
препрочитам	-	-	-	-	-	-	препрочитах	препрочита	препрочита	препрочитахме	препрочитахте	препрочитаха	препрочитах	препрочиташе	препрочиташе	препрочитахме	препрочитахте	препрочитаха	препрочитай	препрочитайте	препрочитайки	препрочитал	препрочитала	препрочитало	препрочитали	препрочитал	препрочитала	препрочитало	препрочитали	препрочитащ	препрочитаща	препрочитащо	препрочитащи	препрочитан	препрочитана	препрочитано	препрочитани	препрочитане	препрочитания-нета
преработвам	-	-	-	-	-	-	преработвах	преработва	преработва	преработвахме	преработвахте	преработваха	преработвах	преработваше	преработваше	преработвахме	преработвахте	преработваха	преработваи	преработваите	преработваики	преработвал	преработвала	преработвало	преработвали	преработвал	преработвала	преработвало	преработвали	преработващ	преработваща	преработващо	преработващи	преработван	преработвана	преработвано	преработвани	преработване	преработванета
прережа	прережа	прережеш	пререже	прережем	прережете	прережат	прерязах	преряза	преряза	прерязахме	прерязахте	прерязаха	прережех	прережеше	прережеше	прережехме	прережехте	прережеха	прережи	прережете	-	прерязал	прерязала	прерязало	прерязали	прережел	прережела	прережело	прережели	-	-	-	-	прерязан	прерязана	прерязано	прерязани	-	-
пресадя	пресадя	пресадиш	пресади	пресадим	пресадите	пресадят	пресадих	пресади	пресади	пресадихме	пресадихте	пресадиха	пресадях	пресадеше	пресадеше	пресадяхме	пресадяхте	пресадяха	пресади	пресадете	-	пресадил	пресадила	пресадило	пресадили	пресадял	пресадяла	пресадяло	пресадели	-	-	-	-	пресаден	пресадена	пресадено	пресадени	-	-
преспя	преспя	преспиш	преспи	преспим	преспите	преспят	преспах	преспа	преспа	преспахме	преспахте	преспаха	преспях	преспеше	преспеше	преспяхме	преспяхте	преспяха	преспи	преспете	-	преспал	преспала	преспало	преспали	преспял	преспяла	преспяло	преспели	-	-	-	-	-	-	-	-	-	-
преставам	-	-	-	-	-	-	преставах	престава	престава	преставахме	преставахте	преставаха	преставах	преставаше	преставаше	преставахме	преставахте	преставаха	преставаи	преставаите	преставаики	преставал	преставала	преставало	преставали	преставал	преставала	преставало	преставали	преставащ	преставаща	преставащо	преставащи	преставан	преставана	преставано	преставани	преставане	преставанета
престана	престана	престанеш	престане	престанем	престанете	престанат	престанах	престана	престана	престанахме	престанахте	престанаха	престанех	престанеше	престанеше	престанехме	престанехте	престанеха	престани	престанете	-	престанал	престанала	престанало	престанали	престанел	престанела	престанело	престанели	-	-	-	-	-	-	-	-	-	-
престъпя	престъпя	престъпиш	престъпи	престъпим	престъпите	престъпят	престъпих	престъпи	престъпи	престъпихме	престъпихте	престъпиха	престъпех	престъпеше	престъпеше	престъпехме	престъпехте	престъпеха	престъпи	престъпете	-	престъпил	престъпила	престъпило	престъпили	престъпел	престъпела	престъпело	престъпели	-	-	-	-	престъпен	престъпена	престъпено	престъпени	-	-
пресуша	пресуша	пресушиш	пресуши	пресушим	пресушите	пресушат	пресуших	пресуши	пресуши	пресушихме	пресушихте	пресушиха	пресушах	пресушеше	пресушеше	пресушахме	пресушахте	пресушаха	пресуши	пресушете	-	пресушил	пресушила	пресушило	пресушили	пресушал	пресушала	пресушало	пресушали	-	-	-	-	пресушен	пресушена	пресушено	пресушени	-	-
пресъхна	пресъхна	пресъхнеш	пресъхне	пресъхнем	пресъхнете	пресъхнат	пресъхнах	пресъхна	пресъхна	пресъхнахме	пресъхнахте	пресъхнаха	пресъхнех	пресъхнеше	пресъхнеше	пресъхнехме	пресъхнехте	пресъхнеха	пресъхни	пресъхнете	-	пресъхнал	пресъхнала	пресъхнало	пресъхнали	пресъхнел	пресъхнела	пресъхнело	пресъхнели	-	-	-	-	-	-	-	-	-	-
претам	-	-	-	-	-	-	претах	прета	прета	претахме	претахте	претаха	претах	преташе	преташе	претахме	претахте	претаха	претаи	претаите	претаики	претал	претала	претало	претали	претал	претала	претало	претали	претащ	претаща	претащо	претащи	претан	претана	претано	претани	претане	претанета
претворя	претворя	претвориш	претвори	претворим	претворите	претворят	претворих	претвори	претвори	претворихме	претворихте	претвориха	претворях	претвореше	претвореше	претворяхме	претворяхте	претворяха	претвори	претворете	-	претворил	претворила	претворило	претворили	претворял	претворяла	претворяло	претворели	-	-	-	-	претворен	претворена	претворено	претворени	-	-
претя	претя	претиш	прети	претим	претите	претят	претих	прети	прети	претихме	претихте	претиха	претех	претеше	претеше	претехме	претехте	претеха	прети	претете	претеики	претил	претила	претило	претили	претел	претела	претело	претели	претещ	претеща	претещо	претещи	претен	претена	претено	претени	претене	претенета
преувелича	преувелича	преувеличиш	преувеличи	преувеличим	преувеличите	преувеличат	преувеличих	преувеличи	преувеличи	преувеличихме	преувеличихте	преувеличиха	преувеличех	преувеличеше	преувеличеше	преувеличехме	преувеличехте	преувеличеха	преувеличи	преувеличете	-	преувеличил	преувеличила	преувеличило	преувеличили	преувеличел	преувеличела	преувеличело	преувеличели	-	-	-	-	преувеличен	преувеличена	преувеличено	преувеличени	-	-
преувеличавам	-	-	-	-	-	-	преувеличавах	преувеличава	преувеличава	преувеличавахме	преувеличавахте	преувеличаваха	преувеличавах	преувеличаваше	преувеличаваше	преувеличавахме	преувеличавахте	преувеличаваха	преувеличаваи	преувеличаваите	преувеличаваики	преувеличавал	преувеличавала	преувеличавало	преувеличавали	преувеличавал	преувеличавала	преувеличавало	преувеличавали	преувеличаващ	преувеличаваща	преувеличаващо	преувеличаващи	преувеличаван	преувеличавана	преувеличавано	преувеличавани	преувеличаване	преувеличаванета
прехапвам	-	-	-	-	-	-	прехапвах	прехапва	прехапва	прехапвахме	прехапвахте	прехапваха	прехапвах	прехапваше	прехапваше	прехапвахме	прехапвахте	прехапваха	прехапвай	прехапвайте	прехапвайки	прехапвал	прехапвала	прехапвало	прехапвали	прехапвал	прехапвала	прехапвало	прехапвали	прехапващ	прехапваща	прехапващо	прехапващи	прехапван	прехапвана	прехапвано	прехапвани	прехапване	прехапвания-нета
прехапя	прехапя	прехапеш	прехапе	прехапем	прехапете	прехапят	прехапах	прехапа	прехапа	прехапахме	прехапахте	прехапаха	прехапех	прехапеше	прехапеше	прехапехме	прехапехте	прехапеха	прехапи	прехапете	-	прехапал	прехапала	прехапало	прехапали	прехапел	прехапела	прехапело	прехапели	-	-	-	-	прехапан	прехапана	прехапано	прехапани	-	-
прехвърля	прехвърля	прехвърлиш	прехвърли	прехвърлим	прехвърлите	прехвърлят	прехвърлих	прехвърли	прехвърли	прехвърлихме	прехвърлихте	прехвърлиха	прехвърлех	прехвърлеше	прехвърлеше	прехвърлехме	прехвърлехте	прехвърлеха	прехвърли	прехвърлете	-	прехвърлил	прехвърлила	прехвърлило	прехвърлили	прехвърлел	прехвърлела	прехвърлело	прехвърлели	-	-	-	-	прехвърлен	прехвърлена	прехвърлено	прехвърлени	-	-
прехвърлям	-	-	-	-	-	-	прехвърлях	прехвърля	прехвърля	прехвърляхме	прехвърляхте	прехвърляха	прехвърлях	прехвърляше	прехвърляше	прехвърляхме	прехвърляхте	прехвърляха	прехвърляи	прехвърляите	прехвърляики	прехвърлял	прехвърляла	прехвърляло	прехвърляли	прехвърлял	прехвърляла	прехвърляло	прехвърляли	прехвърлящ	прехвърляща	прехвърлящо	прехвърлящи	прехвърлян	прехвърляна	прехвърляно	прехвърляни	прехвърляне	прехвърлянета
прехина	прехина	прехинеш	прехине	прехинем	прехинете	прехинат	прехинах	прехина	прехина	прехинахме	прехинахте	прехинаха	прехинех	прехинеше	прехинеше	прехинехме	прехинехте	прехинеха	прехини	прехинете	-	прехинал	прехинала	прехинало	прехинали	прехинел	прехинела	прехинело	прехинели	-	-	-	-	прехинат	прехината	прехинато	прехинати	-	-
преча	преча	пречиш	пречи	пречим	пречите	пречат	пречих	пречи	пречи	пречихме	пречихте	пречиха	пречех	пречеше	пречеше	пречехме	пречехте	пречеха	пречи	пречете	пречеики	пречил	пречила	пречило	пречили	пречел	пречела	пречело	пречели	пречещ	пречеща	пречещо	пречещи	-	-	-	-	пречене	преченета
пречупвам	-	-	-	-	-	-	пречупвах	пречупва	пречупва	пречупвахме	пречупвахте	пречупваха	пречупвах	пречупваше	пречупваше	пречупвахме	пречупвахте	пречупваха	пречупвай	пречупвайте	пречупвайки	пречупвал	пречупвала	пречупвало	пречупвали	пречупвал	пречупвала	пречупвало	пречупвали	пречупващ	пречупваща	пречупващо	пречупващи	пречупван	пречупвана	пречупвано	пречупвани	пречупване	пречупвания-нета
пречупя	пречупя	пречупиш	пречупи	пречупим	пречупите	пречупят	пречупих	пречупи	пречупи	пречупихме	пречупихте	пречупиха	пречупех	пречупеше	пречупеше	пречупехме	пречупехте	пречупеха	пречупи	пречупете	-	пречупил	пречупила	пречупило	пречупили	пречупел	пречупела	пречупело	пречупели	-	-	-	-	пречупен	пречупена	пречупено	пречупени	-	-
прибавя	прибавя	прибавиш	прибави	прибавим	прибавите	прибавят	прибавих	прибави	прибави	прибавихме	прибавихте	прибавиха	прибавех	прибавеше	прибавеше	прибавехме	прибавехте	прибавеха	прибави	прибавете	-	прибавил	прибавила	прибавило	прибавили	прибавел	прибавела	прибавело	прибавели	-	-	-	-	прибавен	прибавена	прибавено	прибавени	-	-
прибера	прибера	прибереш	прибере	приберем	приберете	приберат	прибрах	прибра	прибра	прибрахме	прибрахте	прибраха	приберях	прибереше	прибереше	приберяхме	приберяхте	приберяха	прибери	приберете	-	прибрал	прибрала	прибрало	прибрали	приберял	приберяла	приберяло	приберели	-	-	-	-	прибран	прибрана	прибрано	прибрани	-	-
прибирам	-	-	-	-	-	-	прибирах	прибира	прибира	прибирахме	прибирахте	прибираха	прибирах	прибираше	прибираше	прибирахме	прибирахте	прибираха	прибираи	прибираите	прибираики	прибирал	прибирала	прибирало	прибирали	прибирал	прибирала	прибирало	прибирали	прибиращ	прибираща	прибиращо	прибиращи	прибиран	прибирана	прибирано	прибирани	прибиране	прибиранета
приближа	приближа	приближиш	приближи	приближим	приближите	приближат	приближих	приближи	приближи	приближихме	приближихте	приближиха	приближах	приближеше	приближеше	приближахме	приближахте	приближаха	приближи	приближете	-	приближил	приближила	приближило	приближили	приближал	приближала	приближало	приближали	-	-	-	-	приближен	приближена	приближено	приближени	-	-
приближавам	-	-	-	-	-	-	приближавах	приближава	приближава	приближавахме	приближавахте	приближаваха	приближавах	приближаваше	приближаваше	приближавахме	приближавахте	приближаваха	приближаваи	приближаваите	приближаваики	приближавал	приближавала	приближавало	приближавали	приближавал	приближавала	приближавало	приближавали	приближаващ	приближаваща	приближаващо	приближаващи	приближаван	приближавана	приближавано	приближавани	приближаване	приближаванета
привикна	привикна	привикнеш	привикне	привикнем	привикнете	привикнат	привикнах	привикна	привикна	привикнахме	привикнахте	привикнаха	привикнех	привикнеше	привикнеше	привикнехме	привикнехте	привикнеха	привикни	привикнете	-	привикнал	привикнала	привикнало	привикнали	привикнел	привикнела	привикнело	привикнели	-	-	-	-	привикнат	привикната	привикнато	привикнати	-	-
привнасям	-	-	-	-	-	-	привнасях	привнася	привнася	привнасяхме	привнасяхте	привнасяха	привнасях	привнасяше	привнасяше	привнасяхме	привнасяхте	привнасяха	привнасяй	привнасяйте	привнасяйки	привнасял	привнасяла	привнасяло	привнасяли	привнасял	привнасяла	привнасяло	привнасяли	привнасящ	привнасяща	привнасящо	привнасящи	привнасян	привнасяна	привнасяно	привнасяни	привнасяне	привнасяния-нета
привнеса	привнеса	привнесеш	привнесе	привнесем	привнесете	привнесат	привнесох	привнесе	привнесе	привнесохме	привнесохте	привнесоха	привнесях	привнесеше	привнесеше	привнесяхме	привнесяхте	привнесяха	привнеси	привнесете	-	привнесъл	привнесла	привнесло	привнесли	привнесял	привнесяла	привнесяло	привнесели	-	-	-	-	привнесен	привнесена	привнесено	привнесени	-	-
приготвя	приготвя	приготвиш	приготви	приготвим	приготвите	приготвят	приготвих	приготви	приготви	приготвихме	приготвихте	приготвиха	приготвех	приготвеше	приготвеше	приготвехме	приготвехте	приготвеха	приготви	пригответе	-	приготвил	приготвила	приготвило	приготвили	приготвел	приготвела	приготвело	приготвели	-	-	-	-	приготвен	приготвена	приготвено	приготвени	-	-
приготвям	-	-	-	-	-	-	приготвях	приготвя	приготвя	приготвяхме	приготвяхте	приготвяха	приготвях	приготвяше	приготвяше	приготвяхме	приготвяхте	приготвяха	приготвяи	приготвяите	приготвяики	приготвял	приготвяла	приготвяло	приготвяли	приготвял	приготвяла	приготвяло	приготвяли	приготвящ	приготвяща	приготвящо	приготвящи	приготвян	приготвяна	приготвяно	приготвяни	приготвяне	приготвянета
придобия	придобия	придобиеш	придобие	придобием	придобиете	придобият	придобих	придоби	придоби	придобихме	придобихте	придобиха	придобиех	придобиеше	придобиеше	придобиехме	придобиехте	придобиеха	придобии	придобиите	-	придобил	придобила	придобило	придобили	придобиел	придобиела	придобиело	придобиели	-	-	-	-	придобит	придобита	придобито	придобити	-	-
приема	приема	приемеш	приеме	приемем	приемете	приемат	приех	прие	прие	приехме	приехте	приеха	приемех	приемеше	приемеше	приемехме	приемехте	приемеха	приеми	приемете	-	приел	приела	приело	приели	приемел	приемела	приемело	приемели	-	-	-	-	приет	приета	прието	приети	-	-
приемам	-	-	-	-	-	-	приемах	приема	приема	приемахме	приемахте	приемаха	приемах	приемаше	приемаше	приемахме	приемахте	приемаха	приемаи	приемаите	приемаики	приемал	приемала	приемало	приемали	приемал	приемала	приемало	приемали	приемащ	приемаща	приемащо	приемащи	приеман	приемана	приемано	приемани	приемане	приеманета
признавам	-	-	-	-	-	-	признавах	признава	признава	признавахме	признавахте	признаваха	признавах	признаваше	признаваше	признавахме	признавахте	признаваха	признаваи	признаваите	признаваики	признавал	признавала	признавало	признавали	признавал	признавала	признавало	признавали	признаващ	признаваща	признаващо	признаващи	признаван	признавана	признавано	признавани	признаване	признаванета
призная	призная	признаеш	признае	признаем	признаете	признаят	признах	призна	призна	признахме	признахте	признаха	признаех	признаеше	признаеше	признаехме	признаехте	признаеха	признаи	признаите	-	признал	признала	признало	признали	признаел	признаела	признаело	признаели	-	-	-	-	признан	признана	признано	признани	-	-
приканя	приканя	приканиш	прикани	приканим	приканите	приканят	приканих	прикани	прикани	приканихме	приканихте	приканиха	приканех	приканеше	приканеше	приканехме	приканехте	приканеха	прикани	приканете	-	приканил	приканила	приканило	приканили	приканел	приканела	приканело	приканели	-	-	-	-	приканен	приканена	приканено	приканени	-	-
приключа	приключа	приключиш	приключи	приключим	приключите	приключат	приключих	приключи	приключи	приключихме	приключихте	приключиха	приключех	приключеше	приключеше	приключехме	приключехте	приключеха	приключи	приключете	-	приключил	приключила	приключило	приключили	приключел	приключела	приключело	приключели	-	-	-	-	приключен	приключена	приключено	приключени	-	-
приключвам	-	-	-	-	-	-	приключвах	приключва	приключва	приключвахме	приключвахте	приключваха	приключвах	приключваше	приключваше	приключвахме	приключвахте	приключваха	приключваи	приключваите	приключваики	приключвал	приключвала	приключвало	приключвали	приключвал	приключвала	приключвало	приключвали	приключващ	приключваща	приключващо	приключващи	приключван	приключвана	приключвано	приключвани	приключване	приключванета
прилагам	-	-	-	-	-	-	прилагах	прилага	прилага	прилагахме	прилагахте	прилагаха	прилагах	прилагаше	прилагаше	прилагахме	прилагахте	прилагаха	прилагаи	прилагаите	прилагаики	прилагал	прилагала	прилагало	прилагали	прилагал	прилагала	прилагало	прилагали	прилагащ	прилагаща	прилагащо	прилагащи	прилаган	прилагана	прилагано	прилагани	прилагане	прилаганета
приличам	-	-	-	-	-	-	приличах	прилича	прилича	приличахме	приличахте	приличаха	приличах	приличаше	приличаше	приличахме	приличахте	приличаха	приличаи	приличаите	приличаики	приличал	приличала	приличало	приличали	приличал	приличала	приличало	приличали	приличащ	приличаща	приличащо	приличащи	-	-	-	-	приличане	приличанета
приложа	приложа	приложиш	приложи	приложим	приложите	приложат	приложих	приложи	приложи	приложихме	приложихте	приложиха	приложех	приложеше	приложеше	приложехме	приложехте	приложеха	приложи	приложете	-	приложил	приложила	приложило	приложили	приложел	приложела	приложело	приложели	-	-	-	-	приложен	приложена	приложено	приложени	-	-
примирам	-	-	-	-	-	-	примирах	примира	примира	примирахме	примирахте	примираха	примирах	примираше	примираше	примирахме	примирахте	примираха	примирай	примирайте	примирайки	примирал	примирала	примирало	примирали	примирал	примирала	примирало	примирали	примиращ	примираща	примиращо	примиращи	-	-	-	-	примиране	примирания-нета
примра	примра	примреш	примре	примрем	примрете	примрат	примрях	примря	примря	примряхме	примряхте	примряха	примрях	примреше	примреше	примряхме	примряхте	примряха	примри	примрете	-	примрял	примряла	примряло	примрели	примрял	примряла	примряло	примрели	-	-	-	-	-	-	-	-	-	-
принадлежа	принадлежа	принадлежиш	принадлежи	принадлежим	принадлежите	принадлежат	принадлежах	принадлежа	принадлежа	принадлежахме	принадлежахте	принадлежаха	принадлежах	принадлежеше	принадлежеше	принадлежахме	принадлежахте	принадлежаха	принадлежи	принадлежете	принадлежеики	принадлежал	принадлежала	принадлежало	принадлежали	принадлежал	принадлежала	принадлежало	принадлежали	принадлежащ	принадлежаща	принадлежащо	принадлежащи	-	-	-	-	принадлежане	принадлежанета
принасям	-	-	-	-	-	-	принасях	принася	принася	принасяхме	принасяхте	принасяха	принасях	принасяше	принасяше	принасяхме	принасяхте	принасяха	принасяй	принасяйте	принасяйки	принасял	принасяла	принасяло	принасяли	принасял	принасяла	принасяло	принасяли	принасящ	принасяща	принасящо	принасящи	принасян	принасяна	принасяно	принасяни	принасяне	принасяния-нета
принеса	принеса	принесеш	принесе	принесем	принесете	принесат	принесох	принесе	принесе	принесохме	принесохте	принесоха	принесях	принесеше	принесеше	принесяхме	принесяхте	принесяха	принеси	принесете	-	принесъл	принесла	принесло	принесли	принесял	принесяла	принесяло	принесели	-	-	-	-	принесен	принесена	принесено	принесени	-	-
принудя	принудя	принудиш	принуди	принудим	принудите	принудят	принудих	принуди	принуди	принудихме	принудихте	принудиха	принудех	принудеше	принудеше	принудехме	принудехте	принудеха	принуди	принудете	-	принудил	принудила	принудило	принудили	принудел	принудела	принудело	принудели	-	-	-	-	принуден	принудена	принудено	принудени	-	-
принуждавам	-	-	-	-	-	-	принуждавах	принуждава	принуждава	принуждавахме	принуждавахте	принуждаваха	принуждавах	принуждаваше	принуждаваше	принуждавахме	принуждавахте	принуждаваха	принуждавай	принуждавайте	принуждавайки	принуждавал	принуждавала	принуждавало	принуждавали	принуждавал	принуждавала	принуждавало	принуждавали	принуждаващ	принуждаваща	принуждаващо	принуждаващи	принуждаван	принуждавана	принуждавано	принуждавани	принуждаване	принуждавания-нета
припадам	-	-	-	-	-	-	припадах	припада	припада	припадахме	припадахте	припадаха	припадах	припадаше	припадаше	припадахме	припадахте	припадаха	припадай	припадайте	припадайки	припадал	припадала	припадало	припадали	припадал	припадала	припадало	припадали	припадащ	припадаща	припадащо	припадащи	-	-	-	-	припадане	припадания-нета
припадна	припадна	припаднеш	припадне	припаднем	припаднете	припаднат	припаднах	припадна	припадна	припаднахме	припаднахте	припаднаха	припаднех	припаднеше	припаднеше	припаднехме	припаднехте	припаднеха	припадни	припаднете	-	припаднал	припаднала	припаднало	припаднали	припаднел	припаднела	припаднело	припаднели	-	-	-	-	-	-	-	-	-	-
припаля	припаля	припалиш	припали	припалим	припалите	припалят	припалих	припали	припали	припалихме	припалихте	припалиха	припалех	припалеше	припалеше	припалехме	припалехте	припалеха	припали	припалете	-	припалил	припалила	припалило	припалили	припалел	припалела	припалело	припалели	-	-	-	-	припален	припалена	припалено	припалени	-	-
припека	припека	припечеш	припече	припечем	припечете	припекат	припекох	припече	припече	припекохме	припекохте	припекоха	припечах	припечеше	припечеше	припечахме	припечахте	припечаха	припечи	припечете	-	припекъл	припекла	припекло	припекли	припечал	припечала	припечало	припечели	-	-	-	-	припечен	припечена	припечено	припечени	-	-
припирам	-	-	-	-	-	-	припирах	припира	припира	припирахме	припирахте	припираха	припирах	припираше	припираше	припирахме	припирахте	припираха	припирай	припирайте	припирайки	припирал	припирала	припирало	припирали	припирал	припирала	припирало	припирали	припиращ	припираща	припиращо	припиращи	припиран	припирана	припирано	припирани	припиране	припирания-нета
припичам	-	-	-	-	-	-	припичах	припича	припича	припичахме	припичахте	припичаха	припичах	припичаше	припичаше	припичахме	припичахте	припичаха	припичай	припичайте	припичайки	припичал	припичала	припичало	припичали	припичал	припичала	припичало	припичали	припичащ	припичаща	припичащо	припичащи	припичан	припичана	припичано	припичани	припичане	припичания-нета
припкам	-	-	-	-	-	-	припках	припка	припка	припкахме	припкахте	припкаха	припках	припкаше	припкаше	припкахме	припкахте	припкаха	припкаи	припкаите	припкаики	припкал	припкала	припкало	припкали	припкал	припкала	припкало	припкали	припкащ	припкаща	припкащо	припкащи	-	-	-	-	припкане	припканета
припламвам	-	-	-	-	-	-	припламвах	припламва	припламва	припламвахме	припламвахте	припламваха	припламвах	припламваше	припламваше	припламвахме	припламвахте	припламваха	припламваи	припламваите	припламваики	припламвал	припламвала	припламвало	припламвали	припламвал	припламвала	припламвало	припламвали	припламващ	припламваща	припламващо	припламващи	-	-	-	-	припламване	припламванета
припра	припра	припреш	припре	припрем	припрете	припрат	припрях	припря	припря	припряхме	припряхте	припряха	припрях	припреше	припреше	припряхме	припряхте	припряха	припри	припрете	-	припрял	припряла	припряло	припрели	припрял	припряла	припряло	припрели	-	-	-	-	припрян	припряна	припряно	припрени	-	-
присадя	присадя	присадиш	присади	присадим	присадите	присадят	присадих	присади	присади	присадихме	присадихте	присадиха	присадях	присадеше	присадеше	присадяхме	присадяхте	присадяха	присади	присадете	-	присадил	присадила	присадило	присадили	присадял	присадяла	присадяло	присадели	-	-	-	-	присаден	присадена	присадено	присадени	-	-
присвия	присвия	присвиеш	присвие	присвием	присвиете	присвият	присвих	присви	присви	присвихме	присвихте	присвиха	присвиех	присвиеше	присвиеше	присвиехме	присвиехте	присвиеха	присвии	присвиите	-	присвил	присвила	присвило	присвили	присвиел	присвиела	присвиело	присвиели	-	-	-	-	присвит	присвита	присвито	присвити	-	-
прислоня	прислоня	прислониш	прислони	прислоним	прислоните	прислонят	прислоних	прислони	прислони	прислонихме	прислонихте	прислониха	прислонях	прислонеше	прислонеше	прислоняхме	прислоняхте	прислоняха	прислони	прислонете	-	прислонил	прислонила	прислонило	прислонили	прислонял	прислоняла	прислоняло	прислонели	-	-	-	-	прислонен	прислонена	прислонено	прислонени	-	-
приспя	приспя	приспиш	приспи	приспим	приспите	приспят	приспах	приспа	приспа	приспахме	приспахте	приспаха	приспях	приспеше	приспеше	приспяхме	приспяхте	приспяха	приспи	приспете	-	приспал	приспала	приспало	приспали	приспял	приспяла	приспяло	приспели	-	-	-	-	-	-	-	-	-	-
пристигам	-	-	-	-	-	-	пристигах	пристига	пристига	пристигахме	пристигахте	пристигаха	пристигах	пристигаше	пристигаше	пристигахме	пристигахте	пристигаха	пристигай	пристигайте	пристигайки	пристигал	пристигала	пристигало	пристигали	пристигал	пристигала	пристигало	пристигали	пристигащ	пристигаща	пристигащо	пристигащи	-	-	-	-	пристигане	пристигания-нета
пристигна	пристигна	пристигнеш	пристигне	пристигнем	пристигнете	пристигнат	пристигнах	пристигна	пристигна	пристигнахме	пристигнахте	пристигнаха	пристигнех	пристигнеше	пристигнеше	пристигнехме	пристигнехте	пристигнеха	пристигни	пристигнете	-	пристигнал	пристигнала	пристигнало	пристигнали	пристигнел	пристигнела	пристигнело	пристигнели	-	-	-	-	-	-	-	-	-	-
пристъпя	пристъпя	пристъпиш	пристъпи	пристъпим	пристъпите	пристъпят	пристъпих	пристъпи	пристъпи	пристъпихме	пристъпихте	пристъпиха	пристъпех	пристъпеше	пристъпеше	пристъпехме	пристъпехте	пристъпеха	пристъпи	пристъпете	-	пристъпил	пристъпила	пристъпило	пристъпили	пристъпел	пристъпела	пристъпело	пристъпели	-	-	-	-	-	-	-	-	-	-
присъствам	-	-	-	-	-	-	присъствах	присъства	присъства	присъствахме	присъствахте	присъстваха	присъствах	присъстваше	присъстваше	присъствахме	присъствахте	присъстваха	присъствай	присъствайте	присъствайки	присъствал	присъствала	присъствало	присъствали	присъствал	присъствала	присъствало	присъствали	присъстващ	присъстваща	присъстващо	присъстващи	-	-	-	-	присъстване	присъствания-нета
присягам	-	-	-	-	-	-	присягах	присяга	присяга	присягахме	присягахте	присягаха	присягах	присягаше	присягаше	присягахме	присягахте	присягаха	присягаи	присягаите	присягаики	присягал	присягала	присягало	присягали	присягал	присягала	присягало	присягали	присягащ	присягаща	присягащо	присягащи	-	-	-	-	присягане	присяганета
притежавам	-	-	-	-	-	-	притежавах	притежава	притежава	притежавахме	притежавахте	притежаваха	притежавах	притежаваше	притежаваше	притежавахме	притежавахте	притежаваха	притежаваи	притежаваите	притежаваики	притежавал	притежавала	притежавало	притежавали	притежавал	притежавала	притежавало	притежавали	притежаващ	притежаваща	притежаващо	притежаващи	притежаван	притежавана	притежавано	притежавани	притежаване	притежаванета
притесня	притесня	притесниш	притесни	притесним	притесните	притеснят	притесних	притесни	притесни	притеснихме	притеснихте	притесниха	притеснях	притеснеше	притеснеше	притесняхме	притесняхте	притесняха	притесни	притеснете	-	притеснил	притеснила	притеснило	притеснили	притеснял	притесняла	притесняло	притеснели	-	-	-	-	притеснен	притеснена	притеснено	притеснени	-	-
притеснявам	-	-	-	-	-	-	притеснявах	притеснява	притеснява	притеснявахме	притеснявахте	притесняваха	притеснявах	притесняваше	притесняваше	притеснявахме	притеснявахте	притесняваха	притесняваи	притесняваите	притесняваики	притеснявал	притеснявала	притеснявало	притеснявали	притеснявал	притеснявала	притеснявало	притеснявали	притесняващ	притесняваща	притесняващо	притесняващи	притесняван	притеснявана	притеснявано	притеснявани	притесняване	притесняванета
притисна	притисна	притиснеш	притисне	притиснем	притиснете	притиснат	притиснах	притисна	притисна	притиснахме	притиснахте	притиснаха	притиснех	притиснеше	притиснеше	притиснехме	притиснехте	притиснеха	притисни	притиснете	-	притиснал	притиснала	притиснало	притиснали	притиснел	притиснела	притиснело	притиснели	-	-	-	-	притиснат	притисната	притиснато	притиснати	-	-
притрябвам	-	-	-	-	-	-	притрябвах	притрябва	притрябва	притрябвахме	притрябвахте	притрябваха	притрябвах	притрябваше	притрябваше	притрябвахме	притрябвахте	притрябваха	притрябваи	притрябваите	-	притрябвал	притрябвала	притрябвало	притрябвали	притрябвал	притрябвала	притрябвало	притрябвали	-	-	-	-	-	-	-	-	-	-
прихам	-	-	-	-	-	-	прихах	приха	приха	прихахме	прихахте	прихаха	прихах	прихаше	прихаше	прихахме	прихахте	прихаха	прихаи	прихаите	прихаики	прихал	прихала	прихало	прихали	прихал	прихала	прихало	прихали	прихащ	прихаща	прихащо	прихащи	прихан	прихана	прихано	прихани	прихане	приханета
причиня	причиня	причиниш	причини	причиним	причините	причинят	причиних	причини	причини	причинихме	причинихте	причиниха	причинях	причинеше	причинеше	причиняхме	причиняхте	причиняха	причини	причинете	-	причинил	причинила	причинило	причинили	причинял	причиняла	причиняло	причинели	-	-	-	-	причинен	причинена	причинено	причинени	-	-
причинявам	-	-	-	-	-	-	причинявах	причинява	причинява	причинявахме	причинявахте	причиняваха	причинявах	причиняваше	причиняваше	причинявахме	причинявахте	причиняваха	причинявай	причинявайте	причинявайки	причинявал	причинявала	причинявало	причинявали	причинявал	причинявала	причинявало	причинявали	причиняващ	причиняваща	причиняващо	причиняващи	причиняван	причинявана	причинявано	причинявани	причиняване	причинявания-нета
прищя	прищя	прищиш	прищи	прищим	прищите	прищят	прищих	прищи	прищи	прищихме	прищихте	прищиха	прищех	прищеше	прищеше	прищехме	прищехте	прищеха	прищи	прищете	прищеики	прищил	прищила	прищило	прищили	прищел	прищела	прищело	прищели	прищещ	прищеща	прищещо	прищещи	прищен	прищена	прищено	прищени	прищене	прищенета
прияя	прияя	прияеш	прияе	прияем	прияете	прияят	приях	прия	прия	прияхме	прияхте	прияха	прияех	прияеше	прияеше	прияехме	прияехте	прияеха	прияи	прияите	прияеики	приял	прияла	прияло	прияли	прияел	прияела	прияело	прияели	прияещ	прияеща	прияещо	прияещи	-	-	-	-	прияене	прияенета
пробождам	-	-	-	-	-	-	пробождах	пробожда	пробожда	пробождахме	пробождахте	пробождаха	пробождах	пробождаше	пробождаше	пробождахме	пробождахте	пробождаха	пробождаи	пробождаите	пробождаики	пробождал	пробождала	пробождало	пробождали	пробождал	пробождала	пробождало	пробождали	пробождащ	пробождаща	пробождащо	пробождащи	пробождан	пробождана	пробождано	пробождани	пробождане	пробожданета
пробудя	пробудя	пробудиш	пробуди	пробудим	пробудите	пробудят	пробудих	пробуди	пробуди	пробудихме	пробудихте	пробудиха	пробудех	пробудеше	пробудеше	пробудехме	пробудехте	пробудеха	пробуди	пробудете	-	пробудил	пробудила	пробудило	пробудили	пробудел	пробудела	пробудело	пробудели	-	-	-	-	пробуден	пробудена	пробудено	пробудени	-	-
проваля	проваля	провалиш	провали	провалим	провалите	провалят	провалих	провали	провали	провалихме	провалихте	провалиха	провалях	провалеше	провалеше	проваляхме	проваляхте	проваляха	провали	провалете	-	провалил	провалила	провалило	провалили	провалял	проваляла	проваляло	провалели	-	-	-	-	провален	провалена	провалено	провалени	-	-
провирам	-	-	-	-	-	-	провирах	провира	провира	провирахме	провирахте	провираха	провирах	провираше	провираше	провирахме	провирахте	провираха	провирай	провирайте	провирайки	провирал	провирала	провирало	провирали	провирал	провирала	провирало	провирали	провиращ	провираща	провиращо	провиращи	провиран	провирана	провирано	провирани	провиране	провирания-нета
провра	провра	провреш	провре	проврем	проврете	проврат	проврях	провря	провря	провряхме	провряхте	провряха	проврях	провреше	провреше	провряхме	провряхте	провряха	проври	проврете	-	проврял	провряла	провряло	проврели	проврял	провряла	провряло	проврели	-	-	-	-	проврян	провряна	провряно	проврени	-	-
програмирам	-	-	-	-	-	-	програмирах	програмира	програмира	програмирахме	програмирахте	програмираха	програмирах	програмираше	програмираше	програмирахме	програмирахте	програмираха	програмираи	програмираите	програмираики	програмирал	програмирала	програмирало	програмирали	програмирал	програмирала	програмирало	програмирали	програмиращ	програмираща	програмиращо	програмиращи	програмиран	програмирана	програмирано	програмирани	програмиране	програмиранета
продавам	-	-	-	-	-	-	продавах	продава	продава	продавахме	продавахте	продаваха	продавах	продаваше	продаваше	продавахме	продавахте	продаваха	продавай	продавайте	продавайки	продавал	продавала	продавало	продавали	продавал	продавала	продавало	продавали	продаващ	продаваща	продаващо	продаващи	продаван	продавана	продавано	продавани	продаване	продавания-нета
продам	-	продадеш	продаде	продадем	продадете	продадат	продадох	продаде	продаде	продадохме	продадохте	продадоха	продадях	продадеше	продадеше	продадяхме	продадяхте	продадяха	продаи	продадете	-	продал	продала	продало	продали	продадял	продадяла	продадяло	продадели	-	-	-	-	продаден	продадена	продадено	продадени	-	-
продължа	продължа	продължиш	продължи	продължим	продължите	продължат	продължих	продължи	продължи	продължихме	продължихте	продължиха	продължах	продължеше	продължеше	продължахме	продължахте	продължаха	продължи	продължете	-	продължил	продължила	продължило	продължили	продължал	продължала	продължало	продължели	-	-	-	-	продължен	продължена	продължено	продължени	-	-
продължавам	-	-	-	-	-	-	продължавах	продължава	продължава	продължавахме	продължавахте	продължаваха	продължавах	продължаваше	продължаваше	продължавахме	продължавахте	продължаваха	продължавай	продължавайте	продължавайки	продължавал	продължавала	продължавало	продължавали	продължавал	продължавала	продължавало	продължавали	продължаващ	продължаваща	продължаващо	продължаващи	продължаван	продължавана	продължавано	продължавани	продължаване	продължавания-нета
прозирам	-	-	-	-	-	-	прозирах	прозира	прозира	прозирахме	прозирахте	прозираха	прозирах	прозираше	прозираше	прозирахме	прозирахте	прозираха	прозирай	прозирайте	прозирайки	прозирал	прозирала	прозирало	прозирали	прозирал	прозирала	прозирало	прозирали	прозиращ	прозираща	прозиращо	прозиращи	прозиран	прозирана	прозирано	прозирани	прозиране	прозирания-нета
прозра	прозра	прозреш	прозре	прозрем	прозрете	прозрат	прозрях	прозря	прозря	прозряхме	прозряхте	прозряха	прозрях	прозреше	прозреше	прозряхме	прозряхте	прозряха	прозри	прозрете	-	прозрял	прозряла	прозряло	прозрели	прозрял	прозряла	прозряло	прозрели	-	-	-	-	прозрян	прозряна	прозряно	прозрени	-	-
произлизам	-	-	-	-	-	-	произлизах	произлиза	произлиза	произлизахме	произлизахте	произлизаха	произлизах	произлизаше	произлизаше	произлизахме	произлизахте	произлизаха	произлизай	произлизайте	произлизайки	произлизал	произлизала	произлизало	произлизали	произлизал	произлизала	произлизало	произлизали	произлизащ	произлизаща	произлизащо	произлизащи	-	-	-	-	произлизане	произлизания-нета
произляза	произляза	произлезеш	произлезе	произлезем	произлезете	произлязат	произлязох	произлезе	произлезе	произлязохме	произлязохте	произлязоха	произлезех	произлезеше	произлезеше	произлезехме	произлезехте	произлезеха	произлез	произлезте	-	произлязъл	произлязла	произлязло	произлезли	произлезел	произлезела	произлезело	произлезели	-	-	-	-	-	-	-	-	-	-
произнасям	-	-	-	-	-	-	произнасях	произнася	произнася	произнасяхме	произнасяхте	произнасяха	произнасях	произнасяше	произнасяше	произнасяхме	произнасяхте	произнасяха	произнасяй	произнасяйте	произнасяйки	произнасял	произнасяла	произнасяло	произнасяли	произнасял	произнасяла	произнасяло	произнасяли	произнасящ	произнасяща	произнасящо	произнасящи	произнасян	произнасяна	произнасяно	произнасяни	произнасяне	произнасяния-нета
произнеса	произнеса	произнесеш	произнесе	произнесем	произнесете	произнесат	произнесох	произнесе	произнесе	произнесохме	произнесохте	произнесоха	произнесях	произнесеше	произнесеше	произнесяхме	произнесяхте	произнесяха	произнеси	произнесете	-	произнесъл	произнесла	произнесло	произнесли	произнесял	произнесяла	произнесяло	произнесели	-	-	-	-	произнесен	произнесена	произнесено	произнесени	-	-
произтека	произтека	произтечеш	произтече	произтечем	произтечете	произтекат	произтекох	произтече	произтече	произтекохме	произтекохте	произтекоха	произтечах	произтечеше	произтечеше	произтечахме	произтечахте	произтечаха	произтечи	произтечете	-	произтекъл	произтекла	произтекло	произтекли	произтечал	произтечала	произтечало	произтечели	-	-	-	-	-	-	-	-	-	-
произтичам	-	-	-	-	-	-	произтичах	произтича	произтича	произтичахме	произтичахте	произтичаха	произтичах	произтичаше	произтичаше	произтичахме	произтичахте	произтичаха	произтичай	произтичайте	произтичайки	произтичал	произтичала	произтичало	произтичали	произтичал	произтичала	произтичало	произтичали	произтичащ	произтичаща	произтичащо	произтичащи	-	-	-	-	произтичане	произтичания-нета
прокудя	прокудя	прокудиш	прокуди	прокудим	прокудите	прокудят	прокудих	прокуди	прокуди	прокудихме	прокудихте	прокудиха	прокудех	прокудеше	прокудеше	прокудехме	прокудехте	прокудеха	прокуди	прокудете	-	прокудил	прокудила	прокудило	прокудили	прокудел	прокудела	прокудело	прокудели	-	-	-	-	прокуден	прокудена	прокудено	прокудени	-	-
променя	променя	промениш	промени	променим	промените	променят	промених	промени	промени	променихме	променихте	промениха	променях	променеше	променеше	променяхме	променяхте	променяха	промени	променете	-	променил	променила	променило	променили	променял	променяла	променяло	променели	-	-	-	-	променен	променена	променено	променени	-	-
променям	-	-	-	-	-	-	променях	променя	променя	променяхме	променяхте	променяха	променях	променяше	променяше	променяхме	променяхте	променяха	променяи	променяите	променяики	променял	променяла	променяло	променяли	променял	променяла	променяло	променяли	променящ	променяща	променящо	променящи	променян	променяна	променяно	променяни	променяне	променянета
промия	промия	промиеш	промие	промием	промиете	промият	промих	проми	проми	промихме	промихте	промиха	промиех	промиеше	промиеше	промиехме	промиехте	промиеха	промии	промиите	-	промил	промила	промило	промили	промиел	промиела	промиело	промиели	-	-	-	-	промит	промита	промито	промити	-	-
промушвам	-	-	-	-	-	-	промушвах	промушва	промушва	промушвахме	промушвахте	промушваха	промушвах	промушваше	промушваше	промушвахме	промушвахте	промушваха	промушваи	промушваите	промушваики	промушвал	промушвала	промушвало	промушвали	промушвал	промушвала	промушвало	промушвали	промушващ	промушваща	промушващо	промушващи	промушван	промушвана	промушвано	промушвани	промушване	промушванета
пронасям	-	-	-	-	-	-	пронасях	пронася	пронася	пронасяхме	пронасяхте	пронасяха	пронасях	пронасяше	пронасяше	пронасяхме	пронасяхте	пронасяха	пронасяй	пронасяйте	пронасяйки	пронасял	пронасяла	пронасяло	пронасяли	пронасял	пронасяла	пронасяло	пронасяли	пронасящ	пронасяща	пронасящо	пронасящи	пронасян	пронасяна	пронасяно	пронасяни	пронасяне	пронасяния-нета
пронеса	пронеса	пронесеш	пронесе	пронесем	пронесете	пронесат	пронесох	пронесе	пронесе	пронесохме	пронесохте	пронесоха	пронесях	пронесеше	пронесеше	пронесяхме	пронесяхте	пронесяха	пронеси	пронесете	-	пронесъл	пронесла	пронесло	пронесли	пронесял	пронесяла	пронесяло	пронесели	-	-	-	-	пронесен	пронесена	пронесено	пронесени	-	-
пропадам	-	-	-	-	-	-	пропадах	пропада	пропада	пропадахме	пропадахте	пропадаха	пропадах	пропадаше	пропадаше	пропадахме	пропадахте	пропадаха	пропадаи	пропадаите	пропадаики	пропадал	пропадала	пропадало	пропадали	пропадал	пропадала	пропадало	пропадали	пропадащ	пропадаща	пропадащо	пропадащи	-	-	-	-	пропадане	пропаданета
пропускам	-	-	-	-	-	-	пропусках	пропуска	пропуска	пропускахме	пропускахте	пропускаха	пропусках	пропускаше	пропускаше	пропускахме	пропускахте	пропускаха	пропускаи	пропускаите	пропускаики	пропускал	пропускала	пропускало	пропускали	пропускал	пропускала	пропускало	пропускали	пропускащ	пропускаща	пропускащо	пропускащи	пропускан	пропускана	пропускано	пропускани	пропускане	пропусканета
пропусна	пропусна	пропуснеш	пропусне	пропуснем	пропуснете	пропуснат	пропуснах	пропусна	пропусна	пропуснахме	пропуснахте	пропуснаха	пропуснех	пропуснеше	пропуснеше	пропуснехме	пропуснехте	пропуснеха	пропусни	пропуснете	-	пропуснал	пропуснала	пропуснало	пропуснали	пропуснел	пропуснела	пропуснело	пропуснели	-	-	-	-	пропуснат	пропусната	пропуснато	пропуснати	-	-
прорежа	прорежа	прорежеш	прореже	прорежем	прорежете	прорежат	прорязах	проряза	проряза	прорязахме	прорязахте	прорязаха	прорежех	прорежеше	прорежеше	прорежехме	прорежехте	прорежеха	прорежи	прорежете	-	прорязал	прорязала	прорязало	прорязали	прорежел	прорежела	прорежело	прорежели	-	-	-	-	прорязан	прорязана	прорязано	прорязани	-	-
проспя	проспя	проспиш	проспи	проспим	проспите	проспят	проспах	проспа	проспа	проспахме	проспахте	проспаха	проспях	проспеше	проспеше	проспяхме	проспяхте	проспяха	проспи	проспете	-	проспал	проспала	проспало	проспали	проспял	проспяла	проспяло	проспели	-	-	-	-	-	-	-	-	-	-
простина	простина	простинеш	простине	простинем	простинете	простинат	простинах	простина	простина	простинахме	простинахте	простинаха	простинех	простинеше	простинеше	простинехме	простинехте	простинеха	простини	простинете	-	простинал	простинала	простинало	простинали	простинел	простинела	простинело	простинели	-	-	-	-	-	-	-	-	-	-
простирам	-	-	-	-	-	-	простирах	простира	простира	простирахме	простирахте	простираха	простирах	простираше	простираше	простирахме	простирахте	простираха	простирай	простирайте	простирайки	простирал	простирала	простирало	простирали	простирал	простирала	простирало	простирали	простиращ	простираща	простиращо	простиращи	простиран	простирана	простирано	простирани	простиране	простирания-нета
простра	простра	простреш	простре	прострем	прострете	прострат	прострях	простря	простря	простряхме	простряхте	простряха	прострях	простреше	простреше	простряхме	простряхте	простряха	простри	прострете	-	прострял	простряла	простряло	прострели	прострял	простряла	простряло	прострели	-	-	-	-	прострян	простряна	простряно	прострени	-	-
простудя	простудя	простудиш	простуди	простудим	простудите	простудят	простудих	простуди	простуди	простудихме	простудихте	простудиха	простудях	простудеше	простудеше	простудяхме	простудяхте	простудяха	простуди	простудете	-	простудил	простудила	простудило	простудили	простудял	простудяла	простудяло	простудели	-	-	-	-	простуден	простудена	простудено	простудени	-	-
простя	простя	простиш	прости	простим	простите	простят	простих	прости	прости	простихме	простихте	простиха	простях	простеше	простеше	простяхме	простяхте	простяха	прости	простете	-	простил	простила	простило	простили	простял	простяла	простяло	простели	-	-	-	-	простен	простена	простено	простени	-	-
прося	прося	просиш	проси	просим	просите	просят	просих	проси	проси	просихме	просихте	просиха	просех	просеше	просеше	просехме	просехте	просеха	проси	просете	просеики	просил	просила	просило	просили	просел	просела	просело	просели	просещ	просеща	просещо	просещи	просен	просена	просено	просени	просене	просенета
протегна	протегна	протегнеш	протегне	протегнем	протегнете	протегнат	протегнах	протегна	протегна	протегнахме	протегнахте	протегнаха	протегнех	протегнеше	протегнеше	протегнехме	протегнехте	протегнеха	протегни	протегнете	-	протегнал	протегнала	протегнало	протегнали	протегнел	протегнела	протегнело	протегнели	-	-	-	-	протегнат	протегната	протегнато	протегнати	-	-
протека	протека	протечеш	протече	протечем	протечете	протекат	протекох	протече	протече	протекохме	протекохте	протекоха	протечах	протечеше	протечеше	протечахме	протечахте	протечаха	протечи	протечете	-	протекъл	протекла	протекло	протекли	протечал	протечала	протечало	протечели	-	-	-	-	-	-	-	-	-	-
протичам	-	-	-	-	-	-	протичах	протича	протича	протичахме	протичахте	протичаха	протичах	протичаше	протичаше	протичахме	протичахте	протичаха	протичай	протичайте	протичайки	протичал	протичала	протичало	протичали	протичал	протичала	протичало	протичали	протичащ	протичаща	протичащо	протичащи	-	-	-	-	протичане	протичания-нета
протягам	-	-	-	-	-	-	протягах	протяга	протяга	протягахме	протягахте	протягаха	протягах	протягаше	протягаше	протягахме	протягахте	протягаха	протягаи	протягаите	протягаики	протягал	протягала	протягало	протягали	протягал	протягала	протягало	протягали	протягащ	протягаща	протягащо	протягащи	протяган	протягана	протягано	протягани	протягане	протяганета
прохладя	прохладя	прохладиш	прохлади	прохладим	прохладите	прохладят	прохладих	прохлади	прохлади	прохладихме	прохладихте	прохладиха	прохладях	прохладеше	прохладеше	прохладяхме	прохладяхте	прохладяха	прохлади	прохладете	-	прохладил	прохладила	прохладило	прохладили	прохладял	прохладяла	прохладяло	прохладели	-	-	-	-	прохладен	прохладена	прохладено	прохладени	-	-
прочета	прочета	прочетеш	прочете	прочетем	прочетете	прочетат	прочетох	прочете	прочете	прочетохме	прочетохте	прочетоха	прочетях	прочетеше	прочетеше	прочетяхме	прочетяхте	прочетяха	прочети	прочетете	-	прочел	прочела	прочело	прочели	прочетял	прочетяла	прочетяло	прочетели	-	-	-	-	прочетен	прочетена	прочетено	прочетени	-	-
прочитам	-	-	-	-	-	-	прочитах	прочита	прочита	прочитахме	прочитахте	прочитаха	прочитах	прочиташе	прочиташе	прочитахме	прочитахте	прочитаха	прочитай	прочитайте	прочитайки	прочитал	прочитала	прочитало	прочитали	прочитал	прочитала	прочитало	прочитали	прочитащ	прочитаща	прочитащо	прочитащи	прочитан	прочитана	прочитано	прочитани	прочитане	прочитания-нета
прошепвам	-	-	-	-	-	-	прошепвах	прошепва	прошепва	прошепвахме	прошепвахте	прошепваха	прошепвах	прошепваше	прошепваше	прошепвахме	прошепвахте	прошепваха	прошепваи	прошепваите	прошепваики	прошепвал	прошепвала	прошепвало	прошепвали	прошепвал	прошепвала	прошепвало	прошепвали	прошепващ	прошепваща	прошепващо	прошепващи	прошепван	прошепвана	прошепвано	прошепвани	прошепване	прошепванета
прошепна	прошепна	прошепнеш	прошепне	прошепнем	прошепнете	прошепнат	прошепнах	прошепна	прошепна	прошепнахме	прошепнахте	прошепнаха	прошепнех	прошепнеше	прошепнеше	прошепнехме	прошепнехте	прошепнеха	прошепни	прошепнете	-	прошепнал	прошепнала	прошепнало	прошепнали	прошепнел	прошепнела	прошепнело	прошепнели	-	-	-	-	прошепнат	прошепната	прошепнато	прошепнати	-	-
прощавам	-	-	-	-	-	-	прощавах	прощава	прощава	прощавахме	прощавахте	прощаваха	прощавах	прощаваше	прощаваше	прощавахме	прощавахте	прощаваха	прощавай	прощавайте	прощавайки	прощавал	прощавала	прощавало	прощавали	прощавал	прощавала	прощавало	прощавали	прощаващ	прощаваща	прощаващо	прощаващи	прощаван	прощавана	прощавано	прощавани	прощаване	прощавания-нета
пружа	пружа	пружиш	пружи	пружим	пружите	пружат	пружих	пружи	пружи	пружихме	пружихте	пружиха	пружех	пружеше	пружеше	пружехме	пружехте	пружеха	пружи	пружете	пружеики	пружил	пружила	пружило	пружили	пружел	пружела	пружело	пружели	пружещ	пружеща	пружещо	пружещи	пружен	пружена	пружено	пружени	пружене	пруженета
пръдвам	-	-	-	-	-	-	пръдвах	пръдва	пръдва	пръдвахме	пръдвахте	пръдваха	пръдвах	пръдваше	пръдваше	пръдвахме	пръдвахте	пръдваха	пръдваи	пръдваите	пръдваики	пръдвал	пръдвала	пръдвало	пръдвали	пръдвал	пръдвала	пръдвало	пръдвали	пръдващ	пръдваща	пръдващо	пръдващи	-	-	-	-	пръдване	пръдванета
пръдна	пръдна	пръднеш	пръдне	пръднем	пръднете	пръднат	пръднах	пръдна	пръдна	пръднахме	пръднахте	пръднаха	пръднех	пръднеше	пръднеше	пръднехме	пръднехте	пръднеха	пръдни	пръднете	-	пръднал	пръднала	пръднало	пръднали	пръднел	пръднела	пръднело	пръднели	-	-	-	-	-	-	-	-	-	-
пръкна	пръкна	пръкнеш	пръкне	пръкнем	пръкнете	пръкнат	пръкнах	пръкна	пръкна	пръкнахме	пръкнахте	пръкнаха	пръкнех	пръкнеше	пръкнеше	пръкнехме	пръкнехте	пръкнеха	пръкни	пръкнете	-	пръкнал	пръкнала	пръкнало	пръкнали	пръкнел	пръкнела	пръкнело	пръкнели	-	-	-	-	-	-	-	-	-	-
пръскам	-	-	-	-	-	-	пръсках	пръска	пръска	пръскахме	пръскахте	пръскаха	пръсках	пръскаше	пръскаше	пръскахме	пръскахте	пръскаха	пръскаи	пръскаите	пръскаики	пръскал	пръскала	пръскало	пръскали	пръскал	пръскала	пръскало	пръскали	пръскащ	пръскаща	пръскащо	пръскащи	пръскан	пръскана	пръскано	пръскани	пръскане	пръсканета
пръсна	пръсна	пръснеш	пръсне	пръснем	пръснете	пръснат	пръснах	пръсна	пръсна	пръснахме	пръснахте	пръснаха	пръснех	пръснеше	пръснеше	пръснехме	пръснехте	пръснеха	пръсни	пръснете	-	пръснал	пръснала	пръснало	пръснали	пръснел	пръснела	пръснело	пръснели	-	-	-	-	пръснат	пръсната	пръснато	пръснати	-	-
псувам	-	-	-	-	-	-	псувах	псува	псува	псувахме	псувахте	псуваха	псувах	псуваше	псуваше	псувахме	псувахте	псуваха	псуваи	псуваите	псуваики	псувал	псувала	псувало	псували	псувал	псувала	псувало	псували	псуващ	псуваща	псуващо	псуващи	-	-	-	-	псуване	псуванета
пукам	-	-	-	-	-	-	пуках	пука	пука	пукахме	пукахте	пукаха	пуках	пукаше	пукаше	пукахме	пукахте	пукаха	пукаи	пукаите	пукаики	пукал	пукала	пукало	пукали	пукал	пукала	пукало	пукали	пукащ	пукаща	пукащо	пукащи	пукан	пукана	пукано	пукани	пукане	пуканета
пукна	пукна	пукнеш	пукне	пукнем	пукнете	пукнат	пукнах	пукна	пукна	пукнахме	пукнахте	пукнаха	пукнех	пукнеше	пукнеше	пукнехме	пукнехте	пукнеха	пукни	пукнете	-	пукнал	пукнала	пукнало	пукнали	пукнел	пукнела	пукнело	пукнели	-	-	-	-	пукнат	пукната	пукнато	пукнати	-	-
пускам	-	-	-	-	-	-	пусках	пуска	пуска	пускахме	пускахте	пускаха	пусках	пускаше	пускаше	пускахме	пускахте	пускаха	пускаи	пускаите	пускаики	пускал	пускала	пускало	пускали	пускал	пускала	пускало	пускали	пускащ	пускаща	пускащо	пускащи	пускан	пускана	пускано	пускани	пускане	пусканета
пусна	пусна	пуснеш	пусне	пуснем	пуснете	пуснат	пуснах	пусна	пусна	пуснахме	пуснахте	пуснаха	пуснех	пуснеше	пуснеше	пуснехме	пуснехте	пуснеха	пусни	пуснете	-	пуснал	пуснала	пуснало	пуснали	пуснел	пуснела	пуснело	пуснели	-	-	-	-	пуснат	пусната	пуснато	пуснати	-	-
пустея	пустея	пустееш	пустее	пустеем	пустеете	пустеят	пустях	пустя	пустя	пустяхме	пустяхте	пустяха	пустеех	пустееше	пустееше	пустеехме	пустеехте	пустееха	пустеи	пустеите	пустееики	пустял	пустяла	пустяло	пустели	пустеел	пустеела	пустеело	пустеели	пустеещ	пустееща	пустеещо	пустеещи	-	-	-	-	пустеене	пустеенета
пухам	-	-	-	-	-	-	пухах	пуха	пуха	пухахме	пухахте	пухаха	пухах	пухаше	пухаше	пухахме	пухахте	пухаха	пухаи	пухаите	пухаики	пухал	пухала	пухало	пухали	пухал	пухала	пухало	пухали	пухащ	пухаща	пухащо	пухащи	пухан	пухана	пухано	пухани	пухане	пуханета
пуцам	-	-	-	-	-	-	пуцах	пуца	пуца	пуцахме	пуцахте	пуцаха	пуцах	пуцаше	пуцаше	пуцахме	пуцахте	пуцаха	пуцаи	пуцаите	пуцаики	пуцал	пуцала	пуцало	пуцали	пуцал	пуцала	пуцало	пуцали	пуцащ	пуцаща	пуцащо	пуцащи	-	-	-	-	пуцане	пуцанета
пуша	пуша	пушиш	пуши	пушим	пушите	пушат	пуших	пуши	пуши	пушихме	пушихте	пушиха	пушех	пушеше	пушеше	пушехме	пушехте	пушеха	пуши	пушете	пушейки	пушил	пушила	пушило	пушили	пушел	пушела	пушело	пушели	пушещ	пушеща	пушещо	пушещи	пушен	пушена	пушено	пушени	пушене	пушения-нета
пущам	-	-	-	-	-	-	пущах	пуща	пуща	пущахме	пущахте	пущаха	пущах	пущаше	пущаше	пущахме	пущахте	пущаха	пущаи	пущаите	пущаики	пущал	пущала	пущало	пущали	пущал	пущала	пущало	пущали	пущащ	пущаща	пущащо	пущащи	пущан	пущана	пущано	пущани	пущане	пущанета
пъдя	пъдя	пъдиш	пъди	пъдим	пъдите	пъдят	пъдих	пъди	пъди	пъдихме	пъдихте	пъдиха	пъдех	пъдеше	пъдеше	пъдехме	пъдехте	пъдеха	пъди	пъдете	пъдеики	пъдил	пъдила	пъдило	пъдили	пъдел	пъдела	пъдело	пъдели	пъдещ	пъдеща	пъдещо	пъдещи	пъден	пъдена	пъдено	пъдени	пъдене	пъденета
пълзя	пълзя	пълзиш	пълзи	пълзим	пълзите	пълзят	пълзях	пълзя	пълзя	пълзяхме	пълзяхте	пълзяха	пълзях	пълзеше	пълзеше	пълзяхме	пълзяхте	пълзяха	пълзи	пълзете	пълзеики	пълзял	пълзяла	пълзяло	пълзели	пълзял	пълзяла	пълзяло	пълзели	пълзящ	пълзяща	пълзящо	пълзящи	-	-	-	-	пълзене	пълзенета
пълня	пълня	пълниш	пълни	пълним	пълните	пълнят	пълних	пълни	пълни	пълнихме	пълнихте	пълниха	пълнех	пълнеше	пълнеше	пълнехме	пълнехте	пълнеха	пълни	пълнете	пълнеики	пълнил	пълнила	пълнило	пълнили	пълнел	пълнела	пълнело	пълнели	пълнещ	пълнеща	пълнещо	пълнещи	пълнен	пълнена	пълнено	пълнени	пълнене	пълненета
пъна	пъна	пънеш	пъне	пънем	пънете	пънат	пънах	пъна	пъна	пънахме	пънахте	пънаха	пънех	пънеше	пънеше	пънехме	пънехте	пънеха	пъни	пънете	пънеики	пънал	пънала	пънало	пънали	пънел	пънела	пънело	пънели	пънещ	пънеща	пънещо	пънещи	пънат	пъната	пънато	пънати	пънене	пъненета
пъпля	пъпля	пъплиш	пъпли	пъплим	пъплите	пъплят	пъплих	пъпли	пъпли	пъплихме	пъплихте	пъплиха	пъплех	пъплеше	пъплеше	пъплехме	пъплехте	пъплеха	пъпли	пъплете	пъплеики	пъплил	пъплила	пъплило	пъплили	пъплел	пъплела	пъплело	пъплели	пъплещ	пъплеща	пъплещо	пъплещи	-	-	-	-	пъплене	пъпленета
пърдя	пърдя	пърдиш	пърди	пърдим	пърдите	пърдят	пърдях	пърдя	пърдя	пърдяхме	пърдяхте	пърдяха	пърдях	пърдеше	пърдеше	пърдяхме	пърдяхте	пърдяха	пърди	пърдете	пърдеики	пърдял	пърдяла	пърдяло	пърдели	пърдял	пърдяла	пърдяло	пърдели	пърдящ	пърдяща	пърдящо	пърдящи	-	-	-	-	пърдене	пърденета
пържа	пържа	пържиш	пържи	пържим	пържите	пържат	пържих	пържи	пържи	пържихме	пържихте	пържиха	пържех	пържеше	пържеше	пържехме	пържехте	пържеха	пържи	пържете	пържеики	пържил	пържила	пържило	пържили	пържел	пържела	пържело	пържели	пържещ	пържеща	пържещо	пържещи	пържен	пържена	пържено	пържени	пържене	пърженета
пързалям	-	-	-	-	-	-	пързалях	пързаля	пързаля	пързаляхме	пързаляхте	пързаляха	пързалях	пързаляше	пързаляше	пързаляхме	пързаляхте	пързаляха	пързаляи	пързаляите	пързаляики	пързалял	пързаляла	пързаляло	пързаляли	пързалял	пързаляла	пързаляло	пързаляли	пързалящ	пързаляща	пързалящо	пързалящи	пързалян	пързаляна	пързаляно	пързаляни	пързаляне	пързалянета
пъркам	-	-	-	-	-	-	пърках	пърка	пърка	пъркахме	пъркахте	пъркаха	пърках	пъркаше	пъркаше	пъркахме	пъркахте	пъркаха	пъркаи	пъркаите	пъркаики	пъркал	пъркала	пъркало	пъркали	пъркал	пъркала	пъркало	пъркали	пъркащ	пъркаща	пъркащо	пъркащи	пъркан	пъркана	пъркано	пъркани	пъркане	пърканета
пърполя	пърполя	пърполиш	пърполи	пърполим	пърполите	пърполят	пърполих	пърполи	пърполи	пърполихме	пърполихте	пърполиха	пърполех	пърполеше	пърполеше	пърполехме	пърполехте	пърполеха	пърполи	пърполете	пърполеики	пърполил	пърполила	пърполило	пърполили	пърполел	пърполела	пърполело	пърполели	пърполещ	пърполеща	пърполещо	пърполещи	-	-	-	-	пърполене	пърполенета
пърпоря	пърпоря	пърпориш	пърпори	пърпорим	пърпорите	пърпорят	пърпорих	пърпори	пърпори	пърпорихме	пърпорихте	пърпориха	пърпорех	пърпореше	пърпореше	пърпорехме	пърпорехте	пърпореха	пърпори	пърпорете	пърпореики	пърпорил	пърпорила	пърпорило	пърпорили	пърпорел	пърпорела	пърпорело	пърпорели	пърпорещ	пърпореща	пърпорещо	пърпорещи	-	-	-	-	пърпорене	пърпоренета
пъртя	пъртя	пъртиш	пърти	пъртим	пъртите	пъртят	пъртих	пърти	пърти	пъртихме	пъртихте	пъртиха	пъртях	пъртеше	пъртеше	пъртяхме	пъртяхте	пъртяха	пърти	пъртете	пъртеики	пъртил	пъртила	пъртило	пъртили	пъртял	пъртяла	пъртяло	пъртели	пъртящ	пъртяща	пъртящо	пъртящи	пъртен	пъртена	пъртено	пъртени	пъртене	пъртенета
пърхам	-	-	-	-	-	-	пърхах	пърха	пърха	пърхахме	пърхахте	пърхаха	пърхах	пърхаше	пърхаше	пърхахме	пърхахте	пърхаха	пърхаи	пърхаите	пърхаики	пърхал	пърхала	пърхало	пърхали	пърхал	пърхала	пърхало	пърхали	пърхащ	пърхаща	пърхащо	пърхащи	-	-	-	-	пърхане	пърханета
пътешествам	-	-	-	-	-	-	пътешествах	пътешества	пътешества	пътешествахме	пътешествахте	пътешестваха	пътешествах	пътешестваше	пътешестваше	пътешествахме	пътешествахте	пътешестваха	пътешестваи	пътешестваите	пътешестваики	пътешествал	пътешествала	пътешествало	пътешествали	пътешествал	пътешествала	пътешествало	пътешествали	пътешестващ	пътешестваща	пътешестващо	пътешестващи	-	-	-	-	пътешестване	пътешестванета
пътувам	-	-	-	-	-	-	пътувах	пътува	пътува	пътувахме	пътувахте	пътуваха	пътувах	пътуваше	пътуваше	пътувахме	пътувахте	пътуваха	пътувай	пътувайте	пътувайки	пътувал	пътувала	пътувало	пътували	пътувал	пътувала	пътувало	пътували	пътуващ	пътуваща	пътуващо	пътуващи	-	-	-	-	пътуване	пътувания-нета
пъхам	-	-	-	-	-	-	пъхах	пъха	пъха	пъхахме	пъхахте	пъхаха	пъхах	пъхаше	пъхаше	пъхахме	пъхахте	пъхаха	пъхаи	пъхаите	пъхаики	пъхал	пъхала	пъхало	пъхали	пъхал	пъхала	пъхало	пъхали	пъхащ	пъхаща	пъхащо	пъхащи	пъхан	пъхана	пъхано	пъхани	пъхане	пъханета
пъхна	пъхна	пъхнеш	пъхне	пъхнем	пъхнете	пъхнат	пъхнах	пъхна	пъхна	пъхнахме	пъхнахте	пъхнаха	пъхнех	пъхнеше	пъхнеше	пъхнехме	пъхнехте	пъхнеха	пъхни	пъхнете	-	пъхнал	пъхнала	пъхнало	пъхнали	пъхнел	пъхнела	пъхнело	пъхнели	-	-	-	-	пъхнат	пъхната	пъхнато	пъхнати	-	-
пъшкам	-	-	-	-	-	-	пъшках	пъшка	пъшка	пъшкахме	пъшкахте	пъшкаха	пъшках	пъшкаше	пъшкаше	пъшкахме	пъшкахте	пъшкаха	пъшкаи	пъшкаите	пъшкаики	пъшкал	пъшкала	пъшкало	пъшкали	пъшкал	пъшкала	пъшкало	пъшкали	пъшкащ	пъшкаща	пъшкащо	пъшкащи	-	-	-	-	пъшкане	пъшканета
работя	работя	работиш	работи	работим	работите	работят	работих	работи	работи	работихме	работихте	работиха	работех	работеше	работеше	работехме	работехте	работеха	работи	работете	работейки	работил	работила	работило	работили	работел	работела	работело	работели	работещ	работеща	работещо	работещи	-	-	-	-	работене	работения-нета
радвам	-	-	-	-	-	-	радвах	радва	радва	радвахме	радвахте	радваха	радвах	радваше	радваше	радвахме	радвахте	радваха	радваи	радваите	радваики	радвал	радвала	радвало	радвали	радвал	радвала	радвало	радвали	радващ	радваща	радващо	радващи	радван	радвана	радвано	радвани	радване	радванета
радея	радея	радееш	радее	радеем	радеете	радеят	радях	радя	радя	радяхме	радяхте	радяха	радеех	радееше	радееше	радеехме	радеехте	радееха	радей	радейте	радеейки	радял	радяла	радяло	радели	радеел	радеела	радеело	радеели	радеещ	радееща	радеещо	радеещи	-	-	-	-	радеене	радеения-нета
радя	радя	радиш	ради	радим	радите	радят	радих	ради	ради	радихме	радихте	радиха	радях	радеше	радеше	радяхме	радяхте	радяха	ради	радете	радеики	радил	радила	радило	радили	радял	радяла	радяло	радели	радящ	радяща	радящо	радящи	-	-	-	-	радене	раденета
раждам	-	-	-	-	-	-	раждах	ражда	ражда	раждахме	раждахте	раждаха	раждах	раждаше	раждаше	раждахме	раждахте	раждаха	раждаи	раждаите	раждаики	раждал	раждала	раждало	раждали	раждал	раждала	раждало	раждали	раждащ	раждаща	раждащо	раждащи	раждан	раждана	раждано	раждани	раждане	ражданета
разбера	разбера	разбереш	разбере	разберем	разберете	разберат	разбрах	разбра	разбра	разбрахме	разбрахте	разбраха	разберях	разбереше	разбереше	разберяхме	разберяхте	разберяха	разбери	разберете	-	разбрал	разбрала	разбрало	разбрали	разберял	разберяла	разберяло	разберели	-	-	-	-	разбран	разбрана	разбрано	разбрани	-	-
разбирам	-	-	-	-	-	-	разбирах	разбира	разбира	разбирахме	разбирахте	разбираха	разбирах	разбираше	разбираше	разбирахме	разбирахте	разбираха	разбирай	разбирайте	разбирайки	разбирал	разбирала	разбирало	разбирали	разбирал	разбирала	разбирало	разбирали	разбиращ	разбираща	разбиращо	разбиращи	разбиран	разбирана	разбирано	разбирани	разбиране	разбирания-нета
разбия	разбия	разбиеш	разбие	разбием	разбиете	разбият	разбих	разби	разби	разбихме	разбихте	разбиха	разбиех	разбиеше	разбиеше	разбиехме	разбиехте	разбиеха	разбии	разбиите	-	разбил	разбила	разбило	разбили	разбиел	разбиела	разбиело	разбиели	-	-	-	-	разбит	разбита	разбито	разбити	-	-
разболея	разболея	разболееш	разболее	разболеем	разболеете	разболеят	разболях	разболя	разболя	разболяхме	разболяхте	разболяха	разболеех	разболееше	разболееше	разболеехме	разболеехте	разболееха	разболей	разболейте	-	разболял	разболяла	разболяло	разболели	разболеел	разболеела	разболеело	разболеели	-	-	-	-	разболян	разболяна	разболяно	разболени	-	-
разболявам	-	-	-	-	-	-	разболявах	разболява	разболява	разболявахме	разболявахте	разболяваха	разболявах	разболяваше	разболяваше	разболявахме	разболявахте	разболяваха	разболявай	разболявайте	разболявайки	разболявал	разболявала	разболявало	разболявали	разболявал	разболявала	разболявало	разболявали	разболяващ	разболяваща	разболяващо	разболяващи	разболяван	разболявана	разболявано	разболявани	разболяване	разболявания-нета
разбудя	разбудя	разбудиш	разбуди	разбудим	разбудите	разбудят	разбудих	разбуди	разбуди	разбудихме	разбудихте	разбудиха	разбудех	разбудеше	разбудеше	разбудехме	разбудехте	разбудеха	разбуди	разбудете	-	разбудил	разбудила	разбудило	разбудили	разбудел	разбудела	разбудело	разбудели	-	-	-	-	разбуден	разбудена	разбудено	разбудени	-	-
разбъркам	-	-	-	-	-	-	разбърках	разбърка	разбърка	разбъркахме	разбъркахте	разбъркаха	разбърках	разбъркаше	разбъркаше	разбъркахме	разбъркахте	разбъркаха	разбъркаи	разбъркаите	-	разбъркал	разбъркала	разбъркало	разбъркали	разбъркал	разбъркала	разбъркало	разбъркали	-	-	-	-	разбъркан	разбъркана	разбъркано	разбъркани	-	-
разваля	разваля	развалиш	развали	развалим	развалите	развалят	развалих	развали	развали	развалихме	развалихте	развалиха	развалех	развалеше	развалеше	развалехме	развалехте	развалеха	развали	развалете	-	развалил	развалила	развалило	развалили	развалел	развалела	развалело	развалели	-	-	-	-	развален	развалена	развалено	развалени	-	-
развалям	-	-	-	-	-	-	развалях	разваля	разваля	разваляхме	разваляхте	разваляха	развалях	разваляше	разваляше	разваляхме	разваляхте	разваляха	разваляи	разваляите	разваляики	развалял	разваляла	разваляло	разваляли	развалял	разваляла	разваляло	разваляли	развалящ	разваляща	развалящо	развалящи	развалян	разваляна	разваляно	разваляни	разваляне	развалянета
развивам	-	-	-	-	-	-	развивах	развива	развива	развивахме	развивахте	развиваха	развивах	развиваше	развиваше	развивахме	развивахте	развиваха	развиваи	развиваите	развиваики	развивал	развивала	развивало	развивали	развивал	развивала	развивало	развивали	развиващ	развиваща	развиващо	развиващи	развиван	развивана	развивано	развивани	развиване	развиванета
развия	развия	развиеш	развие	развием	развиете	развият	развих	разви	разви	развихме	развихте	развиха	развиех	развиеше	развиеше	развиехме	развиехте	развиеха	развии	развиите	-	развил	развила	развило	развили	развиел	развиела	развиело	развиели	-	-	-	-	развит	развита	развито	развити	-	-
разговарям	-	-	-	-	-	-	разговарях	разговаря	разговаря	разговаряхме	разговаряхте	разговаряха	разговарях	разговаряше	разговаряше	разговаряхме	разговаряхте	разговаряха	разговаряи	разговаряите	разговаряики	разговарял	разговаряла	разговаряло	разговаряли	разговарял	разговаряла	разговаряло	разговаряли	разговарящ	разговаряща	разговарящо	разговарящи	-	-	-	-	разговаряне	разговарянета
разговоря	разговоря	разговориш	разговори	разговорим	разговорите	разговорят	разговорих	разговори	разговори	разговорихме	разговорихте	разговориха	разговорех	разговореше	разговореше	разговорехме	разговорехте	разговореха	разговори	разговорете	-	разговорил	разговорила	разговорило	разговорили	разговорел	разговорела	разговорело	разговорели	-	-	-	-	-	-	-	-	-	-
разграбя	разграбя	разграбиш	разграби	разграбим	разграбите	разграбят	разграбих	разграби	разграби	разграбихме	разграбихте	разграбиха	разграбех	разграбеше	разграбеше	разграбехме	разграбехте	разграбеха	разграби	разграбете	-	разграбил	разграбила	разграбило	разграбили	разграбел	разграбела	разграбело	разграбели	-	-	-	-	разграбен	разграбена	разграбено	разграбени	-	-
разградя	разградя	разградиш	разгради	разградим	разградите	разградят	разградих	разгради	разгради	разградихме	разградихте	разградиха	разградях	разградеше	разградеше	разградяхме	разградяхте	разградяха	разгради	разградете	-	разградил	разградила	разградило	разградили	разградял	разградяла	разградяло	разградели	-	-	-	-	разграден	разградена	разградено	разградени	-	-
разгръщам	-	-	-	-	-	-	разгръщах	разгръща	разгръща	разгръщахме	разгръщахте	разгръщаха	разгръщах	разгръщаше	разгръщаше	разгръщахме	разгръщахте	разгръщаха	разгръщаи	разгръщаите	разгръщаики	разгръщал	разгръщала	разгръщало	разгръщали	разгръщал	разгръщала	разгръщало	разгръщали	разгръщащ	разгръщаща	разгръщащо	разгръщащи	разгръщан	разгръщана	разгръщано	разгръщани	разгръщане	разгръщанета
разгърна	разгърна	разгърнеш	разгърне	разгърнем	разгърнете	разгърнат	разгърнах	разгърна	разгърна	разгърнахме	разгърнахте	разгърнаха	разгърнех	разгърнеше	разгърнеше	разгърнехме	разгърнехте	разгърнеха	разгърни	разгърнете	-	разгърнал	разгърнала	разгърнало	разгърнали	разгърнел	разгърнела	разгърнело	разгърнели	-	-	-	-	разгърнат	разгърната	разгърнато	разгърнати	-	-
разкажа	разкажа	разкажеш	разкаже	разкажем	разкажете	разкажат	разказах	разказа	разказа	разказахме	разказахте	разказаха	разкажех	разкажеше	разкажеше	разкажехме	разкажехте	разкажеха	разкажи	разкажете	-	разказал	разказала	разказало	разказали	разкажел	разкажела	разкажело	разкажели	-	-	-	-	разказан	разказана	разказано	разказани	-	-
разказвам	-	-	-	-	-	-	разказвах	разказва	разказва	разказвахме	разказвахте	разказваха	разказвах	разказваше	разказваше	разказвахме	разказвахте	разказваха	разказваи	разказваите	разказваики	разказвал	разказвала	разказвало	разказвали	разказвал	разказвала	разказвало	разказвали	разказващ	разказваща	разказващо	разказващи	разказван	разказвана	разказвано	разказвани	разказване	разказванета
разклоня	разклоня	разклониш	разклони	разклоним	разклоните	разклонят	разклоних	разклони	разклони	разклонихме	разклонихте	разклониха	разклонях	разклонеше	разклонеше	разклоняхме	разклоняхте	разклоняха	разклони	разклонете	-	разклонил	разклонила	разклонило	разклонили	разклонял	разклоняла	разклоняло	разклонели	-	-	-	-	разклонен	разклонена	разклонено	разклонени	-	-
разложа	разложа	разложиш	разложи	разложим	разложите	разложат	разложих	разложи	разложи	разложихме	разложихте	разложиха	разложех	разложеше	разложеше	разложехме	разложехте	разложеха	разложи	разложете	-	разложил	разложила	разложило	разложили	разложел	разложела	разложело	разложели	-	-	-	-	разложен	разложена	разложено	разложени	-	-
разломя	разломя	разломиш	разломи	разломим	разломите	разломят	разломих	разломи	разломи	разломихме	разломихте	разломиха	разломях	разломеше	разломеше	разломяхме	разломяхте	разломяха	разломи	разломете	-	разломил	разломила	разломило	разломили	разломял	разломяла	разломяло	разломели	-	-	-	-	разломен	разломена	разломено	разломени	-	-
разлюбвам	-	-	-	-	-	-	разлюбвах	разлюбва	разлюбва	разлюбвахме	разлюбвахте	разлюбваха	разлюбвах	разлюбваше	разлюбваше	разлюбвахме	разлюбвахте	разлюбваха	разлюбвай	разлюбвайте	разлюбвайки	разлюбвал	разлюбвала	разлюбвало	разлюбвали	разлюбвал	разлюбвала	разлюбвало	разлюбвали	разлюбващ	разлюбваща	разлюбващо	разлюбващи	разлюбван	разлюбвана	разлюбвано	разлюбвани	разлюбване	разлюбвания-нета
разлюбя	разлюбя	разлюбиш	разлюби	разлюбим	разлюбите	разлюбят	разлюбих	разлюби	разлюби	разлюбихме	разлюбихте	разлюбиха	разлюбех	разлюбеше	разлюбеше	разлюбехме	разлюбехте	разлюбеха	разлюби	разлюбете	-	разлюбил	разлюбила	разлюбило	разлюбили	разлюбел	разлюбела	разлюбело	разлюбели	-	-	-	-	разлюбен	разлюбена	разлюбено	разлюбени	-	-
размажа	размажа	размажеш	размаже	размажем	размажете	размажат	размазах	размаза	размаза	размазахме	размазахте	размазаха	размажех	размажеше	размажеше	размажехме	размажехте	размажеха	размажи	размажете	-	размазал	размазала	размазало	размазали	размажел	размажела	размажело	размажели	-	-	-	-	размазан	размазана	размазано	размазани	-	-
размахвам	-	-	-	-	-	-	размахвах	размахва	размахва	размахвахме	размахвахте	размахваха	размахвах	размахваше	размахваше	размахвахме	размахвахте	размахваха	размахваи	размахваите	размахваики	размахвал	размахвала	размахвало	размахвали	размахвал	размахвала	размахвало	размахвали	размахващ	размахваща	размахващо	размахващи	размахван	размахвана	размахвано	размахвани	размахване	размахванета
размия	размия	размиеш	размие	размием	размиете	размият	размих	разми	разми	размихме	размихте	размиха	размиех	размиеше	размиеше	размиехме	размиехте	размиеха	размии	размиите	-	размил	размила	размило	размили	размиел	размиела	размиело	размиели	-	-	-	-	размит	размита	размито	размити	-	-
разнасям	-	-	-	-	-	-	разнасях	разнася	разнася	разнасяхме	разнасяхте	разнасяха	разнасях	разнасяше	разнасяше	разнасяхме	разнасяхте	разнасяха	разнасяй	разнасяйте	разнасяйки	разнасял	разнасяла	разнасяло	разнасяли	разнасял	разнасяла	разнасяло	разнасяли	разнасящ	разнасяща	разнасящо	разнасящи	разнасян	разнасяна	разнасяно	разнасяни	разнасяне	разнасяния-нета
разнеса	разнеса	разнесеш	разнесе	разнесем	разнесете	разнесат	разнесох	разнесе	разнесе	разнесохме	разнесохте	разнесоха	разнесях	разнесеше	разнесеше	разнесяхме	разнесяхте	разнесяха	разнеси	разнесете	-	разнесъл	разнесла	разнесло	разнесли	разнесял	разнесяла	разнесяло	разнесели	-	-	-	-	разнесен	разнесена	разнесено	разнесени	-	-
разора	разора	разореш	разоре	разорем	разорете	разорат	разорах	разора	разора	разорахме	разорахте	разораха	разорях	разореше	разореше	разоряхме	разоряхте	разоряха	разори	разорете	-	разорал	разорала	разорало	разорали	разорял	разоряла	разоряло	разорели	-	-	-	-	разоран	разорана	разорано	разорани	-	-
разоря	разоря	разориш	разори	разорим	разорите	разорят	разорих	разори	разори	разорихме	разорихте	разориха	разорях	разореше	разореше	разоряхме	разоряхте	разоряха	разори	разорете	-	разорил	разорила	разорило	разорили	разорял	разоряла	разоряло	разорели	-	-	-	-	разорен	разорена	разорено	разорени	-	-
разорявам	-	-	-	-	-	-	разорявах	разорява	разорява	разорявахме	разорявахте	разоряваха	разорявах	разоряваше	разоряваше	разорявахме	разорявахте	разоряваха	разоряваи	разоряваите	разоряваики	разорявал	разорявала	разорявало	разорявали	разорявал	разорявала	разорявало	разорявали	разоряващ	разоряваща	разоряващо	разоряващи	разоряван	разорявана	разорявано	разорявани	разоряване	разоряванета
разочаровам	-	-	-	-	-	-	разочаровах	разочарова	разочарова	разочаровахме	разочаровахте	разочароваха	разочаровах	разочароваше	разочароваше	разочаровахме	разочаровахте	разочароваха	разочароваи	разочароваите	разочароваики	разочаровал	разочаровала	разочаровало	разочаровали	разочаровал	разочаровала	разочаровало	разочаровали	разочароващ	разочароваща	разочароващо	разочароващи	разочарован	разочарована	разочаровано	разочаровани	разочароване	разочарованета
разпаля	разпаля	разпалиш	разпали	разпалим	разпалите	разпалят	разпалих	разпали	разпали	разпалихме	разпалихте	разпалиха	разпалех	разпалеше	разпалеше	разпалехме	разпалехте	разпалеха	разпали	разпалете	-	разпалил	разпалила	разпалило	разпалили	разпалел	разпалела	разпалело	разпалели	-	-	-	-	разпален	разпалена	разпалено	разпалени	-	-
разпаря	разпаря	разпариш	разпари	разпарим	разпарите	разпарят	разпарих	разпари	разпари	разпарихме	разпарихте	разпариха	разпарех	разпареше	разпареше	разпарехме	разпарехте	разпареха	разпари	разпарете	-	разпарил	разпарила	разпарило	разпарили	разпарел	разпарела	разпарело	разпарели	-	-	-	-	разпарен	разпарена	разпарено	разпарени	-	-
разпитам	-	-	-	-	-	-	разпитах	разпита	разпита	разпитахме	разпитахте	разпитаха	разпитах	разпиташе	разпиташе	разпитахме	разпитахте	разпитаха	разпитаи	разпитаите	-	разпитал	разпитала	разпитало	разпитали	разпитал	разпитала	разпитало	разпитали	-	-	-	-	разпитан	разпитана	разпитано	разпитани	-	-
разпитвам	-	-	-	-	-	-	разпитвах	разпитва	разпитва	разпитвахме	разпитвахте	разпитваха	разпитвах	разпитваше	разпитваше	разпитвахме	разпитвахте	разпитваха	разпитваи	разпитваите	разпитваики	разпитвал	разпитвала	разпитвало	разпитвали	разпитвал	разпитвала	разпитвало	разпитвали	разпитващ	разпитваща	разпитващо	разпитващи	разпитван	разпитвана	разпитвано	разпитвани	разпитване	разпитванета
разплаквам	-	-	-	-	-	-	разплаквах	разплаква	разплаква	разплаквахме	разплаквахте	разплакваха	разплаквах	разплакваше	разплакваше	разплаквахме	разплаквахте	разплакваха	разплаквай	разплаквайте	разплаквайки	разплаквал	разплаквала	разплаквало	разплаквали	разплаквал	разплаквала	разплаквало	разплаквали	разплакващ	разплакваща	разплакващо	разплакващи	разплакван	разплаквана	разплаквано	разплаквани	разплакване	разплаквания-нета
разплача	разплача	разплачеш	разплаче	разплачем	разплачете	разплачат	разплаках	разплака	разплака	разплакахме	разплакахте	разплакаха	разплачех	разплачеше	разплачеше	разплачехме	разплачехте	разплачеха	разплачи	разплачете	-	разплакал	разплакала	разплакало	разплакали	разплачел	разплачела	разплачело	разплачели	-	-	-	-	разплакан	разплакана	разплакано	разплакани	-	-
разположа	разположа	разположиш	разположи	разположим	разположите	разположат	разположих	разположи	разположи	разположихме	разположихте	разположиха	разположех	разположеше	разположеше	разположехме	разположехте	разположеха	разположи	разположете	-	разположил	разположила	разположило	разположили	разположел	разположела	разположело	разположели	-	-	-	-	разположен	разположена	разположено	разположени	-	-
разпределя	разпределя	разпределиш	разпредели	разпределим	разпределите	разпределят	разпределих	разпредели	разпредели	разпределихме	разпределихте	разпределиха	разпределях	разпределеше	разпределеше	разпределяхме	разпределяхте	разпределяха	разпредели	разпределете	-	разпределил	разпределила	разпределило	разпределили	разпределял	разпределяла	разпределяло	разпределели	-	-	-	-	разпределен	разпределена	разпределено	разпределени	-	-
разпростирам	-	-	-	-	-	-	разпростирах	разпростира	разпростира	разпростирахме	разпростирахте	разпростираха	разпростирах	разпростираше	разпростираше	разпростирахме	разпростирахте	разпростираха	разпростирай	разпростирайте	разпростирайки	разпростирал	разпростирала	разпростирало	разпростирали	разпростирал	разпростирала	разпростирало	разпростирали	разпростиращ	разпростираща	разпростиращо	разпростиращи	разпростиран	разпростирана	разпростирано	разпростирани	разпростиране	разпростирания-нета
разпростра	разпростра	разпростреш	разпростре	разпрострем	разпрострете	разпрострат	разпрострях	разпростря	разпростря	разпростряхме	разпростряхте	разпростряха	разпрострях	разпростреше	разпростреше	разпростряхме	разпростряхте	разпростряха	разпростри	разпрострете	-	разпрострял	разпростряла	разпростряло	разпрострели	разпрострял	разпростряла	разпростряло	разпрострели	-	-	-	-	разпрострян	разпростряна	разпростряно	разпрострени	-	-
разпрягам	-	-	-	-	-	-	разпрягах	разпряга	разпряга	разпрягахме	разпрягахте	разпрягаха	разпрягах	разпрягаше	разпрягаше	разпрягахме	разпрягахте	разпрягаха	разпрягаи	разпрягаите	разпрягаики	разпрягал	разпрягала	разпрягало	разпрягали	разпрягал	разпрягала	разпрягало	разпрягали	разпрягащ	разпрягаща	разпрягащо	разпрягащи	разпряган	разпрягана	разпрягано	разпрягани	разпрягане	разпряганета
разрежа	разрежа	разрежеш	разреже	разрежем	разрежете	разрежат	разрязах	разряза	разряза	разрязахме	разрязахте	разрязаха	разрежех	разрежеше	разрежеше	разрежехме	разрежехте	разрежеха	разрежи	разрежете	-	разрязал	разрязала	разрязало	разрязали	разрежел	разрежела	разрежело	разрежели	-	-	-	-	разрязан	разрязана	разрязано	разрязани	-	-
разрушавам	-	-	-	-	-	-	разрушавах	разрушава	разрушава	разрушавахме	разрушавахте	разрушаваха	разрушавах	разрушаваше	разрушаваше	разрушавахме	разрушавахте	разрушаваха	разрушаваи	разрушаваите	разрушаваики	разрушавал	разрушавала	разрушавало	разрушавали	разрушавал	разрушавала	разрушавало	разрушавали	разрушаващ	разрушаваща	разрушаващо	разрушаващи	разрушаван	разрушавана	разрушавано	разрушавани	разрушаване	разрушаванета
разсадя	разсадя	разсадиш	разсади	разсадим	разсадите	разсадят	разсадих	разсади	разсади	разсадихме	разсадихте	разсадиха	разсадях	разсадеше	разсадеше	разсадяхме	разсадяхте	разсадяха	разсади	разсадете	-	разсадил	разсадила	разсадило	разсадили	разсадял	разсадяла	разсадяло	разсадели	-	-	-	-	разсаден	разсадена	разсадено	разсадени	-	-
разсея	разсея	разсееш	разсее	разсеем	разсеете	разсеят	разсях	разся	разся	разсяхме	разсяхте	разсяха	разсеех	разсееше	разсееше	разсеехме	разсеехте	разсееха	разсеи	разсеите	-	разсял	разсяла	разсяло	разсели	разсеел	разсеела	разсеело	разсеели	-	-	-	-	разсян	разсяна	разсяно	разсени	-	-
разследвам	-	-	-	-	-	-	разследвах	разследва	разследва	разследвахме	разследвахте	разследваха	разследвах	разследваше	разследваше	разследвахме	разследвахте	разследваха	разследваи	разследваите	разследваики	разследвал	разследвала	разследвало	разследвали	разследвал	разследвала	разследвало	разследвали	разследващ	разследваща	разследващо	разследващи	разследван	разследвана	разследвано	разследвани	разследване	разследванета
разставя	разставя	разставиш	разстави	разставим	разставите	разставят	разставих	разстави	разстави	разставихме	разставихте	разставиха	разставех	разставеше	разставеше	разставехме	разставехте	разставеха	разстави	разставете	-	разставил	разставила	разставило	разставили	разставел	разставела	разставело	разставели	-	-	-	-	разставен	разставена	разставено	разставени	-	-
разстеля	разстеля	разстелеш	разстеле	разстелем	разстелете	разстелят	разстлах	разстла	разстла	разстлахме	разстлахте	разстлаха	разстелех	разстелеше	разстелеше	разстелехме	разстелехте	разстелеха	разстели	разстелете	разстелеики	разстлал	разстлала	разстлало	разстлали	разстелел	разстелела	разстелело	разстелели	разстелещ	разстелеща	разстелещо	разстелещи	разстлан	разстлана	разстлано	разстлани	разстелене	разстеленета
разсъхна	разсъхна	разсъхнеш	разсъхне	разсъхнем	разсъхнете	разсъхнат	разсъхнах	разсъхна	разсъхна	разсъхнахме	разсъхнахте	разсъхнаха	разсъхнех	разсъхнеше	разсъхнеше	разсъхнехме	разсъхнехте	разсъхнеха	разсъхни	разсъхнете	-	разсъхнал	разсъхнала	разсъхнало	разсъхнали	разсъхнел	разсъхнела	разсъхнело	разсъхнели	-	-	-	-	-	-	-	-	-	-
разтворя	разтворя	разтвориш	разтвори	разтворим	разтворите	разтворят	разтворих	разтвори	разтвори	разтворихме	разтворихте	разтвориха	разтворех	разтвореше	разтвореше	разтворехме	разтворехте	разтвореха	разтвори	разтворете	-	разтворил	разтворила	разтворило	разтворили	разтворел	разтворела	разтворело	разтворели	-	-	-	-	разтворен	разтворена	разтворено	разтворени	-	-
разтлея	разтлея	разтлееш	разтлее	разтлеем	разтлеете	разтлеят	разтлях	разтля	разтля	разтляхме	разтляхте	разтляха	разтлеех	разтлееше	разтлееше	разтлеехме	разтлеехте	разтлееха	разтлеи	разтлеите	-	разтлял	разтляла	разтляло	разтлели	разтлеел	разтлеела	разтлеело	разтлеели	-	-	-	-	разтлян	разтляна	разтляно	разтлени	-	-
разумея	разумея	разумееш	разумее	разумеем	разумеете	разумеят	разумях	разумя	разумя	разумяхме	разумяхте	разумяха	разумеех	разумееше	разумееше	разумеехме	разумеехте	разумееха	разумеи	разумеите	-	разумял	разумяла	разумяло	разумели	разумеел	разумеела	разумеело	разумеели	-	-	-	-	разумян	разумяна	разумяно	разумени	-	-
разхитя	разхитя	разхитиш	разхити	разхитим	разхитите	разхитят	разхитих	разхити	разхити	разхитихме	разхитихте	разхитиха	разхитях	разхитеше	разхитеше	разхитяхме	разхитяхте	разхитяха	разхити	разхитете	-	разхитил	разхитила	разхитило	разхитили	разхитял	разхитяла	разхитяло	разхители	-	-	-	-	разхитен	разхитена	разхитено	разхитени	-	-
разходя	разходя	разходиш	разходи	разходим	разходите	разходят	разходих	разходи	разходи	разходихме	разходихте	разходиха	разходех	разходеше	разходеше	разходехме	разходехте	разходеха	разходи	разходете	-	разходил	разходила	разходило	разходили	разходел	разходела	разходело	разходели	-	-	-	-	разходен	разходена	разходено	разходени	-	-
разхождам	-	-	-	-	-	-	разхождах	разхожда	разхожда	разхождахме	разхождахте	разхождаха	разхождах	разхождаше	разхождаше	разхождахме	разхождахте	разхождаха	разхождай	разхождайте	разхождайки	разхождал	разхождала	разхождало	разхождали	разхождал	разхождала	разхождало	разхождали	разхождащ	разхождаща	разхождащо	разхождащи	разхождан	разхождана	разхождано	разхождани	разхождане	разхождания-нета
разчитам	-	-	-	-	-	-	разчитах	разчита	разчита	разчитахме	разчитахте	разчитаха	разчитах	разчиташе	разчиташе	разчитахме	разчитахте	разчитаха	разчитаи	разчитаите	разчитаики	разчитал	разчитала	разчитало	разчитали	разчитал	разчитала	разчитало	разчитали	разчитащ	разчитаща	разчитащо	разчитащи	разчитан	разчитана	разчитано	разчитани	разчитане	разчитанета
разширя	разширя	разшириш	разшири	разширим	разширите	разширят	разширих	разшири	разшири	разширихме	разширихте	разшириха	разширях	разширеше	разширеше	разширяхме	разширяхте	разширяха	разшири	разширете	-	разширил	разширила	разширило	разширили	разширял	разширяла	разширяло	разширели	-	-	-	-	разширен	разширена	разширено	разширени	-	-
разширявам	-	-	-	-	-	-	разширявах	разширява	разширява	разширявахме	разширявахте	разширяваха	разширявах	разширяваше	разширяваше	разширявахме	разширявахте	разширяваха	разширяваи	разширяваите	разширяваики	разширявал	разширявала	разширявало	разширявали	разширявал	разширявала	разширявало	разширявали	разширяващ	разширяваща	разширяващо	разширяващи	разширяван	разширявана	разширявано	разширявани	разширяване	разширяванета
разшифровам	-	-	-	-	-	-	разшифровах	разшифрова	разшифрова	разшифровахме	разшифровахте	разшифроваха	разшифровах	разшифроваше	разшифроваше	разшифровахме	разшифровахте	разшифроваха	разшифроваи	разшифроваите	разшифроваики	разшифровал	разшифровала	разшифровало	разшифровали	разшифровал	разшифровала	разшифровало	разшифровали	разшифроващ	разшифроваща	разшифроващо	разшифроващи	разшифрован	разшифрована	разшифровано	разшифровани	разшифроване	разшифрованета
разя	разя	разиш	рази	разим	разите	разят	разих	рази	рази	разихме	разихте	разиха	разях	разеше	разеше	разяхме	разяхте	разяха	рази	разете	разеики	разил	разила	разило	разили	разял	разяла	разяло	разели	разящ	разяща	разящо	разящи	разен	разена	разено	разени	разене	разенета
разяря	разяря	разяриш	разяри	разярим	разярите	разярят	разярих	разяри	разяри	разярихме	разярихте	разяриха	разярях	разяреше	разяреше	разяряхме	разяряхте	разяряха	разяри	разярете	-	разярил	разярила	разярило	разярили	разярял	разяряла	разяряло	разярели	-	-	-	-	разярен	разярена	разярено	разярени	-	-
раня	раня	раниш	рани	раним	раните	ранят	раних	рани	рани	ранихме	ранихте	раниха	ранях	ранеше	ранеше	раняхме	раняхте	раняха	рани	ранете	-	ранил	ранила	ранило	ранили	ранял	раняла	раняло	ранели	-	-	-	-	ранен	ранена	ранено	ранени	-	-
ранявам	-	-	-	-	-	-	ранявах	ранява	ранява	ранявахме	ранявахте	раняваха	ранявах	раняваше	раняваше	ранявахме	ранявахте	раняваха	ранявай	ранявайте	ранявайки	ранявал	ранявала	ранявало	ранявали	ранявал	ранявала	ранявало	ранявали	раняващ	раняваща	раняващо	раняващи	раняван	ранявана	ранявано	ранявани	раняване	ранявания-нета
раста	раста	растеш	расте	растем	растете	растат	растох	расте	расте	растохме	растохте	растоха	растях	растеше	растеше	растяхме	растяхте	растяха	расти	растете	растеики	расъл	расла	расло	расли	растял	растяла	растяло	растели	растящ	растяща	растящо	растящи	-	-	-	-	растене	растенета
ратувам	-	-	-	-	-	-	ратувах	ратува	ратува	ратувахме	ратувахте	ратуваха	ратувах	ратуваше	ратуваше	ратувахме	ратувахте	ратуваха	ратуваи	ратуваите	ратуваики	ратувал	ратувала	ратувало	ратували	ратувал	ратувала	ратувало	ратували	ратуващ	ратуваща	ратуващо	ратуващи	-	-	-	-	ратуване	ратуванета
рача	рача	рачиш	рачи	рачим	рачите	рачат	рачих	рачи	рачи	рачихме	рачихте	рачиха	рачех	рачеше	рачеше	рачехме	рачехте	рачеха	рачи	рачете	рачейки	рачил	рачила	рачило	рачили	рачел	рачела	рачело	рачели	рачещ	рачеща	рачещо	рачещи	рачен	рачена	рачено	рачени	рачене	рачения-нета
рева	рева	ревеш	реве	ревем	ревете	реват	ревах	рева	рева	ревахме	ревахте	реваха	ревях	ревеше	ревеше	ревяхме	ревяхте	ревяха	реви	ревете	ревеики	ревал	ревала	ревало	ревали	ревял	ревяла	ревяло	ревели	ревящ	ревяща	ревящо	ревящи	-	-	-	-	реване	реванета
редувам	-	-	-	-	-	-	редувах	редува	редува	редувахме	редувахте	редуваха	редувах	редуваше	редуваше	редувахме	редувахте	редуваха	редуваи	редуваите	редуваики	редувал	редувала	редувало	редували	редувал	редувала	редувало	редували	редуващ	редуваща	редуващо	редуващи	редуван	редувана	редувано	редувани	редуване	редуванета
редя	редя	редиш	реди	редим	редите	редят	редих	реди	реди	редихме	редихте	редиха	редях	редеше	редеше	редяхме	редяхте	редяха	реди	редете	редеики	редил	редила	редило	редили	редял	редяла	редяло	редели	редящ	редяща	редящо	редящи	реден	редена	редено	редени	редене	реденета
режа	режа	режеш	реже	режем	режете	режат	рязах	ряза	ряза	рязахме	рязахте	рязаха	режех	режеше	режеше	режехме	режехте	режеха	реже	режете	режейки	рязал	рязала	рязало	рязали	режел	режела	режело	режели	режещ	режеща	режещо	режещи	рязан	рязана	рязано	рязани	рязане	рязания-нета
резюмирам	-	-	-	-	-	-	резюмирах	резюмира	резюмира	резюмирахме	резюмирахте	резюмираха	резюмирах	резюмираше	резюмираше	резюмирахме	резюмирахте	резюмираха	резюмираи	резюмираите	резюмираики	резюмирал	резюмирала	резюмирало	резюмирали	резюмирал	резюмирала	резюмирало	резюмирали	резюмиращ	резюмираща	резюмиращо	резюмиращи	резюмиран	резюмирана	резюмирано	резюмирани	резюмиране	резюмиранета
река	река	речеш	рече	речем	речете	рекат	рекох	рече	рече	рекохме	рекохте	рекоха	речах	речеше	речеше	речахме	речахте	речаха	речи	речете	-	рекъл	рекла	рекло	рекли	речал	речала	речало	речали	-	-	-	-	речен	речена	речено	речени	-	-
ремонтирам	-	-	-	-	-	-	ремонтирах	ремонтира	ремонтира	ремонтирахме	ремонтирахте	ремонтираха	ремонтирах	ремонтираше	ремонтираше	ремонтирахме	ремонтирахте	ремонтираха	ремонтираи	ремонтираите	ремонтираики	ремонтирал	ремонтирала	ремонтирало	ремонтирали	ремонтирал	ремонтирала	ремонтирало	ремонтирали	ремонтиращ	ремонтираща	ремонтиращо	ремонтиращи	ремонтиран	ремонтирана	ремонтирано	ремонтирани	ремонтиране	ремонтиранета
репам	-	-	-	-	-	-	репах	репа	репа	репахме	репахте	репаха	репах	репаше	репаше	репахме	репахте	репаха	репаи	репаите	репаики	репал	репала	репало	репали	репал	репала	репало	репали	репащ	репаща	репащо	репащи	репан	репана	репано	репани	репане	репанета
реша	реша	решиш	реши	решим	решите	решат	реших	реши	реши	решихме	решихте	решиха	решах	решеше	решеше	решахме	решахте	решаха	реши	решете	-	решил	решила	решило	решили	решал	решала	решало	решели	-	-	-	-	решен	решена	решено	решени	-	-
решавам	-	-	-	-	-	-	решавах	решава	решава	решавахме	решавахте	решаваха	решавах	решаваше	решаваше	решавахме	решавахте	решаваха	решавай	решавайте	решавайки	решавал	решавала	решавало	решавали	решавал	решавала	решавало	решавали	решаващ	решаваща	решаващо	решаващи	решаван	решавана	решавано	решавани	решаване	решавания-нета
рея	рея	рееш	рее	реем	реете	реят	реях	рея	рея	реяхме	реяхте	реяха	реех	рееше	рееше	реехме	реехте	рееха	реи	реите	рееики	реял	реяла	реяло	реяли	реел	реела	реело	реели	реещ	рееща	реещо	реещи	реян	реяна	реяно	реяни	реене	реенета
ридая	ридая	ридаеш	ридае	ридаем	ридаете	ридаят	ридах	рида	рида	ридахме	ридахте	ридаха	ридаех	ридаеше	ридаеше	ридаехме	ридаехте	ридаеха	ридаи	ридаите	ридаеики	ридал	ридала	ридало	ридали	ридаел	ридаела	ридаело	ридаели	ридаещ	ридаеща	ридаещо	ридаещи	-	-	-	-	ридаене	ридаенета
рина	рина	ринеш	рине	ринем	ринете	ринат	ринах	рина	рина	ринахме	ринахте	ринаха	ринех	ринеше	ринеше	ринехме	ринехте	ринеха	рини	ринете	ринеики	ринал	ринала	ринало	ринали	ринел	ринела	ринело	ринели	ринещ	ринеща	ринещо	ринещи	ринат	рината	ринато	ринати	ринене	риненета
рипам	-	-	-	-	-	-	рипах	рипа	рипа	рипахме	рипахте	рипаха	рипах	рипаше	рипаше	рипахме	рипахте	рипаха	рипаи	рипаите	рипаики	рипал	рипала	рипало	рипали	рипал	рипала	рипало	рипали	рипащ	рипаща	рипащо	рипащи	-	-	-	-	рипане	рипанета
рисувам	-	-	-	-	-	-	рисувах	рисува	рисува	рисувахме	рисувахте	рисуваха	рисувах	рисуваше	рисуваше	рисувахме	рисувахте	рисуваха	рисуваи	рисуваите	рисуваики	рисувал	рисувала	рисувало	рисували	рисувал	рисувала	рисувало	рисували	рисуващ	рисуваща	рисуващо	рисуващи	рисуван	рисувана	рисувано	рисувани	рисуване	рисуванета
ритам	-	-	-	-	-	-	ритах	рита	рита	ритахме	ритахте	ритаха	ритах	риташе	риташе	ритахме	ритахте	ритаха	ритаи	ритаите	ритаики	ритал	ритала	ритало	ритали	ритал	ритала	ритало	ритали	ритащ	ритаща	ритащо	ритащи	ритан	ритана	ритано	ритани	ритане	ританета
рия	рия	риеш	рие	рием	риете	рият	рих	ри	ри	рихме	рихте	риха	риех	риеше	риеше	риехме	риехте	риеха	рии	риите	риеики	рил	рила	рило	рили	риел	риела	риело	риели	риещ	риеща	риещо	риещи	рит	рита	рито	рити	риене	риенета
ровичкам	-	-	-	-	-	-	ровичках	ровичка	ровичка	ровичкахме	ровичкахте	ровичкаха	ровичках	ровичкаше	ровичкаше	ровичкахме	ровичкахте	ровичкаха	ровичкаи	ровичкаите	ровичкаики	ровичкал	ровичкала	ровичкало	ровичкали	ровичкал	ровичкала	ровичкало	ровичкали	ровичкащ	ровичкаща	ровичкащо	ровичкащи	ровичкан	ровичкана	ровичкано	ровичкани	ровичкане	ровичканета
ровя	ровя	ровиш	рови	ровим	ровите	ровят	рових	рови	рови	ровихме	ровихте	ровиха	ровех	ровеше	ровеше	ровехме	ровехте	ровеха	рови	ровете	ровеики	ровил	ровила	ровило	ровили	ровел	ровела	ровело	ровели	ровещ	ровеща	ровещо	ровещи	ровен	ровена	ровено	ровени	ровене	ровенета
родея	родея	родееш	родее	родеем	родеете	родеят	родях	родя	родя	родяхме	родяхте	родяха	родеех	родееше	родееше	родеехме	родеехте	родееха	родеи	родеите	родееики	родял	родяла	родяло	родели	родеел	родеела	родеело	родеели	родеещ	родееща	родеещо	родеещи	-	-	-	-	родеене	родеенета
родя	родя	родиш	роди	родим	родите	родят	родих	роди	роди	родихме	родихте	родиха	родях	родеше	родеше	родяхме	родяхте	родяха	роди	родете	-	родил	родила	родило	родили	родял	родяла	родяло	родели	-	-	-	-	роден	родена	родено	родени	-	-
ромоля	ромоля	ромолиш	ромоли	ромолим	ромолите	ромолят	ромолих	ромоли	ромоли	ромолихме	ромолихте	ромолиха	ромолях	ромолеше	ромолеше	ромоляхме	ромоляхте	ромоляха	ромоли	ромолете	ромолеики	ромолил	ромолила	ромолило	ромолили	ромолял	ромоляла	ромоляло	ромолели	ромолящ	ромоляща	ромолящо	ромолящи	ромолен	ромолена	ромолено	ромолени	ромолене	ромоленета
ромоня	ромоня	ромониш	ромони	ромоним	ромоните	ромонят	ромоних	ромони	ромони	ромонихме	ромонихте	ромониха	ромонях	ромонеше	ромонеше	ромоняхме	ромоняхте	ромоняха	ромони	ромонете	ромонеики	ромонил	ромонила	ромонило	ромонили	ромонял	ромоняла	ромоняло	ромонели	ромонящ	ромоняща	ромонящо	ромонящи	ромонен	ромонена	ромонено	ромонени	ромонене	ромоненета
роня	роня	рониш	рони	роним	роните	ронят	роних	рони	рони	ронихме	ронихте	рониха	ронех	ронеше	ронеше	ронехме	ронехте	ронеха	рони	ронете	ронеики	ронил	ронила	ронило	ронили	ронел	ронела	ронело	ронели	ронещ	ронеща	ронещо	ронещи	-	-	-	-	ронене	роненета
роптая	роптая	роптаеш	роптае	роптаем	роптаете	роптаят	роптах	ропта	ропта	роптахме	роптахте	роптаха	роптаех	роптаеше	роптаеше	роптаехме	роптаехте	роптаеха	роптаи	роптаите	роптаеики	роптал	роптала	роптало	роптали	роптаел	роптаела	роптаело	роптаели	роптаещ	роптаеща	роптаещо	роптаещи	-	-	-	-	роптаене	роптаенета
рося	рося	росиш	роси	росим	росите	росят	росих	роси	роси	росихме	росихте	росиха	росях	росеше	росеше	росяхме	росяхте	росяха	роси	росете	росеики	росил	росила	росило	росили	росял	росяла	росяло	росели	росящ	росяща	росящо	росящи	-	-	-	-	росене	росенета
ругая	ругая	ругаеш	ругае	ругаем	ругаете	ругаят	ругах	руга	руга	ругахме	ругахте	ругаха	ругаех	ругаеше	ругаеше	ругаехме	ругаехте	ругаеха	ругаи	ругаите	ругаеики	ругал	ругала	ругало	ругали	ругаел	ругаела	ругаело	ругаели	ругаещ	ругаеща	ругаещо	ругаещи	руган	ругана	ругано	ругани	ругаене	ругаенета
руквам	-	-	-	-	-	-	руквах	руква	руква	руквахме	руквахте	рукваха	руквах	рукваше	рукваше	руквахме	руквахте	рукваха	рукваи	рукваите	рукваики	руквал	руквала	руквало	руквали	руквал	руквала	руквало	руквали	рукващ	рукваща	рукващо	рукващи	рукван	руквана	руквано	руквани	рукване	рукванета
руменея	руменея	руменееш	руменее	руменеем	руменеете	руменеят	руменях	руменя	руменя	руменяхме	руменяхте	руменяха	руменеех	руменееше	руменееше	руменеехме	руменеехте	руменееха	руменеи	руменеите	руменееики	руменял	руменяла	руменяло	руменели	руменеел	руменеела	руменеело	руменеели	руменеещ	руменееща	руменеещо	руменеещи	-	-	-	-	руменеене	руменеенета
рутя	рутя	рутиш	рути	рутим	рутите	рутят	рутих	рути	рути	рутихме	рутихте	рутиха	рутех	рутеше	рутеше	рутехме	рутехте	рутеха	рути	рутете	рутеики	рутил	рутила	рутило	рутили	рутел	рутела	рутело	рутели	рутещ	рутеща	рутещо	рутещи	рутен	рутена	рутено	рутени	рутене	рутенета
рухвам	-	-	-	-	-	-	рухвах	рухва	рухва	рухвахме	рухвахте	рухваха	рухвах	рухваше	рухваше	рухвахме	рухвахте	рухваха	рухваи	рухваите	рухваики	рухвал	рухвала	рухвало	рухвали	рухвал	рухвала	рухвало	рухвали	рухващ	рухваща	рухващо	рухващи	рухван	рухвана	рухвано	рухвани	рухване	рухванета
рухна	рухна	рухнеш	рухне	рухнем	рухнете	рухнат	рухнох	рухне	рухне	рухнохме	рухнохте	рухноха	рухнех	рухнеше	рухнеше	рухнехме	рухнехте	рухнеха	рухни	рухнете	-	рухнъл	рухнла	рухнло	рухнли	рухнел	рухнела	рухнело	рухнели	-	-	-	-	-	-	-	-	-	-
руша	руша	рушиш	руши	рушим	рушите	рушат	руших	руши	руши	рушихме	рушихте	рушиха	рушах	рушеше	рушеше	рушахме	рушахте	рушаха	руши	рушете	рушеики	рушил	рушила	рушило	рушили	рушал	рушала	рушало	рушали	рушащ	рушаща	рушащо	рушащи	рушен	рушена	рушено	рушени	рушене	рушенета
ръгам	-	-	-	-	-	-	ръгах	ръга	ръга	ръгахме	ръгахте	ръгаха	ръгах	ръгаше	ръгаше	ръгахме	ръгахте	ръгаха	ръгаи	ръгаите	ръгаики	ръгал	ръгала	ръгало	ръгали	ръгал	ръгала	ръгало	ръгали	ръгащ	ръгаща	ръгащо	ръгащи	ръган	ръгана	ръгано	ръгани	ръгане	ръганета
ръгая	ръгая	ръгаеш	ръгае	ръгаем	ръгаете	ръгаят	ръгах	ръга	ръга	ръгахме	ръгахте	ръгаха	ръгаех	ръгаеше	ръгаеше	ръгаехме	ръгаехте	ръгаеха	ръгаи	ръгаите	ръгаеики	ръгал	ръгала	ръгало	ръгали	ръгаел	ръгаела	ръгаело	ръгаели	ръгаещ	ръгаеща	ръгаещо	ръгаещи	ръган	ръгана	ръгано	ръгани	ръгаене	ръгаенета
ръмжа	ръмжа	ръмжиш	ръмжи	ръмжим	ръмжите	ръмжат	ръмжах	ръмжа	ръмжа	ръмжахме	ръмжахте	ръмжаха	ръмжах	ръмжеше	ръмжеше	ръмжахме	ръмжахте	ръмжаха	ръмжи	ръмжете	ръмжеики	ръмжал	ръмжала	ръмжало	ръмжали	ръмжал	ръмжала	ръмжало	ръмжали	ръмжащ	ръмжаща	ръмжащо	ръмжащи	-	-	-	-	ръмжане	ръмжанета
ръмоля	ръмоля	ръмолиш	ръмоли	ръмолим	ръмолите	ръмолят	ръмолих	ръмоли	ръмоли	ръмолихме	ръмолихте	ръмолиха	ръмолях	ръмолеше	ръмолеше	ръмоляхме	ръмоляхте	ръмоляха	ръмоли	ръмолете	ръмолеики	ръмолил	ръмолила	ръмолило	ръмолили	ръмолял	ръмоляла	ръмоляло	ръмолели	ръмолящ	ръмоляща	ръмолящо	ръмолящи	ръмолен	ръмолена	ръмолено	ръмолени	ръмолене	ръмоленета
ръмя	ръмя	ръмиш	ръми	ръмим	ръмите	ръмят	ръмях	ръмя	ръмя	ръмяхме	ръмяхте	ръмяха	ръмях	ръмеше	ръмеше	ръмяхме	ръмяхте	ръмяха	ръми	ръмете	ръмеики	ръмял	ръмяла	ръмяло	ръмели	ръмял	ръмяла	ръмяло	ръмели	ръмящ	ръмяща	ръмящо	ръмящи	-	-	-	-	ръмене	ръменета
ръся	ръся	ръсиш	ръси	ръсим	ръсите	ръсят	ръсих	ръси	ръси	ръсихме	ръсихте	ръсиха	ръсех	ръсеше	ръсеше	ръсехме	ръсехте	ръсеха	ръси	ръсете	ръсеики	ръсил	ръсила	ръсило	ръсили	ръсел	ръсела	ръсело	ръсели	ръсещ	ръсеща	ръсещо	ръсещи	-	-	-	-	ръсене	ръсенета
рътя	рътя	рътиш	ръти	рътим	рътите	рътят	рътих	ръти	ръти	рътихме	рътихте	рътиха	рътях	рътеше	рътеше	рътяхме	рътяхте	рътяха	ръти	рътете	рътеики	рътил	рътила	рътило	рътили	рътял	рътяла	рътяло	рътели	рътящ	рътяща	рътящо	рътящи	рътен	рътена	рътено	рътени	рътене	рътенета
ръфам	-	-	-	-	-	-	ръфах	ръфа	ръфа	ръфахме	ръфахте	ръфаха	ръфах	ръфаше	ръфаше	ръфахме	ръфахте	ръфаха	ръфаи	ръфаите	ръфаики	ръфал	ръфала	ръфало	ръфали	ръфал	ръфала	ръфало	ръфали	ръфащ	ръфаща	ръфащо	ръфащи	ръфан	ръфана	ръфано	ръфани	ръфане	ръфанета
ръчам	-	-	-	-	-	-	ръчах	ръча	ръча	ръчахме	ръчахте	ръчаха	ръчах	ръчаше	ръчаше	ръчахме	ръчахте	ръчаха	ръчаи	ръчаите	ръчаики	ръчал	ръчала	ръчало	ръчали	ръчал	ръчала	ръчало	ръчали	ръчащ	ръчаща	ръчащо	ръчащи	ръчан	ръчана	ръчано	ръчани	ръчане	ръчанета
рязвам	-	-	-	-	-	-	рязвах	рязва	рязва	рязвахме	рязвахте	рязваха	рязвах	рязваше	рязваше	рязвахме	рязвахте	рязваха	рязваи	рязваите	рязваики	рязвал	рязвала	рязвало	рязвали	рязвал	рязвала	рязвало	рязвали	рязващ	рязваща	рязващо	рязващи	рязван	рязвана	рязвано	рязвани	рязване	рязванета
рязна	рязна	резнеш	резне	резнем	резнете	рязнат	резнах	резна	резна	резнахме	резнахте	резнаха	резнех	резнеше	резнеше	резнехме	резнехте	резнеха	резни	резнете	-	резнал	резнала	резнало	резнали	резнел	резнела	резнело	резнели	-	-	-	-	рязнат	рязната	рязнато	рязнати	-	-
садя	садя	садиш	сади	садим	садите	садят	садих	сади	сади	садихме	садихте	садиха	садях	садеше	садеше	садяхме	садяхте	садяха	сади	садете	садеики	садил	садила	садило	садили	садял	садяла	садяло	садели	садящ	садяща	садящо	садящи	саден	садена	садено	садени	садене	саденета
сакам	-	-	-	-	-	-	саках	сака	сака	сакахме	сакахте	сакаха	саках	сакаше	сакаше	сакахме	сакахте	сакаха	сакаи	сакаите	сакаики	сакал	сакала	сакало	сакали	сакал	сакала	сакало	сакали	сакащ	сакаща	сакащо	сакащи	сакан	сакана	сакано	сакани	сакане	саканета
сбера	сбера	сбереш	сбере	сберем	сберете	сберат	сбрах	сбра	сбра	сбрахме	сбрахте	сбраха	сберях	сбереше	сбереше	сберяхме	сберяхте	сберяха	сбери	сберете	-	сбрал	сбрала	сбрало	сбрали	сберял	сберяла	сберяло	сберели	-	-	-	-	сбран	сбрана	сбрано	сбрани	-	-
сбия	сбия	сбиеш	сбие	сбием	сбиете	сбият	сбих	сби	сби	сбихме	сбихте	сбиха	сбиех	сбиеше	сбиеше	сбиехме	сбиехте	сбиеха	сбии	сбиите	-	сбил	сбила	сбило	сбили	сбиел	сбиела	сбиело	сбиели	-	-	-	-	сбит	сбита	сбито	сбити	-	-
сбъркам	-	-	-	-	-	-	сбърках	сбърка	сбърка	сбъркахме	сбъркахте	сбъркаха	сбърках	сбъркаше	сбъркаше	сбъркахме	сбъркахте	сбъркаха	сбъркаи	сбъркаите	-	сбъркал	сбъркала	сбъркало	сбъркали	сбъркал	сбъркала	сбъркало	сбъркали	-	-	-	-	сбъркан	сбъркана	сбъркано	сбъркани	-	-
сваля	сваля	свалиш	свали	свалим	свалите	свалят	свалих	свали	свали	свалихме	свалихте	свалиха	свалях	свалеше	свалеше	сваляхме	сваляхте	сваляха	свали	свалете	-	свалил	свалила	свалило	свалили	свалял	сваляла	сваляло	свалели	-	-	-	-	свален	свалена	свалено	свалени	-	-
свалям	-	-	-	-	-	-	свалях	сваля	сваля	сваляхме	сваляхте	сваляха	свалях	сваляше	сваляше	сваляхме	сваляхте	сваляха	сваляи	сваляите	сваляики	свалял	сваляла	сваляло	сваляли	свалял	сваляла	сваляло	сваляли	свалящ	сваляща	свалящо	свалящи	свалян	сваляна	сваляно	сваляни	сваляне	свалянета
сваря	сваря	свариш	свари	сварим	сварите	сварят	сварих	свари	свари	сварихме	сварихте	свариха	сварех	свареше	свареше	сварехме	сварехте	свареха	свари	сварете	-	сварил	сварила	сварило	сварили	сварел	сварела	сварело	сварели	-	-	-	-	сварен	сварена	сварено	сварени	-	-
светя	светя	светиш	свети	светим	светите	светят	светих	свети	свети	светихме	светихте	светиха	светех	светеше	светеше	светехме	светехте	светеха	свети	светете	светеики	светил	светила	светило	светили	светел	светела	светело	светели	светещ	светеща	светещо	светещи	светен	светена	светено	светени	светене	светенета
свехна	свехна	свехнеш	свехне	свехнем	свехнете	свехнат	свехнах	свехна	свехна	свехнахме	свехнахте	свехнаха	свехнех	свехнеше	свехнеше	свехнехме	свехнехте	свехнеха	свехни	свехнете	-	свехнал	свехнала	свехнало	свехнали	свехнел	свехнела	свехнело	свехнели	-	-	-	-	-	-	-	-	-	-
свивам	-	-	-	-	-	-	свивах	свива	свива	свивахме	свивахте	свиваха	свивах	свиваше	свиваше	свивахме	свивахте	свиваха	свиваи	свиваите	свиваики	свивал	свивала	свивало	свивали	свивал	свивала	свивало	свивали	свиващ	свиваща	свиващо	свиващи	свиван	свивана	свивано	свивани	свиване	свиванета
свидетелствам	-	-	-	-	-	-	свидетелствах	свидетелства	свидетелства	свидетелствахме	свидетелствахте	свидетелстваха	свидетелствах	свидетелстваше	свидетелстваше	свидетелствахме	свидетелствахте	свидетелстваха	свидетелстваи	свидетелстваите	свидетелстваики	свидетелствал	свидетелствала	свидетелствало	свидетелствали	свидетелствал	свидетелствала	свидетелствало	свидетелствали	свидетелстващ	свидетелстваща	свидетелстващо	свидетелстващи	-	-	-	-	свидетелстване	свидетелстванета
свидя	свидя	свидиш	свиди	свидим	свидите	свидят	свидих	свиди	свиди	свидихме	свидихте	свидиха	свидех	свидеше	свидеше	свидехме	свидехте	свидеха	свиди	свидете	свидеики	свидил	свидила	свидило	свидели	свидел	свидела	свидело	свидели	свидещ	свидеща	свидещо	свидещи	свиден	свидена	свидено	свидени	свидене	свиденета
свиждам	-	-	-	-	-	-	свиждах	свижда	свижда	свиждахме	свиждахте	свиждаха	свиждах	свиждаше	свиждаше	свиждахме	свиждахте	свиждаха	свиждаи	свиждаите	свиждаики	свиждал	свиждала	свиждало	свиждали	свиждал	свиждала	свиждало	свиждали	свиждащ	свиждаща	свиждащо	свиждащи	свиждан	свиждана	свиждано	свиждани	свиждане	свижданета
свикна	свикна	свикнеш	свикне	свикнем	свикнете	свикнат	свикнах	свикна	свикна	свикнахме	свикнахте	свикнаха	свикнех	свикнеше	свикнеше	свикнехме	свикнехте	свикнеха	свикни	свикнете	-	свикнал	свикнала	свикнало	свикнали	свикнел	свикнела	свикнело	свикнели	-	-	-	-	-	-	-	-	-	-
свирам	-	-	-	-	-	-	свирах	свира	свира	свирахме	свирахте	свираха	свирах	свираше	свираше	свирахме	свирахте	свираха	свирай	свирайте	свирайки	свирал	свирала	свирало	свирали	свирал	свирала	свирало	свирали	свиращ	свираща	свиращо	свиращи	свиран	свирана	свирано	свирани	свиране	свирания-нета
свиря	свиря	свириш	свири	свирим	свирите	свирят	свирих	свири	свири	свирихме	свирихте	свириха	свирех	свиреше	свиреше	свирехме	свирехте	свиреха	свири	свирете	свиреики	свирил	свирила	свирило	свирили	свирел	свирела	свирело	свирели	свирещ	свиреща	свирещо	свирещи	свирен	свирена	свирено	свирени	свирене	свиренета
свия	свия	свиеш	свие	свием	свиете	свият	свих	сви	сви	свихме	свихте	свиха	свиех	свиеше	свиеше	свиехме	свиехте	свиеха	свии	свиите	-	свил	свила	свило	свили	свиел	свиела	свиело	свиели	-	-	-	-	свит	свита	свито	свити	-	-
свра	свра	свреш	свре	сврем	сврете	сврат	сврях	свря	свря	свряхме	свряхте	свряха	сврях	свреше	свреше	свряхме	свряхте	свряха	сври	сврете	-	сврял	свряла	свряло	сврели	сврял	свряла	свряло	сврели	-	-	-	-	сврян	свряна	свряно	сврени	-	-
свържа	свържа	свържеш	свърже	свържем	свържете	свържат	свързах	свърза	свърза	свързахме	свързахте	свързаха	свържех	свържеше	свържеше	свържехме	свържехте	свържеха	свържи	свържете	-	свързал	свързала	свързало	свързали	свържел	свържела	свържело	свържели	-	-	-	-	свързан	свързана	свързано	свързани	-	-
свърша	свърша	свършиш	свърши	свършим	свършите	свършат	свърших	свърши	свърши	свършихме	свършихте	свършиха	свършех	свършеше	свършеше	свършехме	свършехте	свършеха	свърши	свършете	-	свършил	свършила	свършило	свършили	свършел	свършела	свършело	свършели	-	-	-	-	свършен	свършена	свършено	свършени	-	-
свършвам	-	-	-	-	-	-	свършвах	свършва	свършва	свършвахме	свършвахте	свършваха	свършвах	свършваше	свършваше	свършвахме	свършвахте	свършваха	свършваи	свършваите	свършваики	свършвал	свършвала	свършвало	свършвали	свършвал	свършвала	свършвало	свършвали	свършващ	свършваща	свършващо	свършващи	свършван	свършвана	свършвано	свършвани	свършване	свършванета
святкам	-	-	-	-	-	-	святках	святка	святка	святкахме	святкахте	святкаха	святках	святкаше	святкаше	святкахме	святкахте	святкаха	святкаи	святкаите	святкаики	святкал	святкала	святкало	святкали	святкал	святкала	святкало	святкали	святкащ	святкаща	святкащо	святкащи	-	-	-	-	святкане	святканета
сглобя	сглобя	сглобиш	сглоби	сглобим	сглобите	сглобят	сглобих	сглоби	сглоби	сглобихме	сглобихте	сглобиха	сглобях	сглобеше	сглобеше	сглобяхме	сглобяхте	сглобяха	сглоби	сглобете	-	сглобил	сглобила	сглобило	сглобили	сглобял	сглобяла	сглобяло	сглобели	-	-	-	-	сглобен	сглобена	сглобено	сглобени	-	-
сглобявам	-	-	-	-	-	-	сглобявах	сглобява	сглобява	сглобявахме	сглобявахте	сглобяваха	сглобявах	сглобяваше	сглобяваше	сглобявахме	сглобявахте	сглобяваха	сглобяваи	сглобяваите	сглобяваики	сглобявал	сглобявала	сглобявало	сглобявали	сглобявал	сглобявала	сглобявало	сглобявали	сглобяващ	сглобяваща	сглобяващо	сглобяващи	сглобяван	сглобявана	сглобявано	сглобявани	сглобяване	сглобяванета
сгъна	сгъна	сгънеш	сгъне	сгънем	сгънете	сгънат	сгънах	сгъна	сгъна	сгънахме	сгънахте	сгънаха	сгънех	сгънеше	сгънеше	сгънехме	сгънехте	сгънеха	сгъни	сгънете	-	сгънал	сгънала	сгънало	сгънали	сгънел	сгънела	сгънело	сгънели	-	-	-	-	сгънат	сгъната	сгънато	сгънати	-	-
сдавя	сдавя	сдавиш	сдави	сдавим	сдавите	сдавят	сдавих	сдави	сдави	сдавихме	сдавихте	сдавиха	сдавех	сдавеше	сдавеше	сдавехме	сдавехте	сдавеха	сдави	сдавете	-	сдавил	сдавила	сдавило	сдавили	сдавел	сдавела	сдавело	сдавели	-	-	-	-	сдавен	сдавена	сдавено	сдавени	-	-
седна	седна	седнеш	седне	седнем	седнете	седнат	седнах	седна	седна	седнахме	седнахте	седнаха	седнех	седнеше	седнеше	седнехме	седнехте	седнеха	седни	седнете	-	седнал	седнала	седнало	седнали	седнел	седнела	седнело	седнели	-	-	-	-	-	-	-	-	-	-
седя	седя	седиш	седи	седим	седите	седят	седях	седя	седя	седяхме	седяхте	седяха	седях	седеше	седеше	седяхме	седяхте	седяха	седи	седете	седеики	седял	седяла	седяло	седели	седял	седяла	седяло	седели	седящ	седяща	седящо	седящи	-	-	-	-	седене	седенета
сека	сека	сечеш	сече	сечем	сечете	секат	сякох	сече	сече	сякохме	сякохте	сякоха	сечах	сечеше	сечеше	сечахме	сечахте	сечаха	сечи	сечете	сечейки	сякъл	сякла	сякло	секли	сечал	сечала	сечало	сечели	сечащ	сечаща	сечащо	сечащи	сечен	сечена	сечено	сечени	сечене	сечения-нета
секвам	-	-	-	-	-	-	секвах	секва	секва	секвахме	секвахте	секваха	секвах	секваше	секваше	секвахме	секвахте	секваха	секваи	секваите	секваики	секвал	секвала	секвало	секвали	секвал	секвала	секвало	секвали	секващ	секваща	секващо	секващи	секван	секвана	секвано	секвани	секване	секванета
секна	секна	секнеш	секне	секнем	секнете	секнат	секнах	секна	секна	секнахме	секнахте	секнаха	секнех	секнеше	секнеше	секнехме	секнехте	секнеха	секни	секнете	-	секнал	секнала	секнало	секнали	секнел	секнела	секнело	секнели	-	-	-	-	секнат	секната	секнато	секнати	-	-
сепам	-	-	-	-	-	-	сепах	сепа	сепа	сепахме	сепахте	сепаха	сепах	сепаше	сепаше	сепахме	сепахте	сепаха	сепаи	сепаите	сепаики	сепал	сепала	сепало	сепали	сепал	сепала	сепало	сепали	сепащ	сепаща	сепащо	сепащи	сепан	сепана	сепано	сепани	сепане	сепанета
сепна	сепна	сепнеш	сепне	сепнем	сепнете	сепнат	сепнах	сепна	сепна	сепнахме	сепнахте	сепнаха	сепнех	сепнеше	сепнеше	сепнехме	сепнехте	сепнеха	сепни	сепнете	-	сепнал	сепнала	сепнало	сепнали	сепнел	сепнела	сепнело	сепнели	-	-	-	-	сепнат	сепната	сепнато	сепнати	-	-
сера	сера	сереш	сере	серем	серете	серат	срах	сра	сра	срахме	срахте	сраха	серях	сереше	сереше	серяхме	серяхте	серяха	сери	серете	серейки	срал	срала	срало	срали	серял	серяла	серяло	серели	серящ	серяща	серящо	серящи	сран	срана	срано	срани	сране	срания-нета
сервирам	-	-	-	-	-	-	сервирах	сервира	сервира	сервирахме	сервирахте	сервираха	сервирах	сервираше	сервираше	сервирахме	сервирахте	сервираха	сервираи	сервираите	сервираики	сервирал	сервирала	сервирало	сервирали	сервирал	сервирала	сервирало	сервирали	сервиращ	сервираща	сервиращо	сервиращи	сервиран	сервирана	сервирано	сервирани	сервиране	сервиранета
сетувам	-	-	-	-	-	-	сетувах	сетува	сетува	сетувахме	сетувахте	сетуваха	сетувах	сетуваше	сетуваше	сетувахме	сетувахте	сетуваха	сетуваи	сетуваите	сетуваики	сетувал	сетувала	сетувало	сетували	сетувал	сетувала	сетувало	сетували	сетуващ	сетуваща	сетуващо	сетуващи	-	-	-	-	сетуване	сетуванета
сетя	сетя	сетиш	сети	сетим	сетите	сетят	сетих	сети	сети	сетихме	сетихте	сетиха	сетех	сетеше	сетеше	сетехме	сетехте	сетеха	сети	сетете	-	сетил	сетила	сетило	сетили	сетел	сетела	сетело	сетели	-	-	-	-	сетен	сетена	сетено	сетени	-	-
сецам	-	-	-	-	-	-	сецах	сеца	сеца	сецахме	сецахте	сецаха	сецах	сецаше	сецаше	сецахме	сецахте	сецаха	сецаи	сецаите	сецаики	сецал	сецала	сецало	сецали	сецал	сецала	сецало	сецали	сецащ	сецаща	сецащо	сецащи	-	-	-	-	сецане	сецанета
сещам	-	-	-	-	-	-	сещах	сеща	сеща	сещахме	сещахте	сещаха	сещах	сещаше	сещаше	сещахме	сещахте	сещаха	сещаи	сещаите	сещаики	сещал	сещала	сещало	сещали	сещал	сещала	сещало	сещали	сещащ	сещаща	сещащо	сещащи	сещан	сещана	сещано	сещани	сещане	сещанета
сея	сея	сееш	сее	сеем	сеете	сеят	сеях	сея	сея	сеяхме	сеяхте	сеяха	сеех	сееше	сееше	сеехме	сеехте	сееха	сеи	сеите	сееики	сеял	сеяла	сеяло	сели	сеел	сеела	сеело	сеели	сеещ	сееща	сеещо	сеещи	сеян	сеяна	сеяно	сети	сеене	сеенета
сикам	-	-	-	-	-	-	сиках	сика	сика	сикахме	сикахте	сикаха	сиках	сикаше	сикаше	сикахме	сикахте	сикаха	сикаи	сикаите	сикаики	сикал	сикала	сикало	сикали	сикал	сикала	сикало	сикали	сикащ	сикаща	сикащо	сикащи	сикан	сикана	сикано	сикани	сикане	сиканета
сипя	сипя	сипеш	сипе	сипем	сипете	сипят	сипах	сипа	сипа	сипахме	сипахте	сипаха	сипех	сипеше	сипеше	сипехме	сипехте	сипеха	сипи	сипете	сипеики	сипал	сипала	сипало	сипали	сипел	сипела	сипело	сипели	сипещ	сипеща	сипещо	сипещи	сипан	сипана	сипано	сипани	сипане	сипанета
сияя	сияя	сияеш	сияе	сияем	сияете	сияят	сиях	сия	сия	сияхме	сияхте	сияха	сияех	сияеше	сияеше	сияехме	сияехте	сияеха	сияй	сияйте	сияейки	сиял	сияла	сияло	сияли	сияел	сияела	сияело	сияели	сияещ	сияеща	сияещо	сияещи	-	-	-	-	сияне	сияния-нета
скачам	-	-	-	-	-	-	скачах	скача	скача	скачахме	скачахте	скачаха	скачах	скачаше	скачаше	скачахме	скачахте	скачаха	скачаи	скачаите	скачаики	скачал	скачала	скачало	скачали	скачал	скачала	скачало	скачали	скачащ	скачаща	скачащо	скачащи	-	-	-	-	скачане	скачанета
скверня	скверня	скверниш	скверни	скверним	скверните	сквернят	скверних	скверни	скверни	сквернихме	сквернихте	скверниха	сквернях	сквернеше	сквернеше	скверняхме	скверняхте	скверняха	скверни	сквернете	сквернеики	сквернил	сквернила	сквернило	сквернили	сквернял	скверняла	скверняло	сквернели	сквернящ	скверняща	сквернящо	сквернящи	сквернен	сквернена	сквернено	сквернени	сквернене	скверненета
скимтя	скимтя	скимтиш	скимти	скимтим	скимтите	скимтят	скимтях	скимтя	скимтя	скимтяхме	скимтяхте	скимтяха	скимтях	скимтеше	скимтеше	скимтяхме	скимтяхте	скимтяха	скимти	скимтете	скимтеики	скимтял	скимтяла	скимтяло	скимтели	скимтял	скимтяла	скимтяло	скимтели	скимтящ	скимтяща	скимтящо	скимтящи	-	-	-	-	скимтене	скимтенета
скитам	-	-	-	-	-	-	скитах	скита	скита	скитахме	скитахте	скитаха	скитах	скиташе	скиташе	скитахме	скитахте	скитаха	скитаи	скитаите	скитаики	скитал	скитала	скитало	скитали	скитал	скитала	скитало	скитали	скитащ	скитаща	скитащо	скитащи	-	-	-	-	скитане	скитанета
склоня	склоня	склониш	склони	склоним	склоните	склонят	склоних	склони	склони	склонихме	склонихте	склониха	склонях	склонеше	склонеше	склоняхме	склоняхте	склоняха	склони	склонете	-	склонил	склонила	склонило	склонили	склонял	склоняла	склоняло	склонели	-	-	-	-	склонен	склонена	склонено	склонени	-	-
скокощя	скокощя	скокощеш	скокоще	скокощем	скокощете	скокощят	скокощах	скокоща	скокоща	скокощахме	скокощахте	скокощаха	скокощех	скокощеше	скокощеше	скокощехме	скокощехте	скокощеха	скокощи	скокощете	скокощеики	скокощал	скокощала	скокощало	скокощали	скокощел	скокощела	скокощело	скокощели	скокощещ	скокощеща	скокощещо	скокощещи	скокощан	скокощана	скокощано	скокощани	скокощене	скокощенета
скопя	скопя	скопиш	скопи	скопим	скопите	скопят	скопих	скопи	скопи	скопихме	скопихте	скопиха	скопях	скопеше	скопеше	скопяхме	скопяхте	скопяха	скопи	скопете	-	скопил	скопила	скопило	скопили	скопял	скопяла	скопяло	скопели	-	-	-	-	скопен	скопена	скопено	скопени	-	-
скоча	скоча	скочиш	скочи	скочим	скочите	скочат	скочих	скочи	скочи	скочихме	скочихте	скочиха	скочех	скочеше	скочеше	скочехме	скочехте	скочеха	скочи	скочете	-	скочил	скочила	скочило	скочили	скочел	скочела	скочело	скочели	-	-	-	-	-	-	-	-	-	-
скрибуцам	-	-	-	-	-	-	скрибуцах	скрибуца	скрибуца	скрибуцахме	скрибуцахте	скрибуцаха	скрибуцах	скрибуцаше	скрибуцаше	скрибуцахме	скрибуцахте	скрибуцаха	скрибуцаи	скрибуцаите	скрибуцаики	скрибуцал	скрибуцала	скрибуцало	скрибуцали	скрибуцал	скрибуцала	скрибуцало	скрибуцали	скрибуцащ	скрибуцаща	скрибуцащо	скрибуцащи	-	-	-	-	скрибуцане	скрибуцанета
скривам	-	-	-	-	-	-	скривах	скрива	скрива	скривахме	скривахте	скриваха	скривах	скриваше	скриваше	скривахме	скривахте	скриваха	скриваи	скриваите	скриваики	скривал	скривала	скривало	скривали	скривал	скривала	скривало	скривали	скриващ	скриваща	скриващо	скриващи	скриван	скривана	скривано	скривани	скриване	скриванета
скриптя	скриптя	скриптиш	скрипти	скриптим	скриптите	скриптят	скриптих	скрипти	скрипти	скриптихме	скриптихте	скриптиха	скриптях	скриптеше	скриптеше	скриптяхме	скриптяхте	скриптяха	скрипти	скриптете	скриптеики	скриптил	скриптила	скриптило	скриптили	скриптял	скриптяла	скриптяло	скриптели	скриптящ	скриптяща	скриптящо	скриптящи	-	-	-	-	скриптене	скриптенета
скрипя	скрипя	скрипеш	скрипе	скрипем	скрипете	скрипят	скрипах	скрипа	скрипа	скрипахме	скрипахте	скрипаха	скрипех	скрипеше	скрипеше	скрипехме	скрипехте	скрипеха	скрипи	скрипете	скрипеики	скрипал	скрипала	скрипало	скрипали	скрипел	скрипела	скрипело	скрипели	скрипещ	скрипеща	скрипещо	скрипещи	скрипан	скрипана	скрипано	скрипани	скрипене	скрипенета
скрия	скрия	скриеш	скрие	скрием	скриете	скрият	скрих	скри	скри	скрихме	скрихте	скриха	скриех	скриеше	скриеше	скриехме	скриехте	скриеха	скрии	скриите	-	скрил	скрила	скрило	скрили	скриел	скриела	скриело	скриели	-	-	-	-	скрит	скрита	скрито	скрити	-	-
скубя	скубя	скубеш	скубе	скубем	скубете	скубят	скубах	скуба	скуба	скубахме	скубахте	скубаха	скубех	скубеше	скубеше	скубехме	скубехте	скубеха	скуби	скубете	скубейки	скубал	скубала	скубало	скубали	скубел	скубела	скубело	скубели	скубещ	скубеща	скубещо	скубещи	скубан	скубана	скубано	скубани	скубане	скубания-нета
скупча	скупча	скупчиш	скупчи	скупчим	скупчите	скупчат	скупчих	скупчи	скупчи	скупчихме	скупчихте	скупчиха	скупчех	скупчеше	скупчеше	скупчехме	скупчехте	скупчеха	скупчи	скупчете	-	скупчил	скупчила	скупчило	скупчили	скупчел	скупчела	скупчело	скупчели	-	-	-	-	скупчен	скупчена	скупчено	скупчени	-	-
скучая	скучая	скучаеш	скучае	скучаем	скучаете	скучаят	скучах	скуча	скуча	скучахме	скучахте	скучаха	скучаех	скучаеше	скучаеше	скучаехме	скучаехте	скучаеха	скучаи	скучаите	скучаеики	скучал	скучала	скучало	скучали	скучаел	скучаела	скучаело	скучаели	скучаещ	скучаеща	скучаещо	скучаещи	скучан	скучана	скучано	скучани	скучаене	скучаенета
скъпя	скъпя	скъпиш	скъпи	скъпим	скъпите	скъпят	скъпих	скъпи	скъпи	скъпихме	скъпихте	скъпиха	скъпях	скъпеше	скъпеше	скъпяхме	скъпяхте	скъпяха	скъпи	скъпете	скъпеики	скъпил	скъпила	скъпило	скъпили	скъпял	скъпяла	скъпяло	скъпели	скъпящ	скъпяща	скъпящо	скъпящи	скъпен	скъпена	скъпено	скъпени	скъпене	скъпенета
скърбя	скърбя	скърбиш	скърби	скърбим	скърбите	скърбят	скърбих	скърби	скърби	скърбихме	скърбихте	скърбиха	скърбях	скърбеше	скърбеше	скърбяхме	скърбяхте	скърбяха	скърби	скърбете	скърбеики	скърбил	скърбила	скърбило	скърбили	скърбял	скърбяла	скърбяло	скърбели	скърбящ	скърбяща	скърбящо	скърбящи	-	-	-	-	скърбене	скърбенета
скърцам	-	-	-	-	-	-	скърцах	скърца	скърца	скърцахме	скърцахте	скърцаха	скърцах	скърцаше	скърцаше	скърцахме	скърцахте	скърцаха	скърцаи	скърцаите	скърцаики	скърцал	скърцала	скърцало	скърцали	скърцал	скърцала	скърцало	скърцали	скърцащ	скърцаща	скърцащо	скърцащи	-	-	-	-	скърцане	скърцанета
славя	славя	славиш	слави	славим	славите	славят	славих	слави	слави	славихме	славихте	славиха	славех	славеше	славеше	славехме	славехте	славеха	слави	славете	славеики	славил	славила	славило	славили	славел	славела	славело	славели	славещ	славеща	славещо	славещи	славен	славена	славено	славени	славене	славенета
слагам	-	-	-	-	-	-	слагах	слага	слага	слагахме	слагахте	слагаха	слагах	слагаше	слагаше	слагахме	слагахте	слагаха	слагаи	слагаите	слагаики	слагал	слагала	слагало	слагали	слагал	слагала	слагало	слагали	слагащ	слагаща	слагащо	слагащи	слаган	слагана	слагано	слагани	слагане	слаганета
следвам	-	-	-	-	-	-	следвах	следва	следва	следвахме	следвахте	следваха	следвах	следваше	следваше	следвахме	следвахте	следваха	следваи	следваите	следваики	следвал	следвала	следвало	следвали	следвал	следвала	следвало	следвали	следващ	следваща	следващо	следващи	следван	следвана	следвано	следвани	следване	следванета
следя	следя	следиш	следи	следим	следите	следят	следях	следя	следя	следяхме	следяхте	следяха	следях	следеше	следеше	следяхме	следяхте	следяха	следи	следете	следеики	следял	следяла	следяло	следели	следял	следяла	следяло	следели	следящ	следяща	следящо	следящи	-	-	-	-	следене	следенета
сливам	-	-	-	-	-	-	сливах	слива	слива	сливахме	сливахте	сливаха	сливах	сливаше	сливаше	сливахме	сливахте	сливаха	сливаи	сливаите	сливаики	сливал	сливала	сливало	сливали	сливал	сливала	сливало	сливали	сливащ	сливаща	сливащо	сливащи	сливан	сливана	сливано	сливани	сливане	сливанета
слизам	-	-	-	-	-	-	слизах	слиза	слиза	слизахме	слизахте	слизаха	слизах	слизаше	слизаше	слизахме	слизахте	слизаха	слизай	слизайте	слизайки	слизал	слизала	слизало	слизали	слизал	слизала	слизало	слизали	слизащ	слизаща	слизащо	слизащи	-	-	-	-	слизане	слизания-нета
сложа	сложа	сложиш	сложи	сложим	сложите	сложат	сложих	сложи	сложи	сложихме	сложихте	сложиха	сложех	сложеше	сложеше	сложехме	сложехте	сложеха	сложи	сложете	-	сложил	сложила	сложило	сложили	сложел	сложела	сложело	сложели	-	-	-	-	сложен	сложена	сложено	сложени	-	-
сломя	сломя	сломиш	сломи	сломим	сломите	сломят	сломих	сломи	сломи	сломихме	сломихте	сломиха	сломех	сломеше	сломеше	сломехме	сломехте	сломеха	сломи	сломете	-	сломил	сломила	сломило	сломили	сломел	сломела	сломело	сломели	-	-	-	-	сломен	сломена	сломено	сломени	-	-
служа	служа	служиш	служи	служим	служите	служат	служих	служи	служи	служихме	служихте	служиха	служех	служеше	служеше	служехме	служехте	служеха	служи	служете	служеики	служил	служила	служило	служили	служел	служела	служело	служели	служещ	служеща	служещо	служещи	-	-	-	-	служене	служенета
случа	случа	случиш	случи	случим	случите	случат	случих	случи	случи	случихме	случихте	случиха	случех	случеше	случеше	случехме	случехте	случеха	случи	случете	-	случил	случила	случило	случили	случел	случела	случело	случели	-	-	-	-	случен	случена	случено	случени	-	-
случвам	-	-	-	-	-	-	случвах	случва	случва	случвахме	случвахте	случваха	случвах	случваше	случваше	случвахме	случвахте	случваха	случваи	случваите	случваики	случвал	случвала	случвало	случвали	случвал	случвала	случвало	случвали	случващ	случваща	случващо	случващи	случван	случвана	случвано	случвани	случване	случванета
слушам	-	-	-	-	-	-	слушах	слуша	слуша	слушахме	слушахте	слушаха	слушах	слушаше	слушаше	слушахме	слушахте	слушаха	слушай	слушайте	слушайки	слушал	слушала	слушало	слушали	слушал	слушала	слушало	слушали	слушащ	слушаща	слушащо	слушащи	слушан	слушана	слушано	слушани	слушане	слушания-нета
сляза	сляза	слезеш	слезе	слезем	слезете	слязат	слязох	слезе	слезе	слязохме	слязохте	слязоха	слезех	слезеше	слезеше	слезехме	слезехте	слезеха	слез	слезте	-	слязъл	слязла	слязло	слезли	слезел	слезела	слезело	слезели	-	-	-	-	-	-	-	-	-	-
смажа	смажа	смажеш	смаже	смажем	смажете	смажат	смазах	смаза	смаза	смазахме	смазахте	смазаха	смажех	смажеше	смажеше	смажехме	смажехте	смажеха	смажи	смажете	-	смазал	смазала	смазало	смазали	смажел	смажела	смажело	смажели	-	-	-	-	смазан	смазана	смазано	смазани	-	-
смазвам	-	-	-	-	-	-	смазвах	смазва	смазва	смазвахме	смазвахте	смазваха	смазвах	смазваше	смазваше	смазвахме	смазвахте	смазваха	смазвай	смазвайте	смазвайки	смазвал	смазвала	смазвало	смазвали	смазвал	смазвала	смазвало	смазвали	смазващ	смазваща	смазващо	смазващи	смазван	смазвана	смазвано	смазвани	смазване	смазвания-нета
сматрям	-	-	-	-	-	-	сматрях	сматря	сматря	сматряхме	сматряхте	сматряха	сматрях	сматряше	сматряше	сматряхме	сматряхте	сматряха	сматряи	сматряите	сматряики	сматрял	сматряла	сматряло	сматряли	сматрял	сматряла	сматряло	сматряли	сматрящ	сматряща	сматрящо	сматрящи	сматрян	сматряна	сматряно	сматряни	сматряне	сматрянета
смесвам	-	-	-	-	-	-	смесвах	смесва	смесва	смесвахме	смесвахте	смесваха	смесвах	смесваше	смесваше	смесвахме	смесвахте	смесваха	смесваи	смесваите	смесваики	смесвал	смесвала	смесвало	смесвали	смесвал	смесвала	смесвало	смесвали	смесващ	смесваща	смесващо	смесващи	смесван	смесвана	смесвано	смесвани	смесване	смесванета
сметна	сметна	сметнеш	сметне	сметнем	сметнете	сметнат	сметнах	сметна	сметна	сметнахме	сметнахте	сметнаха	сметнех	сметнеше	сметнеше	сметнехме	сметнехте	сметнеха	сметни	сметнете	-	сметнал	сметнала	сметнало	сметнали	сметнел	сметнела	сметнело	сметнели	-	-	-	-	сметнат	сметната	сметнато	сметнати	-	-
смея	смея	смееш	смее	смеем	смеете	смеят	смях	смя	смя	смяхме	смяхте	смяха	смеех	смееше	смееше	смеехме	смеехте	смееха	смеи	смеите	смееики	смял	смяла	смяло	смели	смеел	смеела	смеело	смеели	смеещ	смееща	смеещо	смеещи	-	-	-	-	смеене	смеенета
смия	смия	смиеш	смие	смием	смиете	смият	смих	сми	сми	смихме	смихте	смиха	смиех	смиеше	смиеше	смиехме	смиехте	смиеха	смии	смиите	-	смил	смила	смило	смили	смиел	смиела	смиело	смиели	-	-	-	-	смит	смита	смито	смити	-	-
смуча	смуча	смучеш	смуче	смучем	смучете	смучат	смуках	смука	смука	смукахме	смукахте	смукаха	смучех	смучеше	смучеше	смучехме	смучехте	смучеха	смучи	смучете	смучеики	смукал	смукала	смукало	смукали	смучел	смучела	смучело	смучели	смучещ	смучеща	смучещо	смучещи	смукан	смукана	смукано	смукани	смукане	смуканета
смъдя	смъдя	смъдиш	смъди	смъдим	смъдите	смъдят	смъдях	смъдя	смъдя	смъдяхме	смъдяхте	смъдяха	смъдях	смъдеше	смъдеше	смъдяхме	смъдяхте	смъдяха	смъди	смъдете	смъдеики	смъдял	смъдяла	смъдяло	смъдели	смъдял	смъдяла	смъдяло	смъдели	смъдящ	смъдяща	смъдящо	смъдящи	смъдян	смъдяна	смъдяно	смъдени	смъдене	смъденета
смърдя	смърдя	смърдиш	смърди	смърдим	смърдите	смърдят	смърдях	смърдя	смърдя	смърдяхме	смърдяхте	смърдяха	смърдях	смърдеше	смърдеше	смърдяхме	смърдяхте	смърдяха	смърди	смърдете	смърдеики	смърдял	смърдяла	смърдяло	смърдели	смърдял	смърдяла	смърдяло	смърдели	смърдящ	смърдяща	смърдящо	смърдящи	-	-	-	-	смърдене	смърденета
смъркам	-	-	-	-	-	-	смърках	смърка	смърка	смъркахме	смъркахте	смъркаха	смърках	смъркаше	смъркаше	смъркахме	смъркахте	смъркаха	смъркаи	смъркаите	смъркаики	смъркал	смъркала	смъркало	смъркали	смъркал	смъркала	смъркало	смъркали	смъркащ	смъркаща	смъркащо	смъркащи	смъркан	смъркана	смъркано	смъркани	смъркане	смърканета
смятам	-	-	-	-	-	-	смятах	смята	смята	смятахме	смятахте	смятаха	смятах	смяташе	смяташе	смятахме	смятахте	смятаха	смятаи	смятаите	смятаики	смятал	смятала	смятало	смятали	смятал	смятала	смятало	смятали	смятащ	смятаща	смятащо	смятащи	смятан	смятана	смятано	смятани	смятане	смятанета
снабдя	снабдя	снабдиш	снабди	снабдим	снабдите	снабдят	снабдих	снабди	снабди	снабдихме	снабдихте	снабдиха	снабдях	снабдеше	снабдеше	снабдяхме	снабдяхте	снабдяха	снабди	снабдете	-	снабдил	снабдила	снабдило	снабдили	снабдял	снабдяла	снабдяло	снабдели	-	-	-	-	снабден	снабдена	снабдено	снабдени	-	-
снасям	-	-	-	-	-	-	снасях	снася	снася	снасяхме	снасяхте	снасяха	снасях	снасяше	снасяше	снасяхме	снасяхте	снасяха	снасяй	снасяйте	снасяйки	снасял	снасяла	снасяло	снасяли	снасял	снасяла	снасяло	снасяли	снасящ	снасяща	снасящо	снасящи	снасян	снасяна	снасяно	снасяни	снасяне	снасяния-нета
снеса	снеса	снесеш	снесе	снесем	снесете	снесат	снесох	снесе	снесе	снесохме	снесохте	снесоха	снесях	снесеше	снесеше	снесяхме	снесяхте	снесяха	снеси	снесете	-	снесъл	снесла	снесло	снесли	снесял	снесяла	снесяло	снесели	-	-	-	-	снесен	снесена	снесено	снесени	-	-
снова	снова	сновеш	снове	сновем	сновете	сноват	сновах	снова	снова	сновахме	сновахте	сноваха	сновях	сновеше	сновеше	сновяхме	сновяхте	сновяха	снови	сновете	сновеики	сновал	сновала	сновало	сновали	сновял	сновяла	сновяло	сновели	сновящ	сновяща	сновящо	сновящи	снован	снована	сновано	сновани	сноване	снованета
сопна	сопна	сопнеш	сопне	сопнем	сопнете	сопнат	сопнах	сопна	сопна	сопнахме	сопнахте	сопнаха	сопнех	сопнеше	сопнеше	сопнехме	сопнехте	сопнеха	сопни	сопнете	-	сопнал	сопнала	сопнало	сопнали	сопнел	сопнела	сопнело	сопнели	-	-	-	-	-	-	-	-	-	-
соча	соча	сочиш	сочи	сочим	сочите	сочат	сочих	сочи	сочи	сочихме	сочихте	сочиха	сочех	сочеше	сочеше	сочехме	сочехте	сочеха	сочи	сочете	сочеики	сочил	сочила	сочило	сочили	сочел	сочела	сочело	сочели	сочещ	сочеща	сочещо	сочещи	сочен	сочена	сочено	сочени	сочене	соченета
спадам	-	-	-	-	-	-	спадах	спада	спада	спадахме	спадахте	спадаха	спадах	спадаше	спадаше	спадахме	спадахте	спадаха	спадаи	спадаите	спадаики	спадал	спадала	спадало	спадали	спадал	спадала	спадало	спадали	спадащ	спадаща	спадащо	спадащи	-	-	-	-	спадане	спаданета
спаря	спаря	спариш	спари	спарим	спарите	спарят	спарих	спари	спари	спарихме	спарихте	спариха	спарех	спареше	спареше	спарехме	спарехте	спареха	спари	спарете	-	спарил	спарила	спарило	спарили	спарел	спарела	спарело	спарели	-	-	-	-	спарен	спарена	спарено	спарени	-	-
спася	спася	спасиш	спаси	спасим	спасите	спасят	спасих	спаси	спаси	спасихме	спасихте	спасиха	спасях	спасеше	спасеше	спасяхме	спасяхте	спасяха	спаси	спасете	-	спасил	спасила	спасило	спасили	спасял	спасяла	спасяло	спасели	-	-	-	-	спасен	спасена	спасено	спасени	-	-
спасявам	-	-	-	-	-	-	спасявах	спасява	спасява	спасявахме	спасявахте	спасяваха	спасявах	спасяваше	спасяваше	спасявахме	спасявахте	спасяваха	спасявай	спасявайте	спасявайки	спасявал	спасявала	спасявало	спасявали	спасявал	спасявала	спасявало	спасявали	спасяващ	спасяваща	спасяващо	спасяващи	спасяван	спасявана	спасявано	спасявани	спасяване	спасявания-нета
спека	спека	спечеш	спече	спечем	спечете	спекат	спекох	спече	спече	спекохме	спекохте	спекоха	спечах	спечеше	спечеше	спечахме	спечахте	спечаха	спечи	спечете	-	спекъл	спекла	спекло	спекли	спечал	спечала	спечало	спечели	-	-	-	-	спечен	спечена	спечено	спечени	-	-
спестя	спестя	спестиш	спести	спестим	спестите	спестят	спестих	спести	спести	спестихме	спестихте	спестиха	спестях	спестеше	спестеше	спестяхме	спестяхте	спестяха	спести	спестете	-	спестил	спестила	спестило	спестили	спестял	спестяла	спестяло	спестели	-	-	-	-	спестен	спестена	спестено	спестени	-	-
спестявам	-	-	-	-	-	-	спестявах	спестява	спестява	спестявахме	спестявахте	спестяваха	спестявах	спестяваше	спестяваше	спестявахме	спестявахте	спестяваха	спестявай	спестявайте	спестявайки	спестявал	спестявала	спестявало	спестявали	спестявал	спестявала	спестявало	спестявали	спестяващ	спестяваща	спестяващо	спестяващи	спестяван	спестявана	спестявано	спестявани	спестяване	спестявания-нета
спирам	-	-	-	-	-	-	спирах	спира	спира	спирахме	спирахте	спираха	спирах	спираше	спираше	спирахме	спирахте	спираха	спирай	спирайте	спирайки	спирал	спирала	спирало	спирали	спирал	спирала	спирало	спирали	спиращ	спираща	спиращо	спиращи	спиран	спирана	спирано	спирани	спиране	спирания-нета
спихна	спихна	спихнеш	спихне	спихнем	спихнете	спихнат	спихнах	спихна	спихна	спихнахме	спихнахте	спихнаха	спихнех	спихнеше	спихнеше	спихнехме	спихнехте	спихнеха	спихни	спихнете	-	спихнал	спихнала	спихнало	спихнали	спихнел	спихнела	спихнело	спихнели	-	-	-	-	-	-	-	-	-	-
спичам	-	-	-	-	-	-	спичах	спича	спича	спичахме	спичахте	спичаха	спичах	спичаше	спичаше	спичахме	спичахте	спичаха	спичай	спичайте	спичайки	спичал	спичала	спичало	спичали	спичал	спичала	спичало	спичали	спичащ	спичаща	спичащо	спичащи	спичан	спичана	спичано	спичани	спичане	спичания-нета
сподавя	сподавя	сподавиш	сподави	сподавим	сподавите	сподавят	сподавих	сподави	сподави	сподавихме	сподавихте	сподавиха	сподавех	сподавеше	сподавеше	сподавехме	сподавехте	сподавеха	сподави	сподавете	-	сподавил	сподавила	сподавило	сподавили	сподавел	сподавела	сподавело	сподавели	-	-	-	-	сподавен	сподавена	сподавено	сподавени	-	-
споделя	споделя	споделиш	сподели	споделим	споделите	споделят	споделих	сподели	сподели	споделихме	споделихте	споделиха	споделях	споделеше	споделеше	споделяхме	споделяхте	споделяха	сподели	споделете	-	споделил	споделила	споделило	споделили	споделял	споделяла	споделяло	споделели	-	-	-	-	споделен	споделена	споделено	споделени	-	-
споделям	-	-	-	-	-	-	споделях	споделя	споделя	споделяхме	споделяхте	споделяха	споделях	споделяше	споделяше	споделяхме	споделяхте	споделяха	споделяи	споделяите	споделяики	споделял	споделяла	споделяло	споделяли	споделял	споделяла	споделяло	споделяли	споделящ	споделяща	споделящо	споделящи	споделян	споделяна	споделяно	споделяни	споделяне	споделянета
сполетя	сполетя	сполетиш	сполети	сполетим	сполетите	сполетят	сполетях	сполетя	сполетя	сполетяхме	сполетяхте	сполетяха	сполетях	сполетеше	сполетеше	сполетяхме	сполетяхте	сполетяха	сполети	сполетете	-	сполетял	сполетяла	сполетяло	сполетели	сполетял	сполетяла	сполетяло	сполетели	-	-	-	-	сполетян	сполетяна	сполетяно	сполетени	-	-
спомня	спомня	спомниш	спомни	спомним	спомните	спомнят	спомних	спомни	спомни	спомнихме	спомнихте	спомниха	спомнех	спомнеше	спомнеше	спомнехме	спомнехте	спомнеха	спомни	спомнете	-	спомнил	спомнила	спомнило	спомнили	спомнел	спомнела	спомнело	спомнели	-	-	-	-	спомнен	спомнена	спомнено	спомнени	-	-
спомням	-	-	-	-	-	-	спомнях	спомня	спомня	спомняхме	спомняхте	спомняха	спомнях	спомняше	спомняше	спомняхме	спомняхте	спомняха	спомняи	спомняите	спомняики	спомнял	спомняла	спомняло	спомняли	спомнял	спомняла	спомняло	спомняли	спомнящ	спомняща	спомнящо	спомнящи	спомнян	спомняна	спомняно	спомняни	спомняне	спомнянета
спра	спра	спреш	спре	спрем	спрете	спрат	спрях	спря	спря	спряхме	спряхте	спряха	спрях	спреше	спреше	спряхме	спряхте	спряха	спри	спрете	-	спрял	спряла	спряло	спрели	спрял	спряла	спряло	спрели	-	-	-	-	спрян	спряна	спряно	спрени	-	-
сприятеля	сприятеля	сприятелиш	сприятели	сприятелим	сприятелите	сприятелят	сприятелих	сприятели	сприятели	сприятелихме	сприятелихте	сприятелиха	сприятелях	сприятелеше	сприятелеше	сприятеляхме	сприятеляхте	сприятеляха	сприятели	сприятелете	-	сприятелил	сприятелила	сприятелило	сприятелили	сприятелял	сприятеляла	сприятеляло	сприятелели	-	-	-	-	сприятелен	сприятелена	сприятелено	сприятелени	-	-
сприятелявам	-	-	-	-	-	-	сприятелявах	сприятелява	сприятелява	сприятелявахме	сприятелявахте	сприятеляваха	сприятелявах	сприятеляваше	сприятеляваше	сприятелявахме	сприятелявахте	сприятеляваха	сприятелявай	сприятелявайте	сприятелявайки	сприятелявал	сприятелявала	сприятелявало	сприятелявали	сприятелявал	сприятелявала	сприятелявало	сприятелявали	сприятеляващ	сприятеляваща	сприятеляващо	сприятеляващи	сприятеляван	сприятелявана	сприятелявано	сприятелявани	сприятеляване	сприятелявания-нета
спрягам	-	-	-	-	-	-	спрягах	спряга	спряга	спрягахме	спрягахте	спрягаха	спрягах	спрягаше	спрягаше	спрягахме	спрягахте	спрягаха	спрягаи	спрягаите	спрягаики	спрягал	спрягала	спрягало	спрягали	спрягал	спрягала	спрягало	спрягали	спрягащ	спрягаща	спрягащо	спрягащи	спряган	спрягана	спрягано	спрягани	спрягане	спряганета
спускам	-	-	-	-	-	-	спусках	спуска	спуска	спускахме	спускахте	спускаха	спусках	спускаше	спускаше	спускахме	спускахте	спускаха	спускаи	спускаите	спускаики	спускал	спускала	спускало	спускали	спускал	спускала	спускало	спускали	спускащ	спускаща	спускащо	спускащи	спускан	спускана	спускано	спускани	спускане	спусканета
спусна	спусна	спуснеш	спусне	спуснем	спуснете	спуснат	спуснах	спусна	спусна	спуснахме	спуснахте	спуснаха	спуснех	спуснеше	спуснеше	спуснехме	спуснехте	спуснеха	спусни	спуснете	-	спуснал	спуснала	спуснало	спуснали	спуснел	спуснела	спуснело	спуснели	-	-	-	-	спуснат	спусната	спуснато	спуснати	-	-
спя	спя	спиш	спи	спим	спите	спят	спах	спа	спа	спахме	спахте	спаха	спях	спеше	спеше	спяхме	спяхте	спяха	спи	спете	спеики	спал	спала	спало	спали	спял	спяла	спяло	спели	спящ	спяща	спящо	спящи	-	-	-	-	спане	спанета
сравня	сравня	сравниш	сравни	сравним	сравните	сравнят	сравних	сравни	сравни	сравнихме	сравнихте	сравниха	сравнях	сравнеше	сравнеше	сравняхме	сравняхте	сравняха	сравни	сравнете	-	сравнил	сравнила	сравнило	сравнили	сравнял	сравняла	сравняло	сравнели	-	-	-	-	сравнен	сравнена	сравнено	сравнени	-	-
сравнявам	-	-	-	-	-	-	сравнявах	сравнява	сравнява	сравнявахме	сравнявахте	сравняваха	сравнявах	сравняваше	сравняваше	сравнявахме	сравнявахте	сравняваха	сравнявай	сравнявайте	сравнявайки	сравнявал	сравнявала	сравнявало	сравнявали	сравнявал	сравнявала	сравнявало	сравнявали	сравняващ	сравняваща	сравняващо	сравняващи	сравняван	сравнявана	сравнявано	сравнявани	сравняване	сравнявания-нета
сразя	сразя	сразиш	срази	сразим	сразите	сразят	сразих	срази	срази	сразихме	сразихте	сразиха	сразях	сразеше	сразеше	сразяхме	сразяхте	сразяха	срази	сразете	-	сразил	сразила	сразило	сразили	сразял	сразяла	сразяло	сразели	-	-	-	-	сразен	сразена	сразено	сразени	-	-
срежа	срежа	срежеш	среже	срежем	срежете	срежат	срязах	сряза	сряза	срязахме	срязахте	срязаха	срежех	срежеше	срежеше	срежехме	срежехте	срежеха	срежи	срежете	-	срязал	срязала	срязало	срязали	срежел	срежела	срежело	срежели	-	-	-	-	срязан	срязана	срязано	срязани	-	-
сретя	сретя	сретиш	срети	сретим	сретите	сретят	сретих	срети	срети	сретихме	сретихте	сретиха	сретех	сретеше	сретеше	сретехме	сретехте	сретеха	срети	сретете	-	сретил	сретила	сретило	сретили	сретел	сретела	сретело	сретели	-	-	-	-	сретен	сретена	сретено	сретени	-	-
срещам	-	-	-	-	-	-	срещах	среща	среща	срещахме	срещахте	срещаха	срещах	срещаше	срещаше	срещахме	срещахте	срещаха	срещай	срещайте	срещайки	срещал	срещала	срещало	срещали	срещал	срещала	срещало	срещали	срещащ	срещаща	срещащо	срещащи	срещан	срещана	срещано	срещани	срещане	срещания-нета
срещна	срещна	срещнеш	срещне	срещнем	срещнете	срещнат	срещнах	срещна	срещна	срещнахме	срещнахте	срещнаха	срещнех	срещнеше	срещнеше	срещнехме	срещнехте	срещнеха	срещни	срещнете	-	срещнал	срещнала	срещнало	срещнали	срещнел	срещнела	срещнело	срещнели	-	-	-	-	срещнат	срещната	срещнато	срещнати	-	-
ставам	-	-	-	-	-	-	ставах	става	става	ставахме	ставахте	ставаха	ставах	ставаше	ставаше	ставахме	ставахте	ставаха	ставай	ставайте	ставайки	ставал	ставала	ставало	ставали	ставал	ставала	ставало	ставали	ставащ	ставаща	ставащо	ставащи	ставан	ставана	ставано	ставани	ставане	ставания-нета
ставя	ставя	ставиш	стави	ставим	ставите	ставят	ставих	стави	стави	ставихме	ставихте	ставиха	ставех	ставеше	ставеше	ставехме	ставехте	ставеха	стави	ставете	-	ставил	ставила	ставило	ставили	ставел	ставела	ставело	ставели	-	-	-	-	ставен	ставена	ставено	ставени	-	-
стана	стана	станеш	стане	станем	станете	станат	станах	стана	стана	станахме	станахте	станаха	станех	станеше	станеше	станехме	станехте	станеха	стани	станете	-	станал	станала	станало	станали	станел	станела	станело	станели	-	-	-	-	-	-	-	-	-	-
стая	стая	стаиш	стаи	стаим	стаите	стаят	стаих	стаи	стаи	стаихме	стаихте	стаиха	стаях	стаеше	стаеше	стаяхме	стаяхте	стаяха	стаи	стаите	-	стаил	стаила	стаило	стаили	стаял	стаяла	стаяло	стаели	-	-	-	-	стаен	стаена	стаено	стаени	-	-
стаям	-	-	-	-	-	-	стаях	стая	стая	стаяхме	стаяхте	стаяха	стаях	стаяше	стаяше	стаяхме	стаяхте	стаяха	стаяи	стаяите	стаяики	стаял	стаяла	стаяло	стаяли	стаял	стаяла	стаяло	стаяли	стаящ	стаяща	стаящо	стаящи	стаян	стаяна	стаяно	стаяни	стаяне	стаянета
стеля	стеля	стелеш	стеле	стелем	стелете	стелят	стлах	стла	стла	стлахме	стлахте	стлаха	стелех	стелеше	стелеше	стелехме	стелехте	стелеха	стели	стелете	стелеики	стлал	стлала	стлало	стлали	стелел	стелела	стелело	стелели	стелещ	стелеща	стелещо	стелещи	стлан	стлана	стлано	стлани	стелене	стеленета
стена	стена	стенеш	стене	стенем	стенете	стенат	стенах	стена	стена	стенахме	стенахте	стенаха	стенех	стенеше	стенеше	стенехме	стенехте	стенеха	стени	стенете	стенеики	стенал	стенала	стенало	стенали	стенел	стенела	стенело	стенели	стенещ	стенеща	стенещо	стенещи	-	-	-	-	стенене	стененета
стигам	-	-	-	-	-	-	стигах	стига	стига	стигахме	стигахте	стигаха	стигах	стигаше	стигаше	стигахме	стигахте	стигаха	стигаи	стигаите	стигаики	стигал	стигала	стигало	стигали	стигал	стигала	стигало	стигали	стигащ	стигаща	стигащо	стигащи	стиган	стигана	стигано	стигани	стигане	стиганета
стигна	стигна	стигнеш	стигне	стигнем	стигнете	стигнат	стигнах	стигна	стигна	стигнахме	стигнахте	стигнаха	стигнех	стигнеше	стигнеше	стигнехме	стигнехте	стигнеха	стигни	стигнете	-	стигнал	стигнала	стигнало	стигнали	стигнел	стигнела	стигнело	стигнели	-	-	-	-	стигнат	стигната	стигнато	стигнати	-	-
стиковам	-	-	-	-	-	-	стиковах	стикова	стикова	стиковахме	стиковахте	стиковаха	стиковах	стиковаше	стиковаше	стиковахме	стиковахте	стиковаха	стиковаи	стиковаите	стиковаики	стиковал	стиковала	стиковало	стиковали	стиковал	стиковала	стиковало	стиковали	стиковащ	стиковаща	стиковащо	стиковащи	стикован	стикована	стиковано	стиковани	стиковане	стикованета
стина	стина	стинеш	стине	стинем	стинете	стинат	стинах	стина	стина	стинахме	стинахте	стинаха	стинех	стинеше	стинеше	стинехме	стинехте	стинеха	стини	стинете	стинеики	стинал	стинала	стинало	стинали	стинел	стинела	стинело	стинели	стинещ	стинеща	стинещо	стинещи	-	-	-	-	стинене	стиненета
стисвам	-	-	-	-	-	-	стисвах	стисва	стисва	стисвахме	стисвахте	стисваха	стисвах	стисваше	стисваше	стисвахме	стисвахте	стисваха	стисваи	стисваите	стисваики	стисвал	стисвала	стисвало	стисвали	стисвал	стисвала	стисвало	стисвали	стисващ	стисваща	стисващо	стисващи	стисван	стисвана	стисвано	стисвани	стисване	стисванета
стискам	-	-	-	-	-	-	стисках	стиска	стиска	стискахме	стискахте	стискаха	стисках	стискаше	стискаше	стискахме	стискахте	стискаха	стискаи	стискаите	стискаики	стискал	стискала	стискало	стискали	стискал	стискала	стискало	стискали	стискащ	стискаща	стискащо	стискащи	стискан	стискана	стискано	стискани	стискане	стисканета
стисна	стисна	стиснеш	стисне	стиснем	стиснете	стиснат	стиснах	стисна	стисна	стиснахме	стиснахте	стиснаха	стиснех	стиснеше	стиснеше	стиснехме	стиснехте	стиснеха	стисни	стиснете	-	стиснал	стиснала	стиснало	стиснали	стиснел	стиснела	стиснело	стиснели	-	-	-	-	стиснат	стисната	стиснато	стиснати	-	-
стоплям	-	-	-	-	-	-	стоплях	стопля	стопля	стопляхме	стопляхте	стопляха	стоплях	стопляше	стопляше	стопляхме	стопляхте	стопляха	стопляи	стопляите	стопляики	стоплял	стопляла	стопляло	стопляли	стоплял	стопляла	стопляло	стопляли	стоплящ	стопляща	стоплящо	стоплящи	стоплян	стопляна	стопляно	стопляни	стопляне	стоплянета
сторвам	-	-	-	-	-	-	сторвах	сторва	сторва	сторвахме	сторвахте	сторваха	сторвах	сторваше	сторваше	сторвахме	сторвахте	сторваха	сторваи	сторваите	сторваики	сторвал	сторвала	сторвало	сторвали	сторвал	сторвала	сторвало	сторвали	сторващ	сторваща	сторващо	сторващи	сторван	сторвана	сторвано	сторвани	сторване	сторванета
сторя	сторя	сториш	стори	сторим	сторите	сторят	сторих	стори	стори	сторихме	сторихте	сториха	сторех	стореше	стореше	сторехме	сторехте	стореха	стори	сторете	-	сторил	сторила	сторило	сторили	сторел	сторела	сторело	сторели	-	-	-	-	сторен	сторена	сторено	сторени	-	-
стоя	стоя	стоиш	стои	стоим	стоите	стоят	стоих	стои	стои	стоихме	стоихте	стоиха	стоях	стоеше	стоеше	стояхме	стояхте	стояха	стои	стоите	стоеики	стоил	стоила	стоило	стоили	стоял	стояла	стояло	стоели	стоящ	стояща	стоящо	стоящи	-	-	-	-	стоене	стоенета
страдам	-	-	-	-	-	-	страдах	страда	страда	страдахме	страдахте	страдаха	страдах	страдаше	страдаше	страдахме	страдахте	страдаха	страдаи	страдаите	страдаики	страдал	страдала	страдало	страдали	страдал	страдала	страдало	страдали	страдащ	страдаща	страдащо	страдащи	-	-	-	-	страдане	страданета
стрелям	-	-	-	-	-	-	стрелях	стреля	стреля	стреляхме	стреляхте	стреляха	стрелях	стреляше	стреляше	стреляхме	стреляхте	стреляха	стреляи	стреляите	стреляики	стрелял	стреляла	стреляло	стреляли	стрелял	стреляла	стреляло	стреляли	стрелящ	стреляща	стрелящо	стрелящи	стрелян	стреляна	стреляно	стреляни	стреляне	стрелянета
стремя	стремя	стремиш	стреми	стремим	стремите	стремят	стремих	стреми	стреми	стремихме	стремихте	стремиха	стремях	стремеше	стремеше	стремяхме	стремяхте	стремяха	стреми	стремете	стремеики	стремил	стремила	стремило	стремили	стремял	стремяла	стремяло	стремели	стремящ	стремяща	стремящо	стремящи	стремен	стремена	стремено	стремени	стремене	стременета
стрепвам	-	-	-	-	-	-	стрепвах	стрепва	стрепва	стрепвахме	стрепвахте	стрепваха	стрепвах	стрепваше	стрепваше	стрепвахме	стрепвахте	стрепваха	стрепваи	стрепваите	стрепваики	стрепвал	стрепвала	стрепвало	стрепвали	стрепвал	стрепвала	стрепвало	стрепвали	стрепващ	стрепваща	стрепващо	стрепващи	стрепван	стрепвана	стрепвано	стрепвани	стрепване	стрепванета
стрепя	стрепя	стрепеш	стрепе	стрепем	стрепете	стрепят	стрепах	стрепа	стрепа	стрепахме	стрепахте	стрепаха	стрепех	стрепеше	стрепеше	стрепехме	стрепехте	стрепеха	стрепи	стрепете	стрепеики	стрепал	стрепала	стрепало	стрепали	стрепел	стрепела	стрепело	стрепели	стрепещ	стрепеща	стрепещо	стрепещи	-	-	-	-	-	-
стрижа	стрижа	стрижеш	стриже	стрижем	стрижете	стрижат	стригах	стрига	стрига	стригахме	стригахте	стригаха	стрижех	стрижеше	стрижеше	стрижехме	стрижехте	стрижеха	стрижи	стрижете	стрижеики	стригал	стригала	стригало	стригали	стрижел	стрижела	стрижело	стрижели	стрижещ	стрижеща	стрижещо	стрижещи	стриган	стригана	стригано	стригани	стригане	стриганета
строя	строя	строиш	строи	строим	строите	строят	строих	строи	строи	строихме	строихте	строиха	строях	строеше	строеше	строяхме	строяхте	строяха	строй	стройте	строейки	строил	строила	строило	строили	строял	строяла	строяло	строели	строящ	строяща	строящо	строящи	строен	строена	строено	строени	строене	строения-нета
строявам	-	-	-	-	-	-	строявах	строява	строява	строявахме	строявахте	строяваха	строявах	строяваше	строяваше	строявахме	строявахте	строяваха	строяваи	строяваите	строяваики	строявал	строявала	строявало	строявали	строявал	строявала	строявало	строявали	строяващ	строяваща	строяващо	строяващи	строяван	строявана	строявано	строявани	строяване	строяванета
струвам	-	-	-	-	-	-	струвах	струва	струва	струвахме	струвахте	струваха	струвах	струваше	струваше	струвахме	струвахте	струваха	струваи	струваите	струваики	струвал	струвала	струвало	стрували	струвал	струвала	струвало	стрували	струващ	струваща	струващо	струващи	-	-	-	-	струване	струванета
струя	струя	струиш	струи	струим	струите	струят	струих	струи	струи	струихме	струихте	струиха	струях	струеше	струеше	струяхме	струяхте	струяха	струи	струите	струеики	струил	струила	струило	струели	струял	струяла	струяло	струели	струящ	струяща	струящо	струящи	-	-	-	-	струене	струенета
стряскам	-	-	-	-	-	-	стрясках	стряска	стряска	стряскахме	стряскахте	стряскаха	стрясках	стряскаше	стряскаше	стряскахме	стряскахте	стряскаха	стряскаи	стряскаите	стряскаики	стряскал	стряскала	стряскало	стряскали	стряскал	стряскала	стряскало	стряскали	стряскащ	стряскаща	стряскащо	стряскащи	стряскан	стряскана	стряскано	стряскани	стряскане	стрясканета
студентствам	-	-	-	-	-	-	студентствах	студентства	студентства	студентствахме	студентствахте	студентстваха	студентствах	студентстваше	студентстваше	студентствахме	студентствахте	студентстваха	студентствай	студентствайте	студентствайки	студентствал	студентствала	студентствало	студентствали	студентствал	студентствала	студентствало	студентствали	студентстващ	студентстваща	студентстващо	студентстващи	-	-	-	-	студентстване	студентствания-нета
студя	студя	студиш	студи	студим	студите	студят	студих	студи	студи	студихме	студихте	студиха	студях	студеше	студеше	студяхме	студяхте	студяха	студи	студете	студеики	студил	студила	студило	студили	студял	студяла	студяло	студели	студящ	студяща	студящо	студящи	-	-	-	-	студене	студенета
стъпвам	-	-	-	-	-	-	стъпвах	стъпва	стъпва	стъпвахме	стъпвахте	стъпваха	стъпвах	стъпваше	стъпваше	стъпвахме	стъпвахте	стъпваха	стъпваи	стъпваите	стъпваики	стъпвал	стъпвала	стъпвало	стъпвали	стъпвал	стъпвала	стъпвало	стъпвали	стъпващ	стъпваща	стъпващо	стъпващи	-	-	-	-	стъпване	стъпванета
стъпна	стъпна	стъпнеш	стъпне	стъпнем	стъпнете	стъпнат	стъпнах	стъпна	стъпна	стъпнахме	стъпнахте	стъпнаха	стъпнех	стъпнеше	стъпнеше	стъпнехме	стъпнехте	стъпнеха	стъпни	стъпнете	-	стъпнал	стъпнала	стъпнало	стъпнали	стъпнел	стъпнела	стъпнело	стъпнели	-	-	-	-	-	-	-	-	-	-
стъпя	стъпя	стъпиш	стъпи	стъпим	стъпите	стъпят	стъпих	стъпи	стъпи	стъпихме	стъпихте	стъпиха	стъпех	стъпеше	стъпеше	стъпехме	стъпехте	стъпеха	стъпи	стъпете	-	стъпил	стъпила	стъпило	стъпили	стъпел	стъпела	стъпело	стъпели	-	-	-	-	-	-	-	-	-	-
стъпям	-	-	-	-	-	-	стъпях	стъпя	стъпя	стъпяхме	стъпяхте	стъпяха	стъпях	стъпяше	стъпяше	стъпяхме	стъпяхте	стъпяха	стъпяи	стъпяите	стъпяики	стъпял	стъпяла	стъпяло	стъпяли	стъпял	стъпяла	стъпяло	стъпяли	стъпящ	стъпяща	стъпящо	стъпящи	-	-	-	-	стъпяне	стъпянета
стържа	стържа	стържеш	стърже	стържем	стържете	стържат	стъргах	стърга	стърга	стъргахме	стъргахте	стъргаха	стържех	стържеше	стържеше	стържехме	стържехте	стържеха	стържи	стържете	стържеики	стъргал	стъргала	стъргало	стъргали	стържел	стържела	стържело	стържели	стържещ	стържеща	стържещо	стържещи	стърган	стъргана	стъргано	стъргани	стъргане	стърганета
стърча	стърча	стърчиш	стърчи	стърчим	стърчите	стърчат	стърчих	стърчи	стърчи	стърчихме	стърчихте	стърчиха	стърчах	стърчеше	стърчеше	стърчахме	стърчахте	стърчаха	стърчи	стърчете	стърчеики	стърчил	стърчила	стърчило	стърчили	стърчал	стърчала	стърчало	стърчали	стърчащ	стърчаща	стърчащо	стърчащи	стърчен	стърчена	стърчено	стърчени	стърчене	стърченета
суча	суча	сучеш	суче	сучем	сучете	сучат	суках	сука	сука	сукахме	сукахте	сукаха	сучех	сучеше	сучеше	сучехме	сучехте	сучеха	сучи	сучете	сучеики	сукал	сукала	сукало	сукали	сучел	сучела	сучело	сучели	сучещ	сучеща	сучещо	сучещи	сукан	сукана	сукано	сукани	сукане	суканета
суша	суша	сушиш	суши	сушим	сушите	сушат	суших	суши	суши	сушихме	сушихте	сушиха	сушах	сушеше	сушеше	сушахме	сушахте	сушаха	суши	сушете	сушеики	сушил	сушила	сушило	сушили	сушал	сушала	сушало	сушали	сушащ	сушаща	сушащо	сушащи	сушен	сушена	сушено	сушени	сушене	сушенета
считам	-	-	-	-	-	-	считах	счита	счита	считахме	считахте	считаха	считах	считаше	считаше	считахме	считахте	считаха	считаи	считаите	считаики	считал	считала	считало	считали	считал	считала	считало	считали	считащ	считаща	считащо	считащи	считан	считана	считано	считани	считане	считанета
счупвам	-	-	-	-	-	-	счупвах	счупва	счупва	счупвахме	счупвахте	счупваха	счупвах	счупваше	счупваше	счупвахме	счупвахте	счупваха	счупвай	счупвайте	счупвайки	счупвал	счупвала	счупвало	счупвали	счупвал	счупвала	счупвало	счупвали	счупващ	счупваща	счупващо	счупващи	счупван	счупвана	счупвано	счупвани	счупване	счупвания-нета
счупя	счупя	счупиш	счупи	счупим	счупите	счупят	счупих	счупи	счупи	счупихме	счупихте	счупиха	счупех	счупеше	счупеше	счупехме	счупехте	счупеха	счупи	счупете	-	счупил	счупила	счупило	счупили	счупел	счупела	счупело	счупели	-	-	-	-	счупен	счупена	счупено	счупени	-	-
събера	събера	събереш	събере	съберем	съберете	съберат	събрах	събра	събра	събрахме	събрахте	събраха	съберях	събереше	събереше	съберяхме	съберяхте	съберяха	събери	съберете	-	събрал	събрала	събрало	събрали	съберял	съберяла	съберяло	съберели	-	-	-	-	събран	събрана	събрано	събрани	-	-
събирам	-	-	-	-	-	-	събирах	събира	събира	събирахме	събирахте	събираха	събирах	събираше	събираше	събирахме	събирахте	събираха	събираи	събираите	събираики	събирал	събирала	събирало	събирали	събирал	събирала	събирало	събирали	събиращ	събираща	събиращо	събиращи	събиран	събирана	събирано	събирани	събиране	събиранета
съблазнявам	-	-	-	-	-	-	съблазнявах	съблазнява	съблазнява	съблазнявахме	съблазнявахте	съблазняваха	съблазнявах	съблазняваше	съблазняваше	съблазнявахме	съблазнявахте	съблазняваха	съблазняваи	съблазняваите	съблазняваики	съблазнявал	съблазнявала	съблазнявало	съблазнявали	съблазнявал	съблазнявала	съблазнявало	съблазнявали	съблазняващ	съблазняваща	съблазняващо	съблазняващи	съблазняван	съблазнявана	съблазнявано	съблазнявани	съблазняване	съблазняванета
съблека	съблека	съблечеш	съблече	съблечем	съблечете	съблекат	съблякох	съблече	съблече	съблякохме	съблякохте	съблякоха	съблечах	съблечеше	съблечеше	съблечахме	съблечахте	съблечаха	съблечи	съблечете	-	съблякъл	съблякла	съблякло	съблекли	съблечал	съблечала	съблечало	съблечали	-	-	-	-	съблечен	съблечена	съблечено	съблечени	-	-
събличам	-	-	-	-	-	-	събличах	съблича	съблича	събличахме	събличахте	събличаха	събличах	събличаше	събличаше	събличахме	събличахте	събличаха	събличаи	събличаите	събличаики	събличал	събличала	събличало	събличали	събличал	събличала	събличало	събличали	събличащ	събличаща	събличащо	събличащи	събличан	събличана	събличано	събличани	събличане	събличанета
съблюдавам	-	-	-	-	-	-	съблюдавах	съблюдава	съблюдава	съблюдавахме	съблюдавахте	съблюдаваха	съблюдавах	съблюдаваше	съблюдаваше	съблюдавахме	съблюдавахте	съблюдаваха	съблюдаваи	съблюдаваите	съблюдаваики	съблюдавал	съблюдавала	съблюдавало	съблюдавали	съблюдавал	съблюдавала	съблюдавало	съблюдавали	съблюдаващ	съблюдаваща	съблюдаващо	съблюдаващи	съблюдаван	съблюдавана	съблюдавано	съблюдавани	съблюдаване	съблюдаванета
събувам	-	-	-	-	-	-	събувах	събува	събува	събувахме	събувахте	събуваха	събувах	събуваше	събуваше	събувахме	събувахте	събуваха	събуваи	събуваите	събуваики	събувал	събувала	събувало	събували	събувал	събувала	събувало	събували	събуващ	събуваща	събуващо	събуващи	събуван	събувана	събувано	събувани	събуване	събуванета
събудя	събудя	събудиш	събуди	събудим	събудите	събудят	събудих	събуди	събуди	събудихме	събудихте	събудиха	събудех	събудеше	събудеше	събудехме	събудехте	събудеха	събуди	събудете	-	събудил	събудила	събудило	събудили	събудел	събудела	събудело	събудели	-	-	-	-	събуден	събудена	събудено	събудени	-	-
събуждам	-	-	-	-	-	-	събуждах	събужда	събужда	събуждахме	събуждахте	събуждаха	събуждах	събуждаше	събуждаше	събуждахме	събуждахте	събуждаха	събуждаи	събуждаите	събуждаики	събуждал	събуждала	събуждало	събуждали	събуждал	събуждала	събуждало	събуждали	събуждащ	събуждаща	събуждащо	събуждащи	събуждан	събуждана	събуждано	събуждани	събуждане	събужданета
събуя	събуя	събуеш	събуе	събуем	събуете	събуят	събух	събу	събу	събухме	събухте	събуха	събуех	събуеше	събуеше	събуехме	събуехте	събуеха	събуи	събуите	-	събул	събула	събуло	събули	събуел	събуела	събуело	събуели	-	-	-	-	събут	събута	събуто	събути	-	-
съветвам	-	-	-	-	-	-	съветвах	съветва	съветва	съветвахме	съветвахте	съветваха	съветвах	съветваше	съветваше	съветвахме	съветвахте	съветваха	съветвай	съветвайте	съветвайки	съветвал	съветвала	съветвало	съветвали	съветвал	съветвала	съветвало	съветвали	съветващ	съветваща	съветващо	съветващи	съветван	съветвана	съветвано	съветвани	съветване	съветвания-нета
съградя	съградя	съградиш	съгради	съградим	съградите	съградят	съградих	съгради	съгради	съградихме	съградихте	съградиха	съградях	съградеше	съградеше	съградяхме	съградяхте	съградяха	съгради	съградете	-	съградил	съградила	съградило	съградили	съградял	съградяла	съградяло	съградели	-	-	-	-	съграден	съградена	съградено	съградени	-	-
съдя	съдя	съдиш	съди	съдим	съдите	съдят	съдих	съди	съди	съдихме	съдихте	съдиха	съдех	съдеше	съдеше	съдехме	съдехте	съдеха	съди	съдете	съдеики	съдил	съдила	съдило	съдили	съдел	съдела	съдело	съдели	съдещ	съдеща	съдещо	съдещи	съден	съдена	съдено	съдени	съдене	съденета
съединя	съединя	съединиш	съедини	съединим	съедините	съединят	съединих	съедини	съедини	съединихме	съединихте	съединиха	съединях	съединеше	съединеше	съединяхме	съединяхте	съединяха	съедини	съединете	-	съединил	съединила	съединило	съединили	съединял	съединяла	съединяло	съединели	-	-	-	-	съединен	съединена	съединено	съединени	-	-
съжалявам	-	-	-	-	-	-	съжалявах	съжалява	съжалява	съжалявахме	съжалявахте	съжаляваха	съжалявах	съжаляваше	съжаляваше	съжалявахме	съжалявахте	съжаляваха	съжаляваи	съжаляваите	съжаляваики	съжалявал	съжалявала	съжалявало	съжалявали	съжалявал	съжалявала	съжалявало	съжалявали	съжаляващ	съжаляваща	съжаляващо	съжаляващи	-	-	-	-	съжаляване	съжаляванета
създавам	-	-	-	-	-	-	създавах	създава	създава	създавахме	създавахте	създаваха	създавах	създаваше	създаваше	създавахме	създавахте	създаваха	създавай	създавайте	създавайки	създавал	създавала	създавало	създавали	създавал	създавала	създавало	създавали	създаващ	създаваща	създаващо	създаващи	създаван	създавана	създавано	създавани	създаване	създавания-нета
създам	-	създадеш	създаде	създадем	създадете	създадат	създадох	създаде	създаде	създадохме	създадохте	създадоха	създадях	създадеше	създадеше	създадяхме	създадяхте	създадяха	създай	създайте	-	създал	създала	създало	създали	създадял	създадяла	създадяло	създадели	-	-	-	-	създаден	създадена	създадено	създадени	-	-
съзирам	-	-	-	-	-	-	съзирах	съзира	съзира	съзирахме	съзирахте	съзираха	съзирах	съзираше	съзираше	съзирахме	съзирахте	съзираха	съзирай	съзирайте	съзирайки	съзирал	съзирала	съзирало	съзирали	съзирал	съзирала	съзирало	съзирали	съзиращ	съзираща	съзиращо	съзиращи	съзиран	съзирана	съзирано	съзирани	съзиране	съзирания-нета
съзра	съзра	съзреш	съзре	съзрем	съзрете	съзрат	съзрях	съзря	съзря	съзряхме	съзряхте	съзряха	съзрях	съзреше	съзреше	съзряхме	съзряхте	съзряха	съзри	съзрете	-	съзрял	съзряла	съзряло	съзрели	съзрял	съзряла	съзряло	съзрели	-	-	-	-	съзрян	съзряна	съзряно	съзрени	-	-
съкратя	съкратя	съкратиш	съкрати	съкратим	съкратите	съкратят	съкратих	съкрати	съкрати	съкратихме	съкратихте	съкратиха	съкратях	съкратеше	съкратеше	съкратяхме	съкратяхте	съкратяха	съкрати	съкратете	-	съкратил	съкратила	съкратило	съкратили	съкратял	съкратяла	съкратяло	съкратели	-	-	-	-	съкратен	съкратена	съкратено	съкратени	-	-
съкруша	съкруша	съкрушиш	съкруши	съкрушим	съкрушите	съкрушат	съкруших	съкруши	съкруши	съкрушихме	съкрушихте	съкрушиха	съкрушах	съкрушеше	съкрушеше	съкрушахме	съкрушахте	съкрушаха	съкруши	съкрушете	-	съкрушил	съкрушила	съкрушило	съкрушили	съкрушал	съкрушала	съкрушало	съкрушали	-	-	-	-	съкрушен	съкрушена	съкрушено	съкрушени	-	-
съм	съм	си	е	сме	сте	са	бях	бе	бе	бяхме	бяхте	бяха	бях	беше	беше	бяхме	бяхте	бяха	бъди	бъдете	бидеики	бил	била	било	били	бил	била	било	били	-	-	-	-	-	-	-	-	-	-
сънувам	-	-	-	-	-	-	сънувах	сънува	сънува	сънувахме	сънувахте	сънуваха	сънувах	сънуваше	сънуваше	сънувахме	сънувахте	сънуваха	сънувай	сънувайте	сънувайки	сънувал	сънувала	сънувало	сънували	сънувал	сънувала	сънувало	сънували	сънуващ	сънуваща	сънуващо	сънуващи	сънуван	сънувана	сънувано	сънувани	сънуване	сънувания-нета
съобщавам	-	-	-	-	-	-	съобщавах	съобщава	съобщава	съобщавахме	съобщавахте	съобщаваха	съобщавах	съобщаваше	съобщаваше	съобщавахме	съобщавахте	съобщаваха	съобщавай	съобщавайте	съобщавайки	съобщавал	съобщавала	съобщавало	съобщавали	съобщавал	съобщавала	съобщавало	съобщавали	съобщаващ	съобщаваща	съобщаващо	съобщаващи	съобщаван	съобщавана	съобщавано	съобщавани	съобщаване	съобщавания-нета
съобщя	съобщя	съобщиш	съобщи	съобщим	съобщите	съобщят	съобщих	съобщи	съобщи	съобщихме	съобщихте	съобщиха	съобщях	съобщеше	съобщеше	съобщяхме	съобщяхте	съобщяха	съобщи	съобщете	-	съобщил	съобщила	съобщило	съобщили	съобщял	съобщяла	съобщяло	съобщели	-	-	-	-	съобщен	съобщена	съобщено	съобщени	-	-
сърбам	-	-	-	-	-	-	сърбах	сърба	сърба	сърбахме	сърбахте	сърбаха	сърбах	сърбаше	сърбаше	сърбахме	сърбахте	сърбаха	сърбаи	сърбаите	сърбаики	сърбал	сърбала	сърбало	сърбали	сърбал	сърбала	сърбало	сърбали	сърбащ	сърбаща	сърбащо	сърбащи	сърбан	сърбана	сърбано	сърбани	сърбане	сърбанета
сърбя	сърбя	сърбиш	сърби	сърбим	сърбите	сърбят	сърбях	сърбя	сърбя	сърбяхме	сърбяхте	сърбяха	сърбях	сърбеше	сърбеше	сърбяхме	сърбяхте	сърбяха	сърби	сърбете	сърбеики	сърбял	сърбяла	сърбяло	сърбели	сърбял	сърбяла	сърбяло	сърбели	сърбящ	сърбяща	сърбящо	сърбящи	-	-	-	-	сърбене	сърбенета
сърдя	сърдя	сърдиш	сърди	сърдим	сърдите	сърдят	сърдих	сърди	сърди	сърдихме	сърдихте	сърдиха	сърдех	сърдеше	сърдеше	сърдехме	сърдехте	сърдеха	сърди	сърдете	сърдеики	сърдил	сърдила	сърдило	сърдили	сърдел	сърдела	сърдело	сърдели	сърдещ	сърдеща	сърдещо	сърдещи	сърден	сърдена	сърдено	сърдени	сърдене	сърденета
съркам	-	-	-	-	-	-	сърках	сърка	сърка	съркахме	съркахте	съркаха	сърках	съркаше	съркаше	съркахме	съркахте	съркаха	съркаи	съркаите	съркаики	съркал	съркала	съркало	съркали	съркал	съркала	съркало	съркали	съркащ	съркаща	съркащо	съркащи	съркан	съркана	съркано	съркани	съркане	сърканета
съскам	-	-	-	-	-	-	съсках	съска	съска	съскахме	съскахте	съскаха	съсках	съскаше	съскаше	съскахме	съскахте	съскаха	съскаи	съскаите	съскаики	съскал	съскала	съскало	съскали	съскал	съскала	съскало	съскали	съскащ	съскаща	съскащо	съскащи	-	-	-	-	съскане	съсканета
съставя	съставя	съставиш	състави	съставим	съставите	съставят	съставих	състави	състави	съставихме	съставихте	съставиха	съставех	съставеше	съставеше	съставехме	съставехте	съставеха	състави	съставете	-	съставил	съставила	съставило	съставили	съставел	съставела	съставело	съставели	-	-	-	-	съставен	съставена	съставено	съставени	-	-
съставям	-	-	-	-	-	-	съставях	съставя	съставя	съставяхме	съставяхте	съставяха	съставях	съставяше	съставяше	съставяхме	съставяхте	съставяха	съставяи	съставяите	съставяики	съставял	съставяла	съставяло	съставяли	съставял	съставяла	съставяло	съставяли	съставящ	съставяща	съставящо	съставящи	съставян	съставяна	съставяно	съставяни	съставяне	съставянета
съсъхна	съсъхна	съсъхнеш	съсъхне	съсъхнем	съсъхнете	съсъхнат	съсъхнах	съсъхна	съсъхна	съсъхнахме	съсъхнахте	съсъхнаха	съсъхнех	съсъхнеше	съсъхнеше	съсъхнехме	съсъхнехте	съсъхнеха	съсъхни	съсъхнете	-	съсъхнал	съсъхнала	съсъхнало	съсъхнали	съсъхнел	съсъхнела	съсъхнело	съсъхнели	-	-	-	-	-	-	-	-	-	-
сътворя	сътворя	сътвориш	сътвори	сътворим	сътворите	сътворят	сътворих	сътвори	сътвори	сътворихме	сътворихте	сътвориха	сътворях	сътвореше	сътвореше	сътворяхме	сътворяхте	сътворяха	сътвори	сътворете	-	сътворил	сътворила	сътворило	сътворили	сътворял	сътворяла	сътворяло	сътворели	-	-	-	-	сътворен	сътворена	сътворено	сътворени	-	-
съхна	съхна	съхнеш	съхне	съхнем	съхнете	съхнат	съхнах	съхна	съхна	съхнахме	съхнахте	съхнаха	съхнех	съхнеше	съхнеше	съхнехме	съхнехте	съхнеха	съхни	съхнете	съхнеики	съхнал	съхнала	съхнало	съхнали	съхнел	съхнела	съхнело	съхнели	съхнещ	съхнеща	съхнещо	съхнещи	-	-	-	-	съхнене	съхненета
съчетавам	-	-	-	-	-	-	съчетавах	съчетава	съчетава	съчетавахме	съчетавахте	съчетаваха	съчетавах	съчетаваше	съчетаваше	съчетавахме	съчетавахте	съчетаваха	съчетавай	съчетавайте	съчетавайки	съчетавал	съчетавала	съчетавало	съчетавали	съчетавал	съчетавала	съчетавало	съчетавали	съчетаващ	съчетаваща	съчетаващо	съчетаващи	съчетаван	съчетавана	съчетавано	съчетавани	съчетаване	съчетавания-нета
съчетая	съчетая	съчетаеш	съчетае	съчетаем	съчетаете	съчетаят	съчетах	съчета	съчета	съчетахме	съчетахте	съчетаха	съчетаех	съчетаеше	съчетаеше	съчетаехме	съчетаехте	съчетаеха	съчетай	съчетайте	-	съчетал	съчетала	съчетало	съчетали	съчетаел	съчетаела	съчетаело	съчетаели	-	-	-	-	съчетан	съчетана	съчетано	съчетани	-	-
съчиня	съчиня	съчиниш	съчини	съчиним	съчините	съчинят	съчиних	съчини	съчини	съчинихме	съчинихте	съчиниха	съчинях	съчинеше	съчинеше	съчиняхме	съчиняхте	съчиняха	съчини	съчинете	-	съчинил	съчинила	съчинило	съчинили	съчинял	съчиняла	съчиняло	съчинели	-	-	-	-	съчинен	съчинена	съчинено	съчинени	-	-
съществувам	-	-	-	-	-	-	съществувах	съществува	съществува	съществувахме	съществувахте	съществуваха	съществувах	съществуваше	съществуваше	съществувахме	съществувахте	съществуваха	съществувай	съществувайте	съществувайки	съществувал	съществувала	съществувало	съществували	съществувал	съществувала	съществувало	съществували	съществуващ	съществуваща	съществуващо	съществуващи	-	-	-	-	съществуване	съществувания-нета
сядам	-	-	-	-	-	-	сядах	сяда	сяда	сядахме	сядахте	сядаха	сядах	сядаше	сядаше	сядахме	сядахте	сядаха	сядай	сядайте	сядайки	сядал	сядала	сядало	сядали	сядал	сядала	сядало	сядали	сядащ	сядаща	сядащо	сядащи	-	-	-	-	сядане	сядания-нета
сякам	-	-	-	-	-	-	сяках	сяка	сяка	сякахме	сякахте	сякаха	сяках	сякаше	сякаше	сякахме	сякахте	сякаха	сякаи	сякаите	сякаики	сякал	сякала	сякало	сякали	сякал	сякала	сякало	сякали	сякащ	сякаща	сякащо	сякащи	сякан	сякана	сякано	сякани	сякане	сяканета
такам	-	-	-	-	-	-	таках	така	така	такахме	такахте	такаха	таках	такаше	такаше	такахме	такахте	такаха	такаи	такаите	такаики	такал	такала	такало	такали	такал	такала	такало	такали	такащ	такаща	такащо	такащи	-	-	-	-	такане	таканета
талам	-	-	-	-	-	-	талах	тала	тала	талахме	талахте	талаха	талах	талаше	талаше	талахме	талахте	талаха	талаи	талаите	талаики	талал	талала	талало	талали	талал	талала	талало	талали	талащ	талаща	талащо	талащи	-	-	-	-	талане	таланета
тананикам	-	-	-	-	-	-	тананиках	тананика	тананика	тананикахме	тананикахте	тананикаха	тананиках	тананикаше	тананикаше	тананикахме	тананикахте	тананикаха	тананикаи	тананикаите	тананикаики	тананикал	тананикала	тананикало	тананикали	тананикал	тананикала	тананикало	тананикали	тананикащ	тананикаща	тананикащо	тананикащи	тананикан	тананикана	тананикано	тананикани	тананикане	тананиканета
танцувам	-	-	-	-	-	-	танцувах	танцува	танцува	танцувахме	танцувахте	танцуваха	танцувах	танцуваше	танцуваше	танцувахме	танцувахте	танцуваха	танцувай	танцувайте	танцувайки	танцувал	танцувала	танцувало	танцували	танцувал	танцувала	танцувало	танцували	танцуващ	танцуваща	танцуващо	танцуващи	танцуван	танцувана	танцувано	танцувани	танцуване	танцувания-нета
тача	тача	тачиш	тачи	тачим	тачите	тачат	тачих	тачи	тачи	тачихме	тачихте	тачиха	тачех	тачеше	тачеше	тачехме	тачехте	тачеха	тачи	тачете	тачеики	тачил	тачила	тачило	тачили	тачел	тачела	тачело	тачели	тачещ	тачеща	тачещо	тачещи	-	-	-	-	тачене	таченета
тая	тая	таеш	тае	таем	таете	таят	таих	таи	таи	таихме	таихте	таиха	таех	таеше	таеше	таехме	таехте	таеха	таи	таите	таеики	таил	таила	таило	таили	таел	таела	таело	таели	таещ	таеща	таещо	таещи	таен	таена	таено	таени	таене	таенета
творя	творя	твориш	твори	творим	творите	творят	творих	твори	твори	творихме	творихте	твориха	творях	твореше	твореше	творяхме	творяхте	творяха	твори	творете	твореики	творил	творила	творило	творили	творял	творяла	творяло	творели	творящ	творяща	творящо	творящи	творен	творена	творено	творени	творене	творенета
твърдя	твърдя	твърдиш	твърди	твърдим	твърдите	твърдят	твърдих	твърди	твърди	твърдихме	твърдихте	твърдиха	твърдях	твърдеше	твърдеше	твърдяхме	твърдяхте	твърдяха	твърди	твърдете	твърдеики	твърдил	твърдила	твърдило	твърдили	твърдял	твърдяла	твърдяло	твърдели	твърдящ	твърдяща	твърдящо	твърдящи	твърден	твърдена	твърдено	твърдени	твърдене	твърденета
тегля	тегля	теглиш	тегли	теглим	теглите	теглят	теглих	тегли	тегли	теглихме	теглихте	теглиха	теглех	теглеше	теглеше	теглехме	теглехте	теглеха	тегли	теглете	теглеики	теглил	теглила	теглило	теглили	теглел	теглела	теглело	теглели	теглещ	теглеща	теглещо	теглещи	теглен	теглена	теглено	теглени	теглене	тегленета
тегна	тегна	тегнеш	тегне	тегнем	тегнете	тегнат	тегнах	тегна	тегна	тегнахме	тегнахте	тегнаха	тегнех	тегнеше	тегнеше	тегнехме	тегнехте	тегнеха	тегни	тегнете	тегнеики	тегнал	тегнала	тегнало	тегнали	тегнел	тегнела	тегнело	тегнели	тегнещ	тегнеща	тегнещо	тегнещи	-	-	-	-	тегнене	тегненета
тежа	тежа	тежиш	тежи	тежим	тежите	тежат	тежах	тежа	тежа	тежахме	тежахте	тежаха	тежах	тежеше	тежеше	тежахме	тежахте	тежаха	тежи	тежете	тежеики	тежал	тежала	тежало	тежали	тежал	тежала	тежало	тежали	тежащ	тежаща	тежащо	тежащи	-	-	-	-	тежене	теженета
тека	тека	течеш	тече	течем	течете	текат	текох	тече	тече	текохме	текохте	текоха	течах	течеше	течеше	течахме	течахте	течаха	течи	течете	течеики	текъл	текла	текло	текли	течал	течала	течало	течали	течащ	течаща	течащо	течащи	-	-	-	-	течене	теченета
телефонирам	-	-	-	-	-	-	телефонирах	телефонира	телефонира	телефонирахме	телефонирахте	телефонираха	телефонирах	телефонираше	телефонираше	телефонирахме	телефонирахте	телефонираха	телефонирай	телефонирайте	телефонирайки	телефонирал	телефонирала	телефонирало	телефонирали	телефонирал	телефонирала	телефонирало	телефонирали	телефониращ	телефонираща	телефониращо	телефониращи	-	-	-	-	телефониране	телефонирания-нета
тепам	-	-	-	-	-	-	тепах	тепа	тепа	тепахме	тепахте	тепаха	тепах	тепаше	тепаше	тепахме	тепахте	тепаха	тепаи	тепаите	тепаики	тепал	тепала	тепало	тепали	тепал	тепала	тепало	тепали	тепащ	тепаща	тепащо	тепащи	тепан	тепана	тепано	тепани	тепане	тепанета
терам	-	-	-	-	-	-	терах	тера	тера	терахме	терахте	тераха	терах	тераше	тераше	терахме	терахте	тераха	тераи	тераите	тераики	терал	терала	терало	терали	терал	терала	терало	терали	теращ	тераща	теращо	теращи	теран	терана	терано	терани	теране	теранета
терзая	терзая	терзаеш	терзае	терзаем	терзаете	терзаят	терзах	терза	терза	терзахме	терзахте	терзаха	терзаех	терзаеше	терзаеше	терзаехме	терзаехте	терзаеха	терзаи	терзаите	терзаеики	терзал	терзала	терзало	терзали	терзаел	терзаела	терзаело	терзаели	терзаещ	терзаеща	терзаещо	терзаещи	терзан	терзана	терзано	терзани	терзане	терзанета
тероризирам	-	-	-	-	-	-	тероризирах	тероризира	тероризира	тероризирахме	тероризирахте	тероризираха	тероризирах	тероризираше	тероризираше	тероризирахме	тероризирахте	тероризираха	тероризираи	тероризираите	тероризираики	тероризирал	тероризирала	тероризирало	тероризирали	тероризирал	тероризирала	тероризирало	тероризирали	тероризиращ	тероризираща	тероризиращо	тероризиращи	тероризиран	тероризирана	тероризирано	тероризирани	тероризиране	тероризиранета
тесам	-	-	-	-	-	-	тесах	теса	теса	тесахме	тесахте	тесаха	тесах	тесаше	тесаше	тесахме	тесахте	тесаха	тесаи	тесаите	тесаики	тесал	тесала	тесало	тесали	тесал	тесала	тесало	тесали	тесащ	тесаща	тесащо	тесащи	тесан	тесана	тесано	тесани	тесане	тесанета
теша	теша	тешиш	теши	тешим	тешите	тешат	теших	теши	теши	тешихме	тешихте	тешиха	тешах	тешеше	тешеше	тешахме	тешахте	тешаха	теши	тешете	тешеики	тешил	тешила	тешило	тешили	тешал	тешала	тешало	тешали	тешащ	тешаща	тешащо	тешащи	тешен	тешена	тешено	тешени	тешене	тешенета
тикам	-	-	-	-	-	-	тиках	тика	тика	тикахме	тикахте	тикаха	тиках	тикаше	тикаше	тикахме	тикахте	тикаха	тикаи	тикаите	тикаики	тикал	тикала	тикало	тикали	тикал	тикала	тикало	тикали	тикащ	тикаща	тикащо	тикащи	тикан	тикана	тикано	тикани	тикане	тиканета
типам	-	-	-	-	-	-	типах	типа	типа	типахме	типахте	типаха	типах	типаше	типаше	типахме	типахте	типаха	типаи	типаите	типаики	типал	типала	типало	типали	типал	типала	типало	типали	типащ	типаща	типащо	типащи	типан	типана	типано	типани	типане	типанета
тискам	тласкам	тласкаш	тласка	тласкаме	тласкате	тласкат	тласках	тласка	тласка	тласкахме	тласкахте	тласкаха	тласках	тласкаше	тласкаше	тласкахме	тласкахте	тласкаха	тласкаи	тласкаите	тласкаики	тласкал	тласкала	тласкало	тласкали	тласкал	тласкала	тласкало	тласкали	тласкащ	тласкаща	тласкащо	тласкащи	тласкан	тласкана	тласкано	тласкани	тласкане	тласканета
тичам	-	-	-	-	-	-	тичах	тича	тича	тичахме	тичахте	тичаха	тичах	тичаше	тичаше	тичахме	тичахте	тичаха	тичай	тичайте	тичайки	тичал	тичала	тичало	тичали	тичал	тичала	тичало	тичали	тичащ	тичаща	тичащо	тичащи	-	-	-	-	тичане	тичания-нета
тласкам	-	-	-	-	-	-	тласках	тласка	тласка	тласкахме	тласкахте	тласкаха	тласках	тласкаше	тласкаше	тласкахме	тласкахте	тласкаха	тласкаи	тласкаите	тласкаики	тласкал	тласкала	тласкало	тласкали	тласкал	тласкала	тласкало	тласкали	тласкащ	тласкаща	тласкащо	тласкащи	тласкан	тласкана	тласкано	тласкани	тласкане	тласканета
тлача	тлача	тлачиш	тлачи	тлачим	тлачите	тлачат	тлачих	тлачи	тлачи	тлачихме	тлачихте	тлачиха	тлачех	тлачеше	тлачеше	тлачехме	тлачехте	тлачеха	тлачи	тлачете	тлачеики	тлачил	тлачила	тлачило	тлачили	тлачел	тлачела	тлачело	тлачели	тлачещ	тлачеща	тлачещо	тлачещи	тлачен	тлачена	тлачено	тлачени	тлачене	тлаченета
тлея	тлея	тлееш	тлее	тлеем	тлеете	тлеят	тлях	тля	тля	тляхме	тляхте	тляха	тлеех	тлееше	тлееше	тлеехме	тлеехте	тлееха	тлеи	тлеите	тлееики	тлял	тляла	тляло	тлели	тлеел	тлеела	тлеело	тлеели	тлеещ	тлееща	тлеещо	тлеещи	-	-	-	-	тлеене	тлеенета
томя	томя	томиш	томи	томим	томите	томят	томих	томи	томи	томихме	томихте	томиха	томях	томеше	томеше	томяхме	томяхте	томяха	томи	томете	томеики	томил	томила	томило	томили	томял	томяла	томяло	томели	томящ	томяща	томящо	томящи	томен	томена	томено	томени	томене	томенета
тона	тона	тонеш	тоне	тонем	тонете	тонат	тонах	тона	тона	тонахме	тонахте	тонаха	тонех	тонеше	тонеше	тонехме	тонехте	тонеха	тони	тонете	тонеики	тонал	тонала	тонало	тонали	тонел	тонела	тонело	тонели	тонещ	тонеща	тонещо	тонещи	-	-	-	-	тонене	тоненета
топам	-	-	-	-	-	-	топах	топа	топа	топахме	топахте	топаха	топах	топаше	топаше	топахме	топахте	топаха	топаи	топаите	топаики	топал	топала	топало	топали	топал	топала	топало	топали	топащ	топаща	топащо	топащи	топан	топана	топано	топани	топане	топанета
топля	топля	топлиш	топли	топлим	топлите	топлят	топлих	топли	топли	топлихме	топлихте	топлиха	топлех	топлеше	топлеше	топлехме	топлехте	топлеха	топли	топлете	топлеики	топлил	топлила	топлило	топлили	топлел	топлела	топлело	топлели	топлещ	топлеща	топлещо	топлещи	топлен	топлена	топлено	топлени	топлене	топленета
топя	топя	топиш	топи	топим	топите	топят	топих	топи	топи	топихме	топихте	топиха	топях	топеше	топеше	топяхме	топяхте	топяха	топи	топете	топеики	топил	топила	топило	топили	топял	топяла	топяло	топели	топящ	топяща	топящо	топящи	топен	топена	топено	топени	топене	топенета
точа	точа	точиш	точи	точим	точите	точат	точих	точи	точи	точихме	точихте	точиха	точех	точеше	точеше	точехме	точехте	точеха	точи	точете	точеики	точил	точила	точило	точили	точел	точела	точело	точели	точещ	точеща	точещо	точещи	точен	точена	точено	точени	точене	точенета
тракам	-	-	-	-	-	-	траках	трака	трака	тракахме	тракахте	тракаха	траках	тракаше	тракаше	тракахме	тракахте	тракаха	тракаи	тракаите	тракаики	тракал	тракала	тракало	тракали	тракал	тракала	тракало	тракали	тракащ	тракаща	тракащо	тракащи	-	-	-	-	тракане	траканета
трансформирам	-	-	-	-	-	-	трансформирах	трансформира	трансформира	трансформирахме	трансформирахте	трансформираха	трансформирах	трансформираше	трансформираше	трансформирахме	трансформирахте	трансформираха	трансформираи	трансформираите	трансформираики	трансформирал	трансформирала	трансформирало	трансформирали	трансформирал	трансформирала	трансформирало	трансформирали	трансформиращ	трансформираща	трансформиращо	трансформиращи	трансформиран	трансформирана	трансформирано	трансформирани	трансформиране	трансформиранета
траскам	-	-	-	-	-	-	трасках	траска	траска	траскахме	траскахте	траскаха	трасках	траскаше	траскаше	траскахме	траскахте	траскаха	траскаи	траскаите	траскаики	траскал	траскала	траскало	траскали	траскал	траскала	траскало	траскали	траскащ	траскаща	траскащо	траскащи	траскан	траскана	траскано	траскани	траскане	трасканета
тратам	-	-	-	-	-	-	тратах	трата	трата	тратахме	тратахте	тратаха	тратах	траташе	траташе	тратахме	тратахте	тратаха	тратаи	тратаите	тратаики	тратал	тратала	тратало	тратали	тратал	тратала	тратало	тратали	тратащ	тратаща	тратащо	тратащи	тратан	тратана	тратано	тратани	тратане	тратанета
траща	траща	тращеш	траще	тращем	тращете	тращат	тратах	трата	трата	тратахме	тратахте	тратаха	тращех	тращеше	тращеше	тращехме	тращехте	тращеха	тращи	тращете	тращеики	тратал	тратала	тратало	тратали	тращел	тращела	тращело	тращели	тращещ	тращеща	тращещо	тращещи	тратан	тратана	тратано	тратани	-	-
трая	трая	траеш	трае	траем	траете	траят	траях	трая	трая	траяхме	траяхте	траяха	траех	траеше	траеше	траехме	траехте	траеха	траи	траите	траеики	траял	траяла	траяло	траяли	траел	траела	траело	траели	траещ	траеща	траещо	траещи	траян	траяна	траяно	траяни	траене	траенета
требя	требя	требиш	треби	требим	требите	требят	требих	треби	треби	требихме	требихте	требиха	требех	требеше	требеше	требехме	требехте	требеха	треби	требете	требеики	требил	требила	требило	требили	требел	требела	требело	требели	требещ	требеща	требещо	требещи	требен	требена	требено	требени	требене	требенета
тревожа	тревожа	тревожиш	тревожи	тревожим	тревожите	тревожат	тревожих	тревожи	тревожи	тревожихме	тревожихте	тревожиха	тревожех	тревожеше	тревожеше	тревожехме	тревожехте	тревожеха	тревожи	тревожете	тревожеики	тревожил	тревожила	тревожило	тревожили	тревожел	тревожела	тревожело	тревожели	тревожещ	тревожеща	тревожещо	тревожещи	тревожен	тревожена	тревожено	тревожени	тревожене	тревоженета
треперя	треперя	трепериш	трепери	треперим	треперите	треперят	треперих	трепери	трепери	треперихме	треперихте	трепериха	треперех	трепереше	трепереше	треперехме	треперехте	трепереха	трепери	треперете	трепереики	треперил	треперила	треперило	треперили	треперел	треперела	треперело	треперели	треперещ	трепереща	треперещо	треперещи	-	-	-	-	треперене	треперенета
трепкам	-	-	-	-	-	-	трепках	трепка	трепка	трепкахме	трепкахте	трепкаха	трепках	трепкаше	трепкаше	трепкахме	трепкахте	трепкаха	трепкаи	трепкаите	трепкаики	трепкал	трепкала	трепкало	трепкали	трепкал	трепкала	трепкало	трепкали	трепкащ	трепкаща	трепкащо	трепкащи	трепкан	трепкана	трепкано	трепкани	трепкане	трепканета
трептя	трептя	трептиш	трепти	трептим	трептите	трептят	трептях	трептя	трептя	трептяхме	трептяхте	трептяха	трептях	трептеше	трептеше	трептяхме	трептяхте	трептяха	трепти	трептете	трептеики	трептял	трептяла	трептяло	трептели	трептял	трептяла	трептяло	трептели	трептящ	трептяща	трептящо	трептящи	-	-	-	-	трептене	трептенета
треса	треса	тресеш	тресе	тресем	тресете	тресат	тресох	тресе	тресе	тресохме	тресохте	тресоха	тресях	тресеше	тресеше	тресяхме	тресяхте	тресяха	треси	тресете	тресейки	тресъл	тресла	тресло	тресли	тресял	тресяла	тресяло	тресели	тресящ	тресяща	тресящо	тресящи	тресен	тресена	тресено	тресени	тресене	тресения-нета
трещя	трещя	трещиш	трещи	трещим	трещите	трещят	трещях	трещя	трещя	трещяхме	трещяхте	трещяха	трещях	трещеше	трещеше	трещяхме	трещяхте	трещяха	трещи	трещете	трещеики	трещял	трещяла	трещяло	трещели	трещял	трещяла	трещяло	трещели	трещящ	трещяща	трещящо	трещящи	-	-	-	-	трещене	трещенета
тричам	-	-	-	-	-	-	тричах	трича	трича	тричахме	тричахте	тричаха	тричах	тричаше	тричаше	тричахме	тричахте	тричаха	тричаи	тричаите	тричаики	тричал	тричала	тричало	тричали	тричал	тричала	тричало	тричали	тричащ	тричаща	тричащо	тричащи	тричан	тричана	тричано	тричани	тричане	тричанета
трия	трия	триеш	трие	трием	триете	трият	трих	три	три	трихме	трихте	триха	триех	триеше	триеше	триехме	триехте	триеха	трии	триите	триеики	трил	трила	трило	трили	триел	триела	триело	триели	триещ	триеща	триещо	триещи	трит	трита	трито	трити	триене	триенета
тровя	тровя	тровиш	трови	тровим	тровите	тровят	трових	трови	трови	тровихме	тровихте	тровиха	тровех	тровеше	тровеше	тровехме	тровехте	тровеха	трови	тровете	тровеики	тровил	тровила	тровило	тровили	тровел	тровела	тровело	тровели	тровещ	тровеща	тровещо	тровещи	тровен	тровена	тровено	тровени	тровене	тровенета
трогвам	-	-	-	-	-	-	трогвах	трогва	трогва	трогвахме	трогвахте	трогваха	трогвах	трогваше	трогваше	трогвахме	трогвахте	трогваха	трогваи	трогваите	трогваики	трогвал	трогвала	трогвало	трогвали	трогвал	трогвала	трогвало	трогвали	трогващ	трогваща	трогващо	трогващи	трогван	трогвана	трогвано	трогвани	трогване	трогванета
трогна	трогна	трогнеш	трогне	трогнем	трогнете	трогнат	трогнах	трогна	трогна	трогнахме	трогнахте	трогнаха	трогнех	трогнеше	трогнеше	трогнехме	трогнехте	трогнеха	трогни	трогнете	-	трогнал	трогнала	трогнало	трогнали	трогнел	трогнела	трогнело	трогнели	-	-	-	-	трогнат	трогната	трогнато	трогнати	-	-
тропам	-	-	-	-	-	-	тропах	тропа	тропа	тропахме	тропахте	тропаха	тропах	тропаше	тропаше	тропахме	тропахте	тропаха	тропаи	тропаите	тропаики	тропал	тропала	тропало	тропали	тропал	тропала	тропало	тропали	тропащ	тропаща	тропащо	тропащи	тропан	тропана	тропано	тропани	тропане	тропанета
тросвам	-	-	-	-	-	-	тросвах	тросва	тросва	тросвахме	тросвахте	тросваха	тросвах	тросваше	тросваше	тросвахме	тросвахте	тросваха	тросваи	тросваите	тросваики	тросвал	тросвала	тросвало	тросвали	тросвал	тросвала	тросвало	тросвали	тросващ	тросваща	тросващо	тросващи	тросван	тросвана	тросвано	тросвани	тросване	тросванета
тросна	тросна	троснеш	тросне	троснем	троснете	троснат	троснах	тросна	тросна	троснахме	троснахте	троснаха	троснех	троснеше	троснеше	троснехме	троснехте	троснеха	тросни	троснете	-	троснал	троснала	троснало	троснали	троснел	троснела	троснело	троснели	-	-	-	-	троснат	тросната	троснато	троснати	-	-
троша	троша	трошиш	троши	трошим	трошите	трошат	троших	троши	троши	трошихме	трошихте	трошиха	трошах	трошеше	трошеше	трошахме	трошахте	трошаха	троши	трошете	трошеики	трошил	трошила	трошило	трошили	трошал	трошала	трошало	трошали	трошащ	трошаща	трошащо	трошащи	трошен	трошена	трошено	трошени	трошене	трошенета
трупам	-	-	-	-	-	-	трупах	трупа	трупа	трупахме	трупахте	трупаха	трупах	трупаше	трупаше	трупахме	трупахте	трупаха	трупаи	трупаите	трупаики	трупал	трупала	трупало	трупали	трупал	трупала	трупало	трупали	трупащ	трупаща	трупащо	трупащи	трупан	трупана	трупано	трупани	трупане	трупанета
труя	труя	труеш	труе	труем	труете	труят	трух	тру	тру	трухме	трухте	труха	труех	труеше	труеше	труехме	труехте	труеха	труи	труите	труеики	трул	трула	труло	трули	труел	труела	труело	труели	труещ	труеща	труещо	труещи	трут	трута	труто	трути	труене	труенета
тръбя	тръбя	тръбиш	тръби	тръбим	тръбите	тръбят	тръбих	тръби	тръби	тръбихме	тръбихте	тръбиха	тръбях	тръбеше	тръбеше	тръбяхме	тръбяхте	тръбяха	тръби	тръбете	тръбеики	тръбил	тръбила	тръбило	тръбили	тръбял	тръбяла	тръбяло	тръбели	тръбящ	тръбяща	тръбящо	тръбящи	-	-	-	-	тръбене	тръбенета
тръгвам	-	-	-	-	-	-	тръгвах	тръгва	тръгва	тръгвахме	тръгвахте	тръгваха	тръгвах	тръгваше	тръгваше	тръгвахме	тръгвахте	тръгваха	тръгвай	тръгвайте	тръгвайки	тръгвал	тръгвала	тръгвало	тръгвали	тръгвал	тръгвала	тръгвало	тръгвали	тръгващ	тръгваща	тръгващо	тръгващи	-	-	-	-	тръгване	тръгвания-нета
тръгна	тръгна	тръгнеш	тръгне	тръгнем	тръгнете	тръгнат	тръгнах	тръгна	тръгна	тръгнахме	тръгнахте	тръгнаха	тръгнех	тръгнеше	тръгнеше	тръгнехме	тръгнехте	тръгнеха	тръгни	тръгнете	-	тръгнал	тръгнала	тръгнало	тръгнали	тръгнел	тръгнела	тръгнело	тръгнели	-	-	-	-	-	-	-	-	-	-
тръпна	тръпна	тръпнеш	тръпне	тръпнем	тръпнете	тръпнат	тръпнах	тръпна	тръпна	тръпнахме	тръпнахте	тръпнаха	тръпнех	тръпнеше	тръпнеше	тръпнехме	тръпнехте	тръпнеха	тръпни	тръпнете	тръпнеики	тръпнал	тръпнала	тръпнало	тръпнали	тръпнел	тръпнела	тръпнело	тръпнели	тръпнещ	тръпнеща	тръпнещо	тръпнещи	-	-	-	-	тръпнене	тръпненета
тръскам	-	-	-	-	-	-	тръсках	тръска	тръска	тръскахме	тръскахте	тръскаха	тръсках	тръскаше	тръскаше	тръскахме	тръскахте	тръскаха	тръскаи	тръскаите	тръскаики	тръскал	тръскала	тръскало	тръскали	тръскал	тръскала	тръскало	тръскали	тръскащ	тръскаща	тръскащо	тръскащи	тръскан	тръскана	тръскано	тръскани	тръскане	тръсканета
трябвам	-	-	-	-	-	-	трябвах	трябва	трябва	трябвахме	трябвахте	трябваха	трябвах	трябваше	трябваше	трябвахме	трябвахте	трябваха	трябваи	трябваите	трябваики	трябвал	трябвала	трябвало	трябвали	трябвал	трябвала	трябвало	трябвали	трябващ	трябваща	трябващо	трябващи	-	-	-	-	трябване	трябванета
тряскам	-	-	-	-	-	-	трясках	тряска	тряска	тряскахме	тряскахте	тряскаха	трясках	тряскаше	тряскаше	тряскахме	тряскахте	тряскаха	тряскаи	тряскаите	тряскаики	тряскал	тряскала	тряскало	тряскали	тряскал	тряскала	тряскало	тряскали	тряскащ	тряскаща	тряскащо	тряскащи	тряскан	тряскана	тряскано	тряскани	тряскане	трясканета
туля	туля	тулиш	тули	тулим	тулите	тулят	тулих	тули	тули	тулихме	тулихте	тулиха	тулех	тулеше	тулеше	тулехме	тулехте	тулеха	тули	тулете	тулеики	тулил	тулила	тулило	тулили	тулел	тулела	тулело	тулели	тулещ	тулеща	тулещо	тулещи	тулен	тулена	тулено	тулени	тулене	туленета
тупам	-	-	-	-	-	-	тупах	тупа	тупа	тупахме	тупахте	тупаха	тупах	тупаше	тупаше	тупахме	тупахте	тупаха	тупаи	тупаите	тупаики	тупал	тупала	тупало	тупали	тупал	тупала	тупало	тупали	тупащ	тупаща	тупащо	тупащи	тупан	тупана	тупано	тупани	тупане	тупанета
тупкам	-	-	-	-	-	-	тупках	тупка	тупка	тупкахме	тупкахте	тупкаха	тупках	тупкаше	тупкаше	тупкахме	тупкахте	тупкаха	тупкаи	тупкаите	тупкаики	тупкал	тупкала	тупкало	тупкали	тупкал	тупкала	тупкало	тупкали	тупкащ	тупкаща	тупкащо	тупкащи	тупкан	тупкана	тупкано	тупкани	тупкане	тупканета
туптя	туптя	туптиш	тупти	туптим	туптите	туптят	туптях	туптя	туптя	туптяхме	туптяхте	туптяха	туптях	туптеше	туптеше	туптяхме	туптяхте	туптяха	тупти	туптете	туптеики	туптял	туптяла	туптяло	туптели	туптял	туптяла	туптяло	туптели	туптящ	туптяща	туптящо	туптящи	-	-	-	-	туптене	туптенета
турча	турча	турчиш	турчи	турчим	турчите	турчат	турчих	турчи	турчи	турчихме	турчихте	турчиха	турчех	турчеше	турчеше	турчехме	турчехте	турчеха	турчи	турчете	турчеики	турчил	турчила	турчило	турчили	турчел	турчела	турчело	турчели	турчещ	турчеща	турчещо	турчещи	турчен	турчена	турчено	турчени	турчене	турченета
туря	туря	туриш	тури	турим	турите	турят	турих	тури	тури	турихме	турихте	туриха	турех	туреше	туреше	турехме	турехте	туреха	тури	турете	туреики	турил	турила	турило	турили	турел	турела	турело	турели	турещ	туреща	турещо	турещи	турен	турена	турено	турени	турене	туренета
туша	туша	тушиш	туши	тушим	тушите	тушат	туших	туши	туши	тушихме	тушихте	тушиха	тушах	тушеше	тушеше	тушахме	тушахте	тушаха	туши	тушете	тушеики	тушил	тушила	тушило	тушили	тушал	тушала	тушало	тушали	тушащ	тушаща	тушащо	тушащи	тушен	тушена	тушено	тушени	тушене	тушенета
тъжа	тъжа	тъжиш	тъжи	тъжим	тъжите	тъжат	тъжих	тъжи	тъжи	тъжихме	тъжихте	тъжиха	тъжах	тъжеше	тъжеше	тъжахме	тъжахте	тъжаха	тъжи	тъжете	тъжеики	тъжил	тъжила	тъжило	тъжили	тъжал	тъжала	тъжало	тъжали	тъжащ	тъжаща	тъжащо	тъжащи	-	-	-	-	тъжене	тъженета
тъка	тъка	тъчеш	тъче	тъчем	тъчете	тъкат	тъках	тъка	тъка	тъкахме	тъкахте	тъкаха	тъчах	тъчеше	тъчеше	тъчахме	тъчахте	тъчаха	тъчи	тъчете	тъчеики	тъкал	тъкала	тъкало	тъкали	тъчал	тъчала	тъчало	тъчали	тъчащ	тъчаща	тъчащо	тъчащи	тъкан	тъкана	тъкано	тъкани	тъкане	тъканета
тъкмя	тъкмя	тъкмиш	тъкми	тъкмим	тъкмите	тъкмят	тъкмих	тъкми	тъкми	тъкмихме	тъкмихте	тъкмиха	тъкмях	тъкмеше	тъкмеше	тъкмяхме	тъкмяхте	тъкмяха	тъкми	тъкмете	тъкмеики	тъкмил	тъкмила	тъкмило	тъкмили	тъкмял	тъкмяла	тъкмяло	тъкмели	тъкмящ	тъкмяща	тъкмящо	тъкмящи	тъкмен	тъкмена	тъкмено	тъкмени	тъкмене	тъкменета
тълкувам	-	-	-	-	-	-	тълкувах	тълкува	тълкува	тълкувахме	тълкувахте	тълкуваха	тълкувах	тълкуваше	тълкуваше	тълкувахме	тълкувахте	тълкуваха	тълкуваи	тълкуваите	тълкуваики	тълкувал	тълкувала	тълкувало	тълкували	тълкувал	тълкувала	тълкувало	тълкували	тълкуващ	тълкуваща	тълкуващо	тълкуващи	тълкуван	тълкувана	тълкувано	тълкувани	тълкуване	тълкуванета
тълча	тълча	тълчеш	тълче	тълчем	тълчете	тълчат	тълках	тълка	тълка	тълкахме	тълкахте	тълкаха	тълчех	тълчеше	тълчеше	тълчехме	тълчехте	тълчеха	тълчи	тълчете	тълчеики	тълкал	тълкала	тълкало	тълкали	тълчел	тълчела	тълчело	тълчели	тълчещ	тълчеща	тълчещо	тълчещи	тълкан	тълкана	тълкано	тълкани	тълкане	тълканета
тъна	тъна	тънеш	тъне	тънем	тънете	тънат	тънах	тъна	тъна	тънахме	тънахте	тънаха	тънех	тънеше	тънеше	тънехме	тънехте	тънеха	тъни	тънете	тънеики	тънал	тънала	тънало	тънали	тънел	тънела	тънело	тънели	тънещ	тънеща	тънещо	тънещи	-	-	-	-	тънене	тъненета
тънтя	тънтя	тънтиш	тънти	тънтим	тънтите	тънтят	тънтях	тънтя	тънтя	тънтяхме	тънтяхте	тънтяха	тънтях	тънтеше	тънтеше	тънтяхме	тънтяхте	тънтяха	тънти	тънтете	тънтеики	тънтял	тънтяла	тънтяло	тънтели	тънтял	тънтяла	тънтяло	тънтели	тънтящ	тънтяща	тънтящо	тънтящи	-	-	-	-	тънтене	тънтенета
тъпча	тъпча	тъпчеш	тъпче	тъпчем	тъпчете	тъпчат	тъпках	тъпка	тъпка	тъпкахме	тъпкахте	тъпкаха	тъпчех	тъпчеше	тъпчеше	тъпчехме	тъпчехте	тъпчеха	тъпчи	тъпчете	тъпчеики	тъпкал	тъпкала	тъпкало	тъпкали	тъпчел	тъпчела	тъпчело	тъпчели	тъпчещ	тъпчеща	тъпчещо	тъпчещи	тъпкан	тъпкана	тъпкано	тъпкани	тъпкане	тъпканета
търгувам	-	-	-	-	-	-	търгувах	търгува	търгува	търгувахме	търгувахте	търгуваха	търгувах	търгуваше	търгуваше	търгувахме	търгувахте	търгуваха	търгуваи	търгуваите	търгуваики	търгувал	търгувала	търгувало	търгували	търгувал	търгувала	търгувало	търгували	търгуващ	търгуваща	търгуващо	търгуващи	търгуван	търгувана	търгувано	търгувани	търгуване	търгуванета
търкалям	-	-	-	-	-	-	търкалях	търкаля	търкаля	търкаляхме	търкаляхте	търкаляха	търкалях	търкаляше	търкаляше	търкаляхме	търкаляхте	търкаляха	търкаляи	търкаляите	търкаляики	търкалял	търкаляла	търкаляло	търкаляли	търкалял	търкаляла	търкаляло	търкаляли	търкалящ	търкаляща	търкалящо	търкалящи	търкалян	търкаляна	търкаляно	търкаляни	търкаляне	търкалянета
търкам	-	-	-	-	-	-	търках	търка	търка	търкахме	търкахте	търкаха	търках	търкаше	търкаше	търкахме	търкахте	търкаха	търкаи	търкаите	търкаики	търкал	търкала	търкало	търкали	търкал	търкала	търкало	търкали	търкащ	търкаща	търкащо	търкащи	търкан	търкана	търкано	търкани	търкане	търканета
търпя	търпя	търпиш	търпи	търпим	търпите	търпят	търпях	търпя	търпя	търпяхме	търпяхте	търпяха	търпях	търпеше	търпеше	търпяхме	търпяхте	търпяха	търпи	търпете	търпеики	търпял	търпяла	търпяло	търпели	търпял	търпяла	търпяло	търпели	търпящ	търпяща	търпящо	търпящи	търпян	търпяна	търпяно	търпени	търпене	търпенета
търся	търся	търсиш	търси	търсим	търсите	търсят	търсих	търси	търси	търсихме	търсихте	търсиха	търсех	търсеше	търсеше	търсехме	търсехте	търсеха	търси	търсете	търсейки	търсил	търсила	търсило	търсили	търсел	търсела	търсело	търсели	търсещ	търсеща	търсещо	търсещи	търсен	търсена	търсено	търсени	търсене	търсения-нета
търча	търча	търчиш	търчи	търчим	търчите	търчат	търчах	търча	търча	търчахме	търчахте	търчаха	търчах	търчеше	търчеше	търчахме	търчахте	търчаха	търчи	търчете	търчеики	търчал	търчала	търчало	търчали	търчал	търчала	търчало	търчали	търчащ	търчаща	търчащо	търчащи	-	-	-	-	търчане	търчанета
тътна	тътна	тътнеш	тътне	тътнем	тътнете	тътнат	тътнах	тътна	тътна	тътнахме	тътнахте	тътнаха	тътнех	тътнеше	тътнеше	тътнехме	тътнехте	тътнеха	тътни	тътнете	тътнеики	тътнал	тътнала	тътнало	тътнали	тътнел	тътнела	тътнело	тътнели	тътнещ	тътнеща	тътнещо	тътнещи	-	-	-	-	тътнене	тътненета
тътря	тътря	тътриш	тътри	тътрим	тътрите	тътрят	тътрих	тътри	тътри	тътрихме	тътрихте	тътриха	тътрех	тътреше	тътреше	тътрехме	тътрехте	тътреха	тътри	тътрете	тътреики	тътрил	тътрила	тътрило	тътрили	тътрел	тътрела	тътрело	тътрели	тътрещ	тътреща	тътрещо	тътрещи	тътрен	тътрена	тътрено	тътрени	тътрене	тътренета
убедя	убедя	убедиш	убеди	убедим	убедите	убедят	убедих	убеди	убеди	убедихме	убедихте	убедиха	убедях	убедеше	убедеше	убедяхме	убедяхте	убедяха	убеди	убедете	-	убедил	убедила	убедило	убедили	убедял	убедяла	убедяло	убедели	-	-	-	-	убеден	убедена	убедено	убедени	-	-
убеждавам	-	-	-	-	-	-	убеждавах	убеждава	убеждава	убеждавахме	убеждавахте	убеждаваха	убеждавах	убеждаваше	убеждаваше	убеждавахме	убеждавахте	убеждаваха	убеждавай	убеждавайте	убеждавайки	убеждавал	убеждавала	убеждавало	убеждавали	убеждавал	убеждавала	убеждавало	убеждавали	убеждаващ	убеждаваща	убеждаващо	убеждаващи	убеждаван	убеждавана	убеждавано	убеждавани	убеждаване	убеждавания-нета
убивам	-	-	-	-	-	-	убивах	убива	убива	убивахме	убивахте	убиваха	убивах	убиваше	убиваше	убивахме	убивахте	убиваха	убивай	убивайте	убивайки	убивал	убивала	убивало	убивали	убивал	убивала	убивало	убивали	убиващ	убиваща	убиващо	убиващи	убиван	убивана	убивано	убивани	убиване	убивания-нета
убия	убия	убиеш	убие	убием	убиете	убият	убих	уби	уби	убихме	убихте	убиха	убиех	убиеше	убиеше	убиехме	убиехте	убиеха	убий	убийте	-	убил	убила	убило	убили	убиел	убиела	убиело	убиели	-	-	-	-	убит	убита	убито	убити	-	-
уведомя	уведомя	уведомиш	уведоми	уведомим	уведомите	уведомят	уведомих	уведоми	уведоми	уведомихме	уведомихте	уведомиха	уведомях	уведомеше	уведомеше	уведомяхме	уведомяхте	уведомяха	уведоми	уведомете	-	уведомил	уведомила	уведомило	уведомили	уведомял	уведомяла	уведомяло	уведомели	-	-	-	-	уведомен	уведомена	уведомено	уведомени	-	-
увелича	увелича	увеличиш	увеличи	увеличим	увеличите	увеличат	увеличих	увеличи	увеличи	увеличихме	увеличихте	увеличиха	увеличах	увеличеше	увеличеше	увеличахме	увеличахте	увеличаха	увеличи	увеличете	-	увеличил	увеличила	увеличило	увеличили	увеличал	увеличала	увеличало	увеличали	-	-	-	-	увеличен	увеличена	увеличено	увеличени	-	-
увеличавам	-	-	-	-	-	-	увеличавах	увеличава	увеличава	увеличавахме	увеличавахте	увеличаваха	увеличавах	увеличаваше	увеличаваше	увеличавахме	увеличавахте	увеличаваха	увеличаваи	увеличаваите	увеличаваики	увеличавал	увеличавала	увеличавало	увеличавали	увеличавал	увеличавала	увеличавало	увеличавали	увеличаващ	увеличаваща	увеличаващо	увеличаващи	увеличаван	увеличавана	увеличавано	увеличавани	увеличаване	увеличаванета
увехна	увехна	увехнеш	увехне	увехнем	увехнете	увехнат	увехнах	увехна	увехна	увехнахме	увехнахте	увехнаха	увехнех	увехнеше	увехнеше	увехнехме	увехнехте	увехнеха	увехни	увехнете	-	увехнал	увехнала	увехнало	увехнали	увехнел	увехнела	увехнело	увехнели	-	-	-	-	-	-	-	-	-	-
уволня	уволня	уволниш	уволни	уволним	уволните	уволнят	уволних	уволни	уволни	уволнихме	уволнихте	уволниха	уволнях	уволнеше	уволнеше	уволняхме	уволняхте	уволняха	уволни	уволнете	-	уволнил	уволнила	уволнило	уволнили	уволнял	уволняла	уволняло	уволнели	-	-	-	-	уволнен	уволнена	уволнено	уволнени	-	-
уволнявам	-	-	-	-	-	-	уволнявах	уволнява	уволнява	уволнявахме	уволнявахте	уволняваха	уволнявах	уволняваше	уволняваше	уволнявахме	уволнявахте	уволняваха	уволнявай	уволнявайте	уволнявайки	уволнявал	уволнявала	уволнявало	уволнявали	уволнявал	уволнявала	уволнявало	уволнявали	уволняващ	уволняваща	уволняващо	уволняващи	уволняван	уволнявана	уволнявано	уволнявани	уволняване	уволнявания-нета
угася	угася	угасиш	угаси	угасим	угасите	угасят	угасих	угаси	угаси	угасихме	угасихте	угасиха	угасях	угасеше	угасеше	угасяхме	угасяхте	угасяха	угаси	угасете	-	угасил	угасила	угасило	угасили	угасял	угасяла	угасяло	угасели	-	-	-	-	угасен	угасена	угасено	угасени	-	-
удавя	удавя	удавиш	удави	удавим	удавите	удавят	удавих	удави	удави	удавихме	удавихте	удавиха	удавех	удавеше	удавеше	удавехме	удавехте	удавеха	удави	удавете	-	удавил	удавила	удавило	удавили	удавел	удавела	удавело	удавели	-	-	-	-	удавен	удавена	удавено	удавени	-	-
ударя	ударя	удариш	удари	ударим	ударите	ударят	ударих	удари	удари	ударихме	ударихте	удариха	ударех	удареше	удареше	ударехме	ударехте	удареха	удари	ударете	-	ударил	ударила	ударило	ударили	ударел	ударела	ударело	ударели	-	-	-	-	ударен	ударена	ударено	ударени	-	-
удовлетворя	удовлетворя	удовлетвориш	удовлетвори	удовлетворим	удовлетворите	удовлетворят	удовлетворих	удовлетвори	удовлетвори	удовлетворихме	удовлетворихте	удовлетвориха	удовлетворях	удовлетвореше	удовлетвореше	удовлетворяхме	удовлетворяхте	удовлетворяха	удовлетвори	удовлетворете	-	удовлетворил	удовлетворила	удовлетворило	удовлетворили	удовлетворял	удовлетворяла	удовлетворяло	удовлетворели	-	-	-	-	удовлетворен	удовлетворена	удовлетворено	удовлетворени	-	-
удовлетворявам	-	-	-	-	-	-	удовлетворявах	удовлетворява	удовлетворява	удовлетворявахме	удовлетворявахте	удовлетворяваха	удовлетворявах	удовлетворяваше	удовлетворяваше	удовлетворявахме	удовлетворявахте	удовлетворяваха	удовлетворявай	удовлетворявайте	удовлетворявайки	удовлетворявал	удовлетворявала	удовлетворявало	удовлетворявали	удовлетворявал	удовлетворявала	удовлетворявало	удовлетворявали	удовлетворяващ	удовлетворяваща	удовлетворяващо	удовлетворяващи	удовлетворяван	удовлетворявана	удовлетворявано	удовлетворявани	удовлетворяване	удовлетворявания-нета
удрям	-	-	-	-	-	-	удрях	удря	удря	удряхме	удряхте	удряха	удрях	удряше	удряше	удряхме	удряхте	удряха	удряи	удряите	удряики	удрял	удряла	удряло	удряли	удрял	удряла	удряло	удряли	удрящ	удряща	удрящо	удрящи	удрян	удряна	удряно	удряни	удряне	удрянета
ужася	ужася	ужасиш	ужаси	ужасим	ужасите	ужасят	ужасих	ужаси	ужаси	ужасихме	ужасихте	ужасиха	ужасях	ужасеше	ужасеше	ужасяхме	ужасяхте	ужасяха	ужаси	ужасете	-	ужасил	ужасила	ужасило	ужасили	ужасял	ужасяла	ужасяло	ужасели	-	-	-	-	ужасен	ужасена	ужасено	ужасени	-	-
ужасявам	-	-	-	-	-	-	ужасявах	ужасява	ужасява	ужасявахме	ужасявахте	ужасяваха	ужасявах	ужасяваше	ужасяваше	ужасявахме	ужасявахте	ужасяваха	ужасяваи	ужасяваите	ужасяваики	ужасявал	ужасявала	ужасявало	ужасявали	ужасявал	ужасявала	ужасявало	ужасявали	ужасяващ	ужасяваща	ужасяващо	ужасяващи	ужасяван	ужасявана	ужасявано	ужасявани	ужасяване	ужасяванета
узаконя	узаконя	узакониш	узакони	узаконим	узаконите	узаконят	узаконих	узакони	узакони	узаконихме	узаконихте	узакониха	узаконях	узаконеше	узаконеше	узаконяхме	узаконяхте	узаконяха	узакони	узаконете	-	узаконил	узаконила	узаконило	узаконили	узаконял	узаконяла	узаконяло	узаконели	-	-	-	-	узаконен	узаконена	узаконено	узаконени	-	-
узаконявам	-	-	-	-	-	-	узаконявах	узаконява	узаконява	узаконявахме	узаконявахте	узаконяваха	узаконявах	узаконяваше	узаконяваше	узаконявахме	узаконявахте	узаконяваха	узаконявай	узаконявайте	узаконявайки	узаконявал	узаконявала	узаконявало	узаконявали	узаконявал	узаконявала	узаконявало	узаконявали	узаконяващ	узаконяваща	узаконяващо	узаконяващи	узаконяван	узаконявана	узаконявано	узаконявани	узаконяване	узаконявания-нета
укрепвам	-	-	-	-	-	-	укрепвах	укрепва	укрепва	укрепвахме	укрепвахте	укрепваха	укрепвах	укрепваше	укрепваше	укрепвахме	укрепвахте	укрепваха	укрепваи	укрепваите	укрепваики	укрепвал	укрепвала	укрепвало	укрепвали	укрепвал	укрепвала	укрепвало	укрепвали	укрепващ	укрепваща	укрепващо	укрепващи	укрепван	укрепвана	укрепвано	укрепвани	укрепване	укрепванета
укрепя	укрепя	укрепиш	укрепи	укрепим	укрепите	укрепят	укрепих	укрепи	укрепи	укрепихме	укрепихте	укрепиха	укрепях	укрепеше	укрепеше	укрепяхме	укрепяхте	укрепяха	укрепи	укрепете	-	укрепил	укрепила	укрепило	укрепили	укрепял	укрепяла	укрепяло	укрепели	-	-	-	-	укрепен	укрепена	укрепено	укрепени	-	-
укротя	укротя	укротиш	укроти	укротим	укротите	укротят	укротих	укроти	укроти	укротихме	укротихте	укротиха	укротях	укротеше	укротеше	укротяхме	укротяхте	укротяха	укроти	укротете	-	укротил	укротила	укротило	укротили	укротял	укротяла	укротяло	укротели	-	-	-	-	укротен	укротена	укротено	укротени	-	-
улича	улича	уличиш	уличи	уличим	уличите	уличат	уличих	уличи	уличи	уличихме	уличихте	уличиха	уличах	уличеше	уличеше	уличахме	уличахте	уличаха	уличи	уличете	-	уличил	уличила	уличило	уличили	уличал	уличала	уличало	уличали	-	-	-	-	-	-	-	-	-	-
умея	умея	умееш	умее	умеем	умеете	умеят	умях	умя	умя	умяхме	умяхте	умяха	умеех	умееше	умееше	умеехме	умеехте	умееха	умеи	умеите	умееики	умял	умяла	умяло	умели	умеел	умеела	умеело	умеели	умеещ	умееща	умеещо	умеещи	-	-	-	-	умеене	умеенета
умирам	-	-	-	-	-	-	умирах	умира	умира	умирахме	умирахте	умираха	умирах	умираше	умираше	умирахме	умирахте	умираха	умирай	умирайте	умирайки	умирал	умирала	умирало	умирали	умирал	умирала	умирало	умирали	умиращ	умираща	умиращо	умиращи	-	-	-	-	умиране	умирания-нета
умия	умия	умиеш	умие	умием	умиете	умият	умих	уми	уми	умихме	умихте	умиха	умиех	умиеше	умиеше	умиехме	умиехте	умиеха	умии	умиите	-	умил	умила	умило	умили	умиел	умиела	умиело	умиели	-	-	-	-	умит	умита	умито	умити	-	-
уморя	уморя	умориш	умори	уморим	уморите	уморят	уморих	умори	умори	уморихме	уморихте	умориха	уморях	умореше	умореше	уморяхме	уморяхте	уморяха	умори	уморете	-	уморил	уморила	уморило	уморили	уморял	уморяла	уморяло	уморели	-	-	-	-	уморен	уморена	уморено	уморени	-	-
умра	умра	умреш	умре	умрем	умрете	умрат	умрях	умря	умря	умряхме	умряхте	умряха	умрях	умреше	умреше	умряхме	умряхте	умряха	умри	умрете	-	умрял	умряла	умряло	умрели	умрял	умряла	умряло	умрели	-	-	-	-	-	-	-	-	-	-
унасям	-	-	-	-	-	-	унасях	унася	унася	унасяхме	унасяхте	унасяха	унасях	унасяше	унасяше	унасяхме	унасяхте	унасяха	унасяй	унасяйте	унасяйки	унасял	унасяла	унасяло	унасяли	унасял	унасяла	унасяло	унасяли	унасящ	унасяща	унасящо	унасящи	унасян	унасяна	унасяно	унасяни	унасяне	унасяния-нета
унеса	унеса	унесеш	унесе	унесем	унесете	унесат	унесох	унесе	унесе	унесохме	унесохте	унесоха	унесях	унесеше	унесеше	унесяхме	унесяхте	унесяха	унеси	унесете	-	унесъл	унесла	унесло	унесли	унесял	унесяла	унесяло	унесели	-	-	-	-	унесен	унесена	унесено	унесени	-	-
унивам	-	-	-	-	-	-	унивах	унива	унива	унивахме	унивахте	униваха	унивах	униваше	униваше	унивахме	унивахте	униваха	униваи	униваите	униваики	унивал	унивала	унивало	унивали	унивал	унивала	унивало	унивали	униващ	униваща	униващо	униващи	-	-	-	-	униване	униванета
унищожа	унищожа	унищожиш	унищожи	унищожим	унищожите	унищожат	унищожих	унищожи	унищожи	унищожихме	унищожихте	унищожиха	унищожах	унищожеше	унищожеше	унищожахме	унищожахте	унищожаха	унищожи	унищожете	-	унищожил	унищожила	унищожило	унищожили	унищожал	унищожала	унищожало	унищожели	-	-	-	-	унищожен	унищожена	унищожено	унищожени	-	-
унищожавам	-	-	-	-	-	-	унищожавах	унищожава	унищожава	унищожавахме	унищожавахте	унищожаваха	унищожавах	унищожаваше	унищожаваше	унищожавахме	унищожавахте	унищожаваха	унищожавай	унищожавайте	унищожавайки	унищожавал	унищожавала	унищожавало	унищожавали	унищожавал	унищожавала	унищожавало	унищожавали	унищожаващ	унищожаваща	унищожаващо	унищожаващи	унищожаван	унищожавана	унищожавано	унищожавани	унищожаване	унищожавания-нета
упадам	-	-	-	-	-	-	упадах	упада	упада	упадахме	упадахте	упадаха	упадах	упадаше	упадаше	упадахме	упадахте	упадаха	упадаи	упадаите	упадаики	упадал	упадала	упадало	упадали	упадал	упадала	упадало	упадали	упадащ	упадаща	упадащо	упадащи	-	-	-	-	упадане	упаданета
уплаша	уплаша	уплашиш	уплаши	уплашим	уплашите	уплашат	уплаших	уплаши	уплаши	уплашихме	уплашихте	уплашиха	уплашех	уплашеше	уплашеше	уплашехме	уплашехте	уплашеха	уплаши	уплашете	-	уплашил	уплашила	уплашило	уплашили	уплашел	уплашела	уплашело	уплашели	-	-	-	-	уплашен	уплашена	уплашено	уплашени	-	-
уплашвам	-	-	-	-	-	-	уплашвах	уплашва	уплашва	уплашвахме	уплашвахте	уплашваха	уплашвах	уплашваше	уплашваше	уплашвахме	уплашвахте	уплашваха	уплашвай	уплашвайте	уплашвайки	уплашвал	уплашвала	уплашвало	уплашвали	уплашвал	уплашвала	уплашвало	уплашвали	уплашващ	уплашваща	уплашващо	уплашващи	уплашван	уплашвана	уплашвано	уплашвани	уплашване	уплашвания-нета
упова	упова	уповеш	упове	уповем	уповете	уповат	уповах	упова	упова	уповахме	уповахте	уповаха	уповях	уповеше	уповеше	уповяхме	уповяхте	уповяха	упови	уповете	-	уповал	уповала	уповало	уповали	уповял	уповяла	уповяло	уповели	-	-	-	-	упован	упована	уповано	уповани	-	-
уповавам	-	-	-	-	-	-	уповавах	уповава	уповава	уповавахме	уповавахте	уповаваха	уповавах	уповаваше	уповаваше	уповавахме	уповавахте	уповаваха	уповаваи	уповаваите	уповаваики	уповавал	уповавала	уповавало	уповавали	уповавал	уповавала	уповавало	уповавали	уповаващ	уповаваща	уповаващо	уповаващи	уповаван	уповавана	уповавано	уповавани	уповаване	уповаванета
упражнявам	-	-	-	-	-	-	упражнявах	упражнява	упражнява	упражнявахме	упражнявахте	упражняваха	упражнявах	упражняваше	упражняваше	упражнявахме	упражнявахте	упражняваха	упражняваи	упражняваите	упражняваики	упражнявал	упражнявала	упражнявало	упражнявали	упражнявал	упражнявала	упражнявало	упражнявали	упражняващ	упражняваща	упражняващо	упражняващи	упражняван	упражнявана	упражнявано	упражнявани	упражняване	упражняванета
упреквам	-	-	-	-	-	-	упреквах	упреква	упреква	упреквахме	упреквахте	упрекваха	упреквах	упрекваше	упрекваше	упреквахме	упреквахте	упрекваха	упреквай	упреквайте	упреквайки	упреквал	упреквала	упреквало	упреквали	упреквал	упреквала	упреквало	упреквали	упрекващ	упрекваща	упрекващо	упрекващи	упрекван	упреквана	упреквано	упреквани	упрекване	упреквания-нета
упрекна	упрекна	упрекнеш	упрекне	упрекнем	упрекнете	упрекнат	упрекнах	упрекна	упрекна	упрекнахме	упрекнахте	упрекнаха	упрекнех	упрекнеше	упрекнеше	упрекнехме	упрекнехте	упрекнеха	упрекни	упрекнете	-	упрекнал	упрекнала	упрекнало	упрекнали	упрекнел	упрекнела	упрекнело	упрекнели	-	-	-	-	упрекнат	упрекната	упрекнато	упрекнати	-	-
уринирам	-	-	-	-	-	-	уринирах	уринира	уринира	уринирахме	уринирахте	уринираха	уринирах	уринираше	уринираше	уринирахме	уринирахте	уринираха	уринираи	уринираите	уринираики	уринирал	уринирала	уринирало	уринирали	уринирал	уринирала	уринирало	уринирали	уриниращ	уринираща	уриниращо	уриниращи	-	-	-	-	уриниране	уриниранета
усетя	усетя	усетиш	усети	усетим	усетите	усетят	усетих	усети	усети	усетихме	усетихте	усетиха	усетех	усетеше	усетеше	усетехме	усетехте	усетеха	усети	усетете	-	усетил	усетила	усетило	усетили	усетел	усетела	усетело	усетели	-	-	-	-	усетен	усетена	усетено	усетени	-	-
усещам	-	-	-	-	-	-	усещах	усеща	усеща	усещахме	усещахте	усещаха	усещах	усещаше	усещаше	усещахме	усещахте	усещаха	усещаи	усещаите	усещаики	усещал	усещала	усещало	усещали	усещал	усещала	усещало	усещали	усещащ	усещаща	усещащо	усещащи	усещан	усещана	усещано	усещани	усещане	усещанета
усложня	усложня	усложниш	усложни	усложним	усложните	усложнят	усложних	усложни	усложни	усложнихме	усложнихте	усложниха	усложнях	усложнеше	усложнеше	усложняхме	усложняхте	усложняха	усложни	усложнете	-	усложнил	усложнила	усложнило	усложнили	усложнял	усложняла	усложняло	усложнели	-	-	-	-	усложнен	усложнена	усложнено	усложнени	-	-
усложнявам	-	-	-	-	-	-	усложнявах	усложнява	усложнява	усложнявахме	усложнявахте	усложняваха	усложнявах	усложняваше	усложняваше	усложнявахме	усложнявахте	усложняваха	усложняваи	усложняваите	усложняваики	усложнявал	усложнявала	усложнявало	усложнявали	усложнявал	усложнявала	усложнявало	усложнявали	усложняващ	усложняваща	усложняващо	усложняващи	усложняван	усложнявана	усложнявано	усложнявани	усложняване	усложняванета
успея	успея	успееш	успее	успеем	успеете	успеят	успях	успя	успя	успяхме	успяхте	успяха	успеех	успееше	успееше	успеехме	успеехте	успееха	успеи	успеите	успееики	успял	успяла	успяло	успели	успеел	успеела	успеело	успеели	успеещ	успееща	успеещо	успеещи	-	-	-	-	успеене	успеенета
успокоя	успокоя	успокоиш	успокои	успокоим	успокоите	успокоят	успокоих	успокои	успокои	успокоихме	успокоихте	успокоиха	успокоях	успокоеше	успокоеше	успокояхме	успокояхте	успокояха	успокои	успокоите	-	успокоил	успокоила	успокоило	успокоили	успокоял	успокояла	успокояло	успокоели	-	-	-	-	успокоен	успокоена	успокоено	успокоени	-	-
успокоявам	-	-	-	-	-	-	успокоявах	успокоява	успокоява	успокоявахме	успокоявахте	успокояваха	успокоявах	успокояваше	успокояваше	успокоявахме	успокоявахте	успокояваха	успокояваи	успокояваите	успокояваики	успокоявал	успокоявала	успокоявало	успокоявали	успокоявал	успокоявала	успокоявало	успокоявали	успокояващ	успокояваща	успокояващо	успокояващи	успокояван	успокоявана	успокоявано	успокоявани	успокояване	успокояванета
успявам	-	-	-	-	-	-	успявах	успява	успява	успявахме	успявахте	успяваха	успявах	успяваше	успяваше	успявахме	успявахте	успяваха	успяваи	успяваите	успяваики	успявал	успявала	успявало	успявали	успявал	успявала	успявало	успявали	успяващ	успяваща	успяващо	успяващи	-	-	-	-	успяване	успяванета
установя	установя	установиш	установи	установим	установите	установят	установих	установи	установи	установихме	установихте	установиха	установях	установеше	установеше	установяхме	установяхте	установяха	установи	установете	-	установил	установила	установило	установили	установял	установяла	установяло	установели	-	-	-	-	установен	установена	установено	установени	-	-
установявам	-	-	-	-	-	-	установявах	установява	установява	установявахме	установявахте	установяваха	установявах	установяваше	установяваше	установявахме	установявахте	установяваха	установяваи	установяваите	установяваики	установявал	установявала	установявало	установявали	установявал	установявала	установявало	установявали	установяващ	установяваща	установяващо	установяващи	установяван	установявана	установявано	установявани	установяване	установяванета
устоя	устоя	устоиш	устои	устоим	устоите	устоят	устоях	устоя	устоя	устояхме	устояхте	устояха	устоях	устоеше	устоеше	устояхме	устояхте	устояха	устои	устоите	-	устоял	устояла	устояло	устояли	устоял	устояла	устояло	устояли	-	-	-	-	-	-	-	-	-	-
устоявам	-	-	-	-	-	-	устоявах	устоява	устоява	устоявахме	устоявахте	устояваха	устоявах	устояваше	устояваше	устоявахме	устоявахте	устояваха	устояваи	устояваите	устояваики	устоявал	устоявала	устоявало	устоявали	устоявал	устоявала	устоявало	устоявали	устояващ	устояваща	устояващо	устояващи	-	-	-	-	устояване	устояванета
утам	-	-	-	-	-	-	утах	ута	ута	утахме	утахте	утаха	утах	уташе	уташе	утахме	утахте	утаха	утаи	утаите	утаики	утал	утала	утало	утали	утал	утала	утало	утали	утащ	утаща	утащо	утащи	-	-	-	-	утане	утанета
утвърдя	утвърдя	утвърдиш	утвърди	утвърдим	утвърдите	утвърдят	утвърдих	утвърди	утвърди	утвърдихме	утвърдихте	утвърдиха	утвърдях	утвърдеше	утвърдеше	утвърдяхме	утвърдяхте	утвърдяха	утвърди	утвърдете	-	утвърдил	утвърдила	утвърдило	утвърдили	утвърдял	утвърдяла	утвърдяло	утвърдели	-	-	-	-	утвърден	утвърдена	утвърдено	утвърдени	-	-
утвърждавам	-	-	-	-	-	-	утвърждавах	утвърждава	утвърждава	утвърждавахме	утвърждавахте	утвърждаваха	утвърждавах	утвърждаваше	утвърждаваше	утвърждавахме	утвърждавахте	утвърждаваха	утвърждаваи	утвърждаваите	утвърждаваики	утвърждавал	утвърждавала	утвърждавало	утвърждавали	утвърждавал	утвърждавала	утвърждавало	утвърждавали	утвърждаващ	утвърждаваща	утвърждаващо	утвърждаващи	утвърждаван	утвърждавана	утвърждавано	утвърждавани	утвърждаване	утвърждаванета
утоля	утоля	утолиш	утоли	утолим	утолите	утолят	утолих	утоли	утоли	утолихме	утолихте	утолиха	утолях	утолеше	утолеше	утоляхме	утоляхте	утоляха	утоли	утолете	-	утолил	утолила	утолило	утолили	утолял	утоляла	утоляло	утолели	-	-	-	-	утолен	утолена	утолено	утолени	-	-
утолявам	-	-	-	-	-	-	утолявах	утолява	утолява	утолявахме	утолявахте	утоляваха	утолявах	утоляваше	утоляваше	утолявахме	утолявахте	утоляваха	утоляваи	утоляваите	утоляваики	утолявал	утолявала	утолявало	утолявали	утолявал	утолявала	утолявало	утолявали	утоляващ	утоляваща	утоляващо	утоляващи	утоляван	утолявана	утолявано	утолявани	утоляване	утоляванета
ухапвам	-	-	-	-	-	-	ухапвах	ухапва	ухапва	ухапвахме	ухапвахте	ухапваха	ухапвах	ухапваше	ухапваше	ухапвахме	ухапвахте	ухапваха	ухапвай	ухапвайте	ухапвайки	ухапвал	ухапвала	ухапвало	ухапвали	ухапвал	ухапвала	ухапвало	ухапвали	ухапващ	ухапваща	ухапващо	ухапващи	ухапван	ухапвана	ухапвано	ухапвани	ухапване	ухапвания-нета
ухапя	ухапя	ухапеш	ухапе	ухапем	ухапете	ухапят	ухапах	ухапа	ухапа	ухапахме	ухапахте	ухапаха	ухапех	ухапеше	ухапеше	ухапехме	ухапехте	ухапеха	ухапи	ухапете	-	ухапал	ухапала	ухапало	ухапали	ухапел	ухапела	ухапело	ухапели	-	-	-	-	ухапан	ухапана	ухапано	ухапани	-	-
ухая	ухая	ухаеш	ухае	ухаем	ухаете	ухаят	ухаях	ухая	ухая	ухаяхме	ухаяхте	ухаяха	ухаех	ухаеше	ухаеше	ухаехме	ухаехте	ухаеха	ухаи	ухаите	ухаеики	ухаял	ухаяла	ухаяло	ухаяли	ухаел	ухаела	ухаело	ухаели	ухаещ	ухаеща	ухаещо	ухаещи	-	-	-	-	ухаене	ухаенета
уча	уча	учиш	учи	учим	учите	учат	учих	учи	учи	учихме	учихте	учиха	учех	учеше	учеше	учехме	учехте	учеха	учи	учете	учейки	учил	учила	учило	учили	учел	учела	учело	учели	учещ	учеща	учещо	учещи	учен	учена	учено	учени	учене	учения-нета
ушивам	-	-	-	-	-	-	ушивах	ушива	ушива	ушивахме	ушивахте	ушиваха	ушивах	ушиваше	ушиваше	ушивахме	ушивахте	ушиваха	ушивай	ушивайте	ушивайки	ушивал	ушивала	ушивало	ушивали	ушивал	ушивала	ушивало	ушивали	ушиващ	ушиваща	ушиващо	ушиващи	ушиван	ушивана	ушивано	ушивани	ушиване	ушивания-нета
ушия	ушия	ушиеш	ушие	ушием	ушиете	ушият	уших	уши	уши	ушихме	ушихте	ушиха	ушиех	ушиеше	ушиеше	ушиехме	ушиехте	ушиеха	уший	ушийте	-	ушил	ушила	ушило	ушили	ушиел	ушиела	ушиело	ушиели	-	-	-	-	ушит	ушита	ушито	ушити	-	-
уязвя	уязвя	уязвиш	уязви	уязвим	уязвите	уязвят	уязвих	уязви	уязви	уязвихме	уязвихте	уязвиха	уязвях	уязвеше	уязвеше	уязвяхме	уязвяхте	уязвяха	уязви	уязвете	-	уязвил	уязвила	уязвило	уязвили	уязвял	уязвяла	уязвяло	уязвели	-	-	-	-	уязвен	уязвена	уязвено	уязвени	-	-
уякчавам	-	-	-	-	-	-	уякчавах	уякчава	уякчава	уякчавахме	уякчавахте	уякчаваха	уякчавах	уякчаваше	уякчаваше	уякчавахме	уякчавахте	уякчаваха	уякчаваи	уякчаваите	уякчаваики	уякчавал	уякчавала	уякчавало	уякчавали	уякчавал	уякчавала	уякчавало	уякчавали	уякчаващ	уякчаваща	уякчаващо	уякчаващи	уякчаван	уякчавана	уякчавано	уякчавани	уякчаване	уякчаванета
формализирам	-	-	-	-	-	-	формализирах	формализира	формализира	формализирахме	формализирахте	формализираха	формализирах	формализираше	формализираше	формализирахме	формализирахте	формализираха	формализираи	формализираите	формализираики	формализирал	формализирала	формализирало	формализирали	формализирал	формализирала	формализирало	формализирали	формализиращ	формализираща	формализиращо	формализиращи	формализиран	формализирана	формализирано	формализирани	формализиране	формализиранета
формирам	-	-	-	-	-	-	формирах	формира	формира	формирахме	формирахте	формираха	формирах	формираше	формираше	формирахме	формирахте	формираха	формираи	формираите	формираики	формирал	формирала	формирало	формирали	формирал	формирала	формирало	формирали	формиращ	формираща	формиращо	формиращи	формиран	формирана	формирано	формирани	формиране	формиранета
фуча	фуча	фучиш	фучи	фучим	фучите	фучат	фучах	фуча	фуча	фучахме	фучахте	фучаха	фучах	фучеше	фучеше	фучахме	фучахте	фучаха	фучи	фучете	фучеики	фучал	фучала	фучало	фучали	фучал	фучала	фучало	фучали	фучащ	фучаща	фучащо	фучащи	-	-	-	-	фучане	фучанета
фъфля	фъфля	фъфлиш	фъфли	фъфлим	фъфлите	фъфлят	фъфлих	фъфли	фъфли	фъфлихме	фъфлихте	фъфлиха	фъфлех	фъфлеше	фъфлеше	фъфлехме	фъфлехте	фъфлеха	фъфли	фъфлете	фъфлеики	фъфлил	фъфлила	фъфлило	фъфлили	фъфлел	фъфлела	фъфлело	фъфлели	фъфлещ	фъфлеща	фъфлещо	фъфлещи	-	-	-	-	фъфлене	фъфленета
хабя	хабя	хабиш	хаби	хабим	хабите	хабят	хабих	хаби	хаби	хабихме	хабихте	хабиха	хабех	хабеше	хабеше	хабехме	хабехте	хабеха	хаби	хабете	хабеики	хабил	хабила	хабило	хабили	хабел	хабела	хабело	хабели	хабещ	хабеща	хабещо	хабещи	хабен	хабена	хабено	хабени	хабене	хабенета
хакам	-	-	-	-	-	-	хаках	хака	хака	хакахме	хакахте	хакаха	хаках	хакаше	хакаше	хакахме	хакахте	хакаха	хакаи	хакаите	хакаики	хакал	хакала	хакало	хакали	хакал	хакала	хакало	хакали	хакащ	хакаща	хакащо	хакащи	хакан	хакана	хакано	хакани	хакане	хаканета
хапя	хапя	хапеш	хапе	хапем	хапете	хапят	хапах	хапа	хапа	хапахме	хапахте	хапаха	хапех	хапеше	хапеше	хапехме	хапехте	хапеха	хапи	хапете	хапейки	хапал	хапала	хапало	хапали	хапел	хапела	хапело	хапели	хапещ	хапеща	хапещо	хапещи	хапан	хапана	хапано	хапани	хапане	хапания-нета
харесам	-	-	-	-	-	-	харесах	хареса	хареса	харесахме	харесахте	харесаха	харесах	харесаше	харесаше	харесахме	харесахте	харесаха	харесаи	харесаите	-	харесал	харесала	харесало	харесали	харесал	харесала	харесало	харесали	-	-	-	-	харесан	харесана	харесано	харесани	-	-
харесвам	-	-	-	-	-	-	харесвах	харесва	харесва	харесвахме	харесвахте	харесваха	харесвах	харесваше	харесваше	харесвахме	харесвахте	харесваха	харесваи	харесваите	харесваики	харесвал	харесвала	харесвало	харесвали	харесвал	харесвала	харесвало	харесвали	харесващ	харесваща	харесващо	харесващи	харесван	харесвана	харесвано	харесвани	харесване	харесванета
хваля	хваля	хвалиш	хвали	хвалим	хвалите	хвалят	хвалих	хвали	хвали	хвалихме	хвалихте	хвалиха	хвалех	хвалеше	хвалеше	хвалехме	хвалехте	хвалеха	хвали	хвалете	хвалеики	хвалил	хвалила	хвалило	хвалили	хвалел	хвалела	хвалело	хвалели	хвалещ	хвалеща	хвалещо	хвалещи	хвален	хвалена	хвалено	хвалени	хвалене	хваленета
хвана	хвана	хванеш	хване	хванем	хванете	хванат	хванах	хвана	хвана	хванахме	хванахте	хванаха	хванех	хванеше	хванеше	хванехме	хванехте	хванеха	хвани	хванете	-	хванал	хванала	хванало	хванали	хванел	хванела	хванело	хванели	-	-	-	-	хванат	хваната	хванато	хванати	-	-
хващам	-	-	-	-	-	-	хващах	хваща	хваща	хващахме	хващахте	хващаха	хващах	хващаше	хващаше	хващахме	хващахте	хващаха	хващаи	хващаите	хващаики	хващал	хващала	хващало	хващали	хващал	хващала	хващало	хващали	хващащ	хващаща	хващащо	хващащи	хващан	хващана	хващано	хващани	хващане	хващанета
хвъргам	-	-	-	-	-	-	хвъргах	хвърга	хвърга	хвъргахме	хвъргахте	хвъргаха	хвъргах	хвъргаше	хвъргаше	хвъргахме	хвъргахте	хвъргаха	хвъргаи	хвъргаите	хвъргаики	хвъргал	хвъргала	хвъргало	хвъргали	хвъргал	хвъргала	хвъргало	хвъргали	хвъргащ	хвъргаща	хвъргащо	хвъргащи	хвърган	хвъргана	хвъргано	хвъргани	хвъргане	хвърганета
хвърля	хвърля	хвърлиш	хвърли	хвърлим	хвърлите	хвърлят	хвърлих	хвърли	хвърли	хвърлихме	хвърлихте	хвърлиха	хвърлех	хвърлеше	хвърлеше	хвърлехме	хвърлехте	хвърлеха	хвърли	хвърлете	-	хвърлил	хвърлила	хвърлило	хвърлили	хвърлел	хвърлела	хвърлело	хвърлели	-	-	-	-	хвърлен	хвърлена	хвърлено	хвърлени	-	-
хвърлям	-	-	-	-	-	-	хвърлях	хвърля	хвърля	хвърляхме	хвърляхте	хвърляха	хвърлях	хвърляше	хвърляше	хвърляхме	хвърляхте	хвърляха	хвърляи	хвърляите	хвърляики	хвърлял	хвърляла	хвърляло	хвърляли	хвърлял	хвърляла	хвърляло	хвърляли	хвърлящ	хвърляща	хвърлящо	хвърлящи	хвърлян	хвърляна	хвърляно	хвърляни	хвърляне	хвърлянета
хитам	-	-	-	-	-	-	хитах	хита	хита	хитахме	хитахте	хитаха	хитах	хиташе	хиташе	хитахме	хитахте	хитаха	хитаи	хитаите	хитаики	хитал	хитала	хитало	хитали	хитал	хитала	хитало	хитали	хитащ	хитаща	хитащо	хитащи	хитан	хитана	хитано	хитани	хитане	хитанета
хладя	хладя	хладиш	хлади	хладим	хладите	хладят	хладих	хлади	хлади	хладихме	хладихте	хладиха	хладях	хладеше	хладеше	хладяхме	хладяхте	хладяха	хлади	хладете	хладеики	хладил	хладила	хладило	хладили	хладял	хладяла	хладяло	хладели	хладящ	хладяща	хладящо	хладящи	хладен	хладена	хладено	хладени	хладене	хладенета
хласкам	-	-	-	-	-	-	хласках	хласка	хласка	хласкахме	хласкахте	хласкаха	хласках	хласкаше	хласкаше	хласкахме	хласкахте	хласкаха	хласкаи	хласкаите	хласкаики	хласкал	хласкала	хласкало	хласкали	хласкал	хласкала	хласкало	хласкали	хласкащ	хласкаща	хласкащо	хласкащи	-	-	-	-	хласкане	хласканета
хленча	хленча	хленчиш	хленчи	хленчим	хленчите	хленчат	хленчих	хленчи	хленчи	хленчихме	хленчихте	хленчиха	хленчех	хленчеше	хленчеше	хленчехме	хленчехте	хленчеха	хленчи	хленчете	хленчеики	хленчил	хленчила	хленчило	хленчили	хленчел	хленчела	хленчело	хленчели	хленчещ	хленчеща	хленчещо	хленчещи	-	-	-	-	хленчене	хленченета
хлипам	-	-	-	-	-	-	хлипах	хлипа	хлипа	хлипахме	хлипахте	хлипаха	хлипах	хлипаше	хлипаше	хлипахме	хлипахте	хлипаха	хлипаи	хлипаите	хлипаики	хлипал	хлипала	хлипало	хлипали	хлипал	хлипала	хлипало	хлипали	хлипащ	хлипаща	хлипащо	хлипащи	-	-	-	-	хлипане	хлипанета
хлопам	-	-	-	-	-	-	хлопах	хлопа	хлопа	хлопахме	хлопахте	хлопаха	хлопах	хлопаше	хлопаше	хлопахме	хлопахте	хлопаха	хлопаи	хлопаите	хлопаики	хлопал	хлопала	хлопало	хлопали	хлопал	хлопала	хлопало	хлопали	хлопащ	хлопаща	хлопащо	хлопащи	-	-	-	-	хлопане	хлопанета
хлуя	хлуя	хлуеш	хлуе	хлуем	хлуете	хлуят	хлух	хлу	хлу	хлухме	хлухте	хлуха	хлуех	хлуеше	хлуеше	хлуехме	хлуехте	хлуеха	хлуи	хлуите	хлуеики	хлул	хлула	хлуло	хлули	хлуел	хлуела	хлуело	хлуели	хлуещ	хлуеща	хлуещо	хлуещи	-	-	-	-	хлуене	хлуенета
хлъзгам	-	-	-	-	-	-	хлъзгах	хлъзга	хлъзга	хлъзгахме	хлъзгахте	хлъзгаха	хлъзгах	хлъзгаше	хлъзгаше	хлъзгахме	хлъзгахте	хлъзгаха	хлъзгаи	хлъзгаите	хлъзгаики	хлъзгал	хлъзгала	хлъзгало	хлъзгали	хлъзгал	хлъзгала	хлъзгало	хлъзгали	хлъзгащ	хлъзгаща	хлъзгащо	хлъзгащи	хлъзган	хлъзгана	хлъзгано	хлъзгани	хлъзгане	хлъзганета
ходя	ходя	ходиш	ходи	ходим	ходите	ходят	ходих	ходи	ходи	ходихме	ходихте	ходиха	ходех	ходеше	ходеше	ходехме	ходехте	ходеха	ходи	ходете	ходейки	ходил	ходила	ходило	ходили	ходел	ходела	ходело	ходели	ходещ	ходеща	ходещо	ходещи	-	-	-	-	ходене	ходения-нета
хокам	-	-	-	-	-	-	хоках	хока	хока	хокахме	хокахте	хокаха	хоках	хокаше	хокаше	хокахме	хокахте	хокаха	хокаи	хокаите	хокаики	хокал	хокала	хокало	хокали	хокал	хокала	хокало	хокали	хокащ	хокаща	хокащо	хокащи	хокан	хокана	хокано	хокани	хокане	хоканета
хопам	-	-	-	-	-	-	хопах	хопа	хопа	хопахме	хопахте	хопаха	хопах	хопаше	хопаше	хопахме	хопахте	хопаха	хопаи	хопаите	хопаики	хопал	хопала	хопало	хопали	хопал	хопала	хопало	хопали	хопащ	хопаща	хопащо	хопащи	хопан	хопана	хопано	хопани	хопане	хопанета
хортувам	-	-	-	-	-	-	хортувах	хортува	хортува	хортувахме	хортувахте	хортуваха	хортувах	хортуваше	хортуваше	хортувахме	хортувахте	хортуваха	хортуваи	хортуваите	хортуваики	хортувал	хортувала	хортувало	хортували	хортувал	хортувала	хортувало	хортували	хортуващ	хортуваща	хортуващо	хортуващи	-	-	-	-	хортуване	хортуванета
храня	храня	храниш	храни	храним	храните	хранят	храних	храни	храни	хранихме	хранихте	храниха	хранех	хранеше	хранеше	хранехме	хранехте	хранеха	храни	хранете	хранеики	хранил	хранила	хранило	хранили	хранел	хранела	хранело	хранели	хранещ	хранеща	хранещо	хранещи	хранен	хранена	хранено	хранени	хранене	храненета
храпам	-	-	-	-	-	-	храпах	храпа	храпа	храпахме	храпахте	храпаха	храпах	храпаше	храпаше	храпахме	храпахте	храпаха	храпаи	храпаите	храпаики	храпал	храпала	храпало	храпали	храпал	храпала	храпало	храпали	храпащ	храпаща	храпащо	храпащи	-	-	-	-	храпане	храпанета
храча	храча	храчиш	храчи	храчим	храчите	храчат	храчих	храчи	храчи	храчихме	храчихте	храчиха	храчех	храчеше	храчеше	храчехме	храчехте	храчеха	храчи	храчете	храчеики	храчил	храчила	храчило	храчили	храчел	храчела	храчело	храчели	храчещ	храчеща	храчещо	храчещи	-	-	-	-	храчене	храченета
хрипам	-	-	-	-	-	-	хрипах	хрипа	хрипа	хрипахме	хрипахте	хрипаха	хрипах	хрипаше	хрипаше	хрипахме	хрипахте	хрипаха	хрипаи	хрипаите	хрипаики	хрипал	хрипала	хрипало	хрипали	хрипал	хрипала	хрипало	хрипали	хрипащ	хрипаща	хрипащо	хрипащи	-	-	-	-	хрипане	хрипанета
хрупам	-	-	-	-	-	-	хрупах	хрупа	хрупа	хрупахме	хрупахте	хрупаха	хрупах	хрупаше	хрупаше	хрупахме	хрупахте	хрупаха	хрупаи	хрупаите	хрупаики	хрупал	хрупала	хрупало	хрупали	хрупал	хрупала	хрупало	хрупали	хрупащ	хрупаща	хрупащо	хрупащи	хрупан	хрупана	хрупано	хрупани	хрупане	хрупанета
хрускам	-	-	-	-	-	-	хрусках	хруска	хруска	хрускахме	хрускахте	хрускаха	хрусках	хрускаше	хрускаше	хрускахме	хрускахте	хрускаха	хрускаи	хрускаите	хрускаики	хрускал	хрускала	хрускало	хрускали	хрускал	хрускала	хрускало	хрускали	хрускащ	хрускаща	хрускащо	хрускащи	хрускан	хрускана	хрускано	хрускани	хрускане	хрусканета
хрущя	хрущя	хрущиш	хрущи	хрущим	хрущите	хрущят	хрущях	хрущя	хрущя	хрущяхме	хрущяхте	хрущяха	хрущях	хрущеше	хрущеше	хрущяхме	хрущяхте	хрущяха	хрущи	хрущете	хрущеики	хрущял	хрущяла	хрущяло	хрущели	хрущял	хрущяла	хрущяло	хрущели	хрущящ	хрущяща	хрущящо	хрущящи	-	-	-	-	хрущене	хрущенета
хукам	хокам	хокаш	хока	хокаме	хокате	хокат	хоках	хока	хока	хокахме	хокахте	хокаха	хоках	хокаше	хокаше	хокахме	хокахте	хокаха	хокаи	хокаите	хокаики	хокал	хокала	хокало	хокали	хокал	хокала	хокало	хокали	хокащ	хокаща	хокащо	хокащи	хокан	хокана	хокано	хокани	хокане	хоканета
хуквам	-	-	-	-	-	-	хуквах	хуква	хуква	хуквахме	хуквахте	хукваха	хуквах	хукваше	хукваше	хуквахме	хуквахте	хукваха	хукваи	хукваите	хукваики	хуквал	хуквала	хуквало	хуквали	хуквал	хуквала	хуквало	хуквали	хукващ	хукваща	хукващо	хукващи	-	-	-	-	хукване	хукванета
хуля	хуля	хулиш	хули	хулим	хулите	хулят	хулих	хули	хули	хулихме	хулихте	хулиха	хулех	хулеше	хулеше	хулехме	хулехте	хулеха	хули	хулете	хулеики	хулил	хулила	хулило	хулили	хулел	хулела	хулело	хулели	хулещ	хулеща	хулещо	хулещи	хулен	хулена	хулено	хулени	хулене	хуленета
хълтам	-	-	-	-	-	-	хълтах	хълта	хълта	хълтахме	хълтахте	хълтаха	хълтах	хълташе	хълташе	хълтахме	хълтахте	хълтаха	хълтаи	хълтаите	хълтаики	хълтал	хълтала	хълтало	хълтали	хълтал	хълтала	хълтало	хълтали	хълтащ	хълтаща	хълтащо	хълтащи	-	-	-	-	хълтане	хълтанета
хълцам	-	-	-	-	-	-	хълцах	хълца	хълца	хълцахме	хълцахте	хълцаха	хълцах	хълцаше	хълцаше	хълцахме	хълцахте	хълцаха	хълцаи	хълцаите	хълцаики	хълцал	хълцала	хълцало	хълцали	хълцал	хълцала	хълцало	хълцали	хълцащ	хълцаща	хълцащо	хълцащи	-	-	-	-	хълцане	хълцанета
хълцукам	-	-	-	-	-	-	хълцуках	хълцука	хълцука	хълцукахме	хълцукахте	хълцукаха	хълцуках	хълцукаше	хълцукаше	хълцукахме	хълцукахте	хълцукаха	хълцукаи	хълцукаите	хълцукаики	хълцукал	хълцукала	хълцукало	хълцукали	хълцукал	хълцукала	хълцукало	хълцукали	хълцукащ	хълцукаща	хълцукащо	хълцукащи	-	-	-	-	хълцукане	хълцуканета
хързоля	хързоля	хързолиш	хързоли	хързолим	хързолите	хързолят	хързолих	хързоли	хързоли	хързолихме	хързолихте	хързолиха	хързолех	хързолеше	хързолеше	хързолехме	хързолехте	хързолеха	хързоли	хързолете	хързолеики	хързолил	хързолила	хързолило	хързолили	хързолел	хързолела	хързолело	хързолели	хързолещ	хързолеща	хързолещо	хързолещи	-	-	-	-	хързолене	хързоленета
хъркам	-	-	-	-	-	-	хърках	хърка	хърка	хъркахме	хъркахте	хъркаха	хърках	хъркаше	хъркаше	хъркахме	хъркахте	хъркаха	хъркаи	хъркаите	хъркаики	хъркал	хъркала	хъркало	хъркали	хъркал	хъркала	хъркало	хъркали	хъркащ	хъркаща	хъркащо	хъркащи	-	-	-	-	хъркане	хърканета
цадна	цадна	цаднеш	цадне	цаднем	цаднете	цаднат	цаднах	цадна	цадна	цаднахме	цаднахте	цаднаха	цаднех	цаднеше	цаднеше	цаднехме	цаднехте	цаднеха	цадни	цаднете	-	цаднал	цаднала	цаднало	цаднали	цаднел	цаднела	цаднело	цаднели	-	-	-	-	цаднат	цадната	цаднато	цаднати	-	-
цапам	-	-	-	-	-	-	цапах	цапа	цапа	цапахме	цапахте	цапаха	цапах	цапаше	цапаше	цапахме	цапахте	цапаха	цапаи	цапаите	цапаики	цапал	цапала	цапало	цапали	цапал	цапала	цапало	цапали	цапащ	цапаща	цапащо	цапащи	цапан	цапана	цапано	цапани	цапане	цапанета
цвекам	-	-	-	-	-	-	цвеках	цвека	цвека	цвекахме	цвекахте	цвекаха	цвеках	цвекаше	цвекаше	цвекахме	цвекахте	цвекаха	цвекаи	цвекаите	цвекаики	цвекал	цвекала	цвекало	цвекали	цвекал	цвекала	цвекало	цвекали	цвекащ	цвекаща	цвекащо	цвекащи	цвекан	цвекана	цвекано	цвекани	цвекане	цвеканета
цвиля	цвиля	цвилиш	цвили	цвилим	цвилите	цвилят	цвилих	цвили	цвили	цвилихме	цвилихте	цвилиха	цвилех	цвилеше	цвилеше	цвилехме	цвилехте	цвилеха	цвили	цвилете	цвилеики	цвилил	цвилила	цвилило	цвилили	цвилел	цвилела	цвилело	цвилели	цвилещ	цвилеща	цвилещо	цвилещи	-	-	-	-	цвилене	цвиленета
цедя	цедя	цедиш	цеди	цедим	цедите	цедят	цедих	цеди	цеди	цедихме	цедихте	цедиха	цедях	цедеше	цедеше	цедяхме	цедяхте	цедяха	цеди	цедете	цедеики	цедил	цедила	цедило	цедили	цедял	цедяла	цедяло	цедели	цедящ	цедяща	цедящо	цедящи	цеден	цедена	цедено	цедени	цедене	цеденета
целувам	-	-	-	-	-	-	целувах	целува	целува	целувахме	целувахте	целуваха	целувах	целуваше	целуваше	целувахме	целувахте	целуваха	целувай	целувайте	целувайки	целувал	целувала	целувало	целували	целувал	целувала	целувало	целували	целуващ	целуваща	целуващо	целуващи	целуван	целувана	целувано	целувани	целуване	целувания-нета
целуна	целуна	целунеш	целуне	целунем	целунете	целунат	целунах	целуна	целуна	целунахме	целунахте	целунаха	целунех	целунеше	целунеше	целунехме	целунехте	целунеха	целуни	целунете	-	целунал	целунала	целунало	целунали	целунел	целунела	целунело	целунели	-	-	-	-	целунат	целуната	целунато	целунати	-	-
целя	целя	целиш	цели	целим	целите	целят	целих	цели	цели	целихме	целихте	целиха	целех	целеше	целеше	целехме	целехте	целеха	цели	целете	целеики	целил	целила	целило	целили	целел	целела	целело	целели	целещ	целеща	целещо	целещи	целен	целена	целено	целени	целене	целенета
ценя	ценя	цениш	цени	ценим	цените	ценят	цених	цени	цени	ценихме	ценихте	цениха	ценях	ценеше	ценеше	ценяхме	ценяхте	ценяха	цени	ценете	ценеики	ценил	ценила	ценило	ценили	ценял	ценяла	ценяло	ценели	ценящ	ценяща	ценящо	ценящи	ценен	ценена	ценено	ценени	ценене	цененета
цепенея	цепенея	цепенееш	цепенее	цепенеем	цепенеете	цепенеят	цепенях	цепеня	цепеня	цепеняхме	цепеняхте	цепеняха	цепенеех	цепенееше	цепенееше	цепенеехме	цепенеехте	цепенееха	цепенеи	цепенеите	цепенееики	цепенял	цепеняла	цепеняло	цепенели	цепенеел	цепенеела	цепенеело	цепенеели	цепенеещ	цепенееща	цепенеещо	цепенеещи	-	-	-	-	цепенеене	цепенеенета
цепя	цепя	цепиш	цепи	цепим	цепите	цепят	цепих	цепи	цепи	цепихме	цепихте	цепиха	цепех	цепеше	цепеше	цепехме	цепехте	цепеха	цепи	цепете	цепеики	цепил	цепила	цепило	цепили	цепел	цепела	цепело	цепели	цепещ	цепеща	цепещо	цепещи	цепен	цепена	цепено	цепени	цепене	цепенета
церя	церя	цериш	цери	церим	церите	церят	церих	цери	цери	церихме	церихте	цериха	церях	цереше	цереше	церяхме	церяхте	церяха	цери	церете	цереики	церил	церила	церило	церили	церял	церяла	церяло	церели	церящ	церяща	церящо	церящи	церен	церена	церено	церени	церене	церенета
цестя	цестя	цестиш	цести	цестим	цестите	цестят	цестих	цести	цести	цестихме	цестихте	цестиха	цестех	цестеше	цестеше	цестехме	цестехте	цестеха	цести	цестете	цестеики	цестил	цестила	цестило	цестили	цестел	цестела	цестело	цестели	цестещ	цестеща	цестещо	цестещи	цестен	цестена	цестено	цестени	цестене	цестенета
цивря	цивря	цивриш	циври	циврим	циврите	циврят	циврих	циври	циври	циврихме	циврихте	цивриха	циврех	цивреше	цивреше	циврехме	циврехте	цивреха	циври	циврете	цивреики	циврил	циврила	циврило	циврили	циврел	циврела	циврело	циврели	циврещ	цивреща	циврещо	циврещи	-	-	-	-	циврене	цивренета
цокам	-	-	-	-	-	-	цоках	цока	цока	цокахме	цокахте	цокаха	цоках	цокаше	цокаше	цокахме	цокахте	цокаха	цокаи	цокаите	цокаики	цокал	цокала	цокало	цокали	цокал	цокала	цокало	цокали	цокащ	цокаща	цокащо	цокащи	цокан	цокана	цокано	цокани	цокане	цоканета
цопам	шляпам	шляпаш	шляпа	шляпаме	шляпате	шляпат	шляпах	шляпа	шляпа	шляпахме	шляпахте	шляпаха	шляпах	шляпаше	шляпаше	шляпахме	шляпахте	шляпаха	шляпаи	шляпаите	шляпаики	шляпал	шляпала	шляпало	шляпали	шляпал	шляпала	шляпало	шляпали	шляпащ	шляпаща	шляпащо	шляпащи	-	-	-	-	шляпане	шляпанета
цъфтя	цъфтя	цъфтиш	цъфти	цъфтим	цъфтите	цъфтят	цъфтих	цъфти	цъфти	цъфтихме	цъфтихте	цъфтиха	цъфтях	цъфтеше	цъфтеше	цъфтяхме	цъфтяхте	цъфтяха	цъфти	цъфтете	цъфтеики	цъфтил	цъфтила	цъфтило	цъфтели	цъфтял	цъфтяла	цъфтяло	цъфтели	цъфтящ	цъфтяща	цъфтящо	цъфтящи	-	-	-	-	цъфтене	цъфтенета
чакам	-	-	-	-	-	-	чаках	чака	чака	чакахме	чакахте	чакаха	чаках	чакаше	чакаше	чакахме	чакахте	чакаха	чакай	чакайте	чакайки	чакал	чакала	чакало	чакали	чакал	чакала	чакало	чакали	чакащ	чакаща	чакащо	чакащи	чакан	чакана	чакано	чакани	чакане	чакания-нета
чегаря	чегаря	чегариш	чегари	чегарим	чегарите	чегарят	чегарих	чегари	чегари	чегарихме	чегарихте	чегариха	чегарех	чегареше	чегареше	чегарехме	чегарехте	чегареха	чегари	чегарете	чегареики	чегарил	чегарила	чегарило	чегарили	чегарел	чегарела	чегарело	чегарели	чегарещ	чегареща	чегарещо	чегарещи	-	-	-	-	чегарене	чегаренета
чегъртам	-	-	-	-	-	-	чегъртах	чегърта	чегърта	чегъртахме	чегъртахте	чегъртаха	чегъртах	чегърташе	чегърташе	чегъртахме	чегъртахте	чегъртаха	чегъртаи	чегъртаите	чегъртаики	чегъртал	чегъртала	чегъртало	чегъртали	чегъртал	чегъртала	чегъртало	чегъртали	чегъртащ	чегъртаща	чегъртащо	чегъртащи	чегъртан	чегъртана	чегъртано	чегъртани	чегъртане	чегъртанета
чезна	чезна	чезнеш	чезне	чезнем	чезнете	чезнат	чезнах	чезна	чезна	чезнахме	чезнахте	чезнаха	чезнех	чезнеше	чезнеше	чезнехме	чезнехте	чезнеха	чезни	чезнете	чезнеики	чезнал	чезнала	чезнало	чезнали	чезнел	чезнела	чезнело	чезнели	чезнещ	чезнеща	чезнещо	чезнещи	-	-	-	-	чезнене	чезненета
чекам	-	-	-	-	-	-	чеках	чека	чека	чекахме	чекахте	чекаха	чеках	чекаше	чекаше	чекахме	чекахте	чекаха	чекаи	чекаите	чекаики	чекал	чекала	чекало	чекали	чекал	чекала	чекало	чекали	чекащ	чекаща	чекащо	чекащи	чекан	чекана	чекано	чекани	чекане	чеканета
чекна	чекна	чекнеш	чекне	чекнем	чекнете	чекнат	чекнах	чекна	чекна	чекнахме	чекнахте	чекнаха	чекнех	чекнеше	чекнеше	чекнехме	чекнехте	чекнеха	чекни	чекнете	чекнеики	чекнал	чекнала	чекнало	чекнали	чекнел	чекнела	чекнело	чекнели	чекнещ	чекнеща	чекнещо	чекнещи	-	-	-	-	чекнене	чекненета
чемрея	чемрея	чемрееш	чемрее	чемреем	чемреете	чемреят	чемрях	чемря	чемря	чемряхме	чемряхте	чемряха	чемреех	чемрееше	чемрееше	чемреехме	чемреехте	чемрееха	чемреи	чемреите	чемрееики	чемрял	чемряла	чемряло	чемрели	чемреел	чемреела	чемреело	чемреели	чемреещ	чемрееща	чемреещо	чемреещи	-	-	-	-	чемреене	чемреенета
чепкам	-	-	-	-	-	-	чепках	чепка	чепка	чепкахме	чепкахте	чепкаха	чепках	чепкаше	чепкаше	чепкахме	чепкахте	чепкаха	чепкаи	чепкаите	чепкаики	чепкал	чепкала	чепкало	чепкали	чепкал	чепкала	чепкало	чепкали	чепкащ	чепкаща	чепкащо	чепкащи	чепкан	чепкана	чепкано	чепкани	чепкане	чепканета
черпя	черпя	черпиш	черпи	черпим	черпите	черпят	черпих	черпи	черпи	черпихме	черпихте	черпиха	черпех	черпеше	черпеше	черпехме	черпехте	черпеха	черпи	черпете	черпеики	черпил	черпила	черпило	черпили	черпел	черпела	черпело	черпели	черпещ	черпеща	черпещо	черпещи	черпен	черпена	черпено	черпени	черпене	черпенета
чертая	чертая	чертаеш	чертае	чертаем	чертаете	чертаят	чертах	черта	черта	чертахме	чертахте	чертаха	чертаех	чертаеше	чертаеше	чертаехме	чертаехте	чертаеха	чертаи	чертаите	чертаеики	чертал	чертала	чертало	чертали	чертаел	чертаела	чертаело	чертаели	чертаещ	чертаеща	чертаещо	чертаещи	чертан	чертана	чертано	чертани	чертане	чертанета
чествам	-	-	-	-	-	-	чествах	чества	чества	чествахме	чествахте	честваха	чествах	честваше	честваше	чествахме	чествахте	честваха	чествай	чествайте	чествайки	чествал	чествала	чествало	чествали	чествал	чествала	чествало	чествали	честващ	честваща	честващо	честващи	честван	чествана	чествано	чествани	честване	чествания-нета
честитя	честитя	честитиш	честити	честитим	честитите	честитят	честитих	честити	честити	честитихме	честитихте	честитиха	честитях	честитеше	честитеше	честитяхме	честитяхте	честитяха	честити	честитете	-	честитил	честитила	честитило	честитили	честитял	честитяла	честитяло	честители	-	-	-	-	честитен	честитена	честитено	честитени	-	-
чета	чета	четеш	чете	четем	четете	четат	четох	чете	чете	четохме	четохте	четоха	четях	четеше	четеше	четяхме	четяхте	четяха	чети	четете	четейки	чел	чела	чело	чели	четял	четяла	четяло	четели	четящ	четяща	четящо	четящи	четен	четена	четено	четени	четене	четения-нета
чеша	чеша	чешеш	чеше	чешем	чешете	чешат	чесах	чеса	чеса	чесахме	чесахте	чесаха	чешех	чешеше	чешеше	чешехме	чешехте	чешеха	чеши	чешете	чешеики	чесал	чесала	чесало	чесали	чешел	чешела	чешело	чешели	чешещ	чешеща	чешещо	чешещи	чесан	чесана	чесано	чесани	чесане	чесанета
чиня	чиня	чиниш	чини	чиним	чините	чинят	чиних	чини	чини	чинихме	чинихте	чиниха	чинех	чинеше	чинеше	чинехме	чинехте	чинеха	чини	чинете	чинеики	чинил	чинила	чинило	чинили	чинел	чинела	чинело	чинели	чинещ	чинеща	чинещо	чинещи	чинен	чинена	чинено	чинени	чинене	чиненета
числя	числя	числиш	числи	числим	числите	числят	числих	числи	числи	числихме	числихте	числиха	числях	числеше	числеше	числяхме	числяхте	числяха	числи	числете	числеики	числил	числила	числило	числили	числял	числяла	числяло	числели	числящ	числяща	числящо	числящи	числен	числена	числено	числени	числене	численета
чистя	чистя	чистиш	чисти	чистим	чистите	чистят	чистих	чисти	чисти	чистихме	чистихте	чистиха	чистех	чистеше	чистеше	чистехме	чистехте	чистеха	чисти	чистете	чистеики	чистил	чистила	чистило	чистили	чистел	чистела	чистело	чистели	чистещ	чистеща	чистещо	чистещи	чистен	чистена	чистено	чистени	чистене	чистенета
читам	-	-	-	-	-	-	читах	чита	чита	читахме	читахте	читаха	читах	читаше	читаше	читахме	читахте	читаха	читаи	читаите	читаики	читал	читала	читало	читали	читал	читала	читало	читали	читащ	читаща	читащо	читащи	читан	читана	читано	читани	читане	читанета
чишкам	-	-	-	-	-	-	чишках	чишка	чишка	чишкахме	чишкахте	чишкаха	чишках	чишкаше	чишкаше	чишкахме	чишкахте	чишкаха	чишкаи	чишкаите	чишкаики	чишкал	чишкала	чишкало	чишкали	чишкал	чишкала	чишкало	чишкали	чишкащ	чишкаща	чишкащо	чишкащи	-	-	-	-	чишкане	чишканета
членувам	-	-	-	-	-	-	членувах	членува	членува	членувахме	членувахте	членуваха	членувах	членуваше	членуваше	членувахме	членувахте	членуваха	членуваи	членуваите	членуваики	членувал	членувала	членувало	членували	членувал	членувала	членувало	членували	членуващ	членуваща	членуващо	членуващи	членуван	членувана	членувано	членувани	членуване	членуванета
чмая	чмая	чмаеш	чмае	чмаем	чмаете	чмаят	чмаях	чмая	чмая	чмаяхме	чмаяхте	чмаяха	чмаех	чмаеше	чмаеше	чмаехме	чмаехте	чмаеха	чмаи	чмаите	чмаеики	чмаял	чмаяла	чмаяло	чмаяли	чмаел	чмаела	чмаело	чмаели	чмаещ	чмаеща	чмаещо	чмаещи	-	-	-	-	чмаене	чмаенета
човъркам	-	-	-	-	-	-	човърках	човърка	човърка	човъркахме	човъркахте	човъркаха	човърках	човъркаше	човъркаше	човъркахме	човъркахте	човъркаха	човъркаи	човъркаите	човъркаики	човъркал	човъркала	човъркало	човъркали	човъркал	човъркала	човъркало	човъркали	човъркащ	човъркаща	човъркащо	човъркащи	човъркан	човъркана	човъркано	човъркани	човъркане	човърканета
чопля	чопля	чоплиш	чопли	чоплим	чоплите	чоплят	чоплих	чопли	чопли	чоплихме	чоплихте	чоплиха	чоплех	чоплеше	чоплеше	чоплехме	чоплехте	чоплеха	чопли	чоплете	чоплеики	чоплил	чоплила	чоплило	чоплили	чоплел	чоплела	чоплело	чоплели	чоплещ	чоплеща	чоплещо	чоплещи	-	-	-	-	чоплене	чопленета
чувам	-	-	-	-	-	-	чувах	чува	чува	чувахме	чувахте	чуваха	чувах	чуваше	чуваше	чувахме	чувахте	чуваха	чувай	чувайте	чувайки	чувал	чувала	чувало	чували	чувал	чувала	чувало	чували	чуващ	чуваща	чуващо	чуващи	чуван	чувана	чувано	чувани	чуване	чувания-нета
чувствам	-	-	-	-	-	-	чувствах	чувства	чувства	чувствахме	чувствахте	чувстваха	чувствах	чувстваше	чувстваше	чувствахме	чувствахте	чувстваха	чувстваи	чувстваите	чувстваики	чувствал	чувствала	чувствало	чувствали	чувствал	чувствала	чувствало	чувствали	чувстващ	чувстваща	чувстващо	чувстващи	чувстван	чувствана	чувствано	чувствани	чувстване	чувстванета
чудя	чудя	чудиш	чуди	чудим	чудите	чудят	чудих	чуди	чуди	чудихме	чудихте	чудиха	чудех	чудеше	чудеше	чудехме	чудехте	чудеха	чуди	чудете	чудеики	чудил	чудила	чудило	чудили	чудел	чудела	чудело	чудели	чудещ	чудеща	чудещо	чудещи	чуден	чудена	чудено	чудени	чудене	чуденета
чукам	-	-	-	-	-	-	чуках	чука	чука	чукахме	чукахте	чукаха	чуках	чукаше	чукаше	чукахме	чукахте	чукаха	чукаи	чукаите	чукаики	чукал	чукала	чукало	чукали	чукал	чукала	чукало	чукали	чукащ	чукаща	чукащо	чукащи	чукан	чукана	чукано	чукани	чукане	чуканета
чупя	чупя	чупиш	чупи	чупим	чупите	чупят	чупих	чупи	чупи	чупихме	чупихте	чупиха	чупех	чупеше	чупеше	чупехме	чупехте	чупеха	чупи	чупете	чупейки	чупил	чупила	чупило	чупили	чупел	чупела	чупело	чупели	чупещ	чупеща	чупещо	чупещи	чупен	чупена	чупено	чупени	чупене	чупения-нета
чуруликам	-	-	-	-	-	-	чуруликах	чурулика	чурулика	чуруликахме	чуруликахте	чуруликаха	чуруликах	чуруликаше	чуруликаше	чуруликахме	чуруликахте	чуруликаха	чуруликаи	чуруликаите	чуруликаики	чуруликал	чуруликала	чуруликало	чуруликали	чуруликал	чуруликала	чуруликало	чуруликали	чуруликащ	чуруликаща	чуруликащо	чуруликащи	-	-	-	-	чуруликане	чуруликанета
чутя	чутя	чутиш	чути	чутим	чутите	чутят	чутих	чути	чути	чутихме	чутихте	чутиха	чутех	чутеше	чутеше	чутехме	чутехте	чутеха	чути	чутете	чутеики	чутил	чутила	чутило	чутили	чутел	чутела	чутело	чутели	чутещ	чутеща	чутещо	чутещи	чутен	чутена	чутено	чутени	чутене	чутенета
чуя	чуя	чуеш	чуе	чуем	чуете	чуят	чух	чу	чу	чухме	чухте	чуха	чуех	чуеше	чуеше	чуехме	чуехте	чуеха	чуй	чуйте	-	чул	чула	чуло	чули	чуел	чуела	чуело	чуели	-	-	-	-	чут	чута	чуто	чути	-	-
шавам	-	-	-	-	-	-	шавах	шава	шава	шавахме	шавахте	шаваха	шавах	шаваше	шаваше	шавахме	шавахте	шаваха	шаваи	шаваите	шаваики	шавал	шавала	шавало	шавали	шавал	шавала	шавало	шавали	шаващ	шаваща	шаващо	шаващи	шаван	шавана	шавано	шавани	шаване	шаванета
шантажирам	-	-	-	-	-	-	шантажирах	шантажира	шантажира	шантажирахме	шантажирахте	шантажираха	шантажирах	шантажираше	шантажираше	шантажирахме	шантажирахте	шантажираха	шантажирай	шантажирайте	шантажирайки	шантажирал	шантажирала	шантажирало	шантажирали	шантажирал	шантажирала	шантажирало	шантажирали	шантажиращ	шантажираща	шантажиращо	шантажиращи	шантажиран	шантажирана	шантажирано	шантажирани	шантажиране	шантажирания-нета
шаря	шаря	шариш	шари	шарим	шарите	шарят	шарих	шари	шари	шарихме	шарихте	шариха	шарех	шареше	шареше	шарехме	шарехте	шареха	шари	шарете	шареики	шарил	шарила	шарило	шарили	шарел	шарела	шарело	шарели	шарещ	шареща	шарещо	шарещи	шарен	шарена	шарено	шарени	шарене	шаренета
шашкам	-	-	-	-	-	-	шашках	шашка	шашка	шашкахме	шашкахте	шашкаха	шашках	шашкаше	шашкаше	шашкахме	шашкахте	шашкаха	шашкаи	шашкаите	шашкаики	шашкал	шашкала	шашкало	шашкали	шашкал	шашкала	шашкало	шашкали	шашкащ	шашкаща	шашкащо	шашкащи	шашкан	шашкана	шашкано	шашкани	шашкане	шашканета
шепна	шепна	шепнеш	шепне	шепнем	шепнете	шепнат	шепнах	шепна	шепна	шепнахме	шепнахте	шепнаха	шепнех	шепнеше	шепнеше	шепнехме	шепнехте	шепнеха	шепни	шепнете	шепнеики	шепнал	шепнала	шепнало	шепнали	шепнел	шепнела	шепнело	шепнели	шепнещ	шепнеща	шепнещо	шепнещи	шепнат	шепната	шепнато	шепнати	шепнене	шепненета
шептя	шептя	шептиш	шепти	шептим	шептите	шептят	шептях	шептя	шептя	шептяхме	шептяхте	шептяха	шептях	шептеше	шептеше	шептяхме	шептяхте	шептяха	шепти	шептете	шептеики	шептял	шептяла	шептяло	шептели	шептял	шептяла	шептяло	шептели	шептящ	шептяща	шептящо	шептящи	шептян	шептяна	шептяно	шептени	шептене	шептенета
шетам	-	-	-	-	-	-	шетах	шета	шета	шетахме	шетахте	шетаха	шетах	шеташе	шеташе	шетахме	шетахте	шетаха	шетаи	шетаите	шетаики	шетал	шетала	шетало	шетали	шетал	шетала	шетало	шетали	шетащ	шетаща	шетащо	шетащи	-	-	-	-	шетане	шетанета
шибам	-	-	-	-	-	-	шибах	шиба	шиба	шибахме	шибахте	шибаха	шибах	шибаше	шибаше	шибахме	шибахте	шибаха	шибай	шибайте	шибайки	шибал	шибала	шибало	шибали	шибал	шибала	шибало	шибали	шибащ	шибаща	шибащо	шибащи	шибан	шибана	шибано	шибани	шибане	шибания-нета
шикалкавя	шикалкавя	шикалкавиш	шикалкави	шикалкавим	шикалкавите	шикалкавят	шикалкавих	шикалкави	шикалкави	шикалкавихме	шикалкавихте	шикалкавиха	шикалкавех	шикалкавеше	шикалкавеше	шикалкавехме	шикалкавехте	шикалкавеха	шикалкави	шикалкавете	шикалкавеики	шикалкавил	шикалкавила	шикалкавило	шикалкавили	шикалкавел	шикалкавела	шикалкавело	шикалкавели	шикалкавещ	шикалкавеща	шикалкавещо	шикалкавещи	-	-	-	-	шикалкавене	шикалкавенета
шия	шия	шиеш	шие	шием	шиете	шият	ших	ши	ши	шихме	шихте	шиха	шиех	шиеше	шиеше	шиехме	шиехте	шиеха	шии	шиите	шиеики	шил	шила	шило	шили	шиел	шиела	шиело	шиели	шиещ	шиеща	шиещо	шиещи	шит	шита	шито	шити	шиене	шиенета
шлакам	-	-	-	-	-	-	шлаках	шлака	шлака	шлакахме	шлакахте	шлакаха	шлаках	шлакаше	шлакаше	шлакахме	шлакахте	шлакаха	шлакаи	шлакаите	шлакаики	шлакал	шлакала	шлакало	шлакали	шлакал	шлакала	шлакало	шлакали	шлакащ	шлакаща	шлакащо	шлакащи	шлакан	шлакана	шлакано	шлакани	шлакане	шлаканета
шлевя	шлевя	шлевеш	шлеве	шлевем	шлевете	шлевят	шлевах	шлева	шлева	шлевахме	шлевахте	шлеваха	шлевях	шлевеше	шлевеше	шлевяхме	шлевяхте	шлевяха	шлеви	шлевете	шлевеики	шлевал	шлевала	шлевало	шлевали	шлевял	шлевяла	шлевяло	шлевели	шлевящ	шлевяща	шлевящо	шлевящи	шлеван	шлевана	шлевано	шлевани	шлевене	шлевенета
шляпам	-	-	-	-	-	-	шляпах	шляпа	шляпа	шляпахме	шляпахте	шляпаха	шляпах	шляпаше	шляпаше	шляпахме	шляпахте	шляпаха	шляпаи	шляпаите	шляпаики	шляпал	шляпала	шляпало	шляпали	шляпал	шляпала	шляпало	шляпали	шляпащ	шляпаща	шляпащо	шляпащи	шляпан	шляпана	шляпано	шляпани	шляпане	шляпанета
шумолевя	шумолевя	шумолевиш	шумолеви	шумолевим	шумолевите	шумолевят	шумолевих	шумолеви	шумолеви	шумолевихме	шумолевихте	шумолевиха	шумолевех	шумолевеше	шумолевеше	шумолевехме	шумолевехте	шумолевеха	шумолеви	шумолевете	шумолевеики	шумолевил	шумолевила	шумолевило	шумолевили	шумолевел	шумолевела	шумолевело	шумолевели	шумолевещ	шумолевеща	шумолевещо	шумолевещи	-	-	-	-	шумолевене	шумолевенета
шумя	шумя	шумиш	шуми	шумим	шумите	шумят	шумих	шуми	шуми	шумихме	шумихте	шумиха	шумях	шумеше	шумеше	шумяхме	шумяхте	шумяха	шуми	шумете	шумеики	шумил	шумила	шумило	шумили	шумял	шумяла	шумяло	шумели	шумящ	шумяща	шумящо	шумящи	шумен	шумена	шумено	шумени	шумене	шуменета
шупна	шупна	шупнеш	шупне	шупнем	шупнете	шупнат	шупнах	шупна	шупна	шупнахме	шупнахте	шупнаха	шупнех	шупнеше	шупнеше	шупнехме	шупнехте	шупнеха	шупни	шупнете	-	шупнал	шупнала	шупнало	шупнали	шупнел	шупнела	шупнело	шупнели	-	-	-	-	-	-	-	-	-	-
шуртя	шуртя	шуртиш	шурти	шуртим	шуртите	шуртят	шуртях	шуртя	шуртя	шуртяхме	шуртяхте	шуртяха	шуртях	шуртеше	шуртеше	шуртяхме	шуртяхте	шуртяха	шурти	шуртете	шуртеики	шуртял	шуртяла	шуртяло	шуртели	шуртял	шуртяла	шуртяло	шуртели	шуртящ	шуртяща	шуртящо	шуртящи	-	-	-	-	шуртене	шуртенета
шушукам	-	-	-	-	-	-	шушуках	шушука	шушука	шушукахме	шушукахте	шушукаха	шушуках	шушукаше	шушукаше	шушукахме	шушукахте	шушукаха	шушукаи	шушукаите	шушукаики	шушукал	шушукала	шушукало	шушукали	шушукал	шушукала	шушукало	шушукали	шушукащ	шушукаща	шушукащо	шушукащи	-	-	-	-	шушукане	шушуканета
ща	ща	щеш	ще	щем	щете	щат	щях	щеше	щеше	щяхме	щяхте	щяха	щях	щеше	щеше	щяхме	щяхте	щяха	-	-	-	щял	щяла	щяло	щели	щял	щяла	щяло	щели	-	-	-	-	-	-	-	-	-	-
щадя	щадя	щадиш	щади	щадим	щадите	щадят	щадих	щади	щади	щадихме	щадихте	щадиха	щадях	щадеше	щадеше	щадяхме	щадяхте	щадяха	щади	щадете	щадеики	щадил	щадила	щадило	щадели	щадял	щадяла	щадяло	щадели	щадящ	щадяща	щадящо	щадящи	щаден	щадена	щадено	щадени	щадене	щаденета
щипя	щипя	щипеш	щипе	щипем	щипете	щипят	щипах	щипа	щипа	щипахме	щипахте	щипаха	щипех	щипеше	щипеше	щипехме	щипехте	щипеха	щипи	щипете	щипеики	щипал	щипала	щипало	щипали	щипел	щипела	щипело	щипели	щипещ	щипеща	щипещо	щипещи	щипан	щипана	щипано	щипани	щипане	щипанета
щрапам	-	-	-	-	-	-	щрапах	щрапа	щрапа	щрапахме	щрапахте	щрапаха	щрапах	щрапаше	щрапаше	щрапахме	щрапахте	щрапаха	щрапаи	щрапаите	щрапаики	щрапал	щрапала	щрапало	щрапали	щрапал	щрапала	щрапало	щрапали	щрапащ	щрапаща	щрапащо	щрапащи	щрапан	щрапана	щрапано	щрапани	щрапане	щрапанета
щурея	щурея	щурееш	щурее	щуреем	щуреете	щуреят	щурях	щуря	щуря	щуряхме	щуряхте	щуряха	щуреех	щурееше	щурееше	щуреехме	щуреехте	щурееха	щуреи	щуреите	щурееики	щурял	щуряла	щуряло	щурели	щуреел	щуреела	щуреело	щуреели	щуреещ	щурееща	щуреещо	щуреещи	-	-	-	-	щуреене	щуреенета
ъхвам	-	-	-	-	-	-	ъхвах	ъхва	ъхва	ъхвахме	ъхвахте	ъхваха	ъхвах	ъхваше	ъхваше	ъхвахме	ъхвахте	ъхваха	ъхваи	ъхваите	ъхваики	ъхвал	ъхвала	ъхвало	ъхвали	ъхвал	ъхвала	ъхвало	ъхвали	ъхващ	ъхваща	ъхващо	ъхващи	-	-	-	-	ъхване	ъхванета
ъхна	ъхна	ъхнеш	ъхне	ъхнем	ъхнете	ъхнат	ъхнах	ъхна	ъхна	ъхнахме	ъхнахте	ъхнаха	ъхнех	ъхнеше	ъхнеше	ъхнехме	ъхнехте	ъхнеха	ъхни	ъхнете	-	ъхнал	ъхнала	ъхнало	ъхнали	ъхнел	ъхнела	ъхнело	ъхнели	-	-	-	-	-	-	-	-	-	-
юдя	юдя	юдиш	юди	юдим	юдите	юдят	юдих	юди	юди	юдихме	юдихте	юдиха	юдех	юдеше	юдеше	юдехме	юдехте	юдеха	юди	юдете	юдеики	юдил	юдила	юдило	юдили	юдел	юдела	юдело	юдели	юдещ	юдеща	юдещо	юдещи	юден	юдена	юдено	юдени	юдене	юденета
юрвам	-	-	-	-	-	-	юрвах	юрва	юрва	юрвахме	юрвахте	юрваха	юрвах	юрваше	юрваше	юрвахме	юрвахте	юрваха	юрваи	юрваите	юрваики	юрвал	юрвала	юрвало	юрвали	юрвал	юрвала	юрвало	юрвали	юрващ	юрваща	юрващо	юрващи	юрван	юрвана	юрвано	юрвани	юрване	юрванета
юркам	-	-	-	-	-	-	юрках	юрка	юрка	юркахме	юркахте	юркаха	юрках	юркаше	юркаше	юркахме	юркахте	юркаха	юркаи	юркаите	юркаики	юркал	юркала	юркало	юркали	юркал	юркала	юркало	юркали	юркащ	юркаща	юркащо	юркащи	юркан	юркана	юркано	юркани	юркане	юрканета
юря	юря	юриш	юри	юрим	юрите	юрят	юрих	юри	юри	юрихме	юрихте	юриха	юрех	юреше	юреше	юрехме	юрехте	юреха	юри	юрете	юреики	юрил	юрила	юрило	юрили	юрел	юрела	юрело	юрели	юрещ	юреща	юрещо	юрещи	юрен	юрена	юрено	юрени	юрене	юренета
явя	явя	явиш	яви	явим	явите	явят	явих	яви	яви	явихме	явихте	явиха	явях	явеше	явеше	явяхме	явяхте	явяха	яви	явете	-	явил	явила	явило	явили	явял	явяла	явяло	явели	-	-	-	-	явен	явена	явено	явени	-	-
явявам	-	-	-	-	-	-	явявах	явява	явява	явявахме	явявахте	явяваха	явявах	явяваше	явяваше	явявахме	явявахте	явяваха	явяваи	явяваите	явяваики	явявал	явявала	явявало	явявали	явявал	явявала	явявало	явявали	явяващ	явяваща	явяващо	явяващи	явяван	явявана	явявано	явявани	явяване	явяванета
ям	-	ядеш	яде	ядем	ядете	ядат	ядох	яде	яде	ядохме	ядохте	ядоха	ядях	ядеше	ядеше	ядяхме	ядяхте	ядяха	яж	яжте	ядейки	ял	яла	яло	яли	ядял	ядяла	ядяло	ядели	ядящ	ядяща	ядящо	ядящи	яден	ядена	ядено	ядени	ядене	ядения-нета
яря	яря	яриш	яри	ярим	ярите	ярят	ярих	яри	яри	ярихме	ярихте	яриха	ярях	яреше	яреше	яряхме	яряхте	яряха	яри	ярете	яреики	ярил	ярила	ярило	ярили	ярял	яряла	яряло	ярели	ярящ	яряща	ярящо	ярящи	ярен	ярена	ярено	ярени	ярене	яренета
яснея	яснея	яснееш	яснее	яснеем	яснеете	яснеят	яснях	ясня	ясня	ясняхме	ясняхте	ясняха	яснеех	яснееше	яснееше	яснеехме	яснеехте	яснееха	яснеи	яснеите	яснееики	яснял	ясняла	ясняло	яснели	яснеел	яснеела	яснеело	яснеели	яснеещ	яснееща	яснеещо	яснеещи	-	-	-	-	яснеене	яснеенета
яхам	-	-	-	-	-	-	яхах	яха	яха	яхахме	яхахте	яхаха	яхах	яхаше	яхаше	яхахме	яхахте	яхаха	яхаи	яхаите	яхаики	яхал	яхала	яхало	яхали	яхал	яхала	яхало	яхали	яхащ	яхаща	яхащо	яхащи	яхан	яхана	яхано	яхани	яхане	яханета
