# lemma	class (uje a i et-i et-eji ne)
archivařit	i
babičkovatět	et-i
babkovatět	et-i
bachratět	et-i
bacit	i
baculatět	et-i
bafuňařit	i
bafčit	i
bahnit	i
balamutit	i
baletit	i
balit	i
barvit	i
batolit	i
bačkorovatět	et-i
bařtipánovatět	et-i
baštit	i
bažit	i
bednit	i
bejčit	i
beranit	i
bečet	et-i
bicanovatět	et-i
blahobytnět	et-i
blahořečit	i
blažit	i
bloudit	i
blouznit	i
blyštět	et-i
blábolit	i
blátovatět	et-i
bláznit	i
blížit	i
blýštět	et-i
bohatit	i
bolavět	et-i
bolet	et-i
bortit	i
boulit	i
bouřit	i
bořit	i
bratřit	i
brebentit	i
brejlit	i
brečet	et-i
brigádničit	i
brnčet	et-i
brnět	et-i
brodit	i
brojit	i
brousit	i
brunátnět	et-i
bruslit	i
bručet	et-i
brzdit	i
bránit	i
brázdit	i
bubřet	et-i
buchtovatět	et-i
budit	i
bujet	et-i
bujnět	et-i
buldočit	i
bulit	i
burácet	et-i
burčet	et-i
bučet	et-i
bušit	i
bydlet	et-i
bystřit	i
bytnět	et-i
bzučet	et-i
bájit	i
bánit	i
básnit	i
bílit	i
býčit	i
bělet	et-i
bělit	i
běsnit	i
běžet	et-i
běžkařit	i
břichatět	et-i
břinčet	et-i
břáňat	a
břídit	i
cedit	i
cejtit	i
cenit	i
cepenět	et-i
chalupařit	i
chamtit	i
chatařit	i
chladit	i
chlácholit	i
chmelařit	i
chmelit	i
chmuřit	i
chodit	i
choulit	i
choulostivět	et-i
chovat	a
chořet	et-i
chrapotit	i
chraptět	et-i
chrastit	i
chrlit	i
chrnout	ne
chrnět	et-i
chroptět	et-i
chruchňat	a
chrudit	i
chránit	i
chrčet	et-i
chumelit	i
churavět	et-i
chvalořečit	i
chválit	i
chybět	et-i
chytit	i
chytračit	i
chýlit	i
chřastit	i
chřestit	i
cigánit	i
cikánit	i
civět	et-i
cizoložit	i
cizopasit	i
clonit	i
cmuchtit	i
cmudit	i
crčet	et-i
cuckovatět	et-i
cukernatět	et-i
cukrovatět	et-i
culit	i
cvičit	i
cvokatět	et-i
cvrčet	et-i
cyklit	i
cásnout	ne
cídit	i
cílit	i
cítit	i
danit	i
darebačit	i
dařit	i
delšit	i
diskotančit	i
divočet	et-i
dloužit	i
dlužit	i
dláždit	i
dobalit	i
dobarvit	i
dobatolit	i
dobečet	et-i
dobolet	et-i
dobouřit	i
dobrečet	et-i
dobrigádničit	i
dobrodit	i
dobrousit	i
dobrořečit	i
dobruslit	i
dobručet	et-i
dobrzdit	i
dobránit	i
dobrázdit	i
doburácet	et-i
dobučet	et-i
dobušit	i
dobzučet	et-i
dobásnit	i
dobíjet	et-i
dobílit	i
docedit	i
docelit	i
docenit	i
dochladit	i
dochlácholit	i
dochmelařit	i
dochodit	i
dochovat	a
dochrastit	i
dochroptět	et-i
dochránit	i
dochrčet	et-i
dochuravět	et-i
dochutit	i
dochytračit	i
docházet	et-i
dochřestit	i
docikánit	i
docizoložit	i
docvičit	i
docyklit	i
docílit	i
docítit	i
dodanit	i
dodláždit	i
dodrmolit	i
dodrnčet	et-i
dodráždit	i
dodržet	et-i
dodunět	et-i
dodusit	i
dodělit	i
dofandit	i
dofarmařit	i
dofotit	i
dofrajeřit	i
dofrčet	et-i
dofunkcionařit	i
dofunět	et-i
dofučet	et-i
doharašit	i
dohartusit	i
dohasit	i
dohihňat	a
dohladit	i
dohlaholit	i
dohloubit	i
dohlučet	et-i
dohlásit	i
dohlížet	et-i
dohmoždit	i
dohnojit	i
dohodit	i
doholit	i
doholubařit	i
dohonit	i
dohospodařit	i
dohovořit	i
dohořet	et-i
dohrnout	ne
dohrčet	et-i
dohulit	i
dohustit	i
dohučet	et-i
dohánět	et-i
doházet	et-i
dohřmět	et-i
dojasnit	i
dojednotit	i
dojezdit	i
doječet	et-i
dojiskřit	i
dojit	i
dojíždět	et-i
dokadit	i
dokamarádit	i
dokeťasit	i
doklidit	i
doklohnit	i
doklovat	a
doklátit	i
doklížit	i
dokojit	i
dokončit	i
dokoulet	et-i
dokoupit	i
dokouzlit	i
dokouřit	i
dokovat	a
dokoňařit	i
dokořenit	i
dokramařit	i
dokreslit	i
dokrojit	i
dokroutit	i
dokroužit	i
dokročit	i
dokrvácet	et-i
dokrájet	et-i
dokrátit	i
dokráčet	et-i
dokuchařit	i
dokuchtit	i
dokulit	i
dokurvit	i
dokutálet	et-i
dokvasit	i
dokvačit	i
dokvičet	et-i
dokvášet	et-i
dokvílet	et-i
dokynout	ne
dokypřit	i
dokyselit	i
dokácet	et-i
dokňučet	et-i
dokřepčit	i
dokřičet	et-i
doladit	i
dolanařit	i
dolenošit	i
dolesnit	i
doletnit	i
doletět	et-i
doleštit	i
dolichvařit	i
doloudit	i
doložit	i
doluštit	i
dolyžařit	i
doláteřit	i
doléčit	i
dolíčit	i
domarodit	i
domastit	i
domedit	i
domejšlet	et-i
domečet	et-i
domladit	i
domlynařit	i
domlátit	i
domlčet	et-i
domnožit	i
domodlit	i
domočit	i
domručet	et-i
domršit	i
domuškařit	i
domyslit	i
domířit	i
domýtit	i
domýšlet	et-i
doměnit	i
doměřit	i
donosit	i
donutit	i
donášet	et-i
doobjasnit	i
doobložit	i
doobsadit	i
doobtáčet	et-i
doodkalit	i
doostřit	i
doosídlit	i
dootáčet	et-i
doozvučit	i
dopachtit	i
dopanikařit	i
doparádit	i
dopařit	i
dopelášit	i
dopepřit	i
dopečetit	i
doplachtit	i
doplahočit	i
doplatit	i
doplenit	i
doplnit	i
doploužit	i
doplužit	i
doplynout	ne
doplácet	et-i
doplížit	i
dopodplácet	et-i
dopodvracet	et-i
dopolitikařit	i
doporučit	i
doporážet	et-i
dopotit	i
dopotácet	et-i
dopouzdřit	i
dopouštět	et-i
doprasit	i
doprdět	et-i
doprosit	i
doprotiřečit	i
doproutkařit	i
doprovodit	i
doprovázet	et-i
dopružit	i
doprýštit	i
dopustit	i
dopádit	i
dopájet	et-i
dopálit	i
dopídit	i
dopíjet	et-i
dopředplácet	et-i
dopřeložit	i
dopřemýšlet	et-i
dopřesnit	i
dopřetáčet	et-i
dopříštipkařit	i
dorachotit	i
doradit	i
dorandit	i
dorazit	i
dorevolucionařit	i
dorozdělit	i
dorozhraničit	i
dorozprávět	et-i
dorozumět	et-i
dorozvracet	et-i
dorozvádět	et-i
doručit	i
dorušit	i
dorybařit	i
doryčet	et-i
dorážet	et-i
dosadit	i
doseřídit	i
doskotačit	i
doskočit	i
doskučet	et-i
dosladit	i
dosloužit	i
doslzet	et-i
dosmažit	i
dosmolit	i
dosmrdět	et-i
dosmáčet	et-i
dosmýčit	i
dosnažit	i
dosněžit	i
dosolit	i
dosoudit	i
dosouložit	i
dosoupeřit	i
dosousedit	i
dosoustružit	i
dosoušet	et-i
dosplavnit	i
dospořit	i
dospájet	et-i
dostavět	et-i
dostačit	i
dostopařit	i
dostoupit	i
dostrašit	i
dostrojit	i
dostrčit	i
dostřelit	i
dostřílet	et-i
dosunout	ne
dosupět	et-i
dosušit	i
dosvačit	i
dosvištět	et-i
dosvítit	i
dosvědčit	i
dosvětlit	i
dosytit	i
dosyčet	et-i
dosázet	et-i
dosídlit	i
dotančit	i
dotaxikařit	i
dotaxíkařit	i
dotlačit	i
dotlumočit	i
dotláčet	et-i
dotočit	i
dotrmácet	et-i
dotrousit	i
dotroškařit	i
dotrpět	et-i
dotruhlařit	i
dotrápit	i
dotvořit	i
dotvrdit	i
dotvářet	et-i
dotábořit	i
dotápět	et-i
dotáčet	et-i
dotěsnit	i
dotěžit	i
dotřeštit	i
dotřídit	i
doudit	i
doudílet	et-i
douhradit	i
douklidit	i
douložit	i
doupřesnit	i
dousnášet	et-i
douspokojit	i
doučinit	i
doučit	i
dovagabundit	i
dovalit	i
dovařit	i
dovelet	et-i
dovečeřet	et-i
dovinařit	i
dovinout	ne
dovladařit	i
dovlažit	i
dovláčet	et-i
dovodit	i
dovolit	i
dovonět	et-i
dovorařit	i
dovotáčet	et-i
dovplácet	et-i
dovraždit	i
dovrstvit	i
dovrtit	i
dovrčet	et-i
dovršit	i
dovtipkařit	i
dovtípit	i
dovyjasnit	i
dovyklidit	i
dovyměnit	i
dovyplatit	i
dovyplnit	i
dovypodložit	i
dovyprávět	et-i
dovytvářet	et-i
dovyvinout	ne
dovyzvánět	et-i
dovyčistit	i
dovyšetřit	i
dovzdušnit	i
dovádět	et-i
doválčit	i
dovářet	et-i
dovážet	et-i
dovážit	i
dovíjet	et-i
dovčelařit	i
dověsit	i
dověšet	et-i
dozachovat	a
dozahájit	i
dozajistit	i
dozakrápět	et-i
dozaplatit	i
dozačlenit	i
dozbrojit	i
dozelenit	i
dozemnit	i
dozkoušet	et-i
dozlatit	i
dozměnit	i
doznačit	i
dozrušit	i
doztížit	i
dozuřit	i
dozvonit	i
dozápasit	i
dozávodit	i
dozářit	i
dozřídit	i
doúchylkařit	i
doúderničit	i
doúhořit	i
doúplatkařit	i
doúpět	et-i
doústupkařit	i
doútočit	i
doúvodníkařit	i
doúčastnit	i
doúředničit	i
dočernit	i
dočinit	i
dočistit	i
dočmoudit	i
dočmudit	i
dočumět	et-i
dořadit	i
doředit	i
dořepařit	i
dořezbařit	i
dořečnit	i
dořeřavět	et-i
dořešit	i
dořinčet	et-i
dořídit	i
došeredit	i
došetřit	i
došinout	ne
došišatit	i
doškolit	i
doškolkařit	i
doškolničit	i
doškorpit	i
doškotit	i
doškrtit	i
doškvařit	i
doškvířit	i
došlechtit	i
došmelinařit	i
došmrdolit	i
došmírařit	i
došpejlit	i
došpinit	i
došprýmařit	i
došrotit	i
došumařit	i
došumět	et-i
došveholit	i
došvitořit	i
dožebračit	i
dožehlit	i
doživořit	i
dožlutit	i
dožnout	ne
dožulit	i
dožvanit	i
drandit	i
dražit	i
dredovatět	et-i
drmolit	i
drnčet	et-i
drolit	i
drožkařit	i
drsnět	et-i
drtit	i
družit	i
dráždit	i
drčet	et-i
držet	et-i
duchařit	i
dunět	et-i
durdit	i
dusit	i
duřet	et-i
dužnatět	et-i
dvojit	i
dvořit	i
dychtit	i
dávit	i
dýmit	i
dědit	i
dědkovatět	et-i
dělit	i
děravět	et-i
děsit	i
dětinštět	et-i
dřepět	et-i
dřevnatět	et-i
dřevoobrábět	et-i
dřevěnět	et-i
fachčit	i
fandit	i
farmařit	i
fasit	i
fialovět	et-i
fintit	i
firnovatět	et-i
fičet	et-i
flekovatět	et-i
fotit	i
fotosázet	et-i
fotrovatět	et-i
frajeřit	i
frfňat	a
frnět	et-i
frčet	et-i
funkcionařit	i
funět	et-i
fučet	et-i
gelovatět	et-i
grafičit	i
grossovatět	et-i
gumovatět	et-i
hajnout	ne
halasit	i
halit	i
hamonit	i
hamounit	i
hanbit	i
hanět	et-i
harašit	i
hartusit	i
hasit	i
hatit	i
havlovatět	et-i
hašteřit	i
hemžit	i
hihňat	a
hladit	i
hladovět	et-i
hlaholit	i
hlaváčkovatět	et-i
hledět	et-i
hlenovatět	et-i
hlomozit	i
hloubit	i
hloučit	i
hlučet	et-i
hlásit	i
hmoždit	i
hniličet	et-i
hnojit	i
hnout	ne
hnusit	i
hnízdit	i
hodit	i
hodnotit	i
hojit	i
holit	i
holubařit	i
homolkovatět	et-i
honit	i
honosit	i
horlit	i
horšit	i
hospodařit	i
hostit	i
houbařit	i
houbovatět	et-i
hovořit	i
hovět	et-i
hořet	et-i
hradit	i
hranit	i
hraničit	i
hrbatit	i
hrbolatit	i
hrdlit	i
hrnout	ne
hrnčet	et-i
hromadit	i
hrotit	i
hroutit	i
hroužit	i
hrozit	i
hrudkovatět	et-i
hrčet	et-i
hubenět	et-i
hudlařit	i
huhňat	a
hulit	i
hustit	i
hutnit	i
hutnět	et-i
hučet	et-i
hvozdit	i
hynout	ne
hysterčit	i
hyzdit	i
hájit	i
házet	et-i
hýřit	i
hňahňat	a
hřešit	i
hřmotit	i
hřmět	et-i
hřížit	i
intrikařit	i
jankovatět	et-i
jančit	i
jasnit	i
jasnět	et-i
jednotit	i
jezdit	i
ječet	et-i
ježatit	i
ježit	i
jiskřit	i
jistit	i
jitřit	i
jizvit	i
julínkovatět	et-i
kabonit	i
kachnit	i
kadeřit	i
kadit	i
kalit	i
kamarádit	i
kamenět	et-i
kanit	i
kanout	ne
kantořit	i
kapalnit	i
kapalnět	et-i
karbanit	i
katit	i
kazit	i
keťasit	i
klanět	et-i
klenout	ne
klestit	i
klevetit	i
klečet	et-i
kleštit	i
klidit	i
klidnit	i
klidnět	et-i
klihovatět	et-i
klikatit	i
klnout	ne
klohnit	i
klonit	i
klopotit	i
kloubit	i
klovat	a
klučit	i
klábosit	i
klátit	i
klínit	i
klíčit	i
klížit	i
kmotrovatět	et-i
kmotřit	i
kničet	et-i
kohoutit	i
kojit	i
komolit	i
konejšit	i
končit	i
koprnět	et-i
koptit	i
kopčit	i
kormoutit	i
kornatět	et-i
kosit	i
kostelničit	i
kostnatět	et-i
kotit	i
kotvit	i
koulet	et-i
koupit	i
kouzlit	i
kouřit	i
kovat	a
kovoobrábět	et-i
koňařit	i
kořenit	i
kořistit	i
kořit	i
košatět	et-i
krabatit	i
krabatět	et-i
kramařit	i
krasobruslit	i
krasosmutnit	i
krasořečnit	i
krepatět	et-i
krepovatět	et-i
kreslit	i
krnět	et-i
krojit	i
krotit	i
kroutit	i
kroužit	i
kročit	i
kručet	et-i
krušit	i
krvavět	et-i
krvácet	et-i
krájet	et-i
krásnět	et-i
krátit	i
kráčet	et-i
krášlit	i
krémovatět	et-i
krčit	i
ksichtit	i
kuchařit	i
kuchtit	i
kudrnatit	i
kudrnatět	et-i
kuklit	i
kulatit	i
kulatět	et-i
kulit	i
kuláčet	et-i
kupčit	i
kurvit	i
kutit	i
kutálet	et-i
kušnit	i
kvasit	i
kvačit	i
kvičet	et-i
kvílet	et-i
kvílit	i
kymácet	et-i
kynout	ne
kypět	et-i
kypřit	i
kyselit	i
kácet	et-i
kálet	et-i
kámošit	i
kázat	a
kňučet	et-i
křenit	i
křepčit	i
křivdit	i
křičet	et-i
křídlatět	et-i
křísit	i
křížit	i
kšeftařit	i
kůrkovatět	et-i
ladit	i
lahodit	i
lajdačit	i
lakotit	i
lanařit	i
lačnit	i
lačnět	et-i
lebedit	i
ledovatět	et-i
ledovět	et-i
lenit	i
lenivět	et-i
lenošit	i
lepšit	i
letnit	i
letět	et-i
leštit	i
ležet	et-i
lhostejnět	et-i
lichotit	i
lichvařit	i
linout	ne
lišit	i
lnout	ne
lomozit	i
lopotit	i
loudit	i
loupežit	i
loupit	i
loutkařit	i
loučit	i
loužit	i
lozit	i
ložit	i
lpět	et-i
luštit	i
lyžařit	i
láteřit	i
léčit	i
lícit	i
lítostnit	i
líčit	i
magořit	i
malomyslnět	et-i
malátnět	et-i
mamonit	i
marnit	i
marnotratnit	i
marodit	i
mastit	i
mazlit	i
mazuřit	i
mařit	i
mechovatět	et-i
medit	i
medovatět	et-i
mejlit	i
melouchařit	i
menšit	i
merčit	i
metelit	i
meziuložit	i
mečet	et-i
mhouřit	i
miniuložit	i
minout	ne
mizet	et-i
mladit	i
mlynařit	i
mlátit	i
mléčit	i
mlčet	et-i
mlžit	i
mnout	ne
množit	i
mocnit	i
modelařit	i
modlit	i
modřit	i
mohutnět	et-i
mokřit	i
moudřet	et-i
mozolit	i
močit	i
mořit	i
mravenčit	i
mrazit	i
mračit	i
mrcasatit	i
mrcasatět	et-i
mrholit	i
mrtvět	et-i
mručet	et-i
mrzačit	i
mrzet	et-i
mrzoutit	i
mrčet	et-i
mršit	i
mrštit	i
muset	et-i
mučit	i
muškařit	i
mužnět	et-i
mydlit	i
myslit	i
mámit	i
máčet	et-i
míjet	et-i
mínit	i
mírnit	i
mísit	i
mířit	i
mýlit	i
mýtit	i
měkčit	i
mělnit	i
měnit	i
měřit	i
nabalamutit	i
nabalit	i
nabančit	i
nabarvit	i
nabaštit	i
nabažit	i
nabečet	et-i
nabloudit	i
nablyštět	et-i
nablábolit	i
nabolet	et-i
nabořit	i
nabrebentit	i
nabrečet	et-i
nabrigádničit	i
nabrodit	i
nabrousit	i
nabruslit	i
nabručet	et-i
nabubřet	et-i
nabudit	i
nabušit	i
nabájit	i
nabásnit	i
nabíjet	et-i
nabílit	i
nabízet	et-i
nabělit	i
nacedit	i
nacenit	i
nachladit	i
nachlácholit	i
nachmelit	i
nachmuřit	i
nachodit	i
nachovět	et-i
nachraptět	et-i
nachrlit	i
nachumelit	i
nachuravět	et-i
nachválit	i
nacházet	et-i
nachýlit	i
nachřestit	i
nacigánit	i
nacikánit	i
naculit	i
nacvičit	i
nadcenit	i
nadcházet	et-i
nadejet	et-i
nadhodit	i
nadhodnotit	i
nadhánět	et-i
nadjíždět	et-i
nadklonit	i
nadlehčit	i
nadlepšit	i
nadletět	et-i
nadnášet	et-i
nadohánět	et-i
nadojit	i
nadovádět	et-i
nadrandit	i
nadrmolit	i
nadrtit	i
nadráždit	i
nadržet	et-i
nadsadit	i
nadskočit	i
nadstavět	et-i
nadstřešit	i
nadtrhnout	ne
naduřet	et-i
nadvýšit	i
nadychtit	i
nadílet	et-i
nadýmit	i
nadělit	i
nadřadit	i
nadřídit	i
nafintit	i
nafotit	i
nafrajeřit	i
nafunkcionařit	i
nafučet	et-i
nahamonit	i
nahamounit	i
nahartusit	i
nahastrošit	i
nahihňat	a
nahlaholit	i
nahledět	et-i
nahloučit	i
nahlásit	i
nahlížet	et-i
nahmoždit	i
nahniličet	et-i
nahnout	ne
nahodit	i
nahonit	i
nahospodařit	i
nahovořit	i
nahradit	i
nahrnout	ne
nahromadit	i
nahrčet	et-i
nahulit	i
nahustit	i
nahučet	et-i
nahánět	et-i
naházet	et-i
naháňat	a
najednotit	i
najezdit	i
naježit	i
najíždět	et-i
nakabonit	i
nakadeřit	i
nakadit	i
nakazit	i
nakeťasit	i
naklevetit	i
naklidit	i
naklohnit	i
naklonit	i
naklopotit	i
naklánět	et-i
naklápět	et-i
naklátit	i
naklíčit	i
naklížit	i
nakojit	i
nakolejit	i
nakosit	i
nakoulet	et-i
nakoupit	i
nakouřit	i
nakořistit	i
nakrabatit	i
nakramařit	i
nakreslit	i
nakrojit	i
nakroutit	i
nakročit	i
nakrájet	et-i
nakrátit	i
nakráčet	et-i
nakrčit	i
nakuchtit	i
nakvasit	i
nakynout	ne
nakypět	et-i
nakypřit	i
nakácet	et-i
nakálet	et-i
nakřenit	i
nakřičet	et-i
nakřížit	i
naladit	i
nalakotit	i
nalanařit	i
nalenošit	i
nalesnit	i
naletnit	i
naletět	et-i
naleštit	i
naležet	et-i
nalichvařit	i
nalodit	i
nalopotit	i
naloupit	i
nalozit	i
naložit	i
nalíčit	i
namamonit	i
namanout	ne
namarodit	i
namastit	i
namladit	i
namlátit	i
namnožit	i
namodřit	i
namokřit	i
namočit	i
namořit	i
namrazit	i
namračit	i
namučit	i
namydlit	i
namyslit	i
namáčet	et-i
namísit	i
namířit	i
naměřit	i
nanosit	i
nanutit	i
nanášet	et-i
naobtáčet	et-i
naodklízet	et-i
naostřit	i
naotáčet	et-i
napachtit	i
naparádit	i
napařit	i
naplahočit	i
naplatit	i
naplašit	i
naplnit	i
napnout	ne
napodplácet	et-i
napodvracet	et-i
napodvádět	et-i
napojit	i
napomenout	ne
napopohánět	et-i
naporoučet	et-i
napotit	i
napotápět	et-i
napouštět	et-i
napražit	i
naprocházet	et-i
naprohlížet	et-i
naprosit	i
naproudit	i
naprovádět	et-i
napružit	i
naprášit	i
napršet	et-i
napustit	i
napučet	et-i
napájet	et-i
napálit	i
napěnit	i
napředjíždět	et-i
napřednášet	et-i
napředplácet	et-i
napředvádět	et-i
napřemýšlet	et-i
napřímit	i
narafičit	i
narandit	i
narazit	i
narašit	i
narochnit	i
narodit	i
narojit	i
narozsvěcet	et-i
narušit	i
narychlit	i
narážet	et-i
narůžovět	et-i
nasadit	i
naschránit	i
nasdílet	et-i
nasedět	et-i
nashromáždit	i
nashánět	et-i
naskladnit	i
naskotačit	i
naskočit	i
naskrblit	i
naslinit	i
nasloužit	i
nasmažit	i
nasmolit	i
nasmradit	i
nasněžit	i
nasolit	i
nasoudit	i
nasoužit	i
naspořit	i
naspájet	et-i
nastavět	et-i
nastolit	i
nastoupit	i
nastrašit	i
nastražit	i
nastrojit	i
nastrčit	i
nastudit	i
nastínit	i
nastřelit	i
nastříbřit	i
nastřílet	et-i
nasunout	ne
nasušit	i
nasvačit	i
nasvinit	i
nasvítit	i
nasvědčit	i
nasvětlit	i
nasytit	i
nasázet	et-i
natlačit	i
natnout	ne
natoužit	i
natočit	i
natrmácet	et-i
natroubit	i
natrousit	i
natroškařit	i
natrápit	i
natrávit	i
natužit	i
natvořit	i
natyčit	i
natáčet	et-i
natěšit	i
natěžit	i
natřásnit	i
naudílet	et-i
nauklízet	et-i
nausnášet	et-i
nauzdit	i
naučit	i
navalit	i
navařit	i
navečeřet	et-i
navházet	et-i
navinout	ne
navlažit	i
navlhčit	i
navlnit	i
navnadit	i
navodit	i
navolit	i
navonět	et-i
navotáčet	et-i
navozit	i
navplácet	et-i
navracet	et-i
navrstvit	i
navrtět	et-i
navrátit	i
navrčet	et-i
navršit	i
navymejšlet	et-i
navymýšlet	et-i
navyprávět	et-i
navyrábět	et-i
navyvádět	et-i
navádět	et-i
naválet	et-i
naválčit	i
navázat	a
navářet	et-i
navážet	et-i
navážit	i
navíjet	et-i
navýšit	i
navěsit	i
navětřit	i
navěšet	et-i
navštívit	i
nazelenit	i
nazkoušet	et-i
nazlatit	i
naznačit	i
nazurážet	et-i
nazvonit	i
nazvracet	et-i
nazvučit	i
nazávodit	i
načadit	i
načepýřit	i
načernit	i
načervenit	i
načeřit	i
načinit	i
načmoudit	i
načmudit	i
načoudit	i
načpět	et-i
načudit	i
načuřit	i
naňahňat	a
nařasit	i
naředit	i
nařehnit	i
nařásnit	i
nařídit	i
našetřit	i
našinout	ne
naškodit	i
naškotit	i
naškrtit	i
naškudlit	i
naškvířit	i
našlechtit	i
našpendlit	i
našpinit	i
našpičatit	i
našpulit	i
našrotit	i
naštětit	i
našveholit	i
našňořit	i
nažehlit	i
nažlutit	i
nažnout	ne
nažvanit	i
nenávidět	et-i
nepodsázet	et-i
nervoznět	et-i
nervóznět	et-i
nimrodit	i
ničit	i
nosit	i
notit	i
novinařit	i
nořit	i
nudit	i
nutit	i
nádeničit	i
náležet	et-i
násilnit	i
nítit	i
nížit	i
obahnit	i
obalamutit	i
obalit	i
obarvit	i
obchodničit	i
obchvátit	i
obcházet	et-i
obdařit	i
obdržet	et-i
obednit	i
obelhat	a
obepnout	ne
obestavět	et-i
obeznámit	i
obežnout	ne
obhlížet	et-i
obhodit	i
obhospodařit	i
obhořet	et-i
obhájit	i
objasnit	i
objezdit	i
objíždět	et-i
obklíčit	i
obkreslit	i
obkroutit	i
obkroužit	i
obkročit	i
oblažit	i
oblbit	i
obletět	et-i
obloudit	i
oblouznit	i
obložit	i
obludit	i
oblíbit	i
obmalovat	a
obmyslit	i
obmýšlet	et-i
obměkčit	i
obměnit	i
obnažit	i
obnosit	i
obnášet	et-i
obohatit	i
obolavět	et-i
obořit	i
obracet	et-i
obrazit	i
obrašit	i
obrečet	et-i
obrnit	i
obrodit	i
obroubit	i
obrousit	i
obrábět	et-i
obránit	i
obrátit	i
obrážet	et-i
obsadit	i
obskočit	i
obsloužit	i
obstavět	et-i
obstoupit	i
obstřelit	i
obtančit	i
obtočit	i
obtulit	i
obtáhnout	ne
obtáčet	et-i
obtížit	i
obudit	i
obveselit	i
obvinit	i
obydlet	et-i
obíjet	et-i
obílit	i
občerstvit	i
oběsit	i
obšťastnit	i
ocedit	i
ocenit	i
ochladit	i
ochmelit	i
ochmýřit	i
ochodit	i
ochotničit	i
ochočit	i
ochořet	et-i
ochraptět	et-i
ochrnout	ne
ochránit	i
ochudit	i
ochuravět	et-i
ochutit	i
ocigánit	i
ocikánit	i
octovatět	et-i
odbahnit	i
odbarvit	i
odbatolit	i
odbednit	i
odblanit	i
odblešit	i
odbočit	i
odbožštit	i
odbrebentit	i
odbrečet	et-i
odbrigádničit	i
odbrousit	i
odbruslit	i
odbrzdit	i
odbránit	i
odbydlet	et-i
odbíjet	et-i
odbřemenit	i
odcedit	i
odchlípit	i
odchodit	i
odchovat	a
odchraptět	et-i
odchytit	i
odcházet	et-i
odchýlit	i
odclonit	i
odcukernit	i
odcvičit	i
odcyklit	i
odcírkevnit	i
oddivadelnit	i
oddlužit	i
oddrandit	i
oddrmolit	i
oddrolit	i
oddálit	i
oddělit	i
odehnout	ne
odepnout	ne
odetnout	ne
odevrátit	i
odfandit	i
odfotit	i
odfrčet	et-i
odfunět	et-i
odfádnit	i
odfáčovat	a
odhalit	i
odhlučnit	i
odhlásit	i
odhlížet	et-i
odhmotnit	i
odhodit	i
odhojit	i
odhořet	et-i
odhrčet	et-i
odhuhňat	a
odhánět	et-i
odházet	et-i
odjednoznačnit	i
odjezdit	i
odječet	et-i
odjistit	i
odjíždět	et-i
odkalit	i
odklidit	i
odklonit	i
odklovat	a
odklánět	et-i
odklápět	et-i
odklátit	i
odklízet	et-i
odklížit	i
odkojit	i
odkornit	i
odkoulet	et-i
odkoupit	i
odkouřit	i
odkovat	a
odkreslit	i
odkrojit	i
odkroutit	i
odkroužit	i
odkrájet	et-i
odkráčet	et-i
odkulit	i
odkutálet	et-i
odkvačit	i
odkysličit	i
odkácet	et-i
odkřemenit	i
odkřemičit	i
odkřesťanit	i
odkřesťanštit	i
odkřičet	et-i
odladit	i
odlednit	i
odlehčit	i
odlesnit	i
odletnit	i
odletět	et-i
odleštit	i
odležet	et-i
odlidnit	i
odlidštit	i
odlistit	i
odlistnit	i
odlišit	i
odloudit	i
odloučit	i
odložit	i
odléčit	i
odlíčit	i
odmarodit	i
odmastit	i
odmladit	i
odmlčet	et-i
odmlžit	i
odmocnit	i
odmočit	i
odmořit	i
odmrazit	i
odmršit	i
odmrštit	i
odmuškařit	i
odmyslit	i
odmáčet	et-i
odmýšlet	et-i
odměnit	i
odměřit	i
odnaučit	i
odnosit	i
odnožit	i
odnáboženštit	i
odnárodnit	i
odnášet	et-i
odosobnit	i
odpařit	i
odpažit	i
odpelášit	i
odpečetit	i
odplachtit	i
odplatit	i
odplevelit	i
odplynit	i
odplynout	ne
odplácet	et-i
odplížit	i
odpojit	i
odporazit	i
odporoučet	et-i
odporučit	i
odpotácet	et-i
odpotápět	et-i
odpouštět	et-i
odpovolit	i
odpočinout	ne
odprdelit	i
odprdět	et-i
odprosit	i
odpružit	i
odprášit	i
odprýštit	i
odprůmyslnit	i
odpudit	i
odpustit	i
odpájet	et-i
odpálit	i
odpředbělit	i
odpřednášet	et-i
odpřeložit	i
odpřáhnout	ne
odpřírodnit	i
odrachotit	i
odradit	i
odrandit	i
odrazit	i
odrepetit	i
odrodit	i
odrolit	i
odročit	i
odrušit	i
odrážet	et-i
odrůznit	i
odsadit	i
odsedět	et-i
odskotačit	i
odskočit	i
odslizit	i
odsloužit	i
odsolit	i
odsoudit	i
odsouhlasit	i
odstoupit	i
odstranit	i
odstrašit	i
odstrojit	i
odstrčit	i
odstátnit	i
odstínit	i
odstředit	i
odstřelit	i
odstřílet	et-i
odsunout	ne
odsupět	et-i
odsvědčit	i
odsvětit	i
odsířit	i
odtajit	i
odtajnit	i
odtančit	i
odtemnět	et-i
odtlačit	i
odtlumit	i
odtočit	i
odtrestnit	i
odtroubit	i
odtrpět	et-i
odtrubnit	i
odtučnit	i
odtušit	i
odtáčet	et-i
odtížit	i
odtělesnit	i
odtěsnit	i
odtěžit	i
odtřídit	i
oduložit	i
odusit	i
oduspokojit	i
odučinit	i
odučit	i
oduševnit	i
odvalit	i
odvanout	ne
odvařit	i
odvděčit	i
odvelet	et-i
odvinout	ne
odviset	et-i
odvlhčit	i
odvlnit	i
odvláknit	i
odvodit	i
odvodnit	i
odvolit	i
odvozit	i
odvracet	et-i
odvrátit	i
odvyprávět	et-i
odvzdušnit	i
odvábit	i
odvádět	et-i
odválet	et-i
odvápnit	i
odvážet	et-i
odvážit	i
odvíjet	et-i
odvěsit	i
odvětit	i
odvětvit	i
odzbrojit	i
odzemnit	i
odzkoušet	et-i
odznačit	i
odzrcadlit	i
odzrnit	i
odzrušit	i
odzvonit	i
odzvracet	et-i
odzvánět	et-i
odzávodit	i
odúpět	et-i
odúročit	i
odčernit	i
odčervit	i
odčinit	i
odřadit	i
odřídit	i
odšinout	ne
odškodnit	i
odškolit	i
odškrtit	i
odšmrdolit	i
odšpejlit	i
odšpendlit	i
odštěničit	i
odšumět	et-i
odšupajdit	i
odšustit	i
odůvodnit	i
odželeznit	i
odžlučit	i
odžnout	ne
ofotit	i
oglejit	i
ohladit	i
ohledět	et-i
ohloupit	i
ohlušit	i
ohlásit	i
ohlášet	et-i
ohlížet	et-i
ohniličet	et-i
ohnout	ne
ohodit	i
ohodnotit	i
oholit	i
ohořet	et-i
ohradit	i
ohranit	i
ohraničit	i
ohrnout	ne
ohrozit	i
ohvězdit	i
ohvězdnit	i
ohyzdit	i
ohánět	et-i
oházet	et-i
ojezdit	i
ojínit	i
ojíždět	et-i
okadit	i
okalit	i
okařit	i
oklestit	i
okleštit	i
oklovat	a
oklátit	i
okněžit	i
okosit	i
okotit	i
okoulet	et-i
okounět	et-i
okouzlit	i
okouřit	i
okoušet	et-i
okovat	a
okořenit	i
okreslit	i
okrojit	i
okrájet	et-i
okrášlit	i
okulatit	i
okusit	i
okypřit	i
okyselit	i
okysličit	i
okřídlit	i
oleštit	i
olistit	i
oloupit	i
omarodit	i
omastit	i
omilostnit	i
omladit	i
omlátit	i
omlžit	i
omodřit	i
omočit	i
omrzet	et-i
omráčit	i
omámit	i
omáčet	et-i
onemocnět	et-i
oněmět	et-i
oparádit	i
opatřit	i
opařit	i
opentlit	i
opepřit	i
opevnit	i
opeřit	i
opičit	i
oplatit	i
oplešatět	et-i
oplodit	i
oplodnit	i
oplotit	i
oploutvit	i
oploštit	i
oploštět	et-i
oplácet	et-i
opláštit	i
opnout	ne
opodstatnit	i
opojit	i
opomenout	ne
opominout	ne
opomíjet	et-i
opotit	i
opouzdřit	i
opouštět	et-i
opovážit	i
opozdit	i
oprasit	i
opražit	i
oprdět	et-i
oprostit	i
oprudit	i
oprávnit	i
oprášit	i
opršet	et-i
opustit	i
opylit	i
opájet	et-i
opálit	i
opáčit	i
opíjet	et-i
orazit	i
orážet	et-i
osadit	i
osamostatnit	i
osamotit	i
osamět	et-i
osedět	et-i
osemenit	i
osiřet	et-i
osladit	i
oslinit	i
oslnit	i
oslunit	i
oslyšet	et-i
osmažit	i
osmýčit	i
osmělit	i
osolit	i
osoušet	et-i
osočit	i
ospravedlnit	i
ostouzet	et-i
ostudit	i
ostřit	i
ostřílet	et-i
osušit	i
osvalit	i
osvobodit	i
osvojit	i
osvítit	i
osvědčit	i
osvětlit	i
osvěžit	i
osázet	et-i
osídlit	i
osípět	et-i
otelit	i
oteplit	i
otlačit	i
otočit	i
otrnout	ne
otročit	i
otrávit	i
otupět	et-i
otužit	i
otálet	et-i
otápět	et-i
otáčet	et-i
otěhotnět	et-i
ouředničit	i
ovanout	ne
ovařit	i
ovdovět	et-i
ovinout	ne
ovlažit	i
ovlhčit	i
ovlivnit	i
ovonět	et-i
ovroubit	i
oválet	et-i
ovápnit	i
ovíjet	et-i
ovínit	i
ověnčit	i
ověsit	i
ověřit	i
ověšet	et-i
ovšednět	et-i
ozbrojit	i
ozdravět	et-i
ozelenit	i
ozkoušet	et-i
ozlatit	i
označit	i
oznámit	i
ozvláštnit	i
ozvučit	i
ozářit	i
ozřejmit	i
očadit	i
očalounit	i
očernit	i
očistit	i
očmoudit	i
očmudit	i
očoudit	i
očudit	i
ošatit	i
ošerednět	et-i
ošetřit	i
ošidit	i
ošišatit	i
ošklivět	et-i
oškvařit	i
ošpičatit	i
ošulit	i
ošumět	et-i
ošálit	i
ožebračit	i
oželet	et-i
oženit	i
ožlutit	i
ožlučit	i
ožnout	ne
ožulit	i
pachtit	i
panikařit	i
papučovatět	et-i
parádit	i
pastvit	i
patřit	i
pařit	i
pažit	i
pelešit	i
pelášit	i
pentlit	i
pepřit	i
perendit	i
perlit	i
pestřit	i
pečetit	i
pinožit	i
pitomět	et-i
pitvořit	i
pizdit	i
pištět	et-i
plachtit	i
plahočit	i
planout	ne
planět	et-i
platit	i
plavčit	i
plazit	i
plašit	i
plemenit	i
plenit	i
plesnivět	et-i
pletichařit	i
plevelit	i
plešatět	et-i
plichtit	i
plnit	i
plodit	i
ploužit	i
plovat	a
plstit	i
plstnatět	et-i
plužit	i
plynout	ne
plísnit	i
plížit	i
pnout	ne
poalbánštit	i
poamerikánštit	i
poameričtit	i
poangličtit	i
poarabštit	i
pobakalářštit	i
pobarvit	i
pobloudit	i
poblouznit	i
pobláznit	i
pobouřit	i
pobořit	i
pobratřit	i
pobrečet	et-i
pobrněnštit	i
pobulharštit	i
pobíjet	et-i
pobízet	et-i
pocejtit	i
pochodit	i
pochovat	a
pochválit	i
pochytit	i
pocházet	et-i
pocvičit	i
pocítit	i
podařit	i
podbarvit	i
podbíjet	et-i
podbízet	et-i
podcenit	i
podchladit	i
podchytit	i
podcházet	et-i
podepnout	ne
podestavět	et-i
podetnout	ne
podhodit	i
podhodnotit	i
podhrnout	ne
podhustit	i
podjíždět	et-i
podklenout	ne
podkovat	a
podkreslit	i
podkročit	i
podladit	i
podletět	et-i
podloudničit	i
podložit	i
podmanit	i
podmastit	i
podmračit	i
podmáčet	et-i
podmínit	i
podnítit	i
podojit	i
podovádět	et-i
podplatit	i
podplazit	i
podplácet	et-i
podpojistit	i
podpořit	i
podpálit	i
podrandit	i
podrazit	i
podražit	i
podroušit	i
podrtit	i
podráždit	i
podrážet	et-i
podržet	et-i
podsadit	i
podskočit	i
podsladit	i
podstoupit	i
podstrojit	i
podstrčit	i
podstřelit	i
podsunout	ne
podsvítit	i
podsvětlit	i
podtočit	i
podtáhnout	ne
podtáčet	et-i
podusit	i
podvinout	ne
podvolit	i
podvracet	et-i
podvrátit	i
podvádět	et-i
podvěšet	et-i
podílet	et-i
podědit	i
podělit	i
poděsit	i
podřadit	i
podřídit	i
poevropštit	i
pofinštit	i
pofrancouzštit	i
pofrčet	et-i
pogermánštit	i
pohanět	et-i
pohašteřit	i
pohladit	i
pohledět	et-i
pohltit	i
pohlížet	et-i
pohmoždit	i
pohnojit	i
pohodit	i
pohodlnět	et-i
pohonit	i
pohoršit	i
pohostit	i
pohovořit	i
pohovět	et-i
pohořet	et-i
pohroužit	i
pohynout	ne
pohánět	et-i
poházet	et-i
pohřešit	i
pohřížit	i
poindiánštit	i
poindičtit	i
poitalštit	i
pojezdit	i
pojistit	i
pojit	i
pojíždět	et-i
pokadit	i
pokalit	i
pokamenit	i
pokatoličit	i
pokatoličtit	i
pokazit	i
poklidit	i
poklonit	i
poklábosit	i
poklápět	et-i
poklízet	et-i
pokoulet	et-i
pokoupit	i
pokouřit	i
pokoušet	et-i
pokovat	a
pokořit	i
pokreslit	i
pokrotit	i
pokroutit	i
pokročit	i
pokrájet	et-i
pokrátit	i
pokrčit	i
pokurvit	i
pokusit	i
pokynout	ne
pokácet	et-i
pokálet	et-i
pokřesťanštit	i
poladit	i
polahodit	i
polatinštit	i
polebedit	i
polehčit	i
polepšit	i
poletnit	i
poleštit	i
poležet	et-i
polichotit	i
polidštit	i
politikařit	i
pololežet	et-i
poloobnažit	i
polosedět	et-i
polouklidnit	i
polovydláždit	i
poločistit	i
položit	i
poltit	i
políbit	i
políčit	i
pomarodit	i
pomastit	i
pomazlit	i
pomaďarštit	i
pomejšlet	et-i
pominout	ne
pomlátit	i
pomlčet	et-i
pomnožit	i
pomodlit	i
pomodřit	i
pomokřit	i
pomosaznit	i
pomoučnit	i
pomočit	i
pomydlit	i
pomyslit	i
pomíjet	et-i
pomísit	i
pomýlit	i
pomýšlet	et-i
pomědit	i
poměnit	i
poměřit	i
ponapomenout	ne
ponaučit	i
poničit	i
ponorštit	i
ponosit	i
ponořit	i
ponížit	i
poněmčit	i
poobnažit	i
poobrátit	i
poobveselit	i
pooddálit	i
poodhalit	i
poodhrnout	ne
poodletět	et-i
poodložit	i
poodrážet	et-i
poodskočit	i
poodstoupit	i
poodstrčit	i
poodsunout	ne
poodvalit	i
poohlížet	et-i
poohnout	ne
poohrnout	ne
pootočit	i
pootáčet	et-i
popanštit	i
popatřit	i
popelavět	et-i
popelit	i
popepřit	i
poplatit	i
poplašit	i
poplenit	i
poplynout	ne
popnout	ne
popocházet	et-i
popohánět	et-i
popojíždět	et-i
popolštit	i
poponášet	et-i
poposadit	i
poposkočit	i
popostoupit	i
popostrčit	i
poposunout	ne
popouzet	et-i
popouštět	et-i
popošinout	ne
poprosit	i
poprznit	i
poprášit	i
popudit	i
popustit	i
popálit	i
popíjet	et-i
popřemýšlet	et-i
poradit	i
poranit	i
porazit	i
porochnit	i
porodit	i
poroučet	et-i
porozbíjet	et-i
porozdělit	i
porozhlížet	et-i
porozházet	et-i
porozmýšlet	et-i
porozprávět	et-i
porozumět	et-i
porozvracet	et-i
poručit	i
porušit	i
poruštit	i
porážet	et-i
posadit	i
posedět	et-i
poshovět	et-i
poshánět	et-i
posilnit	i
poskočit	i
poskvrnit	i
poslinit	i
posloužit	i
poslovanštit	i
poslovenštit	i
posmutnit	i
posmutnět	et-i
posolit	i
posoudit	i
pospojit	i
pospájet	et-i
pospíšit	i
posrbštit	i
posrážet	et-i
postačit	i
postit	i
postoupit	i
postrašit	i
postrojit	i
postrčit	i
postátnit	i
postáčet	et-i
postřelit	i
postříbřit	i
postřílet	et-i
posunout	ne
posvačit	i
posvištět	et-i
posvítit	i
posvětit	i
posvětštit	i
posázet	et-i
posílit	i
potatit	i
potemnět	et-i
potit	i
potlačit	i
potmět	et-i
potratit	i
potrhnout	ne
potrpět	et-i
potrápit	i
potvořit	i
potvrdit	i
potácet	et-i
potápět	et-i
potěšit	i
potřeštit	i
potřísnit	i
poudílet	et-i
pouhradit	i
pouklidit	i
pouklízet	et-i
poulit	i
pouložit	i
pousnášet	et-i
pouspokojit	i
poustevničit	i
poustoupit	i
pouzdřit	i
poučit	i
pouštět	et-i
povadit	i
povalit	i
povařit	i
poveselit	i
povečeřet	et-i
povinout	ne
povodit	i
povolit	i
povotáčet	et-i
povozit	i
povracet	et-i
povraždit	i
povrstvit	i
povrtit	i
povyhrnout	ne
povyprávět	et-i
povypůjčit	i
povyrazit	i
povyrážet	et-i
povysadit	i
povyskočit	i
povystoupit	i
povystrčit	i
povysázet	et-i
povyčistit	i
povzbudit	i
povznášet	et-i
poválet	et-i
povápnit	i
povážit	i
povíjet	et-i
povýšit	i
pověsit	i
pověřit	i
pozabíjet	et-i
pozachovat	a
pozajíždět	et-i
pozakrápět	et-i
pozaplatit	i
pozapomenout	ne
pozdit	i
pozdržet	et-i
pozelenit	i
pozemštit	i
pozhášet	et-i
pozlatit	i
pozměnit	i
poznačit	i
pozpřeházet	et-i
pozrušit	i
poztrácet	et-i
pozurážet	et-i
pozvracet	et-i
pozvrátit	i
pozápadnět	et-i
poárijštit	i
počalounit	i
počernit	i
počeštit	i
počistit	i
počínštit	i
poňuchňat	a
pořečtit	i
pořešit	i
pořídit	i
pošinout	ne
poškodit	i
poškorpit	i
poškrtit	i
poškvrnit	i
poškádlit	i
pošpanělštit	i
pošpatnit	i
pošpinit	i
pošprechtit	i
pošramotit	i
poštěstit	i
pošupajdit	i
pošušňat	a
pošvýcarštit	i
poženit	i
poženštit	i
požidovštit	i
požlutit	i
požnout	ne
požvanit	i
pramenit	i
prasečit	i
prasit	i
praštit	i
praštět	et-i
pražit	i
prdět	et-i
probarvit	i
probendit	i
probloudit	i
problouznit	i
probolet	et-i
probouzet	et-i
probořit	i
probrebentit	i
probrečet	et-i
probrigádničit	i
probrodit	i
probrousit	i
probruslit	i
probrzdit	i
probrázdit	i
probudit	i
probíjet	et-i
probělit	i
procedit	i
prochladit	i
prochodit	i
prochrnět	et-i
prochuravět	et-i
procházet	et-i
prochřestit	i
procivět	et-i
procvičit	i
procyklit	i
procítit	i
prodloužit	i
prodražit	i
produchovnit	i
produchovnět	et-i
produnět	et-i
produsit	i
produševnit	i
prodychtit	i
prodělit	i
proděravět	et-i
profandit	i
profičet	et-i
profotit	i
profrčet	et-i
profunkcionařit	i
profunět	et-i
prohihňat	a
prohloubit	i
prohloupit	i
prohlásit	i
prohlížet	et-i
prohnojit	i
prohnout	ne
prohodit	i
prohonit	i
prohospodařit	i
prohovořit	i
prohořet	et-i
prohrnout	ne
prohumóznit	i
prohučet	et-i
prohánět	et-i
proházet	et-i
prohýřit	i
prohřešit	i
projasnit	i
projednotit	i
projezdit	i
projíždět	et-i
prokarbanit	i
proklenout	ne
proklestit	i
proklečet	et-i
prokleštit	i
proklovat	a
prokoulet	et-i
prokouřit	i
prokořenit	i
prokreslit	i
prokrvácet	et-i
prokrátit	i
prokráčet	et-i
prokutálet	et-i
prokvasit	i
prokvičet	et-i
prokvílet	et-i
prokymácet	et-i
prokypřit	i
prokysličit	i
prokácet	et-i
prokňučet	et-i
prokřemenit	i
prokřičet	et-i
prokřížit	i
proladit	i
prolenošit	i
proletnit	i
proletět	et-i
proležet	et-i
prolnout	ne
prolozit	i
proložit	i
promarnit	i
promarodit	i
promastit	i
promazlit	i
promařit	i
promejšlet	et-i
prominout	ne
promlčet	et-i
promnout	ne
promodlit	i
promočit	i
promořit	i
promuškařit	i
promyslit	i
promáčet	et-i
promíjet	et-i
promísit	i
promýtit	i
promýšlet	et-i
proměnit	i
proměřit	i
pronudit	i
pronášet	et-i
prootálet	et-i
proparádit	i
propařit	i
properlit	i
proplachtit	i
proplatit	i
proplešatět	et-i
proplužit	i
proplynit	i
proplynout	ne
proplácet	et-i
proplížit	i
propnout	ne
propojit	i
propotit	i
propotácet	et-i
propouštět	et-i
propršet	et-i
propudit	i
propustit	i
propájet	et-i
propálit	i
propíjet	et-i
propřemýšlet	et-i
propůjčit	i
prorachotit	i
prorandit	i
prorazit	i
prorejdit	i
prorezavět	et-i
prorezivět	et-i
prorážet	et-i
prosadit	i
prosedět	et-i
prosit	i
proskotačit	i
proskočit	i
prosladit	i
proslinit	i
proslunit	i
proslídit	i
prosmažit	i
prosmejčit	i
prosmolit	i
prosmýčit	i
prosněžit	i
prosolit	i
prosoudit	i
prostavět	et-i
prostoupit	i
prostrčit	i
prostudit	i
prostřelit	i
prostřílet	et-i
prosunout	ne
prosušit	i
prosvištět	et-i
prosvítit	i
prosvětlit	i
prosytit	i
prosyčet	et-i
prosázet	et-i
prosířit	i
protančit	i
protemnit	i
protemnět	et-i
proteplit	i
protiřečit	i
protlačit	i
protočit	i
protroškařit	i
protrpět	et-i
protrápit	i
protáčet	et-i
protříbit	i
protřídit	i
proudit	i
prouklízet	et-i
proutkařit	i
provalit	i
provanout	ne
provařit	i
provinit	i
provinout	ne
provlažit	i
provlhčit	i
provlnit	i
provodit	i
provonět	et-i
provrásnit	i
provzdušnit	i
provádět	et-i
proválet	et-i
proválčit	i
provápnit	i
provázet	et-i
provážet	et-i
provážit	i
províjet	et-i
prověsit	i
prověřit	i
prozahálet	et-i
prozkoušet	et-i
prozměnit	i
prozradit	i
prozrcadlit	i
prozvonit	i
prozvracet	et-i
prozvučit	i
prozvánět	et-i
prozávodit	i
prozářit	i
pročernit	i
pročeřit	i
pročistit	i
pročumět	et-i
prořítit	i
prošedivět	et-i
prošetřit	i
proškolit	i
prošlechtit	i
prošmejdit	i
prošumět	et-i
proživořit	i
prožlutit	i
prožnout	ne
prožvanit	i
prudit	i
pružit	i
pryštit	i
prznit	i
práchnivět	et-i
prášit	i
prýštit	i
pršet	et-i
průhlednět	et-i
puchýřovatět	et-i
puchřet	et-i
pudit	i
pustit	i
pustošit	i
pučet	et-i
pučit	i
pytlačit	i
pyšnit	i
pábit	i
pádit	i
pájet	et-i
pálit	i
páčit	i
pářit	i
pídit	i
pílit	i
písničkařit	i
pórovatět	et-i
pýřit	i
pěnit	i
pěstit	i
přebalit	i
přebarvit	i
přebodovat	a
přebolet	et-i
přebrodit	i
přebrousit	i
přebruslit	i
přebuchtit	i
přebudit	i
přebujet	et-i
přeburácet	et-i
přebásnit	i
přebíjet	et-i
přebílit	i
přecedit	i
přecenit	i
přechladit	i
přechodit	i
přechovat	a
přechuravět	et-i
přechutit	i
přechválit	i
přechytračit	i
přecházet	et-i
přechýlit	i
přecitlivět	et-i
přecvičit	i
předanit	i
předbělit	i
předchladit	i
předcházet	et-i
předcvičit	i
předepnout	ne
předhodit	i
předhonit	i
předhánět	et-i
předjíždět	et-i
předklenout	ne
předklonit	i
předklánět	et-i
předkovat	a
předkreslit	i
předkrájet	et-i
předkynout	ne
předkácet	et-i
předladit	i
předletět	et-i
předleštit	i
předložit	i
předlužit	i
předláždit	i
předmísit	i
přednatočit	i
přednožit	i
přednášet	et-i
předpažit	i
předplatit	i
předplácet	et-i
předpustit	i
předpřeložit	i
předražit	i
předrnčet	et-i
předrtit	i
předráždit	i
předržet	et-i
předsadit	i
předskočit	i
předsmažit	i
předsoušet	et-i
předstoupit	i
předstrčit	i
předsunout	ne
předsušit	i
předsázet	et-i
předtančit	i
předtočit	i
předtápět	et-i
předtáčet	et-i
předtřídit	i
předurčit	i
předuveřejnit	i
předvařit	i
předvolit	i
předvyplnit	i
předvytvořit	i
předvádět	et-i
předvářet	et-i
předvěsit	i
předvěstit	i
předzajistit	i
předzavádět	et-i
předzkreslit	i
předznačit	i
předzvědět	et-i
předčinit	i
předčistit	i
předčit	i
předělit	i
předřadit	i
přefandit	i
přefotit	i
přefrčet	et-i
přehloubit	i
přehltit	i
přehlučet	et-i
přehlušit	i
přehlásit	i
přehlížet	et-i
přehnojit	i
přehnout	ne
přehodit	i
přehodnotit	i
přeholit	i
přehořet	et-i
přehradit	i
přehrnout	ne
přehrčet	et-i
přehustit	i
přehvězdit	i
přehánět	et-i
přeházet	et-i
přehřmět	et-i
přejinačit	i
přejíždět	et-i
překabátit	i
překazit	i
překlenout	ne
překlohnit	i
překlonit	i
překlánět	et-i
překlápět	et-i
překlížit	i
překotit	i
překoulet	et-i
překoupit	i
překouzlit	i
překouřit	i
překovat	a
překořenit	i
překreslit	i
překrojit	i
překroutit	i
překročit	i
překrájet	et-i
překulit	i
překutálet	et-i
překvasit	i
překynout	ne
překypět	et-i
překyselit	i
překysličit	i
překážet	et-i
překřičet	et-i
překřížit	i
přeladit	i
přelanařit	i
přeletět	et-i
přeleštit	i
přeležet	et-i
přelidnit	i
přelodit	i
přeložit	i
přeléčit	i
přelíčit	i
přemastit	i
přemejšlet	et-i
přemladit	i
přemlátit	i
přemnožit	i
přemokřit	i
přemostit	i
přemoudřet	et-i
přemrazit	i
přemrštit	i
přemísit	i
přemístit	i
přemýšlet	et-i
přeměnit	i
přeměřit	i
přenosit	i
přenáhlit	i
přenášet	et-i
přeobsadit	i
přeonačit	i
přeoplodit	i
přeostřit	i
přeozvučit	i
přepařit	i
přepažit	i
přepepřit	i
přeplachtit	i
přeplatit	i
přeplazit	i
přeplnit	i
přeplynout	ne
přeplácet	et-i
přepláštit	i
přeplížit	i
přepnout	ne
přepodstatnit	i
přepojistit	i
přepojit	i
přepouštět	et-i
přepražit	i
přepustit	i
přepájet	et-i
přepálit	i
přepůlit	i
přerazit	i
přerodit	i
přerojit	i
přerozdělit	i
přerozvracet	et-i
přerušit	i
přerážet	et-i
přesadit	i
přeschválit	i
přesdvědčit	i
přesedět	et-i
přeskladnit	i
přeskočit	i
přesladit	i
přesloužit	i
přesmažit	i
přesolit	i
přesoustružit	i
přestavět	et-i
přestoupit	i
přestrašit	i
přestrojit	i
přestátnit	i
přestřelit	i
přestřílet	et-i
přesunout	ne
přesušit	i
přesvištět	et-i
přesvítit	i
přesvědčit	i
přesvětit	i
přesvětlit	i
přesytit	i
přesázet	et-i
přesídlit	i
přetančit	i
přetlačit	i
přetlumočit	i
přetláčet	et-i
přetnout	ne
přetočit	i
přetroškařit	i
přetrpět	et-i
přetučnět	et-i
přetvořit	i
přetvářet	et-i
přetápět	et-i
přetáčet	et-i
přetížit	i
přetěsnit	i
přetřídit	i
přeudit	i
přeudílet	et-i
přeuložit	i
přeusnášet	et-i
přeučinit	i
přeučit	i
převalit	i
převařit	i
převelet	et-i
převinout	ne
převlažit	i
převlhčit	i
převláčet	et-i
převolit	i
převonět	et-i
převracet	et-i
převrstvit	i
převrátit	i
převtělit	i
převychovat	a
převypodložit	i
převyprávět	et-i
převádět	et-i
převálet	et-i
převářet	et-i
převážet	et-i
převážit	i
převíjet	et-i
převýšit	i
převěsit	i
přezachovat	a
přezaplatit	i
přezbrojit	i
přezelenit	i
přezkoušet	et-i
přezměnit	i
přeznačit	i
přezrušit	i
přezvětšit	i
přezávodit	i
přezářit	i
přeúchylkařit	i
přeúhořit	i
přeúplatkařit	i
přeúpět	et-i
přeústupkařit	i
přečalounit	i
přečernit	i
přečistit	i
přečíslit	i
přeřadit	i
přešetřit	i
přešinout	ne
přešišatit	i
přeškolit	i
přeškrtit	i
přeškvařit	i
přeškvířit	i
přešlechtit	i
přešrotit	i
přešumět	et-i
přešupajdit	i
přežehlit	i
přežulit	i
přibalit	i
přibarvit	i
přibatolit	i
přiblížit	i
přibrousit	i
přibruslit	i
přibrzdit	i
přiburácet	et-i
přibájit	i
přibásnit	i
přibíjet	et-i
přichovat	a
přichumelit	i
přichutit	i
přichvátit	i
přichytit	i
přicházet	et-i
přichýlit	i
přiclonit	i
přiclánět	et-i
přidanit	i
přidrandit	i
přidražit	i
přidružit	i
přidržet	et-i
přidusit	i
přidělit	i
přifařit	i
přifičet	et-i
přifotit	i
přifrčet	et-i
přifunět	et-i
přihasit	i
přihladit	i
přihlásit	i
přihlížet	et-i
přihmouřit	i
přihnojit	i
přihnout	ne
přihodit	i
přihojit	i
přihoršit	i
přihradit	i
přihranit	i
přihrnout	ne
přihrotit	i
přihrčet	et-i
přihustit	i
přihánět	et-i
přiházet	et-i
přijíždět	et-i
přiklohnit	i
přiklonit	i
přiklánět	et-i
přiklápět	et-i
přiklátit	i
přiklížit	i
přikotvit	i
přikoulet	et-i
přikoupit	i
přikouzlit	i
přikovat	a
přikořenit	i
přikreslit	i
přikrojit	i
přikročit	i
přikrájet	et-i
přikrátit	i
přikráčet	et-i
přikrášlit	i
přikrčit	i
přikuchtit	i
přikulit	i
přikutit	i
přikutálet	et-i
přikvačit	i
přikvičet	et-i
přikymácet	et-i
přikyselit	i
přikřížit	i
přiladit	i
přilepšit	i
přiletět	et-i
přiležet	et-i
přilichotit	i
přilnout	ne
přiloudit	i
přiložit	i
přilícit	i
přilíčit	i
přimastit	i
přimhouřit	i
přimladit	i
přimořit	i
přimrazit	i
přimyslit	i
přimísit	i
přimýšlet	et-i
přiměřit	i
přinožit	i
přinutit	i
přináležet	et-i
přinášet	et-i
přiostřit	i
přiotrávit	i
připažit	i
připepřit	i
připevnit	i
připečetit	i
připlachtit	i
připlatit	i
připloužit	i
připlužit	i
připlynout	ne
připlácet	et-i
připlížit	i
připnout	ne
připodobnit	i
připojistit	i
připojit	i
připomenout	ne
připosrazit	i
připostrčit	i
připotácet	et-i
připouštět	et-i
připovědět	et-i
připozdit	i
připražit	i
připustit	i
připájet	et-i
připálit	i
připíjet	et-i
připřeložit	i
přirachotit	i
přirazit	i
přirozvracet	et-i
přirušit	i
přirychlit	i
přirážet	et-i
přisadit	i
přiskotačit	i
přiskočit	i
přisladit	i
přisloužit	i
přislíbit	i
přismažit	i
přisněžit	i
přisolit	i
přisoudit	i
přisoustružit	i
přispořit	i
přispíšit	i
přistavět	et-i
přistoupit	i
přistrojit	i
přistrčit	i
přistínit	i
přisunout	ne
přisupět	et-i
přisvištět	et-i
přisvojit	i
přisvítit	i
přisvědčit	i
přisvětlit	i
přisázet	et-i
přitahnout	ne
přitančit	i
přiteplit	i
přitlačit	i
přitmelit	i
přitočit	i
přitroškařit	i
přitulit	i
přitužit	i
přitvořit	i
přitvrdit	i
přitvářet	et-i
přitápět	et-i
přitáčet	et-i
přitížit	i
přitěsnit	i
přitřídit	i
přiudit	i
přiuhradit	i
přiusnášet	et-i
přiuspokojit	i
přiučinit	i
přiučit	i
přivalit	i
přivanout	ne
přivařit	i
přivinout	ne
přivlastnit	i
přivlažit	i
přivláčet	et-i
přivodit	i
přivolit	i
přivonět	et-i
přivplácet	et-i
přivracet	et-i
přivrátit	i
přivtělit	i
přivypodložit	i
přivzdušnit	i
přivábit	i
přivádět	et-i
přiválet	et-i
přivápnit	i
přivázat	a
přivážet	et-i
přivážit	i
přivíjet	et-i
přivěsit	i
přizachovat	a
přizaplatit	i
přizbrojit	i
přizdržet	et-i
přizelenit	i
přizemnit	i
přizměnit	i
přizrušit	i
přizvonit	i
přizvánět	et-i
přičernit	i
přičinit	i
přičlenit	i
přičmoudit	i
přičmudit	i
přičoudit	i
přiřadit	i
přiředit	i
přiřítit	i
přišinout	ne
přiškolit	i
přiškrtit	i
přiškvařit	i
přiškvířit	i
přišlechtit	i
přišmrdolit	i
přišpejlit	i
přišpendlit	i
přišpičatit	i
přišrotit	i
přišumět	et-i
přišupajdit	i
přiženit	i
přátelit	i
přímit	i
přímospustit	i
přísedět	et-i
příslušet	et-i
přísnět	et-i
příčit	i
příštipkařit	i
příživničit	i
půjčit	i
půlit	i
rachotit	i
radit	i
rafičit	i
randit	i
ranit	i
rathovatět	et-i
razit	i
rašit	i
rdousit	i
rejdit	i
repetit	i
revolucionařit	i
rezatět	et-i
rezavět	et-i
rezivět	et-i
rezovatět	et-i
rmoutit	i
rochnit	i
rochňat	a
rodinkařit	i
rodit	i
rohovatět	et-i
rohovět	et-i
rojit	i
rolničit	i
ronit	i
rosit	i
rosolovatět	et-i
roubit	i
rozbahnit	i
rozbalit	i
rozbečet	et-i
rozblátit	i
rozbolavět	et-i
rozbolestnit	i
rozbolet	et-i
rozbouřit	i
rozbočit	i
rozbořit	i
rozbrebentit	i
rozbrečet	et-i
rozbrnět	et-i
rozbruslit	i
rozbručet	et-i
rozbrázdit	i
rozbujet	et-i
rozbujnět	et-i
rozburácet	et-i
rozbučet	et-i
rozbušit	i
rozbydlet	et-i
rozbzučet	et-i
rozbásnit	i
rozbíjet	et-i
rozběsnit	i
rozchlípit	i
rozchodit	i
rozchvátit	i
rozcházet	et-i
rozchřestit	i
rozcitlivět	et-i
rozcvičit	i
rozdivočet	et-i
rozdovádět	et-i
rozdrnčet	et-i
rozdrolit	i
rozdrtit	i
rozdružit	i
rozdráždit	i
rozdunět	et-i
rozdurdit	i
rozdvojit	i
rozdychtit	i
rozdílet	et-i
rozdělit	i
rozebrat	a
rozehnout	ne
rozehřmět	et-i
rozemnout	ne
rozesadit	i
rozesmutnit	i
rozestavět	et-i
rozestoupit	i
rozestřílet	et-i
rozezkoušet	et-i
rozezvonit	i
rozezvučet	et-i
rozežvanit	i
rozfunět	et-i
rozhalit	i
rozhasit	i
rozhašteřit	i
rozhihňat	a
rozhlaholit	i
rozhlučet	et-i
rozhlásit	i
rozhlížet	et-i
rozhodit	i
rozhojnit	i
rozhorlit	i
rozhostit	i
rozhovořit	i
rozhořet	et-i
rozhořčit	i
rozhraničit	i
rozhrnout	ne
rozhučet	et-i
rozhánět	et-i
rozházet	et-i
rozhýřit	i
rozhřešit	i
rozinkovatět	et-i
rozjasnit	i
rozjařit	i
rozjezdit	i
rozječet	et-i
rozježit	i
rozjitřit	i
rozjizvit	i
rozjíždět	et-i
rozkamarádit	i
rozkatit	i
rozklenout	ne
rozkloubit	i
rozklovat	a
rozklápět	et-i
rozklátit	i
rozklížit	i
rozkmotřit	i
rozkohoutit	i
rozkoulet	et-i
rozkošatit	i
rozkošatět	et-i
rozkramařit	i
rozkreslit	i
rozkrojit	i
rozkroutit	i
rozkročit	i
rozkrvácet	et-i
rozkrájet	et-i
rozkulačit	i
rozkurážit	i
rozkutálet	et-i
rozkvasit	i
rozkvílet	et-i
rozkymácet	et-i
rozkynout	ne
rozkypět	et-i
rozkřičet	et-i
rozkřídlit	i
rozladit	i
rozledět	et-i
rozletnit	i
rozletět	et-i
rozleštit	i
rozležet	et-i
rozlinout	ne
rozlišit	i
rozloučit	i
rozložit	i
rozluštit	i
rozlítit	i
rozlítostnit	i
rozmarodit	i
rozmazlit	i
rozmejšlet	et-i
rozmlátit	i
rozmlžit	i
rozmnožit	i
rozmočit	i
rozmrazit	i
rozmrzet	et-i
rozmydlit	i
rozmyslit	i
rozmáčet	et-i
rozmísit	i
rozmístit	i
rozmýšlet	et-i
rozměkčit	i
rozmělnit	i
rozměnit	i
rozměřit	i
roznosit	i
roznožit	i
roznášet	et-i
roznítit	i
rozněžnit	i
rozněžnět	et-i
rozohnit	i
rozostřit	i
rozparádit	i
rozpařit	i
rozpažit	i
rozpečetit	i
rozpištět	et-i
rozplamenit	i
rozplatit	i
rozplašit	i
rozplemenit	i
rozplevelit	i
rozplnit	i
rozplodit	i
rozplynout	ne
rozpodvracet	et-i
rozpojit	i
rozpoložit	i
rozpoltit	i
rozpomenout	ne
rozpotácet	et-i
rozpouštět	et-i
rozpražit	i
rozprdět	et-i
rozprostovlasatit	i
rozprostranit	i
rozproudit	i
rozprávět	et-i
rozprášit	i
rozpršet	et-i
rozptýlit	i
rozpustit	i
rozpučet	et-i
rozpálit	i
rozpáčit	i
rozpíjet	et-i
rozpěnit	i
rozpůjčit	i
rozpůlit	i
rozrachotit	i
rozradostnit	i
rozradostnět	et-i
rozrazit	i
rozrušit	i
rozrážet	et-i
rozrůznit	i
rozsadit	i
rozsedět	et-i
rozskočit	i
rozslzet	et-i
rozsmutnit	i
rozsněžit	i
rozsoudit	i
rozsršet	et-i
rozstavět	et-i
rozstoupit	i
rozstřelit	i
rozstřílet	et-i
rozsušit	i
rozsvištět	et-i
rozsvítit	i
rozsvěcet	et-i
rozsvědit	i
rozsvětlit	i
rozsázet	et-i
rozsídlit	i
roztančit	i
roztesknit	i
roztlačit	i
roztláčet	et-i
roztoužit	i
roztočit	i
roztrojit	i
roztroubit	i
roztrousit	i
roztroškařit	i
roztrpčit	i
roztápět	et-i
roztáčet	et-i
roztřídit	i
roztříštit	i
rozudílet	et-i
rozumět	et-i
rozusnášet	et-i
rozuzlit	i
rozvadit	i
rozvalit	i
rozvanout	ne
rozvařit	i
rozveselit	i
rozvichřit	i
rozvinout	ne
rozvlnit	i
rozvláknit	i
rozvodnit	i
rozvolnit	i
rozvonět	et-i
rozvozit	i
rozvracet	et-i
rozvrstvit	i
rozvrtit	i
rozvrtět	et-i
rozvrátit	i
rozvrčet	et-i
rozvyprávět	et-i
rozvzpomenout	ne
rozvzteklit	i
rozvádět	et-i
rozválet	et-i
rozvázat	a
rozvářet	et-i
rozvášnit	i
rozvážet	et-i
rozvážit	i
rozvíjet	et-i
rozvířit	i
rozvěsit	i
rozvětvit	i
rozvěšet	et-i
rozzměnit	i
rozzrnit	i
rozzuřit	i
rozzvracet	et-i
rozzvučet	et-i
rozzávodit	i
rozzářit	i
rozčepejřit	i
rozčepýřit	i
rozčertit	i
rozčeřit	i
rozčilit	i
rozčlenit	i
rozčtvrtit	i
rozčílit	i
rozňahňat	a
rozřadit	i
rozředit	i
rozřečnit	i
rozřešit	i
rozřinčet	et-i
rozškorpit	i
rozškvařit	i
rozškvířit	i
rozšlechtit	i
rozšpejlit	i
rozšpendlit	i
rozšrotit	i
rozšumět	et-i
rozšveholit	i
rozšvitořit	i
rozšířit	i
rozžehlit	i
rozžvanit	i
rožnit	i
rožnout	ne
rublovatět	et-i
ruměnit	i
ručit	i
rušit	i
rybařit	i
rychlit	i
rychlobruslit	i
rychlokvasit	i
rychlonabíjet	et-i
rychlonatáčet	et-i
ryčet	et-i
ryšavět	et-i
rámusit	i
ráčit	i
rýhovatět	et-i
různit	i
růžovět	et-i
sadit	i
salašit	i
samoběžet	et-i
samohojit	i
samojistit	i
samoopylit	i
samoplodit	i
samorozbalit	i
samorozpustit	i
samoshromáždit	i
samosplodit	i
samospouštět	et-i
samospustit	i
samotařit	i
samotřídit	i
samoučit	i
samovybíjet	et-i
samozavádět	et-i
samočistit	i
samořídit	i
sbalit	i
sblížit	i
sbratřit	i
sbrousit	i
sbydlet	et-i
sbíjet	et-i
scedit	i
scelit	i
schladit	i
schnout	ne
schoulit	i
schovat	a
schrastit	i
schránět	et-i
schválit	i
schvátit	i
scházet	et-i
schýlit	i
sdružit	i
sdílet	et-i
sdělit	i
sebedrtit	i
sebehodnotit	i
sebeoplodnit	i
sebepodvádět	et-i
sebepoškodit	i
sebeprznit	i
seberozpustit	i
seberozvinout	ne
seberozvíjet	et-i
sebeubíjet	et-i
sebeukájet	et-i
sebeuplatnit	i
sebeuspokojit	i
sebeutvářet	et-i
sebevraždit	i
sebevyjádřit	i
sebezachovat	a
sebezařadit	i
sebezhodnotit	i
sebečistit	i
secvičit	i
sedlačit	i
sedět	et-i
sepnout	ne
sesadit	i
seskočit	i
sesmilnit	i
sesmolit	i
sesouhlasit	i
sestoupit	i
sestrojit	i
sestrčit	i
sestřelit	i
sestřílet	et-i
sesunout	ne
sesázet	et-i
setmelit	i
setmět	et-i
setnout	ne
setřídit	i
seznámit	i
seřadit	i
seřídit	i
sešedivět	et-i
sešeřit	i
sešikmit	i
sešinout	ne
sešišatit	i
seškrtit	i
seškvařit	i
sešpendlit	i
sešpulit	i
sešrotit	i
sešvagřit	i
sešvakřit	i
sežehlit	i
sežnout	ne
shladit	i
shloučit	i
shlížet	et-i
shodit	i
shořet	et-i
shrnout	ne
shromáždit	i
shánět	et-i
sházet	et-i
sháňat	a
sirupovatět	et-i
sivět	et-i
sjednotit	i
sjezdit	i
sjíždět	et-i
skamarádit	i
skanout	ne
sklenout	ne
sklidit	i
sklonit	i
skloubit	i
sklovatět	et-i
sklánět	et-i
sklápět	et-i
sklátit	i
sklínit	i
sklízet	et-i
sklíčit	i
sklížit	i
skolit	i
skončit	i
skotačit	i
skoulet	et-i
skoupit	i
skovat	a
skočit	i
skrblit	i
skreslit	i
skrojit	i
skroutit	i
skrájet	et-i
skrápět	et-i
skrčit	i
skulit	i
skutit	i
skutálet	et-i
skučet	et-i
skvrnit	i
skvět	et-i
skácet	et-i
skřečet	et-i
skřípět	et-i
sladit	i
sladovničit	i
slanit	i
sletět	et-i
sležet	et-i
slinit	i
slizovatět	et-i
sloučit	i
sloužit	i
složit	i
slunit	i
slušet	et-i
slynout	ne
slyšet	et-i
slzet	et-i
slíbit	i
slídit	i
smažit	i
smejčit	i
smejšlet	et-i
smilnit	i
smlčet	et-i
smolit	i
smočit	i
smradit	i
smrdět	et-i
smrštit	i
smutit	i
smutnit	i
smyslit	i
smáčet	et-i
smísit	i
smířit	i
smýtit	i
smýčit	i
smýšlet	et-i
směnit	i
smět	et-i
snažit	i
snosit	i
snoubit	i
snovat	a
snožit	i
snášet	et-i
snížit	i
sněžit	i
sochařit	i
solit	i
soptit	i
soucítit	i
soudit	i
souhlasit	i
soukromničit	i
souložit	i
sounáležet	et-i
soupeřit	i
sousedit	i
soustružit	i
soustředit	i
soutěžit	i
souviset	et-i
souzvučet	et-i
souřadit	i
soužit	i
sočit	i
spasit	i
spatřit	i
spařit	i
splatit	i
splavnit	i
splašit	i
splnit	i
sploštit	i
splužit	i
splynout	ne
splácet	et-i
spojit	i
spokojit	i
spoludotvářet	et-i
spoludržet	et-i
spoluoprávnit	i
spolupocítit	i
spolupodílet	et-i
spolupojistit	i
spolusdílet	et-i
spolusrážet	et-i
spolutvořit	i
spoluutvářet	et-i
spoluuvádět	et-i
spoluvlastnit	i
spoluvychovat	a
spoluvytvořit	i
spoluvytvářet	et-i
spoluzaložit	i
spoluzapříčinit	i
spoluzavinit	i
spoluúčastnit	i
spolčit	i
spouštět	et-i
spočinout	ne
spořit	i
spražit	i
sprostit	i
sprosťačit	i
sprovodit	i
spustit	i
spájet	et-i
spálit	i
spářit	i
spíjet	et-i
spřátelit	i
spříznit	i
srazit	i
srotit	i
sroubit	i
srozumět	et-i
srážet	et-i
sršet	et-i
stahnout	ne
stanout	ne
statnět	et-i
stavět	et-i
stačit	i
stkvět	et-i
stlačit	i
stmelit	i
stolit	i
stonkovatět	et-i
stopařit	i
stočit	i
strakatit	i
stranit	i
strašit	i
stražit	i
strmět	et-i
strnout	ne
strojit	i
strpět	et-i
strávit	i
strčit	i
stržit	i
studit	i
stulit	i
stvořit	i
stvrdit	i
stydět	et-i
stápět	et-i
stáčet	et-i
stínit	i
stísnit	i
středit	i
střelit	i
střežit	i
stříbřit	i
střílet	et-i
střízlivět	et-i
sulcovatět	et-i
sunout	ne
superzabezpečit	i
superzřetězit	i
supět	et-i
surovět	et-i
sušit	i
svalit	i
svanout	ne
svatořečit	i
svačit	i
svařit	i
svinit	i
svinout	ne
svištět	et-i
svlažit	i
svolit	i
svozit	i
svraštit	i
svraštět	et-i
svrbět	et-i
svrtit	i
svádět	et-i
sválet	et-i
svářet	et-i
svářit	i
svážet	et-i
svážit	i
svíjet	et-i
svítit	i
svědit	i
svědčit	i
svěsit	i
světit	i
světlet	et-i
svěřit	i
sytit	i
syčet	et-i
sádelnatět	et-i
sázet	et-i
sídlit	i
sílit	i
sípět	et-i
sířit	i
sýřit	i
sřasit	i
sřečit	i
tajit	i
tajnůstkařit	i
tanout	ne
tančit	i
tarasit	i
tasit	i
taxikařit	i
taxíkařit	i
taškařit	i
telit	i
temnit	i
temnět	et-i
tenčit	i
tesařit	i
tesknit	i
tetelit	i
teřet	et-i
tišit	i
tknout	ne
tkvět	et-i
tlačit	i
tlumočit	i
tmavět	et-i
tmelit	i
tmět	et-i
tnout	ne
tonout	ne
topolánkovatět	et-i
topornět	et-i
topořit	i
toužit	i
točit	i
tratit	i
trmácet	et-i
trnout	ne
trojčit	i
troubit	i
trouchlivět	et-i
trouchnivět	et-i
trousit	i
troškařit	i
trpět	et-i
truchlit	i
trudit	i
truhlařit	i
trápit	i
trávit	i
trýznit	i
trčet	et-i
trčit	i
trůnit	i
tržit	i
tulit	i
tupět	et-i
tučnět	et-i
tušit	i
tužit	i
tvarohovatět	et-i
tvořit	i
tvrdit	i
tvárnit	i
tvářet	et-i
tvářit	i
tyčit	i
tyřet	et-i
tábořit	i
tísnit	i
tížit	i
týčit	i
týřet	et-i
tělnatět	et-i
tělocvičit	i
těsnit	i
těšit	i
těžit	i
třeštit	i
třpytit	i
třásnit	i
tříbit	i
třídit	i
třísnit	i
tříštit	i
uadvokátit	i
ubalit	i
ubednit	i
ubezpečit	i
ublížit	i
ubrebentit	i
ubrečet	et-i
ubrigádničit	i
ubrousit	i
ubručet	et-i
ubrzdit	i
ubránit	i
ubučet	et-i
ubíjet	et-i
ubílit	i
ucedit	i
ucejtit	i
ucelit	i
uchladit	i
uchlácholit	i
uchodit	i
uchovat	a
uchramostit	i
uchraptět	et-i
uchránit	i
uchválit	i
uchvátit	i
uchytit	i
ucházet	et-i
uchýlit	i
uchřestit	i
ucmuchtit	i
ucmudit	i
uctnostnit	i
uculit	i
ucítit	i
udařit	i
udeřit	i
udit	i
udobřit	i
udojit	i
udomácnit	i
udomácnět	et-i
udrolit	i
udržet	et-i
udusit	i
udávit	i
udílet	et-i
udělit	i
uděsit	i
ufrnět	et-i
ufunkcionařit	i
ufunět	et-i
uhamonit	i
uhasit	i
uhelnatět	et-i
uhihňat	a
uhladit	i
uhledět	et-i
uhlinit	i
uhniličit	i
uhnout	ne
uhnízdit	i
uhodit	i
uhojit	i
uhonit	i
uhorčit	i
uhospodařit	i
uhostit	i
uhovořit	i
uhořet	et-i
uhradit	i
uhranout	ne
uhrdlit	i
uhrozit	i
uhučet	et-i
uhvozdit	i
uhynout	ne
uhájit	i
uhánět	et-i
uházet	et-i
uhášet	et-i
ujasnit	i
ujařmit	i
ujedinit	i
ujednotit	i
ujemnit	i
ujezdit	i
uječet	et-i
ujistit	i
ujíždět	et-i
ukalit	i
ukanout	ne
uklidit	i
uklidnit	i
uklohnit	i
uklonit	i
uklopotit	i
uklovat	a
uklánět	et-i
uklízet	et-i
ukmochtit	i
uknotit	i
ukojit	i
ukolejnit	i
ukonejšit	i
ukončit	i
ukoptit	i
ukostřit	i
ukotvit	i
ukoulet	et-i
ukoupit	i
ukouřit	i
ukovat	a
ukořistit	i
ukrojit	i
ukrotit	i
ukroutit	i
ukročit	i
ukrvavět	et-i
ukrvácet	et-i
ukrájet	et-i
ukrápět	et-i
ukrátit	i
ukrášlit	i
ukrčit	i
ukuchtit	i
ukutit	i
ukájet	et-i
ukálet	et-i
ukáznit	i
ukřivdit	i
ukřičet	et-i
uladit	i
ulahodit	i
ulakotit	i
ulebedit	i
ulehčit	i
uletět	et-i
uležet	et-i
ulichotit	i
ulopotit	i
uloudit	i
uloupit	i
uložit	i
ulpět	et-i
uléčit	i
ulíbit	i
ulíčit	i
umanout	ne
umastit	i
umazlit	i
umařit	i
umenšit	i
umlátit	i
umlčet	et-i
umnožit	i
umocnit	i
umodlit	i
umodřit	i
umokřit	i
umoudřet	et-i
umoudřit	i
umounit	i
umoučit	i
umoučnit	i
umozolit	i
umočit	i
umořit	i
umožnit	i
umravnit	i
umrazit	i
umračit	i
umrnět	et-i
umrtvit	i
umrtvět	et-i
umučit	i
umáčet	et-i
umínit	i
umírnit	i
umísit	i
umístit	i
umístnit	i
umět	et-i
uměřit	i
uničit	i
unosit	i
unořit	i
unožit	i
unudit	i
unáhlit	i
unášet	et-i
unížit	i
uobtáčet	et-i
upachtit	i
upařit	i
upažit	i
upelešit	i
upelášit	i
upevnit	i
upečetit	i
upištět	et-i
uplahočit	i
uplatit	i
uplatnit	i
uplašit	i
uplichtit	i
uplodit	i
uplynout	ne
uplácet	et-i
upnout	ne
upodvracet	et-i
upokojit	i
upokořit	i
upomenout	ne
uponížit	i
upopelit	i
upotit	i
upouštět	et-i
upovšechnit	i
upozadit	i
upozdit	i
upozornit	i
uprasit	i
upravdit	i
upražit	i
uprdelit	i
uprocházet	et-i
uprosit	i
uprostranit	i
uprázdnit	i
uprášit	i
upustit	i
upytlačit	i
upálit	i
upáčit	i
upíjet	et-i
upěnit	i
upět	et-i
upřednostnit	i
upřednášet	et-i
upřemýšlet	et-i
upřesnit	i
upříjemnit	i
upřílišit	i
upřílišnit	i
uradit	i
urandit	i
urazit	i
urdousit	i
urmoutit	i
urodit	i
uronit	i
urosit	i
urputit	i
urputnět	et-i
uručit	i
urychlit	i
uryšit	i
uráčit	i
urážet	et-i
urýšit	i
určit	i
usadit	i
usalašit	i
usamostatnit	i
uschopnit	i
uschovat	a
uschránit	i
usedět	et-i
ushromáždit	i
ushánět	et-i
usjednotit	i
uskladnit	i
usklepnit	i
uskotačit	i
uskočit	i
uskrblit	i
uskromnit	i
uskutečnit	i
uskřinout	ne
uslinit	i
usloužit	i
uslyšet	et-i
uslzet	et-i
usmažit	i
usmolit	i
usmrtit	i
usmyslit	i
usmířit	i
usmýšlet	et-i
usměrnit	i
usnadnit	i
usnout	ne
usnášet	et-i
usoplit	i
usoptit	i
usoudit	i
usoustavnit	i
usoustružit	i
usoustředit	i
usouvztažnit	i
usoužit	i
usplavnit	i
uspokojit	i
uspořit	i
uspíšit	i
usrozumět	et-i
ustejnit	i
ustoupit	i
ustranit	i
ustrašit	i
ustrnout	ne
ustrojit	i
ustrčit	i
ustudit	i
ustupnit	i
ustvořit	i
ustydět	et-i
ustájit	i
ustálit	i
ustředit	i
ustřelit	i
ustřežit	i
ustřídmit	i
ustřílet	et-i
usunout	ne
usušit	i
usvinit	i
usvědčit	i
usvětit	i
usyčet	et-i
usázet	et-i
usídlit	i
utajit	i
utanout	ne
utančit	i
utemnit	i
utenčit	i
uteplit	i
utesknit	i
utetelit	i
utišit	i
utkvět	et-i
utlačit	i
utláčet	et-i
utmelit	i
utnout	ne
utonout	ne
utoužit	i
utočit	i
utratit	i
utrmácet	et-i
utrnout	ne
utrolit	i
utrousit	i
utroškařit	i
utrpět	et-i
utrácet	et-i
utrápit	i
utrávit	i
utrýznit	i
utrůnit	i
utržit	i
utulit	i
utušit	i
utužit	i
utvořit	i
utvrdit	i
utvárnit	i
utvářet	et-i
utábořit	i
utájet	et-i
utápět	et-i
utísnit	i
utížit	i
utěsnit	i
utěšit	i
utříbit	i
utřídit	i
uudit	i
uvalit	i
uvařit	i
uveličit	i
uveřejnit	i
uvidět	et-i
uvinout	ne
uvláčet	et-i
uvláčit	i
uvodit	i
uvolit	i
uvolnit	i
uvrstvit	i
uvrtět	et-i
uvzpomenout	ne
uvábit	i
uvádět	et-i
uválet	et-i
uvápnit	i
uvážet	et-i
uvážit	i
uvíjet	et-i
uvědomit	i
uvěznit	i
uvěčnit	i
uvěřit	i
uvřeštět	et-i
uzachovat	a
uzaplatit	i
uzapomenout	ne
uzbrojit	i
uzdit	i
uzdravět	et-i
uzemit	i
uzemnit	i
uzlit	i
uzlovatět	et-i
uzměnit	i
uzvonit	i
uzákonit	i
uzávodit	i
uzřejmit	i
učadit	i
učernit	i
učinit	i
učistit	i
učit	i
učlenit	i
učlověčit	i
učmoudit	i
učmudit	i
učoudit	i
učudit	i
uřadit	i
uřečnit	i
uřídit	i
uřítit	i
ušedivět	et-i
ušinout	ne
uškodit	i
uškotit	i
uškrtit	i
uškudlit	i
uškvařit	i
uškvířit	i
ušlechtit	i
ušpendlit	i
ušpinit	i
ušpoulit	i
ušpulit	i
uštířit	i
uštědřit	i
ušušnět	et-i
ušušňat	a
užehlit	i
uživotnit	i
užnout	ne
užulit	i
užvanit	i
vadit	i
vagabundit	i
valašit	i
valit	i
vanout	ne
varhanit	i
varhaničit	i
varhanět	et-i
varhánkovatět	et-i
vatřit	i
vařit	i
vbalit	i
vbatolit	i
vbortit	i
vbočit	i
vbořit	i
vbrousit	i
vbruslit	i
vburácet	et-i
vbájit	i
vbásnit	i
vbíjet	et-i
vbízet	et-i
vcenit	i
vchlípit	i
vchodit	i
vchoulit	i
vchrlit	i
vcházet	et-i
vcítit	i
vdláždit	i
vdrandit	i
vdědit	i
vdělit	i
vděčit	i
vehnat	a
vehřmět	et-i
vejměničit	i
vejřit	i
vekreslit	i
velet	et-i
veličit	i
velnout	ne
vemnout	ne
venkovatět	et-i
venčit	i
veselit	i
vestavět	et-i
vetlačit	i
vetrousit	i
vetšet	et-i
vevalit	i
vevanout	ne
vevlnit	i
vevláčet	et-i
vevábit	i
vevádět	et-i
večeřet	et-i
vešpendlit	i
vhalit	i
vhloubit	i
vhlížet	et-i
vhnízdit	i
vhodit	i
vhojit	i
vhostit	i
vhovořit	i
vhrnout	ne
vhroutit	i
vhrouzit	i
vhroužit	i
vhrčet	et-i
vhučet	et-i
vhánět	et-i
vházet	et-i
vhřížit	i
vichřit	i
vidět	et-i
vilnit	i
vinařit	i
vinit	i
vinklařit	i
vinout	ne
viset	et-i
vjíždět	et-i
vkanout	ne
vklenout	ne
vkloubit	i
vklátit	i
vklínit	i
vklížit	i
vkotoulet	et-i
vkotvit	i
vkoulet	et-i
vkoupit	i
vkouzlit	i
vkovat	a
vkořenit	i
vkreslit	i
vkrojit	i
vkroutit	i
vkroužit	i
vkročit	i
vkráčet	et-i
vkuklit	i
vkutálet	et-i
vkřičet	et-i
vladařit	i
vlastenčit	i
vlastnit	i
vlažit	i
vlažnět	et-i
vletět	et-i
vlhčit	i
vlichotit	i
vlinout	ne
vlnit	i
vloudit	i
vložit	i
vláčet	et-i
vláčnit	i
vláčnět	et-i
vlídnět	et-i
vlčet	et-i
vmazlit	i
vmezeřit	i
vmlátit	i
vmrštit	i
vmyslit	i
vmísit	i
vmístit	i
vmýšlet	et-i
vnadit	i
vnořit	i
vnutit	i
vnášet	et-i
vobcházet	et-i
vobjasnit	i
vobklíčit	i
voblažit	i
voblbit	i
vobložit	i
vobracet	et-i
vobroubit	i
vobrátit	i
vobsadit	i
vobsloužit	i
voběsit	i
vocenit	i
vochraptět	et-i
vochránit	i
vodbarvit	i
vodcházet	et-i
vodepnout	ne
vodhodit	i
vodhánět	et-i
vodit	i
vodjíždět	et-i
vodklidit	i
vodkoupit	i
vodkroutit	i
vodkráčet	et-i
vodložit	i
vodnatět	et-i
vodničit	i
vodoléčit	i
vodpouštět	et-i
vodpovolit	i
vodpočinout	ne
vodprdelit	i
vodpustit	i
vodpálit	i
vodrážet	et-i
vodsedět	et-i
vodskočit	i
vodsoudit	i
vodstranit	i
vodstřelit	i
vodtroubit	i
vodvalit	i
vodvařit	i
vodvádět	et-i
vodvážet	et-i
vodzvonit	i
vohlásit	i
vohnout	ne
vohodit	i
voholit	i
vohořet	et-i
vohrnout	ne
vohánět	et-i
vojančit	i
vojačit	i
vojevodit	i
vojvodit	i
vojíždět	et-i
vokounět	et-i
volačit	i
volit	i
volnit	i
vomilostnit	i
vomlátit	i
vomráčit	i
vomámit	i
vonemocnět	et-i
vonět	et-i
vopatřit	i
vopařit	i
vopouštět	et-i
voprdět	et-i
voprášit	i
vopustit	i
vorazit	i
vorařit	i
vosamotit	i
voskovatět	et-i
vosladit	i
voslnit	i
vosmažit	i
vosolit	i
vosvobodit	i
vosvětlit	i
votočit	i
votrnout	ne
votrávit	i
votužit	i
votáčet	et-i
votěhotnět	et-i
vousatět	et-i
vovlivnit	i
vověnčit	i
vozit	i
voznámit	i
vozářit	i
vočistit	i
voženit	i
vpečetit	i
vpeřit	i
vplatit	i
vplazit	i
vplichtit	i
vploužit	i
vplynout	ne
vplácet	et-i
vplížit	i
vpojit	i
vpotácet	et-i
vpouštět	et-i
vproudit	i
vprášit	i
vpudit	i
vpustit	i
vpájet	et-i
vpálit	i
vpáčit	i
vpíjet	et-i
vracet	et-i
vrachotit	i
vrazit	i
vraštit	i
vraždit	i
vražit	i
vrcholit	i
vrchovatět	et-i
vrnět	et-i
vrodit	i
vrojit	i
vronit	i
vroubit	i
vroucnit	i
vroucnět	et-i
vročit	i
vrstvit	i
vrtačit	i
vrtichvostit	i
vrtohlavět	et-i
vrtáčet	et-i
vrtět	et-i
vručit	i
vrušit	i
vráskatět	et-i
vráskovatět	et-i
vrásnit	i
vrásnět	et-i
vrásčet	et-i
vrásčit	i
vrátit	i
vráštit	i
vráščet	et-i
vrážet	et-i
vrčet	et-i
vršit	i
vsadit	i
vskočit	i
vsolit	i
vstoupit	i
vstrčit	i
vstřelit	i
vstřílet	et-i
vsunout	ne
vsupět	et-i
vsázet	et-i
vsítit	i
vtahnout	ne
vtanout	ne
vtančit	i
vtasit	i
vtipkařit	i
vtlačit	i
vtláčet	et-i
vtmelit	i
vtonout	ne
vtočit	i
vtrmácet	et-i
vtrnout	ne
vtrousit	i
vtulit	i
vtvořit	i
vtyčit	i
vtápět	et-i
vtáčet	et-i
vtísnit	i
vtělesnit	i
vtělit	i
vtěsnit	i
vtřeštit	i
vtřídit	i
vučet	et-i
vyakčnit	i
vybafčit	i
vybahnit	i
vybaletit	i
vybalit	i
vybarvit	i
vybatolit	i
vybednit	i
vybečet	et-i
vybičit	i
vybloudit	i
vyblouznit	i
vyblyštět	et-i
vyblábolit	i
vybláznit	i
vybolet	et-i
vybortit	i
vyboulit	i
vybouřit	i
vybočit	i
vybořit	i
vybrebentit	i
vybrejlit	i
vybrečet	et-i
vybrodit	i
vybrousit	i
vybruslit	i
vybručet	et-i
vybránit	i
vybrázdit	i
vybudit	i
vybujet	et-i
vybujnět	et-i
vybulit	i
vyburácet	et-i
vybučet	et-i
vybydlet	et-i
vybájit	i
vybásnit	i
vybíjet	et-i
vybílit	i
vybízet	et-i
vybělet	et-i
vybělit	i
vyběsit	i
vyběsnit	i
vycedit	i
vycejtit	i
vycenit	i
vychladit	i
vychlípit	i
vychlípět	et-i
vychodit	i
vychovat	a
vychraptět	et-i
vychrlit	i
vychrnět	et-i
vychránit	i
vychumelit	i
vychválit	i
vychvátit	i
vychvět	et-i
vychytračit	i
vycházet	et-i
vychýlit	i
vychřestit	i
vycigánit	i
vycikánit	i
vycivět	et-i
vyclonit	i
vycukernit	i
vycvičit	i
vycídit	i
vycítit	i
vydařit	i
vydejřit	i
vydivočet	et-i
vydlužit	i
vydláždit	i
vydojit	i
vydovádět	et-i
vydražit	i
vydrmolit	i
vydrnčet	et-i
vydrolit	i
vydrtit	i
vydráždit	i
vydržet	et-i
vydunět	et-i
vydusit	i
vydávit	i
vydýřit	i
vydědit	i
vydělit	i
vyděsit	i
vydřepět	et-i
vydřevnit	i
vyfajčit	i
vyfandit	i
vyfařit	i
vyfintit	i
vyfičet	et-i
vyfotit	i
vyfrnčet	et-i
vyfrčet	et-i
vyfunět	et-i
vyfučet	et-i
vyglančit	i
vygooglit	i
vyhalit	i
vyhamonit	i
vyhasit	i
vyhastrošit	i
vyhejřit	i
vyhladit	i
vyhladovět	et-i
vyhlaholit	i
vyhlatit	i
vyhledět	et-i
vyhloubit	i
vyhlučet	et-i
vyhlásit	i
vyhlášet	et-i
vyhlížet	et-i
vyhnojit	i
vyhnízdit	i
vyhodit	i
vyhodnotit	i
vyhojit	i
vyholit	i
vyhonit	i
vyhospodařit	i
vyhostit	i
vyhoulit	i
vyhovořit	i
vyhovět	et-i
vyhořet	et-i
vyhradit	i
vyhranit	i
vyhraničit	i
vyhrdlit	i
vyhrnout	ne
vyhrotit	i
vyhrozit	i
vyhrčet	et-i
vyhulit	i
vyhučet	et-i
vyhvězdit	i
vyhynout	ne
vyhánět	et-i
vyházet	et-i
vyhýřit	i
vyhřeblit	i
vyhřešit	i
vyhřmět	et-i
vyjasnit	i
vyjednotit	i
vyjemnit	i
vyjezdit	i
vyječet	et-i
vyježit	i
vyjádřit	i
vyjíždět	et-i
vykadit	i
vykalit	i
vykanout	ne
vykazit	i
vykeťasit	i
vyklanět	et-i
vyklenout	ne
vyklestit	i
vyklevetit	i
vyklečet	et-i
vykleštit	i
vyklidit	i
vyklonit	i
vyklopotit	i
vykloubit	i
vyklovat	a
vyklučit	i
vyklábosit	i
vyklánět	et-i
vyklápět	et-i
vyklátit	i
vyklínit	i
vyklízet	et-i
vyklíčit	i
vyklížit	i
vykojit	i
vykolejit	i
vykolit	i
vykosit	i
vykostit	i
vykotit	i
vykotoulet	et-i
vykoulet	et-i
vykoulit	i
vykoupit	i
vykouzlit	i
vykouřit	i
vykovat	a
vykořenit	i
vykořistit	i
vykoštit	i
vykramařit	i
vykreslit	i
vykrojit	i
vykroutit	i
vykroužit	i
vykročit	i
vykrvit	i
vykrvácet	et-i
vykrájet	et-i
vykrápět	et-i
vykrátit	i
vykráčet	et-i
vykrášlit	i
vykrčit	i
vykuchtit	i
vykudlit	i
vykuklit	i
vykulit	i
vykutálet	et-i
vykvasit	i
vykvášet	et-i
vykvílet	et-i
vykymácet	et-i
vykynout	ne
vykypět	et-i
vykyselit	i
vykácet	et-i
vykálet	et-i
vykáznit	i
vykřepčit	i
vykřičet	et-i
vyladit	i
vylakotit	i
vylačnit	i
vylehčit	i
vylenošit	i
vylepšit	i
vyletnit	i
vyletět	et-i
vyleštit	i
vyležet	et-i
vylichotit	i
vylichvařit	i
vylichvit	i
vylidnit	i
vylinout	ne
vylišit	i
vylodit	i
vylopotit	i
vyloudit	i
vyloupit	i
vyloučit	i
vyloužit	i
vyložit	i
vyluštit	i
vyláteřit	i
vyléčit	i
vylíčit	i
vymanit	i
vymanout	ne
vymarnit	i
vymarodit	i
vymastit	i
vymazlit	i
vymaškarádit	i
vymaškařit	i
vymejšlet	et-i
vymerčit	i
vyminout	ne
vymizet	et-i
vymladit	i
vymlácet	et-i
vymlátit	i
vymlčet	et-i
vymnout	ne
vymodlit	i
vymodřit	i
vymozolit	i
vymočit	i
vymořit	i
vymrazit	i
vymračit	i
vymručet	et-i
vymrštit	i
vymučit	i
vymydlit	i
vymyslit	i
vymámit	i
vymáčet	et-i
vymínit	i
vymísit	i
vymístit	i
vymódit	i
vymýtit	i
vymýšlet	et-i
vymědlit	i
vyměnit	i
vyměřit	i
vynachválit	i
vynacházet	et-i
vynahledět	et-i
vynahradit	i
vynaložit	i
vynasnažit	i
vynasytit	i
vynatěšit	i
vynosit	i
vynořit	i
vynutit	i
vynášet	et-i
vyoblit	i
vyobloučit	i
vyosit	i
vyoslit	i
vyostřit	i
vypachtit	i
vypartykařit	i
vyparádit	i
vypařit	i
vypažit	i
vypelešit	i
vypentlit	i
vyperlit	i
vypestřit	i
vypeřit	i
vypištět	et-i
vyplachtit	i
vyplanit	i
vyplanout	ne
vyplatit	i
vyplavčit	i
vyplavět	et-i
vyplazit	i
vyplašit	i
vyplemenit	i
vyplenit	i
vyplevelit	i
vyplešatět	et-i
vypleštit	i
vyplichtit	i
vyplnit	i
vyplodit	i
vyploužit	i
vyplynout	ne
vyplácet	et-i
vyplísnit	i
vyplížit	i
vypobízet	et-i
vypodložit	i
vypodobnit	i
vypodsadit	i
vypohlavčit	i
vypohodit	i
vypojit	i
vypoklidit	i
vypoklízet	et-i
vypolštářit	i
vypopelit	i
vyporoučet	et-i
vyporážet	et-i
vypostit	i
vypotit	i
vypotácet	et-i
vypoulet	et-i
vypoulit	i
vypouzdřit	i
vypouzet	et-i
vypoučet	et-i
vypouštět	et-i
vypočinout	ne
vypramenit	i
vyprasečit	i
vyprasit	i
vypražit	i
vyprdět	et-i
vyprocházet	et-i
vyprosit	i
vyprostit	i
vyproudit	i
vyprovodit	i
vyprovázet	et-i
vyprudit	i
vypružit	i
vypryštit	i
vyprávět	et-i
vyprázdnit	i
vyprášet	et-i
vyprášit	i
vyprýštit	i
vypršet	et-i
vypudit	i
vypulit	i
vypustit	i
vypučet	et-i
vypytlačit	i
vypálit	i
vypáčit	i
vypídit	i
vypíjet	et-i
vypíčit	i
vypěnit	i
vypěstit	i
vypřímit	i
vypůjčit	i
vyrachotit	i
vyradit	i
vyrazit	i
vyrašit	i
vyrdousit	i
vyrejdit	i
vyrepetit	i
vyrobotit	i
vyrochňat	a
vyrodit	i
vyrojit	i
vyronit	i
vyrosit	i
vyrotit	i
vyroubit	i
vyrozprávět	et-i
vyrozumět	et-i
vyrušit	i
vyrybnit	i
vyrychlit	i
vyrábět	et-i
vyráčit	i
vyrážet	et-i
vysadit	i
vysedět	et-i
vysemenit	i
vyskeřit	i
vyskladnit	i
vyskotačit	i
vyskočit	i
vyskružit	i
vyskučet	et-i
vysladit	i
vyslanit	i
vyslepičit	i
vyslinit	i
vysloužit	i
vyslunit	i
vyslyšet	et-i
vyslzet	et-i
vyslídit	i
vysmažit	i
vysmejčit	i
vysmolit	i
vysmradit	i
vysmutnit	i
vysmýčit	i
vysnažit	i
vysněžit	i
vysolit	i
vysoptit	i
vysoudit	i
vysouložit	i
vysoustružit	i
vysoutěžit	i
vysoušet	et-i
vysrážet	et-i
vysršet	et-i
vystavět	et-i
vystačit	i
vystoupit	i
vystrašit	i
vystražit	i
vystrmět	et-i
vystrnadit	i
vystrnout	ne
vystrojit	i
vystroužit	i
vystružit	i
vystrájet	et-i
vystrčit	i
vystudit	i
vystájit	i
vystínit	i
vystředit	i
vystřelit	i
vystřežit	i
vystříbřit	i
vystřílet	et-i
vystřízlivět	et-i
vysunout	ne
vysupět	et-i
vysušit	i
vysviňačit	i
vysvobodit	i
vysvítit	i
vysvědčit	i
vysvětit	i
vysvětlit	i
vysyčet	et-i
vysázet	et-i
vysídlit	i
vysílit	i
vysířit	i
vytanout	ne
vytančit	i
vytarasit	i
vytasit	i
vytaškařit	i
vytelit	i
vytenčit	i
vyteplit	i
vytesknit	i
vytlačit	i
vytlumit	i
vytlumočit	i
vytláčet	et-i
vytmelit	i
vytnout	ne
vytonout	ne
vytoužit	i
vytočit	i
vytratit	i
vytrolit	i
vytroubit	i
vytrousit	i
vytrpět	et-i
vytrácet	et-i
vytrápit	i
vytrávit	i
vytrčet	et-i
vytrčit	i
vytunit	i
vytučnit	i
vytušit	i
vytužit	i
vytvořit	i
vytvrdit	i
vytvářet	et-i
vytvářit	i
vytyčit	i
vytápět	et-i
vytáčet	et-i
vytísnit	i
vytížit	i
vytýčit	i
vytěsnit	i
vytěšit	i
vytěžit	i
vytřeštit	i
vytříbit	i
vytřídit	i
vytříslit	i
vyudit	i
vyuhlit	i
vyučit	i
vyvadit	i
vyvalit	i
vyvanout	ne
vyvařit	i
vyvděčit	i
vyvejřit	i
vyvenčit	i
vyvinit	i
vyvinout	ne
vyvlastnit	i
vyvlnit	i
vyvláčet	et-i
vyvodit	i
vyvolit	i
vyvolnit	i
vyvonět	et-i
vyvoslit	i
vyvozit	i
vyvracet	et-i
vyvraždit	i
vyvrcholit	i
vyvrtět	et-i
vyvrásnit	i
vyvrátit	i
vyvrčet	et-i
vyvršit	i
vyvzdušnit	i
vyvzpomenout	ne
vyvábit	i
vyvádět	et-i
vyválet	et-i
vyválčit	i
vyvánět	et-i
vyvápnit	i
vyvářet	et-i
vyvážet	et-i
vyvážit	i
vyvíjet	et-i
vyvýšit	i
vyvěnit	i
vyvěsit	i
vyvětit	i
vyvětvit	i
vyvětřit	i
vyvěřit	i
vyvěštit	i
vyvěžit	i
vyvřeštět	et-i
vyzahálet	et-i
vyzaplatit	i
vyzbrojit	i
vyzdravět	et-i
vyzjistit	i
vyzkoušet	et-i
vyzkusit	i
vyzlatit	i
vyzměnit	i
vyznačit	i
vyzpružit	i
vyzradit	i
vyzrnit	i
vyzrušit	i
vyzrázet	et-i
vyztužit	i
vyzuřit	i
vyzvonit	i
vyzvracet	et-i
vyzvrátit	i
vyzvučet	et-i
vyzvánět	et-i
vyzváňat	a
vyzápasit	i
vyzávodit	i
vyzářit	i
vyúpět	et-i
vyústit	i
vyčalounit	i
vyčernit	i
vyčeřit	i
vyčinit	i
vyčistit	i
vyčiřit	i
vyčišet	et-i
vyčlenit	i
vyčmoudit	i
vyčmudit	i
vyčnět	et-i
vyčoudit	i
vyčpět	et-i
vyčudit	i
vyčíslit	i
vyřadit	i
vyřehnit	i
vyřezbařit	i
vyřečnit	i
vyřešit	i
vyřinout	ne
vyřádit	i
vyřídit	i
vyříjet	et-i
vyřítit	i
vyšantročit	i
vyšatit	i
vyšašit	i
vyšedit	i
vyšejdit	i
vyšetřit	i
vyšidit	i
vyšinout	ne
vyškeřit	i
vyšklíbit	i
vyškolit	i
vyškotit	i
vyškudlit	i
vyškvařit	i
vyškvířit	i
vyšlechtit	i
vyšmejdit	i
vyšmelinařit	i
vyšmelit	i
vyšnořit	i
vyšpendlit	i
vyšpinit	i
vyšpičatit	i
vyšpoulit	i
vyšprýmařit	i
vyšpulit	i
vyšramotit	i
vyštípit	i
vyštěrbit	i
vyšubelit	i
vyšulit	i
vyšumařit	i
vyšumět	et-i
vyšupajdit	i
vyšustit	i
vyšvadronit	i
vyšveholit	i
vyšvitořit	i
vyšálit	i
vyšňořit	i
vyžadonit	i
vyžebronit	i
vyžehlit	i
vyželet	et-i
vyženit	i
vyžlutit	i
vyžnout	ne
vyžulit	i
vyžvanit	i
vyžíznit	i
vyžďářit	i
vzbouzet	et-i
vzbouřit	i
vzbočit	i
vzbudit	i
vzchodit	i
vzchytit	i
vzcházet	et-i
vzdušnit	i
vzdušnět	et-i
vzdálit	i
vzepnout	ne
vzestrmět	et-i
vzezvučet	et-i
vzhlížet	et-i
vzklenout	ne
vzklíčit	i
vzkvasit	i
vzkynout	ne
vzkypět	et-i
vzkypřit	i
vzkřísit	i
vzletět	et-i
vzlítit	i
vzmocnit	i
vzmužit	i
vznášet	et-i
vznítit	i
vzpažit	i
vzpeřit	i
vzplamenit	i
vzplamenět	et-i
vzplanout	ne
vzplynout	ne
vzpomenout	ne
vzpouzet	et-i
vzpružit	i
vzpudit	i
vzpurnět	et-i
vzpučet	et-i
vzpěnit	i
vzpřažit	i
vzpřímit	i
vzpříčit	i
vzrcadlit	i
vzrojit	i
vzrušit	i
vzteklit	i
vztyčit	i
vztýčit	i
vzácnět	et-i
vzúpět	et-i
vzříjet	et-i
vzšumět	et-i
vábit	i
válet	et-i
válčit	i
vápenatět	et-i
vápeničit	i
vápenět	et-i
vápnit	i
vášnit	i
vášnivět	et-i
vážit	i
vážnět	et-i
vévodit	i
víjet	et-i
vítězit	i
vířit	i
vústit	i
východovatět	et-i
výdělkařit	i
výletit	i
výměničit	i
výměnkařit	i
výtvarničit	i
vývodit	i
výřit	i
včelařit	i
včlenit	i
vědařit	i
věnčit	i
věsit	i
věstit	i
větit	i
větroplašit	i
větvit	i
větřit	i
většit	i
vězet	et-i
věznit	i
věřit	i
věšet	et-i
věštit	i
věžit	i
vřadit	i
vředovatět	et-i
vřetězit	i
vřeštět	et-i
vřinout	ne
vřítit	i
všantročit	i
všednět	et-i
všemurozumět	et-i
všinout	ne
vštípit	i
všumět	et-i
všustit	i
vžehlit	i
vženit	i
zababušit	i
zababčit	i
zabafčit	i
zabahnit	i
zabahnět	et-i
zabaletit	i
zabalit	i
zabaranit	i
zabarvit	i
zabasamtit	i
zabasantit	i
zabasaremtetit	i
zabatolit	i
zabažit	i
zabednit	i
zabejčit	i
zabendit	i
zaberanit	i
zabezpečit	i
zabečet	et-i
zablahořečit	i
zablažit	i
zablešit	i
zabloudit	i
zablouznit	i
zablyštět	et-i
zablábolit	i
zablátit	i
zabláznit	i
zablýštět	et-i
zabolet	et-i
zabordelit	i
zaboudit	i
zabouřit	i
zabočit	i
zabořit	i
zabrebentit	i
zabrejlit	i
zabrečet	et-i
zabrigádničit	i
zabrnět	et-i
zabrousit	i
zabruslit	i
zabručet	et-i
zabrzdit	i
zabránit	i
zabrázdit	i
zabsolutnit	i
zabsolutnět	et-i
zabstraktnit	i
zabstraktnět	et-i
zabsurdnit	i
zabubačit	i
zabulit	i
zaburácet	et-i
zabučet	et-i
zabuřenět	et-i
zabušit	i
zabydlet	et-i
zabzučet	et-i
zabánit	i
zabásnit	i
zabáňat	a
zabíjet	et-i
zabílit	i
zabělet	et-i
zabělit	i
zaběsnit	i
zabřinčet	et-i
zacedit	i
zacelit	i
zacenit	i
zachladit	i
zachlácholit	i
zachmouřit	i
zachmuřit	i
zachmýřit	i
zachodit	i
zachoulit	i
zachovat	a
zachořet	et-i
zachramostit	i
zachraptět	et-i
zachrastit	i
zachrnět	et-i
zachroptit	i
zachroptět	et-i
zachrunět	et-i
zachrustět	et-i
zachránit	i
zachrčet	et-i
zachumelit	i
zachuravět	et-i
zachvácet	et-i
zachvátit	i
zachvět	et-i
zachytit	i
zachytračit	i
zacházet	et-i
zachřestit	i
zacigánit	i
zacikánit	i
zacivět	et-i
zaclonit	i
zaclánět	et-i
zacmudit	i
zacpat	a
zacrnčet	et-i
zacrčet	et-i
zaculit	i
zacvičit	i
zacvrnčet	et-i
zacvrčet	et-i
zacyklit	i
zacílit	i
zacítit	i
zadarebačit	i
zadařit	i
zademokratit	i
zadeštit	i
zadivočet	et-i
zadlužit	i
zadláždit	i
zadostiučinit	i
zadostičinit	i
zadostučinit	i
zadostčinit	i
zadovádět	et-i
zadrdolit	i
zadrmolit	i
zadrnit	i
zadrnčet	et-i
zadrtit	i
zadružit	i
zadrčet	et-i
zadržet	et-i
zadunět	et-i
zadurdit	i
zadusit	i
zadušit	i
zadychtit	i
zadálit	i
zadávit	i
zadýmit	i
zadědit	i
zaděsit	i
zafajfčit	i
zafajčit	i
zafajřit	i
zafandit	i
zafialovět	et-i
zafičet	et-i
zaforotit	i
zafotit	i
zafounět	et-i
zafrajeřit	i
zafrnčet	et-i
zafrnět	et-i
zafrčet	et-i
zafunkcionařit	i
zafunět	et-i
zafuriantit	i
zafučet	et-i
zahalasit	i
zahalit	i
zahanbit	i
zaharašit	i
zahartusit	i
zahasit	i
zahatit	i
zahejřit	i
zahemžit	i
zahihnit	i
zahihňat	a
zahladit	i
zahladovět	et-i
zahlaholit	i
zahledět	et-i
zahlenit	i
zahlinit	i
zahlomozit	i
zahloubit	i
zahložit	i
zahltit	i
zahlučet	et-i
zahlušit	i
zahlásit	i
zahlížet	et-i
zahmouřit	i
zahnojit	i
zahnout	ne
zahnízdit	i
zahodit	i
zahojit	i
zaholit	i
zahonit	i
zahonosit	i
zahorlit	i
zahospodařit	i
zahoubařit	i
zahoulet	et-i
zahovořit	i
zahořet	et-i
zahořčit	i
zahradit	i
zahradničit	i
zahranit	i
zahraničit	i
zahraždit	i
zahrdlit	i
zahrnout	ne
zahrotit	i
zahroužit	i
zahrádkařit	i
zahrčet	et-i
zahubačit	i
zahubnit	i
zahubácet	et-i
zahuhňat	a
zahulit	i
zahustit	i
zahutnit	i
zahučet	et-i
zahviždět	et-i
zahynout	ne
zahájit	i
zahálet	et-i
zahálčit	i
zahánět	et-i
zaházet	et-i
zaháčit	i
zahášet	et-i
zahýřit	i
zahřešit	i
zahřmotit	i
zahřmět	et-i
zahřížit	i
zainkoustit	i
zajezdit	i
zaječet	et-i
zaježit	i
zajiskřit	i
zajistit	i
zajitřit	i
zajizvit	i
zajínit	i
zajíšit	i
zajíždět	et-i
zakabonit	i
zakabousit	i
zakademičtit	i
zakademičtět	et-i
zakadeřit	i
zakadit	i
zakalit	i
zakanout	ne
zakantořit	i
zakančit	i
zakarbanit	i
zakeťasit	i
zaklenout	ne
zaklestit	i
zaklevetit	i
zaklikatit	i
zaklnout	ne
zaklonit	i
zakloubit	i
zaklovat	a
zaklábosit	i
zaklánět	et-i
zaklápět	et-i
zaklátit	i
zaklínit	i
zaklíčit	i
zaklíštit	i
zaklížit	i
zakmenit	i
zakničet	et-i
zaknotit	i
zakohoutit	i
zakolit	i
zakončit	i
zakoptit	i
zakosit	i
zakotoulet	et-i
zakotvit	i
zakotálet	et-i
zakoulet	et-i
zakoupit	i
zakouzlit	i
zakouřit	i
zakoušet	et-i
zakovat	a
zakořenit	i
zakrabatit	i
zakramařit	i
zakreslit	i
zakrnět	et-i
zakrojit	i
zakroutit	i
zakroužit	i
zakročit	i
zakručet	et-i
zakrvavět	et-i
zakrvácet	et-i
zakrákořit	i
zakrápět	et-i
zakrátit	i
zakráčet	et-i
zakrčit	i
zaktivnit	i
zaktivnět	et-i
zaktuálnit	i
zaktuálnět	et-i
zakubelit	i
zakudlit	i
zakudrnatit	i
zakudrnatět	et-i
zakuklit	i
zakulatit	i
zakulatět	et-i
zakulit	i
zakuláčet	et-i
zakusit	i
zakutalit	i
zakutit	i
zakutálet	et-i
zakvasit	i
zakvičet	et-i
zakvášet	et-i
zakvílet	et-i
zakymácet	et-i
zakynout	ne
zakypět	et-i
zakyselit	i
zakálet	et-i
zakňučet	et-i
zakřenit	i
zakřepčit	i
zakřičet	et-i
zakřídlit	i
zakřížit	i
zalahodit	i
zalajdačit	i
zalednit	i
zalenošit	i
zalesnit	i
zaletnit	i
zaletět	et-i
zaleštit	i
zaležet	et-i
zalichotit	i
zalichvařit	i
zalidnit	i
zalistit	i
zalnout	ne
zalomozit	i
zaloudit	i
založit	i
zalumpačit	i
zalučnit	i
zaluštit	i
zalyžařit	i
zaláteřit	i
zaléčit	i
zalíbit	i
zalícit	i
zalítostnit	i
zalíčit	i
zamanout	ne
zamarodit	i
zamastit	i
zamazlit	i
zamechovatět	et-i
zamečet	et-i
zamhouřit	i
zamladit	i
zamlaštět	et-i
zamlátit	i
zamlčet	et-i
zamlžit	i
zamnout	ne
zamodřit	i
zamokřit	i
zamounit	i
zamoučit	i
zamoučnit	i
zamočit	i
zamořit	i
zamravenčit	i
zamrazit	i
zamračit	i
zamrholit	i
zamrnět	et-i
zamručet	et-i
zamrzet	et-i
zamrčet	et-i
zamrštit	i
zamuškařit	i
zamydlit	i
zamyslit	i
zamáčet	et-i
zamínit	i
zamísit	i
zamířit	i
zamútit	i
zamýšlet	et-i
zaměnit	i
zaměřit	i
zamňučet	et-i
zanelíbit	i
zanenávidět	et-i
zaneprázdnit	i
zanevražit	i
zaneřádit	i
zanešvařit	i
zanimrodit	i
zanotit	i
zanořit	i
zanožit	i
zanutit	i
zanášet	et-i
zanítit	i
zaněmčit	i
zaobalit	i
zaoblačit	i
zaoblit	i
zaobloučit	i
zaobroubit	i
zaochotničit	i
zaokrouhlit	i
zaolovnit	i
zaonačit	i
zaopatřit	i
zaopičit	i
zaostřit	i
zaotálet	et-i
zapanikařit	i
zapantlit	i
zapartykařit	i
zapatřit	i
zapařit	i
zapažit	i
zapejřit	i
zapeklit	i
zapelešit	i
zapentlit	i
zapepřit	i
zaperlit	i
zapestřit	i
zapevnit	i
zapečetit	i
zapeřit	i
zapitvořit	i
zapištět	et-i
zaplachtit	i
zaplanout	ne
zaplatit	i
zaplavčit	i
zaplašit	i
zaplemenit	i
zaplesnivět	et-i
zapletichařit	i
zaplevelit	i
zapleštit	i
zaplnit	i
zaplodit	i
zaplotit	i
zaplstit	i
zaplužit	i
zaplynout	ne
zaplácet	et-i
zaplísnit	i
zapodpořit	i
zapodvracet	et-i
zapojit	i
zapoletět	et-i
zapomenout	ne
zapomnět	et-i
zapopelit	i
zaporoučet	et-i
zaporučit	i
zapotit	i
zapotácet	et-i
zapoustevničit	i
zapouzdřit	i
zapouzet	et-i
zapouštět	et-i
zapovíjet	et-i
zapozdit	i
zaprasit	i
zapraštět	et-i
zapražit	i
zaprdět	et-i
zaprosit	i
zaprotiřečit	i
zaproudit	i
zaprudit	i
zapružit	i
zaprášit	i
zaprýštit	i
zapršet	et-i
zapudit	i
zapustit	i
zapučet	et-i
zapylit	i
zapytlačit	i
zapyšnit	i
zapyšnět	et-i
zapájet	et-i
zapálit	i
zapáčit	i
zapářit	i
zapíjet	et-i
zapýřit	i
zapěnit	i
zapěstit	i
zapřednášet	et-i
zapřemýšlet	et-i
zapříčinit	i
zapříčit	i
zapůjčit	i
zarachotit	i
zaradikálničit	i
zarafičit	i
zarakvit	i
zarandit	i
zarazit	i
zarašit	i
zardousit	i
zarebelantit	i
zarejdit	i
zarejholit	i
zarepetit	i
zarezavět	et-i
zarezivět	et-i
zarmoutit	i
zarochnit	i
zarodit	i
zarojit	i
zaronit	i
zaropotit	i
zarotit	i
zaroubit	i
zarozprávět	et-i
zarošťačit	i
zarudnět	et-i
zaruměnit	i
zaruměnět	et-i
zaručit	i
zarušit	i
zarybařit	i
zarybnit	i
zaryčet	et-i
zarábět	et-i
zaráčit	i
zarážet	et-i
zarůžovatět	et-i
zarůžovět	et-i
zasadit	i
zasebevraždit	i
zasedlačit	i
zasedět	et-i
zasinavět	et-i
zaskladnit	i
zasklenit	i
zaskotačit	i
zaskočit	i
zaskučet	et-i
zaskvrnit	i
zaskvět	et-i
zaskřeholit	i
zaskřečet	et-i
zaskřípět	et-i
zaslinit	i
zaslnit	i
zaslonit	i
zasloužit	i
zaslunit	i
zaslyšet	et-i
zaslzet	et-i
zaslánět	et-i
zaslíbit	i
zaslídit	i
zasmažit	i
zasmolit	i
zasmoušit	i
zasmradit	i
zasmrdět	et-i
zasmutit	i
zasmutnit	i
zasmutnět	et-i
zasmušit	i
zasmýčit	i
zasměrnit	i
zasnoplit	i
zasnoubit	i
zasnout	ne
zasnovat	a
zasněžit	i
zasolit	i
zasoplit	i
zasoptit	i
zasouhlasit	i
zasouložit	i
zasoupeřit	i
zasoutěžit	i
zaspořit	i
zasprosťačit	i
zasrčet	et-i
zasršet	et-i
zastanout	ne
zastavět	et-i
zastesknit	i
zastkvět	et-i
zastolařit	i
zastoupit	i
zastrakatit	i
zastrašit	i
zastrojit	i
zastrčit	i
zastudenit	i
zastudit	i
zastydět	et-i
zastínit	i
zastřelit	i
zastřešit	i
zastříbrnět	et-i
zastříbřit	i
zastřílet	et-i
zasunout	ne
zasupět	et-i
zasvinit	i
zasvištět	et-i
zasvrbět	et-i
zasvévolit	i
zasvíjet	et-i
zasvítit	i
zasvědit	i
zasvědčit	i
zasvětačit	i
zasvětit	i
zasvětlit	i
zasytit	i
zasyčet	et-i
zasázet	et-i
zasídlit	i
zasípět	et-i
zasířit	i
zasýřit	i
zatajit	i
zatalácet	et-i
zatanout	ne
zatančit	i
zatarasit	i
zatartasit	i
zatasit	i
zataškařit	i
zatejnořit	i
zatemnit	i
zatemnět	et-i
zateplit	i
zateremtit	i
zatesklit	i
zatesknit	i
zatetelit	i
zatkvět	et-i
zatlačit	i
zatlumočit	i
zatmelit	i
zatmět	et-i
zatnout	ne
zatonout	ne
zatoužit	i
zatočit	i
zatraktivnit	i
zatratit	i
zatravnatět	et-i
zatravnit	i
zatrnit	i
zatrnout	ne
zatrojčit	i
zatroubit	i
zatrousit	i
zatroškařit	i
zatrpčit	i
zatrpět	et-i
zatrubnit	i
zatruchlit	i
zatrudit	i
zatrudnit	i
zatruhlařit	i
zatrápit	i
zatrávnit	i
zatrčet	et-i
zatrůnit	i
zatulit	i
zatušit	i
zatvořit	i
zatvrdit	i
zatvářit	i
zatábořit	i
zatápět	et-i
zatáčet	et-i
zatísnit	i
zatížit	i
zatěsnit	i
zatěšit	i
zatřeštit	i
zatřpytit	i
zatřídit	i
zatřísnit	i
zaudit	i
zauhlit	i
zauvážit	i
zauzdit	i
zauzlit	i
zauzlovatit	i
zaučit	i
zavadit	i
zavalit	i
zavanout	ne
zavazet	et-i
zavařit	i
zavděčit	i
zavejřit	i
zavelet	et-i
zaveselit	i
zavichřit	i
zavinit	i
zavinout	ne
zavlastenčit	i
zavlažit	i
zavlhčit	i
zavlnit	i
zavláčet	et-i
zavodit	i
zavodnit	i
zavojančit	i
zavolit	i
zavonět	et-i
zavozit	i
zavplácet	et-i
zavracet	et-i
zavraždit	i
zavrcholit	i
zavrnět	et-i
zavroubit	i
zavrtošit	i
zavrtět	et-i
zavrátit	i
zavrčet	et-i
završit	i
zavtipkařit	i
zavtělit	i
zavyvádět	et-i
zavzdušnit	i
zavzteklit	i
zavzácnět	et-i
zavábit	i
zavádět	et-i
zaválet	et-i
zaválčit	i
zavánět	et-i
zavápnit	i
zavázet	et-i
zavářet	et-i
zavážet	et-i
zavážit	i
zavíjet	et-i
zavířit	i
zavčelařit	i
zavčelit	i
zavěnčit	i
zavěsit	i
zavěstit	i
zavětvit	i
zavětřit	i
zavěřit	i
zavěšet	et-i
zavěštit	i
zavřesovatět	et-i
zavřeštět	et-i
zazahálet	et-i
zazakrápět	et-i
zazedničit	i
zazelenit	i
zazemnit	i
zazet	et-i
zazlatit	i
zazlatět	et-i
zazlořečit	i
zaznačit	i
zazračit	i
zazrcadlit	i
zazrušit	i
zazrzavět	et-i
zazurčet	et-i
zazuřit	i
zazvonit	i
zazvučet	et-i
zazvučit	i
zazvánět	et-i
zazvěřit	i
zazávidět	et-i
zazávodit	i
zazářit	i
zaúchylkařit	i
zaúderničit	i
zaúhořit	i
zaúpět	et-i
zaústit	i
zaútočit	i
zaúředničit	i
začadit	i
začepejřit	i
začepýřit	i
začepčit	i
začernit	i
začervenit	i
začeřit	i
začimčařit	i
začinit	i
začistit	i
začišet	et-i
začlenit	i
začmoudit	i
začmudit	i
začoudit	i
začpět	et-i
začtveračit	i
začudit	i
začumět	et-i
začíslit	i
zařadit	i
zařehnit	i
zařeholit	i
zařehonit	i
zařetězit	i
zařezbařit	i
zařečit	i
zařečnit	i
zařeřavět	et-i
zařežavět	et-i
zařinčet	et-i
zařičet	et-i
zařádit	i
zařídit	i
zaříjet	et-i
zašantročit	i
zašedivět	et-i
zašelestit	i
zašepelit	i
zašeredit	i
zašetřit	i
zaševelit	i
zašeřet	et-i
zašeřit	i
zašišatit	i
zaškaredit	i
zašklíbit	i
zaškodit	i
zaškolit	i
zaškolničit	i
zaškotit	i
zaškrtit	i
zaškvařit	i
zaškvičet	et-i
zaškvrnit	i
zaškvrčet	et-i
zaškvířit	i
zaškvěčet	et-i
zaškádlit	i
zašmejdit	i
zašmelinařit	i
zašmelit	i
zašpejlit	i
zašpendlit	i
zašpinit	i
zašpičatit	i
zašpičatět	et-i
zašpoulit	i
zašprýmařit	i
zašpulit	i
zašramotit	i
zaštilipět	et-i
zaštípit	i
zaštítit	i
zaštířit	i
zaštěničit	i
zašumět	et-i
zašupajdit	i
zašupět	et-i
zašustit	i
zašvadronit	i
zašvandronit	i
zašveholit	i
zašvihačit	i
zašvitořit	i
zažadonit	i
zažalostit	i
zažalostnit	i
zažebronit	i
zažehlit	i
zaželet	et-i
zažhavět	et-i
zažihlit	i
zažlutit	i
zažlutět	et-i
zažvanit	i
zažárlit	i
zažíznit	i
zažířit	i
zbabičkovatět	et-i
zbabět	et-i
zbabštět	et-i
zbachratět	et-i
zbaculatět	et-i
zbahnit	i
zbahnět	et-i
zbalamutit	i
zbalit	i
zbambulatět	et-i
zbambulovatět	et-i
zbankrotit	i
zbanálnit	i
zbanálnět	et-i
zbančit	i
zbarbarštět	et-i
zbarvit	i
zbaštit	i
zbezmocnit	i
zbezpečit	i
zbezpečnit	i
zbezradnět	et-i
zbezvýznamnit	i
zblahobytnět	et-i
zblankytnět	et-i
zblažit	i
zblbit	i
zblbět	et-i
zbledět	et-i
zbloudit	i
zblouznivět	et-i
zbláhovět	et-i
zblátivět	et-i
zbláznit	i
zbodřet	et-i
zbodřit	i
zbohatit	i
zbohatět	et-i
zbojničit	i
zbojovnět	et-i
zbojácnět	et-i
zbokatět	et-i
zbolavět	et-i
zbolestnět	et-i
zbolnět	et-i
zbortit	i
zboubelatět	et-i
zbočit	i
zbořit	i
zbožnit	i
zbožštit	i
zbrantovatět	et-i
zbrejlit	i
zbrnět	et-i
zbrodit	i
zbrojit	i
zbronzovět	et-i
zbrotit	i
zbrousit	i
zbrunátnět	et-i
zbrzdit	i
zbránit	i
zbrázdit	i
zbrčit	i
zbubřet	et-i
zbuchtovatět	et-i
zbuclatět	et-i
zbujařet	et-i
zbujařit	i
zbujet	et-i
zbujnit	i
zbujnět	et-i
zbulit	i
zburácet	et-i
zburžoasnět	et-i
zburžoaznět	et-i
zbyrokratičtět	et-i
zbyrokratět	et-i
zbystřit	i
zbytnět	et-i
zbájit	i
zbásnit	i
zbásničtit	i
zbázlivět	et-i
zbídačet	et-i
zbídačit	i
zbídnit	i
zbídnět	et-i
zbíjet	et-i
zbílit	i
zbědačit	i
zbělavět	et-i
zbělet	et-i
zbělit	i
zběsit	i
zběsnit	i
zbředit	i
zbřichatět	et-i
zbřidličnatět	et-i
zbřídit	i
zcelit	i
zcenit	i
zcepenět	et-i
zchachařit	i
zchamradit	i
zchamtit	i
zchatrnět	et-i
zchladit	i
zchladnět	et-i
zchlapečtět	et-i
zchlupatět	et-i
zchlácholit	i
zchmelit	i
zchmouřit	i
zchmurnět	et-i
zchmuřit	i
zchocholit	i
zchodit	i
zchorobnět	et-i
zchoulostivit	i
zchoulostivět	et-i
zchraplavět	et-i
zchraptět	et-i
zchromět	et-i
zchuchvalit	i
zchudačit	i
zchudit	i
zchudobnět	et-i
zchumálet	et-i
zchuravět	et-i
zchutnit	i
zchvácet	et-i
zchvátit	i
zchvět	et-i
zchytit	i
zchytřet	et-i
zcikánět	et-i
zcitlivit	i
zcitlivět	et-i
zcitovět	et-i
zcivilnit	i
zcivilnět	et-i
zcizet	et-i
zcizoložit	i
zcizozemštit	i
zcopatět	et-i
zcuckovatět	et-i
zcukernatět	et-i
zcukernit	i
zcukernět	et-i
zcukrovatět	et-i
zcukřit	i
zcyničtět	et-i
zcírkevnit	i
zdanit	i
zdarebačit	i
zdařit	i
zdefinitivnit	i
zdelšit	i
zdemokratičtět	et-i
zdesateronásobnit	i
zdiamantovět	et-i
zdivadelnit	i
zdivočet	et-i
zdivět	et-i
zdloužit	i
zdlužit	i
zdobromyslnět	et-i
zdobráčtět	et-i
zdohonit	i
zdohánět	et-i
zdokonalit	i
zdolit	i
zdolíčkovatět	et-i
zdomácnit	i
zdomácnět	et-i
zdostupnit	i
zdražit	i
zdredovatět	et-i
zdrnovatět	et-i
zdrobnit	i
zdrobnět	et-i
zdrobtovatět	et-i
zdrolit	i
zdrsnatět	et-i
zdrsnit	i
zdrsnět	et-i
zdrtit	i
zdruhovět	et-i
združstevnit	i
zdrzet	et-i
zdráždit	i
zdržet	et-i
zduchovnit	i
zduchovnět	et-i
zduchovět	et-i
zdunět	et-i
zdusit	i
zdusnět	et-i
zduřet	et-i
zduřit	i
zduševnit	i
zduševnět	et-i
zdužnatět	et-i
zdvojit	i
zdvojkolejnit	i
zdvojmocnit	i
zdvojnásobnit	i
zdvoukolejnit	i
zdychtivět	et-i
zdynamičtit	i
zdávit	i
zdélit	i
zdědit	i
zdědkovatět	et-i
zděravět	et-i
zděsit	i
zdětinět	et-i
zdětinštět	et-i
zdětštit	i
zdřevnatět	et-i
zdřevěnět	et-i
zdůraznit	i
zdůstojnit	i
zdůstojnět	et-i
zdůvodnit	i
zdůvěrnit	i
zdůvěrnět	et-i
zdůvěryhodnit	i
zedničit	i
zefektivnit	i
zekonomičtit	i
zelegantnit	i
zelementárnit	i
zelenavět	et-i
zelenit	i
zelenět	et-i
zeleňat	a
zelinařit	i
zemnit	i
zepičtět	et-i
zerzavět	et-i
zerzivět	et-i
zesamostatnit	i
zesamostatnět	et-i
zesedlačit	i
zesedláčtit	i
zeselštět	et-i
zesentimentálnit	i
zesentimentálnět	et-i
zesilnit	i
zesilnět	et-i
zesimultánit	i
zesinavět	et-i
zesirupovatět	et-i
zesivět	et-i
zeskelnatět	et-i
zeskelnit	i
zeskelnět	et-i
zesklovatět	et-i
zeskromnit	i
zeskromnět	et-i
zeskrovnit	i
zeskrovnět	et-i
zeskutečnit	i
zeskvrnatět	et-i
zesladit	i
zeslavnostnit	i
zeslavnostnět	et-i
zeslizovatět	et-i
zesličnit	i
zesličnět	et-i
zeslovanit	i
zeslovanštit	i
zeslovanštět	et-i
zeslovenštit	i
zesložitit	i
zeslyšitelnit	i
zesmilnit	i
zesmluvnit	i
zesmutnit	i
zesmutnět	et-i
zesmyslnit	i
zesmyslovět	et-i
zesměšnit	i
zesnobštit	i
zesnout	ne
zesnovat	a
zesnětivět	et-i
zesobečtět	et-i
zesociálnit	i
zesoumračit	i
zesousedštět	et-i
zesoučasnit	i
zespisovnit	i
zesplatnit	i
zesplavnit	i
zespolečenštit	i
zespolečenštět	et-i
zespolečnit	i
zesprostačet	et-i
zesprostačit	i
zesprostět	et-i
zesprosťačet	et-i
zesprosťačit	i
zesrdečnět	et-i
zesrdnatět	et-i
zesrozumitelnit	i
zesschematičtět	et-i
zestaropanenštět	et-i
zestarostlivět	et-i
zestatnět	et-i
zestařet	et-i
zestařečtět	et-i
zesteronásobnit	i
zestetičtit	i
zestonásobnit	i
zestrakatět	et-i
zestranit	i
zestraničtit	i
zestraničtět	et-i
zestrejcovatět	et-i
zestrmět	et-i
zestrupovatět	et-i
zestručnit	i
zestručnět	et-i
zestrýcovatět	et-i
zestudenět	et-i
zestátnit	i
zestříbrnět	et-i
zestříbřet	et-i
zestřídmět	et-i
zestřílet	et-i
zestřízlivět	et-i
zesubjektivnit	i
zesukovatět	et-i
zesurovět	et-i
zesvalnatět	et-i
zesvazkovatět	et-i
zesvraštět	et-i
zesvátečnit	i
zesvátečnět	et-i
zesvětačet	et-i
zesvětačit	i
zesvětlet	et-i
zesvětlit	i
zesvětovět	et-i
zesvětštit	i
zesvětštět	et-i
zesympatičtit	i
zesyrovatět	et-i
zesyrovět	et-i
zesílit	i
zesítit	i
zesýrovatět	et-i
zesýřet	et-i
zesýřit	i
zevropštit	i
zevropštět	et-i
zevzdornět	et-i
zevzpurnět	et-i
zevzácnět	et-i
zevšednět	et-i
zevšeobecnit	i
zevšeobecnět	et-i
zextensivnit	i
zextensivnět	et-i
zextenzívnit	i
zextenzívnět	et-i
zezelenavět	et-i
zezlatovatět	et-i
zezlatovět	et-i
zezlatět	et-i
zezlit	i
zezlobnět	et-i
zezlomyslnět	et-i
zezpupnět	et-i
zezpátečnit	i
zezrzavět	et-i
zezvířečtět	et-i
zezákonit	i
zezápadnit	i
zezřejmit	i
zešedivět	et-i
zešeredit	i
zešerednět	et-i
zešeřit	i
zešikmit	i
zešikmět	et-i
zešimlovatět	et-i
zešišatět	et-i
zeškaredit	i
zeškaredět	et-i
zeškvířit	i
zešlechetnět	et-i
zešmírařit	i
zešmírovatět	et-i
zešosatět	et-i
zešosáčtět	et-i
zešpatnět	et-i
zešpinavět	et-i
zešpinit	i
zešpičatit	i
zešpičatět	et-i
zeštíhlet	et-i
zeštíhlit	i
zešuntět	et-i
zešupačet	et-i
zešupinkovatět	et-i
zešupinovatět	et-i
zešílet	et-i
zešířit	i
zešťastnět	et-i
zešťavnatět	et-i
zežebračit	i
zeželatinovatět	et-i
zežhavět	et-i
zeživotnit	i
zežlutit	i
zfajnovět	et-i
zfaldovatět	et-i
zfalešnět	et-i
zfamfrnět	et-i
zfanfrnět	et-i
zfantit	i
zfarářovatět	et-i
zfialovatět	et-i
zfialovět	et-i
zfilcovatět	et-i
zfilistrovatět	et-i
zfilmovatit	i
zfilmovatět	et-i
zfilosofičtět	et-i
zfirmovatět	et-i
zfirnovatět	et-i
zflegmatičtět	et-i
zflekovatět	et-i
zfloutkovatět	et-i
zfotrovatět	et-i
zfouňovatět	et-i
zfrackovatět	et-i
zfraškovatět	et-i
zfrejmarčit	i
zfrázovatět	et-i
zfuriantět	et-i
zfádnět	et-i
zgelovatět	et-i
zgottovatět	et-i
zgrotesknit	i
zgrošovatět	et-i
zhadrovatět	et-i
zhalit	i
zhanbit	i
zhanět	et-i
zharmoničtět	et-i
zhasit	i
zhatit	i
zhavranit	i
zhavranět	et-i
zhaškovatět	et-i
zhedvábnět	et-i
zhezčet	et-i
zhezčit	i
zhladit	i
zhladovět	et-i
zhloubit	i
zhloupatět	et-i
zhloupět	et-i
zhltit	i
zhlučnět	et-i
zhlížet	et-i
zhmotařit	i
zhmotnit	i
zhmotnět	et-i
zhmoždit	i
zhniličit	i
zhniličkovatět	et-i
zhodnotit	i
zhojit	i
zhojnět	et-i
zhonit	i
zhorečnit	i
zhorečnět	et-i
zhorlivět	et-i
zhoroucnět	et-i
zhorčit	i
zhoršit	i
zhospodárnit	i
zhostit	i
zhoubovatět	et-i
zhouževnatět	et-i
zhoužvit	i
zhovadit	i
zhořčit	i
zhranatit	i
zhranatět	et-i
zhranit	i
zhrbatit	i
zhrbatět	et-i
zhrbolatět	et-i
zhrdinštit	i
zhrdinštět	et-i
zhromadnit	i
zhrotit	i
zhroutit	i
zhroužit	i
zhrubět	et-i
zhrzet	et-i
zhránit	i
zhrůznět	et-i
zhubenět	et-i
zhudebnit	i
zhudlařit	i
zhulit	i
zhustit	i
zhutnit	i
zhutnět	et-i
zhuňatět	et-i
zhvězdit	i
zhybnit	i
zhybnět	et-i
zhynout	ne
zhysteričtět	et-i
zhyzdit	i
zhášet	et-i
zhřešit	i
zideovět	et-i
zidyličtit	i
zimavět	et-i
zintelektuálnět	et-i
zintelektuálštět	et-i
zintensivnit	i
zintensivnět	et-i
zintenzivnět	et-i
zintenzívnit	i
zintenzívnět	et-i
zintimnit	i
zintimnět	et-i
zinverznit	i
zinčet	et-i
zjadrnět	et-i
zjakostnit	i
zjalovět	et-i
zjankovatět	et-i
zjančit	i
zjarmit	i
zjasnit	i
zjasnět	et-i
zjařit	i
zjařmit	i
zjednodušit	i
zjednosměrnit	i
zjednostranit	i
zjednostranět	et-i
zjednotvárnit	i
zjednotvárnět	et-i
zjednoznačnit	i
zjedovatět	et-i
zjemnit	i
zjevištnit	i
zjezdit	i
zječmenit	i
zješitnět	et-i
zježatět	et-i
zježit	i
zjinačet	et-i
zjinačit	i
zjinovatět	et-i
zjiskřit	i
zjistit	i
zjitřit	i
zjizlivět	et-i
zjizvit	i
zjílovatět	et-i
zjílovět	et-i
zjítřit	i
zjízlivět	et-i
zjízvit	i
zkabonit	i
zkadeřavět	et-i
zkadeřit	i
zkajícnět	et-i
zkakraholtět	et-i
zkalit	i
zkaličit	i
zkalnět	et-i
zkamenit	i
zkamenovatět	et-i
zkamenět	et-i
zkapacitnit	i
zkapalnit	i
zkapounovatět	et-i
zkartit	i
zkatoličtit	i
zkazit	i
zkašovatět	et-i
zkeťasit	i
zklackovatět	et-i
zklackovitět	et-i
zkladnit	i
zklasičtit	i
zklasičtět	et-i
zklenout	ne
zklestit	i
zklevetit	i
zklidnit	i
zklidnět	et-i
zklihovatět	et-i
zklikatit	i
zklohnit	i
zklukovatět	et-i
zklátit	i
zklíčit	i
zkmotrovatět	et-i
zkojit	i
zkoksovatět	et-i
zkolektivnit	i
zkomisnět	et-i
zkomolit	i
zkomornit	i
zkomunálnit	i
zkonejšit	i
zkonkrétnit	i
zkonkrétnět	et-i
zkonservativnět	et-i
zkonvenčnit	i
zkonvenčnět	et-i
zkonzervativnět	et-i
zkoprnět	et-i
zkopčit	i
zkorkovatět	et-i
zkormoutit	i
zkornatět	et-i
zkorovatět	et-i
zkostnatět	et-i
zkostrbatět	et-i
zkotlavět	et-i
zkoulet	et-i
zkouzelnit	i
zkouzelnět	et-i
zkouzlit	i
zkouřit	i
zkoušet	et-i
zkovat	a
zkovovět	et-i
zkořenit	i
zkořistit	i
zkořit	i
zkošatět	et-i
zkošťálovatět	et-i
zkožnatět	et-i
zkožovatět	et-i
zkrabatit	i
zkrabatět	et-i
zkrasovatět	et-i
zkrasovět	et-i
zkrepatět	et-i
zkreslit	i
zkritičtět	et-i
zkrkavčet	et-i
zkrkavčit	i
zkrnět	et-i
zkrocanět	et-i
zkropenatět	et-i
zkrotit	i
zkroutit	i
zkroužit	i
zkrupičkovatět	et-i
zkrupnatět	et-i
zkrušit	i
zkrvavět	et-i
zkrvit	i
zkrvácet	et-i
zkrájet	et-i
zkrápět	et-i
zkrásit	i
zkrásnit	i
zkrásnět	et-i
zkrátit	i
zkrášlit	i
zkuchtit	i
zkudrnatit	i
zkudrnatět	et-i
zkujnit	i
zkulatit	i
zkulatět	et-i
zkulturnit	i
zkulturnět	et-i
zkurvit	i
zkutit	i
zkučeravit	i
zkučeravět	et-i
zkvalitnit	i
zkvalitnět	et-i
zkvapíkovatět	et-i
zkvasit	i
zkynout	ne
zkypřet	et-i
zkypřit	i
zkyselet	et-i
zkyselit	i
zkájet	et-i
zkálet	et-i
zkáznit	i
zkýčařit	i
zkřemenět	et-i
zkřenčet	et-i
zkřesťanit	i
zkřesťanštit	i
zkřesťanštět	et-i
zkřečovatět	et-i
zkřivdit	i
zkřivět	et-i
zkřišťálovět	et-i
zkřídovatět	et-i
zkřídovět	et-i
zkřížit	i
zlacinit	i
zlacinět	et-i
zladit	i
zladnit	i
zlahodit	i
zlahodnit	i
zlahodnět	et-i
zlaičtit	i
zlajdačit	i
zlakomět	et-i
zlakotit	i
zlakotnit	i
zlakotnět	et-i
zlanařit	i
zlaskavět	et-i
zlatinit	i
zlatit	i
zlatničit	i
zlatovět	et-i
zlatět	et-i
zlačnit	i
zlačnět	et-i
zlednatět	et-i
zledovatět	et-i
zledovět	et-i
zlehkomyslnět	et-i
zlehkovážnět	et-i
zlehčit	i
zlenit	i
zlenivět	et-i
zlenošit	i
zlepšit	i
zlevnit	i
zlevnět	et-i
zleštit	i
zležet	et-i
zležérnět	et-i
zlhostejnit	i
zlhostejnět	et-i
zlidnatět	et-i
zlidnit	i
zlidovět	et-i
zlidštit	i
zlidštět	et-i
zlihovatět	et-i
zliknavět	et-i
zlikvidnit	i
zliterárnit	i
zliterárnět	et-i
zliterátštit	i
zlogičtit	i
zlogičtět	et-i
zlojovatět	et-i
zlostit	i
zlostnit	i
zlotračit	i
zlotřit	i
zloudit	i
zloupit	i
zlověstit	i
zlověštit	i
zlořečit	i
zložit	i
zludařit	i
zludračit	i
zludrařit	i
zlumpačit	i
zlundračit	i
zlupenatět	et-i
zlyričtit	i
zlyričtět	et-i
zléčit	i
zlíbeznit	i
zlíbeznět	et-i
zlíbit	i
zlínět	et-i
zlítit	i
zlítostivět	et-i
zlítostnit	i
zlítostnět	et-i
zmagořit	i
zmajetnět	et-i
zmalebnit	i
zmalichernit	i
zmalichernět	et-i
zmalit	i
zmaličtět	et-i
zmalodušnět	et-i
zmalomocnit	i
zmalomocnět	et-i
zmalomyslnit	i
zmalomyslnět	et-i
zmaloměšťačet	et-i
zmaloměšťáčtět	et-i
zmalověrnět	et-i
zmalátnit	i
zmalátnět	et-i
zmamutovatět	et-i
zmanout	ne
zmanýrovatět	et-i
zmarnit	i
zmarnivět	et-i
zmarnět	et-i
zmasitět	et-i
zmasovět	et-i
zmastit	i
zmatematičtit	i
zmateřštět	et-i
zmatit	i
zmatnit	i
zmatnět	et-i
zmatovatět	et-i
zmazlit	i
zmazovatět	et-i
zmařit	i
zmaškařit	i
zmechaničtět	et-i
zmechovatět	et-i
zmedovět	et-i
zmejlit	i
zmelancholičtět	et-i
zmelodičtit	i
zmelodičtět	et-i
zmenout	ne
zmenšit	i
zmermomocnit	i
zmerčit	i
zmetkařit	i
zmetodičtit	i
zmezinárodnit	i
zmezinárodnět	et-i
zmezit	i
zmezkovatět	et-i
zmilosrdnit	i
zmilosrdnět	et-i
zmilostivět	et-i
zmilostnit	i
zmilostnět	et-i
zminout	ne
zmizet	et-i
zmladit	i
zmlhavět	et-i
zmlhovatět	et-i
zmlsnět	et-i
zmlátit	i
zmléčnatět	et-i
zmléčnit	i
zmléčnět	et-i
zmlžit	i
zmlžnět	et-i
zmnohonásobnit	i
zmnohotvárnit	i
zmnožit	i
zmocnit	i
zmocnět	et-i
zmodernět	et-i
zmodravět	et-i
zmodřet	et-i
zmodřit	i
zmohutnit	i
zmohutnět	et-i
zmokřit	i
zmonolitnit	i
zmorousovatět	et-i
zmoudřet	et-i
zmoudřit	i
zmourovatět	et-i
zmoučit	i
zmoučnatět	et-i
zmozolit	i
zmozolnatět	et-i
zmozolnět	et-i
zmozolovatět	et-i
zmočit	i
zmořit	i
zmramorovatět	et-i
zmravnit	i
zmrazit	i
zmrazivět	et-i
zmrcasatět	et-i
zmrcatit	i
zmrtvit	i
zmrtvolnit	i
zmrtvět	et-i
zmrzačit	i
zmrzet	et-i
zmrzoutět	et-i
zmrzutět	et-i
zmráčit	i
zmršit	i
zmusit	i
zmučit	i
zmužit	i
zmužnit	i
zmužnět	et-i
zmužštit	i
zmužštět	et-i
zmydlit	i
zmyslit	i
zmystičtit	i
zmálit	i
zmámit	i
zmáselnatět	et-i
zmáselnit	i
zmáslovatět	et-i
zmátořit	i
zmátožit	i
zmátožnět	et-i
zmáčet	et-i
zmínit	i
zmírnit	i
zmírnět	et-i
zmútit	i
zmýdelnit	i
zmýdlovatět	et-i
zmýlit	i
zmýtit	i
změchatět	et-i
změdlit	i
změkčit	i
změlnit	i
změlčet	et-i
změlčit	i
změnit	i
změřit	i
změštět	et-i
změšťačet	et-i
změšťáčtit	i
změšťáčtět	et-i
znachovět	et-i
znaivnět	et-i
znaléhavět	et-i
značit	i
zneaktivnit	i
znecenit	i
znechutit	i
znecitelnět	et-i
znecitlivět	et-i
zneduživět	et-i
znedůtklivět	et-i
znedůvěřit	i
znedůvěřivět	et-i
znegativnět	et-i
znehodnotit	i
znehybnit	i
znehybnět	et-i
znejasnit	i
znejasnět	et-i
znejistit	i
znejistět	et-i
zneklidnit	i
zneklidnět	et-i
znekonečnit	i
znelidštit	i
znelidštět	et-i
znelíbit	i
znemocnět	et-i
znemožnit	i
znemravnit	i
znemravnět	et-i
znenávidět	et-i
zneobratnět	et-i
znepatrnět	et-i
zneplatnit	i
zneplodnit	i
znepohodlnět	et-i
znepojízdnit	i
znepokojit	i
znepokojnět	et-i
znepozornět	et-i
znepravidelnit	i
znepravidelnět	et-i
zneprůchodnit	i
zneprůchodnět	et-i
zneprůhlednit	i
zneprůjezdnit	i
znepřehlednit	i
znepřátelit	i
znepříjemnit	i
znepříjemnět	et-i
znepřístupnit	i
znepřítomnět	et-i
znerovnoprávnit	i
znervosnit	i
znervosnět	et-i
znervoznit	i
znervoznět	et-i
znervóznit	i
znervóznět	et-i
zneschopnit	i
znesmrtelnit	i
znesmělit	i
znesnadit	i
znesnadnit	i
znesvářit	i
znesvětit	i
znetečnět	et-i
znetrpělivět	et-i
znetvořit	i
znetvářet	et-i
zneviditelnit	i
znevidět	et-i
znevlídnět	et-i
znevolnit	i
znevolničit	i
znevrlet	et-i
znevážit	i
znevážnět	et-i
znevýhodnit	i
znevýraznit	i
znevěrohodnit	i
znevěřit	i
znečistit	i
znečitelnit	i
zneřádit	i
zneškodnit	i
znešvařit	i
znešťastnět	et-i
znicotnět	et-i
zniternit	i
zniternět	et-i
zničemnit	i
zničit	i
znojit	i
znormálnět	et-i
znovinařit	i
znovudosadit	i
znovudosáhnout	ne
znovunaložit	i
znovunaplnit	i
znovunapustit	i
znovunarodit	i
znovunastolit	i
znovunatočit	i
znovunavrátit	i
znovuobrodit	i
znovuobsadit	i
znovuobydlet	et-i
znovuodhalit	i
znovuosadit	i
znovuosídlit	i
znovupotvrdit	i
znovupřipojit	i
znovupřipomenout	ne
znovurozdělit	i
znovusjednotit	i
znovuspouštět	et-i
znovuspustit	i
znovuuložit	i
znovuusadit	i
znovuuvádět	et-i
znovuvyhlásit	i
znovuvymezit	i
znovuvyplatit	i
znovuvystavět	et-i
znovuvytvořit	i
znovuvytvářet	et-i
znovuvytáčet	et-i
znovuvyzbrojit	i
znovuvzkřísit	i
znovuzabydlet	et-i
znovuzahájit	i
znovuzalesnit	i
znovuzapojit	i
znovuzasunout	ne
znovuzasvětit	i
znovuzavádět	et-i
znovuzačlenit	i
znovuzmrazit	i
znovuzprovoznit	i
znovuzpřístupnit	i
znovuzpřítomnit	i
znovuzrodit	i
znovuzvolit	i
znovuzřídit	i
znořit	i
znudit	i
znudnit	i
znuzačet	et-i
znuzačit	i
znuzit	i
znuzovatět	et-i
znábožnět	et-i
znádhernit	i
znádhernět	et-i
znáhlit	i
známit	i
znápadnět	et-i
znárodnit	i
znárodnět	et-i
znáruživět	et-i
znásilnit	i
znásobnit	i
znázornit	i
zněkolikanásobnit	i
zněmit	i
zněmčit	i
zněmět	et-i
zněžnit	i
zněžnět	et-i
zobchodnit	i
zobchodničit	i
zobecnit	i
zobecnět	et-i
zobjektivnit	i
zobloučit	i
zobousměrnit	i
zobracet	et-i
zobrátit	i
zobytnit	i
zobyčejnit	i
zobyčejnět	et-i
zobzvláštnit	i
zobčanštit	i
zobčanštět	et-i
zocelet	et-i
zocelit	i
zocelovatět	et-i
zocelovět	et-i
zoctit	i
zoctovatět	et-i
zodbornit	i
zodborničtit	i
zodborničtět	et-i
zodbornět	et-i
zodolnit	i
zodpornět	et-i
zodrážet	et-i
zoficiálnit	i
zoficiálnět	et-i
zohavět	et-i
zohebnit	i
zohebnět	et-i
zohlednit	i
zohnit	i
zohnivět	et-i
zohyzdit	i
zohyzdnit	i
zohyzdnět	et-i
zokrouhlit	i
zolejovatět	et-i
zolovnatět	et-i
zolovnět	et-i
zolověnět	et-i
zomrzet	et-i
zonačit	i
zopatrnět	et-i
zopačit	i
zoperetnit	i
zopernit	i
zopičit	i
zopravdovět	et-i
zopáčit	i
zoranžovět	et-i
zornit	i
zosadit	i
zosobnit	i
zostnatět	et-i
zostouzet	et-i
zostražitět	et-i
zostudit	i
zostřet	et-i
zostřit	i
zotročit	i
zounořit	i
zouředničit	i
zouředničtit	i
zočit	i
zošklivět	et-i
zpachtit	i
zpadesátinásobnit	i
zpakostit	i
zpalachovatět	et-i
zpaličatět	et-i
zpaličkovatět	et-i
zpalčivět	et-i
zpamátnit	i
zpanchartět	et-i
zpanikařit	i
zpaničkovatět	et-i
zpanošit	i
zpanštět	et-i
zpapírovatět	et-i
zpapírovět	et-i
zparchantit	i
zparchantět	et-i
zparnit	i
zpartykařit	i
zpasečit	i
zpasivnit	i
zpasivnět	et-i
zpasívnit	i
zpasívnět	et-i
zpateronásobnit	i
zpatrnit	i
zpařezovatět	et-i
zpecinovatět	et-i
zpeněžit	i
zpepičet	et-i
zpepíkovatět	et-i
zpepřit	i
zperlit	i
zpestřet	et-i
zpestřit	i
zpevnit	i
zpevnět	et-i
zpečetit	i
zpeřestit	i
zpeřit	i
zpichlavět	et-i
zpihovatět	et-i
zpikantnit	i
zpikantnět	et-i
zpikartit	i
zpikhartit	i
zpitomět	et-i
zpitvornět	et-i
zpitvořit	i
zpizdit	i
zplacatit	i
zplacatět	et-i
zplahočit	i
zplamenit	i
zplamenět	et-i
zplanit	i
zplanět	et-i
zplastičtit	i
zplastičtět	et-i
zplatinovět	et-i
zplavnit	i
zplavět	et-i
zplebejštět	et-i
zplechovatět	et-i
zplemenit	i
zplenit	i
zplesnivět	et-i
zpletichařit	i
zplešatět	et-i
zplichtit	i
zplnoletit	i
zplnoletnit	i
zplnomocnit	i
zplnět	et-i
zplodit	i
zplodnit	i
zplodnět	et-i
zplouhavět	et-i
zplošit	i
zplošnit	i
zploštit	i
zploštět	et-i
zplstit	i
zplstnatět	et-i
zplynit	i
zplynět	et-i
zplísnit	i
zpobíjet	et-i
zpochmurnět	et-i
zpochybnit	i
zpochybnět	et-i
zpoctivět	et-i
zpoddanit	i
zpodivnět	et-i
zpodivínštět	et-i
zpodlet	et-i
zpodlit	i
zpodmínit	i
zpodobnit	i
zpodrážet	et-i
zpodstatnit	i
zpodstatnět	et-i
zpodvracet	et-i
zpohanět	et-i
zpohanštět	et-i
zpohltit	i
zpohodlnit	i
zpohodlnět	et-i
zpohyblivět	et-i
zpohádkovět	et-i
zpohášet	et-i
zpojízdnit	i
zpokornět	et-i
zpokrokovatět	et-i
zpolovičatět	et-i
zpolštit	i
zpolštářkovatět	et-i
zpomalet	et-i
zpomalit	i
zponenáhlit	i
zpopelavět	et-i
zpopelit	i
zpopelnit	i
zpopelnět	et-i
zpopelovatět	et-i
zpoplatnit	i
zpopruhovatět	et-i
zpopulárnit	i
zpopulárnět	et-i
zporážet	et-i
zpostřílet	et-i
zposupnět	et-i
zposvátnit	i
zposvátnět	et-i
zpotit	i
zpotvořit	i
zpovlovnět	et-i
zpovolnit	i
zpovrchnit	i
zpovrchnět	et-i
zpovyrážet	et-i
zpoválet	et-i
zpověšet	et-i
zpovšechnit	i
zpovšechnět	et-i
zpozdit	i
zpozemštit	i
zpozemštět	et-i
zpozornět	et-i
zpoztrácet	et-i
zpořídit	i
zprachovatět	et-i
zpraktičtit	i
zpraktičtět	et-i
zprasit	i
zpravdit	i
zpravdivět	et-i
zpravděpodobnit	i
zpravidelnit	i
zpravidelnět	et-i
zprašivět	et-i
zprašnět	et-i
zpraštit	i
zpražit	i
zprecisnit	i
zpreciznit	i
zprimitivnit	i
zprimitivnět	et-i
zprkenět	et-i
zproduktivnit	i
zprogresivnit	i
zprohlížet	et-i
zproložit	i
zpromrzet	et-i
zpronevěřit	i
zpronikavět	et-i
zprorážet	et-i
zprosaičtět	et-i
zprosebnit	i
zprostit	i
zprostonárodnit	i
zprostonárodnět	et-i
zprostopášnit	i
zprostornit	i
zprotivnět	et-i
zprotivět	et-i
zprovinciálnět	et-i
zprovinit	i
zprovoznit	i
zprozaičtět	et-i
zprudit	i
zpruhovatět	et-i
zpružit	i
zpružnit	i
zpružnět	et-i
zpryskyřičnatět	et-i
zprznit	i
zpráchnivět	et-i
zpráchnět	et-i
zprázdnět	et-i
zpráškovatět	et-i
zprůchodnit	i
zprůchodnět	et-i
zprůhlednit	i
zprůhlednět	et-i
zprůjezdnit	i
zprůmyslnit	i
zprůmyslnět	et-i
zprůmyslovět	et-i
zprůměrnit	i
zprůsvitnit	i
zprůsvitnět	et-i
zprůtočnit	i
zprůzračnit	i
zprůzračnět	et-i
zptýlit	i
zpuchýřit	i
zpuchýřkovatět	et-i
zpuchřet	et-i
zpukřet	et-i
zpupkatět	et-i
zpupkovatět	et-i
zpupnět	et-i
zpurpurovět	et-i
zpustit	i
zpustošit	i
zpyšnit	i
zpyšnět	et-i
zpádnět	et-i
zpájet	et-i
zpánovatět	et-i
zpánovitět	et-i
zpáskovatět	et-i
zpíjet	et-i
zpíčit	i
zpórovatět	et-i
zpěknit	i
zpěknět	et-i
zpěnit	i
zpětit	i
zpěčit	i
zpředmětnit	i
zpřehlednit	i
zpřehlížet	et-i
zpřeházet	et-i
zpřejinačit	i
zpřekácet	et-i
zpřerazit	i
zpřerážet	et-i
zpřesnit	i
zpřesnět	et-i
zpřesázet	et-i
zpřetvářet	et-i
zpřetáčet	et-i
zpřevracet	et-i
zpřevrátit	i
zpřeválet	et-i
zpřátelštit	i
zpřídavnět	et-i
zpříjemnit	i
zpříjemnět	et-i
zpříkladnit	i
zpříkřet	et-i
zpříkřit	i
zpřímit	i
zpřírodnit	i
zpřísnit	i
zpřísnět	et-i
zpřístupnit	i
zpřístupnět	et-i
zpřítomnit	i
zpřítomnět	et-i
zpřívětivět	et-i
zpřízemnit	i
zpřízvučnit	i
zpřízvučnět	et-i
zpříčinit	i
zpříčit	i
zpříšernit	i
zpříšernět	et-i
způvabnit	i
způvabnět	et-i
zrabiátnit	i
zrabiátnět	et-i
zracionálnit	i
zradikálničet	et-i
zradikálničit	i
zradikálnět	et-i
zradit	i
zradostnit	i
zradostnět	et-i
zrakouštět	et-i
zramenatět	et-i
zrampouchovatět	et-i
zranit	i
zrazit	i
zračit	i
zrašelinět	et-i
zrcadlit	i
zrdousit	i
zrealističtit	i
zrealističtět	et-i
zregulérnit	i
zrejdit	i
zrejtařit	i
zrelativnit	i
zrentabilnit	i
zrevolučnit	i
zrezatět	et-i
zrezavit	i
zrezavět	et-i
zrezidentnit	i
zrezivět	et-i
zrezovatět	et-i
zreálnit	i
zreálnět	et-i
zrnatět	et-i
zrnit	i
zrodit	i
zrohatit	i
zrohatět	et-i
zrohovatět	et-i
zromantičtit	i
zromantičtět	et-i
zrománštit	i
zronit	i
zrosolovatět	et-i
zroubit	i
zrouhavět	et-i
zrovnoměrnit	i
zrovnoprávnit	i
zrovnovážit	i
zrozkošnit	i
zrozkošnět	et-i
zrozpačitět	et-i
zrozrážet	et-i
zrozumovatět	et-i
zrozumět	et-i
zrozvracet	et-i
zrozšafnět	et-i
zrudit	i
zrudnit	i
zrujnit	i
zruměnit	i
zruměnět	et-i
zrušit	i
zruštit	i
zrychlit	i
zrytířštit	i
zryšavět	et-i
zrzavět	et-i
zrábět	et-i
zrájit	i
zrázet	et-i
zráčit	i
zrážet	et-i
zrútit	i
zrůměnit	i
zrůznit	i
zrůžovatit	i
zrůžovatět	et-i
zrůžovět	et-i
zsinavět	et-i
zsílit	i
ztajemnit	i
ztajemnět	et-i
ztajit	i
ztalácet	et-i
ztančit	i
ztarasit	i
ztatařit	i
zteatrálnit	i
zteatrálnět	et-i
ztechničtit	i
ztechničtět	et-i
ztekutit	i
ztekutět	et-i
ztemnit	i
ztemnět	et-i
ztenčit	i
zteplit	i
ztesklivět	et-i
ztesknit	i
ztesknět	et-i
zteřet	et-i
ztisíceronásobnit	i
ztitěrnit	i
ztitěrnět	et-i
ztišit	i
ztklivět	et-i
ztlumočit	i
ztluštět	et-i
ztmavět	et-i
ztonout	ne
ztopornit	i
ztopornět	et-i
ztopořit	i
ztotožnit	i
ztoužnět	et-i
ztovárnit	i
ztradičnět	et-i
ztragičtět	et-i
ztrapnit	i
ztratit	i
ztriviálnět	et-i
ztrmácet	et-i
ztrnout	ne
ztrojit	i
ztrojmocnit	i
ztrojnásobnit	i
ztrojčit	i
ztrouchnivět	et-i
ztrouchnět	et-i
ztroudnatět	et-i
ztroudovatět	et-i
ztroškařit	i
ztrpčet	et-i
ztrpčit	i
ztruchlit	i
ztruchlivět	et-i
ztrudit	i
ztrudnit	i
ztrudnomyslnět	et-i
ztrudnět	et-i
ztrupelnatět	et-i
ztrvalit	i
ztrácet	et-i
ztrápit	i
ztrávit	i
ztrýznit	i
ztulačit	i
ztumpachovatět	et-i
ztumpachovět	et-i
ztupět	et-i
ztučnit	i
ztučnět	et-i
ztužit	i
ztvarohovatět	et-i
ztvarovět	et-i
ztvrdit	i
ztvrdohlavět	et-i
ztvárnit	i
ztvárnět	et-i
ztyřet	et-i
ztápět	et-i
ztátovatět	et-i
ztížet	et-i
ztížit	i
ztýřet	et-i
ztěhotnět	et-i
ztělesnit	i
ztělesnět	et-i
ztělnatět	et-i
ztěsnit	i
ztěžkomyslnět	et-i
ztěžkopádnět	et-i
ztřaslavět	et-i
ztřeslavět	et-i
ztřeštit	i
ztřásnit	i
ztřísnit	i
ztříštit	i
zubatit	i
zubatět	et-i
zubožet	et-i
zubožit	i
zuctivět	et-i
zudatnět	et-i
zuhelnatit	i
zuhelnatět	et-i
zuhelnit	i
zuhelnět	et-i
zuhličit	i
zuhlovatět	et-i
zuklízet	et-i
zukrutnět	et-i
zumělečtit	i
zumělečtět	et-i
zunčet	et-i
zunět	et-i
zupřímnět	et-i
zurputnět	et-i
zurážet	et-i
zurčet	et-i
zurčitět	et-i
zusnášet	et-i
zutrmácet	et-i
zutrácet	et-i
zutvářet	et-i
zutápět	et-i
zuzlit	i
zuzlovatět	et-i
zuřit	i
zušlechtit	i
zvalašit	i
zvarhanit	i
zvarhanovatět	et-i
zvarhanět	et-i
zvarhánkovatět	et-i
zvejřit	i
zvelebnit	i
zveličet	et-i
zveličit	i
zvelkoměštět	et-i
zvelkoměšťáčtět	et-i
zvenkovatět	et-i
zvenkovštět	et-i
zveselit	i
zvetit	i
zvetšet	et-i
zveřejnit	i
zveřejnoprávnit	i
zveřejnět	et-i
zvichřit	i
zviditelnit	i
zviditelnět	et-i
zvidět	et-i
zvinit	i
zvlastenčit	i
zvlažit	i
zvlažnět	et-i
zvlhčit	i
zvlnit	i
zvločkovatět	et-i
zvláknit	i
zvláknět	et-i
zvláčet	et-i
zvláčkovatět	et-i
zvláčnit	i
zvláčnět	et-i
zvlídnit	i
zvlídnět	et-i
zvlčit	i
zvniternit	i
zvniternět	et-i
zvnitřnit	i
zvnitřnět	et-i
zvnějšnit	i
zvodit	i
zvodnatět	et-i
zvodnit	i
zvolit	i
zvolnit	i
zvonit	i
zvoskovatět	et-i
zvostudit	i
zvousatět	et-i
zvošklivět	et-i
zvrabčit	i
zvracet	et-i
zvraždit	i
zvrcholit	i
zvroubit	i
zvroucnit	i
zvroucnět	et-i
zvrstvit	i
zvrtačit	i
zvrtohlavět	et-i
zvrtošit	i
zvráskovatět	et-i
zvrásnit	i
zvrásčit	i
zvrátit	i
zvráštit	i
zvráštět	et-i
zvráščit	i
zvršit	i
zvulgárnit	i
zvulgárnět	et-i
zvunčet	et-i
zvučet	et-i
zvučit	i
zvyházet	et-i
zvymýšlet	et-i
zvyrážet	et-i
zvyvracet	et-i
zvyvrátit	i
zvzácnět	et-i
zvábit	i
zváhavět	et-i
zválet	et-i
zvápenatět	et-i
zvápenět	et-i
zvápnit	i
zvápnět	et-i
zvášnit	i
zvášnivět	et-i
zvážit	i
zvážnit	i
zvážnět	et-i
zvířit	i
zvýbušnit	i
zvýhodnit	i
zvýmluvnět	et-i
zvýnosnit	i
zvýraznit	i
zvýraznět	et-i
zvýtvarnit	i
zvýznamnit	i
zvýznamnět	et-i
zvýšit	i
zvěcnit	i
zvěcnět	et-i
zvědečtit	i
zvědečtět	et-i
zvědomit	i
zvěnčit	i
zvěsit	i
zvěstit	i
zvětvit	i
zvětřet	et-i
zvětřit	i
zvětšit	i
zvěčnit	i
zvěčnět	et-i
zvěšet	et-i
zvředovatět	et-i
zvšednět	et-i
zábránit	i
záletničit	i
záležet	et-i
zámečničit	i
zápasit	i
zápolit	i
závidět	et-i
záviset	et-i
závodit	i
závozničit	i
zázračit	i
zářit	i
zářivět	et-i
záškodničit	i
zúplnit	i
zúpornět	et-i
zúpět	et-i
zúrodnit	i
zúrodnět	et-i
zúročit	i
zúskostnit	i
zúspornit	i
zústavnit	i
zútlet	et-i
zútlit	i
zútulnit	i
zútulnět	et-i
zúzkostlivět	et-i
zúzkostnit	i
zúzkostnět	et-i
zúčastnit	i
zúčelnit	i
zúředničit	i
zúředničtit	i
zúřednět	et-i
zúžit	i
zčasovět	et-i
zčepejřit	i
zčepýřit	i
zčernit	i
zčernět	et-i
zčerstvět	et-i
zčervavět	et-i
zčervenit	i
zčervenět	et-i
zčervivět	et-i
zčeřit	i
zčeštit	i
zčinit	i
zčipernět	et-i
zčistit	i
zčitelnit	i
zčlověčtit	i
zčtyrnásobit	i
zďábelštět	et-i
zňátřit	i
zřasit	i
zřasnatět	et-i
zředit	i
zřemeslnit	i
zřepovatět	et-i
zřečnit	i
zřečtit	i
zřeřavět	et-i
zřežavět	et-i
zřásnit	i
zřídit	i
zřímanit	i
zřítit	i
zšedivět	et-i
zšeredit	i
zšerednět	et-i
zšeřit	i
zšišatět	et-i
zšlechtit	i
zšosatět	et-i
zšosáčtět	et-i
zšílet	et-i
zželet	et-i
zženit	i
zženštit	i
zženštět	et-i
zžidovatět	et-i
zživelnit	i
zživotnit	i
zživět	et-i
zžulovatět	et-i
úchylkařit	i
úderničit	i
úhořit	i
úplatkařit	i
úpět	et-i
úrodnit	i
úročit	i
ústit	i
ústupkařit	i
útočit	i
úvodníkařit	i
úzkostlivět	et-i
účastnit	i
úředničit	i
úžit	i
čachrařit	i
čadit	i
čalounit	i
čapět	et-i
časit	i
častit	i
čelit	i
čemejřit	i
čemelit	i
čepejřit	i
čepýřit	i
černit	i
čertit	i
červavět	et-i
červenit	i
červenět	et-i
červivět	et-i
čeřit	i
češtit	i
činit	i
čistit	i
čiřinčet	et-i
čiřit	i
čišet	et-i
členit	i
čmelit	i
čmoudit	i
čmudit	i
čoudit	i
čpavkovatět	et-i
čpět	et-i
čtveračit	i
čtvrtit	i
čubrnět	et-i
čudit	i
čumět	et-i
čučet	et-i
čuřit	i
čílit	i
čířit	i
ňahňat	a
ňuchňat	a
ňuhňat	a
ňuňat	a
řadit	i
řasit	i
řasnatět	et-i
ředit	i
řehnit	i
řeholit	i
řehonit	i
řemeslnit	i
řemeslničit	i
řemeslnět	et-i
řepařit	i
řetězit	i
řevnit	i
řezbařit	i
řezničit	i
řečit	i
řečnit	i
řeřavět	et-i
řešit	i
řežavět	et-i
řinout	ne
řinčet	et-i
řičet	et-i
řádit	i
řáholit	i
řáhonit	i
řásnit	i
řídit	i
říjet	et-i
řítit	i
šantročit	i
šarapatit	i
šatit	i
šedavět	et-i
šedivět	et-i
šelestit	i
šeredit	i
šerednět	et-i
šetřit	i
ševelit	i
šeřit	i
šidit	i
šinout	ne
šišatět	et-i
škaredit	i
škaredět	et-i
šklíbit	i
škodit	i
školařit	i
školit	i
školkařit	i
školničit	i
škorpit	i
škotit	i
škraloupovatět	et-i
škrdlit	i
škrobovatět	et-i
škrtit	i
škudlit	i
škvařit	i
škvrnit	i
škvířit	i
škádlit	i
šlechtit	i
šmejdit	i
šmelinařit	i
šmelit	i
šmrdolit	i
šmírařit	i
šosatět	et-i
špatnět	et-i
špejlit	i
špendlit	i
špidlovatět	et-i
špinavět	et-i
špinit	i
špičatit	i
špičatět	et-i
špoulit	i
šprechtit	i
šprýmařit	i
špulit	i
šramotit	i
šrotit	i
štíhlet	et-i
štítit	i
štířit	i
štěpařit	i
štětit	i
šubelit	i
šulit	i
šumařit	i
šumět	et-i
šupajdit	i
šupinatit	i
šupinatět	et-i
šupinkovatět	et-i
šustit	i
švadlenit	i
švadlenčit	i
švadronit	i
šveholit	i
švejkařit	i
švitořit	i
švýcařit	i
šálit	i
šílet	et-i
šířit	i
šňořit	i
šťavnatět	et-i
žabařit	i
žadonit	i
žalostit	i
žalostnit	i
žalářit	i
žblabolit	i
žblabonit	i
žblabunit	i
žebronit	i
žedit	i
žehlit	i
želet	et-i
želírovatět	et-i
ženit	i
ženštět	et-i
žeravět	et-i
žhavět	et-i
žhnout	ne
žihlit	i
žilnatět	et-i
žinčet	et-i
živnostničit	i
živořit	i
žlutavět	et-i
žlutit	i
žmolkovatět	et-i
žnout	ne
žudlařit	i
žulit	i
žulovatět	et-i
žvanit	i
žárlit	i
žíznit	i
