# lemma	p1sg	p2sg	p3sg	p1pl	p2pl	p3pl	imp2sg	imp1pl	imp2pl	lptcp	passptcp	cvb-m	cvb-fn ("-" = derive)
archivařit	-	-	-	-	-	-	-	-	-	-	-	archivaře	-	-
babičkovatět	-	-	-	-	-	-	babičkovatěj	babičkovatějme	babičkovatějte	-	babičkovatěn	babičkovatěje	babičkovatějíc	-
babkovatět	-	-	-	-	-	-	babkovatěj	babkovatějme	babkovatějte	-	babkovatěn	babkovatěje	babkovatějíc	-
bachratět	-	-	-	-	-	bachratí	bachrať	bachraťme	bachraťte	-	-	bachratě	bachratíc	-
bacit	-	-	-	-	-	-	-	-	-	-	-	bace	-	-
baculatět	-	-	-	-	-	-	baculatěj	baculatějme	baculatějte	-	baculatěn	baculatěje	baculatějíc	-
bafuňařit	-	-	-	-	-	-	-	-	-	-	-	bafuňaře	-	-
bafčit	-	-	-	-	-	-	bafči	bafčeme	bafčete	-	-	-	-	-
bahnit	-	-	-	-	-	-	bahni	bahněme	bahněte	-	bahněn	-	-	-
balamutit	-	-	-	-	-	-	balamuť	balamuťme	balamuťte	-	balamucen	-	-
baletit	-	-	-	-	-	-	baleť	baleťme	baleťte	-	balecen	-	-	-
balit	-	-	-	-	-	-	-	-	-	-	-	bale	-
barvit	-	-	-	-	-	-	barvi	barvěme	barvěte	-	-	-	-
batolit	-	-	-	-	-	-	-	-	-	-	-	batole	-	-
bačkorovatět	-	-	-	-	-	-	bačkorovatěj	bačkorovatějme	bačkorovatějte	-	bačkorovatěn	bačkorovatěje	bačkorovatějíc	-
bařtipánovatět	-	-	-	-	-	-	bařtipánovatěj	bařtipánovatějme	bařtipánovatějte	-	bařtipánovatěn	bařtipánovatěje	bařtipánovatějíc	-
baštit	-	-	-	-	-	-	bašti	baštěme	baštěte	-	baštěn	-	-
bažit	-	-	-	-	-	-	-	-	-	-	-	baže	-
bdít	bdím	bdíš	bdí	bdíme	bdíte	bdí	bdi	bděme	bděte	bděl	bděn	bdě	bdíc
bednit	-	-	-	-	-	-	bedni	bedněme	bedněte	-	bedněn	-	-	-
bejčit	-	-	-	-	-	-	bejči	bejčeme	bejčete	-	-	bejče	-	-
beranit	-	-	-	-	-	-	beraň	beraňme	beraňte	-	beraněn	-	-	-
bečet	-	-	-	-	-	bečí	beč	bečme	bečte	-	-	beče	bečíc
bicanovatět	-	-	-	-	-	-	bicanovatěj	bicanovatějme	bicanovatějte	-	bicanovatěn	bicanovatěje	bicanovatějíc	-
blahobytnět	-	-	-	-	-	-	-	-	-	-	blahobytněn	blahobytněje	blahobytnějíc	-
blahopřát	blahopřeji	blahopřeješ	blahopřeje	blahopřejeme	blahopřejete	blahopřejou	blahopřej	blahopřejme	blahopřejte	-	blahopřán	-	-	-
blahořečit	-	-	-	-	-	-	-	-	-	-	-	blahořeče	-
blažit	-	-	-	-	-	-	-	-	-	-	-	blaže	-	-
bloudit	-	-	-	-	-	-	bloudi	blouděme	blouděte	-	blouděn	-	-	-
blouznit	-	-	-	-	-	-	blouzni	blouzněme	blouzněte	-	blouzněn	-	-	-
blyštět	-	-	-	-	-	blyští	blyšti	blyštěme	blyštěte	-	blyštěn	blyště	blyštíc	-
blábolit	-	-	-	-	-	-	-	-	-	-	-	blábole	-	-
blátovatět	-	-	-	-	-	-	blátovatěj	blátovatějme	blátovatějte	-	blátovatěn	blátovatěje	blátovatějíc	-
bláznit	-	-	-	-	-	-	blázni	blázněme	blázněte	-	blázněn	-	-
blít	bliji	bliješ	blije	blijeme	blijete	blijou	blij	blijme	blijte	blil	blit	blije	blijíc	-
blížit	-	-	-	-	-	-	bliž	bližme	bližte	-	-	blíže	-
blýštět	-	-	-	-	-	blýští	blýšti	blýštěme	blýštěte	-	blýštěn	blýště	blýštíc	-
bohatit	-	-	-	-	-	-	bohať	bohaťme	bohaťte	-	bohacen	-	-	-
bolavět	-	-	-	-	-	-	bolavěj	bolavějme	bolavějte	-	bolavěn	bolavěje	bolavějíc	-
bolet	-	-	-	-	-	bolejí	bol	bolme	bolte	-	-	bole	bolíc
bortit	-	-	-	-	-	-	borti	bortěme	bortěte	-	borcen	-	-	-
boulit	-	-	-	-	-	-	-	-	-	-	-	boule	-	-
bouřit	-	-	-	-	-	-	bouři	bouřeme	bouřete	-	-	bouře	-
bořit	-	-	-	-	-	-	-	-	-	-	-	boře	-
bratřit	-	-	-	-	-	-	bratři	bratřeme	bratřete	-	-	bratře	-	-
brebentit	-	-	-	-	-	-	-	-	-	-	brebentěn	-	-	-
brejlit	-	-	-	-	-	-	brejli	brejleme	brejlete	-	-	brejle	-	-
brečet	-	-	-	-	-	brečí	breč	brečme	brečte	-	-	breče	brečíc
brigádničit	-	-	-	-	-	-	-	-	-	-	-	brigádniče	-	-
brnčet	-	-	-	-	-	brnčí	brnči	brnčeme	brnčete	-	-	brnče	brnčíc	-
brnět	-	-	-	-	-	brní	brň	brňme	brňte	-	brněn	brně	brníc
brodit	-	-	-	-	-	-	broď	broďme	broďte	-	broděn	-	-	-
brojit	-	-	-	-	-	-	-	-	-	-	-	broje	-
brousit	-	-	-	-	-	-	brus	brusme	bruste	-	broušen	brouse	-
brunátnět	-	-	-	-	-	-	brunátni	brunátněme	brunátněte	-	brunátněn	brunátněje	brunátnějíc	-
bruslit	-	-	-	-	-	-	brusli	brusleme	bruslete	-	-	brusle	-
bručet	-	-	-	-	-	bručí	bruč	bručme	bručte	-	-	bruče	bručíc	-
brzdit	-	-	-	-	-	-	brzdi	brzděme	brzděte	-	brzděn	-	-
bránit	-	-	-	-	-	-	braň	braňme	braňte	-	bráněn	-	-
brát	beru	bereš	bere	bereme	berete	berou	ber	berme	berte	bral	brán	bera	berouc
brázdit	-	-	-	-	-	-	brázdi	-	-	-	-	-	-
bubřet	-	-	-	-	-	bubří	bubři	bubřeme	bubřete	-	-	bubře	bubříc	-
buchtovatět	-	-	-	-	-	-	buchtovatěj	buchtovatějme	buchtovatějte	-	buchtovatěn	buchtovatěje	buchtovatějíc	-
budit	-	-	-	-	-	-	buď	buďme	buďte	-	buzen	-	-
bujet	-	-	-	-	-	bují	-	-	-	-	-	buje	bujíc
bujnět	-	-	-	-	-	bujní	bujni	bujněme	bujněte	-	bujněn	bujně	bujníc	-
buldočit	-	-	-	-	-	-	-	-	-	-	-	buldoče	-	-
bulit	-	-	-	-	-	-	-	-	-	-	-	bule	-
burácet	-	-	-	-	-	burácejí	burácej	burácejme	burácejte	-	-	buráceje	burácejíc	-
burčet	-	-	-	-	-	burčí	burči	burčeme	burčete	-	-	burče	burčíc	-
bučet	-	-	-	-	-	bučí	buč	bučme	bučte	-	-	buče	bučíc
bušit	-	-	-	-	-	-	-	-	-	-	-	buše	-
bydlet	-	-	-	-	-	bydlejí	bydli	bydleme	bydlete	-	-	bydle	bydlíc
bystřit	-	-	-	-	-	-	bystři	bystřeme	bystřete	-	-	bystře	-	-
bytnět	-	-	-	-	-	-	-	-	-	-	bytněn	bytněje	bytnějíc	-
bzdít	bzdím	bzdíš	bzdí	bzdíme	bzdíte	bzdí	bzdi	bzděme	bzděte	bzděl	bzděn	-	-	-
bzučet	-	-	-	-	-	bzučí	bzuč	bzučme	bzučte	-	-	bzuče	bzučíc
bájit	-	-	-	-	-	-	baj	bajme	bajte	-	-	báje	-
bánit	-	-	-	-	-	-	báni	báněme	báněte	-	-	-	-	-
básnit	-	-	-	-	-	-	básni	básněme	básněte	-	básněn	-	-	-
bát	bojím	bojíš	bojí	bojíme	bojíte	bojí	boj	bojme	bojte	-	-	boje	bojíc
bílit	-	-	-	-	-	-	-	-	-	-	-	bíle	-
bít	biji	biješ	bije	bijeme	bijete	bijou	bij	bijme	bijte	bil	bit	bije	bijíc
být	jsem	jsi	je	jsme	jste	jsou	buď	buďme	buďte	byl	-	jsa	jsouc
býčit	-	-	-	-	-	-	býči	býčeme	býčete	-	-	býče	-	-
bělet	-	-	-	-	-	bělí	-	-	-	-	-	-	-
bělit	-	-	-	-	-	-	-	-	-	-	-	běle	-
běsnit	-	-	-	-	-	-	běsni	běsněme	běsněte	-	běsněn	-	-
běžet	-	-	-	-	-	běží	běž	běžme	běžte	-	-	běže	běžíc
běžkařit	-	-	-	-	-	-	-	-	-	-	-	běžkaře	-	-
břichatět	-	-	-	-	-	břichatí	břichať	břichaťme	břichaťte	-	břichatěn	břichatě	břichatíc	-
břinčet	-	-	-	-	-	břinčí	břinči	břinčeme	břinčete	-	-	břinče	břinčíc	-
břáňat	-	-	-	-	-	-	břáněj	břánějme	břánějte	-	-	-	-	-
břídit	-	-	-	-	-	-	břiď	břiďme	břiďte	-	-	-	-	-
cedit	-	-	-	-	-	-	ceď	ceďme	ceďte	-	cezen	-	-
cejtit	-	-	-	-	-	-	cejti	cejtěme	cejtěte	-	cejtěn	-	-	-
cenit	-	-	-	-	-	-	ceň	ceňme	ceňte	-	ceněn	-	-
cepenět	-	-	-	-	-	-	cepeň	cepeňme	cepeňte	-	cepeněn	cepeně	cepeníc	-
chalupařit	-	-	-	-	-	-	-	-	-	-	-	chalupaře	-	-
chamtit	-	-	-	-	-	-	chamti	chamtěme	chamtěte	-	-	-	-	-
chatařit	-	-	-	-	-	-	-	-	-	-	-	chataře	-	-
chcát	chčiji	chčiješ	chčije	chčijeme	chčijete	chčijou	chčij	chčijme	chčijte	chcal	chcán	-	-
chladit	-	-	-	-	-	-	chlaď	chlaďme	chlaďte	-	chlazen	-	-
chlácholit	-	-	-	-	-	-	-	-	-	-	-	chláchole	-	-
chmelařit	-	-	-	-	-	-	-	-	-	-	-	chmelaře	-	-
chmelit	-	-	-	-	-	-	-	-	-	-	-	chmele	-	-
chmuřit	-	-	-	-	-	-	-	-	-	-	-	chmuře	-	-
chodit	-	-	-	-	-	-	choď	choďme	choďte	-	chozen	-	-
choulit	-	-	-	-	-	-	chouli	chouleme	choulete	-	-	choule	-	-
choulostivět	-	-	-	-	-	-	choulostivěj	choulostivějme	choulostivějte	-	choulostivěn	choulostivěje	choulostivějíc	-
chovat	chovám	chováš	chová	chováme	chováte	chovají	chovej	chovejme	chovejte	-	chován	chovaje	chovajíc
chořet	-	-	-	-	-	choří	choř	chořme	chořte	-	-	choře	choříc	-
chrapotit	-	-	-	-	-	-	chrapoť	chrapoťme	chrapoťte	-	chrapocen	-	-	-
chraptět	-	-	-	-	-	chraptí	chrapti	chraptěme	chraptěte	-	chraptěn	chraptě	chraptíc	-
chrastit	-	-	-	-	-	-	chrasti	chrastěme	chrastěte	-	-	-	-	-
chrlit	-	-	-	-	-	-	chrli	chrleme	chrlete	-	-	chrle	-	-
chrnout	-	-	-	-	-	-	-	-	-	chrnul	-	-	-	chrnula
chrnět	-	-	-	-	-	chrní	chrň	chrňme	chrňte	-	chrněn	chrně	chrníc	-
chroptět	-	-	-	-	-	-	chropti	chroptěme	chroptěte	-	chroptěn	chroptě	chroptíc	-
chruchňat	-	-	-	-	-	-	chruchněj	chruchnějme	chruchnějte	-	-	-	-	-
chrudit	-	-	-	-	-	-	chruď	chruďme	chruďte	-	chruzen	-	-	-
chránit	-	-	-	-	-	-	chraň	chraňme	chraňte	-	chráněn	-	-
chrápat	chrápu	chrápeš	chrápe	chrápeme	chrápete	-	-	-	-	-	-	-	-
chrčet	-	-	-	-	-	chrčí	chrč	chrčme	chrčte	-	-	chrče	chrčíc	-
chtít	chci	chceš	chce	chceme	chcete	chtí	chtěj	chtějme	chtějte	chtěl	chtěn	chtě	chtíc
chumelit	-	-	-	-	-	-	-	-	-	-	-	chumele	-
churavět	-	-	-	-	-	-	churavěj	churavějme	churavějte	-	churavěn	churavěje	churavějíc	-
chvalořečit	-	-	-	-	-	-	-	-	-	-	-	chvalořeče	-	-
chválit	-	-	-	-	-	-	chval	chvalme	chvalte	-	-	chvále	-
chvět	-	chvěješ	-	chvějeme	-	-	chvěj	chvějme	chvějte	-	-	-	-
chybět	-	-	-	-	-	-	chyběj	chybějme	chybějte	-	chyběn	chyběje	chybějíc	-
chytit	-	-	-	-	-	-	chyť	chyťme	chyťte	-	chycen	-	-
chytračit	-	-	-	-	-	-	-	-	-	-	-	chytrače	-	-
chápat	chápu	chápeš	chápe	chápeme	chápete	chápou	-	-	-	-	-	-	-
chýlit	-	-	-	-	-	-	chyl	chylme	chylte	-	-	chýle	-
chřastit	-	-	-	-	-	-	chřasti	chřastěme	chřastěte	-	-	-	-	-
chřestit	-	-	-	-	-	-	chřesti	chřestěme	chřestěte	-	chřestěn	-	-	-
cigánit	-	-	-	-	-	-	cigáň	cigáňme	cigáňte	-	cigáněn	-	-	-
cikánit	-	-	-	-	-	-	cikáň	cikáňme	cikáňte	-	cikáněn	-	-	-
civět	-	-	-	-	-	-	civ	civme	civte	-	civěn	-	-
cizoložit	-	-	-	-	-	-	-	-	-	-	-	cizolože	-
cizopasit	-	-	-	-	-	-	-	-	-	-	-	cizopase	-	-
clonit	-	-	-	-	-	-	cloň	cloňme	cloňte	-	cloněn	-	-	-
clít	clím	clíš	clí	clíme	clíte	clí	cli	cleme	clete	clil	clen	cle	clíc	-
cmuchtit	-	-	-	-	-	-	cmuchti	cmuchtěme	cmuchtěte	-	cmuchtěn	-	-	-
cmudit	-	-	-	-	-	-	cmuď	cmuďme	cmuďte	-	cmuděn	-	-	-
cpát	cpu	cpeš	cpe	cpeme	cpete	cpou	cpi	cpěme	cpěte	cpal	cpán	cpa	cpouc
crčet	-	-	-	-	-	crčí	crč	crčme	crčte	-	-	crče	crčíc
ctít	ctím	ctíš	ctí	ctíme	ctíte	ctí	cti	ctěme	ctěte	ctil	ctěn	ctě	ctíc
cuckovatět	-	-	-	-	-	cuckovatí	cuckovať	cuckovaťme	cuckovaťte	-	cuckovatěn	-	-	-
cukernatět	-	-	-	-	-	cukernatí	cukernať	cukernaťme	cukernaťte	-	cukernatěn	cukernatě	cukernatíc	-
cukrovatět	-	-	-	-	-	-	cukrovatěj	cukrovatějme	cukrovatějte	-	cukrovatěn	cukrovatěje	cukrovatějíc	-
culit	-	-	-	-	-	-	-	-	-	-	-	cule	-
cvičit	-	-	-	-	-	-	-	-	-	-	-	cviče	-
cvokatět	-	-	-	-	-	-	cvokatěj	cvokatějme	cvokatějte	-	cvokatěn	cvokatěje	cvokatějíc	-
cvrčet	-	-	-	-	-	cvrčí	cvrč	cvrčme	cvrčte	-	-	cvrče	cvrčíc	-
cyklit	-	-	-	-	-	-	cykli	cykleme	cyklete	-	-	cykle	-	-
cásnout	-	-	-	-	-	-	-	-	-	cásnul	-	-	-	cásnula
cídit	-	-	-	-	-	-	ciď	ciďme	ciďte	-	cíděn	-	-
cílit	-	-	-	-	-	-	cil	cilme	cilte	-	-	cíle	-
cítit	-	-	-	-	-	-	ciť	ciťme	ciťte	-	cítěn	-	-
danit	-	-	-	-	-	-	daň	daňme	daňte	-	daněn	-	-
darebačit	-	-	-	-	-	-	-	-	-	-	-	darebače	-	-
dařit	-	-	-	-	-	-	-	-	-	-	-	daře	-
dbát	dbám	dbáš	dbá	dbáme	dbáte	dbají	dbej	dbejme	dbejte	dbal	dbán	dbaje	dbajíc
delšit	-	-	-	-	-	-	delši	delšeme	delšete	-	-	delše	-	-
diskotančit	-	-	-	-	-	-	diskotanči	diskotančeme	diskotančete	-	-	diskotanče	-	-
divočet	-	-	-	-	-	divočejí	divočej	divočejme	divočejte	-	-	divočeje	divočejíc	-
dloužit	-	-	-	-	-	-	dlouži	dloužeme	dloužete	-	-	dlouže	-	-
dlužit	-	-	-	-	-	-	-	-	-	-	-	dluže	-
dláždit	-	-	-	-	-	-	dláždi	dlážděme	dlážděte	-	dlážděn	-	-
dlít	dlím	dlíš	dlí	dlíme	dlíte	dlejí	dli	dleme	dlete	dlel	dlen	dle	dlejíc	-
dmout	dmu	dmeš	dme	dmeme	dmete	dmou	dmi	dměme	dměte	dmul	dmut	dma	dmouc
dnít	-	-	dní	-	-	-	-	-	-	dnil	-	-	-	dnila
dobalit	-	-	-	-	-	-	-	-	-	-	-	dobale	-	-
dobarvit	-	-	-	-	-	-	dobarvi	dobarvěme	dobarvěte	-	-	-	-	-
dobatolit	-	-	-	-	-	-	-	-	-	-	-	dobatole	-	-
dobečet	-	-	-	-	-	dobečí	dobeč	dobečme	dobečte	-	-	-	-	-
dobolet	-	-	-	-	-	dobolejí	dobol	dobolme	dobolte	-	-	dobole	dobolíc	-
dobouřit	-	-	-	-	-	-	dobouři	dobouřeme	dobouřete	-	-	-	-	-
dobrat	doberu	dobereš	dobere	dobereme	doberete	doberou	dober	doberme	doberte	-	-	-	-
dobrečet	-	-	-	-	-	dobrečí	dobreč	dobrečme	dobrečte	-	-	-	-	-
dobrigádničit	-	-	-	-	-	-	-	-	-	-	-	dobrigádniče	-	-
dobrodit	-	-	-	-	-	-	-	-	-	-	dobroděn	-	-	-
dobrousit	-	-	-	-	-	-	dobrus	dobrusme	dobruste	-	dobroušen	-	-	-
dobrořečit	-	-	-	-	-	-	-	-	-	-	-	dobrořeče	-	-
dobruslit	-	-	-	-	-	-	dobrusli	dobrusleme	dobruslete	-	-	-	-	-
dobručet	-	-	-	-	-	dobručí	dobruč	dobručme	dobručte	-	-	-	-	-
dobrzdit	-	-	-	-	-	-	dobrzdi	dobrzděme	dobrzděte	-	dobrzděn	-	-	-
dobránit	-	-	-	-	-	-	dobraň	dobraňme	dobraňte	-	dobráněn	-	-	-
dobrázdit	-	-	-	-	-	-	dobrázdi	dobrázděme	dobrázděte	-	dobrázděn	-	-	-
doburácet	-	-	-	-	-	doburácejí	doburácej	doburácejme	doburácejte	-	-	doburáceje	doburácejíc	-
dobučet	-	-	-	-	-	dobučí	dobuč	dobučme	dobučte	-	-	-	-	-
dobušit	-	-	-	-	-	-	-	-	-	-	-	dobuše	-	-
dobzučet	-	-	-	-	-	dobzučí	dobzuč	dobzučme	dobzučte	-	-	-	-	-
dobásnit	-	-	-	-	-	-	dobásni	dobásněme	dobásněte	-	dobásněn	-	-	-
dobíjet	-	-	-	-	-	dobíjejí	dobíjej	dobíjejme	dobíjejte	-	-	dobíjeje	dobíjejíc
dobílit	-	-	-	-	-	-	dobíli	dobíleme	dobílete	-	-	-	-	-
dobít	dobiji	dobiješ	dobije	dobijeme	dobijete	dobijou	dobij	dobijme	dobijte	dobil	dobit	-	-
dobýt	dobudu	dobudeš	dobude	dobudeme	dobudete	dobudou	dobuď	dobuďme	dobuďte	dobyl	dobyt	-	-
docedit	-	-	-	-	-	-	doceď	doceďme	doceďte	-	docezen	-	-	-
docelit	-	-	-	-	-	-	-	-	-	-	-	docele	-	-
docenit	-	-	-	-	-	-	doceň	doceňme	doceňte	-	doceněn	-	-
dochladit	-	-	-	-	-	-	dochlaď	dochlaďme	dochlaďte	-	dochlazen	-	-	-
dochlácholit	-	-	-	-	-	-	-	-	-	-	-	dochláchole	-	-
dochmelařit	-	-	-	-	-	-	-	-	-	-	-	dochmelaře	-	-
dochodit	-	-	-	-	-	-	dochoď	dochoďme	dochoďte	-	dochozen	-	-	-
dochovat	dochovám	dochováš	dochová	dochováme	dochováte	dochovají	dochovej	dochovejme	dochovejte	-	dochován	dochovaje	dochovajíc	-
dochrastit	-	-	-	-	-	-	dochrasti	dochrastěme	dochrastěte	-	-	-	-	-
dochroptět	-	-	-	-	-	dochroptí	dochropti	dochroptěme	dochroptěte	-	dochroptěn	-	-	-
dochránit	-	-	-	-	-	-	-	-	-	-	dochráněn	-	-	-
dochrčet	-	-	-	-	-	dochrčí	dochrč	dochrčme	dochrčte	-	-	-	-	-
dochuravět	-	-	-	-	-	-	dochuravěj	dochuravějme	dochuravějte	-	dochuravěn	dochuravěje	dochuravějíc	-
dochutit	-	-	-	-	-	-	dochuť	dochuťme	dochuťte	-	dochucen	-	-	-
dochvět	dochvěji	dochvěješ	dochvěje	dochvějeme	dochvějete	-	dochvěj	dochvějme	dochvějte	-	-	-	-	-
dochytračit	-	-	-	-	-	-	-	-	-	-	-	dochytrače	-	-
docházet	-	-	-	-	-	docházejí	docházej	docházejme	docházejte	-	-	docházeje	docházejíc
dochřestit	-	-	-	-	-	-	-	-	-	-	dochřestěn	-	-	-
docikánit	-	-	-	-	-	-	docikáň	docikáňme	docikáňte	-	docikáněn	-	-	-
docizoložit	-	-	-	-	-	-	-	-	-	-	-	docizolože	-	-
docpat	docpu	docpeš	docpe	docpeme	docpete	docpou	docpi	docpěme	docpěte	-	-	-	-	-
docvičit	-	-	-	-	-	-	-	-	-	-	-	docviče	-	-
docyklit	-	-	-	-	-	-	docykli	docykleme	docyklete	-	-	-	-	-
docílit	-	-	-	-	-	-	docil	docilme	docilte	-	-	-	-
docítit	-	-	-	-	-	-	dociť	dociťme	dociťte	-	docítěn	-	-	-
dodanit	-	-	-	-	-	-	dodaň	dodaňme	dodaňte	-	dodaněn	-	-	-
dodláždit	-	-	-	-	-	-	dodláždi	dodlážděme	dodlážděte	-	dodlážděn	-	-	-
dodrat	doderu	dodereš	dodere	dodereme	doderete	doderou	doder	doderme	doderte	-	-	-	-	-
dodrmolit	-	-	-	-	-	-	-	-	-	-	-	dodrmole	-	-
dodrnčet	-	-	-	-	-	dodrnčí	dodrnči	dodrnčeme	dodrnčete	-	-	-	-	-
dodráždit	-	-	-	-	-	-	dodráždi	dodrážděme	dodrážděte	-	dodrážděn	-	-	-
dodržet	-	-	-	-	-	dodrží	dodrž	dodržme	dodržte	-	-	-	-	-
dodunět	-	-	-	-	-	doduní	doduň	doduňme	doduňte	-	doduněn	-	-	-
dodusit	-	-	-	-	-	-	-	-	-	-	dodušen	-	-	-
dodělit	-	-	-	-	-	-	-	-	-	-	-	doděle	-	-
dodřít	dodřu	dodřeš	dodře	dodřeme	dodřete	dodřou	dodři	dodřeme	dodřete	dodřel	dodřen	-	-	dodřela
dofandit	-	-	-	-	-	-	-	-	-	-	dofanděn	-	-	-
dofarmařit	-	-	-	-	-	-	-	-	-	-	-	dofarmaře	-	-
dofotit	-	-	-	-	-	-	dofoť	dofoťme	dofoťte	-	dofocen	-	-	-
dofrajeřit	-	-	-	-	-	-	-	-	-	-	-	dofrajeře	-	-
dofrčet	-	-	-	-	-	dofrčí	dofrč	dofrčme	dofrčte	-	-	-	-	-
dofunkcionařit	-	-	-	-	-	-	-	-	-	-	-	dofunkcionaře	-	-
dofunět	-	-	-	-	-	dofuní	dofuň	dofuňme	dofuňte	-	dofuněn	-	-	-
dofučet	-	-	-	-	-	dofučí	dofuč	dofučme	dofučte	-	-	-	-	-
doharašit	-	-	-	-	-	-	-	-	-	-	-	doharaše	-	-
dohartusit	-	-	-	-	-	-	-	-	-	-	-	dohartuse	-	-
dohasit	-	-	-	-	-	-	-	-	-	-	dohašen	-	-	-
dohihňat	-	-	-	-	-	-	dohihněj	dohihnějme	dohihnějte	-	-	-	-	-
dohladit	-	-	-	-	-	-	dohlaď	dohlaďme	dohlaďte	-	dohlazen	-	-	-
dohlaholit	-	-	-	-	-	-	-	-	-	-	-	dohlahole	-	-
dohloubit	-	-	-	-	-	-	dohloubi	dohlouběme	dohlouběte	-	-	-	-	-
dohlučet	-	-	-	-	-	dohlučejí	dohlučej	dohlučejme	dohlučejte	-	-	dohlučeje	dohlučejíc	-
dohlásit	-	-	-	-	-	-	dohlas	dohlasme	dohlaste	-	dohlášen	-	-	-
dohlížet	-	-	-	-	-	dohlížejí	dohlížej	dohlížejme	dohlížejte	-	-	dohlížeje	dohlížejíc
dohmoždit	-	-	-	-	-	-	dohmoždi	dohmožděme	dohmožděte	-	dohmožděn	-	-	-
dohnat	doženu	doženeš	dožene	doženeme	doženete	doženou	dožeň	dožeňme	dožeňte	-	-	-	-
dohnojit	-	-	-	-	-	-	-	-	-	-	-	dohnoje	-	-
dohníst	dohnětu	dohněteš	dohněte	dohněteme	dohnětete	dohnětou	dohněť	dohněťme	dohněťte	dohnětl	dohněten	-	-	dohnětla
dohodit	-	-	-	-	-	-	dohoď	dohoďme	dohoďte	-	dohozen	-	-
doholit	-	-	-	-	-	-	-	-	-	-	-	dohole	-	-
doholubařit	-	-	-	-	-	-	-	-	-	-	-	doholubaře	-	-
dohonit	-	-	-	-	-	-	dohoň	dohoňme	dohoňte	-	dohoněn	-	-	-
dohospodařit	-	-	-	-	-	-	-	-	-	-	-	dohospodaře	-	-
dohovořit	-	-	-	-	-	-	-	-	-	-	-	dohovoře	-	-
dohořet	-	-	-	-	-	dohoří	dohoř	dohořme	dohořte	-	-	-	-
dohrabat	dohrabu	dohrabeš	dohrabe	dohrabeme	dohrabete	dohrabou	-	-	-	-	-	-	-	-
dohrnout	-	-	-	-	-	-	dohrň	dohrňme	dohrňte	dohrnul	-	-	-	dohrnula
dohrát	dohraji	dohraješ	dohraje	dohrajeme	dohrajete	dohrajou	dohraj	dohrajme	dohrajte	-	dohrán	-	-	-
dohrčet	-	-	-	-	-	dohrčí	dohrč	dohrčme	dohrčte	-	-	-	-	-
dohulit	-	-	-	-	-	-	-	-	-	-	-	dohule	-	-
dohustit	-	-	-	-	-	-	dohusti	dohustěme	dohustěte	-	dohustěn	-	-	-
dohučet	-	-	-	-	-	dohučí	dohuč	dohučme	dohučte	-	-	-	-	-
dohánět	-	-	-	-	-	-	doháněj	dohánějme	dohánějte	-	doháněn	doháněje	dohánějíc	-
doházet	-	-	-	-	-	doházejí	doházej	doházejme	doházejte	-	-	doházeje	doházejíc	-
dohřmět	-	-	-	-	-	dohřmí	dohřmi	dohřměme	dohřměte	-	dohřměn	-	-	-
dohřát	dohřeji	dohřeješ	dohřeje	dohřejeme	dohřejete	dohřejou	dohřej	dohřejme	dohřejte	-	dohřát	-	-
dojasnit	-	-	-	-	-	-	-	-	-	-	dojasněn	-	-	-
dojednotit	-	-	-	-	-	-	dojednoť	dojednoťme	dojednoťte	-	dojednocen	-	-	-
dojet	dojedu	dojedeš	dojede	dojedeme	dojedete	dojedou	dojeď	dojeďme	dojeďte	-	dojet	-	-
dojezdit	-	-	-	-	-	-	dojezdi	dojezděme	dojezděte	-	dojezděn	-	-	-
doječet	-	-	-	-	-	doječí	doječ	doječme	doječte	-	-	-	-	-
dojiskřit	-	-	-	-	-	-	dojiskři	dojiskřeme	dojiskřete	-	-	-	-	-
dojit	-	-	-	-	-	-	-	-	-	-	-	doje	-
dojmout	dojmu	dojmeš	dojme	dojmeme	dojmete	dojmou	dojmi	dojměme	dojměte	dojal	dojat	-	-
dojíst	dojím	dojíš	dojí	dojíme	dojíte	dojedí	dojez	dojezme	dojezte	dojedl	dojeden	-	-	dojedla
dojít	dojdu	dojdeš	dojde	dojdeme	dojdete	dojdou	dojdi	-	-	došel	-	-	-	došla
dojíždět	-	-	-	-	-	-	dojížděj	dojíždějme	dojíždějte	-	dojížděn	dojížděje	dojíždějíc	-
dokadit	-	-	-	-	-	-	dokaď	dokaďme	dokaďte	-	dokaděn	-	-	-
dokamarádit	-	-	-	-	-	-	dokamarádi	dokamaráděme	dokamaráděte	-	dokamaráděn	-	-	-
dokeťasit	-	-	-	-	-	-	-	-	-	-	-	dokeťase	-	-
doklidit	-	-	-	-	-	-	dokliď	dokliďme	dokliďte	-	doklizen	-	-	-
doklohnit	-	-	-	-	-	-	doklohni	doklohněme	doklohněte	-	-	-	-	-
doklovat	doklovu	dokloveš	doklove	dokloveme	doklovete	doklovají	doklovej	doklovejme	doklovejte	-	doklován	doklovaje	doklovajíc	-
doklátit	-	-	-	-	-	-	doklať	doklaťme	doklaťte	-	doklácen	-	-	-
doklížit	-	-	-	-	-	-	dokliž	dokližme	dokližte	-	-	-	-	-
dokojit	-	-	-	-	-	-	-	-	-	-	-	dokoje	-	-
dokončit	-	-	-	-	-	-	dokonči	dokončeme	dokončete	-	-	-	-
dokoulet	-	-	-	-	-	dokoulejí	dokoulej	dokoulejme	dokoulejte	-	-	dokouleje	dokoulejíc	-
dokoupit	-	-	-	-	-	-	dokup	dokupme	dokupte	-	-	-	-
dokouzlit	-	-	-	-	-	-	dokouzli	dokouzleme	dokouzlete	-	-	-	-	-
dokouřit	-	-	-	-	-	-	dokuř	dokuřme	dokuřte	-	-	-	-
dokovat	dokovu	dokoveš	dokove	dokoveme	dokovete	dokovají	dokovej	dokovejme	dokovejte	-	dokován	dokovaje	dokovajíc	-
dokoňařit	-	-	-	-	-	-	-	-	-	-	-	dokoňaře	-	-
dokořenit	-	-	-	-	-	-	dokořeň	dokořeňme	dokořeňte	-	dokořeněn	-	-	-
dokramařit	-	-	-	-	-	-	-	-	-	-	-	dokramaře	-	-
dokreslit	-	-	-	-	-	-	dokresli	dokresleme	dokreslete	-	-	-	-
dokrojit	-	-	-	-	-	-	-	-	-	-	-	dokroje	-	-
dokroutit	-	-	-	-	-	-	dokruť	dokruťme	dokruťte	-	dokroucen	-	-	-
dokroužit	-	-	-	-	-	-	dokruž	dokružme	dokružte	-	-	-	-	-
dokročit	-	-	-	-	-	-	-	-	-	-	-	dokroče	-	-
dokrvácet	-	-	-	-	-	dokrvácejí	dokrvácej	dokrvácejme	dokrvácejte	-	-	dokrváceje	dokrvácejíc	-
dokrájet	-	-	-	-	-	dokrájejí	dokrájej	dokrájejme	dokrájejte	-	-	dokrájeje	dokrájejíc	-
dokrást	dokradu	dokradeš	dokrade	dokrademe	dokradete	dokradou	dokraď	dokraďme	dokraďte	dokradl	dokraden	-	-	dokradla
dokrátit	-	-	-	-	-	-	dokrať	dokraťme	dokraťte	-	dokrácen	-	-	-
dokráčet	-	-	-	-	-	dokráčejí	dokráčej	dokráčejme	dokráčejte	-	-	dokráčeje	dokráčejíc	-
dokrýt	dokryji	dokryješ	dokryje	dokryjeme	dokryjete	dokryjou	dokryj	dokryjme	dokryjte	dokryl	dokryt	-	-	dokryla
dokuchařit	-	-	-	-	-	-	-	-	-	-	-	dokuchaře	-	-
dokuchtit	-	-	-	-	-	-	dokuchti	dokuchtěme	dokuchtěte	-	dokuchtěn	-	-	-
dokulit	-	-	-	-	-	-	-	-	-	-	-	dokule	-	-
dokurvit	-	-	-	-	-	-	dokurvi	dokurvěme	dokurvěte	-	-	-	-	-
dokutálet	-	-	-	-	-	dokutálejí	dokutálej	dokutálejme	dokutálejte	-	-	dokutáleje	dokutálejíc	-
dokvasit	-	-	-	-	-	-	-	-	-	-	dokvašen	-	-	-
dokvačit	-	-	-	-	-	-	-	-	-	-	-	dokvače	-	-
dokvičet	-	-	-	-	-	dokvičí	dokvič	dokvičme	dokvičte	-	-	-	-	-
dokvášet	-	-	-	-	-	dokvášejí	dokvášej	dokvášejme	dokvášejte	-	-	dokvášeje	dokvášejíc	-
dokvést	dokvetu	dokveteš	dokvete	dokveteme	dokvetete	dokvetou	dokveť	dokveťme	dokveťte	dokvetl	-	-	-	dokvetla
dokvílet	-	-	-	-	-	dokvílejí	dokvílej	dokvílejme	dokvílejte	-	-	dokvíleje	dokvílejíc	-
dokynout	-	-	-	-	-	-	dokyň	dokyňme	dokyňte	-	-	-	-	-
dokypřit	-	-	-	-	-	-	dokypři	dokypřeme	dokypřete	-	-	-	-	-
dokyselit	-	-	-	-	-	-	-	-	-	-	-	dokysele	-	-
dokácet	-	-	-	-	-	dokácejí	dokácej	dokácejme	dokácejte	-	-	dokáceje	dokácejíc	-
dokázat	dokáži	dokážeš	dokáže	dokážeme	dokážete	dokážou	dokaž	dokažme	dokažte	-	-	-	-
dokňučet	-	-	-	-	-	dokňučí	dokňuč	dokňučme	dokňučte	-	-	-	-	-
dokřepčit	-	-	-	-	-	-	dokřepči	dokřepčeme	dokřepčete	-	-	-	-	-
dokřičet	-	-	-	-	-	dokřičí	dokřič	dokřičme	dokřičte	-	-	-	-	-
dokřtít	dokřtím	dokřtíš	dokřtí	dokřtíme	dokřtíte	dokřtí	dokřti	dokřtěme	dokřtěte	dokřtil	dokřtěn	-	-	dokřtila
doladit	-	-	-	-	-	-	dolaď	dolaďme	dolaďte	-	doladěn	-	-
dolanařit	-	-	-	-	-	-	-	-	-	-	-	dolanaře	-	-
dolenošit	-	-	-	-	-	-	-	-	-	-	-	dolenoše	-	-
dolesnit	-	-	-	-	-	-	dolesni	dolesněme	dolesněte	-	dolesněn	-	-	-
doletnit	-	-	-	-	-	-	doletni	doletněme	doletněte	-	doletněn	-	-	-
doletět	-	-	-	-	-	doletí	doleť	doleťme	doleťte	-	doletěn	-	-	-
doleštit	-	-	-	-	-	-	dolešti	doleštěme	doleštěte	-	doleštěn	-	-	-
dolhat	dolžu	dolžeš	dolže	dolžeme	dolžete	dolžou	dolži	dolžeme	dolžete	-	-	-	-	-
dolichvařit	-	-	-	-	-	-	-	-	-	-	-	dolichvaře	-	-
doloudit	-	-	-	-	-	-	-	-	-	-	dolouděn	-	-	-
doložit	-	-	-	-	-	-	-	-	-	-	-	dolože	-	-
doluštit	-	-	-	-	-	-	dolušti	doluštěme	doluštěte	-	doluštěn	-	-	-
dolyžařit	-	-	-	-	-	-	-	-	-	-	-	dolyžaře	-	-
dolámat	dolámu	dolámeš	doláme	dolámeme	dolámete	dolámou	-	-	-	-	-	-	-	-
doláteřit	-	-	-	-	-	-	-	-	-	-	-	doláteře	-	-
dolézt	dolezu	dolezeš	doleze	dolezeme	dolezete	dolezou	dolez	dolezme	dolezte	dolezl	dolezen	-	-
doléčit	-	-	-	-	-	-	doleč	dolečme	dolečte	-	-	-	-	-
dolít	doleji	doleješ	doleje	dolejeme	dolejete	dolejou	dolej	dolejme	dolejte	dolil	dolit	-	-	dolila
dolíčit	-	-	-	-	-	-	dolič	doličme	doličte	-	-	-	-	-
domarodit	-	-	-	-	-	-	domaroď	domaroďme	domaroďte	-	domaroděn	-	-	-
domastit	-	-	-	-	-	-	domasti	domastěme	domastěte	-	domaštěn	-	-	-
domedit	-	-	-	-	-	-	domeď	domeďme	domeďte	-	domeděn	-	-	-
domejšlet	-	-	-	-	-	domejšlejí	domejšlej	domejšlejme	domejšlejte	-	-	domejšleje	domejšlejíc	-
domečet	-	-	-	-	-	domečí	domeč	domečme	domečte	-	-	-	-	-
domladit	-	-	-	-	-	-	domlaď	domlaďme	domlaďte	-	domlazen	-	-	-
domlynařit	-	-	-	-	-	-	-	-	-	-	-	domlynaře	-	-
domlátit	-	-	-	-	-	-	domlať	domlaťme	domlaťte	-	domlácen	-	-	-
domlít	domelu	domeleš	domele	domeleme	domelete	domelou	domel	domelme	domelte	domlel	domlet	-	-	domlela
domlčet	-	-	-	-	-	domlčí	domlč	domlčme	domlčte	-	-	-	-	-
domnožit	-	-	-	-	-	-	-	-	-	-	-	domnože	-	-
domoci	domohu	domůžeš	domůže	domůžeme	domůžete	domohou	domoz	domozme	domozte	domohl	domožen	-	-	domohla
domodlit	-	-	-	-	-	-	domodli	domodleme	domodlete	-	-	-	-	-
domočit	-	-	-	-	-	-	-	-	-	-	-	domoče	-	-
domručet	-	-	-	-	-	domručí	domruč	domručme	domručte	-	-	-	-	-
domršit	-	-	-	-	-	-	-	-	-	-	-	domrše	-	-
domuškařit	-	-	-	-	-	-	-	-	-	-	-	domuškaře	-	-
domyslit	-	-	-	-	-	-	domysli	domysleme	domyslete	-	domyšlen	-	-	-
domést	dometu	dometeš	domete	dometeme	dometete	dometou	domeť	domeťme	domeťte	dometl	dometen	-	-	dometla
domířit	-	-	-	-	-	-	domiř	domiřme	domiřte	-	-	-	-	-
domýt	domyji	domyješ	domyje	domyjeme	domyjete	domyjou	domyj	domyjme	domyjte	domyl	domyt	-	-
domýtit	-	-	-	-	-	-	domýti	domýtěme	domýtěte	-	domýcen	-	-	-
domýšlet	-	-	-	-	-	domýšlejí	domýšlej	domýšlejme	domýšlejte	-	-	domýšleje	domýšlejíc	-
doměnit	-	-	-	-	-	-	doměň	doměňme	doměňte	-	doměněn	-	-	-
doměřit	-	-	-	-	-	-	-	-	-	-	-	doměře	-	-
donosit	-	-	-	-	-	-	-	-	-	-	donošen	-	-	-
donutit	-	-	-	-	-	-	donuť	donuťme	donuťte	-	donucen	-	-
donášet	-	-	-	-	-	donášejí	donášej	donášejme	donášejte	-	-	donášeje	donášejíc
donést	donesu	doneseš	donese	doneseme	donesete	donesou	dones	donesme	doneste	donesl	donesen	-	-
doobjasnit	-	-	-	-	-	-	-	-	-	-	doobjasněn	-	-	-
doobjet	doobjedu	doobjedeš	doobjede	doobjedeme	doobjedete	doobjedou	doobjeď	doobjeďme	doobjeďte	-	doobjet	-	-	-
doobložit	-	-	-	-	-	-	-	-	-	-	-	dooblože	-	-
doobléci	doobleku	dooblečeš	doobleče	dooblečeme	dooblečete	dooblekou	dooblec	dooblecme	dooblecte	dooblekl	dooblečen	-	-	dooblekla
doobrat	dooberu	doobereš	doobere	doobereme	dooberete	dooberou	doober	dooberme	dooberte	-	-	-	-	-
doobsadit	-	-	-	-	-	-	doobsaď	doobsaďme	doobsaďte	-	doobsazen	-	-	-
doobtáčet	-	-	-	-	-	doobtáčejí	doobtáčej	doobtáčejme	doobtáčejte	-	-	doobtáčeje	doobtáčejíc	-
doodepsat	doodepíši	doodepíšeš	doodepíše	doodepíšeme	doodepíšete	doodepíšou	doodepiš	doodepišme	doodepište	-	-	-	-	-
doodkalit	-	-	-	-	-	-	-	-	-	-	-	doodkale	-	-
doopsat	doopíši	doopíšeš	doopíše	doopíšeme	doopíšete	doopíšou	doopiš	doopišme	doopište	-	-	-	-	-
doopéci	doopeču	doopečeš	doopeče	doopečeme	doopečete	doopečou	doopeč	doopečme	doopečte	doopekl	doopečen	-	-	doopekla
doostřit	-	-	-	-	-	-	doostři	doostřeme	doostřete	-	-	-	-	-
doosídlit	-	-	-	-	-	-	doosídli	doosídleme	doosídlete	-	-	-	-	-
dootlouci	dootluču	dootlučeš	dootluče	dootlučeme	dootlučete	dootlučou	dootluč	dootlučme	dootlučte	dootloukl	dootlučen	-	-	dootloukla
dootáčet	-	-	-	-	-	dootáčejí	dootáčej	dootáčejme	dootáčejte	-	-	dootáčeje	dootáčejíc	-
doozvučit	-	-	-	-	-	-	-	-	-	-	-	doozvuče	-	-
dopachtit	-	-	-	-	-	-	dopachti	dopachtěme	dopachtěte	-	dopachtěn	-	-	-
dopanikařit	-	-	-	-	-	-	-	-	-	-	-	dopanikaře	-	-
doparádit	-	-	-	-	-	-	doparádi	doparáděme	doparáděte	-	doparáděn	-	-	-
dopařit	-	-	-	-	-	-	-	-	-	-	-	dopaře	-	-
dopelášit	-	-	-	-	-	-	dopeláši	dopelášeme	dopelášete	-	-	-	-	-
dopepřit	-	-	-	-	-	-	dopepři	dopepřeme	dopepřete	-	-	-	-	-
dopečetit	-	-	-	-	-	-	dopečeť	dopečeťme	dopečeťte	-	dopečetěn	-	-	-
doplachtit	-	-	-	-	-	-	doplachti	doplachtěme	doplachtěte	-	doplachtěn	-	-	-
doplahočit	-	-	-	-	-	-	-	-	-	-	-	doplahoče	-	-
doplakat	dopláči	dopláčeš	dopláče	dopláčeme	dopláčete	dopláčou	-	-	-	-	-	-	-	-
doplatit	-	-	-	-	-	-	doplať	doplaťme	doplaťte	-	doplacen	-	-
doplavat	doplavu	doplaveš	doplave	doplaveme	doplavete	doplavou	-	-	-	-	-	-	-	-
doplenit	-	-	-	-	-	-	dopleň	dopleňme	dopleňte	-	dopleněn	-	-	-
doplnit	-	-	-	-	-	-	doplň	doplňme	doplňte	-	doplněn	-	-
doplout	dopluji	dopluješ	dopluje	doplujeme	doplujete	doplujou	dopluj	doplujme	doplujte	doplul	doplut	-	-	doplula
doploužit	-	-	-	-	-	-	doplouži	doploužeme	doploužete	-	-	-	-	-
doplužit	-	-	-	-	-	-	-	-	-	-	-	dopluže	-	-
doplynout	-	-	-	-	-	-	doplyň	doplyňme	doplyňte	-	-	-	-	-
doplácet	-	-	-	-	-	doplácejí	doplácej	doplácejme	doplácejte	-	-	dopláceje	doplácejíc	-
doplést	dopletu	dopleteš	doplete	dopleteme	dopletete	dopletou	dopleť	dopleťme	dopleťte	dopletl	dopleten	-	-	dopletla
doplít	dopleji	dopleješ	dopleje	doplejeme	doplejete	doplejou	doplej	doplejme	doplejte	doplel	doplet	-	-	doplela
doplížit	-	-	-	-	-	-	dopliž	dopližme	dopližte	-	-	-	-	-
dopobrat	dopoberu	dopobereš	dopobere	dopobereme	dopoberete	dopoberou	dopober	dopoberme	dopoberte	-	-	-	-	-
dopodepsat	dopodepíši	dopodepíšeš	dopodepíše	dopodepíšeme	dopodepíšete	dopodepíšou	dopodepiš	dopodepišme	dopodepište	-	-	-	-	-
dopodplácet	-	-	-	-	-	dopodplácejí	dopodplácej	dopodplácejme	dopodplácejte	-	-	dopodpláceje	dopodplácejíc	-
dopodvracet	-	-	-	-	-	dopodvracejí	dopodvracej	dopodvracejme	dopodvracejte	-	-	dopodvraceje	dopodvracejíc	-
dopolitikařit	-	-	-	-	-	-	-	-	-	-	-	dopolitikaře	-	-
dopomoci	dopomohu	dopomůžeš	dopomůže	dopomůžeme	dopomůžete	dopomohou	dopomoz	dopomozme	dopomozte	dopomohl	dopomožen	-	-	dopomohla
doporučit	-	-	-	-	-	-	-	-	-	-	-	doporuče	-	-
doporážet	-	-	-	-	-	doporážejí	doporážej	doporážejme	doporážejte	-	-	doporážeje	doporážejíc	-
dopotit	-	-	-	-	-	-	dopoť	dopoťme	dopoťte	-	dopocen	-	-	-
dopotácet	-	-	-	-	-	dopotácejí	dopotácej	dopotácejme	dopotácejte	-	-	dopotáceje	dopotácejíc	-
dopouzdřit	-	-	-	-	-	-	dopouzdři	dopouzdřeme	dopouzdřete	-	-	-	-	-
dopouštět	-	-	-	-	-	-	dopouštěj	dopouštějme	dopouštějte	-	dopouštěn	dopouštěje	dopouštějíc	-
dopovědět	dopovím	dopovíš	dopoví	dopovíme	dopovíte	dopovědí	dopověz	dopovězme	dopovězte	-	dopověděn	-	-	-
dopočíst	dopočtu	dopočteš	dopočte	dopočteme	dopočtete	dopočtou	dopočti	dopočtěme	dopočtěte	dopočetl	dopočten	-	-	dopočetla
doprasit	-	-	-	-	-	-	-	-	-	-	-	doprase	-	-
doprat	doperu	dopereš	dopere	dopereme	doperete	doperou	doper	doperme	doperte	-	-	-	-
doprdět	-	-	-	-	-	doprdí	doprď	doprďme	doprďte	-	doprděn	-	-	-
doprobrat	doproberu	doprobereš	doprobere	doprobereme	doproberete	doproberou	doprober	doproberme	doproberte	-	-	-	-	-
doprojet	doprojedu	doprojedeš	doprojede	doprojedeme	doprojedete	doprojedou	doprojeď	doprojeďme	doprojeďte	-	doprojet	-	-	-
doprosit	-	-	-	-	-	-	-	-	-	-	doprošen	-	-	-
doprotiřečit	-	-	-	-	-	-	-	-	-	-	-	doprotiřeče	-	-
doproutkařit	-	-	-	-	-	-	-	-	-	-	-	doproutkaře	-	-
doprovodit	-	-	-	-	-	-	doprovoď	doprovoďme	doprovoďte	-	doprovozen	-	-
doprovázet	-	-	-	-	-	doprovázejí	doprovázej	doprovázejme	doprovázejte	-	-	doprovázeje	doprovázejíc
dopružit	-	-	-	-	-	-	-	-	-	-	-	dopruže	-	-
doprýštit	-	-	-	-	-	-	doprýšť	doprýšťme	doprýšťte	-	doprýšcen	-	-	-
dopsat	dopíši	dopíšeš	dopíše	dopíšeme	dopíšete	dopíšou	dopiš	dopišme	dopište	-	-	-	-
dopustit	-	-	-	-	-	-	dopusť	dopusťme	dopusťte	-	dopuštěn	-	-	-
dopádit	-	-	-	-	-	-	dopádi	dopáděme	dopáděte	-	dopáděn	-	-	-
dopájet	-	-	-	-	-	dopájejí	dopájej	dopájejme	dopájejte	-	-	dopájeje	dopájejíc	-
dopálit	-	-	-	-	-	-	dopal	dopalme	dopalte	-	-	-	-	-
dopást	dopasu	dopaseš	dopase	dopaseme	dopasete	dopasou	dopas	dopasme	dopaste	-	dopasen	-	-	-
dopéci	dopeču	dopečeš	dopeče	dopečeme	dopečete	dopečou	dopeč	dopečme	dopečte	dopekl	dopečen	-	-	dopekla
dopídit	-	-	-	-	-	-	dopiď	dopiďme	dopiďte	-	dopíděn	-	-	-
dopíjet	-	-	-	-	-	dopíjejí	dopíjej	dopíjejme	dopíjejte	-	-	dopíjeje	dopíjejíc	-
dopít	dopiji	dopiješ	dopije	dopijeme	dopijete	dopijou	dopij	dopijme	dopijte	dopil	dopit	-	-	dopila
dopět	dopěji	dopěješ	dopěje	dopějeme	dopějete	-	dopěj	dopějme	dopějte	-	dopěn	-	-	-
dopředplácet	-	-	-	-	-	dopředplácejí	dopředplácej	dopředplácejme	dopředplácejte	-	-	dopředpláceje	dopředplácejíc	-
dopřeložit	-	-	-	-	-	-	-	-	-	-	-	dopřelože	-	-
dopřemýšlet	-	-	-	-	-	dopřemýšlejí	dopřemýšlej	dopřemýšlejme	dopřemýšlejte	-	-	dopřemýšleje	dopřemýšlejíc	-
dopřesnit	-	-	-	-	-	-	-	-	-	-	dopřesněn	-	-	-
dopřetáčet	-	-	-	-	-	dopřetáčejí	dopřetáčej	dopřetáčejme	dopřetáčejte	-	-	dopřetáčeje	dopřetáčejíc	-
dopřát	dopřeji	dopřeješ	dopřeje	dopřejeme	dopřejete	dopřejou	dopřej	dopřejme	dopřejte	-	dopřán	-	-	-
dopříst	dopřadu	dopřadeš	dopřade	dopřademe	dopřadete	dopřadou	dopřaď	dopřaďme	dopřaďte	dopřadl	dopřaden	-	-	dopřadla
dopříštipkařit	-	-	-	-	-	-	-	-	-	-	-	dopříštipkaře	-	-
dorachotit	-	-	-	-	-	-	dorachoť	dorachoťme	dorachoťte	-	dorachocen	-	-	-
doradit	-	-	-	-	-	-	-	-	-	-	doraděn	-	-	-
dorandit	-	-	-	-	-	-	dorandi	doranděme	doranděte	-	doranděn	-	-	-
dorazit	-	-	-	-	-	-	-	-	-	-	doražen	-	-
dorevolucionařit	-	-	-	-	-	-	-	-	-	-	-	dorevolucionaře	-	-
dorozdělit	-	-	-	-	-	-	-	-	-	-	-	dorozděle	-	-
dorozhraničit	-	-	-	-	-	-	-	-	-	-	-	dorozhraniče	-	-
dorozprávět	-	-	-	-	-	-	dorozprávěj	dorozprávějme	dorozprávějte	-	dorozprávěn	dorozprávěje	dorozprávějíc	-
doroztlouci	doroztluču	doroztlučeš	doroztluče	doroztlučeme	doroztlučete	doroztlučou	doroztluč	doroztlučme	doroztlučte	doroztloukl	doroztlučen	-	-	doroztloukla
dorozumět	-	-	-	-	-	-	dorozuměj	dorozumějme	dorozumějte	-	dorozuměn	dorozuměje	dorozumějíc	-
dorozvracet	-	-	-	-	-	dorozvracejí	dorozvracej	dorozvracejme	dorozvracejte	-	-	dorozvraceje	dorozvracejíc	-
dorozvádět	-	-	-	-	-	-	dorozváděj	dorozvádějme	dorozvádějte	-	dorozváděn	dorozváděje	dorozvádějíc	-
doručit	-	-	-	-	-	-	-	-	-	-	-	doruče	-	-
dorušit	-	-	-	-	-	-	-	-	-	-	-	doruše	-	-
dorvat	dorvu	dorveš	dorve	dorveme	dorvete	dorvou	dorvi	dorvěme	dorvěte	-	-	-	-	-
dorybařit	-	-	-	-	-	-	-	-	-	-	-	dorybaře	-	-
doryčet	-	-	-	-	-	doryčí	doryč	doryčme	doryčte	-	-	-	-	-
dorážet	-	-	-	-	-	dorážejí	dorážej	dorážejme	dorážejte	-	-	dorážeje	dorážejíc	-
dorýt	doryji	doryješ	doryje	doryjeme	doryjete	doryjou	doryj	doryjme	doryjte	doryl	doryt	-	-	doryla
dorůst	dorostu	dorosteš	doroste	dorosteme	dorostete	dorostou	dorosť	dorosťme	dorosťte	dorostl	-	-	-	dorostla
dosadit	-	-	-	-	-	-	dosaď	dosaďme	dosaďte	-	dosazen	-	-
doseřídit	-	-	-	-	-	-	-	-	-	-	doseřízen	-	-	-
dosklít	dosklím	dosklíš	dosklí	dosklíme	dosklíte	dosklí	doskli	doskleme	dosklete	dosklil	dosklen	-	-	dosklila
doskotačit	-	-	-	-	-	-	-	-	-	-	-	doskotače	-	-
doskočit	-	-	-	-	-	-	-	-	-	-	-	doskoče	-	-
doskučet	-	-	-	-	-	doskučí	doskuč	doskučme	doskučte	-	-	-	-	-
doskákat	doskáči	doskáčeš	doskáče	doskáčeme	doskáčete	doskáčou	-	-	-	-	-	-	-	-
dosladit	-	-	-	-	-	-	doslaď	doslaďme	doslaďte	-	doslazen	-	-	-
doslat	došlu	došleš	došle	došleme	došlete	došlou	došli	došleme	došlete	-	-	-	-	-
dosloužit	-	-	-	-	-	-	dosluž	doslužme	doslužte	-	-	-	-	-
doslzet	-	-	-	-	-	doslzejí	doslz	doslzme	doslzte	-	-	-	-	-
dosmažit	-	-	-	-	-	-	-	-	-	-	-	dosmaže	-	-
dosmolit	-	-	-	-	-	-	-	-	-	-	-	dosmole	-	-
dosmrdět	-	-	-	-	-	dosmrdí	dosmrď	dosmrďme	dosmrďte	-	dosmrděn	-	-	-
dosmát	dosměji	dosměješ	dosměje	dosmějeme	dosmějete	dosmějou	dosměj	dosmějme	dosmějte	-	-	-	-	-
dosmáčet	-	-	-	-	-	dosmáčejí	dosmáčej	dosmáčejme	dosmáčejte	-	-	dosmáčeje	dosmáčejíc	-
dosmýčit	-	-	-	-	-	-	-	-	-	-	-	dosmýče	-	-
dosnažit	-	-	-	-	-	-	-	-	-	-	-	dosnaže	-	-
dosnít	dosním	dosníš	dosní	dosníme	dosníte	dosní	dosni	dosněme	dosněte	dosnil	dosněn	-	-	dosnila
dosněžit	-	-	-	-	-	-	-	-	-	-	-	dosněže	-	-
dosolit	-	-	-	-	-	-	-	-	-	-	-	dosole	-	-
dosoudit	-	-	-	-	-	-	dosuď	dosuďme	dosuďte	-	dosouzen	-	-	-
dosouložit	-	-	-	-	-	-	-	-	-	-	-	dosoulože	-	-
dosoupeřit	-	-	-	-	-	-	-	-	-	-	-	dosoupeře	-	-
dosousedit	-	-	-	-	-	-	dosouseď	dosouseďme	dosouseďte	-	dosouseděn	-	-	-
dosoustružit	-	-	-	-	-	-	-	-	-	-	-	dosoustruže	-	-
dosoušet	-	-	-	-	-	dosoušejí	dosoušej	dosoušejme	dosoušejte	-	-	dosoušeje	dosoušejíc	-
dospat	dospím	dospíš	dospí	dospíme	dospíte	dospí	dospi	dospěme	dospěte	-	-	-	-
dosplavnit	-	-	-	-	-	-	-	-	-	-	dosplavněn	-	-	-
dospořit	-	-	-	-	-	-	-	-	-	-	-	dospoře	-	-
dospájet	-	-	-	-	-	dospájejí	dospájej	dospájejme	dospájejte	-	-	dospájeje	dospájejíc	-
dospět	dospěji	dospěješ	dospěje	dospějeme	dospějete	-	dospěj	dospějme	dospějte	-	dospěn	-	-	-
dosrat	doseru	dosereš	dosere	dosereme	doserete	doserou	doser	doserme	doserte	-	-	-	-	-
dostat	dostanu	dostaneš	dostane	dostaneme	dostanete	dostanou	dostaň	dostaňme	dostaňte	-	-	-	-
dostavět	-	-	-	-	-	-	dostav	dostavme	dostavte	-	dostavěn	-	-	-
dostačit	-	-	-	-	-	-	-	-	-	-	-	dostače	-	-
dostlat	dostelu	dosteleš	dostele	dosteleme	dostelete	dostelou	dostel	dostelme	dostelte	-	-	-	-	-
dostopařit	-	-	-	-	-	-	-	-	-	-	-	dostopaře	-	-
dostoupit	-	-	-	-	-	-	dostup	dostupme	dostupte	-	-	-	-	-
dostrašit	-	-	-	-	-	-	-	-	-	-	-	dostraše	-	-
dostrojit	-	-	-	-	-	-	-	-	-	-	-	dostroje	-	-
dostrčit	-	-	-	-	-	-	-	-	-	-	-	dostrče	-	-
dostát	dostojím	dostojíš	dostojí	dostojíme	dostojíte	dostojí	dostůj	dostůjme	dostůjte	-	dostán	-	-	-
dostřelit	-	-	-	-	-	-	-	-	-	-	-	dostřele	-	-
dostřílet	-	-	-	-	-	dostřílejí	dostřílej	dostřílejme	dostřílejte	-	-	dostříleje	dostřílejíc	-
dosunout	-	-	-	-	-	-	dosuň	dosuňme	dosuňte	-	-	-	-	-
dosupět	-	-	-	-	-	dosupí	dosup	dosupme	dosupte	-	dosupěn	-	-	-
dosušit	-	-	-	-	-	-	-	-	-	-	-	dosuše	-	-
dosvačit	-	-	-	-	-	-	-	-	-	-	-	dosvače	-	-
dosvištět	-	-	-	-	-	dosviští	dosvišti	dosvištěme	dosvištěte	-	dosvištěn	-	-	-
dosvítit	-	-	-	-	-	-	dosviť	dosviťme	dosviťte	-	dosvícen	-	-	-
dosvědčit	-	-	-	-	-	-	-	-	-	-	-	dosvědče	-	-
dosvětlit	-	-	-	-	-	-	dosvětli	dosvětleme	dosvětlete	-	-	-	-	-
dosytit	-	-	-	-	-	-	dosyť	dosyťme	dosyťte	-	dosycen	-	-	-
dosyčet	-	-	-	-	-	dosyčí	dosyč	dosyčme	dosyčte	-	-	-	-	-
dosázet	-	-	-	-	-	dosázejí	dosázej	dosázejme	dosázejte	-	-	dosázeje	dosázejíc	-
dosíci	doseku	dosečeš	doseče	dosečeme	dosečete	dosečou	dosec	dosecme	dosecte	dosekl	dosečen	-	-	dosekla
dosídlit	-	-	-	-	-	-	dosídli	dosídleme	dosídlete	-	-	-	-	-
dosít	doseji	doseješ	doseje	dosejeme	dosejete	dosejou	dosej	dosejme	dosejte	dosel	doset	-	-	dosela
dotančit	-	-	-	-	-	-	dotanči	dotančeme	dotančete	-	-	-	-	-
dotaxikařit	-	-	-	-	-	-	-	-	-	-	-	dotaxikaře	-	-
dotaxíkařit	-	-	-	-	-	-	-	-	-	-	-	dotaxíkaře	-	-
dotlačit	-	-	-	-	-	-	-	-	-	-	-	dotlače	-	-
dotlouci	dotluču	dotlučeš	dotluče	dotlučeme	dotlučete	dotlučou	dotluč	dotlučme	dotlučte	dotloukl	dotlučen	-	-	dotloukla
dotlumočit	-	-	-	-	-	-	-	-	-	-	-	dotlumoče	-	-
dotláčet	-	-	-	-	-	dotláčejí	dotláčej	dotláčejme	dotláčejte	-	-	dotláčeje	dotláčejíc	-
dotočit	-	-	-	-	-	-	-	-	-	-	-	dotoče	-	-
dotrmácet	-	-	-	-	-	dotrmácejí	dotrmácej	dotrmácejme	dotrmácejte	-	-	dotrmáceje	dotrmácejíc	-
dotrousit	-	-	-	-	-	-	dotrus	dotrusme	dotruste	-	dotroušen	-	-	-
dotroškařit	-	-	-	-	-	-	-	-	-	-	-	dotroškaře	-	-
dotrpět	-	-	-	-	-	dotrpí	dotrp	dotrpme	dotrpte	-	dotrpěn	-	-	-
dotruhlařit	-	-	-	-	-	-	-	-	-	-	-	dotruhlaře	-	-
dotrápit	-	-	-	-	-	-	dotrap	dotrapme	dotrapte	-	-	-	-	-
dotvořit	-	-	-	-	-	-	-	-	-	-	-	dotvoře	-	-
dotvrdit	-	-	-	-	-	-	dotvrď	dotvrďme	dotvrďte	-	dotvrzen	-	-	-
dotvářet	-	-	-	-	-	dotvářejí	dotvářej	dotvářejme	dotvářejte	-	-	dotvářeje	dotvářejíc	-
dotábořit	-	-	-	-	-	-	-	-	-	-	-	dotáboře	-	-
dotápět	-	-	-	-	-	-	dotápěj	dotápějme	dotápějte	-	dotápěn	dotápěje	dotápějíc	-
dotázat	dotáži	dotážeš	dotáže	dotážeme	dotážete	dotážou	dotaž	dotažme	dotažte	-	-	-	-	-
dotáčet	-	-	-	-	-	dotáčejí	dotáčej	dotáčejme	dotáčejte	-	-	dotáčeje	dotáčejíc	-
dotéci	doteču	dotečeš	doteče	dotečeme	dotečete	dotečou	doteč	dotečme	dotečte	dotekl	dotečen	-	-	dotekla
dotěsnit	-	-	-	-	-	-	dotěsni	dotěsněme	dotěsněte	-	dotěsněn	-	-	-
dotěžit	-	-	-	-	-	-	-	-	-	-	-	dotěže	-	-
dotřeštit	-	-	-	-	-	-	dotřešť	dotřešťme	dotřešťte	-	dotřešcen	-	-	-
dotřást	dotřesu	dotřeseš	dotřese	dotřeseme	dotřesete	dotřesou	dotřes	dotřesme	dotřeste	-	dotřesen	-	-	-
dotřídit	-	-	-	-	-	-	dotřiď	dotřiďme	dotřiďte	-	dotříděn	-	-	-
dotřít	dotřu	dotřeš	dotře	dotřeme	dotřete	dotřou	dotři	dotřeme	dotřete	dotřel	dotřen	-	-	dotřela
doudit	-	-	-	-	-	-	douď	douďme	douďte	-	douzen	-	-	-
doudílet	-	-	-	-	-	doudílejí	doudílej	doudílejme	doudílejte	-	-	doudíleje	doudílejíc	-
douhradit	-	-	-	-	-	-	douhraď	douhraďme	douhraďte	-	douhrazen	-	-	-
douklidit	-	-	-	-	-	-	-	-	-	-	doukliděn	-	-	-
douložit	-	-	-	-	-	-	-	-	-	-	-	doulože	-	-
doupřesnit	-	-	-	-	-	-	-	-	-	-	doupřesněn	-	-	-
dousnášet	-	-	-	-	-	dousnášejí	dousnášej	dousnášejme	dousnášejte	-	-	dousnášeje	dousnášejíc	-
douspokojit	-	-	-	-	-	-	-	-	-	-	-	douspokoje	-	-
dout	duji	duješ	duje	dujeme	dujete	dujou	duj	dujme	dujte	dul	-	duje	dujíc
doučinit	-	-	-	-	-	-	doučiň	doučiňme	doučiňte	-	doučiněn	-	-	-
doučit	-	-	-	-	-	-	-	-	-	-	-	douče	-	-
dovagabundit	-	-	-	-	-	-	dovagabundi	dovagabunděme	dovagabunděte	-	dovagabunděn	-	-	-
dovalit	-	-	-	-	-	-	-	-	-	-	-	dovale	-	-
dovařit	-	-	-	-	-	-	-	-	-	-	-	dovaře	-	-
dovelet	-	-	-	-	-	dovelí	dovel	dovelme	dovelte	-	-	-	-	-
dovečeřet	-	-	-	-	-	dovečeří	dovečeř	dovečeřme	dovečeřte	-	-	-	-	-
dovinařit	-	-	-	-	-	-	-	-	-	-	-	dovinaře	-	-
dovinout	-	-	-	-	-	-	doviň	doviňme	doviňte	-	-	-	-	-
dovladařit	-	-	-	-	-	-	-	-	-	-	-	dovladaře	-	-
dovlažit	-	-	-	-	-	-	-	-	-	-	-	dovlaže	-	-
dovlát	dovlaji	dovlaješ	dovlaje	dovlajeme	dovlajete	dovlajou	dovlaj	dovlajme	dovlajte	-	dovlán	-	-	-
dovláčet	-	-	-	-	-	dovláčejí	dovláčej	dovláčejme	dovláčejte	-	-	dovláčeje	dovláčejíc	-
dovléci	dovleku	dovlečeš	dovleče	dovlečeme	dovlečete	dovlekou	dovlec	dovlecme	dovlecte	dovlekl	dovlečen	-	-	dovlekla
dovodit	-	-	-	-	-	-	dovoď	dovoďme	dovoďte	-	dovozen	-	-
dovolit	-	-	-	-	-	-	-	-	-	-	-	dovole	-	-
dovonět	-	-	-	-	-	dovoní	dovoň	dovoňme	dovoňte	-	dovoněn	-	-	-
dovorařit	-	-	-	-	-	-	-	-	-	-	-	dovoraře	-	-
dovotáčet	-	-	-	-	-	dovotáčejí	dovotáčej	dovotáčejme	dovotáčejte	-	-	dovotáčeje	dovotáčejíc	-
dovplácet	-	-	-	-	-	dovplácejí	dovplácej	dovplácejme	dovplácejte	-	-	dovpláceje	dovplácejíc	-
dovraždit	-	-	-	-	-	-	dovraždi	dovražděme	dovražděte	-	dovražděn	-	-	-
dovrstvit	-	-	-	-	-	-	dovrstvi	dovrstvěme	dovrstvěte	-	-	-	-	-
dovrtit	-	-	-	-	-	-	dovrť	dovrťme	dovrťte	-	dovrcen	-	-	-
dovrčet	-	-	-	-	-	dovrčí	dovrč	dovrčme	dovrčte	-	-	-	-	-
dovršit	-	-	-	-	-	-	-	-	-	-	-	dovrše	-	-
dovtipkařit	-	-	-	-	-	-	-	-	-	-	-	dovtipkaře	-	-
dovtípit	-	-	-	-	-	-	dovtip	dovtipme	dovtipte	-	-	-	-	-
dovyjasnit	-	-	-	-	-	-	-	-	-	-	dovyjasněn	-	-	-
dovyklidit	-	-	-	-	-	-	-	-	-	-	dovykliděn	-	-	-
dovyměnit	-	-	-	-	-	-	-	-	-	-	dovyměněn	-	-	-
dovyplatit	-	-	-	-	-	-	dovyplať	dovyplaťme	dovyplaťte	-	dovyplacen	-	-	-
dovyplnit	-	-	-	-	-	-	dovyplň	dovyplňme	dovyplňte	-	dovyplněn	-	-	-
dovypodložit	-	-	-	-	-	-	-	-	-	-	-	dovypodlože	-	-
dovyprávět	-	-	-	-	-	-	dovyprávěj	dovyprávějme	dovyprávějte	-	dovyprávěn	dovyprávěje	dovyprávějíc	-
dovypsat	dovypíši	dovypíšeš	dovypíše	dovypíšeme	dovypíšete	dovypíšou	dovypiš	dovypišme	dovypište	-	-	-	-	-
dovysrat	dovyseru	dovysereš	dovysere	dovysereme	dovyserete	dovyserou	dovyser	dovyserme	dovyserte	-	-	-	-	-
dovytvářet	-	-	-	-	-	dovytvářejí	dovytvářej	dovytvářejme	dovytvářejte	-	-	dovytvářeje	dovytvářejíc	-
dovyvinout	-	-	-	-	-	-	dovyviň	dovyviňme	dovyviňte	-	-	-	-	-
dovyzvánět	-	-	-	-	-	-	dovyzváněj	dovyzvánějme	dovyzvánějte	-	dovyzváněn	dovyzváněje	dovyzvánějíc	-
dovyčistit	-	-	-	-	-	-	dovyčisti	dovyčistěme	dovyčistěte	-	dovyčištěn	-	-	-
dovyšetřit	-	-	-	-	-	-	-	-	-	-	-	dovyšetře	-	-
dovzdušnit	-	-	-	-	-	-	dovzdušni	dovzdušněme	dovzdušněte	-	dovzdušněn	-	-	-
dovádět	-	-	-	-	-	-	dováděj	dovádějme	dovádějte	-	dováděn	dováděje	dovádějíc
doválčit	-	-	-	-	-	-	doválči	doválčeme	doválčete	-	-	-	-	-
dovářet	-	-	-	-	-	dovářejí	dovářej	dovářejme	dovářejte	-	-	dovářeje	dovářejíc	-
dovážet	-	-	-	-	-	dovážejí	dovážej	dovážejme	dovážejte	-	-	dovážeje	dovážejíc
dovážit	-	-	-	-	-	-	dovaž	dovažme	dovažte	-	-	-	-	-
dovést	dovedu	dovedeš	dovede	dovedeme	dovedete	dovedou	doveď	doveďme	doveďte	dovedl	doveden	-	-	dovedla
dovézt	dovezu	dovezeš	doveze	dovezeme	dovezete	dovezou	dovez	dovezme	dovezte	dovezl	dovezen	-	-
dovíjet	-	-	-	-	-	dovíjejí	dovíjej	dovíjejme	dovíjejte	-	-	dovíjeje	dovíjejíc	-
dovít	doviji	doviješ	dovije	dovijeme	dovijete	dovijou	dovij	dovijme	dovijte	dovil	dovit	-	-	dovila
dovčelařit	-	-	-	-	-	-	-	-	-	-	-	dovčelaře	-	-
dovědět	dovím	dovíš	doví	dovíme	dovíte	dovědí	dověz	dovězme	dovězte	-	-	-	-	-
dověsit	-	-	-	-	-	-	-	-	-	-	dověšen	-	-	-
dověšet	-	-	-	-	-	dověší	dověš	dověšme	dověšte	-	-	-	-	-
dovřít	dovřu	dovřeš	dovře	dovřeme	dovřete	dovřou	dovři	dovřeme	dovřete	dovřel	dovřen	-	-	dovřela
dozabrat	dozaberu	dozabereš	dozabere	dozabereme	dozaberete	dozaberou	dozaber	dozaberme	dozaberte	-	-	-	-	-
dozachovat	dozachovám	dozachováš	dozachová	dozachováme	dozachováte	dozachovají	dozachovej	dozachovejme	dozachovejte	-	dozachován	dozachovaje	dozachovajíc	-
dozahájit	-	-	-	-	-	-	-	-	-	-	-	dozaháje	-	-
dozajistit	-	-	-	-	-	-	dozajisti	dozajistěme	dozajistěte	-	dozajištěn	-	-	-
dozakrápět	-	-	-	-	-	-	dozakrápěj	dozakrápějme	dozakrápějte	-	dozakrápěn	dozakrápěje	dozakrápějíc	-
dozaplatit	-	-	-	-	-	-	dozaplať	dozaplaťme	dozaplaťte	-	dozaplacen	-	-	-
dozapsat	dozapíši	dozapíšeš	dozapíše	dozapíšeme	dozapíšete	dozapíšou	dozapiš	dozapišme	dozapište	-	-	-	-	-
dozapéci	dozapeču	dozapečeš	dozapeče	dozapečeme	dozapečete	dozapečou	dozapeč	dozapečme	dozapečte	dozapekl	dozapečen	-	-	dozapekla
dozatlouci	dozatluču	dozatlučeš	dozatluče	dozatlučeme	dozatlučete	dozatlučou	dozatluč	dozatlučme	dozatlučte	dozatloukl	dozatlučen	-	-	dozatloukla
dozačlenit	-	-	-	-	-	-	dozačleň	dozačleňme	dozačleňte	-	dozačleněn	-	-	-
dozbrojit	-	-	-	-	-	-	-	-	-	-	-	dozbroje	-	-
dozdát	dozdám	dozdáš	dozdá	dozdáme	dozdáte	dozdají	dozdej	dozdejme	dozdejte	-	dozdán	-	-	-
dozdít	dozdím	dozdíš	dozdí	dozdíme	dozdíte	dozdí	dozdi	dozděme	dozděte	dozdil	dozděn	-	-	dozdila
dozelenit	-	-	-	-	-	-	dozeleň	dozeleňme	dozeleňte	-	dozeleněn	-	-	-
dozemnit	-	-	-	-	-	-	dozemni	dozemněme	dozemněte	-	dozemněn	-	-	-
dozkoušet	-	-	-	-	-	dozkoušejí	dozkoušej	dozkoušejme	dozkoušejte	-	-	dozkoušeje	dozkoušejíc	-
dozlatit	-	-	-	-	-	-	dozlať	dozlaťme	dozlaťte	-	dozlacen	-	-	-
dozměnit	-	-	-	-	-	-	dozměň	dozměňme	dozměňte	-	dozměněn	-	-	-
doznačit	-	-	-	-	-	-	-	-	-	-	-	doznače	-	-
doznít	dozním	dozníš	dozní	dozníme	dozníte	dozní	dozni	dozněme	dozněte	dozněl	dozněn	-	-	dozněla
dozrušit	-	-	-	-	-	-	-	-	-	-	-	dozruše	-	-
dozrát	dozraji	dozraješ	dozraje	dozrajeme	dozrajete	dozrajou	dozraj	dozrajme	dozrajte	-	-	-	-	-
doztížit	-	-	-	-	-	-	-	-	-	-	-	doztíže	-	-
dozuřit	-	-	-	-	-	-	-	-	-	-	-	dozuře	-	-
dozvonit	-	-	-	-	-	-	dozvoň	dozvoňme	dozvoňte	-	dozvoněn	-	-	-
dozvědět	dozvím	dozvíš	dozví	dozvíme	dozvíte	dozvědí	dozvěď	dozvěďme	dozvěďte	-	-	-	-
dozápasit	-	-	-	-	-	-	-	-	-	-	-	dozápase	-	-
dozávodit	-	-	-	-	-	-	dozávoď	dozávoďme	dozávoďte	-	dozávoděn	-	-	-
dozářit	-	-	-	-	-	-	dozař	dozařme	dozařte	-	-	-	-	-
dozřídit	-	-	-	-	-	-	dozříď	dozříďme	dozříďte	-	dozřízen	-	-	-
doúchylkařit	-	-	-	-	-	-	-	-	-	-	-	doúchylkaře	-	-
doúderničit	-	-	-	-	-	-	-	-	-	-	-	doúderniče	-	-
doúhořit	-	-	-	-	-	-	-	-	-	-	-	doúhoře	-	-
doúplatkařit	-	-	-	-	-	-	-	-	-	-	-	doúplatkaře	-	-
doúpět	-	-	-	-	-	-	doúpěj	doúpějme	doúpějte	-	doúpěn	doúpěje	doúpějíc	-
doústupkařit	-	-	-	-	-	-	-	-	-	-	-	doústupkaře	-	-
doútočit	-	-	-	-	-	-	-	-	-	-	-	doútoče	-	-
doúvodníkařit	-	-	-	-	-	-	-	-	-	-	-	doúvodníkaře	-	-
doúčastnit	-	-	-	-	-	-	doúčastň	doúčastňme	doúčastňte	-	doúčastněn	-	-	-
doúředničit	-	-	-	-	-	-	-	-	-	-	-	doúředniče	-	-
dočernit	-	-	-	-	-	-	dočerň	dočerňme	dočerňte	-	dočerněn	-	-	-
dočinit	-	-	-	-	-	-	dočiň	dočiňme	dočiňte	-	dočiněn	-	-	-
dočistit	-	-	-	-	-	-	dočisti	dočistěme	dočistěte	-	dočistěn	-	-	-
dočmoudit	-	-	-	-	-	-	dočmoudi	dočmouděme	dočmouděte	-	dočmouděn	-	-	-
dočmudit	-	-	-	-	-	-	dočmuď	dočmuďme	dočmuďte	-	dočmuděn	-	-	-
dočumět	-	-	-	-	-	dočumí	dočum	dočumme	dočumte	-	dočuměn	-	-	-
dočíst	dočtu	dočteš	dočte	dočteme	dočtete	dočtou	dočti	dočtěme	dočtěte	dočetl	dočten	-	-
dořadit	-	-	-	-	-	-	dořaď	dořaďme	dořaďte	-	dořaděn	-	-	-
doředit	-	-	-	-	-	-	dořeď	dořeďme	dořeďte	-	doředěn	-	-	-
dořepařit	-	-	-	-	-	-	-	-	-	-	-	dořepaře	-	-
dořezbařit	-	-	-	-	-	-	-	-	-	-	-	dořezbaře	-	-
dořečnit	-	-	-	-	-	-	dořečni	dořečněme	dořečněte	-	dořečněn	-	-	-
dořeřavět	-	-	-	-	-	-	dořeřavěj	dořeřavějme	dořeřavějte	-	dořeřavěn	dořeřavěje	dořeřavějíc	-
dořešit	-	-	-	-	-	-	-	-	-	-	-	dořeše	-	-
dořinčet	-	-	-	-	-	dořinčí	dořinči	dořinčeme	dořinčete	-	-	-	-	-
dořvat	dořvu	dořveš	dořve	dořveme	dořvete	dořvou	dořvi	dořvěme	dořvěte	-	-	-	-	-
doříci	dořeknu	dořekneš	dořekne	dořekneme	dořeknete	dořeknou	dořekni	dořekněme	dořekněte	dořekl	dořečen	-	-	dořekla
dořídit	-	-	-	-	-	-	dořiď	dořiďme	dořiďte	-	dořízen	-	-	-
došeredit	-	-	-	-	-	-	došereď	došereďme	došereďte	-	došerezen	-	-	-
došetřit	-	-	-	-	-	-	došetři	došetřeme	došetřete	-	-	-	-	-
došinout	-	-	-	-	-	-	došiň	došiňme	došiňte	-	-	-	-	-
došišatit	-	-	-	-	-	-	došišať	došišaťme	došišaťte	-	došišacen	-	-	-
doškolit	-	-	-	-	-	-	-	-	-	-	-	doškole	-	-
doškolkařit	-	-	-	-	-	-	-	-	-	-	-	doškolkaře	-	-
doškolničit	-	-	-	-	-	-	-	-	-	-	-	doškolniče	-	-
doškorpit	-	-	-	-	-	-	doškorpi	doškorpěme	doškorpěte	-	-	-	-	-
doškotit	-	-	-	-	-	-	doškoť	doškoťme	doškoťte	-	doškocen	-	-	-
doškrtit	-	-	-	-	-	-	doškrť	doškrťme	doškrťte	-	doškrcen	-	-	-
doškvařit	-	-	-	-	-	-	-	-	-	-	-	doškvaře	-	-
doškvířit	-	-	-	-	-	-	-	-	-	-	-	doškvíře	-	-
došlechtit	-	-	-	-	-	-	došlechti	došlechtěme	došlechtěte	-	došlechtěn	-	-	-
došmelinařit	-	-	-	-	-	-	-	-	-	-	-	došmelinaře	-	-
došmrdolit	-	-	-	-	-	-	-	-	-	-	-	došmrdole	-	-
došmírařit	-	-	-	-	-	-	-	-	-	-	-	došmíraře	-	-
došpejlit	-	-	-	-	-	-	došpejli	došpejleme	došpejlete	-	-	-	-	-
došpinit	-	-	-	-	-	-	došpiň	došpiňme	došpiňte	-	došpiněn	-	-	-
došprýmařit	-	-	-	-	-	-	-	-	-	-	-	došprýmaře	-	-
došrotit	-	-	-	-	-	-	došroť	došroťme	došroťte	-	došrocen	-	-	-
došumařit	-	-	-	-	-	-	-	-	-	-	-	došumaře	-	-
došumět	-	-	-	-	-	-	došum	došumme	došumte	-	došuměn	-	-	-
došveholit	-	-	-	-	-	-	-	-	-	-	-	došvehole	-	-
došvitořit	-	-	-	-	-	-	-	-	-	-	-	došvitoře	-	-
došít	došiji	došiješ	došije	došijeme	došijete	došijou	došij	došijme	došijte	došil	došit	-	-	došila
dožebračit	-	-	-	-	-	-	-	-	-	-	-	dožebrače	-	-
dožehlit	-	-	-	-	-	-	dožehli	dožehleme	dožehlete	-	-	-	-	-
doživořit	-	-	-	-	-	-	-	-	-	-	-	doživoře	-	-
dožlutit	-	-	-	-	-	-	dožluť	dožluťme	dožluťte	-	dožlucen	-	-	-
dožnout	-	-	-	-	-	-	-	-	-	dožal	-	-	-	dožala
dožrat	dožeru	dožereš	dožere	dožereme	dožerete	dožerou	dožer	dožerme	dožerte	-	-	-	-	-
dožulit	-	-	-	-	-	-	-	-	-	-	-	dožule	-	-
dožvanit	-	-	-	-	-	-	dožvaň	dožvaňme	dožvaňte	-	dožvaněn	-	-	-
dožít	dožiji	dožiješ	dožije	dožijeme	dožijete	dožijou	dožij	dožijme	dožijte	dožil	dožit	-	-
drandit	-	-	-	-	-	-	drandi	dranděme	dranděte	-	dranděn	-	-	-
dražit	-	-	-	-	-	-	-	-	-	-	-	draže	-
dredovatět	-	-	-	-	-	-	dredovatěj	dredovatějme	dredovatějte	-	dredovatěn	dredovatěje	dredovatějíc	-
drmolit	-	-	-	-	-	-	-	-	-	-	-	drmole	-	-
drnčet	-	-	-	-	-	drnčí	drnči	drnčeme	drnčete	-	-	drnče	drnčíc	-
drolit	-	-	-	-	-	-	-	-	-	-	-	drole	-
drožkařit	-	-	-	-	-	-	-	-	-	-	-	drožkaře	-	-
drsnět	-	-	-	-	-	-	drsni	drsněme	drsněte	-	drsněn	drsně	drsníc	-
drtit	-	-	-	-	-	-	drť	drťme	drťte	-	drcen	-	-
družit	-	-	-	-	-	-	-	-	-	-	-	druže	-	-
drát	deru	dereš	dere	dereme	derete	derou	der	derme	derte	dral	drán	dera	derouc
dráždit	-	-	-	-	-	-	dráždi	drážděme	drážděte	-	drážděn	-	-
drčet	-	-	-	-	-	drčí	drč	drčme	drčte	-	-	drče	drčíc	-
držet	-	-	-	-	-	drží	drž	držme	držte	-	-	drže	držíc
duchařit	-	-	-	-	-	-	-	-	-	-	-	duchaře	-	-
dunět	-	-	-	-	-	duní	duň	duňme	duňte	-	duněn	duně	duníc	-
durdit	-	-	-	-	-	-	durdi	durděme	durděte	-	durděn	-	-	-
dusit	-	-	-	-	-	-	-	-	-	-	dušen	duse	-
duřet	-	-	-	-	-	duřejí	duř	duřme	duřte	-	-	duře	duřejíc
dužnatět	-	-	-	-	-	-	dužnať	dužnaťme	dužnaťte	-	-	dužnatě	dužnatíc	-
dvojit	-	-	-	-	-	-	-	-	-	-	-	dvoje	-	-
dvořit	-	-	-	-	-	-	-	-	-	-	-	dvoře	-
dychtit	-	-	-	-	-	-	dychti	dychtěme	dychtěte	-	-	-	-
dát	dám	dáš	dá	dáme	dáte	dají	dej	dejme	dejte	dal	dán	-	-
dávit	-	-	-	-	-	-	dav	davme	davte	-	-	-	-
dít	dím	díš	dí	díme	díte	dějou	děj	dějme	dějte	dál	-	děje	dějíc	dála
dýmit	-	-	-	-	-	-	dými	dýměme	dýměte	-	-	-	-	-
dědit	-	-	-	-	-	-	děď	děďme	děďte	-	děděn	-	-
dědkovatět	-	-	-	-	-	-	dědkovatěj	dědkovatějme	dědkovatějte	-	dědkovatěn	dědkovatěje	dědkovatějíc	-
dělit	-	-	-	-	-	-	-	-	-	-	-	děle	-
děravět	-	-	-	-	-	-	děravěj	děravějme	děravějte	-	děravěn	děravěje	děravějíc	-
děsit	-	-	-	-	-	-	-	-	-	-	děšen	děse	-
dětinštět	-	-	-	-	-	dětinští	dětinšti	dětinštěme	dětinštěte	-	dětinštěn	dětinště	dětinštíc	-
dřepět	-	-	-	-	-	-	dřep	dřepme	dřepte	-	dřepěn	dřepě	dřepíc	-
dřevnatět	-	-	-	-	-	-	dřevnať	dřevnaťme	dřevnaťte	-	dřevnatěn	dřevnatě	dřevnatíc	-
dřevoobrábět	-	-	-	-	-	-	dřevoobráběj	dřevoobrábějme	dřevoobrábějte	-	dřevoobráběn	dřevoobráběje	dřevoobrábějíc	-
dřevěnět	-	-	-	-	-	-	dřevěň	dřevěňme	dřevěňte	-	dřevěněn	dřevěně	dřevěníc	-
dřít	dřu	dřeš	dře	dřeme	dřete	dřou	dři	dřeme	dřete	dřel	dřen	dra	drouc
dštít	dštím	dštíš	dští	dštíme	dštíte	dští	dšti	dštěme	dštěte	dštil	dštěn	dště	dštíc
fachčit	-	-	-	-	-	-	fachči	fachčeme	fachčete	-	-	fachče	-
fandit	-	-	-	-	-	-	fandi	fanděme	fanděte	-	fanděn	-	-	-
farmařit	-	-	-	-	-	-	-	-	-	-	-	farmaře	-	-
fasit	-	-	-	-	-	-	-	-	-	-	-	fase	-	-
fialovět	-	-	-	-	-	-	fialověj	fialovějme	fialovějte	-	fialověn	fialověje	fialovějíc	-
fintit	-	-	-	-	-	-	finti	fintěme	fintěte	-	fintěn	-	-	-
firnovatět	-	-	-	-	-	-	firnovatěj	firnovatějme	firnovatějte	-	firnovatěn	firnovatěje	firnovatějíc	-
fičet	-	-	-	-	-	fičí	fič	fičme	fičte	-	-	fiče	fičíc
flekovatět	-	-	-	-	-	flekovatí	flekovať	flekovaťme	flekovaťte	-	flekovatěn	-	-	-
fotit	-	-	-	-	-	-	foť	foťme	foťte	-	focen	-	-
fotosázet	-	-	-	-	-	fotosázejí	fotosázej	fotosázejme	fotosázejte	-	-	fotosázeje	fotosázejíc	-
fotrovatět	-	-	-	-	-	-	fotrovatěj	fotrovatějme	fotrovatějte	-	fotrovatěn	fotrovatěje	fotrovatějíc	-
frajeřit	-	-	-	-	-	-	-	-	-	-	-	frajeře	-	-
frfňat	-	-	-	-	-	-	frfněj	frfnějme	frfnějte	-	-	-	-	-
frnět	-	-	-	-	-	frní	frň	frňme	frňte	-	frněn	frně	frníc	-
frčet	-	-	-	-	-	frčí	frč	frčme	frčte	-	-	frče	frčíc
funkcionařit	-	-	-	-	-	-	-	-	-	-	-	funkcionaře	-	-
funět	-	-	-	-	-	-	fuň	fuňme	fuňte	-	funěn	funě	funíc	-
fučet	-	-	-	-	-	fučí	fuč	fučme	fučte	-	-	fuče	fučíc	-
gelovatět	-	-	-	-	-	-	gelovatěj	gelovatějme	gelovatějte	-	gelovatěn	gelovatěje	gelovatějíc	-
grafičit	-	-	-	-	-	-	-	-	-	-	-	grafiče	-	-
grossovatět	-	-	-	-	-	-	grossovatěj	grossovatějme	grossovatějte	-	grossovatěn	grossovatěje	grossovatějíc	-
gumovatět	-	-	-	-	-	-	gumovatěj	gumovatějme	gumovatějte	-	gumovatěn	gumovatěje	gumovatějíc	-
hajnout	-	-	-	-	-	-	-	-	-	hajnul	-	-	-	hajnula
halasit	-	-	-	-	-	-	-	-	-	-	-	halase	-	-
halit	-	-	-	-	-	-	-	-	-	-	-	hale	-
hamonit	-	-	-	-	-	-	hamoň	hamoňme	hamoňte	-	hamoněn	-	-	-
hamounit	-	-	-	-	-	-	hamouni	hamouněme	hamouněte	-	hamouněn	-	-	-
hanbit	-	-	-	-	-	-	hanbi	hanběme	hanběte	-	-	-	-	-
hanět	-	-	-	-	-	-	haň	haňme	haňte	-	haněn	haně	haníc
harašit	-	-	-	-	-	-	-	-	-	-	-	haraše	-	-
hartusit	-	-	-	-	-	-	-	-	-	-	-	hartuse	-	-
hasit	-	-	-	-	-	-	-	-	-	-	hašen	hase	-
hatit	-	-	-	-	-	-	hať	haťme	haťte	-	hacen	-	-
havlovatět	-	-	-	-	-	-	havlovatěj	havlovatějme	havlovatějte	-	havlovatěn	havlovatěje	havlovatějíc	-
hašteřit	-	-	-	-	-	-	-	-	-	-	-	hašteře	-
hemžit	-	-	-	-	-	-	hemži	hemžeme	hemžete	-	-	hemže	-
hihňat	-	-	-	-	-	-	hihněj	hihnějme	hihnějte	-	-	-	-	-
hladit	-	-	-	-	-	-	hlaď	hlaďme	hlaďte	-	hlazen	-	-
hladovět	-	-	-	-	-	-	hladověj	hladovějme	hladovějte	-	hladověn	hladověje	hladovějíc	-
hlaholit	-	-	-	-	-	-	-	-	-	-	-	hlahole	-	-
hlaváčkovatět	-	-	-	-	-	-	hlaváčkovatěj	hlaváčkovatějme	hlaváčkovatějte	-	hlaváčkovatěn	hlaváčkovatěje	hlaváčkovatějíc	-
hledět	-	-	-	-	-	-	hleď	hleďme	hleďte	-	hleděn	hledě	hledíc	-
hlenovatět	-	-	-	-	-	-	hlenovatěj	hlenovatějme	hlenovatějte	-	hlenovatěn	hlenovatěje	hlenovatějíc	-
hlomozit	-	-	-	-	-	-	-	-	-	-	-	hlomoze	-	-
hloubit	-	-	-	-	-	-	hlub	hlubme	hlubte	-	-	-	-
hloučit	-	-	-	-	-	-	hlouči	hloučeme	hloučete	-	-	-	-	-
hlučet	-	-	-	-	-	hlučí	hluč	hlučme	hlučte	-	-	hluče	hlučíc
hlásit	-	-	-	-	-	-	hlas	hlasme	hlaste	-	hlášen	hláse	-
hmoždit	-	-	-	-	-	-	hmoždi	hmožděme	hmožděte	-	hmožděn	-	-
hniličet	-	-	-	-	-	hniličejí	hniličej	hniličejme	hniličejte	-	-	hniličeje	hniličejíc	-
hnojit	-	-	-	-	-	-	-	-	-	-	-	hnoje	-
hnout	-	-	-	-	-	-	-	-	-	hnul	-	-	-
hnusit	-	-	-	-	-	-	-	-	-	-	-	hnuse	-
hnát	ženu	ženeš	žene	ženeme	ženete	ženou	žeň	žeňme	žeňte	hnal	hnán	žena	ženouc
hníst	hnětu	hněteš	hněte	hněteme	hnětete	hnětou	hněť	hněťme	hněťte	hnětl	hněten	hněta	hnětouc
hnít	hniji	hniješ	hnije	hnijeme	hnijete	hnijou	hnij	hnijme	hnijte	hnil	-	hnije	hnijíc
hnízdit	-	-	-	-	-	-	hnízdi	hnízděme	hnízděte	-	hnízděn	-	-
hodit	-	-	-	-	-	-	hoď	hoďme	hoďte	-	hozen	-	-
hodnotit	-	-	-	-	-	-	hodnoť	hodnoťme	hodnoťte	-	hodnocen	-	-	-
hojit	-	-	-	-	-	-	-	-	-	-	-	hoje	-
holit	-	-	-	-	-	-	-	-	-	-	-	hole	-
holubařit	-	-	-	-	-	-	-	-	-	-	-	holubaře	-	-
homolkovatět	-	-	-	-	-	-	homolkovatěj	homolkovatějme	homolkovatějte	-	homolkovatěn	homolkovatěje	homolkovatějíc	-
honit	-	-	-	-	-	-	hoň	hoňme	hoňte	-	honěn	-	-
honosit	-	-	-	-	-	-	-	-	-	-	-	honose	-	-
horlit	-	-	-	-	-	-	horli	horleme	horlete	-	-	horle	-
horšit	-	-	-	-	-	-	horši	horšeme	horšete	-	-	horše	-	-
hospodařit	-	-	-	-	-	-	-	-	-	-	-	hospodaře	-	-
hostit	-	-	-	-	-	-	hosti	hostěme	hostěte	-	hoštěn	-	-
houbařit	-	-	-	-	-	-	-	-	-	-	-	houbaře	-
houbovatět	-	-	-	-	-	-	houbovatěj	houbovatějme	houbovatějte	-	houbovatěn	houbovatěje	houbovatějíc	-
houst	hudu	hudeš	hude	hudeme	hudete	hudou	-	-	-	hudl	-	-	-
hovořit	-	-	-	-	-	-	-	-	-	-	-	hovoře	-
hovět	-	-	-	-	-	-	hov	hovme	hovte	-	hověn	-	-	-
hořet	-	-	-	-	-	hoří	hoř	hořme	hořte	-	-	-	-
hrabat	hrabu	hrabeš	hrabe	hrabeme	hrabete	hrabou	-	-	-	-	-	-	-
hradit	-	-	-	-	-	-	hraď	hraďme	hraďte	-	hrazen	-	-
hranit	-	-	-	-	-	-	hraň	hraňme	hraňte	-	hraněn	-	-	-
hraničit	-	-	-	-	-	-	-	-	-	-	-	hraniče	-
hrbatit	-	-	-	-	-	-	hrbať	hrbaťme	hrbaťte	-	hrbacen	-	-	-
hrbolatit	-	-	-	-	-	-	hrbolať	hrbolaťme	hrbolaťte	-	hrbolacen	-	-	-
hrdlit	-	-	-	-	-	-	hrdli	hrdleme	hrdlete	-	-	hrdle	-
hrnout	-	-	-	-	-	-	hrň	hrňme	hrňte	hrnul	-	-	-
hrnčet	-	-	-	-	-	hrnčí	-	-	-	-	-	-	-	-
hromadit	-	-	-	-	-	-	hromaď	hromaďme	hromaďte	-	hromaděn	-	-
hrotit	-	-	-	-	-	-	hroť	hroťme	hroťte	-	hrocen	-	-
hroutit	-	-	-	-	-	-	hruť	hruťme	hruťte	-	hroucen	-	-	-
hroužit	-	-	-	-	-	-	hruž	hružme	hružte	-	-	hrouže	-
hrozit	-	-	-	-	-	-	-	-	-	-	-	hroze	-
hrudkovatět	-	-	-	-	-	-	hrudkovatěj	hrudkovatějme	hrudkovatějte	-	hrudkovatěn	hrudkovatěje	hrudkovatějíc	-
hrát	hraji	hraješ	hraje	hrajeme	hrajete	hrajou	hraj	hrajme	hrajte	-	hrán	hraje	hrajíc
hrýzt	-	-	-	-	-	-	-	-	-	hryzl	-	-	-
hrčet	-	-	-	-	-	hrčí	hrč	hrčme	hrčte	-	-	hrče	hrčíc	-
hubenět	-	-	-	-	-	hubení	-	-	-	-	hubeněn	hubeně	hubeníc	-
hudlařit	-	-	-	-	-	-	-	-	-	-	-	hudlaře	-	-
huhňat	-	-	-	-	-	-	huhněj	huhnějme	huhnějte	-	-	-	-	-
hulit	-	-	-	-	-	-	-	-	-	-	-	hule	-
hustit	-	-	-	-	-	-	husti	hustěme	hustěte	-	hustěn	-	-	-
hutnit	-	-	-	-	-	-	hutni	hutněme	hutněte	-	hutněn	-	-	-
hutnět	-	-	-	-	-	hutní	-	-	-	-	hutněn	hutně	hutníc	-
hučet	-	-	-	-	-	hučí	huč	hučme	hučte	-	-	huče	hučíc
hvozdit	-	-	-	-	-	-	hvozdi	hvozděme	hvozděte	-	hvozděn	-	-	-
hynout	-	-	-	-	-	-	hyň	hyňme	hyňte	-	-	-	-
hysterčit	-	-	-	-	-	-	hysterči	hysterčeme	hysterčete	-	-	hysterče	-	-
hyzdit	-	-	-	-	-	-	hyzdi	hyzděme	hyzděte	-	hyzděn	-	-	-
hájit	-	-	-	-	-	-	haj	hajme	hajte	-	-	háje	-
házet	-	-	-	-	-	házejí	házej	házejme	házejte	-	-	házeje	házejíc
hýřit	-	-	-	-	-	-	hyř	hyřme	hyřte	-	-	hýře	-
hňahňat	-	-	-	-	-	-	hňahněj	hňahnějme	hňahnějte	-	-	-	-	-
hřešit	-	-	-	-	-	-	-	-	-	-	-	hřeše	-
hřmotit	-	-	-	-	-	-	hřmoť	hřmoťme	hřmoťte	-	-	-	-	-
hřmět	-	-	-	-	-	hřmí	hřmi	hřměme	hřměte	-	hřměn	hřmě	hřmíc	-
hřát	hřeji	hřeješ	hřeje	hřejeme	hřejete	hřejou	hřej	hřejme	hřejte	-	hřát	hřeje	hřejíc
hřížit	-	-	-	-	-	-	hřiž	hřižme	hřižte	-	-	-	-
intrikařit	-	-	-	-	-	-	-	-	-	-	-	intrikaře	-	-
jankovatět	-	-	-	-	-	jankovatí	-	-	-	-	jankovatěn	jankovatě	jankovatíc	-
jančit	-	-	-	-	-	-	janči	jančeme	jančete	-	-	janče	-	-
jasnit	-	-	-	-	-	-	jasni	jasněme	jasněte	-	-	-	-	-
jasnět	-	-	-	-	-	jasní	jasni	jasněme	jasněte	-	jasněn	jasně	jasníc	-
jednotit	-	-	-	-	-	-	jednoť	jednoťme	jednoťte	-	jednocen	-	-
jet	jedu	jedeš	jede	jedeme	jedete	jedou	jeď	jeďme	jeďte	-	-	jeda	jedouc
jezdit	-	-	-	-	-	-	jezdi	jezděme	jezděte	-	ježděn	-	-
ječet	-	-	-	-	-	ječí	ječ	ječme	ječte	-	-	ječe	ječíc
ježatit	-	-	-	-	-	-	ježať	ježaťme	ježaťte	-	ježacen	-	-	-
ježit	-	-	-	-	-	-	-	-	-	-	-	ježe	-	-
jiskřit	-	-	-	-	-	-	jiskři	jiskřeme	jiskřete	-	-	jiskře	-
jistit	-	-	-	-	-	-	jisti	jistěme	jistěte	-	jištěn	-	-
jitřit	-	-	-	-	-	-	jitři	jitřeme	jitřete	-	-	jitře	-	-
jizvit	-	-	-	-	-	-	jizvi	jizvěme	jizvěte	-	-	-	-	-
jmout	jmu	jmeš	jme	jmeme	jmete	jmou	jmi	jměme	jměte	jal	jat	-	-
julínkovatět	-	-	-	-	-	-	julínkovatěj	julínkovatějme	julínkovatějte	-	julínkovatěn	julínkovatěje	julínkovatějíc	-
jíst	jím	jíš	jí	jíme	jíte	jedí	jez	jezme	jezte	jedl	jeden	jeda	jedouc
jít	jdu	jdeš	jde	jdeme	jdete	jdou	jdi	jděme	jděte	šel	-	jda	jdouc	šla
kabonit	-	-	-	-	-	-	kaboň	kaboňme	kaboňte	-	kaboněn	-	-	-
kachnit	-	-	-	-	-	-	kachni	kachněme	kachněte	-	kachněn	-	-	-
kadeřit	-	-	-	-	-	-	-	-	-	-	-	kadeře	-	-
kadit	-	-	-	-	-	-	kaď	kaďme	kaďte	-	kaděn	-	-
kalit	-	-	-	-	-	-	-	-	-	-	-	kale	-
kamarádit	-	-	-	-	-	-	-	-	-	-	kamaráděn	-	-	-
kamenět	-	-	-	-	-	-	kameň	kameňme	kameňte	-	kameněn	-	-	-
kanit	-	-	-	-	-	-	kaň	kaňme	kaňte	-	kaněn	-	-	-
kanout	-	-	-	-	-	-	kaň	kaňme	kaňte	-	-	-	-
kantořit	-	-	-	-	-	-	-	-	-	-	-	kantoře	-	-
kapalnit	-	-	-	-	-	-	kapalni	kapalněme	kapalněte	-	kapalněn	-	-	-
kapalnět	-	-	-	-	-	-	kapalněj	kapalnějme	kapalnějte	-	kapalněn	kapalněje	kapalnějíc	-
karbanit	-	-	-	-	-	-	karbaň	karbaňme	karbaňte	-	karbaněn	-	-	-
katit	-	-	-	-	-	-	kať	kaťme	kaťte	-	kacen	-	-	-
kazit	-	-	-	-	-	-	-	-	-	-	kažen	kaze	-
kašlat	kašlu	kašleš	kašle	kašleme	kašlete	-	-	-	-	-	-	-	-
keťasit	-	-	-	-	-	-	-	-	-	-	-	keťase	-	-
klamat	klamu	klameš	klame	klameme	klamete	-	-	-	-	-	-	-	-
klanět	-	-	-	-	-	-	klaň	klaňme	klaňte	-	klaněn	-	-
klenout	-	-	-	-	-	-	kleň	kleňme	kleňte	-	-	-	-
klestit	-	-	-	-	-	-	klesti	klestěme	klestěte	-	klestěn	-	-
klevetit	-	-	-	-	-	-	kleveť	kleveťme	kleveťte	-	-	-	-	-
klečet	-	-	-	-	-	klečí	kleč	klečme	klečte	-	-	kleče	klečíc
kleštit	-	-	-	-	-	-	klešti	kleštěme	kleštěte	-	kleštěn	-	-	-
klidit	-	-	-	-	-	-	kliď	kliďme	kliďte	-	klizen	-	-	-
klidnit	-	-	-	-	-	-	klidni	klidněme	klidněte	-	klidněn	-	-	-
klidnět	-	-	-	-	-	-	klidněj	klidnějme	klidnějte	-	klidněn	klidněje	klidnějíc	-
klihovatět	-	-	-	-	-	-	klihovatěj	klihovatějme	klihovatějte	-	klihovatěn	klihovatěje	klihovatějíc	-
klikatit	-	-	-	-	-	-	klikať	klikaťme	klikaťte	-	klikacen	-	-	-
klnout	-	-	-	-	-	-	klň	klňme	klňte	klnul	-	-	-
klohnit	-	-	-	-	-	-	klohni	klohněme	klohněte	-	-	-	-	-
klonit	-	-	-	-	-	-	kloň	kloňme	kloňte	-	kloněn	-	-	-
klopotit	-	-	-	-	-	-	klopoť	klopoťme	klopoťte	-	klopocen	-	-	-
kloubit	-	-	-	-	-	-	kloubi	klouběme	klouběte	-	-	-	-	-
klovat	klovu	kloveš	klove	kloveme	klovete	klovají	klovej	klovejme	klovejte	-	klován	klovaje	klovajíc
klučit	-	-	-	-	-	-	-	-	-	-	-	kluče	-	-
klábosit	-	-	-	-	-	-	-	-	-	-	-	klábose	-	-
klást	kladu	kladeš	klade	klademe	kladete	kladou	klaď	klaďme	klaďte	kladl	kladen	klada	kladouc
klát	-	-	-	-	-	-	-	-	-	-	klán	-	-
klátit	-	-	-	-	-	-	klať	klaťme	klaťte	-	klácen	-	-
klínit	-	-	-	-	-	-	kliň	kliňme	kliňte	-	klíněn	-	-	-
klít	kleji	kleješ	kleje	klejeme	klejete	klejou	klej	klejme	klejte	klel	klet	kleje	klejíc
klíčit	-	-	-	-	-	-	klič	kličme	kličte	-	-	klíče	-
klížit	-	-	-	-	-	-	kliž	kližme	kližte	-	-	klíže	-
kmotrovatět	-	-	-	-	-	-	kmotrovatěj	kmotrovatějme	kmotrovatějte	-	kmotrovatěn	kmotrovatěje	kmotrovatějíc	-
kmotřit	-	-	-	-	-	-	kmotři	kmotřeme	kmotřete	-	-	kmotře	-	-
kničet	-	-	-	-	-	kničí	knič	kničme	kničte	-	-	kniče	kničíc	-
kohoutit	-	-	-	-	-	-	kohouti	kohoutěme	kohoutěte	-	kohoutěn	-	-	-
kojit	-	-	-	-	-	-	-	-	-	-	-	koje	-
komolit	-	-	-	-	-	-	-	-	-	-	-	komole	-	-
konejšit	-	-	-	-	-	-	konejši	konejšeme	konejšete	-	-	konejše	-	-
končit	-	-	-	-	-	-	konči	končeme	končete	-	-	konče	-
koprnět	-	-	-	-	-	-	koprněj	koprnějme	koprnějte	-	koprněn	koprněje	koprnějíc	-
koptit	-	-	-	-	-	-	kopti	koptěme	koptěte	-	koptěn	-	-	-
kopčit	-	-	-	-	-	-	kopči	kopčeme	kopčete	-	-	-	-	-
kormoutit	-	-	-	-	-	-	kormuť	kormuťme	kormuťte	-	kormoucen	-	-
kornatět	-	-	-	-	-	kornatí	kornať	kornaťme	kornaťte	-	kornatěn	kornatě	kornatíc	-
kosit	-	-	-	-	-	-	-	-	-	-	-	kose	-
kostelničit	-	-	-	-	-	-	-	-	-	-	-	kostelniče	-	-
kostnatět	-	-	-	-	-	-	kostnatěj	kostnatějme	kostnatějte	-	kostnatěn	kostnatěje	kostnatějíc	-
kotit	-	-	-	-	-	-	koť	koťme	koťte	-	-	-	-
kotvit	-	-	-	-	-	-	kotvi	kotvěme	kotvěte	-	-	-	-
koulet	-	-	-	-	-	koulejí	koulej	koulejme	koulejte	-	-	kouleje	koulejíc
koupit	-	-	-	-	-	-	kup	kupme	kupte	-	-	-	-
kout	kuji	kuješ	kuje	kujeme	kujete	kujou	kuj	kujme	kujte	kul	kut	kuje	kujíc
kouzlit	-	-	-	-	-	-	kouzli	kouzleme	kouzlete	-	-	kouzle	-
kouřit	-	-	-	-	-	-	kuř	kuřme	kuřte	-	-	kouře	-
kovat	kovu	koveš	kove	koveme	kovete	kovají	kovej	kovejme	kovejte	-	kován	kovaje	kovajíc
kovoobrábět	-	-	-	-	-	-	kovoobráběj	kovoobrábějme	kovoobrábějte	-	kovoobráběn	kovoobráběje	kovoobrábějíc	-
koňařit	-	-	-	-	-	-	-	-	-	-	-	koňaře	-	-
kořenit	-	-	-	-	-	-	kořeň	kořeňme	kořeňte	-	kořeněn	-	-	-
kořistit	-	-	-	-	-	-	kořisti	kořistěme	kořistěte	-	kořistěn	-	-	-
kořit	-	-	-	-	-	-	-	-	-	-	-	koře	-
košatět	-	-	-	-	-	košatí	košať	košaťme	košaťte	-	košatěn	košatě	košatíc	-
krabatit	-	-	-	-	-	-	krabať	krabaťme	krabaťte	-	krabacen	-	-	-
krabatět	-	-	-	-	-	-	krabatěj	krabatějme	krabatějte	-	krabatěn	krabatěje	krabatějíc	-
kramařit	-	-	-	-	-	-	-	-	-	-	-	kramaře	-	-
krasobruslit	-	-	-	-	-	-	krasobrusli	krasobrusleme	krasobruslete	-	-	-	-	-
krasosmutnit	-	-	-	-	-	-	krasosmutni	krasosmutněme	krasosmutněte	-	krasosmutněn	-	-	-
krasořečnit	-	-	-	-	-	-	krasořečni	krasořečněme	krasořečněte	-	krasořečněn	-	-	-
krepatět	-	-	-	-	-	-	krepatěj	krepatějme	krepatějte	-	krepatěn	krepatěje	krepatějíc	-
krepovatět	-	-	-	-	-	-	krepovatěj	krepovatějme	krepovatějte	-	krepovatěn	krepovatěje	krepovatějíc	-
kreslit	-	-	-	-	-	-	kresli	kresleme	kreslete	-	-	kresle	-
krnět	-	-	-	-	-	krní	krň	krňme	krňte	-	krněn	krně	krníc	-
krojit	-	-	-	-	-	-	-	-	-	-	-	kroje	-	-
krotit	-	-	-	-	-	-	kroť	kroťme	kroťte	-	krocen	-	-
kroutit	-	-	-	-	-	-	kruť	kruťme	kruťte	-	kroucen	-	-
kroužit	-	-	-	-	-	-	kruž	kružme	kružte	-	-	krouže	-	-
kročit	-	-	-	-	-	-	-	-	-	-	-	kroče	-	-
kručet	-	-	-	-	-	kručí	kruč	kručme	kručte	-	-	kruče	kručíc	-
krušit	-	-	-	-	-	-	-	-	-	-	-	kruše	-
krvavět	-	-	-	-	-	-	krvavěj	krvavějme	krvavějte	-	krvavěn	krvavěje	krvavějíc	-
krvácet	-	-	-	-	-	krvácejí	krvácej	krvácejme	krvácejte	-	-	krváceje	krvácejíc
krájet	-	-	-	-	-	krájejí	krájej	krájejme	krájejte	-	-	krájeje	krájejíc
krásnět	-	-	-	-	-	krásní	krásni	krásněme	krásněte	-	krásněn	krásně	krásníc	-
krást	kradu	kradeš	krade	krademe	kradete	kradou	kraď	kraďme	kraďte	kradl	kraden	krada	kradouc
krátit	-	-	-	-	-	-	krať	kraťme	kraťte	-	krácen	-	-
kráčet	-	-	-	-	-	kráčejí	kráčej	kráčejme	kráčejte	-	-	kráčeje	kráčejíc
krášlit	-	-	-	-	-	-	krášli	krášleme	krášlete	-	-	krášle	-
krémovatět	-	-	-	-	-	-	krémovatěj	krémovatějme	krémovatějte	-	krémovatěn	krémovatěje	krémovatějíc	-
krýt	kryji	kryješ	kryje	kryjeme	kryjete	kryjou	kryj	kryjme	kryjte	kryl	kryt	kryje	kryjíc
krčit	-	-	-	-	-	-	-	-	-	-	-	krče	-
ksichtit	-	-	-	-	-	-	ksichti	ksichtěme	ksichtěte	-	ksichtěn	-	-	-
kuchařit	-	-	-	-	-	-	-	-	-	-	-	kuchaře	-	-
kuchtit	-	-	-	-	-	-	kuchti	kuchtěme	kuchtěte	-	kuchtěn	-	-	-
kudrnatit	-	-	-	-	-	-	kudrnať	kudrnaťme	kudrnaťte	-	kudrnacen	-	-	-
kudrnatět	-	-	-	-	-	kudrnatí	kudrnať	kudrnaťme	kudrnaťte	-	kudrnatěn	kudrnatě	kudrnatíc	-
kuklit	-	-	-	-	-	-	kukli	kukleme	kuklete	-	-	kukle	-	-
kulatit	-	-	-	-	-	-	kulať	kulaťme	kulaťte	-	kulacen	-	-
kulatět	-	-	-	-	-	-	kulatěj	kulatějme	kulatějte	-	kulatěn	kulatěje	kulatějíc	-
kulit	-	-	-	-	-	-	-	-	-	-	-	kule	-	-
kuláčet	-	-	-	-	-	kuláčejí	kuláčej	kuláčejme	kuláčejte	-	-	kuláčeje	kuláčejíc	-
kupčit	-	-	-	-	-	-	kupči	kupčeme	kupčete	-	-	kupče	-	-
kurvit	-	-	-	-	-	-	kurvi	kurvěme	kurvěte	-	-	-	-
kutit	-	-	-	-	-	-	kuť	kuťme	kuťte	-	kutěn	-	-
kutálet	-	-	-	-	-	kutálejí	kutálej	kutálejme	kutálejte	-	-	kutáleje	kutálejíc
kušnit	-	-	-	-	-	-	kušni	kušněme	kušněte	-	kušněn	-	-	-
kvasit	-	-	-	-	-	-	-	-	-	-	kvašen	kvase	-
kvačit	-	-	-	-	-	-	-	-	-	-	-	kvače	-	-
kvičet	-	-	-	-	-	kvičí	kvič	kvičme	kvičte	-	-	kviče	kvičíc	-
kvést	kvetu	kveteš	kvete	kveteme	kvetete	kvetou	kveť	kveťme	kveťte	kvetl	kveten	kveta	kvetouc	-
kvílet	-	-	-	-	-	kvílejí	kvílej	kvílejme	kvílejte	-	-	kvíleje	kvílejíc
kvílit	-	-	-	-	-	-	-	-	-	-	-	kvíle	-	-
kymácet	-	-	-	-	-	kymácejí	kymácej	kymácejme	kymácejte	-	-	kymáceje	kymácejíc
kynout	-	-	-	-	-	-	kyň	kyňme	kyňte	-	-	-	-
kypět	-	-	-	-	-	kypí	kyp	kypme	kypte	-	kypěn	kypě	kypíc	-
kypřit	-	-	-	-	-	-	kypři	kypřeme	kypřete	-	-	kypře	-	-
kyselit	-	-	-	-	-	-	-	-	-	-	-	kysele	-	-
kácet	-	-	-	-	-	kácejí	kácej	kácejme	kácejte	-	-	káceje	kácejíc
kálet	-	-	-	-	-	kálejí	kálej	kálejme	kálejte	-	-	káleje	kálejíc
kámošit	-	-	-	-	-	-	-	-	-	-	-	kámoše	-	-
kát	kaji	kaješ	kaje	kajeme	kajete	kajou	kaj	kajme	kajte	-	-	kaje	kajíc
kázat	-	-	-	-	-	-	kaž	kažme	kažte	-	-	-	-
kňučet	-	-	-	-	-	kňučí	kňuč	kňučme	kňučte	-	-	kňuče	kňučíc	-
křenit	-	-	-	-	-	-	křeň	křeňme	křeňte	-	křeněn	-	-	-
křepčit	-	-	-	-	-	-	křepči	křepčeme	křepčete	-	-	křepče	-
křivdit	-	-	-	-	-	-	křivdi	křivděme	křivděte	-	křivděn	-	-	-
křičet	-	-	-	-	-	křičí	křič	křičme	křičte	-	-	křiče	křičíc
křtít	křtím	křtíš	křtí	křtíme	křtíte	křtí	křti	křtěme	křtěte	křtil	křtěn	křtě	křtíc
křídlatět	-	-	-	-	-	-	křídlatěj	křídlatějme	křídlatějte	-	křídlatěn	křídlatěje	křídlatějíc	-
křísit	-	-	-	-	-	-	křis	křisme	křiste	-	kříšen	kříse	-	-
křížit	-	-	-	-	-	-	křiž	křižme	křižte	-	-	kříže	-
kšeftařit	-	-	-	-	-	-	-	-	-	-	-	kšeftaře	-	-
kůrkovatět	-	-	-	-	-	-	kůrkovatěj	kůrkovatějme	kůrkovatějte	-	kůrkovatěn	kůrkovatěje	kůrkovatějíc	-
ladit	-	-	-	-	-	-	laď	laďme	laďte	-	laděn	-	-
lahodit	-	-	-	-	-	-	lahoď	lahoďme	lahoďte	-	lahoděn	-	-	-
lajdačit	-	-	-	-	-	-	-	-	-	-	-	lajdače	-	-
lakotit	-	-	-	-	-	-	lakoť	lakoťme	lakoťte	-	lakocen	-	-	-
lanařit	-	-	-	-	-	-	-	-	-	-	-	lanaře	-	-
lačnit	-	-	-	-	-	-	lačni	lačněme	lačněte	-	-	-	-	-
lačnět	-	-	-	-	-	-	lačni	lačněme	lačněte	-	lačněn	lačně	lačníc	-
lebedit	-	-	-	-	-	-	lebeď	lebeďme	lebeďte	-	lebeděn	-	-	-
ledovatět	-	-	-	-	-	ledovatí	ledovať	ledovaťme	ledovaťte	-	ledovatěn	ledovatě	ledovatíc	-
ledovět	-	-	-	-	-	-	ledověj	ledovějme	ledovějte	-	ledověn	ledověje	ledovějíc	-
lenit	-	-	-	-	-	-	leň	leňme	leňte	-	leněn	-	-	-
lenivět	-	-	-	-	-	-	lenivěj	lenivějme	lenivějte	-	lenivěn	lenivěje	lenivějíc	-
lenošit	-	-	-	-	-	-	-	-	-	-	-	lenoše	-	-
lepšit	-	-	-	-	-	-	lepši	lepšeme	lepšete	-	-	lepše	-	-
letnit	-	-	-	-	-	-	letni	letněme	letněte	-	letněn	-	-	-
letět	-	-	-	-	-	-	leť	leťme	leťte	-	letěn	letě	letíc
leštit	-	-	-	-	-	-	lešti	leštěme	leštěte	-	leštěn	-	-
ležet	-	-	-	-	-	leží	lež	ležme	ležte	-	-	leže	ležíc
lhostejnět	-	-	-	-	-	lhostejní	lhostejni	lhostejněme	lhostejněte	-	lhostejněn	lhostejně	lhostejníc	-
lhát	lžu	lžeš	lže	lžeme	lžete	lžou	lži	lžeme	lžete	lhal	lhán	lha	lhouc	-
lichotit	-	-	-	-	-	-	lichoť	lichoťme	lichoťte	-	lichocen	-	-
lichvařit	-	-	-	-	-	-	-	-	-	-	-	lichvaře	-	-
linout	-	-	-	-	-	-	liň	liňme	liňte	-	-	-	-	-
lišit	-	-	-	-	-	-	-	-	-	-	-	liše	-
lkát	lkám	lkáš	lká	lkáme	lkáte	lkají	lkej	lkejme	lkejte	lkal	-	lkaje	lkajíc
lnout	-	-	-	-	-	-	-	-	-	lnul	-	-	-
lomozit	-	-	-	-	-	-	-	-	-	-	-	lomoze	-
lopotit	-	-	-	-	-	-	lopoť	lopoťme	lopoťte	-	lopocen	-	-	-
loudit	-	-	-	-	-	-	loudi	louděme	louděte	-	louděn	-	-
loupežit	-	-	-	-	-	-	-	-	-	-	-	loupeže	-	-
loupit	-	-	-	-	-	-	lup	lupme	lupte	-	-	-	-
loutkařit	-	-	-	-	-	-	-	-	-	-	-	loutkaře	-	-
loučit	-	-	-	-	-	-	luč	lučme	lučte	-	-	louče	-
loužit	-	-	-	-	-	-	louži	loužeme	loužete	-	-	louže	-	-
lozit	-	-	-	-	-	-	-	-	-	-	-	loze	-
ložit	-	-	-	-	-	-	-	-	-	-	-	lože	-
lpět	-	-	-	-	-	-	lpi	lpějme	lpějte	-	lpěn	-	-
luštit	-	-	-	-	-	-	lušti	luštěme	luštěte	-	luštěn	-	-
lyžařit	-	-	-	-	-	-	-	-	-	-	-	lyžaře	-	-
lze	-	-	lze	-	-	-	-	-	-	-	-	-	-	-
lámat	lámu	lámeš	láme	lámeme	lámete	-	-	-	-	-	-	-	-
lát	laji	laješ	laje	lajeme	lajete	lajou	laj	lajme	lajte	-	lán	laje	lajíc
láteřit	-	-	-	-	-	-	-	-	-	-	-	láteře	-
lézt	lezu	lezeš	leze	lezeme	lezete	lezou	lez	lezme	lezte	lezl	lezen	leza	lezouc
léčit	-	-	-	-	-	-	leč	lečme	lečte	-	-	léče	-	-
lícit	-	-	-	-	-	-	lic	licme	licte	-	-	líce	-	-
lít	leji	leješ	leje	lejeme	lejete	lejou	lej	lejme	lejte	lil	lit	leje	lejíc
lítostnit	-	-	-	-	-	-	lítostni	lítostněme	lítostněte	-	lítostněn	-	-	-
líčit	-	-	-	-	-	-	lič	ličme	ličte	-	-	líče	-
magořit	-	-	-	-	-	-	-	-	-	-	-	magoře	-	-
malomyslnět	-	-	-	-	-	malomyslní	malomyslň	malomyslňme	malomyslňte	-	malomyslněn	malomyslně	malomyslníc	-
malátnět	-	-	-	-	-	malátní	malátni	malátněme	malátněte	-	malátněn	malátně	malátníc	-
mamonit	-	-	-	-	-	-	mamoň	mamoňme	mamoňte	-	mamoněn	-	-	-
marnit	-	-	-	-	-	-	marni	marněme	marněte	-	marněn	-	-
marnotratnit	-	-	-	-	-	-	marnotratni	marnotratněme	marnotratněte	-	marnotratněn	-	-	-
marodit	-	-	-	-	-	-	maroď	maroďme	maroďte	-	maroděn	-	-	-
mastit	-	-	-	-	-	-	masti	mastěme	mastěte	-	mastěn	-	-	-
mazlit	-	-	-	-	-	-	mazli	mazleme	mazlete	-	-	mazle	-
mazuřit	-	-	-	-	-	-	-	-	-	-	-	mazuře	-	-
mařit	-	-	-	-	-	-	-	-	-	-	-	maře	-	-
mdlít	mdleji	mdleješ	mdleje	mdlejeme	mdlejete	mdlejou	mdlej	mdlejme	mdlejte	mdlel	mdlet	mdleje	mdlejíc	mdlela
mechovatět	-	-	-	-	-	mechovatí	mechovať	mechovaťme	mechovaťte	-	mechovatěn	mechovatě	mechovatíc	-
medit	-	-	-	-	-	-	meď	meďme	meďte	-	meděn	-	-	-
medovatět	-	-	-	-	-	-	medovatěj	medovatějme	medovatějte	-	medovatěn	medovatěje	medovatějíc	-
mejlit	-	-	-	-	-	-	-	-	-	-	-	mejle	-	-
melouchařit	-	-	-	-	-	-	-	-	-	-	-	melouchaře	-	-
menšit	-	-	-	-	-	-	menši	menšeme	menšete	-	-	menše	-	-
merčit	-	-	-	-	-	-	merči	merčeme	merčete	-	-	merče	-	-
metelit	-	-	-	-	-	-	-	-	-	-	-	metele	-	-
mezipřistát	mezipřistanu	mezipřistaneš	mezipřistane	mezipřistaneme	mezipřistanete	mezipřistanou	-	-	-	-	-	-	-	-
meziuložit	-	-	-	-	-	-	-	-	-	-	-	meziulože	-	-
mečet	-	-	-	-	-	mečí	meč	mečme	mečte	-	-	meče	mečíc
mhouřit	-	-	-	-	-	-	mhouři	mhouřeme	mhouřete	-	-	mhouře	-
miniuložit	-	-	-	-	-	-	-	-	-	-	-	miniulože	-	-
minout	-	-	-	-	-	-	miň	miňme	miňte	-	-	-	-
mizet	-	-	-	-	-	mizejí	miz	mizme	mizte	-	-	mize	mizejíc
mladit	-	-	-	-	-	-	mlaď	mlaďme	mlaďte	-	mlazen	-	-	-
mlynařit	-	-	-	-	-	-	-	-	-	-	-	mlynaře	-	-
mlátit	-	-	-	-	-	-	mlať	mlaťme	mlaťte	-	mlácen	-	-
mléčit	-	-	-	-	-	-	-	-	-	-	-	mléče	-	-
mlít	melu	meleš	mele	meleme	melete	melou	mel	melme	melte	mlel	mlet	mela	melouc
mlčet	-	-	-	-	-	mlčí	mlč	mlčme	mlčte	-	-	mlče	mlčíc
mlžit	-	-	-	-	-	-	-	-	-	-	-	mlže	-	-
mnout	-	-	-	-	-	-	-	-	-	mnul	-	-	-
množit	-	-	-	-	-	-	-	-	-	-	-	množe	-	-
moci	mohu	můžeš	může	můžeme	můžete	mohou	-	-	-	mohl	-	moha	mohouc
mocnit	-	-	-	-	-	-	mocni	mocněme	mocněte	-	mocněn	-	-
moct	mohu	můžeš	může	můžeme	můžete	mohou	-	-	-	mohl	-	moha	mohouc
modelařit	-	-	-	-	-	-	-	-	-	-	-	modelaře	-	-
modlit	-	-	-	-	-	-	modli	modleme	modlete	-	-	modle	-
modřit	-	-	-	-	-	-	modři	modřeme	modřete	-	-	modře	-	-
mohutnět	-	-	-	-	-	-	mohutni	mohutněme	mohutněte	-	mohutněn	mohutně	mohutníc	-
mokřit	-	-	-	-	-	-	mokři	mokřeme	mokřete	-	-	mokře	-	-
moudřet	-	-	-	-	-	moudří	moudři	moudřeme	moudřete	-	-	moudře	moudříc	-
mozolit	-	-	-	-	-	-	-	-	-	-	-	mozole	-	-
močit	-	-	-	-	-	-	-	-	-	-	-	moče	-
mořit	-	-	-	-	-	-	-	-	-	-	-	moře	-
mravenčit	-	-	-	-	-	-	mravenči	mravenčeme	mravenčete	-	-	mravenče	-	-
mrazit	-	-	-	-	-	-	-	-	-	-	-	mraze	-
mračit	-	-	-	-	-	-	-	-	-	-	-	mrače	-
mrcasatit	-	-	-	-	-	-	mrcasať	mrcasaťme	mrcasaťte	-	mrcasacen	-	-	-
mrcasatět	-	-	-	-	-	-	mrcasatěj	mrcasatějme	mrcasatějte	-	mrcasatěn	mrcasatěje	mrcasatějíc	-
mrholit	-	-	-	-	-	-	-	-	-	-	-	mrhole	-
mrtvět	-	-	-	-	-	mrtví	mrtvi	mrtvěme	mrtvěte	-	mrtvěn	mrtvě	mrtvíc	-
mručet	-	-	-	-	-	mručí	mruč	mručme	mručte	-	-	mruče	mručíc	-
mrzačit	-	-	-	-	-	-	-	-	-	-	-	mrzače	-	-
mrzet	-	-	-	-	-	mrzí	mrz	mrzme	mrzte	-	-	mrze	mrzíc
mrzoutit	-	-	-	-	-	-	mrzouti	mrzoutěme	mrzoutěte	-	mrzoutěn	-	-	-
mrčet	-	-	-	-	-	mrčí	mrč	mrčme	mrčte	-	-	-	-	-
mršit	-	-	-	-	-	-	-	-	-	-	-	mrše	-	-
mrštit	-	-	-	-	-	-	mršti	mrštěme	mrštěte	-	mrštěn	-	-
mstít	mstím	mstíš	mstí	mstíme	mstíte	mstí	msti	mstěme	mstěte	mstil	mstěn	mstě	mstíc
muset	-	-	-	-	-	musejí	-	-	-	-	-	museje	musejíc
mučit	-	-	-	-	-	-	-	-	-	-	-	muče	-
muškařit	-	-	-	-	-	-	-	-	-	-	-	muškaře	-	-
mužnět	-	-	-	-	-	mužní	mužni	mužněme	mužněte	-	mužněn	mužně	mužníc	-
mydlit	-	-	-	-	-	-	mydli	mydleme	mydlete	-	-	mydle	-
myslit	-	-	-	-	-	-	mysli	mysleme	myslete	-	myšlen	mysle	-
mámit	-	-	-	-	-	-	mam	mamme	mamte	-	-	-	-
mást	matu	mateš	mate	mateme	matete	matou	mať	maťme	maťte	mátl	maten	mata	matouc
máčet	-	-	-	-	-	máčejí	máčej	máčejme	máčejte	-	-	máčeje	máčejíc
mést	metu	meteš	mete	meteme	metete	metou	meť	meťme	meťte	metl	meten	meta	metouc
míjet	-	-	-	-	-	míjejí	míjej	míjejme	míjejte	-	-	míjeje	míjejíc
mínit	-	-	-	-	-	-	miň	miňme	miňte	-	míněn	-	-
mírnit	-	-	-	-	-	-	mírni	mírněme	mírněte	-	mírněn	-	-	-
mísit	-	-	-	-	-	-	mis	misme	miste	-	-	míse	-
mít	mám	máš	má	máme	máte	mají	měj	mějme	mějte	měl	-	maje	majíc
mířit	-	-	-	-	-	-	miř	miřme	miřte	-	-	míře	-
mýlit	-	-	-	-	-	-	myl	mylme	mylte	-	-	mýle	-
mýt	myji	myješ	myje	myjeme	myjete	myjou	myj	myjme	myjte	myl	myt	myje	myjíc
mýtit	-	-	-	-	-	-	mýti	mýtěme	mýtěte	-	mýcen	-	-	-
měkčit	-	-	-	-	-	-	měkči	měkčeme	měkčete	-	-	měkče	-	-
mělnit	-	-	-	-	-	-	mělni	mělněme	mělněte	-	mělněn	-	-
měnit	-	-	-	-	-	-	měň	měňme	měňte	-	měněn	-	-
měřit	-	-	-	-	-	-	-	-	-	-	-	měře	-
mřít	mřu	mřeš	mře	mřeme	mřete	mřou	mři	mřeme	mřete	mřel	mřen	mra	mrouc	-
mžít	mžím	mžíš	mží	mžíme	mžíte	mží	mži	mžeme	mžete	mžil	mžen	mže	mžíc	mžila
nabalamutit	-	-	-	-	-	-	nabalamuť	nabalamuťme	nabalamuťte	-	nabalamucen	-	-	-
nabalit	-	-	-	-	-	-	-	-	-	-	-	nabale	-	-
nabančit	-	-	-	-	-	-	nabanči	nabančeme	nabančete	-	-	-	-	-
nabarvit	-	-	-	-	-	-	nabarvi	nabarvěme	nabarvěte	-	-	-	-	-
nabaštit	-	-	-	-	-	-	nabašti	nabaštěme	nabaštěte	-	nabaštěn	-	-	-
nabažit	-	-	-	-	-	-	-	-	-	-	-	nabaže	-	-
nabečet	-	-	-	-	-	nabečí	nabeč	nabečme	nabečte	-	-	-	-	-
nabloudit	-	-	-	-	-	-	nabloudi	nablouděme	nablouděte	-	nablouděn	-	-	-
nablyštět	-	-	-	-	-	nablyští	nablyšti	nablyštěme	nablyštěte	-	nablyštěn	-	-	-
nablábolit	-	-	-	-	-	-	-	-	-	-	-	nablábole	-	-
nablít	nabliji	nabliješ	nablije	nablijeme	nablijete	nablijou	nablij	nablijme	nablijte	nablil	nablit	-	-	nablila
nabolet	-	-	-	-	-	nabolí	nabol	nabolme	nabolte	-	-	-	-	-
nabořit	-	-	-	-	-	-	-	-	-	-	-	naboře	-	-
nabrat	naberu	nabereš	nabere	nabereme	naberete	naberou	naber	naberme	naberte	-	-	-	-	-
nabrebentit	-	-	-	-	-	-	nabrebenti	nabrebentěme	nabrebentěte	-	nabrebentěn	-	-	-
nabrečet	-	-	-	-	-	nabrečí	nabreč	nabrečme	nabrečte	-	-	-	-	-
nabrigádničit	-	-	-	-	-	-	-	-	-	-	-	nabrigádniče	-	-
nabrodit	-	-	-	-	-	-	nabroď	nabroďme	nabroďte	-	nabroděn	-	-	-
nabrousit	-	-	-	-	-	-	nabrus	nabrusme	nabruste	-	nabroušen	-	-	-
nabruslit	-	-	-	-	-	-	nabrusli	nabrusleme	nabruslete	-	-	-	-	-
nabručet	-	-	-	-	-	-	nabruč	nabručme	nabručte	-	-	-	-	-
nabubřet	-	-	-	-	-	nabubří	nabubři	nabubřeme	nabubřete	-	-	-	-	-
nabudit	-	-	-	-	-	-	nabuď	nabuďme	nabuďte	-	nabuzen	-	-	-
nabušit	-	-	-	-	-	-	-	-	-	-	-	nabuše	-	-
nabájit	-	-	-	-	-	-	nabáji	nabájeme	nabájete	-	-	-	-	-
nabásnit	-	-	-	-	-	-	nabásni	nabásněme	nabásněte	-	nabásněn	-	-	-
nabíjet	-	-	-	-	-	nabíjejí	nabíjej	nabíjejme	nabíjejte	-	-	nabíjeje	nabíjejíc
nabílit	-	-	-	-	-	-	nabíli	nabíleme	nabílete	-	-	-	-	-
nabít	nabiji	nabiješ	nabije	nabijeme	nabijete	nabijou	nabij	nabijme	nabijte	nabil	nabit	-	-	nabila
nabízet	-	-	-	-	-	nabízejí	nabízej	nabízejme	nabízejte	-	-	nabízeje	nabízejíc
nabýt	nabudu	nabudeš	nabude	nabudeme	nabudete	nabudou	nabuď	nabuďme	nabuďte	nabyl	nabyt	-	-
nabělit	-	-	-	-	-	-	-	-	-	-	-	naběle	-	-
nacedit	-	-	-	-	-	-	naceď	naceďme	naceďte	-	nacezen	-	-	-
nacenit	-	-	-	-	-	-	naceň	naceňme	naceňte	-	naceněn	-	-	-
nachcat	nachčiji	nachčiješ	nachčije	nachčijeme	nachčijete	nachčijou	nachčij	nachčijme	nachčijte	-	-	-	-	-
nachladit	-	-	-	-	-	-	nachlaď	nachlaďme	nachlaďte	-	nachlazen	-	-	-
nachlácholit	-	-	-	-	-	-	-	-	-	-	-	nachláchole	-	-
nachmelit	-	-	-	-	-	-	-	-	-	-	-	nachmele	-	-
nachmuřit	-	-	-	-	-	-	-	-	-	-	-	nachmuře	-	-
nachodit	-	-	-	-	-	-	nachoď	nachoďme	nachoďte	-	nachozen	-	-	-
nachovět	-	-	-	-	-	-	nachověj	nachovějme	nachovějte	-	nachověn	nachověje	nachovějíc	-
nachraptět	-	-	-	-	-	nachraptí	nachrapti	nachraptěme	nachraptěte	-	nachraptěn	-	-	-
nachrlit	-	-	-	-	-	-	nachrli	nachrleme	nachrlete	-	-	-	-	-
nachumelit	-	-	-	-	-	-	-	-	-	-	-	nachumele	-	-
nachuravět	-	-	-	-	-	-	nachuravěj	nachuravějme	nachuravějte	-	nachuravěn	nachuravěje	nachuravějíc	-
nachválit	-	-	-	-	-	-	nachval	nachvalme	nachvalte	-	-	-	-	-
nacházet	-	-	-	-	-	nacházejí	nacházej	nacházejme	nacházejte	-	-	nacházeje	nacházejíc
nachýlit	-	-	-	-	-	-	nachyl	nachylme	nachylte	-	-	-	-
nachřestit	-	-	-	-	-	-	nachřesti	nachřestěme	nachřestěte	-	nachřestěn	-	-	-
nacigánit	-	-	-	-	-	-	nacigáň	nacigáňme	nacigáňte	-	nacigáněn	-	-	-
nacikánit	-	-	-	-	-	-	nacikáň	nacikáňme	nacikáňte	-	nacikáněn	-	-	-
nacpat	nacpu	nacpeš	nacpe	nacpeme	nacpete	nacpou	nacpi	nacpěme	nacpěte	-	-	-	-	-
naculit	-	-	-	-	-	-	-	-	-	-	-	nacule	-	-
nacvičit	-	-	-	-	-	-	-	-	-	-	-	nacviče	-	-
nadcenit	-	-	-	-	-	-	nadceň	nadceňme	nadceňte	-	nadceněn	-	-	-
nadcházet	-	-	-	-	-	nadcházejí	nadcházej	nadcházejme	nadcházejte	-	-	nadcházeje	nadcházejíc	-
nadehnat	nadeženu	nadeženeš	nadežene	nadeženeme	nadeženete	nadeženou	nadežeň	nadežeňme	nadežeňte	-	-	-	-
nadejet	-	-	-	-	-	-	nadejeď	nadejeďme	nadejeďte	-	nadejet	-	-	-
nadejít	nadejdu	nadejdeš	nadejde	nadejdeme	nadejdete	nadejdou	nadejdi	nadejděme	nadejděte	nadešel	-	-	-	nadešla
nadepsat	nadepíši	nadepíšeš	nadepíše	nadepíšeme	nadepíšete	nadepíšou	nadepiš	nadepišme	nadepište	-	-	-	-	-
nadezdít	nadezdím	nadezdíš	nadezdí	nadezdíme	nadezdíte	nadezdí	nadezdi	nadezděme	nadezděte	nadezdil	nadezděn	-	-	nadezdila
nadhodit	-	-	-	-	-	-	nadhoď	nadhoďme	nadhoďte	-	nadhozen	-	-	-
nadhodnotit	-	-	-	-	-	-	nadhodnoť	nadhodnoťme	nadhodnoťte	-	nadhodnocen	-	-
nadhánět	-	-	-	-	-	-	nadháněj	nadhánějme	nadhánějte	-	nadháněn	nadháněje	nadhánějíc	-
nadjet	nadjedu	nadjedeš	nadjede	nadjedeme	nadjedete	nadjedou	nadjeď	nadjeďme	nadjeďte	-	nadjet	-	-	-
nadjíždět	-	-	-	-	-	-	nadjížděj	nadjíždějme	nadjíždějte	-	nadjížděn	nadjížděje	nadjíždějíc	-
nadklonit	-	-	-	-	-	-	nadkloň	nadkloňme	nadkloňte	-	nadkloněn	-	-	-
nadlehčit	-	-	-	-	-	-	nadlehči	nadlehčeme	nadlehčete	-	-	-	-	-
nadlepšit	-	-	-	-	-	-	nadlepši	nadlepšeme	nadlepšete	-	-	-	-	-
nadletět	-	-	-	-	-	nadletí	nadleť	nadleťme	nadleťte	-	-	-	-	-
nadmout	nadmu	nadmeš	nadme	nadmeme	nadmete	nadmou	nadmi	nadměme	nadměte	nadmul	nadmut	-	-	nadmula
nadnášet	-	-	-	-	-	nadnášejí	nadnášej	nadnášejme	nadnášejte	-	-	nadnášeje	nadnášejíc
nadnést	nadnesu	nadneseš	nadnese	nadneseme	nadnesete	nadnesou	nadnes	nadnesme	nadneste	nadnesl	nadnesen	-	-
nadohánět	-	-	-	-	-	-	nadoháněj	nadohánějme	nadohánějte	-	nadoháněn	nadoháněje	nadohánějíc	-
nadojit	-	-	-	-	-	-	-	-	-	-	-	nadoje	-	-
nadout	naduji	naduješ	naduje	nadujeme	nadujete	nadujou	naduj	nadujme	nadujte	nadul	nadut	-	-	nadula
nadovádět	-	-	-	-	-	-	nadováděj	nadovádějme	nadovádějte	-	nadováděn	nadováděje	nadovádějíc	-
nadplavat	nadplavu	nadplaveš	nadplave	nadplaveme	nadplavete	nadplavou	-	nadplavejmež	nadplavejtež	-	-	-	-	-
nadrandit	-	-	-	-	-	-	-	-	-	-	nadranděn	-	-	-
nadrat	naderu	nadereš	nadere	nadereme	naderete	naderou	nader	naderme	naderte	-	-	-	-	-
nadrmolit	-	-	-	-	-	-	-	-	-	-	-	nadrmole	-	-
nadrtit	-	-	-	-	-	-	nadrť	nadrťme	nadrťte	-	nadrcen	-	-	-
nadráždit	-	-	-	-	-	-	-	-	-	-	nadrážděn	-	-	-
nadržet	-	-	-	-	-	nadrží	nadrž	nadržme	nadržte	-	-	-	-	-
nadsadit	-	-	-	-	-	-	nadsaď	nadsaďme	nadsaďte	-	nadsazen	-	-
nadskočit	-	-	-	-	-	-	-	-	-	-	-	nadskoče	-	-
nadstavět	-	-	-	-	-	-	nadstav	nadstavme	nadstavte	-	nadstavěn	-	-	-
nadstřešit	-	-	-	-	-	-	-	-	-	-	-	nadstřeše	-	-
nadtrhnout	-	-	-	-	-	-	-	-	-	-	nadtržen	-	-	-
nadtéci	nadteču	nadtečeš	nadteče	nadtečeme	nadtečete	nadtečou	nadteč	nadtečme	nadtečte	nadtekl	nadtečen	-	-	nadtekla
naduřet	-	-	-	-	-	naduří	naduř	naduřme	naduřte	-	-	-	-	-
nadužít	nadužiji	nadužiješ	nadužije	nadužijeme	nadužijete	nadužijou	nadužij	nadužijme	nadužijte	nadužil	nadužit	-	-	nadužila
nadvýšit	-	-	-	-	-	-	nadvyš	nadvyšme	nadvyšte	-	-	-	-	-
nadychtit	-	-	-	-	-	-	nadychti	nadychtěme	nadychtěte	-	nadychtěn	-	-	-
nadát	nadám	nadáš	nadá	nadáme	nadáte	nadají	naděj	nadějme	nadějte	-	-	-	-	-
nadílet	-	-	-	-	-	nadílejí	nadílej	nadílejme	nadílejte	-	-	nadíleje	nadílejíc	-
nadít	nadiji	nadiješ	nadije	nadijeme	nadijete	nadijou	nadij	nadijme	nadijte	nadil	nadit	-	-	nadila
nadýmit	-	-	-	-	-	-	nadými	nadýměme	nadýměte	-	-	-	-	-
nadělit	-	-	-	-	-	-	-	-	-	-	-	naděle	-	-
nadřadit	-	-	-	-	-	-	nadřaď	nadřaďme	nadřaďte	-	nadřaděn	-	-	-
nadřídit	-	-	-	-	-	-	nadřiď	nadřiďme	nadřiďte	-	nadřízen	-	-	-
nadřít	nadřu	nadřeš	nadře	nadřeme	nadřete	nadřou	nadři	nadřeme	nadřete	nadřel	nadřen	-	-	nadřela
nafintit	-	-	-	-	-	-	nafinti	nafintěme	nafintěte	-	nafintěn	-	-	-
nafotit	-	-	-	-	-	-	nafoť	nafoťme	nafoťte	-	nafocen	-	-
nafrajeřit	-	-	-	-	-	-	-	-	-	-	-	nafrajeře	-	-
nafrnět	nafrňím	nafrňíš	nafrňí	nafrňíme	nafrňíte	nafrňí	nafrň	nafrňme	nafrňte	-	nafrněn	-	-	-
nafunkcionařit	-	-	-	-	-	-	-	-	-	-	-	nafunkcionaře	-	-
nafunět	nafuňím	nafuňíš	nafuňí	nafuňíme	nafuňíte	nafuňí	nafuň	nafuňme	nafuňte	-	nafuněn	-	-	-
nafučet	-	-	-	-	-	nafučí	nafuč	nafučme	nafučte	-	-	-	-	-
nahamonit	-	-	-	-	-	-	nahamoň	nahamoňme	nahamoňte	-	nahamoněn	-	-	-
nahamounit	-	-	-	-	-	-	nahamouni	nahamouněme	nahamouněte	-	nahamouněn	-	-	-
nahartusit	-	-	-	-	-	-	-	-	-	-	-	nahartuse	-	-
nahastrošit	-	-	-	-	-	-	-	-	-	-	-	nahastroše	-	-
nahihňat	-	-	-	-	-	-	nahihněj	nahihnějme	nahihnějte	-	-	-	-	-
nahlaholit	-	-	-	-	-	-	-	-	-	-	-	nahlahole	-	-
nahledět	-	-	-	-	-	nahledí	nahleď	nahleďme	nahleďte	-	nahleděn	-	-	-
nahloučit	-	-	-	-	-	-	nahlouči	nahloučeme	nahloučete	-	-	-	-	-
nahlásit	-	-	-	-	-	-	nahlas	nahlasme	nahlaste	-	nahlášen	-	-
nahlížet	-	-	-	-	-	nahlížejí	nahlížej	nahlížejme	nahlížejte	-	-	nahlížeje	nahlížejíc	-
nahmoždit	-	-	-	-	-	-	nahmoždi	nahmožděme	nahmožděte	-	nahmožděn	-	-	-
nahnat	naženu	naženeš	nažene	naženeme	naženete	naženou	nažeň	nažeňme	nažeňte	-	-	-	-
nahniličet	-	-	-	-	-	nahniličejí	nahniličej	nahniličejme	nahniličejte	-	-	nahniličeje	nahniličejíc	-
nahnout	-	-	-	-	-	-	-	-	-	nahnul	-	-	-	nahnula
nahnít	nahniji	nahniješ	nahnije	nahnijeme	nahnijete	nahnijou	nahnij	nahnijme	nahnijte	nahnil	nahnit	-	-	nahnila
nahodit	-	-	-	-	-	-	nahoď	nahoďme	nahoďte	-	nahozen	-	-
nahonit	-	-	-	-	-	-	nahoň	nahoňme	nahoňte	-	nahoněn	-	-	-
nahospodařit	-	-	-	-	-	-	-	-	-	-	-	nahospodaře	-	-
nahovořit	-	-	-	-	-	-	-	-	-	-	-	nahovoře	-	-
nahrabat	nahrabu	nahrabeš	nahrabe	nahrabeme	nahrabete	nahrabou	-	-	-	-	-	-	-	-
nahradit	-	-	-	-	-	-	nahraď	nahraďme	nahraďte	-	nahrazen	-	-
nahrnout	-	-	-	-	-	-	nahrň	nahrňme	nahrňte	nahrnul	-	-	-	nahrnula
nahromadit	-	-	-	-	-	-	nahromaď	nahromaďme	nahromaďte	-	nahromaděn	-	-
nahrát	nahraji	nahraješ	nahraje	nahrajeme	nahrajete	nahrajou	nahraj	nahrajme	nahrajte	-	nahrán	-	-
nahrčet	-	-	-	-	-	nahrčí	nahrč	nahrčme	nahrčte	-	-	-	-	-
nahulit	-	-	-	-	-	-	-	-	-	-	-	nahule	-	-
nahustit	-	-	-	-	-	-	nahusti	nahustěme	nahustěte	-	nahustěn	-	-	-
nahučet	-	-	-	-	-	nahučí	nahuč	nahučme	nahučte	-	-	nahuče	nahučíc	-
nahánět	-	-	-	-	-	-	naháněj	nahánějme	nahánějte	-	naháněn	naháněje	nahánějíc	-
naházet	-	-	-	-	-	naházejí	naházej	naházejme	naházejte	-	-	naházeje	naházejíc	-
naháňat	-	-	-	-	-	-	naháněj	nahánějme	nahánějte	-	-	-	-	-
nahřát	nahřeji	nahřeješ	nahřeje	nahřejeme	nahřejete	nahřejou	nahřej	nahřejme	nahřejte	-	nahřát	-	-	-
najednotit	-	-	-	-	-	-	najednoť	najednoťme	najednoťte	-	najednocen	-	-	-
najet	najedu	najedeš	najede	najedeme	najedete	najedou	najeď	najeďme	najeďte	-	najet	-	-	-
najezdit	-	-	-	-	-	-	najezdi	najezděme	najezděte	-	najezděn	-	-	-
naježit	-	-	-	-	-	-	-	-	-	-	-	naježe	-	-
najmout	najmu	najmeš	najme	najmeme	najmete	najmou	najmi	najměme	najměte	najal	najat	-	-
najíst	najím	najíš	nají	najíme	najíte	najedí	najez	najezme	najezte	najedl	najeden	-	-	najedla
najít	najdu	najdeš	najde	najdeme	najdete	najdou	najdi	najděme	najděte	našel	-	-	-	našla
najíždět	-	-	-	-	-	-	najížděj	najíždějme	najíždějte	-	najížděn	najížděje	najíždějíc	-
nakabonit	-	-	-	-	-	-	nakaboň	nakaboňme	nakaboňte	-	nakaboněn	-	-	-
nakadeřit	-	-	-	-	-	-	-	-	-	-	-	nakadeře	-	-
nakadit	-	-	-	-	-	-	nakaď	nakaďme	nakaďte	-	nakaděn	-	-	-
nakazit	-	-	-	-	-	-	-	-	-	-	nakažen	-	-
nakašlat	nakašlu	nakašleš	nakašle	nakašleme	nakašlete	nakašlou	-	-	-	-	-	-	-	-
nakeťasit	-	-	-	-	-	-	-	-	-	-	-	nakeťase	-	-
naklevetit	-	-	-	-	-	-	nakleveť	nakleveťme	nakleveťte	-	naklevetěn	-	-	-
naklidit	-	-	-	-	-	-	nakliď	nakliďme	nakliďte	-	nakliděn	-	-	-
naklohnit	-	-	-	-	-	-	naklohni	naklohněme	naklohněte	-	-	-	-	-
naklonit	-	-	-	-	-	-	nakloň	nakloňme	nakloňte	-	nakloněn	-	-
naklopotit	-	-	-	-	-	-	naklopoť	naklopoťme	naklopoťte	-	naklopocen	-	-	-
naklánět	-	-	-	-	-	-	nakláněj	naklánějme	naklánějte	-	nakláněn	nakláněje	naklánějíc	-
naklápět	-	-	-	-	-	-	naklápěj	naklápějme	naklápějte	-	naklápěn	naklápěje	naklápějíc	-
naklást	nakladu	nakladeš	naklade	naklademe	nakladete	nakladou	naklaď	naklaďme	naklaďte	nakladl	nakladen	-	-	nakladla
naklátit	-	-	-	-	-	-	naklať	naklaťme	naklaťte	-	naklácen	-	-	-
naklíčit	-	-	-	-	-	-	naklič	nakličme	nakličte	-	-	-	-	-
naklížit	-	-	-	-	-	-	nakliž	nakližme	nakližte	-	-	-	-	-
nakojit	-	-	-	-	-	-	-	-	-	-	-	nakoje	-	-
nakolejit	-	-	-	-	-	-	-	-	-	-	-	nakoleje	-	-
nakosit	-	-	-	-	-	-	-	-	-	-	-	nakose	-	-
nakoulet	-	-	-	-	-	nakoulejí	nakoulej	nakoulejme	nakoulejte	-	-	nakouleje	nakoulejíc	-
nakoupit	-	-	-	-	-	-	nakup	nakupme	nakupte	-	-	-	-
nakouřit	-	-	-	-	-	-	nakuř	nakuřme	nakuřte	-	-	-	-	-
nakořistit	-	-	-	-	-	-	nakořisti	nakořistěme	nakořistěte	-	nakořistěn	-	-	-
nakrabatit	-	-	-	-	-	-	nakrabať	nakrabaťme	nakrabaťte	-	nakrabacen	-	-	-
nakramařit	-	-	-	-	-	-	-	-	-	-	-	nakramaře	-	-
nakreslit	-	-	-	-	-	-	nakresli	nakresleme	nakreslete	-	-	-	-
nakrojit	-	-	-	-	-	-	-	-	-	-	-	nakroje	-	-
nakroutit	-	-	-	-	-	-	nakruť	nakruťme	nakruťte	-	nakroucen	-	-	-
nakročit	-	-	-	-	-	-	-	-	-	-	-	nakroče	-	-
nakrájet	-	-	-	-	-	nakrájejí	nakrájej	nakrájejme	nakrájejte	-	-	nakrájeje	nakrájejíc	-
nakrást	nakradu	nakradeš	nakrade	nakrademe	nakradete	nakradou	nakraď	nakraďme	nakraďte	nakradl	nakraden	-	-	nakradla
nakrátit	-	-	-	-	-	-	nakrať	nakraťme	nakraťte	-	nakrácen	-	-	-
nakráčet	-	-	-	-	-	nakráčejí	nakráčej	nakráčejme	nakráčejte	-	-	nakráčeje	nakráčejíc	-
nakrýt	nakryji	nakryješ	nakryje	nakryjeme	nakryjete	nakryjou	nakryj	nakryjme	nakryjte	nakryl	nakryt	-	-	nakryla
nakrčit	-	-	-	-	-	-	-	-	-	-	-	nakrče	-	-
nakuchtit	-	-	-	-	-	-	nakuchti	nakuchtěme	nakuchtěte	-	nakuchtěn	-	-	-
nakvasit	-	-	-	-	-	-	-	-	-	-	nakvašen	-	-	-
nakvést	nakvetu	nakveteš	nakvete	nakveteme	nakvetete	nakvetou	nakveť	nakveťme	nakveťte	nakvetl	-	-	-	nakvetla
nakynout	-	-	-	-	-	-	nakyň	nakyňme	nakyňte	-	-	-	-	-
nakypět	-	-	-	-	-	-	nakypěj	nakypějme	nakypějte	-	nakypěn	nakypěje	nakypějíc	-
nakypřit	-	-	-	-	-	-	nakypři	nakypřeme	nakypřete	-	-	-	-	-
nakácet	-	-	-	-	-	nakácejí	nakácej	nakácejme	nakácejte	-	-	nakáceje	nakácejíc	-
nakálet	-	-	-	-	-	nakálejí	nakálej	nakálejme	nakálejte	-	-	nakáleje	nakálejíc	-
nakázat	nakáži	nakážeš	nakáže	nakážeme	nakážete	nakážou	nakaž	nakažme	nakažte	-	-	-	-	-
nakřenit	-	-	-	-	-	-	nakřeň	nakřeňme	nakřeňte	-	nakřeněn	-	-	-
nakřičet	-	-	-	-	-	nakřičí	nakřič	nakřičme	nakřičte	-	-	-	-	-
nakřížit	-	-	-	-	-	-	nakřiž	nakřižme	nakřižte	-	-	-	-	-
naladit	-	-	-	-	-	-	nalaď	nalaďme	nalaďte	-	nalazen	-	-
nalakotit	-	-	-	-	-	-	nalakoť	nalakoťme	nalakoťte	-	nalakocen	-	-	-
nalanařit	-	-	-	-	-	-	-	-	-	-	-	nalanaře	-	-
nalenošit	-	-	-	-	-	-	-	-	-	-	-	nalenoše	-	-
nalesnit	-	-	-	-	-	-	nalesni	nalesněme	nalesněte	-	nalesněn	-	-	-
naletnit	-	-	-	-	-	-	naletni	naletněme	naletněte	-	naletněn	-	-	-
naletět	-	-	-	-	-	naletí	naleť	naleťme	naleťte	-	naletěn	-	-	-
naleštit	-	-	-	-	-	-	nalešti	naleštěme	naleštěte	-	naleštěn	-	-	-
naležet	-	-	-	-	-	naleží	nalež	naležme	naležte	-	-	-	-	-
nalhat	nalžu	nalžeš	nalže	nalžeme	nalžete	nalžou	nalži	nalžeme	nalžete	-	-	-	-	-
nalichvařit	-	-	-	-	-	-	-	-	-	-	-	nalichvaře	-	-
nalodit	-	-	-	-	-	-	naloď	naloďme	naloďte	-	naloděn	-	-
nalopotit	-	-	-	-	-	-	nalopoť	nalopoťme	nalopoťte	-	nalopocen	-	-	-
naloupit	-	-	-	-	-	-	nalup	nalupme	nalupte	-	-	-	-	-
nalozit	-	-	-	-	-	-	-	-	-	-	-	naloze	-	-
naložit	-	-	-	-	-	-	-	-	-	-	-	nalože	-	-
nalámat	nalámu	nalámeš	naláme	nalámeme	nalámete	nalámou	-	-	-	-	-	-	-	-
nalézt	nalezu	nalezeš	naleze	nalezeme	nalezete	nalezou	nalez	nalezme	nalezte	nalezl	nalezen	-	-
nalít	naleji	naleješ	naleje	nalejeme	nalejete	nalejou	nalej	nalejme	nalejte	nalil	nalit	-	-	nalila
nalíčit	-	-	-	-	-	-	nalič	naličme	naličte	-	-	-	-	-
namamonit	-	-	-	-	-	-	namamoň	namamoňme	namamoňte	-	namamoněn	-	-	-
namanout	-	-	-	-	-	-	namaň	namaňme	namaňte	-	-	-	-
namarodit	-	-	-	-	-	-	namaroď	namaroďme	namaroďte	-	namaroděn	-	-	-
namastit	-	-	-	-	-	-	namasti	namastěme	namastěte	-	namaštěn	-	-	-
namladit	-	-	-	-	-	-	namlaď	namlaďme	namlaďte	-	namlazen	-	-	-
namlátit	-	-	-	-	-	-	namlať	namlaťme	namlaťte	-	namlácen	-	-	-
namlít	namelu	nameleš	namele	nameleme	namelete	namelou	namel	namelme	namelte	namlel	namlet	-	-	namlela
namnožit	-	-	-	-	-	-	-	-	-	-	-	namnože	-	-
namoci	namohu	namůžeš	namůže	namůžeme	namůžete	namohou	namoz	namozme	namozte	namohl	namožen	-	-	namohla
namodřit	-	-	-	-	-	-	namodři	namodřeme	namodřete	-	-	-	-	-
namokřit	-	-	-	-	-	-	namokři	namokřeme	namokřete	-	-	-	-	-
namočit	-	-	-	-	-	-	-	-	-	-	-	namoče	-	-
namořit	-	-	-	-	-	-	-	-	-	-	-	namoře	-	-
namrazit	-	-	-	-	-	-	-	-	-	-	-	namraze	-	-
namračit	-	-	-	-	-	-	-	-	-	-	-	namrače	-	-
namučit	-	-	-	-	-	-	-	-	-	-	-	namuče	-	-
namydlit	-	-	-	-	-	-	namydli	namydleme	namydlete	-	-	-	-
namyslit	-	-	-	-	-	-	namysli	namysleme	namyslete	-	namyšlen	-	-	-
namáčet	-	-	-	-	-	namáčejí	namáčej	namáčejme	namáčejte	-	-	namáčeje	namáčejíc	-
namést	nametu	nameteš	namete	nameteme	nametete	nametou	nameť	nameťme	nameťte	nametl	nameten	-	-	nametla
namísit	-	-	-	-	-	-	namis	namisme	namiste	-	-	-	-	-
namířit	-	-	-	-	-	-	namiř	namiřme	namiřte	-	-	-	-	-
namýt	namyji	namyješ	namyje	namejeme	namyjete	namyjou	namyj	namyjme	namyjte	-	-	-	-	-
naměřit	-	-	-	-	-	-	-	-	-	-	-	naměře	-	-
nanosit	-	-	-	-	-	-	-	-	-	-	nanošen	-	-	-
nanutit	-	-	-	-	-	-	nanuť	nanuťme	nanuťte	-	nanucen	-	-	-
nanášet	-	-	-	-	-	nanášejí	nanášej	nanášejme	nanášejte	-	-	nanášeje	nanášejíc
nanést	nanesu	naneseš	nanese	naneseme	nanesete	nanesou	nanes	nanesme	naneste	nanesl	nanesen	-	-
naobtáčet	-	-	-	-	-	naobtáčejí	naobtáčej	naobtáčejme	naobtáčejte	-	-	naobtáčeje	naobtáčejíc	-
naodklízet	-	-	-	-	-	naodklízejí	naodklízej	naodklízejme	naodklízejte	-	-	naodklízeje	naodklízejíc	-
naostřit	-	-	-	-	-	-	naostři	naostřeme	naostřete	-	-	-	-	-
naotáčet	-	-	-	-	-	naotáčejí	naotáčej	naotáčejme	naotáčejte	-	-	naotáčeje	naotáčejíc	-
napachtit	-	-	-	-	-	-	napachti	napachtěme	napachtěte	-	napachtěn	-	-	-
naparádit	-	-	-	-	-	-	naparádi	naparáděme	naparáděte	-	naparáděn	-	-	-
napařit	-	-	-	-	-	-	-	-	-	-	-	napaře	-	-
naplahočit	-	-	-	-	-	-	-	-	-	-	-	naplahoče	-	-
naplakat	napláči	napláčeš	napláče	napláčeme	napláčete	-	-	-	-	-	-	-	-	-
naplatit	-	-	-	-	-	-	naplať	naplaťme	naplaťte	-	naplacen	-	-	-
naplavat	naplavu	naplaveš	naplave	naplaveme	naplavete	naplavou	-	-	-	-	-	-	-	-
naplašit	-	-	-	-	-	-	-	-	-	-	-	naplaše	-	-
naplnit	-	-	-	-	-	-	naplň	naplňme	naplňte	-	naplněn	-	-
naplout	napluju	napluješ	napluje	naplujeme	naplujete	naplujou	napluj	naplujme	naplujte	naplul	naplut	-	-	naplula
naplést	napletu	napleteš	naplete	napleteme	napletete	napletou	napleť	napleťme	napleťte	napletl	napleten	-	-
naplít	napleji	napleješ	napleje	naplejeme	naplejete	naplejou	naplej	naplejme	naplejte	naplel	naplet	-	-	naplela
napnout	-	-	-	-	-	-	-	-	-	napjal	-	-	-
napodplácet	-	-	-	-	-	napodplácejí	napodplácej	napodplácejme	napodplácejte	-	-	napodpláceje	napodplácejíc	-
napodvracet	-	-	-	-	-	napodvracejí	napodvracej	napodvracejme	napodvracejte	-	-	napodvraceje	napodvracejíc	-
napodvádět	-	-	-	-	-	-	napodváděj	napodvádějme	napodvádějte	-	napodváděn	napodváděje	napodvádějíc	-
napojit	-	-	-	-	-	-	-	-	-	-	-	napoje	-	-
napomenout	-	-	-	-	-	-	napomeň	napomeňme	napomeňte	-	-	-	-
napomoci	napomohu	napomůžeš	napomůže	napomůžeme	napomůžete	napomohou	napomoz	napomozme	napomozte	napomohl	napomožen	-	-	napomohla
napopohánět	-	-	-	-	-	-	napopoháněj	napopohánějme	napopohánějte	-	napopoháněn	napopoháněje	napopohánějíc	-
naporoučet	-	-	-	-	-	naporoučejí	naporoučej	naporoučejme	naporoučejte	-	-	naporoučeje	naporoučejíc	-
napotit	-	-	-	-	-	-	napoť	napoťme	napoťte	-	napocen	-	-	-
napotápět	-	-	-	-	-	-	napotápěj	napotápějme	napotápějte	-	napotápěn	napotápěje	napotápějíc	-
napouštět	-	-	-	-	-	-	napouštěj	napouštějme	napouštějte	-	napouštěn	napouštěje	napouštějíc	-
napovědět	napovím	napovíš	napoví	napovíme	napovíte	napovědí	napověz	napovězme	napovězte	-	napověděn	-	-
napočíst	napočtu	napočteš	napočte	napočteme	napočtete	napočtou	napočti	napočtěme	napočtěte	napočetl	napočten	-	-	napočetla
naprat	naperu	napereš	napere	napereme	naperete	naperou	naper	naperme	naperte	-	-	-	-	-
napražit	-	-	-	-	-	-	-	-	-	-	-	napraže	-	-
naprocházet	-	-	-	-	-	naprocházejí	naprocházej	naprocházejme	naprocházejte	-	-	naprocházeje	naprocházejíc	-
naprohlížet	-	-	-	-	-	naprohlížejí	naprohlížej	naprohlížejme	naprohlížejte	-	-	naprohlížeje	naprohlížejíc	-
naprosit	-	-	-	-	-	-	-	-	-	-	naprošen	-	-	-
naproudit	-	-	-	-	-	-	-	-	-	-	naprouděn	-	-	-
naprovádět	-	-	-	-	-	-	naprováděj	naprovádějme	naprovádějte	-	naprováděn	naprováděje	naprovádějíc	-
napružit	-	-	-	-	-	-	-	-	-	-	-	napruže	-	-
naprášit	-	-	-	-	-	-	napraš	naprašme	naprašte	-	-	-	-	-
napršet	-	-	-	-	-	naprší	naprš	napršme	napršte	-	-	-	-	-
napsat	napíši	napíšeš	napíše	napíšeme	napíšete	napíšou	napiš	napišme	napište	-	-	-	-
napustit	-	-	-	-	-	-	napusť	napusťme	napusťte	-	napuštěn	-	-	-
napučet	-	-	-	-	-	napučí	napuč	napučme	napučte	-	-	-	-	-
napájet	-	-	-	-	-	napájejí	napájej	napájejme	napájejte	-	-	napájeje	napájejíc
napálit	-	-	-	-	-	-	napal	napalme	napalte	-	-	-	-
napást	napasu	napaseš	napase	napaseme	napasete	napasou	napas	napasme	napaste	-	napasen	-	-	-
napéci	napeču	napečeš	napeče	napečeme	napečete	napečou	napeč	napečme	napečte	napekl	napečen	-	-	napekla
napít	napiji	napiješ	napije	napijeme	napijete	napijou	napij	napijme	napijte	napil	napit	-	-
napěnit	-	-	-	-	-	-	napěň	napěňme	napěňte	-	napěněn	-	-	-
napředjíždět	-	-	-	-	-	-	napředjížděj	napředjíždějme	napředjíždějte	-	napředjížděn	napředjížděje	napředjíždějíc	-
napřednášet	-	-	-	-	-	napřednášejí	napřednášej	napřednášejme	napřednášejte	-	-	napřednášeje	napřednášejíc	-
napředplácet	-	-	-	-	-	napředplácejí	napředplácej	napředplácejme	napředplácejte	-	-	napředpláceje	napředplácejíc	-
napředvádět	-	-	-	-	-	-	napředváděj	napředvádějme	napředvádějte	-	napředváděn	napředváděje	napředvádějíc	-
napřemýšlet	-	-	-	-	-	napřemýšlejí	napřemýšlej	napřemýšlejme	napřemýšlejte	-	-	napřemýšleje	napřemýšlejíc	-
napřímit	-	-	-	-	-	-	napřim	napřimme	napřimte	-	-	-	-	-
napříst	napřadu	napřadeš	napřade	napřademe	napřadete	napřadou	napřaď	napřaďme	napřaďte	napřadl	napřaden	-	-	napřadla
napřít	napřu	napřeš	napře	napřeme	napřete	napřou	napři	napřeme	napřete	napřel	napřen	-	-	napřela
narafičit	-	-	-	-	-	-	-	-	-	-	-	narafiče	-	-
narandit	-	-	-	-	-	-	narandi	naranděme	naranděte	-	naranděn	-	-	-
narazit	-	-	-	-	-	-	-	-	-	-	naražen	-	-
narašit	-	-	-	-	-	-	-	-	-	-	-	naraše	-	-
narochnit	-	-	-	-	-	-	narochni	narochněme	narochněte	-	narochněn	-	-	-
narodit	-	-	-	-	-	-	naroď	naroďme	naroďte	-	narozen	-	-
narojit	-	-	-	-	-	-	-	-	-	-	-	naroje	-	-
narozsvěcet	-	-	-	-	-	narozsvěcejí	narozsvěcej	narozsvěcejme	narozsvěcejte	-	-	narozsvěceje	narozsvěcejíc	-
narušit	-	-	-	-	-	-	-	-	-	-	-	naruše	-	-
narvat	narvu	narveš	narve	narveme	narvete	narvou	narvi	narvěme	narvěte	-	-	-	-
narychlit	-	-	-	-	-	-	narychli	narychleme	narychlete	-	-	-	-	-
narážet	-	-	-	-	-	narážejí	narážej	narážejme	narážejte	-	-	narážeje	narážejíc
narýt	naryji	naryješ	naryje	naryjeme	naryjete	naryjou	naryj	naryjme	naryjte	naryl	naryt	-	-	naryla
narůst	narostu	narosteš	naroste	narosteme	narostete	narostou	narosť	narosťme	narosťte	narostl	-	-	-	narostla
narůžovět	-	-	-	-	-	-	narůžověj	narůžovějme	narůžovějte	-	narůžověn	narůžověje	narůžovějíc	-
nasadit	-	-	-	-	-	-	nasaď	nasaďme	nasaďte	-	nasazen	-	-
naschránit	-	-	-	-	-	-	-	-	-	-	naschráněn	-	-	-
nasdílet	-	-	-	-	-	nasdílejí	nasdílej	nasdílejme	nasdílejte	-	-	nasdíleje	nasdílejíc	-
nasedět	-	-	-	-	-	nasedí	naseď	naseďme	naseďte	-	naseděn	-	-	-
nashromáždit	-	-	-	-	-	-	nashromažď	nashromažďme	nashromažďte	-	nashromážděn	-	-	-
nashánět	-	-	-	-	-	-	nasháněj	nashánějme	nashánějte	-	nasháněn	nasháněje	nashánějíc	-
naskladnit	-	-	-	-	-	-	-	-	-	-	naskladněn	-	-	-
naskotačit	-	-	-	-	-	-	-	-	-	-	-	naskotače	-	-
naskočit	-	-	-	-	-	-	-	-	-	-	-	naskoče	-	-
naskrblit	-	-	-	-	-	-	naskrbli	naskrbleme	naskrblete	-	-	-	-	-
naslinit	-	-	-	-	-	-	nasliň	nasliňme	nasliňte	-	nasliněn	-	-	-
nasloužit	-	-	-	-	-	-	nasluž	naslužme	naslužte	-	-	-	-	-
nasmažit	-	-	-	-	-	-	-	-	-	-	-	nasmaže	-	-
nasmolit	-	-	-	-	-	-	-	-	-	-	-	nasmole	-	-
nasmradit	-	-	-	-	-	-	nasmraď	nasmraďme	nasmraďte	-	nasmraděn	-	-	-
nasmát	nasměji	nasměješ	nasměje	nasmějeme	nasmějete	nasmějou	nasměj	nasmějme	nasmějte	-	-	-	-	-
nasněžit	-	-	-	-	-	-	-	-	-	-	-	nasněže	-	-
nasolit	-	-	-	-	-	-	-	-	-	-	-	nasole	-	-
nasoudit	-	-	-	-	-	-	nasuď	nasuďme	nasuďte	-	nasouzen	-	-	-
nasoužit	-	-	-	-	-	-	nasouži	nasoužeme	nasoužete	-	-	-	-	-
naspat	naspím	naspíš	naspí	naspíme	naspíte	naspí	naspi	naspěme	naspěte	-	-	-	-	-
naspořit	-	-	-	-	-	-	-	-	-	-	-	naspoře	-	-
naspájet	-	-	-	-	-	naspájejí	naspájej	naspájejme	naspájejte	-	-	naspájeje	naspájejíc	-
nasrat	naseru	nasereš	nasere	nasereme	naserete	naserou	naser	naserme	naserte	-	-	-	-
nastat	nastanu	nastaneš	nastane	nastaneme	nastanete	nastanou	nastaň	nastaňme	nastaňte	-	-	-	-	-
nastavět	-	-	-	-	-	-	nastav	nastavme	nastavte	-	nastavěn	-	-	-
nastlat	nastelu	nasteleš	nastele	nasteleme	nastelete	nastelou	nastel	nastelme	nastelte	-	-	-	-
nastolit	-	-	-	-	-	-	-	-	-	-	-	nastole	-	-
nastoupit	-	-	-	-	-	-	nastup	nastupme	nastupte	-	-	-	-
nastrašit	-	-	-	-	-	-	-	-	-	-	-	nastraše	-	-
nastražit	-	-	-	-	-	-	-	-	-	-	-	nastraže	-	-
nastrojit	-	-	-	-	-	-	-	-	-	-	-	nastroje	-	-
nastrčit	-	-	-	-	-	-	-	-	-	-	-	nastrče	-	-
nastudit	-	-	-	-	-	-	nastuď	nastuďme	nastuďte	-	nastuzen	-	-	-
nastát	nastojím	nastojíš	nastojí	nastojíme	nastojíte	nastojí	nastůj	nastůjme	nastůjte	-	nastán	-	-	-
nastínit	-	-	-	-	-	-	nastiň	nastiňme	nastiňte	-	nastíněn	-	-
nastřelit	-	-	-	-	-	-	-	-	-	-	-	nastřele	-	-
nastříbřit	-	-	-	-	-	-	nastříbři	nastříbřeme	nastříbřete	-	-	-	-	-
nastřílet	-	-	-	-	-	nastřílejí	nastřílej	nastřílejme	nastřílejte	-	-	nastříleje	nastřílejíc	-
nasunout	-	-	-	-	-	-	nasuň	nasuňme	nasuňte	-	-	-	-
nasušit	-	-	-	-	-	-	-	-	-	-	-	nasuše	-	-
nasvačit	-	-	-	-	-	-	-	-	-	-	-	nasvače	-	-
nasvinit	-	-	-	-	-	-	-	-	-	-	nasviněn	-	-	-
nasvítit	-	-	-	-	-	-	nasviť	nasviťme	nasviťte	-	nasvícen	-	-	-
nasvědčit	-	-	-	-	-	-	-	-	-	-	-	nasvědče	-	-
nasvětlit	-	-	-	-	-	-	nasvětli	nasvětleme	nasvětlete	-	-	-	-	-
nasytit	-	-	-	-	-	-	nasyť	nasyťme	nasyťte	-	nasycen	-	-	-
nasát	nasaji	nasaješ	nasaje	nasajeme	nasajete	nasajou	nasaj	nasajme	nasajte	-	nasán	-	-	-
nasázet	-	-	-	-	-	nasázejí	nasázej	nasázejme	nasázejte	-	-	nasázeje	nasázejíc	-
nasíci	naseku	nasečeš	naseče	nasečeme	nasečete	nasečou	nasec	nasecme	nasecte	nasekl	nasečen	-	-	nasekla
nasít	naseji	naseješ	naseje	nasejeme	nasejete	nasejou	nasej	nasejme	nasejte	nasel	naset	-	-	nasela
natlačit	-	-	-	-	-	-	-	-	-	-	-	natlače	-	-
natlouci	natluču	natlučeš	natluče	natlučeme	natlučete	natlučou	natluč	natlučme	natlučte	natloukl	natlučen	-	-	natloukla
natnout	-	-	-	-	-	-	-	-	-	natnul	-	-	-	natnula
natoužit	-	-	-	-	-	-	natouži	natoužeme	natoužete	-	-	-	-	-
natočit	-	-	-	-	-	-	-	-	-	-	-	natoče	-	-
natrmácet	-	-	-	-	-	natrmácejí	natrmácej	natrmácejme	natrmácejte	-	-	natrmáceje	natrmácejíc	-
natroubit	-	-	-	-	-	-	natrub	natrubme	natrubte	-	-	-	-	-
natrousit	-	-	-	-	-	-	-	-	-	-	natroušen	-	-	-
natroškařit	-	-	-	-	-	-	-	-	-	-	-	natroškaře	-	-
natrápit	-	-	-	-	-	-	natrap	natrapme	natrapte	-	-	-	-	-
natrávit	-	-	-	-	-	-	natrav	natravme	natravte	-	-	-	-	-
natužit	-	-	-	-	-	-	-	-	-	-	-	natuže	-	-
natvořit	-	-	-	-	-	-	-	-	-	-	-	natvoře	-	-
natyčit	-	-	-	-	-	-	-	-	-	-	-	natyče	-	-
natát	nataji	nataješ	nataje	natajeme	natajete	natajou	nataj	natajme	natajte	-	-	-	-	-
natáčet	-	-	-	-	-	natáčejí	natáčej	natáčejme	natáčejte	-	-	natáčeje	natáčejíc
natéci	nateču	natečeš	nateče	natečeme	natečete	natečou	nateč	natečme	natečte	natekl	natečen	-	-	natekla
natěšit	-	-	-	-	-	-	-	-	-	-	-	natěše	-	-
natěžit	-	-	-	-	-	-	-	-	-	-	-	natěže	-	-
natřásnit	-	-	-	-	-	-	natřásni	natřásněme	natřásněte	-	natřásněn	-	-	-
natřást	natřesu	natřeseš	natřese	natřeseme	natřesete	natřesou	natřes	natřesme	natřeste	-	natřesen	-	-
natřít	natřu	natřeš	natře	natřeme	natřete	natřou	natři	natřeme	natřete	natřel	natřen	-	-
naudílet	-	-	-	-	-	naudílejí	naudílej	naudílejme	naudílejte	-	-	naudíleje	naudílejíc	-
nauklízet	-	-	-	-	-	nauklízejí	nauklízej	nauklízejme	nauklízejte	-	-	nauklízeje	nauklízejíc	-
nausnášet	-	-	-	-	-	nausnášejí	nausnášej	nausnášejme	nausnášejte	-	-	nausnášeje	nausnášejíc	-
nauzdit	-	-	-	-	-	-	-	-	-	-	nauzděn	-	-	-
naučit	-	-	-	-	-	-	-	-	-	-	-	nauče	-	-
navalit	-	-	-	-	-	-	-	-	-	-	-	navale	-	-
navařit	-	-	-	-	-	-	-	-	-	-	-	navaře	-	-
navečeřet	-	-	-	-	-	navečeří	navečeř	navečeřme	navečeřte	-	-	-	-	-
navházet	-	-	-	-	-	navházejí	navházej	navházejme	navházejte	-	-	navházeje	navházejíc	-
navinout	-	-	-	-	-	-	naviň	naviňme	naviňte	-	-	-	-	-
navlažit	-	-	-	-	-	-	-	-	-	-	-	navlaže	-	-
navlhčit	-	-	-	-	-	-	navlhči	navlhčeme	navlhčete	-	-	-	-
navlnit	-	-	-	-	-	-	navlň	navlňme	navlňte	-	navlněn	-	-	-
navléci	navleku	navlečeš	navleče	navlečeme	navlečete	navlekou	navlec	navlecme	navlecte	navlekl	navlečen	-	-	navlekla
navnadit	-	-	-	-	-	-	navnaď	navnaďme	navnaďte	-	navnaděn	-	-	-
navodit	-	-	-	-	-	-	navoď	navoďme	navoďte	-	navozen	-	-
navolit	-	-	-	-	-	-	-	-	-	-	-	navole	-	-
navonět	-	-	-	-	-	navoní	navoň	navoňme	navoňte	-	navoněn	-	-	-
navotáčet	-	-	-	-	-	navotáčejí	navotáčej	navotáčejme	navotáčejte	-	-	navotáčeje	navotáčejíc	-
navozit	-	-	-	-	-	-	-	-	-	-	navožen	-	-	-
navplácet	-	-	-	-	-	navplácejí	navplácej	navplácejme	navplácejte	-	-	navpláceje	navplácejíc	-
navracet	-	-	-	-	-	navracejí	navracej	navracejme	navracejte	-	-	navraceje	navracejíc	-
navrstvit	-	-	-	-	-	-	navrstvi	navrstvěme	navrstvěte	-	-	-	-
navrtět	-	-	-	-	-	navrtí	navrť	navrťme	navrťte	-	navrtěn	-	-	-
navrátit	-	-	-	-	-	-	navrať	navraťme	navraťte	-	navrácen	-	-
navrčet	-	-	-	-	-	navrčí	navrč	navrčme	navrčte	-	-	-	-	-
navršit	-	-	-	-	-	-	-	-	-	-	-	navrše	-	-
navymejšlet	-	-	-	-	-	navymejšlejí	navymejšlej	navymejšlejme	navymejšlejte	-	-	navymejšleje	navymejšlejíc	-
navymýšlet	-	-	-	-	-	navymýšlejí	navymýšlej	navymýšlejme	navymýšlejte	-	-	navymýšleje	navymýšlejíc	-
navyprávět	-	-	-	-	-	-	navyprávěj	navyprávějme	navyprávějte	-	navyprávěn	navyprávěje	navyprávějíc	-
navyrábět	-	-	-	-	-	-	navyráběj	navyrábějme	navyrábějte	-	navyráběn	navyráběje	navyrábějíc	-
navyvádět	-	-	-	-	-	-	navyváděj	navyvádějme	navyvádějte	-	navyváděn	navyváděje	navyvádějíc	-
navádět	-	-	-	-	-	-	naváděj	navádějme	navádějte	-	naváděn	naváděje	navádějíc	-
naválet	-	-	-	-	-	naválejí	naválej	naválejme	naválejte	-	-	naváleje	naválejíc	-
naválčit	-	-	-	-	-	-	naválči	naválčeme	naválčete	-	-	-	-	-
navát	navěji	navěješ	navěje	navějeme	navějete	navějou	navěj	navějme	navějte	-	navát	-	-	-
navázat	-	-	-	-	-	-	navaž	navažme	navažte	-	-	-	-	-
navářet	-	-	-	-	-	navářejí	navářej	navářejme	navářejte	-	-	navářeje	navářejíc	-
navážet	-	-	-	-	-	navážejí	navážej	navážejme	navážejte	-	-	navážeje	navážejíc	-
navážit	-	-	-	-	-	-	navaž	navažme	navažte	-	-	-	-	-
navést	navedu	navedeš	navede	navedeme	navedete	navedou	naveď	naveďme	naveďte	navedl	naveden	-	-	navedla
navézt	navezu	navezeš	naveze	navezeme	navezete	navezou	navez	navezme	navezte	navezl	navezen	-	-
navíjet	-	-	-	-	-	navíjejí	navíjej	navíjejme	navíjejte	-	-	navíjeje	navíjejíc	-
navít	naviji	naviješ	navije	navijeme	navijete	navijou	navij	navijme	navijte	navil	navit	-	-	-
navýšit	-	-	-	-	-	-	navyš	navyšme	navyšte	-	-	-	-	-
navěsit	-	-	-	-	-	-	-	-	-	-	navěšen	-	-	-
navětřit	-	-	-	-	-	-	navětři	navětřeme	navětřete	-	-	-	-	-
navěšet	-	-	-	-	-	navěší	navěš	navěšme	navěšte	-	-	-	-	-
navřít	navřu	navřeš	navře	navřeme	navřete	navrou	navři	navřeme	navřete	navřel	navřen	-	-	navřela
navštívit	-	-	-	-	-	-	navštiv	navštivme	navštivte	-	-	-	-
nazdít	nazdím	nazdíš	nazdí	nazdíme	nazdíte	nazdí	nazdi	nazděme	nazděte	nazdil	nazděn	-	-	nazdila
nazelenit	-	-	-	-	-	-	nazeleň	nazeleňme	nazeleňte	-	nazeleněn	-	-	-
nazkoušet	-	-	-	-	-	nazkoušejí	nazkoušej	nazkoušejme	nazkoušejte	-	-	nazkoušeje	nazkoušejíc	-
nazlatit	-	-	-	-	-	-	nazlať	nazlaťme	nazlaťte	-	nazlacen	-	-	-
naznačit	-	-	-	-	-	-	-	-	-	-	-	naznače	-	-
nazout	nazuji	nazuješ	nazuje	nazujeme	nazujete	nazujou	nazuj	nazujme	nazujte	nazul	nazut	-	-	nazula
nazrát	nazraji	nazraješ	nazraje	nazrajeme	nazrajete	nazrajou	nazraj	nazrajme	nazrajte	-	-	-	-	-
nazurážet	-	-	-	-	-	nazurážejí	nazurážej	nazurážejme	nazurážejte	-	-	nazurážeje	nazurážejíc	-
nazvat	nazvu	nazveš	nazve	nazveme	nazvete	nazvou	nazvi	nazvěme	nazvěte	-	-	-	-
nazvonit	-	-	-	-	-	-	nazvoň	nazvoňme	nazvoňte	-	nazvoněn	-	-	-
nazvracet	-	-	-	-	-	nazvracejí	nazvracej	nazvracejme	nazvracejte	-	-	nazvraceje	nazvracejíc	-
nazvučit	-	-	-	-	-	-	-	-	-	-	-	nazvuče	-	-
nazávodit	-	-	-	-	-	-	nazávoď	nazávoďme	nazávoďte	-	nazávoděn	-	-	-
nazřít	nazřu	nazřeš	nazře	nazřeme	nazřete	nazřou	nazři	nazřeme	nazřete	nazřel	nazřen	-	-	nazřela
načadit	-	-	-	-	-	-	načaď	načaďme	načaďte	-	načaděn	-	-	-
načepýřit	-	-	-	-	-	-	načepýři	načepýřeme	načepýřete	-	-	-	-	-
načernit	-	-	-	-	-	-	načerni	načerněme	načerněte	-	načerněn	-	-	-
načervenit	-	-	-	-	-	-	načerveň	načerveňme	načerveňte	-	načerveněn	-	-	-
načeřit	-	-	-	-	-	-	-	-	-	-	-	načeře	-	-
načinit	-	-	-	-	-	-	načiň	načiňme	načiňte	-	načiněn	-	-	-
načmoudit	-	-	-	-	-	-	načmoudi	načmouděme	načmouděte	-	načmouděn	-	-	-
načmudit	-	-	-	-	-	-	načmuď	načmuďme	načmuďte	-	načmuděn	-	-	-
načoudit	-	-	-	-	-	-	načoudi	načouděme	načouděte	-	načouděn	-	-	-
načpět	-	-	-	-	-	načpí	načpi	načpěme	načpěte	-	načpěn	-	-	-
načudit	-	-	-	-	-	-	načuď	načuďme	načuďte	-	načuděn	-	-	-
načuřit	-	-	-	-	-	-	-	-	-	-	-	načuře	-	-
načíst	načtu	načteš	načte	načteme	načtete	načtou	načti	načtěme	načtěte	načetl	načten	-	-
načít	načnu	načneš	načne	načneme	načnete	načnou	načni	načněme	načněte	načal	načat	-	-	načala
naňahňat	-	-	-	-	-	-	naňahněj	naňahnějme	naňahnějte	-	-	-	-	-
nařasit	-	-	-	-	-	-	-	-	-	-	-	nařase	-	-
naředit	-	-	-	-	-	-	nařeď	nařeďme	nařeďte	-	naředěn	-	-	-
nařehnit	-	-	-	-	-	-	-	-	-	-	nařehněn	-	-	-
nařvat	nařvu	nařveš	nařve	nařveme	nařvete	nařvou	nařvi	nařvěme	nařvěte	-	-	-	-	-
nařásnit	-	-	-	-	-	-	nařásni	nařásněme	nařásněte	-	nařásněn	-	-	-
nařídit	-	-	-	-	-	-	nařiď	nařiďme	nařiďte	-	nařízen	-	-
našetřit	-	-	-	-	-	-	našetři	našetřeme	našetřete	-	-	-	-	-
našinout	-	-	-	-	-	-	našiň	našiňme	našiňte	-	-	-	-	-
naškodit	-	-	-	-	-	-	naškoď	naškoďme	naškoďte	-	naškozen	-	-	-
naškotit	-	-	-	-	-	-	naškoť	naškoťme	naškoťte	-	naškocen	-	-	-
naškrtit	-	-	-	-	-	-	naškrť	naškrťme	naškrťte	-	naškrcen	-	-	-
naškudlit	-	-	-	-	-	-	naškudli	naškudleme	naškudlete	-	-	-	-	-
naškvířit	-	-	-	-	-	-	-	-	-	-	-	naškvíře	-	-
našlechtit	-	-	-	-	-	-	našlechti	našlechtěme	našlechtěte	-	našlechtěn	-	-	-
našpendlit	-	-	-	-	-	-	našpendli	našpendleme	našpendlete	-	-	-	-	-
našpinit	-	-	-	-	-	-	našpiň	našpiňme	našpiňte	-	našpiněn	-	-	-
našpičatit	-	-	-	-	-	-	našpičať	našpičaťme	našpičaťte	-	našpičacen	-	-	-
našpulit	-	-	-	-	-	-	-	-	-	-	-	našpule	-	-
našrotit	-	-	-	-	-	-	našroť	našroťme	našroťte	-	našrocen	-	-	-
naštvat	naštvu	naštveš	naštve	naštveme	naštvete	naštvou	naštvi	naštvěme	naštvěte	-	-	-	-
naštětit	-	-	-	-	-	-	naštěť	naštěťme	naštěťte	-	naštětěn	-	-	-
našveholit	-	-	-	-	-	-	-	-	-	-	-	našvehole	-	-
našít	našiji	našiješ	našije	našijeme	našijete	našijou	našij	našijme	našijte	našil	našit	-	-	našila
našňořit	-	-	-	-	-	-	-	-	-	-	-	našňoře	-	-
nažehlit	-	-	-	-	-	-	nažehli	nažehleme	nažehlete	-	-	-	-	-
nažlutit	-	-	-	-	-	-	nažluť	nažluťme	nažluťte	-	nažlucen	-	-	-
nažnout	-	-	-	-	-	-	-	-	-	nažal	-	-	-	nažala
nažrat	nažeru	nažereš	nažere	nažereme	nažerete	nažerou	nažer	nažerme	nažerte	-	-	-	-	-
nažvanit	-	-	-	-	-	-	nažvaň	nažvaňme	nažvaňte	-	nažvaněn	-	-	-
nenávidět	-	-	-	-	-	-	nenáviď	nenáviďme	nenáviďte	-	nenáviděn	-	-
nepodsázet	-	-	-	-	-	nepodsázejí	nepodsázej	nepodsázejme	nepodsázejte	-	-	nepodsázeje	nepodsázejíc	-
nervoznět	-	-	-	-	-	nervozní	nervozni	nervozněme	nervozněte	-	-	-	-	-
nervóznět	-	-	-	-	-	nervózní	nervózni	nervózněme	nervózněte	-	-	-	-	-
nimrodit	-	-	-	-	-	-	nimroď	nimroďme	nimroďte	-	nimroděn	-	-	-
ničit	-	-	-	-	-	-	-	-	-	-	-	niče	-
nosit	-	-	-	-	-	-	-	-	-	-	nošen	nose	-
notit	-	-	-	-	-	-	noť	noťme	noťte	-	notěn	-	-	-
novinařit	-	-	-	-	-	-	-	-	-	-	-	novinaře	-	-
nořit	-	-	-	-	-	-	-	-	-	-	-	noře	-
nudit	-	-	-	-	-	-	nuď	nuďme	nuďte	-	nuděn	-	-
nutit	-	-	-	-	-	-	nuť	nuťme	nuťte	-	nucen	-	-
nádeničit	-	-	-	-	-	-	-	-	-	-	-	nádeniče	-	-
náležet	-	-	-	-	-	náležejí	-	-	-	-	-	náleže	náležejíc
násilnit	-	-	-	-	-	-	násilni	násilněme	násilněte	-	násilněn	-	-	-
nést	nesu	neseš	nese	neseme	nesete	nesou	nes	nesme	neste	nesl	nesen	nesa	nesouc
nítit	-	-	-	-	-	-	-	-	-	-	nícen	-	-
nížeuvést	nížeuvedu	nížeuvedeš	nížeuvede	nížeuvedeme	nížeuvedete	nížeuvedou	nížeuveď	nížeuveďme	nížeuveďte	nížeuvedl	nížeuveden	-	-	nížeuvedla
nížit	-	-	-	-	-	-	niž	nižme	nižte	-	-	níže	-	-
nýt	nyju	nyješ	nyje	nyjeme	nyjete	nyjou	nyj	nyjme	nyjte	nyl	nyt	nyje	nyjíc	-
obahnit	-	-	-	-	-	-	obahni	obahněme	obahněte	-	obahněn	-	-	-
obalamutit	-	-	-	-	-	-	obalamuť	obalamuťme	obalamuťte	-	obalamucen	-	-
obalit	-	-	-	-	-	-	-	-	-	-	-	obale	-	-
obarvit	-	-	-	-	-	-	obarvi	obarvěme	obarvěte	-	-	-	-	-
obchodničit	-	-	-	-	-	-	-	-	-	-	-	obchodniče	-	-
obchvátit	-	-	-	-	-	-	obchvať	obchvaťme	obchvaťte	-	obchvácen	-	-
obcházet	-	-	-	-	-	obcházejí	obcházej	obcházejme	obcházejte	-	-	obcházeje	obcházejíc
obdařit	-	-	-	-	-	-	-	-	-	-	-	obdaře	-	-
obdržet	-	-	-	-	-	obdrží	obdrž	obdržme	obdržte	-	-	obdrže	-	-
obechcat	obechčiji	obechčiješ	obechčije	obechčijeme	obechčijete	obechčijou	obechčij	obechčijme	obechčijte	-	-	-	-	-
obednit	-	-	-	-	-	-	obedni	obedněme	obedněte	-	obedněn	-	-	-
obehnat	obeženu	obeženeš	obežene	obeženeme	obeženete	obeženou	obežeň	obežeňme	obežeňte	-	-	-	-
obehrát	obehraji	obehraješ	obehraje	obehrajeme	obehrajete	obehrajou	obehraj	obehrajme	obehrajte	-	obehrán	-	-	-
obejmout	obejmu	obejmeš	obejme	obejmeme	obejmete	obejmou	obejmi	obejměme	obejměte	obejmul	obejmut	-	-
obejít	obejdu	obejdeš	obejde	obejdeme	obejdete	obejdou	obejdi	obejděme	obejděte	obešel	obejit	-	-	obešla
obelhat	-	-	-	-	-	-	obelži	obelžeme	obelžete	-	-	-	-	-
obelstít	obelstím	obelstíš	obelstí	obelstíme	obelstíte	obelstí	obelsti	obelstěme	obelstěte	obelstil	obelstěn	-	-	obelstila
obeplavat	obeplavu	obeplaveš	obeplave	obeplaveme	obeplavete	obeplavou	-	-	-	-	-	-	-	-
obeplout	obepluji	obepluješ	obepluje	obeplujeme	obeplujete	obeplujou	obepluj	obeplujme	obeplujte	obeplul	obeplut	-	-	obeplula
obepnout	-	-	-	-	-	-	-	-	-	obepjal	-	-	-	obepjala
obepsat	obepíši	obepíšeš	obepíše	obepíšeme	obepíšete	obepíšou	obepiš	obepišme	obepište	-	-	-	-	-
obepříst	obepřadu	obepřadeš	obepřade	obepřademe	obepřadete	obepřadou	obepřaď	obepřaďme	obepřaďte	obepřadl	obepřaden	-	-	obepřadla
obeslat	obešlu	obešleš	obešle	obešleme	obešlete	obešlou	obešli	obešleme	obešlete	-	-	-	-	-
obestavět	-	-	-	-	-	-	obestavěj	obestavějme	obestavějte	-	obestavěn	-	-
obestřít	obestřu	obestřeš	obestře	obestřeme	obestřete	obestřou	obestři	obestřeme	obestřete	obestřel	obestřen	-	-	obestřela
obezdít	obezdím	obezdíš	obezdí	obezdíme	obezdíte	obezdí	obezdi	obezděme	obezděte	obezdil	obezděn	-	-	obezdila
obeznámit	-	-	-	-	-	-	obeznam	obeznamme	obeznamte	-	-	-	-	-
obezřít	obezřím	obezříš	obezří	obezříme	obezříte	obezří	-	-	-	obezřel	obezřen	-	-	obezřela
obežnout	-	-	-	-	-	-	-	-	-	obežnul	-	-	-	obežnula
obhlížet	-	-	-	-	-	obhlížejí	obhlížej	obhlížejme	obhlížejte	-	-	obhlížeje	obhlížejíc	-
obhodit	-	-	-	-	-	-	obhoď	obhoďme	obhoďte	-	obhozen	-	-	-
obhospodařit	-	-	-	-	-	-	-	-	-	-	-	obhospodaře	-	-
obhořet	-	-	-	-	-	obhoří	obhoř	obhořme	obhořte	-	-	-	-	-
obhájit	-	-	-	-	-	-	obhaj	obhajme	obhajte	-	-	-	-
objasnit	-	-	-	-	-	-	objasni	objasněme	objasněte	-	objasněn	-	-
objet	objedu	objedeš	objede	objedeme	objedete	objedou	objeď	objeďme	objeďte	-	objet	-	-
objezdit	-	-	-	-	-	-	objezdi	objezděme	objezděte	-	objezděn	-	-	-
objíst	objím	objíš	objí	objíme	objíte	objedí	objez	objezme	objezte	objedl	objeden	-	-	objedla
objíždět	-	-	-	-	-	-	objížděj	objíždějme	objíždějte	-	objížděn	objížděje	objíždějíc	-
obklíčit	-	-	-	-	-	-	obklič	obkličme	obkličte	-	-	-	-
obkreslit	-	-	-	-	-	-	obkresli	obkresleme	obkreslete	-	-	-	-
obkroutit	-	-	-	-	-	-	obkruť	obkruťme	obkruťte	-	obkroucen	-	-	-
obkroužit	-	-	-	-	-	-	obkruž	obkružme	obkružte	-	-	-	-	-
obkročit	-	-	-	-	-	-	-	-	-	-	-	obkroče	-	-
oblažit	-	-	-	-	-	-	-	-	-	-	-	oblaže	-	-
oblbit	-	-	-	-	-	-	oblbi	oblbeme	oblbete	-	-	-	-	-
obletět	-	-	-	-	-	obletí	obleť	obleťme	obleťte	-	obletěn	-	-	-
obloudit	-	-	-	-	-	-	obloudi	oblouděme	oblouděte	-	oblouzen	-	-
oblouznit	-	-	-	-	-	-	-	-	-	-	oblouzněn	-	-	-
obložit	-	-	-	-	-	-	-	-	-	-	-	oblože	-	-
obludit	-	-	-	-	-	-	obludi	obluděme	obluděte	-	obluzen	-	-	-
obléci	obleku	oblečeš	obleče	oblečeme	oblečete	oblekou	oblec	oblecme	oblecte	oblekl	oblečen	-	-	oblekla
oblézt	oblezu	oblezeš	obleze	oblezeme	oblezete	oblezou	oblez	oblezme	oblezte	oblezl	oblezen	-	-	oblezla
oblíbit	-	-	-	-	-	-	oblib	oblibme	oblibte	-	-	-	-	-
oblít	obleji	obleješ	obleje	oblejeme	oblejete	oblejou	oblej	oblejme	oblejte	oblil	oblit	-	-	oblila
obmalovat	obmalovám	obmalováš	obmalová	obmalováme	obmalováte	obmalovají	obmalovej	obmalovejme	obmalovejte	-	obmalován	obmalovaje	obmalovajíc	-
obmyslit	-	-	-	-	-	-	obmysli	obmysleme	obmyslete	-	obmyšlen	-	-	-
obmýt	obmyji	obmyješ	obmyje	obmyjeme	obmyjete	obmyjou	obmyj	obmyjme	obmyjte	obmyl	obmyt	-	-	obmyla
obmýšlet	-	-	-	-	-	obmýšlejí	obmýšlej	obmýšlejme	obmýšlejte	-	-	obmýšleje	obmýšlejíc	-
obměkčit	-	-	-	-	-	-	obměkči	obměkčeme	obměkčete	-	-	-	-	-
obměnit	-	-	-	-	-	-	obměň	obměňme	obměňte	-	obměněn	-	-
obnažit	-	-	-	-	-	-	-	-	-	-	-	obnaže	-	-
obnosit	-	-	-	-	-	-	-	-	-	-	obnošen	-	-	-
obnášet	-	-	-	-	-	obnášejí	obnášej	obnášejme	obnášejte	-	-	obnášeje	obnášejíc
obohatit	-	-	-	-	-	-	obohať	obohaťme	obohaťte	-	obohacen	-	-
obolavět	-	-	-	-	-	-	obolavěj	obolavějme	obolavějte	-	obolavěn	obolavěje	obolavějíc	-
obout	obuji	obuješ	obuje	obujeme	obujete	obujou	obuj	obujme	obujte	obul	obut	-	-
obořit	-	-	-	-	-	-	-	-	-	-	-	oboře	-	-
obplést	obpletu	obpleteš	obplete	obpleteme	obpletete	obpletou	obpleť	obpleťme	obpleťte	obpletl	obpleten	-	-	obpletla
obracet	-	-	-	-	-	obracejí	obracej	obracejme	obracejte	-	-	obraceje	obracejíc
obrat	oberu	obereš	obere	obereme	oberete	oberou	ober	oberme	oberte	-	-	-	-
obrazit	-	-	-	-	-	-	-	-	-	-	obražen	-	-	-
obrašit	-	-	-	-	-	-	-	-	-	-	-	obraše	-	-
obrečet	-	-	-	-	-	obrečí	obreč	obrečme	obrečte	-	-	-	-	-
obrnit	-	-	-	-	-	-	obrň	obrňme	obrňte	-	obrněn	-	-	-
obrodit	-	-	-	-	-	-	obroď	obroďme	obroďte	-	obrozen	-	-	-
obroubit	-	-	-	-	-	-	obrub	obrubme	obrubte	-	-	-	-	-
obrousit	-	-	-	-	-	-	obrus	obrusme	obruste	-	obroušen	-	-	-
obrábět	-	-	-	-	-	-	obráběj	obrábějme	obrábějte	-	obráběn	obráběje	obrábějíc
obránit	-	-	-	-	-	-	obraň	obraňme	obraňte	-	obráněn	-	-	-
obrátit	-	-	-	-	-	-	obrať	obraťme	obraťte	-	obrácen	-	-
obrážet	-	-	-	-	-	obrážejí	obrážej	obrážejme	obrážejte	-	-	obrážeje	obrážejíc	-
obrýt	obryji	obryješ	obryje	obryjeme	obryjete	obryjou	obryj	obryjme	obryjte	obryl	obryt	-	-	obryla
obrůst	obrostu	obrosteš	obroste	obrosteme	obrostete	obrostou	obrosť	obrosťme	obrosťte	obrostl	-	-	-	obrostla
obsadit	-	-	-	-	-	-	obsaď	obsaďme	obsaďte	-	obsazen	-	-
obskočit	-	-	-	-	-	-	-	-	-	-	-	obskoče	-	-
obskákat	obskáči	obskáčeš	obskáče	obskáčeme	obskáčete	obskáčou	-	-	-	-	-	-	-	-
obsloužit	-	-	-	-	-	-	obsluž	obslužme	obslužte	-	-	-	-	-
obstavět	-	-	-	-	-	-	obstav	obstavme	obstavte	-	obstavěn	-	-	-
obstoupit	-	-	-	-	-	-	obstup	obstupme	obstupte	-	-	-	-	-
obstát	obstojím	obstojíš	obstojí	obstojíme	obstojíte	obstojí	obstůj	obstůjme	obstůjte	-	obstán	-	-	-
obstřelit	-	-	-	-	-	-	-	-	-	-	-	obstřele	-	-
obtančit	-	-	-	-	-	-	obtanči	obtančeme	obtančete	-	-	-	-	-
obtočit	-	-	-	-	-	-	-	-	-	-	-	obtoče	-	-
obtulit	-	-	-	-	-	-	-	-	-	-	-	obtule	-	-
obtáhnout	-	-	-	-	-	-	-	-	-	-	obtažen	-	-	-
obtáčet	-	-	-	-	-	obtáčejí	obtáčej	obtáčejme	obtáčejte	-	-	obtáčeje	obtáčejíc	-
obtéci	obteču	obtečeš	obteče	obtečeme	obtečete	obtečou	obteč	obtečme	obtečte	obtekl	obtečen	-	-	obtekla
obtížit	-	-	-	-	-	-	obtiž	obtižme	obtižte	-	-	-	-	-
obudit	-	-	-	-	-	-	obuď	obuďme	obuďte	-	obuzen	-	-	-
obveselit	-	-	-	-	-	-	-	-	-	-	-	obvesele	-	-
obvinit	-	-	-	-	-	-	obviň	obviňme	obviňte	-	obviněn	-	-
obvázat	obvážu	obvážeš	obváže	obvážeme	obvážete	-	obvaž	obvažme	obvažte	-	-	-	-
obydlet	-	-	-	-	-	obydlí	obydli	obydleme	obydlete	-	-	-	-	-
obíjet	-	-	-	-	-	obíjejí	obíjej	obíjejme	obíjejte	-	-	obíjeje	obíjejíc	-
obílit	-	-	-	-	-	-	obil	obilme	obilte	-	-	-	-	-
obít	obiji	obiješ	obije	obijeme	obijete	obijou	obij	obijme	obijte	obil	obit	-	-	obila
občerstvit	-	-	-	-	-	-	občerstvi	občerstvěme	občerstvěte	-	-	-	-
oběsit	-	-	-	-	-	-	-	-	-	-	oběšen	-	-
obšít	obšiji	obšiješ	obšije	obšijeme	obšijete	obšijou	obšij	obšijme	obšijte	obšil	obšit	-	-	obšila
obšťastnit	-	-	-	-	-	-	obšťastni	obšťastněme	obšťastněte	-	obšťastněn	-	-	-
ocedit	-	-	-	-	-	-	oceď	oceďme	oceďte	-	ocezen	-	-	-
ocenit	-	-	-	-	-	-	oceň	oceňme	oceňte	-	oceněn	-	-
ochcat	ochčiji	ochčiješ	ochčije	ochčijeme	ochčijete	ochčijou	ochčij	ochčijme	ochčijte	-	-	-	-	-
ochladit	-	-	-	-	-	-	ochlaď	ochlaďme	ochlaďte	-	ochlazen	-	-	-
ochmelit	-	-	-	-	-	-	-	-	-	-	-	ochmele	-	-
ochmýřit	-	-	-	-	-	-	-	-	-	-	-	ochmýře	-	-
ochodit	-	-	-	-	-	-	ochoď	ochoďme	ochoďte	-	ochozen	-	-	-
ochotničit	-	-	-	-	-	-	-	-	-	-	-	ochotniče	-	-
ochočit	-	-	-	-	-	-	-	-	-	-	-	ochoče	-	-
ochořet	-	-	-	-	-	ochoří	ochoř	ochořme	ochořte	-	-	-	-	-
ochraptět	-	-	-	-	-	ochraptí	ochrapti	ochraptěme	ochraptěte	-	ochraptěn	-	-	-
ochrnout	-	-	-	-	-	-	ochrň	ochrňme	ochrňte	ochrnul	-	-	-
ochránit	-	-	-	-	-	-	ochraň	ochraňme	ochraňte	-	ochráněn	-	-
ochudit	-	-	-	-	-	-	ochuď	ochuďme	ochuďte	-	ochuzen	-	-	-
ochuravět	-	-	-	-	-	-	ochuravěj	ochuravějme	ochuravějte	-	ochuravěn	ochuravěje	ochuravějíc	-
ochutit	-	-	-	-	-	-	ochuť	ochuťme	ochuťte	-	ochucen	-	-
ocigánit	-	-	-	-	-	-	ocigáň	ocigáňme	ocigáňte	-	ocigáněn	-	-	-
ocikánit	-	-	-	-	-	-	ocikáň	ocikáňme	ocikáňte	-	ocikáněn	-	-	-
octovatět	-	-	-	-	-	-	octovatěj	octovatějme	octovatějte	-	octovatěn	octovatěje	octovatějíc	-
odbahnit	-	-	-	-	-	-	-	-	-	-	odbahněn	-	-	-
odbarvit	-	-	-	-	-	-	odbarvi	odbarvěme	odbarvěte	-	-	-	-
odbatolit	-	-	-	-	-	-	-	-	-	-	-	odbatole	-	-
odbednit	-	-	-	-	-	-	odbedni	odbedněme	odbedněte	-	odbedněn	-	-	-
odblanit	-	-	-	-	-	-	odblaň	odblaňme	odblaňte	-	odblaněn	-	-	-
odblešit	-	-	-	-	-	-	-	-	-	-	-	odbleše	-	-
odblít	odbliji	odbliješ	odblije	odblijeme	odblijete	odblijou	odblij	odblijme	odblijte	odblil	odblit	-	-	odblila
odbočit	-	-	-	-	-	-	-	-	-	-	-	odboče	-	-
odbožštit	-	-	-	-	-	-	-	-	-	-	odbožštěn	-	-	-
odbrebentit	-	-	-	-	-	-	odbrebenti	odbrebentěme	odbrebentěte	-	odbrebentěn	-	-	-
odbrečet	-	-	-	-	-	odbrečí	odbreč	odbrečme	odbrečte	-	-	-	-	-
odbrigádničit	-	-	-	-	-	-	-	-	-	-	-	odbrigádniče	-	-
odbrousit	-	-	-	-	-	-	odbrus	odbrusme	odbruste	-	odbroušen	-	-	-
odbruslit	-	-	-	-	-	-	odbrusli	odbrusleme	odbruslete	-	-	-	-	-
odbrzdit	-	-	-	-	-	-	odbrzdi	odbrzděme	odbrzděte	-	odbrzděn	-	-	-
odbránit	-	-	-	-	-	-	-	-	-	-	odbráněn	-	-	-
odbydlet	-	-	-	-	-	-	odbydli	odbydleme	odbydlete	-	-	-	-	-
odbíjet	-	-	-	-	-	odbíjejí	odbíjej	odbíjejme	odbíjejte	-	-	odbíjeje	odbíjejíc	-
odbít	odbiji	odbiješ	odbije	odbijeme	odbijete	odbijou	odbij	odbijme	odbijte	odbil	odbit	-	-
odbýt	odbudu	odbudeš	odbude	odbudeme	odbudete	odbudou	odbuď	odbuďme	odbuďte	odbyl	odbyt	-	-
odbřemenit	-	-	-	-	-	-	odbřemeň	odbřemeňme	odbřemeňte	-	odbřemeněn	-	-	-
odcedit	-	-	-	-	-	-	odceď	odceďme	odceďte	-	odcezen	-	-	-
odchlípit	-	-	-	-	-	-	odchlip	odchlipme	odchlipte	-	-	-	-	-
odchodit	-	-	-	-	-	-	odchoď	odchoďme	odchoďte	-	odchozen	-	-	-
odchovat	odchovám	odchováš	odchová	odchováme	odchováte	odchovají	odchovej	odchovejme	odchovejte	-	odchován	odchovaje	odchovajíc	-
odchraptět	-	-	-	-	-	odchraptí	odchrapti	odchraptěme	odchraptěte	-	odchraptěn	-	-	-
odchytit	-	-	-	-	-	-	odchyť	odchyťme	odchyťte	-	odchycen	-	-	-
odcházet	-	-	-	-	-	odcházejí	odcházej	odcházejme	odcházejte	-	-	odcházeje	odcházejíc
odchýlit	-	-	-	-	-	-	odchyl	odchylme	odchylte	-	-	-	-	-
odclonit	-	-	-	-	-	-	odcloň	odcloňme	odcloňte	-	odcloněn	-	-	-
odcukernit	-	-	-	-	-	-	odcukerni	odcukerněme	odcukerněte	-	odcukerněn	-	-	-
odcvičit	-	-	-	-	-	-	-	-	-	-	-	odcviče	-	-
odcyklit	-	-	-	-	-	-	odcykli	odcykleme	odcyklete	-	-	-	-	-
odcírkevnit	-	-	-	-	-	-	odcírkevni	odcírkevněme	odcírkevněte	-	odcírkevněn	-	-	-
oddivadelnit	-	-	-	-	-	-	-	-	-	-	oddivadelněn	-	-	-
oddlužit	-	-	-	-	-	-	-	-	-	-	-	oddluže	-	-
oddrandit	-	-	-	-	-	-	-	-	-	-	oddranděn	-	-	-
oddrmolit	-	-	-	-	-	-	-	-	-	-	-	oddrmole	-	-
oddrolit	-	-	-	-	-	-	-	-	-	-	-	oddrole	-	-
oddálit	-	-	-	-	-	-	oddal	oddalme	oddalte	-	-	-	-
oddělit	-	-	-	-	-	-	-	-	-	-	-	odděle	-	-
oddřít	oddřu	oddřeš	oddře	oddřeme	oddřete	oddřou	oddři	oddřeme	oddřete	oddřel	oddřen	-	-	oddřela
odebrat	odeberu	odebereš	odebere	odebereme	odeberete	odeberou	odeber	odeberme	odeberte	-	-	-	-
odedřít	odedřu	odedřeš	odedře	odedřeme	odedřete	odedřou	odedři	odedřeme	odedřete	odedřel	odedřen	-	-	odedřela
odehnat	odeženu	odeženeš	odežene	odeženeme	odeženete	odeženou	odežeň	odežeňme	odežeňte	-	-	-	-
odehnout	-	-	-	-	-	-	-	-	-	odehnul	-	-	-	odehla
odehrát	odehraji	odehraješ	odehraje	odehrajeme	odehrajete	odehrajou	odehraj	odehrajme	odehrajte	-	odehrán	-	-
odejet	odejedu	odejedeš	odejede	odejedeme	odejedete	odejedou	odejeď	odejeďme	odejeďte	-	-	-	-	-
odejmout	odejmu	odejmeš	odejme	odejmeme	odejmete	odejmou	odejmi	odejměme	odejměte	odejmul	odejmut	-	-	odejmula
odejít	odejdu	odejdeš	odejde	odejdeme	odejdete	odejdou	odejdi	odejděme	odejděte	odešel	odejit	-	-	odešla
odemlít	odemelu	odemeleš	odemele	odemeleme	odemelete	odemelou	odemel	odemelme	odemelte	odemlel	odemlet	-	-	odemlela
odeplout	odepluji	odepluješ	odepluje	odeplujeme	odeplujete	odeplujou	odepluj	odeplujme	odeplujte	odeplul	odeplut	-	-	odeplula
odepnout	-	-	-	-	-	-	-	-	-	odepjal	-	-	-	odepjala
odeprat	odeperu	odepereš	odepere	odepereme	odeperete	odeperou	odeper	odeperme	odeperte	-	-	-	-	-
odepsat	odepíši	odepíšeš	odepíše	odepíšeme	odepíšete	odepíšou	odepiš	odepišme	odepište	-	-	-	-
odepřít	odepřu	odepřeš	odepře	odepřeme	odepřete	odepřou	odepři	odepřeme	odepřete	odepřel	odepřen	-	-	odepřela
odervat	odervu	oderveš	oderve	oderveme	odervete	odervou	odervi	odervěme	odervěte	-	-	-	-	-
odeslat	odešlu	odešleš	odešle	odešleme	odešlete	odešlou	odešli	odešleme	odešlete	-	-	-	-	-
odesnít	odesním	odesníš	odesní	odesníme	odesníte	odesní	odesni	odesněme	odesněte	odesnil	odesněn	-	-	odesnila
odespat	odespím	odespíš	odespí	odespíme	odespíte	odespí	odespi	odespěme	odespěte	-	-	-	-	-
odestlat	odestelu	odesteleš	odestele	odesteleme	odestelete	odestelou	odestel	odestelme	odestelte	-	-	-	-	-
odestát	odestanu	odestaneš	odestane	odestaneme	odestanete	odestanou	odestaň	odestaňme	odestaňte	-	-	-	-	-
odestřít	odestřu	odestřeš	odestře	odestřeme	odestřete	odestřou	odestři	odestřeme	odestřete	odestřel	odestřen	-	-	odestřela
odetnout	-	-	-	-	-	-	-	-	-	odetnul	-	-	-	odetnula
odevrátit	-	-	-	-	-	-	odevrať	odevraťme	odevraťte	-	-	-	-	-
odevřít	odevřu	odevřeš	odevře	odevřeme	odevřete	odevřou	odevři	odevřeme	odevřete	odevřel	odevřen	-	-	odevřela
odezdít	-	-	-	-	-	-	-	-	-	odezdil	-	-	-	odezdila
odeznít	odezním	odezníš	odezní	odezníme	odezníte	odezní	odezni	odezněme	odezněte	odezněl	odezněn	-	-	odezněla
odezřít	odezřu	odezřeš	odezře	odezřeme	odezřete	odezřou	odezři	odezřeme	odezřete	odezřel	odezřen	-	-	odezřela
odečíst	odečtu	odečteš	odečte	odečteme	odečtete	odečtou	odečti	odečtěme	odečtěte	odečetl	odečten	-	-	odečetla
odežít	odežiji	odežiješ	odežije	odežijeme	odežijete	odežijou	odežij	odežijme	odežijte	odežil	odežit	-	-	odežila
odfandit	-	-	-	-	-	-	-	-	-	-	odfanděn	-	-	-
odfotit	-	-	-	-	-	-	odfoť	odfoťme	odfoťte	-	odfocen	-	-	-
odfrčet	-	-	-	-	-	odfrčí	odfrč	odfrčme	odfrčte	-	-	-	-	-
odfunět	-	-	-	-	-	odfuní	odfuň	odfuňme	odfuňte	-	odfuněn	-	-	-
odfádnit	-	-	-	-	-	-	-	-	-	-	odfádněn	-	-	-
odfáčovat	odfáčovám	odfáčováš	odfáčová	odfáčováme	odfáčováte	odfáčovají	odfáčovej	odfáčovejme	odfáčovejte	-	odfáčován	odfáčovaje	odfáčovajíc	-
odhalit	-	-	-	-	-	-	-	-	-	-	-	odhale	-	-
odhlučnit	-	-	-	-	-	-	odhlučni	odhlučněme	odhlučněte	-	odhlučněn	-	-	-
odhlásit	-	-	-	-	-	-	odhlas	odhlasme	odhlaste	-	odhlášen	-	-
odhlížet	-	-	-	-	-	odhlížejí	odhlížej	odhlížejme	odhlížejte	-	-	odhlížeje	odhlížejíc	-
odhmotnit	-	-	-	-	-	-	odhmotni	odhmotněme	odhmotněte	-	odhmotněn	-	-	-
odhodit	-	-	-	-	-	-	odhoď	odhoďme	odhoďte	-	odhozen	-	-
odhojit	-	-	-	-	-	-	-	-	-	-	-	odhoje	-	-
odhořet	-	-	-	-	-	odhoří	odhoř	odhořme	odhořte	-	-	-	-	-
odhrabat	odhrabu	odhrabeš	odhrabe	odhrabeme	odhrabete	odhrabou	-	-	-	-	-	-	-	-
odhrčet	-	-	-	-	-	odhrčí	odhrč	odhrčme	odhrčte	-	-	-	-	-
odhuhňat	-	-	-	-	-	-	odhuhněj	odhuhnějme	odhuhnějte	-	-	-	-	-
odhánět	-	-	-	-	-	-	odháněj	odhánějme	odhánějte	-	odháněn	odháněje	odhánějíc	-
odházet	-	-	-	-	-	odházejí	odházej	odházejme	odházejte	-	-	odházeje	odházejíc	-
odjednoznačnit	-	-	-	-	-	-	odjednoznačni	odjednoznačněme	odjednoznačněte	-	odjednoznačněn	-	-	-
odjet	odjedu	odjedeš	odjede	odjedeme	odjedete	odjedou	odjeď	odjeďme	odjeďte	-	-	-	-
odjezdit	-	-	-	-	-	-	odjezdi	odjezděme	odjezděte	-	odjezděn	-	-	-
odječet	-	-	-	-	-	odječí	odječ	odječme	odječte	-	-	-	-	-
odjistit	-	-	-	-	-	-	odjisti	odjistěme	odjistěte	-	odjištěn	-	-	-
odjíždět	-	-	-	-	-	-	odjížděj	odjíždějme	odjíždějte	-	odjížděn	odjížděje	odjíždějíc	-
odkalit	-	-	-	-	-	-	-	-	-	-	-	odkale	-	-
odkašlat	odkašlu	odkašleš	odkašle	odkašleme	odkašlete	odkašlou	-	-	-	-	-	-	-
odklidit	-	-	-	-	-	-	odkliď	odkliďme	odkliďte	-	odklizen	-	-	-
odklonit	-	-	-	-	-	-	odkloň	odkloňme	odkloňte	-	odkloněn	-	-	-
odklovat	odklovám	odklováš	odklová	odklováme	odklováte	odklovají	odklovej	odklovejme	odklovejte	-	odklován	odklovaje	odklovajíc	-
odklánět	-	-	-	-	-	-	odkláněj	odklánějme	odklánějte	-	odkláněn	odkláněje	odklánějíc	-
odklápět	-	-	-	-	-	-	odklápěj	odklápějme	odklápějte	-	odklápěn	odklápěje	odklápějíc	-
odklátit	-	-	-	-	-	-	-	-	-	-	odklátěn	-	-	-
odklít	odkleji	odkleješ	odkleje	odklejeme	odklejete	odklejou	odklej	odklejme	odklejte	odklel	odklet	-	-	odklela
odklízet	-	-	-	-	-	odklízejí	odklízej	odklízejme	odklízejte	-	-	odklízeje	odklízejíc	-
odklížit	-	-	-	-	-	-	odkliž	odkližme	odkližte	-	-	-	-	-
odkojit	-	-	-	-	-	-	-	-	-	-	-	odkoje	-	-
odkornit	-	-	-	-	-	-	-	-	-	-	odkorněn	-	-	-
odkoulet	-	-	-	-	-	odkoulejí	odkoulej	odkoulejme	odkoulejte	-	-	odkouleje	odkoulejíc	-
odkoupit	-	-	-	-	-	-	odkup	odkupme	odkupte	-	-	-	-	-
odkouřit	-	-	-	-	-	-	odkuř	odkuřme	odkuřte	-	-	-	-	-
odkovat	odkovám	odkováš	odková	odkováme	odkováte	odkovají	odkovej	odkovejme	odkovejte	-	odkován	odkovaje	odkovajíc	-
odkreslit	-	-	-	-	-	-	odkresli	odkresleme	odkreslete	-	-	-	-	-
odkrojit	-	-	-	-	-	-	-	-	-	-	-	odkroje	-	-
odkroutit	-	-	-	-	-	-	odkruť	odkruťme	odkruťte	-	odkroucen	-	-	-
odkroužit	-	-	-	-	-	-	odkruž	odkružme	odkružte	-	-	-	-	-
odkrájet	-	-	-	-	-	odkrájejí	odkrájej	odkrájejme	odkrájejte	-	-	odkrájeje	odkrájejíc	-
odkrást	odkradu	odkradeš	odkrade	odkrademe	odkradete	odkradou	odkraď	odkraďme	odkraďte	odkradl	odkraden	-	-	odkradla
odkráčet	-	-	-	-	-	odkráčejí	odkráčej	odkráčejme	odkráčejte	-	-	odkráčeje	odkráčejíc	-
odkrýt	odkreji	odkreješ	odkreje	odkrejeme	odkrejete	odkrejou	odkrej	odkrejme	odkrejte	odkryl	odkryt	-	-	odkryla
odkulit	-	-	-	-	-	-	-	-	-	-	-	odkule	-	-
odkutálet	-	-	-	-	-	odkutálejí	odkutálej	odkutálejme	odkutálejte	-	-	odkutáleje	odkutálejíc	-
odkvačit	-	-	-	-	-	-	-	-	-	-	-	odkvače	-	-
odkvést	odkvetu	odkveteš	odkvete	odkveteme	odkvetete	odkvetou	odkveť	odkveťme	odkveťte	odkvetl	-	-	-	odkvetla
odkysličit	-	-	-	-	-	-	-	-	-	-	-	odkysliče	-	-
odkácet	-	-	-	-	-	odkácejí	odkácej	odkácejme	odkácejte	-	-	odkáceje	odkácejíc	-
odkázat	odkážu	odkážeš	odkáže	odkážeme	odkážete	odkážou	odkaž	odkažme	odkažte	-	-	-	-
odkřemenit	-	-	-	-	-	-	odkřemeň	odkřemeňme	odkřemeňte	-	odkřemeněn	-	-	-
odkřemičit	-	-	-	-	-	-	-	-	-	-	-	odkřemiče	-	-
odkřesťanit	-	-	-	-	-	-	odkřesťaň	odkřesťaňme	odkřesťaňte	-	odkřesťaněn	-	-	-
odkřesťanštit	-	-	-	-	-	-	odkřesťanšti	odkřesťanštěme	odkřesťanštěte	-	odkřesťanštěn	-	-	-
odkřičet	-	-	-	-	-	odkřičí	odkřič	odkřičme	odkřičte	-	-	-	-	-
odladit	-	-	-	-	-	-	odlaď	odlaďme	odlaďte	-	odladěn	-	-	-
odlednit	-	-	-	-	-	-	odledni	odledněme	odledněte	-	odledněn	-	-	-
odlehčit	-	-	-	-	-	-	odlehči	odlehčeme	odlehčete	-	-	-	-	-
odlesnit	-	-	-	-	-	-	odlesni	odlesněme	odlesněte	-	odlesněn	-	-	-
odletnit	-	-	-	-	-	-	odletni	odletněme	odletněte	-	odletněn	-	-	-
odletět	-	-	-	-	-	odletí	odleť	odleťme	odleťte	-	odletěn	-	-	-
odleštit	-	-	-	-	-	-	-	-	-	-	odleštěn	-	-	-
odležet	-	-	-	-	-	odleží	odlež	odležme	odležte	-	-	-	-	-
odlidnit	-	-	-	-	-	-	odlidni	odlidněme	odlidněte	-	odlidněn	-	-	-
odlidštit	-	-	-	-	-	-	odlidšti	odlidštěme	odlidštěte	-	odlidštěn	-	-	-
odlistit	-	-	-	-	-	-	-	-	-	-	odlistěn	-	-	-
odlistnit	-	-	-	-	-	-	-	-	-	-	odlistněn	-	-	-
odlišit	-	-	-	-	-	-	-	-	-	-	-	odliše	-	-
odloudit	-	-	-	-	-	-	odloudi	odlouděme	odlouděte	-	odlouzen	-	-	-
odloučit	-	-	-	-	-	-	odluč	odlučme	odlučte	-	-	-	-	-
odložit	-	-	-	-	-	-	-	-	-	-	-	odlože	-	-
odlámat	odlámu	odlámeš	odláme	odlámeme	odlámete	odlámou	-	-	-	-	-	-	-	-
odlézt	odlezu	odlezeš	odleze	odlezeme	odlezete	odlezou	odlez	odlezme	odlezte	odlezl	odlezen	-	-
odléčit	-	-	-	-	-	-	odléči	odléčeme	odléčete	-	-	-	-	-
odlít	odleji	odleješ	odleje	odlejeme	odlejete	odlejou	odlej	odlejme	odlejte	odlil	odlit	-	-
odlíčit	-	-	-	-	-	-	odlič	odličme	odličte	-	-	-	-	-
odmarodit	-	-	-	-	-	-	-	-	-	-	odmaroděn	-	-	-
odmastit	-	-	-	-	-	-	odmasti	odmastěme	odmastěte	-	odmaštěn	-	-	-
odmladit	-	-	-	-	-	-	odmlaď	odmlaďme	odmlaďte	-	odmlazen	-	-	-
odmlčet	-	-	-	-	-	odmlčí	odmlč	odmlčme	odmlčte	-	-	-	-	-
odmlžit	-	-	-	-	-	-	-	-	-	-	-	odmlže	-	-
odmocnit	-	-	-	-	-	-	odmocni	odmocněme	odmocněte	-	odmocněn	-	-	-
odmočit	-	-	-	-	-	-	-	-	-	-	-	odmoče	-	-
odmořit	-	-	-	-	-	-	-	-	-	-	-	odmoře	-	-
odmrazit	-	-	-	-	-	-	-	-	-	-	-	odmraze	-	-
odmršit	-	-	-	-	-	-	-	-	-	-	-	odmrše	-	-
odmrštit	-	-	-	-	-	-	odmršti	odmrštěme	odmrštěte	-	odmrštěn	-	-	-
odmuškařit	-	-	-	-	-	-	-	-	-	-	-	odmuškaře	-	-
odmyslit	-	-	-	-	-	-	odmysli	odmysleme	odmyslete	-	odmyšlen	-	-	-
odmáčet	-	-	-	-	-	odmáčejí	odmáčej	odmáčejme	odmáčejte	-	-	odmáčeje	odmáčejíc	-
odmést	odmetu	odmeteš	odmete	odmeteme	odmetete	odmetou	odmeť	odmeťme	odmeťte	odmetl	odmeten	-	-	odmetla
odmýt	odmyji	odmyješ	odmyje	odmyjeme	odmyjete	odmyjou	odmyj	odmyjme	odmyjte	odmyl	odmyt	-	-	odmyla
odmýšlet	-	-	-	-	-	odmýšlejí	odmýšlej	odmýšlejme	odmýšlejte	-	-	odmýšleje	odmýšlejíc	-
odměnit	-	-	-	-	-	-	odměň	odměňme	odměňte	-	odměněn	-	-
odměřit	-	-	-	-	-	-	-	-	-	-	-	odměře	-	-
odnaučit	-	-	-	-	-	-	-	-	-	-	-	odnauče	-	-
odnosit	-	-	-	-	-	-	-	-	-	-	odnošen	-	-	-
odnožit	-	-	-	-	-	-	-	-	-	-	-	odnože	-	-
odnáboženštit	-	-	-	-	-	-	-	-	-	-	odnáboženštěn	-	-	-
odnárodnit	-	-	-	-	-	-	odnárodni	odnárodněme	odnárodněte	-	odnárodněn	-	-	-
odnášet	-	-	-	-	-	odnášejí	odnášej	odnášejme	odnášejte	-	-	odnášeje	odnášejíc
odnést	odnesu	odneseš	odnese	odneseme	odnesete	odnesou	odnes	odnesme	odneste	odnesl	odnesen	-	-
odosobnit	-	-	-	-	-	-	odosobni	odosobněme	odosobněte	-	odosobněn	-	-	-
odout	oduji	oduješ	oduje	odujeme	odujete	odujou	oduj	odujme	odujte	odul	odut	-	-	odula
odpařit	-	-	-	-	-	-	-	-	-	-	-	odpaře	-	-
odpažit	-	-	-	-	-	-	-	-	-	-	-	odpaže	-	-
odpelášit	-	-	-	-	-	-	odpeláši	odpelášeme	odpelášete	-	-	-	-	-
odpečetit	-	-	-	-	-	-	odpečeť	odpečeťme	odpečeťte	-	odpečetěn	-	-	-
odplachtit	-	-	-	-	-	-	odplachti	odplachtěme	odplachtěte	-	odplachtěn	-	-	-
odplakat	odpláči	odpláčeš	odpláče	odpláčeme	odpláčete	odpláčou	-	-	-	-	-	-	-	-
odplatit	-	-	-	-	-	-	odplať	odplaťme	odplaťte	-	odplacen	-	-	-
odplavat	odplavu	odplaveš	odplave	odplaveme	odplavete	odplavou	-	-	-	-	-	-	-	-
odplevelit	-	-	-	-	-	-	-	-	-	-	-	odplevele	-	-
odplout	odpluji	odpluješ	odpluje	odplujeme	odplujete	odplujou	odpluj	odplujme	odplujte	odplul	odplut	-	-	odplula
odplynit	-	-	-	-	-	-	odplyň	odplyňme	odplyňte	-	odplyněn	-	-	-
odplynout	-	-	-	-	-	-	odplyň	odplyňme	odplyňte	-	-	-	-	-
odplácet	-	-	-	-	-	odplácejí	odplácej	odplácejme	odplácejte	-	-	odpláceje	odplácejíc	-
odplít	odpliji	odpliješ	odplije	odplijeme	odplijete	odplijou	-	-	-	odplil	odplit	-	-	odplila
odplížit	-	-	-	-	-	-	odpliž	odpližme	odpližte	-	-	-	-	-
odpojit	-	-	-	-	-	-	-	-	-	-	-	odpoje	-	-
odpomoci	odpomohu	odpomůžeš	odpomůže	odpomůžeme	odpomůžete	odpomohou	odpomoz	odpomozme	odpomozte	odpomohl	odpomožen	-	-	odpomohla
odporazit	-	-	-	-	-	-	-	-	-	-	odporažen	-	-	-
odporoučet	-	-	-	-	-	odporoučejí	odporoučej	odporoučejme	odporoučejte	-	-	odporoučeje	odporoučejíc	-
odporučit	-	-	-	-	-	-	-	-	-	-	-	odporuče	-	-
odpotácet	-	-	-	-	-	odpotácejí	odpotácej	odpotácejme	odpotácejte	-	-	odpotáceje	odpotácejíc	-
odpotápět	-	-	-	-	-	-	odpotápěj	odpotápějme	odpotápějte	-	odpotápěn	odpotápěje	odpotápějíc	-
odpouštět	-	-	-	-	-	-	odpouštěj	odpouštějme	odpouštějte	-	odpouštěn	odpouštěje	odpouštějíc
odpovolit	-	-	-	-	-	-	-	-	-	-	-	odpovole	-	-
odpovědět	odpovím	odpovíš	odpoví	odpovíme	odpovíte	odpovědí	odpověz	odpovězme	odpovězte	-	odpověděn	-	-
odpočinout	-	-	-	-	-	-	odpočiň	odpočiňme	odpočiňte	-	-	-	-
odpočíst	odpočtu	odpočteš	odpočte	odpočteme	odpočtete	odpočtou	odpočti	odpočtěme	odpočtěte	odpočetl	odpočten	-	-	odpočetla
odprdelit	-	-	-	-	-	-	-	-	-	-	-	odprdele	-	-
odprdět	-	-	-	-	-	odprdí	odprď	odprďme	odprďte	-	odprděn	-	-	-
odprosit	-	-	-	-	-	-	-	-	-	-	odprošen	-	-	-
odpružit	-	-	-	-	-	-	-	-	-	-	-	odpruže	-	-
odprášit	-	-	-	-	-	-	odpraš	odprašme	odprašte	-	-	-	-	-
odprýštit	-	-	-	-	-	-	odprýšť	odprýšťme	odprýšťte	-	odprýšcen	-	-	-
odprůmyslnit	-	-	-	-	-	-	odprůmyslni	odprůmyslněme	odprůmyslněte	-	odprůmyslněn	-	-	-
odpudit	-	-	-	-	-	-	odpuď	odpuďme	odpuďte	-	odpuzen	-	-	-
odpustit	-	-	-	-	-	-	odpusť	odpusťme	odpusťte	-	odpuštěn	-	-
odpájet	-	-	-	-	-	odpájejí	odpájej	odpájejme	odpájejte	-	-	odpájeje	odpájejíc	-
odpálit	-	-	-	-	-	-	odpal	odpalme	odpalte	-	-	-	-	-
odpít	odpiji	odpiješ	odpije	odpijeme	odpijete	odpijou	odpij	odpijme	odpijte	odpil	odpit	-	-	odpila
odpředbělit	-	-	-	-	-	-	-	-	-	-	-	odpředběle	-	-
odpředehrát	odpředehraji	odpředehraješ	odpředehraje	odpředehrajeme	odpředehrajete	odpředehrajou	odpředehraj	odpředehrajme	odpředehrajte	-	odpředehrán	-	-	-
odpřednášet	-	-	-	-	-	odpřednášejí	odpřednášej	odpřednášejme	odpřednášejte	-	-	odpřednášeje	odpřednášejíc	-
odpřeložit	-	-	-	-	-	-	-	-	-	-	-	odpřelože	-	-
odpřáhnout	-	-	-	-	-	-	-	-	-	-	odpřažen	-	-	-
odpřát	odpřeji	odpřeješ	odpřeje	odpřejeme	odpřejete	odpřejou	odpřej	odpřejme	odpřejte	-	odpřán	-	-	-
odpřírodnit	-	-	-	-	-	-	-	-	-	-	odpřírodněn	-	-	-
odpříst	odpřadu	odpřadeš	odpřade	odpřademe	odpřadete	odpřadou	odpřaď	odpřaďme	odpřaďte	odpřadl	odpřaden	-	-	odpřadla
odrachotit	-	-	-	-	-	-	odrachoť	odrachoťme	odrachoťte	-	odrachocen	-	-	-
odradit	-	-	-	-	-	-	odraď	odraďme	odraďte	-	-	-	-
odrandit	-	-	-	-	-	-	odrandi	odranděme	odranděte	-	odranděn	-	-	-
odrat	oderu	odereš	odere	odereme	oderete	oderou	oder	oderme	oderte	-	-	-	-	-
odrazit	-	-	-	-	-	-	-	-	-	-	odražen	-	-
odrepetit	-	-	-	-	-	-	odrepeť	odrepeťme	odrepeťte	-	odrepetěn	-	-	-
odrodit	-	-	-	-	-	-	odroď	odroďme	odroďte	-	odrozen	-	-
odrolit	-	-	-	-	-	-	-	-	-	-	-	odrole	-	-
odročit	-	-	-	-	-	-	-	-	-	-	-	odroče	-	-
odrušit	-	-	-	-	-	-	-	-	-	-	-	odruše	-	-
odrážet	-	-	-	-	-	odrážejí	odrážej	odrážejme	odrážejte	-	-	odrážeje	odrážejíc
odrýt	odryji	odryješ	odryje	odryjeme	odryjete	odryjou	odryj	odryjme	odryjte	odryl	odryt	-	-	odryla
odrůst	odrostu	odrosteš	odroste	odrosteme	odrostete	odrostou	odrosť	odrosťme	odrosťte	odrostl	-	-	-
odrůznit	-	-	-	-	-	-	odrůzni	odrůzněme	odrůzněte	-	odrůzněn	-	-	-
odsadit	-	-	-	-	-	-	odsaď	odsaďme	odsaďte	-	odsazen	-	-
odsedět	-	-	-	-	-	odsedí	odseď	odseďme	odseďte	-	odseděn	-	-	-
odskotačit	-	-	-	-	-	-	-	-	-	-	-	odskotače	-	-
odskočit	-	-	-	-	-	-	-	-	-	-	-	odskoče	-	-
odskákat	odskáči	odskáčeš	odskáče	odskáčeme	odskáčete	odskáčou	-	-	-	-	-	-	-	-
odslizit	-	-	-	-	-	-	-	-	-	-	-	odslize	-	-
odsloužit	-	-	-	-	-	-	odsluž	odslužme	odslužte	-	-	-	-	-
odsnít	odsním	odsníš	odsní	odsníme	odsníte	odsní	odsni	odsněme	odsněte	odsnil	odsněn	-	-	odsnila
odsolit	-	-	-	-	-	-	-	-	-	-	-	odsole	-	-
odsoudit	-	-	-	-	-	-	odsuď	odsuďme	odsuďte	-	odsouzen	-	-
odsouhlasit	-	-	-	-	-	-	-	-	-	-	-	odsouhlase	-	-
odsrat	odseru	odsereš	odsere	odsereme	odserete	odserou	odser	odserme	odserte	-	-	-	-	-
odstoupit	-	-	-	-	-	-	odstup	odstupme	odstupte	-	-	-	-
odstranit	-	-	-	-	-	-	odstraň	odstraňme	odstraňte	-	odstraněn	-	-
odstrašit	-	-	-	-	-	-	-	-	-	-	-	odstraše	-	-
odstrojit	-	-	-	-	-	-	-	-	-	-	-	odstroje	-	-
odstrčit	-	-	-	-	-	-	-	-	-	-	-	odstrče	-	-
odstát	odstojím	odstojíš	odstojí	odstojíme	odstojíte	odstojí	odstůj	odstůjme	odstůjte	-	odstán	-	-	-
odstátnit	-	-	-	-	-	-	odstátni	odstátněme	odstátněte	-	odstátněn	-	-	-
odstínit	-	-	-	-	-	-	odstiň	odstiňme	odstiňte	-	odstíněn	-	-	-
odstředit	-	-	-	-	-	-	odstřeď	odstřeďme	odstřeďte	-	odstředěn	-	-	-
odstřelit	-	-	-	-	-	-	-	-	-	-	-	odstřele	-	-
odstřílet	-	-	-	-	-	odstřílejí	odstřílej	odstřílejme	odstřílejte	-	-	odstříleje	odstřílejíc	-
odsunout	-	-	-	-	-	-	odsuň	odsuňme	odsuňte	-	-	-	-
odsupět	-	-	-	-	-	odsupí	odsup	odsupme	odsupte	-	odsupěn	-	-	-
odsvědčit	-	-	-	-	-	-	-	-	-	-	-	odsvědče	-	-
odsvětit	-	-	-	-	-	-	odsvěť	odsvěťme	odsvěťte	-	odsvěcen	-	-	-
odsát	odsaji	odsaješ	odsaje	odsajeme	odsajete	odsají	odsaj	odsajme	odsajte	-	odsán	-	-
odsířit	-	-	-	-	-	-	odsiř	odsiřme	odsiřte	-	-	-	-	-
odtajit	-	-	-	-	-	-	-	-	-	-	-	odtaje	-	-
odtajnit	-	-	-	-	-	-	odtajni	odtajněme	odtajněte	-	odtajněn	-	-	-
odtančit	-	-	-	-	-	-	odtanči	odtančeme	odtančete	-	-	-	-	-
odtemnět	-	-	-	-	-	odtemní	odtemni	odtemněme	odtemněte	-	odtemněn	-	-	-
odtlačit	-	-	-	-	-	-	-	-	-	-	-	odtlače	-	-
odtlouci	odtluču	odtlučeš	odtluče	odtlučeme	odtlučete	odtlučou	odtluč	odtlučme	odtlučte	odtloukl	odtlučen	-	-	odtloukla
odtlumit	-	-	-	-	-	-	odtlumi	odtluměme	odtluměte	-	-	-	-	-
odtočit	-	-	-	-	-	-	-	-	-	-	-	odtoče	-	-
odtrestnit	-	-	-	-	-	-	-	-	-	-	odtrestněn	-	-	-
odtroubit	-	-	-	-	-	-	odtrub	odtrubme	odtrubte	-	-	-	-	-
odtrpět	-	-	-	-	-	odtrpí	odtrp	odtrpme	odtrpte	-	odtrpěn	-	-	-
odtrubnit	-	-	-	-	-	-	-	-	-	-	odtrubněn	-	-	-
odtučnit	-	-	-	-	-	-	odtučni	odtučněme	odtučněte	-	odtučněn	-	-	-
odtušit	-	-	-	-	-	-	-	-	-	-	-	odtuše	-	-
odtát	odtaji	odtaješ	odtaje	odtajeme	odtajete	odtajou	odtaj	odtajme	odtajte	-	-	-	-	-
odtáčet	-	-	-	-	-	odtáčejí	odtáčej	odtáčejme	odtáčejte	-	-	odtáčeje	odtáčejíc	-
odtéci	odteču	odtečeš	odteče	odtečeme	odtečete	odtečou	odteč	odtečme	odtečte	odtekl	odtečen	-	-	odtekla
odtížit	-	-	-	-	-	-	odtiž	odtižme	odtižte	-	-	-	-	-
odtělesnit	-	-	-	-	-	-	odtělesni	odtělesněme	odtělesněte	-	odtělesněn	-	-	-
odtěsnit	-	-	-	-	-	-	odtěsni	odtěsněme	odtěsněte	-	odtěsněn	-	-	-
odtěžit	-	-	-	-	-	-	-	-	-	-	-	odtěže	-	-
odtřídit	-	-	-	-	-	-	odtřiď	odtřiďme	odtřiďte	-	odtříděn	-	-	-
oduložit	-	-	-	-	-	-	-	-	-	-	-	odulože	-	-
odumřít	odumřu	odumřeš	odumře	odumřeme	odumřete	odumřou	odumři	odumřeme	odumřete	odumřel	odumřen	-	-	-
odusit	-	-	-	-	-	-	-	-	-	-	odušen	-	-	-
oduspokojit	-	-	-	-	-	-	-	-	-	-	-	oduspokoje	-	-
odučinit	-	-	-	-	-	-	odučiň	odučiňme	odučiňte	-	odučiněn	-	-	-
odučit	-	-	-	-	-	-	-	-	-	-	-	oduče	-	-
oduševnit	-	-	-	-	-	-	oduševni	oduševněme	oduševněte	-	oduševněn	-	-	-
odvalit	-	-	-	-	-	-	-	-	-	-	-	odvale	-	-
odvanout	-	-	-	-	-	-	odvaň	odvaňme	odvaňte	-	-	-	-	-
odvařit	-	-	-	-	-	-	-	-	-	-	-	odvaře	-	-
odvděčit	-	-	-	-	-	-	-	-	-	-	-	odvděče	-	-
odvelet	-	-	-	-	-	odvelí	odvel	odvelme	odvelte	-	-	-	-	-
odvinout	-	-	-	-	-	-	odviň	odviňme	odviňte	-	-	-	-	-
odviset	-	-	-	-	-	odvisejí	odvisej	odvisejme	odvisejte	-	-	odviseje	odvisejíc
odvlhčit	-	-	-	-	-	-	odvlhči	odvlhčeme	odvlhčete	-	-	-	-	-
odvlnit	-	-	-	-	-	-	odvlň	odvlňme	odvlňte	-	odvlněn	-	-	-
odvláknit	-	-	-	-	-	-	odvlákni	odvlákněme	odvlákněte	-	odvlákněn	-	-	-
odvléci	odvleku	odvlečeš	odvleče	odvlečeme	odvlečete	odvlekou	odvlec	odvlecme	odvlecte	odvlekl	odvlečen	-	-	odvlekla
odvodit	-	-	-	-	-	-	odvoď	odvoďme	odvoďte	-	odvozen	-	-
odvodnit	-	-	-	-	-	-	odvodni	odvodněme	odvodněte	-	odvodněn	-	-	-
odvolit	-	-	-	-	-	-	-	-	-	-	-	odvole	-	-
odvozit	-	-	-	-	-	-	-	-	-	-	-	odvoze	-	-
odvracet	-	-	-	-	-	odvracejí	odvracej	odvracejme	odvracejte	-	-	odvraceje	odvracejíc	-
odvrátit	-	-	-	-	-	-	odvrať	odvraťme	odvraťte	-	odvrácen	-	-
odvyprávět	-	-	-	-	-	-	odvyprávěj	odvyprávějme	odvyprávějte	-	odvyprávěn	odvyprávěje	odvyprávějíc	-
odvzdušnit	-	-	-	-	-	-	odvzdušni	odvzdušněme	odvzdušněte	-	odvzdušněn	-	-
odvábit	-	-	-	-	-	-	odvab	odvabme	odvabte	-	-	-	-	-
odvádět	-	-	-	-	-	-	odváděj	odvádějme	odvádějte	-	odváděn	odváděje	odvádějíc	-
odválet	-	-	-	-	-	odválejí	odválej	odválejme	odválejte	-	-	odváleje	odválejíc	-
odvápnit	-	-	-	-	-	-	odvápni	odvápněme	odvápněte	-	odvápněn	-	-
odvát	odvěji	odvěješ	odvěje	odvějeme	odvějete	odvějou	odvěj	odvějme	odvějte	-	odvát	-	-	-
odvážet	-	-	-	-	-	odvážejí	odvážej	odvážejme	odvážejte	-	-	odvážeje	odvážejíc
odvážit	-	-	-	-	-	-	odvaž	odvažme	odvažte	-	-	-	-
odvést	odvedu	odvedeš	odvede	odvedeme	odvedete	odvedou	odveď	odveďme	odveďte	odvedl	odveden	-	-	odvedla
odvézt	odvezu	odvezeš	odveze	odvezeme	odvezete	odvezou	odvez	odvezme	odvezte	odvezl	odvezen	-	-
odvíjet	-	-	-	-	-	odvíjejí	odvíjej	odvíjejme	odvíjejte	-	-	odvíjeje	odvíjejíc	-
odvěsit	-	-	-	-	-	-	-	-	-	-	-	odvěse	-	-
odvětit	-	-	-	-	-	-	odvěť	odvěťme	odvěťte	-	odvětěn	-	-	-
odvětvit	-	-	-	-	-	-	odvětvi	odvětvěme	odvětvěte	-	-	-	-	-
odzbrojit	-	-	-	-	-	-	-	-	-	-	-	odzbroje	-	-
odzemnit	-	-	-	-	-	-	odzemni	odzemněme	odzemněte	-	odzemněn	-	-	-
odzkoušet	-	-	-	-	-	odzkoušejí	odzkoušej	odzkoušejme	odzkoušejte	-	-	odzkoušeje	odzkoušejíc	-
odznačit	-	-	-	-	-	-	-	-	-	-	-	odznače	-	-
odznít	odzním	odzníš	odzní	odzníme	odzníte	odzní	odzni	odzněme	odzněte	odzněl	odzněn	-	-	odzněla
odzrcadlit	-	-	-	-	-	-	odzrcadli	odzrcadleme	odzrcadlete	-	-	-	-	-
odzrnit	-	-	-	-	-	-	odzrň	odzrňme	odzrňte	-	odzrněn	-	-	-
odzrušit	-	-	-	-	-	-	-	-	-	-	-	odzruše	-	-
odzvonit	-	-	-	-	-	-	odzvoň	odzvoňme	odzvoňte	-	odzvoněn	-	-	-
odzvracet	-	-	-	-	-	odzvracejí	odzvracej	odzvracejme	odzvracejte	-	-	odzvraceje	odzvracejíc	-
odzvánět	-	-	-	-	-	-	odzváněj	odzvánějme	odzvánějte	-	odzváněn	odzváněje	odzvánějíc	-
odzávodit	-	-	-	-	-	-	-	-	-	-	odzávoděn	-	-	-
odít	oději	oděješ	oděje	odějeme	odějete	odějou	oděj	odějme	odějte	oděl	oděn	-	-	-
odúpět	-	-	-	-	-	-	odúpěj	odúpějme	odúpějte	-	odúpěn	odúpěje	odúpějíc	-
odúročit	-	-	-	-	-	-	-	-	-	-	-	odúroče	-	-
odčernit	-	-	-	-	-	-	odčerň	odčerňme	odčerňte	-	odčerněn	-	-	-
odčervit	-	-	-	-	-	-	odčervi	odčervěme	odčervěte	-	-	-	-	-
odčinit	-	-	-	-	-	-	odčiň	odčiňme	odčiňte	-	odčiněn	-	-
odčíst	odčtu	odčteš	odčte	odčteme	odčtete	odčtou	odčti	odčtěme	odčtěte	odčetl	odčten	-	-	odčetla
odřadit	-	-	-	-	-	-	odřaď	odřaďme	odřaďte	-	odřaděn	-	-	-
odříci	odřeknu	odřekneš	odřekne	odřekneme	odřeknete	odřeknou	odřekni	odřekněme	odřekněte	odřekl	-	-	-	odřekla
odřídit	-	-	-	-	-	-	odřiď	odřiďme	odřiďte	-	odřízen	-	-	-
odřít	odřu	odřeš	odře	odřeme	odřete	odřou	odři	odřeme	odřete	odřel	odřen	-	-	odřela
odšinout	-	-	-	-	-	-	odšiň	odšiňme	odšiňte	-	-	-	-	-
odškodnit	-	-	-	-	-	-	odškodni	odškodněme	odškodněte	-	odškodněn	-	-
odškolit	-	-	-	-	-	-	-	-	-	-	-	odškole	-	-
odškrtit	-	-	-	-	-	-	odškrť	odškrťme	odškrťte	-	odškrcen	-	-	-
odšmrdolit	-	-	-	-	-	-	-	-	-	-	-	odšmrdole	-	-
odšpejlit	-	-	-	-	-	-	odšpejli	odšpejleme	odšpejlete	-	-	-	-	-
odšpendlit	-	-	-	-	-	-	odšpendli	odšpendleme	odšpendlete	-	-	-	-	-
odštěničit	-	-	-	-	-	-	-	-	-	-	-	odštěniče	-	-
odšumět	-	-	-	-	-	-	odšuměj	odšumějme	odšumějte	-	odšuměn	odšuměje	odšumějíc	-
odšupajdit	-	-	-	-	-	-	odšupajdi	odšupajděme	odšupajděte	-	odšupajděn	-	-	-
odšustit	-	-	-	-	-	-	odšusti	odšustěme	odšustěte	-	odšustěn	-	-	-
odšít	odšiji	odšiješ	odšije	odšijeme	odšijete	odšijou	odšij	odšijme	odšijte	odšil	odšit	-	-	odšila
odůvodnit	-	-	-	-	-	-	odůvodni	odůvodněme	odůvodněte	-	odůvodněn	-	-
odželeznit	-	-	-	-	-	-	-	-	-	-	odželezněn	-	-	-
odžlučit	-	-	-	-	-	-	-	-	-	-	-	odžluče	-	-
odžnout	-	-	-	-	-	-	-	-	-	odžal	-	-	-	odžala
odžít	odžiji	odžiješ	odžije	odžijeme	odžijete	odžijou	odžij	odžijme	odžijte	odžil	odžit	-	-	odžila
ofotit	-	-	-	-	-	-	ofoť	ofoťme	ofoťte	-	ofocen	-	-
oglejit	-	-	-	-	-	-	-	-	-	-	-	ogleje	-	-
ohladit	-	-	-	-	-	-	ohlaď	ohlaďme	ohlaďte	-	ohlazen	-	-	-
ohledět	-	-	-	-	-	ohledí	ohleď	ohleďme	ohleďte	-	ohleděn	-	-	-
ohloupit	-	-	-	-	-	-	ohlup	ohlupme	ohlupte	-	-	-	-	-
ohlušit	-	-	-	-	-	-	-	-	-	-	-	ohluše	-	-
ohlásit	-	-	-	-	-	-	ohlas	ohlasme	ohlaste	-	ohlášen	-	-
ohlášet	-	-	-	-	-	ohlášejí	ohlášej	ohlášejme	ohlášejte	-	-	ohlášeje	ohlášejíc	-
ohlížet	-	-	-	-	-	ohlížejí	ohlížej	ohlížejme	ohlížejte	-	-	ohlížeje	ohlížejíc	-
ohnat	oženu	oženeš	ožene	oženeme	oženete	oženou	ožeň	ožeňme	ožeňte	-	-	-	-
ohniličet	-	-	-	-	-	ohniličejí	ohniličej	ohniličejme	ohniličejte	-	-	ohniličeje	ohniličejíc	-
ohnout	-	-	-	-	-	-	-	-	-	ohnul	-	-	-
ohnít	ohniji	ohniješ	ohnije	ohnijeme	ohnijete	ohnijou	ohnij	ohnijme	ohnijte	ohnil	ohnit	-	-	ohnila
ohodit	-	-	-	-	-	-	ohoď	ohoďme	ohoďte	-	ohozen	-	-	-
ohodnotit	-	-	-	-	-	-	ohodnoť	ohodnoťme	ohodnoťte	-	ohodnocen	-	-
oholit	-	-	-	-	-	-	-	-	-	-	-	ohole	-	-
ohořet	-	-	-	-	-	ohoří	ohoř	ohořme	ohořte	-	-	-	-	-
ohrabat	ohrabu	ohrabeš	ohrabe	ohrabeme	ohrabete	ohrabou	-	-	-	-	-	-	-	-
ohradit	-	-	-	-	-	-	ohraď	ohraďme	ohraďte	-	ohrazen	-	-
ohranit	-	-	-	-	-	-	ohraň	ohraňme	ohraňte	-	ohraněn	-	-	-
ohraničit	-	-	-	-	-	-	-	-	-	-	-	ohraniče	-	-
ohrnout	-	-	-	-	-	-	ohrň	ohrňme	ohrňte	ohrnul	-	-	-	ohrnula
ohrozit	-	-	-	-	-	-	-	-	-	-	ohrožen	-	-
ohrát	ohraji	ohraješ	ohraje	ohrajeme	ohrajete	ohrajou	ohraj	ohrajme	ohrajte	-	ohrán	-	-	-
ohvězdit	-	-	-	-	-	-	-	-	-	-	ohvězděn	-	-	-
ohvězdnit	-	-	-	-	-	-	ohvězdň	ohvězdňme	ohvězdňte	-	ohvězdněn	-	-	-
ohyzdit	-	-	-	-	-	-	-	-	-	-	ohyzděn	-	-	-
ohánět	-	-	-	-	-	-	oháněj	ohánějme	ohánějte	-	oháněn	oháněje	ohánějíc	-
oházet	-	-	-	-	-	oházejí	oházej	oházejme	oházejte	-	-	oházeje	oházejíc	-
ohřát	ohřeji	ohřeješ	ohřeje	ohřejeme	ohřejete	ohřejou	ohřej	ohřejme	ohřejte	-	ohřát	-	-
ojet	ojedu	ojedeš	ojede	ojedeme	ojedete	ojedou	ojeď	ojeďme	ojeďte	-	ojet	-	-	-
ojezdit	-	-	-	-	-	-	ojezdi	ojezděme	ojezděte	-	ojezděn	-	-	-
ojínit	-	-	-	-	-	-	ojíni	ojíněme	ojíněte	-	ojíněn	-	-	-
ojíst	ojím	ojíš	ojí	ojíme	ojíte	ojedí	ojez	ojezme	ojezte	ojedl	ojeden	-	-	ojedla
ojíždět	-	-	-	-	-	-	ojížděj	ojíždějme	ojíždějte	-	ojížděn	ojížděje	ojíždějíc	-
okadit	-	-	-	-	-	-	-	-	-	-	okaděn	-	-	-
okalit	-	-	-	-	-	-	-	-	-	-	-	okale	-	-
okařit	-	-	-	-	-	-	-	-	-	-	-	okaře	-	-
oklamat	oklamu	oklameš	oklame	oklameme	oklamete	oklamou	-	-	-	-	-	-	-
oklestit	-	-	-	-	-	-	oklesti	oklestěme	oklestěte	-	oklestěn	-	-	-
okleštit	-	-	-	-	-	-	oklešti	okleštěme	okleštěte	-	okleštěn	-	-	-
oklovat	oklovu	okloveš	oklove	okloveme	oklovete	oklovají	oklovej	oklovejme	oklovejte	-	oklován	oklovaje	oklovajíc	-
oklátit	-	-	-	-	-	-	oklať	oklaťme	oklaťte	-	oklácen	-	-	-
okněžit	-	-	-	-	-	-	-	-	-	-	-	okněže	-	-
okosit	-	-	-	-	-	-	-	-	-	-	-	okose	-	-
okotit	-	-	-	-	-	-	okoť	okoťme	okoťte	-	okotěn	-	-	-
okoulet	-	-	-	-	-	okoulejí	okoulej	okoulejme	okoulejte	-	-	okouleje	okoulejíc	-
okounět	-	-	-	-	-	-	okouněj	okounějme	okounějte	-	okouněn	okouněje	okounějíc	-
okout	okuji	okuješ	okuje	okujeme	okujete	okujou	okuj	okujme	okujte	okul	okut	-	-	okula
okouzlit	-	-	-	-	-	-	okouzli	okouzleme	okouzlete	-	-	-	-	-
okouřit	-	-	-	-	-	-	okuř	okuřme	okuřte	-	-	-	-	-
okoušet	-	-	-	-	-	okoušejí	okoušej	okoušejme	okoušejte	-	-	okoušeje	okoušejíc	-
okovat	okovu	okoveš	okove	okoveme	okovete	okovají	okovej	okovejme	okovejte	-	okován	-	-
okořenit	-	-	-	-	-	-	okořeň	okořeňme	okořeňte	-	okořeněn	-	-	-
okreslit	-	-	-	-	-	-	okresli	okresleme	okreslete	-	-	-	-	-
okrojit	-	-	-	-	-	-	-	-	-	-	-	okroje	-	-
okrájet	-	-	-	-	-	okrájejí	okrájej	okrájejme	okrájejte	-	-	okrájeje	okrájejíc	-
okrást	okradu	okradeš	okrade	okrademe	okradete	okradou	okraď	okraďme	okraďte	okradl	okraden	-	-	okradla
okrášlit	-	-	-	-	-	-	okrášli	okrášleme	okrášlete	-	-	-	-	-
okulatit	-	-	-	-	-	-	okulať	okulaťme	okulaťte	-	okulacen	-	-	-
okusit	-	-	-	-	-	-	-	-	-	-	okušen	-	-
okypřit	-	-	-	-	-	-	okypři	okypřeme	okypřete	-	-	-	-	-
okyselit	-	-	-	-	-	-	-	-	-	-	-	okysele	-	-
okysličit	-	-	-	-	-	-	-	-	-	-	-	okysliče	-	-
okřát	okřeji	okřeješ	okřeje	okřejeme	okřejete	okřejou	okřej	okřejme	okřejte	-	okřát	-	-	-
okřídlit	-	-	-	-	-	-	okřídli	okřídleme	okřídlete	-	-	-	-	-
oleštit	-	-	-	-	-	-	olešti	oleštěme	oleštěte	-	oleštěn	-	-	-
olistit	-	-	-	-	-	-	olisti	olistěme	olistěte	-	olistěn	-	-	-
oloupit	-	-	-	-	-	-	olup	olupme	olupte	-	-	-	-	-
olámat	olámu	olámeš	oláme	olámeme	olámete	olámou	-	-	-	-	-	-	-	-
omarodit	-	-	-	-	-	-	omaroď	omaroďme	omaroďte	-	omaroděn	-	-	-
omastit	-	-	-	-	-	-	omasti	omastěme	omastěte	-	omaštěn	-	-	-
omdlít	omdlím	omdlíš	omdlí	omdlíme	omdlíte	omdlí	omdli	omdleme	omdlete	omdlel	omdlen	-	-	-
omilostnit	-	-	-	-	-	-	omilostni	omilostněme	omilostněte	-	omilostněn	-	-	-
omladit	-	-	-	-	-	-	omlaď	omlaďme	omlaďte	-	omlazen	-	-
omlátit	-	-	-	-	-	-	omlať	omlaťme	omlaťte	-	omlácen	-	-	-
omlít	omelu	omeleš	omele	omeleme	omelete	omelou	omel	omelme	omelte	omlel	omlet	-	-	omlela
omlžit	-	-	-	-	-	-	-	-	-	-	-	omlže	-	-
omodřit	-	-	-	-	-	-	omodři	omodřeme	omodřete	-	-	-	-	-
omočit	-	-	-	-	-	-	-	-	-	-	-	omoče	-	-
omrzet	-	-	-	-	-	omrzí	omrz	omrzme	omrzte	-	-	-	-	-
omráčit	-	-	-	-	-	-	omrač	omračme	omračte	-	-	-	-	-
omámit	-	-	-	-	-	-	omam	omamme	omamte	-	-	-	-	-
omáčet	-	-	-	-	-	omáčejí	omáčej	omáčejme	omáčejte	-	-	omáčeje	omáčejíc	-
omést	ometu	ometeš	omete	ometeme	ometete	ometou	omeť	omeťme	omeťte	ometl	ometen	-	-	ometla
omýt	omeji	omyješ	omyje	omejem	omyjete	omejí	omyj	omejmež	omejtež	omyl	omyt	-	-	omyla
omšít	-	-	-	-	-	-	-	-	-	omšel	omšen	-	-	omšela
omžít	omžím	omžíš	omží	omžíme	omžíte	omží	omži	omžeme	omžete	omžil	omžen	-	-	omžila
onemocnět	-	-	-	-	-	-	onemocni	-	-	-	onemocněn	-	-	-
oněmět	-	-	-	-	-	-	-	-	-	-	oněměn	-	-
oparádit	-	-	-	-	-	-	oparádi	oparáděme	oparáděte	-	oparáděn	-	-	-
opařit	-	-	-	-	-	-	-	-	-	-	-	opaře	-	-
opentlit	-	-	-	-	-	-	opentli	opentleme	opentlete	-	-	-	-	-
opepřit	-	-	-	-	-	-	opepři	opepřeme	opepřete	-	-	-	-	-
opevnit	-	-	-	-	-	-	opevni	opevněme	opevněte	-	opevněn	-	-	-
opeřit	-	-	-	-	-	-	-	-	-	-	-	opeře	-	-
opičit	-	-	-	-	-	-	-	-	-	-	-	opiče	-
oplakat	opláči	opláčeš	opláče	opláčeme	opláčete	opláčou	-	-	-	-	-	-	-	-
oplatit	-	-	-	-	-	-	oplať	oplaťme	oplaťte	-	oplacen	-	-
oplešatět	-	-	-	-	-	-	oplešatěj	oplešatějme	oplešatějte	-	oplešatěn	oplešatěje	oplešatějíc	-
oplodit	-	-	-	-	-	-	oploď	oploďme	oploďte	-	oplozen	-	-	-
oplodnit	-	-	-	-	-	-	oplodni	oplodněme	oplodněte	-	oplodněn	-	-
oplotit	-	-	-	-	-	-	oploť	oploťme	oploťte	-	oplocen	-	-
oploutvit	-	-	-	-	-	-	oploutvi	oploutvěme	oploutvěte	-	-	-	-	-
oploštit	-	-	-	-	-	-	oplošti	oploštěme	oploštěte	-	oploštěn	-	-	-
oploštět	-	-	-	-	-	-	oploštěj	oploštějme	oploštějte	-	oploštěn	oploštěje	oploštějíc	-
oplácet	-	-	-	-	-	oplácejí	oplácej	oplácejme	oplácejte	-	-	opláceje	oplácejíc	-
opláštit	-	-	-	-	-	-	oplášti	opláštěme	opláštěte	-	opláštěn	-	-	-
oplést	opletu	opleteš	oplete	opleteme	opletete	opletou	opleť	opleťme	opleťte	opletl	opleten	-	-	opletla
opnout	-	-	-	-	-	-	-	-	-	opjal	-	-	-	opjala
opodstatnit	-	-	-	-	-	-	opodstatni	opodstatněme	opodstatněte	-	opodstatněn	-	-	-
opojit	-	-	-	-	-	-	-	-	-	-	-	opoje	-	-
opomenout	-	-	-	-	-	-	opomeň	opomeňme	opomeňte	-	-	-	-	-
opominout	-	-	-	-	-	-	opomiň	opomiňme	opomiňte	-	-	-	-	-
opomíjet	-	-	-	-	-	opomíjejí	opomíjej	opomíjejme	opomíjejte	-	-	opomíjeje	opomíjejíc	-
opotit	-	-	-	-	-	-	opoť	opoťme	opoťte	-	opocen	-	-	-
opouzdřit	-	-	-	-	-	-	opouzdři	opouzdřeme	opouzdřete	-	-	-	-	-
opouštět	-	-	-	-	-	-	opouštěj	opouštějme	opouštějte	-	opouštěn	opouštěje	opouštějíc
opovážit	-	-	-	-	-	-	opovaž	opovažme	opovažte	-	-	-	-	-
opovědět	opovím	opovíš	opoví	opovíme	opovíte	opovědí	opověz	opovězme	opovězte	-	opověděn	-	-
opozdit	-	-	-	-	-	-	opozdi	opozděme	opozděte	-	opožděn	-	-
oprasit	-	-	-	-	-	-	-	-	-	-	-	oprase	-	-
oprat	operu	opereš	opere	opereme	operete	operou	oper	operme	operte	-	-	-	-
opražit	-	-	-	-	-	-	-	-	-	-	-	opraže	-	-
oprdět	-	-	-	-	-	oprdí	oprď	oprďme	oprďte	-	oprděn	-	-	-
oprostit	-	-	-	-	-	-	oprosti	oprostěme	oprostěte	-	oprostěn	-	-	-
oprudit	-	-	-	-	-	-	opruď	opruďme	opruďte	-	opruzen	-	-	-
oprávnit	-	-	-	-	-	-	oprávni	oprávněme	oprávněte	-	oprávněn	-	-	-
oprášit	-	-	-	-	-	-	opraš	oprašme	oprašte	-	-	-	-
opršet	-	-	-	-	-	oprší	oprš	opršme	opršte	-	-	-	-	-
opsat	opíši	opíšeš	opíše	opíšeme	opíšete	opíšou	opiš	opišme	opište	-	-	-	-	-
opustit	-	-	-	-	-	-	opusť	opusťme	opusťte	-	opuštěn	-	-
opylit	-	-	-	-	-	-	-	-	-	-	-	opyle	-	-
opájet	-	-	-	-	-	opájejí	opájej	opájejme	opájejte	-	-	opájeje	opájejíc	-
opálit	-	-	-	-	-	-	opal	opalme	opalte	-	-	-	-
opáčit	-	-	-	-	-	-	opač	opačme	opačte	-	-	-	-	-
opéci	opeču	opečeš	opeče	opečeme	opečete	opečou	opeč	opečme	opečte	opekl	opečen	-	-	opekla
opíjet	-	-	-	-	-	opíjejí	opíjej	opíjejme	opíjejte	-	-	opíjeje	opíjejíc
opít	opiji	opiješ	opije	opijeme	opijete	opijou	opij	opijme	opijte	opil	opit	-	-
opříst	opřadu	opřadeš	opřade	opřademe	opřadete	opřadou	opřaď	opřaďme	opřaďte	opřadl	opřaden	-	-	opřadla
opřít	opřu	opřeš	opře	opřeme	opřete	opřou	opři	opřeme	opřete	opřel	opřen	-	-
orazit	-	-	-	-	-	-	-	-	-	-	oražen	-	-	-
orvat	orvu	orveš	orve	orveme	orvete	orvou	orvi	orvěme	orvěte	-	-	-	-	-
orážet	-	-	-	-	-	orážejí	orážej	orážejme	orážejte	-	-	orážeje	orážejíc	-
orýt	oryji	oryješ	oryje	oryjeme	oryjete	oryjou	oryj	oryjme	oryjte	oryl	oryt	-	-	oryla
osadit	-	-	-	-	-	-	osaď	osaďme	osaďte	-	osazen	-	-
osamostatnit	-	-	-	-	-	-	osamostatni	osamostatněme	osamostatněte	-	osamostatněn	-	-	-
osamotit	-	-	-	-	-	-	osamoť	osamoťme	osamoťte	-	osamocen	-	-
osamět	-	-	-	-	-	-	osaměj	osamějme	osamějte	-	osaměn	osaměje	osamějíc	-
osedět	-	-	-	-	-	osedí	oseď	oseďme	oseďte	-	oseděn	-	-	-
osemenit	-	-	-	-	-	-	osemeň	osemeňme	osemeňte	-	osemeněn	-	-	-
osiřet	-	-	-	-	-	osiřejí	osiř	osiřme	osiřte	-	-	-	-	-
osladit	-	-	-	-	-	-	oslaď	oslaďme	oslaďte	-	oslazen	-	-	-
oslinit	-	-	-	-	-	-	osliň	osliňme	osliňte	-	osliněn	-	-	-
oslnit	-	-	-	-	-	-	oslň	oslňme	oslňte	-	oslněn	-	-
oslunit	-	-	-	-	-	-	osluň	osluňme	osluňte	-	osluněn	-	-	-
oslyšet	-	-	-	-	-	oslyší	oslyš	oslyšme	oslyšte	-	-	-	-
osmažit	-	-	-	-	-	-	-	-	-	-	-	osmaže	-	-
osmýčit	-	-	-	-	-	-	osmyč	osmyčme	osmyčte	-	-	-	-	-
osmělit	-	-	-	-	-	-	-	-	-	-	-	osměle	-	-
osolit	-	-	-	-	-	-	-	-	-	-	-	osole	-	-
osoušet	-	-	-	-	-	osoušejí	osoušej	osoušejme	osoušejte	-	-	osoušeje	osoušejíc	-
osočit	-	-	-	-	-	-	-	-	-	-	-	osoče	-	-
ospravedlnit	-	-	-	-	-	-	ospravedlň	ospravedlňme	ospravedlňte	-	ospravedlněn	-	-
ostat	ostanu	ostaneš	ostane	ostaneme	ostanete	ostanou	ostaň	ostaňme	ostaňte	-	-	-	-
ostouzet	-	-	-	-	-	ostouzejí	ostouzej	ostouzejme	ostouzejte	-	-	ostouzeje	ostouzejíc	-
ostudit	-	-	-	-	-	-	ostuď	ostuďme	ostuďte	-	ostuzen	-	-	-
ostřit	-	-	-	-	-	-	ostři	ostřeme	ostřete	-	-	ostře	-
ostřílet	-	-	-	-	-	ostřílejí	ostřílej	ostřílejme	ostřílejte	-	-	ostříleje	ostřílejíc	-
osušit	-	-	-	-	-	-	-	-	-	-	-	osuše	-	-
osvalit	-	-	-	-	-	-	-	-	-	-	-	osvale	-	-
osvobodit	-	-	-	-	-	-	osvoboď	osvoboďme	osvoboďte	-	osvobozen	-	-
osvojit	-	-	-	-	-	-	-	-	-	-	-	osvoje	-	-
osvítit	-	-	-	-	-	-	osviť	osviťme	osviťte	-	osvícen	-	-
osvědčit	-	-	-	-	-	-	-	-	-	-	-	osvědče	-	-
osvětlit	-	-	-	-	-	-	osvětli	osvětleme	osvětlete	-	-	-	-
osvěžit	-	-	-	-	-	-	-	-	-	-	-	osvěže	-	-
osázet	-	-	-	-	-	osázejí	osázej	osázejme	osázejte	-	-	osázeje	osázejíc	-
osíci	oseku	osečeš	oseče	osečeme	osečete	osečou	osec	osecme	osecte	osekl	osečen	-	-	osekla
osídlit	-	-	-	-	-	-	osídli	osídleme	osídlete	-	-	-	-	-
osípět	-	-	-	-	-	-	osípěj	osípějme	osípějte	-	osípěn	osípěje	osípějíc	-
osít	oseji	oseješ	oseje	osejeme	osejete	osejou	osej	osejme	osejte	osel	oset	-	-
otelit	-	-	-	-	-	-	-	-	-	-	-	otele	-	-
oteplit	-	-	-	-	-	-	otepli	otepleme	oteplete	-	-	-	-
otevřít	otevřu	otevřeš	otevře	otevřeme	otevřete	otevřou	otevři	otevřeme	otevřete	otevřel	otevřen	-	-
otlačit	-	-	-	-	-	-	-	-	-	-	-	otlače	-	-
otlouci	otluču	otlučeš	otluče	otlučeme	otlučete	otlučou	otluč	otlučme	otlučte	otloukl	otlučen	-	-	otloukla
otočit	-	-	-	-	-	-	-	-	-	-	-	otoče	-	-
otrnout	-	-	-	-	-	-	otrň	otrňme	otrňte	otrnul	-	-	-	otrnula
otročit	-	-	-	-	-	-	-	-	-	-	-	otroče	-	-
otrávit	-	-	-	-	-	-	otrav	otravme	otravte	-	-	-	-
otupět	-	-	-	-	-	-	otupěj	otupějme	otupějte	-	otupěn	otupěje	otupějíc	-
otužit	-	-	-	-	-	-	-	-	-	-	-	otuže	-	-
otálet	-	-	-	-	-	otálejí	otálej	otálejme	otálejte	-	-	otáleje	otálejíc
otápět	-	-	-	-	-	-	otápěj	otápějme	otápějte	-	otápěn	otápěje	otápějíc	-
otázat	otáži	otážeš	otáže	otážeme	otážete	otážou	otaž	otažme	otažte	-	-	-	-	-
otáčet	-	-	-	-	-	otáčejí	otáčej	otáčejme	otáčejte	-	-	otáčeje	otáčejíc
otéci	oteču	otečeš	oteče	otečeme	otečete	otečou	oteč	otečme	otečte	otekl	otečen	-	-	-
otěhotnět	-	-	-	-	-	-	otěhotni	otěhotněme	otěhotněte	-	otěhotněn	-	-	-
otřást	otřesu	otřeseš	otřese	otřeseme	otřesete	otřesou	otřes	otřesme	otřeste	-	otřesen	-	-
otřít	otřu	otřeš	otře	otřeme	otřete	otřou	otři	otřeme	otřete	otřel	otřen	-	-
ouředničit	-	-	-	-	-	-	-	-	-	-	-	ouředniče	-	-
ovanout	-	-	-	-	-	-	ovaň	ovaňme	ovaňte	-	-	-	-	-
ovařit	-	-	-	-	-	-	-	-	-	-	-	ovaře	-	-
ovdovět	-	-	-	-	-	-	ovdověj	ovdovějme	ovdovějte	-	ovdověn	ovdověje	ovdovějíc	-
ovinout	-	-	-	-	-	-	oviň	oviňme	oviňte	-	-	-	-	-
ovlažit	-	-	-	-	-	-	-	-	-	-	-	ovlaže	-	-
ovlhčit	-	-	-	-	-	-	ovlhči	ovlhčeme	ovlhčete	-	-	-	-	-
ovlivnit	-	-	-	-	-	-	ovlivni	ovlivněme	ovlivněte	-	ovlivněn	-	-
ovonět	-	-	-	-	-	ovoní	ovoň	ovoňme	ovoňte	-	ovoněn	-	-	-
ovroubit	-	-	-	-	-	-	ovroubi	ovrouběme	ovrouběte	-	-	-	-	-
oválet	-	-	-	-	-	oválejí	oválej	oválejme	oválejte	-	-	ováleje	oválejíc	-
ovápnit	-	-	-	-	-	-	ovápni	ovápněme	ovápněte	-	ovápněn	-	-	-
ovát	ověji	ověješ	ověje	ovějeme	ovějete	ovějou	ověj	ovějme	ovějte	-	ovát	-	-	-
ovíjet	-	-	-	-	-	ovíjejí	ovíjej	ovíjejme	ovíjejte	-	-	ovíjeje	ovíjejíc	-
ovínit	-	-	-	-	-	-	-	-	-	-	ovíněn	-	-	-
ovít	oviji	oviješ	ovije	ovijeme	ovijete	ovijou	ovij	ovijme	ovijte	ovil	ovit	-	-	ovila
ověnčit	-	-	-	-	-	-	ověnči	ověnčeme	ověnčete	-	-	-	-	-
ověsit	-	-	-	-	-	-	-	-	-	-	ověšen	-	-
ověřit	-	-	-	-	-	-	-	-	-	-	-	ověře	-	-
ověšet	-	-	-	-	-	ověší	ověš	ověšme	ověšte	-	-	-	-	-
ovšednět	-	-	-	-	-	-	ovšedněj	ovšednějme	ovšednějte	-	ovšedněn	ovšedněje	ovšednějíc	-
ozbrojit	-	-	-	-	-	-	-	-	-	-	-	ozbroje	-	-
ozdravět	-	-	-	-	-	ozdraví	ozdrav	ozdravme	ozdravte	-	ozdravěn	-	-	-
ozelenit	-	-	-	-	-	-	ozeleň	ozeleňme	ozeleňte	-	ozeleněn	-	-	-
ozkoušet	-	-	-	-	-	ozkoušejí	ozkoušej	ozkoušejme	ozkoušejte	-	-	ozkoušeje	ozkoušejíc	-
ozlatit	-	-	-	-	-	-	ozlať	ozlaťme	ozlaťte	-	ozlacen	-	-	-
označit	-	-	-	-	-	-	-	-	-	-	-	označe	-	-
oznámit	-	-	-	-	-	-	oznam	oznamme	oznamte	-	-	-	-
ozvat	ozvu	ozveš	ozve	ozveme	ozvete	ozvou	ozvi	ozvěme	ozvěte	-	-	-	-
ozvláštnit	-	-	-	-	-	-	ozvláštni	ozvláštněme	ozvláštněte	-	ozvláštněn	-	-	-
ozvučit	-	-	-	-	-	-	-	-	-	-	-	ozvuče	-	-
ozářit	-	-	-	-	-	-	ozař	ozařme	ozařte	-	-	-	-	-
ozřejmit	-	-	-	-	-	-	ozřejmi	ozřejměme	ozřejměte	-	-	-	-
očadit	-	-	-	-	-	-	očaď	očaďme	očaďte	-	očaděn	-	-	-
očalounit	-	-	-	-	-	-	očalouni	očalouněme	očalouněte	-	očalouněn	-	-	-
očernit	-	-	-	-	-	-	očerni	očerněme	očerněte	-	očerněn	-	-
očistit	-	-	-	-	-	-	očisti	očistěme	očistěte	-	očistěn	-	-
očmoudit	-	-	-	-	-	-	očmoudi	očmouděme	očmouděte	-	očmouděn	-	-	-
očmudit	-	-	-	-	-	-	očmuď	očmuďme	očmuďte	-	očmuděn	-	-	-
očoudit	-	-	-	-	-	-	očoudi	očouděme	očouděte	-	očouděn	-	-	-
očudit	-	-	-	-	-	-	očuď	očuďme	očuďte	-	očuděn	-	-	-
očíst	očtu	očteš	očte	očteme	očtete	očtou	očti	očtěme	očtěte	očetl	očten	-	-	očetla
ořvat	ořvu	ořveš	ořve	ořveme	ořvete	ořvou	ořvi	ořvěme	ořvěte	-	-	-	-	-
ošatit	-	-	-	-	-	-	ošať	ošaťme	ošaťte	-	ošacen	-	-	-
ošerednět	-	-	-	-	-	-	ošeredněj	ošerednějme	ošerednějte	-	ošeredněn	ošeredněje	ošerednějíc	-
ošetřit	-	-	-	-	-	-	ošetři	ošetřeme	ošetřete	-	-	-	-	-
ošidit	-	-	-	-	-	-	ošiď	ošiďme	ošiďte	-	ošizen	-	-
ošišatit	-	-	-	-	-	-	ošišať	ošišaťme	ošišaťte	-	ošišacen	-	-	-
ošklivět	-	-	-	-	-	-	ošklivěj	ošklivějme	ošklivějte	-	ošklivěn	ošklivěje	ošklivějíc	-
oškvařit	-	-	-	-	-	-	-	-	-	-	-	oškvaře	-	-
ošpičatit	-	-	-	-	-	-	ošpičať	ošpičaťme	ošpičaťte	-	ošpičacen	-	-	-
ošulit	-	-	-	-	-	-	-	-	-	-	-	ošule	-	-
ošumět	-	-	-	-	-	-	ošuměj	ošumějme	ošumějte	-	ošuměn	ošuměje	ošumějíc	-
ošálit	-	-	-	-	-	-	ošal	ošalme	ošalte	-	-	-	-	-
ošít	ošiji	ošiješ	ošije	ošijeme	ošijete	ošijou	ošij	ošijme	ošijte	ošil	ošit	-	-	ošila
ožebračit	-	-	-	-	-	-	-	-	-	-	-	ožebrače	-	-
oželet	-	-	-	-	-	oželí	ožel	oželme	oželte	-	-	-	-	-
oženit	-	-	-	-	-	-	ožeň	ožeňme	ožeňte	-	oženěn	-	-
ožlutit	-	-	-	-	-	-	ožluť	ožluťme	ožluťte	-	ožlucen	-	-	-
ožlučit	-	-	-	-	-	-	-	-	-	-	-	ožluče	-	-
ožnout	-	-	-	-	-	-	-	-	-	ožal	-	-	-	ožala
ožrat	ožeru	ožereš	ožere	ožereme	ožerete	ožerou	ožer	ožerme	ožerte	-	-	-	-	-
ožulit	-	-	-	-	-	-	-	-	-	-	-	ožule	-	-
ožít	ožiji	ožiješ	ožije	ožijeme	ožijete	ožijou	ožij	ožijme	ožijte	ožil	ožit	-	-	ožila
pachtit	-	-	-	-	-	-	pachti	pachtěme	pachtěte	-	pachtěn	-	-	-
panikařit	-	-	-	-	-	-	-	-	-	-	-	panikaře	-
papučovatět	-	-	-	-	-	-	papučovatěj	papučovatějme	papučovatějte	-	papučovatěn	papučovatěje	papučovatějíc	-
parádit	-	-	-	-	-	-	parádi	paráděme	paráděte	-	paráděn	-	-	-
pastvit	-	-	-	-	-	-	pastvi	pastvěme	pastvěte	-	-	-	-	-
patřit	-	-	-	-	-	-	patři	patřeme	patřete	-	-	patře	-	-
pařit	-	-	-	-	-	-	-	-	-	-	-	paře	-
pažit	-	-	-	-	-	-	-	-	-	-	-	paže	-	-
pelešit	-	-	-	-	-	-	-	-	-	-	-	peleše	-	-
pelášit	-	-	-	-	-	-	peláši	pelášeme	pelášete	-	-	peláše	-
pentlit	-	-	-	-	-	-	pentli	pentleme	pentlete	-	-	pentle	-	-
pepřit	-	-	-	-	-	-	pepři	pepřeme	pepřete	-	-	pepře	-	-
perendit	-	-	-	-	-	-	perenď	perenďme	perenďte	-	perenzen	-	-	-
perlit	-	-	-	-	-	-	perli	perleme	perlete	-	-	perle	-	-
pestřit	-	-	-	-	-	-	pestři	pestřeme	pestřete	-	-	pestře	-	-
pečetit	-	-	-	-	-	-	pečeť	pečeťme	pečeťte	-	pečetěn	-	-	-
pinožit	-	-	-	-	-	-	-	-	-	-	-	pinože	-	-
pitomět	-	-	-	-	-	-	pitoměj	pitomějme	pitomějte	-	pitoměn	pitoměje	pitomějíc	-
pitvořit	-	-	-	-	-	-	-	-	-	-	-	pitvoře	-	-
pizdit	-	-	-	-	-	-	pizdi	pizděme	pizděte	-	pizděn	-	-	-
pištět	-	-	-	-	-	piští	pišti	pištěme	pištěte	-	pištěn	piště	pištíc	-
plachtit	-	-	-	-	-	-	plachti	plachtěme	plachtěte	-	plachtěn	-	-	-
plahočit	-	-	-	-	-	-	-	-	-	-	-	plahoče	-	-
plakat	pláču	pláčeš	pláče	pláčeme	pláčete	pláčou	-	-	-	-	-	-	-
planout	-	-	-	-	-	-	plaň	plaňme	plaňte	-	-	-	-
planět	-	-	-	-	-	planí	plaň	plaňme	plaňte	-	planěn	planě	planíc	-
platit	-	-	-	-	-	-	plať	plaťme	plaťte	-	placen	-	-
plavat	plavu	plaveš	plave	plaveme	plavete	plavou	-	-	-	-	-	-	-
plavčit	-	-	-	-	-	-	plavči	plavčeme	plavčete	-	-	plavče	-	-
plazit	-	-	-	-	-	-	-	-	-	-	-	plaze	-
plašit	-	-	-	-	-	-	-	-	-	-	-	plaše	-
plemenit	-	-	-	-	-	-	plemeň	plemeňme	plemeňte	-	plemeněn	-	-	-
plenit	-	-	-	-	-	-	pleň	pleňme	pleňte	-	pleněn	-	-
plesnivět	-	-	-	-	-	-	plesnivěj	plesnivějme	plesnivějte	-	plesnivěn	plesnivěje	plesnivějíc	-
pletichařit	-	-	-	-	-	-	-	-	-	-	-	pletichaře	-
plevelit	-	-	-	-	-	-	-	-	-	-	-	plevele	-	-
plešatět	-	-	-	-	-	plešatí	plešať	plešaťme	plešaťte	-	plešatěn	plešatě	plešatíc	-
plichtit	-	-	-	-	-	-	plichti	plichtěme	plichtěte	-	plichtěn	-	-	-
plnit	-	-	-	-	-	-	plň	plňme	plňte	-	plněn	-	-
plodit	-	-	-	-	-	-	ploď	ploďme	ploďte	-	plozen	-	-
plout	pluji	pluješ	pluje	plujeme	plujete	plujou	pluj	plujme	plujte	plul	plut	pluje	plujíc	-
ploužit	-	-	-	-	-	-	plouži	ploužeme	ploužete	-	-	plouže	-
plovat	plovu	ploveš	plove	ploveme	plovete	plovají	plovej	plovejme	plovejte	-	plován	plovaje	plovajíc	-
plstit	-	-	-	-	-	-	-	-	-	-	plstěn	-	-	-
plstnatět	-	-	-	-	-	-	plstnatěj	plstnatějme	plstnatějte	-	plstnatěn	plstnatěje	plstnatějíc	-
plužit	-	-	-	-	-	-	-	-	-	-	-	pluže	-	-
plynout	-	-	-	-	-	-	plyň	plyňme	plyňte	-	-	-	-
plát	plám	pláš	plá	pláme	pláte	-	-	-	-	-	-	-	-
plést	pletu	pleteš	plete	pleteme	pletete	pletou	pleť	pleťme	pleťte	pletl	pleten	pleta	pletouc
plísnit	-	-	-	-	-	-	plísni	-	-	-	-	-	-
plít	pleji	pleješ	pleje	plejeme	plejete	plejou	plej	plejme	plejte	plel	plet	pleje	plejíc	plela
plížit	-	-	-	-	-	-	pliž	pližme	pližte	-	-	plíže	-
pnout	-	-	-	-	-	-	-	-	-	pjal	-	-	-
pnít	-	-	-	-	-	-	-	-	-	pňal	pňat	-	-	pňala
poalbánštit	-	-	-	-	-	-	-	-	-	-	poalbánštěn	-	-	-
poamerikánštit	-	-	-	-	-	-	poamerikánšti	poamerikánštěme	poamerikánštěte	-	poamerikánštěn	-	-	-
poameričtit	-	-	-	-	-	-	poameričti	poameričtěme	poameričtěte	-	poameričtěn	-	-	-
poangličtit	-	-	-	-	-	-	poangličti	poangličtěme	poangličtěte	-	poangličtěn	-	-	-
poarabštit	-	-	-	-	-	-	poarabšti	poarabštěme	poarabštěte	-	poarabštěn	-	-	-
pobakalářštit	-	-	-	-	-	-	-	-	-	-	pobakalářštěn	-	-	-
pobarvit	-	-	-	-	-	-	pobarvi	pobarvěme	pobarvěte	-	-	-	-	-
poblahopřát	poblahopřeji	poblahopřeješ	poblahopřeje	poblahopřejeme	poblahopřejete	poblahopřejou	poblahopřej	poblahopřejme	poblahopřejte	-	poblahopřán	-	-	-
pobloudit	-	-	-	-	-	-	pobloudi	poblouděme	poblouděte	-	poblouzen	-	-
poblouznit	-	-	-	-	-	-	poblouzni	poblouzněme	poblouzněte	-	poblouzněn	-	-	-
pobláznit	-	-	-	-	-	-	poblázni	poblázněme	poblázněte	-	poblázněn	-	-
poblít	pobliji	pobliješ	poblije	poblijeme	poblijete	poblijou	poblij	poblijme	poblijte	poblil	poblit	-	-	poblila
pobouřit	-	-	-	-	-	-	pobouři	pobouřeme	pobouřete	-	-	-	-
pobořit	-	-	-	-	-	-	-	-	-	-	-	poboře	-	-
pobrat	poberu	pobereš	pobere	pobereme	poberete	poberou	pober	poberme	poberte	-	-	-	-
pobratřit	-	-	-	-	-	-	pobratři	pobratřeme	pobratřete	-	-	-	-	-
pobrečet	-	-	-	-	-	pobrečí	pobreč	pobrečme	pobrečte	-	-	-	-	-
pobrněnštit	-	-	-	-	-	-	-	-	-	-	pobrněnštěn	-	-	-
pobulharštit	-	-	-	-	-	-	pobulharšti	pobulharštěme	pobulharštěte	-	pobulharštěn	-	-	-
pobíjet	-	-	-	-	-	pobíjejí	pobíjej	pobíjejme	pobíjejte	-	-	pobíjeje	pobíjejíc
pobít	pobiji	pobiješ	pobije	pobijeme	pobijete	pobijou	pobij	pobijme	pobijte	pobil	pobit	-	-
pobízet	-	-	-	-	-	pobízejí	pobízej	pobízejme	pobízejte	-	-	pobízeje	pobízejíc	-
pobýt	pobudu	pobudeš	pobude	pobudeme	pobudete	pobudou	pobuď	pobuďme	pobuďte	pobyl	-	-	-
pocejtit	-	-	-	-	-	-	pocejť	pocejťme	pocejťte	-	pocejtěn	-	-	-
pochcat	pochčiji	pochčiješ	pochčije	pochčijeme	pochčijete	pochčijou	pochčij	pochčijme	pochčijte	-	-	-	-	-
pochodit	-	-	-	-	-	-	pochoď	pochoďme	pochoďte	-	pochozen	-	-	-
pochovat	pochovám	pochováš	pochová	pochováme	pochováte	pochovají	pochovej	pochovejme	pochovejte	-	pochován	-	-
pochválit	-	-	-	-	-	-	pochval	pochvalme	pochvalte	-	-	-	-
pochytit	-	-	-	-	-	-	pochyť	pochyťme	pochyťte	-	pochycen	-	-	-
pocházet	-	-	-	-	-	pocházejí	pocházej	pocházejme	pocházejte	-	-	pocházeje	pocházejíc
pocpat	pocpu	pocpeš	pocpe	pocpeme	pocpete	pocpou	pocpi	pocpěme	pocpěte	-	-	-	-	-
poctít	poctím	poctíš	poctí	poctíme	poctíte	poctí	pocti	poctěme	poctěte	poctil	poctěn	-	-	poctila
pocvičit	-	-	-	-	-	-	-	-	-	-	-	pocviče	-	-
pocítit	-	-	-	-	-	-	pociť	pociťme	pociťte	-	pocítěn	-	-
podařit	-	-	-	-	-	-	-	-	-	-	-	podaře	-	-
podbarvit	-	-	-	-	-	-	podbarvi	podbarvěme	podbarvěte	-	-	-	-	-
podbíjet	-	-	-	-	-	podbíjejí	podbíjej	podbíjejme	podbíjejte	-	-	podbíjeje	podbíjejíc	-
podbít	podbiji	podbiješ	podbije	podbijeme	podbijete	podbijou	podbij	podbijme	podbijte	podbil	podbit	-	-	podbila
podbízet	-	-	-	-	-	podbízejí	podbízej	podbízejme	podbízejte	-	-	podbízeje	podbízejíc	-
podcenit	-	-	-	-	-	-	podceň	podceňme	podceňte	-	podceněn	-	-
podchladit	-	-	-	-	-	-	podchlaď	podchlaďme	podchlaďte	-	podchlazen	-	-	-
podchytit	-	-	-	-	-	-	podchyť	podchyťme	podchyťte	-	podchycen	-	-	-
podcházet	-	-	-	-	-	podcházejí	podcházej	podcházejme	podcházejte	-	-	podcházeje	podcházejíc	-
podebrat	podeberu	podebereš	podebere	podebereme	podeberete	podeberou	podeber	podeberme	podeberte	-	-	-	-	-
podehnít	podehniji	podehniješ	podehnije	podehnijeme	podehnijete	podehnijou	podehnij	podehnijme	podehnijte	podehnil	podehnit	-	-	podehnila
podehrát	podehraji	podehraješ	podehraje	podehrajeme	podehrajete	podehrajou	podehraj	podehrajme	podehrajte	-	podehrán	-	-	-
podejet	podejedu	podejedeš	podejede	podejedeme	podejedete	podejedou	podejeď	podejeďme	podejeďte	-	podejet	-	-	-
podejmout	-	-	-	-	-	-	-	-	-	podjal	podjat	-	-
podejít	podejdu	podejdeš	podejde	podejdeme	podejdete	podejdou	podejdi	podejděme	podejděte	podešel	-	-	-	podešla
podemlít	podemelu	podemeleš	podemele	podemeleme	podemelete	podemelou	podemel	podemelme	podemelte	podemlel	podemlet	-	-	podemlela
podeplout	podepluji	podepluješ	podepluje	podeplujeme	podeplujete	podeplujou	podepluj	podeplujme	podeplujte	podeplul	podeplut	-	-	podeplula
podepnout	-	-	-	-	-	-	-	-	-	podepjal	-	-	-	podepjala
podepsat	podepíši	podepíšeš	podepíše	podepíšeme	podepíšete	podepíšou	podepiš	podepišme	podepište	-	-	-	-
podepřít	podepřu	podepřeš	podepře	podepřeme	podepřete	podepřou	podepři	podepřeme	podepřete	podepřel	podepřen	-	-
podestavět	-	-	-	-	-	podestaví	podestav	podestavme	podestavte	-	podestavěn	-	-	-
podestlat	podestelu	podesteleš	podestele	podesteleme	podestelete	podestelou	podestel	podestelme	podestelte	-	-	-	-	-
podestřít	podestřu	podestřeš	podestře	podestřeme	podestřete	podestřou	podestři	podestřeme	podestřete	podestřel	podestřen	-	-	podestřela
podetnout	-	-	-	-	-	-	-	-	-	podetnul	-	-	-	podetnula
podezdít	podezdím	podezdíš	podezdí	podezdíme	podezdíte	podezdí	podezdi	podezděme	podezděte	podezdil	podezděn	-	-	podezdila
podhodit	-	-	-	-	-	-	podhoď	podhoďme	podhoďte	-	podhozen	-	-	-
podhodnotit	-	-	-	-	-	-	podhodnoť	podhodnoťme	podhodnoťte	-	podhodnocen	-	-
podhrabat	podhrabu	podhrabeš	podhrabe	podhrabeme	podhrabete	podhrabou	-	-	-	-	-	-	-	-
podhrnout	-	-	-	-	-	-	podhrň	podhrňme	podhrňte	podhrnul	-	-	-	podhrnula
podhustit	-	-	-	-	-	-	podhusti	podhustěme	podhustěte	-	podhustěn	-	-	-
podjet	podjedu	podjedeš	podjede	podjedeme	podjedete	podjedou	podjeď	podjeďme	podjeďte	-	podjet	-	-	-
podjíždět	-	-	-	-	-	-	podjížděj	podjíždějme	podjíždějte	-	podjížděn	podjížděje	podjíždějíc	-
podklenout	-	-	-	-	-	-	podkleň	podkleňme	podkleňte	-	-	-	-	-
podkovat	podkovám	podkováš	podková	podkováme	podkováte	podkovají	podkovej	podkovejme	podkovejte	-	podkován	-	-
podkreslit	-	-	-	-	-	-	podkresli	podkresleme	podkreslete	-	-	-	-	-
podkročit	-	-	-	-	-	-	-	-	-	-	-	podkroče	-	-
podladit	-	-	-	-	-	-	podlaď	podlaďme	podlaďte	-	podladěn	-	-	-
podletět	-	-	-	-	-	podletí	podleť	podleťme	podleťte	-	podletěn	-	-	-
podloudničit	-	-	-	-	-	-	-	-	-	-	-	podloudniče	-	-
podložit	-	-	-	-	-	-	-	-	-	-	-	podlože	-	-
podlámat	podlámu	podlámeš	podláme	podlámeme	podlámete	podlámou	-	-	-	-	-	-	-	-
podlézt	podlezu	podlezeš	podleze	podlezeme	podlezete	podlezou	podlez	podlezme	podlezte	podlezl	podlezen	-	-
podlít	podleji	podleješ	podleje	podlejeme	podlejete	podlejou	podlej	podlejme	podlejte	podlil	podlit	-	-	podlila
podmanit	-	-	-	-	-	-	podmaň	podmaňme	podmaňte	-	podmaněn	-	-
podmastit	-	-	-	-	-	-	podmasti	podmastěme	podmastěte	-	podmaštěn	-	-	-
podmračit	-	-	-	-	-	-	-	-	-	-	-	podmrače	-	-
podmáčet	-	-	-	-	-	podmáčejí	podmáčej	podmáčejme	podmáčejte	-	-	podmáčeje	podmáčejíc	-
podmést	podmetu	podmeteš	podmete	podmeteme	podmetete	podmetou	podmeť	podmeťme	podmeťte	podmetl	podmeten	-	-	podmetla
podmínit	-	-	-	-	-	-	podmiň	podmiňme	podmiňte	-	podmíněn	-	-
podnajmout	podnajmu	podnajmeš	podnajme	podnajmeme	podnajmete	podnajmou	podnajmi	podnajměme	podnajměte	podnajal	podnajat	-	-	podnajala
podnapít	podnapiji	podnapiješ	podnapije	podnapijeme	podnapijete	podnapijou	podnapij	podnapijme	podnapijte	podnapil	podnapit	-	-	podnapila
podnést	podnesu	podneseš	podnese	podneseme	podnesete	podnesou	podnes	podnesme	podneste	podnesl	podnesen	-	-	podnesla
podnítit	-	-	-	-	-	-	-	-	-	-	podnícen	-	-
podojit	-	-	-	-	-	-	-	-	-	-	-	podoje	-	-
podovádět	-	-	-	-	-	-	podováděj	podovádějme	podovádějte	-	podováděn	podováděje	podovádějíc	-
podplatit	-	-	-	-	-	-	podplať	podplaťme	podplaťte	-	podplacen	-	-
podplavat	podplavu	podplaveš	podplave	podplaveme	podplavete	podplavou	-	-	-	-	-	-	-	-
podplazit	-	-	-	-	-	-	-	-	-	-	-	podplaze	-	-
podplout	podpluji	podpluješ	podpluje	podplujeme	podplujete	podplujou	podpluj	podplujme	podplujte	podplul	podplut	-	-	podplula
podplácet	-	-	-	-	-	podplácejí	podplácej	podplácejme	podplácejte	-	-	podpláceje	podplácejíc
podplést	podpletu	podpleteš	podplete	podpleteme	podpletete	podpletou	podpleť	podpleťme	podpleťte	podpletl	podpleten	-	-	podpletla
podpojistit	-	-	-	-	-	-	podpojisti	podpojistěme	podpojistěte	-	podpojištěn	-	-	-
podpořit	-	-	-	-	-	-	-	-	-	-	-	podpoře	-	-
podpálit	-	-	-	-	-	-	podpal	podpalme	podpalte	-	-	-	-
podrandit	-	-	-	-	-	-	-	-	-	-	podranděn	-	-	-
podrazit	-	-	-	-	-	-	-	-	-	-	-	podraze	-	-
podražit	-	-	-	-	-	-	-	-	-	-	-	podraže	-	-
podroušit	-	-	-	-	-	-	-	-	-	-	-	podrouše	-	-
podrtit	-	-	-	-	-	-	podrť	podrťme	podrťte	-	podrcen	-	-	-
podráždit	-	-	-	-	-	-	podráždi	podrážděme	podrážděte	-	podrážděn	-	-
podrážet	-	-	-	-	-	podrážejí	podrážej	podrážejme	podrážejte	-	-	podrážeje	podrážejíc
podrýt	podryji	podryješ	podryje	podryjeme	podryjete	podryjou	podryj	podryjme	podryjte	podryl	podryt	-	-	podryla
podrůst	podrostu	podrosteš	podroste	podrosteme	podrostete	podrostou	podrosť	podrosťme	podrosťte	podrostl	-	-	-	podrostla
podržet	-	-	-	-	-	podrží	podrž	podržme	podržte	-	-	-	-
podsadit	-	-	-	-	-	-	podsaď	podsaďme	podsaďte	-	podsazen	-	-	-
podskočit	-	-	-	-	-	-	-	-	-	-	-	podskoče	-	-
podsladit	-	-	-	-	-	-	-	-	-	-	podsladěn	-	-	-
podstoupit	-	-	-	-	-	-	podstup	podstupme	podstupte	-	-	-	-
podstrojit	-	-	-	-	-	-	-	-	-	-	-	podstroje	-	-
podstrčit	-	-	-	-	-	-	-	-	-	-	-	podstrče	-	-
podstřelit	-	-	-	-	-	-	-	-	-	-	-	podstřele	-	-
podsunout	-	-	-	-	-	-	podsuň	podsuňme	podsuňte	-	-	-	-	-
podsvítit	-	-	-	-	-	-	podsvíť	podsvíťme	podsvíťte	-	podsvícen	-	-	-
podsvětlit	-	-	-	-	-	-	podsvětli	podsvětleme	podsvětlete	-	-	-	-	-
podsít	podseji	podseješ	podseje	podsejeme	podsejete	podsejou	podsej	podsejme	podsejte	podsel	podset	-	-	podsela
podtočit	-	-	-	-	-	-	-	-	-	-	-	podtoče	-	-
podtáhnout	-	-	-	-	-	-	-	-	-	-	podtažen	-	-	-
podtáčet	-	-	-	-	-	podtáčejí	podtáčej	podtáčejme	podtáčejte	-	-	podtáčeje	podtáčejíc	-
podtéci	podteču	podtečeš	podteče	podtečeme	podtečete	podtečou	podteč	podtečme	podtečte	podtekl	podtečen	-	-	podtekla
podusit	-	-	-	-	-	-	-	-	-	-	podušen	-	-	-
podvinout	-	-	-	-	-	-	podviň	podviňme	podviňte	-	-	-	-	-
podvléci	podvleku	podvlečeš	podvleče	podvlečeme	podvlečete	podvlekou	podvlec	podvlecme	podvlecte	podvlekl	podvlečen	-	-	podvlekla
podvolit	-	-	-	-	-	-	-	-	-	-	-	podvole	-	-
podvracet	-	-	-	-	-	podvracejí	podvracej	podvracejme	podvracejte	-	-	podvraceje	podvracejíc	-
podvrátit	-	-	-	-	-	-	podvrať	podvraťme	podvraťte	-	podvrácen	-	-	-
podvádět	-	-	-	-	-	-	podváděj	podvádějme	podvádějte	-	podváděn	podváděje	podvádějíc
podvázat	podváži	podvážeš	podváže	podvážeme	podvážete	podvážou	podvaž	podvažme	podvažte	-	-	-	-	-
podvést	podvedu	podvedeš	podvede	podvedeme	podvedete	podvedou	podveď	podveďme	podveďte	podvedl	podveden	-	-	podvedla
podvěšet	-	-	-	-	-	podvěší	podvěš	podvěšme	podvěšte	-	-	-	-	-
podílet	-	-	-	-	-	podílejí	podílej	podílejme	podílejte	-	-	podíleje	podílejíc
podít	poději	poděješ	poděje	podějeme	podějete	podějou	poděj	podějme	podějte	poděl	-	-	-	poděla
podědit	-	-	-	-	-	-	poděď	poděďme	poděďte	-	poděděn	-	-
podělit	-	-	-	-	-	-	-	-	-	-	-	poděle	-	-
poděsit	-	-	-	-	-	-	-	-	-	-	poděšen	-	-	-
podřadit	-	-	-	-	-	-	podřaď	podřaďme	podřaďte	-	podřazen	-	-
podřídit	-	-	-	-	-	-	podřiď	podřiďme	podřiďte	-	podřízen	-	-
podřít	podřu	podřeš	podře	podřeme	podřete	podřou	podři	podřeme	podřete	podřel	podřen	-	-	podřela
podšít	podšiji	podšiješ	podšije	podšijeme	podšijete	podšijou	podšij	podšijme	podšijte	podšil	podšit	-	-
poevropštit	-	-	-	-	-	-	poevropšti	poevropštěme	poevropštěte	-	poevropštěn	-	-	-
pofinštit	-	-	-	-	-	-	pofinšti	pofinštěme	pofinštěte	-	pofinštěn	-	-	-
pofrancouzštit	-	-	-	-	-	-	pofrancouzšti	pofrancouzštěme	pofrancouzštěte	-	pofrancouzštěn	-	-	-
pofrčet	-	-	-	-	-	pofrčí	pofrč	pofrčme	pofrčte	-	-	-	-	-
pogermánštit	-	-	-	-	-	-	pogermánšti	pogermánštěme	pogermánštěte	-	pogermánštěn	-	-	-
pohanět	-	-	-	-	-	-	pohaň	pohaňme	pohaňte	-	pohaněn	-	-
pohašteřit	-	-	-	-	-	-	-	-	-	-	-	pohašteře	-	-
pohladit	-	-	-	-	-	-	pohlaď	pohlaďme	pohlaďte	-	pohlazen	-	-
pohledět	-	-	-	-	-	pohledí	pohleď	pohleďme	pohleďte	-	pohleděn	-	-	-
pohltit	-	-	-	-	-	-	pohlť	pohlťme	pohlťte	-	pohlcen	-	-
pohlížet	-	-	-	-	-	pohlížejí	pohlížej	pohlížejme	pohlížejte	-	-	pohlížeje	pohlížejíc	-
pohmoždit	-	-	-	-	-	-	pohmoždi	pohmožděme	pohmožděte	-	pohmožděn	-	-	-
pohnat	poženu	poženeš	požene	poženeme	poženete	poženou	požeň	požeňme	požeňte	-	-	-	-
pohnojit	-	-	-	-	-	-	-	-	-	-	-	pohnoje	-	-
pohodit	-	-	-	-	-	-	pohoď	pohoďme	pohoďte	-	pohozen	-	-	-
pohodlnět	-	-	-	-	-	pohodlní	pohodlň	pohodlňme	pohodlňte	-	pohodlněn	pohodlně	pohodlníc	-
pohonit	-	-	-	-	-	-	pohoň	pohoňme	pohoňte	-	pohoněn	-	-	-
pohoršit	-	-	-	-	-	-	pohorši	pohoršeme	pohoršete	-	-	-	-
pohostit	-	-	-	-	-	-	pohosti	pohostěme	pohostěte	-	pohoštěn	-	-	-
pohovořit	-	-	-	-	-	-	-	-	-	-	-	pohovoře	-	-
pohovět	-	-	-	-	-	pohoví	pohov	pohovme	pohovte	-	pohověn	-	-	-
pohořet	-	-	-	-	-	pohoří	pohoř	pohořme	pohořte	-	-	-	-	-
pohrabat	pohrabu	pohrabeš	pohrabe	pohrabeme	pohrabete	pohrabou	-	-	-	-	-	-	-	-
pohroužit	-	-	-	-	-	-	pohruž	pohružme	pohružte	-	-	-	-
pohrát	pohraji	pohraješ	pohraje	pohrajeme	pohrajete	pohrajou	pohraj	pohrajme	pohrajte	-	pohrán	-	-	-
pohrýzt	-	-	-	-	-	-	-	-	-	pohryzl	-	-	-	pohryzla
pohynout	-	-	-	-	-	-	pohyň	pohyňme	pohyňte	-	-	-	-	-
pohánět	-	-	-	-	-	-	poháněj	pohánějme	pohánějte	-	poháněn	poháněje	pohánějíc
poházet	-	-	-	-	-	poházejí	poházej	poházejme	poházejte	-	-	poházeje	poházejíc	-
pohřbít	pohřbím	pohřbíš	pohřbí	pohřbíme	pohřbíte	pohřbí	pohřbi	-	-	pohřbil	pohřben	-	-
pohřešit	-	-	-	-	-	-	-	-	-	-	-	pohřeše	-	-
pohřížit	-	-	-	-	-	-	pohřiž	pohřižme	pohřižte	-	-	-	-	-
poindiánštit	-	-	-	-	-	-	poindiánšti	poindiánštěme	poindiánštěte	-	poindiánštěn	-	-	-
poindičtit	-	-	-	-	-	-	poindičti	poindičtěme	poindičtěte	-	poindičtěn	-	-	-
poitalštit	-	-	-	-	-	-	poitalšti	poitalštěme	poitalštěte	-	poitalštěn	-	-	-
pojezdit	-	-	-	-	-	-	pojezdi	pojezděme	pojezděte	-	pojezděn	-	-	-
pojistit	-	-	-	-	-	-	pojisti	pojistěme	pojistěte	-	pojištěn	-	-
pojit	-	-	-	-	-	-	-	-	-	-	-	poje	-
pojmout	pojmu	pojmeš	pojme	pojmeme	pojmete	pojmou	pojmi	pojměme	pojměte	pojal	pojat	-	-
pojíst	pojím	pojíš	pojí	pojíme	pojíte	pojedí	pojez	pojezme	pojezte	pojedl	pojeden	-	-
pojít	pojdu	pojdeš	pojde	pojdeme	pojdete	pojdou	pojdi	pojděme	pojděte	pošel	-	-	-	pošla
pojíždět	-	-	-	-	-	-	pojížděj	pojíždějme	pojíždějte	-	pojížděn	pojížděje	pojíždějíc	-
pokadit	-	-	-	-	-	-	pokaď	pokaďme	pokaďte	-	pokaděn	-	-	-
pokalit	-	-	-	-	-	-	-	-	-	-	-	pokale	-	-
pokamenit	-	-	-	-	-	-	-	-	-	-	pokameněn	-	-	-
pokatoličit	-	-	-	-	-	-	-	-	-	-	-	pokatoliče	-	-
pokatoličtit	-	-	-	-	-	-	pokatoličti	pokatoličtěme	pokatoličtěte	-	pokatoličtěn	-	-	-
pokazit	-	-	-	-	-	-	-	-	-	-	pokažen	-	-
poklidit	-	-	-	-	-	-	pokliď	pokliďme	pokliďte	-	poklizen	-	-
poklonit	-	-	-	-	-	-	pokloň	pokloňme	pokloňte	-	pokloněn	-	-	-
poklábosit	-	-	-	-	-	-	-	-	-	-	-	poklábose	-	-
poklápět	-	-	-	-	-	-	poklápěj	poklápějme	poklápějte	-	poklápěn	poklápěje	poklápějíc	-
poklást	pokladu	pokladeš	poklade	poklademe	pokladete	pokladou	poklaď	poklaďme	poklaďte	pokladl	pokladen	-	-	pokladla
poklízet	-	-	-	-	-	poklízejí	poklízej	poklízejme	poklízejte	-	-	poklízeje	poklízejíc	-
pokoulet	-	-	-	-	-	pokoulejí	pokoulej	pokoulejme	pokoulejte	-	-	pokouleje	pokoulejíc	-
pokoupit	-	-	-	-	-	-	pokup	pokupme	pokupte	-	-	-	-	-
pokouřit	-	-	-	-	-	-	pokuř	pokuřme	pokuřte	-	-	-	-	-
pokoušet	-	-	-	-	-	pokoušejí	pokoušej	pokoušejme	pokoušejte	-	-	pokoušeje	pokoušejíc
pokovat	pokovám	pokováš	poková	pokováme	pokováte	pokovají	pokovej	pokovejme	pokovejte	-	pokován	pokovaje	pokovajíc	-
pokořit	-	-	-	-	-	-	-	-	-	-	-	pokoře	-	-
pokreslit	-	-	-	-	-	-	pokresli	pokresleme	pokreslete	-	-	-	-	-
pokrotit	-	-	-	-	-	-	pokroť	pokroťme	pokroťte	-	pokrocen	-	-	-
pokroutit	-	-	-	-	-	-	pokruť	pokruťme	pokruťte	-	pokroucen	-	-	-
pokročit	-	-	-	-	-	-	-	-	-	-	-	pokroče	-	-
pokrájet	-	-	-	-	-	pokrájejí	pokrájej	pokrájejme	pokrájejte	-	-	pokrájeje	pokrájejíc	-
pokrást	pokradu	pokradeš	pokrade	pokrademe	pokradete	pokradou	pokraď	pokraďme	pokraďte	pokradl	pokraden	-	-	pokradla
pokrátit	-	-	-	-	-	-	pokrať	pokraťme	pokraťte	-	pokrácen	-	-	-
pokrýt	pokreji	pokreješ	pokreje	pokrejeme	pokrejete	pokrejou	pokrej	pokrejme	pokrejte	pokryl	pokryt	-	-	pokryla
pokrčit	-	-	-	-	-	-	-	-	-	-	-	pokrče	-	-
pokurvit	-	-	-	-	-	-	pokurvi	pokurvěme	pokurvěte	-	-	-	-	-
pokusit	-	-	-	-	-	-	-	-	-	-	pokušen	-	-	-
pokvést	pokvetu	pokveteš	pokvete	pokveteme	pokvetete	pokvetou	pokveť	pokveťme	pokveťte	pokvetl	-	-	-	pokvetla
pokynout	-	-	-	-	-	-	pokyň	pokyňme	pokyňte	-	-	-	-
pokácet	-	-	-	-	-	pokácejí	pokácej	pokácejme	pokácejte	-	-	pokáceje	pokácejíc	-
pokálet	-	-	-	-	-	pokálejí	pokálej	pokálejme	pokálejte	-	-	pokáleje	pokálejíc	-
pokřesťanštit	-	-	-	-	-	-	pokřesťanšti	pokřesťanštěme	pokřesťanštěte	-	pokřesťanštěn	-	-	-
pokřtít	pokřtím	pokřtíš	pokřtí	pokřtíme	pokřtíte	pokřtí	pokřti	pokřtěme	pokřtěte	pokřtil	pokřtěn	-	-
poladit	-	-	-	-	-	-	polaď	polaďme	polaďte	-	poladěn	-	-	-
polahodit	-	-	-	-	-	-	polahoď	polahoďme	polahoďte	-	polahoděn	-	-	-
polatinštit	-	-	-	-	-	-	polatinšti	polatinštěme	polatinštěte	-	polatinštěn	-	-	-
polebedit	-	-	-	-	-	-	polebeď	polebeďme	polebeďte	-	polebeděn	-	-	-
polehčit	-	-	-	-	-	-	polehči	polehčeme	polehčete	-	-	-	-	-
polepšit	-	-	-	-	-	-	polepši	polepšeme	polepšete	-	-	-	-	-
poletnit	-	-	-	-	-	-	poletni	poletněme	poletněte	-	poletněn	-	-	-
poleštit	-	-	-	-	-	-	-	-	-	-	poleštěn	-	-	-
poležet	-	-	-	-	-	poleží	polež	poležme	poležte	-	-	-	-
polichotit	-	-	-	-	-	-	polichoť	polichoťme	polichoťte	-	polichocen	-	-	-
polidštit	-	-	-	-	-	-	polidšti	polidštěme	polidštěte	-	polidštěn	-	-	-
politikařit	-	-	-	-	-	-	-	-	-	-	-	politikaře	-	-
polobdít	-	-	-	-	-	-	-	-	-	polobděl	polobděn	polobdě	polobdíc	polobděla
pololežet	-	-	-	-	-	pololeží	pololež	pololežme	pololežte	-	-	pololeže	pololežíc	-
poloobléci	poloobleku	polooblečeš	poloobleče	polooblečeme	polooblečete	polooblekou	polooblec	polooblecme	polooblecte	polooblekl	polooblečen	-	-	polooblekla
poloobnažit	-	-	-	-	-	-	-	-	-	-	-	poloobnaže	-	-
poloodkrýt	poloodkryji	poloodkryješ	poloodkryje	poloodkryjeme	poloodkryjete	poloodkryjou	poloodkryj	poloodkryjme	poloodkryjte	poloodkryl	poloodkryt	-	-	poloodkryla
polootevřít	polootevřu	polootevřeš	polootevře	polootevřeme	polootevřete	polootevřou	polootevři	polootevřeme	polootevřete	polootevřel	polootevřen	-	-	polootevřela
poloroztát	poloroztaji	poloroztaješ	poloroztaje	poloroztajeme	poloroztajete	poloroztajou	poloroztaj	poloroztajme	poloroztajte	-	-	-	-	-
polosedět	-	-	-	-	-	polosedí	poloseď	poloseďme	poloseďte	-	poloseděn	polosedě	polosedíc	-
polospát	polospím	polospíš	polospí	polospíme	polospíte	polospí	-	-	-	-	-	-	-	-
polouklidnit	-	-	-	-	-	-	polouklidni	polouklidněme	polouklidněte	-	polouklidněn	-	-	-
polouzavřít	polouzavřu	polouzavřeš	polouzavře	polouzavřeme	polouzavřete	polouzavřou	polouzavři	polouzavřeme	polouzavřete	polouzavřel	polouzavřen	-	-	polouzavřela
polovydláždit	-	-	-	-	-	-	-	-	-	-	polovydlážděn	-	-	-
polozakrýt	polozakryji	polozakryješ	polozakryje	polozakryjeme	polozakryjete	polozakryjou	polozakryj	polozakryjme	polozakryjte	polozakryl	polozakryt	-	-	polozakryla
polozrát	-	-	-	-	-	-	-	-	-	-	-	polozraje	polozrajíc	-
poločistit	-	-	-	-	-	-	-	-	-	-	poločištěn	-	-	-
položit	-	-	-	-	-	-	-	-	-	-	-	polože	-	-
poltit	-	-	-	-	-	-	-	-	-	-	polcen	-	-
polámat	polámu	polámeš	poláme	polámeme	polámete	polámou	-	-	-	-	-	-	-	-
políbit	-	-	-	-	-	-	polib	polibme	polibte	-	-	-	-
polít	poleji	poleješ	poleje	polejeme	polejete	polejou	polej	polejme	polejte	polil	polit	-	-
políčit	-	-	-	-	-	-	polič	poličme	poličte	-	-	-	-	-
pomarodit	-	-	-	-	-	-	pomaroď	pomaroďme	pomaroďte	-	pomaroděn	-	-	-
pomastit	-	-	-	-	-	-	pomasti	pomastěme	pomastěte	-	pomaštěn	-	-	-
pomazlit	-	-	-	-	-	-	pomazli	pomazleme	pomazlete	-	-	-	-	-
pomaďarštit	-	-	-	-	-	-	pomaďaršti	pomaďarštěme	pomaďarštěte	-	pomaďarštěn	-	-	-
pomejšlet	-	-	-	-	-	pomejšlejí	pomejšlej	pomejšlejme	pomejšlejte	-	-	pomejšleje	pomejšlejíc	-
pominout	-	-	-	-	-	-	pomiň	pomiňme	pomiňte	-	-	-	-
pomlátit	-	-	-	-	-	-	pomlať	pomlaťme	pomlaťte	-	pomlácen	-	-	-
pomlít	pomelu	pomeleš	pomele	pomeleme	pomelete	pomelou	pomel	pomelme	pomelte	pomlel	pomlet	-	-	pomlela
pomlčet	-	-	-	-	-	pomlčí	pomlč	pomlčme	pomlčte	-	-	-	-
pomnožit	-	-	-	-	-	-	-	-	-	-	-	pomnože	-	-
pomnít	pomním	pomníš	pomní	pomníme	pomníte	pomní	pomni	pomněme	pomněte	pomněl	pomněn	-	-
pomoci	pomohu	pomožeš	pomože	pomožeme	pomožete	pomohou	pomoz	pomozme	pomozte	pomohl	pomožen	-	-	pomohla
pomodlit	-	-	-	-	-	-	pomodli	pomodleme	pomodlete	-	-	-	-	-
pomodřit	-	-	-	-	-	-	pomodři	pomodřeme	pomodřete	-	-	-	-	-
pomokřit	-	-	-	-	-	-	pomokři	pomokřeme	pomokřete	-	-	-	-	-
pomosaznit	-	-	-	-	-	-	pomosazň	pomosazňme	pomosazňte	-	pomosazněn	-	-	-
pomoučnit	-	-	-	-	-	-	pomoučni	pomoučněme	pomoučněte	-	pomoučněn	-	-	-
pomočit	-	-	-	-	-	-	-	-	-	-	-	pomoče	-	-
pomstít	pomstím	pomstíš	pomstí	pomstíme	pomstíte	pomstí	pomsti	pomstěme	pomstěte	pomstil	pomstěn	-	-
pomydlit	-	-	-	-	-	-	pomydli	pomydleme	pomydlete	-	-	-	-	-
pomyslit	-	-	-	-	-	-	pomysli	pomysleme	pomyslete	-	pomyšlen	-	-	-
pomást	pomatu	pomateš	pomate	pomateme	pomatete	pomatou	pomať	pomaťme	pomaťte	pomátl	pomaten	-	-	pomátla
pomíjet	-	-	-	-	-	pomíjejí	pomíjej	pomíjejme	pomíjejte	-	-	pomíjeje	pomíjejíc
pomísit	-	-	-	-	-	-	pomis	pomisme	pomiste	-	-	-	-	-
pomít	poměji	poměješ	poměje	pomějeme	pomějete	pomějou	poměj	pomějme	pomějte	poměl	-	-	-	poměla
pomýlit	-	-	-	-	-	-	pomyl	pomylme	pomylte	-	-	-	-	-
pomýt	pomyji	pomyješ	pomyje	pomyjeme	pomyjete	pomyjou	pomyj	pomyjme	pomyjte	pomyl	pomyt	-	-	pomyla
pomýšlet	-	-	-	-	-	pomýšlejí	pomýšlej	pomýšlejme	pomýšlejte	-	-	pomýšleje	pomýšlejíc	-
pomědit	-	-	-	-	-	-	poměď	poměďme	poměďte	-	poměděn	-	-	-
poměnit	-	-	-	-	-	-	poměň	poměňme	poměňte	-	poměněn	-	-	-
pomět	poměji	poměješ	poměje	pomějeme	pomějete	-	poměj	pomějme	pomějte	-	poměn	-	-	-
poměřit	-	-	-	-	-	-	-	-	-	-	-	poměře	-	-
pomřít	pomřu	pomřeš	pomře	pomřeme	pomřete	pomřou	pomři	pomřeme	pomřete	pomřel	pomřen	-	-	pomřela
ponapomenout	-	-	-	-	-	-	ponapomeň	ponapomeňme	ponapomeňte	-	-	-	-	-
ponaučit	-	-	-	-	-	-	-	-	-	-	-	ponauče	-	-
poničit	-	-	-	-	-	-	-	-	-	-	-	poniče	-	-
ponorštit	-	-	-	-	-	-	ponoršti	ponorštěme	ponorštěte	-	ponorštěn	-	-	-
ponosit	-	-	-	-	-	-	-	-	-	-	ponošen	-	-	-
ponořit	-	-	-	-	-	-	-	-	-	-	-	ponoře	-	-
ponížit	-	-	-	-	-	-	poniž	ponižme	ponižte	-	-	-	-
poněmčit	-	-	-	-	-	-	poněmči	poněmčeme	poněmčete	-	-	-	-	-
poobnažit	-	-	-	-	-	-	-	-	-	-	-	poobnaže	-	-
poobrátit	-	-	-	-	-	-	poobrať	poobraťme	poobraťte	-	poobrácen	-	-	-
poobveselit	-	-	-	-	-	-	-	-	-	-	-	poobvesele	-	-
pooddálit	-	-	-	-	-	-	pooddal	pooddalme	pooddalte	-	-	-	-	-
poodebrat	poodeberu	poodebereš	poodebere	poodebereme	poodeberete	poodeberou	poodeber	poodeberme	poodeberte	-	-	-	-	-
poodejet	poodejedu	poodejedeš	poodejede	poodejedeme	poodejedete	poodejedou	poodejeď	poodejeďme	poodejeďte	-	-	-	-	-
poodejít	poodejdu	poodejdeš	poodejde	poodejdeme	poodejdete	poodejdou	poodejdi	poodejděme	poodejděte	poodešel	-	-	-	poodešla
poodhalit	-	-	-	-	-	-	-	-	-	-	-	poodhale	-	-
poodhrnout	-	-	-	-	-	-	poodhrň	poodhrňme	poodhrňte	poodhrnul	-	-	-	poodhrnula
poodjet	poodjedu	poodjedeš	poodjede	poodjedeme	poodjedete	poodjedou	poodjeď	poodjeďme	poodjeďte	-	-	-	-	-
poodkrýt	poodkryji	poodkryješ	poodkryje	poodkryjeme	poodkryjete	poodkryjou	poodkryj	poodkryjme	poodkryjte	poodkryl	poodkryt	-	-	poodkryla
poodletět	-	-	-	-	-	poodletí	poodleť	poodleťme	poodleťte	-	poodletěn	-	-	-
poodložit	-	-	-	-	-	-	-	-	-	-	-	poodlože	-	-
poodrážet	-	-	-	-	-	poodrážejí	poodrážej	poodrážejme	poodrážejte	-	-	poodrážeje	poodrážejíc	-
poodrůst	poodrostu	poodrosteš	poodroste	poodrosteme	poodrostete	poodrostou	poodrosť	poodrosťme	poodrosťte	poodrostl	-	-	-	poodrostla
poodskočit	-	-	-	-	-	-	-	-	-	-	-	poodskoče	-	-
poodstoupit	-	-	-	-	-	-	poodstup	poodstupme	poodstupte	-	-	-	-
poodstrčit	-	-	-	-	-	-	-	-	-	-	-	poodstrče	-	-
poodsunout	-	-	-	-	-	-	poodsuň	poodsuňme	poodsuňte	-	-	-	-	-
poodvalit	-	-	-	-	-	-	-	-	-	-	-	poodvale	-	-
poodvést	poodvedu	poodvedeš	poodvede	poodvedeme	poodvedete	poodvedou	poodveď	poodveďme	poodveďte	poodvedl	poodveden	-	-	poodvedla
poodvézt	poodvezu	poodvezeš	poodveze	poodvezeme	poodvezete	poodvezou	poodvez	poodvezme	poodvezte	poodvezl	poodvezen	-	-	poodvezla
poohlížet	-	-	-	-	-	poohlížejí	poohlížej	poohlížejme	poohlížejte	-	-	poohlížeje	poohlížejíc	-
poohnout	-	-	-	-	-	-	-	-	-	poohnul	-	-	-	poohnula
poohrnout	-	-	-	-	-	-	poohrň	poohrňme	poohrňte	poohrnul	-	-	-	poohrnula
pookřát	pookřeji	pookřeješ	pookřeje	pookřejeme	pookřejete	pookřejou	pookřej	pookřejme	pookřejte	-	pookřát	-	-	-
pootevřít	pootevřu	pootevřeš	pootevře	pootevřeme	pootevřete	pootevřou	pootevři	pootevřeme	pootevřete	pootevřel	pootevřen	-	-
pootočit	-	-	-	-	-	-	-	-	-	-	-	pootoče	-	-
pootáčet	-	-	-	-	-	pootáčejí	pootáčej	pootáčejme	pootáčejte	-	-	pootáčeje	pootáčejíc	-
popanštit	-	-	-	-	-	-	popanšti	popanštěme	popanštěte	-	popanštěn	-	-	-
popaskalit	popascalím	popascalíš	popascalí	popascalíme	popascalíte	popascalí	popascal	popascalme	popascalte	popascalil	popascalen	popascale	popascalíc	popascalila
popatřit	-	-	-	-	-	-	popatři	popatřeme	popatřete	-	-	-	-	-
popelavět	-	-	-	-	-	popelaví	popelav	popelavme	popelavte	-	popelavěn	popelavě	popelavíc	-
popelit	-	-	-	-	-	-	-	-	-	-	-	popele	-	-
popepřit	-	-	-	-	-	-	popepři	popepřeme	popepřete	-	-	-	-	-
poplakat	popláči	popláčeš	popláče	popláčeme	popláčete	popláčou	-	-	-	-	-	-	-	-
poplatit	-	-	-	-	-	-	poplať	poplaťme	poplaťte	-	poplacen	-	-	-
poplavat	poplavu	poplaveš	poplave	poplaveme	poplavete	poplavou	-	-	-	-	-	-	-	-
poplašit	-	-	-	-	-	-	-	-	-	-	-	poplaše	-	-
poplenit	-	-	-	-	-	-	popleň	popleňme	popleňte	-	popleněn	-	-	-
poplout	-	-	-	-	-	-	-	-	-	poplul	-	-	-	poplula
poplynout	-	-	-	-	-	-	poplyň	poplyňme	poplyňte	-	-	-	-	-
poplést	popletu	popleteš	poplete	popleteme	popletete	popletou	popleť	popleťme	popleťte	popletl	popleten	-	-
poplít	popliji	popliješ	poplije	poplijeme	poplijete	poplijou	poplij	poplijme	poplijte	poplil	poplit	-	-	poplila
popnout	-	-	-	-	-	-	-	-	-	popnul	-	-	-	popnula
popocházet	-	-	-	-	-	popocházejí	popocházej	popocházejme	popocházejte	-	-	popocházeje	popocházejíc
popohnat	popoženu	popoženeš	popožene	popoženeme	popoženete	popoženou	popožeň	popožeňme	popožeňte	-	-	-	-
popohánět	-	-	-	-	-	-	popoháněj	popohánějme	popohánějte	-	popoháněn	popoháněje	popohánějíc	-
popojet	popojedu	popojedeš	popojede	popojedeme	popojedete	popojedou	popojeď	popojeďme	popojeďte	-	-	-	-
popojít	popojdu	popojdeš	popojde	popojdeme	popojdete	popojdou	popojdi	popojděme	popojděte	popošel	-	-	-	popošla
popojíždět	-	-	-	-	-	-	popojížděj	popojíždějme	popojíždějte	-	popojížděn	popojížděje	popojíždějíc	-
popolézt	popolezu	popolezeš	popoleze	popolezeme	popolezete	popolezou	popolez	popolezme	popolezte	popolezl	popolezen	-	-	popolezla
popolštit	-	-	-	-	-	-	popolšti	popolštěme	popolštěte	-	popolštěn	-	-	-
poponášet	-	-	-	-	-	poponášejí	poponášej	poponášejme	poponášejte	-	-	poponášeje	poponášejíc	-
poponést	poponesu	poponeseš	poponese	poponeseme	poponesete	poponesou	popones	poponesme	poponeste	poponesl	poponesen	-	-	poponesla
poporůst	poporostu	poporosteš	poporoste	poporosteme	poporostete	poporostou	poporosť	poporosťme	poporosťte	poporostl	-	-	-	poporostla
poposadit	-	-	-	-	-	-	poposaď	poposaďme	poposaďte	-	poposazen	-	-	-
poposkočit	-	-	-	-	-	-	-	-	-	-	-	poposkoče	-	-
popostoupit	-	-	-	-	-	-	popostup	popostupme	popostupte	-	-	-	-	-
popostrčit	-	-	-	-	-	-	-	-	-	-	-	popostrče	-	-
poposunout	-	-	-	-	-	-	poposuň	poposuňme	poposuňte	-	-	-	-	-
popouzet	-	-	-	-	-	popouzejí	popouzej	popouzejme	popouzejte	-	-	popouzeje	popouzejíc	-
popouštět	-	-	-	-	-	-	popouštěj	popouštějme	popouštějte	-	popouštěn	popouštěje	popouštějíc	-
popovést	popovedu	popovedeš	popovede	popovedeme	popovedete	popovedou	popoveď	popoveďme	popoveďte	popovedl	popoveden	-	-	popovedla
popovézt	popovezu	popovezeš	popoveze	popovezeme	popovezete	popovezou	popovez	popovezme	popovezte	popovezl	popovezen	-	-
popošinout	-	-	-	-	-	-	popošiň	popošiňme	popošiňte	-	-	-	-	-
popošít	popošiji	popošiješ	popošije	popošijeme	popošijete	popošijou	popošij	popošijme	popošijte	popošil	popošit	-	-	popošila
poprat	poperu	popereš	popere	popereme	poperete	poperou	poper	poperme	poperte	-	-	-	-	-
poprosit	-	-	-	-	-	-	-	-	-	-	poprošen	-	-
poprznit	-	-	-	-	-	-	poprzni	poprzněme	poprzněte	-	poprzněn	-	-	-
poprášit	-	-	-	-	-	-	popraš	poprašme	poprašte	-	-	-	-	-
popsat	popíši	popíšeš	popíše	popíšeme	popíšete	popíšou	popiš	popišme	popište	-	-	-	-
popudit	-	-	-	-	-	-	popuď	popuďme	popuďte	-	popuzen	-	-	-
popustit	-	-	-	-	-	-	popusť	popusťme	popusťte	-	popuštěn	-	-	-
popálit	-	-	-	-	-	-	popal	popalme	popalte	-	-	-	-
popást	popasu	popaseš	popase	popaseme	popasete	popasou	popas	popasme	popaste	-	popasen	-	-	-
popíjet	-	-	-	-	-	popíjejí	popíjej	popíjejme	popíjejte	-	-	popíjeje	popíjejíc	-
popít	popiji	popiješ	popije	popijeme	popijete	popijou	popij	popijme	popijte	popil	popit	-	-
popřemýšlet	-	-	-	-	-	popřemýšlejí	popřemýšlej	popřemýšlejme	popřemýšlejte	-	-	popřemýšleje	popřemýšlejíc	-
popřát	popřeji	popřeješ	popřeje	popřejeme	popřejete	popřejou	popřej	popřejme	popřejte	-	popřán	-	-	-
popříst	popřadu	popřadeš	popřade	popřademe	popřadete	popřadou	popřaď	popřaďme	popřaďte	popřadl	popřaden	-	-	popřadla
popřít	popřu	popřeš	popře	popřeme	popřete	popřou	popři	popřeme	popřete	popřel	popřen	-	-
poradit	-	-	-	-	-	-	poraď	poraďme	poraďte	-	poraděn	-	-
poranit	-	-	-	-	-	-	poraň	poraňme	poraňte	-	poraněn	-	-
porazit	-	-	-	-	-	-	-	-	-	-	poražen	-	-
porochnit	-	-	-	-	-	-	porochni	porochněme	porochněte	-	porochněn	-	-	-
porodit	-	-	-	-	-	-	poroď	poroďme	poroďte	-	porozen	-	-
poroučet	-	-	-	-	-	poroučejí	poroučej	poroučejme	poroučejte	-	-	poroučeje	poroučejíc
porozbíjet	-	-	-	-	-	porozbíjejí	porozbíjej	porozbíjejme	porozbíjejte	-	-	porozbíjeje	porozbíjejíc	-
porozdělit	-	-	-	-	-	-	-	-	-	-	-	porozděle	-	-
porozhlížet	-	-	-	-	-	porozhlížejí	porozhlížej	porozhlížejme	porozhlížejte	-	-	porozhlížeje	porozhlížejíc	-
porozházet	-	-	-	-	-	porozházejí	porozházej	porozházejme	porozházejte	-	-	porozházeje	porozházejíc	-
porozkvést	porozkvetu	porozkveteš	porozkvete	porozkveteme	porozkvetete	porozkvetou	porozkveť	porozkveťme	porozkveťte	porozkvetl	-	-	-	porozkvetla
porozmýšlet	-	-	-	-	-	porozmýšlejí	porozmýšlej	porozmýšlejme	porozmýšlejte	-	-	porozmýšleje	porozmýšlejíc	-
porozprávět	-	-	-	-	-	-	porozprávěj	porozprávějme	porozprávějte	-	porozprávěn	porozprávěje	porozprávějíc	-
poroztát	poroztaji	poroztaješ	poroztaje	poroztajeme	poroztajete	poroztajou	poroztaj	poroztajme	poroztajte	-	-	-	-	-
porozumět	-	-	-	-	-	-	porozuměj	porozumějme	porozumějte	-	porozuměn	porozuměje	porozumějíc	-
porozvracet	-	-	-	-	-	porozvracejí	porozvracej	porozvracejme	porozvracejte	-	-	porozvraceje	porozvracejíc	-
poručit	-	-	-	-	-	-	-	-	-	-	-	poruče	-	-
porušit	-	-	-	-	-	-	-	-	-	-	-	poruše	-	-
poruštit	-	-	-	-	-	-	porušti	poruštěme	poruštěte	-	poruštěn	-	-	-
porvat	porvu	porveš	porve	porveme	porvete	porvou	porvi	porvěme	porvěte	-	-	-	-	-
porážet	-	-	-	-	-	porážejí	porážej	porážejme	porážejte	-	-	porážeje	porážejíc	-
porůst	porostu	porosteš	poroste	porosteme	porostete	porostou	porosť	porosťme	porosťte	porostl	-	-	-
posadit	-	-	-	-	-	-	posaď	posaďme	posaďte	-	posazen	-	-
poscat	posčiji	posčiješ	posčije	posčijeme	posčijete	posčijou	posčij	posčijme	posčijte	-	-	-	-	-
posedět	-	-	-	-	-	posedí	poseď	poseďme	poseďte	-	poseděn	-	-
posešít	posešiji	posešiješ	posešije	posešijeme	posešijete	posešijou	posešij	posešijme	posešijte	posešil	posešit	-	-	posešila
poshovět	-	-	-	-	-	-	poshověj	poshovějme	poshovějte	-	poshověn	poshověje	poshovějíc	-
poshánět	-	-	-	-	-	-	posháněj	poshánějme	poshánějte	-	posháněn	posháněje	poshánějíc	-
posilnit	-	-	-	-	-	-	posilni	posilněme	posilněte	-	posilněn	-	-	-
poskočit	-	-	-	-	-	-	-	-	-	-	-	poskoče	-	-
poskvrnit	-	-	-	-	-	-	poskvrň	poskvrňme	poskvrňte	-	poskvrněn	-	-	-
poslat	pošlu	pošleš	pošle	pošleme	pošlete	pošlou	pošli	pošleme	pošlete	-	-	-	-
poslinit	-	-	-	-	-	-	posliň	posliňme	posliňte	-	posliněn	-	-	-
posloužit	-	-	-	-	-	-	posluž	poslužme	poslužte	-	-	-	-	-
poslovanštit	-	-	-	-	-	-	poslovanšti	poslovanštěme	poslovanštěte	-	poslovanštěn	-	-	-
poslovenštit	-	-	-	-	-	-	poslovenšti	poslovenštěme	poslovenštěte	-	poslovenštěn	-	-	-
posmutnit	-	-	-	-	-	-	-	-	-	-	posmutněn	-	-	-
posmutnět	-	-	-	-	-	posmutní	posmutni	posmutněme	posmutněte	-	posmutněn	-	-	-
posolit	-	-	-	-	-	-	-	-	-	-	-	posole	-	-
posoudit	-	-	-	-	-	-	posuď	posuďme	posuďte	-	posouzen	-	-
pospat	pospím	pospíš	pospí	pospíme	pospíte	pospí	pospi	pospěme	pospěte	-	-	-	-	-
pospojit	-	-	-	-	-	-	-	-	-	-	-	pospoje	-	-
pospájet	-	-	-	-	-	pospájejí	pospájej	pospájejme	pospájejte	-	-	pospájeje	pospájejíc	-
posrat	poseru	posereš	posere	posereme	poserete	poserou	poser	poserme	poserte	-	-	-	-
posrbštit	-	-	-	-	-	-	-	-	-	-	posrbštěn	-	-	-
posrážet	-	-	-	-	-	posrážejí	posrážej	posrážejme	posrážejte	-	-	posrážeje	posrážejíc	-
postačit	-	-	-	-	-	-	-	-	-	-	-	postače	-	-
postit	-	-	-	-	-	-	posti	postěme	postěte	-	postěn	-	-	-
postlat	postelu	posteleš	postele	posteleme	postelete	postelou	postel	postelme	postelte	-	-	-	-	-
postoupit	-	-	-	-	-	-	postup	postupme	postupte	-	-	-	-
postrašit	-	-	-	-	-	-	-	-	-	-	-	postraše	-	-
postrojit	-	-	-	-	-	-	-	-	-	-	-	postroje	-	-
postrčit	-	-	-	-	-	-	-	-	-	-	-	postrče	-	-
postát	postojím	postojíš	postojí	postojíme	postojíte	postojí	-	-	-	-	postán	-	-	-
postátnit	-	-	-	-	-	-	postátni	postátněme	postátněte	-	postátněn	-	-	-
postáčet	-	-	-	-	-	postáčejí	postáčej	postáčejme	postáčejte	-	-	postáčeje	postáčejíc	-
postřelit	-	-	-	-	-	-	-	-	-	-	-	postřele	-	-
postříbřit	-	-	-	-	-	-	postříbři	postříbřeme	postříbřete	-	-	-	-	-
postřílet	-	-	-	-	-	postřílejí	postřílej	postřílejme	postřílejte	-	-	postříleje	postřílejíc	-
posunout	-	-	-	-	-	-	posuň	posuňme	posuňte	-	-	-	-
posvačit	-	-	-	-	-	-	-	-	-	-	-	posvače	-	-
posvištět	-	-	-	-	-	posviští	posvišti	posvištěme	posvištěte	-	posvištěn	-	-	-
posvítit	-	-	-	-	-	-	posviť	posviťme	posviťte	-	posvícen	-	-	-
posvětit	-	-	-	-	-	-	posvěť	posvěťme	posvěťte	-	posvěcen	-	-
posvětštit	-	-	-	-	-	-	posvětšti	posvětštěme	posvětštěte	-	posvětštěn	-	-	-
posázet	-	-	-	-	-	posázejí	posázej	posázejme	posázejte	-	-	posázeje	posázejíc	-
posíci	poseku	posečeš	poseče	posečeme	posečete	posečou	posec	posecme	posecte	posekl	posečen	-	-	posekla
posílit	-	-	-	-	-	-	posil	posilme	posilte	-	-	-	-
posít	poseji	poseješ	poseje	posejeme	posejete	posejou	posej	posejme	posejte	posel	poset	-	-	posela
potatit	-	-	-	-	-	-	potať	potaťme	potaťte	-	potatěn	-	-	-
potemnět	-	-	-	-	-	potemní	potemni	potemněme	potemněte	-	potemněn	-	-	-
potit	-	-	-	-	-	-	poť	poťme	poťte	-	pocen	-	-
potlačit	-	-	-	-	-	-	-	-	-	-	-	potlače	-	-
potlouci	potluču	potlučeš	potluče	potlučeme	potlučete	potlučou	potluč	potlučme	potlučte	potloukl	potlučen	-	-	potloukla
potmět	-	-	-	-	-	potmí	potmi	potměme	potměte	-	potměn	-	-	-
potratit	-	-	-	-	-	-	potrať	potraťme	potraťte	-	potracen	-	-
potrhnout	-	-	-	-	-	-	-	-	-	-	potržen	-	-	-
potrpět	-	-	-	-	-	potrpí	potrp	potrpme	potrpte	-	potrpěn	-	-	-
potrápit	-	-	-	-	-	-	potrap	potrapme	potrapte	-	-	-	-	-
potvořit	-	-	-	-	-	-	-	-	-	-	-	potvoře	-	-
potvrdit	-	-	-	-	-	-	potvrď	potvrďme	potvrďte	-	potvrzen	-	-
potácet	-	-	-	-	-	potácejí	potácej	potácejme	potácejte	-	-	potáceje	potácejíc	-
potápět	-	-	-	-	-	-	potápěj	potápějme	potápějte	-	potápěn	potápěje	potápějíc
potázat	potáži	potážeš	potáže	potážeme	potážete	potážou	potaž	potažme	potažte	-	-	-	-	-
potěšit	-	-	-	-	-	-	-	-	-	-	-	potěše	-	-
potřeštit	-	-	-	-	-	-	potřešti	potřeštěme	potřeštěte	-	potřeštěn	-	-	-
potřást	potřesu	potřeseš	potřese	potřeseme	potřesete	potřesou	potřes	potřesme	potřeste	-	potřesen	-	-
potřísnit	-	-	-	-	-	-	potřísni	potřísněme	potřísněte	-	potřísněn	-	-	-
potřít	potřu	potřeš	potře	potřeme	potřete	potřou	potři	potřeme	potřete	potřel	potřen	-	-
poudílet	-	-	-	-	-	poudílejí	poudílej	poudílejme	poudílejte	-	-	poudíleje	poudílejíc	-
pouhradit	-	-	-	-	-	-	pouhraď	pouhraďme	pouhraďte	-	pouhrazen	-	-	-
pouklidit	-	-	-	-	-	-	-	-	-	-	poukliděn	-	-	-
pouklízet	-	-	-	-	-	pouklízejí	pouklízej	pouklízejme	pouklízejte	-	-	pouklízeje	pouklízejíc	-
poukázat	poukážu	poukážeš	poukáže	poukážeme	poukážete	poukážou	poukaž	poukažme	poukažte	-	-	-	-
poulit	-	-	-	-	-	-	pul	pulme	pulte	-	-	poule	-
pouložit	-	-	-	-	-	-	-	-	-	-	-	poulože	-	-
pousmát	pousměji	pousměješ	pousměje	pousmějeme	pousmějete	pousmějou	pousměj	pousmějme	pousmějte	-	-	-	-	-
pousnášet	-	-	-	-	-	pousnášejí	pousnášej	pousnášejme	pousnášejte	-	-	pousnášeje	pousnášejíc	-
pouspokojit	-	-	-	-	-	-	-	-	-	-	-	pouspokoje	-	-
poustevničit	-	-	-	-	-	-	-	-	-	-	-	poustevniče	-	-
poustoupit	-	-	-	-	-	-	poustup	poustupme	poustupte	-	-	-	-	-
pouzdřit	-	-	-	-	-	-	pouzdři	pouzdřeme	pouzdřete	-	-	pouzdře	-	-
poučit	-	-	-	-	-	-	-	-	-	-	-	pouče	-	-
pouštět	-	-	-	-	-	-	pouštěj	pouštějme	pouštějte	-	pouštěn	pouštěje	pouštějíc
použít	použiji	použiješ	použije	použijeme	použijete	použijou	použij	použijme	použijte	použil	použit	-	-
povadit	-	-	-	-	-	-	povaď	povaďme	povaďte	-	povaděn	-	-	-
povalit	-	-	-	-	-	-	-	-	-	-	-	povale	-	-
povařit	-	-	-	-	-	-	-	-	-	-	-	povaře	-	-
poveselit	-	-	-	-	-	-	-	-	-	-	-	povesele	-	-
povečeřet	-	-	-	-	-	povečeří	povečeř	povečeřme	povečeřte	-	-	-	-	-
povinout	-	-	-	-	-	-	poviň	poviňme	poviňte	-	-	-	-	-
povléci	povleku	povlečeš	povleče	povlečeme	povlečete	povlekou	povlec	povlecme	povlecte	povlekl	povlečen	-	-	povlekla
povodit	-	-	-	-	-	-	povoď	povoďme	povoďte	-	povozen	-	-	-
povolit	-	-	-	-	-	-	-	-	-	-	-	povole	-	-
povotáčet	-	-	-	-	-	povotáčejí	povotáčej	povotáčejme	povotáčejte	-	-	povotáčeje	povotáčejíc	-
povozit	-	-	-	-	-	-	-	-	-	-	povožen	-	-	-
povracet	-	-	-	-	-	povracejí	povracej	povracejme	povracejte	-	-	povraceje	povracejíc	-
povraždit	-	-	-	-	-	-	povraždi	povražděme	povražděte	-	povražděn	-	-	-
povrstvit	-	-	-	-	-	-	povrstvi	povrstvěme	povrstvěte	-	-	-	-	-
povrtit	-	-	-	-	-	-	povrť	povrťme	povrťte	-	povrcen	-	-	-
povstat	povstanu	povstaneš	povstane	povstaneme	povstanete	povstanou	povstaň	povstaňme	povstaňte	-	-	-	-	-
povyhrnout	-	-	-	-	-	-	povyhrň	povyhrňme	povyhrňte	povyhrnul	-	-	-	povyhrnula
povyjet	povyjedu	povyjedeš	povyjede	povyjedeme	povyjedete	povyjedou	povyjeď	povyjeďme	povyjeďte	-	-	-	-	-
povyjít	povyjdu	povyjdeš	povyjde	povyjdeme	povyjdete	povyjdou	povyjdi	povyjděme	povyjděte	povyšel	-	-	-	povyšla
povykvést	povykvetu	povykveteš	povykvete	povykveteme	povykvetete	povykvetou	povykveť	povykveťme	povykveťte	povykvetl	-	-	-	povykvetla
povylézt	povylezu	povylezeš	povyleze	povylezeme	povylezete	povylezou	povylez	povylezme	povylezte	povylezl	povylezen	-	-
povyprávět	-	-	-	-	-	-	povyprávěj	povyprávějme	povyprávějte	-	povyprávěn	povyprávěje	povyprávějíc	-
povypůjčit	-	-	-	-	-	-	-	-	-	-	-	povypůjče	-	-
povyrazit	-	-	-	-	-	-	-	-	-	-	povyražen	-	-	-
povyrážet	-	-	-	-	-	povyrážejí	povyrážej	povyrážejme	povyrážejte	-	-	povyrážeje	povyrážejíc	-
povyrůst	povyrostu	povyrosteš	povyroste	povyrosteme	povyrostete	povyrostou	povyrosť	povyrosťme	povyrosťte	povyrostl	-	-	-	povyrostla
povysadit	-	-	-	-	-	-	povysaď	povysaďme	povysaďte	-	povysazen	-	-	-
povyskočit	-	-	-	-	-	-	-	-	-	-	-	povyskoče	-	-
povystoupit	-	-	-	-	-	-	povystup	povystupme	povystupte	-	-	-	-	-
povystrčit	-	-	-	-	-	-	-	-	-	-	-	povystrče	-	-
povysát	povysaji	povysaješ	povysaje	povysajeme	povysajete	povysajou	povysaj	povysajme	povysajte	-	povysán	-	-	-
povysázet	-	-	-	-	-	povysázejí	povysázej	povysázejme	povysázejte	-	-	povysázeje	povysázejíc	-
povyvést	povyvedu	povyvedeš	povyvede	povyvedeme	povyvedete	povyvedou	povyveď	povyveďme	povyveďte	povyvedl	povyveden	-	-	povyvedla
povyvézt	povyvezu	povyvezeš	povyveze	povyvezeme	povyvezete	povyvezou	povyvez	povyvezme	povyvezte	povyvezl	povyvezen	-	-	povyvezla
povyčistit	-	-	-	-	-	-	povyčisti	povyčistěme	povyčistěte	-	povyčištěn	-	-	-
povzbudit	-	-	-	-	-	-	povzbuď	povzbuďme	povzbuďte	-	povzbuzen	-	-
povznášet	-	-	-	-	-	povznášejí	povznášej	povznášejme	povznášejte	-	-	povznášeje	povznášejíc	-
povznést	povznesu	povzneseš	povznese	povzneseme	povznesete	povznesou	povznes	povznesme	povzneste	povznesl	povznesen	-	-	povznesla
poválet	-	-	-	-	-	poválejí	poválej	poválejme	poválejte	-	-	pováleje	poválejíc	-
povápnit	-	-	-	-	-	-	povápni	povápněme	povápněte	-	povápněn	-	-	-
povát	pověji	pověješ	pověje	povějeme	povějete	povějou	pověj	povějme	povějte	-	povát	-	-	-
povážit	-	-	-	-	-	-	považ	považme	považte	-	-	-	-	-
povést	povedu	povedeš	povede	povedeme	povedete	povedou	poveď	poveďme	poveďte	povedl	poveden	-	-	povedla
povíjet	-	-	-	-	-	povíjejí	povíjej	povíjejme	povíjejte	-	-	povíjeje	povíjejíc	-
povít	poviji	poviješ	povije	povijeme	povijete	povijou	povij	povijme	povijte	povil	povit	-	-
povýšit	-	-	-	-	-	-	povyš	povyšme	povyšte	-	-	-	-
povědět	povím	povíš	poví	povíme	povíte	povědí	pověz	povězme	povězte	-	pověděn	-	-
pověsit	-	-	-	-	-	-	-	-	-	-	pověšen	-	-
pověřit	-	-	-	-	-	-	-	-	-	-	-	pověře	-	-
pozabíjet	-	-	-	-	-	pozabíjejí	pozabíjej	pozabíjejme	pozabíjejte	-	-	pozabíjeje	pozabíjejíc	-
pozachovat	pozachovám	pozachováš	pozachová	pozachováme	pozachováte	pozachovají	pozachovej	pozachovejme	pozachovejte	-	pozachován	pozachovaje	pozachovajíc	-
pozachvět	pozachvěji	pozachvěješ	pozachvěje	pozachvějeme	pozachvějete	-	pozachvěj	pozachvějme	pozachvějte	-	-	-	-	-
pozajíždět	-	-	-	-	-	-	pozajížděj	pozajíždějme	pozajíždějte	-	pozajížděn	pozajížděje	pozajíždějíc	-
pozakrápět	-	-	-	-	-	-	pozakrápěj	pozakrápějme	pozakrápějte	-	pozakrápěn	pozakrápěje	pozakrápějíc	-
pozamést	pozametu	pozameteš	pozamete	pozameteme	pozametete	pozametou	pozameť	pozameťme	pozameťte	pozametl	pozameten	-	-	pozametla
pozaplatit	-	-	-	-	-	-	pozaplať	pozaplaťme	pozaplaťte	-	pozaplacen	-	-	-
pozapomenout	-	-	-	-	-	-	pozapomeň	pozapomeňme	pozapomeňte	-	-	-	-	-
pozastřít	pozastřu	pozastřeš	pozastře	pozastřeme	pozastřete	pozastřou	pozastři	pozastřeme	pozastřete	pozastřel	pozastřen	-	-	pozastřela
pozbýt	pozbudu	pozbudeš	pozbude	pozbudeme	pozbudete	pozbudou	pozbuď	pozbuďme	pozbuďte	pozbyl	pozbyt	-	-	pozbyla
pozdit	-	-	-	-	-	-	pozdi	pozděme	pozděte	-	požděn	-	-	-
pozdržet	-	-	-	-	-	pozdrží	pozdrž	pozdržme	pozdržte	-	-	-	-	-
pozelenit	-	-	-	-	-	-	pozeleň	pozeleňme	pozeleňte	-	pozeleněn	-	-	-
pozemštit	-	-	-	-	-	-	-	-	-	-	pozemštěn	-	-	-
pozhášet	-	-	-	-	-	pozhášejí	pozhášej	pozhášejme	pozhášejte	-	-	pozhášeje	pozhášejíc	-
pozlatit	-	-	-	-	-	-	pozlať	pozlaťme	pozlaťte	-	pozlacen	-	-	-
pozměnit	-	-	-	-	-	-	pozměň	pozměňme	pozměňte	-	pozměněn	-	-
poznačit	-	-	-	-	-	-	-	-	-	-	-	poznače	-	-
pozpřeházet	-	-	-	-	-	pozpřeházejí	pozpřeházej	pozpřeházejme	pozpřeházejte	-	-	pozpřeházeje	pozpřeházejíc	-
pozrušit	-	-	-	-	-	-	-	-	-	-	-	pozruše	-	-
poztrácet	-	-	-	-	-	poztrácejí	poztrácej	poztrácejme	poztrácejte	-	-	poztráceje	poztrácejíc	-
pozurážet	-	-	-	-	-	pozurážejí	pozurážej	pozurážejme	pozurážejte	-	-	pozurážeje	pozurážejíc	-
pozvat	pozvu	pozveš	pozve	pozveme	pozvete	pozvou	pozvi	pozvěme	pozvěte	-	-	-	-
pozvracet	-	-	-	-	-	pozvracejí	pozvracej	pozvracejme	pozvracejte	-	-	pozvraceje	pozvracejíc	-
pozvrátit	-	-	-	-	-	-	pozvráť	pozvráťme	pozvráťte	-	pozvrácen	-	-	-
pozápadnět	-	-	-	-	-	-	pozápadněj	pozápadnějme	pozápadnějte	-	pozápadněn	pozápadněje	pozápadnějíc	-
pozřít	pozřu	pozřeš	pozře	pozřeme	pozřete	pozřou	pozři	pozřeme	pozřete	pozřel	pozřen	-	-	pozřela
poárijštit	-	-	-	-	-	-	poárijšti	poárijštěme	poárijštěte	-	poárijštěn	-	-	-
počalounit	-	-	-	-	-	-	-	-	-	-	počalouněn	-	-	-
počernit	-	-	-	-	-	-	počerni	počerněme	počerněte	-	počerněn	-	-	-
počeštit	-	-	-	-	-	-	počešti	počeštěme	počeštěte	-	počeštěn	-	-	-
počistit	-	-	-	-	-	-	počisti	počistěme	počistěte	-	počistěn	-	-	-
počínštit	-	-	-	-	-	-	-	-	-	-	počínštěn	-	-	-
počíst	počtu	počteš	počte	počteme	počtete	počtou	počti	počtěme	počtěte	početl	počten	-	-	početla
počít	počnu	počneš	počne	počneme	počnete	počnou	počni	počněme	počněte	počal	počat	-	-
poňuchňat	-	-	-	-	-	-	poňuchněj	poňuchnějme	poňuchnějte	-	-	-	-	-
pořečtit	-	-	-	-	-	-	pořečti	pořečteme	pořečtete	-	pořečtěn	-	-	-
pořešit	-	-	-	-	-	-	-	-	-	-	-	pořeše	-	-
pořídit	-	-	-	-	-	-	pořiď	pořiďme	pořiďte	-	pořízen	-	-	-
pošinout	-	-	-	-	-	-	pošiň	pošiňme	pošiňte	-	-	-	-	-
poškodit	-	-	-	-	-	-	poškoď	poškoďme	poškoďte	-	poškozen	-	-
poškorpit	-	-	-	-	-	-	poškorpi	poškorpěme	poškorpěte	-	-	-	-	-
poškrtit	-	-	-	-	-	-	poškrť	poškrťme	poškrťte	-	poškrcen	-	-	-
poškvrnit	-	-	-	-	-	-	poškvrň	poškvrňme	poškvrňte	-	poškvrněn	-	-	-
poškádlit	-	-	-	-	-	-	poškádli	poškádleme	poškádlete	-	-	-	-	-
pošpanělštit	-	-	-	-	-	-	-	-	-	-	pošpanělštěn	-	-	-
pošpatnit	-	-	-	-	-	-	-	-	-	-	pošpatněn	-	-	-
pošpinit	-	-	-	-	-	-	pošpiň	pošpiňme	pošpiňte	-	pošpiněn	-	-
pošprechtit	-	-	-	-	-	-	pošprechti	pošprechtěme	pošprechtěte	-	-	-	-	-
pošramotit	-	-	-	-	-	-	pošramoť	pošramoťme	pošramoťte	-	pošramocen	-	-	-
poštvat	poštvu	poštveš	poštve	poštveme	poštvete	poštvou	poštvi	poštvěme	poštvěte	-	-	-	-
poštěstit	-	-	-	-	-	-	poštěsti	poštěstěme	poštěstěte	-	poštěstěn	-	-	-
pošupajdit	-	-	-	-	-	-	-	-	-	-	pošupajděn	-	-	-
pošušňat	-	-	-	-	-	-	pošušněj	pošušnějme	pošušnějte	-	-	-	-	-
pošvýcarštit	-	-	-	-	-	-	-	-	-	-	pošvýcarštěn	-	-	-
pošít	pošiji	pošiješ	pošije	pošijeme	pošijete	pošijou	pošij	pošijme	pošijte	pošil	pošit	-	-	pošila
poženit	-	-	-	-	-	-	požeň	požeňme	požeňte	-	poženěn	-	-	-
poženštit	-	-	-	-	-	-	-	-	-	-	poženštěn	-	-	-
požidovštit	-	-	-	-	-	-	požidovšti	požidovštěme	požidovštěte	-	požidovštěn	-	-	-
požlutit	-	-	-	-	-	-	požluť	požluťme	požluťte	-	požlucen	-	-	-
požnout	-	-	-	-	-	-	-	-	-	požal	-	-	-	požala
požrat	požeru	požereš	požere	požereme	požerete	požerou	požer	požerme	požerte	-	-	-	-	-
požvanit	-	-	-	-	-	-	požvaň	požvaňme	požvaňte	-	požvaněn	-	-	-
požít	požiji	požiješ	požije	požijeme	požijete	požijou	požij	požijme	požijte	požil	požit	-	-	požila
pramenit	-	-	-	-	-	-	prameň	prameňme	prameňte	-	prameněn	-	-	-
prasečit	-	-	-	-	-	-	-	-	-	-	-	praseče	-	-
prasit	-	-	-	-	-	-	-	-	-	-	-	prase	-
praštit	-	-	-	-	-	-	prašti	praštěme	praštěte	-	-	-	-
praštět	-	-	-	-	-	praští	prašti	praštěme	praštěte	-	praštěn	praště	praštíc	-
pražit	-	-	-	-	-	-	-	-	-	-	-	praže	-
prdět	-	-	-	-	-	prdí	prď	prďme	prďte	-	prděn	prdě	prdíc	-
probarvit	-	-	-	-	-	-	probarvi	probarvěme	probarvěte	-	-	-	-	-
probdít	probdím	probdíš	probdí	probdíme	probdíte	probdí	probdi	probděme	probděte	probdil	probděn	-	-	probdila
probendit	-	-	-	-	-	-	probendi	probenděme	probenděte	-	probenděn	-	-	-
probloudit	-	-	-	-	-	-	probloudi	problouděme	problouděte	-	problouděn	-	-	-
problouznit	-	-	-	-	-	-	problouzni	problouzněme	problouzněte	-	problouzněn	-	-	-
problít	probliji	probliješ	problije	problijeme	problijete	problijou	problij	problijme	problijte	problil	problit	-	-	problila
probolet	-	-	-	-	-	probolí	probol	probolme	probolte	-	-	-	-	-
probouzet	-	-	-	-	-	probouzejí	probouzej	probouzejme	probouzejte	-	-	probouzeje	probouzejíc
probořit	-	-	-	-	-	-	-	-	-	-	-	proboře	-	-
probrat	proberu	probereš	probere	probereme	proberete	proberou	prober	proberme	proberte	-	-	-	-
probrebentit	-	-	-	-	-	-	probrebenti	probrebentěme	probrebentěte	-	probrebentěn	-	-	-
probrečet	-	-	-	-	-	probrečí	probreč	probrečme	probrečte	-	-	-	-	-
probrigádničit	-	-	-	-	-	-	-	-	-	-	-	probrigádniče	-	-
probrodit	-	-	-	-	-	-	probroď	probroďme	probroďte	-	probroděn	-	-	-
probrousit	-	-	-	-	-	-	probrus	probrusme	probruste	-	probroušen	-	-	-
probruslit	-	-	-	-	-	-	probrusli	probrusleme	probruslete	-	-	-	-	-
probrzdit	-	-	-	-	-	-	-	-	-	-	probrzděn	-	-	-
probrázdit	-	-	-	-	-	-	-	-	-	-	probrázděn	-	-	-
probudit	-	-	-	-	-	-	probuď	probuďme	probuďte	-	probuzen	-	-
probíjet	-	-	-	-	-	probíjejí	probíjej	probíjejme	probíjejte	-	-	probíjeje	probíjejíc	-
probít	probiji	probiješ	probije	probijeme	probijete	probijou	probij	probijme	probijte	probil	probit	-	-	probila
probělit	-	-	-	-	-	-	-	-	-	-	-	proběle	-	-
procedit	-	-	-	-	-	-	proceď	proceďme	proceďte	-	procezen	-	-	-
prochcat	prochčiji	prochčiješ	prochčije	prochčijeme	prochčijete	prochčijou	prochčij	prochčijme	prochčijte	-	-	-	-	-
prochladit	-	-	-	-	-	-	prochlaď	prochlaďme	prochlaďte	-	prochlazen	-	-	-
prochodit	-	-	-	-	-	-	prochoď	prochoďme	prochoďte	-	prochozen	-	-	-
prochrnět	-	-	-	-	-	prochrní	prochrň	prochrňme	prochrňte	-	prochrněn	-	-	-
prochrápat	prochrápu	prochrápeš	prochrápe	prochrápeme	prochrápete	prochrápou	-	-	-	-	-	-	-	-
prochuravět	-	-	-	-	-	-	prochuravěj	prochuravějme	prochuravějte	-	prochuravěn	prochuravěje	prochuravějíc	-
prochvět	prochvěji	prochvěješ	prochvěje	prochvějeme	prochvějete	-	prochvěj	prochvějme	prochvějte	-	-	-	-	-
procházet	-	-	-	-	-	procházejí	procházej	procházejme	procházejte	-	-	procházeje	procházejíc
prochřestit	-	-	-	-	-	-	-	-	-	-	prochřestěn	-	-	-
procivět	-	-	-	-	-	-	prociv	procivme	procivte	-	procivěn	-	-	-
proclít	proclím	proclíš	proclí	proclíme	proclíte	proclí	procli	procleme	proclete	proclil	proclen	-	-	proclila
procpat	procpu	procpeš	procpe	procpeme	procpete	procpou	procpi	procpěme	procpěte	-	-	-	-	-
procvičit	-	-	-	-	-	-	-	-	-	-	-	procviče	-	-
procyklit	-	-	-	-	-	-	procykli	procykleme	procyklete	-	-	-	-	-
procítit	-	-	-	-	-	-	prociť	prociťme	prociťte	-	procítěn	-	-	-
prodloužit	-	-	-	-	-	-	prodlouži	prodloužeme	prodloužete	-	-	-	-
prodlít	prodlím	prodlíš	prodlí	prodlíme	prodlíte	prodlejí	prodli	prodleme	prodlete	prodlel	prodlen	-	-	prodlela
prodrat	proderu	prodereš	prodere	prodereme	proderete	proderou	proder	proderme	proderte	-	-	-	-	-
prodražit	-	-	-	-	-	-	-	-	-	-	-	prodraže	-	-
produchovnit	-	-	-	-	-	-	-	-	-	-	produchovněn	-	-	-
produchovnět	-	-	-	-	-	-	produchovněj	produchovnějme	produchovnějte	-	produchovněn	produchovněje	produchovnějíc	-
produnět	-	-	-	-	-	produní	produň	produňme	produňte	-	produněn	-	-	-
produsit	-	-	-	-	-	-	-	-	-	-	produšen	-	-	-
produševnit	-	-	-	-	-	-	produševni	produševněme	produševněte	-	produševněn	-	-	-
prodychtit	-	-	-	-	-	-	prodychti	prodychtěme	prodychtěte	-	prodychtěn	-	-	-
prodělit	-	-	-	-	-	-	-	-	-	-	-	proděle	-	-
proděravět	-	-	-	-	-	proděraví	proděrav	proděravme	proděravte	-	proděravěn	-	-	-
prodřít	prodřu	prodřeš	prodře	prodřeme	prodřete	prodřou	prodři	prodřeme	prodřete	prodřel	prodřen	-	-	prodřela
profandit	-	-	-	-	-	-	profandi	profanděme	profanděte	-	profanděn	-	-	-
profičet	-	-	-	-	-	profičí	profič	profičme	profičte	-	-	-	-	-
profotit	-	-	-	-	-	-	profoť	profoťme	profoťte	-	profocen	-	-	-
profrčet	-	-	-	-	-	profrčí	profrč	profrčme	profrčte	-	-	-	-	-
profunkcionařit	-	-	-	-	-	-	-	-	-	-	-	profunkcionaře	-	-
profunět	-	-	-	-	-	profuní	profuň	profuňme	profuňte	-	profuněn	-	-	-
prohihňat	-	-	-	-	-	-	prohihněj	prohihnějme	prohihnějte	-	-	-	-	-
prohloubit	-	-	-	-	-	-	prohloubi	prohlouběme	prohlouběte	-	-	-	-
prohloupit	-	-	-	-	-	-	prohlup	prohlupme	prohlupte	-	-	-	-	-
prohlásit	-	-	-	-	-	-	prohlas	prohlasme	prohlaste	-	prohlášen	-	-
prohlížet	-	-	-	-	-	prohlížejí	prohlížej	prohlížejme	prohlížejte	-	-	prohlížeje	prohlížejíc
prohnat	proženu	proženeš	prožene	proženeme	proženete	proženou	prožeň	prožeňme	prožeňte	-	-	-	-
prohnojit	-	-	-	-	-	-	-	-	-	-	-	prohnoje	-	-
prohnout	-	-	-	-	-	-	-	-	-	prohnul	-	-	-	-
prohníst	prohnětu	prohněteš	prohněte	prohněteme	prohnětete	prohnětou	prohněť	prohněťme	prohněťte	prohnětl	prohněten	-	-	prohnětla
prohnít	prohniji	prohniješ	prohnije	prohnijeme	prohnijete	prohnijou	prohnij	prohnijme	prohnijte	prohnil	prohnit	-	-	prohnila
prohodit	-	-	-	-	-	-	prohoď	prohoďme	prohoďte	-	prohozen	-	-
prohonit	-	-	-	-	-	-	prohoň	prohoňme	prohoňte	-	prohoněn	-	-	-
prohospodařit	-	-	-	-	-	-	-	-	-	-	-	prohospodaře	-	-
prohovořit	-	-	-	-	-	-	-	-	-	-	-	prohovoře	-	-
prohořet	-	-	-	-	-	prohoří	prohoř	prohořme	prohořte	-	-	-	-	-
prohrabat	prohrabu	prohrabeš	prohrabe	prohrabeme	prohrabete	prohrabou	-	-	-	-	-	-	-	-
prohrnout	-	-	-	-	-	-	prohrň	prohrňme	prohrňte	prohrnul	-	-	-	prohrnula
prohrát	prohraji	prohraješ	prohraje	prohrajeme	prohrajete	prohrajou	prohraj	prohrajme	prohrajte	-	prohrán	-	-
prohrýzt	prohryžu	prohryžeš	prohryže	prohryžeme	prohryžete	prohryžou	prohryž	prohryžme	prohryžte	prohryzl	prohryzen	-	-	prohryzla
prohumóznit	-	-	-	-	-	-	prohumózni	prohumózněme	prohumózněte	-	prohumózněn	-	-	-
prohučet	-	-	-	-	-	prohučí	prohuč	prohučme	prohučte	-	-	-	-	-
prohánět	-	-	-	-	-	-	proháněj	prohánějme	prohánějte	-	proháněn	proháněje	prohánějíc	-
proházet	-	-	-	-	-	proházejí	proházej	proházejme	proházejte	-	-	proházeje	proházejíc	-
prohýřit	-	-	-	-	-	-	prohyř	prohyřme	prohyřte	-	-	-	-	-
prohřešit	-	-	-	-	-	-	-	-	-	-	-	prohřeše	-	-
prohřát	prohřeji	prohřeješ	prohřeje	prohřejeme	prohřejete	prohřejou	prohřej	prohřejme	prohřejte	-	prohřát	-	-	-
projasnit	-	-	-	-	-	-	projasni	projasněme	projasněte	-	projasněn	-	-	-
projednotit	-	-	-	-	-	-	projednoť	projednoťme	projednoťte	-	projednocen	-	-	-
projet	projedu	projedeš	projede	projedeme	projedete	projedou	projeď	projeďme	projeďte	-	projet	-	-	-
projezdit	-	-	-	-	-	-	projezdi	projezděme	projezděte	-	projezděn	-	-	-
projmout	projmu	projmeš	projme	projmeme	projmete	projmou	projmi	projměme	projměte	projmul	projmut	-	-
projíst	projím	projíš	projí	projíme	projíte	projedí	projez	projezme	projezte	projedl	projeden	-	-	projedla
projít	projdu	projdeš	projde	projdeme	projdete	projdou	projdi	projděme	projděte	prošel	-	-	-	prošla
projíždět	-	-	-	-	-	-	projížděj	projíždějme	projíždějte	-	projížděn	projížděje	projíždějíc	-
prokarbanit	-	-	-	-	-	-	prokarbaň	prokarbaňme	prokarbaňte	-	prokarbaněn	-	-	-
prokašlat	prokašlu	prokašleš	prokašle	prokašleme	prokašlete	prokašlou	-	-	-	-	-	-	-	-
proklenout	-	-	-	-	-	-	prokleň	prokleňme	prokleňte	-	-	-	-	-
proklestit	-	-	-	-	-	-	proklesti	proklestěme	proklestěte	-	proklestěn	-	-	-
proklečet	-	-	-	-	-	proklečí	-	-	-	-	-	-	-	-
prokleštit	-	-	-	-	-	-	proklešti	prokleštěme	prokleštěte	-	prokleštěn	-	-	-
proklovat	proklovu	prokloveš	proklove	prokloveme	proklovete	proklovají	proklovej	proklovejme	proklovejte	-	proklován	proklovaje	proklovajíc	-
proklást	prokladu	prokladeš	proklade	proklademe	prokladete	prokladou	proklaď	proklaďme	proklaďte	prokladl	prokladen	-	-	prokladla
proklát	proklaju	proklaješ	proklaje	proklajeme	proklajete	proklajou	proklaň	proklaňme	proklaňte	-	proklán	-	-	-
proklít	prokleji	prokleješ	prokleje	proklejeme	proklejete	proklejou	proklej	proklejme	proklejte	proklel	proklet	-	-
prokoulet	-	-	-	-	-	prokoulejí	prokoulej	prokoulejme	prokoulejte	-	-	prokouleje	prokoulejíc	-
prokořenit	-	-	-	-	-	-	prokořeň	prokořeňme	prokořeňte	-	prokořeněn	-	-	-
prokreslit	-	-	-	-	-	-	prokresli	prokresleme	prokreslete	-	-	-	-	-
prokrvácet	-	-	-	-	-	prokrvácejí	prokrvácej	prokrvácejme	prokrvácejte	-	-	prokrváceje	prokrvácejíc	-
prokrást	prokradu	prokradeš	prokrade	prokrademe	prokradete	prokradou	prokraď	prokraďme	prokraďte	prokradl	-	-	-	prokradla
prokrátit	-	-	-	-	-	-	prokrať	prokraťme	prokraťte	-	prokrácen	-	-	-
prokráčet	-	-	-	-	-	prokráčejí	prokráčej	prokráčejme	prokráčejte	-	-	prokráčeje	prokráčejíc	-
prokutálet	-	-	-	-	-	prokutálejí	prokutálej	prokutálejme	prokutálejte	-	-	prokutáleje	prokutálejíc	-
prokvasit	-	-	-	-	-	-	-	-	-	-	-	prokvase	-	-
prokvičet	-	-	-	-	-	prokvičí	prokvič	prokvičme	prokvičte	-	-	-	-	-
prokvést	prokvetu	prokveteš	prokvete	prokveteme	prokvetete	prokvetou	prokveť	prokveťme	prokveťte	prokvetl	-	-	-	prokvetla
prokvílet	-	-	-	-	-	prokvílejí	prokvílej	prokvílejme	prokvílejte	-	-	prokvíleje	prokvílejíc	-
prokymácet	-	-	-	-	-	prokymácejí	prokymácej	prokymácejme	prokymácejte	-	-	prokymáceje	prokymácejíc	-
prokypřit	-	-	-	-	-	-	prokypři	prokypřeme	prokypřete	-	-	-	-	-
prokysličit	-	-	-	-	-	-	-	-	-	-	-	prokysliče	-	-
prokácet	-	-	-	-	-	prokácejí	prokácej	prokácejme	prokácejte	-	-	prokáceje	prokácejíc	-
prokázat	prokážu	prokážeš	prokáže	prokážeme	prokážete	prokážou	prokaž	prokažme	prokažte	-	-	-	-
prokňučet	-	-	-	-	-	prokňučí	prokňuč	prokňučme	prokňučte	-	-	-	-	-
prokřemenit	-	-	-	-	-	-	prokřemeň	prokřemeňme	prokřemeňte	-	prokřemeněn	-	-	-
prokřičet	-	-	-	-	-	prokřičí	prokřič	prokřičme	prokřičte	-	-	-	-	-
prokřížit	-	-	-	-	-	-	prokřiž	prokřižme	prokřižte	-	-	-	-	-
proladit	-	-	-	-	-	-	prolaď	prolaďme	prolaďte	-	prolazen	-	-	-
prolenošit	-	-	-	-	-	-	-	-	-	-	-	prolenoše	-	-
proletnit	-	-	-	-	-	-	proletni	proletněme	proletněte	-	proletněn	-	-	-
proletět	-	-	-	-	-	proletí	proleť	proleťme	proleťte	-	proletěn	-	-	-
proležet	-	-	-	-	-	proleží	prolež	proležme	proležte	-	-	-	-	-
prolhat	prolžu	prolžeš	prolže	prolžeme	prolžete	prolžou	prolži	prolžeme	prolžete	-	-	-	-	-
prolnout	-	-	-	-	-	-	-	-	-	prolnul	-	-	-	prolnula
prolozit	-	-	-	-	-	-	-	-	-	-	-	proloze	-	-
proložit	-	-	-	-	-	-	-	-	-	-	-	prolože	-	-
prolámat	prolámu	prolámeš	proláme	prolámeme	prolámete	prolámou	-	-	-	-	-	-	-	-
prolézt	prolezu	prolezeš	proleze	prolezeme	prolezete	prolezou	prolez	prolezme	prolezte	prolezl	prolezen	-	-
prolít	proleji	proleješ	proleje	prolejeme	prolejete	prolejou	prolej	prolejme	prolejte	prolil	prolit	-	-	prolila
promarnit	-	-	-	-	-	-	promarni	promarněme	promarněte	-	promarněn	-	-
promarodit	-	-	-	-	-	-	promaroď	promaroďme	promaroďte	-	promaroděn	-	-	-
promastit	-	-	-	-	-	-	promasti	promastěme	promastěte	-	promaštěn	-	-	-
promazlit	-	-	-	-	-	-	promazli	promazleme	promazlete	-	-	-	-	-
promařit	-	-	-	-	-	-	-	-	-	-	-	promaře	-	-
promejšlet	-	-	-	-	-	promejšlejí	promejšlej	promejšlejme	promejšlejte	-	-	promejšleje	promejšlejíc	-
prominout	-	-	-	-	-	-	promiň	promiňme	promiňte	-	-	-	-
promlít	promelu	promeleš	promele	promeleme	promelete	promelou	promel	promelme	promelte	promlel	promlet	-	-	promlela
promlčet	-	-	-	-	-	promlčí	promlč	promlčme	promlčte	-	-	-	-
promnout	-	-	-	-	-	-	-	-	-	promnul	-	-	-	promnula
promodlit	-	-	-	-	-	-	promodli	promodleme	promodlete	-	-	-	-	-
promočit	-	-	-	-	-	-	-	-	-	-	-	promoče	-	-
promořit	-	-	-	-	-	-	-	-	-	-	-	promoře	-	-
promuškařit	-	-	-	-	-	-	-	-	-	-	-	promuškaře	-	-
promyslit	-	-	-	-	-	-	promysli	promysleme	promyslete	-	promyšlen	-	-	-
promáčet	-	-	-	-	-	promáčejí	promáčej	promáčejme	promáčejte	-	-	promáčeje	promáčejíc	-
promíjet	-	-	-	-	-	promíjejí	promíjej	promíjejme	promíjejte	-	-	promíjeje	promíjejíc
promísit	-	-	-	-	-	-	promis	promisme	promiste	-	-	-	-	-
promýt	promeji	promyješ	promyje	promejem	promyjete	promejí	promyj	promejmež	promejtež	promyl	promyt	-	-	promyla
promýtit	-	-	-	-	-	-	promýti	promýtěme	promýtěte	-	promýcen	-	-	-
promýšlet	-	-	-	-	-	promýšlejí	promýšlej	promýšlejme	promýšlejte	-	-	promýšleje	promýšlejíc	-
proměnit	-	-	-	-	-	-	proměň	proměňme	proměňte	-	proměněn	-	-
proměřit	-	-	-	-	-	-	-	-	-	-	-	proměře	-	-
pronajmout	pronajmu	pronajmeš	pronajme	pronajmeme	pronajmete	pronajmou	pronajmi	pronajměme	pronajměte	pronajal	pronajat	-	-
pronudit	-	-	-	-	-	-	-	-	-	-	pronuděn	-	-	-
pronášet	-	-	-	-	-	pronášejí	pronášej	pronášejme	pronášejte	-	-	pronášeje	pronášejíc	-
pronést	pronesu	proneseš	pronese	proneseme	pronesete	pronesou	prones	pronesme	proneste	pronesl	pronesen	-	-	pronesla
prootálet	-	-	-	-	-	prootálejí	prootálej	prootálejme	prootálejte	-	-	prootáleje	prootálejíc	-
proparádit	-	-	-	-	-	-	-	-	-	-	proparáděn	-	-	-
propařit	-	-	-	-	-	-	-	-	-	-	-	propaře	-	-
properlit	-	-	-	-	-	-	properli	properleme	properlete	-	-	-	-	-
proplachtit	-	-	-	-	-	-	proplachti	proplachtěme	proplachtěte	-	-	-	-	-
proplakat	propláči	propláčeš	propláče	propláčeme	propláčete	propláčou	-	-	-	-	-	-	-	-
proplatit	-	-	-	-	-	-	proplať	proplaťme	proplaťte	-	proplacen	-	-
proplavat	proplavu	proplaveš	proplave	proplaveme	proplavete	proplavou	-	-	-	-	-	-	-	-
proplešatět	-	-	-	-	-	-	proplešatěj	proplešatějme	proplešatějte	-	proplešatěn	proplešatěje	proplešatějíc	-
proplout	propluji	propluješ	propluje	proplujeme	proplujete	proplujou	propluj	proplujme	proplujte	proplul	proplut	-	-	proplula
proplužit	-	-	-	-	-	-	-	-	-	-	-	propluže	-	-
proplynit	-	-	-	-	-	-	proplyň	proplyňme	proplyňte	-	proplyněn	-	-	-
proplynout	-	-	-	-	-	-	proplyň	proplyňme	proplyňte	-	-	-	-	-
proplácet	-	-	-	-	-	proplácejí	proplácej	proplácejme	proplácejte	-	-	propláceje	proplácejíc	-
proplést	propletu	propleteš	proplete	propleteme	propletete	propletou	propleť	propleťme	propleťte	propletl	propleten	-	-
proplít	propleji	propleješ	propleje	proplejeme	proplejete	proplejou	proplej	proplejme	proplejte	proplel	proplit	-	-	proplela
proplížit	-	-	-	-	-	-	propliž	propližme	propližte	-	-	-	-	-
propnout	-	-	-	-	-	-	-	-	-	propjal	-	-	-	propjala
propojit	-	-	-	-	-	-	-	-	-	-	-	propoje	-	-
propotit	-	-	-	-	-	-	propoť	propoťme	propoťte	-	propocen	-	-	-
propotácet	-	-	-	-	-	propotácejí	propotácej	propotácejme	propotácejte	-	-	propotáceje	propotácejíc	-
propouštět	-	-	-	-	-	-	propouštěj	propouštějme	propouštějte	-	propouštěn	propouštěje	propouštějíc
propočíst	propočtu	propočteš	propočte	propočteme	propočtete	propočtou	propočti	propočtěme	propočtěte	propočetl	propočten	-	-	propočetla
proprat	properu	propereš	propere	propereme	properete	properou	proper	properme	properte	-	-	-	-	-
propršet	-	-	-	-	-	proprší	proprš	propršme	propršte	-	-	-	-	-
propsat	propíši	propíšeš	propíše	propíšeme	propíšete	propíšou	propiš	propišme	propište	-	-	-	-	-
propudit	-	-	-	-	-	-	propuď	propuďme	propuďte	-	propuzen	-	-	-
propustit	-	-	-	-	-	-	propusť	propusťme	propusťte	-	propuštěn	-	-
propájet	-	-	-	-	-	propájejí	propájej	propájejme	propájejte	-	-	propájeje	propájejíc	-
propálit	-	-	-	-	-	-	propal	propalme	propalte	-	-	-	-	-
propást	propasu	propaseš	propase	propaseme	propasete	propasou	propas	propasme	propaste	-	propasen	-	-	-
propéci	propeču	propečeš	propeče	propečeme	propečete	propečou	propeč	propečme	propečte	propekl	propečen	-	-	propekla
propíjet	-	-	-	-	-	propíjejí	propíjej	propíjejme	propíjejte	-	-	propíjeje	propíjejíc
propít	propiji	propiješ	propije	propijeme	propijete	propijou	propij	propijme	propijte	propil	propit	-	-
propřemýšlet	-	-	-	-	-	propřemýšlejí	propřemýšlej	propřemýšlejme	propřemýšlejte	-	-	propřemýšleje	propřemýšlejíc	-
propříst	propřadu	propřadeš	propřade	propřademe	propřadete	propřadou	propřaď	propřaďme	propřaďte	propřadl	propřaden	-	-	propřadla
propůjčit	-	-	-	-	-	-	-	-	-	-	-	propůjče	-	-
prorachotit	-	-	-	-	-	-	prorachoť	prorachoťme	prorachoťte	-	prorachocen	-	-	-
prorandit	-	-	-	-	-	-	prorandi	proranděme	proranděte	-	proranděn	-	-	-
prorazit	-	-	-	-	-	-	-	-	-	-	proražen	-	-	-
prorejdit	-	-	-	-	-	-	-	-	-	-	prorejděn	-	-	-
prorezavět	-	-	-	-	-	-	prorezavěj	prorezavějme	prorezavějte	-	prorezavěn	prorezavěje	prorezavějíc	-
prorezivět	-	-	-	-	-	-	prorezivěj	prorezivějme	prorezivějte	-	prorezivěn	prorezivěje	prorezivějíc	-
prorvat	prorvu	prorveš	prorve	prorveme	prorvete	prorvou	prorvi	prorvěme	prorvěte	-	-	-	-	-
prorážet	-	-	-	-	-	prorážejí	prorážej	prorážejme	prorážejte	-	-	prorážeje	prorážejíc	-
prorýt	proryji	proryješ	proryje	proryjeme	proryjete	proryjou	proryj	proryjme	proryjte	proryl	proryt	-	-	proryla
prorůst	prorostu	prorosteš	proroste	prorosteme	prorostete	prorostou	prorosť	prorosťme	prorosťte	prorostl	-	-	-	prorostla
prosadit	-	-	-	-	-	-	prosaď	prosaďme	prosaďte	-	prosazen	-	-
prosedět	-	-	-	-	-	-	proseď	proseďme	proseďte	-	proseděn	-	-	-
prosit	-	-	-	-	-	-	-	-	-	-	prošen	prose	-
prosklít	prosklím	prosklíš	prosklí	prosklíme	prosklíte	prosklí	proskli	proskleme	prosklete	prosklil	prosklen	-	-	prosklila
proskotačit	-	-	-	-	-	-	-	-	-	-	-	proskotače	-	-
proskočit	-	-	-	-	-	-	-	-	-	-	-	proskoče	-	-
proskákat	proskáči	proskáčeš	proskáče	proskáčeme	proskáčete	proskáčou	-	-	-	-	-	-	-	-
prosladit	-	-	-	-	-	-	proslaď	proslaďme	proslaďte	-	proslazen	-	-	-
proslinit	-	-	-	-	-	-	prosliň	prosliňme	prosliňte	-	prosliněn	-	-	-
proslout	prosluji	prosluješ	prosluje	proslujeme	proslujete	proslují	prosluj	proslujme	proslujte	proslul	proslut	-	-
proslunit	-	-	-	-	-	-	prosluň	prosluňme	prosluňte	-	prosluněn	-	-	-
proslídit	-	-	-	-	-	-	prosliď	prosliďme	prosliďte	-	proslíděn	-	-	-
prosmažit	-	-	-	-	-	-	-	-	-	-	-	prosmaže	-	-
prosmejčit	-	-	-	-	-	-	prosmejči	prosmejčeme	prosmejčete	-	-	-	-	-
prosmolit	-	-	-	-	-	-	-	-	-	-	-	prosmole	-	-
prosmát	-	-	-	-	-	-	-	-	-	-	prosmán	-	-	-
prosmýčit	-	-	-	-	-	-	prosmyč	prosmyčme	prosmyčte	-	-	-	-	-
prosnít	prosním	prosníš	prosní	prosníme	prosníte	prosní	prosni	prosněme	prosněte	prosnil	prosněn	-	-	prosnila
prosněžit	-	-	-	-	-	-	-	-	-	-	-	prosněže	-	-
prosolit	-	-	-	-	-	-	-	-	-	-	-	prosole	-	-
prosoudit	-	-	-	-	-	-	prosuď	prosuďme	prosuďte	-	prosouzen	-	-	-
prospat	prospím	prospíš	prospí	prospíme	prospíte	prospí	prospi	prospěme	prospěte	-	-	-	-
prospět	prospěji	prospěješ	prospěje	prospějeme	prospějete	-	prospěj	prospějme	prospějte	-	prospěn	-	-	-
prosrat	proseru	prosereš	prosere	prosereme	proserete	proserou	proser	proserme	proserte	-	-	-	-	-
prostavět	-	-	-	-	-	-	prostav	prostavme	prostavte	-	prostavěn	-	-	-
prostoupit	-	-	-	-	-	-	prostup	prostupme	prostupte	-	-	-	-	-
prostrčit	-	-	-	-	-	-	-	-	-	-	-	prostrče	-	-
prostudit	-	-	-	-	-	-	prostuď	prostuďme	prostuďte	-	prostuzen	-	-	-
prostát	prostojím	prostojíš	prostojí	prostojíme	prostojíte	prostojí	prostůj	prostůjme	prostůjte	-	prostán	-	-	-
prostřelit	-	-	-	-	-	-	-	-	-	-	-	prostřele	-	-
prostřílet	-	-	-	-	-	prostřílejí	prostřílej	prostřílejme	prostřílejte	-	-	prostříleje	prostřílejíc	-
prostřít	prostřu	prostřeš	prostře	prostřeme	prostřete	prostřou	prostři	prostřeme	prostřete	prostřel	prostřen	-	-	prostřela
prosunout	-	-	-	-	-	-	prosuň	prosuňme	prosuňte	-	-	-	-	-
prosušit	-	-	-	-	-	-	-	-	-	-	-	prosuše	-	-
prosvištět	-	-	-	-	-	prosviští	prosvišti	prosvištěme	prosvištěte	-	prosvištěn	-	-	-
prosvítit	-	-	-	-	-	-	prosviť	prosviťme	prosviťte	-	prosvícen	-	-	-
prosvětlit	-	-	-	-	-	-	prosvětli	prosvětleme	prosvětlete	-	-	-	-	-
prosytit	-	-	-	-	-	-	prosyť	prosyťme	prosyťte	-	prosycen	-	-	-
prosyčet	-	-	-	-	-	prosyčí	prosyč	prosyčme	prosyčte	-	-	-	-	-
prosázet	-	-	-	-	-	prosázejí	prosázej	prosázejme	prosázejte	-	-	prosázeje	prosázejíc	-
prosít	proseji	proseješ	proseje	prosejeme	prosejete	prosejou	prosej	prosejme	prosejte	prosel	proset	-	-	prosela
prosířit	-	-	-	-	-	-	prosiř	prosiřme	prosiřte	-	-	-	-	-
protančit	-	-	-	-	-	-	protanči	protančeme	protančete	-	-	-	-
protemnit	-	-	-	-	-	-	-	-	-	-	protemněn	-	-	-
protemnět	-	-	-	-	-	-	protemněj	protemnějme	protemnějte	-	protemněn	protemněje	protemnějíc	-
proteplit	-	-	-	-	-	-	protepli	protepleme	proteplete	-	-	-	-	-
protiřečit	-	-	-	-	-	-	-	-	-	-	-	protiřeče	-
protlačit	-	-	-	-	-	-	-	-	-	-	-	protlače	-	-
protlouci	protluču	protlučeš	protluče	protlučeme	protlučete	protlučou	protluč	protlučme	protlučte	protloukl	protlučen	-	-	protloukla
protočit	-	-	-	-	-	-	-	-	-	-	-	protoče	-	-
protroškařit	-	-	-	-	-	-	-	-	-	-	-	protroškaře	-	-
protrpět	-	-	-	-	-	protrpí	protrp	protrpme	protrpte	-	protrpěn	-	-	-
protrápit	-	-	-	-	-	-	protrap	protrapme	protrapte	-	-	-	-	-
protáčet	-	-	-	-	-	protáčejí	protáčej	protáčejme	protáčejte	-	-	protáčeje	protáčejíc	-
protéci	proteču	protečeš	proteče	protečeme	protečete	protečou	proteč	protečme	protečte	protekl	protečen	-	-	protekla
protřást	protřesu	protřeseš	protřese	protřeseme	protřesete	protřesou	protřes	protřesme	protřeste	-	protřesen	-	-
protříbit	-	-	-	-	-	-	protřib	protřibme	protřibte	-	-	-	-	-
protřídit	-	-	-	-	-	-	protřiď	protřiďme	protřiďte	-	protříděn	-	-	-
protřít	protřu	protřeš	protře	protřeme	protřete	protřou	protři	protřeme	protřete	protřel	protřen	-	-	protřela
proudit	-	-	-	-	-	-	proudi	prouděme	prouděte	-	prouzen	-	-
prouklízet	-	-	-	-	-	prouklízejí	prouklízej	prouklízejme	prouklízejte	-	-	prouklízeje	prouklízejíc	-
proutkařit	-	-	-	-	-	-	-	-	-	-	-	proutkaře	-	-
provalit	-	-	-	-	-	-	-	-	-	-	-	provale	-	-
provanout	-	-	-	-	-	-	provaň	provaňme	provaňte	-	-	-	-	-
provařit	-	-	-	-	-	-	-	-	-	-	-	provaře	-	-
provinit	-	-	-	-	-	-	proviň	proviňme	proviňte	-	proviněn	-	-
provinout	-	-	-	-	-	-	proviň	proviňme	proviňte	-	-	-	-	-
provlažit	-	-	-	-	-	-	-	-	-	-	-	provlaže	-	-
provlhčit	-	-	-	-	-	-	provlhči	provlhčeme	provlhčete	-	-	-	-	-
provlnit	-	-	-	-	-	-	-	-	-	-	provlněn	-	-	-
provléci	provleku	provlečeš	provleče	provlečeme	provlečete	provlekou	provlec	provlecme	provlecte	provlekl	provlečen	-	-	provlekla
provodit	-	-	-	-	-	-	-	-	-	-	provoděn	-	-	-
provonět	-	-	-	-	-	provoní	provoň	provoňme	provoňte	-	provoněn	-	-	-
provrásnit	-	-	-	-	-	-	-	-	-	-	provrásněn	-	-	-
provzdušnit	-	-	-	-	-	-	-	-	-	-	provzdušněn	-	-
provádět	-	-	-	-	-	-	prováděj	provádějme	provádějte	-	prováděn	prováděje	provádějíc
proválet	-	-	-	-	-	proválejí	proválej	proválejme	proválejte	-	-	prováleje	proválejíc	-
proválčit	-	-	-	-	-	-	proválči	proválčeme	proválčete	-	-	-	-	-
provápnit	-	-	-	-	-	-	provápni	provápněme	provápněte	-	provápněn	-	-	-
provát	prověji	prověješ	prověje	provějeme	provějete	provějou	prověj	provějme	provějte	-	provát	-	-	-
provázat	prováži	provážeš	prováže	provážeme	provážete	provážou	provaž	provažme	provažte	-	-	-	-	-
provázet	-	-	-	-	-	provázejí	provázej	provázejme	provázejte	-	-	provázeje	provázejíc	-
provážet	-	-	-	-	-	provážejí	provážej	provážejme	provážejte	-	-	provážeje	provážejíc	-
provážit	-	-	-	-	-	-	provaž	provažme	provažte	-	-	-	-	-
provést	provedu	provedeš	provede	provedeme	provedete	provedou	proveď	proveďme	proveďte	provedl	proveden	-	-
provézt	provezu	provezeš	proveze	provezeme	provezete	provezou	provez	provezme	provezte	provezl	provezen	-	-
províjet	-	-	-	-	-	províjejí	províjej	províjejme	províjejte	-	-	províjeje	províjejíc	-
prověsit	-	-	-	-	-	-	-	-	-	-	-	prověse	-	-
prověřit	-	-	-	-	-	-	-	-	-	-	-	prověře	-	-
prozahálet	-	-	-	-	-	prozahálejí	prozahálej	prozahálejme	prozahálejte	-	-	prozaháleje	prozahálejíc	-
prozkoušet	-	-	-	-	-	prozkoušejí	prozkoušej	prozkoušejme	prozkoušejte	-	-	prozkoušeje	prozkoušejíc	-
prozměnit	-	-	-	-	-	-	prozměň	prozměňme	prozměňte	-	prozměněn	-	-	-
prozradit	-	-	-	-	-	-	prozraď	prozraďme	prozraďte	-	prozrazen	-	-
prozrcadlit	-	-	-	-	-	-	prozrcadli	prozrcadleme	prozrcadlete	-	-	-	-	-
prozvonit	-	-	-	-	-	-	prozvoň	prozvoňme	prozvoňte	-	prozvoněn	-	-
prozvracet	-	-	-	-	-	prozvracejí	prozvracej	prozvracejme	prozvracejte	-	-	prozvraceje	prozvracejíc	-
prozvučit	-	-	-	-	-	-	-	-	-	-	-	prozvuče	-	-
prozvánět	-	-	-	-	-	-	prozváněj	prozvánějme	prozvánějte	-	prozváněn	prozváněje	prozvánějíc	-
prozávodit	-	-	-	-	-	-	prozávoď	prozávoďme	prozávoďte	-	prozávoděn	-	-	-
prozářit	-	-	-	-	-	-	prozař	prozařme	prozařte	-	-	-	-	-
prozřít	prozřu	prozřeš	prozře	prozřeme	prozřete	prozřou	prozři	prozřeme	prozřete	prozřel	prozřen	-	-	prozřela
pročernit	-	-	-	-	-	-	pročerň	pročerňme	pročerňte	-	pročerněn	-	-	-
pročeřit	-	-	-	-	-	-	-	-	-	-	-	pročeře	-	-
pročistit	-	-	-	-	-	-	pročisti	pročistěme	pročistěte	-	pročistěn	-	-	-
pročumět	-	-	-	-	-	pročumí	pročum	pročumme	pročumte	-	pročuměn	-	-	-
pročíst	pročtu	pročteš	pročte	pročteme	pročtete	pročtou	pročti	pročtěme	pročtěte	pročetl	pročten	-	-
prořvat	prořvu	prořveš	prořve	prořveme	prořvete	prořvou	prořvi	prořvěme	prořvěte	-	-	-	-	-
proříci	-	-	-	-	-	-	-	-	-	-	prořečen	-	-	-
prořítit	-	-	-	-	-	-	prořiť	prořiťme	prořiťte	-	prořícen	-	-	-
prošedivět	-	-	-	-	-	-	prošedivěj	prošedivějme	prošedivějte	-	prošedivěn	prošedivěje	prošedivějíc	-
prošetřit	-	-	-	-	-	-	prošetři	prošetřeme	prošetřete	-	-	-	-	-
proškolit	-	-	-	-	-	-	-	-	-	-	-	proškole	-	-
prošlechtit	-	-	-	-	-	-	prošlechti	prošlechtěme	prošlechtěte	-	prošlechtěn	-	-	-
prošmejdit	-	-	-	-	-	-	prošmejdi	prošmejděme	prošmejděte	-	prošmejděn	-	-	-
prošumět	-	-	-	-	-	prošumí	prošum	prošumme	prošumte	-	prošuměn	-	-	-
prošít	prošiji	prošiješ	prošije	prošijeme	prošijete	prošijou	prošij	prošijme	prošijte	prošil	prošit	-	-	prošila
proživořit	-	-	-	-	-	-	-	-	-	-	-	proživoře	-	-
prožlutit	-	-	-	-	-	-	prožluť	prožluťme	prožluťte	-	prožlucen	-	-	-
prožnout	-	-	-	-	-	-	-	-	-	prožal	-	-	-	prožala
prožrat	prožeru	prožereš	prožere	prožereme	prožerete	prožerou	prožer	prožerme	prožerte	-	-	-	-	-
prožvanit	-	-	-	-	-	-	prožvaň	prožvaňme	prožvaňte	-	prožvaněn	-	-	-
prožít	prožiji	prožiješ	prožije	prožijeme	prožijete	prožijou	prožij	prožijme	prožijte	prožil	prožit	-	-
prudit	-	-	-	-	-	-	pruď	pruďme	pruďte	-	pruzen	-	-
pružit	-	-	-	-	-	-	-	-	-	-	-	pruže	-	-
pryštit	-	-	-	-	-	-	pryšti	pryštěme	pryštěte	-	pryštěn	-	-	-
prznit	-	-	-	-	-	-	przni	-	-	-	przněn	-	-
práchnivět	-	-	-	-	-	-	práchnivěj	práchnivějme	práchnivějte	-	práchnivěn	práchnivěje	práchnivějíc	-
prát	peru	pereš	pere	pereme	perete	perou	per	perme	perte	pral	prán	pera	perouc
prášit	-	-	-	-	-	-	praš	prašme	prašte	-	-	práše	-	-
prýštit	-	-	-	-	-	-	prýšti	prýštěme	prýštěte	-	prýštěn	-	-	-
pršet	-	-	-	-	-	prší	prš	pršme	pršte	-	-	prše	pršíc
průhlednět	-	-	-	-	-	průhlední	průhledni	průhledněme	průhledněte	-	průhledněn	průhledně	průhledníc	-
psout	psuji	psuješ	psuje	psujeme	psujete	psujou	psuj	psujme	psujte	psul	psut	psuje	psujíc	psula
psát	píši	píšeš	píše	píšeme	píšete	píšou	piš	pišme	pište	psal	psán	píše	píšíc
ptát	ptám	ptáš	ptá	ptáme	ptáte	ptají	ptej	ptejme	ptejte	ptal	-	ptaje	ptajíc
puchýřovatět	-	-	-	-	-	-	puchýřovatěj	puchýřovatějme	puchýřovatějte	-	puchýřovatěn	puchýřovatěje	puchýřovatějíc	-
puchřet	-	-	-	-	-	puchří	puchři	puchřeme	puchřete	-	-	-	-	-
pudit	-	-	-	-	-	-	puď	puďme	puďte	-	puzen	-	-	-
pustit	-	-	-	-	-	-	pusť	pusťme	pusťte	-	puštěn	-	-
pustošit	-	-	-	-	-	-	-	-	-	-	-	pustoše	-
pučet	-	-	-	-	-	pučí	puč	pučme	pučte	-	-	puče	pučíc
pučit	-	-	-	-	-	-	-	-	-	-	-	puče	-	-
pytlačit	-	-	-	-	-	-	-	-	-	-	-	pytlače	-
pyšnit	-	-	-	-	-	-	pyšni	pyšněme	pyšněte	-	pyšněn	-	-	-
pábit	-	-	-	-	-	-	-	-	-	-	-	pábe	-	-
pádit	-	-	-	-	-	-	pádi	páděme	páděte	-	páděn	-	-	-
pájet	-	-	-	-	-	pájejí	pájej	pájejme	pájejte	-	-	pájeje	pájejíc
pálit	-	-	-	-	-	-	pal	palme	palte	-	-	pále	-
pást	pasu	paseš	pase	paseme	pasete	pasou	pas	pasme	paste	-	pasen	pasa	pasouc
páčit	-	-	-	-	-	-	-	-	-	-	-	páče	-
pářit	-	-	-	-	-	-	pař	pařme	pařte	-	-	páře	-	-
péci	peku	pečeš	peče	pečeme	pečete	pekou	peč	pečme	pečte	pekl	pečen	peka	pekouc	pekla
pídit	-	-	-	-	-	-	piď	piďme	piďte	-	píděn	-	-	-
pílit	-	-	-	-	-	-	pil	pilme	pilte	-	-	píle	-	-
písničkařit	-	-	-	-	-	-	-	-	-	-	-	písničkaře	-	-
pít	piji	piješ	pije	pijeme	pijete	pijou	pij	pijme	pijte	pil	pit	pije	pijíc
pórovatět	-	-	-	-	-	-	pórovatěj	pórovatějme	pórovatějte	-	pórovatěn	pórovatěje	pórovatějíc	-
pýřit	-	-	-	-	-	-	pyř	pyřme	pyřte	-	-	pýře	-
pěnit	-	-	-	-	-	-	pěň	pěňme	pěňte	-	pěněn	-	-
pěstit	-	-	-	-	-	-	pěsti	pěstěme	pěstěte	-	pěstěn	-	-	-
pět	pěji	pěješ	pěje	pějeme	pějete	-	pěj	pějme	pějte	-	pěn	-	-
přebalit	-	-	-	-	-	-	-	-	-	-	-	přebale	-	-
přebarvit	-	-	-	-	-	-	přebarvi	přebarvěme	přebarvěte	-	-	-	-
přebodovat	přebodovám	přebodováš	přebodová	přebodováme	přebodováte	přebodovají	přebodovej	přebodovejme	přebodovejte	-	přebodován	přebodovaje	přebodovajíc	-
přebolet	-	-	-	-	-	přebolí	přebol	přebolme	přebolte	-	-	-	-	-
přebrat	přeberu	přebereš	přebere	přebereme	přeberete	přeberou	přeber	přeberme	přeberte	-	-	-	-	-
přebrodit	-	-	-	-	-	-	přebroď	přebroďme	přebroďte	-	přebroděn	-	-	-
přebrousit	-	-	-	-	-	-	přebrus	přebrusme	přebruste	-	přebroušen	-	-	-
přebruslit	-	-	-	-	-	-	přebrusli	přebrusleme	přebruslete	-	-	-	-	-
přebudit	-	-	-	-	-	-	přebuď	přebuďme	přebuďte	-	přebuzen	-	-	-
přebujet	-	-	-	-	-	přebují	přebuj	přebujme	přebujte	-	-	-	-	-
přeburácet	-	-	-	-	-	přeburácejí	přeburácej	přeburácejme	přeburácejte	-	-	přeburáceje	přeburácejíc	-
přebásnit	-	-	-	-	-	-	přebásni	přebásněme	přebásněte	-	přebásněn	-	-	-
přebíjet	-	-	-	-	-	přebíjejí	přebíjej	přebíjejme	přebíjejte	-	-	přebíjeje	přebíjejíc	-
přebílit	-	-	-	-	-	-	přebil	přebilme	přebilte	-	-	-	-	-
přebít	přebiji	přebiješ	přebije	přebijeme	přebijete	přebijou	přebij	přebijme	přebijte	přebil	přebit	-	-	přebila
přebýt	přebudu	přebudeš	přebude	přebudeme	přebudete	přebudou	přebuď	přebuďme	přebuďte	přebyl	přebyt	-	-	přebyla
přecedit	-	-	-	-	-	-	přeceď	přeceďme	přeceďte	-	přecezen	-	-	-
přecenit	-	-	-	-	-	-	přeceň	přeceňme	přeceňte	-	přeceněn	-	-
přechcat	přechčiji	přechčiješ	přechčije	přechčijeme	přechčijete	přechčijou	přechčij	přechčijme	přechčijte	-	-	-	-	-
přechladit	-	-	-	-	-	-	přechlaď	přechlaďme	přechlaďte	-	přechlazen	-	-	-
přechodit	-	-	-	-	-	-	přechoď	přechoďme	přechoďte	-	přechozen	-	-	-
přechovat	přechovám	přechováš	přechová	přechováme	přechováte	přechovají	přechovej	přechovejme	přechovejte	-	přechován	přechovaje	přechovajíc	-
přechuravět	-	-	-	-	-	-	přechuravěj	přechuravějme	přechuravějte	-	přechuravěn	přechuravěje	přechuravějíc	-
přechutit	-	-	-	-	-	-	přechuť	přechuťme	přechuťte	-	přechucen	-	-	-
přechválit	-	-	-	-	-	-	přechval	přechvalme	přechvalte	-	-	-	-	-
přechytračit	-	-	-	-	-	-	-	-	-	-	-	přechytrače	-	-
přecházet	-	-	-	-	-	přecházejí	přecházej	přecházejme	přecházejte	-	-	přecházeje	přecházejíc
přechýlit	-	-	-	-	-	-	přechyl	přechylme	přechylte	-	-	-	-	-
přecitlivět	-	-	-	-	-	-	přecitlivěj	přecitlivějme	přecitlivějte	-	přecitlivěn	přecitlivěje	přecitlivějíc	-
přecpat	přecpu	přecpeš	přecpe	přecpeme	přecpete	přecpou	přecpi	přecpěme	přecpěte	-	-	-	-	-
přecvičit	-	-	-	-	-	-	-	-	-	-	-	přecviče	-	-
předanit	-	-	-	-	-	-	-	-	-	-	předaněn	-	-	-
předbělit	-	-	-	-	-	-	-	-	-	-	-	předběle	-	-
předchladit	-	-	-	-	-	-	předchlaď	předchlaďme	předchlaďte	-	předchlazen	-	-	-
předcházet	-	-	-	-	-	předcházejí	předcházej	předcházejme	předcházejte	-	-	předcházeje	předcházejíc
předcvičit	-	-	-	-	-	-	-	-	-	-	-	předcviče	-	-
předehnat	předeženu	předeženeš	předežene	předeženeme	předeženete	předeženou	předežeň	předežeňme	předežeňte	-	-	-	-
předehrát	předehraji	předehraješ	předehraje	předehrajeme	předehrajete	předehrajou	předehraj	předehrajme	předehrajte	-	předehrán	-	-	-
předehřát	předehřeji	předehřeješ	předehřeje	předehřejeme	předehřejete	předehřejou	předehřej	předehřejme	předehřejte	-	předehřát	-	-	-
předejet	předejedu	předejedeš	předejede	předejedeme	předejedete	předejedou	předejeď	předejeďme	předejeďte	-	předejet	-	-	-
předejmout	předejmu	předejmeš	předejme	předejmeme	předejmete	předejmou	předejmi	předejměme	předejměte	předejmul	předejmut	-	-	předejmula
předejít	předejdu	předejdeš	předejde	předejdeme	předejdete	předejdou	předejdi	předejděme	předejděte	předešel	-	-	-	předešla
předemlít	předemelu	předemeleš	předemele	předemeleme	předemelete	předemelou	předemel	předemelme	předemelte	předemlel	předemlet	-	-	předemlela
předepnout	-	-	-	-	-	-	-	-	-	předepnul	-	-	-	předepnula
předeprat	předeperu	předepereš	předepere	předepereme	předeperete	předeperou	předeper	předeperme	předeperte	-	-	-	-	-
předepsat	předepíši	předepíšeš	předepíše	předepíšeme	předepíšete	předepíšou	předepiš	předepišme	předepište	-	-	-	-	-
předeslat	předešlu	předešleš	předešle	předešleme	předešlete	předešlou	předešli	předešleme	předešlete	-	-	-	-	-
předestřít	předestřu	předestřeš	předestře	předestřeme	předestřete	předestrou	předestři	předestřeme	předestřete	předestřel	předestřen	-	-	předestřela
předhodit	-	-	-	-	-	-	předhoď	předhoďme	předhoďte	-	předhozen	-	-	-
předhonit	-	-	-	-	-	-	předhoň	předhoňme	předhoňte	-	předhoněn	-	-	-
předhánět	-	-	-	-	-	-	předháněj	předhánějme	předhánějte	-	předháněn	předháněje	předhánějíc	-
předhřát	předhřeji	předhřeješ	předhřeje	předhřejeme	předhřejete	předhřejou	předhřej	předhřejme	předhřejte	-	předhřát	-	-	-
předjet	předjedu	předjedeš	předjede	předjedeme	předjedete	předjedou	předjeď	předjeďme	předjeďte	-	předjet	-	-	-
předjíždět	-	-	-	-	-	-	předjížděj	předjíždějme	předjíždějte	-	předjížděn	předjížděje	předjíždějíc	-
předklenout	-	-	-	-	-	-	předkleň	předkleňme	předkleňte	-	-	-	-	-
předklonit	-	-	-	-	-	-	předkloň	předkloňme	předkloňte	-	předkloněn	-	-
předklánět	-	-	-	-	-	-	předkláněj	předklánějme	předklánějte	-	předkláněn	předkláněje	předklánějíc	-
předkovat	předkovu	předkoveš	předkove	předkoveme	předkovete	předkovají	předkovej	předkovejme	předkovejte	-	předkován	předkovaje	předkovajíc	-
předkreslit	-	-	-	-	-	-	předkresli	předkresleme	předkreslete	-	-	-	-	-
předkrájet	-	-	-	-	-	předkrájejí	předkrájej	předkrájejme	předkrájejte	-	-	předkrájeje	předkrájejíc	-
předkynout	-	-	-	-	-	-	předkyň	předkyňme	předkyňte	-	-	-	-	-
předkácet	-	-	-	-	-	předkácejí	předkácej	předkácejme	předkácejte	-	-	předkáceje	předkácejíc	-
předladit	-	-	-	-	-	-	předlaď	předlaďme	předlaďte	-	předladěn	-	-	-
předletět	-	-	-	-	-	předletí	předleť	předleťme	předleťte	-	předletěn	-	-	-
předleštit	-	-	-	-	-	-	-	-	-	-	předleštěn	-	-	-
předložit	-	-	-	-	-	-	-	-	-	-	-	předlože	-	-
předlužit	-	-	-	-	-	-	-	-	-	-	-	předluže	-	-
předláždit	-	-	-	-	-	-	předláždi	předlážděme	předlážděte	-	předlážděn	-	-	-
předlézt	předlezu	předlezeš	předleze	předlezeme	předlezete	předlezou	předlez	předlezme	předlezte	předlezl	předlezen	-	-	předlezla
předmísit	-	-	-	-	-	-	předmis	předmisme	předmiste	-	-	-	-	-
předmýt	předmyji	předmyješ	předmyje	předmyjeme	předmyjete	předmyjou	předmyj	předmyjme	předmyjte	předmyl	předmyt	-	-	předmyla
přednabít	přednabiji	přednabiješ	přednabije	přednabijeme	přednabijete	přednabijou	přednabij	přednabijme	přednabijte	přednabil	přednabit	-	-	přednabila
přednatočit	-	-	-	-	-	-	-	-	-	-	-	přednatoče	-	-
přednožit	-	-	-	-	-	-	-	-	-	-	-	přednože	-	-
přednášet	-	-	-	-	-	přednášejí	přednášej	přednášejme	přednášejte	-	-	přednášeje	přednášejíc
přednést	přednesu	předneseš	přednese	předneseme	přednesete	přednesou	přednes	přednesme	předneste	přednesl	přednesen	-	-	přednesla
předpažit	-	-	-	-	-	-	-	-	-	-	-	předpaže	-	-
předplatit	-	-	-	-	-	-	předplať	předplaťme	předplaťte	-	předplacen	-	-
předplavat	předplavu	předplaveš	předplave	předplaveme	předplavete	předplavou	-	-	-	-	-	-	-	-
předplácet	-	-	-	-	-	předplácejí	předplácej	předplácejme	předplácejte	-	-	předpláceje	předplácejíc	-
předplést	předpletu	předpleteš	předplete	předpleteme	předpletete	předpletou	předpleť	předpleťme	předpleťte	předpletl	předpleten	-	-	předpletla
předpojmout	-	-	-	-	-	-	-	-	-	předpojal	-	-	-	předpojala
předposrat	předposeru	předposereš	předposere	předposereme	předposerete	předposerou	předposer	předposerme	předposerte	-	-	-	-	-
předpovědět	předpovím	předpovíš	předpoví	předpovíme	předpovíte	-	předpověz	předpovězme	předpovězte	-	předpověděn	-	-
předpustit	-	-	-	-	-	-	-	-	-	-	předpuštěn	-	-	-
předpéci	předpeču	předpečeš	předpeče	předpečeme	předpečete	předpečou	předpeč	předpečme	předpečte	předpekl	předpečen	-	-	předpekla
předpřeložit	-	-	-	-	-	-	-	-	-	-	-	předpřelože	-	-
předražit	-	-	-	-	-	-	-	-	-	-	-	předraže	-	-
předrnčet	-	-	-	-	-	předrnčí	předrnči	předrnčeme	předrnčete	-	-	-	-	-
předrtit	-	-	-	-	-	-	předrť	předrťme	předrťte	-	předrcen	-	-	-
předráždit	-	-	-	-	-	-	předráždi	předrážděme	předrážděte	-	předrážděn	-	-	-
předrýt	předryji	předryješ	předryje	předryjeme	předryjete	předryjou	předryj	předryjme	předryjte	předryl	předryt	-	-	předryla
předrůst	předrostu	předrosteš	předroste	předrosteme	předrostete	předrostou	předrosť	předrosťme	předrosťte	předrostl	-	-	-	předrostla
předržet	-	-	-	-	-	předrží	předrž	předržme	předržte	-	-	-	-	-
předsadit	-	-	-	-	-	-	předsaď	předsaďme	předsaďte	-	předsazen	-	-	-
předsebrat	předseberu	předsebereš	předsebere	předsebereme	předseberete	předseberou	předseber	předseberme	předseberte	-	-	-	-	-
předsevzít	předsevezmu	předsevezmeš	předsevezme	předsevezmeme	předsevezmete	předsevezmou	předsevezmi	předsevezměme	předsevezměte	předsevzal	předsevzat	-	-
předskočit	-	-	-	-	-	-	-	-	-	-	-	předskoče	-	-
předskákat	předskáči	předskáčeš	předskáče	předskáčeme	předskáčete	předskáčou	-	-	-	-	-	-	-	-
předsmažit	-	-	-	-	-	-	-	-	-	-	-	předsmaže	-	-
předsoušet	-	-	-	-	-	předsoušejí	předsoušej	předsoušejme	předsoušejte	-	-	předsoušeje	předsoušejíc	-
předstoupit	-	-	-	-	-	-	předstup	předstupme	předstupte	-	-	-	-	-
předstrčit	-	-	-	-	-	-	-	-	-	-	-	předstrče	-	-
předsunout	-	-	-	-	-	-	předsuň	předsuňme	předsuňte	-	-	-	-	-
předsušit	-	-	-	-	-	-	-	-	-	-	-	předsuše	-	-
předsázet	-	-	-	-	-	předsázejí	předsázej	předsázejme	předsázejte	-	-	předsázeje	předsázejíc	-
předtančit	-	-	-	-	-	-	předtanči	předtančeme	předtančete	-	-	-	-	-
předtočit	-	-	-	-	-	-	-	-	-	-	-	předtoče	-	-
předtápět	-	-	-	-	-	-	předtápěj	předtápějme	předtápějte	-	předtápěn	předtápěje	předtápějíc	-
předtáčet	-	-	-	-	-	předtáčejí	předtáčej	předtáčejme	předtáčejte	-	-	předtáčeje	předtáčejíc	-
předtřídit	-	-	-	-	-	-	předtřiď	předtřiďme	předtřiďte	-	předtříděn	-	-	-
předurčit	-	-	-	-	-	-	předurči	předurčeme	předurčete	-	-	-	-
předuveřejnit	-	-	-	-	-	-	předuveřejni	předuveřejněme	předuveřejněte	-	předuveřejněn	-	-	-
předvařit	-	-	-	-	-	-	-	-	-	-	-	předvaře	-	-
předvolit	-	-	-	-	-	-	-	-	-	-	-	předvole	-	-
předvybrat	předvyberu	předvybereš	předvybere	předvybereme	předvyberete	předvyberou	předvyber	předvyberme	předvyberte	-	-	-	-	-
předvyplnit	-	-	-	-	-	-	předvyplň	předvyplňme	předvyplňte	-	předvyplněn	-	-
předvytvořit	-	-	-	-	-	-	-	-	-	-	-	předvytvoře	-	-
předvádět	-	-	-	-	-	-	předváděj	předvádějme	předvádějte	-	předváděn	předváděje	předvádějíc
předvářet	-	-	-	-	-	předvářejí	předvářej	předvářejme	předvářejte	-	-	předvářeje	předvářejíc	-
předvést	předvedu	předvedeš	předvede	předvedeme	předvedete	předvedou	předveď	předveďme	předveďte	předvedl	předveden	-	-	předvedla
předvěsit	-	-	-	-	-	-	-	-	-	-	předvěšen	-	-	-
předvěstit	-	-	-	-	-	-	předvěsti	předvěstěme	předvěstěte	-	předvěstěn	-	-	-
předzajistit	-	-	-	-	-	-	předzajisti	předzajistěme	předzajistěte	-	předzajištěn	-	-	-
předzavádět	-	-	-	-	-	-	předzaváděj	předzavádějme	předzavádějte	-	předzaváděn	předzaváděje	předzavádějíc	-
předzkreslit	-	-	-	-	-	-	předzkresli	předzkresleme	předzkreslete	-	-	-	-	-
předznačit	-	-	-	-	-	-	-	-	-	-	-	předznače	-	-
předzvědět	-	-	-	-	-	-	předzvěď	předzvěďme	předzvěďte	-	předzvěděn	-	-	-
předčinit	-	-	-	-	-	-	předčiň	předčiňme	předčiňte	-	předčiněn	-	-	-
předčistit	-	-	-	-	-	-	předčisti	předčistěme	předčistěte	-	předčištěn	-	-	-
předčit	-	-	-	-	-	-	předči	předčeme	předčete	-	-	-	-
předělit	-	-	-	-	-	-	-	-	-	-	-	předěle	-	-
předřadit	-	-	-	-	-	-	předřaď	předřaďme	předřaďte	-	předřaděn	-	-	-
předřít	předřu	předřeš	předře	předřeme	předřete	předřou	předři	předřeme	předřete	předřel	předřen	-	-	předřela
předšít	předšiji	předšiješ	předšije	předšijeme	předšijete	předšijou	předšij	předšijme	předšijte	předšil	předšit	-	-	předšila
přefandit	-	-	-	-	-	-	-	-	-	-	přefanděn	-	-	-
přefotit	-	-	-	-	-	-	přefoť	přefoťme	přefoťte	-	přefocen	-	-	-
přefrčet	-	-	-	-	-	přefrčí	přefrč	přefrčme	přefrčte	-	-	-	-	-
přehloubit	-	-	-	-	-	-	přehloubi	přehlouběme	přehlouběte	-	-	-	-	-
přehltit	-	-	-	-	-	-	přehlť	přehlťme	přehlťte	-	přehlcen	-	-	-
přehlučet	-	-	-	-	-	přehlučí	přehluč	přehlučme	přehlučte	-	-	-	-	-
přehlušit	-	-	-	-	-	-	-	-	-	-	-	přehluše	-	-
přehlásit	-	-	-	-	-	-	přehlas	přehlasme	přehlaste	-	přehlášen	-	-	-
přehlížet	-	-	-	-	-	přehlížejí	přehlížej	přehlížejme	přehlížejte	-	-	přehlížeje	přehlížejíc
přehnat	přeženu	přeženeš	přežene	přeženeme	přeženete	přeženou	přežeň	přežeňme	přežeňte	-	-	-	-	-
přehnojit	-	-	-	-	-	-	-	-	-	-	-	přehnoje	-	-
přehnout	-	-	-	-	-	-	-	-	-	přehnul	-	-	-	přehla
přehodit	-	-	-	-	-	-	přehoď	přehoďme	přehoďte	-	přehozen	-	-	-
přehodnotit	-	-	-	-	-	-	přehodnoť	přehodnoťme	přehodnoťte	-	přehodnocen	-	-	-
přeholit	-	-	-	-	-	-	-	-	-	-	-	přehole	-	-
přehořet	-	-	-	-	-	přehoří	přehoř	přehořme	přehořte	-	-	-	-	-
přehrabat	přehrabu	přehrabeš	přehrabe	přehrabeme	přehrabete	přehrabou	-	-	-	-	-	-	-	-
přehradit	-	-	-	-	-	-	přehraď	přehraďme	přehraďte	-	přehrazen	-	-	-
přehrnout	-	-	-	-	-	-	přehrň	přehrňme	přehrňte	přehrnul	-	-	-	přehrnula
přehrát	přehraji	přehraješ	přehraje	přehrajeme	přehrajete	přehrajou	přehraj	přehrajme	přehrajte	-	přehrán	-	-	-
přehrčet	-	-	-	-	-	přehrčí	přehrč	přehrčme	přehrčte	-	-	-	-	-
přehustit	-	-	-	-	-	-	přehusti	přehustěme	přehustěte	-	přehustěn	-	-	-
přehvězdit	-	-	-	-	-	-	přehvězď	přehvězďme	přehvězďte	-	přehvězděn	-	-	-
přehánět	-	-	-	-	-	-	přeháněj	přehánějme	přehánějte	-	přeháněn	přeháněje	přehánějíc
přeházet	-	-	-	-	-	přeházejí	přeházej	přeházejme	přeházejte	-	-	přeházeje	přeházejíc	-
přehřmět	-	-	-	-	-	přehřmí	přehřmi	přehřměme	přehřměte	-	přehřměn	-	-	-
přehřát	přehřeji	přehřeješ	přehřeje	přehřejeme	přehřejete	přehřejou	přehřej	přehřejme	přehřejte	-	přehřát	-	-	-
přejet	přejedu	přejedeš	přejede	přejedeme	přejedete	přejedou	přejeď	přejeďme	přejeďte	-	přejet	-	-
přejinačit	-	-	-	-	-	-	-	-	-	-	-	přejinače	-	-
přejmout	přejmu	přejmeš	přejme	přejmeme	přejmete	přejmou	přejmi	přejměme	přejměte	přejal	přejat	-	-
přejíst	přejím	přejíš	přejí	přejíme	přejíte	přejedí	přejez	přejezme	přejezte	přejedl	přejeden	-	-	přejedla
přejít	přejdu	přejdeš	přejde	přejdeme	přejdete	přejdou	přejdi	přejděme	přejděte	přešel	-	-	-	přešla
přejíždět	-	-	-	-	-	-	přejížděj	přejíždějme	přejíždějte	-	přejížděn	přejížděje	přejíždějíc	-
překabátit	-	-	-	-	-	-	překabáti	překabátěme	překabátěte	-	překabácen	-	-	-
překazit	-	-	-	-	-	-	-	-	-	-	překažen	-	-
překlenout	-	-	-	-	-	-	překleň	překleňme	překleňte	-	-	-	-	-
překlohnit	-	-	-	-	-	-	překlohni	překlohněme	překlohněte	-	-	-	-	-
překlonit	-	-	-	-	-	-	překloň	překloňme	překloňte	-	překloněn	-	-	-
překlánět	-	-	-	-	-	-	překláněj	překlánějme	překlánějte	-	překláněn	překláněje	překlánějíc	-
překlápět	-	-	-	-	-	-	překlápěj	překlápějme	překlápějte	-	překlápěn	překlápěje	překlápějíc	-
překlížit	-	-	-	-	-	-	překliž	překližme	překližte	-	-	-	-	-
překotit	-	-	-	-	-	-	překoť	překoťme	překoťte	-	překocen	-	-	-
překoulet	-	-	-	-	-	překoulejí	překoulej	překoulejme	překoulejte	-	-	překouleje	překoulejíc	-
překoupit	-	-	-	-	-	-	překup	překupme	překupte	-	-	-	-	-
překouzlit	-	-	-	-	-	-	překouzli	překouzleme	překouzlete	-	-	-	-	-
překouřit	-	-	-	-	-	-	překuř	překuřme	překuřte	-	-	-	-	-
překovat	překovám	překováš	překová	překováme	překováte	překovají	překovej	překovejme	překovejte	-	překován	překovaje	překovajíc	-
překořenit	-	-	-	-	-	-	překořeň	překořeňme	překořeňte	-	překořeněn	-	-	-
překreslit	-	-	-	-	-	-	překresli	překresleme	překreslete	-	-	-	-
překrojit	-	-	-	-	-	-	-	-	-	-	-	překroje	-	-
překroutit	-	-	-	-	-	-	překruť	překruťme	překruťte	-	překroucen	-	-
překročit	-	-	-	-	-	-	-	-	-	-	-	překroče	-	-
překrájet	-	-	-	-	-	překrájejí	překrájej	překrájejme	překrájejte	-	-	překrájeje	překrájejíc	-
překrýt	překryji	překryješ	překryje	překryjeme	překryjete	překryjou	překryj	překryjme	překryjte	překryl	překryt	-	-	překryla
překulit	-	-	-	-	-	-	-	-	-	-	-	překule	-	-
překutálet	-	-	-	-	-	překutálejí	překutálej	překutálejme	překutálejte	-	-	překutáleje	překutálejíc	-
překvasit	-	-	-	-	-	-	-	-	-	-	-	překvase	-	-
překynout	-	-	-	-	-	-	překyň	překyňme	překyňte	-	-	-	-	-
překypět	-	-	-	-	-	překypí	překyp	překypme	překypte	-	překypěn	-	-	-
překyselit	-	-	-	-	-	-	-	-	-	-	-	překysele	-	-
překysličit	-	-	-	-	-	-	-	-	-	-	-	překysliče	-	-
překážet	-	-	-	-	-	překážejí	překážej	překážejme	překážejte	-	-	překážeje	překážejíc
překřičet	-	-	-	-	-	překřičí	překřič	překřičme	překřičte	-	-	-	-	-
překřtít	překřtím	překřtíš	překřtí	překřtíme	překřtíte	překřtí	překřti	překřtěme	překřtěte	překřtil	překřtěn	-	-	překřtila
překřížit	-	-	-	-	-	-	překřiž	překřižme	překřižte	-	-	-	-	-
přeladit	-	-	-	-	-	-	přelaď	přelaďme	přelaďte	-	přeladěn	-	-	-
přelanařit	-	-	-	-	-	-	-	-	-	-	-	přelanaře	-	-
přeletět	-	-	-	-	-	přeletí	přeleť	přeleťme	přeleťte	-	přeletěn	-	-	-
přeleštit	-	-	-	-	-	-	přelešti	přeleštěme	přeleštěte	-	přeleštěn	-	-	-
přeležet	-	-	-	-	-	přeleží	přelež	přeležme	přeležte	-	-	-	-	-
přelhat	přelžu	přelžeš	přelže	přelžeme	přelžete	přelžou	přelži	přelžeme	přelžete	-	-	-	-	-
přelidnit	-	-	-	-	-	-	přelidni	přelidněme	přelidněte	-	přelidněn	-	-	-
přelodit	-	-	-	-	-	-	přeloď	přeloďme	přeloďte	-	přeloděn	-	-	-
přeložit	-	-	-	-	-	-	-	-	-	-	-	přelože	-	-
přelstít	přelstím	přelstíš	přelstí	přelstíme	přelstíte	přelstí	přelsti	přelstěme	přelstěte	přelstil	přelstěn	-	-	přelstila
přelámat	přelámu	přelámeš	přeláme	přelámeme	přelámete	přelámou	-	-	-	-	-	-	-	-
přelézt	přelezu	přelezeš	přeleze	přelezeme	přelezete	přelezou	přelez	přelezme	přelezte	přelezl	přelezen	-	-
přeléčit	-	-	-	-	-	-	přeleč	přelečme	přelečte	-	-	-	-	-
přelít	přeleji	přeleješ	přeleje	přelejeme	přelejete	přelejou	přelej	přelejme	přelejte	přelil	přelit	-	-	přelila
přelíčit	-	-	-	-	-	-	přelič	přeličme	přeličte	-	-	-	-	-
přemastit	-	-	-	-	-	-	přemasti	přemastěme	přemastěte	-	přemaštěn	-	-	-
přemejšlet	-	-	-	-	-	přemejšlejí	přemejšlej	přemejšlejme	přemejšlejte	-	-	přemejšleje	přemejšlejíc	-
přemladit	-	-	-	-	-	-	přemlaď	přemlaďme	přemlaďte	-	přemlazen	-	-	-
přemlátit	-	-	-	-	-	-	přemlať	přemlaťme	přemlaťte	-	přemlácen	-	-	-
přemlít	přemelu	přemeleš	přemele	přemeleme	přemelete	přemelou	přemel	přemelme	přemelte	přemlel	přemlet	-	-	přemlela
přemnožit	-	-	-	-	-	-	-	-	-	-	-	přemnože	-	-
přemoci	přemohu	přemůžeš	přemůže	přemůžeme	přemůžete	přemohou	přemoz	přemozme	přemozte	přemohl	přemožen	-	-	přemohla
přemokřit	-	-	-	-	-	-	přemokři	přemokřeme	přemokřete	-	-	-	-	-
přemostit	-	-	-	-	-	-	přemosti	přemostěme	přemostěte	-	přemostěn	-	-	-
přemoudřet	-	-	-	-	-	přemoudří	přemoudři	přemoudřeme	přemoudřete	-	-	-	-	-
přemrazit	-	-	-	-	-	-	-	-	-	-	-	přemraze	-	-
přemrštit	-	-	-	-	-	-	přemršti	přemrštěme	přemrštěte	-	přemrštěn	-	-	-
přemísit	-	-	-	-	-	-	přemis	přemisme	přemiste	-	-	-	-	-
přemístit	-	-	-	-	-	-	přemísti	přemístěme	přemístěte	-	přemístěn	-	-
přemýt	přemyji	přemyješ	přemyje	přemyjeme	přemyjete	přemyjou	přemyj	přemyjme	přemyjte	přemyl	přemyt	-	-	přemyla
přemýšlet	-	-	-	-	-	přemýšlejí	přemýšlej	přemýšlejme	přemýšlejte	-	-	přemýšleje	přemýšlejíc
přeměnit	-	-	-	-	-	-	přeměň	přeměňme	přeměňte	-	přeměněn	-	-
přeměřit	-	-	-	-	-	-	-	-	-	-	-	přeměře	-	-
přenosit	-	-	-	-	-	-	-	-	-	-	přenošen	-	-	-
přenáhlit	-	-	-	-	-	-	přenáhli	přenáhleme	přenáhlete	-	-	-	-	-
přenášet	-	-	-	-	-	přenášejí	přenášej	přenášejme	přenášejte	-	-	přenášeje	přenášejíc
přenést	přenesu	přeneseš	přenese	přeneseme	přenesete	přenesou	přenes	přenesme	přeneste	přenesl	přenesen	-	-
přeobsadit	-	-	-	-	-	-	přeobsaď	přeobsaďme	přeobsaďte	-	přeobsazen	-	-	-
přeonačit	-	-	-	-	-	-	-	-	-	-	-	přeonače	-	-
přeoplodit	-	-	-	-	-	-	přeoploď	přeoploďme	přeoploďte	-	přeoplozen	-	-	-
přeostřit	-	-	-	-	-	-	přeostři	přeostřeme	přeostřete	-	-	-	-	-
přeozvučit	-	-	-	-	-	-	-	-	-	-	-	přeozvuče	-	-
přepařit	-	-	-	-	-	-	-	-	-	-	-	přepaře	-	-
přepažit	-	-	-	-	-	-	-	-	-	-	-	přepaže	-	-
přepepřit	-	-	-	-	-	-	přepepři	přepepřeme	přepepřete	-	-	-	-	-
přeplachtit	-	-	-	-	-	-	přeplachti	přeplachtěme	přeplachtěte	-	přeplachtěn	-	-	-
přeplatit	-	-	-	-	-	-	přeplať	přeplaťme	přeplaťte	-	přeplacen	-	-	-
přeplazit	-	-	-	-	-	-	-	-	-	-	-	přeplaze	-	-
přeplnit	-	-	-	-	-	-	přeplň	přeplňme	přeplňte	-	přeplněn	-	-	-
přeplout	přepluji	přepluješ	přepluje	přeplujeme	přeplujete	přeplujou	přepluj	přeplujme	přeplujte	přeplul	přeplut	-	-	přeplula
přeplynout	-	-	-	-	-	-	přeplyň	přeplyňme	přeplyňte	-	-	-	-	-
přeplácet	-	-	-	-	-	přeplácejí	přeplácej	přeplácejme	přeplácejte	-	-	přepláceje	přeplácejíc	-
přepláštit	-	-	-	-	-	-	přeplášti	přepláštěme	přepláštěte	-	přepláštěn	-	-	-
přeplést	přepletu	přepleteš	přeplete	přepleteme	přepletete	přepletou	přepleť	přepleťme	přepleťte	přepletl	přepleten	-	-	přepletla
přeplížit	-	-	-	-	-	-	přepliž	přepližme	přepližte	-	-	-	-	-
přepnout	-	-	-	-	-	-	-	-	-	přepnul	-	-	-	přepnula
přepodstatnit	-	-	-	-	-	-	přepodstatni	přepodstatněme	přepodstatněte	-	přepodstatněn	-	-	-
přepojistit	-	-	-	-	-	-	přepojisti	přepojistěme	přepojistěte	-	přepojištěn	-	-	-
přepojit	-	-	-	-	-	-	-	-	-	-	-	přepoje	-	-
přeposlat	přepošlu	přepošleš	přepošle	přepošleme	přepošlete	přepošlou	přepošli	přepošleme	přepošlete	-	-	-	-	-
přepouštět	-	-	-	-	-	-	přepouštěj	přepouštějme	přepouštějte	-	přepouštěn	přepouštěje	přepouštějíc	-
přepočíst	přepočtu	přepočteš	přepočte	přepočteme	přepočtete	přepočtou	přepočti	přepočtěme	přepočtěte	přepočetl	přepočten	-	-	přepočetla
přeprat	přeperu	přepereš	přepere	přepereme	přeperete	přeperou	přeper	přeperme	přeperte	-	-	-	-	-
přepražit	-	-	-	-	-	-	-	-	-	-	-	přepraže	-	-
přepsat	přepíši	přepíšeš	přepíše	přepíšeme	přepíšete	přepíšou	přepiš	přepišme	přepište	-	-	-	-
přepustit	-	-	-	-	-	-	přepusť	přepusťme	přepusťte	-	přepuštěn	-	-	-
přepájet	-	-	-	-	-	přepájejí	přepájej	přepájejme	přepájejte	-	-	přepájeje	přepájejíc	-
přepálit	-	-	-	-	-	-	přepal	přepalme	přepalte	-	-	-	-
přepéci	přepeču	přepečeš	přepeče	přepečeme	přepečete	přepečou	přepeč	přepečme	přepečte	přepekl	přepečen	-	-	přepekla
přepít	přepiji	přepiješ	přepije	přepijeme	přepijete	přepijou	přepij	přepijme	přepijte	přepil	přepit	-	-	přepila
přepříst	přepřadu	přepřadeš	přepřade	přepřademe	přepřadete	přepřadou	přepřaď	přepřaďme	přepřaďte	přepřadl	přepřaden	-	-	přepřadla
přepůlit	-	-	-	-	-	-	přepul	přepulme	přepulte	-	-	-	-	-
přerazit	-	-	-	-	-	-	-	-	-	-	přeražen	-	-	-
přerodit	-	-	-	-	-	-	přeroď	přeroďme	přeroďte	-	přerozen	-	-	-
přerojit	-	-	-	-	-	-	-	-	-	-	-	přeroje	-	-
přerozdělit	-	-	-	-	-	-	-	-	-	-	-	přerozděle	-	-
přerozvracet	-	-	-	-	-	přerozvracejí	přerozvracej	přerozvracejme	přerozvracejte	-	-	přerozvraceje	přerozvracejíc	-
přerušit	-	-	-	-	-	-	-	-	-	-	-	přeruše	-	-
přervat	přervu	přerveš	přerve	přerveme	přervete	přervou	přervi	přervěme	přervěte	-	-	-	-	-
přerážet	-	-	-	-	-	přerážejí	přerážej	přerážejme	přerážejte	-	-	přerážeje	přerážejíc	-
přerýt	přeryji	přeryješ	přeryje	přeryjeme	přeryjete	přeryjou	přeryj	přeryjme	přeryjte	přeryl	přeryt	-	-	přeryla
přerůst	přerostu	přerosteš	přeroste	přerosteme	přerostete	přerostou	přerosť	přerosťme	přerosťte	přerostl	-	-	-	přerostla
přesadit	-	-	-	-	-	-	přesaď	přesaďme	přesaďte	-	přesazen	-	-
přeschválit	-	-	-	-	-	-	přeschval	přeschvalme	přeschvalte	-	-	-	-	-
přesdvědčit	-	-	-	-	-	-	-	-	-	-	-	přesdvědče	-	-
přesedět	-	-	-	-	-	přesedí	přeseď	přeseďme	přeseďte	-	přeseděn	-	-	-
přeskladnit	-	-	-	-	-	-	-	-	-	-	přeskladněn	-	-	-
přeskočit	-	-	-	-	-	-	-	-	-	-	-	přeskoče	-	-
přeskákat	přeskáči	přeskáčeš	přeskáče	přeskáčeme	přeskáčete	přeskáčou	-	-	-	-	-	-	-	-
přesladit	-	-	-	-	-	-	přeslaď	přeslaďme	přeslaďte	-	přeslazen	-	-	-
přesloužit	-	-	-	-	-	-	přesluž	přeslužme	přeslužte	-	-	-	-	-
přesmažit	-	-	-	-	-	-	-	-	-	-	-	přesmaže	-	-
přesolit	-	-	-	-	-	-	-	-	-	-	-	přesole	-	-
přesoustružit	-	-	-	-	-	-	-	-	-	-	-	přesoustruže	-	-
přespat	přespím	přespíš	přespí	přespíme	přespíte	přespí	přespi	přespěme	přespěte	-	-	-	-
přesrat	přeseru	přesereš	přesere	přesereme	přeserete	přeserou	přeser	přeserme	přeserte	-	-	-	-	-
přestat	přestanu	přestaneš	přestane	přestaneme	přestanete	přestanou	přestaň	přestaňme	přestaňte	-	-	-	-
přestavět	-	-	-	-	-	-	přestav	přestavme	přestavte	-	přestavěn	-	-
přestlat	přestelu	přesteleš	přestele	přesteleme	přestelete	přestelou	přestel	přestelme	přestelte	-	-	-	-	-
přestoupit	-	-	-	-	-	-	přestup	přestupme	přestupte	-	-	-	-
přestrašit	-	-	-	-	-	-	-	-	-	-	-	přestraše	-	-
přestrojit	-	-	-	-	-	-	-	-	-	-	-	přestroje	-	-
přestát	přestojím	přestojíš	přestojí	přestojíme	přestojíte	přestojí	přestůj	přestůjme	přestůjte	-	přestán	-	-	-
přestátnit	-	-	-	-	-	-	-	-	-	-	přestátněn	-	-	-
přestřelit	-	-	-	-	-	-	-	-	-	-	-	přestřele	-	-
přestřílet	-	-	-	-	-	přestřílejí	přestřílej	přestřílejme	přestřílejte	-	-	přestříleje	přestřílejíc	-
přesunout	-	-	-	-	-	-	přesuň	přesuňme	přesuňte	-	-	-	-
přesušit	-	-	-	-	-	-	-	-	-	-	-	přesuše	-	-
přesvištět	-	-	-	-	-	přesviští	přesvišti	přesvištěme	přesvištěte	-	přesvištěn	-	-	-
přesvítit	-	-	-	-	-	-	přesviť	přesviťme	přesviťte	-	přesvícen	-	-	-
přesvědčit	-	-	-	-	-	-	-	-	-	-	-	přesvědče	-	-
přesvětit	-	-	-	-	-	-	přesvěť	přesvěťme	přesvěťte	-	přesvěcen	-	-	-
přesvětlit	-	-	-	-	-	-	přesvětli	přesvětleme	přesvětlete	-	-	-	-	-
přesytit	-	-	-	-	-	-	přesyť	přesyťme	přesyťte	-	přesycen	-	-	-
přesát	přesaji	přesaješ	přesaje	přesajeme	přesajete	přesajou	přesaj	přesajme	přesajte	-	přesán	-	-	-
přesázet	-	-	-	-	-	přesázejí	přesázej	přesázejme	přesázejte	-	-	přesázeje	přesázejíc	-
přesídlit	-	-	-	-	-	-	přesídli	přesídleme	přesídlete	-	-	-	-
přesít	přeseji	přeseješ	přeseje	přesejeme	přesejete	přesejou	přesej	přesejme	přesejte	přesel	přeset	-	-	přesela
přetančit	-	-	-	-	-	-	přetanči	přetančeme	přetančete	-	-	-	-	-
přetlačit	-	-	-	-	-	-	-	-	-	-	-	přetlače	-	-
přetlouci	přetluču	přetlučeš	přetluče	přetlučeme	přetlučete	přetlučou	přetluč	přetlučme	přetlučte	přetloukl	přetlučen	-	-	přetloukla
přetlumočit	-	-	-	-	-	-	-	-	-	-	-	přetlumoče	-	-
přetláčet	-	-	-	-	-	přetláčejí	přetláčej	přetláčejme	přetláčejte	-	-	přetláčeje	přetláčejíc	-
přetnout	-	-	-	-	-	-	-	-	-	přetnul	-	-	-	přetnula
přetočit	-	-	-	-	-	-	-	-	-	-	-	přetoče	-	-
přetroškařit	-	-	-	-	-	-	-	-	-	-	-	přetroškaře	-	-
přetrpět	-	-	-	-	-	přetrpí	přetrp	přetrpme	přetrpte	-	přetrpěn	-	-	-
přetučnět	-	-	-	-	-	-	-	-	-	-	přetučněn	-	-	-
přetvořit	-	-	-	-	-	-	-	-	-	-	-	přetvoře	-	-
přetvářet	-	-	-	-	-	přetvářejí	přetvářej	přetvářejme	přetvářejte	-	-	přetvářeje	přetvářejíc	-
přetápět	-	-	-	-	-	-	přetápěj	přetápějme	přetápějte	-	přetápěn	přetápěje	přetápějíc	-
přetáčet	-	-	-	-	-	přetáčejí	přetáčej	přetáčejme	přetáčejte	-	-	přetáčeje	přetáčejíc	-
přetéci	přeteču	přetečeš	přeteče	přetečeme	přetečete	přetečou	přeteč	přetečme	přetečte	přetekl	přetečen	-	-	přetekla
přetížit	-	-	-	-	-	-	přetiž	přetižme	přetižte	-	-	-	-
přetěsnit	-	-	-	-	-	-	přetěsni	přetěsněme	přetěsněte	-	přetěsněn	-	-	-
přetřást	přetřesu	přetřeseš	přetřese	přetřeseme	přetřesete	přetřesou	přetřes	přetřesme	přetřeste	-	přetřesen	-	-	-
přetřídit	-	-	-	-	-	-	přetřiď	přetřiďme	přetřiďte	-	přetříděn	-	-	-
přetřít	přetřu	přetřeš	přetře	přetřeme	přetřete	přetřou	přetři	přetřeme	přetřete	přetřel	přetřen	-	-
přeudit	-	-	-	-	-	-	přeuď	přeuďme	přeuďte	-	přeuzen	-	-	-
přeudílet	-	-	-	-	-	přeudílejí	přeudílej	přeudílejme	přeudílejte	-	-	přeudíleje	přeudílejíc	-
přeuložit	-	-	-	-	-	-	-	-	-	-	-	přeulože	-	-
přeusnášet	-	-	-	-	-	přeusnášejí	přeusnášej	přeusnášejme	přeusnášejte	-	-	přeusnášeje	přeusnášejíc	-
přeučinit	-	-	-	-	-	-	přeučiň	přeučiňme	přeučiňte	-	přeučiněn	-	-	-
přeučit	-	-	-	-	-	-	-	-	-	-	-	přeuče	-	-
převalit	-	-	-	-	-	-	-	-	-	-	-	převale	-	-
převařit	-	-	-	-	-	-	-	-	-	-	-	převaře	-	-
převelet	-	-	-	-	-	převelí	převel	převelme	převelte	-	-	-	-	-
převinout	-	-	-	-	-	-	převiň	převiňme	převiňte	-	-	-	-	-
převlažit	-	-	-	-	-	-	-	-	-	-	-	převlaže	-	-
převlhčit	-	-	-	-	-	-	převlhči	převlhčeme	převlhčete	-	-	-	-	-
převláčet	-	-	-	-	-	převláčejí	převláčej	převláčejme	převláčejte	-	-	převláčeje	převláčejíc	-
převléci	převleku	převlečeš	převleče	převlečeme	převlečete	převlekou	převlec	převlecme	převlecte	převlekl	převlečen	-	-	převlekla
převolit	-	-	-	-	-	-	-	-	-	-	-	převole	-	-
převonět	-	-	-	-	-	-	-	-	-	-	převoněn	-	-	-
převracet	-	-	-	-	-	převracejí	převracej	převracejme	převracejte	-	-	převraceje	převracejíc	-
převrstvit	-	-	-	-	-	-	převrstvi	převrstvěme	převrstvěte	-	-	-	-	-
převrátit	-	-	-	-	-	-	převrať	převraťme	převraťte	-	převrácen	-	-
převtělit	-	-	-	-	-	-	-	-	-	-	-	převtěle	-	-
převychovat	převychovám	převychováš	převychová	převychováme	převychováte	převychovají	převychovej	převychovejme	převychovejte	-	převychován	převychovaje	převychovajíc	-
převypodložit	-	-	-	-	-	-	-	-	-	-	-	převypodlože	-	-
převyprávět	-	-	-	-	-	-	převyprávěj	převyprávějme	převyprávějte	-	převyprávěn	převyprávěje	převyprávějíc	-
převzít	převezmu	převezmeš	převezme	převezmeme	převezmete	převezmou	převezmi	převezměme	převezměte	převzal	převzat	-	-
převádět	-	-	-	-	-	-	převáděj	převádějme	převádějte	-	převáděn	převáděje	převádějíc	-
převálet	-	-	-	-	-	převálejí	převálej	převálejme	převálejte	-	-	převáleje	převálejíc	-
převát	převěji	převěješ	převěje	převějeme	převějete	převějou	převěj	převějme	převějte	-	převát	-	-	-
převázat	převáži	převážeš	převáže	převážeme	převážete	převážou	převaž	převažme	převažte	-	-	-	-	-
převářet	-	-	-	-	-	převářejí	převářej	převářejme	převářejte	-	-	převářeje	převářejíc	-
převážet	-	-	-	-	-	převážejí	převážej	převážejme	převážejte	-	-	převážeje	převážejíc	-
převážit	-	-	-	-	-	-	převaž	převažme	převažte	-	-	-	-
převést	převedu	převedeš	převede	převedeme	převedete	převedou	převeď	převeďme	převeďte	převedl	převeden	-	-
převézt	převezu	převezeš	převeze	převezeme	převezete	převezou	převez	převezme	převezte	převezl	převezen	-	-	převezla
převíjet	-	-	-	-	-	převíjejí	převíjej	převíjejme	převíjejte	-	-	převíjeje	převíjejíc	-
převýšit	-	-	-	-	-	-	převyš	převyšme	převyšte	-	-	-	-	-
převěsit	-	-	-	-	-	-	-	-	-	-	převěšen	-	-	-
přezachovat	přezachovám	přezachováš	přezachová	přezachováme	přezachováte	přezachovají	přezachovej	přezachovejme	přezachovejte	-	přezachován	přezachovaje	přezachovajíc	-
přezaplatit	-	-	-	-	-	-	přezaplať	přezaplaťme	přezaplaťte	-	přezaplacen	-	-	-
přezbrojit	-	-	-	-	-	-	-	-	-	-	-	přezbroje	-	-
přezdít	přezdím	přezdíš	přezdí	přezdíme	přezdíte	přezdí	přezdi	přezděme	přezděte	přezdil	přezděn	-	-	přezdila
přezelenit	-	-	-	-	-	-	přezeleň	přezeleňme	přezeleňte	-	přezeleněn	-	-	-
přezkoušet	-	-	-	-	-	přezkoušejí	přezkoušej	přezkoušejme	přezkoušejte	-	-	přezkoušeje	přezkoušejíc	-
přezměnit	-	-	-	-	-	-	přezměň	přezměňme	přezměňte	-	přezměněn	-	-	-
přeznačit	-	-	-	-	-	-	-	-	-	-	-	přeznače	-	-
přezout	přezuji	přezuješ	přezuje	přezujeme	přezujete	přezujou	přezuj	přezujme	přezujte	přezul	přezut	-	-	přezula
přezrušit	-	-	-	-	-	-	-	-	-	-	-	přezruše	-	-
přezrát	přezraji	přezraješ	přezraje	přezrajeme	přezrajete	přezrajou	přezraj	přezrajme	přezrajte	-	-	-	-	-
přezvat	přezvu	přezveš	přezve	přezveme	přezvete	přezvou	přezvi	přezvěme	přezvěte	-	-	-	-	-
přezvětšit	-	-	-	-	-	-	-	-	-	-	-	přezvětše	-	-
přezávodit	-	-	-	-	-	-	přezávoď	přezávoďme	přezávoďte	-	přezávozen	-	-	-
přezářit	-	-	-	-	-	-	přezař	přezařme	přezařte	-	-	-	-	-
přeúchylkařit	-	-	-	-	-	-	-	-	-	-	-	přeúchylkaře	-	-
přeúhořit	-	-	-	-	-	-	-	-	-	-	-	přeúhoře	-	-
přeúplatkařit	-	-	-	-	-	-	-	-	-	-	-	přeúplatkaře	-	-
přeúpět	-	-	-	-	-	-	přeúpěj	přeúpějme	přeúpějte	-	přeúpěn	přeúpěje	přeúpějíc	-
přeústupkařit	-	-	-	-	-	-	-	-	-	-	-	přeústupkaře	-	-
přečalounit	-	-	-	-	-	-	přečalouni	přečalouněme	přečalouněte	-	přečalouněn	-	-	-
přečernit	-	-	-	-	-	-	přečerň	přečerňme	přečerňte	-	přečerněn	-	-	-
přečistit	-	-	-	-	-	-	přečisti	přečistěme	přečistěte	-	přečistěn	-	-	-
přečnít	přečním	přečníš	přeční	přečníme	přečníte	přeční	přečni	přečněme	přečněte	přečněl	-	-	-	přečněla
přečíslit	-	-	-	-	-	-	přečísli	přečísleme	přečíslete	-	-	-	-	-
přečíst	přečtu	přečteš	přečte	přečteme	přečtete	přečtou	přečti	přečtěme	přečtěte	přečetl	přečten	-	-
přeřadit	-	-	-	-	-	-	přeřaď	přeřaďme	přeřaďte	-	přeřaděn	-	-	-
přeřvat	přeřvu	přeřveš	přeřve	přeřveme	přeřvete	přeřvou	přeřvi	přeřvěme	přeřvěte	-	-	-	-	-
přešetřit	-	-	-	-	-	-	přešetři	přešetřeme	přešetřete	-	-	-	-	-
přešinout	-	-	-	-	-	-	přešiň	přešiňme	přešiňte	-	-	-	-	-
přešišatit	-	-	-	-	-	-	přešišať	přešišaťme	přešišaťte	-	přešišacen	-	-	-
přeškolit	-	-	-	-	-	-	-	-	-	-	-	přeškole	-	-
přeškrtit	-	-	-	-	-	-	přeškrť	přeškrťme	přeškrťte	-	přeškrcen	-	-	-
přeškvařit	-	-	-	-	-	-	-	-	-	-	-	přeškvaře	-	-
přeškvířit	-	-	-	-	-	-	-	-	-	-	-	přeškvíře	-	-
přešlechtit	-	-	-	-	-	-	přešlechti	přešlechtěme	přešlechtěte	-	přešlechtěn	-	-	-
přešrotit	-	-	-	-	-	-	přešroť	přešroťme	přešroťte	-	přešrocen	-	-	-
přešumět	-	-	-	-	-	-	přešuměj	přešumějme	přešumějte	-	přešuměn	přešuměje	přešumějíc	-
přešupajdit	-	-	-	-	-	-	přešupajdi	přešupajděme	přešupajděte	-	přešupajděn	-	-	-
přešít	přešiji	přešiješ	přešije	přešijeme	přešijete	přešijou	přešij	přešijme	přešijte	přešil	přešit	-	-	přešila
přežehlit	-	-	-	-	-	-	přežehli	přežehleme	přežehlete	-	-	-	-	-
přežrat	přežeru	přežereš	přežere	přežereme	přežerete	přežerou	přežer	přežerme	přežerte	-	-	-	-	-
přežulit	-	-	-	-	-	-	-	-	-	-	-	přežule	-	-
přežít	přežiji	přežiješ	přežije	přežijeme	přežijete	přežijou	přežij	přežijme	přežijte	přežil	přežit	-	-
přibalit	-	-	-	-	-	-	-	-	-	-	-	přibale	-	-
přibarvit	-	-	-	-	-	-	přibarvi	přibarvěme	přibarvěte	-	-	-	-	-
přibatolit	-	-	-	-	-	-	-	-	-	-	-	přibatole	-	-
přiblížit	-	-	-	-	-	-	přibliž	přibližme	přibližte	-	-	-	-
přibrat	přiberu	přibereš	přibere	přibereme	přiberete	přiberou	přiber	přiberme	přiberte	-	-	přibera	-	-
přibrousit	-	-	-	-	-	-	přibrus	přibrusme	přibruste	-	přibroušen	-	-	-
přibruslit	-	-	-	-	-	-	přibrusli	přibrusleme	přibruslete	-	-	-	-	-
přibrzdit	-	-	-	-	-	-	přibrzdi	přibrzděme	přibrzděte	-	přibrzděn	-	-
přiburácet	-	-	-	-	-	přiburácejí	přiburácej	přiburácejme	přiburácejte	-	-	přiburáceje	přiburácejíc	-
přibájit	-	-	-	-	-	-	přibaj	přibajme	přibajte	-	-	-	-	-
přibásnit	-	-	-	-	-	-	přibásni	přibásněme	přibásněte	-	přibásněn	-	-	-
přibíjet	-	-	-	-	-	přibíjejí	přibíjej	přibíjejme	přibíjejte	-	-	přibíjeje	přibíjejíc	-
přibít	přibiji	přibiješ	přibije	přibijeme	přibijete	přibijou	přibij	přibijme	přibijte	přibil	přibit	-	-	přibila
přibýt	přibudu	přibudeš	přibude	přibudeme	přibudete	přibudou	přibuď	přibuďme	přibuďte	přibyl	přibyt	-	-	přibyla
přichovat	přichovám	přichováš	přichová	přichováme	přichováte	přichovají	přichovej	přichovejme	přichovejte	-	přichován	přichovaje	přichovajíc	-
přichumelit	-	-	-	-	-	-	-	-	-	-	-	přichumele	-	-
přichutit	-	-	-	-	-	-	přichuť	přichuťme	přichuťte	-	přichucen	-	-	-
přichvátit	-	-	-	-	-	-	přichvať	přichvaťme	přichvaťte	-	přichvácen	-	-	-
přichytit	-	-	-	-	-	-	přichyť	přichyťme	přichyťte	-	přichycen	-	-	-
přicházet	-	-	-	-	-	přicházejí	přicházej	přicházejme	přicházejte	-	-	přicházeje	přicházejíc
přichýlit	-	-	-	-	-	-	přichyl	přichylme	přichylte	-	-	-	-	-
přiclonit	-	-	-	-	-	-	přicloň	přicloňme	přicloňte	-	přicloněn	-	-	-
přiclánět	-	-	-	-	-	-	přicláněj	přiclánějme	přiclánějte	-	přicláněn	přicláněje	přiclánějíc	-
přicpat	přicpu	přicpeš	přicpe	přicpeme	přicpete	přicpou	přicpi	přicpěme	přicpěte	-	-	-	-	-
přidanit	-	-	-	-	-	-	-	-	-	-	přidaněn	-	-	-
přidrandit	-	-	-	-	-	-	-	-	-	-	přidranděn	-	-	-
přidražit	-	-	-	-	-	-	-	-	-	-	-	přidraže	-	-
přidružit	-	-	-	-	-	-	-	-	-	-	-	přidruže	-	-
přidržet	-	-	-	-	-	přidrží	přidrž	přidržme	přidržte	-	-	přidrže	přidržíc	-
přidusit	-	-	-	-	-	-	-	-	-	-	přidušen	-	-	-
přidělit	-	-	-	-	-	-	-	-	-	-	-	přiděle	-	-
přifařit	-	-	-	-	-	-	-	-	-	-	-	přifaře	-	-
přifičet	-	-	-	-	-	přifičí	přifič	přifičme	přifičte	-	-	-	-	-
přifotit	-	-	-	-	-	-	přifoť	přifoťme	přifoťte	-	přifocen	-	-	-
přifrčet	-	-	-	-	-	přifrčí	přifrč	přifrčme	přifrčte	-	-	-	-	-
přifunět	-	-	-	-	-	přifuní	-	-	-	-	přifuněn	-	-	-
přihasit	-	-	-	-	-	-	-	-	-	-	-	přihase	-	-
přihladit	-	-	-	-	-	-	přihlaď	přihlaďme	přihlaďte	-	přihlazen	-	-	-
přihlásit	-	-	-	-	-	-	přihlas	přihlasme	přihlaste	-	přihlášen	-	-
přihlížet	-	-	-	-	-	přihlížejí	přihlížej	přihlížejme	přihlížejte	-	-	přihlížeje	přihlížejíc	-
přihmouřit	-	-	-	-	-	-	přihmouři	přihmouřeme	přihmouřete	-	-	-	-	-
přihnat	přiženu	přiženeš	přižene	přiženeme	přiženete	přiženou	přižeň	přižeňme	přižeňte	-	-	-	-
přihnojit	-	-	-	-	-	-	-	-	-	-	-	přihnoje	-	-
přihnout	-	-	-	-	-	-	-	-	-	přihnul	-	-	-	přihla
přihodit	-	-	-	-	-	-	přihoď	přihoďme	přihoďte	-	přihozen	-	-
přihojit	-	-	-	-	-	-	-	-	-	-	-	přihoje	-	-
přihoršit	-	-	-	-	-	-	přihorši	přihoršeme	přihoršete	-	-	-	-	-
přihradit	-	-	-	-	-	-	přihraď	přihraďme	přihraďte	-	přihrazen	-	-	-
přihranit	-	-	-	-	-	-	přihraň	přihraňme	přihraňte	-	přihraněn	-	-	-
přihrnout	-	-	-	-	-	-	přihrň	přihrňme	přihrňte	přihrnul	-	-	-	přihrnula
přihrotit	-	-	-	-	-	-	přihroť	přihroťme	přihroťte	-	přihrocen	-	-	-
přihrát	přihraji	přihraješ	přihraje	přihrajeme	přihrajete	přihrajou	přihraj	přihrajme	přihrajte	-	přihrán	-	-	-
přihrčet	-	-	-	-	-	přihrčí	přihrč	přihrčme	přihrčte	-	-	-	-	-
přihustit	-	-	-	-	-	-	přihusti	přihustěme	přihustěte	-	přihustěn	-	-	-
přihánět	-	-	-	-	-	-	přiháněj	přihánějme	přihánějte	-	přiháněn	přiháněje	přihánějíc	-
přiházet	-	-	-	-	-	přiházejí	přiházej	přiházejme	přiházejte	-	-	přiházeje	přiházejíc
přihřát	přihřeji	přihřeješ	přihřeje	přihřejeme	přihřejete	přihřejou	přihřej	přihřejme	přihřejte	-	přihřát	-	-
přijet	přijedu	přijedeš	přijede	přijedeme	přijedete	přijedou	přijeď	přijeďme	přijeďte	-	-	-	-
přijmout	přijmu	přijmeš	přijme	přijmeme	přijmete	přijmou	přijmi	přijměme	přijměte	přijal	přijat	-	-
přijít	přijdu	přijdeš	přijde	přijdeme	přijdete	přijdou	přijď	přijďme	přijďte	přišel	-	-	-	přišla
přijíždět	-	-	-	-	-	-	přijížděj	přijíždějme	přijíždějte	-	přijížděn	přijížděje	přijíždějíc	-
přiklohnit	-	-	-	-	-	-	přiklohni	přiklohněme	přiklohněte	-	-	-	-	-
přiklonit	-	-	-	-	-	-	přikloň	přikloňme	přikloňte	-	přikloněn	-	-	-
přiklánět	-	-	-	-	-	-	přikláněj	přiklánějme	přiklánějte	-	přikláněn	přikláněje	přiklánějíc	-
přiklápět	-	-	-	-	-	-	přiklápěj	přiklápějme	přiklápějte	-	přiklápěn	přiklápěje	přiklápějíc	-
přiklátit	-	-	-	-	-	-	přiklať	přiklaťme	přiklaťte	-	přiklácen	-	-	-
přiklížit	-	-	-	-	-	-	přikliž	přikližme	přikližte	-	-	-	-	-
přikotvit	-	-	-	-	-	-	přikotvi	přikotvěme	přikotvěte	-	-	-	-	-
přikoulet	-	-	-	-	-	přikoulejí	přikoulej	přikoulejme	přikoulejte	-	-	přikouleje	přikoulejíc	-
přikoupit	-	-	-	-	-	-	přikup	přikupme	přikupte	-	-	-	-	-
přikout	přikuji	přikuješ	přikuje	přikujeme	přikujete	přikujou	přikuj	přikujme	přikujte	přikul	přikut	-	-	přikula
přikouzlit	-	-	-	-	-	-	přikouzli	přikouzleme	přikouzlete	-	-	-	-	-
přikovat	přikovu	přikoveš	přikove	přikoveme	přikovete	přikovají	přikovej	přikovejme	přikovejte	-	přikován	přikovaje	přikovajíc	-
přikořenit	-	-	-	-	-	-	přikořeň	přikořeňme	přikořeňte	-	přikořeněn	-	-	-
přikreslit	-	-	-	-	-	-	přikresli	přikresleme	přikreslete	-	-	-	-
přikrojit	-	-	-	-	-	-	-	-	-	-	-	přikroje	-	-
přikročit	-	-	-	-	-	-	-	-	-	-	-	přikroče	-	-
přikrájet	-	-	-	-	-	přikrájejí	přikrájej	přikrájejme	přikrájejte	-	-	přikrájeje	přikrájejíc	-
přikrást	přikradu	přikradeš	přikrade	přikrademe	přikradete	přikradou	přikraď	přikraďme	přikraďte	přikradl	přikraden	-	-	přikradla
přikrátit	-	-	-	-	-	-	přikrať	přikraťme	přikraťte	-	přikrácen	-	-	-
přikráčet	-	-	-	-	-	přikráčejí	přikráčej	přikráčejme	přikráčejte	-	-	přikráčeje	přikráčejíc	-
přikrášlit	-	-	-	-	-	-	přikrášli	přikrášleme	přikrášlete	-	-	-	-	-
přikrýt	přikryji	přikryješ	přikryje	přikryjeme	přikryjete	přikryjí	přikryj	přikryjme	přikryjte	přikryl	přikryt	-	-
přikrčit	-	-	-	-	-	-	-	-	-	-	-	přikrče	-	-
přikuchtit	-	-	-	-	-	-	přikuchti	přikuchtěme	přikuchtěte	-	přikuchtěn	-	-	-
přikulit	-	-	-	-	-	-	-	-	-	-	-	přikule	-	-
přikutit	-	-	-	-	-	-	přikuť	přikuťme	přikuťte	-	přikutěn	-	-	-
přikutálet	-	-	-	-	-	přikutálejí	přikutálej	přikutálejme	přikutálejte	-	-	přikutáleje	přikutálejíc	-
přikvačit	-	-	-	-	-	-	-	-	-	-	-	přikvače	-	-
přikvičet	-	-	-	-	-	přikvičí	přikvič	přikvičme	přikvičte	-	-	-	-	-
přikymácet	-	-	-	-	-	přikymácejí	přikymácej	přikymácejme	přikymácejte	-	-	přikymáceje	přikymácejíc	-
přikyselit	-	-	-	-	-	-	-	-	-	-	-	přikysele	-	-
přikázat	přikážu	-	-	-	-	přikážou	přikaž	přikažme	přikažte	-	-	-	-
přikřížit	-	-	-	-	-	-	přikřiž	přikřižme	přikřižte	-	-	-	-	-
přiladit	-	-	-	-	-	-	přilaď	přilaďme	přilaďte	-	přilazen	-	-	-
přilepšit	-	-	-	-	-	-	přilepši	přilepšeme	přilepšete	-	-	-	-	-
přiletět	-	-	-	-	-	přiletí	přileť	přileťme	přileťte	-	přiletěn	-	-	-
přiležet	-	-	-	-	-	přileží	přilež	přiležme	přiležte	-	-	-	-	-
přilhat	přilžu	přilžeš	přilže	přilžeme	přilžete	přilžou	přilži	přilžeme	přilžete	-	-	-	-	-
přilichotit	-	-	-	-	-	-	přilichoť	přilichoťme	přilichoťte	-	přilichocen	-	-	-
přilnout	-	-	-	-	-	-	-	-	-	přilnul	-	-	-	přilnula
přiloudit	-	-	-	-	-	-	přiloudi	přilouděme	přilouděte	-	přilouděn	-	-	-
přiložit	-	-	-	-	-	-	-	-	-	-	-	přilože	-	-
přilámat	přilámu	přilámeš	přiláme	přilámeme	přilámete	přilámou	-	-	-	-	-	-	-	-
přilézt	přilezu	přilezeš	přileze	přilezeme	přilezete	přilezou	přilez	přilezme	přilezte	přilezl	přilezen	-	-
přilícit	-	-	-	-	-	-	přilic	přilicme	přilicte	-	-	-	-	-
přilít	přileji	přileješ	přileje	přilejeme	přilejete	přilejí	přilej	přilejme	přilejte	přilil	přilit	-	-
přilíčit	-	-	-	-	-	-	přilič	přiličme	přiličte	-	-	-	-	-
přimastit	-	-	-	-	-	-	přimasti	přimastěme	přimastěte	-	přimaštěn	-	-	-
přimhouřit	-	-	-	-	-	-	přimhouři	přimhouřeme	přimhouřete	-	-	-	-	-
přimladit	-	-	-	-	-	-	přimlaď	přimlaďme	přimlaďte	-	přimlazen	-	-	-
přimořit	-	-	-	-	-	-	-	-	-	-	-	přimoře	-	-
přimrazit	-	-	-	-	-	-	-	-	-	-	-	přimraze	-	-
přimyslit	-	-	-	-	-	-	přimysli	přimysleme	přimyslete	-	přimyšlen	-	-	-
přimést	přimetu	přimeteš	přimete	přimeteme	přimetete	přimetou	přimeť	přimeťme	přimeťte	přimetl	přimeten	-	-	přimetla
přimísit	-	-	-	-	-	-	přimis	přimisme	přimiste	-	-	-	-	-
přimýt	přimyji	přimyješ	přimyje	přimyjeme	přimyjete	přimyjou	přimyj	přimyjme	přimyjte	přimyl	přimyt	-	-	přimyla
přimýšlet	-	-	-	-	-	přimýšlejí	přimýšlej	přimýšlejme	přimýšlejte	-	-	přimýšleje	přimýšlejíc	-
přimět	přiměji	přiměješ	přiměje	přimějeme	přimějete	-	přiměj	přimějme	přimějte	-	přiměn	-	-
přiměřit	-	-	-	-	-	-	-	-	-	-	-	přiměře	-	-
přinožit	-	-	-	-	-	-	-	-	-	-	-	přinože	-	-
přinutit	-	-	-	-	-	-	přinuť	přinuťme	přinuťte	-	přinucen	-	-
přináležet	-	-	-	-	-	přináležejí	-	-	-	-	-	přináleže	přináležejíc	-
přinášet	-	-	-	-	-	přinášejí	přinášej	přinášejme	přinášejte	-	-	přinášeje	přinášejíc
přinést	přinesu	přineseš	přinese	přineseme	přinesete	přinesou	přines	přinesme	přineste	přinesl	přinesen	-	-
přiobléci	přiobleku	přioblečeš	přiobleče	přioblečeme	přioblečete	přioblekou	přioblec	přioblecme	přioblecte	přioblekl	přioblečen	-	-	přioblekla
přiodít	přioději	přioděješ	přioděje	přiodějeme	přiodějete	přiodějou	přioděj	přiodějme	přiodějte	přioděl	přioděn	-	-	přioděla
přiohřát	přiohřeji	přiohřeješ	přiohřeje	přiohřejeme	přiohřejete	přiohřejou	přiohřej	přiohřejme	přiohřejte	-	přiohřát	-	-	-
přiopít	přiopiji	přiopiješ	přiopije	přiopijeme	přiopijete	přiopijou	přiopij	přiopijme	přiopijte	přiopil	přiopit	-	-	přiopila
přiostřit	-	-	-	-	-	-	přiostři	přiostřeme	přiostřete	-	-	-	-	-
přiotrávit	-	-	-	-	-	-	přiotrav	přiotravme	přiotravte	-	-	-	-	-
přiožrat	přiožeru	přiožereš	přiožere	přiožereme	přiožerete	přiožerou	přiožer	přiožerme	přiožerte	-	-	-	-	-
připažit	-	-	-	-	-	-	-	-	-	-	-	připaže	-	-
připepřit	-	-	-	-	-	-	připepři	připepřeme	připepřete	-	-	-	-	-
připevnit	-	-	-	-	-	-	připevni	připevněme	připevněte	-	připevněn	-	-
připečetit	-	-	-	-	-	-	připečeť	připečeťme	připečeťte	-	připečetěn	-	-	-
připlachtit	-	-	-	-	-	-	připlachti	připlachtěme	připlachtěte	-	připlachtěn	-	-	-
připlatit	-	-	-	-	-	-	připlať	připlaťme	připlaťte	-	připlacen	-	-	-
připlavat	připlavu	připlaveš	připlave	připlaveme	připlavete	připlavou	-	-	-	-	-	-	-	-
připlout	připluji	připluješ	připluje	připlujeme	připlujete	připlujou	připluj	připlujme	připlujte	připlul	připlut	-	-	připlula
připloužit	-	-	-	-	-	-	připlouži	připloužeme	připloužete	-	-	-	-	-
připlužit	-	-	-	-	-	-	-	-	-	-	-	připluže	-	-
připlynout	-	-	-	-	-	-	připlyň	připlyňme	připlyňte	-	-	-	-	-
připlácet	-	-	-	-	-	připlácejí	připlácej	připlácejme	připlácejte	-	-	připláceje	připlácejíc	-
připlést	připletu	připleteš	připlete	připleteme	připletete	připletou	připleť	připleťme	připleťte	připletl	připleten	-	-
připlížit	-	-	-	-	-	-	připliž	připližme	připližte	-	-	-	-	-
připnout	-	-	-	-	-	-	-	-	-	připjal	-	-	-	připjala
připodepsat	připodepíši	připodepíšeš	připodepíše	připodepíšeme	připodepíšete	připodepíšou	připodepiš	připodepišme	připodepište	-	-	-	-	-
připodobnit	-	-	-	-	-	-	připodobni	připodobněme	připodobněte	-	připodobněn	-	-
připojistit	-	-	-	-	-	-	připojisti	připojistěme	připojistěte	-	připojištěn	-	-	-
připojit	-	-	-	-	-	-	-	-	-	-	-	připoje	-	-
připomenout	-	-	-	-	-	-	připomeň	připomeňme	připomeňte	-	-	-	-
připomoci	připomohu	připomůžeš	připomůže	připomůžeme	připomůžete	připomohou	připomoz	připomozme	připomozte	připomohl	připomožen	-	-	připomohla
připosrazit	-	-	-	-	-	-	-	-	-	-	připosražen	-	-	-
připostrčit	-	-	-	-	-	-	-	-	-	-	-	připostrče	-	-
připotácet	-	-	-	-	-	připotácejí	připotácej	připotácejme	připotácejte	-	-	připotáceje	připotácejíc	-
připouštět	-	-	-	-	-	-	připouštěj	připouštějme	připouštějte	-	připouštěn	připouštěje	připouštějíc
připovědět	-	-	-	-	-	-	-	-	-	-	připověděn	-	-	-
připozdit	-	-	-	-	-	-	připozdi	připozděme	připozděte	-	připožděn	-	-	-
připočíst	připočtu	připočteš	připočte	připočteme	připočtete	připočtou	připočti	připočtěme	připočtěte	připočetl	připočten	-	-	připočetla
připražit	-	-	-	-	-	-	-	-	-	-	-	připraže	-	-
připsat	připíši	připíšeš	připíše	připíšeme	připíšete	připíšou	připiš	připišme	připište	-	-	-	-	-
připustit	-	-	-	-	-	-	připusť	připusťme	připusťte	-	připuštěn	-	-
připájet	-	-	-	-	-	připájejí	připájej	připájejme	připájejte	-	-	připájeje	připájejíc	-
připálit	-	-	-	-	-	-	připal	připalme	připalte	-	-	-	-
připéci	připeču	připečeš	připeče	připečeme	připečete	připečou	připeč	připečme	připečte	připekl	připečen	-	-	připekla
připíjet	-	-	-	-	-	připíjejí	připíjej	připíjejme	připíjejte	-	-	připíjeje	připíjejíc	-
připít	připiji	připiješ	připije	připijeme	připijete	připijou	připij	připijme	připijte	připil	připit	-	-	připila
připřeložit	-	-	-	-	-	-	-	-	-	-	-	připřelože	-	-
přirachotit	-	-	-	-	-	-	přirachoť	přirachoťme	přirachoťte	-	přirachocen	-	-	-
přirazit	-	-	-	-	-	-	-	-	-	-	přiražen	-	-	-
přirozvracet	-	-	-	-	-	přirozvracejí	přirozvracej	přirozvracejme	přirozvracejte	-	-	přirozvraceje	přirozvracejíc	-
přirušit	-	-	-	-	-	-	-	-	-	-	-	přiruše	-	-
přirychlit	-	-	-	-	-	-	přirychli	přirychleme	přirychlete	-	-	-	-	-
přirážet	-	-	-	-	-	přirážejí	přirážej	přirážejme	přirážejte	-	-	přirážeje	přirážejíc	-
přirůst	přirostu	přirosteš	přiroste	přirosteme	přirostete	přirostou	přirosť	přirosťme	přirosťte	přirostl	-	-	-	přirostla
přisadit	-	-	-	-	-	-	přisaď	přisaďme	přisaďte	-	přisazen	-	-
přiskotačit	-	-	-	-	-	-	-	-	-	-	-	přiskotače	-	-
přiskočit	-	-	-	-	-	-	-	-	-	-	-	přiskoče	-	-
přiskákat	přiskáči	přiskáčeš	přiskáče	přiskáčeme	přiskáčete	přiskáčou	-	-	-	-	-	-	-	-
přisladit	-	-	-	-	-	-	přislaď	přislaďme	přislaďte	-	přislazen	-	-	-
přisloužit	-	-	-	-	-	-	přisluž	přislužme	přislužte	-	-	-	-	-
přislíbit	-	-	-	-	-	-	přislib	přislibme	přislibte	-	-	-	-	-
přismažit	-	-	-	-	-	-	-	-	-	-	-	přismaže	-	-
přisněžit	-	-	-	-	-	-	-	-	-	-	-	přisněže	-	-
přisolit	-	-	-	-	-	-	-	-	-	-	-	přisole	-	-
přisoudit	-	-	-	-	-	-	přisuď	přisuďme	přisuďte	-	přisouzen	-	-	-
přisoustružit	-	-	-	-	-	-	-	-	-	-	-	přisoustruže	-	-
přispat	přispím	přispíš	přispí	přispíme	přispíte	přispí	přispi	přispěme	přispěte	-	-	-	-	-
přispořit	-	-	-	-	-	-	-	-	-	-	-	přispoře	-	-
přispíšit	-	-	-	-	-	-	přispiš	přispišme	přispište	-	-	-	-	-
přispět	přispěji	přispěješ	přispěje	přispějeme	přispějete	-	přispěj	přispějme	přispějte	-	přispěn	-	-	-
přisrat	přiseru	přisereš	přisere	přisereme	přiserete	přiserou	přiser	přiserme	přiserte	-	-	-	-	-
přistavět	-	-	-	-	-	-	přistav	přistavme	přistavte	-	přistavěn	-	-	-
přistlat	přistelu	přisteleš	přistele	přisteleme	přistelete	přistelou	přistel	přistelme	přistelte	-	-	-	-	-
přistoupit	-	-	-	-	-	-	přistup	přistupme	přistupte	-	-	-	-
přistrojit	-	-	-	-	-	-	-	-	-	-	-	přistroje	-	-
přistrčit	-	-	-	-	-	-	-	-	-	-	-	přistrče	-	-
přistát	přistanu	přistaneš	přistane	přistaneme	přistanete	přistanou	přistaň	přistaňme	přistaňte	-	-	-	-
přistínit	-	-	-	-	-	-	přistiň	přistiňme	přistiňte	-	přistíněn	-	-	-
přisunout	-	-	-	-	-	-	přisuň	přisuňme	přisuňte	-	-	-	-	-
přisupět	-	-	-	-	-	přisupí	přisup	přisupme	přisupte	-	přisupěn	-	-	-
přisvištět	-	-	-	-	-	přisviští	přisvišti	přisvištěme	přisvištěte	-	přisvištěn	-	-	-
přisvojit	-	-	-	-	-	-	-	-	-	-	-	přisvoje	-	-
přisvítit	-	-	-	-	-	-	přisviť	přisviťme	přisviťte	-	přisvícen	-	-	-
přisvědčit	-	-	-	-	-	-	-	-	-	-	-	přisvědče	-	-
přisvětlit	-	-	-	-	-	-	přisvětli	přisvětleme	přisvětlete	-	-	-	-	-
přisát	přisaji	přisaješ	přisaje	přisajeme	přisajete	přisajou	přisaj	přisajme	přisajte	-	přisán	-	-	-
přisázet	-	-	-	-	-	přisázejí	přisázej	přisázejme	přisázejte	-	-	přisázeje	přisázejíc	-
přisít	přiseji	přiseješ	přiseje	přisejeme	přisejete	přisejou	přisej	přisejme	přisejte	přisel	přiset	-	-	přisela
přitahnout	-	-	-	-	-	-	-	-	-	přitahnul	-	-	-	přitahnula
přitančit	-	-	-	-	-	-	přitanči	přitančeme	přitančete	-	-	-	-	-
přiteplit	-	-	-	-	-	-	přitepli	přitepleme	přiteplete	-	-	-	-	-
přitlačit	-	-	-	-	-	-	-	-	-	-	-	přitlače	-	-
přitlouci	přitluču	přitlučeš	přitluče	přitlučeme	přitlučete	přitlučou	přitluč	přitlučme	přitlučte	přitloukl	přitlučen	-	-	přitloukla
přitmelit	-	-	-	-	-	-	-	-	-	-	-	přitmele	-	-
přitočit	-	-	-	-	-	-	-	-	-	-	-	přitoče	-	-
přitroškařit	-	-	-	-	-	-	-	-	-	-	-	přitroškaře	-	-
přitulit	-	-	-	-	-	-	-	-	-	-	-	přitule	-	-
přitužit	-	-	-	-	-	-	-	-	-	-	-	přituže	-	-
přitvořit	-	-	-	-	-	-	-	-	-	-	-	přitvoře	-	-
přitvrdit	-	-	-	-	-	-	přitvrď	přitvrďme	přitvrďte	-	přitvrzen	-	-	-
přitvářet	-	-	-	-	-	přitvářejí	přitvářej	přitvářejme	přitvářejte	-	-	přitvářeje	přitvářejíc	-
přitápět	-	-	-	-	-	-	přitápěj	přitápějme	přitápějte	-	přitápěn	přitápěje	přitápějíc	-
přitáčet	-	-	-	-	-	přitáčejí	přitáčej	přitáčejme	přitáčejte	-	-	přitáčeje	přitáčejíc	-
přitéci	přiteču	přitečeš	přiteče	přitečeme	přitečete	přitečou	přiteč	přitečme	přitečte	přitekl	přitečen	-	-	přitekla
přitížit	-	-	-	-	-	-	přitiž	přitižme	přitižte	-	-	-	-	-
přitěsnit	-	-	-	-	-	-	přitěsni	přitěsněme	přitěsněte	-	přitěsněn	-	-	-
přitřídit	-	-	-	-	-	-	přitřiď	přitřiďme	přitřiďte	-	přitříděn	-	-	-
přitřít	přitřu	přitřeš	přitře	přitřeme	přitřete	přitřou	přitři	přitřeme	přitřete	přitřel	přitřen	-	-	přitřela
přiudit	-	-	-	-	-	-	přiuď	přiuďme	přiuďte	-	přiuzen	-	-	-
přiuhradit	-	-	-	-	-	-	přiuhraď	přiuhraďme	přiuhraďte	-	přiuhrazen	-	-	-
přiusnášet	-	-	-	-	-	přiusnášejí	přiusnášej	přiusnášejme	přiusnášejte	-	-	přiusnášeje	přiusnášejíc	-
přiuspokojit	-	-	-	-	-	-	-	-	-	-	-	přiuspokoje	-	-
přiučinit	-	-	-	-	-	-	přiučiň	přiučiňme	přiučiňte	-	přiučiněn	-	-	-
přiučit	-	-	-	-	-	-	-	-	-	-	-	přiuče	-	-
přivalit	-	-	-	-	-	-	-	-	-	-	-	přivale	-	-
přivanout	-	-	-	-	-	-	přivaň	přivaňme	přivaňte	-	-	-	-	-
přivařit	-	-	-	-	-	-	-	-	-	-	-	přivaře	-	-
přivinout	-	-	-	-	-	-	přiviň	přiviňme	přiviňte	-	-	-	-	-
přivlastnit	-	-	-	-	-	-	přivlastni	přivlastněme	přivlastněte	-	přivlastněn	-	-	-
přivlažit	-	-	-	-	-	-	-	-	-	-	-	přivlaže	-	-
přivláčet	-	-	-	-	-	přivláčejí	přivláčej	přivláčejme	přivláčejte	-	-	přivláčeje	přivláčejíc	-
přivléci	přivleku	přivlečeš	přivleče	přivlečeme	přivlečete	přivlekou	přivlec	přivlecme	přivlecte	přivlekl	přivlečen	-	-	přivlekla
přivodit	-	-	-	-	-	-	přivoď	přivoďme	přivoďte	-	přivoděn	-	-
přivohřát	přivohřeji	přivohřeješ	přivohřeje	přivohřejeme	přivohřejete	přivohřejou	přivohřej	přivohřejme	přivohřejte	-	přivohřát	-	-	-
přivolit	-	-	-	-	-	-	-	-	-	-	-	přivole	-	-
přivonět	-	-	-	-	-	přivoní	přivoň	přivoňme	přivoňte	-	přivoněn	-	-	-
přivplácet	-	-	-	-	-	přivplácejí	přivplácej	přivplácejme	přivplácejte	-	-	přivpláceje	přivplácejíc	-
přivracet	-	-	-	-	-	přivracejí	přivracej	přivracejme	přivracejte	-	-	přivraceje	přivracejíc	-
přivrátit	-	-	-	-	-	-	přivrať	přivraťme	přivraťte	-	přivrácen	-	-	-
přivstat	přivstanu	přivstaneš	přivstane	přivstaneme	přivstanete	přivstanou	přivstaň	přivstaňme	přivstaňte	-	-	-	-	-
přivtělit	-	-	-	-	-	-	-	-	-	-	-	přivtěle	-	-
přivypodložit	-	-	-	-	-	-	-	-	-	-	-	přivypodlože	-	-
přivzdušnit	-	-	-	-	-	-	přivzdušni	přivzdušněme	přivzdušněte	-	přivzdušněn	-	-	-
přivzít	přivezmu	přivezmeš	přivezme	přivezmeme	přivezmete	přivezmou	přivezmi	přivezměme	přivezměte	přivzal	přivzat	-	-	přivzala
přivábit	-	-	-	-	-	-	přivab	přivabme	přivabte	-	-	-	-	-
přivádět	-	-	-	-	-	-	přiváděj	přivádějme	přivádějte	-	přiváděn	přiváděje	přivádějíc
přiválet	-	-	-	-	-	přiválejí	přiválej	přiválejme	přiválejte	-	-	přiváleje	přiválejíc	-
přivápnit	-	-	-	-	-	-	přivápni	přivápněme	přivápněte	-	přivápněn	-	-	-
přivát	přivěji	přivěješ	přivěje	přivějeme	přivějete	přivějou	přivěj	přivějme	přivějte	-	přivát	-	-	-
přivázat	-	-	-	-	-	-	přivaž	přivažme	přivažte	-	-	-	-
přivážet	-	-	-	-	-	přivážejí	přivážej	přivážejme	přivážejte	-	-	přivážeje	přivážejíc
přivážit	-	-	-	-	-	-	přivaž	přivažme	přivažte	-	-	-	-	-
přivést	přivedu	přivedeš	přivede	přivedeme	přivedete	přivedou	přiveď	přiveďme	přiveďte	přivedl	přiveden	-	-
přivézt	přivezu	přivezeš	přiveze	přivezeme	přivezete	přivezou	přivez	přivezme	přivezte	přivezl	přivezen	-	-
přivíjet	-	-	-	-	-	přivíjejí	přivíjej	přivíjejme	přivíjejte	-	-	přivíjeje	přivíjejíc	-
přivěsit	-	-	-	-	-	-	-	-	-	-	přivěšen	-	-	-
přivřít	přivřu	přivřeš	přivře	přivřeme	přivřete	přivřou	přivři	přivřeme	přivřete	přivřel	přivřen	-	-	přivřela
přizabít	přizabiji	přizabiješ	přizabije	přizabijeme	přizabijete	přizabijou	přizabij	přizabijme	přizabijte	přizabil	přizabit	-	-
přizachovat	přizachovám	přizachováš	přizachová	přizachováme	přizachováte	přizachovají	přizachovej	přizachovejme	přizachovejte	-	přizachován	přizachovaje	přizachovajíc	-
přizakrýt	přizakryji	přizakryješ	přizakryje	přizakryjeme	přizakryjete	přizakryjou	přizakryj	přizakrejmež	přizakrejtež	přizakryl	přizakryt	-	-	přizakryla
přizaplatit	-	-	-	-	-	-	přizaplať	přizaplaťme	přizaplaťte	-	přizaplacen	-	-	-
přizbrojit	-	-	-	-	-	-	-	-	-	-	-	přizbroje	-	-
přizdržet	-	-	-	-	-	přizdrží	přizdrž	přizdržme	přizdržte	-	-	-	-	-
přizdít	přizdím	přizdíš	přizdí	přizdíme	přizdíte	přizdí	přizdi	přizděme	přizděte	přizdil	přizděn	-	-	přizdila
přizelenit	-	-	-	-	-	-	přizeleň	přizeleňme	přizeleňte	-	přizeleněn	-	-	-
přizemnit	-	-	-	-	-	-	přizemni	přizemněme	přizemněte	-	přizemněn	-	-	-
přizměnit	-	-	-	-	-	-	přizměň	přizměňme	přizměňte	-	přizměněn	-	-	-
přizrušit	-	-	-	-	-	-	-	-	-	-	-	přizruše	-	-
přizvat	přizvu	přizveš	přizve	přizveme	přizvete	přizvou	přizvi	-	přizvěte	-	-	-	-
přizvonit	-	-	-	-	-	-	přizvoň	přizvoňme	přizvoňte	-	přizvoněn	-	-	-
přizvánět	-	-	-	-	-	-	přizváněj	přizvánějme	přizvánějte	-	přizváněn	přizváněje	přizvánějíc	-
přičernit	-	-	-	-	-	-	přičerň	přičerňme	přičerňte	-	přičerněn	-	-	-
přičinit	-	-	-	-	-	-	přičiň	přičiňme	přičiňte	-	přičiněn	-	-	-
přičlenit	-	-	-	-	-	-	přičleň	přičleňme	přičleňte	-	přičleněn	-	-	-
přičmoudit	-	-	-	-	-	-	přičmoudi	přičmouděme	přičmouděte	-	přičmouděn	-	-	-
přičmudit	-	-	-	-	-	-	přičmuď	přičmuďme	přičmuďte	-	přičmuděn	-	-	-
přičoudit	-	-	-	-	-	-	přičoudi	přičouděme	přičouděte	-	přičouděn	-	-	-
přičíst	přičtu	přičteš	přičte	přičteme	přičtete	přičtou	přičti	přičtěme	přičtěte	přičetl	přičten	-	-	přičetla
přiřadit	-	-	-	-	-	-	přiřaď	přiřaďme	přiřaďte	-	přiřaděn	-	-
přiředit	-	-	-	-	-	-	přiřeď	přiřeďme	přiřeďte	-	přiředěn	-	-	-
přiřítit	-	-	-	-	-	-	přiřiť	přiřiťme	přiřiťte	-	přiřícen	-	-	-
přišinout	-	-	-	-	-	-	přišiň	přišiňme	přišiňte	-	-	-	-	-
přiškolit	-	-	-	-	-	-	-	-	-	-	-	přiškole	-	-
přiškrtit	-	-	-	-	-	-	přiškrť	přiškrťme	přiškrťte	-	přiškrcen	-	-	-
přiškvařit	-	-	-	-	-	-	-	-	-	-	-	přiškvaře	-	-
přiškvířit	-	-	-	-	-	-	-	-	-	-	-	přiškvíře	-	-
přišlechtit	-	-	-	-	-	-	přišlechti	přišlechtěme	přišlechtěte	-	přišlechtěn	-	-	-
přišmrdolit	-	-	-	-	-	-	-	-	-	-	-	přišmrdole	-	-
přišpejlit	-	-	-	-	-	-	přišpejli	přišpejleme	přišpejlete	-	-	-	-	-
přišpendlit	-	-	-	-	-	-	přišpendli	přišpendleme	přišpendlete	-	-	-	-	-
přišpičatit	-	-	-	-	-	-	přišpičať	přišpičaťme	přišpičaťte	-	přišpičacen	-	-	-
přišrotit	-	-	-	-	-	-	přišroť	přišroťme	přišroťte	-	přišrocen	-	-	-
přišumět	-	-	-	-	-	-	přišum	přišumme	přišumte	-	přišuměn	-	-	-
přišupajdit	-	-	-	-	-	-	přišupajdi	přišupajděme	přišupajděte	-	přišupajděn	-	-	-
přišít	přišiji	přišiješ	přišije	přišijeme	přišijete	přišijou	přišij	přišijme	přišijte	přišil	přišit	-	-	přišila
přiženit	-	-	-	-	-	-	přižeň	přižeňme	přižeňte	-	přiženěn	-	-	-
přát	přeji	přeješ	přeje	přejeme	přejete	přejou	přej	přejme	přejte	-	přán	přeje	přejíc	-
přátelit	-	-	-	-	-	-	-	-	-	-	-	přátele	-
přímit	-	-	-	-	-	-	přími	příměme	příměte	-	-	-	-	-
přímospustit	-	-	-	-	-	-	přímospusť	přímospusťme	přímospusťte	-	přímospuštěn	-	-	-
přísedět	-	-	-	-	-	přísedí	příseď	příseďme	příseďte	-	příseděn	přísedě	přísedíc	-
příslušet	-	-	-	-	-	příslušejí	-	-	-	-	-	přísluše	příslušejíc	-
přísnět	-	-	-	-	-	-	přísněj	přísnějme	přísnějte	-	přísněn	přísněje	přísnějíc	-
příst	předu	předeš	přede	předeme	předete	předou	přeď	přeďme	přeďte	předl	předen	předa	předouc
přít	přu	přeš	pře	přeme	přete	přou	při	přeme	přete	přel	přen	pra	prouc	-
příčit	-	-	-	-	-	-	přič	přičme	přičte	-	-	příče	-	-
příštipkařit	-	-	-	-	-	-	-	-	-	-	-	příštipkaře	-	-
příživničit	-	-	-	-	-	-	-	-	-	-	-	příživniče	-	-
půjčit	-	-	-	-	-	-	-	-	-	-	-	půjče	-	-
půlit	-	-	-	-	-	-	pul	pulme	pulte	-	-	půle	-
rachotit	-	-	-	-	-	-	rachoť	rachoťme	rachoťte	-	rachocen	-	-
radit	-	-	-	-	-	-	raď	raďme	raďte	-	raděn	-	-
rafičit	-	-	-	-	-	-	-	-	-	-	-	rafiče	-	-
randit	-	-	-	-	-	-	randi	randěme	randěte	-	randěn	-	-	-
ranit	-	-	-	-	-	-	raň	raňme	raňte	-	raněn	-	-
rathovatět	-	-	-	-	-	-	rathovatěj	rathovatějme	rathovatějte	-	rathovatěn	rathovatěje	rathovatějíc	-
razit	-	-	-	-	-	-	-	-	-	-	ražen	raze	-
rašit	-	-	-	-	-	-	-	-	-	-	-	raše	-	-
rdousit	-	-	-	-	-	-	rdousi	rdouseme	rdousete	-	rdoušen	rdouse	-
rdít	rdím	rdíš	rdí	rdíme	rdíte	rdí	rdi	rděme	rděte	rděl	rděn	rdě	rdíc	-
rejdit	-	-	-	-	-	-	rejdi	rejděme	rejděte	-	rejděn	-	-	-
repetit	-	-	-	-	-	-	repeť	repeťme	repeťte	-	-	-	-	-
revolucionařit	-	-	-	-	-	-	-	-	-	-	-	revolucionaře	-	-
rezatět	-	-	-	-	-	rezatí	-	-	-	-	rezatěn	rezatě	rezatíc	-
rezavět	-	-	-	-	-	-	rezavěj	rezavějme	rezavějte	-	rezavěn	rezavěje	rezavějíc	-
rezivět	-	-	-	-	-	-	rezivěj	rezivějme	rezivějte	-	rezivěn	rezivěje	rezivějíc	-
rezovatět	-	-	-	-	-	-	rezovatěj	rezovatějme	rezovatějte	-	rezovatěn	rezovatěje	rezovatějíc	-
rmoutit	-	-	-	-	-	-	rmuť	rmuťme	rmuťte	-	rmoucen	-	-
rochnit	-	-	-	-	-	-	rochni	rochněme	rochněte	-	rochněn	-	-	-
rochňat	-	-	-	-	-	-	rochněj	rochnějme	rochnějte	-	-	-	-	-
rodinkařit	-	-	-	-	-	-	-	-	-	-	-	rodinkaře	-	-
rodit	-	-	-	-	-	-	roď	roďme	roďte	-	rozen	-	-
rohovatět	-	-	-	-	-	rohovatí	-	-	-	-	rohovatěn	rohovatě	rohovatíc	-
rohovět	-	-	-	-	-	-	rohověj	rohovějme	rohovějte	-	rohověn	rohověje	rohovějíc	-
rojit	-	-	-	-	-	-	-	-	-	-	-	roje	-
rolničit	-	-	-	-	-	-	-	-	-	-	-	rolniče	-	-
ronit	-	-	-	-	-	-	roň	roňme	roňte	-	roněn	-	-	-
rosit	-	-	-	-	-	-	-	-	-	-	-	rose	-
rosolovatět	-	-	-	-	-	rosolovatí	rosolovať	rosolovaťme	rosolovaťte	-	rosolovatěn	rosolovatě	rosolovatíc	-
roubit	-	-	-	-	-	-	roubi	rouběme	rouběte	-	-	-	-	-
rozbahnit	-	-	-	-	-	-	rozbahni	rozbahněme	rozbahněte	-	rozbahněn	-	-	-
rozbalit	-	-	-	-	-	-	-	-	-	-	-	rozbale	-	-
rozbečet	-	-	-	-	-	rozbečí	rozbeč	rozbečme	rozbečte	-	-	-	-	-
rozblátit	-	-	-	-	-	-	rozblať	rozblaťme	rozblaťte	-	rozblácen	-	-	-
rozbláznit	-	-	-	-	-	rozbláznějí	rozblázni	rozblázněme	rozblázněte	-	rozblázněn	-	-	-
rozbolavět	-	-	-	-	-	-	rozbolavěj	rozbolavějme	rozbolavějte	-	rozbolavěn	rozbolavěje	rozbolavějíc	-
rozbolestnit	-	-	-	-	-	-	rozbolestni	rozbolestněme	rozbolestněte	-	rozbolestněn	-	-	-
rozbolet	-	-	-	-	-	rozbolí	rozbol	rozbolme	rozbolte	-	-	-	-
rozbouřit	-	-	-	-	-	-	rozbouři	rozbouřeme	rozbouřete	-	-	-	-	-
rozbočit	-	-	-	-	-	-	-	-	-	-	-	rozboče	-	-
rozbořit	-	-	-	-	-	-	-	-	-	-	-	rozboře	-	-
rozbrebentit	-	-	-	-	-	-	rozbrebenti	rozbrebentěme	rozbrebentěte	-	rozbrebentěn	-	-	-
rozbrečet	-	-	-	-	-	rozbrečí	rozbreč	rozbrečme	rozbrečte	-	-	-	-	-
rozbrnět	-	-	-	-	-	rozbrní	rozbrň	rozbrňme	rozbrňte	-	rozbrněn	-	-	-
rozbruslit	-	-	-	-	-	-	rozbrusli	rozbrusleme	rozbruslete	-	-	-	-	-
rozbručet	-	-	-	-	-	rozbručí	rozbruč	rozbručme	rozbručte	-	-	-	-	-
rozbrázdit	-	-	-	-	-	-	rozbrázdi	rozbrázděme	rozbrázděte	-	rozbrázděn	-	-	-
rozbujet	-	-	-	-	-	rozbují	rozbuj	rozbujme	rozbujte	-	-	-	-	-
rozbujnět	-	-	-	-	-	rozbujní	rozbujni	rozbujněme	rozbujněte	-	rozbujněn	-	-	-
rozburácet	-	-	-	-	-	rozburácejí	rozburácej	rozburácejme	rozburácejte	-	-	rozburáceje	rozburácejíc	-
rozbučet	-	-	-	-	-	rozbučí	rozbuč	rozbučme	rozbučte	-	-	-	-	-
rozbušit	-	-	-	-	-	-	-	-	-	-	-	rozbuše	-	-
rozbydlet	-	-	-	-	-	rozbydlí	rozbydli	rozbydleme	rozbydlete	-	-	-	-	-
rozbzučet	-	-	-	-	-	rozbzučí	rozbzuč	rozbzučme	rozbzučte	-	-	-	-	-
rozbásnit	-	-	-	-	-	-	-	-	-	-	rozbásněn	-	-	-
rozbíjet	-	-	-	-	-	rozbíjejí	rozbíjej	rozbíjejme	rozbíjejte	-	-	rozbíjeje	rozbíjejíc	-
rozbít	rozbiji	rozbiješ	rozbije	rozbijeme	rozbijete	rozbijou	rozbij	rozbijme	rozbijte	rozbil	rozbit	-	-
rozběsnit	-	-	-	-	-	-	rozběsni	rozběsněme	rozběsněte	-	rozběsněn	-	-
rozchlípit	-	-	-	-	-	-	rozchlip	rozchlipme	rozchlipte	-	-	-	-	-
rozchodit	-	-	-	-	-	-	rozchoď	rozchoďme	rozchoďte	-	rozchozen	-	-	-
rozchvátit	-	-	-	-	-	-	rozchváť	rozchváťme	rozchváťte	-	rozchvácen	-	-	-
rozcházet	-	-	-	-	-	rozcházejí	rozcházej	rozcházejme	rozcházejte	-	-	rozcházeje	rozcházejíc
rozchřestit	-	-	-	-	-	-	-	-	-	-	rozchřestěn	-	-	-
rozcitlivět	-	-	-	-	-	-	rozcitlivěj	rozcitlivějme	rozcitlivějte	-	rozcitlivěn	rozcitlivěje	rozcitlivějíc	-
rozcvičit	-	-	-	-	-	-	-	-	-	-	-	rozcviče	-	-
rozdivočet	-	-	-	-	-	rozdivočí	rozdivoč	rozdivočme	rozdivočte	-	-	-	-	-
rozdovádět	-	-	-	-	-	-	rozdováděj	rozdovádějme	rozdovádějte	-	rozdováděn	rozdováděje	rozdovádějíc	-
rozdrnčet	-	-	-	-	-	rozdrnčí	rozdrnči	rozdrnčeme	rozdrnčete	-	-	-	-	-
rozdrolit	-	-	-	-	-	-	-	-	-	-	-	rozdrole	-	-
rozdrtit	-	-	-	-	-	-	rozdrť	rozdrťme	rozdrťte	-	rozdrcen	-	-
rozdružit	-	-	-	-	-	-	-	-	-	-	-	rozdruže	-	-
rozdráždit	-	-	-	-	-	-	rozdráždi	rozdrážděme	rozdrážděte	-	rozdrážděn	-	-	-
rozdunět	-	-	-	-	-	rozduní	rozduň	rozduňme	rozduňte	-	rozduněn	-	-	-
rozdurdit	-	-	-	-	-	-	rozdurdi	rozdurděme	rozdurděte	-	rozdurděn	-	-	-
rozdvojit	-	-	-	-	-	-	-	-	-	-	-	rozdvoje	-	-
rozdychtit	-	-	-	-	-	-	rozdychti	rozdychtěme	rozdychtěte	-	rozdychtěn	-	-	-
rozdílet	-	-	-	-	-	rozdílejí	rozdílej	rozdílejme	rozdílejte	-	-	rozdíleje	rozdílejíc	-
rozdělit	-	-	-	-	-	-	-	-	-	-	-	rozděle	-	-
rozechvět	rozechvěji	rozechvěješ	-	rozechvějeme	rozechvějete	-	rozechvěj	rozechvějme	rozechvějte	-	rozechvěn	-	-	-
rozecpat	rozecpu	rozecpeš	rozecpe	rozecpeme	rozecpete	rozecpou	rozecpi	rozecpěme	rozecpěte	-	-	-	-	-
rozedmout	rozedmu	rozedmeš	rozedme	rozedmeme	rozedmete	rozedmou	rozedmi	rozedměme	rozedměte	rozedmul	rozedmut	-	-	rozedmula
rozednít	rozedním	rozedníš	rozední	rozedníme	rozedníte	rozední	rozedni	rozedněme	rozedněte	rozednil	rozedněn	-	-
rozedrat	rozederu	rozedereš	rozedere	rozedereme	rozederete	rozederou	rozeder	rozederme	rozederte	-	-	-	-
rozedřít	rozedřu	rozedřeš	rozedře	rozedřeme	rozedřete	rozedřou	rozedři	rozedřeme	rozedřete	rozedřel	rozedřen	-	-	rozedřela
rozehnat	rozeženu	rozeženeš	rozežene	rozeženeme	rozeženete	rozeženou	rozežeň	rozežeňme	rozežeňte	-	-	-	-
rozehnout	-	-	-	-	-	-	-	-	-	rozehnul	-	-	-	rozehnula
rozehrát	rozehraji	rozehraješ	rozehraje	rozehrajeme	rozehrajete	rozehrajou	rozehraj	rozehrajme	rozehrajte	-	rozehrán	-	-	-
rozehřmět	-	-	-	-	-	rozehřmí	rozehřmi	rozehřměme	rozehřměte	-	rozehřměn	-	-	-
rozehřát	rozehřeji	rozehřeješ	rozehřeje	rozehřejeme	rozehřejete	rozehřejí	rozehřej	rozehřejme	rozehřejte	-	rozehřát	-	-
rozejet	rozejedu	rozejedeš	rozejede	rozejedeme	rozejedete	rozejedou	rozejeď	rozejeďme	rozejeďte	-	rozejet	-	-	-
rozejít	rozejdu	rozejdeš	rozejde	rozejdeme	rozejdete	rozejdou	rozejdi	rozejděme	rozejděte	rozešel	-	-	-	rozešla
rozeklát	rozeklanu	rozeklaneš	rozeklane	rozeklaneme	rozeklanete	rozeklanou	rozeklaň	rozeklaňme	rozeklaňte	-	rozeklán	-	-	-
rozemlít	rozemelu	rozemeleš	rozemele	rozemeleme	rozemelete	rozemelou	rozemel	rozemelme	rozemelte	rozemlel	rozemlet	-	-
rozemnout	-	-	-	-	-	-	-	-	-	rozemnul	-	-	-	rozemnula
rozepsat	rozepíši	rozepíšeš	rozepíše	rozepíšeme	rozepíšete	rozepíšou	rozepiš	rozepišme	rozepište	-	-	-	-
rozepřít	rozepřu	rozepřeš	rozepře	rozepřeme	rozepřete	rozepřou	rozepři	rozepřeme	rozepřete	rozepřel	rozepřen	-	-	rozepřela
rozervat	rozervu	rozerveš	rozerve	rozerveme	rozervete	rozervou	rozervi	rozervěme	rozervěte	-	-	-	-	-
rozesadit	-	-	-	-	-	-	rozesaď	rozesaďme	rozesaďte	-	rozesazen	-	-	-
rozeskákat	rozeskáči	rozeskáčeš	rozeskáče	rozeskáčeme	rozeskáčete	rozeskáčou	-	-	-	-	-	-	-	-
rozeslat	rozešlu	rozešleš	rozešle	rozešleme	rozešlete	rozešlou	rozešli	rozešleme	rozešlete	-	-	-	-	-
rozesmutnit	-	-	-	-	-	-	rozesmutni	rozesmutněme	rozesmutněte	-	rozesmutněn	-	-	-
rozesmát	rozesměji	rozesměješ	rozesměje	rozesmějeme	rozesmějete	rozesmějou	rozesměj	rozesmějme	rozesmějte	-	rozesmán	-	-	-
rozesnít	rozesním	rozesníš	rozesní	rozesníme	rozesníte	rozesní	rozesni	rozesněme	rozesněte	rozesnil	rozesněn	-	-	rozesnila
rozespat	rozespím	rozespíš	rozespí	rozespíme	rozespíte	rozespí	rozespi	rozespěme	rozespěte	-	-	-	-	-
rozesrat	rozeseru	rozesereš	rozesere	rozesereme	rozeserete	rozeserou	rozeser	rozeserme	rozeserte	-	-	-	-
rozestavět	-	-	-	-	-	-	rozestav	rozestavme	rozestavte	-	rozestavěn	-	-	-
rozestlat	rozestelu	rozesteleš	rozestele	rozesteleme	rozestelete	rozestelou	rozestel	rozestelme	rozestelte	-	-	-	-
rozestoupit	-	-	-	-	-	-	rozestup	rozestupme	rozestupte	-	-	-	-
rozestřílet	-	-	-	-	-	rozestřílejí	rozestřílej	rozestřílejme	rozestřílejte	-	-	rozestříleje	rozestřílejíc	-
rozestřít	rozestřu	rozestřeš	rozestře	rozestřeme	rozestřete	rozestřou	rozestři	rozestřeme	rozestřete	rozestřel	rozestřen	-	-	rozestřela
rozesít	rozeseji	rozeseješ	rozeseje	rozesejeme	rozesejete	rozesejou	rozesej	rozesejme	rozesejte	rozesel	rozeset	-	-	rozesela
rozetřít	rozetřu	rozetřeš	rozetře	rozetřeme	rozetřete	rozetřou	rozetři	rozetřeme	rozetřete	rozetřel	rozetřen	-	-
rozevlát	rozevlaji	rozevlaješ	rozevlaje	rozevlajeme	rozevlajete	rozevlajou	rozevlaj	rozevlajme	rozevlajte	-	rozevlát	-	-	-
rozevřít	rozevru	rozevreš	rozevre	rozevreme	rozevrete	rozevrou	rozevři	rozevřeme	rozevřete	rozevřel	rozevřen	-	-	rozevřela
rozezkoušet	-	-	-	-	-	rozezkoušejí	rozezkoušej	rozezkoušejme	rozezkoušejte	-	-	rozezkoušeje	rozezkoušejíc	-
rozezlít	rozezlím	rozezlíš	rozezlí	rozezlíme	rozezlíte	rozezlí	rozezli	rozezleme	rozezlete	rozezlil	rozezlen	-	-	rozezlila
rozeznít	rozezním	rozezníš	rozezní	rozezníme	rozezníte	rozezní	rozezni	rozezněme	rozezněte	rozeznil	rozezněn	-	-	rozeznila
rozezvonit	-	-	-	-	-	-	rozezvoň	rozezvoňme	rozezvoňte	-	rozezvoněn	-	-	-
rozezvučet	-	-	-	-	-	rozezvučí	rozezvuč	rozezvučme	rozezvučte	-	-	-	-	-
rozečíst	rozečtu	rozečteš	rozečte	rozečteme	rozečtete	rozečtou	rozečti	rozečtěme	rozečtěte	rozečetl	rozečten	-	-	rozečetla
rozeřvat	rozeřvu	rozeřveš	rozeřve	rozeřveme	rozeřvete	rozeřvou	rozeřvi	rozeřvěme	rozeřvěte	-	-	-	-	-
rozeštvat	rozeštvu	rozeštveš	rozeštve	rozeštveme	rozeštvete	rozeštvou	rozeštvi	rozeštvěme	rozeštvěte	-	-	-	-	-
rozešít	rozešiji	rozešiješ	rozešije	rozešijeme	rozešijete	rozešijou	rozešij	rozešijme	rozešijte	rozešil	rozešit	-	-	rozešila
rozežrat	rozežeru	rozežereš	rozežere	rozežereme	rozežerete	rozežerou	rozežer	rozežerme	rozežerte	-	-	-	-
rozežvanit	-	-	-	-	-	-	rozežvaň	rozežvaňme	rozežvaňte	-	rozežvaněn	-	-	-
rozfunět	-	-	-	-	-	rozfuní	rozfuň	rozfuňme	rozfuňte	-	rozfuněn	-	-	-
rozhalit	-	-	-	-	-	-	-	-	-	-	-	rozhale	-	-
rozhasit	-	-	-	-	-	-	-	-	-	-	rozhašen	-	-	-
rozhašteřit	-	-	-	-	-	-	-	-	-	-	-	rozhašteře	-	-
rozhihňat	-	-	-	-	-	-	rozhihněj	rozhihnějme	rozhihnějte	-	-	-	-	-
rozhlaholit	-	-	-	-	-	-	-	-	-	-	-	rozhlahole	-	-
rozhlučet	-	-	-	-	-	rozhlučejí	rozhlučej	rozhlučejme	rozhlučejte	-	-	rozhlučeje	rozhlučejíc	-
rozhlásit	-	-	-	-	-	-	rozhlas	rozhlasme	rozhlaste	-	rozhlášen	-	-
rozhlížet	-	-	-	-	-	rozhlížejí	rozhlížej	rozhlížejme	rozhlížejte	-	-	rozhlížeje	rozhlížejíc	-
rozhodit	-	-	-	-	-	-	rozhoď	rozhoďme	rozhoďte	-	rozhozen	-	-	-
rozhojnit	-	-	-	-	-	-	rozhojni	rozhojněme	rozhojněte	-	rozhojněn	-	-	-
rozhorlit	-	-	-	-	-	-	rozhorli	rozhorleme	rozhorlete	-	-	-	-	-
rozhostit	-	-	-	-	-	-	rozhosti	rozhostěme	rozhostěte	-	rozhoštěn	-	-	-
rozhovořit	-	-	-	-	-	-	-	-	-	-	-	rozhovoře	-	-
rozhořet	-	-	-	-	-	rozhoří	rozhoř	rozhořme	rozhořte	-	-	-	-
rozhořčit	-	-	-	-	-	-	-	-	-	-	-	rozhořče	-	-
rozhrabat	rozhrabu	rozhrabeš	rozhrabe	rozhrabeme	rozhrabete	rozhrabou	-	-	-	-	-	-	-	-
rozhraničit	-	-	-	-	-	-	-	-	-	-	-	rozhraniče	-	-
rozhrnout	-	-	-	-	-	-	rozhrň	rozhrňme	rozhrňte	rozhrnul	-	-	-	rozhrnula
rozhučet	-	-	-	-	-	rozhučí	rozhuč	rozhučme	rozhučte	-	-	-	-	-
rozhánět	-	-	-	-	-	-	rozháněj	rozhánějme	rozhánějte	-	rozháněn	rozháněje	rozhánějíc	-
rozházet	-	-	-	-	-	rozhážou	-	-	-	-	-	-	-
rozhýřit	-	-	-	-	-	-	rozhyř	rozhyřme	rozhyřte	-	-	-	-	-
rozhřešit	-	-	-	-	-	-	-	-	-	-	-	rozhřeše	-	-
rozhřát	rozhřeji	rozhřeješ	rozhřeje	rozhřejeme	rozhřejete	rozhřejou	rozhřej	rozhřejme	rozhřejte	-	rozhřát	-	-	-
rozinkovatět	-	-	-	-	-	-	rozinkovatěj	rozinkovatějme	rozinkovatějte	-	rozinkovatěn	rozinkovatěje	rozinkovatějíc	-
rozjasnit	-	-	-	-	-	-	rozjasni	rozjasněme	rozjasněte	-	rozjasněn	-	-	-
rozjařit	-	-	-	-	-	-	-	-	-	-	-	rozjaře	-	-
rozjet	rozjedu	rozjedeš	rozjede	rozjedeme	rozjedete	rozjedou	rozjeď	rozjeďme	rozjeďte	-	rozjet	-	-	-
rozjezdit	-	-	-	-	-	-	rozjezdi	rozjezděme	rozjezděte	-	rozjezděn	-	-	-
rozječet	-	-	-	-	-	rozječí	rozječ	rozječme	rozječte	-	-	-	-	-
rozježit	-	-	-	-	-	-	-	-	-	-	-	rozježe	-	-
rozjitřit	-	-	-	-	-	-	rozjitři	rozjitřeme	rozjitřete	-	-	-	-	-
rozjizvit	-	-	-	-	-	-	rozjizvi	rozjizvěme	rozjizvěte	-	-	-	-	-
rozjíst	rozjím	rozjíš	rozjí	rozjíme	rozjíte	rozjedí	rozjez	rozjezme	rozjezte	rozjedl	rozjeden	-	-	rozjedla
rozjíždět	-	-	-	-	-	-	rozjížděj	rozjíždějme	rozjíždějte	-	rozjížděn	rozjížděje	rozjíždějíc	-
rozkamarádit	-	-	-	-	-	-	-	-	-	-	rozkamaráděn	-	-	-
rozkatit	-	-	-	-	-	-	rozkať	rozkaťme	rozkaťte	-	rozkacen	-	-	-
rozkašlat	rozkašlu	rozkašleš	rozkašle	rozkašleme	rozkašlete	rozkašlou	-	-	-	-	-	-	-	-
rozklenout	-	-	-	-	-	-	rozkleň	rozkleňme	rozkleňte	-	-	-	-	-
rozkloubit	-	-	-	-	-	-	rozkloubi	rozklouběme	rozklouběte	-	-	-	-	-
rozklovat	rozklovu	rozkloveš	rozklove	rozkloveme	rozklovete	rozklovají	rozklovej	rozklovejme	rozklovejte	-	rozklován	rozklovaje	rozklovajíc	-
rozklápět	-	-	-	-	-	-	rozklápěj	rozklápějme	rozklápějte	-	rozklápěn	rozklápěje	rozklápějíc	-
rozklátit	-	-	-	-	-	-	rozklať	rozklaťme	rozklaťte	-	rozklácen	-	-	-
rozklížit	-	-	-	-	-	-	rozkliž	rozkližme	rozkližte	-	-	-	-
rozkmotřit	-	-	-	-	-	-	rozkmotři	rozkmotřeme	rozkmotřete	-	-	-	-	-
rozkohoutit	-	-	-	-	-	-	rozkohouti	rozkohoutěme	rozkohoutěte	-	rozkohoutěn	-	-	-
rozkoulet	-	-	-	-	-	rozkoulejí	rozkoulej	rozkoulejme	rozkoulejte	-	-	rozkouleje	rozkoulejíc	-
rozkošatit	-	-	-	-	-	-	rozkošať	rozkošaťme	rozkošaťte	-	rozkošacen	-	-	-
rozkošatět	-	-	-	-	-	rozkošatí	rozkošať	rozkošaťme	rozkošaťte	-	rozkošatěn	-	-	-
rozkramařit	-	-	-	-	-	-	-	-	-	-	-	rozkramaře	-	-
rozkreslit	-	-	-	-	-	-	rozkresli	rozkresleme	rozkreslete	-	-	-	-	-
rozkrojit	-	-	-	-	-	-	-	-	-	-	-	rozkroje	-	-
rozkroutit	-	-	-	-	-	-	rozkruť	rozkruťme	rozkruťte	-	rozkroucen	-	-	-
rozkročit	-	-	-	-	-	-	-	-	-	-	-	rozkroče	-	-
rozkrvácet	-	-	-	-	-	rozkrvácejí	rozkrvácej	rozkrvácejme	rozkrvácejte	-	-	rozkrváceje	rozkrvácejíc	-
rozkrájet	-	-	-	-	-	rozkrájejí	rozkrájej	rozkrájejme	rozkrájejte	-	-	rozkrájeje	rozkrájejíc	-
rozkrást	rozkradu	rozkradeš	rozkrade	rozkrademe	rozkradete	rozkradou	rozkraď	rozkraďme	rozkraďte	rozkradl	rozkraden	-	-	rozkradla
rozkrýt	rozkryji	rozkryješ	rozkryje	rozkryjeme	rozkryjete	rozkryjou	rozkryj	rozkryjme	rozkryjte	rozkryl	rozkryt	-	-	rozkryla
rozkulačit	-	-	-	-	-	-	-	-	-	-	-	rozkulače	-	-
rozkurážit	-	-	-	-	-	-	rozkuraž	rozkuražme	rozkuražte	-	-	-	-	-
rozkutálet	-	-	-	-	-	rozkutálejí	rozkutálej	rozkutálejme	rozkutálejte	-	-	rozkutáleje	rozkutálejíc	-
rozkvasit	-	-	-	-	-	-	-	-	-	-	rozkvašen	-	-	-
rozkvést	rozkvetu	rozkveteš	rozkvete	rozkveteme	rozkvetete	rozkvetou	rozkveť	rozkveťme	rozkveťte	rozkvetl	-	-	-	rozkvetla
rozkvílet	-	-	-	-	-	rozkvílejí	rozkvílej	rozkvílejme	rozkvílejte	-	-	rozkvíleje	rozkvílejíc	-
rozkymácet	-	-	-	-	-	rozkymácejí	rozkymácej	rozkymácejme	rozkymácejte	-	-	rozkymáceje	rozkymácejíc	-
rozkynout	-	-	-	-	-	-	rozkyň	rozkyňme	rozkyňte	-	-	-	-	-
rozkypět	-	-	-	-	-	rozkypí	rozkyp	rozkypme	rozkypte	-	rozkypěn	-	-	-
rozkázat	rozkážu	rozkážeš	rozkáže	rozkážeme	rozkážete	rozkážou	rozkaž	rozkažme	rozkažte	-	-	-	-
rozkřičet	-	-	-	-	-	rozkřičí	rozkřič	rozkřičme	rozkřičte	-	-	-	-	-
rozkřídlit	-	-	-	-	-	-	rozkřídli	rozkřídleme	rozkřídlete	-	-	-	-	-
rozladit	-	-	-	-	-	-	rozlaď	rozlaďme	rozlaďte	-	rozladěn	-	-	-
rozledět	-	-	-	-	-	rozledí	rozleď	rozleďme	rozleďte	-	rozleděn	-	-	-
rozletnit	-	-	-	-	-	-	rozletni	rozletněme	rozletněte	-	rozletněn	-	-	-
rozletět	-	-	-	-	-	rozletí	rozleť	rozleťme	rozleťte	-	rozletěn	-	-	-
rozleštit	-	-	-	-	-	-	-	-	-	-	rozleštěn	-	-	-
rozležet	-	-	-	-	-	rozleží	rozlež	rozležme	rozležte	-	-	-	-	-
rozlinout	-	-	-	-	-	-	rozliň	rozliňme	rozliňte	-	-	-	-	-
rozlišit	-	-	-	-	-	-	-	-	-	-	-	rozliše	-	-
rozloučit	-	-	-	-	-	-	rozluč	rozlučme	rozlučte	-	-	-	-
rozložit	-	-	-	-	-	-	-	-	-	-	-	rozlože	-	-
rozluštit	-	-	-	-	-	-	rozlušti	rozluštěme	rozluštěte	-	rozluštěn	-	-
rozlámat	rozlámu	rozlámeš	rozláme	rozlámeme	rozlámete	rozlámou	-	-	-	-	-	-	-	-
rozlézt	rozlezu	rozlezeš	rozleze	rozlezeme	rozlezete	rozlezou	rozlez	rozlezme	rozlezte	rozlezl	rozlezen	-	-	rozlezla
rozlít	rozleji	rozleješ	rozleje	rozlejeme	rozlejete	rozlejou	rozlej	rozlejme	rozlejte	rozlil	rozlit	-	-
rozlítit	-	-	-	-	-	-	rozlíti	rozlítěme	rozlítěte	-	rozlícen	-	-	-
rozlítostnit	-	-	-	-	-	-	rozlítostni	rozlítostněme	rozlítostněte	-	rozlítostněn	-	-	-
rozmarodit	-	-	-	-	-	-	rozmaroď	rozmaroďme	rozmaroďte	-	rozmaroděn	-	-	-
rozmazlit	-	-	-	-	-	-	rozmazli	rozmazleme	rozmazlete	-	-	-	-
rozmejšlet	-	-	-	-	-	rozmejšlejí	rozmejšlej	rozmejšlejme	rozmejšlejte	-	-	rozmejšleje	rozmejšlejíc	-
rozmlátit	-	-	-	-	-	-	rozmlať	rozmlaťme	rozmlaťte	-	rozmlácen	-	-	-
rozmlžit	-	-	-	-	-	-	-	-	-	-	-	rozmlže	-	-
rozmnožit	-	-	-	-	-	-	-	-	-	-	-	rozmnože	-	-
rozmoci	rozmohu	rozmůžeš	rozmůže	rozmůžeme	rozmůžete	rozmohou	rozmoz	rozmozme	rozmozte	rozmohl	rozmožen	-	-	rozmohla
rozmočit	-	-	-	-	-	-	-	-	-	-	-	rozmoče	-	-
rozmrazit	-	-	-	-	-	-	-	-	-	-	-	rozmraze	-	-
rozmrzet	-	-	-	-	-	rozmrzí	rozmrz	rozmrzme	rozmrzte	-	-	-	-	-
rozmydlit	-	-	-	-	-	-	rozmydli	rozmydleme	rozmydlete	-	-	-	-	-
rozmyslit	-	-	-	-	-	-	rozmysli	rozmysleme	rozmyslete	-	rozmyšlen	-	-	-
rozmáčet	-	-	-	-	-	rozmáčejí	rozmáčej	rozmáčejme	rozmáčejte	-	-	rozmáčeje	rozmáčejíc	-
rozmést	rozmetu	rozmeteš	rozmete	rozmeteme	rozmetete	rozmetou	rozmeť	rozmeťme	rozmeťte	rozmetl	rozmeten	-	-	rozmetla
rozmísit	-	-	-	-	-	-	rozmis	rozmisme	rozmiste	-	-	-	-	-
rozmístit	-	-	-	-	-	-	rozmísti	rozmístěme	rozmístěte	-	rozmístěn	-	-
rozmýt	rozmyji	rozmyješ	rozmyje	rozmejeme	rozmyjete	rozmyjou	-	-	-	rozmyl	rozmyt	-	-	rozmyla
rozmýšlet	-	-	-	-	-	rozmýšlejí	rozmýšlej	rozmýšlejme	rozmýšlejte	-	-	rozmýšleje	rozmýšlejíc	-
rozměkčit	-	-	-	-	-	-	rozměkči	rozměkčeme	rozměkčete	-	-	-	-	-
rozmělnit	-	-	-	-	-	-	rozmělni	rozmělněme	rozmělněte	-	rozmělněn	-	-
rozměnit	-	-	-	-	-	-	rozměň	rozměňme	rozměňte	-	rozměněn	-	-
rozměřit	-	-	-	-	-	-	-	-	-	-	-	rozměře	-	-
roznemoci	roznemohu	roznemůžeš	roznemůže	roznemůžeme	roznemůžete	roznemohou	-	-	-	roznemohl	roznemožen	-	-	roznemohla
roznosit	-	-	-	-	-	-	-	-	-	-	roznošen	-	-	-
roznožit	-	-	-	-	-	-	-	-	-	-	-	roznože	-	-
roznášet	-	-	-	-	-	roznášejí	roznášej	roznášejme	roznášejte	-	-	roznášeje	roznášejíc	-
roznést	roznesu	rozneseš	roznese	rozneseme	roznesete	roznesou	roznes	roznesme	rozneste	roznesl	roznesen	-	-	roznesla
roznítit	-	-	-	-	-	-	rozniť	rozniťme	rozniťte	-	roznícen	-	-
rozněžnit	-	-	-	-	-	-	rozněžni	rozněžněme	rozněžněte	-	rozněžněn	-	-	-
rozněžnět	-	-	-	-	-	-	rozněžněj	rozněžnějme	rozněžnějte	-	rozněžněn	rozněžněje	rozněžnějíc	-
rozohnit	-	-	-	-	-	-	rozohni	rozohněme	rozohněte	-	rozohněn	-	-	-
rozostřit	-	-	-	-	-	-	rozostři	rozostřeme	rozostřete	-	-	-	-	-
rozparádit	-	-	-	-	-	-	rozparádi	rozparáděme	rozparáděte	-	rozparáděn	-	-	-
rozpařit	-	-	-	-	-	-	-	-	-	-	-	rozpaře	-	-
rozpažit	-	-	-	-	-	-	-	-	-	-	-	rozpaže	-	-
rozpečetit	-	-	-	-	-	-	rozpečeť	rozpečeťme	rozpečeťte	-	rozpečetěn	-	-	-
rozpištět	-	-	-	-	-	-	rozpištěj	rozpištějme	rozpištějte	-	rozpištěn	rozpištěje	rozpištějíc	-
rozplakat	rozpláču	rozpláčeš	rozpláče	rozpláčeme	rozpláčete	rozpláčou	-	-	-	-	-	-	-
rozplamenit	-	-	-	-	-	-	rozplameň	rozplameňme	rozplameňte	-	rozplameněn	-	-	-
rozplatit	-	-	-	-	-	-	rozplať	rozplaťme	rozplaťte	-	rozplacen	-	-	-
rozplavat	rozplavu	rozplaveš	rozplave	rozplaveme	rozplavete	rozplavou	-	-	-	-	-	-	-	-
rozplašit	-	-	-	-	-	-	-	-	-	-	-	rozplaše	-	-
rozplemenit	-	-	-	-	-	-	rozplemeň	rozplemeňme	rozplemeňte	-	rozplemeněn	-	-	-
rozplevelit	-	-	-	-	-	-	-	-	-	-	-	rozplevele	-	-
rozplnit	-	-	-	-	-	-	rozplň	rozplňme	rozplňte	-	rozplněn	-	-	-
rozplodit	-	-	-	-	-	-	rozploď	rozploďme	rozploďte	-	rozplozen	-	-	-
rozplynout	-	-	-	-	-	-	rozplyň	rozplyňme	rozplyňte	-	-	-	-	-
rozplést	rozpletu	rozpleteš	rozplete	rozpleteme	rozpletete	rozpletou	rozpleť	rozpleťme	rozpleťte	rozpletl	rozpleten	-	-
rozpodvracet	-	-	-	-	-	rozpodvracejí	rozpodvracej	rozpodvracejme	rozpodvracejte	-	-	rozpodvraceje	rozpodvracejíc	-
rozpojit	-	-	-	-	-	-	-	-	-	-	-	rozpoje	-	-
rozpoložit	-	-	-	-	-	-	-	-	-	-	-	rozpolože	-	-
rozpoltit	-	-	-	-	-	-	rozpolť	rozpolťme	rozpolťte	-	rozpolcen	-	-
rozpomenout	-	-	-	-	-	-	rozpomeň	rozpomeňme	rozpomeňte	-	-	-	-	-
rozposlat	rozpošlu	rozpošleš	rozpošle	rozpošleme	rozpošlete	rozpošlou	rozpošli	rozpošleme	rozpošlete	-	-	-	-	-
rozpotácet	-	-	-	-	-	rozpotácejí	rozpotácej	rozpotácejme	rozpotácejte	-	-	rozpotáceje	rozpotácejíc	-
rozpouštět	-	-	-	-	-	-	rozpouštěj	rozpouštějme	rozpouštějte	-	rozpouštěn	rozpouštěje	rozpouštějíc	-
rozpočíst	rozpočtu	rozpočteš	rozpočte	rozpočteme	rozpočtete	rozpočtou	rozpočti	rozpočtěme	rozpočtěte	rozpočetl	rozpočten	-	-	rozpočetla
rozpražit	-	-	-	-	-	-	-	-	-	-	-	rozpraže	-	-
rozprdět	-	-	-	-	-	rozprdí	rozprď	rozprďme	rozprďte	-	rozprděn	-	-	-
rozpronajmout	rozpronajmu	rozpronajmeš	rozpronajme	rozpronajmeme	rozpronajmete	rozpronajmou	rozpronajmi	rozpronajměme	rozpronajměte	rozpronajal	rozpronajat	-	-	rozpronajala
rozprostovlasatit	-	-	-	-	-	-	rozprostovlasať	rozprostovlasaťme	rozprostovlasaťte	-	rozprostovlasacen	-	-	-
rozprostranit	-	-	-	-	-	-	rozprostraň	rozprostraňme	rozprostraňte	-	rozprostraněn	-	-	-
rozprostřít	rozprostřu	rozprostřeš	rozprostře	rozprostřeme	rozprostřete	rozprostřou	rozprostři	rozprostřeme	rozprostřete	rozprostřel	rozprostřen	-	-	rozprostřela
rozproudit	-	-	-	-	-	-	rozproudi	rozprouděme	rozprouděte	-	rozprouděn	-	-	-
rozprávět	-	-	-	-	-	-	rozprávěj	rozprávějme	rozprávějte	-	rozprávěn	rozprávěje	rozprávějíc	-
rozprášit	-	-	-	-	-	-	rozpraš	rozprašme	rozprašte	-	-	-	-	-
rozpršet	-	-	-	-	-	rozprší	rozprš	rozpršme	rozpršte	-	-	-	-	-
rozptýlit	-	-	-	-	-	-	rozptyl	rozptylme	rozptylte	-	-	-	-
rozpustit	-	-	-	-	-	-	rozpusť	rozpusťme	rozpusťte	-	rozpuštěn	-	-
rozpučet	-	-	-	-	-	rozpučí	rozpuč	rozpučme	rozpučte	-	-	-	-	-
rozpálit	-	-	-	-	-	-	rozpal	rozpalme	rozpalte	-	-	-	-	-
rozpáčit	-	-	-	-	-	-	rozpač	rozpačme	rozpačte	-	-	-	-	-
rozpéci	rozpeču	rozpečeš	rozpeče	rozpečeme	rozpečete	rozpečou	rozpeč	rozpečme	rozpečte	rozpekl	rozpečen	-	-	rozpekla
rozpíjet	-	-	-	-	-	rozpíjejí	rozpíjej	rozpíjejme	rozpíjejte	-	-	rozpíjeje	rozpíjejíc	-
rozpít	rozpiji	rozpiješ	rozpije	rozpijeme	rozpijete	rozpijou	rozpij	rozpijme	rozpijte	rozpil	rozpit	-	-	rozpila
rozpěnit	-	-	-	-	-	-	rozpěň	rozpěňme	rozpěňte	-	rozpěněn	-	-	-
rozpředehrát	-	-	-	-	-	-	rozpředehraj	rozpředehrajme	rozpředehrajte	-	rozpředehrán	-	-	-
rozpříst	rozpřadu	rozpřadeš	rozpřade	rozpřademe	rozpřadete	rozpřadou	rozpřaď	rozpřaďme	rozpřaďte	rozpřadl	rozpřaden	-	-	rozpřadla
rozpůjčit	-	-	-	-	-	-	-	-	-	-	-	rozpůjče	-	-
rozpůlit	-	-	-	-	-	-	rozpul	rozpulme	rozpulte	-	-	-	-
rozrachotit	-	-	-	-	-	-	rozrachoť	rozrachoťme	rozrachoťte	-	rozrachocen	-	-	-
rozradostnit	-	-	-	-	-	-	rozradostni	rozradostněme	rozradostněte	-	rozradostněn	-	-	-
rozradostnět	-	-	-	-	-	-	rozradostněj	rozradostnějme	rozradostnějte	-	rozradostněn	rozradostněje	rozradostnějíc	-
rozrazit	-	-	-	-	-	-	-	-	-	-	rozražen	-	-	-
rozrušit	-	-	-	-	-	-	-	-	-	-	-	rozruše	-	-
rozrážet	-	-	-	-	-	rozrážejí	rozrážej	rozrážejme	rozrážejte	-	-	rozrážeje	rozrážejíc	-
rozrýt	rozryji	rozryješ	rozryje	rozryjeme	rozryjete	rozryjou	rozryj	rozryjme	rozryjte	rozryl	rozryt	-	-	rozryla
rozrůst	rozrostu	rozrosteš	rozroste	rozrosteme	rozrostete	rozrostou	rozrosť	rozrosťme	rozrosťte	rozrostl	-	-	-	rozrostla
rozrůznit	-	-	-	-	-	-	rozrůzni	rozrůzněme	rozrůzněte	-	rozrůzněn	-	-	-
rozsadit	-	-	-	-	-	-	rozsaď	rozsaďme	rozsaďte	-	rozsazen	-	-
rozsedět	-	-	-	-	-	rozsedí	rozseď	rozseďme	rozseďte	-	rozseděn	-	-	-
rozskočit	-	-	-	-	-	-	-	-	-	-	-	rozskoče	-	-
rozskákat	rozskáči	rozskáčeš	rozskáče	rozskáčeme	rozskáčete	rozskáčou	-	-	-	-	-	-	-	-
rozslzet	-	-	-	-	-	rozslzejí	rozslz	rozslzme	rozslzte	-	-	-	-	-
rozsmutnit	-	-	-	-	-	-	rozsmutni	rozsmutněme	rozsmutněte	-	rozsmutněn	-	-	-
rozsněžit	-	-	-	-	-	-	-	-	-	-	-	rozsněže	-	-
rozsoudit	-	-	-	-	-	-	rozsuď	rozsuďme	rozsuďte	-	rozsouzen	-	-
rozsršet	-	-	-	-	-	rozsrší	rozsrš	rozsršme	rozsršte	-	-	rozsrše	rozsršíc	-
rozstavět	-	-	-	-	-	-	-	-	-	-	rozstavěn	-	-	-
rozstoupit	-	-	-	-	-	-	rozstup	rozstupme	rozstupte	-	-	-	-	-
rozstřelit	-	-	-	-	-	-	-	-	-	-	-	rozstřele	-	-
rozstřílet	-	-	-	-	-	rozstřílejí	rozstřílej	rozstřílejme	rozstřílejte	-	-	rozstříleje	rozstřílejíc	-
rozsušit	-	-	-	-	-	-	-	-	-	-	-	rozsuše	-	-
rozsvištět	-	-	-	-	-	rozsviští	rozsvišti	rozsvištěme	rozsvištěte	-	rozsvištěn	-	-	-
rozsvítit	-	-	-	-	-	-	rozsviť	rozsviťme	rozsviťte	-	rozsvícen	-	-
rozsvěcet	-	-	-	-	-	rozsvěcejí	rozsvěcej	rozsvěcejme	rozsvěcejte	-	-	rozsvěceje	rozsvěcejíc	-
rozsvědit	-	-	-	-	-	-	rozsvěď	rozsvěďme	rozsvěďte	-	rozsvěděn	-	-	-
rozsvětlit	-	-	-	-	-	-	rozsvětli	rozsvětleme	rozsvětlete	-	-	-	-	-
rozsázet	-	-	-	-	-	rozsázejí	rozsázej	rozsázejme	rozsázejte	-	-	rozsázeje	rozsázejíc	-
rozsídlit	-	-	-	-	-	-	rozsídli	rozsídleme	rozsídlete	-	-	-	-	-
rozsít	rozseji	rozseješ	rozseje	rozsejeme	rozsejete	rozsejou	rozsej	rozsejme	rozsejte	rozsel	rozset	-	-	rozsela
roztančit	-	-	-	-	-	-	roztanči	roztančeme	roztančete	-	-	-	-
roztesknit	-	-	-	-	-	-	rozteskni	rozteskněme	rozteskněte	-	rozteskněn	-	-	-
roztlačit	-	-	-	-	-	-	-	-	-	-	-	roztlače	-	-
roztlouci	roztluku	roztlučeš	roztluče	roztlučeme	roztlučete	roztlukou	roztluč	roztlučme	roztlučte	roztloukl	roztlučen	-	-	roztloukla
roztláčet	-	-	-	-	-	roztláčejí	roztláčej	roztláčejme	roztláčejte	-	-	roztláčeje	roztláčejíc	-
roztoužit	-	-	-	-	-	-	roztouži	roztoužeme	roztoužete	-	-	-	-	-
roztočit	-	-	-	-	-	-	-	-	-	-	-	roztoče	-	-
roztrojit	-	-	-	-	-	-	-	-	-	-	-	roztroje	-	-
roztroubit	-	-	-	-	-	-	roztrub	roztrubme	roztrubte	-	-	-	-	-
roztrousit	-	-	-	-	-	-	-	-	-	-	roztroušen	-	-	-
roztroškařit	-	-	-	-	-	-	-	-	-	-	-	roztroškaře	-	-
roztrpčit	-	-	-	-	-	-	roztrpči	roztrpčeme	roztrpčete	-	-	-	-	-
roztápět	-	-	-	-	-	-	roztápěj	roztápějme	roztápějte	-	roztápěn	roztápěje	roztápějíc	-
roztát	roztaji	roztaješ	roztaje	roztajeme	roztajete	roztajou	roztaj	roztajme	roztajte	-	-	-	-	-
roztáčet	-	-	-	-	-	roztáčejí	roztáčej	roztáčejme	roztáčejte	-	-	roztáčeje	roztáčejíc	-
roztéci	rozteču	roztečeš	rozteče	roztečeme	roztečete	roztečou	rozteč	roztečme	roztečte	roztekl	roztečen	-	-	roztekla
roztřást	roztřesu	roztřeseš	roztřese	roztřeseme	roztřesete	roztřesou	roztřes	roztřesme	roztřeste	-	roztřesen	-	-
roztřídit	-	-	-	-	-	-	roztřiď	roztřiďme	roztřiďte	-	roztříděn	-	-
roztříštit	-	-	-	-	-	-	roztříšti	roztříštěme	roztříštěte	-	roztříštěn	-	-
rozudílet	-	-	-	-	-	rozudílejí	rozudílej	rozudílejme	rozudílejte	-	-	rozudíleje	rozudílejíc	-
rozumět	-	-	-	-	-	-	rozuměj	rozumějme	rozumějte	-	rozuměn	rozuměje	rozumějíc
rozusnášet	-	-	-	-	-	rozusnášejí	rozusnášej	rozusnášejme	rozusnášejte	-	-	rozusnášeje	rozusnášejíc	-
rozutéci	rozuteču	rozutečeš	rozuteče	rozutečeme	rozutečete	rozutečou	rozuteč	rozutečme	rozutečte	rozutekl	rozutečen	-	-	rozutekla
rozuzlit	-	-	-	-	-	-	rozuzli	rozuzleme	rozuzlete	-	-	-	-	-
rozvadit	-	-	-	-	-	-	rozvaď	rozvaďme	rozvaďte	-	rozvaděn	-	-	-
rozvalit	-	-	-	-	-	-	-	-	-	-	-	rozvale	-	-
rozvanout	-	-	-	-	-	-	rozvaň	rozvaňme	rozvaňte	-	-	-	-	-
rozvařit	-	-	-	-	-	-	-	-	-	-	-	rozvaře	-	-
rozveselit	-	-	-	-	-	-	-	-	-	-	-	rozvesele	-	-
rozvichřit	-	-	-	-	-	-	rozvichři	rozvichřeme	rozvichřete	-	-	-	-	-
rozvinout	-	-	-	-	-	-	rozviň	rozviňme	rozviňte	-	-	-	-
rozvlnit	-	-	-	-	-	-	rozvlň	rozvlňme	rozvlňte	-	rozvlněn	-	-	-
rozvláknit	-	-	-	-	-	-	rozvlákni	rozvlákněme	rozvlákněte	-	rozvlákněn	-	-	-
rozvléci	rozvleku	rozvlečeš	rozvleče	rozvlečeme	rozvlečete	rozvlekou	rozvlec	rozvlecme	rozvlecte	rozvlekl	rozvlečen	-	-	rozvlekla
rozvodnit	-	-	-	-	-	-	rozvodni	rozvodněme	rozvodněte	-	rozvodněn	-	-	-
rozvolnit	-	-	-	-	-	-	rozvolni	rozvolněme	rozvolněte	-	rozvolněn	-	-	-
rozvonět	-	-	-	-	-	rozvoní	rozvoň	rozvoňme	rozvoňte	-	rozvoněn	-	-	-
rozvozit	-	-	-	-	-	-	-	-	-	-	-	rozvoze	-	-
rozvracet	-	-	-	-	-	rozvracejí	rozvracej	rozvracejme	rozvracejte	-	-	rozvraceje	rozvracejíc	-
rozvrstvit	-	-	-	-	-	-	rozvrstvi	rozvrstvěme	rozvrstvěte	-	-	-	-
rozvrtit	-	-	-	-	-	-	rozvrť	rozvrťme	rozvrťte	-	rozvrcen	-	-	-
rozvrtět	-	-	-	-	-	rozvrtí	rozvrť	rozvrťme	rozvrťte	-	rozvrtěn	-	-	-
rozvrátit	-	-	-	-	-	-	rozvrať	rozvraťme	rozvraťte	-	rozvrácen	-	-	-
rozvrčet	-	-	-	-	-	rozvrčí	rozvrč	rozvrčme	rozvrčte	-	-	-	-	-
rozvyprávět	-	-	-	-	-	-	rozvyprávěj	rozvyprávějme	rozvyprávějte	-	rozvyprávěn	rozvyprávěje	rozvyprávějíc	-
rozvzpomenout	-	-	-	-	-	-	rozvzpomeň	rozvzpomeňme	rozvzpomeňte	-	-	-	-	-
rozvzteklit	-	-	-	-	-	-	rozvztekli	rozvztekleme	rozvzteklete	-	-	-	-	-
rozvádět	-	-	-	-	-	-	rozváděj	rozvádějme	rozvádějte	-	rozváděn	rozváděje	rozvádějíc
rozválet	-	-	-	-	-	rozválejí	rozválej	rozválejme	rozválejte	-	-	rozváleje	rozválejíc	-
rozvát	rozvěji	rozvěješ	rozvěje	rozvějeme	rozvějete	rozvějou	rozvěj	rozvějme	rozvějte	-	rozvát	-	-	-
rozvázat	-	-	-	-	-	-	rozvaž	rozvažme	rozvažte	-	-	-	-
rozvářet	-	-	-	-	-	rozvářejí	rozvářej	rozvářejme	rozvářejte	-	-	rozvářeje	rozvářejíc	-
rozvášnit	-	-	-	-	-	-	rozvášni	rozvášněme	rozvášněte	-	rozvášněn	-	-	-
rozvážet	-	-	-	-	-	rozvážejí	rozvážej	rozvážejme	rozvážejte	-	-	rozvážeje	rozvážejíc	-
rozvážit	-	-	-	-	-	-	rozvaž	rozvažme	rozvažte	-	-	-	-	-
rozvést	rozvedu	rozvedeš	rozvede	rozvedeme	rozvedete	rozvedou	rozveď	rozveďme	rozveďte	rozvedl	rozveden	-	-	rozvedla
rozvézt	rozvezu	rozvezeš	rozveze	rozvezeme	rozvezete	rozvezou	rozvez	rozvezme	rozvezte	rozvezl	rozvezen	-	-
rozvíjet	-	-	-	-	-	rozvíjejí	rozvíjej	rozvíjejme	rozvíjejte	-	-	rozvíjeje	rozvíjejíc
rozvít	rozviji	rozviješ	rozvije	rozvijeme	rozvijete	rozvijou	rozvij	rozvijme	rozvijte	rozvil	rozvit	-	-	rozvila
rozvířit	-	-	-	-	-	-	rozviř	rozviřme	rozviřte	-	-	-	-	-
rozvěsit	-	-	-	-	-	-	-	-	-	-	rozvěšen	-	-
rozvětvit	-	-	-	-	-	-	rozvětvi	rozvětvěme	rozvětvěte	-	-	-	-	-
rozvěšet	-	-	-	-	-	rozvěší	rozvěš	rozvěšme	rozvěšte	-	-	-	-	-
rozzměnit	-	-	-	-	-	-	rozzměň	rozzměňme	rozzměňte	-	rozzměněn	-	-	-
rozzrnit	-	-	-	-	-	-	rozzrň	rozzrňme	rozzrňte	-	rozzrněn	-	-	-
rozzuřit	-	-	-	-	-	-	-	-	-	-	-	rozzuře	-	-
rozzvracet	-	-	-	-	-	rozzvracejí	rozzvracej	rozzvracejme	rozzvracejte	-	-	rozzvraceje	rozzvracejíc	-
rozzvučet	-	-	-	-	-	rozzvučí	rozzvuč	rozzvučme	rozzvučte	-	-	-	-	-
rozzávodit	-	-	-	-	-	-	rozzávoď	rozzávoďme	rozzávoďte	-	rozzávoděn	-	-	-
rozzářit	-	-	-	-	-	-	rozzař	rozzařme	rozzařte	-	-	-	-	-
rozčepejřit	-	-	-	-	-	-	rozčepejři	rozčepejřeme	rozčepejřete	-	-	-	-	-
rozčepýřit	-	-	-	-	-	-	rozčepýři	rozčepýřeme	rozčepýřete	-	-	-	-	-
rozčertit	-	-	-	-	-	-	rozčerti	rozčertěme	rozčertěte	-	rozčertěn	-	-	-
rozčeřit	-	-	-	-	-	-	-	-	-	-	-	rozčeře	-	-
rozčilit	-	-	-	-	-	-	-	-	-	-	-	rozčile	-	-
rozčlenit	-	-	-	-	-	-	rozčleň	rozčleňme	rozčleňte	-	rozčleněn	-	-	-
rozčtvrtit	-	-	-	-	-	-	rozčtvrť	rozčtvrťme	rozčtvrťte	-	rozčtvrcen	-	-
rozčílit	-	-	-	-	-	-	rozčil	rozčilme	rozčilte	-	-	-	-
rozňahňat	-	-	-	-	-	-	rozňahněj	rozňahnějme	rozňahnějte	-	-	-	-	-
rozřadit	-	-	-	-	-	-	rozřaď	rozřaďme	rozřaďte	-	rozřaděn	-	-	-
rozředit	-	-	-	-	-	-	rozřeď	rozřeďme	rozřeďte	-	rozředěn	-	-
rozřečnit	-	-	-	-	-	-	rozřečni	rozřečněme	rozřečněte	-	rozřečněn	-	-	-
rozřešit	-	-	-	-	-	-	-	-	-	-	-	rozřeše	-	-
rozřinčet	-	-	-	-	-	rozřinčí	rozřinči	rozřinčeme	rozřinčete	-	-	-	-	-
rozškorpit	-	-	-	-	-	-	rozškorpi	rozškorpěme	rozškorpěte	-	-	-	-	-
rozškvařit	-	-	-	-	-	-	-	-	-	-	-	rozškvaře	-	-
rozškvířit	-	-	-	-	-	-	rozškviř	rozškviřme	rozškviřte	-	-	-	-	-
rozšlechtit	-	-	-	-	-	-	rozšlechti	rozšlechtěme	rozšlechtěte	-	rozšlechtěn	-	-	-
rozšpejlit	-	-	-	-	-	-	rozšpejli	rozšpejleme	rozšpejlete	-	-	-	-	-
rozšpendlit	-	-	-	-	-	-	rozšpendli	rozšpendleme	rozšpendlete	-	-	-	-	-
rozšrotit	-	-	-	-	-	-	rozšroť	rozšroťme	rozšroťte	-	rozšrocen	-	-	-
rozšumět	-	-	-	-	-	-	rozšum	rozšumme	rozšumte	-	rozšuměn	-	-	-
rozšveholit	-	-	-	-	-	-	-	-	-	-	-	rozšvehole	-	-
rozšvitořit	-	-	-	-	-	-	-	-	-	-	-	rozšvitoře	-	-
rozšít	rozšiji	rozšiješ	rozšije	rozšijeme	rozšijete	rozšijou	rozšij	rozšijme	rozšijte	rozšil	rozšit	-	-	rozšila
rozšířit	-	-	-	-	-	-	rozšiř	rozšiřme	rozšiřte	-	-	-	-
rozžehlit	-	-	-	-	-	-	rozžehli	rozžehleme	rozžehlete	-	-	-	-	-
rozžvanit	-	-	-	-	-	-	rozžvaň	rozžvaňme	rozžvaňte	-	rozžvaněn	-	-	-
rozžít	rozžiji	rozžiješ	rozžije	rozžijeme	rozžijete	rozžijou	rozžij	rozžijme	rozžijte	rozžal	rozžat	-	-	rozžala
rožnit	-	-	-	-	-	-	rožni	rožněme	rožněte	-	rožněn	-	-	-
rožnout	-	-	-	-	-	-	-	-	-	rožnul	-	-	-	-
rublovatět	-	-	-	-	-	-	rublovatěj	rublovatějme	rublovatějte	-	rublovatěn	rublovatěje	rublovatějíc	-
ruměnit	-	-	-	-	-	-	ruměň	ruměňme	ruměňte	-	ruměněn	-	-	-
ručit	-	-	-	-	-	-	-	-	-	-	-	ruče	-
rušit	-	-	-	-	-	-	-	-	-	-	-	ruše	-
rvát	rvu	rveš	rve	rveme	rvete	rvou	rvi	rvěme	rvěte	rval	rván	rva	rvouc
rybařit	-	-	-	-	-	-	-	-	-	-	-	rybaře	-
rychlit	-	-	-	-	-	-	rychli	rychleme	rychlete	-	-	rychle	-	-
rychlobruslit	-	-	-	-	-	-	rychlobrusli	rychlobrusleme	rychlobruslete	-	-	rychlobrusle	-	-
rychlokvasit	-	-	-	-	-	-	-	-	-	-	rychlokvašen	rychlokvase	-	-
rychlonabíjet	-	-	-	-	-	rychlonabíjejí	rychlonabíjej	rychlonabíjejme	rychlonabíjejte	-	-	rychlonabíjeje	rychlonabíjejíc	-
rychlonatáčet	-	-	-	-	-	rychlonatáčejí	rychlonatáčej	rychlonatáčejme	rychlonatáčejte	-	-	rychlonatáčeje	rychlonatáčejíc	-
ryčet	-	-	-	-	-	ryčí	ryč	ryčme	ryčte	-	-	ryče	ryčíc	-
ryšavět	-	-	-	-	-	-	ryšavěj	ryšavějme	ryšavějte	-	ryšavěn	ryšavěje	ryšavějíc	-
rámusit	-	-	-	-	-	-	-	-	-	-	-	rámuse	-	-
ráčit	-	-	-	-	-	-	rač	račme	račte	-	-	ráče	-	-
rýhovatět	-	-	-	-	-	-	rýhovatěj	rýhovatějme	rýhovatějte	-	rýhovatěn	rýhovatěje	rýhovatějíc	-
rýt	ryji	ryješ	ryje	ryjeme	ryjete	ryjou	ryj	ryjme	ryjte	ryl	ryt	ryje	ryjíc
růst	rostu	rosteš	roste	rosteme	rostete	rostou	rosť	rosťme	rosťte	rostl	-	rosta	rostouc
různit	-	-	-	-	-	-	různi	různěme	různěte	-	různěn	-	-	-
růžovět	-	-	-	-	-	-	růžověj	růžovějme	růžovějte	-	růžověn	růžověje	růžovějíc	-
ržát	ržám	ržáš	ržá	ržáme	ržáte	ržají	rži	ržeme	ržete	-	-	ržaje	ržajíc
sadit	-	-	-	-	-	-	saď	saďme	saďte	-	sazen	-	-
salašit	-	-	-	-	-	-	-	-	-	-	-	salaše	-	-
samoběžet	-	-	-	-	-	samoběží	samoběž	samoběžme	samoběžte	-	-	samoběže	samoběžíc	-
samohojit	-	-	-	-	-	-	-	-	-	-	-	samohoje	-	-
samojistit	-	-	-	-	-	-	-	-	-	-	samojištěn	-	-	-
samoopylit	-	-	-	-	-	-	-	-	-	-	-	samoopyle	-	-
samoplodit	-	-	-	-	-	-	samoploď	samoploďme	samoploďte	-	samoplozen	-	-	-
samorozbalit	-	-	-	-	-	-	-	-	-	-	-	samorozbale	-	-
samorozpustit	-	-	-	-	-	-	-	-	-	-	samorozpuštěn	-	-	-
samoshromáždit	-	-	-	-	-	-	-	-	-	-	samoshromážděn	-	-	-
samosplodit	-	-	-	-	-	-	-	-	-	-	samosploděn	-	-	-
samospouštět	-	-	-	-	-	-	samospouštěj	samospouštějme	samospouštějte	-	samospouštěn	samospouštěje	samospouštějíc	-
samospustit	-	-	-	-	-	-	samospusť	samospusťme	samospusťte	-	samospuštěn	-	-	-
samotařit	-	-	-	-	-	-	-	-	-	-	-	samotaře	-	-
samotřídit	-	-	-	-	-	-	-	-	-	-	samotříděn	-	-	-
samoučit	-	-	-	-	-	-	-	-	-	-	-	samouče	-	-
samovybíjet	-	-	-	-	-	samovybíjejí	samovybíjej	samovybíjejme	samovybíjejte	-	-	samovybíjeje	samovybíjejíc	-
samozahřát	samozahřeji	samozahřeješ	samozahřeje	samozahřejeme	samozahřejete	samozahřejou	samozahřej	samozahřejme	samozahřejte	-	-	-	-	-
samozavádět	-	-	-	-	-	samozavádí	samozaváděj	samozavádějme	samozavádějte	-	samozaváděn	samozaváděje	samozavádějíc	-
samozavést	samozavedu	samozavedeš	samozavede	samozavedeme	samozavedete	samozavedou	samozaveď	samozaveďme	samozaveďte	-	samozaveden	-	-	-
samočistit	-	-	-	-	-	-	samočisti	samočistěme	samočistěte	-	samočištěn	-	-	-
samořídit	-	-	-	-	-	-	samoříď	samoříďme	samoříďte	-	samořízen	-	-	-
sbalit	-	-	-	-	-	-	-	-	-	-	-	sbale	-	-
sblížit	-	-	-	-	-	-	sbliž	sbližme	sbližte	-	-	-	-
sbratřit	-	-	-	-	-	-	sbratři	sbratřeme	sbratřete	-	-	-	-	-
sbrousit	-	-	-	-	-	-	sbrus	sbrusme	sbruste	-	sbroušen	-	-
sbydlet	-	-	-	-	-	-	sbydli	sbydleme	sbydlete	-	-	-	-	-
sbíjet	-	-	-	-	-	sbíjejí	sbíjej	sbíjejme	sbíjejte	-	-	sbíjeje	sbíjejíc	-
sbít	sbiji	sbiješ	sbije	sbijeme	sbijete	sbijou	sbij	sbijme	sbijte	sbil	sbit	-	-	sbila
scedit	-	-	-	-	-	-	sceď	sceďme	sceďte	-	scezen	-	-	-
scelit	-	-	-	-	-	-	-	-	-	-	-	scele	-	-
schladit	-	-	-	-	-	-	schlaď	schlaďme	schlaďte	-	schlazen	-	-	-
schnout	-	-	-	-	-	-	-	-	-	schnul	-	-	-
schoulit	-	-	-	-	-	-	schouli	schouleme	schoulete	-	-	-	-	-
schovat	schovám	schováš	schová	schováme	schováte	schovají	schovej	schovejme	schovejte	-	schován	-	-
schrastit	-	-	-	-	-	-	schrasti	schrastěme	schrastěte	-	schrastěn	-	-	-
schránět	-	-	-	-	-	-	schráněj	schránějme	schránějte	-	schráněn	schráněje	schránějíc	-
schválit	-	-	-	-	-	-	schval	schvalme	schvalte	-	-	-	-
schvátit	-	-	-	-	-	-	schvať	schvaťme	schvaťte	-	schvácen	-	-	-
scházet	-	-	-	-	-	scházejí	scházej	scházejme	scházejte	-	-	scházeje	scházejíc
schýlit	-	-	-	-	-	-	schyl	schylme	schylte	-	-	-	-	-
sdružit	-	-	-	-	-	-	-	-	-	-	-	sdruže	-	-
sdílet	-	-	-	-	-	sdílejí	sdílej	sdílejme	sdílejte	-	-	sdíleje	sdílejíc
sdělit	-	-	-	-	-	-	-	-	-	-	-	sděle	-	-
sebedrtit	-	-	-	-	-	-	sebedrť	sebedrťme	sebedrťte	-	sebedrcen	-	-	-
sebehodnotit	-	-	-	-	-	-	sebehodnoť	sebehodnoťme	sebehodnoťte	-	sebehodnocen	-	-	-
sebeoplodnit	-	-	-	-	-	-	-	-	-	-	sebeoplodněn	-	-	-
sebepodvádět	-	-	-	-	-	-	sebepodváděj	sebepodvádějme	sebepodvádějte	-	sebepodváděn	sebepodváděje	sebepodvádějíc	-
sebepoškodit	-	-	-	-	-	-	-	-	-	-	sebepoškozen	-	-	-
sebeprznit	-	-	-	-	-	-	-	-	-	-	sebeprzněn	-	-	-
seberozpustit	-	-	-	-	-	-	-	-	-	-	seberozpuštěn	-	-	-
seberozvinout	-	-	-	-	-	-	seberozviň	seberozviňme	seberozviňte	-	-	-	-	-
seberozvíjet	-	-	-	-	-	seberozvíjejí	seberozvíjej	seberozvíjejme	seberozvíjejte	-	-	seberozvíjeje	seberozvíjejíc	-
sebeubíjet	-	-	-	-	-	sebeubíjejí	sebeubíjej	sebeubíjejme	sebeubíjejte	-	-	sebeubíjeje	sebeubíjejíc	-
sebeukájet	-	-	-	-	-	sebeukájejí	sebeukájej	sebeukájejme	sebeukájejte	-	-	sebeukájeje	sebeukájejíc	-
sebeuplatnit	-	-	-	-	-	-	sebeuplatň	sebeuplatňme	sebeuplatňte	-	sebeuplatněn	-	-	-
sebeuspokojit	-	-	-	-	-	-	-	-	-	-	-	sebeuspokoje	-	-
sebeutvářet	-	-	-	-	-	sebeutvářejí	sebeutvářej	sebeutvářejme	sebeutvářejte	-	-	sebeutvářeje	sebeutvářejíc	-
sebevraždit	-	-	-	-	-	-	sebevraždi	sebevražděme	sebevražděte	-	sebevražděn	-	-	-
sebevyjádřit	-	-	-	-	-	-	sebevyjádři	sebevyjádřeme	sebevyjádřete	-	-	-	-	-
sebezabít	-	-	-	-	-	-	-	-	-	sebezabil	sebezabit	-	-	sebezabila
sebezachovat	sebezachovám	sebezachováš	sebezachová	sebezachováme	sebezachováte	sebezachovají	sebezachovej	sebezachovejme	sebezachovejte	-	sebezachován	sebezachovaje	sebezachovajíc	-
sebezařadit	-	-	-	-	-	-	sebezařaď	sebezařaďme	sebezařaďte	-	sebezařazen	-	-	-
sebezhodnotit	-	-	-	-	-	-	sebezhodnoť	sebezhodnoťme	sebezhodnoťte	-	sebezhodnocen	-	-	-
sebečistit	-	-	-	-	-	-	-	-	-	-	sebečištěn	-	-	-
sebrat	seberu	sebereš	sebere	sebereme	seberete	seberou	seber	seberme	seberte	-	-	-	-
secvičit	-	-	-	-	-	-	-	-	-	-	-	secviče	-	-
sedlačit	-	-	-	-	-	-	-	-	-	-	-	sedlače	-	-
sedrat	sederu	sedereš	sedere	sedereme	sederete	sederou	seder	sederme	sederte	-	-	-	-	-
sedět	-	-	-	-	-	sedí	seď	seďme	seďte	-	seděn	sedě	sedíc
sedřít	sedřu	sedřeš	sedře	sedřeme	sedřete	sedřou	sedři	sedřeme	sedřete	sedřel	sedřen	-	-
sehnat	seženu	seženeš	sežene	seženeme	seženete	seženou	sežeň	sežeňme	sežeňte	-	-	-	-
sehrát	sehraji	sehraješ	sehraje	sehrajeme	sehrajete	sehrajou	sehraj	sehrajme	sehrajte	-	sehrán	-	-	-
sejmout	sejmu	sejmeš	sejme	sejmeme	sejmete	sejmou	sejmi	sejměme	sejměte	sejmul	sejmut	-	-
sejít	sejdu	sejdeš	sejde	sejdeme	sejdete	sejdou	sejdi	sejděme	sejděte	sešel	-	-	-	sešla
selhat	selžu	selžeš	selže	selžeme	selžete	selžou	selži	selžeme	selžete	-	-	-	-	-
semlít	semelu	semeleš	semele	semeleme	semelete	semelou	semel	semelme	semelte	semlel	semlet	-	-	semlela
sepnout	-	-	-	-	-	-	-	-	-	sepjal	-	-	-
seprat	seperu	sepereš	sepere	sepereme	seperete	seperou	seper	seperme	seperte	-	-	-	-
sepsat	sepíši	sepíšeš	sepíše	sepíšeme	sepíšete	sepíšou	sepiš	sepišme	sepište	-	-	-	-	-
sepsout	sepsuji	sepsuješ	sepsuje	sepsujeme	sepsujete	sepsujou	sepsuj	sepsujme	sepsujte	sepsul	sepsut	-	-	sepsula
servat	servu	serveš	serve	serveme	servete	servou	servi	servěme	servěte	-	-	-	-
sesadit	-	-	-	-	-	-	sesaď	sesaďme	sesaďte	-	sesazen	-	-
seskočit	-	-	-	-	-	-	-	-	-	-	-	seskoče	-	-
seskákat	seskáči	seskáčeš	seskáče	seskáčeme	seskáčete	seskáčou	-	-	-	-	-	-	-	-
seslat	sešlu	sešleš	sešle	sešleme	sešlete	sešlou	sešli	sešleme	sešlete	-	-	-	-	-
sesmilnit	-	-	-	-	-	-	sesmilni	sesmilněme	sesmilněte	-	sesmilněn	-	-	-
sesmolit	-	-	-	-	-	-	-	-	-	-	-	sesmole	-	-
sesouhlasit	-	-	-	-	-	-	-	-	-	-	-	sesouhlase	-	-
sesout	sesuji	sesuješ	sesuje	sesujeme	sesujete	sesujou	sesuj	sesujme	sesujte	sesul	sesut	-	-
sestoupit	-	-	-	-	-	-	sestup	sestupme	sestupte	-	-	-	-
sestrojit	-	-	-	-	-	-	-	-	-	-	-	sestroje	-	-
sestrčit	-	-	-	-	-	-	-	-	-	-	-	sestrče	-	-
sestřelit	-	-	-	-	-	-	-	-	-	-	-	sestřele	-	-
sestřílet	-	-	-	-	-	sestřílejí	sestřílej	sestřílejme	sestřílejte	-	-	sestříleje	sestřílejíc	-
sesunout	-	-	-	-	-	-	sesuň	sesuňme	sesuňte	-	-	-	-	-
sesázet	-	-	-	-	-	sesázejí	sesázej	sesázejme	sesázejte	-	-	sesázeje	sesázejíc	-
sesíci	seseku	sesečeš	seseče	sesečeme	sesečete	sesečou	sesec	sesecme	sesecte	sesekl	sesečen	-	-	sesekla
setmelit	-	-	-	-	-	-	-	-	-	-	-	setmele	-	-
setmět	-	-	-	-	-	-	setmi	setměme	setměte	-	setměn	-	-	-
setnout	-	-	-	-	-	-	-	-	-	setnul	-	-	-
setřást	setřesu	setřeseš	setřese	setřeseme	setřesete	setřesou	setřes	setřesme	setřeste	-	setřesen	-	-	-
setřídit	-	-	-	-	-	-	setřiď	setřiďme	setřiďte	-	setříděn	-	-	-
setřít	setřu	setřeš	setře	setřeme	setřete	setřou	setři	setřeme	setřete	setřel	setřen	-	-
sevřít	sevřu	sevřeš	sevře	sevřeme	sevřete	sevřou	sevři	sevřeme	sevřete	sevřel	sevřen	-	-
seznámit	-	-	-	-	-	-	seznam	seznamme	seznamte	-	-	-	-	-
sezvat	sezvu	sezveš	sezve	sezveme	sezvete	sezvou	sezvi	sezvěme	sezvěte	-	-	-	-	-
sečíst	sečtu	sečteš	sečte	sečteme	sečtete	sečtou	sečti	sečtěme	sečtěte	sečetl	sečten	-	-
seřadit	-	-	-	-	-	-	seřaď	seřaďme	seřaďte	-	seřazen	-	-
seřvat	seřvu	seřveš	seřve	seřveme	seřvete	seřvou	seřvi	seřvěme	seřvěte	-	-	-	-
seřídit	-	-	-	-	-	-	seřiď	seřiďme	seřiďte	-	seřízen	-	-	-
sešedivět	-	-	-	-	-	-	sešedivěj	sešedivějme	sešedivějte	-	sešedivěn	sešedivěje	sešedivějíc	-
sešeřit	-	-	-	-	-	-	-	-	-	-	-	sešeře	-	-
sešikmit	-	-	-	-	-	-	sešikmi	sešikměme	sešikměte	-	-	-	-	-
sešinout	-	-	-	-	-	-	sešiň	sešiňme	sešiňte	-	-	-	-	-
sešišatit	-	-	-	-	-	-	sešišať	sešišaťme	sešišaťte	-	sešišacen	-	-	-
seškrtit	-	-	-	-	-	-	seškrť	seškrťme	seškrťte	-	seškrcen	-	-	-
seškvařit	-	-	-	-	-	-	-	-	-	-	-	seškvaře	-	-
sešpendlit	-	-	-	-	-	-	sešpendli	sešpendleme	sešpendlete	-	-	-	-	-
sešpulit	-	-	-	-	-	-	-	-	-	-	-	sešpule	-	-
sešrotit	-	-	-	-	-	-	sešroť	sešroťme	sešroťte	-	sešrocen	-	-	-
sešvagřit	-	-	-	-	-	-	sešvagři	sešvagřeme	sešvagřete	-	-	-	-	-
sešvakřit	-	-	-	-	-	-	sešvakři	sešvakřeme	sešvakřete	-	-	-	-	-
sešít	sešiji	sešiješ	sešije	sešijeme	sešijete	sešijou	sešij	sešijme	sešijte	sešil	sešit	-	-
sežehlit	-	-	-	-	-	-	sežehli	sežehleme	sežehlete	-	-	-	-	-
sežnout	-	-	-	-	-	-	-	-	-	sežal	-	-	-	sežala
sežrat	sežeru	sežereš	sežere	sežereme	sežerete	sežerou	sežer	sežerme	sežerte	-	-	-	-	-
sežít	sežnu	sežneš	sežne	sežneme	sežnete	sežnou	sežni	sežněme	sežněte	-	-	-	-	-
shladit	-	-	-	-	-	-	shlaď	shlaďme	shlaďte	-	shlazen	-	-	-
shloučit	-	-	-	-	-	-	shlouči	shloučeme	shloučete	-	-	-	-	-
shlížet	-	-	-	-	-	shlížejí	shlížej	shlížejme	shlížejte	-	-	shlížeje	shlížejíc	-
shnít	shniji	shniješ	shnije	shnijeme	shnijete	shnijou	shnij	shnijme	shnijte	shnil	shnit	-	-	shnila
shodit	-	-	-	-	-	-	shoď	shoďme	shoďte	-	shozen	-	-
shořet	-	-	-	-	-	shoří	shoř	shořme	shořte	-	-	-	-
shrabat	shrabu	shrabeš	shrabe	shrabeme	shrabete	shrabou	-	-	-	-	-	-	-	-
shrnout	-	-	-	-	-	-	shrň	shrňme	shrňte	shrnul	-	-	-
shromáždit	-	-	-	-	-	-	shromáždi	shromážděme	shromážděte	-	shromážděn	-	-
shánět	-	-	-	-	-	-	sháněj	shánějme	shánějte	-	sháněn	sháněje	shánějíc
sházet	-	-	-	-	-	sházejí	sházej	sházejme	sházejte	-	-	sházeje	sházejíc	-
sháňat	-	-	-	-	-	-	sháněj	shánějme	shánějte	-	-	-	-	-
sirupovatět	-	-	-	-	-	-	sirupovatěj	sirupovatějme	sirupovatějte	-	sirupovatěn	sirupovatěje	sirupovatějíc	-
sivět	-	-	-	-	-	-	sivěj	sivějme	sivějte	-	sivěn	sivěje	sivějíc	-
sjednotit	-	-	-	-	-	-	sjednoť	sjednoťme	sjednoťte	-	sjednocen	-	-
sjet	sjedu	sjedeš	sjede	sjedeme	sjedete	sjedou	sjeď	sjeďme	sjeďte	-	sjet	-	-	-
sjezdit	-	-	-	-	-	-	sjezdi	sjezděme	sjezděte	-	sjezděn	-	-	-
sjíždět	-	-	-	-	-	-	sjížděj	sjíždějme	sjíždějte	-	sjížděn	sjížděje	sjíždějíc
skamarádit	-	-	-	-	-	-	skamarádi	skamaráděme	skamaráděte	-	skamaráděn	-	-	-
skanout	-	-	-	-	-	-	skaň	skaňme	skaňte	-	-	-	-	-
sklamat	sklamu	sklameš	sklame	sklameme	sklamete	sklamou	-	-	-	-	-	-	-	-
sklenout	-	-	-	-	-	-	skleň	skleňme	skleňte	-	-	-	-	-
sklidit	-	-	-	-	-	-	skliď	skliďme	skliďte	-	sklizen	-	-	-
sklonit	-	-	-	-	-	-	skloň	skloňme	skloňte	-	skloněn	-	-
skloubit	-	-	-	-	-	-	skloubi	sklouběme	sklouběte	-	-	-	-	-
sklovatět	-	-	-	-	-	-	sklovatěj	sklovatějme	sklovatějte	-	sklovatěn	sklovatěje	sklovatějíc	-
sklánět	-	-	-	-	-	-	skláněj	sklánějme	sklánějte	-	skláněn	skláněje	sklánějíc	-
sklápět	-	-	-	-	-	-	sklápěj	sklápějme	sklápějte	-	sklápěn	sklápěje	sklápějíc	-
sklát	sklám	skláš	sklá	skláme	skláte	-	-	-	-	-	sklán	-	-
sklátit	-	-	-	-	-	-	sklať	sklaťme	sklaťte	-	sklácen	-	-	-
sklínit	-	-	-	-	-	-	-	-	-	-	sklíněn	-	-	-
sklít	sklím	sklíš	sklí	sklíme	sklíte	sklí	skli	skleme	sklete	sklil	sklen	skle	sklíc	sklila
sklízet	-	-	-	-	-	sklízejí	sklízej	sklízejme	sklízejte	-	-	sklízeje	sklízejíc
sklíčit	-	-	-	-	-	-	sklič	skličme	skličte	-	-	-	-	-
sklížit	-	-	-	-	-	-	skliž	skližme	skližte	-	-	-	-	-
skolit	-	-	-	-	-	-	-	-	-	-	-	skole	-	-
skončit	-	-	-	-	-	-	skonči	skončeme	skončete	-	-	-	-
skotačit	-	-	-	-	-	-	-	-	-	-	-	skotače	-
skoulet	-	-	-	-	-	skoulejí	skoulej	skoulejme	skoulejte	-	-	skouleje	skoulejíc	-
skoupit	-	-	-	-	-	-	skup	skupme	skupte	-	-	-	-	-
skovat	skovu	skoveš	skove	skoveme	skovete	skovají	skovej	skovejme	skovejte	-	skován	skovaje	skovajíc	-
skočit	-	-	-	-	-	-	-	-	-	-	-	skoče	-	-
skrblit	-	-	-	-	-	-	skrbli	skrbleme	skrblete	-	-	skrble	-
skreslit	-	-	-	-	-	-	skresli	skresleme	skreslete	-	-	-	-	-
skrojit	-	-	-	-	-	-	-	-	-	-	-	skroje	-	-
skroutit	-	-	-	-	-	-	skruť	skruťme	skruťte	-	skroucen	-	-	-
skrájet	-	-	-	-	-	skrájejí	skrájej	skrájejme	skrájejte	-	-	skrájeje	skrájejíc	-
skrápět	-	-	-	-	-	-	skrápěj	skrápějme	skrápějte	-	skrápěn	skrápěje	skrápějíc	-
skrýt	skryji	skryješ	skryje	skryjeme	skryjete	skryjou	skryj	skryjme	skryjte	skryl	skryt	-	-
skrčit	-	-	-	-	-	-	-	-	-	-	-	skrče	-	-
skulit	-	-	-	-	-	-	-	-	-	-	-	skule	-	-
skutit	-	-	-	-	-	-	skuť	skuťme	skuťte	-	skutěn	-	-	-
skutálet	-	-	-	-	-	skutálejí	skutálej	skutálejme	skutálejte	-	-	skutáleje	skutálejíc	-
skučet	-	-	-	-	-	skučí	skuč	skučme	skučte	-	-	skuče	skučíc	-
skvrnit	-	-	-	-	-	-	skvrň	skvrňme	skvrňte	-	skvrněn	-	-	-
skvět	-	-	-	-	-	-	skvěj	skvějme	skvějte	-	-	skvěje	skvějíc	-
skácet	-	-	-	-	-	skácejí	skácej	skácejme	skácejte	-	-	skáceje	skácejíc	-
skřečet	-	-	-	-	-	skřečí	skřeč	skřečme	skřečte	-	-	skřeče	skřečíc	-
skřípět	-	-	-	-	-	-	skřípěj	skřípějme	skřípějte	-	skřípěn	skřípěje	skřípějíc	-
sladit	-	-	-	-	-	-	slaď	slaďme	slaďte	-	sladěn	-	-
sladovničit	-	-	-	-	-	-	-	-	-	-	-	sladovniče	-	-
slanit	-	-	-	-	-	-	slaň	slaňme	slaňte	-	-	-	-
sletět	-	-	-	-	-	sletí	sleť	sleťme	sleťte	-	sletěn	-	-	-
sležet	-	-	-	-	-	sleží	slež	sležme	sležte	-	-	-	-	-
slinit	-	-	-	-	-	-	sliň	sliňme	sliňte	-	sliněn	-	-
slizovatět	-	-	-	-	-	-	slizovatěj	slizovatějme	slizovatějte	-	slizovatěn	slizovatěje	slizovatějíc	-
slout	sluji	sluješ	sluje	slujeme	slujete	slují	sluj	slujme	slujte	slul	slut	sluje	slujíc
sloučit	-	-	-	-	-	-	sluč	slučme	slučte	-	-	-	-
sloužit	-	-	-	-	-	-	služ	služme	služte	-	-	slouže	-
složit	-	-	-	-	-	-	-	-	-	-	-	slože	-	-
slunit	-	-	-	-	-	-	sluň	sluňme	sluňte	-	sluněn	-	-	-
slušet	-	-	-	-	-	slušejí	slušej	slušejme	slušejte	-	-	-	-	-
slynout	-	-	-	-	-	-	slyň	slyňme	slyňte	-	-	-	-
slyšet	-	-	-	-	-	slyší	poslyš	poslyšme	poslyšte	-	-	slyše	slyšíc
slzet	-	-	-	-	-	slzejí	-	-	-	-	-	slze	slzejíc
slézt	slezu	slezeš	sleze	slezeme	slezete	slezou	slez	slezme	slezte	slezl	slezen	-	-
slíbit	-	-	-	-	-	-	slib	slibme	slibte	-	-	-	-
slídit	-	-	-	-	-	-	sliď	sliďme	sliďte	-	slíděn	-	-	-
slít	sleji	sleješ	sleje	slejeme	slejete	slejou	slej	slejme	slejte	slil	slit	-	-
smažit	-	-	-	-	-	-	-	-	-	-	-	smaže	-
smejčit	-	-	-	-	-	-	smejči	smejčeme	smejčete	-	-	smejče	-	-
smejšlet	-	-	-	-	-	smejšlejí	smejšlej	smejšlejme	smejšlejte	-	-	smejšleje	smejšlejíc	-
smilnit	-	-	-	-	-	-	smilni	smilněme	smilněte	-	smilněn	-	-	-
smlčet	-	-	-	-	-	smlčí	smlč	smlčme	smlčte	-	-	-	-	-
smolit	-	-	-	-	-	-	-	-	-	-	-	smole	-	-
smočit	-	-	-	-	-	-	-	-	-	-	-	smoče	-	-
smradit	-	-	-	-	-	-	smraď	smraďme	smraďte	-	smraděn	-	-	-
smrdět	-	-	-	-	-	-	smrď	smrďme	smrďte	-	smrděn	smrdě	smrdíc
smrštit	-	-	-	-	-	-	smršti	smrštěme	smrštěte	-	smrštěn	-	-	-
smutit	-	-	-	-	-	-	smuť	smuťme	smuťte	-	smucen	-	-	-
smutnit	-	-	-	-	-	-	smutni	smutněme	smutněte	-	smutněn	-	-	-
smyslit	-	-	-	-	-	-	smysli	smysleme	smyslete	-	smyšlen	-	-	-
smát	směji	směješ	směje	smějeme	smějete	smějou	směj	smějme	smějte	-	-	směje	smějíc
smáčet	-	-	-	-	-	smáčejí	smáčej	smáčejme	smáčejte	-	-	smáčeje	smáčejíc	-
smést	smetu	smeteš	smete	smeteme	smetete	smetou	smeť	smeťme	smeťte	smetl	smeten	-	-	smetla
smísit	-	-	-	-	-	-	smis	smisme	smiste	-	-	-	-
smířit	-	-	-	-	-	-	smiř	smiřme	smiřte	-	-	-	-
smýt	smyji	smyješ	smyje	smejeme	smyjete	smyjou	smyj	smyjme	smyjte	smyl	smyt	-	-	smyla
smýtit	-	-	-	-	-	-	smýti	smýtěme	smýtěte	-	smýcen	-	-	-
smýčit	-	-	-	-	-	-	-	-	-	-	-	smýče	-	-
smýšlet	-	-	-	-	-	smýšlejí	smýšlej	smýšlejme	smýšlejte	-	-	smýšleje	smýšlejíc	-
směnit	-	-	-	-	-	-	směň	směňme	směňte	-	směněn	-	-
smět	-	-	-	-	-	-	směj	smějme	smějte	-	směn	směje	smějíc	-
snažit	-	-	-	-	-	-	-	-	-	-	-	snaže	-
snosit	-	-	-	-	-	-	-	-	-	-	snošen	-	-	-
snoubit	-	-	-	-	-	-	snub	snubme	snubte	-	-	-	-
snout	snuji	snuješ	snuje	snujeme	snujete	snujou	snuj	snujme	snujte	snul	-	-	-	snula
snovat	snovám	snováš	snová	snováme	snováte	snovají	snovej	snovejme	snovejte	-	snován	snovaje	snovajíc	-
snožit	-	-	-	-	-	-	-	-	-	-	-	snože	-	-
snášet	-	-	-	-	-	snášejí	snášej	snášejme	snášejte	-	-	snášeje	snášejíc
snést	snesu	sneseš	snese	sneseme	snesete	snesou	snes	snesme	sneste	snesl	snesen	-	-
sníst	sním	sníš	sní	sníme	sníte	snědí	sněz	snězme	snězte	snědl	sněden	-	-
snít	sním	sníš	sní	sníme	sníte	sní	sni	sněme	sněte	snil	sněn	sně	sníc	-
snížit	-	-	-	-	-	-	sniž	snižme	snižte	-	-	-	-
sněžit	-	-	-	-	-	-	-	-	-	-	-	sněže	-
sochařit	-	-	-	-	-	-	-	-	-	-	-	sochaře	-	-
solit	-	-	-	-	-	-	-	-	-	-	-	sole	-
soptit	-	-	-	-	-	-	sopti	soptěme	soptěte	-	soptěn	-	-
soucítit	-	-	-	-	-	-	souciť	souciťme	souciťte	-	-	-	-
soudit	-	-	-	-	-	-	suď	suďme	suďte	-	souzen	-	-
souhlasit	-	-	-	-	-	-	-	-	-	-	-	souhlase	-
soukromničit	-	-	-	-	-	-	-	-	-	-	-	soukromniče	-	-
souložit	-	-	-	-	-	-	-	-	-	-	-	soulože	-
sounáležet	-	-	-	-	-	sounáležejí	-	-	-	-	-	sounáleže	sounáležejíc	-
soupeřit	-	-	-	-	-	-	-	-	-	-	-	soupeře	-	-
sousedit	-	-	-	-	-	-	souseď	souseďme	souseďte	-	souseděn	-	-	-
soustružit	-	-	-	-	-	-	-	-	-	-	-	soustruže	-
soustředit	-	-	-	-	-	-	soustřeď	soustřeďme	soustřeďte	-	soustředěn	-	-
soutěžit	-	-	-	-	-	-	-	-	-	-	-	soutěže	-
souviset	-	-	-	-	-	souvisejí	souvisej	souvisejme	souvisejte	-	-	souvise	souvisejíc
souznít	souzním	souzníš	souzní	souzníme	souzníte	souzní	souzni	souzněme	souzněte	souzněl	souzněn	-	-	souzněla
souzvučet	-	-	-	-	-	souzvučí	souzvuč	souzvučme	souzvučte	-	-	souzvuče	souzvučíc	-
souřadit	-	-	-	-	-	-	souřaď	souřaďme	souřaďte	-	souřazen	-	-	-
soužit	-	-	-	-	-	-	souži	soužeme	soužete	-	-	souže	-	-
soužít	soužiji	soužiješ	soužije	soužijeme	soužijete	soužijou	soužij	soužijme	soužijte	soužil	soužit	soužije	soužijíc	soužila
sočit	-	-	-	-	-	-	-	-	-	-	-	soče	-
spasit	-	-	-	-	-	-	-	-	-	-	-	spase	-	-
spatřit	-	-	-	-	-	-	-	-	-	-	-	spatře	-	-
spařit	-	-	-	-	-	-	-	-	-	-	-	spaře	-	-
splakat	spláči	spláčeš	spláče	spláčeme	spláčete	spláčou	-	-	-	-	-	-	-	-
splatit	-	-	-	-	-	-	splať	splaťme	splaťte	-	splacen	-	-
splavnit	-	-	-	-	-	-	splavni	splavněme	splavněte	-	splavněn	-	-	-
splašit	-	-	-	-	-	-	-	-	-	-	-	splaše	-	-
splnit	-	-	-	-	-	-	splň	splňme	splňte	-	splněn	-	-
splout	spluji	spluješ	spluje	splujeme	splujete	splujou	spluj	splujme	splujte	splul	splut	-	-	splula
sploštit	-	-	-	-	-	-	splošti	sploštěme	sploštěte	-	sploštěn	-	-	-
splužit	-	-	-	-	-	-	-	-	-	-	-	spluže	-	-
splynout	-	-	-	-	-	-	splyň	splyňme	splyňte	-	-	-	-	-
splácet	-	-	-	-	-	splácejí	splácej	splácejme	splácejte	-	-	spláceje	splácejíc
splést	spletu	spleteš	splete	spleteme	spletete	spletou	spleť	spleťme	spleťte	spletl	spleten	-	-
spojit	-	-	-	-	-	-	-	-	-	-	-	spoje	-	-
spokojit	-	-	-	-	-	-	-	-	-	-	-	spokoje	-	-
spoludotvářet	-	-	-	-	-	spoludotvářejí	spoludotvářej	spoludotvářejme	spoludotvářejte	-	-	spoludotvářeje	spoludotvářejíc	-
spoludržet	-	-	-	-	-	spoludrží	spoludrž	spoludržme	spoludržte	-	-	spoludrže	spoludržíc	-
spolunabýt	spolunabudu	spolunabudeš	spolunabude	spolunabudeme	spolunabudete	spolunabudou	spolunabuď	spolunabuďme	spolunabuďte	spolunabyl	spolunabyt	-	-	spolunabyla
spoluoprávnit	-	-	-	-	-	-	spoluoprávni	spoluoprávněme	spoluoprávněte	-	spoluoprávněn	spoluoprávněně	spoluoprávněníc	-
spolupocítit	-	-	-	-	-	-	spolupociť	spolupociťme	spolupociťte	-	spolupocítěn	-	-	-
spolupodepsat	spolupodepíši	spolupodepíšeš	spolupodepíše	spolupodepíšeme	spolupodepíšete	spolupodepíšou	spolupodepiš	spolupodepišme	spolupodepište	-	-	-	-	-
spolupodílet	-	-	-	-	-	spolupodílejí	spolupodílej	spolupodílejme	spolupodílejte	-	-	spolupodíleje	spolupodílejíc	-
spolupojistit	-	-	-	-	-	-	spolupojisti	spolupojistěme	spolupojistěte	-	spolupojištěn	-	-	-
spolupoužít	spolupoužiji	spolupoužiješ	spolupoužije	spolupoužijeme	spolupoužijete	spolupoužijou	spolupoužij	spolupoužijme	spolupoužijte	spolupoužil	spolupoužit	-	-	spolupoužila
spoluprožít	spoluprožiji	spoluprožiješ	spoluprožije	spoluprožijeme	spoluprožijete	spoluprožijou	spoluprožij	spoluprožijme	spoluprožijte	spoluprožil	spoluprožit	-	-	spoluprožila
spolusdílet	-	-	-	-	-	spolusdílejí	spolusdílej	spolusdílejme	spolusdílejte	-	-	spolusdíleje	spolusdílejíc	-
spolusrážet	-	-	-	-	-	spolusrážejí	spolusrážej	spolusrážejme	spolusrážejte	-	-	spolusrážeje	spolusrážejíc	-
spolutvořit	-	-	-	-	-	-	-	-	-	-	-	spolutvoře	-	-
spoluutvářet	-	-	-	-	-	spoluutvářejí	spoluutvářej	spoluutvářejme	spoluutvářejte	-	-	spoluutvářeje	spoluutvářejíc	-
spoluuvádět	-	-	-	-	-	-	spoluuváděj	spoluuvádějme	spoluuvádějte	-	spoluuváděn	spoluuváděje	spoluuvádějíc	-
spoluvlastnit	-	-	-	-	-	-	spoluvlastni	spoluvlastněme	spoluvlastněte	-	-	-	-	-
spoluvychovat	spoluvychovám	spoluvychováš	spoluvychová	spoluvychováme	spoluvychováte	spoluvychovají	spoluvychovej	spoluvychovejme	spoluvychovejte	-	spoluvychován	spoluvychovaje	spoluvychovajíc	-
spoluvytvořit	-	-	-	-	-	-	-	-	-	-	-	spoluvytvoře	-	-
spoluvytvářet	-	-	-	-	-	spoluvytvářejí	spoluvytvářej	spoluvytvářejme	spoluvytvářejte	-	-	spoluvytvářeje	spoluvytvářejíc	-
spoluzaložit	-	-	-	-	-	-	-	-	-	-	-	spoluzalože	-	-
spoluzapříčinit	-	-	-	-	-	-	spoluzapříčiň	spoluzapříčiňme	spoluzapříčiňte	-	spoluzapříčiněn	-	-	-
spoluzavinit	-	-	-	-	-	-	spoluzaviň	spoluzaviňme	spoluzaviňte	-	spoluzaviněn	-	-	-
spoluúčastnit	-	-	-	-	-	-	spoluúčastni	spoluúčastněme	spoluúčastněte	-	spoluúčastněn	-	-	-
spolužít	spolužiji	spolužiješ	spolužije	spolužijeme	spolužijete	spolužijou	spolužij	spolužijme	spolužijte	spolužil	spolužit	spolužije	spolužijíc	spolužila
spolčit	-	-	-	-	-	-	spolči	spolčeme	spolčete	-	-	-	-	-
spouštět	-	-	-	-	-	-	spouštěj	spouštějme	spouštějte	-	spouštěn	spouštěje	spouštějíc
spočinout	-	-	-	-	-	-	spočiň	spočiňme	spočiňte	-	-	-	-	-
spočíst	spočtu	spočteš	spočte	spočteme	spočtete	spočtou	spočti	spočtěme	spočtěte	spočetl	spočten	-	-	spočetla
spořit	-	-	-	-	-	-	-	-	-	-	-	spoře	-
spražit	-	-	-	-	-	-	-	-	-	-	-	spraže	-	-
sprostit	-	-	-	-	-	-	-	-	-	-	sproštěn	-	-	-
sprosťačit	-	-	-	-	-	-	-	-	-	-	-	sprosťače	-	-
sprovodit	-	-	-	-	-	-	sprovoď	sprovoďme	sprovoďte	-	sprovozen	-	-
sprát	speru	spereš	spere	spereme	sperete	sperou	sper	sperme	sperte	spral	sprán	-	-	sprala
spustit	-	-	-	-	-	-	spusť	spusťme	spusťte	-	spuštěn	-	-
spájet	-	-	-	-	-	spájejí	spájej	spájejme	spájejte	-	-	spájeje	spájejíc	-
spálit	-	-	-	-	-	-	spal	spalme	spalte	-	-	-	-
spást	spasu	spaseš	spase	spaseme	spasete	spasou	spas	spasme	spaste	-	spasen	-	-
spát	spím	spíš	spí	spíme	spíte	spí	spi	spěme	spěte	spal	-	spě	spíc
spářit	-	-	-	-	-	-	spař	spařme	spařte	-	-	-	-	-
spéci	speču	spečeš	speče	spečeme	spečete	spečou	speč	spečme	spečte	spekl	spečen	-	-	spekla
spíjet	-	-	-	-	-	spíjejí	spíjej	spíjejme	spíjejte	-	-	spíjeje	spíjejíc	-
spět	spěji	spěješ	spěje	spějeme	spějete	-	spěj	spějme	spějte	-	spěn	-	-	-
spřátelit	-	-	-	-	-	-	-	-	-	-	-	spřátele	-	-
spříst	spřadu	spřadeš	spřade	spřademe	spřadete	spřadou	spřaď	spřaďme	spřaďte	spřadl	spřaden	-	-	spřadla
spříznit	-	-	-	-	-	-	spřízni	spřízněme	spřízněte	-	spřízněn	-	-	-
srazit	-	-	-	-	-	-	-	-	-	-	sražen	-	-
srotit	-	-	-	-	-	-	sroť	sroťme	sroťte	-	srocen	-	-	-
sroubit	-	-	-	-	-	-	sroubi	srouběme	srouběte	-	-	-	-	-
srozumět	-	-	-	-	-	-	srozuměj	srozumějme	srozumějte	-	srozuměn	srozuměje	srozumějíc	-
srát	seru	sereš	sere	sereme	serete	serou	ser	serme	serte	sral	srán	sera	serouc
srážet	-	-	-	-	-	srážejí	srážej	srážejme	srážejte	-	-	srážeje	srážejíc
sršet	-	-	-	-	-	srší	srš	sršme	sršte	-	-	srše	sršíc	-
srůst	srostu	srosteš	sroste	srosteme	srostete	srostou	srosť	srosťme	srosťte	srostl	-	-	-
ssát	ssaji	ssaješ	ssaje	ssajeme	ssajete	ssajou	-	-	-	-	ssán	-	-	-
stahnout	-	-	-	-	-	-	-	-	-	stahnul	-	-	-	stahnula
stanout	-	-	-	-	-	-	staň	staňme	staňte	-	-	-	-	-
statnět	-	-	-	-	-	-	statněj	statnějme	statnějte	-	statněn	statněje	statnějíc	-
stavět	-	-	-	-	-	-	stav	stavme	stavte	-	stavěn	-	-
stačit	-	-	-	-	-	-	-	-	-	-	-	stače	-
stkvět	-	-	-	-	-	-	stkvěj	stkvějme	stkvějte	-	-	stkvěje	stkvějíc	-
stlačit	-	-	-	-	-	-	-	-	-	-	-	stlače	-	-
stlouci	stluču	stlučeš	stluče	stlučeme	stlučete	stlučou	stluč	stlučme	stlučte	stloukl	stlučen	-	-	stloukla
stlát	stelu	steleš	stele	steleme	stelete	stelou	stel	stelme	stelte	stlal	stlán	stela	stelouc
stmelit	-	-	-	-	-	-	-	-	-	-	-	stmele	-	-
stolit	-	-	-	-	-	-	-	-	-	-	-	stole	-	-
stonkovatět	-	-	-	-	-	-	stonkovatěj	stonkovatějme	stonkovatějte	-	stonkovatěn	stonkovatěje	stonkovatějíc	-
stopařit	-	-	-	-	-	-	-	-	-	-	-	stopaře	-	-
stočit	-	-	-	-	-	-	-	-	-	-	-	stoče	-	-
strakatit	-	-	-	-	-	-	strakať	strakaťme	strakaťte	-	strakacen	-	-	-
stranit	-	-	-	-	-	-	straň	straňme	straňte	-	straněn	-	-	-
strašit	-	-	-	-	-	-	-	-	-	-	-	straše	-	-
stražit	-	-	-	-	-	-	-	-	-	-	-	straže	-	-
strmět	-	-	-	-	-	strmí	strmi	strměme	strměte	-	strměn	strmě	strmíc	-
strnout	-	-	-	-	-	-	strň	strňme	strňte	strnul	-	-	-	strnula
strojit	-	-	-	-	-	-	-	-	-	-	-	stroje	-
strpět	-	-	-	-	-	strpí	strp	strpme	strpte	-	strpěn	-	-
strávit	-	-	-	-	-	-	strav	stravme	stravte	-	-	-	-
strčit	-	-	-	-	-	-	-	-	-	-	-	strče	-	-
stržit	-	-	-	-	-	-	-	-	-	-	-	strže	-	-
studit	-	-	-	-	-	-	stuď	stuďme	stuďte	-	stuzen	-	-	-
stulit	-	-	-	-	-	-	-	-	-	-	-	stule	-	-
stvořit	-	-	-	-	-	-	-	-	-	-	-	stvoře	-	-
stvrdit	-	-	-	-	-	-	stvrď	stvrďme	stvrďte	-	stvrzen	-	-
stydět	-	-	-	-	-	-	styď	styďme	styďte	-	styděn	stydě	stydíc	-
stápět	-	-	-	-	-	-	stápěj	stápějme	stápějte	-	stápěn	stápěje	stápějíc	-
stát	stanu	staneš	stane	staneme	stanete	stanou	staň	staňme	staňte	-	-	stoje	stojíc
stáčet	-	-	-	-	-	stáčejí	stáčej	stáčejme	stáčejte	-	-	stáčeje	stáčejíc	-
stéci	steču	stečeš	steče	stečeme	stečete	stečou	steč	stečme	stečte	stekl	stečen	-	-	stekla
stínit	-	-	-	-	-	-	stiň	stiňme	stiňte	-	stíněn	-	-
stísnit	-	-	-	-	-	-	stísni	stísněme	stísněte	-	stísněn	-	-	-
středit	-	-	-	-	-	-	střeď	střeďme	střeďte	-	středěn	-	-	-
střelit	-	-	-	-	-	-	-	-	-	-	-	střele	-	-
střežit	-	-	-	-	-	-	-	-	-	-	-	střeže	-
střást	střesu	střeseš	střese	střeseme	střesete	střesou	střes	střesme	střeste	-	střesen	-	-	-
stříbřit	-	-	-	-	-	-	stříbři	stříbřeme	stříbřete	-	-	stříbře	-	-
stříci	střehu	střežeš	střeže	střežeme	střežete	střehou	střez	střezme	střezte	střehl	-	střeha	střehouc
střílet	-	-	-	-	-	střílejí	střílej	střílejme	střílejte	-	-	stříleje	střílejíc
střízlivět	-	-	-	-	-	-	střízlivěj	střízlivějme	střízlivějte	-	střízlivěn	střízlivěje	střízlivějíc	-
sulcovatět	-	-	-	-	-	sulcovatí	sulcovať	sulcovaťme	sulcovaťte	-	sulcovatěn	sulcovatě	sulcovatíc	-
sunout	-	-	-	-	-	-	suň	suňme	suňte	-	-	-	-
superzabezpečit	-	-	-	-	-	-	-	-	-	-	-	superzabezpeče	-	-
superzřetězit	-	-	-	-	-	-	-	-	-	-	-	superzřetěze	-	-
supět	-	-	-	-	-	supí	sup	supme	supte	-	supěn	supě	supíc	-
surovět	-	-	-	-	-	-	surověj	surovějme	surovějte	-	surověn	surověje	surovějíc	-
sušit	-	-	-	-	-	-	-	-	-	-	-	suše	-
svalit	-	-	-	-	-	-	-	-	-	-	-	svale	-	-
svanout	-	-	-	-	-	-	svaň	svaňme	svaňte	-	-	-	-	-
svatořečit	-	-	-	-	-	-	-	-	-	-	-	svatořeče	-	-
svačit	-	-	-	-	-	-	-	-	-	-	-	svače	-	-
svařit	-	-	-	-	-	-	-	-	-	-	-	svaře	-	-
svinit	-	-	-	-	-	-	sviň	sviňme	sviňte	-	sviněn	-	-	-
svinout	-	-	-	-	-	-	sviň	sviňme	sviňte	-	-	-	-	-
svištět	-	-	-	-	-	-	svišti	svištěme	svištěte	-	svištěn	sviště	svištíc	-
svlažit	-	-	-	-	-	-	-	-	-	-	-	svlaže	-	-
svléci	svleku	svlečeš	svleče	svlečeme	svlečete	svlekou	svlec	svlecme	svlecte	svlekl	svlečen	-	-	svlekla
svolit	-	-	-	-	-	-	-	-	-	-	-	svole	-	-
svozit	-	-	-	-	-	-	-	-	-	-	svožen	-	-	-
svraštit	-	-	-	-	-	-	svrašti	svraštěme	svraštěte	-	svraštěn	-	-
svraštět	-	-	-	-	-	svraští	svrašti	svraštěme	svraštěte	-	svraštěn	svraště	svraštíc	-
svrbět	-	-	-	-	-	svrbí	svrb	svrbme	svrbte	-	-	-	-
svrtit	-	-	-	-	-	-	svrť	svrťme	svrťte	-	svrcen	-	-	-
svádět	-	-	-	-	-	-	sváděj	svádějme	svádějte	-	sváděn	sváděje	svádějíc
sválet	-	-	-	-	-	sválejí	sválej	sválejme	sválejte	-	-	sváleje	sválejíc	-
svát	svěji	svěješ	svěje	svějeme	svějete	svějou	svěj	svějme	svějte	-	svát	-	-	-
svázat	svážu	svážeš	sváže	svážeme	svážete	svážou	svaž	svažme	svažte	-	-	-	-
svářet	-	-	-	-	-	svářejí	svářej	svářejme	svářejte	-	-	svářeje	svářejíc
svářit	-	-	-	-	-	-	svař	svařme	svařte	-	-	sváře	-	-
svážet	-	-	-	-	-	svážejí	svážej	svážejme	svážejte	-	-	svážeje	svážejíc	-
svážit	-	-	-	-	-	-	svaž	svažme	svažte	-	-	-	-	-
svést	svedu	svedeš	svede	svedeme	svedete	svedou	sveď	sveďme	sveďte	svedl	sveden	-	-	svedla
svézt	svezu	svezeš	sveze	svezeme	svezete	svezou	svez	svezme	svezte	svezl	svezen	-	-	svezla
svíjet	-	-	-	-	-	svíjejí	svíjej	svíjejme	svíjejte	-	-	svíjeje	svíjejíc
svítit	-	-	-	-	-	-	sviť	sviťme	sviťte	-	svícen	-	-	-
svědit	-	-	-	-	-	-	svěď	svěďme	svěďte	-	svěděn	-	-	-
svědčit	-	-	-	-	-	-	-	-	-	-	-	svědče	-
svěsit	-	-	-	-	-	-	-	-	-	-	svěšen	-	-
světit	-	-	-	-	-	-	svěť	svěťme	svěťte	-	svěcen	-	-
světlet	-	-	-	-	-	světlejí	světlej	světlejme	světlejte	-	-	světleje	světlejíc	-
svěřit	-	-	-	-	-	-	-	-	-	-	-	svěře	-	-
sytit	-	-	-	-	-	-	syť	syťme	syťte	-	sycen	-	-	-
syčet	-	-	-	-	-	syčí	syč	syčme	syčte	-	-	syče	syčíc
sádelnatět	-	-	-	-	-	-	sádelnatěj	sádelnatějme	sádelnatějte	-	sádelnatěn	sádelnatěje	sádelnatějíc	-
sát	saji	saješ	saje	sajeme	sajete	sají	saj	sajme	sajte	-	sán	saje	sajíc
sázet	-	-	-	-	-	sázejí	sázej	sázejme	sázejte	-	-	sázeje	sázejíc
síci	seču	sečeš	seče	sečeme	sečete	sečou	seč	sečme	sečte	sekl	sečen	seka	sekouc	sekla
sídlit	-	-	-	-	-	-	sídli	sídleme	sídlete	-	-	sídle	-
sílit	-	-	-	-	-	-	sil	silme	silte	-	-	síle	-
sípět	-	-	-	-	-	sípí	sípi	sípěme	sípěte	-	sípěn	sípě	sípíc	-
sít	seji	seješ	seje	sejeme	sejete	sejou	sej	sejme	sejte	sel	set	seje	sejíc
sířit	-	-	-	-	-	-	siř	siřme	siřte	-	-	síře	-	-
sýřit	-	-	-	-	-	-	syř	syřme	syřte	-	-	-	-	-
sřasit	-	-	-	-	-	-	-	-	-	-	-	sřase	-	-
sřečit	-	-	-	-	-	-	-	-	-	-	-	sřeče	-	-
sžít	sžiji	sžiješ	sžije	sžijeme	sžijete	sžijou	sžij	sžijme	sžijte	sžil	sžit	-	-	sžila
tajit	-	-	-	-	-	-	-	-	-	-	-	taje	-
tajnůstkařit	-	-	-	-	-	-	-	-	-	-	-	tajnůstkaře	-	-
tanout	-	-	-	-	-	-	taň	taňme	taňte	-	-	-	-
tančit	-	-	-	-	-	-	tanči	tančeme	tančete	-	-	tanče	-
tarasit	-	-	-	-	-	-	-	-	-	-	-	tarase	-
tasit	-	-	-	-	-	-	-	-	-	-	-	tase	-
taxikařit	-	-	-	-	-	-	-	-	-	-	-	taxikaře	-	-
taxíkařit	-	-	-	-	-	-	-	-	-	-	-	taxíkaře	-	-
taškařit	-	-	-	-	-	-	-	-	-	-	-	taškaře	-	-
telit	-	-	-	-	-	-	-	-	-	-	-	tele	-
temnit	-	-	-	-	-	-	temni	temněme	temněte	-	temněn	-	-	-
temnět	-	-	-	-	-	-	temni	temněme	temněte	-	temněn	temně	temníc	-
tenčit	-	-	-	-	-	-	tenči	tenčeme	tenčete	-	-	tenče	-
tesařit	-	-	-	-	-	-	-	-	-	-	-	tesaře	-	-
tesknit	-	-	-	-	-	-	teskni	teskněme	teskněte	-	teskněn	-	-	-
tetelit	-	-	-	-	-	-	-	-	-	-	-	tetele	-	-
teřet	-	-	-	-	-	teřejí	teřej	teřejme	teřejte	-	-	teřeje	teřejíc	-
tišit	-	-	-	-	-	-	-	-	-	-	-	tiše	-
tknout	-	-	-	-	-	-	-	-	-	tknul	-	-	-	tkla
tkvět	-	-	-	-	-	-	tkvi	tkvěme	tkvěte	-	tkvěn	-	-	-
tkát	tkám	tkáš	tká	tkáme	tkáte	tkají	tkej	tkejme	tkejte	tkal	tkán	tkaje	tkajíc
tlačit	-	-	-	-	-	-	-	-	-	-	-	tlače	-
tlouci	tluču	tlučeš	tluče	tlučeme	tlučete	tlučou	tluč	tlučme	tlučte	tloukl	tlučen	tluka	tlukouc
tlumočit	-	-	-	-	-	-	-	-	-	-	-	tlumoče	-
tlít	tlím	tlíš	tlí	tlíme	tlíte	tlejí	tlej	tlejme	tlejte	tlel	tlen	tle	tlejíc	-
tmavět	-	-	-	-	-	-	tmavěj	tmavějme	tmavějte	-	tmavěn	tmavěje	tmavějíc	-
tmelit	-	-	-	-	-	-	-	-	-	-	-	tmele	-	-
tmět	-	-	-	-	-	-	tmi	tmějme	tmějte	-	tměn	-	-	-
tnout	-	-	-	-	-	-	-	-	-	tnul	-	-	-
tonout	-	-	-	-	-	-	toň	toňme	toňte	-	-	-	-
topolánkovatět	-	-	-	-	-	-	topolánkovatěj	topolánkovatějme	topolánkovatějte	-	topolánkovatěn	topolánkovatěje	topolánkovatějíc	-
topornět	-	-	-	-	-	toporní	-	-	-	-	toporněn	toporně	toporníc	-
topořit	-	-	-	-	-	-	-	-	-	-	-	topoře	-
toužit	-	-	-	-	-	-	touži	toužeme	toužete	-	-	touže	-
točit	-	-	-	-	-	-	-	-	-	-	-	toče	-
tratit	-	-	-	-	-	-	trať	traťme	traťte	-	tracen	-	-
trmácet	-	-	-	-	-	trmácejí	trmácej	trmácejme	trmácejte	-	-	trmáceje	trmácejíc	-
trnout	-	-	-	-	-	-	trň	trňme	trňte	trnul	-	-	-
trojčit	-	-	-	-	-	-	trojči	trojčeme	trojčete	-	-	trojče	-	-
troubit	-	-	-	-	-	-	trub	trubme	trubte	-	-	-	-
trouchlivět	-	-	-	-	-	-	trouchlivěj	trouchlivějme	trouchlivějte	-	trouchlivěn	trouchlivěje	trouchlivějíc	-
trouchnivět	-	-	-	-	-	-	trouchnivěj	trouchnivějme	trouchnivějte	-	trouchnivěn	trouchnivěje	trouchnivějíc	-
trousit	-	-	-	-	-	-	trus	trusme	truste	-	troušen	trouse	-	-
troškařit	-	-	-	-	-	-	-	-	-	-	-	troškaře	-	-
trpět	-	-	-	-	-	trpí	trp	trpme	trpte	-	trpěn	trpě	trpíc
truchlit	-	-	-	-	-	-	truchli	truchleme	truchlete	-	-	truchle	-
trudit	-	-	-	-	-	-	truď	truďme	truďte	-	-	-	-
truhlařit	-	-	-	-	-	-	-	-	-	-	-	truhlaře	-	-
trápit	-	-	-	-	-	-	trap	trapme	trapte	-	-	-	-
trávit	-	-	-	-	-	-	trav	travme	travte	-	-	-	-
trýznit	-	-	-	-	-	-	trýzni	trýzněme	trýzněte	-	trýzněn	-	-
trčet	-	-	-	-	-	trčí	trč	trčme	trčte	-	-	trče	trčíc
trčit	-	-	-	-	-	-	-	-	-	-	-	trče	-	-
trůnit	-	-	-	-	-	-	trůni	trůněme	trůněte	-	trůněn	-	-	-
tržit	-	-	-	-	-	-	-	-	-	-	-	trže	-	-
tulit	-	-	-	-	-	-	-	-	-	-	-	tule	-
tupět	-	-	-	-	-	tupí	tup	tupme	tupte	-	tupěn	tupě	tupíc	-
tučnět	-	-	-	-	-	tuční	tučni	tučněme	tučněte	-	tučněn	-	-	-
tušit	-	-	-	-	-	-	-	-	-	-	-	tuše	-
tužit	-	-	-	-	-	-	-	-	-	-	-	tuže	-	-
tvarohovatět	-	-	-	-	-	-	tvarohovatěj	tvarohovatějme	tvarohovatějte	-	tvarohovatěn	tvarohovatěje	tvarohovatějíc	-
tvořit	-	-	-	-	-	-	-	-	-	-	-	tvoře	-
tvrdit	-	-	-	-	-	-	tvrď	tvrďme	tvrďte	-	tvrzen	-	-
tvárnit	-	-	-	-	-	-	tvárni	tvárněme	tvárněte	-	tvárněn	-	-	-
tvářet	-	-	-	-	-	tvářejí	tvářej	tvářejme	tvářejte	-	-	tvářeje	tvářejíc
tvářit	-	-	-	-	-	-	tvař	tvařme	tvařte	-	-	tváře	-
tyčit	-	-	-	-	-	-	-	-	-	-	-	tyče	-	-
tyřet	-	-	-	-	-	tyřejí	tyřej	tyřejme	tyřejte	-	-	tyřeje	tyřejíc	-
tábořit	-	-	-	-	-	-	-	-	-	-	-	táboře	-	-
tát	taji	taješ	taje	tajeme	tajete	tajou	taj	tajme	tajte	-	-	taje	tajíc	-
tázat	tážu	tážeš	táže	tážeme	tážete	tážou	taž	tažme	tažte	-	-	-	-
téci	teču	tečeš	teče	tečeme	tečete	tečou	teč	tečme	tečte	tekl	tečen	teka	tekouc
tísnit	-	-	-	-	-	-	tísni	tísněme	tísněte	-	tísněn	-	-	-
tížit	-	-	-	-	-	-	tiž	tižme	tižte	-	-	tíže	-
týt	tyji	tyješ	tyje	tyjeme	tyjete	tyjou	tyj	tyjme	tyjte	tyl	-	tyje	tyjíc
týčit	-	-	-	-	-	-	-	-	-	-	-	týče	-	-
týřet	-	-	-	-	-	týřejí	týřej	týřejme	týřejte	-	-	týřeje	týřejíc	-
tělnatět	-	-	-	-	-	-	tělnatěj	tělnatějme	tělnatějte	-	tělnatěn	tělnatěje	tělnatějíc	-
tělocvičit	-	-	-	-	-	-	-	-	-	-	-	tělocviče	-	-
těsnit	-	-	-	-	-	-	těsni	těsněme	těsněte	-	těsněn	-	-
těšit	-	-	-	-	-	-	-	-	-	-	-	těše	-
těžit	-	-	-	-	-	-	-	-	-	-	-	těže	-	-
třeštit	-	-	-	-	-	-	třešti	třeštěme	třeštěte	-	třeštěn	-	-	-
třpytit	-	-	-	-	-	-	třpyť	třpyťme	třpyťte	-	třpycen	-	-	-
třásnit	-	-	-	-	-	-	třásni	třásněme	třásněte	-	třásněn	-	-	-
třást	třesu	třeseš	třese	třeseme	třesete	třesou	třes	třesme	třeste	-	třesen	třesa	třesouc
tříbit	-	-	-	-	-	-	třib	třibme	třibte	-	-	-	-
třídit	-	-	-	-	-	-	třiď	třiďme	třiďte	-	tříděn	-	-
třísnit	-	-	-	-	-	-	třísni	třísněme	třísněte	-	třísněn	-	-	-
třít	třu	třeš	tře	třeme	třete	třou	tři	třeme	třete	třel	třen	tra	trouc
tříštit	-	-	-	-	-	-	tříšti	tříštěme	tříštěte	-	tříštěn	-	-
uadvokátit	-	-	-	-	-	-	-	-	-	-	uadvokátěn	-	-	-
ubalit	-	-	-	-	-	-	-	-	-	-	-	ubale	-	-
ubednit	-	-	-	-	-	-	ubedni	ubedněme	ubedněte	-	ubedněn	-	-	-
ubezpečit	-	-	-	-	-	-	-	-	-	-	-	ubezpeče	-	-
ublížit	-	-	-	-	-	-	ubliž	ubližme	ubližte	-	-	-	-
ubrat	uberu	ubereš	ubere	ubereme	uberete	uberou	uber	uberme	uberte	-	-	-	-	-
ubrebentit	-	-	-	-	-	-	ubrebenti	ubrebentěme	ubrebentěte	-	ubrebentěn	-	-	-
ubrečet	-	-	-	-	-	ubrečí	ubreč	ubrečme	ubrečte	-	-	-	-	-
ubrigádničit	-	-	-	-	-	-	-	-	-	-	-	ubrigádniče	-	-
ubrousit	-	-	-	-	-	-	ubrus	ubrusme	ubruste	-	ubroušen	-	-	-
ubručet	-	-	-	-	-	ubručí	ubruč	ubručme	ubručte	-	-	-	-	-
ubrzdit	-	-	-	-	-	-	ubrzdi	ubrzděme	ubrzděte	-	ubrzděn	-	-	-
ubránit	-	-	-	-	-	-	ubraň	ubraňme	ubraňte	-	ubráněn	-	-
ubučet	-	-	-	-	-	ubučejí	ubučej	ubučejme	ubučejte	-	-	ubučeje	ubučejíc	-
ubzdít	ubzdím	ubzdíš	ubzdí	ubzdíme	ubzdíte	ubzdí	ubzdi	ubzděme	ubzděte	ubzdil	ubzděn	-	-	ubzdila
ubíjet	-	-	-	-	-	ubíjejí	ubíjej	ubíjejme	ubíjejte	-	-	ubíjeje	ubíjejíc	-
ubílit	-	-	-	-	-	-	ubíli	ubíleme	ubílete	-	-	-	-	-
ubít	ubiji	ubiješ	ubije	ubijeme	ubijete	ubijou	ubij	ubijme	ubijte	ubil	ubit	-	-	ubila
ubýt	ubudu	ubudeš	ubude	ubudeme	ubudete	ubudou	ubuď	ubuďme	ubuďte	ubyl	ubyt	-	-	ubyla
ucedit	-	-	-	-	-	-	uceď	uceďme	uceďte	-	ucezen	-	-	-
ucejtit	-	-	-	-	-	-	ucejť	ucejťme	ucejťte	-	ucejtěn	-	-	-
ucelit	-	-	-	-	-	-	-	-	-	-	-	ucele	-	-
uchladit	-	-	-	-	-	-	uchlaď	uchlaďme	uchlaďte	-	uchlazen	-	-	-
uchlácholit	-	-	-	-	-	-	-	-	-	-	-	uchláchole	-	-
uchodit	-	-	-	-	-	-	uchoď	uchoďme	uchoďte	-	uchozen	-	-	-
uchovat	uchovám	uchováš	uchová	uchováme	uchováte	uchovají	uchovej	uchovejme	uchovejte	-	uchován	-	-
uchramostit	-	-	-	-	-	-	uchramosti	uchramostěme	uchramostěte	-	uchramostěn	-	-	-
uchraptět	-	-	-	-	-	-	uchrapti	uchraptěme	uchraptěte	-	uchraptěn	-	-	-
uchránit	-	-	-	-	-	-	uchraň	uchraňme	uchraňte	-	uchráněn	-	-
uchválit	-	-	-	-	-	-	uchval	uchvalme	uchvalte	-	-	-	-	-
uchvátit	-	-	-	-	-	-	uchvať	uchvaťme	uchvaťte	-	uchvácen	-	-	-
uchytit	-	-	-	-	-	-	uchyť	uchyťme	uchyťte	-	uchycen	-	-	-
ucházet	-	-	-	-	-	ucházejí	ucházej	ucházejme	ucházejte	-	-	ucházeje	ucházejíc	-
uchýlit	-	-	-	-	-	-	uchyl	uchylme	uchylte	-	-	-	-
uchřestit	-	-	-	-	-	-	-	-	-	-	uchřestěn	-	-	-
ucmuchtit	-	-	-	-	-	-	ucmuchti	ucmuchtěme	ucmuchtěte	-	ucmuchtěn	-	-	-
ucmudit	-	-	-	-	-	-	ucmuď	ucmuďme	ucmuďte	-	ucmuděn	-	-	-
ucpat	ucpu	ucpeš	ucpe	ucpeme	ucpete	ucpou	ucpi	ucpěme	ucpěte	-	-	-	-
uctnostnit	-	-	-	-	-	-	uctnostni	uctnostněme	uctnostněte	-	uctnostněn	-	-	-
uctít	uctím	uctíš	uctí	uctíme	uctíte	uctí	ucti	uctěme	uctěte	uctil	uctěn	-	-
uculit	-	-	-	-	-	-	-	-	-	-	-	ucule	-	-
ucítit	-	-	-	-	-	-	uciť	uciťme	uciťte	-	ucítěn	-	-	-
udařit	-	-	-	-	-	-	-	-	-	-	-	udaře	-	-
udeřit	-	-	-	-	-	-	-	-	-	-	-	udeře	-	-
udit	-	-	-	-	-	-	uď	uďme	uďte	-	uzen	-	-
udobřit	-	-	-	-	-	-	udobři	udobřeme	udobřete	-	-	-	-
udojit	-	-	-	-	-	-	-	-	-	-	-	udoje	-	-
udomácnit	-	-	-	-	-	-	udomácni	udomácněme	udomácněte	-	udomácněn	-	-	-
udomácnět	-	-	-	-	-	-	udomácněj	udomácnějme	udomácnějte	-	udomácněn	udomácněje	udomácnějíc	-
udrat	uderu	udereš	udere	udereme	uderete	uderou	uder	uderme	uderte	-	-	-	-	-
udrolit	-	-	-	-	-	-	-	-	-	-	-	udrole	-	-
udržet	-	-	-	-	-	udrží	udrž	udržme	udržte	-	-	-	-
udusit	-	-	-	-	-	-	-	-	-	-	udušen	-	-
udát	udám	udáš	udá	udáme	udáte	udají	-	-	-	-	-	-	-	-
udávit	-	-	-	-	-	-	udav	udavme	udavte	-	-	-	-	-
udílet	-	-	-	-	-	udílejí	udílej	udílejme	udílejte	-	-	udíleje	udílejíc	-
udělit	-	-	-	-	-	-	-	-	-	-	-	uděle	-	-
uděsit	-	-	-	-	-	-	-	-	-	-	uděšen	-	-	-
udřít	udřu	udřeš	udře	udřeme	udřete	udřou	udři	udřeme	udřete	udřel	udřen	-	-	udřela
ufrnět	-	-	-	-	-	ufrní	ufrň	ufrňme	ufrňte	-	ufrněn	-	-	-
ufunkcionařit	-	-	-	-	-	-	-	-	-	-	-	ufunkcionaře	-	-
ufunět	-	-	-	-	-	ufuní	ufuň	ufuňme	ufuňte	-	ufuněn	-	-	-
uhamonit	-	-	-	-	-	-	uhamoň	uhamoňme	uhamoňte	-	uhamoněn	-	-	-
uhasit	-	-	-	-	-	-	-	-	-	-	uhašen	-	-
uhelnatět	-	-	-	-	-	uhelnatí	uhelnať	uhelnaťme	uhelnaťte	-	uhelnatěn	uhelnatě	uhelnatíc	-
uhihňat	-	-	-	-	-	-	uhihněj	uhihnějme	uhihnějte	-	-	-	-	-
uhladit	-	-	-	-	-	-	uhlaď	uhlaďme	uhlaďte	-	uhlazen	-	-
uhledět	-	-	-	-	-	uhledí	uhleď	uhleďme	uhleďte	-	uhleděn	-	-	-
uhlinit	-	-	-	-	-	-	uhliň	uhliňme	uhliňte	-	uhliněn	-	-	-
uhnat	uženu	uženeš	užene	uženeme	uženete	uženou	užeň	užeňme	užeňte	-	-	-	-
uhniličit	-	-	-	-	-	-	-	-	-	-	-	uhniliče	-	-
uhnout	-	-	-	-	-	-	-	-	-	uhnul	-	-	-	uhnula
uhníst	uhnětu	uhněteš	uhněte	uhněteme	uhnětete	uhnětou	uhněť	uhněťme	uhněťte	uhnětl	uhněten	-	-	uhnětla
uhnít	uhniji	uhniješ	uhnije	uhnijeme	uhnijete	uhnijou	uhnij	uhnijme	uhnijte	uhnil	uhnit	-	-	uhnila
uhnízdit	-	-	-	-	-	-	uhnízdi	uhnízděme	uhnízděte	-	uhnízděn	-	-	-
uhodit	-	-	-	-	-	-	uhoď	uhoďme	uhoďte	-	uhozen	-	-
uhojit	-	-	-	-	-	-	-	-	-	-	-	uhoje	-	-
uhonit	-	-	-	-	-	-	uhoň	uhoňme	uhoňte	-	uhoněn	-	-	-
uhorčit	-	-	-	-	-	-	uhorči	uhorčeme	uhorčete	-	-	-	-	-
uhospodařit	-	-	-	-	-	-	-	-	-	-	-	uhospodaře	-	-
uhostit	-	-	-	-	-	-	uhosti	uhostěme	uhostěte	-	uhoštěn	-	-	-
uhovořit	-	-	-	-	-	-	-	-	-	-	-	uhovoře	-	-
uhořet	-	-	-	-	-	uhoří	uhoř	uhořme	uhořte	-	-	-	-	-
uhrabat	uhrabu	uhrabeš	uhrabe	uhrabeme	uhrabete	uhrabou	-	-	-	-	-	-	-	-
uhradit	-	-	-	-	-	-	uhraď	uhraďme	uhraďte	-	uhrazen	-	-
uhranout	-	-	-	-	-	-	uhraň	uhraňme	uhraňte	-	-	-	-
uhrdlit	-	-	-	-	-	-	uhrdli	uhrdleme	uhrdlete	-	-	-	-	-
uhrozit	-	-	-	-	-	-	-	-	-	-	-	uhroze	-	-
uhrát	uhraji	uhraješ	uhraje	uhrajeme	uhrajete	uhrajou	uhraj	uhrajme	uhrajte	-	uhrán	-	-	-
uhrýzt	uhryzu	uhryzeš	uhryze	uhryzeme	uhryzete	uhryzou	uhryz	uhryzme	uhryzte	uhryzl	-	-	-	uhryzla
uhučet	-	-	-	-	-	uhučí	uhuč	uhučme	uhučte	-	-	-	-	-
uhvozdit	-	-	-	-	-	-	uhvozdi	uhvozděme	uhvozděte	-	uhvozděn	-	-	-
uhynout	-	-	-	-	-	-	uhyň	uhyňme	uhyňte	-	-	-	-	-
uhájit	-	-	-	-	-	-	uhaj	uhajme	uhajte	-	-	-	-
uhánět	-	-	-	-	-	-	uháněj	uhánějme	uhánějte	-	uháněn	uháněje	uhánějíc
uházet	-	-	-	-	-	uházejí	uházej	uházejme	uházejte	-	-	uházeje	uházejíc	-
uhášet	-	-	-	-	-	uhášejí	uhášej	uhášejme	uhášejte	-	-	uhášeje	uhášejíc	-
uhřát	uhřeji	uhřeješ	uhřeje	uhřejeme	uhřejete	uhřejou	uhřej	uhřejme	uhřejte	-	uhřát	-	-	-
ujasnit	-	-	-	-	-	-	ujasni	ujasněme	ujasněte	-	ujasněn	-	-	-
ujařmit	-	-	-	-	-	-	ujařmi	ujařmeme	ujařmete	-	-	-	-	-
ujedinit	-	-	-	-	-	-	ujediň	ujediňme	ujediňte	-	ujediněn	-	-	-
ujednotit	-	-	-	-	-	-	ujednoť	ujednoťme	ujednoťte	-	ujednocen	-	-	-
ujemnit	-	-	-	-	-	-	ujemni	ujemněme	ujemněte	-	ujemněn	-	-	-
ujet	ujedu	ujedeš	ujede	ujedeme	ujedete	ujedou	ujeď	ujeďme	ujeďte	-	ujet	-	-
ujezdit	-	-	-	-	-	-	ujezdi	ujezděme	ujezděte	-	ujezděn	-	-	-
uječet	-	-	-	-	-	uječí	uječ	uječme	uječte	-	-	-	-	-
ujistit	-	-	-	-	-	-	ujisti	ujistěme	ujistěte	-	ujištěn	-	-
ujmout	ujmu	ujmeš	ujme	ujmeme	ujmete	ujmou	ujmi	ujměme	ujměte	ujal	ujmut	-	-
ujíst	ujím	ujíš	ují	ujíme	ujíte	ujedí	ujez	ujezme	ujezte	ujedl	ujeden	-	-	ujedla
ujít	ujdu	ujdeš	ujde	ujdeme	ujdete	ujdou	ujdi	ujděme	ujděte	ušel	-	-	-	ušla
ujíždět	-	-	-	-	-	-	ujížděj	ujíždějme	ujíždějte	-	ujížděn	ujížděje	ujíždějíc	-
ukalit	-	-	-	-	-	-	-	-	-	-	-	ukale	-	-
ukanout	-	-	-	-	-	-	ukaň	ukaňme	ukaňte	-	-	-	-	-
uklidit	-	-	-	-	-	-	ukliď	ukliďme	ukliďte	-	uklizen	-	-
uklidnit	-	-	-	-	-	-	uklidni	uklidněme	uklidněte	-	uklidněn	-	-
uklohnit	-	-	-	-	-	-	uklohni	uklohněme	uklohněte	-	-	-	-	-
uklonit	-	-	-	-	-	-	ukloň	ukloňme	ukloňte	-	ukloněn	-	-	-
uklopotit	-	-	-	-	-	-	uklopoť	uklopoťme	uklopoťte	-	uklopocen	-	-	-
uklovat	uklovu	ukloveš	uklove	ukloveme	uklovete	uklovají	uklovej	uklovejme	uklovejte	-	uklován	uklovaje	uklovajíc	-
uklánět	-	-	-	-	-	-	ukláněj	uklánějme	uklánějte	-	ukláněn	ukláněje	uklánějíc	-
uklízet	-	-	-	-	-	uklízejí	uklízej	uklízejme	uklízejte	-	-	uklízeje	uklízejíc
ukmochtit	-	-	-	-	-	-	ukmochti	ukmochtěme	ukmochtěte	-	ukmochtěn	-	-	-
uknotit	-	-	-	-	-	-	uknoť	uknoťme	uknoťte	-	uknocen	-	-	-
ukojit	-	-	-	-	-	-	-	-	-	-	-	ukoje	-	-
ukrást	ukradnu	ukradneš	ukradne	ukradneme	ukradnete	ukradnou	ukradni	ukradněme	ukradněte	ukradl	ukraden	-	-
ukolejnit	-	-	-	-	-	-	ukolejň	ukolejňme	ukolejňte	-	ukolejněn	-	-	-
ukonejšit	-	-	-	-	-	-	ukonejši	ukonejšeme	ukonejšete	-	-	-	-	-
ukončit	-	-	-	-	-	-	ukonči	ukončeme	ukončete	-	-	-	-
ukoptit	-	-	-	-	-	-	ukopti	ukoptěme	ukoptěte	-	ukoptěn	-	-	-
ukostřit	-	-	-	-	-	-	ukostři	ukostřeme	ukostřete	-	-	-	-	-
ukotvit	-	-	-	-	-	-	ukotvi	ukotvěme	ukotvěte	-	-	-	-	-
ukoulet	-	-	-	-	-	ukoulejí	ukoulej	ukoulejme	ukoulejte	-	-	ukouleje	ukoulejíc	-
ukoupit	-	-	-	-	-	-	ukup	ukupme	ukupte	-	-	-	-	-
ukout	ukuji	ukuješ	ukuje	ukujeme	ukujete	ukujou	ukuj	ukujme	ukujte	ukul	ukut	-	-	ukula
ukouřit	-	-	-	-	-	-	ukuř	ukuřme	ukuřte	-	-	-	-	-
ukovat	ukovu	ukoveš	ukove	ukoveme	ukovete	ukovají	ukovej	ukovejme	ukovejte	-	ukován	ukovaje	ukovajíc	-
ukořistit	-	-	-	-	-	-	ukořisti	ukořistěme	ukořistěte	-	ukořistěn	-	-	-
ukrojit	-	-	-	-	-	-	-	-	-	-	-	ukroje	-	-
ukrotit	-	-	-	-	-	-	ukroť	ukroťme	ukroťte	-	ukrocen	-	-	-
ukroutit	-	-	-	-	-	-	ukruť	ukruťme	ukruťte	-	ukroucen	-	-	-
ukročit	-	-	-	-	-	-	-	-	-	-	-	ukroče	-	-
ukrvavět	-	-	-	-	-	-	ukrvavěj	ukrvavějme	ukrvavějte	-	ukrvavěn	ukrvavěje	ukrvavějíc	-
ukrvácet	-	-	-	-	-	ukrvácejí	ukrvácej	ukrvácejme	ukrvácejte	-	-	ukrváceje	ukrvácejíc	-
ukrájet	-	-	-	-	-	ukrájejí	ukrájej	ukrájejme	ukrájejte	-	-	ukrájeje	ukrájejíc	-
ukrápět	-	-	-	-	-	-	ukrápěj	ukrápějme	ukrápějte	-	ukrápěn	ukrápěje	ukrápějíc	-
ukrátit	-	-	-	-	-	-	ukrať	ukraťme	ukraťte	-	ukrácen	-	-	-
ukrášlit	-	-	-	-	-	-	ukrášli	ukrášleme	ukrášlete	-	-	-	-	-
ukrýt	ukryji	ukryješ	ukryje	ukryjeme	ukryjete	ukryjou	ukryj	ukryjme	ukryjte	ukryl	ukryt	-	-
ukrčit	-	-	-	-	-	-	-	-	-	-	-	ukrče	-	-
ukuchtit	-	-	-	-	-	-	ukuchti	ukuchtěme	ukuchtěte	-	ukuchtěn	-	-	-
ukutit	-	-	-	-	-	-	ukuť	ukuťme	ukuťte	-	ukutěn	-	-	-
ukájet	-	-	-	-	-	ukájejí	ukájej	ukájejme	ukájejte	-	-	ukájeje	ukájejíc
ukálet	-	-	-	-	-	ukálejí	ukálej	ukálejme	ukálejte	-	-	ukáleje	ukálejíc	-
ukázat	ukážu	ukážeš	ukáže	ukážeme	ukážete	ukážou	ukaž	ukažme	ukažte	-	-	-	-
ukáznit	-	-	-	-	-	-	ukázni	ukázněme	ukázněte	-	ukázněn	-	-
ukřivdit	-	-	-	-	-	-	ukřivdi	ukřivděme	ukřivděte	-	ukřivděn	-	-	-
ukřičet	-	-	-	-	-	ukřičí	ukřič	ukřičme	ukřičte	-	-	-	-	-
uladit	-	-	-	-	-	-	ulaď	ulaďme	ulaďte	-	ulazen	-	-	-
ulahodit	-	-	-	-	-	-	ulahoď	ulahoďme	ulahoďte	-	ulahoděn	-	-	-
ulakotit	-	-	-	-	-	-	ulakoť	ulakoťme	ulakoťte	-	ulakocen	-	-	-
ulebedit	-	-	-	-	-	-	ulebeď	ulebeďme	ulebeďte	-	ulebeděn	-	-	-
ulehčit	-	-	-	-	-	-	ulehči	ulehčeme	ulehčete	-	-	-	-
uletět	-	-	-	-	-	uletí	uleť	uleťme	uleťte	-	uletěn	-	-	-
uležet	-	-	-	-	-	uleží	ulež	uležme	uležte	-	-	-	-	-
ulhat	ulžu	ulžeš	ulže	ulžeme	ulžete	ulžou	ulži	ulžeme	ulžete	-	-	-	-	-
ulichotit	-	-	-	-	-	-	ulichoť	ulichoťme	ulichoťte	-	ulichocen	-	-	-
ulopotit	-	-	-	-	-	-	ulopoť	ulopoťme	ulopoťte	-	ulopocen	-	-	-
uloudit	-	-	-	-	-	-	uloudi	ulouděme	ulouděte	-	ulouděn	-	-	-
uloupit	-	-	-	-	-	-	ulup	ulupme	ulupte	-	-	-	-
uložit	-	-	-	-	-	-	-	-	-	-	-	ulože	-	-
ulpět	-	-	-	-	-	-	ulpi	ulpěme	ulpěte	-	ulpěn	-	-	-
ulámat	ulámu	ulámeš	uláme	ulámeme	ulámete	ulámou	-	-	-	-	-	-	-	-
ulát	ulaji	ulaješ	ulaje	ulajeme	ulajete	ulajou	ulaj	ulajme	ulajte	-	-	-	-	-
ulézt	ulezu	ulezeš	uleze	ulezeme	ulezete	ulezou	ulez	ulezme	ulezte	ulezl	ulezen	-	-	ulezla
uléčit	-	-	-	-	-	-	uleč	ulečme	ulečte	-	-	-	-	-
ulíbit	-	-	-	-	-	-	ulib	ulibme	ulibte	-	-	-	-	-
ulít	uleji	uleješ	uleje	ulejeme	ulejete	ulejou	ulej	ulejme	ulejte	ulil	ulit	-	-
ulíčit	-	-	-	-	-	-	ulič	uličme	uličte	-	-	-	-	-
umanout	-	-	-	-	-	-	umaň	umaňme	umaňte	-	-	-	-	-
umastit	-	-	-	-	-	-	umasti	umastěme	umastěte	-	umaštěn	-	-	-
umazlit	-	-	-	-	-	-	umazli	umazleme	umazlete	-	-	-	-	-
umařit	-	-	-	-	-	-	-	-	-	-	-	umaře	-	-
umdlít	umdlím	umdlíš	umdlí	umdlíme	umdlíte	umdlejí	umdli	umdleme	umdlete	umdlel	umdlen	-	-	umdlela
umenšit	-	-	-	-	-	-	umenši	umenšeme	umenšete	-	-	-	-	-
umlátit	-	-	-	-	-	-	umlať	umlaťme	umlaťte	-	umlácen	-	-	-
umlít	umelu	umeleš	umele	umeleme	umelete	umelou	umel	umelme	umelte	umlel	umlet	-	-	umlela
umlčet	-	-	-	-	-	umlčí	umlč	umlčme	umlčte	-	-	-	-
umnožit	-	-	-	-	-	-	-	-	-	-	-	umnože	-	-
umocnit	-	-	-	-	-	-	umocni	umocněme	umocněte	-	umocněn	-	-
umodlit	-	-	-	-	-	-	umodli	umodleme	umodlete	-	-	-	-	-
umodřit	-	-	-	-	-	-	umodři	umodřeme	umodřete	-	-	-	-	-
umokřit	-	-	-	-	-	-	umokři	umokřeme	umokřete	-	-	-	-	-
umoudřet	-	-	-	-	-	umoudřejí	umoudřej	umoudřejme	umoudřejte	-	-	umoudřeje	umoudřejíc	-
umoudřit	-	-	-	-	-	-	umoudři	umoudřeme	umoudřete	-	-	umoudře	-	-
umounit	-	-	-	-	-	-	umouni	umouněme	umouněte	-	umouněn	-	-	-
umoučit	-	-	-	-	-	-	umouči	umoučeme	umoučete	-	-	-	-	-
umoučnit	-	-	-	-	-	-	umoučni	umoučněme	umoučněte	-	umoučen	-	-	-
umozolit	-	-	-	-	-	-	-	-	-	-	-	umozole	-	-
umočit	-	-	-	-	-	-	-	-	-	-	-	umoče	-	-
umořit	-	-	-	-	-	-	-	-	-	-	-	umoře	-	-
umožnit	-	-	-	-	-	-	umožni	umožněme	umožněte	-	umožněn	-	-
umravnit	-	-	-	-	-	-	umravni	umravněme	umravněte	-	umravněn	-	-	-
umrazit	-	-	-	-	-	-	-	-	-	-	-	umraze	-	-
umračit	-	-	-	-	-	-	-	-	-	-	-	umrače	-	-
umrnět	-	-	-	-	-	umrní	-	-	-	-	umrněn	-	-	-
umrtvit	-	-	-	-	-	-	umrtvi	umrtvěme	umrtvěte	-	-	-	-	-
umrtvět	-	-	-	-	-	-	umrtvěj	umrtvějme	umrtvějte	-	umrtvěn	umrtvěje	umrtvějíc	-
umučit	-	-	-	-	-	-	-	-	-	-	-	umuče	-	-
umáčet	-	-	-	-	-	umáčejí	umáčej	umáčejme	umáčejte	-	-	umáčeje	umáčejíc	-
umést	umetu	umeteš	umete	umeteme	umetete	umetou	umeť	umeťme	umeťte	umetl	umeten	-	-	umetla
umínit	-	-	-	-	-	-	umiň	umiňme	umiňte	-	umíněn	-	-	-
umírnit	-	-	-	-	-	-	umírni	umírněme	umírněte	-	umírněn	-	-	-
umísit	-	-	-	-	-	-	umis	umisme	umiste	-	-	-	-	-
umístit	-	-	-	-	-	-	umísti	umístěme	umístěte	-	umístěn	-	-
umístnit	-	-	-	-	-	-	umístni	umístněme	umístněte	-	umístněn	-	-	-
umýt	umyji	umyješ	umyje	umyjeme	umyjete	umyjou	umyj	umyjme	umyjte	umyl	umyt	-	-
umět	-	-	-	-	-	-	uměj	umějme	umějte	-	uměn	uměje	umějíc	-
uměřit	-	-	-	-	-	-	-	-	-	-	-	uměře	-	-
umřít	umřu	umřeš	umře	umřeme	umřete	umřou	umři	umřeme	umřete	umřel	umřen	-	-
uničit	-	-	-	-	-	-	-	-	-	-	-	uniče	-	-
unosit	-	-	-	-	-	-	-	-	-	-	unošen	-	-	-
unořit	-	-	-	-	-	-	-	-	-	-	-	unoře	-	-
unožit	-	-	-	-	-	-	-	-	-	-	-	unože	-	-
unudit	-	-	-	-	-	-	unuď	unuďme	unuďte	-	unuděn	-	-	-
unáhlit	-	-	-	-	-	-	unáhli	unáhleme	unáhlete	-	-	-	-
unášet	-	-	-	-	-	unášejí	unášej	unášejme	unášejte	-	-	unášeje	unášejíc
unést	unesu	uneseš	unese	uneseme	unesete	unesou	unes	unesme	uneste	unesl	unesen	-	-
unížit	-	-	-	-	-	-	uniž	unižme	unižte	-	-	-	-	-
uobtáčet	-	-	-	-	-	uobtáčejí	uobtáčej	uobtáčejme	uobtáčejte	-	-	uobtáčeje	uobtáčejíc	-
upachtit	-	-	-	-	-	-	upachti	upachtěme	upachtěte	-	upachtěn	-	-	-
upařit	-	-	-	-	-	-	-	-	-	-	-	upaře	-	-
upažit	-	-	-	-	-	-	-	-	-	-	-	upaže	-	-
upelešit	-	-	-	-	-	-	-	-	-	-	-	upeleše	-	-
upelášit	-	-	-	-	-	-	upeláši	upelášeme	upelášete	-	-	-	-	-
upevnit	-	-	-	-	-	-	upevni	upevněme	upevněte	-	upevněn	-	-
upečetit	-	-	-	-	-	-	upečeť	upečeťme	upečeťte	-	upečetěn	-	-	-
upištět	-	-	-	-	-	upiští	upišti	upištěme	upištěte	-	upištěn	-	-	-
uplahočit	-	-	-	-	-	-	-	-	-	-	-	uplahoče	-	-
uplakat	upláči	upláčeš	upláče	upláčeme	upláčete	upláčou	-	-	-	-	-	-	-	-
uplatit	-	-	-	-	-	-	uplať	uplaťme	uplaťte	-	uplacen	-	-
uplatnit	-	-	-	-	-	-	uplatni	uplatněme	uplatněte	-	uplatněn	-	-
uplavat	uplavu	uplaveš	uplave	uplaveme	uplavete	uplavou	-	-	-	-	-	-	-	-
uplašit	-	-	-	-	-	-	-	-	-	-	-	uplaše	-	-
uplichtit	-	-	-	-	-	-	uplichti	uplichtěme	uplichtěte	-	uplichtěn	-	-	-
uplodit	-	-	-	-	-	-	uploď	uploďme	uploďte	-	uplozen	-	-	-
uplout	upluji	upluješ	upluje	uplujeme	uplujete	uplujou	upluj	uplujme	uplujte	uplul	uplut	-	-	uplula
uplynout	-	-	-	-	-	-	uplyň	uplyňme	uplyňte	-	-	-	-	-
uplácet	-	-	-	-	-	uplácejí	uplácej	uplácejme	uplácejte	-	-	upláceje	uplácejíc
uplést	upletu	upleteš	uplete	upleteme	upletete	upletou	upleť	upleťme	upleťte	upletl	upleten	-	-
uplít	upleji	upleješ	upleje	uplejeme	uplejete	uplejou	uplej	uplejme	uplejte	uplel	uplet	-	-	uplela
upnout	-	-	-	-	-	-	-	-	-	upjal	-	-	-	upjala
upodvracet	-	-	-	-	-	upodvracejí	upodvracej	upodvracejme	upodvracejte	-	-	upodvraceje	upodvracejíc	-
upokojit	-	-	-	-	-	-	-	-	-	-	-	upokoje	-	-
upokořit	-	-	-	-	-	-	-	-	-	-	-	upokoře	-	-
upomenout	-	-	-	-	-	-	upomeň	upomeňme	upomeňte	-	-	-	-	-
uponížit	-	-	-	-	-	-	uponiž	uponižme	uponižte	-	-	-	-	-
upopelit	-	-	-	-	-	-	-	-	-	-	-	upopele	-	-
upotit	-	-	-	-	-	-	upoť	upoťme	upoťte	-	upocen	-	-	-
upouštět	-	-	-	-	-	-	upouštěj	upouštějme	upouštějte	-	upouštěn	upouštěje	upouštějíc	-
upovšechnit	-	-	-	-	-	-	upovšechni	upovšechněme	upovšechněte	-	upovšechněn	-	-	-
upozadit	-	-	-	-	-	-	upozaď	upozaďme	upozaďte	-	upozaděn	-	-	-
upozdit	-	-	-	-	-	-	upozdi	upozděme	upozděte	-	upozděn	-	-	-
upozornit	-	-	-	-	-	-	upozorni	upozorněme	upozorněte	-	upozorněn	-	-
uprasit	-	-	-	-	-	-	-	-	-	-	-	uprase	-	-
uprat	uperu	upereš	upere	upereme	uperete	uperou	uper	uperme	uperte	-	-	-	-	-
upravdit	-	-	-	-	-	-	upravdi	upravděme	upravděte	-	upravděn	-	-	-
upražit	-	-	-	-	-	-	-	-	-	-	-	upraže	-	-
uprdelit	-	-	-	-	-	-	-	-	-	-	-	uprdele	-	-
uprocházet	-	-	-	-	-	uprocházejí	uprocházej	uprocházejme	uprocházejte	-	-	uprocházeje	uprocházejíc	-
uprosit	-	-	-	-	-	-	-	-	-	-	uprošen	-	-	-
uprostranit	-	-	-	-	-	-	uprostraň	uprostraňme	uprostraňte	-	uprostraněn	-	-	-
uprázdnit	-	-	-	-	-	-	uprázdni	uprázdněme	uprázdněte	-	uprázdněn	-	-	-
uprášit	-	-	-	-	-	-	upraš	uprašme	uprašte	-	-	-	-	-
upsat	upíši	upíšeš	upíše	upíšeme	upíšete	upíšou	upiš	upišme	upište	-	-	-	-
upsout	upsuji	upsuješ	upsuje	upsujeme	upsujete	upsujou	upsuj	upsujme	upsujte	-	upsut	-	-	-
upustit	-	-	-	-	-	-	upusť	upusťme	upusťte	-	upuštěn	-	-
upytlačit	-	-	-	-	-	-	-	-	-	-	-	upytlače	-	-
upálit	-	-	-	-	-	-	upal	upalme	upalte	-	-	-	-
upást	upasu	upaseš	upase	upaseme	upasete	upasou	upas	upasme	upaste	-	upasen	-	-	-
upáčit	-	-	-	-	-	-	upač	upačme	upačte	-	-	-	-	-
upéci	upeku	upečeš	upeče	upečeme	upečete	upekou	upeč	upečme	upečte	upekl	upečen	-	-	upekla
upíjet	-	-	-	-	-	upíjejí	upíjej	upíjejme	upíjejte	-	-	upíjeje	upíjejíc	-
upít	upiji	upiješ	upije	upijeme	upijete	upijou	upij	upijme	upijte	upil	upit	-	-	upila
upěnit	-	-	-	-	-	-	upěň	upěňme	upěňte	-	upěněn	-	-	-
upět	-	-	-	-	-	-	upěj	upějme	upějte	-	upěn	upěje	upějíc	-
upřednostnit	-	-	-	-	-	-	upřednostni	upřednostněme	upřednostněte	-	upřednostněn	-	-	-
upřednášet	-	-	-	-	-	upřednášejí	upřednášej	upřednášejme	upřednášejte	-	-	upřednášeje	upřednášejíc	-
upřemýšlet	-	-	-	-	-	upřemýšlejí	upřemýšlej	upřemýšlejme	upřemýšlejte	-	-	upřemýšleje	upřemýšlejíc	-
upřesnit	-	-	-	-	-	-	upřesni	upřesněme	upřesněte	-	upřesněn	-	-
upříjemnit	-	-	-	-	-	-	upříjemni	upříjemněme	upříjemněte	-	upříjemněn	-	-	-
upřílišit	-	-	-	-	-	-	-	-	-	-	-	upříliše	-	-
upřílišnit	-	-	-	-	-	-	upřílišni	upřílišněme	upřílišněte	-	upřílišněn	-	-	-
upříst	upřadu	upřadeš	upřade	upřademe	upřadete	upřadou	upřaď	upřaďme	upřaďte	upřadl	upřaden	-	-	upřadla
upřít	upřu	upřeš	upře	upřeme	upřete	upřou	upři	upřeme	upřete	upřel	upřen	-	-
upšít	upšiji	upšiješ	upšije	upšijeme	upšijete	upšijou	upšij	upšijme	upšijte	upšil	upšit	-	-	upšila
uradit	-	-	-	-	-	-	uraď	uraďme	uraďte	-	uraděn	-	-
urandit	-	-	-	-	-	-	urandi	uranděme	uranděte	-	uranděn	-	-	-
urazit	-	-	-	-	-	-	-	-	-	-	uražen	-	-
urdousit	-	-	-	-	-	-	urdousi	urdouseme	urdousete	-	urdoušen	-	-	-
urmoutit	-	-	-	-	-	-	urmuť	urmuťme	urmuťte	-	urmoucen	-	-	-
urodit	-	-	-	-	-	-	uroď	uroďme	uroďte	-	urozen	-	-	-
uronit	-	-	-	-	-	-	uroň	uroňme	uroňte	-	uroněn	-	-	-
urosit	-	-	-	-	-	-	-	-	-	-	-	urose	-	-
urputit	-	-	-	-	-	-	urpuť	urpuťme	urpuťte	-	urpucen	-	-	-
urputnět	-	-	-	-	-	-	urputněj	urputnějme	urputnějte	-	urputněn	urputněje	urputnějíc	-
uručit	-	-	-	-	-	-	-	-	-	-	-	uruče	-	-
urvat	urvu	urveš	urve	urveme	urvete	urvou	urvi	urvěme	urvěte	-	-	-	-	-
urychlit	-	-	-	-	-	-	urychli	urychleme	urychlete	-	-	-	-
uryšit	-	-	-	-	-	-	-	-	-	-	-	uryše	-	-
uráčit	-	-	-	-	-	-	urač	uračme	uračte	-	-	-	-	-
urážet	-	-	-	-	-	urážejí	urážej	urážejme	urážejte	-	-	urážeje	urážejíc
urýt	uryji	uryješ	uryje	uryjeme	uryjete	uryjou	uryj	uryjme	uryjte	uryl	uryt	-	-	uryla
urýšit	-	-	-	-	-	-	-	-	-	-	-	urýše	-	-
určit	-	-	-	-	-	-	urči	určeme	určete	-	-	-	-
urůst	urostu	urosteš	uroste	urosteme	urostete	urostou	urosť	urosťme	urosťte	urostl	-	-	-	urostla
usadit	-	-	-	-	-	-	usaď	usaďme	usaďte	-	usazen	-	-
usalašit	-	-	-	-	-	-	-	-	-	-	-	usalaše	-	-
usamostatnit	-	-	-	-	-	-	usamostatni	usamostatněme	usamostatněte	-	usamostatněn	-	-	-
uschopnit	-	-	-	-	-	-	uschopni	uschopněme	uschopněte	-	uschopněn	-	-	-
uschovat	uschovám	uschováš	uschová	uschováme	uschováte	uschovají	uschovej	uschovejme	uschovejte	-	uschován	uschovaje	uschovajíc	-
uschránit	-	-	-	-	-	-	uschráň	uschráňme	uschráňte	-	uschráněn	-	-	-
usebrat	useberu	usebereš	usebere	usebereme	useberete	useberou	useber	useberme	useberte	-	-	-	-	-
usedět	-	-	-	-	-	usedí	useď	useďme	useďte	-	useděn	-	-	-
ushromáždit	-	-	-	-	-	-	ushromažď	ushromažďme	ushromažďte	-	ushromážděn	-	-	-
ushánět	-	-	-	-	-	-	usháněj	ushánějme	ushánějte	-	usháněn	usháněje	ushánějíc	-
usjednotit	-	-	-	-	-	-	usjednoť	usjednoťme	usjednoťte	-	usjednocen	-	-	-
uskladnit	-	-	-	-	-	-	uskladni	uskladněme	uskladněte	-	uskladněn	-	-
usklepnit	-	-	-	-	-	-	usklepni	usklepněme	usklepněte	-	usklepněn	-	-	-
uskotačit	-	-	-	-	-	-	-	-	-	-	-	uskotače	-	-
uskočit	-	-	-	-	-	-	-	-	-	-	-	uskoče	-	-
uskrblit	-	-	-	-	-	-	uskrbli	uskrbleme	uskrblete	-	-	-	-	-
uskromnit	-	-	-	-	-	-	uskromni	uskromněme	uskromněte	-	uskromněn	-	-	-
uskutečnit	-	-	-	-	-	-	uskutečni	uskutečněme	uskutečněte	-	uskutečněn	-	-
uskákat	uskáči	uskáčeš	uskáče	uskáčeme	uskáčete	uskáčou	-	-	-	-	-	-	-	-
uskřinout	-	-	-	-	-	-	uskřiň	uskřiňme	uskřiňte	-	-	-	-
uslinit	-	-	-	-	-	-	usliň	usliňme	usliňte	-	usliněn	-	-	-
usloužit	-	-	-	-	-	-	usluž	uslužme	uslužte	-	-	-	-	-
uslyšet	-	-	-	-	-	uslyší	uslyš	uslyšme	uslyšte	-	-	-	-
uslzet	-	-	-	-	-	uslzí	uslz	uslzme	uslzte	-	-	-	-	-
usmažit	-	-	-	-	-	-	-	-	-	-	-	usmaže	-	-
usmolit	-	-	-	-	-	-	-	-	-	-	-	usmole	-	-
usmrtit	-	-	-	-	-	-	usmrť	usmrťme	usmrťte	-	usmrcen	-	-
usmyslit	-	-	-	-	-	-	usmysli	usmysleme	usmyslete	-	usmyšlen	-	-	-
usmát	usměji	usměješ	usměje	usmějeme	usmějete	usmějou	usměj	usmějme	usmějte	-	-	-	-
usmířit	-	-	-	-	-	-	usmiř	usmiřme	usmiřte	-	-	-	-
usmýšlet	-	-	-	-	-	usmýšlejí	usmýšlej	usmýšlejme	usmýšlejte	-	-	usmýšleje	usmýšlejíc	-
usměrnit	-	-	-	-	-	-	usměrni	usměrněme	usměrněte	-	usměrněn	-	-	-
usnadnit	-	-	-	-	-	-	usnadni	usnadněme	usnadněte	-	usnadněn	-	-
usnout	-	-	-	-	-	-	-	-	-	usnul	-	-	-
usnášet	-	-	-	-	-	usnášejí	usnášej	usnášejme	usnášejte	-	-	usnášeje	usnášejíc	-
usnést	usnesu	usneseš	usnese	usneseme	usnesete	usnesou	usnes	usnesme	usneste	usnesl	usnesen	-	-	usnesla
usnít	usním	usníš	usní	usníme	usníte	usní	usni	usněme	usněte	usnil	usněn	-	-	usnila
usoplit	-	-	-	-	-	-	usopli	usopleme	usoplete	-	-	-	-	-
usoptit	-	-	-	-	-	-	usopti	usoptěme	usoptěte	-	usoptěn	-	-	-
usoudit	-	-	-	-	-	-	usuď	usuďme	usuďte	-	usouzen	-	-
usoustavnit	-	-	-	-	-	-	usoustavni	usoustavněme	usoustavněte	-	usoustavněn	-	-	-
usoustružit	-	-	-	-	-	-	-	-	-	-	-	usoustruže	-	-
usoustředit	-	-	-	-	-	-	usoustřeď	usoustřeďme	usoustřeďte	-	usoustředěn	-	-	-
usouvztažnit	-	-	-	-	-	-	usouvztažni	usouvztažněme	usouvztažněte	-	usouvztažněn	-	-	-
usoužit	-	-	-	-	-	-	usouži	usoužeme	usoužete	-	-	-	-	-
uspat	uspím	uspíš	uspí	uspíme	uspíte	uspí	uspi	uspěme	uspěte	-	-	-	-
usplavnit	-	-	-	-	-	-	usplavni	usplavněme	usplavněte	-	usplavněn	-	-	-
uspokojit	-	-	-	-	-	-	-	-	-	-	-	uspokoje	-	-
uspořit	-	-	-	-	-	-	-	-	-	-	-	uspoře	-	-
uspíšit	-	-	-	-	-	-	uspiš	uspišme	uspište	-	-	-	-
uspět	uspěji	uspěješ	uspěje	uspějeme	uspějete	-	uspěj	uspějme	uspějte	-	uspěn	-	-	-
usrat	useru	usereš	usere	usereme	userete	userou	user	userme	userte	-	-	-	-	-
usrozumět	-	-	-	-	-	-	usrozuměj	usrozumějme	usrozumějte	-	usrozuměn	usrozuměje	usrozumějíc	-
ustat	ustanu	ustaneš	ustane	ustaneme	ustanete	ustanou	ustaň	ustaňme	ustaňte	-	-	-	-	-
ustejnit	-	-	-	-	-	-	ustejni	ustejněme	ustejněte	-	ustejněn	-	-	-
ustlat	ustelu	usteleš	ustele	usteleme	ustelete	ustelou	ustel	ustelme	ustelte	-	-	-	-
ustoupit	-	-	-	-	-	-	ustup	ustupme	ustupte	-	-	-	-
ustranit	-	-	-	-	-	-	ustraň	ustraňme	ustraňte	-	ustraněn	-	-	-
ustrašit	-	-	-	-	-	-	-	-	-	-	-	ustraše	-	-
ustrnout	-	-	-	-	-	-	ustrň	ustrňme	ustrňte	ustrnul	-	-	-
ustrojit	-	-	-	-	-	-	-	-	-	-	-	ustroje	-	-
ustrčit	-	-	-	-	-	-	-	-	-	-	-	ustrče	-	-
ustudit	-	-	-	-	-	-	ustuď	ustuďme	ustuďte	-	ustuzen	-	-	-
ustupnit	-	-	-	-	-	-	ustupni	ustupněme	ustupněte	-	ustupněn	-	-	-
ustvořit	-	-	-	-	-	-	-	-	-	-	-	ustvoře	-	-
ustydět	-	-	-	-	-	ustydí	ustyď	ustyďme	ustyďte	-	ustyděn	-	-	-
ustájit	-	-	-	-	-	-	ustaj	ustajme	ustajte	-	-	-	-	-
ustálit	-	-	-	-	-	-	ustal	ustalme	ustalte	-	-	-	-	-
ustát	ustojím	ustojíš	ustojí	ustojíme	ustojíte	ustojí	ustůj	ustůjme	ustůjte	-	ustán	-	-	-
ustředit	-	-	-	-	-	-	ustřeď	ustřeďme	ustřeďte	-	ustředěn	-	-	-
ustřelit	-	-	-	-	-	-	-	-	-	-	-	ustřele	-	-
ustřežit	-	-	-	-	-	-	-	-	-	-	-	ustřeže	-	-
ustřídmit	-	-	-	-	-	-	ustřídmi	ustřídměme	ustřídměte	-	-	-	-	-
ustřílet	-	-	-	-	-	ustřílejí	ustřílej	ustřílejme	ustřílejte	-	-	ustříleje	ustřílejíc	-
usunout	-	-	-	-	-	-	usuň	usuňme	usuňte	-	-	-	-	-
usušit	-	-	-	-	-	-	-	-	-	-	-	usuše	-	-
usvinit	-	-	-	-	-	-	usviň	usviňme	usviňte	-	usviněn	-	-	-
usvědčit	-	-	-	-	-	-	-	-	-	-	-	usvědče	-	-
usvětit	-	-	-	-	-	-	usvěť	usvěťme	usvěťte	-	usvěcen	-	-	-
usyčet	-	-	-	-	-	usyčí	usyč	usyčme	usyčte	-	-	-	-	-
usát	usaji	usaješ	usaje	usajeme	usajete	usajou	usaj	usajme	usajte	-	usát	-	-	-
usázet	-	-	-	-	-	usázejí	usázej	usázejme	usázejte	-	-	usázeje	usázejíc	-
usíci	useču	usečeš	useče	usečeme	usečete	usečou	useč	usečme	usečte	-	usečen	-	-	-
usídlit	-	-	-	-	-	-	usídli	usídleme	usídlete	-	-	-	-	-
utajit	-	-	-	-	-	-	-	-	-	-	-	utaje	-	-
utanout	-	-	-	-	-	-	utaň	utaňme	utaňte	-	-	-	-	-
utančit	-	-	-	-	-	-	utanči	utančeme	utančete	-	-	-	-	-
utemnit	-	-	-	-	-	-	utemni	utemněme	utemněte	-	utemněn	-	-	-
utenčit	-	-	-	-	-	-	utenči	utenčeme	utenčete	-	-	-	-	-
uteplit	-	-	-	-	-	-	utepli	utepleme	uteplete	-	-	-	-	-
utesknit	-	-	-	-	-	-	uteskni	uteskněme	uteskněte	-	uteskněn	-	-	-
utetelit	-	-	-	-	-	-	-	-	-	-	-	utetele	-	-
utišit	-	-	-	-	-	-	-	-	-	-	-	utiše	-	-
utkvět	-	-	-	-	-	-	utkvi	utkvěme	utkvěte	-	utkvěn	-	-	-
utlačit	-	-	-	-	-	-	-	-	-	-	-	utlače	-	-
utlouci	utluku	utlučeš	utluče	utlučeme	utlučete	utlukou	utluč	utlučme	utlučte	utloukl	utlučen	-	-	utloukla
utláčet	-	-	-	-	-	utláčejí	utláčej	utláčejme	utláčejte	-	-	utláčeje	utláčejíc	-
utmelit	-	-	-	-	-	-	-	-	-	-	-	utmele	-	-
utnout	-	-	-	-	-	-	-	-	-	utnul	-	-	-	-
utonout	-	-	-	-	-	-	utoň	utoňme	utoňte	-	-	-	-	-
utoužit	-	-	-	-	-	-	utouži	utoužeme	utoužete	-	-	-	-	-
utočit	-	-	-	-	-	-	-	-	-	-	-	utoče	-	-
utratit	-	-	-	-	-	-	utrať	utraťme	utraťte	-	utracen	-	-
utrmácet	-	-	-	-	-	utrmácejí	utrmácej	utrmácejme	utrmácejte	-	-	utrmáceje	utrmácejíc	-
utrnout	-	-	-	-	-	-	utrň	utrňme	utrňte	utrnul	-	-	-	utrnula
utrolit	-	-	-	-	-	-	-	-	-	-	-	utrole	-	-
utrousit	-	-	-	-	-	-	-	-	-	-	utroušen	-	-	-
utroškařit	-	-	-	-	-	-	-	-	-	-	-	utroškaře	-	-
utrpět	-	-	-	-	-	utrpí	utrp	utrpme	utrpte	-	utrpěn	-	-
utrácet	-	-	-	-	-	utrácejí	utrácej	utrácejme	utrácejte	-	-	utráceje	utrácejíc
utrápit	-	-	-	-	-	-	utrap	utrapme	utrapte	-	-	-	-
utrávit	-	-	-	-	-	-	utrav	utravme	utravte	-	-	-	-	-
utrýznit	-	-	-	-	-	-	utrýzni	utrýzněme	utrýzněte	-	utrýzněn	-	-	-
utrůnit	-	-	-	-	-	-	utrůň	utrůňme	utrůňte	-	utrůněn	-	-	-
utržit	-	-	-	-	-	-	-	-	-	-	-	utrže	-	-
utulit	-	-	-	-	-	-	-	-	-	-	-	utule	-	-
utušit	-	-	-	-	-	-	-	-	-	-	-	utuše	-	-
utužit	-	-	-	-	-	-	-	-	-	-	-	utuže	-	-
utvořit	-	-	-	-	-	-	-	-	-	-	-	utvoře	-	-
utvrdit	-	-	-	-	-	-	utvrď	utvrďme	utvrďte	-	utvrzen	-	-	-
utvárnit	-	-	-	-	-	-	utvárni	utvárněme	utvárněte	-	utvárněn	-	-	-
utvářet	-	-	-	-	-	utvářejí	utvářej	utvářejme	utvářejte	-	-	utvářeje	utvářejíc	-
utábořit	-	-	-	-	-	-	-	-	-	-	-	utáboře	-	-
utájet	-	-	-	-	-	utájejí	utájej	utájejme	utájejte	-	-	utájeje	utájejíc	-
utápět	-	-	-	-	-	-	utápěj	utápějme	utápějte	-	utápěn	utápěje	utápějíc	-
utéci	uteku	utečeš	uteče	utečeme	utečete	utekou	utec	utecme	utecte	utekl	utečen	-	-	utekla
utísnit	-	-	-	-	-	-	utísni	utísněme	utísněte	-	utísněn	-	-	-
utížit	-	-	-	-	-	-	utiž	utižme	utižte	-	-	-	-	-
utěsnit	-	-	-	-	-	-	utěsni	utěsněme	utěsněte	-	utěsněn	-	-
utěšit	-	-	-	-	-	-	-	-	-	-	-	utěše	-	-
utřást	utřesu	utřeseš	utřese	utřeseme	utřesete	utřesou	utřes	utřesme	utřeste	-	utřesen	-	-	-
utříbit	-	-	-	-	-	-	utřib	utřibme	utřibte	-	-	-	-	-
utřídit	-	-	-	-	-	-	utřiď	utřiďme	utřiďte	-	utříděn	-	-	-
utřít	utřu	utřeš	utře	utřeme	utřete	utřou	utři	utřeme	utřete	utřel	utřen	-	-
uudit	-	-	-	-	-	-	uuď	uuďme	uuďte	-	uuzen	-	-	-
uvalit	-	-	-	-	-	-	-	-	-	-	-	uvale	-	-
uvařit	-	-	-	-	-	-	-	-	-	-	-	uvaře	-	-
uveličit	-	-	-	-	-	-	-	-	-	-	-	uveliče	-	-
uveřejnit	-	-	-	-	-	-	uveřejni	uveřejněme	uveřejněte	-	uveřejněn	-	-
uvidět	-	-	-	-	-	-	-	-	-	-	uviděn	-	-
uvinout	-	-	-	-	-	-	uviň	uviňme	uviňte	-	-	-	-	-
uvláčet	-	-	-	-	-	uvláčejí	uvláčej	uvláčejme	uvláčejte	-	-	uvláčeje	uvláčejíc	-
uvláčit	-	-	-	-	-	-	uvlač	uvlačme	uvlačte	-	-	-	-	-
uvléci	uvleku	uvlečeš	uvleče	uvlečeme	uvlečete	uvlekou	uvlec	uvlecme	uvlecte	uvlekl	uvlečen	-	-	uvlekla
uvodit	-	-	-	-	-	-	uvoď	uvoďme	uvoďte	-	uvozen	-	-
uvolit	-	-	-	-	-	-	-	-	-	-	-	uvole	-	-
uvolnit	-	-	-	-	-	-	uvolni	uvolněme	uvolněte	-	uvolněn	-	-
uvrci	uvrhu	uvržeš	uvrže	uvržeme	uvržete	uvrhou	uvrz	uvrzme	uvrzte	-	-	-	-	-
uvrstvit	-	-	-	-	-	-	uvrstvi	uvrstvěme	uvrstvěte	-	-	-	-	-
uvrtět	-	-	-	-	-	uvrtí	uvrť	uvrťme	uvrťte	-	uvrtěn	-	-	-
uvzpomenout	-	-	-	-	-	-	uvzpomeň	uvzpomeňme	uvzpomeňte	-	-	-	-	-
uvzít	uvezmu	uvezmeš	uvezme	uvezmeme	uvezmete	uvezmou	uvezmi	uvezměme	uvezměte	uvzal	-	-	-	uvzala
uvábit	-	-	-	-	-	-	uvab	uvabme	uvabte	-	-	-	-	-
uvádět	-	-	-	-	-	-	uváděj	uvádějme	uvádějte	-	uváděn	uváděje	uvádějíc
uválet	-	-	-	-	-	uválejí	uválej	uválejme	uválejte	-	-	uváleje	uválejíc	-
uvápnit	-	-	-	-	-	-	uvápni	uvápněme	uvápněte	-	uvápněn	-	-	-
uvázat	uvážu	uvážeš	uváže	uvážeme	uvážete	uvážou	uvaž	uvažme	uvažte	-	-	-	-
uvážet	-	-	-	-	-	uvážejí	uvážej	uvážejme	uvážejte	-	-	uvážeje	uvážejíc	-
uvážit	-	-	-	-	-	-	uvaž	uvažme	uvažte	-	-	-	-
uvést	uvedu	uvedeš	uvede	uvedeme	uvedete	uvedou	uveď	uveďme	uveďte	uvedl	uveden	-	-
uvézt	uvezu	uvezeš	uveze	uvezeme	uvezete	uvezou	uvez	uvezme	uvezte	uvezl	uvezen	-	-
uvíjet	-	-	-	-	-	uvíjejí	uvíjej	uvíjejme	uvíjejte	-	-	uvíjeje	uvíjejíc	-
uvít	uviji	uviješ	uvije	uvijeme	uvijete	uvijou	uvij	uvijme	uvijte	uvil	uvit	-	-	uvila
uvěznit	-	-	-	-	-	-	uvězni	uvězněme	uvězněte	-	uvězněn	-	-
uvěčnit	-	-	-	-	-	-	uvěčni	uvěčněme	uvěčněte	-	uvěčněn	-	-	-
uvěřit	-	-	-	-	-	-	-	-	-	-	-	uvěře	-	-
uvřeštět	-	-	-	-	-	uvřeští	uvřešti	uvřeštěme	uvřeštěte	-	uvřeštěn	-	-	-
uvřít	-	-	-	-	-	uvrou	uvři	uvřeme	uvřete	uvřel	uvřen	-	-	uvřela
uzachovat	uzachovám	uzachováš	uzachová	uzachováme	uzachováte	uzachovají	uzachovej	uzachovejme	uzachovejte	-	uzachován	uzachovaje	uzachovajíc	-
uzamčít	-	-	-	-	-	-	-	-	-	uzamčel	-	-	-	uzamčela
uzaplatit	-	-	-	-	-	-	uzaplať	uzaplaťme	uzaplaťte	-	uzaplacen	-	-	-
uzapomenout	-	-	-	-	-	-	uzapomeň	uzapomeňme	uzapomeňte	-	-	-	-	-
uzardít	uzardím	uzardíš	uzardí	uzardíme	uzardíte	uzardí	uzardi	uzarděme	uzarděte	uzarděl	uzarděn	-	-	uzarděla
uzavřít	uzavřu	uzavřeš	uzavře	uzavřeme	uzavřete	uzavřou	uzavři	uzavřeme	uzavřete	uzavřel	uzavřen	-	-
uzašít	uzašiji	uzašiješ	uzašije	uzašijeme	uzašijete	uzašijou	uzašij	uzašijme	uzašijte	uzašil	uzašit	-	-	uzašila
uzbrojit	-	-	-	-	-	-	-	-	-	-	-	uzbroje	-	-
uzdit	-	-	-	-	-	-	uzdi	uzděme	uzděte	-	uzděn	-	-	-
uzdravět	-	-	-	-	-	-	uzdravěj	uzdravějme	uzdravějte	-	uzdravěn	uzdravěje	uzdravějíc	-
uzdát	uzdám	uzdáš	uzdá	uzdáme	uzdáte	uzdají	uzdej	uzdejme	uzdejte	-	uzdán	-	-	-
uzemit	-	-	-	-	-	-	uzemi	uzeměme	uzeměte	-	uzeměn	-	-	-
uzemnit	-	-	-	-	-	-	uzemni	uzemněme	uzemněte	-	uzemněn	-	-
uzlit	-	-	-	-	-	-	uzli	uzleme	uzlete	-	-	uzle	-	-
uzlovatět	-	-	-	-	-	-	uzlovatěj	uzlovatějme	uzlovatějte	-	uzlovatěn	uzlovatěje	uzlovatějíc	-
uzmout	uzmu	uzmeš	uzme	uzmeme	uzmete	uzmou	uzmi	uzměme	uzměte	uzmul	uzmut	-	-
uzměnit	-	-	-	-	-	-	uzměň	uzměňme	uzměňte	-	uzměněn	-	-	-
uzrát	uzraji	uzraješ	uzraje	uzrajeme	uzrajete	uzrajou	uzraj	uzrajme	uzrajte	-	-	-	-	-
uzvonit	-	-	-	-	-	-	uzvoň	uzvoňme	uzvoňte	-	uzvoněn	-	-	-
uzákonit	-	-	-	-	-	-	uzákoň	uzákoňme	uzákoňte	-	uzákoněn	-	-
uzávodit	-	-	-	-	-	-	uzávoď	uzávoďme	uzávoďte	-	uzávoděn	-	-	-
uzřejmit	-	-	-	-	-	-	uzřejmi	uzřejměme	uzřejměte	-	-	-	-	-
uzřít	uzřu	uzřeš	uzře	uzřeme	uzřete	uzřou	uzři	uzřeme	uzřete	uzřel	uzřen	-	-	uzřela
učadit	-	-	-	-	-	-	učaď	učaďme	učaďte	-	učazen	-	-	-
učernit	-	-	-	-	-	-	učerň	učerňme	učerňte	-	učerněn	-	-	-
učinit	-	-	-	-	-	-	učiň	učiňme	učiňte	-	učiněn	-	-
učistit	-	-	-	-	-	-	učisti	učistěme	učistěte	-	učistěn	-	-	-
učit	-	-	-	-	-	-	-	-	-	-	-	uče	-
učlenit	-	-	-	-	-	-	učleň	učleňme	učleňte	-	učleněn	-	-	-
učlověčit	-	-	-	-	-	-	-	-	-	-	-	učlověče	-	-
učmoudit	-	-	-	-	-	-	učmoudi	učmouděme	učmouděte	-	učmouděn	-	-	-
učmudit	-	-	-	-	-	-	učmuď	učmuďme	učmuďte	-	učmuděn	-	-	-
učoudit	-	-	-	-	-	-	učoudi	učouděme	učouděte	-	učouděn	-	-	-
učout	učuji	učuješ	učuje	učujeme	učujete	učujou	učuj	učujme	učujte	učul	učut	-	-	učula
učudit	-	-	-	-	-	-	učuď	učuďme	učuďte	-	učuděn	-	-	-
učíst	učtu	učteš	učte	učteme	učtete	učtou	učti	učtěme	učtěte	učetl	učten	-	-	učetla
učít	učiji	učiješ	učije	učijeme	učijete	učijou	učij	učijme	učijte	učil	učit	-	-	učila
uřadit	-	-	-	-	-	-	uřaď	uřaďme	uřaďte	-	uřaděn	-	-	-
uřečnit	-	-	-	-	-	-	uřečni	uřečněme	uřečněte	-	uřečněn	-	-	-
uřvat	uřvu	uřveš	uřve	uřveme	uřvete	uřvou	uřvi	uřvěme	uřvěte	-	-	-	-
uřídit	-	-	-	-	-	-	uřiď	uřiďme	uřiďte	-	uřízen	-	-	-
uřítit	-	-	-	-	-	-	uřiť	uřiťme	uřiťte	-	uřícen	-	-	-
ušedivět	-	-	-	-	-	-	ušedivěj	ušedivějme	ušedivějte	-	ušedivěn	ušedivěje	ušedivějíc	-
ušinout	-	-	-	-	-	-	ušiň	ušiňme	ušiňte	-	-	-	-	-
uškodit	-	-	-	-	-	-	uškoď	uškoďme	uškoďte	-	uškozen	-	-	-
uškotit	-	-	-	-	-	-	uškoť	uškoťme	uškoťte	-	uškocen	-	-	-
uškrtit	-	-	-	-	-	-	uškrť	uškrťme	uškrťte	-	uškrcen	-	-
uškudlit	-	-	-	-	-	-	uškudli	uškudleme	uškudlete	-	-	-	-	-
uškvařit	-	-	-	-	-	-	-	-	-	-	-	uškvaře	-	-
uškvířit	-	-	-	-	-	-	-	-	-	-	-	uškvíře	-	-
ušlechtit	-	-	-	-	-	-	ušlechti	ušlechtěme	ušlechtěte	-	ušlechtěn	-	-	-
ušpendlit	-	-	-	-	-	-	ušpendli	ušpendleme	ušpendlete	-	-	-	-	-
ušpinit	-	-	-	-	-	-	ušpiň	ušpiňme	ušpiňte	-	ušpiněn	-	-	-
ušpoulit	-	-	-	-	-	-	ušpouli	ušpouleme	ušpoulete	-	-	-	-	-
ušpulit	-	-	-	-	-	-	-	-	-	-	-	ušpule	-	-
uštvat	uštvu	uštveš	uštve	uštveme	uštvete	uštvou	uštvi	uštvěme	uštvěte	-	-	-	-	-
uštířit	-	-	-	-	-	-	uštiř	uštiřme	uštiřte	-	-	-	-	-
uštědřit	-	-	-	-	-	-	uštědři	uštědřeme	uštědřete	-	-	-	-
ušušnět	-	-	-	-	-	ušušní	ušušni	ušušněme	ušušněte	-	ušušněn	-	-	-
ušušňat	-	-	-	-	-	-	ušušněj	ušušnějme	ušušnějte	-	-	-	-	-
ušít	ušiji	ušiješ	ušije	ušijeme	ušijete	ušijou	ušij	ušijme	ušijte	ušil	ušit	-	-	ušila
užehlit	-	-	-	-	-	-	užehli	užehleme	užehlete	-	-	-	-	-
uživotnit	-	-	-	-	-	-	uživotni	uživotněme	uživotněte	-	uživotněn	-	-	-
užnout	-	-	-	-	-	-	-	-	-	užal	-	-	-	užala
užrat	užeru	užereš	užere	užereme	užerete	užerou	užer	užerme	užerte	-	-	-	-	-
užulit	-	-	-	-	-	-	-	-	-	-	-	užule	-	-
užvanit	-	-	-	-	-	-	užvaň	užvaňme	užvaňte	-	užvaněn	-	-	-
užít	užiji	užiješ	užije	užijeme	užijete	užijou	užij	užijme	užijte	užil	užit	užije	užijíc	-
vadit	-	-	-	-	-	-	vaď	vaďme	vaďte	-	vaděn	-	-	-
vagabundit	-	-	-	-	-	-	vagabundi	vagabunděme	vagabunděte	-	vagabunděn	-	-	-
valašit	-	-	-	-	-	-	-	-	-	-	-	valaše	-	-
valit	-	-	-	-	-	-	-	-	-	-	-	vale	-	-
vanout	-	-	-	-	-	-	vaň	vaňme	vaňte	-	-	-	-
varhanit	-	-	-	-	-	-	varhaň	varhaňme	varhaňte	-	varhaněn	-	-	-
varhaničit	-	-	-	-	-	-	-	-	-	-	-	varhaniče	-	-
varhanět	-	-	-	-	-	-	varhaněj	varhanějme	varhanějte	-	varhaněn	varhaněje	varhanějíc	-
varhánkovatět	-	-	-	-	-	-	varhánkovatěj	varhánkovatějme	varhánkovatějte	-	varhánkovatěn	varhánkovatěje	varhánkovatějíc	-
vatřit	-	-	-	-	-	-	vatři	vatřeme	vatřete	-	-	vatře	-	-
vařit	-	-	-	-	-	-	-	-	-	-	-	vaře	-
vbalit	-	-	-	-	-	-	-	-	-	-	-	vbale	-	-
vbatolit	-	-	-	-	-	-	-	-	-	-	-	vbatole	-	-
vbortit	-	-	-	-	-	-	vborť	vborťme	vborťte	-	vborcen	-	-	-
vbočit	-	-	-	-	-	-	-	-	-	-	-	vboče	-	-
vbořit	-	-	-	-	-	-	-	-	-	-	-	vboře	-	-
vbrousit	-	-	-	-	-	-	vbrus	vbrusme	vbruste	-	vbroušen	-	-	-
vbruslit	-	-	-	-	-	-	vbrusli	vbrusleme	vbruslete	-	-	-	-	-
vburácet	-	-	-	-	-	vburácejí	vburácej	vburácejme	vburácejte	-	-	vburáceje	vburácejíc	-
vbájit	-	-	-	-	-	-	vbaj	vbajme	vbajte	-	-	-	-	-
vbásnit	-	-	-	-	-	-	vbásni	vbásněme	vbásněte	-	vbásněn	-	-	-
vbíjet	-	-	-	-	-	vbíjejí	vbíjej	vbíjejme	vbíjejte	-	-	vbíjeje	vbíjejíc	-
vbít	vbiji	vbiješ	vbije	vbijeme	vbijete	vbijou	vbij	vbijme	vbijte	vbil	vbit	-	-	vbila
vbízet	-	-	-	-	-	vbízejí	vbízej	vbízejme	vbízejte	-	-	vbízeje	vbízejíc	-
vcenit	-	-	-	-	-	-	vceň	vceňme	vceňte	-	vceněn	-	-	-
vchlípit	-	-	-	-	-	-	vchlip	vchlipme	vchlipte	-	-	-	-	-
vchodit	-	-	-	-	-	-	vchoď	vchoďme	vchoďte	-	vchozen	-	-	-
vchoulit	-	-	-	-	-	-	vchouli	vchouleme	vchoulete	-	-	-	-	-
vchrlit	-	-	-	-	-	-	vchrli	vchrleme	vchrlete	-	-	-	-	-
vcházet	-	-	-	-	-	vcházejí	vcházej	vcházejme	vcházejte	-	-	vcházeje	vcházejíc	-
vcítit	-	-	-	-	-	-	vciť	vciťme	vciťte	-	vcítěn	-	-	-
vdláždit	-	-	-	-	-	-	vdláždi	vdlážděme	vdlážděte	-	vdlážděn	-	-	-
vdout	vduji	vduješ	vduje	vdujeme	vdujete	vdujou	vduj	vdujme	vdujte	vdul	vdut	-	-	vdula
vdrandit	-	-	-	-	-	-	-	-	-	-	vdranděn	-	-	-
vdát	vdám	vdáš	vdá	vdáme	vdáte	vdají	vdej	vdejme	vdejte	vdal	vdán	-	-
vdědit	-	-	-	-	-	-	vděď	vděďme	vděďte	-	vděděn	-	-	-
vdělit	-	-	-	-	-	-	-	-	-	-	-	vděle	-	-
vděčit	-	-	-	-	-	-	-	-	-	-	-	vděče	-	-
vece	-	-	vece	-	-	-	-	-	-	-	-	-	-	-
vecpat	vecpu	vecpeš	vecpe	vecpeme	vecpete	vecpou	vecpi	vecpěme	vecpěte	-	-	-	-	-
vedrat	vderu	vdereš	vdere	vdereme	vderete	vderou	vder	vderme	vderte	-	-	-	-	-
vedřít	vedřu	vedřeš	vedře	vedřeme	vedřete	vedřou	vedři	vedřeme	vedřete	vedřel	vedřen	-	-	vedřela
vehrát	vehraji	vehraješ	vehraje	vehrajeme	vehrajete	vehrajou	vehraj	vehrajme	vehrajte	-	vehrán	-	-	-
vehřmět	-	-	-	-	-	vehřmí	vehřmi	vehřměme	vehřměte	-	vehřměn	-	-	-
vejměničit	-	-	-	-	-	-	-	-	-	-	-	vejměniče	-	-
vejít	vejdu	vejdeš	vejde	vejdeme	vejdete	vejdou	vejdi	vejděme	vejděte	vešel	-	-	-	vešla
vejřit	-	-	-	-	-	-	vejři	vejřeme	vejřete	-	-	vejře	-	-
vekreslit	-	-	-	-	-	-	vekresli	vekresleme	vekreslete	-	-	-	-	-
velet	-	-	-	-	-	velí	vel	velme	velte	-	-	vele	velíc
velhat	velžu	velžeš	velže	velžeme	velžete	velžou	velži	velžeme	velžete	-	-	-	-	-
veličit	-	-	-	-	-	-	-	-	-	-	-	veliče	-	-
velnout	-	-	-	-	-	-	-	-	-	velnul	-	-	-	velnula
vemnout	-	-	-	-	-	-	-	-	-	vemnul	-	-	-	vemnula
venkovatět	-	-	-	-	-	-	venkovatěj	venkovatějme	venkovatějte	-	venkovatěn	venkovatěje	venkovatějíc	-
venčit	-	-	-	-	-	-	venči	venčeme	venčete	-	-	venče	-	-
veplout	vepluji	vepluješ	vepluje	veplujeme	veplujete	veplujou	vepluj	veplujme	veplujte	veplul	-	-	-	veplula
veprat	veperu	vepereš	vepere	vepereme	veperete	veperou	veper	veperme	veperte	-	-	-	-	-
vepsat	vepíši	vepíšeš	vepíše	vepíšeme	vepíšete	vepíšou	vepiš	vepišme	vepište	-	-	-	-
vepřít	vepřu	vepřeš	vepře	vepřeme	vepřete	vepřou	vepři	vepřeme	vepřete	-	vepřen	-	-	-
vervat	vervu	verveš	verve	verveme	vervete	vervou	vervi	vervěme	vervěte	-	-	-	-	-
veselit	-	-	-	-	-	-	-	-	-	-	-	vesele	-	-
vesnít	vesním	vesníš	vesní	vesníme	vesníte	vesní	-	-	-	vesnil	vesněn	-	-	vesnila
vestavět	-	-	-	-	-	-	vestav	vestavme	vestavte	-	vestavěn	-	-	-
vetlačit	-	-	-	-	-	-	-	-	-	-	-	vetlače	-	-
vetlouci	vetluku	vetlučeš	vetluče	vetlučeme	vetlučete	vetlučou	vetluč	vetlučme	vetlučte	vetloukl	vetlučen	-	-	vetloukla
vetrousit	-	-	-	-	-	-	vetrus	vetrusme	vetruste	-	vetroušen	-	-	-
vetřít	vetřu	vetřeš	vetře	vetřeme	vetřete	vetřou	vetři	vetřeme	vetřete	vetřel	vetřen	-	-
vetšet	-	-	-	-	-	vetšejí	vetšej	vetšejme	vetšejte	-	-	vetšeje	vetšejíc	-
vevalit	-	-	-	-	-	-	-	-	-	-	-	vevale	-	-
vevanout	-	-	-	-	-	-	vevaň	vevaňme	vevaňte	-	-	-	-	-
vevlnit	-	-	-	-	-	-	vevlň	vevlňme	vevlňte	-	vevlněn	-	-	-
vevláčet	-	-	-	-	-	vevláčejí	vevláčej	vevláčejme	vevláčejte	-	-	vevláčeje	vevláčejíc	-
vevléci	vevleču	vevlečeš	vevleče	vevlečeme	vevlečete	vevlečou	vevlec	vevlecme	vevlecte	vevlekl	vevlečen	-	-	vevlekla
vevábit	-	-	-	-	-	-	vevábi	veváběme	veváběte	-	-	-	-	-
vevádět	-	-	-	-	-	-	veváděj	vevádějme	vevádějte	-	veváděn	veváděje	vevádějíc	-
vevést	vevedu	vevedeš	vevede	vevedeme	vevedete	vevedou	veveď	veveďme	veveďte	vevedl	veveden	-	-	vevedla
vezdít	vezdím	vezdíš	vezdí	vezdíme	vezdíte	vezdí	vezdi	vezděme	vezděte	vezdil	vezděn	-	-	vezdila
veznít	vezním	vezníš	vezní	vezníme	vezníte	vezní	vezni	vezněme	vezněte	vezněl	vezněn	-	-	vezněla
večeřet	-	-	-	-	-	večeří	večeř	večeřme	večeřte	-	-	večeře	večeříc	-
vešpendlit	-	-	-	-	-	-	vešpendli	vešpendleme	vešpendlete	-	-	-	-	-
veštvat	veštvu	veštveš	veštve	veštveme	veštvete	veštvou	veštvi	veštvěme	veštvěte	-	-	-	-	-
vešít	-	-	-	-	-	-	vešij	vešijme	vešijte	vešil	vešit	-	-	vešila
vežrat	vežeru	vežereš	vežere	vežereme	vežerete	vežerou	vežer	vežerme	vežerte	-	-	-	-	-
vhalit	-	-	-	-	-	-	-	-	-	-	-	vhale	-	-
vhloubit	-	-	-	-	-	-	vhloubi	vhlouběme	vhlouběte	-	-	-	-	-
vhlížet	-	-	-	-	-	vhlížejí	vhlížej	vhlížejme	vhlížejte	-	-	vhlížeje	vhlížejíc	-
vhníst	vhnětu	vhněteš	vhněte	vhněteme	vhnětete	vhnětou	vhněť	vhněťme	vhněťte	vhnětl	vhněten	-	-	vhnětla
vhnízdit	-	-	-	-	-	-	vhnízdi	vhnízděme	vhnízděte	-	vhnízděn	-	-	-
vhodit	-	-	-	-	-	-	vhoď	vhoďme	vhoďte	-	vhozen	-	-	-
vhojit	-	-	-	-	-	-	-	-	-	-	-	vhoje	-	-
vhostit	-	-	-	-	-	-	vhosti	vhostěme	vhostěte	-	vhoštěn	-	-	-
vhovořit	-	-	-	-	-	-	-	-	-	-	-	vhovoře	-	-
vhrdlolhát	vhrdlolžu	vhrdlolžeš	vhrdlolže	vhrdlolžeme	vhrdlolžete	vhrdlolžou	vhrdlolži	vhrdlolžeme	vhrdlolžete	vhrdlolhal	-	vhrdlolha	vhrdlolhouc	vhrdlolhala
vhrnout	-	-	-	-	-	-	vhrň	vhrňme	vhrňte	vhrnul	-	-	-	vhrnula
vhroutit	-	-	-	-	-	-	vhrouti	vhroutěme	vhroutěte	-	vhroucen	-	-	-
vhrouzit	-	-	-	-	-	-	vhruz	vhruzme	vhruzte	-	-	-	-	-
vhroužit	-	-	-	-	-	-	vhrouži	vhroužeme	vhroužete	-	-	-	-	-
vhrýzt	vhryzu	vhryzeš	vhryze	vhryzeme	vhryzete	vhryzou	vhryz	vhryzme	vhryzte	vhryzl	vhryzen	-	-	vhryzla
vhrčet	-	-	-	-	-	-	vhrč	vhrčme	vhrčte	-	-	-	-	-
vhučet	-	-	-	-	-	vhučí	vhuč	vhučme	vhučte	-	-	-	-	-
vhánět	-	-	-	-	-	-	vháněj	vhánějme	vhánějte	-	vháněn	vháněje	vhánějíc	-
vházet	-	-	-	-	-	vházejí	vházej	vházejme	vházejte	-	-	vházeje	vházejíc	-
vhřížit	-	-	-	-	-	-	vhřiž	vhřižme	vhřižte	-	-	-	-	-
vichřit	-	-	-	-	-	-	-	-	-	-	-	vichře	-	-
vidět	-	-	-	-	-	-	-	vizme	vizte	-	viděn	vida	vidouc
vilnit	-	-	-	-	-	-	vilni	vilněme	vilněte	-	vilněn	-	-	-
vinařit	-	-	-	-	-	-	-	-	-	-	-	vinaře	-	-
vinit	-	-	-	-	-	-	viň	viňme	viňte	-	viněn	-	-
vinklařit	-	-	-	-	-	-	-	-	-	-	-	vinklaře	-	-
vinout	-	-	-	-	-	-	viň	viňme	viňte	-	-	-	-
viset	-	-	-	-	-	visí	vis	visme	viste	-	-	vise	visíc
vjet	vjedu	vjedeš	vjede	vjedeme	vjedete	vjedou	vjeď	vjeďme	vjeďte	-	-	-	-	-
vjít	-	-	-	-	-	-	-	-	-	všel	-	-	-	všla
vjíždět	-	-	-	-	-	-	vjížděj	vjíždějme	vjíždějte	-	vjížděn	vjížděje	vjíždějíc	-
vkanout	-	-	-	-	-	-	vkaň	vkaňme	vkaňte	-	-	-	-	-
vklenout	-	-	-	-	-	-	vkleň	vkleňme	vkleňte	-	-	-	-	-
vkloubit	-	-	-	-	-	-	vkloubi	vklouběme	vklouběte	-	-	-	-	-
vklást	vkladu	vkladeš	vklade	vklademe	vkladete	vkladou	vklaď	vklaďme	vklaďte	vkladl	vkladen	-	-	vkladla
vklát	vklanu	vklaneš	vklane	vklaneme	vklanete	vklanou	vklaň	vklaňme	vklaňte	-	vklán	-	-	-
vklátit	-	-	-	-	-	-	vkláť	vkláťme	vkláťte	-	vklácen	-	-	-
vklínit	-	-	-	-	-	-	vkliň	vkliňme	vkliňte	-	vklíněn	-	-	-
vklít	vkleji	vkleješ	vkleje	vklejeme	vklejete	vklejou	vklej	vklejme	vklejte	vklel	vklet	-	-	vklela
vklížit	-	-	-	-	-	-	-	-	-	-	-	vklíže	-	-
vkotoulet	-	-	-	-	-	vkotoulejí	vkotoulej	vkotoulejme	vkotoulejte	-	-	vkotouleje	vkotoulejíc	-
vkotvit	-	-	-	-	-	-	vkotvi	vkotvěme	vkotvěte	-	-	-	-	-
vkoulet	-	-	-	-	-	vkoulejí	vkoulej	vkoulejme	vkoulejte	-	-	vkouleje	vkoulejíc	-
vkoupit	-	-	-	-	-	-	vkup	vkupme	vkupte	-	-	-	-	-
vkout	vkuji	vkuješ	vkuje	vkujeme	vkujete	vkujou	vkuj	vkujme	vkujte	vkul	vkut	-	-	vkula
vkouzlit	-	-	-	-	-	-	vkouzli	vkouzleme	vkouzlete	-	-	-	-	-
vkovat	vkovám	vkováš	vková	vkováme	vkováte	vkovají	vkovej	vkovejme	vkovejte	-	vkován	vkovaje	vkovajíc	-
vkořenit	-	-	-	-	-	-	vkořeň	vkořeňme	vkořeňte	-	vkořeněn	-	-	-
vkreslit	-	-	-	-	-	-	vkresli	vkresleme	vkreslete	-	-	-	-	-
vkrojit	-	-	-	-	-	-	-	-	-	-	-	vkroje	-	-
vkroutit	-	-	-	-	-	-	vkruť	vkruťme	vkruťte	-	vkroucen	-	-	-
vkroužit	-	-	-	-	-	-	vkruž	vkružme	vkružte	-	-	-	-	-
vkročit	-	-	-	-	-	-	-	-	-	-	-	vkroče	-	-
vkrást	vkradu	vkradeš	vkrade	vkrademe	vkradete	vkradou	vkraď	vkraďme	vkraďte	vkradl	vkraden	-	-	vkradla
vkráčet	-	-	-	-	-	vkráčejí	vkráčej	vkráčejme	vkráčejte	-	-	vkráčeje	vkráčejíc	-
vkuklit	-	-	-	-	-	-	vkukli	vkukleme	vkuklete	-	-	-	-	-
vkutálet	-	-	-	-	-	vkutálejí	vkutálej	vkutálejme	vkutálejte	-	-	vkutáleje	vkutálejíc	-
vkřičet	-	-	-	-	-	vkřičí	vkřič	vkřičme	vkřičte	-	-	-	-	-
vladařit	-	-	-	-	-	-	-	-	-	-	-	vladaře	-	-
vlastenčit	-	-	-	-	-	-	vlastenči	vlastenčeme	vlastenčete	-	-	vlastenče	-	-
vlastnit	-	-	-	-	-	-	vlastni	vlastněme	vlastněte	-	vlastněn	-	-
vlažit	-	-	-	-	-	-	-	-	-	-	-	vlaže	-	-
vlažnět	-	-	-	-	-	-	vlažněj	vlažnějme	vlažnějte	-	vlažněn	vlažněje	vlažnějíc	-
vletět	-	-	-	-	-	vletí	vleť	vleťme	vleťte	-	vletěn	-	-	-
vlhčit	-	-	-	-	-	-	vlhči	vlhčeme	vlhčete	-	-	vlhče	-	-
vlichotit	-	-	-	-	-	-	vlichoť	vlichoťme	vlichoťte	-	vlichocen	-	-
vlinout	-	-	-	-	-	-	vliň	vliňme	vliňte	-	-	-	-	-
vlnit	-	-	-	-	-	-	-	-	-	-	vlněn	-	-
vloudit	-	-	-	-	-	-	vloudi	vlouděme	vlouděte	-	vlouděn	-	-	-
vložit	-	-	-	-	-	-	-	-	-	-	-	vlože	-	-
vlát	vlaji	vlaješ	vlaje	vlajeme	vlajete	vlajou	vlaj	vlajme	vlajte	-	vlán	vlaje	vlajíc	-
vláčet	-	-	-	-	-	vláčejí	vlač	vlačme	vlačte	-	-	vláče	vláčejíc	-
vláčnit	-	-	-	-	-	-	vláčni	vláčněme	vláčněte	-	vláčněn	-	-	-
vláčnět	-	-	-	-	-	vláční	vláčni	vláčněme	vláčněte	-	vláčněn	vláčně	vláčníc	-
vléci	vleču	vlečeš	vleče	vlečeme	vlečete	vlekou	vlec	vlecme	vlecte	vlekl	vlečen	vleka	vlekouc	vlekla
vlézt	vlezu	vlezeš	vleze	vlezeme	vlezete	vlezou	vlez	vlezme	vlezte	vlezl	vlezen	-	-	-
vlídnět	-	-	-	-	-	-	vlídněj	vlídnějme	vlídnějte	-	vlídněn	vlídněje	vlídnějíc	-
vlít	vleji	vleješ	vleje	vlejeme	vlejete	vlejou	vlej	vlejme	vlejte	vlil	vlit	-	-	vlila
vlčet	-	-	-	-	-	vlčejí	vlčej	vlčejme	vlčejte	-	-	vlčeje	vlčejíc	-
vmazlit	-	-	-	-	-	-	vmazli	vmazleme	vmazlete	-	-	-	-	-
vmezeřit	-	-	-	-	-	-	-	-	-	-	-	vmezeře	-	-
vmlátit	-	-	-	-	-	-	vmlať	vmlaťme	vmlaťte	-	vmlácen	-	-	-
vmrštit	-	-	-	-	-	-	vmršti	vmrštěme	vmrštěte	-	vmrštěn	-	-	-
vmyslit	-	-	-	-	-	-	vmysli	vmysleme	vmyslete	-	vmyšlen	-	-	-
vmést	vmetu	vmeteš	vmete	vmeteme	vmetete	vmetou	vmeť	vmeťme	vmeťte	vmetl	vmeten	-	-	vmetla
vmísit	-	-	-	-	-	-	vmis	vmisme	vmiste	-	-	-	-	-
vmístit	-	-	-	-	-	-	vmisť	vmisťme	vmisťte	-	vmístěn	-	-	-
vmýšlet	-	-	-	-	-	vmýšlejí	vmýšlej	vmýšlejme	vmýšlejte	-	-	vmýšleje	vmýšlejíc	-
vmřít	-	-	-	-	-	-	-	-	-	vmřel	-	-	-	vmřela
vnadit	-	-	-	-	-	-	vnaď	vnaďme	vnaďte	-	vnaděn	-	-	-
vnořit	-	-	-	-	-	-	-	-	-	-	-	vnoře	-	-
vnutit	-	-	-	-	-	-	vnuť	vnuťme	vnuťte	-	vnucen	-	-
vnášet	-	-	-	-	-	vnášejí	vnášej	vnášejme	vnášejte	-	-	vnášeje	vnášejíc	-
vnést	vnesu	vneseš	vnese	vneseme	vnesete	vnesou	vnes	vnesme	vneste	vnesl	vnesen	-	-
vobcházet	-	-	-	-	-	vobcházejí	vobcházej	vobcházejme	vobcházejte	-	-	vobcházeje	vobcházejíc	-
vobejmout	vobejmu	vobejmeš	vobejme	vobejmeme	vobejmete	vobejmou	vobejmi	vobejměme	vobejměte	vobejmul	vobejmut	-	-	vobejmula
vobejít	vobejdu	vobejdeš	vobejde	vobejdeme	vobejdete	vobejdou	vobejdi	vobejděme	vobejděte	vobešel	-	-	-	vobešla
vobjasnit	-	-	-	-	-	-	vobjasni	vobjasněme	vobjasněte	-	vobjasněn	-	-	-
vobjet	vobjedu	vobjedeš	vobjede	vobjedeme	vobjedete	vobjedou	-	-	-	-	vobjet	-	-	-
vobklíčit	-	-	-	-	-	-	vobklič	vobkličme	vobkličte	-	-	-	-	-
voblažit	-	-	-	-	-	-	-	-	-	-	-	voblaže	-	-
voblbit	-	-	-	-	-	-	voblbi	voblbeme	voblbete	-	-	-	-	-
vobložit	-	-	-	-	-	-	-	-	-	-	-	voblože	-	-
vobléci	vobleču	voblečeš	vobleče	voblečeme	voblečete	voblečou	vobleč	voblečme	voblečte	-	voblečen	-	-	-
vobracet	-	-	-	-	-	vobracejí	vobracej	vobracejme	vobracejte	-	-	vobraceje	vobracejíc	-
vobroubit	-	-	-	-	-	-	vobrub	vobrubme	vobrubte	-	-	-	-	-
vobrátit	-	-	-	-	-	-	vobrať	vobraťme	vobraťte	-	vobrácen	-	-	-
vobsadit	-	-	-	-	-	-	vobsaď	vobsaďme	vobsaďte	-	vobsazen	-	-	-
vobsloužit	-	-	-	-	-	-	vobsluž	vobslužme	vobslužte	-	-	-	-	-
vobstát	vobstojím	vobstojíš	vobstojí	vobstojíme	vobstojíte	vobstojí	-	-	-	-	-	-	-	-
voběsit	-	-	-	-	-	-	-	-	-	-	voběšen	-	-	-
vocenit	-	-	-	-	-	-	voceň	voceňme	voceňte	-	voceněn	-	-	-
vochcat	vochčiji	vochčiješ	vochčije	vochčijeme	vochčijete	vochčijou	vochčij	vochčijme	vochčijte	-	-	-	-	-
vochraptět	-	-	-	-	-	vochraptí	vochrapti	vochraptěme	vochraptěte	-	vochraptěn	-	-	-
vochránit	-	-	-	-	-	-	vochraň	vochraňme	vochraňte	-	vochráněn	-	-	-
vodbarvit	-	-	-	-	-	-	vodbarvi	vodbarvěme	vodbarvěte	-	-	-	-	-
vodbýt	vodbudu	vodbudeš	vodbude	vodbudeme	vodbudete	vodbudou	vodbuď	vodbuďme	vodbuďte	vodbyl	vodbyt	-	-	vodbyla
vodcházet	-	-	-	-	-	vodcházejí	vodcházej	vodcházejme	vodcházejte	-	-	vodcházeje	vodcházejíc	-
vodebrat	vodeberu	vodebereš	vodebere	vodebereme	vodeberete	vodeberou	vodeber	vodeberme	vodeberte	-	-	-	-	-
vodehrát	vodehraji	vodehraješ	vodehraje	vodehrajeme	vodehrajete	vodehrajou	vodehraj	vodehrajme	vodehrajte	-	vodehrán	-	-	-
vodejít	vodejdu	vodejdeš	vodejde	vodejdeme	vodejdete	vodejdou	vodejdi	vodejděme	vodejděte	vodešel	vodejit	-	-	vodešla
vodepnout	-	-	-	-	-	-	-	-	-	vodepjal	-	-	-	vodepjala
vodepsat	vodepíši	vodepíšeš	vodepíše	vodepíšeme	vodepíšete	vodepíšou	vodepiš	vodepišme	vodepište	-	-	-	-	-
vodeslat	vodešlu	vodešleš	vodešle	vodešleme	vodešlete	vodešlou	vodešli	vodešleme	vodešlete	-	-	-	-	-
vodevřít	vodevřu	vodevřeš	vodevře	vodevřeme	vodevřete	vodevřou	vodevři	vodevřeme	vodevřete	vodevřel	vodevřen	-	-	vodevřela
vodečíst	vodečtu	vodečteš	vodečte	vodečteme	vodečtete	vodečtou	vodečti	vodečtěme	vodečtěte	-	vodečten	-	-	-
vodhodit	-	-	-	-	-	-	vodhoď	vodhoďme	vodhoďte	-	vodhozen	-	-	-
vodhrabat	vodhrabu	vodhrabeš	vodhrabe	vodhrabeme	vodhrabete	vodhrabou	-	-	-	-	-	-	-	-
vodhánět	-	-	-	-	-	-	vodháněj	vodhánějme	vodhánějte	-	vodháněn	vodháněje	vodhánějíc	-
vodit	-	-	-	-	-	-	voď	voďme	voďte	-	voděn	-	-
vodjet	vodjedu	vodjedeš	vodjede	vodjedeme	vodjedete	vodjedou	vodjeď	vodjeďme	vodjeďte	-	-	-	-	-
vodjíždět	-	-	-	-	-	-	vodjížděj	vodjíždějme	vodjíždějte	-	vodjížděn	vodjížděje	vodjíždějíc	-
vodklidit	-	-	-	-	-	-	vodkliď	vodkliďme	vodkliďte	-	vodklizen	-	-	-
vodkoupit	-	-	-	-	-	-	vodkup	vodkupme	vodkupte	-	-	-	-	-
vodkroutit	-	-	-	-	-	-	vodkruť	vodkruťme	vodkruťte	-	vodkroucen	-	-	-
vodkráčet	-	-	-	-	-	vodkráčejí	vodkráčej	vodkráčejme	vodkráčejte	-	-	vodkráčeje	vodkráčejíc	-
vodložit	-	-	-	-	-	-	-	-	-	-	-	vodlože	-	-
vodnatět	-	-	-	-	-	-	vodnatěj	vodnatějme	vodnatějte	-	vodnatěn	vodnatěje	vodnatějíc	-
vodničit	-	-	-	-	-	-	-	-	-	-	-	vodniče	-	-
vodnést	vodnesu	vodneseš	vodnese	vodneseme	vodnesete	vodnesou	vodnes	vodnesme	vodneste	vodnesl	vodnesen	-	-	vodnesla
vodoléčit	-	-	-	-	-	-	vodoleč	vodolečme	vodolečte	-	-	vodoléče	-	-
vodpouštět	-	-	-	-	-	-	vodpouštěj	vodpouštějme	vodpouštějte	-	vodpouštěn	vodpouštěje	vodpouštějíc	-
vodpovolit	-	-	-	-	-	-	-	-	-	-	-	vodpovole	-	-
vodpovědět	vodpovím	vodpovíš	vodpoví	vodpovíme	vodpovíte	vodpovědí	-	-	-	-	vodpověděn	-	-	-
vodpočinout	-	-	-	-	-	-	vodpočiň	vodpočiňme	vodpočiňte	-	-	-	-	-
vodprdelit	-	-	-	-	-	-	-	-	-	-	-	vodprdele	-	-
vodpustit	-	-	-	-	-	-	vodpusť	vodpusťme	vodpusťte	-	vodpuštěn	-	-	-
vodpálit	-	-	-	-	-	-	vodpal	vodpalme	vodpalte	-	-	-	-	-
vodrážet	-	-	-	-	-	vodrážejí	vodrážej	vodrážejme	vodrážejte	-	-	vodrážeje	vodrážejíc	-
vodrůst	vodrostu	vodrosteš	vodroste	vodrosteme	vodrostete	vodrostou	-	-	-	vodrostl	-	-	-	vodrostla
vodsedět	-	-	-	-	-	vodsedí	vodseď	vodseďme	vodseďte	-	vodseděn	-	-	-
vodskočit	-	-	-	-	-	-	-	-	-	-	-	vodskoče	-	-
vodskákat	vodskáči	vodskáčeš	vodskáče	vodskáčeme	vodskáčete	vodskáčou	-	-	-	-	-	-	-	-
vodsoudit	-	-	-	-	-	-	-	-	-	-	vodsouzen	-	-	-
vodsrat	vodseru	vodsereš	vodsere	vodsereme	vodserete	vodserou	vodser	vodserme	vodserte	-	-	-	-	-
vodstranit	-	-	-	-	-	-	vodstraň	vodstraňme	vodstraňte	-	vodstraněn	-	-	-
vodstát	vodstojím	vodstojíš	vodstojí	vodstojíme	vodstojíte	vodstojí	-	-	-	-	vodstát	-	-	-
vodstřelit	-	-	-	-	-	-	-	-	-	-	-	vodstřele	-	-
vodtroubit	-	-	-	-	-	-	vodtrub	vodtrubme	vodtrubte	-	-	-	-	-
vodvalit	-	-	-	-	-	-	-	-	-	-	-	vodvale	-	-
vodvařit	-	-	-	-	-	-	-	-	-	-	-	vodvaře	-	-
vodvádět	-	-	-	-	-	-	vodváděj	vodvádějme	vodvádějte	-	vodváděn	vodváděje	vodvádějíc	-
vodvázat	vodváži	vodvážeš	vodváže	vodvážeme	vodvážete	vodvážou	vodvaž	vodvažme	vodvažte	-	-	-	-	-
vodvážet	-	-	-	-	-	vodvážejí	vodvážej	vodvážejme	vodvážejte	-	-	vodvážeje	vodvážejíc	-
vodvést	vodvedu	vodvedeš	vodvede	vodvedeme	vodvedete	vodvedou	vodveď	vodveďme	vodveďte	vodvedl	vodveden	-	-	vodvedla
vodvézt	vodvezu	vodvezeš	vodveze	vodvezeme	vodvezete	vodvezou	vodvez	vodvezme	vodvezte	vodvezl	vodvezen	-	-	vodvezla
vodzvonit	-	-	-	-	-	-	vodzvoň	vodzvoňme	vodzvoňte	-	vodzvoněn	-	-	-
vodřít	vodřu	vodřeš	vodře	vodřeme	vodřete	vodřou	vodři	vodřeme	vodřete	vodřel	vodřen	-	-	vodřela
vohlásit	-	-	-	-	-	-	vohlas	vohlasme	vohlaste	-	vohlášen	-	-	-
vohnout	-	-	-	-	-	-	-	-	-	vohnul	-	-	-	vohla
vohodit	-	-	-	-	-	-	vohoď	vohoďme	vohoďte	-	vohozen	-	-	-
voholit	-	-	-	-	-	-	-	-	-	-	-	vohole	-	-
vohořet	-	-	-	-	-	vohoří	-	-	-	-	-	-	-	-
vohrnout	-	-	-	-	-	-	vohrň	vohrňme	vohrňte	vohrnul	-	-	-	vohrnula
vohrát	vohraji	vohraješ	vohraje	vohrajeme	vohrajete	vohrajou	vohraj	vohrajme	vohrajte	-	-	-	-	-
vohánět	-	-	-	-	-	-	voháněj	vohánějme	vohánějte	-	voháněn	voháněje	vohánějíc	-
vohřát	vohřeji	vohřeješ	vohřeje	vohřejeme	vohřejete	vohřejou	vohřej	vohřejme	vohřejte	-	vohřát	-	-	-
vojančit	-	-	-	-	-	-	vojanči	vojančeme	vojančete	-	-	vojanče	-	-
vojačit	-	-	-	-	-	-	-	-	-	-	-	vojače	-	-
vojet	vojedu	vojedeš	vojede	vojedeme	vojedete	vojedou	vojeď	vojeďme	vojeďte	-	vojet	-	-	-
vojevodit	-	-	-	-	-	-	vojevoď	vojevoďme	vojevoďte	-	vojevoděn	-	-	-
vojvodit	-	-	-	-	-	-	vojvoď	vojvoďme	vojvoďte	-	vojvoděn	-	-	-
vojíždět	-	-	-	-	-	-	vojížděj	vojíždějme	vojíždějte	-	vojížděn	vojížděje	vojíždějíc	-
vokounět	-	-	-	-	-	-	vokouněj	vokounějme	vokounějte	-	vokouněn	vokouněje	vokounějíc	-
vokrást	vokradu	vokradeš	vokrade	vokrademe	vokradete	vokradou	vokraď	vokraďme	vokraďte	vokradl	vokraden	-	-	vokradla
vokázat	vokáži	vokážeš	vokáže	vokážeme	vokážete	vokážou	vokaž	vokažme	vokažte	-	-	-	-	-
vokřát	vokřeji	vokřeješ	vokřeje	vokřejeme	vokřejete	vokřejou	-	-	-	-	-	-	-	-
volačit	-	-	-	-	-	-	-	-	-	-	-	volače	-	-
volit	-	-	-	-	-	-	-	-	-	-	-	vole	-
volnit	-	-	-	-	-	-	volni	volněme	volněte	-	volněn	-	-	-
vomazat	vomažu	vomažeš	vomaže	vomažeme	vomažete	vomažou	vomaž	vomažme	vomažte	-	-	-	-	-
vomdlít	vomdlím	vomdlíš	vomdlí	vomdlíme	vomdlíte	vomdlejí	vomdli	vomdleme	vomdlete	vomdlel	vomdlen	-	-	vomdlela
vomilostnit	-	-	-	-	-	-	vomilostni	vomilostněme	vomilostněte	-	vomilostněn	-	-	-
vomlátit	-	-	-	-	-	-	vomlať	vomlaťme	vomlaťte	-	vomlácen	-	-	-
vomráčit	-	-	-	-	-	-	vomrač	vomračme	vomračte	-	-	-	-	-
vomámit	-	-	-	-	-	-	vomam	vomamme	vomamte	-	-	-	-	-
vomýt	vomeji	vomeješ	vomeje	vomejeme	vomejete	vomejou	vomej	vomejme	vomejte	vomyl	vomyt	-	-	vomyla
vonemocnět	-	-	-	-	-	vonemocní	-	-	-	-	vonemocněn	-	-	-
vonět	-	-	-	-	-	-	voň	voňme	voňte	-	voněn	voně	voníc	-
vopatřit	-	-	-	-	-	-	vopatři	vopatřeme	vopatřete	-	-	-	-	-
vopařit	-	-	-	-	-	-	-	-	-	-	-	vopaře	-	-
voplakat	vopláči	vopláčeš	vopláče	vopláčeme	vopláčete	vopláčou	-	-	-	-	-	-	-	-
vopouštět	-	-	-	-	-	-	vopouštěj	vopouštějme	vopouštějte	-	vopouštěn	vopouštěje	vopouštějíc	-
voprdět	-	-	-	-	-	voprdí	voprď	voprďme	voprďte	-	voprděn	-	-	-
voprášit	-	-	-	-	-	-	vopraš	voprašme	voprašte	-	-	-	-	-
vopsat	vopíši	vopíšeš	vopíše	vopíšeme	vopíšete	vopíšou	vopiš	vopišme	vopište	-	-	-	-	-
vopustit	-	-	-	-	-	-	vopusť	vopusťme	vopusťte	-	vopuštěn	-	-	-
vopít	vopiji	vopiješ	vopije	vopijeme	vopijete	vopijou	-	-	-	vopil	-	-	-	vopila
vopřít	vopřu	vopřeš	vopře	vopřeme	vopřete	vopřou	vopři	vopřeme	vopřete	vopřel	vopřen	-	-	vopřela
vorazit	-	-	-	-	-	-	-	-	-	-	voražen	-	-	-
vorařit	-	-	-	-	-	-	-	-	-	-	-	voraře	-	-
vorvat	vorvu	vorveš	vorve	vorveme	vorvete	vorvou	vorvi	vorvěme	vorvěte	-	-	-	-	-
vosamotit	-	-	-	-	-	-	vosamoť	vosamoťme	vosamoťte	-	vosamocen	-	-	-
voskovatět	-	-	-	-	-	-	voskovatěj	voskovatějme	voskovatějte	-	voskovatěn	voskovatěje	voskovatějíc	-
vosladit	-	-	-	-	-	-	voslaď	voslaďme	voslaďte	-	voslazen	-	-	-
voslnit	-	-	-	-	-	-	voslň	voslňme	voslňte	-	voslněn	-	-	-
vosmažit	-	-	-	-	-	-	-	-	-	-	-	vosmaže	-	-
vosolit	-	-	-	-	-	-	-	-	-	-	-	vosole	-	-
vostat	vostanu	vostaneš	vostane	vostaneme	vostanete	vostanou	vostaň	vostaňme	vostaňte	-	-	-	-	-
vosvobodit	-	-	-	-	-	-	vosvoboď	vosvoboďme	vosvoboďte	-	vosvobozen	-	-	-
vosvětlit	-	-	-	-	-	-	vosvětli	vosvětleme	vosvětlete	-	-	-	-	-
votevřít	votevřu	votevřeš	votevře	votevřeme	votevřete	votevřou	votevři	votevřeme	votevřete	votevřel	votevřen	-	-	votevřela
votlouci	votluču	votlučeš	votluče	votlučeme	votlučete	votlučou	votluč	votlučme	votlučte	votloukl	votlučen	-	-	votloukla
votočit	-	-	-	-	-	-	-	-	-	-	-	votoče	-	-
votrnout	-	-	-	-	-	-	votrň	votrňme	votrňte	votrnul	-	-	-	votrnula
votrávit	-	-	-	-	-	-	votrav	votravme	votravte	-	-	-	-	-
votužit	-	-	-	-	-	-	-	-	-	-	-	votuže	-	-
votáčet	-	-	-	-	-	votáčejí	votáčej	votáčejme	votáčejte	-	-	votáčeje	votáčejíc	-
votéci	voteču	votečeš	voteče	votečeme	votečete	votečou	voteč	votečme	votečte	votekl	votečen	-	-	votekla
votěhotnět	-	-	-	-	-	votěhotní	votěhotni	votěhotněme	votěhotněte	-	votěhotněn	-	-	-
votřást	votřesu	votřeseš	votřese	votřeseme	votřesete	votřesou	votřes	votřesme	votřeste	-	votřesen	-	-	-
votřít	votřu	votřeš	votře	votřeme	votřete	votřou	votři	votřeme	votřete	votřel	votřen	-	-	votřela
vousatět	-	-	-	-	-	-	vousatěj	vousatějme	vousatějte	-	vousatěn	vousatěje	vousatějíc	-
vovlivnit	-	-	-	-	-	-	vovlivni	vovlivněme	vovlivněte	-	vovlivněn	-	-	-
vovázat	vováži	vovážeš	vováže	vovážeme	vovážete	vovážou	vovaž	vovažme	vovažte	-	-	-	-	-
vověnčit	-	-	-	-	-	-	vověnči	vověnčeme	vověnčete	-	-	-	-	-
vozit	-	-	-	-	-	-	-	-	-	-	-	voze	-
voznámit	-	-	-	-	-	-	voznam	voznamme	voznamte	-	-	-	-	-
vozvat	vozvu	vozveš	vozve	vozveme	vozvete	vozvou	vozvi	vozvěme	vozvěte	-	-	-	-	-
vozářit	-	-	-	-	-	-	vozař	vozařme	vozařte	-	-	-	-	-
vočistit	-	-	-	-	-	-	vočisti	vočistěme	vočistěte	-	vočistěn	-	-	-
voženit	-	-	-	-	-	-	vožeň	vožeňme	vožeňte	-	voženěn	-	-	-
vožrat	vožeru	vožereš	vožere	vožereme	vožerete	vožerou	vožer	vožerme	vožerte	-	-	-	-	-
vpečetit	-	-	-	-	-	-	vpečeť	vpečeťme	vpečeťte	-	vpečetěn	-	-	-
vpeřit	-	-	-	-	-	-	-	-	-	-	-	vpeře	-	-
vplatit	-	-	-	-	-	-	vplať	vplaťme	vplaťte	-	vplacen	-	-	-
vplavat	vplavu	vplaveš	vplave	vplaveme	vplavete	vplavou	-	-	-	-	-	-	-	-
vplazit	-	-	-	-	-	-	-	-	-	-	-	vplaze	-	-
vplichtit	-	-	-	-	-	-	vplichti	vplichtěme	vplichtěte	-	vplichtěn	-	-	-
vplout	vpluji	vpluješ	vpluje	vplujeme	vplujete	vplujou	vpluj	vplujme	vplujte	vplul	vplut	-	-	vplula
vploužit	-	-	-	-	-	-	vplouži	vploužeme	vploužete	-	-	-	-	-
vplynout	-	-	-	-	-	-	vplyň	vplyňme	vplyňte	-	-	-	-	-
vplácet	-	-	-	-	-	vplácejí	vplácej	vplácejme	vplácejte	-	-	vpláceje	vplácejíc	-
vplést	vpletu	vpleteš	vplete	vpleteme	vpletete	vpletou	vpleť	vpleťme	vpleťte	vpletl	vpleten	-	-
vplížit	-	-	-	-	-	-	vpliž	vpližme	vpližte	-	-	-	-
vpojit	-	-	-	-	-	-	-	-	-	-	-	vpoje	-	-
vpotácet	-	-	-	-	-	vpotácejí	vpotácej	vpotácejme	vpotácejte	-	-	vpotáceje	vpotácejíc	-
vpouštět	-	-	-	-	-	-	vpouštěj	vpouštějme	vpouštějte	-	vpouštěn	vpouštěje	vpouštějíc	-
vpočíst	vpočtu	vpočteš	vpočte	vpočteme	vpočtete	vpočtou	vpočti	vpočtěme	vpočtěte	vpočetl	vpočten	-	-	vpočetla
vproudit	-	-	-	-	-	-	vproudi	vprouděme	vprouděte	-	vprouděn	-	-	-
vprášit	-	-	-	-	-	-	vpraš	vprašme	vprašte	-	-	-	-	-
vpsát	vpíši	vpíšeš	vpíše	vpíšeme	vpíšete	vpíšou	vpiš	vpišme	vpište	vpsal	-	-	-	vpsala
vpudit	-	-	-	-	-	-	vpuď	vpuďme	vpuďte	-	vpuzen	-	-	-
vpustit	-	-	-	-	-	-	vpusť	vpusťme	vpusťte	-	vpuštěn	-	-
vpájet	-	-	-	-	-	vpájejí	vpájej	vpájejme	vpájejte	-	-	vpájeje	vpájejíc	-
vpálit	-	-	-	-	-	-	vpal	vpalme	vpalte	-	-	-	-	-
vpáčit	-	-	-	-	-	-	vpač	vpačme	vpačte	-	-	-	-	-
vpéci	vpeču	vpečeš	vpeče	vpečeme	vpečete	vpečou	vpeč	vpečme	vpečte	vpekl	vpečen	-	-	vpekla
vpíjet	-	-	-	-	-	vpíjejí	vpíjej	vpíjejme	vpíjejte	-	-	vpíjeje	vpíjejíc	-
vpít	vpiji	vpiješ	vpije	vpijeme	vpijete	vpijou	vpij	vpijme	vpijte	vpil	vpit	-	-	vpila
vpříst	vpřadu	vpřadeš	vpřade	vpřademe	vpřadete	vpřadou	vpřaď	vpřaďme	vpřaďte	vpřadl	vpřaden	-	-	vpřadla
vracet	-	-	-	-	-	vracejí	vracej	vracejme	vracejte	-	-	vraceje	vracejíc
vrachotit	-	-	-	-	-	-	vrachoť	vrachoťme	vrachoťte	-	vrachocen	-	-	-
vrazit	-	-	-	-	-	-	-	-	-	-	vražen	-	-
vraštit	-	-	-	-	-	-	vrašti	vraštěme	vraštěte	-	vraštěn	-	-
vraždit	-	-	-	-	-	-	vraždi	vražděme	vražděte	-	vražděn	-	-
vražit	-	-	-	-	-	-	-	-	-	-	-	vraže	-	-
vrcholit	-	-	-	-	-	-	-	-	-	-	-	vrchole	-
vrchovatět	-	-	-	-	-	-	vrchovatěj	vrchovatějme	vrchovatějte	-	vrchovatěn	vrchovatěje	vrchovatějíc	-
vrnět	-	-	-	-	-	vrní	vrň	vrňme	vrňte	-	vrněn	vrně	vrníc	-
vrodit	-	-	-	-	-	-	vroď	vroďme	vroďte	-	vrozen	-	-	-
vrojit	-	-	-	-	-	-	-	-	-	-	-	vroje	-	-
vronit	-	-	-	-	-	-	vroň	vroňme	vroňte	-	vroněn	-	-	-
vroubit	-	-	-	-	-	-	vroubi	vrouběme	vrouběte	-	-	-	-	-
vroucnit	-	-	-	-	-	-	vroucni	vroucněme	vroucněte	-	vroucněn	-	-	-
vroucnět	-	-	-	-	-	-	vroucněj	vroucnějme	vroucnějte	-	vroucněn	vroucněje	vroucnějíc	-
vročit	-	-	-	-	-	-	-	-	-	-	-	vroče	-	-
vrstvit	-	-	-	-	-	-	vrstvi	vrstvěme	vrstvěte	-	-	-	-
vrtačit	-	-	-	-	-	-	-	-	-	-	-	vrtače	-	-
vrtichvostit	-	-	-	-	-	-	vrtichvosti	vrtichvostěme	vrtichvostěte	-	vrtichvostěn	-	-	-
vrtohlavět	-	-	-	-	-	-	vrtohlavěj	vrtohlavějme	vrtohlavějte	-	vrtohlavěn	vrtohlavěje	vrtohlavějíc	-
vrtáčet	-	-	-	-	-	vrtáčejí	vrtáčej	vrtáčejme	vrtáčejte	-	-	vrtáčeje	vrtáčejíc	-
vrtět	-	-	-	-	-	vrtí	vrť	vrťme	vrťte	-	vrtěn	vrtě	vrtíc	-
vručit	-	-	-	-	-	-	-	-	-	-	-	vruče	-	-
vrušit	-	-	-	-	-	-	-	-	-	-	-	vruše	-	-
vráskatět	-	-	-	-	-	-	vráskatěj	vráskatějme	vráskatějte	-	vráskatěn	vráskatěje	vráskatějíc	-
vráskovatět	-	-	-	-	-	-	vráskovatěj	vráskovatějme	vráskovatějte	-	vráskovatěn	vráskovatěje	vráskovatějíc	-
vrásnit	-	-	-	-	-	-	vrásni	vrásněme	vrásněte	-	vrásněn	-	-	-
vrásnět	-	-	-	-	-	-	vrásněj	vrásnějme	vrásnějte	-	vrásněn	vrásněje	vrásnějíc	-
vrásčet	-	-	-	-	-	vrásčejí	vrásčej	vrásčejme	vrásčejte	-	-	vrásčeje	vrásčejíc	-
vrásčit	-	-	-	-	-	-	vrásči	vrásčeme	vrásčete	-	-	vrásče	-	-
vrátit	-	-	-	-	-	-	vrať	vraťme	vraťte	-	vrácen	-	-
vráštit	-	-	-	-	-	-	vrášti	vráštěme	vráštěte	-	vráštěn	-	-	-
vráščet	-	-	-	-	-	vráščejí	vráščej	vráščejme	vráščejte	-	-	vráščeje	vráščejíc	-
vrážet	-	-	-	-	-	vrážejí	vrážej	vrážejme	vrážejte	-	-	vrážeje	vrážejíc
vrýt	vryji	vryješ	vryje	vryjeme	vryjete	vryjou	vryj	vryjme	vryjte	vryl	vryt	-	-	vryla
vrčet	-	-	-	-	-	vrčí	vrč	vrčme	vrčte	-	-	vrče	vrčíc
vršit	-	-	-	-	-	-	-	-	-	-	-	vrše	-
vrůst	vrostu	vrosteš	vroste	vrosteme	vrostete	vrostou	vrosť	vrosťme	vrosťte	vrostl	-	-	-	vrostla
vsadit	-	-	-	-	-	-	vsaď	vsaďme	vsaďte	-	vsazen	-	-
vskočit	-	-	-	-	-	-	-	-	-	-	-	vskoče	-	-
vsnít	vsním	vsníš	vsní	vsníme	vsníte	vsní	vsni	vsněme	vsněte	vsnil	vsněn	-	-	vsnila
vsolit	-	-	-	-	-	-	-	-	-	-	-	vsole	-	-
vsout	vsuji	vsuješ	vsuje	vsujeme	vsujete	vsujou	vsuj	vsujme	vsujte	vsul	vsut	-	-	vsula
vstoupit	-	-	-	-	-	-	vstup	vstupme	vstupte	-	-	-	-
vstrčit	-	-	-	-	-	-	-	-	-	-	-	vstrče	-	-
vstát	vstanu	vstaneš	vstane	vstaneme	vstanete	vstanou	vstaň	vstaňme	vstaňte	vstal	-	-	-
vstřelit	-	-	-	-	-	-	-	-	-	-	-	vstřele	-	-
vstřílet	-	-	-	-	-	vstřílejí	vstřílej	vstřílejme	vstřílejte	-	-	vstříleje	vstřílejíc	-
vsunout	-	-	-	-	-	-	vsuň	vsuňme	vsuňte	-	-	-	-	-
vsupět	-	-	-	-	-	vsupí	vsup	vsupme	vsupte	-	vsupěn	-	-	-
vsát	vsaji	vsaješ	vsaje	vsajeme	vsajete	vsajou	vsaj	vsajme	vsajte	-	vsán	-	-	-
vsázet	-	-	-	-	-	vsázejí	vsázej	vsázejme	vsázejte	-	-	vsázeje	vsázejíc	-
vsít	vseji	vseješ	vseje	vsejeme	vsejete	vsejou	vsej	vsejme	vsejte	vsel	vset	-	-	vsela
vsítit	-	-	-	-	-	-	vsiť	vsiťme	vsiťte	-	vsítěn	-	-	-
vtahnout	-	-	-	-	-	-	-	-	-	vtahnul	-	-	-	vtahnula
vtanout	-	-	-	-	-	-	vtaň	vtaňme	vtaňte	-	-	-	-	-
vtančit	-	-	-	-	-	-	vtanči	vtančeme	vtančete	-	-	-	-	-
vtasit	-	-	-	-	-	-	-	-	-	-	-	vtase	-	-
vtipkařit	-	-	-	-	-	-	-	-	-	-	-	vtipkaře	-	-
vtkát	vtkám	vtkáš	vtká	vtkáme	vtkáte	vtkají	vtkej	vtkejme	vtkejte	vtkal	-	-	-	vtkala
vtlačit	-	-	-	-	-	-	-	-	-	-	-	vtlače	-	-
vtlouci	vtluču	vtlučeš	vtluče	vtlučeme	vtlučete	vtlučou	vtluč	vtlučme	vtlučte	vtloukl	vtlučen	-	-	vtloukla
vtláčet	-	-	-	-	-	vtláčejí	vtláčej	vtláčejme	vtláčejte	-	-	vtláčeje	vtláčejíc	-
vtmelit	-	-	-	-	-	-	-	-	-	-	-	vtmele	-	-
vtonout	-	-	-	-	-	-	vtoň	vtoňme	vtoňte	-	-	-	-	-
vtočit	-	-	-	-	-	-	-	-	-	-	-	vtoče	-	-
vtrmácet	-	-	-	-	-	vtrmácejí	vtrmácej	vtrmácejme	vtrmácejte	-	-	vtrmáceje	vtrmácejíc	-
vtrnout	-	-	-	-	-	-	vtrň	vtrňme	vtrňte	vtrnul	-	-	-	vtrnula
vtrousit	-	-	-	-	-	-	vtrus	vtrusme	vtruste	-	vtroušen	-	-	-
vtulit	-	-	-	-	-	-	-	-	-	-	-	vtule	-	-
vtvořit	-	-	-	-	-	-	-	-	-	-	-	vtvoře	-	-
vtyčit	-	-	-	-	-	-	-	-	-	-	-	vtyče	-	-
vtápět	-	-	-	-	-	-	vtápěj	vtápějme	vtápějte	-	vtápěn	vtápěje	vtápějíc	-
vtáčet	-	-	-	-	-	vtáčejí	vtáčej	vtáčejme	vtáčejte	-	-	vtáčeje	vtáčejíc	-
vtéci	vteču	vtečeš	vteče	vtečeme	vtečete	vtečou	vteč	vtečme	vtečte	vtekl	vtečen	-	-	vtekla
vtísnit	-	-	-	-	-	-	vtísni	vtísněme	vtísněte	-	vtísněn	-	-	-
vtít	vtnu	vtneš	vtne	vtneme	vtnete	vtnou	vtni	vtněme	vtněte	vťal	vťat	-	-	vťala
vtělesnit	-	-	-	-	-	-	vtělesni	vtělesněme	vtělesněte	-	vtělesněn	-	-	-
vtělit	-	-	-	-	-	-	-	-	-	-	-	vtěle	-	-
vtěsnit	-	-	-	-	-	-	-	-	-	-	vtěsněn	-	-	-
vtřeštit	-	-	-	-	-	-	vtřešti	vtřeštěme	vtřeštěte	-	vtřeštěn	-	-	-
vtřást	vtřesu	vtřeseš	vtřese	vtřeseme	vtřesete	vtřesou	vtřes	vtřesme	vtřeste	-	vtřesen	-	-	-
vtřídit	-	-	-	-	-	-	-	-	-	-	vtříděn	-	-	-
vučet	-	-	-	-	-	vučí	vuč	vučme	vučte	-	-	vuče	vučíc	-
vyakčnit	-	-	-	-	-	-	vyakčni	vyakčněme	vyakčněte	-	vyakčněn	-	-	-
vybafčit	-	-	-	-	-	-	vybafči	vybafčeme	vybafčete	-	-	-	-	-
vybahnit	-	-	-	-	-	-	vybahni	vybahněme	vybahněte	-	vybahněn	-	-	-
vybaletit	-	-	-	-	-	-	vybaleť	vybaleťme	vybaleťte	-	vybaletěn	-	-	-
vybalit	-	-	-	-	-	-	-	-	-	-	-	vybale	-	-
vybarvit	-	-	-	-	-	-	vybarvi	vybarvěme	vybarvěte	-	-	-	-
vybatolit	-	-	-	-	-	-	-	-	-	-	-	vybatole	-	-
vybdít	vybdím	vybdíš	vybdí	vybdíme	vybdíte	vybdí	vybdi	vybděme	vybděte	vybdil	vybděn	-	-	vybdila
vybednit	-	-	-	-	-	-	vybedni	vybedněme	vybedněte	-	vybedněn	-	-	-
vybečet	-	-	-	-	-	vybečí	vybeč	vybečme	vybečte	-	-	-	-	-
vybičit	-	-	-	-	-	-	-	-	-	-	-	vybiče	-	-
vybloudit	-	-	-	-	-	-	-	-	-	-	vyblouděn	-	-	-
vyblouznit	-	-	-	-	-	-	vyblouzni	vyblouzněme	vyblouzněte	-	vyblouzněn	-	-	-
vyblyštět	-	-	-	-	-	vyblyští	vyblyšti	vyblyštěme	vyblyštěte	-	vyblyštěn	-	-	-
vyblábolit	-	-	-	-	-	-	-	-	-	-	-	vyblábole	-	-
vybláznit	-	-	-	-	-	-	vyblázni	vyblázněme	vyblázněte	-	vyblázněn	-	-	-
vyblít	vybleju	vybleješ	vybleje	vyblejeme	vyblejete	vyblejou	vyblej	vyblejme	vyblejte	vyblil	vyblit	-	-	vyblila
vybolet	-	-	-	-	-	vybolí	vybol	vybolme	vybolte	-	-	-	-	-
vybortit	-	-	-	-	-	-	vyborti	vybortěme	vybortěte	-	vyborcen	-	-	-
vyboulit	-	-	-	-	-	-	vybouli	vybouleme	vyboulete	-	-	-	-	-
vybouřit	-	-	-	-	-	-	vybouři	vybouřeme	vybouřete	-	-	-	-	-
vybočit	-	-	-	-	-	-	-	-	-	-	-	vyboče	-	-
vybořit	-	-	-	-	-	-	-	-	-	-	-	vyboře	-	-
vybrat	vyberu	vybereš	vybere	vybereme	vyberete	vyberou	vyber	vyberme	vyberte	-	-	-	-
vybrebentit	-	-	-	-	-	-	vybrebenti	vybrebentěme	vybrebentěte	-	vybrebentěn	-	-	-
vybrejlit	-	-	-	-	-	-	vybrejli	vybrejleme	vybrejlete	-	-	-	-	-
vybrečet	-	-	-	-	-	vybrečí	vybreč	vybrečme	vybrečte	-	-	-	-	-
vybrodit	-	-	-	-	-	-	vybroď	vybroďme	vybroďte	-	vybroděn	-	-	-
vybrousit	-	-	-	-	-	-	vybrus	vybrusme	vybruste	-	vybroušen	-	-	-
vybruslit	-	-	-	-	-	-	vybrusli	vybrusleme	vybruslete	-	-	-	-	-
vybručet	-	-	-	-	-	vybručí	vybruč	vybručme	vybručte	-	-	-	-	-
vybránit	-	-	-	-	-	-	-	-	-	-	vybráněn	-	-	-
vybrázdit	-	-	-	-	-	-	vybrázdi	vybrázděme	vybrázděte	-	vybrázděn	-	-	-
vybudit	-	-	-	-	-	-	vybuď	vybuďme	vybuďte	-	vybuzen	-	-	-
vybujet	-	-	-	-	-	vybují	vybuj	vybujme	vybujte	-	-	-	-	-
vybujnět	-	-	-	-	-	-	vybujněj	vybujnějme	vybujnějte	-	vybujněn	vybujněje	vybujnějíc	-
vybulit	-	-	-	-	-	-	-	-	-	-	-	vybule	-	-
vyburácet	-	-	-	-	-	vyburácejí	vyburácej	vyburácejme	vyburácejte	-	-	vyburáceje	vyburácejíc	-
vybučet	-	-	-	-	-	vybučí	vybuč	vybučme	vybučte	-	-	-	-	-
vybydlet	-	-	-	-	-	vybydlí	vybydli	vybydleme	vybydlete	-	-	-	-	-
vybzdít	vybzdím	vybzdíš	vybzdí	vybzdíme	vybzdíte	vybzdí	vybzdi	vybzděme	vybzděte	vybzdil	vybzděn	-	-	vybzdila
vybájit	-	-	-	-	-	-	vybaj	vybajme	vybajte	-	-	-	-	-
vybásnit	-	-	-	-	-	-	vybásni	vybásněme	vybásněte	-	vybásněn	-	-	-
vybíjet	-	-	-	-	-	vybíjejí	vybíjej	vybíjejme	vybíjejte	-	-	vybíjeje	vybíjejíc	-
vybílit	-	-	-	-	-	-	vybil	vybilme	vybilte	-	-	-	-	-
vybít	vybiji	vybiješ	vybije	vybijeme	vybijete	vybijou	vybij	vybijme	vybijte	vybil	vybit	-	-	vybila
vybízet	-	-	-	-	-	vybízejí	vybízej	vybízejme	vybízejte	-	-	vybízeje	vybízejíc	-
vybýt	vybudu	vybudeš	vybude	vybudeme	vybudete	vybudou	vybuď	vybuďme	vybuďte	vybyl	vybyt	-	-	vybyla
vybělet	-	-	-	-	-	vybělí	vyběl	vybělme	vybělte	-	-	-	-	-
vybělit	-	-	-	-	-	-	-	-	-	-	-	vyběle	-	-
vyběsit	-	-	-	-	-	-	-	-	-	-	-	vyběse	-	-
vyběsnit	-	-	-	-	-	-	vyběsni	vyběsněme	vyběsněte	-	vyběsněn	-	-	-
vycedit	-	-	-	-	-	-	vyceď	vyceďme	vyceďte	-	vycezen	-	-	-
vycejtit	-	-	-	-	-	-	vycejť	vycejťme	vycejťte	-	vycejtěn	-	-	-
vycenit	-	-	-	-	-	-	vyceň	vyceňme	vyceňte	-	vyceněn	-	-	-
vychcat	vychčiji	vychčiješ	vychčije	vychčijeme	vychčijete	vychčijou	vychčij	vychčijme	vychčijte	-	-	-	-	-
vychladit	-	-	-	-	-	-	vychlaď	vychlaďme	vychlaďte	-	vychlazen	-	-
vychlípit	-	-	-	-	-	-	vychlip	vychlipme	vychlipte	-	-	-	-	-
vychlípět	-	-	-	-	-	-	vychlípěj	vychlípějme	vychlípějte	-	vychlípěn	vychlípěje	vychlípějíc	-
vychodit	-	-	-	-	-	-	vychoď	vychoďme	vychoďte	-	vychozen	-	-	-
vychovat	vychovám	vychováš	vychová	vychováme	vychováte	vychovají	vychovej	vychovejme	vychovejte	-	vychován	-	-
vychraptět	-	-	-	-	-	-	vychraptěj	vychraptějme	vychraptějte	-	vychraptěn	vychraptěje	vychraptějíc	-
vychrlit	-	-	-	-	-	-	vychrli	vychrleme	vychrlete	-	-	-	-	-
vychrnět	-	-	-	-	-	vychrní	vychrň	vychrňme	vychrňte	-	vychrněn	-	-	-
vychrout	vychruji	vychruješ	vychruje	vychrujeme	vychrujete	vychrujou	vychruj	vychrujme	vychrujte	vychrul	vychrut	-	-	vychrula
vychránit	-	-	-	-	-	-	vychraň	vychraňme	vychraňte	-	vychráněn	-	-	-
vychrápat	vychrápu	vychrápeš	vychrápe	vychrápeme	vychrápete	vychrápou	-	-	-	-	-	-	-	-
vychumelit	-	-	-	-	-	-	-	-	-	-	-	vychumele	-	-
vychválit	-	-	-	-	-	-	vychval	vychvalme	vychvalte	-	-	-	-	-
vychvátit	-	-	-	-	-	-	vychvať	vychvaťme	vychvaťte	-	vychvácen	-	-	-
vychvět	-	-	-	-	-	-	vychvěj	vychvějme	vychvějte	-	vychvěn	vychvěje	vychvějíc	-
vychytračit	-	-	-	-	-	-	-	-	-	-	-	vychytrače	-	-
vycházet	-	-	-	-	-	vycházejí	vycházej	vycházejme	vycházejte	-	-	vycházeje	vycházejíc
vychýlit	-	-	-	-	-	-	vychyl	vychylme	vychylte	-	-	-	-	-
vychřestit	-	-	-	-	-	-	-	-	-	-	vychřestěn	-	-	-
vycigánit	-	-	-	-	-	-	vycigáň	vycigáňme	vycigáňte	-	vycigáněn	-	-	-
vycikánit	-	-	-	-	-	-	vycikáni	vycikáněme	vycikáněte	-	vycikáněn	-	-	-
vycivět	-	-	-	-	-	-	vyciv	vycivme	vycivte	-	vycivěn	-	-	-
vyclonit	-	-	-	-	-	-	vycloň	vycloňme	vycloňte	-	vycloněn	-	-	-
vyclít	vyclím	vyclíš	vyclí	vyclíme	vyclíte	vyclí	vycli	vycleme	vyclete	vyclil	vyclen	-	-	vyclila
vycpat	vycpu	vycpeš	vycpe	vycpeme	vycpete	vycpou	vycpi	vycpěme	vycpěte	-	-	-	-
vyctít	vyctím	vyctíš	vyctí	vyctíme	vyctíte	vyctí	vycti	vyctěme	vyctěte	vyctil	vyctěn	-	-	vyctila
vycukernit	-	-	-	-	-	-	vycukerň	vycukerňme	vycukerňte	-	vycukerněn	-	-	-
vycvičit	-	-	-	-	-	-	-	-	-	-	-	vycviče	-	-
vycídit	-	-	-	-	-	-	vyciď	vyciďme	vyciďte	-	vycíděn	-	-	-
vycítit	-	-	-	-	-	-	vyciť	vyciťme	vyciťte	-	vycítěn	-	-	-
vydařit	-	-	-	-	-	-	-	-	-	-	-	vydaře	-	-
vydejřit	-	-	-	-	-	-	vydejři	vydejřeme	vydejřete	-	-	-	-	-
vydivočet	-	-	-	-	-	vydivočí	vydivoč	vydivočme	vydivočte	-	-	-	-	-
vydlužit	-	-	-	-	-	-	-	-	-	-	-	vydluže	-	-
vydláždit	-	-	-	-	-	-	vydláždi	vydlážděme	vydlážděte	-	vydlážděn	-	-	-
vydmout	vydmu	vydmeš	vydme	vydmeme	vydmete	vydmou	vydmi	vydměme	vydměte	vydmul	vydmut	-	-	vydmula
vydobýt	vydobudu	vydobudeš	vydobude	vydobudeme	vydobudete	vydobudou	vydobuď	vydobuďme	vydobuďte	vydobyl	vydobyt	-	-	vydobyla
vydojit	-	-	-	-	-	-	-	-	-	-	-	vydoje	-	-
vydout	vyduji	vyduješ	vyduje	vydujeme	vydujete	vydujou	vyduj	vydujme	vydujte	vydul	vydut	-	-	vydula
vydovádět	-	-	-	-	-	-	vydováděj	vydovádějme	vydovádějte	-	vydováděn	vydováděje	vydovádějíc	-
vydrat	vyderu	vydereš	vydere	vydereme	vyderete	vyderou	vyder	vyderme	vyderte	-	-	-	-	-
vydražit	-	-	-	-	-	-	-	-	-	-	-	vydraže	-	-
vydrmolit	-	-	-	-	-	-	-	-	-	-	-	vydrmole	-	-
vydrnčet	-	-	-	-	-	vydrnčí	vydrnči	vydrnčeme	vydrnčete	-	-	-	-	-
vydrolit	-	-	-	-	-	-	-	-	-	-	-	vydrole	-	-
vydrtit	-	-	-	-	-	-	vydrť	vydrťme	vydrťte	-	vydrcen	-	-	-
vydráždit	-	-	-	-	-	-	vydráždi	vydrážděme	vydrážděte	-	vydrážděn	-	-	-
vydržet	-	-	-	-	-	vydrží	vydrž	vydržme	vydržte	-	-	-	-
vydunět	-	-	-	-	-	vyduní	vyduň	vyduňme	vyduňte	-	vyduněn	-	-	-
vydusit	-	-	-	-	-	-	-	-	-	-	vydušen	-	-	-
vydávit	-	-	-	-	-	-	vydav	vydavme	vydavte	-	-	-	-	-
vydýřit	-	-	-	-	-	-	vydýři	vydýřeme	vydýřete	-	-	-	-	-
vydědit	-	-	-	-	-	-	vyděď	vyděďme	vyděďte	-	vyděděn	-	-
vydělit	-	-	-	-	-	-	-	-	-	-	-	vyděle	-	-
vyděsit	-	-	-	-	-	-	-	-	-	-	vyděšen	-	-
vydřepět	-	-	-	-	-	vydřepí	vydřep	vydřepme	vydřepte	-	vydřepěn	-	-	-
vydřevnit	-	-	-	-	-	-	vydřevni	vydřevněme	vydřevněte	-	vydřevněn	-	-	-
vydřít	vydřu	vydřeš	vydře	vydřeme	vydřete	vydřou	vydři	vydřeme	vydřete	vydřel	vydřen	-	-	vydřela
vyfajčit	-	-	-	-	-	-	vyfajči	vyfajčeme	vyfajčete	-	-	-	-	-
vyfandit	-	-	-	-	-	-	-	-	-	-	vyfanděn	-	-	-
vyfařit	-	-	-	-	-	-	-	-	-	-	-	vyfaře	-	-
vyfintit	-	-	-	-	-	-	vyfinti	vyfintěme	vyfintěte	-	vyfintěn	-	-	-
vyfičet	-	-	-	-	-	vyfičí	vyfič	vyfičme	vyfičte	-	-	-	-	-
vyfotit	-	-	-	-	-	-	vyfoť	vyfoťme	vyfoťte	-	vyfocen	-	-
vyfrnčet	-	-	-	-	-	vyfrnčí	vyfrnči	vyfrnčeme	vyfrnčete	-	-	-	-	-
vyfrčet	-	-	-	-	-	vyfrčí	vyfrč	vyfrčme	vyfrčte	-	-	-	-	-
vyfunět	-	-	-	-	-	vyfuní	vyfuň	vyfuňme	vyfuňte	-	vyfuněn	-	-	-
vyfučet	-	-	-	-	-	vyfučí	vyfuč	vyfučme	vyfučte	-	-	-	-	-
vyglančit	-	-	-	-	-	-	vyglanči	vyglančeme	vyglančete	-	-	-	-	-
vygooglit	-	-	-	-	-	-	vygoogli	vygoogleme	vygooglete	-	-	-	-	-
vyhalit	-	-	-	-	-	-	-	-	-	-	-	vyhale	-	-
vyhamonit	-	-	-	-	-	-	vyhamoň	vyhamoňme	vyhamoňte	-	vyhamoněn	-	-	-
vyhasit	-	-	-	-	-	-	-	-	-	-	vyhašen	-	-	-
vyhastrošit	-	-	-	-	-	-	-	-	-	-	-	vyhastroše	-	-
vyhejřit	-	-	-	-	-	-	vyhejři	vyhejřeme	vyhejřete	-	-	-	-	-
vyhladit	-	-	-	-	-	-	vyhlaď	vyhlaďme	vyhlaďte	-	vyhlazen	-	-
vyhladovět	-	-	-	-	-	-	vyhladověj	vyhladovějme	vyhladovějte	-	vyhladověn	vyhladověje	vyhladovějíc	-
vyhlaholit	-	-	-	-	-	-	-	-	-	-	-	vyhlahole	-	-
vyhlatit	-	-	-	-	-	-	vyhlať	vyhlaťme	vyhlaťte	-	vyhlatěn	-	-	-
vyhledět	-	-	-	-	-	vyhledí	vyhleď	vyhleďme	vyhleďte	-	vyhleděn	-	-	-
vyhloubit	-	-	-	-	-	-	vyhloubi	vyhlouběme	vyhlouběte	-	-	-	-	-
vyhlučet	-	-	-	-	-	vyhlučí	vyhluč	vyhlučme	vyhlučte	-	-	-	-	-
vyhlásit	-	-	-	-	-	-	vyhlas	vyhlasme	vyhlaste	-	vyhlášen	-	-
vyhlášet	-	-	-	-	-	vyhlášejí	vyhlášej	vyhlášejme	vyhlášejte	-	-	vyhlášeje	vyhlášejíc	-
vyhlížet	-	-	-	-	-	vyhlížejí	vyhlížej	vyhlížejme	vyhlížejte	-	-	vyhlížeje	vyhlížejíc
vyhnat	vyženu	vyženeš	vyžene	vyženeme	vyženete	vyženou	vyžeň	vyžeňme	vyžeňte	-	-	-	-
vyhnojit	-	-	-	-	-	-	-	-	-	-	-	vyhnoje	-	-
vyhníst	vyhnětu	vyhněteš	vyhněte	vyhněteme	vyhnětete	vyhnětou	vyhněť	vyhněťme	vyhněťte	vyhnětl	vyhněten	-	-	vyhnětla
vyhnít	vyhniji	vyhniješ	vyhnije	vyhnijeme	vyhnijete	vyhnijou	vyhnij	vyhnijme	vyhnijte	vyhnil	vyhnit	-	-	vyhnila
vyhnízdit	-	-	-	-	-	-	vyhnízdi	vyhnízděme	vyhnízděte	-	vyhnízděn	-	-	-
vyhodit	-	-	-	-	-	-	vyhoď	vyhoďme	vyhoďte	-	vyhozen	-	-
vyhodnotit	-	-	-	-	-	-	vyhodnoť	vyhodnoťme	vyhodnoťte	-	vyhodnocen	-	-
vyhojit	-	-	-	-	-	-	-	-	-	-	-	vyhoje	-	-
vyholit	-	-	-	-	-	-	-	-	-	-	-	vyhole	-	-
vyhonit	-	-	-	-	-	-	vyhoň	vyhoňme	vyhoňte	-	vyhoněn	-	-	-
vyhospodařit	-	-	-	-	-	-	-	-	-	-	-	vyhospodaře	-	-
vyhostit	-	-	-	-	-	-	vyhosti	vyhostěme	vyhostěte	-	vyhoštěn	-	-
vyhoulit	-	-	-	-	-	-	vyhouli	vyhouleme	vyhoulete	-	-	-	-	-
vyhovořit	-	-	-	-	-	-	-	-	-	-	-	vyhovoře	-	-
vyhovět	-	-	-	-	-	-	vyhov	vyhovme	vyhovte	-	vyhověn	-	-
vyhořet	-	-	-	-	-	vyhoří	vyhoř	vyhořme	vyhořte	-	-	-	-	-
vyhrabat	vyhrabu	vyhrabeš	vyhrabe	vyhrabeme	vyhrabete	vyhrabou	-	-	-	-	-	-	-	-
vyhradit	-	-	-	-	-	-	vyhraď	vyhraďme	vyhraďte	-	vyhrazen	-	-
vyhranit	-	-	-	-	-	-	vyhraň	vyhraňme	vyhraňte	-	vyhraněn	-	-	-
vyhraničit	-	-	-	-	-	-	-	-	-	-	-	vyhraniče	-	-
vyhrdlit	-	-	-	-	-	-	vyhrdli	vyhrdleme	vyhrdlete	-	-	-	-	-
vyhrnout	-	-	-	-	-	-	vyhrň	vyhrňme	vyhrňte	vyhrnul	-	-	-
vyhrotit	-	-	-	-	-	-	vyhroť	vyhroťme	vyhroťte	-	vyhrocen	-	-	-
vyhrozit	-	-	-	-	-	-	-	-	-	-	vyhrožen	-	-	-
vyhrát	vyhraji	vyhraješ	vyhraje	vyhrajeme	vyhrajete	vyhrajou	vyhraj	vyhrajme	vyhrajte	-	vyhrán	-	-
vyhrýzt	vyhryzu	vyhryzeš	vyhryze	vyhryzeme	vyhryzete	vyhryzou	vyhryz	vyhryzme	vyhryzte	vyhryzl	vyhryzen	-	-	vyhryzla
vyhrčet	-	-	-	-	-	vyhrčí	vyhrč	vyhrčme	vyhrčte	-	-	-	-	-
vyhulit	-	-	-	-	-	-	-	-	-	-	-	vyhule	-	-
vyhučet	-	-	-	-	-	vyhučí	vyhuč	vyhučme	vyhučte	-	-	-	-	-
vyhvězdit	-	-	-	-	-	-	vyhvězdi	vyhvězděme	vyhvězděte	-	vyhvězděn	-	-	-
vyhynout	-	-	-	-	-	-	vyhyň	vyhyňme	vyhyňte	-	-	-	-
vyhánět	-	-	-	-	-	-	vyháněj	vyhánějme	vyhánějte	-	vyháněn	vyháněje	vyhánějíc	-
vyházet	-	-	-	-	-	vyházejí	vyházej	vyházejme	vyházejte	-	-	vyházeje	vyházejíc	-
vyhýřit	-	-	-	-	-	-	vyhýři	vyhýřeme	vyhýřete	-	-	-	-	-
vyhřeblit	-	-	-	-	-	-	vyhřebli	vyhřebleme	vyhřeblete	-	-	-	-	-
vyhřešit	-	-	-	-	-	-	-	-	-	-	-	vyhřeše	-	-
vyhřmět	-	-	-	-	-	vyhřmí	vyhřmi	vyhřměme	vyhřměte	-	vyhřměn	-	-	-
vyhřát	vyhřeji	vyhřeješ	vyhřeje	vyhřejeme	vyhřejete	vyhřejou	vyhřej	vyhřejme	vyhřejte	-	vyhřát	-	-	-
vyjasnit	-	-	-	-	-	-	vyjasni	vyjasněme	vyjasněte	-	vyjasněn	-	-
vyjednotit	-	-	-	-	-	-	vyjednoť	vyjednoťme	vyjednoťte	-	vyjednocen	-	-	-
vyjemnit	-	-	-	-	-	-	vyjemni	vyjemněme	vyjemněte	-	vyjemněn	-	-	-
vyjet	vyjedu	vyjedeš	vyjede	vyjedeme	vyjedete	vyjedou	vyjeď	vyjeďme	vyjeďte	-	vyjet	-	-	-
vyjezdit	-	-	-	-	-	-	vyjezdi	vyjezděme	vyjezděte	-	vyjezděn	-	-	-
vyječet	-	-	-	-	-	vyječí	vyječ	vyječme	vyječte	-	-	-	-	-
vyježit	-	-	-	-	-	-	-	-	-	-	-	vyježe	-	-
vyjmout	vyjmu	vyjmeš	vyjme	vyjmeme	vyjmete	vyjmou	vyjmi	vyjměme	vyjměte	vyjmul	vyjmut	-	-
vyjádřit	-	-	-	-	-	-	vyjádři	vyjádřeme	vyjádřete	-	-	-	-
vyjíst	vyjím	vyjíš	vyjí	vyjíme	vyjíte	vyjedí	vyjez	vyjezme	vyjezte	vyjedl	vyjeden	-	-	vyjedla
vyjít	vyjdu	vyjdeš	vyjde	vyjdeme	vyjdete	vyjdou	vyjdi	vyjděme	vyjděte	vyšel	-	-	-	vyšla
vyjíždět	-	-	-	-	-	-	vyjížděj	vyjíždějme	vyjíždějte	-	vyjížděn	vyjížděje	vyjíždějíc	-
vykadit	-	-	-	-	-	-	vykaď	vykaďme	vykaďte	-	vykaděn	-	-
vykalit	-	-	-	-	-	-	-	-	-	-	-	vykale	-	-
vykanout	-	-	-	-	-	-	vykaň	vykaňme	vykaňte	-	-	-	-	-
vykazit	-	-	-	-	-	-	-	-	-	-	vykažen	-	-	-
vykašlat	vykašlu	vykašleš	vykašle	vykašleme	vykašlete	vykašlou	-	-	-	-	-	-	-
vykeťasit	-	-	-	-	-	-	-	-	-	-	-	vykeťase	-	-
vyklanět	-	-	-	-	-	-	vyklaněj	vyklanějme	vyklanějte	-	vyklaněn	vyklaněje	vyklanějíc	-
vyklenout	-	-	-	-	-	-	vykleň	vykleňme	vykleňte	-	-	-	-	-
vyklestit	-	-	-	-	-	-	vyklesti	vyklestěme	vyklestěte	-	vyklestěn	-	-	-
vyklevetit	-	-	-	-	-	-	vykleveť	vykleveťme	vykleveťte	-	vyklevetěn	-	-	-
vyklečet	-	-	-	-	-	vyklečí	vykleč	vyklečme	vyklečte	-	-	-	-	-
vykleštit	-	-	-	-	-	-	vyklešti	vykleštěme	vykleštěte	-	vykleštěn	-	-	-
vyklidit	-	-	-	-	-	-	vykliď	vykliďme	vykliďte	-	vyklizen	-	-
vyklonit	-	-	-	-	-	-	vykloň	vykloňme	vykloňte	-	vykloněn	-	-	-
vyklopotit	-	-	-	-	-	-	vyklopoť	vyklopoťme	vyklopoťte	-	vyklopocen	-	-	-
vykloubit	-	-	-	-	-	-	vykloubi	vyklouběme	vyklouběte	-	-	-	-
vyklovat	vyklovu	vykloveš	vyklove	vykloveme	vyklovete	vyklovají	vyklovej	vyklovejme	vyklovejte	-	vyklován	vyklovaje	vyklovajíc	-
vyklučit	-	-	-	-	-	-	-	-	-	-	-	vykluče	-	-
vyklábosit	-	-	-	-	-	-	-	-	-	-	-	vyklábose	-	-
vyklánět	-	-	-	-	-	-	vykláněj	vyklánějme	vyklánějte	-	vykláněn	vykláněje	vyklánějíc	-
vyklápět	-	-	-	-	-	-	vyklápěj	vyklápějme	vyklápějte	-	vyklápěn	vyklápěje	vyklápějíc	-
vyklást	vykladu	vykladeš	vyklade	vyklademe	vykladete	vykladou	vyklaď	vyklaďme	vyklaďte	vykladl	vykladen	-	-	vykladla
vyklát	vyklám	vykláš	vyklá	vykláme	vykláte	vyklají	vykol	vykolme	vykolte	-	vyklán	-	-	-
vyklátit	-	-	-	-	-	-	vyklať	vyklaťme	vyklaťte	-	vyklácen	-	-	-
vyklínit	-	-	-	-	-	-	vykliň	vykliňme	vykliňte	-	vyklíněn	-	-	-
vyklít	vykleji	vykleješ	vykleje	vyklejeme	vyklejete	vyklejou	vyklej	vyklejme	vyklejte	vyklel	vyklet	-	-	vyklela
vyklízet	-	-	-	-	-	vyklízejí	vyklízej	vyklízejme	vyklízejte	-	-	vyklízeje	vyklízejíc	-
vyklíčit	-	-	-	-	-	-	vyklič	vykličme	vykličte	-	-	-	-	-
vyklížit	-	-	-	-	-	-	vykliž	vykližme	vykližte	-	-	-	-	-
vykojit	-	-	-	-	-	-	-	-	-	-	-	vykoje	-	-
vykolejit	-	-	-	-	-	-	-	-	-	-	-	vykoleje	-	-
vykolit	-	-	-	-	-	-	-	-	-	-	-	vykole	-	-
vykosit	-	-	-	-	-	-	-	-	-	-	-	vykose	-	-
vykostit	-	-	-	-	-	-	vykosti	vykostěme	vykostěte	-	-	-	-
vykotit	-	-	-	-	-	-	vykoť	vykoťme	vykoťte	-	vykocen	-	-	-
vykotoulet	-	-	-	-	-	vykotoulejí	vykotoulej	vykotoulejme	vykotoulejte	-	-	vykotouleje	vykotoulejíc	-
vykoulet	-	-	-	-	-	vykoulejí	vykoulej	vykoulejme	vykoulejte	-	-	vykouleje	vykoulejíc	-
vykoulit	-	-	-	-	-	-	vykouli	vykouleme	vykoulete	-	-	-	-	-
vykoupit	-	-	-	-	-	-	vykup	vykupme	vykupte	-	-	-	-
vykout	vykuji	vykuješ	vykuje	vykujeme	vykujete	vykujou	vykuj	vykujme	vykujte	vykul	vykut	-	-	vykula
vykouzlit	-	-	-	-	-	-	vykouzli	vykouzleme	vykouzlete	-	-	-	-	-
vykouřit	-	-	-	-	-	-	vykuř	vykuřme	vykuřte	-	-	-	-	-
vykovat	vykovu	vykoveš	vykove	vykoveme	vykovete	vykovají	vykovej	vykovejme	vykovejte	-	vykován	vykovaje	vykovajíc	-
vykořenit	-	-	-	-	-	-	vykořeň	vykořeňme	vykořeňte	-	vykořeněn	-	-	-
vykořistit	-	-	-	-	-	-	vykořisti	vykořistěme	vykořistěte	-	vykořistěn	-	-	-
vykoštit	-	-	-	-	-	-	vykošti	vykoštěme	vykoštěte	-	vykoštěn	-	-	-
vykramařit	-	-	-	-	-	-	-	-	-	-	-	vykramaře	-	-
vykreslit	-	-	-	-	-	-	vykresli	vykresleme	vykreslete	-	-	-	-	-
vykrojit	-	-	-	-	-	-	-	-	-	-	-	vykroje	-	-
vykroutit	-	-	-	-	-	-	vykruť	vykruťme	vykruťte	-	vykroucen	-	-	-
vykroužit	-	-	-	-	-	-	vykruž	vykružme	vykružte	-	-	-	-	-
vykročit	-	-	-	-	-	-	-	-	-	-	-	vykroče	-	-
vykrvit	-	-	-	-	-	-	vykrvi	vykrvěme	vykrvěte	-	-	-	-	-
vykrvácet	-	-	-	-	-	vykrvácejí	vykrvácej	vykrvácejme	vykrvácejte	-	-	vykrváceje	vykrvácejíc	-
vykrájet	-	-	-	-	-	vykrájejí	vykrájej	vykrájejme	vykrájejte	-	-	vykrájeje	vykrájejíc	-
vykrápět	-	-	-	-	-	-	vykrápěj	vykrápějme	vykrápějte	-	vykrápěn	vykrápěje	vykrápějíc	-
vykrást	vykradu	vykradeš	vykrade	vykrademe	vykradete	vykradou	vykraď	vykraďme	vykraďte	vykradl	vykraden	-	-	vykradla
vykrátit	-	-	-	-	-	-	vykrať	vykraťme	vykraťte	-	vykrácen	-	-	-
vykráčet	-	-	-	-	-	vykráčejí	vykráčej	vykráčejme	vykráčejte	-	-	vykráčeje	vykráčejíc	-
vykrášlit	-	-	-	-	-	-	vykrášli	vykrášleme	vykrášlete	-	-	-	-	-
vykrýt	vykryji	vykryješ	vykryje	vykryjeme	vykryjete	vykryjou	vykryj	vykryjme	vykryjte	vykryl	vykryt	-	-	vykryla
vykrčit	-	-	-	-	-	-	-	-	-	-	-	vykrče	-	-
vykuchtit	-	-	-	-	-	-	vykuchti	vykuchtěme	vykuchtěte	-	vykuchtěn	-	-	-
vykudlit	-	-	-	-	-	-	vykudli	vykudleme	vykudlete	-	-	-	-	-
vykuklit	-	-	-	-	-	-	vykukli	vykukleme	vykuklete	-	-	-	-	-
vykulit	-	-	-	-	-	-	-	-	-	-	-	vykule	-	-
vykutálet	-	-	-	-	-	vykutálejí	vykutálej	vykutálejme	vykutálejte	-	-	vykutáleje	vykutálejíc	-
vykvasit	-	-	-	-	-	-	-	-	-	-	-	vykvase	-	-
vykvášet	-	-	-	-	-	vykvášejí	vykvášej	vykvášejme	vykvášejte	-	-	vykvášeje	vykvášejíc	-
vykvést	vykvetu	vykveteš	vykvete	vykveteme	vykvetete	vykvetou	vykveť	vykveťme	vykveťte	vykvetl	-	-	-	vykvetla
vykvílet	-	-	-	-	-	vykvílejí	vykvílej	vykvílejme	vykvílejte	-	-	vykvíleje	vykvílejíc	-
vykymácet	-	-	-	-	-	vykymácejí	vykymácej	vykymácejme	vykymácejte	-	-	vykymáceje	vykymácejíc	-
vykynout	-	-	-	-	-	-	vykyň	vykyňme	vykyňte	-	-	-	-	-
vykypět	-	-	-	-	-	vykypí	vykyp	vykypme	vykypte	-	vykypěn	-	-	-
vykyselit	-	-	-	-	-	-	-	-	-	-	-	vykysele	-	-
vykácet	-	-	-	-	-	vykácejí	vykácej	vykácejme	vykácejte	-	-	vykáceje	vykácejíc	-
vykálet	-	-	-	-	-	vykálejí	vykálej	vykálejme	vykálejte	-	-	vykáleje	vykálejíc	-
vykázat	vykáži	vykážeš	vykáže	vykážeme	vykážete	vykážou	vykaž	vykažme	vykažte	-	-	-	-	-
vykáznit	-	-	-	-	-	-	vykázni	vykázněme	vykázněte	-	vykázněn	-	-	-
vykřepčit	-	-	-	-	-	-	vykřepči	vykřepčeme	vykřepčete	-	-	-	-	-
vykřičet	-	-	-	-	-	vykřičejí	vykřič	vykřičme	vykřičte	-	-	-	-	-
vyladit	-	-	-	-	-	-	vylaď	vylaďme	vylaďte	-	vyladěn	-	-	-
vylakotit	-	-	-	-	-	-	vylakoť	vylakoťme	vylakoťte	-	vylakocen	-	-	-
vylačnit	-	-	-	-	-	-	vylačni	vylačněme	vylačněte	-	vylačněn	-	-	-
vylehčit	-	-	-	-	-	-	vylehči	vylehčeme	vylehčete	-	-	-	-	-
vylenošit	-	-	-	-	-	-	-	-	-	-	-	vylenoše	-	-
vylepšit	-	-	-	-	-	-	vylepši	vylepšeme	vylepšete	-	-	-	-
vyletnit	-	-	-	-	-	-	vyletni	vyletněme	vyletněte	-	vyletněn	-	-	-
vyletět	-	-	-	-	-	vyletí	vyleť	vyleťme	vyleťte	-	vyletěn	-	-	-
vyleštit	-	-	-	-	-	-	vylešti	vyleštěme	vyleštěte	-	vyleštěn	-	-	-
vyležet	-	-	-	-	-	vyleží	vylež	vyležme	vyležte	-	-	-	-	-
vylhat	vylžu	vylžeš	vylže	vylžeme	vylžete	vylžou	vylži	vylžeme	vylžete	-	-	-	-	-
vylichotit	-	-	-	-	-	-	vylichoť	vylichoťme	vylichoťte	-	vylichocen	-	-	-
vylichvařit	-	-	-	-	-	-	-	-	-	-	-	vylichvaře	-	-
vylichvit	-	-	-	-	-	-	vylichvi	vylichvěme	vylichvěte	-	-	-	-	-
vylidnit	-	-	-	-	-	-	vylidni	vylidněme	vylidněte	-	vylidněn	-	-	-
vylinout	-	-	-	-	-	-	vyliň	vyliňme	vyliňte	-	-	-	-	-
vylišit	-	-	-	-	-	-	-	-	-	-	-	vyliše	-	-
vylodit	-	-	-	-	-	-	vyloď	vyloďme	vyloďte	-	vyloděn	-	-
vylopotit	-	-	-	-	-	-	vylopoť	vylopoťme	vylopoťte	-	vylopocen	-	-	-
vyloudit	-	-	-	-	-	-	vyloudi	vylouděme	vylouděte	-	vylouděn	-	-	-
vyloupit	-	-	-	-	-	-	vylup	vylupme	vylupte	-	-	-	-	-
vyloučit	-	-	-	-	-	-	vyluč	vylučme	vylučte	-	-	-	-
vyloužit	-	-	-	-	-	-	vylouži	vyloužeme	vyloužete	-	-	-	-	-
vyložit	-	-	-	-	-	-	-	-	-	-	-	vylože	-	-
vylstít	vylstím	vylstíš	vylstí	vylstíme	vylstíte	vylstí	vylsti	vylstěme	vylstěte	vylstil	vylstěn	-	-	vylstila
vyluštit	-	-	-	-	-	-	vylušti	vyluštěme	vyluštěte	-	vyluštěn	-	-
vylámat	vylámu	vylámeš	vyláme	vylámeme	vylámete	vylámou	-	-	-	-	-	-	-	-
vylát	vylaji	vylaješ	vylaje	vylajeme	vylajete	vylajou	vylaj	vylajme	vylajte	-	-	-	-	-
vyláteřit	-	-	-	-	-	-	-	-	-	-	-	vyláteře	-	-
vylézt	vylezu	vylezeš	vyleze	vylezeme	vylezete	vylezou	vylez	vylezme	vylezte	vylezl	vylezen	-	-
vyléčit	-	-	-	-	-	-	vyleč	vylečme	vylečte	-	-	-	-	-
vylít	vyleji	vyleješ	vyleje	vylejeme	vylejete	vylejou	vylej	vylejme	vylejte	vylil	vylit	-	-	vylila
vylíčit	-	-	-	-	-	-	vylič	vyličme	vyličte	-	-	-	-
vymanit	-	-	-	-	-	-	vymaň	vymaňme	vymaňte	-	vymaněn	-	-
vymanout	-	-	-	-	-	-	vymaň	vymaňme	vymaňte	-	-	-	-	-
vymarnit	-	-	-	-	-	-	vymarni	vymarněme	vymarněte	-	vymarněn	-	-	-
vymarodit	-	-	-	-	-	-	vymaroď	vymaroďme	vymaroďte	-	vymaroděn	-	-	-
vymastit	-	-	-	-	-	-	vymasti	vymastěme	vymastěte	-	vymaštěn	-	-	-
vymazlit	-	-	-	-	-	-	vymazli	vymazleme	vymazlete	-	-	-	-	-
vymaškarádit	-	-	-	-	-	-	vymaškarádi	vymaškaráděme	vymaškaráděte	-	vymaškaráděn	-	-	-
vymaškařit	-	-	-	-	-	-	-	-	-	-	-	vymaškaře	-	-
vymejšlet	-	-	-	-	-	vymejšlejí	vymejšlej	vymejšlejme	vymejšlejte	-	-	vymejšleje	vymejšlejíc	-
vymerčit	-	-	-	-	-	-	vymerči	vymerčeme	vymerčete	-	-	-	-	-
vyminout	-	-	-	-	-	-	vymiň	vymiňme	vymiňte	-	-	-	-	-
vymizet	-	-	-	-	-	vymizejí	vymiz	vymizme	vymizte	-	-	-	-	-
vymladit	-	-	-	-	-	-	vymlaď	vymlaďme	vymlaďte	-	vymlazen	-	-	-
vymlácet	-	-	-	-	-	vymlácejí	vymlácej	vymlácejme	vymlácejte	-	-	vymláceje	vymlácejíc	-
vymlátit	-	-	-	-	-	-	vymlať	vymlaťme	vymlaťte	-	vymlácen	-	-	-
vymlít	vymelu	vymeleš	vymele	vymeleme	vymelete	vymelou	vymel	vymelme	vymelte	vymlel	vymlet	-	-	vymlela
vymlčet	-	-	-	-	-	vymlčí	vymlč	vymlčme	vymlčte	-	-	-	-	-
vymnout	-	-	-	-	-	-	-	-	-	vymnul	-	-	-	vymnula
vymoci	vymohu	vymůžeš	vymůže	vymůžeme	vymůžete	vymohou	vymoz	vymozme	vymozte	vymohl	vymožen	-	-	vymohla
vymodlit	-	-	-	-	-	-	vymodli	vymodleme	vymodlete	-	-	-	-	-
vymodřit	-	-	-	-	-	-	vymodři	vymodřeme	vymodřete	-	-	-	-	-
vymozolit	-	-	-	-	-	-	-	-	-	-	-	vymozole	-	-
vymočit	-	-	-	-	-	-	-	-	-	-	-	vymoče	-	-
vymořit	-	-	-	-	-	-	-	-	-	-	-	vymoře	-	-
vymrazit	-	-	-	-	-	-	-	-	-	-	-	vymraze	-	-
vymračit	-	-	-	-	-	-	-	-	-	-	-	vymrače	-	-
vymručet	-	-	-	-	-	vymručí	vymruč	vymručme	vymručte	-	-	-	-	-
vymrštit	-	-	-	-	-	-	vymršti	vymrštěme	vymrštěte	-	vymrštěn	-	-	-
vymstít	vymstím	vymstíš	vymstí	vymstíme	vymstíte	vymstí	vymsti	vymstěme	vymstěte	vymstil	vymstěn	-	-	vymstila
vymučit	-	-	-	-	-	-	-	-	-	-	-	vymuče	-	-
vymydlit	-	-	-	-	-	-	vymydli	vymydleme	vymydlete	-	-	-	-	-
vymyslit	-	-	-	-	-	-	vymysli	vymysleme	vymyslete	-	vymyšlen	-	-	-
vymámit	-	-	-	-	-	-	vymam	vymamme	vymamte	-	-	-	-
vymást	vymatu	vymateš	vymate	vymateme	vymatete	vymatou	vymať	vymaťme	vymaťte	vymátl	vymaten	-	-	vymátla
vymáčet	-	-	-	-	-	vymáčejí	vymáčej	vymáčejme	vymáčejte	-	-	vymáčeje	vymáčejíc	-
vymést	vymetu	vymeteš	vymete	vymeteme	vymetete	vymetou	vymeť	vymeťme	vymeťte	vymetl	vymeten	-	-
vymínit	-	-	-	-	-	-	vymiň	vymiňme	vymiňte	-	vymíněn	-	-	-
vymísit	-	-	-	-	-	-	vymis	vymisme	vymiste	-	-	-	-
vymístit	-	-	-	-	-	-	vymísti	vymístěme	vymístěte	-	vymístěn	-	-	-
vymódit	-	-	-	-	-	-	vymódi	vymóděme	vymóděte	-	vymóděn	-	-	-
vymýt	vymyji	vymyješ	vymyje	vymejeme	vymyjete	vymyjou	vymyj	vymyjme	vymyjte	vymyl	vymyt	-	-	vymyla
vymýtit	-	-	-	-	-	-	vymyť	vymyťme	vymyťte	-	vymýcen	-	-	-
vymýšlet	-	-	-	-	-	vymýšlejí	vymýšlej	vymýšlejme	vymýšlejte	-	-	vymýšleje	vymýšlejíc
vymědlit	-	-	-	-	-	-	vymědli	vymědleme	vymědlete	-	-	-	-	-
vyměnit	-	-	-	-	-	-	vyměň	vyměňme	vyměňte	-	vyměněn	-	-
vyměřit	-	-	-	-	-	-	-	-	-	-	-	vyměře	-	-
vymřít	vymřu	vymřeš	vymře	vymřeme	vymřete	vymřou	vymři	vymřeme	vymřete	vymřel	vymřen	-	-	-
vynachválit	-	-	-	-	-	-	vynachval	vynachvalme	vynachvalte	-	-	-	-	-
vynacházet	-	-	-	-	-	vynacházejí	vynacházej	vynacházejme	vynacházejte	-	-	vynacházeje	vynacházejíc	-
vynahledět	-	-	-	-	-	vynahledí	vynahleď	vynahleďme	vynahleďte	-	vynahleděn	-	-	-
vynahradit	-	-	-	-	-	-	vynahraď	vynahraďme	vynahraďte	-	vynahrazen	-	-	-
vynajít	vynajdu	vynajdeš	vynajde	vynajdeme	vynajdete	vynajdou	vynajdi	vynajděme	vynajděte	vynašel	-	-	-	vynašla
vynaložit	-	-	-	-	-	-	-	-	-	-	-	vynalože	-	-
vynapovědět	vynapovím	vynapovíš	vynapoví	vynapovíme	vynapovíte	vynapovědí	vynapověz	vynapovězme	vynapovězte	-	vynapověděn	-	-	-
vynasmát	vynasměji	vynasměješ	vynasměje	vynasmějeme	vynasmějete	vynasmějou	vynasměj	vynasmějme	vynasmějte	-	-	-	-	-
vynasnažit	-	-	-	-	-	-	-	-	-	-	-	vynasnaže	-	-
vynasytit	-	-	-	-	-	-	vynasyť	vynasyťme	vynasyťte	-	vynasycen	-	-	-
vynatěšit	-	-	-	-	-	-	-	-	-	-	-	vynatěše	-	-
vynosit	-	-	-	-	-	-	-	-	-	-	vynošen	-	-	-
vynořit	-	-	-	-	-	-	-	-	-	-	-	vynoře	-	-
vynutit	-	-	-	-	-	-	vynuť	vynuťme	vynuťte	-	vynucen	-	-
vynášet	-	-	-	-	-	vynášejí	vynášej	vynášejme	vynášejte	-	-	vynášeje	vynášejíc	-
vynést	vynesu	vyneseš	vynese	vyneseme	vynesete	vynesou	vynes	vynesme	vyneste	vynesl	vynesen	-	-
vyoblit	-	-	-	-	-	-	vyobli	vyobleme	vyoblete	-	-	-	-	-
vyobloučit	-	-	-	-	-	-	vyoblouči	vyobloučeme	vyobloučete	-	-	-	-	-
vyosit	-	-	-	-	-	-	-	-	-	-	-	vyose	-	-
vyoslit	-	-	-	-	-	-	vyosli	vyosleme	vyoslete	-	-	-	-	-
vyostřit	-	-	-	-	-	-	vyostři	vyostřeme	vyostřete	-	-	-	-	-
vypachtit	-	-	-	-	-	-	vypachti	vypachtěme	vypachtěte	-	vypachtěn	-	-	-
vypartykařit	-	-	-	-	-	-	-	-	-	-	-	vypartykaře	-	-
vyparádit	-	-	-	-	-	-	vyparádi	vyparáděme	vyparáděte	-	vyparáděn	-	-
vypařit	-	-	-	-	-	-	-	-	-	-	-	vypaře	-	-
vypažit	-	-	-	-	-	-	-	-	-	-	-	vypaže	-	-
vypelešit	-	-	-	-	-	-	-	-	-	-	-	vypeleše	-	-
vypentlit	-	-	-	-	-	-	vypentli	vypentleme	vypentlete	-	-	-	-	-
vyperlit	-	-	-	-	-	-	vyperli	vyperleme	vyperlete	-	-	-	-	-
vypestřit	-	-	-	-	-	-	vypestři	vypestřeme	vypestřete	-	-	-	-	-
vypeřit	-	-	-	-	-	-	-	-	-	-	-	vypeře	-	-
vypištět	-	-	-	-	-	vypiští	vypišti	vypištěme	vypištěte	-	vypištěn	-	-	-
vyplachtit	-	-	-	-	-	-	vyplachti	vyplachtěme	vyplachtěte	-	vyplachtěn	-	-	-
vyplakat	vypláči	vypláčeš	vypláče	vypláčeme	vypláčete	vypláčou	-	-	-	-	-	-	-	-
vyplanit	-	-	-	-	-	-	vyplaň	vyplaňme	vyplaňte	-	vyplaněn	-	-	-
vyplanout	-	-	-	-	-	-	vyplaň	vyplaňme	vyplaňte	-	-	-	-	-
vyplatit	-	-	-	-	-	-	vyplať	vyplaťme	vyplaťte	-	vyplacen	-	-
vyplavat	vyplavu	vyplaveš	vyplave	vyplaveme	vyplavete	vyplavou	-	-	-	-	-	-	-
vyplavčit	-	-	-	-	-	-	vyplavči	vyplavčeme	vyplavčete	-	-	-	-	-
vyplavět	-	-	-	-	-	-	vyplavěj	vyplavějme	vyplavějte	-	vyplavěn	vyplavěje	vyplavějíc	-
vyplazit	-	-	-	-	-	-	-	-	-	-	-	vyplaze	-	-
vyplašit	-	-	-	-	-	-	-	-	-	-	-	vyplaše	-	-
vyplemenit	-	-	-	-	-	-	vyplemeň	vyplemeňme	vyplemeňte	-	vyplemeněn	-	-	-
vyplenit	-	-	-	-	-	-	vypleň	vypleňme	vypleňte	-	vypleněn	-	-	-
vyplevelit	-	-	-	-	-	-	-	-	-	-	-	vyplevele	-	-
vyplešatět	-	-	-	-	-	vyplešatí	vyplešať	vyplešaťme	vyplešaťte	-	vyplešatěn	-	-	-
vypleštit	-	-	-	-	-	-	-	-	-	-	vypleštěn	-	-	-
vyplichtit	-	-	-	-	-	-	vyplichti	vyplichtěme	vyplichtěte	-	vyplichtěn	-	-	-
vyplnit	-	-	-	-	-	-	vyplň	vyplňme	vyplňte	-	vyplněn	-	-
vyplodit	-	-	-	-	-	-	vyploď	vyploďme	vyploďte	-	vyplozen	-	-	-
vyplout	vypluji	vypluješ	vypluje	vyplujeme	vyplujete	vyplujou	vypluj	vyplujme	vyplujte	vyplul	vyplut	-	-	vyplula
vyploužit	-	-	-	-	-	-	vyplouži	vyploužeme	vyploužete	-	-	-	-	-
vyplynout	-	-	-	-	-	-	vyplyň	vyplyňme	vyplyňte	-	-	-	-	-
vyplácet	-	-	-	-	-	vyplácejí	vyplácej	vyplácejme	vyplácejte	-	-	vypláceje	vyplácejíc	-
vyplést	vypletu	vypleteš	vyplete	vypleteme	vypletete	vypletou	vypleť	vypleťme	vypleťte	vypletl	vypleten	-	-
vyplísnit	-	-	-	-	-	-	vyplísni	vyplísněme	vyplísněte	-	vyplísněn	-	-	-
vyplít	vypleji	vypleješ	vypleje	vyplejeme	vyplejete	vyplejou	vyplej	vyplejme	vyplejte	vyplel	vyplet	-	-	vyplela
vyplížit	-	-	-	-	-	-	vypliž	vypližme	vypližte	-	-	-	-	-
vypobízet	-	-	-	-	-	vypobízejí	vypobízej	vypobízejme	vypobízejte	-	-	vypobízeje	vypobízejíc	-
vypodložit	-	-	-	-	-	-	-	-	-	-	-	vypodlože	-	-
vypodobnit	-	-	-	-	-	-	vypodobni	vypodobněme	vypodobněte	-	vypodobněn	-	-	-
vypodsadit	-	-	-	-	-	-	vypodsaď	vypodsaďme	vypodsaďte	-	vypodsazen	-	-	-
vypohlavčit	-	-	-	-	-	-	vypohlavči	vypohlavčeme	vypohlavčete	-	-	-	-	-
vypohodit	-	-	-	-	-	-	vypohoď	vypohoďme	vypohoďte	-	vypohozen	-	-	-
vypojit	-	-	-	-	-	-	-	-	-	-	-	vypoje	-	-
vypoklidit	-	-	-	-	-	-	vypokliď	vypokliďme	vypokliďte	-	vypoklizen	-	-	-
vypoklízet	-	-	-	-	-	vypoklízejí	vypoklízej	vypoklízejme	vypoklízejte	-	-	vypoklízeje	vypoklízejíc	-
vypolštářit	-	-	-	-	-	-	vyploštáři	vyploštářeme	vyploštářete	-	vyploštářen	-	-	-
vypomoci	vypomohu	vypomůžeš	vypomůže	vypomůžeme	vypomůžete	vypomohou	vypomoz	vypomozme	vypomozte	vypomohl	vypomožen	-	-	vypomohla
vypopelit	-	-	-	-	-	-	-	-	-	-	-	vypopele	-	-
vyporoučet	-	-	-	-	-	vyporoučejí	vyporoučej	vyporoučejme	vyporoučejte	-	-	vyporoučeje	vyporoučejíc	-
vyporážet	-	-	-	-	-	vyporážejí	vyporážej	vyporážejme	vyporážejte	-	-	vyporážeje	vyporážejíc	-
vypostit	-	-	-	-	-	-	vyposti	vypostěme	vypostěte	-	vypostěn	-	-	-
vypotit	-	-	-	-	-	-	vypoť	vypoťme	vypoťte	-	vypocen	-	-
vypotácet	-	-	-	-	-	vypotácejí	vypotácej	vypotácejme	vypotácejte	-	-	vypotáceje	vypotácejíc	-
vypoulet	-	-	-	-	-	vypoulejí	vypoulej	vypoulejme	vypoulejte	-	-	vypouleje	vypoulejíc	-
vypoulit	-	-	-	-	-	-	vypouli	vypouleme	vypoulete	-	-	-	-	-
vypouzdřit	-	-	-	-	-	-	vypouzdři	vypouzdřeme	vypouzdřete	-	-	-	-	-
vypouzet	-	-	-	-	-	vypouzejí	vypouzej	vypouzejme	vypouzejte	-	-	vypouzeje	vypouzejíc	-
vypoučet	-	-	-	-	-	vypoučejí	vypoučej	vypoučejme	vypoučejte	-	-	vypoučeje	vypoučejíc	-
vypouštět	-	-	-	-	-	-	vypouštěj	vypouštějme	vypouštějte	-	vypouštěn	vypouštěje	vypouštějíc	-
vypovědět	vypovím	vypovíš	vypoví	vypovíme	vypovíte	vypovědí	vypověz	vypovězme	vypovězte	-	vypověděn	-	-
vypočinout	-	-	-	-	-	-	vypočiň	vypočiňme	vypočiňte	-	-	-	-	-
vypočíst	vypočtu	vypočteš	vypočte	vypočteme	vypočtete	vypočtou	vypočti	vypočtěme	vypočtěte	vypočetl	vypočten	-	-	vypočetla
vypramenit	-	-	-	-	-	-	vyprameň	vyprameňme	vyprameňte	-	vyprameněn	-	-	-
vyprasečit	-	-	-	-	-	-	-	-	-	-	-	vypraseče	-	-
vyprasit	-	-	-	-	-	-	-	-	-	-	-	vyprase	-	-
vyprat	vyperu	vypereš	vypere	vypereme	vyperete	vyperou	vyper	vyperme	vyperte	-	-	-	-
vypražit	-	-	-	-	-	-	-	-	-	-	-	vypraže	-	-
vyprdět	-	-	-	-	-	vyprdí	vyprď	vyprďme	vyprďte	-	vyprděn	-	-	-
vyprocházet	-	-	-	-	-	vyprocházejí	vyprocházej	vyprocházejme	vyprocházejte	-	-	vyprocházeje	vyprocházejíc	-
vyprosit	-	-	-	-	-	-	-	-	-	-	vyprošen	-	-
vyprostit	-	-	-	-	-	-	vyprosti	vyprostěme	vyprostěte	-	vyproštěn	-	-	-
vyproudit	-	-	-	-	-	-	vyproudi	vyprouděme	vyprouděte	-	vyprouděn	-	-	-
vyprovodit	-	-	-	-	-	-	vyprovoď	vyprovoďme	vyprovoďte	-	vyprovozen	-	-	-
vyprovázet	-	-	-	-	-	vyprovázejí	vyprovázej	vyprovázejme	vyprovázejte	-	-	vyprovázeje	vyprovázejíc	-
vyprudit	-	-	-	-	-	-	vypruď	vypruďme	vypruďte	-	vypruzen	-	-	-
vypružit	-	-	-	-	-	-	-	-	-	-	-	vypruže	-	-
vypryštit	-	-	-	-	-	-	vypryšti	vypryštěme	vypryštěte	-	vypryštěn	-	-	-
vyprávět	-	-	-	-	-	-	vyprávěj	vyprávějme	vyprávějte	-	vyprávěn	vyprávěje	vyprávějíc
vyprázdnit	-	-	-	-	-	-	vyprázdni	vyprázdněme	vyprázdněte	-	vyprázdněn	-	-
vyprášet	-	-	-	-	-	vyprášejí	vyprášej	vyprášejme	vyprášejte	-	-	vyprášeje	vyprášejíc	-
vyprášit	-	-	-	-	-	-	vypraš	vyprašme	vyprašte	-	-	-	-	-
vyprýštit	-	-	-	-	-	-	vyprýšti	vyprýštěme	vyprýštěte	-	vyprýštěn	-	-	-
vypršet	-	-	-	-	-	vyprší	vyprš	vypršme	vypršte	-	-	-	-
vypsat	vypíši	vypíšeš	vypíše	vypíšeme	vypíšete	vypíšou	vypiš	vypišme	vypište	-	-	-	-
vypudit	-	-	-	-	-	-	vypuď	vypuďme	vypuďte	-	vypuzen	-	-
vypulit	-	-	-	-	-	-	-	-	-	-	-	vypule	-	-
vypustit	-	-	-	-	-	-	vypusť	vypusťme	vypusťte	-	vypuštěn	-	-
vypučet	-	-	-	-	-	vypučí	vypuč	vypučme	vypučte	-	-	-	-	-
vypytlačit	-	-	-	-	-	-	-	-	-	-	-	vypytlače	-	-
vypálit	-	-	-	-	-	-	vypal	vypalme	vypalte	-	-	-	-
vypást	vypasu	vypaseš	vypase	vypaseme	vypasete	vypasou	vypas	vypasme	vypaste	-	vypasen	-	-	-
vypáčit	-	-	-	-	-	-	vypač	vypačme	vypačte	-	-	-	-	-
vypéci	vypeču	vypečeš	vypeče	vypečeme	vypečete	vypečou	vypeč	vypečme	vypečte	vypekl	vypečen	-	-	vypekla
vypídit	-	-	-	-	-	-	vypídi	vypíděme	vypíděte	-	vypíděn	-	-	-
vypíjet	-	-	-	-	-	vypíjejí	vypíjej	vypíjejme	vypíjejte	-	-	vypíjeje	vypíjejíc	-
vypít	vypiji	vypiješ	vypije	vypijeme	vypijete	vypijou	vypij	vypijme	vypijte	vypil	vypit	-	-
vypíčit	-	-	-	-	-	-	vypič	vypičme	vypičte	-	-	-	-	-
vypěnit	-	-	-	-	-	-	vypěň	vypěňme	vypěňte	-	vypěněn	-	-	-
vypěstit	-	-	-	-	-	-	vypěsti	vypěstěme	vypěstěte	-	vypěstěn	-	-	-
vypět	vypěji	vypěješ	vypěje	vypějeme	vypějete	-	vypěj	vypějme	vypějte	-	vypěn	-	-	-
vypřezdít	vypřezdím	vypřezdíš	vypřezdí	vypřezdíme	vypřezdíte	vypřezdí	-	-	-	vypřezdil	vypřezděn	-	-	vypřezdila
vypřímit	-	-	-	-	-	-	vypřími	vypříměme	vypříměte	-	-	-	-	-
vypříst	vypřadu	vypřadeš	vypřade	vypřademe	vypřadete	vypřadou	vypřaď	vypřaďme	vypřaďte	vypřadl	vypřaden	-	-	vypřadla
vypřít	vypřu	vypřeš	vypře	vypřeme	vypřete	vypřou	vypři	vypřeme	vypřete	vypřel	vypřen	-	-	vypřela
vypůjčit	-	-	-	-	-	-	-	-	-	-	-	vypůjče	-	-
vyrachotit	-	-	-	-	-	-	vyrachoť	vyrachoťme	vyrachoťte	-	vyrachocen	-	-	-
vyradit	-	-	-	-	-	-	vyraď	vyraďme	vyraďte	-	vyraděn	-	-	-
vyrazit	-	-	-	-	-	-	-	-	-	-	vyražen	-	-
vyrašit	-	-	-	-	-	-	-	-	-	-	-	vyraše	-	-
vyrdousit	-	-	-	-	-	-	vyrdousi	vyrdouseme	vyrdousete	-	vyrdoušen	-	-	-
vyrejdit	-	-	-	-	-	-	vyrejdi	vyrejděme	vyrejděte	-	vyrejděn	-	-	-
vyrepetit	-	-	-	-	-	-	vyrepeť	vyrepeťme	vyrepeťte	-	vyrepetěn	-	-	-
vyrobotit	-	-	-	-	-	-	vyroboť	vyroboťme	vyroboťte	-	vyrobotěn	-	-	-
vyrochňat	-	-	-	-	-	-	vyrochněj	vyrochnějme	vyrochnějte	-	-	-	-	-
vyrodit	-	-	-	-	-	-	vyroď	vyroďme	vyroďte	-	vyrozen	-	-	-
vyrojit	-	-	-	-	-	-	-	-	-	-	-	vyroje	-	-
vyronit	-	-	-	-	-	-	vyroň	vyroňme	vyroňte	-	vyroněn	-	-
vyrosit	-	-	-	-	-	-	-	-	-	-	-	vyrose	-	-
vyrotit	-	-	-	-	-	-	vyroť	vyroťme	vyroťte	-	vyrocen	-	-	-
vyroubit	-	-	-	-	-	-	vyroubi	vyrouběme	vyrouběte	-	-	-	-	-
vyrozprávět	-	-	-	-	-	-	vyrozprávěj	vyrozprávějme	vyrozprávějte	-	vyrozprávěn	vyrozprávěje	vyrozprávějíc	-
vyrozumět	-	-	-	-	-	-	vyrozum	vyrozumme	vyrozumte	-	vyrozuměn	vyrozuměje	-	-
vyrušit	-	-	-	-	-	-	-	-	-	-	-	vyruše	-	-
vyrvat	vyrvu	vyrveš	vyrve	vyrveme	vyrvete	vyrvou	vyrvi	vyrvěme	vyrvěte	-	-	-	-	-
vyrybnit	-	-	-	-	-	-	vyrybni	vyrybněme	vyrybněte	-	vyrybněn	-	-	-
vyrychlit	-	-	-	-	-	-	vyrychli	vyrychleme	vyrychlete	-	-	-	-	-
vyrábět	-	-	-	-	-	-	vyráběj	vyrábějme	vyrábějte	-	vyráběn	vyráběje	vyrábějíc
vyráčit	-	-	-	-	-	-	vyrač	vyračme	vyračte	-	-	-	-	-
vyrážet	-	-	-	-	-	vyrážejí	vyrážej	vyrážejme	vyrážejte	-	-	vyrážeje	vyrážejíc	-
vyrýt	vyreji	vyreješ	vyreje	vyrejeme	vyrejete	vyrejou	vyryj	vyryjme	vyryjte	vyryl	vyryt	-	-	vyryla
vyrůst	vyrostu	vyrosteš	vyroste	vyrosteme	vyrostete	vyrostou	vyrosť	vyrosťme	vyrosťte	vyrostl	-	-	-
vysadit	-	-	-	-	-	-	vysaď	vysaďme	vysaďte	-	vysazen	-	-
vysedět	-	-	-	-	-	-	vyseď	vyseďme	vyseďte	-	vyseděn	-	-	-
vysemenit	-	-	-	-	-	-	vysemeň	vysemeňme	vysemeňte	-	vysemeněn	-	-	-
vyskeřit	-	-	-	-	-	-	-	-	-	-	-	vyskeře	-	-
vyskladnit	-	-	-	-	-	-	vyskladni	vyskladněme	vyskladněte	-	vyskladněn	-	-	-
vysklít	vysklím	vysklíš	vysklí	vysklíme	vysklíte	vysklí	vyskli	vyskleme	vysklete	vysklil	vysklen	-	-	vysklila
vyskotačit	-	-	-	-	-	-	-	-	-	-	-	vyskotače	-	-
vyskočit	-	-	-	-	-	-	-	-	-	-	-	vyskoče	-	-
vyskružit	-	-	-	-	-	-	-	-	-	-	-	vyskruže	-	-
vyskučet	-	-	-	-	-	vyskučí	vyskuč	vyskučme	vyskučte	-	-	-	-	-
vyskákat	vyskáči	vyskáčeš	vyskáče	vyskáčeme	vyskáčete	vyskáčou	-	-	-	-	-	-	-	-
vysladit	-	-	-	-	-	-	vyslaď	vyslaďme	vyslaďte	-	vyslazen	-	-	-
vyslanit	-	-	-	-	-	-	vyslaň	vyslaňme	vyslaňte	-	vyslaněn	-	-	-
vyslat	vyšlu	vyšleš	vyšle	vyšleme	vyšlete	vyšlou	vyšli	vyšleme	vyšlete	-	-	-	-	-
vyslepičit	-	-	-	-	-	-	-	-	-	-	-	vyslepiče	-	-
vyslinit	-	-	-	-	-	-	vysliň	vysliňme	vysliňte	-	vysliněn	-	-	-
vysloužit	-	-	-	-	-	-	vysluž	vyslužme	vyslužte	-	-	-	-	-
vyslunit	-	-	-	-	-	-	vysluň	vysluňme	vysluňte	-	vysluněn	-	-	-
vyslyšet	-	-	-	-	-	vyslyší	vyslyš	vyslyšme	vyslyšte	-	-	-	-
vyslzet	-	-	-	-	-	vyslzejí	vyslz	vyslzme	vyslzte	-	-	-	-	-
vyslídit	-	-	-	-	-	-	vysliď	vysliďme	vysliďte	-	vyslíděn	-	-	-
vysmažit	-	-	-	-	-	-	-	-	-	-	-	vysmaže	-	-
vysmejčit	-	-	-	-	-	-	vysmejči	vysmejčeme	vysmejčete	-	-	-	-	-
vysmolit	-	-	-	-	-	-	-	-	-	-	-	vysmole	-	-
vysmradit	-	-	-	-	-	-	vysmraď	vysmraďme	vysmraďte	-	vysmraděn	-	-	-
vysmutnit	-	-	-	-	-	-	vysmutni	vysmutněme	vysmutněte	-	vysmutněn	-	-	-
vysmát	vysměji	vysměješ	vysměje	vysmějeme	vysmějete	vysmějou	vysměj	vysmějme	vysmějte	-	-	-	-	-
vysmýčit	-	-	-	-	-	-	vysmyč	vysmyčme	vysmyčte	-	-	-	-	-
vysnažit	-	-	-	-	-	-	-	-	-	-	-	vysnaže	-	-
vysnít	vysním	vysníš	vysní	vysníme	vysníte	vysní	vysni	vysněme	vysněte	vysnil	vysněn	-	-
vysněžit	-	-	-	-	-	-	-	-	-	-	-	vysněže	-	-
vysolit	-	-	-	-	-	-	-	-	-	-	-	vysole	-	-
vysoptit	-	-	-	-	-	-	vysopti	vysoptěme	vysoptěte	-	vysoptěn	-	-	-
vysoudit	-	-	-	-	-	-	vysuď	vysuďme	vysuďte	-	vysouzen	-	-
vysouložit	-	-	-	-	-	-	-	-	-	-	-	vysoulože	-	-
vysoustružit	-	-	-	-	-	-	-	-	-	-	-	vysoustruže	-	-
vysout	vysuji	vysuješ	vysuje	vysujeme	vysujete	vysujou	vysuj	vysujme	vysujte	vysul	vysut	-	-
vysoutěžit	-	-	-	-	-	-	-	-	-	-	-	vysoutěže	-	-
vysoušet	-	-	-	-	-	vysoušejí	vysoušej	vysoušejme	vysoušejte	-	-	vysoušeje	vysoušejíc	-
vyspat	vyspím	vyspíš	vyspí	vyspíme	vyspíte	vyspí	-	vyspěme	vyspěte	-	-	-	-
vyspět	vyspěji	vyspěješ	vyspěje	vyspějeme	vyspějete	-	vyspěj	vyspějme	vyspějte	-	vyspěn	-	-	-
vysrat	vyseru	vysereš	vysere	vysereme	vyserete	vyserou	vyser	vyserme	vyserte	-	-	-	-
vysrážet	-	-	-	-	-	vysrážejí	vysrážej	vysrážejme	vysrážejte	-	-	vysrážeje	vysrážejíc	-
vysršet	-	-	-	-	-	vysrší	vysrš	vysršme	vysršte	-	-	-	-	-
vystavět	-	-	-	-	-	-	vystav	vystavme	vystavte	-	vystavěn	-	-
vystačit	-	-	-	-	-	-	-	-	-	-	-	vystače	-	-
vystlat	vystelu	vysteleš	vystele	vysteleme	vystelete	vystelou	vystel	vystelme	vystelte	-	-	-	-	-
vystoupit	-	-	-	-	-	-	vystup	vystupme	vystupte	-	-	-	-
vystrašit	-	-	-	-	-	-	-	-	-	-	-	vystraše	-	-
vystražit	-	-	-	-	-	-	-	-	-	-	-	vystraže	-	-
vystrmět	-	-	-	-	-	vystrmí	vystrmi	vystrměme	vystrměte	-	vystrměn	-	-	-
vystrnadit	-	-	-	-	-	-	vystrnaď	vystrnaďme	vystrnaďte	-	vystrnaděn	-	-	-
vystrnout	-	-	-	-	-	-	vystrň	vystrňme	vystrňte	vystrnul	-	-	-	vystrnula
vystrojit	-	-	-	-	-	-	-	-	-	-	-	vystroje	-	-
vystroužit	-	-	-	-	-	-	vystrouži	vystroužeme	vystroužete	-	-	-	-	-
vystružit	-	-	-	-	-	-	-	-	-	-	-	vystruže	-	-
vystrájet	-	-	-	-	-	vystrájejí	vystrájej	vystrájejme	vystrájejte	-	-	vystrájeje	vystrájejíc	-
vystrčit	-	-	-	-	-	-	-	-	-	-	-	vystrče	-	-
vystudit	-	-	-	-	-	-	vystuď	vystuďme	vystuďte	-	vystuzen	-	-	-
vystájit	-	-	-	-	-	-	vystaj	vystajme	vystajte	-	-	-	-	-
vystát	vystojím	vystojíš	vystojí	vystojíme	vystojíte	vystojí	vystůj	vystůjme	vystůjte	-	vystán	-	-	-
vystínit	-	-	-	-	-	-	vystiň	vystiňme	vystiňte	-	vystíněn	-	-	-
vystředit	-	-	-	-	-	-	vystřeď	vystřeďme	vystřeďte	-	vystředěn	-	-	-
vystřelit	-	-	-	-	-	-	-	-	-	-	-	vystřele	-	-
vystřežit	-	-	-	-	-	-	-	-	-	-	-	vystřeže	-	-
vystříbřit	-	-	-	-	-	-	vystříbři	vystříbřeme	vystříbřete	-	-	-	-	-
vystříci	vystřehu	vystřežeš	vystřeže	vystřežeme	vystřežete	vystřehou	vystřez	vystřezme	vystřezte	vystřehl	vystřežen	-	-	vystřehla
vystřílet	-	-	-	-	-	vystřílejí	vystřílej	vystřílejme	vystřílejte	-	-	vystříleje	vystřílejíc	-
vystřít	vystru	vystřeš	vystře	vystřeme	vystřete	vystrou	vystři	vystřeme	vystřete	vystřel	vystřen	-	-	vystřela
vystřízlivět	-	-	-	-	-	-	vystřízlivěj	vystřízlivějme	vystřízlivějte	-	vystřízlivěn	vystřízlivěje	vystřízlivějíc	-
vysunout	-	-	-	-	-	-	vysuň	vysuňme	vysuňte	-	-	-	-
vysupět	-	-	-	-	-	vysupí	vysup	vysupme	vysupte	-	vysupěn	-	-	-
vysušit	-	-	-	-	-	-	-	-	-	-	-	vysuše	-	-
vysviňačit	-	-	-	-	-	-	-	-	-	-	-	vysviňače	-	-
vysvléci	vysvleku	vysvlečeš	vysvleče	vysvlečeme	vysvlečete	vysvlekou	vysvlec	vysvlecme	vysvlecte	vysvlekl	vysvlečen	-	-	vysvlekla
vysvobodit	-	-	-	-	-	-	vysvoboď	vysvoboďme	vysvoboďte	-	vysvobozen	-	-	-
vysvítit	-	-	-	-	-	-	vysviť	vysviťme	vysviťte	-	vysvícen	-	-	-
vysvědčit	-	-	-	-	-	-	-	-	-	-	-	vysvědče	-	-
vysvětit	-	-	-	-	-	-	vysvěť	vysvěťme	vysvěťte	-	vysvěcen	-	-	-
vysvětlit	-	-	-	-	-	-	vysvětli	vysvětleme	vysvětlete	-	-	-	-
vysyčet	-	-	-	-	-	vysyčí	vysyč	vysyčme	vysyčte	-	-	-	-	-
vysát	vysaji	vysaješ	vysaje	vysajeme	vysajete	vysají	vysaj	vysajme	vysajte	-	vysát	-	-
vysázet	-	-	-	-	-	vysázejí	vysázej	vysázejme	vysázejte	-	-	vysázeje	vysázejíc	-
vysíci	vyseku	vysečeš	vyseče	vysečeme	vysečete	vysečou	vysec	vysecme	vysecte	vysekl	vysečen	-	-	vysekla
vysídlit	-	-	-	-	-	-	vysídli	vysídleme	vysídlete	-	-	-	-	-
vysílit	-	-	-	-	-	-	vysil	vysilme	vysilte	-	-	-	-
vysít	vyseji	vyseješ	vyseje	vysejeme	vysejete	vysejou	vysej	vysejme	vysejte	vysel	vyset	-	-	vysela
vysířit	-	-	-	-	-	-	vysiř	vysiřme	vysiřte	-	-	-	-	-
vytanout	-	-	-	-	-	-	vytaň	vytaňme	vytaňte	-	-	-	-	-
vytančit	-	-	-	-	-	-	vytanči	vytančeme	vytančete	-	-	-	-	-
vytarasit	-	-	-	-	-	-	-	-	-	-	-	vytarase	-	-
vytasit	-	-	-	-	-	-	-	-	-	-	-	vytase	-	-
vytaškařit	-	-	-	-	-	-	-	-	-	-	-	vytaškaře	-	-
vytelit	-	-	-	-	-	-	-	-	-	-	-	vytele	-	-
vytenčit	-	-	-	-	-	-	vytenči	vytenčeme	vytenčete	-	-	-	-	-
vyteplit	-	-	-	-	-	-	vytepli	vytepleme	vyteplete	-	-	-	-	-
vytesknit	-	-	-	-	-	-	vyteskni	vyteskněme	vyteskněte	-	vyteskněn	-	-	-
vytlačit	-	-	-	-	-	-	-	-	-	-	-	vytlače	-	-
vytlouci	vytluču	vytlučeš	vytluče	vytlučeme	vytlučete	vytlučou	vytluč	vytlučme	vytlučte	vytloukl	vytlučen	-	-	vytloukla
vytlumit	-	-	-	-	-	-	vytlumi	vytluměme	vytluměte	-	-	-	-	-
vytlumočit	-	-	-	-	-	-	-	-	-	-	-	vytlumoče	-	-
vytláčet	-	-	-	-	-	vytláčejí	vytláčej	vytláčejme	vytláčejte	-	-	vytláčeje	vytláčejíc	-
vytlít	vytlím	vytlíš	vytlí	vytlíme	vytlíte	vytlejí	vytlej	vytlejme	vytlejte	-	vytlen	-	-	-
vytmelit	-	-	-	-	-	-	-	-	-	-	-	vytmele	-	-
vytnout	-	-	-	-	-	-	-	-	-	vytnul	-	-	-	vytnula
vytonout	-	-	-	-	-	-	vytoň	vytoňme	vytoňte	-	-	-	-	-
vytoužit	-	-	-	-	-	-	vytouži	vytoužeme	vytoužete	-	-	-	-	-
vytočit	-	-	-	-	-	-	-	-	-	-	-	vytoče	-	-
vytratit	-	-	-	-	-	-	vytrať	vytraťme	vytraťte	-	vytracen	-	-
vytrolit	-	-	-	-	-	-	-	-	-	-	-	vytrole	-	-
vytroubit	-	-	-	-	-	-	vytrub	vytrubme	vytrubte	-	-	-	-	-
vytrousit	-	-	-	-	-	-	vytrus	vytrusme	vytruste	-	vytroušen	-	-	-
vytrpět	-	-	-	-	-	vytrpí	vytrp	vytrpme	vytrpte	-	vytrpěn	-	-	-
vytrácet	-	-	-	-	-	vytrácejí	vytrácej	vytrácejme	vytrácejte	-	-	vytráceje	vytrácejíc	-
vytrápit	-	-	-	-	-	-	vytrap	vytrapme	vytrapte	-	-	-	-	-
vytrávit	-	-	-	-	-	-	vytrav	vytravme	vytravte	-	-	-	-	-
vytrčet	-	-	-	-	-	vytrčí	vytrč	vytrčme	vytrčte	-	-	-	-	-
vytrčit	-	-	-	-	-	-	-	-	-	-	-	vytrče	-	-
vytunit	-	-	-	-	-	-	vytuň	vytuňme	vytuňte	-	vytuněn	-	-	-
vytučnit	-	-	-	-	-	-	-	-	-	-	vytučněn	-	-	-
vytušit	-	-	-	-	-	-	-	-	-	-	-	vytuše	-	-
vytužit	-	-	-	-	-	-	-	-	-	-	-	vytuže	-	-
vytvořit	-	-	-	-	-	-	-	-	-	-	-	vytvoře	-	-
vytvrdit	-	-	-	-	-	-	vytvrď	vytvrďme	vytvrďte	-	vytvrzen	-	-	-
vytvářet	-	-	-	-	-	vytvářejí	vytvářej	vytvářejme	vytvářejte	-	-	vytvářeje	vytvářejíc
vytvářit	-	-	-	-	-	-	vytvař	vytvařme	vytvařte	-	-	-	-	-
vytyčit	-	-	-	-	-	-	-	-	-	-	-	vytyče	-	-
vytápět	-	-	-	-	-	-	vytápěj	vytápějme	vytápějte	-	vytápěn	vytápěje	vytápějíc	-
vytát	vytaji	vytaješ	vytaje	vytajeme	vytajete	vytajou	vytaj	vytajme	vytajte	-	-	-	-	-
vytáčet	-	-	-	-	-	vytáčejí	vytáčej	vytáčejme	vytáčejte	-	-	vytáčeje	vytáčejíc
vytéci	vyteču	vytečeš	vyteče	vytečeme	vytečete	vytekou	vyteč	vytečme	vytečte	vytekl	vytečen	-	-	vytekla
vytísnit	-	-	-	-	-	-	vytísni	vytísněme	vytísněte	-	vytísněn	-	-	-
vytížit	-	-	-	-	-	-	vytiž	vytižme	vytižte	-	-	-	-	-
vytýčit	-	-	-	-	-	-	-	-	-	-	-	vytýče	-	-
vytěsnit	-	-	-	-	-	-	vytěsni	vytěsněme	vytěsněte	-	vytěsněn	-	-	-
vytěšit	-	-	-	-	-	-	-	-	-	-	-	vytěše	-	-
vytěžit	-	-	-	-	-	-	-	-	-	-	-	vytěže	-	-
vytřeštit	-	-	-	-	-	-	vytřešti	vytřeštěme	vytřeštěte	-	vytřeštěn	-	-	-
vytřást	vytřesu	vytřeseš	vytřese	vytřeseme	vytřesete	vytřesou	vytřes	vytřesme	vytřeste	-	vytřesen	-	-
vytříbit	-	-	-	-	-	-	vytřib	vytřibme	vytřibte	-	-	-	-	-
vytřídit	-	-	-	-	-	-	vytřiď	vytřiďme	vytřiďte	-	vytříděn	-	-
vytříslit	-	-	-	-	-	-	vytřísli	vytřísleme	vytříslete	-	-	-	-	-
vytřít	vytřu	vytřeš	vytře	vytřeme	vytřete	vytřou	vytři	vytřeme	vytřete	vytřel	vytřen	-	-
vyudit	-	-	-	-	-	-	vyuď	vyuďme	vyuďte	-	vyuzen	-	-	-
vyuhlit	-	-	-	-	-	-	vyuhli	vyuhleme	vyuhlete	-	-	-	-	-
vyučit	-	-	-	-	-	-	-	-	-	-	-	vyuče	-	-
využít	využiji	využiješ	využije	využijeme	využijete	využijou	využij	využijme	využijte	využil	využit	-	-
vyvadit	-	-	-	-	-	-	vyvaď	vyvaďme	vyvaďte	-	vyvaděn	-	-	-
vyvalit	-	-	-	-	-	-	-	-	-	-	-	vyvale	-	-
vyvanout	-	-	-	-	-	-	vyvaň	vyvaňme	vyvaňte	-	-	-	-	-
vyvařit	-	-	-	-	-	-	-	-	-	-	-	vyvaře	-	-
vyvděčit	-	-	-	-	-	-	-	-	-	-	-	vyvděče	-	-
vyvejřit	-	-	-	-	-	-	vyvejři	vyvejřeme	vyvejřete	-	-	-	-	-
vyvenčit	-	-	-	-	-	-	vyvenči	vyvenčeme	vyvenčete	-	-	-	-	-
vyvinit	-	-	-	-	-	-	vyviň	vyviňme	vyviňte	-	vyviněn	-	-	-
vyvinout	-	-	-	-	-	-	vyviň	vyviňme	vyviňte	-	-	-	-
vyvlastnit	-	-	-	-	-	-	vyvlastni	vyvlastněme	vyvlastněte	-	vyvlastněn	-	-
vyvlnit	-	-	-	-	-	-	vyvlň	vyvlňme	vyvlňte	-	vyvlněn	-	-	-
vyvláčet	-	-	-	-	-	vyvláčejí	vyvláčej	vyvláčejme	vyvláčejte	-	-	vyvláčeje	vyvláčejíc	-
vyvléci	vyvleku	vyvlečeš	vyvleče	vyvlečeme	vyvlečete	vyvlekou	vyvlec	vyvlecme	vyvlecte	vyvlekl	vyvlečen	-	-	vyvlekla
vyvodit	-	-	-	-	-	-	vyvoď	vyvoďme	vyvoďte	-	vyvozen	-	-
vyvolit	-	-	-	-	-	-	-	-	-	-	-	vyvole	-	-
vyvolnit	-	-	-	-	-	-	vyvolni	vyvolněme	vyvolněte	-	vyvolněn	-	-	-
vyvonět	-	-	-	-	-	-	vyvoň	vyvoňme	vyvoňte	-	vyvoněn	-	-	-
vyvoslit	-	-	-	-	-	-	vyvosli	vyvosleme	vyvoslete	-	-	-	-	-
vyvozit	-	-	-	-	-	-	-	-	-	-	vyvožen	-	-	-
vyvracet	-	-	-	-	-	vyvracejí	vyvracej	vyvracejme	vyvracejte	-	-	vyvraceje	vyvracejíc	-
vyvraždit	-	-	-	-	-	-	vyvraždi	vyvražděme	vyvražděte	-	vyvražděn	-	-	-
vyvrcholit	-	-	-	-	-	-	-	-	-	-	-	vyvrchole	-	-
vyvrtět	-	-	-	-	-	vyvrtí	vyvrť	vyvrťme	vyvrťte	-	vyvrtěn	-	-	-
vyvrásnit	-	-	-	-	-	-	vyvrásni	vyvrásněme	vyvrásněte	-	vyvrásněn	-	-	-
vyvrátit	-	-	-	-	-	-	vyvrať	vyvraťme	vyvraťte	-	vyvrácen	-	-
vyvrčet	-	-	-	-	-	vyvrčí	vyvrč	vyvrčme	vyvrčte	-	-	-	-	-
vyvršit	-	-	-	-	-	-	-	-	-	-	-	vyvrše	-	-
vyvstat	vyvstanu	vyvstaneš	vyvstane	vyvstaneme	vyvstanete	vyvstanou	vyvstaň	vyvstaňme	vyvstaňte	-	-	-	-	-
vyvzdušnit	-	-	-	-	-	-	vyvzdušni	vyvzdušněme	vyvzdušněte	-	vyvzdušněn	-	-	-
vyvzpomenout	-	-	-	-	-	-	vyvzpomeň	vyvzpomeňme	vyvzpomeňte	-	-	-	-	-
vyvábit	-	-	-	-	-	-	vyvábi	vyváběme	vyváběte	-	-	-	-	-
vyvádět	-	-	-	-	-	-	vyváděj	vyvádějme	vyvádějte	-	vyváděn	vyváděje	vyvádějíc
vyválet	-	-	-	-	-	vyválejí	vyválej	vyválejme	vyválejte	-	-	vyváleje	vyválejíc	-
vyválčit	-	-	-	-	-	-	vyválči	vyválčeme	vyválčete	-	-	-	-	-
vyvánět	-	-	-	-	-	-	vyváněj	vyvánějme	vyvánějte	-	vyváněn	vyváněje	vyvánějíc	-
vyvápnit	-	-	-	-	-	-	vyvápni	vyvápněme	vyvápněte	-	vyvápněn	-	-	-
vyvát	vyvěji	vyvěješ	vyvěje	vyvějeme	vyvějete	vyvějou	vyvěj	vyvějme	vyvějte	-	vyvát	-	-	-
vyvázat	vyváži	vyvážeš	vyváže	vyvážeme	vyvážete	vyvážou	vyvaž	vyvažme	vyvažte	-	-	-	-	-
vyvářet	-	-	-	-	-	vyvářejí	vyvářej	vyvářejme	vyvářejte	-	-	vyvářeje	vyvářejíc	-
vyvážet	-	-	-	-	-	vyvážejí	vyvážej	vyvážejme	vyvážejte	-	-	vyvážeje	vyvážejíc	-
vyvážit	-	-	-	-	-	-	vyvaž	vyvažme	vyvažte	-	-	-	-
vyvést	vyvedu	vyvedeš	vyvede	vyvedeme	vyvedete	vyvedou	vyveď	vyveďme	vyveďte	vyvedl	vyveden	-	-	vyvedla
vyvézt	vyvezu	vyvezeš	vyveze	vyvezeme	vyvezete	vyvezou	vyvez	vyvezme	vyvezte	vyvezl	vyvezen	-	-
vyvíjet	-	-	-	-	-	vyvíjejí	vyvíjej	vyvíjejme	vyvíjejte	-	-	vyvíjeje	vyvíjejíc
vyvít	vyviji	vyviješ	vyvije	vyvijeme	vyvijete	vyvijou	vyvij	vyvijme	vyvijte	vyvil	vyvit	-	-	vyvila
vyvýšit	-	-	-	-	-	-	vyvyš	vyvyšme	vyvyšte	-	-	-	-	-
vyvěnit	-	-	-	-	-	-	vyvěň	vyvěňme	vyvěňte	-	vyvěněn	-	-	-
vyvěsit	-	-	-	-	-	-	-	-	-	-	vyvěšen	-	-	-
vyvětit	-	-	-	-	-	-	vyvěť	vyvěťme	vyvěťte	-	vyvětěn	-	-	-
vyvětvit	-	-	-	-	-	-	vyvětvi	vyvětvěme	vyvětvěte	-	-	-	-	-
vyvětřit	-	-	-	-	-	-	vyvětři	vyvětřeme	vyvětřete	-	-	-	-	-
vyvěřit	-	-	-	-	-	-	-	-	-	-	-	vyvěře	-	-
vyvěštit	-	-	-	-	-	-	vyvěšti	vyvěštěme	vyvěštěte	-	vyvěštěn	-	-	-
vyvěžit	-	-	-	-	-	-	-	-	-	-	-	vyvěže	-	-
vyvřeštět	-	-	-	-	-	vyvřeští	vyvřešti	vyvřeštěme	vyvřeštěte	-	vyvřeštěn	-	-	-
vyvřít	vyvřu	vyvřeš	vyvře	vyvřeme	vyvřete	vyvřou	vyvři	vyvřeme	vyvřete	vyvřel	vyvřen	-	-	vyvřela
vyzahálet	-	-	-	-	-	vyzahálejí	vyzahálej	vyzahálejme	vyzahálejte	-	-	vyzaháleje	vyzahálejíc	-
vyzaplatit	-	-	-	-	-	-	vyzaplať	vyzaplaťme	vyzaplaťte	-	vyzaplacen	-	-	-
vyzbrojit	-	-	-	-	-	-	-	-	-	-	-	vyzbroje	-	-
vyzbýt	vyzbudu	vyzbudeš	vyzbude	vyzbudem	vyzbudete	vyzbudou	vyzbuď	vyzbuďme	vyzbuďte	vyzbyl	vyzbyt	-	-	vyzbyla
vyzdravět	-	-	-	-	-	-	vyzdravěj	vyzdravějme	vyzdravějte	-	vyzdravěn	vyzdravěje	vyzdravějíc	-
vyzdít	vyzdím	vyzdíš	vyzdí	vyzdíme	vyzdíte	vyzdí	vyzdi	vyzděme	vyzděte	vyzdil	vyzděn	-	-	vyzdila
vyzjistit	-	-	-	-	-	-	vyzjisti	vyzjistěme	vyzjistěte	-	-	-	-	-
vyzkoušet	-	-	-	-	-	vyzkoušejí	vyzkoušej	vyzkoušejme	vyzkoušejte	-	-	vyzkoušeje	vyzkoušejíc	-
vyzkusit	-	-	-	-	-	-	-	-	-	-	vyzkušen	-	-	-
vyzlatit	-	-	-	-	-	-	vyzlať	vyzlaťme	vyzlaťte	-	vyzlacen	-	-	-
vyzměnit	-	-	-	-	-	-	vyzměň	vyzměňme	vyzměňte	-	vyzměněn	-	-	-
vyznačit	-	-	-	-	-	-	-	-	-	-	-	vyznače	-	-
vyznít	vyzním	vyzníš	vyzní	vyzníme	vyzníte	vyzní	vyzni	vyzněme	vyzněte	vyzněl	vyzněn	-	-	vyzněla
vyzout	vyzuji	vyzuješ	vyzuje	vyzujeme	vyzujete	vyzujou	vyzuj	vyzujme	vyzujte	vyzul	vyzut	-	-	vyzula
vyzpružit	-	-	-	-	-	-	-	-	-	-	-	vyzpruže	-	-
vyzradit	-	-	-	-	-	-	vyzraď	vyzraďme	vyzraďte	-	vyzrazen	-	-	-
vyzrnit	-	-	-	-	-	-	vyzrň	vyzrňme	vyzrňte	-	vyzrněn	-	-	-
vyzrušit	-	-	-	-	-	-	-	-	-	-	-	vyzruše	-	-
vyzrát	vyzraji	vyzraješ	vyzraje	vyzrajeme	vyzrajete	vyzrajou	vyzraj	vyzrajme	vyzrajte	-	-	-	-	-
vyzrázet	-	-	-	-	-	vyzrázejí	vyzrázej	vyzrázejme	vyzrázejte	-	-	vyzrázeje	vyzrázejíc	-
vyztužit	-	-	-	-	-	-	-	-	-	-	-	vyztuže	-	-
vyzuřit	-	-	-	-	-	-	-	-	-	-	-	vyzuře	-	-
vyzvat	vyzvu	vyzveš	vyzve	vyzveme	vyzvete	vyzvou	vyzvi	-	vyzvěte	-	-	-	-
vyzvonit	-	-	-	-	-	-	vyzvoň	vyzvoňme	vyzvoňte	-	vyzvoněn	-	-	-
vyzvracet	-	-	-	-	-	vyzvracejí	vyzvracej	vyzvracejme	vyzvracejte	-	-	vyzvraceje	vyzvracejíc	-
vyzvrátit	-	-	-	-	-	-	vyzvrať	vyzvraťme	vyzvraťte	-	vyzvrácen	-	-	-
vyzvučet	-	-	-	-	-	vyzvučí	vyzvuč	vyzvučme	vyzvučte	-	-	-	-	-
vyzvánět	-	-	-	-	-	-	vyzváněj	vyzvánějme	vyzvánějte	-	vyzváněn	vyzváněje	vyzvánějíc	-
vyzváňat	-	-	-	-	-	-	vyzváněj	vyzvánějme	vyzvánějte	-	-	-	-	-
vyzvědět	vyzvím	vyzvíš	vyzví	vyzvíme	vyzvíte	vyzvědí	vyzvěď	vyzvěďme	vyzvěďte	-	vyzvěděn	-	-	-
vyzápasit	-	-	-	-	-	-	-	-	-	-	-	vyzápase	-	-
vyzávodit	-	-	-	-	-	-	vyzávoď	vyzávoďme	vyzávoďte	-	vyzávoděn	-	-	-
vyzářit	-	-	-	-	-	-	vyzař	vyzařme	vyzařte	-	-	-	-	-
vyzřít	vyzřím	vyzříš	vyzří	vyzříme	vyzříte	vyzří	vyzři	vyzřeme	vyzřete	vyzřel	vyzřen	-	-	vyzřela
vyúpět	-	-	-	-	-	-	vyúpěj	vyúpějme	vyúpějte	-	vyúpěn	vyúpěje	vyúpějíc	-
vyústit	-	-	-	-	-	-	vyústi	vyústěme	vyústěte	-	vyústěn	-	-
vyčalounit	-	-	-	-	-	-	vyčalouni	vyčalouněme	vyčalouněte	-	vyčalouněn	-	-	-
vyčernit	-	-	-	-	-	-	vyčerň	vyčerňme	vyčerňte	-	vyčerněn	-	-	-
vyčeřit	-	-	-	-	-	-	-	-	-	-	-	vyčeře	-	-
vyčinit	-	-	-	-	-	-	vyčiň	vyčiňme	vyčiňte	-	vyčiněn	-	-
vyčistit	-	-	-	-	-	-	vyčisti	vyčistěme	vyčistěte	-	vyčistěn	-	-
vyčiřit	-	-	-	-	-	-	-	-	-	-	-	vyčiře	-	-
vyčišet	-	-	-	-	-	vyčiší	vyčiš	vyčišme	vyčište	-	-	-	-	-
vyčlenit	-	-	-	-	-	-	vyčleň	vyčleňme	vyčleňte	-	vyčleněn	-	-	-
vyčmoudit	-	-	-	-	-	-	vyčmoudi	vyčmouděme	vyčmouděte	-	vyčmouděn	-	-	-
vyčmudit	-	-	-	-	-	-	vyčmuď	vyčmuďme	vyčmuďte	-	vyčmuděn	-	-	-
vyčnět	-	-	-	-	-	-	vyčni	vyčněme	vyčněte	-	vyčněn	-	-	-
vyčoudit	-	-	-	-	-	-	vyčoudi	vyčouděme	vyčouděte	-	vyčouděn	-	-	-
vyčpět	-	-	-	-	-	vyčpí	vyčpi	vyčpěme	vyčpěte	-	vyčpěn	-	-	-
vyčudit	-	-	-	-	-	-	vyčuď	vyčuďme	vyčuďte	-	vyčuděn	-	-	-
vyčíslit	-	-	-	-	-	-	vyčísli	vyčísleme	vyčíslete	-	-	-	-
vyčíst	vyčtu	vyčteš	vyčte	vyčteme	vyčtete	vyčtou	vyčti	vyčtěme	vyčtěte	vyčetl	vyčten	-	-
vyřadit	-	-	-	-	-	-	vyřaď	vyřaďme	vyřaďte	-	vyřaděn	-	-	-
vyřehnit	-	-	-	-	-	-	-	-	-	-	vyřehněn	-	-	-
vyřezbařit	-	-	-	-	-	-	-	-	-	-	-	vyřezbaře	-	-
vyřečnit	-	-	-	-	-	-	vyřečni	vyřečněme	vyřečněte	-	vyřečněn	-	-	-
vyřešit	-	-	-	-	-	-	-	-	-	-	-	vyřeše	-	-
vyřinout	-	-	-	-	-	-	vyřiň	vyřiňme	vyřiňte	-	-	-	-	-
vyřvat	vyřvu	vyřveš	vyřve	vyřveme	vyřvete	vyřvou	vyřvi	vyřvěme	vyřvěte	-	-	-	-	-
vyřádit	-	-	-	-	-	-	vyřádi	vyřáděme	vyřáděte	-	vyřáděn	-	-	-
vyřídit	-	-	-	-	-	-	vyřiď	vyřiďme	vyřiďte	-	vyřízen	-	-
vyříjet	-	-	-	-	-	vyříjejí	vyříjej	vyříjejme	vyříjejte	-	-	vyříjeje	vyříjejíc	-
vyřítit	-	-	-	-	-	-	vyřiť	vyřiťme	vyřiťte	-	vyřícen	-	-	-
vyšantročit	-	-	-	-	-	-	-	-	-	-	-	vyšantroče	-	-
vyšatit	-	-	-	-	-	-	vyšať	vyšaťme	vyšaťte	-	vyšacen	-	-	-
vyšašit	-	-	-	-	-	-	-	-	-	-	-	vyšaše	-	-
vyšedit	-	-	-	-	-	-	vyšedi	vyšeděme	vyšeděte	-	vyšeděn	-	-	-
vyšejdit	-	-	-	-	-	-	vyšejdi	vyšejděme	vyšejděte	-	vyšejděn	-	-	-
vyšetřit	-	-	-	-	-	-	vyšetři	vyšetřeme	vyšetřete	-	-	-	-	-
vyšidit	-	-	-	-	-	-	vyšiď	vyšiďme	vyšiďte	-	vyšizen	-	-	-
vyšinout	-	-	-	-	-	-	vyšiň	vyšiňme	vyšiňte	-	-	-	-	-
vyškeřit	-	-	-	-	-	-	-	-	-	-	-	vyškeře	-	-
vyšklíbit	-	-	-	-	-	-	vyšklíbi	vyšklíběme	vyšklíběte	-	-	-	-	-
vyškolit	-	-	-	-	-	-	-	-	-	-	-	vyškole	-	-
vyškotit	-	-	-	-	-	-	vyškoť	vyškoťme	vyškoťte	-	vyškocen	-	-	-
vyškudlit	-	-	-	-	-	-	vyškudli	vyškudleme	vyškudlete	-	-	-	-	-
vyškvařit	-	-	-	-	-	-	-	-	-	-	-	vyškvaře	-	-
vyškvířit	-	-	-	-	-	-	-	-	-	-	-	vyškvíře	-	-
vyšlechtit	-	-	-	-	-	-	vyšlechti	vyšlechtěme	vyšlechtěte	-	vyšlechtěn	-	-	-
vyšmejdit	-	-	-	-	-	-	vyšmejdi	vyšmejděme	vyšmejděte	-	vyšmejděn	-	-	-
vyšmelinařit	-	-	-	-	-	-	-	-	-	-	-	vyšmelinaře	-	-
vyšmelit	-	-	-	-	-	-	-	-	-	-	-	vyšmele	-	-
vyšnořit	-	-	-	-	-	-	-	-	-	-	-	vyšnoře	-	-
vyšpendlit	-	-	-	-	-	-	vyšpendli	vyšpendleme	vyšpendlete	-	-	-	-	-
vyšpinit	-	-	-	-	-	-	vyšpiň	vyšpiňme	vyšpiňte	-	vyšpiněn	-	-	-
vyšpičatit	-	-	-	-	-	-	vyšpičať	vyšpičaťme	vyšpičaťte	-	vyšpičacen	-	-	-
vyšpoulit	-	-	-	-	-	-	vyšpouli	vyšpouleme	vyšpoulete	-	-	-	-	-
vyšprýmařit	-	-	-	-	-	-	-	-	-	-	-	vyšprýmaře	-	-
vyšpulit	-	-	-	-	-	-	-	-	-	-	-	vyšpule	-	-
vyšramotit	-	-	-	-	-	-	vyšramoť	vyšramoťme	vyšramoťte	-	vyšramocen	-	-	-
vyštvat	vyštvu	vyštveš	vyštve	vyštveme	vyštvete	vyštvou	vyštvi	vyštvěme	vyštvěte	-	-	-	-	-
vyštípit	-	-	-	-	-	-	vyštípi	vyštípěme	vyštípěte	-	-	-	-	-
vyštěrbit	-	-	-	-	-	-	vyštěrbi	vyštěrběme	vyštěrběte	-	-	-	-	-
vyšubelit	-	-	-	-	-	-	-	-	-	-	-	vyšubele	-	-
vyšulit	-	-	-	-	-	-	-	-	-	-	-	vyšule	-	-
vyšumařit	-	-	-	-	-	-	-	-	-	-	-	vyšumaře	-	-
vyšumět	-	-	-	-	-	-	vyšum	vyšumme	vyšumte	-	vyšuměn	-	-	-
vyšupajdit	-	-	-	-	-	-	vyšupajdi	vyšupajděme	vyšupajděte	-	vyšupajděn	-	-	-
vyšustit	-	-	-	-	-	-	vyšusti	vyšustěme	vyšustěte	-	-	-	-	-
vyšvadronit	-	-	-	-	-	-	vyšvadroň	vyšvadroňme	vyšvadroňte	-	vyšvadroněn	-	-	-
vyšveholit	-	-	-	-	-	-	-	-	-	-	-	vyšvehole	-	-
vyšvitořit	-	-	-	-	-	-	-	-	-	-	-	vyšvitoře	-	-
vyšálit	-	-	-	-	-	-	vyšáli	vyšáleme	vyšálete	-	-	-	-	-
vyšít	vyšiji	vyšiješ	vyšije	vyšijeme	vyšijete	vyšijou	vyšij	vyšijme	vyšijte	vyšil	vyšit	-	-
vyšňořit	-	-	-	-	-	-	-	-	-	-	-	vyšňoře	-	-
vyžadonit	-	-	-	-	-	-	vyžadoň	vyžadoňme	vyžadoňte	-	vyžadoněn	-	-	-
vyžebronit	-	-	-	-	-	-	vyžebroň	vyžebroňme	vyžebroňte	-	vyžebroněn	-	-	-
vyžehlit	-	-	-	-	-	-	vyžehli	vyžehleme	vyžehlete	-	-	-	-
vyželet	-	-	-	-	-	vyželí	vyžel	vyželme	vyželte	-	-	-	-	-
vyženit	-	-	-	-	-	-	vyžeň	vyžeňme	vyžeňte	-	vyženěn	-	-	-
vyžlutit	-	-	-	-	-	-	vyžluť	vyžluťme	vyžluťte	-	vyžlucen	-	-	-
vyžnout	-	-	-	-	-	-	-	-	-	vyžal	-	-	-	vyžala
vyžrat	vyžeru	vyžereš	vyžere	vyžereme	vyžerete	vyžerou	vyžer	vyžerme	vyžerte	-	-	-	-	-
vyžulit	-	-	-	-	-	-	-	-	-	-	-	vyžule	-	-
vyžvanit	-	-	-	-	-	-	vyžvaň	vyžvaňme	vyžvaňte	-	vyžvaněn	-	-	-
vyžít	vyžiji	vyžiješ	vyžije	vyžijeme	vyžijete	vyžijou	vyžij	vyžijme	vyžijte	vyžil	vyžit	-	-	vyžila
vyžíznit	-	-	-	-	-	-	vyžízni	vyžízněme	vyžízněte	-	vyžízněn	-	-	-
vyžďářit	-	-	-	-	-	-	vyžďáři	vyžďářeme	vyžďářete	-	-	-	-	-
vzbouzet	-	-	-	-	-	vzbouzejí	vzbouzej	vzbouzejme	vzbouzejte	-	-	vzbouzeje	vzbouzejíc	-
vzbouřit	-	-	-	-	-	-	vzbouři	vzbouřeme	vzbouřete	-	-	-	-	-
vzbočit	-	-	-	-	-	-	-	-	-	-	-	vzboče	-	-
vzbudit	-	-	-	-	-	-	vzbuď	vzbuďme	vzbuďte	-	vzbuzen	-	-
vzchodit	-	-	-	-	-	-	vzchoď	vzchoďme	vzchoďte	-	vzchozen	-	-	-
vzchytit	-	-	-	-	-	-	vzchyť	vzchyťme	vzchyťte	-	vzchycen	-	-	-
vzcházet	-	-	-	-	-	vzcházejí	vzcházej	vzcházejme	vzcházejte	-	-	vzcházeje	vzcházejíc	-
vzdmout	vzdmu	vzdmeš	vzdme	vzdmeme	vzdmete	vzdmou	vzdmi	vzdměme	vzdměte	vzdmul	vzdmut	-	-	vzdmula
vzdout	vzduji	vzduješ	vzduje	vzdujeme	vzdujete	vzdujou	vzduj	vzdujme	vzdujte	vzdul	vzdut	-	-
vzdušnit	-	-	-	-	-	-	vzdušni	vzdušněme	vzdušněte	-	vzdušněn	-	-	-
vzdušnět	-	-	-	-	-	-	vzdušněj	vzdušnějme	vzdušnějte	-	vzdušněn	vzdušněje	vzdušnějíc	-
vzdálit	-	-	-	-	-	-	vzdal	vzdalme	vzdalte	-	-	-	-	-
vzdát	vzdám	vzdáš	vzdá	vzdáme	vzdáte	vzdají	vzdej	vzdejme	vzdejte	vzdal	vzdán	-	-
vzebrat	vzeberu	vzebereš	vzebere	vzebereme	vzeberete	vzeberou	vzeber	vzeberme	vzeberte	-	-	-	-	-
vzedmout	vzedmu	vzedmeš	vzedme	vzedmeme	vzedmete	vzedmou	vzedmi	vzedměme	vzedměte	vzedmul	vzedmut	-	-
vzejít	vzejdu	vzejdeš	vzejde	vzejdeme	vzejdete	vzejdou	vzejdi	vzejděme	vzejděte	vzešel	-	-	-	vzešla
vzeplát	vzeplám	vzepláš	vzeplá	vzepláme	vzepláte	vzeplají	-	-	-	-	vzeplán	-	-	-
vzepnout	-	-	-	-	-	-	-	-	-	vzepjal	-	-	-	vzepjala
vzepřít	vzepřu	vzepřeš	vzepře	vzepřeme	vzepřete	vzepřou	vzepři	vzepřeme	vzepřete	vzepřel	vzepřen	-	-	vzepřela
vzestrmět	-	-	-	-	-	vzestrmí	vzestrm	vzestrmme	vzestrmte	-	vzestrměn	-	-	-
vzeznít	vzezním	vzezníš	vzezní	vzezníme	vzezníte	vzezní	vzezni	vzezněme	vzezněte	vzezněl	vzezněn	-	-	vzezněla
vzezvučet	-	-	-	-	-	vzezvučí	vzezvuč	vzezvučme	vzezvučte	-	-	-	-	-
vzezřít	vzezřu	vzezřeš	vzezře	vzezřeme	vzezřete	vzezřou	vzezři	vzezřeme	vzezřete	vzezřel	vzezřen	-	-	vzezřela
vzhlížet	-	-	-	-	-	vzhlížejí	vzhlížej	vzhlížejme	vzhlížejte	-	-	vzhlížeje	vzhlížejíc	-
vzklenout	-	-	-	-	-	-	vzkleň	vzkleňme	vzkleňte	-	-	-	-	-
vzklíčit	-	-	-	-	-	-	vzklič	vzkličme	vzkličte	-	-	-	-	-
vzkvasit	-	-	-	-	-	-	vzkvaš	vzkvašme	vzkvašte	-	vzkvašen	-	-	-
vzkvést	vzkvetu	vzkveteš	vzkvete	vzkveteme	vzkvetete	vzkvetou	vzkveť	vzkveťme	vzkveťte	vzkvetl	vzkveten	-	-	vzkvetla
vzkynout	-	-	-	-	-	-	vzkyň	vzkyňme	vzkyňte	-	-	-	-	-
vzkypět	-	-	-	-	-	vzkypí	vzkyp	vzkypme	vzkypte	-	vzkypěn	-	-	-
vzkypřit	-	-	-	-	-	-	vzkypři	vzkypřěme	vzkypřěte	-	-	-	-	-
vzkázat	vzkáži	vzkážeš	vzkáže	vzkážeme	vzkážete	vzkážou	vzkaž	vzkažme	vzkažte	-	-	-	-	-
vzkřísit	-	-	-	-	-	-	vzkřis	vzkřisme	vzkřiste	-	vzkříšen	-	-	-
vzletět	-	-	-	-	-	vzletí	vzleť	vzleťme	vzleťte	-	vzletěn	-	-	-
vzlítit	-	-	-	-	-	-	vzliť	vzliťme	vzliťte	-	vzlícen	-	-	-
vzmoci	vzmohu	vzmůžeš	vzmůže	vzmůžeme	vzmůžete	vzmohou	vzmoz	vzmozme	vzmozte	vzmohl	vzmožen	-	-	vzmohla
vzmocnit	-	-	-	-	-	-	vzmocni	vzmocněme	vzmocněte	-	vzmocněn	-	-	-
vzmužit	-	-	-	-	-	-	-	-	-	-	-	vzmuže	-	-
vznášet	-	-	-	-	-	vznášejí	vznášej	vznášejme	vznášejte	-	-	vznášeje	vznášejíc
vznést	vznesu	vzneseš	vznese	vzneseme	vznesete	vznesou	vznes	vznesme	vzneste	vznesl	vznesen	-	-
vznítit	-	-	-	-	-	-	-	-	-	-	vznícen	-	-
vzpažit	-	-	-	-	-	-	-	-	-	-	-	vzpaže	-	-
vzpeřit	-	-	-	-	-	-	-	-	-	-	-	vzpeře	-	-
vzplamenit	-	-	-	-	-	-	vzplameň	vzplameňme	vzplameňte	-	vzplameněn	-	-	-
vzplamenět	-	-	-	-	-	-	vzplameněj	vzplamenějme	vzplamenějte	-	vzplameněn	vzplameněje	vzplamenějíc	-
vzplanout	-	-	-	-	-	-	vzplaň	vzplaňme	vzplaňte	-	-	-	-	-
vzplynout	-	-	-	-	-	-	vzplyň	vzplyňme	vzplyňte	-	-	-	-	-
vzplát	vzplaji	vzplaješ	vzplaje	vzplajeme	vzplajete	vzplajou	vzplaň	vzplaňme	vzplaňte	-	vzplán	-	-	-
vzpomenout	-	-	-	-	-	-	vzpomeň	vzpomeňme	vzpomeňte	-	-	-	-
vzpouzet	-	-	-	-	-	vzpouzejí	vzpouzej	vzpouzejme	vzpouzejte	-	-	vzpouzeje	vzpouzejíc
vzpružit	-	-	-	-	-	-	-	-	-	-	-	vzpruže	-	-
vzpudit	-	-	-	-	-	-	vzpuď	vzpuďme	vzpuďte	-	vzpuzen	-	-	-
vzpurnět	-	-	-	-	-	-	vzpurněj	vzpurnějme	vzpurnějte	-	vzpurněn	vzpurněje	vzpurnějíc	-
vzpučet	-	-	-	-	-	vzpučí	vzpuč	vzpučme	vzpučte	-	-	-	-	-
vzpěnit	-	-	-	-	-	-	vzpěň	vzpěňme	vzpěňte	-	vzpěněn	-	-	-
vzpřažit	-	-	-	-	-	-	-	-	-	-	-	vzpřaže	-	-
vzpřímit	-	-	-	-	-	-	vzpřim	vzpřimme	vzpřimte	-	-	-	-	-
vzpříčit	-	-	-	-	-	-	vzpřič	vzpřičme	vzpřičte	-	-	-	-	-
vzrcadlit	-	-	-	-	-	-	vzrcadli	vzrcadleme	vzrcadlete	-	-	-	-	-
vzrojit	-	-	-	-	-	-	-	-	-	-	-	vzroje	-	-
vzrušit	-	-	-	-	-	-	-	-	-	-	-	vzruše	-	-
vzrýt	vzryji	vzryješ	vzryje	vzryjeme	vzryjete	vzryjou	vzryj	vzryjme	vzryjte	vzryl	vzryt	-	-	vzryla
vzrůst	vzrostu	vzrosteš	vzroste	vzrosteme	vzrostete	vzrostou	vzrosť	vzrosťme	vzrosťte	vzrostl	-	-	-
vzteklit	-	-	-	-	-	-	vztekli	vztekleme	vzteklete	-	-	-	-	-
vztyčit	-	-	-	-	-	-	-	-	-	-	-	vztyče	-	-
vztýčit	-	-	-	-	-	-	-	-	-	-	-	vztýče	-	-
vzácnět	-	-	-	-	-	-	vzácněj	vzácnějme	vzácnějte	-	vzácněn	vzácněje	vzácnějíc	-
vzít	vezmu	vezmeš	vezme	vezmeme	vezmete	vezmou	vezmi	vezměme	vezměte	vzal	vzat	-	-
vzúpět	-	-	-	-	-	-	vzúpěj	vzúpějme	vzúpějte	-	vzúpěn	vzúpěje	vzúpějíc	-
vzříjet	-	-	-	-	-	vzříjejí	vzříjej	vzříjejme	vzříjejte	-	-	vzříjeje	vzříjejíc	-
vzřít	vzřím	vzříš	vzří	vzříme	vzříte	vzří	vzři	vzřeme	vzřete	vzřel	vzřen	-	-	vzřela
vzšumět	-	-	-	-	-	-	vzšum	vzšumme	vzšumte	-	vzšuměn	-	-	-
vábit	-	-	-	-	-	-	vab	vabme	vabte	-	-	-	-
válet	-	-	-	-	-	válejí	válej	válejme	válejte	-	-	váleje	válejíc
válčit	-	-	-	-	-	-	válči	válčeme	válčete	-	-	válče	-
vápenatět	-	-	-	-	-	vápenatí	vápenať	vápenaťme	vápenaťte	-	vápenatěn	vápenatě	vápenatíc	-
vápeničit	-	-	-	-	-	-	-	-	-	-	-	vápeniče	-	-
vápenět	-	-	-	-	-	-	vápeněj	vápenějme	vápenějte	-	vápeněn	vápeněje	vápenějíc	-
vápnit	-	-	-	-	-	-	vápni	vápněme	vápněte	-	vápněn	-	-	-
vát	věji	věješ	věje	vějeme	vějete	vějou	věj	vějme	vějte	-	vát	věje	vějíc	-
vášnit	-	-	-	-	-	-	vášni	vášněme	vášněte	-	vášněn	-	-	-
vášnivět	-	-	-	-	-	-	vášnivěj	vášnivějme	vášnivějte	-	vášnivěn	vášnivěje	vášnivějíc	-
vážit	-	-	-	-	-	-	važ	važme	važte	-	-	váže	-
vážnět	-	-	-	-	-	-	vážněj	vážnějme	vážnějte	-	vážněn	vážněje	vážnějíc	-
vést	vedu	vedeš	vede	vedeme	vedete	vedou	veď	veďme	veďte	vedl	veden	veda	vedouc
vévodit	-	-	-	-	-	-	vévoď	vévoďme	vévoďte	-	vévoděn	-	-	-
vézt	vezu	vezeš	veze	vezeme	vezete	vezou	vez	vezme	vezte	vezl	vezen	veza	vezouc
víjet	-	-	-	-	-	víjejí	víjej	víjejme	víjejte	-	-	víjeje	víjejíc	-
vít	viji	viješ	vije	vijeme	vijete	vijou	vij	vijme	vijte	vil	vit	vije	vijíc
vítězit	-	-	-	-	-	-	-	-	-	-	-	vítěze	-
vířit	-	-	-	-	-	-	viř	viřme	viřte	-	-	víře	-
vústit	-	-	-	-	-	-	vústi	vústěme	vústěte	-	vústěn	-	-	-
východovatět	-	-	-	-	-	-	východovatěj	východovatějme	východovatějte	-	východovatěn	východovatěje	východovatějíc	-
výdělkařit	-	-	-	-	-	-	-	-	-	-	-	výdělkaře	-	-
výletit	-	-	-	-	-	-	výleť	výleťme	výleťte	-	-	-	-	-
výměničit	-	-	-	-	-	-	-	-	-	-	-	výměniče	-	-
výměnkařit	-	-	-	-	-	-	-	-	-	-	-	výměnkaře	-	-
výt	vyji	vyješ	vyje	vyjeme	vyjete	vyjou	vyj	vyjme	vyjte	vyl	vyt	vyje	vyjíc	-
výtvarničit	-	-	-	-	-	-	-	-	-	-	-	výtvarniče	-	-
vývodit	-	-	-	-	-	-	vývoď	vývoďme	vývoďte	-	vývoděn	-	-	-
výřit	-	-	-	-	-	-	výři	výřeme	výřete	-	-	výře	-	-
včelařit	-	-	-	-	-	-	-	-	-	-	-	včelaře	-	-
včlenit	-	-	-	-	-	-	včleň	včleňme	včleňte	-	včleněn	-	-	-
včíst	včtu	včteš	včte	včteme	včtete	včtou	včti	včtěme	včtěte	včetl	včten	-	-	včetla
vědařit	-	-	-	-	-	-	-	-	-	-	-	vědaře	-	-
vědět	vím	víš	ví	víme	víte	vědí	věz	vězme	vězte	-	věděn	věda	vědouc	-
věnčit	-	-	-	-	-	-	věnči	věnčeme	věnčete	-	-	věnče	-	-
věsit	-	-	-	-	-	-	-	-	-	-	věšen	věse	-	-
věstit	-	-	-	-	-	-	věsti	věstěme	věstěte	-	-	-	-
větit	-	-	-	-	-	-	věť	věťme	věťte	-	-	-	-
větroplašit	-	-	-	-	-	-	-	-	-	-	-	větroplaše	-	-
větvit	-	-	-	-	-	-	větvi	větvěme	větvěte	-	-	-	-
větřit	-	-	-	-	-	-	větři	větřeme	větřete	-	-	větře	-	-
většit	-	-	-	-	-	-	větši	většěme	většěte	-	-	-	-	-
vězet	-	-	-	-	-	vězí	věz	vězme	vězte	-	-	věze	vězíc	-
věznit	-	-	-	-	-	-	vězni	vězněme	vězněte	-	vězněn	-	-
věřit	-	-	-	-	-	-	-	-	-	-	-	věře	-
věšet	-	-	-	-	-	věší	-	-	-	-	-	-	-
věštit	-	-	-	-	-	-	věšti	věštěme	věštěte	-	věštěn	-	-
věžit	-	-	-	-	-	-	-	-	-	-	-	věže	-	-
vřadit	-	-	-	-	-	-	vřaď	vřaďme	vřaďte	-	vřaděn	-	-	-
vředovatět	-	-	-	-	-	-	vředovatěj	vředovatějme	vředovatějte	-	vředovatěn	vředovatěje	vředovatějíc	-
vřetězit	-	-	-	-	-	-	-	-	-	-	-	vřetěze	-	-
vřeštět	-	-	-	-	-	vřeští	vřešti	vřeštěme	vřeštěte	-	vřeštěn	vřeště	vřeštíc	-
vřinout	-	-	-	-	-	-	vřiň	vřiňme	vřiňte	-	-	-	-	-
vřít	vřu	vřeš	vře	vřeme	vřete	vřou	vři	vřeme	vřete	vřel	vřen	vře	vrouc	-
vřítit	-	-	-	-	-	-	vřiť	vřiťme	vřiťte	-	vřícen	-	-	-
všantročit	-	-	-	-	-	-	-	-	-	-	-	všantroče	-	-
všednět	-	-	-	-	-	všední	všedni	všedněme	všedněte	-	všedněn	všedně	všedníc	-
všemurozumět	-	-	-	-	-	-	všemurozuměj	všemurozumějme	všemurozumějte	-	všemurozuměn	všemurozuměje	všemurozumějíc	-
všinout	-	-	-	-	-	-	všiň	všiňme	všiňte	-	-	-	-	-
vštípit	-	-	-	-	-	-	vštip	vštipme	vštipte	-	-	-	-
všumět	-	-	-	-	-	-	všuměj	všumějme	všumějte	-	všuměn	všuměje	všumějíc	-
všustit	-	-	-	-	-	-	všusti	všustěme	všustěte	-	všustěn	-	-	-
všít	všiji	všiješ	všije	všijeme	všijete	všijou	všij	všijme	všijte	všil	všit	-	-	všila
vžehlit	-	-	-	-	-	-	vžehli	vžehleme	vžehlete	-	-	-	-	-
vženit	-	-	-	-	-	-	vžeň	vžeňme	vžeňte	-	vženěn	-	-	-
vžít	vžiji	vžiješ	vžije	vžijeme	vžijete	vžijou	vžij	vžijme	vžijte	vžil	vžit	-	-	vžila
zababušit	-	-	-	-	-	-	-	-	-	-	-	zababuše	-	-
zababčit	-	-	-	-	-	-	zababči	zababčeme	zababčete	-	-	-	-	-
zabafčit	-	-	-	-	-	-	zabafči	zabafčeme	zabafčete	-	-	-	-	-
zabahnit	-	-	-	-	-	-	zabahni	zabahněme	zabahněte	-	zabahněn	-	-	-
zabahnět	-	-	-	-	-	-	zabahněj	zabahnějme	zabahnějte	-	zabahněn	zabahněje	zabahnějíc	-
zabaletit	-	-	-	-	-	-	zabaleť	zabaleťme	zabaleťte	-	zabaletěn	-	-	-
zabalit	-	-	-	-	-	-	-	-	-	-	-	zabale	-	-
zabaranit	-	-	-	-	-	-	zabaraň	zabaraňme	zabaraňte	-	zabaraněn	-	-	-
zabarvit	-	-	-	-	-	-	zabarvi	zabarvěme	zabarvěte	-	-	-	-	-
zabasamtit	-	-	-	-	-	-	zabasamti	zabasamtěme	zabasamtěte	-	zabasamtěn	-	-	-
zabasantit	-	-	-	-	-	-	zabasanti	zabasantěme	zabasantěte	-	zabasantěn	-	-	-
zabasaremtetit	-	-	-	-	-	-	zabasaremteť	zabasaremteťme	zabasaremteťte	-	zabasaremtetěn	-	-	-
zabatolit	-	-	-	-	-	-	-	-	-	-	-	zabatole	-	-
zabažit	-	-	-	-	-	-	-	-	-	-	-	zabaže	-	-
zabednit	-	-	-	-	-	-	zabedni	zabedněme	zabedněte	-	zabedněn	-	-	-
zabejčit	-	-	-	-	-	-	zabejči	zabejčeme	zabejčete	-	-	-	-	-
zabendit	-	-	-	-	-	-	zabendi	zabenděme	zabenděte	-	zabenděn	-	-	-
zaberanit	-	-	-	-	-	-	zaberaň	zaberaňme	zaberaňte	-	zaberaněn	-	-	-
zabezpečit	-	-	-	-	-	-	-	-	-	-	-	zabezpeče	-	-
zabečet	-	-	-	-	-	zabečí	zabeč	zabečme	zabečte	-	-	-	-	-
zablahořečit	-	-	-	-	-	-	-	-	-	-	-	zablahořeče	-	-
zablažit	-	-	-	-	-	-	-	-	-	-	-	zablaže	-	-
zablešit	-	-	-	-	-	-	-	-	-	-	-	zableše	-	-
zabloudit	-	-	-	-	-	-	zabloudi	zablouděme	zablouděte	-	zablouděn	-	-	-
zablouznit	-	-	-	-	-	-	zablouzni	zablouzněme	zablouzněte	-	zablouzněn	-	-	-
zablyštět	-	-	-	-	-	zablyští	zablyšti	zablyštěme	zablyštěte	-	zablyštěn	-	-	-
zablábolit	-	-	-	-	-	-	-	-	-	-	-	zablábole	-	-
zablátit	-	-	-	-	-	-	zablať	zablaťme	zablaťte	-	zablácen	-	-	-
zabláznit	-	-	-	-	-	-	zablázni	zablázněme	zablázněte	-	zablázněn	-	-	-
zablýštět	-	-	-	-	-	-	zablýšti	zablýštěme	zablýštěte	-	zablýštěn	-	-	-
zabolet	-	-	-	-	-	zabolí	zabol	zabolme	zabolte	-	-	-	-	-
zabordelit	-	-	-	-	-	-	-	-	-	-	-	zabordele	-	-
zaboudit	-	-	-	-	-	-	zaboudi	zabouděme	zabouděte	-	zabouděn	-	-	-
zabouřit	-	-	-	-	-	-	zabouři	zabouřeme	zabouřete	-	-	-	-	-
zabočit	-	-	-	-	-	-	-	-	-	-	-	zaboče	-	-
zabořit	-	-	-	-	-	-	-	-	-	-	-	zaboře	-	-
zabrat	zaberu	zabereš	zabere	zabereme	zaberete	zaberou	zaber	zaberme	zaberte	-	-	-	-	-
zabrebentit	-	-	-	-	-	-	zabrebenti	zabrebentěme	zabrebentěte	-	zabrebentěn	-	-	-
zabrejlit	-	-	-	-	-	-	zabrejli	zabrejleme	zabrejlete	-	-	-	-	-
zabrečet	-	-	-	-	-	zabrečí	zabreč	zabrečme	zabrečte	-	-	-	-	-
zabrigádničit	-	-	-	-	-	-	-	-	-	-	-	zabrigádniče	-	-
zabrnět	-	-	-	-	-	zabrní	zabrň	zabrňme	zabrňte	-	zabrněn	-	-	-
zabrousit	-	-	-	-	-	-	zabrus	zabrusme	zabruste	-	zabroušen	-	-	-
zabruslit	-	-	-	-	-	-	zabrusli	zabrusleme	zabruslete	-	-	-	-	-
zabručet	-	-	-	-	-	zabručí	zabruč	zabručme	zabručte	-	-	-	-	-
zabrzdit	-	-	-	-	-	-	zabrzdi	zabrzděme	zabrzděte	-	zabrzděn	-	-	-
zabránit	-	-	-	-	-	-	zabraň	zabraňme	zabraňte	-	zabráněn	-	-
zabrázdit	-	-	-	-	-	-	zabrázdi	zabrázděme	zabrázděte	-	zabrázděn	-	-	-
zabsolutnit	-	-	-	-	-	-	zabsolutni	zabsolutněme	zabsolutněte	-	zabsolutněn	-	-	-
zabsolutnět	-	-	-	-	-	-	zabsolutněj	zabsolutnějme	zabsolutnějte	-	zabsolutněn	zabsolutněje	zabsolutnějíc	-
zabstraktnit	-	-	-	-	-	-	zabstraktni	zabstraktněme	zabstraktněte	-	zabstraktněn	-	-	-
zabstraktnět	-	-	-	-	-	-	zabstraktněj	zabstraktnějme	zabstraktnějte	-	zabstraktněn	zabstraktněje	zabstraktnějíc	-
zabsurdnit	-	-	-	-	-	-	-	-	-	-	zabsurdněn	-	-	-
zabubačit	-	-	-	-	-	-	-	-	-	-	-	zabubače	-	-
zabulit	-	-	-	-	-	-	-	-	-	-	-	zabule	-	-
zaburácet	-	-	-	-	-	zaburácejí	zaburácej	zaburácejme	zaburácejte	-	-	zaburáceje	zaburácejíc	-
zabučet	-	-	-	-	-	zabučí	zabuč	zabučme	zabučte	-	-	-	-	-
zabuřenět	-	-	-	-	-	-	zabuřeněj	zabuřenějme	zabuřenějte	-	zabuřeněn	zabuřeněje	zabuřenějíc	-
zabušit	-	-	-	-	-	-	-	-	-	-	-	zabuše	-	-
zabydlet	-	-	-	-	-	zabydlí	zabydli	zabydleme	zabydlete	-	-	-	-	-
zabzdít	zabzdím	zabzdíš	zabzdí	zabzdíme	zabzdíte	zabzdí	zabzdi	zabzděme	zabzděte	-	zabzděn	-	-
zabzučet	-	-	-	-	-	zabzučí	zabzuč	zabzučme	zabzučte	-	-	-	-	-
zabánit	-	-	-	-	-	-	zabáni	zabáněme	zabáněte	-	zabáněn	-	-	-
zabásnit	-	-	-	-	-	-	zabásni	zabásněme	zabásněte	-	zabásněn	-	-	-
zabát	zabojím	zabojíš	zabojí	zabojíme	zabojíte	zabojí	zaboj	zabojme	zabojte	-	-	-	-	-
zabáňat	-	-	-	-	-	-	zabáněj	zabánějme	zabánějte	-	-	-	-	-
zabíjet	-	-	-	-	-	zabíjejí	zabíjej	zabíjejme	zabíjejte	-	-	zabíjeje	zabíjejíc
zabílit	-	-	-	-	-	-	zabil	zabilme	zabilte	-	-	-	-	-
zabít	zabiji	zabiješ	zabije	zabijeme	zabijete	zabijou	zabij	zabijme	zabijte	zabil	zabit	-	-
zabýt	zabudu	zabudeš	zabude	zabudeme	zabudete	zabudou	zabuď	zabuďme	zabuďte	zabyl	zabyt	-	-
zabělet	-	-	-	-	-	zabělejí	zabělej	zabělejme	zabělejte	-	-	zaběleje	zabělejíc	-
zabělit	-	-	-	-	-	-	-	-	-	-	-	zaběle	-	-
zaběsnit	-	-	-	-	-	-	zaběsni	zaběsněme	zaběsněte	-	zaběsněn	-	-	-
zabřinčet	-	-	-	-	-	zabřinčí	zabřinči	zabřinčeme	zabřinčete	-	-	-	-	-
zacedit	-	-	-	-	-	-	zaceď	zaceďme	zaceďte	-	zacezen	-	-	-
zacelit	-	-	-	-	-	-	-	-	-	-	-	zacele	-	-
zacenit	-	-	-	-	-	-	zaceň	zaceňme	zaceňte	-	zaceněn	-	-	-
zachladit	-	-	-	-	-	-	zachlaď	zachlaďme	zachlaďte	-	zachlazen	-	-	-
zachlácholit	-	-	-	-	-	-	-	-	-	-	-	zachláchole	-	-
zachmouřit	-	-	-	-	-	-	zachmouři	zachmouřeme	zachmouřete	-	zachmouř	-	-	-
zachmuřit	-	-	-	-	-	-	-	-	-	-	-	zachmuře	-	-
zachmýřit	-	-	-	-	-	-	zachmýři	zachmýřeme	zachmýřete	-	-	-	-	-
zachodit	-	-	-	-	-	-	zachoď	zachoďme	zachoďte	-	zachozen	-	-	-
zachoulit	-	-	-	-	-	-	zachouli	zachouleme	zachoulete	-	-	-	-	-
zachovat	zachovám	zachováš	zachová	zachováme	zachováte	zachovají	zachovej	zachovejme	zachovejte	-	zachován	-	-
zachořet	-	-	-	-	-	zachořejí	zachoř	zachořme	zachořte	-	-	-	-	-
zachramostit	-	-	-	-	-	-	zachramosti	zachramostěme	zachramostěte	-	zachramostěn	-	-	-
zachraptět	-	-	-	-	-	zachraptí	zachrapti	zachraptěme	zachraptěte	-	zachraptěn	-	-	-
zachrastit	-	-	-	-	-	-	zachrasti	zachrastěme	zachrastěte	-	zachrastěn	-	-	-
zachrnět	-	-	-	-	-	zachrní	zachrň	zachrňme	zachrňte	-	zachrněn	-	-	-
zachroptit	-	-	-	-	-	-	-	-	-	-	zachroptěn	-	-	-
zachroptět	-	-	-	-	-	-	zachropti	zachroptěme	zachroptěte	-	zachroptěn	-	-	-
zachrout	zachruji	zachruješ	zachruje	zachrujeme	zachrujete	zachrujou	zachruj	zachrujme	zachrujte	zachrul	zachrut	-	-	zachrula
zachrunět	-	-	-	-	-	zachruní	zachruň	zachruňme	zachruňte	-	zachruněn	-	-	-
zachrustět	-	-	-	-	-	zachrustí	zachrusti	zachrustěme	zachrustěte	-	zachrustěn	-	-	-
zachránit	-	-	-	-	-	-	zachraň	zachraňme	zachraňte	-	zachráněn	-	-
zachrápat	zachrápu	zachrápeš	zachrápe	zachrápeme	zachrápete	zachrápou	-	-	-	-	-	-	-	-
zachrčet	-	-	-	-	-	zachrčí	zachrč	zachrčme	zachrčte	-	-	-	-	-
zachtít	zachci	zachceš	zachce	zachceme	zachcete	-	zachtěj	zachtějme	zachtějte	zachtěl	zachtěn	-	-	-
zachumelit	-	-	-	-	-	-	-	-	-	-	-	zachumele	-	-
zachuravět	-	-	-	-	-	-	zachuravěj	zachuravějme	zachuravějte	-	zachuravěn	zachuravěje	zachuravějíc	-
zachvácet	-	-	-	-	-	zachvácejí	zachvácej	zachvácejme	zachvácejte	-	-	zachváceje	zachvácejíc	-
zachvátit	-	-	-	-	-	-	zachvať	zachvaťme	zachvaťte	-	zachvácen	-	-	-
zachvět	-	-	-	-	-	-	zachvěj	zachvějme	zachvějte	-	-	-	-	-
zachytit	-	-	-	-	-	-	zachyť	zachyťme	zachyťte	-	zachycen	-	-
zachytračit	-	-	-	-	-	-	-	-	-	-	-	zachytrače	-	-
zacházet	-	-	-	-	-	zacházejí	zacházej	zacházejme	zacházejte	-	-	zacházeje	zacházejíc
zachřestit	-	-	-	-	-	-	zachřesti	zachřestěme	zachřestěte	-	zachřestěn	-	-	-
zacigánit	-	-	-	-	-	-	zacigáň	zacigáňme	zacigáňte	-	zacigáněn	-	-	-
zacikánit	-	-	-	-	-	-	zacikáni	zacikáněme	zacikáněte	-	zacikáněn	-	-	-
zacivět	-	-	-	-	-	-	zaciv	zacivme	zacivte	-	zacivěn	-	-	-
zaclonit	-	-	-	-	-	-	zacloň	zacloňme	zacloňte	-	zacloněn	-	-	-
zaclánět	-	-	-	-	-	-	zacláněj	zaclánějme	zaclánějte	-	zacláněn	zacláněje	zaclánějíc	-
zacmudit	-	-	-	-	-	-	zacmuď	zacmuďme	zacmuďte	-	zacmuděn	-	-	-
zacpat	zacpu	zacpeš	zacpe	zacpeme	zacpete	zacpou	zacpi	zacpěme	zacpěte	-	-	-	-	-
zacrnčet	-	-	-	-	-	zacrnčí	zacrnči	zacrnčeme	zacrnčete	-	-	-	-	-
zacrčet	-	-	-	-	-	zacrčí	zacrč	zacrčme	zacrčte	-	-	-	-	-
zaculit	-	-	-	-	-	-	-	-	-	-	-	zacule	-	-
zacvičit	-	-	-	-	-	-	-	-	-	-	-	zacviče	-	-
zacvrnčet	-	-	-	-	-	zacvrnčí	zacvrnči	zacvrnčeme	zacvrnčete	-	-	-	-	-
zacvrčet	-	-	-	-	-	zacvrčí	zacvrč	zacvrčme	zacvrčte	-	-	-	-	-
zacyklit	-	-	-	-	-	-	zacykli	zacykleme	zacyklete	-	-	-	-	-
zacílit	-	-	-	-	-	-	zacil	zacilme	zacilte	-	-	-	-	-
zacítit	-	-	-	-	-	-	zaciť	zaciťme	zaciťte	-	zacítěn	-	-	-
zadarebačit	-	-	-	-	-	-	-	-	-	-	-	zadarebače	-	-
zadařit	-	-	-	-	-	-	-	-	-	-	-	zadaře	-	-
zademokratit	-	-	-	-	-	-	zademokrať	zademokraťme	zademokraťte	-	zademokracen	-	-	-
zadeštit	-	-	-	-	-	-	zadešti	zadeštěme	zadeštěte	-	zadeštěn	-	-	-
zadivočet	-	-	-	-	-	zadivočí	zadivoč	zadivočme	zadivočte	-	-	-	-	-
zadlužit	-	-	-	-	-	-	-	-	-	-	-	zadluže	-	-
zadláždit	-	-	-	-	-	-	zadláždi	zadlážděme	zadlážděte	-	zadlážděn	-	-	-
zadlít	zadlím	zadlíš	zadlí	zadlíme	zadlíte	zadlejí	zadli	zadleme	zadlete	zadlel	zadlen	-	-	zadlela
zadmout	zadmu	zadmeš	zadme	zadmeme	zadmete	zadmou	zadmi	zadměme	zadměte	zadmul	zadmut	-	-	zadmula
zadostiučinit	-	-	-	-	-	-	zadostiučiň	zadostiučiňme	zadostiučiňte	-	zadostiučiněn	-	-	-
zadostičinit	-	-	-	-	-	-	zadostičiň	zadostičiňme	zadostičiňte	-	zadostičiněn	-	-	-
zadostučinit	-	-	-	-	-	-	zadostučiň	zadostučiňme	zadostučiňte	-	zadostučiněn	-	-	-
zadostčinit	-	-	-	-	-	-	zadostčiň	zadostčiňme	zadostčiňte	-	zadostčiněn	-	-	-
zadout	zaduji	zaduješ	zaduje	zadujeme	zadujete	zadujou	zaduj	zadujme	zadujte	zadul	zadut	-	-	zadula
zadovádět	-	-	-	-	-	-	zadováděj	zadovádějme	zadovádějte	-	zadováděn	zadováděje	zadovádějíc	-
zadrat	zaderu	zadereš	zadere	zadereme	zaderete	zaderou	zader	zaderme	zaderte	-	-	-	-	-
zadrdolit	-	-	-	-	-	-	-	-	-	-	-	zadrdole	-	-
zadrmolit	-	-	-	-	-	-	-	-	-	-	-	zadrmole	-	-
zadrnit	-	-	-	-	-	-	zadrň	zadrňme	zadrňte	-	zadrněn	-	-	-
zadrnčet	-	-	-	-	-	zadrnčí	zadrnči	zadrnčeme	zadrnčete	-	-	-	-	-
zadrtit	-	-	-	-	-	-	zadrť	zadrťme	zadrťte	-	zadrcen	-	-	-
zadružit	-	-	-	-	-	-	-	-	-	-	-	zadruže	-	-
zadrčet	-	-	-	-	-	zadrčí	zadrč	zadrčme	zadrčte	-	-	-	-	-
zadržet	-	-	-	-	-	zadrží	zadrž	zadržme	zadržte	-	-	-	-	-
zadunět	-	-	-	-	-	-	zaduň	zaduňme	zaduňte	-	zaduněn	-	-	-
zadurdit	-	-	-	-	-	-	zadurdi	zadurděme	zadurděte	-	zadurděn	-	-	-
zadusit	-	-	-	-	-	-	-	-	-	-	zadušen	-	-	-
zadušit	-	-	-	-	-	-	-	-	-	-	-	zaduše	-	-
zadychtit	-	-	-	-	-	-	zadychti	zadychtěme	zadychtěte	-	zadychtěn	-	-	-
zadálit	-	-	-	-	-	-	zadal	zadalme	zadalte	-	-	-	-	-
zadávit	-	-	-	-	-	-	zadav	zadavme	zadavte	-	-	-	-	-
zadýmit	-	-	-	-	-	-	zadými	zadýměme	zadýměte	-	-	-	-	-
zadědit	-	-	-	-	-	-	zaděď	zaděďme	zaděďte	-	zaděděn	-	-	-
zaděsit	-	-	-	-	-	-	-	-	-	-	zaděšen	-	-	-
zadřít	zadřu	zadřeš	zadře	zadřeme	zadřete	zadřou	zadři	zadřeme	zadřete	zadřel	zadřen	-	-	zadřela
zafajfčit	-	-	-	-	-	-	zafajfči	zafajfčeme	zafajfčete	-	-	-	-	-
zafajčit	-	-	-	-	-	-	zafajči	zafajčeme	zafajčete	-	-	-	-	-
zafajřit	-	-	-	-	-	-	zafajři	zafajřeme	zafajřete	-	-	-	-	-
zafandit	-	-	-	-	-	-	zafandi	zafanděme	zafanděte	-	zafanděn	-	-	-
zafialovět	-	-	-	-	-	-	zafialověj	zafialovějme	zafialovějte	-	zafialověn	zafialověje	zafialovějíc	-
zafičet	-	-	-	-	-	zafičí	zafič	zafičme	zafičte	-	-	-	-	-
zaforotit	-	-	-	-	-	-	zaforoť	zaforoťme	zaforoťte	-	zaforocen	-	-	-
zafotit	-	-	-	-	-	-	zafoť	zafoťme	zafoťte	-	zafocen	-	-	-
zafounět	-	-	-	-	-	zafouní	zafouni	zafouněme	zafouněte	-	zafouněn	-	-	-
zafrajeřit	-	-	-	-	-	-	-	-	-	-	-	zafrajeře	-	-
zafrnčet	-	-	-	-	-	zafrnčí	zafrnči	zafrnčeme	zafrnčete	-	-	-	-	-
zafrnět	-	-	-	-	-	zafrní	zafrň	zafrňme	zafrňte	-	zafrněn	-	-	-
zafrčet	-	-	-	-	-	zafrčí	zafrč	zafrčme	zafrčte	-	-	-	-	-
zafunkcionařit	-	-	-	-	-	-	-	-	-	-	-	zafunkcionaře	-	-
zafunět	-	-	-	-	-	zafuní	zafuň	zafuňme	zafuňte	-	zafuněn	-	-	-
zafuriantit	-	-	-	-	-	-	zafurianti	zafuriantěme	zafuriantěte	-	zafuriantěn	-	-	-
zafučet	-	-	-	-	-	zafučí	zafuč	zafučme	zafučte	-	-	-	-	-
zahalasit	-	-	-	-	-	-	-	-	-	-	-	zahalase	-	-
zahalit	-	-	-	-	-	-	-	-	-	-	-	zahale	-	-
zahanbit	-	-	-	-	-	-	zahanbi	zahanběme	zahanběte	-	-	-	-
zaharašit	-	-	-	-	-	-	-	-	-	-	-	zaharaše	-	-
zahartusit	-	-	-	-	-	-	-	-	-	-	-	zahartuse	-	-
zahasit	-	-	-	-	-	-	-	-	-	-	zahašen	-	-	-
zahatit	-	-	-	-	-	-	zahať	zahaťme	zahaťte	-	zahacen	-	-	-
zahejřit	-	-	-	-	-	-	zahejři	zahejřeme	zahejřete	-	-	-	-	-
zahemžit	-	-	-	-	-	-	zahemži	zahemžeme	zahemžete	-	-	-	-	-
zahihnit	-	-	-	-	-	-	zahihni	zahihněme	zahihněte	-	zahihněn	-	-	-
zahihňat	-	-	-	-	-	-	zahihněj	zahihnějme	zahihnějte	-	-	-	-	-
zahladit	-	-	-	-	-	-	zahlaď	zahlaďme	zahlaďte	-	zahlazen	-	-
zahladovět	-	-	-	-	-	-	zahladověj	zahladovějme	zahladovějte	-	zahladověn	zahladověje	zahladovějíc	-
zahlaholit	-	-	-	-	-	-	-	-	-	-	-	zahlahole	-	-
zahledět	-	-	-	-	-	zahledí	zahleď	zahleďme	zahleďte	-	zahleděn	-	-	-
zahlenit	-	-	-	-	-	-	zahleň	zahleňme	zahleňte	-	zahleněn	-	-	-
zahlinit	-	-	-	-	-	-	zahliň	zahliňme	zahliňte	-	zahliněn	-	-	-
zahlomozit	-	-	-	-	-	-	-	-	-	-	-	zahlomoze	-	-
zahloubit	-	-	-	-	-	-	zahloubi	zahlouběme	zahlouběte	-	-	-	-	-
zahložit	-	-	-	-	-	-	-	-	-	-	-	zahlože	-	-
zahltit	-	-	-	-	-	-	zahlť	zahlťme	zahlťte	-	zahlcen	-	-	-
zahlučet	-	-	-	-	-	zahlučí	zahluč	zahlučme	zahlučte	-	-	-	-	-
zahlušit	-	-	-	-	-	-	-	-	-	-	-	zahluše	-	-
zahlásit	-	-	-	-	-	-	zahlas	zahlasme	zahlaste	-	zahlášen	-	-	-
zahlížet	-	-	-	-	-	zahlížejí	zahlížej	zahlížejme	zahlížejte	-	-	zahlížeje	zahlížejíc	-
zahmouřit	-	-	-	-	-	-	zahmouři	zahmouřeme	zahmouřete	-	-	-	-	-
zahnat	zaženu	zaženeš	zažene	zaženeme	zaženete	zaženou	zažeň	zažeňme	zažeňte	-	-	-	-
zahnojit	-	-	-	-	-	-	-	-	-	-	-	zahnoje	-	-
zahnout	-	-	-	-	-	-	-	-	-	zahnul	-	-	-
zahníst	zahnětu	zahněteš	zahněte	zahněteme	zahnětete	zahnětou	zahněť	zahněťme	zahněťte	zahnětl	zahněten	-	-	zahnětla
zahnít	zahniji	zahniješ	zahnije	zahnijeme	zahnijete	zahnijou	zahnij	zahnijme	zahnijte	zahnil	zahnit	-	-	zahnila
zahnízdit	-	-	-	-	-	-	zahnízdi	zahnízděme	zahnízděte	-	zahnízděn	-	-	-
zahodit	-	-	-	-	-	-	zahoď	zahoďme	zahoďte	-	zahozen	-	-
zahojit	-	-	-	-	-	-	-	-	-	-	-	zahoje	-	-
zaholit	-	-	-	-	-	-	-	-	-	-	-	zahole	-	-
zahonit	-	-	-	-	-	-	zahoň	zahoňme	zahoňte	-	zahoněn	-	-	-
zahonosit	-	-	-	-	-	-	-	-	-	-	-	zahonose	-	-
zahorlit	-	-	-	-	-	-	zahorli	zahorleme	zahorlete	-	-	-	-	-
zahospodařit	-	-	-	-	-	-	-	-	-	-	-	zahospodaře	-	-
zahoubařit	-	-	-	-	-	-	-	-	-	-	-	zahoubaře	-	-
zahoulet	-	-	-	-	-	zahoulejí	zahoulej	zahoulejme	zahoulejte	-	-	zahouleje	zahoulejíc	-
zahovořit	-	-	-	-	-	-	-	-	-	-	-	zahovoře	-	-
zahořet	-	-	-	-	-	zahoří	zahoř	zahořme	zahořte	-	-	-	-	-
zahořčit	-	-	-	-	-	-	zahořči	zahořčeme	zahořčete	-	-	-	-	-
zahrabat	zahrabu	zahrabeš	zahrabe	zahrabeme	zahrabete	zahrabou	-	-	-	-	-	-	-	-
zahradit	-	-	-	-	-	-	zahraď	zahraďme	zahraďte	-	zahrazen	-	-	-
zahradničit	-	-	-	-	-	-	-	-	-	-	-	zahradniče	-	-
zahranit	-	-	-	-	-	-	zahraň	zahraňme	zahraňte	-	zahraněn	-	-	-
zahraničit	-	-	-	-	-	-	-	-	-	-	-	zahraniče	-	-
zahraždit	-	-	-	-	-	-	zahraždi	zahražděme	zahražděte	-	zahražděn	-	-	-
zahrdlit	-	-	-	-	-	-	zahrdli	zahrdleme	zahrdlete	-	-	-	-
zahrnout	-	-	-	-	-	-	zahrň	zahrňme	zahrňte	zahrnul	-	-	-
zahrotit	-	-	-	-	-	-	zahroť	zahroťme	zahroťte	-	zahrocen	-	-	-
zahroužit	-	-	-	-	-	-	zahrouži	zahroužeme	zahroužete	-	-	-	-	-
zahrádkařit	-	-	-	-	-	-	-	-	-	-	-	zahrádkaře	-	-
zahrát	zahraji	zahraješ	zahraje	zahrajeme	zahrajete	zahrajou	zahraj	zahrajme	zahrajte	-	zahrán	-	-	-
zahrýzt	zahryži	zahryžeš	zahryže	zahryžeme	zahryžete	zahryžou	zahryž	zahryžme	zahryžte	-	zahryzen	-	-	-
zahrčet	-	-	-	-	-	zahrčí	zahrč	zahrčme	zahrčte	-	-	-	-	-
zahubačit	-	-	-	-	-	-	-	-	-	-	-	zahubače	-	-
zahubnit	-	-	-	-	-	-	-	-	-	-	zahubněn	-	-	-
zahubácet	-	-	-	-	-	zahubácejí	zahubácej	zahubácejme	zahubácejte	-	-	zahubáceje	zahubácejíc	-
zahuhňat	-	-	-	-	-	-	zahuhněj	zahuhnějme	zahuhnějte	-	-	-	-	-
zahulit	-	-	-	-	-	-	-	-	-	-	-	zahule	-	-
zahustit	-	-	-	-	-	-	zahusti	zahustěme	zahustěte	-	zahustěn	-	-
zahutnit	-	-	-	-	-	-	-	-	-	-	zahutněn	-	-	-
zahučet	-	-	-	-	-	zahučí	zahuč	zahučme	zahučte	-	-	-	-	-
zahviždět	-	-	-	-	-	zahviždí	zahviždi	zahvižděme	zahvižděte	-	zahvižděn	-	-	-
zahynout	-	-	-	-	-	-	zahyň	zahyňme	zahyňte	-	-	-	-
zahájit	-	-	-	-	-	-	zahaj	zahajme	zahajte	-	-	-	-
zahálet	-	-	-	-	-	zahálejí	zahálej	zahálejme	zahálejte	-	-	zaháleje	zahálejíc
zahálčit	-	-	-	-	-	-	zahálči	zahálčeme	zahálčete	-	-	zahálče	-	-
zahánět	-	-	-	-	-	-	zaháněj	zahánějme	zahánějte	-	zaháněn	zaháněje	zahánějíc	-
zaházet	-	-	-	-	-	zaházejí	zaházej	zaházejme	zaházejte	-	-	zaházeje	zaházejíc	-
zaháčit	-	-	-	-	-	-	zaháči	zaháčeme	zaháčete	-	-	-	-	-
zahášet	-	-	-	-	-	zahášejí	zahášej	zahášejme	zahášejte	-	-	zahášeje	zahášejíc	-
zahýřit	-	-	-	-	-	-	zahyř	zahyřme	zahyřte	-	-	-	-	-
zahřešit	-	-	-	-	-	-	-	-	-	-	-	zahřeše	-	-
zahřmotit	-	-	-	-	-	-	zahřmoť	zahřmoťme	zahřmoťte	-	zahřmotěn	-	-	-
zahřmět	-	-	-	-	-	zahřmí	zahřmi	zahřměme	zahřměte	-	zahřměn	-	-	-
zahřát	zahřeji	zahřeješ	zahřeje	zahřejeme	zahřejete	zahřejí	zahřej	zahřejme	zahřejte	-	zahřát	-	-
zahřížit	-	-	-	-	-	-	zahřiž	zahřižme	zahřižte	-	-	-	-	-
zainkoustit	-	-	-	-	-	-	zainkousti	zainkoustěme	zainkoustěte	-	zainkoustěn	-	-	-
zajet	zajedu	zajedeš	zajede	zajedeme	zajedete	zajedou	zajeď	zajeďme	zajeďte	-	zajet	-	-	-
zajezdit	-	-	-	-	-	-	zajezdi	zajezděme	zajezděte	-	zajezděn	-	-	-
zaječet	-	-	-	-	-	zaječí	zaječ	zaječme	zaječte	-	-	-	-	-
zaježit	-	-	-	-	-	-	-	-	-	-	-	zaježe	-	-
zajiskřit	-	-	-	-	-	-	zajiskři	zajiskřeme	zajiskřete	-	-	-	-	-
zajistit	-	-	-	-	-	-	zajisti	zajistěme	zajistěte	-	zajištěn	-	-
zajitřit	-	-	-	-	-	-	zajitři	zajitřeme	zajitřete	-	-	-	-	-
zajizvit	-	-	-	-	-	-	zajizvi	zajizvěme	zajizvěte	-	-	-	-	-
zajmout	zajmu	zajmeš	zajme	zajmeme	zajmete	zajmou	zajmi	zajměme	zajměte	zajal	zajat	-	-
zajínit	-	-	-	-	-	-	zajíni	zajíněme	zajíněte	-	zajíněn	-	-	-
zajíst	zajím	zajíš	zají	zajíme	zajíte	zajedí	zajez	zajezme	zajezte	zajedl	zajeden	-	-	zajedla
zajít	zajdu	zajdeš	zajde	zajdeme	zajdete	zajdou	zajdi	zajděme	zajděte	zašel	-	-	-	zašla
zajíšit	-	-	-	-	-	-	zajíši	zajíšeme	zajíšete	-	-	-	-	-
zajíždět	-	-	-	-	-	-	zajížděj	zajíždějme	zajíždějte	-	zajížděn	zajížděje	zajíždějíc	-
zakabonit	-	-	-	-	-	-	zakaboň	zakaboňme	zakaboňte	-	zakaboněn	-	-	-
zakabousit	-	-	-	-	-	-	zakabousi	zakabouseme	zakabousete	-	-	-	-	-
zakademičtit	-	-	-	-	-	-	zakademičti	zakademičtěme	zakademičtěte	-	zakademičtěn	-	-	-
zakademičtět	-	-	-	-	-	-	zakademičtěj	zakademičtějme	zakademičtějte	-	zakademičtěn	zakademičtěje	zakademičtějíc	-
zakadeřit	-	-	-	-	-	-	-	-	-	-	-	zakadeře	-	-
zakadit	-	-	-	-	-	-	zakaď	zakaďme	zakaďte	-	zakaděn	-	-	-
zakalit	-	-	-	-	-	-	-	-	-	-	-	zakale	-	-
zakanout	-	-	-	-	-	-	zakaň	zakaňme	zakaňte	-	-	-	-	-
zakantořit	-	-	-	-	-	-	-	-	-	-	-	zakantoře	-	-
zakančit	-	-	-	-	-	-	zakanči	zakančeme	zakančete	-	-	-	-	-
zakarbanit	-	-	-	-	-	-	zakarbaň	zakarbaňme	zakarbaňte	-	zakarbaněn	-	-	-
zakašlat	zakašlu	zakašleš	zakašle	zakašleme	zakašlete	zakašlou	-	-	-	-	-	-	-	-
zakeťasit	-	-	-	-	-	-	-	-	-	-	-	zakeťase	-	-
zaklenout	-	-	-	-	-	-	zakleň	zakleňme	zakleňte	-	-	-	-	-
zaklestit	-	-	-	-	-	-	zaklesti	zaklestěme	zaklestěte	-	zaklestěn	-	-	-
zaklevetit	-	-	-	-	-	-	zakleveť	zakleveťme	zakleveťte	-	zaklevetěn	-	-	-
zaklikatit	-	-	-	-	-	-	zaklikať	zaklikaťme	zaklikaťte	-	zaklikacen	-	-	-
zaklnout	-	-	-	-	-	-	zaklň	zaklňme	zaklňte	zaklnul	-	-	-	zaklnula
zaklonit	-	-	-	-	-	-	zakloň	zakloňme	zakloňte	-	zakloněn	-	-	-
zakloubit	-	-	-	-	-	-	zakloubi	zaklouběme	zaklouběte	-	-	-	-	-
zaklovat	zaklovám	zaklováš	zaklová	zaklováme	zaklováte	zaklovají	zaklovej	zaklovejme	zaklovejte	-	zaklován	zaklovaje	zaklovajíc	-
zaklábosit	-	-	-	-	-	-	-	-	-	-	-	zaklábose	-	-
zaklánět	-	-	-	-	-	-	zakláněj	zaklánějme	zaklánějte	-	zakláněn	zakláněje	zaklánějíc	-
zaklápět	-	-	-	-	-	-	zaklápěj	zaklápějme	zaklápějte	-	zaklápěn	zaklápěje	zaklápějíc	-
zaklást	zakladu	zakladeš	zaklade	zaklademe	zakladete	zakladou	zaklaď	zaklaďme	zaklaďte	zakladl	zakladen	-	-	zakladla
zaklát	zaklám	zakláš	zaklá	zakláme	zakláte	zaklají	zaklaň	zaklaňme	zaklaňte	-	zaklán	-	-	-
zaklátit	-	-	-	-	-	-	zaklať	zaklaťme	zaklaťte	-	zaklácen	-	-	-
zaklínit	-	-	-	-	-	-	zakliň	zakliňme	zakliňte	-	zaklíněn	-	-	-
zaklít	zakleji	zakleješ	zakleje	zaklejeme	zaklejete	zaklejou	zaklej	zaklejme	zaklejte	zaklel	zaklet	-	-
zaklíčit	-	-	-	-	-	-	zaklič	zakličme	zakličte	-	-	-	-	-
zaklíštit	-	-	-	-	-	-	zaklíšti	zaklíštěme	zaklíštěte	-	zaklíštěn	-	-	-
zaklížit	-	-	-	-	-	-	zakliž	zakližme	zakližte	-	-	-	-	-
zakmenit	-	-	-	-	-	-	zakmeň	zakmeňme	zakmeňte	-	zakmeněn	-	-	-
zakničet	-	-	-	-	-	zakničí	zaknič	zakničme	zakničte	-	-	-	-	-
zaknotit	-	-	-	-	-	-	zaknoť	zaknoťme	zaknoťte	-	zaknocen	-	-	-
zakohoutit	-	-	-	-	-	-	zakohouť	zakohouťme	zakohouťte	-	zakohoucen	-	-	-
zakolit	-	-	-	-	-	-	-	-	-	-	-	zakole	-	-
zakončit	-	-	-	-	-	-	zakonči	zakončeme	zakončete	-	-	-	-
zakoptit	-	-	-	-	-	-	zakopti	zakoptěme	zakoptěte	-	zakoptěn	-	-	-
zakosit	-	-	-	-	-	-	-	-	-	-	-	zakose	-	-
zakotoulet	-	-	-	-	-	zakotoulejí	zakotoulej	zakotoulejme	zakotoulejte	-	-	zakotouleje	zakotoulejíc	-
zakotvit	-	-	-	-	-	-	zakotvi	zakotvěme	zakotvěte	-	-	-	-
zakotálet	-	-	-	-	-	zakotálejí	zakotálej	zakotálejme	zakotálejte	-	-	zakotáleje	zakotálejíc	-
zakoulet	-	-	-	-	-	zakoulejí	zakoulej	zakoulejme	zakoulejte	-	-	zakouleje	zakoulejíc	-
zakoupit	-	-	-	-	-	-	zakup	zakupme	zakupte	-	-	-	-	-
zakout	zakuji	zakuješ	zakuje	zakujeme	zakujete	zakujou	zakuj	zakujme	zakujte	zakul	zakut	-	-	zakula
zakouzlit	-	-	-	-	-	-	zakouzli	zakouzleme	zakouzlete	-	-	-	-	-
zakouřit	-	-	-	-	-	-	zakuř	zakuřme	zakuřte	-	-	-	-
zakoušet	-	-	-	-	-	zakoušejí	zakoušej	zakoušejme	zakoušejte	-	-	zakoušeje	zakoušejíc	-
zakovat	zakovu	zakoveš	zakove	zakoveme	zakovete	zakovají	zakovej	zakovejme	zakovejte	-	zakován	zakovaje	zakovajíc	-
zakořenit	-	-	-	-	-	-	zakořeň	zakořeňme	zakořeňte	-	zakořeněn	-	-	-
zakrabatit	-	-	-	-	-	-	zakrabať	zakrabaťme	zakrabaťte	-	zakrabacen	-	-	-
zakramařit	-	-	-	-	-	-	-	-	-	-	-	zakramaře	-	-
zakreslit	-	-	-	-	-	-	zakresli	zakresleme	zakreslete	-	-	-	-	-
zakrnět	-	-	-	-	-	zakrní	zakrň	zakrňme	zakrňte	-	zakrněn	-	-	-
zakrojit	-	-	-	-	-	-	-	-	-	-	-	zakroje	-	-
zakroutit	-	-	-	-	-	-	zakruť	zakruťme	zakruťte	-	zakroucen	-	-	-
zakroužit	-	-	-	-	-	-	zakruž	zakružme	zakružte	-	-	-	-	-
zakročit	-	-	-	-	-	-	-	-	-	-	-	zakroče	-	-
zakručet	-	-	-	-	-	zakručí	zakruč	zakručme	zakručte	-	-	-	-	-
zakrvavět	-	-	-	-	-	-	zakrvavěj	zakrvavějme	zakrvavějte	-	zakrvavěn	zakrvavěje	zakrvavějíc	-
zakrvácet	-	-	-	-	-	zakrvácejí	zakrvácej	zakrvácejme	zakrvácejte	-	-	zakrváceje	zakrvácejíc	-
zakrákořit	-	-	-	-	-	-	-	-	-	-	-	zakrákoře	-	-
zakrápět	-	-	-	-	-	-	zakrápěj	zakrápějme	zakrápějte	-	zakrápěn	zakrápěje	zakrápějíc	-
zakrást	zakradu	zakradeš	zakrade	zakrademe	zakradete	zakradou	zakraď	zakraďme	zakraďte	zakradl	zakraden	-	-	zakradla
zakrátit	-	-	-	-	-	-	zakrať	zakraťme	zakraťte	-	zakrácen	-	-	-
zakráčet	-	-	-	-	-	zakráčejí	zakráčej	zakráčejme	zakráčejte	-	-	zakráčeje	zakráčejíc	-
zakrýt	zakryji	zakryješ	zakryje	zakryjeme	zakryjete	zakryjí	zakryj	zakryjme	zakryjte	zakryl	zakryt	-	-
zakrčit	-	-	-	-	-	-	-	-	-	-	-	zakrče	-	-
zaktivnit	-	-	-	-	-	-	zaktivň	zaktivňme	zaktivňte	-	zaktivněn	-	-	-
zaktivnět	-	-	-	-	-	-	zaktivněj	zaktivnějme	zaktivnějte	-	zaktivněn	zaktivněje	zaktivnějíc	-
zaktuálnit	-	-	-	-	-	-	zaktuálni	zaktuálněme	zaktuálněte	-	zaktuálněn	-	-	-
zaktuálnět	-	-	-	-	-	-	zaktuálněj	zaktuálnějme	zaktuálnějte	-	zaktuálněn	zaktuálněje	zaktuálnějíc	-
zakubelit	-	-	-	-	-	-	-	-	-	-	-	zakubele	-	-
zakudlit	-	-	-	-	-	-	zakudli	zakudleme	zakudlete	-	-	-	-	-
zakudrnatit	-	-	-	-	-	-	zakudrnať	zakudrnaťme	zakudrnaťte	-	zakudrnacen	-	-	-
zakudrnatět	-	-	-	-	-	-	zakudrnatěj	zakudrnatějme	zakudrnatějte	-	zakudrnatěn	zakudrnatěje	zakudrnatějíc	-
zakuklit	-	-	-	-	-	-	zakukli	zakukleme	zakuklete	-	-	-	-	-
zakulatit	-	-	-	-	-	-	zakulať	zakulaťme	zakulaťte	-	zakulacen	-	-	-
zakulatět	-	-	-	-	-	-	zakulatěj	zakulatějme	zakulatějte	-	zakulatěn	zakulatěje	zakulatějíc	-
zakulit	-	-	-	-	-	-	-	-	-	-	-	zakule	-	-
zakuláčet	-	-	-	-	-	zakuláčejí	zakuláčej	zakuláčejme	zakuláčejte	-	-	zakuláčeje	zakuláčejíc	-
zakuropět	zakuropěji	zakuropěješ	zakuropěje	zakuropějeme	zakuropějete	-	zakuropěj	zakuropějme	zakuropějte	-	zakuropěn	-	-	-
zakusit	-	-	-	-	-	-	-	-	-	-	zakušen	-	-
zakutalit	-	-	-	-	-	-	-	-	-	-	-	zakutale	-	-
zakutit	-	-	-	-	-	-	zakuť	zakuťme	zakuťte	-	zakutěn	-	-	-
zakutálet	-	-	-	-	-	zakutálejí	zakutálej	zakutálejme	zakutálejte	-	-	zakutáleje	zakutálejíc	-
zakvasit	-	-	-	-	-	-	-	-	-	-	zakvašen	-	-	-
zakvičet	-	-	-	-	-	zakvičí	zakvič	zakvičme	zakvičte	-	-	-	-	-
zakvášet	-	-	-	-	-	zakvášejí	zakvášej	zakvášejme	zakvášejte	-	-	zakvášeje	zakvášejíc	-
zakvést	zakvetu	zakveteš	zakvete	zakveteme	zakvetete	zakvetou	zakveť	zakveťme	zakveťte	zakvetl	zakveten	-	-	zakvetla
zakvílet	-	-	-	-	-	zakvílejí	zakvil	zakvilme	zakvilte	-	-	zakvíleje	zakvílejíc	-
zakymácet	-	-	-	-	-	zakymácejí	zakymácej	zakymácejme	zakymácejte	-	-	zakymáceje	zakymácejíc	-
zakynout	-	-	-	-	-	-	zakyň	zakyňme	zakyňte	-	-	-	-	-
zakypět	-	-	-	-	-	zakypí	zakyp	zakypme	zakypte	-	zakypěn	-	-	-
zakyselit	-	-	-	-	-	-	-	-	-	-	-	zakysele	-	-
zakálet	-	-	-	-	-	zakálejí	zakálej	zakálejme	zakálejte	-	-	zakáleje	zakálejíc	-
zakázat	zakážu	zakážeš	zakáže	zakážeme	zakážete	zakážou	zakaž	zakažme	zakažte	-	-	-	-
zakňučet	-	-	-	-	-	zakňučí	zakňuč	zakňučme	zakňučte	-	-	-	-	-
zakřenit	-	-	-	-	-	-	zakřeň	zakřeňme	zakřeňte	-	zakřeněn	-	-	-
zakřepčit	-	-	-	-	-	-	zakřepči	zakřepčeme	zakřepčete	-	-	-	-	-
zakřičet	-	-	-	-	-	zakřičí	zakřič	zakřičme	zakřičte	-	-	-	-	-
zakřídlit	-	-	-	-	-	-	zakřídli	zakřídleme	zakřídlete	-	-	-	-	-
zakřížit	-	-	-	-	-	-	zakřiž	zakřižme	zakřižte	-	-	-	-	-
zalahodit	-	-	-	-	-	-	zalahoď	zalahoďme	zalahoďte	-	zalahoděn	-	-	-
zalajdačit	-	-	-	-	-	-	-	-	-	-	-	zalajdače	-	-
zalednit	-	-	-	-	-	-	zaledni	zaledněme	zaledněte	-	zaledněn	-	-	-
zalenošit	-	-	-	-	-	-	-	-	-	-	-	zalenoše	-	-
zalesnit	-	-	-	-	-	-	zalesni	zalesněme	zalesněte	-	zalesněn	-	-	-
zaletnit	-	-	-	-	-	-	zaletni	zaletněme	zaletněte	-	zaletněn	-	-	-
zaletět	-	-	-	-	-	zaletí	zaleť	zaleťme	zaleťte	-	zaletěn	-	-	-
zaleštit	-	-	-	-	-	-	zalešti	zaleštěme	zaleštěte	-	zaleštěn	-	-	-
zaležet	-	-	-	-	-	zaleží	zalež	zaležme	zaležte	-	-	-	-	-
zalhat	zalžu	zalžeš	zalže	zalžeme	zalžete	zalžou	zalži	zalžeme	zalžete	-	-	-	-	-
zalichotit	-	-	-	-	-	-	zalichoť	zalichoťme	zalichoťte	-	zalichocen	-	-	-
zalichvařit	-	-	-	-	-	-	-	-	-	-	-	zalichvaře	-	-
zalidnit	-	-	-	-	-	-	zalidni	zalidněme	zalidněte	-	zalidněn	-	-	-
zalistit	-	-	-	-	-	-	zalisti	zalistěme	zalistěte	-	zalistěn	-	-	-
zalnout	-	-	-	-	-	-	-	-	-	zalnul	-	-	-	zalnula
zalomozit	-	-	-	-	-	-	-	-	-	-	-	zalomoze	-	-
zaloudit	-	-	-	-	-	-	zaloudi	zalouděme	zalouděte	-	zalouděn	-	-	-
založit	-	-	-	-	-	-	-	-	-	-	-	založe	-	-
zalumpačit	-	-	-	-	-	-	-	-	-	-	-	zalumpače	-	-
zalučnit	-	-	-	-	-	-	zalučni	zalučněme	zalučněte	-	zalučněn	-	-	-
zaluštit	-	-	-	-	-	-	zalušti	zaluštěme	zaluštěte	-	zaluštěn	-	-	-
zalyžařit	-	-	-	-	-	-	-	-	-	-	-	zalyžaře	-	-
zalát	zalaji	zalaješ	zalaje	zalajeme	zalajete	zalajou	zalaj	zalajme	zalajte	-	zalán	-	-	-
zaláteřit	-	-	-	-	-	-	-	-	-	-	-	zaláteře	-	-
zalézt	zalezu	zalezeš	zaleze	zalezeme	zalezete	zalezou	zalez	zalezme	zalezte	zalezl	zalezen	-	-	-
zaléčit	-	-	-	-	-	-	zaleč	zalečme	zalečte	-	-	-	-	-
zalíbit	-	-	-	-	-	-	zalib	zalibme	zalibte	-	-	-	-	-
zalícit	-	-	-	-	-	-	zalic	zalicme	zalicte	-	-	-	-	-
zalít	zaleji	zaleješ	zaleje	zalejeme	zalejete	zalejou	zalej	zalejme	zalejte	zalil	zalit	-	-
zalítostnit	-	-	-	-	-	-	zalítostni	zalítostněme	zalítostněte	-	zalítostněn	-	-	-
zalíčit	-	-	-	-	-	-	zalič	zaličme	zaličte	-	-	-	-	-
zamanout	-	-	-	-	-	-	zamaň	zamaňme	zamaňte	-	-	-	-	-
zamarodit	-	-	-	-	-	-	zamaroď	zamaroďme	zamaroďte	-	zamaroděn	-	-	-
zamastit	-	-	-	-	-	-	zamasti	zamastěme	zamastěte	-	zamaštěn	-	-	-
zamazlit	-	-	-	-	-	-	zamazli	zamazleme	zamazlete	-	-	-	-	-
zamdlít	zamdlím	zamdlíš	zamdlí	zamdlíme	zamdlíte	zamdlí	zamdli	zamdleme	zamdlete	zamdlel	zamdlen	-	-	zamdlela
zamechovatět	-	-	-	-	-	-	zamechovatěj	zamechovatějme	zamechovatějte	-	zamechovatěn	zamechovatěje	zamechovatějíc	-
zamečet	-	-	-	-	-	zamečí	zameč	zamečme	zamečte	-	-	-	-	-
zamhlít	zamhlím	zamhlíš	zamhlí	zamhlíme	zamhlíte	zamhlí	zamhli	zamhleme	zamhlete	zamhlil	zamhlen	-	-	zamhlila
zamhouřit	-	-	-	-	-	-	zamhouři	zamhouřeme	zamhouřete	-	-	-	-	-
zamladit	-	-	-	-	-	-	zamlaď	zamlaďme	zamlaďte	-	zamlazen	-	-	-
zamlaštět	-	-	-	-	-	zamlaští	zamlašti	zamlaštěme	zamlaštěte	-	zamlaštěn	-	-	-
zamlátit	-	-	-	-	-	-	zamlať	zamlaťme	zamlaťte	-	zamlácen	-	-	-
zamlít	zamelu	zameleš	zamele	zameleme	zamelete	zamelou	zamel	zamelme	zamelte	zamlel	zamlet	-	-	zamlela
zamlčet	-	-	-	-	-	zamlčí	zamlč	zamlčme	zamlčte	-	-	-	-
zamlžit	-	-	-	-	-	-	-	-	-	-	-	zamlže	-	-
zamnout	-	-	-	-	-	-	-	-	-	zamnul	-	-	-	zamnula
zamodřit	-	-	-	-	-	-	zamodři	zamodřeme	zamodřete	-	-	-	-	-
zamokřit	-	-	-	-	-	-	zamokři	zamokřeme	zamokřete	-	-	-	-	-
zamounit	-	-	-	-	-	-	zamouni	zamouněme	zamouněte	-	zamouněn	-	-	-
zamoučit	-	-	-	-	-	-	zamouči	zamoučeme	zamoučete	-	-	-	-	-
zamoučnit	-	-	-	-	-	-	zamoučni	zamoučněme	zamoučněte	-	zamoučněn	-	-	-
zamočit	-	-	-	-	-	-	-	-	-	-	-	zamoče	-	-
zamořit	-	-	-	-	-	-	-	-	-	-	-	zamoře	-	-
zamravenčit	-	-	-	-	-	-	zamravenči	zamravenčeme	zamravenčete	-	-	-	-	-
zamrazit	-	-	-	-	-	-	-	-	-	-	-	zamraze	-	-
zamračit	-	-	-	-	-	-	-	-	-	-	-	zamrače	-	-
zamrholit	-	-	-	-	-	-	-	-	-	-	-	zamrhole	-	-
zamrnět	-	-	-	-	-	zamrní	zamrň	zamrňme	zamrňte	-	zamrněn	-	-	-
zamručet	-	-	-	-	-	zamručí	zamruč	zamručme	zamručte	-	-	-	-	-
zamrzet	-	-	-	-	-	zamrzí	zamrz	zamrzme	zamrzte	-	-	-	-	-
zamrčet	-	-	-	-	-	zamrčí	zamrč	zamrčme	zamrčte	-	-	-	-	-
zamrštit	-	-	-	-	-	-	zamršti	zamrštěme	zamrštěte	-	zamrštěn	-	-	-
zamuškařit	-	-	-	-	-	-	-	-	-	-	-	zamuškaře	-	-
zamydlit	-	-	-	-	-	-	zamydli	zamydleme	zamydlete	-	-	-	-	-
zamyslit	-	-	-	-	-	-	zamysli	zamysleme	zamyslete	-	zamyšlen	-	-	-
zamást	zamatu	zamateš	zamate	zamateme	zamatete	zamatou	zamať	zamaťme	zamaťte	zamátl	zamaten	-	-	zamátla
zamáčet	-	-	-	-	-	zamáčejí	zamáčej	zamáčejme	zamáčejte	-	-	zamáčeje	zamáčejíc	-
zamést	zametu	zameteš	zamete	zameteme	zametete	zametou	zameť	zameťme	zameťte	zametl	zameten	-	-
zamínit	-	-	-	-	-	-	zamiň	zamiňme	zamiňte	-	zamíněn	-	-	-
zamísit	-	-	-	-	-	-	zamis	zamisme	zamiste	-	-	-	-	-
zamířit	-	-	-	-	-	-	zamiř	zamiřme	zamiřte	-	-	-	-
zamútit	-	-	-	-	-	-	zamúť	zamúťme	zamúťte	-	zamúcen	-	-	-
zamýšlet	-	-	-	-	-	zamýšlejí	zamýšlej	zamýšlejme	zamýšlejte	-	-	zamýšleje	zamýšlejíc	-
zamčít	zamču	zamčeš	zamče	zamčeme	zamčete	zamčou	-	-	-	zamčel	-	-	-	zamčela
zaměnit	-	-	-	-	-	-	zaměň	zaměňme	zaměňte	-	zaměněn	-	-
zaměřit	-	-	-	-	-	-	-	-	-	-	-	zaměře	-	-
zamňučet	-	-	-	-	-	zamňučí	zamňuč	zamňučme	zamňučte	-	-	-	-	-
zamřít	zamru	zamřeš	zamře	zamřeme	zamřete	zamrou	zamři	zamřeme	zamřete	zamřel	zamřen	-	-	zamřela
zamžít	zamžím	zamžíš	zamží	zamžíme	zamžíte	zamží	zamži	zamžeme	zamžete	zamžil	zamžen	-	-	zamžila
zanelíbit	-	-	-	-	-	-	zanelib	zanelibme	zanelibte	-	-	-	-	-
zanenávidět	-	-	-	-	-	zanenávidí	zanenáviď	zanenáviďme	zanenáviďte	-	zanenáviděn	-	-	-
zaneprázdnit	-	-	-	-	-	-	zaneprázdni	zaneprázdněme	zaneprázdněte	-	zaneprázdněn	-	-	-
zanevražit	-	-	-	-	-	-	-	-	-	-	-	zanevraže	-	-
zanevřít	zanevřu	zanevřeš	zanevře	zanevřeme	zanevřete	zanevřou	zanevři	zanevřeme	zanevřete	zanevřel	zanevřen	-	-
zaneřádit	-	-	-	-	-	-	zaneřaď	zaneřaďme	zaneřaďte	-	zaneřáděn	-	-	-
zanešvařit	-	-	-	-	-	-	-	-	-	-	-	zanešvaře	-	-
zanimrodit	-	-	-	-	-	-	zanimroď	zanimroďme	zanimroďte	-	zanimroděn	-	-	-
zanotit	-	-	-	-	-	-	zanoť	zanoťme	zanoťte	-	zanotěn	-	-	-
zanořit	-	-	-	-	-	-	-	-	-	-	-	zanoře	-	-
zanožit	-	-	-	-	-	-	-	-	-	-	-	zanože	-	-
zanutit	-	-	-	-	-	-	zanuť	zanuťme	zanuťte	-	zanucen	-	-	-
zanášet	-	-	-	-	-	zanášejí	zanášej	zanášejme	zanášejte	-	-	zanášeje	zanášejíc	-
zanést	zanesu	zaneseš	zanese	zaneseme	zanesete	zanesou	zanes	zanesme	zaneste	zanesl	zanesen	-	-
zanítit	-	-	-	-	-	-	zaniť	zaniťme	zaniťte	-	zanícen	-	-
zaněmčit	-	-	-	-	-	-	zaněmči	zaněmčeme	zaněmčete	-	-	-	-	-
zaobalit	-	-	-	-	-	-	-	-	-	-	-	zaobale	-	-
zaoblačit	-	-	-	-	-	-	-	-	-	-	-	zaoblače	-	-
zaoblit	-	-	-	-	-	-	zaobli	zaobleme	zaoblete	-	-	-	-	-
zaobloučit	-	-	-	-	-	-	zaoblouči	zaobloučeme	zaobloučete	-	-	-	-	-
zaobroubit	-	-	-	-	-	-	zaobrub	zaobrubme	zaobrubte	-	-	-	-	-
zaochotničit	-	-	-	-	-	-	-	-	-	-	-	zaochotniče	-	-
zaodít	zaoději	zaoděješ	zaoděje	zaodějeme	zaodějete	zaodějou	zaoděj	zaodějme	zaodějte	zaoděl	zaoděn	-	-	zaoděla
zaokrouhlit	-	-	-	-	-	-	zaokrouhli	zaokrouhleme	zaokrouhlete	-	-	-	-
zaolovnit	-	-	-	-	-	-	zaolovni	zaolovněme	zaolovněte	-	zaolovněn	-	-	-
zaonačit	-	-	-	-	-	-	-	-	-	-	-	zaonače	-	-
zaopatřit	-	-	-	-	-	-	zaopatři	zaopatřeme	zaopatřete	-	-	-	-	-
zaopičit	-	-	-	-	-	-	-	-	-	-	-	zaopiče	-	-
zaostat	zaostanu	zaostaneš	zaostane	zaostaneme	zaostanete	zaostanou	zaostaň	zaostaňme	zaostaňte	-	-	-	-	-
zaostřit	-	-	-	-	-	-	zaostři	zaostřeme	zaostřete	-	-	-	-	-
zaotálet	-	-	-	-	-	zaotálejí	zaotálej	zaotálejme	zaotálejte	-	-	zaotáleje	zaotálejíc	-
zapanikařit	-	-	-	-	-	-	-	-	-	-	-	zapanikaře	-	-
zapantlit	-	-	-	-	-	-	zapantli	zapantleme	zapantlete	-	-	-	-	-
zapartykařit	-	-	-	-	-	-	-	-	-	-	-	zapartykaře	-	-
zapatřit	-	-	-	-	-	-	zapatři	zapatřeme	zapatřete	-	-	-	-	-
zapařit	-	-	-	-	-	-	-	-	-	-	-	zapaře	-	-
zapažit	-	-	-	-	-	-	-	-	-	-	-	zapaže	-	-
zapejřit	-	-	-	-	-	-	zapejři	zapejřeme	zapejřete	-	-	-	-	-
zapeklit	-	-	-	-	-	-	zapekli	zapekleme	zapeklete	-	-	-	-	-
zapelešit	-	-	-	-	-	-	-	-	-	-	-	zapeleše	-	-
zapentlit	-	-	-	-	-	-	-	-	-	-	-	zapentle	-	-
zapepřit	-	-	-	-	-	-	zapepři	zapepřeme	zapepřete	-	-	-	-	-
zaperlit	-	-	-	-	-	-	zaperli	zaperleme	zaperlete	-	-	-	-	-
zapestřit	-	-	-	-	-	-	zapestři	zapestřeme	zapestřete	-	-	-	-	-
zapevnit	-	-	-	-	-	-	zapevni	zapevněme	zapevněte	-	zapevněn	-	-	-
zapečetit	-	-	-	-	-	-	zapečeť	zapečeťme	zapečeťte	-	zapečetěn	-	-	-
zapeřit	-	-	-	-	-	-	-	-	-	-	-	zapeře	-	-
zapitvořit	-	-	-	-	-	-	-	-	-	-	-	zapitvoře	-	-
zapištět	-	-	-	-	-	zapiští	zapišti	zapištěme	zapištěte	-	zapištěn	-	-	-
zaplachtit	-	-	-	-	-	-	zaplachti	zaplachtěme	zaplachtěte	-	zaplachtěn	-	-	-
zaplakat	zapláči	zapláčeš	zapláče	zapláčeme	zapláčete	zapláčou	-	-	-	-	-	-	-	-
zaplanout	-	-	-	-	-	-	zaplaň	zaplaňme	zaplaňte	-	-	-	-	-
zaplatit	-	-	-	-	-	-	zaplať	zaplaťme	zaplaťte	-	zaplacen	-	-
zaplavat	zaplavu	zaplaveš	zaplave	zaplaveme	zaplavete	zaplavou	-	-	-	-	-	-	-
zaplavčit	-	-	-	-	-	-	zaplavči	zaplavčeme	zaplavčete	-	-	-	-	-
zaplašit	-	-	-	-	-	-	-	-	-	-	-	zaplaše	-	-
zaplemenit	-	-	-	-	-	-	zaplemeň	zaplemeňme	zaplemeňte	-	zaplemeněn	-	-	-
zaplesnivět	-	-	-	-	-	-	zaplesnivěj	zaplesnivějme	zaplesnivějte	-	zaplesnivěn	zaplesnivěje	zaplesnivějíc	-
zapletichařit	-	-	-	-	-	-	-	-	-	-	-	zapletichaře	-	-
zaplevelit	-	-	-	-	-	-	-	-	-	-	-	zaplevele	-	-
zapleštit	-	-	-	-	-	-	zaplešti	zapleštěme	zapleštěte	-	zapleštěn	-	-	-
zaplnit	-	-	-	-	-	-	zaplň	zaplňme	zaplňte	-	zaplněn	-	-	-
zaplodit	-	-	-	-	-	-	zaploď	zaploďme	zaploďte	-	zaplozen	-	-	-
zaplotit	-	-	-	-	-	-	zaploť	zaploťme	zaploťte	-	zaplocen	-	-	-
zaplout	zapluji	zapluješ	zapluje	zaplujeme	zaplujete	zaplujou	zapluj	zaplujme	zaplujte	zaplul	zaplut	-	-	zaplula
zaplstit	-	-	-	-	-	-	zaplsti	zaplstěme	zaplstěte	-	zaplstěn	-	-	-
zaplužit	-	-	-	-	-	-	-	-	-	-	-	zapluže	-	-
zaplynout	-	-	-	-	-	-	zaplyň	zaplyňme	zaplyňte	-	-	-	-	-
zaplácet	-	-	-	-	-	zaplácejí	zaplácej	zaplácejme	zaplácejte	-	-	zapláceje	zaplácejíc	-
zaplést	zapletu	zapleteš	zaplete	zapleteme	zapletete	zapletou	zapleť	zapleťme	zapleťte	zapletl	zapleten	-	-
zaplísnit	-	-	-	-	-	-	zaplísni	zaplísněme	zaplísněte	-	zaplísněn	-	-	-
zaplít	zapleji	zapleješ	zapleje	zaplejeme	zaplejete	zaplejou	zaplej	zaplejme	zaplejte	zaplel	zaplen	-	-	zaplela
zapodpořit	-	-	-	-	-	-	-	-	-	-	-	zapodpoře	-	-
zapodvracet	-	-	-	-	-	zapodvracejí	zapodvracej	zapodvracejme	zapodvracejte	-	-	zapodvraceje	zapodvracejíc	-
zapojit	-	-	-	-	-	-	-	-	-	-	-	zapoje	-	-
zapoletět	-	-	-	-	-	zapoletí	zapoleť	zapoleťme	zapoleťte	-	zapoletěn	-	-	-
zapomenout	-	-	-	-	-	-	zapomeň	zapomeňme	zapomeňte	-	-	-	-
zapomnět	-	-	-	-	-	zapomní	zapomni	zapomněme	zapomněte	-	zapomněn	-	-	-
zapopelit	-	-	-	-	-	-	-	-	-	-	-	zapopele	-	-
zaporoučet	-	-	-	-	-	zaporoučejí	zaporoučej	zaporoučejme	zaporoučejte	-	-	zaporoučeje	zaporoučejíc	-
zaporučit	-	-	-	-	-	-	-	-	-	-	-	zaporuče	-	-
zapotit	-	-	-	-	-	-	zapoť	zapoťme	zapoťte	-	zapocen	-	-	-
zapotácet	-	-	-	-	-	zapotácejí	zapotácej	zapotácejme	zapotácejte	-	-	zapotáceje	zapotácejíc	-
zapoustevničit	-	-	-	-	-	-	-	-	-	-	-	zapoustevniče	-	-
zapouzdřit	-	-	-	-	-	-	zapouzdři	zapouzdřeme	zapouzdřete	-	-	-	-	-
zapouzet	-	-	-	-	-	zapouzejí	zapouzej	zapouzejme	zapouzejte	-	-	zapouzeje	zapouzejíc	-
zapouštět	-	-	-	-	-	-	zapouštěj	zapouštějme	zapouštějte	-	zapouštěn	zapouštěje	zapouštějíc	-
zapovíjet	-	-	-	-	-	zapovíjejí	zapovíjej	zapovíjejme	zapovíjejte	-	-	zapovíjeje	zapovíjejíc	-
zapovít	zapoviji	zapoviješ	zapovije	zapovijeme	zapovijete	zapovijou	zapovij	zapovijme	zapovijte	zapovil	zapovit	-	-	zapovila
zapovědět	zapovím	zapovíš	zapoví	zapovíme	zapovíte	zapovědí	zapověz	zapovězme	zapovězte	-	zapověděn	-	-	-
zapozdit	-	-	-	-	-	-	zapozdi	zapozděme	zapozděte	-	zapožděn	-	-	-
započíst	započtu	započteš	započte	započteme	započtete	započtou	započti	započtěme	započtěte	započetl	započten	-	-	započetla
započít	započnu	započneš	započne	započneme	započnete	započnou	započni	započněme	započněte	započal	započat	-	-	započala
zapošít	zapošiji	zapošiješ	zapošije	zapošijeme	zapošijete	zapošijou	zapošij	zapošijme	zapošijte	zapošil	zapošit	-	-	zapošila
zaprasit	-	-	-	-	-	-	-	-	-	-	-	zaprase	-	-
zaprat	zaperu	zapereš	zapere	zapereme	zaperete	zaperou	zaper	zaperme	zaperte	-	-	-	-	-
zapraštět	-	-	-	-	-	zapraští	zaprašti	zapraštěme	zapraštěte	-	zapraštěn	-	-	-
zapražit	-	-	-	-	-	-	-	-	-	-	-	zapraže	-	-
zaprdět	-	-	-	-	-	zaprdí	zaprď	zaprďme	zaprďte	-	zaprděn	-	-	-
zaprosit	-	-	-	-	-	-	-	-	-	-	zaprošen	-	-	-
zaprotiřečit	-	-	-	-	-	-	-	-	-	-	-	zaprotiřeče	-	-
zaproudit	-	-	-	-	-	-	zaproudi	zaprouděme	zaprouděte	-	zaprouděn	-	-	-
zaprudit	-	-	-	-	-	-	zapruď	zapruďme	zapruďte	-	zapruzen	-	-	-
zapružit	-	-	-	-	-	-	-	-	-	-	-	zapruže	-	-
zaprášit	-	-	-	-	-	-	zapraš	zaprašme	zaprašte	-	-	-	-	-
zaprýštit	-	-	-	-	-	-	zaprýšti	zaprýštěme	zaprýštěte	-	zaprýštěn	-	-	-
zapršet	-	-	-	-	-	zaprší	zaprš	zapršme	zapršte	-	-	-	-	-
zapsat	zapíši	zapíšeš	zapíše	zapíšeme	zapíšete	zapíšou	zapiš	zapišme	zapište	-	-	-	-
zapudit	-	-	-	-	-	-	zapuď	zapuďme	zapuďte	-	zapuzen	-	-	-
zapustit	-	-	-	-	-	-	zapusť	zapusťme	zapusťte	-	zapuštěn	-	-
zapučet	-	-	-	-	-	zapučí	zapuč	zapučme	zapučte	-	-	-	-	-
zapylit	-	-	-	-	-	-	-	-	-	-	-	zapyle	-	-
zapytlačit	-	-	-	-	-	-	-	-	-	-	-	zapytlače	-	-
zapyšnit	-	-	-	-	-	-	zapyšni	zapyšněme	zapyšněte	-	zapyšněn	-	-	-
zapyšnět	-	-	-	-	-	-	zapyšněj	zapyšnějme	zapyšnějte	-	zapyšněn	zapyšněje	zapyšnějíc	-
zapájet	-	-	-	-	-	zapájejí	zapájej	zapájejme	zapájejte	-	-	zapájeje	zapájejíc	-
zapálit	-	-	-	-	-	-	zapal	zapalme	zapalte	-	-	-	-
zapást	zapasu	zapaseš	zapase	zapaseme	zapasete	zapasou	zapas	zapasme	zapaste	-	zapasen	-	-	-
zapáčit	-	-	-	-	-	-	zapač	zapačme	zapačte	-	-	-	-	-
zapářit	-	-	-	-	-	-	zapař	zapařme	zapařte	-	-	-	-	-
zapéci	zapeču	zapečeš	zapeče	zapečeme	zapečete	zapečou	zapeč	zapečme	zapečte	zapekl	zapečen	-	-	zapekla
zapíjet	-	-	-	-	-	zapíjejí	zapíjej	zapíjejme	zapíjejte	-	-	zapíjeje	zapíjejíc	-
zapít	zapiji	zapiješ	zapije	zapijeme	zapijete	zapijou	zapij	zapijme	zapijte	zapil	zapit	-	-	zapila
zapýřit	-	-	-	-	-	-	zapyř	zapyřme	zapyřte	-	-	-	-	-
zapěnit	-	-	-	-	-	-	zapěň	zapěňme	zapěňte	-	zapěněn	-	-	-
zapěstit	-	-	-	-	-	-	zapěsti	zapěstěme	zapěstěte	-	zapěstěn	-	-	-
zapět	zapěji	zapěješ	zapěje	zapějeme	zapějete	-	zapěj	zapějme	zapějte	-	zapěn	-	-
zapřednášet	-	-	-	-	-	zapřednášejí	zapřednášej	zapřednášejme	zapřednášejte	-	-	zapřednášeje	zapřednášejíc	-
zapřemýšlet	-	-	-	-	-	zapřemýšlejí	zapřemýšlej	zapřemýšlejme	zapřemýšlejte	-	-	zapřemýšleje	zapřemýšlejíc	-
zapřát	zapřeji	zapřeješ	zapřeje	zapřejeme	zapřejete	zapřejou	zapřej	zapřejme	zapřejte	-	zapřán	-	-	-
zapříst	zapřadu	zapřadeš	zapřade	zapřademe	zapřadete	zapřadou	zapřaď	zapřaďme	zapřaďte	zapřadl	zapřaden	-	-	zapřadla
zapřít	zapřu	zapřeš	zapře	zapřeme	zapřete	zapřou	zapři	zapřeme	zapřete	zapřel	zapřen	-	-	zapřela
zapříčinit	-	-	-	-	-	-	zapříčiň	zapříčiňme	zapříčiňte	-	zapříčiněn	-	-
zapříčit	-	-	-	-	-	-	zapřič	zapřičme	zapřičte	-	-	-	-	-
zapůjčit	-	-	-	-	-	-	-	-	-	-	-	zapůjče	-	-
zarachotit	-	-	-	-	-	-	zarachoť	zarachoťme	zarachoťte	-	zarachocen	-	-	-
zaradikálničit	-	-	-	-	-	-	-	-	-	-	-	zaradikálniče	-	-
zarafičit	-	-	-	-	-	-	-	-	-	-	-	zarafiče	-	-
zarakvit	-	-	-	-	-	-	zarakvi	zarakveme	zarakvete	-	-	-	-	-
zarandit	-	-	-	-	-	-	zarandi	zaranděme	zaranděte	-	zaranděn	-	-	-
zarazit	-	-	-	-	-	-	-	-	-	-	zaražen	-	-
zarašit	-	-	-	-	-	-	-	-	-	-	-	zaraše	-	-
zardousit	-	-	-	-	-	-	zardus	zardusme	zarduste	-	zardoušen	-	-
zardít	zardím	zardíš	zardí	zardíme	zardíte	zardí	zardi	zarděme	zarděte	zarděl	zarděn	-	-	zarděla
zarebelantit	-	-	-	-	-	-	zarebelanti	zarebelantěme	zarebelantěte	-	zarebelantěn	-	-	-
zarejdit	-	-	-	-	-	-	zarejdi	zarejděme	zarejděte	-	zarejděn	-	-	-
zarejholit	-	-	-	-	-	-	-	-	-	-	-	zarejhole	-	-
zarepetit	-	-	-	-	-	-	zarepeť	zarepeťme	zarepeťte	-	zarepetěn	-	-	-
zarezavět	-	-	-	-	-	-	zarezavěj	zarezavějme	zarezavějte	-	zarezavěn	zarezavěje	zarezavějíc	-
zarezivět	-	-	-	-	-	-	zarezivěj	zarezivějme	zarezivějte	-	zarezivěn	zarezivěje	zarezivějíc	-
zarmoutit	-	-	-	-	-	-	zarmuť	zarmuťme	zarmuťte	-	zarmoucen	-	-
zarochnit	-	-	-	-	-	-	zarochni	zarochněme	zarochněte	-	zarochněn	-	-	-
zarodit	-	-	-	-	-	-	zaroď	zaroďme	zaroďte	-	zarozen	-	-	-
zarojit	-	-	-	-	-	-	-	-	-	-	-	zaroje	-	-
zaronit	-	-	-	-	-	-	zaroň	zaroňme	zaroňte	-	zaroněn	-	-	-
zaropotit	-	-	-	-	-	-	zaropoť	zaropoťme	zaropoťte	-	zaropocen	-	-	-
zarotit	-	-	-	-	-	-	zaroť	zaroťme	zaroťte	-	zarocen	-	-	-
zaroubit	-	-	-	-	-	-	zaroubi	zarouběme	zarouběte	-	-	-	-	-
zarout	zaruji	zaruješ	zaruje	zarujeme	zarujete	zarujou	zaruj	zarujme	zarujte	zarul	zarut	-	-	zarula
zarozprávět	-	-	-	-	-	-	zarozprávěj	zarozprávějme	zarozprávějte	-	zarozprávěn	zarozprávěje	zarozprávějíc	-
zarošťačit	-	-	-	-	-	-	-	-	-	-	-	zarošťače	-	-
zarudnět	-	-	-	-	-	-	zarudněj	zarudnějme	zarudnějte	-	zarudněn	zarudněje	zarudnějíc	-
zaruměnit	-	-	-	-	-	-	zaruměň	zaruměňme	zaruměňte	-	zaruměněn	-	-	-
zaruměnět	-	-	-	-	-	-	zaruměněj	zaruměnějme	zaruměnějte	-	zaruměněn	zaruměněje	zaruměnějíc	-
zaručit	-	-	-	-	-	-	-	-	-	-	-	zaruče	-	-
zarušit	-	-	-	-	-	-	-	-	-	-	-	zaruše	-	-
zarvat	zarvu	zarveš	zarve	zarveme	zarvete	zarvou	zarvi	zarvěme	zarvěte	-	-	-	-	-
zarybařit	-	-	-	-	-	-	-	-	-	-	-	zarybaře	-	-
zarybnit	-	-	-	-	-	-	zarybni	zarybněme	zarybněte	-	zarybněn	-	-	-
zaryčet	-	-	-	-	-	zaryčí	zaryč	zaryčme	zaryčte	-	-	-	-	-
zarábět	-	-	-	-	-	-	zaráběj	zarábějme	zarábějte	-	zaráběn	zaráběje	zarábějíc	-
zaráčit	-	-	-	-	-	-	zarač	zaračme	zaračte	-	-	-	-	-
zarážet	-	-	-	-	-	zarážejí	zarážej	zarážejme	zarážejte	-	-	zarážeje	zarážejíc	-
zarýt	zaryji	zaryješ	zaryje	zaryjeme	zaryjete	zaryjou	zaryj	zaryjme	zaryjte	zaryl	zaryt	-	-	zaryla
zarůst	zarostu	zarosteš	zaroste	zarosteme	zarostete	zarostou	zarosť	zarosťme	zarosťte	zarostl	-	-	-
zarůžovatět	-	-	-	-	-	-	zarůžovatěj	zarůžovatějme	zarůžovatějte	-	zarůžovatěn	zarůžovatěje	zarůžovatějíc	-
zarůžovět	-	-	-	-	-	-	zarůžověj	zarůžovějme	zarůžovějte	-	zarůžověn	zarůžověje	zarůžovějíc	-
zaržát	zaržám	zaržáš	zaržá	zaržáme	zaržáte	zaržají	zarži	zaržeme	zaržete	-	-	-	-	-
zasadit	-	-	-	-	-	-	zasaď	zasaďme	zasaďte	-	zasazen	-	-
zasebevraždit	-	-	-	-	-	-	zasebevraždi	zasebevražděme	zasebevražděte	-	zasebevražděn	-	-	-
zasedlačit	-	-	-	-	-	-	-	-	-	-	-	zasedlače	-	-
zasedět	-	-	-	-	-	zasedí	zaseď	zaseďme	zaseďte	-	zaseděn	-	-	-
zasinavět	-	-	-	-	-	-	zasinavěj	zasinavějme	zasinavějte	-	zasinavěn	zasinavěje	zasinavějíc	-
zaskladnit	-	-	-	-	-	-	zaskladni	zaskladněme	zaskladněte	-	zaskladněn	-	-	-
zasklenit	-	-	-	-	-	-	zaskleň	zaskleňme	zaskleňte	-	zaskleněn	-	-	-
zasklít	zasklím	zasklíš	zasklí	zasklíme	zasklíte	zasklí	zaskli	zaskleme	zasklete	zasklil	zasklen	-	-	zasklila
zaskotačit	-	-	-	-	-	-	-	-	-	-	-	zaskotače	-	-
zaskočit	-	-	-	-	-	-	-	-	-	-	-	zaskoče	-	-
zaskučet	-	-	-	-	-	zaskučí	zaskuč	zaskučme	zaskučte	-	-	-	-	-
zaskvrnit	-	-	-	-	-	-	zaskvrň	zaskvrňme	zaskvrňte	-	zaskvrněn	-	-	-
zaskvět	-	-	-	-	-	-	zaskvěj	zaskvějme	zaskvějte	-	zaskvěn	zaskvěje	zaskvějíc	-
zaskákat	zaskáči	zaskáčeš	zaskáče	zaskáčeme	zaskáčete	zaskáčou	-	-	-	-	-	-	-	-
zaskřeholit	-	-	-	-	-	-	-	-	-	-	-	zaskřehole	-	-
zaskřečet	-	-	-	-	-	zaskřečí	zaskřeč	zaskřečme	zaskřečte	-	-	-	-	-
zaskřípět	-	-	-	-	-	-	zaskřípěj	zaskřípějme	zaskřípějte	-	zaskřípěn	zaskřípěje	zaskřípějíc	-
zaslat	zašlu	zašleš	zašle	zašleme	zašlete	zašlou	zašli	zašleme	zašlete	-	-	-	-	-
zaslinit	-	-	-	-	-	-	zasliň	zasliňme	zasliňte	-	zasliněn	-	-	-
zaslnit	-	-	-	-	-	-	zaslň	zaslňme	zaslňte	-	zaslněn	-	-	-
zaslonit	-	-	-	-	-	-	zasloň	zasloňme	zasloňte	-	zasloněn	-	-	-
zasloužit	-	-	-	-	-	-	zasluž	zaslužme	zaslužte	-	-	-	-
zaslunit	-	-	-	-	-	-	zasluň	zasluňme	zasluňte	-	zasluněn	-	-	-
zaslyšet	-	-	-	-	-	zaslyší	zaslyš	zaslyšme	zaslyšte	-	-	-	-	-
zaslzet	-	-	-	-	-	zaslzejí	zaslz	zaslzme	zaslzte	-	-	-	-	-
zaslánět	-	-	-	-	-	-	zasláněj	zaslánějme	zaslánějte	-	zasláněn	zasláněje	zaslánějíc	-
zaslíbit	-	-	-	-	-	-	zaslib	zaslibme	zaslibte	-	-	-	-	-
zaslídit	-	-	-	-	-	-	zasliď	zasliďme	zasliďte	-	zaslíděn	-	-	-
zasmažit	-	-	-	-	-	-	-	-	-	-	-	zasmaže	-	-
zasmolit	-	-	-	-	-	-	-	-	-	-	-	zasmole	-	-
zasmoušit	-	-	-	-	-	-	-	-	-	-	-	zasmouše	-	-
zasmradit	-	-	-	-	-	-	zasmraď	zasmraďme	zasmraďte	-	zasmraděn	-	-	-
zasmrdět	-	-	-	-	-	zasmrdí	zasmrď	zasmrďme	zasmrďte	-	zasmrděn	-	-	-
zasmutit	-	-	-	-	-	-	zasmuť	zasmuťme	zasmuťte	-	zasmucen	-	-	-
zasmutnit	-	-	-	-	-	-	zasmutni	zasmutněme	zasmutněte	-	zasmutněn	-	-	-
zasmutnět	-	-	-	-	-	-	zasmutněj	zasmutnějme	zasmutnějte	-	zasmutněn	zasmutněje	zasmutnějíc	-
zasmušit	-	-	-	-	-	-	-	-	-	-	-	zasmuše	-	-
zasmát	zasměji	zasměješ	zasměje	zasmějeme	zasmějete	zasmějou	zasměj	zasmějme	zasmějte	-	-	-	-	-
zasmýčit	-	-	-	-	-	-	-	-	-	-	-	zasmýče	-	-
zasměrnit	-	-	-	-	-	-	zasměrni	zasměrněme	zasměrněte	-	zasměrněn	-	-	-
zasnoplit	-	-	-	-	-	-	zasnopli	zasnopleme	zasnoplete	-	-	-	-	-
zasnoubit	-	-	-	-	-	-	zasnoubi	zasnouběme	zasnouběte	-	-	-	-	-
zasnout	-	-	-	-	-	-	-	-	-	zasnul	-	-	-	zasnula
zasnovat	zasnovám	zasnováš	zasnová	zasnováme	zasnováte	zasnovají	zasnovej	zasnovejme	zasnovejte	-	zasnován	zasnovaje	zasnovajíc	-
zasnít	zasním	zasníš	zasní	zasníme	zasníte	zasní	zasni	zasněme	zasněte	zasnil	zasněn	-	-	zasnila
zasněžit	-	-	-	-	-	-	-	-	-	-	-	zasněže	-	-
zasolit	-	-	-	-	-	-	-	-	-	-	-	zasole	-	-
zasoplit	-	-	-	-	-	-	zasopli	zasopleme	zasoplete	-	-	-	-	-
zasoptit	-	-	-	-	-	-	zasopti	zasoptěme	zasoptěte	-	zasoptěn	-	-	-
zasouhlasit	-	-	-	-	-	-	-	-	-	-	-	zasouhlase	-	-
zasouložit	-	-	-	-	-	-	-	-	-	-	-	zasoulože	-	-
zasoupeřit	-	-	-	-	-	-	-	-	-	-	-	zasoupeře	-	-
zasout	zasuji	zasuješ	zasuje	zasujeme	zasujete	zasujou	zasuj	zasujme	zasujte	zasul	zasut	-	-	zasula
zasoutěžit	-	-	-	-	-	-	-	-	-	-	-	zasoutěže	-	-
zaspat	zaspím	zaspíš	zaspí	zaspíme	zaspíte	zaspí	zaspi	zaspěme	zaspěte	-	-	-	-
zaspořit	-	-	-	-	-	-	-	-	-	-	-	zaspoře	-	-
zasprosťačit	-	-	-	-	-	-	-	-	-	-	-	zasprosťače	-	-
zasrat	zaseru	zasereš	zasere	zasereme	zaserete	zaserou	zaser	zaserme	zaserte	-	-	-	-	-
zasrčet	-	-	-	-	-	zasrčí	zasrč	zasrčme	zasrčte	-	-	-	-	-
zasršet	-	-	-	-	-	zasrší	zasrš	zasršme	zasršte	-	-	-	-	-
zastanout	-	-	-	-	-	-	zastaň	zastaňme	zastaňte	-	-	-	-	-
zastat	zastanu	zastaneš	zastane	zastaneme	zastanete	zastanou	zastaň	zastaňme	zastaňte	-	-	-	-	-
zastavět	-	-	-	-	-	-	zastav	zastavme	zastavte	-	zastavěn	-	-	-
zastesknit	-	-	-	-	-	-	zasteskni	zasteskněme	zasteskněte	-	zasteskněn	-	-	-
zastkvě	-	-	-	-	-	-	zastkvěj	zastkvějme	zastkvějte	-	-	-	-	-
zastkvět	-	-	-	-	-	-	zastkvi	zastkvěme	zastkvěte	-	zastkvěn	-	-	-
zastlat	zastelu	zasteleš	zastele	zasteleme	zastelete	zastelou	zastel	zastelme	zastelte	-	-	-	-	-
zastolařit	-	-	-	-	-	-	-	-	-	-	-	zastolaře	-	-
zastoupit	-	-	-	-	-	-	zastup	zastupme	zastupte	-	-	-	-
zastrakatit	-	-	-	-	-	-	zastrakať	zastrakaťme	zastrakaťte	-	zastrakacen	-	-	-
zastrašit	-	-	-	-	-	-	-	-	-	-	-	zastraše	-	-
zastrojit	-	-	-	-	-	-	-	-	-	-	-	zastroje	-	-
zastrčit	-	-	-	-	-	-	-	-	-	-	-	zastrče	-	-
zastudenit	-	-	-	-	-	-	zastudeň	zastudeňme	zastudeňte	-	zastudeněn	-	-	-
zastudit	-	-	-	-	-	-	zastuď	zastuďme	zastuďte	-	zastuděn	-	-	-
zastydět	-	-	-	-	-	zastydí	zastyď	zastyďme	zastyďte	-	zastyděn	-	-	-
zastínit	-	-	-	-	-	-	zastiň	zastiňme	zastiňte	-	zastíněn	-	-
zastřelit	-	-	-	-	-	-	-	-	-	-	-	zastřele	-	-
zastřešit	-	-	-	-	-	-	-	-	-	-	-	zastřeše	-	-
zastříbrnět	-	-	-	-	-	-	zastříbrněj	zastříbrnějme	zastříbrnějte	-	zastříbrněn	zastříbrněje	zastříbrnějíc	-
zastříbřit	-	-	-	-	-	-	zastříbři	zastříbřeme	zastříbřete	-	-	-	-	-
zastřílet	-	-	-	-	-	zastřílejí	zastřílej	zastřílejme	zastřílejte	-	-	zastříleje	zastřílejíc	-
zastřít	zastřu	zastřeš	zastře	zastřeme	zastřete	zastřou	zastři	zastřeme	zastřete	zastřel	zastřen	-	-
zasunout	-	-	-	-	-	-	zasuň	zasuňme	zasuňte	-	-	-	-
zasupět	-	-	-	-	-	zasupí	zasup	zasupme	zasupte	-	zasupěn	-	-	-
zasvinit	-	-	-	-	-	-	zasviň	zasviňme	zasviňte	-	zasviněn	-	-	-
zasvištět	-	-	-	-	-	zasviští	zasvišti	zasvištěme	zasvištěte	-	zasvištěn	-	-	-
zasvrbět	-	-	-	-	-	zasvrbí	zasvrb	zasvrbme	zasvrbte	-	zasvrběn	-	-	-
zasvévolit	-	-	-	-	-	-	-	-	-	-	-	zasvévole	-	-
zasvíjet	-	-	-	-	-	zasvíjejí	zasvíjej	zasvíjejme	zasvíjejte	-	-	zasvíjeje	zasvíjejíc	-
zasvítit	-	-	-	-	-	-	zasviť	zasviťme	zasviťte	-	zasvícen	-	-	-
zasvědit	-	-	-	-	-	-	zasvěď	zasvěďme	zasvěďte	-	-	-	-	-
zasvědčit	-	-	-	-	-	-	zasvědči	zasvědčeme	zasvědčete	-	-	-	-	-
zasvětačit	-	-	-	-	-	-	-	-	-	-	-	zasvětače	-	-
zasvětit	-	-	-	-	-	-	zasvěť	zasvěťme	zasvěťte	-	zasvěcen	-	-
zasvětlit	-	-	-	-	-	-	zasvětli	zasvětleme	zasvětlete	-	-	-	-	-
zasytit	-	-	-	-	-	-	zasyť	zasyťme	zasyťte	-	zasycen	-	-	-
zasyčet	-	-	-	-	-	zasyčí	zasyč	zasyčme	zasyčte	-	-	-	-
zasát	zasaji	zasaješ	zasaje	zasajeme	zasajete	zasajou	zasaj	zasajme	zasajte	-	zasán	-	-	-
zasázet	-	-	-	-	-	zasázejí	zasázej	zasázejme	zasázejte	-	-	zasázeje	zasázejíc	-
zasíci	zaseku	zasečeš	zaseče	zasečeme	zasečete	zasečou	zasec	zasecme	zasecte	zasekl	zasečen	-	-	zasekla
zasídlit	-	-	-	-	-	-	zasídli	zasídleme	zasídlete	-	-	-	-	-
zasípět	-	-	-	-	-	-	zasípěj	zasípějme	zasípějte	-	zasípěn	zasípěje	zasípějíc	-
zasít	zaseji	zaseješ	zaseje	zasejeme	zasejete	zasejou	zasej	zasejme	zasejte	zasel	zaset	-	-	zasela
zasířit	-	-	-	-	-	-	zasiř	zasiřme	zasiřte	-	-	-	-	-
zasýřit	-	-	-	-	-	-	zasyř	zasyřme	zasyřte	-	-	-	-	-
zatajit	-	-	-	-	-	-	-	-	-	-	-	zataje	-	-
zatalácet	-	-	-	-	-	zatalácejí	zatalácej	zatalácejme	zatalácejte	-	-	zataláceje	zatalácejíc	-
zatanout	-	-	-	-	-	-	zataň	zataňme	zataňte	-	-	-	-	-
zatančit	-	-	-	-	-	-	zatanči	zatančeme	zatančete	-	-	-	-	-
zatarasit	-	-	-	-	-	-	-	-	-	-	-	zatarase	-	-
zatartasit	-	-	-	-	-	-	-	-	-	-	-	zatartase	-	-
zatasit	-	-	-	-	-	-	-	-	-	-	-	zatase	-	-
zataškařit	-	-	-	-	-	-	-	-	-	-	-	zataškaře	-	-
zatejnořit	-	-	-	-	-	-	-	-	-	-	-	zatejnoře	-	-
zatemnit	-	-	-	-	-	-	zatemni	zatemněme	zatemněte	-	zatemněn	-	-
zatemnět	-	-	-	-	-	-	zatemněj	zatemnějme	zatemnějte	-	zatemněn	zatemněje	zatemnějíc	-
zateplit	-	-	-	-	-	-	zatepli	zatepleme	zateplete	-	-	-	-	-
zateremtit	-	-	-	-	-	-	zateremti	zateremtěme	zateremtěte	-	zateremtěn	-	-	-
zatesklit	-	-	-	-	-	-	zateskli	zateskleme	zatesklete	-	-	-	-	-
zatesknit	-	-	-	-	-	-	zateskni	zateskněme	zateskněte	-	zateskněn	-	-	-
zatetelit	-	-	-	-	-	-	-	-	-	-	-	zatetele	-	-
zatkvět	-	-	-	-	-	-	zatkvi	zatkvěme	zatkvěte	-	zatkvěn	-	-	-
zatlačit	-	-	-	-	-	-	-	-	-	-	-	zatlače	-	-
zatlouci	zatluču	zatlučeš	zatluče	zatlučeme	zatlučete	zatlučou	zatluč	zatlučme	zatlučte	zatloukl	zatlučen	-	-	zatloukla
zatlumočit	-	-	-	-	-	-	-	-	-	-	-	zatlumoče	-	-
zatlít	zatlím	zatlíš	zatlí	zatlíme	zatlíte	zatlejí	zatlej	zatlejme	zatlejte	zatlel	zatlen	-	-	zatlela
zatmelit	-	-	-	-	-	-	-	-	-	-	-	zatmele	-	-
zatmět	-	-	-	-	-	-	zatmi	zatměme	zatměte	-	zatměn	-	-	-
zatnout	-	-	-	-	-	-	-	-	-	zatnul	-	-	-
zatonout	-	-	-	-	-	-	zatoň	zatoňme	zatoňte	-	-	-	-	-
zatoužit	-	-	-	-	-	-	zatouži	zatoužeme	zatoužete	-	-	-	-
zatočit	-	-	-	-	-	-	-	-	-	-	-	zatoče	-	-
zatraktivnit	-	-	-	-	-	-	zatraktivni	zatraktivněme	zatraktivněte	-	zatraktivněn	-	-	-
zatratit	-	-	-	-	-	-	zatrať	zatraťme	zatraťte	-	zatracen	-	-
zatravnatět	-	-	-	-	-	-	zatravnatěj	zatravnatějme	zatravnatějte	-	zatravnatěn	zatravnatěje	zatravnatějíc	-
zatravnit	-	-	-	-	-	-	zatravni	zatravněme	zatravněte	-	zatravněn	-	-	-
zatrnit	-	-	-	-	-	-	zatrni	zatrněme	zatrněte	-	zatrněn	-	-	-
zatrnout	-	-	-	-	-	-	zatrň	zatrňme	zatrňte	zatrnul	-	-	-	zatrnula
zatrojčit	-	-	-	-	-	-	zatrojči	zatrojčeme	zatrojčete	-	-	-	-	-
zatroubit	-	-	-	-	-	-	zatrub	zatrubme	zatrubte	-	-	-	-	-
zatrousit	-	-	-	-	-	-	zatrus	zatrusme	zatruste	-	zatroušen	-	-	-
zatroškařit	-	-	-	-	-	-	-	-	-	-	-	zatroškaře	-	-
zatrpčit	-	-	-	-	-	-	zatrpči	zatrpčeme	zatrpčete	-	-	-	-	-
zatrpět	-	-	-	-	-	zatrpí	zatrp	zatrpme	zatrpte	-	zatrpěn	-	-	-
zatrubnit	-	-	-	-	-	-	-	-	-	-	zatrubněn	-	-	-
zatruchlit	-	-	-	-	-	-	zatruchli	zatruchleme	zatruchlete	-	-	-	-	-
zatrudit	-	-	-	-	-	-	zatruď	zatruďme	zatruďte	-	zatruděn	-	-	-
zatrudnit	-	-	-	-	-	-	zatrudni	zatrudněme	zatrudněte	-	zatrudněn	-	-	-
zatruhlařit	-	-	-	-	-	-	-	-	-	-	-	zatruhlaře	-	-
zatrápit	-	-	-	-	-	-	zatrap	zatrapme	zatrapte	-	-	-	-	-
zatrávnit	-	-	-	-	-	-	zatrávni	zatrávněme	zatrávněte	-	zatrávněn	-	-	-
zatrčet	-	-	-	-	-	zatrčí	zatrč	zatrčme	zatrčte	-	-	-	-	-
zatrůnit	-	-	-	-	-	-	zatrůni	zatrůněme	zatrůněte	-	zatrůněn	-	-	-
zatulit	-	-	-	-	-	-	-	-	-	-	-	zatule	-	-
zatušit	-	-	-	-	-	-	-	-	-	-	-	zatuše	-	-
zatvořit	-	-	-	-	-	-	-	-	-	-	-	zatvoře	-	-
zatvrdit	-	-	-	-	-	-	zatvrď	zatvrďme	zatvrďte	-	zatvrzen	-	-	-
zatvářit	-	-	-	-	-	-	zatvař	zatvařme	zatvařte	-	-	-	-
zatábořit	-	-	-	-	-	-	-	-	-	-	-	zatáboře	-	-
zatápět	-	-	-	-	-	-	zatápěj	zatápějme	zatápějte	-	zatápěn	zatápěje	zatápějíc	-
zatáčet	-	-	-	-	-	zatáčejí	zatáčej	zatáčejme	zatáčejte	-	-	zatáčeje	zatáčejíc	-
zatéci	zateču	zatečeš	zateče	zatečeme	zatečete	zatečou	zateč	zatečme	zatečte	zatekl	zatečen	-	-	zatekla
zatísnit	-	-	-	-	-	-	zatísni	zatísněme	zatísněte	-	zatísněn	-	-	-
zatížit	-	-	-	-	-	-	zatiž	zatižme	zatižte	-	-	-	-	-
zatěsnit	-	-	-	-	-	-	zatěsni	zatěsněme	zatěsněte	-	zatěsněn	-	-	-
zatěšit	-	-	-	-	-	-	-	-	-	-	-	zatěše	-	-
zatřeštit	-	-	-	-	-	-	zatřešti	zatřeštěme	zatřeštěte	-	zatřeštěn	-	-	-
zatřpytit	-	-	-	-	-	-	zatřpyť	zatřpyťme	zatřpyťte	-	zatřpycen	-	-	-
zatřást	zatřesu	zatřeseš	zatřese	zatřeseme	zatřesete	zatřesou	zatřes	zatřesme	zatřeste	-	zatřesen	-	-
zatřídit	-	-	-	-	-	-	zatřiď	zatřiďme	zatřiďte	-	zatříděn	-	-	-
zatřísnit	-	-	-	-	-	-	zatřísni	zatřísněme	zatřísněte	-	zatřísněn	-	-	-
zatřít	zatřu	zatřeš	zatře	zatřeme	zatřete	zatřou	zatři	zatřeme	zatřete	zatřel	zatřen	-	-	zatřela
zaudit	-	-	-	-	-	-	zauď	zauďme	zauďte	-	zauzen	-	-	-
zauhlit	-	-	-	-	-	-	zauhli	zauhleme	zauhlete	-	-	-	-	-
zaujmout	zaujmu	zaujmeš	zaujme	zaujmeme	zaujmete	zaujmou	zaujmi	zaujměme	zaujměte	zaujal	zaujat	-	-
zauvážit	-	-	-	-	-	-	zauvaž	zauvažme	zauvažte	-	-	-	-	-
zauzdit	-	-	-	-	-	-	zauzdi	zauzděme	zauzděte	-	zauzděn	-	-	-
zauzlit	-	-	-	-	-	-	zauzli	zauzleme	zauzlete	-	-	-	-	-
zauzlovatit	-	-	-	-	-	-	zauzlovať	zauzlovaťme	zauzlovaťte	-	zauzlovacen	-	-	-
zaučit	-	-	-	-	-	-	-	-	-	-	-	zauče	-	-
zavadit	-	-	-	-	-	-	zavaď	zavaďme	zavaďte	-	zavaděn	-	-	-
zavalit	-	-	-	-	-	-	-	-	-	-	-	zavale	-	-
zavanout	-	-	-	-	-	-	zavaň	zavaňme	zavaňte	-	-	-	-	-
zavazet	-	-	-	-	-	zavazejí	zavazej	zavazejme	zavazejte	-	-	zavazeje	zavazejíc	-
zavařit	-	-	-	-	-	-	-	-	-	-	-	zavaře	-	-
zavděčit	-	-	-	-	-	-	-	-	-	-	-	zavděče	-	-
zavejřit	-	-	-	-	-	-	zavejři	zavejřeme	zavejřete	-	-	-	-	-
zavelet	-	-	-	-	-	zavelí	zavel	zavelme	zavelte	-	-	-	-	-
zaveselit	-	-	-	-	-	-	-	-	-	-	-	zavesele	-	-
zavichřit	-	-	-	-	-	-	zavichři	zavichřeme	zavichřete	-	-	-	-	-
zavinit	-	-	-	-	-	-	zaviň	zaviňme	zaviňte	-	zaviněn	-	-
zavinout	-	-	-	-	-	-	zaviň	zaviňme	zaviňte	-	-	-	-
zavlastenčit	-	-	-	-	-	-	zavlastenči	zavlastenčeme	zavlastenčete	-	-	-	-	-
zavlažit	-	-	-	-	-	-	-	-	-	-	-	zavlaže	-	-
zavlhčit	-	-	-	-	-	-	zavlhči	zavlhčeme	zavlhčete	-	-	-	-	-
zavlnit	-	-	-	-	-	-	zavlň	zavlňme	zavlňte	-	zavlněn	-	-	-
zavlát	zavlaji	zavlaješ	zavlaje	zavlajeme	zavlajete	zavlajou	zavlaj	zavlajme	zavlajte	-	zavlán	-	-	-
zavláčet	-	-	-	-	-	zavláčejí	zavlač	zavlačme	zavlačte	-	-	zavláčeje	zavláčejíc	-
zavléci	zavleku	zavlečeš	zavleče	zavlečeme	zavlečete	zavlekou	zavlec	zavlecme	zavlecte	zavlekl	zavlečen	-	-	zavlekla
zavodit	-	-	-	-	-	-	zavoď	zavoďme	zavoďte	-	zavozen	-	-	-
zavodnit	-	-	-	-	-	-	zavodni	zavodněme	zavodněte	-	zavodněn	-	-	-
zavojančit	-	-	-	-	-	-	zavojanči	zavojančeme	zavojančete	-	-	-	-	-
zavolit	-	-	-	-	-	-	-	-	-	-	-	zavole	-	-
zavonět	-	-	-	-	-	zavoní	zavoň	zavoňme	zavoňte	-	zavoněn	-	-	-
zavostat	zavostanu	zavostaneš	zavostane	zavostaneme	zavostanete	zavostanou	zavostaň	zavostaňme	zavostaňte	-	-	-	-	-
zavozit	-	-	-	-	-	-	-	-	-	-	zavožen	-	-	-
zavplácet	-	-	-	-	-	zavplácejí	zavplácej	zavplácejme	zavplácejte	-	-	zavpláceje	zavplácejíc	-
zavracet	-	-	-	-	-	zavracejí	zavracej	zavracejme	zavracejte	-	-	zavraceje	zavracejíc	-
zavraždit	-	-	-	-	-	-	zavraždi	zavražděme	zavražděte	-	zavražděn	-	-
zavrcholit	-	-	-	-	-	-	-	-	-	-	-	zavrchole	-	-
zavrnět	-	-	-	-	-	zavrní	zavrň	zavrňme	zavrňte	-	zavrněn	-	-	-
zavroubit	-	-	-	-	-	-	zavroubi	zavrouběme	zavrouběte	-	-	-	-	-
zavrtošit	-	-	-	-	-	-	-	-	-	-	-	zavrtoše	-	-
zavrtět	-	-	-	-	-	zavrtí	zavrť	zavrťme	zavrťte	-	zavrtěn	-	-	-
zavrátit	-	-	-	-	-	-	zavrať	zavraťme	zavraťte	-	zavracen	-	-	-
zavrčet	-	-	-	-	-	zavrčí	zavrč	zavrčme	zavrčte	-	-	-	-	-
završit	-	-	-	-	-	-	-	-	-	-	-	završe	-	-
zavtipkařit	-	-	-	-	-	-	-	-	-	-	-	zavtipkaře	-	-
zavtělit	-	-	-	-	-	-	-	-	-	-	-	zavtěle	-	-
zavyvádět	-	-	-	-	-	-	zavyváděj	zavyvádějme	zavyvádějte	-	zavyváděn	zavyváděje	zavyvádějíc	-
zavzdušnit	-	-	-	-	-	-	zavzdušni	zavzdušněme	zavzdušněte	-	zavzdušněn	-	-
zavznít	zavzním	zavzníš	zavzní	zavzníme	zavzníte	zavzní	zavzni	zavzněme	zavzněte	zavzněl	zavzněn	-	-	zavzněla
zavzteklit	-	-	-	-	-	-	zavztekli	zavztekleme	zavzteklete	-	-	-	-	-
zavzácnět	-	-	-	-	-	-	zavzácněj	zavzácnějme	zavzácnějte	-	zavzácněn	zavzácněje	zavzácnějíc	-
zavzít	zavezmu	zavezmeš	zavezme	zavezmeme	zavezmete	zavezmou	zavezmi	zavezměme	zavezměte	zavzal	zavzat	-	-
zavábit	-	-	-	-	-	-	zavab	zavabme	zavabte	-	-	-	-	-
zavádět	-	-	-	-	-	-	zaváděj	zavádějme	zavádějte	-	zaváděn	zaváděje	zavádějíc	-
zaválet	-	-	-	-	-	zaválejí	zaválej	zaválejme	zaválejte	-	-	zaváleje	zaválejíc	-
zaválčit	-	-	-	-	-	-	zaválči	zaválčeme	zaválčete	-	-	-	-	-
zavánět	-	-	-	-	-	-	zaváněj	zavánějme	zavánějte	-	zaváněn	zaváněje	zavánějíc	-
zavápnit	-	-	-	-	-	-	zavápni	zavápněme	zavápněte	-	zavápněn	-	-	-
zavát	zavěji	zavěješ	zavěje	zavějeme	zavějete	zavějou	zavěj	zavějme	zavějte	-	zavát	-	-	-
zavázat	zaváži	zavážeš	zaváže	zavážeme	zavážete	zavážou	zavaž	zavažme	zavažte	-	-	-	-	-
zavázet	-	-	-	-	-	zavázejí	zavázej	zavázejme	zavázejte	-	-	zavázeje	zavázejíc	-
zavářet	-	-	-	-	-	zavářejí	zavářej	zavářejme	zavářejte	-	-	zavářeje	zavářejíc	-
zavážet	-	-	-	-	-	zavážejí	zavážej	zavážejme	zavážejte	-	-	zavážeje	zavážejíc	-
zavážit	-	-	-	-	-	-	zavaž	zavažme	zavažte	-	-	-	-	-
zavést	zavedu	zavedeš	zavede	zavedeme	zavedete	zavedou	zaveď	zaveďme	zaveďte	zavedl	zaveden	-	-
zavézt	zavezu	zavezeš	zaveze	zavezeme	zavezete	zavezou	zavez	zavezme	zavezte	zavezl	zavezen	-	-
zavíjet	-	-	-	-	-	zavíjejí	zavíjej	zavíjejme	zavíjejte	-	-	zavíjeje	zavíjejíc
zavít	zaviji	zaviješ	zavije	zavijeme	zavijete	zavijou	zavij	zavijme	zavijte	zavil	zavit	-	-	zavila
zavířit	-	-	-	-	-	-	zaviř	zaviřme	zaviřte	-	-	-	-	-
zavýt	zavyji	zavyješ	zavyje	zavyjeme	zavyjete	zavyjou	zavyj	zavyjme	zavyjte	zavyl	zavyt	-	-	zavyla
zavčelařit	-	-	-	-	-	-	-	-	-	-	-	zavčelaře	-	-
zavčelit	-	-	-	-	-	-	-	-	-	-	-	zavčele	-	-
zavěnčit	-	-	-	-	-	-	zavěnči	zavěnčeme	zavěnčete	-	-	-	-	-
zavěsit	-	-	-	-	-	-	-	-	-	-	zavěšen	-	-
zavěstit	-	-	-	-	-	-	zavěsti	zavěstěme	zavěstěte	-	zavěstěn	-	-	-
zavětvit	-	-	-	-	-	-	zavětvi	zavětvěme	zavětvěte	-	-	-	-	-
zavětřit	-	-	-	-	-	-	zavětři	zavětřeme	zavětřete	-	-	-	-	-
zavěřit	-	-	-	-	-	-	-	-	-	-	-	zavěře	-	-
zavěšet	-	-	-	-	-	zavěší	zavěš	zavěšme	zavěšte	-	-	-	-	-
zavěštit	-	-	-	-	-	-	zavěšti	zavěštěme	zavěštěte	-	zavěštěn	-	-	-
zavřesovatět	-	-	-	-	-	-	zavřesovatěj	zavřesovatějme	zavřesovatějte	-	zavřesovatěn	zavřesovatěje	zavřesovatějíc	-
zavřeštět	-	-	-	-	-	zavřeští	zavřešti	zavřeštěme	zavřeštěte	-	zavřeštěn	-	-	-
zavřít	zavřu	zavřeš	zavře	zavřeme	zavřete	zavřou	zavři	zavřeme	zavřete	zavřel	zavřen	-	-
zazahálet	-	-	-	-	-	zazahálejí	zazahálej	zazahálejme	zazahálejte	-	-	zazaháleje	zazahálejíc	-
zazakrápět	-	-	-	-	-	-	zazakrápěj	zazakrápějme	zazakrápějte	-	zazakrápěn	zazakrápěje	zazakrápějíc	-
zazdát	zazdám	zazdáš	zazdá	zazdáme	zazdáte	zazdají	zazdej	zazdejme	zazdejte	-	zazdán	-	-	-
zazdít	zazdím	zazdíš	zazdí	zazdíme	zazdíte	zazdí	zazdi	zazděme	zazděte	zazdil	zazděn	-	-
zazedničit	-	-	-	-	-	-	-	-	-	-	-	zazedniče	-	-
zazelenit	-	-	-	-	-	-	zazeleň	zazeleňme	zazeleňte	-	zazeleněn	-	-	-
zazemnit	-	-	-	-	-	-	-	-	-	-	zazemněn	-	-	-
zazet	-	-	-	-	-	zazejí	zazej	zazejme	zazejte	-	-	zazeje	zazejíc	-
zazlatit	-	-	-	-	-	-	zazlať	zazlaťme	zazlaťte	-	zazlacen	-	-	-
zazlatět	-	-	-	-	-	-	zazlatěj	zazlatějme	zazlatějte	-	zazlatěn	zazlatěje	zazlatějíc	-
zazlořečit	-	-	-	-	-	-	-	-	-	-	-	zazlořeče	-	-
zazlít	zazlím	zazlíš	zazlí	zazlíme	zazlíte	zazlí	zazli	zazleme	zazlete	zazlil	zazlen	-	-	zazlila
zaznačit	-	-	-	-	-	-	-	-	-	-	-	zaznače	-	-
zaznít	zazním	zazníš	zazní	zazníme	zazníte	zazní	zazni	zazněme	zazněte	zazněl	zazněn	-	-	zazněla
zazračit	-	-	-	-	-	-	-	-	-	-	-	zazrače	-	-
zazrcadlit	-	-	-	-	-	-	zazrcadli	zazrcadleme	zazrcadlete	-	-	-	-	-
zazrušit	-	-	-	-	-	-	-	-	-	-	-	zazruše	-	-
zazrzavět	-	-	-	-	-	-	zazrzavěj	zazrzavějme	zazrzavějte	-	zazrzavěn	zazrzavěje	zazrzavějíc	-
zazurčet	-	-	-	-	-	zazurčí	zazurči	zazurčeme	zazurčete	-	-	-	-	-
zazuřit	-	-	-	-	-	-	-	-	-	-	-	zazuře	-	-
zazvonit	-	-	-	-	-	-	zazvoň	zazvoňme	zazvoňte	-	zazvoněn	-	-	-
zazvučet	-	-	-	-	-	zazvučí	zazvuč	zazvučme	zazvučte	-	-	-	-	-
zazvučit	-	-	-	-	-	-	-	-	-	-	-	zazvuče	-	-
zazvánět	-	-	-	-	-	-	zazváněj	zazvánějme	zazvánějte	-	zazváněn	zazváněje	zazvánějíc	-
zazvěřit	-	-	-	-	-	-	-	-	-	-	-	zazvěře	-	-
zazábst	zazebu	zazebeš	zazebe	zazebeme	zazebete	zazebou	zazeb	zazebme	zazebte	zazábl	-	-	-	zazábla
zazávidět	-	-	-	-	-	zazávidí	zazáviď	zazáviďme	zazáviďte	-	zazáviděn	-	-	-
zazávodit	-	-	-	-	-	-	zazávoď	zazávoďme	zazávoďte	-	zazávoděn	-	-	-
zazářit	-	-	-	-	-	-	zazař	zazařme	zazařte	-	-	-	-	-
zazřít	zazřím	zazříš	zazří	zazříme	zazříte	zazří	zazři	zazřeme	zazřete	zazřel	zazřen	-	-	zazřela
zaúchylkařit	-	-	-	-	-	-	-	-	-	-	-	zaúchylkaře	-	-
zaúderničit	-	-	-	-	-	-	-	-	-	-	-	zaúderniče	-	-
zaúhořit	-	-	-	-	-	-	-	-	-	-	-	zaúhoře	-	-
zaúpět	-	-	-	-	-	-	zaúpěj	zaúpějme	zaúpějte	-	zaúpěn	zaúpěje	zaúpějíc	-
zaústit	-	-	-	-	-	-	zaústi	zaústěme	zaústěte	-	zaústěn	-	-	-
zaútočit	-	-	-	-	-	-	-	-	-	-	-	zaútoče	-
zaúředničit	-	-	-	-	-	-	-	-	-	-	-	zaúředniče	-	-
začadit	-	-	-	-	-	-	začaď	začaďme	začaďte	-	začaděn	-	-	-
začepejřit	-	-	-	-	-	-	začepejři	začepejřeme	začepejřete	-	-	-	-	-
začepýřit	-	-	-	-	-	-	začepýři	začepýřeme	začepýřete	-	-	-	-	-
začepčit	-	-	-	-	-	-	začepči	začepčeme	začepčete	-	-	-	-	-
začernit	-	-	-	-	-	-	začerni	začerněme	začerněte	-	začerněn	-	-	-
začervenit	-	-	-	-	-	-	začerveň	začerveňme	začerveňte	-	začerveněn	-	-	-
začeřit	-	-	-	-	-	-	-	-	-	-	-	začeře	-	-
začimčařit	-	-	-	-	-	-	-	-	-	-	-	začimčaře	-	-
začinit	-	-	-	-	-	-	začiň	začiňme	začiňte	-	začiněn	-	-	-
začistit	-	-	-	-	-	-	začisti	začistěme	začistěte	-	začistěn	-	-	-
začišet	-	-	-	-	-	začiší	začiš	začišme	začište	-	-	-	-	-
začlenit	-	-	-	-	-	-	začleň	začleňme	začleňte	-	začleněn	-	-	-
začmoudit	-	-	-	-	-	-	začmoudi	začmouděme	začmouděte	-	začmouděn	-	-	-
začmudit	-	-	-	-	-	-	začmuď	začmuďme	začmuďte	-	začmuděn	-	-	-
začoudit	-	-	-	-	-	-	začoudi	začouděme	začouděte	-	začouděn	-	-	-
začpět	-	-	-	-	-	začpí	začpi	začpěme	začpěte	-	začpěn	-	-	-
začtveračit	-	-	-	-	-	-	-	-	-	-	-	začtverače	-	-
začudit	-	-	-	-	-	-	začuď	začuďme	začuďte	-	začuděn	-	-	-
začumět	-	-	-	-	-	začumí	začum	začumme	začumte	-	začuměn	-	-	-
začíslit	-	-	-	-	-	-	začísli	začísleme	začíslete	-	-	-	-	-
začíst	začtu	začteš	začte	začteme	začtete	začtou	začti	začtěme	začtěte	začetl	začten	-	-	začetla
začít	začnu	začneš	začne	začneme	začnete	začnou	začni	začněme	začněte	začal	začat	-	-
zařadit	-	-	-	-	-	-	zařaď	zařaďme	zařaďte	-	zařazen	-	-
zařehnit	-	-	-	-	-	-	zařehni	zařehněme	zařehněte	-	zařehněn	-	-	-
zařeholit	-	-	-	-	-	-	-	-	-	-	-	zařehole	-	-
zařehonit	-	-	-	-	-	-	zařehoň	zařehoňme	zařehoňte	-	zařehoněn	-	-	-
zařetězit	-	-	-	-	-	-	-	-	-	-	-	zařetěze	-	-
zařezbařit	-	-	-	-	-	-	-	-	-	-	-	zařezbaře	-	-
zařečit	-	-	-	-	-	-	-	-	-	-	-	zařeče	-	-
zařečnit	-	-	-	-	-	-	zařečni	zařečněme	zařečněte	-	zařečněn	-	-	-
zařeřavět	-	-	-	-	-	-	zařeřavěj	zařeřavějme	zařeřavějte	-	zařeřavěn	zařeřavěje	zařeřavějíc	-
zařežavět	-	-	-	-	-	-	zařežavěj	zařežavějme	zařežavějte	-	zařežavěn	zařežavěje	zařežavějíc	-
zařinčet	-	-	-	-	-	zařinčí	zařinči	zařinčeme	zařinčete	-	-	-	-	-
zařičet	-	-	-	-	-	zařičí	zařič	zařičme	zařičte	-	-	-	-	-
zařvat	zařvu	zařveš	zařve	zařveme	zařvete	zařvou	zařvi	zařvěme	zařvěte	-	-	-	-
zařádit	-	-	-	-	-	-	zařádi	zařáděme	zařáděte	-	zařáděn	-	-	-
zařídit	-	-	-	-	-	-	zařiď	zařiďme	zařiďte	-	zařízen	-	-
zaříjet	-	-	-	-	-	zaříjejí	zaříjej	zaříjejme	zaříjejte	-	-	zaříjeje	zaříjejíc	-
zašantročit	-	-	-	-	-	-	-	-	-	-	-	zašantroče	-	-
zašedivět	-	-	-	-	-	-	zašedivěj	zašedivějme	zašedivějte	-	zašedivěn	zašedivěje	zašedivějíc	-
zašelestit	-	-	-	-	-	-	zašelesti	zašelestěme	zašelestěte	-	-	-	-	-
zašepelit	-	-	-	-	-	-	-	-	-	-	-	zašepele	-	-
zašeredit	-	-	-	-	-	-	zašereď	zašereďme	zašereďte	-	zašerezen	-	-	-
zašetřit	-	-	-	-	-	-	zašetři	zašetřeme	zašetřete	-	-	-	-	-
zaševelit	-	-	-	-	-	-	-	-	-	-	-	zaševele	-	-
zašeřet	-	-	-	-	-	zašeřejí	zašeř	zašeřme	zašeřte	-	-	-	-	-
zašeřit	-	-	-	-	-	-	-	-	-	-	-	zašeře	-	-
zašišatit	-	-	-	-	-	-	zašišať	zašišaťme	zašišaťte	-	zašišacen	-	-	-
zaškaredit	-	-	-	-	-	-	zaškareď	zaškareďme	zaškareďte	-	zaškareděn	-	-	-
zašklíbit	-	-	-	-	-	-	zašklíbi	zašklíběme	zašklíběte	-	-	-	-	-
zaškodit	-	-	-	-	-	-	zaškoď	zaškoďme	zaškoďte	-	zaškozen	-	-	-
zaškolit	-	-	-	-	-	-	-	-	-	-	-	zaškole	-	-
zaškolničit	-	-	-	-	-	-	-	-	-	-	-	zaškolniče	-	-
zaškotit	-	-	-	-	-	-	zaškoť	zaškoťme	zaškoťte	-	zaškocen	-	-	-
zaškrtit	-	-	-	-	-	-	zaškrť	zaškrťme	zaškrťte	-	zaškrcen	-	-
zaškvařit	-	-	-	-	-	-	-	-	-	-	-	zaškvaře	-	-
zaškvičet	-	-	-	-	-	zaškvičí	zaškvič	zaškvičme	zaškvičte	-	-	-	-	-
zaškvrnit	-	-	-	-	-	-	zaškvrň	zaškvrňme	zaškvrňte	-	zaškvrněn	-	-	-
zaškvrčet	-	-	-	-	-	zaškvrčí	zaškvrč	zaškvrčme	zaškvrčte	-	-	-	-	-
zaškvířit	-	-	-	-	-	-	-	-	-	-	-	zaškvíře	-	-
zaškvěčet	-	-	-	-	-	zaškvěčí	zaškvěč	zaškvěčme	zaškvěčte	-	-	-	-	-
zaškádlit	-	-	-	-	-	-	zaškádli	zaškádleme	zaškádlete	-	-	-	-	-
zašmejdit	-	-	-	-	-	-	zašmejdi	zašmejděme	zašmejděte	-	zašmejděn	-	-	-
zašmelinařit	-	-	-	-	-	-	-	-	-	-	-	zašmelinaře	-	-
zašmelit	-	-	-	-	-	-	-	-	-	-	-	zašmele	-	-
zašpejlit	-	-	-	-	-	-	zašpejli	zašpejleme	zašpejlete	-	-	-	-	-
zašpendlit	-	-	-	-	-	-	zašpendli	zašpendleme	zašpendlete	-	-	-	-	-
zašpinit	-	-	-	-	-	-	zašpiň	zašpiňme	zašpiňte	-	zašpiněn	-	-	-
zašpičatit	-	-	-	-	-	-	zašpičať	zašpičaťme	zašpičaťte	-	zašpičacen	-	-	-
zašpičatět	-	-	-	-	-	-	zašpičatěj	zašpičatějme	zašpičatějte	-	zašpičatěn	zašpičatěje	zašpičatějíc	-
zašpoulit	-	-	-	-	-	-	zašpouli	zašpouleme	zašpoulete	-	-	-	-	-
zašprýmařit	-	-	-	-	-	-	-	-	-	-	-	zašprýmaře	-	-
zašpulit	-	-	-	-	-	-	-	-	-	-	-	zašpule	-	-
zašramotit	-	-	-	-	-	-	zašramoť	zašramoťme	zašramoťte	-	zašramocen	-	-	-
zaštilipět	-	-	-	-	-	-	zaštilipěj	zaštilipějme	zaštilipějte	-	zaštilipěn	zaštilipěje	zaštilipějíc	-
zaštvat	zaštvu	zaštveš	zaštve	zaštveme	zaštvete	zaštvou	zaštvi	zaštvěme	zaštvěte	-	-	-	-	-
zaštípit	-	-	-	-	-	-	zaštip	zaštipme	zaštipte	-	-	-	-	-
zaštítit	-	-	-	-	-	-	zaštiť	zaštiťme	zaštiťte	-	zaštítěn	-	-	-
zaštířit	-	-	-	-	-	-	zaštiř	zaštiřme	zaštiřte	-	-	-	-	-
zaštěničit	-	-	-	-	-	-	-	-	-	-	-	zaštěniče	-	-
zašumět	-	-	-	-	-	-	zašum	zašumme	zašumte	-	zašuměn	-	-	-
zašupajdit	-	-	-	-	-	-	zašupajdi	zašupajděme	zašupajděte	-	zašupajděn	-	-	-
zašupět	-	-	-	-	-	-	zašupěj	zašupějme	zašupějte	-	zašupěn	zašupěje	zašupějíc	-
zašustit	-	-	-	-	-	-	zašusti	zašustěme	zašustěte	-	zašustěn	-	-	-
zašvadronit	-	-	-	-	-	-	zašvadroň	zašvadroňme	zašvadroňte	-	zašvadroněn	-	-	-
zašvandronit	-	-	-	-	-	-	zašvandroň	zašvandroňme	zašvandroňte	-	zašvandroněn	-	-	-
zašveholit	-	-	-	-	-	-	-	-	-	-	-	zašvehole	-	-
zašvihačit	-	-	-	-	-	-	-	-	-	-	-	zašvihače	-	-
zašvitořit	-	-	-	-	-	-	-	-	-	-	-	zašvitoře	-	-
zašít	zašiji	zašiješ	zašije	zašijeme	zašijete	zašijou	zašij	zašijme	zašijte	zašil	zašit	-	-	zašila
zažadonit	-	-	-	-	-	-	zažadoň	zažadoňme	zažadoňte	-	zažadoněn	-	-	-
zažalostit	-	-	-	-	-	-	zažalosti	zažalostěme	zažalostěte	-	zažalostěn	-	-	-
zažalostnit	-	-	-	-	-	-	zažalostni	zažalostněme	zažalostněte	-	zažalostněn	-	-	-
zažebronit	-	-	-	-	-	-	zažebroň	zažebroňme	zažebroňte	-	zažebroněn	-	-	-
zažehlit	-	-	-	-	-	-	zažehli	zažehleme	zažehlete	-	-	-	-	-
zaželet	-	-	-	-	-	zaželí	zažel	zaželme	zaželte	-	-	-	-	-
zažhavět	-	-	-	-	-	-	zažhavěj	zažhavějme	zažhavějte	-	zažhavěn	zažhavěje	zažhavějíc	-
zažihlit	-	-	-	-	-	-	zažihli	zažihleme	zažihlete	-	-	-	-	-
zažlutit	-	-	-	-	-	-	zažluť	zažluťme	zažluťte	-	zažlucen	-	-	-
zažlutět	-	-	-	-	-	-	zažlutěj	zažlutějme	zažlutějte	-	zažlutěn	zažlutěje	zažlutějíc	-
zažrat	zažeru	zažereš	zažere	zažereme	zažerete	zažerou	zažer	zažerme	zažerte	-	-	-	-	-
zažvanit	-	-	-	-	-	-	zažvaň	zažvaňme	zažvaňte	-	zažvaněn	-	-	-
zažárlit	-	-	-	-	-	-	zažárli	zažárleme	zažárlete	-	-	-	-	-
zažít	zažiji	zažiješ	zažije	zažijeme	zažijete	zažijou	zažij	zažijme	zažijte	zažil	zažit	-	-	zažila
zažíznit	-	-	-	-	-	-	zažízni	zažízněme	zažízněte	-	zažízněn	-	-	-
zažířit	-	-	-	-	-	-	zažíři	zažířeme	zažířete	-	-	-	-	-
zbabičkovatět	-	-	-	-	-	-	zbabičkovatěj	zbabičkovatějme	zbabičkovatějte	-	zbabičkovatěn	zbabičkovatěje	zbabičkovatějíc	-
zbabět	-	-	-	-	-	-	zbaběj	zbabějme	zbabějte	-	zbaběn	zbaběje	zbabějíc	-
zbabštět	-	-	-	-	-	-	zbabštěj	zbabštějme	zbabštějte	-	zbabštěn	zbabštěje	zbabštějíc	-
zbachratět	-	-	-	-	-	-	zbachratěj	zbachratějme	zbachratějte	-	zbachratěn	zbachratěje	zbachratějíc	-
zbaculatět	-	-	-	-	-	-	zbaculatěj	zbaculatějme	zbaculatějte	-	zbaculatěn	zbaculatěje	zbaculatějíc	-
zbahnit	-	-	-	-	-	-	zbahni	zbahněme	zbahněte	-	zbahněn	-	-	-
zbahnět	-	-	-	-	-	-	zbahněj	zbahnějme	zbahnějte	-	zbahněn	zbahněje	zbahnějíc	-
zbalamutit	-	-	-	-	-	-	zbalamuť	zbalamuťme	zbalamuťte	-	zbalamucen	-	-	-
zbalit	-	-	-	-	-	-	-	-	-	-	-	zbale	-	-
zbambulatět	-	-	-	-	-	-	zbambulatěj	zbambulatějme	zbambulatějte	-	zbambulatěn	zbambulatěje	zbambulatějíc	-
zbambulovatět	-	-	-	-	-	-	zbambulovatěj	zbambulovatějme	zbambulovatějte	-	zbambulovatěn	zbambulovatěje	zbambulovatějíc	-
zbankrotit	-	-	-	-	-	-	zbankroť	zbankroťme	zbankroťte	-	zbankrotěn	-	-	-
zbanálnit	-	-	-	-	-	-	zbanálni	zbanálněme	zbanálněte	-	zbanálněn	-	-	-
zbanálnět	-	-	-	-	-	-	zbanálněj	zbanálnějme	zbanálnějte	-	zbanálněn	zbanálněje	zbanálnějíc	-
zbančit	-	-	-	-	-	-	zbanči	zbančeme	zbančete	-	-	-	-	-
zbarbarštět	-	-	-	-	-	-	zbarbarštěj	zbarbarštějme	zbarbarštějte	-	zbarbarštěn	zbarbarštěje	zbarbarštějíc	-
zbarvit	-	-	-	-	-	-	zbarvi	zbarvěme	zbarvěte	-	-	-	-	-
zbaštit	-	-	-	-	-	-	zbašti	zbaštěme	zbaštěte	-	zbaštěn	-	-	-
zbezmocnit	-	-	-	-	-	-	zbezmocni	zbezmocněme	zbezmocněte	-	zbezmocněn	-	-	-
zbezpečit	-	-	-	-	-	-	-	-	-	-	-	zbezpeče	-	-
zbezpečnit	-	-	-	-	-	-	zbezpečni	zbezpečněme	zbezpečněte	-	zbezpečněn	-	-	-
zbezradnět	-	-	-	-	-	-	zbezradněj	zbezradnějme	zbezradnějte	-	zbezradněn	zbezradněje	zbezradnějíc	-
zbezvýznamnit	-	-	-	-	-	-	zbezvýznamni	zbezvýznamněme	zbezvýznamněte	-	zbezvýznamněn	-	-	-
zblahobytnět	-	-	-	-	-	-	zblahobytněj	zblahobytnějme	zblahobytnějte	-	zblahobytněn	zblahobytněje	zblahobytnějíc	-
zblankytnět	-	-	-	-	-	-	zblankytněj	zblankytnějme	zblankytnějte	-	zblankytněn	zblankytněje	zblankytnějíc	-
zblažit	-	-	-	-	-	-	-	-	-	-	-	zblaže	-	-
zblbit	-	-	-	-	-	-	zblbi	zblbeme	zblbete	-	-	-	-	-
zblbět	-	-	-	-	-	-	zblběj	zblbějme	zblbějte	-	zblběn	zblběje	zblbějíc	-
zbledět	-	-	-	-	-	-	zbleděj	zbledějme	zbledějte	-	zbleděn	zbleděje	zbledějíc	-
zbloudit	-	-	-	-	-	-	zbloudi	zblouděme	zblouděte	-	-	-	-
zblouznivět	-	-	-	-	-	-	zblouznivěj	zblouznivějme	zblouznivějte	-	zblouznivěn	zblouznivěje	zblouznivějíc	-
zbláhovět	-	-	-	-	-	-	zbláhověj	zbláhovějme	zbláhovějte	-	zbláhověn	zbláhověje	zbláhovějíc	-
zblátivět	-	-	-	-	-	-	zblátivěj	zblátivějme	zblátivějte	-	zblátivěn	zblátivěje	zblátivějíc	-
zbláznit	-	-	-	-	-	-	zblázni	zblázněme	zblázněte	-	zblázněn	-	-
zbodřet	-	-	-	-	-	zbodřejí	zbodřej	zbodřejme	zbodřejte	-	-	zbodřeje	zbodřejíc	-
zbodřit	-	-	-	-	-	-	zbodři	zbodřeme	zbodřete	-	-	-	-	-
zbohatit	-	-	-	-	-	-	zbohať	zbohaťme	zbohaťte	-	zbohacen	-	-	-
zbohatět	-	-	-	-	-	-	zbohatěj	zbohatějme	zbohatějte	-	zbohatěn	zbohatěje	zbohatějíc	-
zbojničit	-	-	-	-	-	-	-	-	-	-	-	zbojniče	-	-
zbojovnět	-	-	-	-	-	-	zbojovněj	zbojovnějme	zbojovnějte	-	zbojovněn	zbojovněje	zbojovnějíc	-
zbojácnět	-	-	-	-	-	zbojácní	zbojácni	zbojácněme	zbojácněte	-	zbojácněn	-	-	-
zbokatět	-	-	-	-	-	-	zbokatěj	zbokatějme	zbokatějte	-	zbokatěn	zbokatěje	zbokatějíc	-
zbolavět	-	-	-	-	-	-	zbolavěj	zbolavějme	zbolavějte	-	zbolavěn	zbolavěje	zbolavějíc	-
zbolestnět	-	-	-	-	-	-	zbolestněj	zbolestnějme	zbolestnějte	-	zbolestněn	zbolestněje	zbolestnějíc	-
zbolnět	-	-	-	-	-	-	zbolněj	zbolnějme	zbolnějte	-	zbolněn	zbolněje	zbolnějíc	-
zbortit	-	-	-	-	-	-	zborti	zbortěme	zbortěte	-	zborcen	-	-	-
zboubelatět	-	-	-	-	-	-	zboubelatěj	zboubelatějme	zboubelatějte	-	zboubelatěn	zboubelatěje	zboubelatějíc	-
zbočit	-	-	-	-	-	-	-	-	-	-	-	zboče	-	-
zbořit	-	-	-	-	-	-	-	-	-	-	-	zboře	-	-
zbožnit	-	-	-	-	-	-	zbožni	zbožněme	zbožněte	-	zbožněn	-	-	-
zbožštit	-	-	-	-	-	-	zbožšti	zbožštěme	zbožštěte	-	zbožštěn	-	-	-
zbrantovatět	-	-	-	-	-	-	zbrantovatěj	zbrantovatějme	zbrantovatějte	-	zbrantovatěn	zbrantovatěje	zbrantovatějíc	-
zbrejlit	-	-	-	-	-	-	zbrejli	zbrejleme	zbrejlete	-	-	-	-	-
zbrnět	-	-	-	-	-	zbrní	zbrň	zbrňme	zbrňte	-	zbrněn	-	-	-
zbrodit	-	-	-	-	-	-	zbroď	zbroďme	zbroďte	-	zbroděn	-	-	-
zbrojit	-	-	-	-	-	-	-	-	-	-	-	zbroje	-
zbronzovět	-	-	-	-	-	-	zbronzověj	zbronzovějme	zbronzovějte	-	zbronzověn	zbronzověje	zbronzovějíc	-
zbrotit	-	-	-	-	-	-	zbroť	zbroťme	zbroťte	-	zbrocen	-	-
zbrousit	-	-	-	-	-	-	zbrus	zbrusme	zbruste	-	zbroušen	-	-	-
zbrunátnět	-	-	-	-	-	zbrunátní	zbrunátni	zbrunátněme	zbrunátněte	-	zbrunátněn	-	-	-
zbrzdit	-	-	-	-	-	-	zbrzdi	zbrzděme	zbrzděte	-	zbrzděn	-	-
zbránit	-	-	-	-	-	-	zbraň	zbraňme	zbraňte	-	zbráněn	-	-	-
zbrázdit	-	-	-	-	-	-	zbrázdi	zbrázděme	zbrázděte	-	zbrázděn	-	-	-
zbrčit	-	-	-	-	-	-	-	-	-	-	-	zbrče	-	-
zbubřet	-	-	-	-	-	zbubří	zbubři	zbubřeme	zbubřete	-	-	-	-	-
zbuchtovatět	-	-	-	-	-	-	zbuchtovatěj	zbuchtovatějme	zbuchtovatějte	-	zbuchtovatěn	zbuchtovatěje	zbuchtovatějíc	-
zbuclatět	-	-	-	-	-	zbuclatí	zbuclať	zbuclaťme	zbuclaťte	-	zbuclatěn	-	-	-
zbujařet	-	-	-	-	-	zbujařejí	zbujařej	zbujařejme	zbujařejte	-	-	zbujařeje	zbujařejíc	-
zbujařit	-	-	-	-	-	-	-	-	-	-	-	zbujaře	-	-
zbujet	-	-	-	-	-	zbují	zbuj	zbujme	zbujte	-	-	-	-	-
zbujnit	-	-	-	-	-	-	zbujni	zbujněme	zbujněte	-	zbujněn	-	-	-
zbujnět	-	-	-	-	-	zbujní	zbujni	zbujněme	zbujněte	-	zbujněn	-	-	-
zbulit	-	-	-	-	-	-	-	-	-	-	-	zbule	-	-
zburácet	-	-	-	-	-	zburácejí	zburácej	zburácejme	zburácejte	-	-	zburáceje	zburácejíc	-
zburžoasnět	-	-	-	-	-	-	zburžoasněj	zburžoasnějme	zburžoasnějte	-	zburžoasněn	zburžoasněje	zburžoasnějíc	-
zburžoaznět	-	-	-	-	-	-	zburžoazněj	zburžoaznějme	zburžoaznějte	-	zburžoazněn	zburžoazněje	zburžoaznějíc	-
zbyrokratičtět	-	-	-	-	-	-	zbyrokratičtěj	zbyrokratičtějme	zbyrokratičtějte	-	zbyrokratičtěn	zbyrokratičtěje	zbyrokratičtějíc	-
zbyrokratět	-	-	-	-	-	-	zbyrokratěj	zbyrokratějme	zbyrokratějte	-	zbyrokratěn	zbyrokratěje	zbyrokratějíc	-
zbystřit	-	-	-	-	-	-	zbystři	zbystřeme	zbystřete	-	-	-	-	-
zbytnět	-	-	-	-	-	zbytní	zbytni	zbytněme	zbytněte	-	zbytněn	-	-	-
zbájit	-	-	-	-	-	-	zbaj	zbajme	zbajte	-	-	-	-	-
zbásnit	-	-	-	-	-	-	zbásni	zbásněme	zbásněte	-	zbásněn	-	-	-
zbásničtit	-	-	-	-	-	-	zbásničti	zbásničtěme	zbásničtěte	-	zbásničtěn	-	-	-
zbázlivět	-	-	-	-	-	-	zbázlivěj	zbázlivějme	zbázlivějte	-	zbázlivěn	zbázlivěje	zbázlivějíc	-
zbídačet	-	-	-	-	-	zbídačejí	zbídačej	zbídačejme	zbídačejte	-	-	zbídačeje	zbídačejíc	-
zbídačit	-	-	-	-	-	-	-	-	-	-	-	zbídače	-	-
zbídnit	-	-	-	-	-	-	zbídni	zbídněme	zbídněte	-	zbídněn	-	-	-
zbídnět	-	-	-	-	-	-	zbídněj	zbídnějme	zbídnějte	-	zbídněn	zbídněje	zbídnějíc	-
zbíjet	-	-	-	-	-	zbíjejí	zbíjej	zbíjejme	zbíjejte	-	-	zbíjeje	zbíjejíc	-
zbílit	-	-	-	-	-	-	zbil	zbilme	zbilte	-	-	-	-	-
zbít	zbiji	zbiješ	zbije	zbijeme	zbijete	zbijou	zbij	zbijme	zbijte	zbil	zbit	-	-
zbýt	zbudu	zbudeš	zbude	zbudeme	zbudete	zbudou	zbuď	zbuďme	zbuďte	zbyl	zbyt	-	-	-
zbědačit	-	-	-	-	-	-	-	-	-	-	-	zbědače	-	-
zbělavět	-	-	-	-	-	-	zbělavěj	zbělavějme	zbělavějte	-	zbělavěn	zbělavěje	zbělavějíc	-
zbělet	-	-	-	-	-	zbělejí	zběl	zbělme	zbělte	-	-	-	-
zbělit	-	-	-	-	-	-	-	-	-	-	-	zběle	-	-
zběsit	-	-	-	-	-	-	-	-	-	-	-	zběse	-	-
zběsnit	-	-	-	-	-	-	zběsni	zběsněme	zběsněte	-	zběsněn	-	-	-
zbředit	-	-	-	-	-	-	zbřeď	zbřeďme	zbřeďte	-	zbředěn	-	-	-
zbřichatět	-	-	-	-	-	-	zbřichatěj	zbřichatějme	zbřichatějte	-	zbřichatěn	zbřichatěje	zbřichatějíc	-
zbřidličnatět	-	-	-	-	-	-	zbřidličnatěj	zbřidličnatějme	zbřidličnatějte	-	zbřidličnatěn	zbřidličnatěje	zbřidličnatějíc	-
zbřídit	-	-	-	-	-	-	zbřiď	zbřiďme	zbřiďte	-	zbříděn	-	-	-
zbůst	zbodu	zbodeš	zbode	zbodeme	zbodete	zbodou	-	-	-	zbodl	zboden	-	-	zbodla
zcelit	-	-	-	-	-	-	-	-	-	-	-	zcele	-	-
zcenit	-	-	-	-	-	-	zceň	zceňme	zceňte	-	zceněn	-	-	-
zcepenět	-	-	-	-	-	zcepení	zcepeň	zcepeňme	zcepeňte	-	zcepeněn	-	-	-
zchachařit	-	-	-	-	-	-	-	-	-	-	-	zchachaře	-	-
zchamradit	-	-	-	-	-	-	zchamraď	zchamraďme	zchamraďte	-	zchamraděn	-	-	-
zchamtit	-	-	-	-	-	-	zchamti	zchamtěme	zchamtěte	-	zchamtěn	-	-	-
zchatrnět	-	-	-	-	-	-	zchatrněj	zchatrnějme	zchatrnějte	-	zchatrněn	zchatrněje	zchatrnějíc	-
zchladit	-	-	-	-	-	-	zchlaď	zchlaďme	zchlaďte	-	zchlazen	-	-
zchladnět	-	-	-	-	-	-	zchladněj	zchladnějme	zchladnějte	-	zchladněn	zchladněje	zchladnějíc	-
zchlapečtět	-	-	-	-	-	-	zchlapečtěj	zchlapečtějme	zchlapečtějte	-	zchlapečtěn	zchlapečtěje	zchlapečtějíc	-
zchlupatět	-	-	-	-	-	-	zchlupatěj	zchlupatějme	zchlupatějte	-	zchlupatěn	zchlupatěje	zchlupatějíc	-
zchlácholit	-	-	-	-	-	-	-	-	-	-	-	zchláchole	-	-
zchmelit	-	-	-	-	-	-	-	-	-	-	-	zchmele	-	-
zchmouřit	-	-	-	-	-	-	zchmouři	zchmouřeme	zchmouřete	-	-	-	-	-
zchmurnět	-	-	-	-	-	-	zchmurněj	zchmurnějme	zchmurnějte	-	zchmurněn	zchmurněje	zchmurnějíc	-
zchmuřit	-	-	-	-	-	-	-	-	-	-	-	zchmuře	-	-
zchocholit	-	-	-	-	-	-	-	-	-	-	-	zchochole	-	-
zchodit	-	-	-	-	-	-	zchoď	zchoďme	zchoďte	-	zchozen	-	-	-
zchorobnět	-	-	-	-	-	-	zchorobněj	zchorobnějme	zchorobnějte	-	zchorobněn	zchorobněje	zchorobnějíc	-
zchoulostivit	-	-	-	-	-	-	zchoulostivi	zchoulostivěme	zchoulostivěte	-	-	-	-	-
zchoulostivět	-	-	-	-	-	-	zchoulostivěj	zchoulostivějme	zchoulostivějte	-	zchoulostivěn	zchoulostivěje	zchoulostivějíc	-
zchraplavět	-	-	-	-	-	-	zchraplavěj	zchraplavějme	zchraplavějte	-	zchraplavěn	zchraplavěje	zchraplavějíc	-
zchraptět	-	-	-	-	-	zchraptí	zchrapti	zchraptěme	zchraptěte	-	zchraptěn	-	-	-
zchromět	-	-	-	-	-	-	zchroměj	zchromějme	zchromějte	-	zchroměn	zchroměje	zchromějíc	-
zchuchvalit	-	-	-	-	-	-	-	-	-	-	-	zchuchvale	-	-
zchudačit	-	-	-	-	-	-	-	-	-	-	-	zchudače	-	-
zchudit	-	-	-	-	-	-	zchuď	zchuďme	zchuďte	-	zchuzen	-	-	-
zchudobnět	-	-	-	-	-	-	zchudobněj	zchudobnějme	zchudobnějte	-	zchudobněn	zchudobněje	zchudobnějíc	-
zchumálet	-	-	-	-	-	zchumálejí	zchumálej	zchumálejme	zchumálejte	-	-	zchumáleje	zchumálejíc	-
zchuravět	-	-	-	-	-	-	zchuravěj	zchuravějme	zchuravějte	-	zchuravěn	zchuravěje	zchuravějíc	-
zchutnit	-	-	-	-	-	-	zchutni	zchutněme	zchutněte	-	zchutněn	-	-	-
zchvácet	-	-	-	-	-	zchvácejí	zchvácej	zchvácejme	zchvácejte	-	-	zchváceje	zchvácejíc	-
zchvátit	-	-	-	-	-	-	zchvať	zchvaťme	zchvaťte	-	zchvácen	-	-	-
zchvět	-	-	-	-	-	-	zchvěj	zchvějme	zchvějte	-	zchvěn	zchvěje	zchvějíc	-
zchytit	-	-	-	-	-	-	zchyť	zchyťme	zchyťte	-	zchycen	-	-	-
zchytřet	-	-	-	-	-	zchytří	zchytři	zchytřeme	zchytřete	-	-	-	-	-
zcikánět	-	-	-	-	-	-	zcikáněj	zcikánějme	zcikánějte	-	zcikáněn	zcikáněje	zcikánějíc	-
zcitlivit	-	-	-	-	-	-	-	-	-	-	zcitlivěn	-	-	-
zcitlivět	-	-	-	-	-	-	zcitlivěj	zcitlivějme	zcitlivějte	-	zcitlivěn	zcitlivěje	zcitlivějíc	-
zcitovět	-	-	-	-	-	-	zcitověj	zcitovějme	zcitovějte	-	zcitověn	zcitověje	zcitovějíc	-
zcivilnit	-	-	-	-	-	-	zcivilni	zcivilněme	zcivilněte	-	zcivilněn	-	-	-
zcivilnět	-	-	-	-	-	-	zcivilněj	zcivilnějme	zcivilnějte	-	zcivilněn	zcivilněje	zcivilnějíc	-
zcizet	-	-	-	-	-	zcizejí	zcizej	zcizejme	zcizejte	-	-	zcizeje	zcizejíc	-
zcizoložit	-	-	-	-	-	-	-	-	-	-	-	zcizolože	-	-
zcizozemštit	-	-	-	-	-	-	zcizozemšti	zcizozemštěme	zcizozemštěte	-	zcizozemštěn	-	-	-
zcopatět	-	-	-	-	-	-	zcopatěj	zcopatějme	zcopatějte	-	zcopatěn	zcopatěje	zcopatějíc	-
zcuckovatět	-	-	-	-	-	-	zcuckovatěj	zcuckovatějme	zcuckovatějte	-	zcuckovatěn	zcuckovatěje	zcuckovatějíc	-
zcukernatět	-	-	-	-	-	zcukernatí	zcukernať	zcukernaťme	zcukernaťte	-	zcukernatěn	-	-	-
zcukernit	-	-	-	-	-	-	zcukerni	zcukerněme	zcukerněte	-	zcukerněn	-	-	-
zcukernět	-	-	-	-	-	-	zcukerněj	zcukernějme	zcukernějte	-	zcukerněn	zcukerněje	zcukernějíc	-
zcukrovatět	-	-	-	-	-	-	zcukrovatěj	zcukrovatějme	zcukrovatějte	-	zcukrovatěn	zcukrovatěje	zcukrovatějíc	-
zcukřit	-	-	-	-	-	-	zcukři	zcukřeme	zcukřete	-	-	-	-	-
zcyničtět	-	-	-	-	-	-	zcyničtěj	zcyničtějme	zcyničtějte	-	zcyničtěn	zcyničtěje	zcyničtějíc	-
zcírkevnit	-	-	-	-	-	-	zcírkevni	zcírkevněme	zcírkevněte	-	zcírkevněn	-	-	-
zdanit	-	-	-	-	-	-	zdaň	zdaňme	zdaňte	-	zdaněn	-	-
zdarebačit	-	-	-	-	-	-	-	-	-	-	-	zdarebače	-	-
zdařit	-	-	-	-	-	-	-	-	-	-	-	zdaře	-	-
zdefinitivnit	-	-	-	-	-	-	zdefinitivni	zdefinitivněme	zdefinitivněte	-	zdefinitivněn	-	-	-
zdelšit	-	-	-	-	-	-	zdelši	zdelšeme	zdelšete	-	-	-	-	-
zdemokratičtět	-	-	-	-	-	-	zdemokratičtěj	zdemokratičtějme	zdemokratičtějte	-	zdemokratičtěn	zdemokratičtěje	zdemokratičtějíc	-
zdesateronásobnit	-	-	-	-	-	-	-	-	-	-	zdesateronásobněn	-	-	-
zdiamantovět	-	-	-	-	-	-	zdiamantověj	zdiamantovějme	zdiamantovějte	-	zdiamantověn	zdiamantověje	zdiamantovějíc	-
zdivadelnit	-	-	-	-	-	-	zdivadelni	zdivadelněme	zdivadelněte	-	zdivadelněn	-	-	-
zdivočet	-	-	-	-	-	zdivočí	zdivoč	zdivočme	zdivočte	-	-	-	-	-
zdivět	-	-	-	-	-	-	zdivěj	zdivějme	zdivějte	-	zdivěn	zdivěje	zdivějíc	-
zdloužit	-	-	-	-	-	-	zdlouži	zdloužeme	zdloužete	-	-	-	-	-
zdlužit	-	-	-	-	-	-	-	-	-	-	-	zdluže	-	-
zdobromyslnět	-	-	-	-	-	-	zdobromyslněj	zdobromyslnějme	zdobromyslnějte	-	zdobromyslněn	zdobromyslněje	zdobromyslnějíc	-
zdobráčtět	-	-	-	-	-	-	zdobráčtěj	zdobráčtějme	zdobráčtějte	-	zdobráčtěn	zdobráčtěje	zdobráčtějíc	-
zdohnat	zdoženu	zdoženeš	zdožene	zdoženeme	zdoženete	zdoženou	zdožeň	zdožeňme	zdožeňte	-	-	-	-	-
zdohonit	-	-	-	-	-	-	zdohoň	zdohoňme	zdohoňte	-	zdohoněn	-	-	-
zdohánět	-	-	-	-	-	-	zdoháněj	zdohánějme	zdohánějte	-	zdoháněn	zdoháněje	zdohánějíc	-
zdohřát	zdohřeji	zdohřeješ	zdohřeje	zdohřejeme	zdohřejete	zdohřejou	zdohřej	zdohřejme	zdohřejte	-	zdohřát	-	-	-
zdokonalit	-	-	-	-	-	-	-	-	-	-	-	zdokonale	-	-
zdolit	-	-	-	-	-	-	-	-	-	-	-	zdole	-	-
zdolíčkovatět	-	-	-	-	-	-	zdolíčkovatěj	zdolíčkovatějme	zdolíčkovatějte	-	zdolíčkovatěn	zdolíčkovatěje	zdolíčkovatějíc	-
zdomácnit	-	-	-	-	-	-	zdomácni	zdomácněme	zdomácněte	-	zdomácněn	-	-	-
zdomácnět	-	-	-	-	-	-	zdomácni	-	-	-	zdomácněn	-	-	-
zdostupnit	-	-	-	-	-	-	zdostupni	zdostupněme	zdostupněte	-	-	-	-	-
zdout	zduji	zduješ	zduje	zdujeme	zdujete	zdujou	-	-	-	zdul	-	-	-	zdula
zdražit	-	-	-	-	-	-	-	-	-	-	-	zdraže	-	-
zdredovatět	-	-	-	-	-	-	zdredovatěj	zdredovatějme	zdredovatějte	-	zdredovatěn	zdredovatěje	zdredovatějíc	-
zdrnovatět	-	-	-	-	-	-	zdrnovatěj	zdrnovatějme	zdrnovatějte	-	zdrnovatěn	zdrnovatěje	zdrnovatějíc	-
zdrobnit	-	-	-	-	-	-	zdrobni	zdrobněme	zdrobněte	-	zdrobněn	-	-	-
zdrobnět	-	-	-	-	-	-	zdrobněj	zdrobnějme	zdrobnějte	-	zdrobněn	zdrobněje	zdrobnějíc	-
zdrobtovatět	-	-	-	-	-	-	zdrobtovatěj	zdrobtovatějme	zdrobtovatějte	-	zdrobtovatěn	zdrobtovatěje	zdrobtovatějíc	-
zdrolit	-	-	-	-	-	-	-	-	-	-	-	zdrole	-	-
zdrsnatět	-	-	-	-	-	-	zdrsnatěj	zdrsnatějme	zdrsnatějte	-	zdrsnatěn	zdrsnatěje	zdrsnatějíc	-
zdrsnit	-	-	-	-	-	-	zdrsni	zdrsněme	zdrsněte	-	zdrsněn	-	-	-
zdrsnět	-	-	-	-	-	zdrsní	zdrsni	zdrsněme	zdrsněte	-	zdrsněn	-	-
zdrtit	-	-	-	-	-	-	zdrť	zdrťme	zdrťte	-	zdrcen	-	-	-
zdruhovět	-	-	-	-	-	-	zdruhověj	zdruhovějme	zdruhovějte	-	zdruhověn	zdruhověje	zdruhovějíc	-
združstevnit	-	-	-	-	-	-	združstevni	združstevněme	združstevněte	-	združstevněn	-	-	-
zdrzet	-	-	-	-	-	zdrzejí	zdrzej	zdrzejme	zdrzejte	-	-	zdrzeje	zdrzejíc	-
zdráždit	-	-	-	-	-	-	zdráždi	zdrážděme	zdrážděte	-	zdrážděn	-	-	-
zdržet	-	-	-	-	-	zdrží	zdrž	zdržme	zdržte	-	-	-	-
zduchovnit	-	-	-	-	-	-	zduchovni	zduchovněme	zduchovněte	-	zduchovněn	-	-	-
zduchovnět	-	-	-	-	-	-	zduchovněj	zduchovnějme	zduchovnějte	-	zduchovněn	zduchovněje	zduchovnějíc	-
zduchovět	-	-	-	-	-	-	zduchověj	zduchovějme	zduchovějte	-	zduchověn	zduchověje	zduchovějíc	-
zdunět	-	-	-	-	-	zduní	zduň	zduňme	zduňte	-	zduněn	-	-	-
zdusit	-	-	-	-	-	-	-	-	-	-	zdušen	-	-	-
zdusnět	-	-	-	-	-	-	zdusněj	zdusnějme	zdusnějte	-	zdusněn	zdusněje	zdusnějíc	-
zduřet	-	-	-	-	-	zduří	zduř	zduřme	zduřte	-	-	-	-
zduřit	-	-	-	-	-	-	-	-	-	-	-	zduře	-	-
zduševnit	-	-	-	-	-	-	zduševni	zduševněme	zduševněte	-	zduševněn	-	-	-
zduševnět	-	-	-	-	-	-	zduševněj	zduševnějme	zduševnějte	-	zduševněn	zduševněje	zduševnějíc	-
zdužnatět	-	-	-	-	-	-	zdužnatěj	zdužnatějme	zdužnatějte	-	zdužnatěn	zdužnatěje	zdužnatějíc	-
zdvojit	-	-	-	-	-	-	-	-	-	-	-	zdvoje	-	-
zdvojkolejnit	-	-	-	-	-	-	zdvojkolejni	zdvojkolejněme	zdvojkolejněte	-	zdvojkolejněn	-	-	-
zdvojmocnit	-	-	-	-	-	-	zdvojmocni	zdvojmocněme	zdvojmocněte	-	zdvojmocněn	-	-	-
zdvojnásobnit	-	-	-	-	-	-	zdvojnásobni	zdvojnásobněme	zdvojnásobněte	-	zdvojnásobněn	-	-	-
zdvoukolejnit	-	-	-	-	-	-	zdvoukolejni	zdvoukolejněme	zdvoukolejněte	-	zdvoukolejněn	-	-	-
zdychtivět	-	-	-	-	-	-	zdychtivěj	zdychtivějme	zdychtivějte	-	zdychtivěn	zdychtivěje	zdychtivějíc	-
zdynamičtit	-	-	-	-	-	-	zdynamičti	zdynamičtěme	zdynamičtěte	-	zdynamičtěn	-	-	-
zdát	zdám	zdáš	zdá	zdáme	zdáte	zdají	zdej	zdejme	zdejte	-	zdán	zdaje	zdajíc	-
zdávit	-	-	-	-	-	-	zdav	zdavme	zdavte	-	-	-	-	-
zdélit	-	-	-	-	-	-	zdel	zdelme	zdelte	-	-	-	-	-
zdít	zdím	zdíš	zdí	zdíme	zdíte	zdí	zdi	zděme	zděte	zdil	zděn	zdě	zdíc
zdědit	-	-	-	-	-	-	zděď	zděďme	zděďte	-	zděděn	-	-
zdědkovatět	-	-	-	-	-	-	zdědkovatěj	zdědkovatějme	zdědkovatějte	-	zdědkovatěn	zdědkovatěje	zdědkovatějíc	-
zděravět	-	-	-	-	-	-	zděravěj	zděravějme	zděravějte	-	zděravěn	zděravěje	zděravějíc	-
zděsit	-	-	-	-	-	-	-	-	-	-	zděšen	-	-
zdětinět	-	-	-	-	-	-	zdětiněj	zdětinějme	zdětinějte	-	zdětiněn	zdětiněje	zdětinějíc	-
zdětinštět	-	-	-	-	-	zdětinští	zdětinšti	zdětinštěme	zdětinštěte	-	zdětinštěn	-	-	-
zdětštit	-	-	-	-	-	-	zdětšti	zdětštěme	zdětštěte	-	zdětštěn	-	-	-
zdřevnatět	-	-	-	-	-	zdřevnatí	zdřevnať	zdřevnaťme	zdřevnaťte	-	zdřevnatěn	-	-	-
zdřevěnět	-	-	-	-	-	zdřevění	zdřevěň	zdřevěňme	zdřevěňte	-	zdřevěněn	-	-	-
zdůraznit	-	-	-	-	-	-	zdůrazni	zdůrazněme	zdůrazněte	-	zdůrazněn	-	-
zdůstojnit	-	-	-	-	-	-	zdůstojni	zdůstojněme	zdůstojněte	-	zdůstojněn	-	-	-
zdůstojnět	-	-	-	-	-	-	zdůstojněj	zdůstojnějme	zdůstojnějte	-	zdůstojněn	zdůstojněje	zdůstojnějíc	-
zdůvodnit	-	-	-	-	-	-	zdůvodni	zdůvodněme	zdůvodněte	-	zdůvodněn	-	-
zdůvěrnit	-	-	-	-	-	-	zdůvěrni	zdůvěrněme	zdůvěrněte	-	zdůvěrněn	-	-	-
zdůvěrnět	-	-	-	-	-	-	zdůvěrněj	zdůvěrnějme	zdůvěrnějte	-	zdůvěrněn	zdůvěrněje	zdůvěrnějíc	-
zdůvěryhodnit	-	-	-	-	-	-	zdůvěryhodni	zdůvěryhodněme	zdůvěryhodněte	-	zdůvěryhodněn	-	-	-
zechcat	zechčiji	zechčiješ	zechčije	zechčijeme	zechčijete	zechčijou	zechčij	zechčijme	zechčijte	-	-	-	-	-
zectít	zectím	zectíš	zectí	zectíme	zectíte	zectí	zecti	zectěme	zectěte	zectil	zectěn	-	-	zectila
zedničit	-	-	-	-	-	-	-	-	-	-	-	zedniče	-	-
zedrat	zderu	zdereš	zdere	zdereme	zderete	zderou	zder	zderme	zderte	-	-	-	-	-
zedřít	zedřu	zedřeš	zedře	zedřeme	zedřete	zedřou	zedři	zedřeme	zedřete	zedřel	zedřen	-	-	zedřela
zefektivnit	-	-	-	-	-	-	zefektivni	zefektivněme	zefektivněte	-	zefektivněn	-	-
zehřát	zehřeji	zehřeješ	zehřeje	zehřejeme	zehřejete	zehřejou	zehřej	zehřejme	zehřejte	-	zehřát	-	-	-
zekonomičtit	-	-	-	-	-	-	zekonomičti	zekonomičtěme	zekonomičtěte	-	zekonomičtěn	-	-	-
zelegantnit	-	-	-	-	-	-	zelegantni	zelegantněme	zelegantněte	-	zelegantněn	-	-	-
zelementárnit	-	-	-	-	-	-	zelementárni	zelementárněme	zelementárněte	-	zelementárněn	-	-	-
zelenavět	-	-	-	-	-	-	zelenavěj	zelenavějme	zelenavějte	-	zelenavěn	zelenavěje	zelenavějíc	-
zelenit	-	-	-	-	-	-	zeleň	zeleňme	zeleňte	-	zeleněn	-	-	-
zelenět	-	-	-	-	-	-	zeleněj	zelenějme	zelenějte	-	zeleněn	zeleněje	zelenějíc	-
zeleňat	-	-	-	-	-	-	zeleněj	zelenějme	zelenějte	-	-	-	-	-
zelinařit	-	-	-	-	-	-	-	-	-	-	-	zelinaře	-	-
zemdlít	zemdlím	zemdlíš	zemdlí	zemdlíme	zemdlíte	zemdlejí	zemdli	zemdleme	zemdlete	zemdlel	zemdlen	-	-	zemdlela
zemnit	-	-	-	-	-	-	zemni	zemněme	zemněte	-	zemněn	-	-	-
zemstít	zemstím	zemstíš	zemstí	zemstíme	zemstíte	zemstí	zemsti	zemstěme	zemstěte	zemstil	zemstěn	-	-	zemstila
zemřít	zemřu	zemřeš	zemře	zemřeme	zemřete	zemřou	zemři	zemřeme	zemřete	zemřel	zemřen	-	-	-
zepičtět	-	-	-	-	-	-	zepičtěj	zepičtějme	zepičtějte	-	zepičtěn	zepičtěje	zepičtějíc	-
zepsout	zepsuji	zepsuješ	zepsuje	zepsujeme	zepsujete	zepsujou	zepsuj	zepsujme	zepsujte	zepsul	zepsut	-	-	zepsula
zerzavět	-	-	-	-	-	-	zerzavěj	zerzavějme	zerzavějte	-	zerzavěn	zerzavěje	zerzavějíc	-
zerzivět	-	-	-	-	-	-	zerzivěj	zerzivějme	zerzivějte	-	zerzivěn	zerzivěje	zerzivějíc	-
zesamostatnit	-	-	-	-	-	-	zesamostatni	zesamostatněme	zesamostatněte	-	zesamostatněn	-	-	-
zesamostatnět	-	-	-	-	-	-	zesamostatněj	zesamostatnějme	zesamostatnějte	-	zesamostatněn	zesamostatněje	zesamostatnějíc	-
zesedlačit	-	-	-	-	-	-	-	-	-	-	-	zesedlače	-	-
zesedláčtit	-	-	-	-	-	-	zesedláčti	zesedláčtěme	zesedláčtěte	-	zesedláčtěn	-	-	-
zeselštět	-	-	-	-	-	-	zeselštěj	zeselštějme	zeselštějte	-	zeselštěn	zeselštěje	zeselštějíc	-
zesentimentálnit	-	-	-	-	-	-	zesentimentálni	zesentimentálněme	zesentimentálněte	-	zesentimentálněn	-	-	-
zesentimentálnět	-	-	-	-	-	-	zesentimentálněj	zesentimentálnějme	zesentimentálnějte	-	zesentimentálněn	zesentimentálněje	zesentimentálnějíc	-
zesilnit	-	-	-	-	-	-	zesilni	zesilněme	zesilněte	-	zesilněn	-	-	-
zesilnět	-	-	-	-	-	-	zesilněj	zesilnějme	zesilnějte	-	zesilněn	zesilněje	zesilnějíc	-
zesimultánit	-	-	-	-	-	-	zesimultáň	zesimultáňme	zesimultáňte	-	zesimultáněn	-	-	-
zesinavět	-	-	-	-	-	-	zesinavěj	zesinavějme	zesinavějte	-	zesinavěn	zesinavěje	zesinavějíc	-
zesirupovatět	-	-	-	-	-	-	zesirupovatěj	zesirupovatějme	zesirupovatějte	-	zesirupovatěn	zesirupovatěje	zesirupovatějíc	-
zesivět	-	-	-	-	-	-	zesivěj	zesivějme	zesivějte	-	zesivěn	zesivěje	zesivějíc	-
zeskelnatět	-	-	-	-	-	-	zeskelnatěj	zeskelnatějme	zeskelnatějte	-	zeskelnatěn	zeskelnatěje	zeskelnatějíc	-
zeskelnit	-	-	-	-	-	-	zeskelni	zeskelněme	zeskelněte	-	zeskelněn	-	-	-
zeskelnět	-	-	-	-	-	-	zeskelněj	zeskelnějme	zeskelnějte	-	zeskelněn	zeskelněje	zeskelnějíc	-
zesklovatět	-	-	-	-	-	-	zesklovatěj	zesklovatějme	zesklovatějte	-	zesklovatěn	zesklovatěje	zesklovatějíc	-
zeskromnit	-	-	-	-	-	-	zeskromni	zeskromněme	zeskromněte	-	zeskromněn	-	-	-
zeskromnět	-	-	-	-	-	zeskromní	zeskromni	zeskromněme	zeskromněte	-	zeskromněn	-	-	-
zeskrovnit	-	-	-	-	-	-	zeskrovni	zeskrovněme	zeskrovněte	-	zeskrovněn	-	-	-
zeskrovnět	-	-	-	-	-	-	zeskrovněj	zeskrovnějme	zeskrovnějte	-	zeskrovněn	zeskrovněje	zeskrovnějíc	-
zeskutečnit	-	-	-	-	-	-	zeskutečni	zeskutečněme	zeskutečněte	-	zeskutečněn	-	-	-
zeskvrnatět	-	-	-	-	-	-	zeskvrnatěj	zeskvrnatějme	zeskvrnatějte	-	zeskvrnatěn	zeskvrnatěje	zeskvrnatějíc	-
zesladit	-	-	-	-	-	-	zeslaď	zeslaďme	zeslaďte	-	zeslazen	-	-	-
zeslavnostnit	-	-	-	-	-	-	zeslavnostni	zeslavnostněme	zeslavnostněte	-	zeslavnostněn	-	-	-
zeslavnostnět	-	-	-	-	-	-	zeslavnostněj	zeslavnostnějme	zeslavnostnějte	-	zeslavnostněn	zeslavnostněje	zeslavnostnějíc	-
zeslizovatět	-	-	-	-	-	-	zeslizovatěj	zeslizovatějme	zeslizovatějte	-	zeslizovatěn	zeslizovatěje	zeslizovatějíc	-
zesličnit	-	-	-	-	-	-	zeslični	zesličněme	zesličněte	-	zesličněn	-	-	-
zesličnět	-	-	-	-	-	-	zesličněj	zesličnějme	zesličnějte	-	zesličněn	zesličněje	zesličnějíc	-
zeslovanit	-	-	-	-	-	-	zeslovaň	zeslovaňme	zeslovaňte	-	zeslovaněn	-	-	-
zeslovanštit	-	-	-	-	-	-	zeslovanšti	zeslovanštěme	zeslovanštěte	-	zeslovanštěn	-	-	-
zeslovanštět	-	-	-	-	-	-	zeslovanštěj	zeslovanštějme	zeslovanštějte	-	zeslovanštěn	zeslovanštěje	zeslovanštějíc	-
zeslovenštit	-	-	-	-	-	-	zeslovenšti	zeslovenštěme	zeslovenštěte	-	zeslovenštěn	-	-	-
zesložitit	-	-	-	-	-	-	zesložiť	zesložiťme	zesložiťte	-	zesložitěn	-	-	-
zeslyšitelnit	-	-	-	-	-	-	zeslyšitelni	zeslyšitelněme	zeslyšitelněte	-	zeslyšitelněn	-	-	-
zesmilnit	-	-	-	-	-	-	zesmilni	zesmilněme	zesmilněte	-	zesmilněn	-	-	-
zesmluvnit	-	-	-	-	-	-	-	-	-	-	zesmluvněn	-	-	-
zesmutnit	-	-	-	-	-	-	zesmutni	zesmutněme	zesmutněte	-	zesmutněn	-	-	-
zesmutnět	-	-	-	-	-	zesmutní	zesmutni	zesmutněme	zesmutněte	-	zesmutněn	-	-	-
zesmyslnit	-	-	-	-	-	-	zesmyslni	zesmyslněme	zesmyslněte	-	zesmyslněn	-	-	-
zesmyslovět	-	-	-	-	-	-	zesmyslověj	zesmyslovějme	zesmyslovějte	-	zesmyslověn	zesmyslověje	zesmyslovějíc	-
zesměšnit	-	-	-	-	-	-	zesměšni	zesměšněme	zesměšněte	-	zesměšněn	-	-	-
zesnobštit	-	-	-	-	-	-	zesnobšti	zesnobštěme	zesnobštěte	-	zesnobštěn	-	-	-
zesnout	-	-	-	-	-	-	-	-	-	zesnul	-	-	-
zesnovat	zesnovám	zesnováš	zesnová	zesnováme	zesnováte	zesnovají	zesnovej	zesnovejme	zesnovejte	-	zesnován	zesnovaje	zesnovajíc	-
zesnětivět	-	-	-	-	-	-	zesnětivěj	zesnětivějme	zesnětivějte	-	zesnětivěn	zesnětivěje	zesnětivějíc	-
zesobečtět	-	-	-	-	-	-	zesobečtěj	zesobečtějme	zesobečtějte	-	zesobečtěn	zesobečtěje	zesobečtějíc	-
zesociálnit	-	-	-	-	-	-	zesociálni	zesociálněme	zesociálněte	-	zesociálněn	-	-	-
zesoumračit	-	-	-	-	-	-	-	-	-	-	-	zesoumrače	-	-
zesousedštět	-	-	-	-	-	-	zesousedštěj	zesousedštějme	zesousedštějte	-	zesousedštěn	zesousedštěje	zesousedštějíc	-
zesoučasnit	-	-	-	-	-	-	zesoučasni	zesoučasněme	zesoučasněte	-	zesoučasněn	-	-	-
zespisovnit	-	-	-	-	-	-	zespisovni	zespisovněme	zespisovněte	-	zespisovněn	-	-	-
zesplatnit	-	-	-	-	-	-	-	-	-	-	zesplatněn	-	-	-
zesplavnit	-	-	-	-	-	-	zesplavni	zesplavněme	zesplavněte	-	zesplavněn	-	-	-
zespolečenštit	-	-	-	-	-	-	zespolečenšti	zespolečenštěme	zespolečenštěte	-	zespolečenštěn	-	-	-
zespolečenštět	-	-	-	-	-	-	zespolečenštěj	zespolečenštějme	zespolečenštějte	-	zespolečenštěn	zespolečenštěje	zespolečenštějíc	-
zespolečnit	-	-	-	-	-	-	zespolečni	zespolečněme	zespolečněte	-	zespolečněn	-	-	-
zesprostačet	-	-	-	-	-	zesprostačejí	zesprostačej	zesprostačejme	zesprostačejte	-	-	zesprostačeje	zesprostačejíc	-
zesprostačit	-	-	-	-	-	-	-	-	-	-	-	zesprostače	-	-
zesprostět	-	-	-	-	-	-	zesprostěj	zesprostějme	zesprostějte	-	zesprostěn	zesprostěje	zesprostějíc	-
zesprosťačet	-	-	-	-	-	zesprosťačejí	zesprosťačej	zesprosťačejme	zesprosťačejte	-	-	zesprosťačeje	zesprosťačejíc	-
zesprosťačit	-	-	-	-	-	-	-	-	-	-	-	zesprosťače	-	-
zesrat	zeseru	zesereš	zesere	zesereme	zeserete	zeserou	zeser	zeserme	zeserte	-	-	-	-	-
zesrdečnět	-	-	-	-	-	-	zesrdečněj	zesrdečnějme	zesrdečnějte	-	zesrdečněn	zesrdečněje	zesrdečnějíc	-
zesrdnatět	-	-	-	-	-	-	zesrdnatěj	zesrdnatějme	zesrdnatějte	-	zesrdnatěn	zesrdnatěje	zesrdnatějíc	-
zesrozumitelnit	-	-	-	-	-	-	-	-	-	-	zesrozumitelněn	-	-	-
zesschematičtět	-	-	-	-	-	-	zesschematičtěj	zesschematičtějme	zesschematičtějte	-	zesschematičtěn	zesschematičtěje	zesschematičtějíc	-
zestaropanenštět	-	-	-	-	-	-	zestaropanenštěj	zestaropanenštějme	zestaropanenštějte	-	zestaropanenštěn	zestaropanenštěje	zestaropanenštějíc	-
zestarostlivět	-	-	-	-	-	-	zestarostlivěj	zestarostlivějme	zestarostlivějte	-	zestarostlivěn	zestarostlivěje	zestarostlivějíc	-
zestatnět	-	-	-	-	-	-	zestatněj	zestatnějme	zestatnějte	-	zestatněn	zestatněje	zestatnějíc	-
zestařet	-	-	-	-	-	zestařejí	zestařej	zestařejme	zestařejte	-	-	zestařeje	zestařejíc	-
zestařečtět	-	-	-	-	-	-	zestařečtěj	zestařečtějme	zestařečtějte	-	zestařečtěn	zestařečtěje	zestařečtějíc	-
zesteronásobnit	-	-	-	-	-	-	zesteronásobni	zesteronásobněme	zesteronásobněte	-	zesteronásobněn	-	-	-
zestetičtit	-	-	-	-	-	-	zestetičti	zestetičtěme	zestetičtěte	-	zestetičtěn	-	-	-
zestonásobnit	-	-	-	-	-	-	zestonásobni	zestonásobněme	zestonásobněte	-	zestonásobněn	-	-	-
zestrakatět	-	-	-	-	-	-	zestrakatěj	zestrakatějme	zestrakatějte	-	zestrakatěn	zestrakatěje	zestrakatějíc	-
zestranit	-	-	-	-	-	-	zestraň	zestraňme	zestraňte	-	zestraněn	-	-	-
zestraničtit	-	-	-	-	-	-	zestraničti	zestraničtěme	zestraničtěte	-	zestraničtěn	-	-	-
zestraničtět	-	-	-	-	-	-	zestraničtěj	zestraničtějme	zestraničtějte	-	zestraničtěn	zestraničtěje	zestraničtějíc	-
zestrejcovatět	-	-	-	-	-	-	zestrejcovatěj	zestrejcovatějme	zestrejcovatějte	-	zestrejcovatěn	zestrejcovatěje	zestrejcovatějíc	-
zestrmět	-	-	-	-	-	zestrmí	zestrm	zestrmme	zestrmte	-	zestrměn	-	-	-
zestrupovatět	-	-	-	-	-	-	zestrupovatěj	zestrupovatějme	zestrupovatějte	-	zestrupovatěn	zestrupovatěje	zestrupovatějíc	-
zestručnit	-	-	-	-	-	-	zestručni	zestručněme	zestručněte	-	zestručněn	-	-	-
zestručnět	-	-	-	-	-	-	zestručněj	zestručnějme	zestručnějte	-	zestručněn	zestručněje	zestručnějíc	-
zestrýcovatět	-	-	-	-	-	-	zestrýcovatěj	zestrýcovatějme	zestrýcovatějte	-	zestrýcovatěn	zestrýcovatěje	zestrýcovatějíc	-
zestudenět	-	-	-	-	-	-	zestudeněj	zestudenějme	zestudenějte	-	zestudeněn	zestudeněje	zestudenějíc	-
zestátnit	-	-	-	-	-	-	zestátni	zestátněme	zestátněte	-	zestátněn	-	-	-
zestříbrnět	-	-	-	-	-	-	zestříbrněj	zestříbrnějme	zestříbrnějte	-	zestříbrněn	zestříbrněje	zestříbrnějíc	-
zestříbřet	-	-	-	-	-	zestříbřejí	zestříbřej	zestříbřejme	zestříbřejte	-	-	zestříbřeje	zestříbřejíc	-
zestřídmět	-	-	-	-	-	-	zestřídměj	zestřídmějme	zestřídmějte	-	zestřídměn	zestřídměje	zestřídmějíc	-
zestřílet	-	-	-	-	-	zestřílejí	zestřílej	zestřílejme	zestřílejte	-	-	zestříleje	zestřílejíc	-
zestřízlivět	-	-	-	-	-	-	zestřízlivěj	zestřízlivějme	zestřízlivějte	-	zestřízlivěn	zestřízlivěje	zestřízlivějíc	-
zesubjektivnit	-	-	-	-	-	-	zesubjektivni	zesubjektivněme	zesubjektivněte	-	zesubjektivněn	-	-	-
zesukovatět	-	-	-	-	-	-	zesukovatěj	zesukovatějme	zesukovatějte	-	zesukovatěn	zesukovatěje	zesukovatějíc	-
zesurovět	-	-	-	-	-	-	zesurověj	zesurovějme	zesurovějte	-	zesurověn	zesurověje	zesurovějíc	-
zesvalnatět	-	-	-	-	-	zesvalnatí	zesvalnať	zesvalnaťme	zesvalnaťte	-	zesvalnatěn	-	-	-
zesvazkovatět	-	-	-	-	-	-	zesvazkovatěj	zesvazkovatějme	zesvazkovatějte	-	zesvazkovatěn	zesvazkovatěje	zesvazkovatějíc	-
zesvraštět	-	-	-	-	-	-	zesvraštěj	zesvraštějme	zesvraštějte	-	zesvraštěn	zesvraštěje	zesvraštějíc	-
zesvátečnit	-	-	-	-	-	-	zesvátečni	zesvátečněme	zesvátečněte	-	zesvátečněn	-	-	-
zesvátečnět	-	-	-	-	-	-	zesvátečněj	zesvátečnějme	zesvátečnějte	-	zesvátečněn	zesvátečněje	zesvátečnějíc	-
zesvětačet	-	-	-	-	-	zesvětačejí	zesvětačej	zesvětačejme	zesvětačejte	-	-	zesvětačeje	zesvětačejíc	-
zesvětačit	-	-	-	-	-	-	-	-	-	-	-	zesvětače	-	-
zesvětlet	-	-	-	-	-	zesvětlejí	zesvětlej	zesvětlejme	zesvětlejte	-	-	zesvětleje	zesvětlejíc	-
zesvětlit	-	-	-	-	-	-	zesvětli	zesvětleme	zesvětlete	-	-	-	-	-
zesvětovět	-	-	-	-	-	-	zesvětověj	zesvětovějme	zesvětovějte	-	zesvětověn	zesvětověje	zesvětovějíc	-
zesvětštit	-	-	-	-	-	-	zesvětšť	zesvětšťme	zesvětšťte	-	zesvětšcen	-	-	-
zesvětštět	-	-	-	-	-	-	zesvětštěj	zesvětštějme	zesvětštějte	-	zesvětštěn	zesvětštěje	zesvětštějíc	-
zesympatičtit	-	-	-	-	-	-	zesympatyčti	zesympatyčtěme	zesympatyčtěte	-	zesympatyčtěn	-	-	-
zesyrovatět	-	-	-	-	-	-	zesyrovatěj	zesyrovatějme	zesyrovatějte	-	zesyrovatěn	zesyrovatěje	zesyrovatějíc	-
zesyrovět	-	-	-	-	-	-	zesyrověj	zesyrovějme	zesyrovějte	-	zesyrověn	zesyrověje	zesyrovějíc	-
zesílit	-	-	-	-	-	-	zesil	zesilme	zesilte	-	-	-	-
zesítit	-	-	-	-	-	-	zesíti	zesítěme	zesítěte	-	zesítěn	-	-	-
zesýrovatět	-	-	-	-	-	-	zesýrovatěj	zesýrovatějme	zesýrovatějte	-	zesýrovatěn	zesýrovatěje	zesýrovatějíc	-
zesýřet	-	-	-	-	-	zesýřejí	zesýřej	zesýřejme	zesýřejte	-	-	zesýřeje	zesýřejíc	-
zesýřit	-	-	-	-	-	-	zesyř	zesyřme	zesyřte	-	-	-	-	-
zet	zeji	zeješ	zeje	zejeme	zejete	zejou	-	-	-	-	-	zeje	zejíc
zetlít	zetlím	zetlíš	zetlí	zetlíme	zetlíte	zetlejí	zetlej	zetlejme	zetlejte	zetlel	zetlen	-	-	zetlela
zevropštit	-	-	-	-	-	-	zevropšti	zevropštěme	zevropštěte	-	zevropštěn	-	-	-
zevropštět	-	-	-	-	-	-	zevropštěj	zevropštějme	zevropštějte	-	zevropštěn	zevropštěje	zevropštějíc	-
zevzdornět	-	-	-	-	-	-	zevzdorněj	zevzdornějme	zevzdornějte	-	zevzdorněn	zevzdorněje	zevzdornějíc	-
zevzpurnět	-	-	-	-	-	-	zevzpurněj	zevzpurnějme	zevzpurnějte	-	zevzpurněn	zevzpurněje	zevzpurnějíc	-
zevzácnět	-	-	-	-	-	-	zevzácněj	zevzácnějme	zevzácnějte	-	zevzácněn	zevzácněje	zevzácnějíc	-
zevšednět	-	-	-	-	-	zevšední	zevšedni	zevšedněme	zevšedněte	-	zevšedněn	-	-	-
zevšeobecnit	-	-	-	-	-	-	zevšeobecni	zevšeobecněme	zevšeobecněte	-	zevšeobecněn	-	-	-
zevšeobecnět	-	-	-	-	-	-	zevšeobecněj	zevšeobecnějme	zevšeobecnějte	-	zevšeobecněn	zevšeobecněje	zevšeobecnějíc	-
zextensivnit	-	-	-	-	-	-	zextensivni	zextensivněme	zextensivněte	-	zextensivněn	-	-	-
zextensivnět	-	-	-	-	-	-	zextensivněj	zextensivnějme	zextensivnějte	-	zextensivněn	zextensivněje	zextensivnějíc	-
zextenzívnit	-	-	-	-	-	-	zextenzívni	zextenzívněme	zextenzívněte	-	zextenzívněn	-	-	-
zextenzívnět	-	-	-	-	-	-	zextenzívněj	zextenzívnějme	zextenzívnějte	-	zextenzívněn	zextenzívněje	zextenzívnějíc	-
zezelenavět	-	-	-	-	-	-	zezelenavěj	zezelenavějme	zezelenavějte	-	zezelenavěn	zezelenavěje	zezelenavějíc	-
zezlatovatět	-	-	-	-	-	-	zezlatovatěj	zezlatovatějme	zezlatovatějte	-	zezlatovatěn	zezlatovatěje	zezlatovatějíc	-
zezlatovět	-	-	-	-	-	-	zezlatověj	zezlatovějme	zezlatovějte	-	zezlatověn	zezlatověje	zezlatovějíc	-
zezlatět	-	-	-	-	-	-	zezlatěj	zezlatějme	zezlatějte	-	zezlatěn	zezlatěje	zezlatějíc	-
zezlit	-	-	-	-	-	-	zezli	zezleme	zezlete	-	-	-	-	-
zezlobnět	-	-	-	-	-	-	zezlobněj	zezlobnějme	zezlobnějte	-	zezlobněn	zezlobněje	zezlobnějíc	-
zezlomyslnět	-	-	-	-	-	-	zezlomyslněj	zezlomyslnějme	zezlomyslnějte	-	zezlomyslněn	zezlomyslněje	zezlomyslnějíc	-
zezpupnět	-	-	-	-	-	-	zezpupněj	zezpupnějme	zezpupnějte	-	zezpupněn	zezpupněje	zezpupnějíc	-
zezpátečnit	-	-	-	-	-	-	zezpátečni	zezpátečněme	zezpátečněte	-	zezpátečněn	-	-	-
zezrzavět	-	-	-	-	-	-	zezrzavěj	zezrzavějme	zezrzavějte	-	zezrzavěn	zezrzavěje	zezrzavějíc	-
zezvířečtět	-	-	-	-	-	-	zezvířečtěj	zezvířečtějme	zezvířečtějte	-	zezvířečtěn	zezvířečtěje	zezvířečtějíc	-
zezákonit	-	-	-	-	-	-	zezákoň	zezákoňme	zezákoňte	-	zezákoněn	-	-	-
zezápadnit	-	-	-	-	-	-	zezápadni	zezápadněme	zezápadněte	-	zezápadněn	-	-	-
zezřejmit	-	-	-	-	-	-	zezřejmi	zezřejměme	zezřejměte	-	zezřejměn	-	-	-
zešedivět	-	-	-	-	-	-	zešedivěj	zešedivějme	zešedivějte	-	zešedivěn	zešedivěje	zešedivějíc	-
zešeredit	-	-	-	-	-	-	zešereď	zešereďme	zešereďte	-	zešereděn	-	-	-
zešerednět	-	-	-	-	-	-	zešeredněj	zešerednějme	zešerednějte	-	zešeredněn	zešeredněje	zešerednějíc	-
zešeřit	-	-	-	-	-	-	-	-	-	-	-	zešeře	-	-
zešikmit	-	-	-	-	-	-	zešikmi	zešikmeme	zešikmete	-	-	-	-	-
zešikmět	-	-	-	-	-	-	zešikměj	zešikmějme	zešikmějte	-	zešikměn	zešikměje	zešikmějíc	-
zešimlovatět	-	-	-	-	-	-	zešimlovatěj	zešimlovatějme	zešimlovatějte	-	zešimlovatěn	zešimlovatěje	zešimlovatějíc	-
zešišatět	-	-	-	-	-	-	zešišatěj	zešišatějme	zešišatějte	-	zešišatěn	zešišatěje	zešišatějíc	-
zeškaredit	-	-	-	-	-	-	zeškareď	zeškareďme	zeškareďte	-	zeškareděn	-	-	-
zeškaredět	-	-	-	-	-	-	zeškareděj	zeškaredějme	zeškaredějte	-	zeškareděn	zeškareděje	zeškaredějíc	-
zeškvířit	-	-	-	-	-	-	zeškviř	zeškviřme	zeškviřte	-	-	-	-	-
zešlechetnět	-	-	-	-	-	-	zešlechetněj	zešlechetnějme	zešlechetnějte	-	zešlechetněn	zešlechetněje	zešlechetnějíc	-
zešmírařit	-	-	-	-	-	-	-	-	-	-	-	zešmíraře	-	-
zešmírovatět	-	-	-	-	-	-	zešmírovatěj	zešmírovatějme	zešmírovatějte	-	zešmírovatěn	zešmírovatěje	zešmírovatějíc	-
zešosatět	-	-	-	-	-	-	zešosatěj	zešosatějme	zešosatějte	-	zešosatěn	zešosatěje	zešosatějíc	-
zešosáčtět	-	-	-	-	-	-	zešosáčtěj	zešosáčtějme	zešosáčtějte	-	zešosáčtěn	zešosáčtěje	zešosáčtějíc	-
zešpatnět	-	-	-	-	-	-	zešpatněj	zešpatnějme	zešpatnějte	-	zešpatněn	zešpatněje	zešpatnějíc	-
zešpinavět	-	-	-	-	-	-	zešpinavěj	zešpinavějme	zešpinavějte	-	zešpinavěn	zešpinavěje	zešpinavějíc	-
zešpinit	-	-	-	-	-	-	zešpiň	zešpiňme	zešpiňte	-	zešpiněn	-	-	-
zešpičatit	-	-	-	-	-	-	zešpičať	zešpičaťme	zešpičaťte	-	zešpičacen	-	-	-
zešpičatět	-	-	-	-	-	zešpičatí	zešpičať	zešpičaťme	zešpičaťte	-	zešpičatěn	-	-	-
zeštíhlet	-	-	-	-	-	zeštíhlí	zeštíhli	zeštíhleme	zeštíhlete	-	-	-	-	-
zeštíhlit	-	-	-	-	-	-	zeštíhli	zeštíhleme	zeštíhlete	-	-	-	-	-
zešuntět	-	-	-	-	-	-	zešuntěj	zešuntějme	zešuntějte	-	zešuntěn	zešuntěje	zešuntějíc	-
zešupačet	-	-	-	-	-	zešupačejí	zešupačej	zešupačejme	zešupačejte	-	-	zešupačeje	zešupačejíc	-
zešupinkovatět	-	-	-	-	-	-	zešupinkovatěj	zešupinkovatějme	zešupinkovatějte	-	zešupinkovatěn	zešupinkovatěje	zešupinkovatějíc	-
zešupinovatět	-	-	-	-	-	-	zešupinovatěj	zešupinovatějme	zešupinovatějte	-	zešupinovatěn	zešupinovatěje	zešupinovatějíc	-
zešílet	-	-	-	-	-	zešílejí	zešil	zešilme	zešilte	-	-	zešíleje	zešílejíc	-
zešířit	-	-	-	-	-	-	zešiř	zešiřme	zešiřte	-	-	-	-	-
zešťastnět	-	-	-	-	-	-	zešťastněj	zešťastnějme	zešťastnějte	-	zešťastněn	zešťastněje	zešťastnějíc	-
zešťavnatět	-	-	-	-	-	-	zešťavnatěj	zešťavnatějme	zešťavnatějte	-	zešťavnatěn	zešťavnatěje	zešťavnatějíc	-
zežebračit	-	-	-	-	-	-	-	-	-	-	-	zežebrače	-	-
zeželatinovatět	-	-	-	-	-	-	zeželatinovatěj	zeželatinovatějme	zeželatinovatějte	-	zeželatinovatěn	zeželatinovatěje	zeželatinovatějíc	-
zežhavět	-	-	-	-	-	-	zežhavěj	zežhavějme	zežhavějte	-	zežhavěn	zežhavěje	zežhavějíc	-
zeživotnit	-	-	-	-	-	-	zeživotni	zeživotněme	zeživotněte	-	zeživotněn	-	-	-
zežlutit	-	-	-	-	-	-	zežluť	zežluťme	zežluťte	-	zežlucen	-	-	-
zfajnovět	-	-	-	-	-	-	zfajnověj	zfajnovějme	zfajnovějte	-	zfajnověn	zfajnověje	zfajnovějíc	-
zfaldovatět	-	-	-	-	-	-	zfaldovatěj	zfaldovatějme	zfaldovatějte	-	zfaldovatěn	zfaldovatěje	zfaldovatějíc	-
zfalešnět	-	-	-	-	-	-	zfalešněj	zfalešnějme	zfalešnějte	-	zfalešněn	zfalešněje	zfalešnějíc	-
zfamfrnět	-	-	-	-	-	zfamfrní	zfamfrň	zfamfrňme	zfamfrňte	-	zfamfrněn	-	-	-
zfanfrnět	-	-	-	-	-	zfanfrní	zfanfrň	zfanfrňme	zfanfrňte	-	zfanfrněn	-	-	-
zfantit	-	-	-	-	-	-	zfanti	zfantěme	zfantěte	-	zfantěn	-	-	-
zfarářovatět	-	-	-	-	-	-	zfarářovatěj	zfarářovatějme	zfarářovatějte	-	zfarářovatěn	zfarářovatěje	zfarářovatějíc	-
zfialovatět	-	-	-	-	-	-	zfialovatěj	zfialovatějme	zfialovatějte	-	zfialovatěn	zfialovatěje	zfialovatějíc	-
zfialovět	-	-	-	-	-	-	zfialověj	zfialovějme	zfialovějte	-	zfialověn	zfialověje	zfialovějíc	-
zfilcovatět	-	-	-	-	-	-	zfilcovatěj	zfilcovatějme	zfilcovatějte	-	zfilcovatěn	zfilcovatěje	zfilcovatějíc	-
zfilistrovatět	-	-	-	-	-	-	zfilistrovatěj	zfilistrovatějme	zfilistrovatějte	-	zfilistrovatěn	zfilistrovatěje	zfilistrovatějíc	-
zfilmovatit	-	-	-	-	-	-	zfilmovať	zfilmovaťme	zfilmovaťte	-	zfilmovatěn	-	-	-
zfilmovatět	-	-	-	-	-	-	zfilmovatěj	zfilmovatějme	zfilmovatějte	-	zfilmovatěn	zfilmovatěje	zfilmovatějíc	-
zfilosofičtět	-	-	-	-	-	-	zfilosofičtěj	zfilosofičtějme	zfilosofičtějte	-	zfilosofičtěn	zfilosofičtěje	zfilosofičtějíc	-
zfirmovatět	-	-	-	-	-	-	zfirmovatěj	zfirmovatějme	zfirmovatějte	-	zfirmovatěn	zfirmovatěje	zfirmovatějíc	-
zfirnovatět	-	-	-	-	-	-	zfirnovatěj	zfirnovatějme	zfirnovatějte	-	zfirnovatěn	zfirnovatěje	zfirnovatějíc	-
zflegmatičtět	-	-	-	-	-	-	zflegmatičtěj	zflegmatičtějme	zflegmatičtějte	-	zflegmatičtěn	zflegmatičtěje	zflegmatičtějíc	-
zflekovatět	-	-	-	-	-	zflekovatí	zflekovať	zflekovaťme	zflekovaťte	-	zflekovatěn	-	-	-
zfloutkovatět	-	-	-	-	-	-	zfloutkovatěj	zfloutkovatějme	zfloutkovatějte	-	zfloutkovatěn	zfloutkovatěje	zfloutkovatějíc	-
zfotrovatět	-	-	-	-	-	-	zfotrovatěj	zfotrovatějme	zfotrovatějte	-	zfotrovatěn	zfotrovatěje	zfotrovatějíc	-
zfouňovatět	-	-	-	-	-	-	zfouňovatěj	zfouňovatějme	zfouňovatějte	-	zfouňovatěn	zfouňovatěje	zfouňovatějíc	-
zfrackovatět	-	-	-	-	-	-	zfrackovatěj	zfrackovatějme	zfrackovatějte	-	zfrackovatěn	zfrackovatěje	zfrackovatějíc	-
zfraškovatět	-	-	-	-	-	-	zfraškovatěj	zfraškovatějme	zfraškovatějte	-	zfraškovatěn	zfraškovatěje	zfraškovatějíc	-
zfrejmarčit	-	-	-	-	-	-	zfrejmarči	zfrejmarčeme	zfrejmarčete	-	-	-	-	-
zfrázovatět	-	-	-	-	-	-	zfrázovatěj	zfrázovatějme	zfrázovatějte	-	zfrázovatěn	zfrázovatěje	zfrázovatějíc	-
zfuriantět	-	-	-	-	-	-	zfuriantěj	zfuriantějme	zfuriantějte	-	zfuriantěn	zfuriantěje	zfuriantějíc	-
zfádnět	-	-	-	-	-	-	zfádněj	zfádnějme	zfádnějte	-	zfádněn	zfádněje	zfádnějíc	-
zgelovatět	-	-	-	-	-	-	zgelovatěj	zgelovatějme	zgelovatějte	-	zgelovatěn	zgelovatěje	zgelovatějíc	-
zgottovatět	-	-	-	-	-	-	zgottovatěj	zgottovatějme	zgottovatějte	-	zgottovatěn	zgottovatěje	zgottovatějíc	-
zgrotesknit	-	-	-	-	-	-	zgroteskni	zgroteskněme	zgroteskněte	-	zgroteskněn	-	-	-
zgrošovatět	-	-	-	-	-	-	zgrošovatěj	zgrošovatějme	zgrošovatějte	-	zgrošovatěn	zgrošovatěje	zgrošovatějíc	-
zhadrovatět	-	-	-	-	-	-	zhadrovatěj	zhadrovatějme	zhadrovatějte	-	zhadrovatěn	zhadrovatěje	zhadrovatějíc	-
zhalit	-	-	-	-	-	-	-	-	-	-	-	zhale	-	-
zhanbit	-	-	-	-	-	-	zhanbi	zhanběme	zhanběte	-	-	-	-	-
zhanět	-	-	-	-	-	zhaní	zhaň	zhaňme	zhaňte	-	zhaněn	-	-	-
zharmoničtět	-	-	-	-	-	-	zharmoničtěj	zharmoničtějme	zharmoničtějte	-	zharmoničtěn	zharmoničtěje	zharmoničtějíc	-
zhasit	-	-	-	-	-	-	-	-	-	-	zhašen	-	-	-
zhatit	-	-	-	-	-	-	zhať	zhaťme	zhaťte	-	zhacen	-	-
zhavranit	-	-	-	-	-	-	zhavraň	zhavraňme	zhavraňte	-	zhavraněn	-	-	-
zhavranět	-	-	-	-	-	-	zhavraněj	zhavranějme	zhavranějte	-	zhavraněn	zhavraněje	zhavranějíc	-
zhaškovatět	-	-	-	-	-	-	zhaškovatěj	zhaškovatějme	zhaškovatějte	-	zhaškovatěn	zhaškovatěje	zhaškovatějíc	-
zhedvábnět	-	-	-	-	-	-	zhedvábněj	zhedvábnějme	zhedvábnějte	-	zhedvábněn	zhedvábněje	zhedvábnějíc	-
zhezčet	-	-	-	-	-	zhezčejí	zhezčej	zhezčejme	zhezčejte	-	-	zhezčeje	zhezčejíc	-
zhezčit	-	-	-	-	-	-	zhezči	zhezčeme	zhezčete	-	-	-	-	-
zhladit	-	-	-	-	-	-	zhlaď	zhlaďme	zhlaďte	-	zhlazen	-	-	-
zhladovět	-	-	-	-	-	-	zhladověj	zhladovějme	zhladovějte	-	zhladověn	zhladověje	zhladovějíc	-
zhloubit	-	-	-	-	-	-	zhloubi	zhlouběme	zhlouběte	-	-	-	-	-
zhloupatět	-	-	-	-	-	-	zhloupatěj	zhloupatějme	zhloupatějte	-	zhloupatěn	zhloupatěje	zhloupatějíc	-
zhloupět	-	-	-	-	-	-	zhloupěj	zhloupějme	zhloupějte	-	zhloupěn	zhloupěje	zhloupějíc	-
zhltit	-	-	-	-	-	-	zhlť	zhlťme	zhlťte	-	zhlcen	-	-	-
zhlučnět	-	-	-	-	-	-	zhlučněj	zhlučnějme	zhlučnějte	-	zhlučněn	zhlučněje	zhlučnějíc	-
zhlížet	-	-	-	-	-	zhlížejí	zhlížej	zhlížejme	zhlížejte	-	-	zhlížeje	zhlížejíc	-
zhmotařit	-	-	-	-	-	-	-	-	-	-	-	zhmotaře	-	-
zhmotnit	-	-	-	-	-	-	zhmotni	zhmotněme	zhmotněte	-	zhmotněn	-	-	-
zhmotnět	-	-	-	-	-	-	zhmotněj	zhmotnějme	zhmotnějte	-	zhmotněn	zhmotněje	zhmotnějíc	-
zhmoždit	-	-	-	-	-	-	zhmoždi	zhmožděme	zhmožděte	-	zhmožděn	-	-	-
zhniličit	-	-	-	-	-	-	-	-	-	-	-	zhniliče	-	-
zhniličkovatět	-	-	-	-	-	-	zhniličkovatěj	zhniličkovatějme	zhniličkovatějte	-	zhniličkovatěn	zhniličkovatěje	zhniličkovatějíc	-
zhníst	zhnětu	zhněteš	zhněte	zhněteme	zhnětete	zhnětou	zhněť	zhněťme	zhněťte	zhnětl	zhněten	-	-	zhnětla
zhodnotit	-	-	-	-	-	-	zhodnoť	zhodnoťme	zhodnoťte	-	zhodnocen	-	-	-
zhojit	-	-	-	-	-	-	-	-	-	-	-	zhoje	-	-
zhojnět	-	-	-	-	-	-	zhojněj	zhojnějme	zhojnějte	-	zhojněn	zhojněje	zhojnějíc	-
zhonit	-	-	-	-	-	-	zhoň	zhoňme	zhoňte	-	zhoněn	-	-	-
zhorečnit	-	-	-	-	-	-	zhorečni	zhorečněme	zhorečněte	-	zhorečněn	-	-	-
zhorečnět	-	-	-	-	-	-	zhorečněj	zhorečnějme	zhorečnějte	-	zhorečněn	zhorečněje	zhorečnějíc	-
zhorlivět	-	-	-	-	-	-	zhorlivěj	zhorlivějme	zhorlivějte	-	zhorlivěn	zhorlivěje	zhorlivějíc	-
zhoroucnět	-	-	-	-	-	-	zhoroucněj	zhoroucnějme	zhoroucnějte	-	zhoroucněn	zhoroucněje	zhoroucnějíc	-
zhorčit	-	-	-	-	-	-	zhorči	zhorčeme	zhorčete	-	-	-	-	-
zhoršit	-	-	-	-	-	-	zhorši	zhoršeme	zhoršete	-	-	-	-
zhospodárnit	-	-	-	-	-	-	zhospodárni	zhospodárněme	zhospodárněte	-	zhospodárněn	-	-	-
zhostit	-	-	-	-	-	-	zhosti	zhostěme	zhostěte	-	zhoštěn	-	-	-
zhoubovatět	-	-	-	-	-	-	zhoubovatěj	zhoubovatějme	zhoubovatějte	-	zhoubovatěn	zhoubovatěje	zhoubovatějíc	-
zhouževnatět	-	-	-	-	-	-	zhouževnatěj	zhouževnatějme	zhouževnatějte	-	zhouževnatěn	zhouževnatěje	zhouževnatějíc	-
zhoužvit	-	-	-	-	-	-	zhoužvi	zhoužvěme	zhoužvěte	-	-	-	-	-
zhovadit	-	-	-	-	-	-	-	-	-	-	zhovaděn	-	-
zhořčit	-	-	-	-	-	-	zhořči	zhořčeme	zhořčete	-	-	-	-	-
zhranatit	-	-	-	-	-	-	zhranať	zhranaťme	zhranaťte	-	zhranacen	-	-	-
zhranatět	-	-	-	-	-	-	zhranatěj	zhranatějme	zhranatějte	-	zhranatěn	zhranatěje	zhranatějíc	-
zhranit	-	-	-	-	-	-	zhraň	zhraňme	zhraňte	-	zhraněn	-	-	-
zhrbatit	-	-	-	-	-	-	zhrbať	zhrbaťme	zhrbaťte	-	zhrbacen	-	-	-
zhrbatět	-	-	-	-	-	-	zhrbatěj	zhrbatějme	zhrbatějte	-	zhrbatěn	zhrbatěje	zhrbatějíc	-
zhrbolatět	-	-	-	-	-	-	zhrbolatěj	zhrbolatějme	zhrbolatějte	-	zhrbolatěn	zhrbolatěje	zhrbolatějíc	-
zhrdinštit	-	-	-	-	-	-	zhrdinšti	zhrdinštěme	zhrdinštěte	-	zhrdinštěn	-	-	-
zhrdinštět	-	-	-	-	-	-	zhrdinštěj	zhrdinštějme	zhrdinštějte	-	zhrdinštěn	zhrdinštěje	zhrdinštějíc	-
zhromadnit	-	-	-	-	-	-	zhromadni	zhromadněme	zhromadněte	-	zhromadněn	-	-	-
zhrotit	-	-	-	-	-	-	zhroť	zhroťme	zhroťte	-	zhrocen	-	-	-
zhroutit	-	-	-	-	-	-	zhruť	zhruťme	zhruťte	-	zhroucen	-	-
zhroužit	-	-	-	-	-	-	zhrouži	zhroužeme	zhroužete	-	-	-	-	-
zhrubět	-	-	-	-	-	-	zhruběj	zhrubějme	zhrubějte	-	zhruběn	zhruběje	zhrubějíc	-
zhrzet	-	-	-	-	-	zhrzejí	zhrzej	zhrzejme	zhrzejte	-	-	zhrzeje	zhrzejíc	-
zhránit	-	-	-	-	-	-	zhráň	zhráňme	zhráňte	-	zhráněn	-	-	-
zhrůznět	-	-	-	-	-	-	zhrůzněj	zhrůznějme	zhrůznějte	-	zhrůzněn	zhrůzněje	zhrůznějíc	-
zhubenět	-	-	-	-	-	-	zhubeněj	zhubenějme	zhubenějte	-	zhubeněn	zhubeněje	zhubenějíc	-
zhudebnit	-	-	-	-	-	-	zhudebni	zhudebněme	zhudebněte	-	zhudebněn	-	-
zhudlařit	-	-	-	-	-	-	-	-	-	-	-	zhudlaře	-	-
zhulit	-	-	-	-	-	-	-	-	-	-	-	zhule	-	-
zhustit	-	-	-	-	-	-	zhusti	zhustěme	zhustěte	-	zhustěn	-	-	-
zhutnit	-	-	-	-	-	-	zhutni	zhutněme	zhutněte	-	zhutněn	-	-	-
zhutnět	-	-	-	-	-	-	zhutněj	zhutnějme	zhutnějte	-	zhutněn	zhutněje	zhutnějíc	-
zhuňatět	-	-	-	-	-	-	zhuňatěj	zhuňatějme	zhuňatějte	-	zhuňatěn	zhuňatěje	zhuňatějíc	-
zhvězdit	-	-	-	-	-	-	zhvězdi	zhvězděme	zhvězděte	-	zhvězděn	-	-	-
zhybnit	-	-	-	-	-	-	zhybni	zhybněme	zhybněte	-	zhybněn	-	-	-
zhybnět	-	-	-	-	-	-	zhybněj	zhybnějme	zhybnějte	-	zhybněn	zhybněje	zhybnějíc	-
zhynout	-	-	-	-	-	-	zhyň	zhyňme	zhyňte	-	-	-	-	-
zhysteričtět	-	-	-	-	-	-	zhysteričtěj	zhysteričtějme	zhysteričtějte	-	zhysteričtěn	zhysteričtěje	zhysteričtějíc	-
zhyzdit	-	-	-	-	-	-	zhyzdi	zhyzděme	zhyzděte	-	zhyzděn	-	-	-
zhášet	-	-	-	-	-	zhášejí	zhášej	zhášejme	zhášejte	-	-	zhášeje	zhášejíc	-
zhřešit	-	-	-	-	-	-	-	-	-	-	-	zhřeše	-	-
zhřát	zhřeji	zhřeješ	zhřeje	zhřejeme	zhřejete	zhřejou	zhřej	zhřejme	zhřejte	-	zhřát	-	-	-
zideovět	-	-	-	-	-	-	zideověj	zideovějme	zideovějte	-	zideověn	zideověje	zideovějíc	-
zidyličtit	-	-	-	-	-	-	zidyličti	zidyličtěme	zidyličtěte	-	zidyličtěn	-	-	-
zimavět	-	-	-	-	-	-	zimavěj	zimavějme	zimavějte	-	zimavěn	zimavěje	zimavějíc	-
zintelektuálnět	-	-	-	-	-	-	zintelektuálněj	zintelektuálnějme	zintelektuálnějte	-	zintelektuálněn	zintelektuálněje	zintelektuálnějíc	-
zintelektuálštět	-	-	-	-	-	-	zintelektuálštěj	zintelektuálštějme	zintelektuálštějte	-	zintelektuálštěn	zintelektuálštěje	zintelektuálštějíc	-
zintensivnit	-	-	-	-	-	-	zintensivni	zintensivněme	zintensivněte	-	zintensivněn	-	-	-
zintensivnět	-	-	-	-	-	-	zintensivněj	zintensivnějme	zintensivnějte	-	zintensivněn	zintensivněje	zintensivnějíc	-
zintenzivnět	-	-	-	-	-	-	zintenzivněj	zintenzivnějme	zintenzivnějte	-	zintenzivněn	zintenzivněje	zintenzivnějíc	-
zintenzívnit	-	-	-	-	-	-	zintenzívni	zintenzívněme	zintenzívněte	-	zintenzívněn	-	-	-
zintenzívnět	-	-	-	-	-	-	zintenzívněj	zintenzívnějme	zintenzívnějte	-	zintenzívněn	zintenzívněje	zintenzívnějíc	-
zintimnit	-	-	-	-	-	-	zintimni	zintimněme	zintimněte	-	zintimněn	-	-	-
zintimnět	-	-	-	-	-	-	zintimněj	zintimnějme	zintimnějte	-	zintimněn	zintimněje	zintimnějíc	-
zinverznit	-	-	-	-	-	-	-	-	-	-	zinverzněn	-	-	-
zinčet	-	-	-	-	-	zinčí	zinči	zinčeme	zinčete	-	-	zinče	zinčíc	-
zjadrnět	-	-	-	-	-	-	zjadrněj	zjadrnějme	zjadrnějte	-	zjadrněn	zjadrněje	zjadrnějíc	-
zjakostnit	-	-	-	-	-	-	zjakostni	zjakostněme	zjakostněte	-	zjakostněn	-	-	-
zjalovět	-	-	-	-	-	-	zjalověj	zjalovějme	zjalovějte	-	zjalověn	zjalověje	zjalovějíc	-
zjankovatět	-	-	-	-	-	-	zjankovatěj	zjankovatějme	zjankovatějte	-	zjankovatěn	zjankovatěje	zjankovatějíc	-
zjančit	-	-	-	-	-	-	zjanči	zjančeme	zjančete	-	-	-	-	-
zjarmit	-	-	-	-	-	-	zjarmi	zjarměme	zjarměte	-	-	-	-	-
zjasnit	-	-	-	-	-	-	zjasni	zjasněme	zjasněte	-	zjasněn	-	-	-
zjasnět	-	-	-	-	-	zjasní	zjasni	zjasněme	zjasněte	-	zjasněn	-	-	-
zjařit	-	-	-	-	-	-	-	-	-	-	-	zjaře	-	-
zjařmit	-	-	-	-	-	-	zjařmi	zjařměme	zjařměte	-	-	-	-	-
zjednodušit	-	-	-	-	-	-	-	-	-	-	-	zjednoduše	-	-
zjednosměrnit	-	-	-	-	-	-	zjednosměrň	zjednosměrňme	zjednosměrňte	-	zjednosměrněn	-	-	-
zjednostranit	-	-	-	-	-	-	zjednostraň	zjednostraňme	zjednostraňte	-	zjednostraněn	-	-	-
zjednostranět	-	-	-	-	-	-	zjednostraněj	zjednostranějme	zjednostranějte	-	zjednostraněn	zjednostraněje	zjednostranějíc	-
zjednotvárnit	-	-	-	-	-	-	zjednotvárni	zjednotvárněme	zjednotvárněte	-	zjednotvárněn	-	-	-
zjednotvárnět	-	-	-	-	-	-	zjednotvárněj	zjednotvárnějme	zjednotvárnějte	-	zjednotvárněn	zjednotvárněje	zjednotvárnějíc	-
zjednoznačnit	-	-	-	-	-	-	zjednoznačni	zjednoznačněme	zjednoznačněte	-	zjednoznačněn	-	-	-
zjedovatět	-	-	-	-	-	-	zjedovatěj	zjedovatějme	zjedovatějte	-	zjedovatěn	zjedovatěje	zjedovatějíc	-
zjemnit	-	-	-	-	-	-	zjemni	zjemněme	zjemněte	-	zjemněn	-	-	-
zjet	zjedu	zjedeš	zjede	zjedeme	zjedete	zjedou	zjeď	zjeďme	zjeďte	-	-	-	-	-
zjevištnit	-	-	-	-	-	-	zjevištni	zjevištněme	zjevištněte	-	zjevištněn	-	-	-
zjezdit	-	-	-	-	-	-	zjezdi	zjezděme	zjezděte	-	zjezděn	-	-	-
zječmenit	-	-	-	-	-	-	zječmeň	zječmeňme	zječmeňte	-	zječmeněn	-	-	-
zješitnět	-	-	-	-	-	-	zješitněj	zješitnějme	zješitnějte	-	zješitněn	zješitněje	zješitnějíc	-
zježatět	-	-	-	-	-	-	zježatěj	zježatějme	zježatějte	-	zježatěn	zježatěje	zježatějíc	-
zježit	-	-	-	-	-	-	-	-	-	-	-	zježe	-	-
zjinačet	-	-	-	-	-	zjinačejí	zjinačej	zjinačejme	zjinačejte	-	-	zjinačeje	zjinačejíc	-
zjinačit	-	-	-	-	-	-	-	-	-	-	-	zjinače	-	-
zjinovatět	-	-	-	-	-	-	zjinovatěj	zjinovatějme	zjinovatějte	-	zjinovatěn	zjinovatěje	zjinovatějíc	-
zjiskřit	-	-	-	-	-	-	zjiskři	zjiskřeme	zjiskřete	-	-	-	-	-
zjistit	-	-	-	-	-	-	zjisti	zjistěme	zjistěte	-	zjištěn	-	-
zjitřit	-	-	-	-	-	-	zjitři	zjitřeme	zjitřete	-	-	-	-	-
zjizlivět	-	-	-	-	-	-	zjizlivěj	zjizlivějme	zjizlivějte	-	zjizlivěn	zjizlivěje	zjizlivějíc	-
zjizvit	-	-	-	-	-	-	zjizvi	zjizvěme	zjizvěte	-	-	-	-
zjílovatět	-	-	-	-	-	-	zjílovatěj	zjílovatějme	zjílovatějte	-	zjílovatěn	zjílovatěje	zjílovatějíc	-
zjílovět	-	-	-	-	-	-	zjílověj	zjílovějme	zjílovějte	-	zjílověn	zjílověje	zjílovějíc	-
zjítřit	-	-	-	-	-	-	-	-	-	-	-	zjítře	-	-
zjízlivět	-	-	-	-	-	-	zjízlivěj	zjízlivějme	zjízlivějte	-	zjízlivěn	zjízlivěje	zjízlivějíc	-
zjízvit	-	-	-	-	-	-	zjízvi	zjízvěme	zjízvěte	-	-	-	-	-
zkabonit	-	-	-	-	-	-	zkaboň	zkaboňme	zkaboňte	-	zkaboněn	-	-	-
zkadeřavět	-	-	-	-	-	-	zkadeřavěj	zkadeřavějme	zkadeřavějte	-	zkadeřavěn	zkadeřavěje	zkadeřavějíc	-
zkadeřit	-	-	-	-	-	-	-	-	-	-	-	zkadeře	-	-
zkajícnět	-	-	-	-	-	-	zkajícněj	zkajícnějme	zkajícnějte	-	zkajícněn	zkajícněje	zkajícnějíc	-
zkakraholtět	-	-	-	-	-	-	zkakraholtěj	zkakraholtějme	zkakraholtějte	-	zkakraholtěn	zkakraholtěje	zkakraholtějíc	-
zkalit	-	-	-	-	-	-	-	-	-	-	-	zkale	-	-
zkaličit	-	-	-	-	-	-	-	-	-	-	-	zkaliče	-	-
zkalnět	-	-	-	-	-	-	zkalněj	zkalnějme	zkalnějte	-	zkalněn	zkalněje	zkalnějíc	-
zkamenit	-	-	-	-	-	-	zkameň	zkameňme	zkameňte	-	zkameněn	-	-	-
zkamenovatět	-	-	-	-	-	-	zkamenovatěj	zkamenovatějme	zkamenovatějte	-	zkamenovatěn	zkamenovatěje	zkamenovatějíc	-
zkamenět	-	-	-	-	-	-	zkameň	zkameňme	zkameňte	-	zkameněn	-	-
zkapacitnit	-	-	-	-	-	-	-	-	-	-	zkapacitněn	-	-	-
zkapalnit	-	-	-	-	-	-	zkapalni	zkapalněme	zkapalněte	-	zkapalněn	-	-	-
zkapounovatět	-	-	-	-	-	-	zkapounovatěj	zkapounovatějme	zkapounovatějte	-	zkapounovatěn	zkapounovatěje	zkapounovatějíc	-
zkartit	-	-	-	-	-	-	zkarti	zkartěme	zkartěte	-	zkarcen	-	-	-
zkatoličtit	-	-	-	-	-	-	zkatoličti	zkatoličtěme	zkatoličtěte	-	zkatoličtěn	-	-	-
zkazit	-	-	-	-	-	-	-	-	-	-	zkažen	-	-
zkašovatět	-	-	-	-	-	-	zkašovatěj	zkašovatějme	zkašovatějte	-	zkašovatěn	zkašovatěje	zkašovatějíc	-
zkeťasit	-	-	-	-	-	-	-	-	-	-	-	zkeťase	-	-
zklackovatět	-	-	-	-	-	-	zklackovatěj	zklackovatějme	zklackovatějte	-	zklackovatěn	zklackovatěje	zklackovatějíc	-
zklackovitět	-	-	-	-	-	-	zklackovitěj	zklackovitějme	zklackovitějte	-	zklackovitěn	zklackovitěje	zklackovitějíc	-
zkladnit	-	-	-	-	-	-	zkladni	zkladněme	zkladněte	-	zkladněn	-	-	-
zklamat	zklamu	zklameš	zklame	zklameme	zklamete	zklamou	-	-	-	-	-	-	-
zklasičtit	-	-	-	-	-	-	zklasičti	zklasičtěme	zklasičtěte	-	zklasičtěn	-	-	-
zklasičtět	-	-	-	-	-	-	zklasičtěj	zklasičtějme	zklasičtějte	-	zklasičtěn	zklasičtěje	zklasičtějíc	-
zklenout	-	-	-	-	-	-	zkleň	zkleňme	zkleňte	-	-	-	-	-
zklestit	-	-	-	-	-	-	zklesti	zklestěme	zklestěte	-	zklestěn	-	-	-
zklevetit	-	-	-	-	-	-	zkleveť	zkleveťme	zkleveťte	-	zklevetěn	-	-	-
zklidnit	-	-	-	-	-	-	zklidni	zklidněme	zklidněte	-	zklidněn	-	-	-
zklidnět	-	-	-	-	-	zklidní	zklidni	zklidněme	zklidněte	-	zklidněn	-	-	-
zklihovatět	-	-	-	-	-	-	zklihovatěj	zklihovatějme	zklihovatějte	-	zklihovatěn	zklihovatěje	zklihovatějíc	-
zklikatit	-	-	-	-	-	-	zklikať	zklikaťme	zklikaťte	-	zklikacen	-	-	-
zklohnit	-	-	-	-	-	-	zklohni	zklohněme	zklohněte	-	-	-	-	-
zklukovatět	-	-	-	-	-	-	zklukovatěj	zklukovatějme	zklukovatějte	-	zklukovatěn	zklukovatěje	zklukovatějíc	-
zklátit	-	-	-	-	-	-	-	-	-	-	zklátěn	-	-	-
zklít	zkleji	zkleješ	zkleje	zklejeme	zklejete	zklejou	zklej	zklejme	zklejte	zklel	zklet	-	-	zklela
zklíčit	-	-	-	-	-	-	zklič	zkličme	zkličte	-	-	-	-	-
zkmotrovatět	-	-	-	-	-	-	zkmotrovatěj	zkmotrovatějme	zkmotrovatějte	-	zkmotrovatěn	zkmotrovatěje	zkmotrovatějíc	-
zkojit	-	-	-	-	-	-	-	-	-	-	-	zkoje	-	-
zkoksovatět	-	-	-	-	-	-	zkoksovatěj	zkoksovatějme	zkoksovatějte	-	zkoksovatěn	zkoksovatěje	zkoksovatějíc	-
zkolektivnit	-	-	-	-	-	-	zkolektivni	zkolektivněme	zkolektivněte	-	zkolektivněn	-	-	-
zkomisnět	-	-	-	-	-	-	zkomisněj	zkomisnějme	zkomisnějte	-	zkomisněn	zkomisněje	zkomisnějíc	-
zkomolit	-	-	-	-	-	-	-	-	-	-	-	zkomole	-	-
zkomornit	-	-	-	-	-	-	zkomorni	zkomorněme	zkomorněte	-	zkomorněn	-	-	-
zkomunálnit	-	-	-	-	-	-	zkomunálni	zkomunálněme	zkomunálněte	-	zkomunálněn	-	-	-
zkonejšit	-	-	-	-	-	-	zkonejši	zkonejšeme	zkonejšete	-	-	-	-	-
zkonkrétnit	-	-	-	-	-	-	zkonkrétni	zkonkrétněme	zkonkrétněte	-	zkonkrétněn	-	-	-
zkonkrétnět	-	-	-	-	-	-	zkonkrétněj	zkonkrétnějme	zkonkrétnějte	-	zkonkrétněn	zkonkrétněje	zkonkrétnějíc	-
zkonservativnět	-	-	-	-	-	-	zkonservativněj	zkonservativnějme	zkonservativnějte	-	zkonservativněn	zkonservativněje	zkonservativnějíc	-
zkonvenčnit	-	-	-	-	-	-	zkonvenčni	zkonvenčněme	zkonvenčněte	-	zkonvenčněn	-	-	-
zkonvenčnět	-	-	-	-	-	-	zkonvenčněj	zkonvenčnějme	zkonvenčnějte	-	zkonvenčněn	zkonvenčněje	zkonvenčnějíc	-
zkonzervativnět	-	-	-	-	-	-	zkonzervativněj	zkonzervativnějme	zkonzervativnějte	-	zkonzervativněn	zkonzervativněje	zkonzervativnějíc	-
zkoprnět	-	-	-	-	-	-	zkoprň	zkoprňme	zkoprňte	-	zkoprněn	-	-
zkopčit	-	-	-	-	-	-	zkopči	zkopčeme	zkopčete	-	-	-	-	-
zkorkovatět	-	-	-	-	-	-	zkorkovatěj	zkorkovatějme	zkorkovatějte	-	zkorkovatěn	zkorkovatěje	zkorkovatějíc	-
zkormoutit	-	-	-	-	-	-	zkormuť	zkormuťme	zkormuťte	-	zkormoucen	-	-	-
zkornatět	-	-	-	-	-	zkornatí	zkornať	zkornaťme	zkornaťte	-	zkornatěn	-	-	-
zkorovatět	-	-	-	-	-	-	zkorovatěj	zkorovatějme	zkorovatějte	-	zkorovatěn	zkorovatěje	zkorovatějíc	-
zkostnatět	-	-	-	-	-	zkostnatí	zkostnať	zkostnaťme	zkostnaťte	-	zkostnatěn	-	-	-
zkostrbatět	-	-	-	-	-	-	zkostrbatěj	zkostrbatějme	zkostrbatějte	-	zkostrbatěn	zkostrbatěje	zkostrbatějíc	-
zkotlavět	-	-	-	-	-	-	zkotlavěj	zkotlavějme	zkotlavějte	-	zkotlavěn	zkotlavěje	zkotlavějíc	-
zkoulet	-	-	-	-	-	zkoulejí	zkoulej	zkoulejme	zkoulejte	-	-	zkouleje	zkoulejíc	-
zkout	zkuji	zkuješ	zkuje	zkujeme	zkujete	zkujou	zkuj	zkujme	zkujte	zkul	zkut	-	-
zkouzelnit	-	-	-	-	-	-	zkouzelni	zkouzelněme	zkouzelněte	-	zkouzelněn	-	-	-
zkouzelnět	-	-	-	-	-	-	zkouzelněj	zkouzelnějme	zkouzelnějte	-	zkouzelněn	zkouzelněje	zkouzelnějíc	-
zkouzlit	-	-	-	-	-	-	zkouzli	zkouzleme	zkouzlete	-	-	-	-	-
zkouřit	-	-	-	-	-	-	zkuř	zkuřme	zkuřte	-	-	-	-	-
zkoušet	-	-	-	-	-	zkoušejí	zkoušej	zkoušejme	zkoušejte	-	-	zkoušeje	zkoušejíc
zkovat	zkovám	zkováš	zková	zkováme	zkováte	zkovají	zkovej	zkovejme	zkovejte	-	zkován	zkovaje	zkovajíc	-
zkovovět	-	-	-	-	-	-	zkovověj	zkovovějme	zkovovějte	-	zkovověn	zkovověje	zkovovějíc	-
zkořenit	-	-	-	-	-	-	zkořeň	zkořeňme	zkořeňte	-	zkořeněn	-	-	-
zkořistit	-	-	-	-	-	-	zkořisti	zkořistěme	zkořistěte	-	zkořistěn	-	-	-
zkořit	-	-	-	-	-	-	-	-	-	-	-	zkoře	-	-
zkošatět	-	-	-	-	-	zkošatí	zkošať	zkošaťme	zkošaťte	-	zkošatěn	-	-	-
zkošťálovatět	-	-	-	-	-	-	zkošťálovatěj	zkošťálovatějme	zkošťálovatějte	-	zkošťálovatěn	zkošťálovatěje	zkošťálovatějíc	-
zkožnatět	-	-	-	-	-	-	zkožnatěj	zkožnatějme	zkožnatějte	-	zkožnatěn	zkožnatěje	zkožnatějíc	-
zkožovatět	-	-	-	-	-	-	zkožovatěj	zkožovatějme	zkožovatějte	-	zkožovatěn	zkožovatěje	zkožovatějíc	-
zkrabatit	-	-	-	-	-	-	zkrabať	zkrabaťme	zkrabaťte	-	zkrabacen	-	-	-
zkrabatět	-	-	-	-	-	-	zkrabatěj	zkrabatějme	zkrabatějte	-	zkrabatěn	zkrabatěje	zkrabatějíc	-
zkrasovatět	-	-	-	-	-	-	zkrasovatěj	zkrasovatějme	zkrasovatějte	-	zkrasovatěn	zkrasovatěje	zkrasovatějíc	-
zkrasovět	-	-	-	-	-	-	zkrasověj	zkrasovějme	zkrasovějte	-	zkrasověn	zkrasověje	zkrasovějíc	-
zkrepatět	-	-	-	-	-	-	zkrepatěj	zkrepatějme	zkrepatějte	-	zkrepatěn	zkrepatěje	zkrepatějíc	-
zkreslit	-	-	-	-	-	-	zkresli	zkresleme	zkreslete	-	-	-	-
zkritičtět	-	-	-	-	-	-	zkritičtěj	zkritičtějme	zkritičtějte	-	zkritičtěn	zkritičtěje	zkritičtějíc	-
zkrkavčet	-	-	-	-	-	zkrkavčejí	zkrkavčej	zkrkavčejme	zkrkavčejte	-	-	zkrkavčeje	zkrkavčejíc	-
zkrkavčit	-	-	-	-	-	-	zkrkavči	zkrkavčeme	zkrkavčete	-	-	-	-	-
zkrnět	-	-	-	-	-	-	zkrněj	zkrnějme	zkrnějte	-	zkrněn	zkrněje	zkrnějíc	-
zkrocanět	-	-	-	-	-	-	zkrocaněj	zkrocanějme	zkrocanějte	-	zkrocaněn	zkrocaněje	zkrocanějíc	-
zkropenatět	-	-	-	-	-	-	zkropenatěj	zkropenatějme	zkropenatějte	-	zkropenatěn	zkropenatěje	zkropenatějíc	-
zkrotit	-	-	-	-	-	-	zkroť	zkroťme	zkroťte	-	zkrocen	-	-
zkroutit	-	-	-	-	-	-	zkruť	zkruťme	zkruťte	-	zkroucen	-	-	-
zkroužit	-	-	-	-	-	-	zkrouži	zkroužeme	zkroužete	-	-	-	-	-
zkrupičkovatět	-	-	-	-	-	-	zkrupičkovatěj	zkrupičkovatějme	zkrupičkovatějte	-	zkrupičkovatěn	zkrupičkovatěje	zkrupičkovatějíc	-
zkrupnatět	-	-	-	-	-	-	zkrupnatěj	zkrupnatějme	zkrupnatějte	-	zkrupnatěn	zkrupnatěje	zkrupnatějíc	-
zkrušit	-	-	-	-	-	-	-	-	-	-	-	zkruše	-	-
zkrvavět	-	-	-	-	-	-	zkrvavěj	zkrvavějme	zkrvavějte	-	zkrvavěn	zkrvavěje	zkrvavějíc	-
zkrvit	-	-	-	-	-	-	zkrvi	zkrvěme	zkrvěte	-	-	-	-	-
zkrvácet	-	-	-	-	-	zkrvácejí	zkrvácej	zkrvácejme	zkrvácejte	-	-	zkrváceje	zkrvácejíc	-
zkrájet	-	-	-	-	-	zkrájejí	zkrájej	zkrájejme	zkrájejte	-	-	zkrájeje	zkrájejíc	-
zkrápět	-	-	-	-	-	-	zkrápěj	zkrápějme	zkrápějte	-	zkrápěn	zkrápěje	zkrápějíc	-
zkrásit	-	-	-	-	-	-	zkrási	zkráseme	zkrásete	-	-	-	-	-
zkrásnit	-	-	-	-	-	-	zkrásni	zkrásněme	zkrásněte	-	zkrásněn	-	-	-
zkrásnět	-	-	-	-	-	-	zkrásni	zkrásněme	zkrásněte	-	zkrásněn	-	-	-
zkrátit	-	-	-	-	-	-	zkrať	zkraťme	zkraťte	-	zkrácen	-	-
zkrášlit	-	-	-	-	-	-	zkrášli	zkrášleme	zkrášlete	-	-	-	-
zkuchtit	-	-	-	-	-	-	zkuchti	zkuchtěme	zkuchtěte	-	zkuchtěn	-	-	-
zkudrnatit	-	-	-	-	-	-	zkudrnať	zkudrnaťme	zkudrnaťte	-	zkudrnacen	-	-	-
zkudrnatět	-	-	-	-	-	zkudrnatí	zkudrnať	zkudrnaťme	zkudrnaťte	-	zkudrnatěn	-	-	-
zkujnit	-	-	-	-	-	-	zkujni	zkujněme	zkujněte	-	zkujněn	-	-	-
zkulatit	-	-	-	-	-	-	zkulať	zkulaťme	zkulaťte	-	zkulacen	-	-	-
zkulatět	-	-	-	-	-	-	zkulatěj	zkulatějme	zkulatějte	-	zkulatěn	zkulatěje	zkulatějíc	-
zkulturnit	-	-	-	-	-	-	zkulturni	zkulturněme	zkulturněte	-	zkulturněn	-	-	-
zkulturnět	-	-	-	-	-	-	zkulturněj	zkulturnějme	zkulturnějte	-	zkulturněn	zkulturněje	zkulturnějíc	-
zkurvit	-	-	-	-	-	-	zkurvi	zkurvěme	zkurvěte	-	-	-	-
zkutit	-	-	-	-	-	-	zkuť	zkuťme	zkuťte	-	zkutěn	-	-	-
zkučeravit	-	-	-	-	-	-	-	-	-	-	zkučeravěn	-	-	-
zkučeravět	-	-	-	-	-	-	zkučeravěj	zkučeravějme	zkučeravějte	-	zkučeravěn	zkučeravěje	zkučeravějíc	-
zkvalitnit	-	-	-	-	-	-	zkvalitni	zkvalitněme	zkvalitněte	-	zkvalitněn	-	-
zkvalitnět	-	-	-	-	-	-	zkvalitněj	zkvalitnějme	zkvalitnějte	-	zkvalitněn	zkvalitněje	zkvalitnějíc	-
zkvapíkovatět	-	-	-	-	-	-	zkvapíkovatěj	zkvapíkovatějme	zkvapíkovatějte	-	zkvapíkovatěn	zkvapíkovatěje	zkvapíkovatějíc	-
zkvasit	-	-	-	-	-	-	-	-	-	-	zkvašen	-	-	-
zkvést	zkvetu	zkveteš	zkvete	zkveteme	zkvetete	zkvetou	zkveť	zkveťme	zkveťte	zkvetl	-	-	-	zkvetla
zkynout	-	-	-	-	-	-	zkyň	zkyňme	zkyňte	-	-	-	-	-
zkypřet	-	-	-	-	-	zkypřejí	zkypřej	zkypřejme	zkypřejte	-	-	zkypřeje	zkypřejíc	-
zkypřit	-	-	-	-	-	-	zkypři	zkypřeme	zkypřete	-	-	-	-	-
zkyselet	-	-	-	-	-	zkyselejí	zkyselej	zkyselejme	zkyselejte	-	-	zkyseleje	zkyselejíc	-
zkyselit	-	-	-	-	-	-	-	-	-	-	-	zkysele	-	-
zkájet	-	-	-	-	-	zkájejí	zkájej	zkájejme	zkájejte	-	-	zkájeje	zkájejíc	-
zkálet	-	-	-	-	-	zkálejí	zkálej	zkálejme	zkálejte	-	-	zkáleje	zkálejíc	-
zkáznit	-	-	-	-	-	-	zkázni	zkázněme	zkázněte	-	zkázněn	-	-	-
zkýčařit	-	-	-	-	-	-	-	-	-	-	-	zkýčaře	-	-
zkřemenět	-	-	-	-	-	-	zkřemeněj	zkřemenějme	zkřemenějte	-	zkřemeněn	zkřemeněje	zkřemenějíc	-
zkřenčet	-	-	-	-	-	zkřenčí	zkřenči	zkřenčeme	zkřenčete	-	-	-	-	-
zkřesťanit	-	-	-	-	-	-	zkřesťaň	zkřesťaňme	zkřesťaňte	-	zkřesťaněn	-	-	-
zkřesťanštit	-	-	-	-	-	-	zkřesťanšti	zkřesťanštěme	zkřesťanštěte	-	zkřesťanštěn	-	-	-
zkřesťanštět	-	-	-	-	-	-	zkřesťanštěj	zkřesťanštějme	zkřesťanštějte	-	zkřesťanštěn	zkřesťanštěje	zkřesťanštějíc	-
zkřečovatět	-	-	-	-	-	-	zkřečovatěj	zkřečovatějme	zkřečovatějte	-	zkřečovatěn	zkřečovatěje	zkřečovatějíc	-
zkřivdit	-	-	-	-	-	-	zkřivdi	zkřivděme	zkřivděte	-	zkřivděn	-	-	-
zkřivět	-	-	-	-	-	-	zkřivěj	zkřivějme	zkřivějte	-	zkřivěn	zkřivěje	zkřivějíc	-
zkřišťálovět	-	-	-	-	-	-	zkřišťálověj	zkřišťálovějme	zkřišťálovějte	-	zkřišťálověn	zkřišťálověje	zkřišťálovějíc	-
zkřídovatět	-	-	-	-	-	-	zkřídovatěj	zkřídovatějme	zkřídovatějte	-	zkřídovatěn	zkřídovatěje	zkřídovatějíc	-
zkřídovět	-	-	-	-	-	-	zkřídověj	zkřídovějme	zkřídovějte	-	zkřídověn	zkřídověje	zkřídovějíc	-
zkřížit	-	-	-	-	-	-	zkřiž	zkřižme	zkřižte	-	-	-	-
zlacinit	-	-	-	-	-	-	zlaciň	zlaciňme	zlaciňte	-	zlaciněn	-	-	-
zlacinět	-	-	-	-	-	-	zlaciněj	zlacinějme	zlacinějte	-	zlaciněn	zlaciněje	zlacinějíc	-
zladit	-	-	-	-	-	-	zlaď	zlaďme	zlaďte	-	zlazen	-	-	-
zladnit	-	-	-	-	-	-	zladni	zladněme	zladněte	-	zladněn	-	-	-
zlahodit	-	-	-	-	-	-	zlahoď	zlahoďme	zlahoďte	-	zlahoděn	-	-	-
zlahodnit	-	-	-	-	-	-	zlahodni	zlahodněme	zlahodněte	-	zlahodněn	-	-	-
zlahodnět	-	-	-	-	-	-	zlahodněj	zlahodnějme	zlahodnějte	-	zlahodněn	zlahodněje	zlahodnějíc	-
zlaičtit	-	-	-	-	-	-	zlaičti	zlaičtěme	zlaičtěte	-	zlaičtěn	-	-	-
zlajdačit	-	-	-	-	-	-	-	-	-	-	-	zlajdače	-	-
zlakomět	-	-	-	-	-	-	zlakoměj	zlakomějme	zlakomějte	-	zlakoměn	zlakoměje	zlakomějíc	-
zlakotit	-	-	-	-	-	-	zlakoť	zlakoťme	zlakoťte	-	zlakotěn	-	-	-
zlakotnit	-	-	-	-	-	-	zlakotni	zlakotněme	zlakotněte	-	zlakotněn	-	-	-
zlakotnět	-	-	-	-	-	-	zlakotněj	zlakotnějme	zlakotnějte	-	zlakotněn	zlakotněje	zlakotnějíc	-
zlanařit	-	-	-	-	-	-	-	-	-	-	-	zlanaře	-	-
zlaskavět	-	-	-	-	-	-	zlaskavěj	zlaskavějme	zlaskavějte	-	zlaskavěn	zlaskavěje	zlaskavějíc	-
zlatinit	-	-	-	-	-	-	zlatiň	zlatiňme	zlatiňte	-	zlatiněn	-	-	-
zlatit	-	-	-	-	-	-	zlať	zlaťme	zlaťte	-	zlacen	-	-	-
zlatničit	-	-	-	-	-	-	-	-	-	-	-	zlatniče	-	-
zlatovět	-	-	-	-	-	-	zlatověj	zlatovějme	zlatovějte	-	zlatověn	zlatověje	zlatovějíc	-
zlatět	-	-	-	-	-	-	zlatěj	zlatějme	zlatějte	-	zlatěn	zlatěje	zlatějíc	-
zlačnit	-	-	-	-	-	-	zlačni	zlačněme	zlačněte	-	zlačněn	-	-	-
zlačnět	-	-	-	-	-	-	zlačněj	zlačnějme	zlačnějte	-	zlačněn	zlačněje	zlačnějíc	-
zlednatět	-	-	-	-	-	-	zlednatěj	zlednatějme	zlednatějte	-	zlednatěn	zlednatěje	zlednatějíc	-
zledovatět	-	-	-	-	-	zledovatí	zledovať	zledovaťme	zledovaťte	-	zledovatěn	-	-	-
zledovět	-	-	-	-	-	-	zledověj	zledovějme	zledovějte	-	zledověn	zledověje	zledovějíc	-
zlehkomyslnět	-	-	-	-	-	zlehkomyslní	zlehkomyslň	zlehkomyslňme	zlehkomyslňte	-	zlehkomyslněn	-	-	-
zlehkovážnět	-	-	-	-	-	-	zlehkovážněj	zlehkovážnějme	zlehkovážnějte	-	zlehkovážněn	zlehkovážněje	zlehkovážnějíc	-
zlehčit	-	-	-	-	-	-	zlehči	zlehčeme	zlehčete	-	-	-	-	-
zlenit	-	-	-	-	-	-	zleň	zleňme	zleňte	-	zleněn	-	-	-
zlenivět	-	-	-	-	-	-	zlenivěj	zlenivějme	zlenivějte	-	zlenivěn	zlenivěje	zlenivějíc	-
zlenošit	-	-	-	-	-	-	-	-	-	-	-	zlenoše	-	-
zlepšit	-	-	-	-	-	-	zlepši	zlepšeme	zlepšete	-	-	-	-
zlevnit	-	-	-	-	-	-	zlevni	zlevněme	zlevněte	-	zlevněn	-	-
zlevnět	-	-	-	-	-	-	zlevněj	zlevnějme	zlevnějte	-	zlevněn	zlevněje	zlevnějíc	-
zleštit	-	-	-	-	-	-	zlešti	zleštěme	zleštěte	-	zleštěn	-	-	-
zležet	-	-	-	-	-	zleží	zlež	zležme	zležte	-	-	-	-	-
zležérnět	-	-	-	-	-	-	zležérněj	zležérnějme	zležérnějte	-	zležérněn	zležérněje	zležérnějíc	-
zlhostejnit	-	-	-	-	-	-	zlhostejni	zlhostejněme	zlhostejněte	-	zlhostejněn	-	-	-
zlhostejnět	-	-	-	-	-	zlhostejní	zlhostejni	zlhostejněme	zlhostejněte	-	zlhostejněn	-	-	-
zlidnatět	-	-	-	-	-	-	zlidnatěj	zlidnatějme	zlidnatějte	-	zlidnatěn	zlidnatěje	zlidnatějíc	-
zlidnit	-	-	-	-	-	-	zlidni	zlidněme	zlidněte	-	zlidněn	-	-	-
zlidovět	-	-	-	-	-	-	zlidověj	zlidovějme	zlidovějte	-	zlidověn	zlidověje	zlidovějíc	-
zlidštit	-	-	-	-	-	-	zlidšti	zlidštěme	zlidštěte	-	zlidštěn	-	-	-
zlidštět	-	-	-	-	-	zlidští	zlidšti	zlidštěme	zlidštěte	-	zlidštěn	-	-	-
zlihovatět	-	-	-	-	-	-	zlihovatěj	zlihovatějme	zlihovatějte	-	zlihovatěn	zlihovatěje	zlihovatějíc	-
zliknavět	-	-	-	-	-	-	zliknavěj	zliknavějme	zliknavějte	-	zliknavěn	zliknavěje	zliknavějíc	-
zlikvidnit	-	-	-	-	-	-	-	-	-	-	zlikvidněn	-	-	-
zliterárnit	-	-	-	-	-	-	zliterárni	zliterárněme	zliterárněte	-	zliterárněn	-	-	-
zliterárnět	-	-	-	-	-	-	zliterárněj	zliterárnějme	zliterárnějte	-	zliterárněn	zliterárněje	zliterárnějíc	-
zliterátštit	-	-	-	-	-	-	zliterátšti	zliterátštěme	zliterátštěte	-	zliterátštěn	-	-	-
zlogičtit	-	-	-	-	-	-	zlogičti	zlogičtěme	zlogičtěte	-	zlogičtěn	-	-	-
zlogičtět	-	-	-	-	-	-	zlogičtěj	zlogičtějme	zlogičtějte	-	zlogičtěn	zlogičtěje	zlogičtějíc	-
zlojovatět	-	-	-	-	-	-	zlojovatěj	zlojovatějme	zlojovatějte	-	zlojovatěn	zlojovatěje	zlojovatějíc	-
zlolát	zlolaji	zlolaješ	zlolaje	zlolajeme	zlolajete	zlolajou	zlolaj	zlolajme	zlolajte	-	zlolán	-	-	-
zlostit	-	-	-	-	-	-	zlosti	zlostěme	zlostěte	-	zlostěn	-	-	-
zlostnit	-	-	-	-	-	-	zlostni	zlostněme	zlostněte	-	zlostněn	-	-	-
zlotračit	-	-	-	-	-	-	-	-	-	-	-	zlotrače	-	-
zlotřit	-	-	-	-	-	-	zlotři	zlotřeme	zlotřete	-	-	-	-	-
zloudit	-	-	-	-	-	-	zloudi	zlouděme	zlouděte	-	zlouděn	-	-	-
zloupit	-	-	-	-	-	-	zloupi	zloupěme	zloupěte	-	-	-	-	-
zlověstit	-	-	-	-	-	-	zlověsti	zlověstěme	zlověstěte	-	zlověstěn	-	-	-
zlověštit	-	-	-	-	-	-	zlověšti	zlověštěme	zlověštěte	-	zlověštěn	-	-	-
zlořečit	-	-	-	-	-	-	-	-	-	-	-	zlořeče	-	-
zložit	-	-	-	-	-	-	-	-	-	-	-	zlože	-	-
zludařit	-	-	-	-	-	-	-	-	-	-	-	zludaře	-	-
zludračit	-	-	-	-	-	-	-	-	-	-	-	zludrače	-	-
zludrařit	-	-	-	-	-	-	-	-	-	-	-	zludraře	-	-
zlumpačit	-	-	-	-	-	-	-	-	-	-	-	zlumpače	-	-
zlundračit	-	-	-	-	-	-	-	-	-	-	-	zlundrače	-	-
zlupenatět	-	-	-	-	-	-	zlupenatěj	zlupenatějme	zlupenatějte	-	zlupenatěn	zlupenatěje	zlupenatějíc	-
zlyričtit	-	-	-	-	-	-	zlyričti	zlyričtěme	zlyričtěte	-	zlyričtěn	-	-	-
zlyričtět	-	-	-	-	-	-	zlyričtěj	zlyričtějme	zlyričtějte	-	zlyričtěn	zlyričtěje	zlyričtějíc	-
zlámat	zlámu	zlámeš	zláme	zlámeme	zlámete	-	-	-	-	-	-	-	-	-
zlát	zlaji	zlaješ	zlaje	zlajeme	zlajete	zlajou	zlaj	zlajme	zlajte	-	zlán	-	-	-
zlézt	zlezu	zlezeš	zleze	zlezeme	zlezete	zlezou	zlez	zlezme	zlezte	zlezl	zlezen	-	-
zléčit	-	-	-	-	-	-	zleč	zlečme	zlečte	-	-	-	-	-
zlíbeznit	-	-	-	-	-	-	zlíbezni	zlíbezněme	zlíbezněte	-	zlíbezněn	-	-	-
zlíbeznět	-	-	-	-	-	-	zlíbezněj	zlíbeznějme	zlíbeznějte	-	zlíbezněn	zlíbezněje	zlíbeznějíc	-
zlíbit	-	-	-	-	-	-	zlib	zlibme	zlibte	-	-	-	-	-
zlínět	-	-	-	-	-	-	zlíněj	zlínějme	zlínějte	-	zlíněn	zlíněje	zlínějíc	-
zlít	zleji	zleješ	zleje	zlejeme	zlejete	zlejou	zlej	zlejme	zlejte	zlil	zlen	zle	zlíc	zlila
zlítit	-	-	-	-	-	-	zliť	zliťme	zliťte	-	zlícen	-	-	-
zlítostivět	-	-	-	-	-	-	zlítostivěj	zlítostivějme	zlítostivějte	-	zlítostivěn	zlítostivěje	zlítostivějíc	-
zlítostnit	-	-	-	-	-	-	zlítostni	zlítostněme	zlítostněte	-	zlítostněn	-	-	-
zlítostnět	-	-	-	-	-	-	zlítostněj	zlítostnějme	zlítostnějte	-	zlítostněn	zlítostněje	zlítostnějíc	-
zmagořit	-	-	-	-	-	-	-	-	-	-	-	zmagoře	-	-
zmajetnět	-	-	-	-	-	-	zmajetněj	zmajetnějme	zmajetnějte	-	zmajetněn	zmajetněje	zmajetnějíc	-
zmalebnit	-	-	-	-	-	-	zmalebni	zmalebněme	zmalebněte	-	zmalebněn	-	-	-
zmalichernit	-	-	-	-	-	-	zmalicherni	zmalicherněme	zmalicherněte	-	zmalicherněn	-	-	-
zmalichernět	-	-	-	-	-	-	zmalicherněj	zmalichernějme	zmalichernějte	-	zmalicherněn	zmalicherněje	zmalichernějíc	-
zmalit	-	-	-	-	-	-	-	-	-	-	-	zmale	-	-
zmaličtět	-	-	-	-	-	-	zmaličtěj	zmaličtějme	zmaličtějte	-	zmaličtěn	zmaličtěje	zmaličtějíc	-
zmalodušnět	-	-	-	-	-	-	zmalodušněj	zmalodušnějme	zmalodušnějte	-	zmalodušněn	zmalodušněje	zmalodušnějíc	-
zmalomocnit	-	-	-	-	-	-	zmalomocni	zmalomocněme	zmalomocněte	-	zmalomocněn	-	-	-
zmalomocnět	-	-	-	-	-	-	zmalomocněj	zmalomocnějme	zmalomocnějte	-	zmalomocněn	zmalomocněje	zmalomocnějíc	-
zmalomyslnit	-	-	-	-	-	-	zmalomyslň	zmalomyslňme	zmalomyslňte	-	zmalomyslněn	-	-	-
zmalomyslnět	-	-	-	-	-	zmalomyslní	zmalomyslň	zmalomyslňme	zmalomyslňte	-	zmalomyslněn	-	-	-
zmaloměšťačet	-	-	-	-	-	zmaloměšťačejí	zmaloměšťačej	zmaloměšťačejme	zmaloměšťačejte	-	-	zmaloměšťačeje	zmaloměšťačejíc	-
zmaloměšťáčtět	-	-	-	-	-	-	zmaloměšťáčtěj	zmaloměšťáčtějme	zmaloměšťáčtějte	-	zmaloměšťáčtěn	zmaloměšťáčtěje	zmaloměšťáčtějíc	-
zmalověrnět	-	-	-	-	-	-	zmalověrněj	zmalověrnějme	zmalověrnějte	-	zmalověrněn	zmalověrněje	zmalověrnějíc	-
zmalátnit	-	-	-	-	-	-	zmalátni	zmalátněme	zmalátněte	-	zmalátněn	-	-	-
zmalátnět	-	-	-	-	-	zmalátní	zmalátni	zmalátněme	zmalátněte	-	zmalátněn	-	-	-
zmamutovatět	-	-	-	-	-	-	zmamutovatěj	zmamutovatějme	zmamutovatějte	-	zmamutovatěn	zmamutovatěje	zmamutovatějíc	-
zmanout	-	-	-	-	-	-	zmaň	zmaňme	zmaňte	-	-	-	-	-
zmanýrovatět	-	-	-	-	-	-	zmanýrovatěj	zmanýrovatějme	zmanýrovatějte	-	zmanýrovatěn	zmanýrovatěje	zmanýrovatějíc	-
zmarnit	-	-	-	-	-	-	zmarni	zmarněme	zmarněte	-	zmarněn	-	-	-
zmarnivět	-	-	-	-	-	-	zmarnivěj	zmarnivějme	zmarnivějte	-	zmarnivěn	zmarnivěje	zmarnivějíc	-
zmarnět	-	-	-	-	-	-	zmarněj	zmarnějme	zmarnějte	-	zmarněn	zmarněje	zmarnějíc	-
zmasitět	-	-	-	-	-	-	zmasitěj	zmasitějme	zmasitějte	-	zmasitěn	zmasitěje	zmasitějíc	-
zmasovět	-	-	-	-	-	-	zmasověj	zmasovějme	zmasovějte	-	zmasověn	zmasověje	zmasovějíc	-
zmastit	-	-	-	-	-	-	zmasti	zmastěme	zmastěte	-	zmaštěn	-	-
zmatematičtit	-	-	-	-	-	-	zmatematičti	zmatematičtěme	zmatematičtěte	-	zmatematičtěn	-	-	-
zmateřštět	-	-	-	-	-	-	zmateřštěj	zmateřštějme	zmateřštějte	-	zmateřštěn	zmateřštěje	zmateřštějíc	-
zmatit	-	-	-	-	-	-	zmať	zmaťme	zmaťte	-	zmatěn	-	-	-
zmatnit	-	-	-	-	-	-	zmatni	zmatněme	zmatněte	-	zmatněn	-	-	-
zmatnět	-	-	-	-	-	-	zmatněj	zmatnějme	zmatnějte	-	zmatněn	zmatněje	zmatnějíc	-
zmatovatět	-	-	-	-	-	-	zmatovatěj	zmatovatějme	zmatovatějte	-	zmatovatěn	zmatovatěje	zmatovatějíc	-
zmazlit	-	-	-	-	-	-	zmazli	zmazleme	zmazlete	-	-	-	-	-
zmazovatět	-	-	-	-	-	-	zmazovatěj	zmazovatějme	zmazovatějte	-	zmazovatěn	zmazovatěje	zmazovatějíc	-
zmařit	-	-	-	-	-	-	-	-	-	-	-	zmaře	-	-
zmaškařit	-	-	-	-	-	-	-	-	-	-	-	zmaškaře	-	-
zmdlít	zmdlím	zmdlíš	zmdlí	zmdlíme	zmdlíte	zmdlí	zmdli	zmdleme	zmdlete	zmdlil	zmdlen	-	-	zmdlila
zmechaničtět	-	-	-	-	-	-	zmechaničtěj	zmechaničtějme	zmechaničtějte	-	zmechaničtěn	zmechaničtěje	zmechaničtějíc	-
zmechovatět	-	-	-	-	-	zmechovatí	zmechovať	zmechovaťme	zmechovaťte	-	zmechovatěn	-	-	-
zmedovět	-	-	-	-	-	-	zmedověj	zmedovějme	zmedovějte	-	zmedověn	zmedověje	zmedovějíc	-
zmejlit	-	-	-	-	-	-	zmejli	zmejleme	zmejlete	-	-	-	-	-
zmelancholičtět	-	-	-	-	-	-	zmelancholičtěj	zmelancholičtějme	zmelancholičtějte	-	zmelancholičtěn	zmelancholičtěje	zmelancholičtějíc	-
zmelodičtit	-	-	-	-	-	-	zmelodičti	zmelodičtěme	zmelodičtěte	-	zmelodičtěn	-	-	-
zmelodičtět	-	-	-	-	-	-	zmelodičtěj	zmelodičtějme	zmelodičtějte	-	zmelodičtěn	zmelodičtěje	zmelodičtějíc	-
zmenout	-	-	-	-	-	-	zmeň	zmeňme	zmeňte	-	-	-	-	-
zmenšit	-	-	-	-	-	-	zmenši	zmenšeme	zmenšete	-	-	-	-
zmermomocnit	-	-	-	-	-	-	zmermomocni	zmermomocněme	zmermomocněte	-	zmermomocněn	-	-	-
zmerčit	-	-	-	-	-	-	-	-	-	-	-	zmerče	-	-
zmetkařit	-	-	-	-	-	-	-	-	-	-	-	zmetkaře	-	-
zmetodičtit	-	-	-	-	-	-	zmetodičti	zmetodičtěme	zmetodičtěte	-	zmetodičtěn	-	-	-
zmezinárodnit	-	-	-	-	-	-	zmezinárodni	zmezinárodněme	zmezinárodněte	-	zmezinárodněn	-	-	-
zmezinárodnět	-	-	-	-	-	-	zmezinárodněj	zmezinárodnějme	zmezinárodnějte	-	zmezinárodněn	zmezinárodněje	zmezinárodnějíc	-
zmezit	-	-	-	-	-	-	-	-	-	-	-	zmeze	-	-
zmezkovatět	-	-	-	-	-	-	zmezkovatěj	zmezkovatějme	zmezkovatějte	-	zmezkovatěn	zmezkovatěje	zmezkovatějíc	-
zmilosrdnit	-	-	-	-	-	-	zmilosrdni	zmilosrdněme	zmilosrdněte	-	zmilosrdněn	-	-	-
zmilosrdnět	-	-	-	-	-	-	zmilosrdněj	zmilosrdnějme	zmilosrdnějte	-	zmilosrdněn	zmilosrdněje	zmilosrdnějíc	-
zmilostivět	-	-	-	-	-	-	zmilostivěj	zmilostivějme	zmilostivějte	-	zmilostivěn	zmilostivěje	zmilostivějíc	-
zmilostnit	-	-	-	-	-	-	zmilostni	zmilostněme	zmilostněte	-	zmilostněn	-	-	-
zmilostnět	-	-	-	-	-	-	zmilostněj	zmilostnějme	zmilostnějte	-	zmilostněn	zmilostněje	zmilostnějíc	-
zminout	-	-	-	-	-	-	zmiň	zmiňme	zmiňte	-	-	-	-	-
zmizet	-	-	-	-	-	zmizejí	zmiz	zmizme	zmizte	-	-	-	-
zmladit	-	-	-	-	-	-	zmlaď	zmlaďme	zmlaďte	-	zmlazen	-	-	-
zmlhavět	-	-	-	-	-	-	zmlhavěj	zmlhavějme	zmlhavějte	-	zmlhavěn	zmlhavěje	zmlhavějíc	-
zmlhovatět	-	-	-	-	-	-	zmlhovatěj	zmlhovatějme	zmlhovatějte	-	zmlhovatěn	zmlhovatěje	zmlhovatějíc	-
zmlsnět	-	-	-	-	-	-	zmlsněj	zmlsnějme	zmlsnějte	-	zmlsněn	zmlsněje	zmlsnějíc	-
zmlátit	-	-	-	-	-	-	zmlať	zmlaťme	zmlaťte	-	zmlácen	-	-
zmléčnatět	-	-	-	-	-	-	zmléčnatěj	zmléčnatějme	zmléčnatějte	-	zmléčnatěn	zmléčnatěje	zmléčnatějíc	-
zmléčnit	-	-	-	-	-	-	zmléčni	zmléčněme	zmléčněte	-	zmléčněn	-	-	-
zmléčnět	-	-	-	-	-	-	zmléčněj	zmléčnějme	zmléčnějte	-	zmléčněn	zmléčněje	zmléčnějíc	-
zmlít	zmelu	zmeleš	zmele	zmeleme	zmelete	zmelou	zmel	zmelme	zmelte	zmlel	zmlet	-	-	zmlela
zmlžit	-	-	-	-	-	-	-	-	-	-	-	zmlže	-	-
zmlžnět	-	-	-	-	-	-	zmlžněj	zmlžnějme	zmlžnějte	-	zmlžněn	zmlžněje	zmlžnějíc	-
zmnohonásobnit	-	-	-	-	-	-	zmnohonásobni	zmnohonásobněme	zmnohonásobněte	-	zmnohonásobněn	-	-	-
zmnohotvárnit	-	-	-	-	-	-	zmnohotvárni	zmnohotvárněme	zmnohotvárněte	-	zmnohotvárněn	-	-	-
zmnožit	-	-	-	-	-	-	-	-	-	-	-	zmnože	-	-
zmoci	zmohu	zmůžeš	zmůže	zmůžeme	zmůžete	zmohou	zmoz	zmozme	zmozte	zmohl	zmožen	-	-	zmohla
zmocnit	-	-	-	-	-	-	zmocni	zmocněme	zmocněte	-	zmocněn	-	-
zmocnět	-	-	-	-	-	-	zmocněj	zmocnějme	zmocnějte	-	zmocněn	zmocněje	zmocnějíc	-
zmodernět	-	-	-	-	-	-	zmoderněj	zmodernějme	zmodernějte	-	zmoderněn	zmoderněje	zmodernějíc	-
zmodravět	-	-	-	-	-	-	zmodravěj	zmodravějme	zmodravějte	-	zmodravěn	zmodravěje	zmodravějíc	-
zmodřet	-	-	-	-	-	zmodřejí	zmodřej	zmodřejme	zmodřejte	-	-	zmodřeje	zmodřejíc	-
zmodřit	-	-	-	-	-	-	zmodři	zmodřeme	zmodřete	-	-	-	-	-
zmohutnit	-	-	-	-	-	-	zmohutni	zmohutněme	zmohutněte	-	zmohutněn	-	-	-
zmohutnět	-	-	-	-	-	zmohutní	zmohutni	zmohutněme	zmohutněte	-	zmohutněn	-	-	-
zmokřit	-	-	-	-	-	-	zmokři	zmokřeme	zmokřete	-	-	-	-	-
zmonolitnit	-	-	-	-	-	-	zmonolitni	zmonolitněme	zmonolitněte	-	zmonolitněn	-	-	-
zmorousovatět	-	-	-	-	-	-	zmorousovatěj	zmorousovatějme	zmorousovatějte	-	zmorousovatěn	zmorousovatěje	zmorousovatějíc	-
zmoudřet	-	-	-	-	-	zmoudřejí	zmoudři	zmoudřeme	zmoudřete	-	-	-	-
zmoudřit	-	-	-	-	-	-	zmoudři	zmoudřeme	zmoudřete	-	-	-	-	-
zmourovatět	-	-	-	-	-	-	zmourovatěj	zmourovatějme	zmourovatějte	-	zmourovatěn	zmourovatěje	zmourovatějíc	-
zmoučit	-	-	-	-	-	-	zmouči	zmoučeme	zmoučete	-	-	-	-	-
zmoučnatět	-	-	-	-	-	-	zmoučnatěj	zmoučnatějme	zmoučnatějte	-	zmoučnatěn	zmoučnatěje	zmoučnatějíc	-
zmozolit	-	-	-	-	-	-	-	-	-	-	-	zmozole	-	-
zmozolnatět	-	-	-	-	-	-	zmozolnatěj	zmozolnatějme	zmozolnatějte	-	zmozolnatěn	zmozolnatěje	zmozolnatějíc	-
zmozolnět	-	-	-	-	-	-	zmozolněj	zmozolnějme	zmozolnějte	-	zmozolněn	zmozolněje	zmozolnějíc	-
zmozolovatět	-	-	-	-	-	-	zmozolovatěj	zmozolovatějme	zmozolovatějte	-	zmozolovatěn	zmozolovatěje	zmozolovatějíc	-
zmočit	-	-	-	-	-	-	-	-	-	-	-	zmoče	-	-
zmořit	-	-	-	-	-	-	-	-	-	-	-	zmoře	-	-
zmramorovatět	-	-	-	-	-	-	zmramorovatěj	zmramorovatějme	zmramorovatějte	-	zmramorovatěn	zmramorovatěje	zmramorovatějíc	-
zmravnit	-	-	-	-	-	-	zmravni	zmravněme	zmravněte	-	zmravněn	-	-	-
zmrazit	-	-	-	-	-	-	-	-	-	-	-	zmraze	-	-
zmrazivět	-	-	-	-	-	-	zmrazivěj	zmrazivějme	zmrazivějte	-	zmrazivěn	zmrazivěje	zmrazivějíc	-
zmrcasatět	-	-	-	-	-	-	zmrcasatěj	zmrcasatějme	zmrcasatějte	-	zmrcasatěn	zmrcasatěje	zmrcasatějíc	-
zmrcatit	-	-	-	-	-	-	zmrcať	zmrcaťme	zmrcaťte	-	zmrcatěn	-	-	-
zmrtvit	-	-	-	-	-	-	zmrtvi	zmrtvěme	zmrtvěte	-	-	-	-	-
zmrtvolnit	-	-	-	-	-	-	zmrtvolni	zmrtvolněme	zmrtvolněte	-	zmrtvolněn	-	-	-
zmrtvýchvstát	-	-	-	-	-	-	-	-	-	zmrtvýchvstal	-	-	-	zmrtvýchvstala
zmrtvět	-	-	-	-	-	zmrtví	-	-	-	-	-	-	-	-
zmrzačit	-	-	-	-	-	-	-	-	-	-	-	zmrzače	-	-
zmrzet	-	-	-	-	-	zmrzí	zmrz	zmrzme	zmrzte	-	-	-	-	-
zmrzoutět	-	-	-	-	-	-	zmrzoutěj	zmrzoutějme	zmrzoutějte	-	zmrzoutěn	zmrzoutěje	zmrzoutějíc	-
zmrzutět	-	-	-	-	-	-	zmrzutěj	zmrzutějme	zmrzutějte	-	zmrzutěn	zmrzutěje	zmrzutějíc	-
zmráčit	-	-	-	-	-	-	zmrač	zmračme	zmračte	-	-	-	-	-
zmršit	-	-	-	-	-	-	-	-	-	-	-	zmrše	-	-
zmusit	-	-	-	-	-	-	-	-	-	-	-	zmuse	-	-
zmučit	-	-	-	-	-	-	-	-	-	-	-	zmuče	-	-
zmužit	-	-	-	-	-	-	-	-	-	-	-	zmuže	-	-
zmužnit	-	-	-	-	-	-	zmužni	zmužněme	zmužněte	-	zmužněn	-	-	-
zmužnět	-	-	-	-	-	zmužní	zmužni	zmužněme	zmužněte	-	zmužněn	-	-	-
zmužštit	-	-	-	-	-	-	zmužšti	zmužštěme	zmužštěte	-	zmužštěn	-	-	-
zmužštět	-	-	-	-	-	-	zmužštěj	zmužštějme	zmužštějte	-	zmužštěn	zmužštěje	zmužštějíc	-
zmydlit	-	-	-	-	-	-	zmydli	zmydleme	zmydlete	-	-	-	-	-
zmyslit	-	-	-	-	-	-	zmysli	zmysleme	zmyslete	-	-	-	-	-
zmystičtit	-	-	-	-	-	-	zmystičti	zmystičtěme	zmystičtěte	-	zmystičtěn	-	-	-
zmálit	-	-	-	-	-	-	zmal	zmalme	zmalte	-	-	-	-	-
zmámit	-	-	-	-	-	-	zmam	zmamme	zmamte	-	-	-	-	-
zmáselnatět	-	-	-	-	-	-	zmáselnatěj	zmáselnatějme	zmáselnatějte	-	zmáselnatěn	zmáselnatěje	zmáselnatějíc	-
zmáselnit	-	-	-	-	-	-	zmáselni	zmáselněme	zmáselněte	-	zmáselněn	-	-	-
zmáslovatět	-	-	-	-	-	-	zmáslovatěj	zmáslovatějme	zmáslovatějte	-	zmáslovatěn	zmáslovatěje	zmáslovatějíc	-
zmást	zmatu	zmateš	zmate	zmateme	zmatete	zmatou	zmať	zmaťme	zmaťte	zmátl	zmaten	-	-
zmátořit	-	-	-	-	-	-	-	-	-	-	-	zmátoře	-	-
zmátožit	-	-	-	-	-	-	-	-	-	-	-	zmátože	-	-
zmátožnět	-	-	-	-	-	-	zmátožněj	zmátožnějme	zmátožnějte	-	zmátožněn	zmátožněje	zmátožnějíc	-
zmáčet	-	-	-	-	-	zmáčejí	zmáčej	zmáčejme	zmáčejte	-	-	zmáčeje	zmáčejíc	-
zmést	zmetu	zmeteš	zmete	zmeteme	zmetete	zmetou	zmeť	zmeťme	zmeťte	zmetl	zmeten	-	-	zmetla
zmínit	-	-	-	-	-	-	zmiň	zmiňme	zmiňte	-	zmíněn	-	-
zmírnit	-	-	-	-	-	-	zmírni	zmírněme	zmírněte	-	zmírněn	-	-
zmírnět	-	-	-	-	-	-	zmírněj	zmírnějme	zmírnějte	-	zmírněn	zmírněje	zmírnějíc	-
zmútit	-	-	-	-	-	-	zmuť	zmuťme	zmuťte	-	zmúcen	-	-	-
zmýdelnit	-	-	-	-	-	-	zmýdelni	zmýdelněme	zmýdelněte	-	zmýdelněn	-	-	-
zmýdlovatět	-	-	-	-	-	-	zmýdlovatěj	zmýdlovatějme	zmýdlovatějte	-	zmýdlovatěn	zmýdlovatěje	zmýdlovatějíc	-
zmýlit	-	-	-	-	-	-	zmyl	zmylme	zmylte	-	-	-	-	-
zmýtit	-	-	-	-	-	-	zmyť	zmyťme	zmyťte	-	zmýcen	-	-	-
změchatět	-	-	-	-	-	-	změchatěj	změchatějme	změchatějte	-	změchatěn	změchatěje	změchatějíc	-
změdlit	-	-	-	-	-	-	změdli	změdleme	změdlete	-	-	-	-	-
změkčit	-	-	-	-	-	-	změkči	změkčeme	změkčete	-	-	-	-
změlnit	-	-	-	-	-	-	změlni	změlněme	změlněte	-	změlněn	-	-	-
změlčet	-	-	-	-	-	změlčejí	změlčej	změlčejme	změlčejte	-	-	změlčeje	změlčejíc	-
změlčit	-	-	-	-	-	-	změlči	změlčeme	změlčete	-	-	-	-	-
změnit	-	-	-	-	-	-	změň	změňme	změňte	-	změněn	-	-
změřit	-	-	-	-	-	-	-	-	-	-	-	změře	-	-
změštět	-	-	-	-	-	-	změštěj	změštějme	změštějte	-	změštěn	změštěje	změštějíc	-
změšťačet	-	-	-	-	-	změšťačejí	změšťačej	změšťačejme	změšťačejte	-	-	změšťačeje	změšťačejíc	-
změšťáčtit	-	-	-	-	-	-	změšťáčti	změšťáčtěme	změšťáčtěte	-	změšťáčtěn	-	-	-
změšťáčtět	-	-	-	-	-	-	změšťáčtěj	změšťáčtějme	změšťáčtějte	-	změšťáčtěn	změšťáčtěje	změšťáčtějíc	-
znachovět	-	-	-	-	-	-	znachověj	znachovějme	znachovějte	-	znachověn	znachověje	znachovějíc	-
znaivnět	-	-	-	-	-	-	znaivněj	znaivnějme	znaivnějte	-	znaivněn	znaivněje	znaivnějíc	-
znaléhavět	-	-	-	-	-	-	znaléhavěj	znaléhavějme	znaléhavějte	-	znaléhavěn	znaléhavěje	znaléhavějíc	-
značit	-	-	-	-	-	-	-	-	-	-	-	znače	-
zneaktivnit	-	-	-	-	-	-	zneaktivň	zneaktivňme	zneaktivňte	-	zneaktivněn	-	-	-
znecenit	-	-	-	-	-	-	zneceň	zneceňme	zneceňte	-	zneceněn	-	-	-
znechtít	-	-	znechce	-	-	-	-	-	-	-	-	-	-	-
znechutit	-	-	-	-	-	-	znechuť	znechuťme	znechuťte	-	znechucen	-	-
znecitelnět	-	-	-	-	-	-	znecitelněj	znecitelnějme	znecitelnějte	-	znecitelněn	znecitelněje	znecitelnějíc	-
znecitlivět	-	-	-	-	-	-	znecitlivěj	znecitlivějme	znecitlivějte	-	znecitlivěn	znecitlivěje	znecitlivějíc	-
znectít	znectím	znectíš	znectí	znectíme	znectíte	znectí	znecti	znectěme	znectěte	znectil	znectěn	-	-
zneduživět	-	-	-	-	-	-	zneduživěj	zneduživějme	zneduživějte	-	zneduživěn	zneduživěje	zneduživějíc	-
znedůtklivět	-	-	-	-	-	-	znedůtklivěj	znedůtklivějme	znedůtklivějte	-	znedůtklivěn	znedůtklivěje	znedůtklivějíc	-
znedůvěřit	-	-	-	-	-	-	-	-	-	-	-	znedůvěře	-	-
znedůvěřivět	-	-	-	-	-	-	znedůvěřivěj	znedůvěřivějme	znedůvěřivějte	-	znedůvěřivěn	znedůvěřivěje	znedůvěřivějíc	-
znegativnět	-	-	-	-	-	-	znegativněj	znegativnějme	znegativnějte	-	znegativněn	znegativněje	znegativnějíc	-
znehodnotit	-	-	-	-	-	-	znehodnoť	znehodnoťme	znehodnoťte	-	znehodnocen	-	-
znehybnit	-	-	-	-	-	-	znehybni	znehybněme	znehybněte	-	znehybněn	-	-
znehybnět	-	-	-	-	-	znehybní	znehybni	znehybněme	znehybněte	-	znehybněn	-	-	-
znejasnit	-	-	-	-	-	-	znejasni	znejasněme	znejasněte	-	znejasněn	-	-
znejasnět	-	-	-	-	-	-	znejasněj	znejasnějme	znejasnějte	-	znejasněn	znejasněje	znejasnějíc	-
znejistit	-	-	-	-	-	-	znejisti	znejistěme	znejistěte	-	znejistěn	-	-
znejistět	-	-	-	-	-	znejistí	znejisti	znejistěme	znejistěte	-	znejistěn	-	-	-
zneklidnit	-	-	-	-	-	-	zneklidni	zneklidněme	zneklidněte	-	zneklidněn	-	-
zneklidnět	-	-	-	-	-	zneklidní	zneklidni	zneklidněme	zneklidněte	-	zneklidněn	-	-	-
znekonečnit	-	-	-	-	-	-	znekonečni	znekonečněme	znekonečněte	-	znekonečněn	-	-	-
znelidštit	-	-	-	-	-	-	znelidšti	znelidštěme	znelidštěte	-	znelidštěn	-	-	-
znelidštět	-	-	-	-	-	-	znelidštěj	znelidštějme	znelidštějte	-	znelidštěn	znelidštěje	znelidštějíc	-
znelíbit	-	-	-	-	-	-	znelib	znelibme	znelibte	-	-	-	-
znemocnět	-	-	-	-	-	-	znemocněj	znemocnějme	znemocnějte	-	znemocněn	znemocněje	znemocnějíc	-
znemožnit	-	-	-	-	-	-	znemožni	znemožněme	znemožněte	-	znemožněn	-	-
znemravnit	-	-	-	-	-	-	znemravni	znemravněme	znemravněte	-	znemravněn	-	-
znemravnět	-	-	-	-	-	-	znemravněj	znemravnějme	znemravnějte	-	znemravněn	znemravněje	znemravnějíc	-
znenávidět	-	-	-	-	-	znenávidí	znenáviď	znenáviďme	znenáviďte	-	znenáviděn	-	-	-
zneobratnět	-	-	-	-	-	-	zneobratněj	zneobratnějme	zneobratnějte	-	zneobratněn	zneobratněje	zneobratnějíc	-
znepatrnět	-	-	-	-	-	-	znepatrněj	znepatrnějme	znepatrnějte	-	znepatrněn	znepatrněje	znepatrnějíc	-
zneplatnit	-	-	-	-	-	-	zneplatni	zneplatněme	zneplatněte	-	zneplatněn	-	-	-
zneplodnit	-	-	-	-	-	-	zneplodni	zneplodněme	zneplodněte	-	zneplodněn	-	-	-
znepohodlnět	-	-	-	-	-	znepohodlní	znepohodlň	znepohodlňme	znepohodlňte	-	znepohodlněn	-	-	-
znepojízdnit	-	-	-	-	-	-	-	-	-	-	znepojízdněn	-	-	-
znepokojit	-	-	-	-	-	-	-	-	-	-	-	znepokoje	-	-
znepokojnět	-	-	-	-	-	-	znepokojněj	znepokojnějme	znepokojnějte	-	znepokojněn	znepokojněje	znepokojnějíc	-
znepozornět	-	-	-	-	-	-	znepozorněj	znepozornějme	znepozornějte	-	znepozorněn	znepozorněje	znepozornějíc	-
znepravidelnit	-	-	-	-	-	-	znepravidelni	znepravidelněme	znepravidelněte	-	znepravidelněn	-	-	-
znepravidelnět	-	-	-	-	-	-	znepravidelněj	znepravidelnějme	znepravidelnějte	-	znepravidelněn	znepravidelněje	znepravidelnějíc	-
zneprůchodnit	-	-	-	-	-	-	zneprůchodni	zneprůchodněme	zneprůchodněte	-	zneprůchodněn	-	-	-
zneprůchodnět	-	-	-	-	-	-	zneprůchodněj	zneprůchodnějme	zneprůchodnějte	-	zneprůchodněn	zneprůchodněje	zneprůchodnějíc	-
zneprůhlednit	-	-	-	-	-	-	zneprůhledni	zneprůhledněme	zneprůhledněte	-	zneprůhledněn	-	-	-
zneprůjezdnit	-	-	-	-	-	-	zneprůjezdni	zneprůjezdněme	zneprůjezdněte	-	zneprůjezdněn	-	-	-
znepřehlednit	-	-	-	-	-	-	znepřehledni	znepřehledněme	znepřehledněte	-	znepřehledněn	-	-	-
znepřátelit	-	-	-	-	-	-	-	-	-	-	-	znepřátele	-	-
znepříjemnit	-	-	-	-	-	-	znepříjemni	znepříjemněme	znepříjemněte	-	znepříjemněn	-	-	-
znepříjemnět	-	-	-	-	-	-	znepříjemněj	znepříjemnějme	znepříjemnějte	-	znepříjemněn	znepříjemněje	znepříjemnějíc	-
znepřístupnit	-	-	-	-	-	-	znepřístupni	znepřístupněme	znepřístupněte	-	znepřístupněn	-	-	-
znepřítomnět	-	-	-	-	-	-	znepřítomněj	znepřítomnějme	znepřítomnějte	-	znepřítomněn	znepřítomněje	znepřítomnějíc	-
znerovnoprávnit	-	-	-	-	-	-	znerovnoprávni	znerovnoprávněme	znerovnoprávněte	-	znerovnoprávněn	-	-	-
znervosnit	-	-	-	-	-	-	znervosni	znervosněme	znervosněte	-	znervosněn	-	-	-
znervosnět	-	-	-	-	-	-	znervosněj	znervosnějme	znervosnějte	-	znervosněn	znervosněje	znervosnějíc	-
znervoznit	-	-	-	-	-	-	znervozni	znervozněme	znervozněte	-	znervozněn	-	-	-
znervoznět	-	-	-	-	-	-	znervozněj	znervoznějme	znervoznějte	-	znervozněn	znervozněje	znervoznějíc	-
znervóznit	-	-	-	-	-	-	znervózni	znervózněme	znervózněte	-	znervózněn	-	-
znervóznět	-	-	-	-	-	-	znervózněj	znervóznějme	znervóznějte	-	znervózněn	znervózněje	znervóznějíc	-
zneschopnit	-	-	-	-	-	-	zneschopni	zneschopněme	zneschopněte	-	zneschopněn	-	-	-
znesmrtelnit	-	-	-	-	-	-	znesmrtelni	znesmrtelněme	znesmrtelněte	-	znesmrtelněn	-	-	-
znesmělit	-	-	-	-	-	-	-	-	-	-	-	znesměle	-	-
znesnadit	-	-	-	-	-	-	znesnaď	znesnaďme	znesnaďte	-	znesnaděn	-	-	-
znesnadnit	-	-	-	-	-	-	znesnadni	znesnadněme	znesnadněte	-	znesnadněn	-	-
znesvářit	-	-	-	-	-	-	znesvař	znesvařme	znesvařte	-	-	-	-
znesvětit	-	-	-	-	-	-	znesvěť	znesvěťme	znesvěťte	-	znesvěcen	-	-
znetečnět	-	-	-	-	-	-	znetečněj	znetečnějme	znetečnějte	-	znetečněn	znetečněje	znetečnějíc	-
znetrpělivět	-	-	-	-	-	-	znetrpělivěj	znetrpělivějme	znetrpělivějte	-	znetrpělivěn	znetrpělivěje	znetrpělivějíc	-
znetvořit	-	-	-	-	-	-	-	-	-	-	-	znetvoře	-	-
znetvářet	-	-	-	-	-	znetvářejí	znetvářej	znetvářejme	znetvářejte	-	-	znetvářeje	znetvářejíc	-
zneuctít	zneuctím	zneuctíš	zneuctí	zneuctíme	zneuctíte	zneuctí	zneucti	zneuctěme	zneuctěte	zneuctil	zneuctěn	-	-
zneužít	zneužiji	zneužiješ	zneužije	zneužijeme	zneužijete	zneužijou	zneužij	zneužijme	zneužijte	zneužil	zneužit	-	-
zneviditelnit	-	-	-	-	-	-	zneviditelň	zneviditelňme	zneviditelňte	-	zneviditelněn	-	-	-
znevidět	-	-	-	-	-	znevidí	zneviď	zneviďme	zneviďte	-	zneviděn	-	-	-
znevlídnět	-	-	-	-	-	-	znevlídněj	znevlídnějme	znevlídnějte	-	znevlídněn	znevlídněje	znevlídnějíc	-
znevolnit	-	-	-	-	-	-	znevolni	znevolněme	znevolněte	-	znevolněn	-	-	-
znevolničit	-	-	-	-	-	-	-	-	-	-	-	znevolniče	-	-
znevrlet	-	-	-	-	-	znevrlejí	znevrlej	znevrlejme	znevrlejte	-	-	znevrleje	znevrlejíc	-
znevážit	-	-	-	-	-	-	znevaž	znevažme	znevažte	-	-	-	-
znevážnět	-	-	-	-	-	-	znevážněj	znevážnějme	znevážnějte	-	znevážněn	znevážněje	znevážnějíc	-
znevýhodnit	-	-	-	-	-	-	znevýhodni	znevýhodněme	znevýhodněte	-	znevýhodněn	-	-	-
znevýraznit	-	-	-	-	-	-	znevýrazni	znevýrazněme	znevýrazněte	-	znevýrazněn	-	-	-
znevěrohodnit	-	-	-	-	-	-	znevěrohodni	znevěrohodněme	znevěrohodněte	-	znevěrohodněn	-	-	-
znevěřit	-	-	-	-	-	-	-	-	-	-	-	znevěře	-	-
znečistit	-	-	-	-	-	-	znečisti	znečistěme	znečistěte	-	znečistěn	-	-
znečitelnit	-	-	-	-	-	-	znečitelni	znečitelněme	znečitelněte	-	znečitelněn	-	-	-
zneřádit	-	-	-	-	-	-	zneřádi	zneřáděme	zneřáděte	-	zneřáděn	-	-	-
zneškodnit	-	-	-	-	-	-	zneškodni	zneškodněme	zneškodněte	-	zneškodněn	-	-
znešvařit	-	-	-	-	-	-	-	-	-	-	-	znešvaře	-	-
znešťastnět	-	-	-	-	-	-	znešťastněj	znešťastnějme	znešťastnějte	-	znešťastněn	znešťastněje	znešťastnějíc	-
znicotnět	-	-	-	-	-	-	znicotněj	znicotnějme	znicotnějte	-	znicotněn	znicotněje	znicotnějíc	-
zniternit	-	-	-	-	-	-	zniterni	zniterněme	zniterněte	-	zniterněn	-	-	-
zniternět	-	-	-	-	-	-	zniterněj	zniternějme	zniternějte	-	zniterněn	zniterněje	zniternějíc	-
zničemnit	-	-	-	-	-	-	zničemni	zničemněme	zničemněte	-	zničemněn	-	-	-
zničit	-	-	-	-	-	-	-	-	-	-	-	zniče	-	-
znojit	-	-	-	-	-	-	-	-	-	-	-	znoje	-	-
znormálnět	-	-	-	-	-	-	znormálněj	znormálnějme	znormálnějte	-	znormálněn	znormálněje	znormálnějíc	-
znovinařit	-	-	-	-	-	-	-	-	-	-	-	znovinaře	-	-
znovudobýt	znovudobudu	znovudobudeš	znovudobude	znovudobudeme	znovudobudete	znovudobudou	znovudobuď	znovudobuďme	znovudobuďte	znovudobyl	znovudobyt	-	-	znovudobyla
znovudosadit	-	-	-	-	-	-	-	-	-	-	znovudosazen	-	-	-
znovudosáhnout	-	-	-	-	-	-	-	-	-	-	znovudosažen	-	-	-
znovunabít	znovunabiji	znovunabiješ	znovunabije	znovunabijeme	znovunabijete	znovunabijou	znovunabij	znovunabijme	znovunabijte	znovunabil	znovunabit	-	-	znovunabila
znovunabýt	znovunabudu	znovunabudeš	znovunabude	znovunabudeme	znovunabudete	znovunabudou	znovunabuď	znovunabuďme	znovunabuďte	znovunabyl	znovunabyt	-	-	znovunabyla
znovunaložit	-	-	-	-	-	-	-	-	-	-	-	znovunalože	-	-
znovunalézt	znovunaleznu	znovunalezneš	znovunalezne	znovunalezneme	znovunaleznete	znovunaleznou	znovunalezni	znovunalezněme	znovunalezněte	znovunalezl	znovunalezen	-	-	znovunalezla
znovunaplnit	-	-	-	-	-	-	-	-	-	-	znovunaplněn	-	-	-
znovunapustit	-	-	-	-	-	-	znovunapusť	znovunapusťme	znovunapusťte	-	znovunapuštěn	-	-	-
znovunarodit	-	-	-	-	-	-	znovunaroď	znovunaroďme	znovunaroďte	-	znovunarozen	-	-	-
znovunastolit	-	-	-	-	-	-	-	-	-	-	-	znovunastole	-	-
znovunatočit	-	-	-	-	-	-	-	-	-	-	-	znovunatoče	-	-
znovunavrátit	-	-	-	-	-	-	znovunavrať	znovunavraťme	znovunavraťte	-	znovunavrácen	-	-	-
znovunavázat	znovunaváži	znovunavážeš	znovunaváže	znovunavážeme	znovunavážete	znovunavážou	znovunavaž	znovunavažme	znovunavažte	-	-	-	-	-
znovunačíst	-	-	-	-	-	-	-	-	-	-	znovunačten	-	-	-
znovuobrodit	-	-	-	-	-	-	znovuobroď	znovuobroďme	znovuobroďte	-	znovuobrozen	-	-	-
znovuobsadit	-	-	-	-	-	-	znovuobsaď	znovuobsaďme	znovuobsaďte	-	znovuobsazen	-	-	-
znovuodhalit	-	-	-	-	-	-	-	-	-	-	-	znovuodhale	-	-
znovuosadit	-	-	-	-	-	-	znovuosaď	znovuosaďme	znovuosaďte	-	znovuosazen	-	-	-
znovuosídlit	-	-	-	-	-	-	znovuosídli	znovuosídleme	znovuosídlete	-	-	-	-	-
znovuotevřít	znovuotevřu	znovuotevřeš	znovuotevře	znovuotevřeme	znovuotevřete	znovuotevřou	znovuotevři	znovuotevřeme	znovuotevřete	znovuotevřel	znovuotevřen	-	-	znovuotevřela
znovuožít	znovuožiji	znovuožiješ	znovuožije	znovuožijeme	znovuožijete	znovuožijou	znovuožij	znovuožijme	znovuožijte	znovuožil	znovuožit	-	-	znovuožila
znovupohřbít	znovupohřbím	znovupohřbíš	znovupohřbí	znovupohřbíme	znovupohřbíte	znovupohřbí	znovupohřbi	znovupohřběme	znovupohřběte	znovupohřbil	znovupohřben	-	-	znovupohřbila
znovupotvrdit	-	-	-	-	-	-	znovupotvrď	znovupotvrďme	znovupotvrďte	-	znovupotvrzen	-	-	-
znovupoužít	znovupoužiji	znovupoužiješ	znovupoužije	znovupoužijeme	znovupoužijete	znovupoužijou	znovupoužij	znovupoužijme	znovupoužijte	znovupoužil	znovupoužit	-	-	znovupoužila
znovuprožít	znovuprožiji	znovuprožiješ	znovuprožije	znovuprožijeme	znovuprožijete	znovuprožijou	znovuprožij	znovuprožijme	znovuprožijte	znovuprožil	znovuprožit	-	-	znovuprožila
znovupřipojit	-	-	-	-	-	-	-	-	-	-	-	znovupřipoje	-	-
znovupřipomenout	-	-	-	-	-	-	znovupřipomeň	znovupřipomeňme	znovupřipomeňte	-	-	-	-	-
znovupřišít	znovupřišiji	znovupřišiješ	znovupřišije	znovupřišijeme	znovupřišijete	znovupřišijou	znovupřišij	znovupřišijme	znovupřišijte	znovupřišil	znovupřišit	-	-	znovupřišila
znovurozdělit	-	-	-	-	-	-	-	-	-	-	-	znovurozděle	-	-
znovurozjet	znovurozjedu	znovurozjedeš	znovurozjede	znovurozjedeme	znovurozjedete	znovurozjedou	znovurozjeď	znovurozjeďme	znovurozjeďte	-	znovurozjet	-	-	-
znovusamozavést	znovusamozavedu	znovusamozavedeš	znovusamozavede	znovusamozavedeme	znovusamozavedete	znovusamozavedou	znovusamozaveď	znovusamozaveďme	znovusamozaveďte	-	znovusamozaveden	-	-	-
znovusjednotit	-	-	-	-	-	-	znovusjednoť	znovusjednoťme	znovusjednoťte	-	znovusjednocen	-	-	-
znovuspouštět	-	-	-	-	-	-	znovuspouštěj	znovuspouštějme	znovuspouštějte	-	znovuspouštěn	znovuspouštěje	znovuspouštějíc	-
znovuspustit	-	-	-	-	-	-	znovuspusť	znovuspusťme	znovuspusťte	-	znovuspuštěn	-	-	-
znovuuložit	-	-	-	-	-	-	-	-	-	-	-	znovuulože	-	-
znovuusadit	-	-	-	-	-	-	znovuusaď	znovuusaďme	znovuusaďte	-	znovuusazen	-	-	-
znovuuvádět	-	-	-	-	-	-	znovuuváděj	znovuuvádějme	znovuuvádějte	-	znovuuváděn	znovuuváděje	znovuuvádějíc	-
znovuvyhlásit	-	-	-	-	-	-	-	-	-	-	znovuvyhlášen	-	-	-
znovuvymezit	-	-	-	-	-	-	-	-	-	-	-	znovuvymeze	-	-
znovuvyplatit	-	-	-	-	-	-	znovuvyplať	znovuvyplaťme	znovuvyplaťte	-	znovuvyplacen	-	-	-
znovuvystavět	-	-	-	-	-	-	znovuvystavěj	znovuvystavějme	znovuvystavějte	-	znovuvystavěn	znovuvystavěje	znovuvystavějíc	-
znovuvytvořit	-	-	-	-	-	-	-	-	-	-	-	znovuvytvoře	-	-
znovuvytvářet	-	-	-	-	-	znovuvytvářejí	znovuvytvářej	znovuvytvářejme	znovuvytvářejte	-	-	znovuvytvářeje	znovuvytvářejíc	-
znovuvytáčet	-	-	-	-	-	znovuvytáčejí	znovuvytáčej	znovuvytáčejme	znovuvytáčejte	-	-	znovuvytáčeje	znovuvytáčejíc	-
znovuvyužít	znovuvyužiji	znovuvyužiješ	znovuvyužije	znovuvyužijeme	znovuvyužijete	znovuvyužijou	znovuvyužij	znovuvyužijme	znovuvyužijte	znovuvyužil	znovuvyužit	-	-	znovuvyužila
znovuvyvézt	znovuvyvezu	znovuvyvezeš	znovuvyveze	znovuvyvezeme	znovuvyvezete	znovuvyvezou	znovuvyvez	znovuvyvezme	znovuvyvezte	znovuvyvezl	znovuvyvezen	-	-	znovuvyvezla
znovuvyzbrojit	-	-	-	-	-	-	-	-	-	-	-	znovuvyzbroje	-	-
znovuvzkřísit	-	-	-	-	-	-	znovuvzkřis	znovuvzkřisme	znovuvzkřiste	-	znovuvzkříšen	-	-	-
znovuzabydlet	-	-	-	-	-	znovuzabydlí	znovuzabydli	znovuzabydleme	znovuzabydlete	-	-	-	-	-
znovuzahájit	-	-	-	-	-	-	znovuzahaj	znovuzahajme	znovuzahajte	-	-	-	-	-
znovuzalesnit	-	-	-	-	-	-	-	-	-	-	znovuzalesněn	-	-	-
znovuzapojit	-	-	-	-	-	-	-	-	-	-	-	znovuzapoje	-	-
znovuzasunout	-	-	-	-	-	-	znovuzasuň	znovuzasuňme	znovuzasuňte	-	-	-	-	-
znovuzasvětit	-	-	-	-	-	-	znovuzasvěť	znovuzasvěťme	znovuzasvěťte	-	znovuzasvěcen	-	-	-
znovuzavádět	-	-	-	-	-	-	znovuzaváděj	znovuzavádějme	znovuzavádějte	-	znovuzaváděn	znovuzaváděje	znovuzavádějíc	-
znovuzavést	znovuzavedu	znovuzavedeš	znovuzavede	znovuzavedeme	znovuzavedete	znovuzavedou	znovuzaveď	znovuzaveďme	znovuzaveďte	-	znovuzaveden	-	-	-
znovuzačlenit	-	-	-	-	-	-	-	-	-	-	znovuzačleněn	-	-	-
znovuzažít	znovuzažiji	znovuzažiješ	znovuzažije	znovuzažijeme	znovuzažijete	znovuzažijou	znovuzažij	znovuzažijme	znovuzažijte	znovuzažil	znovuzažit	-	-	znovuzažila
znovuzmrazit	-	-	-	-	-	-	-	-	-	-	-	znovuzmraze	-	-
znovuzprovoznit	-	-	-	-	-	-	-	-	-	-	znovuzprovozněn	-	-	-
znovuzpřístupnit	-	-	-	-	-	-	znovuzpřístupni	znovuzpřístupněme	znovuzpřístupněte	-	znovuzpřístupněn	-	-	-
znovuzpřítomnit	-	-	-	-	-	-	-	-	-	-	znovuzpřítomněn	-	-	-
znovuzrodit	-	-	-	-	-	-	znovuzroď	znovuzroďme	znovuzroďte	-	znovuzrozen	-	-	-
znovuzvolit	-	-	-	-	-	-	-	-	-	-	-	znovuzvole	-	-
znovuzřídit	-	-	-	-	-	-	znovuzříď	znovuzříďme	znovuzříďte	-	znovuzřízen	-	-	-
znořit	-	-	-	-	-	-	-	-	-	-	-	znoře	-	-
znudit	-	-	-	-	-	-	znuď	znuďme	znuďte	-	znuděn	-	-	-
znudnit	-	-	-	-	-	-	znudni	znudněme	znudněte	-	znudněn	-	-	-
znuzačet	-	-	-	-	-	znuzačejí	znuzačej	znuzačejme	znuzačejte	-	-	znuzačeje	znuzačejíc	-
znuzačit	-	-	-	-	-	-	-	-	-	-	-	znuzače	-	-
znuzit	-	-	-	-	-	-	-	-	-	-	-	znuze	-	-
znuzovatět	-	-	-	-	-	-	znuzovatěj	znuzovatějme	znuzovatějte	-	znuzovatěn	znuzovatěje	znuzovatějíc	-
znábožnět	-	-	-	-	-	-	znábožněj	znábožnějme	znábožnějte	-	znábožněn	znábožněje	znábožnějíc	-
znádhernit	-	-	-	-	-	-	znádherni	znádherněme	znádherněte	-	znádherněn	-	-	-
znádhernět	-	-	-	-	-	-	znádherněj	znádhernějme	znádhernějte	-	znádherněn	znádherněje	znádhernějíc	-
znáhlit	-	-	-	-	-	-	znáhli	znáhleme	znáhlete	-	-	-	-	-
známit	-	-	-	-	-	-	znam	znamme	znamte	-	-	-	-	-
znápadnět	-	-	-	-	-	-	znápadněj	znápadnějme	znápadnějte	-	znápadněn	znápadněje	znápadnějíc	-
znárodnit	-	-	-	-	-	-	znárodni	znárodněme	znárodněte	-	znárodněn	-	-
znárodnět	-	-	-	-	-	znárodní	znárodni	znárodněme	znárodněte	-	znárodněn	-	-	-
znáruživět	-	-	-	-	-	-	znáruživěj	znáruživějme	znáruživějte	-	znáruživěn	znáruživěje	znáruživějíc	-
znásilnit	-	-	-	-	-	-	znásilni	znásilněme	znásilněte	-	znásilněn	-	-
znásobnit	-	-	-	-	-	-	znásobni	znásobněme	znásobněte	-	znásobněn	-	-	-
znát	znám	znáš	zná	známe	znáte	znají	znej	znejme	znejte	znal	znán	znaje	znajíc
znázornit	-	-	-	-	-	-	znázorni	znázorněme	znázorněte	-	znázorněn	-	-	-
znít	zním	zníš	zní	zníme	zníte	zní	zni	zněme	zněte	zněl	zněn	zně	zníc	-
zněkolikanásobnit	-	-	-	-	-	-	zněkolikanásobni	zněkolikanásobněme	zněkolikanásobněte	-	zněkolikanásobněn	-	-	-
zněmit	-	-	-	-	-	-	zněmi	zněměme	zněměte	-	-	-	-	-
zněmčit	-	-	-	-	-	-	zněmči	zněmčeme	zněmčete	-	-	-	-	-
zněmět	-	-	-	-	-	-	zněměj	zněmějme	zněmějte	-	zněměn	zněměje	zněmějíc	-
zněžnit	-	-	-	-	-	-	-	-	-	-	zněžněn	-	-	-
zněžnět	-	-	-	-	-	-	zněžněj	zněžnějme	zněžnějte	-	zněžněn	zněžněje	zněžnějíc	-
zobchodnit	-	-	-	-	-	-	zobchodni	zobchodněme	zobchodněte	-	zobchodněn	-	-	-
zobchodničit	-	-	-	-	-	-	-	-	-	-	-	zobchodniče	-	-
zobecnit	-	-	-	-	-	-	zobecni	zobecněme	zobecněte	-	zobecněn	-	-
zobecnět	-	-	-	-	-	-	zobecněj	zobecnějme	zobecnějte	-	zobecněn	zobecněje	zobecnějíc	-
zobjektivnit	-	-	-	-	-	-	zobjektivni	zobjektivněme	zobjektivněte	-	zobjektivněn	-	-	-
zobloučit	-	-	-	-	-	-	zoblouči	zobloučeme	zobloučete	-	-	-	-	-
zobousměrnit	-	-	-	-	-	-	-	-	-	-	zobousměrněn	-	-	-
zobracet	-	-	-	-	-	zobracejí	zobracej	zobracejme	zobracejte	-	-	zobraceje	zobracejíc	-
zobrátit	-	-	-	-	-	-	zobrať	zobraťme	zobraťte	-	zobrácen	-	-	-
zobytnit	-	-	-	-	-	-	-	-	-	-	zobytněn	-	-	-
zobyčejnit	-	-	-	-	-	-	zobyčejni	zobyčejněme	zobyčejněte	-	zobyčejněn	-	-	-
zobyčejnět	-	-	-	-	-	-	zobyčejněj	zobyčejnějme	zobyčejnějte	-	zobyčejněn	zobyčejněje	zobyčejnějíc	-
zobzvláštnit	-	-	-	-	-	-	zobzvláštni	zobzvláštněme	zobzvláštněte	-	zobzvláštněn	-	-	-
zobčanštit	-	-	-	-	-	-	zobčanšti	zobčanštěme	zobčanštěte	-	zobčanštěn	-	-	-
zobčanštět	-	-	-	-	-	-	zobčanštěj	zobčanštějme	zobčanštějte	-	zobčanštěn	zobčanštěje	zobčanštějíc	-
zocelet	-	-	-	-	-	zocelejí	zocelej	zocelejme	zocelejte	-	-	zoceleje	zocelejíc	-
zocelit	-	-	-	-	-	-	-	-	-	-	-	zocele	-	-
zocelovatět	-	-	-	-	-	-	zocelovatěj	zocelovatějme	zocelovatějte	-	zocelovatěn	zocelovatěje	zocelovatějíc	-
zocelovět	-	-	-	-	-	-	zocelověj	zocelovějme	zocelovějte	-	zocelověn	zocelověje	zocelovějíc	-
zoctit	-	-	-	-	-	-	zocti	zoctěme	zoctěte	-	zoctěn	-	-	-
zoctovatět	-	-	-	-	-	-	zoctovatěj	zoctovatějme	zoctovatějte	-	zoctovatěn	zoctovatěje	zoctovatějíc	-
zodbornit	-	-	-	-	-	-	zodborni	zodborněme	zodborněte	-	zodborněn	-	-	-
zodborničtit	-	-	-	-	-	-	zodborničti	zodborničtěme	zodborničtěte	-	zodborničtěn	-	-	-
zodborničtět	-	-	-	-	-	-	zodborničtěj	zodborničtějme	zodborničtějte	-	zodborničtěn	zodborničtěje	zodborničtějíc	-
zodbornět	-	-	-	-	-	-	zodborněj	zodbornějme	zodbornějte	-	zodborněn	zodborněje	zodbornějíc	-
zodolnit	-	-	-	-	-	-	zodolň	zodolňme	zodolňte	-	zodolněn	-	-	-
zodpornět	-	-	-	-	-	-	zodporněj	zodpornějme	zodpornějte	-	zodporněn	zodporněje	zodpornějíc	-
zodpovědět	zodpovím	zodpovíš	zodpoví	zodpovíme	zodpovíte	zodpovědí	zodpověz	zodpovězme	zodpovězte	-	zodpověděn	-	-	-
zodrážet	-	-	-	-	-	zodrážejí	zodrážej	zodrážejme	zodrážejte	-	-	zodrážeje	zodrážejíc	-
zoficiálnit	-	-	-	-	-	-	zoficiálni	zoficiálněme	zoficiálněte	-	zoficiálněn	-	-	-
zoficiálnět	-	-	-	-	-	-	zoficiálněj	zoficiálnějme	zoficiálnějte	-	zoficiálněn	zoficiálněje	zoficiálnějíc	-
zohavět	-	-	-	-	-	-	zohavěj	zohavějme	zohavějte	-	zohavěn	zohavěje	zohavějíc	-
zohebnit	-	-	-	-	-	-	zohebni	zohebněme	zohebněte	-	zohebněn	-	-	-
zohebnět	-	-	-	-	-	-	zohebněj	zohebnějme	zohebnějte	-	zohebněn	zohebněje	zohebnějíc	-
zohlednit	-	-	-	-	-	-	zohledni	zohledněme	zohledněte	-	zohledněn	-	-
zohnit	-	-	-	-	-	-	zohni	zohněme	zohněte	-	zohněn	-	-	-
zohnivět	-	-	-	-	-	-	zohnivěj	zohnivějme	zohnivějte	-	zohnivěn	zohnivěje	zohnivějíc	-
zohyzdit	-	-	-	-	-	-	zohyzdi	zohyzděme	zohyzděte	-	zohyzděn	-	-	-
zohyzdnit	-	-	-	-	-	-	zohyzdni	zohyzdněme	zohyzdněte	-	zohyzdněn	-	-	-
zohyzdnět	-	-	-	-	-	-	zohyzdněj	zohyzdnějme	zohyzdnějte	-	zohyzdněn	zohyzdněje	zohyzdnějíc	-
zokrouhlit	-	-	-	-	-	-	zokrouhli	zokrouhleme	zokrouhlete	-	-	-	-	-
zolejovatět	-	-	-	-	-	-	zolejovatěj	zolejovatějme	zolejovatějte	-	zolejovatěn	zolejovatěje	zolejovatějíc	-
zolovnatět	-	-	-	-	-	zolovnatí	zolovnať	zolovnaťme	zolovnaťte	-	zolovnatěn	-	-	-
zolovnět	-	-	-	-	-	-	zolovněj	zolovnějme	zolovnějte	-	zolovněn	zolovněje	zolovnějíc	-
zolověnět	-	-	-	-	-	-	zolověněj	zolověnějme	zolověnějte	-	zolověněn	zolověněje	zolověnějíc	-
zomrzet	-	-	-	-	-	zomrzí	zomrz	zomrzme	zomrzte	-	-	-	-	-
zonačit	-	-	-	-	-	-	-	-	-	-	-	zonače	-	-
zopatrnět	-	-	-	-	-	-	zopatrněj	zopatrnějme	zopatrnějte	-	zopatrněn	zopatrněje	zopatrnějíc	-
zopačit	-	-	-	-	-	-	-	-	-	-	-	zopače	-	-
zoperetnit	-	-	-	-	-	-	zoperetni	zoperetněme	zoperetněte	-	zoperetněn	-	-	-
zopernit	-	-	-	-	-	-	zoperni	zoperněme	zoperněte	-	zoperněn	-	-	-
zopičit	-	-	-	-	-	-	-	-	-	-	-	zopiče	-	-
zopravdovět	-	-	-	-	-	-	zopravdověj	zopravdovějme	zopravdovějte	-	zopravdověn	zopravdověje	zopravdovějíc	-
zopáčit	-	-	-	-	-	-	zopač	zopačme	zopačte	-	-	-	-	-
zoranžovět	-	-	-	-	-	-	zoranžověj	zoranžovějme	zoranžovějte	-	zoranžověn	zoranžověje	zoranžovějíc	-
zornit	-	-	-	-	-	-	zorni	zorněme	zorněte	-	zorněn	-	-	-
zosadit	-	-	-	-	-	-	zosaď	zosaďme	zosaďte	-	zosazen	-	-	-
zosobnit	-	-	-	-	-	-	zosobni	zosobněme	zosobněte	-	zosobněn	-	-	-
zostnatět	-	-	-	-	-	-	zostnatěj	zostnatějme	zostnatějte	-	zostnatěn	zostnatěje	zostnatějíc	-
zostouzet	-	-	-	-	-	zostouzejí	zostouzej	zostouzejme	zostouzejte	-	-	zostouzeje	zostouzejíc	-
zostražitět	-	-	-	-	-	-	zostražitěj	zostražitějme	zostražitějte	-	zostražitěn	zostražitěje	zostražitějíc	-
zostudit	-	-	-	-	-	-	zostuď	zostuďme	zostuďte	-	zostuzen	-	-
zostřet	-	-	-	-	-	zostřejí	zostřej	zostřejme	zostřejte	-	-	zostřeje	zostřejíc	-
zostřit	-	-	-	-	-	-	zostři	zostřeme	zostřete	-	-	-	-	-
zotročit	-	-	-	-	-	-	-	-	-	-	-	zotroče	-	-
zounořit	-	-	-	-	-	-	-	-	-	-	-	zounoře	-	-
zout	zuji	zuješ	zuje	zujeme	zujete	zujou	zuj	zujme	zujte	zul	zut	-	-
zouředničit	-	-	-	-	-	-	-	-	-	-	-	zouředniče	-	-
zouředničtit	-	-	-	-	-	-	zouředničti	zouředničtěme	zouředničtěte	-	zouředničtěn	-	-	-
zočit	-	-	-	-	-	-	-	-	-	-	-	zoče	-	-
zošklivět	-	-	-	-	-	zoškliví	zoškliv	zošklivme	zošklivte	-	zošklivěn	-	-	-
zpachtit	-	-	-	-	-	-	zpachti	zpachtěme	zpachtěte	-	zpachtěn	-	-	-
zpadesátinásobnit	-	-	-	-	-	-	zpadesátinásobni	zpadesátinásobněme	zpadesátinásobněte	-	zpadesátinásobněn	-	-	-
zpakostit	-	-	-	-	-	-	zpakosti	zpakostěme	zpakostěte	-	zpakostěn	-	-	-
zpalachovatět	-	-	-	-	-	-	zpalachovatěj	zpalachovatějme	zpalachovatějte	-	zpalachovatěn	zpalachovatěje	zpalachovatějíc	-
zpaličatět	-	-	-	-	-	-	zpaličatěj	zpaličatějme	zpaličatějte	-	zpaličatěn	zpaličatěje	zpaličatějíc	-
zpaličkovatět	-	-	-	-	-	-	zpaličkovatěj	zpaličkovatějme	zpaličkovatějte	-	zpaličkovatěn	zpaličkovatěje	zpaličkovatějíc	-
zpalčivět	-	-	-	-	-	-	zpalčivěj	zpalčivějme	zpalčivějte	-	zpalčivěn	zpalčivěje	zpalčivějíc	-
zpamátnit	-	-	-	-	-	-	-	-	-	-	zpamátněn	-	-	-
zpanchartět	-	-	-	-	-	-	zpanchartěj	zpanchartějme	zpanchartějte	-	zpanchartěn	zpanchartěje	zpanchartějíc	-
zpanikařit	-	-	-	-	-	-	-	-	-	-	-	zpanikaře	-	-
zpaničkovatět	-	-	-	-	-	-	zpaničkovatěj	zpaničkovatějme	zpaničkovatějte	-	zpaničkovatěn	zpaničkovatěje	zpaničkovatějíc	-
zpanošit	-	-	-	-	-	-	-	-	-	-	-	zpanoše	-	-
zpanštět	-	-	-	-	-	zpanští	zpanšti	zpanštěme	zpanštěte	-	zpanštěn	-	-	-
zpapírovatět	-	-	-	-	-	-	zpapírovatěj	zpapírovatějme	zpapírovatějte	-	zpapírovatěn	zpapírovatěje	zpapírovatějíc	-
zpapírovět	-	-	-	-	-	-	zpapírověj	zpapírovějme	zpapírovějte	-	zpapírověn	zpapírověje	zpapírovějíc	-
zparchantit	-	-	-	-	-	-	zparchanti	zparchantěme	zparchantěte	-	zparchantěn	-	-	-
zparchantět	-	-	-	-	-	-	zparchantěj	zparchantějme	zparchantějte	-	zparchantěn	zparchantěje	zparchantějíc	-
zparnit	-	-	-	-	-	-	zparni	zparněme	zparněte	-	zparněn	-	-	-
zpartykařit	-	-	-	-	-	-	-	-	-	-	-	zpartykaře	-	-
zpasečit	-	-	-	-	-	-	-	-	-	-	-	zpaseče	-	-
zpasivnit	-	-	-	-	-	-	zpasivni	zpasivněme	zpasivněte	-	zpasivněn	-	-	-
zpasivnět	-	-	-	-	-	-	zpasivněj	zpasivnějme	zpasivnějte	-	zpasivněn	zpasivněje	zpasivnějíc	-
zpasívnit	-	-	-	-	-	-	zpasívni	zpasívněme	zpasívněte	-	zpasívněn	-	-	-
zpasívnět	-	-	-	-	-	-	zpasívněj	zpasívnějme	zpasívnějte	-	zpasívněn	zpasívněje	zpasívnějíc	-
zpateronásobnit	-	-	-	-	-	-	zpateronásobni	zpateronásobněme	zpateronásobněte	-	zpateronásobněn	-	-	-
zpatrnit	-	-	-	-	-	-	zpatrni	zpatrněme	zpatrněte	-	zpatrněn	-	-	-
zpařezovatět	-	-	-	-	-	-	zpařezovatěj	zpařezovatějme	zpařezovatějte	-	zpařezovatěn	zpařezovatěje	zpařezovatějíc	-
zpecinovatět	-	-	-	-	-	-	zpecinovatěj	zpecinovatějme	zpecinovatějte	-	zpecinovatěn	zpecinovatěje	zpecinovatějíc	-
zpeněžit	-	-	-	-	-	-	-	-	-	-	-	zpeněže	-	-
zpepičet	-	-	-	-	-	zpepičejí	zpepičej	zpepičejme	zpepičejte	-	-	zpepičeje	zpepičejíc	-
zpepíkovatět	-	-	-	-	-	-	zpepíkovatěj	zpepíkovatějme	zpepíkovatějte	-	zpepíkovatěn	zpepíkovatěje	zpepíkovatějíc	-
zpepřit	-	-	-	-	-	-	-	-	-	-	-	zpepře	-	-
zperlit	-	-	-	-	-	-	zperli	zperleme	zperlete	-	-	-	-	-
zpestřet	-	-	-	-	-	zpestřejí	zpestřej	zpestřejme	zpestřejte	-	-	zpestřeje	zpestřejíc	-
zpestřit	-	-	-	-	-	-	zpestři	zpestřeme	zpestřete	-	-	-	-	-
zpevnit	-	-	-	-	-	-	zpevni	zpevněme	zpevněte	-	zpevněn	-	-	-
zpevnět	-	-	-	-	-	-	zpevněj	zpevnějme	zpevnějte	-	zpevněn	zpevněje	zpevnějíc	-
zpečetit	-	-	-	-	-	-	-	-	-	-	zpečetěn	-	-
zpeřestit	-	-	-	-	-	-	zpeřesti	zpeřestěme	zpeřestěte	-	zpeřestěn	-	-	-
zpeřit	-	-	-	-	-	-	-	-	-	-	-	zpeře	-	-
zpichlavět	-	-	-	-	-	-	zpichlavěj	zpichlavějme	zpichlavějte	-	zpichlavěn	zpichlavěje	zpichlavějíc	-
zpihovatět	-	-	-	-	-	-	zpihovatěj	zpihovatějme	zpihovatějte	-	zpihovatěn	zpihovatěje	zpihovatějíc	-
zpikantnit	-	-	-	-	-	-	zpikantni	zpikantněme	zpikantněte	-	zpikantněn	-	-	-
zpikantnět	-	-	-	-	-	-	zpikantněj	zpikantnějme	zpikantnějte	-	zpikantněn	zpikantněje	zpikantnějíc	-
zpikartit	-	-	-	-	-	-	zpikarti	zpikartěme	zpikartěte	-	zpikartěn	-	-	-
zpikhartit	-	-	-	-	-	-	zpikharti	zpikhartěme	zpikhartěte	-	zpikhartěn	-	-	-
zpitomět	-	-	-	-	-	-	zpitoměj	zpitomějme	zpitomějte	-	zpitoměn	zpitoměje	zpitomějíc	-
zpitvornět	-	-	-	-	-	-	zpitvorněj	zpitvornějme	zpitvornějte	-	zpitvorněn	zpitvorněje	zpitvornějíc	-
zpitvořit	-	-	-	-	-	-	-	-	-	-	-	zpitvoře	-	-
zpizdit	-	-	-	-	-	-	zpizdi	zpizděme	zpizděte	-	zpizděn	-	-	-
zplacatit	-	-	-	-	-	-	zplacať	zplacaťme	zplacaťte	-	zplacatěn	-	-	-
zplacatět	-	-	-	-	-	-	zplacatěj	zplacatějme	zplacatějte	-	zplacatěn	zplacatěje	zplacatějíc	-
zplahočit	-	-	-	-	-	-	-	-	-	-	-	zplahoče	-	-
zplakat	zpláči	zpláčeš	zpláče	zpláčeme	zpláčete	zpláčou	-	-	-	-	-	-	-	-
zplamenit	-	-	-	-	-	-	zplameň	zplameňme	zplameňte	-	zplameněn	-	-	-
zplamenět	-	-	-	-	-	-	zplameněj	zplamenějme	zplamenějte	-	zplameněn	zplameněje	zplamenějíc	-
zplanit	-	-	-	-	-	-	zplaň	zplaňme	zplaňte	-	zplaněn	-	-	-
zplanět	-	-	-	-	-	zplaní	zplaň	zplaňme	zplaňte	-	zplaněn	-	-	-
zplastičtit	-	-	-	-	-	-	zplastičti	zplastičtěme	zplastičtěte	-	zplastičtěn	-	-	-
zplastičtět	-	-	-	-	-	-	zplastičtěj	zplastičtějme	zplastičtějte	-	zplastičtěn	zplastičtěje	zplastičtějíc	-
zplatinovět	-	-	-	-	-	-	zplatinověj	zplatinovějme	zplatinovějte	-	zplatinověn	zplatinověje	zplatinovějíc	-
zplavnit	-	-	-	-	-	-	zplavň	zplavňme	zplavňte	-	zplavněn	-	-	-
zplavět	-	-	-	-	-	-	zplavěj	zplavějme	zplavějte	-	zplavěn	zplavěje	zplavějíc	-
zplebejštět	-	-	-	-	-	-	zplebejštěj	zplebejštějme	zplebejštějte	-	zplebejštěn	zplebejštěje	zplebejštějíc	-
zplechovatět	-	-	-	-	-	-	zplechovatěj	zplechovatějme	zplechovatějte	-	zplechovatěn	zplechovatěje	zplechovatějíc	-
zplemenit	-	-	-	-	-	-	zplemeň	zplemeňme	zplemeňte	-	zplemeněn	-	-	-
zplenit	-	-	-	-	-	-	zpleň	zpleňme	zpleňte	-	zpleněn	-	-	-
zplesnivět	-	-	-	-	-	-	zplesnivěj	zplesnivějme	zplesnivějte	-	zplesnivěn	zplesnivěje	zplesnivějíc	-
zpletichařit	-	-	-	-	-	-	-	-	-	-	-	zpletichaře	-	-
zplešatět	-	-	-	-	-	zplešatí	zplešať	zplešaťme	zplešaťte	-	zplešatěn	-	-	-
zplichtit	-	-	-	-	-	-	zplichti	zplichtěme	zplichtěte	-	zplichtěn	-	-	-
zplnoletit	-	-	-	-	-	-	zplnoleť	zplnoleťme	zplnoleťte	-	zplnoletěn	-	-	-
zplnoletnit	-	-	-	-	-	-	-	-	-	-	zplnoletněn	-	-	-
zplnomocnit	-	-	-	-	-	-	zplnomocni	zplnomocněme	zplnomocněte	-	zplnomocněn	-	-	-
zplnět	-	-	-	-	-	-	zplněj	zplnějme	zplnějte	-	zplněn	zplněje	zplnějíc	-
zplodit	-	-	-	-	-	-	zploď	zploďme	zploďte	-	zplozen	-	-
zplodnit	-	-	-	-	-	-	zplodni	zplodněme	zplodněte	-	zplodněn	-	-	-
zplodnět	-	-	-	-	-	-	zplodněj	zplodnějme	zplodnějte	-	zplodněn	zplodněje	zplodnějíc	-
zplouhavět	-	-	-	-	-	-	zplouhavěj	zplouhavějme	zplouhavějte	-	zplouhavěn	zplouhavěje	zplouhavějíc	-
zplout	zpluji	zpluješ	zpluje	zplujeme	zplujete	zplujou	zpluj	zplujme	zplujte	zplul	zplut	-	-	zplula
zplošit	-	-	-	-	-	-	-	-	-	-	-	zploše	-	-
zplošnit	-	-	-	-	-	-	zplošni	zplošněme	zplošněte	-	zplošněn	-	-	-
zploštit	-	-	-	-	-	-	zplošti	zploštěme	zploštěte	-	zploštěn	-	-
zploštět	-	-	-	-	-	-	zploštěj	zploštějme	zploštějte	-	zploštěn	zploštěje	zploštějíc	-
zplstit	-	-	-	-	-	-	zplsti	zplstěme	zplstěte	-	zplstěn	-	-	-
zplstnatět	-	-	-	-	-	zplstnatí	zplstnať	zplstnaťme	zplstnaťte	-	zplstnatěn	-	-	-
zplynit	-	-	-	-	-	-	zplyň	zplyňme	zplyňte	-	zplyněn	-	-	-
zplynět	-	-	-	-	-	-	zplyněj	zplynějme	zplynějte	-	zplyněn	zplyněje	zplynějíc	-
zplést	zpletu	zpleteš	zplete	zpleteme	zpletete	zpletou	zpleť	zpleťme	zpleťte	zpletl	zpleten	-	-	zpletla
zplísnit	-	-	-	-	-	-	zplísni	zplísněme	zplísněte	-	zplísněn	-	-	-
zpobíjet	-	-	-	-	-	zpobíjejí	zpobíjej	zpobíjejme	zpobíjejte	-	-	zpobíjeje	zpobíjejíc	-
zpochmurnět	-	-	-	-	-	-	zpochmurněj	zpochmurnějme	zpochmurnějte	-	zpochmurněn	zpochmurněje	zpochmurnějíc	-
zpochybnit	-	-	-	-	-	-	-	-	-	-	zpochybněn	-	-
zpochybnět	-	-	-	-	-	-	zpochybněj	zpochybnějme	zpochybnějte	-	zpochybněn	zpochybněje	zpochybnějíc	-
zpoctivět	-	-	-	-	-	-	zpoctivěj	zpoctivějme	zpoctivějte	-	zpoctivěn	zpoctivěje	zpoctivějíc	-
zpoddanit	-	-	-	-	-	-	zpoddaň	zpoddaňme	zpoddaňte	-	zpoddaněn	-	-	-
zpodepřít	zpodepřu	zpodepřeš	zpodepře	zpodepřeme	zpodepřete	zpodepřou	zpodepři	zpodepřeme	zpodepřete	-	zpodepřen	-	-	-
zpodivnět	-	-	-	-	-	-	zpodivněj	zpodivnějme	zpodivnějte	-	zpodivněn	zpodivněje	zpodivnějíc	-
zpodivínštět	-	-	-	-	-	-	zpodivínštěj	zpodivínštějme	zpodivínštějte	-	zpodivínštěn	zpodivínštěje	zpodivínštějíc	-
zpodlet	-	-	-	-	-	zpodlejí	zpodlej	zpodlejme	zpodlejte	-	-	zpodleje	zpodlejíc	-
zpodlit	-	-	-	-	-	-	zpodli	zpodleme	zpodlete	-	-	-	-	-
zpodmínit	-	-	-	-	-	-	zpodmiň	zpodmiňme	zpodmiňte	-	zpodmíněn	-	-	-
zpodobnit	-	-	-	-	-	-	zpodobni	zpodobněme	zpodobněte	-	zpodobněn	-	-	-
zpodrážet	-	-	-	-	-	zpodrážejí	zpodrážej	zpodrážejme	zpodrážejte	-	-	zpodrážeje	zpodrážejíc	-
zpodstatnit	-	-	-	-	-	-	zpodstatni	zpodstatněme	zpodstatněte	-	zpodstatněn	-	-	-
zpodstatnět	-	-	-	-	-	-	zpodstatněj	zpodstatnějme	zpodstatnějte	-	zpodstatněn	zpodstatněje	zpodstatnějíc	-
zpodvracet	-	-	-	-	-	zpodvracejí	zpodvracej	zpodvracejme	zpodvracejte	-	-	zpodvraceje	zpodvracejíc	-
zpohanět	-	-	-	-	-	-	zpohaněj	zpohanějme	zpohanějte	-	zpohaněn	zpohaněje	zpohanějíc	-
zpohanštět	-	-	-	-	-	-	zpohanštěj	zpohanštějme	zpohanštějte	-	zpohanštěn	zpohanštěje	zpohanštějíc	-
zpohltit	-	-	-	-	-	-	zpohlť	zpohlťme	zpohlťte	-	zpohlcen	-	-	-
zpohodlnit	-	-	-	-	-	-	zpohodlň	zpohodlňme	zpohodlňte	-	zpohodlněn	-	-	-
zpohodlnět	-	-	-	-	-	zpohodlní	zpohodlň	zpohodlňme	zpohodlňte	-	zpohodlněn	-	-	-
zpohyblivět	-	-	-	-	-	-	zpohyblivěj	zpohyblivějme	zpohyblivějte	-	zpohyblivěn	zpohyblivěje	zpohyblivějíc	-
zpohádkovět	-	-	-	-	-	-	zpohádkověj	zpohádkovějme	zpohádkovějte	-	zpohádkověn	zpohádkověje	zpohádkovějíc	-
zpohášet	-	-	-	-	-	zpohášejí	zpohášej	zpohášejme	zpohášejte	-	-	zpohášeje	zpohášejíc	-
zpojízdnit	-	-	-	-	-	-	-	-	-	-	zpojízdněn	-	-	-
zpokornět	-	-	-	-	-	zpokorní	zpokorni	zpokorněme	zpokorněte	-	zpokorněn	-	-	-
zpokrokovatět	-	-	-	-	-	-	zpokrokovatěj	zpokrokovatějme	zpokrokovatějte	-	zpokrokovatěn	zpokrokovatěje	zpokrokovatějíc	-
zpolovičatět	-	-	-	-	-	-	zpolovičatěj	zpolovičatějme	zpolovičatějte	-	zpolovičatěn	zpolovičatěje	zpolovičatějíc	-
zpolámat	zpolámu	zpolámeš	zpoláme	zpolámeme	zpolámete	zpolámou	-	-	-	-	-	-	-	-
zpolštit	-	-	-	-	-	-	zpolšti	zpolštěme	zpolštěte	-	zpolštěn	-	-	-
zpolštářkovatět	-	-	-	-	-	-	zpolštářkovatěj	zpolštářkovatějme	zpolštářkovatějte	-	zpolštářkovatěn	zpolštářkovatěje	zpolštářkovatějíc	-
zpomalet	-	-	-	-	-	zpomalejí	zpomalej	zpomalejme	zpomalejte	-	-	zpomaleje	zpomalejíc	-
zpomalit	-	-	-	-	-	-	-	-	-	-	-	zpomale	-	-
zpomstít	zpomstím	zpomstíš	zpomstí	zpomstíme	zpomstíte	zpomstí	zpomsti	zpomstěme	zpomstěte	zpomstil	zpomstěn	-	-	zpomstila
zpomást	zpomatu	zpomateš	zpomate	zpomateme	zpomatete	zpomatou	zpomať	zpomaťme	zpomaťte	zpomátl	zpomaten	-	-	zpomátla
zponenáhlit	-	-	-	-	-	-	zponenáhli	zponenáhleme	zponenáhlete	-	-	-	-	-
zpopelavět	-	-	-	-	-	zpopelaví	zpopelav	zpopelavme	zpopelavte	-	zpopelavěn	-	-	-
zpopelit	-	-	-	-	-	-	-	-	-	-	-	zpopele	-	-
zpopelnit	-	-	-	-	-	-	zpopelni	zpopelněme	zpopelněte	-	zpopelněn	-	-	-
zpopelnět	-	-	-	-	-	-	zpopelněj	zpopelnějme	zpopelnějte	-	zpopelněn	zpopelněje	zpopelnějíc	-
zpopelovatět	-	-	-	-	-	-	zpopelovatěj	zpopelovatějme	zpopelovatějte	-	zpopelovatěn	zpopelovatěje	zpopelovatějíc	-
zpoplatnit	-	-	-	-	-	-	-	-	-	-	zpoplatněn	-	-	-
zpopruhovatět	-	-	-	-	-	-	zpopruhovatěj	zpopruhovatějme	zpopruhovatějte	-	zpopruhovatěn	zpopruhovatěje	zpopruhovatějíc	-
zpopulárnit	-	-	-	-	-	-	zpopulárni	zpopulárněme	zpopulárněte	-	zpopulárněn	-	-	-
zpopulárnět	-	-	-	-	-	zpopulární	zpopulárni	zpopulárněme	zpopulárněte	-	zpopulárněn	-	-	-
zporážet	-	-	-	-	-	zporážejí	zporážej	zporážejme	zporážejte	-	-	zporážeje	zporážejíc	-
zpostřílet	-	-	-	-	-	zpostřílejí	zpostřílej	zpostřílejme	zpostřílejte	-	-	zpostříleje	zpostřílejíc	-
zposupnět	-	-	-	-	-	-	zposupněj	zposupnějme	zposupnějte	-	zposupněn	zposupněje	zposupnějíc	-
zposvátnit	-	-	-	-	-	-	zposvátni	zposvátněme	zposvátněte	-	zposvátněn	-	-	-
zposvátnět	-	-	-	-	-	-	zposvátněj	zposvátnějme	zposvátnějte	-	zposvátněn	zposvátněje	zposvátnějíc	-
zpotit	-	-	-	-	-	-	zpoť	zpoťme	zpoťte	-	zpocen	-	-
zpotvořit	-	-	-	-	-	-	-	-	-	-	-	zpotvoře	-	-
zpovlovnět	-	-	-	-	-	-	zpovlovněj	zpovlovnějme	zpovlovnějte	-	zpovlovněn	zpovlovněje	zpovlovnějíc	-
zpovolnit	-	-	-	-	-	-	zpovolni	zpovolněme	zpovolněte	-	zpovolněn	-	-	-
zpovrchnit	-	-	-	-	-	-	zpovrchni	zpovrchněme	zpovrchněte	-	zpovrchněn	-	-	-
zpovrchnět	-	-	-	-	-	-	zpovrchněj	zpovrchnějme	zpovrchnějte	-	zpovrchněn	zpovrchněje	zpovrchnějíc	-
zpovyrážet	-	-	-	-	-	zpovyrážejí	zpovyrážej	zpovyrážejme	zpovyrážejte	-	-	zpovyrážeje	zpovyrážejíc	-
zpoválet	-	-	-	-	-	zpoválejí	zpoválej	zpoválejme	zpoválejte	-	-	zpováleje	zpoválejíc	-
zpověšet	-	-	-	-	-	zpověšejí	zpověšej	zpověšejme	zpověšejte	-	-	zpověšeje	zpověšejíc	-
zpovšechnit	-	-	-	-	-	-	zpovšechni	zpovšechněme	zpovšechněte	-	zpovšechněn	-	-	-
zpovšechnět	-	-	-	-	-	-	zpovšechněj	zpovšechnějme	zpovšechnějte	-	zpovšechněn	zpovšechněje	zpovšechnějíc	-
zpozdit	-	-	-	-	-	-	zpozdi	zpozděme	zpozděte	-	zpožděn	-	-
zpozemštit	-	-	-	-	-	-	zpozemšti	zpozemštěme	zpozemštěte	-	zpozemštěn	-	-	-
zpozemštět	-	-	-	-	-	-	zpozemštěj	zpozemštějme	zpozemštějte	-	zpozemštěn	zpozemštěje	zpozemštějíc	-
zpozornět	-	-	-	-	-	-	zpozorněj	zpozornějme	zpozornějte	-	zpozorněn	zpozorněje	zpozornějíc	-
zpoztrácet	-	-	-	-	-	zpoztrácejí	zpoztrácej	zpoztrácejme	zpoztrácejte	-	-	zpoztráceje	zpoztrácejíc	-
zpořídit	-	-	-	-	-	-	zpořiď	zpořiďme	zpořiďte	-	zpořízen	-	-	-
zprachovatět	-	-	-	-	-	-	zprachovatěj	zprachovatějme	zprachovatějte	-	zprachovatěn	zprachovatěje	zprachovatějíc	-
zpraktičtit	-	-	-	-	-	-	zpraktičti	zpraktičtěme	zpraktičtěte	-	zpraktičtěn	-	-	-
zpraktičtět	-	-	-	-	-	-	zpraktičtěj	zpraktičtějme	zpraktičtějte	-	zpraktičtěn	zpraktičtěje	zpraktičtějíc	-
zprasit	-	-	-	-	-	-	-	-	-	-	-	zprase	-	-
zpravdit	-	-	-	-	-	-	zpravdi	zpravděme	zpravděte	-	zpravděn	-	-	-
zpravdivět	-	-	-	-	-	-	zpravdivěj	zpravdivějme	zpravdivějte	-	zpravdivěn	zpravdivěje	zpravdivějíc	-
zpravděpodobnit	-	-	-	-	-	-	zpravděpodobni	zpravděpodobněme	zpravděpodobněte	-	zpravděpodobněn	-	-	-
zpravidelnit	-	-	-	-	-	-	zpravidelni	zpravidelněme	zpravidelněte	-	zpravidelněn	-	-	-
zpravidelnět	-	-	-	-	-	-	zpravidelněj	zpravidelnějme	zpravidelnějte	-	zpravidelněn	zpravidelněje	zpravidelnějíc	-
zprašivět	-	-	-	-	-	-	zprašivěj	zprašivějme	zprašivějte	-	zprašivěn	zprašivěje	zprašivějíc	-
zprašnět	-	-	-	-	-	-	zprašněj	zprašnějme	zprašnějte	-	zprašněn	zprašněje	zprašnějíc	-
zpraštit	-	-	-	-	-	-	zprašti	zpraštěme	zpraštěte	-	zpraštěn	-	-	-
zpražit	-	-	-	-	-	-	-	-	-	-	-	zpraže	-	-
zprecisnit	-	-	-	-	-	-	zprecisni	zprecisněme	zprecisněte	-	zprecisněn	-	-	-
zpreciznit	-	-	-	-	-	-	zprecizni	zprecizněme	zprecizněte	-	zprecizněn	-	-	-
zprimitivnit	-	-	-	-	-	-	zprimitivni	zprimitivněme	zprimitivněte	-	zprimitivněn	-	-	-
zprimitivnět	-	-	-	-	-	-	zprimitivněj	zprimitivnějme	zprimitivnějte	-	zprimitivněn	zprimitivněje	zprimitivnějíc	-
zprkenět	-	-	-	-	-	zprkení	zprkeň	zprkeňme	zprkeňte	-	zprkeněn	-	-	-
zproduktivnit	-	-	-	-	-	-	zproduktivni	zproduktivněme	zproduktivněte	-	zproduktivněn	-	-	-
zprogresivnit	-	-	-	-	-	-	zprogresivni	zprogresivněme	zprogresivněte	-	zprogresivněn	-	-	-
zprohlížet	-	-	-	-	-	zprohlížejí	zprohlížej	zprohlížejme	zprohlížejte	-	-	zprohlížeje	zprohlížejíc	-
zproložit	-	-	-	-	-	-	-	-	-	-	-	zprolože	-	-
zpromrzet	-	-	-	-	-	zpromrzí	zpromrz	zpromrzme	zpromrzte	-	-	-	-	-
zpronevěřit	-	-	-	-	-	-	-	-	-	-	-	zpronevěře	-	-
zpronikavět	-	-	-	-	-	-	zpronikavěj	zpronikavějme	zpronikavějte	-	zpronikavěn	zpronikavěje	zpronikavějíc	-
zprorážet	-	-	-	-	-	zprorážejí	zprorážej	zprorážejme	zprorážejte	-	-	zprorážeje	zprorážejíc	-
zprosaičtět	-	-	-	-	-	-	zprosaičtěj	zprosaičtějme	zprosaičtějte	-	zprosaičtěn	zprosaičtěje	zprosaičtějíc	-
zprosebnit	-	-	-	-	-	-	zprosebni	zprosebněme	zprosebněte	-	zprosebněn	-	-	-
zprostit	-	-	-	-	-	-	zprosti	zprostěme	zprostěte	-	zproštěn	-	-	-
zprostonárodnit	-	-	-	-	-	-	zprostonárodni	zprostonárodněme	zprostonárodněte	-	zprostonárodněn	-	-	-
zprostonárodnět	-	-	-	-	-	-	zprostonárodněj	zprostonárodnějme	zprostonárodnějte	-	zprostonárodněn	zprostonárodněje	zprostonárodnějíc	-
zprostopášnit	-	-	-	-	-	-	zprostopášni	zprostopášněme	zprostopášněte	-	zprostopášněn	-	-	-
zprostornit	-	-	-	-	-	-	zprostorni	zprostorněme	zprostorněte	-	zprostorněn	-	-	-
zprotivnět	-	-	-	-	-	-	zprotivněj	zprotivnějme	zprotivnějte	-	zprotivněn	zprotivněje	zprotivnějíc	-
zprotivět	-	-	-	-	-	-	zprotivěj	zprotivějme	zprotivějte	-	zprotivěn	zprotivěje	zprotivějíc	-
zprovinciálnět	-	-	-	-	-	-	zprovinciálněj	zprovinciálnějme	zprovinciálnějte	-	zprovinciálněn	zprovinciálněje	zprovinciálnějíc	-
zprovinit	-	-	-	-	-	-	zproviň	zproviňme	zproviňte	-	zproviněn	-	-	-
zprovoznit	-	-	-	-	-	-	zprovozni	zprovozněme	zprovozněte	-	zprovozněn	-	-	-
zprozaičtět	-	-	-	-	-	-	zprozaičtěj	zprozaičtějme	zprozaičtějte	-	zprozaičtěn	zprozaičtěje	zprozaičtějíc	-
zprudit	-	-	-	-	-	-	zpruď	zpruďme	zpruďte	-	zpruzen	-	-	-
zpruhovatět	-	-	-	-	-	-	zpruhovatěj	zpruhovatějme	zpruhovatějte	-	zpruhovatěn	zpruhovatěje	zpruhovatějíc	-
zpružit	-	-	-	-	-	-	-	-	-	-	-	zpruže	-	-
zpružnit	-	-	-	-	-	-	zpružni	zpružněme	zpružněte	-	zpružněn	-	-	-
zpružnět	-	-	-	-	-	-	zpružněj	zpružnějme	zpružnějte	-	zpružněn	zpružněje	zpružnějíc	-
zpryskyřičnatět	-	-	-	-	-	-	zpryskyřičnatěj	zpryskyřičnatějme	zpryskyřičnatějte	-	zpryskyřičnatěn	zpryskyřičnatěje	zpryskyřičnatějíc	-
zprznit	-	-	-	-	-	-	zprzni	zprzněme	zprzněte	-	zprzněn	-	-
zpráchnivět	-	-	-	-	-	-	zpráchnivěj	zpráchnivějme	zpráchnivějte	-	zpráchnivěn	zpráchnivěje	zpráchnivějíc	-
zpráchnět	-	-	-	-	-	-	zpráchněj	zpráchnějme	zpráchnějte	-	zpráchněn	zpráchněje	zpráchnějíc	-
zprát	zperu	zpereš	zpere	zpereme	zperete	zperou	zper	zperme	zperte	zpral	-	-	-	zprala
zprázdnět	-	-	-	-	-	-	zprázdněj	zprázdnějme	zprázdnějte	-	zprázdněn	zprázdněje	zprázdnějíc	-
zpráškovatět	-	-	-	-	-	-	zpráškovatěj	zpráškovatějme	zpráškovatějte	-	zpráškovatěn	zpráškovatěje	zpráškovatějíc	-
zprůchodnit	-	-	-	-	-	-	zprůchodni	zprůchodněme	zprůchodněte	-	zprůchodněn	-	-	-
zprůchodnět	-	-	-	-	-	-	zprůchodněj	zprůchodnějme	zprůchodnějte	-	zprůchodněn	zprůchodněje	zprůchodnějíc	-
zprůhlednit	-	-	-	-	-	-	zprůhledni	zprůhledněme	zprůhledněte	-	zprůhledněn	-	-	-
zprůhlednět	-	-	-	-	-	-	zprůhledněj	zprůhlednějme	zprůhlednějte	-	zprůhledněn	zprůhledněje	zprůhlednějíc	-
zprůjezdnit	-	-	-	-	-	-	zprůjezdni	zprůjezdněme	zprůjezdněte	-	zprůjezdněn	-	-	-
zprůmyslnit	-	-	-	-	-	-	zprůmyslni	zprůmyslněme	zprůmyslněte	-	zprůmyslněn	-	-	-
zprůmyslnět	-	-	-	-	-	-	zprůmyslněj	zprůmyslnějme	zprůmyslnějte	-	zprůmyslněn	zprůmyslněje	zprůmyslnějíc	-
zprůmyslovět	-	-	-	-	-	-	zprůmyslověj	zprůmyslovějme	zprůmyslovějte	-	zprůmyslověn	zprůmyslověje	zprůmyslovějíc	-
zprůměrnit	-	-	-	-	-	-	zprůměrni	zprůměrněme	zprůměrněte	-	zprůměrněn	-	-	-
zprůsvitnit	-	-	-	-	-	-	zprůsvitni	zprůsvitněme	zprůsvitněte	-	zprůsvitněn	-	-	-
zprůsvitnět	-	-	-	-	-	zprůsvitní	zprůsvitni	zprůsvitněme	zprůsvitněte	-	zprůsvitněn	-	-	-
zprůtočnit	-	-	-	-	-	-	zprůtočni	zprůtočněme	zprůtočněte	-	zprůtočněn	-	-	-
zprůzračnit	-	-	-	-	-	-	zprůzračni	zprůzračněme	zprůzračněte	-	zprůzračněn	-	-	-
zprůzračnět	-	-	-	-	-	zprůzrační	zprůzračni	zprůzračněme	zprůzračněte	-	zprůzračněn	-	-	-
zpsout	zpsuji	zpsuješ	zpsuje	zpsujeme	zpsujete	zpsujou	zpsuj	zpsujme	zpsujte	zpsul	zpsut	-	-	zpsula
zptýlit	-	-	-	-	-	-	zptyl	zptylme	zptylte	-	-	-	-	-
zpuchýřit	-	-	-	-	-	-	zpuchýři	zpuchýřeme	zpuchýřete	-	-	-	-	-
zpuchýřkovatět	-	-	-	-	-	-	zpuchýřkovatěj	zpuchýřkovatějme	zpuchýřkovatějte	-	zpuchýřkovatěn	zpuchýřkovatěje	zpuchýřkovatějíc	-
zpuchřet	-	-	-	-	-	zpuchří	zpuchři	zpuchřeme	zpuchřete	-	-	-	-	-
zpukřet	-	-	-	-	-	zpukřejí	zpukřej	zpukřejme	zpukřejte	-	-	zpukřeje	zpukřejíc	-
zpupkatět	-	-	-	-	-	-	zpupkatěj	zpupkatějme	zpupkatějte	-	zpupkatěn	zpupkatěje	zpupkatějíc	-
zpupkovatět	-	-	-	-	-	-	zpupkovatěj	zpupkovatějme	zpupkovatějte	-	zpupkovatěn	zpupkovatěje	zpupkovatějíc	-
zpupnět	-	-	-	-	-	-	zpupněj	zpupnějme	zpupnějte	-	zpupněn	zpupněje	zpupnějíc	-
zpurpurovět	-	-	-	-	-	-	zpurpurověj	zpurpurovějme	zpurpurovějte	-	zpurpurověn	zpurpurověje	zpurpurovějíc	-
zpustit	-	-	-	-	-	-	zpusti	zpustěme	zpustěte	-	zpuštěn	-	-	-
zpustošit	-	-	-	-	-	-	-	-	-	-	-	zpustoše	-	-
zpyšnit	-	-	-	-	-	-	zpyšni	zpyšněme	zpyšněte	-	zpyšněn	-	-	-
zpyšnět	-	-	-	-	-	zpyšní	zpyšni	zpyšněme	zpyšněte	-	zpyšněn	-	-	-
zpádnět	-	-	-	-	-	-	zpádněj	zpádnějme	zpádnějte	-	zpádněn	zpádněje	zpádnějíc	-
zpájet	-	-	-	-	-	zpájejí	zpájej	zpájejme	zpájejte	-	-	zpájeje	zpájejíc	-
zpánovatět	-	-	-	-	-	-	zpánovatěj	zpánovatějme	zpánovatějte	-	zpánovatěn	zpánovatěje	zpánovatějíc	-
zpánovitět	-	-	-	-	-	-	zpánovitěj	zpánovitějme	zpánovitějte	-	zpánovitěn	zpánovitěje	zpánovitějíc	-
zpáskovatět	-	-	-	-	-	-	zpáskovatěj	zpáskovatějme	zpáskovatějte	-	zpáskovatěn	zpáskovatěje	zpáskovatějíc	-
zpéci	zpeču	zpečeš	zpeče	zpečeme	zpečete	zpečou	zpec	zpecme	zpecte	zpekl	zpečen	-	-	zpekla
zpíjet	-	-	-	-	-	zpíjejí	zpíjej	zpíjejme	zpíjejte	-	-	zpíjeje	zpíjejíc	-
zpít	zpiji	zpiješ	zpije	zpijeme	zpijete	zpijou	zpij	zpijme	zpijte	zpil	zpit	-	-	zpila
zpíčit	-	-	-	-	-	-	zpič	zpičme	zpičte	-	-	-	-	-
zpórovatět	-	-	-	-	-	-	zpórovatěj	zpórovatějme	zpórovatějte	-	zpórovatěn	zpórovatěje	zpórovatějíc	-
zpěknit	-	-	-	-	-	-	zpěkni	zpěkněme	zpěkněte	-	zpěkněn	-	-	-
zpěknět	-	-	-	-	-	-	zpěkněj	zpěknějme	zpěknějte	-	zpěkněn	zpěkněje	zpěknějíc	-
zpěnit	-	-	-	-	-	-	zpěň	zpěňme	zpěňte	-	zpěněn	-	-	-
zpětit	-	-	-	-	-	-	zpěť	zpěťme	zpěťte	-	zpětěn	-	-	-
zpětvzít	zpětvezmu	zpětvezmeš	zpětvezme	zpětvezmeme	zpětvezmete	zpětvezmou	zpětvezmi	zpětvezměme	zpětvezměte	zpětvzal	zpětvzat	-	-	zpětvzala
zpěčit	-	-	-	-	-	-	-	-	-	-	-	zpěče	-	-
zpředmětnit	-	-	-	-	-	-	zpředmětni	zpředmětněme	zpředmětněte	-	zpředmětněn	-	-	-
zpřehlednit	-	-	-	-	-	-	zpřehledni	zpřehledněme	zpřehledněte	-	zpřehledněn	-	-	-
zpřehlížet	-	-	-	-	-	zpřehlížejí	zpřehlížej	zpřehlížejme	zpřehlížejte	-	-	zpřehlížeje	zpřehlížejíc	-
zpřeházet	-	-	-	-	-	zpřeházejí	zpřeházej	zpřeházejme	zpřeházejte	-	-	zpřeházeje	zpřeházejíc	-
zpřejinačit	-	-	-	-	-	-	-	-	-	-	-	zpřejinače	-	-
zpřekácet	-	-	-	-	-	zpřekácejí	zpřekácej	zpřekácejme	zpřekácejte	-	-	zpřekáceje	zpřekácejíc	-
zpřelámat	zpřelámu	zpřelámeš	zpřeláme	zpřelámeme	zpřelámete	zpřelámou	-	-	-	-	-	-	-	-
zpřelézt	zpřelezu	zpřelezeš	zpřeleze	zpřelezeme	zpřelezete	zpřelezou	zpřelez	zpřelezme	zpřelezte	zpřelezl	zpřelezen	-	-	zpřelezla
zpřerazit	-	-	-	-	-	-	-	-	-	-	zpřeražen	-	-	-
zpřervat	zpřervu	zpřerveš	zpřerve	zpřerveme	zpřervete	zpřervou	zpřervi	zpřervěme	zpřervěte	-	-	-	-	-
zpřerážet	-	-	-	-	-	zpřerážejí	zpřerážej	zpřerážejme	zpřerážejte	-	-	zpřerážeje	zpřerážejíc	-
zpřesnit	-	-	-	-	-	-	zpřesni	zpřesněme	zpřesněte	-	zpřesněn	-	-	-
zpřesnět	-	-	-	-	-	-	zpřesněj	zpřesnějme	zpřesnějte	-	zpřesněn	zpřesněje	zpřesnějíc	-
zpřesázet	-	-	-	-	-	zpřesázejí	zpřesázej	zpřesázejme	zpřesázejte	-	-	zpřesázeje	zpřesázejíc	-
zpřetvářet	-	-	-	-	-	zpřetvářejí	zpřetvářej	zpřetvářejme	zpřetvářejte	-	-	zpřetvářeje	zpřetvářejíc	-
zpřetáčet	-	-	-	-	-	zpřetáčejí	zpřetáčej	zpřetáčejme	zpřetáčejte	-	-	zpřetáčeje	zpřetáčejíc	-
zpřevracet	-	-	-	-	-	zpřevracejí	zpřevracej	zpřevracejme	zpřevracejte	-	-	zpřevraceje	zpřevracejíc	-
zpřevrátit	-	-	-	-	-	-	zpřevrať	zpřevraťme	zpřevraťte	-	zpřevrácen	-	-	-
zpřeválet	-	-	-	-	-	zpřeválejí	zpřeválej	zpřeválejme	zpřeválejte	-	-	zpřeváleje	zpřeválejíc	-
zpřátelštit	-	-	-	-	-	-	zpřátelšti	zpřátelštěme	zpřátelštěte	-	zpřátelštěn	-	-	-
zpřídavnět	-	-	-	-	-	-	zpřídavněj	zpřídavnějme	zpřídavnějte	-	zpřídavněn	zpřídavněje	zpřídavnějíc	-
zpříjemnit	-	-	-	-	-	-	zpříjemni	zpříjemněme	zpříjemněte	-	zpříjemněn	-	-	-
zpříjemnět	-	-	-	-	-	-	zpříjemněj	zpříjemnějme	zpříjemnějte	-	zpříjemněn	zpříjemněje	zpříjemnějíc	-
zpříkladnit	-	-	-	-	-	-	zpříkladni	zpříkladněme	zpříkladněte	-	zpříkladněn	-	-	-
zpříkřet	-	-	-	-	-	zpříkřejí	zpříkřej	zpříkřejme	zpříkřejte	-	-	zpříkřeje	zpříkřejíc	-
zpříkřit	-	-	-	-	-	-	zpříkři	zpříkřeme	zpříkřete	-	-	-	-	-
zpřímit	-	-	-	-	-	-	zpřim	zpřimme	zpřimte	-	-	-	-	-
zpřírodnit	-	-	-	-	-	-	zpřírodni	zpřírodněme	zpřírodněte	-	zpřírodněn	-	-	-
zpřísnit	-	-	-	-	-	-	zpřísni	zpřísněme	zpřísněte	-	zpřísněn	-	-	-
zpřísnět	-	-	-	-	-	-	zpřísněj	zpřísnějme	zpřísnějte	-	zpřísněn	zpřísněje	zpřísnějíc	-
zpříst	zpředu	zpředeš	zpřede	zpředeme	zpředete	zpředou	zpřeď	zpřeďme	zpřeďte	zpředl	zpředen	-	-	zpředla
zpřístupnit	-	-	-	-	-	-	zpřístupni	zpřístupněme	zpřístupněte	-	zpřístupněn	-	-
zpřístupnět	-	-	-	-	-	-	zpřístupněj	zpřístupnějme	zpřístupnějte	-	zpřístupněn	zpřístupněje	zpřístupnějíc	-
zpřítomnit	-	-	-	-	-	-	zpřítomni	zpřítomněme	zpřítomněte	-	zpřítomněn	-	-	-
zpřítomnět	-	-	-	-	-	-	zpřítomněj	zpřítomnějme	zpřítomnějte	-	zpřítomněn	zpřítomněje	zpřítomnějíc	-
zpřívětivět	-	-	-	-	-	-	zpřívětivěj	zpřívětivějme	zpřívětivějte	-	zpřívětivěn	zpřívětivěje	zpřívětivějíc	-
zpřízemnit	-	-	-	-	-	-	zpřízemni	zpřízemněme	zpřízemněte	-	zpřízemněn	-	-	-
zpřízvučnit	-	-	-	-	-	-	zpřízvučni	zpřízvučněme	zpřízvučněte	-	zpřízvučněn	-	-	-
zpřízvučnět	-	-	-	-	-	-	zpřízvučněj	zpřízvučnějme	zpřízvučnějte	-	zpřízvučněn	zpřízvučněje	zpřízvučnějíc	-
zpříčinit	-	-	-	-	-	-	zpříčiň	zpříčiňme	zpříčiňte	-	zpříčiněn	-	-	-
zpříčit	-	-	-	-	-	-	zpřič	zpřičme	zpřičte	-	-	-	-	-
zpříšernit	-	-	-	-	-	-	zpříšerni	zpříšerněme	zpříšerněte	-	zpříšerněn	-	-	-
zpříšernět	-	-	-	-	-	-	zpříšerněj	zpříšernějme	zpříšernějte	-	zpříšerněn	zpříšerněje	zpříšernějíc	-
způvabnit	-	-	-	-	-	-	způvabni	způvabněme	způvabněte	-	způvabněn	-	-	-
způvabnět	-	-	-	-	-	-	způvabněj	způvabnějme	způvabnějte	-	způvabněn	způvabněje	způvabnějíc	-
zrabiátnit	-	-	-	-	-	-	zrabiátni	zrabiátněme	zrabiátněte	-	zrabiátněn	-	-	-
zrabiátnět	-	-	-	-	-	-	zrabiátněj	zrabiátnějme	zrabiátnějte	-	zrabiátněn	zrabiátněje	zrabiátnějíc	-
zracionálnit	-	-	-	-	-	-	zracionálni	zracionálněme	zracionálněte	-	zracionálněn	-	-	-
zradikálničet	-	-	-	-	-	zradikálničejí	zradikálničej	zradikálničejme	zradikálničejte	-	-	zradikálničeje	zradikálničejíc	-
zradikálničit	-	-	-	-	-	-	-	-	-	-	-	zradikálniče	-	-
zradikálnět	-	-	-	-	-	-	zradikálněj	zradikálnějme	zradikálnějte	-	zradikálněn	zradikálněje	zradikálnějíc	-
zradit	-	-	-	-	-	-	zraď	zraďme	zraďte	-	zrazen	-	-
zradostnit	-	-	-	-	-	-	zradostni	zradostněme	zradostněte	-	zradostněn	-	-	-
zradostnět	-	-	-	-	-	-	zradostněj	zradostnějme	zradostnějte	-	zradostněn	zradostněje	zradostnějíc	-
zrakouštět	-	-	-	-	-	-	zrakouštěj	zrakouštějme	zrakouštějte	-	zrakouštěn	zrakouštěje	zrakouštějíc	-
zramenatět	-	-	-	-	-	-	zramenatěj	zramenatějme	zramenatějte	-	zramenatěn	zramenatěje	zramenatějíc	-
zrampouchovatět	-	-	-	-	-	-	zrampouchovatěj	zrampouchovatějme	zrampouchovatějte	-	zrampouchovatěn	zrampouchovatěje	zrampouchovatějíc	-
zranit	-	-	-	-	-	-	zraň	zraňme	zraňte	-	zraněn	-	-
zrazit	-	-	-	-	-	-	-	-	-	-	-	zraze	-	-
zračit	-	-	-	-	-	-	-	-	-	-	-	zrače	-	-
zrašelinět	-	-	-	-	-	-	zrašeliněj	zrašelinějme	zrašelinějte	-	zrašeliněn	zrašeliněje	zrašelinějíc	-
zrcadlit	-	-	-	-	-	-	zrcadli	zrcadleme	zrcadlete	-	-	zrcadle	-
zrdousit	-	-	-	-	-	-	zrdus	zrdusme	zrduste	-	zrdušen	-	-	-
zrealističtit	-	-	-	-	-	-	zrealističti	zrealističtěme	zrealističtěte	-	zrealističtěn	-	-	-
zrealističtět	-	-	-	-	-	-	zrealističtěj	zrealističtějme	zrealističtějte	-	zrealističtěn	zrealističtěje	zrealističtějíc	-
zregulérnit	-	-	-	-	-	-	zregulérni	zregulérněme	zregulérněte	-	zregulérněn	-	-	-
zrejdit	-	-	-	-	-	-	zrejdi	zrejděme	zrejděte	-	zrejděn	-	-	-
zrejtařit	-	-	-	-	-	-	-	-	-	-	-	zrejtaře	-	-
zrelativnit	-	-	-	-	-	-	zrelativni	zrelativněme	zrelativněte	-	zrelativněn	-	-	-
zrentabilnit	-	-	-	-	-	-	zrentabilni	zrentabilněme	zrentabilněte	-	zrentabilněn	-	-	-
zrevolučnit	-	-	-	-	-	-	zrevolučni	zrevolučněme	zrevolučněte	-	zrevolučněn	-	-	-
zrezatět	-	-	-	-	-	-	zrezatěj	zrezatějme	zrezatějte	-	zrezatěn	zrezatěje	zrezatějíc	-
zrezavit	-	-	-	-	-	-	-	-	-	-	zrezavěn	-	-	-
zrezavět	-	-	-	-	-	-	zrezavěj	zrezavějme	zrezavějte	-	zrezavěn	zrezavěje	zrezavějíc	-
zrezidentnit	-	-	-	-	-	-	zrezidentni	zrezidentněme	zrezidentněte	-	zrezidentněn	-	-	-
zrezivět	-	-	-	-	-	-	zrezivěj	zrezivějme	zrezivějte	-	zrezivěn	zrezivěje	zrezivějíc	-
zrezovatět	-	-	-	-	-	-	zrezovatěj	zrezovatějme	zrezovatějte	-	zrezovatěn	zrezovatěje	zrezovatějíc	-
zreálnit	-	-	-	-	-	-	zreálni	zreálněme	zreálněte	-	zreálněn	-	-	-
zreálnět	-	-	-	-	-	-	zreálněj	zreálnějme	zreálnějte	-	zreálněn	zreálněje	zreálnějíc	-
zrnatět	-	-	-	-	-	-	zrnatěj	zrnatějme	zrnatějte	-	zrnatěn	zrnatěje	zrnatějíc	-
zrnit	-	-	-	-	-	-	zrň	zrňme	zrňte	-	zrněn	-	-	-
zrodit	-	-	-	-	-	-	zroď	zroďme	zroďte	-	zrozen	-	-	-
zrohatit	-	-	-	-	-	-	zrohať	zrohaťme	zrohaťte	-	zrohacen	-	-	-
zrohatět	-	-	-	-	-	-	zrohatěj	zrohatějme	zrohatějte	-	zrohatěn	zrohatěje	zrohatějíc	-
zrohovatět	-	-	-	-	-	zrohovatí	zrohovať	zrohovaťme	zrohovaťte	-	zrohovatěn	-	-	-
zromantičtit	-	-	-	-	-	-	zromantičti	zromantičtěme	zromantičtěte	-	zromantičtěn	-	-	-
zromantičtět	-	-	-	-	-	-	zromantičtěj	zromantičtějme	zromantičtějte	-	zromantičtěn	zromantičtěje	zromantičtějíc	-
zrománštit	-	-	-	-	-	-	zrománšti	zrománštěme	zrománštěte	-	zrománštěn	-	-	-
zronit	-	-	-	-	-	-	zroň	zroňme	zroňte	-	zroněn	-	-	-
zrosolovatět	-	-	-	-	-	zrosolovatí	zrosolovať	zrosolovaťme	zrosolovaťte	-	zrosolovatěn	-	-	-
zroubit	-	-	-	-	-	-	zroubi	zrouběme	zrouběte	-	-	-	-	-
zrouhavět	-	-	-	-	-	-	zrouhavěj	zrouhavějme	zrouhavějte	-	zrouhavěn	zrouhavěje	zrouhavějíc	-
zrovnoměrnit	-	-	-	-	-	-	zrovnoměrň	zrovnoměrňme	zrovnoměrňte	-	zrovnoměrněn	-	-	-
zrovnoprávnit	-	-	-	-	-	-	zrovnoprávni	zrovnoprávněme	zrovnoprávněte	-	zrovnoprávněn	-	-	-
zrovnovážit	-	-	-	-	-	-	zrovnovaž	zrovnovažme	zrovnovažte	-	-	-	-	-
zrozkošnit	-	-	-	-	-	-	zrozkošni	zrozkošněme	zrozkošněte	-	zrozkošněn	-	-	-
zrozkošnět	-	-	-	-	-	-	zrozkošněj	zrozkošnějme	zrozkošnějte	-	zrozkošněn	zrozkošněje	zrozkošnějíc	-
zrozpačitět	-	-	-	-	-	zrozpačití	zrozpačiť	zrozpačiťme	zrozpačiťte	-	zrozpačitěn	-	-	-
zrozrážet	-	-	-	-	-	zrozrážejí	zrozrážej	zrozrážejme	zrozrážejte	-	-	zrozrážeje	zrozrážejíc	-
zrozumovatět	-	-	-	-	-	-	zrozumovatěj	zrozumovatějme	zrozumovatějte	-	zrozumovatěn	zrozumovatěje	zrozumovatějíc	-
zrozumět	-	-	-	-	-	-	zrozuměj	zrozumějme	zrozumějte	-	zrozuměn	zrozuměje	zrozumějíc	-
zrozvracet	-	-	-	-	-	zrozvracejí	zrozvracej	zrozvracejme	zrozvracejte	-	-	zrozvraceje	zrozvracejíc	-
zrozšafnět	-	-	-	-	-	-	zrozšafněj	zrozšafnějme	zrozšafnějte	-	zrozšafněn	zrozšafněje	zrozšafnějíc	-
zrudit	-	-	-	-	-	-	zruď	zruďme	zruďte	-	zruděn	-	-	-
zrudnit	-	-	-	-	-	-	zrudni	zrudněme	zrudněte	-	zrudněn	-	-	-
zrujnit	-	-	-	-	-	-	zrujni	zrujněme	zrujněte	-	zrujněn	-	-	-
zruměnit	-	-	-	-	-	-	zruměň	zruměňme	zruměňte	-	zruměněn	-	-	-
zruměnět	-	-	-	-	-	-	zruměněj	zruměnějme	zruměnějte	-	zruměněn	zruměněje	zruměnějíc	-
zrušit	-	-	-	-	-	-	-	-	-	-	-	zruše	-	-
zruštit	-	-	-	-	-	-	zrušti	zruštěme	zruštěte	-	zruštěn	-	-	-
zrychlit	-	-	-	-	-	-	zrychli	zrychleme	zrychlete	-	-	-	-
zrytířštit	-	-	-	-	-	-	zrytířšti	zrytířštěme	zrytířštěte	-	zrytířštěn	-	-	-
zryšavět	-	-	-	-	-	-	zryšavěj	zryšavějme	zryšavějte	-	zryšavěn	zryšavěje	zryšavějíc	-
zrzavět	-	-	-	-	-	-	zrzavěj	zrzavějme	zrzavějte	-	zrzavěn	zrzavěje	zrzavějíc	-
zrábět	-	-	-	-	-	-	zráběj	zrábějme	zrábějte	-	zráběn	zráběje	zrábějíc	-
zrájit	-	-	-	-	-	-	zraj	zrajme	zrajte	-	-	-	-	-
zrát	zraji	zraješ	zraje	zrajeme	zrajete	zrajou	zraj	zrajme	zrajte	-	-	zraje	zrajíc
zrázet	-	-	-	-	-	zrázejí	zrázej	zrázejme	zrázejte	-	-	zrázeje	zrázejíc	-
zráčit	-	-	-	-	-	-	zrač	zračme	zračte	-	-	-	-	-
zrážet	-	-	-	-	-	zrážejí	zrážej	zrážejme	zrážejte	-	-	zrážeje	zrážejíc	-
zrútit	-	-	-	-	-	-	zruť	zruťme	zruťte	-	zrúcen	-	-	-
zrýt	zryji	zryješ	zryje	zryjeme	zryjete	zryjou	zryj	zryjme	zryjte	zryl	zryt	-	-
zrůměnit	-	-	-	-	-	-	zrůměň	zrůměňme	zrůměňte	-	zrůměněn	-	-	-
zrůst	zrostu	zrosteš	zroste	zrosteme	zrostete	zrostou	zrosť	zrosťme	zrosťte	zrostl	-	-	-	zrostla
zrůznit	-	-	-	-	-	-	zrůzni	zrůzněme	zrůzněte	-	zrůzněn	-	-	-
zrůžovatit	-	-	-	-	-	-	zrůžovať	zrůžovaťme	zrůžovaťte	-	zrůžovatěn	-	-	-
zrůžovatět	-	-	-	-	-	-	zrůžovatěj	zrůžovatějme	zrůžovatějte	-	zrůžovatěn	zrůžovatěje	zrůžovatějíc	-
zrůžovět	-	-	-	-	-	-	zrůžověj	zrůžovějme	zrůžovějte	-	zrůžověn	zrůžověje	zrůžovějíc	-
zsinavět	-	-	-	-	-	-	zsinavěj	zsinavějme	zsinavějte	-	zsinavěn	zsinavěje	zsinavějíc	-
zsílit	-	-	-	-	-	-	zsil	zsilme	zsilte	-	-	-	-	-
ztajemnit	-	-	-	-	-	-	ztajemni	ztajemněme	ztajemněte	-	ztajemněn	-	-	-
ztajemnět	-	-	-	-	-	-	ztajemněj	ztajemnějme	ztajemnějte	-	ztajemněn	ztajemněje	ztajemnějíc	-
ztajit	-	-	-	-	-	-	-	-	-	-	-	ztaje	-	-
ztalácet	-	-	-	-	-	ztalácejí	ztalácej	ztalácejme	ztalácejte	-	-	ztaláceje	ztalácejíc	-
ztančit	-	-	-	-	-	-	ztanči	ztančeme	ztančete	-	-	-	-	-
ztarasit	-	-	-	-	-	-	-	-	-	-	-	ztarase	-	-
ztatařit	-	-	-	-	-	-	-	-	-	-	-	ztataře	-	-
zteatrálnit	-	-	-	-	-	-	zteatrálni	zteatrálněme	zteatrálněte	-	zteatrálněn	-	-	-
zteatrálnět	-	-	-	-	-	-	zteatrálněj	zteatrálnějme	zteatrálnějte	-	zteatrálněn	zteatrálněje	zteatrálnějíc	-
ztechničtit	-	-	-	-	-	-	ztechničti	ztechničtěme	ztechničtěte	-	ztechničtěn	-	-	-
ztechničtět	-	-	-	-	-	-	ztechničtěj	ztechničtějme	ztechničtějte	-	ztechničtěn	ztechničtěje	ztechničtějíc	-
ztekutit	-	-	-	-	-	-	ztekuť	ztekuťme	ztekuťte	-	ztekucen	-	-	-
ztekutět	-	-	-	-	-	-	ztekutěj	ztekutějme	ztekutějte	-	ztekutěn	ztekutěje	ztekutějíc	-
ztemnit	-	-	-	-	-	-	ztemni	ztemněme	ztemněte	-	ztemněn	-	-	-
ztemnět	-	-	-	-	-	ztemní	ztemni	ztemněme	ztemněte	-	ztemněn	-	-	-
ztenčit	-	-	-	-	-	-	ztenči	ztenčeme	ztenčete	-	-	-	-	-
zteplit	-	-	-	-	-	-	ztepli	ztepleme	zteplete	-	-	-	-	-
ztesklivět	-	-	-	-	-	-	ztesklivěj	ztesklivějme	ztesklivějte	-	ztesklivěn	ztesklivěje	ztesklivějíc	-
ztesknit	-	-	-	-	-	-	zteskni	zteskněme	zteskněte	-	zteskněn	-	-	-
ztesknět	-	-	-	-	-	-	zteskněj	ztesknějme	ztesknějte	-	zteskněn	zteskněje	ztesknějíc	-
zteřet	-	-	-	-	-	zteřejí	zteřej	zteřejme	zteřejte	-	-	zteřeje	zteřejíc	-
ztisíceronásobnit	-	-	-	-	-	-	ztisíceronásobni	ztisíceronásobněme	ztisíceronásobněte	-	ztisíceronásobněn	-	-	-
ztitěrnit	-	-	-	-	-	-	ztitěrni	ztitěrněme	ztitěrněte	-	ztitěrněn	-	-	-
ztitěrnět	-	-	-	-	-	-	ztitěrněj	ztitěrnějme	ztitěrnějte	-	ztitěrněn	ztitěrněje	ztitěrnějíc	-
ztišit	-	-	-	-	-	-	-	-	-	-	-	ztiše	-	-
ztklivět	-	-	-	-	-	-	ztklivěj	ztklivějme	ztklivějte	-	ztklivěn	ztklivěje	ztklivějíc	-
ztlouci	ztluču	ztlučeš	ztluče	ztlučeme	ztlučete	ztlučou	ztluč	ztlučme	ztlučte	ztloukl	ztlučen	-	-	ztloukla
ztlumočit	-	-	-	-	-	-	-	-	-	-	-	ztlumoče	-	-
ztluštět	-	-	-	-	-	-	ztluštěj	ztluštějme	ztluštějte	-	ztluštěn	ztluštěje	ztluštějíc	-
ztlít	ztleji	ztleješ	ztleje	ztlejeme	ztlejete	ztlejou	ztlej	ztlejme	ztlejte	ztlel	ztlen	-	-	ztlela
ztmavět	-	-	-	-	-	ztmaví	ztmav	ztmavme	ztmavte	-	ztmavěn	-	-	-
ztonout	-	-	-	-	-	-	ztoň	ztoňme	ztoňte	-	-	-	-	-
ztopornit	-	-	-	-	-	-	ztoporni	ztoporněme	ztoporněte	-	ztoporněn	-	-	-
ztopornět	-	-	-	-	-	-	ztoporněj	ztopornějme	ztopornějte	-	ztoporněn	ztoporněje	ztopornějíc	-
ztopořit	-	-	-	-	-	-	-	-	-	-	-	ztopoře	-	-
ztotožnit	-	-	-	-	-	-	ztotožni	ztotožněme	ztotožněte	-	ztotožněn	-	-	-
ztoužnět	-	-	-	-	-	-	ztoužněj	ztoužnějme	ztoužnějte	-	ztoužněn	ztoužněje	ztoužnějíc	-
ztovárnit	-	-	-	-	-	-	ztovárni	ztovárněme	ztovárněte	-	ztovárněn	-	-	-
ztradičnět	-	-	-	-	-	-	ztradičněj	ztradičnějme	ztradičnějte	-	ztradičněn	ztradičněje	ztradičnějíc	-
ztragičtět	-	-	-	-	-	-	ztragičtěj	ztragičtějme	ztragičtějte	-	ztragičtěn	ztragičtěje	ztragičtějíc	-
ztrapnit	-	-	-	-	-	-	ztrapni	ztrapněme	ztrapněte	-	ztrapněn	-	-
ztratit	-	-	-	-	-	-	ztrať	ztraťme	ztraťte	-	ztracen	-	-
ztriviálnět	-	-	-	-	-	-	ztriviálněj	ztriviálnějme	ztriviálnějte	-	ztriviálněn	ztriviálněje	ztriviálnějíc	-
ztrmácet	-	-	-	-	-	ztrmácejí	ztrmácej	ztrmácejme	ztrmácejte	-	-	ztrmáceje	ztrmácejíc	-
ztrnout	-	-	-	-	-	-	-	-	-	ztrnul	-	-	-	ztrnula
ztrojit	-	-	-	-	-	-	-	-	-	-	-	ztroje	-	-
ztrojmocnit	-	-	-	-	-	-	ztrojmocni	ztrojmocněme	ztrojmocněte	-	ztrojmocněn	-	-	-
ztrojnásobnit	-	-	-	-	-	-	ztrojnásobni	ztrojnásobněme	ztrojnásobněte	-	ztrojnásobněn	-	-	-
ztrojčit	-	-	-	-	-	-	ztrojči	ztrojčeme	ztrojčete	-	-	-	-	-
ztrouchnivět	-	-	-	-	-	-	ztrouchnivěj	ztrouchnivějme	ztrouchnivějte	-	ztrouchnivěn	ztrouchnivěje	ztrouchnivějíc	-
ztrouchnět	-	-	-	-	-	-	ztrouchněj	ztrouchnějme	ztrouchnějte	-	ztrouchněn	ztrouchněje	ztrouchnějíc	-
ztroudnatět	-	-	-	-	-	-	ztroudnatěj	ztroudnatějme	ztroudnatějte	-	ztroudnatěn	ztroudnatěje	ztroudnatějíc	-
ztroudovatět	-	-	-	-	-	-	ztroudovatěj	ztroudovatějme	ztroudovatějte	-	ztroudovatěn	ztroudovatěje	ztroudovatějíc	-
ztroškařit	-	-	-	-	-	-	-	-	-	-	-	ztroškaře	-	-
ztrpčet	-	-	-	-	-	ztrpčejí	ztrpčej	ztrpčejme	ztrpčejte	-	-	ztrpčeje	ztrpčejíc	-
ztrpčit	-	-	-	-	-	-	ztrpči	ztrpčeme	ztrpčete	-	-	-	-	-
ztruchlit	-	-	-	-	-	-	ztruchli	ztruchleme	ztruchlete	-	-	-	-	-
ztruchlivět	-	-	-	-	-	-	ztruchlivěj	ztruchlivějme	ztruchlivějte	-	ztruchlivěn	ztruchlivěje	ztruchlivějíc	-
ztrudit	-	-	-	-	-	-	ztruď	ztruďme	ztruďte	-	ztruděn	-	-	-
ztrudnit	-	-	-	-	-	-	ztrudni	ztrudněme	ztrudněte	-	ztrudněn	-	-	-
ztrudnomyslnět	-	-	-	-	-	ztrudnomyslní	ztrudnomyslň	ztrudnomyslňme	ztrudnomyslňte	-	ztrudnomyslněn	-	-	-
ztrudnět	-	-	-	-	-	-	ztrudněj	ztrudnějme	ztrudnějte	-	ztrudněn	ztrudněje	ztrudnějíc	-
ztrupelnatět	-	-	-	-	-	-	ztrupelnatěj	ztrupelnatějme	ztrupelnatějte	-	ztrupelnatěn	ztrupelnatěje	ztrupelnatějíc	-
ztrvalit	-	-	-	-	-	-	-	-	-	-	-	ztrvale	-	-
ztrácet	-	-	-	-	-	ztrácejí	ztrácej	ztrácejme	ztrácejte	-	-	ztráceje	ztrácejíc
ztrápit	-	-	-	-	-	-	ztrap	ztrapme	ztrapte	-	-	-	-	-
ztrávit	-	-	-	-	-	-	ztrav	ztravme	ztravte	-	-	-	-	-
ztrýznit	-	-	-	-	-	-	ztrýzni	ztrýzněme	ztrýzněte	-	ztrýzněn	-	-	-
ztulačit	-	-	-	-	-	-	-	-	-	-	-	ztulače	-	-
ztumpachovatět	-	-	-	-	-	-	ztumpachovatěj	ztumpachovatějme	ztumpachovatějte	-	ztumpachovatěn	ztumpachovatěje	ztumpachovatějíc	-
ztumpachovět	-	-	-	-	-	-	ztumpachověj	ztumpachovějme	ztumpachovějte	-	ztumpachověn	ztumpachověje	ztumpachovějíc	-
ztupět	-	-	-	-	-	ztupí	ztup	ztupme	ztupte	-	ztupěn	-	-	-
ztučnit	-	-	-	-	-	-	ztučni	ztučněme	ztučněte	-	ztučněn	-	-	-
ztučnět	-	-	-	-	-	ztuční	ztučni	ztučněme	ztučněte	-	ztučněn	-	-	-
ztužit	-	-	-	-	-	-	-	-	-	-	-	ztuže	-	-
ztvarohovatět	-	-	-	-	-	-	ztvarohovatěj	ztvarohovatějme	ztvarohovatějte	-	ztvarohovatěn	ztvarohovatěje	ztvarohovatějíc	-
ztvarovět	-	-	-	-	-	-	ztvarověj	ztvarovějme	ztvarovějte	-	ztvarověn	ztvarověje	ztvarovějíc	-
ztvrdit	-	-	-	-	-	-	ztvrď	ztvrďme	ztvrďte	-	ztvrzen	-	-	-
ztvrdohlavět	-	-	-	-	-	-	ztvrdohlavěj	ztvrdohlavějme	ztvrdohlavějte	-	ztvrdohlavěn	ztvrdohlavěje	ztvrdohlavějíc	-
ztvárnit	-	-	-	-	-	-	ztvárni	ztvárněme	ztvárněte	-	ztvárněn	-	-	-
ztvárnět	-	-	-	-	-	-	ztvárněj	ztvárnějme	ztvárnějte	-	ztvárněn	ztvárněje	ztvárnějíc	-
ztyřet	-	-	-	-	-	ztyřejí	ztyřej	ztyřejme	ztyřejte	-	-	ztyřeje	ztyřejíc	-
ztápět	-	-	-	-	-	-	ztápěj	ztápějme	ztápějte	-	ztápěn	ztápěje	ztápějíc	-
ztát	ztaji	ztaješ	ztaje	ztajeme	ztajete	ztajou	ztaj	ztajme	ztajte	-	-	-	-	-
ztátovatět	-	-	-	-	-	-	ztátovatěj	ztátovatějme	ztátovatějte	-	ztátovatěn	ztátovatěje	ztátovatějíc	-
ztéci	zteču	ztečeš	zteče	ztečeme	ztečete	ztečou	zteč	ztečme	ztečte	ztekl	ztečen	-	-	ztekla
ztížet	-	-	-	-	-	ztížejí	ztížej	ztížejme	ztížejte	-	-	ztížeje	ztížejíc	-
ztížit	-	-	-	-	-	-	ztiž	ztižme	ztižte	-	-	-	-	-
ztýt	ztyji	ztyješ	ztyje	ztyjeme	ztyjete	ztyjou	ztyj	ztyjme	ztyjte	ztyl	ztyt	-	-	ztyla
ztýřet	-	-	-	-	-	ztýřejí	ztýřej	ztýřejme	ztýřejte	-	-	ztýřeje	ztýřejíc	-
ztěhotnět	-	-	-	-	-	-	ztěhotněj	ztěhotnějme	ztěhotnějte	-	ztěhotněn	ztěhotněje	ztěhotnějíc	-
ztělesnit	-	-	-	-	-	-	ztělesni	ztělesněme	ztělesněte	-	ztělesněn	-	-	-
ztělesnět	-	-	-	-	-	-	ztělesněj	ztělesnějme	ztělesnějte	-	ztělesněn	ztělesněje	ztělesnějíc	-
ztělnatět	-	-	-	-	-	-	ztělnatěj	ztělnatějme	ztělnatějte	-	ztělnatěn	ztělnatěje	ztělnatějíc	-
ztěsnit	-	-	-	-	-	-	ztěsni	ztěsněme	ztěsněte	-	ztěsněn	-	-	-
ztěžkomyslnět	-	-	-	-	-	-	ztěžkomyslněj	ztěžkomyslnějme	ztěžkomyslnějte	-	ztěžkomyslněn	ztěžkomyslněje	ztěžkomyslnějíc	-
ztěžkopádnět	-	-	-	-	-	ztěžkopádní	ztěžkopádni	ztěžkopádněme	ztěžkopádněte	-	ztěžkopádněn	-	-	-
ztřaslavět	-	-	-	-	-	-	ztřaslavěj	ztřaslavějme	ztřaslavějte	-	ztřaslavěn	ztřaslavěje	ztřaslavějíc	-
ztřeslavět	-	-	-	-	-	-	ztřeslavěj	ztřeslavějme	ztřeslavějte	-	ztřeslavěn	ztřeslavěje	ztřeslavějíc	-
ztřeštit	-	-	-	-	-	-	ztřešti	ztřeštěme	ztřeštěte	-	ztřeštěn	-	-	-
ztřásnit	-	-	-	-	-	-	ztřásni	ztřásněme	ztřásněte	-	ztřásněn	-	-	-
ztřísnit	-	-	-	-	-	-	ztřísni	ztřísněme	ztřísněte	-	ztřísněn	-	-	-
ztříštit	-	-	-	-	-	-	ztříšti	ztříštěme	ztříštěte	-	ztříštěn	-	-	-
zubatit	-	-	-	-	-	-	zubať	zubaťme	zubaťte	-	zubacen	-	-	-
zubatět	-	-	-	-	-	-	zubatěj	zubatějme	zubatějte	-	zubatěn	zubatěje	zubatějíc	-
zubožet	-	-	-	-	-	zubožejí	zubožej	zubožejme	zubožejte	-	-	zubožeje	zubožejíc	-
zubožit	-	-	-	-	-	-	-	-	-	-	-	zubože	-	-
zuctivět	-	-	-	-	-	-	zuctivěj	zuctivějme	zuctivějte	-	zuctivěn	zuctivěje	zuctivějíc	-
zudatnět	-	-	-	-	-	-	zudatněj	zudatnějme	zudatnějte	-	zudatněn	zudatněje	zudatnějíc	-
zuhelnatit	-	-	-	-	-	-	zuhelnať	zuhelnaťme	zuhelnaťte	-	zuhelnatěn	-	-	-
zuhelnatět	-	-	-	-	-	zuhelnatí	zuhelnať	zuhelnaťme	zuhelnaťte	-	zuhelnatěn	-	-	-
zuhelnit	-	-	-	-	-	-	zuhelni	zuhelněme	zuhelněte	-	zuhelněn	-	-	-
zuhelnět	-	-	-	-	-	-	zuhelněj	zuhelnějme	zuhelnějte	-	zuhelněn	zuhelněje	zuhelnějíc	-
zuhličit	-	-	-	-	-	-	-	-	-	-	-	zuhliče	-	-
zuhlovatět	-	-	-	-	-	-	zuhlovatěj	zuhlovatějme	zuhlovatějte	-	zuhlovatěn	zuhlovatěje	zuhlovatějíc	-
zuklízet	-	-	-	-	-	zuklízejí	zuklízej	zuklízejme	zuklízejte	-	-	zuklízeje	zuklízejíc	-
zukrutnět	-	-	-	-	-	-	zukrutněj	zukrutnějme	zukrutnějte	-	zukrutněn	zukrutněje	zukrutnějíc	-
zumělečtit	-	-	-	-	-	-	zumělečti	zumělečtěme	zumělečtěte	-	zumělečtěn	-	-	-
zumělečtět	-	-	-	-	-	-	zumělečtěj	zumělečtějme	zumělečtějte	-	zumělečtěn	zumělečtěje	zumělečtějíc	-
zunčet	-	-	-	-	-	zunčí	zunči	zunčeme	zunčete	-	-	zunče	zunčíc	-
zunět	-	-	-	-	-	zuní	zuň	zuňme	zuňte	-	zuněn	zuně	zuníc	-
zupřímnět	-	-	-	-	-	-	zupřímněj	zupřímnějme	zupřímnějte	-	zupřímněn	zupřímněje	zupřímnějíc	-
zurputnět	-	-	-	-	-	-	zurputněj	zurputnějme	zurputnějte	-	zurputněn	zurputněje	zurputnějíc	-
zurážet	-	-	-	-	-	zurážejí	zurážej	zurážejme	zurážejte	-	-	zurážeje	zurážejíc	-
zurčet	-	-	-	-	-	zurčí	zurči	zurčeme	zurčete	-	-	zurče	zurčíc
zurčitět	-	-	-	-	-	-	zurčitěj	zurčitějme	zurčitějte	-	zurčitěn	zurčitěje	zurčitějíc	-
zusnášet	-	-	-	-	-	zusnášejí	zusnášej	zusnášejme	zusnášejte	-	-	zusnášeje	zusnášejíc	-
zutrmácet	-	-	-	-	-	zutrmácejí	zutrmácej	zutrmácejme	zutrmácejte	-	-	zutrmáceje	zutrmácejíc	-
zutrácet	-	-	-	-	-	zutrácejí	zutrácej	zutrácejme	zutrácejte	-	-	zutráceje	zutrácejíc	-
zutvářet	-	-	-	-	-	zutvářejí	zutvářej	zutvářejme	zutvářejte	-	-	zutvářeje	zutvářejíc	-
zutápět	-	-	-	-	-	-	zutápěj	zutápějme	zutápějte	-	zutápěn	zutápěje	zutápějíc	-
zuzlit	-	-	-	-	-	-	zuzli	zuzleme	zuzlete	-	-	-	-	-
zuzlovatět	-	-	-	-	-	-	zuzlovatěj	zuzlovatějme	zuzlovatějte	-	zuzlovatěn	zuzlovatěje	zuzlovatějíc	-
zuřit	-	-	-	-	-	-	-	-	-	-	-	zuře	-
zušlechtit	-	-	-	-	-	-	zušlechti	zušlechtěme	zušlechtěte	-	zušlechtěn	-	-
zužít	zužiji	zužiješ	zužije	zužijeme	zužijete	zužijou	zužij	zužijme	zužijte	zužil	zužit	-	-	zužila
zvalašit	-	-	-	-	-	-	-	-	-	-	-	zvalaše	-	-
zvarhanit	-	-	-	-	-	-	zvarhaň	zvarhaňme	zvarhaňte	-	zvarhaněn	-	-	-
zvarhanovatět	-	-	-	-	-	-	zvarhanovatěj	zvarhanovatějme	zvarhanovatějte	-	zvarhanovatěn	zvarhanovatěje	zvarhanovatějíc	-
zvarhanět	-	-	-	-	-	-	zvarhaněj	zvarhanějme	zvarhanějte	-	zvarhaněn	zvarhaněje	zvarhanějíc	-
zvarhánkovatět	-	-	-	-	-	-	zvarhánkovatěj	zvarhánkovatějme	zvarhánkovatějte	-	zvarhánkovatěn	zvarhánkovatěje	zvarhánkovatějíc	-
zvejřit	-	-	-	-	-	-	zvejři	zvejřeme	zvejřete	-	-	-	-	-
zvelebnit	-	-	-	-	-	-	zvelebni	zvelebněme	zvelebněte	-	zvelebněn	-	-	-
zveličet	-	-	-	-	-	zveličejí	zveličej	zveličejme	zveličejte	-	-	zveličeje	zveličejíc	-
zveličit	-	-	-	-	-	-	-	-	-	-	-	zveliče	-	-
zvelkoměštět	-	-	-	-	-	-	zvelkoměštěj	zvelkoměštějme	zvelkoměštějte	-	zvelkoměštěn	zvelkoměštěje	zvelkoměštějíc	-
zvelkoměšťáčtět	-	-	-	-	-	-	zvelkoměšťáčtěj	zvelkoměšťáčtějme	zvelkoměšťáčtějte	-	zvelkoměšťáčtěn	zvelkoměšťáčtěje	zvelkoměšťáčtějíc	-
zvenkovatět	-	-	-	-	-	-	zvenkovatěj	zvenkovatějme	zvenkovatějte	-	zvenkovatěn	zvenkovatěje	zvenkovatějíc	-
zvenkovštět	-	-	-	-	-	-	zvenkovštěj	zvenkovštějme	zvenkovštějte	-	zvenkovštěn	zvenkovštěje	zvenkovštějíc	-
zveselit	-	-	-	-	-	-	-	-	-	-	-	zvesele	-	-
zvetit	-	-	-	-	-	-	zveť	zveťme	zveťte	-	zvetěn	-	-	-
zvetšet	-	-	-	-	-	zvetšejí	zvetšej	zvetšejme	zvetšejte	-	-	zvetšeje	zvetšejíc	-
zveřejnit	-	-	-	-	-	-	zveřejni	zveřejněme	zveřejněte	-	zveřejněn	-	-
zveřejnoprávnit	-	-	-	-	-	-	zveřejnoprávni	zveřejnoprávněme	zveřejnoprávněte	-	zveřejnoprávněn	-	-	-
zveřejnět	-	-	-	-	-	-	zveřejněj	zveřejnějme	zveřejnějte	-	zveřejněn	zveřejněje	zveřejnějíc	-
zvichřit	-	-	-	-	-	-	zvichři	zvichřeme	zvichřete	-	-	-	-	-
zviditelnit	-	-	-	-	-	-	zviditelni	zviditelněme	zviditelněte	-	zviditelněn	-	-	-
zviditelnět	-	-	-	-	-	-	zviditelněj	zviditelnějme	zviditelnějte	-	zviditelněn	zviditelněje	zviditelnějíc	-
zvidět	-	-	-	-	-	zvidí	zviz	zvizme	zvizte	-	zviděn	-	-	-
zvinit	-	-	-	-	-	-	zviň	zviňme	zviňte	-	zviněn	-	-	-
zvlastenčit	-	-	-	-	-	-	zvlastenči	zvlastenčeme	zvlastenčete	-	-	-	-	-
zvlažit	-	-	-	-	-	-	-	-	-	-	-	zvlaže	-	-
zvlažnět	-	-	-	-	-	-	zvlažněj	zvlažnějme	zvlažnějte	-	zvlažněn	zvlažněje	zvlažnějíc	-
zvlhčit	-	-	-	-	-	-	zvlhči	zvlhčeme	zvlhčete	-	-	-	-	-
zvlnit	-	-	-	-	-	-	zvlň	zvlňme	zvlňte	-	zvlněn	-	-	-
zvločkovatět	-	-	-	-	-	-	zvločkovatěj	zvločkovatějme	zvločkovatějte	-	zvločkovatěn	zvločkovatěje	zvločkovatějíc	-
zvláknit	-	-	-	-	-	-	zvlákni	zvlákněme	zvlákněte	-	zvlákněn	-	-	-
zvláknět	-	-	-	-	-	-	zvlákněj	zvláknějme	zvláknějte	-	zvlákněn	zvlákněje	zvláknějíc	-
zvláčet	-	-	-	-	-	zvláčejí	zvláčej	zvláčejme	zvláčejte	-	-	zvláčeje	zvláčejíc	-
zvláčkovatět	-	-	-	-	-	-	zvláčkovatěj	zvláčkovatějme	zvláčkovatějte	-	zvláčkovatěn	zvláčkovatěje	zvláčkovatějíc	-
zvláčnit	-	-	-	-	-	-	zvláčni	zvláčněme	zvláčněte	-	zvláčněn	-	-	-
zvláčnět	-	-	-	-	-	zvláční	zvláčni	zvláčněme	zvláčněte	-	zvláčněn	-	-	-
zvlídnit	-	-	-	-	-	-	zvlídni	zvlídněme	zvlídněte	-	zvlídněn	-	-	-
zvlídnět	-	-	-	-	-	zvlídní	zvlídni	zvlídněme	zvlídněte	-	zvlídněn	-	-	-
zvlčit	-	-	-	-	-	-	-	-	-	-	-	zvlče	-	-
zvniternit	-	-	-	-	-	-	zvniterni	zvniterněme	zvniterněte	-	zvniterněn	-	-	-
zvniternět	-	-	-	-	-	-	zvniterněj	zvniternějme	zvniternějte	-	zvniterněn	zvniterněje	zvniternějíc	-
zvnitřnit	-	-	-	-	-	-	zvnitřni	zvnitřněme	zvnitřněte	-	zvnitřněn	-	-	-
zvnitřnět	-	-	-	-	-	-	zvnitřněj	zvnitřnějme	zvnitřnějte	-	zvnitřněn	zvnitřněje	zvnitřnějíc	-
zvnějšnit	-	-	-	-	-	-	-	-	-	-	zvnějšněn	-	-	-
zvodit	-	-	-	-	-	-	zvoď	zvoďme	zvoďte	-	zvoděn	-	-	-
zvodnatět	-	-	-	-	-	zvodnatí	zvodnať	zvodnaťme	zvodnaťte	-	zvodnatěn	-	-	-
zvodnit	-	-	-	-	-	-	zvodni	zvodněme	zvodněte	-	zvodněn	-	-	-
zvolit	-	-	-	-	-	-	-	-	-	-	-	zvole	-	-
zvolnit	-	-	-	-	-	-	zvolni	zvolněme	zvolněte	-	zvolněn	-	-	-
zvonit	-	-	-	-	-	-	zvoň	zvoňme	zvoňte	-	zvoněn	-	-
zvoskovatět	-	-	-	-	-	-	zvoskovatěj	zvoskovatějme	zvoskovatějte	-	zvoskovatěn	zvoskovatěje	zvoskovatějíc	-
zvostat	zvostanu	zvostaneš	zvostane	zvostaneme	zvostanete	zvostanou	zvostaň	zvostaňme	zvostaňte	-	-	-	-	-
zvostudit	-	-	-	-	-	-	zvostuď	zvostuďme	zvostuďte	-	zvostuděn	-	-	-
zvousatět	-	-	-	-	-	-	zvousatěj	zvousatějme	zvousatějte	-	zvousatěn	zvousatěje	zvousatějíc	-
zvošklivět	-	-	-	-	-	-	-	-	-	-	zvošklivěn	-	-	-
zvrabčit	-	-	-	-	-	-	zvrabči	zvrabčeme	zvrabčete	-	-	-	-	-
zvracet	-	-	-	-	-	zvracejí	zvracej	zvracejme	zvracejte	-	-	zvraceje	zvracejíc
zvraždit	-	-	-	-	-	-	zvraždi	zvražděme	zvražděte	-	zvražděn	-	-	-
zvrcholit	-	-	-	-	-	-	-	-	-	-	-	zvrchole	-	-
zvroubit	-	-	-	-	-	-	zvrub	zvrubme	zvrubte	-	-	-	-	-
zvroucnit	-	-	-	-	-	-	zvroucni	zvroucněme	zvroucněte	-	zvroucněn	-	-	-
zvroucnět	-	-	-	-	-	zvroucní	zvroucni	zvroucněme	zvroucněte	-	zvroucněn	-	-	-
zvrstvit	-	-	-	-	-	-	zvrstvi	zvrstvěme	zvrstvěte	-	-	-	-	-
zvrtačit	-	-	-	-	-	-	-	-	-	-	-	zvrtače	-	-
zvrtohlavět	-	-	-	-	-	-	zvrtohlavěj	zvrtohlavějme	zvrtohlavějte	-	zvrtohlavěn	zvrtohlavěje	zvrtohlavějíc	-
zvrtošit	-	-	-	-	-	-	-	-	-	-	-	zvrtoše	-	-
zvráskovatět	-	-	-	-	-	-	zvráskovatěj	zvráskovatějme	zvráskovatějte	-	zvráskovatěn	zvráskovatěje	zvráskovatějíc	-
zvrásnit	-	-	-	-	-	-	zvrásni	zvrásněme	zvrásněte	-	zvrásněn	-	-	-
zvrásčit	-	-	-	-	-	-	zvrásči	zvrásčeme	zvrásčete	-	-	-	-	-
zvrátit	-	-	-	-	-	-	zvrať	zvraťme	zvraťte	-	zvrácen	-	-	-
zvráštit	-	-	-	-	-	-	zvrášti	zvráštěme	zvráštěte	-	zvráštěn	-	-	-
zvráštět	-	-	-	-	-	-	zvráštěj	zvráštějme	zvráštějte	-	zvráštěn	zvráštěje	zvráštějíc	-
zvráščit	-	-	-	-	-	-	zvrášči	zvráščeme	zvráščete	-	-	-	-	-
zvršit	-	-	-	-	-	-	-	-	-	-	-	zvrše	-	-
zvulgárnit	-	-	-	-	-	-	zvulgárni	zvulgárněme	zvulgárněte	-	zvulgárněn	-	-	-
zvulgárnět	-	-	-	-	-	-	zvulgárněj	zvulgárnějme	zvulgárnějte	-	zvulgárněn	zvulgárněje	zvulgárnějíc	-
zvunčet	-	-	-	-	-	zvunčí	zvunči	zvunčeme	zvunčete	-	-	zvunče	zvunčíc	-
zvučet	-	-	-	-	-	zvučí	zvuč	zvučme	zvučte	-	-	zvuče	zvučíc	-
zvučit	-	-	-	-	-	-	-	-	-	-	-	zvuče	-	-
zvyházet	-	-	-	-	-	zvyházejí	zvyházej	zvyházejme	zvyházejte	-	-	zvyházeje	zvyházejíc	-
zvymýšlet	-	-	-	-	-	zvymýšlejí	zvymýšlej	zvymýšlejme	zvymýšlejte	-	-	zvymýšleje	zvymýšlejíc	-
zvyrážet	-	-	-	-	-	zvyrážejí	zvyrážej	zvyrážejme	zvyrážejte	-	-	zvyrážeje	zvyrážejíc	-
zvyvracet	-	-	-	-	-	zvyvracejí	zvyvracej	zvyvracejme	zvyvracejte	-	-	zvyvraceje	zvyvracejíc	-
zvyvrátit	-	-	-	-	-	-	zvyvrať	zvyvraťme	zvyvraťte	-	zvyvrácen	-	-	-
zvzácnět	-	-	-	-	-	-	zvzácněj	zvzácnějme	zvzácnějte	-	zvzácněn	zvzácněje	zvzácnějíc	-
zvábit	-	-	-	-	-	-	zvab	zvabme	zvabte	-	-	-	-	-
zváhavět	-	-	-	-	-	-	zváhavěj	zváhavějme	zváhavějte	-	zváhavěn	zváhavěje	zváhavějíc	-
zválet	-	-	-	-	-	zválejí	zválej	zválejme	zválejte	-	-	zváleje	zválejíc	-
zvápenatět	-	-	-	-	-	zvápenatí	zvápenať	zvápenaťme	zvápenaťte	-	zvápenatěn	-	-	-
zvápenět	-	-	-	-	-	-	zvápeněj	zvápenějme	zvápenějte	-	zvápeněn	zvápeněje	zvápenějíc	-
zvápnit	-	-	-	-	-	-	zvápni	zvápněme	zvápněte	-	zvápněn	-	-	-
zvápnět	-	-	-	-	-	-	zvápněj	zvápnějme	zvápnějte	-	zvápněn	zvápněje	zvápnějíc	-
zvát	zvu	zveš	zve	zveme	zvete	zvou	zvi	zvěme	zvěte	zval	zván	zva	zvouc
zvášnit	-	-	-	-	-	-	zvášni	zvášněme	zvášněte	-	zvášněn	-	-	-
zvášnivět	-	-	-	-	-	-	zvášnivěj	zvášnivějme	zvášnivějte	-	zvášnivěn	zvášnivěje	zvášnivějíc	-
zvážit	-	-	-	-	-	-	zvaž	zvažme	zvažte	-	-	-	-
zvážnit	-	-	-	-	-	-	zvážni	zvážněme	zvážněte	-	zvážněn	-	-	-
zvážnět	-	-	-	-	-	-	zvážněj	zvážnějme	zvážnějte	-	zvážněn	zvážněje	zvážnějíc	-
zvést	zvedu	zvedeš	zvede	zvedeme	zvedete	zvedou	zveď	zveďme	zveďte	zvedl	zveden	-	-	zvedla
zvít	zviji	zviješ	zvije	zvijeme	zvijete	zvijou	zvij	zvijme	zvijte	zvil	zvit	-	-	zvila
zvířit	-	-	-	-	-	-	zviř	zviřme	zviřte	-	-	-	-	-
zvýbušnit	-	-	-	-	-	-	zvýbušni	zvýbušněme	zvýbušněte	-	zvýbušněn	-	-	-
zvýhodnit	-	-	-	-	-	-	zvýhodni	zvýhodněme	zvýhodněte	-	zvýhodněn	-	-
zvýmluvnět	-	-	-	-	-	-	zvýmluvněj	zvýmluvnějme	zvýmluvnějte	-	zvýmluvněn	zvýmluvněje	zvýmluvnějíc	-
zvýnosnit	-	-	-	-	-	-	zvýnosni	zvýnosněme	zvýnosněte	-	zvýnosněn	-	-	-
zvýraznit	-	-	-	-	-	-	zvýrazni	zvýrazněme	zvýrazněte	-	zvýrazněn	-	-
zvýraznět	-	-	-	-	-	-	zvýrazněj	zvýraznějme	zvýraznějte	-	zvýrazněn	zvýrazněje	zvýraznějíc	-
zvýtvarnit	-	-	-	-	-	-	zvýtvarni	zvýtvarněme	zvýtvarněte	-	zvýtvarněn	-	-	-
zvýznamnit	-	-	-	-	-	-	zvýznamni	zvýznamněme	zvýznamněte	-	zvýznamněn	-	-	-
zvýznamnět	-	-	-	-	-	-	zvýznamněj	zvýznamnějme	zvýznamnějte	-	zvýznamněn	zvýznamněje	zvýznamnějíc	-
zvýšit	-	-	-	-	-	-	zvyš	zvyšme	zvyšte	-	-	-	-
zvěcnit	-	-	-	-	-	-	zvěcni	zvěcněme	zvěcněte	-	zvěcněn	-	-	-
zvěcnět	-	-	-	-	-	-	zvěcněj	zvěcnějme	zvěcnějte	-	zvěcněn	zvěcněje	zvěcnějíc	-
zvědečtit	-	-	-	-	-	-	zvědečti	zvědečtěme	zvědečtěte	-	zvědečtěn	-	-	-
zvědečtět	-	-	-	-	-	-	zvědečtěj	zvědečtějme	zvědečtějte	-	zvědečtěn	zvědečtěje	zvědečtějíc	-
zvědomit	-	-	-	-	-	-	-	-	-	-	zvědoměn	-	-	-
zvědět	zvím	zvíš	zví	zvíme	zvíte	zvědí	zvěď	zvěďme	zvěďte	-	zvěděn	-	-
zvěnčit	-	-	-	-	-	-	zvěnči	zvěnčeme	zvěnčete	-	-	-	-	-
zvěsit	-	-	-	-	-	-	-	-	-	-	zvěšen	-	-	-
zvěstit	-	-	-	-	-	-	zvěsti	zvěstěme	zvěstěte	-	zvěstěn	-	-	-
zvětvit	-	-	-	-	-	-	zvětvi	zvětvěme	zvětvěte	-	-	-	-	-
zvětřet	-	-	-	-	-	zvětřejí	zvětřej	zvětřejme	zvětřejte	-	-	zvětřeje	zvětřejíc	-
zvětřit	-	-	-	-	-	-	zvětři	zvětřeme	zvětřete	-	-	-	-	-
zvětšit	-	-	-	-	-	-	-	-	-	-	-	zvětše	-	-
zvěčnit	-	-	-	-	-	-	zvěčni	zvěčněme	zvěčněte	-	zvěčněn	-	-	-
zvěčnět	-	-	-	-	-	-	zvěčněj	zvěčnějme	zvěčnějte	-	zvěčněn	zvěčněje	zvěčnějíc	-
zvěšet	-	-	-	-	-	zvěšejí	zvěšej	zvěšejme	zvěšejte	-	-	zvěšeje	zvěšejíc	-
zvředovatět	-	-	-	-	-	-	zvředovatěj	zvředovatějme	zvředovatějte	-	zvředovatěn	zvředovatěje	zvředovatějíc	-
zvšednět	-	-	-	-	-	zvšední	zvšedni	zvšedněme	zvšedněte	-	zvšedněn	-	-	-
zábránit	-	-	-	-	-	-	zábráň	zábráňme	zábráňte	-	zábráněn	-	-	-
zábst	zebu	zebeš	zebe	zebeme	zebete	zebou	zeb	zebme	zebte	zábl	-	zeba	zebouc
záletničit	-	-	-	-	-	-	-	-	-	-	-	záletniče	-	-
záležet	-	-	-	-	-	záležejí	-	-	-	-	-	záleže	záležejíc
zámečničit	-	-	-	-	-	-	-	-	-	-	-	zámečniče	-	-
zápasit	-	-	-	-	-	-	-	-	-	-	-	zápase	-
zápolit	-	-	-	-	-	-	-	-	-	-	-	zápole	-	-
závidět	-	-	-	-	-	závidí	-	-	-	-	záviděn	-	-
záviset	-	-	-	-	-	závisejí	závisej	závisejme	závisejte	-	-	závise	závisejíc
závodit	-	-	-	-	-	-	závoď	závoďme	závoďte	-	-	-	-
závozničit	-	-	-	-	-	-	-	-	-	-	-	závozniče	-	-
zázračit	-	-	-	-	-	-	-	-	-	-	-	zázrače	-	-
zářit	-	-	-	-	-	-	zař	zařme	zařte	-	-	záře	-
zářivět	-	-	-	-	-	-	zářivěj	zářivějme	zářivějte	-	zářivěn	zářivěje	zářivějíc	-
záškodničit	-	-	-	-	-	-	-	-	-	-	-	záškodniče	-	-
zúplnit	-	-	-	-	-	-	zúplň	zúplňme	zúplňte	-	zúplněn	-	-	-
zúpornět	-	-	-	-	-	-	zúporněj	zúpornějme	zúpornějte	-	zúporněn	zúporněje	zúpornějíc	-
zúpět	-	-	-	-	-	-	zúpěj	zúpějme	zúpějte	-	zúpěn	zúpěje	zúpějíc	-
zúrodnit	-	-	-	-	-	-	zúrodni	zúrodněme	zúrodněte	-	zúrodněn	-	-	-
zúrodnět	-	-	-	-	-	-	zúrodněj	zúrodnějme	zúrodnějte	-	zúrodněn	zúrodněje	zúrodnějíc	-
zúročit	-	-	-	-	-	-	-	-	-	-	-	zúroče	-	-
zúskostnit	-	-	-	-	-	-	zúskostni	zúskostněme	zúskostněte	-	zúskostněn	-	-	-
zúspornit	-	-	-	-	-	-	zúsporni	zúsporněme	zúsporněte	-	zúsporněn	-	-	-
zústavnit	-	-	-	-	-	-	zústavni	zústavněme	zústavněte	-	-	-	-	-
zútlet	-	-	-	-	-	zútlejí	zútlej	zútlejme	zútlejte	-	-	zútleje	zútlejíc	-
zútlit	-	-	-	-	-	-	zútli	zútleme	zútlete	-	-	-	-	-
zútulnit	-	-	-	-	-	-	zútulni	zútulněme	zútulněte	-	zútulněn	-	-	-
zútulnět	-	-	-	-	-	-	zútulněj	zútulnějme	zútulnějte	-	zútulněn	zútulněje	zútulnějíc	-
zúzkostlivět	-	-	-	-	-	-	zúzkostlivěj	zúzkostlivějme	zúzkostlivějte	-	zúzkostlivěn	zúzkostlivěje	zúzkostlivějíc	-
zúzkostnit	-	-	-	-	-	-	zúzkostni	zúzkostněme	zúzkostněte	-	zúzkostněn	-	-	-
zúzkostnět	-	-	-	-	-	-	zúzkostněj	zúzkostnějme	zúzkostnějte	-	zúzkostněn	zúzkostněje	zúzkostnějíc	-
zúčastnit	-	-	-	-	-	-	zúčastni	zúčastněme	zúčastněte	-	zúčastněn	-	-
zúčelnit	-	-	-	-	-	-	zúčelni	zúčelněme	zúčelněte	-	zúčelněn	-	-	-
zúředničit	-	-	-	-	-	-	-	-	-	-	-	zúředniče	-	-
zúředničtit	-	-	-	-	-	-	zúředničti	zúředničtěme	zúředničtěte	-	zúředničtěn	-	-	-
zúřednět	-	-	-	-	-	-	zúředněj	zúřednějme	zúřednějte	-	zúředněn	zúředněje	zúřednějíc	-
zúžit	-	-	-	-	-	-	zuž	zužme	zužte	-	-	-	-
zčasovět	-	-	-	-	-	-	zčasověj	zčasovějme	zčasovějte	-	zčasověn	zčasověje	zčasovějíc	-
zčepejřit	-	-	-	-	-	-	zčepejři	zčepejřeme	zčepejřete	-	-	-	-	-
zčepýřit	-	-	-	-	-	-	zčepýři	zčepýřeme	zčepýřete	-	-	-	-	-
zčernit	-	-	-	-	-	-	zčerň	zčerňme	zčerňte	-	zčerněn	-	-	-
zčernět	-	-	-	-	-	-	zčerněj	zčernějme	zčernějte	-	zčerněn	zčerněje	zčernějíc	-
zčerstvět	-	-	-	-	-	-	zčerstvěj	zčerstvějme	zčerstvějte	-	zčerstvěn	zčerstvěje	zčerstvějíc	-
zčervavět	-	-	-	-	-	-	zčervavěj	zčervavějme	zčervavějte	-	zčervavěn	zčervavěje	zčervavějíc	-
zčervenit	-	-	-	-	-	-	zčerveň	zčerveňme	zčerveňte	-	zčerveněn	-	-	-
zčervenět	-	-	-	-	-	-	zčerveněj	zčervenějme	zčervenějte	-	zčerveněn	zčerveněje	zčervenějíc	-
zčervivět	-	-	-	-	-	-	zčervivěj	zčervivějme	zčervivějte	-	zčervivěn	zčervivěje	zčervivějíc	-
zčeřit	-	-	-	-	-	-	-	-	-	-	-	zčeře	-	-
zčeštit	-	-	-	-	-	-	zčešti	zčeštěme	zčeštěte	-	zčeštěn	-	-	-
zčinit	-	-	-	-	-	-	zčiň	zčiňme	zčiňte	-	zčiněn	-	-	-
zčipernět	-	-	-	-	-	-	zčiperněj	zčipernějme	zčipernějte	-	zčiperněn	zčiperněje	zčipernějíc	-
zčistit	-	-	-	-	-	-	zčisti	zčistěme	zčistěte	-	zčistěn	-	-	-
zčitelnit	-	-	-	-	-	-	zčitelni	zčitelněme	zčitelněte	-	zčitelněn	-	-	-
zčlověčtit	-	-	-	-	-	-	zčlověčti	zčlověčtěme	zčlověčtěte	-	zčlověčtěn	-	-	-
zčtyrnásobit	-	-	-	-	-	-	-	-	-	-	-	zčtyrnásobe	-	-
zďábelštět	-	-	-	-	-	-	zďábelštěj	zďábelštějme	zďábelštějte	-	zďábelštěn	zďábelštěje	zďábelštějíc	-
zňátřit	-	-	-	-	-	-	zňátři	zňátřeme	zňátřete	-	-	-	-	-
zřasit	-	-	-	-	-	-	-	-	-	-	-	zřase	-	-
zřasnatět	-	-	-	-	-	-	zřasnatěj	zřasnatějme	zřasnatějte	-	zřasnatěn	zřasnatěje	zřasnatějíc	-
zředit	-	-	-	-	-	-	zřeď	zřeďme	zřeďte	-	zředěn	-	-
zřemeslnit	-	-	-	-	-	-	zřemeslň	zřemeslňme	zřemeslňte	-	zřemeslněn	-	-	-
zřepovatět	-	-	-	-	-	-	zřepovatěj	zřepovatějme	zřepovatějte	-	zřepovatěn	zřepovatěje	zřepovatějíc	-
zřečnit	-	-	-	-	-	-	zřečni	zřečněme	zřečněte	-	zřečněn	-	-	-
zřečtit	-	-	-	-	-	-	zřečti	zřečtěme	zřečtěte	-	-	-	-	-
zřeřavět	-	-	-	-	-	-	zřeřavěj	zřeřavějme	zřeřavějte	-	zřeřavěn	zřeřavěje	zřeřavějíc	-
zřežavět	-	-	-	-	-	-	zřežavěj	zřežavějme	zřežavějte	-	zřežavěn	zřežavěje	zřežavějíc	-
zřásnit	-	-	-	-	-	-	zřásni	zřásněme	zřásněte	-	zřásněn	-	-	-
zříci	zřeknu	zřekneš	zřekne	zřekneme	zřeknete	zřeknou	zřekni	zřekněme	zřekněte	zřekl	-	-	-	zřekla
zřídit	-	-	-	-	-	-	zřiď	zřiďme	zřiďte	-	zřízen	-	-	-
zřímanit	-	-	-	-	-	-	zřímaň	zřímaňme	zřímaňte	-	zřímaněn	-	-	-
zřít	zřím	zříš	zří	zříme	zříte	zří	zři	zřeme	zřete	zřel	zřen	-	-
zřítit	-	-	-	-	-	-	zřiť	zřiťme	zřiťte	-	zřícen	-	-
zšedivět	-	-	-	-	-	-	zšedivěj	zšedivějme	zšedivějte	-	zšedivěn	zšedivěje	zšedivějíc	-
zšeredit	-	-	-	-	-	-	zšereď	zšereďme	zšereďte	-	zšereděn	-	-	-
zšerednět	-	-	-	-	-	-	zšeredněj	zšerednějme	zšerednějte	-	zšeredněn	zšeredněje	zšerednějíc	-
zšeřit	-	-	-	-	-	-	-	-	-	-	-	zšeře	-	-
zšišatět	-	-	-	-	-	-	zšišatěj	zšišatějme	zšišatějte	-	zšišatěn	zšišatěje	zšišatějíc	-
zšlechtit	-	-	-	-	-	-	zšlechti	zšlechtěme	zšlechtěte	-	zšlechtěn	-	-	-
zšosatět	-	-	-	-	-	-	zšosatěj	zšosatějme	zšosatějte	-	zšosatěn	zšosatěje	zšosatějíc	-
zšosáčtět	-	-	-	-	-	-	zšosáčtěj	zšosáčtějme	zšosáčtějte	-	zšosáčtěn	zšosáčtěje	zšosáčtějíc	-
zšílet	-	-	-	-	-	zšílejí	zšil	zšilme	zšilte	zšílil	-	-	-	zšílila
zůstat	zůstanu	zůstaneš	zůstane	zůstaneme	zůstanete	zůstanou	zůstaň	zůstaňme	zůstaňte	-	-	-	-
zželet	-	-	-	-	-	zželí	zžel	zželme	zželte	-	-	-	-	-
zženit	-	-	-	-	-	-	zžeň	zžeňme	zžeňte	-	zženěn	-	-	-
zženštit	-	-	-	-	-	-	zženšti	zženštěme	zženštěte	-	zženštěn	-	-	-
zženštět	-	-	-	-	-	zženští	zženšti	zženštěme	zženštěte	-	zženštěn	-	-	-
zžidovatět	-	-	-	-	-	-	zžidovatěj	zžidovatějme	zžidovatějte	-	zžidovatěn	zžidovatěje	zžidovatějíc	-
zživelnit	-	-	-	-	-	-	zživelni	zživelněme	zživelněte	-	zživelněn	-	-	-
zživotnit	-	-	-	-	-	-	zživotni	zživotněme	zživotněte	-	zživotněn	-	-	-
zživět	-	-	-	-	-	-	zživěj	zživějme	zživějte	-	zživěn	zživěje	zživějíc	-
zžulovatět	-	-	-	-	-	-	zžulovatěj	zžulovatějme	zžulovatějte	-	zžulovatěn	zžulovatěje	zžulovatějíc	-
úchylkařit	-	-	-	-	-	-	-	-	-	-	-	úchylkaře	-	-
úderničit	-	-	-	-	-	-	-	-	-	-	-	úderniče	-	-
úhořit	-	-	-	-	-	-	-	-	-	-	-	úhoře	-	-
úplatkařit	-	-	-	-	-	-	-	-	-	-	-	úplatkaře	-	-
úpět	-	-	-	-	-	-	úpěj	úpějme	úpějte	-	úpěn	úpěje	úpějíc	-
úrodnit	-	-	-	-	-	-	úrodni	úrodněme	úrodněte	-	úrodněn	-	-	-
úročit	-	-	-	-	-	-	-	-	-	-	-	úroče	-	-
ústit	-	-	-	-	-	-	-	-	-	-	ústěn	-	-	-
ústupkařit	-	-	-	-	-	-	-	-	-	-	-	ústupkaře	-	-
útočit	-	-	-	-	-	-	-	-	-	-	-	útoče	-
úvodníkařit	-	-	-	-	-	-	-	-	-	-	-	úvodníkaře	-	-
úzkostlivět	-	-	-	-	-	-	úzkostlivěj	úzkostlivějme	úzkostlivějte	-	úzkostlivěn	úzkostlivěje	úzkostlivějíc	-
účastnit	-	-	-	-	-	-	účastni	účastněme	účastněte	-	účastněn	-	-
úředničit	-	-	-	-	-	-	-	-	-	-	-	úředniče	-	-
úžit	-	-	-	-	-	-	-	-	-	-	-	úže	-
čachrařit	-	-	-	-	-	-	-	-	-	-	-	čachraře	-	-
čadit	-	-	-	-	-	-	čaď	čaďme	čaďte	-	čazen	-	-
čalounit	-	-	-	-	-	-	čalouni	čalouněme	čalouněte	-	čalouněn	-	-	-
čapět	-	-	-	-	-	-	čapěj	čapějme	čapějte	-	čapěn	čapěje	čapějíc	-
časit	-	-	-	-	-	-	-	-	-	-	-	čase	-	-
častit	-	-	-	-	-	-	časti	častěme	častěte	-	častěn	-	-	-
čelit	-	-	-	-	-	-	-	-	-	-	-	čele	-
čemejřit	-	-	-	-	-	-	čemejři	čemejřeme	čemejřete	-	-	-	-	-
čemelit	-	-	-	-	-	-	-	-	-	-	-	čemele	-	-
čepejřit	-	-	-	-	-	-	čepejři	čepejřeme	čepejřete	-	-	čepejře	-	-
čepýřit	-	-	-	-	-	-	čepýři	čepýřeme	čepýřete	-	-	čepýře	-
černit	-	-	-	-	-	-	černi	černěme	černěte	-	černěn	-	-
čertit	-	-	-	-	-	-	čerti	čertěme	čertěte	-	čertěn	-	-	-
červavět	-	-	-	-	-	-	červavěj	červavějme	červavějte	-	červavěn	červavěje	červavějíc	-
červenit	-	-	-	-	-	-	červeň	červeňme	červeňte	-	červeněn	-	-
červenět	-	-	-	-	-	-	červeněj	červenějme	červenějte	-	červeněn	červeněje	červenějíc	-
červivět	-	-	-	-	-	-	červivěj	červivějme	červivějte	-	červivěn	červivěje	červivějíc	-
čeřit	-	-	-	-	-	-	-	-	-	-	-	čeře	-
češtit	-	-	-	-	-	-	češti	češtěme	češtěte	-	češtěn	-	-	-
činit	-	-	-	-	-	-	čiň	čiňme	čiňte	-	činěn	-	-
čistit	-	-	-	-	-	-	čisti	čistěme	čistěte	-	čistěn	-	-
čiřinčet	-	-	-	-	-	čiřinčejí	čiřinčej	čiřinčejme	čiřinčejte	-	-	čiřinčeje	čiřinčejíc	-
čiřit	-	-	-	-	-	-	-	-	-	-	-	čiře	-	-
čišet	-	-	-	-	-	čiší	čiš	čišme	čište	-	-	čiše	-	-
členit	-	-	-	-	-	-	čleň	čleňme	čleňte	-	členěn	-	-
čmelit	-	-	-	-	-	-	-	-	-	-	-	čmele	-	-
čmoudit	-	-	-	-	-	-	čmoudi	čmouděme	čmouděte	-	čmouděn	-	-	-
čmudit	-	-	-	-	-	-	čmuď	čmuďme	čmuďte	-	čmuděn	-	-	-
čnít	čním	čníš	ční	čníme	čníte	ční	čni	čněme	čněte	čněl	-	čně	čníc
čoudit	-	-	-	-	-	-	čouď	čouďme	čouďte	-	čouzen	-	-	-
čpavkovatět	-	-	-	-	-	-	čpavkovatěj	čpavkovatějme	čpavkovatějte	-	čpavkovatěn	čpavkovatěje	čpavkovatějíc	-
čpět	-	-	-	-	-	-	čpi	čpěme	čpěte	-	čpěn	čpě	čpíc
čtveračit	-	-	-	-	-	-	-	-	-	-	-	čtverače	-	-
čtvrtit	-	-	-	-	-	-	čtvrť	čtvrťme	čtvrťte	-	čtvrcen	-	-
čtát	čtám	čtáš	čtá	čtáme	čtáte	čtají	-	-	-	-	čtán	-	-	-
čubrnět	-	-	-	-	-	čubrní	čubrň	čubrňme	čubrňte	-	čubrněn	čubrně	čubrníc	-
čudit	-	-	-	-	-	-	čuď	čuďme	čuďte	-	čuzen	-	-	-
čumět	-	-	-	-	-	-	čum	čumme	čumte	-	čuměn	-	-	-
čučet	-	-	-	-	-	čučí	čuč	čučme	čučte	-	-	čuče	čučíc
čuřit	-	-	-	-	-	-	-	-	-	-	-	čuře	-	-
čílit	-	-	-	-	-	-	čil	čilme	čilte	-	-	číle	-	-
číst	čtu	čteš	čte	čteme	čtete	čtou	čti	čtěme	čtěte	četl	čten	čta	čtouc
čít	čiji	čiješ	čije	čijeme	čijete	čijou	čij	čijme	čijte	čil	čit	čije	čijíc
čířit	-	-	-	-	-	-	čiř	čiřme	čiřte	-	-	číře	-	-
ňahňat	-	-	-	-	-	-	ňahněj	ňahnějme	ňahnějte	-	-	-	-	-
ňuchňat	-	-	-	-	-	-	ňuchněj	ňuchnějme	ňuchnějte	-	-	-	-	-
ňuhňat	-	-	-	-	-	-	ňuhněj	ňuhnějme	ňuhnějte	-	-	-	-	-
ňuňat	-	-	-	-	-	-	ňuněj	ňunějme	ňunějte	-	-	-	-	-
řadit	-	-	-	-	-	-	řaď	řaďme	řaďte	-	řaděn	-	-
řasit	-	-	-	-	-	-	-	-	-	-	-	řase	-	-
řasnatět	-	-	-	-	-	-	řasnatěj	řasnatějme	řasnatějte	-	řasnatěn	řasnatěje	řasnatějíc	-
ředit	-	-	-	-	-	-	řeď	řeďme	řeďte	-	ředěn	-	-
řehnit	-	-	-	-	-	-	řehni	řehneme	řehnete	-	řehněn	-	-	-
řeholit	-	-	-	-	-	-	-	-	-	-	-	řehole	-	-
řehonit	-	-	-	-	-	-	řehoň	řehoňme	řehoňte	-	řehoněn	-	-	-
řemeslnit	-	-	-	-	-	-	řemeslň	řemeslňme	řemeslňte	-	řemeslněn	-	-	-
řemeslničit	-	-	-	-	-	-	-	-	-	-	-	řemeslniče	-	-
řemeslnět	-	-	-	-	-	-	řemeslněj	řemeslnějme	řemeslnějte	-	řemeslněn	řemeslněje	řemeslnějíc	-
řepařit	-	-	-	-	-	-	-	-	-	-	-	řepaře	-	-
řetězit	-	-	-	-	-	-	-	-	-	-	-	řetěze	-
řevnit	-	-	-	-	-	-	řevni	řevněme	řevněte	-	řevněn	-	-	-
řezbařit	-	-	-	-	-	-	-	-	-	-	-	řezbaře	-	-
řezničit	-	-	-	-	-	-	-	-	-	-	-	řezniče	-	-
řečit	-	-	-	-	-	-	-	-	-	-	-	řeče	-	-
řečnit	-	-	-	-	-	-	řečni	řečněme	řečněte	-	řečněn	-	-	-
řeřavět	-	-	-	-	-	-	řeřavěj	řeřavějme	řeřavějte	-	řeřavěn	řeřavěje	řeřavějíc	-
řešit	-	-	-	-	-	-	-	-	-	-	-	řeše	-
řežavět	-	-	-	-	-	-	řežavěj	řežavějme	řežavějte	-	řežavěn	řežavěje	řežavějíc	-
řinout	-	-	-	-	-	-	řiň	řiňme	řiňte	-	-	-	-
řinčet	-	-	-	-	-	řinčí	řinči	řinčeme	řinčete	-	-	řinče	řinčíc
řičet	-	-	-	-	-	řičí	řič	řičme	řičte	-	-	řiče	řičíc
řvát	řvu	řveš	řve	řveme	řvete	řvou	řvi	řvěme	řvěte	řval	řván	řva	řvouc	-
řádit	-	-	-	-	-	-	řádi	řáděme	řáděte	-	řáděn	-	-
řáholit	-	-	-	-	-	-	-	-	-	-	-	řáhole	-	-
řáhonit	-	-	-	-	-	-	řáhoň	řáhoňme	řáhoňte	-	řáhoněn	-	-	-
řásnit	-	-	-	-	-	-	řásni	řásněme	řásněte	-	řásněn	-	-	-
říci	řeknu	řekneš	řekne	řekneme	řeknete	řeknou	řekni	řekněme	řekněte	řekl	řečen	-	-
řídit	-	-	-	-	-	-	řiď	řiďme	řiďte	-	řízen	-	-
říjet	-	-	-	-	-	říjejí	říjej	říjejme	říjejte	-	-	říjeje	říjejíc	-
řítit	-	-	-	-	-	-	řiť	řiťme	řiťte	-	řícen	-	-	-
šantročit	-	-	-	-	-	-	-	-	-	-	-	šantroče	-	-
šarapatit	-	-	-	-	-	-	šarapať	šarapaťme	šarapaťte	-	šarapacen	-	-	-
šatit	-	-	-	-	-	-	šať	šaťme	šaťte	-	šacen	-	-	-
šedavět	-	-	-	-	-	-	šedavěj	šedavějme	šedavějte	-	šedavěn	šedavěje	šedavějíc	-
šedivět	-	-	-	-	-	-	šedivěj	šedivějme	šedivějte	-	šedivěn	šedivěje	šedivějíc	-
šelestit	-	-	-	-	-	-	šelesti	šelestěme	šelestěte	-	-	-	-	-
šeredit	-	-	-	-	-	-	šereď	šereďme	šereďte	-	šerezen	-	-	-
šerednět	-	-	-	-	-	-	šeredněj	šerednějme	šerednějte	-	šeredněn	šeredněje	šerednějíc	-
šetřit	-	-	-	-	-	-	šetři	šetřeme	šetřete	-	-	šetře	-	-
ševelit	-	-	-	-	-	-	-	-	-	-	-	ševele	-
šeřit	-	-	-	-	-	-	-	-	-	-	-	šeře	-
šidit	-	-	-	-	-	-	šiď	šiďme	šiďte	-	šizen	-	-
šinout	-	-	-	-	-	-	šiň	šiňme	šiňte	-	-	-	-	-
šišatět	-	-	-	-	-	-	šišatěj	šišatějme	šišatějte	-	šišatěn	šišatěje	šišatějíc	-
škaredit	-	-	-	-	-	-	škareď	škareďme	škareďte	-	škareděn	-	-	-
škaredět	-	-	-	-	-	-	škareděj	škaredějme	škaredějte	-	škareděn	škareděje	škaredějíc	-
šklíbit	-	-	-	-	-	-	šklib	šklibme	šklibte	-	-	-	-	-
škodit	-	-	-	-	-	-	škoď	škoďme	škoďte	-	škozen	-	-
školařit	-	-	-	-	-	-	-	-	-	-	-	školaře	-	-
školit	-	-	-	-	-	-	-	-	-	-	-	škole	-
školkařit	-	-	-	-	-	-	-	-	-	-	-	školkaře	-	-
školničit	-	-	-	-	-	-	-	-	-	-	-	školniče	-	-
škorpit	-	-	-	-	-	-	škorpi	škorpěme	škorpěte	-	-	-	-
škotit	-	-	-	-	-	-	škoť	škoťme	škoťte	-	škocen	-	-	-
škraloupovatět	-	-	-	-	-	-	škraloupovatěj	škraloupovatějme	škraloupovatějte	-	škraloupovatěn	škraloupovatěje	škraloupovatějíc	-
škrdlit	-	-	-	-	-	-	škrdli	škrdleme	škrdlete	-	-	škrdle	-	-
škrobovatět	-	-	-	-	-	-	škrobovatěj	škrobovatějme	škrobovatějte	-	škrobovatěn	škrobovatěje	škrobovatějíc	-
škrtit	-	-	-	-	-	-	škrť	škrťme	škrťte	-	škrcen	-	-
škudlit	-	-	-	-	-	-	škudli	škudleme	škudlete	-	-	škudle	-
škvařit	-	-	-	-	-	-	-	-	-	-	-	škvaře	-	-
škvrnit	-	-	-	-	-	-	škvrň	škvrňme	škvrňte	-	škvrněn	-	-	-
škvířit	-	-	-	-	-	-	-	-	-	-	-	škvíře	-	-
škádlit	-	-	-	-	-	-	škádli	škádleme	škádlete	-	-	škádle	-
šlechtit	-	-	-	-	-	-	šlechti	šlechtěme	šlechtěte	-	šlechtěn	-	-
šmejdit	-	-	-	-	-	-	šmejdi	šmejděme	šmejděte	-	šmejděn	-	-	-
šmelinařit	-	-	-	-	-	-	-	-	-	-	-	šmelinaře	-	-
šmelit	-	-	-	-	-	-	-	-	-	-	-	šmele	-	-
šmrdolit	-	-	-	-	-	-	-	-	-	-	-	šmrdole	-	-
šmírařit	-	-	-	-	-	-	-	-	-	-	-	šmíraře	-	-
šosatět	-	-	-	-	-	-	šosatěj	šosatějme	šosatějte	-	šosatěn	šosatěje	šosatějíc	-
špatnět	-	-	-	-	-	-	špatněj	špatnějme	špatnějte	-	špatněn	špatněje	špatnějíc	-
špejlit	-	-	-	-	-	-	špejli	špejleme	špejlete	-	-	špejle	-	-
špendlit	-	-	-	-	-	-	špendli	špendleme	špendlete	-	-	špendle	-	-
špidlovatět	-	-	-	-	-	-	špidlovatěj	špidlovatějme	špidlovatějte	-	špidlovatěn	špidlovatěje	špidlovatějíc	-
špinavět	-	-	-	-	-	-	špinavěj	špinavějme	špinavějte	-	špinavěn	špinavěje	špinavějíc	-
špinit	-	-	-	-	-	-	špiň	špiňme	špiňte	-	špiněn	-	-
špičatit	-	-	-	-	-	-	špičať	špičaťme	špičaťte	-	špičacen	-	-	-
špičatět	-	-	-	-	-	-	špičatěj	špičatějme	špičatějte	-	špičatěn	špičatěje	špičatějíc	-
špoulit	-	-	-	-	-	-	špouli	špouleme	špoulete	-	-	špoule	-	-
šprechtit	-	-	-	-	-	-	šprechti	šprechtěme	šprechtěte	-	šprechtěn	-	-
šprýmařit	-	-	-	-	-	-	-	-	-	-	-	šprýmaře	-	-
špulit	-	-	-	-	-	-	-	-	-	-	-	špule	-	-
šramotit	-	-	-	-	-	-	šramoť	šramoťme	šramoťte	-	šramocen	-	-	-
šrotit	-	-	-	-	-	-	šroť	šroťme	šroťte	-	šrocen	-	-	-
štkát	štkám	štkáš	štká	štkáme	štkáte	štkají	štkej	štkejme	štkejte	štkal	-	štkaje	štkajíc
štvát	štvu	štveš	štve	štveme	štvete	štvou	štvi	štvěme	štvěte	štval	štván	štva	štvouc
štíhlet	-	-	-	-	-	štíhlejí	štíhlej	štíhlejme	štíhlejte	-	-	štíhleje	štíhlejíc	-
štítit	-	-	-	-	-	-	štiť	štiťme	štiťte	-	-	-	-	-
štířit	-	-	-	-	-	-	štiř	štiřme	štiřte	-	-	štíře	-	-
štěpařit	-	-	-	-	-	-	-	-	-	-	-	štěpaře	-	-
štětit	-	-	-	-	-	-	štěť	štěťme	štěťte	-	-	-	-	-
šubelit	-	-	-	-	-	-	-	-	-	-	-	šubele	-	-
šulit	-	-	-	-	-	-	-	-	-	-	-	šule	-	-
šumařit	-	-	-	-	-	-	-	-	-	-	-	šumaře	-	-
šumět	-	-	-	-	-	-	šum	šumme	šumte	-	šuměn	-	-	-
šupajdit	-	-	-	-	-	-	šupajdi	šupajděme	šupajděte	-	šupajděn	-	-	-
šupinatit	-	-	-	-	-	-	šupinať	šupinaťme	šupinaťte	-	šupinacen	-	-	-
šupinatět	-	-	-	-	-	-	šupinatěj	šupinatějme	šupinatějte	-	šupinatěn	šupinatěje	šupinatějíc	-
šupinkovatět	-	-	-	-	-	-	šupinkovatěj	šupinkovatějme	šupinkovatějte	-	šupinkovatěn	šupinkovatěje	šupinkovatějíc	-
šustit	-	-	-	-	-	-	šusti	šustěme	šustěte	-	šustěn	-	-	-
švadlenit	-	-	-	-	-	-	švadleň	švadleňme	švadleňte	-	švadleněn	-	-	-
švadlenčit	-	-	-	-	-	-	švadlenči	švadlenčěme	švadlenčěte	-	-	-	-	-
švadronit	-	-	-	-	-	-	švadroň	švadroňme	švadroňte	-	švadroněn	-	-	-
šveholit	-	-	-	-	-	-	-	-	-	-	-	švehole	-	-
švejkařit	-	-	-	-	-	-	-	-	-	-	-	švejkaře	-	-
švitořit	-	-	-	-	-	-	-	-	-	-	-	švitoře	-	-
švýcařit	-	-	-	-	-	-	-	-	-	-	-	švýcaře	-	-
šálit	-	-	-	-	-	-	šal	šalme	šalte	-	-	šále	-
šílet	-	-	-	-	-	šílejí	šílej	šílejme	šílejte	-	-	šíleje	šílejíc
šít	šiji	šiješ	šije	šijeme	šijete	šijou	šij	šijme	šijte	šil	šit	šije	šijíc
šířit	-	-	-	-	-	-	šiř	šiřme	šiřte	-	-	šíře	-
šňořit	-	-	-	-	-	-	-	-	-	-	-	šňoře	-	-
šťavnatět	-	-	-	-	-	-	šťavnatěj	šťavnatějme	šťavnatějte	-	šťavnatěn	šťavnatěje	šťavnatějíc	-
žabařit	-	-	-	-	-	-	-	-	-	-	-	žabaře	-	-
žadonit	-	-	-	-	-	-	žadoň	žadoňme	žadoňte	-	žadoněn	-	-	-
žalostit	-	-	-	-	-	-	žalosti	žalostěme	žalostěte	-	žalostěn	-	-	-
žalostnit	-	-	-	-	-	-	žalostni	žalostněme	žalostněte	-	žalostněn	-	-	-
žalářit	-	-	-	-	-	-	žaláři	žalářeme	žalářete	-	-	žaláře	-	-
žblabolit	-	-	-	-	-	-	-	-	-	-	-	žblabole	-	-
žblabonit	-	-	-	-	-	-	žblaboň	žblaboňme	žblaboňte	-	žblaboněn	-	-	-
žblabunit	-	-	-	-	-	-	žblabuň	žblabuňme	žblabuňte	-	žblabuněn	-	-	-
ždát	ždám	ždáš	ždá	ždáme	ždáte	ždají	ždej	ždejme	ždejte	-	ždán	ždaje	ždajíc	-
žebronit	-	-	-	-	-	-	žebroň	žebroňme	žebroňte	-	žebroněn	-	-	-
žedit	-	-	-	-	-	-	žeď	žeďme	žeďte	-	žeděn	-	-	-
žehlit	-	-	-	-	-	-	žehli	žehleme	žehlete	-	-	žehle	-
želet	-	-	-	-	-	želí	žel	želme	želte	-	-	žele	želíc
želírovatět	-	-	-	-	-	-	želírovatěj	želírovatějme	želírovatějte	-	želírovatěn	želírovatěje	želírovatějíc	-
ženit	-	-	-	-	-	-	žeň	žeňme	žeňte	-	ženěn	-	-
ženštět	-	-	-	-	-	-	ženštěj	ženštějme	ženštějte	-	ženštěn	ženštěje	ženštějíc	-
žeravět	-	-	-	-	-	-	žeravěj	žeravějme	žeravějte	-	žeravěn	žeravěje	žeravějíc	-
žhavět	-	-	-	-	-	-	žhavěj	žhavějme	žhavějte	-	žhavěn	žhavěje	žhavějíc	-
žhnout	-	-	-	-	-	-	-	-	-	žhnul	-	-	-
žhát	žhám	žháš	žhá	žháme	žháte	žhají	-	-	-	-	-	-	-	-
žihlit	-	-	-	-	-	-	žihli	žihleme	žihlete	-	-	-	-	-
žilnatět	-	-	-	-	-	-	žilnatěj	žilnatějme	žilnatějte	-	žilnatěn	žilnatěje	žilnatějíc	-
žinčet	-	-	-	-	-	žinčejí	žinčej	žinčejme	žinčejte	-	-	žinčeje	žinčejíc	-
živnostničit	-	-	-	-	-	-	-	-	-	-	-	živnostniče	-	-
živořit	-	-	-	-	-	-	-	-	-	-	-	živoře	-
žlutavět	-	-	-	-	-	-	žlutavěj	žlutavějme	žlutavějte	-	žlutavěn	žlutavěje	žlutavějíc	-
žlutit	-	-	-	-	-	-	žluť	žluťme	žluťte	-	žlucen	-	-	-
žmolkovatět	-	-	-	-	-	-	žmolkovatěj	žmolkovatějme	žmolkovatějte	-	žmolkovatěn	žmolkovatěje	žmolkovatějíc	-
žnout	-	-	-	-	-	-	-	-	-	žal	-	-	-
žrát	žeru	žereš	žere	žereme	žerete	žerou	žer	žerme	žerte	žral	žrán	žera	žerouc
žudlařit	-	-	-	-	-	-	-	-	-	-	-	žudlaře	-	-
žulit	-	-	-	-	-	-	-	-	-	-	-	žule	-	-
žulovatět	-	-	-	-	-	-	žulovatěj	žulovatějme	žulovatějte	-	žulovatěn	žulovatěje	žulovatějíc	-
žvanit	-	-	-	-	-	-	žvaň	žvaňme	žvaňte	-	žvaněn	-	-
žárlit	-	-	-	-	-	-	žárli	žárleme	žárlete	-	-	žárle	-
žít	žiji	žiješ	žije	žijeme	žijete	žijou	žij	žijme	žijte	žil	žit	žije	žijíc
žíznit	-	-	-	-	-	-	žízni	žízněme	žízněte	-	žízněn	-	-	-
