# lemma(1sg.pres.act.ind)	V;IND;ACT;PRS;1;SG	V;IND;ACT;PRS;2;SG	V;IND;ACT;PRS;3;SG	V;IND;ACT;PRS;1;PL	V;IND;ACT;PRS;2;PL	V;IND;ACT;PRS;3;PL	V;IND;ACT;PST;IPFV;1;SG	V;IND;ACT;PST;IPFV;2;SG	V;IND;ACT;PST;IPFV;3;SG	V;IND;ACT;PST;IPFV;1;PL	V;IND;ACT;PST;IPFV;2;PL	V;IND;ACT;PST;IPFV;3;PL	V;IND;ACT;FUT;1;SG	V;IND;ACT;FUT;2;SG	V;IND;ACT;FUT;3;SG	V;IND;ACT;FUT;1;PL	V;IND;ACT;FUT;2;PL	V;IND;ACT;FUT;3;PL	V;IMP;ACT;PRS;2;SG	V;IMP;ACT;PRS;2;PL	V;NFIN;ACT;PRS  ("-" = productive default)
-dō	-	-dis	-dit	-dimus	-ditis	-dunt	-dēbam	-dēbās	-dēbat	-dēbāmus	-dēbātis	-dēbant	-dam	-dēs	-det	-dēmus	-dētis	-dent	-de	-dite	-dere
abagō	-	abagis	abagit	abagimus	abagitis	abagunt	abagēbam	abagēbās	abagēbat	abagēbāmus	abagēbātis	abagēbant	abagam	abagēs	abaget	abagēmus	abagētis	abagent	abage	abagite	abagere
abbattō	-	abbattis	abbattit	abbattimus	abbattitis	abbattunt	abbattēbam	abbattēbās	abbattēbat	abbattēbāmus	abbattēbātis	abbattēbant	abbattam	abbattēs	abbattet	abbattēmus	abbattētis	abbattent	abbatte	abbattite	abbattere
abblandior	-	abblandīre	-	-	-	-	-	abblandiēbāre	-	-	-	-	-	abblandiēre	-	-	-	-	-	-	-
abbreviō	-	abbreviās	abbreviat	abbreviāmus	abbreviātis	abbreviant	abbreviābam	abbreviābās	abbreviābat	abbreviābāmus	abbreviābātis	abbreviābant	abbreviābō	abbreviābis	abbreviābit	abbreviābimus	abbreviābitis	abbreviābunt	abbreviā	abbreviāte	abbreviāre
abcīdō	-	abcīdis	abcīdit	abcīdimus	abcīditis	abcīdunt	abcīdēbam	abcīdēbās	abcīdēbat	abcīdēbāmus	abcīdēbātis	abcīdēbant	abcīdam	abcīdēs	abcīdet	abcīdēmus	abcīdētis	abcīdent	abcīde	abcīdite	abcīdere
abdīcō	-	abdīcis	abdīcit	abdīcimus	abdīcitis	abdīcunt	abdīcēbam	abdīcēbās	abdīcēbat	abdīcēbāmus	abdīcēbātis	abdīcēbant	abdīcam	abdīcēs	abdīcet	abdīcēmus	abdīcētis	abdīcent	abdīc	abdīcite	abdīcere
abdō	-	abdis	abdit	abdimus	abditis	abdunt	abdēbam	abdēbās	abdēbat	abdēbāmus	abdēbātis	abdēbant	abdam	abdēs	abdet	abdēmus	abdētis	abdent	abde	abdite	abdere
abdūcō	-	abdūcis	abdūcit	abdūcimus	abdūcitis	abdūcunt	abdūcēbam	abdūcēbās	abdūcēbat	abdūcēbāmus	abdūcēbātis	abdūcēbant	abdūcam	abdūcēs	abdūcet	abdūcēmus	abdūcētis	abdūcent	abdūc	abdūcite	abdūcere
abeō	-	abīs	abit	abīmus	abītis	abeunt	abībam	abībās	abībat	abībāmus	abībātis	abībant	abībō	abībis	abībit	abībimus	abībitis	abībunt	abī	abīte	abīre
abiciō	-	abicis	-	abicimus	abicitis	-	-	-	-	-	-	-	-	-	-	-	-	-	abice	abicite	abicere
abigō	-	abigis	abigit	abigimus	abigitis	abigunt	abigēbam	abigēbās	abigēbat	abigēbāmus	abigēbātis	abigēbant	abigam	abigēs	abiget	abigēmus	abigētis	abigent	abige	abigite	abigere
abiungō	-	abiungis	abiungit	abiungimus	abiungitis	abiungunt	abiungēbam	abiungēbās	abiungēbat	abiungēbāmus	abiungēbātis	abiungēbant	abiungam	abiungēs	abiunget	abiungēmus	abiungētis	abiungent	abiunge	abiungite	abiungere
abjiciō	-	abjicis	-	abjicimus	abjicitis	-	-	-	-	-	-	-	-	-	-	-	-	-	abjice	abjicite	abjicere
abjungō	-	abjungis	abjungit	abjungimus	abjungitis	abjungunt	abjungēbam	abjungēbās	abjungēbat	abjungēbāmus	abjungēbātis	abjungēbant	abjungam	abjungēs	abjunget	abjungēmus	abjungētis	abjungent	abjunge	abjungite	abjungere
ablaqueō	-	ablaqueās	ablaqueat	ablaqueāmus	ablaqueātis	ablaqueant	ablaqueābam	ablaqueābās	ablaqueābat	ablaqueābāmus	ablaqueābātis	ablaqueābant	ablaqueābō	ablaqueābis	ablaqueābit	ablaqueābimus	ablaqueābitis	ablaqueābunt	ablaqueā	ablaqueāte	ablaqueāre
abluō	-	abluis	abluit	abluimus	abluitis	abluunt	abluēbam	abluēbās	abluēbat	abluēbāmus	abluēbātis	abluēbant	abluam	abluēs	abluet	abluēmus	abluētis	abluent	ablue	abluite	abluere
ablūdō	-	ablūdis	ablūdit	ablūdimus	ablūditis	ablūdunt	ablūdēbam	ablūdēbās	ablūdēbat	ablūdēbāmus	ablūdēbātis	ablūdēbant	ablūdam	ablūdēs	ablūdet	ablūdēmus	ablūdētis	ablūdent	ablūde	ablūdite	ablūdere
abnuō	-	abnuis	abnuit	abnuimus	abnuitis	abnuunt	abnuēbam	abnuēbās	abnuēbat	abnuēbāmus	abnuēbātis	abnuēbant	abnuam	abnuēs	abnuet	abnuēmus	abnuētis	abnuent	abnue	abnuite	abnuere
abolēfaciō	-	abolēfacis	-	abolēfacimus	abolēfacitis	-	-	-	-	-	-	-	-	-	-	-	-	-	abolēface	abolēfacite	abolēfacere
aborior	-	aborīre	-	-	-	-	-	aboriēbāre	-	-	-	-	-	aboriēre	-	-	-	-	-	-	-
aborīscor	-	aborīscere	aborīscitur	aborīscimur	aborīsciminī	aborīscuntur	aborīscēbar	aborīscēbāre	aborīscēbātur	aborīscēbāmur	aborīscēbāminī	aborīscēbantur	aborīscar	aborīscēre	aborīscētur	aborīscēmur	aborīscēminī	aborīscentur	aborīscere	aborīsciminī	aborīscī
abrenūntiō	-	abrenūntiās	abrenūntiat	abrenūntiāmus	abrenūntiātis	abrenūntiant	abrenūntiābam	abrenūntiābās	abrenūntiābat	abrenūntiābāmus	abrenūntiābātis	abrenūntiābant	abrenūntiābō	abrenūntiābis	abrenūntiābit	abrenūntiābimus	abrenūntiābitis	abrenūntiābunt	abrenūntiā	abrenūntiāte	abrenūntiāre
abripiō	-	abripis	-	abripimus	abripitis	-	-	-	-	-	-	-	-	-	-	-	-	-	abripe	abripite	abripere
abrumpō	-	abrumpis	abrumpit	abrumpimus	abrumpitis	abrumpunt	abrumpēbam	abrumpēbās	abrumpēbat	abrumpēbāmus	abrumpēbātis	abrumpēbant	abrumpam	abrumpēs	abrumpet	abrumpēmus	abrumpētis	abrumpent	abrumpe	abrumpite	abrumpere
abrādō	-	abrādis	abrādit	abrādimus	abrāditis	abrādunt	abrādēbam	abrādēbās	abrādēbat	abrādēbāmus	abrādēbātis	abrādēbant	abrādam	abrādēs	abrādet	abrādēmus	abrādētis	abrādent	abrāde	abrādite	abrādere
abrōdō	-	abrōdis	abrōdit	abrōdimus	abrōditis	abrōdunt	abrōdēbam	abrōdēbās	abrōdēbat	abrōdēbāmus	abrōdēbātis	abrōdēbant	abrōdam	abrōdēs	abrōdet	abrōdēmus	abrōdētis	abrōdent	abrōde	abrōdite	abrōdere
abscindō	-	abscindis	abscindit	abscindimus	abscinditis	abscindunt	abscindēbam	abscindēbās	abscindēbat	abscindēbāmus	abscindēbātis	abscindēbant	abscindam	abscindēs	abscindet	abscindēmus	abscindētis	abscindent	abscinde	abscindite	abscindere
abscondō	-	abscondis	abscondit	abscondimus	absconditis	abscondunt	abscondēbam	abscondēbās	abscondēbat	abscondēbāmus	abscondēbātis	abscondēbant	abscondam	abscondēs	abscondet	abscondēmus	abscondētis	abscondent	absconde	abscondite	abscondere
abscurrō	-	abscurris	abscurrit	abscurrimus	abscurritis	abscurrunt	abscurrēbam	abscurrēbās	abscurrēbat	abscurrēbāmus	abscurrēbātis	abscurrēbant	abscurram	abscurrēs	abscurret	abscurrēmus	abscurrētis	abscurrent	abscurre	abscurrite	abscurrere
abscēdō	-	abscēdis	abscēdit	abscēdimus	abscēditis	abscēdunt	abscēdēbam	abscēdēbās	abscēdēbat	abscēdēbāmus	abscēdēbātis	abscēdēbant	abscēdam	abscēdēs	abscēdet	abscēdēmus	abscēdētis	abscēdent	abscēde	abscēdite	abscēdere
abscīdō	-	abscīdis	abscīdit	abscīdimus	abscīditis	abscīdunt	abscīdēbam	abscīdēbās	abscīdēbat	abscīdēbāmus	abscīdēbātis	abscīdēbant	abscīdam	abscīdēs	abscīdet	abscīdēmus	abscīdētis	abscīdent	abscīde	abscīdite	abscīdere
absistō	-	absistis	absistit	absistimus	absistitis	absistunt	absistēbam	absistēbās	absistēbat	absistēbāmus	absistēbātis	absistēbant	absistam	absistēs	absistet	absistēmus	absistētis	absistent	absiste	absistite	absistere
absoluō	-	absoluis	absoluit	absoluimus	absoluitis	absoluunt	absoluēbam	absoluēbās	absoluēbat	absoluēbāmus	absoluēbātis	absoluēbant	absoluam	absoluēs	absoluet	absoluēmus	absoluētis	absoluent	absolue	absoluite	absoluere
absolvō	-	absolvis	absolvit	absolvimus	absolvitis	absolvunt	absolvēbam	absolvēbās	absolvēbat	absolvēbāmus	absolvēbātis	absolvēbant	absolvam	absolvēs	absolvet	absolvēmus	absolvētis	absolvent	absolve	absolvite	absolvere
abspellō	-	abspellis	abspellit	abspellimus	abspellitis	abspellunt	abspellēbam	abspellēbās	abspellēbat	abspellēbāmus	abspellēbātis	abspellēbant	abspellam	abspellēs	abspellet	abspellēmus	abspellētis	abspellent	abspelle	abspellite	abspellere
abstollō	-	abstollis	abstollit	abstollimus	abstollitis	abstollunt	abstollēbam	abstollēbās	abstollēbat	abstollēbāmus	abstollēbātis	abstollēbant	abstollam	abstollēs	abstollet	abstollēmus	abstollētis	abstollent	abstolle	abstollite	abstollere
abstrahō	-	abstrahis	abstrahit	abstrahimus	abstrahitis	abstrahunt	abstrahēbam	abstrahēbās	abstrahēbat	abstrahēbāmus	abstrahēbātis	abstrahēbant	abstraham	abstrahēs	abstrahet	abstrahēmus	abstrahētis	abstrahent	abstrahe	abstrahite	abstrahere
abstrūdō	-	abstrūdis	abstrūdit	abstrūdimus	abstrūditis	abstrūdunt	abstrūdēbam	abstrūdēbās	abstrūdēbat	abstrūdēbāmus	abstrūdēbātis	abstrūdēbant	abstrūdam	abstrūdēs	abstrūdet	abstrūdēmus	abstrūdētis	abstrūdent	abstrūde	abstrūdite	abstrūdere
abstulō	-	abstulis	abstulit	abstulimus	abstulitis	abstulunt	abstulēbam	abstulēbās	abstulēbat	abstulēbāmus	abstulēbātis	abstulēbant	abstulam	abstulēs	abstulet	abstulēmus	abstulētis	abstulent	abstule	abstulite	abstulere
absum	absum	abes	abest	absumus	abestis	absunt	aberam	aberās	aberat	aberāmus	aberātis	aberant	aberō	abere	aberit	aberimus	aberitis	aberunt	abes	abeste	abesse
absūmō	-	absūmis	absūmit	absūmimus	absūmitis	absūmunt	absūmēbam	absūmēbās	absūmēbat	absūmēbāmus	absūmēbātis	absūmēbant	absūmam	absūmēs	absūmet	absūmēmus	absūmētis	absūment	absūme	absūmite	absūmere
abōminor	-	abōmināre	-	-	-	-	-	abōminābāre	-	-	-	-	-	abōminābere	-	-	-	-	-	-	-
abūtor	-	abūtere	abūtitur	abūtimur	abūtiminī	abūtuntur	abūtēbar	abūtēbāre	abūtēbātur	abūtēbāmur	abūtēbāminī	abūtēbantur	abūtar	abūtēre	abūtētur	abūtēmur	abūtēminī	abūtentur	abūtere	abūtiminī	abūtī
accanō	-	accanis	accanit	accanimus	accanitis	accanunt	accanēbam	accanēbās	accanēbat	accanēbāmus	accanēbātis	accanēbant	accanam	accanēs	accanet	accanēmus	accanētis	accanent	accane	accanite	accanere
accendō	-	accendis	accendit	accendimus	accenditis	accendunt	accendēbam	accendēbās	accendēbat	accendēbāmus	accendēbātis	accendēbant	accendam	accendēs	accendet	accendēmus	accendētis	accendent	accende	accendite	accendere
accersō	-	accersis	accersit	accersimus	accersitis	accersunt	accersēbam	accersēbās	accersēbat	accersēbāmus	accersēbātis	accersēbant	accersam	accersēs	accerset	accersēmus	accersētis	accersent	accerse	accersite	accersere
accidō	-	accidis	accidit	accidimus	acciditis	accidunt	accidēbam	accidēbās	accidēbat	accidēbāmus	accidēbātis	accidēbant	accidam	accidēs	accidet	accidēmus	accidētis	accident	accide	accidite	accidere
accingō	-	accingis	accingit	accingimus	accingitis	accingunt	accingēbam	accingēbās	accingēbat	accingēbāmus	accingēbātis	accingēbant	accingam	accingēs	accinget	accingēmus	accingētis	accingent	accinge	accingite	accingere
accinō	-	accinis	accinit	accinimus	accinitis	accinunt	accinēbam	accinēbās	accinēbat	accinēbāmus	accinēbātis	accinēbant	accinam	accinēs	accinet	accinēmus	accinētis	accinent	accine	accinite	accinere
accipiō	-	accipis	-	accipimus	accipitis	-	-	-	-	-	-	-	-	-	-	-	-	-	accipe	accipite	accipere
accolō	-	accolis	accolit	accolimus	accolitis	accolunt	accolēbam	accolēbās	accolēbat	accolēbāmus	accolēbātis	accolēbant	accolam	accolēs	accolet	accolēmus	accolētis	accolent	accole	accolite	accolere
acconciliō	-	acconciliās	acconciliat	acconciliāmus	acconciliātis	acconciliant	acconciliābam	acconciliābās	acconciliābat	acconciliābāmus	acconciliābātis	acconciliābant	acconciliābō	acconciliābis	acconciliābit	acconciliābimus	acconciliābitis	acconciliābunt	acconciliā	acconciliāte	acconciliāre
accongerō	-	accongeris	accongerit	accongerimus	accongeritis	accongerunt	accongerēbam	accongerēbās	accongerēbat	accongerēbāmus	accongerēbātis	accongerēbant	accongeram	accongerēs	accongeret	accongerēmus	accongerētis	accongerent	accongere	accongerite	accongerere
accrochiō	-	accrochiās	accrochiat	accrochiāmus	accrochiātis	accrochiant	accrochiābam	accrochiābās	accrochiābat	accrochiābāmus	accrochiābātis	accrochiābant	accrochiābō	accrochiābis	accrochiābit	accrochiābimus	accrochiābitis	accrochiābunt	accrochiā	accrochiāte	accrochiāre
accrēdō	-	accrēdis	accrēdit	accrēdimus	accrēditis	accrēdunt	accrēdēbam	accrēdēbās	accrēdēbat	accrēdēbāmus	accrēdēbātis	accrēdēbant	accrēdam	accrēdēs	accrēdet	accrēdēmus	accrēdētis	accrēdent	accrēde	accrēdite	accrēdere
accumbō	-	accumbis	accumbit	accumbimus	accumbitis	accumbunt	accumbēbam	accumbēbās	accumbēbat	accumbēbāmus	accumbēbātis	accumbēbant	accumbam	accumbēs	accumbet	accumbēmus	accumbētis	accumbent	accumbe	accumbite	accumbere
accurrō	-	accurris	accurrit	accurrimus	accurritis	accurrunt	accurrēbam	accurrēbās	accurrēbat	accurrēbāmus	accurrēbātis	accurrēbant	accurram	accurrēs	accurret	accurrēmus	accurrētis	accurrent	accurre	accurrite	accurrere
accēdō	-	accēdis	accēdit	accēdimus	accēditis	accēdunt	accēdēbam	accēdēbās	accēdēbat	accēdēbāmus	accēdēbātis	accēdēbant	accēdam	accēdēs	accēdet	accēdēmus	accēdētis	accēdent	accēde	accēdite	accēdere
accīdō	-	accīdis	accīdit	accīdimus	accīditis	accīdunt	accīdēbam	accīdēbās	accīdēbat	accīdēbāmus	accīdēbātis	accīdēbant	accīdam	accīdēs	accīdet	accīdēmus	accīdētis	accīdent	accīde	accīdite	accīdere
acquīrō	-	acquīris	acquīrit	acquīrimus	acquīritis	acquīrunt	acquīrēbam	acquīrēbās	acquīrēbat	acquīrēbāmus	acquīrēbātis	acquīrēbant	acquīram	acquīrēs	acquīret	acquīrēmus	acquīrētis	acquīrent	acquīre	acquīrite	acquīrere
acuō	-	acuis	acuit	acuimus	acuitis	acuunt	acuēbam	acuēbās	acuēbat	acuēbāmus	acuēbātis	acuēbant	acuam	acuēs	acuet	acuēmus	acuētis	acuent	acue	acuite	acuere
acēdior	-	acēdiāre	acēdiātur	acēdiāmur	acēdiāminī	acēdiantur	acēdiābar	acēdiābāre	acēdiābātur	acēdiābāmur	acēdiābāminī	acēdiābantur	acēdiābor	acēdiābere	acēdiābitur	acēdiābimur	acēdiābiminī	acēdiābuntur	acēdiāre	acēdiāminī	acēdiārī
adampliō	-	adampliās	adampliat	adampliāmus	adampliātis	adampliant	adampliābam	adampliābās	adampliābat	adampliābāmus	adampliābātis	adampliābant	adampliābō	adampliābis	adampliābit	adampliābimus	adampliābitis	adampliābunt	adampliā	adampliāte	adampliāre
adbibō	-	adbibis	adbibit	adbibimus	adbibitis	adbibunt	adbibēbam	adbibēbās	adbibēbat	adbibēbāmus	adbibēbātis	adbibēbant	adbibam	adbibēs	adbibet	adbibēmus	adbibētis	adbibent	adbibe	adbibite	adbibere
adblandior	-	adblandīre	-	-	-	-	-	adblandiēbāre	-	-	-	-	-	adblandiēre	-	-	-	-	-	-	-
adbreviō	-	adbreviās	adbreviat	adbreviāmus	adbreviātis	adbreviant	adbreviābam	adbreviābās	adbreviābat	adbreviābāmus	adbreviābātis	adbreviābant	adbreviābō	adbreviābis	adbreviābit	adbreviābimus	adbreviābitis	adbreviābunt	adbreviā	adbreviāte	adbreviāre
adbītō	-	adbītis	adbītit	adbītimus	adbītitis	adbītunt	adbītēbam	adbītēbās	adbītēbat	adbītēbāmus	adbītēbātis	adbītēbant	adbītam	adbītēs	adbītet	adbītēmus	adbītētis	adbītent	adbīte	adbītite	adbītere
adcongerō	-	adcongeris	adcongerit	adcongerimus	adcongeritis	adcongerunt	adcongerēbam	adcongerēbās	adcongerēbat	adcongerēbāmus	adcongerēbātis	adcongerēbant	adcongeram	adcongerēs	adcongeret	adcongerēmus	adcongerētis	adcongerent	adcongere	adcongerite	adcongerere
adcumbō	-	adcumbis	adcumbit	adcumbimus	adcumbitis	adcumbunt	adcumbēbam	adcumbēbās	adcumbēbat	adcumbēbāmus	adcumbēbātis	adcumbēbant	adcumbam	adcumbēs	adcumbet	adcumbēmus	adcumbētis	adcumbent	adcumbe	adcumbite	adcumbere
adcurrō	-	adcurris	adcurrit	adcurrimus	adcurritis	adcurrunt	adcurrēbam	adcurrēbās	adcurrēbat	adcurrēbāmus	adcurrēbātis	adcurrēbant	adcurram	adcurrēs	adcurret	adcurrēmus	adcurrētis	adcurrent	adcurre	adcurrite	adcurrere
adcēdō	-	adcēdis	adcēdit	adcēdimus	adcēditis	adcēdunt	adcēdēbam	adcēdēbās	adcēdēbat	adcēdēbāmus	adcēdēbātis	adcēdēbant	adcēdam	adcēdēs	adcēdet	adcēdēmus	adcēdētis	adcēdent	adcēde	adcēdite	adcēdere
addeicō	-	addeicis	addeicit	addeicimus	addeicitis	addeicunt	addeicēbam	addeicēbās	addeicēbat	addeicēbāmus	addeicēbātis	addeicēbant	addeicam	addeicēs	addeicet	addeicēmus	addeicētis	addeicent	addeice	addeicite	addeicere
addīcō	-	addīcis	addīcit	addīcimus	addīcitis	addīcunt	addīcēbam	addīcēbās	addīcēbat	addīcēbāmus	addīcēbātis	addīcēbant	addīcam	addīcēs	addīcet	addīcēmus	addīcētis	addīcent	addīc	addīcite	addīcere
addō	-	addis	addit	addimus	additis	addunt	addēbam	addēbās	addēbat	addēbāmus	addēbātis	addēbant	addam	addēs	addet	addēmus	addētis	addent	adde	addite	addere
addūcō	-	addūcis	addūcit	addūcimus	addūcitis	addūcunt	addūcēbam	addūcēbās	addūcēbat	addūcēbāmus	addūcēbātis	addūcēbant	addūcam	addūcēs	addūcet	addūcēmus	addūcētis	addūcent	addūc	addūcite	addūcere
adedō	-	adedis	adedit	adedimus	adeditis	adedunt	adedēbam	adedēbās	adedēbat	adedēbāmus	adedēbātis	adedēbant	adedam	adedēs	adedet	adedēmus	adedētis	adedent	adede	adedite	adedere
adeō	-	adīs	adit	adīmus	adītis	adeunt	adībam	adībās	adībat	adībāmus	adībātis	adībant	adībō	adībis	adībit	adībimus	adībitis	adībunt	adī	adīte	adīre
adfector	-	adfectāre	-	-	-	-	-	adfectābāre	-	-	-	-	-	adfectābere	-	-	-	-	-	-	-
adferō	-	adfers	adfert	adferimus	adfertis	adferunt	adferēbam	adferēbās	adferēbat	adferēbāmus	adferēbātis	adferēbant	adferam	adferēs	adferet	adferēmus	adferētis	adferent	adfer	adferte	adferre
adficiō	-	adficis	-	adficimus	adficitis	-	-	-	-	-	-	-	-	-	-	-	-	-	adfice	adficite	adficere
adfingō	-	adfingis	adfingit	adfingimus	adfingitis	adfingunt	adfingēbam	adfingēbās	adfingēbat	adfingēbāmus	adfingēbātis	adfingēbant	adfingam	adfingēs	adfinget	adfingēmus	adfingētis	adfingent	adfinge	adfingite	adfingere
adflectō	-	adflectis	adflectit	adflectimus	adflectitis	adflectunt	adflectēbam	adflectēbās	adflectēbat	adflectēbāmus	adflectēbātis	adflectēbant	adflectam	adflectēs	adflectet	adflectēmus	adflectētis	adflectent	adflecte	adflectite	adflectere
adfluō	-	adfluis	adfluit	adfluimus	adfluitis	adfluunt	adfluēbam	adfluēbās	adfluēbat	adfluēbāmus	adfluēbātis	adfluēbant	adfluam	adfluēs	adfluet	adfluēmus	adfluētis	adfluent	adflue	adfluite	adfluere
adflīgō	-	adflīgis	adflīgit	adflīgimus	adflīgitis	adflīgunt	adflīgēbam	adflīgēbās	adflīgēbat	adflīgēbāmus	adflīgēbātis	adflīgēbant	adflīgam	adflīgēs	adflīget	adflīgēmus	adflīgētis	adflīgent	adflīge	adflīgite	adflīgere
adfodiō	-	adfodis	-	adfodimus	adfoditis	-	-	-	-	-	-	-	-	-	-	-	-	-	adfode	adfodite	adfodere
adfor	-	adfāre	-	-	-	-	-	adfābāre	-	-	-	-	-	adfābere	-	-	-	-	-	-	adfārier
adfremō	-	adfremis	adfremit	adfremimus	adfremitis	adfremunt	adfremēbam	adfremēbās	adfremēbat	adfremēbāmus	adfremēbātis	adfremēbant	adfremam	adfremēs	adfremet	adfremēmus	adfremētis	adfrement	adfreme	adfremite	adfremere
adfriō	-	adfriās	adfriat	adfriāmus	adfriātis	adfriant	adfriābam	adfriābās	adfriābat	adfriābāmus	adfriābātis	adfriābant	adfriābō	adfriābis	adfriābit	adfriābimus	adfriābitis	adfriābunt	adfriā	adfriāte	adfriāre
adfundō	-	adfundis	adfundit	adfundimus	adfunditis	adfundunt	adfundēbam	adfundēbās	adfundēbat	adfundēbāmus	adfundēbātis	adfundēbant	adfundam	adfundēs	adfundet	adfundēmus	adfundētis	adfundent	adfunde	adfundite	adfundere
adfīgō	-	adfīgis	adfīgit	adfīgimus	adfīgitis	adfīgunt	adfīgēbam	adfīgēbās	adfīgēbat	adfīgēbāmus	adfīgēbātis	adfīgēbant	adfīgam	adfīgēs	adfīget	adfīgēmus	adfīgētis	adfīgent	adfīge	adfīgite	adfīgere
adgemō	-	adgemis	adgemit	adgemimus	adgemitis	adgemunt	adgemēbam	adgemēbās	adgemēbat	adgemēbāmus	adgemēbātis	adgemēbant	adgemam	adgemēs	adgemet	adgemēmus	adgemētis	adgement	adgeme	adgemite	adgemere
adgeniculor	-	adgeniculāre	-	-	-	-	-	adgeniculābāre	-	-	-	-	-	adgeniculābere	-	-	-	-	-	-	-
adgerō	-	adgeris	-	adgerimus	adgeritis	-	-	-	-	-	-	-	adgeram	-	adgeret	-	-	adgerent	adgere	adgerite	adgerere
adgredior	-	adgredere	adgreditur	adgredimur	adgrediminī	-	-	adgrediēbāre	-	-	-	-	-	adgrediēre	-	-	-	-	adgredere	adgrediminī	adgredī
adgrātulor	-	adgrātulāre	-	-	-	-	-	adgrātulābāre	-	-	-	-	-	adgrātulābere	-	-	-	-	-	-	-
adhortor	-	adhortāre	-	-	-	-	-	adhortābāre	-	-	-	-	-	adhortābere	-	-	-	-	-	-	-
adiciō	-	adicis	-	adicimus	adicitis	-	-	-	-	-	-	-	-	-	-	-	-	-	adice	adicite	adicere
adigō	-	adigis	adigit	adigimus	adigitis	adigunt	adigēbam	adigēbās	adigēbat	adigēbāmus	adigēbātis	adigēbant	adigam	adigēs	adiget	adigēmus	adigētis	adigent	adige	adigite	adigere
adimō	-	adimis	adimit	adimimus	adimitis	adimunt	adimēbam	adimēbās	adimēbat	adimēbāmus	adimēbātis	adimēbant	adimam	adimēs	adimet	adimēmus	adimētis	adiment	adime	adimite	adimere
adipīscor	-	adipīscere	adipīscitur	adipīscimur	adipīsciminī	adipīscuntur	adipīscēbar	adipīscēbāre	adipīscēbātur	adipīscēbāmur	adipīscēbāminī	adipīscēbantur	adipīscar	adipīscēre	adipīscētur	adipīscēmur	adipīscēminī	adipīscentur	adipīscere	adipīsciminī	adipīscī
adiungō	-	adiungis	adiungit	adiungimus	adiungitis	adiungunt	adiungēbam	adiungēbās	adiungēbat	adiungēbāmus	adiungēbātis	adiungēbant	adiungam	adiungēs	adiunget	adiungēmus	adiungētis	adiungent	adiunge	adiungite	adiungere
adjiciō	-	adjicis	-	adjicimus	adjicitis	-	-	-	-	-	-	-	-	-	-	-	-	-	adjice	adjicite	adjicere
adjungō	-	adjungis	adjungit	adjungimus	adjungitis	adjungunt	adjungēbam	adjungēbās	adjungēbat	adjungēbāmus	adjungēbātis	adjungēbant	adjungam	adjungēs	adjunget	adjungēmus	adjungētis	adjungent	adjunge	adjungite	adjungere
adlegō	-	adlegis	adlegit	adlegimus	adlegitis	adlegunt	adlegēbam	adlegēbās	adlegēbat	adlegēbāmus	adlegēbātis	adlegēbant	adlegam	adlegēs	adleget	adlegēmus	adlegētis	adlegent	adlege	adlegite	adlegere
adleviō	-	adleviās	adleviat	adleviāmus	adleviātis	adleviant	adleviābam	adleviābās	adleviābat	adleviābāmus	adleviābātis	adleviābant	adleviābō	adleviābis	adleviābit	adleviābimus	adleviābitis	adleviābunt	adleviā	adleviāte	adleviāre
adlicefaciō	-	adlicefacis	-	adlicefacimus	adlicefacitis	-	-	-	-	-	-	-	-	-	-	-	-	-	adliceface	adlicefacite	adlicefacere
adliciō	-	adlicis	-	adlicimus	adlicitis	-	-	-	-	-	-	-	-	-	-	-	-	-	adlice	adlicite	adlicere
adlinō	-	adlinis	adlinit	adlinimus	adlinitis	adlinunt	adlinēbam	adlinēbās	adlinēbat	adlinēbāmus	adlinēbātis	adlinēbant	adlinam	adlinēs	adlinet	adlinēmus	adlinētis	adlinent	adline	adlinite	adlinere
adloquor	-	adloquere	adloquitur	adloquimur	adloquiminī	adloquuntur	adloquēbar	adloquēbāre	adloquēbātur	adloquēbāmur	adloquēbāminī	adloquēbantur	adloquar	adloquēre	adloquētur	adloquēmur	adloquēminī	adloquentur	adloquere	adloquiminī	adloquī
adluō	-	adluis	adluit	adluimus	adluitis	adluunt	adluēbam	adluēbās	adluēbat	adluēbāmus	adluēbātis	adluēbant	adluam	adluēs	adluet	adluēmus	adluētis	adluent	adlue	adluite	adluere
adlīdō	-	adlīdis	adlīdit	adlīdimus	adlīditis	adlīdunt	adlīdēbam	adlīdēbās	adlīdēbat	adlīdēbāmus	adlīdēbātis	adlīdēbant	adlīdam	adlīdēs	adlīdet	adlīdēmus	adlīdētis	adlīdent	adlīde	adlīdite	adlīdere
adlūctor	-	adlūctāre	-	-	-	-	-	adlūctābāre	-	-	-	-	-	adlūctābere	-	-	-	-	-	-	-
adlūdiō	-	adlūdiās	adlūdiat	adlūdiāmus	adlūdiātis	adlūdiant	adlūdiābam	adlūdiābās	adlūdiābat	adlūdiābāmus	adlūdiābātis	adlūdiābant	adlūdiābō	adlūdiābis	adlūdiābit	adlūdiābimus	adlūdiābitis	adlūdiābunt	adlūdiā	adlūdiāte	adlūdiāre
adlūdō	-	adlūdis	adlūdit	adlūdimus	adlūditis	adlūdunt	adlūdēbam	adlūdēbās	adlūdēbat	adlūdēbāmus	adlūdēbātis	adlūdēbant	adlūdam	adlūdēs	adlūdet	adlūdēmus	adlūdētis	adlūdent	adlūde	adlūdite	adlūdere
adlū̆ctor	-	adlū̆ctāre	-	-	-	-	-	adlū̆ctābāre	-	-	-	-	-	adlū̆ctābere	-	-	-	-	-	-	-
admeō	-	admeās	admeat	admeāmus	admeātis	admeant	admeābam	admeābās	admeābat	admeābāmus	admeābātis	admeābant	admeābō	admeābis	admeābit	admeābimus	admeābitis	admeābunt	admeā	admeāte	admeāre
admittō	-	admittis	admittit	admittimus	admittitis	admittunt	admittēbam	admittēbās	admittēbat	admittēbāmus	admittēbātis	admittēbant	admittam	admittēs	admittet	admittēmus	admittētis	admittent	admitte	admittite	admittere
admoderor	-	admoderāre	-	-	-	-	-	admoderābāre	-	-	-	-	-	admoderābere	-	-	-	-	-	-	-
admodulor	-	admodulāre	-	-	-	-	-	admodulābāre	-	-	-	-	-	admodulābere	-	-	-	-	-	-	-
admurmuror	-	admurmurāre	-	-	-	-	-	admurmurābāre	-	-	-	-	-	admurmurābere	-	-	-	-	-	-	-
admētior	-	admētīre	-	-	-	-	-	admētiēbāre	-	-	-	-	-	admētiēre	-	-	-	-	-	-	-
admīror	-	admīrāre	-	-	-	-	-	admīrābāre	-	-	-	-	-	admīrābere	-	-	-	-	-	-	-
admōlior	-	admōlīre	-	-	-	-	-	admōliēbāre	-	-	-	-	-	admōliēre	-	-	-	-	-	-	-
adnectō	-	adnectis	adnectit	adnectimus	adnectitis	adnectunt	adnectēbam	adnectēbās	adnectēbat	adnectēbāmus	adnectēbātis	adnectēbant	adnectam	adnectēs	adnectet	adnectēmus	adnectētis	adnectent	adnecte	adnectite	adnectere
adnuō	-	adnuis	adnuit	adnuimus	adnuitis	adnuunt	adnuēbam	adnuēbās	adnuēbat	adnuēbāmus	adnuēbātis	adnuēbant	adnuam	adnuēs	adnuet	adnuēmus	adnuētis	adnuent	adnue	adnuite	adnuere
adnītor	-	adnītere	adnītitur	adnītimur	adnītiminī	adnītuntur	adnītēbar	adnītēbāre	adnītēbātur	adnītēbāmur	adnītēbāminī	adnītēbantur	adnītar	adnītēre	adnītētur	adnītēmur	adnītēminī	adnītentur	adnītere	adnītiminī	adnītī
adnūntiō	-	adnūntiās	adnūntiat	adnūntiāmus	adnūntiātis	adnūntiant	adnūntiābam	adnūntiābās	adnūntiābat	adnūntiābāmus	adnūntiābātis	adnūntiābant	adnūntiābō	adnūntiābis	adnūntiābit	adnūntiābimus	adnūntiābitis	adnūntiābunt	adnūntiā	adnūntiāte	adnūntiāre
adopīnor	-	adopīnāre	-	-	-	-	-	adopīnābāre	-	-	-	-	-	adopīnābere	-	-	-	-	-	-	-
adorior	-	adorīre	-	-	-	-	-	adoriēbāre	-	-	-	-	-	adoriēre	-	-	-	-	-	-	-
adpellō	-	adpellis	-	adpellimus	adpellitis	-	-	-	-	-	-	-	adpellam	-	adpellet	-	-	adpellent	adpelle	adpellite	adpellere
adpendō	-	adpendis	adpendit	adpendimus	adpenditis	adpendunt	adpendēbam	adpendēbās	adpendēbat	adpendēbāmus	adpendēbātis	adpendēbant	adpendam	adpendēs	adpendet	adpendēmus	adpendētis	adpendent	adpende	adpendite	adpendere
adpetissō	-	adpetissis	adpetissit	adpetissimus	adpetissitis	adpetissunt	adpetissēbam	adpetissēbās	adpetissēbat	adpetissēbāmus	adpetissēbātis	adpetissēbant	adpetissam	adpetissēs	adpetisset	adpetissēmus	adpetissētis	adpetissent	adpetisse	adpetissite	adpetissere
adpetō	-	adpetis	adpetit	adpetimus	adpetitis	adpetunt	adpetēbam	adpetēbās	adpetēbat	adpetēbāmus	adpetēbātis	adpetēbant	adpetam	adpetēs	adpetet	adpetēmus	adpetētis	adpetent	adpete	adpetite	adpetere
adplaudō	-	adplaudis	adplaudit	adplaudimus	adplauditis	adplaudunt	adplaudēbam	adplaudēbās	adplaudēbat	adplaudēbāmus	adplaudēbātis	adplaudēbant	adplaudam	adplaudēs	adplaudet	adplaudēmus	adplaudētis	adplaudent	adplaude	adplaudite	adplaudere
adprecor	-	adprecāre	-	-	-	-	-	adprecābāre	-	-	-	-	-	adprecābere	-	-	-	-	-	-	-
adprehendō	-	adprehendis	adprehendit	adprehendimus	adprehenditis	adprehendunt	adprehendēbam	adprehendēbās	adprehendēbat	adprehendēbāmus	adprehendēbātis	adprehendēbant	adprehendam	adprehendēs	adprehendet	adprehendēmus	adprehendētis	adprehendent	adprehende	adprehendite	adprehendere
adpretiō	-	adpretiās	adpretiat	adpretiāmus	adpretiātis	adpretiant	adpretiābam	adpretiābās	adpretiābat	adpretiābāmus	adpretiābātis	adpretiābant	adpretiābō	adpretiābis	adpretiābit	adpretiābimus	adpretiābitis	adpretiābunt	adpretiā	adpretiāte	adpretiāre
adprimō	-	adprimis	adprimit	adprimimus	adprimitis	adprimunt	adprimēbam	adprimēbās	adprimēbat	adprimēbāmus	adprimēbātis	adprimēbant	adprimam	adprimēs	adprimet	adprimēmus	adprimētis	adpriment	adprime	adprimite	adprimere
adpōnō	-	adpōnis	adpōnit	adpōnimus	adpōnitis	adpōnunt	adpōnēbam	adpōnēbās	adpōnēbat	adpōnēbāmus	adpōnēbātis	adpōnēbant	adpōnam	adpōnēs	adpōnet	adpōnēmus	adpōnētis	adpōnent	adpōne	adpōnite	adpōnere
adquīrō	-	adquīris	adquīrit	adquīrimus	adquīritis	adquīrunt	adquīrēbam	adquīrēbās	adquīrēbat	adquīrēbāmus	adquīrēbātis	adquīrēbant	adquīram	adquīrēs	adquīret	adquīrēmus	adquīrētis	adquīrent	adquīre	adquīrite	adquīrere
adrigō	-	adrigis	adrigit	adrigimus	adrigitis	adrigunt	adrigēbam	adrigēbās	adrigēbat	adrigēbāmus	adrigēbātis	adrigēbant	adrigam	adrigēs	adriget	adrigēmus	adrigētis	adrigent	adrige	adrigite	adrigere
adripiō	-	adripis	-	adripimus	adripitis	-	-	-	-	-	-	-	-	-	-	-	-	-	adripe	adripite	adripere
adrādō	-	adrādis	adrādit	adrādimus	adrāditis	adrādunt	adrādēbam	adrādēbās	adrādēbat	adrādēbāmus	adrādēbātis	adrādēbant	adrādam	adrādēs	adrādet	adrādēmus	adrādētis	adrādent	adrāde	adrādite	adrādere
adrēpō	-	adrēpis	adrēpit	adrēpimus	adrēpitis	adrēpunt	adrēpēbam	adrēpēbās	adrēpēbat	adrēpēbāmus	adrēpēbātis	adrēpēbant	adrēpam	adrēpēs	adrēpet	adrēpēmus	adrēpētis	adrēpent	adrēpe	adrēpite	adrēpere
adscendō	-	adscendis	adscendit	adscendimus	adscenditis	adscendunt	adscendēbam	adscendēbās	adscendēbat	adscendēbāmus	adscendēbātis	adscendēbant	adscendam	adscendēs	adscendet	adscendēmus	adscendētis	adscendent	adscende	adscendite	adscendere
adscrībō	-	adscrībis	adscrībit	adscrībimus	adscrībitis	adscrībunt	adscrībēbam	adscrībēbās	adscrībēbat	adscrībēbāmus	adscrībēbātis	adscrībēbant	adscrībam	adscrībēs	adscrībet	adscrībēmus	adscrībētis	adscrībent	adscrībe	adscrībite	adscrībere
adsector	-	adsectāre	-	-	-	-	-	adsectābāre	-	-	-	-	-	adsectābere	-	-	-	-	-	-	-
adsellor	-	adsellāre	-	-	-	-	-	adsellābāre	-	-	-	-	-	adsellābere	-	-	-	-	-	-	-
adsentior	-	adsentīre	-	-	-	-	-	adsentiēbāre	-	-	-	-	-	adsentiēre	-	-	-	-	-	-	-
adsentor	-	adsentāre	-	-	-	-	-	adsentābāre	-	-	-	-	-	adsentābere	-	-	-	-	-	-	-
adsequor	-	adsequere	adsequitur	adsequimur	adsequiminī	adsequuntur	adsequēbar	adsequēbāre	adsequēbātur	adsequēbāmur	adsequēbāminī	adsequēbantur	adsequar	adsequēre	adsequētur	adsequēmur	adsequēminī	adsequentur	adsequere	adsequiminī	adsequī
adserō	-	adseris	adserit	adserimus	adseritis	adserunt	adserēbam	adserēbās	adserēbat	adserēbāmus	adserēbātis	adserēbant	adseram	adserēs	adseret	adserēmus	adserētis	adserent	adsere	adserite	adserere
adsistō	-	adsistis	adsistit	adsistimus	adsistitis	adsistunt	adsistēbam	adsistēbās	adsistēbat	adsistēbāmus	adsistēbātis	adsistēbant	adsistam	adsistēs	adsistet	adsistēmus	adsistētis	adsistent	adsiste	adsistite	adsistere
adsociō	-	adsociās	adsociat	adsociāmus	adsociātis	adsociant	adsociābam	adsociābās	adsociābat	adsociābāmus	adsociābātis	adsociābant	adsociābō	adsociābis	adsociābit	adsociābimus	adsociābitis	adsociābunt	adsociā	adsociāte	adsociāre
adspergō	-	adspergis	adspergit	adspergimus	adspergitis	adspergunt	adspergēbam	adspergēbās	adspergēbat	adspergēbāmus	adspergēbātis	adspergēbant	adspergam	adspergēs	adsperget	adspergēmus	adspergētis	adspergent	adsperge	adspergite	adspergere
adspiciō	-	adspicis	-	adspicimus	adspicitis	-	-	-	-	-	-	-	-	-	-	-	-	-	adspice	adspicite	adspicere
adsternō	-	adsternis	adsternit	adsternimus	adsternitis	adsternunt	adsternēbam	adsternēbās	adsternēbat	adsternēbāmus	adsternēbātis	adsternēbant	adsternam	adsternēs	adsternet	adsternēmus	adsternētis	adsternent	adsterne	adsternite	adsternere
adstipulor	-	adstipulāre	-	-	-	-	-	adstipulābāre	-	-	-	-	-	adstipulābere	-	-	-	-	-	-	-
adstrepō	-	adstrepis	adstrepit	adstrepimus	adstrepitis	adstrepunt	adstrepēbam	adstrepēbās	adstrepēbat	adstrepēbāmus	adstrepēbātis	adstrepēbant	adstrepam	adstrepēs	adstrepet	adstrepēmus	adstrepētis	adstrepent	adstrepe	adstrepite	adstrepere
adstringō	-	adstringis	adstringit	adstringimus	adstringitis	adstringunt	adstringēbam	adstringēbās	adstringēbat	adstringēbāmus	adstringēbātis	adstringēbant	adstringam	adstringēs	adstringet	adstringēmus	adstringētis	adstringent	adstringe	adstringite	adstringere
adsum	adsum	ades	adest	adsumus	adestis	adsunt	aderam	aderās	aderat	aderāmus	aderātis	aderant	aderō	adere	aderit	aderimus	aderitis	aderunt	ades	adeste	adesse
adsurgō	-	adsurgis	adsurgit	adsurgimus	adsurgitis	adsurgunt	adsurgēbam	adsurgēbās	adsurgēbat	adsurgēbāmus	adsurgēbātis	adsurgēbant	adsurgam	adsurgēs	adsurget	adsurgēmus	adsurgētis	adsurgent	adsurge	adsurgite	adsurgere
adsuēfaciō	-	adsuēfacis	-	adsuēfacimus	adsuēfacitis	-	-	-	-	-	-	-	-	-	-	-	-	-	adsuēface	adsuēfacite	adsuēfacere
adsuō	-	adsuis	adsuit	adsuimus	adsuitis	adsuunt	adsuēbam	adsuēbās	adsuēbat	adsuēbāmus	adsuēbātis	adsuēbant	adsuam	adsuēs	adsuet	adsuēmus	adsuētis	adsuent	adsue	adsuite	adsuere
adsīdō	-	adsīdis	adsīdit	adsīdimus	adsīditis	adsīdunt	adsīdēbam	adsīdēbās	adsīdēbat	adsīdēbāmus	adsīdēbātis	adsīdēbant	adsīdam	adsīdēs	adsīdet	adsīdēmus	adsīdētis	adsīdent	adsīde	adsīdite	adsīdere
adsūmō	-	adsūmis	adsūmit	adsūmimus	adsūmitis	adsūmunt	adsūmēbam	adsūmēbās	adsūmēbat	adsūmēbāmus	adsūmēbātis	adsūmēbant	adsūmam	adsūmēs	adsūmet	adsūmēmus	adsūmētis	adsūment	adsūme	adsūmite	adsūmere
adtendō	-	adtendis	adtendit	adtendimus	adtenditis	adtendunt	adtendēbam	adtendēbās	adtendēbat	adtendēbāmus	adtendēbātis	adtendēbant	adtendam	adtendēs	adtendet	adtendēmus	adtendētis	adtendent	adtende	adtendite	adtendere
adterō	-	adteris	adterit	adterimus	adteritis	adterunt	adterēbam	adterēbās	adterēbat	adterēbāmus	adterēbātis	adterēbant	adteram	adterēs	adteret	adterēmus	adterētis	adterent	adtere	adterite	adterere
adtestor	-	adtestāre	-	-	-	-	-	adtestābāre	-	-	-	-	-	adtestābere	-	-	-	-	-	-	-
adtingō	-	adtingis	adtingit	adtingimus	adtingitis	adtingunt	adtingēbam	adtingēbās	adtingēbat	adtingēbāmus	adtingēbātis	adtingēbant	adtingam	adtingēs	adtinget	adtingēmus	adtingētis	adtingent	adtinge	adtingite	adtingere
adtollō	-	adtollis	adtollit	adtollimus	adtollitis	adtollunt	adtollēbam	adtollēbās	adtollēbat	adtollēbāmus	adtollēbātis	adtollēbant	adtollam	adtollēs	adtollet	adtollēmus	adtollētis	adtollent	adtolle	adtollite	adtollere
adtrahō	-	adtrahis	adtrahit	adtrahimus	adtrahitis	adtrahunt	adtrahēbam	adtrahēbās	adtrahēbat	adtrahēbāmus	adtrahēbātis	adtrahēbant	adtraham	adtrahēs	adtrahet	adtrahēmus	adtrahētis	adtrahent	adtrahe	adtrahite	adtrahere
adtribuō	-	adtribuis	adtribuit	adtribuimus	adtribuitis	adtribuunt	adtribuēbam	adtribuēbās	adtribuēbat	adtribuēbāmus	adtribuēbātis	adtribuēbant	adtribuam	adtribuēs	adtribuet	adtribuēmus	adtribuētis	adtribuent	adtribue	adtribuite	adtribuere
adulēscentior	-	adulēscentiāre	adulēscentiātur	adulēscentiāmur	adulēscentiāminī	adulēscentiantur	adulēscentiābar	adulēscentiābāre	adulēscentiābātur	adulēscentiābāmur	adulēscentiābāminī	adulēscentiābantur	adulēscentiābor	adulēscentiābere	adulēscentiābitur	adulēscentiābimur	adulēscentiābiminī	adulēscentiābuntur	adulēscentiāre	adulēscentiāminī	adulēscentiārī
advehō	-	advehis	advehit	advehimus	advehitis	advehunt	advehēbam	advehēbās	advehēbat	advehēbāmus	advehēbātis	advehēbant	adveham	advehēs	advehet	advehēmus	advehētis	advehent	advehe	advehite	advehere
adveneror	-	advenerāre	-	-	-	-	-	advenerābāre	-	-	-	-	-	advenerābere	-	-	-	-	-	-	-
adversor	-	adversāre	-	-	-	-	-	adversābāre	-	-	-	-	-	adversābere	-	-	-	-	-	-	-
advertō	-	advertis	advertit	advertimus	advertitis	advertunt	advertēbam	advertēbās	advertēbat	advertēbāmus	advertēbātis	advertēbant	advertam	advertēs	advertet	advertēmus	advertētis	advertent	adverte	advertite	advertere
advolvō	-	advolvis	advolvit	advolvimus	advolvitis	advolvunt	advolvēbam	advolvēbās	advolvēbat	advolvēbāmus	advolvēbātis	advolvēbant	advolvam	advolvēs	advolvet	advolvēmus	advolvētis	advolvent	advolve	advolvite	advolvere
advortō	-	advortis	advortit	advortimus	advortitis	advortunt	advortēbam	advortēbās	advortēbat	advortēbāmus	advortēbātis	advortēbant	advortam	advortēs	advortet	advortēmus	advortētis	advortent	advorte	advortite	advortere
advīvō	-	advīvis	advīvit	advīvimus	advīvitis	advīvunt	advīvēbam	advīvēbās	advīvēbat	advīvēbāmus	advīvēbātis	advīvēbant	advīvam	advīvēs	advīvet	advīvēmus	advīvētis	advīvent	advīve	advīvite	advīvere
adzēlor	-	adzēlāre	-	-	-	-	-	adzēlābāre	-	-	-	-	-	adzēlābere	-	-	-	-	-	-	-
adēscō	-	adēscās	adēscat	adēscāmus	adēscātis	adēscant	adēscābam	adēscābās	adēscābat	adēscābāmus	adēscābātis	adēscābant	adēscābō	adēscābis	adēscābit	adēscābimus	adēscābitis	adēscābunt	adēscā	adēscāte	adēscāre
adōsculor	-	adōsculāre	-	-	-	-	-	adōsculābāre	-	-	-	-	-	adōsculābere	-	-	-	-	-	-	-
adūlor	-	adūlāre	-	-	-	-	-	adūlābāre	-	-	-	-	-	adūlābere	-	-	-	-	-	-	-
adūrō	-	adūris	adūrit	adūrimus	adūritis	adūrunt	adūrēbam	adūrēbās	adūrēbat	adūrēbāmus	adūrēbātis	adūrēbant	adūram	adūrēs	adūret	adūrēmus	adūrētis	adūrent	adūre	adūrite	adūrere
adūtor	-	adūtere	adūtitur	adūtimur	adūtiminī	adūtuntur	adūtēbar	adūtēbāre	adūtēbātur	adūtēbāmur	adūtēbāminī	adūtēbantur	adūtar	adūtēre	adūtētur	adūtēmur	adūtēminī	adūtentur	adūtere	adūtiminī	adūtī
aeditumor	-	aeditumāre	-	-	-	-	-	aeditumābāre	-	-	-	-	-	aeditumābere	-	-	-	-	-	-	-
aemulor	-	aemulāre	-	-	-	-	-	aemulābāre	-	-	-	-	-	aemulābere	-	-	-	-	-	-	-
aeruscō	-	aeruscās	aeruscat	aeruscāmus	aeruscātis	aeruscant	aeruscābam	aeruscābās	aeruscābat	aeruscābāmus	aeruscābātis	aeruscābant	aeruscābō	aeruscābis	aeruscābit	aeruscābimus	aeruscābitis	aeruscābunt	aeruscā	aeruscāte	aeruscāre
affector	-	affectāre	-	-	-	-	-	affectābāre	-	-	-	-	-	affectābere	-	-	-	-	-	-	-
afferō	-	affers	affert	afferimus	affertis	afferunt	afferēbam	afferēbās	afferēbat	afferēbāmus	afferēbātis	afferēbant	afferam	afferēs	afferet	afferēmus	afferētis	afferent	affer	afferte	afferre
afficiō	-	afficis	-	afficimus	afficitis	-	-	-	-	-	-	-	-	-	-	-	-	-	affice	afficite	afficere
affingō	-	affingis	affingit	affingimus	affingitis	affingunt	affingēbam	affingēbās	affingēbat	affingēbāmus	affingēbātis	affingēbant	affingam	affingēs	affinget	affingēmus	affingētis	affingent	affinge	affingite	affingere
afflectō	-	afflectis	afflectit	afflectimus	afflectitis	afflectunt	afflectēbam	afflectēbās	afflectēbat	afflectēbāmus	afflectēbātis	afflectēbant	afflectam	afflectēs	afflectet	afflectēmus	afflectētis	afflectent	afflecte	afflectite	afflectere
affluō	-	affluis	affluit	affluimus	affluitis	affluunt	affluēbam	affluēbās	affluēbat	affluēbāmus	affluēbātis	affluēbant	affluam	affluēs	affluet	affluēmus	affluētis	affluent	afflue	affluite	affluere
afflīgō	-	afflīgis	afflīgit	afflīgimus	afflīgitis	afflīgunt	afflīgēbam	afflīgēbās	afflīgēbat	afflīgēbāmus	afflīgēbātis	afflīgēbant	afflīgam	afflīgēs	afflīget	afflīgēmus	afflīgētis	afflīgent	afflīge	afflīgite	afflīgere
affodiō	-	affodis	-	affodimus	affoditis	-	-	-	-	-	-	-	-	-	-	-	-	-	affode	affodite	affodere
affor	-	affāre	-	-	-	-	-	affābāre	-	-	-	-	-	affābere	-	-	-	-	-	-	-
affremō	-	affremis	affremit	affremimus	affremitis	affremunt	affremēbam	affremēbās	affremēbat	affremēbāmus	affremēbātis	affremēbant	affremam	affremēs	affremet	affremēmus	affremētis	affrement	affreme	affremite	affremere
affriō	-	affriās	affriat	affriāmus	affriātis	affriant	affriābam	affriābās	affriābat	affriābāmus	affriābātis	affriābant	affriābō	affriābis	affriābit	affriābimus	affriābitis	affriābunt	affriā	affriāte	affriāre
affugiō	-	affugis	-	affugimus	affugitis	-	-	-	-	-	-	-	-	-	-	-	-	-	affuge	affugite	affugere
affundō	-	affundis	affundit	affundimus	affunditis	affundunt	affundēbam	affundēbās	affundēbat	affundēbāmus	affundēbātis	affundēbant	affundam	affundēs	affundet	affundēmus	affundētis	affundent	affunde	affundite	affundere
affīgō	-	affīgis	affīgit	affīgimus	affīgitis	affīgunt	affīgēbam	affīgēbās	affīgēbat	affīgēbāmus	affīgēbātis	affīgēbant	affīgam	affīgēs	affīget	affīgēmus	affīgētis	affīgent	affīge	affīgite	affīgere
aggeniculor	-	aggeniculāre	-	-	-	-	-	aggeniculābāre	-	-	-	-	-	aggeniculābere	-	-	-	-	-	-	-
aggerō	-	aggeris	-	aggerimus	aggeritis	-	-	-	-	-	-	-	aggeram	-	aggeret	-	-	aggerent	aggere	aggerite	aggerere
aggredior	-	aggredere	aggreditur	aggredimur	aggrediminī	-	-	aggrediēbāre	-	-	-	-	-	aggrediēre	-	-	-	-	aggredere	aggrediminī	aggredī
agnāscor	-	agnāscere	agnāscitur	agnāscimur	agnāsciminī	agnāscuntur	agnāscēbar	agnāscēbāre	agnāscēbātur	agnāscēbāmur	agnāscēbāminī	agnāscēbantur	agnāscar	agnāscēre	agnāscētur	agnāscēmur	agnāscēminī	agnāscentur	agnāscere	agnāsciminī	agnāscī
agricolor	-	agricolāre	-	-	-	-	-	agricolābāre	-	-	-	-	-	agricolābere	-	-	-	-	-	-	-
agō	-	agis	agit	agimus	agitis	agunt	agēbam	agēbās	agēbat	agēbāmus	agēbātis	agēbant	agam	agēs	aget	agēmus	agētis	agent	age	agite	agere
aiiō	-	aiis	-	-	aiitis	-	-	-	-	-	-	-	-	-	-	-	-	-	aii	-	aiiere
aiō	-	ais	-	-	aitis	-	-	-	-	-	-	-	-	-	-	-	-	-	ai	-	aiere
ajō	-	ais	ait	-	aitis	ajunt	ajēbam	ajēbās	ajēbat	ajēbāmus	ajēbātis	ajēbant	-	-	-	-	-	-	ai	-	ajere
allegō	-	allegis	allegit	allegimus	allegitis	allegunt	allegēbam	allegēbās	allegēbat	allegēbāmus	allegēbātis	allegēbant	allegam	allegēs	alleget	allegēmus	allegētis	allegent	allege	allegite	allegere
alleviō	-	alleviās	alleviat	alleviāmus	alleviātis	alleviant	alleviābam	alleviābās	alleviābat	alleviābāmus	alleviābātis	alleviābant	alleviābō	alleviābis	alleviābit	alleviābimus	alleviābitis	alleviābunt	alleviā	alleviāte	alleviāre
allicefaciō	-	allicefacis	-	allicefacimus	allicefacitis	-	-	-	-	-	-	-	-	-	-	-	-	-	alliceface	allicefacite	allicefacere
alliciō	-	allicis	-	allicimus	allicitis	-	-	-	-	-	-	-	-	-	-	-	-	-	allice	allicite	allicere
allinō	-	allinis	allinit	allinimus	allinitis	allinunt	allinēbam	allinēbās	allinēbat	allinēbāmus	allinēbātis	allinēbant	allinam	allinēs	allinet	allinēmus	allinētis	allinent	alline	allinite	allinere
alloquor	-	alloquere	alloquitur	alloquimur	alloquiminī	alloquuntur	alloquēbar	alloquēbāre	alloquēbātur	alloquēbāmur	alloquēbāminī	alloquēbantur	alloquar	alloquēre	alloquētur	alloquēmur	alloquēminī	alloquentur	alloquere	alloquiminī	alloquī
alluō	-	alluis	alluit	alluimus	alluitis	alluunt	alluēbam	alluēbās	alluēbat	alluēbāmus	alluēbātis	alluēbant	alluam	alluēs	alluet	alluēmus	alluētis	alluent	allue	alluite	alluere
allābor	-	allābere	allābitur	allābimur	allābiminī	allābuntur	allābēbar	allābēbāre	allābēbātur	allābēbāmur	allābēbāminī	allābēbantur	allābar	allābēre	allābētur	allābēmur	allābēminī	allābentur	allābere	allābiminī	allābī
allēlūiō	-	allēlūiās	allēlūiat	allēlūiāmus	allēlūiātis	allēlūiant	allēlūiābam	allēlūiābās	allēlūiābat	allēlūiābāmus	allēlūiābātis	allēlūiābant	allēlūiābō	allēlūiābis	allēlūiābit	allēlūiābimus	allēlūiābitis	allēlūiābunt	allēlūiā	allēlūiāte	allēlūiāre
allīdō	-	allīdis	allīdit	allīdimus	allīditis	allīdunt	allīdēbam	allīdēbās	allīdēbat	allīdēbāmus	allīdēbātis	allīdēbant	allīdam	allīdēs	allīdet	allīdēmus	allīdētis	allīdent	allīde	allīdite	allīdere
allūctor	-	allūctāre	-	-	-	-	-	allūctābāre	-	-	-	-	-	allūctābere	-	-	-	-	-	-	-
allūdiō	-	allūdiās	allūdiat	allūdiāmus	allūdiātis	allūdiant	allūdiābam	allūdiābās	allūdiābat	allūdiābāmus	allūdiābātis	allūdiābant	allūdiābō	allūdiābis	allūdiābit	allūdiābimus	allūdiābitis	allūdiābunt	allūdiā	allūdiāte	allūdiāre
allūdō	-	allūdis	allūdit	allūdimus	allūditis	allūdunt	allūdēbam	allūdēbās	allūdēbat	allūdēbāmus	allūdēbātis	allūdēbant	allūdam	allūdēs	allūdet	allūdēmus	allūdētis	allūdent	allūde	allūdite	allūdere
allū̆ctor	-	allū̆ctāre	-	-	-	-	-	allū̆ctābāre	-	-	-	-	-	allū̆ctābere	-	-	-	-	-	-	-
altercor	-	altercāre	-	-	-	-	-	altercābāre	-	-	-	-	-	altercābere	-	-	-	-	-	-	-
altiō	-	altiās	altiat	altiāmus	altiātis	altiant	altiābam	altiābās	altiābat	altiābāmus	altiābātis	altiābant	altiābō	altiābis	altiābit	altiābimus	altiābitis	altiābunt	altiā	altiāte	altiāre
alumnor	-	alumnāre	-	-	-	-	-	alumnābāre	-	-	-	-	-	alumnābere	-	-	-	-	-	-	-
alō	-	alis	alit	alimus	alitis	alunt	alēbam	alēbās	alēbat	alēbāmus	alēbātis	alēbant	alam	alēs	alet	alēmus	alētis	alent	ale	alite	alere
ambassiō	-	ambassiās	ambassiat	ambassiāmus	ambassiātis	ambassiant	ambassiābam	ambassiābās	ambassiābat	ambassiābāmus	ambassiābātis	ambassiābant	ambassiābō	ambassiābis	ambassiābit	ambassiābimus	ambassiābitis	ambassiābunt	ambassiā	ambassiāte	ambassiāre
ambedō	-	ambedis	ambedit	ambedimus	ambeditis	ambedunt	ambedēbam	ambedēbās	ambedēbat	ambedēbāmus	ambedēbātis	ambedēbant	ambedam	ambedēs	ambedet	ambedēmus	ambedētis	ambedent	ambede	ambedite	ambedere
ambeō	-	ambīs	ambit	ambīmus	ambītis	ambeunt	ambībam	ambībās	ambībat	ambībāmus	ambībātis	ambībant	ambībō	ambībis	ambībit	ambībimus	ambībitis	ambībunt	ambī	ambīte	ambīre
ambigō	-	ambigis	ambigit	ambigimus	ambigitis	ambigunt	ambigēbam	ambigēbās	ambigēbat	ambigēbāmus	ambigēbātis	ambigēbant	ambigam	ambigēs	ambiget	ambigēmus	ambigētis	ambigent	ambige	ambigite	ambigere
ambūrō	-	ambūris	ambūrit	ambūrimus	ambūritis	ambūrunt	ambūrēbam	ambūrēbās	ambūrēbat	ambūrēbāmus	ambūrēbātis	ambūrēbant	ambūram	ambūrēs	ambūret	ambūrēmus	ambūrētis	ambūrent	ambūre	ambūrite	ambūrere
amplector	-	amplectere	amplectitur	amplectimur	amplectiminī	amplectuntur	amplectēbar	amplectēbāre	amplectēbātur	amplectēbāmur	amplectēbāminī	amplectēbantur	amplectar	amplectēre	amplectētur	amplectēmur	amplectēminī	amplectentur	amplectere	amplectiminī	amplectī
amplexor	-	amplexāre	-	-	-	-	-	amplexābāre	-	-	-	-	-	amplexābere	-	-	-	-	-	-	amplexārier
ampliō	-	ampliās	ampliat	ampliāmus	ampliātis	ampliant	ampliābam	ampliābās	ampliābat	ampliābāmus	ampliābātis	ampliābant	ampliābō	ampliābis	ampliābit	ampliābimus	ampliābitis	ampliābunt	ampliā	ampliāte	ampliāre
ampullor	-	ampullāre	-	-	-	-	-	ampullābāre	-	-	-	-	-	ampullābere	-	-	-	-	-	-	-
ancillor	-	ancillāre	-	-	-	-	-	ancillābāre	-	-	-	-	-	ancillābere	-	-	-	-	-	-	-
angariō	-	angariās	angariat	angariāmus	angariātis	angariant	angariābam	angariābās	angariābat	angariābāmus	angariābātis	angariābant	angariābō	angariābis	angariābit	angariābimus	angariābitis	angariābunt	angariā	angariāte	angariāre
angoriō	-	angoriās	angoriat	angoriāmus	angoriātis	angoriant	angoriābam	angoriābās	angoriābat	angoriābāmus	angoriābātis	angoriābant	angoriābō	angoriābis	angoriābit	angoriābimus	angoriābitis	angoriābunt	angoriā	angoriāte	angoriāre
angustiō	-	angustiās	angustiat	angustiāmus	angustiātis	angustiant	angustiābam	angustiābās	angustiābat	angustiābāmus	angustiābātis	angustiābant	angustiābō	angustiābis	angustiābit	angustiābimus	angustiābitis	angustiābunt	angustiā	angustiāte	angustiāre
angō	-	angis	angit	angimus	angitis	angunt	angēbam	angēbās	angēbat	angēbāmus	angēbātis	angēbant	angam	angēs	anget	angēmus	angētis	angent	ange	angite	angere
animadvertō	-	animadvertis	animadvertit	animadvertimus	animadvertitis	animadvertunt	animadvertēbam	animadvertēbās	animadvertēbat	animadvertēbāmus	animadvertēbātis	animadvertēbant	animadvertam	animadvertēs	animadvertet	animadvertēmus	animadvertētis	animadvertent	animadverte	animadvertite	animadvertere
annectō	-	annectis	annectit	annectimus	annectitis	annectunt	annectēbam	annectēbās	annectēbat	annectēbāmus	annectēbātis	annectēbant	annectam	annectēs	annectet	annectēmus	annectētis	annectent	annecte	annectite	annectere
annuō	-	annuis	annuit	annuimus	annuitis	annuunt	annuēbam	annuēbās	annuēbat	annuēbāmus	annuēbātis	annuēbant	annuam	annuēs	annuet	annuēmus	annuētis	annuent	annue	annuite	annuere
annītor	-	annītere	annītitur	annītimur	annītiminī	annītuntur	annītēbar	annītēbāre	annītēbātur	annītēbāmur	annītēbāminī	annītēbantur	annītar	annītēre	annītētur	annītēmur	annītēminī	annītentur	annītere	annītiminī	annītier
annōnor	-	annōnāre	-	-	-	-	-	annōnābāre	-	-	-	-	-	annōnābere	-	-	-	-	-	-	-
annūntiō	-	annūntiās	annūntiat	annūntiāmus	annūntiātis	annūntiant	annūntiābam	annūntiābās	annūntiābat	annūntiābāmus	annūntiābātis	annūntiābant	annūntiābō	annūntiābis	annūntiābit	annūntiābimus	annūntiābitis	annūntiābunt	annūntiā	annūntiāte	annūntiāre
anquīrō	-	anquīris	anquīrit	anquīrimus	anquīritis	anquīrunt	anquīrēbam	anquīrēbās	anquīrēbat	anquīrēbāmus	anquīrēbātis	anquīrēbant	anquīram	anquīrēs	anquīret	anquīrēmus	anquīrētis	anquīrent	anquīre	anquīrite	anquīrere
antecapiō	-	antecapis	-	antecapimus	antecapitis	-	-	-	-	-	-	-	-	-	-	-	-	-	antecape	antecapite	antecapere
antecellō	-	antecellis	antecellit	antecellimus	antecellitis	antecellunt	antecellēbam	antecellēbās	antecellēbat	antecellēbāmus	antecellēbātis	antecellēbant	antecellam	antecellēs	antecellet	antecellēmus	antecellētis	antecellent	antecelle	antecellite	antecellere
antecurrō	-	antecurris	antecurrit	antecurrimus	antecurritis	antecurrunt	antecurrēbam	antecurrēbās	antecurrēbat	antecurrēbāmus	antecurrēbātis	antecurrēbant	antecurram	antecurrēs	antecurret	antecurrēmus	antecurrētis	antecurrent	antecurre	antecurrite	antecurrere
antecēdō	-	antecēdis	antecēdit	antecēdimus	antecēditis	antecēdunt	antecēdēbam	antecēdēbās	antecēdēbat	antecēdēbāmus	antecēdēbātis	antecēdēbant	antecēdam	antecēdēs	antecēdet	antecēdēmus	antecēdētis	antecēdent	antecēde	antecēdite	antecēdere
antedīcō	-	antedīcis	antedīcit	antedīcimus	antedīcitis	antedīcunt	antedīcēbam	antedīcēbās	antedīcēbat	antedīcēbāmus	antedīcēbātis	antedīcēbant	antedīcam	antedīcēs	antedīcet	antedīcēmus	antedīcētis	antedīcent	antedīc	antedīcite	antedīcere
anteeō	-	anteīs	anteit	anteīmus	anteītis	anteeunt	anteībam	anteībās	anteībat	anteībāmus	anteībātis	anteībant	anteībō	anteībis	anteībit	anteībimus	anteībitis	anteībunt	anteī	anteīte	anteīre
anteferō	-	antefers	antefert	anteferimus	antefertis	anteferunt	anteferēbam	anteferēbās	anteferēbat	anteferēbāmus	anteferēbātis	anteferēbant	anteferam	anteferēs	anteferet	anteferēmus	anteferētis	anteferent	antefer	anteferte	anteferre
antegredior	-	antegredere	antegreditur	antegredimur	antegrediminī	-	-	antegrediēbāre	-	-	-	-	-	antegrediēre	-	-	-	-	antegredere	antegrediminī	antegredī
antemittō	-	antemittis	antemittit	antemittimus	antemittitis	antemittunt	antemittēbam	antemittēbās	antemittēbat	antemittēbāmus	antemittēbātis	antemittēbant	antemittam	antemittēs	antemittet	antemittēmus	antemittētis	antemittent	antemitte	antemittite	antemittere
antepōnō	-	antepōnis	antepōnit	antepōnimus	antepōnitis	antepōnunt	antepōnēbam	antepōnēbās	antepōnēbat	antepōnēbāmus	antepōnēbātis	antepōnēbant	antepōnam	antepōnēs	antepōnet	antepōnēmus	antepōnētis	antepōnent	antepōne	antepōnite	antepōnere
antestor	-	antestāre	-	-	-	-	-	antestābāre	-	-	-	-	-	antestābere	-	-	-	-	-	-	-
antevertō	-	antevertis	antevertit	antevertimus	antevertitis	antevertunt	antevertēbam	antevertēbās	antevertēbat	antevertēbāmus	antevertēbātis	antevertēbant	antevertam	antevertēs	antevertet	antevertēmus	antevertētis	antevertent	anteverte	antevertite	antevertere
anteviō	-	anteviās	anteviat	anteviāmus	anteviātis	anteviant	anteviābam	anteviābās	anteviābat	anteviābāmus	anteviābātis	anteviābant	anteviābō	anteviābis	anteviābit	anteviābimus	anteviābitis	anteviābunt	anteviā	anteviāte	anteviāre
anxiō	-	anxiās	anxiat	anxiāmus	anxiātis	anxiant	anxiābam	anxiābās	anxiābat	anxiābāmus	anxiābātis	anxiābant	anxiābō	anxiābis	anxiābit	anxiābimus	anxiābitis	anxiābunt	anxiā	anxiāte	anxiāre
apiō	-	apis	-	apimus	apitis	-	-	-	-	-	-	-	-	-	-	-	-	-	ape	apite	apere
aporior	-	aporiāre	aporiātur	aporiāmur	aporiāminī	aporiantur	aporiābar	aporiābāre	aporiābātur	aporiābāmur	aporiābāminī	aporiābantur	aporiābor	aporiābere	aporiābitur	aporiābimur	aporiābiminī	aporiābuntur	aporiāre	aporiāminī	aporiārī
appangō	-	appangis	appangit	appangimus	appangitis	appangunt	appangēbam	appangēbās	appangēbat	appangēbāmus	appangēbātis	appangēbant	appangam	appangēs	appanget	appangēmus	appangētis	appangent	appange	appangite	appangere
appellō	-	appellis	-	appellimus	appellitis	-	-	-	-	-	-	-	appellam	-	appellet	-	-	appellent	appelle	appellite	appellere
appendō	-	appendis	appendit	appendimus	appenditis	appendunt	appendēbam	appendēbās	appendēbat	appendēbāmus	appendēbātis	appendēbant	appendam	appendēs	appendet	appendēmus	appendētis	appendent	appende	appendite	appendere
appetissō	-	appetissis	appetissit	appetissimus	appetissitis	appetissunt	appetissēbam	appetissēbās	appetissēbat	appetissēbāmus	appetissēbātis	appetissēbant	appetissam	appetissēs	appetisset	appetissēmus	appetissētis	appetissent	appetisse	appetissite	appetissere
appetō	-	appetis	appetit	appetimus	appetitis	appetunt	appetēbam	appetēbās	appetēbat	appetēbāmus	appetēbātis	appetēbant	appetam	appetēs	appetet	appetēmus	appetētis	appetent	appete	appetite	appetere
applaudō	-	applaudis	applaudit	applaudimus	applauditis	applaudunt	applaudēbam	applaudēbās	applaudēbat	applaudēbāmus	applaudēbātis	applaudēbant	applaudam	applaudēs	applaudet	applaudēmus	applaudētis	applaudent	applaude	applaudite	applaudere
apprecor	-	apprecāre	-	-	-	-	-	apprecābāre	-	-	-	-	-	apprecābere	-	-	-	-	-	-	-
apprehendō	-	apprehendis	apprehendit	apprehendimus	apprehenditis	apprehendunt	apprehendēbam	apprehendēbās	apprehendēbat	apprehendēbāmus	apprehendēbātis	apprehendēbant	apprehendam	apprehendēs	apprehendet	apprehendēmus	apprehendētis	apprehendent	apprehende	apprehendite	apprehendere
appretiō	-	appretiās	appretiat	appretiāmus	appretiātis	appretiant	appretiābam	appretiābās	appretiābat	appretiābāmus	appretiābātis	appretiābant	appretiābō	appretiābis	appretiābit	appretiābimus	appretiābitis	appretiābunt	appretiā	appretiāte	appretiāre
apprimō	-	apprimis	apprimit	apprimimus	apprimitis	apprimunt	apprimēbam	apprimēbās	apprimēbat	apprimēbāmus	apprimēbātis	apprimēbant	apprimam	apprimēs	apprimet	apprimēmus	apprimētis	appriment	apprime	apprimite	apprimere
appropiō	-	appropiās	appropiat	appropiāmus	appropiātis	appropiant	appropiābam	appropiābās	appropiābat	appropiābāmus	appropiābātis	appropiābant	appropiābō	appropiābis	appropiābit	appropiābimus	appropiābitis	appropiābunt	appropiā	appropiāte	appropiāre
appropriō	-	appropriās	appropriat	appropriāmus	appropriātis	appropriant	appropriābam	appropriābās	appropriābat	appropriābāmus	appropriābātis	appropriābant	appropriābō	appropriābis	appropriābit	appropriābimus	appropriābitis	appropriābunt	appropriā	appropriāte	appropriāre
apprēndō	-	apprēndis	apprēndit	apprēndimus	apprēnditis	apprēndunt	apprēndēbam	apprēndēbās	apprēndēbat	apprēndēbāmus	apprēndēbātis	apprēndēbant	apprēndam	apprēndēs	apprēndet	apprēndēmus	apprēndētis	apprēndent	apprēnde	apprēndite	apprēndere
apprōmittō	-	apprōmittis	apprōmittit	apprōmittimus	apprōmittitis	apprōmittunt	apprōmittēbam	apprōmittēbās	apprōmittēbat	apprōmittēbāmus	apprōmittēbātis	apprōmittēbant	apprōmittam	apprōmittēs	apprōmittet	apprōmittēmus	apprōmittētis	apprōmittent	apprōmitte	apprōmittite	apprōmittere
appōnō	-	appōnis	appōnit	appōnimus	appōnitis	appōnunt	appōnēbam	appōnēbās	appōnēbat	appōnēbāmus	appōnēbātis	appōnēbant	appōnam	appōnēs	appōnet	appōnēmus	appōnētis	appōnent	appōne	appōnite	appōnere
aprīcor	-	aprīcāre	-	-	-	-	-	aprīcābāre	-	-	-	-	-	aprīcābere	-	-	-	-	-	-	-
apīscor	-	apīscere	apīscitur	apīscimur	apīsciminī	apīscuntur	apīscēbar	apīscēbāre	apīscēbātur	apīscēbāmur	apīscēbāminī	apīscēbantur	apīscar	apīscēre	apīscētur	apīscēmur	apīscēminī	apīscentur	apīscere	apīsciminī	apīscī
apō	-	apis	apit	apimus	apitis	apunt	apēbam	apēbās	apēbat	apēbāmus	apēbātis	apēbant	apam	apēs	apet	apēmus	apētis	apent	ape	apite	apere
aquor	-	aquāre	-	-	-	-	-	aquābāre	-	-	-	-	-	aquābere	-	-	-	-	-	-	-
arbitror	-	arbitrāre	-	-	-	-	-	arbitrābāre	-	-	-	-	-	arbitrābere	-	-	-	-	-	-	arbitrārier
arcersō	-	arcersis	arcersit	arcersimus	arcersitis	arcersunt	arcersēbam	arcersēbās	arcersēbat	arcersēbāmus	arcersēbātis	arcersēbant	arcersam	arcersēs	arcerset	arcersēmus	arcersētis	arcersent	arcerse	arcersite	arcersere
arcessō	-	arcessis	arcessit	arcessimus	arcessitis	arcessunt	arcessēbam	arcessēbās	arcessēbat	arcessēbāmus	arcessēbātis	arcessēbant	arcessam	arcessēs	arcesset	arcessēmus	arcessētis	arcessent	arcesse	arcessite	arcessere
architector	-	architectāre	-	-	-	-	-	architectābāre	-	-	-	-	-	architectābere	-	-	-	-	-	-	-
arguō	-	arguis	arguit	arguimus	arguitis	arguunt	arguēbam	arguēbās	arguēbat	arguēbāmus	arguēbātis	arguēbant	arguam	arguēs	arguet	arguēmus	arguētis	arguent	argue	arguite	arguere
argūmentor	-	argūmentāre	-	-	-	-	-	argūmentābāre	-	-	-	-	-	argūmentābere	-	-	-	-	-	-	-
argūtor	-	argūtāre	-	-	-	-	-	argūtābāre	-	-	-	-	-	argūtābere	-	-	-	-	-	-	argūtārier
ariolor	-	ariolāre	-	-	-	-	-	ariolābāre	-	-	-	-	-	ariolābere	-	-	-	-	-	-	-
arrigō	-	arrigis	arrigit	arrigimus	arrigitis	arrigunt	arrigēbam	arrigēbās	arrigēbat	arrigēbāmus	arrigēbātis	arrigēbant	arrigam	arrigēs	arriget	arrigēmus	arrigētis	arrigent	arrige	arrigite	arrigere
arripiō	-	arripis	-	arripimus	arripitis	-	-	-	-	-	-	-	-	-	-	-	-	-	arripe	arripite	arripere
arrēpō	-	arrēpis	arrēpit	arrēpimus	arrēpitis	arrēpunt	arrēpēbam	arrēpēbās	arrēpēbat	arrēpēbāmus	arrēpēbātis	arrēpēbant	arrēpam	arrēpēs	arrēpet	arrēpēmus	arrēpētis	arrēpent	arrēpe	arrēpite	arrēpere
ascendō	-	ascendis	ascendit	ascendimus	ascenditis	ascendunt	ascendēbam	ascendēbās	ascendēbat	ascendēbāmus	ascendēbātis	ascendēbant	ascendam	ascendēs	ascendet	ascendēmus	ascendētis	ascendent	ascende	ascendite	ascendere
asciō	-	asciās	asciat	asciāmus	asciātis	asciant	asciābam	asciābās	asciābat	asciābāmus	asciābātis	asciābant	asciābō	asciābis	asciābit	asciābimus	asciābitis	asciābunt	asciā	asciāte	asciāre
ascrībō	-	ascrībis	ascrībit	ascrībimus	ascrībitis	ascrībunt	ascrībēbam	ascrībēbās	ascrībēbat	ascrībēbāmus	ascrībēbātis	ascrībēbant	ascrībam	ascrībēs	ascrībet	ascrībēmus	ascrībētis	ascrībent	ascrībe	ascrībite	ascrībere
aspargō	-	aspargis	aspargit	aspargimus	aspargitis	aspargunt	aspargēbam	aspargēbās	aspargēbat	aspargēbāmus	aspargēbātis	aspargēbant	aspargam	aspargēs	asparget	aspargēmus	aspargētis	aspargent	asparge	aspargite	aspargere
aspellō	-	aspellis	aspellit	aspellimus	aspellitis	aspellunt	aspellēbam	aspellēbās	aspellēbat	aspellēbāmus	aspellēbātis	aspellēbant	aspellam	aspellēs	aspellet	aspellēmus	aspellētis	aspellent	aspelle	aspellite	aspellere
aspergō	-	aspergis	aspergit	aspergimus	aspergitis	aspergunt	aspergēbam	aspergēbās	aspergēbat	aspergēbāmus	aspergēbātis	aspergēbant	aspergam	aspergēs	asperget	aspergēmus	aspergētis	aspergent	asperge	aspergite	aspergere
aspiciō	-	aspicis	-	aspicimus	aspicitis	-	-	-	-	-	-	-	-	-	-	-	-	-	aspice	aspicite	aspicere
aspuō	-	aspuis	aspuit	aspuimus	aspuitis	aspuunt	aspuēbam	aspuēbās	aspuēbat	aspuēbāmus	aspuēbātis	aspuēbant	aspuam	aspuēs	aspuet	aspuēmus	aspuētis	aspuent	aspue	aspuite	aspuere
assector	-	assectāre	-	-	-	-	-	assectābāre	-	-	-	-	-	assectābere	-	-	-	-	-	-	-
assellor	-	assellāre	-	-	-	-	-	assellābāre	-	-	-	-	-	assellābere	-	-	-	-	-	-	-
assentior	-	assentīre	-	-	-	-	-	assentiēbāre	-	-	-	-	-	assentiēre	-	-	-	-	-	-	-
assentor	-	assentāre	-	-	-	-	-	assentābāre	-	-	-	-	-	assentābere	-	-	-	-	-	-	-
assequor	-	assequere	assequitur	assequimur	assequiminī	assequuntur	assequēbar	assequēbāre	assequēbātur	assequēbāmur	assequēbāminī	assequēbantur	assequar	assequēre	assequētur	assequēmur	assequēminī	assequentur	assequere	assequiminī	assequī
asserō	-	asseris	asserit	asserimus	asseritis	asserunt	asserēbam	asserēbās	asserēbat	asserēbāmus	asserēbātis	asserēbant	asseram	asserēs	asseret	asserēmus	asserētis	asserent	assere	asserite	asserere
assistō	-	assistis	assistit	assistimus	assistitis	assistunt	assistēbam	assistēbās	assistēbat	assistēbāmus	assistēbātis	assistēbant	assistam	assistēs	assistet	assistēmus	assistētis	assistent	assiste	assistite	assistere
associō	-	associās	associat	associāmus	associātis	associant	associābam	associābās	associābat	associābāmus	associābātis	associābant	associābō	associābis	associābit	associābimus	associābitis	associābunt	associā	associāte	associāre
assum	assum	ades	adest	assumus	adestis	assunt	aderam	aderās	aderat	aderāmus	aderātis	aderant	aderō	adere	aderit	aderimus	aderitis	aderunt	ades	adeste	adesse
assurgō	-	assurgis	assurgit	assurgimus	assurgitis	assurgunt	assurgēbam	assurgēbās	assurgēbat	assurgēbāmus	assurgēbātis	assurgēbant	assurgam	assurgēs	assurget	assurgēmus	assurgētis	assurgent	assurge	assurgite	assurgere
assuēfaciō	-	assuēfacis	-	assuēfacimus	assuēfacitis	-	-	-	-	-	-	-	-	-	-	-	-	-	assuēface	assuēfacite	assuēfacere
assuō	-	assuis	assuit	assuimus	assuitis	assuunt	assuēbam	assuēbās	assuēbat	assuēbāmus	assuēbātis	assuēbant	assuam	assuēs	assuet	assuēmus	assuētis	assuent	assue	assuite	assuere
assīdō	-	assīdis	assīdit	assīdimus	assīditis	assīdunt	assīdēbam	assīdēbās	assīdēbat	assīdēbāmus	assīdēbātis	assīdēbant	assīdam	assīdēs	assīdet	assīdēmus	assīdētis	assīdent	assīde	assīdite	assīdere
assūmō	-	assūmis	assūmit	assūmimus	assūmitis	assūmunt	assūmēbam	assūmēbās	assūmēbat	assūmēbāmus	assūmēbātis	assūmēbant	assūmam	assūmēs	assūmet	assūmēmus	assūmētis	assūment	assūme	assūmite	assūmere
asternō	-	asternis	asternit	asternimus	asternitis	asternunt	asternēbam	asternēbās	asternēbat	asternēbāmus	asternēbātis	asternēbant	asternam	asternēs	asternet	asternēmus	asternētis	asternent	asterne	asternite	asternere
astipulor	-	astipulāre	-	-	-	-	-	astipulābāre	-	-	-	-	-	astipulābere	-	-	-	-	-	-	-
astituō	-	astituis	astituit	astituimus	astituitis	astituunt	astituēbam	astituēbās	astituēbat	astituēbāmus	astituēbātis	astituēbant	astituam	astituēs	astituet	astituēmus	astituētis	astituent	astitue	astituite	astituere
astrepō	-	astrepis	astrepit	astrepimus	astrepitis	astrepunt	astrepēbam	astrepēbās	astrepēbat	astrepēbāmus	astrepēbātis	astrepēbant	astrepam	astrepēs	astrepet	astrepēmus	astrepētis	astrepent	astrepe	astrepite	astrepere
astringō	-	astringis	astringit	astringimus	astringitis	astringunt	astringēbam	astringēbās	astringēbat	astringēbāmus	astringēbātis	astringēbant	astringam	astringēs	astringet	astringēmus	astringētis	astringent	astringe	astringite	astringere
astruō	-	astruis	astruit	astruimus	astruitis	astruunt	astruēbam	astruēbās	astruēbat	astruēbāmus	astruēbātis	astruēbant	astruam	astruēs	astruet	astruēmus	astruētis	astruent	astrue	astruite	astruere
attendō	-	attendis	attendit	attendimus	attenditis	attendunt	attendēbam	attendēbās	attendēbat	attendēbāmus	attendēbātis	attendēbant	attendam	attendēs	attendet	attendēmus	attendētis	attendent	attende	attendite	attendere
atterō	-	atteris	atterit	atterimus	atteritis	atterunt	atterēbam	atterēbās	atterēbat	atterēbāmus	atterēbātis	atterēbant	atteram	atterēs	atteret	atterēmus	atterētis	atterent	attere	atterite	atterere
attestor	-	attestāre	-	-	-	-	-	attestābāre	-	-	-	-	-	attestābere	-	-	-	-	-	-	-
attexō	-	attexis	attexit	atteximus	attexitis	attexunt	attexēbam	attexēbās	attexēbat	attexēbāmus	attexēbātis	attexēbant	attexam	attexēs	attexet	attexēmus	attexētis	attexent	attexe	attexite	attexere
attigō	-	attigis	attigit	attigimus	attigitis	attigunt	attigēbam	attigēbās	attigēbat	attigēbāmus	attigēbātis	attigēbant	attigam	attigēs	attiget	attigēmus	attigētis	attigent	attige	attigite	attigere
attingō	-	attingis	attingit	attingimus	attingitis	attingunt	attingēbam	attingēbās	attingēbat	attingēbāmus	attingēbātis	attingēbant	attingam	attingēs	attinget	attingēmus	attingētis	attingent	attinge	attingite	attingere
attollō	-	attollis	attollit	attollimus	attollitis	attollunt	attollēbam	attollēbās	attollēbat	attollēbāmus	attollēbātis	attollēbant	attollam	attollēs	attollet	attollēmus	attollētis	attollent	attolle	attollite	attollere
attrahō	-	attrahis	attrahit	attrahimus	attrahitis	attrahunt	attrahēbam	attrahēbās	attrahēbat	attrahēbāmus	attrahēbātis	attrahēbant	attraham	attrahēs	attrahet	attrahēmus	attrahētis	attrahent	attrahe	attrahite	attrahere
attribuō	-	attribuis	attribuit	attribuimus	attribuitis	attribuunt	attribuēbam	attribuēbās	attribuēbat	attribuēbāmus	attribuēbātis	attribuēbant	attribuam	attribuēs	attribuet	attribuēmus	attribuētis	attribuent	attribue	attribuite	attribuere
auctiōnor	-	auctiōnāre	-	-	-	-	-	auctiōnābāre	-	-	-	-	-	auctiōnābere	-	-	-	-	-	-	-
aucupor	-	aucupāre	-	-	-	-	-	aucupābāre	-	-	-	-	-	aucupābere	-	-	-	-	-	-	-
auferō	-	aufers	aufert	auferimus	aufertis	auferunt	auferēbam	auferēbās	auferēbat	auferēbāmus	auferēbātis	auferēbant	auferam	auferēs	auferet	auferēmus	auferētis	auferent	aufer	auferte	auferre
aufugiō	-	aufugis	-	aufugimus	aufugitis	-	-	-	-	-	-	-	-	-	-	-	-	-	aufuge	aufugite	aufugere
auguror	-	augurāre	-	-	-	-	-	augurābāre	-	-	-	-	-	augurābere	-	-	-	-	-	-	-
auspicor	-	auspicāre	-	-	-	-	-	auspicābāre	-	-	-	-	-	auspicābere	-	-	-	-	-	-	-
auxilior	-	auxiliāre	auxiliātur	auxiliāmur	auxiliāminī	auxiliantur	auxiliābar	auxiliābāre	auxiliābātur	auxiliābāmur	auxiliābāminī	auxiliābantur	auxiliābor	auxiliābere	auxiliābitur	auxiliābimur	auxiliābiminī	auxiliābuntur	auxiliāre	auxiliāminī	auxiliārier
auxiliō	-	auxiliās	auxiliat	auxiliāmus	auxiliātis	auxiliant	auxiliābam	auxiliābās	auxiliābat	auxiliābāmus	auxiliābātis	auxiliābant	auxiliābō	auxiliābis	auxiliābit	auxiliābimus	auxiliābitis	auxiliābunt	auxiliā	auxiliāte	auxiliāre
bacchor	-	bacchāre	-	-	-	-	-	bacchābāre	-	-	-	-	-	bacchābere	-	-	-	-	-	-	-
baccor	-	baccāre	-	-	-	-	-	baccābāre	-	-	-	-	-	baccābere	-	-	-	-	-	-	-
baetō	-	baetis	baetit	baetimus	baetitis	baetunt	baetēbam	baetēbās	baetēbat	baetēbāmus	baetēbātis	baetēbant	baetam	baetēs	baetet	baetēmus	baetētis	baetent	baete	baetite	baetere
balbucinor	-	balbucināre	-	-	-	-	-	balbucinābāre	-	-	-	-	-	balbucinābere	-	-	-	-	-	-	-
balneō	-	balneās	balneat	balneāmus	balneātis	balneant	balneābam	balneābās	balneābat	balneābāmus	balneābātis	balneābant	balneābō	balneābis	balneābit	balneābimus	balneābitis	balneābunt	balneā	balneāte	balneāre
balteō	-	balteās	balteat	balteāmus	balteātis	balteant	balteābam	balteābās	balteābat	balteābāmus	balteābātis	balteābant	balteābō	balteābis	balteābit	balteābimus	balteābitis	balteābunt	balteā	balteāte	balteāre
baptidiō	-	baptidiās	baptidiat	baptidiāmus	baptidiātis	baptidiant	baptidiābam	baptidiābās	baptidiābat	baptidiābāmus	baptidiābātis	baptidiābant	baptidiābō	baptidiābis	baptidiābit	baptidiābimus	baptidiābitis	baptidiābunt	baptidiā	baptidiāte	baptidiāre
battuō	-	battuis	battuit	battuimus	battuitis	battuunt	battuēbam	battuēbās	battuēbat	battuēbāmus	battuēbātis	battuēbant	battuam	battuēs	battuet	battuēmus	battuētis	battuent	battue	battuite	battuere
battō	-	battis	battit	battimus	battitis	battunt	battēbam	battēbās	battēbat	battēbāmus	battēbātis	battēbant	battam	battēs	battet	battēmus	battētis	battent	batte	battite	battere
baubor	-	baubāre	-	-	-	-	-	baubābāre	-	-	-	-	-	baubābere	-	-	-	-	-	-	-
belligeror	-	belligerāre	-	-	-	-	-	belligerābāre	-	-	-	-	-	belligerābere	-	-	-	-	-	-	-
bellor	-	bellāre	-	-	-	-	-	bellābāre	-	-	-	-	-	bellābere	-	-	-	-	-	-	-
benedīcō	-	benedīcis	benedīcit	benedīcimus	benedīcitis	benedīcunt	benedīcēbam	benedīcēbās	benedīcēbat	benedīcēbāmus	benedīcēbātis	benedīcēbant	benedīcam	benedīcēs	benedīcet	benedīcēmus	benedīcētis	benedīcent	benedīc	benedīcite	benedīcere
benefaciō	-	benefacis	-	benefacimus	benefacitis	-	-	-	-	-	-	-	-	-	-	-	-	-	beneface	benefacite	benefacere
beō	-	beās	beat	beāmus	beātis	beant	beābam	beābās	beābat	beābāmus	beābātis	beābant	beābō	beābis	beābit	beābimus	beābitis	beābunt	beā	beāte	beāre
bibō	-	bibis	bibit	bibimus	bibitis	bibunt	bibēbam	bibēbās	bibēbat	bibēbāmus	bibēbātis	bibēbant	bibam	bibēs	bibet	bibēmus	bibētis	bibent	bibe	bibite	bibere
blandior	-	blandīre	-	-	-	-	-	blandiēbāre	-	-	-	-	-	blandiēre	-	-	-	-	-	-	-
bovīnor	-	bovīnāre	-	-	-	-	-	bovīnābāre	-	-	-	-	-	bovīnābere	-	-	-	-	-	-	-
braciō	-	braciās	braciat	braciāmus	braciātis	braciant	braciābam	braciābās	braciābat	braciābāmus	braciābātis	braciābant	braciābō	braciābis	braciābit	braciābimus	braciābitis	braciābunt	braciā	braciāte	braciāre
brasiō	-	brasiās	brasiat	brasiāmus	brasiātis	brasiant	brasiābam	brasiābās	brasiābat	brasiābāmus	brasiābātis	brasiābant	brasiābō	brasiābis	brasiābit	brasiābimus	brasiābitis	brasiābunt	brasiā	brasiāte	brasiāre
breviō	-	breviās	breviat	breviāmus	breviātis	breviant	breviābam	breviābās	breviābat	breviābāmus	breviābātis	breviābant	breviābō	breviābis	breviābit	breviābimus	breviābitis	breviābunt	breviā	breviāte	breviāre
bubō	-	bubis	bubit	bubimus	bubitis	bubunt	bubēbam	bubēbās	bubēbat	bubēbāmus	bubēbātis	bubēbant	bubam	bubēs	bubet	bubēmus	bubētis	bubent	bube	bubite	bubere
bāsiō	-	bāsiās	bāsiat	bāsiāmus	bāsiātis	bāsiant	bāsiābam	bāsiābās	bāsiābat	bāsiābāmus	bāsiābātis	bāsiābant	bāsiābō	bāsiābis	bāsiābit	bāsiābimus	bāsiābitis	bāsiābunt	bāsiā	bāsiāte	bāsiāre
bātuō	-	bātuis	bātuit	bātuimus	bātuitis	bātuunt	bātuēbam	bātuēbās	bātuēbat	bātuēbāmus	bātuēbātis	bātuēbant	bātuam	bātuēs	bātuet	bātuēmus	bātuētis	bātuent	bātue	bātuite	bātuere
bētō	-	bētis	bētit	bētimus	bētitis	bētunt	bētēbam	bētēbās	bētēbat	bētēbāmus	bētēbātis	bētēbant	bētam	bētēs	bētet	bētēmus	bētētis	bētent	bēte	bētite	bētere
cadō	-	cadis	cadit	cadimus	caditis	cadunt	cadēbam	cadēbās	cadēbat	cadēbāmus	cadēbātis	cadēbant	cadam	cadēs	cadet	cadēmus	cadētis	cadent	cade	cadite	cadere
caedō	-	caedis	caedit	caedimus	caeditis	caedunt	caedēbam	caedēbās	caedēbat	caedēbāmus	caedēbātis	caedēbant	caedam	caedēs	caedet	caedēmus	caedētis	caedent	caede	caedite	caedere
caiō	-	caiās	caiat	caiāmus	caiātis	caiant	caiābam	caiābās	caiābat	caiābāmus	caiābātis	caiābant	caiābō	caiābis	caiābit	caiābimus	caiābitis	caiābunt	caiā	caiāte	caiāre
calceō	-	calceās	calceat	calceāmus	calceātis	calceant	calceābam	calceābās	calceābat	calceābāmus	calceābātis	calceābant	calceābō	calceābis	calceābit	calceābimus	calceābitis	calceābunt	calceā	calceāte	calceāre
calciō	-	calciās	calciat	calciāmus	calciātis	calciant	calciābam	calciābās	calciābat	calciābāmus	calciābātis	calciābant	calciābō	calciābis	calciābit	calciābimus	calciābitis	calciābunt	calciā	calciāte	calciāre
calefaciō	-	calefacis	-	calefacimus	calefacitis	-	-	-	-	-	-	-	-	-	-	-	-	-	caleface	calefacite	calefacere
calfaciō	-	calfacis	-	calfacimus	calfacitis	-	-	-	-	-	-	-	-	-	-	-	-	-	calface	calfacite	calfacere
calumnior	-	calumniāre	calumniātur	calumniāmur	calumniāminī	calumniantur	calumniābar	calumniābāre	calumniābātur	calumniābāmur	calumniābāminī	calumniābantur	calumniābor	calumniābere	calumniābitur	calumniābimur	calumniābiminī	calumniābuntur	calumniāre	calumniāminī	calumniārī
calvor	-	calvere	calvitur	calvimur	calviminī	calvuntur	calvēbar	calvēbāre	calvēbātur	calvēbāmur	calvēbāminī	calvēbantur	calvar	calvēre	calvētur	calvēmur	calvēminī	calventur	calvere	calviminī	calvī
cambiō	-	cambiās	cambiat	cambiāmus	cambiātis	cambiant	cambiābam	cambiābās	cambiābat	cambiābāmus	cambiābātis	cambiābant	cambiābō	cambiābis	cambiābit	cambiābimus	cambiābitis	cambiābunt	cambiā	cambiāte	cambiāre
candefaciō	-	candefacis	-	candefacimus	candefacitis	-	-	-	-	-	-	-	-	-	-	-	-	-	candeface	candefacite	candefacere
canō	-	canis	canit	canimus	canitis	canunt	canēbam	canēbās	canēbat	canēbāmus	canēbātis	canēbant	canam	canēs	canet	canēmus	canētis	canent	cane	canite	canere
capessō	-	capessis	capessit	capessimus	capessitis	capessunt	capessēbam	capessēbās	capessēbat	capessēbāmus	capessēbātis	capessēbant	capessam	capessēs	capesset	capessēmus	capessētis	capessent	capesse	capessite	capessere
capissō	-	capissis	capissit	capissimus	capissitis	capissunt	capissēbam	capissēbās	capissēbat	capissēbāmus	capissēbātis	capissēbant	capissam	capissēs	capisset	capissēmus	capissētis	capissent	capisse	capissite	capissere
capiō	-	capis	-	capimus	capitis	-	-	-	-	-	-	-	-	-	-	-	-	-	cape	capite	capere
carpō	-	carpis	carpit	carpimus	carpitis	carpunt	carpēbam	carpēbās	carpēbat	carpēbāmus	carpēbātis	carpēbant	carpam	carpēs	carpet	carpēmus	carpētis	carpent	carpe	carpite	carpere
carrō	-	carris	carrit	carrimus	carritis	carrunt	carrēbam	carrēbās	carrēbat	carrēbāmus	carrēbātis	carrēbant	carram	carrēs	carret	carrēmus	carrētis	carrent	carre	carrite	carrere
castramētor	-	castramētāre	-	-	-	-	-	castramētābāre	-	-	-	-	-	castramētābere	-	-	-	-	-	-	-
caupōnor	-	caupōnāre	-	-	-	-	-	caupōnābāre	-	-	-	-	-	caupōnābere	-	-	-	-	-	-	-
causor	-	causāre	-	-	-	-	-	causābāre	-	-	-	-	-	causābere	-	-	-	-	-	-	-
cautēriō	-	cautēriās	cautēriat	cautēriāmus	cautēriātis	cautēriant	cautēriābam	cautēriābās	cautēriābat	cautēriābāmus	cautēriābātis	cautēriābant	cautēriābō	cautēriābis	cautēriābit	cautēriābimus	cautēriābitis	cautēriābunt	cautēriā	cautēriāte	cautēriāre
cavillor	-	cavillāre	-	-	-	-	-	cavillābāre	-	-	-	-	-	cavillābere	-	-	-	-	-	-	-
centuriō	-	centuriās	centuriat	centuriāmus	centuriātis	centuriant	centuriābam	centuriābās	centuriābat	centuriābāmus	centuriābātis	centuriābant	centuriābō	centuriābis	centuriābit	centuriābimus	centuriābitis	centuriābunt	centuriā	centuriāte	centuriāre
cernō	-	cernis	cernit	cernimus	cernitis	cernunt	cernēbam	cernēbās	cernēbat	cernēbāmus	cernēbātis	cernēbant	cernam	cernēs	cernet	cernēmus	cernētis	cernent	cerne	cernite	cernere
certor	-	certāre	-	-	-	-	-	certābāre	-	-	-	-	-	certābere	-	-	-	-	-	-	-
cingō	-	cingis	cingit	cingimus	cingitis	cingunt	cingēbam	cingēbās	cingēbat	cingēbāmus	cingēbātis	cingēbant	cingam	cingēs	cinget	cingēmus	cingētis	cingent	cinge	cingite	cingere
circulor	-	circulāre	-	-	-	-	-	circulābāre	-	-	-	-	-	circulābere	-	-	-	-	-	-	-
circumagō	-	circumagis	circumagit	circumagimus	circumagitis	circumagunt	circumagēbam	circumagēbās	circumagēbat	circumagēbāmus	circumagēbātis	circumagēbant	circumagam	circumagēs	circumaget	circumagēmus	circumagētis	circumagent	circumage	circumagite	circumagere
circumaspiciō	-	circumaspicis	-	circumaspicimus	circumaspicitis	-	-	-	-	-	-	-	-	-	-	-	-	-	circumaspice	circumaspicite	circumaspicere
circumcingō	-	circumcingis	circumcingit	circumcingimus	circumcingitis	circumcingunt	circumcingēbam	circumcingēbās	circumcingēbat	circumcingēbāmus	circumcingēbātis	circumcingēbant	circumcingam	circumcingēs	circumcinget	circumcingēmus	circumcingētis	circumcingent	circumcinge	circumcingite	circumcingere
circumclūdō	-	circumclūdis	circumclūdit	circumclūdimus	circumclūditis	circumclūdunt	circumclūdēbam	circumclūdēbās	circumclūdēbat	circumclūdēbāmus	circumclūdēbātis	circumclūdēbant	circumclūdam	circumclūdēs	circumclūdet	circumclūdēmus	circumclūdētis	circumclūdent	circumclūde	circumclūdite	circumclūdere
circumcolō	-	circumcolis	circumcolit	circumcolimus	circumcolitis	circumcolunt	circumcolēbam	circumcolēbās	circumcolēbat	circumcolēbāmus	circumcolēbātis	circumcolēbant	circumcolam	circumcolēs	circumcolet	circumcolēmus	circumcolētis	circumcolent	circumcole	circumcolite	circumcolere
circumcurrō	-	circumcurris	circumcurrit	circumcurrimus	circumcurritis	circumcurrunt	circumcurrēbam	circumcurrēbās	circumcurrēbat	circumcurrēbāmus	circumcurrēbātis	circumcurrēbant	circumcurram	circumcurrēs	circumcurret	circumcurrēmus	circumcurrētis	circumcurrent	circumcurre	circumcurrite	circumcurrere
circumcīdō	-	circumcīdis	circumcīdit	circumcīdimus	circumcīditis	circumcīdunt	circumcīdēbam	circumcīdēbās	circumcīdēbat	circumcīdēbāmus	circumcīdēbātis	circumcīdēbant	circumcīdam	circumcīdēs	circumcīdet	circumcīdēmus	circumcīdētis	circumcīdent	circumcīde	circumcīdite	circumcīdere
circumdō	-	-	-	circumdamus	circumdatis	-	circumdabam	circumdabās	circumdabat	circumdabāmus	circumdabātis	circumdabant	circumdabō	circumdabis	circumdabit	circumdabimus	circumdabitis	circumdabunt	-	circumdate	circumdare
circumdūcō	-	circumdūcis	circumdūcit	circumdūcimus	circumdūcitis	circumdūcunt	circumdūcēbam	circumdūcēbās	circumdūcēbat	circumdūcēbāmus	circumdūcēbātis	circumdūcēbant	circumdūcam	circumdūcēs	circumdūcet	circumdūcēmus	circumdūcētis	circumdūcent	circumdūc	circumdūcite	circumdūcere
circumeō	-	circumīs	circumit	circumīmus	circumītis	circumeunt	circumībam	circumībās	circumībat	circumībāmus	circumībātis	circumībant	circumībō	circumībis	circumībit	circumībimus	circumībitis	circumībunt	circumī	circumīte	circumīre
circumferō	-	circumfers	circumfert	circumferimus	circumfertis	circumferunt	circumferēbam	circumferēbās	circumferēbat	circumferēbāmus	circumferēbātis	circumferēbant	circumferam	circumferēs	circumferet	circumferēmus	circumferētis	circumferent	circumfer	circumferte	circumferre
circumfingō	-	circumfingis	circumfingit	circumfingimus	circumfingitis	circumfingunt	circumfingēbam	circumfingēbās	circumfingēbat	circumfingēbāmus	circumfingēbātis	circumfingēbant	circumfingam	circumfingēs	circumfinget	circumfingēmus	circumfingētis	circumfingent	circumfinge	circumfingite	circumfingere
circumflectō	-	circumflectis	circumflectit	circumflectimus	circumflectitis	circumflectunt	circumflectēbam	circumflectēbās	circumflectēbat	circumflectēbāmus	circumflectēbātis	circumflectēbant	circumflectam	circumflectēs	circumflectet	circumflectēmus	circumflectētis	circumflectent	circumflecte	circumflectite	circumflectere
circumfluō	-	circumfluis	circumfluit	circumfluimus	circumfluitis	circumfluunt	circumfluēbam	circumfluēbās	circumfluēbat	circumfluēbāmus	circumfluēbātis	circumfluēbant	circumfluam	circumfluēs	circumfluet	circumfluēmus	circumfluētis	circumfluent	circumflue	circumfluite	circumfluere
circumfodiō	-	circumfodis	-	circumfodimus	circumfoditis	-	-	-	-	-	-	-	-	-	-	-	-	-	circumfode	circumfodite	circumfodere
circumfundō	-	circumfundis	circumfundit	circumfundimus	circumfunditis	circumfundunt	circumfundēbam	circumfundēbās	circumfundēbat	circumfundēbāmus	circumfundēbātis	circumfundēbant	circumfundam	circumfundēs	circumfundet	circumfundēmus	circumfundētis	circumfundent	circumfunde	circumfundite	circumfundere
circumgredior	-	circumgredere	circumgreditur	circumgredimur	circumgrediminī	-	-	circumgrediēbāre	-	-	-	-	-	circumgrediēre	-	-	-	-	circumgredere	circumgrediminī	circumgredī
circumiciō	-	circumicis	-	circumicimus	circumicitis	-	-	-	-	-	-	-	-	-	-	-	-	-	circumice	circumicite	circumicere
circumlegō	-	circumlegis	circumlegit	circumlegimus	circumlegitis	circumlegunt	circumlegēbam	circumlegēbās	circumlegēbat	circumlegēbāmus	circumlegēbātis	circumlegēbant	circumlegam	circumlegēs	circumleget	circumlegēmus	circumlegētis	circumlegent	circumlege	circumlegite	circumlegere
circumlinō	-	circumlinis	circumlinit	circumlinimus	circumlinitis	circumlinunt	circumlinēbam	circumlinēbās	circumlinēbat	circumlinēbāmus	circumlinēbātis	circumlinēbant	circumlinam	circumlinēs	circumlinet	circumlinēmus	circumlinētis	circumlinent	circumline	circumlinite	circumlinere
circumloquor	-	circumloquere	circumloquitur	circumloquimur	circumloquiminī	circumloquuntur	circumloquēbar	circumloquēbāre	circumloquēbātur	circumloquēbāmur	circumloquēbāminī	circumloquēbantur	circumloquar	circumloquēre	circumloquētur	circumloquēmur	circumloquēminī	circumloquentur	circumloquere	circumloquiminī	circumloquī
circumluō	-	circumluis	circumluit	circumluimus	circumluitis	circumluunt	circumluēbam	circumluēbās	circumluēbat	circumluēbāmus	circumluēbātis	circumluēbant	circumluam	circumluēs	circumluet	circumluēmus	circumluētis	circumluent	circumlue	circumluite	circumluere
circummittō	-	circummittis	circummittit	circummittimus	circummittitis	circummittunt	circummittēbam	circummittēbās	circummittēbat	circummittēbāmus	circummittēbātis	circummittēbant	circummittam	circummittēs	circummittet	circummittēmus	circummittētis	circummittent	circummitte	circummittite	circummittere
circumnectō	-	circumnectis	circumnectit	circumnectimus	circumnectitis	circumnectunt	circumnectēbam	circumnectēbās	circumnectēbat	circumnectēbāmus	circumnectēbātis	circumnectēbant	circumnectam	circumnectēs	circumnectet	circumnectēmus	circumnectētis	circumnectent	circumnecte	circumnectite	circumnectere
circumplector	-	circumplectere	circumplectitur	circumplectimur	circumplectiminī	circumplectuntur	circumplectēbar	circumplectēbāre	circumplectēbātur	circumplectēbāmur	circumplectēbāminī	circumplectēbantur	circumplectar	circumplectēre	circumplectētur	circumplectēmur	circumplectēminī	circumplectentur	circumplectere	circumplectiminī	circumplectī
circumplectō	-	circumplectis	circumplectit	circumplectimus	circumplectitis	circumplectunt	circumplectēbam	circumplectēbās	circumplectēbat	circumplectēbāmus	circumplectēbātis	circumplectēbant	circumplectam	circumplectēs	circumplectet	circumplectēmus	circumplectētis	circumplectent	circumplecte	circumplectite	circumplectere
circumpungō	-	circumpungis	circumpungit	circumpungimus	circumpungitis	circumpungunt	circumpungēbam	circumpungēbās	circumpungēbat	circumpungēbāmus	circumpungēbātis	circumpungēbant	circumpungam	circumpungēs	circumpunget	circumpungēmus	circumpungētis	circumpungent	circumpunge	circumpungite	circumpungere
circumpōnō	-	circumpōnis	circumpōnit	circumpōnimus	circumpōnitis	circumpōnunt	circumpōnēbam	circumpōnēbās	circumpōnēbat	circumpōnēbāmus	circumpōnēbātis	circumpōnēbant	circumpōnam	circumpōnēs	circumpōnet	circumpōnēmus	circumpōnētis	circumpōnent	circumpōne	circumpōnite	circumpōnere
circumrādō	-	circumrādis	circumrādit	circumrādimus	circumrāditis	circumrādunt	circumrādēbam	circumrādēbās	circumrādēbat	circumrādēbāmus	circumrādēbātis	circumrādēbant	circumrādam	circumrādēs	circumrādet	circumrādēmus	circumrādētis	circumrādent	circumrāde	circumrādite	circumrādere
circumrōdō	-	circumrōdis	circumrōdit	circumrōdimus	circumrōditis	circumrōdunt	circumrōdēbam	circumrōdēbās	circumrōdēbat	circumrōdēbāmus	circumrōdēbātis	circumrōdēbant	circumrōdam	circumrōdēs	circumrōdet	circumrōdēmus	circumrōdētis	circumrōdent	circumrōde	circumrōdite	circumrōdere
circumscrībō	-	circumscrībis	circumscrībit	circumscrībimus	circumscrībitis	circumscrībunt	circumscrībēbam	circumscrībēbās	circumscrībēbat	circumscrībēbāmus	circumscrībēbātis	circumscrībēbant	circumscrībam	circumscrībēs	circumscrībet	circumscrībēmus	circumscrībētis	circumscrībent	circumscrībe	circumscrībite	circumscrībere
circumsistō	-	circumsistis	circumsistit	circumsistimus	circumsistitis	circumsistunt	circumsistēbam	circumsistēbās	circumsistēbat	circumsistēbāmus	circumsistēbātis	circumsistēbant	circumsistam	circumsistēs	circumsistet	circumsistēmus	circumsistētis	circumsistent	circumsiste	circumsistite	circumsistere
circumspargō	-	circumspargis	circumspargit	circumspargimus	circumspargitis	circumspargunt	circumspargēbam	circumspargēbās	circumspargēbat	circumspargēbāmus	circumspargēbātis	circumspargēbant	circumspargam	circumspargēs	circumsparget	circumspargēmus	circumspargētis	circumspargent	circumsparge	circumspargite	circumspargere
circumspiciō	-	circumspicis	-	circumspicimus	circumspicitis	-	-	-	-	-	-	-	-	-	-	-	-	-	circumspice	circumspicite	circumspicere
circumstrepō	-	circumstrepis	circumstrepit	circumstrepimus	circumstrepitis	circumstrepunt	circumstrepēbam	circumstrepēbās	circumstrepēbat	circumstrepēbāmus	circumstrepēbātis	circumstrepēbant	circumstrepam	circumstrepēs	circumstrepet	circumstrepēmus	circumstrepētis	circumstrepent	circumstrepe	circumstrepite	circumstrepere
circumstringō	-	circumstringis	circumstringit	circumstringimus	circumstringitis	circumstringunt	circumstringēbam	circumstringēbās	circumstringēbat	circumstringēbāmus	circumstringēbātis	circumstringēbant	circumstringam	circumstringēs	circumstringet	circumstringēmus	circumstringētis	circumstringent	circumstringe	circumstringite	circumstringere
circumsīdō	-	circumsīdis	circumsīdit	circumsīdimus	circumsīditis	circumsīdunt	circumsīdēbam	circumsīdēbās	circumsīdēbat	circumsīdēbāmus	circumsīdēbātis	circumsīdēbant	circumsīdam	circumsīdēs	circumsīdet	circumsīdēmus	circumsīdētis	circumsīdent	circumsīde	circumsīdite	circumsīdere
circumsīgnō	-	-	-	-	-	-	-	-	-	-	-	-	-	-	-	-	-	-	-	-	circumsignāre
circumtegō	-	circumtegis	circumtegit	circumtegimus	circumtegitis	circumtegunt	circumtegēbam	circumtegēbās	circumtegēbat	circumtegēbāmus	circumtegēbātis	circumtegēbant	circumtegam	circumtegēs	circumteget	circumtegēmus	circumtegētis	circumtegent	circumtege	circumtegite	circumtegere
circumtollō	-	circumtollis	circumtollit	circumtollimus	circumtollitis	circumtollunt	circumtollēbam	circumtollēbās	circumtollēbat	circumtollēbāmus	circumtollēbātis	circumtollēbant	circumtollam	circumtollēs	circumtollet	circumtollēmus	circumtollētis	circumtollent	circumtolle	circumtollite	circumtollere
circumtrahō	-	circumtrahis	circumtrahit	circumtrahimus	circumtrahitis	circumtrahunt	circumtrahēbam	circumtrahēbās	circumtrahēbat	circumtrahēbāmus	circumtrahēbātis	circumtrahēbant	circumtraham	circumtrahēs	circumtrahet	circumtrahēmus	circumtrahētis	circumtrahent	circumtrahe	circumtrahite	circumtrahere
circumtueor	-	circumtuēre	-	-	-	-	-	circumtuēbāre	-	-	-	-	-	circumtuēbere	-	-	-	-	-	-	-
circumvehor	-	circumvehere	circumvehitur	circumvehimur	circumvehiminī	circumvehuntur	circumvehēbar	circumvehēbāre	circumvehēbātur	circumvehēbāmur	circumvehēbāminī	circumvehēbantur	circumvehar	circumvehēre	circumvehētur	circumvehēmur	circumvehēminī	circumvehentur	circumvehere	circumvehiminī	circumvehī
circumvertō	-	circumvertis	circumvertit	circumvertimus	circumvertitis	circumvertunt	circumvertēbam	circumvertēbās	circumvertēbat	circumvertēbāmus	circumvertēbātis	circumvertēbant	circumvertam	circumvertēs	circumvertet	circumvertēmus	circumvertētis	circumvertent	circumverte	circumvertite	circumvertere
circumvolvō	-	circumvolvis	circumvolvit	circumvolvimus	circumvolvitis	circumvolvunt	circumvolvēbam	circumvolvēbās	circumvolvēbat	circumvolvēbāmus	circumvolvēbātis	circumvolvēbant	circumvolvam	circumvolvēs	circumvolvet	circumvolvēmus	circumvolvētis	circumvolvent	circumvolve	circumvolvite	circumvolvere
circumvortō	-	circumvortis	circumvortit	circumvortimus	circumvortitis	circumvortunt	circumvortēbam	circumvortēbās	circumvortēbat	circumvortēbāmus	circumvortēbātis	circumvortēbant	circumvortam	circumvortēs	circumvortet	circumvortēmus	circumvortētis	circumvortent	circumvorte	circumvortite	circumvortere
circumvādō	-	circumvādis	circumvādit	circumvādimus	circumvāditis	circumvādunt	circumvādēbam	circumvādēbās	circumvādēbat	circumvādēbāmus	circumvādēbātis	circumvādēbant	circumvādam	circumvādēs	circumvādet	circumvādēmus	circumvādētis	circumvādent	circumvāde	circumvādite	circumvādere
circundō	-	-	-	circundamus	circundatis	-	circundabam	circundabās	circundabat	circundabāmus	circundabātis	circundabant	circundabō	circundabis	circundabit	circundabimus	circundabitis	circundabunt	-	circundate	circundare
circū̆eō	-	circū̆īs	circū̆it	circū̆īmus	circū̆ītis	circū̆eunt	circū̆ībam	circū̆ībās	circū̆ībat	circū̆ībāmus	circū̆ībātis	circū̆ībant	circū̆ībō	circū̆ībis	circū̆ībit	circū̆ībimus	circū̆ībitis	circū̆ībunt	circū̆ī	circū̆īte	circū̆īre
clangō	-	clangis	clangit	clangimus	clangitis	clangunt	clangēbam	clangēbās	clangēbat	clangēbāmus	clangēbātis	clangēbant	clangam	clangēs	clanget	clangēmus	clangētis	clangent	clange	clangite	clangere
claudō	-	claudis	claudit	claudimus	clauditis	claudunt	claudēbam	claudēbās	claudēbat	claudēbāmus	claudēbātis	claudēbant	claudam	claudēs	claudet	claudēmus	claudētis	claudent	claude	claudite	claudere
clepō	-	clepis	clepit	clepimus	clepitis	clepunt	clepēbam	clepēbās	clepēbat	clepēbāmus	clepēbātis	clepēbant	clepam	clepēs	clepet	clepēmus	clepētis	clepent	clepe	clepite	clepere
clipeō	-	clipeās	clipeat	clipeāmus	clipeātis	clipeant	clipeābam	clipeābās	clipeābat	clipeābāmus	clipeābātis	clipeābant	clipeābō	clipeābis	clipeābit	clipeābimus	clipeābitis	clipeābunt	clipeā	clipeāte	clipeāre
clueor	-	cluēre	-	-	-	-	-	cluēbāre	-	-	-	-	-	cluēbere	-	-	-	-	-	-	-
cluō	-	cluis	cluit	cluimus	cluitis	cluunt	cluēbam	cluēbās	cluēbat	cluēbāmus	cluēbātis	cluēbant	cluam	cluēs	cluet	cluēmus	cluētis	cluent	clue	cluite	cluere
clypeō	-	clypeās	clypeat	clypeāmus	clypeātis	clypeant	clypeābam	clypeābās	clypeābat	clypeābāmus	clypeābātis	clypeābant	clypeābō	clypeābis	clypeābit	clypeābimus	clypeābitis	clypeābunt	clypeā	clypeāte	clypeāre
clūdō	-	clūdis	clūdit	clūdimus	clūditis	clūdunt	clūdēbam	clūdēbās	clūdēbat	clūdēbāmus	clūdēbātis	clūdēbant	clūdam	clūdēs	clūdet	clūdēmus	clūdētis	clūdent	clūde	clūdite	clūdere
coalō	-	coalis	coalit	coalimus	coalitis	coalunt	coalēbam	coalēbās	coalēbat	coalēbāmus	coalēbātis	coalēbant	coalam	coalēs	coalet	coalēmus	coalētis	coalent	coale	coalite	coalere
coarguō	-	coarguis	coarguit	coarguimus	coarguitis	coarguunt	coarguēbam	coarguēbās	coarguēbat	coarguēbāmus	coarguēbātis	coarguēbant	coarguam	coarguēs	coarguet	coarguēmus	coarguētis	coarguent	coargue	coarguite	coarguere
coepiō	-	coepis	-	coepimus	coepitis	-	-	-	-	-	-	-	-	-	-	-	-	-	coepe	coepite	coepere
coexsistō	-	coexsistis	coexsistit	coexsistimus	coexsistitis	coexsistunt	coexsistēbam	coexsistēbās	coexsistēbat	coexsistēbāmus	coexsistēbātis	coexsistēbant	coexsistam	coexsistēs	coexsistet	coexsistēmus	coexsistētis	coexsistent	coexsiste	coexsistite	coexsistere
coeō	-	coīs	coit	coīmus	coītis	coeunt	coībam	coībās	coībat	coībāmus	coībātis	coībant	coībō	coībis	coībit	coībimus	coībitis	coībunt	coī	coīte	coīre
cohortor	-	cohortāre	-	-	-	-	-	cohortābāre	-	-	-	-	-	cohortābere	-	-	-	-	-	-	-
coiciō	-	coicis	-	coicimus	coicitis	-	-	-	-	-	-	-	-	-	-	-	-	-	coice	coicite	coicere
coincidō	-	coincidis	coincidit	coincidimus	coinciditis	coincidunt	coincidēbam	coincidēbās	coincidēbat	coincidēbāmus	coincidēbātis	coincidēbant	coincidam	coincidēs	coincidet	coincidēmus	coincidētis	coincident	coincide	coincidite	coincidere
colligō	-	colligis	-	colligimus	colligitis	-	-	-	-	-	-	-	colligam	-	colliget	-	-	colligent	collige	colligite	colligere
collinō	-	collinis	collinit	collinimus	collinitis	collinunt	collinēbam	collinēbās	collinēbat	collinēbāmus	collinēbātis	collinēbant	collinam	collinēs	collinet	collinēmus	collinētis	collinent	colline	collinite	collinere
colloquor	-	colloquere	colloquitur	colloquimur	colloquiminī	colloquuntur	colloquēbar	colloquēbāre	colloquēbātur	colloquēbāmur	colloquēbāminī	colloquēbantur	colloquar	colloquēre	colloquētur	colloquēmur	colloquēminī	colloquentur	colloquere	colloquiminī	colloquī
collābor	-	collābere	collābitur	collābimur	collābiminī	collābuntur	collābēbar	collābēbāre	collābēbātur	collābēbāmur	collābēbāminī	collābēbantur	collābar	collābēre	collābētur	collābēmur	collābēminī	collābentur	collābere	collābiminī	collābī
collīdō	-	collīdis	collīdit	collīdimus	collīditis	collīdunt	collīdēbam	collīdēbās	collīdēbat	collīdēbāmus	collīdēbātis	collīdēbant	collīdam	collīdēs	collīdet	collīdēmus	collīdētis	collīdent	collīde	collīdite	collīdere
collīneō	-	collīneās	collīneat	collīneāmus	collīneātis	collīneant	collīneābam	collīneābās	collīneābat	collīneābāmus	collīneābātis	collīneābant	collīneābō	collīneābis	collīneābit	collīneābimus	collīneābitis	collīneābunt	collīneā	collīneāte	collīneāre
collūctor	-	collūctāre	-	-	-	-	-	collūctābāre	-	-	-	-	-	collūctābere	-	-	-	-	-	-	collūctārier
collūdō	-	collūdis	collūdit	collūdimus	collūditis	collūdunt	collūdēbam	collūdēbās	collūdēbat	collūdēbāmus	collūdēbātis	collūdēbant	collūdam	collūdēs	collūdet	collūdēmus	collūdētis	collūdent	collūde	collūdite	collūdere
collū̆ctor	-	collū̆ctāre	-	-	-	-	-	collū̆ctābāre	-	-	-	-	-	collū̆ctābere	-	-	-	-	-	-	collū̆ctārier
colō	-	colis	colit	colimus	colitis	colunt	colēbam	colēbās	colēbat	colēbāmus	colēbātis	colēbant	colam	colēs	colet	colēmus	colētis	colent	cole	colite	colere
combibō	-	combibis	combibit	combibimus	combibitis	combibunt	combibēbam	combibēbās	combibēbat	combibēbāmus	combibēbātis	combibēbant	combibam	combibēs	combibet	combibēmus	combibētis	combibent	combibe	combibite	combibere
combūrō	-	combūris	combūrit	combūrimus	combūritis	combūrunt	combūrēbam	combūrēbās	combūrēbat	combūrēbāmus	combūrēbātis	combūrēbant	combūram	combūrēs	combūret	combūrēmus	combūrētis	combūrent	combūre	combūrite	combūrere
comedō	-	comedis	comedit	comedimus	comeditis	comedunt	comedēbam	comedēbās	comedēbat	comedēbāmus	comedēbātis	comedēbant	comedam	comedēs	comedet	comedēmus	comedētis	comedent	comede	comedite	comedere
comitiō	-	comitiās	comitiat	comitiāmus	comitiātis	comitiant	comitiābam	comitiābās	comitiābat	comitiābāmus	comitiābātis	comitiābant	comitiābō	comitiābis	comitiābit	comitiābimus	comitiābitis	comitiābunt	comitiā	comitiāte	comitiāre
comitor	-	comitāre	-	-	-	-	-	comitābāre	-	-	-	-	-	comitābere	-	-	-	-	-	-	-
commeminī	commeminī	commeministī	commeminit	commeminimus	commeministis	commeminēre	commemineram	commeminerās	commeminerat	commeminerāmus	commeminerātis	commeminerant	commeminerō	commemineris	commeminerit	commeminerimus	commemineritis	commeminerint	-	-	commeminisse
commentor	-	commentāre	-	-	-	-	-	commentābāre	-	-	-	-	-	commentābere	-	-	-	-	-	-	-
commercior	-	commerciāre	commerciātur	commerciāmur	commerciāminī	commerciantur	commerciābar	commerciābāre	commerciābātur	commerciābāmur	commerciābāminī	commerciābantur	commerciābor	commerciābere	commerciābitur	commerciābimur	commerciābiminī	commerciābuntur	commerciāre	commerciāminī	commerciārī
commercor	-	commercāre	-	-	-	-	-	commercābāre	-	-	-	-	-	commercābere	-	-	-	-	-	-	-
commereor	-	commerēre	-	-	-	-	-	commerēbāre	-	-	-	-	-	commerēbere	-	-	-	-	-	-	-
commeō	-	commeās	commeat	commeāmus	commeātis	commeant	commeābam	commeābās	commeābat	commeābāmus	commeābātis	commeābant	commeābō	commeābis	commeābit	commeābimus	commeābitis	commeābunt	commeā	commeāte	commeāre
commingō	-	commingis	commingit	commingimus	commingitis	commingunt	commingēbam	commingēbās	commingēbat	commingēbāmus	commingēbātis	commingēbant	commingam	commingēs	comminget	commingēmus	commingētis	commingent	comminge	commingite	commingere
comminor	-	commināre	-	-	-	-	-	comminābāre	-	-	-	-	-	comminābere	-	-	-	-	-	-	-
comminuō	-	comminuis	comminuit	comminuimus	comminuitis	comminuunt	comminuēbam	comminuēbās	comminuēbat	comminuēbāmus	comminuēbātis	comminuēbant	comminuam	comminuēs	comminuet	comminuēmus	comminuētis	comminuent	comminue	comminuite	comminuere
comminīscor	-	comminīscere	comminīscitur	comminīscimur	comminīsciminī	comminīscuntur	comminīscēbar	comminīscēbāre	comminīscēbātur	comminīscēbāmur	comminīscēbāminī	comminīscēbantur	comminīscar	comminīscēre	comminīscētur	comminīscēmur	comminīscēminī	comminīscentur	comminīscere	comminīsciminī	comminīscī
commiseror	-	commiserāre	-	-	-	-	-	commiserābāre	-	-	-	-	-	commiserābere	-	-	-	-	-	-	-
committō	-	committis	committit	committimus	committitis	committunt	committēbam	committēbās	committēbat	committēbāmus	committēbātis	committēbant	committam	committēs	committet	committēmus	committētis	committent	committe	committite	committere
commolō	-	commolis	commolit	commolimus	commolitis	commolunt	commolēbam	commolēbās	commolēbat	commolēbāmus	commolēbātis	commolēbant	commolam	commolēs	commolet	commolēmus	commolētis	commolent	commole	commolite	commolere
commonefaciō	-	commonefacis	-	commonefacimus	commonefacitis	-	-	-	-	-	-	-	-	-	-	-	-	-	commoneface	commonefacite	commonefacere
commorior	-	commorere	commoritur	commorimur	commoriminī	-	-	commoriēbāre	-	-	-	-	-	commoriēre	-	-	-	-	commorere	commoriminī	commorī
commoror	-	commorāre	-	-	-	-	-	commorābāre	-	-	-	-	-	commorābere	-	-	-	-	-	-	-
commurmuror	-	commurmurāre	-	-	-	-	-	commurmurābāre	-	-	-	-	-	commurmurābere	-	-	-	-	-	-	-
commētior	-	commētīre	-	-	-	-	-	commētiēbāre	-	-	-	-	-	commētiēre	-	-	-	-	-	-	-
commōlior	-	commōlīre	-	-	-	-	-	commōliēbāre	-	-	-	-	-	commōliēre	-	-	-	-	-	-	-
commūnicor	-	commūnicāre	-	-	-	-	-	commūnicābāre	-	-	-	-	-	commūnicābere	-	-	-	-	-	-	-
compacīscor	-	compacīscere	compacīscitur	compacīscimur	compacīsciminī	compacīscuntur	compacīscēbar	compacīscēbāre	compacīscēbātur	compacīscēbāmur	compacīscēbāminī	compacīscēbantur	compacīscar	compacīscēre	compacīscētur	compacīscēmur	compacīscēminī	compacīscentur	compacīscere	compacīsciminī	compacīscī
comparcō	-	comparcis	comparcit	comparcimus	comparcitis	comparcunt	comparcēbam	comparcēbās	comparcēbat	comparcēbāmus	comparcēbātis	comparcēbant	comparcam	comparcēs	comparcet	comparcēmus	comparcētis	comparcent	comparce	comparcite	comparcere
compartior	-	compartere	compartitur	compartimur	compartiminī	-	-	compartiēbāre	-	-	-	-	-	compartiēre	-	-	-	-	compartere	compartiminī	compartī
compatior	-	compatere	compatitur	compatimur	compatiminī	-	-	compatiēbāre	-	-	-	-	-	compatiēre	-	-	-	-	compatere	compatiminī	compatī
compecīscor	-	compecīscere	compecīscitur	compecīscimur	compecīsciminī	compecīscuntur	compecīscēbar	compecīscēbāre	compecīscēbātur	compecīscēbāmur	compecīscēbāminī	compecīscēbantur	compecīscar	compecīscēre	compecīscētur	compecīscēmur	compecīscēminī	compecīscentur	compecīscere	compecīsciminī	compecīscī
compellō	-	compellis	-	compellimus	compellitis	-	-	-	-	-	-	-	compellam	-	compellet	-	-	compellent	compelle	compellite	compellere
compendō	-	compendis	compendit	compendimus	compenditis	compendunt	compendēbam	compendēbās	compendēbat	compendēbāmus	compendēbātis	compendēbant	compendam	compendēs	compendet	compendēmus	compendētis	compendent	compende	compendite	compendere
compercō	-	compercis	compercit	compercimus	compercitis	compercunt	compercēbam	compercēbās	compercēbat	compercēbāmus	compercēbātis	compercēbant	compercam	compercēs	compercet	compercēmus	compercētis	compercent	comperce	compercite	compercere
competō	-	competis	competit	competimus	competitis	competunt	competēbam	competēbās	competēbat	competēbāmus	competēbātis	competēbant	competam	competēs	competet	competēmus	competētis	competent	compete	competite	competere
compingō	-	compingis	compingit	compingimus	compingitis	compingunt	compingēbam	compingēbās	compingēbat	compingēbāmus	compingēbātis	compingēbant	compingam	compingēs	compinget	compingēmus	compingētis	compingent	compinge	compingite	compingere
complector	-	complectere	complectitur	complectimur	complectiminī	complectuntur	complectēbar	complectēbāre	complectēbātur	complectēbāmur	complectēbāminī	complectēbantur	complectar	complectēre	complectētur	complectēmur	complectēminī	complectentur	complectere	complectiminī	complectī
complectō	-	complectis	complectit	complectimus	complectitis	complectunt	complectēbam	complectēbās	complectēbat	complectēbāmus	complectēbātis	complectēbant	complectam	complectēs	complectet	complectēmus	complectētis	complectent	complecte	complectite	complectere
compluor	-	compluere	compluitur	compluimur	compluiminī	compluuntur	compluēbar	compluēbāre	compluēbātur	compluēbāmur	compluēbāminī	compluēbantur	compluar	compluēre	compluētur	compluēmur	compluēminī	compluentur	compluere	compluiminī	compluī
complōdō	-	complōdis	complōdit	complōdimus	complōditis	complōdunt	complōdēbam	complōdēbās	complōdēbat	complōdēbāmus	complōdēbātis	complōdēbant	complōdam	complōdēs	complōdet	complōdēmus	complōdētis	complōdent	complōde	complōdite	complōdere
comprecor	-	comprecāre	-	-	-	-	-	comprecābāre	-	-	-	-	-	comprecābere	-	-	-	-	-	-	-
comprehendō	-	comprehendis	comprehendit	comprehendimus	comprehenditis	comprehendunt	comprehendēbam	comprehendēbās	comprehendēbat	comprehendēbāmus	comprehendēbātis	comprehendēbant	comprehendam	comprehendēs	comprehendet	comprehendēmus	comprehendētis	comprehendent	comprehende	comprehendite	comprehendere
comprimō	-	comprimis	comprimit	comprimimus	comprimitis	comprimunt	comprimēbam	comprimēbās	comprimēbat	comprimēbāmus	comprimēbātis	comprimēbant	comprimam	comprimēs	comprimet	comprimēmus	comprimētis	compriment	comprime	comprimite	comprimere
comprēndō	-	comprēndis	comprēndit	comprēndimus	comprēnditis	comprēndunt	comprēndēbam	comprēndēbās	comprēndēbat	comprēndēbāmus	comprēndēbātis	comprēndēbant	comprēndam	comprēndēs	comprēndet	comprēndēmus	comprēndētis	comprēndent	comprēnde	comprēndite	comprēndere
comprōmittō	-	comprōmittis	comprōmittit	comprōmittimus	comprōmittitis	comprōmittunt	comprōmittēbam	comprōmittēbās	comprōmittēbat	comprōmittēbāmus	comprōmittēbātis	comprōmittēbant	comprōmittam	comprōmittēs	comprōmittet	comprōmittēmus	comprōmittētis	comprōmittent	comprōmitte	comprōmittite	comprōmittere
compungō	-	compungis	compungit	compungimus	compungitis	compungunt	compungēbam	compungēbās	compungēbat	compungēbāmus	compungēbātis	compungēbant	compungam	compungēs	compunget	compungēmus	compungētis	compungent	compunge	compungite	compungere
compōnō	-	compōnis	compōnit	compōnimus	compōnitis	compōnunt	compōnēbam	compōnēbās	compōnēbat	compōnēbāmus	compōnēbātis	compōnēbant	compōnam	compōnēs	compōnet	compōnēmus	compōnētis	compōnent	compōne	compōnite	compōnere
conbibō	-	conbibis	conbibit	conbibimus	conbibitis	conbibunt	conbibēbam	conbibēbās	conbibēbat	conbibēbāmus	conbibēbātis	conbibēbant	conbibam	conbibēs	conbibet	conbibēmus	conbibētis	conbibent	conbibe	conbibite	conbibere
conbūrō	-	conbūris	conbūrit	conbūrimus	conbūritis	conbūrunt	conbūrēbam	conbūrēbās	conbūrēbat	conbūrēbāmus	conbūrēbātis	conbūrēbant	conbūram	conbūrēs	conbūret	conbūrēmus	conbūrētis	conbūrent	conbūre	conbūrite	conbūrere
concalefaciō	-	concalefacis	-	concalefacimus	concalefacitis	-	-	-	-	-	-	-	-	-	-	-	-	-	concaleface	concalefacite	concalefacere
concernō	-	concernis	concernit	concernimus	concernitis	concernunt	concernēbam	concernēbās	concernēbat	concernēbāmus	concernēbātis	concernēbant	concernam	concernēs	concernet	concernēmus	concernētis	concernent	concerne	concernite	concernere
concerpō	-	concerpis	concerpit	concerpimus	concerpitis	concerpunt	concerpēbam	concerpēbās	concerpēbat	concerpēbāmus	concerpēbātis	concerpēbant	concerpam	concerpēs	concerpet	concerpēmus	concerpētis	concerpent	concerpe	concerpite	concerpere
concidō	-	concidis	concidit	concidimus	conciditis	concidunt	concidēbam	concidēbās	concidēbat	concidēbāmus	concidēbātis	concidēbant	concidam	concidēs	concidet	concidēmus	concidētis	concident	concide	concidite	concidere
conciliō	-	conciliās	conciliat	conciliāmus	conciliātis	conciliant	conciliābam	conciliābās	conciliābat	conciliābāmus	conciliābātis	conciliābant	conciliābō	conciliābis	conciliābit	conciliābimus	conciliābitis	conciliābunt	conciliā	conciliāte	conciliāre
concinō	-	concinis	concinit	concinimus	concinitis	concinunt	concinēbam	concinēbās	concinēbat	concinēbāmus	concinēbātis	concinēbant	concinam	concinēs	concinet	concinēmus	concinētis	concinent	concine	concinite	concinere
concionor	-	concionāre	-	-	-	-	-	concionābāre	-	-	-	-	-	concionābere	-	-	-	-	-	-	-
concipiō	-	concipis	-	concipimus	concipitis	-	-	-	-	-	-	-	-	-	-	-	-	-	concipe	concipite	concipere
conclūdō	-	conclūdis	conclūdit	conclūdimus	conclūditis	conclūdunt	conclūdēbam	conclūdēbās	conclūdēbat	conclūdēbāmus	conclūdēbātis	conclūdēbant	conclūdam	conclūdēs	conclūdet	conclūdēmus	conclūdētis	conclūdent	conclūde	conclūdite	conclūdere
concomitor	-	concomitāre	-	-	-	-	-	concomitābāre	-	-	-	-	-	concomitābere	-	-	-	-	-	-	-
concoquō	-	concoquis	concoquit	concoquimus	concoquitis	concoquunt	concoquēbam	concoquēbās	concoquēbat	concoquēbāmus	concoquēbātis	concoquēbant	concoquam	concoquēs	concoquet	concoquēmus	concoquētis	concoquent	concoque	concoquite	concoquere
concreō	-	concreās	concreat	concreāmus	concreātis	concreant	concreābam	concreābās	concreābat	concreābāmus	concreābātis	concreābant	concreābō	concreābis	concreābit	concreābimus	concreābitis	concreābunt	concreā	concreāte	concreāre
concrēdō	-	concrēdis	concrēdit	concrēdimus	concrēditis	concrēdunt	concrēdēbam	concrēdēbās	concrēdēbat	concrēdēbāmus	concrēdēbātis	concrēdēbant	concrēdam	concrēdēs	concrēdet	concrēdēmus	concrēdētis	concrēdent	concrēde	concrēdite	concrēdere
concubō	-	concubis	-	concubimus	concubitis	-	-	-	-	-	-	-	concubam	-	concubet	-	-	concubent	concube	concubite	concubere
concumbō	-	concumbis	concumbit	concumbimus	concumbitis	concumbunt	concumbēbam	concumbēbās	concumbēbat	concumbēbāmus	concumbēbātis	concumbēbant	concumbam	concumbēs	concumbet	concumbēmus	concumbētis	concumbent	concumbe	concumbite	concumbere
concupiō	-	concupis	-	concupimus	concupitis	-	-	-	-	-	-	-	-	-	-	-	-	-	concupe	concupite	concupere
concurrō	-	concurris	concurrit	concurrimus	concurritis	concurrunt	concurrēbam	concurrēbās	concurrēbat	concurrēbāmus	concurrēbātis	concurrēbant	concurram	concurrēs	concurret	concurrēmus	concurrētis	concurrent	concurre	concurrite	concurrere
concutiō	-	concutis	-	concutimus	concutitis	-	-	-	-	-	-	-	-	-	-	-	-	-	concute	concutite	concutere
concēdō	-	concēdis	concēdit	concēdimus	concēditis	concēdunt	concēdēbam	concēdēbās	concēdēbat	concēdēbāmus	concēdēbātis	concēdēbant	concēdam	concēdēs	concēdet	concēdēmus	concēdētis	concēdent	concēde	concēdite	concēdere
concīdō	-	concīdis	concīdit	concīdimus	concīditis	concīdunt	concīdēbam	concīdēbās	concīdēbat	concīdēbāmus	concīdēbātis	concīdēbant	concīdam	concīdēs	concīdet	concīdēmus	concīdētis	concīdent	concīde	concīdite	concīdere
condocefaciō	-	condocefacis	-	condocefacimus	condocefacitis	-	-	-	-	-	-	-	-	-	-	-	-	-	condoceface	condocefacite	condocefacere
condēcernō	-	condēcernis	condēcernit	condēcernimus	condēcernitis	condēcernunt	condēcernēbam	condēcernēbās	condēcernēbat	condēcernēbāmus	condēcernēbātis	condēcernēbant	condēcernam	condēcernēs	condēcernet	condēcernēmus	condēcernētis	condēcernent	condēcerne	condēcernite	condēcernere
condēlector	-	condēlectāre	-	-	-	-	-	condēlectābāre	-	-	-	-	-	condēlectābere	-	-	-	-	-	-	-
condēscendō	-	condēscendis	condēscendit	condēscendimus	condēscenditis	condēscendunt	condēscendēbam	condēscendēbās	condēscendēbat	condēscendēbāmus	condēscendēbātis	condēscendēbant	condēscendam	condēscendēs	condēscendet	condēscendēmus	condēscendētis	condēscendent	condēscende	condēscendite	condēscendere
condīcō	-	condīcis	condīcit	condīcimus	condīcitis	condīcunt	condīcēbam	condīcēbās	condīcēbat	condīcēbāmus	condīcēbātis	condīcēbant	condīcam	condīcēs	condīcet	condīcēmus	condīcētis	condīcent	condīc	condīcite	condīcere
condō	-	condis	condit	condimus	conditis	condunt	condēbam	condēbās	condēbat	condēbāmus	condēbātis	condēbant	condam	condēs	condet	condēmus	condētis	condent	conde	condite	condere
condūcō	-	condūcis	condūcit	condūcimus	condūcitis	condūcunt	condūcēbam	condūcēbās	condūcēbat	condūcēbāmus	condūcēbātis	condūcēbant	condūcam	condūcēs	condūcet	condūcēmus	condūcētis	condūcent	condūc	condūcite	condūcere
congemō	-	congemis	congemit	congemimus	congemitis	congemunt	congemēbam	congemēbās	congemēbat	congemēbāmus	congemēbātis	congemēbant	congemam	congemēs	congemet	congemēmus	congemētis	congement	congeme	congemite	congemere
congerō	-	congeris	congerit	congerimus	congeritis	congerunt	congerēbam	congerēbās	congerēbat	congerēbāmus	congerēbātis	congerēbant	congeram	congerēs	congeret	congerēmus	congerētis	congerent	congere	congerite	congerere
conglaciō	-	conglaciās	conglaciat	conglaciāmus	conglaciātis	conglaciant	conglaciābam	conglaciābās	conglaciābat	conglaciābāmus	conglaciābātis	conglaciābant	conglaciābō	conglaciābis	conglaciābit	conglaciābimus	conglaciābitis	conglaciābunt	conglaciā	conglaciāte	conglaciāre
congraecor	-	congraecāre	-	-	-	-	-	congraecābāre	-	-	-	-	-	congraecābere	-	-	-	-	-	-	-
congredior	-	congredere	congreditur	congredimur	congrediminī	-	-	congrediēbāre	-	-	-	-	-	congrediēre	-	-	-	-	congredere	congrediminī	congredī
congruō	-	congruis	congruit	congruimus	congruitis	congruunt	congruēbam	congruēbās	congruēbat	congruēbāmus	congruēbātis	congruēbant	congruam	congruēs	congruet	congruēmus	congruētis	congruent	congrue	congruite	congruere
congrātulor	-	congrātulāre	-	-	-	-	-	congrātulābāre	-	-	-	-	-	congrātulābere	-	-	-	-	-	-	-
coniciō	-	conicis	-	conicimus	conicitis	-	-	-	-	-	-	-	-	-	-	-	-	-	conice	conicite	conicere
coniiciō	-	coniicis	-	coniicimus	coniicitis	-	-	-	-	-	-	-	-	-	-	-	-	-	coniice	coniicite	coniicere
coniungō	-	coniungis	coniungit	coniungimus	coniungitis	coniungunt	coniungēbam	coniungēbās	coniungēbat	coniungēbāmus	coniungēbātis	coniungēbant	coniungam	coniungēs	coniunget	coniungēmus	coniungētis	coniungent	coniunge	coniungite	coniungere
coniūcundor	-	coniūcundāre	-	-	-	-	-	coniūcundābāre	-	-	-	-	-	coniūcundābere	-	-	-	-	-	-	-
conjiciō	-	conjicis	-	conjicimus	conjicitis	-	-	-	-	-	-	-	-	-	-	-	-	-	conjice	conjicite	conjicere
conjungō	-	conjungis	conjungit	conjungimus	conjungitis	conjungunt	conjungēbam	conjungēbās	conjungēbat	conjungēbāmus	conjungēbātis	conjungēbant	conjungam	conjungēs	conjunget	conjungēmus	conjungētis	conjungent	conjunge	conjungite	conjungere
conligō	-	conligis	-	conligimus	conligitis	-	-	-	-	-	-	-	conligam	-	conliget	-	-	conligent	conlige	conligite	conligere
conloquor	-	conloquere	conloquitur	conloquimur	conloquiminī	conloquuntur	conloquēbar	conloquēbāre	conloquēbātur	conloquēbāmur	conloquēbāminī	conloquēbantur	conloquar	conloquēre	conloquētur	conloquēmur	conloquēminī	conloquentur	conloquere	conloquiminī	conloquī
conlābor	-	conlābere	conlābitur	conlābimur	conlābiminī	conlābuntur	conlābēbar	conlābēbāre	conlābēbātur	conlābēbāmur	conlābēbāminī	conlābēbantur	conlābar	conlābēre	conlābētur	conlābēmur	conlābēminī	conlābentur	conlābere	conlābiminī	conlābī
conlīdō	-	conlīdis	conlīdit	conlīdimus	conlīditis	conlīdunt	conlīdēbam	conlīdēbās	conlīdēbat	conlīdēbāmus	conlīdēbātis	conlīdēbant	conlīdam	conlīdēs	conlīdet	conlīdēmus	conlīdētis	conlīdent	conlīde	conlīdite	conlīdere
conlūctor	-	conlūctāre	-	-	-	-	-	conlūctābāre	-	-	-	-	-	conlūctābere	-	-	-	-	-	-	-
conlūdō	-	conlūdis	conlūdit	conlūdimus	conlūditis	conlūdunt	conlūdēbam	conlūdēbās	conlūdēbat	conlūdēbāmus	conlūdēbātis	conlūdēbant	conlūdam	conlūdēs	conlūdet	conlūdēmus	conlūdētis	conlūdent	conlūde	conlūdite	conlūdere
conlū̆ctor	-	conlū̆ctāre	-	-	-	-	-	conlū̆ctābāre	-	-	-	-	-	conlū̆ctābere	-	-	-	-	-	-	-
conmorior	-	conmorere	conmoritur	conmorimur	conmoriminī	-	-	conmoriēbāre	-	-	-	-	-	conmoriēre	-	-	-	-	conmorere	conmoriminī	conmorī
conmētior	-	conmētīre	-	-	-	-	-	conmētiēbāre	-	-	-	-	-	conmētiēre	-	-	-	-	-	-	-
connectō	-	connectis	connectit	connectimus	connectitis	connectunt	connectēbam	connectēbās	connectēbat	connectēbāmus	connectēbātis	connectēbant	connectam	connectēs	connectet	connectēmus	connectētis	connectent	connecte	connectite	connectere
connītor	-	connītere	connītitur	connītimur	connītiminī	connītuntur	connītēbar	connītēbāre	connītēbātur	connītēbāmur	connītēbāminī	connītēbantur	connītar	connītēre	connītētur	connītēmur	connītēminī	connītentur	connītere	connītiminī	connītī
conpartior	-	conpartere	conpartitur	conpartimur	conpartiminī	-	-	conpartiēbāre	-	-	-	-	-	conpartiēre	-	-	-	-	conpartere	conpartiminī	conpartī
conpatior	-	conpatere	conpatitur	conpatimur	conpatiminī	-	-	conpatiēbāre	-	-	-	-	-	conpatiēre	-	-	-	-	conpatere	conpatiminī	conpatī
conpellō	-	conpellis	-	conpellimus	conpellitis	-	-	-	-	-	-	-	conpellam	-	conpellet	-	-	conpellent	conpelle	conpellite	conpellere
conpetō	-	conpetis	conpetit	conpetimus	conpetitis	conpetunt	conpetēbam	conpetēbās	conpetēbat	conpetēbāmus	conpetēbātis	conpetēbant	conpetam	conpetēs	conpetet	conpetēmus	conpetētis	conpetent	conpete	conpetite	conpetere
conpingō	-	conpingis	conpingit	conpingimus	conpingitis	conpingunt	conpingēbam	conpingēbās	conpingēbat	conpingēbāmus	conpingēbātis	conpingēbant	conpingam	conpingēs	conpinget	conpingēmus	conpingētis	conpingent	conpinge	conpingite	conpingere
conplector	-	conplectere	conplectitur	conplectimur	conplectiminī	conplectuntur	conplectēbar	conplectēbāre	conplectēbātur	conplectēbāmur	conplectēbāminī	conplectēbantur	conplectar	conplectēre	conplectētur	conplectēmur	conplectēminī	conplectentur	conplectere	conplectiminī	conplectī
conpluor	-	conpluere	conpluitur	conpluimur	conpluiminī	conpluuntur	conpluēbar	conpluēbāre	conpluēbātur	conpluēbāmur	conpluēbāminī	conpluēbantur	conpluar	conpluēre	conpluētur	conpluēmur	conpluēminī	conpluentur	conpluere	conpluiminī	conpluī
conplōdō	-	conplōdis	conplōdit	conplōdimus	conplōditis	conplōdunt	conplōdēbam	conplōdēbās	conplōdēbat	conplōdēbāmus	conplōdēbātis	conplōdēbant	conplōdam	conplōdēs	conplōdet	conplōdēmus	conplōdētis	conplōdent	conplōde	conplōdite	conplōdere
conprehendō	-	conprehendis	conprehendit	conprehendimus	conprehenditis	conprehendunt	conprehendēbam	conprehendēbās	conprehendēbat	conprehendēbāmus	conprehendēbātis	conprehendēbant	conprehendam	conprehendēs	conprehendet	conprehendēmus	conprehendētis	conprehendent	conprehende	conprehendite	conprehendere
conprimō	-	conprimis	conprimit	conprimimus	conprimitis	conprimunt	conprimēbam	conprimēbās	conprimēbat	conprimēbāmus	conprimēbātis	conprimēbant	conprimam	conprimēs	conprimet	conprimēmus	conprimētis	conpriment	conprime	conprimite	conprimere
conpungō	-	conpungis	conpungit	conpungimus	conpungitis	conpungunt	conpungēbam	conpungēbās	conpungēbat	conpungēbāmus	conpungēbātis	conpungēbant	conpungam	conpungēs	conpunget	conpungēmus	conpungētis	conpungent	conpunge	conpungite	conpungere
conpōnō	-	conpōnis	conpōnit	conpōnimus	conpōnitis	conpōnunt	conpōnēbam	conpōnēbās	conpōnēbat	conpōnēbāmus	conpōnēbātis	conpōnēbant	conpōnam	conpōnēs	conpōnet	conpōnēmus	conpōnētis	conpōnent	conpōne	conpōnite	conpōnere
conquaerō	-	conquaeris	conquaerit	conquaerimus	conquaeritis	conquaerunt	conquaerēbam	conquaerēbās	conquaerēbat	conquaerēbāmus	conquaerēbātis	conquaerēbant	conquaeram	conquaerēs	conquaeret	conquaerēmus	conquaerētis	conquaerent	conquaere	conquaerite	conquaerere
conqueror	-	conquerere	conqueritur	conquerimur	conqueriminī	conqueruntur	conquerēbar	conquerēbāre	conquerēbātur	conquerēbāmur	conquerēbāminī	conquerēbantur	conquerar	conquerēre	conquerētur	conquerēmur	conquerēminī	conquerentur	conquerere	conqueriminī	conquerī
conquīrō	-	conquīris	conquīrit	conquīrimus	conquīritis	conquīrunt	conquīrēbam	conquīrēbās	conquīrēbat	conquīrēbāmus	conquīrēbātis	conquīrēbant	conquīram	conquīrēs	conquīret	conquīrēmus	conquīrētis	conquīrent	conquīre	conquīrite	conquīrere
conresurgō	-	conresurgis	conresurgit	conresurgimus	conresurgitis	conresurgunt	conresurgēbam	conresurgēbās	conresurgēbat	conresurgēbāmus	conresurgēbātis	conresurgēbant	conresurgam	conresurgēs	conresurget	conresurgēmus	conresurgētis	conresurgent	conresurge	conresurgite	conresurgere
conrōdō	-	conrōdis	conrōdit	conrōdimus	conrōditis	conrōdunt	conrōdēbam	conrōdēbās	conrōdēbat	conrōdēbāmus	conrōdēbātis	conrōdēbant	conrōdam	conrōdēs	conrōdet	conrōdēmus	conrōdētis	conrōdent	conrōde	conrōdite	conrōdere
contegō	-	contegis	contegit	contegimus	contegitis	contegunt	contegēbam	contegēbās	contegēbat	contegēbāmus	contegēbātis	contegēbant	contegam	contegēs	conteget	contegēmus	contegētis	contegent	contege	contegite	contegere
contemnō	-	contemnis	contemnit	contemnimus	contemnitis	contemnunt	contemnēbam	contemnēbās	contemnēbat	contemnēbāmus	contemnēbātis	contemnēbant	contemnam	contemnēs	contemnet	contemnēmus	contemnētis	contemnent	contemne	contemnite	contemnere
contemplor	-	contemplāre	-	-	-	-	-	contemplābāre	-	-	-	-	-	contemplābere	-	-	-	-	-	-	contemplārier
contendō	-	contendis	contendit	contendimus	contenditis	contendunt	contendēbam	contendēbās	contendēbat	contendēbāmus	contendēbātis	contendēbant	contendam	contendēs	contendet	contendēmus	contendētis	contendent	contende	contendite	contendere
conterō	-	conteris	conterit	conterimus	conteritis	conterunt	conterēbam	conterēbās	conterēbat	conterēbāmus	conterēbātis	conterēbant	conteram	conterēs	conteret	conterēmus	conterētis	conterent	contere	conterite	conterere
contestor	-	contestāre	-	-	-	-	-	contestābāre	-	-	-	-	-	contestābere	-	-	-	-	-	-	-
contexō	-	contexis	contexit	conteximus	contexitis	contexunt	contexēbam	contexēbās	contexēbat	contexēbāmus	contexēbātis	contexēbant	contexam	contexēs	contexet	contexēmus	contexētis	contexent	contexe	contexite	contexere
contingō	-	contingis	contingit	contingimus	contingitis	contingunt	contingēbam	contingēbās	contingēbat	contingēbāmus	contingēbātis	contingēbant	contingam	contingēs	continget	contingēmus	contingētis	contingent	continge	contingite	contingere
continor	-	contināre	-	-	-	-	-	continābāre	-	-	-	-	-	continābere	-	-	-	-	-	-	-
contollō	-	contollis	contollit	contollimus	contollitis	contollunt	contollēbam	contollēbās	contollēbat	contollēbāmus	contollēbātis	contollēbant	contollam	contollēs	contollet	contollēmus	contollētis	contollent	contolle	contollite	contollere
contraeō	-	contraīs	contrait	contraīmus	contraītis	contraeunt	contraībam	contraībās	contraībat	contraībāmus	contraībātis	contraībant	contraībō	contraībis	contraībit	contraībimus	contraībitis	contraībunt	contraī	contraīte	contraīre
contrahō	-	contrahis	contrahit	contrahimus	contrahitis	contrahunt	contrahēbam	contrahēbās	contrahēbat	contrahēbāmus	contrahēbātis	contrahēbant	contraham	contrahēs	contrahet	contrahēmus	contrahētis	contrahent	contrahe	contrahite	contrahere
contremō	-	contremis	contremit	contremimus	contremitis	contremunt	contremēbam	contremēbās	contremēbat	contremēbāmus	contremēbātis	contremēbant	contremam	contremēs	contremet	contremēmus	contremētis	contrement	contreme	contremite	contremere
contribuō	-	contribuis	contribuit	contribuimus	contribuitis	contribuunt	contribuēbam	contribuēbās	contribuēbat	contribuēbāmus	contribuēbātis	contribuēbant	contribuam	contribuēs	contribuet	contribuēmus	contribuētis	contribuent	contribue	contribuite	contribuere
contrādeicō	-	contrādeicis	contrādeicit	contrādeicimus	contrādeicitis	contrādeicunt	contrādeicēbam	contrādeicēbās	contrādeicēbat	contrādeicēbāmus	contrādeicēbātis	contrādeicēbant	contrādeicam	contrādeicēs	contrādeicet	contrādeicēmus	contrādeicētis	contrādeicent	contrādeice	contrādeicite	contrādeicere
contrādīcō	-	contrādīcis	contrādīcit	contrādīcimus	contrādīcitis	contrādīcunt	contrādīcēbam	contrādīcēbās	contrādīcēbat	contrādīcēbāmus	contrādīcēbātis	contrādīcēbant	contrādīcam	contrādīcēs	contrādīcet	contrādīcēmus	contrādīcētis	contrādīcent	contrādīc	contrādīcite	contrādīcere
contrāpōnō	-	contrāpōnis	contrāpōnit	contrāpōnimus	contrāpōnitis	contrāpōnunt	contrāpōnēbam	contrāpōnēbās	contrāpōnēbat	contrāpōnēbāmus	contrāpōnēbātis	contrāpōnēbant	contrāpōnam	contrāpōnēs	contrāpōnet	contrāpōnēmus	contrāpōnētis	contrāpōnent	contrāpōne	contrāpōnite	contrāpōnere
contrāscrībō	-	contrāscrībis	contrāscrībit	contrāscrībimus	contrāscrībitis	contrāscrībunt	contrāscrībēbam	contrāscrībēbās	contrāscrībēbat	contrāscrībēbāmus	contrāscrībēbātis	contrāscrībēbant	contrāscrībam	contrāscrībēs	contrāscrībet	contrāscrībēmus	contrāscrībētis	contrāscrībent	contrāscrībe	contrāscrībite	contrāscrībere
contrūdō	-	contrūdis	contrūdit	contrūdimus	contrūditis	contrūdunt	contrūdēbam	contrūdēbās	contrūdēbat	contrūdēbāmus	contrūdēbātis	contrūdēbant	contrūdam	contrūdēs	contrūdet	contrūdēmus	contrūdētis	contrūdent	contrūde	contrūdite	contrūdere
contueor	-	contuēre	-	-	-	-	-	contuēbāre	-	-	-	-	-	contuēbere	-	-	-	-	-	-	-
contundō	-	contundis	contundit	contundimus	contunditis	contundunt	contundēbam	contundēbās	contundēbat	contundēbāmus	contundēbātis	contundēbant	contundam	contundēs	contundet	contundēmus	contundētis	contundent	contunde	contundite	contundere
contūtor	-	contūtāre	-	-	-	-	-	contūtābāre	-	-	-	-	-	contūtābere	-	-	-	-	-	-	-
convehō	-	convehis	convehit	convehimus	convehitis	convehunt	convehēbam	convehēbās	convehēbat	convehēbāmus	convehēbātis	convehēbant	conveham	convehēs	convehet	convehēmus	convehētis	convehent	convehe	convehite	convehere
convellō	-	convellis	convellit	convellimus	convellitis	convellunt	convellēbam	convellēbās	convellēbat	convellēbāmus	convellēbātis	convellēbant	convellam	convellēs	convellet	convellēmus	convellētis	convellent	convelle	convellite	convellere
convergō	-	convergis	convergit	convergimus	convergitis	convergunt	convergēbam	convergēbās	convergēbat	convergēbāmus	convergēbātis	convergēbant	convergam	convergēs	converget	convergēmus	convergētis	convergent	converge	convergite	convergere
converrō	-	converris	converrit	converrimus	converritis	converrunt	converrēbam	converrēbās	converrēbat	converrēbāmus	converrēbātis	converrēbant	converram	converrēs	converret	converrēmus	converrētis	converrent	converre	converrite	converrere
conversor	-	conversāre	-	-	-	-	-	conversābāre	-	-	-	-	-	conversābere	-	-	-	-	-	-	-
convertō	-	convertis	convertit	convertimus	convertitis	convertunt	convertēbam	convertēbās	convertēbat	convertēbāmus	convertēbātis	convertēbant	convertam	convertēs	convertet	convertēmus	convertētis	convertent	converte	convertite	convertere
convincō	-	convincis	convincit	convincimus	convincitis	convincunt	convincēbam	convincēbās	convincēbat	convincēbāmus	convincēbātis	convincēbant	convincam	convincēs	convincet	convincēmus	convincētis	convincent	convince	convincite	convincere
convolvō	-	convolvis	convolvit	convolvimus	convolvitis	convolvunt	convolvēbam	convolvēbās	convolvēbat	convolvēbāmus	convolvēbātis	convolvēbant	convolvam	convolvēs	convolvet	convolvēmus	convolvētis	convolvent	convolve	convolvite	convolvere
convomō	-	convomis	convomit	convomimus	convomitis	convomunt	convomēbam	convomēbās	convomēbat	convomēbāmus	convomēbātis	convomēbant	convomam	convomēs	convomet	convomēmus	convomētis	convoment	convome	convomite	convomere
convorrō	-	convorris	convorrit	convorrimus	convorritis	convorrunt	convorrēbam	convorrēbās	convorrēbat	convorrēbāmus	convorrēbātis	convorrēbant	convorram	convorrēs	convorret	convorrēmus	convorrētis	convorrent	convorre	convorrite	convorrere
convēscor	-	convēscere	convēscitur	convēscimur	convēsciminī	convēscuntur	convēscēbar	convēscēbāre	convēscēbātur	convēscēbāmur	convēscēbāminī	convēscēbantur	convēscar	convēscēre	convēscētur	convēscēmur	convēscēminī	convēscentur	convēscere	convēsciminī	convēscī
convīcior	-	convīciāre	convīciātur	convīciāmur	convīciāminī	convīciantur	convīciābar	convīciābāre	convīciābātur	convīciābāmur	convīciābāminī	convīciābantur	convīciābor	convīciābere	convīciābitur	convīciābimur	convīciābiminī	convīciābuntur	convīciāre	convīciāminī	convīciārī
convīsō	-	convīsis	convīsit	convīsimus	convīsitis	convīsunt	convīsēbam	convīsēbās	convīsēbat	convīsēbāmus	convīsēbātis	convīsēbant	convīsam	convīsēs	convīset	convīsēmus	convīsētis	convīsent	convīse	convīsite	convīsere
convīvor	-	convīvāre	-	-	-	-	-	convīvābāre	-	-	-	-	-	convīvābere	-	-	-	-	-	-	convīvārier
convīvō	-	convīvis	convīvit	convīvimus	convīvitis	convīvunt	convīvēbam	convīvēbās	convīvēbat	convīvēbāmus	convīvēbātis	convīvēbant	convīvam	convīvēs	convīvet	convīvēmus	convīvētis	convīvent	convīve	convīvite	convīvere
cooperor	-	cooperāre	-	-	-	-	-	cooperābāre	-	-	-	-	-	cooperābere	-	-	-	-	-	-	-
coorior	-	coorīre	-	-	-	-	-	cooriēbāre	-	-	-	-	-	cooriēre	-	-	-	-	-	-	-
coquō	-	coquis	coquit	coquimus	coquitis	coquunt	coquēbam	coquēbās	coquēbat	coquēbāmus	coquēbātis	coquēbant	coquam	coquēs	coquet	coquēmus	coquētis	coquent	coque	coquite	coquere
cornīcor	-	cornīcāre	-	-	-	-	-	cornīcābāre	-	-	-	-	-	cornīcābere	-	-	-	-	-	-	-
corresurgō	-	corresurgis	corresurgit	corresurgimus	corresurgitis	corresurgunt	corresurgēbam	corresurgēbās	corresurgēbat	corresurgēbāmus	corresurgēbātis	corresurgēbant	corresurgam	corresurgēs	corresurget	corresurgēmus	corresurgētis	corresurgent	corresurge	corresurgite	corresurgere
corrigō	-	corrigis	corrigit	corrigimus	corrigitis	corrigunt	corrigēbam	corrigēbās	corrigēbat	corrigēbāmus	corrigēbātis	corrigēbant	corrigam	corrigēs	corriget	corrigēmus	corrigētis	corrigent	corrige	corrigite	corrigere
corripiō	-	corripis	-	corripimus	corripitis	-	-	-	-	-	-	-	-	-	-	-	-	-	corripe	corripite	corripere
corrumpō	-	corrumpis	corrumpit	corrumpimus	corrumpitis	corrumpunt	corrumpēbam	corrumpēbās	corrumpēbat	corrumpēbāmus	corrumpēbātis	corrumpēbant	corrumpam	corrumpēs	corrumpet	corrumpēmus	corrumpētis	corrumpent	corrumpe	corrumpite	corrumpere
corruō	-	corruis	corruit	corruimus	corruitis	corruunt	corruēbam	corruēbās	corruēbat	corruēbāmus	corruēbātis	corruēbant	corruam	corruēs	corruet	corruēmus	corruētis	corruent	corrue	corruite	corruere
corrādō	-	corrādis	corrādit	corrādimus	corrāditis	corrādunt	corrādēbam	corrādēbās	corrādēbat	corrādēbāmus	corrādēbātis	corrādēbant	corrādam	corrādēs	corrādet	corrādēmus	corrādētis	corrādent	corrāde	corrādite	corrādere
corrēpō	-	corrēpis	corrēpit	corrēpimus	corrēpitis	corrēpunt	corrēpēbam	corrēpēbās	corrēpēbat	corrēpēbāmus	corrēpēbātis	corrēpēbant	corrēpam	corrēpēs	corrēpet	corrēpēmus	corrēpētis	corrēpent	corrēpe	corrēpite	corrēpere
corrōdō	-	corrōdis	corrōdit	corrōdimus	corrōditis	corrōdunt	corrōdēbam	corrōdēbās	corrōdēbat	corrōdēbāmus	corrōdēbātis	corrōdēbant	corrōdam	corrōdēs	corrōdet	corrōdēmus	corrōdētis	corrōdent	corrōde	corrōdite	corrōdere
coruscō	-	coruscās	coruscat	coruscāmus	coruscātis	coruscant	coruscābam	coruscābās	coruscābat	coruscābāmus	coruscābātis	coruscābant	coruscābō	coruscābis	coruscābit	coruscābimus	coruscābitis	coruscābunt	coruscā	coruscāte	coruscāre
coëmō	-	coëmis	coëmit	coëmimus	coëmitis	coëmunt	coëmēbam	coëmēbās	coëmēbat	coëmēbāmus	coëmēbātis	coëmēbant	coëmam	coëmēs	coëmet	coëmēmus	coëmētis	coëment	coëme	coëmite	coëmere
coëpiō	-	coëpis	-	coëpimus	coëpitis	-	-	-	-	-	-	-	-	-	-	-	-	-	coëpe	coëpite	coëpere
coūtor	-	coūtere	coūtitur	coūtimur	coūtiminī	coūtuntur	coūtēbar	coūtēbāre	coūtēbātur	coūtēbāmur	coūtēbāminī	coūtēbantur	coūtar	coūtēre	coūtētur	coūtēmur	coūtēminī	coūtentur	coūtere	coūtiminī	coūtī
creō	-	creās	creat	creāmus	creātis	creant	creābam	creābās	creābat	creābāmus	creābātis	creābant	creābō	creābis	creābit	creābimus	creābitis	creābunt	creā	creāte	creāre
crucifīgō	-	crucifīgis	crucifīgit	crucifīgimus	crucifīgitis	crucifīgunt	crucifīgēbam	crucifīgēbās	crucifīgēbat	crucifīgēbāmus	crucifīgēbātis	crucifīgēbant	crucifīgam	crucifīgēs	crucifīget	crucifīgēmus	crucifīgētis	crucifīgent	crucifīge	crucifīgite	crucifīgere
cruciō	-	cruciās	cruciat	cruciāmus	cruciātis	cruciant	cruciābam	cruciābās	cruciābat	cruciābāmus	cruciābātis	cruciābant	cruciābō	cruciābis	cruciābit	cruciābimus	cruciābitis	cruciābunt	cruciā	cruciāte	cruciāre
crāpulor	-	crāpulāre	-	-	-	-	-	crāpulābāre	-	-	-	-	-	crāpulābere	-	-	-	-	-	-	-
crēdō	-	crēdis	crēdit	crēdimus	crēditis	crēdunt	crēdēbam	crēdēbās	crēdēbat	crēdēbāmus	crēdēbātis	crēdēbant	crēdam	crēdēs	crēdet	crēdēmus	crēdētis	crēdent	crēde	crēdite	crēdere
crīminor	-	crīmināre	-	-	-	-	-	crīminābāre	-	-	-	-	-	crīminābere	-	-	-	-	-	-	-
cumbō	-	cumbis	cumbit	cumbimus	cumbitis	cumbunt	cumbēbam	cumbēbās	cumbēbat	cumbēbāmus	cumbēbātis	cumbēbant	cumbam	cumbēs	cumbet	cumbēmus	cumbētis	cumbent	cumbe	cumbite	cumbere
cuneō	-	cuneās	cuneat	cuneāmus	cuneātis	cuneant	cuneābam	cuneābās	cuneābat	cuneābāmus	cuneābātis	cuneābant	cuneābō	cuneābis	cuneābit	cuneābimus	cuneābitis	cuneābunt	cuneā	cuneāte	cuneāre
cupiō	-	cupis	-	cupimus	cupitis	-	-	-	-	-	-	-	-	-	-	-	-	-	cupe	cupite	cupere
currō	-	curris	currit	currimus	curritis	currunt	currēbam	currēbās	currēbat	currēbāmus	currēbātis	currēbant	curram	currēs	curret	currēmus	currētis	current	curre	currite	currere
cārō	-	cāris	cārit	cārimus	cāritis	cārunt	cārēbam	cārēbās	cārēbat	cārēbāmus	cārēbātis	cārēbant	cāram	cārēs	cāret	cārēmus	cārētis	cārent	cāre	cārite	cārere
cēdō	-	cēdis	cēdit	cēdimus	cēditis	cēdunt	cēdēbam	cēdēbās	cēdēbat	cēdēbāmus	cēdēbātis	cēdēbant	cēdam	cēdēs	cēdet	cēdēmus	cēdētis	cēdent	cēde	cēdite	cēdere
cōgō	-	cōgis	cōgit	cōgimus	cōgitis	cōgunt	cōgēbam	cōgēbās	cōgēbat	cōgēbāmus	cōgēbātis	cōgēbant	cōgam	cōgēs	cōget	cōgēmus	cōgētis	cōgent	cōge	cōgite	cōgere
cōmissor	-	cōmissāre	-	-	-	-	-	cōmissābāre	-	-	-	-	-	cōmissābere	-	-	-	-	-	-	-
cōmō	-	cōmis	cōmit	cōmimus	cōmitis	cōmunt	cōmēbam	cōmēbās	cōmēbat	cōmēbāmus	cōmēbātis	cōmēbant	cōmam	cōmēs	cōmet	cōmēmus	cōmētis	cōment	cōme	cōmite	cōmere
cōnectō	-	cōnectis	cōnectit	cōnectimus	cōnectitis	cōnectunt	cōnectēbam	cōnectēbās	cōnectēbat	cōnectēbāmus	cōnectēbātis	cōnectēbant	cōnectam	cōnectēs	cōnectet	cōnectēmus	cōnectētis	cōnectent	cōnecte	cōnectite	cōnectere
cōnfarreō	-	cōnfarreās	cōnfarreat	cōnfarreāmus	cōnfarreātis	cōnfarreant	cōnfarreābam	cōnfarreābās	cōnfarreābat	cōnfarreābāmus	cōnfarreābātis	cōnfarreābant	cōnfarreābō	cōnfarreābis	cōnfarreābit	cōnfarreābimus	cōnfarreābitis	cōnfarreābunt	cōnfarreā	cōnfarreāte	cōnfarreāre
cōnferō	-	cōnfers	cōnfert	cōnferimus	cōnfertis	cōnferunt	cōnferēbam	cōnferēbās	cōnferēbat	cōnferēbāmus	cōnferēbātis	cōnferēbant	cōnferam	cōnferēs	cōnferet	cōnferēmus	cōnferētis	cōnferent	cōnfer	cōnferte	cōnferre
cōnficiō	-	cōnficis	-	cōnficimus	cōnficitis	-	-	-	-	-	-	-	-	-	-	-	-	-	cōnfice	cōnficite	cōnficere
cōnfingō	-	cōnfingis	cōnfingit	cōnfingimus	cōnfingitis	cōnfingunt	cōnfingēbam	cōnfingēbās	cōnfingēbat	cōnfingēbāmus	cōnfingēbātis	cōnfingēbant	cōnfingam	cōnfingēs	cōnfinget	cōnfingēmus	cōnfingētis	cōnfingent	cōnfinge	cōnfingite	cōnfingere
cōnfiscō	-	cōnfiscās	cōnfiscat	cōnfiscāmus	cōnfiscātis	cōnfiscant	cōnfiscābam	cōnfiscābās	cōnfiscābat	cōnfiscābāmus	cōnfiscābātis	cōnfiscābant	cōnfiscābō	cōnfiscābis	cōnfiscābit	cōnfiscābimus	cōnfiscābitis	cōnfiscābunt	cōnfiscā	cōnfiscāte	cōnfiscāre
cōnfiteor	-	cōnfitēre	-	-	-	-	-	cōnfitēbāre	-	-	-	-	-	cōnfitēbere	-	-	-	-	-	-	cōnfitērier
cōnfluō	-	cōnfluis	cōnfluit	cōnfluimus	cōnfluitis	cōnfluunt	cōnfluēbam	cōnfluēbās	cōnfluēbat	cōnfluēbāmus	cōnfluēbātis	cōnfluēbant	cōnfluam	cōnfluēs	cōnfluet	cōnfluēmus	cōnfluētis	cōnfluent	cōnflue	cōnfluite	cōnfluere
cōnflīgō	-	cōnflīgis	cōnflīgit	cōnflīgimus	cōnflīgitis	cōnflīgunt	cōnflīgēbam	cōnflīgēbās	cōnflīgēbat	cōnflīgēbāmus	cōnflīgēbātis	cōnflīgēbant	cōnflīgam	cōnflīgēs	cōnflīget	cōnflīgēmus	cōnflīgētis	cōnflīgent	cōnflīge	cōnflīgite	cōnflīgere
cōnfodiō	-	cōnfodis	-	cōnfodimus	cōnfoditis	-	-	-	-	-	-	-	-	-	-	-	-	-	cōnfode	cōnfodite	cōnfodere
cōnfremō	-	cōnfremis	cōnfremit	cōnfremimus	cōnfremitis	cōnfremunt	cōnfremēbam	cōnfremēbās	cōnfremēbat	cōnfremēbāmus	cōnfremēbātis	cōnfremēbant	cōnfremam	cōnfremēs	cōnfremet	cōnfremēmus	cōnfremētis	cōnfrement	cōnfreme	cōnfremite	cōnfremere
cōnfringō	-	cōnfringis	cōnfringit	cōnfringimus	cōnfringitis	cōnfringunt	cōnfringēbam	cōnfringēbās	cōnfringēbat	cōnfringēbāmus	cōnfringēbātis	cōnfringēbant	cōnfringam	cōnfringēs	cōnfringet	cōnfringēmus	cōnfringētis	cōnfringent	cōnfringe	cōnfringite	cōnfringere
cōnfugiō	-	cōnfugis	-	cōnfugimus	cōnfugitis	-	-	-	-	-	-	-	-	-	-	-	-	-	cōnfuge	cōnfugite	cōnfugere
cōnfundō	-	cōnfundis	cōnfundit	cōnfundimus	cōnfunditis	cōnfundunt	cōnfundēbam	cōnfundēbās	cōnfundēbat	cōnfundēbāmus	cōnfundēbātis	cōnfundēbant	cōnfundam	cōnfundēs	cōnfundet	cōnfundēmus	cōnfundētis	cōnfundent	cōnfunde	cōnfundite	cōnfundere
cōnfutuō	-	cōnfutuis	cōnfutuit	cōnfutuimus	cōnfutuitis	cōnfutuunt	cōnfutuēbam	cōnfutuēbās	cōnfutuēbat	cōnfutuēbāmus	cōnfutuēbātis	cōnfutuēbant	cōnfutuam	cōnfutuēs	cōnfutuet	cōnfutuēmus	cōnfutuētis	cōnfutuent	cōnfutue	cōnfutuite	cōnfutuere
cōnfābulor	-	cōnfābulāre	-	-	-	-	-	cōnfābulābāre	-	-	-	-	-	cōnfābulābere	-	-	-	-	-	-	-
cōnfīdō	-	cōnfīdis	cōnfīdit	cōnfīdimus	cōnfīditis	cōnfīdunt	cōnfīdēbam	cōnfīdēbās	cōnfīdēbat	cōnfīdēbāmus	cōnfīdēbātis	cōnfīdēbant	cōnfīdam	cōnfīdēs	cōnfīdet	cōnfīdēmus	cōnfīdētis	cōnfīdent	cōnfīde	cōnfīdite	cōnfīdere
cōnfīgō	-	cōnfīgis	cōnfīgit	cōnfīgimus	cōnfīgitis	cōnfīgunt	cōnfīgēbam	cōnfīgēbās	cōnfīgēbat	cōnfīgēbāmus	cōnfīgēbātis	cōnfīgēbant	cōnfīgam	cōnfīgēs	cōnfīget	cōnfīgēmus	cōnfīgētis	cōnfīgent	cōnfīge	cōnfīgite	cōnfīgere
cōnfīō	-	cōnfīs	cōnfit	cōnfīmus	cōnfītis	cōnfīunt	cōnfīēbam	cōnfīēbās	cōnfīēbat	cōnfīēbāmus	cōnfīēbātis	cōnfīēbant	cōnfīam	cōnfīēs	cōnfīet	cōnfīēmus	cōnfīētis	cōnfīent	cōnfī	cōnfīte	cōnfierī
cōnor	-	cōnāre	-	-	-	-	-	cōnābāre	-	-	-	-	-	cōnābere	-	-	-	-	-	-	-
cōnsauciō	-	cōnsauciās	cōnsauciat	cōnsauciāmus	cōnsauciātis	cōnsauciant	cōnsauciābam	cōnsauciābās	cōnsauciābat	cōnsauciābāmus	cōnsauciābātis	cōnsauciābant	cōnsauciābō	cōnsauciābis	cōnsauciābit	cōnsauciābimus	cōnsauciābitis	cōnsauciābunt	cōnsauciā	cōnsauciāte	cōnsauciāre
cōnscendō	-	cōnscendis	cōnscendit	cōnscendimus	cōnscenditis	cōnscendunt	cōnscendēbam	cōnscendēbās	cōnscendēbat	cōnscendēbāmus	cōnscendēbātis	cōnscendēbant	cōnscendam	cōnscendēs	cōnscendet	cōnscendēmus	cōnscendētis	cōnscendent	cōnscende	cōnscendite	cōnscendere
cōnscindō	-	cōnscindis	cōnscindit	cōnscindimus	cōnscinditis	cōnscindunt	cōnscindēbam	cōnscindēbās	cōnscindēbat	cōnscindēbāmus	cōnscindēbātis	cōnscindēbant	cōnscindam	cōnscindēs	cōnscindet	cōnscindēmus	cōnscindētis	cōnscindent	cōnscinde	cōnscindite	cōnscindere
cōnscreor	-	cōnscreāre	cōnscreātur	cōnscreāmur	cōnscreāminī	cōnscreantur	cōnscreābar	cōnscreābāre	cōnscreābātur	cōnscreābāmur	cōnscreābāminī	cōnscreābantur	cōnscreābor	cōnscreābere	cōnscreābitur	cōnscreābimur	cōnscreābiminī	cōnscreābuntur	cōnscreāre	cōnscreāminī	cōnscreārī
cōnscrībō	-	cōnscrībis	cōnscrībit	cōnscrībimus	cōnscrībitis	cōnscrībunt	cōnscrībēbam	cōnscrībēbās	cōnscrībēbat	cōnscrībēbāmus	cōnscrībēbātis	cōnscrībēbant	cōnscrībam	cōnscrībēs	cōnscrībet	cōnscrībēmus	cōnscrībētis	cōnscrībent	cōnscrībe	cōnscrībite	cōnscrībere
cōnsector	-	cōnsectāre	-	-	-	-	-	cōnsectābāre	-	-	-	-	-	cōnsectābere	-	-	-	-	-	-	cōnsectārier
cōnsequor	-	cōnsequere	cōnsequitur	cōnsequimur	cōnsequiminī	cōnsequuntur	cōnsequēbar	cōnsequēbāre	cōnsequēbātur	cōnsequēbāmur	cōnsequēbāminī	cōnsequēbantur	cōnsequar	cōnsequēre	cōnsequētur	cōnsequēmur	cōnsequēminī	cōnsequentur	cōnsequere	cōnsequiminī	cōnsequī
cōnsermōnor	-	cōnsermōnāre	-	-	-	-	-	cōnsermōnābāre	-	-	-	-	-	cōnsermōnābere	-	-	-	-	-	-	-
cōnserō	-	cōnseris	cōnserit	cōnserimus	cōnseritis	cōnserunt	cōnserēbam	cōnserēbās	cōnserēbat	cōnserēbāmus	cōnserēbātis	cōnserēbant	cōnseram	cōnserēs	cōnseret	cōnserēmus	cōnserētis	cōnserent	cōnsere	cōnserite	cōnserere
cōnsilior	-	cōnsiliāre	cōnsiliātur	cōnsiliāmur	cōnsiliāminī	cōnsiliantur	cōnsiliābar	cōnsiliābāre	cōnsiliābātur	cōnsiliābāmur	cōnsiliābāminī	cōnsiliābantur	cōnsiliābor	cōnsiliābere	cōnsiliābitur	cōnsiliābimur	cōnsiliābiminī	cōnsiliābuntur	cōnsiliāre	cōnsiliāminī	cōnsiliārī
cōnsipiō	-	cōnsipis	-	cōnsipimus	cōnsipitis	-	-	-	-	-	-	-	-	-	-	-	-	-	cōnsipe	cōnsipite	cōnsipere
cōnsistō	-	cōnsistis	cōnsistit	cōnsistimus	cōnsistitis	cōnsistunt	cōnsistēbam	cōnsistēbās	cōnsistēbat	cōnsistēbāmus	cōnsistēbātis	cōnsistēbant	cōnsistam	cōnsistēs	cōnsistet	cōnsistēmus	cōnsistētis	cōnsistent	cōnsiste	cōnsistite	cōnsistere
cōnsociō	-	cōnsociās	cōnsociat	cōnsociāmus	cōnsociātis	cōnsociant	cōnsociābam	cōnsociābās	cōnsociābat	cōnsociābāmus	cōnsociābātis	cōnsociābant	cōnsociābō	cōnsociābis	cōnsociābit	cōnsociābimus	cōnsociābitis	cōnsociābunt	cōnsociā	cōnsociāte	cōnsociāre
cōnspargō	-	cōnspargis	cōnspargit	cōnspargimus	cōnspargitis	cōnspargunt	cōnspargēbam	cōnspargēbās	cōnspargēbat	cōnspargēbāmus	cōnspargēbātis	cōnspargēbant	cōnspargam	cōnspargēs	cōnsparget	cōnspargēmus	cōnspargētis	cōnspargent	cōnsparge	cōnspargite	cōnspargere
cōnspergō	-	cōnspergis	cōnspergit	cōnspergimus	cōnspergitis	cōnspergunt	cōnspergēbam	cōnspergēbās	cōnspergēbat	cōnspergēbāmus	cōnspergēbātis	cōnspergēbant	cōnspergam	cōnspergēs	cōnsperget	cōnspergēmus	cōnspergētis	cōnspergent	cōnsperge	cōnspergite	cōnspergere
cōnspiciō	-	cōnspicis	-	cōnspicimus	cōnspicitis	-	-	-	-	-	-	-	-	-	-	-	-	-	cōnspice	cōnspicite	cōnspicere
cōnspicor	-	cōnspicāre	-	-	-	-	-	cōnspicābāre	-	-	-	-	-	cōnspicābere	-	-	-	-	-	-	-
cōnspuō	-	cōnspuis	cōnspuit	cōnspuimus	cōnspuitis	cōnspuunt	cōnspuēbam	cōnspuēbās	cōnspuēbat	cōnspuēbāmus	cōnspuēbātis	cōnspuēbant	cōnspuam	cōnspuēs	cōnspuet	cōnspuēmus	cōnspuētis	cōnspuent	cōnspue	cōnspuite	cōnspuere
cōnsternō	-	cōnsternis	-	cōnsternimus	cōnsternitis	-	-	-	-	-	-	-	cōnsternam	-	cōnsternet	-	-	cōnsternent	cōnsterne	cōnsternite	cōnsternere
cōnstituō	-	cōnstituis	cōnstituit	cōnstituimus	cōnstituitis	cōnstituunt	cōnstituēbam	cōnstituēbās	cōnstituēbat	cōnstituēbāmus	cōnstituēbātis	cōnstituēbant	cōnstituam	cōnstituēs	cōnstituet	cōnstituēmus	cōnstituētis	cōnstituent	cōnstitue	cōnstituite	cōnstituere
cōnstringō	-	cōnstringis	cōnstringit	cōnstringimus	cōnstringitis	cōnstringunt	cōnstringēbam	cōnstringēbās	cōnstringēbat	cōnstringēbāmus	cōnstringēbātis	cōnstringēbant	cōnstringam	cōnstringēs	cōnstringet	cōnstringēmus	cōnstringētis	cōnstringent	cōnstringe	cōnstringite	cōnstringere
cōnstruō	-	cōnstruis	cōnstruit	cōnstruimus	cōnstruitis	cōnstruunt	cōnstruēbam	cōnstruēbās	cōnstruēbat	cōnstruēbāmus	cōnstruēbātis	cōnstruēbant	cōnstruam	cōnstruēs	cōnstruet	cōnstruēmus	cōnstruētis	cōnstruent	cōnstrue	cōnstruite	cōnstruere
cōnsulō	-	cōnsulis	cōnsulit	cōnsulimus	cōnsulitis	cōnsulunt	cōnsulēbam	cōnsulēbās	cōnsulēbat	cōnsulēbāmus	cōnsulēbātis	cōnsulēbant	cōnsulam	cōnsulēs	cōnsulet	cōnsulēmus	cōnsulētis	cōnsulent	cōnsule	cōnsulite	cōnsulere
cōnsurgō	-	cōnsurgis	cōnsurgit	cōnsurgimus	cōnsurgitis	cōnsurgunt	cōnsurgēbam	cōnsurgēbās	cōnsurgēbat	cōnsurgēbāmus	cōnsurgēbātis	cōnsurgēbant	cōnsurgam	cōnsurgēs	cōnsurget	cōnsurgēmus	cōnsurgētis	cōnsurgent	cōnsurge	cōnsurgite	cōnsurgere
cōnsuēfaciō	-	cōnsuēfacis	-	cōnsuēfacimus	cōnsuēfacitis	-	-	-	-	-	-	-	-	-	-	-	-	-	cōnsuēface	cōnsuēfacite	cōnsuēfacere
cōnsuō	-	cōnsuis	cōnsuit	cōnsuimus	cōnsuitis	cōnsuunt	cōnsuēbam	cōnsuēbās	cōnsuēbat	cōnsuēbāmus	cōnsuēbātis	cōnsuēbant	cōnsuam	cōnsuēs	cōnsuet	cōnsuēmus	cōnsuētis	cōnsuent	cōnsue	cōnsuite	cōnsuere
cōnsīdō	-	cōnsīdis	cōnsīdit	cōnsīdimus	cōnsīditis	cōnsīdunt	cōnsīdēbam	cōnsīdēbās	cōnsīdēbat	cōnsīdēbāmus	cōnsīdēbātis	cōnsīdēbant	cōnsīdam	cōnsīdēs	cōnsīdet	cōnsīdēmus	cōnsīdētis	cōnsīdent	cōnsīde	cōnsīdite	cōnsīdere
cōnsōlor	-	cōnsōlāre	-	-	-	-	-	cōnsōlābāre	-	-	-	-	-	cōnsōlābere	-	-	-	-	-	-	-
cōnsūmō	-	cōnsūmis	cōnsūmit	cōnsūmimus	cōnsūmitis	cōnsūmunt	cōnsūmēbam	cōnsūmēbās	cōnsūmēbat	cōnsūmēbāmus	cōnsūmēbātis	cōnsūmēbant	cōnsūmam	cōnsūmēs	cōnsūmet	cōnsūmēmus	cōnsūmētis	cōnsūment	cōnsūme	cōnsūmite	cōnsūmere
cōntiōnor	-	cōntiōnāre	-	-	-	-	-	cōntiōnābāre	-	-	-	-	-	cōntiōnābere	-	-	-	-	-	-	-
cōnītor	-	cōnītere	cōnītitur	cōnītimur	cōnītiminī	cōnītuntur	cōnītēbar	cōnītēbāre	cōnītēbātur	cōnītēbāmur	cōnītēbāminī	cōnītēbantur	cōnītar	cōnītēre	cōnītētur	cōnītēmur	cōnītēminī	cōnītentur	cōnītere	cōnītiminī	cōnītī
cōpiō	-	cōpiās	cōpiat	cōpiāmus	cōpiātis	cōpiant	cōpiābam	cōpiābās	cōpiābat	cōpiābāmus	cōpiābātis	cōpiābant	cōpiābō	cōpiābis	cōpiābit	cōpiābimus	cōpiābitis	cōpiābunt	cōpiā	cōpiāte	cōpiāre
cūdō	-	cūdis	cūdit	cūdimus	cūditis	cūdunt	cūdēbam	cūdēbās	cūdēbat	cūdēbāmus	cūdēbātis	cūdēbant	cūdam	cūdēs	cūdet	cūdēmus	cūdētis	cūdent	cūde	cūdite	cūdere
cūnctor	-	cūnctāre	-	-	-	-	-	cūnctābāre	-	-	-	-	-	cūnctābere	-	-	-	-	-	-	cūnctārier
decuriō	-	decuriās	decuriat	decuriāmus	decuriātis	decuriant	decuriābam	decuriābās	decuriābat	decuriābāmus	decuriābātis	decuriābant	decuriābō	decuriābis	decuriābit	decuriābimus	decuriābitis	decuriābunt	decuriā	decuriāte	decuriāre
deeō	-	deīs	deit	deīmus	deītis	deeunt	deībam	deībās	deībat	deībāmus	deībātis	deībant	deībō	deībis	deībit	deībimus	deībitis	deībunt	deī	deīte	deīre
dehortor	-	dehortāre	-	-	-	-	-	dehortābāre	-	-	-	-	-	dehortābere	-	-	-	-	-	-	-
deicō	-	deicis	deicit	deicimus	deicitis	deicunt	deicēbam	deicēbās	deicēbat	deicēbāmus	deicēbātis	deicēbant	deicam	deicēs	deicet	deicēmus	deicētis	deicent	deice	deicite	deicere
depsō	-	depsis	depsit	depsimus	depsitis	depsunt	depsēbam	depsēbās	depsēbat	depsēbāmus	depsēbātis	depsēbant	depsam	depsēs	depset	depsēmus	depsētis	depsent	depse	depsite	depsere
deōsculor	-	deōsculāre	-	-	-	-	-	deōsculābāre	-	-	-	-	-	deōsculābere	-	-	-	-	-	-	-
deūrō	-	deūris	deūrit	deūrimus	deūritis	deūrunt	deūrēbam	deūrēbās	deūrēbat	deūrēbāmus	deūrēbātis	deūrēbant	deūram	deūrēs	deūret	deūrēmus	deūrētis	deūrent	deūre	deūrite	deūrere
deūtor	-	deūtere	deūtitur	deūtimur	deūtiminī	deūtuntur	deūtēbar	deūtēbāre	deūtēbātur	deūtēbāmur	deūtēbāminī	deūtēbantur	deūtar	deūtēre	deūtētur	deūtēmur	deūtēminī	deūtentur	deūtere	deūtiminī	deūtī
differō	-	differs	differt	differimus	differtis	differunt	differēbam	differēbās	differēbat	differēbāmus	differēbātis	differēbant	differam	differēs	differet	differēmus	differētis	different	differ	differte	differre
diffindō	-	diffindis	diffindit	diffindimus	diffinditis	diffindunt	diffindēbam	diffindēbās	diffindēbat	diffindēbāmus	diffindēbātis	diffindēbant	diffindam	diffindēs	diffindet	diffindēmus	diffindētis	diffindent	diffinde	diffindite	diffindere
diffingō	-	diffingis	diffingit	diffingimus	diffingitis	diffingunt	diffingēbam	diffingēbās	diffingēbat	diffingēbāmus	diffingēbātis	diffingēbant	diffingam	diffingēs	diffinget	diffingēmus	diffingētis	diffingent	diffinge	diffingite	diffingere
diffiteor	-	diffitēre	-	-	-	-	-	diffitēbāre	-	-	-	-	-	diffitēbere	-	-	-	-	-	-	-
diffluō	-	diffluis	diffluit	diffluimus	diffluitis	diffluunt	diffluēbam	diffluēbās	diffluēbat	diffluēbāmus	diffluēbātis	diffluēbant	diffluam	diffluēs	diffluet	diffluēmus	diffluētis	diffluent	difflue	diffluite	diffluere
diffringō	-	diffringis	diffringit	diffringimus	diffringitis	diffringunt	diffringēbam	diffringēbās	diffringēbat	diffringēbāmus	diffringēbātis	diffringēbant	diffringam	diffringēs	diffringet	diffringēmus	diffringētis	diffringent	diffringe	diffringite	diffringere
diffugiō	-	diffugis	-	diffugimus	diffugitis	-	-	-	-	-	-	-	-	-	-	-	-	-	diffuge	diffugite	diffugere
diffundō	-	diffundis	diffundit	diffundimus	diffunditis	diffundunt	diffundēbam	diffundēbās	diffundēbat	diffundēbāmus	diffundēbātis	diffundēbant	diffundam	diffundēs	diffundet	diffundēmus	diffundētis	diffundent	diffunde	diffundite	diffundere
diffīdō	-	diffīdis	diffīdit	diffīdimus	diffīditis	diffīdunt	diffīdēbam	diffīdēbās	diffīdēbat	diffīdēbāmus	diffīdēbātis	diffīdēbant	diffīdam	diffīdēs	diffīdet	diffīdēmus	diffīdētis	diffīdent	diffīde	diffīdite	diffīdere
dignor	-	dignāre	-	-	-	-	-	dignābāre	-	-	-	-	-	dignābere	-	-	-	-	-	-	-
dirimō	-	dirimis	dirimit	dirimimus	dirimitis	dirimunt	dirimēbam	dirimēbās	dirimēbat	dirimēbāmus	dirimēbātis	dirimēbant	dirimam	dirimēs	dirimet	dirimēmus	dirimētis	diriment	dirime	dirimite	dirimere
discalceō	-	discalceās	discalceat	discalceāmus	discalceātis	discalceant	discalceābam	discalceābās	discalceābat	discalceābāmus	discalceābātis	discalceābant	discalceābō	discalceābis	discalceābit	discalceābimus	discalceābitis	discalceābunt	discalceā	discalceāte	discalceāre
discernō	-	discernis	discernit	discernimus	discernitis	discernunt	discernēbam	discernēbās	discernēbat	discernēbāmus	discernēbātis	discernēbant	discernam	discernēs	discernet	discernēmus	discernētis	discernent	discerne	discernite	discernere
discerpō	-	discerpis	discerpit	discerpimus	discerpitis	discerpunt	discerpēbam	discerpēbās	discerpēbat	discerpēbāmus	discerpēbātis	discerpēbant	discerpam	discerpēs	discerpet	discerpēmus	discerpētis	discerpent	discerpe	discerpite	discerpere
discindō	-	discindis	discindit	discindimus	discinditis	discindunt	discindēbam	discindēbās	discindēbat	discindēbāmus	discindēbātis	discindēbant	discindam	discindēs	discindet	discindēmus	discindētis	discindent	discinde	discindite	discindere
discingō	-	discingis	discingit	discingimus	discingitis	discingunt	discingēbam	discingēbās	discingēbat	discingēbāmus	discingēbātis	discingēbant	discingam	discingēs	discinget	discingēmus	discingētis	discingent	discinge	discingite	discingere
disclūdō	-	disclūdis	disclūdit	disclūdimus	disclūditis	disclūdunt	disclūdēbam	disclūdēbās	disclūdēbat	disclūdēbāmus	disclūdēbātis	disclūdēbant	disclūdam	disclūdēs	disclūdet	disclūdēmus	disclūdētis	disclūdent	disclūde	disclūdite	disclūdere
discoquō	-	discoquis	discoquit	discoquimus	discoquitis	discoquunt	discoquēbam	discoquēbās	discoquēbat	discoquēbāmus	discoquēbātis	discoquēbant	discoquam	discoquēs	discoquet	discoquēmus	discoquētis	discoquent	discoque	discoquite	discoquere
discruciō	-	discruciās	discruciat	discruciāmus	discruciātis	discruciant	discruciābam	discruciābās	discruciābat	discruciābāmus	discruciābātis	discruciābant	discruciābō	discruciābis	discruciābit	discruciābimus	discruciābitis	discruciābunt	discruciā	discruciāte	discruciāre
discrēdō	-	discrēdis	discrēdit	discrēdimus	discrēditis	discrēdunt	discrēdēbam	discrēdēbās	discrēdēbat	discrēdēbāmus	discrēdēbātis	discrēdēbant	discrēdam	discrēdēs	discrēdet	discrēdēmus	discrēdētis	discrēdent	discrēde	discrēdite	discrēdere
discrībō	-	discrībis	discrībit	discrībimus	discrībitis	discrībunt	discrībēbam	discrībēbās	discrībēbat	discrībēbāmus	discrībēbātis	discrībēbant	discrībam	discrībēs	discrībet	discrībēmus	discrībētis	discrībent	discrībe	discrībite	discrībere
disculciō	-	disculciās	disculciat	disculciāmus	disculciātis	disculciant	disculciābam	disculciābās	disculciābat	disculciābāmus	disculciābātis	disculciābant	disculciābō	disculciābis	disculciābit	disculciābimus	disculciābitis	disculciābunt	disculciā	disculciāte	disculciāre
discumbō	-	discumbis	discumbit	discumbimus	discumbitis	discumbunt	discumbēbam	discumbēbās	discumbēbat	discumbēbāmus	discumbēbātis	discumbēbant	discumbam	discumbēs	discumbet	discumbēmus	discumbētis	discumbent	discumbe	discumbite	discumbere
discupiō	-	discupis	-	discupimus	discupitis	-	-	-	-	-	-	-	-	-	-	-	-	-	discupe	discupite	discupere
discurrō	-	discurris	discurrit	discurrimus	discurritis	discurrunt	discurrēbam	discurrēbās	discurrēbat	discurrēbāmus	discurrēbātis	discurrēbant	discurram	discurrēs	discurret	discurrēmus	discurrētis	discurrent	discurre	discurrite	discurrere
discutiō	-	discutis	-	discutimus	discutitis	-	-	-	-	-	-	-	-	-	-	-	-	-	discute	discutite	discutere
discēdō	-	discēdis	discēdit	discēdimus	discēditis	discēdunt	discēdēbam	discēdēbās	discēdēbat	discēdēbāmus	discēdēbātis	discēdēbant	discēdam	discēdēs	discēdet	discēdēmus	discēdētis	discēdent	discēde	discēdite	discēdere
discīdō	-	discīdis	discīdit	discīdimus	discīditis	discīdunt	discīdēbam	discīdēbās	discīdēbat	discīdēbāmus	discīdēbātis	discīdēbant	discīdam	discīdēs	discīdet	discīdēmus	discīdētis	discīdent	discīde	discīdite	discīdere
disdō	-	disdis	disdit	disdimus	disditis	disdunt	disdēbam	disdēbās	disdēbat	disdēbāmus	disdēbātis	disdēbant	disdam	disdēs	disdet	disdēmus	disdētis	disdent	disde	disdite	disdere
disfaciō	-	disfacis	-	disfacimus	disfacitis	-	-	-	-	-	-	-	-	-	-	-	-	-	disface	disfacite	disfacere
disiciō	-	disicis	-	disicimus	disicitis	-	-	-	-	-	-	-	-	-	-	-	-	-	disice	disicite	disicere
disiungō	-	disiungis	disiungit	disiungimus	disiungitis	disiungunt	disiungēbam	disiungēbās	disiungēbat	disiungēbāmus	disiungēbātis	disiungēbant	disiungam	disiungēs	disiunget	disiungēmus	disiungētis	disiungent	disiunge	disiungite	disiungere
disjiciō	-	disjicis	-	disjicimus	disjicitis	-	-	-	-	-	-	-	-	-	-	-	-	-	disjice	disjicite	disjicere
disjungō	-	disjungis	disjungit	disjungimus	disjungitis	disjungunt	disjungēbam	disjungēbās	disjungēbat	disjungēbāmus	disjungēbātis	disjungēbant	disjungam	disjungēs	disjunget	disjungēmus	disjungētis	disjungent	disjunge	disjungite	disjungere
dispandō	-	dispandis	dispandit	dispandimus	dispanditis	dispandunt	dispandēbam	dispandēbās	dispandēbat	dispandēbāmus	dispandēbātis	dispandēbant	dispandam	dispandēs	dispandet	dispandēmus	dispandētis	dispandent	dispande	dispandite	dispandere
dispellō	-	dispellis	dispellit	dispellimus	dispellitis	dispellunt	dispellēbam	dispellēbās	dispellēbat	dispellēbāmus	dispellēbātis	dispellēbant	dispellam	dispellēs	dispellet	dispellēmus	dispellētis	dispellent	dispelle	dispellite	dispellere
dispendō	-	dispendis	dispendit	dispendimus	dispenditis	dispendunt	dispendēbam	dispendēbās	dispendēbat	dispendēbāmus	dispendēbātis	dispendēbant	dispendam	dispendēs	dispendet	dispendēmus	dispendētis	dispendent	dispende	dispendite	dispendere
disperdō	-	disperdis	disperdit	disperdimus	disperditis	disperdunt	disperdēbam	disperdēbās	disperdēbat	disperdēbāmus	disperdēbātis	disperdēbant	disperdam	disperdēs	disperdet	disperdēmus	disperdētis	disperdent	disperde	disperdite	disperdere
dispereō	-	disperīs	disperit	disperīmus	disperītis	dispereunt	disperībam	disperībās	disperībat	disperībāmus	disperībātis	disperībant	disperībō	disperībis	disperībit	disperībimus	disperībitis	disperībunt	disperī	disperīte	disperīre
dispergō	-	dispergis	dispergit	dispergimus	dispergitis	dispergunt	dispergēbam	dispergēbās	dispergēbat	dispergēbāmus	dispergēbātis	dispergēbant	dispergam	dispergēs	disperget	dispergēmus	dispergētis	dispergent	disperge	dispergite	dispergere
dispiciō	-	dispicis	-	dispicimus	dispicitis	-	-	-	-	-	-	-	-	-	-	-	-	-	dispice	dispicite	dispicere
displōdō	-	displōdis	displōdit	displōdimus	displōditis	displōdunt	displōdēbam	displōdēbās	displōdēbat	displōdēbāmus	displōdēbātis	displōdēbant	displōdam	displōdēs	displōdet	displōdēmus	displōdētis	displōdent	displōde	displōdite	displōdere
dispungō	-	dispungis	dispungit	dispungimus	dispungitis	dispungunt	dispungēbam	dispungēbās	dispungēbat	dispungēbāmus	dispungēbātis	dispungēbant	dispungam	dispungēs	dispunget	dispungēmus	dispungētis	dispungent	dispunge	dispungite	dispungere
dispālor	-	dispālāre	-	-	-	-	-	dispālābāre	-	-	-	-	-	dispālābere	-	-	-	-	-	-	-
dispōnō	-	dispōnis	dispōnit	dispōnimus	dispōnitis	dispōnunt	dispōnēbam	dispōnēbās	dispōnēbat	dispōnēbāmus	dispōnēbātis	dispōnēbant	dispōnam	dispōnēs	dispōnet	dispōnēmus	dispōnētis	dispōnent	dispōne	dispōnite	dispōnere
disquīrō	-	disquīris	disquīrit	disquīrimus	disquīritis	disquīrunt	disquīrēbam	disquīrēbās	disquīrēbat	disquīrēbāmus	disquīrēbātis	disquīrēbant	disquīram	disquīrēs	disquīret	disquīrēmus	disquīrētis	disquīrent	disquīre	disquīrite	disquīrere
disrumpō	-	disrumpis	disrumpit	disrumpimus	disrumpitis	disrumpunt	disrumpēbam	disrumpēbās	disrumpēbat	disrumpēbāmus	disrumpēbātis	disrumpēbant	disrumpam	disrumpēs	disrumpet	disrumpēmus	disrumpētis	disrumpent	disrumpe	disrumpite	disrumpere
disserpō	-	disserpis	disserpit	disserpimus	disserpitis	disserpunt	disserpēbam	disserpēbās	disserpēbat	disserpēbāmus	disserpēbātis	disserpēbant	disserpam	disserpēs	disserpet	disserpēmus	disserpētis	disserpent	disserpe	disserpite	disserpere
disserō	-	disseris	-	disserimus	disseritis	-	-	-	-	-	-	-	disseram	-	disseret	-	-	disserent	dissere	disserite	disserere
dissociō	-	dissociās	dissociat	dissociāmus	dissociātis	dissociant	dissociābam	dissociābās	dissociābat	dissociābāmus	dissociābātis	dissociābant	dissociābō	dissociābis	dissociābit	dissociābimus	dissociābitis	dissociābunt	dissociā	dissociāte	dissociāre
dissolvō	-	dissolvis	dissolvit	dissolvimus	dissolvitis	dissolvunt	dissolvēbam	dissolvēbās	dissolvēbat	dissolvēbāmus	dissolvēbātis	dissolvēbant	dissolvam	dissolvēs	dissolvet	dissolvēmus	dissolvētis	dissolvent	dissolve	dissolvite	dissolvere
dissuō	-	dissuis	dissuit	dissuimus	dissuitis	dissuunt	dissuēbam	dissuēbās	dissuēbat	dissuēbāmus	dissuēbātis	dissuēbant	dissuam	dissuēs	dissuet	dissuēmus	dissuētis	dissuent	dissue	dissuite	dissuere
distendō	-	distendis	distendit	distendimus	distenditis	distendunt	distendēbam	distendēbās	distendēbat	distendēbāmus	distendēbātis	distendēbant	distendam	distendēs	distendet	distendēmus	distendētis	distendent	distende	distendite	distendere
distinguō	-	distinguis	distinguit	distinguimus	distinguitis	distinguunt	distinguēbam	distinguēbās	distinguēbat	distinguēbāmus	distinguēbātis	distinguēbant	distinguam	distinguēs	distinguet	distinguēmus	distinguētis	distinguent	distingue	distinguite	distinguere
distrahō	-	distrahis	distrahit	distrahimus	distrahitis	distrahunt	distrahēbam	distrahēbās	distrahēbat	distrahēbāmus	distrahēbātis	distrahēbant	distraham	distrahēs	distrahet	distrahēmus	distrahētis	distrahent	distrahe	distrahite	distrahere
distribuō	-	distribuis	distribuit	distribuimus	distribuitis	distribuunt	distribuēbam	distribuēbās	distribuēbat	distribuēbāmus	distribuēbātis	distribuēbant	distribuam	distribuēs	distribuet	distribuēmus	distribuētis	distribuent	distribue	distribuite	distribuere
distringō	-	distringis	distringit	distringimus	distringitis	distringunt	distringēbam	distringēbās	distringēbat	distringēbāmus	distringēbātis	distringēbant	distringam	distringēs	distringet	distringēmus	distringētis	distringent	distringe	distringite	distringere
dominor	-	domināre	-	-	-	-	-	dominābāre	-	-	-	-	-	dominābere	-	-	-	-	-	-	dominārier
dēbacchor	-	dēbacchāre	-	-	-	-	-	dēbacchābāre	-	-	-	-	-	dēbacchābere	-	-	-	-	-	-	-
dēcalceō	-	dēcalceās	dēcalceat	dēcalceāmus	dēcalceātis	dēcalceant	dēcalceābam	dēcalceābās	dēcalceābat	dēcalceābāmus	dēcalceābātis	dēcalceābant	dēcalceābō	dēcalceābis	dēcalceābit	dēcalceābimus	dēcalceābitis	dēcalceābunt	dēcalceā	dēcalceāte	dēcalceāre
dēcalciō	-	dēcalciās	dēcalciat	dēcalciāmus	dēcalciātis	dēcalciant	dēcalciābam	dēcalciābās	dēcalciābat	dēcalciābāmus	dēcalciābātis	dēcalciābant	dēcalciābō	dēcalciābis	dēcalciābit	dēcalciābimus	dēcalciābitis	dēcalciābunt	dēcalciā	dēcalciāte	dēcalciāre
dēcernō	-	dēcernis	dēcernit	dēcernimus	dēcernitis	dēcernunt	dēcernēbam	dēcernēbās	dēcernēbat	dēcernēbāmus	dēcernēbātis	dēcernēbant	dēcernam	dēcernēs	dēcernet	dēcernēmus	dēcernētis	dēcernent	dēcerne	dēcernite	dēcernere
dēcerpō	-	dēcerpis	dēcerpit	dēcerpimus	dēcerpitis	dēcerpunt	dēcerpēbam	dēcerpēbās	dēcerpēbat	dēcerpēbāmus	dēcerpēbātis	dēcerpēbant	dēcerpam	dēcerpēs	dēcerpet	dēcerpēmus	dēcerpētis	dēcerpent	dēcerpe	dēcerpite	dēcerpere
dēcidō	-	dēcidis	dēcidit	dēcidimus	dēciditis	dēcidunt	dēcidēbam	dēcidēbās	dēcidēbat	dēcidēbāmus	dēcidēbātis	dēcidēbant	dēcidam	dēcidēs	dēcidet	dēcidēmus	dēcidētis	dēcident	dēcide	dēcidite	dēcidere
dēcipiō	-	dēcipis	-	dēcipimus	dēcipitis	-	-	-	-	-	-	-	-	-	-	-	-	-	dēcipe	dēcipite	dēcipere
dēcocō	-	dēcocis	dēcocit	dēcocimus	dēcocitis	dēcocunt	dēcocēbam	dēcocēbās	dēcocēbat	dēcocēbāmus	dēcocēbātis	dēcocēbant	dēcocam	dēcocēs	dēcocet	dēcocēmus	dēcocētis	dēcocent	dēcoce	dēcocite	dēcocere
dēcoquō	-	dēcoquis	dēcoquit	dēcoquimus	dēcoquitis	dēcoquunt	dēcoquēbam	dēcoquēbās	dēcoquēbat	dēcoquēbāmus	dēcoquēbātis	dēcoquēbant	dēcoquam	dēcoquēs	dēcoquet	dēcoquēmus	dēcoquētis	dēcoquent	dēcoque	dēcoquite	dēcoquere
dēcumbō	-	dēcumbis	dēcumbit	dēcumbimus	dēcumbitis	dēcumbunt	dēcumbēbam	dēcumbēbās	dēcumbēbat	dēcumbēbāmus	dēcumbēbātis	dēcumbēbant	dēcumbam	dēcumbēs	dēcumbet	dēcumbēmus	dēcumbētis	dēcumbent	dēcumbe	dēcumbite	dēcumbere
dēcurrō	-	dēcurris	dēcurrit	dēcurrimus	dēcurritis	dēcurrunt	dēcurrēbam	dēcurrēbās	dēcurrēbat	dēcurrēbāmus	dēcurrēbātis	dēcurrēbant	dēcurram	dēcurrēs	dēcurret	dēcurrēmus	dēcurrētis	dēcurrent	dēcurre	dēcurrite	dēcurrere
dēcutiō	-	dēcutis	-	dēcutimus	dēcutitis	-	-	-	-	-	-	-	-	-	-	-	-	-	dēcute	dēcutite	dēcutere
dēcēdō	-	dēcēdis	dēcēdit	dēcēdimus	dēcēditis	dēcēdunt	dēcēdēbam	dēcēdēbās	dēcēdēbat	dēcēdēbāmus	dēcēdēbātis	dēcēdēbant	dēcēdam	dēcēdēs	dēcēdet	dēcēdēmus	dēcēdētis	dēcēdent	dēcēde	dēcēdite	dēcēdere
dēcīdō	-	dēcīdis	dēcīdit	dēcīdimus	dēcīditis	dēcīdunt	dēcīdēbam	dēcīdēbās	dēcīdēbat	dēcīdēbāmus	dēcīdēbātis	dēcīdēbant	dēcīdam	dēcīdēs	dēcīdet	dēcīdēmus	dēcīdētis	dēcīdent	dēcīde	dēcīdite	dēcīdere
dēdignor	-	dēdignāre	-	-	-	-	-	dēdignābāre	-	-	-	-	-	dēdignābere	-	-	-	-	-	-	-
dēdō	-	dēdis	dēdit	dēdimus	dēditis	dēdunt	dēdēbam	dēdēbās	dēdēbat	dēdēbāmus	dēdēbātis	dēdēbant	dēdam	dēdēs	dēdet	dēdēmus	dēdētis	dēdent	dēde	dēdite	dēdere
dēdūcō	-	dēdūcis	dēdūcit	dēdūcimus	dēdūcitis	dēdūcunt	dēdūcēbam	dēdūcēbās	dēdūcēbat	dēdūcēbāmus	dēdūcēbātis	dēdūcēbant	dēdūcam	dēdūcēs	dēdūcet	dēdūcēmus	dēdūcētis	dēdūcent	dēdūc	dēdūcite	dēdūcere
dēfendō	-	dēfendis	dēfendit	dēfendimus	dēfenditis	dēfendunt	dēfendēbam	dēfendēbās	dēfendēbat	dēfendēbāmus	dēfendēbātis	dēfendēbant	dēfendam	dēfendēs	dēfendet	dēfendēmus	dēfendētis	dēfendent	dēfende	dēfendite	dēfendere
dēferō	-	dēfers	dēfert	dēferimus	dēfertis	dēferunt	dēferēbam	dēferēbās	dēferēbat	dēferēbāmus	dēferēbātis	dēferēbant	dēferam	dēferēs	dēferet	dēferēmus	dēferētis	dēferent	dēfer	dēferte	dēferre
dēfetīscor	-	dēfetīscere	dēfetīscitur	dēfetīscimur	dēfetīsciminī	dēfetīscuntur	dēfetīscēbar	dēfetīscēbāre	dēfetīscēbātur	dēfetīscēbāmur	dēfetīscēbāminī	dēfetīscēbantur	dēfetīscar	dēfetīscēre	dēfetīscētur	dēfetīscēmur	dēfetīscēminī	dēfetīscentur	dēfetīscere	dēfetīsciminī	dēfetīscī
dēficiō	-	dēficis	-	dēficimus	dēficitis	-	-	-	-	-	-	-	-	-	-	-	-	-	dēfice	dēficite	dēficere
dēfingō	-	dēfingis	dēfingit	dēfingimus	dēfingitis	dēfingunt	dēfingēbam	dēfingēbās	dēfingēbat	dēfingēbāmus	dēfingēbātis	dēfingēbant	dēfingam	dēfingēs	dēfinget	dēfingēmus	dēfingētis	dēfingent	dēfinge	dēfingite	dēfingere
dēflectō	-	dēflectis	dēflectit	dēflectimus	dēflectitis	dēflectunt	dēflectēbam	dēflectēbās	dēflectēbat	dēflectēbāmus	dēflectēbātis	dēflectēbant	dēflectam	dēflectēs	dēflectet	dēflectēmus	dēflectētis	dēflectent	dēflecte	dēflectite	dēflectere
dēfluō	-	dēfluis	dēfluit	dēfluimus	dēfluitis	dēfluunt	dēfluēbam	dēfluēbās	dēfluēbat	dēfluēbāmus	dēfluēbātis	dēfluēbant	dēfluam	dēfluēs	dēfluet	dēfluēmus	dēfluētis	dēfluent	dēflue	dēfluite	dēfluere
dēfodiō	-	dēfodis	-	dēfodimus	dēfoditis	-	-	-	-	-	-	-	-	-	-	-	-	-	dēfode	dēfodite	dēfodere
dēfringō	-	dēfringis	dēfringit	dēfringimus	dēfringitis	dēfringunt	dēfringēbam	dēfringēbās	dēfringēbat	dēfringēbāmus	dēfringēbātis	dēfringēbant	dēfringam	dēfringēs	dēfringet	dēfringēmus	dēfringētis	dēfringent	dēfringe	dēfringite	dēfringere
dēfugiō	-	dēfugis	-	dēfugimus	dēfugitis	-	-	-	-	-	-	-	-	-	-	-	-	-	dēfuge	dēfugite	dēfugere
dēfundō	-	dēfundis	dēfundit	dēfundimus	dēfunditis	dēfundunt	dēfundēbam	dēfundēbās	dēfundēbat	dēfundēbāmus	dēfundēbātis	dēfundēbant	dēfundam	dēfundēs	dēfundet	dēfundēmus	dēfundētis	dēfundent	dēfunde	dēfundite	dēfundere
dēfungor	-	dēfungere	dēfungitur	dēfungimur	dēfungiminī	dēfunguntur	dēfungēbar	dēfungēbāre	dēfungēbātur	dēfungēbāmur	dēfungēbāminī	dēfungēbantur	dēfungar	dēfungēre	dēfungētur	dēfungēmur	dēfungēminī	dēfungentur	dēfungere	dēfungiminī	dēfungī
dēfīgō	-	dēfīgis	dēfīgit	dēfīgimus	dēfīgitis	dēfīgunt	dēfīgēbam	dēfīgēbās	dēfīgēbat	dēfīgēbāmus	dēfīgēbātis	dēfīgēbant	dēfīgam	dēfīgēs	dēfīget	dēfīgēmus	dēfīgētis	dēfīgent	dēfīge	dēfīgite	dēfīgere
dēfīō	-	dēfīs	dēfit	dēfīmus	dēfītis	dēfīunt	dēfīēbam	dēfīēbās	dēfīēbat	dēfīēbāmus	dēfīēbātis	dēfīēbant	dēfīam	dēfīēs	dēfīet	dēfīēmus	dēfīētis	dēfīent	dēfī	dēfīte	dēfierī
dēgerō	-	dēgeris	dēgerit	dēgerimus	dēgeritis	dēgerunt	dēgerēbam	dēgerēbās	dēgerēbat	dēgerēbāmus	dēgerēbātis	dēgerēbant	dēgeram	dēgerēs	dēgeret	dēgerēmus	dēgerētis	dēgerent	dēgere	dēgerite	dēgerere
dēglūbō	-	dēglūbis	dēglūbit	dēglūbimus	dēglūbitis	dēglūbunt	dēglūbēbam	dēglūbēbās	dēglūbēbat	dēglūbēbāmus	dēglūbēbātis	dēglūbēbant	dēglūbam	dēglūbēs	dēglūbet	dēglūbēmus	dēglūbētis	dēglūbent	dēglūbe	dēglūbite	dēglūbere
dēgredior	-	dēgredere	dēgreditur	dēgredimur	dēgrediminī	-	-	dēgrediēbāre	-	-	-	-	-	dēgrediēre	-	-	-	-	dēgredere	dēgrediminī	dēgredī
dēgō	-	dēgis	dēgit	dēgimus	dēgitis	dēgunt	dēgēbam	dēgēbās	dēgēbat	dēgēbāmus	dēgēbātis	dēgēbant	dēgam	dēgēs	dēget	dēgēmus	dēgētis	dēgent	dēge	dēgite	dēgere
dēiciō	-	dēicis	-	dēicimus	dēicitis	-	-	-	-	-	-	-	-	-	-	-	-	-	dēice	dēicite	dēicere
dēiungō	-	dēiungis	dēiungit	dēiungimus	dēiungitis	dēiungunt	dēiungēbam	dēiungēbās	dēiungēbat	dēiungēbāmus	dēiungēbātis	dēiungēbant	dēiungam	dēiungēs	dēiunget	dēiungēmus	dēiungētis	dēiungent	dēiunge	dēiungite	dēiungere
dējiciō	-	dējicis	-	dējicimus	dējicitis	-	-	-	-	-	-	-	-	-	-	-	-	-	dējice	dējicite	dējicere
dējungō	-	dējungis	dējungit	dējungimus	dējungitis	dējungunt	dējungēbam	dējungēbās	dējungēbat	dējungēbāmus	dējungēbātis	dējungēbant	dējungam	dējungēs	dējunget	dējungēmus	dējungētis	dējungent	dējunge	dējungite	dējungere
dēlambō	-	dēlambis	dēlambit	dēlambimus	dēlambitis	dēlambunt	dēlambēbam	dēlambēbās	dēlambēbat	dēlambēbāmus	dēlambēbātis	dēlambēbant	dēlambam	dēlambēs	dēlambet	dēlambēmus	dēlambētis	dēlambent	dēlambe	dēlambite	dēlambere
dēlibuō	-	dēlibuis	dēlibuit	dēlibuimus	dēlibuitis	dēlibuunt	dēlibuēbam	dēlibuēbās	dēlibuēbat	dēlibuēbāmus	dēlibuēbātis	dēlibuēbant	dēlibuam	dēlibuēs	dēlibuet	dēlibuēmus	dēlibuētis	dēlibuent	dēlibue	dēlibuite	dēlibuere
dēligō	-	dēligis	-	dēligimus	dēligitis	-	-	-	-	-	-	-	dēligam	-	dēliget	-	-	dēligent	dēlige	dēligite	dēligere
dēlingō	-	dēlingis	dēlingit	dēlingimus	dēlingitis	dēlingunt	dēlingēbam	dēlingēbās	dēlingēbat	dēlingēbāmus	dēlingēbātis	dēlingēbant	dēlingam	dēlingēs	dēlinget	dēlingēmus	dēlingētis	dēlingent	dēlinge	dēlingite	dēlingere
dēlinquō	-	dēlinquis	dēlinquit	dēlinquimus	dēlinquitis	dēlinquunt	dēlinquēbam	dēlinquēbās	dēlinquēbat	dēlinquēbāmus	dēlinquēbātis	dēlinquēbant	dēlinquam	dēlinquēs	dēlinquet	dēlinquēmus	dēlinquētis	dēlinquent	dēlinque	dēlinquite	dēlinquere
dēlinō	-	dēlinis	dēlinit	dēlinimus	dēlinitis	dēlinunt	dēlinēbam	dēlinēbās	dēlinēbat	dēlinēbāmus	dēlinēbātis	dēlinēbant	dēlinam	dēlinēs	dēlinet	dēlinēmus	dēlinētis	dēlinent	dēline	dēlinite	dēlinere
dēlābor	-	dēlābere	dēlābitur	dēlābimur	dēlābiminī	dēlābuntur	dēlābēbar	dēlābēbāre	dēlābēbātur	dēlābēbāmur	dēlābēbāminī	dēlābēbantur	dēlābar	dēlābēre	dēlābētur	dēlābēmur	dēlābēminī	dēlābentur	dēlābere	dēlābiminī	dēlābī
dēlīneō	-	dēlīneās	dēlīneat	dēlīneāmus	dēlīneātis	dēlīneant	dēlīneābam	dēlīneābās	dēlīneābat	dēlīneābāmus	dēlīneābātis	dēlīneābant	dēlīneābō	dēlīneābis	dēlīneābit	dēlīneābimus	dēlīneābitis	dēlīneābunt	dēlīneā	dēlīneāte	dēlīneāre
dēlīniō	-	dēlīniās	dēlīniat	dēlīniāmus	dēlīniātis	dēlīniant	dēlīniābam	dēlīniābās	dēlīniābat	dēlīniābāmus	dēlīniābātis	dēlīniābant	-	dēlīniābis	-	dēlīniābimus	dēlīniābitis	-	dēlīniā	dēlīniāte	dēlīniāre
dēlūdō	-	dēlūdis	dēlūdit	dēlūdimus	dēlūditis	dēlūdunt	dēlūdēbam	dēlūdēbās	dēlūdēbat	dēlūdēbāmus	dēlūdēbātis	dēlūdēbant	dēlūdam	dēlūdēs	dēlūdet	dēlūdēmus	dēlūdētis	dēlūdent	dēlūde	dēlūdite	dēlūdere
dēmereor	-	dēmerēre	-	-	-	-	-	dēmerēbāre	-	-	-	-	-	dēmerēbere	-	-	-	-	-	-	-
dēmergō	-	dēmergis	dēmergit	dēmergimus	dēmergitis	dēmergunt	dēmergēbam	dēmergēbās	dēmergēbat	dēmergēbāmus	dēmergēbātis	dēmergēbant	dēmergam	dēmergēs	dēmerget	dēmergēmus	dēmergētis	dēmergent	dēmerge	dēmergite	dēmergere
dēmetō	-	dēmetis	dēmetit	dēmetimus	dēmetitis	dēmetunt	dēmetēbam	dēmetēbās	dēmetēbat	dēmetēbāmus	dēmetēbātis	dēmetēbant	dēmetam	dēmetēs	dēmetet	dēmetēmus	dēmetētis	dēmetent	dēmete	dēmetite	dēmetere
dēminuō	-	dēminuis	dēminuit	dēminuimus	dēminuitis	dēminuunt	dēminuēbam	dēminuēbās	dēminuēbat	dēminuēbāmus	dēminuēbātis	dēminuēbant	dēminuam	dēminuēs	dēminuet	dēminuēmus	dēminuētis	dēminuent	dēminue	dēminuite	dēminuere
dēmittō	-	dēmittis	dēmittit	dēmittimus	dēmittitis	dēmittunt	dēmittēbam	dēmittēbās	dēmittēbat	dēmittēbāmus	dēmittēbātis	dēmittēbant	dēmittam	dēmittēs	dēmittet	dēmittēmus	dēmittētis	dēmittent	dēmitte	dēmittite	dēmittere
dēmorior	-	dēmorere	dēmoritur	dēmorimur	dēmoriminī	-	-	dēmoriēbāre	-	-	-	-	-	dēmoriēre	-	-	-	-	dēmorere	dēmoriminī	dēmorī
dēmoror	-	dēmorāre	-	-	-	-	-	dēmorābāre	-	-	-	-	-	dēmorābere	-	-	-	-	-	-	-
dēmētior	-	dēmētīre	-	-	-	-	-	dēmētiēbāre	-	-	-	-	-	dēmētiēre	-	-	-	-	-	-	-
dēmīror	-	dēmīrāre	-	-	-	-	-	dēmīrābāre	-	-	-	-	-	dēmīrābere	-	-	-	-	-	-	-
dēmō	-	dēmis	dēmit	dēmimus	dēmitis	dēmunt	dēmēbam	dēmēbās	dēmēbat	dēmēbāmus	dēmēbātis	dēmēbant	dēmam	dēmēs	dēmet	dēmēmus	dēmētis	dēment	dēme	dēmite	dēmere
dēmōlior	-	dēmōlīre	-	-	-	-	-	dēmōliēbāre	-	-	-	-	-	dēmōliēre	-	-	-	-	-	-	-
dēnāscor	-	dēnāscere	dēnāscitur	dēnāscimur	dēnāsciminī	dēnāscuntur	dēnāscēbar	dēnāscēbāre	dēnāscēbātur	dēnāscēbāmur	dēnāscēbāminī	dēnāscēbantur	dēnāscar	dēnāscēre	dēnāscētur	dēnāscēmur	dēnāscēminī	dēnāscentur	dēnāscere	dēnāsciminī	dēnāscī
dēnūntiō	-	dēnūntiās	dēnūntiat	dēnūntiāmus	dēnūntiātis	dēnūntiant	dēnūntiābam	dēnūntiābās	dēnūntiābat	dēnūntiābāmus	dēnūntiābātis	dēnūntiābant	dēnūntiābō	dēnūntiābis	dēnūntiābit	dēnūntiābimus	dēnūntiābitis	dēnūntiābunt	dēnūntiā	dēnūntiāte	dēnūntiāre
dēpacīscor	-	dēpacīscere	dēpacīscitur	dēpacīscimur	dēpacīsciminī	dēpacīscuntur	dēpacīscēbar	dēpacīscēbāre	dēpacīscēbātur	dēpacīscēbāmur	dēpacīscēbāminī	dēpacīscēbantur	dēpacīscar	dēpacīscēre	dēpacīscētur	dēpacīscēmur	dēpacīscēminī	dēpacīscentur	dēpacīscere	dēpacīsciminī	dēpacīscī
dēpangō	-	dēpangis	dēpangit	dēpangimus	dēpangitis	dēpangunt	dēpangēbam	dēpangēbās	dēpangēbat	dēpangēbāmus	dēpangēbātis	dēpangēbant	dēpangam	dēpangēs	dēpanget	dēpangēmus	dēpangētis	dēpangent	dēpange	dēpangite	dēpangere
dēpectō	-	dēpectis	dēpectit	dēpectimus	dēpectitis	dēpectunt	dēpectēbam	dēpectēbās	dēpectēbat	dēpectēbāmus	dēpectēbātis	dēpectēbant	dēpectam	dēpectēs	dēpectet	dēpectēmus	dēpectētis	dēpectent	dēpecte	dēpectite	dēpectere
dēpecīscor	-	dēpecīscere	dēpecīscitur	dēpecīscimur	dēpecīsciminī	dēpecīscuntur	dēpecīscēbar	dēpecīscēbāre	dēpecīscēbātur	dēpecīscēbāmur	dēpecīscēbāminī	dēpecīscēbantur	dēpecīscar	dēpecīscēre	dēpecīscētur	dēpecīscēmur	dēpecīscēminī	dēpecīscentur	dēpecīscere	dēpecīsciminī	dēpecīscī
dēpecūlor	-	dēpecūlāre	-	-	-	-	-	dēpecūlābāre	-	-	-	-	-	dēpecūlābere	-	-	-	-	-	-	-
dēpellō	-	dēpellis	dēpellit	dēpellimus	dēpellitis	dēpellunt	dēpellēbam	dēpellēbās	dēpellēbat	dēpellēbāmus	dēpellēbātis	dēpellēbant	dēpellam	dēpellēs	dēpellet	dēpellēmus	dēpellētis	dēpellent	dēpelle	dēpellite	dēpellere
dēpendō	-	dēpendis	dēpendit	dēpendimus	dēpenditis	dēpendunt	dēpendēbam	dēpendēbās	dēpendēbat	dēpendēbāmus	dēpendēbātis	dēpendēbant	dēpendam	dēpendēs	dēpendet	dēpendēmus	dēpendētis	dēpendent	dēpende	dēpendite	dēpendere
dēperdō	-	dēperdis	dēperdit	dēperdimus	dēperditis	dēperdunt	dēperdēbam	dēperdēbās	dēperdēbat	dēperdēbāmus	dēperdēbātis	dēperdēbant	dēperdam	dēperdēs	dēperdet	dēperdēmus	dēperdētis	dēperdent	dēperde	dēperdite	dēperdere
dēpereō	-	dēperīs	dēperit	dēperīmus	dēperītis	dēpereunt	dēperībam	dēperībās	dēperībat	dēperībāmus	dēperībātis	dēperībant	dēperībō	dēperībis	dēperībit	dēperībimus	dēperībitis	dēperībunt	dēperī	dēperīte	dēperīre
dēpingō	-	dēpingis	dēpingit	dēpingimus	dēpingitis	dēpingunt	dēpingēbam	dēpingēbās	dēpingēbat	dēpingēbāmus	dēpingēbātis	dēpingēbant	dēpingam	dēpingēs	dēpinget	dēpingēmus	dēpingētis	dēpingent	dēpinge	dēpingite	dēpingere
dēplangō	-	dēplangis	dēplangit	dēplangimus	dēplangitis	dēplangunt	dēplangēbam	dēplangēbās	dēplangēbat	dēplangēbāmus	dēplangēbātis	dēplangēbant	dēplangam	dēplangēs	dēplanget	dēplangēmus	dēplangētis	dēplangent	dēplange	dēplangite	dēplangere
dēpopulor	-	dēpopulāre	-	-	-	-	-	dēpopulābāre	-	-	-	-	-	dēpopulābere	-	-	-	-	-	-	-
dēpraedor	-	dēpraedāre	-	-	-	-	-	dēpraedābāre	-	-	-	-	-	dēpraedābere	-	-	-	-	-	-	-
dēprecor	-	dēprecāre	-	-	-	-	-	dēprecābāre	-	-	-	-	-	dēprecābere	-	-	-	-	-	-	-
dēprehendō	-	dēprehendis	dēprehendit	dēprehendimus	dēprehenditis	dēprehendunt	dēprehendēbam	dēprehendēbās	dēprehendēbat	dēprehendēbāmus	dēprehendēbātis	dēprehendēbant	dēprehendam	dēprehendēs	dēprehendet	dēprehendēmus	dēprehendētis	dēprehendent	dēprehende	dēprehendite	dēprehendere
dēpretiō	-	dēpretiās	dēpretiat	dēpretiāmus	dēpretiātis	dēpretiant	dēpretiābam	dēpretiābās	dēpretiābat	dēpretiābāmus	dēpretiābātis	dēpretiābant	dēpretiābō	dēpretiābis	dēpretiābit	dēpretiābimus	dēpretiābitis	dēpretiābunt	dēpretiā	dēpretiāte	dēpretiāre
dēprimō	-	dēprimis	dēprimit	dēprimimus	dēprimitis	dēprimunt	dēprimēbam	dēprimēbās	dēprimēbat	dēprimēbāmus	dēprimēbātis	dēprimēbant	dēprimam	dēprimēs	dēprimet	dēprimēmus	dēprimētis	dēpriment	dēprime	dēprimite	dēprimere
dēprēndō	-	dēprēndis	dēprēndit	dēprēndimus	dēprēnditis	dēprēndunt	dēprēndēbam	dēprēndēbās	dēprēndēbat	dēprēndēbāmus	dēprēndēbātis	dēprēndēbant	dēprēndam	dēprēndēs	dēprēndet	dēprēndēmus	dēprēndētis	dēprēndent	dēprēnde	dēprēndite	dēprēndere
dēprōmō	-	dēprōmis	dēprōmit	dēprōmimus	dēprōmitis	dēprōmunt	dēprōmēbam	dēprōmēbās	dēprōmēbat	dēprōmēbāmus	dēprōmēbātis	dēprōmēbant	dēprōmam	dēprōmēs	dēprōmet	dēprōmēmus	dēprōmētis	dēprōment	dēprōme	dēprōmite	dēprōmere
dēpungō	-	dēpungis	dēpungit	dēpungimus	dēpungitis	dēpungunt	dēpungēbam	dēpungēbās	dēpungēbat	dēpungēbāmus	dēpungēbātis	dēpungēbant	dēpungam	dēpungēs	dēpunget	dēpungēmus	dēpungētis	dēpungent	dēpunge	dēpungite	dēpungere
dēpōnō	-	dēpōnis	dēpōnit	dēpōnimus	dēpōnitis	dēpōnunt	dēpōnēbam	dēpōnēbās	dēpōnēbat	dēpōnēbāmus	dēpōnēbātis	dēpōnēbant	dēpōnam	dēpōnēs	dēpōnet	dēpōnēmus	dēpōnētis	dēpōnent	dēpōne	dēpōnite	dēpōnere
dērelinquō	-	dērelinquis	dērelinquit	dērelinquimus	dērelinquitis	dērelinquunt	dērelinquēbam	dērelinquēbās	dērelinquēbat	dērelinquēbāmus	dērelinquēbātis	dērelinquēbant	dērelinquam	dērelinquēs	dērelinquet	dērelinquēmus	dērelinquētis	dērelinquent	dērelinque	dērelinquite	dērelinquere
dērigō	-	dērigis	dērigit	dērigimus	dērigitis	dērigunt	dērigēbam	dērigēbās	dērigēbat	dērigēbāmus	dērigēbātis	dērigēbant	dērigam	dērigēs	dēriget	dērigēmus	dērigētis	dērigent	dērige	dērigite	dērigere
dēripiō	-	dēripis	-	dēripimus	dēripitis	-	-	-	-	-	-	-	-	-	-	-	-	-	dēripe	dēripite	dēripere
dēruō	-	dēruis	dēruit	dēruimus	dēruitis	dēruunt	dēruēbam	dēruēbās	dēruēbat	dēruēbāmus	dēruēbātis	dēruēbant	dēruam	dēruēs	dēruet	dēruēmus	dēruētis	dēruent	dērue	dēruite	dēruere
dērādō	-	dērādis	dērādit	dērādimus	dērāditis	dērādunt	dērādēbam	dērādēbās	dērādēbat	dērādēbāmus	dērādēbātis	dērādēbant	dērādam	dērādēs	dērādet	dērādēmus	dērādētis	dērādent	dērāde	dērādite	dērādere
dērēpō	-	dērēpis	dērēpit	dērēpimus	dērēpitis	dērēpunt	dērēpēbam	dērēpēbās	dērēpēbat	dērēpēbāmus	dērēpēbātis	dērēpēbant	dērēpam	dērēpēs	dērēpet	dērēpēmus	dērēpētis	dērēpent	dērēpe	dērēpite	dērēpere
dēscendō	-	dēscendis	dēscendit	dēscendimus	dēscenditis	dēscendunt	dēscendēbam	dēscendēbās	dēscendēbat	dēscendēbāmus	dēscendēbātis	dēscendēbant	dēscendam	dēscendēs	dēscendet	dēscendēmus	dēscendētis	dēscendent	dēscende	dēscendite	dēscendere
dēscrībō	-	dēscrībis	dēscrībit	dēscrībimus	dēscrībitis	dēscrībunt	dēscrībēbam	dēscrībēbās	dēscrībēbat	dēscrībēbāmus	dēscrībēbātis	dēscrībēbant	dēscrībam	dēscrībēs	dēscrībet	dēscrībēmus	dēscrībētis	dēscrībent	dēscrībe	dēscrībite	dēscrībere
dēserpō	-	dēserpis	dēserpit	dēserpimus	dēserpitis	dēserpunt	dēserpēbam	dēserpēbās	dēserpēbat	dēserpēbāmus	dēserpēbātis	dēserpēbant	dēserpam	dēserpēs	dēserpet	dēserpēmus	dēserpētis	dēserpent	dēserpe	dēserpite	dēserpere
dēserō	-	dēseris	dēserit	dēserimus	dēseritis	dēserunt	dēserēbam	dēserēbās	dēserēbat	dēserēbāmus	dēserēbātis	dēserēbant	dēseram	dēserēs	dēseret	dēserēmus	dēserētis	dēserent	dēsere	dēserite	dēserere
dēsinō	-	dēsinis	dēsinit	dēsinimus	dēsinitis	dēsinunt	dēsinēbam	dēsinēbās	dēsinēbat	dēsinēbāmus	dēsinēbātis	dēsinēbant	dēsinam	dēsinēs	dēsinet	dēsinēmus	dēsinētis	dēsinent	dēsine	dēsinite	dēsinere
dēsipiō	-	dēsipis	-	dēsipimus	dēsipitis	-	-	-	-	-	-	-	-	-	-	-	-	-	dēsipe	dēsipite	dēsipere
dēsistō	-	dēsistis	dēsistit	dēsistimus	dēsistitis	dēsistunt	dēsistēbam	dēsistēbās	dēsistēbat	dēsistēbāmus	dēsistēbātis	dēsistēbant	dēsistam	dēsistēs	dēsistet	dēsistēmus	dēsistētis	dēsistent	dēsiste	dēsistite	dēsistere
dēspiciō	-	dēspicis	-	dēspicimus	dēspicitis	-	-	-	-	-	-	-	-	-	-	-	-	-	dēspice	dēspicite	dēspicere
dēspicor	-	dēspicāre	-	-	-	-	-	dēspicābāre	-	-	-	-	-	dēspicābere	-	-	-	-	-	-	-
dēspoliō	-	dēspoliās	dēspoliat	dēspoliāmus	dēspoliātis	dēspoliant	dēspoliābam	dēspoliābās	dēspoliābat	dēspoliābāmus	dēspoliābātis	dēspoliābant	dēspoliābō	dēspoliābis	dēspoliābit	dēspoliābimus	dēspoliābitis	dēspoliābunt	dēspoliā	dēspoliāte	dēspoliāre
dēspuō	-	dēspuis	dēspuit	dēspuimus	dēspuitis	dēspuunt	dēspuēbam	dēspuēbās	dēspuēbat	dēspuēbāmus	dēspuēbātis	dēspuēbant	dēspuam	dēspuēs	dēspuet	dēspuēmus	dēspuētis	dēspuent	dēspue	dēspuite	dēspuere
dēsternō	-	dēsternis	dēsternit	dēsternimus	dēsternitis	dēsternunt	dēsternēbam	dēsternēbās	dēsternēbat	dēsternēbāmus	dēsternēbātis	dēsternēbant	dēsternam	dēsternēs	dēsternet	dēsternēmus	dēsternētis	dēsternent	dēsterne	dēsternite	dēsternere
dēstituō	-	dēstituis	dēstituit	dēstituimus	dēstituitis	dēstituunt	dēstituēbam	dēstituēbās	dēstituēbat	dēstituēbāmus	dēstituēbātis	dēstituēbant	dēstituam	dēstituēs	dēstituet	dēstituēmus	dēstituētis	dēstituent	dēstitue	dēstituite	dēstituere
dēstringō	-	dēstringis	dēstringit	dēstringimus	dēstringitis	dēstringunt	dēstringēbam	dēstringēbās	dēstringēbat	dēstringēbāmus	dēstringēbātis	dēstringēbant	dēstringam	dēstringēs	dēstringet	dēstringēmus	dēstringētis	dēstringent	dēstringe	dēstringite	dēstringere
dēstruō	-	dēstruis	dēstruit	dēstruimus	dēstruitis	dēstruunt	dēstruēbam	dēstruēbās	dēstruēbat	dēstruēbāmus	dēstruēbātis	dēstruēbant	dēstruam	dēstruēs	dēstruet	dēstruēmus	dēstruētis	dēstruent	dēstrue	dēstruite	dēstruere
dēsum	dēsum	dēes	dēest	dēsumus	dēestis	dēsunt	dēeram	dēerās	dēerat	dēerāmus	dēerātis	dēerant	dēerō	dēere	dēerit	dēerimus	dēeritis	dēerunt	dēes	dēeste	deesse
dēsurgō	-	dēsurgis	dēsurgit	dēsurgimus	dēsurgitis	dēsurgunt	dēsurgēbam	dēsurgēbās	dēsurgēbat	dēsurgēbāmus	dēsurgēbātis	dēsurgēbant	dēsurgam	dēsurgēs	dēsurget	dēsurgēmus	dēsurgētis	dēsurgent	dēsurge	dēsurgite	dēsurgere
dēsuēfaciō	-	dēsuēfacis	-	dēsuēfacimus	dēsuēfacitis	-	-	-	-	-	-	-	-	-	-	-	-	-	dēsuēface	dēsuēfacite	dēsuēfacere
dēsīdō	-	dēsīdis	dēsīdit	dēsīdimus	dēsīditis	dēsīdunt	dēsīdēbam	dēsīdēbās	dēsīdēbat	dēsīdēbāmus	dēsīdēbātis	dēsīdēbant	dēsīdam	dēsīdēs	dēsīdet	dēsīdēmus	dēsīdētis	dēsīdent	dēsīde	dēsīdite	dēsīdere
dēsūmō	-	dēsūmis	dēsūmit	dēsūmimus	dēsūmitis	dēsūmunt	dēsūmēbam	dēsūmēbās	dēsūmēbat	dēsūmēbāmus	dēsūmēbātis	dēsūmēbant	dēsūmam	dēsūmēs	dēsūmet	dēsūmēmus	dēsūmētis	dēsūment	dēsūme	dēsūmite	dēsūmere
dētegō	-	dētegis	dētegit	dētegimus	dētegitis	dētegunt	dētegēbam	dētegēbās	dētegēbat	dētegēbāmus	dētegēbātis	dētegēbant	dētegam	dētegēs	dēteget	dētegēmus	dētegētis	dētegent	dētege	dētegite	dētegere
dētendō	-	dētendis	dētendit	dētendimus	dētenditis	dētendunt	dētendēbam	dētendēbās	dētendēbat	dētendēbāmus	dētendēbātis	dētendēbant	dētendam	dētendēs	dētendet	dētendēmus	dētendētis	dētendent	dētende	dētendite	dētendere
dēterō	-	dēteris	dēterit	dēterimus	dēteritis	dēterunt	dēterēbam	dēterēbās	dēterēbat	dēterēbāmus	dēterēbātis	dēterēbant	dēteram	dēterēs	dēteret	dēterēmus	dēterētis	dēterent	dētere	dēterite	dēterere
dētestor	-	dētestāre	-	-	-	-	-	dētestābāre	-	-	-	-	-	dētestābere	-	-	-	-	-	-	-
dētexō	-	dētexis	dētexit	dēteximus	dētexitis	dētexunt	dētexēbam	dētexēbās	dētexēbat	dētexēbāmus	dētexēbātis	dētexēbant	dētexam	dētexēs	dētexet	dētexēmus	dētexētis	dētexent	dētexe	dētexite	dētexere
dētrahō	-	dētrahis	dētrahit	dētrahimus	dētrahitis	dētrahunt	dētrahēbam	dētrahēbās	dētrahēbat	dētrahēbāmus	dētrahēbātis	dētrahēbant	dētraham	dētrahēs	dētrahet	dētrahēmus	dētrahētis	dētrahent	dētrahe	dētrahite	dētrahere
dētrūdō	-	dētrūdis	dētrūdit	dētrūdimus	dētrūditis	dētrūdunt	dētrūdēbam	dētrūdēbās	dētrūdēbat	dētrūdēbāmus	dētrūdēbātis	dētrūdēbant	dētrūdam	dētrūdēs	dētrūdet	dētrūdēmus	dētrūdētis	dētrūdent	dētrūde	dētrūdite	dētrūdere
dēvehō	-	dēvehis	dēvehit	dēvehimus	dēvehitis	dēvehunt	dēvehēbam	dēvehēbās	dēvehēbat	dēvehēbāmus	dēvehēbātis	dēvehēbant	dēveham	dēvehēs	dēvehet	dēvehēmus	dēvehētis	dēvehent	dēvehe	dēvehite	dēvehere
dēveneror	-	dēvenerāre	-	-	-	-	-	dēvenerābāre	-	-	-	-	-	dēvenerābere	-	-	-	-	-	-	-
dēverrō	-	dēverris	dēverrit	dēverrimus	dēverritis	dēverrunt	dēverrēbam	dēverrēbās	dēverrēbat	dēverrēbāmus	dēverrēbātis	dēverrēbant	dēverram	dēverrēs	dēverret	dēverrēmus	dēverrētis	dēverrent	dēverre	dēverrite	dēverrere
dēversor	-	dēversāre	-	-	-	-	-	dēversābāre	-	-	-	-	-	dēversābere	-	-	-	-	-	-	-
dēvertō	-	dēvertis	dēvertit	dēvertimus	dēvertitis	dēvertunt	dēvertēbam	dēvertēbās	dēvertēbat	dēvertēbāmus	dēvertēbātis	dēvertēbant	dēvertam	dēvertēs	dēvertet	dēvertēmus	dēvertētis	dēvertent	dēverte	dēvertite	dēvertere
dēvincō	-	dēvincis	dēvincit	dēvincimus	dēvincitis	dēvincunt	dēvincēbam	dēvincēbās	dēvincēbat	dēvincēbāmus	dēvincēbātis	dēvincēbant	dēvincam	dēvincēs	dēvincet	dēvincēmus	dēvincētis	dēvincent	dēvince	dēvincite	dēvincere
dēviō	-	dēviās	dēviat	dēviāmus	dēviātis	dēviant	dēviābam	dēviābās	dēviābat	dēviābāmus	dēviābātis	dēviābant	dēviābō	dēviābis	dēviābit	dēviābimus	dēviābitis	dēviābunt	dēviā	dēviāte	dēviāre
dēvolvō	-	dēvolvis	dēvolvit	dēvolvimus	dēvolvitis	dēvolvunt	dēvolvēbam	dēvolvēbās	dēvolvēbat	dēvolvēbāmus	dēvolvēbātis	dēvolvēbant	dēvolvam	dēvolvēs	dēvolvet	dēvolvēmus	dēvolvētis	dēvolvent	dēvolve	dēvolvite	dēvolvere
dīcō	-	dīcis	dīcit	dīcimus	dīcitis	dīcunt	dīcēbam	dīcēbās	dīcēbat	dīcēbāmus	dīcēbātis	dīcēbant	dīcam	dīcēbis	dīcet	dīcēbimus	dīcēbitis	dīcent	dīc	dīcite	dīcere
dīdō	-	dīdis	dīdit	dīdimus	dīditis	dīdunt	dīdēbam	dīdēbās	dīdēbat	dīdēbāmus	dīdēbātis	dīdēbant	dīdam	dīdēs	dīdet	dīdēmus	dīdētis	dīdent	dīde	dīdite	dīdere
dīdūcō	-	dīdūcis	dīdūcit	dīdūcimus	dīdūcitis	dīdūcunt	dīdūcēbam	dīdūcēbās	dīdūcēbat	dīdūcēbāmus	dīdūcēbātis	dīdūcēbant	dīdūcam	dīdūcēs	dīdūcet	dīdūcēmus	dīdūcētis	dīdūcent	dīdūc	dīdūcite	dīdūcere
dīgerō	-	dīgeris	dīgerit	dīgerimus	dīgeritis	dīgerunt	dīgerēbam	dīgerēbās	dīgerēbat	dīgerēbāmus	dīgerēbātis	dīgerēbant	dīgeram	dīgerēs	dīgeret	dīgerēmus	dīgerētis	dīgerent	dīgere	dīgerite	dīgerere
dīgladior	-	dīgladiāre	dīgladiātur	dīgladiāmur	dīgladiāminī	dīgladiantur	dīgladiābar	dīgladiābāre	dīgladiābātur	dīgladiābāmur	dīgladiābāminī	dīgladiābantur	dīgladiābor	dīgladiābere	dīgladiābitur	dīgladiābimur	dīgladiābiminī	dīgladiābuntur	dīgladiāre	dīgladiāminī	dīgladiārī
dīgredior	-	dīgredere	dīgreditur	dīgredimur	dīgrediminī	-	-	dīgrediēbāre	-	-	-	-	-	dīgrediēre	-	-	-	-	dīgredere	dīgrediminī	dīgredī
dīiungō	-	dīiungis	dīiungit	dīiungimus	dīiungitis	dīiungunt	dīiungēbam	dīiungēbās	dīiungēbat	dīiungēbāmus	dīiungēbātis	dīiungēbant	dīiungam	dīiungēs	dīiunget	dīiungēmus	dīiungētis	dīiungent	dīiunge	dīiungite	dīiungere
dīlaniō	-	dīlaniās	dīlaniat	dīlaniāmus	dīlaniātis	dīlaniant	dīlaniābam	dīlaniābās	dīlaniābat	dīlaniābāmus	dīlaniābātis	dīlaniābant	dīlaniābō	dīlaniābis	dīlaniābit	dīlaniābimus	dīlaniābitis	dīlaniābunt	dīlaniā	dīlaniāte	dīlaniāre
dīlargior	-	dīlargīre	-	-	-	-	-	dīlargiēbāre	-	-	-	-	-	dīlargiēre	-	-	-	-	-	-	-
dīlibuō	-	dīlibuis	dīlibuit	dīlibuimus	dīlibuitis	dīlibuunt	dīlibuēbam	dīlibuēbās	dīlibuēbat	dīlibuēbāmus	dīlibuēbātis	dīlibuēbant	dīlibuam	dīlibuēs	dīlibuet	dīlibuēmus	dīlibuētis	dīlibuent	dīlibue	dīlibuite	dīlibuere
dīligō	-	dīligis	dīligit	dīligimus	dīligitis	dīligunt	dīligēbam	dīligēbās	dīligēbat	dīligēbāmus	dīligēbātis	dīligēbant	dīligam	dīligēs	dīliget	dīligēmus	dīligētis	dīligent	dīlige	dīligite	dīligere
dīluviō	-	dīluviās	dīluviat	dīluviāmus	dīluviātis	dīluviant	dīluviābam	dīluviābās	dīluviābat	dīluviābāmus	dīluviābātis	dīluviābant	dīluviābō	dīluviābis	dīluviābit	dīluviābimus	dīluviābitis	dīluviābunt	dīluviā	dīluviāte	dīluviāre
dīluō	-	dīluis	dīluit	dīluimus	dīluitis	dīluunt	dīluēbam	dīluēbās	dīluēbat	dīluēbāmus	dīluēbātis	dīluēbant	dīluam	dīluēs	dīluet	dīluēmus	dīluētis	dīluent	dīlue	dīluite	dīluere
dīlābor	-	dīlābere	dīlābitur	dīlābimur	dīlābiminī	dīlābuntur	dīlābēbar	dīlābēbāre	dīlābēbātur	dīlābēbāmur	dīlābēbāminī	dīlābēbantur	dīlābar	dīlābēre	dīlābētur	dīlābēmur	dīlābēminī	dīlābentur	dīlābere	dīlābiminī	dīlābī
dīmidiō	-	dīmidiās	dīmidiat	dīmidiāmus	dīmidiātis	dīmidiant	dīmidiābam	dīmidiābās	dīmidiābat	dīmidiābāmus	dīmidiābātis	dīmidiābant	dīmidiābō	dīmidiābis	dīmidiābit	dīmidiābimus	dīmidiābitis	dīmidiābunt	dīmidiā	dīmidiāte	dīmidiāre
dīminuō	-	dīminuis	dīminuit	dīminuimus	dīminuitis	dīminuunt	dīminuēbam	dīminuēbās	dīminuēbat	dīminuēbāmus	dīminuēbātis	dīminuēbant	dīminuam	dīminuēs	dīminuet	dīminuēmus	dīminuētis	dīminuent	dīminue	dīminuite	dīminuere
dīmittō	-	dīmittis	dīmittit	dīmittimus	dīmittitis	dīmittunt	dīmittēbam	dīmittēbās	dīmittēbat	dīmittēbāmus	dīmittēbātis	dīmittēbant	dīmittam	dīmittēs	dīmittet	dīmittēmus	dīmittētis	dīmittent	dīmitte	dīmittite	dīmittere
dīmētior	-	dīmētīre	-	-	-	-	-	dīmētiēbāre	-	-	-	-	-	dīmētiēre	-	-	-	-	-	-	-
dīrigō	-	dīrigis	dīrigit	dīrigimus	dīrigitis	dīrigunt	dīrigēbam	dīrigēbās	dīrigēbat	dīrigēbāmus	dīrigēbātis	dīrigēbant	dīrigam	dīrigēs	dīriget	dīrigēmus	dīrigētis	dīrigent	dīrige	dīrigite	dīrigere
dīripiō	-	dīripis	-	dīripimus	dīripitis	-	-	-	-	-	-	-	-	-	-	-	-	-	dīripe	dīripite	dīripere
dīrumpō	-	dīrumpis	dīrumpit	dīrumpimus	dīrumpitis	dīrumpunt	dīrumpēbam	dīrumpēbās	dīrumpēbat	dīrumpēbāmus	dīrumpēbātis	dīrumpēbant	dīrumpam	dīrumpēs	dīrumpet	dīrumpēmus	dīrumpētis	dīrumpent	dīrumpe	dīrumpite	dīrumpere
dīruō	-	dīruis	dīruit	dīruimus	dīruitis	dīruunt	dīruēbam	dīruēbās	dīruēbat	dīruēbāmus	dīruēbātis	dīruēbant	dīruam	dīruēs	dīruet	dīruēmus	dīruētis	dīruent	dīrue	dīruite	dīruere
dīvagor	-	dīvagāre	-	-	-	-	-	dīvagābāre	-	-	-	-	-	dīvagābere	-	-	-	-	-	-	-
dīvellō	-	dīvellis	dīvellit	dīvellimus	dīvellitis	dīvellunt	dīvellēbam	dīvellēbās	dīvellēbat	dīvellēbāmus	dīvellēbātis	dīvellēbant	dīvellam	dīvellēs	dīvellet	dīvellēmus	dīvellētis	dīvellent	dīvelle	dīvellite	dīvellere
dīvergō	-	dīvergis	dīvergit	dīvergimus	dīvergitis	dīvergunt	dīvergēbam	dīvergēbās	dīvergēbat	dīvergēbāmus	dīvergēbātis	dīvergēbant	dīvergam	dīvergēs	dīverget	dīvergēmus	dīvergētis	dīvergent	dīverge	dīvergite	dīvergere
dīvertō	-	dīvertis	dīvertit	dīvertimus	dīvertitis	dīvertunt	dīvertēbam	dīvertēbās	dīvertēbat	dīvertēbāmus	dīvertēbātis	dīvertēbant	dīvertam	dīvertēs	dīvertet	dīvertēmus	dīvertētis	dīvertent	dīverte	dīvertite	dīvertere
dīvidō	-	dīvidis	dīvidit	dīvidimus	dīviditis	dīvidunt	dīvidēbam	dīvidēbās	dīvidēbat	dīvidēbāmus	dīvidēbātis	dīvidēbant	dīvidam	dīvidēs	dīvidet	dīvidēmus	dīvidētis	dīvident	dīvide	dīvidite	dīvidere
dīvēndō	-	dīvēndis	dīvēndit	dīvēndimus	dīvēnditis	dīvēndunt	dīvēndēbam	dīvēndēbās	dīvēndēbat	dīvēndēbāmus	dīvēndēbātis	dīvēndēbant	dīvēndam	dīvēndēs	dīvēndet	dīvēndēmus	dīvēndētis	dīvēndent	dīvēnde	dīvēndite	dīvēndere
dō	-	-	-	damus	datis	-	dabam	dabās	dabat	dabāmus	dabātis	dabant	dabō	dabis	dabit	dabimus	dabitis	dabunt	-	date	dare
dūcō	-	dūcis	dūcit	dūcimus	dūcitis	dūcunt	dūcēbam	dūcēbās	dūcēbat	dūcēbāmus	dūcēbātis	dūcēbant	dūcam	dūcēs	dūcet	dūcēmus	dūcētis	dūcent	dūc	dūcite	dūcere
ecferō	-	ecfers	-	ecferimus	ecfertis	-	-	-	-	-	-	-	ecferam	-	ecferet	-	-	ecferent	ecfer	ecferte	ecferre
ecfringō	-	ecfringis	ecfringit	ecfringimus	ecfringitis	ecfringunt	ecfringēbam	ecfringēbās	ecfringēbat	ecfringēbāmus	ecfringēbātis	ecfringēbant	ecfringam	ecfringēs	ecfringet	ecfringēmus	ecfringētis	ecfringent	ecfringe	ecfringite	ecfringere
ecfutuō	-	ecfutuis	ecfutuit	ecfutuimus	ecfutuitis	ecfutuunt	ecfutuēbam	ecfutuēbās	ecfutuēbat	ecfutuēbāmus	ecfutuēbātis	ecfutuēbant	ecfutuam	ecfutuēs	ecfutuet	ecfutuēmus	ecfutuētis	ecfutuent	ecfutue	ecfutuite	ecfutuere
edō	-	edis	edit	edimus	editis	edunt	edēbam	edēbās	edēbat	edēbāmus	edēbātis	edēbant	edam	edēs	edet	edēmus	edētis	edent	ede	edite	edere
effervō	-	effervis	effervit	effervimus	effervitis	effervunt	effervēbam	effervēbās	effervēbat	effervēbāmus	effervēbātis	effervēbant	effervam	effervēs	effervet	effervēmus	effervētis	effervent	efferve	effervite	effervere
efferō	-	effers	-	efferimus	effertis	-	-	-	-	-	-	-	efferam	-	efferet	-	-	efferent	effer	efferte	efferre
efficiō	-	efficis	-	efficimus	efficitis	-	-	-	-	-	-	-	-	-	-	-	-	-	effice	efficite	efficere
effigiō	-	effigiās	effigiat	effigiāmus	effigiātis	effigiant	effigiābam	effigiābās	effigiābat	effigiābāmus	effigiābātis	effigiābant	effigiābō	effigiābis	effigiābit	effigiābimus	effigiābitis	effigiābunt	effigiā	effigiāte	effigiāre
effingō	-	effingis	effingit	effingimus	effingitis	effingunt	effingēbam	effingēbās	effingēbat	effingēbāmus	effingēbātis	effingēbant	effingam	effingēs	effinget	effingēmus	effingētis	effingent	effinge	effingite	effingere
effluō	-	effluis	effluit	effluimus	effluitis	effluunt	effluēbam	effluēbās	effluēbat	effluēbāmus	effluēbātis	effluēbant	effluam	effluēs	effluet	effluēmus	effluētis	effluent	efflue	effluite	effluere
efflīgō	-	efflīgis	efflīgit	efflīgimus	efflīgitis	efflīgunt	efflīgēbam	efflīgēbās	efflīgēbat	efflīgēbāmus	efflīgēbātis	efflīgēbant	efflīgam	efflīgēs	efflīget	efflīgēmus	efflīgētis	efflīgent	efflīge	efflīgite	efflīgere
effodiō	-	effodis	-	effodimus	effoditis	-	-	-	-	-	-	-	-	-	-	-	-	-	effode	effodite	effodere
effor	-	effāre	-	-	-	-	-	effābāre	-	-	-	-	-	effābere	-	-	-	-	-	-	-
effringō	-	effringis	effringit	effringimus	effringitis	effringunt	effringēbam	effringēbās	effringēbat	effringēbāmus	effringēbātis	effringēbant	effringam	effringēs	effringet	effringēmus	effringētis	effringent	effringe	effringite	effringere
effugiō	-	effugis	-	effugimus	effugitis	-	-	-	-	-	-	-	-	-	-	-	-	-	effuge	effugite	effugere
effundō	-	effundis	effundit	effundimus	effunditis	effundunt	effundēbam	effundēbās	effundēbat	effundēbāmus	effundēbātis	effundēbant	effundam	effundēs	effundet	effundēmus	effundētis	effundent	effunde	effundite	effundere
effuscō	-	effuscās	effuscat	effuscāmus	effuscātis	effuscant	effuscābam	effuscābās	effuscābat	effuscābāmus	effuscābātis	effuscābant	effuscābō	effuscābis	effuscābit	effuscābimus	effuscābitis	effuscābunt	effuscā	effuscāte	effuscāre
effutuō	-	effutuis	effutuit	effutuimus	effutuitis	effutuunt	effutuēbam	effutuēbās	effutuēbat	effutuēbāmus	effutuēbātis	effutuēbant	effutuam	effutuēs	effutuet	effutuēmus	effutuētis	effutuent	effutue	effutuite	effutuere
elluor	-	elluāre	-	-	-	-	-	elluābāre	-	-	-	-	-	elluābere	-	-	-	-	-	-	-
emiror	-	emirāre	-	-	-	-	-	emirābāre	-	-	-	-	-	emirābere	-	-	-	-	-	-	-
emō	-	emis	emit	emimus	emitis	emunt	emēbam	emēbās	emēbat	emēbāmus	emēbātis	emēbant	emam	emēs	emet	emēmus	emētis	ement	eme	emite	emere
epulor	-	epulāre	-	-	-	-	-	epulābāre	-	-	-	-	-	epulābere	-	-	-	-	-	-	-
escadō	-	escadis	escadit	escadimus	escaditis	escadunt	escadēbam	escadēbās	escadēbat	escadēbāmus	escadēbātis	escadēbant	escadam	escadēs	escadet	escadēmus	escadētis	escadent	escade	escadite	escadere
escendō	-	escendis	escendit	escendimus	escenditis	escendunt	escendēbam	escendēbās	escendēbat	escendēbāmus	escendēbātis	escendēbant	escendam	escendēs	escendet	escendēmus	escendētis	escendent	escende	escendite	escendere
eschadō	-	eschadis	eschadit	eschadimus	eschaditis	eschadunt	eschadēbam	eschadēbās	eschadēbat	eschadēbāmus	eschadēbātis	eschadēbant	eschadam	eschadēs	eschadet	eschadēmus	eschadētis	eschadent	eschade	eschadite	eschadere
exacuō	-	exacuis	exacuit	exacuimus	exacuitis	exacuunt	exacuēbam	exacuēbās	exacuēbat	exacuēbāmus	exacuēbātis	exacuēbant	exacuam	exacuēs	exacuet	exacuēmus	exacuētis	exacuent	exacue	exacuite	exacuere
examplexor	-	examplexāre	-	-	-	-	-	examplexābāre	-	-	-	-	-	examplexābere	-	-	-	-	-	-	-
exbibō	-	exbibis	exbibit	exbibimus	exbibitis	exbibunt	exbibēbam	exbibēbās	exbibēbat	exbibēbāmus	exbibēbātis	exbibēbant	exbibam	exbibēs	exbibet	exbibēmus	exbibētis	exbibent	exbibe	exbibite	exbibere
excadō	-	excadis	excadit	excadimus	excaditis	excadunt	excadēbam	excadēbās	excadēbat	excadēbāmus	excadēbātis	excadēbant	excadam	excadēs	excadet	excadēmus	excadētis	excadent	excade	excadite	excadere
excalceō	-	excalceās	excalceat	excalceāmus	excalceātis	excalceant	excalceābam	excalceābās	excalceābat	excalceābāmus	excalceābātis	excalceābant	excalceābō	excalceābis	excalceābit	excalceābimus	excalceābitis	excalceābunt	excalceā	excalceāte	excalceāre
excalfaciō	-	excalfacis	-	excalfacimus	excalfacitis	-	-	-	-	-	-	-	-	-	-	-	-	-	excalface	excalfacite	excalfacere
excellō	-	excellis	excellit	excellimus	excellitis	excellunt	excellēbam	excellēbās	excellēbat	excellēbāmus	excellēbātis	excellēbant	excellam	excellēs	excellet	excellēmus	excellētis	excellent	excelle	excellite	excellere
excernō	-	excernis	excernit	excernimus	excernitis	excernunt	excernēbam	excernēbās	excernēbat	excernēbāmus	excernēbātis	excernēbant	excernam	excernēs	excernet	excernēmus	excernētis	excernent	excerne	excernite	excernere
excerpō	-	excerpis	excerpit	excerpimus	excerpitis	excerpunt	excerpēbam	excerpēbās	excerpēbat	excerpēbāmus	excerpēbātis	excerpēbant	excerpam	excerpēs	excerpet	excerpēmus	excerpētis	excerpent	excerpe	excerpite	excerpere
excidō	-	excidis	excidit	excidimus	exciditis	excidunt	excidēbam	excidēbās	excidēbat	excidēbāmus	excidēbātis	excidēbant	excidam	excidēs	excidet	excidēmus	excidētis	excident	excide	excidite	excidere
excipiō	-	excipis	-	excipimus	excipitis	-	-	-	-	-	-	-	-	-	-	-	-	-	excipe	excipite	excipere
exclūdō	-	exclūdis	exclūdit	exclūdimus	exclūditis	exclūdunt	exclūdēbam	exclūdēbās	exclūdēbat	exclūdēbāmus	exclūdēbātis	exclūdēbant	exclūdam	exclūdēs	exclūdet	exclūdēmus	exclūdētis	exclūdent	exclūde	exclūdite	exclūdere
excolō	-	excolis	excolit	excolimus	excolitis	excolunt	excolēbam	excolēbās	excolēbat	excolēbāmus	excolēbātis	excolēbant	excolam	excolēs	excolet	excolēmus	excolētis	excolent	excole	excolite	excolere
excoquō	-	excoquis	excoquit	excoquimus	excoquitis	excoquunt	excoquēbam	excoquēbās	excoquēbat	excoquēbāmus	excoquēbātis	excoquēbant	excoquam	excoquēs	excoquet	excoquēmus	excoquētis	excoquent	excoque	excoquite	excoquere
excoriō	-	excoriās	excoriat	excoriāmus	excoriātis	excoriant	excoriābam	excoriābās	excoriābat	excoriābāmus	excoriābātis	excoriābant	excoriābō	excoriābis	excoriābit	excoriābimus	excoriābitis	excoriābunt	excoriā	excoriāte	excoriāre
excreō	-	excreās	excreat	excreāmus	excreātis	excreant	excreābam	excreābās	excreābat	excreābāmus	excreābātis	excreābant	excreābō	excreābis	excreābit	excreābimus	excreābitis	excreābunt	excreā	excreāte	excreāre
excruciō	-	excruciās	excruciat	excruciāmus	excruciātis	excruciant	excruciābam	excruciābās	excruciābat	excruciābāmus	excruciābātis	excruciābant	excruciābō	excruciābis	excruciābit	excruciābimus	excruciābitis	excruciābunt	excruciā	excruciāte	excruciāre
excrībō	-	excrībis	excrībit	excrībimus	excrībitis	excrībunt	excrībēbam	excrībēbās	excrībēbat	excrībēbāmus	excrībēbātis	excrībēbant	excrībam	excrībēs	excrībet	excrībēmus	excrībētis	excrībent	excrībe	excrībite	excrībere
exculpō	-	exculpis	-	exculpimus	exculpitis	-	-	-	-	-	-	-	exculpam	-	exculpet	-	-	exculpent	exculpe	exculpite	exculpere
excurrō	-	excurris	excurrit	excurrimus	excurritis	excurrunt	excurrēbam	excurrēbās	excurrēbat	excurrēbāmus	excurrēbātis	excurrēbant	excurram	excurrēs	excurret	excurrēmus	excurrētis	excurrent	excurre	excurrite	excurrere
excutiō	-	excutis	-	excutimus	excutitis	-	-	-	-	-	-	-	-	-	-	-	-	-	excute	excutite	excutere
excēdō	-	excēdis	excēdit	excēdimus	excēditis	excēdunt	excēdēbam	excēdēbās	excēdēbat	excēdēbāmus	excēdēbātis	excēdēbant	excēdam	excēdēs	excēdet	excēdēmus	excēdētis	excēdent	excēde	excēdite	excēdere
excīdō	-	excīdis	excīdit	excīdimus	excīditis	excīdunt	excīdēbam	excīdēbās	excīdēbat	excīdēbāmus	excīdēbātis	excīdēbant	excīdam	excīdēs	excīdet	excīdēmus	excīdētis	excīdent	excīde	excīdite	excīdere
excūdō	-	excūdis	excūdit	excūdimus	excūditis	excūdunt	excūdēbam	excūdēbās	excūdēbat	excūdēbāmus	excūdēbātis	excūdēbant	excūdam	excūdēs	excūdet	excūdēmus	excūdētis	excūdent	excūde	excūdite	excūdere
execror	-	execrāre	-	-	-	-	-	execrābāre	-	-	-	-	-	execrābere	-	-	-	-	-	-	-
exedō	-	exedis	exedit	exedimus	exeditis	exedunt	exedēbam	exedēbās	exedēbat	exedēbāmus	exedēbātis	exedēbant	exedam	exedēs	exedet	exedēmus	exedētis	exedent	exede	exedite	exedere
exequor	-	exequere	exequitur	exequimur	exequiminī	exequuntur	exequēbar	exequēbāre	exequēbātur	exequēbāmur	exequēbāminī	exequēbantur	exequar	exequēre	exequētur	exequēmur	exequēminī	exequentur	exequere	exequiminī	exequī
exerō	-	exeris	exerit	exerimus	exeritis	exerunt	exerēbam	exerēbās	exerēbat	exerēbāmus	exerēbātis	exerēbant	exeram	exerēs	exeret	exerēmus	exerētis	exerent	exere	exerite	exerere
exeō	-	exīs	exit	exīmus	exītis	exeunt	exībam	exībās	exībat	exībāmus	exībātis	exībant	exībō	exībis	exībit	exībimus	exībitis	exībunt	exī	exīte	exīre
exfoliō	-	exfoliās	exfoliat	exfoliāmus	exfoliātis	exfoliant	exfoliābam	exfoliābās	exfoliābat	exfoliābāmus	exfoliābātis	exfoliābant	exfoliābō	exfoliābis	exfoliābit	exfoliābimus	exfoliābitis	exfoliābunt	exfoliā	exfoliāte	exfoliāre
exhortor	-	exhortāre	-	-	-	-	-	exhortābāre	-	-	-	-	-	exhortābere	-	-	-	-	-	-	-
exigō	-	exigis	exigit	exigimus	exigitis	exigunt	exigēbam	exigēbās	exigēbat	exigēbāmus	exigēbātis	exigēbant	exigam	exigēs	exiget	exigēmus	exigētis	exigent	exige	exigite	exigere
eximō	-	eximis	eximit	eximimus	eximitis	eximunt	eximēbam	eximēbās	eximēbat	eximēbāmus	eximēbātis	eximēbant	eximam	eximēs	eximet	eximēmus	eximētis	eximent	exime	eximite	eximere
existō	-	existis	existit	existimus	existitis	existunt	existēbam	existēbās	existēbat	existēbāmus	existēbātis	existēbant	existam	existēs	existet	existēmus	existētis	existent	existe	existite	existere
exolvō	-	exolvis	exolvit	exolvimus	exolvitis	exolvunt	exolvēbam	exolvēbās	exolvēbat	exolvēbāmus	exolvēbātis	exolvēbant	exolvam	exolvēs	exolvet	exolvēmus	exolvētis	exolvent	exolve	exolvite	exolvere
exoniō	-	exoniās	exoniat	exoniāmus	exoniātis	exoniant	exoniābam	exoniābās	exoniābat	exoniābāmus	exoniābātis	exoniābant	exoniābō	exoniābis	exoniābit	exoniābimus	exoniābitis	exoniābunt	exoniā	exoniāte	exoniāre
exorior	-	exorīre	-	-	-	-	-	exoriēbāre	-	-	-	-	-	exoriēre	-	-	-	-	-	-	-
expandō	-	expandis	expandit	expandimus	expanditis	expandunt	expandēbam	expandēbās	expandēbat	expandēbāmus	expandēbātis	expandēbant	expandam	expandēs	expandet	expandēmus	expandētis	expandent	expande	expandite	expandere
expellō	-	expellis	expellit	expellimus	expellitis	expellunt	expellēbam	expellēbās	expellēbat	expellēbāmus	expellēbātis	expellēbant	expellam	expellēs	expellet	expellēmus	expellētis	expellent	expelle	expellite	expellere
expendō	-	expendis	expendit	expendimus	expenditis	expendunt	expendēbam	expendēbās	expendēbat	expendēbāmus	expendēbātis	expendēbant	expendam	expendēs	expendet	expendēmus	expendētis	expendent	expende	expendite	expendere
expergēfaciō	-	expergēfacis	-	expergēfacimus	expergēfacitis	-	-	-	-	-	-	-	-	-	-	-	-	-	expergēface	expergēfacite	expergēfacere
expergīscor	-	expergīscere	expergīscitur	expergīscimur	expergīsciminī	expergīscuntur	expergīscēbar	expergīscēbāre	expergīscēbātur	expergīscēbāmur	expergīscēbāminī	expergīscēbantur	expergīscar	expergīscēre	expergīscētur	expergīscēmur	expergīscēminī	expergīscentur	expergīscere	expergīsciminī	expergīscī
expergō	-	expergis	expergit	expergimus	expergitis	expergunt	expergēbam	expergēbās	expergēbat	expergēbāmus	expergēbātis	expergēbant	expergam	expergēs	experget	expergēmus	expergētis	expergent	experge	expergite	expergere
experior	-	experīre	-	-	-	-	-	experiēbāre	-	-	-	-	-	experiēre	-	-	-	-	-	-	experīrier
expetessō	-	expetessis	expetessit	expetessimus	expetessitis	expetessunt	expetessēbam	expetessēbās	expetessēbat	expetessēbāmus	expetessēbātis	expetessēbant	expetessam	expetessēs	expetesset	expetessēmus	expetessētis	expetessent	expetesse	expetessite	expetessere
expetissō	-	expetissis	expetissit	expetissimus	expetissitis	expetissunt	expetissēbam	expetissēbās	expetissēbat	expetissēbāmus	expetissēbātis	expetissēbant	expetissam	expetissēs	expetisset	expetissēmus	expetissētis	expetissent	expetisse	expetissite	expetissere
expetō	-	expetis	expetit	expetimus	expetitis	expetunt	expetēbam	expetēbās	expetēbat	expetēbāmus	expetēbātis	expetēbant	expetam	expetēs	expetet	expetēmus	expetētis	expetent	expete	expetite	expetere
expingō	-	expingis	expingit	expingimus	expingitis	expingunt	expingēbam	expingēbās	expingēbat	expingēbāmus	expingēbātis	expingēbant	expingam	expingēs	expinget	expingēmus	expingētis	expingent	expinge	expingite	expingere
expiscor	-	expiscāre	-	-	-	-	-	expiscābāre	-	-	-	-	-	expiscābere	-	-	-	-	-	-	-
expiō	-	expiās	expiat	expiāmus	expiātis	expiant	expiābam	expiābās	expiābat	expiābāmus	expiābātis	expiābant	expiābō	expiābis	expiābit	expiābimus	expiābitis	expiābunt	expiā	expiāte	expiāre
explōdō	-	explōdis	explōdit	explōdimus	explōditis	explōdunt	explōdēbam	explōdēbās	explōdēbat	explōdēbāmus	explōdēbātis	explōdēbant	explōdam	explōdēs	explōdet	explōdēmus	explōdētis	explōdent	explōde	explōdite	explōdere
expoliō	-	expoliās	expoliat	expoliāmus	expoliātis	expoliant	expoliābam	expoliābās	expoliābat	expoliābāmus	expoliābātis	expoliābant	-	expoliābis	-	expoliābimus	expoliābitis	-	expoliā	expoliāte	expoliāre
exporrigō	-	exporrigis	exporrigit	exporrigimus	exporrigitis	exporrigunt	exporrigēbam	exporrigēbās	exporrigēbat	exporrigēbāmus	exporrigēbātis	exporrigēbant	exporrigam	exporrigēs	exporriget	exporrigēmus	exporrigētis	exporrigent	exporrige	exporrigite	exporrigere
exprimō	-	exprimis	exprimit	exprimimus	exprimitis	exprimunt	exprimēbam	exprimēbās	exprimēbat	exprimēbāmus	exprimēbātis	exprimēbant	exprimam	exprimēs	exprimet	exprimēmus	exprimētis	expriment	exprime	exprimite	exprimere
expropriō	-	expropriās	expropriat	expropriāmus	expropriātis	expropriant	expropriābam	expropriābās	expropriābat	expropriābāmus	expropriābātis	expropriābant	expropriābō	expropriābis	expropriābit	expropriābimus	expropriābitis	expropriābunt	expropriā	expropriāte	expropriāre
exprōmō	-	exprōmis	exprōmit	exprōmimus	exprōmitis	exprōmunt	exprōmēbam	exprōmēbās	exprōmēbat	exprōmēbāmus	exprōmēbātis	exprōmēbant	exprōmam	exprōmēs	exprōmet	exprōmēmus	exprōmētis	exprōment	exprōme	exprōmite	exprōmere
expungō	-	expungis	expungit	expungimus	expungitis	expungunt	expungēbam	expungēbās	expungēbat	expungēbāmus	expungēbātis	expungēbant	expungam	expungēs	expunget	expungēmus	expungētis	expungent	expunge	expungite	expungere
expuō	-	expuis	expuit	expuimus	expuitis	expuunt	expuēbam	expuēbās	expuēbat	expuēbāmus	expuēbātis	expuēbant	expuam	expuēs	expuet	expuēmus	expuētis	expuent	expue	expuite	expuere
expōnō	-	expōnis	expōnit	expōnimus	expōnitis	expōnunt	expōnēbam	expōnēbās	expōnēbat	expōnēbāmus	expōnēbātis	expōnēbant	expōnam	expōnēs	expōnet	expōnēmus	expōnētis	expōnent	expōne	expōnite	expōnere
exquīrō	-	exquīris	exquīrit	exquīrimus	exquīritis	exquīrunt	exquīrēbam	exquīrēbās	exquīrēbat	exquīrēbāmus	exquīrēbātis	exquīrēbant	exquīram	exquīrēs	exquīret	exquīrēmus	exquīrētis	exquīrent	exquīre	exquīrite	exquīrere
exsatiō	-	exsatiās	exsatiat	exsatiāmus	exsatiātis	exsatiant	exsatiābam	exsatiābās	exsatiābat	exsatiābāmus	exsatiābātis	exsatiābant	exsatiābō	exsatiābis	exsatiābit	exsatiābimus	exsatiābitis	exsatiābunt	exsatiā	exsatiāte	exsatiāre
exscendō	-	exscendis	exscendit	exscendimus	exscenditis	exscendunt	exscendēbam	exscendēbās	exscendēbat	exscendēbāmus	exscendēbātis	exscendēbant	exscendam	exscendēs	exscendet	exscendēmus	exscendētis	exscendent	exscende	exscendite	exscendere
exscindō	-	exscindis	exscindit	exscindimus	exscinditis	exscindunt	exscindēbam	exscindēbās	exscindēbat	exscindēbāmus	exscindēbātis	exscindēbant	exscindam	exscindēs	exscindet	exscindēmus	exscindētis	exscindent	exscinde	exscindite	exscindere
exscreō	-	exscreās	exscreat	exscreāmus	exscreātis	exscreant	exscreābam	exscreābās	exscreābat	exscreābāmus	exscreābātis	exscreābant	exscreābō	exscreābis	exscreābit	exscreābimus	exscreābitis	exscreābunt	exscreā	exscreāte	exscreāre
exscrībō	-	exscrībis	exscrībit	exscrībimus	exscrībitis	exscrībunt	exscrībēbam	exscrībēbās	exscrībēbat	exscrībēbāmus	exscrībēbātis	exscrībēbant	exscrībam	exscrībēs	exscrībet	exscrībēmus	exscrībētis	exscrībent	exscrībe	exscrībite	exscrībere
exsculpō	-	exsculpis	exsculpit	exsculpimus	exsculpitis	exsculpunt	exsculpēbam	exsculpēbās	exsculpēbat	exsculpēbāmus	exsculpēbātis	exsculpēbant	exsculpam	exsculpēs	exsculpet	exsculpēmus	exsculpētis	exsculpent	exsculpe	exsculpite	exsculpere
exsecror	-	exsecrāre	-	-	-	-	-	exsecrābāre	-	-	-	-	-	exsecrābere	-	-	-	-	-	-	-
exsequor	-	exsequere	exsequitur	exsequimur	exsequiminī	exsequuntur	exsequēbar	exsequēbāre	exsequēbātur	exsequēbāmur	exsequēbāminī	exsequēbantur	exsequar	exsequēre	exsequētur	exsequēmur	exsequēminī	exsequentur	exsequere	exsequiminī	exsequī
exserō	-	exseris	exserit	exserimus	exseritis	exserunt	exserēbam	exserēbās	exserēbat	exserēbāmus	exserēbātis	exserēbant	exseram	exserēs	exseret	exserēmus	exserētis	exserent	exsere	exserite	exserere
exsistō	-	exsistis	exsistit	exsistimus	exsistitis	exsistunt	exsistēbam	exsistēbās	exsistēbat	exsistēbāmus	exsistēbātis	exsistēbant	exsistam	exsistēs	exsistet	exsistēmus	exsistētis	exsistent	exsiste	exsistite	exsistere
exsolvō	-	exsolvis	exsolvit	exsolvimus	exsolvitis	exsolvunt	exsolvēbam	exsolvēbās	exsolvēbat	exsolvēbāmus	exsolvēbātis	exsolvēbant	exsolvam	exsolvēs	exsolvet	exsolvēmus	exsolvētis	exsolvent	exsolve	exsolvite	exsolvere
exspatior	-	exspatiāre	exspatiātur	exspatiāmur	exspatiāminī	exspatiantur	exspatiābar	exspatiābāre	exspatiābātur	exspatiābāmur	exspatiābāminī	exspatiābantur	exspatiābor	exspatiābere	exspatiābitur	exspatiābimur	exspatiābiminī	exspatiābuntur	exspatiāre	exspatiāminī	exspatiārī
exspoliō	-	exspoliās	exspoliat	exspoliāmus	exspoliātis	exspoliant	exspoliābam	exspoliābās	exspoliābat	exspoliābāmus	exspoliābātis	exspoliābant	exspoliābō	exspoliābis	exspoliābit	exspoliābimus	exspoliābitis	exspoliābunt	exspoliā	exspoliāte	exspoliāre
exspuō	-	exspuis	exspuit	exspuimus	exspuitis	exspuunt	exspuēbam	exspuēbās	exspuēbat	exspuēbāmus	exspuēbātis	exspuēbant	exspuam	exspuēs	exspuet	exspuēmus	exspuētis	exspuent	exspue	exspuite	exspuere
exstinguō	-	exstinguis	exstinguit	exstinguimus	exstinguitis	exstinguunt	exstinguēbam	exstinguēbās	exstinguēbat	exstinguēbāmus	exstinguēbātis	exstinguēbant	exstinguam	exstinguēs	exstinguet	exstinguēmus	exstinguētis	exstinguent	exstingue	exstinguite	exstinguere
exstruō	-	exstruis	exstruit	exstruimus	exstruitis	exstruunt	exstruēbam	exstruēbās	exstruēbat	exstruēbāmus	exstruēbātis	exstruēbant	exstruam	exstruēs	exstruet	exstruēmus	exstruētis	exstruent	exstrue	exstruite	exstruere
exsurgō	-	exsurgis	exsurgit	exsurgimus	exsurgitis	exsurgunt	exsurgēbam	exsurgēbās	exsurgēbat	exsurgēbāmus	exsurgēbātis	exsurgēbant	exsurgam	exsurgēs	exsurget	exsurgēmus	exsurgētis	exsurgent	exsurge	exsurgite	exsurgere
exsūgō	-	exsūgis	exsūgit	exsūgimus	exsūgitis	exsūgunt	exsūgēbam	exsūgēbās	exsūgēbat	exsūgēbāmus	exsūgēbātis	exsūgēbant	exsūgam	exsūgēs	exsūget	exsūgēmus	exsūgētis	exsūgent	exsūge	exsūgite	exsūgere
extendō	-	extendis	extendit	extendimus	extenditis	extendunt	extendēbam	extendēbās	extendēbat	extendēbāmus	extendēbātis	extendēbant	extendam	extendēs	extendet	extendēmus	extendētis	extendent	extende	extendite	extendere
extergō	-	extergis	extergit	extergimus	extergitis	extergunt	extergēbam	extergēbās	extergēbat	extergēbāmus	extergēbātis	extergēbant	extergam	extergēs	exterget	extergēmus	extergētis	extergent	exterge	extergite	extergere
exterō	-	exteris	exterit	exterimus	exteritis	exterunt	exterēbam	exterēbās	exterēbat	exterēbāmus	exterēbātis	exterēbant	exteram	exterēs	exteret	exterēmus	exterētis	exterent	extere	exterite	exterere
extinguō	-	extinguis	extinguit	extinguimus	extinguitis	extinguunt	extinguēbam	extinguēbās	extinguēbat	extinguēbāmus	extinguēbātis	extinguēbant	extinguam	extinguēs	extinguet	extinguēmus	extinguētis	extinguent	extingue	extinguite	extinguere
extollō	-	extollis	extollit	extollimus	extollitis	extollunt	extollēbam	extollēbās	extollēbat	extollēbāmus	extollēbātis	extollēbant	extollam	extollēs	extollet	extollēmus	extollētis	extollent	extolle	extollite	extollere
extrahō	-	extrahis	extrahit	extrahimus	extrahitis	extrahunt	extrahēbam	extrahēbās	extrahēbat	extrahēbāmus	extrahēbātis	extrahēbant	extraham	extrahēs	extrahet	extrahēmus	extrahētis	extrahent	extrahe	extrahite	extrahere
extruō	-	extruis	extruit	extruimus	extruitis	extruunt	extruēbam	extruēbās	extruēbat	extruēbāmus	extruēbātis	extruēbant	extruam	extruēs	extruet	extruēmus	extruētis	extruent	extrue	extruite	extruere
extrūdō	-	extrūdis	extrūdit	extrūdimus	extrūditis	extrūdunt	extrūdēbam	extrūdēbās	extrūdēbat	extrūdēbāmus	extrūdēbātis	extrūdēbant	extrūdam	extrūdēs	extrūdet	extrūdēmus	extrūdētis	extrūdent	extrūde	extrūdite	extrūdere
extundō	-	extundis	extundit	extundimus	extunditis	extundunt	extundēbam	extundēbās	extundēbat	extundēbāmus	extundēbātis	extundēbant	extundam	extundēs	extundet	extundēmus	extundētis	extundent	extunde	extundite	extundere
exurgō	-	exurgis	exurgit	exurgimus	exurgitis	exurgunt	exurgēbam	exurgēbās	exurgēbat	exurgēbāmus	exurgēbātis	exurgēbant	exurgam	exurgēs	exurget	exurgēmus	exurgētis	exurgent	exurge	exurgite	exurgere
exuō	-	exuis	exuit	exuimus	exuitis	exuunt	exuēbam	exuēbās	exuēbat	exuēbāmus	exuēbātis	exuēbant	exuam	exuēs	exuet	exuēmus	exuētis	exuent	exue	exuite	exuere
exvehō	-	exvehis	exvehit	exvehimus	exvehitis	exvehunt	exvehēbam	exvehēbās	exvehēbat	exvehēbāmus	exvehēbātis	exvehēbant	exveham	exvehēs	exvehet	exvehēmus	exvehētis	exvehent	exvehe	exvehite	exvehere
exōrdior	-	exōrdīre	-	-	-	-	-	exōrdiēbāre	-	-	-	-	-	exōrdiēre	-	-	-	-	-	-	-
exōsculor	-	exōsculāre	-	-	-	-	-	exōsculābāre	-	-	-	-	-	exōsculābere	-	-	-	-	-	-	-
exūrō	-	exūris	exūrit	exūrimus	exūritis	exūrunt	exūrēbam	exūrēbās	exūrēbat	exūrēbāmus	exūrēbātis	exūrēbant	exūram	exūrēs	exūret	exūrēmus	exūrētis	exūrent	exūre	exūrite	exūrere
eō	-	īs	it	īmus	ītis	eunt	ībam	ībās	ībat	ībāmus	ībātis	ībant	ībō	ībis	ībit	ībimus	ībitis	ībunt	ī	īte	īre
fabricor	-	fabricāre	-	-	-	-	-	fabricābāre	-	-	-	-	-	fabricābere	-	-	-	-	-	-	-
fabrēfaciō	-	fabrēfacis	-	fabrēfacimus	fabrēfacitis	-	-	-	-	-	-	-	-	-	-	-	-	-	fabrēface	fabrēfacite	fabrēfacere
facessō	-	facessis	facessit	facessimus	facessitis	facessunt	facessēbam	facessēbās	facessēbat	facessēbāmus	facessēbātis	facessēbant	facessam	facessēs	facesset	facessēmus	facessētis	facessent	facesse	facessite	facessere
faciō	-	facis	-	facimus	facitis	-	-	-	-	-	-	-	-	-	-	-	-	-	fac	facite	facere
faeneror	-	faenerāre	-	-	-	-	-	faenerābāre	-	-	-	-	-	faenerābere	-	-	-	-	-	-	-
fallō	-	fallis	fallit	fallimus	fallitis	fallunt	fallēbam	fallēbās	fallēbat	fallēbāmus	fallēbātis	fallēbant	fallam	fallēs	fallet	fallēmus	fallētis	fallent	falle	fallite	fallere
famulor	-	famulāre	-	-	-	-	-	famulābāre	-	-	-	-	-	famulābere	-	-	-	-	-	-	-
fasciō	-	fasciās	fasciat	fasciāmus	fasciātis	fasciant	fasciābam	fasciābās	fasciābat	fasciābāmus	fasciābātis	fasciābant	fasciābō	fasciābis	fasciābit	fasciābimus	fasciābitis	fasciābunt	fasciā	fasciāte	fasciāre
fateor	-	fatēre	-	-	-	-	-	fatēbāre	-	-	-	-	-	fatēbere	-	-	-	-	-	-	fatērier
fatuor	-	fatuāre	-	-	-	-	-	fatuābāre	-	-	-	-	-	fatuābere	-	-	-	-	-	-	-
fendō	-	fendis	fendit	fendimus	fenditis	fendunt	fendēbam	fendēbās	fendēbat	fendēbāmus	fendēbātis	fendēbant	fendam	fendēs	fendet	fendēmus	fendētis	fendent	fende	fendite	fendere
fervēfaciō	-	fervēfacis	-	fervēfacimus	fervēfacitis	-	-	-	-	-	-	-	-	-	-	-	-	-	fervēface	fervēfacite	fervēfacere
fervō	-	fervis	fervit	fervimus	fervitis	fervunt	fervēbam	fervēbās	fervēbat	fervēbāmus	fervēbātis	fervēbant	fervam	fervēs	fervet	fervēmus	fervētis	fervent	ferve	fervite	fervere
ferō	-	fers	fert	ferimus	fertis	ferunt	ferēbam	ferēbās	ferēbat	ferēbāmus	ferēbātis	ferēbant	feram	ferēs	feret	ferēmus	ferētis	ferent	fer	ferte	ferre
findō	-	findis	findit	findimus	finditis	findunt	findēbam	findēbās	findēbat	findēbāmus	findēbātis	findēbant	findam	findēs	findet	findēmus	findētis	findent	finde	findite	findere
fingō	-	fingis	fingit	fingimus	fingitis	fingunt	fingēbam	fingēbās	fingēbat	fingēbāmus	fingēbātis	fingēbant	fingam	fingēs	finget	fingēmus	fingētis	fingent	finge	fingite	fingere
flectō	-	flectis	flectit	flectimus	flectitis	flectunt	flectēbam	flectēbās	flectēbat	flectēbāmus	flectēbātis	flectēbant	flectam	flectēs	flectet	flectēmus	flectētis	flectent	flecte	flectite	flectere
floccipendō	-	floccipendis	floccipendit	floccipendimus	floccipenditis	floccipendunt	floccipendēbam	floccipendēbās	floccipendēbat	floccipendēbāmus	floccipendēbātis	floccipendēbant	floccipendam	floccipendēs	floccipendet	floccipendēmus	floccipendētis	floccipendent	floccipende	floccipendite	floccipendere
fluō	-	fluis	fluit	fluimus	fluitis	fluunt	fluēbam	fluēbās	fluēbat	fluēbāmus	fluēbātis	fluēbant	fluam	fluēs	fluet	fluēmus	fluētis	fluent	flue	fluite	fluere
flīgō	-	flīgis	flīgit	flīgimus	flīgitis	flīgunt	flīgēbam	flīgēbās	flīgēbat	flīgēbāmus	flīgēbātis	flīgēbant	flīgam	flīgēs	flīget	flīgēmus	flīgētis	flīgent	flīge	flīgite	flīgere
fodiō	-	fodis	-	fodimus	foditis	-	-	-	-	-	-	-	-	-	-	-	-	-	fode	fodite	fodere
foliō	-	foliās	foliat	foliāmus	foliātis	foliant	foliābam	foliābās	foliābat	foliābāmus	foliābātis	foliābant	foliābō	foliābis	foliābit	foliābimus	foliābitis	foliābunt	foliā	foliāte	foliāre
for	-	fāre	-	-	-	-	-	fābāre	-	-	-	-	-	fābere	-	-	-	-	-	-	fārier
fornicor	-	fornicāre	-	-	-	-	-	fornicābāre	-	-	-	-	-	fornicābere	-	-	-	-	-	-	-
frangō	-	frangis	frangit	frangimus	frangitis	frangunt	frangēbam	frangēbās	frangēbat	frangēbāmus	frangēbātis	frangēbant	frangam	frangēs	franget	frangēmus	frangētis	frangent	frange	frangite	frangere
fraudor	-	fraudere	frauditur	fraudimur	fraudiminī	frauduntur	fraudēbar	fraudēbāre	fraudēbātur	fraudēbāmur	fraudēbāminī	fraudēbantur	fraudar	fraudēre	fraudētur	fraudēmur	fraudēminī	fraudentur	fraudere	fraudiminī	fraudī
fremō	-	fremis	fremit	fremimus	fremitis	fremunt	fremēbam	fremēbās	fremēbat	fremēbāmus	fremēbātis	fremēbant	fremam	fremēs	fremet	fremēmus	fremētis	frement	freme	fremite	fremere
frendō	-	frendis	frendit	frendimus	frenditis	frendunt	frendēbam	frendēbās	frendēbat	frendēbāmus	frendēbātis	frendēbant	frendam	frendēs	frendet	frendēmus	frendētis	frendent	frende	frendite	frendere
friō	-	friās	friat	friāmus	friātis	friant	friābam	friābās	friābat	friābāmus	friābātis	friābant	friābō	friābis	friābit	friābimus	friābitis	friābunt	friā	friāte	friāre
fruor	-	fruere	fruitur	fruimur	fruiminī	fruuntur	fruēbar	fruēbāre	fruēbātur	fruēbāmur	fruēbāminī	fruēbantur	fruar	fruēre	fruētur	fruēmur	fruēminī	fruentur	fruere	fruiminī	fruī
fruscō	-	fruscās	fruscat	fruscāmus	fruscātis	fruscant	fruscābam	fruscābās	fruscābat	fruscābāmus	fruscābātis	fruscābant	fruscābō	fruscābis	fruscābit	fruscābimus	fruscābitis	fruscābunt	fruscā	fruscāte	fruscāre
frīgefaciō	-	frīgefacis	-	frīgefacimus	frīgefacitis	-	-	-	-	-	-	-	-	-	-	-	-	-	frīgeface	frīgefacite	frīgefacere
frīgō	-	frīgis	frīgit	frīgimus	frīgitis	frīgunt	frīgēbam	frīgēbās	frīgēbat	frīgēbāmus	frīgēbātis	frīgēbant	frīgam	frīgēs	frīget	frīgēmus	frīgētis	frīgent	frīge	frīgite	frīgere
frūmentor	-	frūmentāre	-	-	-	-	-	frūmentābāre	-	-	-	-	-	frūmentābere	-	-	-	-	-	-	-
frūnīscor	-	frūnīscere	frūnīscitur	frūnīscimur	frūnīsciminī	frūnīscuntur	frūnīscēbar	frūnīscēbāre	frūnīscēbātur	frūnīscēbāmur	frūnīscēbāminī	frūnīscēbantur	frūnīscar	frūnīscēre	frūnīscētur	frūnīscēmur	frūnīscēminī	frūnīscentur	frūnīscere	frūnīsciminī	frūnīscī
frūstror	-	frūstrāre	-	-	-	-	-	frūstrābāre	-	-	-	-	-	frūstrābere	-	-	-	-	-	-	-
fugiō	-	fugis	-	fugimus	fugitis	-	-	-	-	-	-	-	-	-	-	-	-	-	fuge	fugite	fugere
fulgō	-	fulgis	fulgit	fulgimus	fulgitis	fulgunt	fulgēbam	fulgēbās	fulgēbat	fulgēbāmus	fulgēbātis	fulgēbant	fulgam	fulgēs	fulget	fulgēmus	fulgētis	fulgent	fulge	fulgite	fulgere
fundō	-	fundis	-	fundimus	funditis	-	-	-	-	-	-	-	fundam	-	fundet	-	-	fundent	funde	fundite	fundere
fungor	-	fungere	fungitur	fungimur	fungiminī	funguntur	fungēbar	fungēbāre	fungēbātur	fungēbāmur	fungēbāminī	fungēbantur	fungar	fungēre	fungētur	fungēmur	fungēminī	fungentur	fungere	fungiminī	fungī
furiō	-	furiās	furiat	furiāmus	furiātis	furiant	furiābam	furiābās	furiābat	furiābāmus	furiābātis	furiābant	furiābō	furiābis	furiābit	furiābimus	furiābitis	furiābunt	furiā	furiāte	furiāre
furō	-	furis	furit	furimus	furitis	furunt	furēbam	furēbās	furēbat	furēbāmus	furēbātis	furēbant	furam	furēs	furet	furēmus	furētis	furent	fure	furite	furere
fuscō	-	fuscās	fuscat	fuscāmus	fuscātis	fuscant	fuscābam	fuscābās	fuscābat	fuscābāmus	fuscābātis	fuscābant	fuscābō	fuscābis	fuscābit	fuscābimus	fuscābitis	fuscābunt	fuscā	fuscāte	fuscāre
futuō	-	futuis	futuit	futuimus	futuitis	futuunt	futuēbam	futuēbās	futuēbat	futuēbāmus	futuēbātis	futuēbant	futuam	futuēs	futuet	futuēmus	futuētis	futuent	futue	futuite	futuere
fābulor	-	fābulāre	-	-	-	-	-	fābulābāre	-	-	-	-	-	fābulābere	-	-	-	-	-	-	fābulārier
fērior	-	fēriāre	fēriātur	fēriāmur	fēriāminī	fēriantur	fēriābar	fēriābāre	fēriābātur	fēriābāmur	fēriābāminī	fēriābantur	fēriābor	fēriābere	fēriābitur	fēriābimur	fēriābiminī	fēriābuntur	fēriāre	fēriāminī	fēriārī
fīdō	-	fīdis	fīdit	fīdimus	fīditis	fīdunt	fīdēbam	fīdēbās	fīdēbat	fīdēbāmus	fīdēbātis	fīdēbant	fīdam	fīdēs	fīdet	fīdēmus	fīdētis	fīdent	fīde	fīdite	fīdere
fīgō	-	fīgis	fīgit	fīgimus	fīgitis	fīgunt	fīgēbam	fīgēbās	fīgēbat	fīgēbāmus	fīgēbātis	fīgēbant	fīgam	fīgēs	fīget	fīgēmus	fīgētis	fīgent	fīge	fīgite	fīgere
fīvō	-	fīvis	fīvit	fīvimus	fīvitis	fīvunt	fīvēbam	fīvēbās	fīvēbat	fīvēbāmus	fīvēbātis	fīvēbant	fīvam	fīvēs	fīvet	fīvēmus	fīvētis	fīvent	fīve	fīvite	fīvere
fīō	-	fīs	fit	fīmus	fītis	fīunt	fīēbam	fīēbās	fīēbat	fīēbāmus	fīēbātis	fīēbant	fīam	fīēs	fīet	fīēmus	fīētis	fīent	fī	fīte	fierī
fūror	-	fūrāre	-	-	-	-	-	fūrābāre	-	-	-	-	-	fūrābere	-	-	-	-	-	-	-
galaticor	-	galaticāre	-	-	-	-	-	galaticābāre	-	-	-	-	-	galaticābere	-	-	-	-	-	-	-
galeō	-	galeās	galeat	galeāmus	galeātis	galeant	galeābam	galeābās	galeābat	galeābāmus	galeābātis	galeābant	galeābō	galeābis	galeābit	galeābimus	galeābitis	galeābunt	galeā	galeāte	galeāre
gemō	-	gemis	gemit	gemimus	gemitis	gemunt	gemēbam	gemēbās	gemēbat	gemēbāmus	gemēbātis	gemēbant	gemam	gemēs	gemet	gemēmus	gemētis	gement	geme	gemite	gemere
genō	-	genis	genit	genimus	genitis	genunt	genēbam	genēbās	genēbat	genēbāmus	genēbātis	genēbant	genam	genēs	genet	genēmus	genētis	genent	gene	genite	genere
genūflectō	-	genūflectis	genūflectit	genūflectimus	genūflectitis	genūflectunt	genūflectēbam	genūflectēbās	genūflectēbat	genūflectēbāmus	genūflectēbātis	genūflectēbant	genūflectam	genūflectēs	genūflectet	genūflectēmus	genūflectētis	genūflectent	genūflecte	genūflectite	genūflectere
gerō	-	geris	gerit	gerimus	geritis	gerunt	gerēbam	gerēbās	gerēbat	gerēbāmus	gerēbātis	gerēbant	geram	gerēs	geret	gerēmus	gerētis	gerent	gere	gerite	gerere
gesticulor	-	gesticulāre	-	-	-	-	-	gesticulābāre	-	-	-	-	-	gesticulābere	-	-	-	-	-	-	-
gignō	-	gignis	gignit	gignimus	gignitis	gignunt	gignēbam	gignēbās	gignēbat	gignēbāmus	gignēbātis	gignēbant	gignam	gignēs	gignet	gignēmus	gignētis	gignent	gigne	gignite	gignere
glaciō	-	glaciās	glaciat	glaciāmus	glaciātis	glaciant	glaciābam	glaciābās	glaciābat	glaciābāmus	glaciābātis	glaciābant	glaciābō	glaciābis	glaciābit	glaciābimus	glaciābitis	glaciābunt	glaciā	glaciāte	glaciāre
gladiō	-	gladiās	gladiat	gladiāmus	gladiātis	gladiant	gladiābam	gladiābās	gladiābat	gladiābāmus	gladiābātis	gladiābant	gladiābō	gladiābis	gladiābit	gladiābimus	gladiābitis	gladiābunt	gladiā	gladiāte	gladiāre
glōrior	-	glōriāre	glōriātur	glōriāmur	glōriāminī	glōriantur	glōriābar	glōriābāre	glōriābātur	glōriābāmur	glōriābāminī	glōriābantur	glōriābor	glōriābere	glōriābitur	glōriābimur	glōriābiminī	glōriābuntur	glōriāre	glōriāminī	glōriārī
glūbō	-	glūbis	glūbit	glūbimus	glūbitis	glūbunt	glūbēbam	glūbēbās	glūbēbat	glūbēbāmus	glūbēbātis	glūbēbant	glūbam	glūbēs	glūbet	glūbēmus	glūbētis	glūbent	glūbe	glūbite	glūbere
gnāscor	-	gnāscere	gnāscitur	gnāscimur	gnāsciminī	gnāscuntur	gnāscēbar	gnāscēbāre	gnāscēbātur	gnāscēbāmur	gnāscēbāminī	gnāscēbantur	gnāscar	gnāscēre	gnāscētur	gnāscēmur	gnāscēminī	gnāscentur	gnāscere	gnāsciminī	gnāscī
gradior	-	gradere	graditur	gradimur	gradiminī	-	-	gradiēbāre	-	-	-	-	-	gradiēre	-	-	-	-	gradere	gradiminī	gradī
graecor	-	graecāre	-	-	-	-	-	graecābāre	-	-	-	-	-	graecābere	-	-	-	-	-	-	-
grandinat	-	-	grandinat	-	-	-	-	-	grandinābat	-	-	-	-	-	grandinābit	-	-	-	-	-	grandināre
grassor	-	grassāre	-	-	-	-	-	grassābāre	-	-	-	-	-	grassābere	-	-	-	-	-	-	-
gravor	-	gravāre	-	-	-	-	-	gravābāre	-	-	-	-	-	gravābere	-	-	-	-	-	-	-
gruō	-	gruis	gruit	gruimus	gruitis	gruunt	gruēbam	gruēbās	gruēbat	gruēbāmus	gruēbātis	gruēbant	gruam	gruēs	gruet	gruēmus	gruētis	gruent	grue	gruite	gruere
grātificor	-	grātificāre	-	-	-	-	-	grātificābāre	-	-	-	-	-	grātificābere	-	-	-	-	-	-	-
grātor	-	grātāre	-	-	-	-	-	grātābāre	-	-	-	-	-	grātābere	-	-	-	-	-	-	-
grātulor	-	grātulāre	-	-	-	-	-	grātulābāre	-	-	-	-	-	grātulābere	-	-	-	-	-	-	-
hallūcinor	-	hallūcināre	-	-	-	-	-	hallūcinābāre	-	-	-	-	-	hallūcinābere	-	-	-	-	-	-	-
hariolor	-	hariolāre	-	-	-	-	-	hariolābāre	-	-	-	-	-	hariolābere	-	-	-	-	-	-	-
heiulor	-	heiulāre	-	-	-	-	-	heiulābāre	-	-	-	-	-	heiulābere	-	-	-	-	-	-	-
hejulor	-	hejulāre	-	-	-	-	-	hejulābāre	-	-	-	-	-	hejulābere	-	-	-	-	-	-	-
helluor	-	helluāre	-	-	-	-	-	helluābāre	-	-	-	-	-	helluābere	-	-	-	-	-	-	-
hendō	-	hendis	hendit	hendimus	henditis	hendunt	hendēbam	hendēbās	hendēbat	hendēbāmus	hendēbātis	hendēbant	hendam	hendēs	hendet	hendēmus	hendētis	hendent	hende	hendite	hendere
hiō	-	hiās	hiat	hiāmus	hiātis	hiant	hiābam	hiābās	hiābat	hiābāmus	hiābātis	hiābant	hiābō	hiābis	hiābit	hiābimus	hiābitis	hiābunt	hiā	hiāte	hiāre
horior	-	horere	horitur	horimur	horiminī	-	-	horiēbāre	-	-	-	-	-	horiēre	-	-	-	-	horere	horiminī	horī
hortor	-	hortāre	-	-	-	-	-	hortābāre	-	-	-	-	-	hortābere	-	-	-	-	-	-	hortārier
hospitor	-	hospitāre	-	-	-	-	-	hospitābāre	-	-	-	-	-	hospitābere	-	-	-	-	-	-	-
humiliō	-	humiliās	humiliat	humiliāmus	humiliātis	humiliant	humiliābam	humiliābās	humiliābat	humiliābāmus	humiliābātis	humiliābant	humiliābō	humiliābis	humiliābit	humiliābimus	humiliābitis	humiliābunt	humiliā	humiliāte	humiliāre
hālūcinor	-	hālūcināre	-	-	-	-	-	hālūcinābāre	-	-	-	-	-	hālūcinābere	-	-	-	-	-	-	-
hēluor	-	hēluāre	-	-	-	-	-	hēluābāre	-	-	-	-	-	hēluābere	-	-	-	-	-	-	-
iaciō	-	iacis	-	iacimus	iacitis	-	-	-	-	-	-	-	-	-	-	-	-	-	iace	iacite	iacere
iaculor	-	iaculāre	-	-	-	-	-	iaculābāre	-	-	-	-	-	iaculābere	-	-	-	-	-	-	iaculārier
illaqueō	-	illaqueās	illaqueat	illaqueāmus	illaqueātis	illaqueant	illaqueābam	illaqueābās	illaqueābat	illaqueābāmus	illaqueābātis	illaqueābant	illaqueābō	illaqueābis	illaqueābit	illaqueābimus	illaqueābitis	illaqueābunt	illaqueā	illaqueāte	illaqueāre
illiciō	-	illicis	-	illicimus	illicitis	-	-	-	-	-	-	-	-	-	-	-	-	-	illice	illicite	illicere
illinō	-	illinis	illinit	illinimus	illinitis	illinunt	illinēbam	illinēbās	illinēbat	illinēbāmus	illinēbātis	illinēbant	illinam	illinēs	illinet	illinēmus	illinētis	illinent	illine	illinite	illinere
illābor	-	illābere	illābitur	illābimur	illābiminī	illābuntur	illābēbar	illābēbāre	illābēbātur	illābēbāmur	illābēbāminī	illābēbantur	illābar	illābēre	illābētur	illābēmur	illābēminī	illābentur	illābere	illābiminī	illābī
illīdō	-	illīdis	illīdit	illīdimus	illīditis	illīdunt	illīdēbam	illīdēbās	illīdēbat	illīdēbāmus	illīdēbātis	illīdēbant	illīdam	illīdēs	illīdet	illīdēmus	illīdētis	illīdent	illīde	illīdite	illīdere
illūdō	-	illūdis	illūdit	illūdimus	illūditis	illūdunt	illūdēbam	illūdēbās	illūdēbat	illūdēbāmus	illūdēbātis	illūdēbant	illūdam	illūdēs	illūdet	illūdēmus	illūdētis	illūdent	illūde	illūdite	illūdere
imbibō	-	imbibis	imbibit	imbibimus	imbibitis	imbibunt	imbibēbam	imbibēbās	imbibēbat	imbibēbāmus	imbibēbātis	imbibēbant	imbibam	imbibēs	imbibet	imbibēmus	imbibētis	imbibent	imbibe	imbibite	imbibere
imbuō	-	imbuis	imbuit	imbuimus	imbuitis	imbuunt	imbuēbam	imbuēbās	imbuēbat	imbuēbāmus	imbuēbātis	imbuēbant	imbuam	imbuēs	imbuet	imbuēmus	imbuētis	imbuent	imbue	imbuite	imbuere
imitor	-	imitāre	-	-	-	-	-	imitābāre	-	-	-	-	-	imitābere	-	-	-	-	-	-	imitārier
immergō	-	immergis	immergit	immergimus	immergitis	immergunt	immergēbam	immergēbās	immergēbat	immergēbāmus	immergēbātis	immergēbant	immergam	immergēs	immerget	immergēmus	immergētis	immergent	immerge	immergite	immergere
imminuō	-	imminuis	imminuit	imminuimus	imminuitis	imminuunt	imminuēbam	imminuēbās	imminuēbat	imminuēbāmus	imminuēbātis	imminuēbant	imminuam	imminuēs	imminuet	imminuēmus	imminuētis	imminuent	imminue	imminuite	imminuere
immiseror	-	immiserāre	-	-	-	-	-	immiserābāre	-	-	-	-	-	immiserābere	-	-	-	-	-	-	-
immittō	-	immittis	immittit	immittimus	immittitis	immittunt	immittēbam	immittēbās	immittēbat	immittēbāmus	immittēbātis	immittēbant	immittam	immittēs	immittet	immittēmus	immittētis	immittent	immitte	immittite	immittere
immorior	-	immorere	immoritur	immorimur	immoriminī	-	-	immoriēbāre	-	-	-	-	-	immoriēre	-	-	-	-	immorere	immoriminī	immorī
immoror	-	immorāre	-	-	-	-	-	immorābāre	-	-	-	-	-	immorābere	-	-	-	-	-	-	-
impellō	-	impellis	impellit	impellimus	impellitis	impellunt	impellēbam	impellēbās	impellēbat	impellēbāmus	impellēbātis	impellēbant	impellam	impellēs	impellet	impellēmus	impellētis	impellent	impelle	impellite	impellere
impendō	-	impendis	impendit	impendimus	impenditis	impendunt	impendēbam	impendēbās	impendēbat	impendēbāmus	impendēbātis	impendēbant	impendam	impendēs	impendet	impendēmus	impendētis	impendent	impende	impendite	impendere
impetō	-	impetis	impetit	impetimus	impetitis	impetunt	impetēbam	impetēbās	impetēbat	impetēbāmus	impetēbātis	impetēbant	impetam	impetēs	impetet	impetēmus	impetētis	impetent	impete	impetite	impetere
impingō	-	impingis	impingit	impingimus	impingitis	impingunt	impingēbam	impingēbās	impingēbat	impingēbāmus	impingēbātis	impingēbant	impingam	impingēs	impinget	impingēmus	impingētis	impingent	impinge	impingite	impingere
impiō	-	impiās	impiat	impiāmus	impiātis	impiant	impiābam	impiābās	impiābat	impiābāmus	impiābātis	impiābant	impiābō	impiābis	impiābit	impiābimus	impiābitis	impiābunt	impiā	impiāte	impiāre
implectō	-	implectis	implectit	implectimus	implectitis	implectunt	implectēbam	implectēbās	implectēbat	implectēbāmus	implectēbātis	implectēbant	implectam	implectēs	implectet	implectēmus	implectētis	implectent	implecte	implectite	implectere
imprecor	-	imprecāre	-	-	-	-	-	imprecābāre	-	-	-	-	-	imprecābere	-	-	-	-	-	-	-
imprimō	-	imprimis	imprimit	imprimimus	imprimitis	imprimunt	imprimēbam	imprimēbās	imprimēbat	imprimēbāmus	imprimēbātis	imprimēbant	imprimam	imprimēs	imprimet	imprimēmus	imprimētis	impriment	imprime	imprimite	imprimere
impōnō	-	impōnis	impōnit	impōnimus	impōnitis	impōnunt	impōnēbam	impōnēbās	impōnēbat	impōnēbāmus	impōnēbātis	impōnēbant	impōnam	impōnēs	impōnet	impōnēmus	impōnētis	impōnent	impōne	impōnite	impōnere
imāginor	-	imāgināre	-	-	-	-	-	imāginābāre	-	-	-	-	-	imāginābere	-	-	-	-	-	-	-
inaurior	-	inaurīre	-	-	-	-	-	inauriēbāre	-	-	-	-	-	inauriēre	-	-	-	-	-	-	-
incalfaciō	-	incalfacis	-	incalfacimus	incalfacitis	-	-	-	-	-	-	-	-	-	-	-	-	-	incalface	incalfacite	incalfacere
incendō	-	incendis	incendit	incendimus	incenditis	incendunt	incendēbam	incendēbās	incendēbat	incendēbāmus	incendēbātis	incendēbant	incendam	incendēs	incendet	incendēmus	incendētis	incendent	incende	incendite	incendere
incernō	-	incernis	incernit	incernimus	incernitis	incernunt	incernēbam	incernēbās	incernēbat	incernēbāmus	incernēbātis	incernēbant	incernam	incernēs	incernet	incernēmus	incernētis	incernent	incerne	incernite	incernere
incessō	-	incessis	incessit	incessimus	incessitis	incessunt	incessēbam	incessēbās	incessēbat	incessēbāmus	incessēbātis	incessēbant	incessam	incessēs	incesset	incessēmus	incessētis	incessent	incesse	incessite	incessere
incidō	-	incidis	incidit	incidimus	inciditis	incidunt	incidēbam	incidēbās	incidēbat	incidēbāmus	incidēbātis	incidēbant	incidam	incidēs	incidet	incidēmus	incidētis	incident	incide	incidite	incidere
incingō	-	incingis	incingit	incingimus	incingitis	incingunt	incingēbam	incingēbās	incingēbat	incingēbāmus	incingēbātis	incingēbant	incingam	incingēs	incinget	incingēmus	incingētis	incingent	incinge	incingite	incingere
incinō	-	incinis	incinit	incinimus	incinitis	incinunt	incinēbam	incinēbās	incinēbat	incinēbāmus	incinēbātis	incinēbant	incinam	incinēs	incinet	incinēmus	incinētis	incinent	incine	incinite	incinere
incipiō	-	incipis	-	incipimus	incipitis	-	-	-	-	-	-	-	-	-	-	-	-	-	incipe	incipite	incipere
inclūdō	-	inclūdis	inclūdit	inclūdimus	inclūditis	inclūdunt	inclūdēbam	inclūdēbās	inclūdēbat	inclūdēbāmus	inclūdēbātis	inclūdēbant	inclūdam	inclūdēs	inclūdet	inclūdēmus	inclūdētis	inclūdent	inclūde	inclūdite	inclūdere
incolō	-	incolis	incolit	incolimus	incolitis	incolunt	incolēbam	incolēbās	incolēbat	incolēbāmus	incolēbātis	incolēbant	incolam	incolēs	incolet	incolēmus	incolētis	incolent	incole	incolite	incolere
incoquō	-	incoquis	incoquit	incoquimus	incoquitis	incoquunt	incoquēbam	incoquēbās	incoquēbat	incoquēbāmus	incoquēbātis	incoquēbant	incoquam	incoquēs	incoquet	incoquēmus	incoquētis	incoquent	incoque	incoquite	incoquere
incumbō	-	incumbis	incumbit	incumbimus	incumbitis	incumbunt	incumbēbam	incumbēbās	incumbēbat	incumbēbāmus	incumbēbātis	incumbēbant	incumbam	incumbēs	incumbet	incumbēmus	incumbētis	incumbent	incumbe	incumbite	incumbere
incurrō	-	incurris	incurrit	incurrimus	incurritis	incurrunt	incurrēbam	incurrēbās	incurrēbat	incurrēbāmus	incurrēbātis	incurrēbant	incurram	incurrēs	incurret	incurrēmus	incurrētis	incurrent	incurre	incurrite	incurrere
incutiō	-	incutis	-	incutimus	incutitis	-	-	-	-	-	-	-	-	-	-	-	-	-	incute	incutite	incutere
incēdō	-	incēdis	incēdit	incēdimus	incēditis	incēdunt	incēdēbam	incēdēbās	incēdēbat	incēdēbāmus	incēdēbātis	incēdēbant	incēdam	incēdēs	incēdet	incēdēmus	incēdētis	incēdent	incēde	incēdite	incēdere
incīdō	-	incīdis	incīdit	incīdimus	incīditis	incīdunt	incīdēbam	incīdēbās	incīdēbat	incīdēbāmus	incīdēbātis	incīdēbant	incīdam	incīdēs	incīdet	incīdēmus	incīdētis	incīdent	incīde	incīdite	incīdere
indeicō	-	indeicis	indeicit	indeicimus	indeicitis	indeicunt	indeicēbam	indeicēbās	indeicēbat	indeicēbāmus	indeicēbātis	indeicēbant	indeicam	indeicēs	indeicet	indeicēmus	indeicētis	indeicent	indeice	indeicite	indeicere
indignor	-	indignāre	-	-	-	-	-	indignābāre	-	-	-	-	-	indignābere	-	-	-	-	-	-	indignārier
indipīscor	-	indipīscere	indipīscitur	indipīscimur	indipīsciminī	indipīscuntur	indipīscēbar	indipīscēbāre	indipīscēbātur	indipīscēbāmur	indipīscēbāminī	indipīscēbantur	indipīscar	indipīscēre	indipīscētur	indipīscēmur	indipīscēminī	indipīscentur	indipīscere	indipīsciminī	indipīscī
induō	-	induis	induit	induimus	induitis	induunt	induēbam	induēbās	induēbat	induēbāmus	induēbātis	induēbant	induam	induēs	induet	induēmus	induētis	induent	indue	induite	induere
indīcō	-	indīcis	indīcit	indīcimus	indīcitis	indīcunt	indīcēbam	indīcēbās	indīcēbat	indīcēbāmus	indīcēbātis	indīcēbant	indīcam	indīcēs	indīcet	indīcēmus	indīcētis	indīcent	indīc	indīcite	indīcere
indō	-	indis	indit	indimus	inditis	indunt	indēbam	indēbās	indēbat	indēbāmus	indēbātis	indēbant	indam	indēs	indet	indēmus	indētis	indent	inde	indite	indere
indūcō	-	indūcis	indūcit	indūcimus	indūcitis	indūcunt	indūcēbam	indūcēbās	indūcēbat	indūcēbāmus	indūcēbātis	indūcēbant	indūcam	indūcēs	indūcet	indūcēmus	indūcētis	indūcent	indūc	indūcite	indūcere
ineō	-	inīs	init	inīmus	inītis	ineunt	inībam	inībās	inībat	inībāmus	inībātis	inībant	inībō	inībis	inībit	inībimus	inībitis	inībunt	inī	inīte	inīre
ingemō	-	ingemis	ingemit	ingemimus	ingemitis	ingemunt	ingemēbam	ingemēbās	ingemēbat	ingemēbāmus	ingemēbātis	ingemēbant	ingemam	ingemēs	ingemet	ingemēmus	ingemētis	ingement	ingeme	ingemite	ingemere
ingerō	-	ingeris	ingerit	ingerimus	ingeritis	ingerunt	ingerēbam	ingerēbās	ingerēbat	ingerēbāmus	ingerēbātis	ingerēbant	ingeram	ingerēs	ingeret	ingerēmus	ingerētis	ingerent	ingere	ingerite	ingerere
ingignō	-	ingignis	ingignit	ingignimus	ingignitis	ingignunt	ingignēbam	ingignēbās	ingignēbat	ingignēbāmus	ingignēbātis	ingignēbant	ingignam	ingignēs	ingignet	ingignēmus	ingignētis	ingignent	ingigne	ingignite	ingignere
ingredior	-	ingredere	ingreditur	ingredimur	ingrediminī	-	-	ingrediēbāre	-	-	-	-	-	ingrediēre	-	-	-	-	ingredere	ingrediminī	ingredī
ingruō	-	ingruis	ingruit	ingruimus	ingruitis	ingruunt	ingruēbam	ingruēbās	ingruēbat	ingruēbāmus	ingruēbātis	ingruēbant	ingruam	ingruēs	ingruet	ingruēmus	ingruētis	ingruent	ingrue	ingruite	ingruere
inhiō	-	inhiās	inhiat	inhiāmus	inhiātis	inhiant	inhiābam	inhiābās	inhiābat	inhiābāmus	inhiābātis	inhiābant	inhiābō	inhiābis	inhiābit	inhiābimus	inhiābitis	inhiābunt	inhiā	inhiāte	inhiāre
inhortor	-	inhortāre	-	-	-	-	-	inhortābāre	-	-	-	-	-	inhortābere	-	-	-	-	-	-	-
iniciō	-	inicis	-	inicimus	inicitis	-	-	-	-	-	-	-	-	-	-	-	-	-	inice	inicite	inicere
inigō	-	inigis	inigit	inigimus	inigitis	inigunt	inigēbam	inigēbās	inigēbat	inigēbāmus	inigēbātis	inigēbant	inigam	inigēs	iniget	inigēmus	inigētis	inigent	inige	inigite	inigere
initiō	-	initiās	initiat	initiāmus	initiātis	initiant	initiābam	initiābās	initiābat	initiābāmus	initiābātis	initiābant	initiābō	initiābis	initiābit	initiābimus	initiābitis	initiābunt	initiā	initiāte	initiāre
iniungō	-	iniungis	iniungit	iniungimus	iniungitis	iniungunt	iniungēbam	iniungēbās	iniungēbat	iniungēbāmus	iniungēbātis	iniungēbant	iniungam	iniungēs	iniunget	iniungēmus	iniungētis	iniungent	iniunge	iniungite	iniungere
iniūrior	-	iniūriāre	iniūriātur	iniūriāmur	iniūriāminī	iniūriantur	iniūriābar	iniūriābāre	iniūriābātur	iniūriābāmur	iniūriābāminī	iniūriābantur	iniūriābor	iniūriābere	iniūriābitur	iniūriābimur	iniūriābiminī	iniūriābuntur	iniūriāre	iniūriāminī	iniūriārī
injiciō	-	injicis	-	injicimus	injicitis	-	-	-	-	-	-	-	-	-	-	-	-	-	injice	injicite	injicere
injungō	-	injungis	injungit	injungimus	injungitis	injungunt	injungēbam	injungēbās	injungēbat	injungēbāmus	injungēbātis	injungēbant	injungam	injungēs	injunget	injungēmus	injungētis	injungent	injunge	injungite	injungere
injūrior	-	injūriāre	injūriātur	injūriāmur	injūriāminī	injūriantur	injūriābar	injūriābāre	injūriābātur	injūriābāmur	injūriābāminī	injūriābantur	injūriābor	injūriābere	injūriābitur	injūriābimur	injūriābiminī	injūriābuntur	injūriāre	injūriāminī	injūriārī
inlaqueō	-	inlaqueās	inlaqueat	inlaqueāmus	inlaqueātis	inlaqueant	inlaqueābam	inlaqueābās	inlaqueābat	inlaqueābāmus	inlaqueābātis	inlaqueābant	inlaqueābō	inlaqueābis	inlaqueābit	inlaqueābimus	inlaqueābitis	inlaqueābunt	inlaqueā	inlaqueāte	inlaqueāre
inliciō	-	inlicis	-	inlicimus	inlicitis	-	-	-	-	-	-	-	-	-	-	-	-	-	inlice	inlicite	inlicere
inlinō	-	inlinis	inlinit	inlinimus	inlinitis	inlinunt	inlinēbam	inlinēbās	inlinēbat	inlinēbāmus	inlinēbātis	inlinēbant	inlinam	inlinēs	inlinet	inlinēmus	inlinētis	inlinent	inline	inlinite	inlinere
inlīdō	-	inlīdis	inlīdit	inlīdimus	inlīditis	inlīdunt	inlīdēbam	inlīdēbās	inlīdēbat	inlīdēbāmus	inlīdēbātis	inlīdēbant	inlīdam	inlīdēs	inlīdet	inlīdēmus	inlīdētis	inlīdent	inlīde	inlīdite	inlīdere
inlūdō	-	inlūdis	inlūdit	inlūdimus	inlūditis	inlūdunt	inlūdēbam	inlūdēbās	inlūdēbat	inlūdēbāmus	inlūdēbātis	inlūdēbant	inlūdam	inlūdēs	inlūdet	inlūdēmus	inlūdētis	inlūdent	inlūde	inlūdite	inlūdere
inminuō	-	inminuis	inminuit	inminuimus	inminuitis	inminuunt	inminuēbam	inminuēbās	inminuēbat	inminuēbāmus	inminuēbātis	inminuēbant	inminuam	inminuēs	inminuet	inminuēmus	inminuētis	inminuent	inminue	inminuite	inminuere
inmittō	-	inmittis	inmittit	inmittimus	inmittitis	inmittunt	inmittēbam	inmittēbās	inmittēbat	inmittēbāmus	inmittēbātis	inmittēbant	inmittam	inmittēs	inmittet	inmittēmus	inmittētis	inmittent	inmitte	inmittite	inmittere
innectō	-	innectis	innectit	innectimus	innectitis	innectunt	innectēbam	innectēbās	innectēbat	innectēbāmus	innectēbātis	innectēbant	innectam	innectēs	innectet	innectēmus	innectētis	innectent	innecte	innectite	innectere
innuō	-	innuis	innuit	innuimus	innuitis	innuunt	innuēbam	innuēbās	innuēbat	innuēbāmus	innuēbātis	innuēbant	innuam	innuēs	innuet	innuēmus	innuētis	innuent	innue	innuite	innuere
innāscor	-	innāscere	innāscitur	innāscimur	innāsciminī	innāscuntur	innāscēbar	innāscēbāre	innāscēbātur	innāscēbāmur	innāscēbāminī	innāscēbantur	innāscar	innāscēre	innāscētur	innāscēmur	innāscēminī	innāscentur	innāscere	innāsciminī	innāscī
innītor	-	innītere	innītitur	innītimur	innītiminī	innītuntur	innītēbar	innītēbāre	innītēbātur	innītēbāmur	innītēbāminī	innītēbantur	innītar	innītēre	innītētur	innītēmur	innītēminī	innītentur	innītere	innītiminī	innītī
innūbō	-	innūbis	innūbit	innūbimus	innūbitis	innūbunt	innūbēbam	innūbēbās	innūbēbat	innūbēbāmus	innūbēbātis	innūbēbant	innūbam	innūbēs	innūbet	innūbēmus	innūbētis	innūbent	innūbe	innūbite	innūbere
inoblector	-	inoblectāre	-	-	-	-	-	inoblectābāre	-	-	-	-	-	inoblectābere	-	-	-	-	-	-	-
inodiō	-	inodiās	inodiat	inodiāmus	inodiātis	inodiant	inodiābam	inodiābās	inodiābat	inodiābāmus	inodiābātis	inodiābant	inodiābō	inodiābis	inodiābit	inodiābimus	inodiābitis	inodiābunt	inodiā	inodiāte	inodiāre
inoperor	-	inoperāre	-	-	-	-	-	inoperābāre	-	-	-	-	-	inoperābere	-	-	-	-	-	-	-
inopīnor	-	inopīnāre	-	-	-	-	-	inopīnābāre	-	-	-	-	-	inopīnābere	-	-	-	-	-	-	-
inpellō	-	inpellis	inpellit	inpellimus	inpellitis	inpellunt	inpellēbam	inpellēbās	inpellēbat	inpellēbāmus	inpellēbātis	inpellēbant	inpellam	inpellēs	inpellet	inpellēmus	inpellētis	inpellent	inpelle	inpellite	inpellere
inpendō	-	inpendis	inpendit	inpendimus	inpenditis	inpendunt	inpendēbam	inpendēbās	inpendēbat	inpendēbāmus	inpendēbātis	inpendēbant	inpendam	inpendēs	inpendet	inpendēmus	inpendētis	inpendent	inpende	inpendite	inpendere
inpingō	-	inpingis	inpingit	inpingimus	inpingitis	inpingunt	inpingēbam	inpingēbās	inpingēbat	inpingēbāmus	inpingēbātis	inpingēbant	inpingam	inpingēs	inpinget	inpingēmus	inpingētis	inpingent	inpinge	inpingite	inpingere
inprecor	-	inprecāre	-	-	-	-	-	inprecābāre	-	-	-	-	-	inprecābere	-	-	-	-	-	-	-
inprimō	-	inprimis	inprimit	inprimimus	inprimitis	inprimunt	inprimēbam	inprimēbās	inprimēbat	inprimēbāmus	inprimēbātis	inprimēbant	inprimam	inprimēs	inprimet	inprimēmus	inprimētis	inpriment	inprime	inprimite	inprimere
inpōnō	-	inpōnis	inpōnit	inpōnimus	inpōnitis	inpōnunt	inpōnēbam	inpōnēbās	inpōnēbat	inpōnēbāmus	inpōnēbātis	inpōnēbant	inpōnam	inpōnēs	inpōnet	inpōnēmus	inpōnētis	inpōnent	inpōne	inpōnite	inpōnere
inquam	inquam	inquis	inquit	inquimus	inquitis	inquiunt	-	-	inquiēbat	-	-	-	-	inquiēs	inquiet	-	-	inquient	inque	-	-
inquīrō	-	inquīris	inquīrit	inquīrimus	inquīritis	inquīrunt	inquīrēbam	inquīrēbās	inquīrēbat	inquīrēbāmus	inquīrēbātis	inquīrēbant	inquīram	inquīrēs	inquīret	inquīrēmus	inquīrētis	inquīrent	inquīre	inquīrite	inquīrere
inrumpō	-	inrumpis	inrumpit	inrumpimus	inrumpitis	inrumpunt	inrumpēbam	inrumpēbās	inrumpēbat	inrumpēbāmus	inrumpēbātis	inrumpēbant	inrumpam	inrumpēs	inrumpet	inrumpēmus	inrumpētis	inrumpent	inrumpe	inrumpite	inrumpere
inruō	-	inruis	inruit	inruimus	inruitis	inruunt	inruēbam	inruēbās	inruēbat	inruēbāmus	inruēbātis	inruēbant	inruam	inruēs	inruet	inruēmus	inruētis	inruent	inrue	inruite	inruere
inrēpō	-	inrēpis	inrēpit	inrēpimus	inrēpitis	inrēpunt	inrēpēbam	inrēpēbās	inrēpēbat	inrēpēbāmus	inrēpēbātis	inrēpēbant	inrēpam	inrēpēs	inrēpet	inrēpēmus	inrēpētis	inrēpent	inrēpe	inrēpite	inrēpere
inspuō	-	inspuis	inspuit	inspuimus	inspuitis	inspuunt	inspuēbam	inspuēbās	inspuēbat	inspuēbāmus	inspuēbātis	inspuēbant	inspuam	inspuēs	inspuet	inspuēmus	inspuētis	inspuent	inspue	inspuite	inspuere
integō	-	integis	integit	integimus	integitis	integunt	integēbam	integēbās	integēbat	integēbāmus	integēbātis	integēbant	integam	integēs	integet	integēmus	integētis	integent	intege	integite	integere
intellegō	-	intellegis	intellegit	intellegimus	intellegitis	intellegunt	intellegēbam	intellegēbās	intellegēbat	intellegēbāmus	intellegēbātis	intellegēbant	intellegam	intellegēs	intelleget	intellegēmus	intellegētis	intellegent	intellege	intellegite	intellegere
intelligō	-	intelligis	intelligit	intelligimus	intelligitis	intelligunt	intelligēbam	intelligēbās	intelligēbat	intelligēbāmus	intelligēbātis	intelligēbant	intelligam	intelligēs	intelliget	intelligēmus	intelligētis	intelligent	intellige	intelligite	intelligere
intendō	-	intendis	intendit	intendimus	intenditis	intendunt	intendēbam	intendēbās	intendēbat	intendēbāmus	intendēbātis	intendēbant	intendam	intendēs	intendet	intendēmus	intendētis	intendent	intende	intendite	intendere
interbītō	-	interbītis	interbītit	interbītimus	interbītitis	interbītunt	interbītēbam	interbītēbās	interbītēbat	interbītēbāmus	interbītēbātis	interbītēbant	interbītam	interbītēs	interbītet	interbītēmus	interbītētis	interbītent	interbīte	interbītite	interbītere
intercidō	-	intercidis	intercidit	intercidimus	interciditis	intercidunt	intercidēbam	intercidēbās	intercidēbat	intercidēbāmus	intercidēbātis	intercidēbant	intercidam	intercidēs	intercidet	intercidēmus	intercidētis	intercident	intercide	intercidite	intercidere
intercinō	-	intercinis	intercinit	intercinimus	intercinitis	intercinunt	intercinēbam	intercinēbās	intercinēbat	intercinēbāmus	intercinēbātis	intercinēbant	intercinam	intercinēs	intercinet	intercinēmus	intercinētis	intercinent	intercine	intercinite	intercinere
intercipiō	-	intercipis	-	intercipimus	intercipitis	-	-	-	-	-	-	-	-	-	-	-	-	-	intercipe	intercipite	intercipere
interclūdō	-	interclūdis	interclūdit	interclūdimus	interclūditis	interclūdunt	interclūdēbam	interclūdēbās	interclūdēbat	interclūdēbāmus	interclūdēbātis	interclūdēbant	interclūdam	interclūdēs	interclūdet	interclūdēmus	interclūdētis	interclūdent	interclūde	interclūdite	interclūdere
intercurrō	-	intercurris	intercurrit	intercurrimus	intercurritis	intercurrunt	intercurrēbam	intercurrēbās	intercurrēbat	intercurrēbāmus	intercurrēbātis	intercurrēbant	intercurram	intercurrēs	intercurret	intercurrēmus	intercurrētis	intercurrent	intercurre	intercurrite	intercurrere
intercēdō	-	intercēdis	intercēdit	intercēdimus	intercēditis	intercēdunt	intercēdēbam	intercēdēbās	intercēdēbat	intercēdēbāmus	intercēdēbātis	intercēdēbant	intercēdam	intercēdēs	intercēdet	intercēdēmus	intercēdētis	intercēdent	intercēde	intercēdite	intercēdere
intercīdō	-	intercīdis	intercīdit	intercīdimus	intercīditis	intercīdunt	intercīdēbam	intercīdēbās	intercīdēbat	intercīdēbāmus	intercīdēbātis	intercīdēbant	intercīdam	intercīdēs	intercīdet	intercīdēmus	intercīdētis	intercīdent	intercīde	intercīdite	intercīdere
interdeicō	-	interdeicis	interdeicit	interdeicimus	interdeicitis	interdeicunt	interdeicēbam	interdeicēbās	interdeicēbat	interdeicēbāmus	interdeicēbātis	interdeicēbant	interdeicam	interdeicēs	interdeicet	interdeicēmus	interdeicētis	interdeicent	interdeice	interdeicite	interdeicere
interdīcō	-	interdīcis	interdīcit	interdīcimus	interdīcitis	interdīcunt	interdīcēbam	interdīcēbās	interdīcēbat	interdīcēbāmus	interdīcēbātis	interdīcēbant	interdīcam	interdīcēs	interdīcet	interdīcēmus	interdīcētis	interdīcent	interdīc	interdīcite	interdīcere
interemō	-	interemis	interemit	interemimus	interemitis	interemunt	interemēbam	interemēbās	interemēbat	interemēbāmus	interemēbātis	interemēbant	interemam	interemēs	interemet	interemēmus	interemētis	interement	intereme	interemite	interemere
intereō	-	interīs	interit	interīmus	interītis	intereunt	interībam	interībās	interībat	interībāmus	interībātis	interībant	interībō	interībis	interībit	interībimus	interībitis	interībunt	interī	interīte	interīre
interficiō	-	interficis	-	interficimus	interficitis	-	-	-	-	-	-	-	-	-	-	-	-	-	interfice	interficite	interficere
interfluō	-	interfluis	interfluit	interfluimus	interfluitis	interfluunt	interfluēbam	interfluēbās	interfluēbat	interfluēbāmus	interfluēbātis	interfluēbant	interfluam	interfluēs	interfluet	interfluēmus	interfluētis	interfluent	interflue	interfluite	interfluere
interfodiō	-	interfodis	-	interfodimus	interfoditis	-	-	-	-	-	-	-	-	-	-	-	-	-	interfode	interfodite	interfodere
interfor	-	interfāre	-	-	-	-	-	interfābāre	-	-	-	-	-	interfābere	-	-	-	-	-	-	-
interfugiō	-	interfugis	-	interfugimus	interfugitis	-	-	-	-	-	-	-	-	-	-	-	-	-	interfuge	interfugite	interfugere
interfundō	-	interfundis	interfundit	interfundimus	interfunditis	interfundunt	interfundēbam	interfundēbās	interfundēbat	interfundēbāmus	interfundēbātis	interfundēbant	interfundam	interfundēs	interfundet	interfundēmus	interfundētis	interfundent	interfunde	interfundite	interfundere
intergerō	-	intergeris	intergerit	intergerimus	intergeritis	intergerunt	intergerēbam	intergerēbās	intergerēbat	intergerēbāmus	intergerēbātis	intergerēbant	intergeram	intergerēs	intergeret	intergerēmus	intergerētis	intergerent	intergere	intergerite	intergerere
intergredior	-	intergredere	intergreditur	intergredimur	intergrediminī	-	-	intergrediēbāre	-	-	-	-	-	intergrediēre	-	-	-	-	intergredere	intergrediminī	intergredī
interiaciō	-	interiacis	-	interiacimus	interiacitis	-	-	-	-	-	-	-	-	-	-	-	-	-	interiace	interiacite	interiacere
intericiō	-	intericis	-	intericimus	intericitis	-	-	-	-	-	-	-	-	-	-	-	-	-	interice	intericite	intericere
interiiciō	-	interiicis	-	interiicimus	interiicitis	-	-	-	-	-	-	-	-	-	-	-	-	-	interiice	interiicite	interiicere
interimō	-	interimis	interimit	interimimus	interimitis	interimunt	interimēbam	interimēbās	interimēbat	interimēbāmus	interimēbātis	interimēbant	interimam	interimēs	interimet	interimēmus	interimētis	interiment	interime	interimite	interimere
interiungō	-	interiungis	interiungit	interiungimus	interiungitis	interiungunt	interiungēbam	interiungēbās	interiungēbat	interiungēbāmus	interiungēbātis	interiungēbant	interiungam	interiungēs	interiunget	interiungēmus	interiungētis	interiungent	interiunge	interiungite	interiungere
interjaciō	-	interjacis	-	interjacimus	interjacitis	-	-	-	-	-	-	-	-	-	-	-	-	-	interjace	interjacite	interjacere
interjiciō	-	interjicis	-	interjicimus	interjicitis	-	-	-	-	-	-	-	-	-	-	-	-	-	interjice	interjicite	interjicere
interjungō	-	interjungis	interjungit	interjungimus	interjungitis	interjungunt	interjungēbam	interjungēbās	interjungēbat	interjungēbāmus	interjungēbātis	interjungēbant	interjungam	interjungēs	interjunget	interjungēmus	interjungētis	interjungent	interjunge	interjungite	interjungere
interlinō	-	interlinis	interlinit	interlinimus	interlinitis	interlinunt	interlinēbam	interlinēbās	interlinēbat	interlinēbāmus	interlinēbātis	interlinēbant	interlinam	interlinēs	interlinet	interlinēmus	interlinētis	interlinent	interline	interlinite	interlinere
interloquor	-	interloquere	interloquitur	interloquimur	interloquiminī	interloquuntur	interloquēbar	interloquēbāre	interloquēbātur	interloquēbāmur	interloquēbāminī	interloquēbantur	interloquar	interloquēre	interloquētur	interloquēmur	interloquēminī	interloquentur	interloquere	interloquiminī	interloquī
interlābor	-	interlābere	interlābitur	interlābimur	interlābiminī	interlābuntur	interlābēbar	interlābēbāre	interlābēbātur	interlābēbāmur	interlābēbāminī	interlābēbantur	interlābar	interlābēre	interlābētur	interlābēmur	interlābēminī	interlābentur	interlābere	interlābiminī	interlābī
interminor	-	intermināre	-	-	-	-	-	interminābāre	-	-	-	-	-	interminābere	-	-	-	-	-	-	-
intermittō	-	intermittis	intermittit	intermittimus	intermittitis	intermittunt	intermittēbam	intermittēbās	intermittēbat	intermittēbāmus	intermittēbātis	intermittēbant	intermittam	intermittēs	intermittet	intermittēmus	intermittētis	intermittent	intermitte	intermittite	intermittere
intermorior	-	intermorere	intermoritur	intermorimur	intermoriminī	-	-	intermoriēbāre	-	-	-	-	-	intermoriēre	-	-	-	-	intermorere	intermoriminī	intermorī
internectō	-	internectis	internectit	internectimus	internectitis	internectunt	internectēbam	internectēbās	internectēbat	internectēbāmus	internectēbātis	internectēbant	internectam	internectēs	internectet	internectēmus	internectētis	internectent	internecte	internectite	internectere
internāscor	-	internāscere	internāscitur	internāscimur	internāsciminī	internāscuntur	internāscēbar	internāscēbāre	internāscēbātur	internāscēbāmur	internāscēbāminī	internāscēbantur	internāscar	internāscēre	internāscētur	internāscēmur	internāscēminī	internāscentur	internāscere	internāsciminī	internāscī
interpretor	-	interpretāre	-	-	-	-	-	interpretābāre	-	-	-	-	-	interpretābere	-	-	-	-	-	-	-
interpungō	-	interpungis	interpungit	interpungimus	interpungitis	interpungunt	interpungēbam	interpungēbās	interpungēbat	interpungēbāmus	interpungēbātis	interpungēbant	interpungam	interpungēs	interpunget	interpungēmus	interpungētis	interpungent	interpunge	interpungite	interpungere
interpōnō	-	interpōnis	interpōnit	interpōnimus	interpōnitis	interpōnunt	interpōnēbam	interpōnēbās	interpōnēbat	interpōnēbāmus	interpōnēbātis	interpōnēbant	interpōnam	interpōnēs	interpōnet	interpōnēmus	interpōnētis	interpōnent	interpōne	interpōnite	interpōnere
interrumpō	-	interrumpis	interrumpit	interrumpimus	interrumpitis	interrumpunt	interrumpēbam	interrumpēbās	interrumpēbat	interrumpēbāmus	interrumpēbātis	interrumpēbant	interrumpam	interrumpēs	interrumpet	interrumpēmus	interrumpētis	interrumpent	interrumpe	interrumpite	interrumpere
interscindō	-	interscindis	interscindit	interscindimus	interscinditis	interscindunt	interscindēbam	interscindēbās	interscindēbat	interscindēbāmus	interscindēbātis	interscindēbant	interscindam	interscindēs	interscindet	interscindēmus	interscindētis	interscindent	interscinde	interscindite	interscindere
interscrībō	-	interscrībis	interscrībit	interscrībimus	interscrībitis	interscrībunt	interscrībēbam	interscrībēbās	interscrībēbat	interscrībēbāmus	interscrībēbātis	interscrībēbant	interscrībam	interscrībēs	interscrībet	interscrībēmus	interscrībētis	interscrībent	interscrībe	interscrībite	interscrībere
interserō	-	interseris	interserit	interserimus	interseritis	interserunt	interserēbam	interserēbās	interserēbat	interserēbāmus	interserēbātis	interserēbant	interseram	interserēs	interseret	interserēmus	interserētis	interserent	intersere	interserite	interserere
interstinguō	-	interstinguis	interstinguit	interstinguimus	interstinguitis	interstinguunt	interstinguēbam	interstinguēbās	interstinguēbat	interstinguēbāmus	interstinguēbātis	interstinguēbant	interstinguam	interstinguēs	interstinguet	interstinguēmus	interstinguētis	interstinguent	interstingue	interstinguite	interstinguere
interstringō	-	interstringis	interstringit	interstringimus	interstringitis	interstringunt	interstringēbam	interstringēbās	interstringēbat	interstringēbāmus	interstringēbātis	interstringēbant	interstringam	interstringēs	interstringet	interstringēmus	interstringētis	interstringent	interstringe	interstringite	interstringere
interstruō	-	interstruis	interstruit	interstruimus	interstruitis	interstruunt	interstruēbam	interstruēbās	interstruēbat	interstruēbāmus	interstruēbātis	interstruēbant	interstruam	interstruēs	interstruet	interstruēmus	interstruētis	interstruent	interstrue	interstruite	interstruere
intersum	intersum	interes	interest	intersumus	interestis	intersunt	intereram	intererās	intererat	intererāmus	intererātis	intererant	intererō	interere	intererit	intererimus	intereritis	intererunt	interes	intereste	interesse
intertexō	-	intertexis	intertexit	interteximus	intertexitis	intertexunt	intertexēbam	intertexēbās	intertexēbat	intertexēbāmus	intertexēbātis	intertexēbant	intertexam	intertexēs	intertexet	intertexēmus	intertexētis	intertexent	intertexe	intertexite	intertexere
intertrahō	-	intertrahis	intertrahit	intertrahimus	intertrahitis	intertrahunt	intertrahēbam	intertrahēbās	intertrahēbat	intertrahēbāmus	intertrahēbātis	intertrahēbant	intertraham	intertrahēs	intertrahet	intertrahēmus	intertrahētis	intertrahent	intertrahe	intertrahite	intertrahere
intervertō	-	intervertis	intervertit	intervertimus	intervertitis	intervertunt	intervertēbam	intervertēbās	intervertēbat	intervertēbāmus	intervertēbātis	intervertēbant	intervertam	intervertēs	intervertet	intervertēmus	intervertētis	intervertent	interverte	intervertite	intervertere
intervīsō	-	intervīsis	intervīsit	intervīsimus	intervīsitis	intervīsunt	intervīsēbam	intervīsēbās	intervīsēbat	intervīsēbāmus	intervīsēbātis	intervīsēbant	intervīsam	intervīsēs	intervīset	intervīsēmus	intervīsētis	intervīsent	intervīse	intervīsite	intervīsere
interō	-	interis	interit	interimus	interitis	interunt	interēbam	interēbās	interēbat	interēbāmus	interēbātis	interēbant	interam	interēs	interet	interēmus	interētis	interent	intere	interite	interere
intexō	-	intexis	intexit	inteximus	intexitis	intexunt	intexēbam	intexēbās	intexēbat	intexēbāmus	intexēbātis	intexēbant	intexam	intexēs	intexet	intexēmus	intexētis	intexent	intexe	intexite	intexere
intinguō	-	intinguis	intinguit	intinguimus	intinguitis	intinguunt	intinguēbam	intinguēbās	intinguēbat	intinguēbāmus	intinguēbātis	intinguēbant	intinguam	intinguēs	intinguet	intinguēmus	intinguētis	intinguent	intingue	intinguite	intinguere
intingō	-	intingis	intingit	intingimus	intingitis	intingunt	intingēbam	intingēbās	intingēbat	intingēbāmus	intingēbātis	intingēbant	intingam	intingēs	intinget	intingēmus	intingētis	intingent	intinge	intingite	intingere
intollō	-	intollis	intollit	intollimus	intollitis	intollunt	intollēbam	intollēbās	intollēbat	intollēbāmus	intollēbātis	intollēbant	intollam	intollēs	intollet	intollēmus	intollētis	intollent	intolle	intollite	intollere
intrahō	-	intrahis	intrahit	intrahimus	intrahitis	intrahunt	intrahēbam	intrahēbās	intrahēbat	intrahēbāmus	intrahēbātis	intrahēbant	intraham	intrahēs	intrahet	intrahēmus	intrahētis	intrahent	intrahe	intrahite	intrahere
intremō	-	intremis	intremit	intremimus	intremitis	intremunt	intremēbam	intremēbās	intremēbat	intremēbāmus	intremēbātis	intremēbant	intremam	intremēs	intremet	intremēmus	intremētis	intrement	intreme	intremite	intremere
intribuō	-	intribuis	intribuit	intribuimus	intribuitis	intribuunt	intribuēbam	intribuēbās	intribuēbat	intribuēbāmus	intribuēbātis	intribuēbant	intribuam	intribuēs	intribuet	intribuēmus	intribuētis	intribuent	intribue	intribuite	intribuere
introeō	-	introīs	introit	introīmus	introītis	introeunt	introībam	introībās	introībat	introībāmus	introībātis	introībant	introībō	introībis	introībit	introībimus	introībitis	introībunt	introī	introīte	introīre
intrōdūcō	-	intrōdūcis	intrōdūcit	intrōdūcimus	intrōdūcitis	intrōdūcunt	intrōdūcēbam	intrōdūcēbās	intrōdūcēbat	intrōdūcēbāmus	intrōdūcēbātis	intrōdūcēbant	intrōdūcam	intrōdūcēs	intrōdūcet	intrōdūcēmus	intrōdūcētis	intrōdūcent	intrōdūc	intrōdūcite	intrōdūcere
intrōferō	-	intrōfers	intrōfert	intrōferimus	intrōfertis	intrōferunt	intrōferēbam	intrōferēbās	intrōferēbat	intrōferēbāmus	intrōferēbātis	intrōferēbant	intrōferam	intrōferēs	intrōferet	intrōferēmus	intrōferētis	intrōferent	intrōfer	intrōferte	intrōferre
intrōgredior	-	intrōgredere	intrōgreditur	intrōgredimur	intrōgrediminī	-	-	intrōgrediēbāre	-	-	-	-	-	intrōgrediēre	-	-	-	-	intrōgredere	intrōgrediminī	intrōgredī
intrōmittō	-	intrōmittis	intrōmittit	intrōmittimus	intrōmittitis	intrōmittunt	intrōmittēbam	intrōmittēbās	intrōmittēbat	intrōmittēbāmus	intrōmittēbātis	intrōmittēbant	intrōmittam	intrōmittēs	intrōmittet	intrōmittēmus	intrōmittētis	intrōmittent	intrōmitte	intrōmittite	intrōmittere
intrōrumpō	-	intrōrumpis	intrōrumpit	intrōrumpimus	intrōrumpitis	intrōrumpunt	intrōrumpēbam	intrōrumpēbās	intrōrumpēbat	intrōrumpēbāmus	intrōrumpēbātis	intrōrumpēbant	intrōrumpam	intrōrumpēs	intrōrumpet	intrōrumpēmus	intrōrumpētis	intrōrumpent	intrōrumpe	intrōrumpite	intrōrumpere
intrōspiciō	-	intrōspicis	-	intrōspicimus	intrōspicitis	-	-	-	-	-	-	-	-	-	-	-	-	-	intrōspice	intrōspicite	intrōspicere
intrūdō	-	intrūdis	intrūdit	intrūdimus	intrūditis	intrūdunt	intrūdēbam	intrūdēbās	intrūdēbat	intrūdēbāmus	intrūdēbātis	intrūdēbant	intrūdam	intrūdēs	intrūdet	intrūdēmus	intrūdētis	intrūdent	intrūde	intrūdite	intrūdere
intueor	-	intuēre	-	-	-	-	-	intuēbāre	-	-	-	-	-	intuēbere	-	-	-	-	-	-	-
intuor	-	intuere	intuitur	intuimur	intuiminī	intuuntur	intuēbar	intuēbāre	intuēbātur	intuēbāmur	intuēbāminī	intuēbantur	intuar	intuēre	intuētur	intuēmur	intuēminī	intuentur	intuere	intuiminī	intuī
inunguō	-	inunguis	inunguit	inunguimus	inunguitis	inunguunt	inunguēbam	inunguēbās	inunguēbat	inunguēbāmus	inunguēbātis	inunguēbant	inunguam	inunguēs	inunguet	inunguēmus	inunguētis	inunguent	inungue	inunguite	inunguere
inungō	-	inungis	inungit	inungimus	inungitis	inungunt	inungēbam	inungēbās	inungēbat	inungēbāmus	inungēbātis	inungēbant	inungam	inungēs	inunget	inungēmus	inungētis	inungent	inunge	inungite	inungere
invehō	-	invehis	invehit	invehimus	invehitis	invehunt	invehēbam	invehēbās	invehēbat	invehēbāmus	invehēbātis	invehēbant	inveham	invehēs	invehet	invehēmus	invehētis	invehent	invehe	invehite	invehere
invergō	-	invergis	invergit	invergimus	invergitis	invergunt	invergēbam	invergēbās	invergēbat	invergēbāmus	invergēbātis	invergēbant	invergam	invergēs	inverget	invergēmus	invergētis	invergent	inverge	invergite	invergere
invertō	-	invertis	invertit	invertimus	invertitis	invertunt	invertēbam	invertēbās	invertēbat	invertēbāmus	invertēbātis	invertēbant	invertam	invertēs	invertet	invertēmus	invertētis	invertent	inverte	invertite	invertere
inviō	-	inviās	inviat	inviāmus	inviātis	inviant	inviābam	inviābās	inviābat	inviābāmus	inviābātis	inviābant	inviābō	inviābis	inviābit	inviābimus	inviābitis	inviābunt	inviā	inviāte	inviāre
involvō	-	involvis	involvit	involvimus	involvitis	involvunt	involvēbam	involvēbās	involvēbat	involvēbāmus	involvēbātis	involvēbant	involvam	involvēs	involvet	involvēmus	involvētis	involvent	involve	involvite	involvere
invādō	-	invādis	invādit	invādimus	invāditis	invādunt	invādēbam	invādēbās	invādēbat	invādēbāmus	invādēbātis	invādēbant	invādam	invādēs	invādet	invādēmus	invādētis	invādent	invāde	invādite	invādere
invīsō	-	invīsis	invīsit	invīsimus	invīsitis	invīsunt	invīsēbam	invīsēbās	invīsēbat	invīsēbāmus	invīsēbātis	invīsēbant	invīsam	invīsēs	invīset	invīsēmus	invīsētis	invīsent	invīse	invīsite	invīsere
inēbriō	-	inēbriās	inēbriat	inēbriāmus	inēbriātis	inēbriant	inēbriābam	inēbriābās	inēbriābat	inēbriābāmus	inēbriābātis	inēbriābant	inēbriābō	inēbriābis	inēbriābit	inēbriābimus	inēbriābitis	inēbriābunt	inēbriā	inēbriāte	inēbriāre
inēscō	-	inēscās	inēscat	inēscāmus	inēscātis	inēscant	inēscābam	inēscābās	inēscābat	inēscābāmus	inēscābātis	inēscābant	inēscābō	inēscābis	inēscābit	inēscābimus	inēscābitis	inēscābunt	inēscā	inēscāte	inēscāre
inūrō	-	inūris	inūrit	inūrimus	inūritis	inūrunt	inūrēbam	inūrēbās	inūrēbat	inūrēbāmus	inūrēbātis	inūrēbant	inūram	inūrēs	inūret	inūrēmus	inūrētis	inūrent	inūre	inūrite	inūrere
iocor	-	iocāre	-	-	-	-	-	iocābāre	-	-	-	-	-	iocābere	-	-	-	-	-	-	-
ioculor	-	ioculāre	-	-	-	-	-	ioculābāre	-	-	-	-	-	ioculābere	-	-	-	-	-	-	-
irrumpō	-	irrumpis	irrumpit	irrumpimus	irrumpitis	irrumpunt	irrumpēbam	irrumpēbās	irrumpēbat	irrumpēbāmus	irrumpēbātis	irrumpēbant	irrumpam	irrumpēs	irrumpet	irrumpēmus	irrumpētis	irrumpent	irrumpe	irrumpite	irrumpere
irruō	-	irruis	irruit	irruimus	irruitis	irruunt	irruēbam	irruēbās	irruēbat	irruēbāmus	irruēbātis	irruēbant	irruam	irruēs	irruet	irruēmus	irruētis	irruent	irrue	irruite	irruere
irrēpō	-	irrēpis	irrēpit	irrēpimus	irrēpitis	irrēpunt	irrēpēbam	irrēpēbās	irrēpēbat	irrēpēbāmus	irrēpēbātis	irrēpēbant	irrēpam	irrēpēs	irrēpet	irrēpēmus	irrēpētis	irrēpent	irrēpe	irrēpite	irrēpere
itineror	-	itinerāre	-	-	-	-	-	itinerābāre	-	-	-	-	-	itinerābere	-	-	-	-	-	-	-
iungō	-	iungis	iungit	iungimus	iungitis	iungunt	iungēbam	iungēbās	iungēbat	iungēbāmus	iungēbātis	iungēbant	iungam	iungēs	iunget	iungēmus	iungētis	iungent	iunge	iungite	iungere
iūcundor	-	iūcundāre	-	-	-	-	-	iūcundābāre	-	-	-	-	-	iūcundābere	-	-	-	-	-	-	-
iūxtāpōnō	-	iūxtāpōnis	iūxtāpōnit	iūxtāpōnimus	iūxtāpōnitis	iūxtāpōnunt	iūxtāpōnēbam	iūxtāpōnēbās	iūxtāpōnēbat	iūxtāpōnēbāmus	iūxtāpōnēbātis	iūxtāpōnēbant	iūxtāpōnam	iūxtāpōnēs	iūxtāpōnet	iūxtāpōnēmus	iūxtāpōnētis	iūxtāpōnent	iūxtāpōne	iūxtāpōnite	iūxtāpōnere
jaciō	-	jacis	-	jacimus	jacitis	-	-	-	-	-	-	-	-	-	-	-	-	-	jace	jacite	jacere
jaculor	-	jaculāre	-	-	-	-	-	jaculābāre	-	-	-	-	-	jaculābere	-	-	-	-	-	-	-
joculor	-	joculāre	-	-	-	-	-	joculābāre	-	-	-	-	-	joculābere	-	-	-	-	-	-	-
jungō	-	jungis	jungit	jungimus	jungitis	jungunt	jungēbam	jungēbās	jungēbat	jungēbāmus	jungēbātis	jungēbant	jungam	jungēs	junget	jungēmus	jungētis	jungent	junge	jungite	jungere
jūcundor	-	jūcundāre	-	-	-	-	-	jūcundābāre	-	-	-	-	-	jūcundābere	-	-	-	-	-	-	-
jūxtāpōnō	-	jūxtāpōnis	jūxtāpōnit	jūxtāpōnimus	jūxtāpōnitis	jūxtāpōnunt	jūxtāpōnēbam	jūxtāpōnēbās	jūxtāpōnēbat	jūxtāpōnēbāmus	jūxtāpōnēbātis	jūxtāpōnēbant	jūxtāpōnam	jūxtāpōnēs	jūxtāpōnet	jūxtāpōnēmus	jūxtāpōnētis	jūxtāpōnent	jūxtāpōne	jūxtāpōnite	jūxtāpōnere
kalumnior	-	kalumniāre	kalumniātur	kalumniāmur	kalumniāminī	kalumniantur	kalumniābar	kalumniābāre	kalumniābātur	kalumniābāmur	kalumniābāminī	kalumniābantur	kalumniābor	kalumniābere	kalumniābitur	kalumniābimur	kalumniābiminī	kalumniābuntur	kalumniāre	kalumniāminī	kalumniārī
labefaciō	-	labefacis	-	labefacimus	labefacitis	-	-	-	-	-	-	-	-	-	-	-	-	-	labeface	labefacite	labefacere
lacessō	-	lacessis	lacessit	lacessimus	lacessitis	lacessunt	lacessēbam	lacessēbās	lacessēbat	lacessēbāmus	lacessēbātis	lacessēbant	lacessam	lacessēs	lacesset	lacessēmus	lacessētis	lacessent	lacesse	lacessite	lacessere
laciō	-	lacis	-	lacimus	lacitis	-	-	-	-	-	-	-	-	-	-	-	-	-	lace	lacite	lacere
laedō	-	laedis	laedit	laedimus	laeditis	laedunt	laedēbam	laedēbās	laedēbat	laedēbāmus	laedēbātis	laedēbant	laedam	laedēs	laedet	laedēmus	laedētis	laedent	laede	laedite	laedere
laetor	-	laetāre	-	-	-	-	-	laetābāre	-	-	-	-	-	laetābere	-	-	-	-	-	-	-
lambō	-	lambis	lambit	lambimus	lambitis	lambunt	lambēbam	lambēbās	lambēbat	lambēbāmus	lambēbātis	lambēbant	lambam	lambēs	lambet	lambēmus	lambētis	lambent	lambe	lambite	lambere
lanceō	-	lanceās	lanceat	lanceāmus	lanceātis	lanceant	lanceābam	lanceābās	lanceābat	lanceābāmus	lanceābātis	lanceābant	lanceābō	lanceābis	lanceābit	lanceābimus	lanceābitis	lanceābunt	lanceā	lanceāte	lanceāre
lanciō	-	lanciās	lanciat	lanciāmus	lanciātis	lanciant	lanciābam	lanciābās	lanciābat	lanciābāmus	lanciābātis	lanciābant	lanciābō	lanciābis	lanciābit	lanciābimus	lanciābitis	lanciābunt	lanciā	lanciāte	lanciāre
languefaciō	-	languefacis	-	languefacimus	languefacitis	-	-	-	-	-	-	-	-	-	-	-	-	-	langueface	languefacite	languefacere
laniō	-	laniās	laniat	laniāmus	laniātis	laniant	laniābam	laniābās	laniābat	laniābāmus	laniābātis	laniābant	laniābō	laniābis	laniābit	laniābimus	laniābitis	laniābunt	laniā	laniāte	laniāre
laqueō	-	laqueās	laqueat	laqueāmus	laqueātis	laqueant	laqueābam	laqueābās	laqueābat	laqueābāmus	laqueābātis	laqueābant	laqueābō	laqueābis	laqueābit	laqueābimus	laqueābitis	laqueābunt	laqueā	laqueāte	laqueāre
largior	-	largīre	-	-	-	-	-	largiēbāre	-	-	-	-	-	largiēre	-	-	-	-	-	-	largīrier
latinor	-	latināre	-	-	-	-	-	latinābāre	-	-	-	-	-	latinābere	-	-	-	-	-	-	latinārier
latrōcinor	-	latrōcināre	-	-	-	-	-	latrōcinābāre	-	-	-	-	-	latrōcinābere	-	-	-	-	-	-	-
legō	-	legis	legit	legimus	legitis	legunt	legēbam	legēbās	legēbat	legēbāmus	legēbātis	legēbant	legam	legēs	leget	legēmus	legētis	legent	lege	legite	legere
leviō	-	leviās	leviat	leviāmus	leviātis	leviant	leviābam	leviābās	leviābat	leviābāmus	leviābātis	leviābant	leviābō	leviābis	leviābit	leviābimus	leviābitis	leviābunt	leviā	leviāte	leviāre
liceor	-	licēre	-	-	-	-	-	licēbāre	-	-	-	-	-	licēbere	-	-	-	-	-	-	-
lignor	-	lignāre	-	-	-	-	-	lignābāre	-	-	-	-	-	lignābere	-	-	-	-	-	-	-
lingō	-	lingis	lingit	lingimus	lingitis	lingunt	lingēbam	lingēbās	lingēbat	lingēbāmus	lingēbātis	lingēbant	lingam	lingēs	linget	lingēmus	lingētis	lingent	linge	lingite	lingere
linquō	-	linquis	linquit	linquimus	linquitis	linquunt	linquēbam	linquēbās	linquēbat	linquēbāmus	linquēbātis	linquēbant	linquam	linquēs	linquet	linquēmus	linquētis	linquent	linque	linquite	linquere
linō	-	linis	linit	linimus	linitis	linunt	linēbam	linēbās	linēbat	linēbāmus	linēbātis	linēbant	linam	linēs	linet	linēmus	linētis	linent	line	linite	linere
liquefaciō	-	liquefacis	-	liquefacimus	liquefacitis	-	-	-	-	-	-	-	-	-	-	-	-	-	liqueface	liquefacite	liquefacere
locor	-	locere	locitur	locimur	lociminī	locuntur	locēbar	locēbāre	locēbātur	locēbāmur	locēbāminī	locēbantur	locar	locēre	locētur	locēmur	locēminī	locentur	locere	lociminī	locī
loquor	-	loquere	loquitur	loquimur	loquiminī	loquuntur	loquēbar	loquēbāre	loquēbātur	loquēbāmur	loquēbāminī	loquēbantur	loquar	loquēre	loquētur	loquēmur	loquēminī	loquentur	loquere	loquiminī	loquī
lucrifaciō	-	lucrifacis	-	lucrifacimus	lucrifacitis	-	-	-	-	-	-	-	-	-	-	-	-	-	lucriface	lucrifacite	lucrifacere
lucror	-	lucrāre	-	-	-	-	-	lucrābāre	-	-	-	-	-	lucrābere	-	-	-	-	-	-	-
lupor	-	lupāre	-	-	-	-	-	lupābāre	-	-	-	-	-	lupābere	-	-	-	-	-	-	-
luō	-	luis	luit	luimus	luitis	luunt	luēbam	luēbās	luēbat	luēbāmus	luēbātis	luēbant	luam	luēs	luet	luēmus	luētis	luent	lue	luite	luere
lābor	-	lābere	lābitur	lābimur	lābiminī	lābuntur	lābēbar	lābēbāre	lābēbātur	lābēbāmur	lābēbāminī	lābēbantur	lābar	lābēre	lābētur	lābēmur	lābēminī	lābentur	lābere	lābiminī	lābī
lāmentor	-	lāmentāre	-	-	-	-	-	lāmentābāre	-	-	-	-	-	lāmentābere	-	-	-	-	-	-	lāmentārier
lēnōcinor	-	lēnōcināre	-	-	-	-	-	lēnōcinābāre	-	-	-	-	-	lēnōcinābere	-	-	-	-	-	-	-
līneō	-	līneās	līneat	līneāmus	līneātis	līneant	līneābam	līneābās	līneābat	līneābāmus	līneābātis	līneābant	līneābō	līneābis	līneābit	līneābimus	līneābitis	līneābunt	līneā	līneāte	līneāre
līquor	-	līquere	līquitur	līquimur	līquiminī	līquuntur	līquēbar	līquēbāre	līquēbātur	līquēbāmur	līquēbāminī	līquēbantur	līquar	līquēre	līquētur	līquēmur	līquēminī	līquentur	līquere	līquiminī	līquī
lūctor	-	lūctāre	-	-	-	-	-	lūctābāre	-	-	-	-	-	lūctābere	-	-	-	-	-	-	lūctārier
lūdō	-	lūdis	lūdit	lūdimus	lūditis	lūdunt	lūdēbam	lūdēbās	lūdēbat	lūdēbāmus	lūdēbātis	lūdēbant	lūdam	lūdēs	lūdet	lūdēmus	lūdētis	lūdent	lūde	lūdite	lūdere
lū̆ctor	-	lū̆ctāre	-	-	-	-	-	lū̆ctābāre	-	-	-	-	-	lū̆ctābere	-	-	-	-	-	-	lū̆ctārier
lū̆xuriō	-	lū̆xuriās	lū̆xuriat	lū̆xuriāmus	lū̆xuriātis	lū̆xuriant	lū̆xuriābam	lū̆xuriābās	lū̆xuriābat	lū̆xuriābāmus	lū̆xuriābātis	lū̆xuriābant	lū̆xuriābō	lū̆xuriābis	lū̆xuriābit	lū̆xuriābimus	lū̆xuriābitis	lū̆xuriābunt	lū̆xuriā	lū̆xuriāte	lū̆xuriāre
madefaciō	-	madefacis	-	madefacimus	madefacitis	-	-	-	-	-	-	-	-	-	-	-	-	-	madeface	madefacite	madefacere
magnifaciō	-	magnifacis	-	magnifacimus	magnifacitis	-	-	-	-	-	-	-	-	-	-	-	-	-	magniface	magnifacite	magnifacere
maledīcō	-	maledīcis	maledīcit	maledīcimus	maledīcitis	maledīcunt	maledīcēbam	maledīcēbās	maledīcēbat	maledīcēbāmus	maledīcēbātis	maledīcēbant	maledīcam	maledīcēs	maledīcet	maledīcēmus	maledīcētis	maledīcent	maledīc	maledīcite	maledīcere
malefaciō	-	malefacis	-	malefacimus	malefacitis	-	-	-	-	-	-	-	-	-	-	-	-	-	maleface	malefacite	malefacere
maleficiō	-	maleficiās	maleficiat	maleficiāmus	maleficiātis	maleficiant	maleficiābam	maleficiābās	maleficiābat	maleficiābāmus	maleficiābātis	maleficiābant	maleficiābō	maleficiābis	maleficiābit	maleficiābimus	maleficiābitis	maleficiābunt	maleficiā	maleficiāte	maleficiāre
malleō	-	malleās	malleat	malleāmus	malleātis	malleant	malleābam	malleābās	malleābat	malleābāmus	malleābātis	malleābant	malleābō	malleābis	malleābit	malleābimus	malleābitis	malleābunt	malleā	malleāte	malleāre
mandō	-	mandis	-	mandimus	manditis	-	-	-	-	-	-	-	mandam	-	mandet	-	-	mandent	mande	mandite	mandere
manticulor	-	manticulāre	-	-	-	-	-	manticulābāre	-	-	-	-	-	manticulābere	-	-	-	-	-	-	-
manuor	-	manuāre	-	-	-	-	-	manuābāre	-	-	-	-	-	manuābere	-	-	-	-	-	-	-
manūmittō	-	manūmittis	manūmittit	manūmittimus	manūmittitis	manūmittunt	manūmittēbam	manūmittēbās	manūmittēbat	manūmittēbāmus	manūmittēbātis	manūmittēbant	manūmittam	manūmittēs	manūmittet	manūmittēmus	manūmittētis	manūmittent	manūmitte	manūmittite	manūmittere
masturbor	-	masturbāre	-	-	-	-	-	masturbābāre	-	-	-	-	-	masturbābere	-	-	-	-	-	-	-
medeor	-	medēre	-	-	-	-	-	medēbāre	-	-	-	-	-	medēbere	-	-	-	-	-	-	-
medicor	-	medicāre	-	-	-	-	-	medicābāre	-	-	-	-	-	medicābere	-	-	-	-	-	-	-
meditor	-	meditāre	-	-	-	-	-	meditābāre	-	-	-	-	-	meditābere	-	-	-	-	-	-	-
mediō	-	mediās	mediat	mediāmus	mediātis	mediant	mediābam	mediābās	mediābat	mediābāmus	mediābātis	mediābant	mediābō	mediābis	mediābit	mediābimus	mediābitis	mediābunt	mediā	mediāte	mediāre
meminī	meminī	meministī	meminit	meminimus	meministis	meminēre	memineram	meminerās	meminerat	meminerāmus	meminerātis	meminerant	meminerō	memineris	meminerit	meminerimus	memineritis	meminerint	-	-	meminisse
memoror	-	memorāre	-	-	-	-	-	memorābāre	-	-	-	-	-	memorābere	-	-	-	-	-	-	-
mentior	-	mentīre	-	-	-	-	-	mentiēbāre	-	-	-	-	-	mentiēre	-	-	-	-	-	-	mentīrier
mercor	-	mercāre	-	-	-	-	-	mercābāre	-	-	-	-	-	mercābere	-	-	-	-	-	-	mercārier
mereor	-	merēre	-	-	-	-	-	merēbāre	-	-	-	-	-	merēbere	-	-	-	-	-	-	-
mergō	-	mergis	mergit	mergimus	mergitis	mergunt	mergēbam	mergēbās	mergēbat	mergēbāmus	mergēbātis	mergēbant	mergam	mergēs	merget	mergēmus	mergētis	mergent	merge	mergite	mergere
merīdiō	-	merīdiās	merīdiat	merīdiāmus	merīdiātis	merīdiant	merīdiābam	merīdiābās	merīdiābat	merīdiābāmus	merīdiābātis	merīdiābant	merīdiābō	merīdiābis	merīdiābit	merīdiābimus	merīdiābitis	merīdiābunt	merīdiā	merīdiāte	merīdiāre
metuō	-	metuis	metuit	metuimus	metuitis	metuunt	metuēbam	metuēbās	metuēbat	metuēbāmus	metuēbātis	metuēbant	metuam	metuēs	metuet	metuēmus	metuētis	metuent	metue	metuite	metuere
metō	-	metis	metit	metimus	metitis	metunt	metēbam	metēbās	metēbat	metēbāmus	metēbātis	metēbant	metam	metēs	metet	metēmus	metētis	metent	mete	metite	metere
meō	-	meās	meat	meāmus	meātis	meant	meābam	meābās	meābat	meābāmus	meābātis	meābant	meābō	meābis	meābit	meābimus	meābitis	meābunt	meā	meāte	meāre
mingō	-	mingis	mingit	mingimus	mingitis	mingunt	mingēbam	mingēbās	mingēbat	mingēbāmus	mingēbātis	mingēbant	mingam	mingēs	minget	mingēmus	mingētis	mingent	minge	mingite	mingere
minitor	-	minitāre	-	-	-	-	-	minitābāre	-	-	-	-	-	minitābere	-	-	-	-	-	-	minitārier
minor	-	mināre	-	-	-	-	-	minābāre	-	-	-	-	-	minābere	-	-	-	-	-	-	-
minuō	-	minuis	-	minuimus	minuitis	-	-	-	-	-	-	-	minuam	-	minuet	-	-	minuent	minue	minuite	minuere
minīscor	-	minīscere	minīscitur	minīscimur	minīsciminī	minīscuntur	minīscēbar	minīscēbāre	minīscēbātur	minīscēbāmur	minīscēbāminī	minīscēbantur	minīscar	minīscēre	minīscētur	minīscēmur	minīscēminī	minīscentur	minīscere	minīsciminī	minīscī
misereor	-	miserēre	-	-	-	-	-	miserēbāre	-	-	-	-	-	miserēbere	-	-	-	-	-	-	miserērier
miseror	-	miserāre	-	-	-	-	-	miserābāre	-	-	-	-	-	miserābere	-	-	-	-	-	-	-
mittō	-	mittis	mittit	mittimus	mittitis	mittunt	mittēbam	mittēbās	mittēbat	mittēbāmus	mittēbātis	mittēbant	mittam	mittēs	mittet	mittēmus	mittētis	mittent	mitte	mittite	mittere
moderor	-	moderāre	-	-	-	-	-	moderābāre	-	-	-	-	-	moderābere	-	-	-	-	-	-	moderārier
modulor	-	modulāre	-	-	-	-	-	modulābāre	-	-	-	-	-	modulābere	-	-	-	-	-	-	-
moechor	-	moechāre	-	-	-	-	-	moechābāre	-	-	-	-	-	moechābere	-	-	-	-	-	-	-
mollifaciō	-	mollifacis	-	mollifacimus	mollifacitis	-	-	-	-	-	-	-	-	-	-	-	-	-	molliface	mollifacite	mollifacere
molō	-	molis	molit	molimus	molitis	molunt	molēbam	molēbās	molēbat	molēbāmus	molēbātis	molēbant	molam	molēs	molet	molēmus	molētis	molent	mole	molite	molere
morior	-	morere	moritur	morimur	moriminī	-	-	moriēbāre	-	-	-	-	-	moriēre	-	-	-	-	morere	moriminī	morī
moror	-	morāre	-	-	-	-	-	morābāre	-	-	-	-	-	morābere	-	-	-	-	-	-	morārier
māchinor	-	māchināre	-	-	-	-	-	māchinābāre	-	-	-	-	-	māchinābere	-	-	-	-	-	-	-
mālō	-	māvīs	māvult	mālumus	māvultis	mālunt	mālēbam	mālēbās	mālēbat	mālēbāmus	mālēbātis	mālēbant	mālam	mālēs	mālet	mālēmus	mālētis	mālent	-	-	mālle
mānsuēfaciō	-	mānsuēfacis	-	mānsuēfacimus	mānsuēfacitis	-	-	-	-	-	-	-	-	-	-	-	-	-	mānsuēface	mānsuēfacite	mānsuēfacere
māterior	-	māteriāre	māteriātur	māteriāmur	māteriāminī	māteriantur	māteriābar	māteriābāre	māteriābātur	māteriābāmur	māteriābāminī	māteriābantur	māteriābor	māteriābere	māteriābitur	māteriābimur	māteriābiminī	māteriābuntur	māteriāre	māteriāminī	māteriārī
mēiō	-	mēiis	mēiit	mēiimus	mēiitis	-	-	-	-	-	-	-	-	-	-	-	-	-	mēie	mēiite	mēiere
mētior	-	mētīre	-	-	-	-	-	mētiēbāre	-	-	-	-	-	mētiēre	-	-	-	-	-	-	-
mētor	-	mētāre	-	-	-	-	-	mētābāre	-	-	-	-	-	mētābere	-	-	-	-	-	-	-
mīror	-	mīrāre	-	-	-	-	-	mīrābāre	-	-	-	-	-	mīrābere	-	-	-	-	-	-	mīrārier
mōlior	-	mōlīre	-	-	-	-	-	mōliēbāre	-	-	-	-	-	mōliēre	-	-	-	-	-	-	mōlīrier
mōrigeror	-	mōrigerāre	-	-	-	-	-	mōrigerābāre	-	-	-	-	-	mōrigerābere	-	-	-	-	-	-	-
mōror	-	mōrāre	-	-	-	-	-	mōrābāre	-	-	-	-	-	mōrābere	-	-	-	-	-	-	-
mūgīnor	-	mūgīnāre	-	-	-	-	-	mūgīnābāre	-	-	-	-	-	mūgīnābere	-	-	-	-	-	-	-
mūtuor	-	mūtuāre	-	-	-	-	-	mūtuābāre	-	-	-	-	-	mūtuābere	-	-	-	-	-	-	-
nancīscor	-	nancīscere	nancīscitur	nancīscimur	nancīsciminī	nancīscuntur	nancīscēbar	nancīscēbāre	nancīscēbātur	nancīscēbāmur	nancīscēbāminī	nancīscēbantur	nancīscar	nancīscēre	nancīscētur	nancīscēmur	nancīscēminī	nancīscentur	nancīscere	nancīsciminī	nancīscī
natinor	-	natināre	-	-	-	-	-	natinābāre	-	-	-	-	-	natinābere	-	-	-	-	-	-	-
nauculor	-	nauculāre	-	-	-	-	-	nauculābāre	-	-	-	-	-	nauculābere	-	-	-	-	-	-	-
nauseō	-	nauseās	nauseat	nauseāmus	nauseātis	nauseant	nauseābam	nauseābās	nauseābat	nauseābāmus	nauseābātis	nauseābant	nauseābō	nauseābis	nauseābit	nauseābimus	nauseābitis	nauseābunt	nauseā	nauseāte	nauseāre
nausiō	-	nausiās	nausiat	nausiāmus	nausiātis	nausiant	nausiābam	nausiābās	nausiābat	nausiābāmus	nausiābātis	nausiābant	nausiābō	nausiābis	nausiābit	nausiābimus	nausiābitis	nausiābunt	nausiā	nausiāte	nausiāre
neclegō	-	neclegis	neclegit	neclegimus	neclegitis	neclegunt	neclegēbam	neclegēbās	neclegēbat	neclegēbāmus	neclegēbātis	neclegēbant	neclegam	neclegēs	necleget	neclegēmus	neclegētis	neclegent	neclege	neclegite	neclegere
nectō	-	nectis	nectit	nectimus	nectitis	nectunt	nectēbam	nectēbās	nectēbat	nectēbāmus	nectēbātis	nectēbant	nectam	nectēs	nectet	nectēmus	nectētis	nectent	necte	nectite	nectere
neglegō	-	neglegis	neglegit	neglegimus	neglegitis	neglegunt	neglegēbam	neglegēbās	neglegēbat	neglegēbāmus	neglegēbātis	neglegēbant	neglegam	neglegēs	negleget	neglegēmus	neglegētis	neglegent	neglege	neglegite	neglegere
negligō	-	negligis	negligit	negligimus	negligitis	negligunt	negligēbam	negligēbās	negligēbat	negligēbāmus	negligēbātis	negligēbant	negligam	negligēs	negliget	negligēmus	negligētis	negligent	neglige	negligite	negligere
negōtior	-	negōtiāre	negōtiātur	negōtiāmur	negōtiāminī	negōtiantur	negōtiābar	negōtiābāre	negōtiābātur	negōtiābāmur	negōtiābāminī	negōtiābantur	negōtiābor	negōtiābere	negōtiābitur	negōtiābimur	negōtiābiminī	negōtiābuntur	negōtiāre	negōtiāminī	negōtiārī
nepōtor	-	nepōtāre	-	-	-	-	-	nepōtābāre	-	-	-	-	-	nepōtābere	-	-	-	-	-	-	-
nequeō	-	nequīs	nequit	nequīmus	nequītis	nequeunt	nequībam	nequībās	nequībat	nequībāmus	nequībātis	nequībant	nequībō	nequībis	nequībit	nequībimus	nequībitis	nequībunt	nequī	nequīte	nequīre
ninguō	-	ninguis	ninguit	ninguimus	ninguitis	ninguunt	ninguēbam	ninguēbās	ninguēbat	ninguēbāmus	ninguēbātis	ninguēbant	ninguam	ninguēs	ninguet	ninguēmus	ninguētis	ninguent	ningue	ninguite	ninguere
ningō	-	ningis	ningit	ningimus	ningitis	ningunt	ningēbam	ningēbās	ningēbat	ningēbāmus	ningēbātis	ningēbant	ningam	ningēs	ninget	ningēmus	ningētis	ningent	ninge	ningite	ningere
novercor	-	novercāre	-	-	-	-	-	novercābāre	-	-	-	-	-	novercābere	-	-	-	-	-	-	-
nucleō	-	nucleās	nucleat	nucleāmus	nucleātis	nucleant	nucleābam	nucleābās	nucleābat	nucleābāmus	nucleābātis	nucleābant	nucleābō	nucleābis	nucleābit	nucleābimus	nucleābitis	nucleābunt	nucleā	nucleāte	nucleāre
nuō	-	nuis	nuit	nuimus	nuitis	nuunt	nuēbam	nuēbās	nuēbat	nuēbāmus	nuēbātis	nuēbant	nuam	nuēs	nuet	nuēmus	nuētis	nuent	nue	nuite	nuere
nāscor	-	nāscere	nāscitur	nāscimur	nāsciminī	nāscuntur	nāscēbar	nāscēbāre	nāscēbātur	nāscēbāmur	nāscēbāminī	nāscēbantur	nāscar	nāscēre	nāscētur	nāscēmur	nāscēminī	nāscentur	nāscere	nāsciminī	nāscī
nāviculor	-	nāviculāre	-	-	-	-	-	nāviculābāre	-	-	-	-	-	nāviculābere	-	-	-	-	-	-	-
nā̆tī̆nor	-	nā̆tī̆nāre	-	-	-	-	-	nā̆tī̆nābāre	-	-	-	-	-	nā̆tī̆nābere	-	-	-	-	-	-	-
nīdulor	-	nīdulāre	-	-	-	-	-	nīdulābāre	-	-	-	-	-	nīdulābere	-	-	-	-	-	-	-
nītor	-	nītere	nītitur	nītimur	nītiminī	nītuntur	nītēbar	nītēbāre	nītēbātur	nītēbāmur	nītēbāminī	nītēbantur	nītar	nītēre	nītētur	nītēmur	nītēminī	nītentur	nītere	nītiminī	nītī
nīxor	-	nīxāre	-	-	-	-	-	nīxābāre	-	-	-	-	-	nīxābere	-	-	-	-	-	-	-
nōlō	-	nevīs	nevolt	nōlumus	nōltis	nōlunt	nōlēbam	nōlēbās	nōlēbat	nōlēbāmus	nōlēbātis	nōlēbant	nōlam	nōlēs	nōlet	nōlēmus	nōlētis	nōlent	nōlī	nōlīte	nōlle
nūbō	-	nūbis	nūbit	nūbimus	nūbitis	nūbunt	nūbēbam	nūbēbās	nūbēbat	nūbēbāmus	nūbēbātis	nūbēbant	nūbam	nūbēs	nūbet	nūbēmus	nūbētis	nūbent	nūbe	nūbite	nūbere
nūgor	-	nūgāre	-	-	-	-	-	nūgābāre	-	-	-	-	-	nūgābere	-	-	-	-	-	-	-
nūndinor	-	nūndināre	-	-	-	-	-	nūndinābāre	-	-	-	-	-	nūndinābere	-	-	-	-	-	-	-
nūntiō	-	nūntiās	nūntiat	nūntiāmus	nūntiātis	nūntiant	nūntiābam	nūntiābās	nūntiābat	nūntiābāmus	nūntiābātis	nūntiābant	nūntiābō	nūntiābis	nūntiābit	nūntiābimus	nūntiābitis	nūntiābunt	nūntiā	nūntiāte	nūntiāre
obaemulor	-	obaemulāre	-	-	-	-	-	obaemulābāre	-	-	-	-	-	obaemulābere	-	-	-	-	-	-	-
obdō	-	obdis	obdit	obdimus	obditis	obdunt	obdēbam	obdēbās	obdēbat	obdēbāmus	obdēbātis	obdēbant	obdam	obdēs	obdet	obdēmus	obdētis	obdent	obde	obdite	obdere
obdūcō	-	obdūcis	obdūcit	obdūcimus	obdūcitis	obdūcunt	obdūcēbam	obdūcēbās	obdūcēbat	obdūcēbāmus	obdūcēbātis	obdūcēbant	obdūcam	obdūcēs	obdūcet	obdūcēmus	obdūcētis	obdūcent	obdūc	obdūcite	obdūcere
obdūrēfaciō	-	obdūrēfacis	-	obdūrēfacimus	obdūrēfacitis	-	-	-	-	-	-	-	-	-	-	-	-	-	obdūrēface	obdūrēfacite	obdūrēfacere
obedō	-	obedis	obedit	obedimus	obeditis	obedunt	obedēbam	obedēbās	obedēbat	obedēbāmus	obedēbātis	obedēbant	obedam	obedēs	obedet	obedēmus	obedētis	obedent	obede	obedite	obedere
obeō	-	obīs	obit	obīmus	obītis	obeunt	obībam	obībās	obībat	obībāmus	obībātis	obībant	obībō	obībis	obībit	obībimus	obībitis	obībunt	obī	obīte	obīre
obfundō	-	obfundis	obfundit	obfundimus	obfunditis	obfundunt	obfundēbam	obfundēbās	obfundēbat	obfundēbāmus	obfundēbātis	obfundēbant	obfundam	obfundēs	obfundet	obfundēmus	obfundētis	obfundent	obfunde	obfundite	obfundere
obgerō	-	obgeris	obgerit	obgerimus	obgeritis	obgerunt	obgerēbam	obgerēbās	obgerēbat	obgerēbāmus	obgerēbātis	obgerēbant	obgeram	obgerēs	obgeret	obgerēmus	obgerētis	obgerent	obgere	obgerite	obgerere
obiciō	-	obicis	-	obicimus	obicitis	-	-	-	-	-	-	-	-	-	-	-	-	-	obice	obicite	obicere
objiciō	-	objicis	-	objicimus	objicitis	-	-	-	-	-	-	-	-	-	-	-	-	-	objice	objicite	objicere
oblinō	-	oblinis	oblinit	oblinimus	oblinitis	oblinunt	oblinēbam	oblinēbās	oblinēbat	oblinēbāmus	oblinēbātis	oblinēbant	oblinam	oblinēs	oblinet	oblinēmus	oblinētis	oblinent	obline	oblinite	oblinere
obloquor	-	obloquere	obloquitur	obloquimur	obloquiminī	obloquuntur	obloquēbar	obloquēbāre	obloquēbātur	obloquēbāmur	obloquēbāminī	obloquēbantur	obloquar	obloquēre	obloquētur	obloquēmur	obloquēminī	obloquentur	obloquere	obloquiminī	obloquī
oblīdō	-	oblīdis	oblīdit	oblīdimus	oblīditis	oblīdunt	oblīdēbam	oblīdēbās	oblīdēbat	oblīdēbāmus	oblīdēbātis	oblīdēbant	oblīdam	oblīdēs	oblīdet	oblīdēmus	oblīdētis	oblīdent	oblīde	oblīdite	oblīdere
oblīvīscor	-	oblīvīscere	oblīvīscitur	oblīvīscimur	oblīvīsciminī	oblīvīscuntur	oblīvīscēbar	oblīvīscēbāre	oblīvīscēbātur	oblīvīscēbāmur	oblīvīscēbāminī	oblīvīscēbantur	oblīvīscar	oblīvīscēre	oblīvīscētur	oblīvīscēmur	oblīvīscēminī	oblīvīscentur	oblīvīscere	oblīvīsciminī	oblīvīscī
oblū̆ctor	-	oblū̆ctāre	-	-	-	-	-	oblū̆ctābāre	-	-	-	-	-	oblū̆ctābere	-	-	-	-	-	-	-
obmōlior	-	obmōlīre	-	-	-	-	-	obmōliēbāre	-	-	-	-	-	obmōliēre	-	-	-	-	-	-	-
obnoxiō	-	obnoxiās	obnoxiat	obnoxiāmus	obnoxiātis	obnoxiant	obnoxiābam	obnoxiābās	obnoxiābat	obnoxiābāmus	obnoxiābātis	obnoxiābant	obnoxiābō	obnoxiābis	obnoxiābit	obnoxiābimus	obnoxiābitis	obnoxiābunt	obnoxiā	obnoxiāte	obnoxiāre
obnītor	-	obnītere	obnītitur	obnītimur	obnītiminī	obnītuntur	obnītēbar	obnītēbāre	obnītēbātur	obnītēbāmur	obnītēbāminī	obnītēbantur	obnītar	obnītēre	obnītētur	obnītēmur	obnītēminī	obnītentur	obnītere	obnītiminī	obnītier
obnūbō	-	obnūbis	obnūbit	obnūbimus	obnūbitis	obnūbunt	obnūbēbam	obnūbēbās	obnūbēbat	obnūbēbāmus	obnūbēbātis	obnūbēbant	obnūbam	obnūbēs	obnūbet	obnūbēmus	obnūbētis	obnūbent	obnūbe	obnūbite	obnūbere
obnūntiō	-	obnūntiās	obnūntiat	obnūntiāmus	obnūntiātis	obnūntiant	obnūntiābam	obnūntiābās	obnūntiābat	obnūntiābāmus	obnūntiābātis	obnūntiābant	obnūntiābō	obnūntiābis	obnūntiābit	obnūntiābimus	obnūntiābitis	obnūntiābunt	obnūntiā	obnūntiāte	obnūntiāre
oborior	-	oborīre	-	-	-	-	-	oboriēbāre	-	-	-	-	-	oboriēre	-	-	-	-	-	-	-
obruō	-	obruis	obruit	obruimus	obruitis	obruunt	obruēbam	obruēbās	obruēbat	obruēbāmus	obruēbātis	obruēbant	obruam	obruēs	obruet	obruēmus	obruētis	obruent	obrue	obruite	obruere
obrēpō	-	obrēpis	obrēpit	obrēpimus	obrēpitis	obrēpunt	obrēpēbam	obrēpēbās	obrēpēbat	obrēpēbāmus	obrēpēbātis	obrēpēbant	obrēpam	obrēpēs	obrēpet	obrēpēmus	obrēpētis	obrēpent	obrēpe	obrēpite	obrēpere
obsequor	-	obsequere	obsequitur	obsequimur	obsequiminī	obsequuntur	obsequēbar	obsequēbāre	obsequēbātur	obsequēbāmur	obsequēbāminī	obsequēbantur	obsequar	obsequēre	obsequētur	obsequēmur	obsequēminī	obsequentur	obsequere	obsequiminī	obsequī
obserō	-	obseris	-	obserimus	obseritis	-	-	-	-	-	-	-	obseram	-	obseret	-	-	obserent	obsere	obserite	obserere
obsistō	-	obsistis	obsistit	obsistimus	obsistitis	obsistunt	obsistēbam	obsistēbās	obsistēbat	obsistēbāmus	obsistēbātis	obsistēbant	obsistam	obsistēs	obsistet	obsistēmus	obsistētis	obsistent	obsiste	obsistite	obsistere
obsolefīō	-	obsolefīs	obsolefit	obsolefīmus	obsolefītis	obsolefīunt	obsolefīēbam	obsolefīēbās	obsolefīēbat	obsolefīēbāmus	obsolefīēbātis	obsolefīēbant	obsolefīam	obsolefīēs	obsolefīet	obsolefīēmus	obsolefīētis	obsolefīent	obsolefī	obsolefīte	obsolefierī
obstrepō	-	obstrepis	obstrepit	obstrepimus	obstrepitis	obstrepunt	obstrepēbam	obstrepēbās	obstrepēbat	obstrepēbāmus	obstrepēbātis	obstrepēbant	obstrepam	obstrepēs	obstrepet	obstrepēmus	obstrepētis	obstrepent	obstrepe	obstrepite	obstrepere
obstringō	-	obstringis	obstringit	obstringimus	obstringitis	obstringunt	obstringēbam	obstringēbās	obstringēbat	obstringēbāmus	obstringēbātis	obstringēbant	obstringam	obstringēs	obstringet	obstringēmus	obstringētis	obstringent	obstringe	obstringite	obstringere
obstruō	-	obstruis	obstruit	obstruimus	obstruitis	obstruunt	obstruēbam	obstruēbās	obstruēbat	obstruēbāmus	obstruēbātis	obstruēbant	obstruam	obstruēs	obstruet	obstruēmus	obstruētis	obstruent	obstrue	obstruite	obstruere
obstrūdō	-	obstrūdis	obstrūdit	obstrūdimus	obstrūditis	obstrūdunt	obstrūdēbam	obstrūdēbās	obstrūdēbat	obstrūdēbāmus	obstrūdēbātis	obstrūdēbant	obstrūdam	obstrūdēs	obstrūdet	obstrūdēmus	obstrūdētis	obstrūdent	obstrūde	obstrūdite	obstrūdere
obstupefaciō	-	obstupefacis	-	obstupefacimus	obstupefacitis	-	-	-	-	-	-	-	-	-	-	-	-	-	obstupeface	obstupefacite	obstupefacere
obsum	obsum	obes	obest	obsumus	obestis	obsunt	oberam	oberās	oberat	oberāmus	oberātis	oberant	oberō	obere	oberit	oberimus	oberitis	oberunt	obes	obeste	obesse
obsīdō	-	obsīdis	obsīdit	obsīdimus	obsīditis	obsīdunt	obsīdēbam	obsīdēbās	obsīdēbat	obsīdēbāmus	obsīdēbātis	obsīdēbant	obsīdam	obsīdēs	obsīdet	obsīdēmus	obsīdētis	obsīdent	obsīde	obsīdite	obsīdere
obtegō	-	obtegis	obtegit	obtegimus	obtegitis	obtegunt	obtegēbam	obtegēbās	obtegēbat	obtegēbāmus	obtegēbātis	obtegēbant	obtegam	obtegēs	obteget	obtegēmus	obtegētis	obtegent	obtege	obtegite	obtegere
obtendō	-	obtendis	obtendit	obtendimus	obtenditis	obtendunt	obtendēbam	obtendēbās	obtendēbat	obtendēbāmus	obtendēbātis	obtendēbant	obtendam	obtendēs	obtendet	obtendēmus	obtendētis	obtendent	obtende	obtendite	obtendere
obterō	-	obteris	obterit	obterimus	obteritis	obterunt	obterēbam	obterēbās	obterēbat	obterēbāmus	obterēbātis	obterēbant	obteram	obterēs	obteret	obterēmus	obterētis	obterent	obtere	obterite	obterere
obtestor	-	obtestāre	-	-	-	-	-	obtestābāre	-	-	-	-	-	obtestābere	-	-	-	-	-	-	-
obtexō	-	obtexis	obtexit	obteximus	obtexitis	obtexunt	obtexēbam	obtexēbās	obtexēbat	obtexēbāmus	obtexēbātis	obtexēbant	obtexam	obtexēs	obtexet	obtexēmus	obtexētis	obtexent	obtexe	obtexite	obtexere
obtingō	-	obtingis	obtingit	obtingimus	obtingitis	obtingunt	obtingēbam	obtingēbās	obtingēbat	obtingēbāmus	obtingēbātis	obtingēbant	obtingam	obtingēs	obtinget	obtingēmus	obtingētis	obtingent	obtinge	obtingite	obtingere
obtrahō	-	obtrahis	obtrahit	obtrahimus	obtrahitis	obtrahunt	obtrahēbam	obtrahēbās	obtrahēbat	obtrahēbāmus	obtrahēbātis	obtrahēbant	obtraham	obtrahēs	obtrahet	obtrahēmus	obtrahētis	obtrahent	obtrahe	obtrahite	obtrahere
obtrūdō	-	obtrūdis	obtrūdit	obtrūdimus	obtrūditis	obtrūdunt	obtrūdēbam	obtrūdēbās	obtrūdēbat	obtrūdēbāmus	obtrūdēbātis	obtrūdēbant	obtrūdam	obtrūdēs	obtrūdet	obtrūdēmus	obtrūdētis	obtrūdent	obtrūde	obtrūdite	obtrūdere
obtueor	-	obtuēre	-	-	-	-	-	obtuēbāre	-	-	-	-	-	obtuēbere	-	-	-	-	-	-	-
obtundō	-	obtundis	obtundit	obtundimus	obtunditis	obtundunt	obtundēbam	obtundēbās	obtundēbat	obtundēbāmus	obtundēbātis	obtundēbant	obtundam	obtundēs	obtundet	obtundēmus	obtundētis	obtundent	obtunde	obtundite	obtundere
obversor	-	obversāre	-	-	-	-	-	obversābāre	-	-	-	-	-	obversābere	-	-	-	-	-	-	-
obvertō	-	obvertis	obvertit	obvertimus	obvertitis	obvertunt	obvertēbam	obvertēbās	obvertēbat	obvertēbāmus	obvertēbātis	obvertēbant	obvertam	obvertēs	obvertet	obvertēmus	obvertētis	obvertent	obverte	obvertite	obvertere
obviō	-	obviās	obviat	obviāmus	obviātis	obviant	obviābam	obviābās	obviābat	obviābāmus	obviābātis	obviābant	obviābō	obviābis	obviābit	obviābimus	obviābitis	obviābunt	obviā	obviāte	obviāre
obvolvō	-	obvolvis	obvolvit	obvolvimus	obvolvitis	obvolvunt	obvolvēbam	obvolvēbās	obvolvēbat	obvolvēbāmus	obvolvēbātis	obvolvēbant	obvolvam	obvolvēs	obvolvet	obvolvēmus	obvolvētis	obvolvent	obvolve	obvolvite	obvolvere
obīrāscor	-	obīrāscere	obīrāscitur	obīrāscimur	obīrāsciminī	obīrāscuntur	obīrāscēbar	obīrāscēbāre	obīrāscēbātur	obīrāscēbāmur	obīrāscēbāminī	obīrāscēbantur	obīrāscar	obīrāscēre	obīrāscētur	obīrāscēmur	obīrāscēminī	obīrāscentur	obīrāscere	obīrāsciminī	obīrāscī
occanō	-	occanis	occanit	occanimus	occanitis	occanunt	occanēbam	occanēbās	occanēbat	occanēbāmus	occanēbātis	occanēbant	occanam	occanēs	occanet	occanēmus	occanētis	occanent	occane	occanite	occanere
occidō	-	occidis	occidit	occidimus	occiditis	occidunt	occidēbam	occidēbās	occidēbat	occidēbāmus	occidēbātis	occidēbant	occidam	occidēs	occidet	occidēmus	occidētis	occident	occide	occidite	occidere
occinō	-	occinis	occinit	occinimus	occinitis	occinunt	occinēbam	occinēbās	occinēbat	occinēbāmus	occinēbātis	occinēbant	occinam	occinēs	occinet	occinēmus	occinētis	occinent	occine	occinite	occinere
occipiō	-	occipis	-	occipimus	occipitis	-	-	-	-	-	-	-	-	-	-	-	-	-	occipe	occipite	occipere
occlūdō	-	occlūdis	occlūdit	occlūdimus	occlūditis	occlūdunt	occlūdēbam	occlūdēbās	occlūdēbat	occlūdēbāmus	occlūdēbātis	occlūdēbant	occlūdam	occlūdēs	occlūdet	occlūdēmus	occlūdētis	occlūdent	occlūde	occlūdite	occlūdere
occulō	-	occulis	occulit	occulimus	occulitis	occulunt	occulēbam	occulēbās	occulēbat	occulēbāmus	occulēbātis	occulēbant	occulam	occulēs	occulet	occulēmus	occulētis	occulent	occule	occulite	occulere
occumbō	-	occumbis	occumbit	occumbimus	occumbitis	occumbunt	occumbēbam	occumbēbās	occumbēbat	occumbēbāmus	occumbēbātis	occumbēbant	occumbam	occumbēs	occumbet	occumbēmus	occumbētis	occumbent	occumbe	occumbite	occumbere
occurrō	-	occurris	occurrit	occurrimus	occurritis	occurrunt	occurrēbam	occurrēbās	occurrēbat	occurrēbāmus	occurrēbātis	occurrēbant	occurram	occurrēs	occurret	occurrēmus	occurrētis	occurrent	occurre	occurrite	occurrere
occīdō	-	occīdis	occīdit	occīdimus	occīditis	occīdunt	occīdēbam	occīdēbās	occīdēbat	occīdēbāmus	occīdēbātis	occīdēbant	occīdam	occīdēs	occīdet	occīdēmus	occīdētis	occīdent	occīde	occīdite	occīdere
odōror	-	odōrāre	-	-	-	-	-	odōrābāre	-	-	-	-	-	odōrābere	-	-	-	-	-	-	-
offendō	-	offendis	offendit	offendimus	offenditis	offendunt	offendēbam	offendēbās	offendēbat	offendēbāmus	offendēbātis	offendēbant	offendam	offendēs	offendet	offendēmus	offendētis	offendent	offende	offendite	offendere
offerō	-	offers	offert	offerimus	offertis	offerunt	offerēbam	offerēbās	offerēbat	offerēbāmus	offerēbātis	offerēbant	offeram	offerēs	offeret	offerēmus	offerētis	offerent	offer	offerte	offerre
officiō	-	officis	-	officimus	officitis	-	-	-	-	-	-	-	-	-	-	-	-	-	office	officite	officere
offundō	-	offundis	offundit	offundimus	offunditis	offundunt	offundēbam	offundēbās	offundēbat	offundēbāmus	offundēbātis	offundēbant	offundam	offundēs	offundet	offundēmus	offundētis	offundent	offunde	offundite	offundere
offuscō	-	offuscās	offuscat	offuscāmus	offuscātis	offuscant	offuscābam	offuscābās	offuscābat	offuscābāmus	offuscābātis	offuscābant	offuscābō	offuscābis	offuscābit	offuscābimus	offuscābitis	offuscābunt	offuscā	offuscāte	offuscāre
offīgō	-	offīgis	offīgit	offīgimus	offīgitis	offīgunt	offīgēbam	offīgēbās	offīgēbat	offīgēbāmus	offīgēbātis	offīgēbant	offīgam	offīgēs	offīget	offīgēmus	offīgētis	offīgent	offīge	offīgite	offīgere
oggerō	-	oggeris	oggerit	oggerimus	oggeritis	oggerunt	oggerēbam	oggerēbās	oggerēbat	oggerēbāmus	oggerēbātis	oggerēbant	oggeram	oggerēs	oggeret	oggerēmus	oggerētis	oggerent	oggere	oggerite	oggerere
olfaciō	-	olfacis	-	olfacimus	olfacitis	-	-	-	-	-	-	-	-	-	-	-	-	-	olface	olfacite	olfacere
olō	-	olis	olit	olimus	olitis	olunt	olēbam	olēbās	olēbat	olēbāmus	olēbātis	olēbant	olam	olēs	olet	olēmus	olētis	olent	ole	olite	olere
omittō	-	omittis	omittit	omittimus	omittitis	omittunt	omittēbam	omittēbās	omittēbat	omittēbāmus	omittēbātis	omittēbant	omittam	omittēs	omittet	omittēmus	omittētis	omittent	omitte	omittite	omittere
operor	-	operāre	-	-	-	-	-	operābāre	-	-	-	-	-	operābere	-	-	-	-	-	-	-
opitulor	-	opitulāre	-	-	-	-	-	opitulābāre	-	-	-	-	-	opitulābere	-	-	-	-	-	-	opitulārier
oppandō	-	oppandis	oppandit	oppandimus	oppanditis	oppandunt	oppandēbam	oppandēbās	oppandēbat	oppandēbāmus	oppandēbātis	oppandēbant	oppandam	oppandēs	oppandet	oppandēmus	oppandētis	oppandent	oppande	oppandite	oppandere
oppangō	-	oppangis	oppangit	oppangimus	oppangitis	oppangunt	oppangēbam	oppangēbās	oppangēbat	oppangēbāmus	oppangēbātis	oppangēbant	oppangam	oppangēs	oppanget	oppangēmus	oppangētis	oppangent	oppange	oppangite	oppangere
opperior	-	opperīre	-	-	-	-	-	opperiēbāre	-	-	-	-	-	opperiēre	-	-	-	-	-	-	opperīrier
oppetō	-	oppetis	oppetit	oppetimus	oppetitis	oppetunt	oppetēbam	oppetēbās	oppetēbat	oppetēbāmus	oppetēbātis	oppetēbant	oppetam	oppetēs	oppetet	oppetēmus	oppetētis	oppetent	oppete	oppetite	oppetere
opprimō	-	opprimis	opprimit	opprimimus	opprimitis	opprimunt	opprimēbam	opprimēbās	opprimēbat	opprimēbāmus	opprimēbātis	opprimēbant	opprimam	opprimēs	opprimet	opprimēmus	opprimētis	oppriment	opprime	opprimite	opprimere
oppēdō	-	oppēdis	oppēdit	oppēdimus	oppēditis	oppēdunt	oppēdēbam	oppēdēbās	oppēdēbat	oppēdēbāmus	oppēdēbātis	oppēdēbant	oppēdam	oppēdēs	oppēdet	oppēdēmus	oppēdētis	oppēdent	oppēde	oppēdite	oppēdere
oppōnō	-	oppōnis	oppōnit	oppōnimus	oppōnitis	oppōnunt	oppōnēbam	oppōnēbās	oppōnēbat	oppōnēbāmus	oppōnēbātis	oppōnēbant	oppōnam	oppōnēs	oppōnet	oppōnēmus	oppōnētis	oppōnent	oppōne	oppōnite	oppōnere
optingō	-	optingis	optingit	optingimus	optingitis	optingunt	optingēbam	optingēbās	optingēbat	optingēbāmus	optingēbātis	optingēbant	optingam	optingēs	optinget	optingēmus	optingētis	optingent	optinge	optingite	optingere
opīnor	-	opīnāre	-	-	-	-	-	opīnābāre	-	-	-	-	-	opīnābere	-	-	-	-	-	-	-
orior	-	orere	oritur	orimur	oriminī	-	-	oriēbāre	-	-	-	-	-	oriēre	-	-	-	-	orere	oriminī	-
ostendō	-	ostendis	ostendit	ostendimus	ostenditis	ostendunt	ostendēbam	ostendēbās	ostendēbat	ostendēbāmus	ostendēbātis	ostendēbant	ostendam	ostendēs	ostendet	ostendēmus	ostendētis	ostendent	ostende	ostendite	ostendere
pacīscor	-	pacīscere	pacīscitur	pacīscimur	pacīsciminī	pacīscuntur	pacīscēbar	pacīscēbāre	pacīscēbātur	pacīscēbāmur	pacīscēbāminī	pacīscēbantur	pacīscar	pacīscēre	pacīscētur	pacīscēmur	pacīscēminī	pacīscentur	pacīscere	pacīsciminī	pacīscī
pacō	-	pacis	pacit	pacimus	pacitis	pacunt	pacēbam	pacēbās	pacēbat	pacēbāmus	pacēbātis	pacēbant	pacam	pacēs	pacet	pacēmus	pacētis	pacent	pace	pacite	pacere
palliō	-	palliās	palliat	palliāmus	palliātis	palliant	palliābam	palliābās	palliābat	palliābāmus	palliābātis	palliābant	palliābō	palliābis	palliābit	palliābimus	palliābitis	palliābunt	palliā	palliāte	palliāre
pandiculor	-	pandiculāre	-	-	-	-	-	pandiculābāre	-	-	-	-	-	pandiculābere	-	-	-	-	-	-	-
pandō	-	pandis	-	pandimus	panditis	-	-	-	-	-	-	-	pandam	-	pandet	-	-	pandent	pande	pandite	pandere
pangō	-	pangis	pangit	pangimus	pangitis	pangunt	pangēbam	pangēbās	pangēbat	pangēbāmus	pangēbātis	pangēbant	pangam	pangēs	panget	pangēmus	pangētis	pangent	pange	pangite	pangere
parcō	-	parcis	parcit	parcimus	parcitis	parcunt	parcēbam	parcēbās	parcēbat	parcēbāmus	parcēbātis	parcēbant	parcam	parcēs	parcet	parcēmus	parcētis	parcent	parce	parcite	parcere
pariō	-	pariās	pariat	pariāmus	pariātis	pariant	pariābam	pariābās	pariābat	pariābāmus	pariābātis	pariābant	-	pariābis	-	pariābimus	pariābitis	-	pare	pariāte	parere
partior	-	partīre	-	-	-	-	-	partiēbāre	-	-	-	-	-	partiēre	-	-	-	-	-	-	-
parvifaciō	-	parvifacis	-	parvifacimus	parvifacitis	-	-	-	-	-	-	-	-	-	-	-	-	-	parviface	parvifacite	parvifacere
parvipendō	-	parvipendis	parvipendit	parvipendimus	parvipenditis	parvipendunt	parvipendēbam	parvipendēbās	parvipendēbat	parvipendēbāmus	parvipendēbātis	parvipendēbant	parvipendam	parvipendēs	parvipendet	parvipendēmus	parvipendētis	parvipendent	parvipende	parvipendite	parvipendere
patefaciō	-	patefacis	-	patefacimus	patefacitis	-	-	-	-	-	-	-	-	-	-	-	-	-	pateface	patefacite	patefacere
patior	-	patere	patitur	patimur	patiminī	-	-	patiēbāre	-	-	-	-	-	patiēre	-	-	-	-	patere	patiminī	patī
patiō	-	patis	-	patimus	patitis	-	-	-	-	-	-	-	-	-	-	-	-	-	pate	patite	patere
patrōcinor	-	patrōcināre	-	-	-	-	-	patrōcinābāre	-	-	-	-	-	patrōcinābere	-	-	-	-	-	-	-
pavefaciō	-	pavefacis	-	pavefacimus	pavefacitis	-	-	-	-	-	-	-	-	-	-	-	-	-	paveface	pavefacite	pavefacere
pectō	-	pectis	pectit	pectimus	pectitis	pectunt	pectēbam	pectēbās	pectēbat	pectēbāmus	pectēbātis	pectēbant	pectam	pectēs	pectet	pectēmus	pectētis	pectent	pecte	pectite	pectere
pecūlor	-	pecūlāre	-	-	-	-	-	pecūlābāre	-	-	-	-	-	pecūlābere	-	-	-	-	-	-	-
pellegō	-	pellegis	pellegit	pellegimus	pellegitis	pellegunt	pellegēbam	pellegēbās	pellegēbat	pellegēbāmus	pellegēbātis	pellegēbant	pellegam	pellegēs	pelleget	pellegēmus	pellegētis	pellegent	pellege	pellegite	pellegere
pelliciō	-	pellicis	-	pellicimus	pellicitis	-	-	-	-	-	-	-	-	-	-	-	-	-	pellice	pellicite	pellicere
pellō	-	pellis	pellit	pellimus	pellitis	pellunt	pellēbam	pellēbās	pellēbat	pellēbāmus	pellēbātis	pellēbant	pellam	pellēs	pellet	pellēmus	pellētis	pellent	pelle	pellite	pellere
pendō	-	pendis	pendit	pendimus	penditis	pendunt	pendēbam	pendēbās	pendēbat	pendēbāmus	pendēbātis	pendēbant	pendam	pendēs	pendet	pendēmus	pendētis	pendent	pende	pendite	pendere
peragō	-	peragis	peragit	peragimus	peragitis	peragunt	peragēbam	peragēbās	peragēbat	peragēbāmus	peragēbātis	peragēbant	peragam	peragēs	peraget	peragēmus	peragētis	peragent	perage	peragite	peragere
perbacchor	-	perbacchāre	-	-	-	-	-	perbacchābāre	-	-	-	-	-	perbacchābere	-	-	-	-	-	-	-
percalefaciō	-	percalefacis	-	percalefacimus	percalefacitis	-	-	-	-	-	-	-	-	-	-	-	-	-	percaleface	percalefacite	percalefacere
percellō	-	percellis	percellit	percellimus	percellitis	percellunt	percellēbam	percellēbās	percellēbat	percellēbāmus	percellēbātis	percellēbant	percellam	percellēs	percellet	percellēmus	percellētis	percellent	percelle	percellite	percellere
percipiō	-	percipis	-	percipimus	percipitis	-	-	-	-	-	-	-	-	-	-	-	-	-	percipe	percipite	percipere
percontor	-	percontāre	-	-	-	-	-	percontābāre	-	-	-	-	-	percontābere	-	-	-	-	-	-	percontārier
percurrō	-	percurris	percurrit	percurrimus	percurritis	percurrunt	percurrēbam	percurrēbās	percurrēbat	percurrēbāmus	percurrēbātis	percurrēbant	percurram	percurrēs	percurret	percurrēmus	percurrētis	percurrent	percurre	percurrite	percurrere
percutiō	-	percutis	-	percutimus	percutitis	-	-	-	-	-	-	-	-	-	-	-	-	-	percute	percutite	percutere
percīdō	-	percīdis	percīdit	percīdimus	percīditis	percīdunt	percīdēbam	percīdēbās	percīdēbat	percīdēbāmus	percīdēbātis	percīdēbant	percīdam	percīdēs	percīdet	percīdēmus	percīdētis	percīdent	percīde	percīdite	percīdere
percōnor	-	percōnāre	-	-	-	-	-	percōnābāre	-	-	-	-	-	percōnābere	-	-	-	-	-	-	-
perdepsō	-	perdepsis	perdepsit	perdepsimus	perdepsitis	perdepsunt	perdepsēbam	perdepsēbās	perdepsēbat	perdepsēbāmus	perdepsēbātis	perdepsēbant	perdepsam	perdepsēs	perdepset	perdepsēmus	perdepsētis	perdepsent	perdepse	perdepsite	perdepsere
perdor	-	perdere	perditur	perdimur	perdiminī	perduntur	perdēbar	perdēbāre	perdēbātur	perdēbāmur	perdēbāminī	perdēbantur	perdar	perdēre	perdētur	perdēmur	perdēminī	perdentur	perdere	perdiminī	perdī
perdēcipiō	-	perdēcipis	-	perdēcipimus	perdēcipitis	-	-	-	-	-	-	-	-	-	-	-	-	-	perdēcipe	perdēcipite	perdēcipere
perdō	-	perdis	perdit	perdimus	perditis	perdunt	perdēbam	perdēbās	perdēbat	perdēbāmus	perdēbātis	perdēbant	perdam	perdēs	perdet	perdēmus	perdētis	perdent	perde	perdite	perdere
perdūcō	-	perdūcis	perdūcit	perdūcimus	perdūcitis	perdūcunt	perdūcēbam	perdūcēbās	perdūcēbat	perdūcēbāmus	perdūcēbātis	perdūcēbant	perdūcam	perdūcēs	perdūcet	perdūcēmus	perdūcētis	perdūcent	perdūc	perdūcite	perdūcere
peredō	-	peredis	peredit	peredimus	pereditis	peredunt	peredēbam	peredēbās	peredēbat	peredēbāmus	peredēbātis	peredēbant	peredam	peredēs	peredet	peredēmus	peredētis	peredent	perede	peredite	peredere
pereffluō	-	pereffluis	pereffluit	pereffluimus	pereffluitis	pereffluunt	pereffluēbam	pereffluēbās	pereffluēbat	pereffluēbāmus	pereffluēbātis	pereffluēbant	pereffluam	pereffluēs	pereffluet	pereffluēmus	pereffluētis	pereffluent	perefflue	pereffluite	pereffluere
peregrīnor	-	peregrīnāre	-	-	-	-	-	peregrīnābāre	-	-	-	-	-	peregrīnābere	-	-	-	-	-	-	-
pereō	-	perīs	perit	perīmus	perītis	pereunt	perībam	perībās	perībat	perībāmus	perībātis	perībant	perībō	perībis	perībit	perībimus	perībitis	perībunt	perī	perīte	perīre
perferō	-	perfers	perfert	perferimus	perfertis	perferunt	perferēbam	perferēbās	perferēbat	perferēbāmus	perferēbātis	perferēbant	perferam	perferēs	perferet	perferēmus	perferētis	perferent	perfer	perferte	perferre
perficiō	-	perficis	-	perficimus	perficitis	-	-	-	-	-	-	-	-	-	-	-	-	-	perfice	perficite	perficere
perfingō	-	perfingis	perfingit	perfingimus	perfingitis	perfingunt	perfingēbam	perfingēbās	perfingēbat	perfingēbāmus	perfingēbātis	perfingēbant	perfingam	perfingēs	perfinget	perfingēmus	perfingētis	perfingent	perfinge	perfingite	perfingere
perfluō	-	perfluis	perfluit	perfluimus	perfluitis	perfluunt	perfluēbam	perfluēbās	perfluēbat	perfluēbāmus	perfluēbātis	perfluēbant	perfluam	perfluēs	perfluet	perfluēmus	perfluētis	perfluent	perflue	perfluite	perfluere
perfodiō	-	perfodis	-	perfodimus	perfoditis	-	-	-	-	-	-	-	-	-	-	-	-	-	perfode	perfodite	perfodere
perfringō	-	perfringis	perfringit	perfringimus	perfringitis	perfringunt	perfringēbam	perfringēbās	perfringēbat	perfringēbāmus	perfringēbātis	perfringēbant	perfringam	perfringēs	perfringet	perfringēmus	perfringētis	perfringent	perfringe	perfringite	perfringere
perfruor	-	perfruere	perfruitur	perfruimur	perfruiminī	perfruuntur	perfruēbar	perfruēbāre	perfruēbātur	perfruēbāmur	perfruēbāminī	perfruēbantur	perfruar	perfruēre	perfruētur	perfruēmur	perfruēminī	perfruentur	perfruere	perfruiminī	perfruī
perfugiō	-	perfugis	-	perfugimus	perfugitis	-	-	-	-	-	-	-	-	-	-	-	-	-	perfuge	perfugite	perfugere
perfundō	-	perfundis	perfundit	perfundimus	perfunditis	perfundunt	perfundēbam	perfundēbās	perfundēbat	perfundēbāmus	perfundēbātis	perfundēbant	perfundam	perfundēs	perfundet	perfundēmus	perfundētis	perfundent	perfunde	perfundite	perfundere
perfungor	-	perfungere	perfungitur	perfungimur	perfungiminī	perfunguntur	perfungēbar	perfungēbāre	perfungēbātur	perfungēbāmur	perfungēbāminī	perfungēbantur	perfungar	perfungēre	perfungētur	perfungēmur	perfungēminī	perfungentur	perfungere	perfungiminī	perfungī
perfīgō	-	perfīgis	perfīgit	perfīgimus	perfīgitis	perfīgunt	perfīgēbam	perfīgēbās	perfīgēbat	perfīgēbāmus	perfīgēbātis	perfīgēbant	perfīgam	perfīgēs	perfīget	perfīgēmus	perfīgētis	perfīgent	perfīge	perfīgite	perfīgere
pergraecor	-	pergraecāre	-	-	-	-	-	pergraecābāre	-	-	-	-	-	pergraecābere	-	-	-	-	-	-	-
pergō	-	pergis	pergit	pergimus	pergitis	pergunt	pergēbam	pergēbās	pergēbat	pergēbāmus	pergēbātis	pergēbant	pergam	pergēs	perget	pergēmus	pergētis	pergent	perge	pergite	pergere
perimō	-	perimis	perimit	perimimus	perimitis	perimunt	perimēbam	perimēbās	perimēbat	perimēbāmus	perimēbātis	perimēbant	perimam	perimēs	perimet	perimēmus	perimētis	periment	perime	perimite	perimere
perlegō	-	perlegis	perlegit	perlegimus	perlegitis	perlegunt	perlegēbam	perlegēbās	perlegēbat	perlegēbāmus	perlegēbātis	perlegēbant	perlegam	perlegēs	perleget	perlegēmus	perlegētis	perlegent	perlege	perlegite	perlegere
perlinō	-	perlinis	perlinit	perlinimus	perlinitis	perlinunt	perlinēbam	perlinēbās	perlinēbat	perlinēbāmus	perlinēbātis	perlinēbant	perlinam	perlinēs	perlinet	perlinēmus	perlinētis	perlinent	perline	perlinite	perlinere
perluō	-	perluis	perluit	perluimus	perluitis	perluunt	perluēbam	perluēbās	perluēbat	perluēbāmus	perluēbātis	perluēbant	perluam	perluēs	perluet	perluēmus	perluētis	perluent	perlue	perluite	perluere
perlābor	-	perlābere	perlābitur	perlābimur	perlābiminī	perlābuntur	perlābēbar	perlābēbāre	perlābēbātur	perlābēbāmur	perlābēbāminī	perlābēbantur	perlābar	perlābēre	perlābētur	perlābēmur	perlābēminī	perlābentur	perlābere	perlābiminī	perlābī
permadefaciō	-	permadefacis	-	permadefacimus	permadefacitis	-	-	-	-	-	-	-	-	-	-	-	-	-	permadeface	permadefacite	permadefacere
permeō	-	permeās	permeat	permeāmus	permeātis	permeant	permeābam	permeābās	permeābat	permeābāmus	permeābātis	permeābant	permeābō	permeābis	permeābit	permeābimus	permeābitis	permeābunt	permeā	permeāte	permeāre
permittō	-	permittis	permittit	permittimus	permittitis	permittunt	permittēbam	permittēbās	permittēbat	permittēbāmus	permittēbātis	permittēbant	permittam	permittēs	permittet	permittēmus	permittētis	permittent	permitte	permittite	permittere
permētior	-	permētīre	-	-	-	-	-	permētiēbāre	-	-	-	-	-	permētiēre	-	-	-	-	-	-	-
perpellō	-	perpellis	perpellit	perpellimus	perpellitis	perpellunt	perpellēbam	perpellēbās	perpellēbat	perpellēbāmus	perpellēbātis	perpellēbant	perpellam	perpellēs	perpellet	perpellēmus	perpellētis	perpellent	perpelle	perpellite	perpellere
perpendō	-	perpendis	perpendit	perpendimus	perpenditis	perpendunt	perpendēbam	perpendēbās	perpendēbat	perpendēbāmus	perpendēbātis	perpendēbant	perpendam	perpendēs	perpendet	perpendēmus	perpendētis	perpendent	perpende	perpendite	perpendere
perpetior	-	perpetere	perpetitur	perpetimur	perpetiminī	-	-	perpetiēbāre	-	-	-	-	-	perpetiēre	-	-	-	-	perpetere	perpetiminī	perpetī
perpungō	-	perpungis	perpungit	perpungimus	perpungitis	perpungunt	perpungēbam	perpungēbās	perpungēbat	perpungēbāmus	perpungēbātis	perpungēbant	perpungam	perpungēs	perpunget	perpungēmus	perpungētis	perpungent	perpunge	perpungite	perpungere
perquīrō	-	perquīris	perquīrit	perquīrimus	perquīritis	perquīrunt	perquīrēbam	perquīrēbās	perquīrēbat	perquīrēbāmus	perquīrēbātis	perquīrēbant	perquīram	perquīrēs	perquīret	perquīrēmus	perquīrētis	perquīrent	perquīre	perquīrite	perquīrere
perrumpō	-	perrumpis	perrumpit	perrumpimus	perrumpitis	perrumpunt	perrumpēbam	perrumpēbās	perrumpēbat	perrumpēbāmus	perrumpēbātis	perrumpēbant	perrumpam	perrumpēs	perrumpet	perrumpēmus	perrumpētis	perrumpent	perrumpe	perrumpite	perrumpere
perrēpō	-	perrēpis	perrēpit	perrēpimus	perrēpitis	perrēpunt	perrēpēbam	perrēpēbās	perrēpēbat	perrēpēbāmus	perrēpēbātis	perrēpēbant	perrēpam	perrēpēs	perrēpet	perrēpēmus	perrēpētis	perrēpent	perrēpe	perrēpite	perrēpere
perscrībō	-	perscrībis	perscrībit	perscrībimus	perscrībitis	perscrībunt	perscrībēbam	perscrībēbās	perscrībēbat	perscrībēbāmus	perscrībēbātis	perscrībēbant	perscrībam	perscrībēs	perscrībet	perscrībēmus	perscrībētis	perscrībent	perscrībe	perscrībite	perscrībere
perscrūtor	-	perscrūtāre	-	-	-	-	-	perscrūtābāre	-	-	-	-	-	perscrūtābere	-	-	-	-	-	-	-
persector	-	persectāre	-	-	-	-	-	persectābāre	-	-	-	-	-	persectābere	-	-	-	-	-	-	-
persequor	-	persequere	persequitur	persequimur	persequiminī	persequuntur	persequēbar	persequēbāre	persequēbātur	persequēbāmur	persequēbāminī	persequēbantur	persequar	persequēre	persequētur	persequēmur	persequēminī	persequentur	persequere	persequiminī	persequī
perserpō	-	perserpis	perserpit	perserpimus	perserpitis	perserpunt	perserpēbam	perserpēbās	perserpēbat	perserpēbāmus	perserpēbātis	perserpēbant	perserpam	perserpēs	perserpet	perserpēmus	perserpētis	perserpent	perserpe	perserpite	perserpere
persistō	-	persistis	persistit	persistimus	persistitis	persistunt	persistēbam	persistēbās	persistēbat	persistēbāmus	persistēbātis	persistēbant	persistam	persistēs	persistet	persistēmus	persistētis	persistent	persiste	persistite	persistere
persolvō	-	persolvis	persolvit	persolvimus	persolvitis	persolvunt	persolvēbam	persolvēbās	persolvēbat	persolvēbāmus	persolvēbātis	persolvēbant	persolvam	persolvēs	persolvet	persolvēmus	persolvētis	persolvent	persolve	persolvite	persolvere
perspeculor	-	perspeculāre	-	-	-	-	-	perspeculābāre	-	-	-	-	-	perspeculābere	-	-	-	-	-	-	-
perspiciō	-	perspicis	-	perspicimus	perspicitis	-	-	-	-	-	-	-	-	-	-	-	-	-	perspice	perspicite	perspicere
persternō	-	persternis	persternit	persternimus	persternitis	persternunt	persternēbam	persternēbās	persternēbat	persternēbāmus	persternēbātis	persternēbant	persternam	persternēs	persternet	persternēmus	persternētis	persternent	persterne	persternite	persternere
perstrepō	-	perstrepis	perstrepit	perstrepimus	perstrepitis	perstrepunt	perstrepēbam	perstrepēbās	perstrepēbat	perstrepēbāmus	perstrepēbātis	perstrepēbant	perstrepam	perstrepēs	perstrepet	perstrepēmus	perstrepētis	perstrepent	perstrepe	perstrepite	perstrepere
perstringō	-	perstringis	perstringit	perstringimus	perstringitis	perstringunt	perstringēbam	perstringēbās	perstringēbat	perstringēbāmus	perstringēbātis	perstringēbant	perstringam	perstringēs	perstringet	perstringēmus	perstringētis	perstringent	perstringe	perstringite	perstringere
perstruō	-	perstruis	perstruit	perstruimus	perstruitis	perstruunt	perstruēbam	perstruēbās	perstruēbat	perstruēbāmus	perstruēbātis	perstruēbant	perstruam	perstruēs	perstruet	perstruēmus	perstruētis	perstruent	perstrue	perstruite	perstruere
pertaedet	-	-	pertaedet	-	-	-	-	-	pertaedēbat	-	-	-	-	-	pertaedēbit	-	-	-	-	-	pertaedēre
pertendō	-	pertendis	pertendit	pertendimus	pertenditis	pertendunt	pertendēbam	pertendēbās	pertendēbat	pertendēbāmus	pertendēbātis	pertendēbant	pertendam	pertendēs	pertendet	pertendēmus	pertendētis	pertendent	pertende	pertendite	pertendere
pertexō	-	pertexis	pertexit	perteximus	pertexitis	pertexunt	pertexēbam	pertexēbās	pertexēbat	pertexēbāmus	pertexēbātis	pertexēbant	pertexam	pertexēs	pertexet	pertexēmus	pertexētis	pertexent	pertexe	pertexite	pertexere
pertingō	-	pertingis	pertingit	pertingimus	pertingitis	pertingunt	pertingēbam	pertingēbās	pertingēbat	pertingēbāmus	pertingēbātis	pertingēbant	pertingam	pertingēs	pertinget	pertingēmus	pertingētis	pertingent	pertinge	pertingite	pertingere
pertrahō	-	pertrahis	pertrahit	pertrahimus	pertrahitis	pertrahunt	pertrahēbam	pertrahēbās	pertrahēbat	pertrahēbāmus	pertrahēbātis	pertrahēbant	pertraham	pertrahēs	pertrahet	pertrahēmus	pertrahētis	pertrahent	pertrahe	pertrahite	pertrahere
pertrānseō	-	pertrānsīs	pertrānsit	pertrānsīmus	pertrānsītis	pertrānseunt	pertrānsībam	pertrānsībās	pertrānsībat	pertrānsībāmus	pertrānsībātis	pertrānsībant	pertrānsībō	pertrānsībis	pertrānsībit	pertrānsībimus	pertrānsībitis	pertrānsībunt	pertrānsī	pertrānsīte	pertrānsīre
pertundō	-	pertundis	pertundit	pertundimus	pertunditis	pertundunt	pertundēbam	pertundēbās	pertundēbat	pertundēbāmus	pertundēbātis	pertundēbant	pertundam	pertundēs	pertundet	pertundēmus	pertundētis	pertundent	pertunde	pertundite	pertundere
perungō	-	perungis	perungit	perungimus	perungitis	perungunt	perungēbam	perungēbās	perungēbat	perungēbāmus	perungēbātis	perungēbant	perungam	perungēs	perunget	perungēmus	perungētis	perungent	perunge	perungite	perungere
pervagor	-	pervagāre	-	-	-	-	-	pervagābāre	-	-	-	-	-	pervagābere	-	-	-	-	-	-	-
pervehō	-	pervehis	pervehit	pervehimus	pervehitis	pervehunt	pervehēbam	pervehēbās	pervehēbat	pervehēbāmus	pervehēbātis	pervehēbant	perveham	pervehēs	pervehet	pervehēmus	pervehētis	pervehent	pervehe	pervehite	pervehere
pervertō	-	pervertis	pervertit	pervertimus	pervertitis	pervertunt	pervertēbam	pervertēbās	pervertēbat	pervertēbāmus	pervertēbātis	pervertēbant	pervertam	pervertēs	pervertet	pervertēmus	pervertētis	pervertent	perverte	pervertite	pervertere
pervincō	-	pervincis	pervincit	pervincimus	pervincitis	pervincunt	pervincēbam	pervincēbās	pervincēbat	pervincēbāmus	pervincēbātis	pervincēbant	pervincam	pervincēs	pervincet	pervincēmus	pervincētis	pervincent	pervince	pervincite	pervincere
pervolvō	-	pervolvis	pervolvit	pervolvimus	pervolvitis	pervolvunt	pervolvēbam	pervolvēbās	pervolvēbat	pervolvēbāmus	pervolvēbātis	pervolvēbant	pervolvam	pervolvēs	pervolvet	pervolvēmus	pervolvētis	pervolvent	pervolve	pervolvite	pervolvere
pervolō	-	-	-	pervolumus	-	-	-	-	-	-	-	-	pervolam	-	pervolet	-	-	pervolent	-	-	pervelle
pervādō	-	pervādis	pervādit	pervādimus	pervāditis	pervādunt	pervādēbam	pervādēbās	pervādēbat	pervādēbāmus	pervādēbātis	pervādēbant	pervādam	pervādēs	pervādet	pervādēmus	pervādētis	pervādent	pervāde	pervādite	pervādere
perīclitor	-	perīclitāre	-	-	-	-	-	perīclitābāre	-	-	-	-	-	perīclitābere	-	-	-	-	-	-	-
perūrō	-	perūris	perūrit	perūrimus	perūritis	perūrunt	perūrēbam	perūrēbās	perūrēbat	perūrēbāmus	perūrēbātis	perūrēbant	perūram	perūrēs	perūret	perūrēmus	perūrētis	perūrent	perūre	perūrite	perūrere
petessō	-	petessis	petessit	petessimus	petessitis	petessunt	petessēbam	petessēbās	petessēbat	petessēbāmus	petessēbātis	petessēbant	petessam	petessēs	petesset	petessēmus	petessētis	petessent	petesse	petessite	petessere
petissō	-	petissis	petissit	petissimus	petissitis	petissunt	petissēbam	petissēbās	petissēbat	petissēbāmus	petissēbātis	petissēbant	petissam	petissēs	petisset	petissēmus	petissētis	petissent	petisse	petissite	petissere
petō	-	petis	petit	petimus	petitis	petunt	petēbam	petēbās	petēbat	petēbāmus	petēbātis	petēbant	petam	petēs	petet	petēmus	petētis	petent	pete	petite	petere
philosophor	-	philosophāre	-	-	-	-	-	philosophābāre	-	-	-	-	-	philosophābere	-	-	-	-	-	-	-
pigritor	-	pigritāre	-	-	-	-	-	pigritābāre	-	-	-	-	-	pigritābere	-	-	-	-	-	-	-
pingō	-	pingis	pingit	pingimus	pingitis	pingunt	pingēbam	pingēbās	pingēbat	pingēbāmus	pingēbātis	pingēbant	pingam	pingēs	pinget	pingēmus	pingētis	pingent	pinge	pingite	pingere
piscor	-	piscāre	-	-	-	-	-	piscābāre	-	-	-	-	-	piscābere	-	-	-	-	-	-	-
piō	-	piās	piat	piāmus	piātis	piant	piābam	piābās	piābat	piābāmus	piābātis	piābant	piābō	piābis	piābit	piābimus	piābitis	piābunt	piā	piāte	piāre
plagiō	-	plagiās	plagiat	plagiāmus	plagiātis	plagiant	plagiābam	plagiābās	plagiābat	plagiābāmus	plagiābātis	plagiābant	plagiābō	plagiābis	plagiābit	plagiābimus	plagiābitis	plagiābunt	plagiā	plagiāte	plagiāre
plangō	-	plangis	plangit	plangimus	plangitis	plangunt	plangēbam	plangēbās	plangēbat	plangēbāmus	plangēbātis	plangēbant	plangam	plangēs	planget	plangēmus	plangētis	plangent	plange	plangite	plangere
plaudō	-	plaudis	plaudit	plaudimus	plauditis	plaudunt	plaudēbam	plaudēbās	plaudēbat	plaudēbāmus	plaudēbātis	plaudēbant	plaudam	plaudēs	plaudet	plaudēmus	plaudētis	plaudent	plaude	plaudite	plaudere
plectō	-	plectis	plectit	plectimus	plectitis	plectunt	plectēbam	plectēbās	plectēbat	plectēbāmus	plectēbātis	plectēbant	plectam	plectēs	plectet	plectēmus	plectētis	plectent	plecte	plectite	plectere
plipiō	-	plipiās	plipiat	plipiāmus	plipiātis	plipiant	plipiābam	plipiābās	plipiābat	plipiābāmus	plipiābātis	plipiābant	plipiābō	plipiābis	plipiābit	plipiābimus	plipiābitis	plipiābunt	plipiā	plipiāte	plipiāre
pluō	-	pluis	pluit	pluimus	pluitis	pluunt	pluēbam	pluēbās	pluēbat	pluēbāmus	pluēbātis	pluēbant	pluam	pluēs	pluet	pluēmus	pluētis	pluent	plue	pluite	pluere
plēctō	-	plēctis	plēctit	plēctimus	plēctitis	plēctunt	plēctēbam	plēctēbās	plēctēbat	plēctēbāmus	plēctēbātis	plēctēbant	plēctam	plēctēs	plēctet	plēctēmus	plēctētis	plēctent	plēcte	plēctite	plēctere
plōdō	-	plōdis	plōdit	plōdimus	plōditis	plōdunt	plōdēbam	plōdēbās	plōdēbat	plōdēbāmus	plōdēbātis	plōdēbant	plōdam	plōdēs	plōdet	plōdēmus	plōdētis	plōdent	plōde	plōdite	plōdere
polliceor	-	pollicēre	-	-	-	-	-	pollicēbāre	-	-	-	-	-	pollicēbere	-	-	-	-	-	-	-
pollicitor	-	pollicitāre	-	-	-	-	-	pollicitābāre	-	-	-	-	-	pollicitābere	-	-	-	-	-	-	pollicitārier
pollingō	-	pollingis	pollingit	pollingimus	pollingitis	pollingunt	pollingēbam	pollingēbās	pollingēbat	pollingēbāmus	pollingēbātis	pollingēbant	pollingam	pollingēs	pollinget	pollingēmus	pollingētis	pollingent	pollinge	pollingite	pollingere
polluō	-	polluis	polluit	polluimus	polluitis	polluunt	polluēbam	polluēbās	polluēbat	polluēbāmus	polluēbātis	polluēbant	polluam	polluēs	polluet	polluēmus	polluētis	polluent	pollue	polluite	polluere
populor	-	populāre	-	-	-	-	-	populābāre	-	-	-	-	-	populābere	-	-	-	-	-	-	-
porriciō	-	porricis	-	porricimus	porricitis	-	-	-	-	-	-	-	-	-	-	-	-	-	porrice	porricite	porricere
porrigō	-	porrigis	porrigit	porrigimus	porrigitis	porrigunt	porrigēbam	porrigēbās	porrigēbat	porrigēbāmus	porrigēbātis	porrigēbant	porrigam	porrigēs	porriget	porrigēmus	porrigētis	porrigent	porrige	porrigite	porrigere
portendō	-	portendis	portendit	portendimus	portenditis	portendunt	portendēbam	portendēbās	portendēbat	portendēbāmus	portendēbātis	portendēbant	portendam	portendēs	portendet	portendēmus	portendētis	portendent	portende	portendite	portendere
possum	possum	potes	potest	possumus	potestis	possunt	poteram	poterās	poterat	poterāmus	poterātis	poterant	poterō	potere	poterit	poterimus	poteritis	poterunt	-	-	posse
possō	-	potēs	potet	potēmus	potētis	potent	potēbam	potēbās	potēbat	potēbāmus	potēbātis	potēbant	potēbō	potēbis	potēbit	potēbimus	potēbitis	potēbunt	potē	potēte	potēre
posteō	-	postīs	postit	postīmus	postītis	posteunt	postībam	postībās	postībat	postībāmus	postībātis	postībant	postībō	postībis	postībit	postībimus	postībitis	postībunt	postī	postīte	postīre
postferō	-	postfers	postfert	postferimus	postfertis	postferunt	postferēbam	postferēbās	postferēbat	postferēbāmus	postferēbātis	postferēbant	postferam	postferēs	postferet	postferēmus	postferētis	postferent	postfer	postferte	postferre
postpōnō	-	postpōnis	postpōnit	postpōnimus	postpōnitis	postpōnunt	postpōnēbam	postpōnēbās	postpōnēbat	postpōnēbāmus	postpōnēbātis	postpōnēbant	postpōnam	postpōnēs	postpōnet	postpōnēmus	postpōnētis	postpōnent	postpōne	postpōnite	postpōnere
postscrībō	-	postscrībis	postscrībit	postscrībimus	postscrībitis	postscrībunt	postscrībēbam	postscrībēbās	postscrībēbat	postscrībēbāmus	postscrībēbātis	postscrībēbant	postscrībam	postscrībēs	postscrībet	postscrībēmus	postscrībētis	postscrībent	postscrībe	postscrībite	postscrībere
potevolō	-	potevīs	potevult	potevolumus	potevultis	potevolunt	potevolēbam	potevolēbās	potevolēbat	potevolēbāmus	potevolēbātis	potevolēbant	potevolam	potevolēs	potevolet	potevolēmus	potevolētis	potevolent	-	-	potevelle
potior	-	potīre	-	-	-	-	-	potiēbāre	-	-	-	-	-	potiēre	-	-	-	-	-	-	potīrier
poētor	-	poētāre	-	-	-	-	-	poētābāre	-	-	-	-	-	poētābere	-	-	-	-	-	-	-
praecellō	-	praecellis	praecellit	praecellimus	praecellitis	praecellunt	praecellēbam	praecellēbās	praecellēbat	praecellēbāmus	praecellēbātis	praecellēbant	praecellam	praecellēs	praecellet	praecellēmus	praecellētis	praecellent	praecelle	praecellite	praecellere
praecerpō	-	praecerpis	praecerpit	praecerpimus	praecerpitis	praecerpunt	praecerpēbam	praecerpēbās	praecerpēbat	praecerpēbāmus	praecerpēbātis	praecerpēbant	praecerpam	praecerpēs	praecerpet	praecerpēmus	praecerpētis	praecerpent	praecerpe	praecerpite	praecerpere
praecingō	-	praecingis	praecingit	praecingimus	praecingitis	praecingunt	praecingēbam	praecingēbās	praecingēbat	praecingēbāmus	praecingēbātis	praecingēbant	praecingam	praecingēs	praecinget	praecingēmus	praecingētis	praecingent	praecinge	praecingite	praecingere
praecinō	-	praecinis	praecinit	praecinimus	praecinitis	praecinunt	praecinēbam	praecinēbās	praecinēbat	praecinēbāmus	praecinēbātis	praecinēbant	praecinam	praecinēs	praecinet	praecinēmus	praecinētis	praecinent	praecine	praecinite	praecinere
praecipiō	-	praecipis	-	praecipimus	praecipitis	-	-	-	-	-	-	-	-	-	-	-	-	-	praecipe	praecipite	praecipere
praeclūdō	-	praeclūdis	praeclūdit	praeclūdimus	praeclūditis	praeclūdunt	praeclūdēbam	praeclūdēbās	praeclūdēbat	praeclūdēbāmus	praeclūdēbātis	praeclūdēbant	praeclūdam	praeclūdēs	praeclūdet	praeclūdēmus	praeclūdētis	praeclūdent	praeclūde	praeclūdite	praeclūdere
praecurrō	-	praecurris	praecurrit	praecurrimus	praecurritis	praecurrunt	praecurrēbam	praecurrēbās	praecurrēbat	praecurrēbāmus	praecurrēbātis	praecurrēbant	praecurram	praecurrēs	praecurret	praecurrēmus	praecurrētis	praecurrent	praecurre	praecurrite	praecurrere
praecēdō	-	praecēdis	praecēdit	praecēdimus	praecēditis	praecēdunt	praecēdēbam	praecēdēbās	praecēdēbat	praecēdēbāmus	praecēdēbātis	praecēdēbant	praecēdam	praecēdēs	praecēdet	praecēdēmus	praecēdētis	praecēdent	praecēde	praecēdite	praecēdere
praecīdō	-	praecīdis	praecīdit	praecīdimus	praecīditis	praecīdunt	praecīdēbam	praecīdēbās	praecīdēbat	praecīdēbāmus	praecīdēbātis	praecīdēbant	praecīdam	praecīdēs	praecīdet	praecīdēmus	praecīdētis	praecīdent	praecīde	praecīdite	praecīdere
praecōnor	-	praecōnāre	-	-	-	-	-	praecōnābāre	-	-	-	-	-	praecōnābere	-	-	-	-	-	-	-
praedispōnō	-	praedispōnis	praedispōnit	praedispōnimus	praedispōnitis	praedispōnunt	praedispōnēbam	praedispōnēbās	praedispōnēbat	praedispōnēbāmus	praedispōnēbātis	praedispōnēbant	praedispōnam	praedispōnēs	praedispōnet	praedispōnēmus	praedispōnētis	praedispōnent	praedispōne	praedispōnite	praedispōnere
praedominor	-	praedomināre	-	-	-	-	-	praedominābāre	-	-	-	-	-	praedominābere	-	-	-	-	-	-	-
praedor	-	praedāre	-	-	-	-	-	praedābāre	-	-	-	-	-	praedābere	-	-	-	-	-	-	-
praedīcō	-	praedīcis	praedīcit	praedīcimus	praedīcitis	praedīcunt	praedīcēbam	praedīcēbās	praedīcēbat	praedīcēbāmus	praedīcēbātis	praedīcēbant	praedīcam	praedīcēs	praedīcet	praedīcēmus	praedīcētis	praedīcent	praedīc	praedīcite	praedīcere
praedīligō	-	praedīligis	praedīligit	praedīligimus	praedīligitis	praedīligunt	praedīligēbam	praedīligēbās	praedīligēbat	praedīligēbāmus	praedīligēbātis	praedīligēbant	praedīligam	praedīligēs	praedīliget	praedīligēmus	praedīligētis	praedīligent	praedīlige	praedīligite	praedīligere
praedūcō	-	praedūcis	praedūcit	praedūcimus	praedūcitis	praedūcunt	praedūcēbam	praedūcēbās	praedūcēbat	praedūcēbāmus	praedūcēbātis	praedūcēbant	praedūcam	praedūcēs	praedūcet	praedūcēmus	praedūcētis	praedūcent	praedūc	praedūcite	praedūcere
praeexigō	-	praeexigis	praeexigit	praeexigimus	praeexigitis	praeexigunt	praeexigēbam	praeexigēbās	praeexigēbat	praeexigēbāmus	praeexigēbātis	praeexigēbant	praeexigam	praeexigēs	praeexiget	praeexigēmus	praeexigētis	praeexigent	praeexige	praeexigite	praeexigere
praeeō	-	praeīs	praeit	praeīmus	praeītis	praeeunt	praeībam	praeībās	praeībat	praeībāmus	praeībātis	praeībant	praeībō	praeībis	praeībit	praeībimus	praeībitis	praeībunt	praeī	praeīte	praeīre
praeferō	-	praefers	praefert	praeferimus	praefertis	praeferunt	praeferēbam	praeferēbās	praeferēbat	praeferēbāmus	praeferēbātis	praeferēbant	praeferam	praeferēs	praeferet	praeferēmus	praeferētis	praeferent	praefer	praeferte	praeferre
praeficiō	-	praeficis	-	praeficimus	praeficitis	-	-	-	-	-	-	-	-	-	-	-	-	-	praefice	praeficite	praeficere
praefluō	-	praefluis	praefluit	praefluimus	praefluitis	praefluunt	praefluēbam	praefluēbās	praefluēbat	praefluēbāmus	praefluēbātis	praefluēbant	praefluam	praefluēs	praefluet	praefluēmus	praefluētis	praefluent	praeflue	praefluite	praefluere
praefodiō	-	praefodis	-	praefodimus	praefoditis	-	-	-	-	-	-	-	-	-	-	-	-	-	praefode	praefodite	praefodere
praefor	-	praefāre	-	-	-	-	-	praefābāre	-	-	-	-	-	praefābere	-	-	-	-	-	-	-
praefugiō	-	praefugis	-	praefugimus	praefugitis	-	-	-	-	-	-	-	-	-	-	-	-	-	praefuge	praefugite	praefugere
praefundō	-	praefundis	praefundit	praefundimus	praefunditis	praefundunt	praefundēbam	praefundēbās	praefundēbat	praefundēbāmus	praefundēbātis	praefundēbant	praefundam	praefundēs	praefundet	praefundēmus	praefundētis	praefundent	praefunde	praefundite	praefundere
praefīgō	-	praefīgis	praefīgit	praefīgimus	praefīgitis	praefīgunt	praefīgēbam	praefīgēbās	praefīgēbat	praefīgēbāmus	praefīgēbātis	praefīgēbant	praefīgam	praefīgēs	praefīget	praefīgēmus	praefīgētis	praefīgent	praefīge	praefīgite	praefīgere
praegerō	-	praegeris	praegerit	praegerimus	praegeritis	praegerunt	praegerēbam	praegerēbās	praegerēbat	praegerēbāmus	praegerēbātis	praegerēbant	praegeram	praegerēs	praegeret	praegerēmus	praegerētis	praegerent	praegere	praegerite	praegerere
praegredior	-	praegredere	praegreditur	praegredimur	praegrediminī	-	-	praegrediēbāre	-	-	-	-	-	praegrediēre	-	-	-	-	praegredere	praegrediminī	praegredī
praeiaciō	-	praeiacis	-	praeiacimus	praeiacitis	-	-	-	-	-	-	-	-	-	-	-	-	-	praeiace	praeiacite	praeiacere
praeiciō	-	praeicis	-	praeicimus	praeicitis	-	-	-	-	-	-	-	-	-	-	-	-	-	praeice	praeicite	praeicere
praeintelligō	-	praeintelligis	praeintelligit	praeintelligimus	praeintelligitis	praeintelligunt	praeintelligēbam	praeintelligēbās	praeintelligēbat	praeintelligēbāmus	praeintelligēbātis	praeintelligēbant	praeintelligam	praeintelligēs	praeintelliget	praeintelligēmus	praeintelligētis	praeintelligent	praeintellige	praeintelligite	praeintelligere
praejaciō	-	praejacis	-	praejacimus	praejacitis	-	-	-	-	-	-	-	-	-	-	-	-	-	praejace	praejacite	praejacere
praejiciō	-	praejicis	-	praejicimus	praejicitis	-	-	-	-	-	-	-	-	-	-	-	-	-	praejice	praejicite	praejicere
praelambō	-	praelambis	praelambit	praelambimus	praelambitis	praelambunt	praelambēbam	praelambēbās	praelambēbat	praelambēbāmus	praelambēbātis	praelambēbant	praelambam	praelambēs	praelambet	praelambēmus	praelambētis	praelambent	praelambe	praelambite	praelambere
praelegō	-	praelegis	praelegit	praelegimus	praelegitis	praelegunt	praelegēbam	praelegēbās	praelegēbat	praelegēbāmus	praelegēbātis	praelegēbant	praelegam	praelegēs	praeleget	praelegēmus	praelegētis	praelegent	praelege	praelegite	praelegere
praelior	-	praeliāre	praeliātur	praeliāmur	praeliāminī	praeliantur	praeliābar	praeliābāre	praeliābātur	praeliābāmur	praeliābāminī	praeliābantur	praeliābor	praeliābere	praeliābitur	praeliābimur	praeliābiminī	praeliābuntur	praeliāre	praeliāminī	praeliārī
praeloquor	-	praeloquere	praeloquitur	praeloquimur	praeloquiminī	praeloquuntur	praeloquēbar	praeloquēbāre	praeloquēbātur	praeloquēbāmur	praeloquēbāminī	praeloquēbantur	praeloquar	praeloquēre	praeloquētur	praeloquēmur	praeloquēminī	praeloquentur	praeloquere	praeloquiminī	praeloquī
praelūdō	-	praelūdis	praelūdit	praelūdimus	praelūditis	praelūdunt	praelūdēbam	praelūdēbās	praelūdēbat	praelūdēbāmus	praelūdēbātis	praelūdēbant	praelūdam	praelūdēs	praelūdet	praelūdēmus	praelūdētis	praelūdent	praelūde	praelūdite	praelūdere
praemandō	-	praemandis	-	praemandimus	praemanditis	-	-	-	-	-	-	-	praemandam	-	praemandet	-	-	praemandent	praemande	praemandite	praemandere
praemeditor	-	praemeditāre	-	-	-	-	-	praemeditābāre	-	-	-	-	-	praemeditābere	-	-	-	-	-	-	-
praemittō	-	praemittis	praemittit	praemittimus	praemittitis	praemittunt	praemittēbam	praemittēbās	praemittēbat	praemittēbāmus	praemittēbātis	praemittēbant	praemittam	praemittēs	praemittet	praemittēmus	praemittētis	praemittent	praemitte	praemittite	praemittere
praemorior	-	praemorere	praemoritur	praemorimur	praemoriminī	-	-	praemoriēbāre	-	-	-	-	-	praemoriēre	-	-	-	-	praemorere	praemoriminī	praemorī
praemōlior	-	praemōlīre	-	-	-	-	-	praemōliēbāre	-	-	-	-	-	praemōliēre	-	-	-	-	-	-	-
praenūntiō	-	praenūntiās	praenūntiat	praenūntiāmus	praenūntiātis	praenūntiant	praenūntiābam	praenūntiābās	praenūntiābat	praenūntiābāmus	praenūntiābātis	praenūntiābant	praenūntiābō	praenūntiābis	praenūntiābit	praenūntiābimus	praenūntiābitis	praenūntiābunt	praenūntiā	praenūntiāte	praenūntiāre
praepōnō	-	praepōnis	praepōnit	praepōnimus	praepōnitis	praepōnunt	praepōnēbam	praepōnēbās	praepōnēbat	praepōnēbāmus	praepōnēbātis	praepōnēbant	praepōnam	praepōnēs	praepōnet	praepōnēmus	praepōnētis	praepōnent	praepōne	praepōnite	praepōnere
praeripiō	-	praeripis	-	praeripimus	praeripitis	-	-	-	-	-	-	-	-	-	-	-	-	-	praeripe	praeripite	praeripere
praerumpō	-	praerumpis	praerumpit	praerumpimus	praerumpitis	praerumpunt	praerumpēbam	praerumpēbās	praerumpēbat	praerumpēbāmus	praerumpēbātis	praerumpēbant	praerumpam	praerumpēs	praerumpet	praerumpēmus	praerumpētis	praerumpent	praerumpe	praerumpite	praerumpere
praescindō	-	praescindis	praescindit	praescindimus	praescinditis	praescindunt	praescindēbam	praescindēbās	praescindēbat	praescindēbāmus	praescindēbātis	praescindēbant	praescindam	praescindēs	praescindet	praescindēmus	praescindētis	praescindent	praescinde	praescindite	praescindere
praescrībō	-	praescrībis	praescrībit	praescrībimus	praescrībitis	praescrībunt	praescrībēbam	praescrībēbās	praescrībēbat	praescrībēbāmus	praescrībēbātis	praescrībēbant	praescrībam	praescrībēs	praescrībet	praescrībēmus	praescrībētis	praescrībent	praescrībe	praescrībite	praescrībere
praesipiō	-	praesipis	-	praesipimus	praesipitis	-	-	-	-	-	-	-	-	-	-	-	-	-	praesipe	praesipite	praesipere
praespiciō	-	praespicis	-	praespicimus	praespicitis	-	-	-	-	-	-	-	-	-	-	-	-	-	praespice	praespicite	praespicere
praestituō	-	praestituis	praestituit	praestituimus	praestituitis	praestituunt	praestituēbam	praestituēbās	praestituēbat	praestituēbāmus	praestituēbātis	praestituēbant	praestituam	praestituēs	praestituet	praestituēmus	praestituētis	praestituent	praestitue	praestituite	praestituere
praestringō	-	praestringis	praestringit	praestringimus	praestringitis	praestringunt	praestringēbam	praestringēbās	praestringēbat	praestringēbāmus	praestringēbātis	praestringēbant	praestringam	praestringēs	praestringet	praestringēmus	praestringētis	praestringent	praestringe	praestringite	praestringere
praestruō	-	praestruis	praestruit	praestruimus	praestruitis	praestruunt	praestruēbam	praestruēbās	praestruēbat	praestruēbāmus	praestruēbātis	praestruēbant	praestruam	praestruēs	praestruet	praestruēmus	praestruētis	praestruent	praestrue	praestruite	praestruere
praestōlor	-	praestōlāre	-	-	-	-	-	praestōlābāre	-	-	-	-	-	praestōlābere	-	-	-	-	-	-	praestōlārier
praesum	praesum	praees	praeest	praesumus	praeestis	praesunt	praeeram	praeerās	praeerat	praeerāmus	praeerātis	praeerant	praeerō	praeere	praeerit	praeerimus	praeeritis	praeerunt	praees	praeeste	praeesse
praesuppōnō	-	praesuppōnis	praesuppōnit	praesuppōnimus	praesuppōnitis	praesuppōnunt	praesuppōnēbam	praesuppōnēbās	praesuppōnēbat	praesuppōnēbāmus	praesuppōnēbātis	praesuppōnēbant	praesuppōnam	praesuppōnēs	praesuppōnet	praesuppōnēmus	praesuppōnētis	praesuppōnent	praesuppōne	praesuppōnite	praesuppōnere
praesūmō	-	praesūmis	praesūmit	praesūmimus	praesūmitis	praesūmunt	praesūmēbam	praesūmēbās	praesūmēbat	praesūmēbāmus	praesūmēbātis	praesūmēbant	praesūmam	praesūmēs	praesūmet	praesūmēmus	praesūmētis	praesūment	praesūme	praesūmite	praesūmere
praetegō	-	praetegis	praetegit	praetegimus	praetegitis	praetegunt	praetegēbam	praetegēbās	praetegēbat	praetegēbāmus	praetegēbātis	praetegēbant	praetegam	praetegēs	praeteget	praetegēmus	praetegētis	praetegent	praetege	praetegite	praetegere
praetendō	-	praetendis	praetendit	praetendimus	praetenditis	praetendunt	praetendēbam	praetendēbās	praetendēbat	praetendēbāmus	praetendēbātis	praetendēbant	praetendam	praetendēs	praetendet	praetendēmus	praetendētis	praetendent	praetende	praetendite	praetendere
praeterdūcō	-	praeterdūcis	praeterdūcit	praeterdūcimus	praeterdūcitis	praeterdūcunt	praeterdūcēbam	praeterdūcēbās	praeterdūcēbat	praeterdūcēbāmus	praeterdūcēbātis	praeterdūcēbant	praeterdūcam	praeterdūcēs	praeterdūcet	praeterdūcēmus	praeterdūcētis	praeterdūcent	praeterdūc	praeterdūcite	praeterdūcere
praetereō	-	praeterīs	praeterit	praeterīmus	praeterītis	praetereunt	praeterībam	praeterībās	praeterībat	praeterībāmus	praeterībātis	praeterībant	praeterībō	praeterībis	praeterībit	praeterībimus	praeterībitis	praeterībunt	praeterī	praeterīte	praeterīre
praeterferor	-	praeterferre	praeterfertur	praeterferimur	praeterferiminī	praeterferuntur	praeterferēbar	praeterferēbāre	praeterferēbātur	praeterferēbāmur	praeterferēbāminī	praeterferēbantur	praeterferar	praeterferēre	praeterferētur	praeterferēmur	praeterferēminī	praeterferentur	praeterferre	praeterferiminī	praeterferrī
praeterfluō	-	praeterfluis	praeterfluit	praeterfluimus	praeterfluitis	praeterfluunt	praeterfluēbam	praeterfluēbās	praeterfluēbat	praeterfluēbāmus	praeterfluēbātis	praeterfluēbant	praeterfluam	praeterfluēs	praeterfluet	praeterfluēmus	praeterfluētis	praeterfluent	praeterflue	praeterfluite	praeterfluere
praeterfugiō	-	praeterfugis	-	praeterfugimus	praeterfugitis	-	-	-	-	-	-	-	-	-	-	-	-	-	praeterfuge	praeterfugite	praeterfugere
praetergredior	-	praetergredere	praetergreditur	praetergredimur	praetergrediminī	-	-	praetergrediēbāre	-	-	-	-	-	praetergrediēre	-	-	-	-	praetergredere	praetergrediminī	praetergredī
praeterlambō	-	praeterlambis	praeterlambit	praeterlambimus	praeterlambitis	praeterlambunt	praeterlambēbam	praeterlambēbās	praeterlambēbat	praeterlambēbāmus	praeterlambēbātis	praeterlambēbant	praeterlambam	praeterlambēs	praeterlambet	praeterlambēmus	praeterlambētis	praeterlambent	praeterlambe	praeterlambite	praeterlambere
praeterlābor	-	praeterlābere	praeterlābitur	praeterlābimur	praeterlābiminī	praeterlābuntur	praeterlābēbar	praeterlābēbāre	praeterlābēbātur	praeterlābēbāmur	praeterlābēbāminī	praeterlābēbantur	praeterlābar	praeterlābēre	praeterlābētur	praeterlābēmur	praeterlābēminī	praeterlābentur	praeterlābere	praeterlābiminī	praeterlābī
praetermittō	-	praetermittis	praetermittit	praetermittimus	praetermittitis	praetermittunt	praetermittēbam	praetermittēbās	praetermittēbat	praetermittēbāmus	praetermittēbātis	praetermittēbant	praetermittam	praetermittēs	praetermittet	praetermittēmus	praetermittētis	praetermittent	praetermitte	praetermittite	praetermittere
praetervehor	-	praetervehere	praetervehitur	praetervehimur	praetervehiminī	praetervehuntur	praetervehēbar	praetervehēbāre	praetervehēbātur	praetervehēbāmur	praetervehēbāminī	praetervehēbantur	praetervehar	praetervehēre	praetervehētur	praetervehēmur	praetervehēminī	praetervehentur	praetervehere	praetervehiminī	praetervehī
praetervertō	-	praetervertis	praetervertit	praetervertimus	praetervertitis	praetervertunt	praetervertēbam	praetervertēbās	praetervertēbat	praetervertēbāmus	praetervertēbātis	praetervertēbant	praetervertam	praetervertēs	praetervertet	praetervertēmus	praetervertētis	praetervertent	praeterverte	praetervertite	praetervertere
praetexō	-	praetexis	praetexit	praeteximus	praetexitis	praetexunt	praetexēbam	praetexēbās	praetexēbat	praetexēbāmus	praetexēbātis	praetexēbant	praetexam	praetexēs	praetexet	praetexēmus	praetexētis	praetexent	praetexe	praetexite	praetexere
praevehor	-	praevehere	praevehitur	praevehimur	praevehiminī	praevehuntur	praevehēbar	praevehēbāre	praevehēbātur	praevehēbāmur	praevehēbāminī	praevehēbantur	praevehar	praevehēre	praevehētur	praevehēmur	praevehēminī	praevehentur	praevehere	praevehiminī	praevehī
praeverrō	-	praeverris	praeverrit	praeverrimus	praeverritis	praeverrunt	praeverrēbam	praeverrēbās	praeverrēbat	praeverrēbāmus	praeverrēbātis	praeverrēbant	praeverram	praeverrēs	praeverret	praeverrēmus	praeverrētis	praeverrent	praeverre	praeverrite	praeverrere
praevertō	-	praevertis	praevertit	praevertimus	praevertitis	praevertunt	praevertēbam	praevertēbās	praevertēbat	praevertēbāmus	praevertēbātis	praevertēbant	praevertam	praevertēs	praevertet	praevertēmus	praevertētis	praevertent	praeverte	praevertite	praevertere
praevāricor	-	praevāricāre	-	-	-	-	-	praevāricābāre	-	-	-	-	-	praevāricābere	-	-	-	-	-	-	-
praeūrō	-	praeūris	praeūrit	praeūrimus	praeūritis	praeūrunt	praeūrēbam	praeūrēbās	praeūrēbat	praeūrēbāmus	praeūrēbātis	praeūrēbant	praeūram	praeūrēs	praeūret	praeūrēmus	praeūrētis	praeūrent	praeūre	praeūrite	praeūrere
precor	-	precāre	-	-	-	-	-	precābāre	-	-	-	-	-	precābere	-	-	-	-	-	-	-
prehendō	-	prehendis	prehendit	prehendimus	prehenditis	prehendunt	prehendēbam	prehendēbās	prehendēbat	prehendēbāmus	prehendēbātis	prehendēbant	prehendam	prehendēs	prehendet	prehendēmus	prehendētis	prehendent	prehende	prehendite	prehendere
premō	-	premis	premit	premimus	premitis	premunt	premēbam	premēbās	premēbat	premēbāmus	premēbātis	premēbant	premam	premēs	premet	premēmus	premētis	prement	preme	premite	premere
pretiō	-	pretiās	pretiat	pretiāmus	pretiātis	pretiant	pretiābam	pretiābās	pretiābat	pretiābāmus	pretiābātis	pretiābant	pretiābō	pretiābis	pretiābit	pretiābimus	pretiābitis	pretiābunt	pretiā	pretiāte	pretiāre
procor	-	procāre	-	-	-	-	-	procābāre	-	-	-	-	-	procābere	-	-	-	-	-	-	-
prodeicō	-	prodeicis	prodeicit	prodeicimus	prodeicitis	prodeicunt	prodeicēbam	prodeicēbās	prodeicēbat	prodeicēbāmus	prodeicēbātis	prodeicēbant	prodeicam	prodeicēs	prodeicet	prodeicēmus	prodeicētis	prodeicent	prodeice	prodeicite	prodeicere
proelior	-	proeliāre	proeliātur	proeliāmur	proeliāminī	proeliantur	proeliābar	proeliābāre	proeliābātur	proeliābāmur	proeliābāminī	proeliābantur	proeliābor	proeliābere	proeliābitur	proeliābimur	proeliābiminī	proeliābuntur	proeliāre	proeliāminī	proeliārī
proeliō	-	proeliās	proeliat	proeliāmus	proeliātis	proeliant	proeliābam	proeliābās	proeliābat	proeliābāmus	proeliābātis	proeliābant	proeliābō	proeliābis	proeliābit	proeliābimus	proeliābitis	proeliābunt	proeliā	proeliāte	proeliāre
proficīscor	-	proficīscere	proficīscitur	proficīscimur	proficīsciminī	proficīscuntur	proficīscēbar	proficīscēbāre	proficīscēbātur	proficīscēbāmur	proficīscēbāminī	proficīscēbantur	proficīscar	proficīscēre	proficīscētur	proficīscēmur	proficīscēminī	proficīscentur	proficīscere	proficīsciminī	proficīscī
profiteor	-	profitēre	-	-	-	-	-	profitēbāre	-	-	-	-	-	profitēbere	-	-	-	-	-	-	-
profor	-	profāre	-	-	-	-	-	profābāre	-	-	-	-	-	profābere	-	-	-	-	-	-	profārier
profugiō	-	profugis	-	profugimus	profugitis	-	-	-	-	-	-	-	-	-	-	-	-	-	profuge	profugite	profugere
profundō	-	profundis	profundit	profundimus	profunditis	profundunt	profundēbam	profundēbās	profundēbat	profundēbāmus	profundēbātis	profundēbant	profundam	profundēs	profundet	profundēmus	profundētis	profundent	profunde	profundite	profundere
progrediō	-	progredis	-	progredimus	progreditis	-	-	-	-	-	-	-	-	-	-	-	-	-	progrede	progredite	progredere
propitiō	-	propitiās	propitiat	propitiāmus	propitiātis	propitiant	propitiābam	propitiābās	propitiābat	propitiābāmus	propitiābātis	propitiābant	propitiābō	propitiābis	propitiābit	propitiābimus	propitiābitis	propitiābunt	propitiā	propitiāte	propitiāre
propriō	-	propriās	propriat	propriāmus	propriātis	propriant	propriābam	propriābās	propriābat	propriābāmus	propriābātis	propriābant	propriābō	propriābis	propriābit	propriābimus	propriābitis	propriābunt	propriā	propriāte	propriāre
protollō	-	protollis	protollit	protollimus	protollitis	protollunt	protollēbam	protollēbās	protollēbat	protollēbāmus	protollēbātis	protollēbant	protollam	protollēs	protollet	protollēmus	protollētis	protollent	protolle	protollite	protollere
prēndō	-	prēndis	prēndit	prēndimus	prēnditis	prēndunt	prēndēbam	prēndēbās	prēndēbat	prēndēbāmus	prēndēbātis	prēndēbant	prēndam	prēndēs	prēndet	prēndēmus	prēndētis	prēndent	prēnde	prēndite	prēndere
prīncipor	-	prīncipāre	-	-	-	-	-	prīncipābāre	-	-	-	-	-	prīncipābere	-	-	-	-	-	-	-
prōcellō	-	prōcellis	prōcellit	prōcellimus	prōcellitis	prōcellunt	prōcellēbam	prōcellēbās	prōcellēbat	prōcellēbāmus	prōcellēbātis	prōcellēbant	prōcellam	prōcellēs	prōcellet	prōcellēmus	prōcellētis	prōcellent	prōcelle	prōcellite	prōcellere
prōcidō	-	prōcidis	prōcidit	prōcidimus	prōciditis	prōcidunt	prōcidēbam	prōcidēbās	prōcidēbat	prōcidēbāmus	prōcidēbātis	prōcidēbant	prōcidam	prōcidēs	prōcidet	prōcidēmus	prōcidētis	prōcident	prōcide	prōcidite	prōcidere
prōcreō	-	prōcreās	prōcreat	prōcreāmus	prōcreātis	prōcreant	prōcreābam	prōcreābās	prōcreābat	prōcreābāmus	prōcreābātis	prōcreābant	prōcreābō	prōcreābis	prōcreābit	prōcreābimus	prōcreābitis	prōcreābunt	prōcreā	prōcreāte	prōcreāre
prōcumbō	-	prōcumbis	prōcumbit	prōcumbimus	prōcumbitis	prōcumbunt	prōcumbēbam	prōcumbēbās	prōcumbēbat	prōcumbēbāmus	prōcumbēbātis	prōcumbēbant	prōcumbam	prōcumbēs	prōcumbet	prōcumbēmus	prōcumbētis	prōcumbent	prōcumbe	prōcumbite	prōcumbere
prōcurrō	-	prōcurris	prōcurrit	prōcurrimus	prōcurritis	prōcurrunt	prōcurrēbam	prōcurrēbās	prōcurrēbat	prōcurrēbāmus	prōcurrēbātis	prōcurrēbant	prōcurram	prōcurrēs	prōcurret	prōcurrēmus	prōcurrētis	prōcurrent	prōcurre	prōcurrite	prōcurrere
prōcēdō	-	prōcēdis	prōcēdit	prōcēdimus	prōcēditis	prōcēdunt	prōcēdēbam	prōcēdēbās	prōcēdēbat	prōcēdēbāmus	prōcēdēbātis	prōcēdēbant	prōcēdam	prōcēdēs	prōcēdet	prōcēdēmus	prōcēdētis	prōcēdent	prōcēde	prōcēdite	prōcēdere
prōcīdō	-	prōcīdis	prōcīdit	prōcīdimus	prōcīditis	prōcīdunt	prōcīdēbam	prōcīdēbās	prōcīdēbat	prōcīdēbāmus	prōcīdēbātis	prōcīdēbant	prōcīdam	prōcīdēs	prōcīdet	prōcīdēmus	prōcīdētis	prōcīdent	prōcīde	prōcīdite	prōcīdere
prōcūdō	-	prōcūdis	prōcūdit	prōcūdimus	prōcūditis	prōcūdunt	prōcūdēbam	prōcūdēbās	prōcūdēbat	prōcūdēbāmus	prōcūdēbātis	prōcūdēbant	prōcūdam	prōcūdēs	prōcūdet	prōcūdēmus	prōcūdētis	prōcūdent	prōcūde	prōcūdite	prōcūdere
prōdeō	-	prōdīs	prōdit	prōdīmus	prōdītis	prōdeunt	prōdībam	prōdībās	prōdībat	prōdībāmus	prōdībātis	prōdībant	prōdībō	prōdībis	prōdībit	prōdībimus	prōdībitis	prōdībunt	prōdī	prōdīte	prōdīre
prōdigō	-	prōdigis	prōdigit	prōdigimus	prōdigitis	prōdigunt	prōdigēbam	prōdigēbās	prōdigēbat	prōdigēbāmus	prōdigēbātis	prōdigēbant	prōdigam	prōdigēs	prōdiget	prōdigēmus	prōdigētis	prōdigent	prōdige	prōdigite	prōdigere
prōdīcō	-	prōdīcis	prōdīcit	prōdīcimus	prōdīcitis	prōdīcunt	prōdīcēbam	prōdīcēbās	prōdīcēbat	prōdīcēbāmus	prōdīcēbātis	prōdīcēbant	prōdīcam	prōdīcēs	prōdīcet	prōdīcēmus	prōdīcētis	prōdīcent	prōdīc	prōdīcite	prōdīcere
prōdō	-	prōdis	prōdit	prōdimus	prōditis	prōdunt	prōdēbam	prōdēbās	prōdēbat	prōdēbāmus	prōdēbātis	prōdēbant	prōdam	prōdēs	prōdet	prōdēmus	prōdētis	prōdent	prōde	prōdite	prōdere
prōdūcō	-	prōdūcis	prōdūcit	prōdūcimus	prōdūcitis	prōdūcunt	prōdūcēbam	prōdūcēbās	prōdūcēbat	prōdūcēbāmus	prōdūcēbātis	prōdūcēbant	prōdūcam	prōdūcēs	prōdūcet	prōdūcēmus	prōdūcētis	prōdūcent	prōdūc	prōdūcite	prōdūcere
prōferō	-	prōfers	prōfert	prōferimus	prōfertis	prōferunt	prōferēbam	prōferēbās	prōferēbat	prōferēbāmus	prōferēbātis	prōferēbant	prōferam	prōferēs	prōferet	prōferēmus	prōferētis	prōferent	prōfer	prōferte	prōferre
prōficiō	-	prōficis	-	prōficimus	prōficitis	-	-	-	-	-	-	-	-	-	-	-	-	-	prōfice	prōficite	prōficere
prōfluō	-	prōfluis	prōfluit	prōfluimus	prōfluitis	prōfluunt	prōfluēbam	prōfluēbās	prōfluēbat	prōfluēbāmus	prōfluēbātis	prōfluēbant	prōfluam	prōfluēs	prōfluet	prōfluēmus	prōfluētis	prōfluent	prōflue	prōfluite	prōfluere
prōgerō	-	prōgeris	prōgerit	prōgerimus	prōgeritis	prōgerunt	prōgerēbam	prōgerēbās	prōgerēbat	prōgerēbāmus	prōgerēbātis	prōgerēbant	prōgeram	prōgerēs	prōgeret	prōgerēmus	prōgerētis	prōgerent	prōgere	prōgerite	prōgerere
prōgignō	-	prōgignis	prōgignit	prōgignimus	prōgignitis	prōgignunt	prōgignēbam	prōgignēbās	prōgignēbat	prōgignēbāmus	prōgignēbātis	prōgignēbant	prōgignam	prōgignēs	prōgignet	prōgignēmus	prōgignētis	prōgignent	prōgigne	prōgignite	prōgignere
prōgredior	-	prōgredere	prōgreditur	prōgredimur	prōgrediminī	-	-	prōgrediēbāre	-	-	-	-	-	prōgrediēre	-	-	-	-	prōgredere	prōgrediminī	prōgredī
prōiciō	-	prōicis	-	prōicimus	prōicitis	-	-	-	-	-	-	-	-	-	-	-	-	-	prōice	prōicite	prōicere
prōjiciō	-	prōjicis	-	prōjicimus	prōjicitis	-	-	-	-	-	-	-	-	-	-	-	-	-	prōjice	prōjicite	prōjicere
prōloquor	-	prōloquere	prōloquitur	prōloquimur	prōloquiminī	prōloquuntur	prōloquēbar	prōloquēbāre	prōloquēbātur	prōloquēbāmur	prōloquēbāminī	prōloquēbantur	prōloquar	prōloquēre	prōloquētur	prōloquēmur	prōloquēminī	prōloquentur	prōloquere	prōloquiminī	prōloquī
prōlābor	-	prōlābere	prōlābitur	prōlābimur	prōlābiminī	prōlābuntur	prōlābēbar	prōlābēbāre	prōlābēbātur	prōlābēbāmur	prōlābēbāminī	prōlābēbantur	prōlābar	prōlābēre	prōlābētur	prōlābēmur	prōlābēminī	prōlābentur	prōlābere	prōlābiminī	prōlābī
prōmellō	-	prōmellis	prōmellit	prōmellimus	prōmellitis	prōmellunt	prōmellēbam	prōmellēbās	prōmellēbat	prōmellēbāmus	prōmellēbātis	prōmellēbant	prōmellam	prōmellēs	prōmellet	prōmellēmus	prōmellētis	prōmellent	prōmelle	prōmellite	prōmellere
prōmereor	-	prōmerēre	-	-	-	-	-	prōmerēbāre	-	-	-	-	-	prōmerēbere	-	-	-	-	-	-	-
prōmittō	-	prōmittis	prōmittit	prōmittimus	prōmittitis	prōmittunt	prōmittēbam	prōmittēbās	prōmittēbat	prōmittēbāmus	prōmittēbātis	prōmittēbant	prōmittam	prōmittēs	prōmittet	prōmittēmus	prōmittētis	prōmittent	prōmitte	prōmittite	prōmittere
prōmō	-	prōmis	prōmit	prōmimus	prōmitis	prōmunt	prōmēbam	prōmēbās	prōmēbat	prōmēbāmus	prōmēbātis	prōmēbant	prōmam	prōmēs	prōmet	prōmēmus	prōmētis	prōment	prōme	prōmite	prōmere
prōmūtuor	-	prōmūtuāre	-	-	-	-	-	prōmūtuābāre	-	-	-	-	-	prōmūtuābere	-	-	-	-	-	-	-
prōnūbō	-	prōnūbis	-	prōnūbimus	prōnūbitis	-	-	-	-	-	-	-	prōnūbam	-	prōnūbet	-	-	prōnūbent	prōnūbe	prōnūbite	prōnūbere
prōnūnciō	-	prōnūnciās	prōnūnciat	prōnūnciāmus	prōnūnciātis	prōnūnciant	prōnūnciābam	prōnūnciābās	prōnūnciābat	prōnūnciābāmus	prōnūnciābātis	prōnūnciābant	prōnūnciābō	prōnūnciābis	prōnūnciābit	prōnūnciābimus	prōnūnciābitis	prōnūnciābunt	prōnūnciā	prōnūnciāte	prōnūnciāre
prōnūntiō	-	prōnūntiās	prōnūntiat	prōnūntiāmus	prōnūntiātis	prōnūntiant	prōnūntiābam	prōnūntiābās	prōnūntiābat	prōnūntiābāmus	prōnūntiābātis	prōnūntiābant	prōnūntiābō	prōnūntiābis	prōnūntiābit	prōnūntiābimus	prōnūntiābitis	prōnūntiābunt	prōnūntiā	prōnūntiāte	prōnūntiāre
prōpellō	-	prōpellis	prōpellit	prōpellimus	prōpellitis	prōpellunt	prōpellēbam	prōpellēbās	prōpellēbat	prōpellēbāmus	prōpellēbātis	prōpellēbant	prōpellam	prōpellēs	prōpellet	prōpellēmus	prōpellētis	prōpellent	prōpelle	prōpellite	prōpellere
prōpungō	-	prōpungis	prōpungit	prōpungimus	prōpungitis	prōpungunt	prōpungēbam	prōpungēbās	prōpungēbat	prōpungēbāmus	prōpungēbātis	prōpungēbant	prōpungam	prōpungēs	prōpunget	prōpungēmus	prōpungētis	prōpungent	prōpunge	prōpungite	prōpungere
prōpōnō	-	prōpōnis	prōpōnit	prōpōnimus	prōpōnitis	prōpōnunt	prōpōnēbam	prōpōnēbās	prōpōnēbat	prōpōnēbāmus	prōpōnēbātis	prōpōnēbant	prōpōnam	prōpōnēs	prōpōnet	prōpōnēmus	prōpōnētis	prōpōnent	prōpōne	prōpōnite	prōpōnere
prōripiō	-	prōripis	-	prōripimus	prōripitis	-	-	-	-	-	-	-	-	-	-	-	-	-	prōripe	prōripite	prōripere
prōrumpō	-	prōrumpis	prōrumpit	prōrumpimus	prōrumpitis	prōrumpunt	prōrumpēbam	prōrumpēbās	prōrumpēbat	prōrumpēbāmus	prōrumpēbātis	prōrumpēbant	prōrumpam	prōrumpēs	prōrumpet	prōrumpēmus	prōrumpētis	prōrumpent	prōrumpe	prōrumpite	prōrumpere
prōruō	-	prōruis	prōruit	prōruimus	prōruitis	prōruunt	prōruēbam	prōruēbās	prōruēbat	prōruēbāmus	prōruēbātis	prōruēbant	prōruam	prōruēs	prōruet	prōruēmus	prōruētis	prōruent	prōrue	prōruite	prōruere
prōrēpō	-	prōrēpis	prōrēpit	prōrēpimus	prōrēpitis	prōrēpunt	prōrēpēbam	prōrēpēbās	prōrēpēbat	prōrēpēbāmus	prōrēpēbātis	prōrēpēbant	prōrēpam	prōrēpēs	prōrēpet	prōrēpēmus	prōrēpētis	prōrēpent	prōrēpe	prōrēpite	prōrēpere
prōscindō	-	prōscindis	prōscindit	prōscindimus	prōscinditis	prōscindunt	prōscindēbam	prōscindēbās	prōscindēbat	prōscindēbāmus	prōscindēbātis	prōscindēbant	prōscindam	prōscindēs	prōscindet	prōscindēmus	prōscindētis	prōscindent	prōscinde	prōscindite	prōscindere
prōscrībō	-	prōscrībis	prōscrībit	prōscrībimus	prōscrībitis	prōscrībunt	prōscrībēbam	prōscrībēbās	prōscrībēbat	prōscrībēbāmus	prōscrībēbātis	prōscrībēbant	prōscrībam	prōscrībēs	prōscrībet	prōscrībēmus	prōscrībētis	prōscrībent	prōscrībe	prōscrībite	prōscrībere
prōsequor	-	prōsequere	prōsequitur	prōsequimur	prōsequiminī	prōsequuntur	prōsequēbar	prōsequēbāre	prōsequēbātur	prōsequēbāmur	prōsequēbāminī	prōsequēbantur	prōsequar	prōsequēre	prōsequētur	prōsequēmur	prōsequēminī	prōsequentur	prōsequere	prōsequiminī	prōsequī
prōserpō	-	prōserpis	prōserpit	prōserpimus	prōserpitis	prōserpunt	prōserpēbam	prōserpēbās	prōserpēbat	prōserpēbāmus	prōserpēbātis	prōserpēbant	prōserpam	prōserpēs	prōserpet	prōserpēmus	prōserpētis	prōserpent	prōserpe	prōserpite	prōserpere
prōspiciō	-	prōspicis	-	prōspicimus	prōspicitis	-	-	-	-	-	-	-	-	-	-	-	-	-	prōspice	prōspicite	prōspicere
prōsternō	-	prōsternis	prōsternit	prōsternimus	prōsternitis	prōsternunt	prōsternēbam	prōsternēbās	prōsternēbat	prōsternēbāmus	prōsternēbātis	prōsternēbant	prōsternam	prōsternēs	prōsternet	prōsternēmus	prōsternētis	prōsternent	prōsterne	prōsternite	prōsternere
prōstituō	-	prōstituis	prōstituit	prōstituimus	prōstituitis	prōstituunt	prōstituēbam	prōstituēbās	prōstituēbat	prōstituēbāmus	prōstituēbātis	prōstituēbant	prōstituam	prōstituēs	prōstituet	prōstituēmus	prōstituētis	prōstituent	prōstitue	prōstituite	prōstituere
prōsum	prōsum	prōdes	prōdest	prōsumus	prōdestis	prōsunt	prōderam	prōderās	prōderat	prōderāmus	prōderātis	prōderant	prōderō	prōdere	prōderit	prōderimus	prōderitis	prōderunt	prōdes	prōdeste	prōdesse
prōtegō	-	prōtegis	prōtegit	prōtegimus	prōtegitis	prōtegunt	prōtegēbam	prōtegēbās	prōtegēbat	prōtegēbāmus	prōtegēbātis	prōtegēbant	prōtegam	prōtegēs	prōteget	prōtegēmus	prōtegētis	prōtegent	prōtege	prōtegite	prōtegere
prōtendō	-	prōtendis	prōtendit	prōtendimus	prōtenditis	prōtendunt	prōtendēbam	prōtendēbās	prōtendēbat	prōtendēbāmus	prōtendēbātis	prōtendēbant	prōtendam	prōtendēs	prōtendet	prōtendēmus	prōtendētis	prōtendent	prōtende	prōtendite	prōtendere
prōterō	-	prōteris	prōterit	prōterimus	prōteritis	prōterunt	prōterēbam	prōterēbās	prōterēbat	prōterēbāmus	prōterēbātis	prōterēbant	prōteram	prōterēs	prōteret	prōterēmus	prōterētis	prōterent	prōtere	prōterite	prōterere
prōtestor	-	prōtestāre	-	-	-	-	-	prōtestābāre	-	-	-	-	-	prōtestābere	-	-	-	-	-	-	-
prōtrahō	-	prōtrahis	prōtrahit	prōtrahimus	prōtrahitis	prōtrahunt	prōtrahēbam	prōtrahēbās	prōtrahēbat	prōtrahēbāmus	prōtrahēbātis	prōtrahēbant	prōtraham	prōtrahēs	prōtrahet	prōtrahēmus	prōtrahētis	prōtrahent	prōtrahe	prōtrahite	prōtrahere
prōtrūdō	-	prōtrūdis	prōtrūdit	prōtrūdimus	prōtrūditis	prōtrūdunt	prōtrūdēbam	prōtrūdēbās	prōtrūdēbat	prōtrūdēbāmus	prōtrūdēbātis	prōtrūdēbant	prōtrūdam	prōtrūdēs	prōtrūdet	prōtrūdēmus	prōtrūdētis	prōtrūdent	prōtrūde	prōtrūdite	prōtrūdere
prōvehō	-	prōvehis	prōvehit	prōvehimus	prōvehitis	prōvehunt	prōvehēbam	prōvehēbās	prōvehēbat	prōvehēbāmus	prōvehēbātis	prōvehēbant	prōveham	prōvehēs	prōvehet	prōvehēmus	prōvehētis	prōvehent	prōvehe	prōvehite	prōvehere
prōvincō	-	prōvincis	prōvincit	prōvincimus	prōvincitis	prōvincunt	prōvincēbam	prōvincēbās	prōvincēbat	prōvincēbāmus	prōvincēbātis	prōvincēbant	prōvincam	prōvincēs	prōvincet	prōvincēmus	prōvincētis	prōvincent	prōvince	prōvincite	prōvincere
prōvolvō	-	prōvolvis	prōvolvit	prōvolvimus	prōvolvitis	prōvolvunt	prōvolvēbam	prōvolvēbās	prōvolvēbat	prōvolvēbāmus	prōvolvēbātis	prōvolvēbant	prōvolvam	prōvolvēs	prōvolvet	prōvolvēmus	prōvolvētis	prōvolvent	prōvolve	prōvolvite	prōvolvere
prŏficīscor	-	prŏficīscere	prŏficīscitur	prŏficīscimur	prŏficīsciminī	prŏficīscuntur	prŏficīscēbar	prŏficīscēbāre	prŏficīscēbātur	prŏficīscēbāmur	prŏficīscēbāminī	prŏficīscēbantur	prŏficīscar	prŏficīscēre	prŏficīscētur	prŏficīscēmur	prŏficīscēminī	prŏficīscentur	prŏficīscere	prŏficīsciminī	prŏficīscī
prŏfiteor	-	prŏfitēre	-	-	-	-	-	prŏfitēbāre	-	-	-	-	-	prŏfitēbere	-	-	-	-	-	-	-
psallō	-	psallis	psallit	psallimus	psallitis	psallunt	psallēbam	psallēbās	psallēbat	psallēbāmus	psallēbātis	psallēbant	psallam	psallēs	psallet	psallēmus	psallētis	psallent	psalle	psallite	psallere
pugillor	-	pugillāre	-	-	-	-	-	pugillābāre	-	-	-	-	-	pugillābere	-	-	-	-	-	-	-
pugilor	-	pugilāre	-	-	-	-	-	pugilābāre	-	-	-	-	-	pugilābere	-	-	-	-	-	-	-
pungō	-	pungis	pungit	pungimus	pungitis	pungunt	pungēbam	pungēbās	pungēbat	pungēbāmus	pungēbātis	pungēbant	pungam	pungēs	punget	pungēmus	pungētis	pungent	punge	pungite	pungere
putrefaciō	-	putrefacis	-	putrefacimus	putrefacitis	-	-	-	-	-	-	-	-	-	-	-	-	-	putreface	putrefacite	putrefacere
pābulor	-	pābulāre	-	-	-	-	-	pābulābāre	-	-	-	-	-	pābulābere	-	-	-	-	-	-	-
pālor	-	pālāre	-	-	-	-	-	pālābāre	-	-	-	-	-	pālābere	-	-	-	-	-	-	-
pāscor	-	pāscere	pāscitur	pāscimur	pāsciminī	pāscuntur	pāscēbar	pāscēbāre	pāscēbātur	pāscēbāmur	pāscēbāminī	pāscēbantur	pāscar	pāscēre	pāscētur	pāscēmur	pāscēminī	pāscentur	pāscere	pāsciminī	pāscī
pēdō	-	pēdis	pēdit	pēdimus	pēditis	pēdunt	pēdēbam	pēdēbās	pēdēbat	pēdēbāmus	pēdēbātis	pēdēbant	pēdam	pēdēs	pēdet	pēdēmus	pēdētis	pēdent	pēde	pēdite	pēdere
pīnsō	-	pīnsis	-	pīnsimus	pīnsitis	-	-	-	-	-	-	-	pīnsam	-	pīnset	-	-	pīnsent	pīnse	pīnsite	pīnsere
pīpiō	-	pīpiās	pīpiat	pīpiāmus	pīpiātis	pīpiant	pīpiābam	pīpiābās	pīpiābat	pīpiābāmus	pīpiābātis	pīpiābant	pīpiābō	pīpiābis	pīpiābit	pīpiābimus	pīpiābitis	pīpiābunt	pīpiā	pīpiāte	pīpiāre
pōnō	-	pōnis	pōnit	pōnimus	pōnitis	pōnunt	pōnēbam	pōnēbās	pōnēbat	pōnēbāmus	pōnēbātis	pōnēbant	pōnam	pōnēs	pōnet	pōnēmus	pōnētis	pōnent	pōne	pōnite	pōnere
quaerō	-	quaeris	quaerit	quaerimus	quaeritis	quaerunt	quaerēbam	quaerēbās	quaerēbat	quaerēbāmus	quaerēbātis	quaerēbant	quaeram	quaerēs	quaeret	quaerēmus	quaerētis	quaerent	quaere	quaerite	quaerere
quaesō	-	quaesis	quaesit	quaesimus	quaesitis	quaesunt	quaesēbam	quaesēbās	quaesēbat	quaesēbāmus	quaesēbātis	quaesēbant	quaesam	quaesēs	quaeset	quaesēmus	quaesētis	quaesent	quaese	quaesite	quaesere
quatiō	-	quatis	-	quatimus	quatitis	-	-	-	-	-	-	-	-	-	-	-	-	-	quate	quatite	quatere
queritor	-	queritāre	-	-	-	-	-	queritābāre	-	-	-	-	-	queritābere	-	-	-	-	-	-	-
queror	-	querere	queritur	querimur	queriminī	queruntur	querēbar	querēbāre	querēbātur	querēbāmur	querēbāminī	querēbantur	querar	querēre	querētur	querēmur	querēminī	querentur	querere	queriminī	querī
queō	-	quīs	quit	quīmus	quītis	queunt	quībam	quībās	quībat	quībāmus	quībātis	quībant	quībō	quībis	quībit	quībimus	quībitis	quībunt	quī	quīte	quīre
quiētor	-	quiētāre	-	-	-	-	-	quiētābāre	-	-	-	-	-	quiētābere	-	-	-	-	-	-	-
rabiō	-	rabis	-	rabimus	rabitis	-	-	-	-	-	-	-	-	-	-	-	-	-	rabe	rabite	rabere
racēmor	-	racēmāre	-	-	-	-	-	racēmābāre	-	-	-	-	-	racēmābere	-	-	-	-	-	-	-
radiō	-	radiās	radiat	radiāmus	radiātis	radiant	radiābam	radiābās	radiābat	radiābāmus	radiābātis	radiābant	radiābō	radiābis	radiābit	radiābimus	radiābitis	radiābunt	radiā	radiāte	radiāre
rapiō	-	rapis	-	rapimus	rapitis	-	-	-	-	-	-	-	-	-	-	-	-	-	rape	rapite	rapere
ratiōcinor	-	ratiōcināre	-	-	-	-	-	ratiōcinābāre	-	-	-	-	-	ratiōcinābere	-	-	-	-	-	-	-
reagō	-	reagis	reagit	reagimus	reagitis	reagunt	reagēbam	reagēbās	reagēbat	reagēbāmus	reagēbātis	reagēbant	reagam	reagēs	reaget	reagēmus	reagētis	reagent	reage	reagite	reagere
recidō	-	recidis	recidit	recidimus	reciditis	recidunt	recidēbam	recidēbās	recidēbat	recidēbāmus	recidēbātis	recidēbant	recidam	recidēs	recidet	recidēmus	recidētis	recident	recide	recidite	recidere
recingō	-	recingis	recingit	recingimus	recingitis	recingunt	recingēbam	recingēbās	recingēbat	recingēbāmus	recingēbātis	recingēbant	recingam	recingēs	recinget	recingēmus	recingētis	recingent	recinge	recingite	recingere
recinō	-	recinis	recinit	recinimus	recinitis	recinunt	recinēbam	recinēbās	recinēbat	recinēbāmus	recinēbātis	recinēbant	recinam	recinēs	recinet	recinēmus	recinētis	recinent	recine	recinite	recinere
recipiō	-	recipis	-	recipimus	recipitis	-	-	-	-	-	-	-	-	-	-	-	-	-	recipe	recipite	recipere
reclūdō	-	reclūdis	reclūdit	reclūdimus	reclūditis	reclūdunt	reclūdēbam	reclūdēbās	reclūdēbat	reclūdēbāmus	reclūdēbātis	reclūdēbant	reclūdam	reclūdēs	reclūdet	reclūdēmus	reclūdētis	reclūdent	reclūde	reclūdite	reclūdere
recolligō	-	recolligis	recolligit	recolligimus	recolligitis	recolligunt	recolligēbam	recolligēbās	recolligēbat	recolligēbāmus	recolligēbātis	recolligēbant	recolligam	recolligēs	recolliget	recolligēmus	recolligētis	recolligent	recollige	recolligite	recolligere
recolō	-	recolis	recolit	recolimus	recolitis	recolunt	recolēbam	recolēbās	recolēbat	recolēbāmus	recolēbātis	recolēbant	recolam	recolēs	recolet	recolēmus	recolētis	recolent	recole	recolite	recolere
recompōnō	-	recompōnis	recompōnit	recompōnimus	recompōnitis	recompōnunt	recompōnēbam	recompōnēbās	recompōnēbat	recompōnēbāmus	recompōnēbātis	recompōnēbant	recompōnam	recompōnēs	recompōnet	recompōnēmus	recompōnētis	recompōnent	recompōne	recompōnite	recompōnere
reconciliō	-	reconciliās	reconciliat	reconciliāmus	reconciliātis	reconciliant	reconciliābam	reconciliābās	reconciliābat	reconciliābāmus	reconciliābātis	reconciliābant	reconciliābō	reconciliābis	reconciliābit	reconciliābimus	reconciliābitis	reconciliābunt	reconciliā	reconciliāte	reconciliāre
recondō	-	recondis	recondit	recondimus	reconditis	recondunt	recondēbam	recondēbās	recondēbat	recondēbāmus	recondēbātis	recondēbant	recondam	recondēs	recondet	recondēmus	recondētis	recondent	reconde	recondite	recondere
recoquō	-	recoquis	recoquit	recoquimus	recoquitis	recoquunt	recoquēbam	recoquēbās	recoquēbat	recoquēbāmus	recoquēbātis	recoquēbant	recoquam	recoquēs	recoquet	recoquēmus	recoquētis	recoquent	recoque	recoquite	recoquere
recordor	-	recordāre	-	-	-	-	-	recordābāre	-	-	-	-	-	recordābere	-	-	-	-	-	-	-
recreō	-	recreās	recreat	recreāmus	recreātis	recreant	recreābam	recreābās	recreābat	recreābāmus	recreābātis	recreābant	recreābō	recreābis	recreābit	recreābimus	recreābitis	recreābunt	recreā	recreāte	recreāre
recrēdō	-	recrēdis	recrēdit	recrēdimus	recrēditis	recrēdunt	recrēdēbam	recrēdēbās	recrēdēbat	recrēdēbāmus	recrēdēbātis	recrēdēbant	recrēdam	recrēdēs	recrēdet	recrēdēmus	recrēdētis	recrēdent	recrēde	recrēdite	recrēdere
recumbō	-	recumbis	recumbit	recumbimus	recumbitis	recumbunt	recumbēbam	recumbēbās	recumbēbat	recumbēbāmus	recumbēbātis	recumbēbant	recumbam	recumbēs	recumbet	recumbēmus	recumbētis	recumbent	recumbe	recumbite	recumbere
recurrō	-	recurris	recurrit	recurrimus	recurritis	recurrunt	recurrēbam	recurrēbās	recurrēbat	recurrēbāmus	recurrēbātis	recurrēbant	recurram	recurrēs	recurret	recurrēmus	recurrētis	recurrent	recurre	recurrite	recurrere
recutiō	-	recutis	-	recutimus	recutitis	-	-	-	-	-	-	-	-	-	-	-	-	-	recute	recutite	recutere
recēdō	-	recēdis	recēdit	recēdimus	recēditis	recēdunt	recēdēbam	recēdēbās	recēdēbat	recēdēbāmus	recēdēbātis	recēdēbant	recēdam	recēdēs	recēdet	recēdēmus	recēdētis	recēdent	recēde	recēdite	recēdere
recīdō	-	recīdis	recīdit	recīdimus	recīditis	recīdunt	recīdēbam	recīdēbās	recīdēbat	recīdēbāmus	recīdēbātis	recīdēbant	recīdam	recīdēs	recīdet	recīdēmus	recīdētis	recīdent	recīde	recīdite	recīdere
redarguō	-	redarguis	redarguit	redarguimus	redarguitis	redarguunt	redarguēbam	redarguēbās	redarguēbat	redarguēbāmus	redarguēbātis	redarguēbant	redarguam	redarguēs	redarguet	redarguēmus	redarguētis	redarguent	redargue	redarguite	redarguere
reddō	-	reddis	reddit	reddimus	redditis	reddunt	reddēbam	reddēbās	reddēbat	reddēbāmus	reddēbātis	reddēbant	reddam	reddēs	reddet	reddēmus	reddētis	reddent	redde	reddite	reddere
reddūcō	-	reddūcis	reddūcit	reddūcimus	reddūcitis	reddūcunt	reddūcēbam	reddūcēbās	reddūcēbat	reddūcēbāmus	reddūcēbātis	reddūcēbant	reddūcam	reddūcēs	reddūcet	reddūcēmus	reddūcētis	reddūcent	reddūc	reddūcite	reddūcere
redeō	-	redīs	redit	redīmus	redītis	redeunt	redībam	redībās	redībat	redībāmus	redībātis	redībant	redībō	redībis	redībit	redībimus	redībitis	redībunt	redī	redīte	redīre
redigō	-	redigis	redigit	redigimus	redigitis	redigunt	redigēbam	redigēbās	redigēbat	redigēbāmus	redigēbātis	redigēbant	redigam	redigēs	rediget	redigēmus	redigētis	redigent	redige	redigite	redigere
redimō	-	redimis	redimit	redimimus	redimitis	redimunt	redimēbam	redimēbās	redimēbat	redimēbāmus	redimēbātis	redimēbant	redimam	redimēs	redimet	redimēmus	redimētis	rediment	redime	redimite	redimere
redūcō	-	redūcis	redūcit	redūcimus	redūcitis	redūcunt	redūcēbam	redūcēbās	redūcēbat	redūcēbāmus	redūcēbātis	redūcēbant	redūcam	redūcēs	redūcet	redūcēmus	redūcētis	redūcent	redūc	redūcite	redūcere
refellō	-	refellis	refellit	refellimus	refellitis	refellunt	refellēbam	refellēbās	refellēbat	refellēbāmus	refellēbātis	refellēbant	refellam	refellēs	refellet	refellēmus	refellētis	refellent	refelle	refellite	refellere
referō	-	refers	refert	referimus	refertis	referunt	referēbam	referēbās	referēbat	referēbāmus	referēbātis	referēbant	referam	referēs	referet	referēmus	referētis	referent	refer	referte	referre
reficiō	-	reficis	-	reficimus	reficitis	-	-	-	-	-	-	-	-	-	-	-	-	-	refice	reficite	reficere
refingō	-	refingis	refingit	refingimus	refingitis	refingunt	refingēbam	refingēbās	refingēbat	refingēbāmus	refingēbātis	refingēbant	refingam	refingēs	refinget	refingēmus	refingētis	refingent	refinge	refingite	refingere
reflectō	-	reflectis	reflectit	reflectimus	reflectitis	reflectunt	reflectēbam	reflectēbās	reflectēbat	reflectēbāmus	reflectēbātis	reflectēbant	reflectam	reflectēs	reflectet	reflectēmus	reflectētis	reflectent	reflecte	reflectite	reflectere
refluō	-	refluis	refluit	refluimus	refluitis	refluunt	refluēbam	refluēbās	refluēbat	refluēbāmus	refluēbātis	refluēbant	refluam	refluēs	refluet	refluēmus	refluētis	refluent	reflue	refluite	refluere
refringō	-	refringis	refringit	refringimus	refringitis	refringunt	refringēbam	refringēbās	refringēbat	refringēbāmus	refringēbātis	refringēbant	refringam	refringēs	refringet	refringēmus	refringētis	refringent	refringe	refringite	refringere
refrāgor	-	refrāgāre	-	-	-	-	-	refrāgābāre	-	-	-	-	-	refrāgābere	-	-	-	-	-	-	-
refugiō	-	refugis	-	refugimus	refugitis	-	-	-	-	-	-	-	-	-	-	-	-	-	refuge	refugite	refugere
refundō	-	refundis	refundit	refundimus	refunditis	refundunt	refundēbam	refundēbās	refundēbat	refundēbāmus	refundēbātis	refundēbant	refundam	refundēs	refundet	refundēmus	refundētis	refundent	refunde	refundite	refundere
refīgō	-	refīgis	refīgit	refīgimus	refīgitis	refīgunt	refīgēbam	refīgēbās	refīgēbat	refīgēbāmus	refīgēbātis	refīgēbant	refīgam	refīgēs	refīget	refīgēmus	refīgētis	refīgent	refīge	refīgite	refīgere
regerō	-	regeris	regerit	regerimus	regeritis	regerunt	regerēbam	regerēbās	regerēbat	regerēbāmus	regerēbātis	regerēbant	regeram	regerēs	regeret	regerēmus	regerētis	regerent	regere	regerite	regerere
regredior	-	regredere	regreditur	regredimur	regrediminī	-	-	regrediēbāre	-	-	-	-	-	regrediēre	-	-	-	-	regredere	regrediminī	regredī
regō	-	regis	regit	regimus	regitis	regunt	regēbam	regēbās	regēbat	regēbāmus	regēbātis	regēbant	regam	regēs	reget	regēmus	regētis	regent	rege	regite	regere
reiciō	-	reicis	-	reicimus	reicitis	-	-	-	-	-	-	-	-	-	-	-	-	-	reice	reicite	reicere
reiiciō	-	reiicis	-	reiicimus	reiicitis	-	-	-	-	-	-	-	-	-	-	-	-	-	reiice	reiicite	reiicere
rejiciō	-	rejicis	-	rejicimus	rejicitis	-	-	-	-	-	-	-	-	-	-	-	-	-	rejice	rejicite	rejicere
relambō	-	relambis	relambit	relambimus	relambitis	relambunt	relambēbam	relambēbās	relambēbat	relambēbāmus	relambēbātis	relambēbant	relambam	relambēs	relambet	relambēmus	relambētis	relambent	relambe	relambite	relambere
relegō	-	relegis	relegit	relegimus	relegitis	relegunt	relegēbam	relegēbās	relegēbat	relegēbāmus	relegēbātis	relegēbant	relegam	relegēs	releget	relegēmus	relegētis	relegent	relege	relegite	relegere
relinquō	-	relinquis	relinquit	relinquimus	relinquitis	relinquunt	relinquēbam	relinquēbās	relinquēbat	relinquēbāmus	relinquēbātis	relinquēbant	relinquam	relinquēs	relinquet	relinquēmus	relinquētis	relinquent	relinque	relinquite	relinquere
relinō	-	relinis	relinit	relinimus	relinitis	relinunt	relinēbam	relinēbās	relinēbat	relinēbāmus	relinēbātis	relinēbant	relinam	relinēs	relinet	relinēmus	relinētis	relinent	reline	relinite	relinere
reliquor	-	reliquāre	-	-	-	-	-	reliquābāre	-	-	-	-	-	reliquābere	-	-	-	-	-	-	-
relābor	-	relābere	relābitur	relābimur	relābiminī	relābuntur	relābēbar	relābēbāre	relābēbātur	relābēbāmur	relābēbāminī	relābēbantur	relābar	relābēre	relābētur	relābēmur	relābēminī	relābentur	relābere	relābiminī	relābī
relūctor	-	relūctāre	-	-	-	-	-	relūctābāre	-	-	-	-	-	relūctābere	-	-	-	-	-	-	-
relū̆ctor	-	relū̆ctāre	-	-	-	-	-	relū̆ctābāre	-	-	-	-	-	relū̆ctābere	-	-	-	-	-	-	-
rememinī	rememinī	remeministī	rememinit	rememinimus	remeministis	rememinēre	rememineram	rememinerās	rememinerat	rememinerāmus	rememinerātis	rememinerant	rememinerō	rememineris	rememinerit	rememinerimus	rememineritis	rememinerint	-	-	rememinisse
rememoror	-	rememorāre	-	-	-	-	-	rememorābāre	-	-	-	-	-	rememorābere	-	-	-	-	-	-	-
remeō	-	remeās	remeat	remeāmus	remeātis	remeant	remeābam	remeābās	remeābat	remeābāmus	remeābātis	remeābant	remeābō	remeābis	remeābit	remeābimus	remeābitis	remeābunt	remeā	remeāte	remeāre
reminīscor	-	reminīscere	reminīscitur	reminīscimur	reminīsciminī	reminīscuntur	reminīscēbar	reminīscēbāre	reminīscēbātur	reminīscēbāmur	reminīscēbāminī	reminīscēbantur	reminīscar	reminīscēre	reminīscētur	reminīscēmur	reminīscēminī	reminīscentur	reminīscere	reminīsciminī	reminīscī
remittō	-	remittis	remittit	remittimus	remittitis	remittunt	remittēbam	remittēbās	remittēbat	remittēbāmus	remittēbātis	remittēbant	remittam	remittēs	remittet	remittēmus	remittētis	remittent	remitte	remittite	remittere
remoror	-	remorāre	-	-	-	-	-	remorābāre	-	-	-	-	-	remorābere	-	-	-	-	-	-	-
remētior	-	remētīre	-	-	-	-	-	remētiēbāre	-	-	-	-	-	remētiēre	-	-	-	-	-	-	-
remōlior	-	remōlīre	-	-	-	-	-	remōliēbāre	-	-	-	-	-	remōliēre	-	-	-	-	-	-	remōlīrier
rennuō	-	rennuis	rennuit	rennuimus	rennuitis	rennuunt	rennuēbam	rennuēbās	rennuēbat	rennuēbāmus	rennuēbātis	rennuēbant	rennuam	rennuēs	rennuet	rennuēmus	rennuētis	rennuent	rennue	rennuite	rennuere
renuō	-	renuis	renuit	renuimus	renuitis	renuunt	renuēbam	renuēbās	renuēbat	renuēbāmus	renuēbātis	renuēbant	renuam	renuēs	renuet	renuēmus	renuētis	renuent	renue	renuite	renuere
renāscor	-	renāscere	renāscitur	renāscimur	renāsciminī	renāscuntur	renāscēbar	renāscēbāre	renāscēbātur	renāscēbāmur	renāscēbāminī	renāscēbantur	renāscar	renāscēre	renāscētur	renāscēmur	renāscēminī	renāscentur	renāscere	renāsciminī	renāscī
renītor	-	renītere	renītitur	renītimur	renītiminī	renītuntur	renītēbar	renītēbāre	renītēbātur	renītēbāmur	renītēbāminī	renītēbantur	renītar	renītēre	renītētur	renītēmur	renītēminī	renītentur	renītere	renītiminī	renītī
renūnciō	-	renūnciās	renūnciat	renūnciāmus	renūnciātis	renūnciant	renūnciābam	renūnciābās	renūnciābat	renūnciābāmus	renūnciābātis	renūnciābant	renūnciābō	renūnciābis	renūnciābit	renūnciābimus	renūnciābitis	renūnciābunt	renūnciā	renūnciāte	renūnciāre
renūntiō	-	renūntiās	renūntiat	renūntiāmus	renūntiātis	renūntiant	renūntiābam	renūntiābās	renūntiābat	renūntiābāmus	renūntiābātis	renūntiābant	renūntiābō	renūntiābis	renūntiābit	renūntiābimus	renūntiābitis	renūntiābunt	renūntiā	renūntiāte	renūntiāre
reor	-	rēre	-	-	-	-	-	rēbāre	-	-	-	-	-	rēbere	-	-	-	-	-	-	-
repellō	-	repellis	repellit	repellimus	repellitis	repellunt	repellēbam	repellēbās	repellēbat	repellēbāmus	repellēbātis	repellēbant	repellam	repellēs	repellet	repellēmus	repellētis	repellent	repelle	repellite	repellere
rependō	-	rependis	rependit	rependimus	rependitis	rependunt	rependēbam	rependēbās	rependēbat	rependēbāmus	rependēbātis	rependēbant	rependam	rependēs	rependet	rependēmus	rependētis	rependent	repende	rependite	rependere
repercutiō	-	repercutis	-	repercutimus	repercutitis	-	-	-	-	-	-	-	-	-	-	-	-	-	repercute	repercutite	repercutere
repetō	-	repetis	repetit	repetimus	repetitis	repetunt	repetēbam	repetēbās	repetēbat	repetēbāmus	repetēbātis	repetēbant	repetam	repetēs	repetet	repetēmus	repetētis	repetent	repete	repetite	repetere
reporrigō	-	reporrigis	reporrigit	reporrigimus	reporrigitis	reporrigunt	reporrigēbam	reporrigēbās	reporrigēbat	reporrigēbāmus	reporrigēbātis	reporrigēbant	reporrigam	reporrigēs	reporriget	reporrigēmus	reporrigētis	reporrigent	reporrige	reporrigite	reporrigere
reprehendō	-	reprehendis	reprehendit	reprehendimus	reprehenditis	reprehendunt	reprehendēbam	reprehendēbās	reprehendēbat	reprehendēbāmus	reprehendēbātis	reprehendēbant	reprehendam	reprehendēs	reprehendet	reprehendēmus	reprehendētis	reprehendent	reprehende	reprehendite	reprehendere
reprimō	-	reprimis	reprimit	reprimimus	reprimitis	reprimunt	reprimēbam	reprimēbās	reprimēbat	reprimēbāmus	reprimēbātis	reprimēbant	reprimam	reprimēs	reprimet	reprimēmus	reprimētis	repriment	reprime	reprimite	reprimere
repropitiō	-	repropitiās	repropitiat	repropitiāmus	repropitiātis	repropitiant	repropitiābam	repropitiābās	repropitiābat	repropitiābāmus	repropitiābātis	repropitiābant	repropitiābō	repropitiābis	repropitiābit	repropitiābimus	repropitiābitis	repropitiābunt	repropitiā	repropitiāte	repropitiāre
reprēndō	-	reprēndis	reprēndit	reprēndimus	reprēnditis	reprēndunt	reprēndēbam	reprēndēbās	reprēndēbat	reprēndēbāmus	reprēndēbātis	reprēndēbant	reprēndam	reprēndēs	reprēndet	reprēndēmus	reprēndētis	reprēndent	reprēnde	reprēndite	reprēndere
reprōmittō	-	reprōmittis	reprōmittit	reprōmittimus	reprōmittitis	reprōmittunt	reprōmittēbam	reprōmittēbās	reprōmittēbat	reprōmittēbāmus	reprōmittēbātis	reprōmittēbant	reprōmittam	reprōmittēs	reprōmittet	reprōmittēmus	reprōmittētis	reprōmittent	reprōmitte	reprōmittite	reprōmittere
repudiō	-	repudiās	repudiat	repudiāmus	repudiātis	repudiant	repudiābam	repudiābās	repudiābat	repudiābāmus	repudiābātis	repudiābant	repudiābō	repudiābis	repudiābit	repudiābimus	repudiābitis	repudiābunt	repudiā	repudiāte	repudiāre
repungō	-	repungis	repungit	repungimus	repungitis	repungunt	repungēbam	repungēbās	repungēbat	repungēbāmus	repungēbātis	repungēbant	repungam	repungēs	repunget	repungēmus	repungētis	repungent	repunge	repungite	repungere
repōnō	-	repōnis	repōnit	repōnimus	repōnitis	repōnunt	repōnēbam	repōnēbās	repōnēbat	repōnēbāmus	repōnēbātis	repōnēbant	repōnam	repōnēs	repōnet	repōnēmus	repōnētis	repōnent	repōne	repōnite	repōnere
requīrō	-	requīris	requīrit	requīrimus	requīritis	requīrunt	requīrēbam	requīrēbās	requīrēbat	requīrēbāmus	requīrēbātis	requīrēbant	requīram	requīrēs	requīret	requīrēmus	requīrētis	requīrent	requīre	requīrite	requīrere
rescindō	-	rescindis	rescindit	rescindimus	rescinditis	rescindunt	rescindēbam	rescindēbās	rescindēbat	rescindēbāmus	rescindēbātis	rescindēbant	rescindam	rescindēs	rescindet	rescindēmus	rescindētis	rescindent	rescinde	rescindite	rescindere
rescrībō	-	rescrībis	rescrībit	rescrībimus	rescrībitis	rescrībunt	rescrībēbam	rescrībēbās	rescrībēbat	rescrībēbāmus	rescrībēbātis	rescrībēbant	rescrībam	rescrībēs	rescrībet	rescrībēmus	rescrībētis	rescrībent	rescrībe	rescrībite	rescrībere
resequor	-	resequere	resequitur	resequimur	resequiminī	resequuntur	resequēbar	resequēbāre	resequēbātur	resequēbāmur	resequēbāminī	resequēbantur	resequar	resequēre	resequētur	resequēmur	resequēminī	resequentur	resequere	resequiminī	resequī
resistō	-	resistis	resistit	resistimus	resistitis	resistunt	resistēbam	resistēbās	resistēbat	resistēbāmus	resistēbātis	resistēbant	resistam	resistēs	resistet	resistēmus	resistētis	resistent	resiste	resistite	resistere
resolvō	-	resolvis	resolvit	resolvimus	resolvitis	resolvunt	resolvēbam	resolvēbās	resolvēbat	resolvēbāmus	resolvēbātis	resolvēbant	resolvam	resolvēs	resolvet	resolvēmus	resolvētis	resolvent	resolve	resolvite	resolvere
respergō	-	respergis	respergit	respergimus	respergitis	respergunt	respergēbam	respergēbās	respergēbat	respergēbāmus	respergēbātis	respergēbant	respergam	respergēs	resperget	respergēmus	respergētis	respergent	resperge	respergite	respergere
respiciō	-	respicis	-	respicimus	respicitis	-	-	-	-	-	-	-	-	-	-	-	-	-	respice	respicite	respicere
respuō	-	respuis	respuit	respuimus	respuitis	respuunt	respuēbam	respuēbās	respuēbat	respuēbāmus	respuēbātis	respuēbant	respuam	respuēs	respuet	respuēmus	respuētis	respuent	respue	respuite	respuere
restinguō	-	restinguis	restinguit	restinguimus	restinguitis	restinguunt	restinguēbam	restinguēbās	restinguēbat	restinguēbāmus	restinguēbātis	restinguēbant	restinguam	restinguēs	restinguet	restinguēmus	restinguētis	restinguent	restingue	restinguite	restinguere
restipulor	-	restipulāre	-	-	-	-	-	restipulābāre	-	-	-	-	-	restipulābere	-	-	-	-	-	-	-
restituō	-	restituis	restituit	restituimus	restituitis	restituunt	restituēbam	restituēbās	restituēbat	restituēbāmus	restituēbātis	restituēbant	restituam	restituēs	restituet	restituēmus	restituētis	restituent	restitue	restituite	restituere
restringō	-	restringis	restringit	restringimus	restringitis	restringunt	restringēbam	restringēbās	restringēbat	restringēbāmus	restringēbātis	restringēbant	restringam	restringēs	restringet	restringēmus	restringētis	restringent	restringe	restringite	restringere
restruō	-	restruis	restruit	restruimus	restruitis	restruunt	restruēbam	restruēbās	restruēbat	restruēbāmus	restruēbātis	restruēbant	restruam	restruēs	restruet	restruēmus	restruētis	restruent	restrue	restruite	restruere
resurgō	-	resurgis	resurgit	resurgimus	resurgitis	resurgunt	resurgēbam	resurgēbās	resurgēbat	resurgēbāmus	resurgēbātis	resurgēbant	resurgam	resurgēs	resurget	resurgēmus	resurgētis	resurgent	resurge	resurgite	resurgere
resīdō	-	resīdis	resīdit	resīdimus	resīditis	resīdunt	resīdēbam	resīdēbās	resīdēbat	resīdēbāmus	resīdēbātis	resīdēbant	resīdam	resīdēs	resīdet	resīdēmus	resīdētis	resīdent	resīde	resīdite	resīdere
resūmō	-	resūmis	resūmit	resūmimus	resūmitis	resūmunt	resūmēbam	resūmēbās	resūmēbat	resūmēbāmus	resūmēbātis	resūmēbant	resūmam	resūmēs	resūmet	resūmēmus	resūmētis	resūment	resūme	resūmite	resūmere
retegō	-	retegis	retegit	retegimus	retegitis	retegunt	retegēbam	retegēbās	retegēbat	retegēbāmus	retegēbātis	retegēbant	retegam	retegēs	reteget	retegēmus	retegētis	retegent	retege	retegite	retegere
retendō	-	retendis	retendit	retendimus	retenditis	retendunt	retendēbam	retendēbās	retendēbat	retendēbāmus	retendēbātis	retendēbant	retendam	retendēs	retendet	retendēmus	retendētis	retendent	retende	retendite	retendere
retexō	-	retexis	retexit	reteximus	retexitis	retexunt	retexēbam	retexēbās	retexēbat	retexēbāmus	retexēbātis	retexēbant	retexam	retexēs	retexet	retexēmus	retexētis	retexent	retexe	retexite	retexere
retollō	-	retollis	retollit	retollimus	retollitis	retollunt	retollēbam	retollēbās	retollēbat	retollēbāmus	retollēbātis	retollēbant	retollam	retollēs	retollet	retollēmus	retollētis	retollent	retolle	retollite	retollere
retrahō	-	retrahis	retrahit	retrahimus	retrahitis	retrahunt	retrahēbam	retrahēbās	retrahēbat	retrahēbāmus	retrahēbātis	retrahēbant	retraham	retrahēs	retrahet	retrahēmus	retrahētis	retrahent	retrahe	retrahite	retrahere
retribuō	-	retribuis	retribuit	retribuimus	retribuitis	retribuunt	retribuēbam	retribuēbās	retribuēbat	retribuēbāmus	retribuēbātis	retribuēbant	retribuam	retribuēs	retribuet	retribuēmus	retribuētis	retribuent	retribue	retribuite	retribuere
retroagō	-	retroagis	retroagit	retroagimus	retroagitis	retroagunt	retroagēbam	retroagēbās	retroagēbat	retroagēbāmus	retroagēbātis	retroagēbant	retroagam	retroagēs	retroaget	retroagēmus	retroagētis	retroagent	retroage	retroagite	retroagere
retrōcēdō	-	retrōcēdis	retrōcēdit	retrōcēdimus	retrōcēditis	retrōcēdunt	retrōcēdēbam	retrōcēdēbās	retrōcēdēbat	retrōcēdēbāmus	retrōcēdēbātis	retrōcēdēbant	retrōcēdam	retrōcēdēs	retrōcēdet	retrōcēdēmus	retrōcēdētis	retrōcēdent	retrōcēde	retrōcēdite	retrōcēdere
retrōgradior	-	retrōgradere	retrōgraditur	retrōgradimur	retrōgradiminī	-	-	retrōgradiēbāre	-	-	-	-	-	retrōgradiēre	-	-	-	-	retrōgradere	retrōgradiminī	retrōgradī
retrōspiciō	-	retrōspicis	-	retrōspicimus	retrōspicitis	-	-	-	-	-	-	-	-	-	-	-	-	-	retrōspice	retrōspicite	retrōspicere
retrōvēndō	-	retrōvēndis	retrōvēndit	retrōvēndimus	retrōvēnditis	retrōvēndunt	retrōvēndēbam	retrōvēndēbās	retrōvēndēbat	retrōvēndēbāmus	retrōvēndēbātis	retrōvēndēbant	retrōvēndam	retrōvēndēs	retrōvēndet	retrōvēndēmus	retrōvēndētis	retrōvēndent	retrōvēnde	retrōvēndite	retrōvēndere
retrūdō	-	retrūdis	retrūdit	retrūdimus	retrūditis	retrūdunt	retrūdēbam	retrūdēbās	retrūdēbat	retrūdēbāmus	retrūdēbātis	retrūdēbant	retrūdam	retrūdēs	retrūdet	retrūdēmus	retrūdētis	retrūdent	retrūde	retrūdite	retrūdere
retundō	-	retundis	retundit	retundimus	retunditis	retundunt	retundēbam	retundēbās	retundēbat	retundēbāmus	retundēbātis	retundēbant	retundam	retundēs	retundet	retundēmus	retundētis	retundent	retunde	retundite	retundere
retāliō	-	retāliās	retāliat	retāliāmus	retāliātis	retāliant	retāliābam	retāliābās	retāliābat	retāliābāmus	retāliābātis	retāliābant	retāliābō	retāliābis	retāliābit	retāliābimus	retāliābitis	retāliābunt	retāliā	retāliāte	retāliāre
revehō	-	revehis	revehit	revehimus	revehitis	revehunt	revehēbam	revehēbās	revehēbat	revehēbāmus	revehēbātis	revehēbant	reveham	revehēs	revehet	revehēmus	revehētis	revehent	revehe	revehite	revehere
revellō	-	revellis	revellit	revellimus	revellitis	revellunt	revellēbam	revellēbās	revellēbat	revellēbāmus	revellēbātis	revellēbant	revellam	revellēs	revellet	revellēmus	revellētis	revellent	revelle	revellite	revellere
revereor	-	reverēre	-	-	-	-	-	reverēbāre	-	-	-	-	-	reverēbere	-	-	-	-	-	-	-
revertor	-	revertere	revertitur	revertimur	revertiminī	revertuntur	revertēbar	revertēbāre	revertēbātur	revertēbāmur	revertēbāminī	revertēbantur	revertar	revertēre	revertētur	revertēmur	revertēminī	revertentur	revertere	revertiminī	revertī
revertō	-	revertis	revertit	revertimus	revertitis	revertunt	revertēbam	revertēbās	revertēbat	revertēbāmus	revertēbātis	revertēbant	revertam	revertēs	revertet	revertēmus	revertētis	revertent	reverte	revertite	revertere
revincō	-	revincis	revincit	revincimus	revincitis	revincunt	revincēbam	revincēbās	revincēbat	revincēbāmus	revincēbātis	revincēbant	revincam	revincēs	revincet	revincēmus	revincētis	revincent	revince	revincite	revincere
revolvō	-	revolvis	revolvit	revolvimus	revolvitis	revolvunt	revolvēbam	revolvēbās	revolvēbat	revolvēbāmus	revolvēbātis	revolvēbant	revolvam	revolvēs	revolvet	revolvēmus	revolvētis	revolvent	revolve	revolvite	revolvere
revēndō	-	revēndis	revēndit	revēndimus	revēnditis	revēndunt	revēndēbam	revēndēbās	revēndēbat	revēndēbāmus	revēndēbātis	revēndēbant	revēndam	revēndēs	revēndet	revēndēmus	revēndētis	revēndent	revēnde	revēndite	revēndere
revīsō	-	revīsis	revīsit	revīsimus	revīsitis	revīsunt	revīsēbam	revīsēbās	revīsēbat	revīsēbāmus	revīsēbātis	revīsēbant	revīsam	revīsēs	revīset	revīsēmus	revīsētis	revīsent	revīse	revīsite	revīsere
revīvō	-	revīvis	revīvit	revīvimus	revīvitis	revīvunt	revīvēbam	revīvēbās	revīvēbat	revīvēbāmus	revīvēbātis	revīvēbant	revīvam	revīvēs	revīvet	revīvēmus	revīvētis	revīvent	revīve	revīvite	revīvere
rewadiō	-	rewadiās	rewadiat	rewadiāmus	rewadiātis	rewadiant	rewadiābam	rewadiābās	rewadiābat	rewadiābāmus	rewadiābātis	rewadiābant	rewadiābō	rewadiābis	rewadiābit	rewadiābimus	rewadiābitis	rewadiābunt	rewadiā	rewadiāte	rewadiāre
riciō	-	riciās	riciat	riciāmus	riciātis	riciant	riciābam	riciābās	riciābat	riciābāmus	riciābātis	riciābant	riciābō	riciābis	riciābit	riciābimus	riciābitis	riciābunt	riciā	riciāte	riciāre
ringor	-	ringere	ringitur	ringimur	ringiminī	ringuntur	ringēbar	ringēbāre	ringēbātur	ringēbāmur	ringēbāminī	ringēbantur	ringar	ringēre	ringētur	ringēmur	ringēminī	ringentur	ringere	ringiminī	ringī
rixor	-	rixāre	-	-	-	-	-	rixābāre	-	-	-	-	-	rixābere	-	-	-	-	-	-	-
rubefaciō	-	rubefacis	-	rubefacimus	rubefacitis	-	-	-	-	-	-	-	-	-	-	-	-	-	rubeface	rubefacite	rubefacere
rumpō	-	rumpis	rumpit	rumpimus	rumpitis	rumpunt	rumpēbam	rumpēbās	rumpēbat	rumpēbāmus	rumpēbātis	rumpēbant	rumpam	rumpēs	rumpet	rumpēmus	rumpētis	rumpent	rumpe	rumpite	rumpere
ruspor	-	ruspāre	-	-	-	-	-	ruspābāre	-	-	-	-	-	ruspābere	-	-	-	-	-	-	-
ruō	-	ruis	ruit	ruimus	ruitis	ruunt	ruēbam	ruēbās	ruēbat	ruēbāmus	ruēbātis	ruēbant	ruam	ruēs	ruet	ruēmus	ruētis	ruent	rue	ruite	ruere
rādō	-	rādis	rādit	rādimus	rāditis	rādunt	rādēbam	rādēbās	rādēbat	rādēbāmus	rādēbātis	rādēbant	rādam	rādēs	rādet	rādēmus	rādētis	rādent	rāde	rādite	rādere
rārēfaciō	-	rārēfacis	-	rārēfacimus	rārēfacitis	-	-	-	-	-	-	-	-	-	-	-	-	-	rārēface	rārēfacite	rārēfacere
rēpō	-	rēpis	rēpit	rēpimus	rēpitis	rēpunt	rēpēbam	rēpēbās	rēpēbat	rēpēbāmus	rēpēbātis	rēpēbant	rēpam	rēpēs	rēpet	rēpēmus	rēpētis	rēpent	rēpe	rēpite	rēpere
rīdō	-	rīdis	rīdit	rīdimus	rīditis	rīdunt	rīdēbam	rīdēbās	rīdēbat	rīdēbāmus	rīdēbātis	rīdēbant	rīdam	rīdēs	rīdet	rīdēmus	rīdētis	rīdent	rīde	rīdite	rīdere
rīmor	-	rīmāre	-	-	-	-	-	rīmābāre	-	-	-	-	-	rīmābere	-	-	-	-	-	-	-
rōdō	-	rōdis	rōdit	rōdimus	rōditis	rōdunt	rōdēbam	rōdēbās	rōdēbat	rōdēbāmus	rōdēbātis	rōdēbant	rōdam	rōdēs	rōdet	rōdēmus	rōdētis	rōdent	rōde	rōdite	rōdere
rūminor	-	rūmināre	-	-	-	-	-	rūminābāre	-	-	-	-	-	rūminābere	-	-	-	-	-	-	-
rūsticor	-	rūsticāre	-	-	-	-	-	rūsticābāre	-	-	-	-	-	rūsticābere	-	-	-	-	-	-	-
rū̆dō	-	rū̆dis	rū̆dit	rū̆dimus	rū̆ditis	rū̆dunt	rū̆dēbam	rū̆dēbās	rū̆dēbat	rū̆dēbāmus	rū̆dēbātis	rū̆dēbant	rū̆dam	rū̆dēs	rū̆det	rū̆dēmus	rū̆dētis	rū̆dent	rū̆de	rū̆dite	rū̆dere
sallō	-	sallis	sallit	sallimus	sallitis	sallunt	sallēbam	sallēbās	sallēbat	sallēbāmus	sallēbātis	sallēbant	sallam	sallēs	sallet	sallēmus	sallētis	sallent	salle	sallite	sallere
sapiō	-	sapis	-	sapimus	sapitis	-	-	-	-	-	-	-	-	-	-	-	-	-	sape	sapite	sapere
sarpō	-	sarpis	sarpit	sarpimus	sarpitis	sarpunt	sarpēbam	sarpēbās	sarpēbat	sarpēbāmus	sarpēbātis	sarpēbant	sarpam	sarpēs	sarpet	sarpēmus	sarpētis	sarpent	sarpe	sarpite	sarpere
satagō	-	satagis	satagit	satagimus	satagitis	satagunt	satagēbam	satagēbās	satagēbat	satagēbāmus	satagēbātis	satagēbant	satagam	satagēs	sataget	satagēmus	satagētis	satagent	satage	satagite	satagere
satisfaciō	-	satisfacis	-	satisfacimus	satisfacitis	-	-	-	-	-	-	-	-	-	-	-	-	-	satisface	satisfacite	satisfacere
satiō	-	satiās	satiat	satiāmus	satiātis	satiant	satiābam	satiābās	satiābat	satiābāmus	satiābātis	satiābant	satiābō	satiābis	satiābit	satiābimus	satiābitis	satiābunt	satiā	satiāte	satiāre
sauciō	-	sauciās	sauciat	sauciāmus	sauciātis	sauciant	sauciābam	sauciābās	sauciābat	sauciābāmus	sauciābātis	sauciābant	sauciābō	sauciābis	sauciābit	sauciābimus	sauciābitis	sauciābunt	sauciā	sauciāte	sauciāre
scabō	-	scabis	scabit	scabimus	scabitis	scabunt	scabēbam	scabēbās	scabēbat	scabēbāmus	scabēbātis	scabēbant	scabam	scabēs	scabet	scabēmus	scabētis	scabent	scabe	scabite	scabere
scalpō	-	scalpis	scalpit	scalpimus	scalpitis	scalpunt	scalpēbam	scalpēbās	scalpēbat	scalpēbāmus	scalpēbātis	scalpēbant	scalpam	scalpēs	scalpet	scalpēmus	scalpētis	scalpent	scalpe	scalpite	scalpere
scandō	-	scandis	scandit	scandimus	scanditis	scandunt	scandēbam	scandēbās	scandēbat	scandēbāmus	scandēbātis	scandēbant	scandam	scandēs	scandet	scandēmus	scandētis	scandent	scande	scandite	scandere
scatō	-	scatis	scatit	scatimus	scatitis	scatunt	scatēbam	scatēbās	scatēbat	scatēbāmus	scatēbātis	scatēbant	scatam	scatēs	scatet	scatēmus	scatētis	scatent	scate	scatite	scatere
scindō	-	scindis	scindit	scindimus	scinditis	scindunt	scindēbam	scindēbās	scindēbat	scindēbāmus	scindēbātis	scindēbant	scindam	scindēs	scindet	scindēmus	scindētis	scindent	scinde	scindite	scindere
sclingō	-	sclingis	sclingit	sclingimus	sclingitis	sclingunt	sclingēbam	sclingēbās	sclingēbat	sclingēbāmus	sclingēbātis	sclingēbant	sclingam	sclingēs	sclinget	sclingēmus	sclingētis	sclingent	sclinge	sclingite	sclingere
scopō	-	scopis	scopit	scopimus	scopitis	scopunt	scopēbam	scopēbās	scopēbat	scopēbāmus	scopēbātis	scopēbant	scopam	scopēs	scopet	scopēmus	scopētis	scopent	scope	scopite	scopere
scortor	-	scortāre	-	-	-	-	-	scortābāre	-	-	-	-	-	scortābere	-	-	-	-	-	-	scortārier
screō	-	screās	screat	screāmus	screātis	screant	screābam	screābās	screābat	screābāmus	screābātis	screābant	screābō	screābis	screābit	screābimus	screābitis	screābunt	screā	screāte	screāre
scrībō	-	scrībis	scrībit	scrībimus	scrībitis	scrībunt	scrībēbam	scrībēbās	scrībēbat	scrībēbāmus	scrībēbātis	scrībēbant	scrībam	scrībēs	scrībet	scrībēmus	scrībētis	scrībent	scrībe	scrībite	scrībere
scrūtor	-	scrūtāre	-	-	-	-	-	scrūtābāre	-	-	-	-	-	scrūtābere	-	-	-	-	-	-	scrūtārier
sculpō	-	sculpis	sculpit	sculpimus	sculpitis	sculpunt	sculpēbam	sculpēbās	sculpēbat	sculpēbāmus	sculpēbātis	sculpēbant	sculpam	sculpēs	sculpet	sculpēmus	sculpētis	sculpent	sculpe	sculpite	sculpere
scurror	-	scurrāre	-	-	-	-	-	scurrābāre	-	-	-	-	-	scurrābere	-	-	-	-	-	-	-
scīscitor	-	scīscitāre	-	-	-	-	-	scīscitābāre	-	-	-	-	-	scīscitābere	-	-	-	-	-	-	-
scītor	-	scītāre	-	-	-	-	-	scītābāre	-	-	-	-	-	scītābere	-	-	-	-	-	-	scītārier
sector	-	sectāre	-	-	-	-	-	sectābāre	-	-	-	-	-	sectābere	-	-	-	-	-	-	sectārier
sequor	-	sequere	sequitur	sequimur	sequiminī	sequuntur	sequēbar	sequēbāre	sequēbātur	sequēbāmur	sequēbāminī	sequēbantur	sequar	sequēre	sequētur	sequēmur	sequēminī	sequentur	sequere	sequiminī	sequī
sermōcinor	-	sermōcināre	-	-	-	-	-	sermōcinābāre	-	-	-	-	-	sermōcinābere	-	-	-	-	-	-	-
sermōnor	-	sermōnāre	-	-	-	-	-	sermōnābāre	-	-	-	-	-	sermōnābere	-	-	-	-	-	-	-
serpō	-	serpis	serpit	serpimus	serpitis	serpunt	serpēbam	serpēbās	serpēbat	serpēbāmus	serpēbātis	serpēbant	serpam	serpēs	serpet	serpēmus	serpētis	serpent	serpe	serpite	serpere
serō	-	seris	-	serimus	seritis	-	-	-	-	-	-	-	seram	-	seret	-	-	serent	sere	serite	serere
simplificor	-	simplificāre	-	-	-	-	-	simplificābāre	-	-	-	-	-	simplificābere	-	-	-	-	-	-	-
sinō	-	sinis	sinit	sinimus	sinitis	sinunt	sinēbam	sinēbās	sinēbat	sinēbāmus	sinēbātis	sinēbant	sinam	sinēs	sinet	sinēmus	sinētis	sinent	sine	sinite	sinere
sistō	-	sistis	sistit	sistimus	sistitis	sistunt	sistēbam	sistēbās	sistēbat	sistēbāmus	sistēbātis	sistēbant	sistam	sistēs	sistet	sistēmus	sistētis	sistent	siste	sistite	sistere
sociō	-	sociās	sociat	sociāmus	sociātis	sociant	sociābam	sociābās	sociābat	sociābāmus	sociābātis	sociābant	sociābō	sociābis	sociābit	sociābimus	sociābitis	sociābunt	sociā	sociāte	sociāre
solvō	-	solvis	solvit	solvimus	solvitis	solvunt	solvēbam	solvēbās	solvēbat	solvēbāmus	solvēbātis	solvēbant	solvam	solvēs	solvet	solvēmus	solvētis	solvent	solve	solvite	solvere
somniō	-	somniās	somniat	somniāmus	somniātis	somniant	somniābam	somniābās	somniābat	somniābāmus	somniābātis	somniābant	somniābō	somniābis	somniābit	somniābimus	somniābitis	somniābunt	somniā	somniāte	somniāre
sonō	-	sonis	-	sonimus	sonitis	-	-	-	-	-	-	-	sonam	-	sonet	-	-	sonent	sone	sonite	sonere
sortior	-	sortīre	-	-	-	-	-	sortiēbāre	-	-	-	-	-	sortiēre	-	-	-	-	-	-	-
sorōriō	-	sorōriās	sorōriat	sorōriāmus	sorōriātis	sorōriant	sorōriābam	sorōriābās	sorōriābat	sorōriābāmus	sorōriābātis	sorōriābant	sorōriābō	sorōriābis	sorōriābit	sorōriābimus	sorōriābitis	sorōriābunt	sorōriā	sorōriāte	sorōriāre
spargō	-	spargis	spargit	spargimus	spargitis	spargunt	spargēbam	spargēbās	spargēbat	spargēbāmus	spargēbātis	spargēbant	spargam	spargēs	sparget	spargēmus	spargētis	spargent	sparge	spargite	spargere
spatior	-	spatiāre	spatiātur	spatiāmur	spatiāminī	spatiantur	spatiābar	spatiābāre	spatiābātur	spatiābāmur	spatiābāminī	spatiābantur	spatiābor	spatiābere	spatiābitur	spatiābimur	spatiābiminī	spatiābuntur	spatiāre	spatiāminī	spatiārī
spatiō	-	spatiās	spatiat	spatiāmus	spatiātis	spatiant	spatiābam	spatiābās	spatiābat	spatiābāmus	spatiābātis	spatiābant	spatiābō	spatiābis	spatiābit	spatiābimus	spatiābitis	spatiābunt	spatiā	spatiāte	spatiāre
speciō	-	specis	-	specimus	specitis	-	-	-	-	-	-	-	-	-	-	-	-	-	spece	specite	specere
speculor	-	speculāre	-	-	-	-	-	speculābāre	-	-	-	-	-	speculābere	-	-	-	-	-	-	-
spernō	-	spernis	spernit	spernimus	spernitis	spernunt	spernēbam	spernēbās	spernēbat	spernēbāmus	spernēbātis	spernēbant	spernam	spernēs	spernet	spernēmus	spernētis	spernent	sperne	spernite	spernere
spiciō	-	spicis	-	spicimus	spicitis	-	-	-	-	-	-	-	-	-	-	-	-	-	spice	spicite	spicere
spoliō	-	spoliās	spoliat	spoliāmus	spoliātis	spoliant	spoliābam	spoliābās	spoliābat	spoliābāmus	spoliābātis	spoliābant	spoliābō	spoliābis	spoliābit	spoliābimus	spoliābitis	spoliābunt	spoliā	spoliāte	spoliāre
spuō	-	spuis	spuit	spuimus	spuitis	spuunt	spuēbam	spuēbās	spuēbat	spuēbāmus	spuēbātis	spuēbant	spuam	spuēs	spuet	spuēmus	spuētis	spuent	spue	spuite	spuere
statuō	-	statuis	statuit	statuimus	statuitis	statuunt	statuēbam	statuēbās	statuēbat	statuēbāmus	statuēbātis	statuēbant	statuam	statuēs	statuet	statuēmus	statuētis	statuent	statue	statuite	statuere
sternuō	-	sternuis	sternuit	sternuimus	sternuitis	sternuunt	sternuēbam	sternuēbās	sternuēbat	sternuēbāmus	sternuēbātis	sternuēbant	sternuam	sternuēs	sternuet	sternuēmus	sternuētis	sternuent	sternue	sternuite	sternuere
sternō	-	sternis	sternit	sternimus	sternitis	sternunt	sternēbam	sternēbās	sternēbat	sternēbāmus	sternēbātis	sternēbant	sternam	sternēs	sternet	sternēmus	sternētis	sternent	sterne	sternite	sternere
stertō	-	stertis	stertit	stertimus	stertitis	stertunt	stertēbam	stertēbās	stertēbat	stertēbāmus	stertēbātis	stertēbant	stertam	stertēs	stertet	stertēmus	stertētis	stertent	sterte	stertite	stertere
stinguō	-	stinguis	stinguit	stinguimus	stinguitis	stinguunt	stinguēbam	stinguēbās	stinguēbat	stinguēbāmus	stinguēbātis	stinguēbant	stinguam	stinguēs	stinguet	stinguēmus	stinguētis	stinguent	stingue	stinguite	stinguere
stipulor	-	stipulāre	-	-	-	-	-	stipulābāre	-	-	-	-	-	stipulābere	-	-	-	-	-	-	stipulārier
stomachor	-	stomachāre	-	-	-	-	-	stomachābāre	-	-	-	-	-	stomachābere	-	-	-	-	-	-	-
strepō	-	strepis	strepit	strepimus	strepitis	strepunt	strepēbam	strepēbās	strepēbat	strepēbāmus	strepēbātis	strepēbant	strepam	strepēs	strepet	strepēmus	strepētis	strepent	strepe	strepite	strepere
stringō	-	stringis	stringit	stringimus	stringitis	stringunt	stringēbam	stringēbās	stringēbat	stringēbāmus	stringēbātis	stringēbant	stringam	stringēs	stringet	stringēmus	stringētis	stringent	stringe	stringite	stringere
struō	-	struis	struit	struimus	struitis	struunt	struēbam	struēbās	struēbat	struēbāmus	struēbātis	struēbant	struam	struēs	struet	struēmus	struētis	struent	strue	struite	struere
strīdō	-	strīdis	strīdit	strīdimus	strīditis	strīdunt	strīdēbam	strīdēbās	strīdēbat	strīdēbāmus	strīdēbātis	strīdēbant	strīdam	strīdēs	strīdet	strīdēmus	strīdētis	strīdent	strīde	strīdite	strīdere
studiō	-	studiās	studiat	studiāmus	studiātis	studiant	studiābam	studiābās	studiābat	studiābāmus	studiābātis	studiābant	studiābō	studiābis	studiābit	studiābimus	studiābitis	studiābunt	studiā	studiāte	studiāre
stupefaciō	-	stupefacis	-	stupefacimus	stupefacitis	-	-	-	-	-	-	-	-	-	-	-	-	-	stupeface	stupefacite	stupefacere
stīpendiō	-	stīpendiās	stīpendiat	stīpendiāmus	stīpendiātis	stīpendiant	stīpendiābam	stīpendiābās	stīpendiābat	stīpendiābāmus	stīpendiābātis	stīpendiābant	stīpendiābō	stīpendiābis	stīpendiābit	stīpendiābimus	stīpendiābitis	stīpendiābunt	stīpendiā	stīpendiāte	stīpendiāre
subaemulor	-	subaemulāre	-	-	-	-	-	subaemulābāre	-	-	-	-	-	subaemulābere	-	-	-	-	-	-	-
subcumbō	-	subcumbis	subcumbit	subcumbimus	subcumbitis	subcumbunt	subcumbēbam	subcumbēbās	subcumbēbat	subcumbēbāmus	subcumbēbātis	subcumbēbant	subcumbam	subcumbēs	subcumbet	subcumbēmus	subcumbētis	subcumbent	subcumbe	subcumbite	subcumbere
subdēficiō	-	subdēficis	-	subdēficimus	subdēficitis	-	-	-	-	-	-	-	-	-	-	-	-	-	subdēfice	subdēficite	subdēficere
subdēligō	-	subdēligis	subdēligit	subdēligimus	subdēligitis	subdēligunt	subdēligēbam	subdēligēbās	subdēligēbat	subdēligēbāmus	subdēligēbātis	subdēligēbant	subdēligam	subdēligēs	subdēliget	subdēligēmus	subdēligētis	subdēligent	subdēlige	subdēligite	subdēligere
subdīvidō	-	subdīvidis	subdīvidit	subdīvidimus	subdīviditis	subdīvidunt	subdīvidēbam	subdīvidēbās	subdīvidēbat	subdīvidēbāmus	subdīvidēbātis	subdīvidēbant	subdīvidam	subdīvidēs	subdīvidet	subdīvidēmus	subdīvidētis	subdīvident	subdīvide	subdīvidite	subdīvidere
subdō	-	subdis	subdit	subdimus	subditis	subdunt	subdēbam	subdēbās	subdēbat	subdēbāmus	subdēbātis	subdēbant	subdam	subdēs	subdet	subdēmus	subdētis	subdent	subde	subdite	subdere
subdūcō	-	subdūcis	subdūcit	subdūcimus	subdūcitis	subdūcunt	subdūcēbam	subdūcēbās	subdūcēbat	subdūcēbāmus	subdūcēbātis	subdūcēbant	subdūcam	subdūcēs	subdūcet	subdūcēmus	subdūcētis	subdūcent	subdūc	subdūcite	subdūcere
subedō	-	subedis	subedit	subedimus	subeditis	subedunt	subedēbam	subedēbās	subedēbat	subedēbāmus	subedēbātis	subedēbant	subedam	subedēs	subedet	subedēmus	subedētis	subedent	subede	subedite	subedere
subeō	-	subīs	subit	subīmus	subītis	subeunt	subībam	subībās	subībat	subībāmus	subībātis	subībant	subībō	subībis	subībit	subībimus	subībitis	subībunt	subī	subīte	subīre
subficiō	-	subficis	-	subficimus	subficitis	-	-	-	-	-	-	-	-	-	-	-	-	-	subfice	subficite	subficere
subfodiō	-	subfodis	-	subfodimus	subfoditis	-	-	-	-	-	-	-	-	-	-	-	-	-	subfode	subfodite	subfodere
subiciō	-	subicis	-	subicimus	subicitis	-	-	-	-	-	-	-	-	-	-	-	-	-	subice	subicite	subicere
subigō	-	subigis	subigit	subigimus	subigitis	subigunt	subigēbam	subigēbās	subigēbat	subigēbāmus	subigēbātis	subigēbant	subigam	subigēs	subiget	subigēmus	subigētis	subigent	subige	subigite	subigere
subintellegō	-	subintellegis	subintellegit	subintellegimus	subintellegitis	subintellegunt	subintellegēbam	subintellegēbās	subintellegēbat	subintellegēbāmus	subintellegēbātis	subintellegēbant	subintellegam	subintellegēs	subintelleget	subintellegēmus	subintellegētis	subintellegent	subintellege	subintellegite	subintellegere
subintroeō	-	subintroīs	subintroit	subintroīmus	subintroītis	subintroeunt	subintroībam	subintroībās	subintroībat	subintroībāmus	subintroībātis	subintroībant	subintroībō	subintroībis	subintroībit	subintroībimus	subintroībitis	subintroībunt	subintroī	subintroīte	subintroīre
subintrōdūcō	-	subintrōdūcis	subintrōdūcit	subintrōdūcimus	subintrōdūcitis	subintrōdūcunt	subintrōdūcēbam	subintrōdūcēbās	subintrōdūcēbat	subintrōdūcēbāmus	subintrōdūcēbātis	subintrōdūcēbant	subintrōdūcam	subintrōdūcēs	subintrōdūcet	subintrōdūcēmus	subintrōdūcētis	subintrōdūcent	subintrōdūc	subintrōdūcite	subintrōdūcere
subiungō	-	subiungis	subiungit	subiungimus	subiungitis	subiungunt	subiungēbam	subiungēbās	subiungēbat	subiungēbāmus	subiungēbātis	subiungēbant	subiungam	subiungēs	subiunget	subiungēmus	subiungētis	subiungent	subiunge	subiungite	subiungere
subjiciō	-	subjicis	-	subjicimus	subjicitis	-	-	-	-	-	-	-	-	-	-	-	-	-	subjice	subjicite	subjicere
subjungō	-	subjungis	subjungit	subjungimus	subjungitis	subjungunt	subjungēbam	subjungēbās	subjungēbat	subjungēbāmus	subjungēbātis	subjungēbant	subjungam	subjungēs	subjunget	subjungēmus	subjungētis	subjungent	subjunge	subjungite	subjungere
sublegō	-	sublegis	sublegit	sublegimus	sublegitis	sublegunt	sublegēbam	sublegēbās	sublegēbat	sublegēbāmus	sublegēbātis	sublegēbant	sublegam	sublegēs	subleget	sublegēmus	sublegētis	sublegent	sublege	sublegite	sublegere
sublinō	-	sublinis	sublinit	sublinimus	sublinitis	sublinunt	sublinēbam	sublinēbās	sublinēbat	sublinēbāmus	sublinēbātis	sublinēbant	sublinam	sublinēs	sublinet	sublinēmus	sublinētis	sublinent	subline	sublinite	sublinere
subluō	-	subluis	subluit	subluimus	subluitis	subluunt	subluēbam	subluēbās	subluēbat	subluēbāmus	subluēbātis	subluēbant	subluam	subluēs	subluet	subluēmus	subluētis	subluent	sublue	subluite	subluere
submergō	-	submergis	submergit	submergimus	submergitis	submergunt	submergēbam	submergēbās	submergēbat	submergēbāmus	submergēbātis	submergēbant	submergam	submergēs	submerget	submergēmus	submergētis	submergent	submerge	submergite	submergere
submittō	-	submittis	submittit	submittimus	submittitis	submittunt	submittēbam	submittēbās	submittēbat	submittēbāmus	submittēbātis	submittēbant	submittam	submittēs	submittet	submittēmus	submittētis	submittent	submitte	submittite	submittere
subnectō	-	subnectis	subnectit	subnectimus	subnectitis	subnectunt	subnectēbam	subnectēbās	subnectēbat	subnectēbāmus	subnectēbātis	subnectēbant	subnectam	subnectēs	subnectet	subnectēmus	subnectētis	subnectent	subnecte	subnectite	subnectere
suboffendō	-	suboffendis	suboffendit	suboffendimus	suboffenditis	suboffendunt	suboffendēbam	suboffendēbās	suboffendēbat	suboffendēbāmus	suboffendēbātis	suboffendēbant	suboffendam	suboffendēs	suboffendet	suboffendēmus	suboffendētis	suboffendent	suboffende	suboffendite	suboffendere
subolfaciō	-	subolfacis	-	subolfacimus	subolfacitis	-	-	-	-	-	-	-	-	-	-	-	-	-	subolface	subolfacite	subolfacere
subpetior	-	subpetiāre	subpetiātur	subpetiāmur	subpetiāminī	subpetiantur	subpetiābar	subpetiābāre	subpetiābātur	subpetiābāmur	subpetiābāminī	subpetiābantur	subpetiābor	subpetiābere	subpetiābitur	subpetiābimur	subpetiābiminī	subpetiābuntur	subpetiāre	subpetiāminī	subpetiārī
subpetō	-	subpetis	subpetit	subpetimus	subpetitis	subpetunt	subpetēbam	subpetēbās	subpetēbat	subpetēbāmus	subpetēbātis	subpetēbant	subpetam	subpetēs	subpetet	subpetēmus	subpetētis	subpetent	subpete	subpetite	subpetere
subpōnō	-	subpōnis	subpōnit	subpōnimus	subpōnitis	subpōnunt	subpōnēbam	subpōnēbās	subpōnēbat	subpōnēbāmus	subpōnēbātis	subpōnēbant	subpōnam	subpōnēs	subpōnet	subpōnēmus	subpōnētis	subpōnent	subpōne	subpōnite	subpōnere
subrigō	-	subrigis	subrigit	subrigimus	subrigitis	subrigunt	subrigēbam	subrigēbās	subrigēbat	subrigēbāmus	subrigēbātis	subrigēbant	subrigam	subrigēs	subriget	subrigēmus	subrigētis	subrigent	subrige	subrigite	subrigere
subripiō	-	subripis	-	subripimus	subripitis	-	-	-	-	-	-	-	-	-	-	-	-	-	subripe	subripite	subripere
subruō	-	subruis	subruit	subruimus	subruitis	subruunt	subruēbam	subruēbās	subruēbat	subruēbāmus	subruēbātis	subruēbant	subruam	subruēs	subruet	subruēmus	subruētis	subruent	subrue	subruite	subruere
subrēpō	-	subrēpis	subrēpit	subrēpimus	subrēpitis	subrēpunt	subrēpēbam	subrēpēbās	subrēpēbat	subrēpēbāmus	subrēpēbātis	subrēpēbant	subrēpam	subrēpēs	subrēpet	subrēpēmus	subrēpētis	subrēpent	subrēpe	subrēpite	subrēpere
subscrībō	-	subscrībis	subscrībit	subscrībimus	subscrībitis	subscrībunt	subscrībēbam	subscrībēbās	subscrībēbat	subscrībēbāmus	subscrībēbātis	subscrībēbant	subscrībam	subscrībēs	subscrībet	subscrībēmus	subscrībētis	subscrībent	subscrībe	subscrībite	subscrībere
subsequor	-	subsequere	subsequitur	subsequimur	subsequiminī	subsequuntur	subsequēbar	subsequēbāre	subsequēbātur	subsequēbāmur	subsequēbāminī	subsequēbantur	subsequar	subsequēre	subsequētur	subsequēmur	subsequēminī	subsequentur	subsequere	subsequiminī	subsequī
subsistō	-	subsistis	subsistit	subsistimus	subsistitis	subsistunt	subsistēbam	subsistēbās	subsistēbat	subsistēbāmus	subsistēbātis	subsistēbant	subsistam	subsistēs	subsistet	subsistēmus	subsistētis	subsistent	subsiste	subsistite	subsistere
subsortior	-	subsortīre	-	-	-	-	-	subsortiēbāre	-	-	-	-	-	subsortiēre	-	-	-	-	-	-	-
substernō	-	substernis	substernit	substernimus	substernitis	substernunt	substernēbam	substernēbās	substernēbat	substernēbāmus	substernēbātis	substernēbant	substernam	substernēs	substernet	substernēmus	substernētis	substernent	substerne	substernite	substernere
substituō	-	substituis	substituit	substituimus	substituitis	substituunt	substituēbam	substituēbās	substituēbat	substituēbāmus	substituēbātis	substituēbant	substituam	substituēs	substituet	substituēmus	substituētis	substituent	substitue	substituite	substituere
substruō	-	substruis	substruit	substruimus	substruitis	substruunt	substruēbam	substruēbās	substruēbat	substruēbāmus	substruēbātis	substruēbant	substruam	substruēs	substruet	substruēmus	substruētis	substruent	substrue	substruite	substruere
subsum	subsum	subes	subest	subsumus	subestis	subsunt	suberam	suberās	suberat	suberāmus	suberātis	suberant	suberō	subere	suberit	suberimus	suberitis	suberunt	subes	subeste	subesse
subsīdō	-	subsīdis	subsīdit	subsīdimus	subsīditis	subsīdunt	subsīdēbam	subsīdēbās	subsīdēbat	subsīdēbāmus	subsīdēbātis	subsīdēbant	subsīdam	subsīdēs	subsīdet	subsīdēmus	subsīdētis	subsīdent	subsīde	subsīdite	subsīdere
subterdūcō	-	subterdūcis	subterdūcit	subterdūcimus	subterdūcitis	subterdūcunt	subterdūcēbam	subterdūcēbās	subterdūcēbat	subterdūcēbāmus	subterdūcēbātis	subterdūcēbant	subterdūcam	subterdūcēs	subterdūcet	subterdūcēmus	subterdūcētis	subterdūcent	subterdūc	subterdūcite	subterdūcere
subterfluō	-	subterfluis	subterfluit	subterfluimus	subterfluitis	subterfluunt	subterfluēbam	subterfluēbās	subterfluēbat	subterfluēbāmus	subterfluēbātis	subterfluēbant	subterfluam	subterfluēs	subterfluet	subterfluēmus	subterfluētis	subterfluent	subterflue	subterfluite	subterfluere
subterfugiō	-	subterfugis	-	subterfugimus	subterfugitis	-	-	-	-	-	-	-	-	-	-	-	-	-	subterfuge	subterfugite	subterfugere
subterō	-	subteris	subterit	subterimus	subteritis	subterunt	subterēbam	subterēbās	subterēbat	subterēbāmus	subterēbātis	subterēbant	subteram	subterēs	subteret	subterēmus	subterētis	subterent	subtere	subterite	subterere
subtexō	-	subtexis	subtexit	subteximus	subtexitis	subtexunt	subtexēbam	subtexēbās	subtexēbat	subtexēbāmus	subtexēbātis	subtexēbant	subtexam	subtexēs	subtexet	subtexēmus	subtexētis	subtexent	subtexe	subtexite	subtexere
subtrahō	-	subtrahis	subtrahit	subtrahimus	subtrahitis	subtrahunt	subtrahēbam	subtrahēbās	subtrahēbat	subtrahēbāmus	subtrahēbātis	subtrahēbant	subtraham	subtrahēs	subtrahet	subtrahēmus	subtrahētis	subtrahent	subtrahe	subtrahite	subtrahere
subtīliō	-	subtīliās	subtīliat	subtīliāmus	subtīliātis	subtīliant	subtīliābam	subtīliābās	subtīliābat	subtīliābāmus	subtīliābātis	subtīliābant	subtīliābō	subtīliābis	subtīliābit	subtīliābimus	subtīliābitis	subtīliābunt	subtīliā	subtīliāte	subtīliāre
subvehō	-	subvehis	subvehit	subvehimus	subvehitis	subvehunt	subvehēbam	subvehēbās	subvehēbat	subvehēbāmus	subvehēbātis	subvehēbant	subveham	subvehēs	subvehet	subvehēmus	subvehētis	subvehent	subvehe	subvehite	subvehere
subvereor	-	subverēre	-	-	-	-	-	subverēbāre	-	-	-	-	-	subverēbere	-	-	-	-	-	-	-
subvertō	-	subvertis	subvertit	subvertimus	subvertitis	subvertunt	subvertēbam	subvertēbās	subvertēbat	subvertēbāmus	subvertēbātis	subvertēbant	subvertam	subvertēs	subvertet	subvertēmus	subvertētis	subvertent	subverte	subvertite	subvertere
subvolvō	-	subvolvis	subvolvit	subvolvimus	subvolvitis	subvolvunt	subvolvēbam	subvolvēbās	subvolvēbat	subvolvēbāmus	subvolvēbātis	subvolvēbant	subvolvam	subvolvēs	subvolvet	subvolvēmus	subvolvētis	subvolvent	subvolve	subvolvite	subvolvere
subīnferō	-	subīnfers	subīnfert	subīnferimus	subīnfertis	subīnferunt	subīnferēbam	subīnferēbās	subīnferēbat	subīnferēbāmus	subīnferēbātis	subīnferēbant	subīnferam	subīnferēs	subīnferet	subīnferēmus	subīnferētis	subīnferent	subīnfer	subīnferte	subīnferre
subīnscrībō	-	subīnscrībis	subīnscrībit	subīnscrībimus	subīnscrībitis	subīnscrībunt	subīnscrībēbam	subīnscrībēbās	subīnscrībēbat	subīnscrībēbāmus	subīnscrībēbātis	subīnscrībēbant	subīnscrībam	subīnscrībēs	subīnscrībet	subīnscrībēmus	subīnscrībētis	subīnscrībent	subīnscrībe	subīnscrībite	subīnscrībere
subīrāscor	-	subīrāscere	subīrāscitur	subīrāscimur	subīrāsciminī	subīrāscuntur	subīrāscēbar	subīrāscēbāre	subīrāscēbātur	subīrāscēbāmur	subīrāscēbāminī	subīrāscēbantur	subīrāscar	subīrāscēre	subīrāscētur	subīrāscēmur	subīrāscēminī	subīrāscentur	subīrāscere	subīrāsciminī	subīrāscī
subūrō	-	subūris	subūrit	subūrimus	subūritis	subūrunt	subūrēbam	subūrēbās	subūrēbat	subūrēbāmus	subūrēbātis	subūrēbant	subūram	subūrēs	subūret	subūrēmus	subūrētis	subūrent	subūre	subūrite	subūrere
succendō	-	succendis	succendit	succendimus	succenditis	succendunt	succendēbam	succendēbās	succendēbat	succendēbāmus	succendēbātis	succendēbant	succendam	succendēs	succendet	succendēmus	succendētis	succendent	succende	succendite	succendere
succernō	-	succernis	succernit	succernimus	succernitis	succernunt	succernēbam	succernēbās	succernēbat	succernēbāmus	succernēbātis	succernēbant	succernam	succernēs	succernet	succernēmus	succernētis	succernent	succerne	succernite	succernere
succidō	-	succidis	succidit	succidimus	succiditis	succidunt	succidēbam	succidēbās	succidēbat	succidēbāmus	succidēbātis	succidēbant	succidam	succidēs	succidet	succidēmus	succidētis	succident	succide	succidite	succidere
succingō	-	succingis	succingit	succingimus	succingitis	succingunt	succingēbam	succingēbās	succingēbat	succingēbāmus	succingēbātis	succingēbant	succingam	succingēs	succinget	succingēmus	succingētis	succingent	succinge	succingite	succingere
succinō	-	succinis	succinit	succinimus	succinitis	succinunt	succinēbam	succinēbās	succinēbat	succinēbāmus	succinēbātis	succinēbant	succinam	succinēs	succinet	succinēmus	succinētis	succinent	succine	succinite	succinere
succipiō	-	succipis	-	succipimus	succipitis	-	-	-	-	-	-	-	-	-	-	-	-	-	succipe	succipite	succipere
succumbō	-	succumbis	succumbit	succumbimus	succumbitis	succumbunt	succumbēbam	succumbēbās	succumbēbat	succumbēbāmus	succumbēbātis	succumbēbant	succumbam	succumbēs	succumbet	succumbēmus	succumbētis	succumbent	succumbe	succumbite	succumbere
succurrō	-	succurris	succurrit	succurrimus	succurritis	succurrunt	succurrēbam	succurrēbās	succurrēbat	succurrēbāmus	succurrēbātis	succurrēbant	succurram	succurrēs	succurret	succurrēmus	succurrētis	succurrent	succurre	succurrite	succurrere
succutiō	-	succutis	-	succutimus	succutitis	-	-	-	-	-	-	-	-	-	-	-	-	-	succute	succutite	succutere
succēdō	-	succēdis	succēdit	succēdimus	succēditis	succēdunt	succēdēbam	succēdēbās	succēdēbat	succēdēbāmus	succēdēbātis	succēdēbant	succēdam	succēdēs	succēdet	succēdēmus	succēdētis	succēdent	succēde	succēdite	succēdere
succīdō	-	succīdis	succīdit	succīdimus	succīditis	succīdunt	succīdēbam	succīdēbās	succīdēbat	succīdēbāmus	succīdēbātis	succīdēbant	succīdam	succīdēs	succīdet	succīdēmus	succīdētis	succīdent	succīde	succīdite	succīdere
sufferō	-	suffers	suffert	sufferimus	suffertis	sufferunt	sufferēbam	sufferēbās	sufferēbat	sufferēbāmus	sufferēbātis	sufferēbant	sufferam	sufferēs	sufferet	sufferēmus	sufferētis	sufferent	suffer	sufferte	sufferre
sufficiō	-	sufficis	-	sufficimus	sufficitis	-	-	-	-	-	-	-	-	-	-	-	-	-	suffice	sufficite	sufficere
suffodiō	-	suffodis	-	suffodimus	suffoditis	-	-	-	-	-	-	-	-	-	-	-	-	-	suffode	suffodite	suffodere
suffringō	-	suffringis	suffringit	suffringimus	suffringitis	suffringunt	suffringēbam	suffringēbās	suffringēbat	suffringēbāmus	suffringēbātis	suffringēbant	suffringam	suffringēs	suffringet	suffringēmus	suffringētis	suffringent	suffringe	suffringite	suffringere
suffugiō	-	suffugis	-	suffugimus	suffugitis	-	-	-	-	-	-	-	-	-	-	-	-	-	suffuge	suffugite	suffugere
suffundō	-	suffundis	suffundit	suffundimus	suffunditis	suffundunt	suffundēbam	suffundēbās	suffundēbat	suffundēbāmus	suffundēbātis	suffundēbant	suffundam	suffundēs	suffundet	suffundēmus	suffundētis	suffundent	suffunde	suffundite	suffundere
suffīgō	-	suffīgis	suffīgit	suffīgimus	suffīgitis	suffīgunt	suffīgēbam	suffīgēbās	suffīgēbat	suffīgēbāmus	suffīgēbātis	suffīgēbant	suffīgam	suffīgēs	suffīget	suffīgēmus	suffīgētis	suffīgent	suffīge	suffīgite	suffīgere
suffūror	-	suffūrāre	-	-	-	-	-	suffūrābāre	-	-	-	-	-	suffūrābere	-	-	-	-	-	-	-
suggerō	-	suggeris	suggerit	suggerimus	suggeritis	suggerunt	suggerēbam	suggerēbās	suggerēbat	suggerēbāmus	suggerēbātis	suggerēbant	suggeram	suggerēs	suggeret	suggerēmus	suggerētis	suggerent	suggere	suggerite	suggerere
sum	sum	es	est	sumus	estis	sunt	eram	erās	erat	erāmus	erātis	erant	erō	ere	erit	erimus	eritis	erunt	es	este	esse
summergō	-	summergis	summergit	summergimus	summergitis	summergunt	summergēbam	summergēbās	summergēbat	summergēbāmus	summergēbātis	summergēbant	summergam	summergēs	summerget	summergēmus	summergētis	summergent	summerge	summergite	summergere
summittō	-	summittis	summittit	summittimus	summittitis	summittunt	summittēbam	summittēbās	summittēbat	summittēbāmus	summittēbātis	summittēbant	summittam	summittēs	summittet	summittēmus	summittētis	summittent	summitte	summittite	summittere
superaddō	-	superaddis	superaddit	superaddimus	superadditis	superaddunt	superaddēbam	superaddēbās	superaddēbat	superaddēbāmus	superaddēbātis	superaddēbant	superaddam	superaddēs	superaddet	superaddēmus	superaddētis	superaddent	superadde	superaddite	superaddere
supercernō	-	supercernis	supercernit	supercernimus	supercernitis	supercernunt	supercernēbam	supercernēbās	supercernēbat	supercernēbāmus	supercernēbātis	supercernēbant	supercernam	supercernēs	supercernet	supercernēmus	supercernētis	supercernent	supercerne	supercernite	supercernere
superdīcō	-	superdīcis	superdīcit	superdīcimus	superdīcitis	superdīcunt	superdīcēbam	superdīcēbās	superdīcēbat	superdīcēbāmus	superdīcēbātis	superdīcēbant	superdīcam	superdīcēs	superdīcet	superdīcēmus	superdīcētis	superdīcent	superdīc	superdīcite	superdīcere
superdūcō	-	superdūcis	superdūcit	superdūcimus	superdūcitis	superdūcunt	superdūcēbam	superdūcēbās	superdūcēbat	superdūcēbāmus	superdūcēbātis	superdūcēbant	superdūcam	superdūcēs	superdūcet	superdūcēmus	superdūcētis	superdūcent	superdūc	superdūcite	superdūcere
supereffluō	-	supereffluis	supereffluit	supereffluimus	supereffluitis	supereffluunt	supereffluēbam	supereffluēbās	supereffluēbat	supereffluēbāmus	supereffluēbātis	supereffluēbant	supereffluam	supereffluēs	supereffluet	supereffluēmus	supereffluētis	supereffluent	superefflue	supereffluite	supereffluere
superexcurrō	-	superexcurris	superexcurrit	superexcurrimus	superexcurritis	superexcurrunt	superexcurrēbam	superexcurrēbās	superexcurrēbat	superexcurrēbāmus	superexcurrēbātis	superexcurrēbant	superexcurram	superexcurrēs	superexcurret	superexcurrēmus	superexcurrētis	superexcurrent	superexcurre	superexcurrite	superexcurrere
superextendō	-	superextendis	superextendit	superextendimus	superextenditis	superextendunt	superextendēbam	superextendēbās	superextendēbat	superextendēbāmus	superextendēbātis	superextendēbant	superextendam	superextendēs	superextendet	superextendēmus	superextendētis	superextendent	superextende	superextendite	superextendere
superextollō	-	superextollis	superextollit	superextollimus	superextollitis	superextollunt	superextollēbam	superextollēbās	superextollēbat	superextollēbāmus	superextollēbātis	superextollēbant	superextollam	superextollēs	superextollet	superextollēmus	superextollētis	superextollent	superextolle	superextollite	superextollere
superextruō	-	superextruis	superextruit	superextruimus	superextruitis	superextruunt	superextruēbam	superextruēbās	superextruēbat	superextruēbāmus	superextruēbātis	superextruēbant	superextruam	superextruēs	superextruet	superextruēmus	superextruētis	superextruent	superextrue	superextruite	superextruere
superfluō	-	superfluis	superfluit	superfluimus	superfluitis	superfluunt	superfluēbam	superfluēbās	superfluēbat	superfluēbāmus	superfluēbātis	superfluēbant	superfluam	superfluēs	superfluet	superfluēmus	superfluētis	superfluent	superflue	superfluite	superfluere
superfugiō	-	superfugis	-	superfugimus	superfugitis	-	-	-	-	-	-	-	-	-	-	-	-	-	superfuge	superfugite	superfugere
superfundō	-	superfundis	superfundit	superfundimus	superfunditis	superfundunt	superfundēbam	superfundēbās	superfundēbat	superfundēbāmus	superfundēbātis	superfundēbant	superfundam	superfundēs	superfundet	superfundēmus	superfundētis	superfundent	superfunde	superfundite	superfundere
supergredior	-	supergredere	supergreditur	supergredimur	supergrediminī	-	-	supergrediēbāre	-	-	-	-	-	supergrediēre	-	-	-	-	supergredere	supergrediminī	supergredī
superiaciō	-	superiacis	-	superiacimus	superiacitis	-	-	-	-	-	-	-	-	-	-	-	-	-	superiace	superiacite	superiacere
superimpendō	-	superimpendis	superimpendit	superimpendimus	superimpenditis	superimpendunt	superimpendēbam	superimpendēbās	superimpendēbat	superimpendēbāmus	superimpendēbātis	superimpendēbant	superimpendam	superimpendēs	superimpendet	superimpendēmus	superimpendētis	superimpendent	superimpende	superimpendite	superimpendere
superimpōnō	-	superimpōnis	superimpōnit	superimpōnimus	superimpōnitis	superimpōnunt	superimpōnēbam	superimpōnēbās	superimpōnēbat	superimpōnēbāmus	superimpōnēbātis	superimpōnēbant	superimpōnam	superimpōnēs	superimpōnet	superimpōnēmus	superimpōnētis	superimpōnent	superimpōne	superimpōnite	superimpōnere
superinduō	-	superinduis	superinduit	superinduimus	superinduitis	superinduunt	superinduēbam	superinduēbās	superinduēbat	superinduēbāmus	superinduēbātis	superinduēbant	superinduam	superinduēs	superinduet	superinduēmus	superinduētis	superinduent	superindue	superinduite	superinduere
superindūcō	-	superindūcis	superindūcit	superindūcimus	superindūcitis	superindūcunt	superindūcēbam	superindūcēbās	superindūcēbat	superindūcēbāmus	superindūcēbātis	superindūcēbant	superindūcam	superindūcēs	superindūcet	superindūcēmus	superindūcētis	superindūcent	superindūc	superindūcite	superindūcere
superinpendō	-	superinpendis	superinpendit	superinpendimus	superinpenditis	superinpendunt	superinpendēbam	superinpendēbās	superinpendēbat	superinpendēbāmus	superinpendēbātis	superinpendēbant	superinpendam	superinpendēs	superinpendet	superinpendēmus	superinpendētis	superinpendent	superinpende	superinpendite	superinpendere
superjaciō	-	superjacis	-	superjacimus	superjacitis	-	-	-	-	-	-	-	-	-	-	-	-	-	superjace	superjacite	superjacere
superlucror	-	superlucrāre	-	-	-	-	-	superlucrābāre	-	-	-	-	-	superlucrābere	-	-	-	-	-	-	-
supermittō	-	supermittis	supermittit	supermittimus	supermittitis	supermittunt	supermittēbam	supermittēbās	supermittēbat	supermittēbāmus	supermittēbātis	supermittēbant	supermittam	supermittēs	supermittet	supermittēmus	supermittētis	supermittent	supermitte	supermittite	supermittere
superobruō	-	superobruis	superobruit	superobruimus	superobruitis	superobruunt	superobruēbam	superobruēbās	superobruēbat	superobruēbāmus	superobruēbātis	superobruēbant	superobruam	superobruēs	superobruet	superobruēmus	superobruētis	superobruent	superobrue	superobruite	superobruere
superprehendō	-	superprehendis	superprehendit	superprehendimus	superprehenditis	superprehendunt	superprehendēbam	superprehendēbās	superprehendēbat	superprehendēbāmus	superprehendēbātis	superprehendēbant	superprehendam	superprehendēs	superprehendet	superprehendēmus	superprehendētis	superprehendent	superprehende	superprehendite	superprehendere
superpōnō	-	superpōnis	superpōnit	superpōnimus	superpōnitis	superpōnunt	superpōnēbam	superpōnēbās	superpōnēbat	superpōnēbāmus	superpōnēbātis	superpōnēbant	superpōnam	superpōnēs	superpōnet	superpōnēmus	superpōnētis	superpōnent	superpōne	superpōnite	superpōnere
supersapiō	-	supersapis	-	supersapimus	supersapitis	-	-	-	-	-	-	-	-	-	-	-	-	-	supersape	supersapite	supersapere
superscandō	-	superscandis	superscandit	superscandimus	superscanditis	superscandunt	superscandēbam	superscandēbās	superscandēbat	superscandēbāmus	superscandēbātis	superscandēbant	superscandam	superscandēs	superscandet	superscandēmus	superscandētis	superscandent	superscande	superscandite	superscandere
superscrībō	-	superscrībis	superscrībit	superscrībimus	superscrībitis	superscrībunt	superscrībēbam	superscrībēbās	superscrībēbat	superscrībēbāmus	superscrībēbātis	superscrībēbant	superscrībam	superscrībēs	superscrībet	superscrībēmus	superscrībētis	superscrībent	superscrībe	superscrībite	superscrībere
superstruō	-	superstruis	superstruit	superstruimus	superstruitis	superstruunt	superstruēbam	superstruēbās	superstruēbat	superstruēbāmus	superstruēbātis	superstruēbant	superstruam	superstruēs	superstruet	superstruēmus	superstruētis	superstruent	superstrue	superstruite	superstruere
supersum	supersum	superes	superest	supersumus	superestis	supersunt	supereram	supererās	supererat	supererāmus	supererātis	supererant	supererō	superere	supererit	supererimus	supereritis	supererunt	superes	supereste	superesse
supertollō	-	supertollis	supertollit	supertollimus	supertollitis	supertollunt	supertollēbam	supertollēbās	supertollēbat	supertollēbāmus	supertollēbātis	supertollēbant	supertollam	supertollēs	supertollet	supertollēmus	supertollētis	supertollent	supertolle	supertollite	supertollere
supertrahō	-	supertrahis	supertrahit	supertrahimus	supertrahitis	supertrahunt	supertrahēbam	supertrahēbās	supertrahēbat	supertrahēbāmus	supertrahēbātis	supertrahēbant	supertraham	supertrahēs	supertrahet	supertrahēmus	supertrahētis	supertrahent	supertrahe	supertrahite	supertrahere
supertrānseō	-	supertrānsīs	supertrānsit	supertrānsīmus	supertrānsītis	supertrānseunt	supertrānsībam	supertrānsībās	supertrānsībat	supertrānsībāmus	supertrānsībātis	supertrānsībant	supertrānsībō	supertrānsībis	supertrānsībit	supertrānsībimus	supertrānsībitis	supertrānsībunt	supertrānsī	supertrānsīte	supertrānsīre
supervehor	-	supervehere	supervehitur	supervehimur	supervehiminī	supervehuntur	supervehēbar	supervehēbāre	supervehēbātur	supervehēbāmur	supervehēbāminī	supervehēbantur	supervehar	supervehēre	supervehētur	supervehēmur	supervehēminī	supervehentur	supervehere	supervehiminī	supervehī
supervincō	-	supervincis	supervincit	supervincimus	supervincitis	supervincunt	supervincēbam	supervincēbās	supervincēbat	supervincēbāmus	supervincēbātis	supervincēbant	supervincam	supervincēs	supervincet	supervincēmus	supervincētis	supervincent	supervince	supervincite	supervincere
supervolvō	-	supervolvis	supervolvit	supervolvimus	supervolvitis	supervolvunt	supervolvēbam	supervolvēbās	supervolvēbat	supervolvēbāmus	supervolvēbātis	supervolvēbant	supervolvam	supervolvēs	supervolvet	supervolvēmus	supervolvētis	supervolvent	supervolve	supervolvite	supervolvere
supervīvō	-	supervīvis	supervīvit	supervīvimus	supervīvitis	supervīvunt	supervīvēbam	supervīvēbās	supervīvēbat	supervīvēbāmus	supervīvēbātis	supervīvēbant	supervīvam	supervīvēs	supervīvet	supervīvēmus	supervīvētis	supervīvent	supervīve	supervīvite	supervīvere
suppetior	-	suppetiāre	suppetiātur	suppetiāmur	suppetiāminī	suppetiantur	suppetiābar	suppetiābāre	suppetiābātur	suppetiābāmur	suppetiābāminī	suppetiābantur	suppetiābor	suppetiābere	suppetiābitur	suppetiābimur	suppetiābiminī	suppetiābuntur	suppetiāre	suppetiāminī	suppetiārī
suppetō	-	suppetis	suppetit	suppetimus	suppetitis	suppetunt	suppetēbam	suppetēbās	suppetēbat	suppetēbāmus	suppetēbātis	suppetēbant	suppetam	suppetēs	suppetet	suppetēmus	suppetētis	suppetent	suppete	suppetite	suppetere
suppingō	-	suppingis	suppingit	suppingimus	suppingitis	suppingunt	suppingēbam	suppingēbās	suppingēbat	suppingēbāmus	suppingēbātis	suppingēbant	suppingam	suppingēs	suppinget	suppingēmus	suppingētis	suppingent	suppinge	suppingite	suppingere
supprimō	-	supprimis	supprimit	supprimimus	supprimitis	supprimunt	supprimēbam	supprimēbās	supprimēbat	supprimēbāmus	supprimēbātis	supprimēbant	supprimam	supprimēs	supprimet	supprimēmus	supprimētis	suppriment	supprime	supprimite	supprimere
suppēdō	-	suppēdis	suppēdit	suppēdimus	suppēditis	suppēdunt	suppēdēbam	suppēdēbās	suppēdēbat	suppēdēbāmus	suppēdēbātis	suppēdēbant	suppēdam	suppēdēs	suppēdet	suppēdēmus	suppēdētis	suppēdent	suppēde	suppēdite	suppēdere
suppōnō	-	suppōnis	suppōnit	suppōnimus	suppōnitis	suppōnunt	suppōnēbam	suppōnēbās	suppōnēbat	suppōnēbāmus	suppōnēbātis	suppōnēbant	suppōnam	suppōnēs	suppōnet	suppōnēmus	suppōnētis	suppōnent	suppōne	suppōnite	suppōnere
suprascandō	-	suprascandis	suprascandit	suprascandimus	suprascanditis	suprascandunt	suprascandēbam	suprascandēbās	suprascandēbat	suprascandēbāmus	suprascandēbātis	suprascandēbant	suprascandam	suprascandēs	suprascandet	suprascandēmus	suprascandētis	suprascandent	suprascande	suprascandite	suprascandere
suprādīcō	-	suprādīcis	suprādīcit	suprādīcimus	suprādīcitis	suprādīcunt	suprādīcēbam	suprādīcēbās	suprādīcēbat	suprādīcēbāmus	suprādīcēbātis	suprādīcēbant	suprādīcam	suprādīcēs	suprādīcet	suprādīcēmus	suprādīcētis	suprādīcent	suprādīc	suprādīcite	suprādīcere
supterdūcō	-	supterdūcis	supterdūcit	supterdūcimus	supterdūcitis	supterdūcunt	supterdūcēbam	supterdūcēbās	supterdūcēbat	supterdūcēbāmus	supterdūcēbātis	supterdūcēbant	supterdūcam	supterdūcēs	supterdūcet	supterdūcēmus	supterdūcētis	supterdūcent	supterdūc	supterdūcite	supterdūcere
supterfugiō	-	supterfugis	-	supterfugimus	supterfugitis	-	-	-	-	-	-	-	-	-	-	-	-	-	supterfuge	supterfugite	supterfugere
surgō	-	surgis	surgit	surgimus	surgitis	surgunt	surgēbam	surgēbās	surgēbat	surgēbāmus	surgēbātis	surgēbant	surgam	surgēs	surget	surgēmus	surgētis	surgent	surge	surgite	surgere
surregō	-	surregis	surregit	surregimus	surregitis	surregunt	surregēbam	surregēbās	surregēbat	surregēbāmus	surregēbātis	surregēbant	surregam	surregēs	surreget	surregēmus	surregētis	surregent	surrege	surregite	surregere
surrigō	-	surrigis	surrigit	surrigimus	surrigitis	surrigunt	surrigēbam	surrigēbās	surrigēbat	surrigēbāmus	surrigēbātis	surrigēbant	surrigam	surrigēs	surriget	surrigēmus	surrigētis	surrigent	surrige	surrigite	surrigere
surripiō	-	surripis	-	surripimus	surripitis	-	-	-	-	-	-	-	-	-	-	-	-	-	surripe	surripite	surripere
surrumpō	-	surrumpis	surrumpit	surrumpimus	surrumpitis	surrumpunt	surrumpēbam	surrumpēbās	surrumpēbat	surrumpēbāmus	surrumpēbātis	surrumpēbant	surrumpam	surrumpēs	surrumpet	surrumpēmus	surrumpētis	surrumpent	surrumpe	surrumpite	surrumpere
surruō	-	surruis	surruit	surruimus	surruitis	surruunt	surruēbam	surruēbās	surruēbat	surruēbāmus	surruēbātis	surruēbant	surruam	surruēs	surruet	surruēmus	surruētis	surruent	surrue	surruite	surruere
surrēpō	-	surrēpis	surrēpit	surrēpimus	surrēpitis	surrēpunt	surrēpēbam	surrēpēbās	surrēpēbat	surrēpēbāmus	surrēpēbātis	surrēpēbant	surrēpam	surrēpēs	surrēpet	surrēpēmus	surrēpētis	surrēpent	surrēpe	surrēpite	surrēpere
suscipiō	-	suscipis	-	suscipimus	suscipitis	-	-	-	-	-	-	-	-	-	-	-	-	-	suscipe	suscipite	suscipere
suspendō	-	suspendis	suspendit	suspendimus	suspenditis	suspendunt	suspendēbam	suspendēbās	suspendēbat	suspendēbāmus	suspendēbātis	suspendēbant	suspendam	suspendēs	suspendet	suspendēmus	suspendētis	suspendent	suspende	suspendite	suspendere
suspiciō	-	suspicis	-	suspicimus	suspicitis	-	-	-	-	-	-	-	-	-	-	-	-	-	suspice	suspicite	suspicere
suspicor	-	suspicāre	-	-	-	-	-	suspicābāre	-	-	-	-	-	suspicābere	-	-	-	-	-	-	suspicārier
sustollō	-	sustollis	sustollit	sustollimus	sustollitis	sustollunt	sustollēbam	sustollēbās	sustollēbat	sustollēbāmus	sustollēbātis	sustollēbant	sustollam	sustollēs	sustollet	sustollēmus	sustollētis	sustollent	sustolle	sustollite	sustollere
suāvior	-	suāviāre	suāviātur	suāviāmur	suāviāminī	suāviantur	suāviābar	suāviābāre	suāviābātur	suāviābāmur	suāviābāminī	suāviābantur	suāviābor	suāviābere	suāviābitur	suāviābimur	suāviābiminī	suāviābuntur	suāviāre	suāviāminī	suāviārī
suō	-	suis	suit	suimus	suitis	suunt	suēbam	suēbās	suēbat	suēbāmus	suēbātis	suēbant	suam	suēs	suet	suēmus	suētis	suent	sue	suite	suere
sāvior	-	sāviāre	sāviātur	sāviāmur	sāviāminī	sāviantur	sāviābar	sāviābāre	sāviābātur	sāviābāmur	sāviābāminī	sāviābantur	sāviābor	sāviābere	sāviābitur	sāviābimur	sāviābiminī	sāviābuntur	sāviāre	sāviāminī	sāviārī
sēcernō	-	sēcernis	sēcernit	sēcernimus	sēcernitis	sēcernunt	sēcernēbam	sēcernēbās	sēcernēbat	sēcernēbāmus	sēcernēbātis	sēcernēbant	sēcernam	sēcernēs	sēcernet	sēcernēmus	sēcernētis	sēcernent	sēcerne	sēcernite	sēcernere
sēclūdō	-	sēclūdis	sēclūdit	sēclūdimus	sēclūditis	sēclūdunt	sēclūdēbam	sēclūdēbās	sēclūdēbat	sēclūdēbāmus	sēclūdēbātis	sēclūdēbant	sēclūdam	sēclūdēs	sēclūdet	sēclūdēmus	sēclūdētis	sēclūdent	sēclūde	sēclūdite	sēclūdere
sēcēdō	-	sēcēdis	sēcēdit	sēcēdimus	sēcēditis	sēcēdunt	sēcēdēbam	sēcēdēbās	sēcēdēbat	sēcēdēbāmus	sēcēdēbātis	sēcēdēbant	sēcēdam	sēcēdēs	sēcēdet	sēcēdēmus	sēcēdētis	sēcēdent	sēcēde	sēcēdite	sēcēdere
sēdūcō	-	sēdūcis	sēdūcit	sēdūcimus	sēdūcitis	sēdūcunt	sēdūcēbam	sēdūcēbās	sēdūcēbat	sēdūcēbāmus	sēdūcēbātis	sēdūcēbant	sēdūcam	sēdūcēs	sēdūcet	sēdūcēmus	sēdūcētis	sēdūcent	sēdūc	sēdūcite	sēdūcere
sēiungō	-	sēiungis	sēiungit	sēiungimus	sēiungitis	sēiungunt	sēiungēbam	sēiungēbās	sēiungēbat	sēiungēbāmus	sēiungēbātis	sēiungēbant	sēiungam	sēiungēs	sēiunget	sēiungēmus	sēiungētis	sēiungent	sēiunge	sēiungite	sēiungere
sējungō	-	sējungis	sējungit	sējungimus	sējungitis	sējungunt	sējungēbam	sējungēbās	sējungēbat	sējungēbāmus	sējungēbātis	sējungēbant	sējungam	sējungēs	sējunget	sējungēmus	sējungētis	sējungent	sējunge	sējungite	sējungere
sēligō	-	sēligis	sēligit	sēligimus	sēligitis	sēligunt	sēligēbam	sēligēbās	sēligēbat	sēligēbāmus	sēligēbātis	sēligēbant	sēligam	sēligēs	sēliget	sēligēmus	sēligētis	sēligent	sēlige	sēligite	sēligere
sēpōnō	-	sēpōnis	sēpōnit	sēpōnimus	sēpōnitis	sēpōnunt	sēpōnēbam	sēpōnēbās	sēpōnēbat	sēpōnēbāmus	sēpōnēbātis	sēpōnēbant	sēpōnam	sēpōnēs	sēpōnet	sēpōnēmus	sēpōnētis	sēpōnent	sēpōne	sēpōnite	sēpōnere
sīdēror	-	sīdērāre	-	-	-	-	-	sīdērābāre	-	-	-	-	-	sīdērābere	-	-	-	-	-	-	-
sīdō	-	sīdis	sīdit	sīdimus	sīditis	sīdunt	sīdēbam	sīdēbās	sīdēbat	sīdēbāmus	sīdēbātis	sīdēbant	sīdam	sīdēs	sīdet	sīdēmus	sīdētis	sīdent	sīde	sīdite	sīdere
sōlor	-	sōlāre	-	-	-	-	-	sōlābāre	-	-	-	-	-	sōlābere	-	-	-	-	-	-	-
sūgō	-	sūgis	sūgit	sūgimus	sūgitis	sūgunt	sūgēbam	sūgēbās	sūgēbat	sūgēbāmus	sūgēbātis	sūgēbant	sūgam	sūgēs	sūget	sūgēmus	sūgētis	sūgent	sūge	sūgite	sūgere
sūmō	-	sūmis	sūmit	sūmimus	sūmitis	sūmunt	sūmēbam	sūmēbās	sūmēbat	sūmēbāmus	sūmēbātis	sūmēbant	sūmam	sūmēs	sūmet	sūmēmus	sūmētis	sūment	sūme	sūmite	sūmere
tangō	-	tangis	tangit	tangimus	tangitis	tangunt	tangēbam	tangēbās	tangēbat	tangēbāmus	tangēbātis	tangēbant	tangam	tangēs	tanget	tangēmus	tangētis	tangent	tange	tangite	tangere
taurobolior	-	tauroboliāre	tauroboliātur	tauroboliāmur	tauroboliāminī	tauroboliantur	tauroboliābar	tauroboliābāre	tauroboliābātur	tauroboliābāmur	tauroboliābāminī	tauroboliābantur	tauroboliābor	tauroboliābere	tauroboliābitur	tauroboliābimur	tauroboliābiminī	tauroboliābuntur	tauroboliāre	tauroboliāminī	tauroboliārī
tegō	-	tegis	tegit	tegimus	tegitis	tegunt	tegēbam	tegēbās	tegēbat	tegēbāmus	tegēbātis	tegēbant	tegam	tegēs	teget	tegēmus	tegētis	tegent	tege	tegite	tegere
temnō	-	temnis	temnit	temnimus	temnitis	temnunt	temnēbam	temnēbās	temnēbat	temnēbāmus	temnēbātis	temnēbant	temnam	temnēs	temnet	temnēmus	temnētis	temnent	temne	temnite	temnere
tendō	-	tendis	tendit	tendimus	tenditis	tendunt	tendēbam	tendēbās	tendēbat	tendēbāmus	tendēbātis	tendēbant	tendam	tendēs	tendet	tendēmus	tendētis	tendent	tende	tendite	tendere
tepefaciō	-	tepefacis	-	tepefacimus	tepefacitis	-	-	-	-	-	-	-	-	-	-	-	-	-	tepeface	tepefacite	tepefacere
tergiversor	-	tergiversāre	-	-	-	-	-	tergiversābāre	-	-	-	-	-	tergiversābere	-	-	-	-	-	-	-
tergō	-	tergis	tergit	tergimus	tergitis	tergunt	tergēbam	tergēbās	tergēbat	tergēbāmus	tergēbātis	tergēbant	tergam	tergēs	terget	tergēmus	tergētis	tergent	terge	tergite	tergere
tertiō	-	tertiās	tertiat	tertiāmus	tertiātis	tertiant	tertiābam	tertiābās	tertiābat	tertiābāmus	tertiābātis	tertiābant	tertiābō	tertiābis	tertiābit	tertiābimus	tertiābitis	tertiābunt	tertiā	tertiāte	tertiāre
terō	-	teris	terit	terimus	teritis	terunt	terēbam	terēbās	terēbat	terēbāmus	terēbātis	terēbant	teram	terēs	teret	terēmus	terētis	terent	tere	terite	terere
testificor	-	testificāre	-	-	-	-	-	testificābāre	-	-	-	-	-	testificābere	-	-	-	-	-	-	-
testor	-	testāre	-	-	-	-	-	testābāre	-	-	-	-	-	testābere	-	-	-	-	-	-	-
texō	-	texis	texit	teximus	texitis	texunt	texēbam	texēbās	texēbat	texēbāmus	texēbātis	texēbant	texam	texēs	texet	texēmus	texētis	texent	texe	texite	texere
tineō	-	tineās	tineat	tineāmus	tineātis	tineant	tineābam	tineābās	tineābat	tineābāmus	tineābātis	tineābant	tineābō	tineābis	tineābit	tineābimus	tineābitis	tineābunt	tineā	tineāte	tineāre
tinguō	-	tinguis	tinguit	tinguimus	tinguitis	tinguunt	tinguēbam	tinguēbās	tinguēbat	tinguēbāmus	tinguēbātis	tinguēbant	tinguam	tinguēs	tinguet	tinguēmus	tinguētis	tinguent	tingue	tinguite	tinguere
tingō	-	tingis	tingit	tingimus	tingitis	tingunt	tingēbam	tingēbās	tingēbat	tingēbāmus	tingēbātis	tingēbant	tingam	tingēs	tinget	tingēmus	tingētis	tingent	tinge	tingite	tingere
tollō	-	tollis	tollit	tollimus	tollitis	tollunt	tollēbam	tollēbās	tollēbat	tollēbāmus	tollēbātis	tollēbant	tollam	tollēs	tollet	tollēmus	tollētis	tollent	tolle	tollite	tollere
torpefaciō	-	torpefacis	-	torpefacimus	torpefacitis	-	-	-	-	-	-	-	-	-	-	-	-	-	torpeface	torpefacite	torpefacere
torrefaciō	-	torrefacis	-	torrefacimus	torrefacitis	-	-	-	-	-	-	-	-	-	-	-	-	-	torreface	torrefacite	torrefacere
tragō	-	tragis	tragit	tragimus	tragitis	tragunt	tragēbam	tragēbās	tragēbat	tragēbāmus	tragēbātis	tragēbant	tragam	tragēs	traget	tragēmus	tragētis	tragent	trage	tragite	tragere
trahō	-	trahis	trahit	trahimus	trahitis	trahunt	trahēbam	trahēbās	trahēbat	trahēbāmus	trahēbātis	trahēbant	traham	trahēs	trahet	trahēmus	trahētis	trahent	trahe	trahite	trahere
tremefaciō	-	tremefacis	-	tremefacimus	tremefacitis	-	-	-	-	-	-	-	-	-	-	-	-	-	tremeface	tremefacite	tremefacere
tremō	-	tremis	tremit	tremimus	tremitis	tremunt	tremēbam	tremēbās	tremēbat	tremēbāmus	tremēbātis	tremēbant	tremam	tremēs	tremet	tremēmus	tremētis	trement	treme	tremite	tremere
tribuō	-	tribuis	tribuit	tribuimus	tribuitis	tribuunt	tribuēbam	tribuēbās	tribuēbat	tribuēbāmus	tribuēbātis	tribuēbant	tribuam	tribuēs	tribuet	tribuēmus	tribuētis	tribuent	tribue	tribuite	tribuere
tricor	-	tricāre	-	-	-	-	-	tricābāre	-	-	-	-	-	tricābere	-	-	-	-	-	-	-
tripudiō	-	tripudiās	tripudiat	tripudiāmus	tripudiātis	tripudiant	tripudiābam	tripudiābās	tripudiābat	tripudiābāmus	tripudiābātis	tripudiābant	tripudiābō	tripudiābis	tripudiābit	tripudiābimus	tripudiābitis	tripudiābunt	tripudiā	tripudiāte	tripudiāre
trādō	-	trādis	trādit	trādimus	trāditis	trādunt	trādēbam	trādēbās	trādēbat	trādēbāmus	trādēbātis	trādēbant	trādam	trādēs	trādet	trādēmus	trādētis	trādent	trāde	trādite	trādere
trādūcō	-	trādūcis	trādūcit	trādūcimus	trādūcitis	trādūcunt	trādūcēbam	trādūcēbās	trādūcēbat	trādūcēbāmus	trādūcēbātis	trādūcēbant	trādūcam	trādūcēs	trādūcet	trādūcēmus	trādūcētis	trādūcent	trādūc	trādūcite	trādūcere
trāiciō	-	trāicis	-	trāicimus	trāicitis	-	-	-	-	-	-	-	-	-	-	-	-	-	trāice	trāicite	trāicere
trājiciō	-	trājicis	-	trājicimus	trājicitis	-	-	-	-	-	-	-	-	-	-	-	-	-	trājice	trājicite	trājicere
trāloquor	-	trāloquere	trāloquitur	trāloquimur	trāloquiminī	trāloquuntur	trāloquēbar	trāloquēbāre	trāloquēbātur	trāloquēbāmur	trāloquēbāminī	trāloquēbantur	trāloquar	trāloquēre	trāloquētur	trāloquēmur	trāloquēminī	trāloquentur	trāloquere	trāloquiminī	trāloquī
trāmittō	-	trāmittis	trāmittit	trāmittimus	trāmittitis	trāmittunt	trāmittēbam	trāmittēbās	trāmittēbat	trāmittēbāmus	trāmittēbātis	trāmittēbant	trāmittam	trāmittēs	trāmittet	trāmittēmus	trāmittētis	trāmittent	trāmitte	trāmittite	trāmittere
trānsabeō	-	trānsabīs	trānsabit	trānsabīmus	trānsabītis	trānsabeunt	trānsabībam	trānsabībās	trānsabībat	trānsabībāmus	trānsabībātis	trānsabībant	trānsabībō	trānsabībis	trānsabībit	trānsabībimus	trānsabībitis	trānsabībunt	trānsabī	trānsabīte	trānsabīre
trānsadigō	-	trānsadigis	trānsadigit	trānsadigimus	trānsadigitis	trānsadigunt	trānsadigēbam	trānsadigēbās	trānsadigēbat	trānsadigēbāmus	trānsadigēbātis	trānsadigēbant	trānsadigam	trānsadigēs	trānsadiget	trānsadigēmus	trānsadigētis	trānsadigent	trānsadige	trānsadigite	trānsadigere
trānscendō	-	trānscendis	trānscendit	trānscendimus	trānscenditis	trānscendunt	trānscendēbam	trānscendēbās	trānscendēbat	trānscendēbāmus	trānscendēbātis	trānscendēbant	trānscendam	trānscendēs	trānscendet	trānscendēmus	trānscendētis	trānscendent	trānscende	trānscendite	trānscendere
trānscrībō	-	trānscrībis	trānscrībit	trānscrībimus	trānscrībitis	trānscrībunt	trānscrībēbam	trānscrībēbās	trānscrībēbat	trānscrībēbāmus	trānscrībēbātis	trānscrībēbant	trānscrībam	trānscrībēs	trānscrībet	trānscrībēmus	trānscrībētis	trānscrībent	trānscrībe	trānscrībite	trānscrībere
trānscīdō	-	trānscīdis	trānscīdit	trānscīdimus	trānscīditis	trānscīdunt	trānscīdēbam	trānscīdēbās	trānscīdēbat	trānscīdēbāmus	trānscīdēbātis	trānscīdēbant	trānscīdam	trānscīdēs	trānscīdet	trānscīdēmus	trānscīdētis	trānscīdent	trānscīde	trānscīdite	trānscīdere
trānsdūcō	-	trānsdūcis	trānsdūcit	trānsdūcimus	trānsdūcitis	trānsdūcunt	trānsdūcēbam	trānsdūcēbās	trānsdūcēbat	trānsdūcēbāmus	trānsdūcēbātis	trānsdūcēbant	trānsdūcam	trānsdūcēs	trānsdūcet	trānsdūcēmus	trānsdūcētis	trānsdūcent	trānsdūc	trānsdūcite	trānsdūcere
trānseō	-	trānsīs	trānsit	trānsīmus	trānsītis	trānseunt	trānsībam	trānsībās	trānsībat	trānsībāmus	trānsībātis	trānsībant	trānsībō	trānsībis	trānsībit	trānsībimus	trānsībitis	trānsībunt	trānsī	trānsīte	trānsīre
trānsferō	-	trānsfers	trānsfert	trānsferimus	trānsfertis	trānsferunt	trānsferēbam	trānsferēbās	trānsferēbat	trānsferēbāmus	trānsferēbātis	trānsferēbant	trānsferam	trānsferēs	trānsferet	trānsferēmus	trānsferētis	trānsferent	trānsfer	trānsferte	trānsferre
trānsfluō	-	trānsfluis	trānsfluit	trānsfluimus	trānsfluitis	trānsfluunt	trānsfluēbam	trānsfluēbās	trānsfluēbat	trānsfluēbāmus	trānsfluēbātis	trānsfluēbant	trānsfluam	trānsfluēs	trānsfluet	trānsfluēmus	trānsfluētis	trānsfluent	trānsflue	trānsfluite	trānsfluere
trānsfodiō	-	trānsfodis	-	trānsfodimus	trānsfoditis	-	-	-	-	-	-	-	-	-	-	-	-	-	trānsfode	trānsfodite	trānsfodere
trānsfugiō	-	trānsfugis	-	trānsfugimus	trānsfugitis	-	-	-	-	-	-	-	-	-	-	-	-	-	trānsfuge	trānsfugite	trānsfugere
trānsfundō	-	trānsfundis	trānsfundit	trānsfundimus	trānsfunditis	trānsfundunt	trānsfundēbam	trānsfundēbās	trānsfundēbat	trānsfundēbāmus	trānsfundēbātis	trānsfundēbant	trānsfundam	trānsfundēs	trānsfundet	trānsfundēmus	trānsfundētis	trānsfundent	trānsfunde	trānsfundite	trānsfundere
trānsfīgō	-	trānsfīgis	trānsfīgit	trānsfīgimus	trānsfīgitis	trānsfīgunt	trānsfīgēbam	trānsfīgēbās	trānsfīgēbat	trānsfīgēbāmus	trānsfīgēbātis	trānsfīgēbant	trānsfīgam	trānsfīgēs	trānsfīget	trānsfīgēmus	trānsfīgētis	trānsfīgent	trānsfīge	trānsfīgite	trānsfīgere
trānsgredior	-	trānsgredere	trānsgreditur	trānsgredimur	trānsgrediminī	-	-	trānsgrediēbāre	-	-	-	-	-	trānsgrediēre	-	-	-	-	trānsgredere	trānsgrediminī	trānsgredī
trānsigō	-	trānsigis	trānsigit	trānsigimus	trānsigitis	trānsigunt	trānsigēbam	trānsigēbās	trānsigēbat	trānsigēbāmus	trānsigēbātis	trānsigēbant	trānsigam	trānsigēs	trānsiget	trānsigēmus	trānsigētis	trānsigent	trānsige	trānsigite	trānsigere
trānsmeō	-	trānsmeās	trānsmeat	trānsmeāmus	trānsmeātis	trānsmeant	trānsmeābam	trānsmeābās	trānsmeābat	trānsmeābāmus	trānsmeābātis	trānsmeābant	trānsmeābō	trānsmeābis	trānsmeābit	trānsmeābimus	trānsmeābitis	trānsmeābunt	trānsmeā	trānsmeāte	trānsmeāre
trānsmittō	-	trānsmittis	trānsmittit	trānsmittimus	trānsmittitis	trānsmittunt	trānsmittēbam	trānsmittēbās	trānsmittēbat	trānsmittēbāmus	trānsmittēbātis	trānsmittēbant	trānsmittam	trānsmittēs	trānsmittet	trānsmittēmus	trānsmittētis	trānsmittent	trānsmitte	trānsmittite	trānsmittere
trānsnūbō	-	trānsnūbis	trānsnūbit	trānsnūbimus	trānsnūbitis	trānsnūbunt	trānsnūbēbam	trānsnūbēbās	trānsnūbēbat	trānsnūbēbāmus	trānsnūbēbātis	trānsnūbēbant	trānsnūbam	trānsnūbēs	trānsnūbet	trānsnūbēmus	trānsnūbētis	trānsnūbent	trānsnūbe	trānsnūbite	trānsnūbere
trānspiciō	-	trānspicis	-	trānspicimus	trānspicitis	-	-	-	-	-	-	-	-	-	-	-	-	-	trānspice	trānspicite	trānspicere
trānspungō	-	trānspungis	trānspungit	trānspungimus	trānspungitis	trānspungunt	trānspungēbam	trānspungēbās	trānspungēbat	trānspungēbāmus	trānspungēbātis	trānspungēbant	trānspungam	trānspungēs	trānspunget	trānspungēmus	trānspungētis	trānspungent	trānspunge	trānspungite	trānspungere
trānspōnō	-	trānspōnis	trānspōnit	trānspōnimus	trānspōnitis	trānspōnunt	trānspōnēbam	trānspōnēbās	trānspōnēbat	trānspōnēbāmus	trānspōnēbātis	trānspōnēbant	trānspōnam	trānspōnēs	trānspōnet	trānspōnēmus	trānspōnētis	trānspōnent	trānspōne	trānspōnite	trānspōnere
trānsscendō	-	trānsscendis	trānsscendit	trānsscendimus	trānsscenditis	trānsscendunt	trānsscendēbam	trānsscendēbās	trānsscendēbat	trānsscendēbāmus	trānsscendēbātis	trānsscendēbant	trānsscendam	trānsscendēs	trānsscendet	trānsscendēmus	trānsscendētis	trānsscendent	trānsscende	trānsscendite	trānsscendere
trānsscrībō	-	trānsscrībis	trānsscrībit	trānsscrībimus	trānsscrībitis	trānsscrībunt	trānsscrībēbam	trānsscrībēbās	trānsscrībēbat	trānsscrībēbāmus	trānsscrībēbātis	trānsscrībēbant	trānsscrībam	trānsscrībēs	trānsscrībet	trānsscrībēmus	trānsscrībētis	trānsscrībent	trānsscrībe	trānsscrībite	trānsscrībere
trānsubstantiō	-	trānsubstantiās	trānsubstantiat	trānsubstantiāmus	trānsubstantiātis	trānsubstantiant	trānsubstantiābam	trānsubstantiābās	trānsubstantiābat	trānsubstantiābāmus	trānsubstantiābātis	trānsubstantiābant	trānsubstantiābō	trānsubstantiābis	trānsubstantiābit	trānsubstantiābimus	trānsubstantiābitis	trānsubstantiābunt	trānsubstantiā	trānsubstantiāte	trānsubstantiāre
trānsvehō	-	trānsvehis	trānsvehit	trānsvehimus	trānsvehitis	trānsvehunt	trānsvehēbam	trānsvehēbās	trānsvehēbat	trānsvehēbāmus	trānsvehēbātis	trānsvehēbant	trānsveham	trānsvehēs	trānsvehet	trānsvehēmus	trānsvehētis	trānsvehent	trānsvehe	trānsvehite	trānsvehere
trānsvertō	-	trānsvertis	trānsvertit	trānsvertimus	trānsvertitis	trānsvertunt	trānsvertēbam	trānsvertēbās	trānsvertēbat	trānsvertēbāmus	trānsvertēbātis	trānsvertēbant	trānsvertam	trānsvertēs	trānsvertet	trānsvertēmus	trānsvertētis	trānsvertent	trānsverte	trānsvertite	trānsvertere
trānsvādō	-	trānsvādis	trānsvādit	trānsvādimus	trānsvāditis	trānsvādunt	trānsvādēbam	trānsvādēbās	trānsvādēbat	trānsvādēbāmus	trānsvādēbātis	trānsvādēbant	trānsvādam	trānsvādēs	trānsvādet	trānsvādēmus	trānsvādētis	trānsvādent	trānsvāde	trānsvādite	trānsvādere
trānsūmō	-	trānsūmis	trānsūmit	trānsūmimus	trānsūmitis	trānsūmunt	trānsūmēbam	trānsūmēbās	trānsūmēbat	trānsūmēbāmus	trānsūmēbātis	trānsūmēbant	trānsūmam	trānsūmēs	trānsūmet	trānsūmēmus	trānsūmētis	trānsūment	trānsūme	trānsūmite	trānsūmere
trāvehō	-	trāvehis	trāvehit	trāvehimus	trāvehitis	trāvehunt	trāvehēbam	trāvehēbās	trāvehēbat	trāvehēbāmus	trāvehēbātis	trāvehēbant	trāveham	trāvehēs	trāvehet	trāvehēmus	trāvehētis	trāvehent	trāvehe	trāvehite	trāvehere
trīcor	-	trīcāre	-	-	-	-	-	trīcābāre	-	-	-	-	-	trīcābere	-	-	-	-	-	-	-
trīstor	-	trīstāre	-	-	-	-	-	trīstābāre	-	-	-	-	-	trīstābere	-	-	-	-	-	-	-
trūdō	-	trūdis	trūdit	trūdimus	trūditis	trūdunt	trūdēbam	trūdēbās	trūdēbat	trūdēbāmus	trūdēbātis	trūdēbant	trūdam	trūdēs	trūdet	trūdēmus	trūdētis	trūdent	trūde	trūdite	trūdere
tuburcinor	-	tuburcināre	-	-	-	-	-	tuburcinābāre	-	-	-	-	-	tuburcinābere	-	-	-	-	-	-	-
tueor	-	tuēre	-	-	-	-	-	tuēbāre	-	-	-	-	-	tuēbere	-	-	-	-	-	-	-
tulō	-	tulis	tulit	tulimus	tulitis	tulunt	tulēbam	tulēbās	tulēbat	tulēbāmus	tulēbātis	tulēbant	tulam	tulēs	tulet	tulēmus	tulētis	tulent	tule	tulite	tulere
tumefaciō	-	tumefacis	-	tumefacimus	tumefacitis	-	-	-	-	-	-	-	-	-	-	-	-	-	tumeface	tumefacite	tumefacere
tumultuor	-	tumultuāre	-	-	-	-	-	tumultuābāre	-	-	-	-	-	tumultuābere	-	-	-	-	-	-	-
tundō	-	tundis	tundit	tundimus	tunditis	tundunt	tundēbam	tundēbās	tundēbat	tundēbāmus	tundēbātis	tundēbant	tundam	tundēs	tundet	tundēmus	tundētis	tundent	tunde	tundite	tundere
tuor	-	tuere	tuitur	tuimur	tuiminī	tuuntur	tuēbar	tuēbāre	tuēbātur	tuēbāmur	tuēbāminī	tuēbantur	tuar	tuēre	tuētur	tuēmur	tuēminī	tuentur	tuere	tuiminī	tuī
tābefaciō	-	tābefacis	-	tābefacimus	tābefacitis	-	-	-	-	-	-	-	-	-	-	-	-	-	tābeface	tābefacite	tābefacere
tāgō	-	tāgis	tāgit	tāgimus	tāgitis	tāgunt	tāgēbam	tāgēbās	tāgēbat	tāgēbāmus	tāgēbātis	tāgēbant	tāgam	tāgēs	tāget	tāgēmus	tāgētis	tāgent	tāge	tāgite	tāgere
tāliō	-	tāliās	tāliat	tāliāmus	tāliātis	tāliant	tāliābam	tāliābās	tāliābat	tāliābāmus	tāliābātis	tāliābant	tāliābō	tāliābis	tāliābit	tāliābimus	tāliābitis	tāliābunt	tāliā	tāliāte	tāliāre
tūtor	-	tūtāre	-	-	-	-	-	tūtābāre	-	-	-	-	-	tūtābere	-	-	-	-	-	-	tūtārier
ulcīscor	-	ulcīscere	ulcīscitur	ulcīscimur	ulcīsciminī	ulcīscuntur	ulcīscēbar	ulcīscēbāre	ulcīscēbātur	ulcīscēbāmur	ulcīscēbāminī	ulcīscēbantur	ulcīscar	ulcīscēre	ulcīscētur	ulcīscēmur	ulcīscēminī	ulcīscentur	ulcīscere	ulcīsciminī	ulcīscī
unguō	-	unguis	unguit	unguimus	unguitis	unguunt	unguēbam	unguēbās	unguēbat	unguēbāmus	unguēbātis	unguēbant	unguam	unguēs	unguet	unguēmus	unguētis	unguent	ungue	unguite	unguere
ungō	-	ungis	ungit	ungimus	ungitis	ungunt	ungēbam	ungēbās	ungēbat	ungēbāmus	ungēbātis	ungēbant	ungam	ungēs	unget	ungēmus	ungētis	ungent	unge	ungite	ungere
uō	-	uis	uit	uimus	uitis	uunt	uēbam	uēbās	uēbat	uēbāmus	uēbātis	uēbant	uam	uēs	uet	uēmus	uētis	uent	ue	uite	uere
vacuēfaciō	-	vacuēfacis	-	vacuēfacimus	vacuēfacitis	-	-	-	-	-	-	-	-	-	-	-	-	-	vacuēface	vacuēfacite	vacuēfacere
vacēfīō	-	vacēfīs	vacēfit	vacēfīmus	vacēfītis	vacēfīunt	vacēfīēbam	vacēfīēbās	vacēfīēbat	vacēfīēbāmus	vacēfīēbātis	vacēfīēbant	vacēfīam	vacēfīēs	vacēfīet	vacēfīēmus	vacēfīētis	vacēfīent	vacēfī	vacēfīte	vacēfierī
vador	-	vadāre	-	-	-	-	-	vadābāre	-	-	-	-	-	vadābere	-	-	-	-	-	-	vadārier
vagor	-	vagāre	-	-	-	-	-	vagābāre	-	-	-	-	-	vagābere	-	-	-	-	-	-	-
valedīcō	-	valedīcis	valedīcit	valedīcimus	valedīcitis	valedīcunt	valedīcēbam	valedīcēbās	valedīcēbat	valedīcēbāmus	valedīcēbātis	valedīcēbant	valedīcam	valedīcēs	valedīcet	valedīcēmus	valedīcētis	valedīcent	valedīc	valedīcite	valedīcere
valefaciō	-	valefacis	-	valefacimus	valefacitis	-	-	-	-	-	-	-	-	-	-	-	-	-	valeface	valefacite	valefacere
vannō	-	vannis	vannit	vannimus	vannitis	vannunt	vannēbam	vannēbās	vannēbat	vannēbāmus	vannēbātis	vannēbant	vannam	vannēs	vannet	vannēmus	vannētis	vannent	vanne	vannite	vannere
variō	-	variās	variat	variāmus	variātis	variant	variābam	variābās	variābat	variābāmus	variābātis	variābant	variābō	variābis	variābit	variābimus	variābitis	variābunt	variā	variāte	variāre
vehō	-	vehis	vehit	vehimus	vehitis	vehunt	vehēbam	vehēbās	vehēbat	vehēbāmus	vehēbātis	vehēbant	veham	vehēs	vehet	vehēmus	vehētis	vehent	vehe	vehite	vehere
vellō	-	vellis	vellit	vellimus	vellitis	vellunt	vellēbam	vellēbās	vellēbat	vellēbāmus	vellēbātis	vellēbant	vellam	vellēs	vellet	vellēmus	vellētis	vellent	velle	vellite	vellere
veneror	-	venerāre	-	-	-	-	-	venerābāre	-	-	-	-	-	venerābere	-	-	-	-	-	-	-
vereor	-	verēre	-	-	-	-	-	verēbāre	-	-	-	-	-	verēbere	-	-	-	-	-	-	-
vergō	-	vergis	vergit	vergimus	vergitis	vergunt	vergēbam	vergēbās	vergēbat	vergēbāmus	vergēbātis	vergēbant	vergam	vergēs	verget	vergēmus	vergētis	vergent	verge	vergite	vergere
vermiculor	-	vermiculāre	-	-	-	-	-	vermiculābāre	-	-	-	-	-	vermiculābere	-	-	-	-	-	-	-
verrō	-	verris	verrit	verrimus	verritis	verrunt	verrēbam	verrēbās	verrēbat	verrēbāmus	verrēbātis	verrēbant	verram	verrēs	verret	verrēmus	verrētis	verrent	verre	verrite	verrere
versor	-	versāre	-	-	-	-	-	versābāre	-	-	-	-	-	versābere	-	-	-	-	-	-	versārier
vertō	-	vertis	vertit	vertimus	vertitis	vertunt	vertēbam	vertēbās	vertēbat	vertēbāmus	vertēbātis	vertēbant	vertam	vertēs	vertet	vertēmus	vertētis	vertent	verte	vertite	vertere
vervagō	-	vervagis	vervagit	vervagimus	vervagitis	vervagunt	vervagēbam	vervagēbās	vervagēbat	vervagēbāmus	vervagēbātis	vervagēbant	vervagam	vervagēs	vervaget	vervagēmus	vervagētis	vervagent	vervage	vervagite	vervagere
verēcundor	-	verēcundāre	-	-	-	-	-	verēcundābāre	-	-	-	-	-	verēcundābere	-	-	-	-	-	-	-
vilipendō	-	vilipendis	vilipendit	vilipendimus	vilipenditis	vilipendunt	vilipendēbam	vilipendēbās	vilipendēbat	vilipendēbāmus	vilipendēbātis	vilipendēbant	vilipendam	vilipendēs	vilipendet	vilipendēmus	vilipendētis	vilipendent	vilipende	vilipendite	vilipendere
vincō	-	vincis	vincit	vincimus	vincitis	vincunt	vincēbam	vincēbās	vincēbat	vincēbāmus	vincēbātis	vincēbant	vincam	vincēs	vincet	vincēmus	vincētis	vincent	vince	vincite	vincere
vitiō	-	vitiās	vitiat	vitiāmus	vitiātis	vitiant	vitiābam	vitiābās	vitiābat	vitiābāmus	vitiābātis	vitiābant	vitiābō	vitiābis	vitiābit	vitiābimus	vitiābitis	vitiābunt	vitiā	vitiāte	vitiāre
viō	-	viās	viat	viāmus	viātis	viant	viābam	viābās	viābat	viābāmus	viābātis	viābant	viābō	viābis	viābit	viābimus	viābitis	viābunt	viā	viāte	viāre
volvō	-	volvis	volvit	volvimus	volvitis	volvunt	volvēbam	volvēbās	volvēbat	volvēbāmus	volvēbātis	volvēbant	volvam	volvēs	volvet	volvēmus	volvētis	volvent	volve	volvite	volvere
volō	-	-	-	volumus	voltis	-	-	-	-	-	-	-	volam	-	volet	-	-	volent	-	-	velle
vomō	-	vomis	vomit	vomimus	vomitis	vomunt	vomēbam	vomēbās	vomēbat	vomēbāmus	vomēbātis	vomēbant	vomam	vomēs	vomet	vomēmus	vomētis	voment	vome	vomite	vomere
vortō	-	vortis	vortit	vortimus	vortitis	vortunt	vortēbam	vortēbās	vortēbat	vortēbāmus	vortēbātis	vortēbant	vortam	vortēs	vortet	vortēmus	vortētis	vortent	vorte	vortite	vortere
vulpinor	-	vulpināre	-	-	-	-	-	vulpinābāre	-	-	-	-	-	vulpinābere	-	-	-	-	-	-	-
vulpīnor	-	vulpīnāre	-	-	-	-	-	vulpīnābāre	-	-	-	-	-	vulpīnābere	-	-	-	-	-	-	-
vādō	-	vādis	vādit	vādimus	vāditis	vādunt	vādēbam	vādēbās	vādēbat	vādēbāmus	vādēbātis	vādēbant	vādam	vādēs	vādet	vādēmus	vādētis	vādent	vāde	vādite	vādere
vāticinor	-	vāticināre	-	-	-	-	-	vāticinābāre	-	-	-	-	-	vāticinābere	-	-	-	-	-	-	-
vēlificor	-	vēlificāre	-	-	-	-	-	vēlificābāre	-	-	-	-	-	vēlificābere	-	-	-	-	-	-	-
vēlitor	-	vēlitāre	-	-	-	-	-	vēlitābāre	-	-	-	-	-	vēlitābere	-	-	-	-	-	-	-
vēndō	-	vēndis	vēndit	vēndimus	vēnditis	vēndunt	vēndēbam	vēndēbās	vēndēbat	vēndēbāmus	vēndēbātis	vēndēbant	vēndam	vēndēs	vēndet	vēndēmus	vēndētis	vēndent	vēnde	vēndite	vēndere
vēneō	-	vēnīs	vēnit	vēnīmus	vēnītis	vēneunt	vēnībam	vēnībās	vēnībat	vēnībāmus	vēnībātis	vēnībant	vēnībō	vēnībis	vēnībit	vēnībimus	vēnībitis	vēnībunt	vēnī	vēnīte	vēnīre
vēnor	-	vēnāre	-	-	-	-	-	vēnābāre	-	-	-	-	-	vēnābere	-	-	-	-	-	-	vēnārier
vēnumdō	-	-	-	vēnumdamus	vēnumdatis	-	vēnumdabam	vēnumdabās	vēnumdabat	vēnumdabāmus	vēnumdabātis	vēnumdabant	vēnumdabō	vēnumdabis	vēnumdabit	vēnumdabimus	vēnumdabitis	vēnumdabunt	-	vēnumdate	vēnumdare
vēnundō	-	-	-	vēnundamus	vēnundatis	-	vēnundabam	vēnundabās	vēnundabat	vēnundabāmus	vēnundabātis	vēnundabant	vēnundabō	vēnundabis	vēnundabit	vēnundabimus	vēnundabitis	vēnundabunt	-	vēnundate	vēnundare
vēscor	-	vēscere	vēscitur	vēscimur	vēsciminī	vēscuntur	vēscēbar	vēscēbāre	vēscēbātur	vēscēbāmur	vēscēbāminī	vēscēbantur	vēscar	vēscēre	vēscētur	vēscēmur	vēscēminī	vēscentur	vēscere	vēsciminī	vēscī
vīcīnor	-	vīcīnāre	-	-	-	-	-	vīcīnābāre	-	-	-	-	-	vīcīnābere	-	-	-	-	-	-	-
vīndēmiō	-	vīndēmiās	vīndēmiat	vīndēmiāmus	vīndēmiātis	vīndēmiant	vīndēmiābam	vīndēmiābās	vīndēmiābat	vīndēmiābāmus	vīndēmiābātis	vīndēmiābant	vīndēmiābō	vīndēmiābis	vīndēmiābit	vīndēmiābimus	vīndēmiābitis	vīndēmiābunt	vīndēmiā	vīndēmiāte	vīndēmiāre
vīsō	-	vīsis	vīsit	vīsimus	vīsitis	vīsunt	vīsēbam	vīsēbās	vīsēbat	vīsēbāmus	vīsēbātis	vīsēbant	vīsam	vīsēs	vīset	vīsēmus	vīsētis	vīsent	vīse	vīsite	vīsere
vītulor	-	vītulāre	-	-	-	-	-	vītulābāre	-	-	-	-	-	vītulābere	-	-	-	-	-	-	-
vīvō	-	vīvis	vīvit	vīvimus	vīvitis	vīvunt	vīvēbam	vīvēbās	vīvēbat	vīvēbāmus	vīvēbātis	vīvēbant	vīvam	vīvēs	vīvet	vīvēmus	vīvētis	vīvent	vīve	vīvite	vīvere
vōciferor	-	vōciferāre	-	-	-	-	-	vōciferābāre	-	-	-	-	-	vōciferābere	-	-	-	-	-	-	-
wadiō	-	wadiās	wadiat	wadiāmus	wadiātis	wadiant	wadiābam	wadiābās	wadiābat	wadiābāmus	wadiābātis	wadiābant	wadiābō	wadiābis	wadiābit	wadiābimus	wadiābitis	wadiābunt	wadiā	wadiāte	wadiāre
ābaetō	-	ābaetis	ābaetit	ābaetimus	ābaetitis	ābaetunt	ābaetēbam	ābaetēbās	ābaetēbat	ābaetēbāmus	ābaetēbātis	ābaetēbant	ābaetam	ābaetēs	ābaetet	ābaetēmus	ābaetētis	ābaetent	ābaete	ābaetite	ābaetere
ābbaetō	-	ābbaetis	ābbaetit	ābbaetimus	ābbaetitis	ābbaetunt	ābbaetēbam	ābbaetēbās	ābbaetēbat	ābbaetēbāmus	ābbaetēbātis	ābbaetēbant	ābbaetam	ābbaetēs	ābbaetet	ābbaetēmus	ābbaetētis	ābbaetent	ābbaete	ābbaetite	ābbaetere
ābbætō	-	ābbætis	ābbætit	ābbætimus	ābbætitis	ābbætunt	ābbætēbam	ābbætēbās	ābbætēbat	ābbætēbāmus	ābbætēbātis	ābbætēbant	ābbætam	ābbætēs	ābbætet	ābbætēmus	ābbætētis	ābbætent	ābbæte	ābbætite	ābbætere
ābbītō	-	ābbītis	ābbītit	ābbītimus	ābbītitis	ābbītunt	ābbītēbam	ābbītēbās	ābbītēbat	ābbītēbāmus	ābbītēbātis	ābbītēbant	ābbītam	ābbītēs	ābbītet	ābbītēmus	ābbītētis	ābbītent	ābbīte	ābbītite	ābbītere
ābuiō	-	ābuiās	ābuiat	ābuiāmus	ābuiātis	ābuiant	ābuiābam	ābuiābās	ābuiābat	ābuiābāmus	ābuiābātis	ābuiābant	ābuiābō	ābuiābis	ābuiābit	ābuiābimus	ābuiābitis	ābuiābunt	ābuiā	ābuiāte	ābuiāre
ābætō	-	ābætis	ābætit	ābætimus	ābætitis	ābætunt	ābætēbam	ābætēbās	ābætēbat	ābætēbāmus	ābætēbātis	ābætēbant	ābætam	ābætēs	ābætet	ābætēmus	ābætētis	ābætent	ābæte	ābætite	ābætere
ābītō	-	ābītis	ābītit	ābītimus	ābītitis	ābītunt	ābītēbam	ābītēbās	ābītēbat	ābītēbāmus	ābītēbātis	ābītēbant	ābītam	ābītēs	ābītet	ābītēmus	ābītētis	ābītent	ābīte	ābītite	ābītere
ālūcinor	-	ālūcināre	-	-	-	-	-	ālūcinābāre	-	-	-	-	-	ālūcinābere	-	-	-	-	-	-	-
āmittō	-	āmittis	āmittit	āmittimus	āmittitis	āmittunt	āmittēbam	āmittēbās	āmittēbat	āmittēbāmus	āmittēbātis	āmittēbant	āmittam	āmittēs	āmittet	āmittēmus	āmittētis	āmittent	āmitte	āmittite	āmittere
āmōlior	-	āmōlīre	-	-	-	-	-	āmōliēbāre	-	-	-	-	-	āmōliēre	-	-	-	-	-	-	āmōlīrier
āprīcor	-	āprīcāre	-	-	-	-	-	āprīcābāre	-	-	-	-	-	āprīcābere	-	-	-	-	-	-	-
ārefaciō	-	ārefacis	-	ārefacimus	ārefacitis	-	-	-	-	-	-	-	-	-	-	-	-	-	āreface	ārefacite	ārefacere
ārfaciō	-	ārfacis	-	ārfacimus	ārfacitis	-	-	-	-	-	-	-	-	-	-	-	-	-	ārface	ārfacite	ārfacere
āspernor	-	āspernāre	-	-	-	-	-	āspernābāre	-	-	-	-	-	āspernābere	-	-	-	-	-	-	-
āvehō	-	āvehis	āvehit	āvehimus	āvehitis	āvehunt	āvehēbam	āvehēbās	āvehēbat	āvehēbāmus	āvehēbātis	āvehēbant	āveham	āvehēs	āvehet	āvehēmus	āvehētis	āvehent	āvehe	āvehite	āvehere
āvellō	-	āvellis	āvellit	āvellimus	āvellitis	āvellunt	āvellēbam	āvellēbās	āvellēbat	āvellēbāmus	āvellēbātis	āvellēbant	āvellam	āvellēs	āvellet	āvellēmus	āvellētis	āvellent	āvelle	āvellite	āvellere
āversor	-	āversāre	-	-	-	-	-	āversābāre	-	-	-	-	-	āversābere	-	-	-	-	-	-	-
āvertō	-	āvertis	āvertit	āvertimus	āvertitis	āvertunt	āvertēbam	āvertēbās	āvertēbat	āvertēbāmus	āvertēbātis	āvertēbant	āvertam	āvertēs	āvertet	āvertēmus	āvertētis	āvertent	āverte	āvertite	āvertere
ēbibō	-	ēbibis	ēbibit	ēbibimus	ēbibitis	ēbibunt	ēbibēbam	ēbibēbās	ēbibēbat	ēbibēbāmus	ēbibēbātis	ēbibēbant	ēbibam	ēbibēs	ēbibet	ēbibēmus	ēbibētis	ēbibent	ēbibe	ēbibite	ēbibere
ēblandior	-	ēblandīre	-	-	-	-	-	ēblandiēbāre	-	-	-	-	-	ēblandiēre	-	-	-	-	-	-	-
ēbriō	-	ēbriās	ēbriat	ēbriāmus	ēbriātis	ēbriant	ēbriābam	ēbriābās	ēbriābat	ēbriābāmus	ēbriābātis	ēbriābant	ēbriābō	ēbriābis	ēbriābit	ēbriābimus	ēbriābitis	ēbriābunt	ēbriā	ēbriāte	ēbriāre
ēdisserō	-	ēdisseris	ēdisserit	ēdisserimus	ēdisseritis	ēdisserunt	ēdisserēbam	ēdisserēbās	ēdisserēbat	ēdisserēbāmus	ēdisserēbātis	ēdisserēbant	ēdisseram	ēdisserēs	ēdisseret	ēdisserēmus	ēdisserētis	ēdisserent	ēdissere	ēdisserite	ēdisserere
ēdīcō	-	ēdīcis	ēdīcit	ēdīcimus	ēdīcitis	ēdīcunt	ēdīcēbam	ēdīcēbās	ēdīcēbat	ēdīcēbāmus	ēdīcēbātis	ēdīcēbant	ēdīcam	ēdīcēs	ēdīcet	ēdīcēmus	ēdīcētis	ēdīcent	ēdīc	ēdīcite	ēdīcere
ēdō	-	ēdis	ēdit	ēdimus	ēditis	ēdunt	ēdēbam	ēdēbās	ēdēbat	ēdēbāmus	ēdēbātis	ēdēbant	ēdam	ēdēs	ēdet	ēdēmus	ēdētis	ēdent	ēde	ēdite	ēdere
ēdūcō	-	ēdūcis	ēdūcit	ēdūcimus	ēdūcitis	ēdūcunt	ēdūcēbam	ēdūcēbās	ēdūcēbat	ēdūcēbāmus	ēdūcēbātis	ēdūcēbant	ēdūcam	ēdūcēs	ēdūcet	ēdūcēmus	ēdūcētis	ēdūcent	ēdūc	ēdūcite	ēdūcere
ēgerō	-	ēgeris	ēgerit	ēgerimus	ēgeritis	ēgerunt	ēgerēbam	ēgerēbās	ēgerēbat	ēgerēbāmus	ēgerēbātis	ēgerēbant	ēgeram	ēgerēs	ēgeret	ēgerēmus	ēgerētis	ēgerent	ēgere	ēgerite	ēgerere
ēgredior	-	ēgredere	ēgreditur	ēgredimur	ēgrediminī	-	-	ēgrediēbāre	-	-	-	-	-	ēgrediēre	-	-	-	-	ēgredere	ēgrediminī	ēgredī
ēiaculor	-	ēiaculāre	-	-	-	-	-	ēiaculābāre	-	-	-	-	-	ēiaculābere	-	-	-	-	-	-	ēiaculārier
ēiciō	-	ēicis	-	ēicimus	ēicitis	-	-	-	-	-	-	-	-	-	-	-	-	-	ēice	ēicite	ēicere
ējiciō	-	ējicis	-	ējicimus	ējicitis	-	-	-	-	-	-	-	-	-	-	-	-	-	ējice	ējicite	ējicere
ēlambō	-	ēlambis	ēlambit	ēlambimus	ēlambitis	ēlambunt	ēlambēbam	ēlambēbās	ēlambēbat	ēlambēbāmus	ēlambēbātis	ēlambēbant	ēlambam	ēlambēs	ēlambet	ēlambēmus	ēlambētis	ēlambent	ēlambe	ēlambite	ēlambere
ēlaqueō	-	ēlaqueās	ēlaqueat	ēlaqueāmus	ēlaqueātis	ēlaqueant	ēlaqueābam	ēlaqueābās	ēlaqueābat	ēlaqueābāmus	ēlaqueābātis	ēlaqueābant	ēlaqueābō	ēlaqueābis	ēlaqueābit	ēlaqueābimus	ēlaqueābitis	ēlaqueābunt	ēlaqueā	ēlaqueāte	ēlaqueāre
ēlargior	-	ēlargīre	-	-	-	-	-	ēlargiēbāre	-	-	-	-	-	ēlargiēre	-	-	-	-	-	-	ēlargīrier
ēliciō	-	ēlicis	-	ēlicimus	ēlicitis	-	-	-	-	-	-	-	-	-	-	-	-	-	ēlice	ēlicite	ēlicere
ēligō	-	ēligis	ēligit	ēligimus	ēligitis	ēligunt	ēligēbam	ēligēbās	ēligēbat	ēligēbāmus	ēligēbātis	ēligēbant	ēligam	ēligēs	ēliget	ēligēmus	ēligētis	ēligent	ēlige	ēligite	ēligere
ēlingō	-	ēlingis	ēlingit	ēlingimus	ēlingitis	ēlingunt	ēlingēbam	ēlingēbās	ēlingēbat	ēlingēbāmus	ēlingēbātis	ēlingēbant	ēlingam	ēlingēs	ēlinget	ēlingēmus	ēlingētis	ēlingent	ēlinge	ēlingite	ēlingere
ēloquor	-	ēloquere	ēloquitur	ēloquimur	ēloquiminī	ēloquuntur	ēloquēbar	ēloquēbāre	ēloquēbātur	ēloquēbāmur	ēloquēbāminī	ēloquēbantur	ēloquar	ēloquēre	ēloquētur	ēloquēmur	ēloquēminī	ēloquentur	ēloquere	ēloquiminī	ēloquī
ēluō	-	ēluis	ēluit	ēluimus	ēluitis	ēluunt	ēluēbam	ēluēbās	ēluēbat	ēluēbāmus	ēluēbātis	ēluēbant	ēluam	ēluēs	ēluet	ēluēmus	ēluētis	ēluent	ēlue	ēluite	ēluere
ēlābor	-	ēlābere	ēlābitur	ēlābimur	ēlābiminī	ēlābuntur	ēlābēbar	ēlābēbāre	ēlābēbātur	ēlābēbāmur	ēlābēbāminī	ēlābēbantur	ēlābar	ēlābēre	ēlābētur	ēlābēmur	ēlābēminī	ēlābentur	ēlābere	ēlābiminī	ēlābī
ēlīdō	-	ēlīdis	ēlīdit	ēlīdimus	ēlīditis	ēlīdunt	ēlīdēbam	ēlīdēbās	ēlīdēbat	ēlīdēbāmus	ēlīdēbātis	ēlīdēbant	ēlīdam	ēlīdēs	ēlīdet	ēlīdēmus	ēlīdētis	ēlīdent	ēlīde	ēlīdite	ēlīdere
ēlūctor	-	ēlūctāre	-	-	-	-	-	ēlūctābāre	-	-	-	-	-	ēlūctābere	-	-	-	-	-	-	-
ēlūdō	-	ēlūdis	ēlūdit	ēlūdimus	ēlūditis	ēlūdunt	ēlūdēbam	ēlūdēbās	ēlūdēbat	ēlūdēbāmus	ēlūdēbātis	ēlūdēbant	ēlūdam	ēlūdēs	ēlūdet	ēlūdēmus	ēlūdētis	ēlūdent	ēlūde	ēlūdite	ēlūdere
ēlū̆ctor	-	ēlū̆ctāre	-	-	-	-	-	ēlū̆ctābāre	-	-	-	-	-	ēlū̆ctābere	-	-	-	-	-	-	-
ēmaciō	-	ēmaciās	ēmaciat	ēmaciāmus	ēmaciātis	ēmaciant	ēmaciābam	ēmaciābās	ēmaciābat	ēmaciābāmus	ēmaciābātis	ēmaciābant	ēmaciābō	ēmaciābis	ēmaciābit	ēmaciābimus	ēmaciābitis	ēmaciābunt	ēmaciā	ēmaciāte	ēmaciāre
ēmentior	-	ēmentīre	-	-	-	-	-	ēmentiēbāre	-	-	-	-	-	ēmentiēre	-	-	-	-	-	-	-
ēmercor	-	ēmercāre	-	-	-	-	-	ēmercābāre	-	-	-	-	-	ēmercābere	-	-	-	-	-	-	-
ēmereor	-	ēmerēre	-	-	-	-	-	ēmerēbāre	-	-	-	-	-	ēmerēbere	-	-	-	-	-	-	-
ēmergō	-	ēmergis	ēmergit	ēmergimus	ēmergitis	ēmergunt	ēmergēbam	ēmergēbās	ēmergēbat	ēmergēbāmus	ēmergēbātis	ēmergēbant	ēmergam	ēmergēs	ēmerget	ēmergēmus	ēmergētis	ēmergent	ēmerge	ēmergite	ēmergere
ēmetō	-	ēmetis	ēmetit	ēmetimus	ēmetitis	ēmetunt	ēmetēbam	ēmetēbās	ēmetēbat	ēmetēbāmus	ēmetēbātis	ēmetēbant	ēmetam	ēmetēs	ēmetet	ēmetēmus	ēmetētis	ēmetent	ēmete	ēmetite	ēmetere
ēmittō	-	ēmittis	ēmittit	ēmittimus	ēmittitis	ēmittunt	ēmittēbam	ēmittēbās	ēmittēbat	ēmittēbāmus	ēmittēbātis	ēmittēbant	ēmittam	ēmittēs	ēmittet	ēmittēmus	ēmittētis	ēmittent	ēmitte	ēmittite	ēmittere
ēmodulor	-	ēmodulāre	-	-	-	-	-	ēmodulābāre	-	-	-	-	-	ēmodulābere	-	-	-	-	-	-	-
ēmolō	-	ēmolis	ēmolit	ēmolimus	ēmolitis	ēmolunt	ēmolēbam	ēmolēbās	ēmolēbat	ēmolēbāmus	ēmolēbātis	ēmolēbant	ēmolam	ēmolēs	ēmolet	ēmolēmus	ēmolētis	ēmolent	ēmole	ēmolite	ēmolere
ēmorior	-	ēmorere	ēmoritur	ēmorimur	ēmoriminī	-	-	ēmoriēbāre	-	-	-	-	-	ēmoriēre	-	-	-	-	ēmorere	ēmoriminī	ēmorī
ēmungō	-	ēmungis	ēmungit	ēmungimus	ēmungitis	ēmungunt	ēmungēbam	ēmungēbās	ēmungēbat	ēmungēbāmus	ēmungēbātis	ēmungēbant	ēmungam	ēmungēs	ēmunget	ēmungēmus	ēmungētis	ēmungent	ēmunge	ēmungite	ēmungere
ēmētior	-	ēmētīre	-	-	-	-	-	ēmētiēbāre	-	-	-	-	-	ēmētiēre	-	-	-	-	-	-	-
ēmīror	-	ēmīrāre	-	-	-	-	-	ēmīrābāre	-	-	-	-	-	ēmīrābere	-	-	-	-	-	-	-
ēmōlior	-	ēmōlīre	-	-	-	-	-	ēmōliēbāre	-	-	-	-	-	ēmōliēre	-	-	-	-	-	-	-
ēnucleō	-	ēnucleās	ēnucleat	ēnucleāmus	ēnucleātis	ēnucleant	ēnucleābam	ēnucleābās	ēnucleābat	ēnucleābāmus	ēnucleābātis	ēnucleābant	ēnucleābō	ēnucleābis	ēnucleābit	ēnucleābimus	ēnucleābitis	ēnucleābunt	ēnucleā	ēnucleāte	ēnucleāre
ēnāscor	-	ēnāscere	ēnāscitur	ēnāscimur	ēnāsciminī	ēnāscuntur	ēnāscēbar	ēnāscēbāre	ēnāscēbātur	ēnāscēbāmur	ēnāscēbāminī	ēnāscēbantur	ēnāscar	ēnāscēre	ēnāscētur	ēnāscēmur	ēnāscēminī	ēnāscentur	ēnāscere	ēnāsciminī	ēnāscī
ēnītor	-	ēnītere	ēnītitur	ēnītimur	ēnītiminī	ēnītuntur	ēnītēbar	ēnītēbāre	ēnītēbātur	ēnītēbāmur	ēnītēbāminī	ēnītēbantur	ēnītar	ēnītēre	ēnītētur	ēnītēmur	ēnītēminī	ēnītentur	ēnītere	ēnītiminī	ēnītī
ēnūbō	-	ēnūbis	ēnūbit	ēnūbimus	ēnūbitis	ēnūbunt	ēnūbēbam	ēnūbēbās	ēnūbēbat	ēnūbēbāmus	ēnūbēbātis	ēnūbēbant	ēnūbam	ēnūbēs	ēnūbet	ēnūbēmus	ēnūbētis	ēnūbent	ēnūbe	ēnūbite	ēnūbere
ēnūntiō	-	ēnūntiās	ēnūntiat	ēnūntiāmus	ēnūntiātis	ēnūntiant	ēnūntiābam	ēnūntiābās	ēnūntiābat	ēnūntiābāmus	ēnūntiābātis	ēnūntiābant	ēnūntiābō	ēnūntiābis	ēnūntiābit	ēnūntiābimus	ēnūntiābitis	ēnūntiābunt	ēnūntiā	ēnūntiāte	ēnūntiāre
ērigō	-	ērigis	ērigit	ērigimus	ērigitis	ērigunt	ērigēbam	ērigēbās	ērigēbat	ērigēbāmus	ērigēbātis	ērigēbant	ērigam	ērigēs	ēriget	ērigēmus	ērigētis	ērigent	ērige	ērigite	ērigere
ēripiō	-	ēripis	-	ēripimus	ēripitis	-	-	-	-	-	-	-	-	-	-	-	-	-	ēripe	ēripite	ēripere
ērumpō	-	ērumpis	ērumpit	ērumpimus	ērumpitis	ērumpunt	ērumpēbam	ērumpēbās	ērumpēbat	ērumpēbāmus	ērumpēbātis	ērumpēbant	ērumpam	ērumpēs	ērumpet	ērumpēmus	ērumpētis	ērumpent	ērumpe	ērumpite	ērumpere
ēruō	-	ēruis	ēruit	ēruimus	ēruitis	ēruunt	ēruēbam	ēruēbās	ēruēbat	ēruēbāmus	ēruēbātis	ēruēbant	ēruam	ēruēs	ēruet	ēruēmus	ēruētis	ēruent	ērue	ēruite	ēruere
ērādō	-	ērādis	ērādit	ērādimus	ērāditis	ērādunt	ērādēbam	ērādēbās	ērādēbat	ērādēbāmus	ērādēbātis	ērādēbant	ērādam	ērādēs	ērādet	ērādēmus	ērādētis	ērādent	ērāde	ērādite	ērādere
ērēpō	-	ērēpis	ērēpit	ērēpimus	ērēpitis	ērēpunt	ērēpēbam	ērēpēbās	ērēpēbat	ērēpēbāmus	ērēpēbātis	ērēpēbant	ērēpam	ērēpēs	ērēpet	ērēpēmus	ērēpētis	ērēpent	ērēpe	ērēpite	ērēpere
ērōdō	-	ērōdis	ērōdit	ērōdimus	ērōditis	ērōdunt	ērōdēbam	ērōdēbās	ērōdēbat	ērōdēbāmus	ērōdēbātis	ērōdēbant	ērōdam	ērōdēs	ērōdet	ērōdēmus	ērōdētis	ērōdent	ērōde	ērōdite	ērōdere
ērūgō	-	ērūgis	-	ērūgimus	ērūgitis	-	-	-	-	-	-	-	ērūgam	-	ērūget	-	-	ērūgent	ērūge	ērūgite	ērūgere
ēvagor	-	ēvagāre	-	-	-	-	-	ēvagābāre	-	-	-	-	-	ēvagābere	-	-	-	-	-	-	-
ēvehō	-	ēvehis	ēvehit	ēvehimus	ēvehitis	ēvehunt	ēvehēbam	ēvehēbās	ēvehēbat	ēvehēbāmus	ēvehēbātis	ēvehēbant	ēveham	ēvehēs	ēvehet	ēvehēmus	ēvehētis	ēvehent	ēvehe	ēvehite	ēvehere
ēvellō	-	ēvellis	ēvellit	ēvellimus	ēvellitis	ēvellunt	ēvellēbam	ēvellēbās	ēvellēbat	ēvellēbāmus	ēvellēbātis	ēvellēbant	ēvellam	ēvellēs	ēvellet	ēvellēmus	ēvellētis	ēvellent	ēvelle	ēvellite	ēvellere
ēverrō	-	ēverris	ēverrit	ēverrimus	ēverritis	ēverrunt	ēverrēbam	ēverrēbās	ēverrēbat	ēverrēbāmus	ēverrēbātis	ēverrēbant	ēverram	ēverrēs	ēverret	ēverrēmus	ēverrētis	ēverrent	ēverre	ēverrite	ēverrere
ēvertō	-	ēvertis	ēvertit	ēvertimus	ēvertitis	ēvertunt	ēvertēbam	ēvertēbās	ēvertēbat	ēvertēbāmus	ēvertēbātis	ēvertēbant	ēvertam	ēvertēs	ēvertet	ēvertēmus	ēvertētis	ēvertent	ēverte	ēvertite	ēvertere
ēvincō	-	ēvincis	ēvincit	ēvincimus	ēvincitis	ēvincunt	ēvincēbam	ēvincēbās	ēvincēbat	ēvincēbāmus	ēvincēbātis	ēvincēbant	ēvincam	ēvincēs	ēvincet	ēvincēmus	ēvincētis	ēvincent	ēvince	ēvincite	ēvincere
ēvolvō	-	ēvolvis	ēvolvit	ēvolvimus	ēvolvitis	ēvolvunt	ēvolvēbam	ēvolvēbās	ēvolvēbat	ēvolvēbāmus	ēvolvēbātis	ēvolvēbant	ēvolvam	ēvolvēs	ēvolvet	ēvolvēmus	ēvolvētis	ēvolvent	ēvolve	ēvolvite	ēvolvere
ēvomō	-	ēvomis	ēvomit	ēvomimus	ēvomitis	ēvomunt	ēvomēbam	ēvomēbās	ēvomēbat	ēvomēbāmus	ēvomēbātis	ēvomēbant	ēvomam	ēvomēs	ēvomet	ēvomēmus	ēvomētis	ēvoment	ēvome	ēvomite	ēvomere
ēvādō	-	ēvādis	ēvādit	ēvādimus	ēvāditis	ēvādunt	ēvādēbam	ēvādēbās	ēvādēbat	ēvādēbāmus	ēvādēbātis	ēvādēbant	ēvādam	ēvādēs	ēvādet	ēvādēmus	ēvādētis	ēvādent	ēvāde	ēvādite	ēvādere
īciō	-	īcis	-	īcimus	īcitis	-	-	-	-	-	-	-	-	-	-	-	-	-	īce	īcite	īcere
īnferō	-	īnfers	īnfert	īnferimus	īnfertis	īnferunt	īnferēbam	īnferēbās	īnferēbat	īnferēbāmus	īnferēbātis	īnferēbant	īnferam	īnferēs	īnferet	īnferēmus	īnferētis	īnferent	īnfer	īnferte	īnferre
īnficiō	-	īnficis	-	īnficimus	īnficitis	-	-	-	-	-	-	-	-	-	-	-	-	-	īnfice	īnficite	īnficere
īnfindō	-	īnfindis	īnfindit	īnfindimus	īnfinditis	īnfindunt	īnfindēbam	īnfindēbās	īnfindēbat	īnfindēbāmus	īnfindēbātis	īnfindēbant	īnfindam	īnfindēs	īnfindet	īnfindēmus	īnfindētis	īnfindent	īnfinde	īnfindite	īnfindere
īnfitior	-	īnfitiāre	īnfitiātur	īnfitiāmur	īnfitiāminī	īnfitiantur	īnfitiābar	īnfitiābāre	īnfitiābātur	īnfitiābāmur	īnfitiābāminī	īnfitiābantur	īnfitiābor	īnfitiābere	īnfitiābitur	īnfitiābimur	īnfitiābiminī	īnfitiābuntur	īnfitiāre	īnfitiāminī	īnfitiārī
īnflectō	-	īnflectis	īnflectit	īnflectimus	īnflectitis	īnflectunt	īnflectēbam	īnflectēbās	īnflectēbat	īnflectēbāmus	īnflectēbātis	īnflectēbant	īnflectam	īnflectēs	īnflectet	īnflectēmus	īnflectētis	īnflectent	īnflecte	īnflectite	īnflectere
īnfluō	-	īnfluis	īnfluit	īnfluimus	īnfluitis	īnfluunt	īnfluēbam	īnfluēbās	īnfluēbat	īnfluēbāmus	īnfluēbātis	īnfluēbant	īnfluam	īnfluēs	īnfluet	īnfluēmus	īnfluētis	īnfluent	īnflue	īnfluite	īnfluere
īnflīgō	-	īnflīgis	īnflīgit	īnflīgimus	īnflīgitis	īnflīgunt	īnflīgēbam	īnflīgēbās	īnflīgēbat	īnflīgēbāmus	īnflīgēbātis	īnflīgēbant	īnflīgam	īnflīgēs	īnflīget	īnflīgēmus	īnflīgētis	īnflīgent	īnflīge	īnflīgite	īnflīgere
īnfodiō	-	īnfodis	-	īnfodimus	īnfoditis	-	-	-	-	-	-	-	-	-	-	-	-	-	īnfode	īnfodite	īnfodere
īnfremō	-	īnfremis	īnfremit	īnfremimus	īnfremitis	īnfremunt	īnfremēbam	īnfremēbās	īnfremēbat	īnfremēbāmus	īnfremēbātis	īnfremēbant	īnfremam	īnfremēs	īnfremet	īnfremēmus	īnfremētis	īnfrement	īnfreme	īnfremite	īnfremere
īnfrendō	-	īnfrendis	īnfrendit	īnfrendimus	īnfrenditis	īnfrendunt	īnfrendēbam	īnfrendēbās	īnfrendēbat	īnfrendēbāmus	īnfrendēbātis	īnfrendēbant	īnfrendam	īnfrendēs	īnfrendet	īnfrendēmus	īnfrendētis	īnfrendent	īnfrende	īnfrendite	īnfrendere
īnfringō	-	īnfringis	īnfringit	īnfringimus	īnfringitis	īnfringunt	īnfringēbam	īnfringēbās	īnfringēbat	īnfringēbāmus	īnfringēbātis	īnfringēbant	īnfringam	īnfringēs	īnfringet	īnfringēmus	īnfringētis	īnfringent	īnfringe	īnfringite	īnfringere
īnfundō	-	īnfundis	īnfundit	īnfundimus	īnfunditis	īnfundunt	īnfundēbam	īnfundēbās	īnfundēbat	īnfundēbāmus	īnfundēbātis	īnfundēbant	īnfundam	īnfundēs	īnfundet	īnfundēmus	īnfundētis	īnfundent	īnfunde	īnfundite	īnfundere
īnfuscō	-	īnfuscās	īnfuscat	īnfuscāmus	īnfuscātis	īnfuscant	īnfuscābam	īnfuscābās	īnfuscābat	īnfuscābāmus	īnfuscābātis	īnfuscābant	īnfuscābō	īnfuscābis	īnfuscābit	īnfuscābimus	īnfuscābitis	īnfuscābunt	īnfuscā	īnfuscāte	īnfuscāre
īnfīgō	-	īnfīgis	īnfīgit	īnfīgimus	īnfīgitis	īnfīgunt	īnfīgēbam	īnfīgēbās	īnfīgēbat	īnfīgēbāmus	īnfīgēbātis	īnfīgēbant	īnfīgam	īnfīgēs	īnfīget	īnfīgēmus	īnfīgētis	īnfīgent	īnfīge	īnfīgite	īnfīgere
īnscendō	-	īnscendis	īnscendit	īnscendimus	īnscenditis	īnscendunt	īnscendēbam	īnscendēbās	īnscendēbat	īnscendēbāmus	īnscendēbātis	īnscendēbant	īnscendam	īnscendēs	īnscendet	īnscendēmus	īnscendētis	īnscendent	īnscende	īnscendite	īnscendere
īnscrībō	-	īnscrībis	īnscrībit	īnscrībimus	īnscrībitis	īnscrībunt	īnscrībēbam	īnscrībēbās	īnscrībēbat	īnscrībēbāmus	īnscrībēbātis	īnscrībēbant	īnscrībam	īnscrībēs	īnscrībet	īnscrībēmus	īnscrībētis	īnscrībent	īnscrībe	īnscrībite	īnscrībere
īnsculpō	-	īnsculpis	īnsculpit	īnsculpimus	īnsculpitis	īnsculpunt	īnsculpēbam	īnsculpēbās	īnsculpēbat	īnsculpēbāmus	īnsculpēbātis	īnsculpēbant	īnsculpam	īnsculpēs	īnsculpet	īnsculpēmus	īnsculpētis	īnsculpent	īnsculpe	īnsculpite	īnsculpere
īnsector	-	īnsectāre	-	-	-	-	-	īnsectābāre	-	-	-	-	-	īnsectābere	-	-	-	-	-	-	-
īnsecō	-	īnsecis	-	īnsecimus	īnsecitis	-	-	-	-	-	-	-	īnsecam	-	īnsecet	-	-	īnsecent	īnsece	īnsecite	īnsecere
īnsequor	-	īnsequere	īnsequitur	īnsequimur	īnsequiminī	īnsequuntur	īnsequēbar	īnsequēbāre	īnsequēbātur	īnsequēbāmur	īnsequēbāminī	īnsequēbantur	īnsequar	īnsequēre	īnsequētur	īnsequēmur	īnsequēminī	īnsequentur	īnsequere	īnsequiminī	īnsequī
īnserpō	-	īnserpis	īnserpit	īnserpimus	īnserpitis	īnserpunt	īnserpēbam	īnserpēbās	īnserpēbat	īnserpēbāmus	īnserpēbātis	īnserpēbant	īnserpam	īnserpēs	īnserpet	īnserpēmus	īnserpētis	īnserpent	īnserpe	īnserpite	īnserpere
īnserō	-	īnseris	īnserit	īnserimus	īnseritis	īnserunt	īnserēbam	īnserēbās	īnserēbat	īnserēbāmus	īnserēbātis	īnserēbant	īnseram	īnserēs	īnseret	īnserēmus	īnserētis	īnserent	īnsere	īnserite	īnserere
īnsidior	-	īnsidiāre	īnsidiātur	īnsidiāmur	īnsidiāminī	īnsidiantur	īnsidiābar	īnsidiābāre	īnsidiābātur	īnsidiābāmur	īnsidiābāminī	īnsidiābantur	īnsidiābor	īnsidiābere	īnsidiābitur	īnsidiābimur	īnsidiābiminī	īnsidiābuntur	īnsidiāre	īnsidiāminī	īnsidiārī
īnsidiō	-	īnsidiās	īnsidiat	īnsidiāmus	īnsidiātis	īnsidiant	īnsidiābam	īnsidiābās	īnsidiābat	īnsidiābāmus	īnsidiābātis	īnsidiābant	īnsidiābō	īnsidiābis	īnsidiābit	īnsidiābimus	īnsidiābitis	īnsidiābunt	īnsidiā	īnsidiāte	īnsidiāre
īnsistō	-	īnsistis	īnsistit	īnsistimus	īnsistitis	īnsistunt	īnsistēbam	īnsistēbās	īnsistēbat	īnsistēbāmus	īnsistēbātis	īnsistēbant	īnsistam	īnsistēs	īnsistet	īnsistēmus	īnsistētis	īnsistent	īnsiste	īnsistite	īnsistere
īnspergō	-	īnspergis	īnspergit	īnspergimus	īnspergitis	īnspergunt	īnspergēbam	īnspergēbās	īnspergēbat	īnspergēbāmus	īnspergēbātis	īnspergēbant	īnspergam	īnspergēs	īnsperget	īnspergēmus	īnspergētis	īnspergent	īnsperge	īnspergite	īnspergere
īnspiciō	-	īnspicis	-	īnspicimus	īnspicitis	-	-	-	-	-	-	-	-	-	-	-	-	-	īnspice	īnspicite	īnspicere
īnsternō	-	īnsternis	īnsternit	īnsternimus	īnsternitis	īnsternunt	īnsternēbam	īnsternēbās	īnsternēbat	īnsternēbāmus	īnsternēbātis	īnsternēbant	īnsternam	īnsternēs	īnsternet	īnsternēmus	īnsternētis	īnsternent	īnsterne	īnsternite	īnsternere
īnstinguō	-	īnstinguis	īnstinguit	īnstinguimus	īnstinguitis	īnstinguunt	īnstinguēbam	īnstinguēbās	īnstinguēbat	īnstinguēbāmus	īnstinguēbātis	īnstinguēbant	īnstinguam	īnstinguēs	īnstinguet	īnstinguēmus	īnstinguētis	īnstinguent	īnstingue	īnstinguite	īnstinguere
īnstituō	-	īnstituis	īnstituit	īnstituimus	īnstituitis	īnstituunt	īnstituēbam	īnstituēbās	īnstituēbat	īnstituēbāmus	īnstituēbātis	īnstituēbant	īnstituam	īnstituēs	īnstituet	īnstituēmus	īnstituētis	īnstituent	īnstitue	īnstituite	īnstituere
īnstrepō	-	īnstrepis	īnstrepit	īnstrepimus	īnstrepitis	īnstrepunt	īnstrepēbam	īnstrepēbās	īnstrepēbat	īnstrepēbāmus	īnstrepēbātis	īnstrepēbant	īnstrepam	īnstrepēs	īnstrepet	īnstrepēmus	īnstrepētis	īnstrepent	īnstrepe	īnstrepite	īnstrepere
īnstringō	-	īnstringis	īnstringit	īnstringimus	īnstringitis	īnstringunt	īnstringēbam	īnstringēbās	īnstringēbat	īnstringēbāmus	īnstringēbātis	īnstringēbant	īnstringam	īnstringēs	īnstringet	īnstringēmus	īnstringētis	īnstringent	īnstringe	īnstringite	īnstringere
īnstruō	-	īnstruis	īnstruit	īnstruimus	īnstruitis	īnstruunt	īnstruēbam	īnstruēbās	īnstruēbat	īnstruēbāmus	īnstruēbātis	īnstruēbant	īnstruam	īnstruēs	īnstruet	īnstruēmus	īnstruētis	īnstruent	īnstrue	īnstruite	īnstruere
īnsum	īnsum	ines	inest	īnsumus	inestis	īnsunt	ineram	inerās	inerat	inerāmus	inerātis	inerant	inerō	inere	inerit	inerimus	ineritis	inerunt	ines	ineste	inesse
īnsurgō	-	īnsurgis	īnsurgit	īnsurgimus	īnsurgitis	īnsurgunt	īnsurgēbam	īnsurgēbās	īnsurgēbat	īnsurgēbāmus	īnsurgēbātis	īnsurgēbant	īnsurgam	īnsurgēs	īnsurget	īnsurgēmus	īnsurgētis	īnsurgent	īnsurge	īnsurgite	īnsurgere
īnsuō	-	īnsuis	īnsuit	īnsuimus	īnsuitis	īnsuunt	īnsuēbam	īnsuēbās	īnsuēbat	īnsuēbāmus	īnsuēbātis	īnsuēbant	īnsuam	īnsuēs	īnsuet	īnsuēmus	īnsuētis	īnsuent	īnsue	īnsuite	īnsuere
īnsīdō	-	īnsīdis	īnsīdit	īnsīdimus	īnsīditis	īnsīdunt	īnsīdēbam	īnsīdēbās	īnsīdēbat	īnsīdēbāmus	īnsīdēbātis	īnsīdēbant	īnsīdam	īnsīdēs	īnsīdet	īnsīdēmus	īnsīdētis	īnsīdent	īnsīde	īnsīdite	īnsīdere
īnsūmō	-	īnsūmis	īnsūmit	īnsūmimus	īnsūmitis	īnsūmunt	īnsūmēbam	īnsūmēbās	īnsūmēbat	īnsūmēbāmus	īnsūmēbātis	īnsūmēbant	īnsūmam	īnsūmēs	īnsūmet	īnsūmēmus	īnsūmētis	īnsūment	īnsūme	īnsūmite	īnsūmere
īrāscor	-	īrāscere	īrāscitur	īrāscimur	īrāsciminī	īrāscuntur	īrāscēbar	īrāscēbāre	īrāscēbātur	īrāscēbāmur	īrāscēbāminī	īrāscēbantur	īrāscar	īrāscēre	īrāscētur	īrāscēmur	īrāscēminī	īrāscentur	īrāscere	īrāsciminī	īrāscī
ī̆cō	-	ī̆cis	ī̆cit	ī̆cimus	ī̆citis	ī̆cunt	ī̆cēbam	ī̆cēbās	ī̆cēbat	ī̆cēbāmus	ī̆cēbātis	ī̆cēbant	ī̆cam	ī̆cēs	ī̆cet	ī̆cēmus	ī̆cētis	ī̆cent	ī̆ce	ī̆cite	ī̆cere
ōdī	ōdī	ōdistī	ōdit	ōdimus	ōdistis	ōdēre	ōderam	ōderās	ōderat	ōderāmus	ōderātis	ōderant	ōderō	ōderis	ōderit	ōderimus	ōderitis	ōderint	-	-	ōdisse
ōminor	-	ōmināre	-	-	-	-	-	ōminābāre	-	-	-	-	-	ōminābere	-	-	-	-	-	-	-
ōrdior	-	ōrdīre	-	-	-	-	-	ōrdiēbāre	-	-	-	-	-	ōrdiēre	-	-	-	-	-	-	-
ōscitor	-	ōscitāre	-	-	-	-	-	ōscitābāre	-	-	-	-	-	ōscitābere	-	-	-	-	-	-	-
ōsculor	-	ōsculāre	-	-	-	-	-	ōsculābāre	-	-	-	-	-	ōsculābere	-	-	-	-	-	-	ōsculārier
ōtior	-	ōtiāre	ōtiātur	ōtiāmur	ōtiāminī	ōtiantur	ōtiābar	ōtiābāre	ōtiābātur	ōtiābāmur	ōtiābāminī	ōtiābantur	ōtiābor	ōtiābere	ōtiābitur	ōtiābimur	ōtiābiminī	ōtiābuntur	ōtiāre	ōtiāminī	ōtiārier
ūrīnor	-	ūrīnāre	-	-	-	-	-	ūrīnābāre	-	-	-	-	-	ūrīnābere	-	-	-	-	-	-	-
ūrō	-	ūris	ūrit	ūrimus	ūritis	ūrunt	ūrēbam	ūrēbās	ūrēbat	ūrēbāmus	ūrēbātis	ūrēbant	ūram	ūrēs	ūret	ūrēmus	ūrētis	ūrent	ūre	ūrite	ūrere
ūsitor	-	ūsitāre	-	-	-	-	-	ūsitābāre	-	-	-	-	-	ūsitābere	-	-	-	-	-	-	-
ūsūcapiō	-	ūsūcapis	-	ūsūcapimus	ūsūcapitis	-	-	-	-	-	-	-	-	-	-	-	-	-	ūsūcape	ūsūcapite	ūsūcapere
ūtor	-	ūtere	ūtitur	ūtimur	ūtiminī	ūtuntur	ūtēbar	ūtēbāre	ūtēbātur	ūtēbāmur	ūtēbāminī	ūtēbantur	ūtar	ūtēre	ūtētur	ūtēmur	ūtēminī	ūtentur	ūtere	ūtiminī	ūtī
