# lemma	prs-base	pst-base	fut-base	vn	ptcp	imp2sg	imp2pl	prs-auto ("-" = derive)
abair	deir	dúirt	déarfaidh	rá	ráite	-	abraigí	deirtear
achainigh	-	-	achaineoidh	achainí	-	-	-	-
achair	achrann	achair	acharfaidh	achairt	achartha	-	achraigí	achairtear
achoimrigh	-	-	achoimreoidh	-	-	-	-	-
achomharc	-	-	-	achomharc	achomharctha	-	-	-
achtaigh	-	-	achtóidh	-	-	-	-	-
achtáil	achtálann	achtáil	achtálfaidh	achtáil	achtáilte	-	achtálaigí	achtáiltear
aclaigh	-	-	aclóidh	-	-	-	-	-
adamhaigh	-	-	adamhóidh	-	-	-	-	-
adhain	adhnann	adhain	adhanfaidh	adhaint	adhainte	-	adhnaigí	-
adhair	adhrann	adhair	-	adhradh	adhartha	-	adhraigí	-
adhaltranaigh	-	-	adhaltranóidh	-	-	-	-	-
adharcáil	adharcálann	adharcáil	adharcálfaidh	adharcáil	adharcáilte	-	adharcálaigí	adharcáiltear
adhfhuathaigh	-	-	adhfhuathóidh	-	-	-	-	-
adhlaic	adhlacann	adhlaic	adhlacfaidh	adhlacadh	adhlactha	-	adhlacaigí	adhlactar
adhmhill	-	-	adhmhillfidh	-	-	-	-	-
adhnáirigh	-	-	adhnáireoidh	-	-	-	-	-
admhaigh	-	-	admhóidh	admháil	-	-	-	-
aducht	-	-	-	-	aduchta	-	-	aduchtar
aeraigh	-	-	aeróidh	-	-	-	-	-
aeriompair	aeriompraíonn	aeriompair	aeriompróidh	aeriompar	aeriompartha	-	aeriompraígí	aeriompraítear
aeroiriúnaigh	-	-	aeroiriúnóidh	-	-	-	-	-
aeráil	aerálann	aeráil	aerálfaidh	aeráil	aeráilte	-	aerálaigí	aeráiltear
agaigh	-	-	agóidh	-	-	-	-	-
agaill	agallann	agaill	agallfaidh	agallamh	-	-	agallaigí	agalltar
agair	agraíonn	agair	agróidh	agairt	agartha	-	agraígí	agraítear
aghloit	-	-	aghloitfidh	aghlot	aghloite	-	-	aghloitear
agóid	-	-	agóidfidh	agóid	-	-	-	-
aibhligh	-	-	aibhleoidh	-	-	-	-	-
aibhsigh	-	-	aibhseoidh	-	-	-	-	-
aibigh	-	-	aibeoidh	-	-	-	-	-
aiceannaigh	-	-	aiceannóidh	-	aiceanta	-	-	-
aicleáil	aicleálann	aicleáil	aicleálfaidh	haicleáil	haicleáilte	-	aicleálaigí	aicleáiltear
aicmigh	-	-	aicmeoidh	-	-	-	-	-
aifir	aifríonn	aifir	aifreoidh	aifirt	aifeartha	-	aifrígí	aifrítear
aighnigh	-	-	aighneoidh	-	-	-	-	-
aigleáil	aigleálann	aigleáil	aigleálfaidh	haigleáil	haigleáilte	-	aigleálaigí	aigleáiltear
aigéadaigh	-	-	aigéadóidh	-	-	-	-	-
ailléidigh	-	-	ailléideoidh	-	-	-	-	-
ailsigh	-	-	ailseoidh	-	-	-	-	-
ailtéarnaigh	-	-	ailtéarnóidh	-	-	-	-	-
ailínigh	-	-	ailíneoidh	-	-	-	-	-
aimpligh	-	-	aimpleoidh	-	-	-	-	-
aimridigh	-	-	aimrideoidh	-	-	-	-	-
aimsigh	-	-	aimseoidh	-	-	-	-	-
ainic	-	-	ainicfidh	anacal	ainicthe	-	-	-
ainimhigh	-	-	ainimheoidh	-	-	-	-	-
ainligh	-	-	ainleoidh	-	-	-	-	-
ainmnigh	-	-	ainmneoidh	-	-	-	-	-
air	-	-	airfidh	ar	airthe	-	-	-
aireachasaigh	-	-	aireachasóidh	-	-	-	-	-
airg	-	-	airgfidh	-	airgthe	-	-	-
airgeadaigh	-	-	airgeadóidh	-	-	-	-	-
airigh	-	-	aireoidh	aireachtáil	-	-	-	-
aisbhreathnaigh	-	-	aisbhreathnóidh	-	-	-	-	-
aisc	-	-	aiscfidh	-	aiscthe	-	-	-
aischiceáil	aischiceálann	aischiceáil	aischiceálfaidh	aischiceáil	aischiceáilte	-	aischiceálaigí	aischiceáiltear
aischuir	-	-	aischuirfidh	aischur	aischurtha	-	-	-
aischéimnigh	-	-	aischéimneoidh	-	-	-	-	-
aisfhreagair	aisfhreagraíonn	aisfhreagair	aisfhreagróidh	aisfhreagairt	aisfhreagartha	-	aisfhreagraígí	aisfhreagraítear
aisfhuaimnigh	-	-	aisfhuaimneoidh	-	-	-	-	-
aisghabh	-	-	-	aisghabháil	aisghafa	-	-	-
aisghair	-	-	aisghairfidh	aisghairm	aisghairthe	-	-	-
aisghníomhaigh	-	-	aisghníomhóidh	-	-	-	-	-
aisig	aiseagann	aisig	aiseagfaidh	aiseag	aiseagtha	-	aiseagaigí	aiseagtar
aisiompaigh	-	-	aisiompóidh	-	-	-	-	-
aisling	aislingíonn	aisling	aislingeoidh	aisling	aislingthe	-	-	-
aisléasaigh	-	-	aisléasóidh	-	-	-	-	-
aisléim	-	-	aisléimfidh	aisléim	aisléimthe	-	-	-
aisphreab	-	-	-	-	aisphreabtha	-	-	-
aistarraing	aistarraingíonn	aistarraing	aistarraingeoidh	aistarraingt	aistarraingthe	-	aistarraingígí	aistarraingítear
aistrigh	-	-	aistreoidh	-	-	-	-	-
aiséirigh	-	-	aiséireoidh	aiséirí	-	-	-	-
aisíoc	-	-	-	aisíoc	aisíoctha	-	-	-
aitheasc	-	-	-	aitheasc	aitheasctha	-	-	-
aithin	aithníonn	aithin	aithneoidh	aithint	aitheanta	-	aithnígí	aithnítear
aithisigh	-	-	aithiseoidh	-	-	-	-	-
aithris	aithrisíonn	aithris	aithriseoidh	aithris	aithriste	-	aithrisígí	aithrisítear
allasaigh	-	-	allasóidh	-	-	-	-	-
allmhairigh	-	-	allmhaireoidh	-	-	-	-	-
alp	-	-	-	-	alptha	-	-	-
alt	-	-	-	-	alta	-	-	altar
altaigh	-	-	altóidh	-	-	-	-	-
altramaigh	-	-	altramóidh	-	-	-	-	-
amasaigh	-	-	amasóidh	-	-	-	-	-
amharc	-	-	-	amharc	amharctha	-	-	-
amharcléigh	amharcléann	-	amharcléifidh	amharcléamh	-	-	-	-
amhastraigh	-	-	amhastróidh	amhastrach	-	-	-	-
amplaigh	-	-	amplóidh	-	-	-	-	-
anailísigh	-	-	anailíseoidh	-	-	-	-	-
anbhainnigh	-	-	anbhainneoidh	-	-	-	-	-
anluchtaigh	-	-	anluchtóidh	-	-	-	-	-
annáil	annálann	annáil	annálfaidh	annáladh	annálta	-	annálaigí	annáltar
ansmachtaigh	-	-	ansmachtóidh	-	-	-	-	-
análaigh	-	-	análóidh	-	-	-	-	-
anóidigh	-	-	anóideoidh	-	-	-	-	-
anótáil	anótálann	anótáil	anótálfaidh	anótáil	anótáilte	-	anótálaigí	anótáiltear
aoirigh	-	-	aoireoidh	aoireacht	-	-	-	-
aoldathaigh	-	-	aoldathóidh	-	aoldaite	-	-	-
aom	-	-	-	-	aomtha	-	-	-
aonraigh	-	-	aonróidh	-	-	-	-	-
aontaigh	-	-	aontóidh	-	-	-	-	-
aor	-	-	-	-	aortha	-	-	-
aosaigh	-	-	aosóidh	-	-	-	-	-
aothaigh	-	-	aothóidh	-	-	-	-	-
apáil	apálann	apáil	apálfaidh	hapáil	hapáilte	-	apálaigí	apáiltear
ardaigh	-	-	ardóidh	-	-	-	-	-
arg	-	-	-	argain	argtha	-	-	-
argóin	argónann	argóin	argónfaidh	argóint	argóinte	-	argónaigí	-
armáil	armálann	armáil	armálfaidh	armáil	armáilte	-	armálaigí	armáiltear
armónaigh	-	-	armónóidh	-	-	-	-	-
asanálaigh	-	-	asanálóidh	-	-	-	-	-
asbhain	-	-	asbhainfidh	asbhaint	-	-	-	-
asbheir	-	-	asbheirfidh	asbheirt	asbheirthe	-	-	-
ascain	ascnaíonn	ascain	ascnóidh	ascnamh	ascanta	-	ascnaígí	ascnaítear
aschuir	-	-	aschuirfidh	aschur	aschurtha	-	-	-
aslaigh	-	-	-	aslach	-	-	-	-
astaigh	-	-	astóidh	-	-	-	-	-
asáitigh	-	-	asáiteoidh	-	-	-	-	-
asúigh	asúnn	asúigh	asúfaidh	asú	asúite	-	asúigí	asúitear
ataispeáin	ataispeánann	ataispeáin	ataispeánfaidh	ataispeáint	ataispeánta	-	ataispeánaigí	ataispeántar
atarraing	atarraingíonn	atarraing	atarraingeoidh	atarraingt	atarraingthe	-	atarraingígí	atarraingítear
ateilg	-	-	ateilgfidh	ateilgean	ateilgthe	-	-	-
athachtaigh	-	-	athachtóidh	-	-	-	-	-
athadhain	athadhnann	athadhain	athadhanfaidh	athadhaint	athadhainte	-	athadhnaigí	-
athadhlaic	athadhlacann	athadhlaic	athadhlacfaidh	athadhlacadh	athadhlactha	-	athadhlacaigí	athadhlactar
athaimsigh	-	-	athaimseoidh	-	-	-	-	-
athainmnigh	-	-	athainmneoidh	-	-	-	-	-
athallmhairigh	-	-	athallmhaireoidh	-	-	-	-	-
atharmáil	atharmálann	atharmáil	atharmálfaidh	atharmáil	atharmáilte	-	atharmálaigí	atharmáiltear
athbhaist	-	-	athbhaistfidh	-	athbhaiste	-	-	athbhaistear
athbheoigh	athbheonn	athbheoigh	athbheofaidh	athbheochan	athbheoite	-	athbheoigí	athbheoitear
athbhreithnigh	-	-	athbhreithneoidh	-	-	-	-	-
athbhris	-	-	athbhrisfidh	-	-	-	-	-
athbhuail	-	-	athbhuailfidh	athbhualadh	-	-	-	-
athcheangail	athcheanglaíonn	athcheangail	athcheanglóidh	athcheangal	athcheangailte	-	athcheanglaígí	athcheanglaítear
athcheannaigh	-	-	-	athcheannach	-	-	-	-
athcheap	-	-	-	-	athcheaptha	-	-	-
athchlóigh	athchlónn	athchlóigh	athchlófaidh	athchló	athchlóite	-	athchlóigí	athchlóitear
athchlúdaigh	-	-	-	athchlúdach	-	-	-	-
athchnag	-	-	-	-	athchnagtha	-	-	-
athchnuchair	athchnuchraíonn	athchnuchair	athchnuchróidh	athchnuchairt	athchnuchartha	-	athchnuchraígí	athchnuchraítear
athchogain	athchognaíonn	athchogain	athchognóidh	athchogaint	athchoganta	-	athchognaígí	athchognaítear
athchomhair	-	-	athchomhairfidh	athchomhaireamh	athchomhairthe	-	-	-
athchruaigh	athchruann	athchruaigh	athchruafaidh	athchruachan	athchruaite	-	athchruaigí	athchruaitear
athchrúigh	athchrúnn	athchrúigh	athchrúfaidh	athchrú	athchrúite	-	athchrúigí	athchrúitear
athchuir	-	-	athchuirfidh	athchur	athchurtha	-	-	-
athchum	-	-	-	-	athchumtha	-	-	-
athchuntais	-	-	athchuntaisfidh	athchuntas	-	-	-	-
athchóipeáil	athchóipeálann	athchóipeáil	athchóipeálfaidh	athchóipeáil	athchóipeáilte	-	athchóipeálaigí	athchóipeáiltear
athchúrsáil	athchúrsálann	athchúrsáil	athchúrsálfaidh	athchúrsáil	athchúrsáilte	-	athchúrsálaigí	athchúrsáiltear
athdhathaigh	-	-	-	-	athdhaite	-	-	-
athdhear	-	-	-	-	athdheartha	-	-	-
athdháil	-	-	athdháilfidh	-	-	-	-	-
athdhéan	-	-	-	athdhéanamh	-	-	-	-
athdhíol	-	-	-	athdhíol	-	-	-	-
athdhúisigh	-	-	-	athdhúiseacht	-	-	-	-
atheagraigh	-	-	atheagróidh	-	-	-	-	-
atheisigh	-	-	-	atheisiúint	-	-	-	-
athfhaghair	athfhaghraíonn	athfhaghair	athfhaghróidh	athfhaghairt	athfhaghartha	-	athfhaghraígí	athfhaghraítear
athfhill	-	-	athfhillfidh	-	-	-	-	-
athfhorbair	athfhorbraíonn	athfhorbair	athfhorbróidh	athfhorbairt	athfhorbartha	-	athfhorbraígí	athfhorbraítear
athghabh	-	-	-	athghabháil	athghafa	-	-	-
athghair	-	-	athghairfidh	athghairm	athghairthe	-	-	-
athghin	-	-	athghinfidh	athghiniúint	-	-	-	-
athghlaoigh	athghlaonn	athghlaoigh	athghlaofaidh	athghlaoch	athghlaoite	-	athghlaoigí	athghlaoitear
athghoin	-	-	athghoinfidh	athghoin	athghonta	-	-	-
athghor	-	-	-	-	athghortha	-	-	-
athghróig	-	-	athghróigfidh	-	athghróigthe	-	-	-
athghrúpáil	athghrúpálann	athghrúpáil	athghrúpálfaidh	athghrúpáil	athghrúpáilte	-	athghrúpálaigí	athghrúpáiltear
athghéill	-	-	athghéillfidh	-	-	-	-	-
athimir	athimríonn	athimir	athimreoidh	athimirt	athimeartha	-	athimrígí	athimrítear
athinis	athinsíonn	athinis	athinseoidh	athinsint	athinste	-	athinsígí	athinsítear
athiontráil	athiontrálann	athiontráil	athiontrálfaidh	athiontráil	athiontráilte	-	athiontrálaigí	athiontráiltear
athleag	-	-	-	athleagan	athleagtha	-	-	-
athleáigh	athleánn	athleáigh	athleáfaidh	athleá	athleáite	-	athleáigí	athleáitear
athliostáil	athliostálann	athliostáil	athliostálfaidh	athliostáil	athliostáilte	-	athliostálaigí	athliostáiltear
athluacháil	athluachálann	athluacháil	athluachálfaidh	athluacháil	athluacháilte	-	athluachálaigí	athluacháiltear
athluaigh	athluann	athluaigh	athluafaidh	athlua	athluaite	-	athluaigí	athluaitear
athléigh	athléann	-	athléifidh	athléamh	-	-	-	-
athlíneáil	athlíneálann	athlíneáil	athlíneálfaidh	athlíneáil	athlíneáilte	-	athlíneálaigí	athlíneáiltear
athlódáil	athlódálann	athlódáil	athlódálfaidh	athlódáil	athlódáilte	-	athlódálaigí	athlódáiltear
athmhachnaigh	-	-	-	athmhachnamh	-	-	-	-
athmheasc	-	-	-	-	athmheasctha	-	-	-
athmháistrigh	-	-	-	athmháistreacht	-	-	-	-
athmhúscail	athmhúsclaíonn	athmhúscail	athmhúsclóidh	-	-	-	athmhúsclaígí	athmhúsclaítear
athnasc	-	-	-	-	athnasctha	-	-	-
athneartaigh	-	-	athneartóidh	-	-	-	-	-
athnuaigh	athnuann	athnuaigh	athnuafaidh	athnuachan	athnuaite	-	athnuaigí	athnuaitear
athoil	-	-	athoilfidh	athoiliúint	-	-	-	-
athonnmhairigh	-	-	athonnmhaireoidh	-	-	-	-	-
athordaigh	-	-	athordóidh	-	-	-	-	-
athoscail	athosclaíonn	athoscail	athosclóidh	athoscailt	athoscailte	-	athosclaígí	athosclaítear
athphlandáil	athphlandálann	athphlandáil	athphlandálfaidh	athphlandáil	athphlandáilte	-	athphlandálaigí	athphlandáiltear
athphléigh	athphléann	-	athphléifidh	athphlé	-	-	-	-
athphreab	-	-	-	-	athphreabtha	-	-	-
athphriontáil	athphriontálann	athphriontáil	athphriontálfaidh	athphriontáil	athphriontáilte	-	athphriontálaigí	athphriontáiltear
athphróiseáil	athphróiseálann	athphróiseáil	athphróiseálfaidh	athphróiseáil	athphróiseáilte	-	athphróiseálaigí	athphróiseáiltear
athphéinteáil	athphéinteálann	athphéinteáil	athphéinteálfaidh	athphéinteáil	athphéinteáilte	-	athphéinteálaigí	athphéinteáiltear
athraigh	-	-	athróidh	-	-	-	-	-
athreoigh	athreonn	athreoigh	athreofaidh	athreo	athreoite	-	athreoigí	athreoitear
athriar	-	-	-	athriar	athriartha	-	-	-
athroinn	-	-	athroinnfidh	athroinnt	-	-	-	-
athrígh	athríonn	athrígh	athrífidh	athrí	athríthe	-	athrígí	athrítear
athrómhair	athrómhraíonn	athrómhair	athrómhróidh	athrómhar	athrómhartha	-	athrómhraígí	athrómhraítear
athscag	-	-	-	-	athscagtha	-	-	-
athscinn	-	-	athscinnfidh	-	-	-	-	-
athscríobh	-	-	-	athscríobh	athscríofa	-	-	-
athsheachaid	athsheachadann	athsheachaid	athsheachadfaidh	athsheachadadh	athsheachadta	-	athsheachadaigí	athsheachadtar
athsheinn	-	-	athsheinnfidh	athsheinm	-	-	-	-
athshnaidhm	-	-	athshnaidhmfidh	-	athshnaidhmthe	-	-	-
athsholáthraigh	-	-	-	athsholáthar	-	-	-	-
athshuaith	-	-	athshuaithfidh	-	athshuaite	-	-	athshuaitear
athshuigh	-	-	athshuífidh	athshuí	athshuite	-	-	athshuitear
athshúigh	athshúnn	athshúigh	athshúfaidh	athshú	athshúite	-	athshúigí	athshúitear
athsmaoinigh	-	-	-	athsmaoineamh	-	-	-	-
athspreag	-	-	-	-	athspreagtha	-	-	-
athspréigh	athspréann	-	athspréifidh	athspré	-	-	-	-
athéirigh	-	-	-	athéirí	-	-	-	-
athéist	-	-	athéistfidh	athéisteacht	athéiste	-	-	athéistear
athúsáid	-	-	athúsáidfidh	athúsáid	-	-	-	-
ationóil	ationólann	ationóil	ationólfaidh	ationól	ationólta	-	ationólaigí	ationóltar
atit	-	-	atitfidh	atitim	atite	-	-	atitear
atogh	-	-	-	-	atofa	-	-	-
atraenáil	atraenálann	atraenáil	atraenálfaidh	atraenáil	atraenáilte	-	atraenálaigí	atraenáiltear
atreabh	-	-	-	-	atreafa	-	-	-
atriail	-	-	atriailfidh	atriail	-	-	-	-
atrácht	-	-	-	-	atráchta	-	-	atráchtar
atvuíteáil	atvuíteálann	atvuíteáil	atvuíteálfaidh	atvuíteáil	atvuíteáilte	-	atvuíteálaigí	atvuíteáiltear
atáirg	-	-	atáirgfidh	-	atáirgthe	-	-	-
atáthaigh	-	-	atáthóidh	-	atáite	-	-	-
atéigh	atéann	-	atéifidh	atéamh	-	-	-	-
atíolaic	atíolacann	atíolaic	atíolacfaidh	atíolacadh	atíolactha	-	atíolacaigí	atíolactar
atóg	-	-	-	atógáil	atógtha	-	-	-
babhláil	babhlálann	babhláil	babhlálfaidh	babhláil	babhláilte	-	babhlálaigí	babhláiltear
babhtáil	babhtálann	babhtáil	babhtálfaidh	babhtáil	babhtáilte	-	babhtálaigí	babhtáiltear
bac	-	-	-	-	bactha	-	-	-
bacaigh	-	-	bacóidh	-	-	-	-	-
bachlaigh	-	-	bachlóidh	-	-	-	-	-
bacsáil	bacsálann	bacsáil	bacsálfaidh	bacsáil	bacsáilte	-	bacsálaigí	bacsáiltear
badráil	badrálann	badráil	badrálfaidh	badráil	badráilte	-	badrálaigí	badráiltear
bagair	bagraíonn	bagair	bagróidh	bagairt	-	-	bagraígí	bagraítear
baghcatáil	baghcatálann	baghcatáil	baghcatálfaidh	baghcatáil	baghcatáilte	-	baghcatálaigí	baghcatáiltear
baiceáil	baiceálann	baiceáil	baiceálfaidh	baiceáil	baiceáilte	-	baiceálaigí	baiceáiltear
baig	-	-	baigfidh	-	baigthe	-	-	-
bailc	balcann	bailc	balcfaidh	balcadh	balctha	-	balcaigí	balctar
bailigh	-	-	baileoidh	-	-	-	-	-
bailíochtaigh	-	-	bailíochtóidh	-	-	-	-	-
bain	-	-	bainfidh	baint	-	-	-	-
bainistigh	-	-	bainisteoidh	-	-	-	-	-
baist	-	-	baistfidh	-	baiste	-	-	baistear
balbhaigh	-	-	balbhóidh	-	-	-	-	-
ballbhasc	-	-	-	-	ballbhasctha	-	-	-
ballbhrúigh	ballbhrúnn	ballbhrúigh	ballbhrúfaidh	ballbhrú	ballbhrúite	-	ballbhrúigí	ballbhrúitear
balsamaigh	-	-	balsamóidh	-	-	-	-	-
bancáil	bancálann	bancáil	bancálfaidh	bancáil	bancáilte	-	bancálaigí	bancáiltear
baoiteáil	baoiteálann	baoiteáil	baoiteálfaidh	baoiteáil	baoiteáilte	-	baoiteálaigí	baoiteáiltear
barr	-	-	-	-	barrtha	-	-	-
barrdhóigh	barrdhónn	barrdhóigh	barrdhófaidh	barrdhó	barrdhóite	-	barrdhóigí	barrdhóitear
barrloisc	-	-	barrloiscfidh	barrloscadh	barrloiscthe	-	-	-
barrscoith	-	-	barrscoithfidh	-	barrscoite	-	-	barrscoitear
barántaigh	-	-	barántóidh	-	-	-	-	-
barúil	barúlann	barúil	barúlfaidh	barúil	-	-	barúlaigí	-
basc	-	-	-	-	basctha	-	-	-
baslaigh	-	-	-	baslach	-	-	-	-
bataráil	batarálann	bataráil	batarálfaidh	bataráil	bataráilte	-	batarálaigí	bataráiltear
batráil	batrálann	batráil	batrálfaidh	batráil	batráilte	-	batrálaigí	batráiltear
batáil	batálann	batáil	batálfaidh	batáil	batáilte	-	batálaigí	batáiltear
beachtaigh	-	-	beachtóidh	-	-	-	-	-
beagaigh	-	-	beagóidh	-	-	-	-	-
bealaigh	-	-	bealóidh	-	-	-	-	-
beannaigh	-	-	beannóidh	-	-	-	-	-
bearr	-	-	-	-	bearrtha	-	-	-
beartaigh	-	-	beartóidh	-	-	-	-	-
beathaigh	-	-	beathóidh	-	-	-	-	-
beir	-	rug	béarfaidh	breith	beirthe	-	-	-
beirigh	-	-	beireoidh	-	-	-	-	-
beoghearr	-	-	-	-	beoghearrtha	-	-	-
beoghoin	-	-	beoghoinfidh	beoghoin	beoghonta	-	-	-
beoigh	beonn	beoigh	beofaidh	beochan	beoite	-	beoigí	beoitear
beáráil	beárálann	beáráil	beárálfaidh	beáráil	beáráilte	-	beárálaigí	beáráiltear
biathaigh	-	-	biathóidh	-	-	-	-	-
billeáil	billeálann	billeáil	billeálfaidh	billeáil	billeáilte	-	billeálaigí	billeáiltear
bior-róst	-	-	-	-	bior-rósta	-	-	bior-róstar
bisigh	-	-	biseoidh	-	-	-	-	-
bladair	bladraíonn	bladair	bladróidh	bladar	bladartha	-	bladraígí	bladraítear
bladhair	bladhraíonn	bladhair	bladhróidh	bladhradh	bladhartha	-	bladhraígí	bladhraítear
bladhm	-	-	-	-	bladhmtha	-	-	-
blagáil	blagálann	blagáil	blagálfaidh	blagáil	blagáilte	-	blagálaigí	blagáiltear
blais	-	-	blaisfidh	-	-	-	-	-
blaosc	-	-	-	-	blaosctha	-	-	-
blaoscrúisc	-	-	blaoscrúiscfidh	blaoscrúscadh	blaoscrúiscthe	-	-	-
bleaisteáil	bleaisteálann	bleaisteáil	bleaisteálfaidh	bleaisteáil	bleaisteáilte	-	bleaisteálaigí	bleaisteáiltear
bligh	-	-	blífidh	bleán	blite	-	-	blitear
blocáil	blocálann	blocáil	blocálfaidh	blocáil	blocáilte	-	blocálaigí	blocáiltear
blosc	-	-	-	-	blosctha	-	-	-
bobáil	bobálann	bobáil	bobálfaidh	bobáil	bobáilte	-	bobálaigí	bobáiltear
bocsáil	bocsálann	bocsáil	bocsálfaidh	bocsáil	bocsáilte	-	bocsálaigí	bocsáiltear
bocáil	bocálann	bocáil	bocálfaidh	bocáil	bocáilte	-	bocálaigí	bocáiltear
bodhair	bodhraíonn	bodhair	bodhróidh	bodhradh	bodhartha	-	bodhraígí	bodhraítear
bodhraigh	-	-	bodhróidh	-	-	-	-	-
bog	-	-	-	-	bogtha	-	-	-
bogh	-	-	-	-	boghtha	-	-	-
boilscigh	-	-	boilsceoidh	-	-	-	-	-
bolaigh	-	-	bolóidh	-	-	-	-	-
bolg	-	-	-	-	bolgtha	-	-	-
boltáil	boltálann	boltáil	boltálfaidh	boltáil	boltáilte	-	boltálaigí	boltáiltear
borbaigh	-	-	borbóidh	-	-	-	-	-
bordáil	bordálann	bordáil	bordálfaidh	bordáil	bordáilte	-	bordálaigí	bordáiltear
borr	-	-	-	-	borrtha	-	-	-
brabhsáil	brabhsálann	brabhsáil	brabhsálfaidh	brabhsáil	brabhsáilte	-	brabhsálaigí	-
bradaigh	-	-	bradóidh	-	-	-	-	-
braich	brachann	braich	brachfaidh	brachadh	brachta	-	brachaigí	brachtar
braigeáil	braigeálann	braigeáil	braigeálfaidh	braigeáil	braigeáilte	-	braigeálaigí	braigeáiltear
braith	-	-	braithfidh	brath	braite	-	-	braitear
brandáil	brandálann	brandáil	brandálfaidh	brandáil	brandáilte	-	brandálaigí	brandáiltear
breab	-	-	-	-	breabtha	-	-	-
breabhsaigh	-	-	breabhsóidh	-	-	-	-	-
breac	-	-	-	-	breactha	-	-	-
breathnaigh	-	-	breathnóidh	-	-	-	-	-
breisigh	-	-	breiseoidh	-	-	-	-	-
breithnigh	-	-	breithneoidh	-	-	-	-	-
breoigh	breonn	breoigh	breofaidh	breo	breoite	-	breoigí	breoitear
briog	-	-	-	-	briogtha	-	-	-
bris	-	-	brisfidh	-	-	-	-	-
broc	-	-	-	-	broctha	-	-	-
broic	-	-	broicfidh	broic	broicthe	-	-	-
broid	-	-	broidfidh	-	-	-	-	-
broim	bromann	broim	bromfaidh	bromadh	bromtha	-	bromaigí	bromtar
bruiseáil	bruiseálann	bruiseáil	bruiseálfaidh	bruiseáil	bruiseáilte	-	bruiseálaigí	bruiseáiltear
bruith	-	-	bruithfidh	bruith	bruite	-	-	bruitear
bruíon	-	-	-	bruíon	-	-	-	-
brácáil	brácálann	brácáil	brácálfaidh	brácáil	brácáilte	-	brácálaigí	brácáiltear
brásáil	brásálann	brásáil	brásálfaidh	brásáil	brásáilte	-	brásálaigí	brásáiltear
bréag	-	-	-	-	bréagtha	-	-	-
bréagnaigh	-	-	bréagnóidh	-	-	-	-	-
bréid	-	-	bréidfidh	-	-	-	-	-
bréitseáil	bréitseálann	bréitseáil	bréitseálfaidh	bréitseáil	bréitseáilte	-	bréitseálaigí	bréitseáiltear
bróidnigh	-	-	bróidneoidh	-	-	-	-	-
bróitseáil	bróitseálann	bróitseáil	bróitseálfaidh	bróitseáil	bróitseáilte	-	bróitseálaigí	bróitseáiltear
brúcht	-	-	-	-	brúchta	-	-	brúchtar
brúigh	brúnn	brúigh	brúfaidh	brú	brúite	-	brúigí	brúitear
brúisc	-	-	brúiscfidh	brúscadh	brúiscthe	-	-	-
buac	-	-	-	-	buactha	-	-	-
buaigh	buann	buaigh	buafaidh	buachan	buaite	-	buaigí	buaitear
buail	-	-	buailfidh	bualadh	-	-	-	-
buain	buanann	buain	buanfaidh	-	-	-	buanaigí	buantar
buair	-	-	buairfidh	buaireamh	buartha	-	-	-
buamáil	buamálann	buamáil	buamálfaidh	buamáil	buamáilte	-	buamálaigí	buamáiltear
bugáil	bugálann	bugáil	bugálfaidh	bugáil	bugáilte	-	bugálaigí	bugáiltear
bumáil	bumálann	bumáil	bumálfaidh	bumáil	bumáilte	-	bumálaigí	bumáiltear
bunaigh	-	-	bunóidh	-	-	-	-	-
burdáil	burdálann	burdáil	burdálfaidh	burdáil	burdáilte	-	burdálaigí	burdáiltear
burláil	burlálann	burláil	burlálfaidh	burláil	burláilte	-	burlálaigí	burláiltear
buígh	buíonn	buígh	buífidh	buíochan	buíte	-	buígí	buítear
bácáil	bácálann	bácáil	bácálfaidh	bácáil	bácáilte	-	bácálaigí	bácáiltear
báigh	bánn	báigh	báfaidh	bá	báite	-	báigí	báitear
báistigh	-	-	-	báisteach	-	-	-	-
bánaigh	-	-	bánóidh	-	-	-	-	-
básaigh	-	-	básóidh	-	-	-	-	-
béic	-	-	béicfidh	-	béicthe	-	-	-
bí	bíonn	bí	beidh	bheith	-	-	bígí	bítear
bíog	-	-	-	-	bíogtha	-	-	-
búcláil	búclálann	búcláil	búclálfaidh	búcláil	búcláilte	-	búclálaigí	búcláiltear
búir	-	-	búirfidh	-	búirthe	-	-	-
bútáil	bútálann	bútáil	bútálfaidh	bútáil	bútáilte	-	bútálaigí	bútáiltear
búáil	búálann	búáil	búálfaidh	búáil	búáilte	-	búálaigí	búáiltear
cabhair	cabhraíonn	cabhair	cabhróidh	cabhradh	cabhartha	-	cabhraígí	cabhraítear
cabhraigh	-	-	cabhróidh	-	-	-	-	-
cabáil	cabálann	cabáil	cabálfaidh	cabáil	cabáilte	-	cabálaigí	cabáiltear
cac	-	-	-	cac	cactha	-	-	-
cadhail	caidhlíonn	cadhail	caidhleoidh	caidhleadh	caidhilte	-	caidhlígí	caidhlítear
caibeáil	caibeálann	caibeáil	caibeálfaidh	caibeáil	caibeáilte	-	caibeálaigí	caibeáiltear
caidhpeáil	caidhpeálann	caidhpeáil	caidhpeálfaidh	caidhpeáil	caidhpeáilte	-	caidhpeálaigí	caidhpeáiltear
caidrigh	-	-	-	caidreamh	-	-	-	-
cailg	-	-	cailgfidh	-	cailgthe	-	-	-
caill	-	-	caillfidh	-	-	-	-	-
cairéalaigh	-	-	cairéalóidh	-	-	-	-	-
caisligh	-	-	caisleoidh	-	-	-	-	-
caisnigh	-	-	caisneoidh	-	-	-	-	-
caith	-	-	caithfidh	caitheamh	caite	-	-	caitear
caithreáil	caithreálann	caithreáil	caithreálfaidh	caithreáil	caithreáilte	-	caithreálaigí	caithreáiltear
calc	-	-	-	-	calctha	-	-	-
cam	-	-	-	-	camtha	-	-	-
campáil	campálann	campáil	campálfaidh	campáil	campáilte	-	campálaigí	campáiltear
cantáil	cantálann	cantáil	cantálfaidh	cantáil	cantáilte	-	cantálaigí	cantáiltear
caoin	-	-	caoinfidh	-	-	-	-	-
caolaigh	-	-	caolóidh	-	-	-	-	-
caomhnaigh	-	-	caomhnóidh	-	-	-	-	-
car	-	-	-	carthain	cartha	-	-	-
cardáil	cardálann	cardáil	cardálfaidh	cardáil	cardáilte	-	cardálaigí	cardáiltear
carn	-	-	-	-	carntha	-	-	-
cart	-	-	-	-	carta	-	-	cartar
casaoid	-	-	casaoidfidh	casaoid	-	-	-	-
cathaigh	-	-	cathóidh	-	-	-	-	-
ceadaigh	-	-	ceadóidh	-	-	-	-	-
cealaigh	-	-	cealóidh	-	-	-	-	-
cealg	-	-	-	-	cealgtha	-	-	-
ceangail	ceanglaíonn	ceangail	ceanglóidh	ceangal	ceangailte	-	ceanglaígí	ceanglaítear
ceannaigh	-	-	ceannóidh	ceannach	-	-	-	-
ceannchogain	ceannchognaíonn	ceannchogain	ceannchognóidh	ceannchogaint	ceannchoganta	-	ceannchognaígí	ceannchognaítear
ceansaigh	-	-	ceansóidh	-	-	-	-	-
ceantáil	ceantálann	ceantáil	ceantálfaidh	ceantáil	ceantáilte	-	ceantálaigí	ceantáiltear
ceap	-	-	-	-	ceaptha	-	-	-
ceartaigh	-	-	ceartóidh	-	-	-	-	-
ceasnaigh	-	-	-	ceasnaí	-	-	-	-
ceibeabáil	ceibeabálann	ceibeabáil	ceibeabálfaidh	ceibeabáil	ceibeabáilte	-	ceibeabálaigí	ceibeabáiltear
ceil	-	-	ceilfidh	ceilt	-	-	-	-
ceiliúir	ceiliúrann	ceiliúir	ceiliúrfaidh	ceiliúradh	ceiliúrtha	-	ceiliúraigí	ceiliúrtar
ceirtleáil	ceirtleálann	ceirtleáil	ceirtleálfaidh	ceirtleáil	ceirtleáilte	-	ceirtleálaigí	ceirtleáiltear
ceis	-	-	ceisfidh	ceasacht	-	-	-	-
ceistigh	-	-	ceisteoidh	-	-	-	-	-
ciallaigh	-	-	ciallóidh	-	-	-	-	-
ciap	-	-	-	-	ciaptha	-	-	-
ciar	-	-	-	-	ciartha	-	-	-
ciceáil	ciceálann	ciceáil	ciceálfaidh	ciceáil	ciceáilte	-	ciceálaigí	ciceáiltear
cigil	ciglíonn	cigil	cigleoidh	cigilt	cigilte	-	ciglígí	ciglítear
cimigh	-	-	cimeoidh	-	-	-	-	-
cin	-	-	cinfidh	-	-	-	-	-
cinn	-	-	cinnfidh	-	-	-	-	-
cinnir	-	-	cinnirfidh	cinnireacht	cinneartha	-	-	-
cinntigh	-	-	cinnteoidh	-	-	-	-	-
ciondáil	ciondálann	ciondáil	ciondálfaidh	ciondáil	ciondáilte	-	ciondálaigí	ciondáiltear
cionroinn	-	-	cionroinnfidh	cionroinnt	-	-	-	-
ciontaigh	-	-	ciontóidh	-	-	-	-	-
ciorclaigh	-	-	ciorclóidh	-	-	-	-	-
ciorraigh	-	-	ciorróidh	-	-	-	-	-
cis	-	-	cisfidh	-	-	-	-	-
ciúáil	ciúálann	ciúáil	ciúálfaidh	ciúáil	ciúáilte	-	ciúálaigí	ciúáiltear
clab	-	-	-	-	clabtha	-	-	-
clabhtáil	clabhtálann	clabhtáil	clabhtálfaidh	clabhtáil	clabhtáilte	-	clabhtálaigí	clabhtáiltear
cladáil	cladálann	cladáil	cladálfaidh	cladáil	cladáilte	-	cladálaigí	cladáiltear
clag	-	-	-	-	clagtha	-	-	-
claidh	-	-	claidhfidh	claidhe	-	-	-	-
clamhair	clamhraíonn	clamhair	clamhróidh	clamhairt	clamhartha	-	clamhraígí	clamhraítear
clampáil	clampálann	clampáil	clampálfaidh	clampáil	clampáilte	-	clampálaigí	clampáiltear
cleacht	-	-	-	-	cleachta	-	-	cleachtar
cliath	-	-	-	-	cliata	-	-	cliatar
clibeáil	clibeálann	clibeáil	clibeálfaidh	clibeáil	clibeáilte	-	clibeálaigí	clibeáiltear
cliceáil	cliceálann	cliceáil	cliceálfaidh	cliceáil	cliceáilte	-	cliceálaigí	cliceáiltear
climir	climríonn	climir	climreoidh	climirt	climeartha	-	climrígí	climrítear
cling	-	-	clingfidh	-	clingthe	-	-	-
clip	-	-	clipfidh	-	clipthe	-	-	-
clis	-	-	clisfidh	-	-	-	-	-
clog	-	-	-	-	clogtha	-	-	-
clois	-	cuala	cloisfidh	cloisteáil	-	-	-	-
cloígh	cloíonn	cloígh	cloífidh	cloí	cloíte	-	cloígí	cloítear
cluich	-	-	cluichfidh	-	-	-	-	-
cluicheáil	cluicheálann	cluicheáil	cluicheálfaidh	cluicheáil	cluicheáilte	-	cluicheálaigí	cluicheáiltear
cluimhrigh	-	-	cluimhreoidh	-	-	-	-	-
cluin	-	cuala	cluinfidh	cluinstin	-	-	-	-
cláraigh	-	-	cláróidh	-	-	-	-	-
clárscátáil	clárscátálann	clárscátáil	clárscátálfaidh	clárscátáil	clárscátáilte	-	clárscátálaigí	clárscátáiltear
cléchliceáil	cléchliceálann	cléchliceáil	cléchliceálfaidh	cléchliceáil	cléchliceáilte	-	cléchliceálaigí	cléchliceáiltear
clíth	-	-	clíthfidh	clíth	clite	-	-	clítear
cló-eagraigh	-	-	cló-eagróidh	-	-	-	-	-
clóbhuail	-	-	clóbhuailfidh	clóbhualadh	-	-	-	-
clóchuir	-	-	clóchuirfidh	clóchur	clóchurtha	-	-	-
clóigh	clónn	clóigh	clófaidh	cló	clóite	-	clóigí	clóitear
clónáil	clónálann	clónáil	clónálfaidh	clónáil	clónáilte	-	clónálaigí	clónáiltear
clóscríobh	-	-	-	clóscríobh	clóscríofa	-	-	-
clúdaigh	-	-	clúdóidh	clúdach	-	-	-	-
clúmhill	-	-	clúmhillfidh	-	-	-	-	-
cnag	-	-	-	-	cnagtha	-	-	-
cnagbhruith	-	-	cnagbhruithfidh	cnagbhruith	cnagbhruite	-	-	cnagbhruitear
cnap	-	-	-	-	cnaptha	-	-	-
cnaígh	cnaíonn	cnaígh	cnaífidh	cnaí	cnaíte	-	cnaígí	cnaítear
cnead	-	-	-	cneadach	-	-	-	-
cneasaigh	-	-	cneasóidh	-	-	-	-	-
cneáigh	cneánn	cneáigh	cneáfaidh	cneá	cneáite	-	cneáigí	cneáitear
cniog	-	-	-	-	cniogtha	-	-	-
cniogdhamhsaigh	-	-	-	cniogdhamhsa	-	-	-	-
cniotáil	cniotálann	cniotáil	cniotálfaidh	cniotáil	cniotáilte	-	cniotálaigí	cniotáiltear
cnuchair	cnuchraíonn	cnuchair	cnuchróidh	cnuchairt	cnuchartha	-	cnuchraígí	cnuchraítear
cnuáil	cnuálann	cnuáil	cnuálfaidh	cnuáil	cnuáilte	-	cnuálaigí	cnuáiltear
cnámhair	cnáimhríonn	cnámhair	cnáimhreoidh	cnáimhreadh	cnámhartha	-	cnáimhrígí	cnáimhrítear
cnámhghoin	-	-	cnámhghoinfidh	cnámhghoin	cnámhghonta	-	-	-
cobhsaigh	-	-	cobhsóidh	-	-	-	-	-
coc	-	-	-	-	coctha	-	-	-
cocáil	cocálann	cocáil	cocálfaidh	cocáil	cocáilte	-	cocálaigí	cocáiltear
codail	codlaíonn	codail	codlóidh	codladh	codalta	-	codlaígí	codlaítear
cogain	cognaíonn	cogain	cognóidh	cogaint	coganta	-	cognaígí	cognaítear
cogair	cograíonn	cogair	cogróidh	cogar	cogartha	-	cograígí	cograítear
coiceáil	coiceálann	coiceáil	coiceálfaidh	coiceáil	coiceáilte	-	coiceálaigí	coiceáiltear
coigil	coiglíonn	coigil	coigleoidh	coigilt	coigilte	-	coiglígí	coiglítear
coigistigh	-	-	coigisteoidh	-	-	-	-	-
coill	-	-	coillfidh	-	-	-	-	-
coilltigh	-	-	coillteoidh	-	-	-	-	-
coimeád	-	-	-	coimeád	-	-	-	-
coimhéad	-	-	-	coimhéad	-	-	-	-
coimpir	coimpríonn	coimpir	coimpreoidh	coimpeart	coimpeartha	-	coimprígí	coimprítear
coincheap	-	-	-	-	coincheaptha	-	-	-
coinnealbháigh	coinnealbhánn	coinnealbháigh	coinnealbháfaidh	coinnealbhá	coinnealbháite	-	coinnealbháigí	coinnealbháitear
coinnigh	-	-	coinneoidh	-	-	-	-	-
coinscríobh	-	-	-	coinscríobh	coinscríofa	-	-	-
coip	-	-	coipfidh	-	coipthe	-	-	-
coir	-	-	coirfidh	cor	cortha	-	-	-
coirb	-	-	coirbfidh	-	coirbthe	-	-	-
coirigh	-	-	coireoidh	-	-	-	-	-
coirneáil	coirneálann	coirneáil	coirneálfaidh	coirneáil	coirneáilte	-	coirneálaigí	coirneáiltear
coirtigh	-	-	coirteoidh	-	-	-	-	-
coisc	-	-	coiscfidh	cosc	coiscthe	-	-	-
coisigh	-	-	-	coisíocht	-	-	-	-
coisric	-	-	coisricfidh	coisreacan	coisricthe	-	-	-
comhaill	comhallann	comhaill	comhallfaidh	comhall	comhalta	-	comhallaigí	comhalltar
comhair	-	-	comhairfidh	comhaireamh	comhairthe	-	-	-
comhaontaigh	-	-	comhaontóidh	-	-	-	-	-
comhbhrúigh	comhbhrúnn	comhbhrúigh	comhbhrúfaidh	comhbhrú	comhbhrúite	-	comhbhrúigí	comhbhrúitear
comhbhuail	-	-	comhbhuailfidh	comhbhualadh	-	-	-	-
comhcheangail	comhcheanglaíonn	comhcheangail	comhcheanglóidh	comhcheangal	comhcheangailte	-	comhcheanglaígí	comhcheanglaítear
comhchuingigh	-	-	comhchuingeoidh	-	-	-	-	-
comhdhlúthaigh	-	-	comhdhlúthóidh	-	comhdhlúite	-	-	-
comhdhéan	-	-	-	comhdhéanamh	-	-	-	-
comhfhreagair	comhfhreagraíonn	comhfhreagair	comhfhreagróidh	comhfhreagairt	comhfhreagartha	-	comhfhreagraígí	comhfhreagraítear
comhfháisc	-	-	comhfháiscfidh	comhfháscadh	comhfháiscthe	-	-	-
comhghlasáil	comhghlasálann	comhghlasáil	comhghlasálfaidh	comhghlasáil	comhghlasáilte	-	comhghlasálaigí	comhghlasáiltear
comhleáigh	comhleánn	comhleáigh	comhleáfaidh	comhleá	comhleáite	-	comhleáigí	comhleáitear
comhraic	-	-	comhraicfidh	comhrac	comhraicthe	-	-	-
comhréitigh	-	-	-	comhréiteach	-	-	-	-
comhshnaidhm	-	-	comhshnaidhmfidh	-	comhshnaidhmthe	-	-	-
comhshuigh	-	-	comhshuífidh	comhshuí	comhshuite	-	-	comhshuitear
comhshóigh	comhshónn	comhshóigh	comhshófaidh	comhshó	comhshóite	-	comhshóigí	comhshóitear
comhtharraing	comhtharraingíonn	comhtharraing	comhtharraingeoidh	comhtharraingt	comhtharraingthe	-	comhtharraingígí	comhtharraingítear
comhthiomsaigh	-	-	comhthiomsóidh	-	-	-	-	-
comhthit	-	-	comhthitfidh	comhthitim	comhthite	-	-	comhthitear
comhthiúin	comhthiúnann	comhthiúin	comhthiúnfaidh	comhthiúnadh	comhthiúnta	-	comhthiúnaigí	comhthiúntar
comhthogh	-	-	-	-	comhthofa	-	-	-
comáil	comálann	comáil	comálfaidh	comáil	comáilte	-	comálaigí	comáiltear
comóir	comórann	comóir	comórfaidh	comóradh	comórtha	-	comóraigí	comórtar
conducht	-	-	-	-	conduchta	-	-	conduchtar
conlaigh	-	-	conlóidh	-	-	-	-	-
conraigh	-	-	conróidh	-	-	-	-	-
conspóid	-	-	conspóidfidh	-	-	-	-	-
construáil	construálann	construáil	construálfaidh	construáil	construáilte	-	construálaigí	construáiltear
conáil	conálann	conáil	conálfaidh	conáil	conáilte	-	conálaigí	conáiltear
cor	-	-	-	-	cortha	-	-	-
corb	-	-	-	-	corbtha	-	-	-
corcáil	corcálann	corcáil	corcálfaidh	corcáil	corcáilte	-	corcálaigí	corcáiltear
corn	-	-	-	-	corntha	-	-	-
corraigh	-	-	corróidh	corraí	-	-	-	-
corónaigh	-	-	corónóidh	-	-	-	-	-
cosain	cosnaíonn	cosain	cosnóidh	cosaint	cosanta	-	cosnaígí	cosnaítear
coscair	coscraíonn	coscair	coscróidh	coscairt	coscartha	-	coscraígí	coscraítear
costáil	costálann	costáil	costálfaidh	costáil	costáilte	-	costálaigí	costáiltear
cothaigh	-	-	cothóidh	-	-	-	-	-
craiceáil	craiceálann	craiceáil	craiceálfaidh	craiceáil	craiceáilte	-	craiceálaigí	craiceáiltear
craiseáil	craiseálann	craiseáil	craiseálfaidh	craiseáil	craiseáilte	-	craiseálaigí	craiseáiltear
crampáil	crampálann	crampáil	crampálfaidh	crampáil	crampáilte	-	crampálaigí	crampáiltear
craobhscaoil	-	-	craobhscaoilfidh	-	-	-	-	-
craosfholc	-	-	-	-	craosfholctha	-	-	-
crap	-	-	-	-	craptha	-	-	-
crapchlúdaigh	-	-	-	crapchlúdach	-	-	-	-
creapaill	creapallann	creapaill	creapallfaidh	creapall	creapalta	-	creapallaigí	creapalltar
creath	-	-	-	-	creata	-	-	creatar
creathnaigh	-	-	creathnóidh	-	-	-	-	-
creid	-	-	creidfidh	creidiúint	-	-	-	-
creim	-	-	creimfidh	-	creimthe	-	-	-
creimneáil	creimneálann	creimneáil	creimneálfaidh	creimneáil	creimneáilte	-	creimneálaigí	creimneáiltear
creimseáil	creimseálann	creimseáil	creimseálfaidh	creimseáil	creimseáilte	-	creimseálaigí	creimseáiltear
criathraigh	-	-	criathróidh	-	-	-	-	-
crinn	-	-	crinnfidh	-	-	-	-	-
crioslaigh	-	-	crioslóidh	-	-	-	-	-
criptigh	-	-	cripteoidh	-	-	-	-	-
crith	-	-	crithfidh	crith	crite	-	-	critear
croinicigh	-	-	croiniceoidh	-	-	-	-	-
croith	-	-	croithfidh	-	croite	-	-	croitear
crom	-	-	-	-	cromtha	-	-	-
cronaigh	-	-	cronóidh	-	-	-	-	-
cros-síolraigh	-	-	cros-síolróidh	-	-	-	-	-
cros-toirchigh	-	-	cros-toircheoidh	-	-	-	-	-
croscheistigh	-	-	croscheisteoidh	-	-	-	-	-
crosphostáil	crosphostálann	crosphostáil	crosphostálfaidh	crosphostáil	crosphostáilte	-	crosphostálaigí	crosphostáiltear
crosphóraigh	-	-	crosphóróidh	-	-	-	-	-
crosáil	crosálann	crosáil	crosálfaidh	crosáil	crosáilte	-	crosálaigí	crosáiltear
cruaigh	cruann	cruaigh	cruafaidh	cruachan	cruaite	-	cruaigí	cruaitear
cruashádráil	cruashádrálann	cruashádráil	cruashádrálfaidh	cruashádráil	cruashádráilte	-	cruashádrálaigí	cruashádráiltear
cruinnigh	-	-	cruinneoidh	-	-	-	-	-
cruthaigh	-	-	cruthóidh	-	-	-	-	-
crág	-	-	-	-	crágtha	-	-	-
crágáil	crágálann	crágáil	crágálfaidh	crágáil	crágáilte	-	crágálaigí	crágáiltear
cráigh	cránn	cráigh	cráfaidh	crá	cráite	-	cráigí	cráitear
cráin	-	-	cráinfidh	-	-	-	-	-
cráindóigh	cráindónn	cráindóigh	cráindófaidh	cráindó	cráindóite	-	cráindóigí	cráindóitear
créam	-	-	-	-	créamtha	-	-	-
críochdheighil	críochdheighleann	críochdheighil	críochdheighlfidh	-	-	-	críochdheighligí	críochdheighltear
críochnaigh	-	-	críochnóidh	-	-	-	-	-
cróiseáil	cróiseálann	cróiseáil	cróiseálfaidh	cróiseáil	cróiseáilte	-	cróiseálaigí	cróiseáiltear
crúbáil	crúbálann	crúbáil	crúbálfaidh	crúbáil	crúbáilte	-	crúbálaigí	crúbáiltear
crúcáil	crúcálann	crúcáil	crúcálfaidh	crúcáil	crúcáilte	-	crúcálaigí	crúcáiltear
crúigh	crúnn	crúigh	crúfaidh	crú	crúite	-	crúigí	crúitear
crústaigh	-	-	-	crústach	-	-	-	-
crústáil	crústálann	crústáil	crústálfaidh	crústáil	crústáilte	-	crústálaigí	crústáiltear
crúsáil	crúsálann	crúsáil	crúsálfaidh	crúsáil	crúsáilte	-	crúsálaigí	crúsáiltear
cuaileáil	cuaileálann	cuaileáil	cuaileálfaidh	cuaileáil	cuaileáilte	-	cuaileálaigí	cuaileáiltear
cuar	-	-	-	-	cuartha	-	-	-
cuardaigh	-	-	cuardóidh	cuardach	-	-	-	-
cuasphlánáil	cuasphlánálann	cuasphlánáil	cuasphlánálfaidh	cuasphlánáil	cuasphlánáilte	-	cuasphlánálaigí	cuasphlánáiltear
cuibhrigh	-	-	cuibhreoidh	-	-	-	-	-
cuidigh	-	-	cuideoidh	-	-	-	-	-
cuileáil	cuileálann	cuileáil	cuileálfaidh	cuileáil	cuileáilte	-	cuileálaigí	cuileáiltear
cuilteáil	cuilteálann	cuilteáil	cuilteálfaidh	cuilteáil	cuilteáilte	-	cuilteálaigí	cuilteáiltear
cuimhnigh	-	-	cuimhneoidh	cuimhneamh	-	-	-	-
cuimil	cuimlíonn	cuimil	cuimleoidh	cuimilt	cuimilte	-	cuimlígí	cuimlítear
cuir	-	-	cuirfidh	cur	curtha	-	-	-
cum	-	-	-	-	cumtha	-	-	-
cumaisc	cumascann	cumaisc	cumascfaidh	cumasc	cumaiscthe	-	cumascaigí	cumasctar
cumhachtaigh	-	-	cumhachtóidh	-	-	-	-	-
cumhdaigh	-	-	cumhdóidh	cumhdach	-	-	-	-
cumraigh	-	-	cumróidh	-	-	-	-	-
cuntais	-	-	cuntaisfidh	cuntas	-	-	-	-
cácáil	cácálann	cácáil	cácálfaidh	cácáil	cácáilte	-	cácálaigí	cácáiltear
cáiligh	-	-	cáileoidh	-	-	-	-	-
cáin	-	-	cáinfidh	-	-	-	-	-
cáith	-	-	cáithfidh	-	cáite	-	-	cáitear
cánáil	cánálann	cánáil	cánálfaidh	cánáil	cánáilte	-	cánálaigí	cánáiltear
cásáil	cásálann	cásáil	cásálfaidh	cásáil	cásáilte	-	cásálaigí	cásáiltear
céadcheap	-	-	-	-	céadcheaptha	-	-	-
céadfaigh	-	-	céadfóidh	-	-	-	-	-
céaslaigh	-	-	céaslóidh	-	-	-	-	-
céimnigh	-	-	céimneoidh	-	-	-	-	-
cíor	-	-	-	-	cíortha	-	-	-
cíorláil	cíorlálann	cíorláil	cíorlálfaidh	cíorláil	cíorláilte	-	cíorlálaigí	cíorláiltear
cócaráil	cócarálann	cócaráil	cócarálfaidh	cócaráil	cócaráilte	-	cócarálaigí	cócaráiltear
cóimeáil	cóimeálann	cóimeáil	cóimeálfaidh	cóimeáil	cóimeáilte	-	cóimeálaigí	cóimeáiltear
cóimheas	-	-	-	cóimheas	-	-	-	-
cóimheasc	-	-	-	-	cóimheasctha	-	-	-
cóipeáil	cóipeálann	cóipeáil	cóipeálfaidh	-	-	-	-	-
cóireáil	cóireálann	cóireáil	cóireálfaidh	cóireáil	cóireáilte	-	cóireálaigí	cóireáiltear
cóirigh	-	-	cóireoidh	-	-	-	-	-
cóitseáil	cóitseálann	cóitseáil	cóitseálfaidh	cóitseáil	cóitseáilte	-	cóitseálaigí	cóitseáiltear
cónaigh	-	-	cónóidh	cónaí	-	-	-	-
cónaisc	-	-	cónaiscfidh	cónascadh	cónasctha	-	-	-
cóstáil	cóstálann	cóstáil	cóstálfaidh	cóstáil	cóstáilte	-	cóstálaigí	cóstáiltear
cúb	-	-	-	-	cúbtha	-	-	-
cúbláil	cúblálann	cúbláil	cúblálfaidh	cúbláil	cúbláilte	-	cúblálaigí	cúbláiltear
cúigleáil	cúigleálann	cúigleáil	cúigleálfaidh	cúigleáil	cúigleáilte	-	cúigleálaigí	cúigleáiltear
cúinneáil	cúinneálann	cúinneáil	cúinneálfaidh	cúinneáil	cúinneáilte	-	cúinneálaigí	cúinneáiltear
cúisigh	-	-	-	cúiseamh	-	-	-	-
cúitigh	-	-	cúiteoidh	cúiteamh	-	-	-	-
cúlaigh	-	-	cúlóidh	-	-	-	-	-
cúlchlóigh	cúlchlónn	cúlchlóigh	cúlchlófaidh	cúlchló	cúlchlóite	-	cúlchlóigí	cúlchlóitear
cúlchoimhéad	-	-	-	cúlchoimhéad	-	-	-	-
cúlfhair	-	-	cúlfhairfidh	cúlfhaire	cúlfhairthe	-	-	-
cúlghair	-	-	cúlghairfidh	cúlghairm	cúlghairthe	-	-	-
cúlghearr	-	-	-	-	cúlghearrtha	-	-	-
cúlspásáil	cúlspásálann	cúlspásáil	cúlspásálfaidh	cúlspásáil	cúlspásáilte	-	cúlspásálaigí	cúlspásáiltear
cúltort	-	-	-	-	cúltorta	-	-	cúltortar
cúláil	cúlálann	cúláil	cúlálfaidh	cúláil	cúláilte	-	cúlálaigí	cúláiltear
cúléist	-	-	cúléistfidh	cúléisteacht	cúléiste	-	-	cúléistear
cúnaigh	-	-	cúnóidh	cúnamh	-	-	-	-
cúpláil	cúplálann	cúpláil	cúplálfaidh	cúpláil	cúpláilte	-	cúplálaigí	cúpláiltear
cúr	-	-	-	-	cúrtha	-	-	-
cúrsáil	cúrsálann	cúrsáil	cúrsálfaidh	cúrsáil	cúrsáilte	-	cúrsálaigí	cúrsáiltear
daingnigh	-	-	daingneoidh	-	-	-	-	-
dambáil	dambálann	dambáil	dambálfaidh	dambáil	dambáilte	-	dambálaigí	dambáiltear
damhain	damhnann	damhain	damhnfaidh	damhnadh	damhainte	-	damhnaigí	damhntar
damhsaigh	-	-	damhsóidh	damhsa	-	-	-	-
damnaigh	-	-	damnóidh	-	-	-	-	-
daonlathaigh	-	-	daonlathóidh	-	-	-	-	-
daor	-	-	-	-	daortha	-	-	-
daorbhasc	-	-	-	-	daorbhasctha	-	-	-
dath	-	-	-	-	daite	-	-	datar
dathaigh	-	-	dathóidh	-	daite	-	-	-
deachair	deachraíonn	deachair	deachróidh	deachrú	deachraithe	-	deachraígí	deachraítear
deachtaigh	-	-	deachtóidh	-	-	-	-	-
dealaigh	-	-	dealóidh	-	-	-	-	-
dealraigh	-	-	-	dealramh	-	-	-	-
dear	-	-	-	-	deartha	-	-	-
dearbhaigh	-	-	dearbhóidh	-	-	-	-	-
dearbhasc	-	-	-	-	dearbhasctha	-	-	-
dearbháil	dearbhálann	dearbháil	dearbhálfaidh	dearbháil	dearbháilte	-	dearbhálaigí	dearbháiltear
dearc	-	-	-	-	dearctha	-	-	-
dearg	-	-	-	-	deargtha	-	-	-
dearlaic	dearlacann	dearlaic	dearlacfaidh	dearlacadh	dearlaicthe	-	dearlacaigí	dearlactar
dearmad	-	-	-	dearmad	-	-	-	-
dearnáil	dearnálann	dearnáil	dearnálfaidh	dearnáil	dearnáilte	-	dearnálaigí	dearnáiltear
deasaigh	-	-	deasóidh	-	-	-	-	-
deasc	-	-	-	-	deasctha	-	-	-
deaschliceáil	deaschliceálann	deaschliceáil	deaschliceálfaidh	deaschliceáil	deaschliceáilte	-	deaschliceálaigí	deaschliceáiltear
deighil	deighleann	deighil	deighlfidh	deighilt	deighilte	-	deighligí	-
deil	-	-	deilfidh	-	-	-	-	-
deimhneasc	-	-	-	deimhneasc	deimhneasctha	-	-	-
deimhnigh	-	-	deimhneoidh	-	-	-	-	-
deisigh	-	-	deiseoidh	-	-	-	-	-
diall	-	-	-	diall	-	-	-	-
diamhaslaigh	-	-	diamhaslóidh	-	-	-	-	-
dianscaoil	-	-	dianscaoilfidh	-	-	-	-	-
diansir	-	-	diansirfidh	-	diansirthe	-	-	-
difreáil	difreálann	difreáil	difreálfaidh	difreáil	difreáilte	-	difreálaigí	difreáiltear
ding	-	-	dingfidh	-	dingthe	-	-	-
diogáil	diogálann	diogáil	diogálfaidh	diogáil	diogáilte	-	diogálaigí	diogáiltear
diomail	diomlaíonn	diomail	diomlóidh	diomailt	diomailte	-	diomlaígí	diomlaítear
diongaibh	diongbhann	diongaibh	diongbhafaidh	diongbháil	diongbháilte	-	diongbhaigí	-
diosc	-	-	-	-	diosctha	-	-	-
dipeáil	dipeálann	dipeáil	dipeálfaidh	dipeáil	dipeáilte	-	dipeálaigí	dipeáiltear
diúg	-	-	-	-	diúgtha	-	-	-
diúl	-	-	-	diúl	-	-	-	-
diúltaigh	-	-	diúltóidh	-	-	-	-	-
diúraic	diúracann	diúraic	diúracfaidh	diúracadh	diúractha	-	diúracaigí	diúractar
diúscair	diúscraíonn	diúscair	diúscróidh	diúscairt	diúscartha	-	diúscraígí	diúscraítear
dlaoithigh	-	-	-	-	dlaoithe	-	-	-
dligh	-	-	dlífidh	dlí	dlite	-	-	dlitear
dlisteanaigh	-	-	dlisteanóidh	-	-	-	-	-
dluigh	-	-	dluífidh	dluí	dluite	-	-	dluitear
dlúthaigh	-	-	dlúthóidh	-	-	-	-	-
dlúthbhearr	-	-	-	-	dlúthbhearrtha	-	-	-
docht	-	-	-	-	dochta	-	-	dochtar
doilbh	-	-	doilbhfidh	-	doilfe	-	-	-
doir	-	-	doirfidh	dor	dortha	-	-	-
doirt	-	-	doirtfidh	-	doirte	-	-	doirtear
donaigh	-	-	donóidh	-	-	-	-	-
donnaigh	-	-	donnóidh	-	-	-	-	-
dornáil	dornálann	dornáil	dornálfaidh	dornáil	dornáilte	-	dornálaigí	dornáiltear
draenáil	draenálann	draenáil	draenálfaidh	draenáil	draenáilte	-	draenálaigí	draenáiltear
dramhail	dramhlaíonn	dramhail	dramhlóidh	dramhailt	dramhailte	-	dramhlaígí	dramhlaítear
draoibeáil	draoibeálann	draoibeáil	draoibeálfaidh	draoibeáil	draoibeáilte	-	draoibeálaigí	draoibeáiltear
dreap	-	-	-	-	dreaptha	-	-	-
dreasaigh	-	-	dreasóidh	-	-	-	-	-
dreideáil	dreideálann	dreideáil	dreideálfaidh	dreideáil	dreideáilte	-	dreideálaigí	dreideáiltear
dreoigh	dreonn	dreoigh	dreofaidh	dreo	dreoite	-	dreoigí	dreoitear
driog	-	-	-	-	driogtha	-	-	-
droimscríobh	-	-	-	droimscríobh	droimscríofa	-	-	-
dromadáil	dromadálann	dromadáil	dromadálfaidh	dromadáil	dromadáilte	-	dromadálaigí	dromadáiltear
drugáil	drugálann	drugáil	drugálfaidh	drugáil	drugáilte	-	drugálaigí	drugáiltear
druid	-	-	druidfidh	druidim	-	-	-	-
druileáil	druileálann	druileáil	druileálfaidh	druileáil	druileáilte	-	druileálaigí	druileáiltear
drámaigh	-	-	drámóidh	-	-	-	-	-
dréachtaigh	-	-	dréachtóidh	-	-	-	-	-
dréim	-	-	dréimfidh	dréim	dréimthe	-	-	-
dubhaigh	-	-	-	dúchan	-	-	-	-
dubáil	dubálann	dubáil	dubálfaidh	dubáil	dubáilte	-	dubálaigí	dubáiltear
duilligh	-	-	duilleoidh	-	-	-	-	-
dumpáil	dumpálann	dumpáil	dumpálfaidh	dumpáil	dumpáilte	-	dumpálaigí	dumpáiltear
durdáil	durdálann	durdáil	durdálfaidh	durdáil	durdáilte	-	durdálaigí	durdáiltear
dustáil	dustálann	dustáil	dustálfaidh	dustáil	dustáilte	-	dustálaigí	dustáiltear
dáil	-	-	dáilfidh	-	-	-	-	-
dámh	-	-	-	dámhachtain	dáfa	-	-	-
dátaigh	-	-	dátóidh	-	-	-	-	-
déadail	déadlann	déadail	déadlafaidh	déadladh	déadalta	-	déadlaigí	déadlatar
déan	-	rinne	-	déanamh	-	-	-	-
déchliceáil	déchliceálann	déchliceáil	déchliceálfaidh	déchliceáil	déchliceáilte	-	déchliceálaigí	déchliceáiltear
déileáil	déileálann	déileáil	déileálfaidh	déileáil	déileáilte	-	déileálaigí	déileáiltear
déroinn	-	-	déroinnfidh	déroinnt	-	-	-	-
dí-adhlaic	dí-adhlacann	dí-adhlaic	dí-adhlacfaidh	dí-adhlacadh	dí-adhlactha	-	dí-adhlacaigí	dí-adhlactar
dí-agair	dí-agraíonn	dí-agair	dí-agróidh	dí-agairt	dí-agartha	-	dí-agraígí	dí-agraítear
dí-armáil	dí-armálann	dí-armáil	dí-armálfaidh	dí-armáil	dí-armáilte	-	dí-armálaigí	dí-armáiltear
dí-eaglaisigh	-	-	dí-eaglaiseoidh	-	-	-	-	-
díbh	-	-	díbhfidh	díbhe	dífe	-	-	-
díbharraigh	-	-	díbharróidh	-	-	-	-	-
díbholg	-	-	-	-	díbholgtha	-	-	-
díbir	díbríonn	díbir	díbreoidh	díbirt	díbeartha	-	díbrígí	díbrítear
dícheangail	dícheanglaíonn	dícheangail	dícheanglóidh	dícheangal	dícheangailte	-	dícheanglaígí	dícheanglaítear
dícheil	-	-	dícheilfidh	dícheilt	-	-	-	-
díchoisric	-	-	díchoisricfidh	díchoisreacan	díchoisricthe	-	-	-
díchorn	-	-	-	-	díchorntha	-	-	-
díchreid	-	-	díchreidfidh	díchreidiúint	-	-	-	-
díchriptigh	-	-	díchripteoidh	-	-	-	-	-
díchuir	-	-	díchuirfidh	díchur	díchurtha	-	-	-
díchum	-	-	-	-	díchumtha	-	-	-
dícháiligh	-	-	dícháileoidh	-	-	-	-	-
díchóimeáil	díchóimeálann	díchóimeáil	díchóimeálfaidh	díchóimeáil	díchóimeáilte	-	díchóimeálaigí	díchóimeáiltear
díchónasc	-	-	-	-	díchónasctha	-	-	-
dífháisc	-	-	dífháiscfidh	dífháscadh	dífháiscthe	-	-	-
díghalraigh	-	-	díghalróidh	-	-	-	-	-
díghlasáil	díghlasálann	díghlasáil	díghlasálfaidh	díghlasáil	díghlasáilte	-	díghlasálaigí	díghlasáiltear
díleáigh	díleánn	díleáigh	díleáfaidh	díleá	díleáite	-	díleáigí	díleáitear
díluacháil	díluachálann	díluacháil	díluachálfaidh	díluacháil	díluacháilte	-	díluachálaigí	díluacháiltear
dílódáil	dílódálann	dílódáil	dílódálfaidh	dílódáil	dílódáilte	-	dílódálaigí	dílódáiltear
dínasc	-	-	-	-	dínasctha	-	-	-
díobh	-	-	-	-	díofa	-	-	-
díobháil	díobhálann	díobháil	díobhálfaidh	díobháil	díobháilte	-	díobhálaigí	díobháiltear
díoghail	díoghlann	díoghail	díoghlfaidh	díoghail	díoghalta	-	díoghlaigí	díoghltar
díol	-	-	-	díol	-	-	-	-
díolaim	díolaimíonn	díolaim	díolaimeoidh	díolaim	díolamtha	-	díolaimígí	díolaimítear
díon	-	-	-	díon	-	-	-	-
díosc	-	-	-	-	díosctha	-	-	-
díoscarnaigh	-	-	-	díoscarnach	-	-	-	-
díospóid	-	-	díospóidfidh	díospóid	-	-	-	-
díotchúisigh	-	-	-	díotchúiseamh	-	-	-	-
díotáil	díotálann	díotáil	díotálfaidh	díotáil	díotáilte	-	díotálaigí	díotáiltear
díphacáil	díphacálann	díphacáil	díphacálfaidh	díphacáil	díphacáilte	-	díphacálaigí	díphacáiltear
díphlugáil	díphlugálann	díphlugáil	díphlugálfaidh	díphlugáil	díphlugáilte	-	díphlugálaigí	díphlugáiltear
díreoigh	díreonn	díreoigh	díreofaidh	díreo	díreoite	-	díreoigí	díreoitear
dírigh	-	-	díreoidh	-	-	-	-	-
díscaoil	-	-	díscaoilfidh	-	-	-	-	-
díscoir	-	-	díscoirfidh	díscor	díscortha	-	-	-
díscriúáil	díscriúálann	díscriúáil	díscriúálfaidh	díscriúáil	díscriúáilte	-	díscriúálaigí	díscriúáiltear
díscríobh	-	-	-	díscríobh	díscríofa	-	-	-
díshioc	-	-	-	díshioc	díshioctha	-	-	-
díshlóg	-	-	-	-	díshlógtha	-	-	-
díshraith	-	-	díshraithfidh	-	díshraite	-	-	díshraitear
díshuaith	-	-	díshuaithfidh	-	díshuaite	-	-	díshuaitear
díshuiteáil	díshuiteálann	díshuiteáil	díshuiteálfaidh	díshuiteáil	díshuiteáilte	-	díshuiteálaigí	díshuiteáiltear
dísletheilg	-	-	dísletheilgfidh	dísletheilgean	dísletheilgthe	-	-	-
díspeag	-	-	-	-	díspeagtha	-	-	-
díthiomsaigh	-	-	díthiomsóidh	-	-	-	-	-
díthochrais	-	-	díthochraisfidh	díthochras	-	-	-	-
dóibeáil	dóibeálann	dóibeáil	dóibeálfaidh	dóibeáil	dóibeáilte	-	dóibeálaigí	dóibeáiltear
dóigh	dónn	dóigh	dófaidh	dó	dóite	-	dóigí	dóitear
dópáil	dópálann	dópáil	dópálfaidh	dópáil	dópáilte	-	dópálaigí	dópáiltear
dúbail	dúblaíonn	dúbail	dúblóidh	dúbailt	dúbailte	-	dúblaígí	dúblaítear
dúbláil	dúblálann	dúbláil	dúblálfaidh	dúbláil	dúbláilte	-	dúblálaigí	dúbláiltear
dúisigh	-	-	dúiseoidh	dúiseacht	-	-	-	-
dúloisc	-	-	dúloiscfidh	dúloscadh	dúloiscthe	-	-	-
dúnmharaigh	-	-	dúnmharóidh	-	-	-	-	-
eachtraigh	-	-	eachtróidh	-	-	-	-	-
eadóirsigh	-	-	eadóirseoidh	-	-	-	-	-
eagair	eagraíonn	eagair	eagróidh	eagairt	eagartha	-	eagraígí	eagraítear
eagnaigh	-	-	eagnóidh	-	-	-	-	-
eagraigh	-	-	eagróidh	-	-	-	-	-
earb	-	-	-	-	earbtha	-	-	-
earcaigh	-	-	earcóidh	-	-	-	-	-
easanálaigh	-	-	easanálóidh	-	-	-	-	-
easbhrúigh	easbhrúnn	easbhrúigh	easbhrúfaidh	easbhrú	easbhrúite	-	easbhrúigí	easbhrúitear
eascainigh	-	-	-	eascainí	-	-	-	-
eascair	eascraíonn	eascair	eascróidh	eascairt	eascartha	-	eascraígí	eascraítear
easmail	-	-	easmailfidh	easmailt	-	-	-	-
easpórtáil	easpórtálann	easpórtáil	easpórtálfaidh	easpórtáil	easpórtáilte	-	easpórtálaigí	easpórtáiltear
easraigh	-	-	easróidh	-	-	-	-	-
eastósc	-	-	-	-	eastósctha	-	-	-
eilléanaigh	-	-	-	Heilléanú	Heilléanaithe	-	-	-
eis	-	-	eisfidh	-	-	-	-	-
eisc	-	-	eiscfidh	-	eiscthe	-	-	-
eiscríobh	-	-	-	eiscríobh	eiscríofa	-	-	-
eiseachaid	eiseachadann	eiseachaid	eiseachadfaidh	eiseachadadh	-	-	eiseachadaigí	eiseachadtar
eisfhear	-	-	-	-	eisfheartha	-	-	-
eisiacht	-	-	-	eisiachtain	eisiachta	-	-	eisiachtar
eisiaigh	eisiann	eisiaigh	eisiafaidh	eisiamh	eisiata	-	eisiaigí	eisiatar
eisigh	-	-	eiseoidh	eisiúint	-	-	-	-
eisil	-	-	eisilfidh	-	-	-	-	-
eisleath	-	-	-	-	eisleata	-	-	eisleatar
eislig	-	-	eisligfidh	eisligean	eisligthe	-	-	-
eisréidh	-	-	eisréidhfidh	eisréadh	eisréite	-	-	-
eistréat	-	-	-	-	eistréata	-	-	eistréatar
eiséat	-	-	-	-	eiséata	-	-	eiséatar
eitigh	-	-	eiteoidh	eiteach	-	-	-	-
eitil	eitlíonn	eitil	eitleoidh	eitilt	eitilte	-	eitlígí	eitlítear
eitseáil	eitseálann	eitseáil	eitseálfaidh	eitseáil	eitseáilte	-	eitseálaigí	eitseáiltear
fabhraigh	-	-	fabhróidh	-	-	-	-	-
fachtóirigh	-	-	fachtóireoidh	-	-	-	-	-
facsáil	facsálann	facsáil	facsálfaidh	facsáil	facsáilte	-	facsálaigí	facsáiltear
fadaigh	-	-	fadóidh	-	-	-	-	-
fadhbh	-	-	-	-	fadhbhtha	-	-	-
faghair	faghraíonn	faghair	faghróidh	faghairt	faghartha	-	faghraígí	faghraítear
faichill	-	-	faichillfidh	-	-	-	-	-
faigh	faigheann	fuair	geobhaidh	fáil	faighte	-	faighigí	faightear
failligh	-	-	failleoidh	-	-	-	-	-
failp	-	-	failpfidh	-	failpthe	-	-	-
fair	-	-	fairfidh	faire	fairthe	-	-	-
faisnéis	-	-	faisnéisfidh	faisnéis	-	-	-	-
fan	-	-	-	fanacht	-	-	-	-
faobhraigh	-	-	faobhróidh	-	-	-	-	-
faoileáil	faoileálann	faoileáil	faoileálfaidh	faoileáil	faoileáilte	-	faoileálaigí	faoileáiltear
faoisc	-	-	faoiscfidh	-	faoiscthe	-	-	-
faomh	-	-	-	-	faofa	-	-	-
feac	-	-	-	-	feactha	-	-	-
feallmharaigh	-	-	-	-	feallmharfa	-	-	-
fear	-	-	-	-	feartha	-	-	-
feic	-	conaic	feicfidh	feiceáil	feicthe	-	-	-
feidhmigh	-	-	feidhmeoidh	-	-	-	-	-
feighil	feighleann	feighil	feighlfidh	feighil	-	-	-	-
feil	-	-	feilfidh	-	-	-	-	-
feir	-	-	feirfidh	-	feirthe	-	-	-
feistigh	-	-	feisteoidh	-	-	-	-	-
feith	-	-	feithfidh	feitheamh	feite	-	-	-
feoigh	feonn	feoigh	feofaidh	feo	feoite	-	feoigí	feoitear
feáigh	feánn	feáigh	feáfaidh	feá	feáite	-	feáigí	feáitear
fiach	-	-	-	fiach	-	-	-	-
fiafraigh	-	-	fiafróidh	fiafraí	-	-	-	-
fiar	-	-	-	-	fiartha	-	-	-
figh	-	-	fífidh	fí	fite	-	-	fitear
fill	-	-	fillfidh	-	-	-	-	-
fionnachtain	-	-	fionnachtainfidh	-	-	-	-	-
fionraigh	-	-	fionróidh	fionraí	-	-	-	-
fiosraigh	-	-	fiosróidh	-	-	-	-	-
flosc	-	-	-	-	flosctha	-	-	-
flípeáil	flípeálann	flípeáil	flípeálfaidh	flípeáil	flípeáilte	-	flípeálaigí	flípeáiltear
fo-eagraigh	-	-	fo-eagróidh	-	-	-	-	-
fo-ghlac	-	-	-	-	fo-ghlactha	-	-	-
fo-ordaigh	-	-	fo-ordóidh	-	-	-	-	-
fo-rangaigh	-	-	fo-rangóidh	-	-	-	-	-
focáil	focálann	focáil	focálfaidh	focáil	focáilte	-	focálaigí	focáiltear
fodháil	-	-	fodháilfidh	-	-	-	-	-
fofhostaigh	-	-	fofhostóidh	-	-	-	-	-
foghlaim	foghlaimíonn	foghlaim	foghlaimeoidh	foghlaim	foghlamtha	-	foghlaimígí	foghlaimítear
foighnigh	-	-	-	foighneamh	-	-	-	-
foilsigh	-	-	foilseoidh	-	-	-	-	-
foirb	-	-	foirbfidh	-	foirbthe	-	-	-
foirceann	-	-	-	-	foirceanta	-	-	-
foirfigh	-	-	foirfeoidh	-	-	-	-	-
folaigh	-	-	folóidh	-	-	-	-	-
folc	-	-	-	-	folctha	-	-	-
folean	-	-	-	foleanúint	-	-	-	-
folig	-	-	foligfidh	foligean	foligthe	-	-	-
folmhaigh	-	-	folmhóidh	-	-	-	-	-
foloisc	-	-	foloiscfidh	foloscadh	foloiscthe	-	-	-
forbair	forbraíonn	forbair	forbróidh	forbairt	forbartha	-	forbraígí	forbraítear
forchlóigh	forchlónn	forchlóigh	forchlófaidh	forchló	forchlóite	-	forchlóigí	forchlóitear
forchoimeád	-	-	-	forchoimeád	-	-	-	-
forchoimhéad	-	-	-	forchoimhéad	-	-	-	-
forchuimil	forchuimlíonn	forchuimil	forchuimleoidh	forchuimilt	forchuimilte	-	forchuimlígí	forchuimlítear
forchuir	-	-	forchuirfidh	forchur	forchurtha	-	-	-
forcáil	forcálann	forcáil	forcálfaidh	forcáil	forcáilte	-	forcálaigí	forcáiltear
fordhearg	-	-	-	-	fordheargtha	-	-	-
fordhing	-	-	fordhingfidh	-	fordhingthe	-	-	-
fordhubhaigh	-	-	-	fordhúchan	-	-	-	-
fordhóigh	fordhónn	fordhóigh	fordhófaidh	fordhó	fordhóite	-	fordhóigí	fordhóitear
forfhill	-	-	forfhillfidh	-	-	-	-	-
forghabh	-	-	-	forghabháil	forghafa	-	-	-
forghair	-	-	forghairfidh	forghairm	forghairthe	-	-	-
forghoin	-	-	forghoinfidh	forghoin	forghonta	-	-	-
forghéill	-	-	forghéillfidh	-	-	-	-	-
foriaigh	foriann	foriaigh	foriafaidh	foriamh	foriata	-	foriaigí	foriatar
forleag	-	-	-	forleagan	forleagtha	-	-	-
forleath	-	-	-	-	forleata	-	-	forleatar
forloisc	-	-	forloiscfidh	forloscadh	forloiscthe	-	-	-
forluigh	-	-	forluífidh	forluí	forluite	-	-	forluitear
formheas	-	-	-	formheas	-	-	-	-
foroinn	-	-	foroinnfidh	foroinnt	-	-	-	-
forscaoil	-	-	forscaoilfidh	-	-	-	-	-
forsceith	-	-	forsceithfidh	-	forsceite	-	-	forsceitear
forshuigh	-	-	forshuífidh	forshuí	forshuite	-	-	forshuitear
fortaigh	-	-	fortóidh	fortacht	-	-	-	-
forthacht	-	-	-	-	forthachta	-	-	forthachtar
forthairg	-	-	forthairgfidh	forthairiscint	forthairgthe	-	-	-
forthéigh	forthéann	-	forthéifidh	forthéamh	-	-	-	-
foráil	forálann	foráil	forálfaidh	foráil	foráilte	-	forálaigí	foráiltear
foréiligh	-	-	-	foréileamh	-	-	-	-
forógair	forógraíonn	forógair	forógróidh	forógairt	forógartha	-	forógraígí	forógraítear
foscain	foscnaíonn	foscain	foscnóidh	foscnamh	foscanta	-	foscnaígí	foscnaítear
foscríobh	-	-	-	foscríobh	foscríofa	-	-	-
fostaigh	-	-	fostóidh	-	-	-	-	-
fotheidealaigh	-	-	fotheidealóidh	-	-	-	-	-
fothraig	fothragann	fothraig	fothragfaidh	fothragadh	fothragtha	-	fothragaigí	fothragtar
fracáil	fracálann	fracáil	fracálfaidh	fracáil	fracáilte	-	fracálaigí	fracáiltear
frainceáil	frainceálann	frainceáil	frainceálfaidh	frainceáil	frainceáilte	-	frainceálaigí	frainceáiltear
frainseáil	frainseálann	frainseáil	frainseálfaidh	frainseáil	frainseáilte	-	frainseálaigí	frainseáiltear
frapáil	frapálann	frapáil	frapálfaidh	frapáil	frapáilte	-	frapálaigí	frapáiltear
freagair	freagraíonn	freagair	freagróidh	freagairt	freagartha	-	freagraígí	freagraítear
freang	-	-	-	-	freangtha	-	-	-
freaschuir	-	-	freaschuirfidh	freaschur	freaschurtha	-	-	-
freastail	freastalaíonn	freastail	freastalóidh	freastal	freastalta	-	freastalaígí	freastalaítear
friotaigh	-	-	friotóidh	-	-	-	-	-
friotháil	friothálann	friotháil	friothálfaidh	friotháil	friotháilte	-	friothálaigí	friotháiltear
frisnéis	-	-	frisnéisfidh	frisnéis	-	-	-	-
frithbhuail	-	-	frithbhuailfidh	frithbhualadh	-	-	-	-
frithchaith	-	-	frithchaithfidh	frithchaitheamh	frithchaite	-	-	frithchaitear
frithionsaigh	-	-	frithionsóidh	frithionsaí	-	-	-	-
frithmháirseáil	frithmháirseálann	frithmháirseáil	frithmháirseálfaidh	frithmháirseáil	frithmháirseáilte	-	frithmháirseálaigí	frithmháirseáiltear
frithráigh	frithránn	frithráigh	frithráfaidh	frithrá	frithráite	-	frithráigí	frithráitear
frithshuigh	-	-	frithshuífidh	frithshuí	frithshuite	-	-	frithshuitear
frithspréigh	frithspréann	-	frithspréifidh	frithspré	-	-	-	-
fritháirigh	-	-	-	fritháireamh	-	-	-	-
frithéiligh	-	-	frithéileoidh	-	-	-	-	-
fuadaigh	-	-	fuadóidh	fuadach	-	-	-	-
fuaidrigh	-	-	-	fuaidreamh	-	-	-	-
fuaigh	fuann	fuaigh	fuafaidh	fuáil	fuaite	-	fuaigí	fuaitear
fuaraigh	-	-	fuaróidh	-	-	-	-	-
fuascail	fuasclaíonn	fuascail	fuasclóidh	fuascailt	fuascailte	-	fuasclaígí	fuasclaítear
fuathaigh	-	-	fuathóidh	-	-	-	-	-
fuighill	fuighleann	fuighill	fuighlfidh	fuigheall	fuighillte	-	fuighligí	fuighltear
fuill	-	-	fuillfidh	fuilleamh	-	-	-	-
fuin	-	-	fuinfidh	-	-	-	-	-
fuipeáil	fuipeálann	fuipeáil	fuipeálfaidh	fuipeáil	fuipeáilte	-	fuipeálaigí	fuipeáiltear
fuirigh	-	-	fuireoidh	fuireach	-	-	-	-
fuirsigh	fuirseann	fuirsigh	fuirsfidh	fuirseadh	fuirste	-	fuirsigí	fuirstear
fulaing	fulaingíonn	fulaing	fulaingeoidh	fulaingt	fulaingthe	-	fulaingígí	fulaingítear
fág	-	-	-	fágáil	fágtha	-	-	-
fáiltigh	-	-	fáilteoidh	-	-	-	-	-
fáir	-	-	fáirfidh	-	fáirthe	-	-	-
fáisc	-	-	fáiscfidh	fáscadh	fáiscthe	-	-	-
fálaigh	-	-	fálóidh	-	-	-	-	-
fás	-	-	-	fás	-	-	-	-
fásáil	fásálann	fásáil	fásálfaidh	fásáil	fásáilte	-	fásálaigí	fásáiltear
fáthmheas	-	-	-	fáthmheas	-	-	-	-
féach	-	-	-	féachaint	-	-	-	-
féad	-	-	-	féadachtáil	-	-	-	-
fíneáil	fíneálann	fíneáil	fíneálfaidh	fíneáil	fíneáilte	-	fíneálaigí	fíneáiltear
fóbair	fóbraíonn	fóbair	fóbróidh	fóbairt	fóbartha	-	fóbraígí	fóbraítear
fócht	-	-	-	-	fóchta	-	-	fóchtar
fógair	fógraíonn	fógair	fógróidh	fógairt	fógartha	-	fógraígí	fógraítear
fóin	fónann	fóin	fónfaidh	fónamh	fónta	-	fónaigí	fóntar
fóir	-	-	fóirfidh	fóirithint	fóirthe	-	-	-
fómhais	fómhasann	fómhais	fómhasfaidh	fómhas	fómhasta	-	fómhasaigí	fómhastar
fónáil	fónálann	fónáil	fónálfaidh	fónáil	fónáilte	-	fónálaigí	fónáiltear
fórsáil	fórsálann	fórsáil	fórsálfaidh	fórsáil	fórsáilte	-	fórsálaigí	fórsáiltear
gabh	-	-	-	gabháil	gafa	-	-	-
gad	-	-	-	gad	-	-	-	-
gaineamhrois	-	-	gaineamhroisfidh	-	-	-	-	-
gair	-	-	gairfidh	gairm	gairthe	-	-	-
gais	-	-	gaisfidh	-	-	-	-	-
galaigh	-	-	galóidh	-	-	-	-	-
galbhruith	-	-	galbhruithfidh	galbhruith	galbhruite	-	-	galbhruitear
galraigh	-	-	galróidh	-	-	-	-	-
galstobh	-	-	-	-	galstofa	-	-	-
garbhshnoigh	-	-	garbhshnoífidh	garbhshnoí	garbhshnoite	-	-	garbhshnoitear
garbhtheilg	-	-	garbhtheilgfidh	garbhtheilgean	garbhtheilgthe	-	-	-
gardáil	gardálann	gardáil	gardálfaidh	gardáil	gardáilte	-	gardálaigí	gardáiltear
geab	-	-	-	-	geabtha	-	-	-
geafáil	geafálann	geafáil	geafálfaidh	geafáil	geafáilte	-	geafálaigí	geafáiltear
geallearb	-	-	-	-	geallearbtha	-	-	-
gearr	-	-	-	-	gearrtha	-	-	-
gearán	-	-	-	gearán	-	-	-	-
geil	-	-	geilfidh	geilt	-	-	-	-
geimhrigh	-	-	geimhreoidh	-	-	-	-	-
geit	-	-	geitfidh	-	geite	-	-	geitear
geoidligh	-	-	geoidleoidh	-	-	-	-	-
gibir	gibríonn	gibir	gibreoidh	gibreacht	gibeartha	-	gibrígí	gibrítear
gigeáil	gigeálann	gigeáil	gigeálfaidh	gigeáil	gigeáilte	-	gigeálaigí	gigeáiltear
gin	-	-	ginfidh	giniúint	-	-	-	-
giob	-	-	-	-	giobtha	-	-	-
giolc	-	-	-	-	giolctha	-	-	-
giollaigh	-	-	-	giollacht	-	-	-	-
giorraigh	-	-	giorróidh	-	-	-	-	-
giortáil	giortálann	giortáil	giortálfaidh	giortáil	giortáilte	-	giortálaigí	giortáiltear
giosáil	giosálann	giosáil	giosálfaidh	giosáil	giosáilte	-	giosálaigí	giosáiltear
giúmaráil	giúmarálann	giúmaráil	giúmarálfaidh	giúmaráil	giúmaráilte	-	giúmarálaigí	giúmaráiltear
glac	-	-	-	-	glactha	-	-	-
glaeigh	glaenn	glaeigh	glaefaidh	glae	glaeite	-	glaeigí	glaeitear
glam	-	-	-	glamaíl	glamtha	-	-	-
glaoigh	glaonn	glaoigh	glaofaidh	glaoch	glaoite	-	glaoigí	glaoitear
glasáil	glasálann	glasáil	glasálfaidh	glasáil	glasáilte	-	glasálaigí	glasáiltear
gleadhair	gleadhrann	gleadhair	gleadhrfaidh	gleadhradh	gleadhartha	-	gleadhraigí	gleadhrtar
glean	-	-	-	gleanúint	-	-	-	-
gleois	-	-	gleoisfidh	-	-	-	-	-
gligleáil	gligleálann	gligleáil	gligleálfaidh	gligleáil	gligleáilte	-	gligleálaigí	gligleáiltear
glinneáil	glinneálann	glinneáil	glinneálfaidh	glinneáil	glinneáilte	-	glinneálaigí	glinneáiltear
glinnigh	-	-	-	glinniúint	-	-	-	-
gliogáil	gliogálann	gliogáil	gliogálfaidh	gliogáil	gliogáilte	-	gliogálaigí	gliogáiltear
gliúmáil	gliúmálann	gliúmáil	gliúmálfaidh	gliúmáil	gliúmáilte	-	gliúmálaigí	gliúmáiltear
gliúáil	gliúálann	gliúáil	gliúálfaidh	gliúáil	gliúáilte	-	gliúálaigí	gliúáiltear
gloinigh	-	-	gloineoidh	-	-	-	-	-
gluais	-	-	gluaisfidh	gluaiseacht	-	-	-	-
glám	-	-	-	-	glámtha	-	-	-
glámh	-	-	-	-	glámhtha	-	-	-
glónraigh	-	-	glónróidh	-	-	-	-	-
gnéasaithin	gnéasaithníonn	gnéasaithin	gnéasaithneoidh	gnéasaithint	gnéasaitheanta	-	gnéasaithnígí	gnéasaithnítear
gníomhaigh	-	-	gníomhóidh	-	-	-	-	-
gnóthaigh	-	-	gnóthóidh	-	-	-	-	-
gob	-	-	-	-	gobtha	-	-	-
gogail	gogalaíonn	gogail	gogalóidh	gogal	gogailte	-	gogalaígí	gogalaítear
goid	-	-	goidfidh	goid	-	-	-	-
goil	-	-	goilfidh	gol	-	-	-	-
goiligh	-	-	goileoidh	-	-	-	-	-
goill	-	-	goillfidh	-	-	-	-	-
goin	-	-	goinfidh	-	-	-	-	-
gor	-	-	-	-	gortha	-	-	-
gortaigh	-	-	gortóidh	-	-	-	-	-
gotháil	gothálann	gotháil	gothálfaidh	gotháil	gotháilte	-	gothálaigí	gotháiltear
grabáil	grabálann	grabáil	grabálfaidh	grabáil	grabáilte	-	grabálaigí	grabáiltear
graf	-	-	grafaidh	-	-	-	-	graftar
greamaigh	-	-	greamóidh	-	-	-	-	-
greannaigh	-	-	greannóidh	-	-	-	-	-
greanrois	-	-	greanroisfidh	-	-	-	-	-
greanáil	greanálann	greanáil	greanálfaidh	greanáil	greanáilte	-	greanálaigí	greanáiltear
greasáil	greasálann	greasáil	greasálfaidh	greasáil	greasáilte	-	greasálaigí	greasáiltear
grinndearc	-	-	-	-	grinndearctha	-	-	-
griog	-	-	-	-	griogtha	-	-	-
griotháil	griothálann	griotháil	griothálfaidh	griotháil	griotháilte	-	griothálaigí	griotháiltear
grodloisc	-	-	grodloiscfidh	grodloscadh	grodloiscthe	-	-	-
grábháil	grábhálann	grábháil	grábhálfaidh	grábháil	grábháilte	-	grábhálaigí	grábháiltear
grádaigh	-	-	grádóidh	-	-	-	-	-
gráigh	gránn	gráigh	gráfaidh	grá	gráite	-	gráigí	gráitear
gráinseáil	gráinseálann	gráinseáil	gráinseálfaidh	gráinseáil	gráinseáilte	-	gráinseálaigí	gráinseáiltear
grátáil	grátálann	grátáil	grátálfaidh	grátáil	grátáilte	-	grátálaigí	grátáiltear
gréasaigh	-	-	gréasóidh	-	-	-	-	-
gréisc	-	-	gréiscfidh	-	gréiscthe	-	-	-
gríosc	-	-	-	-	gríosctha	-	-	-
gróig	-	-	gróigfidh	-	gróigthe	-	-	-
grúdaigh	-	-	grúdóidh	-	-	-	-	-
grúmáil	grúmálann	grúmáil	grúmálfaidh	grúmáil	grúmáilte	-	grúmálaigí	grúmáiltear
grúntáil	grúntálann	grúntáil	grúntálfaidh	grúntáil	grúntáilte	-	grúntálaigí	grúntáiltear
grúpáil	grúpálann	grúpáil	grúpálfaidh	grúpáil	grúpáilte	-	grúpálaigí	grúpáiltear
grútáil	grútálann	grútáil	grútálfaidh	grútáil	grútáilte	-	grútálaigí	grútáiltear
guailleáil	guailleálann	guailleáil	guailleálfaidh	guailleáil	guilleáilte	-	guailleálaigí	guailleáiltear
guairigh	-	-	guaireoidh	-	-	-	-	-
gualaigh	-	-	gualóidh	-	-	-	-	-
guigh	-	-	guífidh	guí	guite	-	-	guitear
gág	-	-	-	-	gágtha	-	-	-
gáinneáil	gáinneálann	gáinneáil	gáinneálfaidh	gáinneáil	gáinneáilte	-	gáinneálaigí	gáinneáiltear
gáir	-	-	gáirfidh	gáire	gáirthe	-	-	-
géagaigh	-	-	géagóidh	-	-	-	-	-
géaraigh	-	-	géaróidh	-	-	-	-	-
géill	-	-	géillfidh	-	-	-	-	-
géim	-	-	géimfidh	géimneach	géimthe	-	-	-
géis	-	-	géisfidh	-	-	-	-	-
gíog	-	-	-	-	gíogtha	-	-	-
góchum	-	-	-	-	góchumtha	-	-	-
gófráil	gófrálann	gófráil	gófrálfaidh	gófráil	gófráilte	-	gófrálaigí	gófráiltear
haiceáil	haiceálann	haiceáil	haiceálfaidh	haiceáil	haiceáilte	-	haiceálaigí	haiceáiltear
hibridigh	-	-	hibrideoidh	-	-	-	-	-
hidriginigh	-	-	hidrigineoidh	-	-	-	-	-
hipearnasc	-	-	-	-	hipearnasctha	-	-	-
húcáil	húcálann	húcáil	húcálfaidh	húcáil	húcáilte	-	húcálaigí	húcáiltear
húvaráil	húvarálann	húvaráil	húvarálfaidh	húvaráil	húvaráilte	-	húvarálaigí	húvaráiltear
iacht	-	-	-	-	iachta	-	-	iachtar
iaigh	iann	iaigh	iafaidh	iamh	iata	-	iaigí	-
ianaigh	-	-	ianóidh	-	-	-	-	-
iarchuir	-	-	iarchuirfidh	iarchur	iarchurtha	-	-	-
iarnaigh	-	-	iarnóidh	-	-	-	-	-
iarnáil	iarnálann	iarnáil	iarnálfaidh	iarnáil	iarnáilte	-	iarnálaigí	iarnáiltear
iarr	-	-	-	iarraidh	iarrtha	-	-	-
iasc	-	-	-	iascach	iasctha	-	-	-
ibh	-	-	ibhfidh	ibhe	ife	-	-	-
idir-roinn	-	-	idir-roinnfidh	idir-roinnt	-	-	-	-
idircheap	-	-	-	-	idircheaptha	-	-	-
idircheart	-	-	-	idircheart	idirchearta	-	-	idircheartar
idirchuir	-	-	idirchuirfidh	idirchur	idirchurtha	-	-	-
idirfhigh	-	-	idirfhífidh	idirfhí	idirfhite	-	-	idirfhitear
idirghabh	-	-	-	idirghabháil	idirghafa	-	-	-
idirghearr	-	-	-	-	idirghearrtha	-	-	-
idirleath	-	-	-	-	idirleata	-	-	idirleatar
idirlínigh	-	-	idirlíneoidh	-	-	-	-	-
idirscar	-	-	-	-	idirscartha	-	-	-
idirscoir	-	-	idirscoirfidh	idirscor	idirscortha	-	-	-
idirshuigh	-	-	idirshuífidh	idirshuí	idirshuite	-	-	idirshuitear
idriginigh	-	-	-	hidriginiú	hidriginithe	-	-	-
ilchóipeáil	ilchóipeálann	ilchóipeáil	ilchóipeálfaidh	ilchóipeáil	ilchóipeáilte	-	ilchóipeálaigí	ilchóipeáiltear
imaistrigh	-	-	imaistreoidh	-	-	-	-	-
imchlóigh	imchlónn	imchlóigh	imchlófaidh	imchló	imchlóite	-	imchlóigí	imchlóitear
imchlúdaigh	-	-	-	imchlúdach	-	-	-	-
imchosain	imchosnaíonn	imchosain	imchosnóidh	imchosaint	imchosanta	-	imchosnaígí	imchosnaítear
imchroith	-	-	imchroithfidh	-	imchroite	-	-	imchroitear
imdheaghail	imdheaghlann	imdheaghail	imdheaghlfaidh	imdheaghail	imdheaghalta	-	imdheaghlaigí	imdheaghltar
imdhearg	-	-	-	-	imdheargtha	-	-	-
imdheighil	imdheighleann	imdheighil	imdheighlfidh	imdheighilt	imdheighilte	-	imdheighligí	imdheighltear
imdhruid	-	-	imdhruidfidh	imdhruidim	-	-	-	-
imdháil	-	-	imdháilfidh	-	-	-	-	-
imeaglaigh	-	-	imeaglóidh	-	-	-	-	-
imeasc	-	-	-	-	imeasctha	-	-	-
imghabh	-	-	-	imghabháil	imghafa	-	-	-
imigh	-	-	imeoidh	imeacht	-	-	-	-
imir	imríonn	imir	imreoidh	imirt	imeartha	-	imrígí	imrítear
imirc	-	-	imircfidh	-	imircthe	-	-	-
imloisc	-	-	imloiscfidh	imloscadh	imloiscthe	-	-	-
imlínigh	-	-	imlíneoidh	-	-	-	-	-
imoibrigh	-	-	imoibreoidh	-	-	-	-	-
imphléasc	-	-	-	-	imphléasctha	-	-	-
impigh	-	-	impeoidh	impí	-	-	-	-
imréitigh	-	-	-	imréiteach	-	-	-	-
imscaoil	-	-	imscaoilfidh	-	-	-	-	-
imscar	-	-	-	-	imscartha	-	-	-
imscríobh	-	-	-	imscríobh	imscríofa	-	-	-
imshuigh	-	-	imshuífidh	imshuí	imshuite	-	-	imshuitear
imthairg	-	-	imthairgfidh	imthairiscint	imthairgthe	-	-	-
imtharraing	imtharraingíonn	imtharraing	imtharraingeoidh	imtharraingt	imtharraingthe	-	imtharraingígí	imtharraingítear
imtheorannaigh	-	-	imtheorannóidh	-	-	-	-	-
imthnúth	-	-	-	imthnúth	imthnúite	-	-	imthnútar
imthreascair	imthreascraíonn	imthreascair	imthreascróidh	imthreascairt	imthreascartha	-	imthreascraígí	imthreascraítear
infhill	-	-	infhillfidh	-	-	-	-	-
inghreim	-	-	inghreimfidh	inghreim	inghreimthe	-	-	-
iniaigh	iniann	iniaigh	iniafaidh	iniamh	iniata	-	iniaigí	iniatar
inigh	-	-	-	hiniú	hinithe	-	-	-
inis	insíonn	inis	inseoidh	insint	inste	-	insígí	insítear
inleag	-	-	-	inleagan	inleagtha	-	-	-
inneallfhuaigh	inneallfhuann	inneallfhuaigh	inneallfhuafaidh	inneallfhuáil	inneallfhuaite	-	inneallfhuaigí	inneallfhuaitear
innill	inlíonn	innill	inleoidh	inleadh	innealta	-	-	-
inphléasc	-	-	-	-	inphléasctha	-	-	-
insamhail	insamhlaíonn	insamhail	insamhlóidh	insamhladh	insamhailte	-	insamhlaígí	insamhlaítear
inscríobh	-	-	-	inscríobh	inscríofa	-	-	-
insil	-	-	insilfidh	-	-	-	-	-
insuigh	-	-	insuífidh	insuí	insuite	-	-	insuitear
iodráitigh	-	-	-	hiodráitiú	hiodráitithe	-	-	-
iolraigh	-	-	iolróidh	-	-	-	-	-
iomair	iomraíonn	iomair	iomróidh	iomramh	iomartha	-	iomraígí	iomraítear
iomardaigh	-	-	iomardóidh	-	-	-	-	-
iombháigh	iombhánn	iombháigh	iombháfaidh	iombhá	iombháite	-	iombháigí	iombháitear
iomlaisc	iomlascann	iomlaisc	iomlascfaidh	iomlasc	iomlasctha	-	iomlascaigí	iomlasctar
iomluaigh	iomluann	iomluaigh	iomluafaidh	iomlua	iomluaite	-	iomluaigí	iomluaitear
iompaigh	-	-	iompóidh	-	-	-	-	-
iompair	iompraíonn	iompair	iompróidh	iompar	iompartha	-	iompraígí	iompraítear
iompórtáil	iompórtálann	iompórtáil	iompórtálfaidh	iompórtáil	iompórtáilte	-	iompórtálaigí	iompórtáiltear
iomráidh	-	-	iomráidhfidh	iomrádh	-	-	-	-
iomáin	-	-	iomáinfidh	iomáint	-	-	-	-
ionadaigh	-	-	ionadóidh	-	-	-	-	-
ionchuir	-	-	ionchuirfidh	ionchur	ionchurtha	-	-	-
ionchúisigh	-	-	-	ionchúiseamh	-	-	-	-
ionfhabhtaigh	-	-	ionfhabhtóidh	-	-	-	-	-
ionghabh	-	-	-	ionghabháil	ionghafa	-	-	-
ionghair	-	-	ionghairfidh	ionghaire	ionghairthe	-	-	-
ionnail	ionlann	ionnail	ionnalfaidh	ionladh	ionnalta	-	ionlaigí	ionnaltar
ionnarb	-	-	-	-	ionnarbtha	-	-	-
ionramháil	ionramhálann	ionramháil	ionramhálfaidh	ionramháil	ionramháilte	-	ionramhálaigí	ionramháiltear
ionsaigh	-	-	ionsóidh	ionsaí	-	-	-	-
ionsuigh	-	-	ionsuífidh	ionsuí	ionsuite	-	-	ionsuitear
ionsáigh	ionsánn	ionsáigh	ionsáfaidh	ionsá	ionsáite	-	ionsáigí	ionsáitear
ionsúigh	ionsúnn	ionsúigh	ionsúfaidh	ionsú	ionsúite	-	ionsúigí	ionsúitear
iontaisigh	-	-	iontaiseoidh	-	-	-	-	-
iontráil	iontrálann	iontráil	iontrálfaidh	iontráil	iontráilte	-	iontrálaigí	iontráiltear
iopnóisigh	-	-	-	hiopnóisiú	hiopnóisithe	-	-	-
ith	-	-	íosfaidh	ithe	ite	-	-	itear
jeaimeáil	jeaimeálann	jeaimeáil	jeaimeálfaidh	jeaimeáil	jeaimeáilte	-	jeaimeálaigí	jeaimeáiltear
jeidhbeáil	jeidhbeálann	jeidhbeáil	jeidhbeálfaidh	jeidhbeáil	jeidhbeáilte	-	jeidhbeálaigí	jeidhbeáiltear
labhair	labhraíonn	labhair	labhróidh	labhairt	labhartha	-	labhraígí	labhraítear
labáil	labálann	labáil	labálfaidh	labáil	labáilte	-	labálaigí	labáiltear
laghdaigh	-	-	laghdóidh	-	-	-	-	-
lainseáil	lainseálann	lainseáil	lainseálfaidh	lainseáil	lainseáilte	-	lainseálaigí	lainseáiltear
lamháil	lamhálann	lamháil	lamhálfaidh	lamháil	lamháilte	-	lamhálaigí	lamháiltear
lannaigh	-	-	lannóidh	-	-	-	-	-
laobh	-	-	-	-	laofa	-	-	-
laoidh	-	-	laoidhfidh	-	-	-	-	-
lasc	-	-	-	-	lasctha	-	-	-
lastáil	lastálann	lastáil	lastálfaidh	lastáil	lastáilte	-	lastálaigí	lastáiltear
leabaigh	-	-	leabóidh	-	-	-	-	-
leabharmharcáil	leabharmharcálann	leabharmharcáil	leabharmharcálfaidh	leabharmharcáil	leabharmharcáilte	-	leabharmharcálaigí	leabharmharcáiltear
leadair	leadraíonn	leadair	leadróidh	leadradh	leadartha	-	leadraígí	leadraítear
leadhb	-	-	-	-	leadhbtha	-	-	-
leadhbair	leadhbraíonn	leadhbair	leadhbróidh	leadhbairt	leadhbartha	-	leadhbraígí	leadhbraítear
leadráil	leadrálann	leadráil	leadrálfaidh	leadráil	leadráilte	-	leadrálaigí	leadráiltear
leag	-	-	-	leagan	leagtha	-	-	-
leaindeáil	leaindeálann	leaindeáil	leaindeálfaidh	leaindeáil	leaindeáilte	-	leaindeálaigí	leaindeáiltear
leamh	-	-	-	-	leafa	-	-	-
lean	-	-	-	leanúint	-	-	-	-
leang	-	-	-	-	leangtha	-	-	-
leasaigh	-	-	leasóidh	-	-	-	-	-
leath	-	-	-	-	leata	-	-	leatar
leathnaigh	-	-	leathnóidh	-	-	-	-	-
leictreachlóigh	leictreachlónn	leictreachlóigh	leictreachlófaidh	leictreachló	leictreachlóite	-	leictreachlóigí	leictreachlóitear
leictreaphlátáil	leictreaphlátálann	leictreaphlátáil	leictreaphlátálfaidh	leictreaphlátáil	leictreaphlátáilte	-	leictreaphlátálaigí	leictreaphlátáiltear
leigheas	-	-	-	leigheas	-	-	-	-
leithdháil	-	-	leithdháilfidh	-	-	-	-	-
leithghabh	-	-	-	leithghabháil	leithghafa	-	-	-
leithroinn	-	-	leithroinnfidh	leithroinnt	-	-	-	-
leithscar	-	-	-	-	leithscartha	-	-	-
leoidh	-	-	leoidhfidh	leodh	-	-	-	-
leomh	-	-	-	-	leofa	-	-	-
leáigh	leánn	leáigh	leáfaidh	leá	leáite	-	leáigí	leáitear
liath	-	-	-	-	liata	-	-	liatar
lig	-	-	ligfidh	ligean	ligthe	-	-	-
ligh	-	-	lífidh	lí	lite	-	-	litear
ling	-	-	lingfidh	-	lingthe	-	-	-
linseáil	linseálann	linseáil	linseálfaidh	linseáil	linseáilte	-	linseálaigí	linseáiltear
liobair	liobraíonn	liobair	liobróidh	liobairt	liobartha	-	liobraígí	liobraítear
liostáil	liostálann	liostáil	liostálfaidh	liostáil	liostáilte	-	liostálaigí	liostáiltear
liteagraf	-	-	liteagrafaidh	-	liteagrafa	-	-	-
litrigh	-	-	litreoidh	-	-	-	-	-
liúdráil	liúdrálann	liúdráil	liúdrálfaidh	liúdráil	liúdráilte	-	liúdrálaigí	liúdráiltear
liúigh	liúnn	liúigh	liúfaidh	liú	liúite	-	liúigí	liúitear
liúr	-	-	-	-	liúrtha	-	-	-
lobh	-	-	-	-	lofa	-	-	-
loc	-	-	-	-	loctha	-	-	-
locair	locraíonn	locair	locróidh	locrú	locraithe	-	locraígí	locraítear
lochair	lochraíonn	lochair	lochróidh	lochradh	lochartha	-	lochraígí	lochraítear
locáil	locálann	locáil	locálfaidh	locáil	locáilte	-	locálaigí	locáiltear
lodair	lodraíonn	lodair	lodróidh	lodairt	lodartha	-	lodraígí	lodraítear
logh	-	-	-	-	loghtha	-	-	-
logáil	logálann	logáil	logálfaidh	logáil	logáilte	-	logálaigí	logáiltear
loic	-	-	loicfidh	-	loicthe	-	-	-
loisc	-	-	loiscfidh	loscadh	loiscthe	-	-	-
loit	-	-	loitfidh	lot	loite	-	-	loitear
lom	-	-	-	-	lomtha	-	-	-
lomair	lomraíonn	lomair	lomróidh	lomairt	lomartha	-	lomraígí	lomraítear
long	-	-	-	-	longtha	-	-	-
lonnaigh	-	-	lonnóidh	-	-	-	-	-
lorg	lorgaíonn	lorg	lorgóidh	lorg	lorgtha	-	lorgaígí	lorgaítear
luacháil	luachálann	luacháil	luachálfaidh	luacháil	luacháilte	-	luachálaigí	luacháiltear
luaidh	-	-	luaidhfidh	luadh	-	-	-	-
luaigh	luann	luaigh	luafaidh	lua	luaite	-	luaigí	luaitear
luainigh	-	-	luaineoidh	-	-	-	-	-
luasc	-	-	-	-	luasctha	-	-	-
luascáil	luascálann	luascáil	luascálfaidh	luascáil	luascáilte	-	luascálaigí	luascáiltear
luathaigh	-	-	luathóidh	-	-	-	-	-
luathbhruith	-	-	luathbhruithfidh	luathbhruith	luathbhruite	-	-	luathbhruitear
luchtaigh	-	-	luchtóidh	-	-	-	-	-
lufáil	lufálann	lufáil	lufálfaidh	lufáil	lufáilte	-	lufálaigí	lufáiltear
luigh	-	-	luífidh	luí	luite	-	-	luitear
ládáil	ládálann	ládáil	ládálfaidh	ládáil	ládáilte	-	ládálaigí	ládáiltear
láib	-	-	láibfidh	-	láibthe	-	-	-
láigh	lánn	láigh	láfaidh	láchan	láite	-	láigí	láitear
láimhseáil	láimhseálann	láimhseáil	láimhseálfaidh	láimhseáil	láimhseáilte	-	láimhseálaigí	láimhseáiltear
láist	-	-	láistfidh	-	láiste	-	-	láistear
lámhach	-	-	-	lámhach	-	-	-	-
lámhaigh	-	-	lámhóidh	-	-	-	-	-
lámhchniotáil	lámhchniotálann	lámhchniotáil	lámhchniotálfaidh	lámhchniotáil	lámhchniotáilte	-	lámhchniotálaigí	lámhchniotáiltear
lámhfhuaigh	lámhfhuann	lámhfhuaigh	lámhfhuafaidh	lámhfhuáil	lámhfhuaite	-	lámhfhuaigí	lámhfhuaitear
lámhscaoil	-	-	lámhscaoilfidh	-	-	-	-	-
lánscoir	-	-	lánscoirfidh	lánscor	lánscortha	-	-	-
lánseiceáil	lánseiceálann	lánseiceáil	lánseiceálfaidh	lánseiceáil	lánseiceáilte	-	lánseiceálaigí	lánseiceáiltear
lásáil	lásálann	lásáil	lásálfaidh	lásáil	lásáilte	-	lásálaigí	lásáiltear
léasaigh	-	-	léasóidh	-	-	-	-	-
léigh	léann	léigh	léifidh	léamh	léite	-	léigí	léitear
léim	-	-	léimfidh	léim	léimthe	-	-	-
léirghoin	-	-	léirghoinfidh	léirghoin	léirghonta	-	-	-
léirigh	-	-	léireoidh	-	-	-	-	-
léirscrios	-	-	-	léirscrios	-	-	-	-
léirscríobh	-	-	-	léirscríobh	léirscríofa	-	-	-
léirsmaoinigh	-	-	-	léirsmaoineamh	-	-	-	-
líneáil	líneálann	líneáil	líneálfaidh	líneáil	líneáilte	-	líneálaigí	líneáiltear
línigh	-	-	líneoidh	-	-	-	-	-
líomh	-	-	-	-	líofa	-	-	-
líomhain	líomhnaíonn	líomhain	líomhnóidh	líomhain	líomhainte	-	líomhnaígí	líomhnaítear
lódáil	lódálann	lódáil	lódálfaidh	lódáil	lódáilte	-	lódálaigí	lódáiltear
lóg	-	-	-	-	lógtha	-	-	-
lóisteáil	lóisteálann	lóisteáil	lóisteálfaidh	lóisteáil	lóisteáilte	-	lóisteálaigí	lóisteáiltear
lúb	-	-	-	-	lúbtha	-	-	-
lúbáil	lúbálann	lúbáil	lúbálfaidh	lúbáil	lúbáilte	-	lúbálaigí	lúbáiltear
lútáil	lútálann	lútáil	lútálfaidh	lútáil	lútáilte	-	lútálaigí	-
machnaigh	-	-	-	machnamh	-	-	-	-
macht	-	-	-	-	machta	-	-	machtar
maidhm	madhmann	maidhm	madhmfaidh	madhmadh	madhmtha	-	madhmaigí	madhmtar
mainnigh	-	-	-	mainneachtain	-	-	-	-
mair	-	-	mairfidh	maireachtáil	-	-	-	-
maisigh	-	-	maiseoidh	-	-	-	-	-
maistrigh	-	-	maistreoidh	maistreadh	-	-	-	-
maith	-	-	maithfidh	maitheamh	maite	-	-	maitear
malartaigh	-	-	malartóidh	-	-	-	-	-
mallaigh	-	-	mallóidh	-	-	-	-	-
maoinigh	-	-	maoineoidh	-	-	-	-	-
maolaigh	-	-	maolóidh	-	-	-	-	-
maoscail	maosclaíonn	maoscail	maosclóidh	maoscal	maoscailte	-	maosclaígí	maosclaítear
mapáil	mapálann	mapáil	mapálfaidh	mapáil	mapáilte	-	mapálaigí	mapáiltear
maraigh	-	-	maróidh	-	-	-	-	-
marcaigh	-	-	-	marcaíocht	-	-	-	-
marcáil	marcálann	marcáil	marcálfaidh	marcáil	marcáilte	-	marcálaigí	marcáiltear
margáil	margálann	margáil	margálfaidh	margáil	margáilte	-	margálaigí	margáiltear
masc	-	-	-	-	masctha	-	-	-
maslaigh	-	-	maslóidh	-	-	-	-	-
maígh	maíonn	maígh	maífidh	maíomh	maíte	-	maígí	maítear
meabhraigh	-	-	meabhróidh	-	-	-	-	-
meadráil	meadrálann	meadráil	meadrálfaidh	meadráil	meadráilte	-	meadrálaigí	meadráiltear
meaitseáil	meaitseálann	meaitseáil	meaitseálfaidh	meaitseáil	meaitseáilte	-	meaitseálaigí	meaitseáiltear
meallac	-	-	-	-	meallactha	-	-	-
meang	-	-	-	-	meangtha	-	-	-
mearsheachaid	mearsheachadann	mearsheachaid	mearsheachadfaidh	mearsheachadadh	mearsheachadta	-	mearsheachadaigí	mearsheachadtar
meas	-	-	-	meas	-	-	-	-
measc	-	-	-	-	measctha	-	-	-
measúnaigh	-	-	measúnóidh	-	-	-	-	-
meath	-	-	-	meath	meata	-	-	meatar
meathlaigh	-	-	meathlóidh	-	-	-	-	-
meil	-	-	meilfidh	meilt	-	-	-	-
meáigh	meánn	meáigh	meáfaidh	meá	meáite	-	meáigí	meáitear
miadhaigh	-	-	-	miadhughadh	miadhuighthe	-	-	-
mianraigh	-	-	mianróidh	-	-	-	-	-
mianrill	-	-	mianrillfidh	-	-	-	-	-
mill	-	-	millfidh	-	-	-	-	-
milsigh	-	-	milseoidh	-	-	-	-	-
mineastráil	mineastrálann	mineastráil	mineastrálfaidh	mineastráil	mineastráilte	-	mineastrálaigí	mineastráiltear
minicigh	-	-	miniceoidh	-	-	-	-	-
mionbhreac	-	-	-	-	mionbhreactha	-	-	-
mionbhrúigh	mionbhrúnn	mionbhrúigh	mionbhrúfaidh	mionbhrú	mionbhrúite	-	mionbhrúigí	mionbhrúitear
miondíol	-	-	-	miondíol	-	-	-	-
mionghearr	-	-	-	-	mionghearrtha	-	-	-
mionroinn	-	-	mionroinnfidh	mionroinnt	-	-	-	-
mionscag	-	-	-	-	mionscagtha	-	-	-
mionteagasc	-	-	-	mionteagasc	mionteagasctha	-	-	-
miotaigh	-	-	miotóidh	-	-	-	-	-
morg	-	-	-	-	morgtha	-	-	-
mothaigh	-	-	mothóidh	-	-	-	-	-
mugáil	mugálann	mugáil	mugálfaidh	mugáil	mugáilte	-	mugálaigí	mugáiltear
muilleáil	muilleálann	muilleáil	muilleálfaidh	muilleáil	muilleáilte	-	muilleálaigí	muilleáiltear
muirnigh	-	-	muirneoidh	-	-	-	-	-
mungail	munglaíonn	mungail	munglóidh	mungailt	mungailte	-	munglaígí	munglaítear
máirseáil	máirseálann	máirseáil	máirseálfaidh	máirseáil	máirseáilte	-	máirseálaigí	máirseáiltear
máistrigh	-	-	-	máistreacht	-	-	-	-
máithrigh	-	-	máithreoidh	-	-	-	-	-
mámáil	mámálann	mámáil	mámálfaidh	mámáil	mámáilte	-	mámálaigí	mámáiltear
méadaigh	-	-	méadóidh	-	-	-	-	-
mí-iompair	mí-iompraíonn	mí-iompair	mí-iompróidh	mí-iompar	mí-iompartha	-	mí-iompraígí	mí-iompraítear
mím	-	-	mímfidh	-	mímthe	-	-	-
mímheas	-	-	-	mímheas	-	-	-	-
mínigh	-	-	míneoidh	-	-	-	-	-
mínmheil	-	-	mínmheilfidh	mínmheilt	-	-	-	-
míog	-	-	-	-	míogtha	-	-	-
míostraigh	-	-	míostróidh	-	-	-	-	-
míriar	-	-	-	-	míriartha	-	-	-
míshásaigh	-	-	-	míshásamh	míshásta	-	-	-
mór	-	-	-	-	mórtha	-	-	-
múin	-	-	múinfidh	-	-	-	-	-
múitseáil	múitseálann	múitseáil	múitseálfaidh	múitseáil	múitseáilte	-	múitseálaigí	múitseáiltear
mún	-	-	-	mún	-	-	-	-
múr	-	-	-	-	múrtha	-	-	-
múráil	múrálann	múráil	múrálfaidh	múráil	múráilte	-	múrálaigí	múráiltear
múscail	músclaíonn	múscail	músclóidh	múscailt	múscailte	-	músclaígí	músclaítear
naomhaigh	-	-	naomhóidh	-	-	-	-	-
naomhainmnigh	-	-	naomhainmneoidh	-	-	-	-	-
nasc	-	-	-	-	nasctha	-	-	-
nasclean	-	-	-	nascleanúint	-	-	-	-
neamhcheangail	neamhcheanglaíonn	neamhcheangail	neamhcheanglóidh	neamhcheangal	neamhcheangailte	-	neamhcheanglaígí	neamhcheanglaítear
neartaigh	-	-	neartóidh	-	-	-	-	-
neodraigh	-	-	neodróidh	-	-	-	-	-
niamh	-	-	-	-	niafa	-	-	-
nicilphlátáil	nicilphlátálann	nicilphlátáil	nicilphlátálfaidh	nicilphlátáil	nicilphlátáilte	-	nicilphlátálaigí	nicilphlátáiltear
nigh	-	-	nífidh	ní	nite	-	-	nitear
nimhigh	-	-	nimheoidh	-	-	-	-	-
nocht	-	-	-	-	nochta	-	-	nochtar
nog	-	-	-	-	nogtha	-	-	-
náirigh	-	-	náireoidh	-	-	-	-	-
náisiúnaigh	-	-	náisiúnóidh	-	-	-	-	-
nótáil	nótálann	nótáil	nótálfaidh	nótáil	nótáilte	-	nótálaigí	nótáiltear
núiceáil	núiceálann	núiceáil	núiceálfaidh	núiceáil	núiceáilte	-	núiceálaigí	núiceáiltear
ob	-	-	-	-	obtha	-	-	-
ocsaiginigh	-	-	ocsaigineoidh	-	-	-	-	-
ofráil	ofrálann	ofráil	ofrálfaidh	ofráil	ofráilte	-	ofrálaigí	ofráiltear
oibrigh	-	-	oibreoidh	-	-	-	-	-
oighrigh	-	-	oighreoidh	-	-	-	-	-
oil	-	-	oilfidh	oiliúint	-	-	-	-
oir	-	-	oirfidh	oiriúint	oirthe	-	-	-
oiris	-	-	oirisfidh	oiriseamh	-	-	-	-
oiriúnaigh	-	-	oiriúnóidh	-	-	-	-	-
olltáirg	-	-	olltáirgfidh	-	olltáirgthe	-	-	-
onóraigh	-	-	onóróidh	-	-	-	-	-
ordaigh	-	-	ordóidh	-	-	-	-	-
oscail	osclaíonn	oscail	osclóidh	oscailt	oscailte	-	osclaígí	osclaítear
osnaigh	-	-	-	osnaíl	-	-	-	-
pacáil	pacálann	pacáil	pacálfaidh	pacáil	pacáilte	-	pacálaigí	pacáiltear
pailnigh	-	-	pailneoidh	-	-	-	-	-
paisteáil	paisteálann	paisteáil	paisteálfaidh	paisteáil	paisteáilte	-	paisteálaigí	paisteáiltear
paistéar	-	-	-	-	paistéartha	-	-	-
pannáil	pannálann	pannáil	pannálfaidh	pannáil	pannáilte	-	pannálaigí	pannáiltear
paraisiútáil	paraisiútálann	paraisiútáil	paraisiútálfaidh	paraisiútáil	paraisiútáilte	-	paraisiútálaigí	paraisiútáiltear
parsáil	parsálann	parsáil	parsálfaidh	parsáil	parsáilte	-	parsálaigí	parsáiltear
pasáil	pasálann	pasáil	pasálfaidh	pasáil	pasáilte	-	pasálaigí	pasáiltear
peacaigh	-	-	peacóidh	-	-	-	-	-
peanáil	peanálann	peanáil	peanálfaidh	peanáil	peanáilte	-	peanálaigí	peanáiltear
piardáil	piardálann	piardáil	piardálfaidh	piardáil	piardáilte	-	piardálaigí	piardáiltear
pic	-	-	picfidh	-	picthe	-	-	-
picil	-	-	picilfidh	-	-	-	-	-
pinseáil	pinseálann	pinseáil	pinseálfaidh	pinseáil	pinseáilte	-	pinseálaigí	pinseáiltear
pioc	-	-	-	-	pioctha	-	-	-
pionnáil	pionnálann	pionnáil	pionnálfaidh	pionnáil	pionnáilte	-	pionnálaigí	pionnáiltear
pionósaigh	-	-	pionósóidh	-	-	-	-	-
pitseáil	pitseálann	pitseáil	pitseálfaidh	pitseáil	pitseáilte	-	pitseálaigí	pitseáiltear
plab	-	-	-	-	plabtha	-	-	-
plac	-	-	-	-	plactha	-	-	-
planc	-	-	-	-	planctha	-	-	-
plandáil	plandálann	plandáil	plandálfaidh	plandáil	plandáilte	-	plandálaigí	plandáiltear
pleanáil	pleanálann	pleanáil	pleanálfaidh	pleanáil	pleanáilte	-	pleanálaigí	pleanáiltear
pluc	-	-	-	-	pluctha	-	-	-
plucáil	plucálann	plucáil	plucálfaidh	plucáil	plucáilte	-	plucálaigí	plucáiltear
plugáil	plugálann	plugáil	plugálfaidh	plugáil	plugáilte	-	plugálaigí	plugáiltear
pláigh	plánn	pláigh	pláfaidh	plá	pláite	-	pláigí	pláitear
plánáil	plánálann	plánáil	plánálfaidh	plánáil	plánáilte	-	plánálaigí	plánáiltear
plástráil	plástrálann	plástráil	plástrálfaidh	plástráil	plástráilte	-	plástrálaigí	plástráiltear
plátáil	plátálann	plátáil	plátálfaidh	plátáil	plátáilte	-	plátálaigí	plátáiltear
pléadáil	pléadálann	pléadáil	pléadálfaidh	pléadáil	pléadáilte	-	pléadálaigí	pléadáiltear
pléasc	-	-	-	-	pléasctha	-	-	-
pléatáil	pléatálann	pléatáil	pléatálfaidh	pléatáil	pléatáilte	-	pléatálaigí	pléatáiltear
pléigh	pléann	pléigh	pléifidh	plé	pléite	-	pléigí	pléitear
plúraigh	-	-	plúróidh	-	-	-	-	-
pocléim	-	-	pocléimfidh	pocléim	pocléimthe	-	-	-
pocáil	pocálann	pocáil	pocálfaidh	pocáil	pocáilte	-	pocálaigí	pocáiltear
pointeáil	pointeálann	pointeáil	pointeálfaidh	pointeáil	pointeáilte	-	pointeálaigí	pointeáiltear
poit	-	-	poitfidh	-	poite	-	-	poitear
poncloisc	-	-	poncloiscfidh	poncloscadh	poncloiscthe	-	-	-
popáil	popálann	popáil	popálfaidh	popáil	popáilte	-	popálaigí	popáiltear
postmharcáil	postmharcálann	postmharcáil	postmharcálfaidh	postmharcáil	postmharcáilte	-	postmharcálaigí	postmharcáiltear
postáil	postálann	postáil	postálfaidh	postáil	postáilte	-	postálaigí	postáiltear
praghsáil	praghsálann	praghsáil	praghsálfaidh	praghsáil	praghsáilte	-	praghsálaigí	praghsáiltear
pramsáil	pramsálann	pramsáil	pramsálfaidh	pramsáil	pramsáilte	-	pramsálaigí	pramsáiltear
prapáil	prapálann	prapáil	prapálfaidh	prapáil	prapáilte	-	prapálaigí	prapáiltear
preab	-	-	-	-	preabtha	-	-	-
preasáil	preasálann	preasáil	preasálfaidh	preasáil	preasáilte	-	preasálaigí	preasáiltear
prioc	-	-	-	-	prioctha	-	-	-
priontáil	priontálann	priontáil	priontálfaidh	priontáil	priontáilte	-	priontálaigí	priontáiltear
priosláil	prioslálann	priosláil	prioslálfaidh	priosláil	priosláilte	-	prioslálaigí	priosláiltear
profáil	profálann	profáil	profálfaidh	profáil	profáilte	-	profálaigí	profáiltear
promh	-	-	-	-	profa	-	-	-
práib	-	-	práibfidh	-	práibthe	-	-	-
prásáil	prásálann	prásáil	prásálfaidh	prásáil	prásáilte	-	prásálaigí	prásáiltear
prímeáil	prímeálann	prímeáil	prímeálfaidh	prímeáil	prímeáilte	-	prímeálaigí	prímeáiltear
próiseáil	próiseálann	próiseáil	próiseálfaidh	próiseáil	próiseáilte	-	próiseálaigí	próiseáiltear
prúnáil	prúnálann	prúnáil	prúnálfaidh	prúnáil	prúnáilte	-	prúnálaigí	prúnáiltear
puinseáil	puinseálann	puinseáil	puinseálfaidh	puinseáil	puinseáilte	-	puinseálaigí	puinseáiltear
pulc	-	-	-	-	pulctha	-	-	-
pumpáil	pumpálann	pumpáil	pumpálfaidh	pumpáil	pumpáilte	-	pumpálaigí	pumpáiltear
pábháil	pábhálann	pábháil	pábhálfaidh	pábháil	pábháilte	-	pábhálaigí	pábháiltear
páirceáil	páirceálann	páirceáil	páirceálfaidh	páirceáil	páirceáilte	-	páirceálaigí	páirceáiltear
páirtigh	-	-	páirteoidh	-	-	-	-	-
pánáil	pánálann	pánáil	pánálfaidh	pánáil	pánáilte	-	pánálaigí	pánáiltear
páráil	párálann	páráil	párálfaidh	páráil	páráilte	-	párálaigí	páráiltear
péac	-	-	-	-	péactha	-	-	-
péinteáil	péinteálann	péinteáil	péinteálfaidh	péinteáil	péinteáilte	-	péinteálaigí	péinteáiltear
péireáil	péireálann	péireáil	péireálfaidh	péireáil	péireáilte	-	péireálaigí	péireáiltear
péirseáil	péirseálann	péirseáil	péirseálfaidh	péirseáil	péirseáilte	-	péirseálaigí	péirseáiltear
píceáil	píceálann	píceáil	píceálfaidh	píceáil	píceáilte	-	píceálaigí	píceáiltear
píob	-	-	-	-	píobtha	-	-	-
píopáil	píopálann	píopáil	píopálfaidh	píopáil	píopáilte	-	píopálaigí	píopáiltear
píosáil	píosálann	píosáil	píosálfaidh	píosáil	píosáilte	-	píosálaigí	píosáiltear
póg	-	-	-	-	pógtha	-	-	-
póirseáil	póirseálann	póirseáil	póirseálfaidh	póirseáil	póirseáilte	-	póirseálaigí	póirseáiltear
póraigh	-	-	póróidh	-	-	-	-	-
púdraigh	-	-	púdróidh	-	-	-	-	-
púdráil	púdrálann	púdráil	púdrálfaidh	púdráil	púdráilte	-	púdrálaigí	púdráiltear
púitseáil	púitseálann	púitseáil	púitseálfaidh	púitseáil	púitseáilte	-	púitseálaigí	púitseáiltear
rabhláil	rabhlálann	rabhláil	rabhlálfaidh	rabhláil	rabhláilte	-	rabhlálaigí	rabhláiltear
racáil	racálann	racáil	racálfaidh	racáil	racáilte	-	racálaigí	racáiltear
radagraf	-	-	radagrafaidh	-	radagrafa	-	-	-
raiceáil	raiceálann	raiceáil	raiceálfaidh	raiceáil	raiceáilte	-	raiceálaigí	raiceáiltear
raifleáil	raifleálann	raifleáil	raifleálfaidh	raifleáil	raifleáilte	-	raifleálaigí	raifleáiltear
rangaigh	-	-	rangóidh	-	-	-	-	-
rannpháirtigh	-	-	rannpháirteoidh	-	-	-	-	-
raonáil	raonálann	raonáil	raonálfaidh	raonáil	raonáilte	-	raonálaigí	raonáiltear
rapáil	rapálann	rapáil	rapálfaidh	rapáil	rapáilte	-	rapálaigí	rapáiltear
raspáil	raspálann	raspáil	raspálfaidh	raspáil	raspáilte	-	raspálaigí	raspáiltear
reachtaigh	-	-	reachtóidh	-	-	-	-	-
reibheáil	reibheálann	reibheáil	reibheálfaidh	reibheáil	reibheáilte	-	reibheálaigí	reibheáiltear
reic	-	-	reicfidh	reic	reicthe	-	-	-
reith	-	-	reithfidh	-	reite	-	-	reitear
reoigh	reonn	reoigh	reofaidh	reo	reoite	-	reoigí	reoitear
reoánaigh	-	-	-	reoánanú	-	-	-	-
reáchtáil	reáchtálann	reáchtáil	reáchtálfaidh	reáchtáil	reáchtáilte	-	reáchtálaigí	reáchtáiltear
riagh	-	-	-	-	riaghtha	-	-	-
rianaigh	-	-	rianóidh	-	-	-	-	-
riar	-	-	-	riar	riartha	-	-	-
riastáil	riastálann	riastáil	riastálfaidh	riastáil	riastáilte	-	riastálaigí	riastáiltear
rib	-	-	ribfidh	-	ribthe	-	-	-
rigeáil	rigeálann	rigeáil	rigeálfaidh	rigeáil	rigeáilte	-	rigeálaigí	rigeáiltear
righ	-	-	rífidh	ríochan	rite	-	-	ritear
rill	-	-	rillfidh	-	-	-	-	-
rinc	-	-	rincfidh	rince	rincthe	-	-	-
rindreáil	rindreálann	rindreáil	rindreálfaidh	rindreáil	rindreáilte	-	rindreálaigí	rindreáiltear
rinseáil	rinseálann	rinseáil	rinseálfaidh	rinseáil	rinseáilte	-	rinseálaigí	rinseáiltear
rith	-	-	rithfidh	rith	rite	-	-	ritear
robáil	robálann	robáil	robálfaidh	robáil	robáilte	-	robálaigí	robáiltear
roc	-	-	-	-	roctha	-	-	-
roghnaigh	-	-	roghnóidh	-	-	-	-	-
roinn	-	-	roinnfidh	roinnt	-	-	-	-
rois	-	-	roisfidh	-	-	-	-	-
rolláil	rollálann	rolláil	rollálfaidh	rolláil	rolláilte	-	rollálaigí	rolláiltear
rop	-	-	-	-	roptha	-	-	-
rothaigh	-	-	-	rothaíocht	-	-	-	-
ruadhóigh	ruadhónn	ruadhóigh	ruadhófaidh	ruadhó	ruadhóite	-	ruadhóigí	ruadhóitear
ruaig	-	-	ruaigfidh	-	ruaigthe	-	-	-
ruaigh	ruann	ruaigh	ruafaidh	ruachan	ruaite	-	ruaigí	ruaitear
rualoisc	-	-	rualoiscfidh	rualoscadh	rualoiscthe	-	-	-
rucáil	rucálann	rucáil	rucálfaidh	rucáil	rucáilte	-	rucálaigí	rucáiltear
rácáil	rácálann	rácáil	rácálfaidh	rácáil	rácáilte	-	rácálaigí	rácáiltear
ráibeáil	ráibeálann	ráibeáil	ráibeálfaidh	ráibeáil	ráibeáilte	-	ráibeálaigí	ráibeáiltear
ráinigh	-	-	ráineoidh	-	-	-	-	-
rámhaigh	-	-	-	rámhaíocht	-	-	-	-
rásáil	rásálann	rásáil	rásálfaidh	rásáil	rásáilte	-	rásálaigí	rásáiltear
ráthaigh	-	-	ráthóidh	-	-	-	-	-
rátáil	rátálann	rátáil	rátálfaidh	rátáil	rátáilte	-	rátálaigí	rátáiltear
réab	-	-	-	-	réabtha	-	-	-
réadaigh	-	-	réadóidh	-	-	-	-	-
réamhaithris	réamhaithrisíonn	réamhaithris	réamhaithriseoidh	réamhaithris	réamhaithriste	-	réamhaithrisígí	réamhaithrisítear
réamhcheap	-	-	-	-	réamhcheaptha	-	-	-
réamhchinn	-	-	réamhchinnfidh	-	-	-	-	-
réamhdhéan	-	-	-	réamhdhéanamh	-	-	-	-
réamhghabh	-	-	-	réamhghabháil	réamhghafa	-	-	-
réamhinis	réamhinsíonn	réamhinis	réamhinseoidh	réamhinsint	réamhinste	-	réamhinsígí	réamhinsítear
réamhleag	-	-	-	réamhleagan	réamhleagtha	-	-	-
réamhtheilg	-	-	réamhtheilgfidh	réamhtheilgean	réamhtheilgthe	-	-	-
réamhíoc	-	-	-	réamhíoc	réamhíoctha	-	-	-
réasúnaigh	-	-	réasúnóidh	-	-	-	-	-
réigh	réann	-	réifidh	ré	-	-	-	-
réitigh	-	-	réiteoidh	réiteach	-	-	-	-
réscaip	-	-	réscaipfidh	-	réscaipthe	-	-	-
rígh	ríonn	rígh	rífidh	rí	ríthe	-	rígí	rítear
ríomh	-	-	-	ríomh	ríofa	-	-	-
róbáil	róbálann	róbáil	róbálfaidh	róbáil	róbáilte	-	róbálaigí	róbáiltear
ródtástáil	ródtástálann	ródtástáil	ródtástálfaidh	ródtástáil	ródtástáilte	-	ródtástálaigí	ródtástáiltear
ródáil	ródálann	ródáil	ródálfaidh	ródáil	ródáilte	-	ródálaigí	ródáiltear
róghearr	-	-	-	-	róghearrtha	-	-	-
rólódáil	rólódálann	rólódáil	rólódálfaidh	rólódáil	rólódáilte	-	rólódálaigí	rólódáiltear
rómhair	rómhraíonn	rómhair	rómhróidh	rómhar	rómhartha	-	rómhraígí	rómhraítear
rópáil	rópálann	rópáil	rópálfaidh	rópáil	rópáilte	-	rópálaigí	rópáiltear
róst	-	-	-	-	rósta	-	-	róstar
rótheilg	-	-	rótheilgfidh	rótheilgean	rótheilgthe	-	-	-
róthéigh	róthéann	-	róthéifidh	róthéamh	-	-	-	-
rúisc	-	-	rúiscfidh	rúscadh	rúiscthe	-	-	-
rúnscríobh	-	-	-	rúnscríobh	rúnscríofa	-	-	-
rútáil	rútálann	rútáil	rútálfaidh	rútáil	rútáilte	-	rútálaigí	rútáiltear
sac	-	-	-	-	sactha	-	-	-
sacáil	sacálann	sacáil	sacálfaidh	sacáil	sacáilte	-	sacálaigí	sacáiltear
saibhseáil	saibhseálann	saibhseáil	saibhseálfaidh	saibhseáil	saibhseáilte	-	saibhseálaigí	saibhseáiltear
saigh	saigheann	saigh	saighfidh	saighe	saighte	-	saighigí	saightear
saighid	saighdeann	saighid	saighdfidh	saighdeadh	saighdte	-	saighdigí	saighdtear
saighneáil	saighneálann	saighneáil	saighneálfaidh	saighneáil	saighneáilte	-	saighneálaigí	saighneáiltear
saill	-	-	saillfidh	-	-	-	-	-
sainaithin	sainaithníonn	sainaithin	sainaithneoidh	sainaithint	sainaitheanta	-	sainaithnígí	sainaithnítear
salaigh	-	-	salóidh	-	-	-	-	-
samhailchomharthaigh	-	-	samhailchomharthóidh	-	-	-	-	-
samhlaigh	-	-	samhlóidh	-	-	-	-	-
sampláil	samplálann	sampláil	samplálfaidh	sampláil	sampláilte	-	samplálaigí	sampláiltear
saobh	-	-	-	-	saofa	-	-	-
saolaigh	-	-	saolóidh	-	-	-	-	-
saor	-	-	-	-	saortha	-	-	-
saorthit	-	-	saorthitfidh	saorthitim	saorthite	-	-	saorthitear
saothraigh	-	-	saothróidh	-	-	-	-	-
satail	satlaíonn	satail	satlóidh	satailt	satailte	-	satlaígí	satlaítear
scabhtáil	scabhtálann	scabhtáil	scabhtálfaidh	scabhtáil	scabhtáilte	-	scabhtálaigí	scabhtáiltear
scag	-	-	-	-	scagtha	-	-	-
scagdhealaigh	-	-	scagdhealóidh	-	-	-	-	-
scagthástáil	scagthástálann	scagthástáil	scagthástálfaidh	scagthástáil	scagthástáilte	-	scagthástálaigí	scagthástáiltear
scaip	-	-	scaipfidh	-	scaipthe	-	-	-
scaird	-	-	scairdfidh	-	-	-	-	-
scairdsciáil	scairdsciálann	scairdsciáil	scairdsciálfaidh	scairdsciáil	scairdsciáilte	-	scairdsciálaigí	scairdsciáiltear
scairt	-	-	scairtfidh	-	scairte	-	-	scairtear
scamh	-	-	-	-	scafa	-	-	-
scannánaigh	-	-	scannánóidh	-	-	-	-	-
scanraigh	-	-	scanróidh	-	-	-	-	-
scansáil	scansálann	scansáil	scansálfaidh	scansáil	scansáilte	-	scansálaigí	scansáiltear
scaob	-	-	-	-	scaobtha	-	-	-
scaoil	-	-	scaoilfidh	-	-	-	-	-
scaollcheannaigh	-	-	-	scaollcheannach	-	-	-	-
scar	-	-	-	-	scartha	-	-	-
scarbháil	scarbhálann	scarbháil	scarbhálfaidh	scarbháil	scarbháilte	-	scarbhálaigí	scarbháiltear
scartáil	scartálann	scartáil	scartálfaidh	scartáil	scartáilte	-	scartálaigí	scartáiltear
sceamh	-	-	-	sceamhaíl	sceafa	-	-	-
sceith	-	-	sceithfidh	-	sceite	-	-	sceitear
sceitseáil	sceitseálann	sceitseáil	sceitseálfaidh	sceitseáil	sceitseáilte	-	sceitseálaigí	sceitseáiltear
sceoigh	sceonn	sceoigh	sceofaidh	sceo	sceoite	-	sceoigí	sceoitear
sciath	-	-	-	-	sciata	-	-	sciatar
scil	-	-	scilfidh	-	-	-	-	-
scillig	-	-	scilligfidh	-	scilligthe	-	-	-
scimeáil	scimeálann	scimeáil	scimeálfaidh	scimeáil	scimeáilte	-	scimeálaigí	scimeáiltear
scimpeáil	scimpeálann	scimpeáil	scimpeálfaidh	scimpeáil	scimpeáilte	-	scimpeálaigí	scimpeáiltear
scinceáil	scinceálann	scinceáil	scinceálfaidh	scinceáil	scinceáilte	-	scinceálaigí	scinceáiltear
scinn	-	-	scinnfidh	-	-	-	-	-
sciob	-	-	-	-	sciobtha	-	-	-
sciomair	sciomraíonn	sciomair	sciomróidh	sciomradh	sciomartha	-	sciomraígí	sciomraítear
sciorr	-	-	-	-	sciorrtha	-	-	-
sciortáil	sciortálann	sciortáil	sciortálfaidh	sciortáil	sciortáilte	-	sciortálaigí	sciortáiltear
sciot	-	-	-	-	sciota	-	-	sciotar
scipeáil	scipeálann	scipeáil	scipeálfaidh	scipeáil	scipeáilte	-	scipeálaigí	scipeáiltear
sciáil	sciálann	sciáil	sciálfaidh	sciáil	sciáilte	-	sciálaigí	sciáiltear
sciúr	-	-	-	-	sciúrtha	-	-	-
sciúrsáil	sciúrsálann	sciúrsáil	sciúrsálfaidh	sciúrsáil	sciúrsáilte	-	sciúrsálaigí	sciúrsáiltear
sclamh	-	-	-	-	sclafa	-	-	-
sclog	-	-	-	-	sclogtha	-	-	-
sclár	-	-	-	-	sclártha	-	-	-
scobail	scoblaíonn	scobail	scoblóidh	scobladh	scobailte	-	scoblaígí	scoblaítear
scoilt	-	-	scoiltfidh	-	scoilte	-	-	scoiltear
scoir	-	-	scoirfidh	scor	-	-	-	-
scoith	-	-	scoithfidh	-	scoite	-	-	scoitear
scolbáil	scolbálann	scolbáil	scolbálfaidh	scolbáil	scolbáilte	-	scolbálaigí	scolbáiltear
scor	-	-	-	-	scortha	-	-	-
scoráil	scorálann	scoráil	scorálfaidh	scoráil	scoráilte	-	scorálaigí	scoráiltear
scrabh	-	-	-	-	scrabhaite	-	-	-
scraith	-	-	scraithfidh	scrathadh	scraite	-	-	scraitear
scrapáil	scrapálann	scrapáil	scrapálfaidh	scrapáil	scrapáilte	-	scrapálaigí	scrapáiltear
scread	-	-	-	screadach	-	-	-	-
screamhchruaigh	screamhchruann	screamhchruaigh	screamhchruafaidh	screamhchruachan	screamhchruaite	-	screamhchruaigí	screamhchruaitear
scriobláil	scrioblálann	scriobláil	scrioblálfaidh	scriobláil	scriobláilte	-	scrioblálaigí	scriobláiltear
scriosdóigh	scriosdónn	scriosdóigh	scriosdófaidh	scriosdó	scriosdóite	-	scriosdóigí	scriosdóitear
scriúáil	scriúálann	scriúáil	scriúálfaidh	scriúáil	scriúáilte	-	scriúálaigí	scriúáiltear
scrobh	-	-	-	-	scrofa	-	-	-
scrábáil	scrábálann	scrábáil	scrábálfaidh	scrábáil	scrábáilte	-	scrábálaigí	scrábáiltear
scréach	-	-	-	scréachach	-	-	-	-
scríob	-	-	-	-	scríobtha	-	-	-
scríobh	-	-	-	scríobh	scríofa	-	-	-
scrúdaigh	-	-	scrúdóidh	-	-	-	-	-
scuab	-	-	-	-	scuabtha	-	-	-
scuitseáil	scuitseálann	scuitseáil	scuitseálfaidh	scuitseáil	scuitseáilte	-	scuitseálaigí	scuitseáiltear
scáin	-	-	scáinfidh	-	-	-	-	-
scáthaigh	-	-	scáthóidh	-	-	-	-	-
scáthcheil	-	-	scáthcheilfidh	scáthcheilt	-	-	-	-
scátáil	scátálann	scátáil	scátálfaidh	scátáil	scátáilte	-	scátálaigí	scátáiltear
scéalaigh	-	-	scéalóidh	-	-	-	-	-
scóig	-	-	scóigfidh	-	scóigthe	-	-	-
scóráil	scórálann	scóráil	scórálfaidh	scóráil	scóráilte	-	scórálaigí	scóráiltear
scótráil	scótrálann	scótráil	scótrálfaidh	scótráil	scótráilte	-	scótrálaigí	scótráiltear
seachaid	seachadann	seachaid	seachadfaidh	seachadadh	seachadta	-	seachadaigí	seachadtar
seachain	seachnaíonn	seachain	seachnóidh	seachaint	seachanta	-	seachnaígí	seachnaítear
seansáil	seansálann	seansáil	seansálfaidh	seansáil	seansáilte	-	seansálaigí	seansáiltear
searg	-	-	-	-	seargtha	-	-	-
searn	-	-	-	-	searntha	-	-	-
searr	-	-	-	-	searrtha	-	-	-
seas	-	-	-	seasamh	-	-	-	-
seiceáil	seiceálann	seiceáil	seiceálfaidh	seiceáil	seiceáilte	-	seiceálaigí	seiceáiltear
seiftigh	-	-	seifteoidh	-	-	-	-	-
seilg	-	-	seilgfidh	seilg	seilgthe	-	-	-
seinn	-	-	seinnfidh	seinm	-	-	-	-
seirbheáil	seirbheálann	seirbheáil	seirbheálfaidh	seirbheáil	seirbheáilte	-	seirbheálaigí	seirbheáiltear
siabhair	siabhraíonn	siabhair	siabhróidh	siabhradh	siabhartha	-	siabhraígí	siabhraítear
sil	-	-	silfidh	-	-	-	-	-
sil-leag	-	-	-	sil-leagan	sil-leagtha	-	-	-
sill	-	-	sillfidh	-	-	-	-	-
simíáil	simíálann	simíáil	simíálfaidh	simíáil	simíáilte	-	simíálaigí	simíáiltear
sioc	-	-	-	-	sioctha	-	-	-
siolp	-	-	-	-	siolptha	-	-	-
siorc	-	-	-	-	siorctha	-	-	-
siortáil	siortálann	siortáil	siortálfaidh	siortáil	siortáilte	-	siortálaigí	siortáiltear
siosc	-	-	-	-	siosctha	-	-	-
sir	-	-	sirfidh	-	sirthe	-	-	-
siúil	siúlann	siúil	siúlfaidh	siúl	siúlta	-	siúlaigí	siúltar
siúnt	-	-	-	-	siúnta	-	-	siúntar
slac	-	-	-	-	slactha	-	-	-
slad	-	-	-	slad	-	-	-	-
slaidh	-	-	slaidhfidh	slaidhe	-	-	-	-
slaiseáil	slaiseálann	slaiseáil	slaiseálfaidh	slaiseáil	slaiseáilte	-	slaiseálaigí	slaiseáiltear
slat	-	-	-	-	slata	-	-	slatar
slatáil	slatálann	slatáil	slatálfaidh	slatáil	slatáilte	-	slatálaigí	slatáiltear
sleabhac	sleabhcann	sleabhac	sleabhcfaidh	sleabhcadh	sleabhctha	-	sleabhcaigí	sleabhctar
sleacht	-	-	-	-	sleachta	-	-	-
sleamhnaigh	-	-	sleamhnóidh	-	-	-	-	-
sleáigh	sleánn	sleáigh	sleáfaidh	sleá	sleáite	-	sleáigí	sleáitear
sliacht	-	-	-	-	sliachta	-	-	sliachtar
sligh	-	-	slífidh	slighe	slite	-	-	slitear
sliop	-	-	-	-	slioptha	-	-	-
slis	-	-	slisfidh	-	-	-	-	-
slog	-	-	-	-	slogtha	-	-	-
sloinn	-	-	sloinnfidh	-	-	-	-	-
sluaisteáil	sluaisteálann	sluaisteáil	sluaisteálfaidh	sluaisteáil	sluaisteáilte	-	sluaisteálaigí	sluaisteáiltear
slám	-	-	-	-	slámtha	-	-	-
slámáil	slámálann	slámáil	slámálfaidh	slámáil	slámáilte	-	slámálaigí	slámáiltear
slánaigh	-	-	slánóidh	-	-	-	-	-
sléacht	-	-	-	-	sléachta	-	-	sléachtar
slíob	-	-	-	-	slíobtha	-	-	-
slíoc	-	-	-	-	slíoctha	-	-	-
slíom	-	-	-	-	slíomtha	-	-	-
slócht	-	-	-	-	slóchta	-	-	slóchtar
slóg	-	-	-	-	slógtha	-	-	-
smailc	-	-	smailcfidh	-	smailcthe	-	-	-
smaoinigh	-	-	smaoineoidh	smaoineamh	-	-	-	-
smeadráil	smeadrálann	smeadráil	smeadrálfaidh	smeadráil	smeadráilte	-	smeadrálaigí	smeadráiltear
smear	-	-	-	-	smeartha	-	-	-
smid	-	-	smidfidh	-	-	-	-	-
smiog	-	-	-	-	smiogtha	-	-	-
smiot	-	-	-	-	smiota	-	-	smiotar
smuigleáil	smuigleálann	smuigleáil	smuigleálfaidh	smuigleáil	smuigleáilte	-	smuigleálaigí	smuigleáiltear
smut	-	-	-	-	smuta	-	-	smutar
sméid	-	-	sméidfidh	-	-	-	-	-
smíocht	-	-	-	-	smíochta	-	-	smíochtar
smíst	-	-	smístfidh	-	smíste	-	-	smístear
smísteáil	smísteálann	smísteáil	smísteálfaidh	smísteáil	smísteáilte	-	smísteálaigí	smísteáiltear
smúdáil	smúdálann	smúdáil	smúdálfaidh	smúdáil	smúdáilte	-	smúdálaigí	smúdáiltear
smúr	-	-	-	-	smúrtha	-	-	-
snaidhm	-	-	snaidhmfidh	-	snaidhmthe	-	-	-
snap	-	-	-	-	snaptha	-	-	-
snigeáil	snigeálann	snigeáil	snigeálfaidh	snigeáil	snigeáilte	-	snigeálaigí	snigeáiltear
snigh	-	-	snífidh	sní	snite	-	-	snitear
sniog	-	-	-	-	sniogtha	-	-	-
snoigh	-	-	snoífidh	snoí	snoite	-	-	snoitear
snáith	-	-	snáithfidh	snáthadh	snáite	-	-	snáitear
snámh	-	-	-	snámh	snáfa	-	-	-
sníomh	-	-	-	sníomh	sníofa	-	-	-
snúcaráil	snúcarálann	snúcaráil	snúcarálfaidh	snúcaráil	snúcaráilte	-	snúcarálaigí	snúcaráiltear
socht	-	-	-	-	sochta	-	-	sochtar
socraigh	-	-	socróidh	-	-	-	-	-
soirbhigh	-	-	soirbheoidh	-	-	-	-	-
soiscéalaigh	-	-	soiscéalóidh	-	-	-	-	-
soladaigh	-	-	soladóidh	-	-	-	-	-
soláthair	soláthraíonn	soláthair	soláthróidh	soláthar	soláthartha	-	soláthraígí	soláthraítear
soncáil	soncálann	soncáil	soncálfaidh	soncáil	soncáilte	-	soncálaigí	soncáiltear
sondáil	sondálann	sondáil	sondálfaidh	sondáil	sondáilte	-	sondálaigí	sondáiltear
sonraigh	-	-	sonróidh	-	-	-	-	-
sonrasc	-	-	-	-	sonrasctha	-	-	-
sop	-	-	-	-	soptha	-	-	-
spadhar	spadhrann	spadhar	spadhrfaidh	spadhradh	spadhartha	-	spadhraigí	spadhrtar
spaill	-	-	spaillfidh	-	-	-	-	-
spairn	-	-	spairnfidh	-	spairnthe	-	-	-
spalp	-	-	-	-	spalptha	-	-	-
spamáil	spamálann	spamáil	spamálfaidh	spamáil	spamáilte	-	spamálaigí	spamáiltear
sparr	-	-	-	-	sparrtha	-	-	-
spear	-	-	-	-	speartha	-	-	-
speir	-	-	speirfidh	-	speirthe	-	-	-
spladhsáil	spladhsálann	spladhsáil	spladhsálfaidh	spladhsáil	spladhsáilte	-	spladhsálaigí	spladhsáiltear
splanc	-	-	-	-	splanctha	-	-	-
splancáil	splancálann	splancáil	splancálfaidh	splancáil	splancáilte	-	splancálaigí	splancáiltear
spleantráil	spleantrálann	spleantráil	spleantrálfaidh	spleantráil	spleantráilte	-	spleantrálaigí	spleantráiltear
spor	-	-	-	-	sportha	-	-	-
spotseiceáil	spotseiceálann	spotseiceáil	spotseiceálfaidh	spotseiceáil	spotseiceáilte	-	spotseiceálaigí	spotseiceáiltear
spotáil	spotálann	spotáil	spotálfaidh	spotáil	spotáilte	-	spotálaigí	spotáiltear
spraephéinteáil	spraephéinteálann	spraephéinteáil	spraephéinteálfaidh	spraephéinteáil	spraephéinteáilte	-	spraephéinteálaigí	spraephéinteáiltear
spraeáil	spraeálann	spraeáil	spraeálfaidh	spraeáil	spraeáilte	-	spraeálaigí	spraeáiltear
spreag	-	-	-	-	spreagtha	-	-	-
sprioc	-	-	-	-	sprioctha	-	-	-
spruigeáil	spruigeálann	spruigeáil	spruigeálfaidh	spruigeáil	spruigeáilte	-	spruigeálaigí	spruigeáiltear
spréigh	spréann	spréigh	spréifidh	spré	spréite	-	spréigí	spréitear
sprúill	-	-	sprúillfidh	-	-	-	-	-
spágáil	spágálann	spágáil	spágálfaidh	spágáil	spágáilte	-	spágálaigí	spágáiltear
spáráil	spárálann	spáráil	spárálfaidh	spáráil	spáráilte	-	spárálaigí	spáráiltear
spásáil	spásálann	spásáil	spásálfaidh	spásáil	spásáilte	-	spásálaigí	spásáiltear
spéiceáil	spéiceálann	spéiceáil	spéiceálfaidh	spéiceáil	spéiceáilte	-	spéiceálaigí	spéiceáiltear
spíceáil	spíceálann	spíceáil	spíceálfaidh	spíceáil	spíceáilte	-	spíceálaigí	spíceáiltear
spúinseáil	spúinseálann	spúinseáil	spúinseálfaidh	spúinseáil	spúinseáilte	-	spúinseálaigí	spúinseáiltear
srac	-	-	-	-	sractha	-	-	-
sram	-	-	-	-	sramtha	-	-	-
sraoill	-	-	sraoillfidh	-	-	-	-	-
srathnaigh	-	-	srathnóidh	-	-	-	-	-
sreabh	-	-	-	-	sreafa	-	-	-
sreang	-	-	-	-	sreangtha	-	-	-
sreangtharraing	sreangtharraingíonn	sreangtharraing	sreangtharraingeoidh	sreangtharraingt	sreangtharraingthe	-	sreangtharraingígí	sreangtharraingítear
sroich	-	-	sroichfidh	-	-	-	-	-
sroighill	-	-	sroighillfidh	sroighleadh	-	-	-	-
stad	-	-	-	stad	-	-	-	-
stalc	-	-	-	-	stalctha	-	-	-
stampáil	stampálann	stampáil	stampálfaidh	stampáil	stampáilte	-	stampálaigí	stampáiltear
stang	-	-	-	-	stangtha	-	-	-
steanc	-	-	-	-	steanctha	-	-	-
steiréitíopáil	steiréitíopálann	steiréitíopáil	steiréitíopálfaidh	steiréitíopáil	steiréitíopáilte	-	steiréitíopálaigí	steiréitíopáiltear
stiúg	-	-	-	-	stiúgtha	-	-	-
stiúir	stiúrann	stiúir	stiúrfaidh	-	stiúrtha	-	stiúraigí	stiúrtar
stobh	-	-	-	-	stofa	-	-	-
stocáil	stocálann	stocáil	stocálfaidh	stocáil	stocáilte	-	stocálaigí	stocáiltear
stoith	-	-	stoithfidh	-	stoite	-	-	stoitear
stoithin	stoithníonn	stoithin	stoithneoidh	stoithneadh	stoithinte	-	stoithnígí	stoithnítear
stolp	-	-	-	-	stolptha	-	-	-
stop	-	-	-	-	stoptha	-	-	-
straeáil	straeálann	straeáil	straeálfaidh	straeáil	straeáilte	-	straeálaigí	straeáiltear
straidhneáil	straidhneálann	straidhneáil	straidhneálfaidh	straidhneáil	straidhneáilte	-	straidhneálaigí	straidhneáiltear
straidhpeáil	straidhpeálann	straidhpeáil	straidhpeálfaidh	straidhpeáil	straidhpeáilte	-	straidhpeálaigí	straidhpeáiltear
strapáil	strapálann	strapáil	strapálfaidh	strapáil	strapáilte	-	strapálaigí	strapáiltear
streachail	streachlaíonn	streachail	streachlóidh	streachailt	streachailte	-	streachlaígí	streachlaítear
stroighnigh	-	-	stroighneoidh	-	-	-	-	-
stromp	-	-	-	-	stromptha	-	-	-
struipeáil	struipeálann	struipeáil	struipeálfaidh	struipeáil	struipeáilte	-	struipeálaigí	struipeáiltear
strumáil	strumálann	strumáil	strumálfaidh	strumáil	strumáilte	-	strumálaigí	strumáiltear
stríoc	-	-	-	-	stríoctha	-	-	-
stríocáil	stríocálann	stríocáil	stríocálfaidh	stríocáil	stríocáilte	-	stríocálaigí	stríocáiltear
stróic	-	-	stróicfidh	-	stróicthe	-	-	-
stuc	-	-	-	-	stuctha	-	-	-
stumpáil	stumpálann	stumpáil	stumpálfaidh	stumpáil	stumpáilte	-	stumpálaigí	stumpáiltear
stuáil	stuálann	stuáil	stuálfaidh	stuáil	stuáilte	-	stuálaigí	stuáiltear
stáirseáil	stáirseálann	stáirseáil	stáirseálfaidh	stáirseáil	stáirseáilte	-	stáirseálaigí	stáirseáiltear
stánaigh	-	-	stánóidh	-	-	-	-	-
stánphlátáil	stánphlátálann	stánphlátáil	stánphlátálfaidh	stánphlátáil	stánphlátáilte	-	stánphlátálaigí	stánphlátáiltear
stánáil	stánálann	stánáil	stánálfaidh	stánáil	stánáilte	-	stánálaigí	stánáiltear
stápláil	stáplálann	stápláil	stáplálfaidh	stápláil	stápláilte	-	stáplálaigí	stápláiltear
stíleáil	stíleálann	stíleáil	stíleálfaidh	stíleáil	stíleáilte	-	stíleálaigí	stíleáiltear
stócáil	stócálann	stócáil	stócálfaidh	stócáil	stócáilte	-	stócálaigí	stócáiltear
stóráil	stórálann	stóráil	stórálfaidh	stóráil	stóráilte	-	stórálaigí	stóráiltear
suaith	-	-	suaithfidh	-	suaite	-	-	suaitear
suanbhruith	-	-	suanbhruithfidh	suanbhruith	suanbhruite	-	-	suanbhruitear
substain	-	-	substainfidh	-	-	-	-	-
suigh	-	-	suífidh	suí	suite	-	-	suitear
suimeáil	suimeálann	suimeáil	suimeálfaidh	suimeáil	suimeáilte	-	suimeálaigí	suimeáiltear
suimintigh	-	-	suiminteoidh	-	-	-	-	-
suiteáil	suiteálann	suiteáil	suiteálfaidh	-	-	-	suiteálaigí	-
suncáil	suncálann	suncáil	suncálfaidh	suncáil	suncáilte	-	suncálaigí	suncáiltear
surfáil	surfálann	surfáil	surfálfaidh	surfáil	surfáilte	-	surfálaigí	surfáiltear
sábh	-	-	-	-	sáfa	-	-	-
sábháil	sábhálann	sábháil	sábhálfaidh	sábháil	sábháilte	-	sábhálaigí	sábháiltear
sádráil	sádrálann	sádráil	sádrálfaidh	sádráil	sádráilte	-	sádrálaigí	sádráiltear
sáigh	sánn	sáigh	sáfaidh	sá	sáite	-	sáigí	sáitear
sáithigh	-	-	sáitheoidh	-	-	-	-	-
sáraigh	-	-	sáróidh	-	-	-	-	-
sárthadhaill	sárthadhlaíonn	sárthadhaill	sárthadhlóidh	sárthadhall	sárthadhallta	-	sárthadhlaígí	sárthadhlaítear
sásaigh	-	-	sásóidh	sásamh	-	-	-	-
séamáil	séamálann	séamáil	séamálfaidh	séamáil	séamáilte	-	séamálaigí	séamáiltear
séid	-	-	séidfidh	-	-	-	-	-
séimhigh	-	-	séimheoidh	-	-	-	-	-
síl	-	-	sílfidh	-	-	-	-	-
sín	-	-	sínfidh	-	-	-	-	-
sínigh	-	-	síneoidh	-	-	-	-	-
síob	-	-	-	-	síobtha	-	-	-
síobshiúil	síobshiúlann	síobshiúil	síobshiúlfaidh	síobshiúl	síobshiúlta	-	síobshiúlaigí	síobshiúltar
síog	-	-	-	-	síogtha	-	-	-
síolaigh	-	-	síolóidh	-	-	-	-	-
síolchuir	-	-	síolchuirfidh	síolchur	síolchurtha	-	-	-
síolraigh	-	-	síolróidh	-	-	-	-	-
síonchaith	-	-	síonchaithfidh	síonchaitheamh	síonchaite	-	-	síonchaitear
síothlaigh	-	-	síothlóidh	-	-	-	-	-
sóigh	sónn	sóigh	sófaidh	só	sóite	-	sóigí	sóitear
sóinseáil	sóinseálann	sóinseáil	sóinseálfaidh	sóinseáil	sóinseáilte	-	sóinseálaigí	sóinseáiltear
sórtáil	sórtálann	sórtáil	sórtálfaidh	sórtáil	sórtáilte	-	sórtálaigí	sórtáiltear
sótáil	sótálann	sótáil	sótálfaidh	sótáil	sótáilte	-	sótálaigí	sótáiltear
súigh	súnn	súigh	súfaidh	sú	súite	-	súigí	súitear
súisteáil	súisteálann	súisteáil	súisteálfaidh	súisteáil	súisteáilte	-	súisteálaigí	súisteáiltear
súraic	súraicíonn	súraic	súraiceoidh	súrac	súraicthe	-	súraicígí	súraicítear
tabhaigh	-	-	tabhóidh	-	-	-	-	-
tabhair	tugann	tug	tabharfaidh	tabhairt	tugtha	-	tugaigí	tugtar
tacaigh	-	-	tacóidh	-	-	-	-	-
tacair	tacraíonn	tacair	tacróidh	tacar	tacartha	-	tacraígí	tacraítear
tacht	-	-	-	-	tachta	-	-	tachtar
tacmhaing	tacmhaingíonn	tacmhaing	tacmhaingeoidh	tacmhang	tacmhaingthe	-	tacmhaingígí	tacmhaingítear
tadhaill	tadhlaíonn	tadhaill	tadhlóidh	tadhall	tadhallta	-	tadhlaígí	tadhlaítear
tafainn	tafnaíonn	tafainn	tafnóidh	tafann	tafannta	-	tafnaígí	tafnaítear
tagair	tagraíonn	tagair	tagróidh	tagairt	tagartha	-	tagraígí	tagraítear
tagarmharcáil	tagarmharcálann	tagarmharcáil	tagarmharcálfaidh	tagarmharcáil	tagarmharcáilte	-	tagarmharcálaigí	tagarmharcáiltear
taibhrigh	-	-	taibhreoidh	-	-	-	-	-
taibhsigh	-	-	taibhseoidh	-	-	-	-	-
taicleáil	taicleálann	taicleáil	taicleálfaidh	taicleáil	taicleáilte	-	taicleálaigí	taicleáiltear
taifigh	-	-	taifeoidh	taifeach	-	-	-	-
taighid	taighdeann	taighid	taighdfidh	taighde	taighdte	-	taighdigí	taighdtear
tairg	-	-	tairgfidh	tairiscint	tairgthe	-	-	-
tairis	-	-	tairisfidh	tairiseamh	-	-	-	-
tairneáil	tairneálann	tairneáil	tairneálfaidh	tairneáil	tairneáilte	-	tairneálaigí	tairneáiltear
tairngir	tairngríonn	tairngir	tairngreoidh	-	-	-	tairngrígí	tairngrítear
taisc	-	-	taiscfidh	-	taiscthe	-	-	-
taisealbh	-	-	-	-	taisealfa	-	-	-
taispeáin	taispeánann	taispeáin	taispeánfaidh	taispeáint	taispeánta	-	taispeánaigí	taispeántar
taistil	taistealaíonn	taistil	taistealóidh	taisteal	taistealta	-	taistealaígí	taistealaítear
taithigh	-	-	taitheoidh	taithí	-	-	-	-
taithmhigh	-	-	-	taithmheach	-	-	-	-
taitin	taitníonn	taitin	taitneoidh	taitneamh	taitnithe	-	taitnígí	taitnítear
talmhaigh	-	-	talmhóidh	-	-	-	-	-
tamhain	tamhnann	tamhain	tamhnfaidh	tamhnadh	tamhanta	-	tamhnaigí	tamhntar
taobhaigh	-	-	taobhóidh	-	-	-	-	-
taom	-	-	-	-	taomtha	-	-	-
taosc	-	-	-	-	taosctha	-	-	-
tapaigh	-	-	tapóidh	-	-	-	-	-
tapáil	tapálann	tapáil	tapálfaidh	tapáil	tapáilte	-	tapálaigí	tapáiltear
tar	tagann	táinig	tiocfaidh	teacht	tagtha	-	tagaigí	tagtar
tarchuir	-	-	tarchuirfidh	tarchur	tarchurtha	-	-	-
tarfhuaigh	tarfhuann	tarfhuaigh	tarfhuafaidh	tarfhuáil	tarfhuaite	-	tarfhuaigí	tarfhuaitear
tarlaigh	-	tarla	tarlóidh	-	-	-	-	-
tarmlig	-	-	tarmligfidh	tarmligean	tarmligthe	-	-	-
tarraing	tarraingíonn	tarraing	tarraingeoidh	tarraingt	tarraingthe	-	tarraingígí	tarraingítear
tarrtháil	tarrthálann	tarrtháil	tarrthálfaidh	tarrtháil	tarrtháilte	-	tarrthálaigí	tarrtháiltear
tarráil	tarrálann	tarráil	tarrálfaidh	tarráil	tarráilte	-	tarrálaigí	tarráiltear
tarscaoil	-	-	tarscaoilfidh	-	-	-	-	-
tathantaigh	-	-	-	tathant	-	-	-	-
tathaoir	-	-	tathaoirfidh	tathaoir	tathaoirthe	-	-	-
tatuáil	tatuálann	tatuáil	tatuálfaidh	tatuáil	tatuáilte	-	tatuálaigí	tatuáiltear
teacht	-	-	-	-	teachta	-	-	teachtar
teagasc	-	-	-	teagasc	teagasctha	-	-	-
teagmhaigh	-	-	-	teagmháil	-	-	-	-
teangaigh	-	-	teangóidh	-	-	-	-	-
teasairg	teasargann	teasairg	teasargfaidh	teasargan	teasairgthe	-	teasargaigí	teasargtar
teasc	-	-	-	-	teasctha	-	-	-
teastaigh	-	-	teastóidh	teastáil	-	-	-	-
teibigh	-	-	teibeoidh	-	-	-	-	-
teilg	-	-	teilgfidh	teilgean	teilgthe	-	-	-
teinn	-	-	teinnfidh	-	-	-	-	-
teip	-	-	teipfidh	teip	teipthe	-	-	-
teisteáil	teisteálann	teisteáil	teisteálfaidh	teisteáil	teisteáilte	-	teisteálaigí	teisteáiltear
teith	-	-	teithfidh	-	teite	-	-	teitear
teorannaigh	-	-	teorannóidh	-	-	-	-	-
tiarnaigh	-	-	tiarnóidh	-	-	-	-	-
tibh	-	-	tibhfidh	-	tife	-	-	-
ticeáil	ticeálann	ticeáil	ticeálfaidh	ticeáil	ticeáilte	-	ticeálaigí	ticeáiltear
til	-	-	tilfidh	-	-	-	-	-
timfhill	-	-	timfhillfidh	-	-	-	-	-
timpeallghearr	-	-	-	-	timpeallghearrtha	-	-	-
tiomain	tiomnann	tiomain	tiomanfaidh	tiomaint	tiomanta	-	tiomnaigí	tiomantar
tiomairg	tiomargann	tiomairg	tiomargfaidh	tiomargadh	tiomargtha	-	tiomargaigí	tiomargtar
tiomnaigh	-	-	tiomnóidh	-	-	-	-	-
tiompáil	tiompálann	tiompáil	tiompálfaidh	tiompáil	tiompáilte	-	tiompálaigí	tiompáiltear
tiomsaigh	-	-	tiomsóidh	-	-	-	-	-
tiomáin	-	-	tiomáinfidh	tiomáint	-	-	-	-
tionlaic	tionlacann	tionlaic	tionlacfaidh	tionlacan	tionlactha	-	tionlacaigí	tionlactar
tionnabhair	tionnabhraíonn	tionnabhair	tionnabhróidh	tionnabhradh	tionnabhartha	-	tionnabhraígí	tionnabhraítear
tionscain	tionscnaíonn	tionscain	tionscnóidh	tionscnamh	tionscanta	-	tionscnaígí	tionscnaítear
tiontaigh	-	-	tiontóidh	-	-	-	-	-
tionóil	tionólann	tionóil	tionólfaidh	tionól	tionólta	-	tionólaigí	tionóltar
tipeáil	tipeálann	tipeáil	tipeálfaidh	tipeáil	tipeáilte	-	tipeálaigí	tipeáiltear
tit	-	-	titfidh	titim	tite	-	-	titear
tiubhaigh	-	-	tiubhóidh	tiúchan	-	-	-	-
tiúin	tiúnann	tiúin	tiúnfaidh	tiúnadh	tiúnta	-	tiúnaigí	tiúntar
tlúáil	tlúálann	tlúáil	tlúálfaidh	tlúáil	tlúáilte	-	tlúálaigí	tlúáiltear
tnáith	-	-	tnáithfidh	-	tnáite	-	-	tnáitear
tnúth	-	-	-	tnúth	tnúite	-	-	tnútar
tobchlis	-	-	tobchlisfidh	-	-	-	-	-
tochail	tochlaíonn	tochail	tochlóidh	tochailt	tochailte	-	tochlaígí	tochlaítear
tochais	tochasann	tochais	tochasfaidh	tochas	tochasta	-	tochasaigí	tochastar
tochrais	-	-	tochraisfidh	tochras	-	-	-	-
tochsail	tochslaíonn	tochsail	tochslóidh	tochsal	tochsailte	-	tochslaígí	tochslaítear
togair	tograíonn	togair	togróidh	togradh	togartha	-	tograígí	tograítear
togh	-	-	-	-	tofa	-	-	-
toghail	toghlann	toghail	toghlfaidh	toghail	toghalta	-	toghlaigí	toghltar
toghair	-	-	toghairfidh	toghairm	toghairthe	-	-	-
toghluais	-	-	toghluaisfidh	toghluasacht	-	-	-	-
toibhigh	-	-	-	tobhach	-	-	-	-
toiligh	-	-	toileoidh	-	-	-	-	-
toill	-	-	toillfidh	-	-	-	-	-
toirbhir	toirbhríonn	toirbhir	toirbhreoidh	toirbhirt	toirbheartha	-	toirbhrígí	toirbhrítear
toirchigh	-	-	toircheoidh	-	-	-	-	-
toirmisc	toirmeascann	toirmisc	toirmeascfaidh	toirmeasc	toirmiscthe	-	-	-
toirtmheasc	-	-	-	-	toirtmheasctha	-	-	-
toisigh	-	-	toiseoidh	-	-	-	-	-
tolg	-	-	-	-	tolgtha	-	-	-
tomhaidhm	tomhadhmann	tomhaidhm	tomhadhmfaidh	tomhaidhm	tomhadhmtha	-	tomhadhmaigí	tomhadhmtar
tomhail	tomhlaíonn	tomhail	tomhlóidh	tomhailt	tomhailte	-	tomhlaígí	tomhlaítear
tomhais	-	-	tomhaisfidh	tomhas	-	-	-	-
tonach	-	-	-	tonach	-	-	-	-
tonnchrith	-	-	tonnchrithfidh	tonnchrith	tonnchrite	-	-	tonnchritear
torchair	torchraíonn	torchair	torchróidh	torchra	torchartha	-	torchraígí	torchraítear
tornáil	tornálann	tornáil	tornálfaidh	tornáil	tornáilte	-	tornálaigí	tornáiltear
tosaigh	-	-	tosóidh	-	-	-	-	-
tost	-	-	-	tost	tosta	-	-	tostar
tosáil	tosálann	tosáil	tosálfaidh	tosáil	tosáilte	-	tosálaigí	tosáiltear
traenáil	traenálann	traenáil	traenálfaidh	traenáil	traenáilte	-	traenálaigí	traenáiltear
traiceáil	traiceálann	traiceáil	traiceálfaidh	traiceáil	traiceáilte	-	traiceálaigí	traiceáiltear
trampáil	trampálann	trampáil	trampálfaidh	trampáil	trampáilte	-	trampálaigí	trampáiltear
traoith	-	-	traoithfidh	-	traoite	-	-	traoitear
traost	-	-	-	-	traosta	-	-	traostar
traschuir	-	-	traschuirfidh	traschur	traschurtha	-	-	-
trasfhoirmigh	-	-	trasfhoirmeoidh	-	-	-	-	-
trasuigh	-	-	trasuífidh	trasuí	trasuite	-	-	trasuitear
treabh	-	-	-	-	treafa	-	-	-
treapáin	treapánann	treapáin	treapánfaidh	treapánadh	treapánta	-	treapánaigí	treapántar
treascair	treascraíonn	treascair	treascróidh	treascairt	treascartha	-	-	-
treisigh	-	-	treiseoidh	-	-	-	-	-
treochtáil	treochtálann	treochtáil	treochtálfaidh	treochtáil	treochtáilte	-	treochtálaigí	treochtáiltear
treoraigh	-	-	treoróidh	-	-	-	-	-
treoráil	treorálann	treoráil	treorálfaidh	treoráil	treoráilte	-	treorálaigí	treoráiltear
treoshuigh	-	-	treoshuífidh	treoshuí	treoshuite	-	-	treoshuitear
treáigh	treánn	treáigh	treáfaidh	treá	treáite	-	treáigí	treáitear
triail	-	-	triailfidh	triail	-	-	-	-
triall	-	-	-	triall	-	-	-	-
triantánaigh	-	-	triantánóidh	-	-	-	-	-
trimeáil	trimeálann	trimeáil	trimeálfaidh	trimeáil	trimeáilte	-	trimeálaigí	trimeáiltear
trinseáil	trinseálann	trinseáil	trinseálfaidh	trinseáil	trinseáilte	-	trinseálaigí	trinseáiltear
triomaigh	-	-	triomóidh	-	-	-	-	-
triosc	-	-	-	triosc	triosctha	-	-	-
triáiseáil	triáiseálann	triáiseáil	triáiseálfaidh	triáiseáil	triáiseáilte	-	triáiseálaigí	triáiseáiltear
troid	-	-	troidfidh	troid	-	-	-	-
troisc	-	-	troiscfidh	troscadh	troiscthe	-	-	-
troitheánaigh	-	-	troitheánóidh	-	-	-	-	-
truaigh	truann	truaigh	truafaidh	trua	truaite	-	truaigí	truaitear
truailligh	-	-	truailleoidh	-	-	-	-	-
truaillmheasc	-	-	-	-	truaillmheasctha	-	-	-
truipeáil	truipeálann	truipeáil	truipeálfaidh	truipeáil	truipeáilte	-	truipeálaigí	truipeáiltear
truncáil	truncálann	truncáil	truncálfaidh	truncáil	truncáilte	-	truncálaigí	truncáiltear
trust	-	-	-	trust	trusta	-	-	trustar
trusáil	trusálann	trusáil	trusálfaidh	trusáil	trusáilte	-	trusálaigí	trusáiltear
trácht	-	-	-	trácht	tráchta	-	-	tráchtar
trádmharcáil	trádmharcálann	trádmharcáil	trádmharcálfaidh	trádmharcáil	trádmharcáilte	-	trádmharcálaigí	trádmharcáiltear
trádáil	trádálann	trádáil	trádálfaidh	trádáil	trádáilte	-	trádálaigí	trádáiltear
tráigh	tránn	tráigh	tráfaidh	trá	tráite	-	tráigí	tráitear
trátháil	tráthálann	trátháil	tráthálfaidh	trátháil	trátháilte	-	tráthálaigí	trátháiltear
tréig	-	-	tréigfidh	tréigean	tréigthe	-	-	-
tréthál	-	-	-	tréthál	-	-	-	-
tríroinn	-	-	tríroinnfidh	tríroinnt	-	-	-	-
tuaigh	tuann	tuaigh	tuafaidh	tua	tuaite	-	tuaigí	tuaitear
tuairteáil	tuairteálann	tuairteáil	tuairteálfaidh	tuairteáil	tuairteáilte	-	tuairteálaigí	tuairteáiltear
tuar	-	-	-	tuar	tuartha	-	-	-
tuargain	tuargnaíonn	tuargain	tuargnóidh	tuargaint	tuargainte	-	tuargnaígí	tuargnaítear
tuaslaig	tuaslagann	tuaslaig	tuaslagfaidh	tuaslagadh	tuaslagtha	-	tuaslagaigí	tuaslagtar
tubh	-	-	-	tubha	tufa	-	-	-
tuig	-	-	tuigfidh	tuiscint	tuigthe	-	-	-
tuil	-	-	tuilfidh	tuile	-	-	-	-
tuill	-	-	tuillfidh	tuilleamh	-	-	-	-
tuirling	tuirlingíonn	tuirling	tuirlingeoidh	tuirlingt	tuirlingthe	-	tuirlingígí	tuirlingítear
tuirsigh	-	-	tuirseoidh	-	-	-	-	-
tuisligh	-	-	tuisleoidh	-	-	-	-	-
tuismigh	-	-	tuismeoidh	-	-	-	-	-
tultit	-	-	tultitfidh	tultitim	tultite	-	-	tultitear
tum	-	-	-	-	tumtha	-	-	-
tvuíteáil	tvuíteálann	tvuíteáil	tvuíteálfaidh	tvuíteáil	tvuíteáilte	-	tvuíteálaigí	tvuíteáiltear
tácláil	táclálann	tácláil	táclálfaidh	tácláil	tácláilte	-	táclálaigí	tácláiltear
táinsigh	-	-	-	táinseamh	-	-	-	-
táir	-	-	táirfidh	-	táirthe	-	-	-
táirg	-	-	táirgfidh	-	táirgthe	-	-	-
tál	-	-	-	tál	-	-	-	-
támáil	támálann	támáil	támálfaidh	támáil	támáilte	-	támálaigí	támáiltear
tástáil	tástálann	tástáil	tástálfaidh	tástáil	tástáilte	-	tástálaigí	tástáiltear
táthaigh	-	-	táthóidh	-	-	-	-	-
téacht	-	-	-	-	téachta	-	-	téachtar
téacsáil	téacsálann	téacsáil	téacsálfaidh	téacsáil	téacsáilte	-	téacsálaigí	téacsáiltear
téaltaigh	-	-	téaltóidh	-	-	-	-	-
téarnaigh	-	-	-	téarnamh	-	-	-	-
téigh	téann	cuaigh	rachaidh	dul	-	-	téigí	téitear
téipeáil	téipeálann	téipeáil	téipeálfaidh	téipeáil	téipeáilte	-	téipeálaigí	téipeáiltear
tíolaic	tíolacann	tíolaic	tíolacfaidh	tíolacadh	tíolactha	-	tíolacaigí	tíolactar
tíoptheilg	-	-	tíoptheilgfidh	tíoptheilgean	tíoptheilgthe	-	-	-
tíopáil	tíopálann	tíopáil	tíopálfaidh	tíopáil	tíopáilte	-	tíopálaigí	tíopáiltear
tíor	-	-	-	-	tíortha	-	-	-
tíáil	tíálann	tíáil	tíálfaidh	tíáil	tíáilte	-	tíálaigí	tíáiltear
tóch	-	-	-	tóch	-	-	-	-
tóg	-	-	-	tógáil	tógtha	-	-	-
tóraigh	-	-	tóróidh	tóraíocht	-	-	-	-
tórraigh	-	-	-	tórramh	-	-	-	-
tóstáil	tóstálann	tóstáil	tóstálfaidh	tóstáil	tóstáilte	-	tóstálaigí	tóstáiltear
túsaigh	-	-	túsóidh	-	-	-	-	-
uaim	uamann	uaim	uamfaidh	uamadh	uamtha	-	uamaigí	uamtar
uasghrádaigh	-	-	uasghrádóidh	-	-	-	-	-
uaslódáil	uaslódálann	uaslódáil	uaslódálfaidh	uaslódáil	uaslódáilte	-	uaslódálaigí	uaslódáiltear
ubhsceith	-	-	ubhsceithfidh	-	ubhsceite	-	-	ubhsceitear
uchtaigh	-	-	uchtóidh	-	-	-	-	-
uchtáil	uchtálann	uchtáil	uchtálfaidh	uchtáil	uchtáilte	-	uchtálaigí	uchtáiltear
uirísligh	-	-	uirísleoidh	-	-	-	-	-
uiscigh	-	-	uisceoidh	-	-	-	-	-
ullmhaigh	-	-	ullmhóidh	-	-	-	-	-
umhlaigh	-	-	umhlóidh	-	-	-	-	-
ung	-	-	-	-	ungtha	-	-	-
uraigh	-	-	uróidh	-	-	-	-	-
urbhac	-	-	-	urbhac	urbhactha	-	-	-
urbhruith	-	-	urbhruithfidh	urbhruith	urbhruite	-	-	urbhruitear
urchoill	-	-	urchoillfidh	-	-	-	-	-
urchoisc	-	-	urchoiscfidh	urchosc	urchoiscthe	-	-	-
urghabh	-	-	-	urghabháil	urghafa	-	-	-
urghair	-	-	urghairfidh	urghaire	urghairthe	-	-	-
urlaic	urlacann	urlaic	urlacfaidh	urlacan	urlactha	-	urlacaigí	urlactar
urmhais	-	-	urmhaisfidh	urmhaise	-	-	-	-
urraigh	-	-	urróidh	-	-	-	-	-
urscaoil	-	-	urscaoilfidh	-	-	-	-	-
urscart	-	-	-	-	urscarta	-	-	urscartar
vacsaínigh	-	-	vacsaíneoidh	-	-	-	-	-
válsáil	válsálann	válsáil	válsálfaidh	válsáil	válsáilte	-	válsálaigí	válsáiltear
vótáil	vótálann	vótáil	vótálfaidh	vótáil	vótáilte	-	vótálaigí	vótáiltear
zipeáil	zipeálann	zipeáil	zipeálfaidh	zipeáil	zipeáilte	-	zipeálaigí	zipeáiltear
zónáil	zónálann	zónáil	zónálfaidh	zónáil	zónáilte	-	zónálaigí	zónáiltear
zúmáil	zúmálann	zúmáil	zúmálfaidh	zúmáil	zúmáilte	-	zúmálaigí	zúmáiltear
áil	-	-	áilfidh	áil	-	-	-	-
áirigh	-	-	áireoidh	áireamh	-	-	-	-
áitigh	-	-	áiteoidh	-	-	-	-	-
ársaigh	-	-	ársóidh	-	-	-	-	-
éadaigh	-	-	éadóidh	-	-	-	-	-
éadlúthaigh	-	-	-	-	éadlúite	-	-	-
éag	-	-	-	éag	éagtha	-	-	-
éagaoin	-	-	éagaoinfidh	-	-	-	-	-
éagnaigh	-	-	éagnóidh	-	-	-	-	-
éagothromaigh	-	-	éagothromóidh	-	-	-	-	-
éalaigh	-	-	éalóidh	-	-	-	-	-
éar	-	-	-	-	éartha	-	-	-
éascaigh	-	-	éascóidh	-	-	-	-	-
éidigh	-	-	éideoidh	-	-	-	-	-
éigh	éann	-	éifidh	éamh	-	-	-	-
éignigh	-	-	éigneoidh	-	-	-	-	-
éiligh	-	-	éileoidh	éileamh	-	-	-	-
éilligh	-	-	éilleoidh	-	-	-	-	-
éirigh	-	-	éireoidh	éirí	-	-	-	-
éist	-	-	éistfidh	éisteacht	éiste	-	-	éistear
íleáil	íleálann	íleáil	íleálfaidh	híleáil	híleáilte	-	íleálaigí	íleáiltear
íobair	íobraíonn	íobair	íobróidh	íobairt	íobartha	-	íobraígí	íobraítear
íoc	-	-	-	íoc	íoctha	-	-	-
íoschéimnigh	-	-	íoschéimneoidh	-	-	-	-	-
íosghrádaigh	-	-	íosghrádóidh	-	-	-	-	-
íoslódáil	íoslódálann	íoslódáil	íoslódálfaidh	íoslódáil	íoslódáilte	-	íoslódálaigí	íoslódáiltear
íosnasc	-	-	-	-	íosnasctha	-	-	-
íospair	íospraíonn	íospair	íospróidh	íospairt	íospartha	-	íospraígí	íospraítear
ísligh	-	-	ísleoidh	-	-	-	-	-
ócáidigh	-	-	ócáideoidh	-	-	-	-	-
ól	-	-	-	ól	-	-	-	-
órphlátáil	órphlátálann	órphlátáil	órphlátálfaidh	órphlátáil	órphlátáilte	-	órphlátálaigí	órphlátáiltear
óstáil	óstálann	óstáil	óstálfaidh	óstáil	óstáilte	-	óstálaigí	óstáiltear
úim	úmann	úim	úmfaidh	úmadh	úmtha	-	úmaigí	úmtar
úraigh	-	-	úróidh	-	-	-	-	-
úsc	-	-	-	-	úsctha	-	-	-
úsáid	-	-	úsáidfidh	úsáid	-	-	-	-
