# Catalan irregular verbs — mined from FreeLing gold. Base lemmas;
# prefixed derivatives match by suffix unless the base is exact (col 10).
# Regenerate: python3 scripts/cat/mine_verbs.py
# lemma	pres	impf	pret	subjpres	subjimpf	fut_stem	pp	ger	imp2	exact	ppf	imp2pl
abduir	abdueixo,abdueixes,abdueix,abduïm,abduïu,abdueixen	abduïa,abduïes,abduïa,abduíem,abduíeu,abduïen	abduí,abduïres,abduí,abduírem,abduíreu,abduïren	abdueixi,abdueixis,abdueixi,abduïm,abduïu,abdueixin	abduís,abduïssis,abduís,abduíssim,abduíssiu,abduïssin	abduir	abduït	abduint	abdueix	-	abduïda	abduïu
aboiar	aboio,aboies,aboia,aboiem,aboieu,aboien	aboiava,aboiaves,aboiava,aboiàvem,aboiàveu,aboiaven	aboí,aboiares,aboià,aboiàrem,aboiàreu,aboiaren	aboï,aboïs,aboï,aboiem,aboieu,aboïn	aboiés,aboiesses,aboiés,aboiéssem,aboiésseu,aboiessen	aboiar	aboiat	aboiant	aboia	-	aboiada	aboieu
absoldre	absolc,absols,absol,absolem,absoleu,absolen	absolia,absolies,absolia,absolíem,absolíeu,absolien	absolguí,absolgueres,absolgué,absolguérem,absolguéreu,absolgueren	absolgui,absolguis,absolgui,absolguem,absolgueu,absolguin	absolgués,absolguessis,absolgués,absolguéssim,absolguéssiu,absolguessin	absoldr	absolt	absolent	absol	1	absolta	absoleu
abstenir	abstinc,abstens,absté,abstenim,absteniu,abstenen	abstenia,abstenies,abstenia,absteníem,absteníeu,abstenien	abstinguí,abstingueres,abstingué,abstinguérem,abstinguéreu,abstingueren	abstingui,abstinguis,abstingui,abstinguem,abstingueu,abstinguin	abstingués,abstinguesses,abstingués,abstinguéssem,abstinguésseu,abstinguessen	abstindr	abstingut	abstenint	abstingues	-	abstinguda	absteniu
abstergir	abstergeixo,abstergeixes,abstergeix,abstergim,abstergiu,abstergeixen	abstergia,abstergies,abstergia,abstergíem,abstergíeu,abstergien	abstergí,abstergires,abstergí,abstergírem,abstergíreu,abstergiren	abstergeixi,abstergeixis,abstergeixi,abstergim,abstergiu,abstergeixin	abstergís,abstergisses,abstergís,abstergíssem,abstergísseu,abstergissen	abstergir	abstergit	abstergint	abstergeix	-	abstergida	abstergiu
abstreure	abstrac,abstraus,abstrau,abstraiem,abstraieu,abstrauen	abstreia,abstreies,abstreia,abstrèiem,abstrèieu,abstreien	abstraguí,abstragueres,abstragué,abstraguérem,abstraguéreu,abstragueren	abstregui,abstreguis,abstregui,abstraguem,abstragueu,abstreguin	abstragués,abstraguessis,abstragués,abstraguéssim,abstraguéssiu,abstraguessin	abstraur	abstret	abstraient	abstrau	-	abstreta	abstraieu
aclameir	aclameeixo,aclameeixes,aclameeix,aclameïm,aclameïu,aclameeixen	aclameïa,aclameïes,aclameïa,aclameíem,aclameíeu,aclameïen	aclameí,aclameïres,aclameí,aclameírem,aclameíreu,aclameïren	aclameeixi,aclameeixis,aclameeixi,aclameïm,aclameïu,aclameeixin	aclameís,aclameïsses,aclameís,aclameíssem,aclameísseu,aclameïssen	aclameir	aclameït	aclameint	aclameeix	-	aclameïda	aclameïu
acollir	acullo,aculls,acull,acollim,acolliu,acullen	acollia,acollies,acollia,acollíem,acollíeu,acollien	acollí,acollires,acollí,acollírem,acollíreu,acolliren	aculli,acullis,aculli,acollim,acolliu,acullin	acollís,acollissis,acollís,acollíssim,acollíssiu,acollissin	acollir	acollit	acollint	acull	1	acollida	acolliu
acomboiar	acomboio,acomboies,acomboia,acomboiem,acomboieu,acomboien	acomboiava,acomboiaves,acomboiava,acomboiàvem,acomboiàveu,acomboiaven	acomboí,acomboiares,acomboià,acomboiàrem,acomboiàreu,acomboiaren	acomboï,acomboïs,acomboï,acomboiem,acomboieu,acomboïn	acomboiés,acomboiesses,acomboiés,acomboiéssem,acomboiésseu,acomboiessen	acomboiar	acomboiat	acomboiant	acomboia	-	acomboiada	acomboieu
acomplir	acompleixo,acompleixes,acompleix,acomplim,acompliu,acompleixen	acomplia,acomplies,acomplia,acomplíem,acomplíeu,acomplien	acomplí,acomplires,acomplí,acomplírem,acomplíreu,acompliren	acompleixi,acompleixis,acompleixi,acomplim,acompliu,acompleixin	acomplís,acomplissis,acomplís,acomplíssim,acomplíssiu,acomplissin	acomplir	acomplert	acomplint	acompleix	-	acomplerta	acompliu
aconduir	acondueixo,acondueixes,acondueix,aconduïm,aconduïu,acondueixen	aconduïa,aconduïes,aconduïa,aconduíem,aconduíeu,aconduïen	aconduí,aconduïres,aconduí,aconduírem,aconduíreu,aconduïren	acondueixi,acondueixis,acondueixi,aconduïm,aconduïu,acondueixin	aconduís,aconduïsses,aconduís,aconduíssem,aconduísseu,aconduïssen	aconduir	aconduït	aconduint	acondueix	-	aconduïda	aconduïu
aconseguir	aconsegueixo,aconsegueixes,aconsegueix,aconseguim,aconseguiu,aconsegueixen	aconseguia,aconseguies,aconseguia,aconseguíem,aconseguíeu,aconseguien	aconseguí,aconseguires,aconseguí,aconseguírem,aconseguíreu,aconseguiren	aconsegueixi,aconsegueixis,aconsegueixi,aconseguim,aconseguiu,aconsegueixin	aconseguís,aconseguissis,aconseguís,aconseguíssim,aconseguíssiu,aconseguissin	aconseguir	aconseguit	aconseguint	aconsegueix	-	aconseguida	aconseguiu
acórrer	acorro,acorres,acorre,acorrem,acorreu,acorren	acorria,acorries,acorria,acorríem,acorríeu,acorrien	acorreguí,acorregueres,acorregué,acorreguérem,acorreguéreu,acorregueren	acorri,acorris,acorri,acorreguem,acorregueu,acorrin	acorregués,acorreguessis,acorregués,acorreguéssim,acorreguéssiu,acorreguessin	acorrer	acorregut	acorrent	acorre	-	acorreguda	acorreu
adduir	addueixo,addueixes,addueix,adduïm,adduïu,addueixen	adduïa,adduïes,adduïa,adduíem,adduíeu,adduïen	adduí,adduïres,adduí,adduírem,adduíreu,adduïren	addueixi,addueixis,addueixi,adduïm,adduïu,addueixin	adduís,adduïssis,adduís,adduíssim,adduíssiu,adduïssin	adduir	adduït	adduint	addueix	-	adduïda	adduïu
adir	adic,adius,adiu,adiem,adieu,adiuen	adeia,adeies,adeia,adèiem,adèieu,adeien	adiguí,adigueres,adigué,adiguérem,adiguéreu,adigueren	adigui,adiguis,adigui,adiguem,adigueu,adiguin	adigués,adiguesses,adigués,adiguéssem,adiguésseu,adiguessen	adir	adit	adient	adigues	1	adita	adigueu
admetre	admeto,admets,admet,admetem,admeteu,admeten	admetia,admeties,admetia,admetíem,admetíeu,admetien	admetí,admeteres,admeté,admetérem,admetéreu,admeteren	admeti,admetis,admeti,admetem,admeteu,admetin	admetés,admetessis,admetés,admetéssim,admetéssiu,admetessin	admetr	admès	admetent	admet	-	admesa	admeteu
adscriure	adscric,adscrius,adscriu,adscrivim,adscriviu,adscriuen	adscrivia,adscrivies,adscrivia,adscrivíem,adscrivíeu,adscrivien	adscriguí,adscrigueres,adscrigué,adscriguérem,adscriguéreu,adscrigueren	adscrigui,adscriguis,adscrigui,adscriguem,adscrigueu,adscriguin	adscrigués,adscriguessis,adscrigués,adscriguéssim,adscriguéssiu,adscriguessin	adscriur	adscrit	adscrivint	adscriu	-	adscrita	adscriviu
advenir	advinc,advens,advé,advenim,adveniu,advenen	advenia,advenies,advenia,adveníem,adveníeu,advenien	advinguí,advingueres,advingué,advinguérem,advinguéreu,advingueren	advingui,advinguis,advingui,advinguem,advingueu,advinguin	advingués,advinguessis,advingués,advinguéssim,advinguéssiu,advinguessin	advindr	advingut	advenint	advén	-	advinguda	adveniu
afegir	afegeixo,afegeixes,afegeix,afegim,afegiu,afegeixen	afegia,afegies,afegia,afegíem,afegíeu,afegien	afegí,afegires,afegí,afegírem,afegíreu,afegiren	afegeixi,afegeixis,afegeixi,afegim,afegiu,afegeixin	afegís,afegissis,afegís,afegíssim,afegíssiu,afegissin	afegir	afegit	afegint	afegeix	1	afegida	afegiu
aflaquir	aflaqueixo,aflaqueixes,aflaqueix,aflaquim,aflaquiu,aflaqueixen	aflaquia,aflaquies,aflaquia,aflaquíem,aflaquíeu,aflaquien	aflaquí,aflaquires,aflaquí,aflaquírem,aflaquíreu,aflaquiren	aflaqueixi,aflaqueixis,aflaqueixi,aflaquim,aflaquiu,aflaqueixin	aflaquís,aflaquisses,aflaquís,aflaquíssem,aflaquísseu,aflaquissen	aflaquir	aflaquit	aflaquint	aflaqueix	-	aflaquida	aflaquiu
afligir	afligeixo,afligeixes,afligeix,afligim,afligiu,afligeixen	afligia,afligies,afligia,afligíem,afligíeu,afligien	afligí,afligires,afligí,afligírem,afligíreu,afligiren	afligeixi,afligeixis,afligeixi,afligim,afligiu,afligeixin	afligís,afligissis,afligís,afligíssim,afligíssiu,afligissin	afligir	afligit	afligint	afligeix	-	afligida	afligiu
afluir	aflueixo,aflueixes,aflueix,afluïm,afluïu,aflueixen	afluïa,afluïes,afluïa,afluíem,afluíeu,afluïen	afluí,afluïres,afluí,afluírem,afluíreu,afluïren	aflueixi,aflueixis,aflueixi,afluïm,afluïu,aflueixin	afluís,afluïsses,afluís,afluíssem,afluísseu,afluïssen	afluir	afluït	afluint	aflueix	-	afluïda	afluïu
afranquir	afranqueixo,afranqueixes,afranqueix,afranquim,afranquiu,afranqueixen	afranquia,afranquies,afranquia,afranquíem,afranquíeu,afranquien	afranquí,afranquires,afranquí,afranquírem,afranquíreu,afranquiren	afranqueixi,afranqueixis,afranqueixi,afranquim,afranquiu,afranqueixin	afranquís,afranquisses,afranquís,afranquíssem,afranquísseu,afranquissen	afranquir	afranquit	afranquint	afranqueix	-	afranquida	afranquiu
agomboiar	agomboio,agomboies,agomboia,agomboiem,agomboieu,agomboien	agomboiava,agomboiaves,agomboiava,agomboiàvem,agomboiàveu,agomboiaven	agomboí,agomboiares,agomboià,agomboiàrem,agomboiàreu,agomboiaren	agomboï,agomboïs,agomboï,agomboiem,agomboieu,agomboïn	agomboiés,agomboiesses,agomboiés,agomboiéssem,agomboiésseu,agomboiessen	agomboiar	agomboiat	agomboiant	agomboia	-	agomboiada	agomboieu
agrair	agraeixo,agraeixes,agraeix,agraïm,agraïu,agraeixen	agraïa,agraïes,agraïa,agraíem,agraíeu,agraïen	agraí,agraïres,agraí,agraírem,agraíreu,agraïren	agraeixi,agraeixis,agraeixi,agraïm,agraïu,agraeixin	agraís,agraïssis,agraís,agraíssim,agraíssiu,agraïssin	agrair	agraït	agraint	agraeix	1	agraïda	agraïu
aguar	aguo,agües,agua,agüem,agüeu,agüen	aguava,aguaves,aguava,aguàvem,aguàveu,aguaven	agüí,aguares,aguà,aguàrem,aguàreu,aguaren	aguï,aguïs,aguï,agüem,agüeu,aguïn	agüés,agüessis,agüés,agüéssim,agüéssiu,agüessin	aguar	aguat	aguant	agua	-	aguada	agüeu
anar	vaig,vares,va,anem,aneu,van	anava,anaves,anava,anàvem,anàveu,anaven	aní,anares,anà,anàrem,anàreu,anaren	vagi,vagis,vagi,anem,aneu,vagin	anés,anessis,anés,anéssim,anéssiu,anessin	anir	anat	anant	vés	1	anada	aneu
andoiar	andoio,andoies,andoia,andoiem,andoieu,andoien	andoiava,andoiaves,andoiava,andoiàvem,andoiàveu,andoiaven	andoí,andoiares,andoià,andoiàrem,andoiàreu,andoiaren	andoï,andoïs,andoï,andoiem,andoieu,andoïn	andoiés,andoiesses,andoiés,andoiéssem,andoiésseu,andoiessen	andoiar	andoiat	andoiant	andoia	-	andoiada	andoieu
apoquir	apoqueixo,apoqueixes,apoqueix,apoquim,apoquiu,apoqueixen	apoquia,apoquies,apoquia,apoquíem,apoquíeu,apoquien	apoquí,apoquires,apoquí,apoquírem,apoquíreu,apoquiren	apoqueixi,apoqueixis,apoqueixi,apoquim,apoquiu,apoqueixin	apoquís,apoquisses,apoquís,apoquíssem,apoquísseu,apoquissen	apoquir	apoquit	apoquint	apoqueix	-	apoquida	apoquiu
aprehendre	aprehenc,aprehens,aprehèn,aprehenem,apreheneu,aprehenen	aprehenia,aprehenies,aprehenia,apreheníem,apreheníeu,aprehenien	aprehenguí,aprehengueres,aprehengué,aprehenguérem,aprehenguéreu,aprehengueren	aprehengui,aprehenguis,aprehengui,aprehenguem,aprehengueu,aprehenguin	aprehengués,aprehenguessis,aprehengués,aprehenguéssim,aprehenguéssiu,aprehenguessin	aprehendr	aprehès	aprehenent	aprehèn	-	aprehesa	apreheneu
aprendre	aprenc,aprens,aprèn,aprenem,apreneu,aprenen	aprenia,aprenies,aprenia,apreníem,apreníeu,aprenien	aprenguí,aprengueres,aprengué,aprenguérem,aprenguéreu,aprengueren	aprengui,aprenguis,aprengui,aprenguem,aprengueu,aprenguin	aprengués,aprenguessis,aprengués,aprenguéssim,aprenguéssiu,aprenguessin	aprendr	après	aprenent	aprèn	-	apresa	apreneu
argüir	argüeixo,argüeixes,argüeix,arguïm,arguïu,argüeixen	arguïa,arguïes,arguïa,argüíem,argüíeu,arguïen	argüí,arguïres,argüí,argüírem,argüíreu,arguïren	argüeixi,argüeixis,argüeixi,arguïm,arguïu,argüeixin	argüís,arguïssis,argüís,argüíssim,argüíssiu,arguïssin	argüir	arguït	argüint	argüeix	1	arguïda	arguïu
arremetre	arremeto,arremets,arremet,arremetem,arremeteu,arremeten	arremetia,arremeties,arremetia,arremetíem,arremetíeu,arremetien	arremetí,arremeteres,arremeté,arremetérem,arremetéreu,arremeteren	arremeti,arremetis,arremeti,arremetem,arremeteu,arremetin	arremetés,arremetesses,arremetés,arremetéssem,arremetésseu,arremetessen	arremetr	arremès	arremetent	arremet	-	arremesa	arremeteu
aspergir	aspergeixo,aspergeixes,aspergeix,aspergim,aspergiu,aspergeixen	aspergia,aspergies,aspergia,aspergíem,aspergíeu,aspergien	aspergí,aspergires,aspergí,aspergírem,aspergíreu,aspergiren	aspergeixi,aspergeixis,aspergeixi,aspergim,aspergiu,aspergeixin	aspergís,aspergissis,aspergís,aspergíssim,aspergíssiu,aspergissin	aspergir	aspergit	aspergint	aspergeix	-	aspergida	aspergiu
assentir	assenteixo,assenteixes,assenteix,assentim,assentiu,assenteixen	assentia,assenties,assentia,assentíem,assentíeu,assentien	assentí,assentires,assentí,assentírem,assentíreu,assentiren	assenteixi,assenteixis,assenteixi,assentim,assentiu,assenteixin	assentís,assentissis,assentís,assentíssim,assentíssiu,assentissin	assentir	assentit	assentint	assenteix	-	assentida	assentiu
asseure	assec,asseus,asseu,asseiem,asseieu,asseuen	asseia,asseies,asseia,assèiem,assèieu,asseien	asseguí,assegueres,assegué,asseguérem,asseguéreu,assegueren	assegui,asseguis,assegui,asseguem,assegueu,asseguin	assegués,asseguessis,assegués,asseguéssim,asseguéssiu,asseguessin	asseur	assegut	asseient	asseu	-	asseguda	asseieu
assortir	assorteixo,assorteixes,assorteix,assortim,assortiu,assorteixen	assortia,assorties,assortia,assortíem,assortíeu,assortien	assortí,assortires,assortí,assortírem,assortíreu,assortiren	assorteixi,assorteixis,assorteixi,assortim,assortiu,assorteixin	assortís,assortisses,assortís,assortíssem,assortísseu,assortissen	assortir	assortit	assortint	assorteix	-	assortida	assortiu
atalaiar	atalaio,atalaies,atalaia,atalaiem,atalaieu,atalaien	atalaiava,atalaiaves,atalaiava,atalaiàvem,atalaiàveu,atalaiaven	atalaí,atalaiares,atalaià,atalaiàrem,atalaiàreu,atalaiaren	atalaï,atalaïs,atalaï,atalaiem,atalaieu,atalaïn	atalaiés,atalaiessis,atalaiés,atalaiéssim,atalaiéssiu,atalaiessin	atalaiar	atalaiat	atalaiant	atalaia	-	atalaiada	atalaieu
atapeir	atapeeixo,atapeeixes,atapeeix,atapeïm,atapeïu,atapeeixen	atapeïa,atapeïes,atapeïa,atapeíem,atapeíeu,atapeïen	atapeí,atapeïres,atapeí,atapeírem,atapeíreu,atapeïren	atapeeixi,atapeeixis,atapeeixi,atapeïm,atapeïu,atapeeixin	atapeís,atapeïssis,atapeís,atapeíssim,atapeíssiu,atapeïssin	atapeir	atapeït	atapeint	atapeeix	1	atapeïda	atapeïu
atemorir	atemoreixo,atemoreixes,atemoreix,atemorim,atemoriu,atemoreixen	atemoria,atemories,atemoria,atemoríem,atemoríeu,atemorien	atemorí,atemorires,atemorí,atemorírem,atemoríreu,atemoriren	atemoreixi,atemoreixis,atemoreixi,atemorim,atemoriu,atemoreixin	atemorís,atemorisses,atemorís,atemoríssem,atemorísseu,atemorissen	atemorir	atemorit	atemorint	atemoreix	-	atemorida	atemoriu
atendre	atenc,atens,atén,atenem,ateneu,atenen	atenia,atenies,atenia,ateníem,ateníeu,atenien	atenguí,atengueres,atengué,atenguérem,atenguéreu,atengueren	atengui,atenguis,atengui,atenguem,atengueu,atenguin	atengués,atenguessis,atengués,atenguéssim,atenguéssiu,atenguessin	atendr	atès	atenent	atén	-	atesa	ateneu
atenir	atinc,atens,até,atenim,ateniu,atenen	atenia,atenies,atenia,ateníem,ateníeu,atenien	atinguí,atingueres,atingué,atinguérem,atinguéreu,atingueren	atingui,atinguis,atingui,atinguem,atingueu,atinguin	atingués,atinguesses,atingués,atinguéssem,atinguésseu,atinguessen	atindr	atingut	atenint	atingues	-	atinguda	ateniu
atreure	atrac,atraus,atrau,atraiem,atraieu,atrauen	atreia,atreies,atreia,atrèiem,atrèieu,atreien	atraguí,atragueres,atragué,atraguérem,atraguéreu,atragueren	atregui,atreguis,atregui,atraguem,atragueu,atreguin	atragués,atraguessis,atragués,atraguéssim,atraguéssiu,atraguessin	atraur	atret	atraient	atrau	-	atreta	atraieu
atribuir	atribueixo,atribueixes,atribueix,atribuïm,atribuïu,atribueixen	atribuïa,atribuïes,atribuïa,atribuíem,atribuíeu,atribuïen	atribuí,atribuïres,atribuí,atribuírem,atribuíreu,atribuïren	atribueixi,atribueixis,atribueixi,atribuïm,atribuïu,atribueixin	atribuís,atribuïssis,atribuís,atribuíssim,atribuíssiu,atribuïssin	atribuir	atribuït	atribuint	atribueix	-	atribuïda	atribuïu
atuir	atueixo,atueixes,atueix,atuïm,atuïu,atueixen	atuïa,atuïes,atuïa,atuíem,atuíeu,atuïen	atuí,atuïres,atuí,atuírem,atuíreu,atuïren	atueixi,atueixis,atueixi,atuïm,atuïu,atueixin	atuís,atuïsses,atuís,atuíssem,atuísseu,atuïssen	atuir	atuït	atuint	atueix	-	atuïda	atuïu
atènyer	atenyo,atenys,ateny,atenyem,atenyeu,atenyen	atenyia,atenyies,atenyia,atenyíem,atenyíeu,atenyien	atenyí,atenyeres,atenyé,atenyérem,atenyéreu,atenyeren	atenyi,atenyis,atenyi,atenyem,atenyeu,atenyin	atenyés,atenyessis,atenyés,atenyéssim,atenyéssiu,atenyessin	atenyer	atès	atenyent	ateny	-	atesa	atenyeu
autodestruir	autodestrueixo,autodestrueixes,autodestrueix,autodestruïm,autodestruïu,autodestrueixen	autodestruïa,autodestruïes,autodestruïa,autodestruíem,autodestruíeu,autodestruïen	autodestruí,autodestruïres,autodestruí,autodestruírem,autodestruíreu,autodestruïren	autodestrueixi,autodestrueixis,autodestrueixi,autodestruïm,autodestruïu,autodestrueixin	autodestruís,autodestruïsses,autodestruís,autodestruíssem,autodestruísseu,autodestruïssen	autodestruir	autodestruït	autodestruint	autodestrueix	-	autodestruïda	autodestruïu
avenir	avinc,avens,avé,avenim,aveniu,avenen	avenia,avenies,avenia,aveníem,aveníeu,avenien	avinguí,avingueres,avingué,avinguérem,avinguéreu,avingueren	avingui,avinguis,avingui,avinguem,avingueu,avinguin	avingués,avinguessis,avingués,avinguéssim,avinguéssiu,avinguessin	avindr	avingut	avenint	avén	1	avinguda	aveniu
baiar	baio,baies,baia,baiem,baieu,baien	baiava,baiaves,baiava,baiàvem,baiàveu,baiaven	baí,baiares,baià,baiàrem,baiàreu,baiaren	baï,baïs,baï,baiem,baieu,baïn	baiés,baiesses,baiés,baiéssem,baiésseu,baiessen	baiar	baiat	baiant	baia	-	baiada	baieu
beneir	beneeixo,beneeixes,beneeix,beneïm,beneïu,beneeixen	beneïa,beneïes,beneïa,beneíem,beneíeu,beneïen	beneí,beneïres,beneí,beneírem,beneíreu,beneïren	beneeixi,beneeixis,beneeixi,beneïm,beneïu,beneeixin	beneís,beneïssis,beneís,beneíssim,beneíssiu,beneïssin	beneir	beneït	beneint	beneeix	-	beneïda	beneïu
benveure	benveig,benveus,benveu,benveiem,benveieu,benveuen	benveia,benveies,benveia,benvèiem,benvèieu,benveien	benviu,benveieres,benveié,benveiérem,benveiéreu,benveieren	benvegi,benvegis,benvegi,benvegem,benvegeu,benvegin	benveiés,benveiesses,benveiés,benveiéssem,benveiésseu,benveiessen	benveur	benvist	benveient	benveges	-	benvista	benvegeu
bestreure	bestrac,bestraus,bestrau,bestraiem,bestraieu,bestrauen	bestreia,bestreies,bestreia,bestrèiem,bestrèieu,bestreien	bestraguí,bestragueres,bestragué,bestraguérem,bestraguéreu,bestragueren	bestregui,bestreguis,bestregui,bestraguem,bestragueu,bestreguin	bestragués,bestraguessis,bestragués,bestraguéssim,bestraguéssiu,bestraguessin	bestraur	bestret	bestraient	bestrau	-	bestreta	bestraieu
beure	bec,beus,beu,bevem,beveu,beuen	bevia,bevies,bevia,bevíem,bevíeu,bevien	beguí,begueres,begué,beguérem,beguéreu,begueren	begui,beguis,begui,beguem,begueu,beguin	begués,beguessis,begués,beguéssim,beguéssiu,beguessin	beur	begut	bevent	beu	1	beguda	beveu
bleir	bleeixo,bleeixes,bleeix,bleïm,bleïu,bleeixen	bleïa,bleïes,bleïa,bleíem,bleíeu,bleïen	bleí,bleïres,bleí,bleírem,bleíreu,bleïren	bleeixi,bleeixis,bleeixi,bleïm,bleïu,bleeixin	bleís,bleïsses,bleís,bleíssem,bleísseu,bleïssen	bleir	bleït	bleint	bleeix	-	bleïda	bleïu
boiar	boio,boies,boia,boiem,boieu,boien	boiava,boiaves,boiava,boiàvem,boiàveu,boiaven	boí,boiares,boià,boiàrem,boiàreu,boiaren	boï,boïs,boï,boiem,boieu,boïn	boiés,boiessis,boiés,boiéssim,boiéssiu,boiessin	boiar	boiat	boiant	boia	1	boiada	boieu
boleiar	boleio,boleies,boleia,boleiem,boleieu,boleien	boleiava,boleiaves,boleiava,boleiàvem,boleiàveu,boleiaven	boleí,boleiares,boleià,boleiàrem,boleiàreu,boleiaren	boleï,boleïs,boleï,boleiem,boleieu,boleïn	boleiés,boleiesses,boleiés,boleiéssem,boleiésseu,boleiessen	boleiar	boleiat	boleiant	boleia	-	boleiada	boleieu
boquir	boqueixo,boqueixes,boqueix,boquim,boquiu,boqueixen	boquia,boquies,boquia,boquíem,boquíeu,boquien	boquí,boquires,boquí,boquírem,boquíreu,boquiren	boqueixi,boqueixis,boqueixi,boquim,boquiu,boqueixin	boquís,boquisses,boquís,boquíssem,boquísseu,boquissen	boquir	boquit	boquint	boqueix	-	boquida	boquiu
brogir	brogeixo,brogeixes,brogeix,brogim,brogiu,brogeixen	brogia,brogies,brogia,brogíem,brogíeu,brogien	brogí,brogires,brogí,brogírem,brogíreu,brogiren	brogeixi,brogeixis,brogeixi,brogim,brogiu,brogeixin	brogís,brogissis,brogís,brogíssim,brogíssiu,brogissin	brogir	brogit	brogint	brogeix	-	brogida	brogiu
brunzir	brunzeixo,brunzeixes,brunz,brunzim,brunziu,brunzeixen	brunzia,brunzies,brunzia,brunzíem,brunzíeu,brunzien	brunzí,brunzires,brunzí,brunzírem,brunzíreu,brunziren	brunzeixi,brunzeixis,brunzeixi,brunzim,brunziu,brunzeixin	brunzís,brunzissis,brunzís,brunzíssim,brunzíssiu,brunzissin	brunzir	brunzit	brunzint	brunz	-	brunzida	brunziu
cabre	cabo,caps,cap,cabem,cabeu,caben	cabia,cabies,cabia,cabíem,cabíeu,cabien	cabí,caberes,cabé,cabérem,cabéreu,caberen	càpiga,càpigues,càpiga,capiguem,capigueu,càpiguen	cabés,cabessis,cabés,cabéssim,cabéssiu,cabessin	cabr	cabut	cabent	cap	-	cabuda	cabeu
caldre	calc,cals,cal,calem,caleu,calen	calia,calies,calia,calíem,calíeu,calien	calguí,calgueres,calgué,calguérem,calguéreu,calgueren	calgui,calguis,calgui,calguem,calgueu,calguin	calgués,calguesses,calgués,calguéssem,calguésseu,calguessin	caldr	calgut	calent	cal	-	calguda	caleu
captenir	captinc,captens,capté,captenim,capteniu,captenen	captenia,captenies,captenia,capteníem,capteníeu,captenien	captinguí,captingueres,captingué,captinguérem,captinguéreu,captingueren	captingui,captinguis,captingui,captinguem,captingueu,captinguin	captingués,captinguesses,captingués,captinguéssem,captinguésseu,captinguessen	captindr	captingut	captenint	captingues	-	captinguda	capteniu
cartenir	cartinc,cartens,carté,cartenim,carteniu,cartenen	cartenia,cartenies,cartenia,carteníem,carteníeu,cartenien	cartinguí,cartingueres,cartingué,cartinguérem,cartinguéreu,cartingueren	cartingui,cartinguis,cartingui,cartinguem,cartingueu,cartinguin	cartingués,cartinguesses,cartingués,cartinguéssem,cartinguésseu,cartinguessen	cartindr	cartingut	cartenint	cartingues	-	cartinguda	carteniu
carvendre	carvenc,carvens,carvèn,carvenem,carveneu,carvenen	carvenia,carvenies,carvenia,carveníem,carveníeu,carvenien	carvenguí,carvengueres,carvengué,carvenguérem,carvenguéreu,carvengueren	carvengui,carvenguis,carvengui,carvenguem,carvengueu,carvenguin	carvengués,carvenguesses,carvengués,carvenguéssem,carvenguésseu,carvenguessen	carvendr	carvenut	carvenent	carvèn	-	carvenuda	carveneu
caure	caic,caus,cau,caiem,caieu,cauen	queia,queies,queia,quèiem,quèieu,queien	caiguí,caigueres,caigué,caiguérem,caiguéreu,caigueren	caigui,caiguis,caigui,caiguem,caigueu,caiguin	caigués,caiguessis,caigués,caiguéssim,caiguéssiu,caiguessin	caur	caigut	caient	cau	-	caiguda	caieu
cerndre	cerno,cerns,cern,cernem,cerneu,cernen	cernia,cernies,cernia,cerníem,cerníeu,cernien	cerní,cerneres,cerné,cernérem,cernéreu,cerneren	cerni,cernis,cerni,cernem,cerneu,cernin	cernés,cernessis,cernés,cernéssim,cernéssiu,cernessin	cerndr	cernut	cernent	cern	-	cernuda	cerneu
circuir	circueixo,circueixes,circueix,circuïm,circuïu,circueixen	circuïa,circuïes,circuïa,circuíem,circuíeu,circuïen	circuí,circuïres,circuí,circuírem,circuíreu,circuïren	circueixi,circueixis,circueixi,circuïm,circuïu,circueixin	circuís,circuïsses,circuís,circuíssem,circuísseu,circuïssen	circuir	circuït	circuint	circueix	-	circuïda	circuïu
circumscriure	circumscric,circumscrius,circumscriu,circumscrivim,circumscriviu,circumscriuen	circumscrivia,circumscrivies,circumscrivia,circumscrivíem,circumscrivíeu,circumscrivien	circumscriguí,circumscrigueres,circumscrigué,circumscriguérem,circumscriguéreu,circumscrigueren	circumscrigui,circumscriguis,circumscrigui,circumscriguem,circumscrigueu,circumscriguin	circumscrigués,circumscriguessis,circumscrigués,circumscriguéssim,circumscriguéssiu,circumscriguessin	circumscriur	circumscrit	circumscrivint	circumscriu	-	circumscrita	circumscriviu
cloure	cloc,clous,clou,cloem,cloeu,clouen	cloïa,cloïes,cloïa,cloíem,cloíeu,cloïen	cloguí,clogueres,clogué,cloguérem,cloguéreu,clogueren	clogui,cloguis,clogui,cloguem,clogueu,cloguin	clogués,cloguessis,clogués,cloguéssim,cloguéssiu,cloguessin	clour	clos	cloent	clou	1	closa	cloeu
cobrir	cobreixo,cobreixes,cobreix,cobrim,cobriu,cobreixen	cobria,cobries,cobria,cobríem,cobríeu,cobrien	cobrí,cobrires,cobrí,cobrírem,cobríreu,cobriren	cobreixi,cobreixis,cobreixi,cobrim,cobriu,cobreixin	cobrís,cobrissis,cobrís,cobríssim,cobríssiu,cobrissin	cobrir	cobert	cobrint	cobreix	1	coberta	cobriu
coercir	coerceixo,coerceixes,coerceix,coercim,coerciu,coerceixen	coercia,coercies,coercia,coercíem,coercíeu,coercien	coercí,coercires,coercí,coercírem,coercíreu,coerciren	coerceixi,coerceixis,coerceixi,coercim,coerciu,coerceixin	coercís,coercisses,coercís,coercíssem,coercísseu,coercissen	coercir	coercit	coercint	coerceix	-	coercida	coerciu
coldre	colc,cols,col,colem,coleu,colen	colia,colies,colia,colíem,colíeu,colien	colguí,colgueres,colgué,colguérem,colguéreu,colgueren	colgui,colguis,colgui,colguem,colgueu,colguin	colgués,colguesses,colgués,colguéssem,colguésseu,colguessen	coldr	colt	colent	col	-	colta	coleu
collir	cullo,culls,cull,collim,colliu,cullen	collia,collies,collia,collíem,collíeu,collien	collí,collires,collí,collírem,collíreu,colliren	culli,cullis,culli,collim,colliu,cullin	collís,collissis,collís,collíssim,collíssiu,collissin	collir	collit	collint	cull	1	collida	colliu
colltòrcer	colltorço,colltorces,colltorç,colltorcem,colltorceu,colltorcen	colltorcia,colltorcies,colltorcia,colltorcíem,colltorcíeu,colltorcien	colltorcí,colltorceres,colltorcé,colltorcérem,colltorcéreu,colltorceren	colltorci,colltorcis,colltorci,colltorcem,colltorceu,colltorcin	colltorcés,colltorcesses,colltorcés,colltorcéssem,colltorcésseu,colltorcessen	colltorcer	colltorçut	colltorcent	colltorç	-	colltorçuda	colltorceu
col·legir	col·legeixo,col·legeixes,col·legeix,col·legim,col·legiu,col·legeixen	col·legia,col·legies,col·legia,col·legíem,col·legíeu,col·legien	col·legí,col·legires,col·legí,col·legírem,col·legíreu,col·legiren	col·legeixi,col·legeixis,col·legeixi,col·legim,col·legiu,col·legeixin	col·legís,col·legisses,col·legís,col·legíssem,col·legísseu,col·legissen	col·legir	col·legit	col·legint	col·legeix	-	col·legida	col·legiu
commoure	commoc,commous,commou,commovem,commoveu,commouen	commovia,commovies,commovia,commovíem,commovíeu,commovien	commoguí,commogueres,commogué,commoguérem,commoguéreu,commogueren	commogui,commoguis,commogui,commoguem,commogueu,commoguin	commogués,commoguessis,commogués,commoguéssim,commoguéssiu,commoguessin	commour	commogut	commovent	commou	-	commoguda	commoveu
complaure	complac,complaus,complau,complaem,complaeu,complauen	complaïa,complaïes,complaïa,complaíem,complaíeu,complaïen	complaguí,complagueres,complagué,complaguérem,complaguéreu,complagueren	complagui,complaguis,complagui,complaguem,complagueu,complaguin	complagués,complaguessis,complagués,complaguéssim,complaguéssiu,complaguessin	complaur	complagut	complaent	complau	1	complaguda	complaeu
complir	compleixo,compleixes,compleix,complim,compliu,compleixen	complia,complies,complia,complíem,complíeu,complien	complí,complires,complí,complírem,complíreu,compliren	compleixi,compleixis,compleixi,complim,compliu,compleixin	complís,complissis,complís,complíssim,complíssiu,complissin	complir	complert	complint	compleix	1	complerta	compliu
complànyer	complanyo,complanys,complany,complanyem,complanyeu,complanyen	complanyia,complanyies,complanyia,complanyíem,complanyíeu,complanyien	complanyí,complanyeres,complanyé,complanyérem,complanyéreu,complanyeren	complanyi,complanyis,complanyi,complanyem,complanyeu,complanyin	complangués,complanguesses,complangués,complanguéssem,complanguésseu,complanguessen	complanyer	complangut	complanyent	complany	-	complanguda	complanyeu
compondre	componc,compons,compon,componem,componeu,componen	componia,componies,componia,componíem,componíeu,componien	componguí,compongueres,compongué,componguérem,componguéreu,compongueren	compongui,componguis,compongui,componguem,compongueu,componguin	compongués,componguessis,compongués,componguéssim,componguéssiu,componguessin	compondr	compost	component	compon	-	composta	componeu
comprendre	comprenc,comprens,comprèn,comprenem,compreneu,comprenen	comprenia,comprenies,comprenia,compreníem,compreníeu,comprenien	comprenguí,comprengueres,comprengué,comprenguérem,comprenguéreu,comprengueren	comprengui,comprenguis,comprengui,comprenguem,comprengueu,comprenguin	comprengués,comprenguessis,comprengués,comprenguéssim,comprenguéssiu,comprenguessin	comprendr	comprès	comprenent	comprèn	-	compresa	compreneu
concebre	concebo,conceps,concep,concebem,concebeu,conceben	concebia,concebies,concebia,concebíem,concebíeu,concebien	concebí,conceberes,concebé,concebérem,concebéreu,conceberen	concebi,concebis,concebi,concebem,concebeu,concebin	concebés,concebessis,concebés,concebéssim,concebéssiu,concebessin	concebr	concebut	concebent	concep	-	concebuda	concebeu
concloure	concloc,conclous,conclou,concloem,concloeu,conclouen	concloïa,concloïes,concloïa,concloíem,concloíeu,concloïen	concloguí,conclogueres,conclogué,concloguérem,concloguéreu,conclogueren	conclogui,concloguis,conclogui,concloguem,conclogueu,concloguin	conclogués,concloguessis,conclogués,concloguéssim,concloguéssiu,concloguessin	conclour	conclòs	concloent	conclou	-	conclosa	concloeu
concórrer	concorro,concorres,concorre,concorrem,concorreu,concorren	concorria,concorries,concorria,concorríem,concorríeu,concorrien	concorreguí,concorregueres,concorregué,concorreguérem,concorreguéreu,concorregueren	concorri,concorris,concorri,concorreguem,concorregueu,concorrin	concorregués,concorreguessis,concorregués,concorreguéssim,concorreguéssiu,concorreguessin	concorrer	concorregut	concorrent	concorre	-	concorreguda	concorreu
condoldre	condolc,condols,condol,condolem,condoleu,condolen	condolia,condolies,condolia,condolíem,condolíeu,condolien	condolguí,condolgueres,condolgué,condolguérem,condolguéreu,condolgueren	condolgui,condolguis,condolgui,condolguem,condolgueu,condolguin	condolgués,condolguesses,condolgués,condolguéssem,condolguésseu,condolguessen	condoldr	condolgut	condolent	condol	-	condolguda	condoleu
conduir	condueixo,condueixes,condueix,conduïm,conduïu,condueixen	conduïa,conduïes,conduïa,conduíem,conduíeu,conduïen	conduí,conduïres,conduí,conduírem,conduíreu,conduïren	condueixi,condueixis,condueixi,conduïm,conduïu,condueixin	conduís,conduïssis,conduís,conduíssim,conduíssiu,conduïssin	conduir	conduït	conduint	condueix	1	conduïda	conduïu
confegir	confegeixo,confegeixes,confegeix,confegim,confegiu,confegeixen	confegia,confegies,confegia,confegíem,confegíeu,confegien	confegí,confegires,confegí,confegírem,confegíreu,confegiren	confegeixi,confegeixis,confegeixi,confegim,confegiu,confegeixin	confegís,confegisses,confegís,confegíssem,confegísseu,confegissen	confegir	confegit	confegint	confegeix	-	confegida	confegiu
confluir	conflueixo,conflueixes,conflueix,confluïm,confluïu,conflueixen	confluïa,confluïes,confluïa,confluíem,confluíeu,confluïen	confluí,confluïres,confluí,confluírem,confluíreu,confluïren	conflueixi,conflueixis,conflueixi,confluïm,confluïu,conflueixin	confluís,confluïssis,confluís,confluíssim,confluíssiu,confluïssin	confluir	confluït	confluint	conflueix	-	confluïda	confluïu
confondre	confonc,confons,confon,confonem,confoneu,confonen	confonia,confonies,confonia,confoníem,confoníeu,confonien	confonguí,confongueres,confongué,confonguérem,confonguéreu,confongueren	confongui,confonguis,confongui,confonguem,confongueu,confonguin	confongués,confonguessis,confongués,confonguéssim,confonguéssiu,confonguessin	confondr	confós	confonent	confon	-	confosa	confoneu
confugir	confujo,confuges,confuig,confugim,confugiu,confugen	confugia,confugies,confugia,confugíem,confugíeu,confugien	confugí,confugires,confugí,confugírem,confugíreu,confugiren	confugi,confugis,confugi,confugim,confugiu,confugin	confugís,confugisses,confugís,confugíssem,confugísseu,confugissen	confugir	confugit	confugint	confuig	-	confugida	confugiu
constituir	constitueixo,constitueixes,constitueix,constituïm,constituïu,constitueixen	constituïa,constituïes,constituïa,constituíem,constituíeu,constituïen	constituí,constituïres,constituí,constituírem,constituíreu,constituïren	constitueixi,constitueixis,constitueixi,constituïm,constituïu,constitueixin	constituís,constituïssis,constituís,constituíssim,constituíssiu,constituïssin	constituir	constituït	constituint	constitueix	1	constituïda	constituïu
construir	construeixo,construeixes,construeix,construïm,construïu,construeixen	construïa,construïes,construïa,construíem,construíeu,construïen	construí,construïres,construí,construírem,construíreu,construïren	construeixi,construeixis,construeixi,construïm,construïu,construeixin	construís,construïssis,construís,construíssim,construíssiu,construïssin	construir	construït	construint	construeix	1	construïda	construïu
constrènyer	constrenyo,constrenys,constreny,constrenyem,constrenyeu,constrenyen	constrenyia,constrenyies,constrenyia,constrenyíem,constrenyíeu,constrenyien	constrenyí,constrenyeres,constrenyé,constrenyérem,constrenyéreu,constrenyeren	constrenyi,constrenyis,constrenyi,constrenyem,constrenyeu,constrenyin	constrenyés,constrenyessis,constrenyés,constrenyéssim,constrenyéssiu,constrenyessin	constrenyer	constret	constrenyent	constreny	-	constreta	constrenyeu
contendre	contenc,contens,contén,contenem,conteneu,contenen	contenia,contenies,contenia,conteníem,conteníeu,contenien	contenguí,contengueres,contengué,contenguérem,contenguéreu,contengueren	contengui,contenguis,contengui,contenguem,contengueu,contenguin	contengués,contenguessis,contengués,contenguéssim,contenguéssiu,contenguessin	contendr	contès	contenent	contén	-	contesa	conteneu
contenir	continc,contens,conté,contenim,conteniu,contenen	contenia,contenies,contenia,conteníem,conteníeu,contenien	continguí,contingueres,contingué,continguérem,continguéreu,contingueren	contingui,continguis,contingui,continguem,contingueu,continguin	contingués,continguessis,contingués,continguéssim,continguéssiu,continguessin	contindr	contingut	contenint	contingues	-	continguda	conteniu
contradir	contradic,contradius,contradiu,contradiem,contradieu,contradiuen	contradeia,contradeies,contradeia,contradèiem,contradèieu,contradeien	contradiguí,contradigueres,contradigué,contradiguérem,contradiguéreu,contradigueren	contradigui,contradiguis,contradigui,contradiguem,contradigueu,contradiguin	contradigués,contradiguessis,contradigués,contradiguéssim,contradiguéssiu,contradiguessin	contradir	contradit	contradient	contradigues	-	contradita	contradigueu
contrafer	contrafaig,contrafàs,contrafà,contrafem,contrafeu,contrafan	contrafeia,contrafeies,contrafeia,contrafèiem,contrafèieu,contrafeien	contrafiu,contraferes,contraféu,contraférem,contraféreu,contraferen	contrafaci,contrafacis,contrafaci,contrafem,contrafeu,contrafacin	contrafés,contrafessis,contrafés,contraféssim,contraféssiu,contrafessin	contrafar	contrafet	contrafent	contrafés	-	contrafeta	contrafeu
contravenir	contravinc,contravens,contravé,contravenim,contraveniu,contravenen	contravenia,contravenies,contravenia,contraveníem,contraveníeu,contravenien	contravinguí,contravingueres,contravingué,contravinguérem,contravinguéreu,contravingueren	contravingui,contravinguis,contravingui,contravinguem,contravingueu,contravinguin	contravingués,contravinguessis,contravingués,contravinguéssim,contravinguéssiu,contravinguessin	contravindr	contravingut	contravenint	contravén	-	contravinguda	contraveniu
contreure	contrac,contraus,contrau,contraiem,contraieu,contrauen	contreia,contreies,contreia,contrèiem,contrèieu,contreien	contraguí,contragueres,contragué,contraguérem,contraguéreu,contragueren	contregui,contreguis,contregui,contraguem,contragueu,contreguin	contragués,contraguessis,contragués,contraguéssim,contraguéssiu,contraguessin	contraur	contret	contraient	contrau	-	contreta	contraieu
contribuir	contribueixo,contribueixes,contribueix,contribuïm,contribuïu,contribueixen	contribuïa,contribuïes,contribuïa,contribuíem,contribuíeu,contribuïen	contribuí,contribuïres,contribuí,contribuírem,contribuíreu,contribuïren	contribueixi,contribueixis,contribueixi,contribuïm,contribuïu,contribueixin	contribuís,contribuïssis,contribuís,contribuíssim,contribuíssiu,contribuïssin	contribuir	contribuït	contribuint	contribueix	-	contribuïda	contribuïu
contòrcer	contorço,contorces,contorc,contorcem,contorceu,contorcen	contorcia,contorcies,contorcia,contorcíem,contorcíeu,contorcien	contorcí,contorceres,contorcé,contorcérem,contorcéreu,contorceren	contorci,contorcis,contorci,contorcem,contorceu,contorcin	contorcés,contorcesses,contorcés,contorcéssem,contorcésseu,contorcessen	contorcer	contorçut	contorcent	contorc	-	contorçuda	contorceu
convenir	convinc,convens,convé,convenim,conveniu,convenen	convenia,convenies,convenia,conveníem,conveníeu,convenien	convinguí,convingueres,convingué,convinguérem,convinguéreu,convingueren	convingui,convinguis,convingui,convinguem,convingueu,convinguin	convingués,convinguessis,convingués,convinguéssim,convinguéssiu,convinguessin	convindr	convingut	convenint	convén	1	convinguda	conveniu
convergir	convergeixo,convergeixes,convergeix,convergim,convergiu,convergeixen	convergia,convergies,convergia,convergíem,convergíeu,convergien	convergí,convergires,convergí,convergírem,convergíreu,convergiren	convergeixi,convergeixis,convergeixi,convergim,convergiu,convergeixin	convergís,convergissis,convergís,convergíssim,convergíssiu,convergissin	convergir	convergit	convergint	convergeix	-	convergida	convergiu
conviure	convisc,convius,conviu,convivim,conviviu,conviuen	convivia,convivies,convivia,convivíem,convivíeu,convivien	convisquí,convisqueres,convisqué,convisquérem,convisquéreu,convisqueren	convisqui,convisquis,convisqui,convisquem,convisqueu,convisquin	convisqués,convisquessis,convisqués,convisquéssim,convisquéssiu,convisquessin	conviur	conviscut	convivint	conviu	-	conviscuda	conviviu
convèncer	convenço,convences,convenç,convencem,convenceu,convencen	convencia,convencies,convencia,convencíem,convencíeu,convencien	convencí,convenceres,convencé,convencérem,convencéreu,convenceren	convenci,convencis,convenci,convencem,convenceu,convencin	convencés,convencessis,convencés,convencéssim,convencéssiu,convencessin	convencer	convençut	convencent	convenç	-	convençuda	convenceu
conèixer	conec,coneixes,coneix,coneixem,coneixeu,coneixen	coneixia,coneixies,coneixia,coneixíem,coneixíeu,coneixien	coneguí,conegueres,conegué,coneguérem,coneguéreu,conegueren	conegui,coneguis,conegui,coneguem,conegueu,coneguin	conegués,coneguessis,conegués,coneguéssim,coneguéssiu,coneguessin	coneixer	conegut	coneixent	coneix	1	coneguda	coneixeu
corfondre	corfonc,corfons,corfon,corfonem,corfoneu,corfonen	corfonia,corfonies,corfonia,corfoníem,corfoníeu,corfonien	corfonguí,corfongueres,corfongué,corfonguérem,corfonguéreu,corfongueren	corfongui,corfonguis,corfongui,corfonguem,corfongueu,corfonguin	corfongués,corfonguesses,corfongués,corfonguéssem,corfonguésseu,corfonguessen	corfondr	corfós	corfonent	corfon	-	corfosa	corfoneu
corprendre	corprenc,corprens,corprèn,corprenem,corpreneu,corprenen	corprenia,corprenies,corprenia,corpreníem,corpreníeu,corprenien	corprenguí,corprengueres,corprengué,corprenguérem,corprenguéreu,corprengueren	corprengui,corprenguis,corprengui,corprenguem,corprengueu,corprenguin	corprengués,corprenguessis,corprengués,corprenguéssim,corprenguéssiu,corprenguessin	corprendr	corprès	corprenent	corprèn	-	corpresa	corpreneu
corregir	corregeixo,corregeixes,corregeix,corregim,corregiu,corregeixen	corregia,corregies,corregia,corregíem,corregíeu,corregien	corregí,corregires,corregí,corregírem,corregíreu,corregiren	corregeixi,corregeixis,corregeixi,corregim,corregiu,corregeixin	corregís,corregissis,corregís,corregíssim,corregíssiu,corregissin	corregir	corregit	corregint	corregeix	1	corregida	corregiu
corroir	corroeixo,corroeixes,corroeix,corroïm,corroïu,corroeixen	corroïa,corroïes,corroïa,corroíem,corroíeu,corroïen	corroí,corroïres,corroí,corroírem,corroíreu,corroïren	corroeixi,corroeixis,corroeixi,corroïm,corroïu,corroeixin	corroís,corroïssis,corroís,corroíssim,corroíssiu,corroïssin	corroir	corroït	corroint	corroeix	-	corroïda	corroïu
cosir	cuso,cuses,cus,cosim,cosiu,cusen	cosia,cosies,cosia,cosíem,cosíeu,cosien	cosí,cosires,cosí,cosírem,cosíreu,cosiren	cusi,cusis,cusi,cosim,cosiu,cusin	cosís,cosissis,cosís,cosíssim,cosíssiu,cosissin	cosir	cosit	cosint	cus	1	cosida	cosiu
coure	coc,cous,cou,coem,coeu,couen	coïa,coïes,coïa,coíem,coíeu,coïen	coguí,cogueres,cogué,coguérem,coguéreu,cogueren	cogui,coguis,cogui,coguem,cogueu,coguin	cogués,coguessis,cogués,coguéssim,coguéssiu,coguessin	cour	cuit	coent	cou	1	cuita	coeu
creuar	creuo,creues,creua,creuem,creueu,creuen	creuava,creuaves,creuava,creuàvem,creuàveu,creuaven	creuí,creuares,creuà,creuàrem,creuàreu,creuaren	creui,creuis,creui,creuem,creueu,creuin	creués,creuessis,creués,creuéssim,creuéssiu,creuessin	creuar	creuat	creuant	creua	1	creuada	creueu
creure	crec,creus,creu,creiem,creieu,creuen	creia,creies,creia,crèiem,crèieu,creien	creguí,cregueres,cregué,creguérem,creguéreu,cregueren	cregui,creguis,cregui,creguem,cregueu,creguin	cregués,creguessis,cregués,creguéssim,creguéssiu,creguessin	creur	cregut	creient	creu	1	creguda	creieu
cruiar	cruio,cruies,cruia,cruiem,cruieu,cruien	cruiava,cruiaves,cruiava,cruiàvem,cruiàveu,cruiaven	cruí,cruiares,cruià,cruiàrem,cruiàreu,cruiaren	cruï,cruïs,cruï,cruiem,cruieu,cruïn	cruiés,cruiesses,cruiés,cruiéssem,cruiésseu,cruiessen	cruiar	cruiat	cruiant	cruia	-	cruiada	cruieu
cruixir	cruixo,cruixes,cruix,cruixim,cruixiu,cruixen	cruixia,cruixies,cruixia,cruixíem,cruixíeu,cruixien	cruixí,cruixires,cruixí,cruixírem,cruixíreu,cruixiren	cruixi,cruixis,cruixi,cruixim,cruixiu,cruixin	cruixís,cruixissis,cruixís,cruixíssim,cruixíssiu,cruixissin	cruixir	cruixit	cruixint	cruix	1	cruixida	cruixiu
créixer	creixo,creixes,creix,creixem,creixeu,creixen	creixia,creixies,creixia,creixíem,creixíeu,creixien	creixí,creixeres,creixé,creixérem,creixéreu,creixeren	creixi,creixis,creixi,creixem,creixeu,creixin	creixés,creixessis,creixés,creixéssim,creixéssiu,creixessin	creixer	crescut	creixent	creix	-	crescuda	creixeu
córrer	corro,corres,corre,correm,correu,corren	corria,corries,corria,corríem,corríeu,corrien	correguí,corregueres,corregué,correguérem,correguéreu,corregueren	corri,corris,corri,correguem,corregueu,corrin	corregués,correguessis,corregués,correguéssim,correguéssiu,correguessin	correr	corregut	corrent	corre	1	correguda	correu
dar	do,das,da,dem,deu,dan	dava,daves,dava,dàvem,dàveu,daven	di,dares,da,dàrem,dàreu,daren	de,des,de,dem,deu,den	des,dessis,des,déssim,déssiu,dessin	dar	dat	dant	da	1	dada	deu
decebre	decebo,deceps,decep,decebem,decebeu,deceben	decebia,decebies,decebia,decebíem,decebíeu,decebien	decebí,deceberes,decebé,decebérem,decebéreu,deceberen	decebi,decebis,decebi,decebem,decebeu,decebin	decebés,decebessis,decebés,decebéssim,decebéssiu,decebessin	decebr	decebut	decebent	decep	-	decebuda	decebeu
decórrer	decorro,decorres,decorre,decorrem,decorreu,decorren	decorria,decorries,decorria,decorríem,decorríeu,decorrien	decorreguí,decorregueres,decorregué,decorreguérem,decorreguéreu,decorregueren	decorri,decorris,decorri,decorreguem,decorregueu,decorrin	decorregués,decorreguesses,decorregués,decorreguéssem,decorreguésseu,decorreguessen	decorrer	decorregut	decorrent	decorre	-	decorreguda	decorreu
deduir	dedueixo,dedueixes,dedueix,deduïm,deduïu,dedueixen	deduïa,deduïes,deduïa,deduíem,deduíeu,deduïen	deduí,deduïres,deduí,deduírem,deduíreu,deduïren	dedueixi,dedueixis,dedueixi,deduïm,deduïu,dedueixin	deduís,deduïssis,deduís,deduíssim,deduíssiu,deduïssin	deduir	deduït	deduint	dedueix	-	deduïda	deduïu
defendre	defenc,defens,defèn,defenem,defeneu,defenen	defenia,defenies,defenia,defeníem,defeníeu,defenien	defenguí,defengueres,defengué,defenguérem,defenguéreu,defengueren	defengui,defenguis,defengui,defenguem,defengueu,defenguin	defengués,defenguessis,defengués,defenguéssim,defenguéssiu,defenguessin	defendr	defès	defenent	defèn	-	defesa	defeneu
defugir	defujo,defuges,defuig,defugim,defugiu,defugen	defugia,defugies,defugia,defugíem,defugíeu,defugien	defugí,defugires,defugí,defugírem,defugíreu,defugiren	defugi,defugis,defugi,defugim,defugiu,defugin	defugís,defugissis,defugís,defugíssim,defugíssiu,defugissin	defugir	defugit	defugint	defuig	-	defugida	defugiu
delinquir	delinqueixo,delinqueixes,delinqueix,delinquim,delinquiu,delinqueixen	delinquia,delinquies,delinquia,delinquíem,delinquíeu,delinquien	delinquí,delinquires,delinquí,delinquírem,delinquíreu,delinquiren	delinqueixi,delinqueixis,delinqueixi,delinquim,delinquiu,delinqueixin	delinquís,delinquissis,delinquís,delinquíssim,delinquíssiu,delinquissin	delinquir	delinquit	delinquint	delinqueix	-	delinquida	delinquiu
demetre	demeto,demets,demet,demetem,demeteu,demeten	demetia,demeties,demetia,demetíem,demetíeu,demetien	demetí,demeteres,demeté,demetérem,demetéreu,demeteren	demeti,demetis,demeti,demetem,demeteu,demetin	demetés,demetesses,demetés,demetéssem,demetésseu,demetessen	demetr	demès	demetent	demet	-	demesa	demeteu
dependre	depenc,depens,depèn,depenem,depeneu,depenen	depenia,depenies,depenia,depeníem,depeníeu,depenien	depenguí,depengueres,depengué,depenguérem,depenguéreu,depengueren	depengui,depenguis,depengui,depenguem,depengueu,depenguin	depengués,depenguessis,depengués,depenguéssim,depenguéssiu,depenguessin	dependr	depès	depenent	depèn	-	depesa	depeneu
derruir	derrueixo,derrueixes,derrueix,derruïm,derruïu,derrueixen	derruïa,derruïes,derruïa,derruíem,derruíeu,derruïen	derruí,derruïres,derruí,derruírem,derruíreu,derruïren	derrueixi,derrueixis,derrueixi,derruïm,derruïu,derrueixin	derruís,derruïssis,derruís,derruíssim,derruíssiu,derruïssin	derruir	derruït	derruint	derrueix	-	derruïda	derruïu
desacollir	desacullo,desaculls,desacull,desacollim,desacolliu,desacullen	desacollia,desacollies,desacollia,desacollíem,desacollíeu,desacollien	desacollí,desacollires,desacollí,desacollírem,desacollíreu,desacolliren	desaculli,desacullis,desaculli,desacollim,desacolliu,desacullin	desacollís,desacollisses,desacollís,desacollíssem,desacollísseu,desacollissen	desacollir	desacollit	desacollint	desacull	-	desacollida	desacolliu
desagrair	desagraeixo,desagraeixes,desagraeix,desagraïm,desagraïu,desagraeixen	desagraïa,desagraïes,desagraïa,desagraíem,desagraíeu,desagraïen	desagraí,desagraïres,desagraí,desagraírem,desagraíreu,desagraïren	desagraeixi,desagraeixis,desagraeixi,desagraïm,desagraïu,desagraeixin	desagraís,desagraïsses,desagraís,desagraíssem,desagraísseu,desagraïssen	desagrair	desagraït	desagraint	desagraeix	-	desagraïda	desagraïu
desatapeir	desatapeeixo,desatapeeixes,desatapeeix,desatapeïm,desatapeïu,desatapeeixen	desatapeïa,desatapeïes,desatapeïa,desatapeíem,desatapeíeu,desatapeïen	desatapeí,desatapeïres,desatapeí,desatapeírem,desatapeíreu,desatapeïren	desatapeeixi,desatapeeixis,desatapeeixi,desatapeïm,desatapeïu,desatapeeixin	desatapeís,desatapeïsses,desatapeís,desatapeíssem,desatapeísseu,desatapeïssen	desatapeir	desatapeït	desatapeint	desatapeeix	-	desatapeïda	desatapeïu
desavenir	desavinc,desavens,desavé,desavenim,desaveniu,desavenen	desavenia,desavenies,desavenia,desaveníem,desaveníeu,desavenien	desavinguí,desavingueres,desavingué,desavinguérem,desavinguéreu,desavingueren	desavingui,desavinguis,desavingui,desavinguem,desavingueu,desavinguin	desavingués,desavinguesses,desavingués,desavinguéssem,desavinguésseu,desavinguessen	desavindr	desavingut	desavenint	desavén	-	desavinguda	desaveniu
descloure	descloc,desclous,desclou,descloem,descloeu,desclouen	descloïa,descloïes,descloïa,descloíem,descloíeu,descloïen	descloguí,desclogueres,desclogué,descloguérem,descloguéreu,desclogueren	desclogui,descloguis,desclogui,descloguem,desclogueu,descloguin	desclogués,descloguessis,desclogués,descloguéssim,descloguéssiu,descloguessin	desclour	desclòs	descloent	desclou	-	desclosa	descloeu
descobrir	descobreixo,descobreixes,descobreix,descobrim,descobriu,descobreixen	descobria,descobries,descobria,descobríem,descobríeu,descobrien	descobrí,descobrires,descobrí,descobrírem,descobríreu,descobriren	descobreixi,descobreixis,descobreixi,descobrim,descobriu,descobreixin	descobrís,descobrissis,descobrís,descobríssim,descobríssiu,descobrissin	descobrir	descobert	descobrint	descobreix	-	descoberta	descobriu
descomplaure	descomplac,descomplaus,descomplau,descomplaem,descomplaeu,descomplauen	descomplaïa,descomplaïes,descomplaïa,descomplaíem,descomplaíeu,descomplaïen	descomplaguí,descomplagueres,descomplagué,descomplaguérem,descomplaguéreu,descomplagueren	descomplagui,descomplaguis,descomplagui,descomplaguem,descomplagueu,descomplaguin	descomplagués,descomplaguesses,descomplagués,descomplaguéssem,descomplaguésseu,descomplaguessen	descomplaur	descomplagut	descomplaent	descomplau	-	descomplaguda	descomplaeu
desconstruir	desconstrueixo,desconstrueixes,desconstrueix,desconstruïm,desconstruïu,desconstrueixen	desconstruïa,desconstruïes,desconstruïa,desconstruíem,desconstruíeu,desconstruïen	desconstruí,desconstruïres,desconstruí,desconstruírem,desconstruíreu,desconstruïren	desconstrueixi,desconstrueixis,desconstrueixi,desconstruïm,desconstruïu,desconstrueixin	desconstruís,desconstruïsses,desconstruís,desconstruíssem,desconstruísseu,desconstruïssen	desconstruir	desconstruït	desconstruint	desconstrueix	-	desconstruïda	desconstruïu
desconvenir	desconvinc,desconvens,desconvé,desconvenim,desconveniu,desconvenen	desconvenia,desconvenies,desconvenia,desconveníem,desconveníeu,desconvenien	desconvinguí,desconvingueres,desconvingué,desconvinguérem,desconvinguéreu,desconvingueren	desconvingui,desconvinguis,desconvingui,desconvinguem,desconvingueu,desconvinguin	desconvingués,desconvinguessis,desconvingués,desconvinguéssim,desconvinguéssiu,desconvinguessin	desconvindr	desconvingut	desconvenint	desconvén	-	desconvinguda	desconveniu
desconèixer	desconec,desconeixes,desconeix,desconeixem,desconeixeu,desconeixen	desconeixia,desconeixies,desconeixia,desconeixíem,desconeixíeu,desconeixien	desconeguí,desconegueres,desconegué,desconeguérem,desconeguéreu,desconegueren	desconegui,desconeguis,desconegui,desconeguem,desconegueu,desconeguin	desconegués,desconeguessis,desconegués,desconeguéssim,desconeguéssiu,desconeguessin	desconeixer	desconegut	desconeixent	desconeix	-	desconeguda	desconeixeu
descosir	descuso,descuses,descús,descosim,descosiu,descusen	descosia,descosies,descosia,descosíem,descosíeu,descosien	descosí,descosires,descosí,descosírem,descosíreu,descosiren	descusi,descusis,descusi,descosim,descosiu,descusin	descosís,descosissis,descosís,descosíssim,descosíssiu,descosissin	descosir	descosit	descosint	descús	-	descosida	descosiu
descreure	descrec,descreus,descreu,descreiem,descreieu,descreuen	descreia,descreies,descreia,descrèiem,descrèieu,descreien	descreguí,descregueres,descregué,descreguérem,descreguéreu,descregueren	descregui,descreguis,descregui,descreguem,descregueu,descreguin	descregués,descreguesses,descregués,descreguéssem,descreguésseu,descreguessen	descreur	descregut	descreient	descreu	-	descreguda	descreieu
descriure	descric,descrius,descriu,descrivim,descriviu,descriuen	descrivia,descrivies,descrivia,descrivíem,descrivíeu,descrivien	descriguí,descrigueres,descrigué,descriguérem,descriguéreu,descrigueren	descrigui,descriguis,descrigui,descriguem,descrigueu,descriguin	descrigués,descriguessis,descrigués,descriguéssim,descriguéssiu,descriguessin	descriur	descrit	descrivint	descriu	-	descrita	descriviu
descórrer	descorro,descorres,descorre,descorrem,descorreu,descorren	descorria,descorries,descorria,descorríem,descorríeu,descorrien	descorreguí,descorregueres,descorregué,descorreguérem,descorreguéreu,descorregueren	descorri,descorris,descorri,descorreguem,descorregueu,descorrin	descorregués,descorreguesses,descorregués,descorreguéssem,descorreguésseu,descorreguessen	descorrer	descorregut	descorrent	descorre	-	descorreguda	descorreu
desdir	desdic,desdius,desdiu,desdiem,desdieu,desdiuen	desdeia,desdeies,desdeia,desdèiem,desdèieu,desdeien	desdiguí,desdigueres,desdigué,desdiguérem,desdiguéreu,desdigueren	desdigui,desdiguis,desdigui,desdiguem,desdigueu,desdiguin	desdigués,desdiguesses,desdigués,desdiguéssem,desdiguésseu,desdiguessen	desdir	desdit	desdient	desdigues	-	desdita	desdigueu
deseixir	desixo,desixes,desix,deseixim,deseixiu,desixen	deseixia,deseixies,deseixia,deseixídesem,deseixídeseu,deseixien	deseixí,deseixires,deseixí,deseixírem,deseixíreu,deseixiren	desixi,desixis,desixi,deseixim,deseixiu,deseixin	deseixís,deseixissis,deseixís,deseixíssim,deseixíssiu,deseixissin	deseixir	deseixit	deseixint	desix	-	deseixida	deseixiu
desempobrir	desempobreixo,desempobreixes,desempobreix,desempobrim,desempobriu,desempobreixen	desempobria,desempobries,desempobria,desempobríem,desempobríeu,desempobrien	desempobrí,desempobrires,desempobrí,desempobrírem,desempobríreu,desempobriren	desempobreixi,desempobreixis,desempobreixi,desempobrim,desempobriu,desempobreixin	desempobrís,desempobrisses,desempobrís,desempobríssem,desempobrísseu,desempobrissen	desempobrir	desempobrit	desempobrint	desempobreix	-	desempobrida	desempobriu
desempouar	desempouo,desempoues,desempoua,desempouem,desempoueu,desempouen	desempouava,desempouaves,desempouava,desempouàvem,desempouàveu,desempouaven	desempouí,desempouares,desempouà,desempouàrem,desempouàreu,desempouaren	desempoui,desempouis,desempoui,desempouem,desempoueu,desempouin	desempoués,desempouesses,desempoués,desempouéssem,desempouésseu,desempouessen	desempouar	desempouat	desempouant	desempoua	-	desempouada	desempoueu
desencongir	desencongeixo,desencongeixes,desencongeix,desencongim,desencongiu,desencongeixen	desencongia,desencongies,desencongia,desencongíem,desencongíeu,desencongien	desencongí,desencongires,desencongí,desencongírem,desencongíreu,desencongiren	desencongeixi,desencongeixis,desencongeixi,desencongim,desencongiu,desencongeixin	desencongís,desencongisses,desencongís,desencongíssem,desencongísseu,desencongissen	desencongir	desencongit	desencongint	desencongeix	-	desencongida	desencongiu
desencreuar	desencreuo,desencreues,desencreua,desencreuem,desencreueu,desencreuen	desencreuava,desencreuaves,desencreuava,desencreuàvem,desencreuàveu,desencreuaven	desencreuí,desencreuares,desencreuà,desencreuàrem,desencreuàreu,desencreuaren	desencreui,desencreuis,desencreui,desencreuem,desencreueu,desencreuin	desencreués,desencreuesses,desencreués,desencreuéssem,desencreuésseu,desencreuessen	desencreuar	desencreuat	desencreuant	desencreua	-	desencreuada	desencreueu
desendolcir	desendolceixo,desendolceixes,desendolceix,desendolcim,desendolciu,desendolceixen	desendolcia,desendolcies,desendolcia,desendolcíem,desendolcíeu,desendolcien	desendolcí,desendolcires,desendolcí,desendolcírem,desendolcíreu,desendolciren	desendolceixi,desendolceixis,desendolceixi,desendolcim,desendolciu,desendolceixin	desendolcís,desendolcisses,desendolcís,desendolcíssem,desendolcísseu,desendolcissen	desendolcir	desendolcit	desendolcint	desendolceix	-	desendolcida	desendolciu
desendolçir	desendolçeixo,desendolçeixes,desendolçeix,desendolçim,desendolçiu,desendolçeixen	desendolçia,desendolçies,desendolçia,desendolçíem,desendolçíeu,desendolçien	desendolçí,desendolçires,desendolçí,desendolçírem,desendolçíreu,desendolçiren	desendolçeixi,desendolçeixis,desendolçeixi,desendolçim,desendolçiu,desendolçeixin	desendolçís,desendolçisses,desendolçís,desendolçíssem,desendolçísseu,desendolçissen	desendolçir	desendolçit	desendolçint	desendolçeix	-	desendolçida	desendolçiu
desenlletgir	desenlletgeixo,desenlletgeixes,desenlletgeix,desenlletgim,desenlletgiu,desenlletgeixen	desenlletgia,desenlletgies,desenlletgia,desenlletgíem,desenlletgíeu,desenlletgien	desenlletgí,desenlletgires,desenlletgí,desenlletgírem,desenlletgíreu,desenlletgiren	desenlletgeixi,desenlletgeixis,desenlletgeixi,desenlletgim,desenlletgiu,desenlletgeixin	desenlletgís,desenlletgisses,desenlletgís,desenlletgíssem,desenlletgísseu,desenlletgissen	desenlletgir	desenlletgit	desenlletgint	desenlletgeix	-	desenlletgida	desenlletgiu
desentendre	desentenc,desentens,desentén,desentenem,desenteneu,desentenen	desentenia,desentenies,desentenia,desenteníem,desenteníeu,desentenien	desentenguí,desentengueres,desentengué,desentenguérem,desentenguéreu,desentengueren	desentengui,desentenguis,desentengui,desentenguem,desentengueu,desentenguin	desentengués,desentenguesses,desentengués,desentenguéssem,desentenguésseu,desentenguessen	desentendr	desentès	desentenent	desentén	-	desentesa	desenteneu
desfer	desfaig,desfàs,desfà,desfem,desfeu,desfan	desfeia,desfeies,desfeia,desfèiem,desfèieu,desfeien	desfiu,desferes,desféu,desférem,desféreu,desferen	desfaci,desfacis,desfaci,desfem,desfeu,desfacin	desfés,desfessis,desfés,desféssim,desféssiu,desfessin	desfar	desfet	desfent	desfés	-	desfeta	desfeu
deslluir	desllueixo,desllueixes,desllueix,deslluïm,deslluïu,desllueixen	deslluïa,deslluïes,deslluïa,deslluíem,deslluíeu,deslluïen	deslluí,deslluïres,deslluí,deslluírem,deslluíreu,deslluïren	desllueixi,desllueixis,desllueixi,deslluïm,deslluïu,desllueixin	deslluís,deslluïsses,deslluís,deslluíssem,deslluísseu,deslluïssen	deslluir	deslluït	deslluint	desllueix	-	deslluïda	deslluïu
desmaiar	desmaio,desmaies,desmaia,desmaiem,desmaieu,desmaien	desmaiava,desmaiaves,desmaiava,desmaiàvem,desmaiàveu,desmaiaven	desmaí,desmaiares,desmaià,desmaiàrem,desmaiàreu,desmaiaren	desmaï,desmaïs,desmaï,desmaiem,desmaieu,desmaïn	desmaiés,desmaiessis,desmaiés,desmaiéssim,desmaiéssiu,desmaiessin	desmaiar	desmaiat	desmaiant	desmaia	-	desmaiada	desmaieu
desobeir	desobeeixo,desobeeixes,desobeeix,desobeïm,desobeïu,desobeeixen	desobeïa,desobeïes,desobeïa,desobeíem,desobeíeu,desobeïen	desobeí,desobeïres,desobeí,desobeírem,desobeíreu,desobeïren	desobeeixi,desobeeixis,desobeeixi,desobeïm,desobeïu,desobeeixin	desobeís,desobeïssis,desobeís,desobeíssim,desobeíssiu,desobeïssin	desobeir	desobeït	desobeint	desobeeix	-	desobeïda	desobeïu
desobstruir	desobstrueixo,desobstrueixes,desobstrueix,desobstruïm,desobstruïu,desobstrueixen	desobstruïa,desobstruïes,desobstruïa,desobstruíem,desobstruíeu,desobstruïen	desobstruí,desobstruïres,desobstruí,desobstruírem,desobstruíreu,desobstruïren	desobstrueixi,desobstrueixis,desobstrueixi,desobstruïm,desobstruïu,desobstrueixin	desobstruís,desobstruïsses,desobstruís,desobstruíssem,desobstruísseu,desobstruïssen	desobstruir	desobstruït	desobstruint	desobstrueix	-	desobstruïda	desobstruïu
desoir	desoeixo,desoeixes,desoeix,desoïm,desoïu,desoeixen	desoïa,desoïes,desoïa,desoíem,desoíeu,desoïen	desoí,desoïres,desoí,desoírem,desoíreu,desoïren	desoeixi,desoeixis,desoeixi,desoïm,desoïu,desoeixin	desoís,desoïsses,desoís,desoíssem,desoísseu,desoïssen	desoir	desoït	desoint	desoeix	-	desoïda	desoïu
desomplir	desomplo,desomples,desomple,desomplim,desompliu,desomplen	desomplia,desomplies,desomplia,desomplíem,desomplíeu,desomplien	desomplí,desomplires,desomplí,desomplírem,desomplíreu,desompliren	desompli,desomplis,desompli,desomplim,desompliu,desomplin	desomplís,desomplisses,desomplís,desomplíssem,desomplísseu,desomplissen	desomplir	desomplert	desomplint	desomple	-	desomplerta	desompliu
despendre	despenc,despens,despèn,despenem,despeneu,despenen	despenia,despenies,despenia,despeníem,despeníeu,despenien	despenguí,despengueres,despengué,despenguérem,despenguéreu,despengueren	despengui,despenguis,despengui,despenguem,despengueu,despenguin	despengués,despenguessis,despengués,despenguéssim,despenguéssiu,despenguessin	despendr	despès	despenent	despèn	-	despesa	despeneu
desplaure	desplac,desplaus,desplau,desplaem,desplaeu,desplauen	desplaïa,desplaïes,desplaïa,desplaíem,desplaíeu,desplaïen	desplaguí,desplagueres,desplagué,desplaguérem,desplaguéreu,desplagueren	desplagui,desplaguis,desplagui,desplaguem,desplagueu,desplaguin	desplagués,desplaguessis,desplagués,desplaguéssim,desplaguéssiu,desplaguessin	desplaur	desplagut	desplaent	desplau	-	desplaguda	desplaeu
despondre	desponc,despons,despon,desponem,desponeu,desponen	desponia,desponies,desponia,desponíem,desponíeu,desponien	desponguí,despongueres,despongué,desponguérem,desponguéreu,despongueren	despongui,desponguis,despongui,desponguem,despongueu,desponguin	despongués,desponguesses,despongués,desponguéssem,desponguésseu,desponguessen	despondr	despost	desponent	despon	-	desposta	desponeu
desprendre	desprenc,desprens,desprèn,desprenem,despreneu,desprenen	desprenia,desprenies,desprenia,despreníem,despreníeu,desprenien	desprenguí,desprengueres,desprengué,desprenguérem,desprenguéreu,desprengueren	desprengui,desprenguis,desprengui,desprenguem,desprengueu,desprenguin	desprengués,desprenguessis,desprengués,desprenguéssim,desprenguéssiu,desprenguessin	desprendr	desprès	desprenent	desprèn	-	despresa	despreneu
destituir	destitueixo,destitueixes,destitueix,destituïm,destituïu,destitueixen	destituïa,destituïes,destituïa,destituíem,destituíeu,destituïen	destituí,destituïres,destituí,destituírem,destituíreu,destituïren	destitueixi,destitueixis,destitueixi,destituïm,destituïu,destitueixin	destituís,destituïssis,destituís,destituíssim,destituíssiu,destituïssin	destituir	destituït	destituint	destitueix	-	destituïda	destituïu
destruir	destrueixo,destrueixes,destrueix,destruïm,destruïu,destrueixen	destruïa,destruïes,destruïa,destruíem,destruíeu,destruïen	destruí,destruïres,destruí,destruírem,destruíreu,destruïren	destrueixi,destrueixis,destrueixi,destruïm,destruïu,destrueixin	destruís,destruïssis,destruís,destruíssim,destruíssiu,destruïssin	destruir	destruït	destruint	destrueix	1	destruïda	destruïu
destrènyer	destrenyo,destrenys,destreny,destrenyem,destrenyeu,destrenyen	destrenyia,destrenyies,destrenyia,destrenyíem,destrenyíeu,destrenyien	destrenyí,destrenyeres,destrenyé,destrenyérem,destrenyéreu,destrenyeren	destrenyi,destrenyis,destrenyi,destrenyem,destrenyeu,destrenyin	destrenyés,destrenyesses,destrenyés,destrenyéssem,destrenyésseu,destrenyessen	destrenyer	destret	destrenyent	destreny	-	destreta	destrenyeu
desviure	desvisc,desvius,desviu,desvivim,desviviu,desviuen	desvivia,desvivies,desvivia,desvivíem,desvivíeu,desvivien	desvisquí,desvisqueres,desvisqué,desvisquérem,desvisquéreu,desvisqueren	desvisqui,desvisquis,desvisqui,desvisquem,desvisqueu,desvisquin	desvisqués,desvisquesses,desvisqués,desvisquéssem,desvisquésseu,desvisquessen	desviur	desviscut	desvivint	desviu	-	desviscuda	desviviu
detenir	detinc,detens,deté,detenim,deteniu,detenen	detenia,detenies,detenia,deteníem,deteníeu,detenien	detinguí,detingueres,detingué,detinguérem,detinguéreu,detingueren	detingui,detinguis,detingui,detinguem,detingueu,detinguin	detingués,detinguessis,detingués,detinguéssim,detinguéssiu,detinguessin	detindr	detingut	detenint	detingues	-	detinguda	deteniu
detergir	detergeixo,detergeixes,detergeix,detergim,detergiu,detergeixen	detergia,detergies,detergia,detergíem,detergíeu,detergien	detergí,detergires,detergí,detergírem,detergíreu,detergiren	detergeixi,detergeixis,detergeixi,detergim,detergiu,detergeixin	detergís,detergisses,detergís,detergíssem,detergísseu,detergissen	detergir	detergit	detergint	detergeix	-	detergida	detergiu
detreure	detrac,detraus,detrau,detraiem,detraieu,detrauen	detreia,detreies,detreia,detrèiem,detrèieu,detreien	detraguí,detragueres,detragué,detraguérem,detraguéreu,detragueren	detragui,detraguis,detragui,detraguem,detragueu,detraguin	detragués,detraguesses,detragués,detraguéssem,detraguésseu,detraguessen	detraur	detret	detraient	detrau	-	detreta	detraieu
deure	dec,deus,deu,devem,deveu,deuen	devia,devies,devia,devíem,devíeu,devien	deguí,degueres,degué,deguérem,deguéreu,degueren	degui,deguis,degui,deguem,degueu,deguin	degués,deguessis,degués,deguéssim,deguéssiu,deguessin	deur	degut	devent	deu	-	deguda	deveu
difluir	diflueixo,diflueixes,diflueix,difluïm,difluïu,diflueixen	difluïa,difluïes,difluïa,difluíem,difluíeu,difluïen	difluí,difluïres,difluí,difluírem,difluíreu,difluïren	diflueixi,diflueixis,diflueixi,difluïm,difluïu,diflueixin	difluís,difluïsses,difluís,difluíssem,difluísseu,difluïssen	difluir	difluït	difluint	diflueix	-	difluïda	difluïu
difondre	difonc,difons,difon,difonem,difoneu,difonen	difonia,difonies,difonia,difoníem,difoníeu,difonien	difonguí,difongueres,difongué,difonguérem,difonguéreu,difongueren	difongui,difonguis,difongui,difonguem,difongueu,difonguin	difongués,difonguessis,difongués,difonguéssim,difonguéssiu,difonguessin	difondr	difós	difonent	difon	-	difosa	difoneu
diluir	dilueixo,dilueixes,dilueix,diluïm,diluïu,dilueixen	diluïa,diluïes,diluïa,diluíem,diluíeu,diluïen	diluí,diluïres,diluí,diluírem,diluíreu,diluïren	dilueixi,dilueixis,dilueixi,diluïm,diluïu,dilueixin	diluís,diluïssis,diluís,diluíssim,diluíssiu,diluïssin	diluir	diluït	diluint	dilueix	-	diluïda	diluïu
dir	dic,dius,diu,diem,dieu,diuen	deia,deies,deia,dèiem,dèieu,deien	diguí,digueres,digué,diguérem,diguéreu,digueren	digui,diguis,digui,diguem,digueu,diguin	digués,diguessis,digués,diguéssim,diguéssiu,diguessin	dir	dit	dient	digues	1	dita	digueu
dirigir	dirigeixo,dirigeixes,dirigeix,dirigim,dirigiu,dirigeixen	dirigia,dirigies,dirigia,dirigíem,dirigíeu,dirigien	dirigí,dirigires,dirigí,dirigírem,dirigíreu,dirigiren	dirigeixi,dirigeixis,dirigeixi,dirigim,dirigiu,dirigeixin	dirigís,dirigissis,dirigís,dirigíssim,dirigíssiu,dirigissin	dirigir	dirigit	dirigint	dirigeix	1	dirigida	dirigiu
discórrer	discorro,discorres,discorre,discorrem,discorreu,discorren	discorria,discorries,discorria,discorríem,discorríeu,discorrien	discorreguí,discorregueres,discorregué,discorreguérem,discorreguéreu,discorregueren	discorri,discorris,discorri,discorreguem,discorregueu,discorrin	discorregués,discorreguessis,discorregués,discorreguéssim,discorreguéssiu,discorreguessin	discorrer	discorregut	discorrent	discorre	-	discorreguda	discorreu
disminuir	disminueixo,disminueixes,disminueix,disminuïm,disminuïu,disminueixen	disminuïa,disminuïes,disminuïa,disminuíem,disminuíeu,disminuïen	disminuí,disminuïres,disminuí,disminuírem,disminuíreu,disminuïren	disminueixi,disminueixis,disminueixi,disminuïm,disminuïu,disminueixin	disminuís,disminuïssis,disminuís,disminuíssim,disminuíssiu,disminuïssin	disminuir	disminuït	disminuint	disminueix	-	disminuïda	disminuïu
dispergir	dispergeixo,dispergeixes,dispergeix,dispergim,dispergiu,dispergeixen	dispergia,dispergies,dispergia,dispergíem,dispergíeu,dispergien	dispergí,dispergires,dispergí,dispergírem,dispergíreu,dispergiren	dispergeixi,dispergeixis,dispergeixi,dispergim,dispergiu,dispergeixin	dispergís,dispergisses,dispergís,dispergíssem,dispergísseu,dispergissen	dispergir	dispergit	dispergint	dispergeix	-	dispergida	dispergiu
dissentir	dissenteixo,dissenteixes,dissenteix,dissentim,dissentiu,dissenteixen	dissentia,dissenties,dissentia,dissentíem,dissentíeu,dissentien	dissentí,dissentires,dissentí,dissentírem,dissentíreu,dissentiren	dissenteixi,dissenteixis,dissenteixi,dissentim,dissentiu,dissenteixin	dissentís,dissentissis,dissentís,dissentíssim,dissentíssiu,dissentissin	dissentir	dissentit	dissentint	dissenteix	-	dissentida	dissentiu
dissoldre	dissolc,dissols,dissol,dissolem,dissoleu,dissolen	dissolia,dissolies,dissolia,dissolíem,dissolíeu,dissolien	dissolguí,dissolgueres,dissolgué,dissolguérem,dissolguéreu,dissolgueren	dissolgui,dissolguis,dissolgui,dissolguem,dissolgueu,dissolguin	dissolgués,dissolguessis,dissolgués,dissolguéssim,dissolguéssiu,dissolguessin	dissoldr	dissolt	dissolent	dissol	-	dissolta	dissoleu
distendre	distenc,distens,distén,distenem,disteneu,distenen	distenia,distenies,distenia,disteníem,disteníeu,distenien	distenguí,distengueres,distengué,distenguérem,distenguéreu,distengueren	distengui,distenguis,distengui,distenguem,distengueu,distenguin	distengués,distenguessis,distengués,distenguéssim,distenguéssiu,distenguessin	distendr	distès	distenent	distén	-	distesa	disteneu
distingir	distingeixo,distingeixes,distingeix,distingim,distingiu,distingeixen	distingia,distingies,distingia,distingíem,distingíeu,distingien	distingí,distingires,distingí,distingírem,distingíreu,distingiren	distingeixi,distingeixis,distingeixi,distingim,distingiu,distingeixin	distingís,distingissis,distingís,distingíssim,distingíssiu,distingissin	distingir	distingit	distingint	distingeix	1	distingida	distingiu
distreure	distrac,distraus,distrau,distraiem,distraieu,distrauen	distreia,distreies,distreia,distrèiem,distrèieu,distreien	distraguí,distragueres,distragué,distraguérem,distraguéreu,distragueren	distregui,distreguis,distregui,distraguem,distragueu,distreguin	distragués,distraguessis,distragués,distraguéssim,distraguéssiu,distraguessin	distraur	distret	distraient	distrau	-	distreta	distraieu
distribuir	distribueixo,distribueixes,distribueix,distribuïm,distribuïu,distribueixen	distribuïa,distribuïes,distribuïa,distribuíem,distribuíeu,distribuïen	distribuí,distribuïres,distribuí,distribuírem,distribuíreu,distribuïren	distribueixi,distribueixis,distribueixi,distribuïm,distribuïu,distribueixin	distribuís,distribuïssis,distribuís,distribuíssim,distribuíssiu,distribuïssin	distribuir	distribuït	distribuint	distribueix	-	distribuïda	distribuïu
distòrcer	distorço,distorces,distorç,distorcem,distorceu,distorcen	distorcia,distorcies,distorcia,distorcíem,distorcíeu,distorcien	distorcí,distorceres,distorcé,distorcérem,distorcéreu,distorceren	distorci,distorcis,distorci,distorcem,distorceu,distorcin	distorcés,distorcesses,distorcés,distorcéssem,distorcésseu,distorcessen	distorcer	distorçut	distorcent	distorç	-	distorçuda	distorceu
divergir	divergeixo,divergeixes,divergeix,divergim,divergiu,divergeixen	divergia,divergies,divergia,divergíem,divergíeu,divergien	divergí,divergires,divergí,divergírem,divergíreu,divergiren	divergeixi,divergeixis,divergeixi,divergim,divergiu,divergeixin	divergís,divergissis,divergís,divergíssim,divergíssiu,divergissin	divergir	divergit	divergint	divergeix	-	divergida	divergiu
doldre	dolc,dols,dol,dolem,doleu,dolen	dolia,dolies,dolia,dolíem,dolíeu,dolien	dolguí,dolgueres,dolgué,dolguérem,dolguéreu,dolgueren	dolgui,dolguis,dolgui,dolguem,dolgueu,dolguin	dolgués,dolguessis,dolgués,dolguéssim,dolguéssiu,dolguessin	doldr	dolgut	dolent	dol	1	dolguda	doleu
donar	dono,dónes,dóna,donem,doneu,donen	donava,donaves,donava,donàvem,donàveu,donaven	doní,donares,donà,donàrem,donàreu,donaren	doni,donis,doni,donem,doneu,donin	donés,donessis,donés,donéssim,donéssiu,donessin	donar	donat	donant	dóna	1	donada	doneu
eduir	edueixo,edueixes,edueix,eduïm,eduïu,edueixen	eduïa,eduïes,eduïa,eduíem,eduíeu,eduïen	eduí,eduïres,eduí,eduírem,eduíreu,eduïren	edueixi,edueixis,edueixi,eduïm,eduïu,edueixin	eduís,eduïsses,eduís,eduíssem,eduísseu,eduïssen	eduir	eduït	eduint	edueix	1	eduïda	eduïu
efluir	eflueixo,eflueixes,eflueix,efluïm,efluïu,eflueixen	efluïa,efluïes,efluïa,efluíem,efluíeu,efluïen	efluí,efluïres,efluí,efluírem,efluíreu,efluïren	eflueixi,eflueixis,eflueixi,efluïm,efluïu,eflueixin	efluís,efluïssis,efluís,efluíssim,efluíssiu,efluïssin	efluir	efluït	efluint	eflueix	-	efluïda	efluïu
eixarreir	eixarreeixo,eixarreeixes,eixarreeix,eixarreïm,eixarreïu,eixarreeixen	eixarreïa,eixarreïes,eixarreïa,eixarreíem,eixarreíeu,eixarreïen	eixarreí,eixarreïres,eixarreí,eixarreírem,eixarreíreu,eixarreïren	eixarreeixi,eixarreeixis,eixarreeixi,eixarreïm,eixarreïu,eixarreeixin	eixarreís,eixarreïssis,eixarreís,eixarreíssim,eixarreíssiu,eixarreïssin	eixarreir	eixarreït	eixarreint	eixarreeix	-	eixarreïda	eixarreïu
eixir	ixo,ixes,ix,eixim,eixiu,ixen	eixia,eixies,eixia,eixíem,eixíeu,eixien	eixí,eixires,eixí,eixírem,eixíreu,eixiren	ixi,ixis,ixi,eixim,eixiu,ixin	eixís,eixissis,eixís,eixíssim,eixíssiu,eixissin	eixir	eixit	eixint	ix	1	eixida	eixiu
eixobrir	eixobreixo,eixobreixes,eixobreix,eixobrim,eixobriu,eixobreixen	eixobria,eixobries,eixobria,eixobríem,eixobríeu,eixobrien	eixobrí,eixobrires,eixobrí,eixobrírem,eixobríreu,eixobriren	eixobreixi,eixobreixis,eixobreixi,eixobrim,eixobriu,eixobreixin	eixobrís,eixobrisses,eixobrís,eixobríssem,eixobrísseu,eixobrissen	eixobrir	eixobrit	eixobrint	eixobreix	-	eixobrida	eixobriu
elegir	elegeixo,elegeixes,elegeix,elegim,elegiu,elegeixen	elegia,elegies,elegia,elegíem,elegíeu,elegien	elegí,elegires,elegí,elegírem,elegíreu,elegiren	elegeixi,elegeixis,elegeixi,elegim,elegiu,elegeixin	elegís,elegissis,elegís,elegíssim,elegíssiu,elegissin	elegir	elegit	elegint	elegeix	-	elegida	elegiu
eluir	elueixo,elueixes,elueix,eluïm,eluïu,elueixen	eluïa,eluïes,eluïa,eluíem,eluíeu,eluïen	eluí,eluïres,eluí,eluírem,eluíreu,eluïren	elueixi,elueixis,elueixi,eluïm,eluïu,elueixin	eluís,eluïsses,eluís,eluíssem,eluísseu,eluïssen	eluir	eluït	eluint	elueix	-	eluïda	eluïu
embeure	embec,embeus,embeu,embevem,embeveu,embeuen	embevia,embevies,embevia,embevíem,embevíeu,embevien	embeguí,embegueres,embegué,embeguérem,embeguéreu,embegueren	embegui,embeguis,embegui,embeguem,embegueu,embeguin	embegués,embeguessis,embegués,embeguéssim,embeguéssiu,embeguessin	embeur	embegut	embevent	embeu	-	embeguda	embeveu
emblanquir	emblanqueixo,emblanqueixes,emblanqueix,emblanquim,emblanquiu,emblanqueixen	emblanquia,emblanquies,emblanquia,emblanquíem,emblanquíeu,emblanquien	emblanquí,emblanquires,emblanquí,emblanquírem,emblanquíreu,emblanquiren	emblanqueixi,emblanqueixis,emblanqueixi,emblanquim,emblanquiu,emblanqueixin	emblanquís,emblanquissis,emblanquís,emblanquíssim,emblanquíssiu,emblanquissin	emblanquir	emblanquit	emblanquint	emblanqueix	-	emblanquida	emblanquiu
embogir	embogeixo,embogeixes,embogeix,embogim,embogiu,embogeixen	embogia,embogies,embogia,embogíem,embogíeu,embogien	embogí,embogires,embogí,embogírem,embogíreu,embogiren	embogeixi,embogeixis,embogeixi,embogim,embogiu,embogeixin	embogís,embogissis,embogís,embogíssim,embogíssiu,embogissin	embogir	embogit	embogint	embogeix	-	embogida	embogiu
emboniquir	emboniqueixo,emboniqueixes,emboniqueix,emboniquim,emboniquiu,emboniqueixen	emboniquia,emboniquies,emboniquia,emboniquíem,emboniquíeu,emboniquien	emboniquí,emboniquires,emboniquí,emboniquírem,emboniquíreu,emboniquiren	emboniqueixi,emboniqueixis,emboniqueixi,emboniquim,emboniquiu,emboniqueixin	emboniquís,emboniquisses,emboniquís,emboniquíssem,emboniquísseu,emboniquissen	emboniquir	emboniquit	emboniquint	emboniqueix	-	emboniquida	emboniquiu
embordeir	embordeeixo,embordeeixes,embordeeix,embordeïm,embordeïu,embordeeixen	embordeïa,embordeïes,embordeïa,embordeíem,embordeíeu,embordeïen	embordeí,embordeïres,embordeí,embordeírem,embordeíreu,embordeïren	embordeeixi,embordeeixis,embordeeixi,embordeïm,embordeïu,embordeeixin	embordeís,embordeïsses,embordeís,embordeíssem,embordeísseu,embordeïssen	embordeir	embordeït	embordeint	embordeeix	-	embordeïda	embordeïu
emergir	emergeixo,emergeixes,emergeix,emergim,emergiu,emergeixen	emergia,emergies,emergia,emergíem,emergíeu,emergien	emergí,emergires,emergí,emergírem,emergíreu,emergiren	emergeixi,emergeixis,emergeixi,emergim,emergiu,emergeixin	emergís,emergissis,emergís,emergíssim,emergíssiu,emergissin	emergir	emergit	emergint	emergeix	-	emergida	emergiu
emetre	emeto,emets,emet,emetem,emeteu,emeten	emetia,emeties,emetia,emetíem,emetíeu,emetien	emetí,emeteres,emeté,emetérem,emetéreu,emeteren	emeti,emetis,emeti,emetem,emeteu,emetin	emetés,emetessis,emetés,emetéssim,emetéssiu,emetessin	emetr	emès	emetent	emet	1	emesa	emeteu
emmaleir	emmaleeixo,emmaleeixes,emmaleeix,emmaleïm,emmaleïu,emmaleeixen	emmaleïa,emmaleïes,emmaleïa,emmaleíem,emmaleíeu,emmaleïen	emmaleí,emmaleïres,emmaleí,emmaleírem,emmaleíreu,emmaleïren	emmaleeixi,emmaleeixis,emmaleeixi,emmaleïm,emmaleïu,emmaleeixin	emmaleís,emmaleïsses,emmaleís,emmaleíssem,emmaleísseu,emmaleïssen	emmaleir	emmaleït	emmaleint	emmaleeix	-	emmaleïda	emmaleïu
emmanseir	emmanseeixo,emmanseeixes,emmanseeix,emmanseïm,emmanseïu,emmanseeixen	emmanseïa,emmanseïes,emmanseïa,emmanseíem,emmanseíeu,emmanseïen	emmanseí,emmanseïres,emmanseí,emmanseírem,emmanseíreu,emmanseïren	emmanseeixi,emmanseeixis,emmanseeixi,emmanseïm,emmanseïu,emmanseeixin	emmanseís,emmanseïsses,emmanseís,emmanseíssem,emmanseísseu,emmanseïssen	emmanseir	emmanseït	emmanseint	emmanseeix	-	emmanseïda	emmanseïu
emmarcir	emmarceixo,emmarceixes,emmarceix,emmarcim,emmarciu,emmarceixen	emmarcia,emmarcies,emmarcia,emmarcíem,emmarcíeu,emmarcien	emmarcí,emmarcires,emmarcí,emmarcírem,emmarcíreu,emmarciren	emmarceixi,emmarceixis,emmarceixi,emmarcim,emmarciu,emmarceixin	emmarcís,emmarcisses,emmarcís,emmarcíssem,emmarcísseu,emmarcissen	emmarcir	emmarcit	emmarcint	emmarceix	-	emmarcida	emmarciu
emmelangir	emmelangeixo,emmelangeixes,emmelangeix,emmelangim,emmelangiu,emmelangeixen	emmelangia,emmelangies,emmelangia,emmelangíem,emmelangíeu,emmelangien	emmelangí,emmelangires,emmelangí,emmelangírem,emmelangíreu,emmelangiren	emmelangeixi,emmelangeixis,emmelangeixi,emmelangim,emmelangiu,emmelangeixin	emmelangís,emmelangisses,emmelangís,emmelangíssem,emmelangísseu,emmelangissen	emmelangir	emmelangit	emmelangint	emmelangeix	-	emmelangida	emmelangiu
emmusteir	emmusteeixo,emmusteeixes,emmusteeix,emmusteïm,emmusteïu,emmusteeixen	emmusteïa,emmusteïes,emmusteïa,emmusteíem,emmusteíeu,emmusteïen	emmusteí,emmusteïres,emmusteí,emmusteírem,emmusteíreu,emmusteïren	emmusteeixi,emmusteeixis,emmusteeixi,emmusteïm,emmusteïu,emmusteeixin	emmusteís,emmusteïsses,emmusteís,emmusteíssem,emmusteísseu,emmusteïssen	emmusteir	emmusteït	emmusteint	emmusteeix	-	emmusteïda	emmusteïu
empedreir	empedreeixo,empedreeixes,empedreeix,empedreïm,empedreïu,empedreeixen	empedreïa,empedreïes,empedreïa,empedreíem,empedreíeu,empedreïen	empedreí,empedreïres,empedreí,empedreírem,empedreíreu,empedreïren	empedreeixi,empedreeixis,empedreeixi,empedreïm,empedreïu,empedreeixin	empedreís,empedreïsses,empedreís,empedreíssem,empedreísseu,empedreïssen	empedreir	empedreït	empedreint	empedreeix	-	empedreïda	empedreïu
empegueir	empegueeixo,empegueeixes,empegueeix,empegueïm,empegueïu,empegueeixen	empegueïa,empegueïes,empegueïa,empegueíem,empegueíeu,empegueïen	empegueí,empegueïres,empegueí,empegueírem,empegueíreu,empegueïren	empegueeixi,empegueeixis,empegueeixi,empegueïm,empegueïu,empegueeixin	empegueís,empegueïsses,empegueís,empegueíssem,empegueísseu,empegueïssen	empegueir	empegueït	empegueint	empegueeix	-	empegueïda	empegueïu
empobrir	empobreixo,empobreixes,empobreix,empobrim,empobriu,empobreixen	empobria,empobries,empobria,empobríem,empobríeu,empobrien	empobrí,empobrires,empobrí,empobrírem,empobríreu,empobriren	empobreixi,empobreixis,empobreixi,empobrim,empobriu,empobreixin	empobrís,empobrissis,empobrís,empobríssim,empobríssiu,empobrissin	empobrir	empobrit	empobrint	empobreix	1	empobrida	empobriu
empoquir	empoqueixo,empoqueixes,empoqueix,empoquim,empoquiu,empoqueixen	empoquia,empoquies,empoquia,empoquíem,empoquíeu,empoquien	empoquí,empoquires,empoquí,empoquírem,empoquíreu,empoquiren	empoqueixi,empoqueixis,empoqueixi,empoquim,empoquiu,empoqueixin	empoquís,empoquisses,empoquís,empoquíssem,empoquísseu,empoquissen	empoquir	empoquit	empoquint	empoqueix	-	empoquida	empoquiu
emprendre	emprenc,emprens,emprèn,emprenem,empreneu,emprenen	emprenia,emprenies,emprenia,empreníem,empreníeu,emprenien	emprenguí,emprengueres,emprengué,emprenguérem,emprenguéreu,emprengueren	emprengui,emprenguis,emprengui,emprenguem,emprengueu,emprenguin	emprengués,emprenguessis,emprengués,emprenguéssim,emprenguéssiu,emprenguessin	emprendr	emprès	emprenent	emprèn	-	empresa	empreneu
empudeir	empudeeixo,empudeeixes,empudeeix,empudeïm,empudeïu,empudeeixen	empudeïa,empudeïes,empudeïa,empudeíem,empudeíeu,empudeïen	empudeí,empudeïres,empudeí,empudeírem,empudeíreu,empudeïren	empudeeixi,empudeeixis,empudeeixi,empudeïm,empudeïu,empudeeixin	empudeís,empudeïsses,empudeís,empudeíssem,empudeísseu,empudeïssen	empudeir	empudeït	empudeint	empudeeix	-	empudeïda	empudeïu
empènyer	empenyo,empenys,empeny,empenyem,empenyeu,empenyen	empenyia,empenyies,empenyia,empenyíem,empenyíeu,empenyien	empenyí,empenyeres,empenyé,empenyérem,empenyéreu,empenyeren	empenyi,empenyis,empenyi,empenyem,empenyeu,empenyin	empenyés,empenyessis,empenyés,empenyéssim,empenyéssiu,empenyessin	empenyer	empès	empenyent	empeny	-	empesa	empenyeu
encauar	encauo,encaues,encaua,encauem,encaueu,encauen	encauava,encauaves,encauava,encauàvem,encauàveu,encauaven	encauí,encauares,encauà,encauàrem,encauàreu,encauaren	encaui,encauis,encaui,encauem,encaueu,encauin	encaués,encauesses,encaués,encauéssem,encauésseu,encauessen	encauar	encauat	encauant	encaua	-	encauada	encaueu
encendre	encenc,encens,encén,encenem,enceneu,encenen	encenia,encenies,encenia,enceníem,enceníeu,encenien	encenguí,encengueres,encengué,encenguérem,encenguéreu,encengueren	encengui,encenguis,encengui,encenguem,encengueu,encenguin	encengués,encenguessis,encengués,encenguéssim,encenguéssiu,encenguessin	encendr	encès	encenent	encén	-	encesa	enceneu
encloure	encloc,enclous,enclou,encloem,encloeu,enclouen	encloïa,encloïes,encloïa,encloíem,encloíeu,encloïen	encloguí,enclogueres,enclogué,encloguérem,encloguéreu,enclogueren	enclogui,encloguis,enclogui,encloguem,enclogueu,encloguin	enclogués,encloguessis,enclogués,encloguéssim,encloguéssiu,encloguessin	enclour	enclòs	encloent	enclou	-	enclosa	encloeu
encobeir	encobeeixo,encobeeixes,encobeeix,encobeïm,encobeïu,encobeeixen	encobeïa,encobeïes,encobeïa,encobeíem,encobeíeu,encobeïen	encobeí,encobeïres,encobeí,encobeírem,encobeíreu,encobeïren	encobeeixi,encobeeixis,encobeeixi,encobeïm,encobeïu,encobeeixin	encobeís,encobeïsses,encobeís,encobeíssem,encobeísseu,encobeïssen	encobeir	encobeït	encobeint	encobeeix	-	encobeïda	encobeïu
encobrir	encobreixo,encobreixes,encobreix,encobrim,encobriu,encobreixen	encobria,encobries,encobria,encobríem,encobríeu,encobrien	encobrí,encobrires,encobrí,encobrírem,encobríreu,encobriren	encobreixi,encobreixis,encobreixi,encobrim,encobriu,encobreixin	encobrís,encobrisses,encobrís,encobríssem,encobrísseu,encobrissen	encobrir	encobert	encobrint	encobreix	-	encoberta	encobriu
encongir	encongeixo,encongeixes,encongeix,encongim,encongiu,encongeixen	encongia,encongies,encongia,encongíem,encongíeu,encongien	encongí,encongires,encongí,encongírem,encongíreu,encongiren	encongeixi,encongeixis,encongeixi,encongim,encongiu,encongeixin	encongís,encongissis,encongís,encongíssim,encongíssiu,encongissin	encongir	encongit	encongint	encongeix	1	encongida	encongiu
encreuar	encreuo,encreues,encreua,encreuem,encreueu,encreuen	encreuava,encreuaves,encreuava,encreuàvem,encreuàveu,encreuaven	encreuí,encreuares,encreuà,encreuàrem,encreuàreu,encreuaren	encreui,encreuis,encreui,encreuem,encreueu,encreuin	encreués,encreuessis,encreués,encreuéssim,encreuéssiu,encreuessin	encreuar	encreuat	encreuant	encreua	1	encreuada	encreueu
encórrer	encorro,encorres,encorre,encorrem,encorreu,encorren	encorria,encorries,encorria,encorríem,encorríeu,encorrien	encorreguí,encorregueres,encorregué,encorreguérem,encorreguéreu,encorregueren	encorri,encorris,encorri,encorreguem,encorregueu,encorrin	encorregués,encorreguessis,encorregués,encorreguéssim,encorreguéssiu,encorreguessin	encorrer	encorregut	encorrent	encorre	-	encorreguda	encorreu
endolcir	endolceixo,endolceixes,endolceix,endolcim,endolciu,endolceixen	endolcia,endolcies,endolcia,endolcíem,endolcíeu,endolcien	endolcí,endolcires,endolcí,endolcírem,endolcíreu,endolciren	endolceixi,endolceixis,endolceixi,endolcim,endolciu,endolceixin	endolcís,endolcissis,endolcís,endolcíssim,endolcíssiu,endolcissin	endolcir	endolcit	endolcint	endolceix	1	endolcida	endolciu
enfadeir	enfadeeixo,enfadeeixes,enfadeeix,enfadeïm,enfadeïu,enfadeeixen	enfadeïa,enfadeïes,enfadeïa,enfadeíem,enfadeíeu,enfadeïen	enfadeí,enfadeïres,enfadeí,enfadeírem,enfadeíreu,enfadeïren	enfadeeixi,enfadeeixis,enfadeeixi,enfadeïm,enfadeïu,enfadeeixin	enfadeís,enfadeïsses,enfadeís,enfadeíssem,enfadeísseu,enfadeïssen	enfadeir	enfadeït	enfadeint	enfadeeix	-	enfadeïda	enfadeïu
enfereir	enfereeixo,enfereeixes,enfereeix,enfereïm,enfereïu,enfereeixen	enfereïa,enfereïes,enfereïa,enfereíem,enfereíeu,enfereïen	enfereí,enfereïres,enfereí,enfereírem,enfereíreu,enfereïren	enfereeixi,enfereeixis,enfereeixi,enfereïm,enfereïu,enfereeixin	enfereís,enfereïsses,enfereís,enfereíssem,enfereísseu,enfereïssen	enfereir	enfereït	enfereint	enfereeix	-	enfereïda	enfereïu
enferotgir	enferotgeixo,enferotgeixes,enferotgeix,enferotgim,enferotgiu,enferotgeixen	enferotgia,enferotgies,enferotgia,enferotgíem,enferotgíeu,enferotgien	enferotgí,enferotgires,enferotgí,enferotgírem,enferotgíreu,enferotgiren	enferotgeixi,enferotgeixis,enferotgeixi,enferotgim,enferotgiu,enferotgeixin	enferotgís,enferotgisses,enferotgís,enferotgíssem,enferotgísseu,enferotgissen	enferotgir	enferotgit	enferotgint	enferotgeix	-	enferotgida	enferotgiu
enfondre	enfonc,enfons,enfon,enfonem,enfoneu,enfonen	enfonia,enfonies,enfonia,enfoníem,enfoníeu,enfonien	enfonguí,enfongueres,enfongué,enfonguérem,enfonguéreu,enfongueren	enfongui,enfonguis,enfongui,enfonguem,enfongueu,enfonguin	enfongués,enfonguessis,enfongués,enfonguéssim,enfonguéssiu,enfonguessin	enfondr	enfús	enfonent	enfon	-	enfusa	enfoneu
enforfoguir	enforfogueixo,enforfogueixes,enforfogueix,enforfoguim,enforfoguiu,enforfogueixen	enforfoguia,enforfoguies,enforfoguia,enforfoguíem,enforfoguíeu,enforfoguien	enforfoguí,enforfoguires,enforfoguí,enforfoguírem,enforfoguíreu,enforfoguiren	enforfogueixi,enforfogueixis,enforfogueixi,enforfoguim,enforfoguiu,enforfogueixin	enforfoguís,enforfoguisses,enforfoguís,enforfoguíssem,enforfoguísseu,enforfoguissen	enforfoguir	enforfoguit	enforfoguint	enforfogueix	-	enforfoguida	enforfoguiu
enfosquir	enfosqueixo,enfosqueixes,enfosqueix,enfosquim,enfosquiu,enfosqueixen	enfosquia,enfosquies,enfosquia,enfosquíem,enfosquíeu,enfosquien	enfosquí,enfosquires,enfosquí,enfosquírem,enfosquíreu,enfosquiren	enfosqueixi,enfosqueixis,enfosqueixi,enfosquim,enfosquiu,enfosqueixin	enfosquís,enfosquissis,enfosquís,enfosquíssim,enfosquíssiu,enfosquissin	enfosquir	enfosquit	enfosquint	enfosqueix	-	enfosquida	enfosquiu
enfranquir	enfranqueixo,enfranqueixes,enfranqueix,enfranquim,enfranquiu,enfranqueixen	enfranquia,enfranquies,enfranquia,enfranquíem,enfranquíeu,enfranquien	enfranquí,enfranquires,enfranquí,enfranquírem,enfranquíreu,enfranquiren	enfranqueixi,enfranqueixis,enfranqueixi,enfranquim,enfranquiu,enfranqueixin	enfranquís,enfranquisses,enfranquís,enfranquíssem,enfranquísseu,enfranquissen	enfranquir	enfranquit	enfranquint	enfranqueix	-	enfranquida	enfranquiu
enfugir	enfujo,enfuges,enfuig,enfugim,enfugiu,enfugen	enfugia,enfugies,enfugia,enfugíem,enfugíeu,enfugien	enfugí,enfugires,enfugí,enfugírem,enfugíreu,enfugiren	enfugi,enfugis,enfugi,enfugim,enfugiu,enfugin	enfugís,enfugisses,enfugís,enfugíssem,enfugísseu,enfugissen	enfugir	enfugit	enfugint	enfuig	-	enfugida	enfugiu
engroguir	engrogueixo,engrogueixes,engrogueix,engroguim,engroguiu,engrogueixen	engroguia,engroguies,engroguia,engroguíem,engroguíeu,engroguien	engroguí,engroguires,engroguí,engroguírem,engroguíreu,engroguiren	engrogueixi,engrogueixis,engrogueixi,engroguim,engroguiu,engrogueixin	engroguís,engroguissis,engroguís,engroguíssim,engroguíssiu,engroguissin	engroguir	engroguit	engroguint	engrogueix	-	engroguida	engroguiu
engrosser	-	-	-	-	-	-	-	-	-	-	-	-
enjoiar	enjoio,enjoies,enjoia,enjoiem,enjoieu,enjoien	enjoiava,enjoiaves,enjoiava,enjoiàvem,enjoiàveu,enjoiaven	enjoí,enjoiares,enjoià,enjoiàrem,enjoiàreu,enjoiaren	enjoï,enjoïs,enjoï,enjoiem,enjoieu,enjoïn	enjoiés,enjoiessis,enjoiés,enjoiéssim,enjoiéssiu,enjoiessin	enjoiar	enjoiat	enjoiant	enjoia	-	enjoiada	enjoieu
enlleir	enlleeixo,enlleeixes,enlleeix,enlleïm,enlleïu,enlleeixen	enlleïa,enlleïes,enlleïa,enlleíem,enlleíeu,enlleïen	enlleí,enlleïres,enlleí,enlleírem,enlleíreu,enlleïren	enlleeixi,enlleeixis,enlleeixi,enlleïm,enlleïu,enlleeixin	enlleís,enlleïsses,enlleís,enlleíssem,enlleísseu,enlleïssen	enlleir	enlleït	enlleint	enlleeix	-	enlleïda	enlleïu
enlletgir	enlletgeixo,enlletgeixes,enlletgeix,enlletgim,enlletgiu,enlletgeixen	enlletgia,enlletgies,enlletgia,enlletgíem,enlletgíeu,enlletgien	enlletgí,enlletgires,enlletgí,enlletgírem,enlletgíreu,enlletgiren	enlletgeixi,enlletgeixis,enlletgeixi,enlletgim,enlletgiu,enlletgeixin	enlletgís,enlletgissis,enlletgís,enlletgíssim,enlletgíssiu,enlletgissin	enlletgir	enlletgit	enlletgint	enlletgeix	1	enlletgida	enlletgiu
enlluir	enllueixo,enllueixes,enllueix,enlluïm,enlluïu,enllueixen	enlluïa,enlluïes,enlluïa,enlluíem,enlluíeu,enlluïen	enlluí,enlluïres,enlluí,enlluírem,enlluíreu,enlluïren	enllueixi,enllueixis,enllueixi,enlluïm,enlluïu,enllueixin	enlluís,enlluïsses,enlluís,enlluíssem,enlluísseu,enlluïssen	enlluir	enlluït	enlluint	enllueix	-	enlluïda	enlluïu
enraiar	enraio,enraies,enraia,enraiem,enraieu,enraien	enraiava,enraiaves,enraiava,enraiàvem,enraiàveu,enraiaven	enraí,enraiares,enraià,enraiàrem,enraiàreu,enraiaren	enraï,enraïs,enraï,enraiem,enraieu,enraïn	enraiés,enraiesses,enraiés,enraiéssem,enraiésseu,enraiessen	enraiar	enraiat	enraiant	enraia	-	enraiada	enraieu
enrancir	enranceixo,enranceixes,enranceix,enrancim,enranciu,enranceixen	enrancia,enrancies,enrancia,enrancíem,enrancíeu,enrancien	enrancí,enrancires,enrancí,enrancírem,enrancíreu,enranciren	enranceixi,enranceixis,enranceixi,enrancim,enranciu,enranceixin	enrancís,enrancisses,enrancís,enrancíssem,enrancísseu,enrancissen	enrancir	enrancit	enrancint	enranceix	-	enrancida	enranciu
enriquir	enriqueixo,enriqueixes,enriqueix,enriquim,enriquiu,enriqueixen	enriquia,enriquies,enriquia,enriquíem,enriquíeu,enriquien	enriquí,enriquires,enriquí,enriquírem,enriquíreu,enriquiren	enriqueixi,enriqueixis,enriqueixi,enriquim,enriquiu,enriqueixin	enriquís,enriquissis,enriquís,enriquíssim,enriquíssiu,enriquissin	enriquir	enriquit	enriquint	enriqueix	-	enriquida	enriquiu
enriuar	enriuo,enriues,enriua,enriuem,enriueu,enriuen	enriuava,enriuaves,enriuava,enriuàvem,enriuàveu,enriuaven	enriuí,enriuares,enriuà,enriuàrem,enriuàreu,enriuaren	enriui,enriuis,enriui,enriuem,enriueu,enriuin	enriués,enriuesses,enriués,enriuéssem,enriuésseu,enriuessen	enriuar	enriuat	enriuant	enriua	-	enriuada	enriueu
enrogir	enrogeixo,enrogeixes,enrogeix,enrogim,enrogiu,enrogeixen	enrogia,enrogies,enrogia,enrogíem,enrogíeu,enrogien	enrogí,enrogires,enrogí,enrogírem,enrogíreu,enrogiren	enrogeixi,enrogeixis,enrogeixi,enrogim,enrogiu,enrogeixin	enrogís,enrogissis,enrogís,enrogíssim,enrogíssiu,enrogissin	enrogir	enrogit	enrogint	enrogeix	-	enrogida	enrogiu
enronquir	enronqueixo,enronqueixes,enronqueix,enronquim,enronquiu,enronqueixen	enronquia,enronquies,enronquia,enronquíem,enronquíeu,enronquien	enronquí,enronquires,enronquí,enronquírem,enronquíreu,enronquiren	enronqueixi,enronqueixis,enronqueixi,enronquim,enronquiu,enronqueixin	enronquís,enronquisses,enronquís,enronquíssem,enronquísseu,enronquissen	enronquir	enronquit	enronquint	enronqueix	-	enronquida	enronquiu
enrosser	-	-	-	-	-	-	-	-	-	-	-	-
ensalvatgir	ensalvatgeixo,ensalvatgeixes,ensalvatgeix,ensalvatgim,ensalvatgiu,ensalvatgeixen	ensalvatgia,ensalvatgies,ensalvatgia,ensalvatgíem,ensalvatgíeu,ensalvatgien	ensalvatgí,ensalvatgires,ensalvatgí,ensalvatgírem,ensalvatgíreu,ensalvatgiren	ensalvatgeixi,ensalvatgeixis,ensalvatgeixi,ensalvatgim,ensalvatgiu,ensalvatgeixin	ensalvatgís,ensalvatgisses,ensalvatgís,ensalvatgíssem,ensalvatgísseu,ensalvatgissen	ensalvatgir	ensalvatgit	ensalvatgint	ensalvatgeix	-	ensalvatgida	ensalvatgiu
enseguir	ensegueixo,ensegueixes,ensegueix,enseguim,enseguiu,ensegueixen	enseguia,enseguies,enseguia,enseguíem,enseguíeu,enseguien	enseguí,enseguires,enseguí,enseguírem,enseguíreu,enseguiren	ensegueixi,ensegueixis,ensegueixi,enseguim,enseguiu,ensegueixin	enseguís,enseguisses,enseguís,enseguíssem,enseguísseu,enseguissen	enseguir	enseguit	enseguint	ensegueix	-	enseguida	enseguiu
enseuar	enseuo,enseues,enseua,enseuem,enseueu,enseuen	enseuava,enseuaves,enseuava,enseuàvem,enseuàveu,enseuaven	enseuí,enseuares,enseuà,enseuàrem,enseuàreu,enseuaren	enseui,enseuis,enseui,enseuem,enseueu,enseuin	enseués,enseuesses,enseués,enseuéssem,enseuésseu,enseuessen	enseuar	enseuat	enseuant	enseua	-	enseuada	enseueu
ensutzeir	ensutzeeixo,ensutzeeixes,ensutzeeix,ensutzeïm,ensutzeïu,ensutzeeixen	ensutzeïa,ensutzeïes,ensutzeïa,ensutzeíem,ensutzeíeu,ensutzeïen	ensutzeí,ensutzeïres,ensutzeí,ensutzeírem,ensutzeíreu,ensutzeïren	ensutzeeixi,ensutzeeixis,ensutzeeixi,ensutzeïm,ensutzeïu,ensutzeeixin	ensutzeís,ensutzeïsses,ensutzeís,ensutzeíssem,ensutzeísseu,ensutzeïssen	ensutzeir	ensutzeït	ensutzeint	ensutzeeix	-	ensutzeïda	ensutzeïu
entebeir	entebeeixo,entebeeixes,entebeeix,entebeïm,entebeïu,entebeeixen	entebeïa,entebeïes,entebeïa,entebeíem,entebeíeu,entebeïen	entebeí,entebeïres,entebeí,entebeírem,entebeíreu,entebeïren	entebeeixi,entebeeixis,entebeeixi,entebeïm,entebeïu,entebeeixin	entebeís,entebeïsses,entebeís,entebeíssem,entebeísseu,entebeïssen	entebeir	entebeït	entebeint	entebeeix	-	entebeïda	entebeïu
entendre	entenc,entens,entén,entenem,enteneu,entenen	entenia,entenies,entenia,enteníem,enteníeu,entenien	entenguí,entengueres,entengué,entenguérem,entenguéreu,entengueren	entengui,entenguis,entengui,entenguem,entengueu,entenguin	entengués,entenguessis,entengués,entenguéssim,entenguéssiu,entenguessin	entendr	entès	entenent	entén	1	entesa	enteneu
entoiar	entoio,entoies,entoia,entoiem,entoieu,entoien	entoiava,entoiaves,entoiava,entoiàvem,entoiàveu,entoiaven	entoí,entoiares,entoià,entoiàrem,entoiàreu,entoiaren	entoï,entoïs,entoï,entoiem,entoieu,entoïn	entoiés,entoiesses,entoiés,entoiéssem,entoiésseu,entoiessen	entoiar	entoiat	entoiant	entoia	-	entoiada	entoieu
entorcir	entorceixo,entorceixes,entorceix,entorcim,entorciu,entorceixen	entorcia,entorcies,entorcia,entorcíem,entorcíeu,entorcien	entorcí,entorcires,entorcí,entorcírem,entorcíreu,entorciren	entorceixi,entorceixis,entorceixi,entorcim,entorciu,entorceixin	entorcís,entorcisses,entorcís,entorcíssem,entorcísseu,entorcissen	entorcir	entorcit	entorcint	entorceix	-	entorcida	entorciu
entredir	entredic,entredius,entrediu,entrediem,entredieu,entrediuen	entredeia,entredeies,entredeia,entredèiem,entredèieu,entredeien	entrediguí,entredigueres,entredigué,entrediguérem,entrediguéreu,entredigueren	entredigui,entrediguis,entredigui,entrediguem,entredigueu,entrediguin	entredigués,entrediguesses,entredigués,entrediguéssem,entrediguésseu,entrediguessen	entredir	entredit	entredient	entredigues	-	entredita	entredigueu
entremetre	entremeto,entremets,entremet,entremetem,entremeteu,entremeten	entremetia,entremeties,entremetia,entremetíem,entremetíeu,entremetien	entremetí,entremeteres,entremeté,entremetérem,entremetéreu,entremeteren	entremeti,entremetis,entremeti,entremetem,entremeteu,entremetin	entremetés,entremetesses,entremetés,entremetéssem,entremetésseu,entremetessen	entremetr	entremès	entremetent	entremet	-	entremesa	entremeteu
entreobrir	entreobro,entreobres,entreobre,entreobrim,entreobriu,entreobren	entreobria,entreobries,entreobria,entreobríem,entreobríeu,entreobrien	entreobrí,entreobrires,entreobrí,entreobrírem,entreobríreu,entreobriren	entreobri,entreobris,entreobri,entreobrim,entreobriu,entreobrin	entreobrís,entreobrisses,entreobrís,entreobríssem,entreobrísseu,entreobrissen	entreobrir	entreobert	entreobrint	entreobre	-	entreoberta	entreobriu
entreoir	entreoeixo,entreoeixes,entreoeix,entreoïm,entreoïu,entreoeixen	entreoïa,entreoïes,entreoïa,entreoíem,entreoíeu,entreoïen	entreoí,entreoïres,entreoí,entreoírem,entreoíreu,entreoïren	entreoeixi,entreoeixis,entreoeixi,entreoïm,entreoïu,entreoeixin	entreoís,entreoïsses,entreoís,entreoíssem,entreoísseu,entreoïssen	entreoir	entreoït	entreoint	entreoeix	-	entreoïda	entreoïu
entreploure	entreploc,entreplous,entreplou,entreplovem,entreploveu,entreplouen	entreplovia,entreplovies,entreplovia,entreplovíem,entreplovíeu,entreplovien	entreploguí,entreplogueres,entreplogué,entreploguérem,entreploguéreu,entreplogueren	entreplogui,entreploguis,entreplogui,entreploguem,entreplogueu,entreploguin	entreplogués,entreploguesses,entreplogués,entreploguéssem,entreploguésseu,entreploguessen	entreplour	entreplogut	entreplovent	entreplou	-	entreploguda	entreploveu
entreseguir	entresegueixo,entresegueixes,entresegueix,entreseguim,entreseguiu,entresegueixen	entreseguia,entreseguies,entreseguia,entreseguíem,entreseguíeu,entreseguien	entreseguí,entreseguires,entreseguí,entreseguírem,entreseguíreu,entreseguiren	entresegueixi,entresegueixis,entresegueixi,entreseguim,entreseguiu,entresegueixin	entreseguís,entreseguisses,entreseguís,entreseguíssem,entreseguísseu,entreseguissen	entreseguir	entreseguit	entreseguint	entresegueix	-	entreseguida	entreseguiu
entrevenir	entrevinc,entrevéns,entreve,entrevenim,entreveniu,entrevénen	entrevenia,entrevenies,entrevenia,entreveníem,entreveníeu,entrevenien	entrevinguí,entrevingueres,entrevingué,entrevinguérem,entrevinguéreu,entrevingueren	entrevingui,entrevinguis,entrevingui,entrevinguem,entrevingueu,entrevinguin	entrevingués,entrevinguesses,entrevingués,entrevinguéssem,entrevinguésseu,entrevinguessen	entrevindr	entrevingut	entrevenint	entrevine	-	entrevinguda	entreveniu
entreveure	entreveig,entreveus,entreveu,entreveiem,entreveieu,entreveuen	entreveia,entreveies,entreveia,entrevèiem,entrevèieu,entreveien	entreviu,entreveieres,entreveié,entreveiérem,entreveiéreu,entreveieren	entrevegi,entrevegis,entrevegi,entrevegem,entrevegeu,entrevegin	entreveiés,entreveiesses,entreveiés,entreveiéssem,entreveiésseu,entreveiessen	entreveur	entrevist	entreveient	entreveges	-	entrevista	entrevegeu
envair	envaeixo,envaeixes,envaeix,envaïm,envaïu,envaeixen	envaïa,envaïes,envaïa,envaíem,envaíeu,envaïen	envaí,envaïres,envaí,envaírem,envaíreu,envaïren	envaeixi,envaeixis,envaeixi,envaïm,envaïu,envaeixin	envaís,envaïssis,envaís,envaíssim,envaíssiu,envaïssin	envair	envaït	envaint	envaeix	-	envaïda	envaïu
envidreir	envidreeixo,envidreeixes,envidreeix,envidreïm,envidreïu,envidreeixen	envidreïa,envidreïes,envidreïa,envidreíem,envidreíeu,envidreïen	envidreí,envidreïres,envidreí,envidreírem,envidreíreu,envidreïren	envidreeixi,envidreeixis,envidreeixi,envidreïm,envidreïu,envidreeixin	envidreís,envidreïsses,envidreís,envidreíssem,envidreísseu,envidreïssen	envidreir	envidreït	envidreint	envidreeix	-	envidreïda	envidreïu
enxiquir	enxiqueixo,enxiqueixes,enxiqueix,enxiquim,enxiquiu,enxiqueixen	enxiquia,enxiquies,enxiquia,enxiquíem,enxiquíeu,enxiquien	enxiquí,enxiquires,enxiquí,enxiquírem,enxiquíreu,enxiquiren	enxiqueixi,enxiqueixis,enxiqueixi,enxiquim,enxiquiu,enxiqueixin	enxiquís,enxiquisses,enxiquís,enxiquíssem,enxiquísseu,enxiquissen	enxiquir	enxiquit	enxiquint	enxiqueix	-	enxiquida	enxiquiu
equivaler	equivalc,equivals,equival,equivalem,equivaleu,equivalen	equivalia,equivalies,equivalia,equivalíem,equivalíeu,equivalien	equivalguí,equivalgueres,equivalgué,equivalguérem,equivalguéreu,equivalgueren	equivalgui,equivalguis,equivalgui,equivalguem,equivalgueu,equivalguin	equivalgués,equivalguessis,equivalgués,equivalguéssim,equivalguéssiu,equivalguessin	equivaldr	equivalgut	equivalent	equival	-	equivalguda	equivaleu
erigir	erigeixo,erigeixes,erigeix,erigim,erigiu,erigeixen	erigia,erigies,erigia,erigíem,erigíeu,erigien	erigí,erigires,erigí,erigírem,erigíreu,erigiren	erigeixi,erigeixis,erigeixi,erigim,erigiu,erigeixin	erigís,erigissis,erigís,erigíssim,erigíssiu,erigissin	erigir	erigit	erigint	erigeix	1	erigida	erigiu
esbalair	esbalaeixo,esbalaeixes,esbalaeix,esbalaïm,esbalaïu,esbalaeixen	esbalaïa,esbalaïes,esbalaïa,esbalaíem,esbalaíeu,esbalaïen	esbalaí,esbalaïres,esbalaí,esbalaírem,esbalaíreu,esbalaïren	esbalaeixi,esbalaeixis,esbalaeixi,esbalaïm,esbalaïu,esbalaeixin	esbalaís,esbalaïssis,esbalaís,esbalaíssim,esbalaíssiu,esbalaïssin	esbalair	esbalaït	esbalaint	esbalaeix	-	esbalaïda	esbalaïu
esbargir	esbargeixo,esbargeixes,esbargeix,esbargim,esbargiu,esbargeixen	esbargia,esbargies,esbargia,esbargíem,esbargíeu,esbargien	esbargí,esbargires,esbargí,esbargírem,esbargíreu,esbargiren	esbargeixi,esbargeixis,esbargeixi,esbargim,esbargiu,esbargeixin	esbargís,esbargissis,esbargís,esbargíssim,esbargíssiu,esbargissin	esbargir	esbargit	esbargint	esbargeix	-	esbargida	esbargiu
esblanqueir	esblanqueeixo,esblanqueeixes,esblanqueeix,esblanqueïm,esblanqueïu,esblanqueeixen	esblanqueïa,esblanqueïes,esblanqueïa,esblanqueíem,esblanqueíeu,esblanqueïen	esblanqueí,esblanqueïres,esblanqueí,esblanqueírem,esblanqueíreu,esblanqueïren	esblanqueeixi,esblanqueeixis,esblanqueeixi,esblanqueïm,esblanqueïu,esblanqueeixin	esblanqueís,esblanqueïsses,esblanqueís,esblanqueíssem,esblanqueísseu,esblanqueïssen	esblanqueir	esblanqueït	esblanqueint	esblanqueeix	-	esblanqueïda	esblanqueïu
esborneiar	esborneio,esborneies,esborneia,esborneiem,esborneieu,esborneien	esborneiava,esborneiaves,esborneiava,esborneiàvem,esborneiàveu,esborneiaven	esborneí,esborneiares,esborneià,esborneiàrem,esborneiàreu,esborneiaren	esborneï,esborneïs,esborneï,esborneiem,esborneieu,esborneïn	esborneiés,esborneiesses,esborneiés,esborneiéssem,esborneiésseu,esborneiessen	esborneiar	esborneiat	esborneiant	esborneia	-	esborneiada	esborneieu
esbraveir	esbraveeixo,esbraveeixes,esbraveeix,esbraveïm,esbraveïu,esbraveeixen	esbraveïa,esbraveïes,esbraveïa,esbraveíem,esbraveíeu,esbraveïen	esbraveí,esbraveïres,esbraveí,esbraveírem,esbraveíreu,esbraveïren	esbraveeixi,esbraveeixis,esbraveeixi,esbraveïm,esbraveïu,esbraveeixin	esbraveís,esbraveïsses,esbraveís,esbraveíssem,esbraveísseu,esbraveïssen	esbraveir	esbraveït	esbraveint	esbraveeix	-	esbraveïda	esbraveïu
escalfeir	escalfeeixo,escalfeeixes,escalfeeix,escalfeïm,escalfeïu,escalfeeixen	escalfeïa,escalfeïes,escalfeïa,escalfeíem,escalfeíeu,escalfeïen	escalfeí,escalfeïres,escalfeí,escalfeírem,escalfeíreu,escalfeïren	escalfeeixi,escalfeeixis,escalfeeixi,escalfeïm,escalfeïu,escalfeeixin	escalfeís,escalfeïssis,escalfeís,escalfeíssim,escalfeíssiu,escalfeïssin	escalfeir	escalfeït	escalfeint	escalfeeix	-	escalfeïda	escalfeïu
escollir	escullo,esculls,escull,escollim,escolliu,escullen	escollia,escollies,escollia,escollíem,escollíeu,escollien	escollí,escollires,escollí,escollírem,escollíreu,escolliren	esculli,escullis,esculli,escollim,escolliu,escullin	escollís,escollissis,escollís,escollíssim,escollíssiu,escollissin	escollir	escollit	escollint	escull	-	escollida	escolliu
escopir	escupo,escups,escup,escopim,escopiu,escupen	escopia,escopies,escopia,escopíem,escopíeu,escopien	escopí,escopires,escopí,escopírem,escopíreu,escopiren	escupi,escupis,escupi,escopim,escopiu,escupin	escopís,escopissis,escopís,escopíssim,escopíssiu,escopissin	escopir	escopit	escopint	escup	-	escopida	escopiu
escriure	escric,escrius,escriu,escrivim,escriviu,escriuen	escrivia,escrivies,escrivia,escrivíem,escrivíeu,escrivien	escriguí,escrigueres,escrigué,escriguérem,escriguéreu,escrigueren	escrigui,escriguis,escrigui,escriguem,escrigueu,escriguin	escrigués,escriguessis,escrigués,escriguéssim,escriguéssiu,escriguessin	escriur	escrit	escrivint	escriu	1	escrita	escriviu
escruixir	escruixo,escruixes,escruix,escruixim,escruixiu,escruixen	escruixia,escruixies,escruixia,escruixíem,escruixíeu,escruixien	escruixí,escruixires,escruixí,escruixírem,escruixíreu,escruixiren	escruixi,escruixis,escruixi,escruixim,escruixiu,escruixin	escruixís,escruixisses,escruixís,escruixíssem,escruixísseu,escruixissen	escruixir	escruixit	escruixint	escruix	-	escruixida	escruixiu
escórrer	escorro,escorres,escorre,escorrem,escorreu,escorren	escorria,escorries,escorria,escorríem,escorríeu,escorrien	escorreguí,escorregueres,escorregué,escorreguérem,escorreguéreu,escorregueren	escorri,escorris,escorri,escorreguem,escorregueu,escorrin	escorregués,escorreguessis,escorregués,escorreguéssim,escorreguéssiu,escorreguessin	escorrer	escorregut	escorrent	escorre	1	escorreguda	escorreu
esdevenir	esdevinc,esdevens,esdevé,esdevenim,esdeveniu,esdevenen	esdevenia,esdevenies,esdevenia,esdeveníem,esdeveníeu,esdevenien	esdevinguí,esdevingueres,esdevingué,esdevinguérem,esdevinguéreu,esdevingueren	esdevingui,esdevinguis,esdevingui,esdevinguem,esdevingueu,esdevinguin	esdevingués,esdevinguessis,esdevingués,esdevinguéssim,esdevinguéssiu,esdevinguessin	esdevindr	esdevingut	esdevenint	esdevén	-	esdevinguda	esdeveniu
esduir	esdueixo,esdueixes,esdueix,esduïm,esduïu,esdueixen	esduïa,esduïes,esduïa,esduíem,esduíeu,esduïen	esduí,esduïres,esduí,esduírem,esduíreu,esduïren	esdueixi,esdueixis,esdueixi,esduïm,esduïu,esdueixin	esduís,esduïsses,esduís,esduíssem,esduísseu,esduïssen	esduir	esduït	esduint	esdueix	-	esduïda	esduïu
esfereir	esfereeixo,esfereeixes,esfereeix,esfereïm,esfereïu,esfereeixen	esfereïa,esfereïes,esfereïa,esfereíem,esfereíeu,esfereïen	esfereí,esfereïres,esfereí,esfereírem,esfereíreu,esfereïren	esfereeixi,esfereeixis,esfereeixi,esfereïm,esfereïu,esfereeixin	esfereís,esfereïssis,esfereís,esfereíssim,esfereíssiu,esfereïssin	esfereir	esfereït	esfereint	esfereeix	-	esfereïda	esfereïu
esgaiar	esgaio,esgaies,esgaia,esgaiem,esgaieu,esgaien	esgaiava,esgaiaves,esgaiava,esgaiàvem,esgaiàveu,esgaiaven	esgaí,esgaiares,esgaià,esgaiàrem,esgaiàreu,esgaiaren	esgaï,esgaïs,esgaï,esgaiem,esgaieu,esgaïn	esgaiés,esgaiesses,esgaiés,esgaiéssem,esgaiésseu,esgaiessen	esgaiar	esgaiat	esgaiant	esgaia	-	esgaiada	esgaieu
esglaiar	esglaio,esglaies,esglaia,esglaiem,esglaieu,esglaien	esglaiava,esglaiaves,esglaiava,esglaiàvem,esglaiàveu,esglaiaven	esglaí,esglaiares,esglaià,esglaiàrem,esglaiàreu,esglaiaren	esglaï,esglaïs,esglaï,esglaiem,esglaieu,esglaïn	esglaiés,esglaiessis,esglaiés,esglaiéssim,esglaiéssiu,esglaiessin	esglaiar	esglaiat	esglaiant	esglaia	-	esglaiada	esglaieu
esgrogueir	esgrogueeixo,esgrogueeixes,esgrogueeix,esgrogueïm,esgrogueïu,esgrogueeixen	esgrogueïa,esgrogueïes,esgrogueïa,esgrogueíem,esgrogueíeu,esgrogueïen	esgrogueí,esgrogueïres,esgrogueí,esgrogueírem,esgrogueíreu,esgrogueïren	esgrogueeixi,esgrogueeixis,esgrogueeixi,esgrogueïm,esgrogueïu,esgrogueeixin	esgrogueís,esgrogueïsses,esgrogueís,esgrogueíssem,esgrogueísseu,esgrogueïssen	esgrogueir	esgrogueït	esgrogueint	esgrogueeix	-	esgrogueïda	esgrogueïu
esmorteir	esmorteeixo,esmorteeixes,esmorteeix,esmorteïm,esmorteïu,esmorteeixen	esmorteïa,esmorteïes,esmorteïa,esmorteíem,esmorteíeu,esmorteïen	esmorteí,esmorteïres,esmorteí,esmorteírem,esmorteíreu,esmorteïren	esmorteeixi,esmorteeixis,esmorteeixi,esmorteïm,esmorteïu,esmorteeixin	esmorteís,esmorteïssis,esmorteís,esmorteíssim,esmorteíssiu,esmorteïssin	esmorteir	esmorteït	esmorteint	esmorteeix	-	esmorteïda	esmorteïu
espaiar	espaio,espaies,espaia,espaiem,espaieu,espaien	espaiava,espaiaves,espaiava,espaiàvem,espaiàveu,espaiaven	espaí,espaiares,espaià,espaiàrem,espaiàreu,espaiaren	espaï,espaïs,espaï,espaiem,espaieu,espaïn	espaiés,espaiessis,espaiés,espaiéssim,espaiéssiu,espaiessin	espaiar	espaiat	espaiant	espaia	-	espaiada	espaieu
espair	espaeixo,espaeixes,espaeix,espaïm,espaïu,espaeixen	espaïa,espaïes,espaïa,espaíem,espaíeu,espaïen	espaí,espaïres,espaí,espaírem,espaíreu,espaïren	espaeixi,espaeixis,espaeixi,espaïm,espaïu,espaeixin	espaís,espaïsses,espaís,espaíssem,espaísseu,espaïssen	espair	espaït	espaint	espaeix	-	espaïda	espaïu
espargir	espargeixo,espargeixes,espargeix,espargim,espargiu,espargeixen	espargia,espargies,espargia,espargíem,espargíeu,espargien	espargí,espargires,espargí,espargírem,espargíreu,espargiren	espargeixi,espargeixis,espargeixi,espargim,espargiu,espargeixin	espargís,espargissis,espargís,espargíssim,espargíssiu,espargissin	espargir	espargit	espargint	espargeix	-	espargida	espargiu
espesseir	espesseeixo,espesseeixes,espesseeix,espesseïm,espesseïu,espesseeixen	espesseïa,espesseïes,espesseïa,espesseíem,espesseíeu,espesseïen	espesseí,espesseïres,espesseí,espesseírem,espesseíreu,espesseïren	espesseeixi,espesseeixis,espesseeixi,espesseïm,espesseïu,espesseeixin	espesseís,espesseïsses,espesseís,espesseíssem,espesseísseu,espesseïssen	espesseir	espesseït	espesseint	espesseeix	-	espesseïda	espesseïu
espesser	-	-	-	-	-	-	-	-	-	-	-	-
esplaiar	esplaio,esplaies,esplaia,esplaiem,esplaieu,esplaien	esplaiava,esplaiaves,esplaiava,esplaiàvem,esplaiàveu,esplaiaven	esplaí,esplaiares,esplaià,esplaiàrem,esplaiàreu,esplaiaren	esplaï,esplaïs,esplaï,esplaiem,esplaieu,esplaïn	esplaiés,esplaiessis,esplaiés,esplaiéssim,esplaiéssiu,esplaiessin	esplaiar	esplaiat	esplaiant	esplaia	-	esplaiada	esplaieu
esporuguir	esporugueixo,esporugueixes,esporugueix,esporuguim,esporuguiu,esporugueixen	esporuguia,esporuguies,esporuguia,esporuguíem,esporuguíeu,esporuguien	esporuguí,esporuguires,esporuguí,esporuguírem,esporuguíreu,esporuguiren	esporugueixi,esporugueixis,esporugueixi,esporuguim,esporuguiu,esporugueixin	esporuguís,esporuguissis,esporuguís,esporuguíssim,esporuguíssiu,esporuguissin	esporuguir	esporuguit	esporuguint	esporugueix	-	esporuguida	esporuguiu
espènyer	espenyo,espenys,espeny,espenyem,espenyeu,espenyen	espenyia,espenyies,espenyia,espenyíem,espenyíeu,espenyien	espenyí,espenyeres,espenyé,espenyérem,espenyéreu,espenyeren	espenyi,espenyis,espenyi,espenyem,espenyeu,espenyin	espenyés,espenyesses,espenyés,espenyéssem,espenyésseu,espenyessen	espenyer	espès	espenyent	espeny	-	espesa	espenyeu
estaiar	estaio,estaies,estaia,estaiem,estaieu,estaien	estaiava,estaiaves,estaiava,estaiàvem,estaiàveu,estaiaven	estaí,estaiares,estaià,estaiàrem,estaiàreu,estaiaren	estaï,estaïs,estaï,estaiem,estaieu,estaïn	estaiés,estaiesses,estaiés,estaiéssem,estaiésseu,estaiessen	estaiar	estaiat	estaiant	estaia	-	estaiada	estaieu
estar	estic,estàs,està,estem,esteu,estan	estava,estaves,estava,estàvem,estàveu,estaven	estiguí,estigueres,estigué,estiguérem,estiguéreu,estigueren	estigui,estiguis,estigui,estiguem,estigueu,estiguin	estigués,estiguessis,estigués,estiguéssim,estiguéssiu,estiguessin	estar	estat	estant	estigues	1	estada	estigueu
estendre	estenc,estens,estén,estenem,esteneu,estenen	estenia,estenies,estenia,esteníem,esteníeu,estenien	estenguí,estengueres,estengué,estenguérem,estenguéreu,estengueren	estengui,estenguis,estengui,estenguem,estengueu,estenguin	estengués,estenguessis,estengués,estenguéssim,estenguéssiu,estenguessin	estendr	estès	estenent	estén	-	estesa	esteneu
estergir	estergeixo,estergeixes,estergeix,estergim,estergiu,estergeixen	estergia,estergies,estergia,estergíem,estergíeu,estergien	estergí,estergires,estergí,estergírem,estergíreu,estergiren	estergeixi,estergeixis,estergeixi,estergim,estergiu,estergeixin	estergís,estergisses,estergís,estergíssem,estergísseu,estergissen	estergir	estergit	estergint	estergeix	-	estergida	estergiu
estiuar	estiuo,estiues,estiua,estiuem,estiueu,estiuen	estiuava,estiuaves,estiuava,estiuàvem,estiuàveu,estiuaven	estiuí,estiuares,estiuà,estiuàrem,estiuàreu,estiuaren	estiui,estiuis,estiui,estiuem,estiueu,estiuin	estiués,estiuessis,estiués,estiuéssim,estiuéssiu,estiuessin	estiuar	estiuat	estiuant	estiua	-	estiuada	estiueu
estormeiar	estormeio,estormeies,estormeia,estormeiem,estormeieu,estormeien	estormeiava,estormeiaves,estormeiava,estormeiàvem,estormeiàveu,estormeiaven	estormeí,estormeiares,estormeià,estormeiàrem,estormeiàreu,estormeiaren	estormeï,estormeïs,estormeï,estormeiem,estormeieu,estormeïn	estormeiés,estormeiesses,estormeiés,estormeiéssem,estormeiésseu,estormeiessen	estormeiar	estormeiat	estormeiant	estormeia	-	estormeiada	estormeieu
estrafer	estrafaig,estrafàs,estrafà,estrafem,estrafeu,estrafan	estrafeia,estrafeies,estrafeia,estrafèiem,estrafèieu,estrafeien	estrafiu,estraferes,estraféu,estraférem,estraféreu,estraferen	estrafaci,estrafacis,estrafaci,estrafem,estrafeu,estrafacin	estrafés,estrafessis,estrafés,estraféssim,estraféssiu,estrafessin	estrafar	estrafet	estrafent	estrafés	-	estrafeta	estrafeu
estrènyer	estrenyo,estrenys,estreny,estrenyem,estrenyeu,estrenyen	estrenyia,estrenyies,estrenyia,estrenyíem,estrenyíeu,estrenyien	estrenyí,estrenyeres,estrenyé,estrenyérem,estrenyéreu,estrenyeren	estrenyi,estrenyis,estrenyi,estrenyem,estrenyeu,estrenyin	estrenyés,estrenyessis,estrenyés,estrenyéssim,estrenyéssiu,estrenyessin	estrenyer	estret	estrenyent	estreny	1	estreta	estrenyeu
estòrcer	estorço,estorces,estorç,estorcem,estorceu,estorcen	estorcia,estorcies,estorcia,estorcíem,estorcíeu,estorcien	estorcí,estorceres,estorcé,estorcérem,estorcéreu,estorceren	estorci,estorcis,estorci,estorcem,estorceu,estorcin	estorcés,estorcesses,estorcés,estorcéssem,estorcésseu,estorcessen	estorcer	estorçut	estorcent	estorç	-	estorçuda	estorceu
esvair	esvaeixo,esvaeixes,esvaeix,esvaïm,esvaïu,esvaeixen	esvaïa,esvaïes,esvaïa,esvaíem,esvaíeu,esvaïen	esvaí,esvaïres,esvaí,esvaírem,esvaíreu,esvaïren	esvaeixi,esvaeixis,esvaeixi,esvaïm,esvaïu,esvaeixin	esvaís,esvaïssis,esvaís,esvaíssim,esvaíssiu,esvaïssin	esvair	esvaït	esvaint	esvaeix	-	esvaïda	esvaïu
excloure	excloc,exclous,exclou,excloem,excloeu,exclouen	excloïa,excloïes,excloïa,excloíem,excloíeu,excloïen	excloguí,exclogueres,exclogué,excloguérem,excloguéreu,exclogueren	exclogui,excloguis,exclogui,excloguem,exclogueu,excloguin	exclogués,excloguessis,exclogués,excloguéssim,excloguéssiu,excloguessin	exclour	exclòs	excloent	exclou	-	exclosa	excloeu
exercir	exerceixo,exerceixes,exerceix,exercim,exerciu,exerceixen	exercia,exercies,exercia,exercíem,exercíeu,exercien	exercí,exercires,exercí,exercírem,exercíreu,exerciren	exerceixi,exerceixis,exerceixi,exercim,exerciu,exerceixin	exercís,exercissis,exercís,exercíssim,exercíssiu,exercissin	exercir	exercit	exercint	exerceix	-	exercida	exerciu
exigir	exigeixo,exigeixes,exigeix,exigim,exigiu,exigeixen	exigia,exigies,exigia,exigíem,exigíeu,exigien	exigí,exigires,exigí,exigírem,exigíreu,exigiren	exigeixi,exigeixis,exigeixi,exigim,exigiu,exigeixin	exigís,exigissis,exigís,exigíssim,exigíssiu,exigissin	exigir	exigit	exigint	exigeix	-	exigida	exigiu
expendre	expenc,expens,expèn,expenem,expeneu,expenen	expenia,expenies,expenia,expeníem,expeníeu,expenien	expenguí,expengueres,expengué,expenguérem,expenguéreu,expengueren	expengui,expenguis,expengui,expenguem,expengueu,expenguin	expengués,expenguessis,expengués,expenguéssim,expenguéssiu,expenguessin	expendr	expès	expenent	expèn	-	expesa	expeneu
exsoldre	exsolc,exsols,exsol,exsolem,exsoleu,exsolen	exsolia,exsolies,exsolia,exsolíem,exsolíeu,exsolien	exsolguí,exsolgueres,exsolgué,exsolguérem,exsolguéreu,exsolgueren	exsolgui,exsolguis,exsolgui,exsolguem,exsolgueu,exsolguin	exsolgués,exsolguesses,exsolgués,exsolguéssem,exsolguésseu,exsolguessen	exsoldr	exsolt	exsolent	exsol	-	exsolta	exsoleu
extingir	extingeixo,extingeixes,extingeix,extingim,extingiu,extingeixen	extingia,extingies,extingia,extingíem,extingíeu,extingien	extingí,extingires,extingí,extingírem,extingíreu,extingiren	extingeixi,extingeixis,extingeixi,extingim,extingiu,extingeixin	extingís,extingissis,extingís,extingíssim,extingíssiu,extingissin	extingir	extingit	extingint	extingeix	-	extingida	extingiu
extorquir	extorqueixo,extorqueixes,extorqueix,extorquim,extorquiu,extorqueixen	extorquia,extorquies,extorquia,extorquíem,extorquíeu,extorquien	extorquí,extorquires,extorquí,extorquírem,extorquíreu,extorquiren	extorqueixi,extorqueixis,extorqueixi,extorquim,extorquiu,extorqueixin	extorquís,extorquissis,extorquís,extorquíssim,extorquíssiu,extorquissin	extorquir	extorquit	extorquint	extorqueix	-	extorquida	extorquiu
extreure	extrac,extraus,extrau,extraiem,extraieu,extrauen	extreia,extreies,extreia,extrèiem,extrèieu,extreien	extraguí,extragueres,extragué,extraguérem,extraguéreu,extragueren	extregui,extreguis,extregui,extraguem,extragueu,extreguin	extragués,extraguessis,extragués,extraguéssim,extraguéssiu,extraguessin	extraur	extret	extraient	extrau	-	extreta	extraieu
farcir	farceixo,farceixes,farceix,farcim,farciu,farceixen	farcia,farcies,farcia,farcíem,farcíeu,farcien	farcí,farcires,farcí,farcírem,farcíreu,farciren	farceixi,farceixis,farceixi,farcim,farciu,farceixin	farcís,farcissis,farcís,farcíssim,farcíssiu,farcissin	farcir	farcit	farcint	farceix	-	farcida	farciu
fendre	fenc,fens,fen,fenem,feneu,fenen	fenia,fenies,fenia,feníem,feníeu,fenien	fenguí,fengueres,fengué,fenguérem,fenguéreu,fengueren	fengui,fenguis,fengui,fenguem,fengueu,fenguin	fengués,fenguessis,fengués,fenguéssim,fenguéssiu,fenguessin	fendr	fes	fenent	fen	1	fesa	feneu
fer	faig,fas,fa,fem,feu,fan	feia,feies,feia,fèiem,fèieu,feien	fiu,feres,féu,férem,féreu,feren	faci,facis,faci,fem,feu,facin	fes,fessis,fes,féssim,féssiu,fessin	far	fet	fent	fes	1	feta	feu
fingir	fingeixo,fingeixes,fingeix,fingim,fingiu,fingeixen	fingia,fingies,fingia,fingíem,fingíeu,fingien	fingí,fingires,fingí,fingírem,fingíreu,fingiren	fingeixi,fingeixis,fingeixi,fingim,fingiu,fingeixin	fingís,fingissis,fingís,fingíssim,fingíssiu,fingissin	fingir	fingit	fingint	fingeix	-	fingida	fingiu
fluir	flueixo,flueixes,flueix,fluïm,fluïu,flueixen	fluïa,fluïes,fluïa,fluíem,fluíeu,fluïen	fluí,fluïres,fluí,fluírem,fluíreu,fluïren	flueixi,flueixis,flueixi,fluïm,fluïu,flueixin	fluís,fluïssis,fluís,fluíssim,fluíssiu,fluïssin	fluir	fluït	fluint	flueix	1	fluïda	fluïu
fondre	fonc,fons,fon,fonem,foneu,fonen	fonia,fonies,fonia,foníem,foníeu,fonien	fonguí,fongueres,fongué,fonguérem,fonguéreu,fongueren	fongui,fonguis,fongui,fonguem,fongueu,fonguin	fongués,fonguessis,fongués,fonguéssim,fonguéssiu,fonguessin	fondr	fos	fonent	fon	1	fosa	foneu
fregir	fregeixo,fregeixes,fregeix,fregim,fregiu,fregeixen	fregia,fregies,fregia,fregíem,fregíeu,fregien	fregí,fregires,fregí,fregírem,fregíreu,fregiren	fregeixi,fregeixis,fregeixi,fregim,fregiu,fregeixin	fregís,fregissis,fregís,fregíssim,fregíssiu,fregissin	fregir	fregit	fregint	fregeix	1	fregida	fregiu
fruir	frueixo,frueixes,frueix,fruïm,fruïu,frueixen	fruïa,fruïes,fruïa,fruíem,fruíeu,fruïen	fruí,fruïres,fruí,fruírem,fruíreu,fruïren	frueixi,frueixis,frueixi,fruïm,fruïu,frueixin	fruís,fruïssis,fruís,fruíssim,fruíssiu,fruïssin	fruir	fruït	fruint	frueix	-	fruïda	fruïu
fugir	fujo,fuges,fuig,fugim,fugiu,fugen	fugia,fugies,fugia,fugíem,fugíeu,fugien	fugí,fugires,fugí,fugírem,fugíreu,fugiren	fugi,fugis,fugi,fugim,fugiu,fugin	fugís,fugissis,fugís,fugíssim,fugíssiu,fugissin	fugir	fugit	fugint	fuig	1	fugida	fugiu
fulgir	fulgeixo,fulgeixes,fulgeix,fulgim,fulgiu,fulgeixen	fulgia,fulgies,fulgia,fulgíem,fulgíeu,fulgien	fulgí,fulgires,fulgí,fulgírem,fulgíreu,fulgiren	fulgeixi,fulgeixis,fulgeixi,fulgim,fulgiu,fulgeixin	fulgís,fulgissis,fulgís,fulgíssim,fulgíssiu,fulgissin	fulgir	fulgit	fulgint	fulgeix	-	fulgida	fulgiu
funyir	funyo,funys,funy,funyim,funyiu,funyen	funyia,funyies,funyia,funyíem,funyíeu,funyien	funyí,funyires,funyí,funyírem,funyíreu,funyiren	funyi,funyis,funyi,funyim,funyiu,funyin	funyís,funyisses,funyís,funyíssem,funyísseu,funyissen	funyir	funyit	funyint	funy	-	funyida	funyiu
fènyer	fenyo,fenys,feny,fenyem,fenyeu,fenyen	fenyia,fenyies,fenyia,fenyíem,fenyíeu,fenyien	fenyí,fenyeres,fenyé,fenyérem,fenyéreu,fenyeren	fenyi,fenyis,fenyi,fenyem,fenyeu,fenyin	fengués,fenguesses,fengués,fenguéssem,fenguésseu,fenguessen	fenyer	fengut	fenyent	feny	-	fenguda	fenyeu
fúmer	fumo,fums,fum,fumem,fumeu,fumen	fumia,fumies,fumia,fumíem,fumíeu,fumien	fumí,fumeres,fumé,fumérem,fuméreu,fumeren	fumi,fumis,fumi,fumem,fumeu,fumin	fumés,fumessis,fumés,fuméssim,fuméssiu,fumessin	fumer	fumut	fument	fum	-	fumuda	fumeu
haver	hac,has,ha,havem,haveu,han	havia,havies,havia,havíem,havíeu,havien	haguí,hagueres,hagué,haguérem,haguéreu,hagueren	hagi,hagis,hagi,haguem,hagueu,hagin	hagués,haguessis,hagués,haguéssim,haguéssiu,haguessin	haur	hagut	havent	-	-	haguda	haveu
heure	hac,haus,hau,havem,haveu,hauen	havia,havies,havia,havíem,havíeu,havien	haguí,hagueres,hagué,haguérem,haguéreu,hagueren	hegui,heguis,hegui,haguem,hagueu,heguin	hagués,haguessis,hagués,haguéssim,haguéssiu,haguessin	haur	hagut	havent	hau	-	haguda	haveu
imbuir	imbueixo,imbueixes,imbueix,imbuïm,imbuïu,imbueixen	imbuïa,imbuïes,imbuïa,imbuíem,imbuíeu,imbuïen	imbuí,imbuïres,imbuí,imbuírem,imbuíreu,imbuïren	imbueixi,imbueixis,imbueixi,imbuïm,imbuïu,imbueixin	imbuís,imbuïsses,imbuís,imbuíssem,imbuísseu,imbuïssen	imbuir	imbuït	imbuint	imbueix	-	imbuïda	imbuïu
immergir	immergeixo,immergeixes,immergeix,immergim,immergiu,immergeixen	immergia,immergies,immergia,immergíem,immergíeu,immergien	immergí,immergires,immergí,immergírem,immergíreu,immergiren	immergeixi,immergeixis,immergeixi,immergim,immergiu,immergeixin	immergís,immergisses,immergís,immergíssem,immergísseu,immergissen	immergir	immergit	immergint	immergeix	-	immergida	immergiu
immiscir	immisceixo,immisceixes,immisceix,immiscim,immisciu,immisceixen	immiscia,immiscies,immiscia,immiscíem,immiscíeu,immiscien	immiscí,immiscires,immiscí,immiscírem,immiscíreu,immisciren	immisceixi,immisceixis,immisceixi,immiscim,immisciu,immisceixin	immiscís,immiscisses,immiscís,immiscíssem,immiscísseu,immiscissen	immiscir	immiscit	immiscint	immisceix	-	immiscida	immisciu
imprimir	imprimeixo,imprimeixes,imprimeix,imprimim,imprimiu,imprimeixen	imprimia,imprimies,imprimia,imprimíem,imprimíeu,imprimien	imprimí,imprimires,imprimí,imprimírem,imprimíreu,imprimiren	imprimeixi,imprimeixis,imprimeixi,imprimim,imprimiu,imprimeixin	imprimís,imprimissis,imprimís,imprimíssim,imprimíssiu,imprimissin	imprimir	imprès	imprimint	imprimeix	1	impresa	imprimiu
incloure	incloc,inclous,inclou,incloem,incloeu,inclouen	incloïa,incloïes,incloïa,incloíem,incloíeu,incloïen	incloguí,inclogueres,inclogué,incloguérem,incloguéreu,inclogueren	inclogui,incloguis,inclogui,incloguem,inclogueu,incloguin	inclogués,incloguessis,inclogués,incloguéssim,incloguéssiu,incloguessin	inclour	inclòs	incloent	inclou	-	inclosa	incloeu
incomplir	incompleixo,incompleixes,incompleix,incomplim,incompliu,incompleixen	incomplia,incomplies,incomplia,incomplíem,incomplíeu,incomplien	incomplí,incomplires,incomplí,incomplírem,incomplíreu,incompliren	incompleixi,incompleixis,incompleixi,incomplim,incompliu,incompleixin	incomplís,incomplissis,incomplís,incomplíssim,incomplíssiu,incomplissin	incomplir	incomplert	incomplint	incompleix	-	incomplerta	incompliu
incórrer	incorro,incorres,incorre,incorrem,incorreu,incorren	incorria,incorries,incorria,incorríem,incorríeu,incorrien	incorreguí,incorregueres,incorregué,incorreguérem,incorreguéreu,incorregueren	incorri,incorris,incorri,incorreguem,incorregueu,incorrin	incorregués,incorreguessis,incorregués,incorreguéssim,incorreguéssiu,incorreguessin	incorrer	incorregut	incorrent	incorre	-	incorreguda	incorreu
induir	indueixo,indueixes,indueix,induïm,induïu,indueixen	induïa,induïes,induïa,induíem,induíeu,induïen	induí,induïres,induí,induírem,induíreu,induïren	indueixi,indueixis,indueixi,induïm,induïu,indueixin	induís,induïssis,induís,induíssim,induíssiu,induïssin	induir	induït	induint	indueix	-	induïda	induïu
infligir	infligeixo,infligeixes,infligeix,infligim,infligiu,infligeixen	infligia,infligies,infligia,infligíem,infligíeu,infligien	infligí,infligires,infligí,infligírem,infligíreu,infligiren	infligeixi,infligeixis,infligeixi,infligim,infligiu,infligeixin	infligís,infligissis,infligís,infligíssim,infligíssiu,infligissin	infligir	infligit	infligint	infligeix	-	infligida	infligiu
influir	influeixo,influeixes,influeix,influïm,influïu,influeixen	influïa,influïes,influïa,influíem,influíeu,influïen	influí,influïres,influí,influírem,influíreu,influïren	influeixi,influeixis,influeixi,influïm,influïu,influeixin	influís,influïssis,influís,influíssim,influíssiu,influïssin	influir	influït	influint	influeix	-	influïda	influïu
infondre	infonc,infons,infon,infonem,infoneu,infonen	infonia,infonies,infonia,infoníem,infoníeu,infonien	infonguí,infongueres,infongué,infonguérem,infonguéreu,infongueren	infongui,infonguis,infongui,infonguem,infongueu,infonguin	infongués,infonguessis,infongués,infonguéssim,infonguéssiu,infonguessin	infondr	infós	infonent	infon	-	infosa	infoneu
infringir	infringeixo,infringeixes,infringeix,infringim,infringiu,infringeixen	infringia,infringies,infringia,infringíem,infringíeu,infringien	infringí,infringires,infringí,infringírem,infringíreu,infringiren	infringeixi,infringeixis,infringeixi,infringim,infringiu,infringeixin	infringís,infringissis,infringís,infringíssim,infringíssiu,infringissin	infringir	infringit	infringint	infringeix	-	infringida	infringiu
inscriure	inscric,inscrius,inscriu,inscrivim,inscriviu,inscriuen	inscrivia,inscrivies,inscrivia,inscrivíem,inscrivíeu,inscrivien	inscriguí,inscrigueres,inscrigué,inscriguérem,inscriguéreu,inscrigueren	inscrigui,inscriguis,inscrigui,inscriguem,inscrigueu,inscriguin	inscrigués,inscriguessis,inscrigués,inscriguéssim,inscriguéssiu,inscriguessin	inscriur	inscrit	inscrivint	inscriu	-	inscrita	inscriviu
instituir	institueixo,institueixes,institueix,instituïm,instituïu,institueixen	instituïa,instituïes,instituïa,instituíem,instituíeu,instituïen	instituí,instituïres,instituí,instituírem,instituíreu,instituïren	institueixi,institueixis,institueixi,instituïm,instituïu,institueixin	instituís,instituïssis,instituís,instituíssim,instituíssiu,instituïssin	instituir	instituït	instituint	institueix	-	instituïda	instituïu
instruir	instrueixo,instrueixes,instrueix,instruïm,instruïu,instrueixen	instruïa,instruïes,instruïa,instruíem,instruíeu,instruïen	instruí,instruïres,instruí,instruírem,instruíreu,instruïren	instrueixi,instrueixis,instrueixi,instruïm,instruïu,instrueixin	instruís,instruïssis,instruís,instruíssim,instruíssiu,instruïssin	instruir	instruït	instruint	instrueix	-	instruïda	instruïu
insurgir	insurgeixo,insurgeixes,insurgeix,insurgim,insurgiu,insurgeixen	insurgia,insurgies,insurgia,insurgíem,insurgíeu,insurgien	insurgí,insurgires,insurgí,insurgírem,insurgíreu,insurgiren	insurgeixi,insurgeixis,insurgeixi,insurgim,insurgiu,insurgeixin	insurgís,insurgisses,insurgís,insurgíssem,insurgísseu,insurgissen	insurgir	insurgit	insurgint	insurgeix	-	insurgida	insurgiu
interdir	interdic,interdius,interdiu,interdiem,interdieu,interdiuen	interdeia,interdeies,interdeia,interdèiem,interdèieu,interdeien	interdiguí,interdigueres,interdigué,interdiguérem,interdiguéreu,interdigueren	interdigui,interdiguis,interdigui,interdiguem,interdigueu,interdiguin	interdigués,interdiguesses,interdigués,interdiguéssem,interdiguésseu,interdiguessen	interdir	interdit	interdient	interdigues	-	interdita	interdigueu
intervenir	intervinc,intervens,intervé,intervenim,interveniu,intervenen	intervenia,intervenies,intervenia,interveníem,interveníeu,intervenien	intervinguí,intervingueres,intervingué,intervinguérem,intervinguéreu,intervingueren	intervingui,intervinguis,intervingui,intervinguem,intervingueu,intervinguin	intervingués,intervinguessis,intervingués,intervinguéssim,intervinguéssiu,intervinguessin	intervindr	intervingut	intervenint	intervé	-	intervinguda	interveniu
interviuar	interviuo,interviues,interviua,interviuem,interviueu,interviuen	interviuava,interviuaves,interviuava,interviuàvem,interviuàveu,interviuaven	interviuí,interviuares,interviuà,interviuàrem,interviuàreu,interviuaren	interviui,interviuis,interviui,interviuem,interviueu,interviuin	interviués,interviuesses,interviués,interviuéssem,interviuésseu,interviuessen	interviuar	interviuat	interviuant	interviua	-	interviuada	interviueu
introduir	introdueixo,introdueixes,introdueix,introduïm,introduïu,introdueixen	introduïa,introduïes,introduïa,introduíem,introduíeu,introduïen	introduí,introduïres,introduí,introduírem,introduíreu,introduïren	introdueixi,introdueixis,introdueixi,introduïm,introduïu,introdueixin	introduís,introduïssis,introduís,introduíssim,introduíssiu,introduïssin	introduir	introduït	introduint	introdueix	-	introduïda	introduïu
intruir	intrueixo,intrueixes,intrueix,intruïm,intruïu,intrueixen	intruïa,intruïes,intruïa,intruíem,intruíeu,intruïen	intruí,intruïres,intruí,intruírem,intruíreu,intruïren	intrueixi,intrueixis,intrueixi,intruïm,intruïu,intrueixin	intruís,intruïsses,intruís,intruíssem,intruísseu,intruïssen	intruir	intruït	intruint	intrueix	-	intruïda	intruïu
intuir	intueixo,intueixes,intueix,intuïm,intuïu,intueixen	intuïa,intuïes,intuïa,intuíem,intuíeu,intuïen	intuí,intuïres,intuí,intuírem,intuíreu,intuïren	intueixi,intueixis,intueixi,intuïm,intuïu,intueixin	intuís,intuïssis,intuís,intuíssim,intuíssiu,intuïssin	intuir	intuït	intuint	intueix	-	intuïda	intuïu
irèixer	ireixo,ireixes,ireix,ireixem,ireixeu,ireixen	ireixia,ireixies,ireixia,ireixíem,ireixíeu,ireixien	ireixí,ireixeres,ireixé,ireixérem,ireixéreu,ireixeren	ireixi,ireixis,ireixi,ireixem,ireixeu,ireixin	ireixés,ireixessis,ireixés,ireixéssim,ireixéssiu,ireixessin	ireixer	irescut	ireixent	ireix	-	irescuda	ireixeu
jaquir	jaqueixo,jaqueixes,jaqueix,jaquim,jaquiu,jaqueixen	jaquia,jaquies,jaquia,jaquíem,jaquíeu,jaquien	jaquí,jaquires,jaquí,jaquírem,jaquíreu,jaquiren	jaqueixi,jaqueixis,jaqueixi,jaquim,jaquiu,jaqueixin	jaquís,jaquissis,jaquís,jaquíssim,jaquíssiu,jaquissin	jaquir	jaquit	jaquint	jaqueix	-	jaquida	jaquiu
jeure	jac,jaus,jau,jaiem,jaieu,jauen	jeia,jeies,jeia,jèiem,jèieu,jeien	jaguí,jagueres,jagué,jaguérem,jaguéreu,jagueren	jegui,jeguis,jegui,jaguem,jagueu,jeguin	jagués,jaguessis,jagués,jaguéssim,jaguéssiu,jaguessin	jaur	jagut	jaient	jau	-	jaguda	jaieu
júnyer	junyo,junys,juny,junyem,junyeu,junyen	junyia,junyies,junyia,junyíem,junyíeu,junyien	junyí,junyeres,junyé,junyérem,junyéreu,junyeren	junyi,junyis,junyi,junyem,junyeu,junyin	junyés,junyesses,junyés,junyéssem,junyésseu,junyessen	junyer	junyut	junyent	juny	-	junyuda	junyeu
llanguir	llangueixo,llangueixes,llangueix,llanguim,llanguiu,llangueixen	llanguia,llanguies,llanguia,llanguíem,llanguíeu,llanguien	llanguí,llanguires,llanguí,llanguírem,llanguíreu,llanguiren	llangueixi,llangueixis,llangueixi,llanguim,llanguiu,llangueixin	llanguís,llanguisses,llanguís,llanguíssem,llanguísseu,llanguissen	llanguir	llanguit	llanguint	llangueix	-	llanguida	llanguiu
llegir	llegeixo,llegeixes,llegeix,llegim,llegiu,llegeixen	llegia,llegies,llegia,llegíem,llegíeu,llegien	llegí,llegires,llegí,llegírem,llegíreu,llegiren	llegeixi,llegeixis,llegeixi,llegim,llegiu,llegeixin	llegís,llegissis,llegís,llegíssim,llegíssiu,llegissin	llegir	llegit	llegint	llegeix	-	llegida	llegiu
lleure	llec,lleus,lleu,lleiem,lleieu,lleuen	lleia,lleies,lleia,llèiem,llèieu,lleien	lleguí,llegueres,llegué,lleguérem,lleguéreu,llegueren	llegui,lleguis,llegui,lleguem,llegueu,lleguin	llegués,lleguesses,llegués,lleguéssem,lleguésseu,lleguessen	lleur	llegut	lleient	lleu	-	lleguda	lleieu
lluir	llueixo,llueixes,llu,lluïm,lluïu,llueixen	lluïa,lluïes,lluïa,lluíem,lluíeu,lluïen	lluí,lluïres,lluí,lluírem,lluíreu,lluïren	llueixi,llueixis,llueixi,lluïm,lluïu,llueixin	lluís,lluïssis,lluís,lluíssim,lluíssiu,lluïssin	lluir	lluït	lluint	llu	1	lluïda	lluïu
maldir	maldic,maldius,maldiu,maldiem,maldieu,maldiuen	maldeia,maldeies,maldeia,maldèiem,maldèieu,maldeien	maldiguí,maldigueres,maldigué,maldiguérem,maldiguéreu,maldigueren	maldigui,maldiguis,maldigui,maldiguem,maldigueu,maldiguin	maldigués,maldiguessis,maldigués,maldiguéssim,maldiguéssiu,maldiguessin	maldir	maldit	maldient	maldigues	-	maldita	maldigueu
maleir	maleeixo,maleeixes,maleeix,maleïm,maleïu,maleeixen	maleïa,maleïes,maleïa,maleíem,maleíeu,maleïen	maleí,maleïres,maleí,maleírem,maleíreu,maleïren	maleeixi,maleeixis,maleeixi,maleïm,maleïu,maleeixin	maleís,maleïssis,maleís,maleíssim,maleíssiu,maleïssin	maleir	maleït	maleint	maleeix	1	maleïda	maleïu
malentendre	malentenc,malentens,malentén,malentenem,malenteneu,malentenen	malentenia,malentenies,malentenia,malenteníem,malenteníeu,malentenien	malentenguí,malentengueres,malentengué,malentenguérem,malentenguéreu,malentengueren	malentengui,malentenguis,malentengui,malentenguem,malentengueu,malentenguin	malentengués,malentenguessis,malentengués,malentenguéssim,malentenguéssiu,malentenguessin	malentendr	malentès	malentenent	malentén	-	malentesa	malenteneu
malmetre	malmeto,malmets,malmet,malmetem,malmeteu,malmeten	malmetia,malmeties,malmetia,malmetíem,malmetíeu,malmetien	malmetí,malmeteres,malmeté,malmetérem,malmetéreu,malmeteren	malmeti,malmetis,malmeti,malmetem,malmeteu,malmetin	malmetés,malmetessis,malmetés,malmetéssim,malmetéssiu,malmetessin	malmetr	malmès	malmetent	malmet	-	malmesa	malmeteu
malprendre	malprenc,malprens,malprèn,malprenem,malpreneu,malprenen	malprenia,malprenies,malprenia,malpreníem,malpreníeu,malprenien	malprenguí,malprengueres,malprengué,malprenguérem,malprenguéreu,malprengueren	malprengui,malprenguis,malprengui,malprenguem,malprengueu,malprenguin	malprengués,malprenguesses,malprengués,malprenguéssem,malprenguésseu,malprenguessen	malprendr	malprès	malprenent	malprèn	-	malpresa	malpreneu
malvendre	malvenc,malvens,malvèn,malvenem,malveneu,malvenen	malvenia,malvenies,malvenia,malveníem,malveníeu,malvenien	malvenguí,malvengueres,malvengué,malvenguérem,malvenguéreu,malvengueren	malvengui,malvenguis,malvengui,malvenguem,malvengueu,malvenguin	malvengués,malvenguessis,malvengués,malvenguéssim,malvenguéssiu,malvenguessin	malvendr	malvenut	malvenent	malvèn	-	malvenuda	malveneu
malveure	malveig,malveus,malveu,malveiem,malveieu,malveuen	malveia,malveies,malveia,malvèiem,malvèieu,malveien	malviu,malveieres,malveié,malveiérem,malveiéreu,malveieren	malvegi,malvegis,malvegi,malvegem,malvegeu,malvegin	malveiés,malveiessis,malveiés,malveiéssim,malveiéssiu,malveiessin	malveur	malvist	malveient	malveges	-	malvista	malvegeu
malviure	malvisc,malvius,malviu,malvivim,malviviu,malviuen	malvivia,malvivies,malvivia,malvivíem,malvivíeu,malvivien	malvisquí,malvisqueres,malvisqué,malvisquérem,malvisquéreu,malvisqueren	malvisqui,malvisquis,malvisqui,malvisquem,malvisqueu,malvisquin	malvisqués,malvisquessis,malvisqués,malvisquéssim,malvisquéssiu,malvisquessin	malviur	malviscut	malvivint	malviu	-	malviscuda	malviviu
mamprendre	mamprenc,mamprens,mamprèn,mamprenem,mampreneu,mamprenen	mamprenia,mamprenies,mamprenia,mampreníem,mampreníeu,mamprenien	mamprenguí,mamprengueres,mamprengué,mamprenguérem,mamprenguéreu,mamprengueren	mamprengui,mamprenguis,mamprengui,mamprenguem,mamprengueu,mamprenguin	mamprengués,mamprenguesses,mamprengués,mamprenguéssem,mamprenguésseu,mamprenguessen	mamprendr	mamprès	mamprenent	mamprèn	-	mampresa	mampreneu
mantenir	mantinc,mantens,manté,mantenim,manteniu,mantenen	mantenia,mantenies,mantenia,manteníem,manteníeu,mantenien	mantinguí,mantingueres,mantingué,mantinguérem,mantinguéreu,mantingueren	mantingui,mantinguis,mantingui,mantinguem,mantingueu,mantinguin	mantingués,mantinguessis,mantingués,mantinguéssim,mantinguéssiu,mantinguessin	mantindr	mantingut	mantenint	mantingues	-	mantinguda	manteniu
manumetre	manumeto,manumets,manumet,manumetem,manumeteu,manumeten	manumetia,manumeties,manumetia,manumetíem,manumetíeu,manumetien	manumetí,manumeteres,manumeté,manumetérem,manumetéreu,manumeteren	manumeti,manumetis,manumeti,manumetem,manumeteu,manumetin	manumetés,manumetessis,manumetés,manumetéssim,manumetéssiu,manumetessin	manumetr	manumès	manumetent	manumet	-	manumesa	manumeteu
marcir	marceixo,marceixes,marceix,marcim,marciu,marceixen	marcia,marcies,marcia,marcíem,marcíeu,marcien	marcí,marcires,marcí,marcírem,marcíreu,marciren	marceixi,marceixis,marceixi,marcim,marciu,marceixin	marcís,marcissis,marcís,marcíssim,marcíssiu,marcissin	marcir	marcit	marcint	marceix	1	marcida	marciu
marfondre	marfonc,marfons,marfon,marfonem,marfoneu,marfonen	marfonia,marfonies,marfonia,marfoníem,marfoníeu,marfonien	marfonguí,marfongueres,marfongué,marfonguérem,marfonguéreu,marfongueren	marfongui,marfonguis,marfongui,marfonguem,marfongueu,marfonguin	marfongués,marfonguesses,marfongués,marfonguéssem,marfonguésseu,marfonguessen	marfondr	marfós	marfonent	marfon	-	marfosa	marfoneu
menyscreure	menyscrec,menyscreus,menyscreu,menyscreiem,menyscreieu,menyscreuen	menyscreia,menyscreies,menyscreia,menyscrèiem,menyscrèieu,menyscreien	menyscreguí,menyscregueres,menyscregué,menyscreguérem,menyscreguéreu,menyscregueren	menyscregui,menyscreguis,menyscregui,menyscreguem,menyscregueu,menyscreguin	menyscregués,menyscreguesses,menyscregués,menyscreguéssem,menyscreguésseu,menyscreguessen	menyscreur	menyscregut	menyscreient	menyscreu	-	menyscreguda	menyscreieu
menystenir	menystinc,menystens,menysté,menystenim,menysteniu,menystenen	menystenia,menystenies,menystenia,menysteníem,menysteníeu,menystenien	menystinguí,menystingueres,menystingué,menystinguérem,menystinguéreu,menystingueren	menystingui,menystinguis,menystingui,menystinguem,menystingueu,menystinguin	menystingués,menystinguesses,menystingués,menystinguéssem,menystinguésseu,menystinguessen	menystindr	menystingut	menystenint	menystingues	-	menystinguda	menysteniu
merèixer	mereixo,mereixes,mereix,mereixem,mereixeu,mereixen	mereixia,mereixies,mereixia,mereixíem,mereixíeu,mereixien	mereixí,mereixeres,mereixé,mereixérem,mereixéreu,mereixeren	mereixi,mereixis,mereixi,mereixem,mereixeu,mereixin	mereixés,mereixessis,mereixés,mereixéssim,mereixéssiu,mereixessin	mereixer	merescut	mereixent	mereix	-	merescuda	mereixeu
metre	meto,mets,met,metem,meteu,meten	metia,meties,metia,metíem,metíeu,metien	metí,meteres,meté,metérem,metéreu,meteren	meti,metis,meti,metem,meteu,metin	metés,metessis,metés,metéssim,metéssiu,metessin	metr	mes	metent	met	1	mesa	meteu
moldre	molc,mols,mol,molem,moleu,molen	molia,molies,molia,molíem,molíeu,molien	molguí,molgueres,molgué,molguérem,molguéreu,molgueren	molgui,molguis,molgui,molguem,molgueu,molguin	molgués,molguessis,molgués,molguéssim,molguéssiu,molguessin	moldr	mòlt	molent	mol	-	mòlta	moleu
monjoiar	monjoio,monjoies,monjoia,monjoiem,monjoieu,monjoien	monjoiava,monjoiaves,monjoiava,monjoiàvem,monjoiàveu,monjoiaven	monjoí,monjoiares,monjoià,monjoiàrem,monjoiàreu,monjoiaren	monjoï,monjoïs,monjoï,monjoiem,monjoieu,monjoïn	monjoiés,monjoiesses,monjoiés,monjoiéssem,monjoiésseu,monjoiessen	monjoiar	monjoiat	monjoiant	monjoia	-	monjoiada	monjoieu
morir	moro,mors,mor,morim,moriu,moren	moria,mories,moria,moríem,moríeu,morien	morí,morires,morí,morírem,moríreu,moriren	mori,moris,mori,morim,moriu,morin	morís,morissis,morís,moríssim,moríssiu,morissin	morir	mort	morint	mor	1	morta	moriu
moure	moc,mous,mou,movem,moveu,mouen	movia,movies,movia,movíem,movíeu,movien	moguí,mogueres,mogué,moguérem,moguéreu,mogueren	mogui,moguis,mogui,moguem,mogueu,moguin	mogués,moguessis,mogués,moguéssim,moguéssiu,moguessin	mour	mogut	movent	mou	1	moguda	moveu
mugir	mugeixo,mugeixes,mugeix,mugim,mugiu,mugeixen	mugia,mugies,mugia,mugíem,mugíeu,mugien	mugí,mugires,mugí,mugírem,mugíreu,mugiren	mugeixi,mugeixis,mugeixi,mugim,mugiu,mugeixin	mugís,mugissis,mugís,mugíssim,mugíssiu,mugissin	mugir	mugit	mugint	mugeix	-	mugida	mugiu
munyir	munyo,munys,muny,munyim,munyiu,munyen	munyia,munyies,munyia,munyíem,munyíeu,munyien	munyí,munyires,munyí,munyírem,munyíreu,munyiren	munyi,munyis,munyi,munyim,munyiu,munyin	munyís,munyissis,munyís,munyíssim,munyíssiu,munyissin	munyir	munyit	munyint	muny	-	munyida	munyiu
musteir	musteeixo,musteeixes,musteeix,musteïm,musteïu,musteeixen	musteïa,musteïes,musteïa,musteíem,musteíeu,musteïen	musteí,musteïres,musteí,musteírem,musteíreu,musteïren	musteeixi,musteeixis,musteeixi,musteïm,musteïu,musteeixin	musteís,musteïssis,musteís,musteíssim,musteíssiu,musteïssin	musteir	musteït	musteint	musteeix	1	musteïda	musteïu
negligir	negligeixo,negligeixes,negligeix,negligim,negligiu,negligeixen	negligia,negligies,negligia,negligíem,negligíeu,negligien	negligí,negligires,negligí,negligírem,negligíreu,negligiren	negligeixi,negligeixis,negligeixi,negligim,negligiu,negligeixin	negligís,negligissis,negligís,negligíssim,negligíssiu,negligissin	negligir	negligit	negligint	negligeix	-	negligida	negligiu
noure	noc,nous,nou,noem,noeu,nouen	noïa,noïes,noïa,noíem,noíeu,noïen	noguí,nogueres,nogué,noguérem,noguéreu,nogueren	nogui,noguis,nogui,noguem,nogueu,noguin	nogués,noguessis,nogués,noguéssim,noguéssiu,noguessin	nour	nogut	noent	nou	-	noguda	noeu
néixer	neixo,naixes,naix,naixem,naixeu,naixen	naixia,naixies,naixia,naixíem,naixíeu,naixien	naixí,naixeres,naixé,naixérem,naixéreu,naixeren	neixi,neixis,neixi,naixem,naixeu,neixin	naixés,naixessis,naixés,naixéssim,naixéssiu,naixessin	naixer	nascut	naixent	naix	1	nascuda	naixeu
nòmer	nomo,noms,nom,nomem,nomeu,nomen	nomia,nomies,nomia,nomíem,nomíeu,nomien	nomí,nomeres,nomé,nomérem,noméreu,nomeren	nomi,nomis,nomi,nomem,nomeu,nomin	només,nomesses,només,noméssem,nomésseu,nomessen	nomer	nomut	noment	nom	-	nomuda	nomeu
obeir	obeeixo,obeeixes,obeeix,obeïm,obeïu,obeeixen	obeïa,obeïes,obeïa,obeíem,obeíeu,obeïen	obeí,obeïres,obeí,obeírem,obeíreu,obeïren	obeeixi,obeeixis,obeeixi,obeïm,obeïu,obeeixin	obeís,obeïssis,obeís,obeíssim,obeíssiu,obeïssin	obeir	obeït	obeint	obeeix	1	obeïda	obeïu
obrir	obro,obres,obre,obrim,obriu,obren	obria,obries,obria,obríem,obríeu,obrien	obrí,obrires,obrí,obrírem,obríreu,obriren	obri,obris,obri,obrim,obriu,obrin	obrís,obrissis,obrís,obríssim,obríssiu,obrissin	obrir	obert	obrint	obre	1	oberta	obriu
obstruir	obstrueixo,obstrueixes,obstrueix,obstruïm,obstruïu,obstrueixen	obstruïa,obstruïes,obstruïa,obstruíem,obstruíeu,obstruïen	obstruí,obstruïres,obstruí,obstruírem,obstruíreu,obstruïren	obstrueixi,obstrueixis,obstrueixi,obstruïm,obstruïu,obstrueixin	obstruís,obstruïssis,obstruís,obstruíssim,obstruíssiu,obstruïssin	obstruir	obstruït	obstruint	obstrueix	1	obstruïda	obstruïu
obtenir	obtinc,obtens,obté,obtenim,obteniu,obtenen	obtenia,obtenies,obtenia,obteníem,obteníeu,obtenien	obtinguí,obtingueres,obtingué,obtinguérem,obtinguéreu,obtingueren	obtingui,obtinguis,obtingui,obtinguem,obtingueu,obtinguin	obtingués,obtinguessis,obtingués,obtinguéssim,obtinguéssiu,obtinguessin	obtindr	obtingut	obtenint	obtingues	-	obtinguda	obteniu
obvenir	obvinc,obvens,obvé,obvenim,obveniu,obvenen	obvenia,obvenies,obvenia,obveníem,obveníeu,obvenien	obvinguí,obvingueres,obvingué,obvinguérem,obvinguéreu,obvingueren	obvingui,obvinguis,obvingui,obvinguem,obvingueu,obvinguin	obvingués,obvinguessis,obvingués,obvinguéssim,obvinguéssiu,obvinguessin	obvindr	obvingut	obvenint	obvén	-	obvinguda	obveniu
occir	occeixo,occeixes,occeix,occim,occiu,occeixen	occia,occies,occia,occíem,occíeu,occien	occí,occires,occí,occírem,occíreu,occiren	occeixi,occeixis,occeixi,occim,occiu,occeixin	occís,occissis,occís,occíssim,occíssiu,occissin	occir	occit	occint	occeix	-	occida	occiu
ocloure	-	-	-	-	-	-	oclòs	ocloent	-	-	oclosa	-
ocórrer	ocorro,ocorres,ocorre,ocorrem,ocorreu,ocorren	ocorria,ocorries,ocorria,ocorríem,ocorríeu,ocorrien	ocorreguí,ocorregueres,ocorregué,ocorreguérem,ocorreguéreu,ocorregueren	ocorri,ocorris,ocorri,ocorreguem,ocorregueu,ocorrin	ocorregués,ocorreguessis,ocorregués,ocorreguéssim,ocorreguéssiu,ocorreguessin	ocorrer	ocorregut	ocorrent	ocorre	-	ocorreguda	ocorreu
ofendre	ofenc,ofens,ofèn,ofenem,ofeneu,ofenen	ofenia,ofenies,ofenia,ofeníem,ofeníeu,ofenien	ofenguí,ofengueres,ofengué,ofenguérem,ofenguéreu,ofengueren	ofengui,ofenguis,ofengui,ofenguem,ofengueu,ofenguin	ofengués,ofenguessis,ofengués,ofenguéssim,ofenguéssiu,ofenguessin	ofendr	ofès	ofenent	ofèn	-	ofesa	ofeneu
oiar	oio,oies,oia,oiem,oieu,oien	oiava,oiaves,oiava,oiàvem,oiàveu,oiaven	oí,oiares,oià,oiàrem,oiàreu,oiaren	oï,oïs,oï,oiem,oieu,oïn	oiés,oiesses,oiés,oiéssem,oiésseu,oiessen	oiar	oiat	oiant	oia	1	oiada	oieu
oir	oeixo,oeixes,oeix,oïm,oïu,oeixen	oïa,oïes,oïa,oíem,oíeu,oïen	oí,oïres,oí,oírem,oíreu,oïren	oeixi,oeixis,oeixi,oïm,oïu,oeixin	oís,oïssis,oís,oíssim,oíssiu,oïssin	oir	oït	oint	oeix	1	oïda	oïu
oldre	olc,ols,ol,olem,oleu,olen	olia,olies,olia,olíem,olíeu,olien	olguí,olgueres,olgué,olguérem,olguéreu,olgueren	olgui,olguis,olgui,olguem,olgueu,olguin	olgués,olguessis,olgués,olguéssim,olguéssiu,olguessin	oldr	olgut	olent	ol	1	olguda	oleu
ometre	ometo,omets,omet,ometem,ometeu,ometen	ometia,ometies,ometia,ometíem,ometíeu,ometien	ometí,ometeres,ometé,ometérem,ometéreu,ometeren	ometi,ometis,ometi,ometem,ometeu,ometin	ometés,ometessis,ometés,ometéssim,ometéssiu,ometessin	ometr	omès	ometent	omet	-	omesa	ometeu
omplir	omplo,omples,omple,omplim,ompliu,omplen	omplia,omplies,omplia,omplíem,omplíeu,omplien	omplí,omplires,omplí,omplírem,omplíreu,ompliren	ompli,omplis,ompli,omplim,ompliu,omplin	omplís,omplissis,omplís,omplíssim,omplíssiu,omplissin	omplir	omplert	omplint	omple	1	omplerta	ompliu
pair	paeixo,paeixes,paeix,païm,païu,paeixen	païa,païes,païa,paíem,paíeu,païen	paí,païres,paí,paírem,paíreu,païren	paeixi,paeixis,paeixi,païm,païu,paeixin	país,païssis,país,paíssim,paíssiu,païssin	pair	paït	paint	paeix	1	païda	païu
parèixer	parec,pareixes,pareix,pareixem,pareixeu,pareixen	pareixia,pareixies,pareixia,pareixíem,pareixíeu,pareixien	pareguí,paregueres,paregué,pareguérem,pareguéreu,paregueren	paregui,pareguis,paregui,pareguem,paregueu,pareguin	paregués,pareguessis,paregués,pareguéssim,pareguéssiu,pareguessin	pareixer	paregut	pareixent	pareix	-	pareguda	pareixeu
pellobrir	pellobro,pellobres,pellobre,pellobrim,pellobriu,pellobren	pellobria,pellobries,pellobria,pellobríem,pellobríeu,pellobrien	pellobrí,pellobrires,pellobrí,pellobrírem,pellobríreu,pellobriren	pellobri,pellobris,pellobri,pellobrim,pellobriu,pellobrin	pellobrís,pellobrisses,pellobrís,pellobríssem,pellobrísseu,pellobrissen	pellobrir	pellobrert	pellobrint	pellobre	-	pellobrerta	pellobriu
penedir	penedeixo,penedeixes,penedeix,penedim,penediu,penedeixen	penedia,penedies,penedia,penedíem,penedíeu,penedien	penedí,penedires,penedí,penedírem,penedíreu,penediren	penedeixi,penedeixis,penedeixi,penedim,penediu,penedeixin	penedís,penedisses,penedís,penedíssem,penedísseu,penedissen	penedir	penedit	penedint	penedeix	-	penedida	penediu
percebre	percebo,perceps,percep,percebem,percebeu,perceben	percebia,percebies,percebia,percebíem,percebíeu,percebien	percebí,perceberes,percebé,percebérem,percebéreu,perceberen	percebi,percebis,percebi,percebem,percebeu,percebin	percebés,percebessis,percebés,percebéssim,percebéssiu,percebessin	percebr	percebut	percebent	percep	-	percebuda	percebeu
perfer	perfaig,perfàs,perfà,perfem,perfeu,perfan	perfeia,perfeies,perfeia,perfèiem,perfèieu,perfeien	perfiu,perferes,perféu,perférem,perféreu,perferen	perfaci,perfacis,perfaci,perfem,perfeu,perfacin	perfés,perfesses,perfés,perféssem,perfésseu,perfessen	perfar	perfet	perfent	perfés	-	perfeta	perfeu
permetre	permeto,permets,permet,permetem,permeteu,permeten	permetia,permeties,permetia,permetíem,permetíeu,permetien	permetí,permeteres,permeté,permetérem,permetéreu,permeteren	permeti,permetis,permeti,permetem,permeteu,permetin	permetés,permetessis,permetés,permetéssim,permetéssiu,permetessin	permetr	permès	permetent	permet	-	permesa	permeteu
perseguir	persegueixo,persegueixes,persegueix,perseguim,perseguiu,persegueixen	perseguia,perseguies,perseguia,perseguíem,perseguíeu,perseguien	perseguí,perseguires,perseguí,perseguírem,perseguíreu,perseguiren	persegueixi,persegueixis,persegueixi,perseguim,perseguiu,persegueixin	perseguís,perseguissis,perseguís,perseguíssim,perseguíssiu,perseguissin	perseguir	perseguit	perseguint	persegueix	-	perseguida	perseguiu
pertànyer	pertanyo,pertanys,pertany,pertanyem,pertanyeu,pertanyen	pertanyia,pertanyies,pertanyia,pertanyíem,pertanyíeu,pertanyien	pertanyí,pertanyeres,pertanyé,pertanyérem,pertanyéreu,pertanyeren	pertanyi,pertanyis,pertanyi,pertanyem,pertanyeu,pertanyin	pertanyés,pertanyessis,pertanyés,pertanyéssim,pertanyéssiu,pertanyessin	pertanyer	pertangut	pertanyent	pertany	-	pertanguda	pertanyeu
pervenir	pervinc,pervens,pervé,pervenim,perveniu,pervenen	pervenia,pervenies,pervenia,perveníem,perveníeu,pervenien	pervinguí,pervingueres,pervingué,pervinguérem,pervinguéreu,pervingueren	pervingui,pervinguis,pervingui,pervinguem,pervingueu,pervinguin	pervingués,pervinguessis,pervingués,pervinguéssim,pervinguéssiu,pervinguessin	pervindr	pervingut	pervenint	pervén	-	pervinguda	perveniu
perviure	pervisc,pervius,perviu,pervivim,perviviu,perviuen	pervivia,pervivies,pervivia,pervivíem,pervivíeu,pervivien	pervisquí,pervisqueres,pervisqué,pervisquérem,pervisquéreu,pervisqueren	pervisqui,pervisquis,pervisqui,pervisquem,pervisqueu,pervisquin	pervisqués,pervisquesses,pervisqués,pervisquéssem,pervisquésseu,pervisquessen	perviur	perviscut	pervivint	perviu	-	perviscuda	perviviu
plaure	plac,plaus,plau,plaem,plaeu,plauen	plaïa,plaïes,plaïa,plaíem,plaíeu,plaïen	plaguí,plagueres,plagué,plaguérem,plaguéreu,plagueren	plagui,plaguis,plagui,plaguem,plagueu,plaguin	plagués,plaguessis,plagués,plaguéssim,plaguéssiu,plaguessin	plaur	plagut	plaent	plau	1	plaguda	plaeu
ploure	ploc,plous,plou,plovem,ploveu,plouen	plovia,plovies,plovia,plovíem,plovíeu,plovien	ploguí,plogueres,plogué,ploguérem,ploguéreu,plogueren	plogui,ploguis,plogui,ploguem,plogueu,ploguin	plogués,ploguessis,plogués,ploguéssim,ploguéssiu,ploguessin	plour	plogut	plovent	plou	1	ploguda	ploveu
plànyer	planyo,planys,plany,planyem,planyeu,planyen	planyia,planyies,planyia,planyíem,planyíeu,planyien	planyí,planyeres,planyé,planyérem,planyéreu,planyeren	planyi,planyis,planyi,planyem,planyeu,planyin	planyés,planyessis,plangués,planyéssim,planyéssiu,planyessin	planyer	plangut	planyent	plany	1	planguda	planyeu
poder	puc,pots,pot,podem,podeu,poden	podia,podies,podia,podíem,podíeu,podien	poguí,pogueres,pogué,poguérem,poguéreu,pogueren	pugui,puguis,pugui,puguem,pugueu,puguin	pogués,poguessis,pogués,poguéssim,poguéssiu,poguessin	podr	pogut	podent	pugues	-	poguda	pugueu
pol·luir	pol·lueixo,pol·lueixes,pol·lueix,pol·luïm,pol·luïu,pol·lueixen	pol·luïa,pol·luïes,pol·luïa,pol·luíem,pol·luíeu,pol·luïen	pol·luí,pol·luïres,pol·luí,pol·luírem,pol·luíreu,pol·luïren	pol·lueixi,pol·lueixis,pol·lueixi,pol·luïm,pol·luïu,pol·lueixin	pol·luís,pol·luïssis,pol·luís,pol·luíssim,pol·luíssiu,pol·luïssin	pol·luir	pol·luït	pol·luint	pol·lueix	-	pol·luïda	pol·luïu
pondre	ponc,pons,pon,ponem,poneu,ponen	ponia,ponies,ponia,poníem,poníeu,ponien	ponguí,pongueres,pongué,ponguérem,ponguéreu,pongueren	pongui,ponguis,pongui,ponguem,pongueu,ponguin	pongués,ponguessis,pongués,ponguéssim,ponguéssiu,ponguessin	pondr	post	ponent	pon	1	posta	poneu
posseir	posseeixo,posseeixes,posseeix,posseïm,posseïu,posseeixen	posseïa,posseïes,posseïa,posseíem,posseíeu,posseïen	posseí,posseïres,posseí,posseírem,posseíreu,posseïren	posseeixi,posseeixis,posseeixi,posseïm,posseïu,posseeixin	posseís,posseïssis,posseís,posseíssim,posseíssiu,posseïssin	posseir	posseït	posseint	posseeix	-	posseïda	posseïu
pouar	pouo,poues,poua,pouem,poueu,pouen	pouava,pouaves,pouava,pouàvem,pouàveu,pouaven	pouí,pouares,pouà,pouàrem,pouàreu,pouaren	poui,pouis,poui,pouem,poueu,pouin	poués,pouessis,poués,pouéssim,pouéssiu,pouessin	pouar	pouat	pouant	poua	1	pouada	poueu
predir	predic,predius,prediu,prediem,predieu,prediuen	predeia,predeies,predeia,predèiem,predèieu,predeien	prediguí,predigueres,predigué,prediguérem,prediguéreu,predigueren	predigui,prediguis,predigui,prediguem,predigueu,prediguin	predigués,prediguessis,predigués,prediguéssim,prediguéssiu,prediguessin	predir	predit	predient	predigues	-	predita	predigueu
premorir	premoro,premors,premor,premorim,premoriu,premoren	premoria,premories,premoria,premoríem,premoríeu,premorien	premorí,premorires,premorí,premorírem,premoríreu,premoriren	premori,premoris,premori,premorim,premoriu,premorin	premorís,premorisses,premorís,premoríssem,premorísseu,premorissen	premorir	premort	premorint	premor	-	premorta	premoriu
prendre	prenc,prens,pren,prenem,preneu,prenen	prenia,prenies,prenia,preníem,preníeu,prenien	prenguí,prengueres,prengué,prenguérem,prenguéreu,prengueren	prengui,prenguis,prengui,prenguem,prengueu,prenguin	prengués,prenguessis,prengués,prenguéssim,prenguéssiu,prenguessin	prendr	pres	prenent	pren	1	presa	preneu
prescriure	prescric,prescrius,prescriu,prescrivim,prescriviu,prescriuen	prescrivia,prescrivies,prescrivia,prescrivíem,prescrivíeu,prescrivien	prescriguí,prescrigueres,prescrigué,prescriguérem,prescriguéreu,prescrigueren	prescrigui,prescriguis,prescrigui,prescriguem,prescrigueu,prescriguin	prescrigués,prescriguesses,prescrigués,prescriguéssem,prescriguésseu,prescriguessen	prescriur	prescrit	prescrivint	prescriu	-	prescrita	prescriviu
pretendre	pretenc,pretens,pretén,pretenem,preteneu,pretenen	pretenia,pretenies,pretenia,preteníem,preteníeu,pretenien	pretenguí,pretengueres,pretengué,pretenguérem,pretenguéreu,pretengueren	pretengui,pretenguis,pretengui,pretenguem,pretengueu,pretenguin	pretengués,pretenguessis,pretengués,pretenguéssim,pretenguéssiu,pretenguessin	pretendr	pretès	pretenent	pretén	-	pretesa	preteneu
preuar	preuo,preues,preua,preuem,preueu,preuen	preuava,preuaves,preuava,preuàvem,preuàveu,preuaven	preuí,preuares,preuà,preuàrem,preuàreu,preuaren	preui,preuis,preui,preuem,preueu,preuin	preués,preuesses,preués,preuéssem,preuésseu,preuessen	preuar	preuat	preuant	preua	-	preuada	preueu
prevaler	prevalc,prevals,preval,prevalem,prevaleu,prevalen	prevalia,prevalies,prevalia,prevalíem,prevalíeu,prevalien	prevalguí,prevalgueres,prevalgué,prevalguérem,prevalguéreu,prevalgueren	prevalgui,prevalguis,prevalgui,prevalguem,prevalgueu,prevalguin	prevalgués,prevalguessis,prevalgués,prevalguéssim,prevalguéssiu,prevalguessin	prevaldr	prevalgut	prevalent	preval	-	prevalguda	prevaleu
prevenir	previnc,prevens,prevé,prevenim,preveniu,prevenen	prevenia,prevenies,prevenia,preveníem,preveníeu,prevenien	previnguí,previngueres,previngué,previnguérem,previnguéreu,previngueren	previngui,previnguis,previngui,previnguem,previngueu,previnguin	previngués,previnguessis,previngués,previnguéssim,previnguéssiu,previnguessin	previndr	previngut	prevenint	prevén	-	previnguda	preveniu
preveure	preveig,preveus,preveu,preveiem,preveieu,preveuen	preveia,preveies,preveia,prevèiem,prevèieu,preveien	previu,preveieres,preveié,preveiérem,preveiéreu,preveieren	prevegi,prevegis,prevegi,prevegem,prevegeu,prevegin	preveiés,preveiessis,preveiés,preveiéssim,preveiéssiu,preveiessin	preveur	previst	preveient	preveges	-	prevista	prevegeu
produir	produeixo,produeixes,produeix,produïm,produïu,produeixen	produïa,produïes,produïa,produíem,produíeu,produïen	produí,produïres,produí,produírem,produíreu,produïren	produeixi,produeixis,produeixi,produïm,produïu,produeixin	produís,produïssis,produís,produíssim,produíssiu,produïssin	produir	produït	produint	produeix	-	produïda	produïu
promoure	promoc,promous,promou,promovem,promoveu,promouen	promovia,promovies,promovia,promovíem,promovíeu,promovien	promoguí,promogueres,promogué,promoguérem,promoguéreu,promogueren	promogui,promoguis,promogui,promoguem,promogueu,promoguin	promogués,promoguessis,promogués,promoguéssim,promoguéssiu,promoguessin	promour	promogut	promovent	promou	-	promoguda	promoveu
proscriure	proscric,proscrius,proscriu,proscrivim,proscriviu,proscriuen	proscrivia,proscrivies,proscrivia,proscrivíem,proscrivíeu,proscrivien	proscriguí,proscrigueres,proscrigué,proscriguérem,proscriguéreu,proscrigueren	proscrigui,proscriguis,proscrigui,proscriguem,proscrigueu,proscriguin	proscrigués,proscriguesses,proscrigués,proscriguéssem,proscriguésseu,proscriguessen	proscriur	proscrit	proscrivint	proscriu	-	proscrita	proscriviu
prosseguir	prossegueixo,prossegueixes,prossegueix,prosseguim,prosseguiu,prossegueixen	prosseguia,prosseguies,prosseguia,prosseguíem,prosseguíeu,prosseguien	prosseguí,prosseguires,prosseguí,prosseguírem,prosseguíreu,prosseguiren	prossegueixi,prossegueixis,prossegueixi,prosseguim,prosseguiu,prossegueixin	prosseguís,prosseguissis,prosseguís,prosseguíssim,prosseguíssiu,prosseguissin	prosseguir	prosseguit	prosseguint	prossegueix	-	prosseguida	prosseguiu
prostituir	prostitueixo,prostitueixes,prostitueix,prostituïm,prostituïu,prostitueixen	prostituïa,prostituïes,prostituïa,prostituíem,prostituíeu,prostituïen	prostituí,prostituïres,prostituí,prostituírem,prostituíreu,prostituïren	prostitueixi,prostitueixis,prostitueixi,prostituïm,prostituïu,prostitueixin	prostituís,prostituïssis,prostituís,prostituíssim,prostituíssiu,prostituïssin	prostituir	prostituït	prostituint	prostitueix	-	prostituïda	prostituïu
protegir	protegeixo,protegeixes,protegeix,protegim,protegiu,protegeixen	protegia,protegies,protegia,protegíem,protegíeu,protegien	protegí,protegires,protegí,protegírem,protegíreu,protegiren	protegeixi,protegeixis,protegeixi,protegim,protegiu,protegeixin	protegís,protegissis,protegís,protegíssim,protegíssiu,protegissin	protegir	protegit	protegint	protegeix	-	protegida	protegiu
proveir	proveeixo,proveeixes,proveeix,proveïm,proveïu,proveeixen	proveïa,proveïes,proveïa,proveíem,proveíeu,proveïen	proveí,proveïres,proveí,proveírem,proveíreu,proveïren	proveeixi,proveeixis,proveeixi,proveïm,proveïu,proveeixin	proveís,proveïssis,proveís,proveíssim,proveíssiu,proveïssin	proveir	proveït	proveint	proveeix	-	proveïda	proveïu
provenir	provinc,provens,prové,provenim,proveniu,provenen	provenia,provenies,provenia,proveníem,proveníeu,provenien	provinguí,provingueres,provingué,provinguérem,provinguéreu,provingueren	provingui,provinguis,provingui,provinguem,provingueu,provinguin	provingués,provinguessis,provingués,provinguéssim,provinguéssiu,provinguessin	provindr	provingut	provenint	provén	-	provinguda	proveniu
pruir	pruo,prus,pru,pruïm,pruïu,pruen	pruïa,pruïes,pruïa,pruíem,pruíeu,pruïen	pruí,pruïres,pruí,pruírem,pruíreu,pruïren	pruï,pruïs,pruï,pruïm,pruïu,pruïn	pruís,pruïssis,pruís,pruíssim,pruíssiu,pruïssin	pruir	pruït	pruint	pru	-	pruïda	pruïu
prémer	premo,prems,prem,premem,premeu,premen	premia,premies,premia,premíem,premíeu,premien	premí,premeres,premé,premérem,preméreu,premeren	premi,premis,premi,premem,premeu,premin	premés,premessis,premés,preméssim,preméssiu,premessin	premer	premut	prement	prem	-	premuda	premeu
pudir	pudo,puts,put,pudim,pudiu,puden	pudia,pudies,pudia,pudíem,pudíeu,pudien	pudí,pudires,pudí,pudírem,pudíreu,pudiren	pudi,pudis,pudi,pudim,pudiu,pudin	pudís,pudissis,pudís,pudíssim,pudíssiu,pudissin	pudir	pudit	pudint	put	-	pudida	pudiu
punyir	punyo,punys,puny,punyim,punyiu,punyen	punyia,punyies,punyia,punyíem,punyíeu,punyien	punyí,punyires,punyí,punyírem,punyíreu,punyiren	punyi,punyis,punyi,punyim,punyiu,punyin	punyís,punyissis,punyís,punyíssim,punyíssiu,punyissin	punyir	punyit	punyint	puny	1	punyida	punyiu
péixer	peixo,paixes,paix,paixem,paixeu,paixen	paixia,paixies,paixia,paixíem,paixíeu,paixien	paixí,paixeres,paixé,paixérem,paixéreu,paixeren	peixi,peixis,peixi,paixem,paixeu,peixin	paixés,paixessis,paixés,paixéssim,paixéssiu,paixessin	paixer	pascut	paixent	paix	-	pascuda	paixeu
quissoiar	quissoio,quissoies,quissoia,quissoiem,quissoieu,quissoien	quissoiava,quissoiaves,quissoiava,quissoiàvem,quissoiàveu,quissoiaven	quissoí,quissoiares,quissoià,quissoiàrem,quissoiàreu,quissoiaren	quissoï,quissoïs,quissoï,quissoiem,quissoieu,quissoïn	quissoiés,quissoiessis,quissoiés,quissoiéssim,quissoiéssiu,quissoiessin	quissoiar	quissoiat	quissoiant	quissoia	-	quissoiada	quissoieu
radiodirigir	radiodirigeixo,radiodirigeixes,radiodirigeix,radiodirigim,radiodirigiu,radiodirigeixen	radiodirigia,radiodirigies,radiodirigia,radiodirigíem,radiodirigíeu,radiodirigien	radiodirigí,radiodirigires,radiodirigí,radiodirigírem,radiodirigíreu,radiodirigiren	radiodirigeixi,radiodirigeixis,radiodirigeixi,radiodirigim,radiodirigiu,radiodirigeixin	radiodirigís,radiodirigisses,radiodirigís,radiodirigíssem,radiodirigísseu,radiodirigissen	radiodirigir	radiodirigit	radiodirigint	radiodirigeix	-	radiodirigida	radiodirigiu
raure	rac,raus,rau,raem,raeu,rauen	raïa,raïes,raïa,raíem,raíeu,raïen	raguí,ragueres,ragué,raguérem,raguéreu,ragueren	ragui,raguis,ragui,raguem,ragueu,raguin	ragués,raguessis,ragués,raguéssim,raguéssiu,raguessin	raur	ragut	raent	rau	1	raguda	raeu
reabsoldre	reabsolc,reabsols,reabsol,reabsolem,reabsoleu,reabsolen	reabsolia,reabsolies,reabsolia,reabsolíem,reabsolíeu,reabsolien	reabsolguí,reabsolgueres,reabsolgué,reabsolguérem,reabsolguéreu,reabsolgueren	reabsolgui,reabsolguis,reabsolgui,reabsolguem,reabsolgueu,reabsolguin	reabsolgués,reabsolguesses,reabsolgués,reabsolguéssem,reabsolguésseu,reabsolguessen	reabsoldr	reabsolt	reabsolent	reabsol	-	reabsolta	reabsoleu
rebeure	rebec,rebeus,rebeu,rebevem,rebeveu,rebeuen	rebevia,rebevies,rebevia,rebevíem,rebevíeu,rebevien	rebeguí,rebegueres,rebegué,rebeguérem,rebeguéreu,rebegueren	rebegui,rebeguis,rebegui,rebeguem,rebegueu,rebeguin	rebegués,rebeguesses,rebegués,rebeguéssem,rebeguésseu,rebeguessen	rebeur	rebegut	rebevent	rebeu	-	rebeguda	rebeveu
rebordeir	rebordeeixo,rebordeeixes,rebordeeix,rebordeïm,rebordeïu,rebordeeixen	rebordeïa,rebordeïes,rebordeïa,rebordeíem,rebordeíeu,rebordeïen	rebordeí,rebordeïres,rebordeí,rebordeírem,rebordeíreu,rebordeïren	rebordeeixi,rebordeeixis,rebordeeixi,rebordeïm,rebordeïu,rebordeeixin	rebordeís,rebordeïsses,rebordeís,rebordeíssem,rebordeísseu,rebordeïssen	rebordeir	rebordeït	rebordeint	rebordeeix	-	rebordeïda	rebordeïu
rebre	rebo,reps,rep,rebem,rebeu,reben	rebia,rebies,rebia,rebíem,rebíeu,rebien	rebí,reberes,rebé,rebérem,rebéreu,reberen	rebi,rebis,rebi,rebem,rebeu,rebin	rebés,rebessis,rebés,rebéssim,rebéssiu,rebessin	rebr	rebut	rebent	rep	-	rebuda	rebeu
recloure	recloc,reclous,reclou,recloem,recloeu,reclouen	recloïa,recloïes,recloïa,recloíem,recloíeu,recloïen	recloguí,reclogueres,reclogué,recloguérem,recloguéreu,reclogueren	reclogui,recloguis,reclogui,recloguem,reclogueu,recloguin	reclogués,recloguessis,reclogués,recloguéssim,recloguéssiu,recloguessin	reclour	reclòs	recloent	reclou	-	reclosa	recloeu
recobrir	recobreixo,recobreixes,recobreix,recobrim,recobriu,recobreixen	recobria,recobries,recobria,recobríem,recobríeu,recobrien	recobrí,recobrires,recobrí,recobrírem,recobríreu,recobriren	recobreixi,recobreixis,recobreixi,recobrim,recobriu,recobreixin	recobrís,recobrissis,recobrís,recobríssim,recobríssiu,recobrissin	recobrir	recobert	recobrint	recobreix	-	recoberta	recobriu
recollir	recullo,reculls,recull,recollim,recolliu,recullen	recollia,recollies,recollia,recollíem,recollíeu,recollien	recollí,recollires,recollí,recollírem,recollíreu,recolliren	reculli,recullis,reculli,recollim,recolliu,recullin	recollís,recollissis,recollís,recollíssim,recollíssiu,recollissin	recollir	recollit	recollint	recull	-	recollida	recolliu
recomplir	recompleixo,recompleixes,recompleix,recomplim,recompliu,recompleixen	recomplia,recomplies,recomplia,recomplíem,recomplíeu,recomplien	recomplí,recomplires,recomplí,recomplírem,recomplíreu,recompliren	recompleixi,recompleixis,recompleixi,recomplim,recompliu,recompleixin	recomplís,recomplisses,recomplís,recomplíssem,recomplísseu,recomplissen	recomplir	recomplert	recomplint	recompleix	-	recomplerta	recompliu
reconduir	recondueixo,recondueixes,recondueix,reconduïm,reconduïu,recondueixen	reconduïa,reconduïes,reconduïa,reconduíem,reconduíeu,reconduïen	reconduí,reconduïres,reconduí,reconduírem,reconduíreu,reconduïren	recondueixi,recondueixis,recondueixi,reconduïm,reconduïu,recondueixin	reconduís,reconduïsses,reconduís,reconduíssem,reconduísseu,reconduïssen	reconduir	reconduït	reconduint	recondueix	-	reconduïda	reconduïu
reconstituir	reconstitueixo,reconstitueixes,reconstitueix,reconstituïm,reconstituïu,reconstitueixen	reconstituïa,reconstituïes,reconstituïa,reconstituíem,reconstituíeu,reconstituïen	reconstituí,reconstituïres,reconstituí,reconstituírem,reconstituíreu,reconstituïren	reconstitueixi,reconstitueixis,reconstitueixi,reconstituïm,reconstituïu,reconstitueixin	reconstituís,reconstituïsses,reconstituís,reconstituíssem,reconstituísseu,reconstituïssen	reconstituir	reconstituït	reconstituint	reconstitueix	-	reconstituïda	reconstituïu
reconstruir	reconstrueixo,reconstrueixes,reconstrueix,reconstruïm,reconstruïu,reconstrueixen	reconstruïa,reconstruïes,reconstruïa,reconstruíem,reconstruíeu,reconstruïen	reconstruí,reconstruïres,reconstruí,reconstruírem,reconstruíreu,reconstruïren	reconstrueixi,reconstrueixis,reconstrueixi,reconstruïm,reconstruïu,reconstrueixin	reconstruís,reconstruïssis,reconstruís,reconstruíssim,reconstruíssiu,reconstruïssin	reconstruir	reconstruït	reconstruint	reconstrueix	-	reconstruïda	reconstruïu
reconvenir	reconvinc,reconvens,reconvé,reconvenim,reconveniu,reconvenen	reconvenia,reconvenies,reconvenia,reconveníem,reconveníeu,reconvenien	reconvinguí,reconvingueres,reconvingué,reconvinguérem,reconvinguéreu,reconvingueren	reconvingui,reconvinguis,reconvingui,reconvinguem,reconvingueu,reconvinguin	reconvingués,reconvinguesses,reconvingués,reconvinguéssem,reconvinguésseu,reconvinguessen	reconvindr	reconvingut	reconvenint	reconvén	-	reconvinguda	reconveniu
reconèixer	reconec,reconeixes,reconeix,reconeixem,reconeixeu,reconeixen	reconeixia,reconeixies,reconeixia,reconeixíem,reconeixíeu,reconeixien	reconeguí,reconegueres,reconegué,reconeguérem,reconeguéreu,reconegueren	reconegui,reconeguis,reconegui,reconeguem,reconegueu,reconeguin	reconegués,reconeguessis,reconegués,reconeguéssim,reconeguéssiu,reconeguessin	reconeixer	reconegut	reconeixent	reconeix	-	reconeguda	reconeixeu
recorregir	recorregeixo,recorregeixes,recorregeix,recorregim,recorregiu,recorregeixen	recorregia,recorregies,recorregia,recorregíem,recorregíeu,recorregien	recorregí,recorregires,recorregí,recorregírem,recorregíreu,recorregiren	recorregeixi,recorregeixis,recorregeixi,recorregim,recorregiu,recorregeixin	recorregís,recorregisses,recorregís,recorregíssem,recorregísseu,recorregissen	recorregir	recorregit	recorregint	recorregeix	-	recorregida	recorregiu
recosir	recuso,recuses,recús,recosim,recosiu,recusen	recosia,recosies,recosia,recosíem,recosíeu,recosien	recosí,recosires,recosí,recosírem,recosíreu,recosiren	recusi,recusis,recusi,recosim,recosiu,recusin	recosís,recosisses,recosís,recosíssem,recosísseu,recosissen	recosir	recosit	recosint	recús	-	recosida	recosiu
recoure	recoc,recous,recou,recoem,recoeu,recouen	recoïa,recoïes,recoïa,recoíem,recoíeu,recoïen	recoguí,recogueres,recogué,recoguérem,recoguéreu,recogueren	recogui,recoguis,recogui,recoguem,recogueu,recoguin	recogués,recoguesses,recogués,recoguéssem,recoguésseu,recoguessen	recour	recuit	recoent	recou	-	recuita	recoeu
recórrer	recorro,recorres,recorre,recorrem,recorreu,recorren	recorria,recorries,recorria,recorríem,recorríeu,recorrien	recorreguí,recorregueres,recorregué,recorreguérem,recorreguéreu,recorregueren	recorri,recorris,recorri,recorreguem,recorregueu,recorrin	recorregués,recorreguessis,recorregués,recorreguéssim,recorreguéssiu,recorreguessin	recorrer	recorregut	recorrent	recorre	-	recorreguda	recorreu
redargüir	redarguïxo,redargüeixes,redargüeix,redarguïm,redarguïu,redargüeixen	redarguïa,redarguïes,redarguïa,redargüíem,redargüíeu,redarguïen	redargüí,redarguïres,redargüí,redargüírem,redargüíreu,redarguïren	redargüeixi,redargüeixis,redargüeixi,redarguïm,redarguïu,redargüeixin	redargüís,redarguïsses,redargüís,redargüíssem,redargüísseu,redarguïssen	redargüir	redarguït	redargüint	redargüeix	-	redarguïda	redarguïu
redir	redic,redius,rediu,rediem,redieu,rediuen	redeia,redeies,redeia,redèiem,redèieu,redeien	rediguí,redigueres,redigué,rediguérem,rediguéreu,redigueren	redigui,rediguis,redigui,rediguem,redigueu,rediguin	redigués,rediguesses,redigués,rediguéssem,rediguésseu,rediguessen	redir	redit	redient	redigues	1	redita	redigueu
reduir	redueixo,redueixes,redueix,reduïm,reduïu,redueixen	reduïa,reduïes,reduïa,reduíem,reduíeu,reduïen	reduí,reduïres,reduí,reduírem,reduíreu,reduïren	redueixi,redueixis,redueixi,reduïm,reduïu,redueixin	reduís,reduïssis,reduís,reduíssim,reduíssiu,reduïssin	reduir	reduït	reduint	redueix	-	reduïda	reduïu
reeixir	reïxo,reïxes,reïx,reeixim,reeixiu,reïxen	reeixia,reeixies,reeixia,reeixíem,reeixíeu,reeixien	reeixí,reeixires,reeixí,reeixírem,reeixíreu,reeixiren	reïxi,reïxis,reïxi,reeixim,reeixiu,reïxin	reeixís,reeixissis,reeixís,reeixíssim,reeixíssiu,reeixissin	reeixir	reeixit	reeixint	reïx	-	reeixida	reeixiu
reerigir	reerigeixo,reerigeixes,reerigeix,reerigim,reerigiu,reerigeixen	reerigia,reerigies,reerigia,reerigíem,reerigíeu,reerigien	reerigí,reerigires,reerigí,reerigírem,reerigíreu,reerigiren	reerigeixi,reerigeixis,reerigeixi,reerigim,reerigiu,reerigeixin	reerigís,reerigisses,reerigís,reerigíssem,reerigísseu,reerigissen	reerigir	reerigit	reerigint	reerigeix	-	reerigida	reerigiu
reescriure	reescric,reescrius,reescriu,reescrivim,reescriviu,reescriuen	reescrivia,reescrivies,reescrivia,reescrivíem,reescrivíeu,reescrivien	reescriguí,reescrigueres,reescrigué,reescriguérem,reescriguéreu,reescrigueren	reescrigui,reescriguis,reescrigui,reescriguem,reescrigueu,reescriguin	reescrigués,reescriguessis,reescrigués,reescriguéssim,reescriguéssiu,reescriguessin	reescriur	reescrit	reescrivint	reescriu	1	reescrita	reescriviu
refegir	refegeixo,refegeixes,refegeix,refegim,refegiu,refegeixen	refegia,refegies,refegia,refegíem,refegíeu,refegien	refegí,refegires,refegí,refegírem,refegíreu,refegiren	refegeixi,refegeixis,refegeixi,refegim,refegiu,refegeixin	refegís,refegisses,refegís,refegíssem,refegísseu,refegissen	refegir	refegit	refegint	refegeix	-	refegida	refegiu
refer	refaig,refàs,refà,refem,refeu,refan	refeia,refeies,refeia,refèiem,refèieu,refeien	refiu,referes,reféu,reférem,reféreu,referen	refaci,refacis,refaci,refem,refeu,refacin	refés,refessis,refés,reféssim,reféssiu,refessin	refar	refet	refent	refés	-	refeta	refeu
refondre	refonc,refons,refon,refonem,refoneu,refonen	refonia,refonies,refonia,refoníem,refoníeu,refonien	refonguí,refongueres,refongué,refonguérem,refonguéreu,refongueren	refongui,refonguis,refongui,refonguem,refongueu,refonguin	refongués,refonguessis,refongués,refonguéssim,refonguéssiu,refonguessin	refondr	refós	refonent	refon	-	refosa	refoneu
refregir	refregeixo,refregeixes,refregeix,refregim,refregiu,refregeixen	refregia,refregies,refregia,refregíem,refregíeu,refregien	refregí,refregires,refregí,refregírem,refregíreu,refregiren	refregeixi,refregeixis,refregeixi,refregim,refregiu,refregeixin	refregís,refregisses,refregís,refregíssem,refregísseu,refregissen	refregir	refregit	refregint	refregeix	-	refregida	refregiu
refringir	refringeixo,refringeixes,refringeix,refringim,refringiu,refringeixen	refringia,refringies,refringia,refringíem,refringíeu,refringien	refringí,refringires,refringí,refringírem,refringíreu,refringiren	refringeixi,refringeixis,refringeixi,refringim,refringiu,refringeixin	refringís,refringissis,refringís,refringíssim,refringíssiu,refringissin	refringir	refringit	refringint	refringeix	-	refringida	refringiu
regir	regeixo,regeixes,regeix,regim,regiu,regeixen	regia,regies,regia,regíem,regíeu,regien	regí,regires,regí,regírem,regíreu,regiren	regeixi,regeixis,regeixi,regim,regiu,regeixin	regís,regissis,regís,regíssim,regíssiu,regissin	regir	regit	regint	regeix	1	regida	regiu
reimprimir	reimprimeixo,reimprimeixes,reimprimeix,reimprimim,reimprimiu,reimprimeixen	reimprimia,reimprimies,reimprimia,reimprimíem,reimprimíeu,reimprimien	reimprimí,reimprimires,reimprimí,reimprimírem,reimprimíreu,reimprimiren	reimprimeixi,reimprimeixis,reimprimeixi,reimprimim,reimprimiu,reimprimeixin	reimprimís,reimprimissis,reimprimís,reimprimíssim,reimprimíssiu,reimprimissin	reimprimir	reimprès	reimprimint	reimprimeix	1	reimpresa	reimprimiu
relinquir	relinqueixo,relinqueixes,relinqueix,relinquim,relinquiu,relinqueixen	relinquia,relinquies,relinquia,relinquíem,relinquíeu,relinquien	relinquí,relinquires,relinquí,relinquírem,relinquíreu,relinquiren	relinqueixi,relinqueixis,relinqueixi,relinquim,relinquiu,relinqueixin	relinquís,relinquissis,relinquís,relinquíssim,relinquíssiu,relinquissin	relinquir	relinquit	relinquint	relinqueix	-	relinquida	relinquiu
relluir	rellueixo,rellueixes,rellueix,relluïm,relluïu,rellueixen	relluïa,relluïes,relluïa,relluíem,relluíeu,relluïen	relluí,relluïres,relluí,relluírem,relluíreu,relluïren	rellueixi,rellueixis,rellueixi,relluïm,relluïu,rellueixin	relluís,relluïsses,relluís,relluíssem,relluísseu,relluïssen	relluir	relluït	relluint	rellueix	-	relluïda	relluïu
remeiar	remeio,remeies,remeia,remeiem,remeieu,remeien	remeiava,remeiaves,remeiava,remeiàvem,remeiàveu,remeiaven	remeí,remeiares,remeià,remeiàrem,remeiàreu,remeiaren	remeï,remeïs,remeï,remeiem,remeieu,remeïn	remeiés,remeiessis,remeiés,remeiéssim,remeiéssiu,remeiessin	remeiar	remeiat	remeiant	remeia	-	remeiada	remeieu
remetre	remeto,remets,remet,remetem,remeteu,remeten	remetia,remeties,remetia,remetíem,remetíeu,remetien	remetí,remeteres,remeté,remetérem,remetéreu,remeteren	remeti,remetis,remeti,remetem,remeteu,remetin	remetés,remetessis,remetés,remetéssim,remetéssiu,remetessin	remetr	remès	remetent	remet	1	remesa	remeteu
remoure	remoc,remous,remou,removem,removeu,remouen	removia,removies,removia,removíem,removíeu,removien	remoguí,remogueres,remogué,remoguérem,remoguéreu,remogueren	remogui,remoguis,remogui,remoguem,remogueu,remoguin	remogués,remoguessis,remogués,remoguéssim,remoguéssiu,remoguessin	remour	remogut	removent	remou	-	remoguda	removeu
renéixer	reneixo,renaixes,renaix,renaixem,renaixeu,renaixen	renaixia,renaixies,renaixia,renaixíem,renaixíeu,renaixien	renaixí,renaixeres,renaixé,renaixérem,renaixéreu,renaixeren	reneixi,reneixis,reneixi,renaixem,renaixeu,reneixin	renaixés,renaixessis,renaixés,renaixéssim,renaixéssiu,renaixessin	renaixer	renascut	renaixent	renaix	1	renascuda	renaixeu
reobrir	reobro,reobres,reobre,reobrim,reobriu,reobren	reobria,reobries,reobria,reobríem,reobríeu,reobrien	reobrí,reobrires,reobrí,reobrírem,reobríreu,reobriren	reobri,reobris,reobri,reobrim,reobriu,reobrin	reobrís,reobrissis,reobrís,reobríssim,reobríssiu,reobrissin	reobrir	reobrert	reobrint	reobre	1	reoberta	reobriu
reomplir	reomplo,reomples,reomple,reomplim,reompliu,reomplen	reomplia,reomplies,reomplia,reomplíem,reomplíeu,reomplien	reomplí,reomplires,reomplí,reomplírem,reomplíreu,reompliren	reompli,reomplis,reompli,reomplim,reompliu,reomplin	reomplís,reomplisses,reomplís,reomplíssem,reomplísseu,reomplissen	reomplir	reomplert	reomplint	reomple	-	reomplerta	reompliu
repeuar	repeuo,repeues,repeua,repeuem,repeueu,repeuen	repeuava,repeuaves,repeuava,repeuàvem,repeuàveu,repeuaven	repeuí,repeuares,repeuà,repeuàrem,repeuàreu,repeuaren	repeui,repeuis,repeui,repeuem,repeueu,repeuin	repeués,repeuesses,repeués,repeuéssem,repeuésseu,repeuessen	repeuar	repeuat	repeuant	repeua	-	repeuada	repeueu
reprendre	reprenc,reprens,reprèn,reprenem,repreneu,reprenen	reprenia,reprenies,reprenia,repreníem,repreníeu,reprenien	reprenguí,reprengueres,reprengué,reprenguérem,reprenguéreu,reprengueren	reprengui,reprenguis,reprengui,reprenguem,reprengueu,reprenguin	reprengués,reprenguessis,reprengués,reprenguéssim,reprenguéssiu,reprenguessin	reprendr	reprès	reprenent	reprèn	1	represa	repreneu
resoldre	resolc,resols,resol,resolem,resoleu,resolen	resolia,resolies,resolia,resolíem,resolíeu,resolien	resolguí,resolgueres,resolgué,resolguérem,resolguéreu,resolgueren	resolgui,resolguis,resolgui,resolguem,resolgueu,resolguin	resolgués,resolguessis,resolgués,resolguéssim,resolguéssiu,resolguessin	resoldr	resolt	resolent	resol	-	resolta	resoleu
respondre	responc,respons,respon,responem,responeu,responen	responia,responies,responia,responíem,responíeu,responien	responguí,respongueres,respongué,responguérem,responguéreu,respongueren	respongui,responguis,respongui,responguem,respongueu,responguin	respongués,responguessis,respongués,responguéssim,responguéssiu,responguessin	respondr	respost	responent	respon	-	resposta	responeu
resseguir	ressegueixo,ressegueixes,ressegueix,resseguim,resseguiu,ressegueixen	resseguia,resseguies,resseguia,resseguíem,resseguíeu,resseguien	resseguí,resseguires,resseguí,resseguírem,resseguíreu,resseguiren	ressegueixi,ressegueixis,ressegueixi,resseguim,resseguiu,ressegueixin	resseguís,resseguissis,resseguís,resseguíssim,resseguíssiu,resseguissin	resseguir	resseguit	resseguint	ressegueix	-	resseguida	resseguiu
ressortir	ressurto,ressurts,ressurt,ressortim,ressortiu,ressurten	ressortia,ressorties,ressortia,ressortíem,ressortíeu,ressortien	ressortí,ressortires,ressortí,ressortírem,ressortíreu,ressortiren	ressurti,ressurtis,ressurti,ressortim,ressortiu,ressurtin	ressortís,ressortissis,ressortís,ressortíssim,ressortíssiu,ressortissin	ressortir	ressortit	ressortint	ressurt	-	ressortida	ressortiu
restituir	restitueixo,restitueixes,restitueix,restituïm,restituïu,restitueixen	restituïa,restituïes,restituïa,restituíem,restituíeu,restituïen	restituí,restituïres,restituí,restituírem,restituíreu,restituïren	restitueixi,restitueixis,restitueixi,restituïm,restituïu,restitueixin	restituís,restituïsses,restituís,restituíssem,restituísseu,restituïssen	restituir	restituït	restituint	restitueix	-	restituïda	restituïu
restringir	restringeixo,restringeixes,restringeix,restringim,restringiu,restringeixen	restringia,restringies,restringia,restringíem,restringíeu,restringien	restringí,restringires,restringí,restringírem,restringíreu,restringiren	restringeixi,restringeixis,restringeixi,restringim,restringiu,restringeixin	restringís,restringissis,restringís,restringíssim,restringíssiu,restringissin	restringir	restringit	restringint	restringeix	-	restringida	restringiu
restrènyer	restrenyo,restrenys,restreny,restrenyem,restrenyeu,restrenyen	restrenyia,restrenyies,restrenyia,restrenyíem,restrenyíeu,restrenyien	restrenyí,restrenyeres,restrenyé,restrenyérem,restrenyéreu,restrenyeren	restrenyi,restrenyis,restrenyi,restrenyem,restrenyeu,restrenyin	restrenyés,restrenyessis,restrenyés,restrenyéssim,restrenyéssiu,restrenyessin	restrenyer	restret	restrenyent	restreny	-	restreta	restrenyeu
retenir	retinc,retens,reté,retenim,reteniu,retenen	retenia,retenies,retenia,reteníem,reteníeu,retenien	retinguí,retingueres,retingué,retinguérem,retinguéreu,retingueren	retingui,retinguis,retingui,retinguem,retingueu,retinguin	retingués,retinguessis,retingués,retinguéssim,retinguéssiu,retinguessin	retindr	retingut	retenint	retingues	-	retinguda	reteniu
retondre	retonc,retons,reton,retonem,retoneu,retonen	retonia,retonies,retonia,retoníem,retoníeu,retonien	retonguí,retongueres,retongué,retonguérem,retonguéreu,retongueren	retongui,retonguis,retongui,retonguem,retongueu,retonguin	retongués,retonguesses,retongués,retonguéssem,retonguésseu,retonguessen	retondr	retós	retonent	reton	-	retosa	retoneu
retorquir	retorqueixo,retorqueixes,retorqueix,retorquim,retorquiu,retorqueixen	retorquia,retorquies,retorquia,retorquíem,retorquíeu,retorquien	retorquí,retorquires,retorquí,retorquírem,retorquíreu,retorquiren	retorqueixi,retorqueixis,retorqueixi,retorquim,retorquiu,retorqueixin	retorquís,retorquissis,retorquís,retorquíssim,retorquíssiu,retorquissin	retorquir	retorquit	retorquint	retorqueix	-	retorquida	retorquiu
retraduir	retradueixo,retradueixes,retradueix,retraduïm,retraduïu,retradueixen	retraduïa,retraduïes,retraduïa,retraduíem,retraduíeu,retraduïen	retraduí,retraduïres,retraduí,retraduírem,retraduíreu,retraduïren	retradueixi,retradueixis,retradueixi,retraduïm,retraduïu,retradueixin	retraduís,retraduïsses,retraduís,retraduíssem,retraduísseu,retraduïssen	retraduir	retraduït	retraduint	retradueix	-	retraduïda	retraduïu
retransmetre	retransmeto,retransmets,retransmet,retransmetem,retransmeteu,retransmeten	retransmetia,retransmeties,retransmetia,retransmetíem,retransmetíeu,retransmetien	retransmetí,retransmeteres,retransmeté,retransmetérem,retransmetéreu,retransmeteren	retransmeti,retransmetis,retransmeti,retransmetem,retransmeteu,retransmetin	retransmetés,retransmetesses,retransmetés,retransmetéssem,retransmetésseu,retransmetessen	retransmetr	retransmès	retransmetent	retransmet	-	retransmesa	retransmeteu
retreure	retrac,retraus,retrau,retraiem,retraieu,retrauen	retreia,retreies,retreia,retrèiem,retrèieu,retreien	retraguí,retragueres,retragué,retraguérem,retraguéreu,retragueren	retregui,retreguis,retregui,retraguem,retragueu,retreguin	retragués,retraguessis,retragués,retraguéssim,retraguéssiu,retraguessin	retraur	retret	retraient	retrau	-	retreta	retraieu
retribuir	retribueixo,retribueixes,retribueix,retribuïm,retribuïu,retribueixen	retribuïa,retribuïes,retribuïa,retribuíem,retribuíeu,retribuïen	retribuí,retribuïres,retribuí,retribuírem,retribuíreu,retribuïren	retribueixi,retribueixis,retribueixi,retribuïm,retribuïu,retribueixin	retribuís,retribuïsses,retribuís,retribuíssem,retribuísseu,retribuïssen	retribuir	retribuït	retribuint	retribueix	-	retribuïda	retribuïu
retrotreure	retrotrac,retrotraus,retrotrau,retrotraiem,retrotraieu,retrotrauen	retrotreia,retrotreies,retrotreia,retrotrèiem,retrotrèieu,retrotreien	retrotraguí,retrotragueres,retrotragué,retrotraguérem,retrotraguéreu,retrotragueren	retrotragui,retrotraguis,retrotragui,retrotraguem,retrotragueu,retrotraguin	retrotragués,retrotraguesses,retrotragués,retrotraguéssem,retrotraguésseu,retrotraguessen	retrotraur	retrotret	retrotraient	retrotrau	-	retrotreta	retrotraieu
retrovendre	retrovenc,retrovens,retrovèn,retrovenem,retroveneu,retrovenen	retrovenia,retrovenies,retrovenia,retroveníem,retroveníeu,retrovenien	retrovenguí,retrovengueres,retrovengué,retrovenguérem,retrovenguéreu,retrovengueren	retrovengui,retrovenguis,retrovengui,retrovenguem,retrovengueu,retrovenguin	retrovengués,retrovenguesses,retrovengués,retrovenguéssem,retrovenguésseu,retrovenguessen	retrovendr	retrovenut	retrovenent	retrovèn	-	retrovenuda	retroveneu
retrunyir	retrunyo,retrunys,retruny,retrunyim,retrunyiu,retrunyen	retrunyia,retrunyies,retrunyia,retrunyíem,retrunyíeu,retrunyien	retrunyí,retrunyires,retrunyí,retrunyírem,retrunyíreu,retrunyiren	retrunyi,retrunyis,retrunyi,retrunyim,retrunyiu,retrunyin	retrunyís,retrunyissis,retrunyís,retrunyíssim,retrunyíssiu,retrunyissin	retrunyir	retrunyit	retrunyint	retruny	-	retrunyida	retrunyiu
retòrcer	retorço,retorces,retorç,retorcem,retorceu,retorcen	retorcia,retorcies,retorcia,retorcíem,retorcíeu,retorcien	retorcí,retorceres,retorcé,retorcérem,retorcéreu,retorceren	retorci,retorcis,retorci,retorcem,retorceu,retorcin	retorcés,retorcessis,retorcés,retorcéssim,retorcéssiu,retorcessin	retorcer	retorçut	retorcent	retorç	-	retorçuda	retorceu
revendre	revenc,revens,revèn,revenem,reveneu,revenen	revenia,revenies,revenia,reveníem,reveníeu,revenien	revenguí,revengueres,revengué,revenguérem,revenguéreu,revengueren	revengui,revenguis,revengui,revenguem,revengueu,revenguin	revengués,revenguesses,revengués,revenguéssem,revenguésseu,revenguessen	revendr	revenut	revenent	revèn	-	revenuda	reveneu
revenir	revinc,revéns,revé,revenim,reveniu,revénen	revenia,revenies,revenia,reveníem,reveníeu,revenien	revinguí,revingueres,revingué,revinguérem,revinguéreu,revingueren	revingui,revinguis,revingui,revinguem,revingueu,revinguin	revingués,revinguessis,revingués,revinguéssim,revinguéssiu,revinguessin	revindr	revingut	revenint	revén	1	revinguda	reveniu
reveure	reveig,reveus,reveu,reveiem,reveieu,reveuen	reveia,reveies,reveia,revèiem,revèieu,reveien	reviu,reveieres,reveié,reveiérem,reveiéreu,reveieren	revegi,revegis,revegi,revegem,revegeu,revegin	reveiés,reveiessis,reveiés,reveiéssim,reveiéssiu,reveiessin	reveur	revist	reveient	reveges	1	revista	revegeu
reviure	revisc,revius,reviu,revivim,reviviu,reviuen	revivia,revivies,revivia,revivíem,revivíeu,revivien	revisquí,revisqueres,revisqué,revisquérem,revisquéreu,revisqueren	revisqui,revisquis,revisqui,revisquem,revisqueu,revisquin	revisqués,revisquessis,revisqués,revisquéssim,revisquéssiu,revisquessin	reviur	reviscut	revivint	reviu	-	reviscuda	reviviu
revèncer	revenço,revences,revenç,revencem,revenceu,revencen	revencia,revencies,revencia,revencíem,revencíeu,revencien	revencí,revenceres,revencé,revencérem,revencéreu,revenceren	revenci,revencis,revenci,revencem,revenceu,revencin	revencés,revencesses,revencés,revencéssem,revencésseu,revencessen	revencer	revençut	revencent	revenç	-	revençuda	revenceu
riure	ric,rius,riu,riem,rieu,riuen	reia,reies,reia,rèiem,rèieu,reien	riguí,rigueres,rigué,riguérem,riguéreu,rigueren	rigui,riguis,rigui,riguem,rigueu,riguin	rigués,riguessis,rigués,riguéssim,riguéssiu,riguessin	riur	rigut	rient	riu	1	riguda	rieu
romandre	romanc,romans,roman,romanem,romaneu,romanen	romania,romanies,romania,romaníem,romaníeu,romanien	romanguí,romangueres,romangué,romanguérem,romanguéreu,romangueren	romangui,romanguis,romangui,romanguem,romangueu,romanguin	romangués,romanguessis,romangués,romanguéssim,romanguéssiu,romanguessin	romandr	romàs	romanent	roman	-	romasa	romaneu
rugir	rugeixo,rugeixes,rugeix,rugim,rugiu,rugeixen	rugia,rugies,rugia,rugíem,rugíeu,rugien	rugí,rugires,rugí,rugírem,rugíreu,rugiren	rugeixi,rugeixis,rugeixi,rugim,rugiu,rugeixin	rugís,rugissis,rugís,rugíssim,rugíssiu,rugissin	rugir	rugit	rugint	rugeix	-	rugida	rugiu
saber	sé,saps,sap,sabem,sabeu,saben	sabia,sabies,sabia,sabíem,sabíeu,sabien	sabí,saberes,sabé,sabérem,sabéreu,saberen	sàpiga,sàpigues,sàpiga,sapiguem,sapigueu,sàpiguen	sabés,sabessis,sabés,sabéssim,sabéssiu,sabessin	sabr	sabut	sabent	sàpigues	-	sabuda	sapigueu
salprendre	salprenc,salprens,salprèn,salprenem,salpreneu,salprenen	salprenia,salprenies,salprenia,salpreníem,salpreníeu,salprenien	salprenguí,salprengueres,salprengué,salprenguérem,salprenguéreu,salprengueren	salprengui,salprenguis,salprengui,salprenguem,salprengueu,salprenguin	salprengués,salprenguesses,salprengués,salprenguéssem,salprenguésseu,salprenguessen	salprendr	salprès	salprenent	salprèn	-	salpresa	salpreneu
sargir	sargeixo,sargeixes,sargeix,sargim,sargiu,sargeixen	sargia,sargies,sargia,sargíem,sargíeu,sargien	sargí,sargires,sargí,sargírem,sargíreu,sargiren	sargeixi,sargeixis,sargeixi,sargim,sargiu,sargeixin	sargís,sargissis,sargís,sargíssim,sargíssiu,sargissin	sargir	sargit	sargint	sargeix	-	sargida	sargiu
satisfer	satisfaig,satisfàs,satisfà,satisfem,satisfeu,satisfan	satisfeia,satisfeies,satisfeia,satisfèiem,satisfèieu,satisfeien	satisfiu,satisferes,satisféu,satisférem,satisféreu,satisferen	satisfaci,satisfacis,satisfaci,satisfem,satisfeu,satisfacin	satisfés,satisfessis,satisfés,satisféssim,satisféssiu,satisfessin	satisfar	satisfet	satisfent	satisfés	-	satisfeta	satisfeu
seduir	sedueixo,sedueixes,sedueix,seduïm,seduïu,sedueixen	seduïa,seduïes,seduïa,seduíem,seduíeu,seduïen	seduí,seduïres,seduí,seduírem,seduíreu,seduïren	sedueixi,sedueixis,sedueixi,seduïm,seduïu,sedueixin	seduís,seduïssis,seduís,seduíssim,seduíssiu,seduïssin	seduir	seduït	seduint	sedueix	-	seduïda	seduïu
seguir	segueixo,segueixes,segueix,seguim,seguiu,segueixen	seguia,seguies,seguia,seguíem,seguíeu,seguien	seguí,seguires,seguí,seguírem,seguíreu,seguiren	segueixi,segueixis,segueixi,seguim,seguiu,segueixin	seguís,seguissis,seguís,seguíssim,seguíssiu,seguissin	seguir	seguit	seguint	segueix	1	seguida	seguiu
seure	sec,seus,seu,seiem,seieu,seuen	seia,seies,seia,sèiem,sèieu,seien	seguí,segueres,segué,seguérem,seguéreu,segueren	segui,seguis,segui,seguem,segueu,seguin	segués,seguessis,segués,seguéssim,seguéssiu,seguessin	seur	segut	seient	seu	1	seguda	seieu
sobreafegir	sobreafegeixo,sobreafegeixes,sobreafegeix,sobreafegim,sobreafegiu,sobreafegeixen	sobreafegia,sobreafegies,sobreafegia,sobreafegíem,sobreafegíeu,sobreafegien	sobreafegí,sobreafegires,sobreafegí,sobreafegírem,sobreafegíreu,sobreafegiren	sobreafegeixi,sobreafegeixis,sobreafegeixi,sobreafegim,sobreafegiu,sobreafegeixin	sobreafegís,sobreafegisses,sobreafegís,sobreafegíssem,sobreafegísseu,sobreafegissen	sobreafegir	sobreafegit	sobreafegint	sobreafegeix	-	sobreafegida	sobreafegiu
sobreentendre	sobreentenc,sobreentens,sobreentén,sobreentenem,sobreenteneu,sobreentenen	sobreentenia,sobreentenies,sobreentenia,sobreenteníem,sobreenteníeu,sobreentenien	sobreentenguí,sobreentengueres,sobreentengué,sobreentenguérem,sobreentenguéreu,sobreentengueren	sobreentengui,sobreentenguis,sobreentengui,sobreentenguem,sobreentengueu,sobreentenguin	sobreentengués,sobreentenguesses,sobreentengués,sobreentenguéssem,sobreentenguésseu,sobreentenguessen	sobreentendr	sobreentès	sobreentenent	sobreentén	-	sobreentesa	sobreenteneu
sobreescriure	sobreescric,sobreescrius,sobreescriu,sobreescrivim,sobreescriviu,sobreescriuen	sobreescrivia,sobreescrivies,sobreescrivia,sobreescrivíem,sobreescrivíeu,sobreescrivien	sobreescriguí,sobreescrigueres,sobreescrigué,sobreescriguérem,sobreescriguéreu,sobreescrigueren	sobreescrigui,sobreescriguis,sobreescrigui,sobreescriguem,sobreescrigueu,sobreescriguin	sobreescrigués,sobreescriguesses,sobreescrigués,sobreescriguéssem,sobreescriguésseu,sobreescriguessen	sobreescriur	sobreescrit	sobreescrivint	sobreescriu	-	sobreescrita	sobreescriviu
sobreimprimir	sobreimprimeixo,sobreimprimeixes,sobreimprimeix,sobreimprimim,sobreimprimiu,sobreimprimeixen	sobreimprimia,sobreimprimies,sobreimprimia,sobreimprimíem,sobreimprimíeu,sobreimprimien	sobreimprimí,sobreimprimires,sobreimprimí,sobreimprimírem,sobreimprimíreu,sobreimprimiren	sobreimprimeixi,sobreimprimeixis,sobreimprimeixi,sobreimprimim,sobreimprimiu,sobreimprimeixin	sobreimprimís,sobreimprimisses,sobreimprimís,sobreimprimíssem,sobreimprimísseu,sobreimprimissen	sobreimprimir	sobreimprès	sobreimprimint	sobreimprimeix	-	sobreimpresa	sobreimprimiu
sobrenéixer	sobrenaixo,sobrenaixes,sobrenaix,sobrenaixem,sobrenaixeu,sobrenaixen	sobrenaixia,sobrenaixies,sobrenaixia,sobrenaixíem,sobrenaixíeu,sobrenaixien	sobrenaixí,sobrenaixeres,sobrenaixé,sobrenaixérem,sobrenaixéreu,sobrenaixeren	sobrenaixi,sobrenaixis,sobrenaixi,sobrenaixem,sobrenaixeu,sobrenaixin	sobrenaixés,sobrenaixessis,sobrenaixés,sobrenaixéssim,sobrenaixéssiu,sobrenaixessin	sobrenaixer	sobrenascut	sobrenaixent	sobrenaix	-	sobrenascuda	sobrenaixeu
sobreprendre	sobreprenc,sobreprens,sobreprèn,sobreprenem,sobrepreneu,sobreprenen	sobreprenia,sobreprenies,sobreprenia,sobrepreníem,sobrepreníeu,sobreprenien	sobreprenguí,sobreprengueres,sobreprengué,sobreprenguérem,sobreprenguéreu,sobreprengueren	sobreprengui,sobreprenguis,sobreprengui,sobreprenguem,sobreprengueu,sobreprenguin	sobreprengués,sobreprenguesses,sobreprengués,sobreprenguéssem,sobreprenguésseu,sobreprenguessen	sobreprendr	sobreprès	sobreprenent	sobreprèn	-	sobrepresa	sobrepreneu
sobreseure	sobresec,sobreseus,sobreseu,sobreseiem,sobreseieu,sobreseuen	sobreseia,sobreseies,sobreseia,sobresèiem,sobresèieu,sobreseien	sobreseguí,sobresegueres,sobresegué,sobreseguérem,sobreseguéreu,sobresegueren	sobresegui,sobreseguis,sobresegui,sobreseguem,sobresegueu,sobreseguin	sobresegués,sobreseguesses,sobresegués,sobreseguéssem,sobreseguésseu,sobreseguessen	sobreseur	sobresegut	sobreseient	sobreseu	-	sobreseguda	sobreseieu
sobresortir	sobresurto,sobresurts,sobresurt,sobresortim,sobresortiu,sobresurten	sobresortia,sobresorties,sobresortia,sobresortíem,sobresortíeu,sobresortien	sobresortí,sobresortires,sobresortí,sobresortírem,sobresortíreu,sobresortiren	sobresurti,sobresurtis,sobresurti,sobresortim,sobresortiu,sobresurtin	sobresortís,sobresortissis,sobresortís,sobresortíssim,sobresortíssiu,sobresortissin	sobresortir	sobresortit	sobresortint	sobresurt	-	sobresortida	sobresortiu
sobrevaler	sobrevalc,sobrevals,sobreval,sobrevalem,sobrevaleu,sobrevalen	sobrevalia,sobrevalies,sobrevalia,sobrevalíem,sobrevalíeu,sobrevalien	sobrevalguí,sobrevalgueres,sobrevalgué,sobrevalguérem,sobrevalguéreu,sobrevalgueren	sobrevalgui,sobrevalguis,sobrevalgui,sobrevalguem,sobrevalgueu,sobrevalguin	sobrevalgués,sobrevalguesses,sobrevalgués,sobrevalguéssem,sobrevalguésseu,sobrevalguessen	sobrevaldr	sobrevalgut	sobrevalent	sobreval	-	sobrevalguda	sobrevaleu
sobrevenir	sobrevinc,sobrevens,sobrevé,sobrevenim,sobreveniu,sobrevenen	sobrevenia,sobrevenies,sobrevenia,sobreveníem,sobreveníeu,sobrevenien	sobrevinguí,sobrevingueres,sobrevingué,sobrevinguérem,sobrevinguéreu,sobrevingueren	sobrevingui,sobrevinguis,sobrevingui,sobrevinguem,sobrevingueu,sobrevinguin	sobrevingués,sobrevinguessis,sobrevingués,sobrevinguéssim,sobrevinguéssiu,sobrevinguessin	sobrevindr	sobrevingut	sobrevenint	sobrevén	-	sobrevinguda	sobreveniu
sofregir	sofregeixo,sofregeixes,sofregeix,sofregim,sofregiu,sofregeixen	sofregia,sofregies,sofregia,sofregíem,sofregíeu,sofregien	sofregí,sofregires,sofregí,sofregírem,sofregíreu,sofregiren	sofregeixi,sofregeixis,sofregeixi,sofregim,sofregiu,sofregeixin	sofregís,sofregissis,sofregís,sofregíssim,sofregíssiu,sofregissin	sofregir	sofregit	sofregint	sofregeix	-	sofregida	sofregiu
soler	solc,sols,sol,solem,soleu,solen	solia,solies,solia,solíem,solíeu,solien	solguí,solgueres,solgué,solguérem,solguéreu,solgueren	solgui,solguis,solgui,solguem,solgueu,solguin	solgués,solguessis,solgués,solguéssim,solguéssiu,solguessin	soldr	solgut	solent	sol	-	solguda	soleu
somoure	somoc,somous,somou,somovem,somoveu,somouen	somovia,somovies,somovia,somovíem,somovíeu,somovien	somoguí,somogueres,somogué,somoguérem,somoguéreu,somogueren	somogui,somoguis,somogui,somoguem,somogueu,somoguin	somogués,somoguesses,somogués,somoguéssem,somoguésseu,somoguessen	somour	somogut	somovent	somou	-	somoguda	somoveu
somriure	somric,somrius,somriu,somriem,somrieu,somriuen	somreia,somreies,somreia,somrèiem,somrèieu,somreien	somriguí,somrigueres,somrigué,somriguérem,somriguéreu,somrigueren	somrigui,somriguis,somrigui,somriguem,somrigueu,somriguin	somrigués,somriguessis,somrigués,somriguéssim,somriguéssiu,somriguessin	somriur	somrigut	somrient	somriu	-	somriguda	somrieu
sorgir	sorgeixo,sorgeixes,sorgeix,sorgim,sorgiu,sorgeixen	sorgia,sorgies,sorgia,sorgíem,sorgíeu,sorgien	sorgí,sorgires,sorgí,sorgírem,sorgíreu,sorgiren	sorgeixi,sorgeixis,sorgeixi,sorgim,sorgiu,sorgeixin	sorgís,sorgissis,sorgís,sorgíssim,sorgíssiu,sorgissin	sorgir	sorgit	sorgint	sorgeix	-	sorgida	sorgiu
sorprendre	sorprenc,sorprens,sorprèn,sorprenem,sorpreneu,sorprenen	sorprenia,sorprenies,sorprenia,sorpreníem,sorpreníeu,sorprenien	sorprenguí,sorprengueres,sorprengué,sorprenguérem,sorprenguéreu,sorprengueren	sorprengui,sorprenguis,sorprengui,sorprenguem,sorprengueu,sorprenguin	sorprengués,sorprenguessis,sorprengués,sorprenguéssim,sorprenguéssiu,sorprenguessin	sorprendr	sorprès	sorprenent	sorprèn	-	sorpresa	sorpreneu
sortir	surto,surts,surt,sortim,sortiu,surten	sortia,sorties,sortia,sortíem,sortíeu,sortien	sortí,sortires,sortí,sortírem,sortíreu,sortiren	surti,surtis,surti,sortim,sortiu,surtin	sortís,sortissis,sortís,sortíssim,sortíssiu,sortissin	sortir	sortit	sortint	surt	1	sortida	sortiu
sostenir	sostinc,sostens,sosté,sostenim,sosteniu,sostenen	sostenia,sostenies,sostenia,sosteníem,sosteníeu,sostenien	sostinguí,sostingueres,sostingué,sostinguérem,sostinguéreu,sostingueren	sostingui,sostinguis,sostingui,sostinguem,sostingueu,sostinguin	sostingués,sostinguessis,sostingués,sostinguéssim,sostinguéssiu,sostinguessin	sostindr	sostingut	sostenint	sostingues	-	sostinguda	sosteniu
sostreure	sostrac,sostraus,sostrau,sostraiem,sostraieu,sostrauen	sostreia,sostries,sostreia,sostrèiem,sostrèieu,sostreien	sostraguí,sostragueres,sostragué,sostraguérem,sostraguéreu,sostragueren	sostregui,sostreguis,sostregui,sostraguem,sostragueu,sostreguin	sostragués,sostraguessis,sostragués,sostraguéssim,sostraguéssiu,sostraguessin	sostraur	sostret	sostraient	sostrau	-	sostreta	sostraieu
sotaescriure	sotaescric,sotaescrius,sotaescriu,sotaescrivim,sotaescriviu,sotaescriuen	sotaescrivia,sotaescrivies,sotaescrivia,sotaescrivíem,sotaescrivíeu,sotaescrivien	sotaescriguí,sotaescrigueres,sotaescrigué,sotaescriguérem,sotaescriguéreu,sotaescrigueren	sotaescrigui,sotaescriguis,sotaescrigui,sotaescriguem,sotaescrigueu,sotaescriguin	sotaescrigués,sotaescriguesses,sotaescrigués,sotaescriguéssem,sotaescriguésseu,sotaescriguessen	sotaescriur	sotaescrit	sotaescrivint	sotaescriu	-	sotaescrita	sotaescriviu
sotmetre	sotmeto,sotmets,sotmet,sotmetem,sotmeteu,sotmeten	sotmetia,sotmeties,sotmetia,sotmetíem,sotmetíeu,sotmetien	sotmetí,sotmeteres,sotmeté,sotmetérem,sotmetéreu,sotmeteren	sotmeti,sotmetis,sotmeti,sotmetem,sotmeteu,sotmetin	sotmetés,sotmetessis,sotmetés,sotmetéssim,sotmetéssiu,sotmetessin	sotmetr	sotmès	sotmetent	sotmet	-	sotmesa	sotmeteu
subdistingir	subdistingeixo,subdistingeixes,subdistingeix,subdistingim,subdistingiu,subdistingeixen	subdistingia,subdistingies,subdistingia,subdistingíem,subdistingíeu,subdistingien	subdistingí,subdistingires,subdistingí,subdistingírem,subdistingíreu,subdistingiren	subdistingeixi,subdistingeixis,subdistingeixi,subdistingim,subdistingiu,subdistingeixin	subdistingís,subdistingisses,subdistingís,subdistingíssem,subdistingísseu,subdistingissen	subdistingir	subdistingit	subdistingint	subdistingeix	-	subdistingida	subdistingiu
subduir	subdueixo,subdueixes,subdueix,subduim,subduiu,subdueixen	subduia,subduies,subduia,subduíem,subduíeu,subduien	subduí,subduires,subduí,subduírem,subduíreu,subduiren	subdueixi,subdueixis,subdueixi,subduim,subduiu,subdueixin	subduís,subduisses,subduís,subduíssim,subduíssiu,subduissen	subduir	subduit	subduint	subdueix	-	subduida	subduiu
submergir	submergeixo,submergeixes,submergeix,submergim,submergiu,submergeixen	submergia,submergies,submergia,submergíem,submergíeu,submergien	submergí,submergires,submergí,submergírem,submergíreu,submergiren	submergeixi,submergeixis,submergeixi,submergim,submergiu,submergeixin	submergís,submergissis,submergís,submergíssim,submergíssiu,submergissin	submergir	submergit	submergint	submergeix	-	submergida	submergiu
subscriure	subscric,subscrius,subscriu,subscrivim,subscriviu,subscriuen	subscrivia,subscrivies,subscrivia,subscrivíem,subscrivíeu,subscrivien	subscriguí,subscrigueres,subscrigué,subscriguérem,subscriguéreu,subscrigueren	subscrigui,subscriguis,subscrigui,subscriguem,subscrigueu,subscriguin	subscrigués,subscriguessis,subscrigués,subscriguéssim,subscriguéssiu,subscriguessin	subscriur	subscrit	subscrivint	subscriu	-	subscrita	subscriviu
subseguir	subsegueixo,subsegueixes,subsegueix,subseguim,subseguiu,subsegueixen	subseguia,subseguies,subseguia,subseguíem,subseguíeu,subseguien	subseguí,subseguires,subseguí,subseguírem,subseguíreu,subseguiren	subsegueixi,subsegueixis,subsegueixi,subseguim,subseguiu,subsegueixin	subseguís,subseguissis,subseguís,subseguíssim,subseguíssiu,subseguissin	subseguir	subseguit	subseguint	subsegueix	-	subseguida	subseguiu
substituir	substitueixo,substitueixes,substitueix,substituïm,substituïu,substitueixen	substituïa,substituïes,substituïa,substituíem,substituíeu,substituïen	substituí,substituïres,substituí,substituírem,substituíreu,substituïren	substitueixi,substitueixis,substitueixi,substituïm,substituïu,substitueixin	substituís,substituïssis,substituís,substituíssim,substituíssiu,substituïssin	substituir	substituït	substituint	substitueix	-	substituïda	substituïu
subvenir	subvinc,subvens,subvé,subvenim,subveniu,subvenen	subvenia,subvenies,subvenia,subveníem,subveníeu,subvenien	subvinguí,subvingueres,subvingué,subvinguérem,subvinguéreu,subvingueren	subvingui,subvinguis,subvingui,subvinguem,subvingueu,subvinguin	subvingués,subvinguessis,subvingués,subvinguéssim,subvinguéssiu,subvinguessin	subvindr	subvingut	subvenint	subvén	-	subvinguda	subveniu
succeir	succeeixo,succeeixes,succeeix,succeïm,succeïu,succeeixen	succeïa,succeïes,succeïa,succeíem,succeíeu,succeïen	succeí,succeïres,succeí,succeírem,succeíreu,succeïren	succeeixi,succeeixis,succeeixi,succeïm,succeïu,succeeixin	succeís,succeïssis,succeís,succeíssim,succeíssiu,succeïssin	succeir	succeït	succeint	succeeix	-	succeïda	succeïu
suspendre	suspenc,suspens,suspèn,suspenem,suspeneu,suspenen	suspenia,suspenies,suspenia,suspeníem,suspeníeu,suspenien	suspenguí,suspengueres,suspengué,suspenguérem,suspenguéreu,suspengueren	suspengui,suspenguis,suspengui,suspenguem,suspengueu,suspenguin	suspengués,suspenguessis,suspengués,suspenguéssim,suspenguéssiu,suspenguessin	suspendr	suspès	suspenent	suspèn	-	suspesa	suspeneu
teledirigir	teledirigeixo,teledirigeixes,teledirigeix,teledirigim,teledirigiu,teledirigeixen	teledirigia,teledirigies,teledirigia,teledirigíem,teledirigíeu,teledirigien	teledirigí,teledirigires,teledirigí,teledirigírem,teledirigíreu,teledirigiren	teledirigeixi,teledirigeixis,teledirigeixi,teledirigim,teledirigiu,teledirigeixin	teledirigís,teledirigisses,teledirigís,teledirigíssem,teledirigísseu,teledirigissen	teledirigir	teledirigit	teledirigint	teledirigeix	-	teledirigida	teledirigiu
tenir	tinc,tens,té,tenim,teniu,tenen	tenia,tenies,tenia,teníem,teníeu,tenien	tinguí,tingueres,tingué,tinguérem,tinguéreu,tingueren	tingui,tinguis,tingui,tinguem,tingueu,tinguin	tingués,tinguessis,tingués,tinguéssim,tinguéssiu,tinguessin	tindr	tingut	tenint	ten	1	tinguda	teniu
toldre	tolc,tols,tol,tolem,toleu,tolen	tolia,tolies,tolia,tolíem,tolíeu,tolien	tolguí,tolgueres,tolgué,tolguérem,tolguéreu,tolgueren	tolgui,tolguis,tolgui,tolguem,tolgueu,tolguin	tolgués,tolguessis,tolgués,tolguéssim,tolguéssiu,tolguessin	toldr	tolt	tolent	tol	-	tolta	toleu
tondre	tonc,tons,ton,tonem,toneu,tonen	tonia,tonies,tonia,toníem,toníeu,tonien	tonguí,tongueres,tongué,tonguérem,tonguéreu,tongueren	tongui,tonguis,tongui,tonguem,tongueu,tonguin	tongués,tonguessis,tongués,tonguéssim,tonguéssiu,tonguessin	tondr	tos	tonent	ton	1	tosa	toneu
tosser	-	-	-	-	-	-	-	-	-	-	-	-
tossir	tusso,tusses,tus,tossim,tossiu,tussen	tossia,tossies,tossia,tossíem,tossíeu,tossien	tossí,tossires,tossí,tossírem,tossíreu,tossiren	tussi,tussis,tussi,tossim,tossiu,tussin	tossís,tossissis,tossís,tossíssim,tossíssiu,tossissin	tossir	tossit	tossint	tus	-	tossida	tossiu
traduir	tradueixo,tradueixes,tradueix,traduïm,traduïu,tradueixen	traduïa,traduïes,traduïa,traduíem,traduíeu,traduïen	traduí,traduïres,traduí,traduírem,traduíreu,traduïren	tradueixi,tradueixis,tradueixi,traduïm,traduïu,tradueixin	traduís,traduïssis,traduís,traduíssim,traduíssiu,traduïssin	traduir	traduït	traduint	tradueix	1	traduïda	traduïu
trair	traeixo,traeixes,traeix,traïm,traïu,traeixen	traïa,traïes,traïa,traíem,traíeu,traïen	traí,traïres,traí,traírem,traíreu,traïren	traeixi,traeixis,traeixi,traïm,traïu,traeixin	traís,traïssis,traís,traíssim,traíssiu,traïssin	trair	traït	traint	traeix	-	traïda	traïu
trametre	trameto,tramets,tramet,trametem,trameteu,trameten	trametia,trameties,trametia,trametíem,trametíeu,trametien	trametí,trameteres,trameté,trametérem,trametéreu,trameteren	trameti,trametis,trameti,trametem,trameteu,trametin	trametés,trametessis,trametés,trametéssim,trametéssiu,trametessin	trametr	tramès	trametent	tramet	-	tramesa	trameteu
transcriure	transcric,transcrius,transcriu,transcrivim,transcriviu,transcriuen	transcrivia,transcrivies,transcrivia,transcrivíem,transcrivíeu,transcrivien	transcriguí,transcrigueres,transcrigué,transcriguérem,transcriguéreu,transcrigueren	transcrigui,transcriguis,transcrigui,transcriguem,transcrigueu,transcriguin	transcrigués,transcriguessis,transcrigués,transcriguéssim,transcriguéssiu,transcriguessin	transcriur	transcrit	transcrivint	transcriu	-	transcrita	transcriviu
transcórrer	transcorro,transcorres,transcorre,transcorrem,transcorreu,transcorren	transcorria,transcorries,transcorria,transcorríem,transcorríeu,transcorrien	transcorreguí,transcorregueres,transcorregué,transcorreguérem,transcorreguéreu,transcorregueren	transcorri,transcorris,transcorri,transcorreguem,transcorregueu,transcorrin	transcorregués,transcorreguessis,transcorregués,transcorreguéssim,transcorreguéssiu,transcorreguessin	transcorrer	transcorregut	transcorrent	transcorre	-	transcorreguda	transcorreu
transfondre	transfonc,transfons,transfon,transfonem,transfoneu,transfonen	transfonia,transfonies,transfonia,transfoníem,transfoníeu,transfonien	transfonguí,transfongueres,transfongué,transfonguérem,transfonguéreu,transfongueren	transfongui,transfonguis,transfongui,transfonguem,transfongueu,transfonguin	transfongués,transfonguessis,transfongués,transfonguéssim,transfonguéssiu,transfonguessin	transfondr	transfós	transfonent	transfon	-	transfosa	transfoneu
transigir	transigeixo,transigeixes,transigeix,transigim,transigiu,transigeixen	transigia,transigies,transigia,transigíem,transigíeu,transigien	transigí,transigires,transigí,transigírem,transigíreu,transigiren	transigeixi,transigeixis,transigeixi,transigim,transigiu,transigeixin	transigís,transigissis,transigís,transigíssim,transigíssiu,transigissin	transigir	transigit	transigint	transigeix	-	transigida	transigiu
transmetre	transmeto,transmets,transmet,transmetem,transmeteu,transmeten	transmetia,transmeties,transmetia,transmetíem,transmetíeu,transmetien	transmetí,transmeteres,transmeté,transmetérem,transmetéreu,transmeteren	transmeti,transmetis,transmeti,transmetem,transmeteu,transmetin	transmetés,transmetessis,transmetés,transmetéssim,transmetéssiu,transmetessin	transmetr	transmès	transmetent	transmet	1	transmesa	transmeteu
traslluir	trasllueixo,trasllueixes,trasllueix,traslluïm,traslluïu,trasllueixen	traslluïa,traslluïes,traslluïa,traslluíem,traslluíeu,traslluïen	traslluí,traslluïres,traslluí,traslluírem,traslluíreu,traslluïren	trasllueixi,trasllueixis,trasllueixi,traslluïm,traslluïu,trasllueixin	traslluís,traslluïsses,traslluís,traslluíssem,traslluísseu,traslluïssen	traslluir	traslluït	traslluint	trasllueix	-	traslluïda	traslluïu
treure	trac,traus,trau,traiem,traieu,trauen	treia,treies,treia,trèiem,trèieu,treien	traguí,tragueres,tragué,traguérem,traguéreu,tragueren	tregui,treguis,tregui,traguem,tragueu,treguin	tragués,traguessis,tragués,traguéssim,traguéssiu,traguessin	traur	tret	traient	trau	1	treta	traieu
trémer	tremo,trems,trem,tremem,tremeu,tremen	tremia,tremies,tremia,tremíem,tremíeu,tremien	tremí,tremeres,tremé,tremérem,treméreu,tremeren	tremi,tremis,tremi,tremem,tremeu,tremin	tremés,tremesses,tremés,treméssem,tremésseu,tremessen	tremer	tremut	trement	trem	-	tremuda	tremeu
témer	temo,tems,tem,temem,temeu,temen	temia,temies,temia,temíem,temíeu,temien	temí,temeres,temé,temérem,teméreu,temeren	temi,temis,temi,temem,temeu,temin	temés,temessis,temés,teméssim,teméssiu,temessin	temer	temut	tement	tem	-	temuda	temeu
tòrcer	torço,torces,torç,torcem,torceu,torcen	torcia,torcies,torcia,torcíem,torcíeu,torcien	torcí,torceres,torcé,torcérem,torcéreu,torceren	torci,torcis,torci,torcem,torceu,torcin	torcés,torcessis,torcés,torcéssim,torcéssiu,torcessin	torcer	torçut	torcent	torç	1	torçuda	torceu
ullprendre	ullprenc,ullprens,ullprèn,ullprenem,ullpreneu,ullprenen	ullprenia,ullprenies,ullprenia,ullpreníem,ullpreníeu,ullprenien	ullprenguí,ullprengueres,ullprengué,ullprenguérem,ullprenguéreu,ullprengueren	ullprengui,ullprenguis,ullprengui,ullprenguem,ullprengueu,ullprenguin	ullprengués,ullprenguessis,ullprengués,ullprenguéssim,ullprenguéssiu,ullprenguessin	ullprendr	ullprès	ullprenent	ullprèn	-	ullpresa	ullpreneu
ungir	ungeixo,ungeixes,ungeix,ungim,ungiu,ungeixen	ungia,ungies,ungia,ungíem,ungíeu,ungien	ungí,ungires,ungí,ungírem,ungíreu,ungiren	ungeixi,ungeixis,ungeixi,ungim,ungiu,ungeixin	ungís,ungissis,ungís,ungíssim,ungíssiu,ungissin	ungir	ungit	ungint	ungeix	-	ungida	ungiu
urgir	urgeixo,urgeixes,urgeix,urgim,urgiu,urgeixen	urgia,urgies,urgia,urgíem,urgíeu,urgien	urgí,urgires,urgí,urgírem,urgíreu,urgiren	urgeixi,urgeixis,urgeixi,urgim,urgiu,urgeixin	urgís,urgissis,urgís,urgíssim,urgíssiu,urgissin	urgir	urgit	urgint	urgeix	1	urgida	urgiu
valer	valc,vals,val,valem,valeu,valen	valia,valies,valia,valíem,valíeu,valien	valguí,valgueres,valgué,valguérem,valguéreu,valgueren	valgui,valguis,valgui,valguem,valgueu,valguin	valgués,valguessis,valgués,valguéssim,valguéssiu,valguessin	valdr	valgut	valent	val	1	valguda	valeu
vendre	venc,vens,ven,venem,veneu,venen	venia,venies,venia,veníem,veníeu,venien	venguí,vengueres,vengué,venguérem,venguéreu,vengueren	vengui,venguis,vengui,venguem,vengueu,venguin	vengués,venguessis,vengués,venguéssim,venguéssiu,venguessin	vendr	venut	venent	ven	1	venuda	veneu
venir	vinc,véns,ve,venim,veniu,vénen	venia,venies,venia,veníem,veníeu,venien	vinguí,vingueres,vingué,vinguérem,vinguéreu,vingueren	vingui,vinguis,vingui,vinguem,vingueu,vinguin	vingués,vinguessis,vingués,vinguéssim,vinguéssiu,vinguessin	vindr	vingut	venint	vine	1	vinguda	veniu
veure	veig,veus,veu,veiem,veieu,veuen	veia,veies,veia,vèiem,vèieu,veien	viu,veieres,veié,veiérem,veiéreu,veieren	vegi,vegis,vegi,vegem,vegeu,vegin	veiés,veiessis,veiés,veiéssim,veiéssiu,veiessin	veur	vist	veient	veges	1	vista	vegeu
vigir	vigeixo,vigeixes,vigeix,vigim,vigiu,vigeixen	vigia,vigies,vigia,vigíem,vigíeu,vigien	vigí,vigires,vigí,vigírem,vigíreu,vigiren	vigeixi,vigeixis,vigeixi,vigim,vigiu,vigeixin	vigís,vigisses,vigís,vigíssem,vigísseu,vigissen	vigir	vigit	vigint	vigeix	-	vigida	vigiu
viltenir	viltinc,viltens,vilté,viltenim,vilteniu,viltenen	viltenia,viltenies,viltenia,vilteníem,vilteníeu,viltenien	viltinguí,viltingueres,viltingué,viltinguérem,viltinguéreu,viltingueren	viltingui,viltinguis,viltingui,viltinguem,viltingueu,viltinguin	viltingués,viltinguesses,viltingués,viltinguéssem,viltinguésseu,viltinguessen	viltindr	viltingut	viltenint	viltingues	-	viltinguda	vilteniu
viure	visc,vius,viu,vivim,viviu,viuen	vivia,vivies,vivia,vivíem,vivíeu,vivien	visquí,visqueres,visqué,visquérem,visquéreu,visqueren	visqui,visquis,visqui,visquem,visqueu,visquin	visqués,visquessis,visqués,visquéssim,visquéssiu,visquessin	viur	viscut	vivint	viu	1	viscuda	viviu
vogir	vogeixo,vogeixes,vogeix,vogim,vogiu,vogeixen	vogia,vogies,vogia,vogíem,vogíeu,vogien	vogí,vogires,vogí,vogírem,vogíreu,vogiren	vogeixi,vogeixis,vogeixi,vogim,vogiu,vogeixin	vogís,vogissis,vogís,vogíssim,vogíssiu,vogissin	vogir	vogit	vogint	vogeix	-	vogida	vogiu
voleiar	voleio,voleies,voleia,voleiem,voleieu,voleien	voleiava,voleiaves,voleiava,voleiàvem,voleiàveu,voleiaven	voleí,voleiares,voleià,voleiàrem,voleiàreu,voleiaren	voleï,voleïs,voleï,voleiem,voleieu,voleïn	voleiés,voleiesses,voleiés,voleiéssem,voleiésseu,voleiessen	voleiar	voleiat	voleiant	voleia	-	voleiada	voleieu
voler	vull,vols,vol,volem,voleu,volen	volia,volies,volia,volíem,volíeu,volien	volguí,volgueres,volgué,volguérem,volguéreu,volgueren	vulgui,vulguis,vulgui,vulguem,vulgueu,vulguin	volgués,volguessis,volgués,volguéssim,volguéssiu,volguessin	voldr	volgut	volent	vulgues	-	volguda	vulgueu
vèncer	venço,vences,venç,vencem,venceu,vencen	vencia,vencies,vencia,vencíem,vencíeu,vencien	vencí,venceres,vencé,vencérem,vencéreu,venceren	venci,vencis,venci,vencem,venceu,vencin	vencés,vencessis,vencés,vencéssim,vencéssiu,vencessin	vencer	vençut	vencent	venç	1	vençuda	venceu
xaiar	xaio,xaies,xaia,xaiem,xaieu,xaien	xaiava,xaiaves,xaiava,xaiàvem,xaiàveu,xaiaven	xaí,xaiares,xaià,xaiàrem,xaiàreu,xaiaren	xaï,xaïs,xaï,xaiem,xaieu,xaïn	xaiés,xaiesses,xaiés,xaiéssem,xaiésseu,xaiessen	xaiar	xaiat	xaiant	xaia	-	xaiada	xaieu
xiuxiuar	xiuxiuo,xiuxiues,xiuxiua,xiuxiuem,xiuxiueu,xiuxiuen	xiuxiuava,xiuxiuaves,xiuxiuava,xiuxiuàvem,xiuxiuàveu,xiuxiuaven	xiuxiuí,xiuxiuares,xiuxiuà,xiuxiuàrem,xiuxiuàreu,xiuxiuaren	xiuxiui,xiuxiuis,xiuxiui,xiuxiuem,xiuxiueu,xiuxiuin	xiuxiués,xiuxiuesses,xiuxiués,xiuxiuéssem,xiuxiuésseu,xiuxiuessen	xiuxiuar	xiuxiuat	xiuxiuant	xiuxiua	-	xiuxiuada	xiuxiueu
