# lemma(infinitive)	V;NFIN	V;GER	V;PTCP;MASC;SG	V;PTCP;FEM;SG	V;PTCP;MASC;PL	V;PTCP;FEM;PL	V;IND;PRS;1;SG	V;IND;PRS;1;PL	V;IND;PRS;2;SG	V;IND;PRS;2;PL	V;IND;PRS;3;SG	V;IND;PRS;3;PL	V;IND;IPFV;1;SG	V;IND;IPFV;1;PL	V;IND;IPFV;2;SG	V;IND;IPFV;2;PL	V;IND;IPFV;3;SG	V;IND;IPFV;3;PL	V;IND;PRET;1;SG	V;IND;PRET;1;PL	V;IND;PRET;2;SG	V;IND;PRET;2;PL	V;IND;PRET;3;SG	V;IND;PRET;3;PL	V;IND;PLUP;1;SG	V;IND;PLUP;1;PL	V;IND;PLUP;2;SG	V;IND;PLUP;2;PL	V;IND;PLUP;3;SG	V;IND;PLUP;3;PL	V;IND;FUT;1;SG	V;IND;FUT;1;PL	V;IND;FUT;2;SG	V;IND;FUT;2;PL	V;IND;FUT;3;SG	V;IND;FUT;3;PL	V;COND;1;SG	V;COND;1;PL	V;COND;2;SG	V;COND;2;PL	V;COND;3;SG	V;COND;3;PL	V;SBJV;PRS;1;SG	V;SBJV;PRS;1;PL	V;SBJV;PRS;2;SG	V;SBJV;PRS;2;PL	V;SBJV;PRS;3;SG	V;SBJV;PRS;3;PL	V;SBJV;PST;1;SG	V;SBJV;PST;1;PL	V;SBJV;PST;2;SG	V;SBJV;PST;2;PL	V;SBJV;PST;3;SG	V;SBJV;PST;3;PL	V;SBJV;FUT;1;SG	V;SBJV;FUT;1;PL	V;SBJV;FUT;2;SG	V;SBJV;FUT;2;PL	V;SBJV;FUT;3;SG	V;SBJV;FUT;3;PL	V;INF;1;SG	V;INF;1;PL	V;INF;2;SG	V;INF;2;PL	V;INF;3;SG	V;INF;3;PL	V;IMP;2;SG	V;IMP;2;PL  ("-" = productive default)
abaloucar	-	-	-	-	-	-	-	-	-	-	-	-	-	-	-	-	-	-	abalouquei	-	-	-	-	-	-	-	-	-	-	-	-	-	-	-	-	-	-	-	-	-	-	-	abalouque	abalouquemos	abalouques	abalouquedes	abalouque	abalouquem	-	-	-	-	-	-	-	-	-	-	-	-	-	-	-	-	-	-	-	-
abancar	-	-	-	-	-	-	-	-	-	-	-	-	-	-	-	-	-	-	abanquei	-	-	-	-	-	-	-	-	-	-	-	-	-	-	-	-	-	-	-	-	-	-	-	abanque	abanquemos	abanques	abanquedes	abanque	abanquem	-	-	-	-	-	-	-	-	-	-	-	-	-	-	-	-	-	-	-	-
abanicar	-	-	-	-	-	-	-	-	-	-	-	-	-	-	-	-	-	-	abaniquei	-	-	-	-	-	-	-	-	-	-	-	-	-	-	-	-	-	-	-	-	-	-	-	abanique	abaniquemos	abaniques	abaniquedes	abanique	abaniquem	-	-	-	-	-	-	-	-	-	-	-	-	-	-	-	-	-	-	-	-
abastecer	-	-	-	-	-	-	abastezo	-	-	-	-	-	-	-	-	-	-	-	-	-	-	-	-	-	-	-	-	-	-	-	-	-	-	-	-	-	-	-	-	-	-	-	abasteza	abastezamos	abastezas	abastezades	abasteza	abastezan	-	-	-	-	-	-	-	-	-	-	-	-	-	-	-	-	-	-	-	-
abdicar	-	-	-	-	-	-	-	-	-	-	-	-	-	-	-	-	-	-	abdiquei	-	-	-	-	-	-	-	-	-	-	-	-	-	-	-	-	-	-	-	-	-	-	-	abdique	abdiquemos	abdiques	abdiquedes	abdique	abdiquem	-	-	-	-	-	-	-	-	-	-	-	-	-	-	-	-	-	-	-	-
abducir	-	-	-	-	-	-	abduzo	-	-	-	-	-	-	-	-	-	-	-	-	-	-	-	-	-	-	-	-	-	-	-	-	-	-	-	-	-	-	-	-	-	-	-	abduza	abduzamos	abduzas	abduzades	abduza	abduzan	-	-	-	-	-	-	-	-	-	-	-	-	-	-	-	-	-	-	-	-
abergar	-	-	-	-	-	-	-	-	-	-	-	-	-	-	-	-	-	-	aberguei	-	-	-	-	-	-	-	-	-	-	-	-	-	-	-	-	-	-	-	-	-	-	-	abergue	aberguemos	abergues	aberguedes	abergue	aberguen	-	-	-	-	-	-	-	-	-	-	-	-	-	-	-	-	-	-	-	-
abetocar	-	-	-	-	-	-	-	-	-	-	-	-	-	-	-	-	-	-	abetoquei	-	-	-	-	-	-	-	-	-	-	-	-	-	-	-	-	-	-	-	-	-	-	-	abetoque	abetoquemos	abetoques	abetoquedes	abetoque	abetoquem	-	-	-	-	-	-	-	-	-	-	-	-	-	-	-	-	-	-	-	-
abicar	-	-	-	-	-	-	-	-	-	-	-	-	-	-	-	-	-	-	abiquei	-	-	-	-	-	-	-	-	-	-	-	-	-	-	-	-	-	-	-	-	-	-	-	abique	abiquemos	abiques	abiquedes	abique	abiquem	-	-	-	-	-	-	-	-	-	-	-	-	-	-	-	-	-	-	-	-
abolir	-	-	-	-	-	-	abulo	-	-	-	-	abolem	-	-	-	-	-	-	-	-	-	-	-	-	-	-	-	-	-	-	-	-	-	-	-	-	-	-	-	-	-	-	abula	abulamos	abulas	abulades	abula	abulam	-	-	-	-	-	-	-	-	-	-	-	-	-	-	-	-	-	-	-	-
aborrecer	-	-	-	-	-	-	aborrezo	-	-	-	-	-	-	-	-	-	-	-	-	-	-	-	-	-	-	-	-	-	-	-	-	-	-	-	-	-	-	-	-	-	-	-	aborreza	aborrezamos	aborrezas	aborrezades	aborreza	aborrezan	-	-	-	-	-	-	-	-	-	-	-	-	-	-	-	-	-	-	-	-
abranguer	-	-	-	-	-	-	abrango	-	-	-	-	-	-	-	-	-	-	-	-	-	-	-	-	-	-	-	-	-	-	-	-	-	-	-	-	-	-	-	-	-	-	-	abranga	abrangamos	abrangas	abrangades	abranga	abrangam	-	-	-	-	-	-	-	-	-	-	-	-	-	-	-	-	-	-	-	-
abrazar	-	-	-	-	-	-	-	-	-	-	-	-	-	-	-	-	-	-	abracei	-	-	-	-	-	-	-	-	-	-	-	-	-	-	-	-	-	-	-	-	-	-	-	abrace	abracemos	abraces	abracedes	abrace	abracen	-	-	-	-	-	-	-	-	-	-	-	-	-	-	-	-	-	-	-	-
abraçar	-	-	-	-	-	-	-	-	-	-	-	abraçam	abraçava	abraçávamos	abraçavas	abraçávades	abraçava	abraçavam	abracei	-	abraçache	-	-	abraçaram	-	abraçáramos	-	abraçárades	-	abraçaram	-	-	-	-	-	abraçarám	abraçaria	abraçaríamos	abraçarias	abraçaríades	abraçaria	abraçariam	abrace	abracemos	abraces	abracedes	abrace	abracem	abraçasse	abraçássemos	abraçasses	abraçássedes	abraçasse	abraçassem	-	-	-	-	-	abraçarem	-	-	-	-	-	abraçarem	-	-
abrigar	-	-	-	-	-	-	-	-	-	-	-	-	-	-	-	-	-	-	abriguei	-	-	-	-	-	-	-	-	-	-	-	-	-	-	-	-	-	-	-	-	-	-	-	abrigue	abriguemos	abrigues	abriguedes	abrigue	abriguem	-	-	-	-	-	-	-	-	-	-	-	-	-	-	-	-	-	-	-	-
abrir	-	-	aberto	aberta	abertos	abertas	-	-	-	-	-	-	-	-	-	-	-	-	-	-	-	-	-	-	-	-	-	-	-	-	-	-	-	-	-	-	-	-	-	-	-	-	-	-	-	-	-	-	-	-	-	-	-	-	-	-	-	-	-	-	-	-	-	-	-	-	-	-
absorver	-	-	-	-	-	-	-	-	-	-	-	absorvem	absorvia	absorvíamos	absorvias	absorvíades	absorvia	absorviam	absorvi	-	absorveche	-	-	absorveram	-	absorvêramos	-	absorvêrades	-	absorveram	-	-	-	-	-	absorverám	absorveria	absorveríamos	absorverias	absorveríades	absorveria	absorveriam	-	-	-	-	-	absorvam	absorvesse	absorvêssemos	absorvesses	absorvêssedes	absorvesse	absorvessem	-	-	-	-	-	absorverem	-	-	-	-	-	absorverem	-	-
abster	-	-	-	-	-	-	abstenho	-	absténs	-	abstém	abstenhem	abstinha	abstiñamos	abstinhas	abstiñades	abstinha	abstinham	abstive	abstivemos	abstiveche	abstivestes	absteve	abstiveram	abstivera	abstiveramos	abstiveras	abstiverades	abstivera	abstiveram	-	-	-	-	-	-	-	-	-	-	-	-	abstenha	abstenhamos	abstenhas	abstenhades	abstenha	abstenham	abstivese	abstivésemos	abstiveses	abstivésedes	abstivese	abstivesen	abstiver	abstivermos	abstiveres	abstiverdes	abstiver	abstiverem	-	-	-	-	-	-	abstém	-
abstraer	-	-	abstraído	abstraída	abstraídos	abstraídas	abstraio	-	-	-	-	-	-	abstraïamos	-	abstraïades	-	-	-	-	abstraíches	-	-	-	-	-	-	-	-	-	-	-	-	-	-	-	-	-	-	-	-	-	abstraia	abstraiamos	abstraias	abstraiades	abstraia	abstraian	-	-	-	-	-	-	-	-	-	-	-	-	-	-	-	-	-	-	-	-
abstrair	-	-	abstraído	abstraída	abstraídos	abstraídas	abstraio	abstraímo-nos	abstrais	abstraídes	abstrai	abstraem	-	abstraíamo-nos	-	abstraíades	-	abstraíam	abstraim	abstraímo-nos	abstraíche	abstraístes	-	abstraíram	abstraíra	abstraíramo-nos	abstraíras	abstraírades	abstraíra	abstraíram	-	-	-	-	-	abstrair-se-ão	abstrair-me-ia	abstrair-nos-íamos	abstrair-te-ias	abstrair-vos-íais	abstrair-se-ia	abstrair-se-iam	abstraia	abstraiamos	abstraias	abstraiades	abstraia	abstraiam	abstraísse	abstraíssemos	abstraísses	abstraíssedes	abstraísse	abstraíssem	-	-	abstraíres	-	-	abstraírem	-	-	abstraíres	-	-	abstraírem	abstrai	abstraí
acaer	-	-	acaído	acaída	acaídos	acaídas	acaio	-	-	-	-	-	-	acaïamos	-	acaïades	-	-	-	-	acaíches	-	-	-	-	-	-	-	-	-	-	-	-	-	-	-	-	-	-	-	-	-	acaia	acaiamos	acaias	acaiades	acaia	acaian	-	-	-	-	-	-	-	-	-	-	-	-	-	-	-	-	-	-	-	-
acanhar	-	-	-	-	-	-	-	-	-	-	-	acanham	acanhava	acanhávamos	acanhavas	acanhávades	acanhava	acanhavam	-	-	acanhache	-	-	acanharam	-	acanháramos	-	acanhárades	-	acanharam	-	-	-	-	-	acanharám	acanharia	acanharíamos	acanharias	acanharíades	acanharia	acanhariam	-	-	-	-	-	acanhem	acanhasse	acanhássemos	acanhasses	acanhássedes	acanhasse	acanhassem	-	-	-	-	-	acanharem	-	-	-	-	-	acanharem	-	-
acantazar	-	-	-	-	-	-	-	-	-	-	-	-	-	-	-	-	-	-	acantacei	-	-	-	-	-	-	-	-	-	-	-	-	-	-	-	-	-	-	-	-	-	-	-	acantace	acantacemos	acantaces	acantacedes	acantace	acantacen	-	-	-	-	-	-	-	-	-	-	-	-	-	-	-	-	-	-	-	-
acantaçar	-	-	-	-	-	-	-	-	-	-	-	acantaçam	acantaçava	acantaçávamos	acantaçavas	acantaçávades	acantaçava	acantaçavam	acantacei	-	acantaçache	-	-	acantaçaram	-	acantaçáramos	-	acantaçárades	-	acantaçaram	-	-	-	-	-	acantaçarám	acantaçaria	acantaçaríamos	acantaçarias	acantaçaríades	acantaçaria	acantaçariam	acantace	acantacemos	acantaces	acantacedes	acantace	acantacem	acantaçasse	acantaçássemos	acantaçasses	acantaçássedes	acantaçasse	acantaçassem	-	-	-	-	-	acantaçarem	-	-	-	-	-	acantaçarem	-	-
achanzar	-	-	-	-	-	-	-	-	-	-	-	-	-	-	-	-	-	-	achancei	-	-	-	-	-	-	-	-	-	-	-	-	-	-	-	-	-	-	-	-	-	-	-	achance	achancemos	achances	achancedes	achance	achancen	-	-	-	-	-	-	-	-	-	-	-	-	-	-	-	-	-	-	-	-
achegar	-	-	-	-	-	-	-	-	-	-	-	-	-	-	-	-	-	-	acheguei	-	-	-	-	-	-	-	-	-	-	-	-	-	-	-	-	-	-	-	-	-	-	-	achegue	acheguemos	achegues	acheguedes	achegue	acheguem	-	-	-	-	-	-	-	-	-	-	-	-	-	-	-	-	-	-	-	-
aconchegar	-	-	-	-	-	-	-	-	-	-	-	-	-	-	-	-	-	-	aconcheguei	-	-	-	-	-	-	-	-	-	-	-	-	-	-	-	-	-	-	-	-	-	-	-	aconchegue	aconcheguemos	aconchegues	aconcheguedes	aconchegue	aconcheguem	-	-	-	-	-	-	-	-	-	-	-	-	-	-	-	-	-	-	-	-
acontecer	-	-	-	-	-	-	-	-	-	-	-	-	-	-	-	-	-	-	-	-	-	-	-	-	-	-	-	-	-	-	-	-	-	-	-	-	-	-	-	-	-	-	-	-	-	-	aconteza	acontezan	-	-	-	-	-	-	-	-	-	-	-	-	-	-	-	-	-	-	-	-
acougar	-	-	-	-	-	-	-	-	-	-	-	-	-	-	-	-	-	-	acouguei	-	-	-	-	-	-	-	-	-	-	-	-	-	-	-	-	-	-	-	-	-	-	-	acougue	acouguemos	acougues	acouguedes	acougue	acouguem	-	-	-	-	-	-	-	-	-	-	-	-	-	-	-	-	-	-	-	-
acrecer	-	-	-	-	-	-	acrezo	-	-	-	-	-	-	-	-	-	-	-	-	-	-	-	-	-	-	-	-	-	-	-	-	-	-	-	-	-	-	-	-	-	-	-	acreza	acrezamos	acrezas	acrezades	acreza	acrezan	-	-	-	-	-	-	-	-	-	-	-	-	-	-	-	-	-	-	-	-
aderir	-	-	-	-	-	-	adiro	-	-	-	-	aderem	aderia	aderíamos	aderias	aderíades	aderia	aderiam	aderi	-	aderiche	-	-	aderiram	-	aderíramos	-	aderírades	-	aderiram	-	-	-	-	-	aderirám	aderiria	aderiríamos	aderirias	aderiríades	aderiria	adeririam	adira	adiramos	adiras	adirades	adira	adiram	aderisse	aderíssemos	aderisses	aderíssedes	aderisse	aderissem	-	-	-	-	-	aderirem	-	-	-	-	-	aderirem	-	-
adherir	-	-	-	-	-	-	adhiro	-	adhires	-	adhire	adhiren	-	-	-	-	-	-	-	-	-	-	-	-	-	-	-	-	-	-	-	-	-	-	-	-	-	-	-	-	-	-	adhira	adhiramos	adhiras	adhirades	adhira	adhiran	-	-	-	-	-	-	-	-	-	-	-	-	-	-	-	-	-	-	adhire	-
adiar	-	-	-	-	-	-	-	-	-	-	-	adiam	-	-	-	-	-	-	-	-	-	-	-	-	-	-	-	-	-	-	-	-	-	-	-	-	-	-	-	-	-	-	-	-	-	-	-	adiem	-	-	-	-	-	-	-	-	-	-	-	-	-	-	-	-	-	-	-	-
adicar	-	-	-	-	-	-	-	-	-	-	-	-	-	-	-	-	-	-	adiquei	-	-	-	-	-	-	-	-	-	-	-	-	-	-	-	-	-	-	-	-	-	-	-	adique	adiquemos	adiques	adiquedes	adique	adiquem	-	-	-	-	-	-	-	-	-	-	-	-	-	-	-	-	-	-	-	-
adivinhar	-	-	-	-	-	-	-	-	-	-	-	adivinham	adivinhava	adivinhávamos	adivinhavas	adivinhávades	adivinhava	adivinhavam	-	-	adivinhache	-	-	adivinharam	-	adivinháramos	-	adivinhárades	-	adivinharam	-	-	-	-	-	adivinharám	adivinharia	adivinharíamos	adivinharias	adivinharíades	adivinharia	adivinhariam	-	-	-	-	-	adivinhem	adivinhasse	adivinhássemos	adivinhasses	adivinhássedes	adivinhasse	adivinhassem	-	-	-	-	-	adivinharem	-	-	-	-	-	adivinharem	-	-
adjetivar	-	-	-	-	-	-	-	-	-	-	-	adjetivam	adjetivava	adjetivávamos	adjetivavas	adjetivávades	adjetivava	adjetivavam	-	-	adjetivache	-	-	adjetivaram	-	adjetiváramos	-	adjetivárades	-	adjetivaram	-	-	-	-	-	adjetivarám	adjetivaria	adjetivaríamos	adjetivarias	adjetivaríades	adjetivaria	adjetivariam	-	-	-	-	-	adjetivem	adjetivasse	adjetivássemos	adjetivasses	adjetivássedes	adjetivasse	adjetivassem	-	-	-	-	-	adjetivarem	-	-	-	-	-	adjetivarem	-	-
adoecer	-	-	-	-	-	-	adoezo	-	-	-	-	-	-	-	-	-	-	-	-	-	-	-	-	-	-	-	-	-	-	-	-	-	-	-	-	-	-	-	-	-	-	-	adoeza	adoezamos	adoezas	adoezades	adoeza	adoezan	-	-	-	-	-	-	-	-	-	-	-	-	-	-	-	-	-	-	-	-
adormecer	-	-	-	-	-	-	adormezo	-	-	-	-	-	-	-	-	-	-	-	-	-	-	-	-	-	-	-	-	-	-	-	-	-	-	-	-	-	-	-	-	-	-	-	adormeza	adormezamos	adormezas	adormezades	adormeza	adormezan	-	-	-	-	-	-	-	-	-	-	-	-	-	-	-	-	-	-	-	-
adorminhar	-	-	-	-	-	-	-	-	-	-	-	adorminham	adorminhava	adorminhávamos	adorminhavas	adorminhávades	adorminhava	adorminhavam	-	-	adorminhache	-	-	adorminharam	-	adorminháramos	-	adorminhárades	-	adorminharam	-	-	-	-	-	adorminharám	adorminharia	adorminharíamos	adorminharias	adorminharíades	adorminharia	adorminhariam	-	-	-	-	-	adorminhem	adorminhasse	adorminhássemos	adorminhasses	adorminhássedes	adorminhasse	adorminhassem	-	-	-	-	-	adorminharem	-	-	-	-	-	adorminharem	-	-
aducir	-	-	-	-	-	-	aduzo	-	-	-	-	-	-	-	-	-	-	-	-	-	-	-	-	-	-	-	-	-	-	-	-	-	-	-	-	-	-	-	-	-	-	-	aduza	aduzamos	aduzas	aduzades	aduza	aduzan	-	-	-	-	-	-	-	-	-	-	-	-	-	-	-	-	-	-	-	-
advertir	-	-	-	-	-	-	advirto	-	-	-	-	advertem	-	-	-	-	-	-	-	-	-	-	-	-	-	-	-	-	-	-	-	-	-	-	-	-	-	-	-	-	-	-	advirta	advirtamos	advirtas	advirtades	advirta	advirtam	-	-	-	-	-	-	-	-	-	-	-	-	-	-	-	-	-	-	-	-
afacer	-	-	afeito	afeita	afeitos	afeitas	afago	-	afás	-	afai	afán	-	-	-	-	-	-	afixen	afixemos	afixeches	afixestes	afixo	afixeron	afixera	afixeramos	afixeras	afixerades	afixera	afixeran	afarei	afaremos	afarás	afaredes	afará	afarán	afaría	afariamos	afarías	afariades	afaría	afarían	afaga	afagamos	afagas	afagades	afaga	afagan	afixese	afixésemos	afixeses	afixésedes	afixese	afixesen	afixer	afixermos	afixeres	afixerdes	afixer	afixeren	-	-	-	-	-	-	afai	-
afagar	-	-	-	-	-	-	-	-	-	-	-	-	-	-	-	-	-	-	afaguei	-	-	-	-	-	-	-	-	-	-	-	-	-	-	-	-	-	-	-	-	-	-	-	afague	afaguemos	afagues	afaguedes	afague	afaguem	-	-	-	-	-	-	-	-	-	-	-	-	-	-	-	-	-	-	-	-
afegar	-	-	-	-	-	-	-	-	-	-	-	-	-	-	-	-	-	-	afeguei	-	-	-	-	-	-	-	-	-	-	-	-	-	-	-	-	-	-	-	-	-	-	-	afegue	afeguemos	afegues	afeguedes	afegue	afeguem	-	-	-	-	-	-	-	-	-	-	-	-	-	-	-	-	-	-	-	-
aferir	-	-	-	-	-	-	afiro	-	-	-	-	aferem	-	-	-	-	-	-	-	-	-	-	-	-	-	-	-	-	-	-	-	-	-	-	-	-	-	-	-	-	-	-	afira	afiramos	afiras	afirades	afira	afiram	-	-	-	-	-	-	-	-	-	-	-	-	-	-	-	-	-	-	-	-
afiar	-	-	-	-	-	-	-	-	-	-	-	afiam	-	-	-	-	-	-	-	-	-	-	-	-	-	-	-	-	-	-	-	-	-	-	-	-	-	-	-	-	-	-	-	-	-	-	-	afiem	-	-	-	-	-	-	-	-	-	-	-	-	-	-	-	-	-	-	-	-
aficar	-	-	-	-	-	-	-	-	-	-	-	-	-	-	-	-	-	-	afiquei	-	-	-	-	-	-	-	-	-	-	-	-	-	-	-	-	-	-	-	-	-	-	-	afique	afiquemos	afiques	afiquedes	afique	afiquem	-	-	-	-	-	-	-	-	-	-	-	-	-	-	-	-	-	-	-	-
afogar	-	-	-	-	-	-	-	-	-	-	-	-	-	-	-	-	-	-	afoguei	-	-	-	-	-	-	-	-	-	-	-	-	-	-	-	-	-	-	-	-	-	-	-	afogue	afoguemos	afogues	afoguedes	afogue	afoguem	-	-	-	-	-	-	-	-	-	-	-	-	-	-	-	-	-	-	-	-
aformigar	-	-	-	-	-	-	-	-	-	-	-	-	-	-	-	-	-	-	aformiguei	-	-	-	-	-	-	-	-	-	-	-	-	-	-	-	-	-	-	-	-	-	-	-	aformigue	aformiguemos	aformigues	aformiguedes	aformigue	aformiguem	-	-	-	-	-	-	-	-	-	-	-	-	-	-	-	-	-	-	-	-
afuar	-	-	-	-	-	-	-	-	-	-	-	afuam	-	-	-	-	-	-	-	-	-	-	-	-	-	-	-	-	-	-	-	-	-	-	-	-	-	-	-	-	-	-	-	-	-	-	-	afuem	-	-	-	-	-	-	-	-	-	-	-	-	-	-	-	-	-	-	-	-
afungar	-	-	-	-	-	-	-	-	-	-	-	-	-	-	-	-	-	-	afunguei	-	-	-	-	-	-	-	-	-	-	-	-	-	-	-	-	-	-	-	-	-	-	-	afungue	afunguemos	afungues	afunguedes	afungue	afunguem	-	-	-	-	-	-	-	-	-	-	-	-	-	-	-	-	-	-	-	-
agir	-	-	-	-	-	-	ajo	-	-	-	-	agem	agia	agíamos	agias	agíades	agia	agiam	agi	-	agiche	-	-	agiram	-	agíramos	-	agírades	-	agiram	-	-	-	-	-	agirám	agiria	agiríamos	agirias	agiríades	agiria	agiriam	aja	ajamos	ajas	ajades	aja	ajam	agisse	agíssemos	agisses	agíssedes	agisse	agissem	-	-	-	-	-	agirem	-	-	-	-	-	agirem	-	-
agradecer	-	-	-	-	-	-	agradezo	-	-	-	-	-	-	-	-	-	-	-	-	-	-	-	-	-	-	-	-	-	-	-	-	-	-	-	-	-	-	-	-	-	-	-	agradeza	agradezamos	agradezas	agradezades	agradeza	agradezan	-	-	-	-	-	-	-	-	-	-	-	-	-	-	-	-	-	-	-	-
agredir	-	-	-	-	-	-	agrido	-	agrides	-	agride	agridem	-	-	-	-	-	-	-	-	-	-	-	-	-	-	-	-	-	-	-	-	-	-	-	-	-	-	-	-	-	-	agrida	agridamos	agridas	agridades	agrida	agridam	-	-	-	-	-	-	-	-	-	-	-	-	-	-	-	-	-	-	agride	-
agregar	-	-	-	-	-	-	-	-	-	-	-	-	-	-	-	-	-	-	agreguei	-	-	-	-	-	-	-	-	-	-	-	-	-	-	-	-	-	-	-	-	-	-	-	agregue	agreguemos	agregues	agreguedes	agregue	agreguem	-	-	-	-	-	-	-	-	-	-	-	-	-	-	-	-	-	-	-	-
aguzar	-	-	-	-	-	-	-	-	-	-	-	-	-	-	-	-	-	-	agucei	-	-	-	-	-	-	-	-	-	-	-	-	-	-	-	-	-	-	-	-	-	-	-	aguce	agucemos	aguces	agucedes	aguce	agucen	-	-	-	-	-	-	-	-	-	-	-	-	-	-	-	-	-	-	-	-
alagar	-	-	-	-	-	-	-	-	-	-	-	-	-	-	-	-	-	-	alaguei	-	-	-	-	-	-	-	-	-	-	-	-	-	-	-	-	-	-	-	-	-	-	-	alague	alaguemos	alagues	alaguedes	alague	alaguem	-	-	-	-	-	-	-	-	-	-	-	-	-	-	-	-	-	-	-	-
alambicar	-	-	-	-	-	-	-	-	-	-	-	-	-	-	-	-	-	-	alambiquei	-	-	-	-	-	-	-	-	-	-	-	-	-	-	-	-	-	-	-	-	-	-	-	alambique	alambiquemos	alambiques	alambiquedes	alambique	alambiquem	-	-	-	-	-	-	-	-	-	-	-	-	-	-	-	-	-	-	-	-
alancar	-	-	-	-	-	-	-	-	-	-	-	-	-	-	-	-	-	-	alanquei	-	-	-	-	-	-	-	-	-	-	-	-	-	-	-	-	-	-	-	-	-	-	-	alanque	alanquemos	alanques	alanquedes	alanque	alanquem	-	-	-	-	-	-	-	-	-	-	-	-	-	-	-	-	-	-	-	-
albergar	-	-	-	-	-	-	-	-	-	-	-	-	-	-	-	-	-	-	alberguei	-	-	-	-	-	-	-	-	-	-	-	-	-	-	-	-	-	-	-	-	-	-	-	albergue	alberguemos	albergues	alberguedes	albergue	alberguem	-	-	-	-	-	-	-	-	-	-	-	-	-	-	-	-	-	-	-	-
albiscar	-	-	-	-	-	-	-	-	-	-	-	-	-	-	-	-	-	-	albisquei	-	-	-	-	-	-	-	-	-	-	-	-	-	-	-	-	-	-	-	-	-	-	-	albisque	albisquemos	albisques	albisquedes	albisque	albisquen	-	-	-	-	-	-	-	-	-	-	-	-	-	-	-	-	-	-	-	-
alborecer	-	-	-	-	-	-	alborezo	-	-	-	-	-	-	-	-	-	-	-	-	-	-	-	-	-	-	-	-	-	-	-	-	-	-	-	-	-	-	-	-	-	-	-	alboreza	alborezamos	alborezas	alborezades	alboreza	alborezan	-	-	-	-	-	-	-	-	-	-	-	-	-	-	-	-	-	-	-	-
alcanzar	-	-	-	-	-	-	-	-	-	-	-	-	-	-	-	-	-	-	alcancei	-	-	-	-	-	-	-	-	-	-	-	-	-	-	-	-	-	-	-	-	-	-	-	alcance	alcancemos	alcances	alcancedes	alcance	alcancen	-	-	-	-	-	-	-	-	-	-	-	-	-	-	-	-	-	-	-	-
alcançar	-	-	-	-	-	-	-	-	-	-	-	alcançam	alcançava	alcançávamos	alcançavas	alcançávades	alcançava	alcançavam	alcancei	-	alcançache	-	-	alcançaram	-	alcançáramos	-	alcançárades	-	alcançaram	-	-	-	-	-	alcançarám	alcançaria	alcançaríamos	alcançarias	alcançaríades	alcançaria	alcançariam	alcance	alcancemos	alcances	alcancedes	alcance	alcancem	alcançasse	alcançássemos	alcançasses	alcançássedes	alcançasse	alcançassem	-	-	-	-	-	alcançarem	-	-	-	-	-	alcançarem	-	-
alfabetizar	-	-	-	-	-	-	-	-	-	-	-	-	-	-	-	-	-	-	-	-	-	-	-	-	-	-	-	-	-	-	-	-	-	-	-	-	-	-	-	-	-	-	-	-	-	-	-	alfabeticen	-	-	-	-	-	-	-	-	-	-	-	-	-	-	-	-	-	-	-	-
almorzar	-	-	-	-	-	-	-	-	-	-	-	-	-	-	-	-	-	-	almorcei	-	-	-	-	-	-	-	-	-	-	-	-	-	-	-	-	-	-	-	-	-	-	-	almorce	almorcemos	almorces	almorcedes	almorce	almorcen	-	-	-	-	-	-	-	-	-	-	-	-	-	-	-	-	-	-	-	-
almorçar	-	-	-	-	-	-	-	-	-	-	-	almorçam	almorçava	almorçávamos	almorçavas	almorçávades	almorçava	almorçavam	almorcei	-	almorçache	-	-	almorçaram	-	almorçáramos	-	almorçárades	-	almorçaram	-	-	-	-	-	almorçarám	almorçaria	almorçaríamos	almorçarias	almorçaríades	almorçaria	almorçariam	almorce	almorcemos	almorces	almorcedes	almorce	almorcem	almorçasse	almorçássemos	almorçasses	almorçássedes	almorçasse	almorçassem	-	-	-	-	-	almorçarem	-	-	-	-	-	almorçarem	-	-
alongar	-	-	-	-	-	-	-	-	-	-	-	-	-	-	-	-	-	-	alonguei	-	-	-	-	-	-	-	-	-	-	-	-	-	-	-	-	-	-	-	-	-	-	-	alongue	alonguemos	alongues	alonguedes	alongue	alonguem	-	-	-	-	-	-	-	-	-	-	-	-	-	-	-	-	-	-	-	-
alporizar	-	-	-	-	-	-	-	-	-	-	-	-	-	-	-	-	-	-	alporicei	-	-	-	-	-	-	-	-	-	-	-	-	-	-	-	-	-	-	-	-	-	-	-	alporice	alporicemos	alporices	alporicedes	alporice	alporicen	-	-	-	-	-	-	-	-	-	-	-	-	-	-	-	-	-	-	-	-
alugar	-	-	-	-	-	-	-	-	-	-	-	-	-	-	-	-	-	-	aluguei	-	-	-	-	-	-	-	-	-	-	-	-	-	-	-	-	-	-	-	-	-	-	-	alugue	aluguemos	alugues	aluguedes	alugue	aluguem	-	-	-	-	-	-	-	-	-	-	-	-	-	-	-	-	-	-	-	-
aluscar	-	-	-	-	-	-	-	-	-	-	-	-	-	-	-	-	-	-	-	-	-	-	-	-	-	-	-	-	-	-	-	-	-	-	-	-	-	-	-	-	-	-	-	-	-	-	alusque	-	-	-	-	-	-	-	-	-	-	-	-	-	-	-	-	-	-	-	-	-
alustrar	-	-	-	-	-	-	-	-	-	-	-	alustram	alustrava	alustrávamos	alustravas	alustrávades	-	alustravam	-	-	alustrache	-	-	alustraram	-	alustráramos	-	alustrárades	-	alustraram	-	-	-	-	-	alustrarám	alustraria	alustraríamos	alustrarias	alustraríades	-	alustrariam	-	-	-	-	-	alustrem	alustrasse	alustrássemos	alustrasses	alustrássedes	-	alustrassem	-	-	-	-	-	alustrarem	-	-	-	-	-	alustrarem	-	-
alzar	-	-	-	-	-	-	-	-	-	-	-	-	-	-	-	-	-	-	alcei	-	-	-	-	-	-	-	-	-	-	-	-	-	-	-	-	-	-	-	-	-	-	-	alce	alcemos	alces	alcedes	alce	alcen	-	-	-	-	-	-	-	-	-	-	-	-	-	-	-	-	-	-	-	-
amanhecer	-	-	-	-	-	-	amanheço	-	-	-	-	amanhecem	amanhecia	amanhecíamos	amanhecias	amanhecíades	amanhecia	amanheciam	amanheci	-	amanheceche	-	-	amanheceram	-	amanhecêramos	-	amanhecêrades	-	amanheceram	-	-	-	-	-	amanhecerám	amanheceria	amanheceríamos	amanhecerias	amanheceríades	amanheceria	amanheceriam	amanheça	amanheçamos	amanheças	amanheçades	amanheça	amanheçam	amanhecesse	amanhecêssemos	amanhecesses	amanhecêssedes	amanhecesse	amanhecessem	-	-	-	-	-	amanhecerem	-	-	-	-	-	amanhecerem	-	-
amañecer	-	-	-	-	-	-	amañezo	-	-	-	-	-	-	-	-	-	-	-	-	-	-	-	-	-	-	-	-	-	-	-	-	-	-	-	-	-	-	-	-	-	-	-	amañeza	amañezamos	amañezas	amañezades	amañeza	amañezan	-	-	-	-	-	-	-	-	-	-	-	-	-	-	-	-	-	-	-	-
ameazar	-	-	-	-	-	-	-	-	-	-	-	-	-	-	-	-	-	-	ameacei	-	-	-	-	-	-	-	-	-	-	-	-	-	-	-	-	-	-	-	-	-	-	-	ameace	ameacemos	ameaces	ameacedes	ameace	ameacen	-	-	-	-	-	-	-	-	-	-	-	-	-	-	-	-	-	-	-	-
ameaçar	-	-	-	-	-	-	-	-	-	-	-	ameaçam	ameaçava	ameaçávamos	ameaçavas	ameaçávades	ameaçava	ameaçavam	ameacei	-	ameaçache	-	-	ameaçaram	-	ameaçáramos	-	ameaçárades	-	ameaçaram	-	-	-	-	-	ameaçarám	ameaçaria	ameaçaríamos	ameaçarias	ameaçaríades	ameaçaria	ameaçariam	ameace	ameacemos	ameaces	ameacedes	ameace	ameacem	ameaçasse	ameaçássemos	ameaçasses	ameaçássedes	ameaçasse	ameaçassem	-	-	-	-	-	ameaçarem	-	-	-	-	-	ameaçarem	-	-
amecer	-	-	-	-	-	-	amezo	-	-	-	-	-	-	-	-	-	-	-	-	-	-	-	-	-	-	-	-	-	-	-	-	-	-	-	-	-	-	-	-	-	-	-	ameza	amezamos	amezas	amezades	ameza	amezan	-	-	-	-	-	-	-	-	-	-	-	-	-	-	-	-	-	-	-	-
ameigar	-	-	-	-	-	-	-	-	-	-	-	-	-	-	-	-	-	-	ameiguei	-	-	-	-	-	-	-	-	-	-	-	-	-	-	-	-	-	-	-	-	-	-	-	ameigue	ameiguemos	ameigues	ameiguedes	ameigue	ameiguem	-	-	-	-	-	-	-	-	-	-	-	-	-	-	-	-	-	-	-	-
amencer	-	-	-	-	-	-	amenzo	-	-	-	-	-	-	-	-	-	-	-	-	-	-	-	-	-	-	-	-	-	-	-	-	-	-	-	-	-	-	-	-	-	-	-	amenza	amenzamos	amenzas	amenzades	amenza	amenzan	-	-	-	-	-	-	-	-	-	-	-	-	-	-	-	-	-	-	-	-
americanizar	-	-	-	-	-	-	-	-	-	-	-	-	-	-	-	-	-	-	americanicei	-	-	-	-	-	-	-	-	-	-	-	-	-	-	-	-	-	-	-	-	-	-	-	americanice	americanicemos	americanices	americanicedes	americanice	americanicen	-	-	-	-	-	-	-	-	-	-	-	-	-	-	-	-	-	-	-	-
amiudar	-	-	-	-	-	-	amiúdo	-	amiúdas	-	amiúda	amiúdam	-	-	-	-	-	-	-	-	-	-	-	-	-	-	-	-	-	-	-	-	-	-	-	-	-	-	-	-	-	-	amiúde	-	amiúdes	-	amiúde	amiúdem	-	-	-	-	-	-	-	-	-	-	-	-	-	-	-	-	-	-	amiúda	-
amocar	-	-	-	-	-	-	-	-	-	-	-	-	-	-	-	-	-	-	amoquei	-	-	-	-	-	-	-	-	-	-	-	-	-	-	-	-	-	-	-	-	-	-	-	amoque	amoquemos	amoques	amoquedes	amoque	amoquem	-	-	-	-	-	-	-	-	-	-	-	-	-	-	-	-	-	-	-	-
amolecer	-	-	-	-	-	-	amolezo	-	-	-	-	-	-	-	-	-	-	-	-	-	-	-	-	-	-	-	-	-	-	-	-	-	-	-	-	-	-	-	-	-	-	-	amoleza	amolezamos	amolezas	amolezades	amoleza	amolezan	-	-	-	-	-	-	-	-	-	-	-	-	-	-	-	-	-	-	-	-
amolegar	-	-	-	-	-	-	-	-	-	-	-	-	-	-	-	-	-	-	amoleguei	-	-	-	-	-	-	-	-	-	-	-	-	-	-	-	-	-	-	-	-	-	-	-	amolegue	amoleguemos	amolegues	amoleguedes	amolegue	amoleguem	-	-	-	-	-	-	-	-	-	-	-	-	-	-	-	-	-	-	-	-
amordicar	-	-	-	-	-	-	-	-	-	-	-	-	-	-	-	-	-	-	amordiquei	-	-	-	-	-	-	-	-	-	-	-	-	-	-	-	-	-	-	-	-	-	-	-	amordique	amordiquemos	amordiques	amordiquedes	amordique	amordiquem	-	-	-	-	-	-	-	-	-	-	-	-	-	-	-	-	-	-	-	-
amosegar	-	-	-	-	-	-	-	-	-	-	-	-	-	-	-	-	-	-	amoseguei	-	-	-	-	-	-	-	-	-	-	-	-	-	-	-	-	-	-	-	-	-	-	-	amosegue	amoseguemos	amosegues	amoseguedes	amosegue	amoseguem	-	-	-	-	-	-	-	-	-	-	-	-	-	-	-	-	-	-	-	-
amoucar	-	-	-	-	-	-	-	-	-	-	-	-	-	-	-	-	-	-	amouquei	-	-	-	-	-	-	-	-	-	-	-	-	-	-	-	-	-	-	-	-	-	-	-	amouque	amouquemos	amouques	amouquedes	amouque	amouquem	-	-	-	-	-	-	-	-	-	-	-	-	-	-	-	-	-	-	-	-
amuar	-	-	-	-	-	-	-	-	-	-	-	amuam	-	-	-	-	-	-	-	-	-	-	-	-	-	-	-	-	-	-	-	-	-	-	-	-	-	-	-	-	-	-	-	-	-	-	-	amuem	-	-	-	-	-	-	-	-	-	-	-	-	-	-	-	-	-	-	-	-
analizar	-	-	-	-	-	-	-	-	-	-	-	-	-	-	-	-	-	-	-	-	-	-	-	-	-	-	-	-	-	-	-	-	-	-	-	-	-	-	-	-	-	-	-	-	-	-	-	analicen	-	-	-	-	-	-	-	-	-	-	-	-	-	-	-	-	-	-	-	-
anazar	-	-	-	-	-	-	-	-	-	-	-	-	-	-	-	-	-	-	anacei	-	-	-	-	-	-	-	-	-	-	-	-	-	-	-	-	-	-	-	-	-	-	-	anace	anacemos	anaces	anacedes	anace	anacen	-	-	-	-	-	-	-	-	-	-	-	-	-	-	-	-	-	-	-	-
ancar	-	-	-	-	-	-	-	-	-	-	-	-	-	-	-	-	-	-	anquei	-	-	-	-	-	-	-	-	-	-	-	-	-	-	-	-	-	-	-	-	-	-	-	anque	anquemos	anques	anquedes	anque	anquem	-	-	-	-	-	-	-	-	-	-	-	-	-	-	-	-	-	-	-	-
anegar	-	-	-	-	-	-	-	-	-	-	-	-	-	-	-	-	-	-	aneguei	-	-	-	-	-	-	-	-	-	-	-	-	-	-	-	-	-	-	-	-	-	-	-	anegue	aneguemos	anegues	aneguedes	anegue	aneguem	-	-	-	-	-	-	-	-	-	-	-	-	-	-	-	-	-	-	-	-
anicar	-	-	-	-	-	-	-	-	-	-	-	-	-	-	-	-	-	-	aniquei	-	-	-	-	-	-	-	-	-	-	-	-	-	-	-	-	-	-	-	-	-	-	-	anique	aniquemos	aniques	aniquedes	anique	aniquem	-	-	-	-	-	-	-	-	-	-	-	-	-	-	-	-	-	-	-	-
anoitecer	-	-	-	-	-	-	anoiteço	-	-	-	-	anoitecem	anoitecia	anoitecíamos	anoitecias	anoitecíades	-	anoiteciam	anoiteci	-	anoiteceche	-	-	anoiteceram	-	anoitecêramos	-	anoitecêrades	-	anoiteceram	-	-	-	-	-	anoitecerám	anoiteceria	anoiteceríamos	anoitecerias	anoiteceríades	-	anoiteceriam	anoiteça	anoiteçamos	anoiteças	anoiteçades	anoiteza	anoiteçam	anoitecesse	anoitecêssemos	anoitecesses	anoitecêssedes	-	anoitecessem	-	-	-	-	-	anoitecerem	-	-	-	-	-	anoitecerem	-	-
antepoñer	-	-	anteposto	anteposta	antepostos	antepostas	-	-	antepós	-	antepón	-	-	-	-	-	-	-	antepuxen	antepuxemos	antepuxeches	antepuxestes	antepuxo	antepuxeron	antepuxera	antepuxeramos	antepuxeras	antepuxerades	antepuxera	antepuxeran	-	-	-	-	-	-	-	-	-	-	-	-	-	-	-	-	-	-	antepuxese	antepuxésemos	antepuxeses	antepuxésedes	antepuxese	antepuxesen	antepuxer	antepuxermos	antepuxeres	antepuxerdes	antepuxer	antepuxeren	-	-	-	-	-	-	antepón	-
anubiar	-	-	-	-	-	-	anubío	-	anubías	-	anubía	anubían	-	-	-	-	-	-	-	-	-	-	-	-	-	-	-	-	-	-	-	-	-	-	-	-	-	-	-	-	-	-	anubíe	-	anubíes	-	anubíe	anubíen	-	-	-	-	-	-	-	-	-	-	-	-	-	-	-	-	-	-	anubía	-
apagar	-	-	-	-	-	-	-	-	-	-	-	-	-	-	-	-	-	-	apaguei	-	-	-	-	-	-	-	-	-	-	-	-	-	-	-	-	-	-	-	-	-	-	-	apague	apaguemos	apagues	apaguedes	apague	apaguem	-	-	-	-	-	-	-	-	-	-	-	-	-	-	-	-	-	-	-	-
apancar	-	-	-	-	-	-	-	-	-	-	-	-	-	-	-	-	-	-	apanquei	-	-	-	-	-	-	-	-	-	-	-	-	-	-	-	-	-	-	-	-	-	-	-	apanque	apanquemos	apanques	apanquedes	apanque	apanquem	-	-	-	-	-	-	-	-	-	-	-	-	-	-	-	-	-	-	-	-
apanhar	-	-	-	-	-	-	-	-	-	-	-	apanham	apanhava	apanhávamos	apanhavas	apanhávades	apanhava	apanhavam	-	-	apanhache	-	-	apanharam	-	apanháramos	-	apanhárades	-	apanharam	-	-	-	-	-	apanharám	apanharia	apanharíamos	apanharias	apanharíades	apanharia	apanhariam	-	-	-	-	-	apanhem	apanhasse	apanhássemos	apanhasses	apanhássedes	apanhasse	apanhassem	-	-	-	-	-	apanharem	-	-	-	-	-	apanharem	-	-
aparcar	-	-	-	-	-	-	-	-	-	-	-	-	-	-	-	-	-	-	aparquei	-	-	-	-	-	-	-	-	-	-	-	-	-	-	-	-	-	-	-	-	-	-	-	aparque	aparquemos	aparques	aparquedes	aparque	aparquem	-	-	-	-	-	-	-	-	-	-	-	-	-	-	-	-	-	-	-	-
aparecer	-	-	-	-	-	-	aparezo	-	-	-	-	-	-	-	-	-	-	-	-	-	-	-	-	-	-	-	-	-	-	-	-	-	-	-	-	-	-	-	-	-	-	-	apareza	aparezamos	aparezas	aparezades	apareza	aparezan	-	-	-	-	-	-	-	-	-	-	-	-	-	-	-	-	-	-	-	-
aparelhar	-	-	-	-	-	-	-	-	-	-	-	aparelham	aparelhava	aparelhávamos	aparelhavas	aparelhávades	aparelhava	aparelhavam	-	-	aparelhache	-	-	aparelharam	-	aparelháramos	-	aparelhárades	-	aparelharam	-	-	-	-	-	aparelharám	aparelharia	aparelharíamos	aparelharias	aparelharíades	aparelharia	aparelhariam	-	-	-	-	-	aparelhem	aparelhasse	aparelhássemos	aparelhasses	aparelhássedes	aparelhasse	aparelhassem	-	-	-	-	-	aparelharem	-	-	-	-	-	aparelharem	-	-
apegar	-	-	-	-	-	-	-	-	-	-	-	-	-	-	-	-	-	-	apeguei	-	-	-	-	-	-	-	-	-	-	-	-	-	-	-	-	-	-	-	-	-	-	-	apegue	apeguemos	apegues	apeguedes	apegue	apeguem	-	-	-	-	-	-	-	-	-	-	-	-	-	-	-	-	-	-	-	-
apetecer	-	-	-	-	-	-	apetezo	-	-	-	-	-	-	-	-	-	-	-	-	-	-	-	-	-	-	-	-	-	-	-	-	-	-	-	-	-	-	-	-	-	-	-	apeteza	apetezamos	apetezas	apetezades	apeteza	apetezan	-	-	-	-	-	-	-	-	-	-	-	-	-	-	-	-	-	-	-	-
apiegar	-	-	-	-	-	-	-	-	-	-	-	-	-	-	-	-	-	-	apieguei	-	-	-	-	-	-	-	-	-	-	-	-	-	-	-	-	-	-	-	-	-	-	-	apiegue	apieguemos	apiegues	apieguedes	apiegue	apieguem	-	-	-	-	-	-	-	-	-	-	-	-	-	-	-	-	-	-	-	-
aplicar	-	-	-	-	-	-	-	-	-	-	-	-	-	-	-	-	-	-	apliquei	-	-	-	-	-	-	-	-	-	-	-	-	-	-	-	-	-	-	-	-	-	-	-	aplique	apliquemos	apliques	apliquedes	aplique	apliquem	-	-	-	-	-	-	-	-	-	-	-	-	-	-	-	-	-	-	-	-
apodrecer	-	-	-	-	-	-	apodrezo	-	-	-	-	-	-	-	-	-	-	-	-	-	-	-	-	-	-	-	-	-	-	-	-	-	-	-	-	-	-	-	-	-	-	-	apodreza	apodrezamos	apodrezas	apodrezades	apodreza	apodrezan	-	-	-	-	-	-	-	-	-	-	-	-	-	-	-	-	-	-	-	-
apoubigar	-	-	-	-	-	-	-	-	-	-	-	-	-	-	-	-	-	-	apoubiguei	-	-	-	-	-	-	-	-	-	-	-	-	-	-	-	-	-	-	-	-	-	-	-	apoubigue	apoubiguemos	apoubigues	apoubiguedes	apoubigue	apoubiguem	-	-	-	-	-	-	-	-	-	-	-	-	-	-	-	-	-	-	-	-
apoucar	-	-	-	-	-	-	-	-	-	-	-	-	-	-	-	-	-	-	apouquei	-	-	-	-	-	-	-	-	-	-	-	-	-	-	-	-	-	-	-	-	-	-	-	apouque	apouquemos	apouques	apouquedes	apouque	apouquem	-	-	-	-	-	-	-	-	-	-	-	-	-	-	-	-	-	-	-	-
apoudigar	-	-	-	-	-	-	-	-	-	-	-	-	-	-	-	-	-	-	apoudiguei	-	-	-	-	-	-	-	-	-	-	-	-	-	-	-	-	-	-	-	-	-	-	-	apoudigue	apoudiguemos	apoudigues	apoudiguedes	apoudigue	apoudiguem	-	-	-	-	-	-	-	-	-	-	-	-	-	-	-	-	-	-	-	-
apouvigar	-	-	-	-	-	-	-	-	-	-	-	-	-	-	-	-	-	-	apouviguei	-	-	-	-	-	-	-	-	-	-	-	-	-	-	-	-	-	-	-	-	-	-	-	apouvigue	apouviguemos	apouvigues	apouviguedes	apouvigue	apouviguem	-	-	-	-	-	-	-	-	-	-	-	-	-	-	-	-	-	-	-	-
apoñer	-	-	aposto	aposta	apostos	apostas	-	-	após	-	apón	-	-	-	-	-	-	-	apuxen	apuxemos	apuxeches	apuxestes	apuxo	apuxeron	apuxera	apuxeramos	apuxeras	apuxerades	apuxera	apuxeran	-	-	-	-	-	-	-	-	-	-	-	-	-	-	-	-	-	-	apuxese	apuxésemos	apuxeses	apuxésedes	apuxese	apuxesen	apuxer	apuxermos	apuxeres	apuxerdes	apuxer	apuxeren	-	-	-	-	-	-	apón	-
arraigar	-	-	-	-	-	-	-	-	-	-	-	-	-	-	-	-	-	-	arraiguei	-	-	-	-	-	-	-	-	-	-	-	-	-	-	-	-	-	-	-	-	-	-	-	arraigue	arraiguemos	arraigues	arraiguedes	arraigue	arraiguem	-	-	-	-	-	-	-	-	-	-	-	-	-	-	-	-	-	-	-	-
arrefecer	-	-	-	-	-	-	arrefezo	-	-	-	-	-	-	-	-	-	-	-	-	-	-	-	-	-	-	-	-	-	-	-	-	-	-	-	-	-	-	-	-	-	-	-	arrefeza	arrefezamos	arrefezas	arrefezades	arrefeza	arrefezan	-	-	-	-	-	-	-	-	-	-	-	-	-	-	-	-	-	-	-	-
arrefriar	-	-	-	-	-	-	-	-	-	-	-	arrefriam	-	-	-	-	-	-	-	-	-	-	-	-	-	-	-	-	-	-	-	-	-	-	-	-	-	-	-	-	-	-	-	-	-	-	-	arrefriem	-	-	-	-	-	-	-	-	-	-	-	-	-	-	-	-	-	-	-	-
arregar	-	-	-	-	-	-	-	-	-	-	-	-	-	-	-	-	-	-	arreguei	-	-	-	-	-	-	-	-	-	-	-	-	-	-	-	-	-	-	-	-	-	-	-	arregue	arreguemos	arregues	arreguedes	arregue	arreguem	-	-	-	-	-	-	-	-	-	-	-	-	-	-	-	-	-	-	-	-
arregazar	-	-	-	-	-	-	-	-	-	-	-	-	-	-	-	-	-	-	arregacei	-	-	-	-	-	-	-	-	-	-	-	-	-	-	-	-	-	-	-	-	-	-	-	arregace	arregacemos	arregaces	arregacedes	arregace	arregacen	-	-	-	-	-	-	-	-	-	-	-	-	-	-	-	-	-	-	-	-
arrepender	arrepender-se	arrependendo-se	-	-	-	-	arrependo-me	arrependemo-nos	arrependes-te	arrependedes-vos	arrepende-se	arrependem-se	arrependia-me	arrependíamo-nos	arrependias-te	arrependíades-vos	arrependia-se	arrependiam-se	arrependi-me	arrependemo-nos	arrependeche-te	arrependestes-vos	arrependeu-se	arrependeram-se	arrependera-me	arrependêramo-nos	arrependeras-te	arrependêrades-vos	arrependera-se	arrependeram-se	arrepender-me-ei	arrepender-nos-emos	arrepender-te-ás	arrepender-vos-eis	arrepender-se-á	arrepender-se-ão	arrepender-me-ia	arrepender-nos-íamos	arrepender-te-ias	arrepender-vos-íais	arrepender-se-ia	arrepender-se-iam	-	-	-	-	-	-	-	-	-	-	-	-	-	-	-	-	-	-	arrepender-me	arrependermo-nos	arrependeres-te	arrependerdes-vos	arrepender-se	arrependerem-se	arrepende-te	arrependede-vos
arrepentir	-	-	-	-	-	-	arrepinto	-	arrepintes	-	arrepinte	arrepinten	-	-	-	-	-	-	-	-	-	-	-	-	-	-	-	-	-	-	-	-	-	-	-	-	-	-	-	-	-	-	arrepinta	arrepintamos	arrepintas	arrepintades	arrepinta	arrepintan	-	-	-	-	-	-	-	-	-	-	-	-	-	-	-	-	-	-	arrepinte	-
arrepiar	-	-	-	-	-	-	-	-	-	-	-	arrepiam	-	-	-	-	-	-	-	-	-	-	-	-	-	-	-	-	-	-	-	-	-	-	-	-	-	-	-	-	-	-	-	-	-	-	-	arrepiem	-	-	-	-	-	-	-	-	-	-	-	-	-	-	-	-	-	-	-	-
arrequecer	-	-	-	-	-	-	arrequezo	-	-	-	-	-	-	-	-	-	-	-	-	-	-	-	-	-	-	-	-	-	-	-	-	-	-	-	-	-	-	-	-	-	-	-	arrequeza	arrequezamos	arrequezas	arrequezades	arrequeza	arrequezan	-	-	-	-	-	-	-	-	-	-	-	-	-	-	-	-	-	-	-	-
arrigar	-	-	-	-	-	-	-	-	-	-	-	-	-	-	-	-	-	-	arriguei	-	-	-	-	-	-	-	-	-	-	-	-	-	-	-	-	-	-	-	-	-	-	-	arrigue	arriguemos	arrigues	arriguedes	arrigue	arriguem	-	-	-	-	-	-	-	-	-	-	-	-	-	-	-	-	-	-	-	-
arrincar	-	-	-	-	-	-	-	-	-	-	-	-	-	-	-	-	-	-	arrinquei	-	-	-	-	-	-	-	-	-	-	-	-	-	-	-	-	-	-	-	-	-	-	-	arrinque	arrinquemos	arrinques	arrinquedes	arrinque	arrinquem	-	-	-	-	-	-	-	-	-	-	-	-	-	-	-	-	-	-	-	-
arriscar	-	-	-	-	-	-	-	-	-	-	-	-	-	-	-	-	-	-	arrisquei	-	-	-	-	-	-	-	-	-	-	-	-	-	-	-	-	-	-	-	-	-	-	-	arrisque	arrisquemos	arrisques	arrisquedes	arrisque	arrisquem	-	-	-	-	-	-	-	-	-	-	-	-	-	-	-	-	-	-	-	-
arrizar	-	-	-	-	-	-	-	-	-	-	-	-	-	-	-	-	-	-	-	-	-	-	-	-	-	-	-	-	-	-	-	-	-	-	-	-	-	-	-	-	-	-	-	-	-	-	-	arricen	-	-	-	-	-	-	-	-	-	-	-	-	-	-	-	-	-	-	-	-
asentir	-	-	-	-	-	-	asinto	-	-	-	-	-	-	-	-	-	-	-	-	-	-	-	-	-	-	-	-	-	-	-	-	-	-	-	-	-	-	-	-	-	-	-	asinta	asintamos	asintas	asintades	asinta	asintan	-	-	-	-	-	-	-	-	-	-	-	-	-	-	-	-	-	-	asinte	-
asolagar	-	-	-	-	-	-	-	-	-	-	-	-	-	-	-	-	-	-	asolaguei	-	-	-	-	-	-	-	-	-	-	-	-	-	-	-	-	-	-	-	-	-	-	-	asolague	asolaguemos	asolagues	asolaguedes	asolague	asolaguen	-	-	-	-	-	-	-	-	-	-	-	-	-	-	-	-	-	-	-	-
assimilar	-	-	-	-	-	-	-	-	-	-	-	assimilam	assimilava	assimilávamos	assimilavas	assimilávades	assimilava	assimilavam	-	-	assimilache	-	-	assimilaram	-	assimiláramos	-	assimilárades	-	assimilaram	-	-	-	-	-	assimilarám	assimilaria	assimilaríamos	assimilarias	assimilaríades	assimilaria	assimilariam	-	-	-	-	-	assimilem	assimilasse	assimilássemos	assimilasses	assimilássedes	assimilasse	assimilassem	-	-	-	-	-	assimilarem	-	-	-	-	-	assimilarem	-	-
assistir	-	-	-	-	-	-	-	-	-	-	-	assistem	assistia	assistíamos	assistias	assistíades	assistia	assistiam	assisti	-	assistiche	-	-	assistiram	-	assistíramos	-	assistírades	-	assistiram	-	-	-	-	-	assistirám	assistiria	assistiríamos	assistirias	assistiríades	assistiria	assistiriam	-	-	-	-	-	assistam	assistisse	assistíssemos	assistisses	assistíssedes	assistisse	assistissem	-	-	-	-	-	assistirem	-	-	-	-	-	assistirem	-	-
asubiar	-	-	-	-	-	-	asubío	-	asubías	-	asubía	asubían	-	-	-	-	-	-	-	-	-	-	-	-	-	-	-	-	-	-	-	-	-	-	-	-	-	-	-	-	-	-	asubíe	-	asubíes	-	asubíe	asubíen	-	-	-	-	-	-	-	-	-	-	-	-	-	-	-	-	-	-	asubía	-
asucar	-	-	-	-	-	-	-	-	-	-	-	-	-	-	-	-	-	-	asuquei	-	-	-	-	-	-	-	-	-	-	-	-	-	-	-	-	-	-	-	-	-	-	-	asuque	asuquemos	asuques	asuquedes	asuque	asuquen	-	-	-	-	-	-	-	-	-	-	-	-	-	-	-	-	-	-	-	-
atacar	-	-	-	-	-	-	-	-	-	-	-	-	-	-	-	-	-	-	ataquei	-	-	-	-	-	-	-	-	-	-	-	-	-	-	-	-	-	-	-	-	-	-	-	ataque	ataquemos	ataques	ataquedes	ataque	ataquem	-	-	-	-	-	-	-	-	-	-	-	-	-	-	-	-	-	-	-	-
atafegar	-	-	-	-	-	-	-	-	-	-	-	-	-	-	-	-	-	-	atafeguei	-	-	-	-	-	-	-	-	-	-	-	-	-	-	-	-	-	-	-	-	-	-	-	atafegue	atafeguemos	atafegues	atafeguedes	atafegue	atafeguem	-	-	-	-	-	-	-	-	-	-	-	-	-	-	-	-	-	-	-	-
atanguer	-	-	-	-	-	-	atango	-	-	-	-	-	-	-	-	-	-	-	-	-	-	-	-	-	-	-	-	-	-	-	-	-	-	-	-	-	-	-	-	-	-	-	atanga	atangamos	atangas	atangades	atanga	atangam	-	-	-	-	-	-	-	-	-	-	-	-	-	-	-	-	-	-	-	-
ataviar	-	-	-	-	-	-	-	-	-	-	-	ataviam	-	-	-	-	-	-	-	-	-	-	-	-	-	-	-	-	-	-	-	-	-	-	-	-	-	-	-	-	-	-	-	-	-	-	-	ataviem	-	-	-	-	-	-	-	-	-	-	-	-	-	-	-	-	-	-	-	-
ateigar	-	-	-	-	-	-	-	-	-	-	-	-	-	-	-	-	-	-	ateiguei	-	-	-	-	-	-	-	-	-	-	-	-	-	-	-	-	-	-	-	-	-	-	-	ateigue	ateiguemos	ateigues	ateiguedes	ateigue	ateiguem	-	-	-	-	-	-	-	-	-	-	-	-	-	-	-	-	-	-	-	-
atenzar	-	-	-	-	-	-	-	-	-	-	-	-	-	-	-	-	-	-	atencei	-	-	-	-	-	-	-	-	-	-	-	-	-	-	-	-	-	-	-	-	-	-	-	atence	atencemos	atences	atencedes	atence	atencen	-	-	-	-	-	-	-	-	-	-	-	-	-	-	-	-	-	-	-	-
ater	-	-	-	-	-	-	atenho	-	aténs	-	atém	atenhem	atinha	atiñamos	atinhas	atiñades	atinha	atinham	ative	ativemos	ativeche	ativestes	ateve	ativeram	ativera	ativeramos	ativeras	ativerades	ativera	ativeram	-	-	-	-	-	-	-	-	-	-	-	-	atenha	atenhamos	atenhas	atenhades	atenha	atenham	ativese	ativésemos	ativeses	ativésedes	ativese	ativesen	ativer	ativermos	ativeres	ativerdes	ativer	ativerem	-	-	-	-	-	-	atém	-
aterecer	-	-	-	-	-	-	aterezo	-	-	-	-	-	-	-	-	-	-	-	-	-	-	-	-	-	-	-	-	-	-	-	-	-	-	-	-	-	-	-	-	-	-	-	atereza	aterezamos	aterezas	aterezades	atereza	aterezan	-	-	-	-	-	-	-	-	-	-	-	-	-	-	-	-	-	-	-	-
atizar	-	-	-	-	-	-	-	-	-	-	-	-	-	-	-	-	-	-	aticei	-	-	-	-	-	-	-	-	-	-	-	-	-	-	-	-	-	-	-	-	-	-	-	atice	aticemos	atices	aticedes	atice	aticen	-	-	-	-	-	-	-	-	-	-	-	-	-	-	-	-	-	-	-	-
atomizar	-	-	-	-	-	-	-	-	-	-	-	-	-	-	-	-	-	-	-	-	-	-	-	-	-	-	-	-	-	-	-	-	-	-	-	-	-	-	-	-	-	-	-	-	-	-	-	atomicen	-	-	-	-	-	-	-	-	-	-	-	-	-	-	-	-	-	-	-	-
atontecer	-	-	-	-	-	-	atontezo	-	-	-	-	-	-	-	-	-	-	-	-	-	-	-	-	-	-	-	-	-	-	-	-	-	-	-	-	-	-	-	-	-	-	-	atonteza	atontezamos	atontezas	atontezades	atonteza	atontezan	-	-	-	-	-	-	-	-	-	-	-	-	-	-	-	-	-	-	-	-
atraer	-	-	atraído	atraída	atraídos	atraídas	atraio	-	-	-	-	-	-	atraïamos	-	atraïades	-	-	-	-	atraíches	-	-	-	-	-	-	-	-	-	-	-	-	-	-	-	-	-	-	-	-	-	atraia	atraiamos	atraias	atraiades	atraia	atraian	-	-	-	-	-	-	-	-	-	-	-	-	-	-	-	-	-	-	-	-
atrair	-	-	atraído	atraída	atraídos	atraídas	atraio	atraímos	atrais	atraídes	atrai	atraem	-	atraíamos	-	atraíades	-	atraíam	atraim	atraímos	atraíche	atraístes	-	atraíram	atraíra	atraíramos	atraíras	atraírades	atraíra	atraíram	-	-	-	-	-	atrairám	atrairia	atrairíamos	atrairias	atrairíades	atrairia	atrairiam	atraia	atraiamos	atraias	atraiades	atraia	atraiam	atraísse	atraíssemos	atraísses	atraíssedes	atraísse	atraíssem	-	-	atraíres	-	-	atraírem	-	-	atraíres	-	-	atraírem	atrai	atraí
atricar	-	-	-	-	-	-	-	-	-	-	-	-	-	-	-	-	-	-	atriquei	-	-	-	-	-	-	-	-	-	-	-	-	-	-	-	-	-	-	-	-	-	-	-	atrique	atriquemos	atriques	atriquedes	atrique	atriquen	-	-	-	-	-	-	-	-	-	-	-	-	-	-	-	-	-	-	-	-
atuar	-	-	-	-	-	-	-	-	-	-	-	atuam	-	-	-	-	-	-	-	-	-	-	-	-	-	-	-	-	-	-	-	-	-	-	-	-	-	-	-	-	-	-	-	-	-	-	-	atuem	-	-	-	-	-	-	-	-	-	-	-	-	-	-	-	-	-	-	-	-
automatizar	-	-	-	-	-	-	-	-	-	-	-	-	-	-	-	-	-	-	-	-	-	-	-	-	-	-	-	-	-	-	-	-	-	-	-	-	-	-	-	-	-	-	-	-	-	-	-	automaticen	-	-	-	-	-	-	-	-	-	-	-	-	-	-	-	-	-	-	-	-
autorizar	-	-	-	-	-	-	-	-	-	-	-	-	-	-	-	-	-	-	-	-	-	-	-	-	-	-	-	-	-	-	-	-	-	-	-	-	-	-	-	-	-	-	-	-	-	-	-	autoricen	-	-	-	-	-	-	-	-	-	-	-	-	-	-	-	-	-	-	-	-
avagar	-	-	-	-	-	-	-	-	-	-	-	-	-	-	-	-	-	-	avaguei	-	-	-	-	-	-	-	-	-	-	-	-	-	-	-	-	-	-	-	-	-	-	-	avague	avaguemos	avagues	avaguedes	avague	avaguem	-	-	-	-	-	-	-	-	-	-	-	-	-	-	-	-	-	-	-	-
avanzar	-	-	-	-	-	-	-	-	-	-	-	-	-	-	-	-	-	-	avancei	-	-	-	-	-	-	-	-	-	-	-	-	-	-	-	-	-	-	-	-	-	-	-	avance	avancemos	avances	avancedes	avance	avancen	-	-	-	-	-	-	-	-	-	-	-	-	-	-	-	-	-	-	-	-
avançar	-	-	-	-	-	-	-	-	-	-	-	avançam	avançava	avançávamos	avançavas	avançávades	avançava	avançavam	avancei	-	avançache	-	-	avançaram	-	avançáramos	-	avançárades	-	avançaram	-	-	-	-	-	avançarám	avançaria	avançaríamos	avançarias	avançaríades	avançaria	avançariam	avance	avancemos	avances	avancedes	avance	avancem	avançasse	avançássemos	avançasses	avançássedes	avançasse	avançassem	-	-	-	-	-	avançarem	-	-	-	-	-	avançarem	-	-
avir	-	-	avindo	avinda	avindos	avindas	avenho	-	avéns	-	avém	avenhem	avinha	aviñamos	avinhas	aviñades	avinha	avinham	-	aviemos	avieste	aviestes	aveio	avieram	aviera	avinhéramos	avieras	avinhérades	aviera	avieram	-	-	-	-	-	-	-	-	-	-	-	-	avenha	avenhamos	avenhas	avenhades	avenha	avenham	aviesse	avinhéssemos	aviesses	avinhéssedes	aviesse	aviessem	avier	aviermos	avieres	avierdes	avier	avierem	-	-	-	-	-	-	avém	-
avogar	-	-	-	-	-	-	-	-	-	-	-	-	-	-	-	-	-	-	avoguei	-	-	-	-	-	-	-	-	-	-	-	-	-	-	-	-	-	-	-	-	-	-	-	avogue	avoguemos	avogues	avoguedes	avogue	avoguem	-	-	-	-	-	-	-	-	-	-	-	-	-	-	-	-	-	-	-	-
axilizar	-	-	-	-	-	-	-	-	-	-	-	-	-	-	-	-	-	-	axilicei	-	-	-	-	-	-	-	-	-	-	-	-	-	-	-	-	-	-	-	-	-	-	-	axilice	axilicemos	axilices	axilicedes	axilice	axilicen	-	-	-	-	-	-	-	-	-	-	-	-	-	-	-	-	-	-	-	-
axuizar	-	-	-	-	-	-	axuízo	-	axuízas	-	axuíza	axuízan	-	-	-	-	-	-	axuicei	-	-	-	-	-	-	-	-	-	-	-	-	-	-	-	-	-	-	-	-	-	-	-	axuíce	axuicemos	axuíces	axuicedes	axuíce	axuícen	-	-	-	-	-	-	-	-	-	-	-	-	-	-	-	-	-	-	axuíza	-
baduar	-	-	-	-	-	-	-	-	-	-	-	baduam	-	-	-	-	-	-	-	-	-	-	-	-	-	-	-	-	-	-	-	-	-	-	-	-	-	-	-	-	-	-	-	-	-	-	-	baduem	-	-	-	-	-	-	-	-	-	-	-	-	-	-	-	-	-	-	-	-
balcanizar	-	-	-	-	-	-	-	-	-	-	-	-	-	-	-	-	-	-	-	-	-	-	-	-	-	-	-	-	-	-	-	-	-	-	-	-	-	-	-	-	-	-	-	-	-	-	-	balcanicen	-	-	-	-	-	-	-	-	-	-	-	-	-	-	-	-	-	-	-	-
barruzar	-	-	-	-	-	-	-	-	-	-	-	-	-	-	-	-	-	-	barrucei	-	-	-	-	-	-	-	-	-	-	-	-	-	-	-	-	-	-	-	-	-	-	-	barruce	barrucemos	barruces	barrucedes	barruce	barrucen	-	-	-	-	-	-	-	-	-	-	-	-	-	-	-	-	-	-	-	-
bautizar	-	-	-	-	-	-	-	-	-	-	-	-	-	-	-	-	-	-	bauticei	-	-	-	-	-	-	-	-	-	-	-	-	-	-	-	-	-	-	-	-	-	-	-	bautice	bauticemos	bautices	bauticedes	bautice	bauticen	-	-	-	-	-	-	-	-	-	-	-	-	-	-	-	-	-	-	-	-
beatificar	-	-	-	-	-	-	-	-	-	-	-	-	-	-	-	-	-	-	beatifiquei	-	-	-	-	-	-	-	-	-	-	-	-	-	-	-	-	-	-	-	-	-	-	-	beatifique	beatifiquemos	beatifiques	beatifiquedes	beatifique	beatifiquen	-	-	-	-	-	-	-	-	-	-	-	-	-	-	-	-	-	-	-	-
beberricar	-	-	-	-	-	-	-	-	-	-	-	-	-	-	-	-	-	-	beberriquei	-	-	-	-	-	-	-	-	-	-	-	-	-	-	-	-	-	-	-	-	-	-	-	beberrique	beberriquemos	beberriques	beberriquedes	beberrique	beberriquem	-	-	-	-	-	-	-	-	-	-	-	-	-	-	-	-	-	-	-	-
beliscar	-	-	-	-	-	-	-	-	-	-	-	-	-	-	-	-	-	-	belisquei	-	-	-	-	-	-	-	-	-	-	-	-	-	-	-	-	-	-	-	-	-	-	-	belisque	belisquemos	belisques	belisquedes	belisque	belisquem	-	-	-	-	-	-	-	-	-	-	-	-	-	-	-	-	-	-	-	-
bendicir	-	-	-	-	-	-	bendigo	-	-	-	-	-	-	-	-	-	-	-	-	-	-	-	-	-	-	-	-	-	-	-	-	-	-	-	-	-	-	-	-	-	-	-	bendiga	bendigamos	bendigas	bendigades	bendiga	bendigan	-	-	-	-	-	-	-	-	-	-	-	-	-	-	-	-	-	-	-	-
bicar	-	-	-	-	-	-	-	-	-	-	-	-	-	-	-	-	-	-	biquei	-	-	-	-	-	-	-	-	-	-	-	-	-	-	-	-	-	-	-	-	-	-	-	bique	biquemos	biques	biquedes	bique	biquem	-	-	-	-	-	-	-	-	-	-	-	-	-	-	-	-	-	-	-	-
biscar	-	-	-	-	-	-	-	-	-	-	-	-	-	-	-	-	-	-	bisquei	-	-	-	-	-	-	-	-	-	-	-	-	-	-	-	-	-	-	-	-	-	-	-	bisque	bisquemos	bisques	bisquedes	bisque	bisquem	-	-	-	-	-	-	-	-	-	-	-	-	-	-	-	-	-	-	-	-
boligar	-	-	-	-	-	-	-	-	-	-	-	-	-	-	-	-	-	-	boliguei	-	-	-	-	-	-	-	-	-	-	-	-	-	-	-	-	-	-	-	-	-	-	-	boligue	boliguemos	boligues	boliguedes	boligue	boliguem	-	-	-	-	-	-	-	-	-	-	-	-	-	-	-	-	-	-	-	-
breigar	-	-	-	-	-	-	-	-	-	-	-	-	-	-	-	-	-	-	breiguei	-	-	-	-	-	-	-	-	-	-	-	-	-	-	-	-	-	-	-	-	-	-	-	breigue	breiguemos	breigues	breiguedes	breigue	breiguen	-	-	-	-	-	-	-	-	-	-	-	-	-	-	-	-	-	-	-	-
brincar	-	-	-	-	-	-	-	-	-	-	-	-	-	-	-	-	-	-	brinquei	-	-	-	-	-	-	-	-	-	-	-	-	-	-	-	-	-	-	-	-	-	-	-	brinque	brinquemos	brinques	brinquedes	brinque	brinquem	-	-	-	-	-	-	-	-	-	-	-	-	-	-	-	-	-	-	-	-
broucar	-	-	-	-	-	-	-	-	-	-	-	-	-	-	-	-	-	-	brouquei	-	-	-	-	-	-	-	-	-	-	-	-	-	-	-	-	-	-	-	-	-	-	-	brouque	brouquemos	brouques	brouquedes	brouque	brouquem	-	-	-	-	-	-	-	-	-	-	-	-	-	-	-	-	-	-	-	-
bruar	-	-	-	-	-	-	-	-	-	-	-	bruam	-	-	-	-	-	-	-	-	-	-	-	-	-	-	-	-	-	-	-	-	-	-	-	-	-	-	-	-	-	-	-	-	-	-	-	bruem	-	-	-	-	-	-	-	-	-	-	-	-	-	-	-	-	-	-	-	-
buligar	-	-	-	-	-	-	-	-	-	-	-	-	-	-	-	-	-	-	buliguei	-	-	-	-	-	-	-	-	-	-	-	-	-	-	-	-	-	-	-	-	-	-	-	buligue	buliguemos	buligues	buliguedes	buligue	buliguem	-	-	-	-	-	-	-	-	-	-	-	-	-	-	-	-	-	-	-	-
bulir	-	-	-	-	-	-	-	-	boles	-	bole	bolem	-	-	-	-	-	-	-	-	-	-	-	-	-	-	-	-	-	-	-	-	-	-	-	-	-	-	-	-	-	-	-	-	-	-	-	-	-	-	-	-	-	-	-	-	-	-	-	-	-	-	-	-	-	-	-	-
burdiar	-	-	-	-	-	-	burdío	-	burdías	-	burdía	burdían	-	-	-	-	-	-	-	-	-	-	-	-	-	-	-	-	-	-	-	-	-	-	-	-	-	-	-	-	-	-	burdíe	-	burdíes	-	burdíe	burdíen	-	-	-	-	-	-	-	-	-	-	-	-	-	-	-	-	-	-	burdía	-
buscar	-	-	-	-	-	-	-	-	-	-	-	-	-	-	-	-	-	-	busquei	-	-	-	-	-	-	-	-	-	-	-	-	-	-	-	-	-	-	-	-	-	-	-	busque	busquemos	busques	busquedes	busque	busquem	-	-	-	-	-	-	-	-	-	-	-	-	-	-	-	-	-	-	-	-
cabalgar	-	-	-	-	-	-	-	-	-	-	-	-	-	-	-	-	-	-	cabalguei	-	-	-	-	-	-	-	-	-	-	-	-	-	-	-	-	-	-	-	-	-	-	-	cabalgue	cabalguemos	cabalgues	cabalguedes	cabalgue	cabalguen	-	-	-	-	-	-	-	-	-	-	-	-	-	-	-	-	-	-	-	-
caber	-	-	-	-	-	-	caibo	-	-	-	-	-	-	-	-	-	-	-	coube	coubemos	coubeche	coubestes	coube	couberam	coubera	couberamos	couberas	couberades	coubera	couberam	-	-	-	-	-	-	-	-	-	-	-	-	caiba	caibamos	caibas	caibades	caiba	caibam	coubese	coubésemos	coubeses	coubésedes	coubese	coubesen	couber	coubermos	couberes	couberdes	couber	couberem	-	-	-	-	-	-	-	-
caer	-	-	caído	caída	caídos	caídas	caio	-	-	-	-	-	-	caïamos	-	caïades	-	-	-	-	caíches	-	-	-	-	-	-	-	-	-	-	-	-	-	-	-	-	-	-	-	-	-	caia	caiamos	caias	caiades	caia	caian	-	-	-	-	-	-	-	-	-	-	-	-	-	-	-	-	-	-	-	-
cagar	-	-	-	-	-	-	-	-	-	-	-	-	-	-	-	-	-	-	caguei	-	-	-	-	-	-	-	-	-	-	-	-	-	-	-	-	-	-	-	-	-	-	-	cague	caguemos	cagues	caguedes	cague	caguem	-	-	-	-	-	-	-	-	-	-	-	-	-	-	-	-	-	-	-	-
calcar	-	-	-	-	-	-	-	-	-	-	-	-	-	-	-	-	-	-	calquei	-	-	-	-	-	-	-	-	-	-	-	-	-	-	-	-	-	-	-	-	-	-	-	calque	calquemos	calques	calquedes	calque	calquem	-	-	-	-	-	-	-	-	-	-	-	-	-	-	-	-	-	-	-	-
calcificar	-	-	-	-	-	-	-	-	-	-	-	-	-	-	-	-	-	-	calcifiquei	-	-	-	-	-	-	-	-	-	-	-	-	-	-	-	-	-	-	-	-	-	-	-	calcifique	calcifiquemos	calcifiques	calcifiquedes	calcifique	calcifiquem	-	-	-	-	-	-	-	-	-	-	-	-	-	-	-	-	-	-	-	-
calzar	-	-	-	-	-	-	-	-	-	-	-	-	-	-	-	-	-	-	calcei	-	-	-	-	-	-	-	-	-	-	-	-	-	-	-	-	-	-	-	-	-	-	-	calce	calcemos	calces	calcedes	calce	calcen	-	-	-	-	-	-	-	-	-	-	-	-	-	-	-	-	-	-	-	-
calçar	-	-	-	-	-	-	-	-	-	-	-	calçam	calçava	calçávamos	calçavas	calçávades	calçava	calçavam	calcei	-	calçache	-	-	calçaram	-	calçáramos	-	calçárades	-	calçaram	-	-	-	-	-	calçarám	calçaria	calçaríamos	calçarias	calçaríades	calçaria	calçariam	calce	calcemos	calces	calcedes	calce	calcem	calçasse	calçássemos	calçasses	calçássedes	calçasse	calçassem	-	-	-	-	-	calçarem	-	-	-	-	-	calçarem	-	-
cangar	-	-	-	-	-	-	-	-	-	-	-	-	-	-	-	-	-	-	canguei	-	-	-	-	-	-	-	-	-	-	-	-	-	-	-	-	-	-	-	-	-	-	-	cangue	canguemos	cangues	canguedes	cangue	canguem	-	-	-	-	-	-	-	-	-	-	-	-	-	-	-	-	-	-	-	-
carecer	-	-	-	-	-	-	carezo	-	-	-	-	-	-	-	-	-	-	-	-	-	-	-	-	-	-	-	-	-	-	-	-	-	-	-	-	-	-	-	-	-	-	-	careza	carezamos	carezas	carezades	careza	carezan	-	-	-	-	-	-	-	-	-	-	-	-	-	-	-	-	-	-	-	-
cargar	-	-	-	-	-	-	-	-	-	-	-	-	-	-	-	-	-	-	carguei	-	-	-	-	-	-	-	-	-	-	-	-	-	-	-	-	-	-	-	-	-	-	-	cargue	carguemos	cargues	carguedes	cargue	carguem	-	-	-	-	-	-	-	-	-	-	-	-	-	-	-	-	-	-	-	-
carregar	-	-	-	-	-	-	-	-	-	-	-	-	-	-	-	-	-	-	carreguei	-	-	-	-	-	-	-	-	-	-	-	-	-	-	-	-	-	-	-	-	-	-	-	carregue	carreguemos	carregues	carreguedes	carregue	carreguem	-	-	-	-	-	-	-	-	-	-	-	-	-	-	-	-	-	-	-	-
cascar	-	-	-	-	-	-	-	-	-	-	-	-	-	-	-	-	-	-	casquei	-	-	-	-	-	-	-	-	-	-	-	-	-	-	-	-	-	-	-	-	-	-	-	casque	casquemos	casques	casquedes	casque	casquem	-	-	-	-	-	-	-	-	-	-	-	-	-	-	-	-	-	-	-	-
castelanizar	-	-	-	-	-	-	-	-	-	-	-	-	-	-	-	-	-	-	castelanicei	-	-	-	-	-	-	-	-	-	-	-	-	-	-	-	-	-	-	-	-	-	-	-	castelanice	castelanicemos	castelanices	castelanicedes	castelanice	castelanicen	-	-	-	-	-	-	-	-	-	-	-	-	-	-	-	-	-	-	-	-
castelhanizar	-	-	-	-	-	-	-	-	-	-	-	castelhanizam	castelhanizava	castelhanizávamos	castelhanizavas	castelhanizávades	castelhanizava	castelhanizavam	-	-	castelhanizache	-	-	castelhanizaram	-	castelhanizáramos	-	castelhanizárades	-	castelhanizaram	-	-	-	-	-	castelhanizarám	castelhanizaria	castelhanizaríamos	castelhanizarias	castelhanizaríades	castelhanizaria	castelhanizariam	-	-	-	-	-	castelhanizem	castelhanizasse	castelhanizássemos	castelhanizasses	castelhanizássedes	castelhanizasse	castelhanizassem	-	-	-	-	-	castelhanizarem	-	-	-	-	-	castelhanizarem	-	-
castigar	-	-	-	-	-	-	-	-	-	-	-	-	-	-	-	-	-	-	castiguei	-	-	-	-	-	-	-	-	-	-	-	-	-	-	-	-	-	-	-	-	-	-	-	castigue	castiguemos	castigues	castiguedes	castigue	castiguem	-	-	-	-	-	-	-	-	-	-	-	-	-	-	-	-	-	-	-	-
catalizar	-	-	-	-	-	-	-	-	-	-	-	-	-	-	-	-	-	-	-	-	-	-	-	-	-	-	-	-	-	-	-	-	-	-	-	-	-	-	-	-	-	-	-	-	-	-	-	catalicen	-	-	-	-	-	-	-	-	-	-	-	-	-	-	-	-	-	-	-	-
categorizar	-	-	-	-	-	-	-	-	-	-	-	-	-	-	-	-	-	-	-	-	-	-	-	-	-	-	-	-	-	-	-	-	-	-	-	-	-	-	-	-	-	-	-	-	-	-	-	categoricen	-	-	-	-	-	-	-	-	-	-	-	-	-	-	-	-	-	-	-	-
cazar	-	-	-	-	-	-	-	-	-	-	-	-	-	-	-	-	-	-	cacei	-	-	-	-	-	-	-	-	-	-	-	-	-	-	-	-	-	-	-	-	-	-	-	cace	cacemos	caces	cacedes	cace	cacen	-	-	-	-	-	-	-	-	-	-	-	-	-	-	-	-	-	-	-	-
cegar	-	-	-	-	-	-	-	-	-	-	-	-	-	-	-	-	-	-	ceguei	-	-	-	-	-	-	-	-	-	-	-	-	-	-	-	-	-	-	-	-	-	-	-	cegue	ceguemos	cegues	ceguedes	cegue	ceguem	-	-	-	-	-	-	-	-	-	-	-	-	-	-	-	-	-	-	-	-
centralizar	-	-	-	-	-	-	-	-	-	-	-	-	-	-	-	-	-	-	-	-	-	-	-	-	-	-	-	-	-	-	-	-	-	-	-	-	-	-	-	-	-	-	-	-	-	-	-	centralicen	-	-	-	-	-	-	-	-	-	-	-	-	-	-	-	-	-	-	-	-
cercar	-	-	-	-	-	-	-	-	-	-	-	-	-	-	-	-	-	-	cerquei	-	-	-	-	-	-	-	-	-	-	-	-	-	-	-	-	-	-	-	-	-	-	-	cerque	cerquemos	cerques	cerquedes	cerque	cerquem	-	-	-	-	-	-	-	-	-	-	-	-	-	-	-	-	-	-	-	-
certificar	-	-	-	-	-	-	-	-	-	-	-	-	-	-	-	-	-	-	certifiquei	-	-	-	-	-	-	-	-	-	-	-	-	-	-	-	-	-	-	-	-	-	-	-	certifique	certifiquemos	certifiques	certifiquedes	certifique	certifiquem	-	-	-	-	-	-	-	-	-	-	-	-	-	-	-	-	-	-	-	-
chagar	-	-	-	-	-	-	-	-	-	-	-	-	-	-	-	-	-	-	chaguei	-	-	-	-	-	-	-	-	-	-	-	-	-	-	-	-	-	-	-	-	-	-	-	chague	chaguemos	chagues	chaguedes	chague	chaguem	-	-	-	-	-	-	-	-	-	-	-	-	-	-	-	-	-	-	-	-
chamuscar	-	-	-	-	-	-	-	-	-	-	-	-	-	-	-	-	-	-	chamusquei	-	-	-	-	-	-	-	-	-	-	-	-	-	-	-	-	-	-	-	-	-	-	-	chamusque	chamusquemos	chamusques	chamusquedes	chamusque	chamusquem	-	-	-	-	-	-	-	-	-	-	-	-	-	-	-	-	-	-	-	-
charruar	-	-	-	-	-	-	-	-	-	-	-	charruam	-	-	-	-	-	-	-	-	-	-	-	-	-	-	-	-	-	-	-	-	-	-	-	-	-	-	-	-	-	-	-	-	-	-	-	charruem	-	-	-	-	-	-	-	-	-	-	-	-	-	-	-	-	-	-	-	-
chegar	-	-	-	-	-	-	-	-	-	-	-	-	-	-	-	-	-	-	cheguei	-	-	-	-	-	-	-	-	-	-	-	-	-	-	-	-	-	-	-	-	-	-	-	chegue	cheguemos	chegues	cheguedes	chegue	cheguem	-	-	-	-	-	-	-	-	-	-	-	-	-	-	-	-	-	-	-	-
chiar	-	-	-	-	-	-	-	-	-	-	-	chiam	-	-	-	-	-	-	-	-	-	-	-	-	-	-	-	-	-	-	-	-	-	-	-	-	-	-	-	-	-	-	-	-	-	-	-	chiem	-	-	-	-	-	-	-	-	-	-	-	-	-	-	-	-	-	-	-	-
chiscar	-	-	-	-	-	-	-	-	-	-	-	-	-	-	-	-	-	-	chisquei	-	-	-	-	-	-	-	-	-	-	-	-	-	-	-	-	-	-	-	-	-	-	-	chisque	chisquemos	chisques	chisquedes	chisque	chisquem	-	-	-	-	-	-	-	-	-	-	-	-	-	-	-	-	-	-	-	-
chocar	-	-	-	-	-	-	-	-	-	-	-	-	-	-	-	-	-	-	choquei	-	-	-	-	-	-	-	-	-	-	-	-	-	-	-	-	-	-	-	-	-	-	-	choque	choquemos	choques	choquedes	choque	choquem	-	-	-	-	-	-	-	-	-	-	-	-	-	-	-	-	-	-	-	-
choer	-	-	choído	choída	choídos	choídas	-	-	-	-	-	-	-	choíamos	-	choíades	-	-	-	-	choeche	-	-	-	-	-	-	-	-	-	-	-	-	-	-	-	-	-	-	-	-	-	-	-	-	-	-	choam	-	-	-	-	-	-	-	-	-	-	-	-	-	-	-	-	-	-	-	-
choricar	-	-	-	-	-	-	-	-	-	-	-	-	-	-	-	-	-	-	choriquei	-	-	-	-	-	-	-	-	-	-	-	-	-	-	-	-	-	-	-	-	-	-	-	chorique	choriquemos	choriques	choriquedes	chorique	choriquem	-	-	-	-	-	-	-	-	-	-	-	-	-	-	-	-	-	-	-	-
chorimicar	-	-	-	-	-	-	-	-	-	-	-	-	-	-	-	-	-	-	chorimiquei	-	-	-	-	-	-	-	-	-	-	-	-	-	-	-	-	-	-	-	-	-	-	-	chorimique	chorimiquemos	chorimiques	chorimiquedes	chorimique	chorimiquem	-	-	-	-	-	-	-	-	-	-	-	-	-	-	-	-	-	-	-	-
choromicar	-	-	-	-	-	-	-	-	-	-	-	-	-	-	-	-	-	-	choromiquei	-	-	-	-	-	-	-	-	-	-	-	-	-	-	-	-	-	-	-	-	-	-	-	choromique	choromiquemos	choromiques	choromiquedes	choromique	choromiquem	-	-	-	-	-	-	-	-	-	-	-	-	-	-	-	-	-	-	-	-
choscar	-	-	-	-	-	-	-	-	-	-	-	-	-	-	-	-	-	-	chosquei	-	-	-	-	-	-	-	-	-	-	-	-	-	-	-	-	-	-	-	-	-	-	-	chosque	chosquemos	chosques	chosquedes	chosque	chosquem	-	-	-	-	-	-	-	-	-	-	-	-	-	-	-	-	-	-	-	-
chuspir	-	-	-	-	-	-	-	-	chospes	-	chospe	chospen	-	-	-	-	-	-	-	-	-	-	-	-	-	-	-	-	-	-	-	-	-	-	-	-	-	-	-	-	-	-	-	-	-	-	-	-	-	-	-	-	-	-	-	-	-	-	-	-	-	-	-	-	-	-	-	-
chuviscar	-	-	-	-	-	-	-	-	-	-	-	chuviscam	chuviscava	chuviscávamos	chuviscavas	chuviscávades	-	chuviscavam	chuvisquei	-	chuviscache	-	-	chuviscaram	-	chuviscáramos	-	chuviscárades	-	chuviscaram	-	-	-	-	-	chuviscarám	chuviscaria	chuviscaríamos	chuviscarias	chuviscaríades	-	chuviscariam	chuvisque	chuvisquemos	chuvisques	chuvisquedes	chuvisque	chuvisquem	chuviscasse	chuviscássemos	chuviscasses	chuviscássedes	-	chuviscassem	-	-	-	-	-	chuviscarem	-	-	-	-	-	chuviscarem	-	-
cicatrizar	-	-	-	-	-	-	-	-	-	-	-	-	-	-	-	-	-	-	cicatricei	-	-	-	-	-	-	-	-	-	-	-	-	-	-	-	-	-	-	-	-	-	-	-	cicatrice	cicatricemos	cicatrices	cicatricedes	cicatrice	cicatricen	-	-	-	-	-	-	-	-	-	-	-	-	-	-	-	-	-	-	-	-
cinguir	-	-	-	-	-	-	cingo	-	-	-	-	-	-	-	-	-	-	-	-	-	-	-	-	-	-	-	-	-	-	-	-	-	-	-	-	-	-	-	-	-	-	-	cinga	cingamos	cingas	cingades	cinga	cingam	-	-	-	-	-	-	-	-	-	-	-	-	-	-	-	-	-	-	-	-
climatizar	-	-	-	-	-	-	-	-	-	-	-	-	-	-	-	-	-	-	-	-	-	-	-	-	-	-	-	-	-	-	-	-	-	-	-	-	-	-	-	-	-	-	-	-	-	-	-	climaticen	-	-	-	-	-	-	-	-	-	-	-	-	-	-	-	-	-	-	-	-
cobizar	-	-	-	-	-	-	-	-	-	-	-	-	-	-	-	-	-	-	cobicei	-	-	-	-	-	-	-	-	-	-	-	-	-	-	-	-	-	-	-	-	-	-	-	cobice	cobicemos	cobices	cobicedes	cobice	cobicen	-	-	-	-	-	-	-	-	-	-	-	-	-	-	-	-	-	-	-	-
cobrir	-	-	coberto	coberta	cobertos	cobertas	cubro	-	-	-	-	cobrem	cobria	cobríamos	cobrias	cobríades	cobria	cobriam	cobri	-	cobriche	-	-	cobriram	-	cobríramos	-	cobrírades	-	cobriram	-	-	-	-	-	cobrirám	cobriria	cobriríamos	cobririas	cobriríades	cobriria	cobririam	cubra	cubramos	cubras	cubrades	cubra	cubram	cobrisse	cobríssemos	cobrisses	cobríssedes	cobrisse	cobrissem	-	-	-	-	-	cobrirem	-	-	-	-	-	cobrirem	-	-
cocer	-	-	-	-	-	-	cozo	-	-	-	-	-	-	-	-	-	-	-	-	-	-	-	-	-	-	-	-	-	-	-	-	-	-	-	-	-	-	-	-	-	-	-	coza	cozamos	cozas	cozades	coza	cozan	-	-	-	-	-	-	-	-	-	-	-	-	-	-	-	-	-	-	-	-
codificar	-	-	-	-	-	-	-	-	-	-	-	-	-	-	-	-	-	-	codifiquei	-	-	-	-	-	-	-	-	-	-	-	-	-	-	-	-	-	-	-	-	-	-	-	codifique	codifiquemos	codifiques	codifiquedes	codifique	codifiquem	-	-	-	-	-	-	-	-	-	-	-	-	-	-	-	-	-	-	-	-
colectivizar	-	-	-	-	-	-	-	-	-	-	-	-	-	-	-	-	-	-	colectivicei	-	-	-	-	-	-	-	-	-	-	-	-	-	-	-	-	-	-	-	-	-	-	-	colectivice	colectivicemos	colectivices	colectivicedes	colectivice	colectivicen	-	-	-	-	-	-	-	-	-	-	-	-	-	-	-	-	-	-	-	-
colgar	-	-	-	-	-	-	-	-	-	-	-	-	-	-	-	-	-	-	colguei	-	-	-	-	-	-	-	-	-	-	-	-	-	-	-	-	-	-	-	-	-	-	-	colgue	colguemos	colgues	colguedes	colgue	colguem	-	-	-	-	-	-	-	-	-	-	-	-	-	-	-	-	-	-	-	-
colocar	-	-	-	-	-	-	-	-	-	-	-	-	-	-	-	-	-	-	coloquei	-	-	-	-	-	-	-	-	-	-	-	-	-	-	-	-	-	-	-	-	-	-	-	coloque	coloquemos	coloques	coloquedes	coloque	coloquem	-	-	-	-	-	-	-	-	-	-	-	-	-	-	-	-	-	-	-	-
colonizar	-	-	-	-	-	-	-	-	-	-	-	-	-	-	-	-	-	-	-	-	-	-	-	-	-	-	-	-	-	-	-	-	-	-	-	-	-	-	-	-	-	-	-	-	-	-	-	colonicen	-	-	-	-	-	-	-	-	-	-	-	-	-	-	-	-	-	-	-	-
comedir	-	-	-	-	-	-	começo	-	-	-	-	comedem	-	-	-	-	-	-	-	-	-	-	-	-	-	-	-	-	-	-	-	-	-	-	-	-	-	-	-	-	-	-	começa	começamos	começas	começais	começa	começam	-	-	-	-	-	-	-	-	-	-	-	-	-	-	-	-	-	-	-	-
comenzar	-	-	-	-	-	-	-	-	-	-	-	-	-	-	-	-	-	-	comencei	-	-	-	-	-	-	-	-	-	-	-	-	-	-	-	-	-	-	-	-	-	-	-	comence	comencemos	comences	comencedes	comence	comencen	-	-	-	-	-	-	-	-	-	-	-	-	-	-	-	-	-	-	-	-
comercializar	-	-	-	-	-	-	-	-	-	-	-	-	-	-	-	-	-	-	-	-	-	-	-	-	-	-	-	-	-	-	-	-	-	-	-	-	-	-	-	-	-	-	-	-	-	-	-	comercialicen	-	-	-	-	-	-	-	-	-	-	-	-	-	-	-	-	-	-	-	-
comezar	-	-	-	-	-	-	-	-	-	-	-	-	-	-	-	-	-	-	comecei	-	-	-	-	-	-	-	-	-	-	-	-	-	-	-	-	-	-	-	-	-	-	-	comece	comecemos	comeces	comecedes	comece	comecen	-	-	-	-	-	-	-	-	-	-	-	-	-	-	-	-	-	-	-	-
começar	-	-	-	-	-	-	-	-	-	-	-	começam	começava	começávamos	começavas	começávades	começava	começavam	comecei	-	começache	-	-	começaram	-	começáramos	-	começárades	-	começaram	-	-	-	-	-	começarám	começaria	começaríamos	começarias	começaríades	começaria	começariam	comece	comecemos	comeces	comecedes	comece	comecem	começasse	começássemos	começasses	começássedes	começasse	começassem	-	-	-	-	-	começarem	-	-	-	-	-	começarem	-	-
compangar	-	-	-	-	-	-	-	-	-	-	-	-	-	-	-	-	-	-	companguei	-	-	-	-	-	-	-	-	-	-	-	-	-	-	-	-	-	-	-	-	-	-	-	compangue	companguemos	compangues	companguedes	compangue	companguem	-	-	-	-	-	-	-	-	-	-	-	-	-	-	-	-	-	-	-	-
competir	-	-	-	-	-	-	compito	-	-	-	-	competem	-	-	-	-	-	-	-	-	-	-	-	-	-	-	-	-	-	-	-	-	-	-	-	-	-	-	-	-	-	-	compita	compitamos	compitas	compitades	compita	compitam	-	-	-	-	-	-	-	-	-	-	-	-	-	-	-	-	-	-	-	-
complicar	-	-	-	-	-	-	-	-	-	-	-	-	-	-	-	-	-	-	compliquei	-	-	-	-	-	-	-	-	-	-	-	-	-	-	-	-	-	-	-	-	-	-	-	complique	compliquemos	compliques	compliquedes	complique	compliquem	-	-	-	-	-	-	-	-	-	-	-	-	-	-	-	-	-	-	-	-
compoñer	-	-	composto	composta	compostos	compostas	-	-	compós	-	compón	-	-	-	-	-	-	-	compuxen	compuxemos	compuxeches	compuxestes	compuxo	compuxeron	compuxera	compuxeramos	compuxeras	compuxerades	compuxera	compuxeran	-	-	-	-	-	-	-	-	-	-	-	-	-	-	-	-	-	-	compuxese	compuxésemos	compuxeses	compuxésedes	compuxese	compuxesen	compuxer	compuxermos	compuxeres	compuxerdes	compuxer	compuxeren	-	-	-	-	-	-	compón	-
compracer	-	-	-	-	-	-	comprazo	-	-	-	-	-	-	-	-	-	-	-	-	-	-	-	-	-	-	-	-	-	-	-	-	-	-	-	-	-	-	-	-	-	-	-	compraza	comprazamos	comprazas	comprazades	compraza	comprazan	-	-	-	-	-	-	-	-	-	-	-	-	-	-	-	-	-	-	-	-
comunicar	-	-	-	-	-	-	-	-	-	-	-	-	-	-	-	-	-	-	comuniquei	-	-	-	-	-	-	-	-	-	-	-	-	-	-	-	-	-	-	-	-	-	-	-	comunique	comuniquemos	comuniques	comuniquedes	comunique	comuniquem	-	-	-	-	-	-	-	-	-	-	-	-	-	-	-	-	-	-	-	-
concernir	-	-	-	-	-	-	concirno	-	-	-	-	concernem	concernia	concerníamos	concernias	concerníades	-	-	concerni	-	concerniche	-	-	-	-	concerníramos	-	concernírades	-	-	-	-	-	-	-	-	concerniria	concerniríamos	concernirias	concerniríades	-	-	concirna	concirnamos	concirnas	concirnades	concirna	concirnam	concernisse	concerníssemos	concernisses	concerníssedes	-	-	-	-	-	-	-	-	-	-	-	-	-	-	-	-
concretizar	-	-	-	-	-	-	-	-	-	-	-	-	-	-	-	-	-	-	-	-	-	-	-	-	-	-	-	-	-	-	-	-	-	-	-	-	-	-	-	-	-	-	-	-	-	-	-	concreticen	-	-	-	-	-	-	-	-	-	-	-	-	-	-	-	-	-	-	-	-
conducir	-	-	-	-	-	-	conduzo	-	-	-	-	-	-	-	-	-	-	-	-	-	-	-	-	-	-	-	-	-	-	-	-	-	-	-	-	-	-	-	-	-	-	-	conduza	conduzamos	conduzas	conduzades	conduza	conduzan	-	-	-	-	-	-	-	-	-	-	-	-	-	-	-	-	-	-	-	-
conferir	-	-	-	-	-	-	confiro	-	-	-	-	conferem	-	-	-	-	-	-	-	-	-	-	-	-	-	-	-	-	-	-	-	-	-	-	-	-	-	-	-	-	-	-	confira	confiramos	confiras	confirades	confira	confiram	-	-	-	-	-	-	-	-	-	-	-	-	-	-	-	-	-	-	-	-
confessar	-	-	-	-	-	-	-	-	-	-	-	confessam	confessava	confessávamos	confessavas	confessávades	confessava	confessavam	-	-	confessache	-	-	confessaram	-	confessáramos	-	confessárades	-	confessaram	-	-	-	-	-	confessarám	confessaria	confessaríamos	confessarias	confessaríades	confessaria	confessariam	-	-	-	-	-	confessem	confessasse	confessássemos	confessasses	confessássedes	confessasse	confessassem	-	-	-	-	-	confessarem	-	-	-	-	-	confessarem	-	-
conjugar	-	-	-	-	-	-	-	-	-	-	-	conjugam	conjugava	conjugávamos	conjugavas	conjugávades	conjugava	conjugavam	conjuguei	-	conjugache	-	-	conjugaram	-	conjugáramos	-	conjugárades	-	conjugaram	-	-	-	-	-	conjugarám	conjugaria	conjugaríamos	conjugarias	conjugaríades	conjugaria	conjugariam	conjugue	conjuguemos	conjugues	conjuguedes	conjugue	conjuguem	conjugasse	conjugássemos	conjugasses	conjugássedes	conjugasse	conjugassem	-	-	-	-	-	conjugarem	-	-	-	-	-	conjugarem	-	-
conseguir	-	-	-	-	-	-	consigo	-	-	-	-	-	-	-	-	-	-	-	-	-	-	-	-	-	-	-	-	-	-	-	-	-	-	-	-	-	-	-	-	-	-	-	consiga	consigamos	consigas	consigades	consiga	consigam	-	-	-	-	-	-	-	-	-	-	-	-	-	-	-	-	-	-	-	-
consumir	-	-	-	-	-	-	-	-	consomes	-	consome	consomem	-	-	-	-	-	-	-	-	-	-	-	-	-	-	-	-	-	-	-	-	-	-	-	-	-	-	-	-	-	-	-	-	-	-	-	-	-	-	-	-	-	-	-	-	-	-	-	-	-	-	-	-	-	-	-	-
conter	-	-	-	-	-	-	contenho	-	conténs	-	contém	contenhem	continha	contiñamos	continhas	contiñades	continha	continham	contive	contivemos	contiveche	contivestes	conteve	contiveram	contivera	contiveramos	contiveras	contiverades	contivera	contiveram	-	-	-	-	-	-	-	-	-	-	-	-	contenha	contenhamos	contenhas	contenhades	contenha	contenham	contivese	contivésemos	contiveses	contivésedes	contivese	contivesen	contiver	contivermos	contiveres	contiverdes	contiver	contiverem	-	-	-	-	-	-	contém	-
contextualizar	-	-	-	-	-	-	-	-	-	-	-	-	-	-	-	-	-	-	-	-	-	-	-	-	-	-	-	-	-	-	-	-	-	-	-	-	-	-	-	-	-	-	-	-	-	-	-	contextualicen	-	-	-	-	-	-	-	-	-	-	-	-	-	-	-	-	-	-	-	-
continuar	-	-	-	-	-	-	-	-	-	-	-	continuam	-	-	-	-	-	-	-	-	-	-	-	-	-	-	-	-	-	-	-	-	-	-	-	-	-	-	-	-	-	-	-	-	-	-	-	continuem	-	-	-	-	-	-	-	-	-	-	-	-	-	-	-	-	-	-	-	-
contraatacar	-	-	-	-	-	-	-	-	-	-	-	-	-	-	-	-	-	-	contraataquei	-	-	-	-	-	-	-	-	-	-	-	-	-	-	-	-	-	-	-	-	-	-	-	contraataque	contraataquemos	contraataques	contraataquedes	contraataque	contraataquen	-	-	-	-	-	-	-	-	-	-	-	-	-	-	-	-	-	-	-	-
contradicir	-	-	contradito	contradita	contraditos	contraditas	contradigo	-	contradís	-	contradí	contradín	-	-	-	-	-	-	contradixen	contradixemos	contradixeches	contradixestes	contradixo	contradixeron	contradixera	contradixeramos	contradixeras	contradixerades	contradixera	contradixeran	contradirei	contradiremos	contradirás	contradiredes	contradirá	contradirán	contradiría	contradiriamos	contradirías	contradiriades	contradiría	contradirían	contradiga	contradigamos	contradigas	contradigades	contradiga	contradigan	contradixese	contradixésemos	contradixeses	contradixésedes	contradixese	contradixesen	contradixer	contradixermos	contradixeres	contradixerdes	contradixer	contradixeren	-	-	-	-	-	-	contradí	-
contrapoñer	-	-	contraposto	contraposta	contrapostos	contrapostas	-	-	contrapós	-	contrapón	-	-	-	-	-	-	-	contrapuxen	contrapuxemos	contrapuxeches	contrapuxestes	contrapuxo	contrapuxeron	contrapuxera	contrapuxeramos	contrapuxeras	contrapuxerades	contrapuxera	contrapuxeran	-	-	-	-	-	-	-	-	-	-	-	-	-	-	-	-	-	-	contrapuxese	contrapuxésemos	contrapuxeses	contrapuxésedes	contrapuxese	contrapuxesen	contrapuxer	contrapuxermos	contrapuxeres	contrapuxerdes	contrapuxer	contrapuxeren	-	-	-	-	-	-	contrapón	-
convir	-	-	convindo	convinda	convindos	convindas	convenho	-	convéns	-	convém	convenhem	convinha	conviñamos	convinhas	conviñades	convinha	convinham	-	conviemos	convieste	conviestes	conveio	convieram	conviera	convinhéramos	convieras	convinhérades	conviera	convieram	-	-	-	-	-	-	-	-	-	-	-	-	convenha	convenhamos	convenhas	convenhades	convenha	convenham	conviesse	convinhéssemos	conviesses	convinhéssedes	conviesse	conviessem	convier	conviermos	convieres	convierdes	convier	convierem	-	-	-	-	-	-	convém	-
convocar	-	-	-	-	-	-	-	-	-	-	-	-	-	-	-	-	-	-	convoquei	-	-	-	-	-	-	-	-	-	-	-	-	-	-	-	-	-	-	-	-	-	-	-	convoque	convoquemos	convoques	convoquedes	convoque	convoquem	-	-	-	-	-	-	-	-	-	-	-	-	-	-	-	-	-	-	-	-
conxugar	-	-	-	-	-	-	-	-	-	-	-	-	-	-	-	-	-	-	conxuguei	-	-	-	-	-	-	-	-	-	-	-	-	-	-	-	-	-	-	-	-	-	-	-	conxugue	conxuguemos	conxugues	conxuguedes	conxugue	conxuguen	-	-	-	-	-	-	-	-	-	-	-	-	-	-	-	-	-	-	-	-
coriscar	-	-	-	-	-	-	-	-	-	-	-	coriscam	coriscava	coriscávamos	coriscavas	coriscávades	-	coriscavam	corisquei	-	coriscache	-	-	coriscaram	-	coriscáramos	-	coriscárades	-	coriscaram	-	-	-	-	-	coriscarám	coriscaria	coriscaríamos	coriscarias	coriscaríades	-	coriscariam	corisque	corisquemos	corisques	corisquedes	corisque	corisquem	coriscasse	coriscássemos	coriscasses	coriscássedes	-	coriscassem	-	-	-	-	-	coriscarem	-	-	-	-	-	coriscarem	-	-
corrigir	-	-	-	-	-	-	corrijo	-	-	-	-	corrigem	corrigia	corrigíamos	corrigias	corrigíades	corrigia	corrigiam	corrigi	-	corrigiche	-	-	corrigiram	-	corrigíramos	-	corrigírades	-	corrigiram	-	-	-	-	-	corrigirám	corrigiria	corrigiríamos	corrigirias	corrigiríades	corrigiria	corrigiriam	corrija	corrijamos	corrijas	corrijades	corrija	corrijam	corrigisse	corrigíssemos	corrigisses	corrigíssedes	corrigisse	corrigissem	-	-	-	-	-	corrigirem	-	-	-	-	-	corrigirem	-	-
corroer	-	-	corroído	corroída	corroídos	corroídas	-	-	-	-	-	-	-	corroíamos	-	corroíades	-	-	-	-	corroeche	-	-	-	-	-	-	-	-	-	-	-	-	-	-	-	-	-	-	-	-	-	-	-	-	-	-	corroam	-	-	-	-	-	-	-	-	-	-	-	-	-	-	-	-	-	-	-	-
coxicar	-	-	-	-	-	-	-	-	-	-	-	-	-	-	-	-	-	-	coxiquei	-	-	-	-	-	-	-	-	-	-	-	-	-	-	-	-	-	-	-	-	-	-	-	coxique	coxiquemos	coxiques	coxiquedes	coxique	coxiquem	-	-	-	-	-	-	-	-	-	-	-	-	-	-	-	-	-	-	-	-
coxilicar	-	-	-	-	-	-	-	-	-	-	-	-	-	-	-	-	-	-	coxiliquei	-	-	-	-	-	-	-	-	-	-	-	-	-	-	-	-	-	-	-	-	-	-	-	coxilique	coxiliquemos	coxiliques	coxiliquedes	coxilique	coxiliquem	-	-	-	-	-	-	-	-	-	-	-	-	-	-	-	-	-	-	-	-
cozar	-	-	-	-	-	-	-	-	-	-	-	-	-	-	-	-	-	-	cocei	-	-	-	-	-	-	-	-	-	-	-	-	-	-	-	-	-	-	-	-	-	-	-	coce	cocemos	coces	cocedes	coce	cocen	-	-	-	-	-	-	-	-	-	-	-	-	-	-	-	-	-	-	-	-
coñecer	-	-	-	-	-	-	coñezo	-	-	-	-	-	-	-	-	-	-	-	-	-	-	-	-	-	-	-	-	-	-	-	-	-	-	-	-	-	-	-	-	-	-	-	coñeza	coñezamos	coñezas	coñezades	coñeza	coñezan	-	-	-	-	-	-	-	-	-	-	-	-	-	-	-	-	-	-	-	-
crecer	-	-	-	-	-	-	crezo	-	-	-	-	-	-	-	-	-	-	-	-	-	-	-	-	-	-	-	-	-	-	-	-	-	-	-	-	-	-	-	-	-	-	-	creza	crezamos	crezas	crezades	creza	crezan	-	-	-	-	-	-	-	-	-	-	-	-	-	-	-	-	-	-	-	-
crer	-	-	-	-	-	-	creio	-	-	-	-	-	-	-	-	-	-	-	-	-	-	-	-	-	-	-	-	-	-	-	-	-	-	-	-	-	-	-	-	-	-	-	crea	creamos	creas	creades	crea	cream	-	-	-	-	-	-	-	-	-	-	-	-	-	-	-	-	-	-	-	-
criar	-	-	-	-	-	-	-	-	-	-	-	criam	-	-	-	-	-	-	-	-	-	-	-	-	-	-	-	-	-	-	-	-	-	-	-	-	-	-	-	-	-	-	-	-	-	-	-	criem	-	-	-	-	-	-	-	-	-	-	-	-	-	-	-	-	-	-	-	-
criminalizar	-	-	-	-	-	-	-	-	-	-	-	-	-	-	-	-	-	-	-	-	-	-	-	-	-	-	-	-	-	-	-	-	-	-	-	-	-	-	-	-	-	-	-	-	-	-	-	criminalicen	-	-	-	-	-	-	-	-	-	-	-	-	-	-	-	-	-	-	-	-
cristianizar	-	-	-	-	-	-	-	-	-	-	-	-	-	-	-	-	-	-	-	-	-	-	-	-	-	-	-	-	-	-	-	-	-	-	-	-	-	-	-	-	-	-	-	-	-	-	-	cristianicen	-	-	-	-	-	-	-	-	-	-	-	-	-	-	-	-	-	-	-	-
criticar	-	-	-	-	-	-	-	-	-	-	-	-	-	-	-	-	-	-	critiquei	-	-	-	-	-	-	-	-	-	-	-	-	-	-	-	-	-	-	-	-	-	-	-	critique	critiquemos	critiques	critiquedes	critique	critiquem	-	-	-	-	-	-	-	-	-	-	-	-	-	-	-	-	-	-	-	-
crucificar	-	-	-	-	-	-	-	-	-	-	-	-	-	-	-	-	-	-	crucifiquei	-	-	-	-	-	-	-	-	-	-	-	-	-	-	-	-	-	-	-	-	-	-	-	crucifique	crucifiquemos	crucifiques	crucifiquedes	crucifique	crucifiquem	-	-	-	-	-	-	-	-	-	-	-	-	-	-	-	-	-	-	-	-
cubrir	-	-	coberto	coberta	cobertos	cobertas	-	-	cobres	-	cobre	cobren	-	-	-	-	-	-	-	-	-	-	-	-	-	-	-	-	-	-	-	-	-	-	-	-	-	-	-	-	-	-	-	-	-	-	-	-	-	-	-	-	-	-	-	-	-	-	-	-	-	-	-	-	-	-	-	-
cucar	-	-	-	-	-	-	-	-	-	-	-	-	-	-	-	-	-	-	cuquei	-	-	-	-	-	-	-	-	-	-	-	-	-	-	-	-	-	-	-	-	-	-	-	cuque	cuquemos	cuques	cuquedes	cuque	cuquem	-	-	-	-	-	-	-	-	-	-	-	-	-	-	-	-	-	-	-	-
cuincar	-	-	-	-	-	-	cuínco	-	cuíncas	-	cuínca	cuíncan	-	-	-	-	-	-	cuinquei	-	-	-	-	-	-	-	-	-	-	-	-	-	-	-	-	-	-	-	-	-	-	-	cuínque	cuinquemos	cuínques	cuinquedes	cuínque	cuínquen	-	-	-	-	-	-	-	-	-	-	-	-	-	-	-	-	-	-	cuínca	-
cuspir	-	-	-	-	-	-	-	-	cospes	-	cospe	cospem	-	-	-	-	-	-	-	-	-	-	-	-	-	-	-	-	-	-	-	-	-	-	-	-	-	-	-	-	-	-	-	-	-	-	-	-	-	-	-	-	-	-	-	-	-	-	-	-	-	-	-	-	-	-	-	-
danzar	-	-	-	-	-	-	-	-	-	-	-	-	-	-	-	-	-	-	dancei	-	-	-	-	-	-	-	-	-	-	-	-	-	-	-	-	-	-	-	-	-	-	-	dance	dancemos	dances	dancedes	dance	dancen	-	-	-	-	-	-	-	-	-	-	-	-	-	-	-	-	-	-	-	-
dar	-	-	-	-	-	-	dou	-	dás	-	dá	-	-	-	-	-	-	-	-	demos	deche	destes	deu	deram	dera	deramos	deras	derades	dera	deram	-	-	-	-	-	-	-	-	-	-	-	-	dea	-	deas	-	dea	dean	dese	désemos	deses	désedes	dese	desen	der	dermos	deres	derdes	der	derem	-	-	-	-	-	-	dá	-
debaer	-	-	debaído	debaída	debaídos	debaídas	debaio	-	-	-	-	-	-	debaïamos	-	debaïades	-	-	-	-	debaíches	-	-	-	-	-	-	-	-	-	-	-	-	-	-	-	-	-	-	-	-	-	debaia	debaiamos	debaias	debaiades	debaia	debaian	-	-	-	-	-	-	-	-	-	-	-	-	-	-	-	-	-	-	-	-
debagar	-	-	-	-	-	-	-	-	-	-	-	-	-	-	-	-	-	-	debaguei	-	-	-	-	-	-	-	-	-	-	-	-	-	-	-	-	-	-	-	-	-	-	-	debague	debaguemos	debagues	debaguedes	debague	debaguen	-	-	-	-	-	-	-	-	-	-	-	-	-	-	-	-	-	-	-	-
debruzar	-	-	-	-	-	-	-	-	-	-	-	-	-	-	-	-	-	-	debrucei	-	-	-	-	-	-	-	-	-	-	-	-	-	-	-	-	-	-	-	-	-	-	-	debruce	debrucemos	debruces	debrucedes	debruce	debrucen	-	-	-	-	-	-	-	-	-	-	-	-	-	-	-	-	-	-	-	-
decer	-	-	-	-	-	-	dezo	-	-	-	-	-	-	-	-	-	-	-	-	-	-	-	-	-	-	-	-	-	-	-	-	-	-	-	-	-	-	-	-	-	-	-	deza	dezamos	dezas	dezades	deza	dezan	-	-	-	-	-	-	-	-	-	-	-	-	-	-	-	-	-	-	-	-
decrecer	-	-	-	-	-	-	decrezo	-	-	-	-	-	-	-	-	-	-	-	-	-	-	-	-	-	-	-	-	-	-	-	-	-	-	-	-	-	-	-	-	-	-	-	decreza	decrezamos	decrezas	decrezades	decreza	decrezan	-	-	-	-	-	-	-	-	-	-	-	-	-	-	-	-	-	-	-	-
decruar	-	-	-	-	-	-	-	-	-	-	-	decruam	-	-	-	-	-	-	-	-	-	-	-	-	-	-	-	-	-	-	-	-	-	-	-	-	-	-	-	-	-	-	-	-	-	-	-	decruem	-	-	-	-	-	-	-	-	-	-	-	-	-	-	-	-	-	-	-	-
decuplicar	-	-	-	-	-	-	-	-	-	-	-	-	-	-	-	-	-	-	decupliquei	-	-	-	-	-	-	-	-	-	-	-	-	-	-	-	-	-	-	-	-	-	-	-	decuplique	decupliquemos	decupliques	decupliquedes	decuplique	decupliquem	-	-	-	-	-	-	-	-	-	-	-	-	-	-	-	-	-	-	-	-
dedicar	-	-	-	-	-	-	-	-	-	-	-	-	-	-	-	-	-	-	dediquei	-	-	-	-	-	-	-	-	-	-	-	-	-	-	-	-	-	-	-	-	-	-	-	dedique	dediquemos	dediques	dediquedes	dedique	dediquem	-	-	-	-	-	-	-	-	-	-	-	-	-	-	-	-	-	-	-	-
deducir	-	-	-	-	-	-	deduzo	-	-	-	-	-	-	-	-	-	-	-	-	-	-	-	-	-	-	-	-	-	-	-	-	-	-	-	-	-	-	-	-	-	-	-	deduza	deduzamos	deduzas	deduzades	deduza	deduzan	-	-	-	-	-	-	-	-	-	-	-	-	-	-	-	-	-	-	-	-
degenerar	-	-	-	-	-	-	-	-	-	-	-	degeneram	degenerava	degenerávamos	degeneravas	degenerávades	degenerava	degeneravam	-	-	degenerache	-	-	degeneraram	-	degeneráramos	-	degenerárades	-	degeneraram	-	-	-	-	-	degenerarám	degeneraria	degeneraríamos	degenerarias	degeneraríades	degeneraria	degenerariam	-	-	-	-	-	degenerem	degenerasse	degenerássemos	degenerasses	degenerássedes	degenerasse	degenerassem	-	-	-	-	-	degenerarem	-	-	-	-	-	degenerarem	-	-
deificar	-	-	-	-	-	-	-	-	-	-	-	-	-	-	-	-	-	-	deifiquei	-	-	-	-	-	-	-	-	-	-	-	-	-	-	-	-	-	-	-	-	-	-	-	deifique	deifiquemos	deifiques	deifiquedes	deifique	deifiquem	-	-	-	-	-	-	-	-	-	-	-	-	-	-	-	-	-	-	-	-
demarcar	-	-	-	-	-	-	-	-	-	-	-	-	-	-	-	-	-	-	demarquei	-	-	-	-	-	-	-	-	-	-	-	-	-	-	-	-	-	-	-	-	-	-	-	demarque	demarquemos	demarques	demarquedes	demarque	demarquem	-	-	-	-	-	-	-	-	-	-	-	-	-	-	-	-	-	-	-	-
democratizar	-	-	-	-	-	-	-	-	-	-	-	-	-	-	-	-	-	-	-	-	-	-	-	-	-	-	-	-	-	-	-	-	-	-	-	-	-	-	-	-	-	-	-	-	-	-	-	democraticen	-	-	-	-	-	-	-	-	-	-	-	-	-	-	-	-	-	-	-	-
demonizar	-	-	-	-	-	-	-	-	-	-	-	-	-	-	-	-	-	-	-	-	-	-	-	-	-	-	-	-	-	-	-	-	-	-	-	-	-	-	-	-	-	-	-	-	-	-	-	demonicen	-	-	-	-	-	-	-	-	-	-	-	-	-	-	-	-	-	-	-	-
demoucar	-	-	-	-	-	-	-	-	-	-	-	-	-	-	-	-	-	-	demouquei	-	-	-	-	-	-	-	-	-	-	-	-	-	-	-	-	-	-	-	-	-	-	-	demouque	demouquemos	demouques	demouquedes	demouque	demouquem	-	-	-	-	-	-	-	-	-	-	-	-	-	-	-	-	-	-	-	-
denegrir	-	-	-	-	-	-	denigro	-	denigres	-	denigre	denigrem	denegria	denegríamos	denegrias	denegríades	-	-	denegri	-	denegriche	-	-	-	-	denegríramos	-	denegrírades	-	-	-	-	-	-	-	-	denegriria	denegriríamos	denegririas	denegriríades	-	-	denigra	denigramos	denigras	denigrades	denigra	denigram	denegrisse	denegríssemos	denegrisses	denegríssedes	-	-	-	-	-	-	-	-	-	-	-	-	-	-	denigre	-
depenicar	-	-	-	-	-	-	-	-	-	-	-	-	-	-	-	-	-	-	depeniquei	-	-	-	-	-	-	-	-	-	-	-	-	-	-	-	-	-	-	-	-	-	-	-	depenique	depeniquemos	depeniques	depeniquedes	depenique	depeniquem	-	-	-	-	-	-	-	-	-	-	-	-	-	-	-	-	-	-	-	-
depoñer	-	-	deposto	deposta	depostos	depostas	-	-	depós	-	depón	-	-	-	-	-	-	-	depuxen	depuxemos	depuxeches	depuxestes	depuxo	depuxeron	depuxera	depuxeramos	depuxeras	depuxerades	depuxera	depuxeran	-	-	-	-	-	-	-	-	-	-	-	-	-	-	-	-	-	-	depuxese	depuxésemos	depuxeses	depuxésedes	depuxese	depuxesen	depuxer	depuxermos	depuxeres	depuxerdes	depuxer	depuxeren	-	-	-	-	-	-	depón	-
deprecar	-	-	-	-	-	-	-	-	-	-	-	-	-	-	-	-	-	-	deprequei	-	-	-	-	-	-	-	-	-	-	-	-	-	-	-	-	-	-	-	-	-	-	-	depreque	deprequemos	depreques	deprequedes	depreque	deprequem	-	-	-	-	-	-	-	-	-	-	-	-	-	-	-	-	-	-	-	-
derregar	-	-	-	-	-	-	-	-	-	-	-	-	-	-	-	-	-	-	derreguei	-	-	-	-	-	-	-	-	-	-	-	-	-	-	-	-	-	-	-	-	-	-	-	derregue	derreguemos	derregues	derreguedes	derregue	derreguem	-	-	-	-	-	-	-	-	-	-	-	-	-	-	-	-	-	-	-	-
derrucar	-	-	-	-	-	-	-	-	-	-	-	-	-	-	-	-	-	-	derruquei	-	-	-	-	-	-	-	-	-	-	-	-	-	-	-	-	-	-	-	-	-	-	-	derruque	derruquemos	derruques	derruquedes	derruque	derruquen	-	-	-	-	-	-	-	-	-	-	-	-	-	-	-	-	-	-	-	-
desalgar	-	-	-	-	-	-	-	-	-	-	-	-	-	-	-	-	-	-	desalguei	-	-	-	-	-	-	-	-	-	-	-	-	-	-	-	-	-	-	-	-	-	-	-	desalgue	desalguemos	desalgues	desalguedes	desalgue	desalguen	-	-	-	-	-	-	-	-	-	-	-	-	-	-	-	-	-	-	-	-
desaparecer	-	-	-	-	-	-	desaparezo	-	-	-	-	-	-	-	-	-	-	-	-	-	-	-	-	-	-	-	-	-	-	-	-	-	-	-	-	-	-	-	-	-	-	-	desapareza	desaparezamos	desaparezas	desaparezades	desapareza	desaparezan	-	-	-	-	-	-	-	-	-	-	-	-	-	-	-	-	-	-	-	-
desarraigar	-	-	-	-	-	-	-	-	-	-	-	-	-	-	-	-	-	-	desarraiguei	-	-	-	-	-	-	-	-	-	-	-	-	-	-	-	-	-	-	-	-	-	-	-	desarraigue	desarraiguemos	desarraigues	desarraiguedes	desarraigue	desarraiguem	-	-	-	-	-	-	-	-	-	-	-	-	-	-	-	-	-	-	-	-
descarbonizar	-	-	-	-	-	-	-	-	-	-	-	-	-	-	-	-	-	-	-	-	-	-	-	-	-	-	-	-	-	-	-	-	-	-	-	-	-	-	-	-	-	-	-	-	-	-	-	descarbonicen	-	-	-	-	-	-	-	-	-	-	-	-	-	-	-	-	-	-	-	-
descascar	-	-	-	-	-	-	-	-	-	-	-	-	-	-	-	-	-	-	descasquei	-	-	-	-	-	-	-	-	-	-	-	-	-	-	-	-	-	-	-	-	-	-	-	descasque	descasquemos	descasques	descasquedes	descasque	descasquem	-	-	-	-	-	-	-	-	-	-	-	-	-	-	-	-	-	-	-	-
descentralizar	-	-	-	-	-	-	-	-	-	-	-	-	-	-	-	-	-	-	-	-	-	-	-	-	-	-	-	-	-	-	-	-	-	-	-	-	-	-	-	-	-	-	-	-	-	-	-	descentralicen	-	-	-	-	-	-	-	-	-	-	-	-	-	-	-	-	-	-	-	-
deschoer	-	-	deschoído	deschoída	deschoídos	deschoídas	-	-	-	-	-	-	-	deschoíamos	-	deschoíades	-	-	-	-	deschoeche	-	-	-	-	-	-	-	-	-	-	-	-	-	-	-	-	-	-	-	-	-	-	-	-	-	-	deschoam	-	-	-	-	-	-	-	-	-	-	-	-	-	-	-	-	-	-	-	-
descobrir	-	-	descoberto	descoberta	descobertos	descobertas	descubro	-	-	-	-	descobrem	descobria	descobríamos	descobrias	descobríades	descobria	descobriam	descobri	-	descobriche	-	-	descobriram	-	descobríramos	-	descobrírades	-	descobriram	-	-	-	-	-	descobrirám	descobriria	descobriríamos	descobririas	descobriríades	descobriria	descobririam	descubra	descubramos	descubras	descubrades	descubra	descubram	descobrisse	descobríssemos	descobrisses	descobríssedes	descobrisse	descobrissem	-	-	-	-	-	descobrirem	-	-	-	-	-	descobrirem	-	-
descodificar	-	-	-	-	-	-	-	-	-	-	-	-	-	-	-	-	-	-	descodifiquei	-	-	-	-	-	-	-	-	-	-	-	-	-	-	-	-	-	-	-	-	-	-	-	descodifique	descodifiquemos	descodifiques	descodifiquedes	descodifique	descodifiquem	-	-	-	-	-	-	-	-	-	-	-	-	-	-	-	-	-	-	-	-
descomedir	-	-	-	-	-	-	descomeço	-	-	-	-	descomedem	-	-	-	-	-	-	-	-	-	-	-	-	-	-	-	-	-	-	-	-	-	-	-	-	-	-	-	-	-	-	descomeça	descomeçamos	descomeças	descomeçais	descomeça	descomeçam	-	-	-	-	-	-	-	-	-	-	-	-	-	-	-	-	-	-	-	-
descompoñer	-	-	descomposto	descomposta	descompostos	descompostas	-	-	descompós	-	descompón	-	-	-	-	-	-	-	descompuxen	descompuxemos	descompuxeches	descompuxestes	descompuxo	descompuxeron	descompuxera	descompuxeramos	descompuxeras	descompuxerades	descompuxera	descompuxeran	-	-	-	-	-	-	-	-	-	-	-	-	-	-	-	-	-	-	descompuxese	descompuxésemos	descompuxeses	descompuxésedes	descompuxese	descompuxesen	descompuxer	descompuxermos	descompuxeres	descompuxerdes	descompuxer	descompuxeren	-	-	-	-	-	-	descompón	-
descontextualizar	-	-	-	-	-	-	-	-	-	-	-	-	-	-	-	-	-	-	-	-	-	-	-	-	-	-	-	-	-	-	-	-	-	-	-	-	-	-	-	-	-	-	-	-	-	-	-	descontextualicen	-	-	-	-	-	-	-	-	-	-	-	-	-	-	-	-	-	-	-	-
desconvocar	-	-	-	-	-	-	-	-	-	-	-	-	-	-	-	-	-	-	desconvoquei	-	-	-	-	-	-	-	-	-	-	-	-	-	-	-	-	-	-	-	-	-	-	-	desconvoque	desconvoquemos	desconvoques	desconvoquedes	desconvoque	desconvoquem	-	-	-	-	-	-	-	-	-	-	-	-	-	-	-	-	-	-	-	-
descrer	-	-	-	-	-	-	descreio	-	descrés	-	descré	descreem	-	-	-	-	-	-	-	-	-	-	-	-	-	-	-	-	-	-	-	-	-	-	-	-	-	-	-	-	-	-	descrea	descreamos	descreas	descreades	descrea	descream	-	-	-	-	-	-	-	-	-	-	-	-	-	-	-	-	-	-	descré	-
descrever	-	-	descrito	descrita	descritos	descritas	-	-	-	-	-	descrevem	descrevia	descrevíamos	descrevias	descrevíades	descrevia	descreviam	descrevi	-	descreveche	-	-	descreveram	-	descrevêramos	-	descrevêrades	-	descreveram	-	-	-	-	-	descreverám	descreveria	descreveríamos	descreverias	descreveríades	descreveria	descreveriam	-	-	-	-	-	descrevam	descrevesse	descrevêssemos	descrevesses	descrevêssedes	descrevesse	descrevessem	-	-	-	-	-	descreverem	-	-	-	-	-	descreverem	-	-
describir	-	-	descrito	descrita	descritos	descritas	-	-	-	-	-	-	-	-	-	-	-	-	-	-	-	-	-	-	-	-	-	-	-	-	-	-	-	-	-	-	-	-	-	-	-	-	-	-	-	-	-	-	-	-	-	-	-	-	-	-	-	-	-	-	-	-	-	-	-	-	-	-
descubrir	-	-	descoberto	descoberta	descobertos	descobertas	-	-	descobres	-	descobre	descobren	-	-	-	-	-	-	-	-	-	-	-	-	-	-	-	-	-	-	-	-	-	-	-	-	-	-	-	-	-	-	-	-	-	-	-	-	-	-	-	-	-	-	-	-	-	-	-	-	-	-	-	-	-	-	-	-
desejar	-	-	-	-	-	-	-	-	-	-	-	desejam	desejava	desejávamos	desejavas	desejávades	desejava	desejavam	-	-	desejache	-	-	desejaram	-	desejáramos	-	desejárades	-	desejaram	-	-	-	-	-	desejarám	desejaria	desejaríamos	desejarias	desejaríades	desejaria	desejariam	-	-	-	-	-	desejem	desejasse	desejássemos	desejasses	desejássedes	desejasse	desejassem	-	-	-	-	-	desejarem	-	-	-	-	-	desejarem	-	-
desembargar	-	-	-	-	-	-	-	-	-	-	-	-	-	-	-	-	-	-	desembarguei	-	-	-	-	-	-	-	-	-	-	-	-	-	-	-	-	-	-	-	-	-	-	-	desembargue	desembarguemos	desembargues	desembarguedes	desembargue	desembarguem	-	-	-	-	-	-	-	-	-	-	-	-	-	-	-	-	-	-	-	-
desfacer	-	-	desfeito	desfeita	desfeitos	desfeitas	desfago	-	desfás	-	desfai	desfán	-	-	-	-	-	-	desfixen	desfixemos	desfixeches	desfixestes	desfixo	desfixeron	desfixera	desfixeramos	desfixeras	desfixerades	desfixera	desfixeran	desfarei	desfaremos	desfarás	desfaredes	desfará	desfarán	desfaría	desfariamos	desfarías	desfariades	desfaría	desfarían	desfaga	desfagamos	desfagas	desfagades	desfaga	desfagan	desfixese	desfixésemos	desfixeses	desfixésedes	desfixese	desfixesen	desfixer	desfixermos	desfixeres	desfixerdes	desfixer	desfixeren	-	-	-	-	-	-	desfai	-
desfalecer	-	-	-	-	-	-	desfalezo	-	-	-	-	-	-	-	-	-	-	-	-	-	-	-	-	-	-	-	-	-	-	-	-	-	-	-	-	-	-	-	-	-	-	-	desfaleza	desfalezamos	desfalezas	desfalezades	desfaleza	desfalezan	-	-	-	-	-	-	-	-	-	-	-	-	-	-	-	-	-	-	-	-
desfavorecer	-	-	-	-	-	-	desfavorezo	-	-	-	-	-	-	-	-	-	-	-	-	-	-	-	-	-	-	-	-	-	-	-	-	-	-	-	-	-	-	-	-	-	-	-	desfavoreza	desfavorezamos	desfavorezas	desfavorezades	desfavoreza	desfavorezan	-	-	-	-	-	-	-	-	-	-	-	-	-	-	-	-	-	-	-	-
desfazer	-	-	desfeito	desfeita	desfeitos	desfeitas	desfago	-	-	-	desfai	desfam	desfazia	desfazíamos	desfazias	desfazíades	desfazia	desfaziam	desfigem	desfigemos	desfigeche	desfigestes	desfez	desfigérom	desfigera	desfigéramos	desfigeras	desfigérades	desfigera	desfigeram	desfarei	desfaremos	desfarás	desfaredes	desfará	desfarám	desfaria	desfaríamos	desfarias	desfaríades	desfaria	desfariam	desfaga	desfagamos	desfagas	desfagades	desfaga	desfagam	desfigesse	desfigéssemos	desfigesses	desfigéssedes	desfigesse	desfigessem	desfiger	desfigermos	desfigeres	desfigerdes	desfiger	desfigerem	-	-	-	-	-	desfazerem	desfai	-
desfiar	-	-	-	-	-	-	-	-	-	-	-	desfiam	-	-	-	-	-	-	-	-	-	-	-	-	-	-	-	-	-	-	-	-	-	-	-	-	-	-	-	-	-	-	-	-	-	-	-	desfiem	-	-	-	-	-	-	-	-	-	-	-	-	-	-	-	-	-	-	-	-
deshumanizar	-	-	-	-	-	-	-	-	-	-	-	-	-	-	-	-	-	-	deshumanicei	-	-	-	-	-	-	-	-	-	-	-	-	-	-	-	-	-	-	-	-	-	-	-	deshumanice	deshumanicemos	deshumanices	deshumanicedes	deshumanice	deshumanicen	-	-	-	-	-	-	-	-	-	-	-	-	-	-	-	-	-	-	-	-
deshumidificar	-	-	-	-	-	-	-	-	-	-	-	-	-	-	-	-	-	-	deshumidifiquei	-	-	-	-	-	-	-	-	-	-	-	-	-	-	-	-	-	-	-	-	-	-	-	deshumidifique	deshumidifiquemos	deshumidifiques	deshumidifiquedes	deshumidifique	deshumidifiquen	-	-	-	-	-	-	-	-	-	-	-	-	-	-	-	-	-	-	-	-
desindustrializar	-	-	-	-	-	-	-	-	-	-	-	-	-	-	-	-	-	-	-	-	-	-	-	-	-	-	-	-	-	-	-	-	-	-	-	-	-	-	-	-	-	-	-	-	-	-	-	desindustrialicen	-	-	-	-	-	-	-	-	-	-	-	-	-	-	-	-	-	-	-	-
desleigar	-	-	-	-	-	-	-	-	-	-	-	-	-	-	-	-	-	-	desleiguei	-	-	-	-	-	-	-	-	-	-	-	-	-	-	-	-	-	-	-	-	-	-	-	desleigue	desleiguemos	desleigues	desleiguedes	desleigue	desleiguem	-	-	-	-	-	-	-	-	-	-	-	-	-	-	-	-	-	-	-	-
desmilitarizar	-	-	-	-	-	-	-	-	-	-	-	-	-	-	-	-	-	-	-	-	-	-	-	-	-	-	-	-	-	-	-	-	-	-	-	-	-	-	-	-	-	-	-	-	-	-	-	desmilitaricen	-	-	-	-	-	-	-	-	-	-	-	-	-	-	-	-	-	-	-	-
desmobilizar	-	-	-	-	-	-	-	-	-	-	-	-	-	-	-	-	-	-	-	-	-	-	-	-	-	-	-	-	-	-	-	-	-	-	-	-	-	-	-	-	-	-	-	-	-	-	-	desmobilicen	-	-	-	-	-	-	-	-	-	-	-	-	-	-	-	-	-	-	-	-
desmonetizar	-	-	-	-	-	-	-	-	-	-	-	-	-	-	-	-	-	-	-	-	-	-	-	-	-	-	-	-	-	-	-	-	-	-	-	-	-	-	-	-	-	-	-	-	-	-	-	desmoneticen	-	-	-	-	-	-	-	-	-	-	-	-	-	-	-	-	-	-	-	-
desmoralizar	-	-	-	-	-	-	-	-	-	-	-	-	-	-	-	-	-	-	desmoralicei	-	-	-	-	-	-	-	-	-	-	-	-	-	-	-	-	-	-	-	-	-	-	-	desmoralice	desmoralicemos	desmoralices	desmoralicedes	desmoralice	desmoralicen	-	-	-	-	-	-	-	-	-	-	-	-	-	-	-	-	-	-	-	-
desobedecer	-	-	-	-	-	-	desobedezo	-	-	-	-	-	-	-	-	-	-	-	-	-	-	-	-	-	-	-	-	-	-	-	-	-	-	-	-	-	-	-	-	-	-	-	desobedeza	desobedezamos	desobedezas	desobedezades	desobedeza	desobedezan	-	-	-	-	-	-	-	-	-	-	-	-	-	-	-	-	-	-	-	-
despedir	-	-	-	-	-	-	despeço	-	-	-	-	despedem	-	-	-	-	-	-	-	-	-	-	-	-	-	-	-	-	-	-	-	-	-	-	-	-	-	-	-	-	-	-	despeça	despeçamos	despeças	despeçais	despeça	despeçam	-	-	-	-	-	-	-	-	-	-	-	-	-	-	-	-	-	-	-	-
despolitizar	-	-	-	-	-	-	-	-	-	-	-	-	-	-	-	-	-	-	-	-	-	-	-	-	-	-	-	-	-	-	-	-	-	-	-	-	-	-	-	-	-	-	-	-	-	-	-	despoliticen	-	-	-	-	-	-	-	-	-	-	-	-	-	-	-	-	-	-	-	-
despregar	-	-	-	-	-	-	-	-	-	-	-	-	-	-	-	-	-	-	despreguei	-	-	-	-	-	-	-	-	-	-	-	-	-	-	-	-	-	-	-	-	-	-	-	despregue	despreguemos	despregues	despreguedes	despregue	despreguem	-	-	-	-	-	-	-	-	-	-	-	-	-	-	-	-	-	-	-	-
despresurizar	-	-	-	-	-	-	-	-	-	-	-	-	-	-	-	-	-	-	despresuricei	-	-	-	-	-	-	-	-	-	-	-	-	-	-	-	-	-	-	-	-	-	-	-	despresurice	despresuricemos	despresurices	despresuricedes	despresurice	despresuricen	-	-	-	-	-	-	-	-	-	-	-	-	-	-	-	-	-	-	-	-
desprezar	-	-	-	-	-	-	-	-	-	-	-	-	-	-	-	-	-	-	-	-	-	-	-	-	-	-	-	-	-	-	-	-	-	-	-	-	-	-	-	-	-	-	-	-	-	-	-	desprecen	-	-	-	-	-	-	-	-	-	-	-	-	-	-	-	-	-	-	-	-
desvariar	-	-	-	-	-	-	-	-	-	-	-	desvariam	-	-	-	-	-	-	-	-	-	-	-	-	-	-	-	-	-	-	-	-	-	-	-	-	-	-	-	-	-	-	-	-	-	-	-	desvariem	-	-	-	-	-	-	-	-	-	-	-	-	-	-	-	-	-	-	-	-
desvirtuar	-	-	-	-	-	-	-	-	-	-	-	desvirtuam	-	-	-	-	-	-	-	-	-	-	-	-	-	-	-	-	-	-	-	-	-	-	-	-	-	-	-	-	-	-	-	-	-	-	-	desvirtuem	-	-	-	-	-	-	-	-	-	-	-	-	-	-	-	-	-	-	-	-
desxudicializar	-	-	-	-	-	-	-	-	-	-	-	-	-	-	-	-	-	-	desxudicialicei	-	-	-	-	-	-	-	-	-	-	-	-	-	-	-	-	-	-	-	-	-	-	-	desxudicialice	desxudicialicemos	desxudicialices	desxudicialicedes	desxudicialice	desxudicialicen	-	-	-	-	-	-	-	-	-	-	-	-	-	-	-	-	-	-	-	-
deter	-	-	-	-	-	-	detenho	-	deténs	-	detém	detenhem	detinha	detiñamos	detinhas	detiñades	detinha	detinham	detive	detivemos	detiveche	detivestes	deteve	detiveram	detivera	detiveramos	detiveras	detiverades	detivera	detiveram	-	-	-	-	-	-	-	-	-	-	-	-	detenha	detenhamos	detenhas	detenhades	detenha	detenham	detivese	detivésemos	detiveses	detivésedes	detivese	detivesen	detiver	detivermos	detiveres	detiverdes	detiver	detiverem	-	-	-	-	-	-	detém	-
devecer	-	-	-	-	-	-	devezo	-	-	-	-	-	-	-	-	-	-	-	-	-	-	-	-	-	-	-	-	-	-	-	-	-	-	-	-	-	-	-	-	-	-	-	deveza	devezamos	devezas	devezades	deveza	devezan	-	-	-	-	-	-	-	-	-	-	-	-	-	-	-	-	-	-	-	-
dever	-	-	-	-	-	-	-	-	-	-	-	devem	devia	devíamos	devias	devíades	devia	deviam	devi	-	deveche	-	-	deveram	-	devêramos	-	devêrades	-	deveram	-	-	-	-	-	deverám	deveria	deveríamos	deverias	deveríades	deveria	deveriam	-	-	-	-	-	devam	devesse	devêssemos	devesses	devêssedes	devesse	devessem	-	-	-	-	-	deverem	-	-	-	-	-	deverem	-	-
devir	-	-	devindo	devinda	devindos	devindas	devenho	-	devéns	-	devém	devenhem	devinha	deviñamos	devinhas	deviñades	devinha	devinham	-	deviemos	devieste	deviestes	deveio	devieram	deviera	devinhéramos	devieras	devinhérades	deviera	devieram	-	-	-	-	-	-	-	-	-	-	-	-	devenha	devenhamos	devenhas	devenhades	devenha	devenham	deviesse	devinhéssemos	deviesses	devinhéssedes	deviesse	deviessem	devier	deviermos	devieres	devierdes	devier	devierem	-	-	-	-	-	-	devém	-
dicir	-	-	dito	dita	ditos	ditas	digo	-	dis	-	di	din	-	-	-	-	-	-	dixen	dixemos	dixeches	dixestes	dixo	dixeron	dixera	dixeramos	dixeras	dixerades	dixera	dixeran	direi	diremos	dirás	diredes	dirá	dirán	diría	diriamos	dirías	diriades	diría	dirían	diga	digamos	digas	digades	diga	digan	dixese	dixésemos	dixeses	dixésedes	dixese	dixesen	dixer	dixermos	dixeres	dixerdes	dixer	dixeren	-	-	-	-	-	-	di	-
diferir	-	-	-	-	-	-	difiro	-	-	-	-	diferem	-	-	-	-	-	-	-	-	-	-	-	-	-	-	-	-	-	-	-	-	-	-	-	-	-	-	-	-	-	-	difira	difiramos	difiras	difirades	difira	difiram	-	-	-	-	-	-	-	-	-	-	-	-	-	-	-	-	-	-	-	-
dirigir	-	-	-	-	-	-	dirijo	-	-	-	-	dirigem	dirigia	dirigíamos	dirigias	dirigíades	dirigia	dirigiam	dirigi	-	dirigiche	-	-	dirigiram	-	dirigíramos	-	dirigírades	-	dirigiram	-	-	-	-	-	dirigirám	dirigiria	dirigiríamos	dirigirias	dirigiríades	dirigiria	dirigiriam	dirija	dirijamos	dirijas	dirijades	dirija	dirijam	dirigisse	dirigíssemos	dirigisses	dirigíssedes	dirigisse	dirigissem	-	-	-	-	-	dirigirem	-	-	-	-	-	dirigirem	-	-
discernir	-	-	-	-	-	-	discirno	-	-	-	-	discernem	-	-	-	-	-	-	-	-	-	-	-	-	-	-	-	-	-	-	-	-	-	-	-	-	-	-	-	-	-	-	discirna	discirnamos	discirnas	discirnades	discirna	discirnam	-	-	-	-	-	-	-	-	-	-	-	-	-	-	-	-	-	-	-	-
disentir	-	-	-	-	-	-	disinto	-	-	-	-	-	-	-	-	-	-	-	-	-	-	-	-	-	-	-	-	-	-	-	-	-	-	-	-	-	-	-	-	-	-	-	disinta	disintamos	disintas	disintades	disinta	disintan	-	-	-	-	-	-	-	-	-	-	-	-	-	-	-	-	-	-	disinte	-
dispoñer	-	-	disposto	disposta	dispostos	dispostas	-	-	dispós	-	dispón	-	-	-	-	-	-	-	dispuxen	dispuxemos	dispuxeches	dispuxestes	dispuxo	dispuxeron	dispuxera	dispuxeramos	dispuxeras	dispuxerades	dispuxera	dispuxeran	-	-	-	-	-	-	-	-	-	-	-	-	-	-	-	-	-	-	dispuxese	dispuxésemos	dispuxeses	dispuxésedes	dispuxese	dispuxesen	dispuxer	dispuxermos	dispuxeres	dispuxerdes	dispuxer	dispuxeren	-	-	-	-	-	-	dispón	-
dissentir	-	-	-	-	-	-	dissinto	-	-	-	-	dissentem	dissentia	dissentíamos	dissentias	dissentíades	dissentia	dissentiam	dissenti	-	dissentiche	-	-	dissentiram	-	dissentíramos	-	dissentírades	-	dissentiram	-	-	-	-	-	dissentirám	dissentiria	dissentiríamos	dissentirias	dissentiríades	dissentiria	dissentiriam	dissinta	dissintamos	dissintas	dissintades	dissinta	dissintam	dissentisse	dissentíssemos	dissentisses	dissentíssedes	dissentisse	dissentissem	-	-	-	-	-	dissentirem	-	-	-	-	-	dissentirem	-	-
distinguir	-	-	-	-	-	-	distingo	-	-	-	-	-	-	-	-	-	-	-	-	-	-	-	-	-	-	-	-	-	-	-	-	-	-	-	-	-	-	-	-	-	-	-	distinga	distingamos	distingas	distingades	distinga	distingam	-	-	-	-	-	-	-	-	-	-	-	-	-	-	-	-	-	-	-	-
distraer	-	-	distraído	distraída	distraídos	distraídas	distraio	-	-	-	-	-	-	distraïamos	-	distraïades	-	-	-	-	distraíches	-	-	-	-	-	-	-	-	-	-	-	-	-	-	-	-	-	-	-	-	-	distraia	distraiamos	distraias	distraiades	distraia	distraian	-	-	-	-	-	-	-	-	-	-	-	-	-	-	-	-	-	-	-	-
distrair	-	-	distraído	distraída	distraídos	distraídas	distraio	distraímos	distrais	distraídes	distrai	distraem	-	distraíamos	-	distraíades	-	distraíam	distraim	distraímos	distraíche	distraístes	-	distraíram	distraíra	distraíramos	distraíras	distraírades	distraíra	distraíram	-	-	-	-	-	distrairám	distrairia	distrairíamos	distrairias	distrairíades	distrairia	distrairiam	distraia	distraiamos	distraias	distraiades	distraia	distraiam	distraísse	distraíssemos	distraísses	distraíssedes	distraísse	distraíssem	-	-	distraíres	-	-	distraírem	-	-	distraíres	-	-	distraírem	distrai	distraí
distribuir	-	-	distribuído	distribuída	distribuídos	distribuídas	-	distribuímos	distribuis	distribuídes	distribui	distribuem	-	distribuíamos	-	distribuíades	-	distribuíam	distribuim	distribuímos	distribuíche	distribuístes	-	distribuíram	distribuíra	distribuíramos	distribuíras	distribuírades	distribuíra	distribuíram	-	-	-	-	-	distribuirám	distribuiria	distribuiríamos	distribuirias	distribuiríades	distribuiria	distribuiriam	-	-	-	-	-	distribuam	distribuísse	distribuíssemos	distribuísses	distribuíssedes	distribuísse	distribuíssem	-	-	distribuíres	-	-	distribuírem	-	-	distribuíres	-	-	distribuírem	distribui	distribuí
divertir	-	-	-	-	-	-	divirto	-	-	-	-	divertem	-	-	-	-	-	-	-	-	-	-	-	-	-	-	-	-	-	-	-	-	-	-	-	-	-	-	-	-	-	-	divirta	divirtamos	divirtas	divirtades	divirta	divirtam	-	-	-	-	-	-	-	-	-	-	-	-	-	-	-	-	-	-	-	-
dixerir	-	-	-	-	-	-	dixiro	-	dixires	-	dixire	dixiren	-	-	-	-	-	-	-	-	-	-	-	-	-	-	-	-	-	-	-	-	-	-	-	-	-	-	-	-	-	-	dixira	dixiramos	dixiras	dixirades	dixira	dixiran	-	-	-	-	-	-	-	-	-	-	-	-	-	-	-	-	-	-	dixire	-
dixitalizar	-	-	-	-	-	-	-	-	-	-	-	-	-	-	-	-	-	-	dixitalicei	-	-	-	-	-	-	-	-	-	-	-	-	-	-	-	-	-	-	-	-	-	-	-	dixitalice	dixitalicemos	dixitalices	dixitalicedes	dixitalice	dixitalicen	-	-	-	-	-	-	-	-	-	-	-	-	-	-	-	-	-	-	-	-
dizer	-	-	dito	dita	ditos	ditas	digo	-	-	-	di	dim	dizia	dizíamos	dizias	dizíades	dizia	diziam	disse	dissemos	disseste	dissestes	disse	disseram	dissera	disséramos	disseras	disséreis	dissera	disseram	direi	diremos	dirás	diredes	dirá	dirám	diria	diríamos	dirias	diríades	diria	diriam	diga	digamos	digas	digades	diga	digam	dissesse	disséssemos	dissesses	dissésseis	dissesse	dissessem	disser	dissermos	disseres	disserdes	disser	disserem	-	-	-	-	-	dizerem	di	-
doer	-	-	doído	doída	doídos	doídas	-	-	-	-	-	-	-	doíamos	-	doíades	-	-	-	-	doeche	-	-	-	-	-	-	-	-	-	-	-	-	-	-	-	-	-	-	-	-	-	-	-	-	-	-	doam	-	-	-	-	-	-	-	-	-	-	-	-	-	-	-	-	-	-	-	-
dolarizar	-	-	-	-	-	-	-	-	-	-	-	-	-	-	-	-	-	-	-	-	-	-	-	-	-	-	-	-	-	-	-	-	-	-	-	-	-	-	-	-	-	-	-	-	-	-	-	dolaricen	-	-	-	-	-	-	-	-	-	-	-	-	-	-	-	-	-	-	-	-
domesticar	-	-	-	-	-	-	-	-	-	-	-	-	-	-	-	-	-	-	domestiquei	-	-	-	-	-	-	-	-	-	-	-	-	-	-	-	-	-	-	-	-	-	-	-	domestique	domestiquemos	domestiques	domestiquedes	domestique	domestiquem	-	-	-	-	-	-	-	-	-	-	-	-	-	-	-	-	-	-	-	-
dormir	-	-	-	-	-	-	durmo	-	-	-	-	dormem	dormia	dormíamos	dormias	dormíades	dormia	dormiam	dormi	-	dormiche	-	-	dormiram	-	dormíramos	-	dormírades	-	dormiram	-	-	-	-	-	dormirám	dormiria	dormiríamos	dormirias	dormiríades	dormiria	dormiriam	durma	durmamos	durmas	durmades	durma	durmam	dormisse	dormíssemos	dormisses	dormíssedes	dormisse	dormissem	-	-	-	-	-	dormirem	-	-	-	-	-	dormirem	-	-
drogar	-	-	-	-	-	-	-	-	-	-	-	-	-	-	-	-	-	-	droguei	-	-	-	-	-	-	-	-	-	-	-	-	-	-	-	-	-	-	-	-	-	-	-	drogue	droguemos	drogues	droguedes	drogue	droguen	-	-	-	-	-	-	-	-	-	-	-	-	-	-	-	-	-	-	-	-
duplicar	-	-	-	-	-	-	-	-	-	-	-	-	-	-	-	-	-	-	dupliquei	-	-	-	-	-	-	-	-	-	-	-	-	-	-	-	-	-	-	-	-	-	-	-	duplique	dupliquemos	dupliques	dupliquedes	duplique	dupliquem	-	-	-	-	-	-	-	-	-	-	-	-	-	-	-	-	-	-	-	-
durmir	-	-	-	-	-	-	-	-	dormes	-	dorme	dormen	-	-	-	-	-	-	-	-	-	-	-	-	-	-	-	-	-	-	-	-	-	-	-	-	-	-	-	-	-	-	-	-	-	-	-	-	-	-	-	-	-	-	-	-	-	-	-	-	-	-	-	-	-	-	-	-
edificar	-	-	-	-	-	-	-	-	-	-	-	-	-	-	-	-	-	-	edifiquei	-	-	-	-	-	-	-	-	-	-	-	-	-	-	-	-	-	-	-	-	-	-	-	edifique	edifiquemos	edifiques	edifiquedes	edifique	edifiquem	-	-	-	-	-	-	-	-	-	-	-	-	-	-	-	-	-	-	-	-
educar	-	-	-	-	-	-	-	-	-	-	-	-	-	-	-	-	-	-	eduquei	-	-	-	-	-	-	-	-	-	-	-	-	-	-	-	-	-	-	-	-	-	-	-	eduque	eduquemos	eduques	eduquedes	eduque	eduquem	-	-	-	-	-	-	-	-	-	-	-	-	-	-	-	-	-	-	-	-
electrificar	-	-	-	-	-	-	-	-	-	-	-	-	-	-	-	-	-	-	electrifiquei	-	-	-	-	-	-	-	-	-	-	-	-	-	-	-	-	-	-	-	-	-	-	-	electrifique	electrifiquemos	electrifiques	electrifiquedes	electrifique	electrifiquen	-	-	-	-	-	-	-	-	-	-	-	-	-	-	-	-	-	-	-	-
embazar	-	-	-	-	-	-	-	-	-	-	-	-	-	-	-	-	-	-	embacei	-	-	-	-	-	-	-	-	-	-	-	-	-	-	-	-	-	-	-	-	-	-	-	embace	embacemos	embaces	embacedes	embace	embacen	-	-	-	-	-	-	-	-	-	-	-	-	-	-	-	-	-	-	-	-
embelecar	-	-	-	-	-	-	-	-	-	-	-	-	-	-	-	-	-	-	embelequei	-	-	-	-	-	-	-	-	-	-	-	-	-	-	-	-	-	-	-	-	-	-	-	embeleque	embelequemos	embeleques	embelequedes	embeleque	embelequem	-	-	-	-	-	-	-	-	-	-	-	-	-	-	-	-	-	-	-	-
embriagar	-	-	-	-	-	-	-	-	-	-	-	-	-	-	-	-	-	-	embriaguei	-	-	-	-	-	-	-	-	-	-	-	-	-	-	-	-	-	-	-	-	-	-	-	embriague	embriaguemos	embriagues	embriaguedes	embriague	embriaguem	-	-	-	-	-	-	-	-	-	-	-	-	-	-	-	-	-	-	-	-
embuligar	-	-	-	-	-	-	-	-	-	-	-	-	-	-	-	-	-	-	embuliguei	-	-	-	-	-	-	-	-	-	-	-	-	-	-	-	-	-	-	-	-	-	-	-	embuligue	embuliguemos	embuligues	embuliguedes	embuligue	embuliguem	-	-	-	-	-	-	-	-	-	-	-	-	-	-	-	-	-	-	-	-
empecer	-	-	-	-	-	-	empezo	-	-	-	-	-	-	-	-	-	-	-	-	-	-	-	-	-	-	-	-	-	-	-	-	-	-	-	-	-	-	-	-	-	-	-	empeza	empezamos	empezas	empezades	empeza	empezan	-	-	-	-	-	-	-	-	-	-	-	-	-	-	-	-	-	-	-	-
empequenecer	-	-	-	-	-	-	empequenezo	-	-	-	-	-	-	-	-	-	-	-	-	-	-	-	-	-	-	-	-	-	-	-	-	-	-	-	-	-	-	-	-	-	-	-	empequeneza	empequenezamos	empequenezas	empequenezades	empequeneza	empequenezan	-	-	-	-	-	-	-	-	-	-	-	-	-	-	-	-	-	-	-	-
empezar	-	-	-	-	-	-	-	-	-	-	-	-	-	-	-	-	-	-	empecei	-	-	-	-	-	-	-	-	-	-	-	-	-	-	-	-	-	-	-	-	-	-	-	empece	empecemos	empeces	empecedes	empece	empecen	-	-	-	-	-	-	-	-	-	-	-	-	-	-	-	-	-	-	-	-
empeçar	-	-	-	-	-	-	-	-	-	-	-	empeçam	empeçava	empeçávamos	empeçavas	empeçávades	empeçava	empeçavam	empecei	-	empeçache	-	-	empeçaram	-	empeçáramos	-	empeçárades	-	empeçaram	-	-	-	-	-	empeçarám	empeçaria	empeçaríamos	empeçarias	empeçaríades	empeçaria	empeçariam	empece	empecemos	empeces	empecedes	empece	empecem	empeçasse	empeçássemos	empeçasses	empeçássedes	empeçasse	empeçassem	-	-	-	-	-	empeçarem	-	-	-	-	-	empeçarem	-	-
emporcar	-	-	-	-	-	-	-	-	-	-	-	-	-	-	-	-	-	-	emporquei	-	-	-	-	-	-	-	-	-	-	-	-	-	-	-	-	-	-	-	-	-	-	-	emporque	emporquemos	emporques	emporquedes	emporque	emporquem	-	-	-	-	-	-	-	-	-	-	-	-	-	-	-	-	-	-	-	-
empregar	-	-	-	-	-	-	-	-	-	-	-	-	-	-	-	-	-	-	empreguei	-	-	-	-	-	-	-	-	-	-	-	-	-	-	-	-	-	-	-	-	-	-	-	empregue	empreguemos	empregues	empreguedes	empregue	empreguem	-	-	-	-	-	-	-	-	-	-	-	-	-	-	-	-	-	-	-	-
encalcar	-	-	-	-	-	-	-	-	-	-	-	-	-	-	-	-	-	-	encalquei	-	-	-	-	-	-	-	-	-	-	-	-	-	-	-	-	-	-	-	-	-	-	-	encalque	encalquemos	encalques	encalquedes	encalque	encalquem	-	-	-	-	-	-	-	-	-	-	-	-	-	-	-	-	-	-	-	-
encampecer	-	-	-	-	-	-	encampezo	-	-	-	-	-	-	-	-	-	-	-	-	-	-	-	-	-	-	-	-	-	-	-	-	-	-	-	-	-	-	-	-	-	-	-	encampeza	encampezamos	encampezas	encampezades	encampeza	encampezan	-	-	-	-	-	-	-	-	-	-	-	-	-	-	-	-	-	-	-	-
encargar	-	-	-	-	-	-	-	-	-	-	-	-	-	-	-	-	-	-	encarguei	-	-	-	-	-	-	-	-	-	-	-	-	-	-	-	-	-	-	-	-	-	-	-	encargue	encarguemos	encargues	encarguedes	encargue	encarguem	-	-	-	-	-	-	-	-	-	-	-	-	-	-	-	-	-	-	-	-
encharcar	-	-	-	-	-	-	-	-	-	-	-	-	-	-	-	-	-	-	encharquei	-	-	-	-	-	-	-	-	-	-	-	-	-	-	-	-	-	-	-	-	-	-	-	encharque	encharquemos	encharques	encharquedes	encharque	encharquen	-	-	-	-	-	-	-	-	-	-	-	-	-	-	-	-	-	-	-	-
encruar	-	-	-	-	-	-	-	-	-	-	-	encruam	-	-	-	-	-	-	-	-	-	-	-	-	-	-	-	-	-	-	-	-	-	-	-	-	-	-	-	-	-	-	-	-	-	-	-	encruem	-	-	-	-	-	-	-	-	-	-	-	-	-	-	-	-	-	-	-	-
encruzilhar	-	-	-	-	-	-	-	-	-	-	-	encruzilham	encruzilhava	encruzilhávamos	encruzilhavas	encruzilhávades	encruzilhava	encruzilhavam	-	-	encruzilhache	-	-	encruzilharam	-	encruzilháramos	-	encruzilhárades	-	encruzilharam	-	-	-	-	-	encruzilharám	encruzilharia	encruzilharíamos	encruzilharias	encruzilharíades	encruzilharia	encruzilhariam	-	-	-	-	-	encruzilhem	encruzilhasse	encruzilhássemos	encruzilhasses	encruzilhássedes	encruzilhasse	encruzilhassem	-	-	-	-	-	encruzilharem	-	-	-	-	-	encruzilharem	-	-
endegar	-	-	-	-	-	-	-	-	-	-	-	-	-	-	-	-	-	-	endeguei	-	-	-	-	-	-	-	-	-	-	-	-	-	-	-	-	-	-	-	-	-	-	-	endegue	endeguemos	endegues	endeguedes	endegue	endeguem	-	-	-	-	-	-	-	-	-	-	-	-	-	-	-	-	-	-	-	-
enderezar	-	-	-	-	-	-	-	-	-	-	-	-	-	-	-	-	-	-	enderecei	-	-	-	-	-	-	-	-	-	-	-	-	-	-	-	-	-	-	-	-	-	-	-	enderece	enderecemos	endereces	enderecedes	enderece	enderecen	-	-	-	-	-	-	-	-	-	-	-	-	-	-	-	-	-	-	-	-
endrogar	-	-	-	-	-	-	-	-	-	-	-	-	-	-	-	-	-	-	endroguei	-	-	-	-	-	-	-	-	-	-	-	-	-	-	-	-	-	-	-	-	-	-	-	endrogue	endroguemos	endrogues	endroguedes	endrogue	endroguem	-	-	-	-	-	-	-	-	-	-	-	-	-	-	-	-	-	-	-	-
endurecer	-	-	-	-	-	-	endurezo	-	-	-	-	-	-	-	-	-	-	-	-	-	-	-	-	-	-	-	-	-	-	-	-	-	-	-	-	-	-	-	-	-	-	-	endureza	endurezamos	endurezas	endurezades	endureza	endurezan	-	-	-	-	-	-	-	-	-	-	-	-	-	-	-	-	-	-	-	-
enfeitizar	-	-	-	-	-	-	-	-	-	-	-	-	-	-	-	-	-	-	enfeiticei	-	-	-	-	-	-	-	-	-	-	-	-	-	-	-	-	-	-	-	-	-	-	-	enfeitice	enfeiticemos	enfeitices	enfeiticedes	enfeitice	enfeiticen	-	-	-	-	-	-	-	-	-	-	-	-	-	-	-	-	-	-	-	-
enfiar	-	-	-	-	-	-	-	-	-	-	-	enfiam	-	-	-	-	-	-	-	-	-	-	-	-	-	-	-	-	-	-	-	-	-	-	-	-	-	-	-	-	-	-	-	-	-	-	-	enfiem	-	-	-	-	-	-	-	-	-	-	-	-	-	-	-	-	-	-	-	-
enforcar	-	-	-	-	-	-	-	-	-	-	-	-	-	-	-	-	-	-	enforquei	-	-	-	-	-	-	-	-	-	-	-	-	-	-	-	-	-	-	-	-	-	-	-	enforque	enforquemos	enforques	enforquedes	enforque	enforquem	-	-	-	-	-	-	-	-	-	-	-	-	-	-	-	-	-	-	-	-
enfoscar	-	-	-	-	-	-	-	-	-	-	-	-	-	-	-	-	-	-	enfosquei	-	-	-	-	-	-	-	-	-	-	-	-	-	-	-	-	-	-	-	-	-	-	-	enfosque	enfosquemos	enfosques	enfosquedes	enfosque	enfosquem	-	-	-	-	-	-	-	-	-	-	-	-	-	-	-	-	-	-	-	-
enfouzar	-	-	-	-	-	-	-	-	-	-	-	-	-	-	-	-	-	-	enfoucei	-	-	-	-	-	-	-	-	-	-	-	-	-	-	-	-	-	-	-	-	-	-	-	enfouce	enfoucemos	enfouces	enfoucedes	enfouce	enfoucen	-	-	-	-	-	-	-	-	-	-	-	-	-	-	-	-	-	-	-	-
enfraquecer	-	-	-	-	-	-	enfraquezo	-	-	-	-	-	-	-	-	-	-	-	-	-	-	-	-	-	-	-	-	-	-	-	-	-	-	-	-	-	-	-	-	-	-	-	enfraqueza	enfraquezamos	enfraquezas	enfraquezades	enfraqueza	enfraquezan	-	-	-	-	-	-	-	-	-	-	-	-	-	-	-	-	-	-	-	-
enfurecer	-	-	-	-	-	-	enfurezo	-	-	-	-	-	-	-	-	-	-	-	-	-	-	-	-	-	-	-	-	-	-	-	-	-	-	-	-	-	-	-	-	-	-	-	enfureza	enfurezamos	enfurezas	enfurezades	enfureza	enfurezan	-	-	-	-	-	-	-	-	-	-	-	-	-	-	-	-	-	-	-	-
engulir	-	-	-	-	-	-	-	-	engoles	-	engole	engolen	-	-	-	-	-	-	-	-	-	-	-	-	-	-	-	-	-	-	-	-	-	-	-	-	-	-	-	-	-	-	-	-	-	-	-	-	-	-	-	-	-	-	-	-	-	-	-	-	-	-	-	-	-	-	-	-
enlagar	-	-	-	-	-	-	-	-	-	-	-	-	-	-	-	-	-	-	enlaguei	-	-	-	-	-	-	-	-	-	-	-	-	-	-	-	-	-	-	-	-	-	-	-	enlague	enlaguemos	enlagues	enlaguedes	enlague	enlaguem	-	-	-	-	-	-	-	-	-	-	-	-	-	-	-	-	-	-	-	-
enlentecer	-	-	-	-	-	-	enlentezo	-	-	-	-	-	-	-	-	-	-	-	-	-	-	-	-	-	-	-	-	-	-	-	-	-	-	-	-	-	-	-	-	-	-	-	enlenteza	enlentezamos	enlentezas	enlentezades	enlenteza	enlentezan	-	-	-	-	-	-	-	-	-	-	-	-	-	-	-	-	-	-	-	-
enlouquecer	-	-	-	-	-	-	enlouquezo	-	-	-	-	-	-	-	-	-	-	-	-	-	-	-	-	-	-	-	-	-	-	-	-	-	-	-	-	-	-	-	-	-	-	-	enlouqueza	enlouquezamos	enlouquezas	enlouquezades	enlouqueza	enlouquezan	-	-	-	-	-	-	-	-	-	-	-	-	-	-	-	-	-	-	-	-
enmeigar	-	-	-	-	-	-	-	-	-	-	-	-	-	-	-	-	-	-	enmeiguei	-	-	-	-	-	-	-	-	-	-	-	-	-	-	-	-	-	-	-	-	-	-	-	enmeigue	enmeiguemos	enmeigues	enmeiguedes	enmeigue	enmeiguem	-	-	-	-	-	-	-	-	-	-	-	-	-	-	-	-	-	-	-	-
enraizar	-	-	-	-	-	-	enraízo	-	enraízas	-	enraíza	enraízam	-	-	-	-	-	-	-	-	-	-	-	-	-	-	-	-	-	-	-	-	-	-	-	-	-	-	-	-	-	-	enraíce	-	enraíces	-	enraíce	enraícen	-	-	-	-	-	-	-	-	-	-	-	-	-	-	-	-	-	-	enraíza	-
enriquecer	-	-	-	-	-	-	enriquezo	-	-	-	-	-	-	-	-	-	-	-	-	-	-	-	-	-	-	-	-	-	-	-	-	-	-	-	-	-	-	-	-	-	-	-	enriqueza	enriquezamos	enriquezas	enriquezades	enriqueza	enriquezan	-	-	-	-	-	-	-	-	-	-	-	-	-	-	-	-	-	-	-	-
enrocar	-	-	-	-	-	-	-	-	-	-	-	-	-	-	-	-	-	-	enroquei	-	-	-	-	-	-	-	-	-	-	-	-	-	-	-	-	-	-	-	-	-	-	-	enroque	enroquemos	enroques	enroquedes	enroque	enroquem	-	-	-	-	-	-	-	-	-	-	-	-	-	-	-	-	-	-	-	-
ensumir	-	-	-	-	-	-	-	-	ensomes	-	ensome	ensomem	-	-	-	-	-	-	-	-	-	-	-	-	-	-	-	-	-	-	-	-	-	-	-	-	-	-	-	-	-	-	-	-	-	-	-	-	-	-	-	-	-	-	-	-	-	-	-	-	-	-	-	-	-	-	-	-
entoucar	-	-	-	-	-	-	-	-	-	-	-	-	-	-	-	-	-	-	entouquei	-	-	-	-	-	-	-	-	-	-	-	-	-	-	-	-	-	-	-	-	-	-	-	entouque	entouquemos	entouques	entouquedes	entouque	entouquem	-	-	-	-	-	-	-	-	-	-	-	-	-	-	-	-	-	-	-	-
entranhar	-	-	-	-	-	-	-	-	-	-	-	entranham	entranhava	entranhávamos	entranhavas	entranhávades	entranhava	entranhavam	-	-	entranhache	-	-	entranharam	-	entranháramos	-	entranhárades	-	entranharam	-	-	-	-	-	entranharám	entranharia	entranharíamos	entranharias	entranharíades	entranharia	entranhariam	-	-	-	-	-	entranhem	entranhasse	entranhássemos	entranhasses	entranhássedes	entranhasse	entranhassem	-	-	-	-	-	entranharem	-	-	-	-	-	entranharem	-	-
entrecocer	-	-	-	-	-	-	entrecozo	-	-	-	-	-	-	-	-	-	-	-	-	-	-	-	-	-	-	-	-	-	-	-	-	-	-	-	-	-	-	-	-	-	-	-	entrecoza	entrecozamos	entrecozas	entrecozades	entrecoza	entrecozan	-	-	-	-	-	-	-	-	-	-	-	-	-	-	-	-	-	-	-	-
entregar	-	-	-	-	-	-	-	-	-	-	-	-	-	-	-	-	-	-	entreguei	-	-	-	-	-	-	-	-	-	-	-	-	-	-	-	-	-	-	-	-	-	-	-	entregue	entreguemos	entregues	entreguedes	entregue	entreguem	-	-	-	-	-	-	-	-	-	-	-	-	-	-	-	-	-	-	-	-
entreter	-	-	-	-	-	-	entretenho	-	entreténs	-	entretém	entretenhem	entretinha	entretiñamos	entretinhas	entretiñades	entretinha	entretinham	entretive	entretivemos	entretiveche	entretivestes	entreteve	entretiveram	entretivera	entretiveramos	entretiveras	entretiverades	entretivera	entretiveram	-	-	-	-	-	-	-	-	-	-	-	-	entretenha	entretenhamos	entretenhas	entretenhades	entretenha	entretenham	entretivese	entretivésemos	entretiveses	entretivésedes	entretivese	entretivesen	entretiver	entretivermos	entretiveres	entretiverdes	entretiver	entretiverem	-	-	-	-	-	-	entretém	-
entrever	-	-	entrevisto	entrevista	entrevistos	entrevistas	entrevejo	-	entrevés	-	entrevé	entreveem	-	-	-	-	-	-	-	entrevimos	-	entrevistes	entreviu	entreviram	entrevira	entreviramos	entreviras	entrevirades	entrevira	entreviram	-	-	-	-	-	-	-	-	-	-	-	-	entreveja	entrevejamos	entrevejas	entrevejades	entreveja	entrevejam	entrevise	entrevísemos	entrevises	entrevísedes	entrevise	entrevisen	entrevir	entrevirmos	entrevires	entrevirdes	entrevir	entrevirem	-	-	-	-	-	-	entrevé	-
entristecer	-	-	-	-	-	-	entristezo	-	-	-	-	-	-	-	-	-	-	-	-	-	-	-	-	-	-	-	-	-	-	-	-	-	-	-	-	-	-	-	-	-	-	-	entristeza	entristezamos	entristezas	entristezades	entristeza	entristezan	-	-	-	-	-	-	-	-	-	-	-	-	-	-	-	-	-	-	-	-
envaiñar	-	-	-	-	-	-	envaíño	-	envaíñas	-	envaíña	envaíñan	-	-	-	-	-	-	-	-	-	-	-	-	-	-	-	-	-	-	-	-	-	-	-	-	-	-	-	-	-	-	envaíñe	-	envaíñes	-	envaíñe	envaíñen	-	-	-	-	-	-	-	-	-	-	-	-	-	-	-	-	-	-	envaíña	-
envellecer	-	-	-	-	-	-	envellezo	-	-	-	-	-	-	-	-	-	-	-	-	-	-	-	-	-	-	-	-	-	-	-	-	-	-	-	-	-	-	-	-	-	-	-	envelleza	envellezamos	envellezas	envellezades	envelleza	envellezan	-	-	-	-	-	-	-	-	-	-	-	-	-	-	-	-	-	-	-	-
envexigar	-	-	-	-	-	-	-	-	-	-	-	-	-	-	-	-	-	-	envexiguei	-	-	-	-	-	-	-	-	-	-	-	-	-	-	-	-	-	-	-	-	-	-	-	envexigue	envexiguemos	envexigues	envexiguedes	envexigue	envexiguen	-	-	-	-	-	-	-	-	-	-	-	-	-	-	-	-	-	-	-	-
enviar	-	-	-	-	-	-	-	-	-	-	-	enviam	-	-	-	-	-	-	-	-	-	-	-	-	-	-	-	-	-	-	-	-	-	-	-	-	-	-	-	-	-	-	-	-	-	-	-	enviem	-	-	-	-	-	-	-	-	-	-	-	-	-	-	-	-	-	-	-	-
envorcar	-	-	-	-	-	-	-	-	-	-	-	-	-	-	-	-	-	-	envorquei	-	-	-	-	-	-	-	-	-	-	-	-	-	-	-	-	-	-	-	-	-	-	-	envorque	envorquemos	envorques	envorquedes	envorque	envorquem	-	-	-	-	-	-	-	-	-	-	-	-	-	-	-	-	-	-	-	-
enxangar	-	-	-	-	-	-	-	-	-	-	-	-	-	-	-	-	-	-	enxanguei	-	-	-	-	-	-	-	-	-	-	-	-	-	-	-	-	-	-	-	-	-	-	-	enxangue	enxanguemos	enxangues	enxanguedes	enxangue	enxanguem	-	-	-	-	-	-	-	-	-	-	-	-	-	-	-	-	-	-	-	-
enxaugar	-	-	-	-	-	-	-	-	-	-	-	-	-	-	-	-	-	-	enxauguei	-	-	-	-	-	-	-	-	-	-	-	-	-	-	-	-	-	-	-	-	-	-	-	enxaugue	enxauguemos	enxaugues	enxauguedes	enxaugue	enxauguem	-	-	-	-	-	-	-	-	-	-	-	-	-	-	-	-	-	-	-	-
enxergar	-	-	-	-	-	-	-	-	-	-	-	-	-	-	-	-	-	-	enxerguei	-	-	-	-	-	-	-	-	-	-	-	-	-	-	-	-	-	-	-	-	-	-	-	enxergue	enxerguemos	enxergues	enxerguedes	enxergue	enxerguen	-	-	-	-	-	-	-	-	-	-	-	-	-	-	-	-	-	-	-	-
enxerir	-	-	-	-	-	-	enxiro	-	-	-	-	enxerem	-	-	-	-	-	-	-	-	-	-	-	-	-	-	-	-	-	-	-	-	-	-	-	-	-	-	-	-	-	-	enxira	enxiramos	enxiras	enxirades	enxira	enxiram	-	-	-	-	-	-	-	-	-	-	-	-	-	-	-	-	-	-	-	-
enxugar	-	-	-	-	-	-	-	-	-	-	-	-	-	-	-	-	-	-	enxuguei	-	-	-	-	-	-	-	-	-	-	-	-	-	-	-	-	-	-	-	-	-	-	-	enxugue	enxuguemos	enxugues	enxuguedes	enxugue	enxuguem	-	-	-	-	-	-	-	-	-	-	-	-	-	-	-	-	-	-	-	-
equivaler	-	-	-	-	-	-	equivalho	-	-	-	-	-	-	-	-	-	-	-	-	-	-	-	-	-	-	-	-	-	-	-	-	-	-	-	-	-	-	-	-	-	-	-	equivalha	equivalhamos	equivalhas	equivalhades	equivalha	equivalham	-	-	-	-	-	-	-	-	-	-	-	-	-	-	-	-	-	-	-	-
erguer	-	-	-	-	-	-	ergo	-	-	-	-	-	-	-	-	-	-	-	-	-	-	-	-	-	-	-	-	-	-	-	-	-	-	-	-	-	-	-	-	-	-	-	erga	ergamos	ergas	ergades	erga	ergam	-	-	-	-	-	-	-	-	-	-	-	-	-	-	-	-	-	-	-	-
erradicar	-	-	-	-	-	-	-	-	-	-	-	-	-	-	-	-	-	-	erradiquei	-	-	-	-	-	-	-	-	-	-	-	-	-	-	-	-	-	-	-	-	-	-	-	erradique	erradiquemos	erradiques	erradiquedes	erradique	erradiquem	-	-	-	-	-	-	-	-	-	-	-	-	-	-	-	-	-	-	-	-
esbarrancar	-	-	-	-	-	-	-	-	-	-	-	-	-	-	-	-	-	-	esbarranquei	-	-	-	-	-	-	-	-	-	-	-	-	-	-	-	-	-	-	-	-	-	-	-	esbarranque	esbarranquemos	esbarranques	esbarranquedes	esbarranque	esbarranquem	-	-	-	-	-	-	-	-	-	-	-	-	-	-	-	-	-	-	-	-
esbicar	-	-	-	-	-	-	-	-	-	-	-	-	-	-	-	-	-	-	esbiquei	-	-	-	-	-	-	-	-	-	-	-	-	-	-	-	-	-	-	-	-	-	-	-	esbique	esbiquemos	esbiques	esbiquedes	esbique	esbiquen	-	-	-	-	-	-	-	-	-	-	-	-	-	-	-	-	-	-	-	-
esbozar	-	-	-	-	-	-	-	-	-	-	-	-	-	-	-	-	-	-	esbocei	-	-	-	-	-	-	-	-	-	-	-	-	-	-	-	-	-	-	-	-	-	-	-	esboce	esbocemos	esboces	esbocedes	esboce	esbocen	-	-	-	-	-	-	-	-	-	-	-	-	-	-	-	-	-	-	-	-
esburacar	-	-	-	-	-	-	-	-	-	-	-	-	-	-	-	-	-	-	esburaquei	-	-	-	-	-	-	-	-	-	-	-	-	-	-	-	-	-	-	-	-	-	-	-	esburaque	esburaquemos	esburaques	esburaquedes	esburaque	esburaquem	-	-	-	-	-	-	-	-	-	-	-	-	-	-	-	-	-	-	-	-
esburgar	-	-	-	-	-	-	-	-	-	-	-	-	-	-	-	-	-	-	esburguei	-	-	-	-	-	-	-	-	-	-	-	-	-	-	-	-	-	-	-	-	-	-	-	esburgue	esburguemos	esburgues	esburguedes	esburgue	esburguem	-	-	-	-	-	-	-	-	-	-	-	-	-	-	-	-	-	-	-	-
escarnecer	-	-	-	-	-	-	escarnezo	-	-	-	-	-	-	-	-	-	-	-	-	-	-	-	-	-	-	-	-	-	-	-	-	-	-	-	-	-	-	-	-	-	-	-	escarneza	escarnezamos	escarnezas	escarnezades	escarneza	escarnezan	-	-	-	-	-	-	-	-	-	-	-	-	-	-	-	-	-	-	-	-
escocer	-	-	-	-	-	-	escozo	-	-	-	-	-	-	-	-	-	-	-	-	-	-	-	-	-	-	-	-	-	-	-	-	-	-	-	-	-	-	-	-	-	-	-	escoza	escozamos	escozas	escozades	escoza	escozan	-	-	-	-	-	-	-	-	-	-	-	-	-	-	-	-	-	-	-	-
escolarizar	-	-	-	-	-	-	-	-	-	-	-	-	-	-	-	-	-	-	-	-	-	-	-	-	-	-	-	-	-	-	-	-	-	-	-	-	-	-	-	-	-	-	-	-	-	-	-	escolaricen	-	-	-	-	-	-	-	-	-	-	-	-	-	-	-	-	-	-	-	-
escolher	-	-	-	-	-	-	-	-	-	-	-	escolhem	escolhia	escolhíamos	escolhias	escolhíades	escolhia	escolhiam	escolhi	-	escolheche	-	-	escolheram	-	escolhêramos	-	escolhêrades	-	escolheram	-	-	-	-	-	escolherám	escolheria	escolheríamos	escolherias	escolheríades	escolheria	escolheriam	-	-	-	-	-	escolham	escolhesse	escolhêssemos	escolhesses	escolhêssedes	escolhesse	escolhessem	-	-	-	-	-	escolherem	-	-	-	-	-	escolherem	-	-
escomezar	-	-	-	-	-	-	-	-	-	-	-	-	-	-	-	-	-	-	escomecei	-	-	-	-	-	-	-	-	-	-	-	-	-	-	-	-	-	-	-	-	-	-	-	escomece	escomecemos	escomeces	escomecedes	escomece	escomecen	-	-	-	-	-	-	-	-	-	-	-	-	-	-	-	-	-	-	-	-
escorregar	-	-	-	-	-	-	-	-	-	-	-	-	-	-	-	-	-	-	escorreguei	-	-	-	-	-	-	-	-	-	-	-	-	-	-	-	-	-	-	-	-	-	-	-	escorregue	escorreguemos	escorregues	escorreguedes	escorregue	escorreguem	-	-	-	-	-	-	-	-	-	-	-	-	-	-	-	-	-	-	-	-
escravizar	-	-	-	-	-	-	-	-	-	-	-	-	-	-	-	-	-	-	-	-	-	-	-	-	-	-	-	-	-	-	-	-	-	-	-	-	-	-	-	-	-	-	-	-	-	-	-	escravicen	-	-	-	-	-	-	-	-	-	-	-	-	-	-	-	-	-	-	-	-
escrever	-	-	escrito	escrita	escritos	escritas	-	-	-	-	-	escrevem	escrevia	escrevíamos	escrevias	escrevíades	escrevia	escreviam	escrevi	-	escreveche	-	-	escreveram	-	escrevêramos	-	escrevêrades	-	escreveram	-	-	-	-	-	escreverám	escreveria	escreveríamos	escreverias	escreveríades	escreveria	escreveriam	-	-	-	-	-	escrevam	escrevesse	escrevêssemos	escrevesses	escrevêssedes	escrevesse	escrevessem	-	-	-	-	-	escreverem	-	-	-	-	-	escreverem	-	-
escribir	-	-	escrito	escrita	escritos	escritas	-	-	-	-	-	-	-	-	-	-	-	-	-	-	-	-	-	-	-	-	-	-	-	-	-	-	-	-	-	-	-	-	-	-	-	-	-	-	-	-	-	-	-	-	-	-	-	-	-	-	-	-	-	-	-	-	-	-	-	-	-	-
esculcar	-	-	-	-	-	-	-	-	-	-	-	-	-	-	-	-	-	-	esculquei	-	-	-	-	-	-	-	-	-	-	-	-	-	-	-	-	-	-	-	-	-	-	-	esculque	esculquemos	esculques	esculquedes	esculque	esculquem	-	-	-	-	-	-	-	-	-	-	-	-	-	-	-	-	-	-	-	-
escurecer	-	-	-	-	-	-	escurezo	-	-	-	-	-	-	-	-	-	-	-	-	-	-	-	-	-	-	-	-	-	-	-	-	-	-	-	-	-	-	-	-	-	-	-	escureza	escurezamos	escurezas	escurezades	escureza	escurezan	-	-	-	-	-	-	-	-	-	-	-	-	-	-	-	-	-	-	-	-
esfiar	-	-	-	-	-	-	-	-	-	-	-	esfiam	-	-	-	-	-	-	-	-	-	-	-	-	-	-	-	-	-	-	-	-	-	-	-	-	-	-	-	-	-	-	-	-	-	-	-	esfiem	-	-	-	-	-	-	-	-	-	-	-	-	-	-	-	-	-	-	-	-
esforzar	-	-	-	-	-	-	-	-	-	-	-	-	-	-	-	-	-	-	esforcei	-	-	-	-	-	-	-	-	-	-	-	-	-	-	-	-	-	-	-	-	-	-	-	esforce	esforcemos	esforces	esforcedes	esforce	esforcen	-	-	-	-	-	-	-	-	-	-	-	-	-	-	-	-	-	-	-	-
esfregar	-	-	-	-	-	-	-	-	-	-	-	-	-	-	-	-	-	-	esfreguei	-	-	-	-	-	-	-	-	-	-	-	-	-	-	-	-	-	-	-	-	-	-	-	esfregue	esfreguemos	esfregues	esfreguedes	esfregue	esfreguem	-	-	-	-	-	-	-	-	-	-	-	-	-	-	-	-	-	-	-	-
esfuracar	-	-	-	-	-	-	-	-	-	-	-	-	-	-	-	-	-	-	esfuraquei	-	-	-	-	-	-	-	-	-	-	-	-	-	-	-	-	-	-	-	-	-	-	-	esfuraque	esfuraquemos	esfuraques	esfuraquedes	esfuraque	esfuraquem	-	-	-	-	-	-	-	-	-	-	-	-	-	-	-	-	-	-	-	-
esgazar	-	-	-	-	-	-	-	-	-	-	-	-	-	-	-	-	-	-	esgacei	-	-	-	-	-	-	-	-	-	-	-	-	-	-	-	-	-	-	-	-	-	-	-	esgace	esgacemos	esgaces	esgacedes	esgace	esgacen	-	-	-	-	-	-	-	-	-	-	-	-	-	-	-	-	-	-	-	-
esguizar	-	-	-	-	-	-	-	-	-	-	-	-	-	-	-	-	-	-	esguicei	-	-	-	-	-	-	-	-	-	-	-	-	-	-	-	-	-	-	-	-	-	-	-	esguice	esguicemos	esguices	esguicedes	esguice	esguicen	-	-	-	-	-	-	-	-	-	-	-	-	-	-	-	-	-	-	-	-
esmagar	-	-	-	-	-	-	-	-	-	-	-	-	-	-	-	-	-	-	esmaguei	-	-	-	-	-	-	-	-	-	-	-	-	-	-	-	-	-	-	-	-	-	-	-	esmague	esmaguemos	esmagues	esmaguedes	esmague	esmaguem	-	-	-	-	-	-	-	-	-	-	-	-	-	-	-	-	-	-	-	-
esmelgar	-	-	-	-	-	-	-	-	-	-	-	-	-	-	-	-	-	-	esmelguei	-	-	-	-	-	-	-	-	-	-	-	-	-	-	-	-	-	-	-	-	-	-	-	esmelgue	esmelguemos	esmelgues	esmelguedes	esmelgue	esmelguem	-	-	-	-	-	-	-	-	-	-	-	-	-	-	-	-	-	-	-	-
esmiuzar	-	-	-	-	-	-	esmiúzo	-	esmiúzas	-	esmiúza	esmiúzan	-	-	-	-	-	-	esmiucei	-	-	-	-	-	-	-	-	-	-	-	-	-	-	-	-	-	-	-	-	-	-	-	esmiúce	esmiucemos	esmiúces	esmiucedes	esmiúce	esmiúcen	-	-	-	-	-	-	-	-	-	-	-	-	-	-	-	-	-	-	esmiúza	-
esmolicar	-	-	-	-	-	-	-	-	-	-	-	-	-	-	-	-	-	-	esmoliquei	-	-	-	-	-	-	-	-	-	-	-	-	-	-	-	-	-	-	-	-	-	-	-	esmolique	esmoliquemos	esmoliques	esmoliquedes	esmolique	esmoliquem	-	-	-	-	-	-	-	-	-	-	-	-	-	-	-	-	-	-	-	-
esmorecer	-	-	-	-	-	-	esmorezo	-	-	-	-	-	-	-	-	-	-	-	-	-	-	-	-	-	-	-	-	-	-	-	-	-	-	-	-	-	-	-	-	-	-	-	esmoreza	esmorezamos	esmorezas	esmorezades	esmoreza	esmorezan	-	-	-	-	-	-	-	-	-	-	-	-	-	-	-	-	-	-	-	-
esmoucar	-	-	-	-	-	-	-	-	-	-	-	-	-	-	-	-	-	-	esmouquei	-	-	-	-	-	-	-	-	-	-	-	-	-	-	-	-	-	-	-	-	-	-	-	esmouque	esmouquemos	esmouques	esmouquedes	esmouque	esmouquem	-	-	-	-	-	-	-	-	-	-	-	-	-	-	-	-	-	-	-	-
esnacar	-	-	-	-	-	-	-	-	-	-	-	-	-	-	-	-	-	-	esnaquei	-	-	-	-	-	-	-	-	-	-	-	-	-	-	-	-	-	-	-	-	-	-	-	esnaque	esnaquemos	esnaques	esnaquedes	esnaque	esnaquem	-	-	-	-	-	-	-	-	-	-	-	-	-	-	-	-	-	-	-	-
esnaquizar	-	-	-	-	-	-	-	-	-	-	-	-	-	-	-	-	-	-	-	-	-	-	-	-	-	-	-	-	-	-	-	-	-	-	-	-	-	-	-	-	-	-	-	-	-	-	-	esnaquicen	-	-	-	-	-	-	-	-	-	-	-	-	-	-	-	-	-	-	-	-
esnogar	-	-	-	-	-	-	-	-	-	-	-	-	-	-	-	-	-	-	esnoguei	-	-	-	-	-	-	-	-	-	-	-	-	-	-	-	-	-	-	-	-	-	-	-	esnogue	esnoguemos	esnogues	esnoguedes	esnogue	esnoguem	-	-	-	-	-	-	-	-	-	-	-	-	-	-	-	-	-	-	-	-
espalecer	-	-	-	-	-	-	espalezo	-	-	-	-	-	-	-	-	-	-	-	-	-	-	-	-	-	-	-	-	-	-	-	-	-	-	-	-	-	-	-	-	-	-	-	espaleza	espalezamos	espalezas	espalezades	espaleza	espalezan	-	-	-	-	-	-	-	-	-	-	-	-	-	-	-	-	-	-	-	-
espanholizar	-	-	-	-	-	-	-	-	-	-	-	espanholizam	espanholizava	espanholizávamos	espanholizavas	espanholizávades	espanholizava	espanholizavam	-	-	espanholizache	-	-	espanholizaram	-	espanholizáramos	-	espanholizárades	-	espanholizaram	-	-	-	-	-	espanholizarám	espanholizaria	espanholizaríamos	espanholizarias	espanholizaríades	espanholizaria	espanholizariam	-	-	-	-	-	espanholizem	espanholizasse	espanholizássemos	espanholizasses	espanholizássedes	espanholizasse	espanholizassem	-	-	-	-	-	espanholizarem	-	-	-	-	-	espanholizarem	-	-
españolizar	-	-	-	-	-	-	-	-	-	-	-	-	-	-	-	-	-	-	españolicei	-	-	-	-	-	-	-	-	-	-	-	-	-	-	-	-	-	-	-	-	-	-	-	españolice	españolicemos	españolices	españolicedes	españolice	españolicen	-	-	-	-	-	-	-	-	-	-	-	-	-	-	-	-	-	-	-	-
especializar	-	-	-	-	-	-	-	-	-	-	-	-	-	-	-	-	-	-	-	-	-	-	-	-	-	-	-	-	-	-	-	-	-	-	-	-	-	-	-	-	-	-	-	-	-	-	-	especialicen	-	-	-	-	-	-	-	-	-	-	-	-	-	-	-	-	-	-	-	-
espelir	-	-	-	-	-	-	espilo	-	-	-	-	espelem	-	-	-	-	-	-	-	-	-	-	-	-	-	-	-	-	-	-	-	-	-	-	-	-	-	-	-	-	-	-	espila	espilamos	espilas	espilades	espila	espilam	-	-	-	-	-	-	-	-	-	-	-	-	-	-	-	-	-	-	-	-
espiar	-	-	-	-	-	-	-	-	-	-	-	espiam	-	-	-	-	-	-	-	-	-	-	-	-	-	-	-	-	-	-	-	-	-	-	-	-	-	-	-	-	-	-	-	-	-	-	-	espiem	-	-	-	-	-	-	-	-	-	-	-	-	-	-	-	-	-	-	-	-
espigar	-	-	-	-	-	-	-	-	-	-	-	-	-	-	-	-	-	-	espiguei	-	-	-	-	-	-	-	-	-	-	-	-	-	-	-	-	-	-	-	-	-	-	-	espigue	espiguemos	espigues	espiguedes	espigue	espiguem	-	-	-	-	-	-	-	-	-	-	-	-	-	-	-	-	-	-	-	-
espir	-	-	-	-	-	-	ispo	-	-	-	-	espem	-	-	-	-	-	-	-	-	-	-	-	-	-	-	-	-	-	-	-	-	-	-	-	-	-	-	-	-	-	-	ispa	ispamos	ispas	ispades	ispa	ispam	-	-	-	-	-	-	-	-	-	-	-	-	-	-	-	-	-	-	-	-
espreguizar	-	-	-	-	-	-	-	-	-	-	-	-	-	-	-	-	-	-	espreguicei	-	-	-	-	-	-	-	-	-	-	-	-	-	-	-	-	-	-	-	-	-	-	-	espreguice	espreguicemos	espreguices	espreguicedes	espreguice	espreguicen	-	-	-	-	-	-	-	-	-	-	-	-	-	-	-	-	-	-	-	-
esquecer	-	-	-	-	-	-	esquezo	-	-	-	-	-	-	-	-	-	-	-	-	-	-	-	-	-	-	-	-	-	-	-	-	-	-	-	-	-	-	-	-	-	-	-	esqueza	esquezamos	esquezas	esquezades	esqueza	esquezan	-	-	-	-	-	-	-	-	-	-	-	-	-	-	-	-	-	-	-	-
esquencer	-	-	-	-	-	-	esquenzo	-	-	-	-	-	-	-	-	-	-	-	-	-	-	-	-	-	-	-	-	-	-	-	-	-	-	-	-	-	-	-	-	-	-	-	esquenza	esquenzamos	esquenzas	esquenzades	esquenza	esquenzan	-	-	-	-	-	-	-	-	-	-	-	-	-	-	-	-	-	-	-	-
esquiar	-	-	-	-	-	-	-	-	-	-	-	esquiam	-	-	-	-	-	-	-	-	-	-	-	-	-	-	-	-	-	-	-	-	-	-	-	-	-	-	-	-	-	-	-	-	-	-	-	esquiem	-	-	-	-	-	-	-	-	-	-	-	-	-	-	-	-	-	-	-	-
estancar	-	-	-	-	-	-	-	-	-	-	-	-	-	-	-	-	-	-	estanquei	-	-	-	-	-	-	-	-	-	-	-	-	-	-	-	-	-	-	-	-	-	-	-	estanque	estanquemos	estanques	estanquedes	estanque	estanquem	-	-	-	-	-	-	-	-	-	-	-	-	-	-	-	-	-	-	-	-
estandarizar	-	-	-	-	-	-	-	-	-	-	-	-	-	-	-	-	-	-	-	-	-	-	-	-	-	-	-	-	-	-	-	-	-	-	-	-	-	-	-	-	-	-	-	-	-	-	-	estandaricen	-	-	-	-	-	-	-	-	-	-	-	-	-	-	-	-	-	-	-	-
estar	-	-	-	-	-	-	estou	-	estás	-	está	estám	-	-	-	-	-	-	estive	estivemos	estiveche	estivestes	esteve	estiveram	estivera	estiveramos	estiveras	estiverades	estivera	estiveram	-	-	-	-	-	-	-	-	-	-	-	-	estea	esteamos	esteas	esteades	estea	estean	estivese	estivésemos	estiveses	estivésedes	estivese	estivesen	estiver	estivermos	estiveres	estiverdes	estiver	estiverem	-	-	-	-	-	-	está	-
estarrecer	-	-	-	-	-	-	estarrezo	-	-	-	-	-	-	-	-	-	-	-	-	-	-	-	-	-	-	-	-	-	-	-	-	-	-	-	-	-	-	-	-	-	-	-	estarreza	estarrezamos	estarrezas	estarrezades	estarreza	estarrezan	-	-	-	-	-	-	-	-	-	-	-	-	-	-	-	-	-	-	-	-
estarricar	-	-	-	-	-	-	-	-	-	-	-	-	-	-	-	-	-	-	estarriquei	-	-	-	-	-	-	-	-	-	-	-	-	-	-	-	-	-	-	-	-	-	-	-	estarrique	estarriquemos	estarriques	estarriquedes	estarrique	estarriquem	-	-	-	-	-	-	-	-	-	-	-	-	-	-	-	-	-	-	-	-
estemorecer	-	-	-	-	-	-	estemorezo	-	-	-	-	-	-	-	-	-	-	-	-	-	-	-	-	-	-	-	-	-	-	-	-	-	-	-	-	-	-	-	-	-	-	-	estemoreza	estemorezamos	estemorezas	estemorezades	estemoreza	estemorezan	-	-	-	-	-	-	-	-	-	-	-	-	-	-	-	-	-	-	-	-
estercar	-	-	-	-	-	-	-	-	-	-	-	-	-	-	-	-	-	-	esterquei	-	-	-	-	-	-	-	-	-	-	-	-	-	-	-	-	-	-	-	-	-	-	-	esterque	esterquemos	esterques	esterquedes	esterque	esterquem	-	-	-	-	-	-	-	-	-	-	-	-	-	-	-	-	-	-	-	-
esterilizar	-	-	-	-	-	-	-	-	-	-	-	-	-	-	-	-	-	-	-	-	-	-	-	-	-	-	-	-	-	-	-	-	-	-	-	-	-	-	-	-	-	-	-	-	-	-	-	esterilicen	-	-	-	-	-	-	-	-	-	-	-	-	-	-	-	-	-	-	-	-
estiar	-	-	-	-	-	-	-	-	-	-	-	estiam	-	-	-	-	-	-	-	-	-	-	-	-	-	-	-	-	-	-	-	-	-	-	-	-	-	-	-	-	-	-	-	-	-	-	-	estiem	-	-	-	-	-	-	-	-	-	-	-	-	-	-	-	-	-	-	-	-
estigmatizar	-	-	-	-	-	-	-	-	-	-	-	-	-	-	-	-	-	-	-	-	-	-	-	-	-	-	-	-	-	-	-	-	-	-	-	-	-	-	-	-	-	-	-	-	-	-	-	estigmaticen	-	-	-	-	-	-	-	-	-	-	-	-	-	-	-	-	-	-	-	-
estordegar	-	-	-	-	-	-	-	-	-	-	-	-	-	-	-	-	-	-	estordeguei	-	-	-	-	-	-	-	-	-	-	-	-	-	-	-	-	-	-	-	-	-	-	-	estordegue	estordeguemos	estordegues	estordeguedes	estordegue	estordeguem	-	-	-	-	-	-	-	-	-	-	-	-	-	-	-	-	-	-	-	-
estragar	-	-	-	-	-	-	-	-	-	-	-	-	-	-	-	-	-	-	estraguei	-	-	-	-	-	-	-	-	-	-	-	-	-	-	-	-	-	-	-	-	-	-	-	estrague	estraguemos	estragues	estraguedes	estrague	estraguem	-	-	-	-	-	-	-	-	-	-	-	-	-	-	-	-	-	-	-	-
estralouzar	-	-	-	-	-	-	-	-	-	-	-	-	-	-	-	-	-	-	estraloucei	-	-	-	-	-	-	-	-	-	-	-	-	-	-	-	-	-	-	-	-	-	-	-	estralouce	estraloucemos	estralouces	estraloucedes	estralouce	estraloucen	-	-	-	-	-	-	-	-	-	-	-	-	-	-	-	-	-	-	-	-
estrelecer	-	-	-	-	-	-	estrelezo	-	-	-	-	-	-	-	-	-	-	-	-	-	-	-	-	-	-	-	-	-	-	-	-	-	-	-	-	-	-	-	-	-	-	-	estreleza	estrelezamos	estrelezas	estrelezades	estreleza	estrelezan	-	-	-	-	-	-	-	-	-	-	-	-	-	-	-	-	-	-	-	-
estremecer	-	-	-	-	-	-	estremezo	-	-	-	-	-	-	-	-	-	-	-	-	-	-	-	-	-	-	-	-	-	-	-	-	-	-	-	-	-	-	-	-	-	-	-	estremeza	estremezamos	estremezas	estremezades	estremeza	estremezan	-	-	-	-	-	-	-	-	-	-	-	-	-	-	-	-	-	-	-	-
estricar	-	-	-	-	-	-	-	-	-	-	-	-	-	-	-	-	-	-	estriquei	-	-	-	-	-	-	-	-	-	-	-	-	-	-	-	-	-	-	-	-	-	-	-	estrique	estriquemos	estriques	estriquedes	estrique	estriquem	-	-	-	-	-	-	-	-	-	-	-	-	-	-	-	-	-	-	-	-
estrigar	-	-	-	-	-	-	-	-	-	-	-	-	-	-	-	-	-	-	estriguei	-	-	-	-	-	-	-	-	-	-	-	-	-	-	-	-	-	-	-	-	-	-	-	estrigue	estriguemos	estrigues	estriguedes	estrigue	estriguem	-	-	-	-	-	-	-	-	-	-	-	-	-	-	-	-	-	-	-	-
esvaecer	-	-	-	-	-	-	esvaezo	-	-	-	-	-	-	-	-	-	-	-	-	-	-	-	-	-	-	-	-	-	-	-	-	-	-	-	-	-	-	-	-	-	-	-	esvaeza	esvaezamos	esvaezas	esvaezades	esvaeza	esvaezan	-	-	-	-	-	-	-	-	-	-	-	-	-	-	-	-	-	-	-	-
esvaer	-	-	esvaído	esvaída	esvaídos	esvaídas	esvaio	-	-	-	-	-	-	esvaïamos	-	esvaïades	-	-	-	-	esvaíches	-	-	-	-	-	-	-	-	-	-	-	-	-	-	-	-	-	-	-	-	-	esvaia	esvaiamos	esvaias	esvaiades	esvaia	esvaian	-	-	-	-	-	-	-	-	-	-	-	-	-	-	-	-	-	-	-	-
europeizar	-	-	-	-	-	-	europeízo	-	europeízas	-	europeíza	europeízam	-	-	-	-	-	-	-	-	-	-	-	-	-	-	-	-	-	-	-	-	-	-	-	-	-	-	-	-	-	-	europeíce	-	europeíces	-	europeíce	europeícen	-	-	-	-	-	-	-	-	-	-	-	-	-	-	-	-	-	-	europeíza	-
evocar	-	-	-	-	-	-	-	-	-	-	-	-	-	-	-	-	-	-	evoquei	-	-	-	-	-	-	-	-	-	-	-	-	-	-	-	-	-	-	-	-	-	-	-	evoque	evoquemos	evoques	evoquedes	evoque	evoquem	-	-	-	-	-	-	-	-	-	-	-	-	-	-	-	-	-	-	-	-
excomungar	-	-	-	-	-	-	-	-	-	-	-	-	-	-	-	-	-	-	excomunguei	-	-	-	-	-	-	-	-	-	-	-	-	-	-	-	-	-	-	-	-	-	-	-	excomungue	excomunguemos	excomungues	excomunguedes	excomungue	excomunguem	-	-	-	-	-	-	-	-	-	-	-	-	-	-	-	-	-	-	-	-
exibir	-	-	-	-	-	-	-	-	-	-	-	exibem	exibia	exibíamos	exibias	exibíades	exibia	exibiam	exibi	-	exibiche	-	-	exibiram	-	exibíramos	-	exibírades	-	exibiram	-	-	-	-	-	exibirám	exibiria	exibiríamos	exibirias	exibiríades	exibiria	exibiriam	-	-	-	-	-	exibam	exibisse	exibíssemos	exibisses	exibíssedes	exibisse	exibissem	-	-	-	-	-	exibirem	-	-	-	-	-	exibirem	-	-
expedir	-	-	-	-	-	-	expeço	-	-	-	-	expedem	-	-	-	-	-	-	-	-	-	-	-	-	-	-	-	-	-	-	-	-	-	-	-	-	-	-	-	-	-	-	expeça	expeçamos	expeças	expeçais	expeça	expeçam	-	-	-	-	-	-	-	-	-	-	-	-	-	-	-	-	-	-	-	-
expelir	-	-	-	-	-	-	expilo	-	-	-	-	expelem	expelia	expelíamos	expelias	expelíades	expelia	expeliam	expeli	-	expeliche	-	-	expeliram	-	expelíramos	-	expelírades	-	expeliram	-	-	-	-	-	expelirám	expeliria	expeliríamos	expelirias	expeliríades	expeliria	expeliriam	expila	expilamos	expilas	expilades	expila	expilam	expelisse	expelíssemos	expelisses	expelíssedes	expelisse	expelissem	-	-	-	-	-	expelirem	-	-	-	-	-	expelirem	-	-
explicar	-	-	-	-	-	-	-	-	-	-	-	-	-	-	-	-	-	-	expliquei	-	-	-	-	-	-	-	-	-	-	-	-	-	-	-	-	-	-	-	-	-	-	-	explique	expliquemos	expliques	expliquedes	explique	expliquem	-	-	-	-	-	-	-	-	-	-	-	-	-	-	-	-	-	-	-	-
expoñer	-	-	exposto	exposta	expostos	expostas	-	-	expós	-	expón	-	-	-	-	-	-	-	expuxen	expuxemos	expuxeches	expuxestes	expuxo	expuxeron	expuxera	expuxeramos	expuxeras	expuxerades	expuxera	expuxeran	-	-	-	-	-	-	-	-	-	-	-	-	-	-	-	-	-	-	expuxese	expuxésemos	expuxeses	expuxésedes	expuxese	expuxesen	expuxer	expuxermos	expuxeres	expuxerdes	expuxer	expuxeren	-	-	-	-	-	-	expón	-
expressar	-	-	-	-	-	-	-	-	-	-	-	expressam	expressava	expressávamos	expressavas	expressávades	expressava	expressavam	-	-	expressache	-	-	expressaram	-	expressáramos	-	expressárades	-	expressaram	-	-	-	-	-	expressarám	expressaria	expressaríamos	expressarias	expressaríades	expressaria	expressariam	-	-	-	-	-	expressem	expressasse	expressássemos	expressasses	expressássedes	expressasse	expressassem	-	-	-	-	-	expressarem	-	-	-	-	-	expressarem	-	-
externalizar	-	-	-	-	-	-	-	-	-	-	-	-	-	-	-	-	-	-	-	-	-	-	-	-	-	-	-	-	-	-	-	-	-	-	-	-	-	-	-	-	-	-	-	-	-	-	-	externalicen	-	-	-	-	-	-	-	-	-	-	-	-	-	-	-	-	-	-	-	-
facer	-	-	feito	feita	feitos	feitas	fago	-	fas	-	fai	fan	-	-	-	-	-	-	fixen	fixemos	fixeches	fixestes	fixo	fixeron	fixera	fixeramos	fixeras	fixerades	fixera	fixeran	farei	faremos	farás	faredes	fará	farán	faría	fariamos	farías	fariades	faría	farían	faga	fagamos	fagas	fagades	faga	fagan	fixese	fixésemos	fixeses	fixésedes	fixese	fixesen	fixer	fixermos	fixeres	fixerdes	fixer	fixeren	-	-	-	-	-	-	fai	-
falecer	-	-	-	-	-	-	falezo	-	-	-	-	-	-	-	-	-	-	-	-	-	-	-	-	-	-	-	-	-	-	-	-	-	-	-	-	-	-	-	-	-	-	-	faleza	falezamos	falezas	falezades	faleza	falezan	-	-	-	-	-	-	-	-	-	-	-	-	-	-	-	-	-	-	-	-
familiarizar	-	-	-	-	-	-	-	-	-	-	-	-	-	-	-	-	-	-	-	-	-	-	-	-	-	-	-	-	-	-	-	-	-	-	-	-	-	-	-	-	-	-	-	-	-	-	-	familiaricen	-	-	-	-	-	-	-	-	-	-	-	-	-	-	-	-	-	-	-	-
fanicar	-	-	-	-	-	-	-	-	-	-	-	-	-	-	-	-	-	-	faniquei	-	-	-	-	-	-	-	-	-	-	-	-	-	-	-	-	-	-	-	-	-	-	-	fanique	faniquemos	faniques	faniquedes	fanique	faniquem	-	-	-	-	-	-	-	-	-	-	-	-	-	-	-	-	-	-	-	-
fazer	-	-	feito	feita	feitos	feitas	fago	-	-	-	fai	fam	fazia	fazíamos	fazias	fazíades	fazia	faziam	figem	figemos	figeche	figestes	fez	figérom	figera	figéramos	figeras	figérades	figera	figeram	farei	faremos	farás	faredes	fará	farám	faria	faríamos	farias	faríades	faria	fariam	faga	fagamos	fagas	fagades	faga	fagam	figesse	figéssemos	figesses	figéssedes	figesse	figessem	figer	figermos	figeres	figerdes	figer	figerem	-	-	-	-	-	fazerem	fai	-
feminizar	-	-	-	-	-	-	-	-	-	-	-	-	-	-	-	-	-	-	-	-	-	-	-	-	-	-	-	-	-	-	-	-	-	-	-	-	-	-	-	-	-	-	-	-	-	-	-	feminicen	-	-	-	-	-	-	-	-	-	-	-	-	-	-	-	-	-	-	-	-
ferir	-	-	-	-	-	-	firo	-	-	-	-	-	-	-	-	-	-	-	-	-	-	-	-	-	-	-	-	-	-	-	-	-	-	-	-	-	-	-	-	-	-	-	fira	firamos	firas	firades	fira	firam	-	-	-	-	-	-	-	-	-	-	-	-	-	-	-	-	-	-	-	-
fertilizar	-	-	-	-	-	-	-	-	-	-	-	-	-	-	-	-	-	-	fertilicei	-	-	-	-	-	-	-	-	-	-	-	-	-	-	-	-	-	-	-	-	-	-	-	fertilice	fertilicemos	fertilices	fertilicedes	fertilice	fertilicen	-	-	-	-	-	-	-	-	-	-	-	-	-	-	-	-	-	-	-	-
fiar	-	-	-	-	-	-	-	-	-	-	-	fiam	-	-	-	-	-	-	-	-	-	-	-	-	-	-	-	-	-	-	-	-	-	-	-	-	-	-	-	-	-	-	-	-	-	-	-	fiem	-	-	-	-	-	-	-	-	-	-	-	-	-	-	-	-	-	-	-	-
ficar	-	-	-	-	-	-	-	-	-	-	-	-	-	-	-	-	-	-	fiquei	-	-	-	-	-	-	-	-	-	-	-	-	-	-	-	-	-	-	-	-	-	-	-	fique	fiquemos	fiques	fiquedes	fique	fiquem	-	-	-	-	-	-	-	-	-	-	-	-	-	-	-	-	-	-	-	-
fincar	-	-	-	-	-	-	-	-	-	-	-	-	-	-	-	-	-	-	finquei	-	-	-	-	-	-	-	-	-	-	-	-	-	-	-	-	-	-	-	-	-	-	-	finque	finquemos	finques	finquedes	finque	finquem	-	-	-	-	-	-	-	-	-	-	-	-	-	-	-	-	-	-	-	-
fingir	-	-	-	-	-	-	finjo	-	-	-	-	fingem	fingia	fingíamos	fingias	fingíades	fingia	fingiam	fingi	-	fingiche	-	-	fingiram	-	fingíramos	-	fingírades	-	fingiram	-	-	-	-	-	fingirám	fingiria	fingiríamos	fingirias	fingiríades	fingiria	fingiriam	finja	finjamos	finjas	finjades	finja	finjam	fingisse	fingíssemos	fingisses	fingíssedes	fingisse	fingissem	-	-	-	-	-	fingirem	-	-	-	-	-	fingirem	-	-
fisgar	-	-	-	-	-	-	-	-	-	-	-	-	-	-	-	-	-	-	fisguei	-	-	-	-	-	-	-	-	-	-	-	-	-	-	-	-	-	-	-	-	-	-	-	fisgue	fisguemos	fisgues	fisguedes	fisgue	fisguen	-	-	-	-	-	-	-	-	-	-	-	-	-	-	-	-	-	-	-	-
flexibilizar	-	-	-	-	-	-	-	-	-	-	-	-	-	-	-	-	-	-	-	-	-	-	-	-	-	-	-	-	-	-	-	-	-	-	-	-	-	-	-	-	-	-	-	-	-	-	-	flexibilicen	-	-	-	-	-	-	-	-	-	-	-	-	-	-	-	-	-	-	-	-
florecer	-	-	-	-	-	-	florezo	-	-	-	-	-	-	-	-	-	-	-	-	-	-	-	-	-	-	-	-	-	-	-	-	-	-	-	-	-	-	-	-	-	-	-	floreza	florezamos	florezas	florezades	floreza	florezan	-	-	-	-	-	-	-	-	-	-	-	-	-	-	-	-	-	-	-	-
fochicar	-	-	-	-	-	-	-	-	-	-	-	-	-	-	-	-	-	-	fochiquei	-	-	-	-	-	-	-	-	-	-	-	-	-	-	-	-	-	-	-	-	-	-	-	fochique	fochiquemos	fochiques	fochiquedes	fochique	fochiquem	-	-	-	-	-	-	-	-	-	-	-	-	-	-	-	-	-	-	-	-
folgar	-	-	-	-	-	-	-	-	-	-	-	-	-	-	-	-	-	-	folguei	-	-	-	-	-	-	-	-	-	-	-	-	-	-	-	-	-	-	-	-	-	-	-	folgue	folguemos	folgues	folguedes	folgue	folguem	-	-	-	-	-	-	-	-	-	-	-	-	-	-	-	-	-	-	-	-
folhear	-	-	-	-	-	-	-	-	-	-	-	folheam	folheava	folheávamos	folheavas	folheávades	folheava	folheavam	-	-	folheache	-	-	folhearam	-	folheáramos	-	folheárades	-	folhearam	-	-	-	-	-	folhearám	folhearia	folhearíamos	folhearias	folhearíades	folhearia	folheariam	-	-	-	-	-	folheem	folheasse	folheássemos	folheasses	folheássedes	folheasse	folheassem	-	-	-	-	-	folhearem	-	-	-	-	-	folhearem	-	-
formigar	-	-	-	-	-	-	-	-	-	-	-	-	-	-	-	-	-	-	formiguei	-	-	-	-	-	-	-	-	-	-	-	-	-	-	-	-	-	-	-	-	-	-	-	formigue	formiguemos	formigues	formiguedes	formigue	formiguen	-	-	-	-	-	-	-	-	-	-	-	-	-	-	-	-	-	-	-	-
fornecer	-	-	-	-	-	-	fornezo	-	-	-	-	-	-	-	-	-	-	-	-	-	-	-	-	-	-	-	-	-	-	-	-	-	-	-	-	-	-	-	-	-	-	-	forneza	fornezamos	fornezas	fornezades	forneza	fornezan	-	-	-	-	-	-	-	-	-	-	-	-	-	-	-	-	-	-	-	-
fortalecer	-	-	-	-	-	-	fortalezo	-	-	-	-	-	-	-	-	-	-	-	-	-	-	-	-	-	-	-	-	-	-	-	-	-	-	-	-	-	-	-	-	-	-	-	fortaleza	fortalezamos	fortalezas	fortalezades	fortaleza	fortalezan	-	-	-	-	-	-	-	-	-	-	-	-	-	-	-	-	-	-	-	-
forzar	-	-	-	-	-	-	-	-	-	-	-	-	-	-	-	-	-	-	forcei	-	-	-	-	-	-	-	-	-	-	-	-	-	-	-	-	-	-	-	-	-	-	-	force	forcemos	forces	forcedes	force	forcen	-	-	-	-	-	-	-	-	-	-	-	-	-	-	-	-	-	-	-	-
forçar	-	-	-	-	-	-	-	-	-	-	-	forçam	forçava	forçávamos	forçavas	forçávades	forçava	forçavam	forcei	-	forçache	-	-	forçaram	-	forçáramos	-	forçárades	-	forçaram	-	-	-	-	-	forçarám	forçaria	forçaríamos	forçarias	forçaríades	forçaria	forçariam	force	forcemos	forces	forcedes	force	forcem	forçasse	forçássemos	forçasses	forçássedes	forçasse	forçassem	-	-	-	-	-	forçarem	-	-	-	-	-	forçarem	-	-
fozar	-	-	-	-	-	-	-	-	-	-	-	-	-	-	-	-	-	-	focei	-	-	-	-	-	-	-	-	-	-	-	-	-	-	-	-	-	-	-	-	-	-	-	foce	focemos	foces	focedes	foce	focen	-	-	-	-	-	-	-	-	-	-	-	-	-	-	-	-	-	-	-	-
fregar	-	-	-	-	-	-	-	-	-	-	-	-	-	-	-	-	-	-	freguei	-	-	-	-	-	-	-	-	-	-	-	-	-	-	-	-	-	-	-	-	-	-	-	fregue	freguemos	fregues	freguedes	fregue	freguem	-	-	-	-	-	-	-	-	-	-	-	-	-	-	-	-	-	-	-	-
fumegar	-	-	-	-	-	-	-	-	-	-	-	-	-	-	-	-	-	-	fumeguei	-	-	-	-	-	-	-	-	-	-	-	-	-	-	-	-	-	-	-	-	-	-	-	fumegue	fumeguemos	fumegues	fumeguedes	fumegue	fumeguem	-	-	-	-	-	-	-	-	-	-	-	-	-	-	-	-	-	-	-	-
fumigar	-	-	-	-	-	-	-	-	-	-	-	-	-	-	-	-	-	-	fumiguei	-	-	-	-	-	-	-	-	-	-	-	-	-	-	-	-	-	-	-	-	-	-	-	fumigue	fumiguemos	fumigues	fumiguedes	fumigue	fumiguen	-	-	-	-	-	-	-	-	-	-	-	-	-	-	-	-	-	-	-	-
fungar	-	-	-	-	-	-	-	-	-	-	-	-	-	-	-	-	-	-	funguei	-	-	-	-	-	-	-	-	-	-	-	-	-	-	-	-	-	-	-	-	-	-	-	fungue	funguemos	fungues	funguedes	fungue	funguem	-	-	-	-	-	-	-	-	-	-	-	-	-	-	-	-	-	-	-	-
furricar	-	-	-	-	-	-	-	-	-	-	-	-	-	-	-	-	-	-	furriquei	-	-	-	-	-	-	-	-	-	-	-	-	-	-	-	-	-	-	-	-	-	-	-	furrique	furriquemos	furriques	furriquedes	furrique	furriquem	-	-	-	-	-	-	-	-	-	-	-	-	-	-	-	-	-	-	-	-
fustrigar	-	-	-	-	-	-	-	-	-	-	-	-	-	-	-	-	-	-	fustriguei	-	-	-	-	-	-	-	-	-	-	-	-	-	-	-	-	-	-	-	-	-	-	-	fustrigue	fustriguemos	fustrigues	fustriguedes	fustrigue	fustriguem	-	-	-	-	-	-	-	-	-	-	-	-	-	-	-	-	-	-	-	-
fuxir	-	-	-	-	-	-	-	-	foxes	-	foxe	foxen	-	-	-	-	-	-	-	-	-	-	-	-	-	-	-	-	-	-	-	-	-	-	-	-	-	-	-	-	-	-	-	-	-	-	-	-	-	-	-	-	-	-	-	-	-	-	-	-	-	-	-	-	-	-	-	-
galeguizar	-	-	-	-	-	-	-	-	-	-	-	-	-	-	-	-	-	-	-	-	-	-	-	-	-	-	-	-	-	-	-	-	-	-	-	-	-	-	-	-	-	-	-	-	-	-	-	galeguicen	-	-	-	-	-	-	-	-	-	-	-	-	-	-	-	-	-	-	-	-
galgar	-	-	-	-	-	-	-	-	-	-	-	-	-	-	-	-	-	-	galguei	-	-	-	-	-	-	-	-	-	-	-	-	-	-	-	-	-	-	-	-	-	-	-	galgue	galguemos	galgues	galguedes	galgue	galguem	-	-	-	-	-	-	-	-	-	-	-	-	-	-	-	-	-	-	-	-
gerar	-	-	-	-	-	-	-	-	-	-	-	geram	gerava	gerávamos	geravas	gerávades	gerava	geravam	-	-	gerache	-	-	geraram	-	geráramos	-	gerárades	-	geraram	-	-	-	-	-	gerarám	geraria	geraríamos	gerarias	geraríades	geraria	gerariam	-	-	-	-	-	gerem	gerasse	gerássemos	gerasses	gerássedes	gerasse	gerassem	-	-	-	-	-	gerarem	-	-	-	-	-	gerarem	-	-
globalizar	-	-	-	-	-	-	-	-	-	-	-	-	-	-	-	-	-	-	-	-	-	-	-	-	-	-	-	-	-	-	-	-	-	-	-	-	-	-	-	-	-	-	-	-	-	-	-	globalicen	-	-	-	-	-	-	-	-	-	-	-	-	-	-	-	-	-	-	-	-
gornecer	-	-	-	-	-	-	gornezo	-	-	-	-	-	-	-	-	-	-	-	-	-	-	-	-	-	-	-	-	-	-	-	-	-	-	-	-	-	-	-	-	-	-	-	gorneza	gornezamos	gornezas	gornezades	gorneza	gornezan	-	-	-	-	-	-	-	-	-	-	-	-	-	-	-	-	-	-	-	-
gozar	-	-	-	-	-	-	-	-	-	-	-	-	-	-	-	-	-	-	-	-	-	-	-	-	-	-	-	-	-	-	-	-	-	-	-	-	-	-	-	-	-	-	-	-	-	-	-	gocen	-	-	-	-	-	-	-	-	-	-	-	-	-	-	-	-	-	-	-	-
guarnecer	-	-	-	-	-	-	guarnezo	-	-	-	-	-	-	-	-	-	-	-	-	-	-	-	-	-	-	-	-	-	-	-	-	-	-	-	-	-	-	-	-	-	-	-	guarneza	guarnezamos	guarnezas	guarnezades	guarneza	guarnezan	-	-	-	-	-	-	-	-	-	-	-	-	-	-	-	-	-	-	-	-
guiar	-	-	-	-	-	-	-	-	-	-	-	guiam	-	-	-	-	-	-	-	-	-	-	-	-	-	-	-	-	-	-	-	-	-	-	-	-	-	-	-	-	-	-	-	-	-	-	-	guiem	-	-	-	-	-	-	-	-	-	-	-	-	-	-	-	-	-	-	-	-
haber	-	-	-	-	-	-	hei	-	has	-	ha	han	-	-	-	-	-	-	houben	houbemos	houbeches	houbestes	houbo	houberon	houbera	houberamos	houberas	houberades	houbera	houberan	-	-	-	-	-	-	-	-	-	-	-	-	haxa	haxamos	haxas	haxades	haxa	haxan	houbese	houbésemos	houbeses	houbésedes	houbese	houbesen	houber	houbermos	houberes	houberdes	houber	houberen	-	-	-	-	-	-	-	-
haver	-	-	-	-	-	-	hei	-	hás	-	há	ham	havia	havíamos	havias	havíades	havia	haviam	houve	houvemos	houveche	houvestes	houve	houveram	houvera	houvéramos	houveras	houvérades	houvera	houveram	-	-	-	-	-	haverám	haveria	haveríamos	haverias	haveríades	haveria	haveriam	haja	hajamos	hajas	hajades	haja	hajam	houvesse	houvéssemos	houvesses	houvéssedes	houvesse	houvessem	houver	houvermos	houveres	houverdes	houver	houverem	-	-	-	-	-	haverem	há	-
hipnotizar	-	-	-	-	-	-	-	-	-	-	-	-	-	-	-	-	-	-	-	-	-	-	-	-	-	-	-	-	-	-	-	-	-	-	-	-	-	-	-	-	-	-	-	-	-	-	-	hipnoticen	-	-	-	-	-	-	-	-	-	-	-	-	-	-	-	-	-	-	-	-
homosexualizar	-	-	-	-	-	-	-	-	-	-	-	-	-	-	-	-	-	-	homosexualicei	-	-	-	-	-	-	-	-	-	-	-	-	-	-	-	-	-	-	-	-	-	-	-	homosexualice	homosexualicemos	homosexualices	homosexualicedes	homosexualice	homosexualicen	-	-	-	-	-	-	-	-	-	-	-	-	-	-	-	-	-	-	-	-
hospitalizar	-	-	-	-	-	-	-	-	-	-	-	-	-	-	-	-	-	-	hospitalicei	-	-	-	-	-	-	-	-	-	-	-	-	-	-	-	-	-	-	-	-	-	-	-	hospitalice	hospitalicemos	hospitalices	hospitalicedes	hospitalice	hospitalicen	-	-	-	-	-	-	-	-	-	-	-	-	-	-	-	-	-	-	-	-
humanizar	-	-	-	-	-	-	-	-	-	-	-	-	-	-	-	-	-	-	-	-	-	-	-	-	-	-	-	-	-	-	-	-	-	-	-	-	-	-	-	-	-	-	-	-	-	-	-	humanicen	-	-	-	-	-	-	-	-	-	-	-	-	-	-	-	-	-	-	-	-
humidificar	-	-	-	-	-	-	-	-	-	-	-	-	-	-	-	-	-	-	humidifiquei	-	-	-	-	-	-	-	-	-	-	-	-	-	-	-	-	-	-	-	-	-	-	-	humidifique	humidifiquemos	humidifiques	humidifiquedes	humidifique	humidifiquem	-	-	-	-	-	-	-	-	-	-	-	-	-	-	-	-	-	-	-	-
idealizar	-	-	-	-	-	-	-	-	-	-	-	-	-	-	-	-	-	-	-	-	-	-	-	-	-	-	-	-	-	-	-	-	-	-	-	-	-	-	-	-	-	-	-	-	-	-	-	idealicen	-	-	-	-	-	-	-	-	-	-	-	-	-	-	-	-	-	-	-	-
identificar	-	-	-	-	-	-	-	-	-	-	-	-	-	-	-	-	-	-	identifiquei	-	-	-	-	-	-	-	-	-	-	-	-	-	-	-	-	-	-	-	-	-	-	-	identifique	identifiquemos	identifiques	identifiquedes	identifique	identifiquem	-	-	-	-	-	-	-	-	-	-	-	-	-	-	-	-	-	-	-	-
ideoloxizar	-	-	-	-	-	-	-	-	-	-	-	-	-	-	-	-	-	-	ideoloxicei	-	-	-	-	-	-	-	-	-	-	-	-	-	-	-	-	-	-	-	-	-	-	-	ideoloxice	ideoloxicemos	ideoloxices	ideoloxicedes	ideoloxice	ideoloxicen	-	-	-	-	-	-	-	-	-	-	-	-	-	-	-	-	-	-	-	-
igar	-	-	-	-	-	-	-	-	-	-	-	-	-	-	-	-	-	-	iguei	-	-	-	-	-	-	-	-	-	-	-	-	-	-	-	-	-	-	-	-	-	-	-	igue	iguemos	igues	iguedes	igue	iguem	-	-	-	-	-	-	-	-	-	-	-	-	-	-	-	-	-	-	-	-
ilegalizar	-	-	-	-	-	-	-	-	-	-	-	-	-	-	-	-	-	-	-	-	-	-	-	-	-	-	-	-	-	-	-	-	-	-	-	-	-	-	-	-	-	-	-	-	-	-	-	ilegalicen	-	-	-	-	-	-	-	-	-	-	-	-	-	-	-	-	-	-	-	-
impedir	-	-	-	-	-	-	impeço	-	-	-	-	impedem	-	-	-	-	-	-	-	-	-	-	-	-	-	-	-	-	-	-	-	-	-	-	-	-	-	-	-	-	-	-	impeça	impeçamos	impeças	impeçais	impeça	impeçam	-	-	-	-	-	-	-	-	-	-	-	-	-	-	-	-	-	-	-	-
implicar	-	-	-	-	-	-	-	-	-	-	-	-	-	-	-	-	-	-	impliquei	-	-	-	-	-	-	-	-	-	-	-	-	-	-	-	-	-	-	-	-	-	-	-	implique	impliquemos	impliques	impliquedes	implique	impliquem	-	-	-	-	-	-	-	-	-	-	-	-	-	-	-	-	-	-	-	-
impoñer	-	-	imposto	imposta	impostos	impostas	-	-	impós	-	impón	-	-	-	-	-	-	-	impuxen	impuxemos	impuxeches	impuxestes	impuxo	impuxeron	impuxera	impuxeramos	impuxeras	impuxerades	impuxera	impuxeran	-	-	-	-	-	-	-	-	-	-	-	-	-	-	-	-	-	-	impuxese	impuxésemos	impuxeses	impuxésedes	impuxese	impuxesen	impuxer	impuxermos	impuxeres	impuxerdes	impuxer	impuxeren	-	-	-	-	-	-	impón	-
inculcar	-	-	-	-	-	-	-	-	-	-	-	-	-	-	-	-	-	-	inculquei	-	-	-	-	-	-	-	-	-	-	-	-	-	-	-	-	-	-	-	-	-	-	-	inculque	inculquemos	inculques	inculquedes	inculque	inculquem	-	-	-	-	-	-	-	-	-	-	-	-	-	-	-	-	-	-	-	-
indemnizar	-	-	-	-	-	-	-	-	-	-	-	-	-	-	-	-	-	-	-	-	-	-	-	-	-	-	-	-	-	-	-	-	-	-	-	-	-	-	-	-	-	-	-	-	-	-	-	indemnicen	-	-	-	-	-	-	-	-	-	-	-	-	-	-	-	-	-	-	-	-
indicar	-	-	-	-	-	-	-	-	-	-	-	-	-	-	-	-	-	-	indiquei	-	-	-	-	-	-	-	-	-	-	-	-	-	-	-	-	-	-	-	-	-	-	-	indique	indiquemos	indiques	indiquedes	indique	indiquem	-	-	-	-	-	-	-	-	-	-	-	-	-	-	-	-	-	-	-	-
indispoñer	-	-	indisposto	indisposta	indispostos	indispostas	-	-	indispós	-	indispón	-	-	-	-	-	-	-	indispuxen	indispuxemos	indispuxeches	indispuxestes	indispuxo	indispuxeron	indispuxera	indispuxeramos	indispuxeras	indispuxerades	indispuxera	indispuxeran	-	-	-	-	-	-	-	-	-	-	-	-	-	-	-	-	-	-	indispuxese	indispuxésemos	indispuxeses	indispuxésedes	indispuxese	indispuxesen	indispuxer	indispuxermos	indispuxeres	indispuxerdes	indispuxer	indispuxeren	-	-	-	-	-	-	indispón	-
inducir	-	-	-	-	-	-	induzo	-	-	-	-	-	-	-	-	-	-	-	-	-	-	-	-	-	-	-	-	-	-	-	-	-	-	-	-	-	-	-	-	-	-	-	induza	induzamos	induzas	induzades	induza	induzan	-	-	-	-	-	-	-	-	-	-	-	-	-	-	-	-	-	-	-	-
industrializar	-	-	-	-	-	-	-	-	-	-	-	-	-	-	-	-	-	-	-	-	-	-	-	-	-	-	-	-	-	-	-	-	-	-	-	-	-	-	-	-	-	-	-	-	-	-	-	industrialicen	-	-	-	-	-	-	-	-	-	-	-	-	-	-	-	-	-	-	-	-
infantilizar	-	-	-	-	-	-	-	-	-	-	-	-	-	-	-	-	-	-	-	-	-	-	-	-	-	-	-	-	-	-	-	-	-	-	-	-	-	-	-	-	-	-	-	-	-	-	-	infantilicen	-	-	-	-	-	-	-	-	-	-	-	-	-	-	-	-	-	-	-	-
inmobilizar	-	-	-	-	-	-	-	-	-	-	-	-	-	-	-	-	-	-	inmobilicei	-	-	-	-	-	-	-	-	-	-	-	-	-	-	-	-	-	-	-	-	-	-	-	inmobilice	inmobilicemos	inmobilices	inmobilicedes	inmobilice	inmobilicen	-	-	-	-	-	-	-	-	-	-	-	-	-	-	-	-	-	-	-	-
inmortalizar	-	-	-	-	-	-	-	-	-	-	-	-	-	-	-	-	-	-	inmortalicei	-	-	-	-	-	-	-	-	-	-	-	-	-	-	-	-	-	-	-	-	-	-	-	inmortalice	inmortalicemos	inmortalices	inmortalicedes	inmortalice	inmortalicen	-	-	-	-	-	-	-	-	-	-	-	-	-	-	-	-	-	-	-	-
insensibilizar	-	-	-	-	-	-	-	-	-	-	-	-	-	-	-	-	-	-	-	-	-	-	-	-	-	-	-	-	-	-	-	-	-	-	-	-	-	-	-	-	-	-	-	-	-	-	-	insensibilicen	-	-	-	-	-	-	-	-	-	-	-	-	-	-	-	-	-	-	-	-
inserir	-	-	-	-	-	-	insiro	-	-	-	-	inserem	-	-	-	-	-	-	-	-	-	-	-	-	-	-	-	-	-	-	-	-	-	-	-	-	-	-	-	-	-	-	insira	insiramos	insiras	insirades	insira	insiram	-	-	-	-	-	-	-	-	-	-	-	-	-	-	-	-	-	-	-	-
insonorizar	-	-	-	-	-	-	-	-	-	-	-	-	-	-	-	-	-	-	-	-	-	-	-	-	-	-	-	-	-	-	-	-	-	-	-	-	-	-	-	-	-	-	-	-	-	-	-	insonoricen	-	-	-	-	-	-	-	-	-	-	-	-	-	-	-	-	-	-	-	-
institucionalizar	-	-	-	-	-	-	-	-	-	-	-	-	-	-	-	-	-	-	-	-	-	-	-	-	-	-	-	-	-	-	-	-	-	-	-	-	-	-	-	-	-	-	-	-	-	-	-	institucionalicen	-	-	-	-	-	-	-	-	-	-	-	-	-	-	-	-	-	-	-	-
instrumentalizar	-	-	-	-	-	-	-	-	-	-	-	-	-	-	-	-	-	-	-	-	-	-	-	-	-	-	-	-	-	-	-	-	-	-	-	-	-	-	-	-	-	-	-	-	-	-	-	instrumentalicen	-	-	-	-	-	-	-	-	-	-	-	-	-	-	-	-	-	-	-	-
interferir	-	-	-	-	-	-	interfiro	-	-	-	-	interferem	-	-	-	-	-	-	-	-	-	-	-	-	-	-	-	-	-	-	-	-	-	-	-	-	-	-	-	-	-	-	interfira	interfiramos	interfiras	interfirades	interfira	interfiram	-	-	-	-	-	-	-	-	-	-	-	-	-	-	-	-	-	-	-	-
intervir	-	-	intervindo	intervinda	intervindos	intervindas	intervenho	-	intervéns	-	intervém	intervenhem	intervinha	interviñamos	intervinhas	interviñades	intervinha	intervinham	-	interviemos	intervieste	interviestes	interveio	intervieram	interviera	intervinhéramos	intervieras	intervinhérades	interviera	intervieram	-	-	-	-	-	-	-	-	-	-	-	-	intervenha	intervenhamos	intervenhas	intervenhades	intervenha	intervenham	interviesse	intervinhéssemos	interviesses	intervinhéssedes	interviesse	interviessem	intervier	interviermos	intervieres	intervierdes	intervier	intervierem	-	-	-	-	-	-	intervém	-
intricar	-	-	-	-	-	-	-	-	-	-	-	-	-	-	-	-	-	-	intriquei	-	-	-	-	-	-	-	-	-	-	-	-	-	-	-	-	-	-	-	-	-	-	-	intrique	intriquemos	intriques	intriquedes	intrique	intriquem	-	-	-	-	-	-	-	-	-	-	-	-	-	-	-	-	-	-	-	-
introducir	-	-	-	-	-	-	introduzo	-	-	-	-	-	-	-	-	-	-	-	-	-	-	-	-	-	-	-	-	-	-	-	-	-	-	-	-	-	-	-	-	-	-	-	introduza	introduzamos	introduzas	introduzades	introduza	introduzan	-	-	-	-	-	-	-	-	-	-	-	-	-	-	-	-	-	-	-	-
investigar	-	-	-	-	-	-	-	-	-	-	-	-	-	-	-	-	-	-	investiguei	-	-	-	-	-	-	-	-	-	-	-	-	-	-	-	-	-	-	-	-	-	-	-	investigue	investiguemos	investigues	investiguedes	investigue	investiguem	-	-	-	-	-	-	-	-	-	-	-	-	-	-	-	-	-	-	-	-
investir	-	-	-	-	-	-	invisto	-	-	-	-	investem	-	-	-	-	-	-	-	-	-	-	-	-	-	-	-	-	-	-	-	-	-	-	-	-	-	-	-	-	-	-	invista	invistamos	invistas	invistades	invista	invistam	-	-	-	-	-	-	-	-	-	-	-	-	-	-	-	-	-	-	-	-
inviabilizar	-	-	-	-	-	-	-	-	-	-	-	-	-	-	-	-	-	-	-	-	-	-	-	-	-	-	-	-	-	-	-	-	-	-	-	-	-	-	-	-	-	-	-	-	-	-	-	inviabilicen	-	-	-	-	-	-	-	-	-	-	-	-	-	-	-	-	-	-	-	-
inxerir	-	-	-	-	-	-	inxiro	-	inxires	-	inxire	inxiren	-	-	-	-	-	-	-	-	-	-	-	-	-	-	-	-	-	-	-	-	-	-	-	-	-	-	-	-	-	-	inxira	inxiramos	inxiras	inxirades	inxira	inxiran	-	-	-	-	-	-	-	-	-	-	-	-	-	-	-	-	-	-	inxire	-
inzar	-	-	-	-	-	-	-	-	-	-	-	-	-	-	-	-	-	-	incei	-	-	-	-	-	-	-	-	-	-	-	-	-	-	-	-	-	-	-	-	-	-	-	ince	incemos	inces	incedes	ince	incen	-	-	-	-	-	-	-	-	-	-	-	-	-	-	-	-	-	-	-	-
ionizar	-	-	-	-	-	-	-	-	-	-	-	-	-	-	-	-	-	-	-	-	-	-	-	-	-	-	-	-	-	-	-	-	-	-	-	-	-	-	-	-	-	-	-	-	-	-	-	ionicen	-	-	-	-	-	-	-	-	-	-	-	-	-	-	-	-	-	-	-	-
irrigar	-	-	-	-	-	-	-	-	-	-	-	-	-	-	-	-	-	-	irriguei	-	-	-	-	-	-	-	-	-	-	-	-	-	-	-	-	-	-	-	-	-	-	-	irrigue	irriguemos	irrigues	irriguedes	irrigue	irriguem	-	-	-	-	-	-	-	-	-	-	-	-	-	-	-	-	-	-	-	-
iscar	-	-	-	-	-	-	-	-	-	-	-	-	-	-	-	-	-	-	isquei	-	-	-	-	-	-	-	-	-	-	-	-	-	-	-	-	-	-	-	-	-	-	-	isque	isquemos	isques	isquedes	isque	isquem	-	-	-	-	-	-	-	-	-	-	-	-	-	-	-	-	-	-	-	-
islamizar	-	-	-	-	-	-	-	-	-	-	-	-	-	-	-	-	-	-	-	-	-	-	-	-	-	-	-	-	-	-	-	-	-	-	-	-	-	-	-	-	-	-	-	-	-	-	-	islamicen	-	-	-	-	-	-	-	-	-	-	-	-	-	-	-	-	-	-	-	-
jantar	-	-	-	-	-	-	-	-	-	-	-	jantam	jantava	jantávamos	jantavas	jantávades	jantava	jantavam	-	-	jantache	-	-	jantaram	-	jantáramos	-	jantárades	-	jantaram	-	-	-	-	-	jantarám	jantaria	jantaríamos	jantarias	jantaríades	jantaria	jantariam	-	-	-	-	-	jantem	jantasse	jantássemos	jantasses	jantássedes	jantasse	jantassem	-	-	-	-	-	jantarem	-	-	-	-	-	jantarem	-	-
jogar	-	-	-	-	-	-	-	-	-	-	-	jogam	jogava	jogávamos	jogavas	jogávades	jogava	jogavam	joguei	-	jogache	-	-	jogaram	-	jogáramos	-	jogárades	-	jogaram	-	-	-	-	-	jogarám	jogaria	jogaríamos	jogarias	jogaríades	jogaria	jogariam	jogue	joguemos	jogues	joguedes	jogue	joguem	jogasse	jogássemos	jogasses	jogássedes	jogasse	jogassem	-	-	-	-	-	jogarem	-	-	-	-	-	jogarem	-	-
juntar	-	-	-	-	-	-	-	-	-	-	-	juntam	juntava	juntávamos	juntavas	juntávades	juntava	juntavam	-	-	juntache	-	-	juntaram	-	juntáramos	-	juntárades	-	juntaram	-	-	-	-	-	juntarám	juntaria	juntaríamos	juntarias	juntaríades	juntaria	juntariam	-	-	-	-	-	juntem	juntasse	juntássemos	juntasses	juntássedes	juntasse	juntassem	-	-	-	-	-	juntarem	-	-	-	-	-	juntarem	-	-
lambiscar	-	-	-	-	-	-	-	-	-	-	-	-	-	-	-	-	-	-	lambisquei	-	-	-	-	-	-	-	-	-	-	-	-	-	-	-	-	-	-	-	-	-	-	-	lambisque	lambisquemos	lambisques	lambisquedes	lambisque	lambisquem	-	-	-	-	-	-	-	-	-	-	-	-	-	-	-	-	-	-	-	-
lançar	-	-	-	-	-	-	-	-	-	-	-	lançam	lançava	lançávamos	lançavas	lançávades	lançava	lançavam	lancei	-	lançache	-	-	lançaram	-	lançáramos	-	lançárades	-	lançaram	-	-	-	-	-	lançarám	lançaria	lançaríamos	lançarias	lançaríades	lançaria	lançariam	lance	lancemos	lances	lancedes	lance	lancem	lançasse	lançássemos	lançasses	lançássedes	lançasse	lançassem	-	-	-	-	-	lançarem	-	-	-	-	-	lançarem	-	-
largar	-	-	-	-	-	-	-	-	-	-	-	-	-	-	-	-	-	-	larguei	-	-	-	-	-	-	-	-	-	-	-	-	-	-	-	-	-	-	-	-	-	-	-	largue	larguemos	largues	larguedes	largue	larguem	-	-	-	-	-	-	-	-	-	-	-	-	-	-	-	-	-	-	-	-
latricar	-	-	-	-	-	-	-	-	-	-	-	-	-	-	-	-	-	-	latriquei	-	-	-	-	-	-	-	-	-	-	-	-	-	-	-	-	-	-	-	-	-	-	-	latrique	latriquemos	latriques	latriquedes	latrique	latriquem	-	-	-	-	-	-	-	-	-	-	-	-	-	-	-	-	-	-	-	-
lazar	-	-	-	-	-	-	-	-	-	-	-	-	-	-	-	-	-	-	lacei	-	-	-	-	-	-	-	-	-	-	-	-	-	-	-	-	-	-	-	-	-	-	-	lace	lacemos	laces	lacedes	lace	lacen	-	-	-	-	-	-	-	-	-	-	-	-	-	-	-	-	-	-	-	-
legalizar	-	-	-	-	-	-	-	-	-	-	-	-	-	-	-	-	-	-	-	-	-	-	-	-	-	-	-	-	-	-	-	-	-	-	-	-	-	-	-	-	-	-	-	-	-	-	-	legalicen	-	-	-	-	-	-	-	-	-	-	-	-	-	-	-	-	-	-	-	-
ler	-	-	-	-	-	-	leio	-	-	-	-	-	-	-	-	-	-	-	-	-	-	-	-	-	-	-	-	-	-	-	-	-	-	-	-	-	-	-	-	-	-	-	lea	leamos	leas	leades	lea	leam	-	-	-	-	-	-	-	-	-	-	-	-	-	-	-	-	-	-	-	-
ligar	-	-	-	-	-	-	-	-	-	-	-	-	-	-	-	-	-	-	liguei	-	-	-	-	-	-	-	-	-	-	-	-	-	-	-	-	-	-	-	-	-	-	-	ligue	liguemos	ligues	liguedes	ligue	liguem	-	-	-	-	-	-	-	-	-	-	-	-	-	-	-	-	-	-	-	-
liscar	-	-	-	-	-	-	-	-	-	-	-	-	-	-	-	-	-	-	lisquei	-	-	-	-	-	-	-	-	-	-	-	-	-	-	-	-	-	-	-	-	-	-	-	lisque	lisquemos	lisques	lisquedes	lisque	lisquem	-	-	-	-	-	-	-	-	-	-	-	-	-	-	-	-	-	-	-	-
lobotomizar	-	-	-	-	-	-	-	-	-	-	-	-	-	-	-	-	-	-	-	-	-	-	-	-	-	-	-	-	-	-	-	-	-	-	-	-	-	-	-	-	-	-	-	-	-	-	-	lobotomicen	-	-	-	-	-	-	-	-	-	-	-	-	-	-	-	-	-	-	-	-
lostregar	-	-	-	-	-	-	-	-	-	-	-	lostregam	lostregava	lostregávamos	lostregavas	lostregávades	-	lostregavam	lostreguei	-	lostregache	-	-	lostregaram	-	lostregáramos	-	lostregárades	-	lostregaram	-	-	-	-	-	lostregarám	lostregaria	lostregaríamos	lostregarias	lostregaríades	-	lostregariam	lostregue	lostreguemos	lostregues	lostreguedes	lostregue	lostreguem	lostregasse	lostregássemos	lostregasses	lostregássedes	-	lostregassem	-	-	-	-	-	lostregarem	-	-	-	-	-	lostregarem	-	-
lucir	-	-	-	-	-	-	luzo	-	loces	-	loce	locen	-	-	-	-	-	-	-	-	-	-	-	-	-	-	-	-	-	-	-	-	-	-	-	-	-	-	-	-	-	-	luza	luzamos	luzas	luzades	luza	luzan	-	-	-	-	-	-	-	-	-	-	-	-	-	-	-	-	-	-	-	-
lumbrigar	-	-	-	-	-	-	-	-	-	-	-	lumbrigam	lumbrigava	lumbrigávamos	lumbrigavas	lumbrigávades	-	lumbrigavam	lumbriguei	-	lumbrigache	-	-	lumbrigaram	-	lumbrigáramos	-	lumbrigárades	-	lumbrigaram	-	-	-	-	-	lumbrigarám	lumbrigaria	lumbrigaríamos	lumbrigarias	lumbrigaríades	-	lumbrigariam	lumbrigue	lumbriguemos	lumbrigues	lumbriguedes	lumbrigue	lumbriguem	lumbrigasse	lumbrigássemos	lumbrigasses	lumbrigássedes	-	lumbrigassem	-	-	-	-	-	lumbrigarem	-	-	-	-	-	lumbrigarem	-	-
machucar	-	-	-	-	-	-	-	-	-	-	-	-	-	-	-	-	-	-	machuquei	-	-	-	-	-	-	-	-	-	-	-	-	-	-	-	-	-	-	-	-	-	-	-	machuque	machuquemos	machuques	machuquedes	machuque	machuquem	-	-	-	-	-	-	-	-	-	-	-	-	-	-	-	-	-	-	-	-
macicar	-	-	-	-	-	-	-	-	-	-	-	-	-	-	-	-	-	-	maciquei	-	-	-	-	-	-	-	-	-	-	-	-	-	-	-	-	-	-	-	-	-	-	-	macique	maciquemos	maciques	maciquedes	macique	maciquem	-	-	-	-	-	-	-	-	-	-	-	-	-	-	-	-	-	-	-	-
macizar	-	-	-	-	-	-	-	-	-	-	-	-	-	-	-	-	-	-	macicei	-	-	-	-	-	-	-	-	-	-	-	-	-	-	-	-	-	-	-	-	-	-	-	macice	macicemos	macices	macicedes	macice	macicen	-	-	-	-	-	-	-	-	-	-	-	-	-	-	-	-	-	-	-	-
madrugar	-	-	-	-	-	-	-	-	-	-	-	-	-	-	-	-	-	-	madruguei	-	-	-	-	-	-	-	-	-	-	-	-	-	-	-	-	-	-	-	-	-	-	-	madrugue	madruguemos	madrugues	madruguedes	madrugue	madruguem	-	-	-	-	-	-	-	-	-	-	-	-	-	-	-	-	-	-	-	-
malfacer	-	-	malfeito	malfeita	malfeitos	malfeitas	malfago	-	malfás	-	malfai	malfán	-	-	-	-	-	-	malfixen	malfixemos	malfixeches	malfixestes	malfixo	malfixeron	malfixera	malfixeramos	malfixeras	malfixerades	malfixera	malfixeran	malfarei	malfaremos	malfarás	malfaredes	malfará	malfarán	malfaría	malfariamos	malfarías	malfariades	malfaría	malfarían	malfaga	malfagamos	malfagas	malfagades	malfaga	malfagan	malfixese	malfixésemos	malfixeses	malfixésedes	malfixese	malfixesen	malfixer	malfixermos	malfixeres	malfixerdes	malfixer	malfixeren	-	-	-	-	-	-	malfai	-
malferir	-	-	-	-	-	-	malfiro	-	-	-	-	malferem	-	-	-	-	-	-	-	-	-	-	-	-	-	-	-	-	-	-	-	-	-	-	-	-	-	-	-	-	-	-	malfira	malfiramos	malfiras	malfirades	malfira	malfiram	-	-	-	-	-	-	-	-	-	-	-	-	-	-	-	-	-	-	-	-
malparir	-	-	-	-	-	-	-	-	-	-	-	-	-	-	-	-	-	-	-	-	-	-	-	-	-	-	-	-	-	-	-	-	-	-	-	-	-	-	-	-	-	-	-	-	-	-	-	malpairan	-	-	-	-	-	-	-	-	-	-	-	-	-	-	-	-	-	-	-	-
mancar	-	-	-	-	-	-	-	-	-	-	-	-	-	-	-	-	-	-	manquei	-	-	-	-	-	-	-	-	-	-	-	-	-	-	-	-	-	-	-	-	-	-	-	manque	manquemos	manques	manquedes	manque	manquem	-	-	-	-	-	-	-	-	-	-	-	-	-	-	-	-	-	-	-	-
mangar	-	-	-	-	-	-	-	-	-	-	-	-	-	-	-	-	-	-	manguei	-	-	-	-	-	-	-	-	-	-	-	-	-	-	-	-	-	-	-	-	-	-	-	mangue	manguemos	mangues	manguedes	mangue	manguem	-	-	-	-	-	-	-	-	-	-	-	-	-	-	-	-	-	-	-	-
manjar	-	-	-	-	-	-	-	-	-	-	-	manjam	manjava	manjávamos	manjavas	manjávades	manjava	manjavam	-	-	manjache	-	-	manjaram	-	manjáramos	-	manjárades	-	manjaram	-	-	-	-	-	manjarám	manjaria	manjaríamos	manjarias	manjaríades	manjaria	manjariam	-	-	-	-	-	manjem	manjasse	manjássemos	manjasses	manjássedes	manjasse	manjassem	-	-	-	-	-	manjarem	-	-	-	-	-	manjarem	-	-
manter	-	-	-	-	-	-	mantenho	-	manténs	-	mantém	mantenhem	mantinha	mantiñamos	mantinhas	mantiñades	mantinha	mantinham	mantive	mantivemos	mantiveche	mantivestes	manteve	mantiveram	mantivera	mantiveramos	mantiveras	mantiverades	mantivera	mantiveram	-	-	-	-	-	-	-	-	-	-	-	-	mantenha	mantenhamos	mantenhas	mantenhades	mantenha	mantenham	mantivese	mantivésemos	mantiveses	mantivésedes	mantivese	mantivesen	mantiver	mantivermos	mantiveres	mantiverdes	mantiver	mantiverem	-	-	-	-	-	-	mantém	-
marcar	-	-	-	-	-	-	-	-	-	-	-	-	-	-	-	-	-	-	marquei	-	-	-	-	-	-	-	-	-	-	-	-	-	-	-	-	-	-	-	-	-	-	-	marque	marquemos	marques	marquedes	marque	marquem	-	-	-	-	-	-	-	-	-	-	-	-	-	-	-	-	-	-	-	-
mariscar	-	-	-	-	-	-	-	-	-	-	-	-	-	-	-	-	-	-	marisquei	-	-	-	-	-	-	-	-	-	-	-	-	-	-	-	-	-	-	-	-	-	-	-	marisque	marisquemos	marisques	marisquedes	marisque	marisquem	-	-	-	-	-	-	-	-	-	-	-	-	-	-	-	-	-	-	-	-
mascar	-	-	-	-	-	-	-	-	-	-	-	-	-	-	-	-	-	-	masquei	-	-	-	-	-	-	-	-	-	-	-	-	-	-	-	-	-	-	-	-	-	-	-	masque	masquemos	masques	masquedes	masque	masquem	-	-	-	-	-	-	-	-	-	-	-	-	-	-	-	-	-	-	-	-
masculinizar	-	-	-	-	-	-	-	-	-	-	-	-	-	-	-	-	-	-	-	-	-	-	-	-	-	-	-	-	-	-	-	-	-	-	-	-	-	-	-	-	-	-	-	-	-	-	-	masculinicen	-	-	-	-	-	-	-	-	-	-	-	-	-	-	-	-	-	-	-	-
mastigar	-	-	-	-	-	-	-	-	-	-	-	-	-	-	-	-	-	-	mastiguei	-	-	-	-	-	-	-	-	-	-	-	-	-	-	-	-	-	-	-	-	-	-	-	mastigue	mastiguemos	mastigues	mastiguedes	mastigue	mastiguem	-	-	-	-	-	-	-	-	-	-	-	-	-	-	-	-	-	-	-	-
mazar	-	-	-	-	-	-	-	-	-	-	-	-	-	-	-	-	-	-	macei	-	-	-	-	-	-	-	-	-	-	-	-	-	-	-	-	-	-	-	-	-	-	-	mace	macemos	maces	macedes	mace	macen	-	-	-	-	-	-	-	-	-	-	-	-	-	-	-	-	-	-	-	-
mecanizar	-	-	-	-	-	-	-	-	-	-	-	-	-	-	-	-	-	-	mecanicei	-	-	-	-	-	-	-	-	-	-	-	-	-	-	-	-	-	-	-	-	-	-	-	mecanice	mecanicemos	mecanices	mecanicedes	mecanice	mecanicen	-	-	-	-	-	-	-	-	-	-	-	-	-	-	-	-	-	-	-	-
mediatizar	-	-	-	-	-	-	-	-	-	-	-	-	-	-	-	-	-	-	-	-	-	-	-	-	-	-	-	-	-	-	-	-	-	-	-	-	-	-	-	-	-	-	-	-	-	-	-	mediaticen	-	-	-	-	-	-	-	-	-	-	-	-	-	-	-	-	-	-	-	-
medicar	-	-	-	-	-	-	-	-	-	-	-	-	-	-	-	-	-	-	mediquei	-	-	-	-	-	-	-	-	-	-	-	-	-	-	-	-	-	-	-	-	-	-	-	medique	mediquemos	mediques	mediquedes	medique	mediquem	-	-	-	-	-	-	-	-	-	-	-	-	-	-	-	-	-	-	-	-
medir	-	-	-	-	-	-	meço	-	-	-	-	medem	-	-	-	-	-	-	-	-	-	-	-	-	-	-	-	-	-	-	-	-	-	-	-	-	-	-	-	-	-	-	meça	meçamos	meças	meçais	meça	meçam	-	-	-	-	-	-	-	-	-	-	-	-	-	-	-	-	-	-	-	-
melhorar	-	-	-	-	-	-	-	-	-	-	-	melhoram	melhorava	melhorávamos	melhoravas	melhorávades	melhorava	melhoravam	-	-	melhorache	-	-	melhoraram	-	melhoráramos	-	melhorárades	-	melhoraram	-	-	-	-	-	melhorarám	melhoraria	melhoraríamos	melhorarias	melhoraríades	melhoraria	melhorariam	-	-	-	-	-	melhorem	melhorasse	melhorássemos	melhorasses	melhorássedes	melhorasse	melhorassem	-	-	-	-	-	melhorarem	-	-	-	-	-	melhorarem	-	-
mentir	-	-	-	-	-	-	minto	-	-	-	-	-	-	-	-	-	-	-	-	-	-	-	-	-	-	-	-	-	-	-	-	-	-	-	-	-	-	-	-	-	-	-	minta	mintamos	mintas	mintades	minta	mintam	-	-	-	-	-	-	-	-	-	-	-	-	-	-	-	-	-	-	-	-
mercar	-	-	-	-	-	-	-	-	-	-	-	-	-	-	-	-	-	-	merquei	-	-	-	-	-	-	-	-	-	-	-	-	-	-	-	-	-	-	-	-	-	-	-	merque	merquemos	merques	merquedes	merque	merquem	-	-	-	-	-	-	-	-	-	-	-	-	-	-	-	-	-	-	-	-
merecer	-	-	-	-	-	-	merezo	-	-	-	-	-	-	-	-	-	-	-	-	-	-	-	-	-	-	-	-	-	-	-	-	-	-	-	-	-	-	-	-	-	-	-	mereza	merezamos	merezas	merezades	mereza	merezan	-	-	-	-	-	-	-	-	-	-	-	-	-	-	-	-	-	-	-	-
miar	-	-	-	-	-	-	-	-	-	-	-	miam	-	-	-	-	-	-	-	-	-	-	-	-	-	-	-	-	-	-	-	-	-	-	-	-	-	-	-	-	-	-	-	-	-	-	-	miem	-	-	-	-	-	-	-	-	-	-	-	-	-	-	-	-	-	-	-	-
migar	-	-	-	-	-	-	-	-	-	-	-	-	-	-	-	-	-	-	miguei	-	-	-	-	-	-	-	-	-	-	-	-	-	-	-	-	-	-	-	-	-	-	-	migue	miguemos	migues	miguedes	migue	miguem	-	-	-	-	-	-	-	-	-	-	-	-	-	-	-	-	-	-	-	-
militarizar	-	-	-	-	-	-	-	-	-	-	-	-	-	-	-	-	-	-	-	-	-	-	-	-	-	-	-	-	-	-	-	-	-	-	-	-	-	-	-	-	-	-	-	-	-	-	-	militaricen	-	-	-	-	-	-	-	-	-	-	-	-	-	-	-	-	-	-	-	-
minguar	-	-	-	-	-	-	-	-	-	-	-	-	-	-	-	-	-	-	-	-	-	-	-	-	-	-	-	-	-	-	-	-	-	-	-	-	-	-	-	-	-	-	-	-	-	-	-	minguem	-	-	-	-	-	-	-	-	-	-	-	-	-	-	-	-	-	-	-	-
mobilizar	-	-	-	-	-	-	-	-	-	-	-	-	-	-	-	-	-	-	-	-	-	-	-	-	-	-	-	-	-	-	-	-	-	-	-	-	-	-	-	-	-	-	-	-	-	-	-	mobilicen	-	-	-	-	-	-	-	-	-	-	-	-	-	-	-	-	-	-	-	-
modernizar	-	-	-	-	-	-	-	-	-	-	-	-	-	-	-	-	-	-	modernicei	-	-	-	-	-	-	-	-	-	-	-	-	-	-	-	-	-	-	-	-	-	-	-	modernice	modernicemos	modernices	modernicedes	modernice	modernicen	-	-	-	-	-	-	-	-	-	-	-	-	-	-	-	-	-	-	-	-
modificar	-	-	-	-	-	-	-	-	-	-	-	-	-	-	-	-	-	-	modifiquei	-	-	-	-	-	-	-	-	-	-	-	-	-	-	-	-	-	-	-	-	-	-	-	modifique	modifiquemos	modifiques	modifiquedes	modifique	modifiquem	-	-	-	-	-	-	-	-	-	-	-	-	-	-	-	-	-	-	-	-
moer	-	-	-	-	-	-	-	-	-	-	-	-	-	moíamos	-	moíades	-	-	-	-	moeche	-	-	-	-	-	-	-	-	-	-	-	-	-	-	-	-	-	-	-	-	-	-	-	-	-	-	moam	-	-	-	-	-	-	-	-	-	-	-	-	-	-	-	-	-	-	-	-
momificar	-	-	-	-	-	-	-	-	-	-	-	-	-	-	-	-	-	-	momifiquei	-	-	-	-	-	-	-	-	-	-	-	-	-	-	-	-	-	-	-	-	-	-	-	momifique	momifiquemos	momifiques	momifiquedes	momifique	momifiquen	-	-	-	-	-	-	-	-	-	-	-	-	-	-	-	-	-	-	-	-
monetizar	-	-	-	-	-	-	-	-	-	-	-	-	-	-	-	-	-	-	-	-	-	-	-	-	-	-	-	-	-	-	-	-	-	-	-	-	-	-	-	-	-	-	-	-	-	-	-	moneticen	-	-	-	-	-	-	-	-	-	-	-	-	-	-	-	-	-	-	-	-
monopolizar	-	-	-	-	-	-	-	-	-	-	-	-	-	-	-	-	-	-	-	-	-	-	-	-	-	-	-	-	-	-	-	-	-	-	-	-	-	-	-	-	-	-	-	-	-	-	-	monopolicen	-	-	-	-	-	-	-	-	-	-	-	-	-	-	-	-	-	-	-	-
morrer	-	-	morto	morta	mortos	mortas	-	-	-	-	-	-	-	-	-	-	-	-	-	-	-	-	-	-	-	-	-	-	-	-	-	-	-	-	-	-	-	-	-	-	-	-	-	-	-	-	-	-	-	-	-	-	-	-	-	-	-	-	-	-	-	-	-	-	-	-	-	-
moscar	-	-	-	-	-	-	-	-	-	-	-	-	-	-	-	-	-	-	mosquei	-	-	-	-	-	-	-	-	-	-	-	-	-	-	-	-	-	-	-	-	-	-	-	mosque	mosquemos	mosques	mosquedes	mosque	mosquem	-	-	-	-	-	-	-	-	-	-	-	-	-	-	-	-	-	-	-	-
moucar	-	-	-	-	-	-	-	-	-	-	-	-	-	-	-	-	-	-	mouquei	-	-	-	-	-	-	-	-	-	-	-	-	-	-	-	-	-	-	-	-	-	-	-	mouque	mouquemos	mouques	mouquedes	mouque	mouquem	-	-	-	-	-	-	-	-	-	-	-	-	-	-	-	-	-	-	-	-
muar	-	-	-	-	-	-	-	-	-	-	-	muam	-	-	-	-	-	-	-	-	-	-	-	-	-	-	-	-	-	-	-	-	-	-	-	-	-	-	-	-	-	-	-	-	-	-	-	muem	-	-	-	-	-	-	-	-	-	-	-	-	-	-	-	-	-	-	-	-
mudiar	-	-	-	-	-	-	-	-	-	-	-	mudiam	mudiava	mudiávamos	mudiavas	mudiávades	mudiava	mudiavam	-	-	mudiache	-	-	mudiaram	-	mudiáramos	-	mudiárades	-	mudiaram	-	-	-	-	-	mudiarám	mudiaria	mudiaríamos	mudiarias	mudiaríades	mudiaria	mudiariam	-	-	-	-	-	mudiem	mudiasse	mudiássemos	mudiasses	mudiássedes	mudiasse	mudiassem	-	-	-	-	-	mudiarem	-	-	-	-	-	mudiarem	-	-
mulir	-	-	-	-	-	-	-	-	-	-	-	molen	-	-	-	-	-	-	-	-	-	-	-	-	-	-	-	-	-	-	-	-	-	-	-	-	-	-	-	-	-	-	-	-	-	-	-	-	-	-	-	-	-	-	-	-	-	-	-	-	-	-	-	-	-	-	-	-
multiplicar	-	-	-	-	-	-	-	-	-	-	-	-	-	-	-	-	-	-	multipliquei	-	-	-	-	-	-	-	-	-	-	-	-	-	-	-	-	-	-	-	-	-	-	-	multiplique	multipliquemos	multipliques	multipliquedes	multiplique	multipliquem	-	-	-	-	-	-	-	-	-	-	-	-	-	-	-	-	-	-	-	-
muxir	-	-	-	-	-	-	-	-	moxes	-	moxe	moxen	-	-	-	-	-	-	-	-	-	-	-	-	-	-	-	-	-	-	-	-	-	-	-	-	-	-	-	-	-	-	-	-	-	-	-	-	-	-	-	-	-	-	-	-	-	-	-	-	-	-	-	-	-	-	-	-
nacer	-	-	-	-	-	-	nazo	-	-	-	-	-	-	-	-	-	-	-	-	-	-	-	-	-	-	-	-	-	-	-	-	-	-	-	-	-	-	-	-	-	-	-	naza	nazamos	nazas	nazades	naza	nazan	-	-	-	-	-	-	-	-	-	-	-	-	-	-	-	-	-	-	-	-
nasalizar	-	-	-	-	-	-	-	-	-	-	-	-	-	-	-	-	-	-	-	-	-	-	-	-	-	-	-	-	-	-	-	-	-	-	-	-	-	-	-	-	-	-	-	-	-	-	-	nasalicen	-	-	-	-	-	-	-	-	-	-	-	-	-	-	-	-	-	-	-	-
negar	-	-	-	-	-	-	-	-	-	-	-	-	-	-	-	-	-	-	neguei	-	-	-	-	-	-	-	-	-	-	-	-	-	-	-	-	-	-	-	-	-	-	-	negue	neguemos	negues	neguedes	negue	neguem	-	-	-	-	-	-	-	-	-	-	-	-	-	-	-	-	-	-	-	-
nominalizar	-	-	-	-	-	-	-	-	-	-	-	-	-	-	-	-	-	-	-	-	-	-	-	-	-	-	-	-	-	-	-	-	-	-	-	-	-	-	-	-	-	-	-	-	-	-	-	nominalicen	-	-	-	-	-	-	-	-	-	-	-	-	-	-	-	-	-	-	-	-
obedecer	-	-	-	-	-	-	obedezo	-	-	-	-	-	-	-	-	-	-	-	-	-	-	-	-	-	-	-	-	-	-	-	-	-	-	-	-	-	-	-	-	-	-	-	obedeza	obedezamos	obedezas	obedezades	obedeza	obedezan	-	-	-	-	-	-	-	-	-	-	-	-	-	-	-	-	-	-	-	-
obrigar	-	-	-	-	-	-	-	-	-	-	-	-	-	-	-	-	-	-	obriguei	-	-	-	-	-	-	-	-	-	-	-	-	-	-	-	-	-	-	-	-	-	-	-	obrigue	obriguemos	obrigues	obriguedes	obrigue	obriguem	-	-	-	-	-	-	-	-	-	-	-	-	-	-	-	-	-	-	-	-
obter	-	-	-	-	-	-	obtenho	-	obténs	-	obtém	obtenhem	obtinha	obtiñamos	obtinhas	obtiñades	obtinha	obtinham	obtive	obtivemos	obtiveche	obtivestes	obteve	obtiveram	obtivera	obtiveramos	obtiveras	obtiverades	obtivera	obtiveram	-	-	-	-	-	-	-	-	-	-	-	-	obtenha	obtenhamos	obtenhas	obtenhades	obtenha	obtenham	obtivese	obtivésemos	obtiveses	obtivésedes	obtivese	obtivesen	obtiver	obtivermos	obtiveres	obtiverdes	obtiver	obtiverem	-	-	-	-	-	-	obtém	-
ofrecer	-	-	-	-	-	-	ofrezo	-	-	-	-	-	-	-	-	-	-	-	-	-	-	-	-	-	-	-	-	-	-	-	-	-	-	-	-	-	-	-	-	-	-	-	ofreza	ofrezamos	ofrezas	ofrezades	ofreza	ofrezan	-	-	-	-	-	-	-	-	-	-	-	-	-	-	-	-	-	-	-	-
olhar	-	-	-	-	-	-	-	-	-	-	-	olham	olhava	olhávamos	olhavas	olhávades	olhava	olhavam	-	-	olhache	-	-	olharam	-	olháramos	-	olhárades	-	olharam	-	-	-	-	-	olharám	olharia	olharíamos	olharias	olharíades	olharia	olhariam	-	-	-	-	-	olhem	olhasse	olhássemos	olhasses	olhássedes	olhasse	olhassem	-	-	-	-	-	olharem	-	-	-	-	-	olharem	-	-
opoñer	-	-	oposto	oposta	opostos	opostas	-	-	opós	-	opón	-	-	-	-	-	-	-	opuxen	opuxemos	opuxeches	opuxestes	opuxo	opuxeron	opuxera	opuxeramos	opuxeras	opuxerades	opuxera	opuxeran	-	-	-	-	-	-	-	-	-	-	-	-	-	-	-	-	-	-	opuxese	opuxésemos	opuxeses	opuxésedes	opuxese	opuxesen	opuxer	opuxermos	opuxeres	opuxerdes	opuxer	opuxeren	-	-	-	-	-	-	opón	-
optimizar	-	-	-	-	-	-	-	-	-	-	-	-	-	-	-	-	-	-	optimicei	-	-	-	-	-	-	-	-	-	-	-	-	-	-	-	-	-	-	-	-	-	-	-	optimice	optimicemos	optimices	optimicedes	optimice	optimicen	-	-	-	-	-	-	-	-	-	-	-	-	-	-	-	-	-	-	-	-
organizar	-	-	-	-	-	-	-	-	-	-	-	-	-	-	-	-	-	-	-	-	-	-	-	-	-	-	-	-	-	-	-	-	-	-	-	-	-	-	-	-	-	-	-	-	-	-	-	organicen	-	-	-	-	-	-	-	-	-	-	-	-	-	-	-	-	-	-	-	-
oufegar	-	-	-	-	-	-	-	-	-	-	-	-	-	-	-	-	-	-	oufeguei	-	-	-	-	-	-	-	-	-	-	-	-	-	-	-	-	-	-	-	-	-	-	-	oufegue	oufeguemos	oufegues	oufeguedes	oufegue	oufeguem	-	-	-	-	-	-	-	-	-	-	-	-	-	-	-	-	-	-	-	-
outorgar	-	-	-	-	-	-	-	-	-	-	-	-	-	-	-	-	-	-	outorguei	-	-	-	-	-	-	-	-	-	-	-	-	-	-	-	-	-	-	-	-	-	-	-	outorgue	outorguemos	outorgues	outorguedes	outorgue	outorguem	-	-	-	-	-	-	-	-	-	-	-	-	-	-	-	-	-	-	-	-
ouvir	-	-	-	-	-	-	oiço	-	-	-	-	-	-	-	-	-	-	-	-	-	-	-	-	-	-	-	-	-	-	-	-	-	-	-	-	-	-	-	-	-	-	-	oiça	oiçamos	oiças	oiçades	oiça	oiçam	-	-	-	-	-	-	-	-	-	-	-	-	-	-	-	-	-	-	-	-
pacer	-	-	-	-	-	-	pazo	-	-	-	-	-	-	-	-	-	-	-	-	-	-	-	-	-	-	-	-	-	-	-	-	-	-	-	-	-	-	-	-	-	-	-	paza	pazamos	pazas	pazades	paza	pazan	-	-	-	-	-	-	-	-	-	-	-	-	-	-	-	-	-	-	-	-
pagar	-	-	-	-	-	-	-	-	-	-	-	-	-	-	-	-	-	-	paguei	-	-	-	-	-	-	-	-	-	-	-	-	-	-	-	-	-	-	-	-	-	-	-	pague	paguemos	pagues	paguedes	pague	paguem	-	-	-	-	-	-	-	-	-	-	-	-	-	-	-	-	-	-	-	-
palatalizar	-	-	-	-	-	-	-	-	-	-	-	-	-	-	-	-	-	-	-	-	-	-	-	-	-	-	-	-	-	-	-	-	-	-	-	-	-	-	-	-	-	-	-	-	-	-	-	palatalicen	-	-	-	-	-	-	-	-	-	-	-	-	-	-	-	-	-	-	-	-
palidecer	-	-	-	-	-	-	palidezo	-	-	-	-	-	-	-	-	-	-	-	-	-	-	-	-	-	-	-	-	-	-	-	-	-	-	-	-	-	-	-	-	-	-	-	palideza	palidezamos	palidezas	palidezades	palideza	palidezan	-	-	-	-	-	-	-	-	-	-	-	-	-	-	-	-	-	-	-	-
paralizar	-	-	-	-	-	-	-	-	-	-	-	-	-	-	-	-	-	-	-	-	-	-	-	-	-	-	-	-	-	-	-	-	-	-	-	-	-	-	-	-	-	-	-	-	-	-	-	paralicen	-	-	-	-	-	-	-	-	-	-	-	-	-	-	-	-	-	-	-	-
parecer	-	-	-	-	-	-	parezo	-	-	-	-	-	-	-	-	-	-	-	-	-	-	-	-	-	-	-	-	-	-	-	-	-	-	-	-	-	-	-	-	-	-	-	pareza	parezamos	parezas	parezades	pareza	parezan	-	-	-	-	-	-	-	-	-	-	-	-	-	-	-	-	-	-	-	-
parir	-	-	-	-	-	-	-	-	-	-	-	-	-	-	-	-	-	-	-	-	-	-	-	-	-	-	-	-	-	-	-	-	-	-	-	-	-	-	-	-	-	-	-	-	-	-	-	pairan	-	-	-	-	-	-	-	-	-	-	-	-	-	-	-	-	-	-	-	-
passar	-	-	-	-	-	-	-	-	-	-	-	passam	passava	passávamos	passavas	passávades	passava	passavam	-	-	passache	-	-	passaram	-	passáramos	-	passárades	-	passaram	-	-	-	-	-	passarám	passaria	passaríamos	passarias	passaríades	passaria	passariam	-	-	-	-	-	passem	passasse	passássemos	passasses	passássedes	passasse	passassem	-	-	-	-	-	passarem	-	-	-	-	-	passarem	-	-
pecar	-	-	-	-	-	-	-	-	-	-	-	-	-	-	-	-	-	-	pequei	-	-	-	-	-	-	-	-	-	-	-	-	-	-	-	-	-	-	-	-	-	-	-	peque	pequemos	peques	pequedes	peque	pequem	-	-	-	-	-	-	-	-	-	-	-	-	-	-	-	-	-	-	-	-
pedir	-	-	-	-	-	-	peço	-	-	-	-	pedem	-	-	-	-	-	-	-	-	-	-	-	-	-	-	-	-	-	-	-	-	-	-	-	-	-	-	-	-	-	-	peça	peçamos	peças	peçais	peça	peçam	-	-	-	-	-	-	-	-	-	-	-	-	-	-	-	-	-	-	-	-
pegar	-	-	-	-	-	-	-	-	-	-	-	-	-	-	-	-	-	-	peguei	-	-	-	-	-	-	-	-	-	-	-	-	-	-	-	-	-	-	-	-	-	-	-	pegue	peguemos	pegues	peguedes	pegue	peguem	-	-	-	-	-	-	-	-	-	-	-	-	-	-	-	-	-	-	-	-
peonalizar	-	-	-	-	-	-	-	-	-	-	-	-	-	-	-	-	-	-	peonalicei	-	-	-	-	-	-	-	-	-	-	-	-	-	-	-	-	-	-	-	-	-	-	-	peonalice	peonalicemos	peonalices	peonalicedes	peonalice	peonalicen	-	-	-	-	-	-	-	-	-	-	-	-	-	-	-	-	-	-	-	-
perceber	-	-	-	-	-	-	-	-	-	-	-	percebem	percebia	percebíamos	percebias	percebíades	percebia	percebiam	percebi	-	percebeche	-	-	perceberam	-	percebêramos	-	percebêrades	-	perceberam	-	-	-	-	-	perceberám	perceberia	perceberíamos	perceberias	perceberíades	perceberia	perceberiam	-	-	-	-	-	percebam	percebesse	percebêssemos	percebesses	percebêssedes	percebesse	percebessem	-	-	-	-	-	perceberem	-	-	-	-	-	perceberem	-	-
permanecer	-	-	-	-	-	-	permanezo	-	-	-	-	-	-	-	-	-	-	-	-	-	-	-	-	-	-	-	-	-	-	-	-	-	-	-	-	-	-	-	-	-	-	-	permaneza	permanezamos	permanezas	permanezades	permaneza	permanezan	-	-	-	-	-	-	-	-	-	-	-	-	-	-	-	-	-	-	-	-
perseguir	-	-	-	-	-	-	persigo	-	-	-	-	-	-	-	-	-	-	-	-	-	-	-	-	-	-	-	-	-	-	-	-	-	-	-	-	-	-	-	-	-	-	-	persiga	persigamos	persigas	persigades	persiga	persigam	-	-	-	-	-	-	-	-	-	-	-	-	-	-	-	-	-	-	-	-
personalizar	-	-	-	-	-	-	-	-	-	-	-	-	-	-	-	-	-	-	-	-	-	-	-	-	-	-	-	-	-	-	-	-	-	-	-	-	-	-	-	-	-	-	-	-	-	-	-	personalicen	-	-	-	-	-	-	-	-	-	-	-	-	-	-	-	-	-	-	-	-
pertencer	-	-	-	-	-	-	pertenzo	-	-	-	-	-	-	-	-	-	-	-	-	-	-	-	-	-	-	-	-	-	-	-	-	-	-	-	-	-	-	-	-	-	-	-	pertenza	pertenzamos	pertenzas	pertenzades	pertenza	pertenzan	-	-	-	-	-	-	-	-	-	-	-	-	-	-	-	-	-	-	-	-
pescar	-	-	-	-	-	-	-	-	-	-	-	-	-	-	-	-	-	-	pesquei	-	-	-	-	-	-	-	-	-	-	-	-	-	-	-	-	-	-	-	-	-	-	-	pesque	pesquemos	pesques	pesquedes	pesque	pesquem	-	-	-	-	-	-	-	-	-	-	-	-	-	-	-	-	-	-	-	-
petrificar	-	-	-	-	-	-	-	-	-	-	-	-	-	-	-	-	-	-	petrifiquei	-	-	-	-	-	-	-	-	-	-	-	-	-	-	-	-	-	-	-	-	-	-	-	petrifique	petrifiquemos	petrifiques	petrifiquedes	petrifique	petrifiquen	-	-	-	-	-	-	-	-	-	-	-	-	-	-	-	-	-	-	-	-
piar	-	-	-	-	-	-	-	-	-	-	-	piam	-	-	-	-	-	-	-	-	-	-	-	-	-	-	-	-	-	-	-	-	-	-	-	-	-	-	-	-	-	-	-	-	-	-	-	piem	-	-	-	-	-	-	-	-	-	-	-	-	-	-	-	-	-	-	-	-
picar	-	-	-	-	-	-	-	-	-	-	-	-	-	-	-	-	-	-	piquei	-	-	-	-	-	-	-	-	-	-	-	-	-	-	-	-	-	-	-	-	-	-	-	pique	piquemos	piques	piquedes	pique	piquem	-	-	-	-	-	-	-	-	-	-	-	-	-	-	-	-	-	-	-	-
pingar	-	-	-	-	-	-	-	-	-	-	-	-	-	-	-	-	-	-	pinguei	-	-	-	-	-	-	-	-	-	-	-	-	-	-	-	-	-	-	-	-	-	-	-	pingue	pinguemos	pingues	pinguedes	pingue	pinguem	-	-	-	-	-	-	-	-	-	-	-	-	-	-	-	-	-	-	-	-
piscar	-	-	-	-	-	-	-	-	-	-	-	-	-	-	-	-	-	-	pisquei	-	-	-	-	-	-	-	-	-	-	-	-	-	-	-	-	-	-	-	-	-	-	-	pisque	pisquemos	pisques	pisquedes	pisque	pisquem	-	-	-	-	-	-	-	-	-	-	-	-	-	-	-	-	-	-	-	-
plagiar	-	-	-	-	-	-	-	-	-	-	-	plagiam	plagiava	plagiávamos	plagiavas	plagiávades	plagiava	plagiavam	-	-	plagiache	-	-	plagiaram	-	plagiáramos	-	plagiárades	-	plagiaram	-	-	-	-	-	plagiarám	plagiaria	plagiaríamos	plagiarias	plagiaríades	plagiaria	plagiariam	-	-	-	-	-	plagiem	plagiasse	plagiássemos	plagiasses	plagiássedes	plagiasse	plagiassem	-	-	-	-	-	plagiarem	-	-	-	-	-	plagiarem	-	-
poder	-	-	-	-	-	-	-	-	-	-	-	-	-	-	-	-	-	-	pude	pudemos	pudeche	pudestes	pudo	puderam	pudera	pudéramos	puderas	pudérades	pudera	puderam	-	-	-	-	-	-	-	-	-	-	-	-	-	-	-	-	-	podam	pudesse	pudéssemos	pudesses	pudéssedes	pudesse	pudessem	puder	pudermos	puderes	puderdes	puder	puderem	-	-	-	-	-	-	-	-
podrecer	-	-	-	-	-	-	podrezo	-	-	-	-	-	-	-	-	-	-	-	-	-	-	-	-	-	-	-	-	-	-	-	-	-	-	-	-	-	-	-	-	-	-	-	podreza	podrezamos	podrezas	podrezades	podreza	podrezan	-	-	-	-	-	-	-	-	-	-	-	-	-	-	-	-	-	-	-	-
polarizar	-	-	-	-	-	-	-	-	-	-	-	-	-	-	-	-	-	-	polaricei	-	-	-	-	-	-	-	-	-	-	-	-	-	-	-	-	-	-	-	-	-	-	-	polarice	polaricemos	polarices	polaricedes	polarice	polaricen	-	-	-	-	-	-	-	-	-	-	-	-	-	-	-	-	-	-	-	-
polinizar	-	-	-	-	-	-	-	-	-	-	-	-	-	-	-	-	-	-	-	-	-	-	-	-	-	-	-	-	-	-	-	-	-	-	-	-	-	-	-	-	-	-	-	-	-	-	-	polinicen	-	-	-	-	-	-	-	-	-	-	-	-	-	-	-	-	-	-	-	-
politizar	-	-	-	-	-	-	-	-	-	-	-	-	-	-	-	-	-	-	-	-	-	-	-	-	-	-	-	-	-	-	-	-	-	-	-	-	-	-	-	-	-	-	-	-	-	-	-	politicen	-	-	-	-	-	-	-	-	-	-	-	-	-	-	-	-	-	-	-	-
porfiar	-	-	-	-	-	-	-	-	-	-	-	porfiam	-	-	-	-	-	-	-	-	-	-	-	-	-	-	-	-	-	-	-	-	-	-	-	-	-	-	-	-	-	-	-	-	-	-	-	porfiem	-	-	-	-	-	-	-	-	-	-	-	-	-	-	-	-	-	-	-	-
poñer	-	-	posto	posta	postos	postas	-	-	pos	-	pon	-	-	-	-	-	-	-	puxen	puxemos	puxeches	puxestes	puxo	puxeron	puxera	puxeramos	puxeras	puxerades	puxera	puxeran	-	-	-	-	-	-	-	-	-	-	-	-	-	-	-	-	-	-	puxese	puxésemos	puxeses	puxésedes	puxese	puxesen	puxer	puxermos	puxeres	puxerdes	puxer	puxeren	-	-	-	-	-	-	pon	-
pracer	-	-	-	-	-	-	prazo	-	-	-	-	-	-	-	-	-	-	-	prouguen	prouguemos	prougueches	prouguestes	prougo	prougueron	prouguera	prougueramos	prougueras	prouguerades	prouguera	prougueran	-	-	-	-	-	-	-	-	-	-	-	-	praza	prazamos	prazas	prazades	praza	prazan	prouguese	prouguésemos	prougueses	prouguésedes	prouguese	prouguesen	prouguer	prouguermos	prougueres	prouguerdes	prouguer	prougueren	-	-	-	-	-	-	-	-
precarizar	-	-	-	-	-	-	-	-	-	-	-	-	-	-	-	-	-	-	-	-	-	-	-	-	-	-	-	-	-	-	-	-	-	-	-	-	-	-	-	-	-	-	-	-	-	-	-	precaricen	-	-	-	-	-	-	-	-	-	-	-	-	-	-	-	-	-	-	-	-
precocer	-	-	-	-	-	-	precozo	-	-	-	-	-	-	-	-	-	-	-	-	-	-	-	-	-	-	-	-	-	-	-	-	-	-	-	-	-	-	-	-	-	-	-	precoza	precozamos	precozas	precozades	precoza	precozan	-	-	-	-	-	-	-	-	-	-	-	-	-	-	-	-	-	-	-	-
predicar	-	-	-	-	-	-	-	-	-	-	-	-	-	-	-	-	-	-	prediquei	-	-	-	-	-	-	-	-	-	-	-	-	-	-	-	-	-	-	-	-	-	-	-	predique	prediquemos	prediques	prediquedes	predique	prediquem	-	-	-	-	-	-	-	-	-	-	-	-	-	-	-	-	-	-	-	-
predicir	-	-	predito	predita	preditos	preditas	predigo	-	predís	-	predí	predín	-	-	-	-	-	-	predixen	predixemos	predixeches	predixestes	predixo	predixeron	predixera	predixeramos	predixeras	predixerades	predixera	predixeran	predirei	prediremos	predirás	prediredes	predirá	predirán	prediría	prediriamos	predirías	prediriades	prediría	predirían	prediga	predigamos	predigas	predigades	prediga	predigan	predixese	predixésemos	predixeses	predixésedes	predixese	predixesen	predixer	predixermos	predixeres	predixerdes	predixer	predixeren	-	-	-	-	-	-	predí	-
predispoñer	-	-	predisposto	predisposta	predispostos	predispostas	-	-	predispós	-	predispón	-	-	-	-	-	-	-	predispuxen	predispuxemos	predispuxeches	predispuxestes	predispuxo	predispuxeron	predispuxera	predispuxeramos	predispuxeras	predispuxerades	predispuxera	predispuxeran	-	-	-	-	-	-	-	-	-	-	-	-	-	-	-	-	-	-	predispuxese	predispuxésemos	predispuxeses	predispuxésedes	predispuxese	predispuxesen	predispuxer	predispuxermos	predispuxeres	predispuxerdes	predispuxer	predispuxeren	-	-	-	-	-	-	predispón	-
preferir	-	-	-	-	-	-	prefiro	-	-	-	-	preferem	-	-	-	-	-	-	-	-	-	-	-	-	-	-	-	-	-	-	-	-	-	-	-	-	-	-	-	-	-	-	prefira	prefiramos	prefiras	prefirades	prefira	prefiram	-	-	-	-	-	-	-	-	-	-	-	-	-	-	-	-	-	-	-	-
pregar	-	-	-	-	-	-	-	-	-	-	-	-	-	-	-	-	-	-	preguei	-	-	-	-	-	-	-	-	-	-	-	-	-	-	-	-	-	-	-	-	-	-	-	pregue	preguemos	pregues	preguedes	pregue	preguem	-	-	-	-	-	-	-	-	-	-	-	-	-	-	-	-	-	-	-	-
presentir	-	-	-	-	-	-	presinto	-	-	-	-	-	-	-	-	-	-	-	-	-	-	-	-	-	-	-	-	-	-	-	-	-	-	-	-	-	-	-	-	-	-	-	presinta	presintamos	presintas	presintades	presinta	presintan	-	-	-	-	-	-	-	-	-	-	-	-	-	-	-	-	-	-	presinte	-
presupoñer	-	-	presuposto	presuposta	presupostos	presupostas	-	-	presupós	-	presupón	-	-	-	-	-	-	-	presupuxen	presupuxemos	presupuxeches	presupuxestes	presupuxo	presupuxeron	presupuxera	presupuxeramos	presupuxeras	presupuxerades	presupuxera	presupuxeran	-	-	-	-	-	-	-	-	-	-	-	-	-	-	-	-	-	-	presupuxese	presupuxésemos	presupuxeses	presupuxésedes	presupuxese	presupuxesen	presupuxer	presupuxermos	presupuxeres	presupuxerdes	presupuxer	presupuxeren	-	-	-	-	-	-	presupón	-
presurizar	-	-	-	-	-	-	-	-	-	-	-	-	-	-	-	-	-	-	presuricei	-	-	-	-	-	-	-	-	-	-	-	-	-	-	-	-	-	-	-	-	-	-	-	presurice	presuricemos	presurices	presuricedes	presurice	presuricen	-	-	-	-	-	-	-	-	-	-	-	-	-	-	-	-	-	-	-	-
prever	-	-	previsto	prevista	previstos	previstas	prevejo	-	prevés	-	prevé	preveem	-	-	-	-	-	-	-	previmos	-	previstes	previu	previram	previra	previramos	previras	previrades	previra	previram	-	-	-	-	-	-	-	-	-	-	-	-	preveja	prevejamos	prevejas	prevejades	preveja	prevejam	previse	prevísemos	previses	prevísedes	previse	previsen	previr	previrmos	previres	previrdes	previr	previrem	-	-	-	-	-	-	prevé	-
previsualizar	-	-	-	-	-	-	-	-	-	-	-	-	-	-	-	-	-	-	-	-	-	-	-	-	-	-	-	-	-	-	-	-	-	-	-	-	-	-	-	-	-	-	-	-	-	-	-	previsualicen	-	-	-	-	-	-	-	-	-	-	-	-	-	-	-	-	-	-	-	-
priorizar	-	-	-	-	-	-	-	-	-	-	-	-	-	-	-	-	-	-	-	-	-	-	-	-	-	-	-	-	-	-	-	-	-	-	-	-	-	-	-	-	-	-	-	-	-	-	-	prioricen	-	-	-	-	-	-	-	-	-	-	-	-	-	-	-	-	-	-	-	-
privatizar	-	-	-	-	-	-	-	-	-	-	-	-	-	-	-	-	-	-	-	-	-	-	-	-	-	-	-	-	-	-	-	-	-	-	-	-	-	-	-	-	-	-	-	-	-	-	-	privaticen	-	-	-	-	-	-	-	-	-	-	-	-	-	-	-	-	-	-	-	-
processar	-	-	-	-	-	-	-	-	-	-	-	processam	processava	processávamos	processavas	processávades	processava	processavam	-	-	processache	-	-	processaram	-	processáramos	-	processárades	-	processaram	-	-	-	-	-	processarám	processaria	processaríamos	processarias	processaríades	processaria	processariam	-	-	-	-	-	processem	processasse	processássemos	processasses	processássedes	processasse	processassem	-	-	-	-	-	processarem	-	-	-	-	-	processarem	-	-
producir	-	-	-	-	-	-	produzo	-	-	-	-	-	-	-	-	-	-	-	-	-	-	-	-	-	-	-	-	-	-	-	-	-	-	-	-	-	-	-	-	-	-	-	produza	produzamos	produzas	produzades	produza	produzan	-	-	-	-	-	-	-	-	-	-	-	-	-	-	-	-	-	-	-	-
produzir	-	-	-	-	-	-	-	-	-	-	produz	produzem	produzia	produzíamos	produzias	produzíades	produzia	produziam	produzi	-	produziche	-	-	produziram	-	produzíramos	-	produzírades	-	produziram	-	-	-	-	-	produzirám	produziria	produziríamos	produzirias	produziríades	produziria	produziriam	-	-	-	-	-	produzam	produzisse	produzíssemos	produzisses	produzíssedes	produzisse	produzissem	-	-	-	-	-	produzirem	-	-	-	-	-	produzirem	-	-
proer	-	-	proído	proída	proídos	proídas	-	-	-	-	-	-	-	proíamos	-	proíades	-	-	-	-	proeche	-	-	-	-	-	-	-	-	-	-	-	-	-	-	-	-	-	-	-	-	-	-	-	-	-	-	proam	-	-	-	-	-	-	-	-	-	-	-	-	-	-	-	-	-	-	-	-
proferir	-	-	-	-	-	-	profiro	-	-	-	-	proferem	-	-	-	-	-	-	-	-	-	-	-	-	-	-	-	-	-	-	-	-	-	-	-	-	-	-	-	-	-	-	profira	profiramos	profiras	profirades	profira	profiram	-	-	-	-	-	-	-	-	-	-	-	-	-	-	-	-	-	-	-	-
profesionalizar	-	-	-	-	-	-	-	-	-	-	-	-	-	-	-	-	-	-	profesionalicei	-	-	-	-	-	-	-	-	-	-	-	-	-	-	-	-	-	-	-	-	-	-	-	profesionalice	profesionalicemos	profesionalices	profesionalicedes	profesionalice	profesionalicen	-	-	-	-	-	-	-	-	-	-	-	-	-	-	-	-	-	-	-	-
proibir	-	-	-	-	-	-	proíbo	-	proíbes	-	proíbe	proíbem	proibia	proibíamos	proibias	proibíades	proibia	proibiam	proibi	-	proibiche	-	-	proibiram	-	proibíramos	-	proibírades	-	proibiram	-	-	-	-	-	proibirám	proibiria	proibiríamos	proibirias	proibiríades	proibiria	proibiriam	proíba	-	proíbas	-	proíba	proíbam	proibisse	proibíssemos	proibisses	proibíssedes	proibisse	proibissem	-	-	-	-	-	proibirem	-	-	-	-	-	proibirem	proíbe	-
prolongar	-	-	-	-	-	-	-	-	-	-	-	-	-	-	-	-	-	-	prolonguei	-	-	-	-	-	-	-	-	-	-	-	-	-	-	-	-	-	-	-	-	-	-	-	prolongue	prolonguemos	prolongues	prolonguedes	prolongue	prolonguem	-	-	-	-	-	-	-	-	-	-	-	-	-	-	-	-	-	-	-	-
propoñer	-	-	proposto	proposta	propostos	propostas	-	-	propós	-	propón	-	-	-	-	-	-	-	propuxen	propuxemos	propuxeches	propuxestes	propuxo	propuxeron	propuxera	propuxeramos	propuxeras	propuxerades	propuxera	propuxeran	-	-	-	-	-	-	-	-	-	-	-	-	-	-	-	-	-	-	propuxese	propuxésemos	propuxeses	propuxésedes	propuxese	propuxesen	propuxer	propuxermos	propuxeres	propuxerdes	propuxer	propuxeren	-	-	-	-	-	-	propón	-
prorrogar	-	-	-	-	-	-	-	-	-	-	-	-	-	-	-	-	-	-	prorroguei	-	-	-	-	-	-	-	-	-	-	-	-	-	-	-	-	-	-	-	-	-	-	-	prorrogue	prorroguemos	prorrogues	prorroguedes	prorrogue	prorroguem	-	-	-	-	-	-	-	-	-	-	-	-	-	-	-	-	-	-	-	-
proseguir	-	-	-	-	-	-	prosigo	-	-	-	-	-	-	-	-	-	-	-	-	-	-	-	-	-	-	-	-	-	-	-	-	-	-	-	-	-	-	-	-	-	-	-	prosiga	prosigamos	prosigas	prosigades	prosiga	prosigan	-	-	-	-	-	-	-	-	-	-	-	-	-	-	-	-	-	-	prosigue	-
proteger	-	-	-	-	-	-	protejo	-	-	-	-	protegem	protegia	protegíamos	protegias	protegíades	protegia	protegiam	protegi	-	protegeche	-	-	protegeram	-	protegêramos	-	protegêrades	-	protegeram	-	-	-	-	-	protegerám	protegeria	protegeríamos	protegerias	protegeríades	protegeria	protegeriam	proteja	protejamos	protejas	protejades	proteja	protejam	protegesse	protegêssemos	protegesses	protegêssedes	protegesse	protegessem	-	-	-	-	-	protegerem	-	-	-	-	-	protegerem	-	-
provir	-	-	provindo	provinda	provindos	provindas	provenho	-	provéns	-	provém	provenhem	provinha	proviñamos	provinhas	proviñades	provinha	provinham	-	proviemos	provieste	proviestes	proveio	provieram	proviera	provinhéramos	provieras	provinhérades	proviera	provieram	-	-	-	-	-	-	-	-	-	-	-	-	provenha	provenhamos	provenhas	provenhades	provenha	provenham	proviesse	provinhéssemos	proviesses	provinhéssedes	proviesse	proviessem	provier	proviermos	provieres	provierdes	provier	provierem	-	-	-	-	-	-	provém	-
publicar	-	-	-	-	-	-	-	-	-	-	-	-	-	-	-	-	-	-	publiquei	-	-	-	-	-	-	-	-	-	-	-	-	-	-	-	-	-	-	-	-	-	-	-	publique	publiquemos	publiques	publiquedes	publique	publiquem	-	-	-	-	-	-	-	-	-	-	-	-	-	-	-	-	-	-	-	-
pulir	-	-	-	-	-	-	-	-	poles	-	pole	polen	-	-	-	-	-	-	-	-	-	-	-	-	-	-	-	-	-	-	-	-	-	-	-	-	-	-	-	-	-	-	-	-	-	-	-	-	-	-	-	-	-	-	-	-	-	-	-	-	-	-	-	-	-	-	-	-
purificar	-	-	-	-	-	-	-	-	-	-	-	-	-	-	-	-	-	-	purifiquei	-	-	-	-	-	-	-	-	-	-	-	-	-	-	-	-	-	-	-	-	-	-	-	purifique	purifiquemos	purifiques	purifiquedes	purifique	purifiquem	-	-	-	-	-	-	-	-	-	-	-	-	-	-	-	-	-	-	-	-
quecer	-	-	-	-	-	-	quezo	-	-	-	-	-	-	-	-	-	-	-	-	-	-	-	-	-	-	-	-	-	-	-	-	-	-	-	-	-	-	-	-	-	-	-	queza	quezamos	quezas	quezades	queza	quezan	-	-	-	-	-	-	-	-	-	-	-	-	-	-	-	-	-	-	-	-
quencer	-	-	-	-	-	-	quenzo	-	-	-	-	-	-	-	-	-	-	-	-	-	-	-	-	-	-	-	-	-	-	-	-	-	-	-	-	-	-	-	-	-	-	-	quenza	quenzamos	quenzas	quenzades	quenza	quenzan	-	-	-	-	-	-	-	-	-	-	-	-	-	-	-	-	-	-	-	-
querer	-	-	-	-	-	-	-	-	-	-	-	-	-	-	-	-	-	-	quigem	quigemos	quigeche	quigestes	quijo	quigérom	quigera	quigéramos	quigeras	quigérades	quigera	quigeram	-	-	-	-	-	-	-	-	-	-	-	-	queira	queiramos	queiras	queirades	queira	queiram	quigesse	quigéssemos	quigesses	quigéssedes	quigesse	quigessem	quiger	quigermos	quigeres	quigerdes	quiger	quigerem	-	-	-	-	-	-	-	-
raer	-	-	raído	raída	raídos	raídas	raio	-	-	-	-	-	-	raïamos	-	raïades	-	-	-	-	raíches	-	-	-	-	-	-	-	-	-	-	-	-	-	-	-	-	-	-	-	-	-	raia	raiamos	raias	raiades	raia	raian	-	-	-	-	-	-	-	-	-	-	-	-	-	-	-	-	-	-	-	-
rascar	-	-	-	-	-	-	-	-	-	-	-	-	-	-	-	-	-	-	rasquei	-	-	-	-	-	-	-	-	-	-	-	-	-	-	-	-	-	-	-	-	-	-	-	rasque	rasquemos	rasques	rasquedes	rasque	rasquem	-	-	-	-	-	-	-	-	-	-	-	-	-	-	-	-	-	-	-	-
rasgar	-	-	-	-	-	-	-	-	-	-	-	-	-	-	-	-	-	-	rasguei	-	-	-	-	-	-	-	-	-	-	-	-	-	-	-	-	-	-	-	-	-	-	-	rasgue	rasguemos	rasgues	rasguedes	rasgue	rasguem	-	-	-	-	-	-	-	-	-	-	-	-	-	-	-	-	-	-	-	-
reabastecer	-	-	-	-	-	-	reabastezo	-	-	-	-	-	-	-	-	-	-	-	-	-	-	-	-	-	-	-	-	-	-	-	-	-	-	-	-	-	-	-	-	-	-	-	reabasteza	reabastezamos	reabastezas	reabastezades	reabasteza	reabastezan	-	-	-	-	-	-	-	-	-	-	-	-	-	-	-	-	-	-	-	-
reabrir	-	-	reaberto	reaberta	reabertos	reabertas	-	-	-	-	-	-	-	-	-	-	-	-	-	-	-	-	-	-	-	-	-	-	-	-	-	-	-	-	-	-	-	-	-	-	-	-	-	-	-	-	-	-	-	-	-	-	-	-	-	-	-	-	-	-	-	-	-	-	-	-	-	-
reaparecer	-	-	-	-	-	-	reaparezo	-	-	-	-	-	-	-	-	-	-	-	-	-	-	-	-	-	-	-	-	-	-	-	-	-	-	-	-	-	-	-	-	-	-	-	reapareza	reaparezamos	reaparezas	reaparezades	reapareza	reaparezan	-	-	-	-	-	-	-	-	-	-	-	-	-	-	-	-	-	-	-	-
rebocar	-	-	-	-	-	-	-	-	-	-	-	-	-	-	-	-	-	-	reboquei	-	-	-	-	-	-	-	-	-	-	-	-	-	-	-	-	-	-	-	-	-	-	-	reboque	reboquemos	reboques	reboquedes	reboque	reboquem	-	-	-	-	-	-	-	-	-	-	-	-	-	-	-	-	-	-	-	-
rebulir	-	-	-	-	-	-	-	-	reboles	-	rebole	rebolem	-	-	-	-	-	-	-	-	-	-	-	-	-	-	-	-	-	-	-	-	-	-	-	-	-	-	-	-	-	-	-	-	-	-	-	-	-	-	-	-	-	-	-	-	-	-	-	-	-	-	-	-	-	-	-	-
reburdiar	-	-	-	-	-	-	reburdío	-	reburdías	-	reburdía	reburdían	-	-	-	-	-	-	-	-	-	-	-	-	-	-	-	-	-	-	-	-	-	-	-	-	-	-	-	-	-	-	reburdíe	-	reburdíes	-	reburdíe	reburdíen	-	-	-	-	-	-	-	-	-	-	-	-	-	-	-	-	-	-	reburdía	-
recentralizar	-	-	-	-	-	-	-	-	-	-	-	-	-	-	-	-	-	-	-	-	-	-	-	-	-	-	-	-	-	-	-	-	-	-	-	-	-	-	-	-	-	-	-	-	-	-	-	recentralicen	-	-	-	-	-	-	-	-	-	-	-	-	-	-	-	-	-	-	-	-
rechegar	-	-	-	-	-	-	-	-	-	-	-	-	-	-	-	-	-	-	recheguei	-	-	-	-	-	-	-	-	-	-	-	-	-	-	-	-	-	-	-	-	-	-	-	rechegue	recheguemos	rechegues	recheguedes	rechegue	recheguem	-	-	-	-	-	-	-	-	-	-	-	-	-	-	-	-	-	-	-	-
rechoer	-	-	rechoído	rechoída	rechoídos	rechoídas	-	-	-	-	-	-	-	rechoíamos	-	rechoíades	-	-	-	-	rechoeche	-	-	-	-	-	-	-	-	-	-	-	-	-	-	-	-	-	-	-	-	-	-	-	-	-	-	rechoam	-	-	-	-	-	-	-	-	-	-	-	-	-	-	-	-	-	-	-	-
recomezar	-	-	-	-	-	-	-	-	-	-	-	-	-	-	-	-	-	-	recomecei	-	-	-	-	-	-	-	-	-	-	-	-	-	-	-	-	-	-	-	-	-	-	-	recomece	recomecemos	recomeces	recomecedes	recomece	recomecen	-	-	-	-	-	-	-	-	-	-	-	-	-	-	-	-	-	-	-	-
recompoñer	-	-	recomposto	recomposta	recompostos	recompostas	-	-	recompós	-	recompón	-	-	-	-	-	-	-	recompuxen	recompuxemos	recompuxeches	recompuxestes	recompuxo	recompuxeron	recompuxera	recompuxeramos	recompuxeras	recompuxerades	recompuxera	recompuxeran	-	-	-	-	-	-	-	-	-	-	-	-	-	-	-	-	-	-	recompuxese	recompuxésemos	recompuxeses	recompuxésedes	recompuxese	recompuxesen	recompuxer	recompuxermos	recompuxeres	recompuxerdes	recompuxer	recompuxeren	-	-	-	-	-	-	recompón	-
reconvir	-	-	reconvindo	reconvinda	reconvindos	reconvindas	reconvenho	-	reconvéns	-	reconvém	reconvenhem	reconvinha	reconviñamos	reconvinhas	reconviñades	reconvinha	reconvinham	-	reconviemos	reconvieste	reconviestes	reconveio	reconvieram	reconviera	reconvinhéramos	reconvieras	reconvinhérades	reconviera	reconvieram	-	-	-	-	-	-	-	-	-	-	-	-	reconvenha	reconvenhamos	reconvenhas	reconvenhades	reconvenha	reconvenham	reconviesse	reconvinhéssemos	reconviesses	reconvinhéssedes	reconviesse	reconviessem	reconvier	reconviermos	reconvieres	reconvierdes	reconvier	reconvierem	-	-	-	-	-	-	reconvém	-
recoñecer	-	-	-	-	-	-	recoñezo	-	-	-	-	-	-	-	-	-	-	-	-	-	-	-	-	-	-	-	-	-	-	-	-	-	-	-	-	-	-	-	-	-	-	-	recoñeza	recoñezamos	recoñezas	recoñezades	recoñeza	recoñezan	-	-	-	-	-	-	-	-	-	-	-	-	-	-	-	-	-	-	-	-
recruar	-	-	-	-	-	-	-	-	-	-	-	recruam	-	-	-	-	-	-	-	-	-	-	-	-	-	-	-	-	-	-	-	-	-	-	-	-	-	-	-	-	-	-	-	-	-	-	-	recruem	-	-	-	-	-	-	-	-	-	-	-	-	-	-	-	-	-	-	-	-
recuar	-	-	-	-	-	-	-	-	-	-	-	recuam	-	-	-	-	-	-	-	-	-	-	-	-	-	-	-	-	-	-	-	-	-	-	-	-	-	-	-	-	-	-	-	-	-	-	-	recuem	-	-	-	-	-	-	-	-	-	-	-	-	-	-	-	-	-	-	-	-
recudir	-	-	-	-	-	-	-	-	recodes	-	recode	recoden	-	-	-	-	-	-	-	-	-	-	-	-	-	-	-	-	-	-	-	-	-	-	-	-	-	-	-	-	-	-	-	-	-	-	-	-	-	-	-	-	-	-	-	-	-	-	-	-	-	-	-	-	-	-	-	-
recuncar	-	-	-	-	-	-	-	-	-	-	-	-	-	-	-	-	-	-	recunquei	-	-	-	-	-	-	-	-	-	-	-	-	-	-	-	-	-	-	-	-	-	-	-	recunque	recunquemos	recunques	recunquedes	recunque	recunquem	-	-	-	-	-	-	-	-	-	-	-	-	-	-	-	-	-	-	-	-
redescubrir	-	-	redescoberto	redescoberta	redescobertos	redescobertas	-	-	redescobres	-	redescobre	redescobren	-	-	-	-	-	-	-	-	-	-	-	-	-	-	-	-	-	-	-	-	-	-	-	-	-	-	-	-	-	-	-	-	-	-	-	-	-	-	-	-	-	-	-	-	-	-	-	-	-	-	-	-	-	-	-	-
reducir	-	-	-	-	-	-	reduzo	-	-	-	-	-	-	-	-	-	-	-	-	-	-	-	-	-	-	-	-	-	-	-	-	-	-	-	-	-	-	-	-	-	-	-	reduza	reduzamos	reduzas	reduzades	reduza	reduzan	-	-	-	-	-	-	-	-	-	-	-	-	-	-	-	-	-	-	-	-
refacer	-	-	refeito	refeita	refeitos	refeitas	refago	-	refás	-	refai	refán	-	-	-	-	-	-	refixen	refixemos	refixeches	refixestes	refixo	refixeron	refixera	refixeramos	refixeras	refixerades	refixera	refixeran	refarei	refaremos	refarás	refaredes	refará	refarán	refaría	refariamos	refarías	refariades	refaría	refarían	refaga	refagamos	refagas	refagades	refaga	refagan	refixese	refixésemos	refixeses	refixésedes	refixese	refixesen	refixer	refixermos	refixeres	refixerdes	refixer	refixeren	-	-	-	-	-	-	refai	-
referir	-	-	-	-	-	-	refiro	-	-	-	-	referem	-	-	-	-	-	-	-	-	-	-	-	-	-	-	-	-	-	-	-	-	-	-	-	-	-	-	-	-	-	-	refira	refiramos	refiras	refirades	refira	refiram	-	-	-	-	-	-	-	-	-	-	-	-	-	-	-	-	-	-	-	-
reflectir	-	-	-	-	-	-	reflicto	-	reflictes	-	reflicte	reflicten	-	-	-	-	-	-	-	-	-	-	-	-	-	-	-	-	-	-	-	-	-	-	-	-	-	-	-	-	-	-	reflicta	reflictamos	reflictas	reflictades	reflicta	reflictan	-	-	-	-	-	-	-	-	-	-	-	-	-	-	-	-	-	-	reflicte	-
refletir	-	-	-	-	-	-	reflito	-	-	-	-	refletem	refletia	refletíamos	refletias	refletíades	refletia	refletiam	refleti	-	refletiche	-	-	refletiram	-	refletíramos	-	refletírades	-	refletiram	-	-	-	-	-	refletirám	refletiria	refletiríamos	refletirias	refletiríades	refletiria	refletiriam	reflita	reflitamos	reflitas	reflitades	reflita	reflitam	refletisse	refletíssemos	refletisses	refletíssedes	refletisse	refletissem	-	-	-	-	-	refletirem	-	-	-	-	-	refletirem	-	-
reforzar	-	-	-	-	-	-	-	-	-	-	-	-	-	-	-	-	-	-	reforcei	-	-	-	-	-	-	-	-	-	-	-	-	-	-	-	-	-	-	-	-	-	-	-	reforce	reforcemos	reforces	reforcedes	reforce	reforcen	-	-	-	-	-	-	-	-	-	-	-	-	-	-	-	-	-	-	-	-
refregar	-	-	-	-	-	-	-	-	-	-	-	-	-	-	-	-	-	-	refreguei	-	-	-	-	-	-	-	-	-	-	-	-	-	-	-	-	-	-	-	-	-	-	-	refregue	refreguemos	refregues	refreguedes	refregue	refreguem	-	-	-	-	-	-	-	-	-	-	-	-	-	-	-	-	-	-	-	-
refucir	-	-	-	-	-	-	refuzo	-	-	-	-	-	-	-	-	-	-	-	-	-	-	-	-	-	-	-	-	-	-	-	-	-	-	-	-	-	-	-	-	-	-	-	refuza	refuzamos	refuzas	refuzades	refuza	refuzan	-	-	-	-	-	-	-	-	-	-	-	-	-	-	-	-	-	-	-	-
refugar	-	-	-	-	-	-	-	-	-	-	-	-	-	-	-	-	-	-	refuguei	-	-	-	-	-	-	-	-	-	-	-	-	-	-	-	-	-	-	-	-	-	-	-	refugue	refuguemos	refugues	refuguedes	refugue	refuguem	-	-	-	-	-	-	-	-	-	-	-	-	-	-	-	-	-	-	-	-
refungar	-	-	-	-	-	-	-	-	-	-	-	-	-	-	-	-	-	-	refunguei	-	-	-	-	-	-	-	-	-	-	-	-	-	-	-	-	-	-	-	-	-	-	-	refungue	refunguemos	refungues	refunguedes	refungue	refunguem	-	-	-	-	-	-	-	-	-	-	-	-	-	-	-	-	-	-	-	-
regar	-	-	-	-	-	-	-	-	-	-	-	-	-	-	-	-	-	-	reguei	-	-	-	-	-	-	-	-	-	-	-	-	-	-	-	-	-	-	-	-	-	-	-	regue	reguemos	regues	reguedes	regue	reguem	-	-	-	-	-	-	-	-	-	-	-	-	-	-	-	-	-	-	-	-
regressar	-	-	-	-	-	-	-	-	-	-	-	regressam	regressava	regressávamos	regressavas	regressávades	regressava	regressavam	-	-	regressache	-	-	regressaram	-	regressáramos	-	regressárades	-	regressaram	-	-	-	-	-	regressarám	regressaria	regressaríamos	regressarias	regressaríades	regressaria	regressariam	-	-	-	-	-	regressem	regressasse	regressássemos	regressasses	regressássedes	regressasse	regressassem	-	-	-	-	-	regressarem	-	-	-	-	-	regressarem	-	-
reindustrializar	-	-	-	-	-	-	-	-	-	-	-	-	-	-	-	-	-	-	-	-	-	-	-	-	-	-	-	-	-	-	-	-	-	-	-	-	-	-	-	-	-	-	-	-	-	-	-	reindustrialicen	-	-	-	-	-	-	-	-	-	-	-	-	-	-	-	-	-	-	-	-
reler	-	-	-	-	-	-	releio	-	relés	-	relé	releem	-	-	-	-	-	-	-	-	-	-	-	-	-	-	-	-	-	-	-	-	-	-	-	-	-	-	-	-	-	-	relea	releamos	releas	releades	relea	releam	-	-	-	-	-	-	-	-	-	-	-	-	-	-	-	-	-	-	relé	-
reloucar	-	-	-	-	-	-	-	-	-	-	-	-	-	-	-	-	-	-	relouquei	-	-	-	-	-	-	-	-	-	-	-	-	-	-	-	-	-	-	-	-	-	-	-	relouque	relouquemos	relouques	relouquedes	relouque	relouquem	-	-	-	-	-	-	-	-	-	-	-	-	-	-	-	-	-	-	-	-
relucir	-	-	-	-	-	-	reluzo	-	reloces	-	reloce	relocen	-	-	-	-	-	-	-	-	-	-	-	-	-	-	-	-	-	-	-	-	-	-	-	-	-	-	-	-	-	-	reluza	reluzamos	reluzas	reluzades	reluza	reluzan	-	-	-	-	-	-	-	-	-	-	-	-	-	-	-	-	-	-	-	-
reluscar	-	-	-	-	-	-	-	-	-	-	-	reluscam	reluscava	reluscávamos	reluscavas	reluscávades	-	reluscavam	relusquei	-	reluscache	-	-	reluscaram	-	reluscáramos	-	reluscárades	-	reluscaram	-	-	-	-	-	reluscarám	reluscaria	reluscaríamos	reluscarias	reluscaríades	-	reluscariam	relusque	relusquemos	relusques	relusquedes	relusque	relusquem	reluscasse	reluscássemos	reluscasses	reluscássedes	-	reluscassem	-	-	-	-	-	reluscarem	-	-	-	-	-	reluscarem	-	-
relustrar	-	-	-	-	-	-	-	-	-	-	-	relustram	relustrava	relustrávamos	relustravas	relustrávades	-	relustravam	-	-	relustrache	-	-	relustraram	-	relustráramos	-	relustrárades	-	relustraram	-	-	-	-	-	relustrarám	relustraria	relustraríamos	relustrarias	relustraríades	-	relustrariam	-	-	-	-	-	relustrem	relustrasse	relustrássemos	relustrasses	relustrássedes	-	relustrassem	-	-	-	-	-	relustrarem	-	-	-	-	-	relustrarem	-	-
remanecer	-	-	-	-	-	-	remanezo	-	-	-	-	-	-	-	-	-	-	-	-	-	-	-	-	-	-	-	-	-	-	-	-	-	-	-	-	-	-	-	-	-	-	-	remaneza	remanezamos	remanezas	remanezades	remaneza	remanezan	-	-	-	-	-	-	-	-	-	-	-	-	-	-	-	-	-	-	-	-
remangar	-	-	-	-	-	-	-	-	-	-	-	-	-	-	-	-	-	-	remanguei	-	-	-	-	-	-	-	-	-	-	-	-	-	-	-	-	-	-	-	-	-	-	-	remangue	remanguemos	remangues	remanguedes	remangue	remanguem	-	-	-	-	-	-	-	-	-	-	-	-	-	-	-	-	-	-	-	-
remoscar	-	-	-	-	-	-	-	-	-	-	-	-	-	-	-	-	-	-	remosquei	-	-	-	-	-	-	-	-	-	-	-	-	-	-	-	-	-	-	-	-	-	-	-	remosque	remosquemos	remosques	remosquedes	remosque	remosquem	-	-	-	-	-	-	-	-	-	-	-	-	-	-	-	-	-	-	-	-
remoucar	-	-	-	-	-	-	-	-	-	-	-	-	-	-	-	-	-	-	remouquei	-	-	-	-	-	-	-	-	-	-	-	-	-	-	-	-	-	-	-	-	-	-	-	remouque	remouquemos	remouques	remouquedes	remouque	remouquem	-	-	-	-	-	-	-	-	-	-	-	-	-	-	-	-	-	-	-	-
renacer	-	-	-	-	-	-	renazo	-	-	-	-	-	-	-	-	-	-	-	-	-	-	-	-	-	-	-	-	-	-	-	-	-	-	-	-	-	-	-	-	-	-	-	renaza	renazamos	renazas	renazades	renaza	renazan	-	-	-	-	-	-	-	-	-	-	-	-	-	-	-	-	-	-	-	-
renegar	-	-	-	-	-	-	-	-	-	-	-	-	-	-	-	-	-	-	reneguei	-	-	-	-	-	-	-	-	-	-	-	-	-	-	-	-	-	-	-	-	-	-	-	renegue	reneguemos	renegues	reneguedes	renegue	reneguem	-	-	-	-	-	-	-	-	-	-	-	-	-	-	-	-	-	-	-	-
reorganizar	-	-	-	-	-	-	-	-	-	-	-	-	-	-	-	-	-	-	-	-	-	-	-	-	-	-	-	-	-	-	-	-	-	-	-	-	-	-	-	-	-	-	-	-	-	-	-	reorganicen	-	-	-	-	-	-	-	-	-	-	-	-	-	-	-	-	-	-	-	-
repenicar	-	-	-	-	-	-	-	-	-	-	-	-	-	-	-	-	-	-	repeniquei	-	-	-	-	-	-	-	-	-	-	-	-	-	-	-	-	-	-	-	-	-	-	-	repenique	repeniquemos	repeniques	repeniquedes	repenique	repeniquem	-	-	-	-	-	-	-	-	-	-	-	-	-	-	-	-	-	-	-	-
repetir	-	-	-	-	-	-	repito	-	-	-	-	repetem	-	-	-	-	-	-	-	-	-	-	-	-	-	-	-	-	-	-	-	-	-	-	-	-	-	-	-	-	-	-	repita	repitamos	repitas	repitades	repita	repitam	-	-	-	-	-	-	-	-	-	-	-	-	-	-	-	-	-	-	-	-
repoñer	-	-	reposto	reposta	repostos	repostas	-	-	repós	-	repón	-	-	-	-	-	-	-	repuxen	repuxemos	repuxeches	repuxestes	repuxo	repuxeron	repuxera	repuxeramos	repuxeras	repuxerades	repuxera	repuxeran	-	-	-	-	-	-	-	-	-	-	-	-	-	-	-	-	-	-	repuxese	repuxésemos	repuxeses	repuxésedes	repuxese	repuxesen	repuxer	repuxermos	repuxeres	repuxerdes	repuxer	repuxeren	-	-	-	-	-	-	repón	-
reproducir	-	-	-	-	-	-	reproduzo	-	-	-	-	-	-	-	-	-	-	-	-	-	-	-	-	-	-	-	-	-	-	-	-	-	-	-	-	-	-	-	-	-	-	-	reproduza	reproduzamos	reproduzas	reproduzades	reproduza	reproduzan	-	-	-	-	-	-	-	-	-	-	-	-	-	-	-	-	-	-	-	-
reproduzir	-	-	-	-	-	-	-	-	-	-	reproduz	reproduzem	reproduzia	reproduzíamos	reproduzias	reproduzíades	reproduzia	reproduziam	reproduzi	-	reproduziche	-	-	reproduziram	-	reproduzíramos	-	reproduzírades	-	reproduziram	-	-	-	-	-	reproduzirám	reproduziria	reproduziríamos	reproduzirias	reproduziríades	reproduziria	reproduziriam	-	-	-	-	-	reproduzam	reproduzisse	reproduzíssemos	reproduzisses	reproduzíssedes	reproduzisse	reproduzissem	-	-	-	-	-	reproduzirem	-	-	-	-	-	reproduzirem	-	-
requecer	-	-	-	-	-	-	requezo	-	-	-	-	-	-	-	-	-	-	-	-	-	-	-	-	-	-	-	-	-	-	-	-	-	-	-	-	-	-	-	-	-	-	-	requeza	requezamos	requezas	requezades	requeza	requezan	-	-	-	-	-	-	-	-	-	-	-	-	-	-	-	-	-	-	-	-
requerer	-	-	-	-	-	-	requeiro	-	-	-	requer	requerem	requeria	requeríamos	requerias	requeríades	requeria	requeriam	requeri	-	requereche	-	-	requereram	-	requerêramos	-	requerêrades	-	requereram	-	-	-	-	-	requererám	requereria	requereríamos	requererias	requereríades	requereria	requereriam	requeira	requeiramos	requeiras	requeirades	requeira	requeiram	requeresse	requerêssemos	requeresses	requerêssedes	requeresse	requeressem	-	-	-	-	-	requererem	-	-	-	-	-	requererem	requer	-
restringir	-	-	-	-	-	-	restrinjo	-	-	-	-	restringem	restringia	restringíamos	restringias	restringíades	restringia	restringiam	restringi	-	restringiche	-	-	restringiram	-	restringíramos	-	restringírades	-	restringiram	-	-	-	-	-	restringirám	restringiria	restringiríamos	restringirias	restringiríades	restringiria	restringiriam	restrinja	restrinjamos	restrinjas	restrinjades	restrinja	restrinjam	restringisse	restringíssemos	restringisses	restringíssedes	restringisse	restringissem	-	-	-	-	-	restringirem	-	-	-	-	-	restringirem	-	-
reter	-	-	-	-	-	-	retenho	-	reténs	-	retém	retenhem	retinha	retiñamos	retinhas	retiñades	retinha	retinham	retive	retivemos	retiveche	retivestes	reteve	retiveram	retivera	retiveramos	retiveras	retiverades	retivera	retiveram	-	-	-	-	-	-	-	-	-	-	-	-	retenha	retenhamos	retenhas	retenhades	retenha	retenham	retivese	retivésemos	retiveses	retivésedes	retivese	retivesen	retiver	retivermos	retiveres	retiverdes	retiver	retiverem	-	-	-	-	-	-	retém	-
retraducir	-	-	-	-	-	-	retraduzo	-	-	-	-	-	-	-	-	-	-	-	-	-	-	-	-	-	-	-	-	-	-	-	-	-	-	-	-	-	-	-	-	-	-	-	retraduza	retraduzamos	retraduzas	retraduzades	retraduza	retraduzan	-	-	-	-	-	-	-	-	-	-	-	-	-	-	-	-	-	-	-	-
retrair	-	-	retraído	retraída	retraídos	retraídas	retraio	retraímos	retrais	retraídes	retrai	retraem	-	retraíamos	-	retraíades	-	retraíam	retraim	retraímos	retraíche	retraístes	-	retraíram	retraíra	retraíramos	retraíras	retraírades	retraíra	retraíram	-	-	-	-	-	retrairám	retrairia	retrairíamos	retrairias	retrairíades	retrairia	retrairiam	retraia	retraiamos	retraias	retraiades	retraia	retraiam	retraísse	retraíssemos	retraísses	retraíssedes	retraísse	retraíssem	-	-	retraíres	-	-	retraírem	-	-	retraíres	-	-	retraírem	retrai	retraí
retrincar	-	-	-	-	-	-	-	-	-	-	-	-	-	-	-	-	-	-	retrinquei	-	-	-	-	-	-	-	-	-	-	-	-	-	-	-	-	-	-	-	-	-	-	-	retrinque	retrinquemos	retrinques	retrinquedes	retrinque	retrinquem	-	-	-	-	-	-	-	-	-	-	-	-	-	-	-	-	-	-	-	-
retrucar	-	-	-	-	-	-	-	-	-	-	-	-	-	-	-	-	-	-	retruquei	-	-	-	-	-	-	-	-	-	-	-	-	-	-	-	-	-	-	-	-	-	-	-	retruque	retruquemos	retruques	retruquedes	retruque	retruquem	-	-	-	-	-	-	-	-	-	-	-	-	-	-	-	-	-	-	-	-
revestir	-	-	-	-	-	-	revisto	-	-	-	-	revestem	-	-	-	-	-	-	-	-	-	-	-	-	-	-	-	-	-	-	-	-	-	-	-	-	-	-	-	-	-	-	revista	revistamos	revistas	revistades	revista	revistam	-	-	-	-	-	-	-	-	-	-	-	-	-	-	-	-	-	-	-	-
revitalizar	-	-	-	-	-	-	-	-	-	-	-	-	-	-	-	-	-	-	-	-	-	-	-	-	-	-	-	-	-	-	-	-	-	-	-	-	-	-	-	-	-	-	-	-	-	-	-	revitalicen	-	-	-	-	-	-	-	-	-	-	-	-	-	-	-	-	-	-	-	-
rexurdir	-	-	-	-	-	-	-	-	rexordes	-	rexorde	rexorden	-	-	-	-	-	-	-	-	-	-	-	-	-	-	-	-	-	-	-	-	-	-	-	-	-	-	-	-	-	-	-	-	-	-	-	-	-	-	-	-	-	-	-	-	-	-	-	-	-	-	-	-	-	-	-	-
rezar	-	-	-	-	-	-	-	-	-	-	-	-	-	-	-	-	-	-	-	-	-	-	-	-	-	-	-	-	-	-	-	-	-	-	-	-	-	-	-	-	-	-	-	-	-	-	-	recen	-	-	-	-	-	-	-	-	-	-	-	-	-	-	-	-	-	-	-	-
ripiar	-	-	-	-	-	-	-	-	-	-	-	ripiam	ripiava	ripiávamos	ripiavas	ripiávades	ripiava	ripiavam	-	-	ripiache	-	-	ripiaram	-	ripiáramos	-	ripiárades	-	ripiaram	-	-	-	-	-	ripiarám	ripiaria	ripiaríamos	ripiarias	ripiaríades	ripiaria	ripiariam	-	-	-	-	-	ripiem	ripiasse	ripiássemos	ripiasses	ripiássedes	ripiasse	ripiassem	-	-	-	-	-	ripiarem	-	-	-	-	-	ripiarem	-	-
rir	-	-	-	-	-	-	rio	-	ris	-	ri	riem	-	-	-	-	-	-	ri	-	-	-	-	-	-	-	-	-	-	-	-	-	-	-	-	-	-	-	-	-	-	-	ria	riamos	rias	riades	ria	riam	-	-	-	-	-	-	-	-	-	-	-	-	-	-	-	-	-	-	ri	-
riscar	-	-	-	-	-	-	-	-	-	-	-	-	-	-	-	-	-	-	risquei	-	-	-	-	-	-	-	-	-	-	-	-	-	-	-	-	-	-	-	-	-	-	-	risque	risquemos	risques	risquedes	risque	risquem	-	-	-	-	-	-	-	-	-	-	-	-	-	-	-	-	-	-	-	-
robotizar	-	-	-	-	-	-	-	-	-	-	-	-	-	-	-	-	-	-	-	-	-	-	-	-	-	-	-	-	-	-	-	-	-	-	-	-	-	-	-	-	-	-	-	-	-	-	-	roboticen	-	-	-	-	-	-	-	-	-	-	-	-	-	-	-	-	-	-	-	-
rodrigar	-	-	-	-	-	-	-	-	-	-	-	-	-	-	-	-	-	-	rodriguei	-	-	-	-	-	-	-	-	-	-	-	-	-	-	-	-	-	-	-	-	-	-	-	rodrigue	rodriguemos	rodrigues	rodriguedes	rodrigue	rodriguem	-	-	-	-	-	-	-	-	-	-	-	-	-	-	-	-	-	-	-	-
roer	-	-	roído	roída	roídos	roídas	-	-	-	-	-	-	-	roíamos	-	roíades	-	-	-	-	roeche	-	-	-	-	-	-	-	-	-	-	-	-	-	-	-	-	-	-	-	-	-	-	-	-	-	-	roam	-	-	-	-	-	-	-	-	-	-	-	-	-	-	-	-	-	-	-	-
rogar	-	-	-	-	-	-	-	-	-	-	-	-	-	-	-	-	-	-	roguei	-	-	-	-	-	-	-	-	-	-	-	-	-	-	-	-	-	-	-	-	-	-	-	rogue	roguemos	rogues	roguedes	rogue	roguen	-	-	-	-	-	-	-	-	-	-	-	-	-	-	-	-	-	-	-	-
roncar	-	-	-	-	-	-	-	-	-	-	-	-	-	-	-	-	-	-	ronquei	-	-	-	-	-	-	-	-	-	-	-	-	-	-	-	-	-	-	-	-	-	-	-	ronque	ronquemos	ronques	ronquedes	ronque	ronquem	-	-	-	-	-	-	-	-	-	-	-	-	-	-	-	-	-	-	-	-
roussar	-	-	-	-	-	-	-	-	-	-	-	roussam	roussava	roussávamos	roussavas	roussávades	roussava	roussavam	-	-	roussache	-	-	roussaram	-	roussáramos	-	roussárades	-	roussaram	-	-	-	-	-	roussarám	roussaria	roussaríamos	roussarias	roussaríades	roussaria	roussariam	-	-	-	-	-	roussem	roussasse	roussássemos	roussasses	roussássedes	roussasse	roussassem	-	-	-	-	-	roussarem	-	-	-	-	-	roussarem	-	-
rozar	-	-	-	-	-	-	-	-	-	-	-	-	-	-	-	-	-	-	rocei	-	-	-	-	-	-	-	-	-	-	-	-	-	-	-	-	-	-	-	-	-	-	-	roce	rocemos	roces	rocedes	roce	rocen	-	-	-	-	-	-	-	-	-	-	-	-	-	-	-	-	-	-	-	-
ruar	-	-	-	-	-	-	-	-	-	-	-	ruam	-	-	-	-	-	-	-	-	-	-	-	-	-	-	-	-	-	-	-	-	-	-	-	-	-	-	-	-	-	-	-	-	-	-	-	ruem	-	-	-	-	-	-	-	-	-	-	-	-	-	-	-	-	-	-	-	-
ruxir	-	-	-	-	-	-	-	-	roxes	-	roxe	roxen	-	-	-	-	-	-	-	-	-	-	-	-	-	-	-	-	-	-	-	-	-	-	-	-	-	-	-	-	-	-	-	-	-	-	-	-	-	-	-	-	-	-	-	-	-	-	-	-	-	-	-	-	-	-	-	-
saber	-	-	-	-	-	-	sei	-	-	-	-	-	-	-	-	-	-	-	soube	soubemos	soubeche	soubestes	soube	souberam	soubera	souberamos	souberas	souberades	soubera	souberam	-	-	-	-	-	-	-	-	-	-	-	-	saiba	saibamos	saibas	saibades	saiba	saibam	soubese	soubésemos	soubeses	soubésedes	soubese	soubesen	souber	soubermos	souberes	souberdes	souber	souberem	-	-	-	-	-	-	-	-
sacar	-	-	-	-	-	-	-	-	-	-	-	-	-	-	-	-	-	-	saquei	-	-	-	-	-	-	-	-	-	-	-	-	-	-	-	-	-	-	-	-	-	-	-	saque	saquemos	saques	saquedes	saque	saquem	-	-	-	-	-	-	-	-	-	-	-	-	-	-	-	-	-	-	-	-
sacudir	-	-	-	-	-	-	-	-	sacodes	-	sacode	sacodem	-	-	-	-	-	-	-	-	-	-	-	-	-	-	-	-	-	-	-	-	-	-	-	-	-	-	-	-	-	-	-	-	-	-	-	-	-	-	-	-	-	-	-	-	-	-	-	-	-	-	-	-	-	-	-	-
sair	-	-	saído	saída	saídos	saídas	saio	saímos	sais	saídes	sai	saem	-	saíamos	-	saíades	-	saíam	saim	saímos	saíche	saístes	-	saíram	saíra	saíramos	saíras	saírades	saíra	saíram	-	-	-	-	-	sairám	sairia	sairíamos	sairias	sairíades	sairia	sairiam	saia	saiamos	saias	saiades	saia	saiam	saísse	saíssemos	saísses	saíssedes	saísse	saíssem	-	-	saíres	-	-	saírem	-	-	saíres	-	-	saírem	sai	saí
salgar	-	-	-	-	-	-	-	-	-	-	-	-	-	-	-	-	-	-	salguei	-	-	-	-	-	-	-	-	-	-	-	-	-	-	-	-	-	-	-	-	-	-	-	salgue	salguemos	salgues	salguedes	salgue	salguem	-	-	-	-	-	-	-	-	-	-	-	-	-	-	-	-	-	-	-	-
saloucar	-	-	-	-	-	-	-	-	-	-	-	-	-	-	-	-	-	-	salouquei	-	-	-	-	-	-	-	-	-	-	-	-	-	-	-	-	-	-	-	-	-	-	-	salouque	salouquemos	salouques	salouquedes	salouque	salouquem	-	-	-	-	-	-	-	-	-	-	-	-	-	-	-	-	-	-	-	-
saponificar	-	-	-	-	-	-	-	-	-	-	-	-	-	-	-	-	-	-	saponifiquei	-	-	-	-	-	-	-	-	-	-	-	-	-	-	-	-	-	-	-	-	-	-	-	saponifique	saponifiquemos	saponifiques	saponifiquedes	saponifique	saponifiquem	-	-	-	-	-	-	-	-	-	-	-	-	-	-	-	-	-	-	-	-
satisfacer	-	-	satisfeito	satisfeita	satisfeitos	satisfeitas	satisfago	-	satisfás	-	satisfai	satisfán	-	-	-	-	-	-	satisfixen	satisfixemos	satisfixeches	satisfixestes	satisfixo	satisfixeron	satisfixera	satisfixeramos	satisfixeras	satisfixerades	satisfixera	satisfixeran	satisfarei	satisfaremos	satisfarás	satisfaredes	satisfará	satisfarán	satisfaría	satisfariamos	satisfarías	satisfariades	satisfaría	satisfarían	satisfaga	satisfagamos	satisfagas	satisfagades	satisfaga	satisfagan	satisfixese	satisfixésemos	satisfixeses	satisfixésedes	satisfixese	satisfixesen	satisfixer	satisfixermos	satisfixeres	satisfixerdes	satisfixer	satisfixeren	-	-	-	-	-	-	satisfai	-
saudar	-	-	-	-	-	-	saúdo	-	saúdas	-	saúda	saúdam	-	-	-	-	-	-	-	-	-	-	-	-	-	-	-	-	-	-	-	-	-	-	-	-	-	-	-	-	-	-	saúde	-	saúdes	-	saúde	saúdem	-	-	-	-	-	-	-	-	-	-	-	-	-	-	-	-	-	-	saúda	-
secar	-	-	-	-	-	-	-	-	-	-	-	-	-	-	-	-	-	-	sequei	-	-	-	-	-	-	-	-	-	-	-	-	-	-	-	-	-	-	-	-	-	-	-	seque	sequemos	seques	sequedes	seque	sequem	-	-	-	-	-	-	-	-	-	-	-	-	-	-	-	-	-	-	-	-
seducir	-	-	-	-	-	-	seduzo	-	-	-	-	-	-	-	-	-	-	-	-	-	-	-	-	-	-	-	-	-	-	-	-	-	-	-	-	-	-	-	-	-	-	-	seduza	seduzamos	seduzas	seduzades	seduza	seduzan	-	-	-	-	-	-	-	-	-	-	-	-	-	-	-	-	-	-	-	-
segar	-	-	-	-	-	-	-	-	-	-	-	-	-	-	-	-	-	-	seguei	-	-	-	-	-	-	-	-	-	-	-	-	-	-	-	-	-	-	-	-	-	-	-	segue	seguemos	segues	seguedes	segue	seguem	-	-	-	-	-	-	-	-	-	-	-	-	-	-	-	-	-	-	-	-
seguir	-	-	-	-	-	-	sigo	-	-	-	-	-	-	-	-	-	-	-	-	-	-	-	-	-	-	-	-	-	-	-	-	-	-	-	-	-	-	-	-	-	-	-	siga	sigamos	sigas	sigades	siga	sigam	-	-	-	-	-	-	-	-	-	-	-	-	-	-	-	-	-	-	-	-
sentir	-	-	-	-	-	-	sinto	-	-	-	-	-	-	-	-	-	-	-	-	-	-	-	-	-	-	-	-	-	-	-	-	-	-	-	-	-	-	-	-	-	-	-	sinta	sintamos	sintas	sintades	sinta	sintam	-	-	-	-	-	-	-	-	-	-	-	-	-	-	-	-	-	-	-	-
ser	-	-	-	-	-	-	son	somos	es	sodes	é	som	era	eramos	eras	erades	era	eram	fui	fomos	foche	fostes	foi	foram	fora	foramos	foras	forades	fora	foram	-	-	-	-	-	-	-	-	-	-	-	-	seja	sejamos	sejas	sejades	seja	sejam	fose	fósemos	foses	fósedes	fose	fosen	for	formos	fores	fordes	for	forem	-	-	-	-	-	-	sé	-
servir	-	-	-	-	-	-	sirvo	-	-	-	-	-	-	-	-	-	-	-	-	-	-	-	-	-	-	-	-	-	-	-	-	-	-	-	-	-	-	-	-	-	-	-	sirva	sirvamos	sirvas	sirvades	sirva	sirvam	-	-	-	-	-	-	-	-	-	-	-	-	-	-	-	-	-	-	-	-
sexualizar	-	-	-	-	-	-	-	-	-	-	-	-	-	-	-	-	-	-	-	-	-	-	-	-	-	-	-	-	-	-	-	-	-	-	-	-	-	-	-	-	-	-	-	-	-	-	-	sexualicen	-	-	-	-	-	-	-	-	-	-	-	-	-	-	-	-	-	-	-	-
significar	-	-	-	-	-	-	-	-	-	-	-	-	-	-	-	-	-	-	signifiquei	-	-	-	-	-	-	-	-	-	-	-	-	-	-	-	-	-	-	-	-	-	-	-	signifique	signifiquemos	signifiques	signifiquedes	signifique	signifiquem	-	-	-	-	-	-	-	-	-	-	-	-	-	-	-	-	-	-	-	-
simbolizar	-	-	-	-	-	-	-	-	-	-	-	-	-	-	-	-	-	-	-	-	-	-	-	-	-	-	-	-	-	-	-	-	-	-	-	-	-	-	-	-	-	-	-	-	-	-	-	simbolicen	-	-	-	-	-	-	-	-	-	-	-	-	-	-	-	-	-	-	-	-
simplificar	-	-	-	-	-	-	-	-	-	-	-	-	-	-	-	-	-	-	simplifiquei	-	-	-	-	-	-	-	-	-	-	-	-	-	-	-	-	-	-	-	-	-	-	-	simplifique	simplifiquemos	simplifiques	simplifiquedes	simplifique	simplifiquem	-	-	-	-	-	-	-	-	-	-	-	-	-	-	-	-	-	-	-	-
sinalizar	-	-	-	-	-	-	-	-	-	-	-	-	-	-	-	-	-	-	-	-	-	-	-	-	-	-	-	-	-	-	-	-	-	-	-	-	-	-	-	-	-	-	-	-	-	-	-	sinalicen	-	-	-	-	-	-	-	-	-	-	-	-	-	-	-	-	-	-	-	-
sintetizar	-	-	-	-	-	-	-	-	-	-	-	-	-	-	-	-	-	-	-	-	-	-	-	-	-	-	-	-	-	-	-	-	-	-	-	-	-	-	-	-	-	-	-	-	-	-	-	sinteticen	-	-	-	-	-	-	-	-	-	-	-	-	-	-	-	-	-	-	-	-
sobrazar	-	-	-	-	-	-	-	-	-	-	-	-	-	-	-	-	-	-	sobracei	-	-	-	-	-	-	-	-	-	-	-	-	-	-	-	-	-	-	-	-	-	-	-	sobrace	sobracemos	sobraces	sobracedes	sobrace	sobracen	-	-	-	-	-	-	-	-	-	-	-	-	-	-	-	-	-	-	-	-
sobrevir	-	-	sobrevindo	sobrevinda	sobrevindos	sobrevindas	sobrevenho	-	sobrevéns	-	sobrevém	sobrevenhem	sobrevinha	sobreviñamos	sobrevinhas	sobreviñades	sobrevinha	sobrevinham	-	sobreviemos	sobrevieste	sobreviestes	sobreveio	sobrevieram	sobreviera	sobrevinhéramos	sobrevieras	sobrevinhérades	sobreviera	sobrevieram	-	-	-	-	-	-	-	-	-	-	-	-	sobrevenha	sobrevenhamos	sobrevenhas	sobrevenhades	sobrevenha	sobrevenham	sobreviesse	sobrevinhéssemos	sobreviesses	sobrevinhéssedes	sobreviesse	sobreviessem	sobrevier	sobreviermos	sobrevieres	sobrevierdes	sobrevier	sobrevierem	-	-	-	-	-	-	sobrevém	-
socalcar	-	-	-	-	-	-	-	-	-	-	-	-	-	-	-	-	-	-	socalquei	-	-	-	-	-	-	-	-	-	-	-	-	-	-	-	-	-	-	-	-	-	-	-	socalque	socalquemos	socalques	socalquedes	socalque	socalquem	-	-	-	-	-	-	-	-	-	-	-	-	-	-	-	-	-	-	-	-
sociabilizar	-	-	-	-	-	-	-	-	-	-	-	-	-	-	-	-	-	-	-	-	-	-	-	-	-	-	-	-	-	-	-	-	-	-	-	-	-	-	-	-	-	-	-	-	-	-	-	sociabilicen	-	-	-	-	-	-	-	-	-	-	-	-	-	-	-	-	-	-	-	-
socializar	-	-	-	-	-	-	-	-	-	-	-	-	-	-	-	-	-	-	-	-	-	-	-	-	-	-	-	-	-	-	-	-	-	-	-	-	-	-	-	-	-	-	-	-	-	-	-	socialicen	-	-	-	-	-	-	-	-	-	-	-	-	-	-	-	-	-	-	-	-
soer	-	-	soído	soída	soídos	soídas	-	-	-	-	-	-	-	soíamos	-	soíades	-	-	-	-	soeche	-	-	-	-	-	-	-	-	-	-	-	-	-	-	-	-	-	-	-	-	-	-	-	-	-	-	soam	-	-	-	-	-	-	-	-	-	-	-	-	-	-	-	-	-	-	-	-
sorrir	-	-	-	-	-	-	sorrio	-	sorris	-	sorri	sorriem	-	-	-	-	-	-	sorri	-	-	-	-	-	-	-	-	-	-	-	-	-	-	-	-	-	-	-	-	-	-	-	sorria	sorriamos	sorrias	sorriades	sorria	sorriam	-	-	-	-	-	-	-	-	-	-	-	-	-	-	-	-	-	-	sorri	-
sosegar	-	-	-	-	-	-	-	-	-	-	-	-	-	-	-	-	-	-	soseguei	-	-	-	-	-	-	-	-	-	-	-	-	-	-	-	-	-	-	-	-	-	-	-	sosegue	soseguemos	sosegues	soseguedes	sosegue	soseguen	-	-	-	-	-	-	-	-	-	-	-	-	-	-	-	-	-	-	-	-
soster	-	-	-	-	-	-	-	-	-	-	-	sostem	sostia	sostiñamos	sostias	sostiñades	sostia	sostiam	sosti	-	sosteche	-	-	sosteram	-	sostiveramos	-	sostiverades	-	sosteram	-	-	-	-	-	-	-	-	-	-	-	-	-	-	-	-	-	sostam	sostesse	sostivésemos	sostesses	sostivésedes	sostesse	sostessem	-	-	-	-	-	sosterem	-	-	-	-	-	-	-	-
sosubir	-	-	-	-	-	-	-	-	sosobes	-	sosobe	sosoben	-	-	-	-	-	-	-	-	-	-	-	-	-	-	-	-	-	-	-	-	-	-	-	-	-	-	-	-	-	-	-	-	-	-	-	-	-	-	-	-	-	-	-	-	-	-	-	-	-	-	-	-	-	-	-	-
suar	-	-	-	-	-	-	-	-	-	-	-	suam	-	-	-	-	-	-	-	-	-	-	-	-	-	-	-	-	-	-	-	-	-	-	-	-	-	-	-	-	-	-	-	-	-	-	-	suem	-	-	-	-	-	-	-	-	-	-	-	-	-	-	-	-	-	-	-	-
suavizar	-	-	-	-	-	-	-	-	-	-	-	-	-	-	-	-	-	-	suavicei	-	-	-	-	-	-	-	-	-	-	-	-	-	-	-	-	-	-	-	-	-	-	-	suavice	suavicemos	suavices	suavicedes	suavice	suavicen	-	-	-	-	-	-	-	-	-	-	-	-	-	-	-	-	-	-	-	-
subir	-	-	-	-	-	-	-	-	sobes	-	sobe	sobem	-	-	-	-	-	-	-	-	-	-	-	-	-	-	-	-	-	-	-	-	-	-	-	-	-	-	-	-	-	-	-	-	-	-	-	-	-	-	-	-	-	-	-	-	-	-	-	-	-	-	-	-	-	-	-	-
subseguir	-	-	-	-	-	-	subsigo	-	-	-	-	-	-	-	-	-	-	-	-	-	-	-	-	-	-	-	-	-	-	-	-	-	-	-	-	-	-	-	-	-	-	-	subsiga	subsigamos	subsigas	subsigades	subsiga	subsigam	-	-	-	-	-	-	-	-	-	-	-	-	-	-	-	-	-	-	-	-
sucar	-	-	-	-	-	-	-	-	-	-	-	-	-	-	-	-	-	-	suquei	-	-	-	-	-	-	-	-	-	-	-	-	-	-	-	-	-	-	-	-	-	-	-	suque	suquemos	suques	suquedes	suque	suquem	-	-	-	-	-	-	-	-	-	-	-	-	-	-	-	-	-	-	-	-
sufrir	-	-	-	-	-	-	-	-	sofres	-	sofre	sofren	-	-	-	-	-	-	-	-	-	-	-	-	-	-	-	-	-	-	-	-	-	-	-	-	-	-	-	-	-	-	-	-	-	-	-	-	-	-	-	-	-	-	-	-	-	-	-	-	-	-	-	-	-	-	-	-
sugar	-	-	-	-	-	-	-	-	-	-	-	-	-	-	-	-	-	-	suguei	-	-	-	-	-	-	-	-	-	-	-	-	-	-	-	-	-	-	-	-	-	-	-	sugue	suguemos	sugues	suguedes	sugue	suguem	-	-	-	-	-	-	-	-	-	-	-	-	-	-	-	-	-	-	-	-
sumir	-	-	-	-	-	-	-	-	somes	-	some	somem	-	-	-	-	-	-	-	-	-	-	-	-	-	-	-	-	-	-	-	-	-	-	-	-	-	-	-	-	-	-	-	-	-	-	-	-	-	-	-	-	-	-	-	-	-	-	-	-	-	-	-	-	-	-	-	-
superpoñer	-	-	superposto	superposta	superpostos	superpostas	-	-	superpós	-	superpón	-	-	-	-	-	-	-	superpuxen	superpuxemos	superpuxeches	superpuxestes	superpuxo	superpuxeron	superpuxera	superpuxeramos	superpuxeras	superpuxerades	superpuxera	superpuxeran	-	-	-	-	-	-	-	-	-	-	-	-	-	-	-	-	-	-	superpuxese	superpuxésemos	superpuxeses	superpuxésedes	superpuxese	superpuxesen	superpuxer	superpuxermos	superpuxeres	superpuxerdes	superpuxer	superpuxeren	-	-	-	-	-	-	superpón	-
supoñer	-	-	suposto	suposta	supostos	supostas	-	-	supós	-	supón	-	-	-	-	-	-	-	supuxen	supuxemos	supuxeches	supuxestes	supuxo	supuxeron	supuxera	supuxeramos	supuxeras	supuxerades	supuxera	supuxeran	-	-	-	-	-	-	-	-	-	-	-	-	-	-	-	-	-	-	supuxese	supuxésemos	supuxeses	supuxésedes	supuxese	supuxesen	supuxer	supuxermos	supuxeres	supuxerdes	supuxer	supuxeren	-	-	-	-	-	-	supón	-
suxerir	-	-	-	-	-	-	suxiro	-	suxires	-	suxire	suxiren	-	-	-	-	-	-	-	-	-	-	-	-	-	-	-	-	-	-	-	-	-	-	-	-	-	-	-	-	-	-	suxira	suxiramos	suxiras	suxirades	suxira	suxiran	-	-	-	-	-	-	-	-	-	-	-	-	-	-	-	-	-	-	suxire	-
tanguer	-	-	-	-	-	-	tango	-	-	-	-	-	-	-	-	-	-	-	-	-	-	-	-	-	-	-	-	-	-	-	-	-	-	-	-	-	-	-	-	-	-	-	tanga	tangamos	tangas	tangades	tanga	tangam	-	-	-	-	-	-	-	-	-	-	-	-	-	-	-	-	-	-	-	-
tascar	-	-	-	-	-	-	-	-	-	-	-	-	-	-	-	-	-	-	tasquei	-	-	-	-	-	-	-	-	-	-	-	-	-	-	-	-	-	-	-	-	-	-	-	tasque	tasquemos	tasques	tasquedes	tasque	tasquem	-	-	-	-	-	-	-	-	-	-	-	-	-	-	-	-	-	-	-	-
tatuar	-	-	-	-	-	-	-	-	-	-	-	tatuam	-	-	-	-	-	-	-	-	-	-	-	-	-	-	-	-	-	-	-	-	-	-	-	-	-	-	-	-	-	-	-	-	-	-	-	tatuem	-	-	-	-	-	-	-	-	-	-	-	-	-	-	-	-	-	-	-	-
tecer	-	-	-	-	-	-	tezo	-	-	-	-	-	-	-	-	-	-	-	-	-	-	-	-	-	-	-	-	-	-	-	-	-	-	-	-	-	-	-	-	-	-	-	teza	tezamos	tezas	tezades	teza	tezan	-	-	-	-	-	-	-	-	-	-	-	-	-	-	-	-	-	-	-	-
tematizar	-	-	-	-	-	-	-	-	-	-	-	-	-	-	-	-	-	-	-	-	-	-	-	-	-	-	-	-	-	-	-	-	-	-	-	-	-	-	-	-	-	-	-	-	-	-	-	tematicen	-	-	-	-	-	-	-	-	-	-	-	-	-	-	-	-	-	-	-	-
ter	-	-	-	-	-	-	tenho	-	-	-	tem	tenhem	tinha	tiñamos	tinhas	tiñades	tinha	tinham	tive	tivemos	tiveche	tivestes	teve	tiveram	tivera	tiveramos	tiveras	tiverades	tivera	tiveram	-	-	-	-	-	-	-	-	-	-	-	-	tenha	tenhamos	tenhas	tenhades	tenha	tenham	tivese	tivésemos	tiveses	tivésedes	tivese	tivesen	tiver	tivermos	tiveres	tiverdes	tiver	tiverem	-	-	-	-	-	-	tem	-
testificar	-	-	-	-	-	-	-	-	-	-	-	-	-	-	-	-	-	-	testifiquei	-	-	-	-	-	-	-	-	-	-	-	-	-	-	-	-	-	-	-	-	-	-	-	testifique	testifiquemos	testifiques	testifiquedes	testifique	testifiquem	-	-	-	-	-	-	-	-	-	-	-	-	-	-	-	-	-	-	-	-
tinguir	-	-	-	-	-	-	tingo	-	-	-	-	-	-	-	-	-	-	-	-	-	-	-	-	-	-	-	-	-	-	-	-	-	-	-	-	-	-	-	-	-	-	-	tinga	tingamos	tingas	tingades	tinga	tingam	-	-	-	-	-	-	-	-	-	-	-	-	-	-	-	-	-	-	-	-
tocar	-	-	-	-	-	-	-	-	-	-	-	-	-	-	-	-	-	-	toquei	-	-	-	-	-	-	-	-	-	-	-	-	-	-	-	-	-	-	-	-	-	-	-	toque	toquemos	toques	toquedes	toque	toquem	-	-	-	-	-	-	-	-	-	-	-	-	-	-	-	-	-	-	-	-
torgar	-	-	-	-	-	-	-	-	-	-	-	-	-	-	-	-	-	-	torguei	-	-	-	-	-	-	-	-	-	-	-	-	-	-	-	-	-	-	-	-	-	-	-	torgue	torguemos	torgues	torguedes	torgue	torguem	-	-	-	-	-	-	-	-	-	-	-	-	-	-	-	-	-	-	-	-
tosquiar	-	-	-	-	-	-	-	-	-	-	-	tosquiam	-	-	-	-	-	-	-	-	-	-	-	-	-	-	-	-	-	-	-	-	-	-	-	-	-	-	-	-	-	-	-	-	-	-	-	tosquiem	-	-	-	-	-	-	-	-	-	-	-	-	-	-	-	-	-	-	-	-
touzar	-	-	-	-	-	-	-	-	-	-	-	-	-	-	-	-	-	-	toucei	-	-	-	-	-	-	-	-	-	-	-	-	-	-	-	-	-	-	-	-	-	-	-	touce	toucemos	touces	toucedes	touce	toucen	-	-	-	-	-	-	-	-	-	-	-	-	-	-	-	-	-	-	-	-
trabucar	-	-	-	-	-	-	-	-	-	-	-	-	-	-	-	-	-	-	trabuquei	-	-	-	-	-	-	-	-	-	-	-	-	-	-	-	-	-	-	-	-	-	-	-	trabuque	trabuquemos	trabuques	trabuquedes	trabuque	trabuquem	-	-	-	-	-	-	-	-	-	-	-	-	-	-	-	-	-	-	-	-
traducir	-	-	-	-	-	-	traduzo	-	-	-	-	-	-	-	-	-	-	-	-	-	-	-	-	-	-	-	-	-	-	-	-	-	-	-	-	-	-	-	-	-	-	-	traduza	traduzamos	traduzas	traduzades	traduza	traduzan	-	-	-	-	-	-	-	-	-	-	-	-	-	-	-	-	-	-	-	-
traduzir	-	-	-	-	-	-	-	-	-	-	traduz	traduzem	traduzia	traduzíamos	traduzias	traduzíades	traduzia	traduziam	traduzi	-	traduziche	-	-	traduziram	-	traduzíramos	-	traduzírades	-	traduziram	-	-	-	-	-	traduzirám	traduziria	traduziríamos	traduzirias	traduziríades	traduziria	traduziriam	-	-	-	-	-	traduzam	traduzisse	traduzíssemos	traduzisses	traduzíssedes	traduzisse	traduzissem	-	-	-	-	-	traduzirem	-	-	-	-	-	traduzirem	-	-
traer	-	-	traído	traída	traídos	traídas	traio	-	-	-	-	-	-	traïamos	-	traïades	-	-	trouxen	trouxemos	trouxeches	trouxestes	trouxo	trouxeron	trouxera	trouxeramos	trouxeras	trouxerades	trouxera	trouxeran	-	-	-	-	-	-	-	-	-	-	-	-	traia	traiamos	traias	traiades	traia	traian	trouxese	trouxésemos	trouxeses	trouxésedes	trouxese	trouxesen	trouxer	trouxermos	trouxeres	trouxerdes	trouxer	trouxeren	-	-	-	-	-	-	-	-
tragar	-	-	-	-	-	-	-	-	-	-	-	-	-	-	-	-	-	-	traguei	-	-	-	-	-	-	-	-	-	-	-	-	-	-	-	-	-	-	-	-	-	-	-	trague	traguemos	tragues	traguedes	trague	traguem	-	-	-	-	-	-	-	-	-	-	-	-	-	-	-	-	-	-	-	-
transgredir	-	-	-	-	-	-	transgrido	-	transgrides	-	transgride	transgridem	-	-	-	-	-	-	-	-	-	-	-	-	-	-	-	-	-	-	-	-	-	-	-	-	-	-	-	-	-	-	transgrida	transgridamos	transgridas	transgridades	transgrida	transgridam	-	-	-	-	-	-	-	-	-	-	-	-	-	-	-	-	-	-	transgride	-
trasfegar	-	-	-	-	-	-	-	-	-	-	-	-	-	-	-	-	-	-	trasfeguei	-	-	-	-	-	-	-	-	-	-	-	-	-	-	-	-	-	-	-	-	-	-	-	trasfegue	trasfeguemos	trasfegues	trasfeguedes	trasfegue	trasfeguem	-	-	-	-	-	-	-	-	-	-	-	-	-	-	-	-	-	-	-	-
traspoñer	-	-	trasposto	trasposta	traspostos	traspostas	-	-	traspós	-	traspón	-	-	-	-	-	-	-	traspuxen	traspuxemos	traspuxeches	traspuxestes	traspuxo	traspuxeron	traspuxera	traspuxeramos	traspuxeras	traspuxerades	traspuxera	traspuxeran	-	-	-	-	-	-	-	-	-	-	-	-	-	-	-	-	-	-	traspuxese	traspuxésemos	traspuxeses	traspuxésedes	traspuxese	traspuxesen	traspuxer	traspuxermos	traspuxeres	traspuxerdes	traspuxer	traspuxeren	-	-	-	-	-	-	traspón	-
traumatizar	-	-	-	-	-	-	-	-	-	-	-	-	-	-	-	-	-	-	traumaticei	-	-	-	-	-	-	-	-	-	-	-	-	-	-	-	-	-	-	-	-	-	-	-	traumatice	traumaticemos	traumatices	traumaticedes	traumatice	traumaticen	-	-	-	-	-	-	-	-	-	-	-	-	-	-	-	-	-	-	-	-
travestir	-	-	-	-	-	-	travisto	-	-	-	-	travestem	-	-	-	-	-	-	-	-	-	-	-	-	-	-	-	-	-	-	-	-	-	-	-	-	-	-	-	-	-	-	travista	travistamos	travistas	travistades	travista	travistam	-	-	-	-	-	-	-	-	-	-	-	-	-	-	-	-	-	-	-	-
trazar	-	-	-	-	-	-	-	-	-	-	-	-	-	-	-	-	-	-	tracei	-	-	-	-	-	-	-	-	-	-	-	-	-	-	-	-	-	-	-	-	-	-	-	trace	tracemos	traces	tracedes	trace	tracen	-	-	-	-	-	-	-	-	-	-	-	-	-	-	-	-	-	-	-	-
trazer	-	-	-	-	-	-	trago	-	-	-	traz	trazem	trazia	trazíamos	trazias	trazíades	trazia	traziam	trouxe	trouxemos	trouxeche	trouxestes	trouxe	trouxeram	trouxera	trouxéramos	trouxeras	trouxérades	trouxera	trouxeram	trarei	traremos	trarás	traredes	trará	trarám	traria	traríamos	trarias	traríades	traria	trariam	traga	tragamos	tragas	tragades	traga	tragam	trouxesse	trouxéssemos	trouxesses	trouxéssedes	trouxesse	trouxessem	trouxer	trouxermos	trouxeres	trouxerdes	trouxer	trouxerem	-	-	-	-	-	trazerem	traz	-
trigar	-	-	-	-	-	-	-	-	-	-	-	-	-	-	-	-	-	-	triguei	-	-	-	-	-	-	-	-	-	-	-	-	-	-	-	-	-	-	-	-	-	-	-	trigue	triguemos	trigues	triguedes	trigue	triguem	-	-	-	-	-	-	-	-	-	-	-	-	-	-	-	-	-	-	-	-
trincar	-	-	-	-	-	-	-	-	-	-	-	-	-	-	-	-	-	-	trinquei	-	-	-	-	-	-	-	-	-	-	-	-	-	-	-	-	-	-	-	-	-	-	-	trinque	trinquemos	trinques	trinquedes	trinque	trinquem	-	-	-	-	-	-	-	-	-	-	-	-	-	-	-	-	-	-	-	-
triplicar	-	-	-	-	-	-	-	-	-	-	-	-	-	-	-	-	-	-	tripliquei	-	-	-	-	-	-	-	-	-	-	-	-	-	-	-	-	-	-	-	-	-	-	-	triplique	tripliquemos	tripliques	tripliquedes	triplique	tripliquem	-	-	-	-	-	-	-	-	-	-	-	-	-	-	-	-	-	-	-	-
triscar	-	-	-	-	-	-	-	-	-	-	-	-	-	-	-	-	-	-	trisquei	-	-	-	-	-	-	-	-	-	-	-	-	-	-	-	-	-	-	-	-	-	-	-	trisque	trisquemos	trisques	trisquedes	trisque	trisquem	-	-	-	-	-	-	-	-	-	-	-	-	-	-	-	-	-	-	-	-
trocar	-	-	-	-	-	-	-	-	-	-	-	-	-	-	-	-	-	-	troquei	-	-	-	-	-	-	-	-	-	-	-	-	-	-	-	-	-	-	-	-	-	-	-	troque	troquemos	troques	troquedes	troque	troquem	-	-	-	-	-	-	-	-	-	-	-	-	-	-	-	-	-	-	-	-
tronzar	-	-	-	-	-	-	-	-	-	-	-	-	-	-	-	-	-	-	troncei	-	-	-	-	-	-	-	-	-	-	-	-	-	-	-	-	-	-	-	-	-	-	-	tronce	troncemos	tronces	troncedes	tronce	troncen	-	-	-	-	-	-	-	-	-	-	-	-	-	-	-	-	-	-	-	-
tropezar	-	-	-	-	-	-	-	-	-	-	-	-	-	-	-	-	-	-	tropecei	-	-	-	-	-	-	-	-	-	-	-	-	-	-	-	-	-	-	-	-	-	-	-	tropece	tropecemos	tropeces	tropecedes	tropece	tropecen	-	-	-	-	-	-	-	-	-	-	-	-	-	-	-	-	-	-	-	-
trucar	-	-	-	-	-	-	-	-	-	-	-	-	-	-	-	-	-	-	truquei	-	-	-	-	-	-	-	-	-	-	-	-	-	-	-	-	-	-	-	-	-	-	-	truque	truquemos	truques	truquedes	truque	truquem	-	-	-	-	-	-	-	-	-	-	-	-	-	-	-	-	-	-	-	-
truncar	-	-	-	-	-	-	-	-	-	-	-	-	-	-	-	-	-	-	trunquei	-	-	-	-	-	-	-	-	-	-	-	-	-	-	-	-	-	-	-	-	-	-	-	trunque	trunquemos	trunques	trunquedes	trunque	trunquem	-	-	-	-	-	-	-	-	-	-	-	-	-	-	-	-	-	-	-	-
tusir	-	-	-	-	-	-	-	-	toses	-	tose	tosen	-	-	-	-	-	-	-	-	-	-	-	-	-	-	-	-	-	-	-	-	-	-	-	-	-	-	-	-	-	-	-	-	-	-	-	-	-	-	-	-	-	-	-	-	-	-	-	-	-	-	-	-	-	-	-	-
uberizar	-	-	-	-	-	-	-	-	-	-	-	-	-	-	-	-	-	-	-	-	-	-	-	-	-	-	-	-	-	-	-	-	-	-	-	-	-	-	-	-	-	-	-	-	-	-	-	ubericen	-	-	-	-	-	-	-	-	-	-	-	-	-	-	-	-	-	-	-	-
unificar	-	-	-	-	-	-	-	-	-	-	-	-	-	-	-	-	-	-	unifiquei	-	-	-	-	-	-	-	-	-	-	-	-	-	-	-	-	-	-	-	-	-	-	-	unifique	unifiquemos	unifiques	unifiquedes	unifique	unifiquem	-	-	-	-	-	-	-	-	-	-	-	-	-	-	-	-	-	-	-	-
urdir	-	-	-	-	-	-	-	-	-	-	-	orden	-	-	-	-	-	-	-	-	-	-	-	-	-	-	-	-	-	-	-	-	-	-	-	-	-	-	-	-	-	-	-	-	-	-	-	-	-	-	-	-	-	-	-	-	-	-	-	-	-	-	-	-	-	-	-	-
utilizar	-	-	-	-	-	-	-	-	-	-	-	-	-	-	-	-	-	-	-	-	-	-	-	-	-	-	-	-	-	-	-	-	-	-	-	-	-	-	-	-	-	-	-	-	-	-	-	utilicen	-	-	-	-	-	-	-	-	-	-	-	-	-	-	-	-	-	-	-	-
vagar	-	-	-	-	-	-	-	-	-	-	-	-	-	-	-	-	-	-	vaguei	-	-	-	-	-	-	-	-	-	-	-	-	-	-	-	-	-	-	-	-	-	-	-	vague	vaguemos	vagues	vaguedes	vague	vaguem	-	-	-	-	-	-	-	-	-	-	-	-	-	-	-	-	-	-	-	-
valer	-	-	-	-	-	-	valho	-	-	-	-	-	-	-	-	-	-	-	-	-	-	-	-	-	-	-	-	-	-	-	-	-	-	-	-	-	-	-	-	-	-	-	valha	valhamos	valhas	valhades	valha	valham	-	-	-	-	-	-	-	-	-	-	-	-	-	-	-	-	-	-	-	-
variar	-	-	-	-	-	-	-	-	-	-	-	variam	-	-	-	-	-	-	-	-	-	-	-	-	-	-	-	-	-	-	-	-	-	-	-	-	-	-	-	-	-	-	-	-	-	-	-	variem	-	-	-	-	-	-	-	-	-	-	-	-	-	-	-	-	-	-	-	-
vazar	-	-	-	-	-	-	-	-	-	-	-	-	-	-	-	-	-	-	-	-	-	-	-	-	-	-	-	-	-	-	-	-	-	-	-	-	-	-	-	-	-	-	-	-	-	-	-	vacen	-	-	-	-	-	-	-	-	-	-	-	-	-	-	-	-	-	-	-	-
vectorizar	-	-	-	-	-	-	-	-	-	-	-	-	-	-	-	-	-	-	vectoricei	-	-	-	-	-	-	-	-	-	-	-	-	-	-	-	-	-	-	-	-	-	-	-	vectorice	vectoricemos	vectorices	vectoricedes	vectorice	vectoricen	-	-	-	-	-	-	-	-	-	-	-	-	-	-	-	-	-	-	-	-
vencer	-	-	-	-	-	-	venzo	-	-	-	-	-	-	-	-	-	-	-	-	-	-	-	-	-	-	-	-	-	-	-	-	-	-	-	-	-	-	-	-	-	-	-	venza	venzamos	venzas	venzades	venza	venzan	-	-	-	-	-	-	-	-	-	-	-	-	-	-	-	-	-	-	-	-
ver	-	-	visto	vista	vistos	vistas	vejo	-	-	-	-	-	-	-	-	-	-	-	vi	vimos	-	vistes	viu	viram	vira	viramos	viras	virades	vira	viram	-	-	-	-	-	-	-	-	-	-	-	-	veja	vejamos	vejas	vejades	veja	vejam	vise	vísemos	vises	vísedes	vise	visen	vir	virmos	vires	virdes	vir	virem	-	-	-	-	-	-	-	-
verbalizar	-	-	-	-	-	-	-	-	-	-	-	-	-	-	-	-	-	-	-	-	-	-	-	-	-	-	-	-	-	-	-	-	-	-	-	-	-	-	-	-	-	-	-	-	-	-	-	verbalicen	-	-	-	-	-	-	-	-	-	-	-	-	-	-	-	-	-	-	-	-
verificar	-	-	-	-	-	-	-	-	-	-	-	-	-	-	-	-	-	-	verifiquei	-	-	-	-	-	-	-	-	-	-	-	-	-	-	-	-	-	-	-	-	-	-	-	verifique	verifiquemos	verifiques	verifiquedes	verifique	verifiquem	-	-	-	-	-	-	-	-	-	-	-	-	-	-	-	-	-	-	-	-
verquer	-	-	-	-	-	-	verco	-	-	-	-	-	-	-	-	-	-	-	-	-	-	-	-	-	-	-	-	-	-	-	-	-	-	-	-	-	-	-	-	-	-	-	verca	vercamos	vercas	vercades	verca	vercam	-	-	-	-	-	-	-	-	-	-	-	-	-	-	-	-	-	-	-	-
vestir	-	-	-	-	-	-	visto	-	-	-	-	vestem	-	-	-	-	-	-	-	-	-	-	-	-	-	-	-	-	-	-	-	-	-	-	-	-	-	-	-	-	-	-	vista	vistamos	vistas	vistades	vista	vistam	-	-	-	-	-	-	-	-	-	-	-	-	-	-	-	-	-	-	-	-
vezar	-	-	-	-	-	-	-	-	-	-	-	-	-	-	-	-	-	-	-	-	-	-	-	-	-	-	-	-	-	-	-	-	-	-	-	-	-	-	-	-	-	-	-	-	-	-	-	vecen	-	-	-	-	-	-	-	-	-	-	-	-	-	-	-	-	-	-	-	-
viajar	-	-	-	-	-	-	-	-	-	-	-	viajam	viajava	viajávamos	viajavas	viajávades	viajava	viajavam	-	-	viajache	-	-	viajaram	-	viajáramos	-	viajárades	-	viajaram	-	-	-	-	-	viajarám	viajaria	viajaríamos	viajarias	viajaríades	viajaria	viajariam	-	-	-	-	-	viajem	viajasse	viajássemos	viajasses	viajássedes	viajasse	viajassem	-	-	-	-	-	viajarem	-	-	-	-	-	viajarem	-	-
vingar	-	-	-	-	-	-	-	-	-	-	-	-	-	-	-	-	-	-	vinguei	-	-	-	-	-	-	-	-	-	-	-	-	-	-	-	-	-	-	-	-	-	-	-	vingue	vinguemos	vingues	vinguedes	vingue	vinguem	-	-	-	-	-	-	-	-	-	-	-	-	-	-	-	-	-	-	-	-
vir	-	-	vindo	vinda	vindos	vindas	venho	-	vens	-	vem	venhem	vinha	viñamos	vinhas	viñades	vinha	vinham	vim	viemos	vieste	viestes	veio	vieram	viera	vinhéramos	vieras	vinhérades	viera	vieram	-	-	-	-	-	-	-	-	-	-	-	-	venha	venhamos	venhas	venhades	venha	venham	viesse	vinhéssemos	viesses	vinhéssedes	viesse	viessem	vier	viermos	vieres	vierdes	vier	vierem	-	-	-	-	-	-	vem	-
viscar	-	-	-	-	-	-	-	-	-	-	-	-	-	-	-	-	-	-	visquei	-	-	-	-	-	-	-	-	-	-	-	-	-	-	-	-	-	-	-	-	-	-	-	visque	visquemos	visques	visquedes	visque	visquem	-	-	-	-	-	-	-	-	-	-	-	-	-	-	-	-	-	-	-	-
vitimizar	-	-	-	-	-	-	-	-	-	-	-	-	-	-	-	-	-	-	-	-	-	-	-	-	-	-	-	-	-	-	-	-	-	-	-	-	-	-	-	-	-	-	-	-	-	-	-	vitimicen	-	-	-	-	-	-	-	-	-	-	-	-	-	-	-	-	-	-	-	-
vixiar	-	-	-	-	-	-	vixío	-	vixías	-	vixía	vixían	-	-	-	-	-	-	-	-	-	-	-	-	-	-	-	-	-	-	-	-	-	-	-	-	-	-	-	-	-	-	vixíe	-	vixíes	-	vixíe	vixíen	-	-	-	-	-	-	-	-	-	-	-	-	-	-	-	-	-	-	vixía	-
vogar	-	-	-	-	-	-	-	-	-	-	-	-	-	-	-	-	-	-	voguei	-	-	-	-	-	-	-	-	-	-	-	-	-	-	-	-	-	-	-	-	-	-	-	vogue	voguemos	vogues	voguedes	vogue	voguem	-	-	-	-	-	-	-	-	-	-	-	-	-	-	-	-	-	-	-	-
vorcar	-	-	-	-	-	-	-	-	-	-	-	-	-	-	-	-	-	-	vorquei	-	-	-	-	-	-	-	-	-	-	-	-	-	-	-	-	-	-	-	-	-	-	-	vorque	vorquemos	vorques	vorquedes	vorque	vorquen	-	-	-	-	-	-	-	-	-	-	-	-	-	-	-	-	-	-	-	-
vulcanizar	-	-	-	-	-	-	-	-	-	-	-	-	-	-	-	-	-	-	-	-	-	-	-	-	-	-	-	-	-	-	-	-	-	-	-	-	-	-	-	-	-	-	-	-	-	-	-	vulcanicen	-	-	-	-	-	-	-	-	-	-	-	-	-	-	-	-	-	-	-	-
wikificar	-	-	-	-	-	-	-	-	-	-	-	-	-	-	-	-	-	-	wikifiquei	-	-	-	-	-	-	-	-	-	-	-	-	-	-	-	-	-	-	-	-	-	-	-	wikifique	wikifiquemos	wikifiques	wikifiquedes	wikifique	wikifiquem	-	-	-	-	-	-	-	-	-	-	-	-	-	-	-	-	-	-	-	-
xacer	-	-	-	-	-	-	xazo	-	-	-	-	-	-	-	-	-	-	-	-	-	-	-	-	-	-	-	-	-	-	-	-	-	-	-	-	-	-	-	-	-	-	-	xaza	xazamos	xazas	xazades	xaza	xazan	-	-	-	-	-	-	-	-	-	-	-	-	-	-	-	-	-	-	-	-
xaxuar	-	-	-	-	-	-	xaxúo	-	xaxúas	-	xaxúa	xaxúan	-	-	-	-	-	-	-	-	-	-	-	-	-	-	-	-	-	-	-	-	-	-	-	-	-	-	-	-	-	-	xaxúe	-	xaxúes	-	xaxúe	xaxúen	-	-	-	-	-	-	-	-	-	-	-	-	-	-	-	-	-	-	xaxúa	-
xeneralizar	-	-	-	-	-	-	-	-	-	-	-	-	-	-	-	-	-	-	xeneralicei	-	-	-	-	-	-	-	-	-	-	-	-	-	-	-	-	-	-	-	-	-	-	-	xeneralice	xeneralicemos	xeneralices	xeneralicedes	xeneralice	xeneralicen	-	-	-	-	-	-	-	-	-	-	-	-	-	-	-	-	-	-	-	-
xeolocalizar	-	-	-	-	-	-	-	-	-	-	-	-	-	-	-	-	-	-	xeolocalicei	-	-	-	-	-	-	-	-	-	-	-	-	-	-	-	-	-	-	-	-	-	-	-	xeolocalice	xeolocalicemos	xeolocalices	xeolocalicedes	xeolocalice	xeolocalicen	-	-	-	-	-	-	-	-	-	-	-	-	-	-	-	-	-	-	-	-
xiringar	-	-	-	-	-	-	-	-	-	-	-	-	-	-	-	-	-	-	xiringuei	-	-	-	-	-	-	-	-	-	-	-	-	-	-	-	-	-	-	-	-	-	-	-	xiringue	xiringuemos	xiringues	xiringuedes	xiringue	xiringuem	-	-	-	-	-	-	-	-	-	-	-	-	-	-	-	-	-	-	-	-
xogar	-	-	-	-	-	-	-	-	-	-	-	-	-	-	-	-	-	-	xoguei	-	-	-	-	-	-	-	-	-	-	-	-	-	-	-	-	-	-	-	-	-	-	-	xogue	xoguemos	xogues	xoguedes	xogue	xoguen	-	-	-	-	-	-	-	-	-	-	-	-	-	-	-	-	-	-	-	-
xudicializar	-	-	-	-	-	-	-	-	-	-	-	-	-	-	-	-	-	-	xudicialicei	-	-	-	-	-	-	-	-	-	-	-	-	-	-	-	-	-	-	-	-	-	-	-	xudicialice	xudicialicemos	xudicialices	xudicialicedes	xudicialice	xudicialicen	-	-	-	-	-	-	-	-	-	-	-	-	-	-	-	-	-	-	-	-
xulgar	-	-	-	-	-	-	-	-	-	-	-	-	-	-	-	-	-	-	xulguei	-	-	-	-	-	-	-	-	-	-	-	-	-	-	-	-	-	-	-	-	-	-	-	xulgue	xulguemos	xulgues	xulguedes	xulgue	xulguen	-	-	-	-	-	-	-	-	-	-	-	-	-	-	-	-	-	-	-	-
xunguir	-	-	-	-	-	-	xungo	-	xongues	-	xongue	xonguen	-	-	-	-	-	-	-	-	-	-	-	-	-	-	-	-	-	-	-	-	-	-	-	-	-	-	-	-	-	-	xunga	xungamos	xungas	xungades	xunga	xungan	-	-	-	-	-	-	-	-	-	-	-	-	-	-	-	-	-	-	-	-
xurdir	-	-	-	-	-	-	-	-	xordes	-	xorde	xordem	-	-	-	-	-	-	-	-	-	-	-	-	-	-	-	-	-	-	-	-	-	-	-	-	-	-	-	-	-	-	-	-	-	-	-	-	-	-	-	-	-	-	-	-	-	-	-	-	-	-	-	-	-	-	-	-
xustapoñer	-	-	xustaposto	xustaposta	xustapostos	xustapostas	-	-	xustapós	-	xustapón	-	-	-	-	-	-	-	xustapuxen	xustapuxemos	xustapuxeches	xustapuxestes	xustapuxo	xustapuxeron	xustapuxera	xustapuxeramos	xustapuxeras	xustapuxerades	xustapuxera	xustapuxeran	-	-	-	-	-	-	-	-	-	-	-	-	-	-	-	-	-	-	xustapuxese	xustapuxésemos	xustapuxeses	xustapuxésedes	xustapuxese	xustapuxesen	xustapuxer	xustapuxermos	xustapuxeres	xustapuxerdes	xustapuxer	xustapuxeren	-	-	-	-	-	-	xustapón	-
zopegar	-	-	-	-	-	-	-	-	-	-	-	-	-	-	-	-	-	-	zopeguei	-	-	-	-	-	-	-	-	-	-	-	-	-	-	-	-	-	-	-	-	-	-	-	zopegue	zopeguemos	zopegues	zopeguedes	zopegue	zopeguem	-	-	-	-	-	-	-	-	-	-	-	-	-	-	-	-	-	-	-	-
zorregar	-	-	-	-	-	-	-	-	-	-	-	-	-	-	-	-	-	-	zorreguei	-	-	-	-	-	-	-	-	-	-	-	-	-	-	-	-	-	-	-	-	-	-	-	zorregue	zorreguemos	zorregues	zorreguedes	zorregue	zorreguem	-	-	-	-	-	-	-	-	-	-	-	-	-	-	-	-	-	-	-	-
zoscar	-	-	-	-	-	-	-	-	-	-	-	-	-	-	-	-	-	-	zosquei	-	-	-	-	-	-	-	-	-	-	-	-	-	-	-	-	-	-	-	-	-	-	-	zosque	zosquemos	zosques	zosquedes	zosque	zosquem	-	-	-	-	-	-	-	-	-	-	-	-	-	-	-	-	-	-	-	-
zugar	-	-	-	-	-	-	-	-	-	-	-	-	-	-	-	-	-	-	zuguei	-	-	-	-	-	-	-	-	-	-	-	-	-	-	-	-	-	-	-	-	-	-	-	zugue	zuguemos	zugues	zuguedes	zugue	zuguem	-	-	-	-	-	-	-	-	-	-	-	-	-	-	-	-	-	-	-	-
zumegar	-	-	-	-	-	-	-	-	-	-	-	-	-	-	-	-	-	-	zumeguei	-	-	-	-	-	-	-	-	-	-	-	-	-	-	-	-	-	-	-	-	-	-	-	zumegue	zumeguemos	zumegues	zumeguedes	zumegue	zumeguem	-	-	-	-	-	-	-	-	-	-	-	-	-	-	-	-	-	-	-	-
zurcir	-	-	-	-	-	-	zurzo	-	-	-	-	-	-	-	-	-	-	-	-	-	-	-	-	-	-	-	-	-	-	-	-	-	-	-	-	-	-	-	-	-	-	-	zurza	zurzamos	zurzas	zurzades	zurza	zurzan	-	-	-	-	-	-	-	-	-	-	-	-	-	-	-	-	-	-	-	-
