# lemma(1sg.pres)	V;1;SG;IND;PRS	V;2;SG;IND;PRS	V;3;SG;IND;PRS	V;1;PL;IND;PRS	V;2;PL;IND;PRS	V;3;PL;IND;PRS	V;1;SG;IND;IPFV	V;2;SG;IND;IPFV	V;3;SG;IND;IPFV	V;1;PL;IND;IPFV	V;2;PL;IND;IPFV	V;3;PL;IND;IPFV	V;1;SG;IND;PST	V;2;SG;IND;PST	V;3;SG;IND;PST	V;1;PL;IND;PST	V;2;PL;IND;PST	V;3;PL;IND;PST	V;1;SG;ADM;PRS	V;2;SG;ADM;PRS	V;3;SG;ADM;PRS	V;1;PL;ADM;PRS	V;2;PL;ADM;PRS	V;3;PL;ADM;PRS	V;1;SG;ADM;IPFV	V;2;SG;ADM;IPFV	V;3;SG;ADM;IPFV	V;1;PL;ADM;IPFV	V;2;PL;ADM;IPFV	V;3;PL;ADM;IPFV	V;2;SG;IMP	V;2;PL;IMP	V;V.PTCP  ("-" = productive -oj default)
abonohem	abonohem	abonohesh	abonohet	abonohemi	abonoheni	abonohen	abonohesha	abonoheshe	abonohej	abonoheshim	abonoheshit	abonoheshin	-	-	-	-	-	-	-	-	-	-	-	-	-	-	-	-	-	-	abonohu	abonohuni	abonuar
abstragoj	abstragohem	abstragohesh	abstragohet	abstragohemi	abstragoheni	abstragohen	abstragohesha	abstragoheshe	abstragohej	abstragoheshim	abstragoheshit	abstragoheshin	-	-	-	-	-	-	-	-	-	-	-	-	-	-	-	-	-	-	-	abstragohuni	-
abuzohem	abuzohem	abuzohesh	abuzohet	abuzohemi	abuzoheni	abuzohen	abuzohesha	abuzoheshe	abuzohej	abuzoheshim	abuzoheshit	abuzoheshin	-	-	-	-	-	-	-	-	-	-	-	-	-	-	-	-	-	-	abuzohu	abuzohuni	abuzuar
acarohem	acarohem	acarohesh	acarohet	acarohemi	acaroheni	acarohen	acarohesha	acaroheshe	acarohej	acaroheshim	acaroheshit	acaroheshin	-	-	-	-	-	-	-	-	-	-	-	-	-	-	-	-	-	-	acarohu	acarohuni	acaruar
adaptohem	adaptohem	adaptohesh	adaptohet	adaptohemi	adaptoheni	adaptohen	adaptohesha	adaptoheshe	adaptohej	adaptoheshim	adaptoheshit	adaptoheshin	adaptova	adaptove	adaptoi	adaptuam	adaptuat	adaptuan	adaptuakam	adaptuake	adaptuaka	adaptuakemi	adaptuakeni	adaptuakan	adaptuakësha	adaptuakëshe	adaptuakësh	adaptuakëshim	adaptuakëshit	adaptuakëshin	adapto	adaptohuni	adaptuar
adaptoj	adaptohem	adaptohesh	adaptohet	adaptohemi	adaptoheni	adaptohen	adaptohesha	adaptoheshe	adaptohej	adaptoheshim	adaptoheshit	adaptoheshin	-	-	-	-	-	-	-	-	-	-	-	-	-	-	-	-	-	-	-	adaptohuni	-
admirohem	admirohem	admirohesh	admirohet	admirohemi	admiroheni	admirohen	admirohesha	admiroheshe	admirohej	admiroheshim	admiroheshit	admiroheshin	admirova	admirove	admiroi	admiruam	admiruat	admiruan	admiruakam	admiruake	admiruaka	admiruakemi	admiruakeni	admiruakan	admiruakësha	admiruakëshe	admiruakësh	admiruakëshim	admiruakëshit	admiruakëshin	admiro	admirohuni	admiruar
adoptohem	adoptohem	adoptohesh	adoptohet	adoptohemi	adoptoheni	adoptohen	adoptohesha	adoptoheshe	adoptohej	adoptoheshim	adoptoheshit	adoptoheshin	adoptova	adoptove	adoptoi	adoptuam	adoptuat	adoptuan	adoptuakam	adoptuake	adoptuaka	adoptuakemi	adoptuakeni	adoptuakan	adoptuakësha	adoptuakëshe	adoptuakësh	adoptuakëshim	adoptuakëshit	adoptuakëshin	adopto	adoptohuni	adoptuar
adresohem	adresohem	adresohesh	adresohet	adresohemi	adresoheni	adresohen	adresohesha	adresoheshe	adresohej	adresoheshim	adresoheshit	adresoheshin	adresova	adresove	adresoi	adresuam	adresuat	adresuan	adresuakam	adresuake	adresuaka	adresuakemi	adresuakeni	adresuakan	adresuakësha	adresuakëshe	adresuakësh	adresuakëshim	adresuakëshit	adresuakëshin	adreso	adresohuni	adresuar
afirmohem	afirmohem	afirmohesh	afirmohet	afirmohemi	afirmoheni	afirmohen	afirmohesha	afirmoheshe	afirmohej	afirmoheshim	afirmoheshit	afirmoheshin	-	-	-	-	-	-	-	-	-	-	-	-	-	-	-	-	-	-	afirmohu	afirmohuni	afirmuar
afrimohem	afirmohem	afirmohesh	afirmohet	afirmohemi	afirmoheni	afirmohen	afirmohesha	afirmoheshe	afirmohej	afirmoheshim	afirmoheshit	afirmoheshin	-	-	-	-	-	-	-	-	-	-	-	-	-	-	-	-	-	-	afirmohu	afirmohuni	afirmuar
afrohem	afrohem	afrohesh	afrohet	afrohemi	afroheni	afrohen	afrohesha	afroheshe	afrohej	afroheshim	afroheshit	afroheshin	-	-	-	-	-	-	-	-	-	-	-	-	-	-	-	-	-	-	afrohu	afrohuni	afruar
ajros	ajros	ajros	ajros	ajrosim	ajrosni	ajrosin	ajrosja	ajrosje	ajroste	ajrosnim	ajrosnit	ajrosnin	ajrosa	ajrose	ajrosi	ajrosëm	ajrosët	ajrosën	ajroskam	ajroske	ajroska	ajroskemi	ajroskeni	ajroskan	ajroskësha	ajroskëshe	ajroskësh	ajroskëshim	ajroskëshit	ajroskëshin	ajros	ajrosni	ajrosur
alarmohem	alarmohem	alarmohesh	alarmohet	alarmohemi	alarmoheni	alarmohen	alarmohesha	alarmoheshe	alarmohej	alarmoheshim	alarmoheshit	alarmoheshin	alarmova	alarmove	alarmoi	alarmuam	alarmuat	alarmuan	alarmuakam	alarmuake	alarmuaka	alarmuakemi	alarmuakeni	alarmuakan	alarmuakësha	alarmuakëshe	alarmuakësh	alarmuakëshim	alarmuakëshit	alarmuakëshin	alarmo	alarmohuni	alarmuar
alarmoj	alarmohem	alarmohesh	alarmohet	alarmohemi	alarmoheni	alarmohen	alarmohesha	alarmoheshe	alarmohej	alarmoheshim	alarmoheshit	alarmoheshin	-	-	-	-	-	-	-	-	-	-	-	-	-	-	-	-	-	-	-	alarmohuni	-
angllatis	angllatis	angllatis	angllatis	angllatisim	angllatisni	angllatisin	angllatisja	angllatisje	angllatiste	angllatisnim	angllatisnit	angllatisnin	angllatisa	angllatise	angllatisi	angllatisëm	angllatisët	angllatisën	angllatiskam	angllatiske	angllatiska	angllatiskemi	angllatiskeni	angllatiskan	angllatiskësha	angllatiskëshe	angllatiskësh	angllatiskëshim	angllatiskëshit	angllatiskëshin	angllatis	angllatisni	angllatisur
angërdufem	angërdufem	angërdufesh	angërdufet	angërdufemi	angërdufeni	angërdufen	angërdufesha	angërdufeshe	angërdufej	angërdufeshim	angërdufeshit	angërdufeshin	-	-	-	-	-	-	-	-	-	-	-	-	-	-	-	-	-	-	angërdufu	angërdufuni	angërdufur
ankohem	ankohem	ankohesh	ankohet	ankohemi	ankoheni	ankohen	ankohesha	ankoheshe	ankohej	ankoheshim	ankoheshit	ankoheshin	-	-	-	-	-	-	-	-	-	-	-	-	-	-	-	-	-	-	ankohu	ankohuni	ankuar
ap	jap	jep	jep	japim	jepni	japin	jepja	jepje	jepte	jepnim	jepnit	jepnin	dhashë	dhe	dha	dhamë	dhatë	dhanë	dhënkam	dhënke	dhënka	dhënkemi	dhënkeni	dhënkan	dhënkësha	dhënkëshe	dhënkësh	dhënkëshim	dhënkëshit	dhënkëshin	jep	jepni	dhënë
aprovoj	aprooj	aproon	aproon	aproojmë	aprooni	aproojnë	aprooja	aprooje	aproonte	aproonim	aproonit	aproonin	aproova	aproove	aprooi	aprouam	aprouat	aprouan	aprouakam	aprouake	aprouaka	aprouakemi	aprouakeni	aprouakan	aprouakësha	aprouakëshe	aprouakësh	aprouakëshim	aprouakëshit	aprouakëshin	aproo	aprooni	aprouar
argëtohem	argëtohem	argëtohesh	argëtohet	argëtohemi	argëtoheni	argëtohen	argëtohesha	argëtoheshe	argëtohej	argëtoheshim	argëtoheshit	argëtoheshin	argëtova	argëtove	argëtoi	argëtuam	argëtuat	argëtuan	argëtuakam	argëtuake	argëtuaka	argëtuakemi	argëtuakeni	argëtuakan	argëtuakësha	argëtuakëshe	argëtuakësh	argëtuakëshim	argëtuakëshit	argëtuakëshin	argëto	argëtohuni	argëtuar
armatos	armatos	armatos	armatos	armatosim	armatosni	armatosin	armatosja	armatosje	armatoste	armatosnim	armatosnit	armatosnin	armatosa	armatose	armatosi	armatosëm	armatosët	armatosën	armatoskam	armatoske	armatoska	armatoskemi	armatoskeni	armatoskan	armatoskësha	armatoskëshe	armatoskësh	armatoskëshim	armatoskëshit	armatoskëshin	armatos	armatosni	armatosur
arnis	arnis	arnis	arnis	arnisemi	arniseni	arnisen	arnisesha	arniseshe	arnisej	arniseshim	arniseshit	arniseshin	arnisa	arnise	arnisi	arnisëm	arnisët	arnisën	arniskam	arniske	arniska	arniskemi	arniskeni	arniskan	arniskësha	arniskëshe	arniskësh	arniskëshim	arniskëshit	arniskëshin	arnis	arnisni	arnisur
arratis	arratis	arratis	arratis	arratisim	arratisni	arratisin	arratisja	arratisje	arratiste	arratisnim	arratisnit	arratisnin	arratisa	arratise	arratisi	arratisëm	arratisët	arratisën	arratiskam	arratiske	arratiska	arratiskemi	arratiskeni	arratiskan	arratiskësha	arratiskëshe	arratiskësh	arratiskëshim	arratiskëshit	arratiskëshin	arratis	arratisni	arratisur
arratisem	arratisem	arratisesh	arratiset	arratisemi	arratiseni	arratisen	arratisesha	arratiseshe	arratisej	arratiseshim	arratiseshit	arratiseshin	-	-	-	-	-	-	-	-	-	-	-	-	-	-	-	-	-	-	arratisu	arratisuni	arratisuar
ath	ath	ath	ath	athim	athni	athin	athja	athje	athte	athnim	athnit	athnin	atha	athe	athi	athëm	athët	athën	athkam	athke	athka	athkemi	athkeni	athkan	athkësha	athkëshe	athkësh	athkëshim	athkëshit	athkëshin	ath	athni	athur
avit	avit	avit	avit	avitim	avitni	avitin	avitja	avitje	avitte	avitnim	avitnit	avitnin	avita	avite	aviti	avitëm	avitët	avitën	avitkam	avitke	avitka	avitkemi	avitkeni	avitkan	avitkësha	avitkëshe	avitkësh	avitkëshim	avitkëshit	avitkëshin	avit	avitni	avitur
barazohem	barazohem	barazohesh	barazohet	barazohemi	barazoheni	barazohen	barazohesha	barazoheshe	barazohej	barazoheshim	barazoheshit	barazoheshin	barazova	barazove	barazoi	barazuam	barazuat	barazuan	barazuakam	barazuake	barazuaka	barazuakemi	barazuakeni	barazuakan	barazuakësha	barazuakëshe	barazuakësh	barazuakëshim	barazuakëshit	barazuakëshin	barazo	barazohuni	barazuar
barazoj	barazohem	barazohesh	barazohet	barazohemi	barazoheni	barazohen	barazohesha	barazoheshe	barazohej	barazoheshim	barazoheshit	barazoheshin	-	-	-	-	-	-	-	-	-	-	-	-	-	-	-	-	-	-	-	barazohuni	-
barros	barros	barros	barros	barrosim	barrosni	barrosin	barrosja	barrosje	barroste	barrosnim	barrosnit	barrosnin	barrosa	barrose	barrosi	barrosëm	barrosët	barrosën	barroskam	barroske	barroska	barroskemi	barroskeni	barroskan	barroskësha	barroskëshe	barroskësh	barroskëshim	barroskëshit	barroskëshin	barros	barrosni	barrosur
bashkohem	bashkohem	bashkohesh	bashkohet	bashkohemi	bashkoheni	bashkohen	bashkohesha	bashkoheshe	bashkohej	bashkoheshim	bashkoheshit	bashkoheshin	bashkova	bashkove	bashkoi	bashkuam	bashkuat	bashkuan	bashkuakam	bashkuake	bashkuaka	bashkuakemi	bashkuakeni	bashkuakan	bashkuakësha	bashkuakëshe	bashkuakësh	bashkuakëshim	bashkuakëshit	bashkuakëshin	bashko	bashkohuni	bashkuar
bashkëbart	bashkëbart	bashkëbart	bashkëbart	bashkëbartim	bashkëbartni	bashkëbartin	bashkëbartja	bashkëbartje	bashkëbartte	bashkëbartnim	bashkëbartnit	bashkëbartnin	bashkëbarta	bashkëbarte	bashkëbarti	bashkëbartëm	bashkëbartët	bashkëbartën	bashkëbartkam	bashkëbartke	bashkëbartka	bashkëbartkemi	bashkëbartkeni	bashkëbartkan	bashkëbartkësha	bashkëbartkëshe	bashkëbartkësh	bashkëbartkëshim	bashkëbartkëshit	bashkëbartkëshin	bashkëbart	bashkëbartni	bashkëbartur
bastis	bastis	bastis	bastis	bastisim	bastisni	bastisin	bastisja	bastisje	bastiste	bastisnim	bastisnit	bastisnin	bastisa	bastise	bastisi	bastisëm	bastisët	bastisën	bastiskam	bastiske	bastiska	bastiskemi	bastiskeni	bastiskan	bastiskësha	bastiskëshe	bastiskësh	bastiskëshim	bastiskëshit	bastiskëshin	bastis	bastisni	bastisur
begenis	begenis	begenis	begenis	begenisim	begenisni	begenisin	begenisja	begenisje	begeniste	begenisnim	begenisnit	begenisnin	begenisa	begenise	begenisi	begenisëm	begenisët	begenisën	begeniskam	begeniske	begeniska	begeniskemi	begeniskeni	begeniskan	begeniskësha	begeniskëshe	begeniskësh	begeniskëshim	begeniskëshit	begeniskëshin	begenis	begenisni	begenisur
betohem	betohem	betohesh	betohet	betohemi	betoheni	betohen	betohesha	betoheshe	betohej	betoheshim	betoheshit	betoheshin	-	-	-	-	-	-	-	-	-	-	-	-	-	-	-	-	-	-	betohu	betohuni	betuar
bezdis	bezdis	bezdis	bezdis	bezdisim	bezdisni	bezdisin	bezdisja	bezdisje	bezdiste	bezdisnim	bezdisnit	bezdisnin	bezdisa	bezdise	bezdisi	bezdisëm	bezdisët	bezdisën	bezdiskam	bezdiske	bezdiska	bezdiskemi	bezdiskeni	bezdiskan	bezdiskësha	bezdiskëshe	bezdiskësh	bezdiskëshim	bezdiskëshit	bezdiskëshin	bezdis	bezdisni	bezdisur
bezdisem	bezdisem	bezdisesh	bezdiset	bezdisemi	bezdiseni	bezdisen	bezdisesha	bezdiseshe	bezdisej	bezdiseshim	bezdiseshit	bezdiseshin	-	-	-	-	-	-	-	-	-	-	-	-	-	-	-	-	-	-	bezdisu	bezdisuni	bezdisur
bie	bie	bie	bie	biem	bini	bien	bija	bije	binte	binim	binit	binin	prura	prure	pruri	prumë	prutë	prunë	prukam	pruke	pruka	prukemi	prukeni	prukan	prukësha	prukëshe	prukësh	prukëshim	prukëshit	prukëshin	bjer	bini	prurë
bind	bind	bind	bind	bindim	bindni	bindin	bindja	bindje	bindte	bindnim	bindnit	bindnin	binda	binde	bindi	bindëm	bindët	bindën	bindkam	bindke	bindka	bindkemi	bindkeni	bindkan	bindkësha	bindkëshe	bindkësh	bindkëshim	bindkëshit	bindkëshin	bind	bindni	bindur
birrem	birrem	birresh	birret	birremi	birreni	birren	birresha	birreshe	birrej	birreshim	birreshit	birreshin	-	-	-	-	-	-	-	-	-	-	-	-	-	-	-	-	-	-	Birru!	Birruni!	bjerrë
bitis	bitis	bitis	bitis	bitisemi	bitiseni	bitisen	bitisesha	bitiseshe	bitisej	bitiseshim	bitiseshit	bitiseshin	bitisa	bitise	bitisi	bitisëm	bitisët	bitisën	bitiskam	bitiske	bitiska	bitiskemi	bitiskeni	bitiskan	bitiskësha	bitiskëshe	bitiskësh	bitiskëshim	bitiskëshit	bitiskëshin	bitis	bitisni	bitisur
bjerr	bjerr	bjerr	bjerr	bjerrim	birrni	bjerrin	birrja	birrje	birrte	birrnim	birrnit	birrnin	bora	bore	bori	borëm	borët	borën	bjerrkam	bjerrke	bjerrka	bjerrkemi	bjerrkeni	bjerrkan	bjerrkësha	bjerrkëshe	bjerrkej	bjerrkëshim	bjerrkëshit	bjerrkëshin	birr	birrni	bjerrë
blihem	blihem	blihesh	blihet	blihemi	bliheni	blihen	blihesha	bliheshe	blihej	bliheshim	bliheshit	bliheshin	-	-	-	-	-	-	-	-	-	-	-	-	-	-	-	-	-	-	Blihu!	Blihuni!	blerë
boshatis	boshatis	boshatis	boshatis	boshatisim	boshatisni	boshatisin	boshatisja	boshatisje	boshatiste	boshatisnim	boshatisnit	boshatisnin	boshatisa	boshatise	boshatisi	boshatisëm	boshatisët	boshatisën	boshatiskam	boshatiske	boshatiska	boshatiskemi	boshatiskeni	boshatiskan	boshatiskësha	boshatiskëshe	boshatiskësh	boshatiskëshim	boshatiskëshit	boshatiskëshin	boshatis	boshatisni	boshatisur
braktis	braktis	braktis	braktis	braktisim	braktisni	braktisin	braktisja	braktisje	braktiste	braktisnim	braktisnit	braktisnin	braktisa	braktise	braktisi	braktisëm	braktisët	braktisën	braktiskam	braktiske	braktiska	braktiskemi	braktiskeni	braktiskan	braktiskësha	braktiskëshe	braktiskësh	braktiskëshim	braktiskëshit	braktiskëshin	braktis	braktisni	braktisur
braktisem	braktisem	braktisesh	braktiset	braktisemi	braktiseni	braktisen	braktisesha	braktiseshe	braktisej	braktiseshim	braktiseshit	braktiseshin	-	-	-	-	-	-	-	-	-	-	-	-	-	-	-	-	-	-	braktisu	braktisuni	braktisur
bredh	bredh	bredh	bredh	bredhim	bredhni	bredhin	bridhja	bridhje	bridhte	bridhnim	bridhnit	bridhnin	brodha	brodhe	brodhi	brodhëm	brodhët	brodhën	bredhkam	bredhke	bredhka	bredhkemi	bredhkeni	bredhkan	bredhkësha	bredhkëshe	bredhkësh	bredhkëshim	bredhkëshit	bredhkëshin	bridh	bridhni	bredhur
brehem	brehem	brehesh	brehet	brehemi	breheni	brehen	brehesha	breheshe	brehej	breheshim	breheshit	breheshin	-	-	-	-	-	-	-	-	-	-	-	-	-	-	-	-	-	-	Brehu!	Brehuni!	brejtur
brej	brej	bren	bren	brejmë	breni	brejnë	breja	breje	brente	brenim	brenit	brenin	brejta	brejte	brejti	brejtëm	brejtët	brejtën	brejtkam	brejtke	brejtka	brejtkemi	brejtkeni	brejtkan	brejtkësha	brejtkëshe	brejtkej	brejtkëshim	brejtkëshit	brejtkëshin	Brej!	Breni!	brejtur
brengos	brengos	brengos	brengos	brengosim	brengosni	brengosin	brengosja	brengosje	brengoste	brengosnim	brengosnit	brengosnin	brengosa	brengose	brengosi	brengosëm	brengosët	brengosën	brengoskam	brengoske	brengoska	brengoskemi	brengoskeni	brengoskan	brengoskësha	brengoskëshe	brengoskësh	brengoskëshim	brengoskëshit	brengoskëshin	brengos	brengosni	brengosur
brengosem	brengosem	brengosesh	brengoset	brengosemi	brengoseni	brengosen	brengosesha	brengoseshe	brengosej	brengoseshim	brengoseshit	brengoseshin	-	-	-	-	-	-	-	-	-	-	-	-	-	-	-	-	-	-	brengosu	brengosuni	brengosur
brij	brij	brin	brin	brijmë	brini	brijnë	brija	brije	brinte	brinim	brinit	brinin	briva	brive	briu	brimë	britë	brinë	brikam	brike	brika	brikemi	brikeni	brikan	brikësha	brikëshe	brikësh	brikëshim	brikëshit	brikëshin	bri	brini	brirë
brof	brof	brof	brof	brofim	brofni	brofin	brofja	brofje	brofte	brofnim	brofnit	brofnin	brofa	brofe	brofi	brofëm	brofët	brofën	brofkam	brofke	brofka	brofkemi	brofkeni	brofkan	brofkësha	brofkëshe	brofkësh	brofkëshim	brofkëshit	brofkëshin	brof	brofni	brofur
brydh	brydh	brydh	brydh	brydhim	brydhni	brydhin	brydhja	brydhje	brydhte	brydhnim	brydhnit	brydhnin	brydha	brydhe	brydhi	brydhëm	brydhët	brydhën	brydhkam	brydhke	brydhka	brydhkemi	brydhkeni	brydhkan	brydhkësha	brydhkëshe	brydhkësh	brydhkëshim	brydhkëshit	brydhkëshin	brydh	brydhni	brydhur
burgos	burgos	burgos	burgos	burgosim	burgosni	burgosin	burgosja	burgosje	burgoste	burgosnim	burgosnit	burgosnin	burgosa	burgose	burgosi	burgosëm	burgosët	burgosën	burgoskam	burgoske	burgoska	burgoskemi	burgoskeni	burgoskan	burgoskësha	burgoskëshe	burgoskësh	burgoskëshim	burgoskëshit	burgoskëshin	burgos	burgosni	burgosur
buzëqesh	buzëqesh	buzëqesh	buzëqesh	buzëqeshim	buzëqeshni	buzëqeshin	buzëqeshja	buzëqeshje	buzëqeshte	buzëqeshnim	buzëqeshnit	buzëqeshnin	buzëqesha	buzëqeshe	buzëqeshi	buzëqeshëm	buzëqeshët	buzëqeshën	buzëqeshkam	buzëqeshke	buzëqeshka	buzëqeshkemi	buzëqeshkeni	buzëqeshkan	buzëqeshkësha	buzëqeshkëshe	buzëqeshkësh	buzëqeshkëshim	buzëqeshkëshit	buzëqeshkëshin	buzëqesh	buzëqeshni	buzëqeshur
bymej	bymej	bymen	bymen	bymejmë	bymeni	bymejnë	bymeja	bymeje	bymente	bymenim	bymenit	bymenin	bymeva	bymeve	bymeu	bymyem	bymyet	bymyen	bymyekam	bymyeke	bymyeka	bymyekemi	bymyekeni	bymyekan	bymyekësha	bymyekëshe	bymyekësh	bymyekëshim	bymyekëshit	bymyekëshin	byme	bymeni	bymyer
byr	byr	byr	byr	byrim	byrni	byrin	byrja	byrje	byrte	byrnim	byrnit	byrnin	byra	byre	byri	byrëm	byrët	byrën	byrkam	byrke	byrka	byrkemi	byrkeni	byrkan	byrkësha	byrkëshe	byrkësh	byrkëshim	byrkëshit	byrkëshin	byr	byrni	byrur
bëhem	bëhem	bëhesh	bëhet	bëhemi	bëheni	bëhen	bëhesha	bëheshe	bëhesh	bëheshim	bëheshit	bëheshin	bëra	bëre	bëri	bëmë	bëtë	bënë	bëkam	bëke	bëka	bëkemi	bëkeni	bëkan	bëkësha	bëkëshe	bëkësh	bëkëshim	bëkëshit	bëkëshin	bëhu	bëhuni	bërë
bëj	bëj	bën	bën	bëjmë	bëni	bëjnë	bëja	bëje	bënte	bënim	bënit	bënin	bëra	bëre	bëri	bëmë	bëtë	bënë	bëkam	bëke	bëka	bëkemi	bëkeni	bëkan	bëkësha	bëkëshe	bëkësh	bëkëshim	bëkëshit	bëkëshin	bëj	bëni	bërë
bërbëlit	bërbëlit	bërbëlit	bërbëlit	bërbëlitim	bërbëlitni	bërbëlitin	bërbëlitja	bërbëlitje	bërbëlitte	bërbëlitnim	bërbëlitnit	bërbëlitnin	bërbëlita	bërbëlite	bërbëliti	bërbëlitëm	bërbëlitët	bërbëlitën	bërbëlitkam	bërbëlitke	bërbëlitka	bërbëlitkemi	bërbëlitkeni	bërbëlitkan	bërbëlitkësha	bërbëlitkëshe	bërbëlitkësh	bërbëlitkëshim	bërbëlitkëshit	bërbëlitkëshin	bërbëlit	bërbëlitni	bërbëlitur
bërtas	bërtas	bërtet	bërtet	bërtasim	bërtitni	bërtasin	bërtitja	bërtitje	bërtiste	bërtitnim	bërtitnit	bërtitnin	bërtita	bërtite	bërtiti	bërtitëm	bërtitët	bërtitën	bërtitkam	bërtitke	bërtitka	bërtitkemi	bërtitkeni	bërtitkan	bërtitkësha	bërtitkëshe	bërtitkësh	bërtitkëshim	bërtitkëshit	bërtitkëshin	bërtit	bërtitni	bërtitur
cac	cac	cac	cac	cacim	cacni	cacin	cacja	cacje	cacte	cacnim	cacnit	cacnin	caca	cace	caci	cacëm	cacët	cacën	cackam	cacke	cacka	cackemi	cackeni	cackan	cackësha	cackëshe	cackësh	cackëshim	cackëshit	cackëshin	cac	cacni	cacur
cacit	cacit	cacit	cacit	cacitim	cacitni	cacitin	cacitja	cacitje	cacitte	cacitnim	cacitnit	cacitnin	cacita	cacite	caciti	cacitëm	cacitët	cacitën	cacitkam	cacitke	cacitka	cacitkemi	cacitkeni	cacitkan	cacitkësha	cacitkëshe	cacitkësh	cacitkëshim	cacitkëshit	cacitkëshin	cacit	cacitni	cacitur
cak	cak	cak	cak	cakim	cakni	cakin	cakja	cakje	cakte	caknim	caknit	caknin	caka	cake	caku	cakëm	cakët	cakën	cakkam	cakke	cakka	cakkemi	cakkeni	cakkan	cakkësha	cakkëshe	cakkësh	cakkëshim	cakkëshit	cakkëshin	cak	cakni	cakur
cakis	cakis	cakis	cakis	cakisim	cakisni	cakisin	cakisja	cakisje	cakiste	cakisnim	cakisnit	cakisnin	cakisa	cakise	cakisi	cakisëm	cakisët	cakisën	cakiskam	cakiske	cakiska	cakiskemi	cakiskeni	cakiskan	cakiskësha	cakiskëshe	cakiskësh	cakiskëshim	cakiskëshit	cakiskëshin	cakis	cakisni	cakisur
cakos	cakos	cakos	cakos	cakosim	cakosni	cakosin	cakosja	cakosje	cakoste	cakosnim	cakosnit	cakosnin	cakosa	cakose	cakosi	cakosëm	cakosët	cakosën	cakoskam	cakoske	cakoska	cakoskemi	cakoskeni	cakoskan	cakoskësha	cakoskëshe	cakoskësh	cakoskëshim	cakoskëshit	cakoskëshin	cakos	cakosni	cakosur
camruk	camruk	camruk	camruk	camrukim	camrukni	camrukin	camrukja	camrukje	camrukte	camruknim	camruknit	camruknin	camruka	camruke	camruki	camrukëm	camrukët	camrukën	camrukkam	camrukke	camrukka	camrukkemi	camrukkeni	camrukkan	camrukkësha	camrukkëshe	camrukkësh	camrukkëshim	camrukkëshit	camrukkëshin	camruk	camrukni	camrukur
caqis	cakis	cakis	cakis	cakisim	cakisni	cakisin	cakisja	cakisje	cakiste	cakisnim	cakisnit	cakisnin	cakisa	cakise	cakisi	cakisëm	cakisët	cakisën	cakiskam	cakiske	cakiska	cakiskemi	cakiskeni	cakiskan	cakiskësha	cakiskëshe	cakiskësh	cakiskëshim	cakiskëshit	cakiskëshin	cakis	cakisni	cakisur
carb	carb	carb	carb	carbim	carbni	carbin	carbja	carbje	carbte	carbnim	carbnit	carbnin	carba	carbe	carbi	carbëm	carbët	carbën	carbkam	carbke	carbka	carbkemi	carbkeni	carbkan	carbkësha	carbkëshe	carbkësh	carbkëshim	carbkëshit	carbkëshin	carb	carbni	carbur
cazit	cazit	cazit	cazit	cazitim	cazitni	cazitin	cazitja	cazitje	cazitte	cazitnim	cazitnit	cazitnin	cazita	cazite	caziti	cazitëm	cazitët	cazitën	cazitkam	cazitke	cazitka	cazitkemi	cazitkeni	cazitkan	cazitkësha	cazitkëshe	cazitkësh	cazitkëshim	cazitkëshit	cazitkëshin	cazit	cazitni	cazitur
ceflis	ceflis	ceflis	ceflis	ceflisim	ceflisni	ceflisin	ceflisja	ceflisje	cefliste	ceflisnim	ceflisnit	ceflisnin	ceflisa	ceflise	ceflisi	ceflisëm	ceflisët	ceflisën	cefliskam	cefliske	cefliska	cefliskemi	cefliskeni	cefliskan	cefliskësha	cefliskëshe	cefliskësh	cefliskëshim	cefliskëshit	cefliskëshin	ceflis	ceflisni	ceflisur
cek	cek	cek	cek	cekim	cekni	cekin	cekja	cekje	cekte	ceknim	ceknit	ceknin	ceka	ceke	ceku	cekëm	cekët	cekën	cekkam	cekke	cekka	cekkemi	cekkeni	cekkan	cekkësha	cekkëshe	cekkësh	cekkëshim	cekkëshit	cekkëshin	cek	cekni	cekur
celfis	celfis	celfis	celfis	celfisim	celfisni	celfisin	celfisja	celfisje	celfiste	celfisnim	celfisnit	celfisnin	celfisa	celfise	celfisi	celfisëm	celfisët	celfisën	celfiskam	celfiske	celfiska	celfiskemi	celfiskeni	celfiskan	celfiskësha	celfiskëshe	celfiskësh	celfiskëshim	celfiskëshit	celfiskëshin	celfis	celfisni	celfisur
cenos	cenos	cenos	cenos	cenosim	cenosni	cenosin	cenosja	cenosje	cenoste	cenosnim	cenosnit	cenosnin	cenosa	cenose	cenoscen	cenosëm	cenosët	cenosën	cenoskam	cenoske	cenoska	cenoskemi	cenoskeni	cenoskan	cenoskësha	cenoskëshe	cenoskësh	cenoskëshim	cenoskëshit	cenoskëshin	cenos	cenosni	cenosur
cergos	cergos	cergos	cergos	cergosim	cergosni	cergosin	cergosja	cergosje	cergoste	cergosnim	cergosnit	cergosnin	cergosa	cergose	cergosi	cergosëm	cergosët	cergosën	cergoskam	cergoske	cergoska	cergoskemi	cergoskeni	cergoskan	cergoskësha	cergoskëshe	cergoskësh	cergoskëshim	cergoskëshit	cergoskëshin	cergos	cergosni	cergosur
cerk	cerk	cerk	cerk	cerkim	cerkni	cerkin	cerkja	cerkje	cerkte	cerknim	cerknit	cerknin	cerka	cerke	cerku	cerkëm	cerkët	cerkën	cerkkam	cerkke	cerkka	cerkkemi	cerkkeni	cerkkan	cerkkësha	cerkkëshe	cerkkësh	cerkkëshim	cerkkëshit	cerkkëshin	cerk	cerkni	cerkur
ciflos	ciflos	ciflos	ciflos	ciflosim	ciflosni	ciflosin	ciflosja	ciflosje	cifloste	ciflosnim	ciflosnit	ciflosnin	ciflosa	ciflose	cifloscifl	ciflosëm	ciflosët	ciflosën	cifloskam	cifloske	cifloska	cifloskemi	cifloskeni	cifloskan	cifloskësha	cifloskëshe	cifloskësh	cifloskëshim	cifloskëshit	cifloskëshin	ciflos	ciflosni	ciflosur
cik	cik	cik	cik	cikim	cikni	cikin	cikja	cikje	cikte	ciknim	ciknit	ciknin	cika	cike	ciku	cikëm	cikët	cikën	cikkam	cikke	cikka	cikkemi	cikkeni	cikkan	cikkësha	cikkëshe	cikkësh	cikkëshim	cikkëshit	cikkëshin	cik	cikni	cikur
cikalos	cikalos	cikalos	cikalos	cikalosim	cikalosni	cikalosin	cikalosja	cikalosje	cikaloste	cikalosnim	cikalosnit	cikalosnin	cikalosa	cikalose	cikalosi	cikalosëm	cikalosët	cikalosën	cikaloskam	cikaloske	cikaloska	cikaloskemi	cikaloskeni	cikaloskan	cikaloskësha	cikaloskëshe	cikaloskësh	cikaloskëshim	cikaloskëshit	cikaloskëshin	cikalos	cikalosni	cikalosur
cikat	cikat	cikat	cikat	cikatim	cikatni	cikatin	cikatja	cikatje	cikatte	cikatnim	cikatnit	cikatnin	cikata	cikate	cikati	cikatëm	cikatët	cikatën	cikatkam	cikatke	cikatka	cikatkemi	cikatkeni	cikatkan	cikatkësha	cikatkëshe	cikatkësh	cikatkëshim	cikatkëshit	cikatkëshin	cikat	cikatni	cikatur
cikoj	cikohem	cikohesh	cikohet	cikohemi	cikoheni	cikohen	cikohesha	cikoheshe	cikohej	cikoheshim	cikoheshit	cikoheshin	-	-	-	-	-	-	-	-	-	-	-	-	-	-	-	-	-	-	-	cikohuni	-
cimbidh	cimbidh	cimbidh	cimbidh	cimbidhim	cimbidhni	cimbidhin	cimbidhja	cimbidhje	cimbidhte	cimbidhnim	cimbidhnit	cimbidhnin	cimbidha	cimbidhe	cimbidhi	cimbidhëm	cimbidhët	cimbidhën	cimbidhkam	cimbidhke	cimbidhka	cimbidhkemi	cimbidhkeni	cimbidhkan	cimbidhkësha	cimbidhkëshe	cimbidhkësh	cimbidhkëshim	cimbidhkëshit	cimbidhkëshin	cimbidh	cimbidhni	cimbidhur
cimbis	cimbis	cimbis	cimbis	cimbisim	cimbisni	cimbisin	cimbisja	cimbisje	cimbiste	cimbisnim	cimbisnit	cimbisnin	cimbisa	cimbise	cimbisi	cimbisëm	cimbisët	cimbisën	cimbiskam	cimbiske	cimbiska	cimbiskemi	cimbiskeni	cimbiskan	cimbiskësha	cimbiskëshe	cimbiskësh	cimbiskëshim	cimbiskëshit	cimbiskëshin	cimbis	cimbisni	cimbisur
cing	cing	cing	cing	cingim	cingni	cingin	cingja	cingje	cingte	cingnim	cingnit	cingnin	cinga	cinge	cingu	cingëm	cingët	cingën	cingkam	cingke	cingka	cingkemi	cingkeni	cingkan	cingkësha	cingkëshe	cingkësh	cingkëshim	cingkëshit	cingkëshin	cing	cingni	cingur
cingaris	cingaris	cingaris	cingaris	cingarisim	cingarisni	cingarisin	cingarisja	cingarisje	cingariste	cingarisnim	cingarisnit	cingarisnin	cingarisa	cingarise	cingarisi	cingarisëm	cingarisët	cingarisën	cingariskam	cingariske	cingariska	cingariskemi	cingariskeni	cingariskan	cingariskësha	cingariskëshe	cingariskësh	cingariskëshim	cingariskëshit	cingariskëshin	cingaris	cingarisni	cingarisur
cingëris	cingëris	cingëris	cingëris	cingërisim	cingërisni	cingërisin	cingërisja	cingërisje	cingëriste	cingërisnim	cingërisnit	cingërisnin	cingërisa	cingërise	cingërisi	cingërisëm	cingërisët	cingërisën	cingëriskam	cingëriske	cingëriska	cingëriskemi	cingëriskeni	cingëriskan	cingëriskësha	cingëriskëshe	cingëriskësh	cingëriskëshim	cingëriskëshit	cingëriskëshin	cingëris	cingërisni	cingërisur
cirk	cirk	cirk	cirk	cirkim	cirkni	cirkin	cirkja	cirkje	cirkte	cirknim	cirknit	cirknin	cirka	cirke	cirki	cirkëm	cirkët	cirkën	cirkkam	cirkke	cirkka	cirkkemi	cirkkeni	cirkkan	cirkkësha	cirkkëshe	cirkkësh	cirkkëshim	cirkkëshit	cirkkëshin	cirk	cirkni	cirkur
cirris	cirris	cirris	cirris	cirrisim	cirrisni	cirrisin	cirrisja	cirrisje	cirriste	cirrisnim	cirrisnit	cirrisnin	cirrisa	cirrise	cirrisi	cirrisëm	cirrisët	cirrisën	cirriskam	cirriske	cirriska	cirriskemi	cirriskeni	cirriskan	cirriskësha	cirriskëshe	cirriskësh	cirriskëshim	cirriskëshit	cirriskëshin	cirris	cirrisni	cirrisur
cit	cit	cit	cit	citim	citni	citin	citja	citje	citte	citnim	citnit	citnin	cita	cite	citi	citëm	citët	citën	citkam	citke	citka	citkemi	citkeni	citkan	citkësha	citkëshe	citkësh	citkëshim	citkëshit	citkëshin	cit	citni	citur
ciukat	ciukat	ciukat	ciukat	ciukatim	ciukatni	ciukatin	ciukatja	ciukatje	ciukatte	ciukatnim	ciukatnit	ciukatnin	ciukata	ciukate	ciukati	ciukatëm	ciukatët	ciukatën	ciukatkam	ciukatke	ciukatka	ciukatkemi	ciukatkeni	ciukatkan	ciukatkësha	ciukatkëshe	ciukatkësh	ciukatkëshim	ciukatkëshit	ciukatkëshin	ciukat	ciukatni	ciukatur
cjunis	cjunis	cjunis	cjunis	cjunisim	cjunisni	cjunisin	cjunisja	cjunisje	cjuniste	cjunisnim	cjunisnit	cjunisnin	cjunisa	cjunise	cjunisi	cjunisëm	cjunisët	cjunisën	cjuniskam	cjuniske	cjuniska	cjuniskemi	cjuniskeni	cjuniskan	cjuniskësha	cjuniskëshe	cjuniskësh	cjuniskëshim	cjuniskëshit	cjuniskëshin	cjunis	cjunisni	cjunisur
cmatos	cmatos	cmatos	cmatos	cmatosim	cmatosni	cmatosin	cmatosja	cmatosje	cmatoste	cmatosnim	cmatosnit	cmatosnin	cmatosa	cmatose	cmatosi	cmatosëm	cmatosët	cmatosën	cmatoskam	cmatoske	cmatoska	cmatoskemi	cmatoskeni	cmatoskan	cmatoskësha	cmatoskëshe	cmatoskësh	cmatoskëshim	cmatoskëshit	cmatoskëshin	cmatos	cmatosni	cmatosur
cof	cof	cof	cof	cofim	cofni	cofin	cofja	cofje	cofte	cofnim	cofnit	cofnin	cofa	cofe	cofi	cofëm	cofët	cofën	cofkam	cofke	cofka	cofkemi	cofkeni	cofkan	cofkësha	cofkëshe	cofkësh	cofkëshim	cofkëshit	cofkëshin	cof	cofni	cofur
cok	cok	cok	cok	cokim	cokni	cokin	cokja	cokje	cokte	coknim	coknit	coknin	coka	coke	coku	cokëm	cokët	cokën	cokkam	cokke	cokka	cokkemi	cokkeni	cokkan	cokkësha	cokkëshe	cokkësh	cokkëshim	cokkëshit	cokkëshin	cok	cokni	cokur
cokat	cokat	cokat	cokat	cokatim	cokatni	cokatin	cokatja	cokatje	cokatte	cokatnim	cokatnit	cokatnin	cokata	cokate	cokati	cokatëm	cokatët	cokatën	cokatkam	cokatke	cokatka	cokatkemi	cokatkeni	cokatkan	cokatkësha	cokatkëshe	cokatkësh	cokatkëshim	cokatkëshit	cokatkëshin	cokat	cokatni	cokatur
crog	crog	crog	crog	crogim	crogni	crogin	crogja	crogje	crogte	crognim	crognit	crognin	croga	croge	crogi	crogëm	crogët	crogën	crogkam	crogke	crogka	crogkemi	crogkeni	crogkan	crogkësha	crogkëshe	crogkësh	crogkëshim	crogkëshit	crogkëshin	crog	crogni	crogur
cuk	cuk	cuk	cuk	cukim	cukni	cukin	cukja	cukje	cukte	cuknim	cuknit	cuknin	cuka	cuke	cuku	cukëm	cukët	cukën	cukkam	cukke	cukka	cukkemi	cukkeni	cukkan	cukkësha	cukkëshe	cukkësh	cukkëshim	cukkëshit	cukkëshin	cuk	cukni	cukur
cukat	cukat	cukat	cukat	cukatim	cukatni	cukatin	cukatja	cukatje	cukatte	cukatnim	cukatnit	cukatnin	cukata	cukate	cukati	cukatëm	cukatët	cukatën	cukatkam	cukatke	cukatka	cukatkemi	cukatkeni	cukatkan	cukatkësha	cukatkëshe	cukatkësh	cukatkëshim	cukatkëshit	cukatkëshin	cukat	cukatni	cukatur
cullakos	cullakos	cullakos	cullakos	cullakosim	cullakosni	cullakosin	cullakosja	cullakosje	cullakoste	cullakosnim	cullakosnit	cullakosnin	cullakosa	cullakose	cullakoscullak	cullakosëm	cullakosët	cullakosën	cullakoskam	cullakoske	cullakoska	cullakoskemi	cullakoskeni	cullakoskan	cullakoskësha	cullakoskëshe	cullakoskësh	cullakoskëshim	cullakoskëshit	cullakoskëshin	cullakos	cullakosni	cullakosur
curr	curr	curr	curr	currim	currni	currin	currja	currje	currte	currnim	currnit	currnin	curra	curre	curri	currëm	currët	currën	currkam	currke	currka	currkemi	currkeni	currkan	currkësha	currkëshe	currkësh	currkëshim	currkëshit	currkëshin	curr	currni	currur
currat	currat	currat	currat	curratim	curratni	curratin	curratja	curratje	curratte	curratnim	curratnit	curratnin	currata	currate	currati	curratëm	curratët	curratën	curratkam	curratke	curratka	curratkemi	curratkeni	curratkan	curratkësha	curratkëshe	curratkësh	curratkëshim	curratkëshit	curratkëshin	currat	curratni	curratur
cut	cut	cut	cut	cutim	cutni	cutin	cutja	cutje	cutte	cutnim	cutnit	cutnin	cuta	cute	cuti	cutëm	cutët	cutën	cutkam	cutke	cutka	cutkemi	cutkeni	cutkan	cutkësha	cutkëshe	cutkësh	cutkëshim	cutkëshit	cutkëshin	cut	cutni	cutur
cyt	cyt	cyt	cyt	cytim	cytni	cytin	cytja	cytje	cytte	cytnim	cytnit	cytnin	cyta	cyte	cyti	cytëm	cytët	cytën	cytkam	cytke	cytka	cytkemi	cytkeni	cytkan	cytkësha	cytkëshe	cytkësh	cytkëshim	cytkëshit	cytkëshin	cyt	cytni	cytur
cyth	cyth	cyth	cyth	cythim	cythni	cythin	cythja	cythje	cythte	cythnim	cythnit	cythnin	cytha	cythe	cythi	cythëm	cythët	cythën	cythkam	cythke	cythka	cythkemi	cythkeni	cythkan	cythkësha	cythkëshe	cythkësh	cythkëshim	cythkëshit	cythkëshin	cyth	cythni	cythur
cërcërit	cërcërit	cërcërit	cërcërit	cërcëritim	cërcëritni	cërcëritin	cërcëritja	cërcëritje	cërcëritte	cërcëritnim	cërcëritnit	cërcëritnin	cërcërita	cërcërite	cërcëriti	cërcëritëm	cërcëritët	cërcëritën	cërcëritkam	cërcëritke	cërcëritka	cërcëritkemi	cërcëritkeni	cërcëritkan	cërcëritkësha	cërcëritkëshe	cërcëritkësh	cërcëritkëshim	cërcëritkëshit	cërcëritkëshin	cërcërit	cërcëritni	cërcëritur
cërij	cërij	cërin	cërin	cërijmë	cërini	cërijnë	cërija	cërije	cërinte	cërinim	cërinit	cërinin	cëriva	cërive	cëriu	cërimë	cëritë	cërinë	cërikam	cërike	cërika	cërikemi	cërikeni	cërikan	cërikësha	cërikëshe	cërikësh	cërikëshim	cërikëshit	cërikëshin	cëri	cërini	cërirë
cërkit	cërkit	cërkit	cërkit	cërkitim	cërkitni	cërkitin	cërkitja	cërkitje	cërkitte	cërkitnim	cërkitnit	cërkitnin	cërkita	cërkite	cërkiti	cërkitëm	cërkitët	cërkitën	cërkitkam	cërkitke	cërkitka	cërkitkemi	cërkitkeni	cërkitkan	cërkitkësha	cërkitkëshe	cërkitkësh	cërkitkëshim	cërkitkëshit	cërkitkëshin	cërkit	cërkitni	cërkitur
daj	daj	dan	dan	dajmë	dani	dajnë	daja	daje	dante	danim	danit	danin	dava	dave	dau	damë	datë	danë	dakam	dake	daka	dakemi	dakeni	dakan	dakësha	dakëshe	dakësh	dakëshim	dakëshit	dakëshin	daj	dani	darë
dars	dars	dars	dars	darsim	darsni	darsin	darsja	darsje	darste	darsnim	darsnit	darsnin	darsa	darse	darsi	darsëm	darsët	darsën	darskam	darske	darska	darskemi	darskeni	darskan	darskësha	darskëshe	darskësh	darskëshim	darskëshit	darskëshin	dars	darsni	darsur
dashurohem	dashurohem	dashurohesh	dashurohet	dashurohemi	dashuroheni	dashurohen	dashurohesha	dashuroheshe	dashurohej	dashuroheshim	dashuroheshit	dashuroheshin	dashurova	dashurove	dashuroi	dashuruam	dashuruat	dashuruan	dashuruakam	dashuruake	dashuruaka	dashuruakemi	dashuruakeni	dashuruakan	dashuruakësha	dashuruakëshe	dashuruakësh	dashuruakëshim	dashuruakëshit	dashuruakëshin	dashuro	dashurohuni	dashuruar
degjôj	degjoj	degjon	degjon	degjojmë	degjoni	degjojnë	degjoja	degjoje	degjonte	degjonim	degjonit	degjonin	degjova	degjove	degjoi	degjuam	degjuat	degjuan	degjuakam	degjuake	degjuaka	degjuakemi	degjuakeni	degjuakan	degjuakësha	degjuakëshe	degjuakësh	degjuakëshim	degjuakëshit	degjuakëshin	degjo	degjoni	degjuar
dend	dend	dend	dend	dendim	dendni	dendin	dendja	dendje	dendte	dendnim	dendnit	dendnin	denda	dende	dendi	dendëm	dendët	dendën	dendkam	dendke	dendka	dendkemi	dendkeni	dendkan	dendkësha	dendkëshe	dendkësh	dendkëshim	dendkëshit	dendkëshin	dend	dendni	dendur
derdh	derdh	derdh	derdh	derdhim	derdhni	derdhin	derdhja	derdhje	derdhte	derdhnim	derdhnit	derdhnin	derdha	derdhe	derdhi	derdhëm	derdhët	derdhën	derdhkam	derdhke	derdhka	derdhkemi	derdhkeni	derdhkan	derdhkësha	derdhkëshe	derdhkësh	derdhkëshim	derdhkëshit	derdhkëshin	derdh	derdhni	derdhur
dhel	dhel	dhel	dhel	dhelim	dhelni	dhelin	dhelja	dhelje	dhelte	dhelnim	dhelnit	dhelnin	dhela	dhele	dheli	dhelëm	dhelët	dhelën	dhelkam	dhelke	dhelka	dhelkemi	dhelkeni	dhelkan	dhelkësha	dhelkëshe	dhelkësh	dhelkëshim	dhelkëshit	dhelkëshin	dhel	dhelni	dhelur
dhemb	dhemb	dhemb	dhemb	dhembim	dhembni	dhembin	dhembja	dhembje	dhembte	dhembnim	dhembnit	dhembnin	dhemba	dhembe	dhembi	dhembëm	dhembët	dhembën	dhembkam	dhembke	dhembka	dhembkemi	dhembkeni	dhembkan	dhembkësha	dhembkëshe	dhembkësh	dhembkëshim	dhembkëshit	dhembkëshin	dhemb	dhembni	dhembur
dhez	dhez	dhez	dhez	dhezim	dhezni	dhezin	dhezja	dhezje	dhezte	dheznim	dheznit	dheznin	dheza	dheze	dhezi	dhezëm	dhezët	dhezën	dhezkam	dhezke	dhezka	dhezkemi	dhezkeni	dhezkan	dhezkësha	dhezkëshe	dhezkësh	dhezkëshim	dhezkëshit	dhezkëshin	dhez	dhezni	dhezur
dhumit	dhumit	dhumit	dhumit	dhumitim	dhumitni	dhumitin	dhumitja	dhumitje	dhumitte	dhumitnim	dhumitnit	dhumitnin	dhumita	dhumite	dhumiti	dhumitëm	dhumitët	dhumitën	dhumitkam	dhumitke	dhumitka	dhumitkemi	dhumitkeni	dhumitkan	dhumitkësha	dhumitkëshe	dhumitkësh	dhumitkëshim	dhumitkëshit	dhumitkëshin	dhumit	dhumitni	dhumitur
di	di	di	di	dimë	dini	dinë	dija	dije	dinte	dinim	dinit	dinin	dita	dite	diti	ditëm	ditët	ditën	ditkam	ditke	ditka	ditkemi	ditkeni	ditkan	ditkësha	ditkëshe	ditkësh	ditkëshim	ditkëshit	ditkëshin	di	dini	dirë
dihat	dihat	dihat	dihat	dihatim	dihatni	dihatin	dihatja	dihatje	dihatte	dihatnim	dihatnit	dihatnin	dihata	dihate	dihati	dihatëm	dihatët	dihatën	dihatkam	dihatke	dihatka	dihatkemi	dihatkeni	dihatkan	dihatkësha	dihatkëshe	dihatkësh	dihatkëshim	dihatkëshit	dihatkëshin	dihat	dihatni	dihatur
djeg	djeg	djeg	djeg	djegim	digjni	djegin	digjja	digjje	digjte	digjnim	digjnit	digjnin	dogja	dogje	dogji	dogjëm	dogjët	dogjën	djegkam	djegke	djegka	djegkemi	djegkeni	djegkan	djegkësha	djegkëshe	djegkësh	djegkëshim	djegkëshit	djegkëshin	digj	digjni	djegur
djerr	djerr	djerr	djerr	djerrim	dirrni	djerrin	dirrja	dirrje	dirrte	dirrnim	dirrnit	dirrnin	dorra	dorre	dorri	dorrëm	dorrët	dorrën	djerrkam	djerrke	djerrka	djerrkemi	djerrkeni	djerrkan	djerrkësha	djerrkëshe	djerrkësh	djerrkëshim	djerrkëshit	djerrkëshin	dirr	dirrni	djerrë
djersij	djersij	djersin	djersin	djersijmë	djersini	djersijnë	djersija	djersije	djersinte	djersinim	djersinit	djersinin	djersiva	djersive	djersiu	djersimë	djersitë	djersinë	djersikam	djersike	djersika	djersikemi	djersikeni	djersikan	djersikësha	djersikëshe	djersikësh	djersikëshim	djersikëshit	djersikëshin	djersi	djersini	djersirë
don	dua	do	do	duam	doni	duan	doja	doje	donte	donim	donit	donin	desha	deshe	deshi	deshëm	deshët	deshën	dashkam	dashke	dashka	dashkemi	dashkeni	dashkan	dashkësha	dashkëshe	dashkësh	dashkëshim	dashkëshit	dashkëshin	duaj	doni	dashtë
dorëzohem	dorëzohem	dorëzohesh	dorëzohet	dorëzohemi	dorëzoheni	dorëzohen	dorëzohesha	dorëzoheshe	dorëzohej	dorëzoheshim	dorëzoheshit	dorëzoheshin	-	-	-	-	-	-	-	-	-	-	-	-	-	-	-	-	-	-	dorëzohu	dorëzohuni	dorëzuar
dredh	dredh	dredh	dredh	dredhim	dredhni	dredhin	dridhja	dridhje	dridhte	dridhnim	dridhnit	dridhnin	drodha	drodhe	drodhi	drodhëm	drodhët	drodhën	dredhkam	dredhke	dredhka	dredhkemi	dredhkeni	dredhkan	dredhkësha	dredhkëshe	dredhkësh	dredhkëshim	dredhkëshit	dredhkëshin	dridh	dridhni	dredhur
dremit	dremit	dremit	dremit	dremitim	dremitni	dremitin	dremitja	dremitje	dremitte	dremitnim	dremitnit	dremitnin	dremita	dremite	dremiti	dremitëm	dremitët	dremitën	dremitkam	dremitke	dremitka	dremitkemi	dremitkeni	dremitkan	dremitkësha	dremitkëshe	dremitkësh	dremitkëshim	dremitkëshit	dremitkëshin	dremit	dremitni	dremitur
drudh	drudh	drudh	drudh	drudhim	drudhni	drudhin	drudhja	drudhje	drudhte	drudhnim	drudhnit	drudhnin	drudha	drudhe	drudhi	drudhëm	drudhët	drudhën	drudhkam	drudhke	drudhka	drudhkemi	drudhkeni	drudhkan	drudhkësha	drudhkëshe	drudhkësh	drudhkëshim	drudhkëshit	drudhkëshin	drudh	drudhni	drudhur
dua	dua	do	do	duam	doni	duan	doja	doje	donte	donim	donit	donin	desha	deshe	deshi	deshëm	deshët	deshën	dashkam	dashke	dashka	dashkemi	dashkeni	dashkan	dashkësha	dashkëshe	dashkësh	dashkëshim	dashkëshit	dashkëshin	duaj	doni	dashur
duartrokas	duartrokas	duartroket	duartroket	duartrokasim	duartrokitni	duartrokasin	duartrokitja	duartrokitje	duartrokiste	duartrokitnim	duartrokitnit	duartrokitnin	duartrokita	duartrokite	duartrokiti	duartrokitëm	duartrokitët	duartrokitën	duartrokitkam	duartrokitke	duartrokitka	duartrokitkemi	duartrokitkeni	duartrokitkan	duartrokitkësha	duartrokitkëshe	duartrokitkësh	duartrokitkëshim	duartrokitkëshit	duartrokitkëshin	duartrokit	duartrokitni	duartrokitur
duhem	duhem	duhesh	duhet	duhemi	duheni	duhen	duhesha	duheshe	duhej	duheshim	duheshit	duheshin	-	-	-	-	-	-	-	-	-	-	-	-	-	-	-	-	-	-	Duhju!	Duhuni!	dashur
duk	duk	duk	duk	dukim	dukni	dukin	dukja	dukje	dukte	duknim	duknit	duknin	duka	duke	duk	dukëm	dukët	dukën	dukam	duke	duka	dukemi	dukeni	dukan	dukësha	dukëshe	dukej	dukëshim	dukëshit	dukëshin	Dok!	Dokni!	dukur
dukem	dukem	dukesh	duket	dukemi	dukeni	duken	dukesha	dukeshe	dukej	dukeshim	dukeshit	dukeshin	-	-	-	-	-	-	-	-	-	-	-	-	-	-	-	-	-	-	duku	dukuni	dukur
dynd	dynd	dynd	dynd	dyndim	dyndni	dyndin	dyndja	dyndje	dyndte	dyndnim	dyndnit	dyndnin	dynda	dynde	dyndi	dyndëm	dyndët	dyndën	dyndkam	dyndke	dyndka	dyndkemi	dyndkeni	dyndkan	dyndkësha	dyndkëshe	dyndkësh	dyndkëshim	dyndkëshit	dyndkëshin	dynd	dyndni	dyndur
dëfrej	dëfrej	dëfren	dëfren	dëfrejmë	dëfreni	dëfrejnë	dëfreja	dëfreje	dëfrente	dëfrenim	dëfrenit	dëfrenin	dëfreva	dëfreve	dëfreu	dëfryem	dëfryet	dëfryen	dëfryekam	dëfryeke	dëfryeka	dëfryekemi	dëfryekeni	dëfryekan	dëfryekësha	dëfryekëshe	dëfryekësh	dëfryekëshim	dëfryekëshit	dëfryekëshin	dëfre	dëfreni	dëfryer
dëftohem	dëftohem	dëftohesh	dëftohet	dëftohemi	dëftoheni	dëftohen	dëftohesha	dëftoheshe	dëftohej	dëftoheshim	dëftoheshit	dëftoheshin	-	-	-	-	-	-	-	-	-	-	-	-	-	-	-	-	-	-	dëftohu	dëftohuni	dëftuar
dëlir	dëlir	dëlir	dëlir	dëlirim	dëlirni	dëlirin	dëlirja	dëlirje	dëlirte	dëlirnim	dëlirnit	dëlirnin	dëlira	dëlire	dëliri	dëlirëm	dëlirët	dëlirën	dëlirkam	dëlirke	dëlirka	dëlirkemi	dëlirkeni	dëlirkan	dëlirkësha	dëlirkëshe	dëlirkësh	dëlirkëshim	dëlirkëshit	dëlirkëshin	dëlir	dëlirni	dëlirur
dëmshpërblej	dëmshpërblej	dëmshpërblen	dëmshpërblen	dëmshpërblejmë	dëmshpërbleni	dëmshpërblejnë	dëmshpërbleja	dëmshpërbleje	dëmshpërblente	dëmshpërblenim	dëmshpërblenit	dëmshpërblenin	dëmshpërbleva	dëmshpërbleve	dëmshpërbleu	dëmshpërblyem	dëmshpërblyet	dëmshpërblyen	dëmshpërblyekam	dëmshpërblyeke	dëmshpërblyeka	dëmshpërblyekemi	dëmshpërblyekeni	dëmshpërblyekan	dëmshpërblyekësha	dëmshpërblyekëshe	dëmshpërblyekësh	dëmshpërblyekëshim	dëmshpërblyekëshit	dëmshpërblyekëshin	dëmshpërble	dëmshpërbleni	dëmshpërblyer
eci	eci	ec	ec	ecim	ecni	ecin	ecja	ecje	ecte	ecnim	ecnit	ecnin	eca	ece	ecu	ecëm	ecët	ecën	eckam	ecke	ecka	eckemi	eckeni	eckan	eckësha	eckëshe	eckësh	eckëshim	eckëshit	eckëshin	ec	ecni	ecur
eh	eh	eh	eh	ehemi	eheni	ehen	ehesha	eheshe	ehej	eheshim	eheshit	ehnin	eha	ehe	ehu	ehëm	ehët	ehën	ehkam	ehke	ehka	ehkemi	ehkeni	ehkan	ehkësha	ehkëshe	ehkej	ehkëshim	ehkëshit	ehkëshin	Eh!	Ehni!	ehur
end	end	end	end	endim	endni	endin	endja	endje	endte	endnim	endnit	endnin	enda	ende	endi	endëm	endët	endën	endkam	endke	endka	endkemi	endkeni	endkan	endkësha	endkëshe	endkësh	endkëshim	endkëshit	endkëshin	end	endni	endur
eth	eth	eth	eth	ethim	ethni	ethin	ethja	ethje	ethte	ethnim	ethnit	ethnin	etha	ethe	ethi	ethëm	ethët	ethën	ethkam	ethke	ethka	ethkemi	ethkeni	ethkan	ethkësha	ethkëshe	ethkësh	ethkëshim	ethkëshit	ethkëshin	eth	ethni	ethur
fend	fend	fend	fend	fendim	fendni	fendin	fendja	fendje	fendte	fendnim	fendnit	fendnin	fenda	fende	fendi	fendëm	fendët	fendën	fendkam	fendke	fendka	fendkemi	fendkeni	fendkan	fendkësha	fendkëshe	fendkësh	fendkëshim	fendkëshit	fendkëshin	fend	fendni	fendur
festohem	festohem	festohesh	festohet	festohemi	festoheni	festohen	festohesha	festoheshe	festohej	festoheshim	festoheshit	festoheshin	-	-	-	-	-	-	-	-	-	-	-	-	-	-	-	-	-	-	festohu	festohuni	festuar
fic	fic	fic	fic	ficim	ficni	ficin	ficja	ficje	ficte	ficnim	ficnit	ficnin	fica	fice	fici	ficëm	ficët	ficën	fickam	ficke	ficka	fickemi	fickeni	fickan	fickësha	fickëshe	fickësh	fickëshim	fickëshit	fickëshin	fic	ficni	ficur
fik	fik	fik	fik	fikim	fikni	fikin	fikja	fikje	fikte	fiknim	fiknit	fiknin	fika	fike	fiku	fikëm	fikët	fikën	fikkam	fikke	fikka	fikkemi	fikkeni	fikkan	fikkësha	fikkëshe	fikkësh	fikkëshim	fikkëshit	fikkëshin	fik	fikni	fikur
fishk	fishk	fishk	fishk	fishkim	fishkni	fishkin	fishkja	fishkje	fishkte	fishknim	fishknit	fishknin	fishka	fishke	fishku	fishkëm	fishkët	fishkën	fishkkam	fishkke	fishkka	fishkkemi	fishkkeni	fishkkan	fishkkësha	fishkkëshe	fishkkësh	fishkkëshim	fishkkëshit	fishkkëshin	fishk	fishkni	fishkur
fishkëllej	fishkëllej	fishkëllen	fishkëllen	fishkëllejmë	fishkëlleni	fishkëllejnë	fishkëlleja	fishkëlleje	fishkëllente	fishkëllenim	fishkëllenit	fishkëllenin	fishkëlleva	fishkëlleve	fishkëlleu	fishkëllyem	fishkëllyet	fishkëllyen	fishkëllyekam	fishkëllyeke	fishkëllyeka	fishkëllyekemi	fishkëllyekeni	fishkëllyekan	fishkëllyekësha	fishkëllyekëshe	fishkëllyekësh	fishkëllyekëshim	fishkëllyekëshit	fishkëllyekëshin	fishkëlle	fishkëlleni	fishkëllyer
flak	flak	flak	flak	flakim	flakni	flakin	flakja	flakje	flakte	flaknim	flaknit	flaknin	flaka	flake	flaku	flakëm	flakët	flakën	flakkam	flakke	flakka	flakkemi	flakkeni	flakkan	flakkësha	flakkëshe	flakkësh	flakkëshim	flakkëshit	flakkëshin	flak	flakni	flakur
flas	flas	flet	flet	flasim	flisni	flasin	flisja	flisje	fliste	flisnim	flisnit	flisnin	fola	fole	foli	folëm	folët	folën	folkam	folke	folka	folkemi	folkeni	folkan	folkësha	folkëshe	folkësh	folkëshim	folkëshit	folkëshin	fol	flisni	folur
flijohem	flijohem	flijohesh	flijohet	flijohemi	flijoheni	flijohen	flijohesha	flijoheshe	flijohej	flijoheshim	flijoheshit	flijoheshin	flijova	flijove	flijoi	flijuam	flijuat	flijuan	flijuakam	flijuake	flijuaka	flijuakemi	flijuakeni	flijuakan	flijuakësha	flijuakëshe	flijuakësh	flijuakëshim	flijuakëshit	flijuakëshin	flijo	flijohuni	flijuar
flijoj	flijohem	flijohesh	flijohet	flijohemi	flijoheni	flijohen	flijohesha	flijoheshe	flijohej	flijoheshim	flijoheshit	flijoheshin	-	-	-	-	-	-	-	-	-	-	-	-	-	-	-	-	-	-	-	flijohuni	-
flitet	flas	flet	flet	flasim	flisni	flasin	flisja	flisje	fliste	flisnim	flisnit	flisnin	fola	fole	foli	folëm	folët	folën	folkam	folke	folka	folkemi	folkeni	folkan	folkësha	folkëshe	folkësh	folkëshim	folkëshit	folkëshin	fol	flisni	folur
flladit	flladit	flladit	flladit	flladitim	flladitni	flladitin	flladitja	flladitje	flladitte	flladitnim	flladitnit	flladitnin	flladita	flladite	flladiti	flladitëm	flladitët	flladitën	flladitkam	flladitke	flladitka	flladitkemi	flladitkeni	flladitkan	flladitkësha	flladitkëshe	flladitkësh	flladitkëshim	flladitkëshit	flladitkëshin	flladit	flladitni	flladitur
forcohem	forcohem	forcohesh	forcohet	forcohemi	forcoheni	forcohen	forcohesha	forcoheshe	forcohej	forcoheshim	forcoheshit	forcoheshin	-	-	-	-	-	-	-	-	-	-	-	-	-	-	-	-	-	-	forcohu	forcohuni	forcuar
fsheh	fsheh	fsheh	fsheh	fshehim	fshehni	fshehin	fshehja	fshehje	fshehte	fshehnim	fshehnit	fshehnin	fsheha	fshehe	fshehi	fshehëm	fshehët	fshehën	fshehkam	fshehke	fshehka	fshehkemi	fshehkeni	fshehkan	fshehkësha	fshehkëshe	fshehkësh	fshehkëshim	fshehkëshit	fshehkëshin	fsheh	fshehni	fshehur
fshihem	fshihem	fshihesh	fshihet	fshihemi	fshiheni	fshihen	fshihesha	fshiheshe	fshihej	fshiheshim	fshiheshit	fshiheshin	-	-	-	-	-	-	-	-	-	-	-	-	-	-	-	-	-	-	Fshihu!	Fshihuni!	fshehur
fshij	fshij	fshin	fshin	fshijmë	fshini	fshijnë	fshija	fshije	fshinte	fshinim	fshinit	fshinin	fshiva	fshive	fshiu	fshimë	fshitë	fshinë	fshikam	fshike	fshika	fshikemi	fshikeni	fshikan	fshikësha	fshikëshe	fshikësh	fshikëshim	fshikëshit	fshikëshin	fshi	fshini	fshirë
ftoh	ftoh	ftoh	ftoh	ftohim	ftohni	ftohin	ftohja	ftohje	ftohte	ftohnim	ftohnit	ftohnin	ftoha	ftohe	ftohu	ftohëm	ftohët	ftohën	ftohkam	ftohke	ftohka	ftohkemi	ftohkeni	ftohkan	ftohkësha	ftohkëshe	ftohkësh	ftohkëshim	ftohkëshit	ftohkëshin	ftoh	ftohni	ftohur
ftohem	ftohem	ftohesh	ftohet	ftohemi	ftoheni	ftohen	ftohesha	ftoheshe	ftohej	ftoheshim	ftoheshit	ftoheshin	-	-	-	-	-	-	-	-	-	-	-	-	-	-	-	-	-	-	ftohu	ftohuni	ftuar
furnizohem	furnizohem	furnizohesh	furnizohet	furnizohemi	furnizoheni	furnizohen	furnizohesha	furnizoheshe	furnizohej	furnizoheshim	furnizoheshit	furnizoheshin	-	-	-	-	-	-	-	-	-	-	-	-	-	-	-	-	-	-	furnizohu	furnizohuni	furnizuar
fut	fut	fut	fut	futim	futni	futin	futja	futje	futte	futnim	futnit	futnin	futa	fute	futi	futëm	futët	futën	futkam	futke	futka	futkemi	futkeni	futkan	futkësha	futkëshe	futkësh	futkëshim	futkëshit	futkëshin	fut	futni	futur
fëlliq	fëlliq	fëlliq	fëlliq	fëlliqim	fëlliqni	fëlliqin	fëlliqja	fëlliqje	fëlliqte	fëlliqnim	fëlliqnit	fëlliqnin	fëlliqa	fëlliqe	fëlliqi	fëlliqëm	fëlliqët	fëlliqën	fëlliqkam	fëlliqke	fëlliqka	fëlliqkemi	fëlliqkeni	fëlliqkan	fëlliqkësha	fëlliqkëshe	fëlliqkësh	fëlliqkëshim	fëlliqkëshit	fëlliqkëshin	fëlliq	fëlliqni	fëlliqur
gdhend	gdhend	gdhend	gdhend	gdhendim	gdhendni	gdhendin	gdhendja	gdhendje	gdhendte	gdhendnim	gdhendnit	gdhendnin	gdhenda	gdhende	gdhendi	gdhendëm	gdhendët	gdhendën	gdhendkam	gdhendke	gdhendka	gdhendkemi	gdhendkeni	gdhendkan	gdhendkësha	gdhendkëshe	gdhendkësh	gdhendkëshim	gdhendkëshit	gdhendkëshin	gdhend	gdhendni	gdhendur
gdhij	gdhij	gdhin	gdhin	gdhijmë	gdhini	gdhijnë	gdhija	gdhije	gdhinte	gdhinim	gdhinit	gdhinin	gdhiva	gdhive	gdhiu	gdhimë	gdhitë	gdhinë	gdhikam	gdhike	gdhika	gdhikemi	gdhikeni	gdhikan	gdhikësha	gdhikëshe	gdhikësh	gdhikëshim	gdhikëshit	gdhikëshin	gdhi	gdhini	gdhirë
gjegj	gjegj	gjegj	gjegj	gjegjim	gjegjni	gjegjin	gjegjja	gjegjje	gjegjte	gjegjnim	gjegjnit	gjegjnin	gjegja	gjegje	gjegji	gjegjëm	gjegjët	gjegjën	gjegjkam	gjegjke	gjegjka	gjegjkemi	gjegjkeni	gjegjkan	gjegjkësha	gjegjkëshe	gjegjkësh	gjegjkëshim	gjegjkëshit	gjegjkëshin	gjegj	gjegjni	gjegjur
gjerb	gjerb	gjerb	gjerb	gjerbim	gjerbni	gjerbin	gjerbja	gjerbje	gjerbte	gjerbnim	gjerbnit	gjerbnin	gjerba	gjerbe	gjerbi	gjerbëm	gjerbët	gjerbën	gjerbkam	gjerbke	gjerbka	gjerbkemi	gjerbkeni	gjerbkan	gjerbkësha	gjerbkëshe	gjerbkësh	gjerbkëshim	gjerbkëshit	gjerbkëshin	gjerb	gjerbni	gjerbur
gjesh	gjesh	gjesh	gjesh	gjeshim	gjeshni	gjeshin	gjeshja	gjeshje	gjeshte	gjeshnim	gjeshnit	gjeshnin	gjesha	gjeshe	gjeshi	gjeshëm	gjeshët	gjeshën	gjeshkam	gjeshke	gjeshka	gjeshkemi	gjeshkeni	gjeshkan	gjeshkësha	gjeshkëshe	gjeshkësh	gjeshkëshim	gjeshkëshit	gjeshkëshin	gjesh	gjeshni	gjeshur
gjezdis	gjezdis	gjezdis	gjezdis	gjezdisim	gjezdisni	gjezdisin	gjezdisja	gjezdisje	gjezdiste	gjezdisnim	gjezdisnit	gjezdisnin	gjezdisa	gjezdise	gjezdisi	gjezdisëm	gjezdisët	gjezdisën	gjezdiskam	gjezdiske	gjezdiska	gjezdiskemi	gjezdiskeni	gjezdiskan	gjezdiskësha	gjezdiskëshe	gjezdiskësh	gjezdiskëshim	gjezdiskëshit	gjezdiskëshin	gjezdis	gjezdisni	gjezdisur
gjobit	gjobit	gjobit	gjobit	gjobitim	gjobitni	gjobitin	gjobitja	gjobitje	gjobitte	gjobitnim	gjobitnit	gjobitnin	gjobita	gjobite	gjobiti	gjobitëm	gjobitët	gjobitën	gjobitkam	gjobitke	gjobitka	gjobitkemi	gjobitkeni	gjobitkan	gjobitkësha	gjobitkëshe	gjobitkësh	gjobitkëshim	gjobitkëshit	gjobitkëshin	gjobit	gjobitni	gjobitur
godas	godas	godet	godet	godasim	goditni	godasin	goditja	goditje	godiste	goditnim	goditnit	goditnin	godita	godite	goditi	goditëm	goditët	goditën	goditkam	goditke	goditka	goditkemi	goditkeni	goditkan	goditkësha	goditkëshe	goditkësh	goditkëshim	goditkëshit	goditkëshin	godit	goditni	goditur
gogësij	gogësij	gogësin	gogësin	gogësijmë	gogësini	gogësijnë	gogësija	gogësije	gogësinte	gogësinim	gogësinit	gogësinin	gogësiva	gogësive	gogësiu	gogësimë	gogësitë	gogësinë	gogësikam	gogësike	gogësika	gogësikemi	gogësikeni	gogësikan	gogësikësha	gogësikëshe	gogësikësh	gogësikëshim	gogësikëshit	gogësikëshin	gogësi	gogësini	gogësirë
gojavit	gojavit	gojavit	gojavit	gojavitim	gojavitni	gojavitin	gojavitja	gojavitje	gojavitte	gojavitnim	gojavitnit	gojavitnin	gojavita	gojavite	gojaviti	gojavitëm	gojavitët	gojavitën	gojavitkam	gojavitke	gojavitka	gojavitkemi	gojavitkeni	gojavitkan	gojavitkësha	gojavitkëshe	gojavitkësh	gojavitkëshim	gojavitkëshit	gojavitkëshin	gojavit	gojavitni	gojavitur
grah	grah	grah	grah	grahim	grahni	grahin	grahja	grahje	grahte	grahnim	grahnit	grahnin	graha	grahe	grahu	grahëm	grahët	grahën	grahkam	grahke	grahka	grahkemi	grahkeni	grahkan	grahkësha	grahkëshe	grahkësh	grahkëshim	grahkëshit	grahkëshin	grah	grahni	grahur
grih	grih	grih	grih	grihim	grihni	grihin	grihja	grihje	grihte	grihnim	grihnit	grihnin	griha	grihe	grihu	grihëm	grihët	grihën	grihkam	grihke	grihka	grihkemi	grihkeni	grihkan	grihkësha	grihkëshe	grihkësh	grihkëshim	grihkëshit	grihkëshin	grih	grihni	grihur
grij	grij	grin	grin	grijmë	grini	grijnë	grija	grije	grinte	grinim	grinit	grinin	griva	grive	griu	grimë	gritë	grinë	grikam	grike	grika	grikemi	grikeni	grikan	grikësha	grikëshe	grikësh	grikëshim	grikëshit	grikëshin	gri	grini	grirë
grimcoj	grimcohem	grimcohesh	grimcohet	grimcohemi	grimcoheni	grimcohen	grimcohesha	grimcoheshe	grimcohej	grimcoheshim	grimcoheshit	grimcoheshin	-	-	-	-	-	-	-	-	-	-	-	-	-	-	-	-	-	-	-	grimcohuni	-
grind	grind	grind	grind	grindim	grindni	grindin	grindja	grindje	grindte	grindnim	grindnit	grindnin	grinda	grinde	grindi	grindëm	grindët	grindën	grindkam	grindke	grindka	grindkemi	grindkeni	grindkan	grindkësha	grindkëshe	grindkësh	grindkëshim	grindkëshit	grindkëshin	grind	grindni	grindur
grish	grish	grish	grish	grishim	grishni	grishin	grishja	grishje	grishte	grishnim	grishnit	grishnin	grisha	grishe	grishi	grishëm	grishët	grishën	grishkam	grishke	grishka	grishkemi	grishkeni	grishkan	grishkësha	grishkëshe	grishkësh	grishkëshim	grishkëshit	grishkëshin	grish	grishni	grishur
grym	grym	grym	grym	grymim	grymni	grymin	grymja	grymje	grymte	grymnim	grymnit	grymnin	gryma	gryme	grymi	grymëm	grymët	grymën	grymkam	grymke	grymka	grymkemi	grymkeni	grymkan	grymkësha	grymkëshe	grymkësh	grymkëshim	grymkëshit	grymkëshin	grym	grymni	grymur
gudulis	gudulis	gudulis	gudulis	gudulisim	gudulisni	gudulisin	gudulisja	gudulisje	guduliste	gudulisnim	gudulisnit	gudulisnin	gudulisa	gudulise	gudulisi	gudulisëm	gudulisët	gudulisën	guduliskam	guduliske	guduliska	guduliskemi	guduliskeni	guduliskan	guduliskësha	guduliskëshe	guduliskësh	guduliskëshim	guduliskëshit	guduliskëshin	gudulis	gudulisni	gudulisur
gëlltis	gëlltit	gëlltit	gëlltit	gëlltitim	gëlltitni	gëlltitin	gëlltitja	gëlltitje	gëlltte	gëlltitnim	gëlltitnit	gëlltitnin	gëlltita	gëlltite	gëlltiti	gëlltitëm	gëlltitët	gëlltitën	gëlltitkam	gëlltitke	gëlltitka	gëlltitkemi	gëlltitkeni	gëlltitkan	gëlltitkësha	gëlltitkëshe	gëlltitkësh	gëlltitkëshim	gëlltitkëshit	gëlltitkëshin	gëlltit	gëlltitni	gëlltititur
gëlltit	gëlltit	gëlltit	gëlltit	gëlltitim	gëlltitni	gëlltitin	gëlltitja	gëlltitje	gëlltitte	gëlltitnim	gëlltitnit	gëlltitnin	gëlltita	gëlltite	gëlltiti	gëlltitëm	gëlltitët	gëlltitën	gëlltitkam	gëlltitke	gëlltitka	gëlltitkemi	gëlltitkeni	gëlltitkan	gëlltitkësha	gëlltitkëshe	gëlltitkësh	gëlltitkëshim	gëlltitkëshit	gëlltitkëshin	gëlltit	gëlltitni	gëlltitur
gënjej	gënjej	gënjen	gënjen	gënjejmë	gënjeni	gënjejnë	gënjeja	gënjeje	gënjente	gënjenim	gënjenit	gënjenin	gënjeva	gënjeve	gënjeu	gënjyem	gënjyet	gënjyen	gënjyekam	gënjyeke	gënjyeka	gënjyekemi	gënjyekeni	gënjyekan	gënjyekësha	gënjyekëshe	gënjyekësh	gënjyekëshim	gënjyekëshit	gënjyekëshin	gënje	gënjeni	gënjyer
gëras	gëras	gëret	gëret	gërasim	gëritni	gërasin	gëritja	gëritje	gëriste	gëritnim	gëritnit	gëritnin	gërita	gërite	gëriti	gëritëm	gëritët	gëritën	gëritkam	gëritke	gëritka	gëritkemi	gëritkeni	gëritkan	gëritkësha	gëritkëshe	gëritkësh	gëritkëshim	gëritkëshit	gëritkëshin	gërit	gëritni	gëritur
gërbul	gërbul	gërbul	gërbul	gërbulim	gërbulni	gërbulin	gërbulja	gërbulje	gërbulte	gërbulnim	gërbulnit	gërbulnin	gërbula	gërbule	gërbuli	gërbulëm	gërbulët	gërbulën	gërbulkam	gërbulke	gërbulka	gërbulkemi	gërbulkeni	gërbulkan	gërbulkësha	gërbulkëshe	gërbulkësh	gërbulkëshim	gërbulkëshit	gërbulkëshin	gërbul	gërbulni	gërbulur
gërdhij	gërdhij	gërdhin	gërdhin	gërdhijmë	gërdhini	gërdhijnë	gërdhija	gërdhije	gërdhinte	gërdhinim	gërdhinit	gërdhinin	gërdhiva	gërdhive	gërdhiu	gërdhimë	gërdhitë	gërdhinë	gërdhikam	gërdhike	gërdhika	gërdhikemi	gërdhikeni	gërdhikan	gërdhikësha	gërdhikëshe	gërdhikësh	gërdhikëshim	gërdhikëshit	gërdhikëshin	gërdhi	gërdhini	gërdhirë
gërdhuc	gërdhuc	gërdhuc	gërdhuc	gërdhucim	gërdhucni	gërdhucin	gërdhucja	gërdhucje	gërdhucte	gërdhucnim	gërdhucnit	gërdhucnin	gërdhuca	gërdhuce	gërdhuci	gërdhucëm	gërdhucët	gërdhucën	gërdhuckam	gërdhucke	gërdhucka	gërdhuckemi	gërdhuckeni	gërdhuckan	gërdhuckësha	gërdhuckëshe	gërdhuckësh	gërdhuckëshim	gërdhuckëshit	gërdhuckëshin	gërdhuc	gërdhucni	gërdhucur
gërdit	gërdit	gërdit	gërdit	gërditim	gërditni	gërditin	gërditja	gërditje	gërditte	gërditnim	gërditnit	gërditnin	gërdita	gërdite	gërditi	gërditëm	gërditët	gërditën	gërditkam	gërditke	gërditka	gërditkemi	gërditkeni	gërditkan	gërditkësha	gërditkëshe	gërditkësh	gërditkëshim	gërditkëshit	gërditkëshin	gërdit	gërditni	gërditur
gërgas	gërgas	gërget	gërget	gërgasim	gërgitni	gërgasin	gërgitja	gërgitje	gërgiste	gërgitnim	gërgitnit	gërgitnin	gërgita	gërgite	gërgiti	gërgitëm	gërgitët	gërgitën	gërgitkam	gërgitke	gërgitka	gërgitkemi	gërgitkeni	gërgitkan	gërgitkësha	gërgitkëshe	gërgitkësh	gërgitkëshim	gërgitkëshit	gërgitkëshin	gërgit	gërgitni	gërgitur
gërlat	gërlat	gërlat	gërlat	gërlatim	gërlatni	gërlatin	gërlatja	gërlatje	gërlatte	gërlatnim	gërlatnit	gërlatnin	gërlata	gërlate	gërlati	gërlatëm	gërlatët	gërlatën	gërlatkam	gërlatke	gërlatka	gërlatkemi	gërlatkeni	gërlatkan	gërlatkësha	gërlatkëshe	gërlatkësh	gërlatkëshim	gërlatkëshit	gërlatkëshin	gërlat	gërlatni	gërlatur
gërmih	gërmih	gërmih	gërmih	gërmihim	gërmihni	gërmihin	gërmihja	gërmihje	gërmihte	gërmihnim	gërmihnit	gërmihnin	gërmiha	gërmihe	gërmihu	gërmihëm	gërmihët	gërmihën	gërmihkam	gërmihke	gërmihka	gërmihkemi	gërmihkeni	gërmihkan	gërmihkësha	gërmihkëshe	gërmihkësh	gërmihkëshim	gërmihkëshit	gërmihkëshin	gërmih	gërmihni	gërmihur
gërmit	gërmit	gërmit	gërmit	gërmitim	gërmitni	gërmitin	gërmitja	gërmitje	gërmitte	gërmitnim	gërmitnit	gërmitnin	gërmita	gërmite	gërmiti	gërmitëm	gërmitët	gërmitën	gërmitkam	gërmitke	gërmitka	gërmitkemi	gërmitkeni	gërmitkan	gërmitkësha	gërmitkëshe	gërmitkësh	gërmitkëshim	gërmitkëshit	gërmitkëshin	gërmit	gërmitni	gërmitur
gërmuq	gërmuq	gërmuq	gërmuq	gërmuqim	gërmuqni	gërmuqin	gërmuqja	gërmuqje	gërmuqte	gërmuqnim	gërmuqnit	gërmuqnin	gërmuqa	gërmuqe	gërmuqi	gërmuqëm	gërmuqët	gërmuqën	gërmuqkam	gërmuqke	gërmuqka	gërmuqkemi	gërmuqkeni	gërmuqkan	gërmuqkësha	gërmuqkëshe	gërmuqkësh	gërmuqkëshim	gërmuqkëshit	gërmuqkëshin	gërmuq	gërmuqni	gërmuqur
gërric	gërric	gërric	gërric	gërricim	gërricni	gërricin	gërricja	gërricje	gërricte	gërricnim	gërricnit	gërricnin	gërrica	gërrice	gërrici	gërricëm	gërricët	gërricën	gërrickam	gërricke	gërricka	gërrickemi	gërrickeni	gërrickan	gërrickësha	gërrickëshe	gërrickësh	gërrickëshim	gërrickëshit	gërrickëshin	gërric	gërricni	gërricur
gërryej	gërryej	gërryen	gërryen	gërryejmë	gërryeni	gërryejnë	gërryeja	gërryeje	gërryente	gërryenim	gërryenit	gërryenin	gërreva	gërreve	gërreu	gërryem	gërryet	gërryen	gërryekam	gërryeke	gërryeka	gërryekemi	gërryekeni	gërryekan	gërryekësha	gërryekëshe	gërryekësh	gërryekëshim	gërryekëshit	gërryekëshin	gërrye	gërryeni	gërryer
gërthas	gërthas	gërthet	gërthet	gërthasim	gërthitni	gërthasin	gërthitja	gërthitje	gërthiste	gërthitnim	gërthitnit	gërthitnin	gërthita	gërthite	gërthiti	gërthitëm	gërthitët	gërthitën	gërthitkam	gërthitke	gërthitka	gërthitkemi	gërthitkeni	gërthitkan	gërthitkësha	gërthitkëshe	gërthitkësh	gërthitkëshim	gërthitkëshit	gërthitkëshin	gërthit	gërthitni	gërthitur
gërvisht	gërvisht	gërvisht	gërvisht	gërvishtim	gërvishtni	gërvishtin	gërvishtja	gërvishtje	gërvishtte	gërvishtnim	gërvishtnit	gërvishtnin	gërvishta	gërvishte	gërvishti	gërvishtëm	gërvishtët	gërvishtën	gërvishtkam	gërvishtke	gërvishtka	gërvishtkemi	gërvishtkeni	gërvishtkan	gërvishtkësha	gërvishtkëshe	gërvishtkësh	gërvishtkëshim	gërvishtkëshit	gërvishtkëshin	gërvisht	gërvishtni	gërvishtur
ha	ha	ha	ha	hamë	hani	hanë	haja	haje	hante	hanim	hanit	hanin	hëngra	hëngre	hëngri	hëngrëm	hëngrët	hëngrën	ngrënkam	ngrënke	ngrënka	ngrënkemi	ngrënkeni	ngrënkan	ngrënkësha	ngrënkëshe	ngrënkësh	ngrënkëshim	ngrënkëshit	ngrënkëshin	ha	hani	ngrënë
habit	habit	habit	habit	habitim	habitni	habitin	habitja	habitje	habitte	habitnim	habitnit	habitnin	habita	habite	habiti	habitëm	habitët	habitën	habitkam	habitke	habitka	habitkemi	habitkeni	habitkan	habitkësha	habitkëshe	habitkësh	habitkëshim	habitkëshit	habitkëshin	habit	habitni	habitur
hahem	hahem	hahesh	hahet	hahemi	haheni	hahen	hahesha	haheshe	hahej	haheshim	haheshit	haheshin	-	-	-	-	-	-	-	-	-	-	-	-	-	-	-	-	-	-	Hahu!	Hahuni!	ngrënë
hallakat	hallakat	hallakat	hallakat	hallakatim	hallakatni	hallakatin	hallakatja	hallakatje	hallakatte	hallakatnim	hallakatnit	hallakatnin	hallakata	hallakate	hallakati	hallakatëm	hallakatët	hallakatën	hallakatkam	hallakatke	hallakatka	hallakatkemi	hallakatkeni	hallakatkan	hallakatkësha	hallakatkëshe	hallakatkësh	hallakatkëshim	hallakatkëshit	hallakatkëshin	hallakat	hallakatni	hallakatur
hap	hap	hap	hap	hapim	hapni	hapin	hapja	hapje	hapte	hapnim	hapnit	hapnin	hapa	hape	hapi	hapëm	hapët	hapën	hapkam	hapke	hapka	hapkemi	hapkeni	hapkan	hapkësha	hapkëshe	hapkësh	hapkëshim	hapkëshit	hapkëshin	hap	hapni	hapur
harlis	harlis	harlis	harlis	harlisim	harlisni	harlisin	harlisja	harlisje	harliste	harlisnim	harlisnit	harlisnin	harlisa	harlise	harlisi	harlisëm	harlisët	harlisën	harliskam	harliske	harliska	harliskemi	harliskeni	harliskan	harliskësha	harliskëshe	harliskësh	harliskëshim	harliskëshit	harliskëshin	harlis	harlisni	harlisur
harr	harr	harr	harr	harrim	harrni	harrin	harrja	harrje	harrte	harrnim	harrnit	harrnin	harra	harre	harri	harrëm	harrët	harrën	harrkam	harrke	harrka	harrkemi	harrkeni	harrkan	harrkësha	harrkëshe	harrkësh	harrkëshim	harrkëshit	harrkëshin	harr	harrni	harrur
has	has	has	has	hasim	hasni	hasin	hasja	hasje	haste	hasnim	hasnit	hasnin	hasa	hase	hasi	hasëm	hasët	hasën	haskam	haske	haska	haskemi	haskeni	haskan	haskësha	haskëshe	haskësh	haskëshim	haskëshit	haskëshin	has	hasni	hasur
heci	heci	-	-	-	hecni	hecin	hecja	hecje	hecte	hecnim	hecnit	hecnin	heca	hece	-	hecëm	hecët	hecën	heckam	hecke	hecka	heckemi	heckeni	heckan	heckesha	heckëshe	heckej	heckëshim	heckëshit	heckëshin	Hec!	Hecni!	hec
hedh	hedh	hedh	hedh	hedhim	hedhni	hedhin	hidhja	hidhje	hidhte	hidhnim	hidhnit	hidhnin	hodha	hodhe	hodhi	hodhëm	hodhët	hodhën	hedhkam	hedhke	hedhka	hedhkemi	hedhkeni	hedhkan	hedhkësha	hedhkëshe	hedhkësh	hedhkëshim	hedhkëshit	hedhkëshin	hidh	hidhni	hedhur
hekuros	hekuros	hekuros	hekuros	hekurosemi	hekuroseni	hekurosen	hekurosesha	hekuroseshe	hekurosej	hekuroseshim	hekuroseshit	hekuroseshin	hekurosa	hekurose	hekuroshekuros	hekurosëm	hekurosët	hekurosën	hekuroskam	hekuroske	hekuroska	hekuroskemi	hekuroskeni	hekuroskan	hekuroskësha	hekuroskëshe	hekuroskësh	hekuroskëshim	hekuroskëshit	hekuroskëshin	hekuros	hekurosni	hekurosur
heq	heq	heq	heq	heqim	hiqni	heqin	hiqja	hiqje	hiqte	hiqnim	hiqnit	hiqnin	hoqa	hoqe	hoqi	hoqëm	hoqët	hoqën	heqkam	heqke	heqka	heqkemi	heqkeni	heqkan	heqkësha	heqkëshe	heqkësh	heqkëshim	heqkëshit	heqkëshin	hiq	hiqni	hequr
heqsim	heq	heq	heq	heqim	hiqni	heqin	hiqja	hiqje	hiqte	hiqnim	hiqnit	hiqnin	hoqa	hoqe	hoqi	hoqëm	hoqët	hoqën	heqkam	heqke	heqka	heqkemi	heqkeni	heqkan	heqkësha	heqkëshe	heqkësh	heqkëshim	heqkëshit	heqkëshin	hiq	hiqni	heksur
hesht	hesht	hesht	hesht	heshtim	heshtni	heshtin	heshtja	heshtje	heshtte	heshtnim	heshtnit	heshtnin	heshta	heshte	heshti	heshtëm	heshtët	heshtën	heshtkam	heshtke	heshtka	heshtkemi	heshtkeni	heshtkan	heshtkësha	heshtkëshe	heshtkësh	heshtkëshim	heshtkëshit	heshtkëshin	hesht	heshtni	heshtur
hidhërohem	hidhërohem	hidhërohesh	hidhërohet	hidhërohemi	hidhëroheni	hidhërohen	hidhërohesha	hidhëroheshe	hidhërohej	hidhëroheshim	hidhëroheshit	hidhëroheshin	-	-	-	-	-	-	-	-	-	-	-	-	-	-	-	-	-	-	hidhërohu	hidhërohuni	hidhëruar
hijeshoj	hijeshohem	hijeshohesh	hijeshohet	hijeshohemi	hijeshoheni	hijeshohen	hijeshohesha	hijeshoheshe	hijeshohej	hijeshoheshim	hijeshoheshit	hijeshoheshin	-	-	-	-	-	-	-	-	-	-	-	-	-	-	-	-	-	-	-	hijeshohuni	-
hingëlloj	-	-	-	-	-	-	-	-	-	-	-	-	-	-	-	-	-	-	-	-	-	-	-	-	-	-	-	-	-	-	-	-	hingëllir
hip	hip	hip	hip	hipim	hipni	hipin	hipja	hipje	hipte	hipnim	hipnit	hipnin	hipa	hipe	hipi	hipëm	hipët	hipën	hipkam	hipke	hipka	hipkemi	hipkeni	hipkan	hipkësha	hipkëshe	hipkësh	hipkëshim	hipkëshit	hipkëshin	hip	hipni	hipur
hipi	hipi	hipën	hipën	hipim	hipni	hipin	hipja	hipje	hipte	hipnim	hipnit	hipnin	hipa	hipe	hipu	hipëm	hipët	hipën	hipkam	hipke	hipka	hipkemi	hipkeni	hipkan	hipkësha	hipkëshe	hipkësh	hipkëshim	hipkëshit	hipkëshin	hip	hipni	hipur
hollohem	hollohem	hollohesh	hollohet	hollohemi	holloheni	hollohen	hollohesha	holloheshe	hollohej	holloheshim	holloheshit	holloheshin	-	-	-	-	-	-	-	-	-	-	-	-	-	-	-	-	-	-	hollohu	hollohuni	holluar
hukat	hukat	hukat	hukat	hukatim	hukatni	hukatin	hukatja	hukatje	hukatte	hukatnim	hukatnit	hukatnin	hukata	hukate	hukati	hukatëm	hukatët	hukatën	hukatkam	hukatke	hukatka	hukatkemi	hukatkeni	hukatkan	hukatkësha	hukatkëshe	hukatkësh	hukatkëshim	hukatkëshit	hukatkëshin	hukat	hukatni	hukatur
humb	humb	humb	humb	humbim	humbni	humbin	humbja	humbje	humbte	humbnim	humbnit	humbnin	humba	humbe	humbi	humbëm	humbët	humbën	humbkam	humbke	humbka	humbkemi	humbkeni	humbkan	humbkësha	humbkëshe	humbkësh	humbkëshim	humbkëshit	humbkëshin	humb	humbni	humbur
humbas	humbas	humbet	humbet	humbasim	-	humbasin	-	-	humbiste	-	-	-	humba	humbe	humbi	humbëm	humbët	humbën	humbkam	humbke	humbka	humbkemi	humbkeni	humbkan	humbkësha	humbkëshe	humbkësh	humbkëshim	humbkëshit	humbkëshin	humbit	-	humbur
hurb	hurb	hurb	hurb	hurbim	hurbni	hurbin	hurbja	hurbje	hurbte	hurbnim	hurbnit	hurbnin	hurba	hurbe	hurbi	hurbëm	hurbët	hurbën	hurbkam	hurbke	hurbka	hurbkemi	hurbkeni	hurbkan	hurbkësha	hurbkëshe	hurbkësh	hurbkëshim	hurbkëshit	hurbkëshin	hurb	hurbni	hurbur
iki	iki	iki	iki	ikiim	ikini	ikiin	ikija	ikije	ikite	ikinim	ikinit	ikinin	ikia	ikie	ikii	ikiëm	ikiët	ikiën	ikikam	ikike	ikika	ikikemi	ikikeni	ikikan	ikikësha	ikikëshe	ikikësh	ikikëshim	ikikëshit	ikikëshin	iki	ikini	ikiur
im	im	im	im	imim	imni	imin	imja	imje	imte	imnim	imnit	imnin	ima	ime	imi	imëm	imët	imën	imkam	imke	imka	imkemi	imkeni	imkan	imkësha	imkëshe	imkësh	imkëshim	imkëshit	imkëshin	im	imni	imur
imponohem	imponohem	imponohesh	imponohet	imponohemi	imponoheni	imponohen	imponohesha	imponoheshe	imponohej	imponoheshim	imponoheshit	imponoheshin	-	-	-	-	-	-	-	-	-	-	-	-	-	-	-	-	-	-	imponohu	imponohuni	imponuar
inatosem	inatosem	inatosesh	inatoset	inatosemi	inatoseni	inatosen	inatosesha	inatoseshe	inatosej	inatoseshim	inatoseshit	inatoseshin	-	-	-	-	-	-	-	-	-	-	-	-	-	-	-	-	-	-	inatosu	inatosuni	inatosur
injorohem	injorohem	injorohesh	injorohet	injorohemi	injoroheni	injorohen	injorohesha	injoroheshe	injorohej	injoroheshim	injoroheshit	injoroheshin	-	-	-	-	-	-	-	-	-	-	-	-	-	-	-	-	-	-	injorohu	injorohuni	injoruar
irnoj	-	irnoj	irnoj	irnojim	irnojni	irnojin	irnojja	irnojje	irnojte	irnojnim	irnojnit	irnojnin	irnoja	irnoje	irnoji	irnojëm	irnojët	irnojën	irnojkam	irnojke	irnojka	irnojkemi	irnojkeni	irnojkan	irnojkësha	irnojkëshe	irnojkësh	irnojkëshim	irnojkëshit	irnojkëshin	irnoj	irnojni	irnojur
ith	ith	ith	ith	ithim	ithni	ithin	ithja	ithje	ithte	ithnim	ithnit	ithnin	itha	ithe	ithi	ithëm	ithët	ithën	ithkam	ithke	ithka	ithkemi	ithkeni	ithkan	ithkësha	ithkëshe	ithkësh	ithkëshim	ithkëshit	ithkëshin	ith	ithni	ithur
jam	jam	je	është	jemi	jeni	janë	isha	ishe	ishte	ishim	ishit	ishin	qeshë	qe	qe	qemë	qetë	qenë	qenkam	qenke	qenka	qenkemi	qenkeni	qenkan	qenkësha	qenkëshe	qenkësh	qenkëshim	qenkëshit	qenkëshin	ji	jini	qenë
jap	jap	jep	jep	japim	jepni	japin	jepja	jepje	jepte	jepnim	jepnit	jepnin	dhashë	dhe	dha	dhamë	dhatë	dhanë	dhënkam	dhënke	dhënka	dhënkemi	dhënkeni	dhënkan	dhënkësha	dhënkëshe	dhënkësh	dhënkëshim	dhënkëshit	dhënkëshin	jep	jepni	dhënë
josh	josh	josh	josh	joshim	joshni	joshin	joshja	joshje	joshte	joshnim	joshnit	joshnin	josha	joshe	joshi	joshëm	joshët	joshën	joshkam	joshke	joshka	joshkemi	joshkeni	joshkan	joshkësha	joshkëshe	joshkësh	joshkëshim	joshkëshit	joshkëshin	josh	joshni	joshur
kacafyt	kacafyt	kacafyt	kacafyt	kacafytim	kacafytni	kacafytin	kacafytja	kacafytje	kacafytte	kacafytnim	kacafytnit	kacafytnin	kacafyta	kacafyte	kacafyti	kacafytëm	kacafytët	kacafytën	kacafytkam	kacafytke	kacafytka	kacafytkemi	kacafytkeni	kacafytkan	kacafytkësha	kacafytkëshe	kacafytkësh	kacafytkëshim	kacafytkëshit	kacafytkëshin	kacafyt	kacafytni	kacafytur
kacambyt	kacambyt	kacambyt	kacambyt	kacambytim	kacambytni	kacambytin	kacambytja	kacambytje	kacambytte	kacambytnim	kacambytnit	kacambytnin	kacambyta	kacambyte	kacambyti	kacambytëm	kacambytët	kacambytën	kacambytkam	kacambytke	kacambytka	kacambytkemi	kacambytkeni	kacambytkan	kacambytkësha	kacambytkëshe	kacambytkësh	kacambytkëshim	kacambytkëshit	kacambytkëshin	kacambyt	kacambytni	kacambytur
kalamend	kalamend	kalamend	kalamend	kalamendim	kalamendni	kalamendin	kalamendja	kalamendje	kalamendte	kalamendnim	kalamendnit	kalamendnin	kalamenda	kalamende	kalamendi	kalamendëm	kalamendët	kalamendën	kalamendkam	kalamendke	kalamendka	kalamendkemi	kalamendkeni	kalamendkan	kalamendkësha	kalamendkëshe	kalamendkësh	kalamendkëshim	kalamendkëshit	kalamendkëshin	kalamend	kalamendni	kalamendur
kalb	kalb	kalb	kalb	kalbim	kalbni	kalbin	kalbja	kalbje	kalbte	kalbnim	kalbnit	kalbnin	kalba	kalbe	kalbi	kalbëm	kalbët	kalbën	kalbkam	kalbke	kalbka	kalbkemi	kalbkeni	kalbkan	kalbkësha	kalbkëshe	kalbkësh	kalbkëshim	kalbkëshit	kalbkëshin	kalb	kalbni	kalbur
kalit	kalit	kalit	kalit	kalitim	kalitni	kalitin	kalitja	kalitje	kalitte	kalitnim	kalitnit	kalitnin	kalita	kalite	kaliti	kalitëm	kalitët	kalitën	kalitkam	kalitke	kalitka	kalitkemi	kalitkeni	kalitkan	kalitkësha	kalitkëshe	kalitkësh	kalitkëshim	kalitkëshit	kalitkëshin	kalit	kalitni	kalitur
kam	kam	ke	ka	kemi	keni	kanë	kisha	kishe	kishte	kishim	kishit	kishin	pata	pate	pati	patëm	patët	patën	paskam	paske	paska	paskemi	paskeni	paskan	paskësha	paskëshe	paskësh	paskëshim	paskëshit	paskëshin	ki	kini	pasur
kap	kap	kap	kap	kapim	kapni	kapin	kapja	kapje	kapte	kapnim	kapnit	kapnin	kapa	kape	kapi	kapëm	kapët	kapën	kapkam	kapke	kapka	kapkemi	kapkeni	kapkan	kapkësha	kapkëshe	kapkësh	kapkëshim	kapkëshit	kapkëshin	kap	kapni	kapur
kapërcej	kapërcej	kapërcen	kapërcen	kapërcejmë	kapërceni	kapërcejnë	kapërceja	kapërceje	kapërcente	kapërcenim	kapërcenit	kapërcenin	kapërceva	kapërceve	kapërceu	kapërcyem	kapërcyet	kapërcyen	kapërcyekam	kapërcyeke	kapërcyeka	kapërcyekemi	kapërcyekeni	kapërcyekan	kapërcyekësha	kapërcyekëshe	kapërcyekësh	kapërcyekëshim	kapërcyekëshit	kapërcyekëshin	kapërce	kapërceni	kapërcyer
kapërthej	kapërthej	kapërthen	kapërthen	kapërthejmë	kapërtheni	kapërthejnë	kapërtheja	kapërtheje	kapërthente	kapërthenim	kapërthenit	kapërthenin	kapërtheva	kapërtheve	kapërtheu	kapërthyem	kapërthyet	kapërthyen	kapërthyekam	kapërthyeke	kapërthyeka	kapërthyekemi	kapërthyekeni	kapërthyekan	kapërthyekësha	kapërthyekëshe	kapërthyekësh	kapërthyekëshim	kapërthyekëshit	kapërthyekëshin	kapërthe	kapërtheni	kapërthyer
kaurdis	kaurdis	kaurdis	kaurdis	kaurdisim	kaurdisni	kaurdisin	kaurdisja	kaurdisje	kaurdiste	kaurdisnim	kaurdisnit	kaurdisnin	kaurdisa	kaurdise	kaurdisi	kaurdisëm	kaurdisët	kaurdisën	kaurdiskam	kaurdiske	kaurdiska	kaurdiskemi	kaurdiskeni	kaurdiskan	kaurdiskësha	kaurdiskëshe	kaurdiskësh	kaurdiskëshim	kaurdiskëshit	kaurdiskëshin	kaurdis	kaurdisni	kaurdisje
kep	kep	kep	kep	kepim	kepni	kepin	kepja	kepje	kepte	kepnim	kepnit	kepnin	kepa	kepe	kepi	kepëm	kepët	kepën	kepkam	kepke	kepka	kepkemi	kepkeni	kepkan	kepkësha	kepkëshe	kepkësh	kepkëshim	kepkëshit	kepkëshin	kep	kepni	kepur
kic	kic	kic	kic	kicim	kicni	kicin	kicja	kicje	kicte	kicnim	kicnit	kicnin	kica	kice	kici	kicëm	kicët	kicën	kickam	kicke	kicka	kickemi	kickeni	kickan	kickësha	kickëshe	kickësh	kickëshim	kickëshit	kickëshin	kic	kicni	kicur
kij	kij	kin	kin	kijmë	kini	kijnë	kija	kije	kinte	kinim	kinit	kinin	kiva	kive	kiu	kimë	kitë	kinë	kikam	kike	kika	kikemi	kikeni	kikan	kikësha	kikëshe	kikësh	kikëshim	kikëshit	kikëshin	ki	kini	kirë
kilikos	kilikos	kilikos	kilikos	kilikosim	kilikosni	kilikosin	kilikosja	kilikosje	kilikoste	kilikosnim	kilikosnit	kilikosnin	kilikosa	kilikose	kilikosi	kilikosëm	kilikosët	kilikosën	kilikoskam	kilikoske	kilikoska	kilikoskemi	kilikoskeni	kilikoskan	kilikoskësha	kilikoskëshe	kilikoskësh	kilikoskëshim	kilikoskëshit	kilikoskëshin	kilikos	kilikosni	kilikosur
klith	klith	klith	klith	klithim	klithni	klithin	klithja	klithje	klithte	klithnim	klithnit	klithnin	klitha	klithe	klithi	klithëm	klithët	klithën	klithkam	klithke	klithka	klithkemi	klithkeni	klithkan	klithkësha	klithkëshe	klithkësh	klithkëshim	klithkëshit	klithkëshin	klith	klithni	klithur
korit	korit	korit	korit	koritim	koritni	koritin	koritja	koritje	koritte	koritnim	koritnit	koritnin	korita	korite	koriti	koritëm	koritët	koritën	koritkam	koritke	koritka	koritkemi	koritkeni	koritkan	koritkësha	koritkëshe	koritkësh	koritkëshim	koritkëshit	koritkëshin	korit	koritni	koritur
korr	korr	korr	korr	korrim	korrni	korrin	korrja	korrje	korrte	korrnim	korrnit	korrnin	korra	korre	korri	korrëm	korrët	korrën	korrkam	korrke	korrka	korrkemi	korrkeni	korrkan	korrkësha	korrkëshe	korrkësh	korrkëshim	korrkëshit	korrkëshin	korr	korrni	korrur
krahasohem	krahasohem	krahasohesh	krahasohet	krahasohemi	krahasoheni	krahasohen	krahasohesha	krahasoheshe	krahasohej	krahasoheshim	krahasoheshit	krahasoheshin	-	-	-	-	-	-	-	-	-	-	-	-	-	-	-	-	-	-	krahasohu	krahasohuni	krahasuar
krasit	krasit	krasit	krasit	krasitim	krasitni	krasitin	krasitja	krasitje	krasitte	krasitnim	krasitnit	krasitnin	krasita	krasite	krasiti	krasitëm	krasitët	krasitën	krasitkam	krasitke	krasitka	krasitkemi	krasitkeni	krasitkan	krasitkësha	krasitkëshe	krasitkësh	krasitkëshim	krasitkëshit	krasitkëshin	krasit	krasitni	krasitur
kredh	kredh	kredh	kredh	kredhim	kridhni	kredhin	kridhja	kridhje	kridhte	kridhnim	kridhnit	kridhnin	kridha	kridhe	kridhi	kridhëm	kridhët	kridhën	kredhkam	kredhke	kredhka	kredhkemi	kredhkeni	kredhkan	kredhkësha	kredhkëshe	kredhkej	kredhkëshim	kredhkëshit	kredhkëshin	kridh	kridhni	kredhur
kreh	kreh	kreh	kreh	krehim	krehni	krehin	krehja	krehje	krehte	krehnim	krehnit	krehnin	kreha	krehe	krehu	krehëm	krehët	krehën	krehkam	krehke	krehka	krehkemi	krehkeni	krehkan	krehkësha	krehkëshe	krehkësh	krehkëshim	krehkëshit	krehkëshin	kreh	krehni	krehur
krenohem	krenohem	krenohesh	krenohet	krenohemi	krenoheni	krenohen	krenohesha	krenoheshe	krenohej	krenoheshim	krenoheshit	krenoheshin	-	-	-	-	-	-	-	-	-	-	-	-	-	-	-	-	-	-	krenohu	krenohuni	krenuar
kruaj	kruaj	kruan	kruan	kruajmë	kruani	kruajnë	kruaja	kruaje	kruante	kruanim	kruanit	kruanin	krova	krove	kroi	kruam	kruat	kruan	kruakam	kruake	kruaka	kruakemi	kruakeni	kruakan	kruakësha	kruakëshe	kruakësh	kruakëshim	kruakëshit	kruakëshin	kruaj	kruani	kruar
krydh	krydh	krydh	krydh	krydhim	krydhni	krydhin	krydhja	krydhje	krydhte	krydhnim	krydhnit	krydhnin	krydha	krydhe	krydhi	krydhëm	krydhët	krydhën	krydhkam	krydhke	krydhka	krydhkemi	krydhkeni	krydhkan	krydhkësha	krydhkëshe	krydhkësh	krydhkëshim	krydhkëshit	krydhkëshin	krydh	krydhni	krydhur
kryej	kryej	kryen	kryen	kryejmë	kryeni	kryejnë	kryeja	kryeje	kryente	kryenim	kryenit	kryenin	kreva	kreve	kreu	kryem	kryet	kryen	kryekam	kryeke	kryeka	kryekemi	kryekeni	kryekan	kryekësha	kryekëshe	kryekësh	kryekëshim	kryekëshit	kryekëshin	krye	kryeni	kryer
kthehem	kthehem	kthehesh	kthehet	kthehemi	ktheheni	kthehen	kthehesha	ktheheshe	kthehej	ktheheshim	ktheheshit	ktheheshin	-	-	-	-	-	-	-	-	-	-	-	-	-	-	kthyekej	-	-	-	kthehu	kthehuni	kthyer
kthej	kthej	kthen	kthen	kthejmë	ktheni	kthejnë	ktheja	ktheje	kthente	kthenim	kthenit	kthenin	ktheva	ktheve	ktheu	kthyem	kthyet	kthyen	kthyekam	kthyeke	kthyeka	kthyekemi	kthyekeni	kthyekan	kthyekësha	kthyekëshe	kthyekësh	kthyekëshim	kthyekëshit	kthyekëshin	kthe	ktheni	kthyer
kthjell	kthjell	kthjell	kthjell	kthjellim	kthjellni	kthjellin	kthjellja	kthjellje	kthjellte	kthjellnim	kthjellnit	kthjellnin	kthjella	kthjelle	kthjelli	kthjellëm	kthjellët	kthjellën	kthjellkam	kthjellke	kthjellka	kthjellkemi	kthjellkeni	kthjellkan	kthjellkësha	kthjellkëshe	kthjellkësh	kthjellkëshim	kthjellkëshit	kthjellkëshin	kthjell	kthjellni	kthjellur
kuak	kuak	kuak	kuak	kuakim	kuakni	kuakin	kuakja	kuakje	kuakte	kuaknim	kuaknit	kuaknin	kuaka	kuake	kuaku	kuakëm	kuakët	kuakën	kuakkam	kuakke	kuakka	kuakkemi	kuakkeni	kuakkan	kuakkësha	kuakkëshe	kuakkësh	kuakkëshim	kuakkëshit	kuakkëshin	kuak	kuakni	kuakur
kujdesem	kujdesem	kujdesesh	kujdeset	kujdesemi	kujdeseni	kujdesen	kujdesesha	kujdeseshe	kujdesej	kujdeseshim	kujdeseshit	kujdeseshin	-	-	-	-	-	-	-	-	-	-	-	-	-	-	-	-	-	-	kujdesu	kujdesuni	kujdesur
kumbis	kumbis	kumbis	kumbis	kumbisim	kumbisni	kumbisin	kumbisja	kumbisje	kumbiste	kumbisnim	kumbisnit	kumbisnin	kumbisa	kumbise	kumbisi	kumbisëm	kumbisët	kumbisën	kumbiskam	kumbiske	kumbiska	kumbiskemi	kumbiskeni	kumbiskan	kumbiskësha	kumbiskëshe	kumbiskësh	kumbiskëshim	kumbiskëshit	kumbiskëshin	kumbis	kumbisni	kumbisur
kundërthem	kundërthem	kundërthua	kundërthotë	kundërthemi	kundërthoni	kundërthonë	kundërthosha	kundërthoshe	kundërthoshte	kundërthoshim	kundërthoshit	kundërthoshin	kundërthashë	kundërthe	kundërtha	kundërthamë	kundërthatë	kundërthanë	kundërthënkam	kundërthënke	kundërthënka	kundërthënkemi	kundërthënkeni	kundërthënkan	kundërthënkësha	kundërthënkëshe	kundërthënkësh	kundërthënkëshim	kundërthënkëshit	kundërthënkëshin	kundërthuaj	kundërthoni	kundërthënë
kundërvë	kundërvë	kundërvë	kundërvë	kundërvëmë	kundërvini	kundërvënë	kundërvija	kundërvije	kundërvinte	kundërvinim	kundërvinit	kundërvinin	kundërvura	kundërvure	kundërvuri	kundërvumë	kundërvutë	kundërvunë	kundërvënkam	kundërvënke	kundërvënka	kundërvënkemi	kundërvënkeni	kundërvënkan	kundërvënkësha	kundërvënkëshe	kundërvënkësh	kundërvënkëshim	kundërvënkëshit	kundërvënkëshin	kundërvër	kundërvini	kundërvënë
kuq	kuq	kuq	kuq	kuqim	kuqni	kuqin	kuqja	kuqje	kuqte	kuqnim	kuqnit	kuqnin	kuqa	kuqe	kuqi	kuqëm	kuqët	kuqën	kuqkam	kuqke	kuqka	kuqkemi	kuqkeni	kuqkan	kuqkësha	kuqkëshe	kuqkësh	kuqkëshim	kuqkëshit	kuqkëshin	kuq	kuqni	kuqur
kursej	kursej	kursen	kursen	kursejmë	kurseni	kursejnë	kurseja	kurseje	kursente	kursenim	kursenit	kursenin	kurseva	kurseve	kurseu	kursyem	kursyet	kursyen	kursyekam	kursyeke	kursyeka	kursyekemi	kursyekeni	kursyekan	kursyekësha	kursyekëshe	kursyekësh	kursyekëshim	kursyekëshit	kursyekëshin	kurse	kurseni	kursyer
kuvell	kuvell	kuvell	kuvell	kuvellim	kuvellni	kuvellin	kuvellja	kuvellje	kuvellte	kuvellnim	kuvellnit	kuvellnin	kuvella	kuvelle	kuvelli	kuvellëm	kuvellët	kuvellën	kuvellkam	kuvellke	kuvellka	kuvellkemi	kuvellkeni	kuvellkan	kuvellkësha	kuvellkëshe	kuvellkësh	kuvellkëshim	kuvellkëshit	kuvellkëshin	kuvell	kuvellni	kuvellur
kyç	kyç	kyç	kyç	kyçim	kyçni	kyçin	kyçja	kyçje	kyçte	kyçnim	kyçnit	kyçnin	kyça	kyçe	kyçi	kyçëm	kyçët	kyçën	kyçkam	kyçke	kyçka	kyçkemi	kyçkeni	kyçkan	kyçkësha	kyçkëshe	kyçkësh	kyçkëshim	kyçkëshit	kyçkëshin	kyç	kyçni	kyçur
këllas	këllas	këllet	këllet	këllasim	këllitni	këllasin	këllitja	këllitje	këlliste	këllitnim	këllitnit	këllitnin	këllita	këllite	këlliti	këllitëm	këllitët	këllitën	këllitkam	këllitke	këllitka	këllitkemi	këllitkeni	këllitkan	këllitkësha	këllitkëshe	këllitkësh	këllitkëshim	këllitkëshit	këllitkëshin	këllit	këllitni	këllitur
këlthas	këlthas	këlthet	këlthet	këlthasim	këlthitni	këlthasin	këlthitja	këlthitje	këlthiste	këlthitnim	këlthitnit	këlthitnin	këlthita	këlthite	këlthiti	këlthitëm	këlthitët	këlthitën	këlthitkam	këlthitke	këlthitka	këlthitkemi	këlthitkeni	këlthitkan	këlthitkësha	këlthitkëshe	këlthitkësh	këlthitkëshim	këlthitkëshit	këlthitkëshin	këlthit	këlthitni	këlthitur
këmbej	këmbej	këmben	këmben	këmbejmë	këmbeni	këmbejnë	këmbeja	këmbeje	këmbente	këmbenim	këmbenit	këmbenin	këmbeva	këmbeve	këmbeu	këmbyem	këmbyet	këmbyen	këmbyekam	këmbyeke	këmbyeka	këmbyekemi	këmbyekeni	këmbyekan	këmbyekësha	këmbyekëshe	këmbyekësh	këmbyekëshim	këmbyekëshit	këmbyekëshin	këmbe	këmbeni	këmbyer
kënaq	kënaq	kënaq	kënaq	kënaqim	kënaqni	kënaqin	kënaqja	kënaqje	kënaqte	kënaqnim	kënaqnit	kënaqnin	kënaqa	kënaqe	kënaqi	kënaqëm	kënaqët	kënaqën	kënaqkam	kënaqke	kënaqka	kënaqkemi	kënaqkeni	kënaqkan	kënaqkësha	kënaqkëshe	kënaqkësh	kënaqkëshim	kënaqkëshit	kënaqkëshin	kënaq	kënaqni	kënaqur
kënaqem	kënaqem	kënaqesh	kënaqet	kënaqemi	kënaqeni	kënaqen	kënaqesha	kënaqeshe	kënaqej	kënaqeshim	kënaqeshit	kënaqeshin	-	-	-	-	-	-	-	-	-	-	-	-	-	-	-	-	-	-	kënaqu	kënaquni	kënaqur
këndell	këndell	këndell	këndell	këndellim	këndellni	këndellin	këndellja	këndellje	këndellte	këndellnim	këndellnit	këndellnin	këndella	këndelle	këndelli	këndellëm	këndellët	këndellën	këndellkam	këndellke	këndellka	këndellkemi	këndellkeni	këndellkan	këndellkësha	këndellkëshe	këndellkësh	këndellkëshim	këndellkëshit	këndellkëshin	këndell	këndellni	këndellur
këndirr	këndirr	këndirr	këndirr	këndirrim	këndirrni	këndirrin	këndirrja	këndirrje	këndirrte	këndirrnim	këndirrnit	këndirrnin	këndirra	këndirre	këndirri	këndirrëm	këndirrët	këndirrën	këndirrkam	këndirrke	këndirrka	këndirrkemi	këndirrkeni	këndirrkan	këndirrkësha	këndirrkëshe	këndirrkësh	këndirrkëshim	këndirrkëshit	këndirrkëshin	këndirr	këndirrni	këndirrur
këndis	këndis	këndis	këndis	këndisim	këndisni	këndisin	këndisja	këndisje	këndiste	këndisnim	këndisnit	këndisnin	këndisa	këndise	këndisi	këndisëm	këndisët	këndisën	këndiskam	këndiske	këndiska	këndiskemi	këndiskeni	këndiskan	këndiskësha	këndiskëshe	këndiskësh	këndiskëshim	këndiskëshit	këndiskëshin	këndis	këndisni	këndisur
këqyr	këqyr	këqyr	këqyr	këqyrim	këqyrni	këqyrin	këqyrja	këqyrje	këqyrte	këqyrnim	këqyrnit	këqyrnin	këqyra	këqyre	këqyri	këqyrëm	këqyrët	këqyrën	këqyrkam	këqyrke	këqyrka	këqyrkemi	këqyrkeni	këqyrkan	këqyrkësha	këqyrkëshe	këqyrkësh	këqyrkëshim	këqyrkëshit	këqyrkëshin	këqyr	këqyrni	këqyrur
kërcas	kërcas	kërcet	kërcet	kërcasim	kërcitni	kërcasin	kërcitja	kërcitje	kërciste	kërcitnim	kërcitnit	kërcitnin	kërcita	kërcite	kërciti	kërcitëm	kërcitët	kërcitën	kërcitkam	kërcitke	kërcitka	kërcitkemi	kërcitkeni	kërcitkan	kërcitkësha	kërcitkëshe	kërcitkësh	kërcitkëshim	kërcitkëshit	kërcitkëshin	kërcit	kërcitni	kërcitur
kërcej	kërcej	kërcen	kërcen	kërcejmë	kërceni	kërcejnë	kërceja	kërceje	kërcente	kërcenim	kërcenit	kërcenin	kërceva	kërceve	kërceu	kërcyem	kërcyet	kërcyen	kërcyekam	kërcyeke	kërcyeka	kërcyekemi	kërcyekeni	kërcyekan	kërcyekësha	kërcyekëshe	kërcyekësh	kërcyekëshim	kërcyekëshit	kërcyekëshin	kërce	kërceni	kërcyer
kërrus	kërrus	kërrus	kërrus	kërrusim	kërrusni	kërrusin	kërrusja	kërrusje	kërruste	kërrusnim	kërrusnit	kërrusnin	kërrusa	kërruse	kërrusi	kërrusëm	kërrusët	kërrusën	kërruskam	kërruske	kërruska	kërruskemi	kërruskeni	kërruskan	kërruskësha	kërruskëshe	kërruskësh	kërruskëshim	kërruskëshit	kërruskëshin	kërrus	kërrusni	kërrusur
kërtyl	kërtyl	kërtyl	kërtyl	kërtylim	kërtylni	kërtylin	kërtylja	kërtylje	kërtylte	kërtylnim	kërtylnit	kërtylnin	kërtyla	kërtyle	kërtyli	kërtylëm	kërtylët	kërtylën	kërtylkam	kërtylke	kërtylka	kërtylkemi	kërtylkeni	kërtylkan	kërtylkësha	kërtylkëshe	kërtylkësh	kërtylkëshim	kërtylkëshit	kërtylkëshin	kërtyl	kërtylni	kërtylur
lag	lag	lag	lag	lagim	lagni	lagin	lagja	lagje	lagte	lagnim	lagnit	lagnin	laga	lage	lagi	lagëm	lagët	lagën	lagkam	lagke	lagka	lagkemi	lagkeni	lagkan	lagkësha	lagkëshe	lagkësh	lagkëshim	lagkëshit	lagkëshin	lag	lagni	lagur
lahem	lahem	lahesh	lahet	lahemi	laheni	lahen	lahesha	laheshe	lahej	laheshim	laheshit	laheshin	lava	lave	lau	lamë	latë	lanë	lakam	lake	laka	lakemi	lakeni	lakan	lakësha	lakëshe	lakësh	lakëshim	lakëshit	lakëshin	lahu	lahuni	larë
laj	lahem	lahesh	lahet	lahemi	laheni	lahen	lahesha	laheshe	lahej	laheshim	laheshit	laheshin	lava	lave	lau	lamë	latë	lanë	lakam	lake	laka	lakemi	lakeni	lakan	lakësha	lakëshe	lakësh	lakëshim	lakëshit	lakëshin	lahu	lahuni	larë
lajthit	lajthit	lajthit	lajthit	lajthitim	lajthitni	lajthitin	lajthitja	lajthitje	lajthitte	lajthitnim	lajthitnit	lajthitnin	lajthita	lajthite	lajthiti	lajthitëm	lajthitët	lajthitën	lajthitkam	lajthitke	lajthitka	lajthitkemi	lajthitkeni	lajthitkan	lajthitkësha	lajthitkëshe	lajthitkësh	lajthitkëshim	lajthitkëshit	lajthitkëshin	lajthit	lajthitni	lajthitur
lakuriq	lakuriq	lakuriq	lakuriq	lakuriqim	lakuriqni	lakuriqin	lakuriqja	lakuriqje	lakuriqte	lakuriqnim	lakuriqnit	lakuriqnin	lakuriqa	lakuriqe	lakuriqi	lakuriqëm	lakuriqët	lakuriqën	lakuriqkam	lakuriqke	lakuriqka	lakuriqkemi	lakuriqkeni	lakuriqkan	lakuriqkësha	lakuriqkëshe	lakuriqkësh	lakuriqkëshim	lakuriqkëshit	lakuriqkëshin	lakuriq	lakuriqni	lakuriqur
lakuriqësohem	lakuriqësohem	lakuriqësohesh	lakuriqësohet	lakuriqësohemi	lakuriqësoheni	lakuriqësohen	lakuriqësohesha	lakuriqësoheshe	lakuriqësohej	lakuriqësoheshim	lakuriqësoheshit	lakuriqësoheshin	lakuriqësova	lakuriqësove	lakuriqësoi	lakuriqësuam	lakuriqësuat	lakuriqësuan	lakuriqësuakam	lakuriqësuake	lakuriqësuaka	lakuriqësuakemi	lakuriqësuakeni	lakuriqësuakan	lakuriqësuakësha	lakuriqësuakëshe	lakuriqësuakësh	lakuriqësuakëshim	lakuriqësuakëshit	lakuriqësuakëshin	lakuriqëso	lakuriqësohuni	lakuriqësuar
lakuriqësoj	lakuriqësohem	lakuriqësohesh	lakuriqësohet	lakuriqësohemi	lakuriqësoheni	lakuriqësohen	lakuriqësohesha	lakuriqësoheshe	lakuriqësohej	lakuriqësoheshim	lakuriqësoheshit	lakuriqësoheshin	-	-	-	-	-	-	-	-	-	-	-	-	-	-	-	-	-	-	-	lakuriqësohuni	-
laparos	laparos	laparos	laparos	laparosim	laparosni	laparosin	laparosja	laparosje	laparoste	laparosnim	laparosnit	laparosnin	laparosa	laparose	laparosi	laparosëm	laparosët	laparosën	laparoskam	laparoske	laparoska	laparoskemi	laparoskeni	laparoskan	laparoskësha	laparoskëshe	laparoskësh	laparoskëshim	laparoskëshit	laparoskëshin	laparos	laparosni	laparosur
laps	laps	laps	laps	lapsim	lapsni	lapsin	lapsja	lapsje	lapste	lapsnim	lapsnit	lapsnin	lapsa	lapse	lapsi	lapsëm	lapsët	lapsën	lapskam	lapske	lapska	lapskemi	lapskeni	lapskan	lapskësha	lapskëshe	lapskësh	lapskëshim	lapskëshit	lapskëshin	laps	lapsni	lapsur
leh	leh	leh	leh	lehim	lehni	lehin	lehja	lehje	lehte	lehnim	lehnit	lehnin	leha	lehe	lehu	lehëm	lehët	lehën	lehkam	lehke	lehka	lehkemi	lehkeni	lehkan	lehkësha	lehkëshe	lehkësh	lehkëshim	lehkëshit	lehkëshin	leh	lehni	lehur
leverdis	leverdis	leverdis	leverdis	leverdisim	leverdisni	leverdisin	leverdisja	leverdisje	leverdiste	leverdisnim	leverdisnit	leverdisnin	leverdisa	leverdise	leverdisi	leverdisëm	leverdisët	leverdisën	leverdiskam	leverdiske	leverdiska	leverdiskemi	leverdiskeni	leverdiskan	leverdiskësha	leverdiskëshe	leverdiskësh	leverdiskëshim	leverdiskëshit	leverdiskëshin	leverdis	leverdisni	leverdisur
lidh	lidh	lidh	lidh	lidhim	lidhni	lidhin	lidhja	lidhje	lidhte	lidhnim	lidhnit	lidhnin	lidha	lidhe	lidhi	lidhëm	lidhët	lidhën	lidhkam	lidhke	lidhka	lidhkemi	lidhkeni	lidhkan	lidhkësha	lidhkëshe	lidhkësh	lidhkëshim	lidhkëshit	lidhkëshin	lidh	lidhni	lidhur
lind	lind	lind	lind	lindim	lindni	lindin	lindja	lindje	lindte	lindnim	lindnit	lindnin	linda	linde	lindi	lindëm	lindët	lindën	lindkam	lindke	lindka	lindkemi	lindkeni	lindkan	lindkësha	lindkëshe	lindkësh	lindkëshim	lindkëshit	lindkëshin	lind	lindni	lindur
llafos	llafos	llafos	llafos	llafosim	llafosni	llafosin	llafosja	llafosje	llafoste	llafosnim	llafosnit	llafosnin	llafosa	llafose	llafosi	llafosëm	llafosët	llafosën	llafoskam	llafoske	llafoska	llafoskemi	llafoskeni	llafoskan	llafoskësha	llafoskëshe	llafoskësh	llafoskëshim	llafoskëshit	llafoskëshin	llafos	llafosni	llafosur
llup	llup	llup	llup	llupim	llupni	llupin	llupja	llupje	llupte	llupnim	llupnit	llupnin	llupa	llupe	llupi	llupëm	llupët	llupën	llupkam	llupke	llupka	llupkemi	llupkeni	llupkan	llupkësha	llupkëshe	llupkësh	llupkëshim	llupkëshit	llupkëshin	llup	llupni	llupur
lodh	lodh	lodh	lodh	lodhim	lodhni	lodhin	lodhja	lodhje	lodhte	lodhnim	lodhnit	lodhnin	lodha	lodhe	lodhi	lodhëm	lodhët	lodhën	lodhkam	lodhke	lodhka	lodhkemi	lodhkeni	lodhkan	lodhkësha	lodhkëshe	lodhkësh	lodhkëshim	lodhkëshit	lodhkëshin	lodh	lodhni	lodhur
lodhem	lodhem	lodhesh	lodhet	lodhemi	lodheni	lodhen	lodhesha	lodheshe	lodhej	lodheshim	lodheshit	lodheshin	-	-	-	-	-	-	-	-	-	-	-	-	-	-	-	-	-	-	lodhu	lodhuni	lodhur
lomotit	lomotit	lomotit	lomotit	lomotitim	lomotitni	lomotitin	lomotitja	lomotitje	lomotitte	lomotitnim	lomotitnit	lomotitnin	lomotita	lomotite	lomotiti	lomotitëm	lomotitët	lomotitën	lomotitkam	lomotitke	lomotitka	lomotitkemi	lomotitkeni	lomotitkan	lomotitkësha	lomotitkëshe	lomotitkësh	lomotitkëshim	lomotitkëshit	lomotitkëshin	lomotit	lomotitni	lomotitur
loz	loz	loz	loz	lozim	lozni	lozin	lozja	lozje	lozte	loznim	loznit	loznin	loza	loze	lozi	lozëm	lozët	lozën	lozkam	lozke	lozka	lozkemi	lozkeni	lozkan	lozkësha	lozkëshe	lozkësh	lozkëshim	lozkëshit	lozkëshin	loz	lozni	lozur
lut	lut	lut	lut	lutim	lutni	lutin	lutja	lutje	lutte	lutnim	lutnit	lutnin	luta	lute	luti	lutëm	lutët	lutën	lutkam	lutke	lutka	lutkemi	lutkeni	lutkan	lutkësha	lutkëshe	lutkësh	lutkëshim	lutkëshit	lutkëshin	lut	lutni	lutur
lutem	lutem	lutesh	lutet	lutemi	luteni	luten	lutesha	luteshe	lutej	luteshim	luteshit	luteshin	-	-	-	-	-	-	-	-	-	-	-	-	-	-	-	-	-	-	lutu	lutuni	lutur
lyej	lyej	lyen	lyen	lyejmë	lyeni	lyejnë	lyeja	lyeje	lyente	lyenim	lyenit	lyenin	leva	leve	leu	lyem	lyet	lyen	lyekam	lyeke	lyeka	lyekemi	lyekeni	lyekan	lyekësha	lyekëshe	lyekej	lyekëshim	lyekëshit	lyekëshin	lyej	lyeni	lyer
lyp	lyp	lyp	lyp	lypim	lypni	lypin	lypja	lypje	lypte	lypnim	lypnit	lypnin	lypa	lype	lypi	lypëm	lypët	lypën	lypkam	lypke	lypka	lypkemi	lypkeni	lypkan	lypkësha	lypkëshe	lypkësh	lypkëshim	lypkëshit	lypkëshin	lyp	lypni	lypur
lë	lë	lë	lë	lëmë	lëni	lënë	lija	lije	linte	linim	linit	linin	lashë	le	la	lamë	latë	lanë	lënkam	lënke	lënka	lënkemi	lënkeni	lënkan	lënkësha	lënkëshe	lënkësh	lënkëshim	lënkëshit	lënkëshin	lër	lini	lënë
lëpij	lëpij	lëpin	lëpin	lëpijmë	lëpini	lëpijnë	lëpija	lëpije	lëpinte	lëpinim	lëpinit	lëpinin	lëpiva	lëpive	lëpiu	lëpimë	lëpitë	lëpinë	lëpikam	lëpike	lëpika	lëpikemi	lëpikeni	lëpikan	lëpikësha	lëpikëshe	lëpikësh	lëpikëshim	lëpikëshit	lëpikëshin	lëpi	lëpini	lëpirë
lëshohem	lëshohem	lëshohesh	lëshohet	lëshohemi	lëshoheni	lëshohen	lëshohesha	lëshoheshe	lëshohej	lëshoheshim	lëshoheshit	lëshoheshin	lëshova	lëshove	lëshoi	lëshuam	lëshuat	lëshuan	lëshuakam	lëshuake	lëshuaka	lëshuakemi	lëshuakeni	lëshuakan	lëshuakësha	lëshuakëshe	lëshuakësh	lëshuakëshim	lëshuakëshit	lëshuakëshin	lësho	lëshohuni	lëshuar
lëviz	lëviz	lëviz	lëviz	lëvizim	lëvizni	lëvizin	lëvizja	lëvizje	lëvizte	lëviznim	lëviznit	lëviznin	lëviza	lëvize	lëvizi	lëvizëm	lëvizët	lëvizën	lëvizkam	lëvizke	lëvizka	lëvizkemi	lëvizkeni	lëvizkan	lëvizkësha	lëvizkëshe	lëvizkësh	lëvizkëshim	lëvizkëshit	lëvizkëshin	lëviz	lëvizni	lëvizur
mahnit	mahnit	mahnit	mahnit	mahnitim	mahnitni	mahnitin	mahnitja	mahnitje	mahnitte	mahnitnim	mahnitnit	mahnitnin	mahnita	mahnite	mahniti	mahnitëm	mahnitët	mahnitën	mahnitkam	mahnitke	mahnitka	mahnitkemi	mahnitkeni	mahnitkan	mahnitkësha	mahnitkëshe	mahnitkësh	mahnitkëshim	mahnitkëshit	mahnitkëshin	mahnit	mahnitni	mahnitur
majm	majm	majm	majm	majmim	majmni	majmin	majmja	majmje	majmte	majmnim	majmnit	majmnin	majma	majme	majmi	majmëm	majmët	majmën	majmkam	majmke	majmka	majmkemi	majmkeni	majmkan	majmkësha	majmkëshe	majmkësh	majmkëshim	majmkëshit	majmkëshin	majm	majmni	majmur
mallëngjej	mallëngjej	mallëngjen	mallëngjen	mallëngjejmë	mallëngjeni	mallëngjejnë	mallëngjeja	mallëngjeje	mallëngjente	mallëngjenim	mallëngjenit	mallëngjenin	mallëngjeva	mallëngjeve	mallëngjeu	mallëngjyem	mallëngjyet	mallëngjyen	mallëngjyekam	mallëngjyeke	mallëngjyeka	mallëngjyekemi	mallëngjyekeni	mallëngjyekan	mallëngjyekësha	mallëngjyekëshe	mallëngjyekësh	mallëngjyekëshim	mallëngjyekëshit	mallëngjyekëshin	mallëngje	mallëngjeni	mallëngjyer
mardh	mardh	mardh	mardh	mardhim	mardhni	mardhin	mardhja	mardhje	mardhte	mardhnim	mardhnit	mardhnin	mardha	mardhe	mardhi	mardhëm	mardhët	mardhën	mardhkam	mardhke	mardhka	mardhkemi	mardhkeni	mardhkan	mardhkësha	mardhkëshe	mardhkësh	mardhkëshim	mardhkëshit	mardhkëshin	mardh	mardhni	mardhur
marr	marr	merr	merr	marrim	merrni	marrin	merrja	merrje	merrte	merrnim	merrnit	merrnin	mora	more	mori	morëm	morët	morën	marrkam	marrke	marrka	marrkemi	marrkeni	marrkan	marrkësha	marrkëshe	-	marrkëshim	marrkëshit	marrkëshin	merr	merrni	marrë
martohem	martohem	martohesh	martohet	martohemi	martoheni	martohen	martohesha	martoheshe	martohej	martoheshim	martoheshit	martoheshin	-	-	-	-	-	-	-	-	-	-	-	-	-	-	-	-	-	-	martohu	martohuni	martuar
mas	mas	mas	mas	masim	masni	masin	masja	masje	maste	masnim	masnit	masnin	mata	mate	mati	matëm	matët	matën	matkam	matke	matka	matkemi	matkeni	matkan	matkësha	matkëshe	matkësh	matkëshim	matkëshit	matkëshin	mas	masni	matur
masturbohem	masturbohem	masturbohesh	masturbohet	masturbohemi	masturboheni	masturbohen	masturbohesha	masturboheshe	masturbohej	masturboheshim	masturboheshit	masturboheshin	-	-	-	-	-	-	-	-	-	-	-	-	-	-	-	-	-	-	masturbohu	masturbohuni	masturbuar
mavijos	mavijos	mavijos	mavijos	mavijosim	mavijosni	mavijosin	mavijosja	mavijosje	mavijoste	mavijosnim	mavijosnit	mavijosnin	mavijosa	mavijose	mavijosi	mavijosëm	mavijosët	mavijosën	mavijoskam	mavijoske	mavijoska	mavijoskemi	mavijoskeni	mavijoskan	mavijoskësha	mavijoskëshe	mavijoskësh	mavijoskëshim	mavijoskëshit	mavijoskëshin	mavijos	mavijosni	mavijosur
mbahem	mbahem	mbahesh	mbahet	mbahemi	mbaheni	mbahen	mbahesha	mbaheshe	mbahej	mbaheshim	mbaheshit	mbaheshin	-	-	-	-	-	-	-	-	-	-	-	-	-	-	-	-	-	-	Mbahu!	Mbahuni!	mbajtur
mbaj	mbaj	mban	mban	mbajmë	mbani	mbajnë	mbaja	mbaje	mbante	mbanim	mbanit	mbanin	mbajta	mbajte	mbajti	mbajtëm	mbajtët	mbajtën	mbajtkam	mbajtke	mbajtka	mbajtkemi	mbajtkeni	mbajtkan	mbajtkësha	mbajtkëshe	mbajtkej	mbajtkëshim	mbajtkëshit	mbajtkëshin	Mbaj!	Mbani!	mbajtur
mbarohem	mbarohem	mbarohesh	mbarohet	mbarohemi	mbaroheni	mbarohen	mbarohesha	mbaroheshe	mbarohej	mbaroheshim	mbaroheshit	mbaroheshin	-	-	-	-	-	-	-	-	-	-	-	-	-	-	-	-	-	-	mbarohu	mbarohuni	mbaruar
mbart	mbart	mbart	mbart	mbartim	mbartni	mbartin	mbartja	mbartje	mbartte	mbartnim	mbartnit	mbartnin	mbarta	mbarte	mbarti	mbartëm	mbartët	mbartën	mbartkam	mbartke	mbartka	mbartkemi	mbartkeni	mbartkan	mbartkësha	mbartkëshe	mbartkësh	mbartkëshim	mbartkëshit	mbartkëshin	mbart	mbartni	mbartur
mbath	mbath	mbath	mbath	mbathim	mbathni	mbathin	mbathja	mbathje	mbathte	mbathnim	mbathnit	mbathnin	mbatha	mbathe	mbathi	mbathëm	mbathët	mbathën	mbathkam	mbathke	mbathka	mbathkemi	mbathkeni	mbathkan	mbathkësha	mbathkëshe	mbathkësh	mbathkëshim	mbathkëshit	mbathkëshin	mbath	mbathni	mbathur
mbet	mbet	mbet	mbet	mbetim	mbetni	mbetin	mbetja	mbetje	mbette	mbetnim	mbetnit	mbetnin	mbeta	mbete	mbeti	mbetëm	mbetët	mbetën	mbetkam	mbetke	mbetka	mbetkemi	mbetkeni	mbetkan	mbetkësha	mbetkëshe	mbetkësh	mbetkëshim	mbetkëshit	mbetkëshin	mbet	mbetni	mbetur
mbizotëroj	mbizoteroj	mbizoteron	mbizoteron	mbizoterojmë	mbizoteroni	mbizoterojnë	mbizoteroja	mbizoteroje	mbizoteronte	mbizoteronim	mbizoteronit	mbizoteronin	mbizoterova	mbizoterove	mbizoteroi	mbizoteruam	mbizoteruat	mbizoteruan	mbizoteruakam	mbizoteruake	mbizoteruaka	mbizoteruakemi	mbizoteruakeni	mbizoteruakan	mbizoteruakësha	mbizoteruakëshe	mbizoteruakësh	mbizoteruakëshim	mbizoteruakëshit	mbizoteruakëshin	mbizotero	mbizoteroni	mbizoteruar
mbjell	mbjell	mbjell	mbjell	mbjellim	mbillni	mbjellin	mbillja	mbillje	mbillte	mbillnim	mbillnit	mbillnin	mbolla	mbolle	mbolli	mbollëm	mbollët	mbollën	mbjellkam	mbjellke	mbjellka	mbjellkemi	mbjellkeni	mbjellkan	mbjellkësha	mbjellkëshe	mbjellkësh	mbjellkëshim	mbjellkëshit	mbjellkëshin	mbill	mbillni	mbjellë
mbledh	mbledh	mbledh	mbledh	mbledhim	mbledhni	mbledhin	mblidhja	mblidhje	mblidhte	mblidhnim	mblidhnit	mblidhnin	mblodha	mblodhe	mblodhi	mblodhëm	mblodhët	mblodhën	mbledhkam	mbledhke	mbledhka	mbledhkemi	mbledhkeni	mbledhkan	mbledhkësha	mbledhkëshe	mbledhkësh	mbledhkëshim	mbledhkëshit	mbledhkëshin	mblidh	mblidhni	mbledhur
mbodhis	mbodhis	mbodhis	mbodhis	mbodhisim	mbodhisni	mbodhisin	mbodhisja	mbodhisje	mbodhiste	mbodhisnim	mbodhisnit	mbodhisnin	mbodhisa	mbodhise	mbodhisi	mbodhisëm	mbodhisët	mbodhisën	mbodhiskam	mbodhiske	mbodhiska	mbodhiskemi	mbodhiskeni	mbodhiskan	mbodhiskësha	mbodhiskëshe	mbodhiskësh	mbodhiskëshim	mbodhiskëshit	mbodhiskëshin	mbodhis	mbodhisni	mbodhisur
mbreh	mbreh	mbreh	mbreh	mbrehim	mbrehni	mbrehin	mbrehja	mbrehje	mbrehte	mbrehnim	mbrehnit	mbrehnin	mbreha	mbrehe	mbrehu	mbrehëm	mbrehët	mbrehën	mbrehkam	mbrehke	mbrehka	mbrehkemi	mbrehkeni	mbrehkan	mbrehkësha	mbrehkëshe	mbrehkësh	mbrehkëshim	mbrehkëshit	mbrehkëshin	mbreh	mbrehni	mbrehur
mbroth	mbroth	mbroth	mbroth	mbrothim	mbrothni	mbrothin	mbrothja	mbrothje	mbrothte	mbrothnim	mbrothnit	mbrothnin	mbrotha	mbrothe	mbrothi	mbrothëm	mbrothët	mbrothën	mbrothkam	mbrothke	mbrothka	mbrothkemi	mbrothkeni	mbrothkan	mbrothkësha	mbrothkëshe	mbrothkësh	mbrothkëshim	mbrothkëshit	mbrothkëshin	mbroth	mbrothni	mbrothur
mbulohem	mbulohem	mbulohesh	mbulohet	mbulohemi	mbuloheni	mbulohen	mbulohesha	mbuloheshe	mbulohej	mbuloheshim	mbuloheshit	mbuloheshin	-	-	-	-	-	-	-	-	-	-	-	-	-	-	-	-	-	-	mbulohu	mbulohuni	mbuluar
mbush	mbush	mbush	mbush	mbushim	mbushni	mbushin	mbushja	mbushje	mbushte	mbushnim	mbushnit	mbushnin	mbusha	mbushe	mbushi	mbushëm	mbushët	mbushën	mbushkam	mbushke	mbushka	mbushkemi	mbushkeni	mbushkan	mbushkësha	mbushkëshe	mbushkësh	mbushkëshim	mbushkëshit	mbushkëshin	mbush	mbushni	mbushur
mbuz	mbuz	mbuz	mbuz	mbuzim	mbuzni	mbuzin	mbuzja	mbuzje	mbuzte	mbuznim	mbuznit	mbuznin	mbuza	mbuze	mbuzi	mbuzëm	mbuzët	mbuzën	mbuzkam	mbuzke	mbuzka	mbuzkemi	mbuzkeni	mbuzkan	mbuzkësha	mbuzkëshe	mbuzkësh	mbuzkëshim	mbuzkëshit	mbuzkëshin	mbuz	mbuzni	mbuzur
mbyll	mbyll	mbyll	mbyll	mbyllim	mbyllni	mbyllin	mbyllja	mbyllje	mbyllte	mbyllnim	mbyllnit	mbyllnin	mbylla	mbylle	mbylli	mbyllëm	mbyllët	mbyllën	mbyllkam	mbyllke	mbyllka	mbyllkemi	mbyllkeni	mbyllkan	mbyllkësha	mbyllkëshe	mbyllkësh	mbyllkëshim	mbyllkëshit	mbyllkëshin	mbyll	mbyllni	mbyllur
mbyt	mbytem	mbytesh	mbytet	mbytemi	mbyteni	mbyten	mbytesha	mbyteshe	mbyste	mbyteshim	mbyteshit	mbyteshin	mbyta	mbyte	mbyti	mbytëm	mbytët	mbytën	mbytkam	mbytke	mbytka	mbytkemi	mbytkeni	mbytkan	mbytkësha	mbytkëshe	-	mbytkëshim	mbytkëshit	mbytkëshin	mbyt	mbytni	mbytur
mbytem	mbytem	mbytesh	mbytet	mbytemi	mbyteni	mbyten	mbytesha	mbyteshe	mbyste	mbyteshim	mbyteshit	mbyteshin	mbyta	mbyte	mbyti	mbytëm	mbytët	mbytën	mbytkam	mbytke	mbytka	mbytkemi	mbytkeni	mbytkan	mbytkësha	mbytkëshe	-	mbytkëshim	mbytkëshit	mbytkëshin	mbyt	mbytni	mbytur
mbërthej	mbërthej	mbërthen	mbërthen	mbërthejmë	mbërtheni	mbërthejnë	mbërtheja	mbërtheje	mbërthente	mbërthenim	mbërthenit	mbërthenin	mbërtheva	mbërtheve	mbërtheu	mbërthyem	mbërthyet	mbërthyen	mbërthyekam	mbërthyeke	mbërthyeka	mbërthyekemi	mbërthyekeni	mbërthyekan	mbërthyekësha	mbërthyekëshe	mbërthyekësh	mbërthyekëshim	mbërthyekëshit	mbërthyekëshin	mbërthe	mbërtheni	mbërthyer
mbështet	mbështet	mbështet	mbështet	mbështetim	mbështetni	mbështetin	mbështetja	mbështetje	mbështette	mbështetnim	mbështetnit	mbështetnin	mbështeta	mbështete	mbështeti	mbështetëm	mbështetët	mbështetën	mbështetkam	mbështetke	mbështetka	mbështetkemi	mbështetkeni	mbështetkan	mbështetkësha	mbështetkëshe	mbështetkësh	mbështetkëshim	mbështetkëshit	mbështetkëshin	mbështet	mbështetni	mbështetur
mbështjell	mbështjell	mbështjell	mbështjell	mbështjellim	mbështillni	mbështjellin	mbështillja	mbështillje	mbështillte	mbështillnim	mbështillnit	mbështillnin	mbështolla	mbështolle	mbështolli	mbështollëm	mbështollët	mbështollën	mbështjellkam	mbështjellke	mbështjellka	mbështjellkemi	mbështjellkeni	mbështjellkan	mbështjellkësha	mbështjellkëshe	mbështjellkej	mbështjellkëshim	mbështjellkëshit	mbështjellkëshin	mbështill	mbështillni	mbështjellë
merrem	merrem	merresh	merret	merremi	merreni	merren	merresha	merreshe	-	merreshim	merreshit	merreshin	-	-	-	-	-	-	-	-	-	-	-	-	-	-	-	-	-	-	-	-	marrë
mih	mih	mih	mih	mihim	mihni	mihin	mihja	mihje	mihte	mihnim	mihnit	mihnin	miha	mihe	mihi	mihëm	mihët	mihën	mihkam	mihke	mihka	mihkemi	mihkeni	mihkan	mihkësha	mihkëshe	mihkësh	mihkëshim	mihkëshit	mihkëshin	mih	mihni	mihur
miqësohem	miqësohem	miqësohesh	miqësohet	miqësohemi	miqësoheni	miqësohen	miqësohesha	miqësoheshe	miqësohej	miqësoheshim	miqësoheshit	miqësoheshin	-	-	-	-	-	-	-	-	-	-	-	-	-	-	-	-	-	-	miqësohu	miqësohuni	miqësuar
mjel	mjel	mjel	mjel	mjelim	milni	mjelin	milja	milje	milte	milnim	milnit	milnin	mola	mole	moli	molëm	molët	molën	mjelkam	mjelke	mjelka	mjelkemi	mjelkeni	mjelkan	mjelkësha	mjelkëshe	mjelkësh	mjelkëshim	mjelkëshit	mjelkëshin	mil	milni	mjelë
molis	molis	molis	molis	molisim	molisni	molisin	molisja	molisje	moliste	molisnim	molisnit	molisnin	molisa	molise	molisi	molisëm	molisët	molisën	moliskam	moliske	moliska	moliskemi	moliskeni	moliskan	moliskësha	moliskëshe	moliskësh	moliskëshim	moliskëshit	moliskëshin	molis	molisni	molisur
motivohem	motivohem	motivohesh	motivohet	motivohemi	motivoheni	motivohen	motivohesha	motivoheshe	motivohej	motivoheshim	motivoheshit	motivoheshin	motivova	motivove	motivoi	motivuam	motivuat	motivuan	motivuakam	motivuake	motivuaka	motivuakemi	motivuakeni	motivuakan	motivuakësha	motivuakëshe	motivuakësh	motivuakëshim	motivuakëshit	motivuakëshin	motivo	motivohuni	motivuar
mpak	mpak	mpak	mpak	mpakim	mpakni	mpakin	mpakja	mpakje	mpakte	mpaknim	mpaknit	mpaknin	mpaka	mpake	mpaku	mpakëm	mpakët	mpakën	mpakkam	mpakke	mpakka	mpakkemi	mpakkeni	mpakkan	mpakkësha	mpakkëshe	mpakkësh	mpakkëshim	mpakkëshit	mpakkëshin	mpak	mpakni	mpakur
mpij	mpij	mpin	mpin	mpijmë	mpini	mpijnë	mpija	mpije	mpinte	mpinim	mpinit	mpinin	mpiva	mpive	mpiu	mpimë	mpitë	mpinë	mpikam	mpike	mpika	mpikemi	mpikeni	mpikan	mpikësha	mpikëshe	mpikësh	mpikëshim	mpikëshit	mpikëshin	mpi	mpini	mpirë
mpiks	mpiks	mpiks	mpiks	mpiksim	mpiksni	mpiksin	mpiksja	mpiksje	mpikste	mpiksnim	mpiksnit	mpiksnin	mpiksa	mpikse	mpiksi	mpiksëm	mpiksët	mpiksën	mpikskam	mpikske	mpikska	mpikskemi	mpikskeni	mpikskan	mpikskësha	mpikskëshe	mpikskësh	mpikskëshim	mpikskëshit	mpikskëshin	mpiks	mpiksni	mpiksur
mpreh	mpreh	mpreh	mpreh	mprehim	mprehni	mprehin	mprehja	mprehje	mprehte	mprehnim	mprehnit	mprehnin	mpreha	mprehe	mprehu	mprehëm	mprehët	mprehën	mprehkam	mprehke	mprehka	mprehkemi	mprehkeni	mprehkan	mprehkësha	mprehkëshe	mprehkësh	mprehkëshim	mprehkëshit	mprehkëshin	mpreh	mprehni	mprehur
mund	mund	mund	mund	mundim	mundni	mundin	mundja	mundje	mundte	mundnim	mundnit	mundnin	munda	munde	mundi	mundëm	mundët	mundën	mundkam	mundke	mundka	mundkemi	mundkeni	mundkan	mundkësha	mundkëshe	mundkësh	mundkëshim	mundkëshit	mundkëshin	mund	mundni	mundur
mundem	mundem	mundesh	mundet	mundemi	mundeni	munden	mundesha	mundeshe	mundej	mundeshim	mundeshit	mundeshin	-	-	-	-	-	-	-	-	-	-	-	-	-	-	-	-	-	-	mundu	munduni	mundur
mushtëkohem	mushtëkohem	mushtëkohesh	mushtëkohet	mushtëkohemi	mushtëkoheni	mushtëkohen	mushtëkohesha	mushtëkoheshe	mushtëkohej	mushtëkoheshim	mushtëkoheshit	mushtëkoheshin	-	-	-	-	-	-	-	-	-	-	-	-	-	-	-	-	-	-	mushtëkohu	mushtëkohuni	mushtëkuar
mëkëmb	mëkëmb	mëkëmb	mëkëmb	mëkëmbim	mëkëmbni	mëkëmbin	mëkëmbja	mëkëmbje	mëkëmbte	mëkëmbnim	mëkëmbnit	mëkëmbnin	mëkëmba	mëkëmbe	mëkëmbi	mëkëmbëm	mëkëmbët	mëkëmbën	mëkëmbkam	mëkëmbke	mëkëmbka	mëkëmbkemi	mëkëmbkeni	mëkëmbkan	mëkëmbkësha	mëkëmbkëshe	mëkëmbkësh	mëkëmbkëshim	mëkëmbkëshit	mëkëmbkëshin	mëkëmb	mëkëmbni	mëkëmbur
mëldis	mëldis	mëldis	mëldis	mëldisim	mëldisni	mëldisin	mëldisja	mëldisje	mëldiste	mëldisnim	mëldisnit	mëldisnin	mëldisa	mëldise	mëldisi	mëldisëm	mëldisët	mëldisën	mëldiskam	mëldiske	mëldiska	mëldiskemi	mëldiskeni	mëldiskan	mëldiskësha	mëldiskëshe	mëldiskësh	mëldiskëshim	mëldiskëshit	mëldiskëshin	mëldis	mëldisni	mëldisur
mënd	mënd	mënd	mënd	mëndim	mëndni	mëndin	mëndja	mëndje	mëndte	mëndnim	mëndnit	mëndnin	mënda	mënde	mëndi	mëndëm	mëndët	mëndën	mëndkam	mëndke	mëndka	mëndkemi	mëndkeni	mëndkan	mëndkësha	mëndkëshe	mëndkësh	mëndkëshim	mëndkëshit	mëndkëshin	mënd	mëndni	mëndur
mërej	mërej	mëren	mëren	mërejmë	mëreni	mërejnë	mëreja	mëreje	mërente	mërenim	mërenit	mërenin	mëreva	mëreve	mëreu	mëryem	mëryet	mëryen	mëryekam	mëryeke	mëryeka	mëryekemi	mëryekeni	mëryekan	mëryekësha	mëryekëshe	mëryekësh	mëryekëshim	mëryekëshit	mëryekëshin	mëre	mëreni	mëryer
mërmërit	mërmërit	mërmërit	mërmërit	mërmëritim	mërmëritni	mërmëritin	mërmëritja	mërmëritje	mërmëritte	mërmëritnim	mërmëritnit	mërmëritnin	mërmërita	mërmërite	mërmëriti	mërmëritëm	mërmëritët	mërmëritën	mërmëritkam	mërmëritke	mërmëritka	mërmëritkemi	mërmëritkeni	mërmëritkan	mërmëritkësha	mërmëritkëshe	mërmëritkësh	mërmëritkëshim	mërmëritkëshit	mërmëritkëshin	mërmërit	mërmëritni	mërmëritur
mërsej	mërsej	mërsen	mërsen	mërsejmë	mërseni	mërsejnë	mërseja	mërseje	mërsente	mërsenim	mërsenit	mërsenin	mërseva	mërseve	mërseu	mërsyem	mërsyet	mërsyen	mërsyekam	mërsyeke	mërsyeka	mërsyekemi	mërsyekeni	mërsyekan	mërsyekësha	mërsyekëshe	mërsyekësh	mërsyekëshim	mërsyekëshit	mërsyekëshin	mërse	mërseni	mërsyer
mërzej	mërzej	mërzen	mërzen	mërzejmë	mërzeni	mërzejnë	mërzeja	mërzeje	mërzente	mërzenim	mërzenit	mërzenin	mërzeva	mërzeve	mërzeu	mërzyem	mërzyet	mërzyen	mërzyekam	mërzyeke	mërzyeka	mërzyekemi	mërzyekeni	mërzyekan	mërzyekësha	mërzyekëshe	mërzyekësh	mërzyekëshim	mërzyekëshit	mërzyekëshin	mërze	mërzeni	mërzyer
mërzit	mërzit	mërzit	mërzit	mërzitim	mërzitni	mërzitin	mërzitja	mërzitje	mërzitte	mërzitnim	mërzitnit	mërzitnin	mërzita	mërzite	mërziti	mërzitëm	mërzitët	mërzitën	mërzitkam	mërzitke	mërzitka	mërzitkemi	mërzitkeni	mërzitkan	mërzitkësha	mërzitkëshe	mërzitkësh	mërzitkëshim	mërzitkëshit	mërzitkëshin	mërzit	mërzitni	mërzitur
mësohem	mësohem	mësohesh	mësohet	mësohemi	mësoheni	mësohen	mësohesha	mësoheshe	mësohej	mësoheshim	mësoheshit	mësoheshin	-	-	-	-	-	-	-	-	-	-	-	-	-	-	-	-	-	-	mësohu	mësohuni	mësuar
narth	narth	narth	narth	narthim	narthni	narthin	narthja	narthje	narthte	narthnim	narthnit	narthnin	nartha	narthe	narthnarth	narthëm	narthët	narthën	narthkam	narthke	narthka	narthkemi	narthkeni	narthkan	narthkësha	narthkëshe	narthkësh	narthkëshim	narthkëshit	narthkëshin	narth	narthni	narthur
ndaj	ndaj	ndan	ndan	ndajmë	ndani	ndajnë	ndaja	ndaje	ndante	ndanim	ndanit	ndanin	ndava	ndave	ndau	ndamë	ndatë	ndanë	ndakam	ndake	ndaka	ndakemi	ndakeni	ndakan	ndakësha	ndakëshe	ndakësh	ndakëshim	ndakëshit	ndakëshin	ndaj	ndani	ndarë
ndal	ndal	ndal	ndal	ndalim	ndalni	ndalin	ndalja	ndalje	ndalte	ndalnim	ndalnit	ndalnin	ndala	ndale	ndali	ndalëm	ndalët	ndalën	ndalkam	ndalke	ndalka	ndalkemi	ndalkeni	ndalkan	ndalkësha	ndalkëshe	ndalkësh	ndalkëshim	ndalkëshit	ndalkëshin	ndal	ndalni	ndalur
ndalem	ndalem	ndalesh	ndalet	ndalemi	ndaleni	ndalen	ndalesha	ndaleshe	ndalej	ndaleshim	ndaleshit	ndaleshin	-	-	-	-	-	-	-	-	-	-	-	-	-	-	-	-	-	-	ndalu	ndaluni	ndalur
ndalohem	ndalohem	ndalohesh	ndalohet	ndalohemi	ndaloheni	ndalohen	ndalohesha	ndaloheshe	ndalohej	ndaloheshim	ndaloheshit	ndaloheshin	-	-	-	-	-	-	-	-	-	-	-	-	-	-	-	-	-	-	ndalohu	ndalohuni	ndaluar
nderohem	nderohem	nderohesh	nderohet	nderohemi	nderoheni	nderohen	nderohesha	nderoheshe	nderohej	nderoheshim	nderoheshit	nderoheshin	-	-	-	-	-	-	-	-	-	-	-	-	-	-	-	-	-	-	nderohu	nderohuni	nderuar
ndesh	ndesh	ndesh	ndesh	ndeshim	ndeshni	ndeshin	ndeshja	ndeshje	ndeshte	ndeshnim	ndeshnit	ndeshnin	ndesha	ndeshe	ndeshi	ndeshëm	ndeshët	ndeshën	ndeshkam	ndeshke	ndeshka	ndeshkemi	ndeshkeni	ndeshkan	ndeshkësha	ndeshkëshe	ndeshkësh	ndeshkëshim	ndeshkëshit	ndeshkëshin	ndesh	ndeshni	ndeshur
ndiej	ndiej	ndien	ndien	ndiejmë	ndieni	ndiejnë	ndieja	ndieje	ndiente	ndienim	ndienit	ndienin	ndjeva	ndjeve	ndjeu	ndiem	ndiet	ndien	ndiekam	ndieke	ndieka	ndiekemi	ndiekeni	ndiekan	ndiekësha	ndiekëshe	ndiekej	ndiekëshim	ndiekëshit	ndiekëshin	Ndiej!	Ndieni!	ndier
ndih	ndih	ndih	ndih	ndihim	ndihni	ndihin	ndihja	ndihje	ndihte	ndihnim	ndihnit	ndihnin	ndiha	ndihe	ndihi	ndihëm	ndihët	ndihën	ndihkam	ndihke	ndihka	ndihkemi	ndihkeni	ndihkan	ndihkësha	ndihkëshe	ndihkësh	ndihkëshim	ndihkëshit	ndihkëshin	ndih	ndihni	ndihur
ndihem	ndihem	ndihesh	ndihet	ndihemi	ndiheni	ndihen	ndihesha	ndiheshe	ndihej	ndiheshim	ndiheshit	ndiheshin	-	-	-	-	-	-	-	-	-	-	-	-	-	-	-	-	-	-	Ndihu!	Ndihuni!	ndier
ndjek	ndjek	ndjek	ndjek	ndjekim	ndiqni	ndjekin	ndiqja	ndiqje	ndiqte	ndiqnim	ndiqnit	ndiqnin	ndoqa	ndoqe	ndoqi	ndoqëm	ndoqët	ndoqën	ndjekkam	ndjekke	ndjekka	ndjekkemi	ndjekkeni	ndjekkan	ndjekkësha	ndjekkëshe	ndjekkësh	ndjekkëshim	ndjekkëshit	ndjekkëshin	ndiq	ndiqni	ndjekur
ndjell	ndjell	ndjell	ndjell	ndjellim	ndillni	ndjellin	ndillja	ndillje	ndillte	ndillnim	ndillnit	ndillnin	ndolla	ndolle	ndolli	ndollëm	ndollët	ndollën	ndjellkam	ndjellke	ndjellka	ndjellkemi	ndjellkeni	ndjellkan	ndjellkësha	ndjellkëshe	ndjellkësh	ndjellkëshim	ndjellkëshit	ndjellkëshin	ndill	ndillni	ndjellur
ndodh	ndodh	ndodh	ndodh	ndodhim	ndodhni	ndodhin	ndodhja	ndodhje	ndodhte	ndodhnim	ndodhnit	ndodhnin	ndodha	ndodhe	ndodhi	ndodhëm	ndodhët	ndodhën	ndodhkam	ndodhke	ndodhka	ndodhkemi	ndodhkeni	ndodhkan	ndodhkësha	ndodhkëshe	ndodhkësh	ndodhkëshim	ndodhkëshit	ndodhkëshin	ndodh	ndodhni	ndodhur
ndot	ndot	ndot	ndot	ndotim	ndotni	ndotin	ndotja	ndotje	ndotte	ndotnim	ndotnit	ndotnin	ndota	ndote	ndotndot	ndotëm	ndotët	ndotën	ndotkam	ndotke	ndotka	ndotkemi	ndotkeni	ndotkan	ndotkësha	ndotkëshe	ndotkësh	ndotkëshim	ndotkëshit	ndotkëshin	ndot	ndotni	ndotur
ndrag	ndrag	ndrag	ndrag	ndragim	ndragni	ndragin	ndragja	ndragje	ndragte	ndragnim	ndragnit	ndragnin	ndraga	ndrage	ndragi	ndragëm	ndragët	ndragën	ndragkam	ndragke	ndragka	ndragkemi	ndragkeni	ndragkan	ndragkësha	ndragkëshe	ndragkësh	ndragkëshim	ndragkëshit	ndragkëshin	ndrag	ndragni	ndragur
ndreq	ndreq	ndreq	ndreq	ndreqim	ndreqni	ndreqin	ndreqja	ndreqje	ndreqte	ndreqnim	ndreqnit	ndreqnin	ndreqa	ndreqe	ndreqndreq	ndreqëm	ndreqët	ndreqën	ndreqkam	ndreqke	ndreqka	ndreqkemi	ndreqkeni	ndreqkan	ndreqkësha	ndreqkëshe	ndreqkësh	ndreqkëshim	ndreqkëshit	ndreqkëshin	ndreq	ndreqni	ndrequr
ndrydh	ndrydh	ndrydh	ndrydh	ndrydhim	ndrydhni	ndrydhin	ndrydhja	ndrydhje	ndrydhte	ndrydhnim	ndrydhnit	ndrydhnin	ndrydha	ndrydhe	ndrydhi	ndrydhëm	ndrydhët	ndrydhën	ndrydhkam	ndrydhke	ndrydhka	ndrydhkemi	ndrydhkeni	ndrydhkan	ndrydhkësha	ndrydhkëshe	ndrydhkësh	ndrydhkëshim	ndrydhkëshit	ndrydhkëshin	ndrydh	ndrydhni	ndrydhur
ndrys	ndrys	ndrys	ndrys	ndrysim	ndrysni	ndrysin	ndrysja	ndrysje	ndryste	ndrysnim	ndrysnit	ndrysnin	ndrysa	ndryse	ndrysi	ndrysëm	ndrysët	ndrysën	ndryskam	ndryske	ndryska	ndryskemi	ndryskeni	ndryskan	ndryskësha	ndryskëshe	ndryskësh	ndryskëshim	ndryskëshit	ndryskëshin	ndrys	ndrysni	ndrysur
ndryshohem	ndryshohem	ndryshohesh	ndryshohet	ndryshohemi	ndryshoheni	ndryshohen	ndryshohesha	ndryshoheshe	ndryshohej	ndryshoheshim	ndryshoheshit	ndryshoheshin	-	-	-	-	-	-	-	-	-	-	-	-	-	-	-	-	-	-	ndryshohu	ndryshohuni	ndryshuar
nduk	nduk	nduk	nduk	ndukim	ndukni	ndukin	ndukja	ndukje	ndukte	nduknim	nduknit	nduknin	nduka	nduke	nduki	ndukëm	ndukët	ndukën	ndukkam	ndukke	ndukka	ndukkemi	ndukkeni	ndukkan	ndukkësha	ndukkëshe	ndukkësh	ndukkëshim	ndukkëshit	ndukkëshin	nduk	ndukni	ndukur
ndërsej	ndërsej	ndërsen	ndërsen	ndërsejmë	ndërseni	ndërsejnë	ndërseja	ndërseje	ndërsente	ndërsenim	ndërsenit	ndërsenin	ndërseva	ndërseve	ndërseu	ndërsyem	ndërsyet	ndërsyen	ndërsyekam	ndërsyeke	ndërsyeka	ndërsyekemi	ndërsyekeni	ndërsyekan	ndërsyekësha	ndërsyekëshe	ndërsyekësh	ndërsyekëshim	ndërsyekëshit	ndërsyekëshin	ndërse	ndërseni	ndërsyer
neverit	neverit	neverit	neverit	neveritim	neveritni	neveritin	neveritja	neveritje	neveritte	neveritnim	neveritnit	neveritnin	neverita	neverite	neveriti	neveritëm	neveritët	neveritën	neveritkam	neveritke	neveritka	neveritkemi	neveritkeni	neveritkan	neveritkësha	neveritkëshe	neveritkësh	neveritkëshim	neveritkëshit	neveritkëshin	neverit	neveritni	neveritur
ngadhënjej	ngadhënjej	ngadhënjen	ngadhënjen	ngadhënjejmë	ngadhënjeni	ngadhënjejnë	ngadhënjeja	ngadhënjeje	ngadhënjente	ngadhënjenim	ngadhënjenit	ngadhënjenin	ngadhënjeva	ngadhënjeve	ngadhënjeu	ngadhënjyem	ngadhënjyet	ngadhënjyen	ngadhënjyekam	ngadhënjyeke	ngadhënjyeka	ngadhënjyekemi	ngadhënjyekeni	ngadhënjyekan	ngadhënjyekësha	ngadhënjyekëshe	ngadhënjyekësh	ngadhënjyekëshim	ngadhënjyekëshit	ngadhënjyekëshin	ngadhënje	ngadhënjeni	ngadhënjyer
ngalem	ngalem	ngalesh	ngalet	ngalemi	ngaleni	ngalen	ngalesha	ngaleshe	ngalej	ngaleshim	ngaleshit	ngaleshin	-	-	-	-	-	-	-	-	-	-	-	-	-	-	-	-	-	-	ngalu	ngaluni	ngalur
ngallit	ngallit	ngallit	ngallit	ngallitim	ngallitni	ngallitin	ngallitja	ngallitje	ngallitte	ngallitnim	ngallitnit	ngallitnin	ngallita	ngallite	ngalliti	ngallitëm	ngallitët	ngallitën	ngallitkam	ngallitke	ngallitka	ngallitkemi	ngallitkeni	ngallitkan	ngallitkësha	ngallitkëshe	ngallitkësh	ngallitkëshim	ngallitkëshit	ngallitkëshin	ngallit	ngallitni	ngallitur
ngath	ngath	ngath	ngath	ngathim	ngathni	ngathin	ngathja	ngathje	ngathte	ngathnim	ngathnit	ngathnin	ngatha	ngathe	ngathi	ngathëm	ngathët	ngathën	ngathkam	ngathke	ngathka	ngathkemi	ngathkeni	ngathkan	ngathkësha	ngathkëshe	ngathkësh	ngathkëshim	ngathkëshit	ngathkëshin	ngath	ngathni	ngathur
ngec	ngec	ngec	ngec	ngecim	ngecni	ngecin	ngecja	ngecje	ngecte	ngecnim	ngecnit	ngecnin	ngeca	ngece	ngeci	ngecëm	ngecët	ngecën	ngeckam	ngecke	ngecka	ngeckemi	ngeckeni	ngeckan	ngeckësha	ngeckëshe	ngeckësh	ngeckëshim	ngeckëshit	ngeckëshin	ngec	ngecni	ngecur
ngel	ngel	ngel	ngel	ngelim	ngelni	ngelin	ngelja	ngelje	ngelte	ngelnim	ngelnit	ngelnin	ngela	ngele	ngelngel	ngelëm	ngelët	ngelën	ngelkam	ngelke	ngelka	ngelkemi	ngelkeni	ngelkan	ngelkësha	ngelkëshe	ngelkësh	ngelkëshim	ngelkëshit	ngelkëshin	ngel	ngelni	ngelur
ngjall	ngjall	ngjall	ngjall	ngjallim	ngjallni	ngjallin	ngjallja	ngjallje	ngjallte	ngjallnim	ngjallnit	ngjallnin	ngjalla	ngjalle	ngjalli	ngjallëm	ngjallët	ngjallën	ngjallkam	ngjallke	ngjallka	ngjallkemi	ngjallkeni	ngjallkan	ngjallkësha	ngjallkëshe	ngjallkësh	ngjallkëshim	ngjallkëshit	ngjallkëshin	ngjall	ngjallni	ngjallur
ngjesh	ngjesh	ngjesh	ngjesh	ngjeshim	ngjeshni	ngjeshin	ngjeshja	ngjeshje	ngjeshte	ngjeshnim	ngjeshnit	ngjeshnin	ngjesha	ngjeshe	ngjeshi	ngjeshëm	ngjeshët	ngjeshën	ngjeshkam	ngjeshke	ngjeshka	ngjeshkemi	ngjeshkeni	ngjeshkan	ngjeshkësha	ngjeshkëshe	ngjeshkësh	ngjeshkëshim	ngjeshkëshit	ngjeshkëshin	ngjesh	ngjeshni	ngjeshur
ngjit	ngjit	ngjit	ngjit	ngjitim	ngjitni	ngjitin	ngjitja	ngjitje	ngjitte	ngjitnim	ngjitnit	ngjitnin	ngjita	ngjite	ngjiti	ngjitëm	ngjitët	ngjitën	ngjitkam	ngjitke	ngjitka	ngjitkemi	ngjitkeni	ngjitkan	ngjitkësha	ngjitkëshe	ngjitkësh	ngjitkëshim	ngjitkëshit	ngjitkëshin	ngjit	ngjitni	ngjitur
ngjitem	ngjitem	ngjitesh	ngjitet	ngjitemi	ngjiteni	ngjiten	ngjitesha	ngjiteshe	ngjitej	ngjiteshim	ngjiteshit	ngjiteshin	-	-	-	-	-	-	-	-	-	-	-	-	-	-	-	-	-	-	ngjitu	ngjituni	ngjituar
ngjok	ngjok	ngjok	ngjok	ngjokim	ngjokni	ngjokin	ngjokja	ngjokje	ngjokte	ngjoknim	ngjoknit	ngjoknin	ngjoka	ngjoke	ngjoku	ngjokëm	ngjokët	ngjokën	ngjokkam	ngjokke	ngjokka	ngjokkemi	ngjokkeni	ngjokkan	ngjokkësha	ngjokkëshe	ngjokkësh	ngjokkëshim	ngjokkëshit	ngjokkëshin	ngjok	ngjokni	ngjokur
ngjyej	ngjyej	ngjyen	ngjyen	ngjyejmë	ngjyeni	ngjyejnë	ngjyeja	ngjyeje	ngjyente	ngjyenim	ngjyenit	ngjyenin	ngjeva	ngjeve	ngjeu	ngjyem	ngjyet	ngjyen	ngjyekam	ngjyeke	ngjyeka	ngjyekemi	ngjyekeni	ngjyekan	ngjyekësha	ngjyekëshe	ngjyekësh	ngjyekëshim	ngjyekëshit	ngjyekëshin	ngjye	ngjyeni	ngjyer
ngop	ngop	ngop	ngop	ngopim	ngopni	ngopin	ngopja	ngopje	ngopte	ngopnim	ngopnit	ngopnin	ngopa	ngope	ngopi	ngopëm	ngopët	ngopën	ngopkam	ngopke	ngopka	ngopkemi	ngopkeni	ngopkan	ngopkësha	ngopkëshe	ngopkësh	ngopkëshim	ngopkëshit	ngopkëshin	ngop	ngopni	ngopur
ngordh	ngordh	ngordh	ngordh	ngordhim	ngordhni	ngordhin	ngordhja	ngordhje	ngordhte	ngordhnim	ngordhnit	ngordhnin	ngordha	ngordhe	ngordhi	ngordhëm	ngordhët	ngordhën	ngordhkam	ngordhke	ngordhka	ngordhkemi	ngordhkeni	ngordhkan	ngordhkësha	ngordhkëshe	ngordhkësh	ngordhkëshim	ngordhkëshit	ngordhkëshin	ngordh	ngordhni	ngordhur
ngre	ngre	ngre	ngre	ngremë	ngrini	ngrenë	ngrija	ngrije	ngrinte	ngrinim	ngrinit	ngrinin	ngrita	ngrite	ngriti	ngritëm	ngritët	ngritën	ngritkam	ngritke	ngritka	ngritkemi	ngritkeni	ngritkan	ngritkësha	ngritkëshe	ngritkësh	ngritkëshim	ngritkëshit	ngritkëshin	ngri	ngrini	ngritur
ngredh	ngredh	ngredh	ngredh	ngredhim	ngredhni	ngredhin	ngredhja	ngredhje	ngredhte	ngredhnim	ngredhnit	ngredhnin	ngredha	ngredhe	ngredhi	ngredhëm	ngredhët	ngredhën	ngredhkam	ngredhke	ngredhka	ngredhkemi	ngredhkeni	ngredhkan	ngredhkësha	ngredhkëshe	ngredhkësh	ngredhkëshim	ngredhkëshit	ngredhkëshin	ngredh	ngredhni	ngredhur
ngrihem	ngrihem	ngrihesh	ngrihet	ngrihemi	ngriheni	ngrihen	ngrihesha	ngriheshe	ngrihesh	ngriheshim	ngriheshit	ngriheshin	-	-	-	-	-	-	-	-	-	-	-	-	-	-	-	-	-	-	ngrihu	ngrihuni	ngritur
ngrij	ngrij	ngrin	ngrin	ngrijmë	ngrini	ngrijnë	ngrija	ngrije	ngrinte	ngrinim	ngrinit	ngrinin	ngriva	ngrive	ngriu	ngrimë	ngritë	ngrinë	ngrikam	ngrike	ngrika	ngrikemi	ngrikeni	ngrikan	ngrikësha	ngrikëshe	ngrikësh	ngrikëshim	ngrikëshit	ngrikëshin	ngri	ngrini	ngrirë
ngroh	ngroh	ngroh	ngroh	ngrohim	ngrohni	ngrohin	ngrohja	ngrohje	ngrohte	ngrohnim	ngrohnit	ngrohnin	ngroha	ngrohe	ngrohu	ngrohëm	ngrohët	ngrohën	ngrohkam	ngrohke	ngrohka	ngrohkemi	ngrohkeni	ngrohkan	ngrohkësha	ngrohkëshe	ngrohkësh	ngrohkëshim	ngrohkëshit	ngrohkëshin	ngroh	ngrohni	ngrohur
ngrydh	ngrydh	ngrydh	ngrydh	ngrydhim	ngrydhni	ngrydhin	ngrydhja	ngrydhje	ngrydhte	ngrydhnim	ngrydhnit	ngrydhnin	ngrydha	ngrydhe	ngrydhi	ngrydhëm	ngrydhët	ngrydhën	ngrydhkam	ngrydhke	ngrydhka	ngrydhkemi	ngrydhkeni	ngrydhkan	ngrydhkësha	ngrydhkëshe	ngrydhkësh	ngrydhkëshim	ngrydhkëshit	ngrydhkëshin	ngrydh	ngrydhni	ngrydhur
ngrys	ngrys	ngrys	ngrys	ngrysim	ngrysni	ngrysin	ngrysja	ngrysje	ngryste	ngrysnim	ngrysnit	ngrysnin	ngrysa	ngryse	ngrysi	ngrysëm	ngrysët	ngrysën	ngryskam	ngryske	ngryska	ngryskemi	ngryskeni	ngryskan	ngryskësha	ngryskëshe	ngryskësh	ngryskëshim	ngryskëshit	ngryskëshin	ngrys	ngrysni	ngrysur
ngush	ngush	ngush	ngush	ngushim	ngushni	ngushin	ngushja	ngushje	ngushte	ngushnim	ngushnit	ngushnin	ngusha	ngushe	ngushi	ngushëm	ngushët	ngushën	ngushkam	ngushke	ngushka	ngushkemi	ngushkeni	ngushkan	ngushkësha	ngushkëshe	ngushkësh	ngushkëshim	ngushkëshit	ngushkëshin	ngush	ngushni	ngushur
ngut	ngut	ngut	ngut	ngutim	ngutni	ngutin	ngutja	ngutje	ngutte	ngutnim	ngutnit	ngutnin	nguta	ngute	nguti	ngutëm	ngutët	ngutën	ngutkam	ngutke	ngutka	ngutkemi	ngutkeni	ngutkan	ngutkësha	ngutkëshe	ngutkësh	ngutkëshim	ngutkëshit	ngutkëshin	ngut	ngutni	ngutur
ngërdhej	ngërdhej	ngërdhen	ngërdhen	ngërdhejmë	ngërdheni	ngërdhejnë	ngërdheja	ngërdheje	ngërdhente	ngërdhenim	ngërdhenit	ngërdhenin	ngërdheva	ngërdheve	ngërdheu	ngërdhyem	ngërdhyet	ngërdhyen	ngërdhyekam	ngërdhyeke	ngërdhyeka	ngërdhyekemi	ngërdhyekeni	ngërdhyekan	ngërdhyekësha	ngërdhyekëshe	ngërdhyekësh	ngërdhyekëshim	ngërdhyekëshit	ngërdhyekëshin	ngërdhe	ngërdheni	ngërdhyer
ngërdhesh	ngërdhesh	ngërdhesh	ngërdhesh	ngërdheshim	ngërdheshni	ngërdheshin	ngërdheshja	ngërdheshje	ngërdheshte	ngërdheshnim	ngërdheshnit	ngërdheshnin	ngërdhesha	ngërdheshe	ngërdheshi	ngërdheshëm	ngërdheshët	ngërdheshën	ngërdheshkam	ngërdheshke	ngërdheshka	ngërdheshkemi	ngërdheshkeni	ngërdheshkan	ngërdheshkësha	ngërdheshkëshe	ngërdheshkësh	ngërdheshkëshim	ngërdheshkëshit	ngërdheshkëshin	ngërdhesh	ngërdheshni	ngërdheshur
ngërthej	ngërthej	ngërthen	ngërthen	ngërthejmë	ngërtheni	ngërthejnë	ngërtheja	ngërtheje	ngërthente	ngërthenim	ngërthenit	ngërthenin	ngërtheva	ngërtheve	ngërtheu	ngërthyem	ngërthyet	ngërthyen	ngërthyekam	ngërthyeke	ngërthyeka	ngërthyekemi	ngërthyekeni	ngërthyekan	ngërthyekësha	ngërthyekëshe	ngërthyekësh	ngërthyekëshim	ngërthyekëshit	ngërthyekëshin	ngërthe	ngërtheni	ngërthyer
njeh	njeh	njeh	njeh	njehim	njehni	njehin	njehja	njehje	njehte	njehnim	njehnit	njehnin	njeha	njehe	njehu	njehëm	njehët	njehën	njehkam	njehke	njehka	njehkemi	njehkeni	njehkan	njehkësha	njehkëshe	njehkësh	njehkëshim	njehkëshit	njehkëshin	njeh	njehni	njehur
njollos	njollos	njollos	njollos	njollosim	njollosni	njollosin	njollosja	njollosje	njolloste	njollosnim	njollosnit	njollosnin	njollosa	njollose	njollosi	njollosëm	njollosët	njollosën	njolloskam	njolloske	njolloska	njolloskemi	njolloskeni	njolloskan	njolloskësha	njolloskëshe	njolloskësh	njolloskëshim	njolloskëshit	njolloskëshin	njollos	njollosni	njollosur
njom	njom	njom	njom	njomim	njomni	njomin	njomja	njomje	njomte	njomnim	njomnit	njomnin	njoma	njome	njomi	njomëm	njomët	njomën	njomkam	njomke	njomka	njomkemi	njomkeni	njomkan	njomkësha	njomkëshe	njomkësh	njomkëshim	njomkëshit	njomkëshin	njom	njomni	njomur
nuhat	nuhat	nuhat	nuhat	nuhatim	nuhatni	nuhatin	nuhatja	nuhatje	nuhatte	nuhatnim	nuhatnit	nuhatnin	nuhata	nuhate	nuhati	nuhatëm	nuhatët	nuhatën	nuhatkam	nuhatke	nuhatka	nuhatkemi	nuhatkeni	nuhatkan	nuhatkësha	nuhatkëshe	nuhatkësh	nuhatkëshim	nuhatkëshit	nuhatkëshin	nuhat	nuhatni	nuhatur
numëroj	numeroj	numeron	numeron	numerojmë	numeroni	numerojnë	numeroja	numeroje	numeronte	numeronim	numeronit	numeronin	numerova	numerove	numeroi	numeruam	numeruat	numeruan	numeruakam	numeruake	numeruaka	numeruakemi	numeruakeni	numeruakan	numeruakësha	numeruakëshe	numeruakësh	numeruakëshim	numeruakëshit	numeruakëshin	numero	numeroni	numeruar
nxeh	nxeh	nxeh	nxeh	nxehim	nxehni	nxehin	nxehja	nxehje	nxehte	nxehnim	nxehnit	nxehnin	nxeha	nxehe	nxehu	nxehëm	nxehët	nxehën	nxehkam	nxehke	nxehka	nxehkemi	nxehkeni	nxehkan	nxehkësha	nxehkëshe	nxehkësh	nxehkëshim	nxehkëshit	nxehkëshin	nxeh	nxehni	nxehur
nxehem	nxehem	nxehesh	nxehet	nxehemi	nxeheni	nxehen	nxehesha	nxeheshe	nxehej	nxeheshim	nxeheshit	nxeheshin	-	-	-	-	-	-	-	-	-	-	-	-	-	-	-	-	-	-	nxehu	nxehuni	nxehur
nxit	nxit	nxit	nxit	nxitim	nxitni	nxitin	nxitja	nxitje	nxitte	nxitnim	nxitnit	nxitnin	nxita	nxite	nxiti	nxitëm	nxitët	nxitën	nxitkam	nxitke	nxitka	nxitkemi	nxitkeni	nxitkan	nxitkësha	nxitkëshe	nxitkësh	nxitkëshim	nxitkëshit	nxitkëshin	nxit	nxitni	nxitur
nxë	nxë	nxë	nxë	nxëmë	nxini	nxënë	nxija	nxije	nxinte	nxinim	nxinit	nxinin	nxura	nxure	nxuri	nxumë	nxutë	nxunë	nxënkam	nxënke	nxënka	nxënkemi	nxënkeni	nxënkan	nxënkësha	nxënkëshe	-	nxënkëshim	nxënkëshit	nxënkëshin	nxër	nxini	nxënë
nënshkruaj	nënshkruaj	nënshkruan	nënshkruan	nënshkruajmë	nënshkruani	nënshkruajnë	nënshkruaja	nënshkruaje	nënshkruante	nënshkruanim	nënshkruanit	nënshkruanin	nënshkrova	nënshkrove	nënshkroi	nënshkruam	nënshkruat	nënshkruan	nënshkruakam	nënshkruake	nënshkruaka	nënshkruakemi	nënshkruakeni	nënshkruakan	nënshkruakësha	nënshkruakëshe	nënshkruakësh	nënshkruakëshim	nënshkruakëshit	nënshkruakëshin	nënshkruaj	nënshkruani	nënshkruar
ofshaj	ofshaj	ofshan	ofshan	ofshajmë	ofshani	ofshajnë	ofshaja	ofshaje	ofshante	ofshanim	ofshanit	ofshanin	ofshava	ofshave	ofshau	ofshamë	ofshatë	ofshanë	ofshakam	ofshake	ofshaka	ofshakemi	ofshakeni	ofshakan	ofshakësha	ofshakëshe	ofshakësh	ofshakëshim	ofshakëshit	ofshakëshin	ofshaj	ofshani	ofsharë
osh	osh	osh	osh	oshim	oshni	oshin	oshja	oshje	oshte	oshnim	oshnit	oshnin	osha	oshe	oshi	oshëm	oshët	oshën	oshkam	oshke	oshka	oshkemi	oshkeni	oshkan	oshkësha	oshkëshe	oshkësh	oshkëshim	oshkëshit	oshkëshin	osh	oshni	oshur
padit	padit	padit	padit	paditim	paditni	paditin	paditja	paditje	paditte	paditnim	paditnit	paditnin	padita	padite	paditi	paditëm	paditët	paditën	paditkam	paditke	paditka	paditkemi	paditkeni	paditkan	paditkësha	paditkëshe	paditkësh	paditkëshim	paditkëshit	paditkëshin	padit	paditni	paditur
paguaj	paguaj	paguan	paguan	paguajmë	paguani	paguajnë	paguaja	paguaje	paguante	paguanim	paguanit	paguanin	pagova	pagove	pagoi	paguam	paguat	paguan	paguakam	paguake	paguaka	paguakemi	paguakeni	paguakan	paguakësha	paguakëshe	paguakësh	paguakëshim	paguakëshit	paguakëshin	paguaj	paguani	paguar
pajtoj	pajtohem	pajtohesh	pajtohet	pajtohemi	pajtoheni	pajtohen	pajtohesha	pajtoheshe	pajtohej	pajtoheshim	pajtoheshit	pajtoheshin	-	-	-	-	-	-	-	-	-	-	-	-	-	-	-	-	-	-	-	pajtohuni	-
pak	pak	pak	pak	pakim	pakni	pakin	pakja	pakje	pakte	paknim	paknit	paknin	paka	pake	paki	pakëm	pakët	pakën	pakkam	pakke	pakka	pakkemi	pakkeni	pakkan	pakkësha	pakkëshe	pakkësh	pakkëshim	pakkëshit	pakkëshin	pak	pakni	pakur
pall	pall	pall	pall	pallim	pallni	pallin	pallja	pallje	pallte	pallnim	pallnit	pallnin	palla	palle	palli	pallëm	pallët	pallën	pallkam	pallke	pallka	pallkemi	pallkeni	pallkan	pallkësha	pallkëshe	pallkësh	pallkëshim	pallkëshit	pallkëshin	pall	pallni	pallur
palos	palos	palos	palos	palosim	palosni	palosin	palosja	palosje	paloste	palosnim	palosnit	palosnin	palosa	palose	palosi	palosëm	palosët	palosën	paloskam	paloske	paloska	paloskemi	paloskeni	paloskan	paloskësha	paloskëshe	paloskësh	paloskëshim	paloskëshit	paloskëshin	palos	palosni	palosur
parapëlqej	parapëlqej	parapëlqen	parapëlqen	parapëlqejmë	parapëlqeni	parapëlqejnë	parapëlqeja	parapëlqeje	parapëlqente	parapëlqenim	parapëlqenit	parapëlqenin	parapëlqeva	parapëlqeve	parapëlqeu	parapëlqyem	parapëlqyet	parapëlqyen	parapëlqyekam	parapëlqyeke	parapëlqyeka	parapëlqyekemi	parapëlqyekeni	parapëlqyekan	parapëlqyekësha	parapëlqyekëshe	parapëlqyekësh	parapëlqyekëshim	parapëlqyekëshit	parapëlqyekëshin	parapëlqe	parapëlqeni	parapëlqyer
pastrohem	pastrohem	pastrohesh	pastrohet	pastrohemi	pastroheni	pastrohen	pastrohesha	pastroheshe	pastrohej	pastroheshim	pastroheshit	pastroheshin	pastrova	pastrove	pastroi	pastruam	pastruat	pastruan	pastruakam	pastruake	pastruaka	pastruakemi	pastruakeni	pastruakan	pastruakësha	pastruakëshe	pastruakësh	pastruakëshim	pastruakëshit	pastruakëshin	pastro	pastrohuni	pastruar
pasurohem	pasurohem	pasurohesh	pasurohet	pasurohemi	pasuroheni	pasurohen	pasurohesha	pasuroheshe	pasurohej	pasuroheshim	pasuroheshit	pasuroheshin	pasurova	pasurove	pasuroi	pasuruam	pasuruat	pasuruan	pasuruakam	pasuruake	pasuruaka	pasuruakemi	pasuruakeni	pasuruakan	pasuruakësha	pasuruakëshe	pasuruakësh	pasuruakëshim	pasuruakëshit	pasuruakëshin	pasuro	pasurohuni	pasuruar
pasuroj	pasurohem	pasurohesh	pasurohet	pasurohemi	pasuroheni	pasurohen	pasurohesha	pasuroheshe	pasurohej	pasuroheshim	pasuroheshit	pasuroheshin	-	-	-	-	-	-	-	-	-	-	-	-	-	-	-	-	-	-	-	pasurohuni	-
pendohem	pendohem	pendohesh	pendohet	pendohemi	pendoheni	pendohen	pendohesha	pendoheshe	pendohej	pendoheshim	pendoheshit	pendoheshin	-	-	-	-	-	-	-	-	-	-	-	-	-	-	-	-	-	-	pendohu	pendohuni	penduar
perkat	perkat	perkat	perkat	perkatim	perkatni	perkatin	perkatja	perkatje	perkatte	perkatnim	perkatnit	perkatnin	perkata	perkate	perkati	perkatëm	perkatët	perkatën	perkatkam	perkatke	perkatka	perkatkemi	perkatkeni	perkatkan	perkatkësha	perkatkëshe	perkatkësh	perkatkëshim	perkatkëshit	perkatkëshin	perkat	perkatni	perkatur
peshohem	peshohem	peshohesh	peshohet	peshohemi	peshoheni	peshohen	peshohesha	peshoheshe	peshohej	peshoheshim	peshoheshit	peshoheshin	-	-	-	-	-	-	-	-	-	-	-	-	-	-	-	-	-	-	peshohu	peshohuni	peshuar
pikas	pikas	pikas	pikas	pikasim	pikasni	pikasin	pikasja	pikasje	pikaste	pikasnim	pikasnit	pikasnin	pikasa	pikase	pikasi	pikasëm	pikasët	pikasën	pikaskam	pikaske	pikaska	pikaskemi	pikaskeni	pikaskan	pikaskësha	pikaskëshe	pikaskësh	pikaskëshim	pikaskëshit	pikaskëshin	pikas	pikasni	pikasur
pjek	pjek	pjek	pjek	pjekim	pikni	pjekin	pikja	pikje	pikte	piknim	piknit	piknin	poka	poke	poki	pokëm	pokët	pokën	pjekkam	pjekke	pjekka	pjekkemi	pjekkeni	pjekkan	pjekkësha	pjekkëshe	pjekkësh	pjekkëshim	pjekkëshit	pjekkëshin	pik	pikni	pjekur
pjell	pjell	pjell	pjell	pjellim	pillni	pjellin	pillja	pillje	pillte	pillnim	pillnit	pillnin	polla	polle	polli	pollëm	pollët	pollën	pjellkam	pjellke	pjellka	pjellkemi	pjellkeni	pjellkan	pjellkësha	pjellkëshe	pjellkësh	pjellkëshim	pjellkëshit	pjellkëshin	pill	pillni	pjellë
pjerdh	pjerdh	pjerdh	pjerdh	pjerdhim	pirdhni	pjerdhin	pirdhja	pirdhje	pirdhte	pirdhnim	pirdhnit	pirdhnin	pordha	pordhe	pordhi	pordhëm	pordhët	pordhën	pjerdhkam	pjerdhke	pjerdhka	pjerdhkemi	pjerdhkeni	pjerdhkan	pjerdhkësha	pjerdhkëshe	pjerdhkësh	pjerdhkëshim	pjerdhkëshit	pjerdhkëshin	pirdh	pirdhni	pjerdhur
plakem	plakem	plakesh	plaket	plakemi	plakeni	plaken	plakesha	plakeshe	-	plakeshim	plakeshit	plakeshin	-	-	-	-	-	-	-	-	-	-	-	-	-	-	-	-	-	-	-	-	plakur
plas	plas	plas	plas	plasim	plasni	plasin	plasja	plasje	plaste	plasnim	plasnit	plasnin	plasa	plase	plasi	plasëm	plasët	plasën	plaskam	plaske	plaska	plaskemi	plaskeni	plaskan	plaskësha	plaskëshe	plaskësh	plaskëshim	plaskëshit	plaskëshin	plas	plasni	plasur
plaçkit	plaçkit	plaçk	plaçk	plaçkitim	plaçkitni	plaçkitin	plaçkitja	plaçkitje	plaçkte	plaçkitnim	plaçkitnit	plaçkitnin	plaçka	plaçke	plaçki	plaçkëm	plaçkët	plaçkën	plaçkkam	plaçkke	plaçkka	plaçkkemi	plaçkkeni	plaçkkan	plaçkkësha	plaçkkëshe	plaçkkësh	plaçkkëshim	plaçkkëshit	plaçkkëshin	plaçk	plaçkni	plaçkitur
pllakos	pllakos	pllakos	pllakos	pllakosim	pllakosni	pllakosin	pllakosja	pllakosje	pllakoste	pllakosnim	pllakosnit	pllakosnin	pllakosa	pllakose	pllakosi	pllakosëm	pllakosët	pllakosën	pllakoskam	pllakoske	pllakoska	pllakoskemi	pllakoskeni	pllakoskan	pllakoskësha	pllakoskëshe	pllakoskësh	pllakoskëshim	pllakoskëshit	pllakoskëshin	pllakos	pllakosni	pllakosur
pocaqis	pocaqis	pocaqis	pocaqis	pocaqisim	pocaqisni	pocaqisin	pocaqisja	pocaqisje	pocaqiste	pocaqisnim	pocaqisnit	pocaqisnin	pocaqisa	pocaqise	pocaqisi	pocaqisëm	pocaqisët	pocaqisën	pocaqiskam	pocaqiske	pocaqiska	pocaqiskemi	pocaqiskeni	pocaqiskan	pocaqiskësha	pocaqiskëshe	pocaqiskësh	pocaqiskëshim	pocaqiskëshit	pocaqiskëshin	pocaqis	pocaqisni	pocaqisur
porosit	porosit	porosit	porosit	porositim	porositni	porositin	porositja	porositje	porositte	porositnim	porositnit	porositnin	porosita	porosite	porositi	porositëm	porositët	porositën	porositkam	porositke	porositka	porositkemi	porositkeni	porositkan	porositkësha	porositkëshe	porositkësh	porositkëshim	porositkëshit	porositkëshin	porosit	porositni	porositur
prek	prek	prek	prek	prekim	prekni	prekin	prekja	prekje	prekte	preknim	preknit	preknin	preka	preke	preki	prekëm	prekët	prekën	prekkam	prekke	prekka	prekkemi	prekkeni	prekkan	prekkësha	prekkëshe	prekkësh	prekkëshim	prekkëshit	prekkëshin	prek	prekni	prekur
pres	pres	pret	pret	presim	prisni	presin	prisja	prisje	priste	prisnim	prisnit	prisnin	preva	preve	preu	premë	pretë	prentë	prekam	preke	preka	prekemi	prekeni	prekan	prekësha	prekëshe	prekej	prekëshim	prekëshit	prekëshin	prit	pritni	prerë
prish	prish	prish	prish	prishim	prishni	prishin	prishja	prishje	prishte	prishnim	prishnit	prishnin	prisha	prishe	prishi	prishëm	prishët	prishën	prishkam	prishke	prishka	prishkemi	prishkeni	prishkan	prishkësha	prishkëshe	prishkësh	prishkëshim	prishkëshit	prishkëshin	prish	prishni	prishur
proshmoj	proshëmoj	proshëmon	proshëmon	proshëmojmë	proshëmoni	proshëmojnë	proshëmoja	proshëmoje	proshëmonte	proshëmonim	proshëmonit	proshëmonin	proshëmova	proshëmove	proshëmoi	proshëmuam	proshëmuat	proshëmuan	proshëmuakam	proshëmuake	proshëmuaka	proshëmuakemi	proshëmuakeni	proshëmuakan	proshëmuakësha	proshëmuakëshe	proshëmuakësh	proshëmuakëshim	proshëmuakëshit	proshëmuakëshin	proshëmo	proshëmoni	-
prridh	prridh	prridh	prridh	prridhim	prridhni	prridhin	prridhja	prridhje	prridhte	prridhnim	prridhnit	prridhnin	prridha	prridhe	prridhi	prridhëm	prridhët	prridhën	prridhkam	prridhke	prridhka	prridhkemi	prridhkeni	prridhkan	prridhkësha	prridhkëshe	prridhkësh	prridhkëshim	prridhkëshit	prridhkëshin	prridh	prridhni	prridhur
pshurr	pshurr	pshurr	pshurr	pshurrim	pshurrni	pshurrin	pshurrja	pshurrje	pshurrte	pshurrnim	pshurrnit	pshurrnin	pshurra	pshurre	pshurri	pshurrëm	pshurrët	pshurrën	pshurrkam	pshurrke	pshurrka	pshurrkemi	pshurrkeni	pshurrkan	pshurrkësha	pshurrkëshe	pshurrkësh	pshurrkëshim	pshurrkëshit	pshurrkëshin	pshurr	pshurrni	pshurrur
punësohem	punësohem	punësohesh	punësohet	punësohemi	punësoheni	punësohen	punësohesha	punësoheshe	punësohej	punësoheshim	punësoheshit	punësoheshin	-	-	-	-	-	-	-	-	-	-	-	-	-	-	-	-	-	-	punësohu	punësohuni	punësuar
puq	puq	puq	puq	puqim	puqni	puqin	puqja	puqje	puqte	puqnim	puqnit	puqnin	puqa	puqe	puqi	puqëm	puqët	puqën	puqkam	puqke	puqka	puqkemi	puqkeni	puqkan	puqkësha	puqkëshe	puqkësh	puqkëshim	puqkëshit	puqkëshin	puq	puqni	puqur
puth	puth	puth	puth	puthim	puthni	puthin	puthja	puthje	puthte	puthnim	puthnit	puthnin	putha	puthe	puthi	puthëm	puthët	puthën	puthkam	puthke	puthka	puthkemi	puthkeni	puthkan	puthkësha	puthkëshe	puthkësh	puthkëshim	puthkëshit	puthkëshin	puth	puthni	puthur
pëlcas	pëlcas	pëlcet	pëlcet	pëlcasim	pëlcitni	pëlcasin	pëlcitja	pëlcitje	pëlciste	pëlcitnim	pëlcitnit	pëlcitnin	pëlcita	pëlcite	pëlciti	pëlcitëm	pëlcitët	pëlcitën	pëlcitkam	pëlcitke	pëlcitka	pëlcitkemi	pëlcitkeni	pëlcitkan	pëlcitkësha	pëlcitkëshe	pëlcitkësh	pëlcitkëshim	pëlcitkëshit	pëlcitkëshin	pëlcit	pëlcitni	pëlcitur
pëlqej	pëlqej	pëlqen	pëlqen	pëlqejmë	pëlqeni	pëlqejnë	pëlqeja	pëlqeje	pëlqente	pëlqenim	pëlqenit	pëlqenin	pëlqeva	pëlqeve	pëlqeu	pëlqyem	pëlqyet	pëlqyen	pëlqyekam	pëlqyeke	pëlqyeka	pëlqyekemi	pëlqyekeni	pëlqyekan	pëlqyekësha	pëlqyekëshe	pëlqyekësh	pëlqyekëshim	pëlqyekëshit	pëlqyekëshin	pëlqe	pëlqeni	pëlqyer
përafrohem	përafrohem	përafrohesh	përafrohet	përafrohemi	përafroheni	përafrohen	përafrohesha	përafroheshe	përafrohej	përafroheshim	përafroheshit	përafroheshin	-	-	-	-	-	-	-	-	-	-	-	-	-	-	-	-	-	-	përafrohu	përafrohuni	përafruar
përball	përball	përball	përball	përballim	përballni	përballin	përballja	përballje	përballte	përballnim	përballnit	përballnin	përballa	përballe	përballi	përballëm	përballët	përballën	përballkam	përballke	përballka	përballkemi	përballkeni	përballkan	përballkësha	përballkëshe	përballkësh	përballkëshim	përballkëshit	përballkëshin	përball	përballni	përballur
përbuz	përbuz	përbuz	përbuz	përbuzim	përbuzni	përbuzin	përbuzja	përbuzje	përbuzte	përbuznim	përbuznit	përbuznin	përbuza	përbuze	përbuzi	përbuzëm	përbuzët	përbuzën	përbuzkam	përbuzke	përbuzka	përbuzkemi	përbuzkeni	përbuzkan	përbuzkësha	përbuzkëshe	përbuzkësh	përbuzkëshim	përbuzkëshit	përbuzkëshin	përbuz	përbuzni	përbuzur
përbyk	përbyk	përbyk	përbyk	përbykim	përbykni	përbykin	përbykja	përbykje	përbykte	përbyknim	përbyknit	përbyknin	përbyka	përbyke	përbyku	përbykëm	përbykët	përbykën	përbykkam	përbykke	përbykka	përbykkemi	përbykkeni	përbykkan	përbykkësha	përbykkëshe	përbykkësh	përbykkëshim	përbykkëshit	përbykkëshin	përbyk	përbykni	përbykur
përcjell	përcjell	përcjell	përcjell	përcjellim	përcillni	përcjellin	përcillja	përcillje	përcillte	përcillnim	përcillnit	përcillnin	përcolla	përcolle	përcolli	përcollëm	përcollët	përcollën	përcjellkam	përcjellke	përcjellka	përcjellkemi	përcjellkeni	përcjellkan	përcjellkësha	përcjellkëshe	përcjellkësh	përcjellkëshim	përcjellkëshit	përcjellkëshin	përcill	përcillni	përcjellë
përdhos	përdhos	përdhos	përdhos	përdhosim	përdhosni	përdhosin	përdhosja	përdhosje	përdhoste	përdhosnim	përdhosnit	përdhosnin	përdhosa	përdhose	përdhosi	përdhosëm	përdhosët	përdhosën	përdhoskam	përdhoske	përdhoska	përdhoskemi	përdhoskeni	përdhoskan	përdhoskësha	përdhoskëshe	-	përdhoskëshim	përdhoskëshit	përdhoskëshin	përdhos	përdhosni	përdhosur
përdor	përdor	përdor	përdor	përdorim	përdorni	përdorin	përdorja	përdorje	përdorte	përdornim	përdornit	përdornin	përdora	përdore	përdori	përdorëm	përdorët	përdorën	përdorkam	përdorke	përdorka	përdorkemi	përdorkeni	përdorkan	përdorkësha	përdorkëshe	përdorkësh	përdorkëshim	përdorkëshit	përdorkëshin	përdor	përdorni	përdorur
përfill	përfill	përfill	përfill	përfillim	përfillni	përfillin	përfillja	përfillje	përfillte	përfillnim	përfillnit	përfillnin	përfilla	përfille	përfilli	përfillëm	përfillët	përfillën	përfillkam	përfillke	përfillka	përfillkemi	përfillkeni	përfillkan	përfillkësha	përfillkëshe	përfillkësh	përfillkëshim	përfillkëshit	përfillkëshin	përfill	përfillni	përfillur
përflak	përflak	përflak	përflak	përflakim	përflakni	përflakin	përflakja	përflakje	përflakte	përflaknim	përflaknit	përflaknin	përflaka	përflake	përflaku	përflakëm	përflakët	përflakën	përflakkam	përflakke	përflakka	përflakkemi	përflakkeni	përflakkan	përflakkësha	përflakkëshe	përflakkësh	përflakkëshim	përflakkëshit	përflakkëshin	përflak	përflakni	përflakur
përfshij	përfshij	përfshin	përfshin	përfshijmë	përfshini	përfshijnë	përfshija	përfshije	përfshinte	përfshinim	përfshinit	përfshinin	përfshiva	përfshive	përfshiu	përfshimë	përfshitë	përfshinë	përfshikam	përfshike	përfshika	përfshikemi	përfshikeni	përfshikan	përfshikësha	përfshikëshe	përfshikësh	përfshikëshim	përfshikëshit	përfshikëshin	përfshi	përfshini	përfshirë
përfundoj	-	përfundoj	përfundoj	përfundojim	përfundojni	përfundojin	përfundojja	përfundojje	përfundojte	përfundojnim	përfundojnit	përfundojnin	përfundoja	përfundoje	përfundoji	përfundojëm	përfundojët	përfundojën	përfundojkam	përfundojke	përfundojka	përfundojkemi	përfundojkeni	përfundojkan	përfundojkësha	përfundojkëshe	përfundojkësh	përfundojkëshim	përfundojkëshit	përfundojkëshin	përfundoj	përfundojni	përfundojur
përhap	përhap	përhap	përhap	përhapim	përhapni	përhapin	përhapja	përhapje	përhapte	përhapnim	përhapnit	përhapnin	përhapa	përhape	përhapi	përhapëm	përhapët	përhapën	përhapkam	përhapke	përhapka	përhapkemi	përhapkeni	përhapkan	përhapkësha	përhapkëshe	përhapkësh	përhapkëshim	përhapkëshit	përhapkëshin	përhap	përhapni	përhapur
përkap	përkap	përkap	përkap	përkapim	përkapni	përkapin	përkapja	përkapje	përkapte	përkapnim	përkapnit	përkapnin	përkapa	përkape	përkapi	përkapëm	përkapët	përkapën	përkapkam	përkapke	përkapka	përkapkemi	përkapkeni	përkapkan	përkapkësha	përkapkëshe	përkapkësh	përkapkëshim	përkapkëshit	përkapkëshin	përkap	përkapni	përkapur
përkas	përkas	përket	përket	përkasim	përkitni	përkasin	përkitja	përkitje	përkiste	përkitnim	përkitnit	përkitnin	përkita	përkite	përkiti	përkitëm	përkitët	përkitën	përkitkam	përkitke	përkitka	përkitkemi	përkitkeni	përkitkan	përkitkësha	përkitkëshe	përkitkësh	përkitkëshim	përkitkëshit	përkitkëshin	përkit	përkitni	përkitur
përkeq	përkeq	përkeq	përkeq	përkeqim	përkeqni	përkeqin	përkeqja	përkeqje	përkeqte	përkeqnim	përkeqnit	përkeqnin	përkeqa	përkeqe	përkeqi	përkeqëm	përkeqët	përkeqën	përkeqkam	përkeqke	përkeqka	përkeqkemi	përkeqkeni	përkeqkan	përkeqkësha	përkeqkëshe	përkeqkësh	përkeqkëshim	përkeqkëshit	përkeqkëshin	përkeq	përkeqni	përkequr
përkrah	përkrah	përkrah	përkrah	përkrahim	përkrahni	përkrahin	përkrahja	përkrahje	përkrahte	përkrahnim	përkrahnit	përkrahnin	përkraha	përkrahe	përkrahi	përkrahëm	përkrahët	përkrahën	përkrahkam	përkrahke	përkrahka	përkrahkemi	përkrahkeni	përkrahkan	përkrahkësha	përkrahkëshe	përkrahkësh	përkrahkëshim	përkrahkëshit	përkrahkëshin	përkrah	përkrahni	përkrahur
përkryej	përkryej	përkryen	përkryen	përkryejmë	përkryeni	përkryejnë	përkryeja	përkryeje	përkryente	përkryenim	përkryenit	përkryenin	përkreva	përkreve	përkreu	përkryem	përkryet	përkryen	përkryekam	përkryeke	përkryeka	përkryekemi	përkryekeni	përkryekan	përkryekësha	përkryekëshe	përkryekësh	përkryekëshim	përkryekëshit	përkryekëshin	përkrye	përkryeni	përkryer
përkthej	përkthej	përkthen	përkthen	përkthejmë	përktheni	përkthejnë	përktheja	përktheje	përkthente	përkthenim	përkthenit	përkthenin	përktheva	përktheve	përktheu	përkthyem	përkthyet	përkthyen	përkthyekam	përkthyeke	përkthyeka	përkthyekemi	përkthyekeni	përkthyekan	përkthyekësha	përkthyekëshe	përkthyekësh	përkthyekëshim	përkthyekëshit	përkthyekëshin	përkthe	përktheni	përkthyer
përkul	përkul	përkul	përkul	përkulemi	përkuleni	përkulen	përkulesha	përkuleshe	përkulte	përkuleshim	përkuleshit	përkuleshin	përkula	përkule	përkuli	përkulëm	përkulët	përkulën	përkulkam	përkulke	përkulka	përkulkemi	përkulkeni	përkulkan	përkulkësha	përkulkëshe	përkulkësh	përkulkëshim	përkulkëshit	përkulkëshin	përkul	përkulni	përkulur
përkulem	përkul	përkul	përkul	përkulemi	përkuleni	përkulen	përkulesha	përkuleshe	përkule	përkuleshim	përkuleshit	përkuleshin	përkula	përkule	përkuli	përkulëm	përkulët	përkulën	përkulkam	përkulke	përkulka	përkulkemi	përkulkeni	përkulkan	përkulkësha	përkulkëshe	-	përkulkëshim	përkulkëshit	përkulkëshin	përkul	përkulni	përkulur
përkund	përkund	përkund	përkund	përkundim	përkundni	përkundin	përkundja	përkundje	përkundte	përkundnim	përkundnit	përkundnin	përkunda	përkunde	përkundi	përkundëm	përkundët	përkundën	përkundkam	përkundke	përkundka	përkundkemi	përkundkeni	përkundkan	përkundkësha	përkundkëshe	përkundkësh	përkundkëshim	përkundkëshit	përkundkëshin	përkund	përkundni	përkundur
përkëdhel	përkëdhel	përkëdhel	përkëdhel	përkëdhelim	përkëdhelni	përkëdhelin	përkëdhelja	përkëdhelje	përkëdhelte	përkëdhelnim	përkëdhelnit	përkëdhelnin	përkëdhela	përkëdhele	përkëdheli	përkëdhelëm	përkëdhelët	përkëdhelën	përkëdhelkam	përkëdhelke	përkëdhelka	përkëdhelkemi	përkëdhelkeni	përkëdhelkan	përkëdhelkësha	përkëdhelkëshe	përkëdhelkësh	përkëdhelkëshim	përkëdhelkëshit	përkëdhelkëshin	përkëdhel	përkëdhelni	përkëdhelur
përmbys	përmbys	përmbys	përmbys	përmbysim	përmbysni	përmbysin	përmbysja	përmbysje	përmbyste	përmbysnim	përmbysnit	përmbysnin	përmbysa	përmbyse	përmbysi	përmbysëm	përmbysët	përmbysën	përmbyskam	përmbyske	përmbyska	përmbyskemi	përmbyskeni	përmbyskan	përmbyskësha	përmbyskëshe	përmbyskësh	përmbyskëshim	përmbyskëshit	përmbyskëshin	përmbys	përmbysni	përmbysur
përmutem	përmutem	përmutesh	përmutet	përmutemi	përmuteni	përmuten	përmutesha	përmuteshe	përmutej	përmuteshim	përmuteshit	përmuteshin	-	-	-	-	-	-	-	-	-	-	-	-	-	-	-	-	-	-	përmutu	përmutuni	përmutur
përpush	përpush	përpush	përpush	përpushim	përpushni	përpushin	përpushja	përpushje	përpushte	përpushnim	përpushnit	përpushnin	përpusha	përpushe	përpushi	përpushëm	përpushët	përpushën	përpushkam	përpushke	përpushka	përpushkemi	përpushkeni	përpushkan	përpushkësha	përpushkëshe	përpushkësh	përpushkëshim	përpushkëshit	përpushkëshin	përpush	përpushni	përpushur
përputh	përputh	përputh	përputh	përputhim	përputhni	përputhin	përputhja	përputhje	përputhte	përputhnim	përputhnit	përputhnin	përputha	përputhe	përputhi	përputhëm	përputhët	përputhën	përputhkam	përputhke	përputhka	përputhkemi	përputhkeni	përputhkan	përputhkësha	përputhkëshe	përputhkësh	përputhkëshim	përputhkëshit	përputhkëshin	përputh	përputhni	përputhur
përpëlit	përpëlit	përpëlit	përpëlit	përpëlitim	përpëlitni	përpëlitin	përpëlitja	përpëlitje	përpëlitte	përpëlitnim	përpëlitnit	përpëlitnin	përpëlita	përpëlite	përpëliti	përpëlitëm	përpëlitët	përpëlitën	përpëlitkam	përpëlitke	përpëlitka	përpëlitkemi	përpëlitkeni	përpëlitkan	përpëlitkësha	përpëlitkëshe	përpëlitkësh	përpëlitkëshim	përpëlitkëshit	përpëlitkëshin	përpëlit	përpëlitni	përpëlitur
përqesh	përqesh	përqesh	përqesh	përqeshim	përqeshni	përqeshin	përqeshja	përqeshje	përqeshte	përqeshnim	përqeshnit	përqeshnin	përqesha	përqeshe	përqeshi	përqeshëm	përqeshët	përqeshën	përqeshkam	përqeshke	përqeshka	përqeshkemi	përqeshkeni	përqeshkan	përqeshkësha	përqeshkëshe	përqeshkësh	përqeshkëshim	përqeshkëshit	përqeshkëshin	përqesh	përqeshni	përqeshur
përshëndet	përshëndet	përshëndet	përshëndet	përshëndetim	përshëndetni	përshëndetin	përshëndetja	përshëndetje	përshëndette	përshëndetnim	përshëndetnit	përshëndetnin	përshëndeta	përshëndete	përshëndeti	përshëndetëm	përshëndetët	përshëndetën	përshëndetkam	përshëndetke	përshëndetka	përshëndetkemi	përshëndetkeni	përshëndetkan	përshëndetkësha	përshëndetkëshe	përshëndetkësh	përshëndetkëshim	përshëndetkëshit	përshëndetkëshin	përshëndet	përshëndetni	përshëndetur
përsiat	përsiat	përsiat	përsiat	përsiatim	përsiatni	përsiatin	përsiatja	përsiatje	përsiatte	përsiatnim	përsiatnit	përsiatnin	përsiata	përsiate	përsiati	përsiatëm	përsiatët	përsiatën	përsiatkam	përsiatke	përsiatka	përsiatkemi	përsiatkeni	përsiatkan	përsiatkësha	përsiatkëshe	përsiatkësh	përsiatkëshim	përsiatkëshit	përsiatkëshin	përsiat	përsiatni	përsiatur
përsos	përsos	përsos	përsos	përsosim	përsosni	përsosin	përsosja	përsosje	përsoste	përsosnim	përsosnit	përsosnin	përsosa	përsose	përsosi	përsosëm	përsosët	përsosën	përsoskam	përsoske	përsoska	përsoskemi	përsoskeni	përsoskan	përsoskësha	përsoskëshe	përsoskësh	përsoskëshim	përsoskëshit	përsoskëshin	përsos	përsosni	përsosur
përul	përul	përul	përul	përulemi	përuleni	përulen	përulesha	përuleshe	përule	përuleshim	përuleshit	përuleshin	përula	përule	përuli	përulëm	përulët	përulën	përulkam	përulke	përulka	përulkemi	përulkeni	përulkan	përulkësha	përulkëshe	-	përulkëshim	përulkëshit	përulkëshin	përul	përulni	përulur
përulem	përul	përul	përul	përulemi	përuleni	përulen	përulesha	përuleshe	përule	përuleshim	përuleshit	përuleshin	përula	përule	përuli	përulëm	përulët	përulën	përulkam	përulke	përulka	përulkemi	përulkeni	përulkan	përulkësha	përulkëshe	-	përulkëshim	përulkëshit	përulkëshin	përul	përulni	përulur
përzhit	përzhit	përzhit	përzhit	përzhitim	përzhitni	përzhitin	përzhitja	përzhitje	përzhitte	përzhitnim	përzhitnit	përzhitnin	përzhita	përzhite	përzhiti	përzhitëm	përzhitët	përzhitën	përzhitkam	përzhitke	përzhitka	përzhitkemi	përzhitkeni	përzhitkan	përzhitkësha	përzhitkëshe	përzhitkësh	përzhitkëshim	përzhitkëshit	përzhitkëshin	përzhit	përzhitni	përzhitur
përçaj	përçaj	përçan	përçan	përçajmë	përçani	përçajnë	përçaja	përçaje	përçante	përçanim	përçanit	përçanin	përçava	përçave	përçau	përçamë	përçatë	përçanë	përçakam	përçake	përçaka	përçakemi	përçakeni	përçakan	përçakësha	përçakëshe	përçakësh	përçakëshim	përçakëshit	përçakëshin	përçaj	përçani	përçarë
përçap	përçap	përçap	përçap	përçapim	përçapni	përçapin	përçapja	përçapje	përçapte	përçapnim	përçapnit	përçapnin	përçapa	përçape	përçapi	përçapëm	përçapët	përçapën	përçapkam	përçapke	përçapka	përçapkemi	përçapkeni	përçapkan	përçapkësha	përçapkëshe	përçapkësh	përçapkëshim	përçapkëshit	përçapkëshin	përçap	përçapni	përçapur
pështiros	pështiros	pështiros	pështiros	pështirosim	pështirosni	pështirosin	pështirosja	pështirosje	pështiroste	pështirosnim	pështirosnit	pështirosnin	pështirosa	pështirose	pështirosi	pështirosëm	pështirosët	pështirosën	pështiroskam	pështiroske	pështiroska	pështiroskemi	pështiroskeni	pështiroskan	pështiroskësha	pështiroskëshe	pështiroskësh	pështiroskëshim	pështiroskëshit	pështiroskëshin	pështiros	pështirosni	pështirosur
pështjell	pështjell	pështjell	pështjell	pështjellim	pështillni	pështjellin	pështillja	pështillje	pështillte	pështillnim	pështillnit	pështillnin	pështolla	pështolle	pështolli	pështollëm	pështollët	pështollën	pështjellkam	pështjellke	pështjellka	pështjellkemi	pështjellkeni	pështjellkan	pështjellkësha	pështjellkëshe	pështjellkësh	pështjellkëshim	pështjellkëshit	pështjellkëshin	pështill	pështillni	pështjellur
qaj	qaj	qan	qan	qajmë	qani	qajnë	qaja	qaje	qante	qanim	qanit	qanin	qava	qave	qau	qamë	qatë	qanë	qakam	qake	qaka	qakemi	qakeni	qakan	qakësha	qakëshe	qakësh	qakëshim	qakëshit	qakëshin	qaj	qani	qarë
qas	qas	qas	qas	qasim	qasni	qasin	qasja	qasje	qaste	qasnim	qasnit	qasnin	qasa	qase	qasi	qasëm	qasët	qasën	qaskam	qaske	qaska	qaskemi	qaskeni	qaskan	qaskësha	qaskëshe	qaskësh	qaskëshim	qaskëshit	qaskëshin	qas	qasni	qasur
qelb	qelb	qelb	qelb	qelbim	qelbni	qelbin	qelbja	qelbje	qelbte	qelbnim	qelbnit	qelbnin	qelba	qelbe	qelbi	qelbëm	qelbët	qelbën	qelbkam	qelbke	qelbka	qelbkemi	qelbkeni	qelbkan	qelbkësha	qelbkëshe	qelbkësh	qelbkëshim	qelbkëshit	qelbkëshin	qelb	qelbni	qelbur
qeras	qeras	qeras	qeras	qerasim	qerasni	qerasin	qerasja	qerasje	qeraste	qerasnim	qerasnit	qerasnin	qerasa	qerase	qerasi	qerasëm	qerasët	qerasën	qeraskam	qeraske	qeraska	qeraskemi	qeraskeni	qeraskan	qeraskësha	qeraskëshe	qeraskësh	qeraskëshim	qeraskëshit	qeraskëshin	qeras	qerasni	qerasur
qesh	qesh	qesh	qesh	qeshim	qeshni	qeshin	qeshja	qeshje	qeshte	qeshnim	qeshnit	qeshnin	qesha	qeshe	qeshi	qeshëm	qeshët	qeshën	qeshkam	qeshke	qeshka	qeshkemi	qeshkeni	qeshkan	qeshkësha	qeshkëshe	qeshkësh	qeshkëshim	qeshkëshit	qeshkëshin	qesh	qeshni	qeshur
qeth	qeth	qeth	qeth	qethim	qethni	qethin	qethja	qethje	qethte	qethnim	qethnit	qethnin	qetha	qethe	qethi	qethëm	qethët	qethën	qethkam	qethke	qethka	qethkemi	qethkeni	qethkan	qethkësha	qethkëshe	qethkësh	qethkëshim	qethkëshit	qethkëshin	qeth	qethni	qethur
qetësohem	qetësohem	qetësohesh	qetësohet	qetësohemi	qetësoheni	qetësohen	qetësohesha	qetësoheshe	qetësohej	qetësoheshim	qetësoheshit	qetësoheshin	-	-	-	-	-	-	-	-	-	-	-	-	-	-	-	-	-	-	qetësohu	qetësohuni	qetësuar
qeveris	qeveris	qeveris	qeveris	qeverisim	qeverisni	qeverisin	qeverisja	qeverisje	qeveriste	qeverisnim	qeverisnit	qeverisnin	qeverisa	qeverise	qeverisi	qeverisëm	qeverisët	qeverisën	qeveriskam	qeveriske	qeveriska	qeveriskemi	qeveriskeni	qeveriskan	qeveriskësha	qeveriskëshe	qeveriskësh	qeveriskëshim	qeveriskëshit	qeveriskëshin	qeveris	qeverisni	qeverisur
qij	qij	qin	qin	qijmë	qini	qijnë	qija	qije	qinte	qinim	qinit	qinin	qiva	qive	qiu	qimë	qitë	qinë	qikam	qike	qika	qikemi	qikeni	qikan	qikësha	qikëshe	qikësh	qikëshim	qikëshit	qikëshin	qi	qini	qirë
qit	qit	qit	qit	qitim	qitni	qitin	qitja	qitje	qitte	qitnim	qitnit	qitnin	qita	qite	qiti	qitëm	qitët	qitën	qitkam	qitke	qitka	qitkemi	qitkeni	qitkan	qitkësha	qitkëshe	qitkësh	qitkëshim	qitkëshit	qitkëshin	qit	qitni	qitur
qok	qok	qok	qok	qokim	qokni	qokin	qokja	qokje	qokte	qoknim	qoknit	qoknin	qoka	qoke	qoki	qokëm	qokët	qokën	qokkam	qokke	qokka	qokkemi	qokkeni	qokkan	qokkësha	qokkëshe	qokkësh	qokkëshim	qokkëshit	qokkëshin	qok	qokni	qokur
qos	qos	qos	qos	qosim	qosni	qosin	qosja	qosje	qoste	qosnim	qosnit	qosnin	qosa	qose	qosi	qosëm	qosët	qosën	qoskam	qoske	qoska	qoskemi	qoskeni	qoskan	qoskësha	qoskëshe	qoskësh	qoskëshim	qoskëshit	qoskëshin	qos	qosni	qosur
quk	quk	quk	quk	qukim	qukni	qukin	qukja	qukje	qukte	quknim	quknit	quknin	quka	quke	quku	qukëm	qukët	qukën	qukkam	qukke	qukka	qukkemi	qukkeni	qukkan	qukkësha	qukkëshe	qukkësh	qukkëshim	qukkëshit	qukkëshin	quk	qukni	qukur
qull	qull	qull	qull	qullim	qullni	qullin	qullja	qullje	qullte	qullnim	qullnit	qullnin	qulla	qulle	qulli	qullëm	qullët	qullën	qullkam	qullke	qullka	qullkemi	qullkeni	qullkan	qullkësha	qullkëshe	qullkësh	qullkëshim	qullkëshit	qullkëshin	qull	qullni	qullur
qyr	qyr	qyr	qyr	qyrim	qyrni	qyrin	qyrja	qyrje	qyrte	qyrnim	qyrnit	qyrnin	qyra	qyre	qyrqyr	qyrëm	qyrët	qyrën	qyrkam	qyrke	qyrka	qyrkemi	qyrkeni	qyrkan	qyrkësha	qyrkëshe	qyrkësh	qyrkëshim	qyrkëshit	qyrkëshin	qyr	qyrni	qyrur
rebelohem	rebelohem	rebelohesh	rebelohet	rebelohemi	rebeloheni	rebelohen	rebelohesha	rebeloheshe	rebelohej	rebeloheshim	rebeloheshit	rebeloheshin	-	-	-	-	-	-	-	-	-	-	-	-	-	-	-	-	-	-	rebelohu	rebelohuni	rebeluar
regj	regj	regj	regj	regjim	regjni	regjin	regjja	regjje	regjte	regjnim	regjnit	regjnin	regja	regje	regji	regjëm	regjët	regjën	regjkam	regjke	regjka	regjkemi	regjkeni	regjkan	regjkësha	regjkëshe	regjkësh	regjkëshim	regjkëshit	regjkëshin	regj	regjni	regjur
relaksohem	relaksohem	relaksohesh	relaksohet	relaksohemi	relaksoheni	relaksohen	relaksohesha	relaksoheshe	relaksohej	relaksoheshim	relaksoheshit	relaksoheshin	-	-	-	-	-	-	-	-	-	-	-	-	-	-	-	-	-	-	relaksohu	relaksohuni	relaksuar
rend	rend	rend	rend	rendim	rendni	rendin	rendja	rendje	rendte	rendnim	rendnit	rendnin	renda	rende	rendi	rendëm	rendët	rendën	rendkam	rendke	rendka	rendkemi	rendkeni	rendkan	rendkësha	rendkëshe	rendkësh	rendkëshim	rendkëshit	rendkëshin	rend	rendni	rendur
resh	resh	resh	resh	reshim	reshni	reshin	reshja	reshje	reshte	reshnim	reshnit	reshnin	resha	reshe	reshi	reshëm	reshët	reshën	reshkam	reshke	reshka	reshkemi	reshkeni	reshkan	reshkësha	reshkëshe	reshkësh	reshkëshim	reshkëshit	reshkëshin	resh	reshni	reshur
resht	resht	resht	resht	reshtim	reshtni	reshtin	reshtja	reshtje	reshtte	reshtnim	reshtnit	reshtnin	reshta	reshte	reshti	reshtëm	reshtët	reshtën	reshtkam	reshtke	reshtka	reshtkemi	reshtkeni	reshtkan	reshtkësha	reshtkëshe	reshtkësh	reshtkëshim	reshtkëshit	reshtkëshin	resht	reshtni	reshtur
rjep	rjep	rjep	rjep	rjepim	rjepni	rjepin	rjepja	rjepje	rjepte	rjepnim	rjepnit	rjepnin	rjepa	rjepe	rjepi	rjepëm	rjepët	rjepën	rjepkam	rjepke	rjepka	rjepkemi	rjepkeni	rjepkan	rjepkësha	rjepkëshe	rjepkësh	rjepkëshim	rjepkëshit	rjepkëshin	rjep	rjepni	rjepur
rrah	rrah	rreh	rreh	rrahim	rrihni	rrahin	rrihja	rrihje	rrihte	rrihnim	rrihnit	rrihnin	rraha	rrahe	rrahu	rrahëm	rrahët	rrahën	rrahkam	rrahke	rrahka	rrahkemi	rrahkeni	rrahkan	rrahkësha	rrahkëshe	-	rrahkëshim	rrahkëshit	rrahkëshin	rrih	rrihni	rrahur
rras	rras	rras	rras	rrasim	rrasni	rrasin	rrasja	rrasje	rraste	rrasnim	rrasnit	rrasnin	rrasa	rrase	rrasi	rrasëm	rrasët	rrasën	rraskam	rraske	rraska	rraskemi	rraskeni	rraskan	rraskësha	rraskëshe	rraskësh	rraskëshim	rraskëshit	rraskëshin	rras	rrasni	rrasur
rrek	rrek	rrek	rrek	rrekim	rrekni	rrekin	rrekja	rrekje	rrekte	rreknim	rreknit	rreknin	rreka	rreke	rreku	rrekëm	rrekët	rrekën	rrekkam	rrekke	rrekka	rrekkemi	rrekkeni	rrekkan	rrekkësha	rrekkëshe	rrekkësh	rrekkëshim	rrekkëshit	rrekkëshin	rrek	rrekni	rrekur
rreshk	rreshk	rreshk	rreshk	rreshkim	rreshkni	rreshkin	rreshkja	rreshkje	rreshkte	rreshknim	rreshknit	rreshknin	rreshka	rreshke	rreshki	rreshkëm	rreshkët	rreshkën	rreshkkam	rreshkke	rreshkka	rreshkkemi	rreshkkeni	rreshkkan	rreshkkësha	rreshkkëshe	rreshkkësh	rreshkkëshim	rreshkkëshit	rreshkkëshin	rreshk	rreshkni	rreshkur
rri	rri	rri	rri	rrimë	rrini	rrinë	rrija	rrije	rrinte	rrinim	rrinit	rrinin	ndenja	ndenje	ndenji	ndenjëm	ndenjët	ndenjën	ndenjkam	ndenjke	ndenjka	ndenjkemi	ndenjkeni	ndenjkan	ndenjkësha	ndenjkëshe	ndenjkësh	ndenjkëshim	ndenjkëshit	ndenjkëshin	rri	rrini	ndenjur
rris	rris	rrit	rrit	rrisim	rrisni	rrisin	rrisja	rrisje	rriste	rrisnim	rrisnit	rrisnin	rrita	rrite	rriti	rritëm	rritët	rritën	rritkam	rritke	rritka	rritkemi	rritkeni	rritkan	rritkësha	rritkëshe	rritkej	rritkëshim	rritkëshit	rritkëshin	Rrit!	Rritni!	rritur
rritem	rritem	rritesh	rritet	rritemi	rriteni	rriten	rritesha	rriteshe	rritej	rriteshim	rriteshit	rriteshin	-	-	-	-	-	-	-	-	-	-	-	-	-	-	-	-	-	-	Rritu!	Rrituni!	rritur
rrjedh	rrjedh	rrjedh	rrjedh	rrjedhim	rridhni	rrjedhin	rridhja	rridhje	rridhte	rridhnim	rridhnit	rridhnin	rrodha	rrodhe	rrodhi	rrodhëm	rrodhët	rrodhën	rrjedhkam	rrjedhke	rrjedhka	rrjedhkemi	rrjedhkeni	rrjedhkan	rrjedhkësha	rrjedhkëshe	rrjedhkej	rrjedhkëshim	rrjedhkëshit	rrjedhkëshin	rridh	rridhni	rrjedhur
rrok	rrok	rrok	rrok	rrokim	rrokni	rrokin	rrokja	rrokje	rrokte	rroknim	rroknit	rroknin	rroka	rroke	rroku	rrokëm	rrokët	rrokën	rrokkam	rrokke	rrokka	rrokkemi	rrokkeni	rrokkan	rrokkësha	rrokkëshe	rrokkësh	rrokkëshim	rrokkëshit	rrokkëshin	rrok	rrokni	rrokur
rruaj	rruaj	rruan	rruan	rruajmë	rruani	rruajnë	rruaja	rruaje	rruante	rruanim	rruanit	rruanin	rrova	rrove	rroi	rruam	rruat	rruan	rruakam	rruake	rruaka	rruakemi	rruakeni	rruakan	rruakësha	rruakëshe	rruakësh	rruakëshim	rruakëshit	rruakëshin	rruaj	rruani	rruar
rryej	rryej	rryen	rryen	rryejmë	rryeni	rryejnë	rryeja	rryeje	rryente	rryenim	rryenit	rryenin	rreva	rreve	rreu	rryem	rryet	rryen	rryekam	rryeke	rryeka	rryekemi	rryekeni	rryekan	rryekësha	rryekëshe	rryekësh	rryekëshim	rryekëshit	rryekëshin	rrye	rryeni	rryer
rrëbyth	rrëbyth	rrëbyth	rrëbyth	rrëbythim	rrëbythni	rrëbythin	rrëbythja	rrëbythje	rrëbythte	rrëbythnim	rrëbythnit	rrëbythnin	rrëbytha	rrëbythe	rrëbythi	rrëbythëm	rrëbythët	rrëbythën	rrëbythkam	rrëbythke	rrëbythka	rrëbythkemi	rrëbythkeni	rrëbythkan	rrëbythkësha	rrëbythkëshe	rrëbythkësh	rrëbythkëshim	rrëbythkëshit	rrëbythkëshin	rrëbyth	rrëbythni	rrëbythur
rrëfej	rrëfej	rrëfen	rrëfen	rrëfejmë	rrëfeni	rrëfejnë	rrëfeja	rrëfeje	rrëfente	rrëfenim	rrëfenit	rrëfenin	rrëfeva	rrëfeve	rrëfeu	rrëfyem	rrëfyet	rrëfyen	rrëfyekam	rrëfyeke	rrëfyeka	rrëfyekemi	rrëfyekeni	rrëfyekan	rrëfyekësha	rrëfyekëshe	rrëfyekësh	rrëfyekëshim	rrëfyekëshit	rrëfyekëshin	rrëfe	rrëfeni	rrëfyer
rrëkëllej	rrëkëllej	rrëkëllen	rrëkëllen	rrëkëllejmë	rrëkëlleni	rrëkëllejnë	rrëkëlleja	rrëkëlleje	rrëkëllente	rrëkëllenim	rrëkëllenit	rrëkëllenin	rrëkëlleva	rrëkëlleve	rrëkëlleu	rrëkëllyem	rrëkëllyet	rrëkëllyen	rrëkëllyekam	rrëkëllyeke	rrëkëllyeka	rrëkëllyekemi	rrëkëllyekeni	rrëkëllyekan	rrëkëllyekësha	rrëkëllyekëshe	rrëkëllyekësh	rrëkëllyekëshim	rrëkëllyekëshit	rrëkëllyekëshin	rrëkëlle	rrëkëlleni	rrëkëllyer
rrëmbej	rrëmbej	rrëmben	rrëmben	rrëmbejmë	rrëmbeni	rrëmbejnë	rrëmbeja	rrëmbeje	rrëmbente	rrëmbenim	rrëmbenit	rrëmbenin	rrëmbeva	rrëmbeve	rrëmbeu	rrëmbyem	rrëmbyet	rrëmbyen	rrëmbyekam	rrëmbyeke	rrëmbyeka	rrëmbyekemi	rrëmbyekeni	rrëmbyekan	rrëmbyekësha	rrëmbyekëshe	rrëmbyekësh	rrëmbyekëshim	rrëmbyekëshit	rrëmbyekëshin	rrëmbe	rrëmbeni	rrëmbyer
rrëvitem	rrëvitem	rrëvitesh	rrëvitet	rrëvitemi	rrëviteni	rrëviten	rrëvitesha	rrëviteshe	rrëvitej	rrëviteshim	rrëviteshit	rrëviteshin	-	-	-	-	-	-	-	-	-	-	-	-	-	-	-	-	-	-	rrëvitu	rrëvituni	rrëvitur
rys	rys	rys	rys	rysim	rysni	rysin	rysja	rysje	ryste	rysnim	rysnit	rysnin	rysa	ryse	rysi	rysëm	rysët	rysën	ryskam	ryske	ryska	ryskemi	ryskeni	ryskan	ryskësha	ryskëshe	ryskësh	ryskëshim	ryskëshit	ryskëshin	rys	rysni	rysur
sakrifikohem	sakrifikohem	sakrifikohesh	sakrifikohet	sakrifikohemi	sakrifikoheni	sakrifikohen	sakrifikohesha	sakrifikoheshe	sakrifikohej	sakrifikoheshim	sakrifikoheshit	sakrifikoheshin	sakrifikova	sakrifikove	sakrifikoi	sakrifikuam	sakrifikuat	sakrifikuan	sakrifikuakam	sakrifikuake	sakrifikuaka	sakrifikuakemi	sakrifikuakeni	sakrifikuakan	sakrifikuakësha	sakrifikuakëshe	sakrifikuakësh	sakrifikuakëshim	sakrifikuakëshit	sakrifikuakëshin	sakrifiko	sakrifikohuni	sakrifikuar
selit	selit	selit	selit	selitim	selitni	selitin	selitja	selitje	selitte	selitnim	selitnit	selitnin	selita	selite	seliti	selitëm	selitët	selitën	selitkam	selitke	selitka	selitkemi	selitkeni	selitkan	selitkësha	selitkëshe	selitkësh	selitkëshim	selitkëshit	selitkëshin	selit	selitni	selitur
shaj	shaj	shan	shan	shajmë	shani	shajnë	shaja	shaje	shante	shanim	shanit	shanin	shava	shave	shau	shamë	shatë	shanë	shakam	shake	shaka	shakemi	shakeni	shakan	shakësha	shakëshe	shakësh	shakëshim	shakëshit	shakëshin	shaj	shani	sharë
shajtoj	-	shajtoj	shajtoj	shajtojim	shajtojni	shajtojin	shajtojja	shajtojje	shajtojte	shajtojnim	shajtojnit	shajtojnin	shajtoja	shajtoje	shajtoji	shajtojëm	shajtojët	shajtojën	shajtojkam	shajtojke	shajtojka	shajtojkemi	shajtojkeni	shajtojkan	shajtojkësha	shajtojkëshe	shajtojkësh	shajtojkëshim	shajtojkëshit	shajtojkëshin	shajtoj	shajtojni	shajtojur
shemb	shemb	shemb	shemb	shembim	shembni	shembin	shembja	shembje	shembte	shembnim	shembnit	shembnin	shemba	shembe	shembi	shembëm	shembët	shembën	shembkam	shembke	shembka	shembkemi	shembkeni	shembkan	shembkësha	shembkëshe	shembkësh	shembkëshim	shembkëshit	shembkëshin	shemb	shembni	shembur
shfaq	shfaq	shfaq	shfaq	shfaqim	shfaqni	shfaqin	shfaqja	shfaqje	shfaqte	shfaqnim	shfaqnit	shfaqnin	shfaqa	shfaqe	shfaqi	shfaqëm	shfaqët	shfaqën	shfaqkam	shfaqke	shfaqka	shfaqkemi	shfaqkeni	shfaqkan	shfaqkësha	shfaqkëshe	shfaqkësh	shfaqkëshim	shfaqkëshit	shfaqkëshin	shfaq	shfaqni	shfaqur
shihem	shihem	shihesh	shihet	shihemi	shiheni	shihen	shihesha	shiheshe	-	shiheshim	shuheshit	shiheshin	-	-	-	-	-	-	-	-	-	-	-	-	-	-	-	-	-	-	shihu	shihuni	parë
shkadhit	shkadhit	shkadhit	shkadhit	shkadhitim	shkadhitni	shkadhitin	shkadhitja	shkadhitje	shkadhitte	shkadhitnim	shkadhitnit	shkadhitnin	shkadhita	shkadhite	shkadhiti	shkadhitëm	shkadhitët	shkadhitën	shkadhitkam	shkadhitke	shkadhitka	shkadhitkemi	shkadhitkeni	shkadhitkan	shkadhitkësha	shkadhitkëshe	shkadhitkësh	shkadhitkëshim	shkadhitkëshit	shkadhitkëshin	shkadhit	shkadhitni	shkadhitur
shkal	shkal	shkal	shkal	shkalim	shkalni	shkalin	shkalja	shkalje	shkalte	shkalnim	shkalnit	shkalnin	shkala	shkale	shkali	shkalëm	shkalët	shkalën	shkalkam	shkalke	shkalka	shkalkemi	shkalkeni	shkalkan	shkalkësha	shkalkëshe	shkalkësh	shkalkëshim	shkalkëshit	shkalkëshin	shkal	shkalni	shkalur
shkalit	shkalit	shkalit	shkalit	shkalitim	shkalitni	shkalitin	shkalitja	shkalitje	shkalitte	shkalitnim	shkalitnit	shkalitnin	shkalita	shkalite	shkaliti	shkalitëm	shkalitët	shkalitën	shkalitkam	shkalitke	shkalitka	shkalitkemi	shkalitkeni	shkalitkan	shkalitkësha	shkalitkëshe	shkalitkësh	shkalitkëshim	shkalitkëshit	shkalitkëshin	shkalit	shkalitni	shkalitur
shkath	shkath	shkath	shkath	shkathim	shkathni	shkathin	shkathja	shkathje	shkathte	shkathnim	shkathnit	shkathnin	shkatha	shkathe	shkathi	shkathëm	shkathët	shkathën	shkathkam	shkathke	shkathka	shkathkemi	shkathkeni	shkathkan	shkathkësha	shkathkëshe	shkathkësh	shkathkëshim	shkathkëshit	shkathkëshin	shkath	shkathni	shkathur
shkel	shkel	shkel	shkel	shkelim	shkelni	shkelin	shkelja	shkelje	shkelte	shkelnim	shkelnit	shkelnin	shkela	shkele	shkeli	shkelëm	shkelët	shkelën	shkelkam	shkelke	shkelka	shkelkemi	shkelkeni	shkelkan	shkelkësha	shkelkëshe	shkelkësh	shkelkëshim	shkelkëshit	shkelkëshin	shkel	shkelni	shkelur
shkep	shkep	shkep	shkep	shkepim	shkepni	shkepin	shkepja	shkepje	shkepte	shkepnim	shkepnit	shkepnin	shkepa	shkepe	shkepi	shkepëm	shkepët	shkepën	shkepkam	shkepke	shkepka	shkepkemi	shkepkeni	shkepkan	shkepkësha	shkepkëshe	shkepkësh	shkepkëshim	shkepkëshit	shkepkëshin	shkep	shkepni	shkepur
shkmes	shkmes	shkmes	shkmes	shkmesim	shkmesni	shkmesin	shkmesja	shkmesje	shkmeste	shkmesnim	shkmesnit	shkmesnin	shkmesa	shkmese	shkmesi	shkmesëm	shkmesët	shkmesën	shkmeskam	shkmeske	shkmeska	shkmeskemi	shkmeskeni	shkmeskan	shkmeskësha	shkmeskëshe	shkmeskësh	shkmeskëshim	shkmeskëshit	shkmeskëshin	shkmes	shkmesni	shkmesur
shkopis	shkopit	shkopit	shkopit	shkopitim	shkopitni	shkopitin	shkopitja	shkopitje	shkopitte	shkopitnim	shkopitnit	shkopitnin	shkopita	shkopite	shkopiti	shkopitëm	shkopitët	shkopitën	shkopitkam	shkopitke	shkopitka	shkopitkemi	shkopitkeni	shkopitkan	shkopitkësha	shkopitkëshe	shkopitkësh	shkopitkëshim	shkopitkëshit	shkopitkëshin	shkopit	shkopitni	shkopitur
shkoq	shkoq	shkoq	shkoq	shkoqim	shkoqni	shkoqin	shkoqja	shkoqje	shkoqte	shkoqnim	shkoqnit	shkoqnin	shkoqa	shkoqe	shkoqi	shkoqëm	shkoqët	shkoqën	shkoqkam	shkoqke	shkoqka	shkoqkemi	shkoqkeni	shkoqkan	shkoqkësha	shkoqkëshe	shkoqkësh	shkoqkëshim	shkoqkëshit	shkoqkëshin	shkoq	shkoqni	shkoqur
shkoqit	shkoqit	shkoqit	shkoqit	shkoqitim	shkoqitni	shkoqitin	shkoqitja	shkoqitje	shkoqitte	shkoqitnim	shkoqitnit	shkoqitnin	shkoqita	shkoqite	shkoqiti	shkoqitëm	shkoqitët	shkoqitën	shkoqitkam	shkoqitke	shkoqitka	shkoqitkemi	shkoqitkeni	shkoqitkan	shkoqitkësha	shkoqitkëshe	shkoqitkësh	shkoqitkëshim	shkoqitkëshit	shkoqitkëshin	shkoqit	shkoqitni	shkoqitur
shkreh	shkreh	shkreh	shkreh	shkrehim	shkrehni	shkrehin	shkrehja	shkrehje	shkrehte	shkrehnim	shkrehnit	shkrehnin	shkreha	shkrehe	shkrehu	shkrehëm	shkrehët	shkrehën	shkrehkam	shkrehke	shkrehka	shkrehkemi	shkrehkeni	shkrehkan	shkrehkësha	shkrehkëshe	shkrehkësh	shkrehkëshim	shkrehkëshit	shkrehkëshin	shkreh	shkrehni	shkrehur
shkrep	shkrep	shkrep	shkrep	shkrepim	shkrepni	shkrepin	shkrepja	shkrepje	shkrepte	shkrepnim	shkrepnit	shkrepnin	shkrepa	shkrepe	shkrepi	shkrepëm	shkrepët	shkrepën	shkrepkam	shkrepke	shkrepka	shkrepkemi	shkrepkeni	shkrepkan	shkrepkësha	shkrepkëshe	shkrepkësh	shkrepkëshim	shkrepkëshit	shkrepkëshin	shkrep	shkrepni	shkrepur
shkrif	shkrif	shkrif	shkrif	shkrifim	shkrifni	shkrifin	shkrifja	shkrifje	shkrifte	shkrifnim	shkrifnit	shkrifnin	shkrifa	shkrife	shkrifi	shkrifëm	shkrifët	shkrifën	shkrifkam	shkrifke	shkrifka	shkrifkemi	shkrifkeni	shkrifkan	shkrifkësha	shkrifkëshe	shkrifkësh	shkrifkëshim	shkrifkëshit	shkrifkëshin	shkrif	shkrifni	shkrifur
shkrij	shkrij	shkrin	shkrin	shkrijmë	shkrini	shkrijnë	shkrija	shkrije	shkrinte	shkrinim	shkrinit	shkrinin	shkriva	shkrive	shkriu	shkrimë	shkritë	shkrinë	shkrikam	shkrike	shkrika	shkrikemi	shkrikeni	shkrikan	shkrikësha	shkrikëshe	shkrikësh	shkrikëshim	shkrikëshit	shkrikëshin	shkri	shkrini	shkrirë
shkruaj	shkruaj	shkruan	shkruan	shkruajmë	shkruani	shkruajnë	shkruaja	shkruaje	shkruante	shkruanim	shkruanit	shkruanin	shkrova	shkrove	shkroi	shkruam	shkruat	shkruan	shkruakam	shkruake	shkruaka	shkruakemi	shkruakeni	shkruakan	shkruakësha	shkruakëshe	shkruakësh	shkruakëshim	shkruakëshit	shkruakëshin	shkruaj	shkruani	shkruar
shkrydh	shkrydh	shkrydh	shkrydh	shkrydhim	shkrydhni	shkrydhin	shkrydhja	shkrydhje	shkrydhte	shkrydhnim	shkrydhnit	shkrydhnin	shkrydha	shkrydhe	shkrydhi	shkrydhëm	shkrydhët	shkrydhën	shkrydhkam	shkrydhke	shkrydhka	shkrydhkemi	shkrydhkeni	shkrydhkan	shkrydhkësha	shkrydhkëshe	shkrydhkësh	shkrydhkëshim	shkrydhkëshit	shkrydhkëshin	shkrydh	shkrydhni	shkrydhur
shkul	shkul	shkul	shkul	shkulim	shkulni	shkulin	shkulja	shkulje	shkulte	shkulnim	shkulnit	shkulnin	shkula	shkule	shkuli	shkulëm	shkulët	shkulën	shkulkam	shkulke	shkulka	shkulkemi	shkulkeni	shkulkan	shkulkësha	shkulkëshe	shkulkësh	shkulkëshim	shkulkëshit	shkulkëshin	shkul	shkulni	shkulur
shkund	shkund	shkund	shkund	shkundim	shkundni	shkundin	shkundja	shkundje	shkundte	shkundnim	shkundnit	shkundnin	shkunda	shkunde	shkundi	shkundëm	shkundët	shkundën	shkundkam	shkundke	shkundka	shkundkemi	shkundkeni	shkundkan	shkundkësha	shkundkëshe	shkundkësh	shkundkëshim	shkundkëshit	shkundkëshin	shkund	shkundni	shkundur
shkurtohem	shkurtohem	shkurtohesh	shkurtohet	shkurtohemi	shkurtoheni	shkurtohen	shkurtohesha	shkurtoheshe	shkurtohej	shkurtoheshim	shkurtoheshit	shkurtoheshin	shkurtova	shkurtove	shkurtoi	shkurtuam	shkurtuat	shkurtuan	shkurtuakam	shkurtuake	shkurtuaka	shkurtuakemi	shkurtuakeni	shkurtuakan	shkurtuakësha	shkurtuakëshe	shkurtuakësh	shkurtuakëshim	shkurtuakëshit	shkurtuakëshin	shkurto	shkurtohuni	shkurtuar
shkëlqej	shkëlqej	shkëlqen	shkëlqen	shkëlqejmë	shkëlqeni	shkëlqejnë	shkëlqeja	shkëlqeje	shkëlqente	shkëlqenim	shkëlqenit	shkëlqenin	shkëlqeva	shkëlqeve	shkëlqeu	shkëlqyem	shkëlqyet	shkëlqyen	shkëlqyekam	shkëlqyeke	shkëlqyeka	shkëlqyekemi	shkëlqyekeni	shkëlqyekan	shkëlqyekësha	shkëlqyekëshe	shkëlqyekësh	shkëlqyekëshim	shkëlqyekëshit	shkëlqyekëshin	shkëlqe	shkëlqeni	shkëlqyer
shkëputem	shkëputem	shkëputesh	shkëputet	shkëputemi	shkëputeni	shkëputen	shkëputesha	shkëputeshe	shkëputej	shkëputeshim	shkëputeshit	shkëputeshin	-	-	-	-	-	-	-	-	-	-	-	-	-	-	-	-	-	-	shkëputu	shkëputuni	shkëputur
shkërbej	shkërbej	shkërben	shkërben	shkërbejmë	shkërbeni	shkërbejnë	shkërbeja	shkërbeje	shkërbente	shkërbenim	shkërbenit	shkërbenin	shkërbeva	shkërbeve	shkërbeu	shkërbyem	shkërbyet	shkërbyen	shkërbyekam	shkërbyeke	shkërbyeka	shkërbyekemi	shkërbyekeni	shkërbyekan	shkërbyekësha	shkërbyekëshe	shkërbyekësh	shkërbyekëshim	shkërbyekëshit	shkërbyekëshin	shkërbe	shkërbeni	shkërbyer
shkërdhej	shkërdhej	shkërdhen	shkërdhen	shkërdhejmë	shkërdheni	shkërdhejnë	shkërdheja	shkërdheje	shkërdhente	shkërdhenim	shkërdhenit	shkërdhenin	shkërdheva	shkërdheve	shkërdheu	shkërdhyem	shkërdhyet	shkërdhyen	shkërdhyekam	shkërdhyeke	shkërdhyeka	shkërdhyekemi	shkërdhyekeni	shkërdhyekan	shkërdhyekësha	shkërdhyekëshe	shkërdhyekësh	shkërdhyekëshim	shkërdhyekëshit	shkërdhyekëshin	shkërdhe	shkërdheni	shkërdhyer
shkërmoq	shkërmoq	shkërmoq	shkërmoq	shkërmoqim	shkërmoqni	shkërmoqin	shkërmoqja	shkërmoqje	shkërmoqte	shkërmoqnim	shkërmoqnit	shkërmoqnin	shkërmoqa	shkërmoqe	shkërmoqi	shkërmoqëm	shkërmoqët	shkërmoqën	shkërmoqkam	shkërmoqke	shkërmoqka	shkërmoqkemi	shkërmoqkeni	shkërmoqkan	shkërmoqkësha	shkërmoqkëshe	shkërmoqkësh	shkërmoqkëshim	shkërmoqkëshit	shkërmoqkëshin	shkërmoq	shkërmoqni	shkërmoqur
shlyej	shlyej	shlyen	shlyen	shlyejmë	shlyeni	shlyejnë	shlyeja	shlyeje	shlyente	shlyenim	shlyenit	shlyenin	shleva	shleve	shleu	shlyem	shlyet	shlyen	shlyekam	shlyeke	shlyeka	shlyekemi	shlyekeni	shlyekan	shlyekësha	shlyekëshe	shlyekësh	shlyekëshim	shlyekëshit	shlyekëshin	shlye	shlyeni	shlyer
shmang	shmang	shmang	shmang	shmangim	shmangni	shmangin	shmangja	shmangje	shmangte	shmangnim	shmangnit	shmangnin	shmanga	shmange	shmangu	shmangëm	shmangët	shmangën	shmangkam	shmangke	shmangka	shmangkemi	shmangkeni	shmangkan	shmangkësha	shmangkëshe	shmangkësh	shmangkëshim	shmangkëshit	shmangkëshin	shmang	shmangni	shmangur
shndrit	shndrit	shndrit	shndrit	shndritim	shndritni	shndritin	shndritja	shndritje	shndritte	shndritnim	shndritnit	shndritnin	shndrita	shndrite	shndriti	shndritëm	shndritët	shndritën	shndritkam	shndritke	shndritka	shndritkemi	shndritkeni	shndritkan	shndritkësha	shndritkëshe	shndritkësh	shndritkëshim	shndritkëshit	shndritkëshin	shndrit	shndritni	shndritur
shoh	shoh	sheh	sheh	shohim	shihni	shohin	shihja	shihje	shihte	shihnim	shihnit	shihnin	pashë	pe	pa	pamë	patë	panë	pakam	pake	paka	pakemi	pakeni	pakan	pakësha	pakëshe	pakësh	pakëshim	pakëshit	pakëshin	shih	shihni	parë
shorr	shorr	shorr	shorr	shorrim	shorrni	shorrin	shorrja	shorrje	shorrte	shorrnim	shorrnit	shorrnin	shorra	shorre	shorri	shorrëm	shorrët	shorrën	shorrkam	shorrke	shorrka	shorrkemi	shorrkeni	shorrkan	shorrkësha	shorrkëshe	shorrkësh	shorrkëshim	shorrkëshit	shorrkëshin	shorr	shorrni	shorrur
shosh	shosh	shosh	shosh	shoshim	shoshni	shoshin	shoshja	shoshje	shoshte	shoshnim	shoshnit	shoshnin	shosha	shoshe	shoshi	shoshëm	shoshët	shoshën	shoshkam	shoshke	shoshka	shoshkemi	shoshkeni	shoshkan	shoshkësha	shoshkëshe	shoshkësh	shoshkëshim	shoshkëshit	shoshkëshin	shosh	shoshni	shoshur
shpall	shpall	shpall	shpall	shpallim	shpallni	shpallin	shpallja	shpallje	shpallte	shpallnim	shpallnit	shpallnin	shpalla	shpalle	shpalli	shpallëm	shpallët	shpallën	shpallkam	shpallke	shpallka	shpallkemi	shpallkeni	shpallkan	shpallkësha	shpallkëshe	shpallkësh	shpallkëshim	shpallkëshit	shpallkëshin	shpall	shpallni	shpallur
shperr	shperr	shperr	shperr	shperrim	shperrni	shperrin	shperrja	shperrje	shperrte	shperrnim	shperrnit	shperrnin	shperra	shperre	shperri	shperrëm	shperrët	shperrën	shperrkam	shperrke	shperrka	shperrkemi	shperrkeni	shperrkan	shperrkësha	shperrkëshe	shperrkësh	shperrkëshim	shperrkëshit	shperrkëshin	shperr	shperrni	shperrur
shpif	shpif	shpif	shpif	shpifim	shpifni	shpifin	shpifja	shpifje	shpifte	shpifnim	shpifnit	shpifnin	shpifa	shpife	shpifi	shpifëm	shpifët	shpifën	shpifkam	shpifke	shpifka	shpifkemi	shpifkeni	shpifkan	shpifkësha	shpifkëshe	shpifkësh	shpifkëshim	shpifkëshit	shpifkëshin	shpif	shpifni	shpifur
shpik	shpik	shpik	shpik	shpikim	shpikni	shpikin	shpikja	shpikje	shpikte	shpiknim	shpiknit	shpiknin	shpika	shpike	shpiku	shpikëm	shpikët	shpikën	shpikkam	shpikke	shpikka	shpikkemi	shpikkeni	shpikkan	shpikkësha	shpikkëshe	shpikkësh	shpikkëshim	shpikkëshit	shpikkëshin	shpik	shpikni	shpikur
shporr	shporr	shporr	shporr	shporrim	shporrni	shporrin	shporrja	shporrje	shporrte	shporrnim	shporrnit	shporrnin	shporra	shporre	shporri	shporrëm	shporrët	shporrën	shporrkam	shporrke	shporrka	shporrkemi	shporrkeni	shporrkan	shporrkësha	shporrkëshe	shporrkësh	shporrkëshim	shporrkëshit	shporrkëshin	shporr	shporrni	shporrur
shpotit	shpotit	shpotit	shpotit	shpotitim	shpotitni	shpotitin	shpotitja	shpotitje	shpotitte	shpotitnim	shpotitnit	shpotitnin	shpotita	shpotite	shpotiti	shpotitëm	shpotitët	shpotitën	shpotitkam	shpotitke	shpotitka	shpotitkemi	shpotitkeni	shpotitkan	shpotitkësha	shpotitkëshe	shpotitkësh	shpotitkëshim	shpotitkëshit	shpotitkëshin	shpotit	shpotitni	shpotitur
shpreh	shpreh	shpreh	shpreh	shprehim	shprehni	shprehin	shprehja	shprehje	shprehte	shprehnim	shprehnit	shprehnin	shpreha	shprehe	shprehu	shprehëm	shprehët	shprehën	shprehkam	shprehke	shprehka	shprehkemi	shprehkeni	shprehkan	shprehkësha	shprehkëshe	shprehkësh	shprehkëshim	shprehkëshit	shprehkëshin	shpreh	shprehni	shprehur
shprehem	shprehem	shprehesh	shprehet	shprehemi	shpreheni	shprehen	shprehesha	shpreheshe	shprehej	shpreheshim	shpreheshit	shpreheshin	-	-	-	-	-	-	-	-	-	-	-	-	-	-	shprehkej	-	-	-	shprehu	shprehuni	shprehur
shpurdh	shpurdh	shpurdh	shpurdh	shpurdhim	shpurdhni	shpurdhin	shpurdhja	shpurdhje	shpurdhte	shpurdhnim	shpurdhnit	shpurdhnin	shpurdha	shpurdhe	shpurdhi	shpurdhëm	shpurdhët	shpurdhën	shpurdhkam	shpurdhke	shpurdhka	shpurdhkemi	shpurdhkeni	shpurdhkan	shpurdhkësha	shpurdhkëshe	shpurdhkësh	shpurdhkëshim	shpurdhkëshit	shpurdhkëshin	shpurdh	shpurdhni	shpurdhur
shpurrit	shpurrit	shpurrit	shpurrit	shpurritim	shpurritni	shpurritin	shpurritja	shpurritje	shpurritte	shpurritnim	shpurritnit	shpurritnin	shpurrita	shpurrite	shpurriti	shpurritëm	shpurritët	shpurritën	shpurritkam	shpurritke	shpurritka	shpurritkemi	shpurritkeni	shpurritkan	shpurritkësha	shpurritkëshe	shpurritkësh	shpurritkëshim	shpurritkëshit	shpurritkëshin	shpurrit	shpurritni	shpurritur
shpërblej	shpërblej	shpërblen	shpërblen	shpërblejmë	shpërbleni	shpërblejnë	shpërbleja	shpërbleje	shpërblente	shpërblenim	shpërblenit	shpërblenin	shpërbleva	shpërbleve	shpërbleu	shpërblyem	shpërblyet	shpërblyen	shpërblyekam	shpërblyeke	shpërblyeka	shpërblyekemi	shpërblyekeni	shpërblyekan	shpërblyekësha	shpërblyekëshe	shpërblyekësh	shpërblyekëshim	shpërblyekëshit	shpërblyekëshin	shpërble	shpërbleni	shpërblyer
shpërfill	shpërfill	shpërfill	shpërfill	shpërfillim	shpërfillni	shpërfillin	shpërfillja	shpërfillje	shpërfillte	shpërfillnim	shpërfillnit	shpërfillnin	shpërfilla	shpërfille	shpërfilli	shpërfillëm	shpërfillët	shpërfillën	shpërfillkam	shpërfillke	shpërfillka	shpërfillkemi	shpërfillkeni	shpërfillkan	shpërfillkësha	shpërfillkëshe	shpërfillkësh	shpërfillkëshim	shpërfillkëshit	shpërfillkëshin	shpërfill	shpërfillni	shpërfillur
shqep	shqep	shqep	shqep	shqepim	shqepni	shqepin	shqepja	shqepje	shqepte	shqepnim	shqepnit	shqepnin	shqepa	shqepe	shqepi	shqepëm	shqepët	shqepën	shqepkam	shqepke	shqepka	shqepkemi	shqepkeni	shqepkan	shqepkësha	shqepkëshe	shqepkësh	shqepkëshim	shqepkëshit	shqepkëshin	shqep	shqepni	shqepur
shqerr	shqerr	shqerr	shqerr	shqerrim	shqerrni	shqerrin	shqirja	shqirje	shqirte	shqirnim	shqirnit	shqirnin	shqora	shqore	shqori	shqorëm	shqorët	shqorën	shqerrkam	shqerrke	shqerrka	shqerrkemi	shqerrkeni	shqerrkan	shqerrkësha	shqerrkëshe	shqerrkësh	shqerrkëshim	shqerrkëshit	shqerrkëshin	shqir	shqirni	shqerrë
shqetësohem	shqetësohem	shqetësohesh	shqetësohet	shqetësohemi	shqetësoheni	shqetësohen	shqetësohesha	shqetësoheshe	shqetësohej	shqetësoheshim	shqetësoheshit	shqetësoheshin	-	-	-	-	-	-	-	-	-	-	-	-	-	-	-	-	-	-	shqetësohu	shqetësohuni	shqetësuar
shqim	shqim	shqim	shqim	shqimim	shqimni	shqimin	shqimja	shqimje	shqimte	shqimnim	shqimnit	shqimnin	shqima	shqime	shqimi	shqimëm	shqimët	shqimën	shqimkam	shqimke	shqimka	shqimkemi	shqimkeni	shqimkan	shqimkësha	shqimkëshe	shqimkësh	shqimkëshim	shqimkëshit	shqimkëshin	shqim	shqimni	shqimur
shqipohem	shqipohem	shqipohesh	shqipohet	shqipohemi	shqipoheni	shqipohen	shqipohesha	shqipoheshe	shqipohej	shqipoheshim	shqipoheshit	shqipoheshin	shqipova	shqipove	shqipoi	shqipuam	shqipuat	shqipuan	shqipuakam	shqipuake	shqipuaka	shqipuakemi	shqipuakeni	shqipuakan	shqipuakësha	shqipuakëshe	shqipuakësh	shqipuakëshim	shqipuakëshit	shqipuakëshin	shqipo	shqipohuni	shqipuar
shqipohet	shqipohem	shqipohesh	shqipohet	shqipohemi	shqipoheni	shqipohen	shqipohesha	shqipoheshe	shqipohej	shqipoheshim	shqipoheshit	shqipoheshin	shqipova	shqipove	shqipoi	shqipuam	shqipuat	shqipuan	shqipuakam	shqipuake	shqipuaka	shqipuakemi	shqipuakeni	shqipuakan	shqipuakësha	shqipuakëshe	shqipuakësh	shqipuakëshim	shqipuakëshit	shqipuakëshin	shqipo	shqipohuni	shqipuar
shqipon	shqipohem	shqipohesh	shqipohet	shqipohemi	shqipoheni	shqipohen	shqipohesha	shqipoheshe	shqipohej	shqipoheshim	shqipoheshit	shqipoheshin	shqipova	shqipove	shqipoi	shqipuam	shqipuat	shqipuan	shqipuakam	shqipuake	shqipuaka	shqipuakemi	shqipuakeni	shqipuakan	shqipuakësha	shqipuakëshe	shqipuakësh	shqipuakëshim	shqipuakëshit	shqipuakëshin	shqipo	shqipohuni	shqipuar
shqiptohem	shqiptohem	shqiptohesh	shqiptohet	shqiptohemi	shqiptoheni	shqiptohen	shqiptohesha	shqiptoheshe	shqiptohej	shqiptoheshim	shqiptoheshit	shqiptoheshin	-	-	-	-	-	-	-	-	-	-	-	-	-	-	-	-	-	-	shqiptohu	shqiptohuni	shqiptuar
shqit	shqit	shqit	shqit	shqitim	shqitni	shqitin	shqitja	shqitje	shqitte	shqitnim	shqitnit	shqitnin	shqita	shqite	shqiti	shqitëm	shqitët	shqitën	shqitkam	shqitke	shqitka	shqitkemi	shqitkeni	shqitkan	shqitkësha	shqitkëshe	shqitkësh	shqitkëshim	shqitkëshit	shqitkëshin	shqit	shqitni	shqitur
shqitem	shqitem	shqitesh	shqitet	shqitemi	shqiteni	shqiten	shqitesha	shqiteshe	shqitej	shqiteshim	shqiteshit	shqiteshin	-	-	-	-	-	-	-	-	-	-	-	-	-	-	-	-	-	-	shqitu	shqituni	shqitur
shquaj	shquaj	shquan	shquan	shquajmë	shquani	shquajnë	shquaja	shquaje	shquante	shquanim	shquanit	shquanin	shqova	shqove	shqoi	shquam	shquat	shquan	shquakam	shquake	shquaka	shquakemi	shquakeni	shquakan	shquakësha	shquakëshe	shquakësh	shquakëshim	shquakëshit	shquakëshin	shquaj	shquani	shquar
shtang	shtang	shtang	shtang	shtangim	shtangni	shtangin	shtangja	shtangje	shtangte	shtangnim	shtangnit	shtangnin	shtanga	shtange	shtangu	shtangëm	shtangët	shtangën	shtangkam	shtangke	shtangka	shtangkemi	shtangkeni	shtangkan	shtangkësha	shtangkëshe	shtangkësh	shtangkëshim	shtangkëshit	shtangkëshin	shtang	shtangni	shtangur
shter	shter	shter	shter	shterim	shterni	shterin	shterja	shterje	shterte	shternim	shternit	shternin	shtera	shtere	shteri	shterëm	shterët	shterën	shterkam	shterke	shterka	shterkemi	shterkeni	shterkan	shterkësha	shterkëshe	shterkësh	shterkëshim	shterkëshit	shterkëshin	shter	shterni	shterur
shtir	shtir	shtir	shtir	shtirim	shtirni	shtirin	shtirja	shtirje	shtirte	shtirnim	shtirnit	shtirnin	shtira	shtire	shtiri	shtirëm	shtirët	shtirën	shtirkam	shtirke	shtirka	shtirkemi	shtirkeni	shtirkan	shtirkësha	shtirkëshe	shtirkësh	shtirkëshim	shtirkëshit	shtirkëshin	shtir	shtirni	shtirur
shtohem	shtohem	shtohesh	shtohet	shtohemi	shtoheni	shtohen	shtohesha	shtoheshe	shtohej	shtoheshim	shtoheshit	shtoheshin	-	-	-	-	-	-	-	-	-	-	-	-	-	-	-	-	-	-	shtohu	shtohuni	shtuar
shtrydh	shtrydh	shtrydh	shtrydh	shtrydhim	shtrydhni	shtrydhin	shtrydhja	shtrydhje	shtrydhte	shtrydhnim	shtrydhnit	shtrydhnin	shtrydha	shtrydhe	shtrydhi	shtrydhëm	shtrydhët	shtrydhën	shtrydhkam	shtrydhke	shtrydhka	shtrydhkemi	shtrydhkeni	shtrydhkan	shtrydhkësha	shtrydhkëshe	shtrydhkësh	shtrydhkëshim	shtrydhkëshit	shtrydhkëshin	shtrydh	shtrydhni	shtrydhur
shtyp	shtyp	shtyp	shtyp	shtypim	shtypni	shtypin	shtypja	shtypje	shtypte	shtypnim	shtypnit	shtypnin	shtypa	shtype	shtypi	shtypëm	shtypët	shtypën	shtypkam	shtypke	shtypka	shtypkemi	shtypkeni	shtypkan	shtypkësha	shtypkëshe	shtypkësh	shtypkëshim	shtypkëshit	shtypkëshin	shtyp	shtypni	shtypur
shuaj	shuaj	shuaj	shuaj	shuajim	shuajni	shuajin	shuajja	shuajje	shuajte	shuajnim	shuajnit	shuajnin	shuajta	shuajte	shuajti	shuajtëm	shuajtët	shuajtën	shuajtkam	shuajtke	shuajtka	shuajtkemi	shuajtkeni	shuajtkan	shuajtkësha	shuajtkëshe	shuajtkësh	shuajtkëshim	shuajtkëshit	shuajtkëshin	shuaj	shuajni	shuajtur
shuk	shuk	shuk	shuk	shukim	shukni	shukin	shukja	shukje	shukte	shuknim	shuknit	shuknin	shuka	shuke	shuku	shukëm	shukët	shukën	shukkam	shukke	shukka	shukkemi	shukkeni	shukkan	shukkësha	shukkëshe	shukkësh	shukkëshim	shukkëshit	shukkëshin	shuk	shukni	shukur
shurdh	shurdh	shurdh	shurdh	shurdhim	shurdhni	shurdhin	shurdhja	shurdhje	shurdhte	shurdhnim	shurdhnit	shurdhnin	shurdha	shurdhe	shurdhi	shurdhëm	shurdhët	shurdhën	shurdhkam	shurdhke	shurdhka	shurdhkemi	shurdhkeni	shurdhkan	shurdhkësha	shurdhkëshe	shurdhkësh	shurdhkëshim	shurdhkëshit	shurdhkëshin	shurdh	shurdhni	shurdhur
shurrohem	shurrohem	shurrohesh	shurrohet	shurrohemi	shurroheni	shurrohen	shurrohesha	shurroheshe	shurrohej	shurroheshim	shurroheshit	shurroheshin	-	-	-	-	-	-	-	-	-	-	-	-	-	-	-	-	-	-	shurrohu	shurrohuni	shurruar
shërbej	shërbej	shërben	shërben	shërbejmë	shërbeni	shërbejnë	shërbeja	shërbeje	shërbente	shërbenim	shërbenit	shërbenin	shërbeva	shërbeve	shërbeu	shërbyem	shërbyet	shërbyen	shërbyekam	shërbyeke	shërbyeka	shërbyekemi	shërbyekeni	shërbyekan	shërbyekësha	shërbyekëshe	shërbyekësh	shërbyekëshim	shërbyekëshit	shërbyekëshin	shërbe	shërbeni	shërbyer
shëtit	shëtit	shëtit	shëtit	shëtitim	shëtitni	shëtitin	shëtitja	shëtitje	shëtitte	shëtitnim	shëtitnit	shëtitnin	shëtita	shëtite	shëtiti	shëtitëm	shëtitët	shëtitën	shëtitkam	shëtitke	shëtitka	shëtitkemi	shëtitkeni	shëtitkan	shëtitkësha	shëtitkëshe	shëtitkësh	shëtitkëshim	shëtitkëshit	shëtitkëshin	shëtit	shëtitni	shëtitur
sjell	sjell	sjell	sjell	sjellim	sillni	sjellin	sillja	sillje	sillte	sillnim	sillnit	sillnin	solla	solle	solli	sollëm	sollët	sollën	sjellkam	sjellke	sjellka	sjellkemi	sjellkeni	sjellkan	sjellkësha	sjellkëshe	sjellkësh	sjellkëshim	sjellkëshit	sjellkëshin	sill	sillni	sjellur
skalit	skalit	skalit	skalit	skalitim	skalitni	skalitin	skalitja	skalitje	skalitte	skalitnim	skalitnit	skalitnin	skalita	skalite	skaliti	skalitëm	skalitët	skalitën	skalitkam	skalitke	skalitka	skalitkemi	skalitkeni	skalitkan	skalitkësha	skalitkëshe	skalitkësh	skalitkëshim	skalitkëshit	skalitkëshin	skalit	skalitni	skalitur
skuq	skuq	skuq	skuq	skuqim	skuqni	skuqin	skuqja	skuqje	skuqte	skuqnim	skuqnit	skuqnin	skuqa	skuqe	skuqi	skuqëm	skuqët	skuqën	skuqkam	skuqke	skuqka	skuqkemi	skuqkeni	skuqkan	skuqkësha	skuqkëshe	skuqkësh	skuqkëshim	skuqkëshit	skuqkëshin	skuq	skuqni	skuqur
sodit	sodit	sodit	sodit	soditim	soditni	soditin	soditja	soditje	soditte	soditnim	soditnit	soditnin	sodita	sodite	soditi	soditëm	soditët	soditën	soditkam	soditke	soditka	soditkemi	soditkeni	soditkan	soditkësha	soditkëshe	soditkësh	soditkëshim	soditkëshit	soditkëshin	sodit	soditni	soditur
sodomizohem	sodomizohem	sodomizohesh	sodomizohet	sodomizohemi	sodomizoheni	sodomizohen	sodomizohesha	sodomizoheshe	sodomizohej	sodomizoheshim	sodomizoheshit	sodomizoheshin	-	-	-	-	-	-	-	-	-	-	-	-	-	-	-	-	-	-	sodomizohu	sodomizohuni	sodomizuar
sos	sos	sos	sos	sosim	sosni	sosin	sosja	sosje	soste	sosnim	sosnit	sosnin	sosa	sose	sosi	sosëm	sosët	sosën	soskam	soske	soska	soskemi	soskeni	soskan	soskësha	soskëshe	soskësh	soskëshim	soskëshit	soskëshin	sos	sosni	sosur
spikat	spikat	spikat	spikat	spikatim	spikatni	spikatin	spikatja	spikatje	spikatte	spikatnim	spikatnit	spikatnin	spikata	spikate	spikati	spikatëm	spikatët	spikatën	spikatkam	spikatke	spikatka	spikatkemi	spikatkeni	spikatkan	spikatkësha	spikatkëshe	spikatkësh	spikatkëshim	spikatkëshit	spikatkëshin	spikat	spikatni	spikatur
sqaq	sqaq	sqaq	sqaq	sqaqim	sqaqni	sqaqin	sqaqja	sqaqje	sqaqte	sqaqnim	sqaqnit	sqaqnin	sqaqa	sqaqe	sqaqi	sqaqëm	sqaqët	sqaqën	sqaqkam	sqaqke	sqaqka	sqaqkemi	sqaqkeni	sqaqkan	sqaqkësha	sqaqkëshe	sqaqkësh	sqaqkëshim	sqaqkëshit	sqaqkëshin	sqaq	sqaqni	sqaqur
stepem	stepem	stepesh	stepet	stepemi	stepeni	stepen	stepesha	stepeshe	stepej	stepeshim	stepeshit	stepeshin	-	-	-	-	-	-	-	-	-	-	-	-	-	-	-	-	-	-	stepu	stepuni	stepur
stopohem	stopohem	stopohesh	stopohet	stopohemi	stopoheni	stopohen	stopohesha	stopoheshe	stopohej	stopoheshim	stopoheshit	stopoheshin	-	-	-	-	-	-	-	-	-	-	-	-	-	-	-	-	-	-	stopohu	stopohuni	stopuar
stërvis	stërvit	stërvit	stërvit	stërvitim	stërvitni	stërvitin	stërvitja	stërvitje	stërvitte	stërvitnim	stërvitnit	stërvitnin	stërvita	stërvite	stërviti	stërvitëm	stërvitët	stërvitën	stërvitkam	stërvitke	stërvitka	stërvitkemi	stërvitkeni	stërvitkan	stërvitkësha	stërvitkëshe	stërvitkësh	stërvitkëshim	stërvitkëshit	stërvitkëshin	stërvit	stërvitni	stërvitur
stërvit	stërvit	stërvit	stërvit	stërvitim	stërvitni	stërvitin	stërvitja	stërvitje	stërvitte	stërvitnim	stërvitnit	stërvitnin	stërvita	stërvite	stërviti	stërvitëm	stërvitët	stërvitën	stërvitkam	stërvitke	stërvitka	stërvitkemi	stërvitkeni	stërvitkan	stërvitkësha	stërvitkëshe	stërvitkësh	stërvitkëshim	stërvitkëshit	stërvitkëshin	stërvit	stërvitni	stërvitur
sulem	sulem	sulesh	sulet	sulemi	suleni	sulen	sulesha	suleshe	sulej	suleshim	suleshit	suleshin	-	-	-	-	-	-	-	-	-	-	-	-	-	-	-	-	-	-	sulu	suluni	sulur
sulmohem	sulmohem	sulmohesh	sulmohet	sulmohemi	sulmoheni	sulmohen	sulmohesha	sulmoheshe	sulmohej	sulmoheshim	sulmoheshit	sulmoheshin	-	-	-	-	-	-	-	-	-	-	-	-	-	-	-	-	-	-	sulmohu	sulmohuni	sulmuar
sëmur	sëmur	sëmur	sëmur	sëmurim	sëmurni	sëmurin	sëmurja	sëmurje	sëmurte	sëmurnim	sëmurnit	sëmurnin	sëmura	sëmure	sëmuri	sëmurëm	sëmurët	sëmurën	sëmurkam	sëmurke	sëmurka	sëmurkemi	sëmurkeni	sëmurkan	sëmurkësha	sëmurkëshe	sëmurkësh	sëmurkëshim	sëmurkëshit	sëmurkëshin	sëmur	sëmurni	sëmurur
takohem	takohem	takohesh	takohet	takohemi	takoheni	takohen	takohesha	takoheshe	takohej	takoheshim	takoheshit	takoheshin	-	-	-	-	-	-	-	-	-	-	-	-	-	-	-	-	-	-	takohu	takohuni	takuar
tall	tall	tall	tall	tallim	tallni	tallin	tallja	tallje	tallte	tallnim	tallnit	tallnin	talla	talle	talli	tallëm	tallët	tallën	tallkam	tallke	tallka	tallkemi	tallkeni	tallkan	tallkësha	tallkëshe	tallkësh	tallkëshim	tallkëshit	tallkëshin	tall	tallni	tallur
ter	ter	ter	ter	terim	terni	terin	terja	terje	terte	ternim	ternit	ternin	tera	tere	teri	terëm	terët	terën	terkam	terke	terka	terkemi	terkeni	terkan	terkësha	terkëshe	terkësh	terkëshim	terkëshit	terkëshin	ter	terni	terur
thaj	thaj	than	than	thajmë	thani	thajnë	thaja	thaje	thante	thanim	thanit	thanin	thava	thave	thau	thamë	thatë	thanë	thakam	thake	thaka	thakemi	thakeni	thakan	thakësha	thakëshe	thakësh	thakëshim	thakëshit	thakëshin	thaj	thani	tharë
thar	thar	thar	thar	tharim	tharni	tharin	tharja	tharje	tharte	tharnim	tharnit	tharnin	thara	thare	thari	tharëm	tharët	tharën	tharkam	tharke	tharka	tharkemi	tharkeni	tharkan	tharkësha	tharkëshe	tharkësh	tharkëshim	tharkëshit	tharkëshin	thar	tharni	tharur
tharb	tharb	tharb	tharb	tharbim	tharbni	tharbin	tharbja	tharbje	tharbte	tharbnim	tharbnit	tharbnin	tharba	tharbe	tharbi	tharbëm	tharbët	tharbën	tharbkam	tharbke	tharbka	tharbkemi	tharbkeni	tharbkan	tharbkësha	tharbkëshe	tharbkësh	tharbkëshim	tharbkëshit	tharbkëshin	tharb	tharbni	tharbur
thek	thek	thek	thek	thekim	thekni	thekin	thekja	thekje	thekte	theknim	theknit	theknin	theka	theke	theki	thekëm	thekët	thekën	thekkam	thekke	thekka	thekkemi	thekkeni	thekkan	thekkësha	thekkëshe	thekkësh	thekkëshim	thekkëshit	thekkëshin	thek	thekni	thekur
them	them	thua	thotë	themi	thoni	thonë	thosha	thoshe	thoshte	thoshim	thoshit	thoshin	thashë	the	tha	thamë	thatë	thanë	thënkam	thënke	thënka	thënkemi	thënkeni	thënkan	thënkësha	thënkëshe	thënkësh	thënkëshim	thënkëshit	thënkëshin	thuaj	thoni	thënë
ther	ther	ther	ther	therim	therni	therin	therja	therje	therte	thernim	thernit	thernin	thera	there	theri	therëm	therët	therën	therkam	therke	therka	therkemi	therkeni	therkan	therkësha	therkëshe	therkësh	therkëshim	therkëshit	therkëshin	ther	therni	therur
thith	thith	thith	thith	thithim	thithni	thithin	thithja	thithje	thithte	thithnim	thithnit	thithnin	thitha	thithe	thithi	thithëm	thithët	thithën	thithkam	thithke	thithka	thithkemi	thithkeni	thithkan	thithkësha	thithkëshe	thithkësh	thithkëshim	thithkëshit	thithkëshin	thith	thithni	thithur
thuk	thuk	thuk	thuk	thukim	thukni	thukin	thukja	thukje	thukte	thuknim	thuknit	thuknin	thuka	thuke	thuku	thukëm	thukët	thukën	thukkam	thukke	thukka	thukkemi	thukkeni	thukkan	thukkësha	thukkëshe	thukkësh	thukkëshim	thukkëshit	thukkëshin	thuk	thukni	thukur
thur	thur	thur	thur	thurim	thurni	thurin	thurja	thurje	thurte	thurnim	thurnit	thurnin	thura	thure	thuri	thurëm	thurët	thurën	thurkam	thurke	thurka	thurkemi	thurkeni	thurkan	thurkësha	thurkëshe	thurkësh	thurkëshim	thurkëshit	thurkëshin	thur	thurni	thurur
thërras	thërras	thërret	thërret	thërrasim	thërritni	thërrasin	thërritja	thërritje	thërriste	thërritnim	thërritnit	thërritnin	thërrita	thërrite	thërriti	thërritëm	thërritët	thërritën	thërritkam	thërritke	thërritka	thërritkemi	thërritkeni	thërritkan	thërritkësha	thërritkëshe	thërritkësh	thërritkëshim	thërritkëshit	thërritkëshin	thërrit	thërritni	thërritur
tiganis	tiganis	tiganis	tiganis	tiganisim	tiganisni	tiganisin	tiganisja	tiganisje	tiganiste	tiganisnim	tiganisnit	tiganisnin	tiganisa	tiganise	tiganisi	tiganisëm	tiganisët	tiganisën	tiganiskam	tiganiske	tiganiska	tiganiskemi	tiganiskeni	tiganiskan	tiganiskësha	tiganiskëshe	tiganiskësh	tiganiskëshim	tiganiskëshit	tiganiskëshin	tiganis	tiganisni	tiganisur
tipos	tipos	tipos	tipos	tiposim	tiposni	tiposin	tiposja	tiposje	tiposte	tiposnim	tiposnit	tiposnin	tiposa	tipose	tiposi	tiposëm	tiposët	tiposën	tiposkam	tiposke	tiposka	tiposkemi	tiposkeni	tiposkan	tiposkësha	tiposkëshe	tiposkësh	tiposkëshim	tiposkëshit	tiposkëshin	tipos	tiposni	tiposur
tjerr	tjerr	tjerr	tjerr	tjerrim	tirni	tjerrin	tirja	tirje	tirte	tirnim	tirnit	tirnin	tora	tore	tori	torëm	torët	torën	tjerrkam	tjerrke	tjerrka	tjerrkemi	tjerrkeni	tjerrkan	tjerrkësha	tjerrkëshe	tjerrkësh	tjerrkëshim	tjerrkëshit	tjerrkëshin	tir	tirni	tjerrë
tkurr	tkurr	tkurr	tkurr	tkurrim	tkurrni	tkurrin	tkurrja	tkurrje	tkurrte	tkurrnim	tkurrnit	tkurrnin	tkurra	tkurre	tkurri	tkurrëm	tkurrët	tkurrën	tkurrkam	tkurrke	tkurrka	tkurrkemi	tkurrkeni	tkurrkan	tkurrkësha	tkurrkëshe	tkurrkësh	tkurrkëshim	tkurrkëshit	tkurrkëshin	tkurr	tkurrni	tkurrur
tok	tok	tok	tok	tokim	tokni	tokin	tokja	tokje	tokte	toknim	toknit	toknin	toka	toke	toki	tokëm	tokët	tokën	tokkam	tokke	tokka	tokkemi	tokkeni	tokkan	tokkësha	tokkëshe	tokkësh	tokkëshim	tokkëshit	tokkëshin	tok	tokni	tokur
topit	topit	topit	topit	topitim	topitni	topitin	topitja	topitje	topitte	topitnim	topitnit	topitnin	topita	topite	topiti	topitëm	topitët	topitën	topitkam	topitke	topitka	topitkemi	topitkeni	topitkan	topitkësha	topitkëshe	topitkësh	topitkëshim	topitkëshit	topitkëshin	topit	topitni	topitur
trak	trak	trak	trak	trakim	trakni	trakin	trakja	trakje	trakte	traknim	traknit	traknin	traka	trake	traku	trakëm	trakët	trakën	trakkam	trakke	trakka	trakkemi	trakkeni	trakkan	trakkësha	trakkëshe	trakkësh	trakkëshim	trakkëshit	trakkëshin	trak	trakni	trakur
trash	trash	trash	trash	trashim	trashni	trashin	trashja	trashje	trashte	trashnim	trashnit	trashnin	trasha	trashe	trashtrash	trashëm	trashët	trashën	trashkam	trashke	trashka	trashkemi	trashkeni	trashkan	trashkësha	trashkëshe	trashkësh	trashkëshim	trashkëshit	trashkëshin	trash	trashni	trashur
trashem	trashem	trashesh	trashet	trashemi	trasheni	trashen	trashesha	trasheshe	trashej	trasheshim	trasheshit	trasheshin	-	-	-	-	-	-	-	-	-	-	-	-	-	-	-	-	-	-	trashu	trashuni	trashur
tret	tret	tret	tret	tretim	tretni	tretin	tretja	tretje	trette	tretnim	tretnit	tretnin	treta	trete	treti	tretëm	tretët	tretën	tretkam	tretke	tretka	tretkemi	tretkeni	tretkan	tretkësha	tretkëshe	tretkësh	tretkëshim	tretkëshit	tretkëshin	tret	tretni	tretur
trishtohem	trishtohem	trishtohesh	trishtohet	trishtohemi	trishtoheni	trishtohen	trishtohesha	trishtoheshe	trishtohej	trishtoheshim	trishtoheshit	trishtoheshin	-	-	-	-	-	-	-	-	-	-	-	-	-	-	-	-	-	-	trishtohu	trishtohuni	trishtuar
trokas	trokas	troket	troket	trokasim	trokitni	trokasin	trokitja	trokitje	trokiste	trokitnim	trokitnit	trokitnin	trokita	trokite	trokiti	trokitëm	trokitët	trokitën	trokitkam	trokitke	trokitka	trokitkemi	trokitkeni	trokitkan	trokitkësha	trokitkëshe	trokitkësh	trokitkëshim	trokitkëshit	trokitkëshin	trokit	trokitni	trokitur
trondit	trondit	trondit	trondit	tronditim	tronditni	tronditin	tronditja	tronditje	tronditte	tronditnim	tronditnit	tronditnin	trondita	trondite	tronditi	tronditëm	tronditët	tronditën	tronditkam	tronditke	tronditka	tronditkemi	tronditkeni	tronditkan	tronditkësha	tronditkëshe	tronditkësh	tronditkëshim	tronditkëshit	tronditkëshin	trondit	tronditni	tronditur
trys	trys	trys	trys	trysim	trysni	trysin	trysja	trysje	tryste	trysnim	trysnit	trysnin	trysa	tryse	trysi	trysëm	trysët	trysën	tryskam	tryske	tryska	tryskemi	tryskeni	tryskan	tryskësha	tryskëshe	tryskësh	tryskëshim	tryskëshit	tryskëshin	trys	trysni	trysur
tund	tund	tund	tund	tundim	tundni	tundin	tundja	tundje	tundte	tundnim	tundnit	tundnin	tunda	tunde	tundi	tundëm	tundët	tundën	tundkam	tundke	tundka	tundkemi	tundkeni	tundkan	tundkësha	tundkëshe	tundkësh	tundkëshim	tundkëshit	tundkëshin	tund	tundni	tundur
turpërohem	turpërohem	turpërohesh	turpërohet	turpërohemi	turpëroheni	turpërohen	turpërohesha	turpëroheshe	turpërohej	turpëroheshim	turpëroheshit	turpëroheshin	-	-	-	-	-	-	-	-	-	-	-	-	-	-	-	-	-	-	turpërohu	turpërohuni	turpëruar
tut	tut	tut	tut	tutim	tutni	tutin	tutja	tutje	tutte	tutnim	tutnit	tutnin	tuta	tute	tuti	tutëm	tutët	tutën	tutkam	tutke	tutka	tutkemi	tutkeni	tutkan	tutkësha	tutkëshe	tutkësh	tutkëshim	tutkëshit	tutkëshin	tut	tutni	tutur
tuturit	tuturit	tuturit	tuturit	tuturitim	tuturitni	tuturitin	tuturitja	tuturitje	tuturitte	tuturitnim	tuturitnit	tuturitnin	tuturita	tuturite	tuturiti	tuturitëm	tuturitët	tuturitën	tuturitkam	tuturitke	tuturitka	tuturitkemi	tuturitkeni	tuturitkan	tuturitkësha	tuturitkëshe	tuturitkësh	tuturitkëshim	tuturitkëshit	tuturitkëshin	tuturit	tuturitni	tuturitur
tymos	tymos	tymos	tymos	tymosim	tymosni	tymosin	tymosja	tymosje	tymoste	tymosnim	tymosnit	tymosnin	tymosa	tymose	tymosi	tymosëm	tymosët	tymosën	tymoskam	tymoske	tymoska	tymoskemi	tymoskeni	tymoskan	tymoskësha	tymoskëshe	tymoskësh	tymoskëshim	tymoskëshit	tymoskëshin	tymos	tymosni	tymosur
tëharr	tëharr	tëharr	tëharr	tëharrim	tëharrni	tëharrin	tëharrja	tëharrje	tëharrte	tëharrnim	tëharrnit	tëharrnin	tëharra	tëharre	tëharri	tëharrëm	tëharrët	tëharrën	tëharrkam	tëharrke	tëharrka	tëharrkemi	tëharrkeni	tëharrkan	tëharrkësha	tëharrkëshe	tëharrkësh	tëharrkëshim	tëharrkëshit	tëharrkëshin	tëharr	tëharrni	tëharrur
tëhollohem	tëhollohem	tëhollohesh	tëhollohet	tëhollohemi	tëholloheni	tëhollohen	tëhollohesha	tëholloheshe	tëhollohej	tëholloheshim	tëholloheshit	tëholloheshin	-	-	-	-	-	-	-	-	-	-	-	-	-	-	-	-	-	-	tëhollohu	tëhollohuni	tëholluar
tërheq	tërheq	tërheq	tërheq	tërheqim	tërhiqni	tërheqin	tërhiqja	tërhiqje	tërhiqte	tërhiqnim	tërhiqnit	tërhiqnin	tërhoqa	tërhoqe	tërhoqi	tërhoqëm	tërhoqët	tërhoqën	tërheqkam	tërheqke	tërheqka	tërheqkemi	tërheqkeni	tërheqkan	tërheqkësha	tërheqkëshe	tërheqkësh	tërheqkëshim	tërheqkëshit	tërheqkëshin	tërhiq	tërhiqni	tërhequr
tështij	tështij	tështin	tështin	tështijmë	tështini	tështijnë	tështija	tështije	tështinte	tështinim	tështinit	tështinin	tështiva	tështive	tështiu	tështimë	tështitë	tështinë	tështikam	tështike	tështika	tështikemi	tështikeni	tështikan	tështikësha	tështikëshe	tështikësh	tështikëshim	tështikëshit	tështikëshin	tështi	tështini	tështirë
udhëheq	udhëheq	udhëheq	udhëheq	udhëheqim	udhëhiqni	udhëheqin	udhëhiqja	udhëhiqje	udhëhiqte	udhëhiqnim	udhëhiqnit	udhëhiqnin	udhëhoqa	udhëhoqe	udhëhoqi	udhëhoqëm	udhëhoqët	udhëhoqën	udhëheqkam	udhëheqke	udhëheqka	udhëheqkemi	udhëheqkeni	udhëheqkan	udhëheqkësha	udhëheqkëshe	udhëheqkësh	udhëheqkëshim	udhëheqkëshit	udhëheqkëshin	udhëhiq	udhëhiqni	udhëhequr
udhëhiqem	udhëhiqem	udhëhiqesh	udhëhiqet	udhëhiqemi	udhëhiqeni	udhëhiqen	udhëhiqesha	udhëhiqeshe	udhëhiqesh	udhëhiqeshim	udhëhiqeshit	udhëhiqeshin	-	-	-	-	-	-	-	-	-	-	-	-	-	-	-	-	-	-	udhëhiqu	udhëhiquni	udhëhequr
ujdis	ujdis	ujdis	ujdis	ujdisim	ujdisni	ujdisin	ujdisja	ujdisje	ujdiste	ujdisnim	ujdisnit	ujdisnin	ujdisa	ujdise	ujdisi	ujdisëm	ujdisët	ujdisën	ujdiskam	ujdiske	ujdiska	ujdiskemi	ujdiskeni	ujdiskan	ujdiskësha	ujdiskëshe	ujdiskësh	ujdiskëshim	ujdiskëshit	ujdiskëshin	ujdis	ujdisni	ujdisur
ujit	ujit	ujit	ujit	ujitim	ujitni	ujitin	ujitja	ujitje	ujitte	ujitnim	ujitnit	ujitnin	ujita	ujite	ujiti	ujitëm	ujitët	ujitën	ujitkam	ujitke	ujitka	ujitkemi	ujitkeni	ujitkan	ujitkësha	ujitkëshe	ujitkësh	ujitkëshim	ujitkëshit	ujitkëshin	ujit	ujitni	ujitur
ul	ul	ul	ul	ulemi	uleni	ulen	ulesha	uleshe	ulte	uleshim	uleshit	uleshin	ula	ule	uli	ulëm	ulët	ulën	ulkam	ulke	ulka	ulkemi	ulkeni	ulkan	ulkësha	ulkëshe	ulkësh	ulkëshim	ulkëshit	ulkëshin	ul	ulni	ulur
ulem	ul	ul	ul	ulemi	uleni	ulen	ulesha	uleshe	ule	uleshim	uleshit	uleshin	ula	ule	uli	ulëm	ulët	ulën	ulkam	ulke	ulka	ulkemi	ulkeni	ulkan	ulkësha	ulkëshe	-	ulkëshim	ulkëshit	ulkëshin	ul	ulni	ulur
urrej	urrej	urren	urren	urrejmë	urreni	urrejnë	urreja	urreje	urrente	urrenim	urrenit	urrenin	urreva	urreve	urreu	urryem	urryet	urryen	urryekam	urryeke	urryeka	urryekemi	urryekeni	urryekan	urryekësha	urryekëshe	urryekësh	urryekëshim	urryekëshit	urryekëshin	urre	urreni	urryer
vak	vak	vak	vak	vakim	vakni	vakin	vakja	vakje	vakte	vaknim	vaknit	vaknin	vaka	vake	vaku	vakëm	vakët	vakën	vakkam	vakke	vakka	vakkemi	vakkeni	vakkan	vakkësha	vakkëshe	vakkësh	vakkëshim	vakkëshit	vakkëshin	vak	vakni	vakur
var	var	var	var	varim	varni	varin	varja	varje	varte	varnim	varnit	varnin	vara	vare	vari	varëm	varët	varën	varkam	varke	varka	varkemi	varkeni	varkan	varkësha	varkëshe	varkësh	varkëshim	varkëshit	varkëshin	var	varni	varur
varrakat	varrakat	varrakat	varrakat	varrakatim	varrakatni	varrakatin	varrakatja	varrakatje	varrakatte	varrakatnim	varrakatnit	varrakatnin	varrakata	varrakate	varrakati	varrakatëm	varrakatët	varrakatën	varrakatkam	varrakatke	varrakatka	varrakatkemi	varrakatkeni	varrakatkan	varrakatkësha	varrakatkëshe	varrakatkësh	varrakatkëshim	varrakatkëshit	varrakatkëshin	varrakat	varrakatni	varrakatur
vdes	vdes	vdes	vdes	vdesim	vdesni	vdesin	vdisja	vdisje	vdiste	vdisnim	vdisnit	vdisnin	vdiqa	vdiqe	vdiqi	vdiqëm	vdiqët	vdiqën	vdekëkam	vdekëke	vdekëka	vdekekëmi	vdekekëni	vdekekan	vdekëkësha	vdekëkëshe	vdekëkësh	vdekëkëshim	vdekëkëshit	vdekëkëshin	vdis	vdisni	vdekur
vel	vel	vel	vel	velim	velni	velin	velja	velje	velte	velnim	velnit	velnin	vela	vele	veli	velëm	velët	velën	velkam	velke	velka	velkemi	velkeni	velkan	velkësha	velkëshe	velkësh	velkëshim	velkëshit	velkëshin	vel	velni	velur
vendos	vendos	vendos	vendos	vendosim	vendosni	vendosin	vendosja	vendosje	vendoste	vendosnim	vendosnit	vendosnin	vendosa	vendose	vendosi	vendosëm	vendosët	vendosën	vendoskam	vendoske	vendoska	vendoskemi	vendoskeni	vendoskan	vendoskësha	vendoskëshe	vendoskësh	vendoskëshim	vendoskëshit	vendoskëshin	vendos	vendosni	vendosur
venit	venit	venit	venit	venitim	venitni	venitin	venitja	venitje	venitte	venitnim	venitnit	venitnin	venita	venite	veniti	venitëm	venitët	venitën	venitkam	venitke	venitka	venitkemi	venitkeni	venitkan	venitkësha	venitkëshe	venitkësh	venitkëshim	venitkëshit	venitkëshin	venit	venitni	venitur
vesh	vesh	vesh	vesh	veshim	veshni	veshin	veshja	veshje	veshte	veshnim	veshnit	veshnin	vesha	veshe	veshi	veshëm	veshët	veshën	veshkam	veshke	veshka	veshkemi	veshkeni	veshkan	veshkësha	veshkëshe	veshkësh	veshkëshim	veshkëshit	veshkëshin	vesh	veshni	veshur
vetëvendos	vetëvendos	vetëvendos	vetëvendos	vetëvendosim	vetëvendosni	vetëvendosin	vetëvendosja	vetëvendosje	vetëvendoste	vetëvendosnim	vetëvendosnit	vetëvendosnin	vetëvendosa	vetëvendose	vetëvendosi	vetëvendosëm	vetëvendosët	vetëvendosën	vetëvendoskam	vetëvendoske	vetëvendoska	vetëvendoskemi	vetëvendoskeni	vetëvendoskan	vetëvendoskësha	vetëvendoskëshe	vetëvendoskësh	vetëvendoskëshim	vetëvendoskëshit	vetëvendoskëshin	vetëvendos	vetëvendosni	vetëvendosur
vihem	vihem	vihesh	vihet	vihemi	viheni	vihen	vihesha	viheshe	vihej	viheshim	viheshit	viheshin	-	-	-	-	-	-	-	-	-	-	-	-	-	-	-	-	-	-	Vihu!	Vihuni!	vënë
vij	vij	vjen	vjen	vijmë	vini	vijnë	vija	vije	vinte	vinim	vinit	vinin	erdha	erdhe	erdhi	erdhëm	erdhët	erdhën	ardhkam	ardhke	ardhka	ardhkemi	ardhkeni	ardhkan	ardhkësha	ardhkëshe	ardhkësh	ardhkëshim	ardhkëshit	ardhkëshin	eja	ejani	ardhur
vjel	vjel	vjel	vjel	vjelim	vilni	vjelin	vilja	vilje	vilte	vilnim	vilnit	vilnin	vola	vole	voli	volëm	volët	volën	vjelkam	vjelke	vjelka	vjelkemi	vjelkeni	vjelkan	vjelkësha	vjelkëshe	vjelkësh	vjelkëshim	vjelkëshit	vjelkëshin	vil	vilni	vjelë
vjerdh	vjerdh	vjerdh	vjerdh	vjerdhim	virdhni	vjerdhin	virdhja	virdhje	virdhte	virdhnim	virdhnit	virdhnin	vordha	vordhe	vordhi	vordhëm	vordhët	vordhën	vjerdhkam	vjerdhke	vjerdhka	vjerdhkemi	vjerdhkeni	vjerdhkan	vjerdhkësha	vjerdhkëshe	vjerdhkej	vjerdhkëshim	vjerdhkëshit	vjerdhkëshin	virdh	virdhni	vjerdhur
vozit	vozit	vozit	vozit	vozitim	vozitni	vozitin	vozitja	vozitje	vozitte	vozitnim	vozitnit	vozitnin	vozita	vozite	voziti	vozitëm	vozitët	vozitën	vozitkam	vozitke	vozitka	vozitkemi	vozitkeni	vozitkan	vozitkësha	vozitkëshe	vozitkësh	vozitkëshim	vozitkëshit	vozitkëshin	vozit	vozitni	vozitur
vras	vras	vret	vret	vrasim	vrisni	vrasin	vrisja	vrisje	vriste	vrisnim	vrisnit	vrisnin	vrava	vrave	vrau	vramë	vratë	vranë	vrakam	vrake	vraka	vrakemi	vrakeni	vrakan	vrakësha	vrakëshe	vrakej	vrakëshim	vrakëshit	vrakëshin	vrit	vritni	vrarë
vrenjt	vrenjt	vrenjt	vrenjt	vrenjtim	vrenjtni	vrenjtin	vrenjtja	vrenjtje	vrenjtte	vrenjtnim	vrenjtnit	vrenjtnin	vrenjta	vrenjte	vrenjti	vrenjtëm	vrenjtët	vrenjtën	vrenjtkam	vrenjtke	vrenjtka	vrenjtkemi	vrenjtkeni	vrenjtkan	vrenjtkësha	vrenjtkëshe	vrenjtkësh	vrenjtkëshim	vrenjtkëshit	vrenjtkëshin	vrenjt	vrenjtni	vrenjtur
vuaj	vuaj	vuan	vuan	vuajmë	vuani	vuajnë	vuaja	vuaje	vuante	vuanim	vuanit	vuanin	vova	vove	voi	vuam	vuat	vuan	vuakam	vuake	vuaka	vuakemi	vuakeni	vuakan	vuakësha	vuakëshe	vuakësh	vuakëshim	vuakëshit	vuakëshin	vuaj	vuani	vuajtur
vyshkem	vyshkem	vyshkesh	vyshket	vyshkemi	vyshkeni	vyshken	vyshkesha	vyshkeshe	vyshkej	vyshkeshim	vyshkeshit	vyshkeshin	-	-	-	-	-	-	-	-	-	-	-	-	-	-	-	-	-	-	vyshku	vyshkuni	vyshkuar
vë	vë	vë	vë	vëmë	vini	vënë	vija	vije	vinte	vinim	vinit	vinin	vura	vure	vuri	vumë	vutë	vunë	vënkam	vënke	vënka	vënkemi	vënkeni	vënkan	vënkësha	vënkëshe	vënkësh	vënkëshim	vënkëshit	vënkëshin	vër	vini	vënë
vërtit	vërtit	vërtit	vërtit	vërtitim	vërtitni	vërtitin	vërtitja	vërtitje	vërtitte	vërtitnim	vërtitnit	vërtitnin	vërtita	vërtite	vërtiti	vërtitëm	vërtitët	vërtitën	vërtitkam	vërtitke	vërtitka	vërtitkemi	vërtitkeni	vërtitkan	vërtitkësha	vërtitkëshe	vërtitkësh	vërtitkëshim	vërtitkëshit	vërtitkëshin	vërtit	vërtitni	vërtitur
vërvit	vërvit	vërvit	vërvit	vërvitim	vërvitni	vërvitin	vërvitja	vërvitje	vërvitte	vërvitnim	vërvitnit	vërvitnin	vërvita	vërvite	vërviti	vërvitëm	vërvitët	vërvitën	vërvitkam	vërvitke	vërvitka	vërvitkemi	vërvitkeni	vërvitkan	vërvitkësha	vërvitkëshe	vërvitkësh	vërvitkëshim	vërvitkëshit	vërvitkëshin	vërvit	vërvitni	vërvitur
xëgit	xëgit	xëgit	xëgit	xëgitim	xëgitni	xëgitin	xëgitja	xëgitje	xëgitte	xëgitnim	xëgitnit	xëgitnin	xëgita	xëgite	xëgiti	xëgitëm	xëgitët	xëgitën	xëgitkam	xëgitke	xëgitka	xëgitkemi	xëgitkeni	xëgitkan	xëgitkësha	xëgitkëshe	xëgitkësh	xëgitkëshim	xëgitkëshit	xëgitkëshin	xëgit	xëgitni	xëgitur
xërlis	xërlis	xërlis	xërlis	xërlisim	xërlisni	xërlisin	xërlisja	xërlisje	xërliste	xërlisnim	xërlisnit	xërlisnin	xërlisa	xërlise	xërlisi	xërlisëm	xërlisët	xërlisën	xërliskam	xërliske	xërliska	xërliskemi	xërliskeni	xërliskan	xërliskësha	xërliskëshe	xërliskësh	xërliskëshim	xërliskëshit	xërliskëshin	xërlis	xërlisni	xërlisur
ysht	ysht	ysht	ysht	yshtim	yshtni	yshtin	yshtja	yshtje	yshtte	yshtnim	yshtnit	yshtnin	yshta	yshte	yshti	yshtëm	yshtët	yshtën	yshtkam	yshtke	yshtka	yshtkemi	yshtkeni	yshtkan	yshtkësha	yshtkëshe	yshtkësh	yshtkëshim	yshtkëshit	yshtkëshin	ysht	yshtni	yshtur
zbath	zbath	zbath	zbath	zbathim	zbathni	zbathin	zbathja	zbathje	zbathte	zbathnim	zbathnit	zbathnin	zbatha	zbathe	zbathi	zbathëm	zbathët	zbathën	zbathkam	zbathke	zbathka	zbathkemi	zbathkeni	zbathkan	zbathkësha	zbathkëshe	zbathkësh	zbathkëshim	zbathkëshit	zbathkëshin	zbath	zbathni	zbathur
zbavit	zbavit	zbavit	zbavit	zbavitim	zbavitni	zbavitin	zbavitja	zbavitje	zbavitte	zbavitnim	zbavitnit	zbavitnin	zbavita	zbavite	zbaviti	zbavitëm	zbavitët	zbavitën	zbavitkam	zbavitke	zbavitka	zbavitkemi	zbavitkeni	zbavitkan	zbavitkësha	zbavitkëshe	zbavitkësh	zbavitkëshim	zbavitkëshit	zbavitkëshin	zbavit	zbavitni	zbavitur
zbeh	zbeh	zbeh	zbeh	zbehim	zbehni	zbehin	zbehja	zbehje	zbehte	zbehnim	zbehnit	zbehnin	zbeha	zbehe	zbehi	zbehëm	zbehët	zbehën	zbehkam	zbehke	zbehka	zbehkemi	zbehkeni	zbehkan	zbehkësha	zbehkëshe	zbehkësh	zbehkëshim	zbehkëshit	zbehkëshin	zbeh	zbehni	zbehur
zbehem	zbehem	zbehesh	zbehet	zbehemi	zbeheni	zbehen	zbehesha	zbeheshe	zbehej	zbeheshim	zbeheshit	zbeheshin	-	-	-	-	-	-	-	-	-	-	-	-	-	-	-	-	-	-	Zbehu!	Zbehuni!	zbehur
zbraz	zbraz	zbraz	zbraz	zbrazim	zbrazni	zbrazin	zbrazja	zbrazje	zbrazte	zbraznim	zbraznit	zbraznin	zbraza	zbraze	zbrazi	zbrazëm	zbrazët	zbrazën	zbrazkam	zbrazke	zbrazka	zbrazkemi	zbrazkeni	zbrazkan	zbrazkësha	zbrazkëshe	zbrazkësh	zbrazkëshim	zbrazkëshit	zbrazkëshin	zbraz	zbrazni	zbrazur
zbyth	zbyth	zbyth	zbyth	zbythim	zbythni	zbythin	zbythja	zbythje	zbythte	zbythnim	zbythnit	zbythnin	zbytha	zbythe	zbythi	zbythëm	zbythët	zbythën	zbythkam	zbythke	zbythka	zbythkemi	zbythkeni	zbythkan	zbythkësha	zbythkëshe	zbythkësh	zbythkëshim	zbythkëshit	zbythkëshin	zbyth	zbythni	zbythur
zdryp	zdryp	zdryp	zdryp	zdrypim	zdrypni	zdrypin	zdrypja	zdrypje	zdrypte	zdrypnim	zdrypnit	zdrypnin	zdrypa	zdrype	zdrypi	zdrypëm	zdrypët	zdrypën	zdrypkam	zdrypke	zdrypka	zdrypkemi	zdrypkeni	zdrypkan	zdrypkësha	zdrypkëshe	zdrypkësh	zdrypkëshim	zdrypkëshit	zdrypkëshin	zdryp	zdrypni	zdrypur
zeshk	zeshk	zeshk	zeshk	zeshkim	zeshkni	zeshkin	zeshkja	zeshkje	zeshkte	zeshknim	zeshknit	zeshknin	zeshka	zeshke	zeshku	zeshkëm	zeshkët	zeshkën	zeshkkam	zeshkke	zeshkka	zeshkkemi	zeshkkeni	zeshkkan	zeshkkësha	zeshkkëshe	zeshkkësh	zeshkkëshim	zeshkkëshit	zeshkkëshin	zeshk	zeshkni	zeshkur
zgidh	zgidh	zgidh	zgidh	zgidhim	zgidhni	zgidhin	zgidhja	zgidhje	zgidhte	zgidhnim	zgidhnit	zgidhnin	zgidha	zgidhe	zgidhi	zgidhëm	zgidhët	zgidhën	zgidhkam	zgidhke	zgidhka	zgidhkemi	zgidhkeni	zgidhkan	zgidhkësha	zgidhkëshe	zgidhkësh	zgidhkëshim	zgidhkëshit	zgidhkëshin	zgidh	zgidhni	zgidhur
zgjat	zgjat	zgjat	zgjat	zgjatim	zgjatni	zgjatin	zgjatja	zgjatje	zgjatte	zgjatnim	zgjatnit	zgjatnin	zgjata	zgjate	zgjati	zgjatëm	zgjatët	zgjatën	zgjatkam	zgjatke	zgjatka	zgjatkemi	zgjatkeni	zgjatkan	zgjatkësha	zgjatkëshe	zgjatkësh	zgjatkëshim	zgjatkëshit	zgjatkëshin	zgjat	zgjatni	zgjatur
zgjedh	zgjedh	zgjedh	zgjedh	zgjedhim	zgjedhni	zgjedhin	zgjedhja	zgjedhje	zgjedhte	zgjedhnim	zgjedhnit	zgjedhnin	zgjedha	zgjedhe	zgjedhi	zgjedhëm	zgjedhët	zgjedhën	zgjedhkam	zgjedhke	zgjedhka	zgjedhkemi	zgjedhkeni	zgjedhkan	zgjedhkësha	zgjedhkëshe	zgjedhkësh	zgjedhkëshim	zgjedhkëshit	zgjedhkëshin	zgjedh	zgjedhni	zgjedhur
zgjidh	zgjidh	zgjidh	zgjidh	zgjidhim	zgjidhni	zgjidhin	zgjidhja	zgjidhje	zgjidhte	zgjidhnim	zgjidhnit	zgjidhnin	zgjidha	zgjidhe	zgjidhi	zgjidhëm	zgjidhët	zgjidhën	zgjidhkam	zgjidhke	zgjidhka	zgjidhkemi	zgjidhkeni	zgjidhkan	zgjidhkësha	zgjidhkëshe	zgjidhkësh	zgjidhkëshim	zgjidhkëshit	zgjidhkëshin	zgjidh	zgjidhni	zgjidhur
zgjohem	zgjohem	zgjohesh	zgjohet	zgjohemi	zgjoheni	zgjohen	zgjohesha	zgjoheshe	zgjohej	zgjoheshim	zgjoheshit	zgjoheshin	-	-	-	-	-	-	-	-	-	-	-	-	-	-	-	-	-	-	zgjohu	zgjohuni	zgjuar
zharg	zharg	zharg	zharg	zhargim	zhargni	zhargin	zhargja	zhargje	zhargte	zhargnim	zhargnit	zhargnin	zharga	zharge	zhargi	zhargëm	zhargët	zhargën	zhargkam	zhargke	zhargka	zhargkemi	zhargkeni	zhargkan	zhargkësha	zhargkëshe	zhargkësh	zhargkëshim	zhargkëshit	zhargkëshin	zharg	zhargni	zhargur
zhburgos	zhburgos	zhburgos	zhburgos	zhburgosim	zhburgosni	zhburgosin	zhburgosja	zhburgosje	zhburgoste	zhburgosnim	zhburgosnit	zhburgosnin	zhburgosa	zhburgose	zhburgosi	zhburgosëm	zhburgosët	zhburgosën	zhburgoskam	zhburgoske	zhburgoska	zhburgoskemi	zhburgoskeni	zhburgoskan	zhburgoskësha	zhburgoskëshe	zhburgoskësh	zhburgoskëshim	zhburgoskëshit	zhburgoskëshin	zhburgos	zhburgosni	zhburgosur
zhduk	zhduk	zhduk	zhduk	zhdukim	zhdukni	zhdukin	zhdukja	zhdukje	zhdukte	zhduknim	zhduknit	zhduknin	zhduka	zhduke	zhduku	zhdukëm	zhdukët	zhdukën	zhdukkam	zhdukke	zhdukka	zhdukkemi	zhdukkeni	zhdukkan	zhdukkësha	zhdukkëshe	zhdukkësh	zhdukkëshim	zhdukkëshit	zhdukkëshin	zhduk	zhdukni	zhdukur
zhdukem	zhdukem	zhdukesh	zhduket	zhdukemi	zhdukeni	zhduken	zhdukesha	zhdukeshe	zhdukej	zhdukeshim	zhdukeshit	zhdukeshin	-	-	-	-	-	-	-	-	-	-	-	-	-	-	-	-	-	-	zhduku	zhdukuni	zhdukur
zhgënjej	zhgënjej	zhgënjen	zhgënjen	zhgënjejmë	zhgënjeni	zhgënjejnë	zhgënjeja	zhgënjeje	zhgënjente	zhgënjenim	zhgënjenit	zhgënjenin	zhgënjeva	zhgënjeve	zhgënjeu	zhgënjyem	zhgënjyet	zhgënjyen	zhgënjyekam	zhgënjyeke	zhgënjyeka	zhgënjyekemi	zhgënjyekeni	zhgënjyekan	zhgënjyekësha	zhgënjyekëshe	zhgënjyekësh	zhgënjyekëshim	zhgënjyekëshit	zhgënjyekëshin	zhgënje	zhgënjeni	zhgënjyer
zhurmoj	-	-	-	-	-	-	-	-	-	-	-	-	-	-	-	-	-	-	-	-	-	-	-	-	-	-	zhurmuakej	-	-	-	Zhurmo!	Zhurmoni!	-
zhvendos	zhvendos	zhvendos	zhvendos	zhvendosim	zhvendosni	zhvendosin	zhvendosja	zhvendosje	zhvendoste	zhvendosnim	zhvendosnit	zhvendosnin	zhvendosa	zhvendose	zhvendosi	zhvendosëm	zhvendosët	zhvendosën	zhvendoskam	zhvendoske	zhvendoska	zhvendoskemi	zhvendoskeni	zhvendoskan	zhvendoskësha	zhvendoskëshe	zhvendoskësh	zhvendoskëshim	zhvendoskëshit	zhvendoskëshin	zhvendos	zhvendosni	zhvendosur
zhvendosem	zhvendosem	zhvendosesh	zhvendoset	zhvendosemi	zhvendoseni	zhvendosen	zhvendosesha	zhvendoseshe	zhvendosej	zhvendoseshim	zhvendoseshit	zhvendoseshin	-	-	-	-	-	-	-	-	-	-	-	-	-	-	-	-	-	-	zhvendosu	zhvendosuni	zhvendosur
zhvesh	zhvesh	zhvesh	zhvesh	zhveshim	zhveshni	zhveshin	zhveshja	zhveshje	zhveshte	zhveshnim	zhveshnit	zhveshnin	zhvesha	zhveshe	zhveshi	zhveshëm	zhveshët	zhveshën	zhveshkam	zhveshke	zhveshka	zhveshkemi	zhveshkeni	zhveshkan	zhveshkësha	zhveshkëshe	zhveshkësh	zhveshkëshim	zhveshkëshit	zhveshkëshin	zhvesh	zhveshni	zhveshur
zhvillohem	zhvillohem	zhvillohesh	zhvillohet	zhvillohemi	zhvilloheni	zhvillohen	zhvillohesha	zhvilloheshe	zhvillohej	zhvilloheshim	zhvilloheshit	zhvilloheshin	-	-	-	-	-	-	-	-	-	-	-	-	-	-	-	-	-	-	zhvillohu	zhvillohuni	zhvilluar
zhvirgjërohem	zhvirgjërohem	zhvirgjërohesh	zhvirgjërohet	zhvirgjërohemi	zhvirgjëroheni	zhvirgjërohen	zhvirgjërohesha	zhvirgjëroheshe	zhvirgjërohej	zhvirgjëroheshim	zhvirgjëroheshit	zhvirgjëroheshin	-	-	-	-	-	-	-	-	-	-	-	-	-	-	-	-	-	-	zhvirgjërohu	zhvirgjërohuni	zhvirgjëruar
zhvoshk	zhvoshk	zhvoshk	zhvoshk	zhvoshkim	zhvoshkni	zhvoshkin	zhvoshkja	zhvoshkje	zhvoshkte	zhvoshknim	zhvoshknit	zhvoshknin	zhvoshka	zhvoshke	zhvoshku	zhvoshkëm	zhvoshkët	zhvoshkën	zhvoshkkam	zhvoshkke	zhvoshkka	zhvoshkkemi	zhvoshkkeni	zhvoshkkan	zhvoshkkësha	zhvoshkkëshe	zhvoshkkësh	zhvoshkkëshim	zhvoshkkëshit	zhvoshkkëshin	zhvoshk	zhvoshkni	zhvoshkur
zhyt	zhyt	zhyt	zhyt	zhytim	zhytni	zhytin	zhytja	zhytje	zhytte	zhytnim	zhytnit	zhytnin	zhyta	zhyte	zhyti	zhytëm	zhytët	zhytën	zhytkam	zhytke	zhytka	zhytkemi	zhytkeni	zhytkan	zhytkësha	zhytkëshe	zhytkësh	zhytkëshim	zhytkëshit	zhytkëshin	zhyt	zhytni	zhytur
zverdh	zverdh	zverdh	zverdh	zverdhim	zverdhni	zverdhin	zverdhja	zverdhje	zverdhte	zverdhnim	zverdhnit	zverdhnin	zverdha	zverdhe	zverdhi	zverdhëm	zverdhët	zverdhën	zverdhkam	zverdhke	zverdhka	zverdhkemi	zverdhkeni	zverdhkan	zverdhkësha	zverdhkëshe	zverdhkësh	zverdhkëshim	zverdhkëshit	zverdhkëshin	zverdh	zverdhni	zverdhur
zvjerdh	zvjerdh	zvjerdh	zvjerdh	zvjerdhim	zvirdhni	zvjerdhin	zvirdhja	zvirdhje	zvirdhte	zvirdhnim	zvirdhnit	zvirdhnin	zvordha	zvordhe	zvordhi	zvordhëm	zvordhët	zvordhën	zvjerdhkam	zvjerdhke	zvjerdhka	zvjerdhkemi	zvjerdhkeni	zvjerdhkan	zvjerdhkësha	zvjerdhkëshe	zvjerdhkej	zvjerdhkëshim	zvjerdhkëshit	zvjerdhkëshin	zvirdh	zvirdhni	zvjerdhur
zë	zë	zë	zë	zëmë	zini	zënë	zija	zije	zinte	zinim	zinit	zinin	zura	zure	zuri	zumë	zutë	zunë	zënkam	zënke	zënka	zënkemi	zënkeni	zënkan	zënkësha	zënkëshe	zënkësh	zënkëshim	zënkëshit	zënkëshin	zër	zini	zënë
çabullit	çabullit	çabullit	çabullit	çabullitim	çabullitni	çabullitin	çabullitja	çabullitje	çabullitte	çabullitnim	çabullitnit	çabullitnin	çabullita	çabullite	çabulliti	çabullitëm	çabullitët	çabullitën	çabullitkam	çabullitke	çabullitka	çabullitkemi	çabullitkeni	çabullitkan	çabullitkësha	çabullitkëshe	çabullitkësh	çabullitkëshim	çabullitkëshit	çabullitkëshin	çabullit	çabullitni	çabullitur
çaj	çaj	çan	çan	çajmë	çani	çajnë	çaja	çaje	çante	çanim	çanit	çanin	çava	çave	çau	çamë	çatë	çanë	çakam	çake	çaka	çakemi	çakeni	çakan	çakësha	çakëshe	çakësh	çakëshim	çakëshit	çakëshin	çaj	çani	çarë
çalavit	çalavit	çalavit	çalavit	çalavitim	çalavitni	çalavitin	çalavitja	çalavitje	çalavitte	çalavitnim	çalavitnit	çalavitnin	çalavita	çalavite	çalaviti	çalavitëm	çalavitët	çalavitën	çalavitkam	çalavitke	çalavitka	çalavitkemi	çalavitkeni	çalavitkan	çalavitkësha	çalavitkëshe	çalavitkësh	çalavitkëshim	çalavitkëshit	çalavitkëshin	çalavit	çalavitni	çalavitur
çallavosh	çallavosh	çallavosh	çallavosh	çallavoshim	çallavoshni	çallavoshin	çallavoshja	çallavoshje	çallavoshte	çallavoshnim	çallavoshnit	çallavoshnin	çallavosha	çallavoshe	çallavoshi	çallavoshëm	çallavoshët	çallavoshën	çallavoshkam	çallavoshke	çallavoshka	çallavoshkemi	çallavoshkeni	çallavoshkan	çallavoshkësha	çallavoshkëshe	çallavoshkësh	çallavoshkëshim	çallavoshkëshit	çallavoshkëshin	çallavosh	çallavoshni	çallavoshur
çallavoshem	çallavoshem	çallavoshesh	çallavoshet	çallavoshemi	çallavosheni	çallavoshen	çallavoshesha	çallavosheshe	çallavoshej	çallavosheshim	çallavosheshit	çallavosheshin	-	-	-	-	-	-	-	-	-	-	-	-	-	-	-	-	-	-	çallavoshu	çallavoshuni	çallavoshur
çallit	çallit	çallit	çallit	çallitim	çallitni	çallitin	çallitja	çallitje	çallitte	çallitnim	çallitnit	çallitnin	çallita	çallite	çalliti	çallitëm	çallitët	çallitën	çallitkam	çallitke	çallitka	çallitkemi	çallitkeni	çallitkan	çallitkësha	çallitkëshe	çallitkësh	çallitkëshim	çallitkëshit	çallitkëshin	çallit	çallitni	çallitur
çap	çap	çap	çap	çapim	çapni	çapin	çapja	çapje	çapte	çapnim	çapnit	çapnin	çapa	çape	çapi	çapëm	çapët	çapën	çapkam	çapke	çapka	çapkemi	çapkeni	çapkan	çapkësha	çapkëshe	çapkësh	çapkëshim	çapkëshit	çapkëshin	çap	çapni	çapur
çapalit	çapalit	çapalit	çapalit	çapalitim	çapalitni	çapalitin	çapalitja	çapalitje	çapalitte	çapalitnim	çapalitnit	çapalitnin	çapalita	çapalite	çapaliti	çapalitëm	çapalitët	çapalitën	çapalitkam	çapalitke	çapalitka	çapalitkemi	çapalitkeni	çapalitkan	çapalitkësha	çapalitkëshe	çapalitkësh	çapalitkëshim	çapalitkëshit	çapalitkëshin	çapalit	çapalitni	çapalitur
çapit	çapit	çapit	çapit	çapitim	çapitni	çapitin	çapitja	çapitje	çapitte	çapitnim	çapitnit	çapitnin	çapita	çapite	çapiti	çapitëm	çapitët	çapitën	çapitkam	çapitke	çapitka	çapitkemi	çapitkeni	çapitkan	çapitkësha	çapitkëshe	çapitkësh	çapitkëshim	çapitkëshit	çapitkëshin	çapit	çapitni	çapitur
çapërdis	çapërdis	çapërdis	çapërdis	çapërdisim	çapërdisni	çapërdisin	çapërdisja	çapërdisje	çapërdiste	çapërdisnim	çapërdisnit	çapërdisnin	çapërdisa	çapërdise	çapërdisi	çapërdisëm	çapërdisët	çapërdisën	çapërdiskam	çapërdiske	çapërdiska	çapërdiskemi	çapërdiskeni	çapërdiskan	çapërdiskësha	çapërdiskëshe	çapërdiskësh	çapërdiskëshim	çapërdiskëshit	çapërdiskëshin	çapërdis	çapërdisni	çapërdisur
çarfalit	çarfalit	çarfalit	çarfalit	çarfalitim	çarfalitni	çarfalitin	çarfalitja	çarfalitje	çarfalitte	çarfalitnim	çarfalitnit	çarfalitnin	çarfalita	çarfalite	çarfaliti	çarfalitëm	çarfalitët	çarfalitën	çarfalitkam	çarfalitke	çarfalitka	çarfalitkemi	çarfalitkeni	çarfalitkan	çarfalitkësha	çarfalitkëshe	çarfalitkësh	çarfalitkëshim	çarfalitkëshit	çarfalitkëshin	çarfalit	çarfalitni	çarfalitur
çarmatos	çarmatos	çarmatos	çarmatos	çarmatosim	çarmatosni	çarmatosin	çarmatosja	çarmatosje	çarmatoste	çarmatosnim	çarmatosnit	çarmatosnin	çarmatosa	çarmatose	çarmatosi	çarmatosëm	çarmatosët	çarmatosën	çarmatoskam	çarmatoske	çarmatoska	çarmatoskemi	çarmatoskeni	çarmatoskan	çarmatoskësha	çarmatoskëshe	çarmatoskësh	çarmatoskëshim	çarmatoskëshit	çarmatoskëshin	çarmatos	çarmatosni	çarmatosur
çars	çars	çars	çars	çarsim	çarsni	çarsin	çarsja	çarsje	çarste	çarsnim	çarsnit	çarsnin	çarsa	çarse	çarsi	çarsëm	çarsët	çarsën	çarskam	çarske	çarska	çarskemi	çarskeni	çarskan	çarskësha	çarskëshe	çarskësh	çarskëshim	çarskëshit	çarskëshin	çars	çarsni	çarsur
çart	çart	çart	çart	çartim	çartni	çartin	çartja	çartje	çartte	çartnim	çartnit	çartnin	çarta	çarte	çarti	çartëm	çartët	çartën	çartkam	çartke	çartka	çartkemi	çartkeni	çartkan	çartkësha	çartkëshe	çartkësh	çartkëshim	çartkëshit	çartkëshin	çart	çartni	çartur
çarçallos	çarçallos	çarçallos	çarçallos	çarçallosim	çarçallosni	çarçallosin	çarçallosja	çarçallosje	çarçalloste	çarçallosnim	çarçallosnit	çarçallosnin	çarçallosa	çarçallose	çarçallosçarçall	çarçallosëm	çarçallosët	çarçallosën	çarçalloskam	çarçalloske	çarçalloska	çarçalloskemi	çarçalloskeni	çarçalloskan	çarçalloskësha	çarçalloskëshe	çarçalloskësh	çarçalloskëshim	çarçalloskëshit	çarçalloskëshin	çarçallos	çarçallosni	çarçallosur
çek	çek	çek	çek	çekim	çekni	çekin	çekja	çekje	çekte	çeknim	çeknit	çeknin	çeka	çeke	çeku	çekëm	çekët	çekën	çekkam	çekke	çekka	çekkemi	çekkeni	çekkan	çekkësha	çekkëshe	çekkësh	çekkëshim	çekkëshit	çekkëshin	çek	çekni	çekur
çel	çel	çel	çel	çelim	çelni	çelin	çelja	çelje	çelte	çelnim	çelnit	çelnin	çela	çele	çeli	çelëm	çelët	çelën	çelkam	çelke	çelka	çelkemi	çelkeni	çelkan	çelkësha	çelkëshe	çelkësh	çelkëshim	çelkëshit	çelkëshin	çel	çelni	çelur
çem	çem	çem	çem	çemim	çemni	çemin	çemja	çemje	çemte	çemnim	çemnit	çemnin	çema	çeme	çemi	çemëm	çemët	çemën	çemkam	çemke	çemka	çemkemi	çemkeni	çemkan	çemkësha	çemkëshe	çemkësh	çemkëshim	çemkëshit	çemkëshin	çem	çemni	çemur
çerpit	çerpit	çerpit	çerpit	çerpitim	çerpitni	çerpitin	çerpitja	çerpitje	çerpitte	çerpitnim	çerpitnit	çerpitnin	çerpita	çerpite	çerpiti	çerpitëm	çerpitët	çerpitën	çerpitkam	çerpitke	çerpitka	çerpitkemi	çerpitkeni	çerpitkan	çerpitkësha	çerpitkëshe	çerpitkësh	çerpitkëshim	çerpitkëshit	çerpitkëshin	çerpit	çerpitni	çerpitur
çjerr	çjerr	çjerr	çjerr	çjerrim	çirrni	çjerrin	çirrja	çirrje	çirrte	çirrnim	çirrnit	çirrnin	çora	çore	çori	çorëm	çorët	çorën	çjerrkam	çjerrke	çjerrka	çjerrkemi	çjerrkeni	çjerrkan	çjerrkësha	çjerrkëshe	çjerrkej	çjerrkëshim	çjerrkëshit	çjerrkëshin	çirr	çirrni	çjerrë
çlidh	çlidh	çlidh	çlidh	çlidhim	çlidhni	çlidhin	çlidhja	çlidhje	çlidhte	çlidhnim	çlidhnit	çlidhnin	çlidha	çlidhe	çlidhi	çlidhëm	çlidhët	çlidhën	çlidhkam	çlidhke	çlidhka	çlidhkemi	çlidhkeni	çlidhkan	çlidhkësha	çlidhkëshe	çlidhkësh	çlidhkëshim	çlidhkëshit	çlidhkëshin	çlidh	çlidhni	çlidhur
çlirohem	çlirohem	çlirohesh	çlirohet	çlirohemi	çliroheni	çlirohen	çlirohesha	çliroheshe	çlirohej	çliroheshim	çliroheshit	çliroheshin	-	-	-	-	-	-	-	-	-	-	-	-	-	-	-	-	-	-	çlirohu	çlirohuni	çliruar
çmbështjell	çmbështjell	çmbështjell	çmbështjell	çmbështjellim	çmbështillni	çmbështjellin	çmbështillja	çmbështillje	çmbështillte	çmbështillnim	çmbështillnit	çmbështillnin	çmbështolla	çmbështolle	çmbështolli	çmbështollëm	çmbështollët	çmbështollën	çmbështjellkam	çmbështjellke	çmbështjellka	çmbështjellkemi	çmbështjellkeni	çmbështjellkan	çmbështjellkësha	çmbështjellkëshe	çmbështjellkësh	çmbështjellkëshim	çmbështjellkëshit	çmbështjellkëshin	çmbështill	çmbështillni	çmbështjellur
çmend	çmend	çmend	çmend	çmendim	çmendni	çmendin	çmendja	çmendje	çmendte	çmendnim	çmendnit	çmendnin	çmenda	çmende	çmendi	çmendëm	çmendët	çmendën	çmendkam	çmendke	çmendka	çmendkemi	çmendkeni	çmendkan	çmendkësha	çmendkëshe	çmendkësh	çmendkëshim	çmendkëshit	çmendkëshin	çmend	çmendni	çmendur
çmendem	çmendem	çmendesh	çmendet	çmendemi	çmendeni	çmenden	çmendesha	çmendeshe	çmendej	çmendeshim	çmendeshit	çmendeshin	-	-	-	-	-	-	-	-	-	-	-	-	-	-	-	-	-	-	çmendu	çmenduni	çmendur
çuk	çuk	çuk	çuk	çukim	çukni	çukin	çukja	çukje	çukte	çuknim	çuknit	çuknin	çuka	çuke	çuku	çukëm	çukët	çukën	çukkam	çukke	çukka	çukkemi	çukkeni	çukkan	çukkësha	çukkëshe	çukkësh	çukkëshim	çukkëshit	çukkëshin	çuk	çukni	çukur
ënjt	ënjt	ënjt	ënjt	ënjtim	ënjtni	ënjtin	ënjtja	ënjtje	ënjtte	ënjtnim	ënjtnit	ënjtnin	ënjta	ënjte	ënjti	ënjtëm	ënjtët	ënjtën	ënjtkam	ënjtke	ënjtka	ënjtkemi	ënjtkeni	ënjtkan	ënjtkësha	ënjtkëshe	ënjtkësh	ënjtkëshim	ënjtkëshit	ënjtkëshin	ënjt	ënjtni	ënjtur
