# lemma(verbal-noun)	V;LIT;1;SG;IND;PRS	V;LIT;2;SG;IND;PRS	V;LIT;3;SG;IND;PRS	V;LIT;1;PL;IND;PRS	V;LIT;2;PL;IND;PRS	V;LIT;3;PL;IND;PRS	V;LIT;4;IND;PRS	V;LIT;1;SG;IND;IPFV	V;LIT;2;SG;IND;IPFV	V;LIT;3;SG;IND;IPFV	V;LIT;1;PL;IND;IPFV	V;LIT;2;PL;IND;IPFV	V;LIT;3;PL;IND;IPFV	V;LIT;4;IND;IPFV	V;LIT;1;SG;IND;PST	V;LIT;2;SG;IND;PST	V;LIT;3;SG;IND;PST	V;LIT;1;PL;IND;PST	V;LIT;2;PL;IND;PST	V;LIT;3;PL;IND;PST	V;LIT;4;IND;PST	V;LIT;1;SG;IND;PST;PFV	V;LIT;2;SG;IND;PST;PFV	V;LIT;3;SG;IND;PST;PFV	V;LIT;1;PL;IND;PST;PFV	V;LIT;2;PL;IND;PST;PFV	V;LIT;3;PL;IND;PST;PFV	V;LIT;4;IND;PST;PFV	V;LIT;1;SG;SBJV	V;LIT;2;SG;SBJV	V;LIT;3;SG;SBJV	V;LIT;1;PL;SBJV	V;LIT;2;PL;SBJV	V;LIT;3;PL;SBJV	V;LIT;4;SBJV	V;LIT;2;SG;IMP	V;LIT;3;SG;IMP	V;LIT;1;PL;IMP	V;LIT;2;PL;IMP	V;LIT;3;PL;IMP	V;LIT;4;IMP	V;V.MSDR	V;V.PTCP  ("-" = productive default)
Balcaneiddio	Balcaneiddiafaf	-	-	-	-	-	-	-	-	-	-	-	-	-	-	-	-	-	-	-	-	-	-	-	-	-	-	-	-	-	-	-	-	-	-	-	-	-	-	-	-	-	-
Cymreigio	-	Cymreigi	Cymreigia	-	-	-	Cymreigir	-	Cymreigit	-	-	-	-	Cymreigid	-	-	-	-	-	-	-	-	-	-	-	-	-	-	-	Cymreigiech	-	-	-	-	-	Cymreigia	-	-	-	-	-	-	Cymreigiadwy
Protestaneiddio	Protestanteiddiaf	-	-	-	-	-	-	-	-	-	-	-	-	-	-	-	-	-	-	-	-	-	-	-	-	-	-	-	-	-	-	-	-	-	-	-	-	-	-	-	-	-	-
aberthu	-	-	-	-	-	-	-	-	-	-	-	-	-	-	-	-	-	-	-	-	-	-	-	-	-	-	-	-	aberthwn	aberthit	aberthai	aberthem	aberthech	aberthent	-	-	-	-	-	-	-	-	aberthadwy
absennu	absennaaf	absennai	absenna	absennawn	absennawch	absennaant	absennair	-	-	-	-	-	-	-	absennaais	absennaaist	absennaodd	absennaasom	absennaasoch	absennaasant	absennawyd	absennaaswn	absennaasit	absennaasai	absennaasem	absennaasech	absennaasent	absennaasid	absennawn	absennait	absennaai	absennaem	absennaech	absennaent	absennaer	absenna	absennaed	absennawn	absennawch	absennaent	absennaer	-	absennaadwy
acennu	-	-	acenna	-	-	-	-	-	-	-	-	-	-	-	-	-	-	acenasom	acenasoch	acenasant	-	acenaswn	acenasit	acenasai	acenasem	acenasech	acenasent	acenasid	acennwn	acennit	acennai	acennem	acennech	acennent	-	acenna	-	-	-	-	-	-	acenadwy
achlesu	-	-	-	-	-	-	-	-	-	-	-	-	-	-	-	-	-	-	-	-	-	-	-	-	-	-	-	-	achleswn	achlesit	achlesai	achlesem	achlesech	achlesent	-	-	-	-	-	-	-	-	achlesadwy
achlysuro	-	-	-	-	-	-	-	-	-	-	-	-	-	-	-	-	-	-	-	-	-	-	-	-	-	-	-	-	achlysurwn	achlysurit	achlysurai	achlysurem	achlysurech	achlysurent	-	-	-	-	-	-	-	-	achlysuradwy
achosi	-	-	-	-	-	-	-	-	-	-	-	-	-	-	-	-	-	-	-	-	-	-	-	-	-	-	-	-	achoswn	achosit	achosai	achosem	achosech	achosent	-	-	-	-	-	-	-	-	achosadwy
achub	-	-	-	-	-	-	-	-	-	-	-	-	-	-	-	-	-	-	-	-	-	-	-	-	-	-	-	-	achubwn	achubit	achubai	achubem	achubech	achubent	-	-	-	-	-	-	-	-	achubadwy
achwyn	-	-	-	-	-	-	-	-	-	-	-	-	-	-	-	-	-	-	-	-	-	-	-	-	-	-	-	-	achwynwn	achwynit	achwynai	achwynem	achwynech	achwynent	-	-	-	-	-	-	-	-	achwynadwy
actio	-	ecti	actia	-	-	-	ectir	-	ectit	-	-	-	-	ectid	ectiais	ectiaist	-	-	-	-	-	-	-	-	-	-	-	-	-	ectiech	-	-	-	-	-	actia	-	-	-	-	-	-	actiadwy
ad-dalu	-	ad-deli	ad-dala	-	-	-	ad-delir	-	-	-	-	-	-	-	ad-delais	ad-delaist	-	-	-	-	-	-	-	-	-	-	-	-	ad-dalwn	ad-dalit	ad-dalai	ad-dalem	ad-dalech	ad-dalent	-	ad-dala	-	-	-	-	-	-	ad-daladwy
ad-drefnu	-	-	-	-	-	-	-	-	-	-	-	-	-	-	-	-	-	-	-	-	-	-	-	-	-	-	-	-	ad-drefnwn	ad-drefnit	ad-drefnai	ad-drefnem	ad-drefnech	ad-drefnent	-	-	-	-	-	-	-	-	ad-drefnadwy
adail	adeiliaf	-	-	-	-	-	-	-	-	-	-	-	-	-	-	-	-	-	-	-	-	-	-	-	-	-	-	-	-	-	-	-	-	-	-	-	-	-	-	-	-	-	-
adalw	adalwaf	adelwi	adeilw	-	-	adalwant	adelwir	-	adalwit	adalwai	adalwem	adalwech	adalwent	adelwid	adelwais	adelwaist	adalwodd	adalwasom	adalwasoch	adalwasant	-	adalwaswn	adalwasit	adalwasai	adalwasem	adalwasech	adalwasent	adalwasid	-	adelwych	adalwo	adalwom	adalwoch	adalwont	adalwer	adalw	adalwed	-	-	adalwent	adalwer	-	adalwadwy
adara	-	aderi	adara	-	-	-	aderir	-	-	-	-	-	-	-	aderais	aderaist	-	-	-	-	-	-	-	-	-	-	-	-	adarwn	adarit	adarai	adarem	adarech	adarent	-	adara	-	-	-	-	-	-	adaradwy
adargraffu	-	adargreffi	adargraffa	-	-	-	adargreffir	-	-	-	-	-	-	-	adargreffais	adargreffaist	-	-	-	-	-	-	-	-	-	-	-	-	adargraffwn	adargraffit	adargraffai	adargraffem	adargraffech	adargraffent	-	adargraffa	-	-	-	-	-	-	adargraffadwy
adarydda	-	-	-	-	-	-	-	-	-	-	-	-	-	-	-	-	-	-	-	-	-	-	-	-	-	-	-	-	adaryddwn	adaryddit	adaryddai	adaryddem	adaryddech	adaryddent	-	adarydda	-	-	-	-	-	-	adaryddadwy
addasu	-	addesi	addasa	-	-	-	addesir	-	-	-	-	-	-	-	addesais	addesaist	-	-	-	-	-	-	-	-	-	-	-	-	addaswn	addasit	addasai	addasem	addasech	addasent	-	addasa	-	-	-	-	-	-	addasadwy
addef	-	-	addefa	-	-	-	-	-	-	-	-	-	-	-	-	-	-	-	-	-	-	-	-	-	-	-	-	-	addefwn	addefit	addefai	addefem	addefech	addefent	-	addefa	-	-	-	-	-	-	addefadwy
addo	addawaf	addewi	addawa	addawn	addewch	addawant	addewir	addawn	addawit	addawai	addawem	addawech	addawent	addewid	addewais	addewaist	addawodd	addawsom	addawsoch	addawsant	addawyd	addawswn	addawsit	addawsai	addawsem	addawsech	addawsent	addawsid	addawyf	addewech	addawo	addawom	addawoch	addawont	addawer	addaw	addawed	addawn	addewch	addawent	addawer	-	addawedig
addoli	-	-	addola	-	-	-	-	-	-	-	-	-	-	-	-	-	-	-	-	-	-	-	-	-	-	-	-	-	addolwn	addolit	addolai	addolem	addolech	addolent	-	addola	-	-	-	-	-	-	addoladwy
addunedu	-	-	adduneda	-	-	-	-	-	-	-	-	-	-	-	-	-	-	-	-	-	-	-	-	-	-	-	-	-	addunedwn	addunedit	addunedai	addunedem	addunedech	addunedent	-	adduneda	-	-	-	-	-	-	addunedadwy
addurno	-	-	addurna	-	-	-	-	-	-	-	-	-	-	-	-	-	-	-	-	-	-	-	-	-	-	-	-	-	addurnwn	addurnit	addurnai	addurnem	addurnech	addurnent	-	addurna	-	-	-	-	-	-	addurnadwy
addysgu	-	-	addysga	-	-	-	-	-	-	-	-	-	-	-	-	-	-	-	-	-	-	-	-	-	-	-	-	-	-	-	-	-	-	-	-	addysga	-	-	-	-	-	-	-
adeiladu	-	adeiledi	adeilada	-	-	-	adeiledir	-	-	-	-	-	-	-	adeiledais	adeiledaist	-	-	-	-	-	-	-	-	-	-	-	-	adeiladwn	adeiladit	adeiladai	adeiladem	adeiladech	adeiladent	-	adeilada	-	-	-	-	-	-	adeiladadwy
adeileddu	addeileddaf	-	-	-	-	-	-	-	-	-	-	-	-	-	-	-	-	-	-	-	-	-	-	-	-	-	-	-	-	-	-	-	-	-	-	-	-	-	-	-	-	-	-
adennill	adenillaf	adenilli	-	adenillwn	adenillwch	adenillant	adenillir	-	-	-	-	-	-	-	adenillais	adenillaist	adenillodd	adenillasom	adenillasoch	adenillasant	adenillwyd	adenillaswn	adenillasit	adenillasai	adenillasem	adenillasech	adenillasent	adenillasid	adenillwn	adenillit	adenillai	adenillem	adenillech	adenillent	adeniller	adenilla	adenilled	adenillwn	adenillwch	adenillent	adeniller	-	adenilladwy
adfeddiannu	-	adfeddienni	adfeddianna	-	-	-	adfeddiennir	-	-	-	-	-	-	-	adfeddiennais	adfeddiennaist	-	adfeddianasom	adfeddianasoch	adfeddianasant	-	adfeddianaswn	adfeddianasit	adfeddianasai	adfeddianasem	adfeddianasech	adfeddianasent	adfeddianasid	adfeddiannwn	adfeddiannit	adfeddiannai	adfeddiannem	adfeddiannech	adfeddiannent	-	adfeddianna	-	-	-	-	-	-	adfeddianadwy
adfeilio	-	adfeili	adfeilia	-	-	-	adfeilir	-	adfeilit	-	-	-	-	adfeilid	-	-	-	-	-	-	-	-	-	-	-	-	-	-	-	adfeiliech	-	-	-	-	-	adfeilia	-	-	-	-	-	-	adfeiladwy
adfer	-	-	adfera	-	-	-	-	-	-	-	-	-	-	-	-	-	-	-	-	-	-	-	-	-	-	-	-	-	adferwn	adferit	adferai	adferem	adferech	adferent	-	-	-	-	-	-	-	-	adferadwy
adfywio	-	adfywi	adfywia	-	-	-	adfywir	-	adfywit	-	-	-	-	adfywid	-	-	-	-	-	-	-	-	-	-	-	-	-	-	-	adfywiech	-	-	-	-	-	adfywia	-	-	-	-	-	-	adfywiadwy
adio	-	adi	-	-	-	-	adir	-	adit	-	-	-	-	adid	-	-	-	-	-	-	-	-	-	-	-	-	-	-	-	adiech	-	-	-	-	-	-	-	-	-	-	-	-	adiadwy
adladd	-	adleddi	adladda	-	-	-	adleddir	-	-	-	-	-	-	-	adleddais	adleddaist	-	-	-	-	-	-	-	-	-	-	-	-	adladdwn	adladdit	adladdai	adladdem	adladdech	adladdent	-	adladda	-	-	-	-	-	-	adladdadwy
adlamu	-	adlemi	adlama	-	-	-	adlemir	-	-	-	-	-	-	-	adlemais	adlemaist	-	-	-	-	-	-	-	-	-	-	-	-	adlamwn	adlamit	adlamai	adlamem	adlamech	adlament	-	adlama	-	-	-	-	-	-	adlamadwy
adleisio	-	adleisi	adleisia	-	-	-	adleisir	-	adleisit	-	-	-	-	adleisid	-	-	-	-	-	-	-	-	-	-	-	-	-	-	-	adleisiech	-	-	-	-	-	adleisia	-	-	-	-	-	-	adleisiadwy
adleoli	-	-	adleola	-	-	-	-	-	-	-	-	-	-	-	-	-	-	-	-	-	-	-	-	-	-	-	-	-	adleolwn	adleolit	adleolai	adleolem	adleolech	adleolent	-	adleola	-	-	-	-	-	-	adleoladwy
adlewyrchu	-	-	adlewyrcha	-	-	-	-	-	-	-	-	-	-	-	-	-	-	-	-	-	-	-	-	-	-	-	-	-	adlewyrchwn	adlewyrchit	adlewyrchai	adlewyrchem	adlewyrchech	adlewyrchent	-	adlewyrcha	-	-	-	-	-	-	adlewyrchadwy
adlonni	-	-	-	-	-	-	-	-	-	-	-	-	-	-	-	-	-	adlonasom	adlonasoch	adlonasant	-	adlonaswn	adlonasit	adlonasai	adlonasem	adlonasech	adlonasent	adlonasid	adlonnwn	adlonnit	adlonnai	adlonnem	adlonnech	adlonnent	-	adlonna	-	-	-	-	-	-	adlonadwy
adlunio	-	adlunni	adlunia	-	-	-	adlunnir	-	adlunnit	-	-	-	-	adlunnid	-	-	-	-	-	-	-	-	-	-	-	-	-	-	-	adluniech	-	-	-	-	-	adlunia	-	-	-	-	-	-	adluniadwy
adlynu	-	-	adlyna	-	-	-	-	-	-	-	-	-	-	-	-	-	-	-	-	-	-	-	-	-	-	-	-	-	adlynwn	adlynit	adlynai	adlynem	adlynech	adlynent	-	adlyna	-	-	-	-	-	-	adlynadwy
adnabod	adnabyddaf	adnabyddi	adnebydd	adnabyddwn	adnabyddwch	adnabyddant	adnabyddir	adwaenwn	adwaenit	adwaenai	adwaenem	adwaenech	adwaenent	adwaenid	adnabyddais	adnabuost	adnabu	adnabuom	adnabuoch	adnabuant	adnabuwyd	adnabuaswn	adnabuasit	adnabuasai	adnabuasem	adnabuasech	adnabuasent	adnabuasid	adnabyddwn	adnabyddit	adnabyddai	adnabyddem	adnabyddech	adnabyddent	adnabydder	adnabydda	adnabydded	adnabyddwn	adnabyddwch	adnabyddent	adnabydder	-	adnabodadwy
adneuo	-	-	adneua	-	-	-	-	-	-	-	-	-	-	-	-	-	-	-	-	-	-	-	-	-	-	-	-	-	adneuwn	adneuit	adneuai	adneuem	adneuech	adneuent	-	adneua	-	-	-	-	-	-	adneuadwy
adnewyddu	-	-	adnewydda	-	-	-	-	-	-	-	-	-	-	-	-	-	-	-	-	-	-	-	-	-	-	-	-	-	adnewyddwn	adnewyddit	adnewyddai	adnewyddem	adnewyddech	adnewyddent	-	adnewydda	-	-	-	-	-	-	adnewyddadwy
adolygu	-	-	adolyga	-	-	-	-	-	-	-	-	-	-	-	-	-	-	-	-	-	-	-	-	-	-	-	-	-	-	-	-	-	-	-	-	adolyga	-	-	-	-	-	-	-
adosod	-	-	adesyd	-	-	-	-	-	-	-	-	-	-	-	-	-	-	-	-	-	-	-	-	-	-	-	-	-	adosodwn	adosodit	adosodai	adosodem	adosodech	adosodent	-	-	-	-	-	-	-	-	-
adrodd	-	-	adrodda	-	-	-	-	-	-	-	-	-	-	-	-	-	-	-	-	-	-	-	-	-	-	-	-	-	adroddwn	adroddit	adroddai	adroddem	adroddech	adroddent	-	-	-	-	-	-	-	-	adroddadwy
aduno	-	-	aduna	-	-	-	-	-	-	-	-	-	-	-	-	-	-	-	-	-	-	-	-	-	-	-	-	-	adunwn	adunit	adunai	adunem	adunech	adunent	-	aduna	-	-	-	-	-	-	adunadwy
adweinyddu	-	-	adweinydda	-	-	-	-	-	-	-	-	-	-	-	-	-	-	-	-	-	-	-	-	-	-	-	-	-	adweinyddwn	adweinyddit	adweinyddai	adweinyddem	adweinyddech	adweinyddent	-	adweinydda	-	-	-	-	-	-	adweinyddadwy
adweithio	-	adweithi	adweithia	-	-	-	adweithir	-	adweithit	-	-	-	-	adweithid	-	-	-	-	-	-	-	-	-	-	-	-	-	-	-	adweithiech	-	-	-	-	-	adweithia	-	-	-	-	-	-	adweithiadwy
adwthio	-	adwthi	adwthia	-	-	-	adwthir	-	adwthit	-	-	-	-	adwthid	-	-	-	-	-	-	-	-	-	-	-	-	-	-	-	adwthiech	-	-	-	-	-	adwthia	-	-	-	-	-	-	-
aeddfedu	-	-	aeddfeda	-	-	-	-	-	-	-	-	-	-	-	-	-	-	-	-	-	-	-	-	-	-	-	-	-	aeddfedwn	aeddfedit	aeddfedai	aeddfedem	aeddfedech	aeddfedent	-	aeddfeda	-	-	-	-	-	-	aeddfedadwy
affeithio	-	affeithi	affeithia	-	-	-	affeithir	-	affeithit	-	-	-	-	affeithid	-	-	-	-	-	-	-	-	-	-	-	-	-	-	-	affeithiech	-	-	-	-	-	affeithia	-	-	-	-	-	-	affeithiadwy
afleoli	-	-	afleola	-	-	-	-	-	-	-	-	-	-	-	-	-	-	-	-	-	-	-	-	-	-	-	-	-	afleolwn	afleolit	afleolai	afleolem	afleolech	afleolent	-	afleola	-	-	-	-	-	-	afleoladwy
aflonyddu	-	-	aflonydda	-	-	-	-	-	-	-	-	-	-	-	-	-	-	-	-	-	-	-	-	-	-	-	-	-	aflonyddwn	aflonyddit	aflonyddai	aflonyddem	aflonyddech	aflonyddent	-	aflonydda	-	-	-	-	-	-	aflonyddadwy
aflunio	-	aflunni	aflunia	-	-	-	aflunnir	-	aflunnit	-	-	-	-	aflunnid	-	-	-	-	-	-	-	-	-	-	-	-	-	-	-	afluniech	-	-	-	-	-	aflunia	-	-	-	-	-	-	afluniadwy
aflwyddo	-	-	aflwydda	-	-	-	-	-	-	-	-	-	-	-	-	-	-	-	-	-	-	-	-	-	-	-	-	-	aflwyddwn	aflwyddit	aflwyddai	aflwyddem	aflwyddech	aflwyddent	-	aflwydda	-	-	-	-	-	-	aflwyddadwy
afradloni	-	-	afradlona	-	-	-	-	-	-	-	-	-	-	-	-	-	-	-	-	-	-	-	-	-	-	-	-	-	afradlonwn	afradlonit	afradlonai	afradlonem	afradlonech	afradlonent	-	afradlona	-	-	-	-	-	-	afradlonadwy
afradu	-	afredi	afrada	-	-	-	afredir	-	-	-	-	-	-	-	afredais	afredaist	-	-	-	-	-	-	-	-	-	-	-	-	afradwn	afradit	afradai	afradem	afradech	afradent	-	afrada	-	-	-	-	-	-	afradadwy
ageru	-	-	agera	-	-	-	-	-	-	-	-	-	-	-	-	-	-	-	-	-	-	-	-	-	-	-	-	-	agerwn	agerit	agerai	agerem	agerech	agerent	-	agera	-	-	-	-	-	-	ageradwy
agor	-	-	egyr	-	-	-	-	-	-	-	-	-	-	-	-	-	-	-	-	-	-	-	-	-	-	-	-	-	-	-	-	-	-	-	-	-	-	-	-	-	-	-	-
agosáu	agosâf	agosei	agosâ	agosawn	agosewch	agosânt	agoseir	-	-	-	-	-	-	-	agoseais	agoseaist	agosaodd	agosasom	agosasoch	agosasant	agosawyd	agosaswn	agosasit	agosasai	agosasem	agosasech	agosasent	agosasid	agosawn	agosait	agosao	agosaem	agosaech	agosaent	agosaer	agosâ	agosaed	agosawn	agosewch	agosaent	agosaer	-	agosadwy
ail-greu	ailgreaf	ailgrei	ailgrea	ailgrëwn	ailgrëwch	ailgreant	ailgrëir	ailgrëwn	ailgreit	ailgreai	ailgreem	ailgreech	ailgreent	ailgrëid	ailgreais	ailgreaist	ailgreodd	ailgreasom	ailgreasoch	ailgreasant	ailgrëwyd	ailgreaswn	ailgreasit	ailgreasai	ailgreasem	ailgreasech	ailgreasent	ailgreasid	ailgrëwyf	ailgreych	ailgreo	ailgreom	ailgreoch	ailgreont	ailgreer	ailgrea	ailgreed	ailgrëwn	ailgrewch	ailgreent	ailgreer	-	ailgreadwy
ail-lunio	-	ail-lunni	ail-lunia	-	-	-	ail-lunnir	-	ail-lunnit	-	-	-	-	ail-lunnid	-	-	-	-	-	-	-	-	-	-	-	-	-	-	-	ail-luniech	-	-	-	-	-	ail-lunia	-	-	-	-	-	-	ail-luniadwy
ail-wneud	ail-wnaf	-	-	-	-	-	-	-	-	-	-	-	-	-	-	-	-	-	-	-	-	-	-	-	-	-	-	-	-	-	-	-	-	-	-	-	-	-	-	-	-	-	-
ailbeintio	-	ailbeinti	ailbeintia	-	-	-	ailbeintir	-	ailbeintit	-	-	-	-	ailbeintid	-	-	-	-	-	-	-	-	-	-	-	-	-	-	-	ailbeintiech	-	-	-	-	-	ailbeintia	-	-	-	-	-	-	ailbeintiadwy
aildrefnu	-	-	-	-	-	-	-	-	-	-	-	-	-	-	-	-	-	-	-	-	-	-	-	-	-	-	-	-	aildrefnwn	aildrefnit	aildrefnai	aildrefnem	aildrefnech	aildrefnent	-	-	-	-	-	-	-	-	aildrefnadwy
ailffurfio	ailfffurfiaf	-	-	-	-	-	-	-	-	-	-	-	-	-	-	-	-	-	-	-	-	-	-	-	-	-	-	-	-	-	-	-	-	-	-	-	-	-	-	-	-	-	-
ailgyfeirio	-	ailgyfeiri	ailgyfeiria	-	-	-	ailgyfeirir	-	ailgyfeirit	-	-	-	-	ailgyfeirid	-	-	-	-	-	-	-	-	-	-	-	-	-	-	-	ailgyfeiriech	-	-	-	-	-	ailgyfeiria	-	-	-	-	-	-	ailgyfeiriadwy
ailgyflwyno	ailgyflwyaf	ailgyflwyi	ailgyflwya	ailgyflwywn	ailgyflwywch	ailgyflwyant	ailgyflwyir	-	-	-	-	-	-	-	ailgyflwyais	ailgyflwyaist	ailgyflwyodd	ailgyflwyasom	ailgyflwyasoch	ailgyflwyasant	ailgyflwywyd	ailgyflwyaswn	ailgyflwyasit	ailgyflwyasai	ailgyflwyasem	ailgyflwyasech	ailgyflwyasent	ailgyflwyasid	ailgyflwywn	ailgyflwyit	ailgyflwyai	ailgyflwyem	ailgyflwyech	ailgyflwyent	ailgyflwyer	ailgyflwya	ailgyflwyed	ailgyflwywn	-	ailgyflwyent	ailgyflwyer	-	ailgyflwyadwy
ailgyfuno	-	-	ailgyfuna	-	-	-	-	-	-	-	-	-	-	-	-	-	-	-	-	-	-	-	-	-	-	-	-	-	ailgyfunwn	ailgyfunit	ailgyfunai	ailgyfunem	ailgyfunech	ailgyfunent	-	ailgyfuna	-	-	-	-	-	-	ailgyfunadwy
ailosod	-	-	ailesyd	-	-	-	-	-	-	-	-	-	-	-	-	-	-	-	-	-	-	-	-	-	-	-	-	-	ailosodwn	ailosodit	ailosodai	ailosodem	ailosodech	ailosodent	-	-	-	-	-	-	-	-	-
ailwampio	-	ailwempi	ailwampia	-	-	-	ailwempir	-	ailwempit	-	-	-	-	ailwempid	ailwempiais	ailwempiaist	-	-	-	-	-	-	-	-	-	-	-	-	-	ailwempiech	-	-	-	-	-	ailwampia	-	-	-	-	-	-	ailwampiadwy
ailystyried	ailystyriaf	ailystyri	ailystyria	ailystyriwn	ailystyriwch	ailystyriant	ailystyrir	ailystyriwn	ailystyrit	ailystyriai	ailystyriem	ailystyriech	ailystyrient	ailystyrid	ailystyriais	ailystyriaist	ailystyriodd	ailystyriasom	ailystyriasoch	ailystyriasant	ailystyriwyd	ailystyriaswn	ailystyriasit	ailystyriasai	ailystyriasem	ailystyriasech	ailystyriasent	ailystyriasid	ailystyriwyf	ailystyriech	ailystyrio	ailystyriom	ailystyrioch	ailystyriont	ailystyrier	ailystyria	ailystyried	ailystyriwn	ailystyriwch	ailystyrient	ailystyrier	-	ailystyriedig
allanadlu	-	allanedli	allanadla	-	-	-	allanedlir	-	-	-	-	-	-	-	allanedlais	allanedlaist	-	-	-	-	-	-	-	-	-	-	-	-	allanadlwn	allanadlit	allanadlai	allanadlem	allanadlech	allanadlent	-	allanadla	-	-	-	-	-	-	allanadladwy
alldaflu	-	alldefli	alldeifl	-	-	-	alldeflir	-	-	-	-	-	-	-	alldeflais	alldeflaist	-	-	-	-	-	-	-	-	-	-	-	-	alldaflwn	alldaflit	alldaflai	alldaflem	alldaflech	alldaflent	-	alldafla	-	-	-	-	-	-	alldafladwy
allforio	-	allfori	allforia	-	-	-	allforir	-	allforit	-	-	-	-	allforid	-	-	-	-	-	-	-	-	-	-	-	-	-	-	-	allforiech	-	-	-	-	-	allforia	-	-	-	-	-	-	allforiadwy
allfudo	-	-	allfuda	-	-	-	-	-	-	-	-	-	-	-	-	-	-	-	-	-	-	-	-	-	-	-	-	-	allfudwn	allfudit	allfudai	allfudem	allfudech	allfudent	-	allfuda	-	-	-	-	-	-	allfudadwy
allgofnodi	-	-	allgofnoda	-	-	-	-	-	-	-	-	-	-	-	-	-	-	-	-	-	-	-	-	-	-	-	-	-	allgofnodwn	allgofnodit	allgofnodai	allgofnodem	allgofnodech	allgofnodent	-	allgofnoda	-	-	-	-	-	-	allgofnodadwy
allosod	-	-	ellesyd	-	-	-	-	-	-	-	-	-	-	-	-	-	-	-	-	-	-	-	-	-	-	-	-	-	allosodwn	allosodit	allosodai	allosodem	allosodech	allosodent	-	-	-	-	-	-	-	-	-
allwthio	-	allwthi	allwthia	-	-	-	allwthir	-	allwthit	-	-	-	-	allwthid	-	-	-	-	-	-	-	-	-	-	-	-	-	-	-	allwthiech	-	-	-	-	-	allwthia	-	-	-	-	-	-	-
amaethu	-	-	amaetha	-	-	-	-	-	-	-	-	-	-	-	-	-	-	-	-	-	-	-	-	-	-	-	-	-	amaethwn	amaethit	amaethai	amaethem	amaethech	amaethent	-	amaetha	-	-	-	-	-	-	amaethadwy
amau	amheuaf	amheui	amheua	amheuwn	amheuwch	amheuant	amheuir	amheuwn	amheuit	amheuai	amheuem	amheuech	amheuent	amheuid	amheuais	amheuaist	amheuodd	ameuasom	ameuasoch	ameuasant	amheuwyd	ameuaswn	ameuasit	ameuasai	ameuasem	ameuasech	ameuasent	ameuasid	amheuwyf	amheuych	amheuo	amheuom	amheuoch	amheuont	amheuer	amheua	amheued	amheuwn	amheuwch	amheuent	amheuer	-	ameuedig
amcangyfrif	-	-	-	-	-	-	-	-	-	-	-	-	-	-	-	-	-	-	-	-	-	-	-	-	-	-	-	-	amcangyfrifwn	amcangyfrifit	amcangyfrifai	amcangyfrifem	amcangyfrifech	amcangyfrifent	-	amcangyfrifa	-	-	-	-	-	-	amcangyfrifadwy
amcanu	-	amceni	amcana	-	-	-	amcenir	-	-	-	-	-	-	-	amcenais	amcenaist	-	-	-	-	-	-	-	-	-	-	-	-	amcanwn	amcanit	amcanai	amcanem	amcanech	amcanent	-	amcana	-	-	-	-	-	-	amcanadwy
amddiffyn	amddiffynnaf	amddiffynni	-	amddiffynnwn	amddiffynnwch	amddiffynnant	amddiffynnir	-	-	-	-	-	-	-	amddiffynnais	amddiffynnaist	amddiffynnodd	-	-	-	amddiffynnwyd	-	-	-	-	-	-	-	amddiffynnwn	amddiffynnit	amddiffynnai	amddiffynnem	amddiffynnech	amddiffynnent	amddiffynner	amddiffynna	amddiffynned	amddiffynnwn	amddiffynnwch	amddiffynnent	amddiffynner	-	amddiffynadwy
amgyffred	-	-	amgyffreda	-	-	-	-	-	-	-	-	-	-	-	-	-	-	-	-	-	-	-	-	-	-	-	-	-	-	-	-	-	-	-	-	amgyffreda	-	-	-	-	-	-	-
amgylchu	-	-	amgylcha	-	-	-	-	-	-	-	-	-	-	-	-	-	-	-	-	-	-	-	-	-	-	-	-	-	amgylchwn	amgylchit	amgylchai	amgylchem	amgylchech	amgylchent	-	amgylcha	-	-	-	-	-	-	amgylchadwy
amgylchynu	-	-	amgylchyna	-	-	-	-	-	-	-	-	-	-	-	-	-	-	-	-	-	-	-	-	-	-	-	-	-	amgylchynwn	amgylchynit	amgylchynai	amgylchynem	amgylchynech	amgylchynent	-	amgylchyna	-	-	-	-	-	-	amgylchynadwy
amgáu	amgaeaf	amgaei	amgae	amgaewn	amgaewch	amgaeant	amgaeir	-	-	-	-	-	-	-	amgaeais	amgaeaist	amgaeodd	amgaeasom	amgaeasoch	amgaeasant	amgaewyd	amgaeaswn	amgaeasit	amgaeasai	amgaeasem	amgaeasech	amgaeasent	amgaeasid	amgaewn	amgaeit	amgaeai	amgaeem	amgaeech	amgaeent	amgaeer	amgaea	amgaeed	amgaewn	amgaewch	amgaeent	amgaeer	-	amgaeadwy
amharchu	-	amherchi	amharcha	-	-	-	amherchir	-	-	-	-	-	-	-	amherchais	amherchaist	-	-	-	-	-	-	-	-	-	-	-	-	amharchwn	amharchit	amharchai	amharchem	amharchech	amharchent	-	amharcha	-	-	-	-	-	-	amharchadwy
amharu	-	amheri	amhara	-	-	-	amherir	-	-	-	-	-	-	-	amherais	amheraist	-	-	-	-	-	-	-	-	-	-	-	-	amharwn	amharit	amharai	amharem	amharech	amharent	-	amhara	-	-	-	-	-	-	amharadwy
amlhau	amlhaf	amlhei	-	-	amlhewch	amlhânt	amlheir	-	-	-	-	-	-	-	amlheais	amlheaist	-	amlhasom	amlhasoch	amlhasant	-	amlhaswn	amlhasit	amlhasai	amlhasem	amlhasech	amlhasent	amlhasid	amlhawn	amlhait	-	amlhaem	amlhaech	amlhaent	-	-	-	-	amlhewch	-	-	-	-
amlosgi	-	-	amlosga	-	-	-	-	-	-	-	-	-	-	-	-	-	-	-	-	-	-	-	-	-	-	-	-	-	amlosgwn	amlosgit	amlosgai	amlosgem	amlosgech	amlosgent	-	-	-	-	-	-	-	-	amlosgadwy
amlygu	-	-	amlyga	-	-	-	-	-	-	-	-	-	-	-	-	-	-	-	-	-	-	-	-	-	-	-	-	-	amlygwn	amlygit	amlygai	amlygem	amlygech	amlygent	-	amlyga	-	-	-	-	-	-	amlygadwy
amnewid	amnewidiaf	-	amnewidia	amnewidiwn	amnewidiwch	amnewidiant	-	amnewidiwn	-	amnewidiai	amnewidiem	amnewidiech	amnewidient	-	amnewidiais	amnewidiaist	amnewidiodd	amnewidiasom	amnewidiasoch	amnewidiasant	amnewidiwyd	amnewidiaswn	amnewidiasit	amnewidiasai	amnewidiasem	amnewidiasech	amnewidiasent	amnewidiasid	amnewidiwyf	amnewidiech	amnewidio	amnewidiom	amnewidioch	amnewidiont	amnewidier	amnewidia	amnewidied	amnewidiwn	amnewidiwch	amnewidient	amnewidier	-	-
amodi	-	-	amoda	-	-	-	-	-	-	-	-	-	-	-	-	-	-	-	-	-	-	-	-	-	-	-	-	-	amodwn	amodit	amodai	amodem	amodech	amodent	-	amoda	-	-	-	-	-	-	amodadwy
amrwymo	-	-	amrwyma	-	-	-	-	-	-	-	-	-	-	-	-	-	-	-	-	-	-	-	-	-	-	-	-	-	amrwymwn	amrwymit	amrwymai	amrwymem	amrwymech	amrwyment	-	amrwyma	-	-	-	-	-	-	amrwymadwy
amrywio	-	amrywi	-	-	-	-	amrywir	-	amrywit	-	-	-	-	amrywid	-	-	-	-	-	-	-	-	-	-	-	-	-	-	-	amrywiech	-	-	-	-	-	-	-	-	-	-	-	-	amrywiadwy
anadlu	-	anedli	anadla	-	-	-	anedlir	-	-	-	-	-	-	-	anedlais	anedlaist	-	-	-	-	-	-	-	-	-	-	-	-	anadlwn	anadlit	anadlai	anadlem	anadlech	anadlent	-	anadla	-	-	-	-	-	-	anadladwy
anafu	-	anefi	anafa	-	-	-	anefir	-	-	-	-	-	-	-	anefais	anefaist	-	-	-	-	-	-	-	-	-	-	-	-	anafwn	anafit	anafai	anafem	anafech	anafent	-	anafa	-	-	-	-	-	-	-
andwyo	-	-	andwya	-	-	-	-	-	-	-	-	-	-	-	-	-	-	-	-	-	-	-	-	-	-	-	-	-	andwywn	andwyit	andwyai	andwyem	andwyech	andwyent	-	andwya	-	-	-	-	-	-	andwyadwy
anelu	-	-	anela	-	-	-	-	-	-	-	-	-	-	-	-	-	-	-	-	-	-	-	-	-	-	-	-	-	anelwn	anelit	anelai	anelem	anelech	anelent	-	anela	-	-	-	-	-	-	aneladwy
anfodloni	-	-	anfodlona	-	-	-	-	-	-	-	-	-	-	-	-	-	-	-	-	-	-	-	-	-	-	-	-	-	anfodlonwn	anfodlonit	anfodlonai	anfodlonem	anfodlonech	anfodlonent	-	anfodlona	-	-	-	-	-	-	anfodlonadwy
anfon	-	-	enfyn	-	-	-	-	-	-	-	-	-	-	-	-	-	-	-	-	-	-	-	-	-	-	-	-	-	-	-	-	-	-	-	-	-	-	-	-	-	-	-	-
anghofio	-	anghofi	anghofia	-	-	-	anghofir	-	anghofit	-	-	-	-	anghofid	-	-	-	-	-	-	-	-	-	-	-	-	-	-	-	anghofiech	-	-	-	-	-	anghofia	-	-	-	-	-	-	-
anghoroni	-	-	anghorona	-	-	-	-	-	-	-	-	-	-	-	-	-	-	-	-	-	-	-	-	-	-	-	-	-	anghoronwn	anghoronit	anghoronai	anghoronem	anghoronech	anghoronent	-	anghorona	-	-	-	-	-	-	anghoronadwy
anghyd-weld	anghydwelaf	-	-	-	-	-	-	-	-	-	-	-	-	-	-	-	-	-	-	-	-	-	-	-	-	-	-	-	-	-	-	-	-	-	-	-	-	-	-	-	-	-	-
anghydsynio	-	anghydsynni	anghydsynia	-	-	-	anghydsynnir	-	anghydsynit	-	-	-	-	anghydsynnid	-	-	-	-	-	-	-	-	-	-	-	-	-	-	-	anghydsyniech	-	-	-	-	-	anghydsynia	-	-	-	-	-	-	anghydsyniadwy
anghydweld	anghydwelaf	anghydweli	anghydwêl	anghydwelwn	anghydwelwch	anghydwelant	anghydwelir	-	-	-	-	-	-	-	anghydwelais	anghydwelaist	anghydwelodd	anghydwelasom	anghydwelasoch	anghydwelasant	anghydwelwyd	anghydwelaswn	anghydwelasit	anghydwelasai	anghydwelasem	anghydwelasech	anghydwelasent	anghydwelasid	anghydwelwn	anghydwelit	anghydwelai	anghydwelem	anghydwelech	anghydwelent	anghydweler	anghydwela	anghydweled	anghydwelwn	anghydwelwch	anghydwelent	anghydweler	-	anghydweladwy
anghymhwyso	-	-	anghymhwysa	-	-	-	-	-	-	-	-	-	-	-	-	-	-	-	-	-	-	-	-	-	-	-	-	-	anghymhwyswn	anghymhwysit	anghymhwysai	anghymhwysem	anghymhwysech	anghymhwysent	-	anghymhwysa	-	-	-	-	-	-	anghymhwysadwy
anghymreigio	-	anghymreigi	anghymreigia	-	-	-	anghymreigir	-	anghymreigit	-	-	-	-	anghymreigid	-	-	-	-	-	-	-	-	-	-	-	-	-	-	-	anghymreigiech	-	-	-	-	-	anghymreigia	-	-	-	-	-	-	anghymreigiadwy
anghytuno	-	-	anghytuna	-	-	-	-	-	-	-	-	-	-	-	-	-	-	-	-	-	-	-	-	-	-	-	-	-	anghytunwn	anghytunit	anghytunai	anghytunem	anghytunech	anghytunent	-	anghytuna	-	-	-	-	-	-	anghytunadwy
anheddu	-	-	anhedda	-	-	-	-	-	-	-	-	-	-	-	-	-	-	-	-	-	-	-	-	-	-	-	-	-	anheddwn	anheddit	anheddai	anheddem	anheddech	anheddent	-	anhedda	-	-	-	-	-	-	anheddadwy
anhrefnu	-	-	anhrefna	-	-	-	-	-	-	-	-	-	-	-	-	-	-	-	-	-	-	-	-	-	-	-	-	-	anhrefnwn	anhrefnit	anhrefnai	anhrefnem	anhrefnech	anhrefnent	-	anhrefna	-	-	-	-	-	-	anhrefnadwy
animeiddio	-	animeiddi	animeiddia	-	-	-	animeiddir	-	animeiddit	-	-	-	-	animeiddid	-	-	-	-	-	-	-	-	-	-	-	-	-	-	-	animeiddiech	-	-	-	-	-	animeiddia	-	-	-	-	-	-	animeiddiadwy
annerch	anerchaf	anerchi	anercha	anerchwn	anerchwch	anerchant	anerchir	-	-	-	-	-	-	-	anerchais	anerchaist	anerchodd	anerchasom	anerchasoch	anerchasant	anerchwyd	anerchaswn	anerchasit	anerchasai	anerchasem	anerchasech	anerchasent	anerchasid	anerchwn	anerchit	anerchai	anerchem	anerchech	anerchent	anercher	anercha	anerched	anerchwn	anerchwch	anerchent	anercher	-	anerchedig
annhacluso	-	-	-	-	-	-	-	-	-	-	-	-	-	-	-	-	-	-	-	-	-	-	-	-	-	-	-	-	annhacluswn	annhaclusit	annhaclusai	annhaclusem	annhaclusech	annhaclusent	-	-	-	-	-	-	-	-	annhaclusadwy
annibennu	annibenaf	-	-	-	-	-	-	-	-	-	-	-	-	-	-	-	-	-	-	-	-	-	-	-	-	-	-	-	-	-	-	-	-	-	-	-	-	-	-	-	-	-	-
annog	anogaf	anogi	-	anogwn	anogwch	anogant	anogir	anogwn	anogit	anogai	anogem	anogech	anogent	anogid	anogais	anogaist	anogodd	anogasom	anogasoch	anogasant	anogwyd	anogaswn	anogasit	anogasai	anogasem	anogasech	anogasent	anogasid	anogwyf	anogych	anogo	anogom	anogoch	anogont	anoger	-	anoged	anogwn	anogwch	anogent	anoger	-	anogedig
annos	anhoaf	-	-	-	-	-	-	-	-	-	-	-	-	-	-	-	-	-	-	-	-	-	-	-	-	-	-	-	-	-	-	-	-	-	-	-	-	-	-	-	-	-	-
anobeithio	-	anobeithi	anobeithia	-	-	-	anobeithir	-	anobeithit	-	-	-	-	anobeithid	-	-	-	-	-	-	-	-	-	-	-	-	-	-	-	anobeithiech	-	-	-	-	-	anobeithia	-	-	-	-	-	-	anobeithiadwy
anrhydeddu	-	-	anrhydedda	-	-	-	-	-	-	-	-	-	-	-	-	-	-	-	-	-	-	-	-	-	-	-	-	-	anrhydeddwn	anrhydeddit	anrhydeddai	anrhydeddem	anrhydeddech	anrhydeddent	-	anrhydedda	-	-	-	-	-	-	anrhydeddadwy
anurddo	-	-	anurdda	-	-	-	-	-	-	-	-	-	-	-	-	-	-	-	-	-	-	-	-	-	-	-	-	-	anurddwn	anurddit	anurddai	anurddem	anurddech	anurddent	-	anurdda	-	-	-	-	-	-	anurddadwy
anweddu	-	-	anwedda	-	-	-	-	-	-	-	-	-	-	-	-	-	-	-	-	-	-	-	-	-	-	-	-	-	anweddwn	anweddit	anweddai	anweddem	anweddech	anweddent	-	anwedda	-	-	-	-	-	-	anweddadwy
anwesu	-	-	-	-	-	-	-	-	-	-	-	-	-	-	-	-	-	-	-	-	-	-	-	-	-	-	-	-	anweswn	anwesit	anwesai	anwesem	anwesech	anwesent	-	-	-	-	-	-	-	-	anwesadwy
anwybyddu	-	-	anwybydda	-	-	-	-	-	-	-	-	-	-	-	-	-	-	-	-	-	-	-	-	-	-	-	-	-	anwybyddwn	anwybyddit	anwybyddai	anwybyddem	anwybyddech	anwybyddent	-	anwybydda	-	-	-	-	-	-	anwybyddadwy
anwylio	anwylaf	-	-	-	-	-	-	-	-	-	-	-	-	-	-	-	-	-	-	-	-	-	-	-	-	-	-	-	-	-	-	-	-	-	-	-	-	-	-	-	-	-	-
anwylo	-	-	anwyla	-	-	-	-	-	-	-	-	-	-	-	-	-	-	-	-	-	-	-	-	-	-	-	-	-	anwylwn	anwylit	anwylai	anwylem	anwylech	anwylent	-	anwyla	-	-	-	-	-	-	anwyladwy
anwytho	-	-	anwytha	-	-	-	-	-	-	-	-	-	-	-	-	-	-	-	-	-	-	-	-	-	-	-	-	-	anwythwn	anwythit	anwythai	anwythem	anwythech	anwythent	-	anwytha	-	-	-	-	-	-	anwythadwy
apwyntio	-	apwynti	apwyntia	-	-	-	apwyntir	-	apwyntit	-	-	-	-	apwyntid	-	-	-	-	-	-	-	-	-	-	-	-	-	-	-	apwyntiech	-	-	-	-	-	apwyntia	-	-	-	-	-	-	apwyntiadwy
arafu	-	arefi	arafi	arafiwn	arafiwch	arafiant	arefir	arafiwn	arefit	arafiai	arafiem	arafiech	arafient	arefid	arefiais	arefiaist	arafiodd	arafiasom	arafiasoch	arafiasant	arafiwyd	arafiaswn	arafiasit	arafiasai	arafiasem	arafiasech	arafiasent	arafiasid	arafiwyf	arefiech	arafio	arafiom	arafioch	arafiont	arafier	arafa	arafied	arafiwn	arafiwch	arafient	arafier	-	arafiadwy
arbed	-	-	-	-	-	-	-	-	-	-	-	-	-	-	-	-	-	-	-	-	-	-	-	-	-	-	-	-	arbedwn	arbedit	arbedai	arbedem	arbedech	arbedent	-	-	-	-	-	-	-	-	arbedadwy
arbelydru	-	-	arbelydra	-	-	-	-	-	-	-	-	-	-	-	-	-	-	-	-	-	-	-	-	-	-	-	-	-	arbelydrwn	arbelydrit	arbelydrai	arbelydrem	arbelydrech	arbelydrent	-	arbelydra	-	-	-	-	-	-	arbelydradwy
arbenigo	-	-	arbeniga	-	-	-	-	-	-	-	-	-	-	-	-	-	-	-	-	-	-	-	-	-	-	-	-	-	arbenigwn	arbenigit	arbenigai	arbenigem	arbenigech	arbenigent	-	arbeniga	-	-	-	-	-	-	arbenigadwy
arbrisio	-	arbrisi	arbrisia	-	-	-	arbrisir	-	arbrisit	-	-	-	-	arbrisid	-	-	-	-	-	-	-	-	-	-	-	-	-	-	-	arbrisiech	-	-	-	-	-	arbrisia	-	-	-	-	-	-	arbrisiadwy
arbrofi	-	-	arbrofa	-	-	-	-	-	-	-	-	-	-	-	-	-	-	-	-	-	-	-	-	-	-	-	-	-	arbrofwn	arbrofit	arbrofai	arbrofem	arbrofech	arbrofent	-	arbrofa	-	-	-	-	-	-	arbrofadwy
archebu	-	-	-	-	-	-	-	-	-	-	-	-	-	-	-	-	-	-	-	-	-	-	-	-	-	-	-	-	archebwn	archebit	archebai	archebem	archebech	archebent	-	-	-	-	-	-	-	-	archebadwy
archolli	-	-	archolla	-	-	-	-	-	-	-	-	-	-	-	-	-	-	-	-	-	-	-	-	-	-	-	-	-	archollwn	archollit	archollai	archollem	archollech	archollent	-	archolla	-	-	-	-	-	-	archolladwy
archwilio	-	archwili	-	-	-	-	archwilir	-	archwilit	-	-	-	-	archwilid	-	-	-	-	-	-	-	-	-	-	-	-	-	-	-	archwiliech	-	-	-	-	-	-	-	-	-	-	-	-	archwiliadwy
arddangos	-	-	arddangosa	-	-	-	-	-	-	-	-	-	-	-	-	-	-	-	-	-	-	-	-	-	-	-	-	-	arddangoswn	arddangosit	arddangosai	arddangosem	arddangosech	arddangosent	-	arddangosa	-	-	-	-	-	-	arddangosadwy
arddel	-	arddelei	arddelâ	arddelawn	arddelewch	arddelânt	arddeleir	-	-	-	-	-	-	-	arddeleais	arddeleaist	arddelaodd	-	-	-	arddelawyd	-	-	-	-	-	-	-	arddelawn	arddelait	arddelao	arddelaem	arddelaech	arddelaent	arddelaer	arddela	arddelaed	arddelawn	arddelewch	arddelaent	arddelaer	-	arddeladwy
arddodi	-	-	arddoda	-	-	-	-	-	-	-	-	-	-	-	-	-	-	-	-	-	-	-	-	-	-	-	-	-	arddodwn	arddodit	arddodai	arddodem	arddodech	arddodent	-	arddoda	-	-	-	-	-	-	arddodadwy
aredig	arddaf	aredi	ardd	arddwn	aredwch	arddant	aredir	-	-	-	-	-	-	-	aredais	aredaist	arddodd	arddasom	arddasoch	arddasant	arddwyd	arddaswn	arddasit	arddasai	arddasem	arddasech	arddasent	arddasid	arddwn	arddit	arddai	arddem	arddech	arddent	ardder	ardd	ardded	arddwn	aredwch	arddent	ardder	-	arddadwy
arestio	-	aresti	arestia	-	-	-	arestir	-	arestit	-	-	-	-	arestid	-	-	-	-	-	-	-	-	-	-	-	-	-	-	-	arestiech	-	-	-	-	-	arestia	-	-	-	-	-	-	arestiadwy
arfarnu	-	arferni	arfarna	-	-	-	arfernir	-	-	-	-	-	-	-	arfernais	arfernaist	-	-	-	-	-	-	-	-	-	-	-	-	arfarnwn	arfarnit	arfarnai	arfarnem	arfarnech	arfarnent	-	arfarna	-	-	-	-	-	-	arfarnadwy
argraffu	-	argreffi	argraffa	-	-	-	argreffir	-	-	-	-	-	-	-	argreffais	argreffaist	-	-	-	-	-	-	-	-	-	-	-	-	argraffwn	argraffit	argraffai	argraffem	argraffech	argraffent	-	argraffa	-	-	-	-	-	-	argraffadwy
arholi	-	-	arhola	-	-	-	-	-	-	-	-	-	-	-	-	-	-	-	-	-	-	-	-	-	-	-	-	-	arholwn	arholit	arholai	arholem	arholech	arholent	-	arhola	-	-	-	-	-	-	arholadwy
arlloesi	-	-	-	-	-	-	-	-	-	-	-	-	-	-	-	-	-	-	-	-	-	-	-	-	-	-	-	-	arlloeswn	arlloesit	arlloesai	arlloesem	arlloesech	arlloesent	-	arlloesa	-	-	-	-	-	-	arlloesadwy
arllwys	-	-	-	-	-	-	-	-	-	-	-	-	-	-	-	-	-	-	-	-	-	-	-	-	-	-	-	-	arllwyswn	arllwysit	arllwysai	arllwysem	arllwysech	arllwysent	-	arllwysa	-	-	-	-	-	-	arllwysadwy
arloesi	-	-	arloesa	-	-	-	-	-	-	-	-	-	-	-	-	-	-	-	-	-	-	-	-	-	-	-	-	-	arloeswn	arloesit	arloesai	arloesem	arloesech	arloesent	-	arloesa	-	-	-	-	-	-	arloesadwy
arnodi	-	-	arnoda	-	-	-	-	-	-	-	-	-	-	-	-	-	-	-	-	-	-	-	-	-	-	-	-	-	arnodwn	arnodit	arnodai	arnodem	arnodech	arnodent	-	arnoda	-	-	-	-	-	-	arnodadwy
arnofio	-	arnofi	arnawf	-	-	-	arnofir	-	arnofit	-	-	-	-	arnofid	-	-	-	-	-	-	-	-	-	-	-	-	-	-	-	arnofiech	-	-	-	-	-	arnawf	-	-	-	-	-	-	arnofiadwy
arogli	-	-	arogla	-	-	-	-	-	-	-	-	-	-	-	-	-	-	-	-	-	-	-	-	-	-	-	-	-	aroglwn	aroglit	aroglai	aroglem	aroglech	aroglent	-	arogla	-	-	-	-	-	-	arogladwy
aroleuo	-	-	aroleua	-	-	-	-	-	-	-	-	-	-	-	-	-	-	-	-	-	-	-	-	-	-	-	-	-	aroleuwn	aroleuit	aroleuai	aroleuem	aroleuech	aroleuent	-	aroleua	-	-	-	-	-	-	aroleuadwy
arolygu	-	-	arolyga	-	-	-	-	-	-	-	-	-	-	-	-	-	-	-	-	-	-	-	-	-	-	-	-	-	arolygwn	arolygit	arolygai	arolygem	arolygech	arolygent	-	arolyga	-	-	-	-	-	-	arolygadwy
aros	arhosaf	arhosi	erys	arhoswn	arhoswch	arhosant	arhosir	arhoswn	arhosit	arhosai	arhosem	arhosech	arhosent	arhosid	arhosais	arhosaist	arhosodd	-	-	-	arhoswyd	-	-	-	-	-	-	-	arhoswyf	arhosych	arhoso	arhosom	arhosoch	arhosont	arhoser	-	arhosed	arhoswn	arhoswch	arhosent	arhoser	-	arosadwy
arswydo	-	-	arswyda	-	-	-	-	-	-	-	-	-	-	-	-	-	-	-	-	-	-	-	-	-	-	-	-	-	arswydwn	arswydit	arswydai	arswydem	arswydech	arswydent	-	arswyda	-	-	-	-	-	-	arswydadwy
arsyllu	-	-	arsylla	-	-	-	-	-	-	-	-	-	-	-	-	-	-	-	-	-	-	-	-	-	-	-	-	-	arsyllwn	arsyllit	arsyllai	arsyllem	arsyllech	arsyllent	-	arsylla	-	-	-	-	-	-	arsylladwy
arwahanu	-	arwaheni	arwahana	-	-	-	arwahenir	-	-	-	-	-	-	-	arwahenais	arwahenaist	-	-	-	-	-	-	-	-	-	-	-	-	arwahanwn	arwahanit	arwahanai	arwahanem	arwahanech	arwahanent	-	arwahana	-	-	-	-	-	-	arwahanadwy
arwain	arweiniaf	arweini	-	arweiniwn	arweiniwch	arweiniant	arweinir	arweiniwn	arweinit	arweiniai	arweiniem	arweiniech	arweinient	arweinid	arweiniais	arweiniaist	arweiniodd	arweiniasom	arweiniasoch	arweiniasant	arweiniwyd	arweiniaswn	arweiniasit	arweiniasai	arweiniasem	arweiniasech	arweiniasent	arweiniasid	arweiniwyf	arweiniech	arweinio	arweiniom	arweinioch	arweiniont	arweinier	-	arweinied	arweiniwn	arweiniwch	arweinient	arweinier	-	arweiniedig
arwerthu	-	-	arwertha	-	-	-	-	-	-	-	-	-	-	-	-	-	-	-	-	-	-	-	-	-	-	-	-	-	arwerthwn	arwerthit	arwerthai	arwerthem	arwerthech	arwerthent	-	arwertha	-	-	-	-	-	-	arwerthadwy
arwisgo	-	-	-	-	-	-	-	-	-	-	-	-	-	-	-	-	-	-	-	-	-	-	-	-	-	-	-	-	arwisgwn	arwisgit	arwisgai	arwisgem	arwisgech	arwisgent	-	-	-	-	-	-	-	-	arwisgadwy
asesu	-	-	asesa	-	-	-	-	-	-	-	-	-	-	-	-	-	-	-	-	-	-	-	-	-	-	-	-	-	aseswn	asesit	asesai	asesem	asesech	asesent	-	asesa	-	-	-	-	-	-	asesadwy
asideiddio	-	asideiddi	asideiddia	-	-	-	asideiddir	-	asideiddit	-	-	-	-	asideiddid	-	-	-	-	-	-	-	-	-	-	-	-	-	-	-	asideiddiech	-	-	-	-	-	asideiddia	-	-	-	-	-	-	asideiddadwy
asio	-	esi	asia	-	-	-	esir	-	esit	-	-	-	-	esid	esiais	esiaist	-	-	-	-	-	-	-	-	-	-	-	-	-	esiech	-	-	-	-	-	asia	-	-	-	-	-	-	asiadwy
astudio	-	astudi	astudia	-	-	-	astudir	-	astudit	-	-	-	-	astudid	-	-	-	-	-	-	-	-	-	-	-	-	-	-	-	astudiech	-	-	-	-	-	astudia	-	-	-	-	-	-	astudiadwy
atal	ataliaf	ateli	etyl	ataliwn	ateliwch	ataliant	atelir	ataliwn	atelit	ataliai	ataliem	ataliech	atalient	atelid	ateliais	ateliaist	ataliodd	ataliasom	ataliasoch	ataliasant	ataliwyd	ataliaswn	ataliasit	ataliasai	ataliasem	ataliasech	ataliasent	ataliasid	ataliwyf	ateliech	atalio	ataliom	atalioch	ataliont	atalier	-	atalied	ataliwn	ateliwch	atalient	atalier	-	ataliedig
ateb	-	-	-	-	-	-	-	-	-	-	-	-	-	-	-	-	-	-	-	-	-	-	-	-	-	-	-	-	atebwn	atebit	atebai	atebem	atebech	atebent	-	-	-	-	-	-	-	-	atebadwy
atffurfio	atfffurfiaf	-	-	-	-	-	-	-	-	-	-	-	-	-	-	-	-	-	-	-	-	-	-	-	-	-	-	-	-	-	-	-	-	-	-	-	-	-	-	-	-	-	-
atgenhedlu	-	-	atgenhedla	-	-	-	-	-	-	-	-	-	-	-	-	-	-	-	-	-	-	-	-	-	-	-	-	-	atgenhedlwn	atgenhedlit	atgenhedlai	atgenhedlem	atgenhedlech	atgenhedlent	-	atgenhedla	-	-	-	-	-	-	atgenhedladwy
atgoffa	-	-	atgoffa	-	-	-	-	-	-	-	-	-	-	-	-	-	-	-	-	-	-	-	-	-	-	-	-	-	atgoffwn	atgoffit	atgoffai	atgoffem	atgoffech	atgoffent	-	atgoffa	-	-	-	-	-	-	atgoffadwy
atgoffáu	atgoffâf	-	-	-	-	-	-	-	-	-	-	-	-	-	-	-	-	-	-	-	-	-	-	-	-	-	-	-	-	-	-	-	-	-	-	-	-	-	-	-	-	-	-
atgyfeirio	-	atgyfeiri	atgyfeiria	-	-	-	atgyfeirir	-	atgyfeirit	-	-	-	-	atgyfeirid	-	-	-	-	-	-	-	-	-	-	-	-	-	-	-	atgyfeiriech	-	-	-	-	-	atgyfeiria	-	-	-	-	-	-	atgyfeiriadwy
atgyflenwi	atgyflanwaf	-	-	-	-	-	-	-	-	-	-	-	-	-	-	-	-	-	-	-	-	-	-	-	-	-	-	-	-	-	-	-	-	-	-	-	-	-	-	-	-	-	-
atgyfnerthu	-	-	atgyfnertha	-	-	-	-	-	-	-	-	-	-	-	-	-	-	-	-	-	-	-	-	-	-	-	-	-	atgyfnerthwn	atgyfnerthit	atgyfnerthai	atgyfnerthem	atgyfnerthech	atgyfnerthent	-	atgyfnertha	-	-	-	-	-	-	atgyfnerthadwy
athrodi	-	-	-	-	-	-	-	-	-	-	-	-	-	-	-	-	-	-	-	-	-	-	-	-	-	-	-	-	athrodwn	athrodit	athrodai	athrodem	athrodech	athrodent	-	-	-	-	-	-	-	-	athrodadwy
atodi	atodiaf	atodii	atodi	atodiwn	atodiwch	atodiant	atodiir	-	-	-	-	-	-	-	atodiais	atodiaist	atodiodd	atodiasom	atodiasoch	atodiasant	atodiwyd	atodiaswn	atodiasit	atodiasai	atodiasem	atodiasech	atodiasent	atodiasid	atodiwn	atodiit	atodiai	atodiem	atodiech	atodient	atodier	atodi	atodied	atodiwn	atodiwch	atodient	atodier	-	atodiadwy
atseinio	-	atseini	atseinia	-	-	-	atseinir	-	atseinit	-	-	-	-	atseinid	-	-	-	-	-	-	-	-	-	-	-	-	-	-	-	atseiniech	-	-	-	-	-	atseinia	-	-	-	-	-	-	atseiniadwy
atynnu	-	-	atyn	-	-	-	-	-	-	-	-	-	-	-	-	-	-	atynasom	atynasoch	atynasant	-	atynaswn	atynasit	atynasai	atynasem	atynasech	atynasent	atynasid	atynnwn	atynnit	atynnai	atynnem	atynnech	atynnent	-	atyn	-	-	-	-	-	-	atynadwy
awdurdodi	-	-	awdurdoda	-	-	-	-	-	-	-	-	-	-	-	-	-	-	-	-	-	-	-	-	-	-	-	-	-	awdurdodwn	awdurdodit	awdurdodai	awdurdodem	awdurdodech	awdurdodent	-	awdurdoda	-	-	-	-	-	-	awdurdodadwy
awgrymu	-	-	awgryma	-	-	-	-	-	-	-	-	-	-	-	-	-	-	-	-	-	-	-	-	-	-	-	-	-	-	-	-	-	-	-	-	awgryma	-	-	-	-	-	-	-
bachu	-	bechi	bacha	-	-	-	bechir	-	-	-	-	-	-	-	bechais	bechaist	-	-	-	-	-	-	-	-	-	-	-	-	bachwn	bachit	bachai	bachem	bachech	bachent	-	bacha	-	-	-	-	-	-	bachadwy
baeddu	-	-	baedda	-	-	-	-	-	-	-	-	-	-	-	-	-	-	-	-	-	-	-	-	-	-	-	-	-	baeddwn	baeddit	baeddai	baeddem	baeddech	baeddent	-	baedda	-	-	-	-	-	-	baeddadwy
baglu	-	begli	bagla	-	-	-	beglir	-	-	-	-	-	-	-	beglais	beglaist	-	-	-	-	-	-	-	-	-	-	-	-	baglwn	baglit	baglai	baglem	baglech	baglent	-	bagla	-	-	-	-	-	-	bagladwy
bancio	-	benci	bancia	-	-	-	bencir	-	bencit	-	-	-	-	bencid	benciais	benciaist	-	-	-	-	-	-	-	-	-	-	-	-	-	benciech	-	-	-	-	-	bancia	-	-	-	-	-	-	banciadwy
barbeciwio	-	barbeciwi	barbeciwia	-	-	-	barbeciwir	-	barbeciwit	-	-	-	-	barbeciwid	-	-	-	-	-	-	-	-	-	-	-	-	-	-	-	barbeciwiech	-	-	-	-	-	barbeciwia	-	-	-	-	-	-	barbeciwiadwy
bargeinio	-	bargeini	-	-	-	-	bargeinir	-	bargeinit	-	-	-	-	bargeinid	-	-	-	-	-	-	-	-	-	-	-	-	-	-	-	bargeiniech	-	-	-	-	-	-	-	-	-	-	-	-	bargeiniadwy
barnu	-	berni	barna	-	-	-	bernir	-	-	-	-	-	-	-	bernais	bernaist	-	-	-	-	-	-	-	-	-	-	-	-	barnwn	barnit	barnai	barnem	barnech	barnent	-	barna	-	-	-	-	-	-	barnadwy
bathu	-	-	-	-	-	-	-	-	-	-	-	-	-	-	-	-	e	-	-	-	-	-	-	-	-	-	-	-	-	-	-	-	-	-	-	batha	-	-	-	-	-	-	-
becso	-	-	becsa	-	-	-	-	-	-	-	-	-	-	-	-	-	-	-	-	-	-	-	-	-	-	-	-	-	becswn	becsit	becsai	becsem	becsech	becsent	-	becsa	-	-	-	-	-	-	becsadwy
began	begaf	-	-	-	-	-	-	-	-	-	-	-	-	-	-	-	-	-	-	-	-	-	-	-	-	-	-	-	-	-	-	-	-	-	-	-	-	-	-	-	-	-	-
begian	begiaf	-	-	-	-	-	-	-	-	-	-	-	-	-	-	-	-	-	-	-	-	-	-	-	-	-	-	-	-	-	-	-	-	-	-	-	-	-	-	-	-	-	-
beichiogi	-	-	beichioga	-	-	-	-	-	-	-	-	-	-	-	-	-	-	-	-	-	-	-	-	-	-	-	-	-	beichiogwn	beichiogit	beichiogai	beichiogem	beichiogech	beichiogent	-	beichioga	-	-	-	-	-	-	beichiogadwy
beicio	-	beici	beicia	-	-	-	beicir	-	beicit	-	-	-	-	beicid	-	-	-	-	-	-	-	-	-	-	-	-	-	-	-	beiciech	-	-	-	-	-	beicia	-	-	-	-	-	-	beiciadwy
beiddio	-	beiddi	baidd	-	-	-	beiddir	-	beiddit	-	-	-	-	beiddid	-	-	-	-	-	-	-	-	-	-	-	-	-	-	-	beiddiech	-	-	-	-	-	beiddia	-	-	-	-	-	-	beiddiadwy
beirniadu	-	beirniedi	beirniada	-	-	-	beirniedir	-	-	-	-	-	-	-	beirniedais	beirniedaist	-	-	-	-	-	-	-	-	-	-	-	-	beirniadwn	beirniadit	beirniadai	beirniadem	beirniadech	beirniadent	-	beirniada	-	-	-	-	-	-	beirniadadwy
bendigo	-	-	bendiga	-	-	-	-	-	-	-	-	-	-	-	-	-	-	-	-	-	-	-	-	-	-	-	-	-	bendigwn	bendigit	bendigai	bendigem	bendigech	bendigent	-	bendiga	-	-	-	-	-	-	bendigadwy
bendithio	-	bendithi	-	-	-	-	bendithir	-	bendithit	-	-	-	-	bendithid	-	-	-	-	-	-	-	-	-	-	-	-	-	-	-	bendithiech	-	-	-	-	-	-	-	-	-	-	-	-	-
bennu	-	-	benna	-	-	-	-	-	-	-	-	-	-	-	-	-	-	benasom	benasoch	benasant	-	benaswn	benasit	benasai	benasem	benasech	benasent	benasid	bennwn	bennit	bennai	bennem	bennech	bennent	-	benna	-	-	-	-	-	-	benadwy
berwi	-	-	berwa	berwn	berwch	-	-	berwn	-	-	-	-	-	-	-	-	-	berwsom	berwsoch	berwsant	berwyd	berwswn	berwsit	berwsai	berwsem	berwsech	berwsent	berwsid	berwyf	-	-	-	-	-	-	berwa	-	berwn	berwch	-	-	-	berwadwy
biasu	-	-	biasa	-	-	-	-	-	-	-	-	-	-	-	-	-	-	-	-	-	-	-	-	-	-	-	-	-	biaswn	biasit	biasai	biasem	biasech	biasent	-	biasa	-	-	-	-	-	-	biasadwy
bioddiraddio	-	bioddireddi	bioddiraddia	-	-	-	bioddireddir	-	bioddireddit	-	-	-	-	bioddireddid	bioddireddiais	bioddireddiaist	-	-	-	-	-	-	-	-	-	-	-	-	-	bioddireddiech	-	-	-	-	-	bioddiraddia	-	-	-	-	-	-	bioddiraddiadwy
blaenddodi	-	-	blaenddoda	-	-	-	-	-	-	-	-	-	-	-	-	-	-	-	-	-	-	-	-	-	-	-	-	-	blaenddodwn	blaenddodit	blaenddodai	blaenddodem	blaenddodech	blaenddodent	-	blaenddoda	-	-	-	-	-	-	blaenddodadwy
blaenori	-	-	blaenora	-	-	-	-	-	-	-	-	-	-	-	-	-	-	-	-	-	-	-	-	-	-	-	-	-	blaenorwn	blaenorit	blaenorai	blaenorem	blaenorech	blaenorent	-	blaenora	-	-	-	-	-	-	blaenoradwy
blaenyrru	-	-	blaenyrra	-	-	-	-	-	-	-	-	-	-	-	-	-	-	blaenyrasom	blaenyrasoch	blaenyrasant	-	blaenyraswn	blaenyrasit	blaenyrasai	blaenyrasem	blaenyrasech	blaenyrasent	blaenyrasid	blaenyrrwn	blaenyrrit	blaenyrrai	blaenyrrem	blaenyrrech	blaenyrrent	-	blaenyrra	-	-	-	-	-	-	blaenyradwy
blaguro	-	-	blagura	-	-	-	-	-	-	-	-	-	-	-	-	-	-	-	-	-	-	-	-	-	-	-	-	-	blagurwn	blagurit	blagurai	blagurem	blagurech	blagurent	-	blagura	-	-	-	-	-	-	blaguradwy
blasu	-	blesi	blasa	-	-	-	blesir	-	-	-	-	-	-	-	blesais	blesaist	-	-	-	-	-	-	-	-	-	-	-	-	blaswn	blasit	blasai	blasem	blasech	blasent	-	blasa	-	-	-	-	-	-	blasadwy
blerio	-	-	-	-	-	-	-	-	-	-	-	-	-	-	-	-	-	-	-	-	-	-	-	-	-	-	-	-	bleriwn	bleriit	bleriai	bleriem	bleriech	blerient	-	-	-	-	-	-	-	-	bleriadwy
blingo	-	-	blinga	-	-	-	-	-	-	-	-	-	-	-	-	-	-	-	-	-	-	-	-	-	-	-	-	-	blingwn	blingit	blingai	blingem	blingech	blingent	-	blinga	-	-	-	-	-	-	-
blino	-	-	blina	-	-	-	-	-	-	-	-	-	-	-	-	-	-	-	-	-	-	-	-	-	-	-	-	-	blinwn	blinit	blinai	blinem	blinech	blinent	-	blina	-	-	-	-	-	-	blinadwy
blodeuo	-	-	blodeua	-	-	-	-	-	-	-	-	-	-	-	-	-	-	-	-	-	-	-	-	-	-	-	-	-	blodeuwn	blodeuit	blodeuai	blodeuem	blodeuech	blodeuent	-	blodeua	-	-	-	-	-	-	blodeuadwy
bloesgi	-	-	-	-	-	-	-	-	-	-	-	-	-	-	-	-	-	-	-	-	-	-	-	-	-	-	-	-	bloesgwn	bloesgit	bloesgai	bloesgem	bloesgech	bloesgent	-	-	-	-	-	-	-	-	bloesgadwy
blogio	-	blogi	blogia	-	-	-	blogir	-	blogit	-	-	-	-	blogid	-	-	-	-	-	-	-	-	-	-	-	-	-	-	-	blogiech	-	-	-	-	-	blogia	-	-	-	-	-	-	blogiadwy
blysio	blysaf	-	-	-	-	-	-	-	-	-	-	-	-	-	-	-	-	-	-	-	-	-	-	-	-	-	-	-	-	-	-	-	-	-	-	-	-	-	-	-	-	-	-
bocsio	-	bocsi	bocsia	-	-	-	bocsir	-	bocsit	-	-	-	-	bocsid	-	-	-	-	-	-	-	-	-	-	-	-	-	-	-	bocsiech	-	-	-	-	-	bocsia	-	-	-	-	-	-	bocsiadwy
bod	dwi	wyt	hi	ydym	ydych	maent	ydys	oeddwn	oeddet	hi	oeddem	oeddech	oeddent	oeddid	bûm	buost	bu	buom	buoch	buant	buwyd	buaswn	buasit	buasai	buasem	buasech	buasent	buasid	bawn	baet	bae	baem	baech	baent	bydder	bydd	bid	byddwn	byddwch	byddent	bydder	-	bodadwy
boddhau	boddhaf	boddhei	-	-	boddhewch	boddhânt	boddheir	-	-	-	-	-	-	-	boddheais	boddheaist	-	boddhasom	boddhasoch	boddhasant	-	boddhaswn	boddhasit	boddhasai	boddhasem	boddhasech	boddhasent	boddhasid	boddhawn	boddhait	-	boddhaem	boddhaech	boddhaent	-	-	-	-	boddheuwch	-	-	-	-
boddi	-	-	bawdd	-	-	-	-	-	-	-	-	-	-	-	-	-	-	-	-	-	-	-	-	-	-	-	-	-	boddwn	boddit	boddai	boddem	boddech	boddent	-	bodda	-	-	-	-	-	-	boddadwy
bodloni	-	-	bodlona	-	-	-	-	-	-	-	-	-	-	-	-	-	-	-	-	-	-	-	-	-	-	-	-	-	bodlonwn	bodlonit	bodlonai	bodlonem	bodlonech	bodlonent	-	bodlona	-	-	-	-	-	-	bodlonadwy
bodoli	-	-	bodola	-	-	-	-	-	-	-	-	-	-	-	-	-	-	-	-	-	-	-	-	-	-	-	-	-	bodolwn	bodolit	bodolai	bodolem	bodolech	bodolent	-	bodola	-	-	-	-	-	-	-
bolrwymo	-	-	bolrwyma	-	-	-	-	-	-	-	-	-	-	-	-	-	-	-	-	-	-	-	-	-	-	-	-	-	bolrwymwn	bolrwymit	bolrwymai	bolrwymem	bolrwymech	bolrwyment	-	bolrwyma	-	-	-	-	-	-	bolrwymadwy
bonclustio	-	bonclusti	bonclustia	-	-	-	bonclustir	-	bonclustit	-	-	-	-	bonclustid	-	-	-	-	-	-	-	-	-	-	-	-	-	-	-	bonclustiech	-	-	-	-	-	bonclustia	-	-	-	-	-	-	bonclustiadwy
bowlio	-	bowli	bowlia	-	-	-	bowlir	-	bowlit	-	-	-	-	bowlid	-	-	-	-	-	-	-	-	-	-	-	-	-	-	-	bowliech	-	-	-	-	-	bowlia	-	-	-	-	-	-	bowliadwy
bradu	-	bredi	brada	-	-	-	bredir	-	-	-	-	-	-	-	bredais	bredaist	-	-	-	-	-	-	-	-	-	-	-	-	bradwn	bradit	bradai	bradem	bradech	bradent	-	brada	-	-	-	-	-	-	bradadwy
bradychu	-	-	bradycha	-	-	-	-	-	-	-	-	-	-	-	-	-	-	-	-	-	-	-	-	-	-	-	-	-	bradychwn	bradychit	bradychai	bradychem	bradychech	bradychent	-	bradycha	-	-	-	-	-	-	bradychadwy
braenu	-	-	braena	-	-	-	-	-	-	-	-	-	-	-	-	-	-	-	-	-	-	-	-	-	-	-	-	-	-	-	-	-	-	-	-	braena	-	-	-	-	-	-	-
bragu	brecâf	-	-	-	-	-	-	-	-	-	-	-	-	-	-	-	-	-	-	-	-	-	-	-	-	-	-	-	-	-	-	-	-	-	-	-	-	-	-	-	-	-	-
brasamcanu	-	brasamceni	brasamcana	-	-	-	brasamcenir	-	-	-	-	-	-	-	brasamcenais	brasamcenaist	-	-	-	-	-	-	-	-	-	-	-	-	brasamcanwn	brasamcanit	brasamcanai	brasamcanem	brasamcanech	brasamcanent	-	brasamcana	-	-	-	-	-	-	brasamcanadwy
braslunio	-	braslunni	braslunia	-	-	-	braslunnir	-	braslunnit	-	-	-	-	braslunnid	-	-	-	-	-	-	-	-	-	-	-	-	-	-	-	brasluniech	-	-	-	-	-	braslunia	-	-	-	-	-	-	brasluniadwy
brathu	-	brethi	bratha	-	-	-	brethir	-	-	-	-	-	-	-	brethais	brethaist	-	-	-	-	-	-	-	-	-	-	-	-	brathwn	brathit	brathai	brathem	brathech	brathent	-	bratha	-	-	-	-	-	-	brathadwy
brawychu	-	-	brawycha	-	-	-	-	-	-	-	-	-	-	-	-	-	-	-	-	-	-	-	-	-	-	-	-	-	brawychwn	brawychit	brawychai	brawychem	brawychech	brawychent	-	brawycha	-	-	-	-	-	-	brawychadwy
brecwasta	arogleuaf	-	-	-	-	-	-	-	-	-	-	-	-	-	-	-	-	-	-	-	-	-	-	-	-	-	-	-	-	-	-	-	-	-	-	-	-	-	-	-	-	-	-
brecáu	brecâf	brecei	brecâ	brecawn	brecewch	brecânt	breceir	-	-	-	-	-	-	-	breceais	breceaist	brecaodd	brecasom	brecasoch	brecasant	brecawyd	brecaswn	brecasit	brecasai	brecasem	brecasech	brecasent	brecasid	brecawn	brecait	brecao	brecaem	brecaech	brecaent	brecaer	brecâ	brecaed	brecawn	brecawch	brecaent	brecaer	-	brecadwy
brefu	-	-	brefa	-	-	-	-	-	-	-	-	-	-	-	-	-	-	-	-	-	-	-	-	-	-	-	-	-	brefwn	brefit	brefai	brefem	brefech	brefent	-	brefa	-	-	-	-	-	-	brefadwy
breinio	-	breini	breinia	-	-	-	breinir	-	breinit	-	-	-	-	breinid	-	-	-	-	-	-	-	-	-	-	-	-	-	-	-	breiniech	-	-	-	-	-	breinia	-	-	-	-	-	-	breiniadwy
breuddwydio	-	breuddwydi	breuddwydia	-	-	-	breuddwydir	-	breuddwydit	-	-	-	-	breuddwydid	-	-	-	-	-	-	-	-	-	-	-	-	-	-	-	breuddwydiech	-	-	-	-	-	breuddwydia	-	-	-	-	-	-	breuddwydiadwy
brifo	-	-	brifa	-	-	-	-	-	-	-	-	-	-	-	-	-	-	-	-	-	-	-	-	-	-	-	-	-	brifwn	brifit	brifai	brifem	brifech	brifent	-	brifa	-	-	-	-	-	-	brifadwy
briwo	brifaf	-	-	-	-	-	-	-	-	-	-	-	-	-	-	-	-	-	-	-	-	-	-	-	-	-	-	-	-	-	-	-	-	-	-	-	-	-	-	-	-	-	-
briwsioni	-	-	-	-	-	-	-	-	-	-	-	-	-	-	-	-	-	-	-	-	-	-	-	-	-	-	-	-	briwsionwn	briwsionit	briwsionai	briwsionem	briwsionech	briwsionent	-	briwsiona	-	-	-	-	-	-	-
brolio	-	-	-	-	-	-	-	-	-	-	-	-	-	-	-	-	-	-	-	-	-	-	-	-	-	-	-	-	broliwn	broliit	broliai	broliem	broliech	brolient	-	-	-	-	-	-	-	-	broliadwy
brwsio	-	brwsi	brwsia	-	-	-	brwsir	-	brwsit	-	-	-	-	brwsid	-	-	-	-	-	-	-	-	-	-	-	-	-	-	-	brwsiech	-	-	-	-	-	brwsia	-	-	-	-	-	-	brwsiadwy
brwydro	-	-	brwydra	-	-	-	-	-	-	-	-	-	-	-	-	-	-	-	-	-	-	-	-	-	-	-	-	-	brwydrwn	brwydrit	brwydrai	brwydrem	brwydrech	brwydrent	-	brwydra	-	-	-	-	-	-	brwydradwy
brwyna	-	-	brwyna	-	-	-	-	-	-	-	-	-	-	-	-	-	-	-	-	-	-	-	-	-	-	-	-	-	brwynwn	brwynit	brwynai	brwynem	brwynech	brwynent	-	brwyna	-	-	-	-	-	-	brwynadwy
brysio	-	brysi	brysia	-	-	-	brysir	-	brysit	-	-	-	-	brysid	-	-	-	-	-	-	-	-	-	-	-	-	-	-	-	brysiech	-	-	-	-	-	brysia	-	-	-	-	-	-	brysiadwy
buddsoddi	-	-	buddsodda	-	-	-	-	-	-	-	-	-	-	-	-	-	-	-	-	-	-	-	-	-	-	-	-	-	buddsoddwn	buddsoddit	buddsoddai	buddsoddem	buddsoddech	buddsoddent	-	buddsodda	-	-	-	-	-	-	buddsoddadwy
bwriadu	-	bwriedi	bwriada	-	-	-	bwriedir	-	-	-	-	-	-	-	bwriedais	bwriedaist	-	-	-	-	-	-	-	-	-	-	-	-	bwriadwn	bwriadit	bwriadai	bwriadem	bwriadech	bwriadent	-	bwriada	-	-	-	-	-	-	bwriadadwy
bwrw	bwriaf	-	bwria	bwriwn	bwriwch	bwriant	-	bwriwn	-	bwriai	bwriem	bwriech	bwrient	-	bwriais	bwriaist	bwriodd	bwriasom	bwriasoch	bwriasant	bwriwyd	bwriaswn	bwriasit	bwriasai	bwriasem	bwriasech	bwriasent	bwriasid	bwriwyf	bwriech	bwrio	bwriom	bwrioch	bwriont	bwrier	bwra	bwried	bwriwn	bwriwch	bwrient	bwrier	-	bwriedig
bwyta	bwytâf	bwytei	bwyty	bwytawn	bwytewch	bwytânt	bwyteir	bwytawn	bwytait	bwytâi	bwytaem	bwytaech	bwytaent	bwyteid	bwyteais	bwyteaist	bwytaodd	-	-	-	bwytawyd	-	-	-	-	-	-	-	bwytawyf	bwyteych	bwytao	bwytaom	bwytaoch	bwytaont	bwytaer	bwytâ	bwytaed	bwytawn	bwytewch	bwytaent	bwytaer	-	bwytaedig
byddaru	-	bydderi	byddara	-	-	-	bydderir	-	-	-	-	-	-	-	bydderais	bydderaist	-	-	-	-	-	-	-	-	-	-	-	-	byddarwn	byddarit	byddarai	byddarem	byddarech	byddarent	-	byddara	-	-	-	-	-	-	byddaradwy
bygwth	bygythiaf	-	-	-	-	-	-	-	-	-	-	-	-	-	-	-	-	-	-	-	-	-	-	-	-	-	-	-	-	-	-	-	-	-	-	-	-	-	-	-	-	-	-
byrhau	byrhaf	-	-	-	-	-	-	-	-	-	-	-	-	-	-	-	-	-	-	-	-	-	-	-	-	-	-	-	-	-	-	-	-	-	-	-	-	-	-	-	-	-	-
byrlymu	-	-	byrlyma	-	-	-	-	-	-	-	-	-	-	-	-	-	-	-	-	-	-	-	-	-	-	-	-	-	byrlymwn	byrlymit	byrlymai	byrlymem	byrlymech	byrlyment	-	byrlyma	-	-	-	-	-	-	byrlymadwy
bywiocáu	bywiocâf	bywiocei	bywiocâ	bywiocawn	bywiocewch	bywiocânt	bywioceir	-	-	-	-	-	-	-	bywioceais	bywioceaist	bywiocaodd	bywiocasom	bywiocasoch	bywiocasant	bywiocawyd	bywiocaswn	bywiocasit	bywiocasai	bywiocasem	bywiocasech	bywiocasent	bywiocasid	bywiocawn	bywiocait	bywiocao	bywiocaem	bywiocaech	bywiocaent	bywiocaer	bywiocâ	bywiocaed	bywiocawn	bywiocewch	bywiocaent	bywiocaer	-	bywiocadwy
caboli	-	-	-	-	-	-	-	-	-	-	-	-	-	-	-	-	-	-	-	-	-	-	-	-	-	-	-	-	cabolwn	cabolit	cabolai	cabolem	cabolech	cabolent	-	-	-	-	-	-	-	-	caboladwy
cachu	-	cechi	cacha	-	-	-	cechir	-	-	-	-	-	-	-	cechais	cechaist	-	-	-	-	-	-	-	-	-	-	-	-	cachwn	cachit	cachai	cachem	cachech	cachent	-	cacha	-	-	-	-	-	-	cachadwy
cadarnhau	cadarnhâf	cadarnhei	cadarnhâ	-	cadarnhewch	cadarnhânt	cadarnheir	-	-	-	-	-	-	-	cadarnheais	cadarnheaist	-	cadarnhasom	cadarnhasoch	cadarnhasant	-	cadarnhaswn	cadarnhasit	cadarnhasai	cadarnhasem	cadarnhasech	cadarnhasent	cadarnhasid	cadarnhawn	cadarnhait	-	cadarnhaem	cadarnhaech	cadarnhaent	-	cadarnhâ	-	-	cadarnhewch	-	-	-	cadarnhadwy
cadeirio	-	cadeiri	-	-	-	-	cadeirir	-	cadeirit	-	-	-	-	cadeirid	-	-	-	-	-	-	-	-	-	-	-	-	-	-	-	cadeiriech	-	-	-	-	-	-	-	-	-	-	-	-	cadeiriadwy
cadw	cadwaf	cedwi	ceidw	-	cedwch	cadwant	cedwir	-	cadwit	cadwai	cadwem	cadwech	cadwent	cedwid	cedwais	cedwaist	cadwodd	cadwasom	cadwasoch	cadwasant	-	cadwaswn	cadwasit	cadwasai	cadwasem	cadwasech	cadwasent	cadwasid	-	cedwych	cadwo	cadwom	cadwoch	cadwont	cadwer	cadw	cadwed	-	cedwch	cadwent	cadwer	-	cadwedig
cael	caf	cei	caiff	cawn	cewch	cânt	ceir	cawn	caet	câi	caem	caech	caent	ceid	cefais	cefaist	cadd	cawsom	cawsoch	cawsant	cad	cawswn	cawsit	cawsai	cawsem	cawsech	cawsent	cawsid	caffwn	caffit	caffai	caem	caech	caent	caffer	-	caed	-	-	caent	caer	-	caffaeladwy
caethiwo	-	-	caethiwa	-	-	-	-	-	-	-	-	-	-	-	-	-	-	-	-	-	-	-	-	-	-	-	-	-	caethiwwn	caethiwit	caethiwai	caethiwem	caethiwech	caethiwent	-	caethiwa	-	-	caethiwch	-	-	-	caethiwadwy
caledu	-	-	caleda	-	-	-	-	-	-	-	-	-	-	-	-	-	-	-	-	-	-	-	-	-	-	-	-	-	caledwn	caledit	caledai	caledem	caledech	caledent	-	caleda	-	-	-	-	-	-	caledadwy
callio	-	celli	callia	-	-	-	cellir	-	cellit	-	-	-	-	cellid	celliais	celliaist	-	-	-	-	-	-	-	-	-	-	-	-	-	celliech	-	-	-	-	-	callia	-	-	-	-	-	-	calliadwy
calonogi	-	-	calonoga	-	-	-	-	-	-	-	-	-	-	-	-	-	-	-	-	-	-	-	-	-	-	-	-	-	calonogwn	calonogit	calonogai	calonogem	calonogech	calonogent	-	calonoga	-	-	-	-	-	-	calonogadwy
cam-drin	camdriniaf	camdrinni	camdrinia	camdriniwn	camdriniwch	camdriniant	camdrinnir	camdriniwn	camdrinit	camdriniai	camdriniem	camdriniech	camdrinient	camdrinnid	camdriniais	camdriniaist	camdriniodd	camdriniasom	camdriniasoch	camdriniasant	camdriniwyd	camdriniaswn	camdriniasit	camdriniasai	camdriniasem	camdriniasech	camdriniasent	camdriniasid	camdriniwyf	camdriniech	camdrinio	camdriniom	camdrinioch	camdriniont	camdrinier	camdrinia	camdrinied	camdriniwn	camdriniwch	camdrinient	camdrinier	-	camdriniadwy
camacennu	camacennuaf	-	-	-	-	-	-	-	-	-	-	-	-	-	-	-	-	-	-	-	-	-	-	-	-	-	-	-	-	-	-	-	-	-	-	-	-	-	-	-	-	-	-
camarwain	camarweiniaf	camarweini	-	camarweiniwn	camarweiniwch	camarweiniant	camarweinir	camarweiniwn	camarweinit	camarweiniai	camarweiniem	camarweiniech	camarweinient	camarweinid	camarweiniais	camarweiniaist	camarweiniodd	camarweiniasom	camarweiniasoch	camarweiniasant	camarweiniwyd	camarweiniaswn	camarweiniasit	camarweiniasai	camarweiniasem	camarweiniasech	camarweiniasent	camarweiniasid	camarweiniwyf	camarweiniech	camarweinio	camarweiniom	camarweinioch	camarweiniont	camarweinier	-	camarweinied	camarweiniwn	camarweiniwch	camarweinient	camarweinier	-	camarweiniadwy
camdreiglo	-	-	-	-	-	-	-	-	-	-	-	-	-	-	-	-	-	-	-	-	-	-	-	-	-	-	-	-	camdreiglwn	camdreiglit	camdreiglai	camdreiglem	camdreiglech	camdreiglent	-	-	-	-	-	-	-	-	camdreigladwy
camesgor	-	-	-	-	-	-	-	-	-	-	-	-	-	-	-	-	-	-	-	-	-	-	-	-	-	-	-	-	camesgorwn	camesgorit	camesgorai	camesgorem	camesgorech	camesgorent	-	-	-	-	-	-	-	-	camesgoradwy
camfanteisio	-	camfanteisi	camfanteisia	-	-	-	camfanteisir	-	camfanteisit	-	-	-	-	camfanteisid	-	-	-	-	-	-	-	-	-	-	-	-	-	-	-	camfanteisiech	-	-	-	-	-	camfanteisia	-	-	-	-	-	-	camfanteisiadwy
camgymryd	camgymeraf	camgymeri	camgymer	camgymerwn	camgymerwch	camgymerant	camgymerir	-	-	-	-	-	-	-	camgymerais	camgymeraist	camgymerodd	camgymerasom	camgymerasoch	camgymerasant	camgymerwyd	camgymeraswn	camgymerasit	camgymerasai	camgymerasem	camgymerasech	camgymerasent	camgymerasid	camgymerwn	camgymerit	camgymerai	camgymerem	camgymerech	camgymerent	camgymerer	camgymer	camgymered	camgymerwn	camgymerwch	camgymerent	camgymerer	-	camgymeradwy
camhysbysu	-	-	camhysbysa	-	-	-	-	-	-	-	-	-	-	-	-	-	-	-	-	-	-	-	-	-	-	-	-	-	camhysbyswn	camhysbysit	camhysbysai	camhysbysem	camhysbysech	camhysbysent	-	camhysbysa	-	-	-	-	-	-	camhysbysadwy
camosod	-	-	camosoda	-	-	-	-	-	-	-	-	-	-	-	-	-	-	-	-	-	-	-	-	-	-	-	-	-	camosodwn	camosodit	camosodai	camosodem	camosodech	camosodent	-	camosoda	-	-	-	-	-	-	-
camreoli	-	-	camreola	-	-	-	-	-	-	-	-	-	-	-	-	-	-	-	-	-	-	-	-	-	-	-	-	-	camreolwn	camreolit	camreolai	camreolem	camreolech	camreolent	-	camreola	-	-	-	-	-	-	camreoladwy
camsefyll	camsafaf	camsefi	camsaif	camsafwn	camsafwch	camsafant	camsefir	-	-	-	-	-	-	-	camsefais	camsefaist	camsafodd	camsafasom	camsafasoch	camsafasant	camsafwyd	camsafaswn	camsafasit	camsafasai	camsafasem	camsafasech	camsafasent	camsafasid	camsafwn	camsafit	camsafai	camsafem	camsafech	camsafent	camsafer	camsaf	camsafed	camsafwn	camsafwch	camsafent	camsafer	-	camsafadwy
camsillafu	-	camsillefi	camsillafa	-	-	-	camsillefir	-	-	-	-	-	-	-	camsillefais	camsillefaist	-	-	-	-	-	-	-	-	-	-	-	-	camsillafwn	camsillafit	camsillafai	camsillafem	camsillafech	camsillafent	-	camsillafa	-	-	-	-	-	-	camsillafadwy
camu	-	-	cama	-	-	-	-	-	-	-	-	-	-	-	-	-	-	-	-	-	-	-	-	-	-	-	-	-	camwn	camit	camai	camem	camech	cament	-	cama	-	-	-	-	-	-	camadwy
camweddu	-	-	camwedda	-	-	-	-	-	-	-	-	-	-	-	-	-	-	-	-	-	-	-	-	-	-	-	-	-	camweddwn	camweddit	camweddai	camweddem	camweddech	camweddent	-	camwedda	-	-	-	-	-	-	camweddadwy
camweinyddu	-	-	camweinydda	-	-	-	-	-	-	-	-	-	-	-	-	-	-	-	-	-	-	-	-	-	-	-	-	-	camweinyddwn	camweinyddit	camweinyddai	camweinyddem	camweinyddech	camweinyddent	-	camweinydda	-	-	-	-	-	-	camweinyddadwy
canfod	canfyddaf	canfyddi	canfydd	canfyddwn	canfyddwch	canfyddant	canfyddir	canfyddwn	canfyddit	canfyddai	canfyddem	canfyddech	canfyddent	canfyddid	canfyddais	canfuost	canfu	canfuom	canfuoch	canfuant	canfuwyd	canfuaswn	canfuasit	canfuasai	canfuasem	canfuasech	canfuasent	canfuasid	canfyddwyf	canfyddych	canfyddo	canfyddom	canfyddoch	canfyddont	canfydder	canfydda	canfydded	canfyddwn	canfyddwch	canfyddent	canfydder	-	canfyddadwy
caniatáu	caniatâf	caniatei	caniatâ	caniatawn	caniatewch	caniatânt	caniateir	-	-	-	-	-	-	-	caniateais	caniateaist	caniataodd	caniatasom	caniatasoch	caniatasant	caniatawyd	caniataswn	caniatasit	caniatasai	caniatasem	caniatasech	caniatasent	caniatasid	caniatawn	caniatait	caniatao	caniataem	caniataech	caniataent	caniataer	caniatâ	caniataed	caniatawn	caniatawch	caniataent	caniataer	-	caniatadwy
canmol	-	-	canmola	-	-	-	-	-	-	-	-	-	-	-	-	-	-	-	-	-	-	-	-	-	-	-	-	-	canmolwn	canmolit	canmolai	canmolem	canmolech	canmolent	-	canmola	-	-	-	-	-	-	canmoladwy
cannu	-	cenni	canna	-	-	-	cennir	-	-	-	-	-	-	-	cennais	cennaist	-	-	-	-	-	-	-	-	-	-	-	-	cannwn	cannit	cannai	cannem	cannech	cannent	-	canna	-	-	-	-	-	-	cannadwy
canol-glicio	-	chanol-glici	canol-glicia	chanol-gliciwn	chanol-gliciwch	chanol-gliciant	chanol-glicir	chanol-gliciwn	chanol-glicit	chanol-gliciai	chanol-gliciem	chanol-gliciech	chanol-glicient	chanol-glicid	chanol-gliciais	chanol-gliciaist	chanol-gliciodd	chanol-gliciasom	chanol-gliciasoch	chanol-gliciasant	chanol-gliciwyd	chanol-gliciaswn	chanol-gliciasit	chanol-gliciasai	chanol-gliciasem	chanol-gliciasech	chanol-gliciasent	chanol-gliciasid	chanol-gliciwyf	chanol-gliciech	chanol-glicio	chanol-gliciom	chanol-glicioch	chanol-gliciont	chanol-glicier	canol-glicia	chanol-glicied	chanol-gliciwn	-	chanol-glicient	chanol-glicier	-	chanol-gliciadwy
canoli	-	-	-	-	-	-	-	-	-	-	-	-	-	-	-	-	e	-	-	-	-	-	-	-	-	-	-	-	-	-	-	-	-	-	-	canola	-	-	-	-	-	-	-
canslo	-	censli	cansla	-	-	-	censlir	-	-	-	-	-	-	-	censlais	censlaist	-	-	-	-	-	-	-	-	-	-	-	-	canslwn	canslit	canslai	canslem	canslech	canslent	-	cansla	-	-	-	-	-	-	cansladwy
canu	-	ceni	cân	-	cenwch	-	cenir	-	-	-	-	-	-	cenid	cenais	cenaist	-	-	-	-	-	-	-	-	-	-	-	-	-	cenych	-	-	-	-	-	cân	-	-	cenwch	-	-	-	canedigcanadwy
carcharu	-	carcheri	-	-	-	-	carcherir	-	-	-	-	-	-	-	carcherais	carcheraist	-	-	-	-	-	-	-	-	-	-	-	-	carcharwn	carcharit	carcharai	carcharem	carcharech	carcharent	-	-	-	-	-	-	-	-	carcharadwy
carco	-	cerci	carca	-	-	-	cercir	-	-	-	-	-	-	-	cercais	cercaist	-	-	-	-	-	-	-	-	-	-	-	-	carcwn	carcit	carcai	carcem	carcech	carcent	-	carca	-	-	-	-	-	-	carcadwy
cario	-	ceri	caria	-	-	-	cerir	-	cerit	-	-	-	-	cerid	ceriais	ceriaist	-	-	-	-	-	-	-	-	-	-	-	-	-	ceriech	-	-	-	-	-	caria	-	-	-	-	-	-	cariadwy
carthu	-	-	-	-	-	-	-	-	-	-	-	-	-	-	-	-	-	-	-	-	-	-	-	-	-	-	-	-	carthwn	carthit	carthai	carthem	carthech	carthent	-	-	-	-	-	-	-	-	carthadwy
caru	-	ceri	câr	-	cerwch	-	cerir	-	-	-	-	-	-	cerid	cerais	ceraist	-	-	-	-	-	-	-	-	-	-	-	-	-	cerych	-	-	-	-	-	cara	-	-	cerwch	-	-	-	caredigcaradwy
casglu	-	cesgli	-	-	-	-	cesglir	-	-	-	-	-	-	-	cesglais	cesglaist	-	-	-	-	-	-	-	-	-	-	-	-	casglwn	casglit	casglai	casglem	casglech	casglent	-	casgla	-	-	-	-	-	-	casgladwy
casáu	casâf	casei	casâ	casawn	casewch	casânt	caseir	casawn	casait	casâi	casaem	casaech	casaent	caseid	caseais	caseaist	casaodd	casasom	casasoch	casasant	casawyd	casaswn	casasit	casasai	casasem	casasech	casasent	casasid	casawyf	caseych	casao	casaom	casaoch	casaont	casaer	casâ	casaed	casawn	casewch	casaent	casaer	-	casedigcasadwy
cau	caeaf	caei	cae	caewn	caewch	caeant	caeir	-	-	-	-	-	-	-	caeais	caeaist	caeodd	caeasom	caeasoch	caeasant	caewyd	caeaswn	caeasit	caeasai	caeasem	caeasech	caeasent	caeasid	caewn	caeit	caeai	caeem	caeech	caeent	caeer	caea	caeed	caewn	caewch	caeent	caeer	-	caeadwy
cawna	-	-	cawna	-	-	-	-	-	-	-	-	-	-	-	-	-	-	-	-	-	-	-	-	-	-	-	-	-	cawnwn	cawnit	cawnai	cawnem	cawnech	cawnent	-	cawna	-	-	-	-	-	-	cawnadwy
cawodi	-	-	cawoda	-	-	-	-	-	-	-	-	-	-	-	-	-	-	-	-	-	-	-	-	-	-	-	-	-	cawodwn	cawodit	cawodai	cawodem	cawodech	cawodent	-	cawoda	-	-	-	-	-	-	cawodadwy
cecru	-	-	cecra	-	-	-	-	-	-	-	-	-	-	-	-	-	-	-	-	-	-	-	-	-	-	-	-	-	cecrwn	cecrit	cecrai	cecrem	cecrech	cecrent	-	cecra	-	-	-	-	-	-	cecradwy
cefnogi	-	-	cefnoga	-	-	-	-	-	-	-	-	-	-	-	-	-	-	-	-	-	-	-	-	-	-	-	-	-	cefnogwn	cefnogit	cefnogai	cefnogem	cefnogech	cefnogent	-	cefnoga	-	-	-	-	-	-	cefnogadwy
ceinioca	ceiniocâf	-	-	-	-	-	-	-	-	-	-	-	-	-	-	-	-	-	-	-	-	-	-	-	-	-	-	-	-	-	-	-	-	-	-	-	-	-	-	-	-	-	-
ceisio	-	ceisi	cais	-	-	-	ceisir	-	ceisit	-	-	-	-	ceisid	-	-	-	-	-	-	-	-	-	-	-	-	-	-	-	ceisiech	-	-	-	-	-	ceisia	-	-	-	-	-	-	-
celynna	-	-	celynna	-	-	-	-	-	-	-	-	-	-	-	-	-	-	celynasom	celynasoch	celynasant	-	celynaswn	celynasit	celynasai	celynasem	celynasech	celynasent	celynasid	celynnwn	celynnit	celynnai	celynnem	celynnech	celynnent	-	celynna	-	-	-	-	-	-	celynadwy
cenhedlu	-	-	cenhedla	-	-	-	-	-	-	-	-	-	-	-	-	-	-	-	-	-	-	-	-	-	-	-	-	-	-	-	-	-	-	-	-	cenhedla	-	-	-	-	-	-	-
cenna	-	-	cenna	-	-	-	-	-	-	-	-	-	-	-	-	-	-	cenasom	cenasoch	cenasant	-	cenaswn	cenasit	cenasai	cenasem	cenasech	cenasent	cenasid	cennwn	cennit	cennai	cennem	cennech	cennent	-	cenna	-	-	-	-	-	-	cenadwy
cerdded	cerddaf	cerddi	cerdd	cerddwn	cerddwch	cerddant	cerddir	cerddwn	cerddit	cerddai	cerddem	cerddech	cerddent	cerddid	cerddais	cerddaist	cerddodd	cerddasom	cerddasoch	cerddasant	cerddwyd	cerddaswn	cerddasit	cerddasai	cerddasem	cerddasech	cerddasent	cerddasid	cerddwyf	cerddych	cerddo	cerddom	cerddoch	cerddont	cerdder	cerdda	cerdded	cerddwn	cerddwch	cerddent	cerdder	-	cerddedig
cerfio	-	cerfi	cerfia	-	-	-	cerfir	-	cerfit	-	-	-	-	cerfid	-	-	-	-	-	-	-	-	-	-	-	-	-	-	-	cerfiech	-	-	-	-	-	cerfia	-	-	-	-	-	-	-
ceulo	-	-	caul	-	-	-	-	-	-	-	-	-	-	-	-	-	-	-	-	-	-	-	-	-	-	-	-	-	ceulwn	ceulit	ceulai	ceulem	ceulech	ceulent	-	caul	-	-	-	-	-	-	ceuladwy
chwalu	-	chweli	chwala	-	-	-	chwelir	-	-	-	-	-	-	-	chwelais	chwelaist	-	-	-	-	-	-	-	-	-	-	-	-	chwalwn	chwalit	chwalai	chwalem	chwalech	chwalent	-	chwala	-	-	-	-	-	-	chwaladwy
chwarae	chwaraeaf	chwaraei	chwery	chwaraewn	chwaraewch	chwaraeant	chwaraeir	-	-	-	-	-	-	-	chwaraeais	chwaraeaist	chwaraeodd	chwaraeasom	chwaraeasoch	chwaraeasant	chwaraewyd	chwaraeaswn	chwaraeasit	chwaraeasai	chwaraeasem	chwaraeasech	chwaraeasent	chwaraeasid	chwaraewn	chwaraeit	chwaraeai	chwaraeem	chwaraeech	chwaraeent	chwaraeer	chwarae	chwaraeed	chwaraewn	chwaraewch	chwaraeent	chwaraeer	-	chwaraeadwy
chweina	-	-	chweina	-	-	-	-	-	-	-	-	-	-	-	-	-	-	-	-	-	-	-	-	-	-	-	-	-	chweinwn	chweinit	chweinai	chweinem	chweinech	chweinent	-	chweina	-	-	-	-	-	-	chweinadwy
chwennych	chwenychaf	-	-	-	-	-	-	-	-	-	-	-	-	-	-	-	-	-	-	-	-	-	-	-	-	-	-	-	-	-	-	-	-	-	-	-	-	-	-	-	-	-	-
chwenychu	-	-	chwennych	-	-	-	-	-	-	-	-	-	-	-	-	-	-	-	-	-	-	-	-	-	-	-	-	-	chwenychwn	chwenychit	chwenychai	chwenychem	chwenychech	chwenychent	-	chwennych	-	-	-	-	-	-	chwenychadwy
chwerthin	chwarddaf	chwerddi	chwardd	chwarddwn	chwarddwch	chwarddant	chwerddir	-	-	-	-	-	-	-	chwerddais	chwerddaist	chwarddodd	chwarddasom	chwarddasoch	chwarddasant	chwarddwyd	chwarddaswn	chwarddasit	chwarddasai	chwarddasem	chwarddasech	chwarddasent	chwarddasid	chwarddwn	chwarddit	chwarddai	chwarddem	chwarddech	chwarddent	chwardder	chwardd	chwardded	chwarddwn	chwarddwch	chwarddent	chwardder	-	chwarddadwy
chwibanu	-	-	-	-	-	-	-	-	-	-	-	-	-	-	-	-	-	-	-	-	-	-	-	-	-	-	-	-	chwibanwn	chwibanit	chwibanai	chwibanem	chwibanech	chwibanent	-	-	-	-	-	-	-	-	chwibanadwy
chwilio	-	chwili	chwilia	-	-	-	chwilir	-	chwilit	-	-	-	-	chwilid	-	-	-	-	-	-	-	-	-	-	-	-	-	-	-	chwiliech	-	-	-	-	-	chwilia	-	-	-	-	-	-	chwiliadwy
chwith-glicio	-	chwith-glici	chwith-glicia	-	-	-	chwith-glicir	-	chwith-glicit	-	-	-	-	chwith-glicid	-	-	-	-	-	-	-	-	-	-	-	-	-	-	-	chwith-gliciech	-	-	-	-	-	chwith-glicia	-	-	-	-	-	-	chwith-gliciadwy
chwyddo	-	-	chwydda	-	-	-	-	-	-	-	-	-	-	-	-	-	-	-	-	-	-	-	-	-	-	-	-	-	chwyddwn	chwyddit	chwyddai	chwyddem	chwyddech	chwyddent	-	chwydda	-	-	-	-	-	-	chwyddadwy
chwydu	-	-	chwyda	-	-	-	-	-	-	-	-	-	-	-	-	-	-	-	-	-	-	-	-	-	-	-	-	-	chwydwn	chwydit	chwydai	chwydem	chwydech	chwydent	-	chwyda	-	-	-	-	-	-	chwydadwy
chwyrnu	-	-	chwyrna	-	-	-	-	-	-	-	-	-	-	-	-	-	-	-	-	-	-	-	-	-	-	-	-	-	chwyrnwn	chwyrnit	chwyrnai	chwyrnem	chwyrnech	chwyrnent	-	chwyrna	-	-	-	-	-	-	-
chwysu	-	-	-	-	-	-	-	-	-	-	-	-	-	-	-	-	-	-	-	-	-	-	-	-	-	-	-	-	chwyswn	chwysit	chwysai	chwysem	chwysech	chwysent	-	-	-	-	-	-	-	-	chwysadwy
chwythu	-	-	-	-	-	-	-	-	-	-	-	-	-	-	-	-	-	-	-	-	-	-	-	-	-	-	-	-	chwythwn	chwythit	chwythai	chwythem	chwythech	chwythent	-	-	-	-	-	-	-	-	-
cicio	-	cici	cicia	-	-	-	cicir	-	cicit	-	-	-	-	cicid	-	-	-	-	-	-	-	-	-	-	-	-	-	-	-	ciciech	-	-	-	-	-	cicia	-	-	-	-	-	-	ciciadwy
ciledrych	-	-	ciledrycha	-	-	-	-	-	-	-	-	-	-	-	-	-	-	-	-	-	-	-	-	-	-	-	-	-	-	-	-	-	-	-	-	ciledrycha	-	-	-	-	-	-	-
cilio	-	cili	cilia	-	-	-	cilir	-	cilit	-	-	-	-	cilid	-	-	-	-	-	-	-	-	-	-	-	-	-	-	-	ciliech	-	-	-	-	-	cilia	-	-	-	-	-	-	-
cipio	-	cipi	cipia	-	-	-	cipir	-	cipit	-	-	-	-	cipid	-	-	-	-	-	-	-	-	-	-	-	-	-	-	-	cipiech	-	-	-	-	-	cipia	-	-	-	-	-	-	cipiadwy
claddu	-	-	-	-	-	-	-	-	-	-	-	-	-	-	-	-	-	-	-	-	-	-	-	-	-	-	-	-	-	-	-	-	-	-	-	cladda	-	-	-	-	-	-	-
clafychu	-	-	clafycha	-	-	-	-	-	-	-	-	-	-	-	-	-	-	-	-	-	-	-	-	-	-	-	-	-	clafychwn	clafychit	clafychai	clafychem	clafychech	clafychent	-	clafycha	-	-	-	-	-	-	clafychadwy
clau	cleuaf	-	-	-	-	-	-	-	-	-	-	-	-	-	-	-	-	-	-	-	-	-	-	-	-	-	-	-	-	-	-	-	-	-	-	-	-	-	-	-	-	-	-
clicio	ciciaf	clici	clicia	-	-	-	clicir	-	clicit	-	-	-	-	clicid	-	-	-	-	-	-	-	-	-	-	-	-	-	-	-	cliciech	-	-	-	-	-	cicia	-	-	-	-	-	-	cliciadwy
clirio	-	cliri	cliria	-	-	-	clirir	-	clirit	-	-	-	-	clirid	-	-	-	-	-	-	-	-	-	-	-	-	-	-	-	cliriech	-	-	-	-	-	cliria	-	-	-	-	-	-	cliriadwy
cloddio	-	-	cloddia	-	-	-	-	-	-	-	-	-	-	-	-	-	-	-	-	-	-	-	-	-	-	-	-	-	cloddiwn	cloddiit	cloddiai	cloddiem	cloddiech	cloddient	-	cloddia	-	-	-	-	-	-	cloddiadwy
clodfori	-	-	clodfora	-	-	-	-	-	-	-	-	-	-	-	-	-	-	-	-	-	-	-	-	-	-	-	-	-	clodforwn	clodforit	clodforai	clodforem	clodforech	clodforent	-	clodfora	-	-	-	-	-	-	clodforadwy
cloi	-	-	-	-	-	-	-	-	-	-	-	-	-	-	clois	cloist	clodd	cloesom	cloesoch	cloesant	-	cloeswn	cloesit	cloesai	cloesem	cloesech	cloesent	cloesid	-	-	clo	clôm	clôch	clônt	-	-	-	-	-	-	-	-	cloëdig
clora	-	-	clora	-	-	-	-	-	-	-	-	-	-	-	-	-	-	-	-	-	-	-	-	-	-	-	-	-	clorwn	clorit	clorai	clorem	clorech	clorent	-	clora	-	-	-	-	-	-	cloradwy
cludo	-	-	cluda	-	-	-	-	-	-	-	-	-	-	-	-	-	-	-	-	-	-	-	-	-	-	-	-	-	cludwn	cludit	cludai	cludem	cludech	cludent	-	cluda	-	-	-	-	-	-	cludadwy
clustnodi	-	-	clustnoda	-	-	-	-	-	-	-	-	-	-	-	-	-	-	-	-	-	-	-	-	-	-	-	-	-	clustnodwn	clustnodit	clustnodai	clustnodem	clustnodech	clustnodent	-	clustnoda	-	-	-	-	-	-	clustnodadwy
clwyfo	-	-	clwyfa	-	-	-	-	-	-	-	-	-	-	-	-	-	-	-	-	-	-	-	-	-	-	-	-	-	clwyfwn	clwyfit	clwyfai	clwyfem	clwyfech	clwyfent	-	clwyfa	-	-	-	-	-	-	clwyfadwy
clymu	-	-	clyma	-	-	-	-	-	-	-	-	-	-	-	-	-	-	-	-	-	-	-	-	-	-	-	-	-	-	-	-	-	-	-	-	clyma	-	-	-	-	-	-	-
clywed	clywaf	clywi	clyw	clywn	clywch	clywant	clywir	clywn	clywit	clywai	clywem	clywech	clywent	clywid	clywais	clywaist	clywodd	clywsom	clywsoch	clywsant	clywyd	clywswn	clywsit	clywsai	clywsem	clywsech	clywsent	clywsid	clywyf	clywech	clywo	clywom	clywoch	clywont	clywer	clyw	clywed	clywn	clywch	clywent	clywer	-	clywedig
cnau	cneuaf	-	-	-	-	-	-	-	-	-	-	-	-	-	-	-	-	-	-	-	-	-	-	-	-	-	-	-	-	-	-	-	-	-	-	-	-	-	-	-	-	-	-
cneifio	-	cneifi	cneifia	-	-	-	cneifir	-	cneifit	-	-	-	-	cneifid	-	-	-	-	-	-	-	-	-	-	-	-	-	-	-	cneifiech	-	-	-	-	-	cneifia	-	-	-	-	-	-	cneifadwy
cneua	-	-	cneua	-	-	-	-	-	-	-	-	-	-	-	-	-	-	-	-	-	-	-	-	-	-	-	-	-	cneuwn	cneuit	cneuai	cneuem	cneuech	cneuent	-	cneua	-	-	-	-	-	-	cneuadwy
cnoi	-	-	cnoa	-	-	-	-	-	-	-	-	-	-	-	-	-	cnôdd	cnosom	cnosoch	cnosant	-	cnoswn	cnosit	cnosai	cnosem	cnosech	cnosent	cnosid	-	-	cnô	cnôm	cnôch	cnônt	-	cnoa	-	-	-	-	-	-	-
cnuchio	-	cnuchi	-	-	-	-	cnuchir	-	cnuchit	-	-	-	-	cnuchid	-	-	-	-	-	-	-	-	-	-	-	-	-	-	-	cnuchiech	-	-	-	-	-	-	-	-	-	-	-	-	cnuchiadwy
cochi	-	-	-	-	-	-	-	-	-	-	-	-	-	-	-	-	-	-	-	-	-	-	-	-	-	-	-	-	cochwn	cochit	cochai	cochem	cochech	cochent	-	-	-	-	-	-	-	-	cochadwy
cocsa	-	-	cocsa	-	-	-	-	-	-	-	-	-	-	-	-	-	-	-	-	-	-	-	-	-	-	-	-	-	cocswn	cocsit	cocsai	cocsem	cocsech	cocsent	-	cocsa	-	-	-	-	-	-	cocsadwy
codi	-	-	-	-	-	-	-	-	-	-	-	-	-	-	-	-	-	-	-	-	-	-	-	-	-	-	-	-	-	-	-	-	-	-	-	cwyd	-	-	-	-	-	-	codedigcodadwy
coelio	-	coeli	coelia	-	-	-	coelir	-	coelit	-	-	-	-	coelid	-	-	-	-	-	-	-	-	-	-	-	-	-	-	-	coeliech	-	-	-	-	-	coelia	-	-	-	-	-	-	-
coethi	-	-	coetha	-	-	-	-	-	-	-	-	-	-	-	-	-	-	-	-	-	-	-	-	-	-	-	-	-	coethwn	coethit	coethai	coethem	coethech	coethent	-	coetha	-	-	-	-	-	-	coethadwy
coffa	coffâf	-	-	-	-	-	-	-	-	-	-	-	-	-	-	-	-	-	-	-	-	-	-	-	-	-	-	-	-	-	-	-	-	-	-	-	-	-	-	-	-	-	-
coffáu	coffâf	coffei	coffâ	coffawn	coffewch	coffânt	coffeir	-	-	-	-	-	-	-	coffeais	coffeaist	coffaodd	coffasom	coffasoch	coffasant	coffawyd	coffaswn	coffasit	coffasai	coffasem	coffasech	coffasent	coffasid	coffawn	coffait	coffao	coffaem	coffaech	coffaent	coffaer	coffâ	coffaed	coffawn	coffewch	coffaent	coffaer	-	coffadwy
cofio	-	cofi	cofia	-	-	-	cofir	-	cofit	-	-	-	-	cofid	-	-	-	-	-	-	-	-	-	-	-	-	-	-	-	cofiech	-	-	-	-	-	cofia	-	-	-	-	-	-	-
cofnodi	-	-	cofnoda	-	-	-	-	-	-	-	-	-	-	-	-	-	-	-	-	-	-	-	-	-	-	-	-	-	cofnodwn	cofnodit	cofnodai	cofnodem	cofnodech	cofnodent	-	cofnoda	-	-	-	-	-	-	cofnodadwy
cofrestru	-	-	cofrestra	-	-	-	-	-	-	-	-	-	-	-	-	-	-	-	-	-	-	-	-	-	-	-	-	-	cofrestrwn	cofrestrit	cofrestrai	cofrestrem	cofrestrech	cofrestrent	-	cofrestra	-	-	-	-	-	-	cofrestradwy
coginio	-	cogini	-	-	-	-	coginir	-	coginit	-	-	-	-	coginid	-	-	-	-	-	-	-	-	-	-	-	-	-	-	-	coginiech	-	-	-	-	-	-	-	-	-	-	-	-	-
coleddu	-	-	-	-	-	-	-	-	-	-	-	-	-	-	-	-	-	-	-	-	-	-	-	-	-	-	-	-	coleddwn	coleddit	coleddai	coleddem	coleddech	coleddent	-	-	-	-	-	-	-	-	coleddadwy
colli	-	-	cyll	-	-	-	-	-	-	-	-	-	-	-	-	-	-	-	-	-	-	-	-	-	-	-	-	-	-	-	-	-	-	-	-	-	-	-	-	-	-	-	-
conan	conaf	-	-	-	-	-	-	-	-	-	-	-	-	-	-	-	-	-	-	-	-	-	-	-	-	-	-	-	-	-	-	-	-	-	-	-	-	-	-	-	-	-	-
condemnio	-	condemni	condemnia	-	-	-	condemnir	-	condemnit	-	-	-	-	condemnid	-	-	-	-	-	-	-	-	-	-	-	-	-	-	-	condemniech	-	-	-	-	-	condemnia	-	-	-	-	-	-	-
copïo	-	-	copïa	-	-	-	-	-	-	-	-	-	-	-	-	-	-	-	-	-	-	-	-	-	-	-	-	-	-	copïech	-	-	-	-	-	copïa	-	-	-	-	-	-	-
corfflunio	-	corffluni	-	-	-	-	corfflunir	-	corfflunit	-	-	-	-	corfflunid	-	-	-	-	-	-	-	-	-	-	-	-	-	-	-	corffluniech	-	-	-	-	-	corfflunia	-	-	-	-	-	-	corffluniadwy
corffori	-	-	corffora	-	-	-	-	-	-	-	-	-	-	-	-	-	-	-	-	-	-	-	-	-	-	-	-	-	corfforwn	corfforit	corfforai	corfforem	corfforech	corfforent	-	corffora	-	-	-	-	-	-	corfforadwy
coroni	-	-	corona	-	-	-	-	-	-	-	-	-	-	-	-	-	-	-	-	-	-	-	-	-	-	-	-	-	coronwn	coronit	coronai	coronem	coronech	coronent	-	corona	-	-	-	-	-	-	coronadwy
cosbi	-	-	cosba	-	-	-	-	-	-	-	-	-	-	-	-	-	-	-	-	-	-	-	-	-	-	-	-	-	cosbwn	cosbit	cosbai	cosbem	cosbech	cosbent	-	cosba	-	-	-	-	-	-	cosbadwy
cosi	-	-	cosa	-	-	-	-	-	-	-	-	-	-	-	-	-	-	-	-	-	-	-	-	-	-	-	-	-	coswn	cosit	cosai	cosem	cosech	cosent	-	cosa	-	-	-	-	-	-	cosadwy
costio	-	costi	costia	-	-	-	costir	-	costit	-	-	-	-	costid	-	-	-	-	-	-	-	-	-	-	-	-	-	-	-	costiech	-	-	-	-	-	costia	-	-	-	-	-	-	costiadwy
crafangu	-	-	crafanga	-	-	-	-	-	-	-	-	-	-	-	-	-	-	-	-	-	-	-	-	-	-	-	-	-	crafangwn	crafangit	crafangai	crafangem	crafangech	crafangent	-	crafanga	-	-	-	-	-	-	crafangadwy
crafu	-	crefi	crafa	-	-	-	crefir	-	-	-	-	-	-	-	crefais	crefaist	-	-	-	-	-	-	-	-	-	-	-	-	crafwn	crafit	crafai	crafem	crafech	crafent	-	crafa	-	-	-	-	-	-	crafadwy
crasu	-	cresi	crasa	-	-	-	cresir	-	-	-	-	-	-	-	cresais	cresaist	-	-	-	-	-	-	-	-	-	-	-	-	craswn	crasit	crasai	crasem	crasech	crasent	-	crasa	-	-	-	-	-	-	crasadwy
credu	-	-	-	-	-	-	-	-	-	-	-	-	-	-	-	-	-	-	-	-	-	-	-	-	-	-	-	-	credwn	credit	credai	credem	credech	credent	-	-	-	-	-	-	-	-	credadwy
cregynna	-	-	cregynna	-	-	-	-	-	-	-	-	-	-	-	-	-	-	cregynasom	cregynasoch	cregynasant	-	cregynaswn	cregynasit	cregynasai	cregynasem	cregynasech	cregynasent	cregynasid	cregynnwn	cregynnit	cregynnai	cregynnem	cregynnech	cregynnent	-	cregynna	-	-	-	-	-	-	cregynadwy
creu	-	-	crea	crëwn	crëwch	-	crëir	crëwn	-	-	-	-	-	crëid	-	-	-	-	-	-	crëwyd	-	-	-	-	-	-	-	crëwyf	-	-	-	-	-	-	crea	-	crëwn	-	-	-	-	creadwy
cribddail	cribddeilaf	-	-	-	-	-	-	-	-	-	-	-	-	-	-	-	-	-	-	-	-	-	-	-	-	-	-	-	-	-	-	-	-	-	-	-	-	-	-	-	-	-	-
cribo	-	-	criba	-	-	-	-	-	-	-	-	-	-	-	-	-	-	-	-	-	-	-	-	-	-	-	-	-	cribwn	cribit	cribai	cribem	cribech	cribent	-	criba	-	-	-	-	-	-	cribadwy
crio	-	-	cria	-	-	-	-	-	-	-	-	-	-	-	-	-	-	-	-	-	-	-	-	-	-	-	-	-	-	criech	-	-	-	-	-	cria	-	-	-	-	-	-	-
cripian	cripiaf	-	-	-	-	-	-	-	-	-	-	-	-	-	-	-	-	-	-	-	-	-	-	-	-	-	-	-	-	-	-	-	-	-	-	-	-	-	-	-	-	-	-
crochlefain	crochlefaf	-	-	-	-	-	-	-	-	-	-	-	-	-	-	-	-	-	-	-	-	-	-	-	-	-	-	-	-	-	-	-	-	-	-	-	-	-	-	-	-	-	-
croeshoelio	-	croeshoeli	croeshoelia	-	-	-	croeshoelir	-	croeshoelit	-	-	-	-	croeshoelid	-	-	-	-	-	-	-	-	-	-	-	-	-	-	-	croeshoeliech	-	-	-	-	-	croeshoelia	-	-	-	-	-	-	-
croesholi	-	-	croeshola	-	-	-	-	-	-	-	-	-	-	-	-	-	-	-	-	-	-	-	-	-	-	-	-	-	-	-	-	-	-	-	-	croeshola	-	-	-	-	-	-	-
croesi	croesiaf	-	croesia	croesiwn	croesiwch	croesiant	-	croesiwn	-	croesiai	croesiem	croesiech	croesient	-	croesiais	croesiaist	croesiodd	croesiasom	croesiasoch	croesiasant	croesiwyd	croesiaswn	croesiasit	croesiasai	croesiasem	croesiasech	croesiasent	croesiasid	croesiwyf	croesiech	croesio	croesiom	croesioch	croesiont	croesier	croesia	croesied	croesiwn	croesiwch	croesient	croesier	-	croesiedig
croestorri	-	-	croestorra	-	-	-	-	-	-	-	-	-	-	-	-	-	-	croestorasom	croestorasoch	croestorasant	-	croestoraswn	croestorasit	croestorasai	croestorasem	croestorasech	croestorasent	croestorasid	-	-	-	-	-	-	-	croestorra	-	-	-	-	-	-	croestoredig
cronni	-	-	-	-	-	-	-	-	-	-	-	-	-	-	-	-	e	-	-	-	-	-	-	-	-	-	-	-	-	-	-	-	-	-	-	cronna	-	-	-	-	-	-	-
crybwyll	-	-	crybwylla	-	-	-	-	-	-	-	-	-	-	-	-	-	-	-	-	-	-	-	-	-	-	-	-	-	crybwyllwn	crybwyllit	crybwyllai	crybwyllem	crybwyllech	crybwyllent	-	crybwylla	-	-	-	-	-	-	crybwylladwy
crychferwi	-	-	crychferwa	crychferwn	crychferwch	-	-	crychferwn	-	-	-	-	-	-	-	-	-	crychferwsom	crychferwsoch	crychferwsant	crychferwyd	crychferwswn	crychferwsit	crychferwsai	crychferwsem	crychferwsech	crychferwsent	crychferwsid	crychferwyf	-	-	-	-	-	-	crychferwa	-	crychferwn	crychferwch	-	-	-	crychferwadwy
crychlamu	-	dychlemi	crychlama	-	-	-	dychlemir	-	-	-	-	-	-	-	dychlemais	dychlemaist	-	-	-	-	-	-	-	-	-	-	-	-	crychlamwn	crychlamit	crychlamai	crychlamem	crychlamech	crychlament	-	crychlama	-	-	-	-	-	-	crychlamadwy
crychneidio	-	crychneidi	crychnaid	-	-	-	crychneidir	-	crychneidit	-	-	-	-	crychneidid	-	-	-	-	-	-	-	-	-	-	-	-	-	-	-	crychneidiech	-	-	-	-	-	crychnaid	-	-	-	-	-	-	-
crychu	-	-	-	-	-	-	-	-	-	-	-	-	-	-	-	-	-	-	-	-	-	-	-	-	-	-	-	-	crychwn	crychit	crychai	crychem	crychech	crychent	-	-	-	-	-	-	-	-	crychadwy
cryfhau	cryfhâf	cryfhei	cryfhâ	-	cryfhewch	cryfhânt	cryfheir	-	-	-	-	-	-	-	cryfheais	cryfheaist	-	cryfhasom	cryfhasoch	cryfhasant	-	cryfhaswn	cryfhasit	cryfhasai	cryfhasem	cryfhasech	cryfhasent	cryfhasid	cryfhawn	cryfhait	-	cryfhaem	cryfhaech	cryfhaent	-	cryfhâ	-	-	cryfhewch	-	-	-	cryfhadwy
crymu	-	-	cryma	-	-	-	-	-	-	-	-	-	-	-	-	-	-	-	-	-	-	-	-	-	-	-	-	-	crymwn	crymit	crymai	crymem	crymech	cryment	-	cryma	-	-	-	-	-	-	crymadwy
crynhoi	-	-	crynhoa	-	-	-	-	-	-	-	-	-	-	-	-	-	crynhôdd	crynhosom	crynhosoch	crynhosant	-	crynhoswn	crynhosit	crynhosai	crynhosem	crynhosech	crynhosent	crynhosid	-	-	crynhô	crynhôm	crynhôch	crynhônt	-	crynhoa	-	-	-	-	-	-	crynhoadwy
crynu	-	-	crŷn	-	-	-	-	-	-	-	-	-	-	-	-	-	-	-	-	-	-	-	-	-	-	-	-	-	-	-	-	-	-	-	-	cryna	-	-	-	-	-	-	-
crëu	creaf	-	-	-	-	-	-	-	-	-	-	-	-	-	-	-	-	-	-	-	-	-	-	-	-	-	-	-	-	-	-	-	-	-	-	-	-	-	-	-	-	-	-
cuddio	cuddaf	cuddi	cudd	cuddwn	cuddwch	cuddant	cuddir	cuddwn	cuddit	cuddai	cuddem	cuddech	cuddent	cuddid	cuddais	cuddaist	cuddodd	cuddasom	cuddasoch	cuddasant	cuddwyd	cuddaswn	cuddasit	cuddasai	cuddasem	cuddasech	cuddasent	cuddasid	cuddwyf	cuddych	cuddo	cuddom	cuddoch	cuddont	cudder	cudd	cudded	cuddwn	cuddwch	cuddent	cudder	-	cuddedig
culhau	culhaf	-	-	-	-	-	-	-	-	-	-	-	-	-	-	-	-	-	-	-	-	-	-	-	-	-	-	-	-	-	-	-	-	-	-	-	-	-	-	-	-	-	-
curo	-	-	cura	-	-	-	-	-	-	-	-	-	-	-	-	-	-	-	-	-	-	-	-	-	-	-	-	-	curwn	curit	curai	curem	curech	curent	-	cura	-	-	-	-	-	-	curadwy
cusanu	-	cuseni	-	-	cusenwch	-	cusenir	-	-	-	-	-	-	cusenid	cusenais	cusenaist	-	-	-	-	-	-	-	-	-	-	-	-	-	cusenych	-	-	-	-	-	-	-	-	cusenwch	-	-	-	-
cwblhau	cwblhaf	cwblhei	-	-	cwblhewch	cwblhânt	cwblheir	-	-	-	-	-	-	-	cwblheais	cwblheaist	-	cwblhasom	cwblhasoch	cwblhasant	-	cwblhaswn	cwblhasit	cwblhasai	cwblhasem	cwblhasech	cwblhasent	cwblhasid	cwblhawn	cwblhait	-	cwblhaem	cwblhaech	cwblhaent	-	-	-	-	cwblheuwch	-	-	-	-
cweryla	-	-	cweryla	-	-	-	-	-	-	-	-	-	-	-	-	-	-	-	-	-	-	-	-	-	-	-	-	-	cwerylwn	cwerylit	cwerylai	cwerylem	cwerylech	cwerylent	-	cweryla	-	-	-	-	-	-	cweryladwy
cwffio	-	cwffi	cwffia	-	-	-	cwffir	-	cwffit	-	-	-	-	cwffid	-	-	-	-	-	-	-	-	-	-	-	-	-	-	-	cwffiech	-	-	-	-	-	cwffia	-	-	-	-	-	-	cwffiadwy
cwnnu	-	-	cwn	-	-	-	-	-	-	-	-	-	-	-	-	-	-	cwnasom	cwnasoch	cwnasant	-	cwnaswn	cwnasit	cwnasai	cwnasem	cwnasech	cwnasent	cwnasid	cwnnwn	cwnnit	cwnnai	cwnnem	cwnnech	cwnnent	-	cwn	-	-	-	-	-	-	cwnadwy
cwpla	cwplâf	cwplei	cwplâ	cwplawn	cwplewch	cwplânt	cwpleir	-	-	-	-	-	-	-	cwpleais	cwpleaist	cwplaodd	-	-	-	cwplawyd	-	-	-	-	-	-	-	cwplawn	cwplait	cwplao	cwplaem	cwplaech	cwplaent	cwplaer	cwpla	cwplaed	cwplawn	cwplewch	cwplaent	cwplaer	-	-
cwpláu	cwplâf	cwplei	cwplâ	cwplawn	cwplewch	cwplânt	cwpleir	-	-	-	-	-	-	-	cwpleais	cwpleaist	cwplaodd	cwplasom	cwplasoch	cwplasant	cwplawyd	cwplaswn	cwplasit	cwplasai	cwplasem	cwplasech	cwplasent	cwplasid	cwplawn	cwplait	cwplao	cwplaem	cwplaech	cwplaent	cwplaer	cwplâ	cwplaed	cwplawn	cwplewch	cwplaent	cwplaer	-	cwpladwy
cwrdd	-	-	-	-	-	-	-	-	-	-	-	-	-	-	-	-	-	-	-	-	-	-	-	-	-	-	-	-	cwrddwn	cwrddit	cwrddai	cwrddem	cwrddech	cwrddent	-	-	-	-	-	-	-	-	cwrddadwy
cwtsio	-	cwtshi	cwtsia	-	-	-	cwtshir	-	cwtshit	-	-	-	-	cwtshid	-	-	-	-	-	-	-	-	-	-	-	-	-	-	-	cwtsiech	-	-	-	-	-	cwtsia	-	-	-	-	-	-	cwtsiadwy
cwyddo	-	-	cwydda	-	-	-	-	-	-	-	-	-	-	-	-	-	-	-	-	-	-	-	-	-	-	-	-	-	cwyddwn	cwyddit	cwyddai	cwyddem	cwyddech	cwyddent	-	cwydda	-	-	-	-	-	-	cwyddadwy
cwympo	-	-	-	-	-	-	-	-	-	-	-	-	-	-	-	-	-	-	-	-	-	-	-	-	-	-	-	-	cwympwn	cwympit	cwympai	cwympem	cwympech	cwympent	-	-	-	-	-	-	-	-	cwympadwy
cwyro	-	-	cwyra	-	-	-	-	-	-	-	-	-	-	-	-	-	-	-	-	-	-	-	-	-	-	-	-	-	cwyrwn	cwyrit	cwyrai	cwyrem	cwyrech	cwyrent	-	cwyra	-	-	-	-	-	-	cwyradwy
cychwyn	cychwynnaf	cychwynni	-	cychwynnwn	cychwynnwch	cychwynnant	cychwynnir	-	-	-	-	-	-	-	cychwynnais	cychwynnaist	cychwynnodd	-	-	-	cychwynnwyd	-	-	-	-	-	-	-	cychwynnwn	cychwynnit	cychwynnai	cychwynnem	cychwynnech	cychwynnent	cychwynner	cychwynna	cychwynned	cychwynnwn	cychwynnwch	cychwynnent	cychwynner	-	cychwynadwy
cyd-drafod	-	-	cyd-drafoda	-	-	-	-	-	-	-	-	-	-	-	-	-	-	-	-	-	-	-	-	-	-	-	-	-	cyd-drafodwn	cyd-drafodit	cyd-drafodai	cyd-drafodem	cyd-drafodech	cyd-drafodent	-	cyd-drafoda	-	-	-	-	-	-	cyd-drafodadwy
cyd-weld	cydwelaf	cydweli	cydwêl	cydwelwn	cydwelwch	cydwelant	cydwelir	-	-	-	-	-	-	-	cydwelais	cydwelaist	cydwelodd	cydwelasom	cydwelasoch	cydwelasant	cydwelwyd	cydwelaswn	cydwelasit	cydwelasai	cydwelasem	cydwelasech	cydwelasent	cydwelasid	cydwelwn	cydwelit	cydwelai	cydwelem	cydwelech	cydwelent	cydweler	cydwela	cydweled	cydwelwn	cydwelwch	cydwelent	cydweler	-	cydweladwy
cyddwyso	-	-	cyddwysa	-	-	-	-	-	-	-	-	-	-	-	-	-	-	-	-	-	-	-	-	-	-	-	-	-	cyddwyswn	cyddwysit	cyddwysai	cyddwysem	cyddwysech	cyddwysent	-	cyddwysa	-	-	-	-	-	-	cyddwysadwy
cydgordio	-	cydgordi	cydgordia	-	-	-	cydgordir	-	cydgordit	-	-	-	-	cydgordid	-	-	-	-	-	-	-	-	-	-	-	-	-	-	-	cydgordiech	-	-	-	-	-	cydgordia	-	-	-	-	-	-	cydgordiadwy
cydgrynhoi	-	-	cydgrynhoa	-	-	-	-	-	-	-	-	-	-	-	-	-	cydgrynhôdd	cydgrynhosom	cydgrynhosoch	cydgrynhosant	-	cydgrynhoswn	cydgrynhosit	cydgrynhosai	cydgrynhosem	cydgrynhosech	cydgrynhosent	cydgrynhosid	-	-	cydgrynhô	cydgrynhôm	cydgrynhôch	cydgrynhônt	-	cydgrynhoa	-	-	-	-	-	-	cydgrynhoadwy
cydleoli	-	-	cydleola	-	-	-	-	-	-	-	-	-	-	-	-	-	-	-	-	-	-	-	-	-	-	-	-	-	cydleolwn	cydleolit	cydleolai	cydleolem	cydleolech	cydleolent	-	cydleola	-	-	-	-	-	-	cydleoladwy
cydlifo	-	-	cydlifa	-	-	-	-	-	-	-	-	-	-	-	-	-	-	-	-	-	-	-	-	-	-	-	-	-	cydlifwn	cydlifit	cydlifai	cydlifem	cydlifech	cydlifent	-	cydlifa	-	-	-	-	-	-	cydlifadwy
cydlynu	-	-	cydlyna	-	-	-	-	-	-	-	-	-	-	-	-	-	-	-	-	-	-	-	-	-	-	-	-	-	cydlynwn	cydlynit	cydlynai	cydlynem	cydlynech	cydlynent	-	cydlyna	-	-	-	-	-	-	cydlynadwy
cydnabod	cydnabyddaf	-	-	-	-	-	-	-	-	-	-	-	-	-	-	-	-	-	-	-	-	-	-	-	-	-	-	-	-	-	-	-	-	-	-	-	-	-	-	-	-	-	-
cydosod	-	-	cydosoda	-	-	-	-	-	-	-	-	-	-	-	-	-	-	-	-	-	-	-	-	-	-	-	-	-	cydosodwn	cydosodit	cydosodai	cydosodem	cydosodech	cydosodent	-	cydosoda	-	-	-	-	-	-	-
cydsefyll	cydsafaf	cydsefi	cydsaif	cydsafwn	cydsafwch	cydsafant	cydsefir	-	-	-	-	-	-	-	cydsefais	cydsefaist	cydsafodd	cydsafasom	cydsafasoch	cydsafasant	cydsafwyd	cydsafaswn	cydsafasit	cydsafasai	cydsafasem	cydsafasech	cydsafasent	cydsafasid	cydsafwn	cydsafit	cydsafai	cydsafem	cydsafech	cydsafent	cydsafer	cydsaf	cydsafed	cydsafwn	cydsafwch	cydsafent	cydsafer	-	cydsafadwy
cydweddu	-	cydweddei	cydweddâ	cydweddawn	cydweddewch	cydweddânt	cydweddeir	-	-	-	-	-	-	-	cydweddeais	cydweddeaist	cydweddaodd	-	-	-	cydweddawyd	-	-	-	-	-	-	-	cydweddawn	cydweddait	cydweddao	cydweddaem	cydweddaech	cydweddaent	cydweddaer	cydwedda	cydweddaed	cydweddawn	cydweddewch	cydweddaent	cydweddaer	-	cydweddadwy
cydweithio	-	cydweithi	cydweithia	-	-	-	cydweithir	-	cydweithit	-	-	-	-	cydweithid	-	-	-	-	-	-	-	-	-	-	-	-	-	-	-	cydweithiech	-	-	-	-	-	cydweithia	-	-	-	-	-	-	cydweithiadwy
cydweithredu	-	-	cydweithreda	-	-	-	-	-	-	-	-	-	-	-	-	-	-	-	-	-	-	-	-	-	-	-	-	-	cydweithredwn	cydweithredit	cydweithredai	cydweithredem	cydweithredech	cydweithredent	-	cydweithreda	-	-	-	-	-	-	cydweithredadwy
cyf-weld	cyfwelaf	cyfweli	cyfwela	cyfwelwn	cyfwelwch	cyfwelant	cyfwelir	-	-	-	-	-	-	-	cyfwelais	cyfwelaist	cyfwelodd	cyfwelasom	cyfwelasoch	cyfwelasant	cyfwelwyd	cyfwelaswn	cyfwelasit	cyfwelasai	cyfwelasem	cyfwelasech	cyfwelasent	cyfwelasid	cyfwelwn	cyfwelit	cyfwelai	cyfwelem	cyfwelech	cyfwelent	cyfweler	cyfwela	cyfweled	cyfwelwn	cyfwelwch	cyfwelent	cyfweler	-	cyfweladwy
cyfaddasu	-	cyfaddesi	cyfaddasa	-	-	-	cyfaddesir	-	-	-	-	-	-	-	cyfaddesais	cyfaddesaist	-	-	-	-	-	-	-	-	-	-	-	-	cyfaddaswn	cyfaddasit	cyfaddasai	cyfaddasem	cyfaddasech	cyfaddasent	-	cyfaddasa	-	-	-	-	-	-	cyfaddasadwy
cyfaddef	-	-	cyfaddefa	-	-	-	-	-	-	-	-	-	-	-	-	-	-	-	-	-	-	-	-	-	-	-	-	-	cyfaddefwn	cyfaddefit	cyfaddefai	cyfaddefem	cyfaddefech	cyfaddefent	-	cyfaddefa	-	-	-	-	-	-	cyfaddefadwy
cyfamodi	-	-	cyfamoda	-	-	-	-	-	-	-	-	-	-	-	-	-	-	-	-	-	-	-	-	-	-	-	-	-	cyfamodwn	cyfamodit	cyfamodai	cyfamodem	cyfamodech	cyfamodent	-	cyfamoda	-	-	-	-	-	-	cyfamodadwy
cyfannu	-	cyfenni	cyfanna	-	-	-	cyfennir	-	-	-	-	-	-	-	cyfennais	cyfennaist	-	-	-	-	-	-	-	-	-	-	-	-	cyfannwn	cyfannit	cyfannai	cyfannem	cyfannech	cyfannent	-	cyfanna	-	-	-	-	-	-	cyfannadwy
cyfarch	-	cyferchi	-	-	-	-	cyferchir	-	-	-	-	-	-	-	cyferchais	cyferchaist	-	-	-	-	-	-	-	-	-	-	-	-	cyfarchwn	cyfarchit	cyfarchai	cyfarchem	cyfarchech	cyfarchent	-	cyfarcha	-	-	-	-	-	-	cyfarchadwy
cyfarfod	cyfarfyddaf	cyfarfyddi	cyferfydd	cyfarfyddwn	cyfarfyddwch	cyfarfyddant	cyfarfyddir	cyfarfyddwn	cyfarfyddit	cyfarfyddai	cyfarfyddem	cyfarfyddech	cyfarfyddent	cyfarfyddid	cyfarfûm	cyfarfuost	cyfarfu	cyfarfuom	cyfarfuoch	cyfarfuont	cyfarfuwyd	cyfarfuaswn	cyfarfuasit	cyfarfuasai	cyfarfuasem	cyfarfuasech	cyfarfuasent	cyfarfuasid	cyfarfyddwyf	cyfarfyddych	cyfarfyddo	cyfarfyddom	cyfarfyddoch	cyfarfyddont	cyfarfydder	cyfarfydda	cyfarfydded	cyfarfyddwn	cyfarfyddwch	cyfarfyddent	cyfarfydder	-	cyfarfyddedig
cyfarparu	-	cyfarperi	cyfarpara	-	-	-	cyfarperir	-	-	-	-	-	-	-	cyfarperais	cyfarperaist	-	-	-	-	-	-	-	-	-	-	-	-	cyfarparwn	cyfarparit	cyfarparai	cyfarparem	cyfarparech	cyfarparent	-	cyfarpara	-	-	-	-	-	-	cyfarparadwy
cyfarth	-	cyferthi	cyfartha	-	-	-	cyferthir	-	-	-	-	-	-	-	cyferthais	cyferthaist	-	-	-	-	-	-	-	-	-	-	-	-	cyfarthwn	cyfarthit	cyfarthai	cyfarthem	cyfarthech	cyfarthent	-	cyfartha	-	-	-	-	-	-	cyfarthadwy
cyfarwyddo	-	-	-	-	-	-	-	-	-	-	-	-	-	-	-	-	-	-	-	-	-	-	-	-	-	-	-	-	cyfarwyddwn	cyfarwyddit	cyfarwyddai	cyfarwyddem	cyfarwyddech	cyfarwyddent	-	-	-	-	-	-	-	-	cyfarwyddadwy
cyfateb	-	-	-cyfetyb	-	-	-	-	-	-	-	-	-	-	-	-	-	-	-	-	-	-	-	-	-	-	-	-	-	cyfatebwn	cyfatebit	cyfatebai	cyfatebem	cyfatebech	cyfatebent	-	cyfateba	-	-	-	-	-	-	cyfatebadwy
cyfeirio	-	cyfeiri	cyfeiria	-	-	-	cyfeirir	-	cyfeirit	-	-	-	-	cyfeirid	-	-	-	-	-	-	-	-	-	-	-	-	-	-	-	cyfeiriech	-	-	-	-	-	cyfeiria	-	-	-	-	-	-	cyfeiriadwy
cyferbynnu	-	-	cyferbynna	-	-	-	-	-	-	-	-	-	-	-	-	-	-	cyferbynasom	cyferbynasoch	cyferbynasant	-	cyferbynaswn	cyferbynasit	cyferbynasai	cyferbynasem	cyferbynasech	cyferbynasent	cyferbynasid	cyferbynnwn	cyferbynnit	cyferbynnai	cyferbynnem	cyferbynnech	cyferbynnent	-	cyferbynna	-	-	-	-	-	-	cyferbynadwy
cyffeithio	-	cyffeithi	-	-	-	-	cyffeithir	-	cyffeithit	-	-	-	-	cyffeithid	-	-	-	-	-	-	-	-	-	-	-	-	-	-	-	cyffeithiech	-	-	-	-	-	-	-	-	-	-	-	-	cyffeithiadwy
cyffesu	-	-	cyffesa	-	-	-	-	-	-	-	-	-	-	-	-	-	-	-	-	-	-	-	-	-	-	-	-	-	cyffeswn	cyffesit	cyffesai	cyffesem	cyffesech	cyffesent	-	cyffesa	-	-	-	-	-	-	cyffesadwy
cyffwrdd	cyffyrddaf	cyffyrddi	-	cyffyrddwn	cyffyrddwch	cyffyrddant	cyffyrddir	cyffyrddwn	cyffyrddit	cyffyrddai	cyffyrddem	cyffyrddech	cyffyrddent	cyffyrddid	cyffyrddais	cyffyrddaist	cyffyrddodd	cyffyrddasom	cyffyrddasoch	cyffyrddasant	cyffyrddwyd	cyffyrddaswn	cyffyrddasit	cyffyrddasai	cyffyrddasem	cyffyrddasech	cyffyrddasent	cyffyrddasid	cyffyrddwyf	cyffyrddych	cyffyrddo	cyffyrddom	cyffyrddoch	cyffyrddont	cyffyrdder	-	cyffyrdded	cyffyrddwn	cyffyrddwch	cyffyrddent	cyffyrdder	-	cyffyrddedig
cyffyloca	-	-	cyffyloca	-	-	-	-	-	-	-	-	-	-	-	-	-	-	-	-	-	-	-	-	-	-	-	-	-	cyffylocwn	cyffylocit	cyffylocai	cyffylocem	cyffylocech	cyffylocent	-	cyffyloca	-	-	-	-	-	-	cyffylocadwy
cyfiawnhau	cyfiawnhaf	cyfiawnhei	-	-	cyfiawnhewch	cyfiawnhânt	cyfiawnheir	-	-	-	-	-	-	-	cyfiawnheais	cyfiawnheaist	-	cyfiawnhasom	cyfiawnhasoch	cyfiawnhasant	-	cyfiawnhaswn	cyfiawnhasit	cyfiawnhasai	cyfiawnhasem	cyfiawnhasech	cyfiawnhasent	cyfiawnhasid	cyfiawnhawn	cyfiawnhait	-	cyfiawnhaem	cyfiawnhaech	cyfiawnhaent	-	-	-	-	cyfiawnhewch	-	-	-	cyfiawnhadwy
cyfieithu	-	-	cyfieitha	-	-	-	-	-	-	-	-	-	-	-	-	-	-	-	-	-	-	-	-	-	-	-	-	-	cyfieithwn	cyfieithit	cyfieithai	cyfieithem	cyfieithech	cyfieithent	-	cyfieitha	-	-	-	-	-	-	cyfieithadwy
cyflafareddu	-	-	cyflafaredda	-	-	-	-	-	-	-	-	-	-	-	-	-	-	-	-	-	-	-	-	-	-	-	-	-	cyflafareddwn	cyflafareddit	cyflafareddai	cyflafareddem	cyflafareddech	cyflafareddent	-	cyflafaredda	-	-	-	-	-	-	cyflafareddadwy
cyflawni	-	-	cyflawna	-	-	-	-	-	-	-	-	-	-	-	-	-	-	-	-	-	-	-	-	-	-	-	-	-	cyflawnwn	cyflawnit	cyflawnai	cyflawnem	cyflawnech	cyflawnent	-	cyflawna	-	-	-	-	-	-	cyflawnadwy
cyflenwi	cyflanwaf	-	-	-	-	-	-	-	-	-	-	-	-	-	-	-	-	-	-	-	-	-	-	-	-	-	-	-	-	-	-	-	-	-	-	-	-	-	-	-	-	-	-
cyfleoli	-	-	cyfleola	-	-	-	-	-	-	-	-	-	-	-	-	-	-	-	-	-	-	-	-	-	-	-	-	-	cyfleolwn	cyfleolit	cyfleolai	cyfleolem	cyfleolech	cyfleolent	-	cyfleola	-	-	-	-	-	-	cyfleoladwy
cyflogi	-	-	cyfloga	-	-	-	-	-	-	-	-	-	-	-	-	-	-	-	-	-	-	-	-	-	-	-	-	-	cyflogwn	cyflogit	cyflogai	cyflogem	cyflogech	cyflogent	-	cyfloga	-	-	-	-	-	-	cyflogadwy
cyflyru	-	-	cyflyra	-	-	-	-	-	-	-	-	-	-	-	-	-	-	-	-	-	-	-	-	-	-	-	-	-	cyflyrwn	cyflyrit	cyflyrai	cyflyrem	cyflyrech	cyflyrent	-	cyflyra	-	-	-	-	-	-	cyflyradwy
cyfnewid	cyfnewidiaf	-	cyfnewidi	cyfnewidiwn	cyfnewidiwch	cyfnewidiant	-	cyfnewidiwn	-	cyfnewidiai	cyfnewidiem	cyfnewidiech	cyfnewidient	-	cyfnewidiais	cyfnewidiaist	cyfnewidiodd	cyfnewidiasom	cyfnewidiasoch	cyfnewidiasant	cyfnewidiwyd	cyfnewidiaswn	cyfnewidiasit	cyfnewidiasai	cyfnewidiasem	cyfnewidiasech	cyfnewidiasent	cyfnewidiasid	cyfnewidiwyf	cyfnewidiech	cyfnewidio	cyfnewidiom	cyfnewidioch	cyfnewidiont	cyfnewidier	cyfnewidi	cyfnewidied	cyfnewidiwn	cyfnewidiwch	cyfnewidient	cyfnewidier	-	cyfnewidiedig
cyfodi	-	-	cyfyd	-	-	-	-	-	-	-	-	-	-	-	-	-	-	-	-	-	-	-	-	-	-	-	-	-	cyfodwn	cyfodit	cyfodai	cyfodem	cyfodech	cyfodent	-	cyfoda	-	-	-	-	-	-	cyfodadwy
cyfoethogi	-	-	cyfoethoga	-	-	-	-	-	-	-	-	-	-	-	-	-	-	-	-	-	-	-	-	-	-	-	-	-	cyfoethogwn	cyfoethogit	cyfoethogai	cyfoethogem	cyfoethogech	cyfoethogent	-	cyfoethoga	-	-	-	-	-	-	cyfoethogadwy
cyfogi	-	-	cyfoga	-	-	-	-	-	-	-	-	-	-	-	-	-	-	-	-	-	-	-	-	-	-	-	-	-	cyfogwn	cyfogit	cyfogai	cyfogem	cyfogech	cyfogent	-	cyfoga	-	-	-	-	-	-	cyfogadwy
cyfosod	-	-	cyfosoda	-	-	-	-	-	-	-	-	-	-	-	-	-	-	-	-	-	-	-	-	-	-	-	-	-	cyfosodwn	cyfosodit	cyfosodai	cyfosodem	cyfosodech	cyfosodent	-	cyfosoda	-	-	-	-	-	-	-
cyfrannu	-	cyfrenni	cyfranna	-	-	-	cyfrennir	-	-	-	-	-	-	-	cyfrennais	cyfrennaist	-	cyfranasom	cyfranasoch	cyfranasant	-	cyfranaswn	cyfranasit	cyfranasai	cyfranasem	cyfranasech	cyfranasent	cyfranasid	cyfrannwn	cyfrannit	cyfrannai	cyfrannem	cyfrannech	cyfrannent	-	cyfranna	-	-	-	-	-	-	cyfranadwy
cyfranogi	-	-	cyfranoga	-	-	-	-	-	-	-	-	-	-	-	-	-	-	-	-	-	-	-	-	-	-	-	-	-	cyfranogwn	cyfranogit	cyfranogai	cyfranogem	cyfranogech	cyfranogent	-	cyfranoga	-	-	-	-	-	-	cyfranogadwy
cyfrif	-	-	-	-	-	-	-	-	-	-	-	-	-	-	-	-	-	-	-	-	-	-	-	-	-	-	-	-	cyfrifwn	cyfrifit	cyfrifai	cyfrifem	cyfrifech	cyfrifent	-	cyfrifa	-	-	-	-	-	-	cyfrifadwy
cyfrwyo	-	-	cyfrwya	-	-	-	-	-	-	-	-	-	-	-	-	-	-	-	-	-	-	-	-	-	-	-	-	-	-	-	-	-	-	-	-	cyfrwya	-	-	-	-	-	-	-
cyfryngu	-	-	cyfrynga	-	-	-	-	-	-	-	-	-	-	-	-	-	-	-	-	-	-	-	-	-	-	-	-	-	cyfryngwn	cyfryngit	cyfryngai	cyfryngem	cyfryngech	cyfryngent	-	cyfrynga	-	-	-	-	-	-	cyfryngadwy
cyfundrefnu	-	-	cyfundrefna	-	-	-	-	-	-	-	-	-	-	-	-	-	-	-	-	-	-	-	-	-	-	-	-	-	cyfundrefnwn	cyfundrefnit	cyfundrefnai	cyfundrefnem	cyfundrefnech	cyfundrefnent	-	cyfundrefna	-	-	-	-	-	-	cyfundrefnadwy
cyfuno	-	-	cyfuna	-	-	-	-	-	-	-	-	-	-	-	-	-	-	-	-	-	-	-	-	-	-	-	-	-	cyfunwn	cyfunit	cyfunai	cyfunem	cyfunech	cyfunent	-	cyfuna	-	-	-	-	-	-	cyfunadwy
cyfweld	cyfwelaf	cyfweli	cyfwela	cyfwelwn	cyfwelwch	cyfwelant	cyfwelir	-	-	-	-	-	-	-	cyfwelais	cyfwelaist	cyfwelodd	cyfwelasom	cyfwelasoch	cyfwelasant	cyfwelwyd	cyfwelaswn	cyfwelasit	cyfwelasai	cyfwelasem	cyfwelasech	cyfwelasent	cyfwelasid	cyfwelwn	cyfwelit	cyfwelai	cyfwelem	cyfwelech	cyfwelent	cyfweler	cyfwela	cyfweled	cyfwelwn	cyfwelwch	cyfwelent	cyfweler	-	cyfweladwy
cyhoeddi	-	-	cyhoedda	-	-	-	-	-	-	-	-	-	-	-	-	-	-	-	-	-	-	-	-	-	-	-	-	-	cyhoeddwn	cyhoeddit	cyhoeddai	cyhoeddem	cyhoeddech	cyhoeddent	-	cyhoedda	-	-	-	-	-	-	-
cyhuddo	-	-	cyhudda	-	-	-	-	-	-	-	-	-	-	-	-	-	-	-	-	-	-	-	-	-	-	-	-	-	cyhuddwn	cyhuddit	cyhuddai	cyhuddem	cyhuddech	cyhuddent	-	cyhudda	-	-	-	-	-	-	cyhuddadwy
cylchynu	-	-	cylchyna	-	-	-	-	-	-	-	-	-	-	-	-	-	-	-	-	-	-	-	-	-	-	-	-	-	cylchynwn	cylchynit	cylchynai	cylchynem	cylchynech	cylchynent	-	cylchyna	-	-	-	-	-	-	cylchynadwy
cymedroli	-	-	cymedrola	-	-	-	-	-	-	-	-	-	-	-	-	-	-	-	-	-	-	-	-	-	-	-	-	-	cymedrolwn	cymedrolit	cymedrolai	cymedrolem	cymedrolech	cymedrolent	-	cymedrola	-	-	-	-	-	-	cymedroladwy
cymell	cymhellaf	cymhelli	cymhella	cymhellwn	cymhellwch	cymhellant	cymhellir	-	-	-	-	-	-	-	cymhellais	cymhellaist	cymhellodd	-	-	-	cymhellwyd	-	-	-	-	-	-	-	cymhellwn	cymhellit	cymhellai	cymhellem	cymhellech	cymhellent	cymheller	cymhella	cymhelled	cymhellwn	cymhellwch	cymhellent	cymheller	-	cymelladwy
cymeradwyo	-	-	cymeradwya	-	-	-	-	-	-	-	-	-	-	-	-	-	-	-	-	-	-	-	-	-	-	-	-	-	cymeradwywn	cymeradwyit	cymeradwyai	cymeradwyem	cymeradwyech	cymeradwyent	-	cymeradwya	-	-	-	-	-	-	cymeradwyadwy
cymharu	-	cymheri	cymhara	-	-	-	cymherir	-	-	-	-	-	-	-	cymherais	cymheraist	-	-	-	-	-	-	-	-	-	-	-	-	cymharwn	cymharit	cymharai	cymharem	cymharech	cymharent	-	cymhara	-	-	-	-	-	-	cymharadwy
cymhlethu	-	-	cymhletha	-	-	-	-	-	-	-	-	-	-	-	-	-	-	-	-	-	-	-	-	-	-	-	-	-	cymhlethwn	cymhlethit	cymhlethai	cymhlethem	cymhlethech	cymhlethent	-	cymhletha	-	-	-	-	-	-	cymhlethadwy
cymhwyso	-	-	cymhwysa	-	-	-	-	-	-	-	-	-	-	-	-	-	-	-	-	-	-	-	-	-	-	-	-	-	cymhwyswn	cymhwysit	cymhwysai	cymhwysem	cymhwysech	cymhwysent	-	cymhwysa	-	-	-	-	-	-	cymhwysadwy
cymoni	-	-	cymona	-	-	-	-	-	-	-	-	-	-	-	-	-	-	-	-	-	-	-	-	-	-	-	-	-	cymonwn	cymonit	cymonai	cymonem	cymonech	cymonent	-	cymona	-	-	-	-	-	-	cymonadwy
cymryd	cymeraf	cymeri	cymer	cymerwn	cymerwch	cymerant	cymerir	cymerwn	cymerit	cymerai	cymerem	cymerech	cymerent	cymerid	cymerais	cymeraist	cymerodd	cymerasom	cymerasoch	cymerasant	cymerwyd	cymeraswn	cymerasit	cymerasai	cymerasem	cymerasech	cymerasent	cymerasid	cymerwyf	cymerych	cymero	cymerom	cymeroch	cymeront	cymerer	cymer	cymered	cymerwn	cymerwch	cymerent	cymerer	-	cymeredig
cymuno	-	-	cymuna	-	-	-	-	-	-	-	-	-	-	-	-	-	-	-	-	-	-	-	-	-	-	-	-	-	cymunwn	cymunit	cymunai	cymunem	cymunech	cymunent	-	cymuna	-	-	-	-	-	-	cymunadwy
cymwynasu	cymwynaf	cymwyni	cymwyna	cymwynwn	cymwynwch	cymwynant	cymwynir	-	-	-	-	-	-	-	cymwynais	cymwynaist	cymwynodd	cymwynasom	cymwynasoch	cymwynasant	cymwynwyd	cymwynaswn	cymwynasit	cymwynasai	cymwynasem	cymwynasech	cymwynasent	cymwynasid	cymwynwn	cymwynit	cymwynai	cymwynem	cymwynech	cymwynent	cymwyner	cymwyna	cymwyned	cymwynwn	cymwynwch	cymwynent	cymwyner	-	cymwynadwy
cymylu	-	-	cymyla	-	-	-	-	-	-	-	-	-	-	-	-	-	-	-	-	-	-	-	-	-	-	-	-	-	cymylwn	cymylit	cymylai	cymylem	cymylech	cymylent	-	cymyla	-	-	-	-	-	-	cymyladwy
cynaeafu	-	cyneuefi	cynaeafa	-	-	-	cyneuefir	-	-	-	-	-	-	-	cyneuefais	cyneuefaist	-	-	-	-	-	-	-	-	-	-	-	-	cynaeafwn	cynaeafit	cynaeafai	cynaeafem	cynaeafech	cynaeafent	-	cynaeafa	-	-	-	-	-	-	cynaeafadwy
cynanu	-	cyneni	cynana	-	-	-	cynenir	-	-	-	-	-	-	-	cynenais	cynenaist	-	-	-	-	-	-	-	-	-	-	-	-	cynanwn	cynanit	cynanai	cynanem	cynanech	cynanent	-	cynana	-	-	-	-	-	-	cynanadwy
cynefineiddio	-	-	-	-	-	-	-	-	-	-	-	-	-	-	-	-	e	-	-	-	-	-	-	-	-	-	-	-	-	-	-	-	-	-	-	cynefineidda	-	-	cynefineiddwch	-	-	-	-
cynefino	-	-	-	-	-	-	-	-	-	-	-	-	-	-	-	-	e	-	-	-	-	-	-	-	-	-	-	-	-	-	-	-	-	-	-	cynefina	-	-	-	-	-	-	-
cynffonna	-	-	cynffonna	-	-	-	-	-	-	-	-	-	-	-	-	-	-	-	-	-	-	-	-	-	-	-	-	-	cynffonnwn	cynffonnit	cynffonnai	cynffonnem	cynffonnech	cynffonnent	-	cynffonna	-	-	-	-	-	-	cynffonnadwy
cynghori	-	-	cynghora	-	-	-	-	-	-	-	-	-	-	-	-	-	-	-	-	-	-	-	-	-	-	-	-	-	cynghorwn	cynghorit	cynghorai	cynghorem	cynghorech	cynghorent	-	cynghora	-	-	-	-	-	-	cynghoradwy
cynhenna	-	-	cynhenna	-	-	-	-	-	-	-	-	-	-	-	-	-	-	cynhenasom	cynhenasoch	cynhenasant	-	cynhenaswn	cynhenasit	cynhenasai	cynhenasem	cynhenasech	cynhenasent	cynhenasid	cynhennwn	cynhennit	cynhennai	cynhennem	cynhennech	cynhennent	-	cynhenna	-	-	-	-	-	-	cynhenadwy
cynhesu	-	-	cynhesa	-	-	-	-	-	-	-	-	-	-	-	-	-	-	cynesasom	cynesasoch	cynesasant	-	cynesaswn	cynesasit	cynesasai	cynesasem	cynesasech	cynesasent	cynesasid	cynheswn	cynhesit	cynhesai	cynhesem	cynhesech	cynhesent	-	cynhesa	-	-	-	-	-	-	cynesadwy
cynhyrchu	-	-	cynhyrcha	-	-	-	-	-	-	-	-	-	-	-	-	-	-	-	-	-	-	-	-	-	-	-	-	-	cynhyrchwn	cynhyrchit	cynhyrchai	cynhyrchem	cynhyrchech	cynhyrchent	-	cynhyrcha	-	-	-	-	-	-	cynhyrchadwy
cynhyrfu	-	-	cynhyrfa	-	-	-	-	-	-	-	-	-	-	-	-	-	-	cynnyrfasom	cynnyrfasoch	cynnyrfasant	-	cynnyrfaswn	cynnyrfasit	cynnyrfasai	cynnyrfasem	cynnyrfasech	cynnyrfasent	cynnyrfasid	cynhyrfwn	cynhyrfit	cynhyrfai	cynhyrfem	cynhyrfech	cynhyrfent	-	cynhyrfa	-	-	-	-	-	-	cynnyrfadwy
cynio	-	cynni	-	-	-	-	cynnir	-	cynnit	-	-	-	-	cynnid	cynniais	cynniaist	-	-	-	-	-	-	-	-	-	-	-	-	-	cynniech	-	-	-	-	-	-	-	-	-	-	-	-	cyniadwy
cynllunio	-	cynllunni	cynllunia	-	-	-	cynllunnir	-	cynllunnit	-	-	-	-	cynllunnid	-	-	-	-	-	-	-	-	-	-	-	-	-	-	-	cynlluniech	-	-	-	-	-	cynllunia	-	-	-	-	-	-	cynlluniadwy
cynnal	cynhaliaf	cynheli	cynnail	cynhaliwn	cynhaliwch	cynhaliant	cynhelir	cynhaliwn	cynhelit	cynhaliai	cynhaliem	cynhaliech	cynhalient	cynhelid	cynheliais	cynheliaist	cynhaliodd	cynhaliasom	cynhaliasoch	cynhaliasant	cynhaliwyd	cynhaliaswn	cynhaliasit	cynhaliasai	cynhaliasem	cynhaliasech	cynhaliasent	cynhaliasid	cynhaliwyf	cynheliech	cynhalio	cynhaliom	cynhalioch	cynhaliont	cynhalier	cynhalia	cynhalied	cynhaliwn	cynhaliwch	cynhalient	cynhalier	-	cynhaliadwy
cynnau	cyneuaf	cyneui	cynnau	cyneuwn	cyneuwch	cyneuant	cyneuir	cyneuwn	cyneuit	cyneuai	cyneuem	cyneuech	cyneuent	cyneuid	cyneuais	cyneuaist	cyneuodd	cyneuasom	cyneuasoch	cyneuasant	cyneuwyd	cyneuaswn	cyneuasit	cyneuasai	cyneuasem	cyneuasech	cyneuasent	cyneuasid	cyneuwyf	cyneuych	cyneuo	cyneuom	cyneuoch	cyneuont	cyneuer	cyneua	cyneued	cyneuwn	cyneuwch	cyneuent	cyneuer	-	cyneuedig
cynnig	cynigiaf	cynigi	cynigia	cynigiwn	cynigiwch	cynigiant	cynigir	cynigiwn	cynigit	cynigiai	cynigiem	cynigiech	cynigient	cynigid	cynigiais	cynigiaist	cynigiodd	cynigiasom	cynigiasoch	cynigiasant	cynigiwyd	cynigiaswn	cynigiasit	cynigiasai	cynigiasem	cynigiasech	cynigiasent	cynigiasid	cynigiwyf	cynigiech	cynigio	cynigiom	cynigioch	cynigiont	cynigier	cynigia	cynigied	cynigiwn	cynigiwch	cynigient	cynigier	-	cynigiedig
cynnu	-	-	cyn	-	-	-	-	-	-	-	-	-	-	-	-	-	-	cynasom	cynasoch	cynasant	-	cynaswn	cynasit	cynasai	cynasem	cynasech	cynasent	cynasid	cynnwn	cynnit	cynnai	cynnem	cynnech	cynnent	-	cyn	-	-	-	-	-	-	cynadwy
cynnull	cynullaf	cynulli	-	cynullwn	cynullwch	cynullant	cynullir	cynullwn	cynullit	cynullai	cynullem	cynullech	cynullent	cynullid	cynullais	cynullaist	cynullodd	cynullasom	cynullasoch	cynullasant	cynullwyd	cynullaswn	cynullasit	cynullasai	cynullasem	cynullasech	cynullasent	cynullasid	cynullwyf	cynullych	cynullo	cynullom	cynulloch	cynullont	cynuller	-	cynulled	cynullwn	cynullwch	cynullent	cynuller	-	cynulledig
cynnwys	cynhwysaf	cynhwysi	cynhwysa	cynhwyswn	cynhwyswch	cynhwysant	cynhwysir	cynhwyswn	cynhwysit	cynhwysai	cynhwysem	cynhwysech	cynhwysent	cynhwysid	cynhwysais	cynhwysaist	cynhwysodd	cynwysasom	cynwysasoch	cynwysasant	cynhwyswyd	cynwysaswn	cynwysasit	cynwysasai	cynwysasem	cynwysasech	cynwysasent	cynwysasid	cynhwyswyf	cynhwysych	cynhwyso	cynhwysom	cynhwysoch	cynhwysont	cynhwyser	cynhwysa	cynhwysed	cynhwyswn	cynhwyswch	cynhwysent	cynhwyser	-	cynwysedig
cynnyrch	cynhyrchaf	-	-	-	-	-	-	-	-	-	-	-	-	-	-	-	-	-	-	-	-	-	-	-	-	-	-	-	-	-	-	-	-	-	-	-	-	-	-	-	-	-	-
cynodi	-	-	cynoda	-	-	-	-	-	-	-	-	-	-	-	-	-	-	-	-	-	-	-	-	-	-	-	-	-	cynodwn	cynodit	cynodai	cynodem	cynodech	cynodent	-	cynoda	-	-	-	-	-	-	cynodadwy
cynorthwyo	-	-	cynorthwya	-	-	-	-	-	-	-	-	-	-	-	-	-	-	-	-	-	-	-	-	-	-	-	-	-	cynorthwywn	cynorthwyit	cynorthwyai	cynorthwyem	cynorthwyech	cynorthwyent	-	cynorthwya	-	-	-	-	-	-	cynorthwyadwy
cynrychioli	-	-	cynrychiola	-	-	-	-	-	-	-	-	-	-	-	-	-	-	-	-	-	-	-	-	-	-	-	-	-	cynrychiolwn	cynrychiolit	cynrychiolai	cynrychiolem	cynrychiolech	cynrychiolent	-	cynrychiola	-	-	-	-	-	-	cynrychioladwy
cynuta	-	-	cynuta	-	-	-	-	-	-	-	-	-	-	-	-	-	-	-	-	-	-	-	-	-	-	-	-	-	cynutwn	cynutit	cynutai	cynutem	cynutech	cynutent	-	cynuta	-	-	-	-	-	-	cynutadwy
cynyddu	-	-	cynydda	-	-	-	-	-	-	-	-	-	-	-	-	-	-	-	-	-	-	-	-	-	-	-	-	-	cynyddwn	cynyddit	cynyddai	cynyddem	cynyddech	cynyddent	-	cynydda	-	-	-	-	-	-	cynyddadwy
cyplysu	-	-	cyplysa	-	-	-	-	-	-	-	-	-	-	-	-	-	-	-	-	-	-	-	-	-	-	-	-	-	cyplyswn	cyplysit	cyplysai	cyplysem	cyplysech	cyplysent	-	cyplysa	-	-	-	-	-	-	cyplysadwy
cyrchu	-	-	-	-	-	-	-	-	-	-	-	-	-	-	-	-	-	-	-	-	-	-	-	-	-	-	-	-	cyrchwn	cyrchit	cyrchai	cyrchem	cyrchech	cyrchent	-	-	-	-	-	-	-	-	cyrchadwy
cyrraedd	cyrhaeddaf	cyrhaeddi	-	cyrhaeddwn	cyrhaeddwch	cyrhaeddant	cyrhaeddir	cyrhaeddwn	cyrhaeddit	cyrhaeddai	cyrhaeddem	cyrhaeddech	cyrhaeddent	cyrhaeddid	cyrhaeddais	cyrhaeddaist	cyrhaeddodd	cyraeddasom	cyraeddasoch	cyraeddasant	cyrhaeddwyd	cyraeddaswn	cyraeddasit	cyraeddasai	cyraeddasem	cyraeddasech	cyraeddasent	cyraeddasid	cyrhaeddwyf	cyrhaeddych	cyrhaeddo	cyrhaeddom	cyrhaeddoch	cyrhaeddont	cyrhaedder	-	cyrhaedded	cyrhaeddwn	cyrhaeddwch	cyrhaeddent	cyrhaedder	-	cyraeddedig
cysegru	-	-	-	-	-	-	-	-	-	-	-	-	-	-	-	-	-	-	-	-	-	-	-	-	-	-	-	-	cysegrwn	cysegrit	cysegrai	cysegrem	cysegrech	cysegrent	-	-	-	-	-	-	-	-	cysegradwy
cysgodi	-	-	-	-	-	-	-	-	-	-	-	-	-	-	-	-	-	-	-	-	-	-	-	-	-	-	-	-	cysgodwn	cysgodit	cysgodai	cysgodem	cysgodech	cysgodent	-	-	-	-	-	-	-	-	cysgodadwy
cysgu	-	-	cwsg	-	-	-	-	-	-	-	-	-	-	-	-	-	-	-	-	-	-	-	-	-	-	-	-	-	-	-	-	-	-	-	-	cwsg	-	-	-	-	-	-	-
cystadlu	-	cystedli	cystadla	-	-	-	cystedlir	-	-	-	-	-	-	-	cystedlais	cystedlaist	-	-	-	-	-	-	-	-	-	-	-	-	cystadlwn	cystadlit	cystadlai	cystadlem	cystadlech	cystadlent	-	cystadla	-	-	-	-	-	-	cystadladwy
cysul	cysulafaf	-	-	-	-	-	-	-	-	-	-	-	-	-	-	-	-	-	-	-	-	-	-	-	-	-	-	-	-	-	-	-	-	-	-	-	-	-	-	-	-	-	-
cysylltu	-	-	cysyllta	-	-	-	-	-	-	-	-	-	-	-	-	-	-	-	-	-	-	-	-	-	-	-	-	-	-	-	-	-	-	-	-	cysyllta	-	-	-	-	-	-	-
cytuno	-	-	cytuna	-	-	-	-	-	-	-	-	-	-	-	-	-	-	-	-	-	-	-	-	-	-	-	-	-	cytunwn	cytunit	cytunai	cytunem	cytunech	cytunent	-	cytuna	-	-	-	-	-	-	cytunadwy
cywain	cyweiniaf	-	-	-	-	-	-	-	-	-	-	-	-	-	-	-	-	-	-	-	-	-	-	-	-	-	-	-	-	-	-	-	-	-	-	-	-	-	-	-	-	-	-
cywasgu	-	cywesgi	cywasga	-	-	-	cywesgir	-	-	-	-	-	-	-	cywesgais	cywesgaist	-	-	-	-	-	-	-	-	-	-	-	-	cywasgwn	cywasgit	cywasgai	cywasgem	cywasgech	cywasgent	-	cywasga	-	-	-	-	-	-	cywasgadwy
cyweirio	-	cyweiri	cyweiria	-	-	-	cyweirir	-	cyweirit	-	-	-	-	cyweirid	-	-	-	-	-	-	-	-	-	-	-	-	-	-	-	cyweiriech	-	-	-	-	-	cyweiria	-	-	-	-	-	-	cyweiriadwy
cywiro	-	-	cywira	-	-	-	-	-	-	-	-	-	-	-	-	-	-	-	-	-	-	-	-	-	-	-	-	-	cywirwn	cywirit	cywirai	cywirem	cywirech	cywirent	-	cywira	-	-	-	-	-	-	cywiradwy
dad-wneud	dadgwnaf	-	-	-	-	-	-	-	-	-	-	-	-	-	-	-	-	-	-	-	-	-	-	-	-	-	-	-	-	-	-	-	-	-	-	-	-	-	-	-	-	-	-
dadansoddi	-	-	dadansodda	-	-	-	-	-	-	-	-	-	-	-	-	-	-	-	-	-	-	-	-	-	-	-	-	-	dadansoddwn	dadansoddit	dadansoddai	dadansoddem	dadansoddech	dadansoddent	-	dadansodda	-	-	-	-	-	-	dadansoddadwy
dadbacio	-	peci	pacia	paciwn	paciwch	paciant	pecir	paciwn	pecit	paciai	paciem	paciech	pacient	pecid	peciais	peciaist	e	paciasom	paciasoch	paciasant	paciwyd	paciaswn	paciasit	paciasai	paciasem	paciasech	paciasent	paciasid	paciwyf	peciech	pacio	paciom	pacioch	paciont	pacier	pacia	pacied	paciwn	paciwch	pacient	pacier	-	paciadwy
dadelfennu	-	-	dadelfenna	-	-	-	-	-	-	-	-	-	-	-	-	-	-	dadelfenasom	dadelfenasoch	dadelfenasant	-	dadelfenaswn	dadelfenasit	dadelfenasai	dadelfenasem	dadelfenasech	dadelfenasent	dadelfenasid	dadelfennwn	dadelfennit	dadelfennai	dadelfennem	dadelfennech	dadelfennent	-	dadelfenna	-	-	-	-	-	-	dadelfenadwy
dadennill	dadenillaf	dadenilli	-	dadenillwn	dadenillwch	dadenillant	dadenillir	-	-	-	-	-	-	-	dadenillais	dadenillaist	dadenillodd	dadenillasom	dadenillasoch	dadenillasant	dadenillwyd	dadenillaswn	dadenillasit	dadenillasai	dadenillasem	dadenillasech	dadenillasent	dadenillasid	dadenillwn	dadenillit	dadenillai	dadenillem	dadenillech	dadenillent	dadeniller	dadenilla	dadenilled	dadenillwn	dadenillwch	dadenillent	dadeniller	-	dadenilladwy
dadgoroni	-	-	dadgorona	-	-	-	-	-	-	-	-	-	-	-	-	-	-	-	-	-	-	-	-	-	-	-	-	-	dadgoronwn	dadgoronit	dadgoronai	dadgoronem	dadgoronech	dadgoronent	-	dadgorona	-	-	dadgoroniwch	-	-	-	dadgoronadwy
dadlau	dadleuaf	dadleui	dadleua	dadleuwn	dadleuwch	dadleuant	dadleuir	-	-	-	-	-	-	-	dadleuais	dadleuaist	dadleuodd	dadleuasom	dadleuasoch	dadleuasant	dadleuwyd	dadleuaswn	dadleuasit	dadleuasai	dadleuasem	dadleuasech	dadleuasent	dadleuasid	dadleuwn	dadleuit	dadleuai	dadleuem	dadleuech	dadleuent	dadleuer	dadleua	dadleued	dadleuwn	dadleuwch	dadleuent	dadleuer	-	dadleuadwy
dadleoli	-	-	dadleola	-	-	-	-	-	-	-	-	-	-	-	-	-	-	-	-	-	-	-	-	-	-	-	-	-	dadleolwn	dadleolit	dadleolai	dadleolem	dadleolech	dadleolent	-	dadleola	-	-	-	-	-	-	dadleoladwy
dadlwytho	-	-	dadlwytha	-	-	-	-	-	-	-	-	-	-	-	-	-	-	-	-	-	-	-	-	-	-	-	-	-	dadlwythwn	dadlwythit	dadlwythai	dadlwythem	dadlwythech	dadlwythent	-	dadlwytha	-	-	-	-	-	-	dadlwythadwy
dadocsigenu	-	-	dadocsigena	-	-	-	-	-	-	-	-	-	-	-	-	-	-	-	-	-	-	-	-	-	-	-	-	-	dadocsigenwn	dadocsigenit	dadocsigenai	dadocsigenem	dadocsigenech	dadocsigenent	-	dadocsigena	-	-	-	-	-	-	dadocsigenadwy
dadorchuddio	-	-	-	-	-	-	-	-	-	-	-	-	-	-	-	-	-	-	-	-	-	-	-	-	-	-	-	-	dadorchuddiwn	dadorchuddiit	dadorchuddiai	dadorchuddiem	dadorchuddiech	dadorchuddient	-	-	-	-	-	-	-	-	dadorchuddiadwy
dadosod	-	-	dadosoda	-	-	-	-	-	-	-	-	-	-	-	-	-	-	-	-	-	-	-	-	-	-	-	-	-	dadosodwn	dadosodit	dadosodai	dadosodem	dadosodech	dadosodent	-	dadosoda	-	-	-	-	-	-	-
dadrwymo	-	-	dadrwyma	-	-	-	-	-	-	-	-	-	-	-	-	-	-	-	-	-	-	-	-	-	-	-	-	-	dadrwymwn	dadrwymit	dadrwymai	dadrwymem	dadrwymech	dadrwyment	-	dadrwyma	-	-	-	-	-	-	dadrwymadwy
dadwisgo	-	-	-	-	-	-	-	-	-	-	-	-	-	-	-	-	e	-	-	-	-	-	-	-	-	-	-	-	-	-	-	-	-	-	-	dadwisga	-	-	-	-	-	-	-
dadwreiddio	-	-	-	-	-	-	-	-	-	-	-	-	-	-	-	-	e	-	-	-	-	-	-	-	-	-	-	-	-	-	-	-	-	-	-	dadwreiddia	-	-	-	-	-	-	-
dal	daliaf	deli	deil	daliwn	daliwch	daliant	delir	daliwn	delit	daliai	daliem	daliech	dalient	delid	deliais	deliaist	daliodd	daliasom	daliasoch	daliasant	daliwyd	daliaswn	daliasit	daliasai	daliasem	daliasech	daliasent	daliasid	daliwyf	deliech	dalio	daliom	dalioch	daliont	dalier	-	dalied	daliwn	daliwch	dalient	dalier	-	daliadwy
dala	-	-	-	-	-	-	-	-	-	-	-	-	-	-	-	-	e	-	-	-	-	-	-	-	-	-	-	-	-	-	-	-	-	-	-	dala	-	-	-	-	-	-	-
dallt	deallaf	-	-	-	-	-	-	-	-	-	-	-	-	-	-	-	e	-	-	-	-	-	-	-	-	-	-	-	-	-	-	-	-	-	-	dealla	-	-	deallwch	-	-	-	-
damio	-	dami	damia	-	-	-	damir	-	damit	-	-	-	-	damid	-	-	-	-	-	-	-	-	-	-	-	-	-	-	-	damiech	-	-	-	-	-	damia	-	-	-	-	-	-	damiadwy
damnio	-	damni	damnia	-	-	-	damnir	-	damnit	-	-	-	-	damnid	-	-	-	-	-	-	-	-	-	-	-	-	-	-	-	damniech	-	-	-	-	-	damnia	-	-	-	-	-	-	damniadwy
damsang	-	damsengi	damsanga	-	-	-	damsengir	-	-	-	-	-	-	-	damsengais	damsengaist	-	-	-	-	-	-	-	-	-	-	-	-	damsangwn	damsangit	damsangai	damsangem	damsangech	damsangent	-	damsanga	-	-	-	-	-	-	damsangadwy
damweinio	-	damweini	damweinia	-	-	-	damweinir	-	damweinit	-	-	-	-	damweinid	-	-	-	-	-	-	-	-	-	-	-	-	-	-	-	damweiniech	-	-	-	-	-	damweinia	-	-	-	-	-	-	damweinadwy
danfon	-	-	denfyn	-	-	-	-	-	-	-	-	-	-	-	-	-	-	-	-	-	-	-	-	-	-	-	-	-	-	-	-	-	-	-	-	-	-	-	-	-	-	-	-
dangos	-	-	dengys	-	-	-	-	-	-	-	-	-	-	-	-	-	-	-	-	-	-	-	-	-	-	-	-	-	-	-	-	-	-	-	-	-	-	-	-	-	-	-	-
dannod	danodaf	-	-	-	-	-	-	-	-	-	-	-	-	-	-	-	-	-	-	-	-	-	-	-	-	-	-	-	-	-	-	-	-	-	-	-	-	-	-	-	-	-	-
darfudo	-	-	darfuda	-	-	-	-	-	-	-	-	-	-	-	-	-	-	-	-	-	-	-	-	-	-	-	-	-	darfudwn	darfudit	darfudai	darfudem	darfudech	darfudent	-	darfuda	-	-	-	-	-	-	darfudadwy
darganfod	darganfyddaf	darganfyddi	darganfydd	darganfyddwn	darganfyddwch	darganfyddant	darganfyddir	darganfyddwn	darganfyddit	darganfyddai	darganfyddem	darganfyddech	darganfyddent	darganfyddid	darganfyddais	darganfuost	darganfu	darganfuom	darganfuoch	darganfuant	darganfuwyd	darganfuaswn	darganfuasit	darganfuasai	darganfuasem	darganfuasech	darganfuasent	darganfuasid	darganfyddwyf	darganfyddych	darganfyddo	darganfyddom	darganfyddoch	darganfyddont	darganfydder	darganfydda	darganfydded	darganfyddwn	darganfyddwch	darganfyddent	darganfydder	-	darganfyddadwy
dargludo	-	-	dargluda	-	-	-	-	-	-	-	-	-	-	-	-	-	-	-	-	-	-	-	-	-	-	-	-	-	dargludwn	dargludit	dargludai	dargludem	dargludech	dargludent	-	dargluda	-	-	-	-	-	-	dargludadwy
darlithio	-	darlithi	darlithia	-	-	-	darlithir	-	darlithit	-	-	-	-	darlithid	-	-	-	-	-	-	-	-	-	-	-	-	-	-	-	darlithiech	-	-	-	-	-	darlithia	-	-	-	-	-	-	darlithiadwy
darllan	darllenaf	-	-	-	-	-	-	-	-	-	-	-	-	-	-	-	-	-	-	-	-	-	-	-	-	-	-	-	-	-	-	-	-	-	-	-	-	-	-	-	-	-	-
darlledu	-	-	-	-	-	-	-	-	-	-	-	-	-	-	-	-	-	-	-	-	-	-	-	-	-	-	-	-	darlledwn	darlledit	darlledai	darlledem	darlledech	darlledent	-	-	-	-	-	-	-	-	darlledadwy
darlunio	-	darlunni	darlunia	-	-	-	darlunnir	-	darlunit	-	-	-	-	darlunnid	-	-	-	-	-	-	-	-	-	-	-	-	-	-	-	darluniech	-	-	-	-	-	darlunia	-	-	-	-	-	-	-
darogan	-	darogeni	darogana	-	-	-	darogenir	-	-	-	-	-	-	-	darogenais	darogenaist	-	-	-	-	-	-	-	-	-	-	-	-	daroganwn	daroganit	daroganai	daroganem	daroganech	daroganent	-	darogana	-	-	-	-	-	-	daroganadwy
darostwng	darostyngaf	darostyngi	-	darostyngwn	darostyngwch	darostyngant	darostyngir	-	-	-	-	-	-	-	darostyngais	darostyngaist	darostyngodd	darostyngasom	darostyngasoch	darostyngasant	darostyngwyd	darostyngaswn	darostyngasit	darostyngasai	darostyngasem	darostyngasech	darostyngasent	darostyngasid	darostyngwn	darostyngit	darostyngai	darostyngem	darostyngech	darostyngent	darostynger	-	darostynged	darostyngwn	darostyngwch	darostyngent	darostynger	-	darostyngadwy
datblygu	-	-	datblyga	-	-	-	-	-	-	-	-	-	-	-	-	-	-	-	-	-	-	-	-	-	-	-	-	-	datblygwn	datblygit	datblygai	datblygem	datblygech	datblygent	-	datblyga	-	-	-	-	-	-	datblygadwy
datgan	-	datgeni	datgana	-	-	-	datgenir	-	-	-	-	-	-	-	datgenais	datgenaist	-	-	-	-	-	-	-	-	-	-	-	-	datganwn	datganit	datganai	datganem	datganech	datganent	-	datgana	-	-	-	-	-	-	datganadwy
datgelu	-	-	datgela	-	-	-	-	-	-	-	-	-	-	-	-	-	-	-	-	-	-	-	-	-	-	-	-	-	datgelwn	datgelit	datgelai	datgelem	datgelech	datgelent	-	datgela	-	-	-	-	-	-	datgeladwy
datglymu	-	-	datglyma	-	-	-	-	-	-	-	-	-	-	-	-	-	-	-	-	-	-	-	-	-	-	-	-	-	datglymwn	datglymit	datglymai	datglymem	datglymech	datglyment	-	datglyma	-	-	-	-	-	-	datglymadwy
datguddio	-	datguddi	datguddia	-	-	-	datguddir	-	datguddit	-	-	-	-	datguddid	-	-	-	-	-	-	-	-	-	-	-	-	-	-	-	datguddiech	-	-	-	-	-	datguddia	-	-	-	-	-	-	datguddiadwy
datgysylltu	-	-	datgysyllta	-	-	-	-	-	-	-	-	-	-	-	-	-	-	-	-	-	-	-	-	-	-	-	-	-	datgysylltwn	datgysylltit	datgysylltai	datgysylltem	datgysylltech	datgysylltent	-	datgysyllta	-	-	-	-	-	-	datgysylltadwy
datgywasgu	-	datywesgi	datywasga	datywasgwn	datywasgwch	datywasgant	datywesgir	-	-	-	-	-	-	-	datywesgais	datywesgaist	datywasgodd	datywasgasom	datywasgasoch	datywasgasant	datywasgwyd	datywasgaswn	datywasgasit	datywasgasai	datywasgasem	datywasgasech	datywasgasent	datywasgasid	datywasgwn	datywasgit	datywasgai	datywasgem	datywasgech	datywasgent	datywasger	datywasga	datywasged	datywasgwn	datywasgwch	datywasgent	datywasger	-	datywasgadwy
dathlu	-	-	-	-	-	-	-	-	-	-	-	-	-	-	-	-	e	-	-	-	-	-	-	-	-	-	-	-	-	-	-	-	-	-	-	dathla	-	-	-	-	-	-	-
datod	-	-	datoda	-	-	-	-	-	-	-	-	-	-	-	-	-	-	-	-	-	-	-	-	-	-	-	-	-	datodwn	datodit	datodai	datodem	datodech	datodent	-	datoda	-	-	-	-	-	-	datodadwy
datrys	-	-	detrys	-	-	-	-	-	-	-	-	-	-	-	-	-	-	-	-	-	-	-	-	-	-	-	-	-	datryswn	datrysit	datrysai	datrysem	datrysech	datrysent	-	-	-	-	-	-	-	-	datrysadwy
dawnsio	-	dawnsi	dawnsia	-	-	-	dawnsir	-	dawnsit	-	-	-	-	dawnsid	-	-	-	-	-	-	-	-	-	-	-	-	-	-	-	dawnsiech	-	-	-	-	-	dawnsia	-	-	-	-	-	-	-
de-glicio	-	de-glici	de-glicia	-	-	-	de-glicir	-	de-glicit	-	-	-	-	de-glicid	-	-	-	-	-	-	-	-	-	-	-	-	-	-	-	de-gliciech	-	-	-	-	-	de-glicia	-	-	-	-	-	-	de-gliciadwy
dechrau	dechreuaf	dechreui	dechrau	dechreuwn	dechreuwch	dechreuant	dechreuir	dechreuwn	dechreuit	dechreuai	dechreuem	dechreuech	dechreuent	dechreuid	dechreuais	dechreuaist	dechreuodd	dechreuasom	dechreuasoch	dechreuasant	dechreuwyd	dechreuaswn	dechreuasit	dechreuasai	dechreuasem	dechreuasech	dechreuasent	dechreuasid	dechreuwyf	dechreuych	dechreuo	dechreuom	dechreuoch	dechreuont	dechreuer	dechrau	dechreued	dechreuwn	dechreuwch	dechreuent	dechreuer	-	dechreuedig
deddfu	-	-	deddfa	-	-	-	-	-	-	-	-	-	-	-	-	-	-	-	-	-	-	-	-	-	-	-	-	-	deddfwn	deddfit	deddfai	deddfem	deddfech	deddfent	-	deddfa	-	-	-	-	-	-	deddfadwy
deffro	deffroaf	deffroi	deffroa	deffrown	deffrowch	deffrônt	deffroir	-	-	-	-	-	-	-	deffrois	deffroist	deffroes	deffroesom	deffroesoch	deffroesant	deffrowyd	deffroeswn	deffroesit	deffroesai	deffroesem	deffroesech	deffroesent	deffroesid	deffrown	deffroit	deffroai	deffroem	deffroech	deffroent	deffroer	deffra	deffroed	deffrown	deffrowch	deffroent	deffroer	deffroi	deffroadwy
defnyddio	-	defnyddi	defnyddia	-	-	-	defnyddir	-	defnyddit	-	-	-	-	defnyddid	-	-	-	-	-	-	-	-	-	-	-	-	-	-	-	defnyddiech	-	-	-	-	-	defnyddia	-	-	-	-	-	-	defnyddedig
degoli	-	-	degola	-	-	-	-	-	-	-	-	-	-	-	-	-	-	-	-	-	-	-	-	-	-	-	-	-	degolwn	degolit	degolai	degolem	degolech	degolent	-	degola	-	-	-	-	-	-	degoladwy
deholi	-	-	dehola	-	-	-	-	-	-	-	-	-	-	-	-	-	-	-	-	-	-	-	-	-	-	-	-	-	deholwn	deholit	deholai	deholem	deholech	deholent	-	dehola	-	-	-	-	-	-	deholadwy
deifio	-	deifi	daif	-	-	-	deifir	-	deifit	-	-	-	-	deifid	-	-	-	-	-	-	-	-	-	-	-	-	-	-	-	deifiech	-	-	-	-	-	daif	-	-	-	-	-	-	deifiadwy
deilio	-	deili	deilia	-	-	-	deilir	-	deilit	-	-	-	-	deilid	-	-	-	-	-	-	-	-	-	-	-	-	-	-	-	deiliech	-	-	-	-	-	deilia	-	-	-	-	-	-	deiliadwy
deillio	-	deilli	deillia	-	-	-	deillir	-	deillit	-	-	-	-	deillid	-	-	-	-	-	-	-	-	-	-	-	-	-	-	-	deilliech	-	-	-	-	-	deillia	-	-	-	-	-	-	deilliadwy
delio	-	deli	delia	-	-	-	delir	-	delit	-	-	-	-	delid	-	-	-	-	-	-	-	-	-	-	-	-	-	-	-	deliech	-	-	-	-	-	delia	-	-	-	-	-	-	deliadwy
denu	-	-	-	-	-	-	-	-	-	-	-	-	-	-	-	-	e	-	-	-	-	-	-	-	-	-	-	-	-	-	-	-	-	-	-	dena	-	-	-	-	-	-	-
deor	dehoraf	-	-	-	-	-	-	-	-	-	-	-	-	-	-	-	-	-	-	-	-	-	-	-	-	-	-	-	-	-	-	-	-	-	-	-	-	-	-	-	-	-	-
derbyn	derbyniaf	derbynni	-	derbyniwn	derbyniwch	derbyniant	derbynnir	derbyniwn	-	derbyniai	derbyniem	derbyniech	derbynient	-	derbyniais	derbyniaist	derbyniodd	derbyniasom	derbyniasoch	derbyniasant	derbyniwyd	derbyniaswn	derbyniasit	derbyniasai	derbyniasem	derbyniasech	derbyniasent	derbyniasid	derbyniwyf	derbyniech	derbynio	derbyniom	derbynioch	derbyniont	derbynier	derbynia	derbynied	derbyniwn	derbyniwch	derbynient	derbynier	-	-
deud	dudaf	-	-	-	-	-	-	-	-	-	-	-	-	-	-	-	e	-	-	-	-	-	-	-	-	-	-	-	-	-	-	-	-	-	-	duda	-	-	dudwch	-	-	-	-
dewis	-	-	-	-	-	-	-	-	-	-	-	-	-	-	-	-	-	-	-	-	-	-	-	-	-	-	-	-	dewiswn	dewisit	dewisai	dewisem	dewisech	dewisent	-	-	-	-	-	-	-	-	dewisadwy
dial	-	dieli	-	-	-	-	dielir	-	-	-	-	-	-	-	dielais	dielaist	-	-	-	-	-	-	-	-	-	-	-	-	dialwn	dialit	dialai	dialem	dialech	dialent	-	-	-	-	-	-	-	-	dialadwy
dianc	dihangaf	dihengi	diainc	dihangwn	dihangwch	dihangant	dihengir	-	-	-	-	-	-	-	dihengais	dihengaist	dihangodd	diangasom	diangasoch	diangasant	dihangwyd	diangaswn	diangasit	diangasai	diangasem	diangasech	diangasent	diangasid	dihangwn	dihangit	dihangai	dihangem	dihangech	dihangent	dihanger	-	dihanged	dihangwn	dihangwch	dihangent	dihanger	-	diangadwy
diarddel	-	-	-	-	-	-	-	-	-	-	-	-	-	-	-	-	-	-	-	-	-	-	-	-	-	-	-	-	diarddelwn	diarddelit	diarddelai	diarddelem	diarddelech	diarddelent	-	-	-	-	-	-	-	-	diarddeladwy
dibennu	di-bennaf	-	dibenna	-	-	-	-	-	-	-	-	-	-	-	-	-	-	dibenasom	dibenasoch	dibenasant	-	dibenaswn	dibenasit	dibenasai	dibenasem	dibenasech	dibenasent	dibenasid	dibennwn	dibennit	dibennai	dibennem	dibennech	dibennent	-	dibenna	-	-	-	-	-	-	dibenadwy
diboblogi	-	-	dibobloga	-	-	-	-	-	-	-	-	-	-	-	-	-	-	-	-	-	-	-	-	-	-	-	-	-	diboblogwn	diboblogit	diboblogai	diboblogem	diboblogech	diboblogent	-	dibobloga	-	-	-	-	-	-	diboblogadwy
dibynnu	-	-	dibynna	-	-	-	-	-	-	-	-	-	-	-	-	-	-	dibynasom	dibynasoch	dibynasant	-	dibynaswn	dibynasit	dibynasai	dibynasem	dibynasech	dibynasent	dibynasid	dibynnwn	dibynnit	dibynnai	dibynnem	dibynnech	dibynnent	-	dibynna	-	-	-	-	-	-	dibynadwy
diddanu	-	diddeni	diddana	-	-	-	diddenir	-	-	-	-	-	-	-	diddenais	diddenaist	-	-	-	-	-	-	-	-	-	-	-	-	diddanwn	diddanit	diddanai	diddanem	diddanech	diddanent	-	diddana	-	-	-	-	-	-	diddanadwy
diddofi	-	-	-	-	-	-	-	-	-	-	-	-	-	-	-	-	e	-	-	-	-	-	-	-	-	-	-	-	-	-	-	-	-	-	-	diddofa	-	-	-	-	-	-	-
diddori	-	-	diddora	-	-	-	-	-	-	-	-	-	-	-	-	-	-	-	-	-	-	-	-	-	-	-	-	-	diddorwn	diddorit	diddorai	diddorem	diddorech	diddorent	-	diddora	-	-	-	-	-	-	diddoradwy
diddyfnu	-	-	diddyfna	-	-	-	-	-	-	-	-	-	-	-	-	-	-	-	-	-	-	-	-	-	-	-	-	-	diddyfnwn	diddyfnit	diddyfnai	diddyfnem	diddyfnech	diddyfnent	-	diddyfna	-	-	-	-	-	-	diddyfnadwy
diddymu	-	-	diddyma	-	-	-	-	-	-	-	-	-	-	-	-	-	-	-	-	-	-	-	-	-	-	-	-	-	diddymwn	diddymit	diddymai	diddymem	diddymech	diddyment	-	diddyma	-	-	-	-	-	-	diddymadwy
didolnodi	-	-	didonoda	-	-	-	-	-	-	-	-	-	-	-	-	-	-	-	-	-	-	-	-	-	-	-	-	-	didolnodwn	didolnodit	didolnodai	didolnodem	didolnodech	didolnodent	-	didolnoda	-	-	-	-	-	-	didolnodadwy
dienyddio	-	dienyddi	dienyddia	-	-	-	dienyddir	-	dienyddit	-	-	-	-	dienyddid	-	-	-	-	-	-	-	-	-	-	-	-	-	-	-	dienyddiech	-	-	-	-	-	dienydda	-	-	-	-	-	-	dienyddadwy
diferu	-	-	-	-	-	-	-	-	-	-	-	-	-	-	-	-	e	-	-	-	-	-	-	-	-	-	-	-	-	-	-	-	-	-	-	difera	-	-	-	-	-	-	-
difetha	-	-	difetha	-	-	-	-	-	-	-	-	-	-	-	-	-	-	-	-	-	-	-	-	-	-	-	-	-	-	-	-	-	-	-	-	difetha	-	-	-	-	-	-	-
diffodd	-	-	diffodda	-	-	-	-	-	-	-	-	-	-	-	-	-	-	-	-	-	-	-	-	-	-	-	-	-	diffoddwn	diffoddit	diffoddai	diffoddem	diffoddech	diffoddent	-	diffodda	-	-	-	-	-	-	diffoddadwy
diffreithio	diffeithiaf	-	-	-	-	-	-	-	-	-	-	-	-	-	-	-	-	-	-	-	-	-	-	-	-	-	-	-	-	-	-	-	-	-	-	-	-	-	-	-	-	-	-
diflannu	-	diflenni	diflanna	-	-	-	diflennir	-	-	-	-	-	-	-	diflennais	diflennaist	-	diflanasom	diflanasoch	diflanasant	-	diflanaswn	diflanasit	diflanasai	diflanasem	diflanasech	diflanasent	diflanasid	diflannwn	diflannit	diflannai	diflannem	diflannech	diflannent	-	diflanna	-	-	-	-	-	-	diflanadwy
diflasu	-	diflesi	diflasia	diflasiwn	diflasiwch	diflasiant	diflesir	diflasiwn	diflesit	diflasiai	diflasiem	diflasiech	diflasient	diflesid	diflesiais	diflesiaist	diflasiodd	diflasiasom	diflasiasoch	diflasiasant	diflasiwyd	diflasiaswn	diflasiasit	diflasiasai	diflasiasem	diflasiasech	diflasiasent	diflasiasid	diflasiwyf	diflesiech	diflasio	diflasiom	diflasioch	diflasiont	diflasier	diflasa	diflasied	diflasiwn	diflasiwch	diflasient	diflasier	-	diflasiadwy
diflino	-	divlini	divlina	divlinwn	divlinwch	divlinant	divlinir	-	-	-	-	-	-	-	divlinais	divlinaist	divlinodd	divlinasom	divlinasoch	divlinasant	divlinwyd	divlinaswn	divlinasit	divlinasai	divlinasem	divlinasech	divlinasent	divlinasid	divlinwn	divlinit	divlinai	divlinem	divlinech	divlinent	divliner	divlina	divlined	divlinwn	divlinwch	divlinent	divliner	-	divlinadwy
difodi	-	-	difoda	-	-	-	-	-	-	-	-	-	-	-	-	-	-	-	-	-	-	-	-	-	-	-	-	-	difodwn	difodit	difodai	difodem	difodech	difodent	-	difoda	-	-	-	-	-	-	difodadwy
difrodi	-	-	difroda	-	-	-	-	-	-	-	-	-	-	-	-	-	-	-	-	-	-	-	-	-	-	-	-	-	difrodwn	difrodit	difrodai	difrodem	difrodech	difrodent	-	difroda	-	-	-	-	-	-	-
difwyno	-	-	difwyna	-	-	-	-	-	-	-	-	-	-	-	-	-	-	-	-	-	-	-	-	-	-	-	-	-	difwynwn	difwynit	difwynai	difwynem	difwynech	difwynent	-	difwyna	-	-	-	-	-	-	difwynadwy
digalonni	-	-	digalonna	-	-	-	-	-	-	-	-	-	-	-	-	-	-	digalonasom	digalonasoch	digalonasant	-	digalonaswn	digalonasit	digalonasai	digalonasem	digalonasech	digalonasent	digalonasid	digalonnwn	digalonnit	digalonnai	digalonnem	digalonnech	digalonnent	-	digalonna	-	-	-	-	-	-	digalonadwy
digelu	-	-	digela	-	-	-	-	-	-	-	-	-	-	-	-	-	-	-	-	-	-	-	-	-	-	-	-	-	digelwn	digelit	digelai	digelem	digelech	digelent	-	digela	-	-	-	-	-	-	digeladwy
digideiddio	-	digideiddi	digideiddia	-	-	-	digideiddir	-	digideiddit	-	-	-	-	digideiddid	-	-	-	-	-	-	-	-	-	-	-	-	-	-	-	digideiddiech	-	-	-	-	-	digideiddia	-	-	-	-	-	-	digideiddiadwy
digoni	-	-	digona	-	-	-	-	-	-	-	-	-	-	-	-	-	-	-	-	-	-	-	-	-	-	-	-	-	digonwn	digonit	digonai	digonem	digonech	digonent	-	digona	-	-	-	-	-	-	digonadwy
digrifhau	digrifhaf	digrifhei	-	-	digrifhewch	digrifhânt	digrifheir	-	-	-	-	-	-	-	digrifheais	digrifheaist	-	digrifhasom	digrifhasoch	digrifhasant	-	digrifhaswn	digrifhasit	digrifhasai	digrifhasem	digrifhasech	digrifhasent	digrifhasid	digrifhawn	digrifhait	-	digrifhaem	digrifhaech	digrifhaent	-	-	-	-	digrifhewch	-	-	-	-
dihoeni	-	-	dihoena	-	-	-	-	-	-	-	-	-	-	-	-	-	-	-	-	-	-	-	-	-	-	-	-	-	dihoenwn	dihoenit	dihoenai	dihoenem	dihoenech	dihoenent	-	dihoena	-	-	-	-	-	-	dihoenadwy
dihuno	-	-	-	-	-	-	-	-	-	-	-	-	-	-	-	-	-	-	-	-	-	-	-	-	-	-	-	-	dihunwn	dihunit	dihunai	dihunem	dihunech	dihunent	-	-	-	-	-	-	-	-	dihunadwy
dileu	-	-	dilea	-	-	-	dilëir	-	-	-	-	-	-	dilëid	-	-	-	-	-	-	-	-	-	-	-	-	-	-	-	-	-	-	-	-	-	dilea	-	-	-	-	-	-	-
dinistrio	-	dinistri	dinistria	-	-	-	dinistrir	-	dinistrit	-	-	-	-	dinistrid	-	-	-	-	-	-	-	-	-	-	-	-	-	-	-	dinistriech	-	-	-	-	-	dinistria	-	-	-	-	-	-	dinistriadwy
dioddef	-	-	dioddefa	-	-	-	-	-	-	-	-	-	-	-	-	-	-	-	-	-	-	-	-	-	-	-	-	-	dioddefwn	dioddefit	dioddefai	dioddefem	dioddefech	dioddefent	-	dioddefa	-	-	-	-	-	-	dioddefadwy
diogelu	-	-	diogela	-	-	-	-	-	-	-	-	-	-	-	-	-	-	-	-	-	-	-	-	-	-	-	-	-	diogelwn	diogelit	diogelai	diogelem	diogelech	diogelent	-	diogela	-	-	-	-	-	-	diogeladwy
diogi	-	-	dioga	-	-	-	-	-	-	-	-	-	-	-	-	-	-	-	-	-	-	-	-	-	-	-	-	-	diogwn	diogit	diogai	diogem	diogech	diogent	-	dioga	-	-	-	-	-	-	diogadwy
diolch	-	-	-	-	-	-	-	-	-	-	-	-	-	-	-	-	-	-	-	-	-	-	-	-	-	-	-	-	-	-	-	-	-	-	-	diolcha	-	-	-	-	-	-	-
diota	-	-	diota	-	-	-	-	-	-	-	-	-	-	-	-	-	-	-	-	-	-	-	-	-	-	-	-	-	diotwn	diotit	diotai	diotem	diotech	diotent	-	diota	-	-	-	-	-	-	diotadwy
diraddio	-	direddi	diraddia	-	-	-	direddir	-	direddit	-	-	-	-	direddid	direddiais	direddiaist	-	-	-	-	-	-	-	-	-	-	-	-	-	direddiech	-	-	-	-	-	diraddia	-	-	-	-	-	-	diraddiadwy
dirgrynu	-	-	dirgryna	-	-	-	-	-	-	-	-	-	-	-	-	-	-	-	-	-	-	-	-	-	-	-	-	-	dirgrynwn	dirgrynit	dirgrynai	dirgrynem	dirgrynech	dirgrynent	-	dirgryna	-	-	-	-	-	-	dirgrynadwy
dirmygu	-	-	dirmyga	-	-	-	-	-	-	-	-	-	-	-	-	-	-	-	-	-	-	-	-	-	-	-	-	-	dirmygwn	dirmygit	dirmygai	dirmygem	dirmygech	dirmygent	-	dirmyga	-	-	-	-	-	-	dirmygadwy
dirymu	dirymuaf	-	-	-	-	-	-	-	-	-	-	-	-	-	-	-	-	-	-	-	-	-	-	-	-	-	-	-	-	-	-	-	-	-	-	-	-	-	-	-	-	-	-
disbyddu	-	-	disbydda	-	-	-	-	-	-	-	-	-	-	-	-	-	-	-	-	-	-	-	-	-	-	-	-	-	disbyddwn	disbyddit	disbyddai	disbyddem	disbyddech	disbyddent	-	disbydda	-	-	-	-	-	-	disbyddadwy
disgleirio	-	disgleiri	disgleiria	-	-	-	disgleirir	-	disgleirit	-	-	-	-	disgleirid	-	-	-	-	-	-	-	-	-	-	-	-	-	-	-	disgleiriech	-	-	-	-	-	disgleiria	-	-	-	-	-	-	disgleiriadwy
disgrifio	-	disgrifi	disgrifia	-	-	-	disgrifir	-	disgrifit	-	-	-	-	disgrifid	-	-	-	-	-	-	-	-	-	-	-	-	-	-	-	disgrifiech	-	-	-	-	-	disgrifia	-	-	-	-	-	-	disgrifiadwy
disgwyl	disgwyliaf	-	-	disgwyliwn	disgwyliwch	disgwyliant	-	disgwyliwn	-	disgwyliai	disgwyliem	disgwyliech	disgwylient	-	disgwyliais	disgwyliaist	disgwyliodd	disgwyliasom	disgwyliasoch	disgwyliasant	disgwyliwyd	disgwyliaswn	disgwyliasit	disgwyliasai	disgwyliasem	disgwyliasech	disgwyliasent	disgwyliasid	disgwyliwyf	disgwyliech	disgwylio	disgwyliom	disgwylioch	disgwyliont	disgwylier	-	disgwylied	disgwyliwn	disgwyliwch	disgwylient	disgwylier	-	disgwyliedig
disgyrchu	-	-	disgyrcha	-	-	-	-	-	-	-	-	-	-	-	-	-	-	-	-	-	-	-	-	-	-	-	-	-	disgyrchwn	disgyrchit	disgyrchai	disgyrchem	disgyrchech	disgyrchent	-	disgyrcha	-	-	-	-	-	-	disgyrchadwy
distewi	distewiaf	-	-	-	-	-	-	-	-	-	-	-	-	-	-	-	-	-	-	-	-	-	-	-	-	-	-	-	-	-	-	-	-	-	-	-	-	-	-	-	-	-	-
distryw	distrywaf	-	-	-	-	-	-	-	-	-	-	-	-	-	-	-	-	-	-	-	-	-	-	-	-	-	-	-	-	-	-	-	-	-	-	-	-	-	-	-	-	-	-
diswyddo	-	-	diswydda	-	-	-	-	-	-	-	-	-	-	-	-	-	-	-	-	-	-	-	-	-	-	-	-	-	diswyddwn	diswyddit	diswyddai	diswyddem	diswyddech	diswyddent	-	diswydda	-	-	-	-	-	-	diswyddadwy
ditio	-	diti	ditia	-	-	-	ditir	-	ditit	-	-	-	-	ditid	-	-	-	-	-	-	-	-	-	-	-	-	-	-	-	ditiech	-	-	-	-	-	ditia	-	-	-	-	-	-	ditiadwy
diwallu	-	diwelli	diwalla	-	-	-	diwellir	-	-	-	-	-	-	-	diwellais	diwellaist	-	-	-	-	-	-	-	-	-	-	-	-	diwallwn	diwallit	diwallai	diwallem	diwallech	diwallent	-	diwalla	-	-	-	-	-	-	diwalladwy
diweddaru	-	diwedderi	diweddara	-	-	-	diwedderir	-	-	-	-	-	-	-	diwedderais	diwedderaist	-	-	-	-	-	-	-	-	-	-	-	-	diweddarwn	diweddarit	diweddarai	diweddarem	diweddarech	diweddarent	-	diweddara	-	-	-	-	-	-	diweddaradwy
diweddu	diwedd	terfyni	terfyna	terfynwn	terfynwch	terfynant	terfynir	-	-	-	-	-	-	-	terfynais	terfynaist	e	terfynasom	terfynasoch	terfynasant	terfynwyd	terfynaswn	terfynasit	terfynasai	terfynasem	terfynasech	terfynasent	terfynasid	terfynwn	terfynit	terfynai	terfynem	terfynech	terfynent	terfyner	diwedda	terfyned	terfynwn	-	terfynent	terfyner	-	terfynadwy
diwygio	-	diwygi	-	-	-	-	diwygir	-	diwygit	-	-	-	-	diwygid	-	-	-	-	-	-	-	-	-	-	-	-	-	-	-	diwygiech	-	-	-	-	-	-	-	-	-	-	-	-	diwygiadwy
dod	deuaf	deui	daw	deuwn	deuwch	deuant	deuir	deuwn	deuet	deuai	deuem	deuech	deuent	deuid	deuthum	daethost	daeth	daethom	daethoch	daethant	daethpwyd	daethwn	daethit	daethai	daethem	daethech	daethent	daethid	delwn	delech	delai	delem	delech	delent	deler	dere	deled	deuwn	deuwch	delent	deler	-	dyfodol
dodi	-	-	dyd	-	-	-	-	-	-	-	-	-	-	-	-	-	-	-	-	-	-	-	-	-	-	-	-	-	-	-	-	-	-	-	-	-	-	-	-	-	-	-	dodedigdodadwy
dofi	-	-	dofi	dofiwn	dofiwch	dofiant	-	dofiwn	-	dofiai	dofiem	dofiech	dofient	-	dofiais	dofiaist	dofiodd	dofiasom	dofiasoch	dofiasant	dofiwyd	dofiaswn	dofiasit	dofiasai	dofiasem	dofiasech	dofiasent	dofiasid	dofiwyf	dofiech	dofio	dofiom	dofioch	dofiont	dofier	dofa	dofied	dofiwn	dofiwch	dofient	dofier	-	dofiadwy
dosbarthu	-	dosberthi	dosbartha	-	-	-	dosberthir	-	-	-	-	-	-	-	dosberthais	dosberthaist	-	-	-	-	-	-	-	-	-	-	-	-	dosbarthwn	dosbarthit	dosbarthai	dosbarthem	dosbarthech	dosbarthent	-	dosbartha	-	-	-	-	-	-	dosbarthadwy
dowcio	-	-	-	-	-	-	-	-	-	-	-	-	-	-	-	-	-	-	-	-	-	-	-	-	-	-	-	-	dowciwn	dowciit	dowciai	dowciem	dowciech	dowcient	-	-	-	-	-	-	-	-	dowciadwy
draenio	-	draeni	draenia	-	-	-	draenir	-	draenit	-	-	-	-	draenid	-	-	-	-	-	-	-	-	-	-	-	-	-	-	-	draeniech	-	-	-	-	-	draenia	-	-	-	-	-	-	draeniadwy
drewi	-	-	drewa	drewn	drewch	-	-	drewn	-	-	-	-	-	-	-	-	-	drewsom	drewsoch	drewsant	drewyd	drewswn	drewsit	drewsai	drewsem	drewsech	drewsent	drewsid	drewyf	-	-	-	-	-	-	drewa	-	drewn	drewch	-	-	-	drewadwy
drilio	-	drili	drilia	-	-	-	drilir	-	drilit	-	-	-	-	drilid	-	-	-	-	-	-	-	-	-	-	-	-	-	-	-	driliech	-	-	-	-	-	drilia	-	-	-	-	-	-	driliadwy
dringo	-	-	-	-	-	-	-	-	-	-	-	-	-	-	-	-	-	-	-	-	-	-	-	-	-	-	-	-	dringwn	dringit	dringai	dringem	dringech	dringent	-	-	-	-	-	-	-	-	dringadwy
drysu	-	-	drysa	-	-	-	-	-	-	-	-	-	-	-	-	-	-	-	-	-	-	-	-	-	-	-	-	-	dryswn	drysit	drysai	drysem	drysech	drysent	-	drysa	-	-	-	-	-	-	drysadwy
duo	-	-	-	düwn	düwch	-	-	düwn	-	-	-	-	-	-	-	-	-	-	-	-	-	-	-	-	-	-	-	-	-	-	-	-	-	-	-	-	-	düwn	düwch	-	-	-	duadwy
dweud	dywedaf	dywedi	dywed	dywedwn	dywedwch	dywedant	dywedir	dywedwn	dywedit	dywedai	dywedem	dywedech	dywedent	dywedid	dywedais	dywedaist	dywedodd	dywedasom	dywedasoch	dywedasant	dywedwyd	dywedaswn	dywedasit	dywedasai	dywedasem	dywedasech	dywedasent	dywedasid	dywedwyf	dywedych	dywedo	dywedom	dywedoch	dywedont	dyweder	dywed	dyweded	dywedwn	dywedwch	dywedent	dyweder	-	dywededig
dwyn	dygaf	dygi	dwg	dygwn	dygwch	dygant	dygir	-	-	-	-	-	-	-	dygais	dygaist	dygodd	dygasom	dygasoch	dygasant	dygwyd	dygaswn	dygasit	dygasai	dygasem	dygasech	dygasent	dygasid	dygwn	dygit	dygai	dygem	dygech	dygent	dyger	dwg	dyged	dygwn	dygwch	dygent	dyger	-	dygadwy
dwysáu	dwysâf	dwysei	dwysâ	dwysawn	dwysewch	dwysânt	dwyseir	-	-	-	-	-	-	-	dwyseais	dwyseaist	dwysaodd	dwysasom	dwysasoch	dwysasant	dwysawyd	dwysaswn	dwysasit	dwysasai	dwysasem	dwysasech	dwysasent	dwysasid	dwysawn	dwysait	dwysao	dwysaem	dwysaech	dwysaent	dwysaer	dwysâ	dwysaed	dwysawn	dwysewch	dwysaent	dwysaer	-	dwysadwy
dyblu	-	-	dybla	-	-	-	-	-	-	-	-	-	-	-	-	-	-	-	-	-	-	-	-	-	-	-	-	-	dyblwn	dyblit	dyblai	dyblem	dyblech	dyblent	-	dybla	-	-	-	-	-	-	dybladwy
dychanu	-	dycheni	-	-	-	-	dychenir	-	-	-	-	-	-	-	dychenais	dychenaist	-	-	-	-	-	-	-	-	-	-	-	-	dychanwn	dychanit	dychanai	dychanem	dychanech	dychanent	-	-	-	-	-	-	-	-	dychanadwy
dychlamu	-	dychlemi	dychlama	-	-	-	dychlemir	-	-	-	-	-	-	-	dychlemais	dychlemaist	-	-	-	-	-	-	-	-	-	-	-	-	dychlamwn	dychlamit	dychlamai	dychlamem	dychlamech	dychlament	-	dychlama	-	-	-	-	-	-	dychlamadwy
dychmygu	-	-	dychmyga	-	-	-	-	-	-	-	-	-	-	-	-	-	-	-	-	-	-	-	-	-	-	-	-	-	dychmygwn	dychmygit	dychmygai	dychmygem	dychmygech	dychmygent	-	dychmyga	-	-	-	-	-	-	dychmygadwy
dychryn	-	-	-	-	-	-	-	-	-	-	-	-	-	-	-	-	-	-	-	-	-	-	-	-	-	-	-	-	dychrynwn	dychrynit	dychrynai	dychrynem	dychrynech	dychrynent	-	-	-	-	-	-	-	-	dychrynadwy
dychweld	dychwelaf	-	-	-	-	-	-	-	-	-	-	-	-	-	-	-	-	-	-	-	-	-	-	-	-	-	-	-	-	-	-	-	-	-	-	-	-	-	-	-	-	-	-
dychwelyd	dychwelaf	dychweli	dychwel	dychwelwn	dychwelwch	dychwelant	dychwelir	dychwelwn	dychwelit	dychwelai	dychwelem	dychwelech	dychwelent	dychwelid	dychwelais	dychwelaist	dychwelodd	dychwelasom	dychwelasoch	dychwelasant	dychwelwyd	dychwelaswn	dychwelasit	dychwelasai	dychwelasem	dychwelasech	dychwelasent	dychwelasid	dychwelwyf	dychwelych	dychwelo	dychwelom	dychweloch	dychwelont	dychweler	dychwel	dychweled	dychwelwn	dychwelwch	dychwelent	dychweler	-	dychweledig
dyddio	-	dyddi	dyddia	-	-	-	dyddir	-	dyddit	-	-	-	-	dyddid	-	-	-	-	-	-	-	-	-	-	-	-	-	-	-	dyddiech	-	-	-	-	-	dyddia	-	-	-	-	-	-	dyddiadwy
dyddodi	-	-	dyddoda	-	-	-	-	-	-	-	-	-	-	-	-	-	-	-	-	-	-	-	-	-	-	-	-	-	dyddodwn	dyddodit	dyddodai	dyddodem	dyddodech	dyddodent	-	dyddoda	-	-	-	-	-	-	dyddodadwy
dyfalu	-	dyfeli	dyfala	-	-	-	dyfelir	-	-	-	-	-	-	-	dyfelais	dyfelaist	-	-	-	-	-	-	-	-	-	-	-	-	dyfalwn	dyfalit	dyfalai	dyfalem	dyfalech	dyfalent	-	dyfala	-	-	-	-	-	-	dyfaladwy
dyfarnu	-	dyferni	dyfarna	-	-	-	dyfernir	-	-	-	-	-	-	-	dyfernais	dyfernaist	-	-	-	-	-	-	-	-	-	-	-	-	dyfarnwn	dyfarnit	dyfarnai	dyfarnem	dyfarnech	dyfarnent	-	dyfarna	-	-	-	-	-	-	dyfarnadwy
dyfnhau	dyfnhaf	dyfnhei	-	-	dyfnhewch	dyfnhânt	dyfnheir	-	-	-	-	-	-	-	dyfnheais	dyfnheaist	-	dyfnhasom	dyfnhasoch	dyfnhasant	-	dyfnhaswn	dyfnhasit	dyfnhasai	dyfnhasem	dyfnhasech	dyfnhasent	dyfnhasid	dyfnhawn	dyfnhait	-	dyfnhaem	dyfnhaech	dyfnhaent	-	-	-	-	dyfnheuwch	-	-	-	dyfnhadwy
dyfnu	-	-	dyfna	-	-	-	-	-	-	-	-	-	-	-	-	-	-	-	-	-	-	-	-	-	-	-	-	-	dyfnwn	dyfnit	dyfnai	dyfnem	dyfnech	dyfnent	-	dyfna	-	-	-	-	-	-	dyfnadwy
dyframaethu	-	-	dyframaetha	-	-	-	-	-	-	-	-	-	-	-	-	-	-	-	-	-	-	-	-	-	-	-	-	-	dyframaethwn	dyframaethit	dyframaethai	dyframaethem	dyframaethech	dyframaethent	-	dyframaetha	-	-	-	-	-	-	dyframaethadwy
dyheu	-	-	dyhea	dyhëwn	dyhëwch	-	dyhëir	dyhëwn	-	-	-	-	-	dyhëid	-	-	-	-	-	-	dyhëwyd	-	-	-	-	-	-	-	dyhëwyf	-	-	-	-	-	-	dyhea	-	dyhëwn	-	-	-	-	dyheadwy
dylanwadu	-	-	-	-	-	-	-	-	-	-	-	-	-	-	-	-	-	-	-	-	-	-	-	-	-	-	-	-	dylanwadwn	dylanwadit	dylanwadai	dylanwadem	dylanwadech	dylanwadent	-	-	-	-	-	-	-	-	dylanwadadwy
dylu	-	-	-	-	-	-	-	-	dylet	-	-	-	-	-	-	-	e	-	-	-	-	-	-	-	-	-	-	-	-	-	-	-	-	-	-	dyla	-	-	-	-	-	-	dyladwy
dylunio	darluniaf	darlunni	darlunia	darluniwn	darluniwch	darluniant	darlunnir	darluniwn	darlunnit	darluniai	darluniem	darluniech	darlunient	darlunnid	darluniais	darluniaist	darluniodd	darluniasom	darluniasoch	darluniasant	darluniwyd	darluniaswn	darluniasit	darluniasai	darluniasem	darluniasech	darluniasent	darluniasid	darluniwyf	darluniech	darlunio	darluniom	darlunioch	darluniont	darlunier	darlunia	darlunied	darluniwn	darluniwch	darlunient	darlunier	-	darluniadwy
dymchwel	-	-	-	-	-	-	-	-	-	-	-	-	-	-	-	-	-	-	-	-	-	-	-	-	-	-	-	-	dymchwelwn	dymchwelit	dymchwelai	dymchwelem	dymchwelech	dymchwelent	-	-	-	-	-	-	-	-	dymchweladwy
dymchwelyd	dymchwelaf	dymchweli	dymchwel	dymchwelwn	dymchwelwch	dymchwelant	dymchwelir	-	-	-	-	-	-	-	dymchwelais	dymchwelaist	dymchwelodd	dymchwelasom	dymchwelasoch	dymchwelasant	dymchwelwyd	dymchwelaswn	dymchwelasit	dymchwelasai	dymchwelasem	dymchwelasech	dymchwelasent	dymchwelasid	dymchwelwn	dymchwelit	dymchwelai	dymchwelem	dymchwelech	dymchwelent	dymchweler	dymchwel	dymchweled	dymchwelwn	dymchwelwch	dymchwelent	dymchweler	-	dymchweladwy
dymuno	-	-	dymuna	-	-	-	-	-	-	-	-	-	-	-	-	-	-	-	-	-	-	-	-	-	-	-	-	-	dymunwn	dymunit	dymunai	dymunem	dymunech	dymunent	-	dymuna	-	-	-	-	-	-	dymunadwy
dynesu	-	-	dynesa	-	-	-	-	-	-	-	-	-	-	-	-	-	-	-	-	-	-	-	-	-	-	-	-	-	dyneswn	dynesit	dynesai	dynesem	dynesech	dynesent	-	dynesa	-	-	-	-	-	-	dynesadwy
dynodi	-	-	dynoda	-	-	-	-	-	-	-	-	-	-	-	-	-	-	-	-	-	-	-	-	-	-	-	-	-	dynodwn	dynodit	dynodai	dynodem	dynodech	dynodent	-	dynoda	-	-	-	-	-	-	dynodadwy
dynwared	-	-	-	-	-	-	-	-	-	-	-	-	-	-	-	-	-	-	-	-	-	-	-	-	-	-	-	-	dynwaredwn	dynwaredit	dynwaredai	dynwaredem	dynwaredech	dynwaredent	-	-	-	-	-	-	-	-	dynwaredadwy
dyrchafu	-	dyrchefi	dyrchafa	-	-	-	dyrchefir	-	-	-	-	-	-	-	dyrchefais	dyrchefaist	-	-	-	-	-	-	-	-	-	-	-	-	dyrchafwn	dyrchafit	dyrchafai	dyrchafem	dyrchafech	dyrchafent	-	dyrchafa	-	-	-	-	-	-	dyrchafadwy
dyrnu	-	-	-	-	-	-	-	-	-	-	-	-	-	-	-	-	-	-	-	-	-	-	-	-	-	-	-	-	dyrnwn	dyrnit	dyrnai	dyrnem	dyrnech	dyrnent	-	dyrna	-	-	-	-	-	-	dyrnadwy
dyrysu	-	-	dyrysa	-	-	-	-	-	-	-	-	-	-	-	-	-	-	-	-	-	-	-	-	-	-	-	-	-	dyryswn	dyrysit	dyrysai	dyrysem	dyrysech	dyrysent	-	dyrysa	-	-	-	-	-	-	dyrysadwy
dyweddïo	dyweddiaf	dyweddii	dyweddia	dyweddiwn	dyweddiwch	dyweddiant	dyweddiir	dyweddiwn	dyweddiit	dyweddiai	dyweddiem	dyweddiech	dyweddient	dyweddiid	dyweddiais	dyweddiaist	dyweddiodd	dyweddiasom	dyweddiasoch	dyweddiasant	dyweddiwyd	dyweddiaswn	dyweddiasit	dyweddiasai	dyweddiasem	dyweddiasech	dyweddiasent	dyweddiasid	dyweddiwyf	dyweddiech	dyweddio	dyweddiom	dyweddioch	dyweddiont	dyweddier	dyweddia	dyweddied	dyweddiwn	dyweddiwch	dyweddient	dyweddier	-	dyweddiadwy
e-bostio	ebostiaf	ebosti	ebostia	ebostiwn	ebostiwch	ebostiant	ebostir	ebostiwn	ebostit	ebostiai	ebostiem	ebostiech	ebostient	ebostid	ebostiais	ebostiaist	e	ebostiasom	ebostiasoch	ebostiasant	ebostiwyd	ebostiaswn	ebostiasit	ebostiasai	ebostiasem	ebostiasech	ebostiasent	ebostiasid	ebostiwyf	ebostiech	ebostio	ebostiom	ebostioch	ebostiont	ebostier	ebostia	ebostied	ebostiwn	ebostiwch	ebostient	ebostier	-	ebostadwy
ebychu	-	-	ebycha	-	-	-	-	-	-	-	-	-	-	-	-	-	e	-	-	-	-	-	-	-	-	-	-	-	ebychwn	ebychit	ebychai	ebychem	ebychech	ebychent	-	ebycha	-	-	-	-	-	-	ebychadwy
echdorri	-	-	echdorra	-	-	-	-	-	-	-	-	-	-	-	-	-	e	echdorasom	echdorasoch	echdorasant	-	echdoraswn	echdorasit	echdorasai	echdorasem	echdorasech	echdorasent	echdorasid	echdorrwn	echdorrit	echdorrai	echdorrem	echdorrech	echdorrent	-	echdorra	-	-	-	-	-	-	echdoradwy
edfryd	adferaf	adferi	adfera	adferwn	adferwch	adferant	adferir	-	-	-	-	-	-	-	adferais	adferaist	adferodd	adferasom	adferasoch	adferasant	adferwyd	adferaswn	adferasit	adferasai	adferasem	adferasech	adferasent	adferasid	adferwn	adferit	adferai	adferem	adferech	adferent	adferer	adfer	adfered	adferwn	adferwch	adferent	adferer	-	adferadwy
edifaru	-	-	-	-	-	-	-	-	-	-	-	-	-	-	-	-	e	-	-	-	-	-	-	-	-	-	-	-	-	-	-	-	-	-	-	edifara	-	-	-	-	-	-	-
edliw	edliwiaf	edliwi	edliwi	edliwiwn	edliwiwch	edliwiant	edliwir	edliwiwn	edliwit	edliwiai	edliwiem	edliwiech	edliwient	edliwid	edliwiais	edliwiaist	edliwiodd	edliwiasom	edliwiasoch	edliwiasant	edliwiwyd	edliwiaswn	edliwiasit	edliwiasai	edliwiasem	edliwiasech	edliwiasent	edliwiasid	edliwiwyf	edliwiech	edliwio	edliwiom	edliwioch	edliwiont	edliwier	edliwi	edliwied	edliwiwn	edliwiwch	edliwient	edliwier	-	edliwiedig
edmygu	-	-	-	-	-	-	-	-	-	-	-	-	-	-	-	-	e	-	-	-	-	-	-	-	-	-	-	-	-	-	-	-	-	-	-	edmyga	-	-	-	-	-	-	-
edrych	-	-	-	-	-	-	-	-	-	-	-	-	-	-	-	-	e	-	-	-	-	-	-	-	-	-	-	-	edrychwn	edrychit	edrychai	edrychem	edrychech	edrychent	-	drycha	-	-	drychwch	-	-	-	-
efengylu	-	-	efengyla	-	-	-	-	-	-	-	-	-	-	-	-	-	e	-	-	-	-	-	-	-	-	-	-	-	efengylwn	efengylit	efengylai	efengylem	efengylech	efengylent	-	efengyla	-	-	-	-	-	-	efengyladwy
effeithio	-	effeithi	effeithia	-	-	-	effeithir	-	effeithit	-	-	-	-	effeithid	-	-	e	-	-	-	-	-	-	-	-	-	-	-	-	effeithiech	-	-	-	-	-	effeithia	-	-	-	-	-	-	effeithiadwy
egino	-	-	egina	-	-	-	-	-	-	-	-	-	-	-	-	-	e	-	-	-	-	-	-	-	-	-	-	-	eginwn	eginit	eginai	eginem	eginech	eginent	-	egina	-	-	-	-	-	-	eginadwy
egluro	eɡluraf	-	-	-	-	-	-	-	-	-	-	-	-	-	-	-	-	-	-	-	-	-	-	-	-	-	-	-	-	-	-	-	-	-	-	-	-	-	-	-	-	-	-
ehangu	-	ehengi	ehanga	-	-	-	ehengir	-	-	-	-	-	-	-	ehengais	ehengaist	e	eangasom	eangasoch	eangasant	-	eangaswn	eangasit	eangasai	eangasem	eangasech	eangasent	eangasid	ehangwn	ehangit	ehangai	ehangem	ehangech	ehangent	-	ehanga	-	-	-	-	-	-	eangadwy
eillio	deilliaf	eilli	eillia	-	-	-	eillir	-	eillit	-	-	-	-	eillid	-	-	e	-	-	-	-	-	-	-	-	-	-	-	-	eilliech	-	-	-	-	-	eillia	-	-	-	-	-	-	eilliadwy
eirina	-	-	eirina	-	-	-	-	-	-	-	-	-	-	-	-	-	e	-	-	-	-	-	-	-	-	-	-	-	eirinwn	eirinit	eirinai	eirinem	eirinech	eirinent	-	eirina	-	-	-	-	-	-	eirinadwy
eiriol	-	-	-	-	-	-	-	-	-	-	-	-	-	-	-	-	e	-	-	-	-	-	-	-	-	-	-	-	eiriolwn	eiriolit	eiriolai	eiriolem	eiriolech	eiriolent	-	-	-	-	-	-	-	-	eirioladwy
eistedd	-	-	eistedda	-	-	-	-	-	-	-	-	-	-	-	-	-	-	-	-	-	-	-	-	-	-	-	-	-	-	-	-	-	-	-	-	eistedda	-	-	-	-	-	-	-
eisteddfota	-	-	eisteddfota	-	-	-	-	-	-	-	-	-	-	-	-	-	e	-	-	-	-	-	-	-	-	-	-	-	eisteddfotwn	eisteddfotit	eisteddfotai	eisteddfotem	eisteddfotech	eisteddfotent	-	eisteddfota	-	-	-	-	-	-	eisteddfotadwy
eithrio	eithraf	eithri	-	-	-	-	eithrir	-	eithrit	-	-	-	-	eithrid	-	-	e	-	-	-	-	-	-	-	-	-	-	-	-	eithriech	-	-	-	-	-	-	-	-	-	-	-	-	eithriadwy
elfennu	elfenaf	-	elfenna	-	-	-	-	-	-	-	-	-	-	-	-	-	e	elfenasom	elfenasoch	elfenasant	-	elfenaswn	elfenasit	elfenasai	elfenasem	elfenasech	elfenasent	elfenasid	elfennwn	elfennit	elfennai	elfennem	elfennech	elfennent	-	elfenna	-	-	-	-	-	-	elfenadwy
elwa	-	-	elwa	elwn	elwch	-	-	elwn	-	-	-	-	-	-	-	-	-	elwsom	elwsoch	elwsant	elwyd	elwswn	elwsit	elwsai	elwsem	elwsech	elwsent	elwsid	elwyf	-	-	-	-	-	-	elwa	-	elwn	elwch	-	-	-	elwedigelwadwy
enjoio	-	-	-	-	-	-	-	-	-	-	-	-	-	-	-	-	-	-	-	-	-	-	-	-	-	-	-	-	enjoiwn	enjoiit	enjoiai	enjoiem	enjoiech	enjoient	-	-	-	-	-	-	-	-	enjoiadwy
ennill	enillaf	enilli	-	enillwn	enillwch	enillant	enillir	enillwn	enillit	enillai	enillem	enillech	enillent	enillid	enillais	enillaist	enillodd	enillasom	enillasoch	enillasant	enillwyd	enillaswn	enillasit	enillasai	enillasem	enillasech	enillasent	enillasid	enillwyf	enillych	enillo	enillom	enilloch	enillont	eniller	-	enilled	enillwn	enillwch	enillent	eniller	-	enilledig
enrhifo	-	-	-	-	-	-	-	-	-	-	-	-	-	-	-	-	e	-	-	-	-	-	-	-	-	-	-	-	enrhifwn	enrhifit	enrhifai	enrhifem	enrhifech	enrhifent	-	-	-	-	-	-	-	-	enrhifadwy
enwi	-	-	enwa	enwn	enwch	-	-	enwn	-	-	-	-	-	-	-	-	e	-	-	-	enwyd	-	-	-	-	-	-	-	enwyf	-	-	-	-	-	-	enwa	-	enwn	enwch	-	-	-	enwadwy
erbyn	-	erbynni	-	erbyniwn	erbyniwch	erbyniant	erbynnir	erbyniwn	-	erbyniai	erbyniem	erbyniech	erbynient	-	erbyniais	erbyniaist	erbyniodd	erbyniasom	erbyniasoch	erbyniasant	erbyniwyd	erbyniaswn	erbyniasit	erbyniasai	erbyniasem	erbyniasech	erbyniasent	erbyniasid	erbyniwyf	erbyniech	erbynio	erbyniom	erbynioch	erbyniont	erbynier	erbynia	erbynied	erbyniwn	erbyniwch	erbynient	erbynier	-	-
erchi	archaf	-	eirch	archwn	archwch	archant	-	-	-	-	-	-	-	-	-	-	archodd	archasom	archasoch	archasant	archwyd	archaswn	archasit	archasai	archasem	archasech	archasent	archasid	archwn	archit	archai	archem	archech	archent	archer	arch	arched	archwn	archwch	archent	archer	-	archadwy
erddi	arddaf	-	-	-	-	-	-	-	-	-	-	-	-	-	-	-	-	-	-	-	-	-	-	-	-	-	-	-	-	-	-	-	-	-	-	-	-	-	-	-	-	-	-
erfyn	erfyniaf	erfynni	-	erfyniwn	erfyniwch	erfyniant	erfynnir	erfyniwn	erfynnit	erfyniai	erfyniem	erfyniech	erfynient	erfynnid	erfyniais	erfyniaist	e	erfyniasom	erfyniasoch	erfyniasant	erfyniwyd	erfyniaswn	erfyniasit	erfyniasai	erfyniasem	erfyniasech	erfyniasent	erfyniasid	erfyniwyf	erfyniech	erfynio	erfyniom	erfynioch	erfyniont	erfynier	-	erfynied	erfyniwn	erfyniwch	erfynient	erfynier	-	erfyniadwy
erlid	erlidiaf	-	erlidia	erlidiwn	erlidiwch	erlidiant	-	erlidiwn	-	erlidiai	erlidiem	erlidiech	erlidient	-	erlidiais	erlidiaist	e	erlidiasom	erlidiasoch	erlidiasant	erlidiwyd	erlidiaswn	erlidiasit	erlidiasai	erlidiasem	erlidiasech	erlidiasent	erlidiasid	erlidiwyf	erlidiech	erlidio	erlidiom	erlidioch	erlidiont	erlidier	erlidia	erlidied	erlidiwn	erlidiwch	erlidient	erlidier	-	erlidiadwy
erthylu	-	-	-	-	-	-	-	-	-	-	-	-	-	-	-	-	e	-	-	-	-	-	-	-	-	-	-	-	erthylwn	erthylit	erthylai	erthylem	erthylech	erthylent	-	-	-	-	-	-	-	-	erthyladwy
esblygu	-	-	esblyga	-	-	-	-	-	-	-	-	-	-	-	-	-	e	-	-	-	-	-	-	-	-	-	-	-	esblygwn	esblygit	esblygai	esblygem	esblygech	esblygent	-	esblyga	-	-	-	-	-	-	esblygadwy
esbonio	-	esbonni	esbonia	-	-	-	esbonnir	-	esbonit	-	-	-	-	esbonnid	-	-	e	-	-	-	-	-	-	-	-	-	-	-	-	esboniech	-	-	-	-	-	esbonia	-	-	-	-	-	-	esbonedig
esgor	-	-	-	-	-	-	-	-	-	-	-	-	-	-	-	-	e	-	-	-	-	-	-	-	-	-	-	-	esgorwn	esgorit	esgorai	esgorem	esgorech	esgorent	-	-	-	-	-	-	-	-	esgoradwy
esgori	-	-	-	-	-	-	-	-	-	-	-	-	-	-	-	-	e	-	-	-	-	-	-	-	-	-	-	-	esgorwn	esgorit	esgorai	esgorem	esgorech	esgorent	-	-	-	-	-	-	-	-	esgoradwy
esgusodi	-	-	-	-	-	-	-	-	-	-	-	-	-	-	-	-	e	-	-	-	-	-	-	-	-	-	-	-	esgusodwn	esgusodit	esgusodai	esgusodem	esgusodech	esgusodent	-	-	-	-	-	-	-	-	esgusodadwy
esgyn	esgynnaf	esgynni	-	esgynnwn	esgynnwch	esgynnant	esgynnir	-	-	-	-	-	-	-	esgynnais	esgynnaist	e	-	-	-	esgynnwyd	-	-	-	-	-	-	-	esgynnwn	esgynnit	esgynnai	esgynnem	esgynnech	esgynnent	esgynner	esgynna	esgynned	esgynnwn	esgynnwch	esgynnent	esgynner	-	esgynadwy
esmwytháu	esmwythâf	esmwythei	esmwythâ	esmwythawn	esmwythewch	esmwythânt	esmwytheir	-	-	-	-	-	-	-	esmwytheais	esmwytheaist	esmwythaodd	esmwythasom	esmwythasoch	esmwythasant	esmwythawyd	esmwythaswn	esmwythasit	esmwythasai	esmwythasem	esmwythasech	esmwythasent	esmwythasid	esmwythawn	esmwythait	esmwythao	esmwythaem	esmwythaech	esmwythaent	esmwythaer	esmwythâ	esmwythaed	esmwythawn	esmwythewch	esmwythaent	esmwythaer	-	esmwythadwy
esteru	-	-	estera	-	-	-	-	-	-	-	-	-	-	-	-	-	e	-	-	-	-	-	-	-	-	-	-	-	esterwn	esterit	esterai	esterem	esterech	esterent	-	estera	-	-	-	-	-	-	esteradwy
estyn	estynnaf	estynni	-	estynnwn	estynnwch	estynnant	estynnir	-	-	-	-	-	-	-	estynnais	estynnaist	e	-	-	-	estynnwyd	-	-	-	-	-	-	-	estynnwn	estynnit	estynnai	estynnem	estynnech	estynnent	estynner	-	estynned	estynnwn	estynnwch	estynnent	estynner	-	estynadwy
ethol	-	-	ethola	-	-	-	-	-	-	-	-	-	-	-	-	-	e	-	-	-	-	-	-	-	-	-	-	-	etholwn	etholit	etholai	etholem	etholech	etholent	-	ethola	-	-	-	-	-	-	etholadwy
etifeddu	-	-	etifedda	-	-	-	-	-	-	-	-	-	-	-	-	-	e	-	-	-	-	-	-	-	-	-	-	-	etifeddwn	etifeddit	etifeddai	etifeddem	etifeddech	etifeddent	-	etifedda	-	-	-	-	-	-	etifeddadwy
euogfarnu	-	euogferni	euogfarna	-	-	-	euogfernir	-	-	-	-	-	-	-	euogfernais	euogfernaist	e	-	-	-	-	-	-	-	-	-	-	-	euogfarnwn	euogfarnit	euogfarnai	euogfarnem	euogfarnech	euogfarnent	-	euogfarna	-	-	-	-	-	-	euogfarnadwy
euro	-	-	eura	-	-	-	-	-	-	-	-	-	-	-	-	-	e	-	-	-	-	-	-	-	-	-	-	-	eurwn	eurit	eurai	eurem	eurech	eurent	-	eura	-	-	-	-	-	-	euradwy
fectoru	-	-	fectora	-	-	-	-	-	-	-	-	-	-	-	-	-	e	-	-	-	-	-	-	-	-	-	-	-	fectorwn	fectorit	fectorai	fectorem	fectorech	fectorent	-	fectora	-	-	-	-	-	-	-
ffaelu	-	-	ffaela	-	-	-	-	-	-	-	-	-	-	-	-	-	e	-	-	-	-	-	-	-	-	-	-	-	ffaelwn	ffaelit	ffaelai	ffaelem	ffaelech	ffaelent	-	ffaela	-	-	-	-	-	-	ffaeladwy
ffeindio	-	ffeindi	ffeindia	-	-	-	ffeindir	-	ffeindit	-	-	-	-	ffeindid	-	-	e	-	-	-	-	-	-	-	-	-	-	-	-	ffeindiech	-	-	-	-	-	ffeindia	-	-	-	-	-	-	ffeindiadwy
ffensio	-	ffensi	ffensia	-	-	-	ffensir	-	ffensit	-	-	-	-	ffensid	-	-	e	-	-	-	-	-	-	-	-	-	-	-	-	ffensiech	-	-	-	-	-	ffensia	-	-	-	-	-	-	ffensadwy
ffermio	-	ffermi	ffermia	-	-	-	ffermir	-	ffermit	-	-	-	-	ffermid	-	-	e	-	-	-	-	-	-	-	-	-	-	-	-	ffermiech	-	-	-	-	-	ffermia	-	-	-	-	-	-	ffermiadwy
ffieiddio	-	ffieiddi	ffieiddia	-	-	-	ffieiddir	-	ffieiddit	-	-	-	-	ffieiddid	-	-	e	-	-	-	-	-	-	-	-	-	-	-	-	ffieiddiech	-	-	-	-	-	ffieiddia	-	-	-	-	-	-	ffieiddiadwy
ffili	-	-	ffila	-	-	-	-	-	-	-	-	-	-	-	-	-	-	-	-	-	-	-	-	-	-	-	-	-	-	-	-	-	-	-	-	ffila	-	-	-	-	-	-	-
ffoi	-	-	ffoa	-	-	-	-	-	-	-	-	-	-	-	-	ffoist	e	ffoesom	ffoesoch	ffoesant	ffoed	ffoeswn	ffoesit	ffoesai	ffoesem	ffoesech	ffoesent	ffoesid	ffown	ffoit	ffo	ffoem	ffoech	ffoent	-	-	-	-	-	-	-	-	ffoadwy
ffoli	-	-	-	-	-	-	-	-	-	-	-	-	-	-	-	-	e	-	-	-	-	-	-	-	-	-	-	-	ffolwn	ffolit	ffolai	ffolem	ffolech	ffolent	-	-	-	-	-	-	-	-	ffoladwy
ffonio	-	ffoni	ffonia	-	-	-	ffonir	-	ffonit	-	-	-	-	ffonid	-	-	e	-	-	-	-	-	-	-	-	-	-	-	-	ffoniech	-	-	-	-	-	ffonia	-	-	-	-	-	-	ffoniadwy
fforddio	-	fforddi	fforddia	-	-	-	fforddir	-	fforddit	-	-	-	-	fforddid	-	-	e	-	-	-	-	-	-	-	-	-	-	-	-	fforddiech	-	-	-	-	-	fforddia	-	-	-	-	-	-	fforddiadwy
ffowla	-	-	ffowla	-	-	-	-	-	-	-	-	-	-	-	-	-	e	-	-	-	-	-	-	-	-	-	-	-	ffowlwn	ffowlit	ffowlai	ffowlem	ffowlech	ffowlent	-	ffowla	-	-	-	-	-	-	ffowladwy
ffowlio	-	ffowli	ffowlia	-	-	-	ffowlir	-	ffowlit	-	-	-	-	ffowlid	-	-	e	-	-	-	-	-	-	-	-	-	-	-	-	ffowliech	-	-	-	-	-	ffowlia	-	-	-	-	-	-	ffowliadwy
ffraeo	-	-	ffraea	-	-	-	-	-	-	-	-	-	-	-	-	-	e	-	-	-	-	-	-	-	-	-	-	-	ffraewn	ffraeit	ffraeai	ffraeem	ffraeech	ffraeent	-	ffraea	-	-	-	-	-	-	ffraeadwy
fframio	-	ffremi	fframia	-	-	-	ffremir	-	ffremit	-	-	-	-	ffremid	ffremiais	ffremiaist	e	-	-	-	-	-	-	-	-	-	-	-	-	ffremiech	-	-	-	-	-	fframia	-	-	-	-	-	-	fframiadwy
ffrio	-	ffri	ffria	-	-	-	ffrir	-	ffrit	-	-	-	-	ffrid	-	-	e	-	-	-	-	-	-	-	-	-	-	-	-	ffriech	-	-	-	-	-	ffria	-	-	-	-	-	-	ffriadwy
ffroeni	-	-	-	-	-	-	-	-	-	-	-	-	-	-	-	-	e	-	-	-	-	-	-	-	-	-	-	-	ffroenwn	ffroenit	ffroenai	ffroenem	ffroenech	ffroenent	-	-	-	-	-	-	-	-	ffroenadwy
ffroenochi	-	-	-	-	-	-	-	-	-	-	-	-	-	-	-	-	e	-	-	-	-	-	-	-	-	-	-	-	ffroenochwn	ffroenochit	ffroenochai	ffroenochem	ffroenochech	ffroenochent	-	-	-	-	-	-	-	-	ffroenochadwy
ffrwydro	-	-	ffrwydra	-	-	-	-	-	-	-	-	-	-	-	-	-	e	-	-	-	-	-	-	-	-	-	-	-	ffrwydrwn	ffrwydrit	ffrwydrai	ffrwydrem	ffrwydrech	ffrwydrent	-	ffrwydra	-	-	-	-	-	-	ffrwydradwy
ffrydio	-	ffrydi	ffrydia	-	-	-	ffrydir	-	ffrydit	-	-	-	-	ffrydid	-	-	e	-	-	-	-	-	-	-	-	-	-	-	-	ffrydiech	-	-	-	-	-	ffrydia	-	-	-	-	-	-	ffrydiadwy
ffurfio	-	ffurfi	-	-	-	-	ffurfir	-	ffurfit	-	-	-	-	ffurfid	-	-	-	-	-	-	-	-	-	-	-	-	-	-	-	ffurfiech	-	-	-	-	-	-	-	-	-	-	-	-	-
ffwcio	-	ffwci	-	-	-	-	ffwcir	-	ffwcit	-	-	-	-	ffwcid	-	-	e	-	-	-	-	-	-	-	-	-	-	-	-	ffwciech	-	-	-	-	-	-	-	-	-	-	-	-	ffwciadwy
ffwrcho	-	-	ffwrcha	-	-	-	-	-	-	-	-	-	-	-	-	-	e	-	-	-	-	-	-	-	-	-	-	-	ffwrchwn	ffwrchit	ffwrchai	ffwrchem	ffwrchech	ffwrchent	-	ffwrcha	-	-	-	-	-	-	ffwrchadwy
ffynnu	-	-	-	-	-	-	-	-	-	-	-	-	-	-	-	-	-	-	-	-	-	-	-	-	-	-	-	-	ffynnwn	ffynnit	ffynnai	ffynnem	ffynnech	ffynnent	-	-	-	-	-	-	-	-	ffynnadwy
gadael	gadawaf	gadewi	gedy	gadawn	gadewch	gadawant	gadewir	gadawn	gadawit	gadawai	gadawem	gadawech	gadawent	gadewid	gadewais	gadewaist	gadawodd	gadawsom	gadawsoch	gadawsant	gadawyd	gadawswn	gadawsit	gadawsai	gadawsem	gadawsech	gadawsent	gadawsid	gadawyf	gadewych	gadawo	gadawom	gadawoch	gadawont	gadawer	gad	gadawed	gadawn	gadewch	gadawent	gadawer	-	gadawedig
gaeafgysgu	-	-	gaeafgwsg	-	-	-	-	-	-	-	-	-	-	-	-	-	e	-	-	-	-	-	-	-	-	-	-	-	gaeafgysgwn	gaeafgysgit	gaeafgysgai	gaeafgysgem	gaeafgysgech	gaeafgysgent	-	gaeafgwsg	-	-	-	-	-	-	gaeafgysgadwy
gaeafu	-	-	gaeafa	-	-	-	-	-	-	-	-	-	-	-	-	-	e	-	-	-	-	-	-	-	-	-	-	-	gaeafwn	gaeafit	gaeafai	gaeafem	gaeafech	gaeafent	-	gaeafa	-	-	-	-	-	-	gaeafadwy
galaru	-	-	-	-	-	-	-	-	-	-	-	-	-	-	-	-	e	-	-	-	-	-	-	-	-	-	-	-	galarwn	galarit	galarai	galarem	galarech	galarent	-	-	-	-	-	-	-	-	galaradwy
galled	gallaf	-	-	-	-	-	-	-	-	-	-	-	-	-	-	-	-	-	-	-	-	-	-	-	-	-	-	-	-	-	-	-	-	-	-	-	-	-	-	-	-	-	-
galler	gallaf	-	-	-	-	-	-	-	-	-	-	-	-	-	-	-	-	-	-	-	-	-	-	-	-	-	-	-	-	-	-	-	-	-	-	-	-	-	-	-	-	-	-
gallu	-	gelli	-	-	gellwch	-	gellir	-	-	-	-	-	-	gellid	gellais	gellaist	-	-	-	-	-	-	-	-	-	-	-	-	-	gellych	-	-	-	-	-	-	-	-	gellwch	-	-	-	-
galluogi	-	-	galluoga	-	-	-	-	-	-	-	-	-	-	-	-	-	-	-	-	-	-	-	-	-	-	-	-	-	-	-	-	-	-	-	-	galluoga	-	-	-	-	-	-	-
galw	galwaf	gelwi	geilw	-	gelwch	galwant	gelwir	-	galwit	galwai	galwem	galwech	galwent	gelwid	gelwais	gelwaist	galwodd	galwasom	galwasoch	galwasant	-	galwaswn	galwasit	galwasai	galwasem	galwasech	galwasent	galwasid	-	gelwych	galwo	galwom	galwoch	galwont	galwer	galw	galwed	-	gelwch	galwent	galwer	-	galwedig
garddio	-	gerddi	garddia	-	-	-	gerddir	-	gerddit	-	-	-	-	gerddid	gerddiais	gerddiaist	e	-	-	-	-	-	-	-	-	-	-	-	-	gerddiech	-	-	-	-	-	garddia	-	-	-	-	-	-	garddiadwy
garwhau	garwhaf	garwhei	-	-	garwhewch	garwhânt	garwheir	-	-	-	-	-	-	-	garwheais	garwheaist	e	garwhasom	garwhasoch	garwhasant	-	garwhaswn	garwhasit	garwhasai	garwhasem	garwhasech	garwhasent	garwhasid	garwhawn	garwhait	-	garwhaem	garwhaech	garwhaent	-	-	-	-	garwhewch	-	-	-	garwhadwy
geingio	-	geingi	-	-	-	-	geingir	-	geingit	-	-	-	-	geingid	-	-	e	-	-	-	-	-	-	-	-	-	-	-	-	geingiech	-	-	-	-	-	-	-	-	-	-	-	-	geingiadwy
geni	-	-	-	-	-	-	-	-	-	-	-	-	-	-	-	-	-	-	-	-	ganed	-	-	-	-	-	-	ganesid	-	-	-	-	-	-	ganer	-	-	-	-	-	-	-	ganedig
glanhau	glanhaf	glanhei	-	-	glanhewch	glanhânt	glanheir	-	-	-	-	-	-	-	glanheais	glanheaist	e	glanhasom	glanhasoch	glanhasant	-	glanhaswn	glanhasit	glanhasai	glanhasem	glanhasech	glanhasent	glanhasid	glanhawn	glanhait	-	glanhaem	glanhaech	glanhaent	-	-	-	-	glanheuwch	-	-	-	-
glanio	-	glenni	glania	-	-	-	glennir	-	glenit	-	-	-	-	glennid	gleniais	gleniaist	e	-	-	-	-	-	-	-	-	-	-	-	-	glenych	-	-	-	-	-	glania	-	-	-	-	-	-	glaniadwy
glastwreiddio	-	glastwreiddi	glastwreiddia	-	-	-	glastwreiddir	-	glastwreiddit	-	-	-	-	glastwreiddid	-	-	e	-	-	-	-	-	-	-	-	-	-	-	-	glastwreiddiech	-	-	-	-	-	glastwreiddia	-	-	-	-	-	-	glastwreiddadwy
glasu	-	glesi	glasa	-	-	-	glesir	-	-	-	-	-	-	-	glesais	glesaist	e	-	-	-	-	-	-	-	-	-	-	-	glaswn	glasit	glasai	glasem	glasech	glasent	-	glasa	-	-	-	-	-	-	glasadwy
glawio	-	glawi	glawia	-	-	-	glawir	-	glawit	-	-	-	-	glawid	-	-	e	-	-	-	-	-	-	-	-	-	-	-	-	glawiech	-	-	-	-	-	glawia	-	-	-	-	-	-	glawiadwy
gludio	-	gludi	gludia	-	-	-	gludir	-	gludit	-	-	-	-	gludid	-	-	e	-	-	-	-	-	-	-	-	-	-	-	-	gludiech	-	-	-	-	-	gludia	-	-	-	-	-	-	gludiadwy
glynu	-	-	glyna	-	-	-	-	-	-	-	-	-	-	-	-	-	e	-	-	-	-	-	-	-	-	-	-	-	glynwn	glynit	glynai	glynem	glynech	glynent	-	glyna	-	-	-	-	-	-	glynadwy
gobeithio	-	gobeithi	-	-	-	-	gobeithir	-	gobeithit	-	-	-	-	gobeithid	-	-	e	-	-	-	-	-	-	-	-	-	-	-	-	gobeithiech	-	-	-	-	-	-	-	-	-	-	-	-	gobeithiadwy
goblygu	-	-	-	-	-	-	-	-	-	-	-	-	-	-	-	-	e	-	-	-	-	-	-	-	-	-	-	-	goblygwn	goblygit	goblygai	goblygem	goblygech	goblygent	-	-	-	-	-	-	-	-	goblygadwy
gochel	-	-	-	-	-	-	-	-	-	-	-	-	-	-	-	-	e	-	-	-	-	-	-	-	-	-	-	-	gochelwn	gochelit	gochelai	gochelem	gochelech	gochelent	-	-	-	-	-	-	-	-	gocheladwy
gochelyd	gochelaf	-	-	-	-	-	-	-	-	-	-	-	-	-	-	-	-	-	-	-	-	-	-	-	-	-	-	-	-	-	-	-	-	-	-	-	-	-	-	-	-	-	-
gochlyd	gochelaf	-	-	-	-	-	-	-	-	-	-	-	-	-	-	-	-	-	-	-	-	-	-	-	-	-	-	-	-	-	-	-	-	-	-	-	-	-	-	-	-	-	-
goddef	-	-	goddefa	-	-	-	-	-	-	-	-	-	-	-	-	-	e	-	-	-	-	-	-	-	-	-	-	-	goddefwn	goddefit	goddefai	goddefem	goddefech	goddefent	-	goddefa	-	-	-	-	-	-	goddefadwy
goddiweddyd	goddiweddaf	-	-	-	-	-	-	-	-	-	-	-	-	-	-	-	-	-	-	-	-	-	-	-	-	-	-	-	-	-	-	-	-	-	-	-	-	-	-	-	-	-	-
gofalu	-	gofeli	gofala	-	-	-	gofelir	-	-	-	-	-	-	-	gofelais	gofelaist	e	-	-	-	-	-	-	-	-	-	-	-	gofalwn	gofalit	gofalai	gofalem	gofalech	gofalent	-	gofala	-	-	-	-	-	-	gofaladwy
gofyn	gofynnaf	gofynni	-	gofynnwn	gofynnwch	gofynnant	gofynnir	gofynnwn	gofynnit	gofynnai	gofynnem	gofynnech	gofynnent	gofynnid	gofynnais	gofynnaist	gofynnodd	-	-	-	gofynnwyd	-	-	-	-	-	-	-	gofynnwyf	gofynnych	gofynno	gofynnom	gofynnoch	gofynnont	gofynner	-	gofynned	gofynnwn	gofynnwch	gofynnent	gofynner	-	-
goglais	gogleisiaf	-	-	-	-	-	-	-	-	-	-	-	-	-	-	-	-	-	-	-	-	-	-	-	-	-	-	-	-	-	-	-	-	-	-	-	-	-	-	-	-	-	-
gogru	-	-	gogra	-	-	-	-	-	-	-	-	-	-	-	-	-	e	-	-	-	-	-	-	-	-	-	-	-	gogrwn	gogrit	gograi	gogrem	gogrech	gogrent	-	gogra	-	-	-	-	-	-	gogradwy
gogrynu	-	-	gogryna	-	-	-	-	-	-	-	-	-	-	-	-	-	e	-	-	-	-	-	-	-	-	-	-	-	gogrynwn	gogrynit	gogrynai	gogrynem	gogrynech	gogrynent	-	gogryna	-	-	-	-	-	-	gogrynadwy
gogwyddo	-	-	gogwydda	-	-	-	-	-	-	-	-	-	-	-	-	-	e	-	-	-	-	-	-	-	-	-	-	-	gogwyddwn	gogwyddit	gogwyddai	gogwyddem	gogwyddech	gogwyddent	-	gogwydda	-	-	-	-	-	-	gogwyddadwy
gohirio	-	gohiri	gohiria	-	-	-	gohirir	-	gohirit	-	-	-	-	gohirid	-	-	e	-	-	-	-	-	-	-	-	-	-	-	-	gohiriech	-	-	-	-	-	gohiria	-	-	-	-	-	-	gohiriadwy
goleuo	-	-	goleua	-	-	-	-	-	-	-	-	-	-	-	-	-	e	-	-	-	-	-	-	-	-	-	-	-	goleuwn	goleuit	goleuai	goleuem	goleuech	goleuent	-	goleua	-	-	-	-	-	-	goleuadwy
gollwng	gollyngaf	gollyngi	-	gollyngwn	gollyngwch	gollyngant	gollyngir	-	-	-	-	-	-	-	gollyngais	gollyngaist	e	gollyngasom	gollyngasoch	gollyngasant	gollyngwyd	gollyngaswn	gollyngasit	gollyngasai	gollyngasem	gollyngasech	gollyngasent	gollyngasid	gollyngwn	gollyngit	gollyngai	gollyngem	gollyngech	gollyngent	gollynger	-	gollynged	gollyngwn	gollyngwch	gollyngent	gollynger	-	gollyngadwy
golygu	-	-	golyga	-	-	-	-	-	-	-	-	-	-	-	-	-	e	-	-	-	-	-	-	-	-	-	-	-	golygwn	golygit	golygai	golygem	golygech	golygent	-	golyga	-	-	-	-	-	-	golygadwy
gorasgellu	-	-	gorasgella	-	-	-	-	-	-	-	-	-	-	-	-	-	e	-	-	-	-	-	-	-	-	-	-	-	gorasgellwn	gorasgellit	gorasgellai	gorasgellem	gorasgellech	gorasgellent	-	gorasgella	-	-	-	-	-	-	-
gorchfygu	-	-	gorchfyga	-	-	-	-	-	-	-	-	-	-	-	-	-	e	-	-	-	-	-	-	-	-	-	-	-	gorchfygwn	gorchfygit	gorchfygai	gorchfygem	gorchfygech	gorchfygent	-	gorchfyga	-	-	-	-	-	-	gorchfygadwy
gorchuddio	-	gorchuddi	gorchuddia	-	-	-	gorchuddir	-	gorchuddit	-	-	-	-	gorchuddid	-	-	-	-	-	-	-	-	-	-	-	-	-	-	-	gorchuddiech	-	-	-	-	-	gorchuddia	-	-	-	-	-	-	-
gorchymyn	gorchmynnaf	gorchmynni	gorchmynna	gorchmynnwn	gorchmynnwch	gorchmynnant	gorchmynnir	-	-	-	-	-	-	-	gorchmynnais	gorchmynnaist	e	gorchmynasom	gorchmynasoch	gorchmynasant	gorchmynnwyd	gorchmynaswn	gorchmynasit	gorchmynasai	gorchmynasem	gorchmynasech	gorchmynasent	gorchmynasid	gorchmynnwn	gorchmynnit	gorchmynnai	gorchmynnem	gorchmynnech	gorchmynnent	gorchmynner	gorchmynna	gorchmynned	gorchmynnwn	gorchmynnwch	gorchmynnent	gorchmynner	-	gorchmynadwy
gordreiglo	-	-	-	-	-	-	-	-	-	-	-	-	-	-	-	-	e	-	-	-	-	-	-	-	-	-	-	-	gordreiglwn	gordreiglit	gordreiglai	gordreiglem	gordreiglech	gordreiglent	-	-	-	-	-	-	-	-	gordreigladwy
goresgyn	goresgynnaf	goresgynni	-	goresgynnwn	goresgynnwch	goresgynnant	goresgynnir	-	-	-	-	-	-	-	goresgynnais	goresgynnaist	e	-	-	-	goresgynnwyd	-	-	-	-	-	-	-	goresgynnwn	goresgynnit	goresgynnai	goresgynnem	goresgynnech	goresgynnent	goresgynner	goresgynna	goresgynned	goresgynnwn	goresgynnwch	goresgynnent	goresgynner	-	goresgynadwy
gorffen	gorffennaf	gorffenni	-	gorffennwn	gorffennwch	gorffennant	gorffennir	gorffennwn	gorffennit	gorffennai	gorffennem	gorffennech	gorffennent	gorffennid	gorffennais	gorffennaist	gorffennodd	-	-	-	gorffennwyd	-	-	-	-	-	-	-	gorffennwyf	gorffennych	gorffenno	gorffennom	gorffennoch	gorffennont	gorffenner	-	gorffenned	gorffennwn	gorffennwch	gorffennent	gorffenner	-	-
gorffwys	-	-	gorffwysa	-	-	-	-	-	-	-	-	-	-	-	-	-	e	-	-	-	-	-	-	-	-	-	-	-	gorffwyswn	gorffwysit	gorffwysai	gorffwysem	gorffwysech	gorffwysent	-	gorffwysa	-	-	-	-	-	-	gorffwysadwy
gorflino	-	-	gorflina	-	-	-	-	-	-	-	-	-	-	-	-	-	e	-	-	-	-	-	-	-	-	-	-	-	gorflinwn	gorflinit	gorflinai	gorflinem	gorflinech	gorflinent	-	gorflina	-	-	-	-	-	-	gorflinadwy
gorfod	gorfyddaf	gorfyddi	gorfydd	gorfyddwn	gorfyddwch	gorfyddant	gorfyddir	gorfyddwn	gorfyddit	gorfyddai	gorfyddem	gorfyddech	gorfyddent	gorfyddid	gorfyddais	gorfuost	e	gorfuom	gorfuoch	gorfuant	gorfuwyd	gorfuaswn	gorfuasit	gorfuasai	gorfuasem	gorfuasech	gorfuasent	gorfuasid	gorfyddwyf	gorfyddych	gorfyddo	gorfyddom	gorfyddoch	gorfyddont	gorfydder	gorfydda	gorfydded	gorfyddwn	gorfyddwch	gorfyddent	gorfydder	-	gorfyddadwy
gorgyffwrdd	gorgyffyrddaf	gorgyffyrddi	-	gorgyffyrddwn	gorgyffyrddwch	gorgyffyrddant	gorgyffyrddir	-	-	-	-	-	-	-	gorgyffyrddais	gorgyffyrddaist	e	gorgyffyrddasom	gorgyffyrddasoch	gorgyffyrddasant	gorgyffyrddwyd	gorgyffyrddaswn	gorgyffyrddasit	gorgyffyrddasai	gorgyffyrddasem	gorgyffyrddasech	gorgyffyrddasent	gorgyffyrddasid	gorgyffyrddwn	gorgyffyrddit	gorgyffyrddai	gorgyffyrddem	gorgyffyrddech	gorgyffyrddent	gorgyffyrdder	-	gorgyffyrdded	gorgyffyrddwn	gorgyffyrddwch	gorgyffyrddent	gorgyffyrdder	-	gorgyffyrddadwy
gorlifo	-	-	-	-	-	-	-	-	-	-	-	-	-	-	-	-	-	-	-	-	-	-	-	-	-	-	-	-	gorlifwn	gorlifit	gorlifai	gorlifem	gorlifech	gorlifent	-	-	-	-	-	-	-	-	gorlifadwy
gorllewineiddio	-	gorllewineiddi	gorllewineiddia	-	-	-	gorllewineiddir	-	gorllewineiddit	-	-	-	-	gorllewineiddid	-	-	e	-	-	-	-	-	-	-	-	-	-	-	-	gorllewineiddiech	-	-	-	-	-	gorllewineiddia	-	-	-	-	-	-	gorllewineiddadwy
gormesu	-	-	gormesa	-	-	-	-	-	-	-	-	-	-	-	-	-	e	-	-	-	-	-	-	-	-	-	-	-	gormeswn	gormesit	gormesai	gormesem	gormesech	gormesent	-	gormesa	-	-	-	-	-	-	gormesadwy
gorthrechu	-	-	gorthrecha	-	-	-	-	-	-	-	-	-	-	-	-	-	e	-	-	-	-	-	-	-	-	-	-	-	gorthrechwn	gorthrechit	gorthrechai	gorthrechem	gorthrechech	gorthrechent	-	gorthrecha	-	-	-	-	-	-	gorthrechadwy
gorthrymu	-	-	gorthryma	-	-	-	-	-	-	-	-	-	-	-	-	-	e	-	-	-	-	-	-	-	-	-	-	-	gorthrymwn	gorthrymit	gorthrymai	gorthrymem	gorthrymech	gorthryment	-	gorthryma	-	-	-	-	-	-	gorthrymadwy
goruchafu	-	goruchefi	goruchafa	-	-	-	goruchefir	-	-	-	-	-	-	-	goruchefais	goruchefaist	e	-	-	-	-	-	-	-	-	-	-	-	goruchafwn	goruchafit	goruchafai	goruchafem	goruchafech	goruchafent	-	goruchafa	-	-	-	-	-	-	goruchafadwy
goruchwylio	-	goruchwyli	goruchwylia	-	-	-	goruchwylir	-	goruchwylit	-	-	-	-	goruchwylid	-	-	e	-	-	-	-	-	-	-	-	-	-	-	-	goruchwyliech	-	-	-	-	-	goruchwylia	-	-	-	-	-	-	goruchwyliadwy
gorwariant	gorwariaf	-	-	-	-	-	-	-	-	-	-	-	-	-	-	-	-	-	-	-	-	-	-	-	-	-	-	-	-	-	-	-	-	-	-	-	-	-	-	-	-	-	-
gorwedd	-	-	-	-	-	-	-	-	-	-	-	-	-	-	-	-	e	-	-	-	-	-	-	-	-	-	-	-	gorweddwn	gorweddit	gorweddai	gorweddem	gorweddech	gorweddent	-	-	-	-	-	-	-	-	gorweddadwy
gorymdaith	gorymdeithiaf	-	-	-	-	-	-	-	-	-	-	-	-	-	-	-	-	-	-	-	-	-	-	-	-	-	-	-	-	-	-	-	-	-	-	-	-	-	-	-	-	-	-
gorymddaith	gorymddeithiaf	-	-	-	-	-	-	-	-	-	-	-	-	-	-	-	-	-	-	-	-	-	-	-	-	-	-	-	-	-	-	-	-	-	-	-	-	-	-	-	-	-	-
goryrru	-	-	goryr	-	-	-	-	-	-	-	-	-	-	-	-	-	e	goryrasom	goryrasoch	goryrasant	-	goryraswn	goryrasit	goryrasai	goryrasem	goryrasech	goryrasent	goryrasid	goryrrwn	goryrrit	goryrrai	goryrrem	goryrrech	goryrrent	-	goryr	-	-	-	-	-	-	goryradwy
gosod	-	-	gesyd	-	-	-	-	-	-	-	-	-	-	-	-	-	e	-	-	-	-	-	-	-	-	-	-	-	gosodwn	gosodit	gosodai	gosodem	gosodech	gosodent	-	-	-	-	-	-	-	-	-
gostwng	gostyngaf	gostyngi	-	gostyngwn	gostyngwch	gostyngant	gostyngir	-	-	-	-	-	-	-	gostyngais	gostyngaist	e	gostyngasom	gostyngasoch	gostyngasant	gostyngwyd	gostyngaswn	gostyngasit	gostyngasai	gostyngasem	gostyngasech	gostyngasent	gostyngasid	gostyngwn	gostyngit	gostyngai	gostyngem	gostyngech	gostyngent	gostynger	-	gostynged	gostyngwn	gostyngwch	gostyngent	gostynger	-	gostyngadwy
graddio	-	greddi	graddia	-	-	-	greddir	-	greddit	-	-	-	-	greddid	greddiais	greddiaist	e	-	-	-	-	-	-	-	-	-	-	-	-	greddiech	-	-	-	-	-	graddia	-	-	-	-	-	-	graddiadwy
graeanu	-	graeeni	graeana	-	-	-	graeenir	-	-	-	-	-	-	-	graeenais	graeenaist	e	-	-	-	-	-	-	-	-	-	-	-	graeanwn	graeanit	graeanai	graeanem	graeanech	graeanent	-	graeana	-	-	-	-	-	-	graeanadwy
grilio	-	grili	grilia	-	-	-	grilir	-	grilit	-	-	-	-	grilid	-	-	e	-	-	-	-	-	-	-	-	-	-	-	-	griliech	-	-	-	-	-	grilia	-	-	-	-	-	-	griladwy
gruga	-	-	gruga	-	-	-	-	-	-	-	-	-	-	-	-	-	e	-	-	-	-	-	-	-	-	-	-	-	grugwn	grugit	grugai	grugem	grugech	grugent	-	gruga	-	-	-	-	-	-	grugadwy
grugo	-	-	gruga	-	-	-	-	-	-	-	-	-	-	-	-	-	e	-	-	-	-	-	-	-	-	-	-	-	grugwn	grugit	grugai	grugem	grugech	grugent	-	gruga	-	-	-	-	-	-	grugadwy
grwgnach	-	-	grwgnacha	-	-	-	-	-	-	-	-	-	-	-	-	-	e	-	-	-	-	-	-	-	-	-	-	-	grwgnachwn	grwgnachit	grwgnachai	grwgnachem	grwgnachech	grwgnachent	-	grwgnacha	-	-	-	-	-	-	grwgnachadwy
gwacáu	gwacâf	gwacei	gwacâ	gwacawn	gwacewch	gwacânt	gwaceir	-	-	-	-	-	-	-	gwaceais	gwaceaist	e	gwacasom	gwacasoch	gwacasant	gwacawyd	gwacaswn	gwacasit	gwacasai	gwacasem	gwacasech	gwacasent	gwacasid	gwacawn	gwacait	gwacao	gwacaem	gwacaech	gwacaent	gwacaer	gwacâ	gwacaed	gwacawn	gwacawch	gwacaent	gwacaer	-	gwacadwy
gwadd	gwahoddaf	-	-	-	-	-	-	-	-	-	-	-	-	-	-	-	-	-	-	-	-	-	-	-	-	-	-	-	-	-	-	-	-	-	-	-	-	-	-	-	-	-	-
gwaddodi	-	-	gwaddoda	-	-	-	-	-	-	-	-	-	-	-	-	-	e	-	-	-	-	-	-	-	-	-	-	-	gwaddodwn	gwaddodit	gwaddodai	gwaddodem	gwaddodech	gwaddodent	-	gwaddoda	-	-	-	-	-	-	gwaddodadwy
gwadu	-	gwedi	-	-	-	-	gwedir	-	-	-	-	-	-	-	gwedais	gwedaist	e	-	-	-	-	-	-	-	-	-	-	-	gwadwn	gwadit	gwadai	gwadem	gwadech	gwadent	-	gwada	-	-	-	-	-	-	gwadadwy
gwaedu	-	-	gwaeda	-	-	-	-	-	-	-	-	-	-	-	-	-	e	-	-	-	-	-	-	-	-	-	-	-	gwaedwn	gwaedit	gwaedai	gwaedem	gwaedech	gwaedent	-	gwaeda	-	-	-	-	-	-	gwaedadwy
gwagio	-	gwegi	gwagia	-	-	-	gwegir	-	gwegit	-	-	-	-	gwegid	gwegiais	gwegiaist	e	-	-	-	-	-	-	-	-	-	-	-	-	gwegiech	-	-	-	-	-	gwagia	-	-	-	-	-	-	gwagiadwy
gwahaniaethu	-	-	gwahaniaetha	-	-	-	-	-	-	-	-	-	-	-	-	-	e	-	-	-	-	-	-	-	-	-	-	-	gwahaniaethwn	gwahaniaethit	gwahaniaethai	gwahaniaethem	gwahaniaethech	gwahaniaethent	-	gwahaniaetha	-	-	-	-	-	-	gwahaniaethadwy
gwahanu	-	gwaheni	gwahana	-	-	-	gwahenir	-	-	-	-	-	-	-	gwahenais	gwahenaist	e	-	-	-	-	-	-	-	-	-	-	-	gwahanwn	gwahanit	gwahanai	gwahanem	gwahanech	gwahanent	-	gwahana	-	-	-	-	-	-	gwahanadwy
gwahardd	-	gwaherddi	gwahardda	-	-	-	gwaherddir	-	-	-	-	-	-	-	gwaherddais	gwaherddaist	e	-	-	-	-	-	-	-	-	-	-	-	gwaharddwn	gwaharddit	gwaharddai	gwaharddem	gwaharddech	gwaharddent	-	gwahardda	-	-	-	-	-	-	gwaharddadwy
gwahodd	-	-	gwahodda	-	-	-	-	-	-	-	-	-	-	-	-	-	e	-	-	-	-	-	-	-	-	-	-	-	gwahoddwn	gwahoddit	gwahoddai	gwahoddem	gwahoddech	gwahoddent	-	gwahodda	-	-	-	-	-	-	gwahoddadwy
gwanu	-	gweni	gwana	-	-	-	gwenir	-	-	-	-	-	-	-	gwenais	gwenaist	e	-	-	-	-	-	-	-	-	-	-	-	gwanwn	gwanit	gwanai	gwanem	gwanech	gwanent	-	gwana	-	-	-	-	-	-	gwanadwy
gwanychu	-	-	gwanycha	-	-	-	-	-	-	-	-	-	-	-	-	-	e	-	-	-	-	-	-	-	-	-	-	-	gwanychwn	gwanychit	gwanychai	gwanychem	gwanychech	gwanychent	-	gwanycha	-	-	-	-	-	-	gwanychadwy
gwarchae	gwarchaeaf	gwarchaei	gwarchae	gwarchaewn	gwarchaewch	gwarchaeant	gwarchaeir	-	-	-	-	-	-	-	gwarchaeais	gwarchaeaist	e	gwarchaeasom	gwarchaeasoch	gwarchaeasant	gwarchaewyd	gwarchaeaswn	gwarchaeasit	gwarchaeasai	gwarchaeasem	gwarchaeasech	gwarchaeasent	gwarchaeasid	gwarchaewn	gwarchaeit	gwarchaeai	gwarchaeem	gwarchaeech	gwarchaeent	gwarchaeer	gwarchae	gwarchaeed	gwarchaewn	gwarchaewch	gwarchaeent	gwarchaeer	-	gwarchaeadwy
gwarchod	-	-	-	-	-	-	-	-	-	-	-	-	-	-	-	-	e	-	-	-	-	-	-	-	-	-	-	-	gwarchodwn	gwarchodit	gwarchodai	gwarchodem	gwarchodech	gwarchodent	-	-	-	-	-	-	-	-	gwarchodadwy
gwared	-	-	gwareda	-	-	-	-	-	-	-	-	-	-	-	-	-	e	-	-	-	-	-	-	-	-	-	-	-	gwaredwn	gwaredit	gwaredai	gwaredem	gwaredech	gwaredent	-	gwareda	-	-	-	-	-	-	gwaredadwy
gwaredu	-	-	gwareda	-	-	-	-	-	-	-	-	-	-	-	-	-	e	-	-	-	-	-	-	-	-	-	-	-	gwaredwn	gwaredit	gwaredai	gwaredem	gwaredech	gwaredent	-	gwareda	-	-	-	-	-	-	gwaredadwy
gwariant	gwariaf	-	-	-	-	-	-	-	-	-	-	-	-	-	-	-	-	-	-	-	-	-	-	-	-	-	-	-	-	-	-	-	-	-	-	-	-	-	-	-	-	-	-
gwario	-	gweri	gwaria	-	-	-	gwerir	-	gwerit	-	-	-	-	gwerid	gweriais	gweriaist	e	-	-	-	-	-	-	-	-	-	-	-	-	gweriech	-	-	-	-	-	gwaria	-	-	-	-	-	-	gwariadwy
gwasanaethu	-	-	gwasanaetha	-	-	-	-	-	-	-	-	-	-	-	-	-	e	-	-	-	-	-	-	-	-	-	-	-	gwasanaethwn	gwasanaethit	gwasanaethai	gwasanaethem	gwasanaethech	gwasanaethent	-	gwasanaetha	-	-	-	-	-	-	gwasanaethadwy
gwasgaru	-	gwasgeri	gwasgara	-	-	-	gwasgerir	-	-	-	-	-	-	-	gwasgerais	gwasgeraist	e	-	-	-	-	-	-	-	-	-	-	-	gwasgarwn	gwasgarit	gwasgarai	gwasgarem	gwasgarech	gwasgarent	-	gwasgara	-	-	-	-	-	-	gwasgaradwy
gwasgu	-	gwesgi	-	-	-	-	gwesgir	-	-	-	-	-	-	-	gwesgais	gwesgaist	e	-	-	-	-	-	-	-	-	-	-	-	gwasgwn	gwasgit	gwasgai	gwasgem	gwasgech	gwasgent	-	-	-	-	-	-	-	-	gwasgadwy
gwastatáu	gwastatâf	gwastatei	gwastatâ	gwastatawn	gwastatewch	gwastatânt	gwastateir	-	-	-	-	-	-	-	gwastateais	gwastateaist	gwastataodd	gwastatasom	gwastatasoch	gwastatasant	gwastatawyd	gwastataswn	gwastatasit	gwastatasai	gwastatasem	gwastatasech	gwastatasent	gwastatasid	gwastatawn	gwastatait	gwastatao	gwastataem	gwastataech	gwastataent	gwastataer	gwastatâ	gwastataed	gwastatawn	gwastatewch	gwastataent	gwastataer	-	gwastatadwy
gwastraffu	-	gwastreffi	gwastraffa	-	-	-	gwastreffir	-	-	-	-	-	-	-	gwastreffais	gwastreffaist	e	-	-	-	-	-	-	-	-	-	-	-	gwastraffwn	gwastraffit	gwastraffai	gwastraffem	gwastraffech	gwastraffent	-	gwastraffa	-	-	-	-	-	-	gwastraffadwy
gwastrodi	-	-	-	-	-	-	-	-	-	-	-	-	-	-	-	-	e	-	-	-	-	-	-	-	-	-	-	-	gwastrodwn	gwastrodit	gwastrodai	gwastrodem	gwastrodech	gwastrodent	-	gwastroda	-	-	-	-	-	-	-
gwatwar	-	gwatweri	gwatwara	-	-	-	gwatwerir	-	-	-	-	-	-	-	gwatwerais	gwatweraist	e	-	-	-	-	-	-	-	-	-	-	-	gwatwarwn	gwatwarit	gwatwarai	gwatwarem	gwatwarech	gwatwarent	-	gwatwara	-	-	-	-	-	-	gwatwaradwy
gwau	gweaf	-	-	-	-	-	-	-	-	-	-	-	-	-	-	-	-	-	-	-	-	-	-	-	-	-	-	-	-	-	-	-	-	-	-	-	-	-	-	-	-	-	-
gwawdio	-	-	gwawdii	gwawdiiwn	gwawdiiwch	gwawdiiant	-	gwawdiiwn	-	gwawdiiai	gwawdiiem	gwawdiiech	gwawdiient	-	gwawdiiais	gwawdiiaist	e	gwawdiiasom	gwawdiiasoch	gwawdiiasant	gwawdiiwyd	gwawdiiaswn	gwawdiiasit	gwawdiiasai	gwawdiiasem	gwawdiiasech	gwawdiiasent	gwawdiiasid	gwawdiiwyf	gwawdiiech	gwawdiio	gwawdiiom	gwawdiioch	gwawdiiont	gwawdiier	gwawdia	gwawdiied	gwawdiiwn	gwawdiiwch	gwawdiient	gwawdiier	-	gwawdiiadwy
gwe-rwydo	-	-	gwe-rwyda	-	-	-	-	-	-	-	-	-	-	-	-	-	e	-	-	-	-	-	-	-	-	-	-	-	gwe-rwydwn	gwe-rwydit	gwe-rwydai	gwe-rwydem	gwe-rwydech	gwe-rwydent	-	gwe-rwyda	-	-	-	-	-	-	gwe-rwydadwy
gweddïo	-	-	gweddïa	-	-	-	-	-	-	-	-	-	-	-	-	-	e	-	-	-	-	-	-	-	-	-	-	-	-	gweddïech	-	-	-	-	-	gweddïa	-	-	-	-	-	-	gweddiadwy
gweiddi	gwaeddaf	-	-	-	-	-	-	-	-	-	-	-	-	-	-	-	-	-	-	-	-	-	-	-	-	-	-	-	-	-	-	-	-	-	-	-	-	-	-	-	-	-	-
gweini	gweinyddaf	gweinyddi	gweinydda	gweinyddwn	gweinyddwch	gweinyddant	gweinyddir	-	-	-	-	-	-	-	gweinyddais	gweinyddaist	e	gweinyddasom	gweinyddasoch	gweinyddasant	gweinyddwyd	gweinyddaswn	gweinyddasit	gweinyddasai	gweinyddasem	gweinyddasech	gweinyddasent	gweinyddasid	gweinyddwn	gweinyddit	gweinyddai	gweinyddem	gweinyddech	gweinyddent	gweinydder	gweinydda	gweinydded	gweinyddwn	gweinyddwch	gweinyddent	gweinydder	-	gweinyddadwy
gweinyddu	-	-	gweinydda	-	-	-	-	-	-	-	-	-	-	-	-	-	e	-	-	-	-	-	-	-	-	-	-	-	gweinyddwn	gweinyddit	gweinyddai	gweinyddem	gweinyddech	gweinyddent	-	gweinydda	-	-	-	-	-	-	gweinyddadwy
gweithio	-	gweithi	gweithia	-	-	-	gweithir	-	gweithit	-	-	-	-	gweithid	-	-	e	-	-	-	-	-	-	-	-	-	-	-	-	gweithiech	-	-	-	-	-	gweithia	-	-	-	-	-	-	gweithiadwy
gweithredu	-	-	gweithreda	-	-	-	-	-	-	-	-	-	-	-	-	-	e	-	-	-	-	-	-	-	-	-	-	-	gweithredwn	gweithredit	gweithredai	gweithredem	gweithredech	gweithredent	-	gweithreda	-	-	-	-	-	-	gweithredadwy
gweld	gwelaf	gweli	gwêl	gwelwn	gwelwch	gwelant	gwelir	gwelwn	gwelit	gwelai	gwelem	gwelech	gwelent	gwelid	gwelais	gwelaist	gwelodd	gwelsom	gwelsoch	gwelsant	gwelwyd	gwelswn	gwelsit	gwelsai	gwelsem	gwelsech	gwelsent	gwelsid	gwelwyf	gwelych	gwelo	gwelom	gweloch	gwelont	gweler	gwêl	gweled	gwelwn	gwelwch	gwelent	gweler	-	gweledig
gweled	gwelaf	-	-	-	-	-	-	-	-	-	-	-	-	-	-	-	-	-	-	-	-	-	-	-	-	-	-	-	-	-	-	-	-	-	-	-	-	-	-	-	-	-	-
gwella	-	-	gwella	-	-	-	-	-	-	-	-	-	-	-	-	-	e	-	-	-	-	-	-	-	-	-	-	-	gwellwn	gwellit	gwellai	gwellem	gwellech	gwellent	-	gwella	-	-	-	-	-	-	gwelladwy
gwellta	-	-	gwellta	-	-	-	-	-	-	-	-	-	-	-	-	-	e	-	-	-	-	-	-	-	-	-	-	-	gwelltwn	gwelltit	gwelltai	gwelltem	gwelltech	gwelltent	-	gwellta	-	-	-	-	-	-	gwelltadwy
gwenieithio	gweneithiaf	-	-	-	-	-	-	-	-	-	-	-	-	-	-	-	-	-	-	-	-	-	-	-	-	-	-	-	-	-	-	-	-	-	-	-	-	-	-	-	-	-	-
gwenu	-	-	gwena	-	-	-	-	-	-	-	-	-	-	-	-	-	-	-	-	-	-	-	-	-	-	-	-	-	-	-	-	-	-	-	-	gwena	-	-	-	-	-	-	-
gwenwyno	-	-	-	-	-	-	-	-	-	-	-	-	-	-	-	-	e	-	-	-	-	-	-	-	-	-	-	-	gwenwynwn	gwenwynit	gwenwynai	gwenwynem	gwenwynech	gwenwynent	-	-	-	-	-	-	-	-	gwenwynadwy
gwerthfawrogi	-	-	gwerthfawroga	-	-	-	-	-	-	-	-	-	-	-	-	-	e	-	-	-	-	-	-	-	-	-	-	-	gwerthfawrogwn	gwerthfawrogit	gwerthfawrogai	gwerthfawrogem	gwerthfawrogech	gwerthfawrogent	-	gwerthfawroga	-	-	-	-	-	-	gwerthfawrogadwy
gweu	-	-	gwea	gwëwn	gwëwch	-	gwëir	gwëwn	-	-	-	-	-	gwëid	-	-	e	-	-	-	gwëwyd	-	-	-	-	-	-	-	gwëwyf	-	-	-	-	-	-	gwea	-	gwëwn	-	-	-	-	gweadwy
gweud	gwedaf	-	-	-	-	-	-	-	-	-	-	-	-	-	-	-	e	-	-	-	-	-	-	-	-	-	-	-	-	-	-	-	-	-	-	gweda	-	-	gwedwch	-	-	-	-
gwirfoddoli	-	-	gwirfoddola	-	-	-	-	-	-	-	-	-	-	-	-	-	e	-	-	-	-	-	-	-	-	-	-	-	gwirfoddolwn	gwirfoddolit	gwirfoddolai	gwirfoddolem	gwirfoddolech	gwirfoddolent	-	gwirfoddola	-	-	-	-	-	-	gwirfoddoladwy
gwirio	-	gwiriei	gwiriâ	gwiriawn	gwiriewch	gwiriânt	gwirieir	-	-	-	-	-	-	-	gwirieais	gwirieaist	e	-	-	-	gwiriawyd	-	-	-	-	-	-	-	gwiriawn	gwiriait	gwiriao	gwiriaem	gwiriaech	gwiriaent	gwiriaer	gwiria	gwiriaed	gwiriawn	gwiriewch	gwiriaent	gwiriaer	-	gwiriadwy
gwisgo	-	-	-	-	-	-	-	-	-	-	-	-	-	-	-	-	e	-	-	-	-	-	-	-	-	-	-	-	gwisgwn	gwisgit	gwisgai	gwisgem	gwisgech	gwisgent	-	-	-	-	-	-	-	-	gwisgadwy
gwlana	-	gwleni	gwlana	-	-	-	gwlenir	-	-	-	-	-	-	-	gwlenais	gwlenaist	e	-	-	-	-	-	-	-	-	-	-	-	gwlanwn	gwlanit	gwlanai	gwlanem	gwlanech	gwlanent	-	gwlana	-	-	-	-	-	-	gwlanadwy
gwlitho	-	-	gwlitha	-	-	-	-	-	-	-	-	-	-	-	-	-	e	-	-	-	-	-	-	-	-	-	-	-	gwlithwn	gwlithit	gwlithai	gwlithem	gwlithech	gwlithent	-	gwlitha	-	-	-	-	-	-	gwlithadwy
gwneud	gwnaf	gwnei	gwna	gwnawn	gwnelwch	gwnelant	gwneir	gwnawn	gwnait	gwnâi	gwnaem	gwnaech	gwnaent	gwneid	gwneuthum	gwnaethost	e	gwnaethom	gwnaethoch	gwnaethant	gwnaed	gwnaethwn	gwnaethit	gwnaethai	gwnaethem	gwnaethech	gwnaethent	gwnaethid	gwnelwn	gwnelit	gwnelai	gwnelem	gwnelech	gwnelent	gwnaer	gwna	gwnaed	gwnawn	gwnewch	gwnaent	gwnaer	gneud	gwneuthuradwy
gwnïo	gwniaf	gwnii	gwnia	gwniwn	gwniwch	gwniant	gwniir	gwniwn	gwniit	gwniai	gwniem	gwniech	gwnient	gwniid	gwniais	gwniaist	e	gwniasom	gwniasoch	gwniasant	gwniwyd	gwniaswn	gwniasit	gwniasai	gwniasem	gwniasech	gwniasent	gwniasid	gwniwyf	gwniech	gwnio	gwniom	gwnioch	gwniont	gwnier	gwnia	gwnied	gwniwn	gwniwch	gwnient	gwnier	-	gwniedig
gwrando	gwrandawaf	gwarandewi	gwrendy	gwrandawn	gwarandewch	gwrandawant	gwarandewir	gwrandawn	gwrandawit	gwrandawai	gwrandawem	gwrandawech	gwrandawent	gwarandewid	gwarandewais	gwarandewaist	e	gwrandawsom	gwrandawsoch	gwrandawsant	gwrandawyd	gwrandawswn	gwrandawsit	gwrandawsai	gwrandawsem	gwrandawsech	gwrandawsent	gwarandewsid	gwrandawyf	gwarandewych	gwrandawo	gwrandawom	gwrandawoch	gwrandawont	gwrandawer	gwranda	gwrandawed	gwrandawn	gwarandewch	gwrandawent	gwrandawer	-	gwrandawadwy
gwreiddio	-	gwreiddi	gwreiddia	-	-	-	gwreiddir	-	gwreiddit	-	-	-	-	gwreiddid	-	-	e	-	-	-	-	-	-	-	-	-	-	-	-	gwreiddiech	-	-	-	-	-	gwreiddia	-	-	-	-	-	-	gwreiddiadwy
gwresogi	-	-	-	-	-	-	-	-	-	-	-	-	-	-	-	-	e	-	-	-	-	-	-	-	-	-	-	-	gwresogwn	gwresogit	gwresogai	gwresogem	gwresogech	gwresogent	-	-	-	-	-	-	-	-	gwresogadwy
gwrtaith	gwrteithiaf	-	-	-	-	-	-	-	-	-	-	-	-	-	-	-	-	-	-	-	-	-	-	-	-	-	-	-	-	-	-	-	-	-	-	-	-	-	-	-	-	-	-
gwrthdaro	gwrthdrawaf	gwrthdrewi	gwrthdrawa	gwrthdrawn	gwrthdrawch	gwrthdrawant	gwrthdrewir	gwrthdrawn	gwrthdrawit	gwrthdrawai	gwrthdrawem	gwrthdrawech	gwrthdrawent	gwrthdrewid	gwrthdrewais	gwrthdrewaist	e	gwrthdrawsom	gwrthdrawsoch	gwrthdrawsant	gwrthdrawyd	gwrthdrawswn	gwrthdrawsit	gwrthdrawsai	gwrthdrawsem	gwrthdrawsech	gwrthdrawsent	gwrthdrawsid	gwrthdrawyf	gwrthdrewych	gwrthdrawo	gwrthdrawom	gwrthdrawoch	gwrthdrawont	gwrthdrawer	gwrthdrawa	gwrthdrawed	gwrthdrawn	gwrthdrawch	gwrthdrawent	gwrthdrawer	-	gwrthdrawadwy
gwrthdystio	-	gwrthdysti	gwrthdystia	-	-	-	gwrthdystir	-	gwrthdystit	-	-	-	-	gwrthdystid	-	-	e	-	-	-	-	-	-	-	-	-	-	-	-	gwrthdystiech	-	-	-	-	-	gwrthdystia	-	-	-	-	-	-	gwrthdystadwy
gwrthgyferbynnu	-	-	gwrthgyferbynna	-	-	-	-	-	-	-	-	-	-	-	-	-	e	gwrthgyferbynasom	gwrthgyferbynasoch	gwrthgyferbynasant	-	gwrthgyferbynaswn	gwrthgyferbynasit	gwrthgyferbynasai	gwrthgyferbynasem	gwrthgyferbynasech	gwrthgyferbynasent	gwrthgyferbynasid	gwrthgyferbynnwn	gwrthgyferbynnit	gwrthgyferbynnai	gwrthgyferbynnem	gwrthgyferbynnech	gwrthgyferbynnent	-	gwrthgyferbynna	-	-	-	-	-	-	gwrthgyferbynadwy
gwrthod	-	-	gwrthyd	-	-	-	-	-	-	-	-	-	-	-	-	-	-	-	-	-	-	-	-	-	-	-	-	-	-	-	-	-	-	-	-	gwrthoda	-	-	-	-	-	-	-
gwrthryfela	-	-	gwrthryfela	-	-	-	-	-	-	-	-	-	-	-	-	-	e	-	-	-	-	-	-	-	-	-	-	-	gwrthryfelwn	gwrthryfelit	gwrthryfelai	gwrthryfelem	gwrthryfelech	gwrthryfelent	-	gwrthryfela	-	-	-	-	-	-	gwrthryfeladwy
gwrthwynebu	-	-	gwrthwyneba	-	-	-	-	-	-	-	-	-	-	-	-	-	e	-	-	-	-	-	-	-	-	-	-	-	gwrthwynebwn	gwrthwynebit	gwrthwynebai	gwrthwynebem	gwrthwynebech	gwrthwynebent	-	gwrthwyneba	-	-	-	-	-	-	gwrthwynebadwy
gwrywgydio	gwrwygydiaf	-	-	-	-	-	-	-	-	-	-	-	-	-	-	-	-	-	-	-	-	-	-	-	-	-	-	-	-	-	-	-	-	-	-	-	-	-	-	-	-	-	-
gwthio	-	gwthi	gwthia	-	-	-	gwthir	-	gwthit	-	-	-	-	gwthid	-	-	e	-	-	-	-	-	-	-	-	-	-	-	-	gwthiech	-	-	-	-	-	gwthia	-	-	-	-	-	-	gwthiadwy
gwybod	gwn	gwyddost	gŵyr	gwyddom	gwyddoch	gwyddant	gwyddir	gwyddwn	gwyddit	fo	gwyddem	gwyddech	gwyddent	gwybyddid	gwybûm	gwybuost	gwybu	gwybuom	gwybuoch	gwybuant	gwybuwyd	gwybuaswn	gwybuasit	gwybuasai	gwybuasem	gwybuasech	gwybuasent	gwybuasid	gwybyddwn	gwybyddit	gwybyddai	gwybyddem	gwybyddech	gwybyddent	gwybydder	gwybydd	gwybydded	gwybyddwn	gwybyddwch	gwybyddent	gwybydder	-	gwybodadwy
gwylio	-	gwyli	-	-	-	-	gwylir	-	gwylit	-	-	-	-	gwylid	-	-	-	-	-	-	-	-	-	-	-	-	-	-	-	gwyliech	-	-	-	-	-	-	-	-	-	-	-	-	-
gwymona	-	-	gwymona	-	-	-	-	-	-	-	-	-	-	-	-	-	e	-	-	-	-	-	-	-	-	-	-	-	gwymonwn	gwymonit	gwymonai	gwymonem	gwymonech	gwymonent	-	gwymona	-	-	-	-	-	-	gwymonadwy
gwynnu	-	-	gwynna	-	-	-	-	-	-	-	-	-	-	-	-	-	-	-	-	-	-	-	-	-	-	-	-	-	gwynnwn	gwynnit	gwynnai	gwynnem	gwynnech	gwynnent	-	gwynna	-	-	-	-	-	-	-
gwyntio	-	gwynti	gwyntia	-	-	-	gwyntir	-	gwyntit	-	-	-	-	gwyntid	-	-	e	-	-	-	-	-	-	-	-	-	-	-	-	gwyntiech	-	-	-	-	-	gwyntia	-	-	-	-	-	-	gwyntiadwy
gwyro	-	-	gwyra	-	-	-	-	-	-	-	-	-	-	-	-	-	e	-	-	-	-	-	-	-	-	-	-	-	gwyrwn	gwyrit	gwyrai	gwyrem	gwyrech	gwyrent	-	gwyra	-	-	-	-	-	-	gwyradwy
gwân	gwanaf	-	-	-	-	-	-	-	-	-	-	-	-	-	-	-	-	-	-	-	-	-	-	-	-	-	-	-	-	-	-	-	-	-	-	-	-	-	-	-	-	-	-
gyrru	-	-	gyr	-	-	-	-	-	-	-	-	-	-	-	-	-	e	gyrasom	gyrasoch	gyrasant	-	gyraswn	gyrasit	gyrasai	gyrasem	gyrasech	gyrasent	gyrasid	gyrrwn	gyrrit	gyrrai	gyrrem	gyrrech	gyrrent	-	gyr	-	-	-	-	-	-	gyradwy
hadu	-	hedi	hada	-	-	-	hedir	-	-	-	-	-	-	-	hedais	hedaist	e	-	-	-	-	-	-	-	-	-	-	-	hadwn	hadit	hadai	hadem	hadech	hadent	-	hada	-	-	-	-	-	-	-
haeru	-	-	haera	-	-	-	-	-	-	-	-	-	-	-	-	-	e	-	-	-	-	-	-	-	-	-	-	-	haerwn	haerit	haerai	haerem	haerech	haerent	-	haera	-	-	-	-	-	-	haeradwy
hafgysgu	-	-	hafgwsg	-	-	-	-	-	-	-	-	-	-	-	-	-	e	-	-	-	-	-	-	-	-	-	-	-	hafgysgwn	hafgysgit	hafgysgai	hafgysgem	hafgysgech	hafgysgent	-	hafgwsg	-	-	-	-	-	-	hafgysgadwy
hafota	hafotaaf	hafotai	hafota	hafotawn	hafotawch	hafotaant	hafotair	-	-	-	-	-	-	-	hafotaais	hafotaaist	e	hafotaasom	hafotaasoch	hafotaasant	hafotawyd	hafotaaswn	hafotaasit	hafotaasai	hafotaasem	hafotaasech	hafotaasent	hafotaasid	hafotawn	hafotait	hafotaai	hafotaem	hafotaech	hafotaent	hafotaer	hafota	hafotaed	hafotawn	hafotawch	hafotaent	hafotaer	-	hafotaadwy
hala	-	heli	hela	helwn	helwch	helant	helir	-	-	-	-	-	-	-	helais	helaist	e	helasom	helasoch	helasant	helwyd	helaswn	helasit	helasai	helasem	helasech	helasent	helasid	helwn	helit	helai	helem	helech	helent	heler	hela	heled	helwn	helwch	helent	heler	-	heladwy
halio	-	-	halia	-	-	-	-	-	-	-	-	-	-	-	-	-	e	-	-	-	-	-	-	-	-	-	-	-	haliwn	haliit	haliai	haliem	haliech	halient	-	halia	-	-	-	-	-	-	haliadwy
haneru	-	-	hanera	-	-	-	-	-	-	-	-	-	-	-	-	-	e	-	-	-	-	-	-	-	-	-	-	-	hanerwn	hanerit	hanerai	hanerem	hanerech	hanerent	-	hanera	-	-	-	-	-	-	haneradwy
hanfod	hanfyddaf	hanfyddi	hanfydd	hanfyddwn	hanfyddwch	hanfyddant	hanfyddir	hanfyddwn	hanfyddit	hanfyddai	hanfyddem	hanfyddech	hanfyddent	hanfyddid	hanfyddais	hanfuost	hanfu	hanfuom	hanfuoch	hanfuant	hanfuwyd	hanfuaswn	hanfuasit	hanfuasai	hanfuasem	hanfuasech	hanfuasent	hanfuasid	hanfyddwyf	hanfyddych	hanfyddo	hanfyddom	hanfyddoch	hanfyddont	hanfydder	hanfydda	hanfydded	hanfyddwn	hanfyddwch	hanfyddent	hanfydder	-	hanfyddadwy
hawlio	-	hawli	hawlia	-	-	-	hawlir	-	hawlit	-	-	-	-	hawlid	-	-	e	-	-	-	-	-	-	-	-	-	-	-	-	hawliech	-	-	-	-	-	hawlia	-	-	-	-	-	-	hawliadwy
heboca	-	-	heboca	-	-	-	-	-	-	-	-	-	-	-	-	-	e	-	-	-	-	-	-	-	-	-	-	-	hebocwn	hebocit	hebocai	hebocem	hebocech	hebocent	-	heboca	-	-	-	-	-	-	hebocadwy
hebrwng	hebryngaf	-	-	-	-	-	-	-	-	-	-	-	-	-	-	-	-	-	-	-	-	-	-	-	-	-	-	-	-	-	-	-	-	-	-	-	-	-	-	-	-	-	-
hedeg	hedaf	hedi	hed	hedwn	hedwch	hedant	hedir	-	-	-	-	-	-	-	hedais	hedaist	e	hedasom	hedasoch	hedasant	hedwyd	hedaswn	hedasit	hedasai	hedasem	hedasech	hedasent	hedasid	hedwn	hedit	hedai	hedem	hedech	hedent	heder	hed	heded	hedwn	hedwch	hedent	heder	-	hedadwy
heintio	-	heinti	heintia	-	-	-	heintir	-	heintit	-	-	-	-	heintid	-	-	e	-	-	-	-	-	-	-	-	-	-	-	-	heintiech	-	-	-	-	-	heintia	-	-	-	-	-	-	heintiadwy
hel	-	-	hela	-	-	-	-	-	-	-	-	-	-	-	-	-	e	-	-	-	-	-	-	-	-	-	-	-	helwn	helit	helai	helem	helech	helent	-	hela	-	-	-	-	-	-	heladwy
helpu	-	-	helpa	-	-	-	-	-	-	-	-	-	-	-	-	-	e	-	-	-	-	-	-	-	-	-	-	-	helpwn	helpit	helpai	helpem	helpech	helpent	-	helpa	-	-	-	-	-	-	helpadwy
hendrefa	-	-	hendrefa	-	-	-	-	-	-	-	-	-	-	-	-	-	e	-	-	-	-	-	-	-	-	-	-	-	hendrefwn	hendrefit	hendrefai	hendrefem	hendrefech	hendrefent	-	hendrefa	-	-	-	-	-	-	hendrefadwy
herwhela	-	-	herwhela	-	-	-	-	-	-	-	-	-	-	-	-	-	e	-	-	-	-	-	-	-	-	-	-	-	herwhelwn	herwhelit	herwhelai	herwhelem	herwhelech	herwhelent	-	herwhela	-	-	-	-	-	-	herwheladwy
heulo	-	-	-	-	-	-	-	-	-	-	-	-	-	-	-	-	e	-	-	-	-	-	-	-	-	-	-	-	heulwn	heulit	heulai	heulem	heulech	heulent	-	-	-	-	-	-	-	-	heuladwy
hidlo	-	-	hidla	-	-	-	-	-	-	-	-	-	-	-	-	-	e	-	-	-	-	-	-	-	-	-	-	-	hidlwn	hidlit	hidlai	hidlem	hidlech	hidlent	-	hidla	-	-	-	-	-	-	hidladwy
hisian	hisiaf	-	-	-	-	-	-	-	-	-	-	-	-	-	-	-	-	-	-	-	-	-	-	-	-	-	-	-	-	-	-	-	-	-	-	-	-	-	-	-	-	-	-
hoelio	-	hoeli	hoelia	-	-	-	hoelir	-	hoelit	-	-	-	-	hoelid	-	-	-	-	-	-	-	-	-	-	-	-	-	-	-	hoeliech	-	-	-	-	-	hoelia	-	-	-	-	-	-	-
hoetian	hoetiaf	hoeti	hoetia	hoetiwn	hoetiwch	hoetiant	hoetir	hoetiwn	hoetit	hoetiai	hoetiem	hoetiech	hoetient	hoetid	hoetiais	hoetiaist	e	hoetiasom	hoetiasoch	hoetiasant	hoetiwyd	hoetiaswn	hoetiasit	hoetiasai	hoetiasem	hoetiasech	hoetiasent	hoetiasid	hoetiwyf	hoetiech	hoetio	hoetiom	hoetioch	hoetiont	hoetier	hoetia	hoetied	hoetiwn	hoetiwch	hoetient	hoetier	-	hoetiadwy
hoffi	-	-	hoffa	-	-	-	-	-	-	-	-	-	-	-	-	-	e	-	-	-	-	-	-	-	-	-	-	-	hoffwn	hoffit	hoffai	hoffem	hoffech	hoffent	-	hoffa	-	-	-	-	-	-	hoffadwy
holi	-	-	hawl	-	-	-	-	-	-	-	-	-	-	-	-	-	e	-	-	-	-	-	-	-	-	-	-	-	holwn	holit	holai	holem	holech	holent	-	hola	-	-	-	-	-	-	holadwy
hollti	-	-	hollta	-	-	-	-	-	-	-	-	-	-	-	-	-	e	-	-	-	-	-	-	-	-	-	-	-	holltwn	holltit	holltai	holltem	holltech	holltent	-	hollta	-	-	-	-	-	-	holltadwy
honni	-	-	honna	-	-	-	-	-	-	-	-	-	-	-	-	-	e	honasom	honasoch	honasant	-	honaswn	honasit	honasai	honasem	honasech	honasent	honasid	honnwn	honnit	honnai	honnem	honnech	honnent	-	honna	-	-	-	-	-	-	honadwy
hudo	-	-	huda	-	-	-	-	-	-	-	-	-	-	-	-	-	-	-	-	-	-	-	-	-	-	-	-	-	-	-	-	-	-	-	-	huda	-	-	-	-	-	-	hudedighudadwy
hunanynysu	-	-	hunanynysa	-	-	-	-	-	-	-	-	-	-	-	-	-	e	-	-	-	-	-	-	-	-	-	-	-	hunanynyswn	hunanynysit	hunanynysai	hunanynysem	hunanynysech	hunanynysent	-	hunanynysa	-	-	-	-	-	-	hunanynysadwy
huno	-	-	-	-	-	-	-	-	-	-	-	-	-	-	-	-	-	-	-	-	-	-	-	-	-	-	-	-	hunwn	hunit	hunai	hunem	hunech	hunent	-	-	-	-	-	-	-	-	hunadwy
hwpo	hwpafaf	-	-	-	-	-	-	-	-	-	-	-	-	-	-	-	e	-	-	-	-	-	-	-	-	-	-	-	-	-	-	-	-	-	-	hwpa	-	-	-	-	-	-	-
hwylio	-	hwyli	hwylia	-	-	-	hwylir	-	hwylit	-	-	-	-	hwylid	-	-	e	-	-	-	-	-	-	-	-	-	-	-	-	hwyliech	-	-	-	-	-	hwylia	-	-	-	-	-	-	hwyliadwy
hybu	-	-	hyba	-	-	-	-	-	-	-	-	-	-	-	-	-	e	-	-	-	-	-	-	-	-	-	-	-	hybwn	hybit	hybai	hybem	hybech	hybent	-	hyba	-	-	-	-	-	-	hybadwy
hydoddeiddio	-	hydoddeiddi	hydoddeiddia	-	-	-	hydoddeiddir	-	hydoddeiddit	-	-	-	-	hydoddeiddid	-	-	e	-	-	-	-	-	-	-	-	-	-	-	-	hydoddeiddiech	-	-	-	-	-	hydoddeiddia	-	-	-	-	-	-	hydoddeiddiadwy
hydoddi	-	-	hydawdd	-	-	-	-	-	-	-	-	-	-	-	-	-	e	-	-	-	-	-	-	-	-	-	-	-	hydoddwn	hydoddit	hydoddai	hydoddem	hydoddech	hydoddent	-	hydodda	-	-	-	-	-	-	hydoddadwy
hyfforddi	-	-	hyffordda	-	-	-	-	-	-	-	-	-	-	-	-	-	e	-	-	-	-	-	-	-	-	-	-	-	hyfforddwn	hyfforddit	hyfforddai	hyfforddem	hyfforddech	hyfforddent	-	hyffordda	-	-	-	-	-	-	hyfforddadwy
hyrwyddo	-	-	hyrwydda	-	-	-	-	-	-	-	-	-	-	-	-	-	e	-	-	-	-	-	-	-	-	-	-	-	hyrwyddwn	hyrwyddit	hyrwyddai	hyrwyddem	hyrwyddech	hyrwyddent	-	hyrwydda	-	-	-	-	-	-	hyrwyddadwy
hysbysebu	-	-	-	-	-	-	-	-	-	-	-	-	-	-	-	-	e	-	-	-	-	-	-	-	-	-	-	-	hysbysebwn	hysbysebit	hysbysebai	hysbysebem	hysbysebech	hysbysebent	-	-	-	-	-	-	-	-	hysbysebadwy
hysbysu	-	-	hysbysa	-	-	-	-	-	-	-	-	-	-	-	-	-	e	-	-	-	-	-	-	-	-	-	-	-	hysbyswn	hysbysit	hysbysai	hysbysem	hysbysech	hysbysent	-	hysbysa	-	-	-	-	-	-	hysbysadwy
iacháu	iachaf	iachei	iachâ	iachawn	iachewch	iachânt	iacheir	-	-	-	-	-	-	-	iacheais	iacheaist	e	iachasom	iachasoch	iachasant	iachawyd	iachaswn	iachasit	iachasai	iachasem	iachasech	iachasent	iachasid	iachawn	iachait	iachao	iachaem	iachaech	iachaent	iachaer	iachâ	iachaed	iachawn	iachawch	iachaent	iachaer	-	iachadwy
iadflingo	-	-	iadflinga	-	-	-	-	-	-	-	-	-	-	-	-	-	e	-	-	-	-	-	-	-	-	-	-	-	iadflingwn	iadflingit	iadflingai	iadflingem	iadflingech	iadflingent	-	iadflinga	-	-	-	-	-	-	-
integru	-	-	integra	-	-	-	-	-	-	-	-	-	-	-	-	-	e	-	-	-	-	-	-	-	-	-	-	-	integrwn	integrit	integrai	integrem	integrech	integrent	-	integra	-	-	-	-	-	-	integradwy
iro	-	-	ira	-	-	-	-	-	-	-	-	-	-	-	-	-	-	-	-	-	-	-	-	-	-	-	-	-	-	-	-	-	-	-	-	ira	-	-	-	-	-	-	iredigiradwy
is-deitlo	-	-	is-deitla	-	-	-	-	-	-	-	-	-	-	-	-	-	e	-	-	-	-	-	-	-	-	-	-	-	is-deitlwn	is-deitlit	is-deitlai	is-deitlem	is-deitlech	is-deitlent	-	is-deitla	-	-	-	-	-	-	is-deitladwy
is-teitlo	-	-	is-teitla	-	-	-	-	-	-	-	-	-	-	-	-	-	e	-	-	-	-	-	-	-	-	-	-	-	is-teitlwn	is-teitlit	is-teitlai	is-teitlem	is-teitlech	is-teitlent	-	is-teitla	-	-	-	-	-	-	is-teitladwy
isdeitlo	-	-	isdeitla	-	-	-	-	-	-	-	-	-	-	-	-	-	e	-	-	-	-	-	-	-	-	-	-	-	isdeitlwn	isdeitlit	isdeitlai	isdeitlem	isdeitlech	isdeitlent	-	isdeitla	-	-	-	-	-	-	isdeitladwy
isrannu	-	isrenni	isranna	-	-	-	isrennir	-	-	-	-	-	-	-	isrennais	isrennaist	e	isranasom	isranasoch	isranasant	-	isranaswn	isranasit	isranasai	isranasem	isranasech	isranasent	isranasid	isrannwn	isrannit	isrannai	isrannem	isrannech	isrannent	-	isranna	-	-	-	-	-	-	isranadwy
isteitlo	-	-	isteitla	-	-	-	-	-	-	-	-	-	-	-	-	-	e	-	-	-	-	-	-	-	-	-	-	-	isteitlwn	isteitlit	isteitlai	isteitlem	isteitlech	isteitlent	-	isteitla	-	-	-	-	-	-	isteitladwy
joio	-	-	-	-	-	-	-	-	-	-	-	-	-	-	-	-	-	-	-	-	-	-	-	-	-	-	-	-	joiwn	joiit	joiai	joiem	joiech	joient	-	-	-	-	-	-	-	-	joiadwy
jolihoetian	jolihoetiaf	jolihoeti	jolihoetia	jolihoetiwn	jolihoetiwch	jolihoetiant	jolihoetir	jolihoetiwn	jolihoetit	jolihoetiai	jolihoetiem	jolihoetiech	jolihoetient	jolihoetid	jolihoetiais	jolihoetiaist	e	jolihoetiasom	jolihoetiasoch	jolihoetiasant	jolihoetiwyd	jolihoetiaswn	jolihoetiasit	jolihoetiasai	jolihoetiasem	jolihoetiasech	jolihoetiasent	jolihoetiasid	jolihoetiwyf	jolihoetiech	jolihoetio	jolihoetiom	jolihoetioch	jolihoetiont	jolihoetier	jolihoetia	jolihoetied	jolihoetiwn	jolihoetiwch	jolihoetient	jolihoetier	-	jolihoetiadwy
lansio	-	lensi	lansia	-	-	-	lensir	-	lensit	-	-	-	-	lensid	lensiais	lensiaist	e	-	-	-	-	-	-	-	-	-	-	-	-	lensiech	-	-	-	-	-	lansia	-	-	-	-	-	-	lansiadwy
lapio	-	lepi	lapia	-	-	-	lepir	-	lepit	-	-	-	-	lepid	lepiais	lepiaist	e	-	-	-	-	-	-	-	-	-	-	-	-	lepiech	-	-	-	-	-	lapia	-	-	-	-	-	-	lapiadwy
leicio	-	leici	leicia	-	-	-	leicir	-	leicit	-	-	-	-	leicid	-	-	e	-	-	-	-	-	-	-	-	-	-	-	-	leiciech	-	-	-	-	-	leicia	-	-	-	-	-	-	leiciadwy
licio	-	-	-	-	-	-	-	-	-	-	-	-	-	-	-	-	e	-	-	-	-	-	-	-	-	-	-	-	-	-	-	-	-	-	-	licia	-	-	-	-	-	-	-
llacio	-	lleci	llacia	-	-	-	llecir	-	llecit	-	-	-	-	llecid	lleciais	lleciaist	e	-	-	-	-	-	-	-	-	-	-	-	-	lleciech	-	-	-	-	-	llacia	-	-	-	-	-	-	llaciadwy
llacáu	llacâf	llacei	llacâ	llacawn	llacewch	llacânt	llaceir	-	-	-	-	-	-	-	llaceais	llaceaist	llacaodd	llacasom	llacasoch	llacasant	llacawyd	llacaswn	llacasit	llacasai	llacasem	llacasech	llacasent	llacasid	llacawn	llacait	llacao	llacaem	llacaech	llacaent	llacaer	llacâ	llacaed	llacawn	llacewch	llacaent	llacaer	-	llacadwy
lladd	-	lleddi	-	-	lleddwch	-	lleddir	-	-	-	-	-	-	lleddid	lleddais	lleddaist	-	-	-	-	-	-	-	-	-	-	-	-	-	lleddych	-	-	-	-	-	-	-	-	lleddwch	-	-	-	-
lladrata	-	lladreti	lladrata	-	-	-	lladretir	-	-	-	-	-	-	-	lladretais	lladretaist	e	-	-	-	-	-	-	-	-	-	-	-	lladratwn	lladratit	lladratai	lladratem	lladratech	lladratent	-	lladrata	-	-	-	-	-	-	lladratadwy
llamu	-	llemi	llama	-	-	-	llemir	-	-	-	-	-	-	-	llemais	llemaist	e	-	-	-	-	-	-	-	-	-	-	-	llamwn	llamit	llamai	llamem	llamech	llament	-	llama	-	-	-	-	-	-	llamadwy
llanw	llanwaf	llenwi	lleinw	-	llenwch	llanwant	llenwir	-	llanwit	llanwai	llanwem	llanwech	llanwent	llenwid	llenwais	llenwaist	llanwodd	llanwasom	llanwasoch	llanwasant	-	llanwaswn	llanwasit	llanwasai	llanwasem	llanwasech	llanwasent	llanwasid	-	llenwych	llanwo	llanwom	llanwoch	llanwont	llanwer	llanw	llanwed	-	llenwch	llanwent	llanwer	-	llanwedig
llathru	-	-	-	-	-	-	-	-	-	-	-	-	-	-	-	-	e	-	-	-	-	-	-	-	-	-	-	-	llathrwn	llathrit	llathrai	llathrem	llathrech	llathrent	-	-	-	-	-	-	-	-	llathradwy
llawenhau	llawenhaf	-	-	-	-	-	-	-	-	-	-	-	-	-	-	-	-	-	-	-	-	-	-	-	-	-	-	-	-	-	-	-	-	-	-	-	-	-	-	-	-	-	-
llechu	-	-	llecha	-	-	-	-	-	-	-	-	-	-	-	-	-	e	-	-	-	-	-	-	-	-	-	-	-	llechwn	llechit	llechai	llechem	llechech	llechent	-	llecha	-	-	-	-	-	-	llechadwy
lled-orwedd	-	-	-	-	-	-	-	-	-	-	-	-	-	-	-	-	e	-	-	-	-	-	-	-	-	-	-	-	lled-orweddwn	lled-orweddit	lled-orweddai	lled-orweddem	lled-orweddech	lled-orweddent	-	-	-	-	-	-	-	-	lled-orweddadwy
lleddfu	-	-	lleddfa	-	-	-	-	-	-	-	-	-	-	-	-	-	e	-	-	-	-	-	-	-	-	-	-	-	lleddfwn	lleddfit	lleddfai	lleddfem	lleddfech	lleddfent	-	lleddfa	-	-	-	-	-	-	lleddfadwy
lledu	-	-	-	-	-	-	-	-	-	-	-	-	-	-	-	-	e	-	-	-	-	-	-	-	-	-	-	-	lledwn	lledit	lledai	lledem	lledech	lledent	-	-	-	-	-	-	-	-	lledadwy
llefaru	-	lleferi	llefair	-	-	-	lleferir	-	-	-	-	-	-	-	lleferais	lleferaist	e	-	-	-	-	-	-	-	-	-	-	-	llefarwn	llefarit	llefarai	llefarem	llefarech	llefarent	-	llefara	-	-	-	-	-	-	llefaradwy
lleihau	lleihaf	lleihi	-	lleihwn	lleihwch	lleihant	lleihir	lleihwn	lleihit	lleihai	lleihem	lleihech	lleihent	lleihid	lleihais	lleihaist	lleihodd	lleiasom	lleiasoch	lleiasant	lleihwyd	lleiaswn	lleiasit	lleiasai	lleiasem	lleiasech	lleiasent	lleiasid	lleihwyf	lleihych	lleiho	lleihom	lleihoch	lleihont	lleiher	-	lleihed	lleihwn	lleihwch	lleihent	lleiher	-	lleiedig
lleisio	-	lleisi	lleisia	-	-	-	lleisir	-	lleisit	-	-	-	-	lleisid	-	-	e	-	-	-	-	-	-	-	-	-	-	-	-	lleisiech	-	-	-	-	-	lleisia	-	-	-	-	-	-	lleisiadwy
llenwi	llanwaf	-	lleinw	llanwn	llanwch	llanwant	-	llanwn	llanwit	llanwai	llanwem	llanwech	llanwent	-	-	-	e	llanwasom	llanwasoch	llanwasant	llanwyd	llanwaswn	llanwasit	llanwasai	llanwasem	llanwasech	llanwasent	llanwasid	llanwyf	-	llanwo	llanwom	llanwoch	llanwont	llanwer	llanw	llanwed	llanwn	llanwch	llanwent	llanwer	-	llanwadwy
lleoli	-	-	lleola	-	-	-	-	-	-	-	-	-	-	-	-	-	-	-	-	-	-	-	-	-	-	-	-	-	-	-	-	-	-	-	-	lleola	-	-	-	-	-	-	-
llesgáu	llesgâf	llesgei	llesgâ	llesgawn	llesgewch	llesgânt	llesgeir	-	-	-	-	-	-	-	llesgeais	llesgeaist	e	llesgasom	llesgasoch	llesgasant	llesgawyd	llesgaswn	llesgasit	llesgasai	llesgasem	llesgasech	llesgasent	llesgasid	llesgawn	llesgait	llesgao	llesgaem	llesgaech	llesgaent	llesgaer	llesgâ	llesgaed	llesgawn	llesgawch	llesgaent	llesgaer	-	llesgadwy
llesteirio	-	llesteiri	llesteiria	-	-	-	llesteirir	-	llesteirit	-	-	-	-	llesteirid	-	-	e	-	-	-	-	-	-	-	-	-	-	-	-	llesteiriech	-	-	-	-	-	llesteiria	-	-	-	-	-	-	llesteiriadwy
llesáu	llesâf	llesei	llesâ	llesawn	llesewch	llesânt	lleseir	-	-	-	-	-	-	-	lleseais	lleseaist	llesaodd	llesasom	llesasoch	llesasant	llesawyd	llesaswn	llesasit	llesasai	llesasem	llesasech	llesasent	llesasid	llesawn	llesait	llesao	llesaem	llesaech	llesaent	llesaer	llesâ	llesaed	llesawn	llesewch	llesaent	llesaer	-	llesadwy
llethu	-	-	lletha	-	-	-	-	-	-	-	-	-	-	-	-	-	e	-	-	-	-	-	-	-	-	-	-	-	llethwn	llethit	llethai	llethem	llethech	llethent	-	lletha	-	-	-	-	-	-	llethadwy
lleua	-	-	lleua	-	-	-	-	-	-	-	-	-	-	-	-	-	e	-	-	-	-	-	-	-	-	-	-	-	lleuwn	lleuit	lleuai	lleuem	lleuech	lleuent	-	lleua	-	-	-	-	-	-	lleuadwy
llewyrchu	-	-	llewyrcha	-	-	-	-	-	-	-	-	-	-	-	-	-	e	-	-	-	-	-	-	-	-	-	-	-	llewyrchwn	llewyrchit	llewyrchai	llewyrchem	llewyrchech	llewyrchent	-	llewyrcha	-	-	-	-	-	-	llewyrchadwy
llifio	-	llifi	llifia	-	-	-	llifir	-	llifit	-	-	-	-	llifid	-	-	e	-	-	-	-	-	-	-	-	-	-	-	-	llifiech	-	-	-	-	-	llifia	-	-	-	-	-	-	llifadwy
llifo	-	-	llifa	-	-	-	-	-	-	-	-	-	-	-	-	-	e	-	-	-	-	-	-	-	-	-	-	-	llifwn	llifit	llifai	llifem	llifech	llifent	-	llifa	-	-	-	-	-	-	llifadwy
llindagu	-	llindegi	llindaga	-	-	-	llindegir	-	-	-	-	-	-	-	llindegais	llindegaist	e	-	-	-	-	-	-	-	-	-	-	-	llindagwn	llindagit	llindagai	llindagem	llindagech	llindagent	-	llindaga	-	-	-	-	-	-	llindagadwy
lliniaru	-	llinieri	lliniara	-	-	-	llinierir	-	-	-	-	-	-	-	llinierais	llinieraist	e	-	-	-	-	-	-	-	-	-	-	-	lliniarwn	lliniarit	lliniarai	lliniarem	lliniarech	lliniarent	-	lliniara	-	-	-	-	-	-	lliniaradwy
llithro	-	-	llithra	-	-	-	-	-	-	-	-	-	-	-	-	-	e	-	-	-	-	-	-	-	-	-	-	-	llithrwn	llithrit	llithrai	llithrem	llithrech	llithrent	-	llithra	-	-	-	-	-	-	llithradwy
lliwio	-	lliwi	lliwia	-	-	-	lliwir	-	lliwit	-	-	-	-	lliwid	-	-	e	-	-	-	-	-	-	-	-	-	-	-	-	lliwiech	-	-	-	-	-	lliwia	-	-	-	-	-	-	lliwadwy
llnau	llneuaf	-	-	-	-	-	-	-	-	-	-	-	-	-	-	-	e	-	-	-	-	-	-	-	-	-	-	-	-	-	-	-	-	-	-	llneua	-	-	llneuwch	-	-	-	-
llochesu	-	-	-	-	-	-	-	-	-	-	-	-	-	-	-	-	e	-	-	-	-	-	-	-	-	-	-	-	llocheswn	llochesit	llochesai	llochesem	llochesech	llochesent	-	-	-	-	-	-	-	-	llochesadwy
llochi	-	-	llawch	-	-	-	-	-	-	-	-	-	-	-	-	-	e	-	-	-	-	-	-	-	-	-	-	-	llochwn	llochit	llochai	llochem	llochech	llochent	-	llawch	-	-	-	-	-	-	llochadwy
llofruddio	-	llofruddi	llofruddia	-	-	-	llofruddir	-	llofruddit	-	-	-	-	llofruddid	-	-	e	-	-	-	-	-	-	-	-	-	-	-	-	llofruddiech	-	-	-	-	-	llofruddia	-	-	-	-	-	-	-
llogi	-	-	-	-	-	-	-	-	-	-	-	-	-	-	-	-	e	-	-	-	-	-	-	-	-	-	-	-	-	-	-	-	-	-	-	lloga	-	-	-	-	-	-	-
llonni	-	-	-	-	-	-	-	-	-	-	-	-	-	-	-	-	e	llonasom	llonasoch	llonasant	-	llonaswn	llonasit	llonasai	llonasem	llonasech	llonasent	llonasid	llonnwn	llonnit	llonnai	llonnem	llonnech	llonnent	-	llonna	-	-	-	-	-	-	llonadwy
llonyddu	-	-	llonydda	-	-	-	-	-	-	-	-	-	-	-	-	-	e	-	-	-	-	-	-	-	-	-	-	-	llonyddwn	llonyddit	llonyddai	llonyddem	llonyddech	llonyddent	-	llonydda	-	-	-	-	-	-	llonyddadwy
llosgi	-	-	llysg	-	-	-	-	-	-	-	-	-	-	-	-	-	-	-	-	-	-	-	-	-	-	-	-	-	-	-	-	-	-	-	-	-	-	-	-	-	-	-	-
lluddias	lluddiaf	lluddi	lluddi	lluddiwn	lluddiwch	lluddiant	lluddir	lluddiwn	lluddit	lluddiai	lluddiem	lluddiech	lluddient	lluddid	lluddiais	lluddiaist	lluddiodd	lluddiasom	lluddiasoch	lluddiasant	lluddiwyd	lluddiaswn	lluddiasit	lluddiasai	lluddiasem	lluddiasech	lluddiasent	lluddiasid	lluddiwyf	lluddiech	lluddio	lluddiom	lluddioch	lluddiont	lluddier	lluddi	lluddied	lluddiwn	lluddiwch	lluddient	lluddier	-	lluddiedig
llungopïo	llungopiaf	llungopii	llungopia	llungopiwn	llungopiwch	llungopiant	llungopiir	llungopiwn	llungopiit	llungopiai	llungopiem	llungopiech	llungopient	llungopiid	llungopiais	llungopiaist	e	llungopiasom	llungopiasoch	llungopiasant	llungopiwyd	llungopiaswn	llungopiasit	llungopiasai	llungopiasem	llungopiasech	llungopiasent	llungopiasid	llungopiwyf	llungopiech	llungopio	llungopiom	llungopioch	llungopiont	llungopier	llungopia	llungopied	llungopiwn	llungopiwch	llungopient	llungopier	-	-
llunio	-	llunni	llunia	-	-	-	llunnir	-	llunnit	-	-	-	-	llunnid	-	-	e	-	-	-	-	-	-	-	-	-	-	-	-	lluniech	-	-	-	-	-	llunia	-	-	-	-	-	-	lluniadwy
lluosi	-	-	-	-	-	-	-	-	-	-	-	-	-	-	-	-	e	-	-	-	-	-	-	-	-	-	-	-	lluoswn	lluosit	lluosai	lluosem	lluosech	lluosent	-	-	-	-	-	-	-	-	lluosadwy
lluosogi	-	-	-	-	-	-	-	-	-	-	-	-	-	-	-	-	e	-	-	-	-	-	-	-	-	-	-	-	lluosogwn	lluosogit	lluosogai	lluosogem	lluosogech	lluosogent	-	-	-	-	-	-	-	-	lluosogadwy
llurgunio	llurgunaf	-	-	-	-	-	-	-	-	-	-	-	-	-	-	-	-	-	-	-	-	-	-	-	-	-	-	-	-	-	-	-	-	-	-	-	-	-	-	-	-	-	-
llusa	-	-	llusa	-	-	-	-	-	-	-	-	-	-	-	-	-	e	-	-	-	-	-	-	-	-	-	-	-	lluswn	llusit	llusai	llusem	llusech	llusent	-	llusa	-	-	-	-	-	-	llusadwy
llusernu	-	-	-	-	-	-	-	-	-	-	-	-	-	-	-	-	-	-	-	-	-	-	-	-	-	-	-	-	llusernwn	llusernit	llusernai	llusernem	llusernech	llusernent	-	-	-	-	-	-	-	-	llusernadwy
llusgo	-	-	-	-	-	-	-	-	-	-	-	-	-	-	-	-	e	-	-	-	-	-	-	-	-	-	-	-	llusgwn	llusgit	llusgai	llusgem	llusgech	llusgent	-	llusga	-	-	-	-	-	-	llusgadwy
llwfrhau	llwfraf	llwfrei	-	llwfrawn	llwfrewch	llwfrânt	llwfreir	-	-	-	-	-	-	-	llwfreais	llwfreaist	llwfraodd	llwfrasom	llwfrasoch	llwfrasant	llwfrawyd	llwfraswn	llwfrasit	llwfrasai	llwfrasem	llwfrasech	llwfrasent	llwfrasid	llwfrawn	llwfrait	llwfrao	llwfraem	llwfraech	llwfraent	llwfraer	-	llwfraed	llwfrawn	llwfrewch	llwfraent	llwfraer	-	-
llwgu	-	-	-	-	-	-	-	-	-	-	-	-	-	-	-	-	e	-	-	-	-	-	-	-	-	-	-	-	llwgwn	llwgit	llwgai	llwgem	llwgech	llwgent	-	-	-	-	-	-	-	-	llwgadwy
llwyddo	-	-	llwydda	-	-	-	-	-	-	-	-	-	-	-	-	-	e	-	-	-	-	-	-	-	-	-	-	-	llwyddwn	llwyddit	llwyddai	llwyddem	llwyddech	llwyddent	-	llwydda	-	-	-	-	-	-	-
llwydo	-	-	llwyda	-	-	-	-	-	-	-	-	-	-	-	-	-	e	-	-	-	-	-	-	-	-	-	-	-	llwydwn	llwydit	llwydai	llwydem	llwydech	llwydent	-	llwyda	-	-	-	-	-	-	-
llwyfannu	llwyfanaf	-	-	-	-	-	-	-	-	-	-	-	-	-	-	-	-	-	-	-	-	-	-	-	-	-	-	-	-	-	-	-	-	-	-	-	-	-	-	-	-	-	-
llwygo	-	-	-	-	-	-	-	-	-	-	-	-	-	-	-	-	e	-	-	-	-	-	-	-	-	-	-	-	llwygwn	llwygit	llwygai	llwygem	llwygech	llwygent	-	llwyga	-	-	-	-	-	-	llwygadwy
llwytho	-	-	llwytha	-	-	-	-	-	-	-	-	-	-	-	-	-	e	-	-	-	-	-	-	-	-	-	-	-	llwythwn	llwythit	llwythai	llwythem	llwythech	llwythent	-	llwytha	-	-	-	-	-	-	llwythadwy
llygota	-	-	llygota	-	-	-	-	-	-	-	-	-	-	-	-	-	e	-	-	-	-	-	-	-	-	-	-	-	llygotwn	llygotit	llygotai	llygotem	llygotech	llygotent	-	-	-	-	-	-	-	-	llygotadwy
llygru	-	-	llygra	-	-	-	-	-	-	-	-	-	-	-	-	-	e	-	-	-	-	-	-	-	-	-	-	-	llygrwn	llygrit	llygrai	llygrem	llygrech	llygrent	-	llygra	-	-	-	-	-	-	llygradwy
llyncu	-	-	llwnc	-	-	-	-	-	-	-	-	-	-	-	-	-	e	-	-	-	-	-	-	-	-	-	-	-	llyncwn	llyncit	llyncai	llyncem	llyncech	llyncent	-	llynca	-	-	-	-	-	-	llyncadwy
llysieua	-	-	llysieua	-	-	-	-	-	-	-	-	-	-	-	-	-	e	-	-	-	-	-	-	-	-	-	-	-	llysieuwn	llysieuit	llysieuai	llysieuem	llysieuech	llysieuent	-	llysieua	-	-	-	-	-	-	llysieuadwy
llywio	-	llywi	llywia	-	-	-	llywir	-	llywit	-	-	-	-	llywid	-	-	e	-	-	-	-	-	-	-	-	-	-	-	-	llywiech	-	-	-	-	-	llywia	-	-	-	-	-	-	llywadwy
llywodraethu	-	-	llywodraetha	-	-	-	-	-	-	-	-	-	-	-	-	-	e	-	-	-	-	-	-	-	-	-	-	-	llywodraethwn	llywodraethit	llywodraethai	llywodraethem	llywodraethech	llywodraethent	-	llywodraetha	-	-	-	-	-	-	llywodraethadwy
loncian	lonciaf	lonci	loncia	lonciwn	lonciwch	lonciant	loncir	lonciwn	loncit	lonciai	lonciem	lonciech	loncient	loncid	lonciais	lonciaist	lonciodd	lonciasom	lonciasoch	lonciasant	lonciwyd	lonciaswn	lonciasit	lonciasai	lonciasem	lonciasech	lonciasent	lonciasid	lonciwyf	lonciech	loncio	lonciom	loncioch	lonciont	loncier	loncia	loncied	lonciwn	lonciwch	loncient	loncier	-	lonciedig
mabwysiadu	-	mabwysiedi	mabwysiada	-	-	-	mabwysiedir	-	-	-	-	-	-	-	mabwysiedais	mabwysiedaist	e	-	-	-	-	-	-	-	-	-	-	-	mabwysiadwn	mabwysiadit	mabwysiadai	mabwysiadem	mabwysiadech	mabwysiadent	-	mabwysiada	-	-	-	-	-	-	mabwysiadadwy
machlud	-	-	machluda	-	-	-	-	-	-	-	-	-	-	-	-	-	e	-	-	-	-	-	-	-	-	-	-	-	machludwn	machludit	machludai	machludem	machludech	machludent	-	machluda	-	-	-	-	-	-	machludadwy
macsu	-	-	-	-	-	-	-	-	-	-	-	-	-	-	-	-	e	-	-	-	-	-	-	-	-	-	-	-	macswn	macsit	macsai	macsem	macsech	macsent	-	-	-	-	-	-	-	-	macsadwy
maddau	maddeuaf	-	-	-	-	-	-	-	-	-	-	-	-	-	-	-	-	-	-	-	-	-	-	-	-	-	-	-	-	-	-	-	-	-	-	-	-	-	-	-	-	-	-
madru	-	-	madra	-	-	-	-	-	-	-	-	-	-	-	-	-	e	-	-	-	-	-	-	-	-	-	-	-	madrwn	madrit	madrai	madrem	madrech	madrent	-	madra	-	-	-	-	-	-	madradwy
maeddu	-	-	maedda	-	-	-	-	-	-	-	-	-	-	-	-	-	e	-	-	-	-	-	-	-	-	-	-	-	maeddwn	maeddit	maeddai	maeddem	maeddech	maeddent	-	maedda	-	-	-	-	-	-	maeddadwy
maethu	-	-	maetha	-	-	-	-	-	-	-	-	-	-	-	-	-	e	-	-	-	-	-	-	-	-	-	-	-	maethwn	maethit	maethai	maethem	maethech	maethent	-	maetha	-	-	-	-	-	-	maethadwy
magu	-	megi	-	-	-	-	megir	-	-	-	-	-	-	-	megais	megaist	e	-	-	-	-	-	-	-	-	-	-	-	magwn	magit	magai	magem	magech	magent	-	maga	-	-	-	-	-	-	magadwy
malu	-	meli	mala	-	-	-	melir	-	-	-	-	-	-	-	melais	melaist	e	-	-	-	-	-	-	-	-	-	-	-	malwn	malit	malai	malem	malech	malent	-	mala	-	-	-	-	-	-	maladwy
malwota	-	-	malwota	-	-	-	-	-	-	-	-	-	-	-	-	-	e	-	-	-	-	-	-	-	-	-	-	-	malwotwn	malwotit	malwotai	malwotem	malwotech	malwotent	-	malwota	-	-	-	-	-	-	malwotadwy
manteisio	-	manteisi	manteisia	-	-	-	manteisir	-	manteisit	-	-	-	-	manteisid	-	-	e	-	-	-	-	-	-	-	-	-	-	-	-	manteisiech	-	-	-	-	-	manteisia	-	-	-	-	-	-	manteisiadwy
manylu	-	-	manyla	-	-	-	-	-	-	-	-	-	-	-	-	-	e	-	-	-	-	-	-	-	-	-	-	-	manylwn	manylit	manylai	manylem	manylech	manylent	-	manyla	-	-	-	-	-	-	manyladwy
mapio	-	mepi	mapia	-	-	-	mepir	-	mepit	-	-	-	-	mepid	mepiais	mepiaist	e	-	-	-	-	-	-	-	-	-	-	-	-	mepiech	-	-	-	-	-	mapia	-	-	-	-	-	-	mapiadwy
marchnata	-	marchneti	marchnata	-	-	-	marchnetir	-	-	-	-	-	-	-	marchnetais	marchnetaist	e	-	-	-	-	-	-	-	-	-	-	-	marchnatwn	marchnatit	marchnatai	marchnatem	marchnatech	marchnatent	-	marchnata	-	-	-	-	-	-	marchnatadwy
marchocáu	marchocâf	marchocei	marchocâ	marchocawn	marchocewch	marchocânt	marchoceir	-	-	-	-	-	-	-	marchoceais	marchoceaist	marchocaodd	marchocasom	marchocasoch	marchocasant	marchocawyd	marchocaswn	marchocasit	marchocasai	marchocasem	marchocasech	marchocasent	marchocasid	marchocawn	marchocait	marchocao	marchocaem	marchocaech	marchocaent	marchocaer	marchocâ	marchocaed	marchocawn	marchocewch	marchocaent	marchocaer	-	marchocadwy
marchogaeth	marchogaf	marchogi	marchyg	marchogwn	marchogwch	marchogant	marchogir	marchogwn	marchogit	marchogai	marchogem	marchogech	marchogent	marchogid	marchogais	marchogaist	marchogodd	marchogasom	marchogasoch	marchogasant	marchogwyd	marchogaswn	marchogasit	marchogasai	marchogasem	marchogasech	marchogasent	marchogasid	marchogwyf	marchogych	marchogo	marchogom	marchogoch	marchogont	marchoger	marchoga	marchoged	marchogwn	marchogwch	marchogent	marchoger	-	marchogedig
masgio	-	mesgi	masgia	-	-	-	mesgir	-	mesgit	-	-	-	-	mesgid	mesgiais	mesgiaist	e	-	-	-	-	-	-	-	-	-	-	-	-	mesgiech	-	-	-	-	-	masgia	-	-	-	-	-	-	masgiadwy
masnachu	-	-	masnacha	-	-	-	-	-	-	-	-	-	-	-	-	-	e	-	-	-	-	-	-	-	-	-	-	-	masnachwn	masnachit	masnachai	masnachem	masnachech	masnachent	-	masnacha	-	-	-	-	-	-	masnachadwy
mathru	-	-	mathra	-	-	-	-	-	-	-	-	-	-	-	m	m	e	m	m	m	-	-	-	-	-	-	-	-	mathrwn	mathrit	mathrai	mathrem	mathrech	mathrent	-	athra	-	-	athrwch	-	-	-	mathradwy
mawrygu	-	-	mawryga	-	-	-	-	-	-	-	-	-	-	-	-	-	e	-	-	-	-	-	-	-	-	-	-	-	mawrygwn	mawrygit	mawrygai	mawrygem	mawrygech	mawrygent	-	mawryga	-	-	-	-	-	-	mawrygadwy
meddalu	-	meddeli	meddala	-	-	-	meddelir	-	-	-	-	-	-	-	meddelais	meddelaist	e	-	-	-	-	-	-	-	-	-	-	-	meddalwn	meddalit	meddalai	meddalem	meddalech	meddalent	-	meddala	-	-	-	-	-	-	meddaladwy
meddiannu	-	meddienni	meddianna	-	-	-	meddiennir	-	-	-	-	-	-	-	meddiennais	meddiennaist	e	meddianasom	meddianasoch	meddianasant	-	meddianaswn	meddianasit	meddianasai	meddianasem	meddianasech	meddianasent	meddianasid	meddiannwn	meddiannit	meddiannai	meddiannem	meddiannech	meddiannent	-	meddianna	-	-	-	-	-	-	meddianadwy
meddu	-	-	-	-	-	-	-	-	-	-	-	-	-	-	-	-	e	-	-	-	-	-	-	-	-	-	-	-	meddwn	meddit	meddai	meddem	meddech	meddent	-	-	-	-	-	-	-	-	meddadwy
meddwi	-	-	meddwa	meddwn	meddwch	-	-	meddwn	-	-	-	-	-	-	-	-	e	meddwsom	meddwsoch	meddwsant	meddwyd	meddwswn	meddwsit	meddwsai	meddwsem	meddwsech	meddwsent	meddwsid	meddwyf	-	-	-	-	-	-	meddwa	-	meddwn	meddwch	-	-	-	meddwadwy
meddwl	meddyliaf	meddyli	-	meddyliwn	meddyliwch	meddyliant	meddylir	meddyliwn	meddylit	meddyliai	meddyliem	meddyliech	meddylient	meddylid	meddyliais	meddyliaist	meddyliodd	meddyliasom	meddyliasoch	meddyliasant	meddyliwyd	meddyliaswn	meddyliasit	meddyliasai	meddyliasem	meddyliasech	meddyliasent	meddyliasid	meddyliwyf	meddyliech	meddylio	meddyliom	meddylioch	meddyliont	meddylier	-	meddylied	meddyliwn	meddyliwch	meddylient	meddylier	-	meddyliedig
medi	-	-	-	-	-	-	-	-	-	-	-	-	-	-	-	-	e	-	-	-	-	-	-	-	-	-	-	-	medwn	medit	medai	medem	medech	medent	-	-	-	-	-	-	-	-	medadwy
mefusa	-	-	mefusa	-	-	-	-	-	-	-	-	-	-	-	-	-	e	-	-	-	-	-	-	-	-	-	-	-	mefuswn	mefusit	mefusai	mefusem	mefusech	mefusent	-	mefusa	-	-	-	-	-	-	mefusadwy
megino	-	-	megina	-	-	-	-	-	-	-	-	-	-	-	-	-	e	-	-	-	-	-	-	-	-	-	-	-	meginwn	meginit	meginai	meginem	meginech	meginent	-	megina	-	-	-	-	-	-	meginadwy
meiddio	-	meiddi	maidd	-	-	-	meiddir	-	meiddit	-	-	-	-	meiddid	-	-	e	-	-	-	-	-	-	-	-	-	-	-	-	meiddiech	-	-	-	-	-	meiddia	-	-	-	-	-	-	meiddiadwy
meinhau	meinhaf	-	-	-	-	-	-	-	-	-	-	-	-	-	-	-	-	-	-	-	-	-	-	-	-	-	-	-	-	-	-	-	-	-	-	-	-	-	-	-	-	-	-
meithrin	-	-	meithrina	-	-	-	-	-	-	-	-	-	-	-	-	-	e	-	-	-	-	-	-	-	-	-	-	-	meithrinwn	meithrinit	meithrinai	meithrinem	meithrinech	meithrinent	-	meithrina	-	-	-	-	-	-	meithrinadwy
mela	-	-	mela	-	-	-	-	-	-	-	-	-	-	-	-	-	e	-	-	-	-	-	-	-	-	-	-	-	melwn	melit	melai	melem	melech	melent	-	mela	-	-	-	-	-	-	meladwy
melltithio	-	melltithi	melltithia	-	-	-	melltithir	-	melltithit	-	-	-	-	melltithid	-	-	e	-	-	-	-	-	-	-	-	-	-	-	-	melltithiech	-	-	-	-	-	melltithia	-	-	-	-	-	-	melltithiadwy
merlota	-	-	merlota	-	-	-	-	-	-	-	-	-	-	-	-	-	e	-	-	-	-	-	-	-	-	-	-	-	merlotwn	merlotit	merlotai	merlotem	merlotech	merlotent	-	merlota	-	-	-	-	-	-	merlotadwy
merthyru	-	-	merthyra	-	-	-	-	-	-	-	-	-	-	-	-	-	e	-	-	-	-	-	-	-	-	-	-	-	merthyrwn	merthyrit	merthyrai	merthyrem	merthyrech	merthyrent	-	merthyra	-	-	-	-	-	-	merthyradwy
mesa	-	-	mesa	-	-	-	-	-	-	-	-	-	-	-	-	-	e	-	-	-	-	-	-	-	-	-	-	-	meswn	mesit	mesai	mesem	mesech	mesent	-	mesa	-	-	-	-	-	-	mesadwy
methu	-	-	metha	-	-	-	-	-	-	-	-	-	-	-	-	-	-	-	-	-	-	-	-	-	-	-	-	-	-	-	-	-	-	-	-	metha	-	-	-	-	-	-	-
mewnanadlu	-	mewnanedli	mewnanadla	-	-	-	mewnanedlir	-	-	-	-	-	-	-	mewnanedlais	mewnanedlaist	e	-	-	-	-	-	-	-	-	-	-	-	mewnanadlwn	mewnanadlit	mewnanadlai	mewnanadlem	mewnanadlech	mewnanadlent	-	mewnanadla	-	-	-	-	-	-	mewnanadladwy
mewnddodi	-	-	mewnddoda	-	-	-	-	-	-	-	-	-	-	-	-	-	e	-	-	-	-	-	-	-	-	-	-	-	mewnddodwn	mewnddodit	mewnddodai	mewnddodem	mewnddodech	mewnddodent	-	mewnddoda	-	-	-	-	-	-	mewnddodadwy
mewnforio	-	mewnfori	mewnforia	-	-	-	mewnforir	-	mewnforit	-	-	-	-	mewnforid	-	-	e	-	-	-	-	-	-	-	-	-	-	-	-	mewnforiech	-	-	-	-	-	mewnforia	-	-	-	-	-	-	mewnforiadwy
mewnfudo	-	-	mewnfuda	-	-	-	-	-	-	-	-	-	-	-	-	-	e	-	-	-	-	-	-	-	-	-	-	-	mewnfudwn	mewnfudit	mewnfudai	mewnfudem	mewnfudech	mewnfudent	-	mewnfuda	-	-	-	-	-	-	mewnfudadwy
mewngofnodi	-	-	mewngofnoda	-	-	-	-	-	-	-	-	-	-	-	-	-	e	-	-	-	-	-	-	-	-	-	-	-	mewngofnodwn	mewngofnodit	mewngofnodai	mewngofnodem	mewngofnodech	mewngofnodent	-	mewngofnoda	-	-	-	-	-	-	mewngofnodadwy
mewnosod	-	-	mewnosoda	-	-	-	-	-	-	-	-	-	-	-	-	-	e	-	-	-	-	-	-	-	-	-	-	-	mewnosodwn	mewnosodit	mewnosodai	mewnosodem	mewnosodech	mewnosodent	-	mewnosoda	-	-	-	-	-	-	-
minio	-	minni	minia	-	-	-	minnir	-	minit	-	-	-	-	minnid	-	-	e	-	-	-	-	-	-	-	-	-	-	-	-	miniech	-	-	-	-	-	minia	-	-	-	-	-	-	miniadwy
mitsio	-	mitshi	mitsia	-	-	-	mitshir	-	mitshit	-	-	-	-	mitshid	-	-	e	-	-	-	-	-	-	-	-	-	-	-	-	mitsiech	-	-	-	-	-	mitsia	-	-	-	-	-	-	mitsiadwy
mochel	-	-	-	-	-	-	-	-	-	-	-	-	-	-	-	-	e	-	-	-	-	-	-	-	-	-	-	-	mochelwn	mochelit	mochelai	mochelem	mochelech	mochelent	-	-	-	-	-	-	-	-	mocheladwy
mochi	-	-	-	-	-	-	-	-	-	-	-	-	-	-	-	-	e	-	-	-	-	-	-	-	-	-	-	-	mochwn	mochit	mochai	mochem	mochech	mochent	-	-	-	-	-	-	-	-	mochadwy
moderneiddio	-	moderneiddi	moderneiddia	-	-	-	moderneiddir	-	moderneiddit	-	-	-	-	moderneiddid	-	-	e	-	-	-	-	-	-	-	-	-	-	-	-	moderneiddiech	-	-	-	-	-	moderneiddia	-	-	-	-	-	-	moderneiddiadwy
moelyd	moelaf	moeli	moel	moelwn	moelwch	moelant	moelir	-	-	-	-	-	-	-	moelais	moelaist	e	moelasom	moelasoch	moelasant	moelwyd	moelaswn	moelasit	moelasai	moelasem	moelasech	moelasent	moelasid	moelwn	moelit	moelai	moelem	moelech	moelent	moeler	moel	moeled	moelwn	moelwch	moelent	moeler	-	moeladwy
moelystota	moleystotaf	-	-	-	-	-	-	-	-	-	-	-	-	-	-	-	-	-	-	-	-	-	-	-	-	-	-	-	-	-	-	-	-	-	-	-	-	-	-	-	-	-	-
moli	-	-	mawl	-	-	-	-	-	-	-	-	-	-	-	-	-	e	-	-	-	-	-	-	-	-	-	-	-	molwn	molit	molai	molem	molech	molent	-	mola	-	-	-	-	-	-	moladwy
moneteiddio	-	moneteiddi	moneteiddia	-	-	-	moneteiddir	-	moneteiddit	-	-	-	-	moneteiddid	-	-	e	-	-	-	-	-	-	-	-	-	-	-	-	moneteiddiech	-	-	-	-	-	moneteiddia	-	-	-	-	-	-	moneteiddiadwy
morgeisio	-	morgeisi	morgeisia	-	-	-	morgeisir	-	morgeisit	-	-	-	-	morgeisid	-	-	e	-	-	-	-	-	-	-	-	-	-	-	-	morgeisiech	-	-	-	-	-	morgeisia	-	-	-	-	-	-	morgeisiadwy
morio	-	mori	moria	-	-	-	morir	-	morit	-	-	-	-	morid	-	-	e	-	-	-	-	-	-	-	-	-	-	-	-	moriech	-	-	-	-	-	moria	-	-	-	-	-	-	moriadwy
morthwylio	-	morthwyli	morthwylia	-	-	-	morthwylir	-	morthwylit	-	-	-	-	morthwylid	-	-	e	-	-	-	-	-	-	-	-	-	-	-	-	morthwyliech	-	-	-	-	-	morthwylia	-	-	-	-	-	-	morthwyliadwy
mudferwi	-	-	mudferwa	mudferwn	mudferwch	-	-	mudferwn	-	-	-	-	-	-	-	-	e	mudferwsom	mudferwsoch	mudferwsant	mudferwyd	mudferwswn	mudferwsit	mudferwsai	mudferwsem	mudferwsech	mudferwsent	mudferwsid	mudferwyf	-	-	-	-	-	-	mudferwa	-	mudferwn	mudferwch	-	-	-	mudferwadwy
mudo	-	-	muda	-	-	-	-	-	-	-	-	-	-	-	-	-	e	-	-	-	-	-	-	-	-	-	-	-	mudwn	mudit	mudai	mudem	mudech	mudent	-	muda	-	-	-	-	-	-	mudadwy
mwmian	mwmiaf	mwmi	mwmia	mwmiwn	mwmiwch	mwmiant	mwmir	mwmiwn	mwmit	mwmiai	mwmiem	mwmiech	mwmient	mwmid	mwmiais	mwmiaist	e	mwmiasom	mwmiasoch	mwmiasant	mwmiwyd	mwmiaswn	mwmiasit	mwmiasai	mwmiasem	mwmiasech	mwmiasent	mwmiasid	mwmiwyf	mwmiech	mwmio	mwmiom	mwmioch	mwmiont	mwmier	mwmia	mwmied	mwmiwn	mwmiwch	mwmient	mwmier	-	mwmiadwy
mwsogla	-	-	mwsogla	-	-	-	-	-	-	-	-	-	-	-	-	-	e	-	-	-	-	-	-	-	-	-	-	-	mwsoglwn	mwsoglit	mwsoglai	mwsoglem	mwsoglech	mwsoglent	-	-	-	-	-	-	-	-	mwsogladwy
mwyara	-	mwyeri	mwyara	-	-	-	mwyerir	-	-	-	-	-	-	-	mwyerais	mwyeraist	e	-	-	-	-	-	-	-	-	-	-	-	mwyarwn	mwyarit	mwyarai	mwyarem	mwyarech	mwyarent	-	mwyara	-	-	-	-	-	-	mwyaradwy
mwydo	-	-	-	-	-	-	-	-	-	-	-	-	-	-	-	-	e	-	-	-	-	-	-	-	-	-	-	-	mwydwn	mwydit	mwydai	mwydem	mwydech	mwydent	-	-	-	-	-	-	-	-	mwydadwy
mwyhau	mwyhaf	-	-	-	-	-	-	-	-	-	-	-	-	-	-	-	-	-	-	-	-	-	-	-	-	-	-	-	-	-	-	-	-	-	-	-	-	-	-	-	-	-	-
mwyngloddio	-	-	mwyngloddia	-	-	-	-	-	-	-	-	-	-	-	-	-	e	-	-	-	-	-	-	-	-	-	-	-	mwyngloddiwn	mwyngloddiit	mwyngloddiai	mwyngloddiem	mwyngloddiech	mwyngloddient	-	mwyngloddia	-	-	-	-	-	-	mwyngloddiadwy
mwynhau	mwynhaf	mwynhei	-	-	mwynhewch	mwynhânt	mwynheir	-	-	mwynhâi	-	-	-	mwynheid	mwynheais	mwynheaist	-	mwynhasom	mwynhasoch	mwynhasant	-	mwynhaswn	mwynhasit	mwynhasai	mwynhasem	mwynhasech	mwynhasent	mwynhasid	-	mwynheych	-	-	-	-	-	-	-	-	mwynhewch	-	-	-	-
mwytho	-	-	-	-	-	-	-	-	-	-	-	-	-	-	-	-	e	-	-	-	-	-	-	-	-	-	-	-	mwythwn	mwythit	mwythai	mwythem	mwythech	mwythent	-	-	-	-	-	-	-	-	mwythadwy
myfyrio	-	myfyri	myfyria	-	-	-	myfyrir	-	myfyrit	-	-	-	-	myfyrid	-	-	e	-	-	-	-	-	-	-	-	-	-	-	-	myfyriech	-	-	-	-	-	myfyria	-	-	-	-	-	-	myfyradwy
mygu	-	-	myga	-	-	-	-	-	-	-	-	-	-	-	-	-	e	-	-	-	-	-	-	-	-	-	-	-	mygwn	mygit	mygai	mygem	mygech	mygent	-	myga	-	-	-	-	-	-	mygadwy
mynd	awn	ait	âi	aem	aech	aent	eid	euthum	aethost	aeth	aethom	aethoch	aethont	aethpwyd	aethwn	aethit	aethai	aethem	aethech	aethent	aethid	elwyf	elych	êl	elom	eloch	elont	eler	elwn	elit	elai	elem	elech	elent	elid	dos	aed	awn	ewch	aent	aer	-	mynededig
mynegeio	-	-	mynegeia	-	-	-	-	-	-	-	-	-	-	-	-	-	e	-	-	-	-	-	-	-	-	-	-	-	mynegeiwn	mynegeiit	mynegeiai	mynegeiem	mynegeiech	mynegeient	-	mynegeia	-	-	-	-	-	-	mynegeiadwy
mynegi	-	-	mynega	-	-	-	-	-	-	-	-	-	-	-	-	-	e	-	-	-	-	-	-	-	-	-	-	-	mynegwn	mynegit	mynegai	mynegem	mynegech	mynegent	-	mynega	-	-	-	-	-	-	mynegadwy
myneifad	-	myneifedi	myneifyd	-	-	-	myneifedir	-	-	-	-	-	-	-	myneifedais	myneifedaist	e	-	-	-	-	-	-	-	-	-	-	-	myneifadwn	myneifadit	myneifadai	myneifadem	myneifadech	myneifadent	-	-	-	-	-	-	-	-	-
mynnu	-	-	myn	-	-	-	-	-	-	-	-	-	-	-	-	-	e	mynasom	mynasoch	mynasant	-	mynaswn	mynasit	mynasai	mynasem	mynasech	mynasent	mynasid	mynnwn	mynnit	mynnai	mynnem	mynnech	mynnent	-	myn	-	-	-	-	-	-	mynadwy
mynychu	-	-	mynycha	-	-	-	-	-	-	-	-	-	-	-	-	-	e	-	-	-	-	-	-	-	-	-	-	-	mynychwn	mynychit	mynychai	mynychem	mynychech	mynychent	-	mynycha	-	-	-	-	-	-	mynychadwy
mynydda	-	-	mynydda	-	-	-	-	-	-	-	-	-	-	-	-	-	e	-	-	-	-	-	-	-	-	-	-	-	mynyddwn	mynyddit	mynyddai	mynyddem	mynyddech	mynyddent	-	mynydda	-	-	-	-	-	-	mynyddadwy
mysgu	-	-	-	-	-	-	-	-	-	-	-	-	-	-	-	-	e	-	-	-	-	-	-	-	-	-	-	-	mysgwn	mysgit	mysgai	mysgem	mysgech	mysgent	-	-	-	-	-	-	-	-	mysgadwy
nabod	nabyddaf	-	-	-	-	-	-	-	-	-	-	-	-	-	-	-	-	-	-	-	-	-	-	-	-	-	-	-	-	-	-	-	-	-	-	-	-	-	-	-	-	-	-
nacáu	nacâf	nacei	nacâ	nacawn	nacewch	nacânt	naceir	-	-	-	-	-	-	-	naceais	naceaist	e	nacasom	nacasoch	nacasant	nacawyd	nacaswn	nacasit	nacasai	nacasem	nacasech	nacasent	nacasid	nacawn	nacait	nacao	nacaem	nacaech	nacaent	nacaer	nacâ	nacaed	nacawn	nacawch	nacaent	nacaer	-	nacadwy
naddu	-	neddi	nadda	-	-	-	neddir	-	-	-	-	-	-	-	neddais	neddaist	e	-	-	-	-	-	-	-	-	-	-	-	naddwn	naddit	naddai	naddem	naddech	naddent	-	nadda	-	-	-	-	-	-	naddadwy
nadu	-	nedi	nada	-	-	-	nedir	-	-	-	-	-	-	-	nedais	nedaist	e	-	-	-	-	-	-	-	-	-	-	-	nadwn	nadit	nadai	nadem	nadech	nadent	-	nada	-	-	-	-	-	-	nadadwy
neidio	-	neidi	naid	-	-	-	neidir	-	neidit	-	-	-	-	neidid	-	-	e	-	-	-	-	-	-	-	-	-	-	-	-	neidiech	-	-	-	-	-	naid	-	-	-	-	-	-	-
neilltuo	-	-	-	-	-	-	-	-	-	-	-	-	-	-	-	-	e	-	-	-	-	-	-	-	-	-	-	-	neilltuwn	neilltuit	neilltuai	neilltuem	neilltuech	neilltuent	-	-	-	-	-	-	-	-	neilltuadwy
nesáu	nesâf	nesei	nesâ	nesawn	nesewch	nesânt	neseir	-	-	-	-	-	-	-	neseais	neseaist	nesaodd	nesasom	nesasoch	nesasant	nesawyd	nesaswn	nesasit	nesasai	nesasem	nesasech	nesasent	nesasid	nesawn	nesait	nesao	nesaem	nesaech	nesaent	nesaer	nesâ	nesaed	nesawn	nesewch	nesaent	nesaer	-	nesadwy
neud	na	-	-	-	-	-	-	-	-	-	-	-	-	-	-	-	-	-	-	-	-	-	-	-	-	-	-	-	-	-	-	-	-	-	-	-	-	-	-	-	-	-	-
newid	newidiaf	-	newidia	newidiwn	newidiwch	newidiant	-	newidiwn	-	newidiai	newidiem	newidiech	newidient	-	newidiais	newidiaist	e	newidiasom	newidiasoch	newidiasant	newidiwyd	newidiaswn	newidiasit	newidiasai	newidiasem	newidiasech	newidiasent	newidiasid	newidiwyf	newidiech	newidio	newidiom	newidioch	newidiont	newidier	-	newidied	newidiwn	newidiwch	newidient	newidier	-	newidiadwy
nhau	nheuaf	-	-	-	-	-	-	-	-	-	-	-	-	-	-	-	-	-	-	-	-	-	-	-	-	-	-	-	-	-	-	-	-	-	-	-	-	-	-	-	-	-	-
nithio	-	nithi	nithia	-	-	-	nithir	-	nithit	-	-	-	-	nithid	-	-	e	-	-	-	-	-	-	-	-	-	-	-	-	nithiech	-	-	-	-	-	nithia	-	-	-	-	-	-	nithiadwy
nitradu	-	nitredi	nitrada	-	-	-	nitredir	-	-	-	-	-	-	-	nitredais	nitredaist	e	-	-	-	-	-	-	-	-	-	-	-	nitradwn	nitradit	nitradai	nitradem	nitradech	nitradent	-	nitrada	-	-	-	-	-	-	nitradadwy
niweidio	-	niweidi	-	-	-	-	niweidir	-	niweidit	-	-	-	-	niweidid	-	-	-	-	-	-	-	-	-	-	-	-	-	-	-	niweidiech	-	-	-	-	-	-	-	-	-	-	-	-	-
noddi	-	-	nawdd	-	-	-	-	-	-	-	-	-	-	-	-	-	e	-	-	-	-	-	-	-	-	-	-	-	noddwn	noddit	noddai	noddem	noddech	noddent	-	nodda	-	-	-	-	-	-	noddadwy
nodi	-	-	noda	-	-	-	-	-	-	-	-	-	-	-	-	-	e	-	-	-	-	-	-	-	-	-	-	-	nodwn	nodit	nodai	nodem	nodech	nodent	-	noda	-	-	-	-	-	-	nodadwy
nofio	-	nofi	nawf	-	-	-	nofir	-	nofit	-	-	-	-	nofid	-	-	e	-	-	-	-	-	-	-	-	-	-	-	-	nofiech	-	-	-	-	-	nawf	-	-	-	-	-	-	nofiadwy
nosi	-	-	-	-	-	-	-	-	-	-	-	-	-	-	-	-	e	-	-	-	-	-	-	-	-	-	-	-	noswn	nosit	nosai	nosem	nosech	nosent	-	-	-	-	-	-	-	-	nosadwy
nwyeiddio	-	nwyeiddi	nwyaidd	-	-	-	nwyeiddir	-	nwyeiddit	-	-	-	-	nwyeiddid	-	-	e	-	-	-	-	-	-	-	-	-	-	-	-	nwyeiddiech	-	-	-	-	-	nwyeiddia	-	-	-	-	-	-	nwyeiddiadwy
nyddu	-	-	nydda	-	-	-	-	-	-	-	-	-	-	-	-	-	-	-	-	-	-	-	-	-	-	-	-	-	-	-	-	-	-	-	-	nydda	-	-	-	-	-	-	-
nyrsio	-	nyrsi	nyrsia	-	-	-	nyrsir	-	nyrsit	-	-	-	-	nyrsid	-	-	e	-	-	-	-	-	-	-	-	-	-	-	-	nyrsiech	-	-	-	-	-	nyrsia	-	-	-	-	-	-	nyrsiadwy
nythu	-	-	nytha	-	-	-	-	-	-	-	-	-	-	-	-	-	e	-	-	-	-	-	-	-	-	-	-	-	nythwn	nythit	nythai	nythem	nythech	nythent	-	nytha	-	-	-	-	-	-	nythadwy
nôl	nolaf	-	-	-	-	-	-	-	-	-	-	-	-	-	-	-	e	-	-	-	-	-	-	-	-	-	-	-	-	-	-	-	-	-	-	nola	-	-	nolwch	-	-	-	-
ocsigenu	-	-	ocsigena	-	-	-	-	-	-	-	-	-	-	-	-	-	e	-	-	-	-	-	-	-	-	-	-	-	ocsigenwn	ocsigenit	ocsigenai	ocsigenem	ocsigenech	ocsigenent	-	ocsigena	-	-	-	-	-	-	ocsigenadwy
odi	-	-	-	-	-	-	-	-	-	-	-	-	-	-	-	-	e	-	-	-	-	-	-	-	-	-	-	-	odwn	odit	odai	odem	odech	odent	-	-	-	-	-	-	-	-	odadwy
odli	-	-	odla	-	-	-	-	-	-	-	-	-	-	-	-	-	e	-	-	-	-	-	-	-	-	-	-	-	odlwn	odlit	odlai	odlem	odlech	odlent	-	odla	-	-	-	-	-	-	odladwy
oedi	-	-	oeda	-	-	-	-	-	-	-	-	-	-	-	-	-	e	-	-	-	-	-	-	-	-	-	-	-	oedwn	oedit	oedai	oedem	oedech	oedent	-	oeda	-	-	-	-	-	-	oedadwy
oeri	-	-	oera	-	-	-	-	-	-	-	-	-	-	-	-	-	e	-	-	-	-	-	-	-	-	-	-	-	oerwn	oerit	oerai	oerem	oerech	oerent	-	oera	-	-	-	-	-	-	oeradwy
offrymu	-	-	offryma	-	-	-	-	-	-	-	-	-	-	-	-	-	e	-	-	-	-	-	-	-	-	-	-	-	offrymwn	offrymit	offrymai	offrymem	offrymech	offryment	-	offryma	-	-	-	-	-	-	offrymadwy
ofni	-	-	ofna	-	-	-	-	-	-	-	-	-	-	-	-	-	e	-	-	-	-	-	-	-	-	-	-	-	ofnwn	ofnit	ofnai	ofnem	ofnech	ofnent	-	ofna	-	-	-	-	-	-	ofnadwy
olynu	-	-	olyna	-	-	-	-	-	-	-	-	-	-	-	-	-	e	-	-	-	-	-	-	-	-	-	-	-	olynwn	olynit	olynai	olynem	olynech	olynent	-	olyna	-	-	-	-	-	-	olynadwy
osgiliadu	-	osgiliedi	osgiliada	-	-	-	osgiliedir	-	-	-	-	-	-	-	osgiliedais	osgiliedaist	e	-	-	-	-	-	-	-	-	-	-	-	osgiliadwn	osgiliadit	osgiliadai	osgiliadem	osgiliadech	osgiliadent	-	osgiliada	-	-	-	-	-	-	osgiliadadwy
osgoi	osgôf	-	-	-	-	-	-	-	-	-	-	-	-	-	-	-	e	-	-	-	-	-	-	-	-	-	-	-	-	-	-	-	-	-	-	osgoa	-	-	-	-	-	-	-
pacio	-	peci	pacia	-	-	-	pecir	-	pecit	-	-	-	-	pecid	peciais	peciaist	e	-	-	-	-	-	-	-	-	-	-	-	-	peciech	-	-	-	-	-	pacia	-	-	-	-	-	-	paciadwy
paentio	-	paenti	paentia	-	-	-	paentir	-	paentit	-	-	-	-	paentid	-	-	e	-	-	-	-	-	-	-	-	-	-	-	-	paentiech	-	-	-	-	-	paentia	-	-	-	-	-	-	paentiadwy
paffio	-	peffi	paffia	-	-	-	peffir	-	peffit	-	-	-	-	peffid	peffiais	peffiaist	e	-	-	-	-	-	-	-	-	-	-	-	-	peffiech	-	-	-	-	-	paffia	-	-	-	-	-	-	paffiadwy
pallu	-	pelli	palla	-	-	-	pellir	-	-	-	-	-	-	-	pellais	pellaist	e	-	-	-	-	-	-	-	-	-	-	-	pallwn	pallit	pallai	pallem	pallech	pallent	-	palla	-	-	-	-	-	-	palladwy
palu	-	-	pala	-	-	-	-	-	-	-	-	-	-	-	-	-	-	-	-	-	-	-	-	-	-	-	-	-	-	-	-	-	-	-	-	pala	-	-	-	-	-	-	paledigpaladwy
papuro	-	-	papura	-	-	-	-	-	-	-	-	-	-	-	-	-	e	-	-	-	-	-	-	-	-	-	-	-	papurwn	papurit	papurai	papurem	papurech	papurent	-	papura	-	-	-	-	-	-	papuradwy
para	-	-	-	-	-	-	-	-	-	-	-	-	-	-	-	-	e	-	-	-	-	-	-	-	-	-	-	-	-	-	-	-	-	-	-	para	-	-	-	-	-	-	-
parablu	-	parebli	parabla	-	-	-	pareblir	-	-	-	-	-	-	-	pareblais	pareblaist	e	-	-	-	-	-	-	-	-	-	-	-	parablwn	parablit	parablai	parablem	parablech	parablent	-	parabla	-	-	-	-	-	-	parabladwy
paramaethu	-	-	paramaetha	-	-	-	-	-	-	-	-	-	-	-	-	-	e	-	-	-	-	-	-	-	-	-	-	-	paramaethwn	paramaethit	paramaethai	paramaethem	paramaethech	paramaethent	-	paramaetha	-	-	-	-	-	-	paramaethadwy
paratoi	-	-	paratoa	-	-	-	-	-	-	-	-	-	-	-	-	-	e	paratosom	paratosoch	paratosant	-	paratoswn	paratosit	paratosai	paratosem	paratosech	paratosent	paratosid	-	-	paratô	paratôm	paratôch	paratônt	-	paratoa	-	-	-	-	-	-	-
parchu	-	perchi	parcha	-	-	-	perchir	-	-	-	-	-	-	-	perchais	perchaist	e	-	-	-	-	-	-	-	-	-	-	-	parchwn	parchit	parchai	parchem	parchech	parchent	-	parcha	-	-	-	-	-	-	parchadwy
parcio	-	perci	parcia	-	-	-	percir	-	percit	-	-	-	-	percid	perciais	perciaist	e	-	-	-	-	-	-	-	-	-	-	-	-	perciech	-	-	-	-	-	parcia	-	-	-	-	-	-	parciadwy
pardduo	-	-	parddua	-	-	-	-	-	-	-	-	-	-	-	-	-	e	-	-	-	-	-	-	-	-	-	-	-	pardduwn	pardduit	pardduai	pardduem	pardduech	pardduent	-	parddua	-	-	-	-	-	-	pardduadwy
parhau	parhaf	parhei	pery	-	parhewch	parhânt	parheir	-	-	parhâi	-	-	-	parheid	parheais	parheaist	-	parhasom	parhasoch	parhasant	-	parhaswn	parhasit	parhasai	parhasem	parhasech	parhasent	parhasid	-	parheych	-	-	-	-	-	-	-	-	parhewch	-	-	-	parhedig
pasio	-	pasi	pasia	-	-	-	pasir	-	pasit	-	-	-	-	pasid	-	-	e	-	-	-	-	-	-	-	-	-	-	-	-	pasiech	-	-	-	-	-	pasia	-	-	-	-	-	-	pasiadwy
pechu	-	-	-	-	-	-	-	-	-	-	-	-	-	-	-	-	e	-	-	-	-	-	-	-	-	-	-	-	pechwn	pechit	pechai	pechem	pechech	pechent	-	-	-	-	-	-	-	-	pechadwy
pedoli	-	-	pedola	-	-	-	-	-	-	-	-	-	-	-	-	-	e	-	-	-	-	-	-	-	-	-	-	-	pedolwn	pedolit	pedolai	pedolem	pedolech	pedolent	-	pedola	-	-	-	-	-	-	pedoladwy
pedrannu	-	pedrenni	pedranna	-	-	-	pedrennir	-	-	-	-	-	-	-	pedrennais	pedrennaist	e	pedranasom	pedranasoch	pedranasant	-	pedranaswn	pedranasit	pedranasai	pedranasem	pedranasech	pedranasent	pedranasid	pedrannwn	pedrannit	pedrannai	pedrannem	pedrannech	pedrannent	-	pedranna	-	-	-	-	-	-	pedranadwy
pefrio	-	-	-	-	-	-	-	-	-	-	-	-	-	-	-	-	e	-	-	-	-	-	-	-	-	-	-	-	pefriwn	pefriit	pefriai	pefriem	pefriech	pefrient	-	-	-	-	-	-	-	-	pefriadwy
peidio	-	peidi	paid	-	-	-	peidir	-	peidit	-	-	-	-	peidid	-	-	-	-	-	-	-	-	-	-	-	-	-	-	-	peidiech	-	-	-	-	-	paid	-	-	-	-	-	-	-
peintio	-	peinti	peintia	-	-	-	peintir	-	peintit	-	-	-	-	peintid	-	-	e	-	-	-	-	-	-	-	-	-	-	-	-	peintiech	-	-	-	-	-	peintia	-	-	-	-	-	-	peintiadwy
pellennu	pellenaf	-	-	-	-	-	-	-	-	-	-	-	-	-	-	-	-	-	-	-	-	-	-	-	-	-	-	-	-	-	-	-	-	-	-	-	-	-	-	-	-	-	-
pelydru	-	-	pelydra	-	-	-	-	-	-	-	-	-	-	-	-	-	e	-	-	-	-	-	-	-	-	-	-	-	pelydrwn	pelydrit	pelydrai	pelydrem	pelydrech	pelydrent	-	pelydra	-	-	-	-	-	-	pelydradwy
pendilio	-	-	-	-	-	-	-	-	-	-	-	-	-	-	-	-	e	-	-	-	-	-	-	-	-	-	-	-	pendiliwn	pendiliit	pendiliai	pendiliem	pendiliech	pendilient	-	-	-	-	-	-	-	-	pendiliadwy
pendolcio	-	pendolci	pendolcia	-	-	-	pendolcir	-	pendolcit	-	-	-	-	pendolcid	-	-	e	-	-	-	-	-	-	-	-	-	-	-	-	pendolciech	-	-	-	-	-	pendolcia	-	-	-	-	-	-	pendolciadwy
pendoncio	-	pendonci	pendoncia	-	-	-	pendoncir	-	pendoncit	-	-	-	-	pendoncid	-	-	e	-	-	-	-	-	-	-	-	-	-	-	-	pendonciech	-	-	-	-	-	pendoncia	-	-	-	-	-	-	pendonciadwy
penlinio	-	penlini	penlinia	-	-	-	penlinir	-	penlinit	-	-	-	-	penlinid	-	-	e	-	-	-	-	-	-	-	-	-	-	-	-	penliniech	-	-	-	-	-	penlinia	-	-	-	-	-	-	penliniadwy
pennu	-	-	penna	-	-	-	-	-	-	-	-	-	-	-	-	-	e	penasom	penasoch	penasant	-	penaswn	penasit	penasai	penasem	penasech	penasent	penasid	pennwn	pennit	pennai	pennem	pennech	pennent	-	penna	-	-	-	-	-	-	penadwy
penodi	-	-	penoda	-	-	-	-	-	-	-	-	-	-	-	-	-	e	-	-	-	-	-	-	-	-	-	-	-	penodwn	penodit	penodai	penodem	penodech	penodent	-	penoda	-	-	-	-	-	-	penodadwy
pentyrru	-	-	pentyrra	-	-	-	-	-	-	-	-	-	-	-	-	-	e	pentyrasom	pentyrasoch	pentyrasant	-	pentyraswn	pentyrasit	pentyrasai	pentyrasem	pentyrasech	pentyrasent	pentyrasid	pentyrrwn	pentyrrit	pentyrrai	pentyrrem	pentyrrech	pentyrrent	-	pentyrra	-	-	-	-	-	-	pentyradwy
percu	-	-	-	-	-	-	-	-	-	-	-	-	-	-	-	-	e	-	-	-	-	-	-	-	-	-	-	-	percwn	percit	percai	percem	percech	percent	-	-	-	-	-	-	-	-	percadwy
perffeithio	-	perffeithi	-	-	-	-	perffeithir	-	perffeithit	-	-	-	-	perffeithid	-	-	e	-	-	-	-	-	-	-	-	-	-	-	-	perffeithiech	-	-	-	-	-	-	-	-	-	-	-	-	perffeithiadwy
perfformio	-	perfformi	perfformia	-	-	-	perfformir	-	perfformit	-	-	-	-	perfformid	-	-	e	-	-	-	-	-	-	-	-	-	-	-	-	perfformiech	-	-	-	-	-	perfformia	-	-	-	-	-	-	perfformiadwy
peri	paraf	-	pair	parwn	parwch	parant	-	-	-	-	-	-	-	-	-	-	e	parasom	parasoch	parasant	parwyd	paraswn	parasit	parasai	parasem	parasech	parasent	parasid	parwn	parit	parai	parem	parech	parent	parer	para	pared	parwn	parwch	parent	parer	-	paradwy
perthyn	-	-	-	-	-	-	-	-	-	-	-	-	-	-	-	-	e	-	-	-	-	-	-	-	-	-	-	-	perthynwn	perthynit	perthynai	perthynem	perthynech	perthynent	-	-	-	-	-	-	-	-	perthynadwy
peswch	-	pesychi	-	pesychwn	pesychwch	pesychant	pesychir	-	-	-	-	-	-	-	pesychais	pesychaist	e	pesychasom	pesychasoch	pesychasant	pesychwyd	pesychaswn	pesychasit	pesychasai	pesychasem	pesychasech	pesychasent	pesychasid	pesychwn	pesychit	pesychai	pesychem	pesychech	pesychent	pesycher	-	pesyched	pesychwn	pesychwch	pesychent	pesycher	-	pesychadwy
petruso	-	-	-	-	-	-	-	-	-	-	-	-	-	-	-	-	e	-	-	-	-	-	-	-	-	-	-	-	petruswn	petrusit	petrusai	petrusem	petrusech	petrusent	-	-	-	-	-	-	-	-	petrusadwy
pibo	-	-	piba	-	-	-	-	-	-	-	-	-	-	-	-	-	e	-	-	-	-	-	-	-	-	-	-	-	pibwn	pibit	pibai	pibem	pibech	pibent	-	piba	-	-	-	-	-	-	pibadwy
piclo	-	-	picla	-	-	-	-	-	-	-	-	-	-	-	-	-	e	-	-	-	-	-	-	-	-	-	-	-	piclwn	piclit	piclai	piclem	piclech	piclent	-	picla	-	-	-	-	-	-	picladwy
pigan	pigaf	pigi	piga	pigwn	pigwch	pigant	pigir	-	-	-	-	-	-	-	pigais	pigaist	e	pigasom	pigasoch	pigasant	pigwyd	pigaswn	pigasit	pigasai	pigasem	pigasech	pigasent	pigasid	pigwn	pigit	pigai	pigem	pigech	pigent	piger	pedranna	piged	pigwn	pedrannwch	pigent	piger	-	pigadwy
pigo	-	-	piga	-	-	-	-	-	-	-	-	-	-	-	-	-	e	-	-	-	-	-	-	-	-	-	-	-	pigwn	pigit	pigai	pigem	pigech	pigent	-	piga	-	-	-	-	-	-	pigadwy
pipan	pipaf	-	-	-	-	-	-	-	-	-	-	-	-	-	-	-	-	-	-	-	-	-	-	-	-	-	-	-	-	-	-	-	-	-	-	-	-	-	-	-	-	-	-
pipo	-	-	-	-	-	-	-	-	-	-	-	-	-	-	-	-	e	-	-	-	-	-	-	-	-	-	-	-	pipwn	pipit	pipai	pipem	pipech	pipent	-	-	-	-	-	-	-	-	pipadwy
piso	-	-	pisa	-	-	-	-	-	-	-	-	-	-	-	-	-	e	-	-	-	-	-	-	-	-	-	-	-	piswn	pisit	pisai	pisem	pisech	pisent	-	pisa	-	-	-	-	-	-	pisadwy
plannu	-	plenni	planna	-	plennwch	-	plennir	-	-	-	-	-	-	plennid	plennais	plennaist	-	planasom	planasoch	planasant	-	planaswn	planasit	planasai	planasem	planasech	planasent	planasid	-	plennych	-	-	-	-	-	planna	-	-	plennwch	-	-	-	planedig
planta	-	-	planta	-	-	-	-	-	-	-	-	-	-	-	-	-	e	-	-	-	-	-	-	-	-	-	-	-	plantwn	plantit	plantai	plantem	plantech	plantent	-	planta	-	-	-	-	-	-	plantadwy
pledio	-	pledi	pledia	-	-	-	pledir	-	pledit	-	-	-	-	pledid	-	-	e	-	-	-	-	-	-	-	-	-	-	-	-	plediech	-	-	-	-	-	pledia	-	-	-	-	-	-	plediadwy
pleidleisio	-	pleidleisi	pleidleisia	-	-	-	pleidleisir	-	pleidleisit	-	-	-	-	pleidleisid	-	-	e	-	-	-	-	-	-	-	-	-	-	-	-	pleidleisiech	-	-	-	-	-	pleidleisia	-	-	-	-	-	-	-
plethu	-	-	-	-	-	-	-	-	-	-	-	-	-	-	-	-	e	-	-	-	-	-	-	-	-	-	-	-	plethwn	plethit	plethai	plethem	plethech	plethent	-	pletha	-	-	-	-	-	-	plethadwy
pluo	-	-	-	-	-	-	-	-	-	-	-	-	-	-	-	-	e	-	-	-	-	-	-	-	-	-	-	-	pluwn	pluit	pluai	pluem	pluech	pluent	-	-	-	-	-	-	-	-	pluadwy
plygio	-	plygi	plygia	-	-	-	plygir	-	plygit	-	-	-	-	plygid	-	-	e	-	-	-	-	-	-	-	-	-	-	-	-	plygiech	-	-	-	-	-	plygia	-	-	-	-	-	-	plygiadwy
plygu	-	-	-	-	-	-	-	-	-	-	-	-	-	-	-	-	e	-	-	-	-	-	-	-	-	-	-	-	plygwn	plygit	plygai	plygem	plygech	plygent	-	-	-	-	-	-	-	-	plygadwy
plymio	-	-	-	-	-	-	-	-	-	-	-	-	-	-	-	-	e	-	-	-	-	-	-	-	-	-	-	-	plymiwn	plymiit	plymiai	plymiem	plymiech	plymient	-	-	-	-	-	-	-	-	plymiadwy
pobi	-	-	-	-	-	-	-	-	-	-	-	-	-	-	-	-	e	-	-	-	-	-	-	-	-	-	-	-	pobwn	pobit	pobai	pobem	pobech	pobent	-	-	-	-	-	-	-	-	pobadwy
poblogeiddio	-	poblogeiddi	poblogeiddia	-	-	-	poblogeiddir	-	poblogeiddit	-	-	-	-	poblogeiddid	-	-	e	-	-	-	-	-	-	-	-	-	-	-	-	poblogeiddiech	-	-	-	-	-	poblogeiddia	-	-	-	-	-	-	poblogeiddiadwy
poblogi	-	-	pobloga	-	-	-	-	-	-	-	-	-	-	-	-	-	e	-	-	-	-	-	-	-	-	-	-	-	poblogwn	poblogit	poblogai	poblogem	poblogech	poblogent	-	pobloga	-	-	-	-	-	-	poblogadwy
poeni	-	-	poena	-	-	-	-	-	-	-	-	-	-	-	-	-	-	-	-	-	-	-	-	-	-	-	-	-	-	-	-	-	-	-	-	poena	-	-	-	-	-	-	-
poenydio	-	-	poenydiia	poenydiiwn	poenydiiwch	poenydiiant	-	poenydiiwn	-	poenydiiai	poenydiiem	poenydiiech	poenydiient	-	poenydiiais	poenydiiaist	e	poenydiiasom	poenydiiasoch	poenydiiasant	poenydiiwyd	poenydiiaswn	poenydiiasit	poenydiiasai	poenydiiasem	poenydiiasech	poenydiiasent	poenydiiasid	poenydiiwyf	poenydiiech	poenydiio	poenydiiom	poenydiioch	poenydiiont	poenydiier	poenydia	poenydiied	poenydiiwn	poenydiiwch	poenydiient	poenydiier	-	poenydiiadwy
pori	-	-	pawr	-	-	-	-	-	-	-	-	-	-	-	-	-	e	-	-	-	-	-	-	-	-	-	-	-	porwn	porit	porai	porem	porech	porent	-	pawr	-	-	-	-	-	-	poradwy
postio	-	posti	postia	-	-	-	postir	-	postit	-	-	-	-	postid	-	-	e	-	-	-	-	-	-	-	-	-	-	-	-	postiech	-	-	-	-	-	postia	-	-	-	-	-	-	postadwy
potsio	-	potshi	potsia	-	-	-	potshir	-	potshit	-	-	-	-	potshid	-	-	e	-	-	-	-	-	-	-	-	-	-	-	-	potsiech	-	-	-	-	-	potsia	-	-	-	-	-	-	potsiadwy
pregethu	-	-	-	-	-	-	-	-	-	-	-	-	-	-	-	-	e	-	-	-	-	-	-	-	-	-	-	-	pregethwn	pregethit	pregethai	pregethem	pregethech	pregethent	-	-	-	-	-	-	-	-	pregethadwy
preswylio	-	preswyli	preswylia	-	-	-	preswylir	-	preswylit	-	-	-	-	preswylid	-	-	e	-	-	-	-	-	-	-	-	-	-	-	-	preswyliech	-	-	-	-	-	preswylia	-	-	-	-	-	-	preswyliadwy
printio	-	printi	printia	-	-	-	printir	-	printit	-	-	-	-	printid	-	-	e	-	-	-	-	-	-	-	-	-	-	-	-	printiech	-	-	-	-	-	printa	-	-	-	-	-	-	printiadwy
priodoli	-	-	priodola	-	-	-	-	-	-	-	-	-	-	-	-	-	e	-	-	-	-	-	-	-	-	-	-	-	priodolwn	priodolit	priodolai	priodolem	priodolech	priodolent	-	priodola	-	-	-	-	-	-	priodoladwy
prisio	-	prisi	prisia	-	-	-	prisir	-	prisit	-	-	-	-	prisid	-	-	e	-	-	-	-	-	-	-	-	-	-	-	-	prisiech	-	-	-	-	-	prisia	-	-	-	-	-	-	prisiadwy
proffwydo	-	-	-	-	-	-	-	-	-	-	-	-	-	-	-	-	e	-	-	-	-	-	-	-	-	-	-	-	proffwydwn	proffwydit	proffwydai	proffwydem	proffwydech	proffwydent	-	-	-	-	-	-	-	-	proffwydadwy
profi	-	-	prawf	-	-	-	-	-	-	-	-	-	-	-	-	-	e	-	-	-	-	-	-	-	-	-	-	-	profwn	profit	profai	profem	profech	profent	-	profa	-	-	-	-	-	-	profadwy
protestio	-	protesti	protestia	-	-	-	protestir	-	protestit	-	-	-	-	protestid	-	-	e	-	-	-	-	-	-	-	-	-	-	-	-	protestiech	-	-	-	-	-	protestia	-	-	-	-	-	-	protestadwy
prowlan	prowlaf	-	-	-	-	-	-	-	-	-	-	-	-	-	-	-	-	-	-	-	-	-	-	-	-	-	-	-	-	-	-	-	-	-	-	-	-	-	-	-	-	-	-
prynu	-	-	-	-	-	-	-	-	-	-	-	-	-	-	-	-	-	-	-	-	-	-	-	-	-	-	-	-	-	-	-	-	-	-	-	prŷn	-	-	-	-	-	-	-
puro	-	-	-	-	-	-	-	-	-	-	-	-	-	-	-	-	e	-	-	-	-	-	-	-	-	-	-	-	purwn	purit	purai	purem	purech	purent	-	-	-	-	-	-	-	-	puradwy
pweru	-	-	-	-	-	-	-	-	-	-	-	-	-	-	-	-	e	-	-	-	-	-	-	-	-	-	-	-	-	-	-	-	-	-	-	pwera	-	-	-	-	-	-	-
pwyllgora	-	-	pwyllgora	-	-	-	-	-	-	-	-	-	-	-	-	-	e	-	-	-	-	-	-	-	-	-	-	-	pwyllgorwn	pwyllgorit	pwyllgorai	pwyllgorem	pwyllgorech	pwyllgorent	-	pwyllgora	-	-	-	-	-	-	pwyllgoradwy
pwysleisio	-	pwysleisi	pwysleisia	-	-	-	pwysleisir	-	pwysleisit	-	-	-	-	pwysleisid	-	-	e	-	-	-	-	-	-	-	-	-	-	-	-	pwysleisiech	-	-	-	-	-	pwylsleisia	-	-	pwylsleisiwch	-	-	-	pwysleisiadwy
pwyso	-	-	pwysa	-	-	-	-	-	-	-	-	-	-	-	-	-	-	-	-	-	-	-	-	-	-	-	-	-	-	-	-	-	-	-	-	pwysa	-	-	-	-	-	-	-
pydru	-	-	pydra	-	-	-	-	-	-	-	-	-	-	-	-	-	-	-	-	-	-	-	-	-	-	-	-	-	-	-	-	-	-	-	-	pydra	-	-	-	-	-	-	-
pylu	pwlaf	pwli	pwla	pwlwn	pwlwch	pwlant	pwlir	-	-	-	-	-	-	-	pwlais	pwlaist	e	pwlasom	pwlasoch	pwlasant	pwlwyd	pwlaswn	pwlasit	pwlasai	pwlasem	pwlasech	pwlasent	pwlasid	pwlwn	pwlit	pwlai	pwlem	pwlech	pwlent	pwler	pwla	pwled	pwlwn	pwlwch	pwlent	pwler	-	pwladwy
pysgota	-	-	pysgota	-	-	-	-	-	-	-	-	-	-	-	-	-	e	-	-	-	-	-	-	-	-	-	-	-	pysgotwn	pysgotit	pysgotai	pysgotem	pysgotech	pysgotent	-	pysgota	-	-	-	-	-	-	pysgotadwy
rasio	-	rasi	rasia	-	-	-	rasir	-	rasit	-	-	-	-	rasid	-	-	e	-	-	-	-	-	-	-	-	-	-	-	-	rasiech	-	-	-	-	-	rasia	-	-	-	-	-	-	rasiadwy
recordio	-	recordi	recordia	-	-	-	recordir	-	recordit	-	-	-	-	recordid	-	-	e	-	-	-	-	-	-	-	-	-	-	-	-	recordiech	-	-	-	-	-	recordia	-	-	-	-	-	-	recordadwy
rhagddodi	-	-	rhagddoda	-	-	-	-	-	-	-	-	-	-	-	-	-	e	-	-	-	-	-	-	-	-	-	-	-	rhagddodwn	rhagddodit	rhagddodai	rhagddodem	rhagddodech	rhagddodent	-	rhagddoda	-	-	-	-	-	-	rhagddodadwy
rhagdybio	-	rhagdybi	rhagdyb	-	-	-	rhagdybir	-	rhagdybit	-	-	-	-	rhagdybid	-	-	e	-	-	-	-	-	-	-	-	-	-	-	-	rhagdybiech	-	-	-	-	-	rhagdybia	-	-	-	-	-	-	rhagdybiadwy
rhaglennu	-	-	-	-	-	-	-	-	-	-	-	-	-	-	-	-	e	-	-	-	-	-	-	-	-	-	-	-	rhaglennwn	rhaglennit	rhaglennai	rhaglennem	rhaglennech	rhaglennent	-	-	-	-	-	-	-	-	rhaglennadwy
rhagori	-	-	rhagora	-	-	-	-	-	-	-	-	-	-	-	-	-	e	-	-	-	-	-	-	-	-	-	-	-	rhagorwn	rhagorit	rhagorai	rhagorem	rhagorech	rhagorent	-	rhagora	-	-	-	-	-	-	rhagoradwy
rhannu	-	rhenni	rhanna	-	-	-	rhennir	-	-	-	-	-	-	-	rhennais	rhennaist	e	rhanasom	rhanasoch	rhanasant	-	rhanaswn	rhanasit	rhanasai	rhanasem	rhanasech	rhanasent	rhanasid	rhannwn	rhannit	rhannai	rhannem	rhannech	rhannent	-	rhanna	-	-	-	-	-	-	rhanadwy
rhathu	-	rhethi	rhatha	-	-	-	rhethir	-	-	-	-	-	-	-	rhethais	rhethaist	e	-	-	-	-	-	-	-	-	-	-	-	rhathwn	rhathit	rhathai	rhathem	rhathech	rhathent	-	rhatha	-	-	-	-	-	-	rhathadwy
rhedeg	rhedaf	rhedi	rhed	rhedwn	rhedwch	rhedant	rhedir	rhedwn	rhedit	rhedai	rhedem	rhedech	rhedent	rhedid	rhedais	rhedaist	rhedodd	rhedasom	rhedasoch	rhedasant	rhedwyd	rhedaswn	rhedasit	rhedasai	rhedasem	rhedasech	rhedasent	rhedasid	rhedwyf	rhedych	rhedo	rhedom	rhedoch	rhedont	rheder	rhed	rheded	rhedwn	rhedwch	rhedent	rheder	-	rhededig
rhedyna	-	-	rhedyna	-	-	-	-	-	-	-	-	-	-	-	-	-	e	-	-	-	-	-	-	-	-	-	-	-	rhedynwn	rhedynit	rhedynai	rhedynem	rhedynech	rhedynent	-	rhedyna	-	-	-	-	-	-	rhedynadwy
rheiddio	-	rheiddi	rheiddia	-	-	-	rheiddir	-	rheiddit	-	-	-	-	rheiddid	-	-	e	-	-	-	-	-	-	-	-	-	-	-	-	rheiddiech	-	-	-	-	-	rheiddia	-	-	-	-	-	-	rheiddiadwy
rhentu	-	-	rhenta	-	-	-	-	-	-	-	-	-	-	-	-	-	e	-	-	-	-	-	-	-	-	-	-	-	rhentwn	rhentit	rhentai	rhentem	rhentech	rhentent	-	rhenta	-	-	-	-	-	-	rhentadwy
rheoli	-	-	rheola	-	-	-	-	-	-	-	-	-	-	-	-	-	e	-	-	-	-	-	-	-	-	-	-	-	rheolwn	rheolit	rheolai	rheolem	rheolech	rheolent	-	rheola	-	-	-	-	-	-	rheoladwy
rheweiddio	-	rheweiddi	rheweiddia	-	-	-	rheweiddir	-	rheweiddit	-	-	-	-	rheweiddid	-	-	e	-	-	-	-	-	-	-	-	-	-	-	-	rheweiddiech	-	-	-	-	-	rheweiddia	-	-	-	-	-	-	rheweiddadwy
rhewi	-	-	rhewa	rhewn	rhewch	-	-	rhewn	-	-	-	-	-	-	-	-	e	rhewsom	rhewsoch	rhewsant	rhewyd	rhewswn	rhewsit	rhewsai	rhewsem	rhewsech	rhewsent	rhewsid	rhewyf	-	-	-	-	-	-	rhewa	-	rhewn	rhewch	-	-	-	rhewadwy
rhewlifo	-	-	rhewlifa	-	-	-	-	-	-	-	-	-	-	-	-	-	e	-	-	-	-	-	-	-	-	-	-	-	rhewlifwn	rhewlifit	rhewlifai	rhewlifem	rhewlifech	rhewlifent	-	llifa	-	-	-	-	-	-	rhewlifadwy
rhiffio	-	rhiffi	rhiffia	-	-	-	rhiffir	-	rhiffit	-	-	-	-	rhiffid	-	-	e	-	-	-	-	-	-	-	-	-	-	-	-	rhiffiech	-	-	-	-	-	rhiffia	-	-	-	-	-	-	rhiffiadwy
rhifo	-	-	-	-	-	-	-	-	-	-	-	-	-	-	-	-	e	-	-	-	-	-	-	-	-	-	-	-	rhifwn	rhifit	rhifai	rhifem	rhifech	rhifent	-	enrhifa	-	-	enrhifwch	-	-	-	rhifadwy
rhoddi	-	-	dyry	-	-	-	-	-	-	-	-	-	-	-	-	-	e	-	-	-	-	-	-	-	-	-	-	-	rhoddwn	rhoddit	rhoddai	rhoddem	rhoddech	rhoddent	-	rho	-	-	-	-	-	-	rhoddadwy
rhodianna	-	rhodienni	rhodianna	-	-	-	rhodiennir	-	-	-	-	-	-	-	rhodiennais	rhodiennaist	e	-	-	-	-	-	-	-	-	-	-	-	rhodiannwn	rhodiannit	rhodiannai	rhodiannem	rhodiannech	rhodiannent	-	rhodianna	-	-	-	-	-	-	rhodiannadwy
rhodio	-	rhodi	-	-	-	-	rhodir	-	rhodit	-	-	-	-	rhodid	-	-	-	-	-	-	-	-	-	-	-	-	-	-	-	rhodiech	-	-	-	-	-	-	-	-	-	-	-	-	-
rhofio	-	rhofi	rhofia	-	-	-	rhofir	-	rhofit	-	-	-	-	rhofid	-	-	-	-	-	-	-	-	-	-	-	-	-	-	-	rhofiech	-	-	-	-	-	rhofia	-	-	-	-	-	-	-
rhoi	rhof	-	rhy	-	-	rhônt	-	-	-	rhôi	-	-	-	-	rhois	rhoist	rhoes	rhoesom	rhoesoch	rhoesant	rhoed	rhoeswn	rhoesit	rhoesai	rhoesem	rhoesech	rhoesent	rhoesid	-	rhoech	rho	rhôm	rhoch	rhônt	-	-	-	-	-	-	-	-	rhoddedig
rholian	rholiaf	-	-	-	-	-	-	-	-	-	-	-	-	-	-	-	-	-	-	-	-	-	-	-	-	-	-	-	-	-	-	-	-	-	-	-	-	-	-	-	-	-	-
rhostio	-	rhosti	rhostia	-	-	-	rhostir	-	rhostit	-	-	-	-	rhostid	-	-	e	-	-	-	-	-	-	-	-	-	-	-	-	rhostiech	-	-	-	-	-	rhostia	-	-	-	-	-	-	rhostiadwy
rhuddlasu	cyfaddasaf	rhuddlesi	rhuddlasa	-	-	-	rhuddlesir	-	-	-	-	-	-	-	rhuddlesais	rhuddlesaist	e	-	-	-	-	-	-	-	-	-	-	-	rhuddlaswn	rhuddlasit	rhuddlasai	rhuddlasem	rhuddlasech	rhuddlasent	-	rhuddlasa	-	-	-	-	-	-	rhuddlasadwy
rhuo	-	-	rhua	-	-	-	-	-	-	-	-	-	-	-	-	-	e	-	-	-	-	-	-	-	-	-	-	-	rhuwn	rhuit	rhuai	rhuem	rhuech	rhuent	-	rhua	-	-	-	-	-	-	rhuadwy
rhusio	-	rhusi	rhusia	-	-	-	rhusir	-	rhusit	-	-	-	-	rhusid	-	-	e	-	-	-	-	-	-	-	-	-	-	-	-	rhusiech	-	-	-	-	-	rhusia	-	-	-	-	-	-	rhusiadwy
rhuthro	-	-	rhuthra	-	-	-	-	-	-	-	-	-	-	-	-	-	-	-	-	-	-	-	-	-	-	-	-	-	-	-	-	-	-	-	-	rhuthra	-	-	-	-	-	-	rhuthradwy
rhwbio	-	rhwbi	rhwbia	-	-	-	rhwbir	-	rhwbit	-	-	-	-	rhwbid	-	-	e	-	-	-	-	-	-	-	-	-	-	-	-	rhwbiech	-	-	-	-	-	rhwbia	-	-	-	-	-	-	rhwbiadwy
rhwydo	-	-	rhwyda	-	-	-	-	-	-	-	-	-	-	-	-	-	e	-	-	-	-	-	-	-	-	-	-	-	rhwydwn	rhwydit	rhwydai	rhwydem	rhwydech	rhwydent	-	rhwyda	-	-	-	-	-	-	rhwydadwy
rhwydweithio	-	rhwydweithi	rhwydweithia	-	-	-	rhwydweithir	-	rhwydweithit	-	-	-	-	rhwydweithid	-	-	e	-	-	-	-	-	-	-	-	-	-	-	-	rhwydweithiech	-	-	-	-	-	rhwydweithia	-	-	-	-	-	-	rhwydweithiadwy
rhwyfo	-	-	-	-	-	-	-	-	-	-	-	-	-	-	-	-	-	-	-	-	-	-	-	-	-	-	-	-	rhwyfwn	rhwyfit	rhwyfai	rhwyfem	rhwyfech	rhwyfent	-	-	-	-	-	-	-	-	rhwyfadwy
rhwygo	-	-	rhwyga	-	-	-	-	-	-	-	-	-	-	-	-	-	-	-	-	-	-	-	-	-	-	-	-	-	-	-	-	-	-	-	-	rhwyga	-	-	-	-	-	-	-
rhwymo	-	-	rhwyma	-	-	-	-	-	-	-	-	-	-	-	-	-	e	-	-	-	-	-	-	-	-	-	-	-	rhwymwn	rhwymit	rhwymai	rhwymem	rhwymech	rhwyment	-	rhwyma	-	-	-	-	-	-	rhwymadwy
rhwystro	-	-	rhwystra	-	-	-	-	-	-	-	-	-	-	-	-	-	-	-	-	-	-	-	-	-	-	-	-	-	-	-	-	-	-	-	-	rhwystra	-	-	-	-	-	-	-
rhybuddio	-	rhybuddi	rhybuddia	-	-	-	rhybuddir	-	rhybuddit	-	-	-	-	rhybuddid	-	-	e	-	-	-	-	-	-	-	-	-	-	-	-	rhybuddiech	-	-	-	-	-	rhybuddia	-	-	-	-	-	-	rhybuddiadwy
rhyddfreinio	-	rhyddfreini	rhyddfreinia	-	-	-	rhyddfreinir	-	rhyddfreinit	-	-	-	-	rhyddfreinid	-	-	e	-	-	-	-	-	-	-	-	-	-	-	-	rhyddfreiniech	-	-	-	-	-	rhyddfreinia	-	-	-	-	-	-	rhyddfreiniadwy
rhyddhau	rhyddhaf	rhyddhei	-	-	rhyddhewch	rhyddhânt	rhyddheir	-	-	-	-	-	-	-	rhyddheais	rhyddheaist	-	rhyddhasom	rhyddhasoch	rhyddhasant	-	rhyddhaswn	rhyddhasit	rhyddhasai	rhyddhasem	rhyddhasech	rhyddhasent	rhyddhasid	rhyddhawn	rhyddhait	-	rhyddhaem	rhyddhaech	rhyddhaent	-	-	-	-	rhyddhewch	-	-	-	-
rhyfeddu	-	-	rhyfedda	-	-	-	-	-	-	-	-	-	-	-	-	-	e	-	-	-	-	-	-	-	-	-	-	-	rhyfeddwn	rhyfeddit	rhyfeddai	rhyfeddem	rhyfeddech	rhyfeddent	-	rhyfedda	-	-	-	-	-	-	rhyfeddadwy
rhyfela	-	-	rhyfela	-	-	-	-	-	-	-	-	-	-	-	-	-	e	-	-	-	-	-	-	-	-	-	-	-	rhyfelwn	rhyfelit	rhyfelai	rhyfelem	rhyfelech	rhyfelent	-	rhyfela	-	-	-	-	-	-	rhyfeladwy
rhyngosod	mewnosodaf	-	rhyngosoda	-	-	-	-	-	-	-	-	-	-	-	-	-	e	-	-	-	-	-	-	-	-	-	-	-	rhyngosodwn	rhyngosodit	rhyngosodai	rhyngosodem	rhyngosodech	rhyngosodent	-	rhyngosoda	-	-	-	-	-	-	-
rhyngwladoli	-	-	rhyngwladola	-	-	-	-	-	-	-	-	-	-	-	-	-	e	-	-	-	-	-	-	-	-	-	-	-	rhyngwladolwn	rhyngwladolit	rhyngwladolai	rhyngwladolem	rhyngwladolech	rhyngwladolent	-	rhyngwladola	-	-	-	-	-	-	-
rybela	-	-	rybela	-	-	-	-	-	-	-	-	-	-	-	-	-	e	-	-	-	-	-	-	-	-	-	-	-	rybelwn	rybelit	rybelai	rybelem	rybelech	rybelent	-	rybela	-	-	-	-	-	-	rybeladwy
saethu	-	-	saetha	-	-	-	-	-	-	-	-	-	-	-	-	-	e	-	-	-	-	-	-	-	-	-	-	-	saethwn	saethit	saethai	saethem	saethech	saethent	-	saetha	-	-	-	-	-	-	saethadwy
safoni	-	-	-	-	-	-	-	-	-	-	-	-	-	-	-	-	e	-	-	-	-	-	-	-	-	-	-	-	safonwn	safonit	safonai	safonem	safonech	safonent	-	-	-	-	-	-	-	-	safonadwy
sancteiddio	-	sancteiddi	sancteiddia	-	-	-	sancteiddir	-	sancteiddit	-	-	-	-	sancteiddid	-	-	e	-	-	-	-	-	-	-	-	-	-	-	-	sancteiddiech	-	-	-	-	-	sancteiddia	-	-	-	-	-	-	sancteiddiadwy
sandio	-	sendi	sandia	-	-	-	sendir	-	sendit	-	-	-	-	sendid	sendiais	sendiaist	e	-	-	-	-	-	-	-	-	-	-	-	-	sendiech	-	-	-	-	-	sandia	-	-	-	-	-	-	sandiadwy
sarhau	sarhaf	sarhei	-	-	sarhewch	sarhânt	sarheir	-	-	-	-	-	-	-	sarheais	sarheaist	e	sarhasom	sarhasoch	sarhasant	-	sarhaswn	sarhasit	sarhasai	sarhasem	sarhasech	sarhasent	sarhasid	sarhawn	sarhait	-	sarhaem	sarhaech	sarhaent	-	-	-	-	sarheuwch	-	-	-	sarhadwy
sarnu	-	-	-	-	-	-	-	-	-	-	-	-	-	-	-	-	e	-	-	-	-	-	-	-	-	-	-	-	sarnwn	sarnit	sarnai	sarnem	sarnech	sarnent	-	-	-	-	-	-	-	-	sarnadwy
sathru	-	-	sathra	-	-	-	-	-	-	-	-	-	-	-	-	-	e	-	-	-	-	-	-	-	-	-	-	-	sathrwn	sathrit	sathrai	sathrem	sathrech	sathrent	-	sathra	-	-	-	-	-	-	sathradwy
sbarian	sbariaf	-	-	-	-	-	-	-	-	-	-	-	-	-	-	-	-	-	-	-	-	-	-	-	-	-	-	-	-	-	-	-	-	-	-	-	-	-	-	-	-	-	-
sbecian	sbeciaf	-	-	-	-	-	-	-	-	-	-	-	-	-	-	-	-	-	-	-	-	-	-	-	-	-	-	-	-	-	-	-	-	-	-	-	-	-	-	-	-	-	-
sbio	-	sbi	sbia	-	-	-	sbir	-	sbit	-	-	-	-	sbid	-	-	e	-	-	-	-	-	-	-	-	-	-	-	-	sbiech	-	-	-	-	-	sbia	-	-	-	-	-	-	sbiadwy
sboncio	-	sbonci	sboncia	-	-	-	sboncir	-	sboncit	-	-	-	-	sboncid	-	-	e	-	-	-	-	-	-	-	-	-	-	-	-	sbonciech	-	-	-	-	-	sboncia	-	-	-	-	-	-	sbonciadwy
sbwlio	-	-	sbwlia	-	-	-	-	-	-	-	-	-	-	-	-	-	e	-	-	-	-	-	-	-	-	-	-	-	sbwliwn	sbwliit	sbwliai	sbwliem	sbwliech	sbwlient	-	sbwlia	-	-	-	-	-	-	sbwliadwy
sbwylio	-	sbwyli	sbwylia	-	-	-	sbwylir	-	sbwylit	-	-	-	-	sbwylid	-	-	e	-	-	-	-	-	-	-	-	-	-	-	-	sbwyliech	-	-	-	-	-	sbwylia	-	-	-	-	-	-	sbwyliadwy
seboneiddio	-	seboneiddi	seboneiddia	-	-	-	seboneiddir	-	seboneiddit	-	-	-	-	seboneiddid	-	-	e	-	-	-	-	-	-	-	-	-	-	-	-	seboneiddiech	-	-	-	-	-	seboneiddia	-	-	-	-	-	-	seboneiddadwy
seboni	-	-	sebona	-	-	-	-	-	-	-	-	-	-	-	-	-	e	-	-	-	-	-	-	-	-	-	-	-	sebonwn	sebonit	sebonai	sebonem	sebonech	sebonent	-	sebona	-	-	-	-	-	-	sebonadwy
sefydlogi	-	-	sefydloga	-	-	-	-	-	-	-	-	-	-	-	-	-	e	-	-	-	-	-	-	-	-	-	-	-	sefydlogwn	sefydlogit	sefydlogai	sefydlogem	sefydlogech	sefydlogent	-	sefydloga	-	-	-	-	-	-	sefydlogadwy
sefydlu	-	-	sefydla	-	-	-	-	-	-	-	-	-	-	-	-	-	e	-	-	-	-	-	-	-	-	-	-	-	sefydlwn	sefydlit	sefydlai	sefydlem	sefydlech	sefydlent	-	sefydla	-	-	-	-	-	-	sefydladwy
sefyll	safaf	safi	saif	safwn	safwch	safant	safir	safwn	safit	safai	safem	safech	safent	safid	safais	safaist	safodd	safasom	safasoch	safasant	safwyd	safaswn	safasit	safasai	safasem	safasech	safasent	safasid	safwyf	safych	safo	safom	safoch	safont	safer	saf	safed	safwn	safwch	safent	safer	-	safedigsafadwy
segura	-	-	segura	-	-	-	-	-	-	-	-	-	-	-	-	-	e	-	-	-	-	-	-	-	-	-	-	-	segurwn	segurit	segurai	segurem	segurech	segurent	-	segura	-	-	-	-	-	-	seguradwy
seiclo	-	-	-	-	-	-	-	-	-	-	-	-	-	-	-	-	e	-	-	-	-	-	-	-	-	-	-	-	seiclwn	seiclit	seiclai	seiclem	seiclech	seiclent	-	-	-	-	-	-	-	-	seicladwy
seinio	-	seini	seinia	-	-	-	seinir	-	seinit	-	-	-	-	seinid	-	-	e	-	-	-	-	-	-	-	-	-	-	-	-	seiniech	-	-	-	-	-	seinia	-	-	-	-	-	-	seiniadwy
sengi	sangaf	-	sang	sangwn	sangwch	sangant	-	-	-	-	-	-	-	-	-	-	e	sangasom	sangasoch	sangasant	sangwyd	sangaswn	sangasit	sangasai	sangasem	sangasech	sangasent	sangasid	sangwn	sangit	sangai	sangem	sangech	sangent	sanger	sang	sanged	sangwn	sangwch	sangent	sanger	-	sangadwy
sgeifio	-	sgeifi	sgeifia	-	-	-	sgeifir	-	sgeifit	-	-	-	-	sgeifid	-	-	e	-	-	-	-	-	-	-	-	-	-	-	-	sgeifiech	-	-	-	-	-	sgeifia	-	-	-	-	-	-	sgeifiadwy
sgipio	-	sgipi	sgipia	-	-	-	sgipir	-	sgipit	-	-	-	-	sgipid	-	-	e	-	-	-	-	-	-	-	-	-	-	-	-	sgipiech	-	-	-	-	-	sgipia	-	-	-	-	-	-	sgipiadwy
sglefrio	-	sglefri	-	-	-	-	sglefrir	-	sglefrit	-	-	-	-	sglefrid	-	-	e	-	-	-	-	-	-	-	-	-	-	-	-	sglefriech	-	-	-	-	-	-	-	-	-	-	-	-	sglefriadwy
sgorio	-	sgori	sgoria	-	-	-	sgorir	-	sgorit	-	-	-	-	sgorid	-	-	e	-	-	-	-	-	-	-	-	-	-	-	-	sgoriech	-	-	-	-	-	sgoria	-	-	-	-	-	-	sgoriadwy
sgramblo	-	sgrembli	sgrambla	-	-	-	sgremblir	-	-	-	-	-	-	-	sgremblais	sgremblaist	e	-	-	-	-	-	-	-	-	-	-	-	sgramblwn	sgramblit	sgramblai	sgramblem	sgramblech	sgramblent	-	sgrambla	-	-	-	-	-	-	sgrambladwy
sgrechian	sgrechiaf	-	-	-	-	-	-	-	-	-	-	-	-	-	-	-	-	-	-	-	-	-	-	-	-	-	-	-	-	-	-	-	-	-	-	-	-	-	-	-	-	-	-
sgrinio	-	sgrini	sgrinia	-	-	-	sgrinir	-	sgrinit	-	-	-	-	sgrinid	-	-	e	-	-	-	-	-	-	-	-	-	-	-	-	sgriniech	-	-	-	-	-	sgrinia	-	-	-	-	-	-	sgriniadwy
sgwennu	-	-	-	-	-	-	-	-	-	-	-	-	-	-	-	-	e	-	-	-	-	-	-	-	-	-	-	-	-	-	-	-	-	-	-	sgwenna	-	-	-	-	-	-	-
sgwrsio	-	sgwrsi	sgwrsia	-	-	-	sgwrsir	-	sgwrsit	-	-	-	-	sgwrsid	-	-	-	-	-	-	-	-	-	-	-	-	-	-	-	sgwrsiech	-	-	-	-	-	sgwrsia	-	-	-	-	-	-	-
sgïo	-	-	sgi	-	-	-	-	-	-	-	-	-	-	-	-	-	e	-	-	-	-	-	-	-	-	-	-	-	sgïwn	sgïit	sgïai	sgïem	sgïech	sgïent	-	sgi	-	-	-	-	-	-	sgïadwy
shrwmsa	-	-	shrwmsa	-	-	-	-	-	-	-	-	-	-	-	-	-	e	-	-	-	-	-	-	-	-	-	-	-	shrwmswn	shrwmsit	shrwmsai	shrwmsem	shrwmsech	shrwmsent	-	shrwmsa	-	-	-	-	-	-	shrwmsadwy
siafio	-	siafi	siafia	-	-	-	siafir	-	siafit	-	-	-	-	siafid	-	-	-	-	-	-	-	-	-	-	-	-	-	-	-	siafiech	-	-	-	-	-	siafia	-	-	-	-	-	-	-
siarad	-	siaredi	sieryd	-	siaredwch	-	siaredir	-	-	-	-	-	-	siaredid	siaredais	siaredaist	-	-	-	-	-	-	-	-	-	-	-	-	-	siaredych	-	-	-	-	-	-	-	-	siaredwch	-	-	-	-
sibrwd	sibrydaf	sibrydi	-	sibrydwn	sibrydwch	sibrydant	sibrydir	-	-	-	-	-	-	-	sibrydais	sibrydaist	e	sibrydasom	sibrydasoch	sibrydasant	sibrydwyd	sibrydaswn	sibrydasit	sibrydasai	sibrydasem	sibrydasech	sibrydasent	sibrydasid	sibrydwn	sibrydit	sibrydai	sibrydem	sibrydech	sibrydent	sibryder	-	sibryded	sibrydwn	sibrydwch	sibrydent	sibryder	-	-
sicrhau	sicrhaf	sicrhei	-	-	sicrhewch	sicrhânt	sicrheir	-	-	-	-	-	-	-	sicrheais	sicrheaist	-	sicrhasom	sicrhasoch	sicrhasant	-	sicrhaswn	sicrhasit	sicrhasai	sicrhasem	sicrhasech	sicrhasent	sicrhasid	sicrhawn	sicrhait	-	sicrhaem	sicrhaech	sicrhaent	-	-	-	-	sicrhewch	-	-	-	sicrhadwy
siffrwd	siffrydaf	-	-	-	-	-	-	-	-	-	-	-	-	-	-	-	-	-	-	-	-	-	-	-	-	-	-	-	-	-	-	-	-	-	-	-	-	-	-	-	-	-	-
siglo	-	-	sigla	-	-	-	-	-	-	-	-	-	-	-	-	-	e	-	-	-	-	-	-	-	-	-	-	-	siglwn	siglit	siglai	siglem	siglech	siglent	-	sigla	-	-	-	-	-	-	sigladwy
sillafu	-	sillefi	sillafa	-	-	-	sillefir	-	-	-	-	-	-	-	sillefais	sillefaist	e	-	-	-	-	-	-	-	-	-	-	-	sillafwn	sillafit	sillafai	sillafem	sillafech	sillafent	-	sillafa	-	-	-	-	-	-	sillafadwy
silweirio	-	silweiri	silweiria	-	-	-	silweirir	-	silweirit	-	-	-	-	silweirid	-	-	e	-	-	-	-	-	-	-	-	-	-	-	-	silweiriech	-	-	-	-	-	silweiria	-	-	-	-	-	-	silweiriadwy
simsanu	-	simseni	simsana	-	-	-	simsenir	-	-	-	-	-	-	-	simsenais	simsenaist	e	-	-	-	-	-	-	-	-	-	-	-	simsanwn	simsanit	simsanai	simsanem	simsanech	simsanent	-	simsana	-	-	-	-	-	-	simsanadwy
siomi	-	-	sioma	-	-	-	-	-	-	-	-	-	-	-	-	-	e	-	-	-	-	-	-	-	-	-	-	-	siomwn	siomit	siomai	siomem	siomech	sioment	-	sioma	-	-	-	-	-	-	siomadwy
siopa	-	-	siopa	-	-	-	-	-	-	-	-	-	-	-	-	-	e	-	-	-	-	-	-	-	-	-	-	-	siopwn	siopit	siopai	siopem	siopech	siopent	-	siopa	-	-	-	-	-	-	siopadwy
sisial	sisiaf	-	-	-	-	-	-	-	-	-	-	-	-	-	-	-	-	-	-	-	-	-	-	-	-	-	-	-	-	-	-	-	-	-	-	-	-	-	-	-	-	-	-
sisian	sisiaf	-	-	-	-	-	-	-	-	-	-	-	-	-	-	-	-	-	-	-	-	-	-	-	-	-	-	-	-	-	-	-	-	-	-	-	-	-	-	-	-	-	-
smocio	-	smoci	-	-	-	-	smocir	-	smocit	-	-	-	-	smocid	-	-	-	-	-	-	-	-	-	-	-	-	-	-	-	smociech	-	-	-	-	-	-	-	-	-	-	-	-	-
smwddio	-	smwddi	smwddia	-	-	-	smwddir	-	smwddit	-	-	-	-	smwddid	-	-	e	-	-	-	-	-	-	-	-	-	-	-	-	smwddiech	-	-	-	-	-	smwddia	-	-	-	-	-	-	smwddiadwy
smygu	-	-	smyga	-	-	-	-	-	-	-	-	-	-	-	-	-	-	-	-	-	-	-	-	-	-	-	-	-	-	-	-	-	-	-	-	smyga	-	-	-	-	-	-	-
soddi	-	-	sawdd	-	-	-	-	-	-	-	-	-	-	-	-	-	e	-	-	-	-	-	-	-	-	-	-	-	soddwn	soddit	soddai	soddem	soddech	soddent	-	sodda	-	-	-	-	-	-	soddadwy
sodro	-	-	-	-	-	-	-	-	-	-	-	-	-	-	-	-	e	-	-	-	-	-	-	-	-	-	-	-	sodrwn	sodrit	sodrai	sodrem	sodrech	sodrent	-	-	-	-	-	-	-	-	sodradwy
stemio	-	stemi	-	-	-	-	stemir	-	stemit	-	-	-	-	stemid	-	-	e	-	-	-	-	-	-	-	-	-	-	-	-	stemiech	-	-	-	-	-	-	-	-	-	-	-	-	stemiadwy
stopio	-	stopi	stopia	-	-	-	stopir	-	stopit	-	-	-	-	stopid	-	-	-	-	-	-	-	-	-	-	-	-	-	-	-	stopiech	-	-	-	-	-	stopia	-	-	-	-	-	-	-
streicio	-	streici	streicia	-	-	-	streicir	-	streicit	-	-	-	-	streicid	-	-	e	-	-	-	-	-	-	-	-	-	-	-	-	streiciech	-	-	-	-	-	streicia	-	-	-	-	-	-	streiciadwy
stwnsio	-	stwnshi	stwnsia	-	-	-	stwnshir	-	stwnshit	-	-	-	-	stwnshid	-	-	e	-	-	-	-	-	-	-	-	-	-	-	-	stwnsiech	-	-	-	-	-	stwnsia	-	-	-	-	-	-	stwnsiadwy
suddo	-	-	sudda	-	-	-	-	-	-	-	-	-	-	-	-	-	e	-	-	-	-	-	-	-	-	-	-	-	suddwn	suddit	suddai	suddem	suddech	suddent	-	sudda	-	-	-	-	-	-	suddadwy
switsio	-	switshi	switsia	-	-	-	switshir	-	switshit	-	-	-	-	switshid	-	-	e	-	-	-	-	-	-	-	-	-	-	-	-	switsiech	-	-	-	-	-	switsia	-	-	-	-	-	-	switsiadwy
swnian	swniaf	swni	swnia	swniwn	swniwch	swniant	swnir	swniwn	swnit	swniai	swniem	swniech	swnient	swnid	swniais	swniaist	e	swniasom	swniasoch	swniasant	swniwyd	swniaswn	swniasit	swniasai	swniasem	swniasech	swniasent	swniasid	swniwyf	swniech	swnio	swniom	swnioch	swniont	swnier	swnia	swnied	swniwn	swniwch	swnient	swnier	-	swniadwy
swnio	-	swni	swnia	-	-	-	swnir	-	swnit	-	-	-	-	swnid	-	-	e	-	-	-	-	-	-	-	-	-	-	-	-	swniech	-	-	-	-	-	swnia	-	-	-	-	-	-	swniadwy
sychdarthu	-	sychderthi	sychdartha	-	-	-	sychderthir	-	-	-	-	-	-	-	sychderthais	sychderthaist	e	-	-	-	-	-	-	-	-	-	-	-	sychdarthwn	sychdarthit	sychdarthai	sychdarthem	sychdarthech	sychdarthent	-	sychdartha	-	-	-	-	-	-	sychdarthadwy
sychu	-	-	-	-	-	-	-	-	-	-	-	-	-	-	-	-	e	-	-	-	-	-	-	-	-	-	-	-	sychwn	sychit	sychai	sychem	sychech	sychent	-	-	-	-	-	-	-	-	sychadwy
syflyd	syflaf	syfli	syfl	syflwn	syflwch	syflant	syflir	-	-	-	-	-	-	-	syflais	syflaist	e	syflasom	syflasoch	syflasant	syflwyd	syflaswn	syflasit	syflasai	syflasem	syflasech	syflasent	syflasid	syflwn	syflit	syflai	syflem	syflech	syflent	syfler	syfla	syfled	syflwn	syflwch	syflent	syfler	-	syfladwy
syfrdanu	-	syfrdeni	syfrdana	-	-	-	syfrdenir	-	-	-	-	-	-	-	syfrdenais	syfrdenaist	e	-	-	-	-	-	-	-	-	-	-	-	syfrdanwn	syfrdanit	syfrdanai	syfrdanem	syfrdanech	syfrdanent	-	syfrdana	-	-	-	-	-	-	syfrdanadwy
syfïa	syfiaf	syfii	syfïa	syfiwn	syfiwch	syfiant	syfiir	syfiwn	syfiit	syfiai	syfiem	syfiech	syfient	syfiid	syfiais	syfiaist	e	syfiasom	syfiasoch	syfiasant	syfiwyd	syfiaswn	syfiasit	syfiasai	syfiasem	syfiasech	syfiasent	syfiasid	syfiwyf	syfiech	syfio	syfiom	syfioch	syfiont	syfier	syfïa	syfied	syfiwn	syfiwch	syfient	syfier	-	syfiadwy
syllta	-	-	syllta	-	-	-	-	-	-	-	-	-	-	-	-	-	e	-	-	-	-	-	-	-	-	-	-	-	sylltwn	sylltit	sylltai	sylltem	sylltech	sylltent	-	syllta	-	-	-	-	-	-	sylltadwy
syllu	-	-	sylla	-	-	-	-	-	-	-	-	-	-	-	-	-	e	-	-	-	-	-	-	-	-	-	-	-	syllwn	syllit	syllai	syllem	syllech	syllent	-	sylla	-	-	-	-	-	-	sylladwy
sylweddoli	-	-	-	-	-	-	-	-	-	-	-	-	-	-	-	-	-	-	-	-	-	-	-	-	-	-	-	-	sylweddolwn	sylweddolit	sylweddolai	sylweddolem	sylweddolech	sylweddolent	-	-	-	-	-	-	-	-	sylweddoladwy
sylwi	-	-	sylwa	sylwn	sylwch	-	-	sylwn	-	-	-	-	-	-	-	-	-	sylwsom	sylwsoch	sylwsant	sylwyd	sylwswn	sylwsit	sylwsai	sylwsem	sylwsech	sylwsent	sylwsid	sylwyf	-	-	-	-	-	-	sylwa	-	sylwn	sylwch	-	-	-	-
symud	-	-	symuda	-	-	-	-	-	-	-	-	-	-	-	-	-	e	-	-	-	-	-	-	-	-	-	-	-	symudwn	symudit	symudai	symudem	symudech	symudent	-	symuda	-	-	-	-	-	-	symudadwy
synnu	-	-	synna	-	-	-	-	-	-	-	-	-	-	-	-	-	e	-	-	-	-	-	-	-	-	-	-	-	synnwn	synnit	synnai	synnem	synnech	synnent	-	synna	-	-	-	-	-	-	synnadwy
syrthio	-	syrthi	syrth	-	-	-	syrthir	-	syrthit	-	-	-	-	syrthid	-	-	-	-	-	-	-	-	-	-	-	-	-	-	-	syrthiech	-	-	-	-	-	syrthia	-	-	-	-	-	-	-
sôn	soniaf	soni	sonia	soniwn	soniwch	soniant	sonir	soniwn	sonit	soniai	soniem	soniech	sonient	sonid	soniais	soniaist	e	soniasom	soniasoch	soniasant	soniwyd	soniaswn	soniasit	soniasai	soniasem	soniasech	soniasent	soniasid	soniwyf	soniech	sonio	soniom	sonioch	soniont	sonier	sonia	sonied	soniwn	soniwch	sonient	sonier	-	soniadwy
taenu	-	-	taena	-	-	-	-	-	-	-	-	-	-	-	-	-	e	-	-	-	-	-	-	-	-	-	-	-	taenwn	taenit	taenai	taenem	taenech	taenent	-	taena	-	-	-	-	-	-	taenadwy
taeru	-	-	taera	-	-	-	-	-	-	-	-	-	-	-	-	-	e	-	-	-	-	-	-	-	-	-	-	-	taerwn	taerit	taerai	taerem	taerech	taerent	-	taera	-	-	-	-	-	-	taeradwy
taflodoli	-	-	taflodola	-	-	-	-	-	-	-	-	-	-	-	-	-	e	-	-	-	-	-	-	-	-	-	-	-	taflodolwn	taflodolit	taflodolai	taflodolem	taflodolech	taflodolent	-	taflodola	-	-	-	-	-	-	-
taflu	-	tefli	teifl	-	-	-	teflir	-	-	-	-	-	-	-	teflais	teflaist	e	-	-	-	-	-	-	-	-	-	-	-	taflwn	taflit	taflai	taflem	taflech	taflent	-	tafla	-	-	-	-	-	-	tafladwy
taflunio	-	tafluni	taflunia	-	-	-	taflunir	-	taflunit	-	-	-	-	taflunid	-	-	e	-	-	-	-	-	-	-	-	-	-	-	-	tafluniech	-	-	-	-	-	taflunia	-	-	-	-	-	-	tafluniadwy
tagu	-	tegi	taga	-	-	-	tegir	-	-	-	-	-	-	-	tegais	tegaist	e	-	-	-	-	-	-	-	-	-	-	-	tagwn	tagit	tagai	tagem	tagech	tagent	-	taga	-	-	-	-	-	-	tagadwy
talu	-	teli	tâl	-	telwch	-	telir	-	-	-	-	-	-	telid	telais	telaist	-	-	-	-	-	-	-	-	-	-	-	-	-	telych	-	-	-	-	-	tâl	-	-	telwch	-	-	-	taledigtaladwy
tanbeidio	-	tanbeidi	tanbaid	-	-	-	tanbeidir	-	tanbeidit	-	-	-	-	tanbeidid	-	-	e	-	-	-	-	-	-	-	-	-	-	-	-	tanbeidiech	-	-	-	-	-	tanbaid	-	-	-	-	-	-	-
tanlinellu	-	-	tanlinella	-	-	-	-	-	-	-	-	-	-	-	-	-	e	-	-	-	-	-	-	-	-	-	-	-	tanlinellwn	tanlinellit	tanlinellai	tanlinellem	tanlinellech	tanlinellent	-	tanlinella	-	-	-	-	-	-	tanlinelladwy
tanwariant	tanwariaf	-	-	-	-	-	-	-	-	-	-	-	-	-	-	-	-	-	-	-	-	-	-	-	-	-	-	-	-	-	-	-	-	-	-	-	-	-	-	-	-	-	-
taranu	-	tareni	tarana	-	-	-	tarenir	-	-	-	-	-	-	-	tarenais	tarenaist	e	-	-	-	-	-	-	-	-	-	-	-	taranwn	taranit	taranai	taranem	taranech	taranent	-	tarana	-	-	-	-	-	-	taranadwy
tarddu	-	terddi	tardda	-	-	-	terddir	-	-	-	-	-	-	-	terddais	terddaist	e	-	-	-	-	-	-	-	-	-	-	-	tarddwn	tarddit	tarddai	tarddem	tarddech	tarddent	-	tardda	-	-	-	-	-	-	tarddadwy
tarfu	-	terfi	tarfa	-	-	-	terfir	-	-	-	-	-	-	-	terfais	terfaist	e	-	-	-	-	-	-	-	-	-	-	-	tarfwn	tarfit	tarfai	tarfem	tarfech	tarfent	-	tarfa	-	-	-	-	-	-	tarfadwy
taro	trawaf	trewi	tery	trawn	trewch	trawant	trewir	trawn	trawit	trawai	trawem	trawech	trawent	trewid	trewais	trewaist	trawodd	trawsom	trawsoch	trawsant	trawyd	trawswn	trawsit	trawsai	trawsem	trawsech	trawsent	trawsid	trawyf	trewych	trawo	trawom	trawoch	trawont	trawer	taro	trawed	trawn	trewch	trawent	trawer	-	trawedig
tarthu	-	sychderthi	tartha	-	sychderthwch	-	sychderthir	-	-	-	-	-	-	-	sychderthais	sychderthaist	e	-	-	-	-	-	-	-	-	-	-	-	tarthwn	sychderthych	tarthai	tarthem	tarthech	tarthent	sychderthid	tartha	-	-	sychderthwch	-	-	-	tarthadwy
tawchu	-	-	-	-	-	-	-	-	-	-	-	-	-	-	-	-	e	-	-	-	-	-	-	-	-	-	-	-	tawchwn	tawchit	tawchai	tawchem	tawchech	tawchent	-	-	-	-	-	-	-	-	tawchadwy
tawelu	-	-	tawela	-	-	-	-	-	-	-	-	-	-	-	-	-	e	-	-	-	-	-	-	-	-	-	-	-	tawelwn	tawelit	tawelai	tawelem	tawelech	tawelent	-	tawela	-	-	-	-	-	-	taweladwy
tecáu	tecâf	tecei	tecâ	tecawn	tecewch	tecânt	teceir	-	-	-	-	-	-	-	teceais	teceaist	tecaodd	tecasom	tecasoch	tecasant	tecawyd	tecaswn	tecasit	tecasai	tecasem	tecasech	tecasent	tecasid	tecawn	tecait	tecao	tecaem	tecaech	tecaent	tecaer	tecâ	tecaed	tecawn	tecewch	tecaent	tecaer	-	tecadwy
teimlo	-	-	teimla	-	-	-	-	-	-	-	-	-	-	-	-	-	-	-	-	-	-	-	-	-	-	-	-	-	-	-	-	-	-	-	-	teimla	-	-	-	-	-	-	-
teipio	-	teipi	teipia	-	-	-	teipir	-	teipit	-	-	-	-	teipid	-	-	e	-	-	-	-	-	-	-	-	-	-	-	-	teipiech	-	-	-	-	-	teipia	-	-	-	-	-	-	-
teirannu	-	teirenni	teiranna	-	-	-	teirennir	-	-	-	-	-	-	-	teirennais	teirennaist	e	teiranasom	teiranasoch	teiranasant	-	teiranaswn	teiranasit	teiranasai	teiranasem	teiranasech	teiranasent	teiranasid	teirannwn	teirannit	teirannai	teirannem	teirannech	teirannent	-	teiranna	-	-	-	-	-	-	teiranadwy
teithio	-	teithi	-	-	-	-	teithir	-	teithit	-	-	-	-	teithid	-	-	-	-	-	-	-	-	-	-	-	-	-	-	-	teithiech	-	-	-	-	-	-	-	-	-	-	-	-	-
teledu	-	-	-	-	-	-	-	-	-	-	-	-	-	-	-	-	e	-	-	-	-	-	-	-	-	-	-	-	teledwn	teledit	teledai	teledem	teledech	teledent	-	-	-	-	-	-	-	-	teledadwy
telegludo	-	-	telegluda	-	-	-	-	-	-	-	-	-	-	-	-	-	e	-	-	-	-	-	-	-	-	-	-	-	telegludwn	telegludit	telegludai	telegludem	telegludech	telegludent	-	telegluda	-	-	-	-	-	-	telegludadwy
telori	-	-	-	-	-	-	-	-	-	-	-	-	-	-	-	-	e	-	-	-	-	-	-	-	-	-	-	-	telorwn	telorit	telorai	telorem	telorech	telorent	-	-	-	-	-	-	-	-	teloradwy
teneuo	-	-	teneua	-	-	-	-	-	-	-	-	-	-	-	-	-	e	-	-	-	-	-	-	-	-	-	-	-	teneuwn	teneuit	teneuai	teneuem	teneuech	teneuent	-	teneua	-	-	-	-	-	-	teneuadwy
terfynu	-	-	terfyna	-	-	-	-	-	-	-	-	-	-	-	-	-	-	-	-	-	-	-	-	-	-	-	-	-	-	-	-	-	-	-	-	terfyna	-	-	-	-	-	-	-
terfysgu	-	-	terfysga	-	-	-	-	-	-	-	-	-	-	-	-	-	e	-	-	-	-	-	-	-	-	-	-	-	terfysgwn	terfysgit	terfysgai	terfysgem	terfysgech	terfysgent	-	terfysga	-	-	-	-	-	-	terfysgadwy
teru	-	-	tera	-	-	-	-	-	-	-	-	-	-	-	-	-	e	-	-	-	-	-	-	-	-	-	-	-	terwn	terit	terai	terem	terech	terent	-	tera	-	-	-	-	-	-	teradwy
tewi	tawaf	-	tau	tawn	tewch	tawant	-	tawn	tawit	tawai	tawem	tawech	tawent	-	-	-	e	tawsom	tawsoch	tawsant	tawyd	tawswn	tawsit	tawsai	tawsem	tawsech	tawsent	tawsid	tawyf	-	tawo	tawom	tawoch	tawont	tawer	taw	tawed	tawn	tawch	tawent	tawer	-	tawedig
ticio	-	tici	ticia	-	-	-	ticir	-	ticit	-	-	-	-	ticid	-	-	e	-	-	-	-	-	-	-	-	-	-	-	-	ticiech	-	-	-	-	-	ticia	-	-	-	-	-	-	ticiadwy
tisian	tisiaf	tisi	tisia	tisiwn	tisiwch	tisiant	tisir	tisiwn	tisit	tisiai	tisiem	tisiech	tisient	tisid	tisiais	tisiaist	e	tisiasom	tisiasoch	tisiasant	tisiwyd	tisiaswn	tisiasit	tisiasai	tisiasem	tisiasech	tisiasent	tisiasid	tisiwyf	tisiech	tisio	tisiom	tisioch	tisiont	tisier	tisia	tisied	tisiwn	tisiwch	tisient	tisier	-	tisadwy
tlodi	-	-	tloda	-	-	-	-	-	-	-	-	-	-	-	-	-	e	-	-	-	-	-	-	-	-	-	-	-	tlodwn	tlodit	tlodai	tlodem	tlodech	tlodent	-	tloda	-	-	-	-	-	-	tlodadwy
tochi	-	-	tawch	-	-	-	-	-	-	-	-	-	-	-	-	-	e	-	-	-	-	-	-	-	-	-	-	-	tochwn	tochit	tochai	tochem	tochech	tochent	-	tocha	-	-	-	-	-	-	tochadwy
tocio	-	toci	tocia	-	-	-	tocir	-	tocit	-	-	-	-	tocid	-	-	e	-	-	-	-	-	-	-	-	-	-	-	-	tociech	-	-	-	-	-	tocia	-	-	-	-	-	-	tociadwy
toddi	-	-	tawdd	-	-	-	-	-	-	-	-	-	-	-	-	-	e	-	-	-	-	-	-	-	-	-	-	-	toddwn	toddit	toddai	toddem	toddech	toddent	-	todda	-	-	-	-	-	-	toddadwy
tolchi	-	-	-	-	-	-	-	-	-	-	-	-	-	-	-	-	e	-	-	-	-	-	-	-	-	-	-	-	tolchwn	tolchit	tolchai	tolchem	tolchech	tolchent	-	-	-	-	-	-	-	-	tolchadwy
tolcio	-	tolci	tolcia	-	-	-	tolcir	-	tolcit	-	-	-	-	tolcid	-	-	e	-	-	-	-	-	-	-	-	-	-	-	-	tolciech	-	-	-	-	-	tolcia	-	-	-	-	-	-	tolciadwy
tolio	-	toli	tawl	-	-	-	tolir	-	tolit	-	-	-	-	tolid	-	-	e	-	-	-	-	-	-	-	-	-	-	-	-	toliech	-	-	-	-	-	tolia	-	-	-	-	-	-	toliadwy
tomi	-	-	-	-	-	-	-	-	-	-	-	-	-	-	-	-	e	-	-	-	-	-	-	-	-	-	-	-	tomwn	tomit	tomai	tomem	tomech	toment	-	-	-	-	-	-	-	-	tomadwy
toncio	-	tonci	toncia	-	-	-	toncir	-	toncit	-	-	-	-	toncid	-	-	e	-	-	-	-	-	-	-	-	-	-	-	-	tonciech	-	-	-	-	-	toncia	-	-	-	-	-	-	tonciadwy
torchi	-	-	torcha	-	-	-	-	-	-	-	-	-	-	-	-	-	e	-	-	-	-	-	-	-	-	-	-	-	torchwn	torchit	torchai	torchem	torchech	torchent	-	torcha	-	-	-	-	-	-	torchadwy
torri	-	-	tyr	-	-	-	-	-	-	-	-	-	-	-	-	-	-	torasom	torasoch	torasant	-	toraswn	torasit	torasai	torasem	torasech	torasent	torasid	-	-	-	-	-	-	-	tor	-	-	-	-	-	-	toredigtoradwy
tostio	-	tosti	tostia	-	-	-	tostir	-	tostit	-	-	-	-	tostid	-	-	e	-	-	-	-	-	-	-	-	-	-	-	-	tostiech	-	-	-	-	-	tostia	-	-	-	-	-	-	tostiadwy
towio	-	-	towia	-	-	-	-	-	-	-	-	-	-	-	-	-	e	-	-	-	-	-	-	-	-	-	-	-	towiwn	towiit	towiai	towiem	towiech	towient	-	towia	-	-	-	-	-	-	towiadwy
traeanu	-	traeeni	traeana	-	-	-	traeenir	-	-	-	-	-	-	-	traeenais	traeenaist	e	-	-	-	-	-	-	-	-	-	-	-	traeanwn	traeanit	traeanai	traeanem	traeanech	traeanent	-	traeana	-	-	-	-	-	-	traeanadwy
traethu	-	-	traetha	-	-	-	-	-	-	-	-	-	-	-	-	-	e	-	-	-	-	-	-	-	-	-	-	-	traethwn	traethit	traethai	traethem	traethech	traethent	-	traetha	-	-	-	-	-	-	traethadwy
trafferthu	-	-	traffertha	-	-	-	-	-	-	-	-	-	-	-	-	-	e	-	-	-	-	-	-	-	-	-	-	-	trafferthwn	trafferthit	trafferthai	trafferthem	trafferthech	trafferthent	-	traffertha	-	-	-	-	-	-	trafferthadwy
trafod	-	-	trafoda	-	-	-	-	-	-	-	-	-	-	-	-	-	e	-	-	-	-	-	-	-	-	-	-	-	trafodwn	trafodit	trafodai	trafodem	trafodech	trafodent	-	trafoda	-	-	-	-	-	-	trafodadwy
tramgwyddo	-	-	tramgwydda	-	-	-	-	-	-	-	-	-	-	-	-	-	e	-	-	-	-	-	-	-	-	-	-	-	tramgwyddwn	tramgwyddit	tramgwyddai	tramgwyddem	tramgwyddech	tramgwyddent	-	tramgwydda	-	-	-	-	-	-	tramgwyddadwy
traphoethi	-	-	-	-	-	-	-	-	-	-	-	-	-	-	-	-	e	-	-	-	-	-	-	-	-	-	-	-	traphoethwn	traphoethit	traphoethai	traphoethem	traphoethech	traphoethent	-	traphoetha	-	-	-	-	-	-	-
trawsblannu	-	trawsblenni	trawsblanna	-	-	-	trawsblennir	-	-	-	-	-	-	-	trawsblennais	trawsblennaist	e	trawsblanasom	trawsblanasoch	trawsblanasant	-	trawsblanaswn	trawsblanasit	trawsblanasai	trawsblanasem	trawsblanasech	trawsblanasent	trawsblanasid	trawsblannwn	trawsblannit	trawsblannai	trawsblannem	trawsblannech	trawsblannent	-	trawsblanna	-	-	-	-	-	-	trawsblanadwy
trawsieithu	-	-	-	-	-	-	-	-	-	-	-	-	-	-	-	-	e	-	-	-	-	-	-	-	-	-	-	-	trawsieithwn	trawsieithit	trawsieithai	trawsieithem	trawsieithech	trawsieithent	-	-	-	-	-	-	-	-	trawsieithadwy
trawsleoli	-	-	trawsleola	-	-	-	-	-	-	-	-	-	-	-	-	-	e	-	-	-	-	-	-	-	-	-	-	-	trawsleolwn	trawsleolit	trawsleolai	trawsleolem	trawsleolech	trawsleolent	-	trawsleola	-	-	-	-	-	-	trawsleoladwy
trawsnewid	trawsnewidiaf	-	trawsnewidia	trawsnewidiwn	trawsnewidiwch	trawsnewidiant	-	trawsnewidiwn	-	trawsnewidiai	trawsnewidiem	trawsnewidiech	trawsnewidient	-	trawsnewidiais	trawsnewidiaist	e	trawsnewidiasom	trawsnewidiasoch	trawsnewidiasant	trawsnewidiwyd	trawsnewidiaswn	trawsnewidiasit	trawsnewidiasai	trawsnewidiasem	trawsnewidiasech	trawsnewidiasent	trawsnewidiasid	trawsnewidiwyf	trawsnewidiech	trawsnewidio	trawsnewidiom	trawsnewidioch	trawsnewidiont	trawsnewidier	trawsnewidia	trawsnewidied	trawsnewidiwn	trawsnewidiwch	trawsnewidient	trawsnewidier	-	trawsnewidiadwy
trawsosod	-	-	trawsesyd	-	-	-	-	-	-	-	-	-	-	-	-	-	e	-	-	-	-	-	-	-	-	-	-	-	trawsosodwn	trawsosodit	trawsosodai	trawsosodem	trawsosodech	trawsosodent	-	-	-	-	-	-	-	-	-
trawstorri	-	-	trawstorra	-	-	-	-	-	-	-	-	-	-	-	-	-	e	trawstorasom	trawstorasoch	trawstorasant	-	trawstoraswn	trawstorasit	trawstorasai	trawstorasem	trawstorasech	trawstorasent	trawstorasid	trawstorrwn	trawstorrit	trawstorrai	trawstorrem	trawstorrech	trawstorrent	-	trawstorra	-	-	-	-	-	-	trawstoradwy
trawstrefa	-	-	trawstrefa	-	-	-	-	-	-	-	-	-	-	-	-	-	e	-	-	-	-	-	-	-	-	-	-	-	trawstrefwn	trawstrefit	trawstrefai	trawstrefem	trawstrefech	trawstrefent	-	trawstrefa	-	-	-	-	-	-	trawstrefadwy
trechu	-	-	trecha	-	-	-	-	-	-	-	-	-	-	-	-	-	e	-	-	-	-	-	-	-	-	-	-	-	trechwn	trechit	trechai	trechem	trechech	trechent	-	trecha	-	-	-	-	-	-	trechadwy
trefnu	-	-	trefna	-	-	-	-	-	-	-	-	-	-	-	-	-	e	-	-	-	-	-	-	-	-	-	-	-	trefnwn	trefnit	trefnai	trefnem	trefnech	trefnent	-	trefna	-	-	-	-	-	-	trefnadwy
treiddio	-	treiddi	traidd	-	-	-	treiddir	-	treiddit	-	-	-	-	treiddid	-	-	e	-	-	-	-	-	-	-	-	-	-	-	-	treiddiech	-	-	-	-	-	treiddia	-	-	-	-	-	-	treiddiadwy
treiglo	-	-	-	-	-	-	-	-	-	-	-	-	-	-	-	-	e	-	-	-	-	-	-	-	-	-	-	-	treiglwn	treiglit	treiglai	treiglem	treiglech	treiglent	-	-	-	-	-	-	-	-	treigladwy
treisio	-	treisi	treisia	-	-	-	treisir	-	treisit	-	-	-	-	treisid	-	-	-	-	-	-	-	-	-	-	-	-	-	-	-	treisiech	-	-	-	-	-	treisia	-	-	-	-	-	-	-
trengi	-	-	trenga	-	-	-	-	-	-	-	-	-	-	-	-	-	e	-	-	-	-	-	-	-	-	-	-	-	trengwn	trengit	trengai	trengem	trengech	trengent	-	trenga	-	-	-	-	-	-	-
trethu	-	-	-	-	-	-	-	-	-	-	-	-	-	-	-	-	e	-	-	-	-	-	-	-	-	-	-	-	trethwn	trethit	trethai	trethem	trethech	trethent	-	-	-	-	-	-	-	-	trethadwy
treulio	-	treuli	treulia	-	-	-	treulir	-	treulit	-	-	-	-	treulid	-	-	e	-	-	-	-	-	-	-	-	-	-	-	-	treuliech	-	-	-	-	-	treulia	-	-	-	-	-	-	treuliadwy
trewi	-	-	-	trewn	trewch	-	-	trewn	-	-	-	-	-	-	-	-	e	trewsom	trewsoch	trewsant	trewyd	trewswn	trewsit	trewsai	trewsem	trewsech	trewsent	trewsid	trewyf	-	-	-	-	-	-	-	-	trewn	trewch	-	-	-	trewadwy
trigo	-	-	-	-	-	-	-	-	-	-	-	-	-	-	-	-	e	-	-	-	-	-	-	-	-	-	-	-	trigwn	trigit	trigai	trigem	trigech	trigent	-	triga	-	-	-	-	-	-	trigadwy
trilio	-	trili	trilia	-	-	-	trilir	-	trilit	-	-	-	-	trilid	-	-	e	-	-	-	-	-	-	-	-	-	-	-	-	triliech	-	-	-	-	-	trilia	-	-	-	-	-	-	triladwy
trin	triniaf	trinni	-	triniwn	triniwch	triniant	trinnir	triniwn	trinnit	triniai	triniem	triniech	trinient	trinnid	triniais	triniaist	e	triniasom	triniasoch	triniasant	triniwyd	triniaswn	triniasit	triniasai	triniasem	triniasech	triniasent	triniasid	triniwyf	triniech	trinio	triniom	trinioch	triniont	trinier	trinia	trinied	triniwn	triniwch	trinient	trinier	-	triniadwy
trio	-	tri	tria	-	-	-	trir	-	trit	-	-	-	-	trid	-	-	e	-	-	-	-	-	-	-	-	-	-	-	-	triech	-	-	-	-	-	tria	-	-	-	-	-	-	triadwy
tristáu	tristâf	tristei	tristâ	tristawn	tristewch	tristânt	tristeir	-	-	-	-	-	-	-	tristeais	tristeaist	tristaodd	tristasom	tristasoch	tristasant	tristawyd	tristaswn	tristasit	tristasai	tristasem	tristasech	tristasent	tristasid	tristawn	tristait	tristao	tristaem	tristaech	tristaent	tristaer	tristâ	tristaed	tristawn	tristewch	tristaent	tristaer	-	tristadwy
tro-ffrio	-	tro-ffri	tro-ffria	-	-	-	tro-ffrir	-	tro-ffrit	-	-	-	-	tro-ffrid	-	-	e	-	-	-	-	-	-	-	-	-	-	-	-	tro-ffriech	-	-	-	-	-	tro-ffria	-	-	-	-	-	-	tro-ffriadwy
trochi	-	-	-	-	-	-	-	-	-	-	-	-	-	-	-	-	e	-	-	-	-	-	-	-	-	-	-	-	trochwn	trochit	trochai	trochem	trochech	trochent	-	-	-	-	-	-	-	-	trochadwy
troi	-	-	try	-	-	trônt	-	-	-	-	-	-	-	-	trois	troist	e	troesom	troesoch	troesant	troed	troeswn	troesit	troesai	troesem	troesech	troesent	troesid	trown	troech	tro	troem	troech	troent	-	-	-	-	-	-	-	-	troadwy
troseddu	-	-	trosedda	-	-	-	-	-	-	-	-	-	-	-	-	-	-	-	-	-	-	-	-	-	-	-	-	-	troseddwn	troseddit	troseddai	troseddem	troseddech	troseddent	-	trosedda	-	-	-	-	-	-	-
trosglwyddo	-	-	trosglwydda	-	-	-	-	-	-	-	-	-	-	-	-	-	e	-	-	-	-	-	-	-	-	-	-	-	trosglwyddwn	trosglwyddit	trosglwyddai	trosglwyddem	trosglwyddech	trosglwyddent	-	trosglwydda	-	-	-	-	-	-	trosglwyddadwy
trosi	-	-	trosa	-	-	-	-	-	-	-	-	-	-	-	-	-	e	-	-	-	-	-	-	-	-	-	-	-	troswn	trosit	trosai	trosem	trosech	trosent	-	trosa	-	-	-	-	-	-	trosadwy
trosleisio	-	trosleisi	trosleisia	-	-	-	trosleisir	-	trosleisit	-	-	-	-	trosleisid	-	-	e	-	-	-	-	-	-	-	-	-	-	-	-	trosleisiech	-	-	-	-	-	trosleisia	-	-	-	-	-	-	trosleisiadwy
trwsio	-	trwsi	-	-	-	-	trwsir	-	trwsit	-	-	-	-	trwsid	-	-	e	-	-	-	-	-	-	-	-	-	-	-	-	trwsiech	-	-	-	-	-	-	-	-	-	-	-	-	trwsiadwy
trwynoli	-	-	trwynola	-	-	-	-	-	-	-	-	-	-	-	-	-	e	-	-	-	-	-	-	-	-	-	-	-	trwynolwn	trwynolit	trwynolai	trwynolem	trwynolech	trwynolent	-	trwynola	-	-	-	-	-	-	trwynoladwy
trwytho	-	-	trwytha	-	-	-	-	-	-	-	-	-	-	-	-	-	e	-	-	-	-	-	-	-	-	-	-	-	trwythwn	trwythit	trwythai	trwythem	trwythech	trwythent	-	trwytha	-	-	-	-	-	-	trwythadwy
tryferu	-	-	tryfera	-	-	-	-	-	-	-	-	-	-	-	-	-	e	-	-	-	-	-	-	-	-	-	-	-	tryferwn	tryferit	tryferai	tryferem	tryferech	tryferent	-	tryfera	-	-	-	-	-	-	tryferadwy
tryledu	-	-	-	-	-	-	-	-	-	-	-	-	-	-	-	-	e	-	-	-	-	-	-	-	-	-	-	-	tryledwn	tryledit	tryledai	tryledem	tryledech	tryledent	-	-	-	-	-	-	-	-	tryledadwy
trymhau	trymhaf	trymhi	-	trymhwn	trymhwch	trymhant	trymhir	-	-	-	-	-	-	-	trymhais	trymhaist	e	trymhasom	trymhasoch	trymhasant	trymhwyd	trymhaswn	trymhasit	trymhasai	trymhasem	trymhasech	trymhasent	trymhasid	trymhwn	trymhit	trymhai	trymhem	trymhech	trymhent	trymher	-	trymhed	trymhwn	trymhwch	trymhent	trymher	-	trymhadwy
trywanu	-	tryweni	trywana	-	-	-	trywenir	-	-	-	-	-	-	-	trywenais	trywenaist	e	-	-	-	-	-	-	-	-	-	-	-	trywanwn	trywanit	trywanai	trywanem	trywanech	trywanent	-	trywana	-	-	-	-	-	-	trywanadwy
tueddu	-	-	tuedda	-	-	-	-	-	-	-	-	-	-	-	-	-	e	-	-	-	-	-	-	-	-	-	-	-	tueddwn	tueddit	tueddai	tueddem	tueddech	tueddent	-	tuedda	-	-	-	-	-	-	tueddadwy
twcan	twcaf	-	-	-	-	-	-	-	-	-	-	-	-	-	-	-	-	-	-	-	-	-	-	-	-	-	-	-	-	-	-	-	-	-	-	-	-	-	-	-	-	-	-
twgu	-	-	-	-	-	-	-	-	-	-	-	-	-	-	-	-	e	-	-	-	-	-	-	-	-	-	-	-	-	-	-	-	-	-	-	twga	-	-	-	-	-	-	-
twlu	-	-	-	-	-	-	-	-	-	-	-	-	-	-	-	-	e	-	-	-	-	-	-	-	-	-	-	-	-	-	-	-	-	-	-	twla	-	-	-	-	-	-	-
twtio	-	-	-	-	-	-	-	-	-	-	-	-	-	-	-	-	e	-	-	-	-	-	-	-	-	-	-	-	twtiwn	twtiit	twtiai	twtiem	twtiech	twtient	-	-	-	-	-	-	-	-	twtiadwy
twymo	-	-	twyma	-	-	-	-	-	-	-	-	-	-	-	-	-	e	-	-	-	-	-	-	-	-	-	-	-	twymwn	twymit	twymai	twymem	twymech	twyment	-	twyma	-	-	-	-	-	-	twymadwy
tybio	-	tybi	tybia	-	-	-	tybir	-	tybit	-	-	-	-	tybid	-	-	-	-	-	-	-	-	-	-	-	-	-	-	-	tybiech	-	-	-	-	-	tybia	-	-	-	-	-	-	-
tyfu	-	-	-	-	-	-	-	-	-	-	-	-	-	-	-	-	e	-	-	-	-	-	-	-	-	-	-	-	tyfwn	tyfit	tyfai	tyfem	tyfech	tyfent	-	-	-	-	-	-	-	-	tyfadwy
tymheru	-	-	tymer	-	-	-	-	-	-	-	-	-	-	-	-	-	e	tymerasom	tymerasoch	tymerasant	-	tymeraswn	tymerasit	tymerasai	tymerasem	tymerasech	tymerasent	tymerasid	tymherwn	tymherit	tymherai	tymherem	tymherech	tymherent	-	tymhera	-	-	-	-	-	-	tymeradwy
tyngu	-	-	twng	-	-	-	-	-	-	-	-	-	-	-	-	-	e	-	-	-	-	-	-	-	-	-	-	-	tyngwn	tyngit	tyngai	tyngem	tyngech	tyngent	-	tynga	-	-	-	-	-	-	tyngadwy
tynhau	tynhaf	tynhei	-	-	tynhewch	tynhânt	tynheir	-	-	-	-	-	-	-	tynheais	tynheaist	e	tynhasom	tynhasoch	tynhasant	-	tynhaswn	tynhasit	tynhasai	tynhasem	tynhasech	tynhasent	tynhasid	tynhawn	tynhait	-	tynhaem	tynhaech	tynhaent	-	-	-	-	tynheuwch	-	-	-	-
tynnu	-	-	tyn	-	-	-	-	-	-	-	-	-	-	-	-	-	e	tynasom	tynasoch	tynasant	-	tynaswn	tynasit	tynasai	tynasem	tynasech	tynasent	tynasid	tynnwn	tynnit	tynnai	tynnem	tynnech	tynnent	-	tyn	-	-	-	-	-	-	tynadwy
tyrchu	-	-	-	-	-	-	-	-	-	-	-	-	-	-	-	-	e	-	-	-	-	-	-	-	-	-	-	-	tyrchwn	tyrchit	tyrchai	tyrchem	tyrchech	tyrchent	-	-	-	-	-	-	-	-	tyrchadwy
tyrru	-	-	twr	-	-	-	-	-	-	-	-	-	-	-	-	-	e	tyrasom	tyrasoch	tyrasant	-	tyraswn	tyrasit	tyrasai	tyrasem	tyrasech	tyrasent	tyrasid	tyrrwn	tyrrit	tyrrai	tyrrem	tyrrech	tyrrent	-	twr	-	-	-	-	-	-	tyradwy
tystio	-	tysti	tystia	-	-	-	tystir	-	tystit	-	-	-	-	tystid	-	-	e	-	-	-	-	-	-	-	-	-	-	-	-	tystiech	-	-	-	-	-	tystia	-	-	-	-	-	-	tystiadwy
tystiolaethu	-	-	tystiolaetha	-	-	-	-	-	-	-	-	-	-	-	-	-	e	-	-	-	-	-	-	-	-	-	-	-	tystiolaethwn	tystiolaethit	tystiolaethai	tystiolaethem	tystiolaethech	tystiolaethent	-	tystiolaetha	-	-	-	-	-	-	tystiolaethadwy
tywallt	-	-	-	-	-	-	-	-	-	-	-	-	-	-	-	-	e	-	-	-	-	-	-	-	-	-	-	-	tywalltwn	tywalltit	tywalltai	tywalltem	tywalltech	tywalltent	-	tywallta	-	-	-	-	-	-	tywalltadwy
tywyllu	-	-	-	-	-	-	-	-	-	-	-	-	-	-	-	-	e	-	-	-	-	-	-	-	-	-	-	-	tywyllwn	tywyllit	tywyllai	tywyllem	tywyllech	tywyllent	-	-	-	-	-	-	-	-	tywylladwy
tywynnu	-	-	tywynna	-	-	-	-	-	-	-	-	-	-	-	-	-	e	tywynasom	tywynasoch	tywynasant	-	tywynaswn	tywynasit	tywynasai	tywynasem	tywynasech	tywynasent	tywynasid	tywynnwn	tywynnit	tywynnai	tywynnem	tywynnech	tywynnent	-	tywynna	-	-	-	-	-	-	tywynadwy
uchafu	-	uchefi	uchafa	-	-	-	uchefir	-	-	-	-	-	-	-	uchefais	uchefaist	e	-	-	-	-	-	-	-	-	-	-	-	uchafwn	uchafit	uchafai	uchafem	uchafech	uchafent	-	uchafa	-	-	-	-	-	-	uchafadwy
uchelu	-	-	uchela	-	-	-	-	-	-	-	-	-	-	-	-	-	e	-	-	-	-	-	-	-	-	-	-	-	uchelwn	uchelit	uchelai	uchelem	uchelech	uchelent	-	uchela	-	-	-	-	-	-	ucheladwy
ufuddhau	ufuddhaf	ufuddhi	-	ufuddhwn	ufuddhwch	ufuddhant	ufuddhir	-	-	-	-	-	-	-	ufuddhais	ufuddhaist	e	ufuddhasom	ufuddhasoch	ufuddhasant	ufuddhwyd	ufuddhaswn	ufuddhasit	ufuddhasai	ufuddhasem	ufuddhasech	ufuddhasent	ufuddhasid	ufuddhwn	ufuddhit	ufuddhai	ufuddhem	ufuddhech	ufuddhent	ufuddher	-	ufuddhed	ufuddhwn	ufuddhwch	ufuddhent	ufuddher	-	ufuddhadwy
undeboli	undebaf	-	undebola	-	-	-	-	-	-	-	-	-	-	-	-	-	e	-	-	-	-	-	-	-	-	-	-	-	undebolwn	undebolit	undebolai	undebolem	undebolech	undebolent	-	undebola	-	-	-	-	-	-	undeboladwy
unioni	-	-	uniona	-	-	-	-	-	-	-	-	-	-	-	-	-	e	-	-	-	-	-	-	-	-	-	-	-	unionwn	unionit	unionai	unionem	unionech	unionent	-	uniona	-	-	-	-	-	-	unionadwy
uno	-	-	una	-	-	-	-	-	-	-	-	-	-	-	-	-	-	-	-	-	-	-	-	-	-	-	-	-	-	-	-	-	-	-	-	una	-	-	-	-	-	-	unedigunadwy
utganu	-	utgeni	-	-	-	-	utgenir	-	-	-	-	-	-	-	utgenais	utgenaist	e	-	-	-	-	-	-	-	-	-	-	-	utganwn	utganit	utganai	utganem	utganech	utganent	-	-	-	-	-	-	-	-	-
uwchraddio	-	uwchreddi	uwchraddia	-	-	-	uwchreddir	-	uwchreddit	-	-	-	-	uwchreddid	uwchreddiais	uwchreddiaist	e	-	-	-	-	-	-	-	-	-	-	-	-	uwchreddiech	-	-	-	-	-	uwchraddia	-	-	-	-	-	-	uwchraddiadwy
wafflo	-	-	waffla	-	-	-	-	-	-	-	-	-	-	-	-	-	e	-	-	-	-	-	-	-	-	-	-	-	wafflwn	wafflit	wafflai	wafflem	wafflech	wafflent	-	waffla	-	-	-	-	-	-	waffladwy
wylo	-	-	ŵyl	-	-	-	-	-	-	-	-	-	-	-	-	-	-	-	-	-	-	-	-	-	-	-	-	-	wylwn	wylit	wylai	wylem	wylech	wylent	-	ŵyl	-	-	-	-	-	-	-
wynebu	-	-	wyneba	-	-	-	-	-	-	-	-	-	-	-	-	-	e	-	-	-	-	-	-	-	-	-	-	-	wynebwn	wynebit	wynebai	wynebem	wynebech	wynebent	-	wyneba	-	-	-	-	-	-	wynebadwy
ychwanegu	-	-	ychwanega	-	-	-	-	-	-	-	-	-	-	-	-	-	e	-	-	-	-	-	-	-	-	-	-	-	ychwanegwn	ychwanegit	ychwanegai	ychwanegem	ychwanegech	ychwanegent	-	ychwanega	-	-	-	-	-	-	ychwanegadwy
yfed	yfaf	yfi	yf	yfwn	yfwch	yfant	yfir	yfwn	yfit	yfai	yfem	yfech	yfent	yfid	yfais	yfaist	yfodd	yfasom	yfasoch	yfasant	yfwyd	yfaswn	yfasit	yfasai	yfasem	yfasech	yfasent	yfasid	yfwyf	yfych	yfo	yfom	yfoch	yfont	yfer	yf	yfed	yfwn	yfwch	yfent	yfer	-	yfedigyfadwy
ymadael	ymadawaf	ymadewi	ymedy	ymadawn	ymadewch	ymadawant	ymadewir	ymadawn	ymadawit	ymadawai	ymadawem	ymadawech	ymadawent	ymadewid	ymadewais	ymadewaist	e	ymadawsom	ymadawsoch	ymadawsant	ymadawyd	ymadawswn	ymadawsit	ymadawsai	ymadawsem	ymadawsech	ymadawsent	ymadawsid	ymadawyf	ymadewych	ymadawo	ymadawom	ymadawoch	ymadawont	ymadawer	ymadawa	ymadawed	ymadawn	ymadawch	ymadawent	ymadawer	-	ymadawadwy
ymadaw	ymadawaf	-	-	-	-	-	-	-	-	-	-	-	-	-	-	-	-	-	-	-	-	-	-	-	-	-	-	-	-	-	-	-	-	-	-	-	-	-	-	-	-	-	-
ymado	ymadawaf	-	-	-	-	-	-	-	-	-	-	-	-	-	-	-	-	-	-	-	-	-	-	-	-	-	-	-	-	-	-	-	-	-	-	-	-	-	-	-	-	-	-
ymaelodi	-	-	-	-	-	-	-	-	-	-	-	-	-	-	-	-	e	-	-	-	-	-	-	-	-	-	-	-	-	-	-	-	-	-	-	ymaeloda	-	-	-	-	-	-	-
ymaflyd	ymaflaf	ymefli	ymeifl	ymaflwn	ymaflwch	ymaflant	ymeflir	-	-	-	-	-	-	-	ymeflais	ymeflaist	e	ymaflasom	ymaflasoch	ymaflasant	ymaflwyd	ymaflaswn	ymaflasit	ymaflasai	ymaflasem	ymaflasech	ymaflasent	ymaflasid	ymaflwn	ymaflit	ymaflai	ymaflem	ymaflech	ymaflent	ymafler	ymafla	ymafled	ymaflwn	ymaflwch	ymaflent	ymafler	-	ymafladwy
ymateb	-	-	-	-	-	-	-	-	-	-	-	-	-	-	-	-	e	-	-	-	-	-	-	-	-	-	-	-	ymatebwn	ymatebit	ymatebai	ymatebem	ymatebech	ymatebent	-	-	-	-	-	-	-	-	ymatebadwy
ymbaratoi	-	-	ymbaratoa	-	-	-	-	-	-	-	-	-	-	-	-	-	e	ymbaratosom	ymbaratosoch	ymbaratosant	-	ymbaratoswn	ymbaratosit	ymbaratosai	ymbaratosem	ymbaratosech	ymbaratosent	ymbaratosid	-	-	ymbaratô	ymbaratôm	ymbaratôch	ymbaratônt	-	ymbaratoa	-	-	-	-	-	-	-
ymbelydru	-	-	ymbelydra	-	-	-	-	-	-	-	-	-	-	-	-	-	e	-	-	-	-	-	-	-	-	-	-	-	ymbelydrwn	ymbelydrit	ymbelydrai	ymbelydrem	ymbelydrech	ymbelydrent	-	ymbelydra	-	-	-	-	-	-	ymbelydradwy
ymbil	ymbiliaf	-	-	-	-	-	-	-	-	-	-	-	-	-	-	-	-	-	-	-	-	-	-	-	-	-	-	-	-	-	-	-	-	-	-	-	-	-	-	-	-	-	-
ymchwilio	-	ymchwili	ymchwilia	-	-	-	ymchwilir	-	ymchwilit	-	-	-	-	ymchwilid	-	-	e	-	-	-	-	-	-	-	-	-	-	-	-	ymchwiliech	-	-	-	-	-	ymchwilia	-	-	-	-	-	-	ymchwiliadwy
ymddangos	-	-	ymddengys	-	-	-	-	-	-	-	-	-	-	-	-	-	e	-	-	-	-	-	-	-	-	-	-	-	ymddangoswn	ymddangosit	ymddangosai	ymddangosem	ymddangosech	ymddangosent	-	-	-	-	-	-	-	-	ymddangosadwy
ymddarostwng	ymddarostyngaf	ymostyngi	-	ymostyngwn	ymostyngwch	ymostyngant	ymostyngir	-	-	-	-	-	-	-	ymostyngais	ymostyngaist	e	ymostyngasom	ymostyngasoch	ymostyngasant	ymostyngwyd	ymostyngaswn	ymostyngasit	ymostyngasai	ymostyngasem	ymostyngasech	ymostyngasent	ymostyngasid	ymostyngwn	ymostyngit	ymostyngai	ymostyngem	ymostyngech	ymostyngent	ymostynger	-	ymostynged	ymostyngwn	ymddarostyngwch	ymostyngent	ymostynger	-	ymostyngadwy
ymddatod	-	-	ymddatoda	-	-	-	-	-	-	-	-	-	-	-	-	-	e	-	-	-	-	-	-	-	-	-	-	-	ymddatodwn	ymddatodit	ymddatodai	ymddatodem	ymddatodech	ymddatodent	-	ymddatoda	-	-	-	-	-	-	ymddatodadwy
ymddeol	-	-	-	-	-	-	-	-	-	-	-	-	-	-	-	-	e	-	-	-	-	-	-	-	-	-	-	-	ymddeolwn	ymddeolit	ymddeolai	ymddeolem	ymddeolech	ymddeolent	-	-	-	-	-	-	-	-	ymddeoladwy
ymddiddan	-	ymddiddeni	-	-	-	-	ymddiddenir	-	-	-	-	-	-	-	ymddiddenais	ymddiddenaist	e	-	-	-	-	-	-	-	-	-	-	-	ymddiddanwn	ymddiddanit	ymddiddanai	ymddiddanem	ymddiddanech	ymddiddanent	-	-	-	-	-	-	-	-	-
ymddiddori	-	-	ymddiddora	-	-	-	-	-	-	-	-	-	-	-	-	-	e	-	-	-	-	-	-	-	-	-	-	-	ymddiddorwn	ymddiddorit	ymddiddorai	ymddiddorem	ymddiddorech	ymddiddorent	-	ymddiddora	-	-	-	-	-	-	ymddiddoradwy
ymddiheuro	-	-	ymddiheura	-	-	-	-	-	-	-	-	-	-	-	-	-	e	-	-	-	-	-	-	-	-	-	-	-	ymddiheurwn	ymddiheurit	ymddiheurai	ymddiheurem	ymddiheurech	ymddiheurent	-	ymddiheura	-	-	-	-	-	-	ymddiheuradwy
ymddiried	-	-	-	-	-	-	-	-	-	-	-	-	-	-	-	-	e	-	-	-	-	-	-	-	-	-	-	-	ymddiriedwn	ymddiriedit	ymddiriedai	ymddiriedem	ymddiriedech	ymddiriedent	-	-	-	-	-	-	-	-	ymddiriedadwy
ymddiswyddo	-	-	ymddiswydda	-	-	-	-	-	-	-	-	-	-	-	-	-	e	-	-	-	-	-	-	-	-	-	-	-	ymddiswyddwn	ymddiswyddit	ymddiswyddai	ymddiswyddem	ymddiswyddech	ymddiswyddent	-	ymddiswydda	-	-	-	-	-	-	ymddiswyddadwy
ymddwyn	ymddygaf	ymddygi	ymddwg	ymddygwn	ymddygwch	ymddygant	ymddygir	ymddygwn	ymddygit	ymddygai	ymddygem	ymddygech	ymddygent	ymddygid	ymddygais	ymddygaist	ymddygodd	ymddygasom	ymddygasoch	ymddygasant	ymddygwyd	ymddygaswn	ymddygasit	ymddygasai	ymddygasem	ymddygasech	ymddygasent	ymddygasid	ymddygwyf	ymddygych	ymddygo	ymddygom	ymddygoch	ymddygont	ymddyger	ymddwg	ymddyged	ymddygwn	ymddygwch	ymddygent	ymddyger	-	ymddygedig
ymdecáu	ymdecâf	ymdecei	ymdecâ	ymdecawn	ymdecewch	ymdecânt	ymdeceir	-	-	-	-	-	-	-	ymdeceais	ymdeceaist	ymdecaodd	ymdecasom	ymdecasoch	ymdecasant	ymdecawyd	ymdecaswn	ymdecasit	ymdecasai	ymdecasem	ymdecasech	ymdecasent	ymdecasid	ymdecawn	ymdecait	ymdecao	ymdecaem	ymdecaech	ymdecaent	ymdecaer	ymdecâ	ymdecaed	ymdecawn	ymdecewch	ymdecaent	ymdecaer	-	ymdecadwy
ymdeimlo	-	-	ymdeimla	-	-	-	-	-	-	-	-	-	-	-	-	-	e	-	-	-	-	-	-	-	-	-	-	-	ymdeimlwn	ymdeimlit	ymdeimlai	ymdeimlem	ymdeimlech	ymdeimlent	-	ymdeimla	-	-	-	-	-	-	ymdeimladwy
ymdoddi	toddaf	-	ymdawdd	-	-	-	-	-	-	-	-	-	-	-	-	-	e	-	-	-	-	-	-	-	-	-	-	-	ymdoddwn	ymdoddit	ymdoddai	ymdoddem	ymdoddech	ymdoddent	-	ymdodda	-	-	-	-	-	-	ymdoddadwy
ymdopi	-	-	ymdopa	-	-	-	-	-	-	-	-	-	-	-	-	-	e	-	-	-	-	-	-	-	-	-	-	-	ymdopwn	ymdopit	ymdopai	ymdopem	ymdopech	ymdopent	-	ymdopa	-	-	-	-	-	-	-
ymdrafferthu	-	-	ymdraffertha	-	-	-	-	-	-	-	-	-	-	-	-	-	e	-	-	-	-	-	-	-	-	-	-	-	ymdrafferthwn	ymdrafferthit	ymdrafferthai	ymdrafferthem	ymdrafferthech	ymdrafferthent	-	ymdraffertha	-	-	-	-	-	-	ymdrafferthadwy
ymdrechu	-	-	ymdrecha	-	-	-	-	-	-	-	-	-	-	-	-	-	e	-	-	-	-	-	-	-	-	-	-	-	ymdrechwn	ymdrechit	ymdrechai	ymdrechem	ymdrechech	ymdrechent	-	ymdrecha	-	-	-	-	-	-	ymdrechadwy
ymdreiddio	-	ymdreiddi	ymdraidd	-	-	-	ymdreiddir	-	ymdreiddit	-	-	-	-	ymdreiddid	-	-	e	-	-	-	-	-	-	-	-	-	-	-	-	ymdreiddiech	-	-	-	-	-	ymdreiddia	-	-	-	-	-	-	ymdreiddiadwy
ymesgusodi	-	-	-	-	-	-	-	-	-	-	-	-	-	-	-	-	e	-	-	-	-	-	-	-	-	-	-	-	ymesgusodwn	ymesgusodit	ymesgusodai	ymesgusodem	ymesgusodech	ymesgusodent	-	-	-	-	-	-	-	-	ymesgusodadwy
ymestyn	ymestynnaf	ymestynni	-	ymestynnwn	ymestynnwch	ymestynnant	ymestynnir	-	-	-	-	-	-	-	ymestynnais	ymestynnaist	e	-	-	-	ymestynnwyd	-	-	-	-	-	-	-	ymestynnwn	ymestynnit	ymestynnai	ymestynnem	ymestynnech	ymestynnent	ymestynner	-	ymestynned	ymestynnwn	ymestynnwch	ymestynnent	ymestynner	-	ymestynadwy
ymffrostio	-	ymffrosti	ymffrostia	-	-	-	ymffrostir	-	ymffrostit	-	-	-	-	ymffrostid	-	-	e	-	-	-	-	-	-	-	-	-	-	-	-	ymffrostiech	-	-	-	-	-	ymffrostia	-	-	-	-	-	-	ymffrostiadwy
ymfudo	-	-	ymfuda	-	-	-	-	-	-	-	-	-	-	-	-	-	e	-	-	-	-	-	-	-	-	-	-	-	ymfudwn	ymfudit	ymfudai	ymfudem	ymfudech	ymfudent	-	ymfuda	-	-	-	-	-	-	ymfudadwy
ymgeisio	-	ymgeisi	ymgeisia	-	-	-	ymgeisir	-	ymgeisit	-	-	-	-	ymgeisid	-	-	e	-	-	-	-	-	-	-	-	-	-	-	-	ymgeisiech	-	-	-	-	-	ymgeisia	-	-	-	-	-	-	ymgeisiadwy
ymgolli	-	-	ymgolla	-	-	-	-	-	-	-	-	-	-	-	-	-	e	-	-	-	-	-	-	-	-	-	-	-	ymgollwn	ymgollit	ymgollai	ymgollem	ymgollech	ymgollent	-	ymgolla	-	-	-	-	-	-	ymgolladwy
ymgorffori	-	-	ymgorffora	-	-	-	-	-	-	-	-	-	-	-	-	-	e	-	-	-	-	-	-	-	-	-	-	-	ymgorfforwn	ymgorfforit	ymgorfforai	ymgorfforem	ymgorfforech	ymgorfforent	-	ymgorffora	-	-	-	-	-	-	ymgorfforadwy
ymgrymu	-	-	ymgryma	-	-	-	-	-	-	-	-	-	-	-	-	-	e	-	-	-	-	-	-	-	-	-	-	-	ymgrymwn	ymgrymit	ymgrymai	ymgrymem	ymgrymech	ymgryment	-	ymgryma	-	-	-	-	-	-	ymgrymadwy
ymgyfnewid	ymgyfnewidiaf	-	-	-	-	-	-	-	-	-	-	-	-	-	-	-	-	-	-	-	-	-	-	-	-	-	-	-	-	-	-	-	-	-	-	-	-	-	-	-	-	-	-
ymgymryd	ymgymeraf	ymgymeri	ymgymer	ymgymerwn	ymgymerwch	ymgymerant	ymgymerir	-	-	-	-	-	-	-	ymgymerais	ymgymeraist	e	ymgymerasom	ymgymerasoch	ymgymerasant	ymgymerwyd	ymgymeraswn	ymgymerasit	ymgymerasai	ymgymerasem	ymgymerasech	ymgymerasent	ymgymerasid	ymgymerwn	ymgymerit	ymgymerai	ymgymerem	ymgymerech	ymgymerent	ymgymerer	ymgymer	ymgymered	ymgymerwn	ymgymerwch	ymgymerent	ymgymerer	-	ymgymeradwy
ymgynghori	-	-	ymgynghora	-	-	-	-	-	-	-	-	-	-	-	-	-	e	-	-	-	-	-	-	-	-	-	-	-	ymgynghorwn	ymgynghorit	ymgynghorai	ymgynghorem	ymgynghorech	ymgynghorent	-	ymgynghora	-	-	-	-	-	-	ymgynghoradwy
ymgynnull	ymgynullaf	ymgynulli	ymgynulla	ymgynullwn	ymgynullwch	ymgynullant	ymgynullir	-	-	-	-	-	-	-	ymgynullais	ymgynullaist	e	ymgynullasom	ymgynullasoch	ymgynullasant	ymgynullwyd	ymgynullaswn	ymgynullasit	ymgynullasai	ymgynullasem	ymgynullasech	ymgynullasent	ymgynullasid	ymgynullwn	ymgynullit	ymgynullai	ymgynullem	ymgynullech	ymgynullent	ymgynuller	ymgynulla	ymgynulled	ymgynullwn	ymgynullwch	ymgynullent	ymgynuller	-	ymgynulladwy
ymgyrchu	-	-	ymgyrcha	-	-	-	-	-	-	-	-	-	-	-	-	-	e	-	-	-	-	-	-	-	-	-	-	-	ymgyrchwn	ymgyrchit	ymgyrchai	ymgyrchem	ymgyrchech	ymgyrchent	-	ymgyrcha	-	-	-	-	-	-	ymgyrchadwy
ymgysylltu	-	-	ymgysyllta	-	-	-	-	-	-	-	-	-	-	-	-	-	e	-	-	-	-	-	-	-	-	-	-	-	ymgysylltwn	ymgysylltit	ymgysylltai	ymgysylltem	ymgysylltech	ymgysylltent	-	ymgysyllta	-	-	-	-	-	-	ymgysylltadwy
ymhoelyd	ymhoelaf	ymhoeli	ymhoel	ymhoelwn	ymhoelwch	ymhoelant	ymhoelir	-	-	-	-	-	-	-	ymhoelais	ymhoelaist	e	ymhoelasom	ymhoelasoch	ymhoelasant	ymhoelwyd	ymhoelaswn	ymhoelasit	ymhoelasai	ymhoelasem	ymhoelasech	ymhoelasent	ymhoelasid	ymhoelwn	ymhoelit	ymhoelai	ymhoelem	ymhoelech	ymhoelent	ymhoeler	ymhoel	ymhoeled	ymhoelwn	ymhoelwch	ymhoelent	ymhoeler	-	ymhoeladwy
ymholi	-	-	ymhola	-	-	-	-	-	-	-	-	-	-	-	-	-	e	-	-	-	-	-	-	-	-	-	-	-	ymholwn	ymholit	ymholai	ymholem	ymholech	ymholent	-	ymhola	-	-	-	-	-	-	ymholadwy
ymhonni	-	-	ymhonna	-	-	-	-	-	-	-	-	-	-	-	-	-	e	ymhonasom	ymhonasoch	ymhonasant	-	ymhonaswn	ymhonasit	ymhonasai	ymhonasem	ymhonasech	ymhonasent	ymhonasid	ymhonnwn	ymhonnit	ymhonnai	ymhonnem	ymhonnech	ymhonnent	-	ymhonna	-	-	-	-	-	-	ymhonadwy
ymlacio	-	ymlaci	ymlacia	-	-	-	ymlacir	-	ymlacit	-	-	-	-	ymlacid	-	-	-	-	-	-	-	-	-	-	-	-	-	-	-	ymlaciech	-	-	-	-	-	ymlacia	-	-	-	-	-	-	-
ymladd	-	ymleddi	-	-	-	-	ymleddir	-	-	-	-	-	-	-	ymleddais	ymleddaist	e	-	-	-	-	-	-	-	-	-	-	-	ymladdwn	ymladdit	ymladdai	ymladdem	ymladdech	ymladdent	-	-	-	-	-	-	-	-	ymladdadwy
ymlynu	-	-	ymlyna	-	-	-	-	-	-	-	-	-	-	-	-	-	e	-	-	-	-	-	-	-	-	-	-	-	ymlynwn	ymlynit	ymlynai	ymlynem	ymlynech	ymlynent	-	ymlyna	-	-	-	-	-	-	ymlynadwy
ymnesáu	ymnesâf	ymnesei	ymnesâ	ymnesawn	ymnesewch	ymnesânt	ymneseir	-	-	-	-	-	-	-	ymneseais	ymneseaist	ymnesaodd	ymnesasom	ymnesasoch	ymnesasant	ymnesawyd	ymnesaswn	ymnesasit	ymnesasai	ymnesasem	ymnesasech	ymnesasent	ymnesasid	ymnesawn	ymnesait	ymnesao	ymnesaem	ymnesaech	ymnesaent	ymnesaer	ymnesâ	ymnesaed	ymnesawn	ymnesewch	ymnesaent	ymnesaer	-	ymnesadwy
ymochel	-	-	-	-	-	-	-	-	-	-	-	-	-	-	-	-	e	-	-	-	-	-	-	-	-	-	-	-	ymochelwn	ymochelit	ymochelai	ymochelem	ymochelech	ymochelent	-	-	-	-	-	-	-	-	ymocheladwy
ymodi	-	-	ymoda	-	-	-	-	-	-	-	-	-	-	-	-	-	e	-	-	-	-	-	-	-	-	-	-	-	ymodwn	ymodit	ymodai	ymodem	ymodech	ymodent	-	ymoda	-	-	-	-	-	-	ymodadwy
ymofyn	ymofynnaf	-	-	-	-	-	-	-	-	-	-	-	-	-	-	-	-	-	-	-	-	-	-	-	-	-	-	-	-	-	-	-	-	-	-	-	-	-	-	-	-	-	-
ymollwng	ymollyngaf	ymollyngi	-	ymollyngwn	ymollyngwch	ymollyngant	ymollyngir	-	-	-	-	-	-	-	ymollyngais	ymollyngaist	e	ymollyngasom	ymollyngasoch	ymollyngasant	ymollyngwyd	ymollyngaswn	ymollyngasit	ymollyngasai	ymollyngasem	ymollyngasech	ymollyngasent	ymollyngasid	ymollyngwn	ymollyngit	ymollyngai	ymollyngem	ymollyngech	ymollyngent	ymollynger	-	ymollynged	ymollyngwn	ymollyngwch	ymollyngent	ymollynger	-	ymollyngadwy
ymosod	-	-	ymesyd	-	-	-	-	-	-	-	-	-	-	-	-	-	e	-	-	-	-	-	-	-	-	-	-	-	ymosodwn	ymosodit	ymosodai	ymosodem	ymosodech	ymosodent	-	-	-	-	-	-	-	-	-
ymostwng	ymostyngaf	ymostyngi	-	ymostyngwn	ymostyngwch	ymostyngant	ymostyngir	-	-	-	-	-	-	-	ymostyngais	ymostyngaist	e	ymostyngasom	ymostyngasoch	ymostyngasant	ymostyngwyd	ymostyngaswn	ymostyngasit	ymostyngasai	ymostyngasem	ymostyngasech	ymostyngasent	ymostyngasid	ymostyngwn	ymostyngit	ymostyngai	ymostyngem	ymostyngech	ymostyngent	ymostynger	-	ymostynged	ymostyngwn	ymostyngwch	ymostyngent	ymostynger	-	ymostyngadwy
ymrafael	ymrafaeliaf	-	ymrafaelia	ymrafaeliwn	ymrafaeliwch	ymrafaeliant	-	ymrafaeliwn	-	ymrafaeliai	ymrafaeliem	ymrafaeliech	ymrafaelient	-	ymrafaeliais	ymrafaeliaist	e	ymrafaeliasom	ymrafaeliasoch	ymrafaeliasant	ymrafaeliwyd	ymrafaeliaswn	ymrafaeliasit	ymrafaeliasai	ymrafaeliasem	ymrafaeliasech	ymrafaeliasent	ymrafaeliasid	ymrafaeliwyf	ymrafaeliech	ymrafaelio	ymrafaeliom	ymrafaelioch	ymrafaeliont	ymrafaelier	ymrafaelia	ymrafaelied	ymrafaeliwn	ymrafaeliwch	ymrafaelient	ymrafaelier	-	ymrafaeliadwy
ymrannu	-	ymrenni	ymranna	-	-	-	ymrennir	-	-	-	-	-	-	-	ymrennais	ymrennaist	e	ymranasom	ymranasoch	ymranasant	-	ymranaswn	ymranasit	ymranasai	ymranasem	ymranasech	ymranasent	ymranasid	ymrannwn	ymrannit	ymrannai	ymrannem	ymrannech	ymrannent	-	ymranna	-	-	-	-	-	-	ymranadwy
ymroddi	-	-	ymrydd	-	-	-	-	-	-	-	-	-	-	-	-	-	-	-	-	-	-	-	-	-	-	-	-	-	ymroddwn	ymroddit	ymroddai	ymroddem	ymroddech	ymroddent	-	ymro	-	-	-	-	-	-	ymroddadwy
ymroi	ymroddaf	-	-	-	-	-	-	-	-	-	-	-	-	-	-	-	-	-	-	-	-	-	-	-	-	-	-	-	-	-	-	-	-	-	-	-	-	-	-	-	-	-	-
ymrwymo	-	-	ymrwyma	-	-	-	-	-	-	-	-	-	-	-	-	-	e	-	-	-	-	-	-	-	-	-	-	-	ymrwymwn	ymrwymit	ymrwymai	ymrwymem	ymrwymech	ymrwyment	-	ymrwyma	-	-	-	-	-	-	ymrwymadwy
ymryson	-	-	ymrysona	-	-	-	-	-	-	-	-	-	-	-	-	-	e	-	-	-	-	-	-	-	-	-	-	-	ymrysonwn	ymrysonit	ymrysonai	ymrysonem	ymrysonech	ymrysonent	-	ymrysona	-	-	-	-	-	-	ymrysonadwy
ymuno	-	-	ymuna	-	-	-	-	-	-	-	-	-	-	-	-	-	-	-	-	-	-	-	-	-	-	-	-	-	-	-	-	-	-	-	-	ymuna	-	-	-	-	-	-	-
ymwacáu	ymwacâf	ymwacei	ymwacâ	ymwacawn	ymwacewch	ymwacânt	ymwaceir	-	-	-	-	-	-	-	ymwaceais	ymwaceaist	ymwacaodd	ymwacasom	ymwacasoch	ymwacasant	ymwacawyd	ymwacaswn	ymwacasit	ymwacasai	ymwacasem	ymwacasech	ymwacasent	ymwacasid	ymwacawn	ymwacait	ymwacao	ymwacaem	ymwacaech	ymwacaent	ymwacaer	ymwacâ	ymwacaed	ymwacawn	ymwacewch	ymwacaent	ymwacaer	-	ymwacadwy
ymweld	ymwelaf	ymweli	ymwêl	ymwelwn	ymwelwch	ymwelant	ymwelir	ymwelwn	ymwelit	ymwelai	ymwelem	ymwelech	ymwelent	ymwelid	ymwelais	ymwelaist	ymwelodd	ymwelasom	ymwelasoch	ymwelasant	ymwelwyd	ymwelaswn	ymwelasit	ymwelasai	ymwelasem	ymwelasech	ymwelasent	ymwelasid	ymwelwyf	ymwelych	ymwelo	ymwelom	ymweloch	ymwelont	ymweler	ymwêl	ymweled	ymwelwn	ymwelwch	ymwelent	ymweler	-	ymweledig
ymwneud	ymwnaf	-	-	-	-	-	-	-	-	-	-	-	-	-	-	-	-	-	-	-	-	-	-	-	-	-	-	-	-	-	-	-	-	-	-	-	-	-	-	-	-	-	-
ymwrthod	-	-	ymwrthoda	-	-	-	-	-	-	-	-	-	-	-	-	-	e	-	-	-	-	-	-	-	-	-	-	-	ymwrthodwn	ymwrthodit	ymwrthodai	ymwrthodem	ymwrthodech	ymwrthodent	-	ymwrthoda	-	-	-	-	-	-	ymwrthodadwy
ymwybod	ymwybyddaf	-	-	-	-	-	-	-	-	-	-	-	-	-	-	-	-	-	-	-	-	-	-	-	-	-	-	-	-	-	-	-	-	-	-	-	-	-	-	-	-	-	-
ymyrryd	ymyrraf	ymyrri	ymyrra	ymyrrwn	ymyrrwch	ymyrrant	ymyrrir	-	-	-	-	-	-	-	ymyrrais	ymyrraist	e	ymyrasom	ymyrasoch	ymyrasant	ymyrrwyd	ymyraswn	ymyrasit	ymyrasai	ymyrasem	ymyrasech	ymyrasent	ymyrasid	ymyrrwn	ymyrrit	ymyrrai	ymyrrem	ymyrrech	ymyrrent	ymyrrer	ymyrra	ymyrred	ymyrrwn	ymyrrwch	ymyrrent	ymyrrer	-	-
ynganu	-	yngeni	-	-	-	-	yngenir	-	-	-	-	-	-	-	yngenais	yngenaist	e	-	-	-	-	-	-	-	-	-	-	-	ynganwn	ynganit	ynganai	ynganem	ynganech	ynganent	-	yngana	-	-	-	-	-	-	ynganadwy
ynysu	-	-	ynysa	-	-	-	-	-	-	-	-	-	-	-	-	-	e	-	-	-	-	-	-	-	-	-	-	-	ynyswn	ynysit	ynysai	ynysem	ynysech	ynysent	-	ynysa	-	-	-	-	-	-	ynysadwy
ysbaddu	-	ysbeddi	ysbadda	-	-	-	ysbeddir	-	-	-	-	-	-	-	ysbeddais	ysbeddaist	e	-	-	-	-	-	-	-	-	-	-	-	ysbaddwn	ysbaddit	ysbaddai	ysbaddem	ysbaddech	ysbaddent	-	ysbadda	-	-	-	-	-	-	ysbaddadwy
ysboncio	-	ysbonci	ysboncia	-	-	-	ysboncir	-	ysboncit	-	-	-	-	ysboncid	-	-	e	-	-	-	-	-	-	-	-	-	-	-	-	ysbonciech	-	-	-	-	-	ysboncia	-	-	-	-	-	-	ysbonciadwy
ysbrydoli	-	-	ysbrydola	-	-	-	-	-	-	-	-	-	-	-	-	-	-	-	-	-	-	-	-	-	-	-	-	-	-	-	-	-	-	-	-	ysbrydola	-	-	-	-	-	-	-
ysbïo	ysbiaf	ysbii	ysbia	ysbiwn	ysbiwch	ysbiant	ysbiir	ysbiwn	ysbiit	ysbiai	ysbiem	ysbiech	ysbient	ysbiid	ysbiais	ysbiaist	e	ysbiasom	ysbiasoch	ysbiasant	ysbiwyd	ysbiaswn	ysbiasit	ysbiasai	ysbiasem	ysbiasech	ysbiasent	ysbiasid	ysbiwyf	ysbiech	ysbio	ysbiom	ysbioch	ysbiont	ysbier	ysbia	ysbied	ysbiwn	ysbiwch	ysbient	ysbier	-	ysbiadwy
ysgafnhau	ysgafnhaf	ysgafnhi	-	ysgafnhwn	ysgafnhwch	ysgafnhant	ysgafnhir	-	-	-	-	-	-	-	ysgafnhais	ysgafnhaist	e	ysgafnhasom	ysgafnhasoch	ysgafnhasant	ysgafnhwyd	ysgafnhaswn	ysgafnhasit	ysgafnhasai	ysgafnhasem	ysgafnhasech	ysgafnhasent	ysgafnhasid	ysgafnhwn	ysgafnhit	ysgafnhai	ysgafnhem	ysgafnhech	ysgafnhent	ysgafnher	-	ysgafnhed	ysgafnhwn	ysgafnhwch	ysgafnhent	ysgafnher	-	ysgafnhadwy
ysgarthu	-	-	-	-	-	-	-	-	-	-	-	-	-	-	-	-	e	-	-	-	-	-	-	-	-	-	-	-	ysgarthwn	ysgarthit	ysgarthai	ysgarthem	ysgarthech	ysgarthent	-	-	-	-	-	-	-	-	ysgarthadwy
ysgaru	-	ysgeri	ysgara	-	-	-	ysgerir	-	-	-	-	-	-	-	ysgerais	ysgeraist	e	-	-	-	-	-	-	-	-	-	-	-	ysgarwn	ysgarit	ysgarai	ysgarem	ysgarech	ysgarent	-	ysgara	-	-	-	-	-	-	ysgaradwy
ysglyf	ysglyfiaf	-	-	-	-	-	-	-	-	-	-	-	-	-	-	-	-	-	-	-	-	-	-	-	-	-	-	-	-	-	-	-	-	-	-	-	-	-	-	-	-	-	-
ysgrifennu	-	-	ysgrifenna	-	-	-	-	-	-	-	-	-	-	-	-	-	-	ysgrifenasom	ysgrifenasoch	ysgrifenasant	-	ysgrifenaswn	ysgrifenasit	ysgrifenasai	ysgrifenasem	ysgrifenasech	ysgrifenasent	ysgrifenasid	-	-	-	-	-	-	-	ysgrifenna	-	-	-	-	-	-	ysgrifenedig
ysgubo	-	-	ysguba	-	-	-	-	-	-	-	-	-	-	-	-	-	e	-	-	-	-	-	-	-	-	-	-	-	ysgubwn	ysgubit	ysgubai	ysgubem	ysgubech	ysgubent	-	ysguba	-	-	-	-	-	-	ysgubadwy
ysgwyd	-	ysgydwi	-	ysgydwn	ysgydwch	ysgydwant	ysgydwir	ysgydwn	ysgydwit	ysgydwai	ysgydwem	ysgydwech	ysgydwent	ysgydwid	ysgydwais	ysgydwaist	e	ysgydwasom	ysgydwasoch	ysgydwasant	ysgydwyd	ysgydwaswn	ysgydwasit	ysgydwasai	ysgydwasem	ysgydwasech	ysgydwasent	ysgydwasid	ysgydwyf	ysgydwych	ysgydwo	ysgydwom	ysgydwoch	ysgydwont	ysgydwer	-	ysgydwed	ysgydwn	ysgydwch	ysgydwent	ysgydwer	-	ysgydwedig
ysmygu	-	-	ysmyga	-	-	-	-	-	-	-	-	-	-	-	-	-	-	-	-	-	-	-	-	-	-	-	-	-	-	-	-	-	-	-	-	ysmyga	-	-	-	-	-	-	-
ystyr	ystyriaf	-	ystyria	ystyriwn	ystyriwch	ystyriant	-	ystyriwn	-	ystyriai	ystyriem	ystyriech	ystyrient	-	ystyriais	ystyriaist	e	ystyriasom	ystyriasoch	ystyriasant	ystyriwyd	ystyriaswn	ystyriasit	ystyriasai	ystyriasem	ystyriasech	ystyriasent	ystyriasid	ystyriwyf	ystyriech	ystyrio	ystyriom	ystyrioch	ystyriont	ystyrier	ystyria	ystyried	ystyriwn	ystyriwch	ystyrient	ystyrier	-	ystyriedig
ystyried	ystyriaf	ystyri	ystyria	ystyriwn	ystyriwch	ystyriant	ystyrir	ystyriwn	ystyrit	ystyriai	ystyriem	ystyriech	ystyrient	ystyrid	ystyriais	ystyriaist	ystyriodd	ystyriasom	ystyriasoch	ystyriasant	ystyriwyd	ystyriaswn	ystyriasit	ystyriasai	ystyriasem	ystyriasech	ystyriasent	ystyriasid	ystyriwyf	ystyriech	ystyrio	ystyriom	ystyrioch	ystyriont	ystyrier	ystyria	ystyried	ystyriwn	ystyriwch	ystyrient	ystyrier	-	ystyriedig
ysu	-	-	ysa	-	-	-	-	-	-	-	-	-	-	-	-	-	-	-	-	-	-	-	-	-	-	-	-	-	-	-	-	-	-	-	-	ysa	-	-	-	-	-	-	ysedigysadwy
yswirio	-	yswiri	yswiria	-	-	-	yswirir	-	yswirit	-	-	-	-	yswirid	-	-	e	-	-	-	-	-	-	-	-	-	-	-	-	yswiriech	-	-	-	-	-	yswiria	-	-	-	-	-	-	yswiriadwy
yta	-	-	yta	-	-	-	-	-	-	-	-	-	-	-	-	-	e	-	-	-	-	-	-	-	-	-	-	-	ytwn	ytit	ytai	ytem	ytech	ytent	-	yta	-	-	-	-	-	-	ytadwy
ïoneiddio	ïoneiddaf	ïoneiddi	ïoneidda	ïoneiddwn	ïoneiddwch	ïoneiddant	ïoneiddir	-	-	-	-	-	-	-	ïoneiddais	ïoneiddaist	e	ïoneiddasom	ïoneiddasoch	ïoneiddasant	ïoneiddwyd	ïoneiddaswn	ïoneiddasit	ïoneiddasai	ïoneiddasem	ïoneiddasech	ïoneiddasent	ïoneiddasid	ïoneiddwn	ïoneiddit	ïoneiddai	ïoneiddem	ïoneiddech	ïoneiddent	ïoneidder	ïoneidda	ïoneidded	ïoneiddwn	ïoneiddwch	ïoneiddent	ïoneidder	-	ïoneiddadwy
ôl-ddodi	-	-	ôl-ddoda	-	-	-	-	-	-	-	-	-	-	-	-	-	e	-	-	-	-	-	-	-	-	-	-	-	ôl-ddodwn	ôl-ddodit	ôl-ddodai	ôl-ddodem	ôl-ddodech	ôl-ddodent	-	ôl-ddoda	-	-	-	-	-	-	ôl-ddodadwy
ôl-ddyddio	-	ôl-ddyddi	ôl-ddyddia	-	-	-	ôl-ddyddir	-	ôl-ddyddit	-	-	-	-	ôl-ddyddid	-	-	e	-	-	-	-	-	-	-	-	-	-	-	-	ôl-ddyddiech	-	-	-	-	-	ôl-ddyddia	-	-	-	-	-	-	ôl-ddyddiadwy
